request_id,global_flow_id,size_bytes,arrival_cycle,admitted_cycle,completed_cycle,admission_delay_cycles,sojourn_cycles
1,1,48,0,1,24,1,24
2,2,48,3,4,27,1,24
3,3,48,5,6,30,1,25
6,6,48,14,15,33,1,19
4,4,48,8,9,36,1,28
7,7,48,16,18,39,2,23
5,5,48,11,13,42,2,31
9,9,48,22,23,45,1,23
8,8,48,19,20,48,1,29
12,12,48,30,32,51,2,21
10,10,48,25,26,54,1,29
13,13,48,33,35,57,2,24
11,11,48,27,29,60,2,33
15,15,48,38,39,63,1,25
14,14,48,35,36,66,1,31
18,18,48,46,48,69,2,23
16,16,48,41,43,72,2,31
19,19,48,49,50,75,1,26
17,17,48,44,45,78,1,34
21,21,48,55,56,81,1,26
20,20,48,52,53,84,1,32
24,24,48,63,65,87,2,24
22,22,48,57,59,90,2,33
25,25,48,65,66,93,1,28
23,23,48,60,62,96,2,36
27,27,48,71,73,99,2,28
26,26,48,68,69,102,1,34
30,30,48,79,80,105,1,26
31,31,48,82,83,108,1,26
28,28,48,74,75,111,1,37
33,33,48,87,89,114,2,27
29,29,48,76,78,117,2,41
32,32,48,85,86,120,1,35
36,36,48,95,96,123,1,28
34,34,48,90,92,126,2,36
37,37,48,98,99,129,1,31
35,35,48,93,95,132,2,39
39,39,48,104,105,135,1,31
42,42,48,112,113,138,1,26
38,38,48,101,103,141,2,40
43,43,48,115,116,144,1,29
40,40,48,106,108,147,2,41
41,41,48,109,110,150,1,41
45,45,48,120,122,153,2,33
48,48,48,128,129,156,1,28
44,44,48,117,119,159,2,42
49,49,48,131,133,162,2,31
46,46,48,123,125,165,2,42
47,47,48,125,126,168,1,43
51,51,48,136,138,171,2,35
54,54,48,145,146,174,1,29
50,50,48,134,135,177,1,43
55,55,48,147,149,180,2,33
52,52,48,139,140,183,1,44
53,53,48,142,143,186,1,44
57,57,48,153,155,189,2,36
60,60,48,161,163,192,2,31
56,56,48,150,152,195,2,45
61,61,48,164,165,198,1,34
63,63,48,169,170,201,1,32
65,1,48,175,176,204,1,29
58,58,48,155,156,207,1,52
59,59,48,158,159,210,1,52
66,2,48,178,179,213,1,35
67,3,48,180,182,216,2,36
62,62,48,166,168,219,2,53
64,64,48,172,173,222,1,50
70,6,48,189,191,225,2,36
71,7,48,191,192,228,1,37
68,4,48,183,185,231,2,48
73,9,48,197,199,234,2,37
76,12,48,205,206,237,1,32
69,5,48,186,188,240,2,54
72,8,48,194,195,243,1,49
77,13,48,208,209,246,1,38
79,15,48,213,215,249,2,36
74,10,48,200,201,252,1,52
75,11,48,202,204,255,2,53
82,18,48,221,222,258,1,37
83,19,48,224,225,261,1,37
78,14,48,210,212,264,2,54
80,16,48,216,218,267,2,51
85,21,48,230,231,270,1,40
88,24,48,238,239,273,1,35
81,17,48,219,221,276,2,57
84,20,48,227,229,279,2,52
89,25,48,240,242,282,2,42
91,27,48,246,248,285,2,39
86,22,48,232,234,288,2,56
87,23,48,235,236,291,1,56
94,30,48,254,255,294,1,40
95,31,48,257,259,297,2,40
90,26,48,243,245,300,2,57
92,28,48,249,251,303,2,54
97,33,48,262,264,306,2,44
100,36,48,270,272,309,2,39
101,37,48,273,275,312,2,39
93,29,48,251,252,315,1,64
96,32,48,260,261,318,1,58
103,39,48,279,281,321,2,42
106,42,48,287,289,324,2,37
98,34,48,265,266,327,1,62
99,35,48,268,269,330,1,62
102,38,48,276,278,333,2,57
107,43,48,290,291,336,1,46
109,45,48,295,296,339,1,44
112,48,48,303,305,342,2,39
104,40,48,281,282,345,1,64
105,41,48,284,285,348,1,64
113,49,48,306,308,351,2,45
115,51,48,311,312,354,1,43
108,44,48,292,294,357,2,65
110,46,48,298,299,360,1,62
111,47,48,300,302,363,2,63
118,54,48,320,321,366,1,46
119,55,48,322,324,369,2,47
121,57,48,328,329,372,1,44
114,50,48,309,311,375,2,66
116,52,48,314,315,378,1,64
124,60,48,336,338,381,2,45
125,61,48,339,341,384,2,45
129,1,48,349,350,387,1,38
117,53,48,317,319,390,2,73
120,56,48,325,326,393,1,68
122,58,48,330,332,396,2,66
127,63,48,344,345,399,1,55
130,2,48,352,353,402,1,50
131,3,48,354,356,405,2,51
134,6,48,363,365,408,2,45
123,59,48,333,335,411,2,78
126,62,48,341,342,414,1,73
135,7,48,365,366,417,1,52
137,9,48,371,373,420,2,49
128,64,48,347,349,423,2,76
132,4,48,357,359,426,2,69
133,5,48,360,362,429,2,69
140,12,48,379,380,432,1,53
141,13,48,382,383,435,1,53
143,15,48,387,389,438,2,51
146,18,48,395,396,441,1,46
136,8,48,368,369,444,1,76
138,10,48,374,375,447,1,73
147,19,48,398,399,450,1,52
149,21,48,404,405,453,1,49
152,24,48,412,413,456,1,44
139,11,48,376,378,459,2,83
142,14,48,384,386,462,2,78
144,16,48,390,392,465,2,75
145,17,48,393,395,468,2,75
153,25,48,414,416,471,2,57
155,27,48,420,422,474,2,54
158,30,48,428,429,477,1,49
148,20,48,401,403,480,2,79
150,22,48,406,408,483,2,77
151,23,48,409,410,486,1,77
159,31,48,431,433,489,2,58
161,33,48,436,438,492,2,56
164,36,48,444,446,495,2,51
154,26,48,417,419,498,2,81
156,28,48,423,425,501,2,78
157,29,48,425,426,504,1,79
165,37,48,447,449,507,2,60
167,39,48,453,455,510,2,57
170,42,48,461,463,513,2,52
171,43,48,464,465,516,1,52
160,32,48,434,435,519,1,85
162,34,48,439,440,522,1,83
163,35,48,442,443,525,1,83
173,45,48,469,470,528,1,59
176,48,48,477,479,531,2,54
177,49,48,480,482,534,2,54
166,38,48,450,452,537,2,87
168,40,48,455,456,540,1,85
169,41,48,458,459,543,1,85
172,44,48,466,468,546,2,80
179,51,48,485,486,549,1,64
182,54,48,494,495,552,1,58
183,55,48,496,498,555,2,59
185,57,48,502,503,558,1,56
174,46,48,472,473,561,1,89
175,47,48,474,476,564,2,90
178,50,48,483,485,567,2,84
188,60,48,510,512,570,2,60
189,61,48,513,515,573,2,60
191,63,48,518,519,576,1,58
193,1,48,524,525,579,1,55
180,52,48,488,489,582,1,94
181,53,48,491,493,585,2,94
184,56,48,499,500,588,1,89
186,58,48,504,506,591,2,87
194,2,48,527,529,594,2,67
195,3,48,529,530,597,1,68
198,6,48,538,539,600,1,62
199,7,48,540,542,603,2,63
201,9,48,546,548,606,2,60
187,59,48,507,509,609,2,102
190,62,48,515,516,612,1,97
192,64,48,521,523,615,2,94
204,12,48,554,555,618,1,64
205,13,48,557,559,621,2,64
207,15,48,562,563,624,1,62
210,18,48,570,572,627,2,57
196,4,48,532,533,630,1,98
197,5,48,535,536,633,1,98
200,8,48,543,545,636,2,93
202,10,48,549,551,639,2,90
211,19,48,573,575,642,2,69
213,21,48,579,581,645,2,66
216,24,48,587,589,648,2,61
217,25,48,589,590,651,1,62
219,27,48,595,596,654,1,59
203,11,48,551,552,657,1,106
206,14,48,559,560,660,1,101
208,16,48,565,566,663,1,98
209,17,48,568,569,666,1,98
222,30,48,603,605,669,2,66
223,31,48,606,608,672,2,66
225,33,48,611,612,675,1,64
212,20,48,576,578,678,2,102
214,22,48,581,582,681,1,100
215,23,48,584,585,684,1,100
218,26,48,592,593,687,1,95
220,28,48,598,599,690,1,92
228,36,48,619,620,693,1,74
229,37,48,622,623,696,1,74
231,39,48,628,629,699,1,71
234,42,48,636,638,702,2,66
235,43,48,639,641,705,2,66
221,29,48,600,602,708,2,108
224,32,48,609,611,711,2,102
226,34,48,614,615,714,1,100
237,45,48,644,645,717,1,73
240,48,48,652,653,720,1,68
241,49,48,655,656,723,1,68
243,51,48,660,662,726,2,66
227,35,48,617,619,729,2,112
230,38,48,625,626,732,1,107
232,40,48,630,632,735,2,105
233,41,48,633,635,738,2,105
236,44,48,641,642,741,1,100
246,54,48,669,671,744,2,75
247,55,48,671,672,747,1,76
249,57,48,677,679,750,2,73
252,60,48,685,686,753,1,68
253,61,48,688,689,756,1,68
255,63,48,693,695,759,2,66
257,1,48,698,699,762,1,64
238,46,48,647,649,765,2,118
239,47,48,649,650,768,1,119
242,50,48,658,659,771,1,113
244,52,48,663,665,774,2,111
258,2,48,701,702,777,1,76
259,3,48,703,705,780,2,77
262,6,48,712,713,783,1,71
263,7,48,714,716,786,2,72
245,53,48,666,668,789,2,123
248,56,48,674,675,792,1,118
250,58,48,679,680,795,1,116
251,59,48,682,683,798,1,116
254,62,48,690,692,801,2,111
256,64,48,696,698,804,2,108
265,9,48,720,722,807,2,87
268,12,48,728,729,810,1,82
269,13,48,731,733,813,2,82
271,15,48,736,737,816,1,80
274,18,48,744,746,819,2,75
275,19,48,747,749,822,2,75
260,4,48,706,707,825,1,119
261,5,48,709,710,828,1,119
264,8,48,717,719,831,2,114
277,21,48,753,755,834,2,81
280,24,48,761,763,837,2,76
281,25,48,763,764,840,1,77
283,27,48,769,770,843,1,74
286,30,48,777,779,846,2,69
266,10,48,723,725,849,2,126
267,11,48,725,726,852,1,127
270,14,48,733,734,855,1,122
272,16,48,739,740,858,1,119
273,17,48,742,743,861,1,119
276,20,48,750,752,864,2,114
287,31,48,780,782,867,2,87
289,33,48,785,786,870,1,85
292,36,48,793,794,873,1,80
293,37,48,796,797,876,1,80
295,39,48,802,803,879,1,77
298,42,48,810,812,882,2,72
278,22,48,755,756,885,1,130
279,23,48,758,759,888,1,130
282,26,48,766,767,891,1,125
284,28,48,772,773,894,1,122
285,29,48,774,776,897,2,123
299,43,48,813,815,900,2,87
301,45,48,818,819,903,1,85
304,48,48,826,827,906,1,80
305,49,48,829,830,909,1,80
307,51,48,834,836,912,2,78
288,32,48,783,785,915,2,132
290,34,48,788,789,918,1,130
291,35,48,791,793,921,2,130
294,38,48,799,800,924,1,125
296,40,48,804,806,927,2,123
297,41,48,807,809,930,2,123
310,54,48,843,845,933,2,90
311,55,48,845,846,936,1,91
313,57,48,851,853,939,2,88
316,60,48,859,860,942,1,83
317,61,48,862,863,945,1,83
319,63,48,867,869,948,2,81
321,1,48,873,875,951,2,78
300,44,48,815,816,954,1,139
302,46,48,821,823,957,2,136
303,47,48,823,824,960,1,137
306,50,48,832,833,963,1,131
308,52,48,837,839,966,2,129
322,2,48,876,878,969,2,93
323,3,48,878,879,972,1,94
326,6,48,887,888,975,1,88
327,7,48,889,891,978,2,89
329,9,48,895,896,981,1,86
332,12,48,903,905,984,2,81
309,53,48,840,842,987,2,147
312,56,48,848,849,990,1,142
314,58,48,853,854,993,1,140
315,59,48,856,857,996,1,140
318,62,48,864,866,999,2,135
320,64,48,870,872,1002,2,132
333,13,48,906,908,1005,2,99
335,15,48,911,912,1008,1,97
338,18,48,919,921,1011,2,92
339,19,48,922,923,1014,1,92
341,21,48,928,929,1017,1,89
344,24,48,936,938,1020,2,84
345,25,48,938,939,1023,1,85
324,4,48,881,882,1026,1,145
325,5,48,884,886,1029,2,145
328,8,48,892,893,1032,1,140
330,10,48,898,899,1035,1,137
331,11,48,900,902,1038,2,138
347,27,48,944,946,1041,2,97
350,30,48,952,953,1044,1,92
351,31,48,955,956,1047,1,92
353,33,48,960,962,1050,2,90
356,36,48,968,969,1053,1,85
357,37,48,971,972,1056,1,85
334,14,48,908,909,1059,1,151
336,16,48,914,916,1062,2,148
337,17,48,917,918,1065,1,148
340,20,48,925,926,1068,1,143
342,22,48,930,932,1071,2,141
343,23,48,933,935,1074,2,141
346,26,48,941,942,1077,1,136
359,39,48,977,978,1080,1,103
362,42,48,985,986,1083,1,98
363,43,48,988,989,1086,1,98
365,45,48,993,995,1089,2,96
368,48,48,1001,1002,1092,1,91
369,49,48,1004,1006,1095,2,91
371,51,48,1009,1011,1098,2,89
348,28,48,947,948,1101,1,154
349,29,48,949,951,1104,2,155
352,32,48,958,959,1107,1,149
354,34,48,963,965,1110,2,147
355,35,48,966,968,1113,2,147
358,38,48,974,976,1116,2,142
374,54,48,1018,1019,1119,1,101
375,55,48,1020,1022,1122,2,102
377,57,48,1026,1028,1125,2,99
380,60,48,1034,1036,1128,2,94
381,61,48,1037,1038,1131,1,94
383,63,48,1042,1043,1134,1,92
385,1,48,1047,1049,1137,2,90
360,40,48,979,981,1140,2,161
361,41,48,982,983,1143,1,161
364,44,48,990,992,1146,2,156
366,46,48,996,998,1149,2,153
367,47,48,998,999,1152,1,154
370,50,48,1007,1008,1155,1,148
372,52,48,1012,1013,1158,1,146
386,2,48,1050,1052,1161,2,111
387,3,48,1052,1053,1164,1,112
390,6,48,1061,1062,1167,1,106
391,7,48,1063,1065,1170,2,107
393,9,48,1069,1070,1173,1,104
396,12,48,1077,1079,1176,2,99
397,13,48,1080,1082,1179,2,99
399,15,48,1085,1086,1182,1,97
373,53,48,1015,1016,1185,1,170
376,56,48,1023,1025,1188,2,165
378,58,48,1028,1029,1191,1,163
379,59,48,1031,1032,1194,1,163
382,62,48,1039,1041,1197,2,158
384,64,48,1045,1046,1200,1,155
402,18,48,1093,1095,1203,2,110
403,19,48,1096,1097,1206,1,110
405,21,48,1102,1103,1209,1,107
408,24,48,1110,1112,1212,2,102
409,25,48,1112,1113,1215,1,103
411,27,48,1118,1120,1218,2,100
414,30,48,1126,1127,1221,1,95
388,4,48,1055,1056,1224,1,169
389,5,48,1058,1060,1227,2,169
392,8,48,1066,1067,1230,1,164
394,10,48,1072,1073,1233,1,161
395,11,48,1074,1076,1236,2,162
398,14,48,1082,1083,1239,1,157
400,16,48,1088,1090,1242,2,154
415,31,48,1129,1130,1245,1,116
417,33,48,1134,1136,1248,2,114
420,36,48,1142,1143,1251,1,109
421,37,48,1145,1146,1254,1,109
423,39,48,1151,1152,1257,1,106
426,42,48,1159,1160,1260,1,101
427,43,48,1162,1163,1263,1,101
429,45,48,1167,1169,1266,2,99
401,17,48,1091,1092,1269,1,178
404,20,48,1099,1100,1272,1,173
406,22,48,1104,1106,1275,2,171
407,23,48,1107,1109,1278,2,171
410,26,48,1115,1116,1281,1,166
412,28,48,1121,1122,1284,1,163
413,29,48,1123,1125,1287,2,164
432,48,48,1175,1176,1290,1,115
433,49,48,1178,1180,1293,2,115
435,51,48,1183,1185,1296,2,113
438,54,48,1192,1193,1299,1,107
439,55,48,1194,1196,1302,2,108
441,57,48,1200,1202,1305,2,105
444,60,48,1208,1210,1308,2,100
449,1,48,1222,1223,1311,1,89
416,32,48,1132,1133,1314,1,182
418,34,48,1137,1139,1317,2,180
419,35,48,1140,1142,1320,2,180
422,38,48,1148,1150,1323,2,175
424,40,48,1153,1155,1326,2,173
425,41,48,1156,1157,1329,1,173
428,44,48,1164,1166,1332,2,168
430,46,48,1170,1172,1335,2,165
445,61,48,1211,1212,1338,1,127
447,63,48,1216,1217,1341,1,125
450,2,48,1225,1226,1344,1,119
451,3,48,1227,1229,1347,2,120
454,6,48,1236,1238,1350,2,114
455,7,48,1238,1239,1353,1,115
457,9,48,1244,1246,1356,2,112
460,12,48,1252,1253,1359,1,107
461,13,48,1255,1256,1362,1,107
431,47,48,1172,1173,1365,1,193
497,49,48,1353,1355,1368,2,15
436,52,48,1186,1187,1371,1,185
437,53,48,1189,1190,1374,1,185
440,56,48,1197,1199,1377,2,180
442,58,48,1202,1203,1380,1,178
443,59,48,1205,1206,1383,1,178
463,15,48,1260,1262,1386,2,126
466,18,48,1268,1269,1389,1,121
467,19,48,1271,1272,1392,1,121
469,21,48,1277,1278,1395,1,118
472,24,48,1285,1286,1398,1,113
473,25,48,1287,1289,1401,2,114
475,27,48,1293,1295,1404,2,111
478,30,48,1301,1302,1407,1,106
509,61,48,1386,1388,1410,2,24
448,64,48,1219,1220,1413,1,194
452,4,48,1230,1232,1416,2,186
453,5,48,1233,1235,1419,2,186
456,8,48,1241,1242,1422,1,181
458,10,48,1247,1248,1425,1,178
459,11,48,1249,1251,1428,2,179
462,14,48,1257,1259,1431,2,174
479,31,48,1304,1306,1434,2,130
481,33,48,1309,1311,1437,2,128
484,36,48,1317,1319,1440,2,123
485,37,48,1320,1322,1443,2,123
487,39,48,1326,1328,1446,2,120
490,42,48,1334,1336,1449,2,115
491,43,48,1337,1338,1452,1,115
493,45,48,1342,1343,1455,1,113
513,1,48,1396,1397,1458,1,62
464,16,48,1263,1265,1461,2,198
465,17,48,1266,1268,1464,2,198
531,19,48,1445,1446,1467,1,22
470,22,48,1279,1281,1470,2,191
471,23,48,1282,1283,1473,1,191
537,25,48,1461,1463,1476,2,15
476,28,48,1296,1298,1479,2,183
477,29,48,1298,1299,1482,1,184
496,48,48,1350,1352,1485,2,135
434,50,48,1181,1182,1488,1,307
499,51,48,1358,1359,1491,1,133
502,54,48,1367,1368,1494,1,127
503,55,48,1369,1371,1497,2,128
505,57,48,1375,1376,1500,1,125
508,60,48,1383,1385,1503,2,120
514,2,48,1399,1400,1506,1,107
543,31,48,1478,1480,1509,2,31
482,34,48,1312,1313,1512,1,200
483,35,48,1315,1316,1515,1,200
549,37,48,1494,1496,1518,2,24
488,40,48,1328,1329,1521,1,193
489,41,48,1331,1332,1524,1,193
555,43,48,1511,1512,1527,1,16
494,46,48,1345,1346,1530,1,185
446,62,48,1213,1215,1533,2,320
511,63,48,1391,1392,1536,1,145
515,3,48,1401,1403,1539,2,138
518,6,48,1410,1412,1542,2,132
519,7,48,1412,1413,1545,1,133
521,9,48,1418,1420,1548,2,130
524,12,48,1426,1427,1551,1,125
525,13,48,1429,1430,1554,1,125
560,48,48,1524,1526,1557,2,33
561,49,48,1527,1529,1560,2,33
500,52,48,1361,1362,1563,1,202
501,53,48,1364,1366,1566,2,202
567,55,48,1543,1545,1569,2,26
506,58,48,1377,1379,1572,2,195
507,59,48,1380,1382,1575,2,195
527,15,48,1434,1436,1578,2,144
530,18,48,1442,1443,1581,1,139
468,20,48,1274,1276,1584,2,310
533,21,48,1451,1452,1587,1,136
536,24,48,1459,1460,1590,1,131
474,26,48,1290,1292,1593,2,303
539,27,48,1467,1469,1596,2,129
542,30,48,1475,1476,1599,1,124
573,61,48,1560,1562,1602,2,42
512,64,48,1394,1396,1605,2,211
516,4,48,1404,1406,1608,2,204
517,5,48,1407,1409,1611,2,204
583,7,48,1587,1589,1614,2,27
522,10,48,1421,1422,1617,1,196
523,11,48,1423,1425,1620,2,197
589,13,48,1604,1606,1623,2,19
480,32,48,1307,1308,1626,1,319
545,33,48,1483,1485,1629,2,146
548,36,48,1491,1493,1632,2,141
486,38,48,1323,1325,1635,2,312
551,39,48,1500,1502,1638,2,138
554,42,48,1508,1510,1641,2,133
492,44,48,1339,1341,1644,2,305
557,45,48,1516,1517,1647,1,131
577,1,48,1571,1572,1650,1,79
528,16,48,1437,1439,1653,2,216
594,18,48,1617,1619,1656,2,39
595,19,48,1620,1622,1659,2,39
534,22,48,1453,1455,1662,2,209
600,24,48,1634,1636,1665,2,31
601,25,48,1636,1637,1668,1,32
540,28,48,1470,1472,1671,2,201
541,29,48,1472,1473,1674,1,202
495,47,48,1347,1349,1677,2,330
498,50,48,1356,1358,1680,2,324
563,51,48,1532,1533,1683,1,151
566,54,48,1541,1542,1686,1,145
504,56,48,1372,1373,1689,1,317
569,57,48,1549,1550,1692,1,143
572,60,48,1557,1559,1695,2,138
578,2,48,1574,1576,1698,2,124
607,31,48,1653,1655,1701,2,48
546,34,48,1486,1487,1704,1,218
612,36,48,1666,1667,1707,1,41
613,37,48,1669,1670,1710,1,41
552,40,48,1502,1503,1713,1,211
618,42,48,1683,1685,1716,2,33
619,43,48,1686,1688,1719,2,33
558,46,48,1519,1520,1722,1,203
510,62,48,1388,1389,1725,1,337
575,63,48,1565,1566,1728,1,163
579,3,48,1576,1577,1731,1,155
582,6,48,1585,1586,1734,1,149
520,8,48,1415,1416,1737,1,322
585,9,48,1593,1595,1740,2,147
588,12,48,1601,1602,1743,1,142
526,14,48,1431,1433,1746,2,315
624,48,48,1699,1700,1749,1,50
625,49,48,1702,1703,1752,1,50
564,52,48,1535,1536,1755,1,220
630,54,48,1716,1718,1758,2,42
631,55,48,1718,1719,1761,1,43
570,58,48,1551,1553,1764,2,213
636,60,48,1732,1733,1767,1,35
591,15,48,1609,1610,1770,1,161
529,17,48,1440,1442,1773,2,333
532,20,48,1448,1450,1776,2,328
597,21,48,1626,1628,1779,2,153
535,23,48,1456,1457,1782,1,326
538,26,48,1464,1466,1785,2,321
603,27,48,1642,1643,1788,1,146
606,30,48,1650,1652,1791,2,141
637,61,48,1735,1736,1794,1,59
576,64,48,1568,1570,1797,2,229
580,4,48,1579,1580,1800,1,221
646,6,48,1759,1760,1803,1,44
647,7,48,1761,1763,1806,2,45
586,10,48,1596,1598,1809,2,213
652,12,48,1775,1776,1812,1,37
653,13,48,1778,1780,1815,2,37
544,32,48,1481,1482,1818,1,337
609,33,48,1658,1659,1821,1,163
547,35,48,1489,1490,1824,1,335
550,38,48,1497,1499,1827,2,330
615,39,48,1675,1676,1830,1,155
553,41,48,1505,1506,1833,1,328
556,44,48,1513,1515,1836,2,323
621,45,48,1691,1692,1839,1,148
641,1,48,1745,1746,1842,1,97
592,16,48,1612,1613,1845,1,233
658,18,48,1791,1793,1848,2,57
659,19,48,1794,1796,1851,2,57
598,22,48,1628,1629,1854,1,226
664,24,48,1808,1810,1857,2,49
665,25,48,1810,1811,1860,1,50
604,28,48,1645,1646,1863,1,218
670,30,48,1824,1826,1866,2,42
559,47,48,1521,1523,1869,2,348
562,50,48,1530,1532,1872,2,342
627,51,48,1707,1709,1875,2,168
565,53,48,1538,1540,1878,2,340
568,56,48,1546,1547,1881,1,335
633,57,48,1724,1726,1884,2,160
571,59,48,1554,1556,1887,2,333
642,2,48,1748,1749,1890,1,142
671,31,48,1827,1829,1893,2,66
610,34,48,1661,1662,1896,1,235
676,36,48,1840,1841,1899,1,59
677,37,48,1843,1844,1902,1,59
616,40,48,1677,1679,1905,2,228
682,42,48,1857,1859,1908,2,51
683,43,48,1860,1862,1911,2,51
622,46,48,1694,1696,1914,2,220
574,62,48,1562,1563,1917,1,355
639,63,48,1740,1742,1920,2,180
643,3,48,1750,1752,1923,2,173
581,5,48,1582,1583,1926,1,344
584,8,48,1590,1592,1929,2,339
649,9,48,1767,1769,1932,2,165
587,11,48,1598,1599,1935,1,337
590,14,48,1606,1607,1938,1,332
688,48,48,1873,1874,1941,1,68
689,49,48,1876,1877,1944,1,68
628,52,48,1710,1712,1947,2,237
694,54,48,1890,1892,1950,2,60
695,55,48,1892,1893,1953,1,61
634,58,48,1726,1727,1956,1,230
700,60,48,1906,1907,1959,1,53
655,15,48,1783,1784,1962,1,179
593,17,48,1615,1616,1965,1,350
596,20,48,1623,1625,1968,2,345
661,21,48,1800,1802,1971,2,171
599,23,48,1631,1632,1974,1,343
602,26,48,1639,1640,1977,1,338
667,27,48,1816,1817,1980,1,164
605,29,48,1647,1649,1983,2,336
705,1,48,1920,1922,1986,2,66
701,61,48,1909,1910,1989,1,80
640,64,48,1743,1745,1992,2,249
644,4,48,1753,1754,1995,1,242
710,6,48,1934,1935,1998,1,64
711,7,48,1936,1938,2001,2,65
650,10,48,1770,1772,2004,2,234
716,12,48,1950,1952,2007,2,57
717,13,48,1953,1955,2010,2,57
608,32,48,1656,1658,2013,2,357
673,33,48,1832,1833,2016,1,184
611,35,48,1664,1666,2019,2,355
614,38,48,1672,1673,2022,1,350
679,39,48,1849,1850,2025,1,176
617,41,48,1680,1682,2028,2,348
620,44,48,1688,1689,2031,1,343
685,45,48,1865,1866,2034,1,169
735,1,48,2000,2001,2037,1,37
656,16,48,1786,1787,2040,1,254
722,18,48,1966,1968,2043,2,77
723,19,48,1969,1970,2046,1,77
662,22,48,1802,1803,2049,1,247
728,24,48,1983,1985,2052,2,69
729,25,48,1985,1986,2055,1,70
668,28,48,1819,1820,2058,1,239
734,30,48,1999,2000,2061,1,62
623,47,48,1696,1697,2064,1,368
626,50,48,1705,1706,2067,1,362
691,51,48,1881,1883,2070,2,189
629,53,48,1713,1715,2073,2,360
632,56,48,1721,1722,2076,1,355
697,57,48,1898,1900,2079,2,181
635,59,48,1729,1730,2082,1,353
706,2,48,1923,1925,2085,2,162
672,32,48,1830,1832,2088,2,258
674,34,48,1835,1836,2091,1,256
675,35,48,1838,1840,2094,2,256
678,38,48,1846,1847,2097,1,251
680,40,48,1851,1853,2100,2,249
681,41,48,1854,1856,2103,2,249
684,44,48,1862,1863,2106,1,244
686,46,48,1868,1870,2109,2,241
638,62,48,1737,1739,2112,2,375
703,63,48,1914,1916,2115,2,201
707,3,48,1925,1926,2118,1,193
645,5,48,1756,1757,2121,1,365
741,7,48,2016,2018,2124,2,108
713,9,48,1942,1943,2127,1,185
651,11,48,1772,1773,2130,1,358
747,13,48,2033,2035,2133,2,100
736,2,48,2003,2004,2136,1,133
687,47,48,1870,1871,2139,1,269
690,50,48,1879,1880,2142,1,263
692,52,48,1884,1886,2145,2,261
693,53,48,1887,1889,2148,2,261
696,56,48,1895,1896,2151,1,256
698,58,48,1900,1901,2154,1,254
699,59,48,1903,1904,2157,1,254
719,15,48,1958,1959,2160,1,202
657,17,48,1789,1790,2163,1,374
753,19,48,2049,2051,2166,2,117
725,21,48,1975,1976,2169,1,194
663,23,48,1805,1806,2172,1,367
759,25,48,2065,2066,2175,1,110
731,27,48,1991,1993,2178,2,187
669,29,48,1821,1823,2181,2,360
795,61,48,2164,2165,2184,1,20
704,64,48,1917,1919,2187,2,270
708,4,48,1928,1929,2190,1,262
740,6,48,2014,2015,2193,1,179
648,8,48,1764,1766,2196,2,432
714,10,48,1945,1946,2199,1,254
746,12,48,2030,2031,2202,1,172
654,14,48,1780,1781,2205,1,425
765,31,48,2082,2084,2208,2,126
767,33,48,2087,2088,2211,1,124
770,36,48,2095,2096,2214,1,119
771,37,48,2098,2099,2217,1,119
773,39,48,2104,2105,2220,1,116
776,42,48,2112,2114,2223,2,111
777,43,48,2115,2117,2226,2,111
779,45,48,2120,2121,2229,1,109
720,16,48,1961,1963,2232,2,271
752,18,48,2046,2048,2235,2,189
817,19,48,2224,2225,2238,1,14
726,22,48,1977,1979,2241,2,264
758,24,48,2063,2065,2244,2,181
666,26,48,1813,1814,2247,1,434
732,28,48,1994,1995,2250,1,256
764,30,48,2079,2081,2253,2,174
782,48,48,2128,2129,2256,1,128
783,49,48,2131,2132,2259,1,128
785,51,48,2136,2138,2262,2,126
788,54,48,2145,2147,2265,2,120
789,55,48,2147,2148,2268,1,121
791,57,48,2153,2155,2271,2,118
794,60,48,2161,2162,2274,1,113
799,1,48,2175,2177,2277,2,102
737,3,48,2005,2007,2280,2,275
804,6,48,2189,2190,2283,1,94
805,7,48,2191,2193,2286,2,95
743,9,48,2022,2024,2289,2,267
810,12,48,2205,2207,2292,2,87
811,13,48,2208,2210,2295,2,87
829,31,48,2257,2258,2298,1,41
768,34,48,2090,2091,2301,1,211
769,35,48,2093,2095,2304,2,211
835,37,48,2273,2274,2307,1,34
774,40,48,2106,2108,2310,2,204
775,41,48,2109,2111,2313,2,204
841,43,48,2290,2291,2316,1,26
780,46,48,2123,2125,2319,2,196
702,62,48,1911,1913,2322,2,411
797,63,48,2169,2171,2325,2,156
800,2,48,2178,2180,2328,2,150
749,15,48,2038,2039,2331,1,293
816,18,48,2221,2223,2334,2,113
660,20,48,1797,1799,2337,2,540
755,21,48,2055,2057,2340,2,285
822,24,48,2238,2240,2343,2,105
823,25,48,2240,2241,2346,1,106
761,27,48,2071,2072,2349,1,278
828,30,48,2254,2255,2352,1,98
846,48,48,2303,2304,2355,1,52
847,49,48,2306,2308,2358,2,52
786,52,48,2139,2141,2361,2,222
787,53,48,2142,2144,2364,2,222
853,55,48,2322,2324,2367,2,45
792,58,48,2155,2156,2370,1,215
793,59,48,2158,2159,2373,1,215
738,4,48,2008,2009,2376,1,368
709,5,48,1931,1933,2379,2,448
869,7,48,2365,2367,2382,2,17
744,10,48,2025,2027,2385,2,360
715,11,48,1947,1949,2388,2,441
718,14,48,1955,1956,2391,1,436
859,61,48,2339,2340,2394,1,55
798,64,48,2172,2174,2397,2,225
766,32,48,2085,2087,2400,2,315
831,33,48,2262,2264,2403,2,141
834,36,48,2270,2271,2406,1,136
772,38,48,2101,2102,2409,1,308
837,39,48,2279,2280,2412,1,133
840,42,48,2287,2288,2415,1,128
778,44,48,2117,2118,2418,1,301
843,45,48,2295,2297,2421,2,126
863,1,48,2349,2351,2424,2,75
750,16,48,2041,2042,2427,1,386
721,17,48,1964,1965,2430,1,466
881,19,48,2398,2399,2433,1,35
756,22,48,2057,2058,2436,1,379
727,23,48,1980,1982,2439,2,459
887,25,48,2414,2415,2442,1,28
762,28,48,2074,2075,2445,1,371
733,29,48,1996,1998,2448,2,452
781,47,48,2125,2126,2451,1,326
784,50,48,2134,2135,2454,1,320
849,51,48,2311,2313,2457,2,146
852,54,48,2320,2321,2460,1,140
790,56,48,2150,2151,2463,1,313
855,57,48,2328,2330,2466,2,138
858,60,48,2336,2338,2469,2,133
864,2,48,2352,2354,2472,2,120
801,3,48,2180,2181,2475,1,295
868,6,48,2363,2364,2478,1,115
712,8,48,1939,1940,2481,1,542
807,9,48,2197,2198,2484,1,287
874,12,48,2379,2381,2487,2,108
875,13,48,2382,2384,2490,2,108
893,31,48,2431,2432,2493,1,62
832,34,48,2265,2267,2496,2,231
898,36,48,2444,2445,2499,1,55
899,37,48,2447,2448,2502,1,55
838,40,48,2281,2283,2505,2,224
904,42,48,2461,2462,2508,1,47
905,43,48,2464,2465,2511,1,47
844,46,48,2298,2300,2514,2,216
796,62,48,2166,2168,2517,2,351
861,63,48,2344,2345,2520,1,176
813,15,48,2213,2214,2523,1,310
880,18,48,2395,2397,2526,2,131
724,20,48,1972,1973,2529,1,557
819,21,48,2230,2231,2532,1,302
886,24,48,2412,2414,2535,2,123
730,26,48,1988,1989,2538,1,550
825,27,48,2246,2248,2541,2,295
892,30,48,2428,2429,2544,1,116
910,48,48,2477,2478,2547,1,70
911,49,48,2480,2482,2550,2,70
850,52,48,2314,2315,2553,1,239
916,54,48,2494,2495,2556,1,62
917,55,48,2496,2498,2559,2,63
856,58,48,2330,2331,2562,1,232
922,60,48,2510,2512,2565,2,55
802,4,48,2183,2184,2568,1,385
932,6,48,2538,2540,2571,2,33
933,7,48,2540,2541,2574,1,34
808,10,48,2200,2201,2577,1,377
745,11,48,2027,2028,2580,1,553
939,13,48,2557,2558,2583,1,26
923,61,48,2513,2514,2586,1,73
862,64,48,2347,2348,2589,1,242
830,32,48,2260,2261,2592,1,332
895,33,48,2436,2438,2595,2,159
833,35,48,2268,2270,2598,2,330
836,38,48,2276,2278,2601,2,325
901,39,48,2453,2454,2604,1,151
839,41,48,2284,2285,2607,1,323
842,44,48,2292,2294,2610,2,318
907,45,48,2469,2471,2613,2,144
927,1,48,2524,2525,2616,1,92
814,16,48,2216,2218,2619,2,403
944,18,48,2570,2571,2622,1,52
945,19,48,2573,2574,2625,1,52
820,22,48,2232,2234,2628,2,396
950,24,48,2587,2588,2631,1,44
951,25,48,2589,2591,2634,2,45
826,28,48,2249,2250,2637,1,388
956,30,48,2603,2604,2640,1,37
845,47,48,2300,2301,2643,1,343
848,50,48,2309,2310,2646,1,337
913,51,48,2485,2487,2649,2,164
851,53,48,2317,2318,2652,1,335
854,56,48,2325,2327,2655,2,330
919,57,48,2502,2504,2658,2,156
857,59,48,2333,2334,2661,1,328
928,2,48,2527,2528,2664,1,137
865,3,48,2354,2355,2667,1,313
739,5,48,2011,2012,2670,1,659
742,8,48,2019,2021,2673,2,654
871,9,48,2371,2372,2676,1,305
938,12,48,2554,2555,2679,1,125
748,14,48,2035,2036,2682,1,647
957,31,48,2606,2608,2685,2,79
896,34,48,2439,2441,2688,2,249
962,36,48,2619,2621,2691,2,72
963,37,48,2622,2624,2694,2,72
902,40,48,2455,2457,2697,2,242
968,42,48,2636,2638,2700,2,64
969,43,48,2639,2640,2703,1,64
908,46,48,2472,2474,2706,2,234
987,61,48,2688,2690,2709,2,21
925,63,48,2518,2519,2712,1,194
877,15,48,2387,2388,2715,1,328
751,17,48,2044,2045,2718,1,674
754,20,48,2052,2054,2721,2,669
883,21,48,2404,2405,2724,1,320
757,23,48,2060,2061,2727,1,667
760,26,48,2068,2069,2730,1,662
889,27,48,2420,2422,2733,2,313
763,29,48,2076,2078,2736,2,660
974,48,48,2652,2654,2739,2,87
975,49,48,2655,2657,2742,2,87
914,52,48,2488,2489,2745,1,257
980,54,48,2669,2670,2748,1,79
981,55,48,2671,2673,2751,2,80
920,58,48,2504,2505,2754,1,250
986,60,48,2685,2687,2757,2,72
991,1,48,2698,2699,2760,1,62
866,4,48,2357,2358,2763,1,406
996,6,48,2712,2714,2766,2,54
997,7,48,2714,2715,2769,1,55
872,10,48,2374,2375,2772,1,398
1002,12,48,2728,2729,2775,1,47
1003,13,48,2731,2732,2778,1,47
860,62,48,2341,2343,2781,2,440
926,64,48,2521,2522,2784,1,263
894,32,48,2434,2435,2787,1,353
959,33,48,2611,2613,2790,2,179
897,35,48,2442,2444,2793,2,351
900,38,48,2450,2452,2796,2,346
965,39,48,2628,2630,2799,2,171
903,41,48,2458,2459,2802,1,344
906,44,48,2466,2468,2805,2,339
971,45,48,2644,2645,2808,1,164
992,2,48,2701,2702,2811,1,110
878,16,48,2390,2392,2814,2,424
1008,18,48,2744,2745,2817,1,73
1009,19,48,2747,2748,2820,1,73
884,22,48,2406,2408,2823,2,417
1014,24,48,2761,2762,2826,1,65
1015,25,48,2763,2765,2829,2,66
890,28,48,2423,2424,2832,1,409
1020,30,48,2777,2778,2835,1,58
909,47,48,2474,2475,2838,1,364
912,50,48,2483,2484,2841,1,358
977,51,48,2660,2661,2844,1,184
915,53,48,2491,2492,2847,1,356
918,56,48,2499,2501,2850,2,351
983,57,48,2677,2678,2853,1,176
921,59,48,2507,2508,2856,1,349
929,3,48,2529,2531,2859,2,330
803,5,48,2186,2188,2862,2,676
806,8,48,2194,2195,2865,1,671
935,9,48,2546,2548,2868,2,322
809,11,48,2202,2204,2871,2,669
812,14,48,2210,2211,2874,1,664
1021,31,48,2780,2782,2877,2,97
960,34,48,2614,2615,2880,1,266
1026,36,48,2793,2795,2883,2,90
1027,37,48,2796,2798,2886,2,90
966,40,48,2630,2631,2889,1,259
1032,42,48,2810,2812,2892,2,82
1033,43,48,2813,2814,2895,1,82
972,46,48,2647,2648,2898,1,251
1051,61,48,2862,2864,2901,2,39
989,63,48,2693,2694,2904,1,211
941,15,48,2562,2564,2907,2,345
815,17,48,2219,2220,2910,1,691
818,20,48,2227,2228,2913,1,686
947,21,48,2579,2580,2916,1,337
821,23,48,2235,2237,2919,2,684
824,26,48,2243,2244,2922,1,679
953,27,48,2595,2597,2925,2,330
827,29,48,2251,2253,2928,2,677
1038,48,48,2826,2828,2931,2,105
1039,49,48,2829,2831,2934,2,105
978,52,48,2663,2664,2937,1,274
1044,54,48,2843,2844,2940,1,97
1045,55,48,2845,2847,2943,2,98
984,58,48,2679,2681,2946,2,267
1050,60,48,2859,2861,2949,2,90
1055,1,48,2873,2874,2952,1,79
930,4,48,2532,2534,2955,2,423
1060,6,48,2887,2888,2958,1,71
1061,7,48,2889,2891,2961,2,72
936,10,48,2549,2550,2964,1,415
1066,12,48,2903,2904,2967,1,64
1067,13,48,2906,2908,2970,2,64
924,62,48,2515,2517,2973,2,458
990,64,48,2696,2698,2976,2,280
1085,31,48,2955,2957,2979,2,24
1023,33,48,2785,2787,2982,2,197
961,35,48,2617,2618,2985,1,368
1091,37,48,2971,2972,2988,1,17
1029,39,48,2802,2804,2991,2,189
967,41,48,2633,2634,2994,1,361
970,44,48,2641,2643,2997,2,356
1035,45,48,2818,2819,3000,1,182
1056,2,48,2876,2878,3003,2,127
942,16,48,2565,2567,3006,2,441
1072,18,48,2919,2921,3009,2,90
1073,19,48,2922,2924,3012,2,90
948,22,48,2581,2583,3015,2,434
1078,24,48,2936,2938,3018,2,82
1079,25,48,2938,2939,3021,1,83
954,28,48,2598,2600,3024,2,426
1084,30,48,2952,2954,3027,2,75
1102,48,48,3001,3002,3030,1,29
1103,49,48,3004,3005,3033,1,29
1041,51,48,2834,2835,3036,1,202
979,53,48,2666,2668,3039,2,373
1109,55,48,3020,3021,3042,1,22
1047,57,48,2851,2852,3045,1,194
985,59,48,2682,2684,3048,2,366
993,3,48,2703,2705,3051,2,348
867,5,48,2360,2362,3054,2,694
870,8,48,2368,2369,3057,1,689
999,9,48,2720,2722,3060,2,340
873,11,48,2376,2378,3063,2,687
876,14,48,2384,2385,3066,1,682
958,32,48,2609,2610,3069,1,460
1024,34,48,2788,2789,3072,1,284
1090,36,48,2968,2969,3075,1,107
964,38,48,2625,2627,3078,2,453
1030,40,48,2804,2805,3081,1,277
1096,42,48,2985,2987,3084,2,99
1097,43,48,2988,2990,3087,2,99
1036,46,48,2821,2822,3090,1,269
1115,61,48,3037,3038,3093,1,56
1053,63,48,2867,2868,3096,1,229
1005,15,48,2736,2738,3099,2,363
879,17,48,2393,2394,3102,1,709
882,20,48,2401,2402,3105,1,704
1011,21,48,2753,2754,3108,1,355
885,23,48,2409,2411,3111,2,702
888,26,48,2417,2418,3114,1,697
1017,27,48,2769,2771,3117,2,348
891,29,48,2425,2427,3120,2,695
973,47,48,2649,2651,3123,2,474
976,50,48,2658,2660,3126,2,468
1042,52,48,2837,2838,3129,1,292
1108,54,48,3018,3020,3132,2,114
982,56,48,2674,2675,3135,1,461
1048,58,48,2853,2855,3138,2,285
1114,60,48,3034,3035,3141,1,107
1119,1,48,3047,3048,3144,1,97
994,4,48,2706,2708,3147,2,441
1124,6,48,3061,3062,3150,1,89
1125,7,48,3063,3065,3153,2,90
1000,10,48,2723,2724,3156,1,433
1130,12,48,3077,3078,3159,1,82
1131,13,48,3080,3082,3162,2,82
988,62,48,2690,2691,3165,1,475
1054,64,48,2870,2872,3168,2,298
1149,31,48,3129,3131,3171,2,42
1087,33,48,2960,2961,3174,1,214
1154,36,48,3142,3143,3177,1,35
1155,37,48,3145,3146,3180,1,35
1093,39,48,2977,2978,3183,1,206
1031,41,48,2807,2808,3186,1,379
1161,43,48,3162,3164,3189,2,27
1099,45,48,2993,2994,3192,1,199
1120,2,48,3050,3051,3195,1,145
1006,16,48,2739,2741,3198,2,459
1136,18,48,3093,3095,3201,2,108
1137,19,48,3096,3098,3204,2,108
1012,22,48,2755,2757,3207,2,452
1142,24,48,3110,3112,3210,2,100
1143,25,48,3112,3113,3213,1,101
1018,28,48,2772,2774,3216,2,444
1148,30,48,3126,3128,3219,2,93
1166,48,48,3175,3176,3222,1,47
1167,49,48,3178,3179,3225,1,47
1105,51,48,3009,3011,3228,2,219
1172,54,48,3192,3194,3231,2,39
1173,55,48,3194,3195,3234,1,40
1111,57,48,3026,3028,3237,2,211
1178,60,48,3208,3209,3240,1,32
1057,3,48,2878,2879,3243,1,365
931,5,48,2535,2537,3246,2,711
934,8,48,2543,2544,3249,1,706
1063,9,48,2895,2897,3252,2,357
937,11,48,2551,2553,3255,2,704
940,14,48,2559,2561,3258,2,699
1022,32,48,2783,2784,3261,1,478
1088,34,48,2963,2964,3264,1,301
1025,35,48,2791,2792,3267,1,476
1028,38,48,2799,2801,3270,2,471
1094,40,48,2979,2981,3273,2,294
1160,42,48,3159,3161,3276,2,117
1034,44,48,2815,2817,3279,2,464
1100,46,48,2996,2998,3282,2,286
1179,61,48,3211,3212,3285,1,74
1117,63,48,3042,3044,3288,2,246
1183,1,48,3222,3224,3291,2,69
1069,15,48,2911,2912,3294,1,383
943,17,48,2568,2570,3297,2,729
1201,19,48,3271,3272,3300,1,29
1075,21,48,2928,2930,3303,2,375
949,23,48,2584,2585,3306,1,722
1207,25,48,3287,3288,3309,1,22
1081,27,48,2944,2945,3312,1,368
955,29,48,2600,2601,3315,1,715
1037,47,48,2823,2825,3318,2,495
1040,50,48,2832,2834,3321,2,489
1106,52,48,3012,3014,3324,2,312
1043,53,48,2840,2842,3327,2,487
1046,56,48,2848,2849,3330,1,482
1112,58,48,3028,3029,3333,1,305
1049,59,48,2856,2858,3336,2,480
1184,2,48,3225,3227,3339,2,114
1058,4,48,2881,2882,3342,1,461
1188,6,48,3236,3237,3345,1,109
1189,7,48,3238,3240,3348,2,110
1064,10,48,2898,2900,3351,2,453
1194,12,48,3252,3254,3354,2,102
1195,13,48,3255,3257,3357,2,102
1052,62,48,2864,2865,3360,1,496
1118,64,48,3045,3047,3363,2,318
1213,31,48,3304,3305,3366,1,62
1151,33,48,3134,3135,3369,1,235
1218,36,48,3317,3318,3372,1,55
1219,37,48,3320,3321,3375,1,55
1157,39,48,3151,3152,3378,1,227
1224,42,48,3334,3335,3381,1,47
1225,43,48,3337,3338,3384,1,47
1163,45,48,3167,3168,3387,1,220
1070,16,48,2914,2915,3390,1,476
1200,18,48,3268,3270,3393,2,125
946,20,48,2576,2578,3396,2,820
1076,22,48,2930,2931,3399,1,469
1206,24,48,3285,3287,3402,2,117
952,26,48,2592,2594,3405,2,813
1082,28,48,2947,2948,3408,1,461
1212,30,48,3301,3302,3411,1,110
1230,48,48,3350,3351,3414,1,64
1231,49,48,3353,3355,3417,2,64
1169,51,48,3183,3185,3420,2,237
1236,54,48,3367,3368,3423,1,56
1237,55,48,3369,3371,3426,2,57
1175,57,48,3200,3202,3429,2,229
1242,60,48,3383,3385,3432,2,49
1121,3,48,3052,3054,3435,2,383
1252,6,48,3410,3411,3438,1,28
1253,7,48,3412,3414,3441,2,29
1127,9,48,3069,3071,3444,2,375
1001,11,48,2725,2727,3447,2,722
1259,13,48,3429,3431,3450,2,21
1086,32,48,2958,2960,3453,2,495
1152,34,48,3137,3138,3456,1,319
1089,35,48,2966,2968,3459,2,493
1092,38,48,2974,2975,3462,1,488
1158,40,48,3153,3155,3465,2,312
1095,41,48,2982,2984,3468,2,486
1098,44,48,2990,2991,3471,1,481
1164,46,48,3170,3172,3474,2,304
1243,61,48,3386,3387,3477,1,91
1181,63,48,3216,3218,3480,2,264
1247,1,48,3396,3398,3483,2,87
1133,15,48,3085,3086,3486,1,401
1264,18,48,3442,3444,3489,2,47
1265,19,48,3445,3446,3492,1,47
1139,21,48,3102,3104,3495,2,393
1270,24,48,3459,3461,3498,2,39
1271,25,48,3461,3462,3501,1,40
1145,27,48,3118,3119,3504,1,386
1276,30,48,3475,3476,3507,1,32
1101,47,48,2998,2999,3510,1,512
1104,50,48,3007,3008,3513,1,506
1170,52,48,3186,3188,3516,2,330
1107,53,48,3015,3017,3519,2,504
1110,56,48,3023,3024,3522,1,499
1176,58,48,3202,3203,3525,1,323
1113,59,48,3031,3032,3528,1,497
1248,2,48,3399,3401,3531,2,132
1122,4,48,3055,3056,3534,1,479
995,5,48,2709,2711,3537,2,828
998,8,48,2717,2718,3540,1,823
1128,10,48,3072,3074,3543,2,471
1258,12,48,3426,3428,3546,2,120
1004,14,48,2733,2735,3549,2,816
1116,62,48,3039,3041,3552,2,513
1182,64,48,3219,3221,3555,2,336
1277,31,48,3478,3479,3558,1,80
1215,33,48,3309,3311,3561,2,252
1282,36,48,3491,3492,3564,1,73
1283,37,48,3494,3495,3567,1,73
1221,39,48,3326,3327,3570,1,244
1288,42,48,3508,3509,3573,1,65
1289,43,48,3511,3512,3576,1,65
1227,45,48,3342,3344,3579,2,237
1134,16,48,3088,3089,3582,1,494
1007,17,48,2742,2744,3585,2,843
1010,20,48,2750,2752,3588,2,838
1140,22,48,3104,3105,3591,1,487
1013,23,48,2758,2759,3594,1,836
1016,26,48,2766,2768,3597,2,831
1146,28,48,3121,3122,3600,1,479
1019,29,48,2774,2775,3603,1,829
1294,48,48,3524,3525,3606,1,82
1295,49,48,3527,3529,3609,2,82
1233,51,48,3358,3360,3612,2,254
1300,54,48,3541,3542,3615,1,74
1301,55,48,3543,3545,3618,2,75
1239,57,48,3375,3377,3621,2,246
1306,60,48,3557,3559,3624,2,67
1185,3,48,3227,3228,3627,1,400
1316,6,48,3585,3587,3630,2,45
1317,7,48,3587,3588,3633,1,46
1191,9,48,3244,3245,3636,1,392
1322,12,48,3601,3602,3639,1,38
1323,13,48,3604,3605,3642,1,38
1150,32,48,3132,3134,3645,2,513
1216,34,48,3312,3314,3648,2,336
1153,35,48,3140,3142,3651,2,511
1156,38,48,3148,3149,3654,1,506
1222,40,48,3328,3330,3657,2,329
1159,41,48,3156,3158,3660,2,504
1162,44,48,3164,3165,3663,1,499
1228,46,48,3345,3347,3666,2,321
1307,61,48,3560,3561,3669,1,109
1245,63,48,3391,3392,3672,1,281
1311,1,48,3571,3572,3675,1,104
1197,15,48,3260,3261,3678,1,418
1328,18,48,3617,3618,3681,1,64
1329,19,48,3620,3621,3684,1,64
1203,21,48,3277,3278,3687,1,410
1334,24,48,3634,3635,3690,1,56
1335,25,48,3636,3638,3693,2,57
1209,27,48,3293,3295,3696,2,403
1340,30,48,3650,3651,3699,1,49
1165,47,48,3172,3173,3702,1,530
1168,50,48,3181,3182,3705,1,524
1234,52,48,3361,3362,3708,1,347
1171,53,48,3189,3191,3711,2,522
1174,56,48,3197,3198,3714,1,517
1240,58,48,3377,3378,3717,1,340
1177,59,48,3205,3206,3720,1,515
1312,2,48,3574,3575,3723,1,149
1186,4,48,3230,3231,3726,1,496
1059,5,48,2884,2885,3729,1,845
1062,8,48,2892,2894,3732,2,840
1192,10,48,3247,3248,3735,1,488
1065,11,48,2900,2901,3738,1,838
1068,14,48,2908,2909,3741,1,833
1180,62,48,3213,3215,3744,2,531
1246,64,48,3394,3395,3747,1,353
1341,31,48,3653,3655,3750,2,97
1279,33,48,3483,3485,3753,2,270
1346,36,48,3666,3668,3756,2,90
1347,37,48,3669,3671,3759,2,90
1285,39,48,3500,3501,3762,1,262
1352,42,48,3683,3685,3765,2,82
1353,43,48,3686,3687,3768,1,82
1291,45,48,3516,3518,3771,2,255
1198,16,48,3263,3265,3774,2,511
1071,17,48,2917,2918,3777,1,860
1074,20,48,2925,2927,3780,2,855
1204,22,48,3279,3281,3783,2,504
1077,23,48,2933,2934,3786,1,853
1080,26,48,2941,2942,3789,1,848
1210,28,48,3296,3297,3792,1,496
1083,29,48,2949,2951,3795,2,846
1358,48,48,3699,3701,3798,2,99
1359,49,48,3702,3704,3801,2,99
1297,51,48,3532,3534,3804,2,272
1364,54,48,3716,3717,3807,1,91
1365,55,48,3718,3720,3810,2,92
1303,57,48,3549,3551,3813,2,264
1370,60,48,3732,3734,3816,2,84
1375,1,48,3745,3746,3819,1,74
1249,3,48,3401,3402,3822,1,421
1380,6,48,3759,3761,3825,2,66
1381,7,48,3761,3762,3828,1,67
1255,9,48,3418,3419,3831,1,413
1386,12,48,3775,3776,3834,1,59
1387,13,48,3778,3779,3837,1,59
1405,31,48,3827,3829,3840,2,13
1280,34,48,3486,3488,3843,2,357
1217,35,48,3315,3317,3846,2,531
1220,38,48,3323,3325,3849,2,526
1286,40,48,3502,3504,3852,2,350
1223,41,48,3331,3332,3855,1,524
1226,44,48,3339,3341,3858,2,519
1292,46,48,3519,3521,3861,2,342
1371,61,48,3735,3737,3864,2,129
1309,63,48,3565,3566,3867,1,302
1376,2,48,3748,3749,3870,1,122
1261,15,48,3434,3435,3873,1,439
1392,18,48,3791,3792,3876,1,85
1393,19,48,3794,3795,3879,1,85
1267,21,48,3451,3452,3882,1,431
1398,24,48,3808,3809,3885,1,77
1399,25,48,3810,3812,3888,2,78
1273,27,48,3467,3469,3891,2,424
1404,30,48,3824,3825,3894,1,70
1229,47,48,3347,3348,3897,1,550
1423,49,48,3876,3878,3900,2,24
1298,52,48,3535,3536,3903,1,368
1235,53,48,3364,3365,3906,1,542
1429,55,48,3892,3894,3909,2,17
1304,58,48,3551,3552,3912,1,361
1241,59,48,3380,3381,3915,1,535
1250,4,48,3404,3405,3918,1,514
1123,5,48,3058,3059,3921,1,863
1126,8,48,3066,3068,3924,2,858
1256,10,48,3421,3422,3927,1,506
1129,11,48,3074,3075,3930,1,856
1132,14,48,3082,3083,3933,1,851
1435,61,48,3909,3911,3936,2,27
1310,64,48,3568,3569,3939,1,371
1214,32,48,3307,3308,3942,1,635
1343,33,48,3658,3660,3945,2,287
1410,36,48,3840,3842,3948,2,108
1411,37,48,3843,3845,3951,2,108
1349,39,48,3675,3677,3954,2,279
1416,42,48,3857,3859,3957,2,100
1417,43,48,3860,3861,3960,1,100
1355,45,48,3691,3692,3963,1,272
1262,16,48,3437,3439,3966,2,529
1135,17,48,3091,3092,3969,1,878
1138,20,48,3099,3101,3972,2,873
1268,22,48,3453,3455,3975,2,522
1141,23,48,3107,3108,3978,1,871
1144,26,48,3115,3116,3981,1,866
1274,28,48,3470,3471,3984,1,514
1147,29,48,3123,3125,3987,2,864
1422,48,48,3873,3875,3990,2,117
1232,50,48,3356,3357,3993,1,637
1361,51,48,3707,3708,3996,1,289
1428,54,48,3890,3891,3999,1,109
1238,56,48,3372,3374,4002,2,630
1367,57,48,3724,3725,4005,1,281
1434,60,48,3906,3908,4008,2,102
1439,1,48,3920,3921,4011,1,91
1313,3,48,3576,3578,4014,2,438
1444,6,48,3934,3935,4017,1,83
1445,7,48,3936,3938,4020,2,84
1319,9,48,3593,3595,4023,2,430
1450,12,48,3950,3951,4026,1,76
1451,13,48,3953,3955,4029,2,76
1469,31,48,4002,4004,4032,2,30
1344,34,48,3661,3662,4035,1,374
1281,35,48,3489,3491,4038,2,549
1475,37,48,4018,4019,4041,1,23
1350,40,48,3677,3678,4044,1,367
1287,41,48,3505,3506,4047,1,542
1481,43,48,4035,4037,4050,2,15
1356,46,48,3694,3695,4053,1,359
1244,62,48,3388,3390,4056,2,668
1373,63,48,3740,3741,4059,1,319
1440,2,48,3923,3925,4062,2,139
1325,15,48,3609,3611,4065,2,456
1456,18,48,3966,3968,4068,2,102
1457,19,48,3969,3971,4071,2,102
1331,21,48,3626,3627,4074,1,448
1462,24,48,3983,3985,4077,2,94
1463,25,48,3985,3986,4080,1,95
1337,27,48,3642,3644,4083,2,441
1468,30,48,3999,4001,4086,2,87
1486,48,48,4048,4049,4089,1,41
1487,49,48,4051,4052,4092,1,41
1362,52,48,3710,3711,4095,1,385
1492,54,48,4065,4067,4098,2,33
1493,55,48,4067,4068,4101,1,34
1368,58,48,3726,3728,4104,2,378
1305,59,48,3554,3555,4107,1,553
1314,4,48,3579,3581,4110,2,531
1187,5,48,3233,3235,4113,2,880
1190,8,48,3241,3242,4116,1,875
1320,10,48,3596,3597,4119,1,523
1193,11,48,3249,3251,4122,2,873
1196,14,48,3257,3258,4125,1,868
1499,61,48,4084,4085,4128,1,44
1374,64,48,3743,3745,4131,2,388
1278,32,48,3481,3482,4134,1,653
1407,33,48,3832,3834,4137,2,305
1474,36,48,4015,4016,4140,1,125
1284,38,48,3497,3499,4143,2,646
1413,39,48,3849,3851,4146,2,297
1480,42,48,4032,4034,4149,2,117
1290,44,48,3513,3515,4152,2,639
1419,45,48,3865,3866,4155,1,290
1503,1,48,4095,4097,4158,2,63
1326,16,48,3612,3614,4161,2,549
1199,17,48,3266,3267,4164,1,898
1521,19,48,4144,4145,4167,1,23
1332,22,48,3628,3630,4170,2,542
1205,23,48,3282,3284,4173,2,891
1527,25,48,4160,4161,4176,1,16
1338,28,48,3645,3647,4179,2,534
1211,29,48,3298,3300,4182,2,884
1293,47,48,3521,3522,4185,1,664
1296,50,48,3530,3531,4188,1,658
1425,51,48,3881,3882,4191,1,310
1299,53,48,3538,3539,4194,1,656
1302,56,48,3546,3548,4197,2,651
1431,57,48,3898,3899,4200,1,302
1498,60,48,4081,4082,4203,1,122
1504,2,48,4098,4100,4206,2,108
1377,3,48,3750,3752,4209,2,459
1508,6,48,4109,4110,4212,1,103
1509,7,48,4111,4113,4215,2,104
1383,9,48,3767,3769,4218,2,451
1514,12,48,4125,4127,4221,2,96
1515,13,48,4128,4130,4224,2,96
1533,31,48,4177,4178,4227,1,50
1408,34,48,3835,3836,4230,1,395
1538,36,48,4190,4191,4233,1,43
1539,37,48,4193,4194,4236,1,43
1414,40,48,3851,3852,4239,1,388
1544,42,48,4207,4208,4242,1,35
1545,43,48,4210,4211,4245,1,35
1420,46,48,3868,3869,4248,1,380
1308,62,48,3562,3564,4251,2,689
1437,63,48,3914,3915,4254,1,340
1389,15,48,3783,3785,4257,2,474
1520,18,48,4141,4143,4260,2,119
1202,20,48,3274,3275,4263,1,989
1395,21,48,3800,3801,4266,1,466
1526,24,48,4158,4160,4269,2,111
1208,26,48,3290,3291,4272,1,982
1401,27,48,3816,3818,4275,2,459
1532,30,48,4174,4175,4278,1,104
1550,48,48,4223,4224,4281,1,58
1551,49,48,4226,4228,4284,2,58
1426,52,48,3884,3885,4287,1,403
1556,54,48,4240,4241,4290,1,50
1557,55,48,4242,4244,4293,2,51
1432,58,48,3900,3902,4296,2,396
1562,60,48,4256,4258,4299,2,43
1378,4,48,3753,3755,4302,2,549
1251,5,48,3407,3409,4305,2,898
1573,7,48,4285,4287,4308,2,23
1384,10,48,3770,3771,4311,1,541
1257,11,48,3423,3425,4314,2,891
1579,13,48,4302,4304,4317,2,15
1563,61,48,4259,4260,4320,1,61
1438,64,48,3917,3919,4323,2,406
1342,32,48,3656,3657,4326,1,670
1471,33,48,4007,4008,4329,1,322
1345,35,48,3664,3665,4332,1,668
1348,38,48,3672,3674,4335,2,663
1477,39,48,4024,4025,4338,1,314
1351,41,48,3680,3681,4341,1,661
1354,44,48,3688,3690,4344,2,656
1483,45,48,4040,4041,4347,1,307
1567,1,48,4269,4271,4350,2,81
1390,16,48,3786,3788,4353,2,567
1584,18,48,4315,4317,4356,2,41
1585,19,48,4318,4319,4359,1,41
1396,22,48,3802,3804,4362,2,560
1590,24,48,4332,4334,4365,2,33
1591,25,48,4334,4335,4368,1,34
1402,28,48,3819,3821,4371,2,552
1275,29,48,3472,3474,4374,2,902
1357,47,48,3696,3698,4377,2,681
1360,50,48,3705,3707,4380,2,675
1489,51,48,4056,4058,4383,2,327
1363,53,48,3713,3715,4386,2,673
1366,56,48,3721,3722,4389,1,668
1495,57,48,4073,4075,4392,2,319
1369,59,48,3729,3731,4395,2,666
1568,2,48,4272,4274,4398,2,126
1441,3,48,3925,3926,4401,1,476
1572,6,48,4283,4284,4404,1,121
1254,8,48,3415,3416,4407,1,992
1447,9,48,3942,3944,4410,2,468
1578,12,48,4299,4301,4413,2,114
1260,14,48,3431,3432,4416,1,985
1597,31,48,4351,4352,4419,1,68
1472,34,48,4010,4011,4422,1,412
1602,36,48,4364,4365,4425,1,61
1603,37,48,4367,4368,4428,1,61
1478,40,48,4026,4028,4431,2,405
1608,42,48,4381,4382,4434,1,53
1609,43,48,4384,4385,4437,1,53
1484,46,48,4043,4045,4440,2,397
1372,62,48,3737,3738,4443,1,706
1501,63,48,4089,4091,4446,2,357
1453,15,48,3958,3959,4449,1,491
1263,17,48,3440,3441,4452,1,1012
1266,20,48,3448,3449,4455,1,1007
1459,21,48,3975,3977,4458,2,483
1269,23,48,3456,3458,4461,2,1005
1272,26,48,3464,3465,4464,1,1000
1465,27,48,3991,3992,4467,1,476
1596,30,48,4348,4349,4470,1,122
1614,48,48,4397,4398,4473,1,76
1615,49,48,4400,4402,4476,2,76
1490,52,48,4059,4061,4479,2,420
1620,54,48,4414,4415,4482,1,68
1621,55,48,4416,4418,4485,2,69
1496,58,48,4075,4076,4488,1,413
1626,60,48,4430,4432,4491,2,61
1442,4,48,3928,3929,4494,1,566
1636,6,48,4458,4460,4497,2,39
1637,7,48,4460,4461,4500,1,40
1448,10,48,3945,3947,4503,2,558
1642,12,48,4474,4475,4506,1,32
1643,13,48,4477,4478,4509,1,32
1627,61,48,4433,4434,4512,1,79
1502,64,48,4092,4094,4515,2,423
1406,32,48,3830,3831,4518,1,688
1535,33,48,4182,4184,4521,2,339
1409,35,48,3838,3839,4524,1,686
1412,38,48,3846,3848,4527,2,681
1541,39,48,4199,4200,4530,1,331
1415,41,48,3854,3855,4533,1,679
1418,44,48,3862,3864,4536,2,674
1547,45,48,4215,4217,4539,2,324
1631,1,48,4444,4445,4542,1,98
1454,16,48,3961,3962,4545,1,584
1648,18,48,4490,4491,4548,1,58
1649,19,48,4493,4494,4551,1,58
1460,22,48,3977,3978,4554,1,577
1654,24,48,4507,4508,4557,1,50
1655,25,48,4509,4511,4560,2,51
1466,28,48,3994,3995,4563,1,569
1660,30,48,4523,4524,4566,1,43
1421,47,48,3870,3872,4569,2,699
1424,50,48,3879,3881,4572,2,693
1553,51,48,4231,4233,4575,2,344
1427,53,48,3887,3889,4578,2,691
1430,56,48,3895,3896,4581,1,686
1559,57,48,4248,4250,4584,2,336
1433,59,48,3903,3905,4587,2,684
1632,2,48,4447,4448,4590,1,143
1505,3,48,4100,4101,4593,1,493
1315,5,48,3582,3584,4596,2,1014
1318,8,48,3590,3591,4599,1,1009
1511,9,48,4117,4118,4602,1,485
1321,11,48,3598,3600,4605,2,1007
1324,14,48,3606,3608,4608,2,1002
1661,31,48,4526,4528,4611,2,85
1536,34,48,4185,4187,4614,2,429
1666,36,48,4539,4541,4617,2,78
1667,37,48,4542,4544,4620,2,78
1542,40,48,4201,4203,4623,2,422
1672,42,48,4556,4558,4626,2,70
1673,43,48,4559,4560,4629,1,70
1548,46,48,4218,4220,4632,2,414
1691,61,48,4608,4610,4635,2,27
1565,63,48,4264,4265,4638,1,374
1517,15,48,4133,4134,4641,1,508
1327,17,48,3615,3617,4644,2,1029
1330,20,48,3623,3625,4647,2,1024
1523,21,48,4150,4151,4650,1,500
1333,23,48,3631,3632,4653,1,1022
1336,26,48,3639,3641,4656,2,1017
1529,27,48,4166,4168,4659,2,493
1339,29,48,3647,3648,4662,1,1015
1678,48,48,4572,4574,4665,2,93
1679,49,48,4575,4577,4668,2,93
1554,52,48,4234,4235,4671,1,437
1684,54,48,4589,4590,4674,1,85
1685,55,48,4591,4593,4677,2,86
1560,58,48,4250,4251,4680,1,430
1690,60,48,4605,4607,4683,2,78
1695,1,48,4618,4619,4686,1,68
1506,4,48,4103,4104,4689,1,586
1700,6,48,4632,4634,4692,2,60
1701,7,48,4634,4635,4695,1,61
1512,10,48,4120,4121,4698,1,578
1706,12,48,4648,4649,4701,1,53
1707,13,48,4651,4652,4704,1,53
1436,62,48,3911,3912,4707,1,796
1566,64,48,4267,4268,4710,1,443
1725,31,48,4700,4702,4713,2,13
1599,33,48,4356,4358,4716,2,360
1473,35,48,4013,4015,4719,2,706
1476,38,48,4021,4022,4722,1,701
1605,39,48,4373,4374,4725,1,352
1479,41,48,4029,4031,4728,2,699
1482,44,48,4037,4038,4731,1,694
1611,45,48,4389,4391,4734,2,345
1696,2,48,4621,4622,4737,1,116
1518,16,48,4136,4138,4740,2,604
1712,18,48,4664,4665,4743,1,79
1713,19,48,4667,4668,4746,1,79
1524,22,48,4152,4154,4749,2,597
1718,24,48,4681,4682,4752,1,71
1719,25,48,4683,4685,4755,2,72
1530,28,48,4169,4170,4758,1,589
1724,30,48,4697,4698,4761,1,64
1485,47,48,4045,4046,4764,1,719
1743,49,48,4749,4751,4767,2,18
1617,51,48,4405,4407,4770,2,365
1491,53,48,4062,4064,4773,2,711
1494,56,48,4070,4071,4776,1,706
1623,57,48,4422,4424,4779,2,357
1497,59,48,4078,4079,4782,1,704
1569,3,48,4274,4275,4785,1,511
1379,5,48,3756,3758,4788,2,1032
1382,8,48,3764,3765,4791,1,1027
1575,9,48,4291,4292,4794,1,503
1385,11,48,3772,3774,4797,2,1025
1388,14,48,3780,3782,4800,2,1020
1470,32,48,4005,4007,4803,2,798
1600,34,48,4359,4361,4806,2,447
1730,36,48,4713,4715,4809,2,96
1731,37,48,4716,4718,4812,2,96
1606,40,48,4375,4377,4815,2,440
1736,42,48,4730,4732,4818,2,88
1737,43,48,4733,4734,4821,1,88
1612,46,48,4392,4394,4824,2,432
1755,61,48,4782,4784,4827,2,45
1629,63,48,4438,4439,4830,1,392
1581,15,48,4307,4308,4833,1,526
1391,17,48,3789,3791,4836,2,1047
1394,20,48,3797,3799,4839,2,1042
1587,21,48,4324,4325,4842,1,518
1397,23,48,3805,3806,4845,1,1040
1400,26,48,3813,3815,4848,2,1035
1593,27,48,4340,4342,4851,2,511
1403,29,48,3821,3822,4854,1,1033
1742,48,48,4746,4748,4857,2,111
1488,50,48,4054,4055,4860,1,806
1618,52,48,4408,4409,4863,1,455
1748,54,48,4763,4764,4866,1,103
1749,55,48,4765,4767,4869,2,104
1624,58,48,4424,4425,4872,1,448
1754,60,48,4779,4781,4875,2,96
1759,1,48,4793,4794,4878,1,85
1570,4,48,4277,4278,4881,1,604
1764,6,48,4807,4808,4884,1,77
1765,7,48,4809,4811,4887,2,78
1576,10,48,4294,4295,4890,1,596
1770,12,48,4823,4824,4893,1,70
1771,13,48,4826,4828,4896,2,70
1500,62,48,4086,4088,4899,2,813
1630,64,48,4441,4442,4902,1,461
1789,31,48,4875,4877,4905,2,30
1663,33,48,4531,4533,4908,2,377
1537,35,48,4188,4190,4911,2,723
1795,37,48,4891,4892,4914,1,23
1669,39,48,4548,4550,4917,2,369
1543,41,48,4204,4205,4920,1,716
1801,43,48,4908,4910,4923,2,15
1675,45,48,4564,4565,4926,1,362
1760,2,48,4796,4798,4929,2,133
1582,16,48,4310,4312,4932,2,622
1776,18,48,4839,4841,4935,2,96
1777,19,48,4842,4844,4938,2,96
1588,22,48,4326,4328,4941,2,615
1782,24,48,4856,4858,4944,2,88
1783,25,48,4858,4859,4947,1,89
1594,28,48,4343,4344,4950,1,607
1788,30,48,4872,4874,4953,2,81
1806,48,48,4921,4922,4956,1,35
1807,49,48,4924,4925,4959,1,35
1681,51,48,4580,4581,4962,1,382
1812,54,48,4938,4940,4965,2,27
1813,55,48,4940,4941,4968,1,28
1687,57,48,4597,4598,4971,1,374
1561,59,48,4253,4254,4974,1,721
1633,3,48,4449,4451,4977,2,528
1443,5,48,3931,3932,4980,1,1049
1446,8,48,3939,3941,4983,2,1044
1639,9,48,4466,4468,4986,2,520
1449,11,48,3947,3948,4989,1,1042
1452,14,48,3955,3956,4992,1,1037
1534,32,48,4180,4181,4995,1,815
1664,34,48,4534,4535,4998,1,464
1794,36,48,4888,4889,5001,1,113
1540,38,48,4196,4198,5004,2,808
1670,40,48,4550,4551,5007,1,457
1800,42,48,4905,4907,5010,2,105
1546,44,48,4212,4214,5013,2,801
1676,46,48,4567,4568,5016,1,449
1819,61,48,4957,4958,5019,1,62
1693,63,48,4613,4614,5022,1,409
1645,15,48,4482,4484,5025,2,543
1455,17,48,3964,3965,5028,1,1064
1841,19,48,5016,5018,5031,2,15
1651,21,48,4499,4500,5034,1,535
1461,23,48,3980,3981,5037,1,1057
1464,26,48,3988,3989,5040,1,1052
1657,27,48,4515,4517,5043,2,528
1467,29,48,3996,3998,5046,2,1050
1549,47,48,4220,4221,5049,1,829
1552,50,48,4229,4230,5052,1,823
1682,52,48,4583,4584,5055,1,472
1555,53,48,4237,4238,5058,1,821
1558,56,48,4245,4247,5061,2,816
1688,58,48,4599,4601,5064,2,465
1818,60,48,4954,4955,5067,1,113
1823,1,48,4967,4968,5070,1,103
1634,4,48,4452,4454,5073,2,621
1828,6,48,4981,4982,5076,1,95
1829,7,48,4983,4985,5079,2,96
1640,10,48,4469,4470,5082,1,613
1834,12,48,4997,4998,5085,1,88
1835,13,48,5000,5002,5088,2,88
1564,62,48,4261,4263,5091,2,830
1694,64,48,4616,4618,5094,2,478
1853,31,48,5049,5051,5097,2,48
1727,33,48,4705,4707,5100,2,395
1858,36,48,5062,5063,5103,1,41
1859,37,48,5065,5066,5106,1,41
1733,39,48,4722,4724,5109,2,387
1864,42,48,5079,5081,5112,2,33
1865,43,48,5082,5084,5115,2,33
1739,45,48,4738,4739,5118,1,380
1824,2,48,4970,4971,5121,1,151
1646,16,48,4485,4487,5124,2,639
1840,18,48,5013,5015,5127,2,114
1458,20,48,3972,3974,5130,2,1158
1652,22,48,4501,4503,5133,2,632
1846,24,48,5030,5032,5136,2,106
1847,25,48,5032,5033,5139,1,107
1658,28,48,4518,4520,5142,2,624
1852,30,48,5046,5048,5145,2,99
1870,48,48,5095,5096,5148,1,53
1871,49,48,5098,5099,5151,1,53
1745,51,48,4754,4755,5154,1,400
1876,54,48,5112,5114,5157,2,45
1877,55,48,5114,5115,5160,1,46
1751,57,48,4771,4772,5163,1,392
1882,60,48,5128,5129,5166,1,38
1697,3,48,4623,4625,5169,2,546
1507,5,48,4106,4108,5172,2,1066
1893,7,48,5158,5160,5175,2,17
1703,9,48,4640,4642,5178,2,538
1513,11,48,4122,4124,5181,2,1059
1516,14,48,4130,4131,5184,1,1054
1598,32,48,4354,4355,5187,1,833
1728,34,48,4708,4709,5190,1,482
1601,35,48,4362,4364,5193,2,831
1604,38,48,4370,4372,5196,2,826
1734,40,48,4724,4725,5199,1,475
1607,41,48,4378,4379,5202,1,824
1610,44,48,4386,4388,5205,2,819
1740,46,48,4741,4742,5208,1,467
1883,61,48,5131,5132,5211,1,80
1757,63,48,4787,4788,5214,1,427
1887,1,48,5142,5144,5217,2,75
1709,15,48,4656,4658,5220,2,564
1904,18,48,5188,5190,5223,2,35
1905,19,48,5191,5192,5226,1,35
1715,21,48,4673,4674,5229,1,556
1525,23,48,4155,4157,5232,2,1077
1911,25,48,5207,5208,5235,1,28
1721,27,48,4689,4691,5238,2,549
1531,29,48,4171,4173,5241,2,1070
1613,47,48,4394,4395,5244,1,850
1616,50,48,4403,4404,5247,1,844
1746,52,48,4757,4758,5250,1,493
1619,53,48,4411,4412,5253,1,842
1622,56,48,4419,4421,5256,2,837
1752,58,48,4773,4775,5259,2,486
1625,59,48,4427,4428,5262,1,835
1888,2,48,5145,5147,5265,2,120
1698,4,48,4626,4628,5268,2,642
1892,6,48,5156,5157,5271,1,115
1510,8,48,4114,4115,5274,1,1160
1704,10,48,4643,4644,5277,1,634
1898,12,48,5172,5174,5280,2,108
1899,13,48,5175,5177,5283,2,108
1628,62,48,4435,4437,5286,2,851
1758,64,48,4790,4792,5289,2,499
1917,31,48,5224,5225,5292,1,68
1791,33,48,4880,4881,5295,1,415
1922,36,48,5237,5238,5298,1,61
1923,37,48,5240,5241,5301,1,61
1797,39,48,4897,4898,5304,1,407
1928,42,48,5254,5255,5307,1,53
1929,43,48,5257,5258,5310,1,53
1803,45,48,4913,4914,5313,1,400
1710,16,48,4659,4661,5316,2,657
1519,17,48,4139,4140,5319,1,1180
1522,20,48,4147,4148,5322,1,1175
1716,22,48,4675,4677,5325,2,650
1910,24,48,5205,5207,5328,2,123
1528,26,48,4163,4164,5331,1,1168
1722,28,48,4692,4694,5334,2,642
1916,30,48,5221,5222,5337,1,116
1934,48,48,5270,5271,5340,1,70
1935,49,48,5273,5275,5343,2,70
1809,51,48,4929,4931,5346,2,417
1940,54,48,5287,5288,5349,1,62
1941,55,48,5289,5291,5352,2,63
1815,57,48,4946,4948,5355,2,409
1946,60,48,5303,5305,5358,2,55
1761,3,48,4798,4799,5361,1,563
1956,6,48,5330,5331,5364,1,34
1957,7,48,5332,5334,5367,2,35
1767,9,48,4815,4817,5370,2,555
1577,11,48,4296,4298,5373,2,1077
1963,13,48,5349,5351,5376,2,27
1662,32,48,4529,4530,5379,1,850
1792,34,48,4883,4884,5382,1,499
1665,35,48,4537,4538,5385,1,848
1668,38,48,4545,4547,5388,2,843
1798,40,48,4899,4901,5391,2,492
1671,41,48,4553,4554,5394,1,841
1674,44,48,4561,4563,5397,2,836
1804,46,48,4916,4918,5400,2,484
1947,61,48,5306,5307,5403,1,97
1821,63,48,4962,4964,5406,2,444
1951,1,48,5316,5318,5409,2,93
1773,15,48,4831,4832,5412,1,581
1968,18,48,5362,5364,5415,2,53
1969,19,48,5365,5366,5418,1,53
1779,21,48,4848,4850,5421,2,573
1974,24,48,5379,5381,5424,2,45
1975,25,48,5381,5382,5427,1,46
1785,27,48,4864,4865,5430,1,566
1980,30,48,5395,5396,5433,1,38
1677,47,48,4569,4571,5436,2,867
1680,50,48,4578,4580,5439,2,861
1810,52,48,4932,4934,5442,2,510
1683,53,48,4586,4588,5445,2,859
1686,56,48,4594,4595,5448,1,854
1816,58,48,4948,4949,5451,1,503
1689,59,48,4602,4604,5454,2,852
1952,2,48,5319,5321,5457,2,138
1762,4,48,4801,4802,5460,1,659
1571,5,48,4280,4282,5463,2,1183
1574,8,48,4288,4289,5466,1,1178
1768,10,48,4818,4820,5469,2,651
1962,12,48,5346,5348,5472,2,126
1580,14,48,4304,4305,5475,1,1171
1692,62,48,4610,4611,5478,1,868
1822,64,48,4965,4967,5481,2,516
1981,31,48,5398,5399,5484,1,86
1855,33,48,5054,5055,5487,1,433
1986,36,48,5411,5412,5490,1,79
1987,37,48,5414,5415,5493,1,79
1861,39,48,5071,5072,5496,1,425
1992,42,48,5428,5429,5499,1,71
1993,43,48,5431,5432,5502,1,71
1867,45,48,5087,5088,5505,1,418
1774,16,48,4834,4835,5508,1,674
1583,17,48,4313,4314,5511,1,1198
1586,20,48,4321,4322,5514,1,1193
1780,22,48,4850,4851,5517,1,667
1589,23,48,4329,4331,5520,2,1191
1592,26,48,4337,4338,5523,1,1186
1786,28,48,4867,4868,5526,1,659
1595,29,48,4345,4347,5529,2,1184
1998,48,48,5444,5445,5532,1,88
1999,49,48,5447,5449,5535,2,88
1873,51,48,5103,5105,5538,2,435
2004,54,48,5461,5462,5541,1,80
2005,55,48,5463,5465,5544,2,81
1879,57,48,5120,5122,5547,2,427
2010,60,48,5477,5479,5550,2,73
2015,1,48,5491,5492,5553,1,62
1825,3,48,4972,4974,5556,2,584
2020,6,48,5505,5507,5559,2,54
2021,7,48,5507,5508,5562,1,55
1831,9,48,4989,4991,5565,2,576
2026,12,48,5521,5522,5568,1,47
2027,13,48,5524,5525,5571,1,47
1726,32,48,4703,4704,5574,1,871
1856,34,48,5057,5058,5577,1,520
1729,35,48,4711,4712,5580,1,869
1732,38,48,4719,4721,5583,2,864
1862,40,48,5073,5075,5586,2,513
1735,41,48,4727,4728,5589,1,862
1738,44,48,4735,4737,5592,2,857
1868,46,48,5090,5092,5595,2,505
2011,61,48,5480,5481,5598,1,118
1885,63,48,5136,5138,5601,2,465
2016,2,48,5494,5495,5604,1,110
1837,15,48,5005,5006,5607,1,602
2032,18,48,5537,5538,5610,1,73
2033,19,48,5540,5541,5613,1,73
1843,21,48,5022,5024,5616,2,594
2038,24,48,5554,5555,5619,1,65
2039,25,48,5556,5558,5622,2,66
1849,27,48,5038,5039,5625,1,587
2044,30,48,5570,5571,5628,1,58
1741,47,48,4743,4745,5631,2,888
1744,50,48,4752,4754,5634,2,882
1874,52,48,5106,5108,5637,2,531
1747,53,48,4760,4762,5640,2,880
1750,56,48,4768,4769,5643,1,875
1880,58,48,5122,5123,5646,1,524
1753,59,48,4776,4778,5649,2,873
1826,4,48,4975,4976,5652,1,677
1635,5,48,4455,4457,5655,2,1200
1638,8,48,4463,4464,5658,1,1195
1832,10,48,4992,4994,5661,2,669
1641,11,48,4471,4473,5664,2,1193
1644,14,48,4479,4481,5667,2,1188
2075,61,48,5655,5657,5670,2,15
1886,64,48,5139,5141,5673,2,534
2045,31,48,5573,5575,5676,2,103
1919,33,48,5229,5231,5679,2,450
2050,36,48,5586,5588,5682,2,96
2051,37,48,5589,5591,5685,2,96
1925,39,48,5246,5247,5688,1,442
2056,42,48,5603,5605,5691,2,88
2057,43,48,5606,5607,5694,1,88
1931,45,48,5262,5264,5697,2,435
1838,16,48,5008,5009,5700,1,692
1647,17,48,4488,4490,5703,2,1215
1650,20,48,4496,4498,5706,2,1210
1844,22,48,5024,5025,5709,1,685
1653,23,48,4504,4505,5712,1,1208
1656,26,48,4512,4514,5715,2,1203
1850,28,48,5041,5042,5718,1,677
1659,29,48,4520,4521,5721,1,1201
2062,48,48,5619,5621,5724,2,105
2063,49,48,5622,5624,5727,2,105
1937,51,48,5278,5280,5730,2,452
2068,54,48,5636,5637,5733,1,97
2069,55,48,5638,5640,5736,2,98
1943,57,48,5295,5297,5739,2,444
2074,60,48,5652,5654,5742,2,90
2079,1,48,5665,5666,5745,1,80
1889,3,48,5147,5148,5748,1,601
2084,6,48,5679,5681,5751,2,72
2085,7,48,5681,5682,5754,1,73
1895,9,48,5164,5165,5757,1,593
2090,12,48,5695,5696,5760,1,65
2091,13,48,5698,5699,5763,1,65
2109,31,48,5747,5749,5766,2,19
1920,34,48,5232,5234,5769,2,537
1793,35,48,4886,4888,5772,2,886
1796,38,48,4894,4895,5775,1,881
1926,40,48,5248,5250,5778,2,530
1799,41,48,4902,4904,5781,2,879
1802,44,48,4910,4911,5784,1,874
1932,46,48,5265,5267,5787,2,522
1756,62,48,4784,4785,5790,1,1006
1949,63,48,5311,5312,5793,1,482
2080,2,48,5668,5669,5796,1,128
1901,15,48,5180,5181,5799,1,619
2096,18,48,5711,5712,5802,1,91
2097,19,48,5714,5715,5805,1,91
1907,21,48,5197,5198,5808,1,611
2102,24,48,5728,5729,5811,1,83
2103,25,48,5730,5732,5814,2,84
1913,27,48,5213,5215,5817,2,604
2108,30,48,5744,5745,5820,1,76
2126,48,48,5793,5795,5823,2,30
2127,49,48,5796,5798,5826,2,30
1938,52,48,5281,5282,5829,1,548
1811,53,48,4935,4937,5832,2,897
2133,55,48,5812,5814,5835,2,23
1944,58,48,5297,5298,5838,1,541
1817,59,48,4951,4952,5841,1,890
1890,4,48,5150,5151,5844,1,694
1699,5,48,4629,4631,5847,2,1218
1702,8,48,4637,4638,5850,1,1213
1896,10,48,5167,5168,5853,1,686
1705,11,48,4645,4647,5856,2,1211
1708,14,48,4653,4655,5859,2,1206
2139,61,48,5829,5831,5862,2,33
1950,64,48,5314,5315,5865,1,551
1790,32,48,4878,4880,5868,2,990
1983,33,48,5403,5405,5871,2,468
2114,36,48,5760,5762,5874,2,114
2115,37,48,5763,5765,5877,2,114
1989,39,48,5420,5421,5880,1,460
2120,42,48,5777,5779,5883,2,106
2121,43,48,5780,5781,5886,1,106
1995,45,48,5436,5438,5889,2,453
1902,16,48,5183,5185,5892,2,709
1711,17,48,4662,4664,5895,2,1233
1714,20,48,4670,4672,5898,2,1228
1908,22,48,5199,5201,5901,2,702
1717,23,48,4678,4679,5904,1,1226
1720,26,48,4686,4688,5907,2,1221
1914,28,48,5216,5217,5910,1,694
1723,29,48,4694,4695,5913,1,1219
1805,47,48,4918,4919,5916,1,998
1808,50,48,4927,4928,5919,1,992
2001,51,48,5452,5454,5922,2,470
2132,54,48,5810,5811,5925,1,115
1814,56,48,4943,4944,5928,1,985
2007,57,48,5469,5471,5931,2,462
2138,60,48,5826,5828,5934,2,108
2143,1,48,5840,5841,5937,1,97
1953,3,48,5321,5322,5940,1,619
2148,6,48,5854,5855,5943,1,89
2149,7,48,5856,5858,5946,2,90
1959,9,48,5338,5339,5949,1,611
2154,12,48,5870,5871,5952,1,82
2155,13,48,5873,5875,5955,2,82
2173,31,48,5922,5924,5958,2,36
1984,34,48,5406,5408,5961,2,555
2178,36,48,5935,5936,5964,1,29
2179,37,48,5938,5939,5967,1,29
1990,40,48,5422,5424,5970,2,548
1863,41,48,5076,5078,5973,2,897
2185,43,48,5955,5957,5976,2,21
1996,46,48,5439,5441,5979,2,540
1820,62,48,4959,4961,5982,2,1023
2013,63,48,5485,5486,5985,1,500
2144,2,48,5843,5845,5988,2,145
1965,15,48,5354,5355,5991,1,637
2160,18,48,5886,5888,5994,2,108
2161,19,48,5889,5891,5997,2,108
1971,21,48,5371,5372,6000,1,629
2166,24,48,5903,5905,6003,2,100
2167,25,48,5905,5906,6006,1,101
1977,27,48,5387,5389,6009,2,622
2172,30,48,5919,5921,6012,2,93
2190,48,48,5968,5969,6015,1,47
2191,49,48,5971,5972,6018,1,47
2002,52,48,5455,5456,6021,1,566
2196,54,48,5985,5987,6024,2,39
2197,55,48,5987,5988,6027,1,40
2008,58,48,5471,5472,6030,1,559
2202,60,48,6001,6002,6033,1,32
1954,4,48,5324,5325,6036,1,712
1763,5,48,4804,4805,6039,1,1235
1766,8,48,4812,4814,6042,2,1230
1960,10,48,5341,5342,6045,1,704
1769,11,48,4820,4821,6048,1,1228
1772,14,48,4828,4829,6051,1,1223
2203,61,48,6004,6005,6054,1,50
2014,64,48,5488,5489,6057,1,569
1854,32,48,5052,5054,6060,2,1008
2047,33,48,5578,5580,6063,2,485
1857,35,48,5060,5062,6066,2,1006
1860,38,48,5068,5069,6069,1,1001
2053,39,48,5595,5597,6072,2,477
2184,42,48,5952,5954,6075,2,123
1866,44,48,5084,5085,6078,1,994
2059,45,48,5611,5612,6081,1,470
2207,1,48,6015,6017,6084,2,69
1966,16,48,5357,5359,6087,2,730
1775,17,48,4837,4838,6090,1,1253
2225,19,48,6064,6065,6093,1,29
1972,22,48,5373,5375,6096,2,723
1781,23,48,4853,4854,6099,1,1246
2231,25,48,6080,6081,6102,1,22
1978,28,48,5390,5391,6105,1,715
1787,29,48,4869,4871,6108,2,1239
1869,47,48,5092,5093,6111,1,1019
1872,50,48,5101,5102,6114,1,1013
2065,51,48,5627,5628,6117,1,490
1875,53,48,5109,5111,6120,2,1011
1878,56,48,5117,5118,6123,1,1006
2071,57,48,5644,5645,6126,1,482
1881,59,48,5125,5126,6129,1,1004
2208,2,48,6018,6020,6132,2,114
2017,3,48,5496,5498,6135,2,639
2212,6,48,6029,6030,6138,1,109
2213,7,48,6031,6033,6141,2,110
2023,9,48,5513,5515,6144,2,631
2218,12,48,6045,6047,6147,2,102
2219,13,48,6048,6050,6150,2,102
2237,31,48,6097,6098,6153,1,56
2048,34,48,5581,5582,6156,1,575
2242,36,48,6110,6111,6159,1,49
2243,37,48,6113,6114,6162,1,49
2054,40,48,5597,5598,6165,1,568
2248,42,48,6127,6128,6168,1,41
2249,43,48,6130,6131,6171,1,41
2060,46,48,5614,5615,6174,1,560
1884,62,48,5133,5135,6177,2,1044
2077,63,48,5660,5661,6180,1,520
2029,15,48,5529,5531,6183,2,654
2224,18,48,6061,6063,6186,2,125
1778,20,48,4845,4847,6189,2,1344
2035,21,48,5546,5547,6192,1,646
2230,24,48,6078,6080,6195,2,117
1784,26,48,4861,4862,6198,1,1337
2041,27,48,5562,5564,6201,2,639
2236,30,48,6094,6095,6204,1,110
2254,48,48,6143,6144,6207,1,64
2255,49,48,6146,6148,6210,2,64
2066,52,48,5630,5631,6213,1,583
2260,54,48,6160,6161,6216,1,56
2261,55,48,6162,6164,6219,2,57
2072,58,48,5646,5648,6222,2,576
2266,60,48,6176,6178,6225,2,49
2018,4,48,5499,5501,6228,2,729
2276,6,48,6203,6204,6231,1,28
2277,7,48,6205,6207,6234,2,29
2024,10,48,5516,5517,6237,1,721
1833,11,48,4994,4995,6240,1,1246
2283,13,48,6222,6224,6243,2,21
2267,61,48,6179,6180,6246,1,67
2078,64,48,5663,5665,6249,2,586
1918,32,48,5227,5228,6252,1,1025
2111,33,48,5752,5754,6255,2,503
1921,35,48,5235,5237,6258,2,1023
1924,38,48,5243,5245,6261,2,1018
2117,39,48,5769,5771,6264,2,495
1927,41,48,5251,5252,6267,1,1016
1930,44,48,5259,5261,6270,2,1011
2123,45,48,5785,5786,6273,1,488
2271,1,48,6189,6191,6276,2,87
2030,16,48,5532,5534,6279,2,747
2288,18,48,6235,6237,6282,2,47
2289,19,48,6238,6239,6285,1,47
2036,22,48,5548,5550,6288,2,740
2294,24,48,6252,6254,6291,2,39
2295,25,48,6254,6255,6294,1,40
2042,28,48,5565,5567,6297,2,732
2300,30,48,6268,6269,6300,1,32
1933,47,48,5267,5268,6303,1,1036
1936,50,48,5276,5277,6306,1,1030
2129,51,48,5801,5802,6309,1,508
1939,53,48,5284,5285,6312,1,1028
1942,56,48,5292,5294,6315,2,1023
2135,57,48,5818,5819,6318,1,500
1945,59,48,5300,5301,6321,1,1021
2272,2,48,6192,6194,6324,2,132
2081,3,48,5670,5672,6327,2,657
1827,5,48,4978,4979,6330,1,1352
1830,8,48,4986,4988,6333,2,1347
2087,9,48,5687,5689,6336,2,649
2282,12,48,6219,6221,6339,2,120
1836,14,48,5002,5003,6342,1,1340
2301,31,48,6271,6272,6345,1,74
2112,34,48,5755,5756,6348,1,593
2306,36,48,6284,6285,6351,1,67
2307,37,48,6287,6288,6354,1,67
2118,40,48,5771,5772,6357,1,586
2312,42,48,6301,6302,6360,1,59
2313,43,48,6304,6305,6363,1,59
2124,46,48,5788,5789,6366,1,578
2331,61,48,6353,6354,6369,1,16
2141,63,48,5834,5835,6372,1,538
2093,15,48,5703,5705,6375,2,672
1839,17,48,5011,5012,6378,1,1367
1842,20,48,5019,5021,6381,2,1362
2099,21,48,5720,5721,6384,1,664
1845,23,48,5027,5028,6387,1,1360
1848,26,48,5035,5036,6390,1,1355
2105,27,48,5736,5738,6393,2,657
1851,29,48,5043,5045,6396,2,1353
2318,48,48,6317,6318,6399,1,82
2319,49,48,6320,6322,6402,2,82
2130,52,48,5804,5805,6405,1,601
2324,54,48,6334,6335,6408,1,74
2325,55,48,6336,6338,6411,2,75
2136,58,48,5820,5822,6414,2,594
2330,60,48,6350,6352,6417,2,67
2082,4,48,5673,5675,6420,2,747
2340,6,48,6378,6380,6423,2,45
2341,7,48,6380,6381,6426,1,46
2088,10,48,5690,5691,6429,1,739
2346,12,48,6394,6395,6432,1,38
2347,13,48,6397,6398,6435,1,38
1948,62,48,5308,5310,6438,2,1130
2142,64,48,5837,5839,6441,2,604
1982,32,48,5401,5402,6444,1,1043
2175,33,48,5927,5928,6447,1,520
1985,35,48,5409,5411,6450,2,1041
1988,38,48,5417,5419,6453,2,1036
2181,39,48,5944,5945,6456,1,512
1991,41,48,5425,5426,6459,1,1034
1994,44,48,5433,5435,6462,2,1029
2187,45,48,5960,5961,6465,1,505
2335,1,48,6364,6365,6468,1,104
2094,16,48,5706,5708,6471,2,765
2352,18,48,6410,6411,6474,1,64
2353,19,48,6413,6414,6477,1,64
2100,22,48,5722,5724,6480,2,758
2358,24,48,6427,6428,6483,1,56
2359,25,48,6429,6431,6486,2,57
2106,28,48,5739,5741,6489,2,750
2364,30,48,6443,6444,6492,1,49
1997,47,48,5441,5442,6495,1,1054
2000,50,48,5450,5451,6498,1,1048
2193,51,48,5976,5978,6501,2,525
2003,53,48,5458,5459,6504,1,1046
2006,56,48,5466,5468,6507,2,1041
2199,57,48,5993,5995,6510,2,517
2009,59,48,5474,5475,6513,1,1039
2336,2,48,6367,6368,6516,1,149
2145,3,48,5845,5846,6519,1,674
1891,5,48,5153,5155,6522,2,1369
1894,8,48,5161,5162,6525,1,1364
2151,9,48,5862,5864,6528,2,666
1897,11,48,5169,5171,6531,2,1362
1900,14,48,5177,5178,6534,1,1357
2365,31,48,6446,6448,6537,2,91
2176,34,48,5930,5931,6540,1,610
2370,36,48,6459,6461,6543,2,84
2371,37,48,6462,6464,6546,2,84
2182,40,48,5946,5948,6549,2,603
2376,42,48,6476,6478,6552,2,76
2377,43,48,6479,6480,6555,1,76
2188,46,48,5963,5965,6558,2,595
2395,61,48,6528,6530,6561,2,33
2205,63,48,6009,6011,6564,2,555
2157,15,48,5878,5879,6567,1,689
1903,17,48,5186,5187,6570,1,1384
1906,20,48,5194,5195,6573,1,1379
2163,21,48,5895,5897,6576,2,681
1909,23,48,5202,5204,6579,2,1377
1912,26,48,5210,5211,6582,1,1372
2169,27,48,5911,5912,6585,1,674
1915,29,48,5218,5220,6588,2,1370
2382,48,48,6492,6494,6591,2,99
2383,49,48,6495,6497,6594,2,99
2194,52,48,5979,5981,6597,2,618
2388,54,48,6509,6510,6600,1,91
2389,55,48,6511,6513,6603,2,92
2200,58,48,5995,5996,6606,1,611
2394,60,48,6525,6527,6609,2,84
2399,1,48,6538,6539,6612,1,74
2146,4,48,5848,5849,6615,1,767
2404,6,48,6552,6554,6618,2,66
2405,7,48,6554,6555,6621,1,67
2152,10,48,5865,5867,6624,2,759
2410,12,48,6568,6569,6627,1,59
2411,13,48,6571,6572,6630,1,59
2012,62,48,5482,5484,6633,2,1151
2206,64,48,6012,6014,6636,2,624
2429,31,48,6620,6622,6639,2,19
2239,33,48,6102,6104,6642,2,540
2049,35,48,5584,5585,6645,1,1061
2052,38,48,5592,5594,6648,2,1056
2245,39,48,6119,6120,6651,1,532
2055,41,48,5600,5601,6654,1,1054
2058,44,48,5608,5610,6657,2,1049
2251,45,48,6135,6137,6660,2,525
2400,2,48,6541,6542,6663,1,122
2158,16,48,5881,5882,6666,1,785
2416,18,48,6584,6585,6669,1,85
2417,19,48,6587,6588,6672,1,85
2164,22,48,5897,5898,6675,1,778
2422,24,48,6601,6602,6678,1,77
2423,25,48,6603,6605,6681,2,78
2170,28,48,5914,5915,6684,1,770
2428,30,48,6617,6618,6687,1,70
2061,47,48,5616,5618,6690,2,1074
2447,49,48,6669,6671,6693,2,24
2257,51,48,6151,6153,6696,2,545
2067,53,48,5633,5635,6699,2,1066
2453,55,48,6685,6687,6702,2,17
2263,57,48,6168,6170,6705,2,537
2073,59,48,5649,5651,6708,2,1059
2209,3,48,6020,6021,6711,1,691
1955,5,48,5327,5329,6714,2,1387
1958,8,48,5335,5336,6717,1,1382
2215,9,48,6037,6038,6720,1,683
1961,11,48,5343,5345,6723,2,1380
1964,14,48,5351,5352,6726,1,1375
2046,32,48,5576,5577,6729,1,1153
2240,34,48,6105,6107,6732,2,627
2434,36,48,6633,6635,6735,2,102
2435,37,48,6636,6638,6738,2,102
2246,40,48,6121,6123,6741,2,620
2440,42,48,6650,6652,6744,2,94
2441,43,48,6653,6654,6747,1,94
2252,46,48,6138,6140,6750,2,612
2459,61,48,6702,6704,6753,2,51
2269,63,48,6184,6185,6756,1,572
2221,15,48,6053,6054,6759,1,706
1967,17,48,5360,5361,6762,1,1402
1970,20,48,5368,5369,6765,1,1397
2227,21,48,6070,6071,6768,1,698
1973,23,48,5376,5378,6771,2,1395
1976,26,48,5384,5385,6774,1,1390
2233,27,48,6086,6088,6777,2,691
1979,29,48,5392,5394,6780,2,1388
2446,48,48,6666,6668,6783,2,117
2064,50,48,5625,5627,6786,2,1161
2258,52,48,6154,6155,6789,1,635
2452,54,48,6683,6684,6792,1,109
2070,56,48,5641,5642,6795,1,1154
2264,58,48,6170,6171,6798,1,628
2458,60,48,6699,6701,6801,2,102
2463,1,48,6713,6714,6804,1,91
2210,4,48,6023,6024,6807,1,784
2468,6,48,6727,6728,6810,1,83
2469,7,48,6729,6731,6813,2,84
2216,10,48,6040,6041,6816,1,776
2474,12,48,6743,6744,6819,1,76
2475,13,48,6746,6748,6822,2,76
2076,62,48,5657,5658,6825,1,1168
2270,64,48,6187,6188,6828,1,641
2493,31,48,6795,6797,6831,2,36
2303,33,48,6276,6278,6834,2,558
2498,36,48,6808,6809,6837,1,29
2499,37,48,6811,6812,6840,1,29
2309,39,48,6293,6294,6843,1,550
2119,41,48,5774,5775,6846,1,1072
2505,43,48,6828,6830,6849,2,21
2315,45,48,6309,6311,6852,2,543
2464,2,48,6716,6718,6855,2,139
2222,16,48,6056,6058,6858,2,802
2480,18,48,6759,6761,6861,2,102
2481,19,48,6762,6764,6864,2,102
2228,22,48,6072,6074,6867,2,795
2486,24,48,6776,6778,6870,2,94
2487,25,48,6778,6779,6873,1,95
2234,28,48,6089,6090,6876,1,787
2492,30,48,6792,6794,6879,2,87
2510,48,48,6841,6842,6882,1,41
2511,49,48,6844,6845,6885,1,41
2321,51,48,6325,6327,6888,2,563
2516,54,48,6858,6860,6891,2,33
2517,55,48,6860,6861,6894,1,34
2327,57,48,6342,6344,6897,2,555
2137,59,48,5823,5825,6900,2,1077
2273,3,48,6194,6195,6903,1,709
2019,5,48,5502,5504,6906,2,1404
2022,8,48,5510,5511,6909,1,1399
2279,9,48,6211,6212,6912,1,701
2025,11,48,5518,5520,6915,2,1397
2028,14,48,5526,5528,6918,2,1392
2110,32,48,5750,5751,6921,1,1171
2304,34,48,6279,6281,6924,2,645
2113,35,48,5758,5759,6927,1,1169
2116,38,48,5766,5768,6930,2,1164
2310,40,48,6295,6297,6933,2,638
2504,42,48,6825,6827,6936,2,111
2122,44,48,5782,5784,6939,2,1157
2316,46,48,6312,6314,6942,2,630
2523,61,48,6877,6878,6945,1,68
2333,63,48,6358,6359,6948,1,590
2527,1,48,6887,6888,6951,1,64
2285,15,48,6227,6228,6954,1,727
2031,17,48,5535,5537,6957,2,1422
2545,19,48,6936,6938,6960,2,24
2291,21,48,6244,6245,6963,1,719
2037,23,48,5551,5552,6966,1,1415
2551,25,48,6952,6953,6969,1,17
2297,27,48,6260,6262,6972,2,712
2043,29,48,5567,5568,6975,1,1408
2125,47,48,5790,5792,6978,2,1188
2128,50,48,5799,5801,6981,2,1182
2322,52,48,6328,6329,6984,1,656
2131,53,48,5807,5809,6987,2,1180
2134,56,48,5815,5816,6990,1,1175
2328,58,48,6344,6345,6993,1,649
2522,60,48,6874,6875,6996,1,122
2528,2,48,6890,6891,6999,1,109
2274,4,48,6197,6198,7002,1,805
2532,6,48,6901,6902,7005,1,104
2533,7,48,6903,6905,7008,2,105
2280,10,48,6214,6215,7011,1,797
2538,12,48,6917,6918,7014,1,97
2539,13,48,6920,6922,7017,2,97
2140,62,48,5831,5832,7020,1,1189
2334,64,48,6361,6362,7023,1,662
2557,31,48,6969,6971,7026,2,57
2367,33,48,6451,6453,7029,2,578
2562,36,48,6982,6983,7032,1,50
2563,37,48,6985,6986,7035,1,50
2373,39,48,6468,6470,7038,2,570
2568,42,48,6999,7001,7041,2,42
2569,43,48,7002,7004,7044,2,42
2379,45,48,6484,6485,7047,1,563
2286,16,48,6230,6232,7050,2,820
2544,18,48,6933,6935,7053,2,120
2034,20,48,5543,5545,7056,2,1513
2292,22,48,6246,6248,7059,2,813
2550,24,48,6950,6952,7062,2,112
2040,26,48,5559,5561,7065,2,1506
2298,28,48,6263,6264,7068,1,805
2556,30,48,6966,6968,7071,2,105
2574,48,48,7015,7016,7074,1,59
2575,49,48,7018,7019,7077,1,59
2385,51,48,6500,6501,7080,1,580
2580,54,48,7032,7034,7083,2,51
2581,55,48,7034,7035,7086,1,52
2391,57,48,6517,6518,7089,1,572
2586,60,48,7048,7049,7092,1,44
2337,3,48,6369,6371,7095,2,726
2083,5,48,5676,5678,7098,2,1422
2597,7,48,7078,7080,7101,2,23
2343,9,48,6386,6388,7104,2,718
2089,11,48,5692,5694,7107,2,1415
2603,13,48,7095,7097,7110,2,15
2174,32,48,5925,5927,7113,2,1188
2368,34,48,6454,6455,7116,1,662
2177,35,48,5933,5935,7119,2,1186
2180,38,48,5941,5942,7122,1,1181
2374,40,48,6470,6471,7125,1,655
2183,41,48,5949,5951,7128,2,1179
2186,44,48,5957,5958,7131,1,1174
2380,46,48,6487,6488,7134,1,647
2587,61,48,7051,7052,7137,1,86
2397,63,48,6533,6534,7140,1,607
2591,1,48,7062,7064,7143,2,81
2349,15,48,6402,6404,7146,2,744
2608,18,48,7108,7110,7149,2,41
2609,19,48,7111,7112,7152,1,41
2355,21,48,6419,6420,7155,1,736
2614,24,48,7125,7127,7158,2,33
2615,25,48,7127,7128,7161,1,34
2361,27,48,6435,6437,7164,2,729
2107,29,48,5741,5742,7167,1,1426
2189,47,48,5965,5966,7170,1,1205
2192,50,48,5974,5975,7173,1,1199
2386,52,48,6503,6504,7176,1,673
2195,53,48,5982,5984,7179,2,1197
2198,56,48,5990,5991,7182,1,1192
2392,58,48,6519,6521,7185,2,666
2201,59,48,5998,5999,7188,1,1190
2592,2,48,7065,7067,7191,2,126
2338,4,48,6372,6374,7194,2,822
2596,6,48,7076,7077,7197,1,121
2086,8,48,5684,5685,7200,1,1516
2344,10,48,6389,6390,7203,1,814
2602,12,48,7092,7094,7206,2,114
2092,14,48,5700,5702,7209,2,1509
2204,62,48,6006,6008,7212,2,1206
2398,64,48,6536,6538,7215,2,679
2621,31,48,7144,7145,7218,1,74
2431,33,48,6625,6627,7221,2,596
2626,36,48,7157,7158,7224,1,67
2627,37,48,7160,7161,7227,1,67
2437,39,48,6642,6644,7230,2,588
2632,42,48,7174,7175,7233,1,59
2633,43,48,7177,7178,7236,1,59
2443,45,48,6658,6659,7239,1,581
2350,16,48,6405,6407,7242,2,837
2095,17,48,5709,5711,7245,2,1536
2098,20,48,5717,5719,7248,2,1531
2356,22,48,6421,6423,7251,2,830
2101,23,48,5725,5726,7254,1,1529
2104,26,48,5733,5735,7257,2,1524
2362,28,48,6438,6440,7260,2,822
2620,30,48,7141,7142,7263,1,122
2638,48,48,7190,7191,7266,1,76
2639,49,48,7193,7195,7269,2,76
2449,51,48,6674,6675,7272,1,598
2644,54,48,7207,7208,7275,1,68
2645,55,48,7209,7211,7278,2,69
2455,57,48,6691,6692,7281,1,590
2650,60,48,7223,7225,7284,2,61
2401,3,48,6543,6545,7287,2,744
2660,6,48,7250,7251,7290,1,40
2661,7,48,7252,7254,7293,2,41
2407,9,48,6560,6562,7296,2,736
2666,12,48,7266,7268,7299,2,33
2667,13,48,7269,7271,7302,2,33
2238,32,48,6100,6101,7305,1,1205
2432,34,48,6628,6629,7308,1,680
2241,35,48,6108,6110,7311,2,1203
2244,38,48,6116,6118,7314,2,1198
2438,40,48,6644,6645,7317,1,673
2247,41,48,6124,6125,7320,1,1196
2250,44,48,6132,6134,7323,2,1191
2444,46,48,6661,6662,7326,1,665
2651,61,48,7226,7227,7329,1,103
2461,63,48,6707,6708,7332,1,625
2655,1,48,7236,7238,7335,2,99
2413,15,48,6576,6578,7338,2,762
2672,18,48,7282,7284,7341,2,59
2673,19,48,7285,7286,7344,1,59
2419,21,48,6593,6594,7347,1,754
2678,24,48,7299,7301,7350,2,51
2679,25,48,7301,7302,7353,1,52
2425,27,48,6609,6611,7356,2,747
2684,30,48,7315,7316,7359,1,44
2253,47,48,6140,6141,7362,1,1222
2256,50,48,6149,6150,7365,1,1216
2450,52,48,6677,6678,7368,1,691
2259,53,48,6157,6158,7371,1,1214
2262,56,48,6165,6167,7374,2,1209
2456,58,48,6693,6695,7377,2,684
2265,59,48,6173,6174,7380,1,1207
2656,2,48,7239,7241,7383,2,144
2402,4,48,6546,6548,7386,2,840
2147,5,48,5851,5852,7389,1,1538
2150,8,48,5859,5861,7392,2,1533
2408,10,48,6563,6564,7395,1,832
2153,11,48,5867,5868,7398,1,1531
2156,14,48,5875,5876,7401,1,1526
2268,62,48,6181,6183,7404,2,1223
2462,64,48,6710,6712,7407,2,697
2685,31,48,7318,7319,7410,1,92
2495,33,48,6800,6801,7413,1,613
2690,36,48,7331,7332,7416,1,85
2691,37,48,7334,7335,7419,1,85
2501,39,48,6817,6818,7422,1,605
2696,42,48,7348,7349,7425,1,77
2697,43,48,7351,7352,7428,1,77
2507,45,48,6833,6834,7431,1,598
2414,16,48,6579,6581,7434,2,855
2159,17,48,5884,5885,7437,1,1553
2162,20,48,5892,5894,7440,2,1548
2420,22,48,6595,6597,7443,2,848
2165,23,48,5900,5901,7446,1,1546
2168,26,48,5908,5909,7449,1,1541
2426,28,48,6612,6614,7452,2,840
2171,29,48,5916,5918,7455,2,1539
2702,48,48,7364,7365,7458,1,94
2703,49,48,7367,7369,7461,2,94
2513,51,48,6849,6851,7464,2,615
2708,54,48,7381,7382,7467,1,86
2709,55,48,7383,7385,7470,2,87
2519,57,48,6866,6868,7473,2,607
2714,60,48,7397,7399,7476,2,79
2719,1,48,7411,7412,7479,1,68
2465,3,48,6718,6719,7482,1,764
2724,6,48,7425,7427,7485,2,60
2725,7,48,7427,7428,7488,1,61
2471,9,48,6735,6737,7491,2,756
2730,12,48,7441,7442,7494,1,53
2731,13,48,7444,7445,7497,1,53
2302,32,48,6274,6275,7500,1,1226
2496,34,48,6803,6804,7503,1,700
2305,35,48,6282,6284,7506,2,1224
2308,38,48,6290,6292,7509,2,1219
2502,40,48,6819,6821,7512,2,693
2311,41,48,6298,6299,7515,1,1217
2314,44,48,6306,6308,7518,2,1212
2508,46,48,6836,6838,7521,2,685
2715,61,48,7400,7401,7524,1,124
2525,63,48,6882,6884,7527,2,645
2720,2,48,7414,7415,7530,1,116
2477,15,48,6751,6752,7533,1,782
2736,18,48,7457,7458,7536,1,79
2737,19,48,7460,7461,7539,1,79
2483,21,48,6768,6770,7542,2,774
2742,24,48,7474,7475,7545,1,71
2743,25,48,7476,7478,7548,2,72
2489,27,48,6784,6785,7551,1,767
2748,30,48,7490,7491,7554,1,64
2317,47,48,6314,6315,7557,1,1243
2767,49,48,7542,7544,7560,2,18
2514,52,48,6852,6854,7563,2,711
2323,53,48,6331,6332,7566,1,1235
2326,56,48,6339,6341,7569,2,1230
2520,58,48,6868,6869,7572,1,704
2329,59,48,6347,6348,7575,1,1228
2466,4,48,6721,6722,7578,1,857
2211,5,48,6026,6028,7581,2,1555
2214,8,48,6034,6035,7584,1,1550
2472,10,48,6738,6740,7587,2,849
2217,11,48,6042,6044,7590,2,1548
2220,14,48,6050,6051,7593,1,1543
2779,61,48,7575,7577,7596,2,21
2526,64,48,6885,6887,7599,2,714
2749,31,48,7493,7495,7602,2,109
2559,33,48,6974,6975,7605,1,631
2754,36,48,7506,7508,7608,2,102
2755,37,48,7509,7511,7611,2,102
2565,39,48,6991,6992,7614,1,623
2760,42,48,7523,7525,7617,2,94
2761,43,48,7526,7527,7620,1,94
2571,45,48,7007,7008,7623,1,616
2478,16,48,6754,6755,7626,1,872
2223,17,48,6059,6060,7629,1,1570
2226,20,48,6067,6068,7632,1,1565
2484,22,48,6770,6771,7635,1,865
2229,23,48,6075,6077,7638,2,1563
2232,26,48,6083,6084,7641,1,1558
2490,28,48,6787,6788,7644,1,857
2235,29,48,6091,6093,7647,2,1556
2766,48,48,7539,7541,7650,2,111
2320,50,48,6323,6324,7653,1,1330
2577,51,48,7023,7025,7656,2,633
2772,54,48,7556,7557,7659,1,103
2773,55,48,7558,7560,7662,2,104
2583,57,48,7040,7042,7665,2,625
2778,60,48,7572,7574,7668,2,96
2783,1,48,7585,7586,7671,1,86
2529,3,48,6892,6894,7674,2,782
2788,6,48,7599,7601,7677,2,78
2789,7,48,7601,7602,7680,1,79
2535,9,48,6909,6911,7683,2,774
2794,12,48,7615,7616,7686,1,71
2795,13,48,7618,7619,7689,1,71
2813,31,48,7667,7669,7692,2,25
2560,34,48,6977,6978,7695,1,718
2369,35,48,6457,6458,7698,1,1241
2819,37,48,7683,7685,7701,2,18
2566,40,48,6993,6995,7704,2,711
2375,41,48,6473,6474,7707,1,1234
2378,44,48,6481,6483,7710,2,1229
2572,46,48,7010,7012,7713,2,703
2332,62,48,6355,6357,7716,2,1361
2589,63,48,7056,7058,7719,2,663
2784,2,48,7588,7589,7722,1,134
2541,15,48,6925,6926,7725,1,800
2800,18,48,7631,7632,7728,1,97
2801,19,48,7634,7635,7731,1,97
2547,21,48,6942,6944,7734,2,792
2806,24,48,7648,7649,7737,1,89
2807,25,48,7650,7652,7740,2,90
2553,27,48,6958,6959,7743,1,785
2812,30,48,7664,7665,7746,1,82
2830,48,48,7713,7715,7749,2,36
2831,49,48,7716,7718,7752,2,36
2578,52,48,7026,7028,7755,2,729
2836,54,48,7730,7731,7758,1,28
2837,55,48,7732,7734,7761,2,29
2584,58,48,7042,7043,7764,1,722
2393,59,48,6522,6524,7767,2,1245
2530,4,48,6895,6896,7770,1,875
2275,5,48,6200,6202,7773,2,1573
2278,8,48,6208,6209,7776,1,1568
2536,10,48,6912,6914,7779,2,867
2281,11,48,6216,6218,7782,2,1566
2284,14,48,6224,6225,7785,1,1561
2843,61,48,7749,7751,7788,2,39
2590,64,48,7059,7061,7791,2,732
2366,32,48,6449,6450,7794,1,1345
2623,33,48,7149,7151,7797,2,648
2818,36,48,7680,7682,7800,2,120
2372,38,48,6465,6467,7803,2,1338
2629,39,48,7166,7167,7806,1,640
2824,42,48,7697,7699,7809,2,112
2825,43,48,7700,7701,7812,1,112
2635,45,48,7182,7184,7815,2,633
2542,16,48,6928,6929,7818,1,890
2287,17,48,6233,6234,7821,1,1588
2865,19,48,7809,7811,7824,2,15
2548,22,48,6944,6945,7827,1,883
2293,23,48,6249,6251,7830,2,1581
2296,26,48,6257,6258,7833,1,1576
2554,28,48,6961,6962,7836,1,875
2299,29,48,6265,6267,7839,2,1574
2381,47,48,6489,6491,7842,2,1353
2384,50,48,6498,6500,7845,2,1347
2641,51,48,7198,7200,7848,2,650
2387,53,48,6506,6508,7851,2,1345
2390,56,48,6514,6515,7854,1,1340
2647,57,48,7215,7217,7857,2,642
2842,60,48,7746,7748,7860,2,114
2847,1,48,7760,7761,7863,1,103
2593,3,48,7067,7068,7866,1,799
2852,6,48,7774,7775,7869,1,95
2853,7,48,7776,7778,7872,2,96
2599,9,48,7084,7085,7875,1,791
2858,12,48,7790,7791,7878,1,88
2859,13,48,7793,7795,7881,2,88
2877,31,48,7842,7844,7884,2,42
2624,34,48,7152,7154,7887,2,735
2882,36,48,7855,7856,7890,1,35
2883,37,48,7858,7859,7893,1,35
2630,40,48,7168,7170,7896,2,728
2439,41,48,6647,6648,7899,1,1252
2889,43,48,7875,7877,7902,2,27
2636,46,48,7185,7187,7905,2,720
2396,62,48,6530,6531,7908,1,1378
2653,63,48,7231,7232,7911,1,680
2848,2,48,7763,7765,7914,2,151
2605,15,48,7100,7101,7917,1,817
2864,18,48,7806,7808,7920,2,114
2290,20,48,6241,6242,7923,1,1682
2611,21,48,7117,7118,7926,1,809
2870,24,48,7823,7825,7929,2,106
2871,25,48,7825,7826,7932,1,107
2617,27,48,7133,7135,7935,2,802
2876,30,48,7839,7841,7938,2,99
2894,48,48,7888,7889,7941,1,53
2895,49,48,7891,7892,7944,1,53
2642,52,48,7201,7202,7947,1,746
2900,54,48,7905,7907,7950,2,45
2901,55,48,7907,7908,7953,1,46
2648,58,48,7217,7218,7956,1,739
2906,60,48,7921,7922,7959,1,38
2594,4,48,7070,7071,7962,1,892
2339,5,48,6375,6377,7965,2,1590
2917,7,48,7951,7953,7968,2,17
2600,10,48,7087,7088,7971,1,884
2345,11,48,6391,6393,7974,2,1583
2348,14,48,6399,6401,7977,2,1578
2907,61,48,7924,7925,7980,1,56
2654,64,48,7234,7235,7983,1,749
2430,32,48,6623,6624,7986,1,1363
2687,33,48,7323,7325,7989,2,666
2433,35,48,6631,6632,7992,1,1361
2436,38,48,6639,6641,7995,2,1356
2693,39,48,7340,7341,7998,1,658
2888,42,48,7872,7874,8001,2,129
2442,44,48,6655,6657,8004,2,1349
2699,45,48,7356,7358,8007,2,651
2911,1,48,7935,7937,8010,2,75
2606,16,48,7103,7105,8013,2,910
2928,18,48,7981,7983,8016,2,35
2929,19,48,7984,7985,8019,1,35
2612,22,48,7119,7121,8022,2,903
2357,23,48,6424,6425,8025,1,1601
2935,25,48,8000,8001,8028,1,28
2618,28,48,7136,7137,8031,1,895
2363,29,48,6440,6441,8034,1,1594
2445,47,48,6663,6665,8037,2,1374
2448,50,48,6672,6674,8040,2,1368
2705,51,48,7372,7374,8043,2,671
2451,53,48,6680,6682,8046,2,1366
2454,56,48,6688,6689,8049,1,1361
2711,57,48,7389,7391,8052,2,663
2457,59,48,6696,6698,8055,2,1359
2912,2,48,7938,7940,8058,2,120
2657,3,48,7241,7242,8061,1,820
2916,6,48,7949,7950,8064,1,115
2342,8,48,6383,6384,8067,1,1684
2663,9,48,7258,7259,8070,1,812
2922,12,48,7965,7967,8073,2,108
2923,13,48,7968,7970,8076,2,108
2941,31,48,8017,8018,8079,1,62
2688,34,48,7326,7328,8082,2,756
2946,36,48,8030,8031,8085,1,55
2947,37,48,8033,8034,8088,1,55
2694,40,48,7342,7344,8091,2,749
2952,42,48,8047,8048,8094,1,47
2953,43,48,8050,8051,8097,1,47
2700,46,48,7359,7361,8100,2,741
2460,62,48,6704,6705,8103,1,1399
2717,63,48,7405,7406,8106,1,701
2669,15,48,7274,7275,8109,1,835
2351,17,48,6408,6410,8112,2,1704
2354,20,48,6416,6418,8115,2,1699
2675,21,48,7291,7292,8118,1,827
2934,24,48,7998,8000,8121,2,123
2360,26,48,6432,6434,8124,2,1692
2681,27,48,7307,7309,8127,2,820
2940,30,48,8014,8015,8130,1,116
2958,48,48,8063,8064,8133,1,70
2959,49,48,8066,8068,8136,2,70
2706,52,48,7375,7376,8139,1,764
2964,54,48,8080,8081,8142,1,62
2965,55,48,8082,8084,8145,2,63
2712,58,48,7391,7392,8148,1,757
2970,60,48,8096,8098,8151,2,55
2658,4,48,7244,7245,8154,1,910
2980,6,48,8123,8124,8157,1,34
2981,7,48,8125,8127,8160,2,35
2664,10,48,7261,7262,8163,1,902
2409,11,48,6565,6567,8166,2,1601
2987,13,48,8142,8144,8169,2,27
2971,61,48,8099,8100,8172,1,73
2718,64,48,7408,7409,8175,1,767
2494,32,48,6798,6800,8178,2,1380
2751,33,48,7498,7500,8181,2,683
2497,35,48,6806,6808,8184,2,1378
2500,38,48,6814,6815,8187,1,1373
2757,39,48,7515,7517,8190,2,675
2503,41,48,6822,6824,8193,2,1371
2506,44,48,6830,6831,8196,1,1366
2763,45,48,7531,7532,8199,1,668
2975,1,48,8109,8111,8202,2,93
2670,16,48,7277,7279,8205,2,928
2992,18,48,8155,8157,8208,2,53
2993,19,48,8158,8159,8211,1,53
2676,22,48,7293,7295,8214,2,921
2998,24,48,8172,8174,8217,2,45
2999,25,48,8174,8175,8220,1,46
2682,28,48,7310,7311,8223,1,913
3004,30,48,8188,8189,8226,1,38
2509,47,48,6838,6839,8229,1,1391
2512,50,48,6847,6848,8232,1,1385
2769,51,48,7547,7548,8235,1,688
2515,53,48,6855,6857,8238,2,1383
2518,56,48,6863,6864,8241,1,1378
2775,57,48,7564,7565,8244,1,680
2521,59,48,6871,6872,8247,1,1376
2976,2,48,8112,8114,8250,2,138
2721,3,48,7416,7418,8253,2,837
2403,5,48,6549,6551,8256,2,1707
2406,8,48,6557,6558,8259,1,1702
2727,9,48,7433,7435,8262,2,829
2986,12,48,8139,8141,8265,2,126
2412,14,48,6573,6575,8268,2,1695
3005,31,48,8191,8192,8271,1,80
2752,34,48,7501,7502,8274,1,773
3010,36,48,8204,8205,8277,1,73
3011,37,48,8207,8208,8280,1,73
2758,40,48,7517,7518,8283,1,766
3016,42,48,8221,8222,8286,1,65
3017,43,48,8224,8225,8289,1,65
2764,46,48,7534,7535,8292,1,758
3035,61,48,8273,8274,8295,1,22
2781,63,48,7580,7581,8298,1,718
2733,15,48,7449,7451,8301,2,852
2415,17,48,6582,6584,8304,2,1722
2418,20,48,6590,6592,8307,2,1717
2739,21,48,7466,7467,8310,1,844
2421,23,48,6598,6599,8313,1,1715
2424,26,48,6606,6608,8316,2,1710
2745,27,48,7482,7484,8319,2,837
2427,29,48,6614,6615,8322,1,1708
3022,48,48,8237,8238,8325,1,88
3023,49,48,8240,8242,8328,2,88
2770,52,48,7550,7551,8331,1,781
3028,54,48,8254,8255,8334,1,80
3029,55,48,8256,8258,8337,2,81
2776,58,48,7566,7568,8340,2,774
3034,60,48,8270,8272,8343,2,73
3039,1,48,8284,8285,8346,1,62
2722,4,48,7419,7421,8349,2,930
3044,6,48,8298,8300,8352,2,54
3045,7,48,8300,8301,8355,1,55
2728,10,48,7436,7437,8358,1,922
3050,12,48,8314,8315,8361,1,47
3051,13,48,8317,8318,8364,1,47
2524,62,48,6879,6881,8367,2,1488
2782,64,48,7583,7585,8370,2,787
2558,32,48,6972,6974,8373,2,1401
2815,33,48,7672,7674,8376,2,704
2561,35,48,6980,6982,8379,2,1399
2564,38,48,6988,6989,8382,1,1394
2821,39,48,7689,7691,8385,2,696
2567,41,48,6996,6998,8388,2,1392
2570,44,48,7004,7005,8391,1,1387
2827,45,48,7705,7706,8394,1,689
3040,2,48,8287,8288,8397,1,110
2734,16,48,7452,7454,8400,2,948
3056,18,48,8330,8331,8403,1,73
3057,19,48,8333,8334,8406,1,73
2740,22,48,7468,7470,8409,2,941
3062,24,48,8347,8348,8412,1,65
3063,25,48,8349,8351,8415,2,66
2746,28,48,7485,7487,8418,2,933
3068,30,48,8363,8364,8421,1,58
2573,47,48,7012,7013,8424,1,1412
2576,50,48,7021,7022,8427,1,1406
2833,51,48,7721,7722,8430,1,709
2579,53,48,7029,7031,8433,2,1404
2582,56,48,7037,7038,8436,1,1399
2839,57,48,7738,7739,8439,1,701
2585,59,48,7045,7046,8442,1,1397
2785,3,48,7590,7592,8445,2,855
2467,5,48,6724,6725,8448,1,1724
2470,8,48,6732,6734,8451,2,1719
2791,9,48,7607,7609,8454,2,847
2473,11,48,6740,6741,8457,1,1717
2476,14,48,6748,6749,8460,1,1712
3069,31,48,8366,8368,8463,2,97
2816,34,48,7675,7676,8466,1,791
3074,36,48,8379,8381,8469,2,90
3075,37,48,8382,8384,8472,2,90
2822,40,48,7691,7692,8475,1,784
3080,42,48,8396,8398,8478,2,82
3081,43,48,8399,8400,8481,1,82
2828,46,48,7708,7709,8484,1,776
3099,61,48,8448,8450,8487,2,39
2845,63,48,7754,7755,8490,1,736
2797,15,48,7623,7625,8493,2,870
2479,17,48,6757,6758,8496,1,1739
2482,20,48,6765,6767,8499,2,1734
2803,21,48,7640,7641,8502,1,862
2485,23,48,6773,6774,8505,1,1732
2488,26,48,6781,6782,8508,1,1727
2809,27,48,7656,7658,8511,2,855
2491,29,48,6789,6791,8514,2,1725
3086,48,48,8412,8414,8517,2,105
3087,49,48,8415,8417,8520,2,105
2834,52,48,7724,7725,8523,1,799
3092,54,48,8429,8430,8526,1,97
3093,55,48,8431,8433,8529,2,98
2840,58,48,7740,7742,8532,2,792
3098,60,48,8445,8447,8535,2,90
3103,1,48,8458,8459,8538,1,80
2786,4,48,7593,7595,8541,2,948
3108,6,48,8472,8474,8544,2,72
3109,7,48,8474,8475,8547,1,73
2792,10,48,7610,7611,8550,1,940
3114,12,48,8488,8489,8553,1,65
3115,13,48,8491,8492,8556,1,65
2588,62,48,7053,7055,8559,2,1506
2846,64,48,7757,7759,8562,2,805
3133,31,48,8540,8542,8565,2,25
2879,33,48,7847,7848,8568,1,721
2625,35,48,7155,7157,8571,2,1416
3139,37,48,8556,8558,8574,2,18
2885,39,48,7864,7865,8577,1,713
2631,41,48,7171,7172,8580,1,1409
2634,44,48,7179,7181,8583,2,1404
2891,45,48,7880,7881,8586,1,706
3104,2,48,8461,8462,8589,1,128
2798,16,48,7626,7628,8592,2,966
3120,18,48,8504,8505,8595,1,91
3121,19,48,8507,8508,8598,1,91
2804,22,48,7642,7644,8601,2,959
3126,24,48,8521,8522,8604,1,83
3127,25,48,8523,8525,8607,2,84
2810,28,48,7659,7661,8610,2,951
3132,30,48,8537,8538,8613,1,76
3150,48,48,8586,8588,8616,2,30
3151,49,48,8589,8591,8619,2,30
2897,51,48,7896,7898,8622,2,726
2643,53,48,7204,7205,8625,1,1421
3157,55,48,8605,8607,8628,2,23
2903,57,48,7913,7915,8631,2,718
2649,59,48,7220,7221,8634,1,1414
2849,3,48,7765,7766,8637,1,872
2531,5,48,6898,6899,8640,1,1742
2534,8,48,6906,6908,8643,2,1737
2855,9,48,7782,7784,8646,2,864
2537,11,48,6914,6915,8649,1,1735
2540,14,48,6922,6923,8652,1,1730
2622,32,48,7147,7148,8655,1,1508
2880,34,48,7850,7851,8658,1,808
3138,36,48,8553,8555,8661,2,108
2628,38,48,7163,7165,8664,2,1501
2886,40,48,7866,7868,8667,2,801
3144,42,48,8570,8572,8670,2,100
3145,43,48,8573,8574,8673,1,100
2892,46,48,7883,7885,8676,2,793
3163,61,48,8622,8624,8679,2,57
2909,63,48,7929,7931,8682,2,753
2861,15,48,7798,7799,8685,1,887
2543,17,48,6931,6932,8688,1,1757
2546,20,48,6939,6941,8691,2,1752
2867,21,48,7815,7817,8694,2,879
2549,23,48,6947,6948,8697,1,1750
2552,26,48,6955,6956,8700,1,1745
2873,27,48,7831,7832,8703,1,872
2555,29,48,6963,6965,8706,2,1743
2637,47,48,7187,7188,8709,1,1522
2640,50,48,7196,7197,8712,1,1516
2898,52,48,7899,7901,8715,2,816
3156,54,48,8603,8604,8718,1,115
2646,56,48,7212,7214,8721,2,1509
2904,58,48,7915,7916,8724,1,809
3162,60,48,8619,8621,8727,2,108
3167,1,48,8633,8634,8730,1,97
2850,4,48,7768,7769,8733,1,965
3172,6,48,8647,8648,8736,1,89
3173,7,48,8649,8651,8739,2,90
2856,10,48,7785,7787,8742,2,957
3178,12,48,8663,8664,8745,1,82
3179,13,48,8666,8668,8748,2,82
2652,62,48,7228,7230,8751,2,1523
2910,64,48,7932,7934,8754,2,822
3197,31,48,8715,8717,8757,2,42
2943,33,48,8022,8024,8760,2,738
3202,36,48,8728,8729,8763,1,35
3203,37,48,8731,8732,8766,1,35
2949,39,48,8039,8040,8769,1,730
2695,41,48,7345,7346,8772,1,1427
3209,43,48,8748,8750,8775,2,27
2955,45,48,8055,8057,8778,2,723
3168,2,48,8636,8638,8781,2,145
2862,16,48,7801,7802,8784,1,983
3184,18,48,8679,8681,8787,2,108
3185,19,48,8682,8684,8790,2,108
2868,22,48,7817,7818,8793,1,976
3190,24,48,8696,8698,8796,2,100
3191,25,48,8698,8699,8799,1,101
2874,28,48,7834,7835,8802,1,968
3196,30,48,8712,8714,8805,2,93
3214,48,48,8761,8762,8808,1,47
3215,49,48,8764,8765,8811,1,47
2961,51,48,8071,8073,8814,2,743
3220,54,48,8778,8780,8817,2,39
3221,55,48,8780,8781,8820,1,40
2967,57,48,8088,8090,8823,2,735
3226,60,48,8794,8795,8826,1,32
2913,3,48,7940,7941,8829,1,889
2595,5,48,7073,7075,8832,2,1759
2598,8,48,7081,7082,8835,1,1754
2919,9,48,7957,7958,8838,1,881
2601,11,48,7089,7091,8841,2,1752
2604,14,48,7097,7098,8844,1,1747
2686,32,48,7321,7322,8847,1,1526
2944,34,48,8025,8027,8850,2,825
2689,35,48,7329,7331,8853,2,1524
2692,38,48,7337,7339,8856,2,1519
2950,40,48,8041,8043,8859,2,818
3208,42,48,8745,8747,8862,2,117
2698,44,48,7353,7355,8865,2,1512
2956,46,48,8058,8060,8868,2,810
3227,61,48,8797,8798,8871,1,74
2973,63,48,8104,8105,8874,1,770
3231,1,48,8807,8808,8877,1,70
2925,15,48,7973,7974,8880,1,907
2607,17,48,7106,7107,8883,1,1777
3249,19,48,8856,8858,8886,2,30
2931,21,48,7990,7991,8889,1,899
2613,23,48,7122,7124,8892,2,1770
3255,25,48,8872,8873,8895,1,23
2937,27,48,8006,8008,8898,2,892
2619,29,48,7138,7140,8901,2,1763
2701,47,48,7361,7362,8904,1,1543
2704,50,48,7370,7371,8907,1,1537
2962,52,48,8074,8075,8910,1,836
2707,53,48,7378,7379,8913,1,1535
2710,56,48,7386,7388,8916,2,1530
2968,58,48,8090,8091,8919,1,829
2713,59,48,7394,7395,8922,1,1528
3232,2,48,8810,8811,8925,1,115
2914,4,48,7943,7944,8928,1,985
3236,6,48,8821,8822,8931,1,110
3237,7,48,8823,8825,8934,2,111
2920,10,48,7960,7961,8937,1,977
3242,12,48,8837,8838,8940,1,103
3243,13,48,8840,8842,8943,2,103
2716,62,48,7402,7404,8946,2,1544
2974,64,48,8107,8108,8949,1,842
3261,31,48,8889,8891,8952,2,63
3007,33,48,8196,8198,8955,2,759
3266,36,48,8902,8903,8958,1,56
3267,37,48,8905,8906,8961,1,56
3013,39,48,8213,8214,8964,1,751
3272,42,48,8919,8921,8967,2,48
3273,43,48,8922,8924,8970,2,48
3019,45,48,8229,8231,8973,2,744
2926,16,48,7976,7978,8976,2,1000
3248,18,48,8853,8855,8979,2,126
2610,20,48,7114,7115,8982,1,1868
2932,22,48,7992,7994,8985,2,993
3254,24,48,8870,8872,8988,2,118
2616,26,48,7130,7131,8991,1,1861
2938,28,48,8009,8010,8994,1,985
3260,30,48,8886,8888,8997,2,111
3278,48,48,8935,8936,9000,1,65
3279,49,48,8938,8939,9003,1,65
3025,51,48,8245,8247,9006,2,761
3284,54,48,8952,8954,9009,2,57
3285,55,48,8954,8955,9012,1,58
3031,57,48,8262,8264,9015,2,753
3290,60,48,8968,8969,9018,1,50
2977,3,48,8114,8115,9021,1,907
3300,6,48,8996,8997,9024,1,28
3301,7,48,8998,9000,9027,2,29
2983,9,48,8131,8132,9030,1,899
2665,11,48,7263,7265,9033,2,1770
3307,13,48,9015,9017,9036,2,21
2750,32,48,7496,7497,9039,1,1543
3008,34,48,8199,8201,9042,2,843
2753,35,48,7504,7505,9045,1,1541
2756,38,48,7512,7514,9048,2,1536
3014,40,48,8215,8217,9051,2,836
2759,41,48,7520,7521,9054,1,1534
2762,44,48,7528,7530,9057,2,1529
3020,46,48,8232,8234,9060,2,828
3291,61,48,8971,8972,9063,1,92
3037,63,48,8278,8279,9066,1,788
3295,1,48,8982,8984,9069,2,87
2989,15,48,8147,8148,9072,1,925
3312,18,48,9028,9030,9075,2,47
3313,19,48,9031,9032,9078,1,47
2995,21,48,8164,8165,9081,1,917
3318,24,48,9045,9047,9084,2,39
3319,25,48,9047,9048,9087,1,40
3001,27,48,8180,8182,9090,2,910
3324,30,48,9061,9062,9093,1,32
2765,47,48,7536,7538,9096,2,1560
2768,50,48,7545,7547,9099,2,1554
3026,52,48,8248,8249,9102,1,854
2771,53,48,7553,7555,9105,2,1552
2774,56,48,7561,7562,9108,1,1547
3032,58,48,8264,8265,9111,1,847
2777,59,48,7569,7571,9114,2,1545
3296,2,48,8985,8987,9117,2,132
2978,4,48,8117,8118,9120,1,1003
2659,5,48,7247,7249,9123,2,1876
2662,8,48,7255,7256,9126,1,1871
2984,10,48,8134,8135,9129,1,995
3306,12,48,9012,9014,9132,2,120
2668,14,48,7271,7272,9135,1,1864
2780,62,48,7577,7578,9138,1,1561
3038,64,48,8281,8282,9141,1,860
3325,31,48,9064,9065,9144,1,80
3071,33,48,8371,8373,9147,2,776
3330,36,48,9077,9078,9150,1,73
3331,37,48,9080,9081,9153,1,73
3077,39,48,8388,8390,9156,2,768
3336,42,48,9094,9095,9159,1,65
3337,43,48,9097,9098,9162,1,65
3083,45,48,8404,8405,9165,1,761
2990,16,48,8150,8152,9168,2,1018
2671,17,48,7280,7281,9171,1,1891
2674,20,48,7288,7289,9174,1,1886
2996,22,48,8166,8168,9177,2,1011
2677,23,48,7296,7298,9180,2,1884
2680,26,48,7304,7305,9183,1,1879
3002,28,48,8183,8184,9186,1,1003
2683,29,48,7312,7314,9189,2,1877
3342,48,48,9110,9111,9192,1,82
3343,49,48,9113,9115,9195,2,82
3089,51,48,8420,8421,9198,1,778
3348,54,48,9127,9128,9201,1,74
3349,55,48,9129,9131,9204,2,75
3095,57,48,8437,8438,9207,1,770
3354,60,48,9143,9145,9210,2,67
3041,3,48,8289,8291,9213,2,924
3364,6,48,9170,9171,9216,1,46
3365,7,48,9172,9174,9219,2,47
3047,9,48,8306,8308,9222,2,916
3370,12,48,9186,9188,9225,2,39
3371,13,48,9189,9191,9228,2,39
2814,32,48,7670,7671,9231,1,1561
3072,34,48,8374,8375,9234,1,860
2817,35,48,7678,7679,9237,1,1559
2820,38,48,7686,7688,9240,2,1554
3078,40,48,8390,8391,9243,1,853
2823,41,48,7694,7695,9246,1,1552
2826,44,48,7702,7704,9249,2,1547
3084,46,48,8407,8408,9252,1,845
3355,61,48,9146,9147,9255,1,109
3101,63,48,8453,8454,9258,1,805
3359,1,48,9156,9158,9261,2,105
3053,15,48,8322,8324,9264,2,942
3376,18,48,9202,9204,9267,2,65
3377,19,48,9205,9206,9270,1,65
3059,21,48,8339,8340,9273,1,934
3382,24,48,9219,9221,9276,2,57
3383,25,48,9221,9222,9279,1,58
3065,27,48,8355,8357,9282,2,927
3388,30,48,9235,9236,9285,1,50
2829,47,48,7710,7712,9288,2,1578
2832,50,48,7719,7721,9291,2,1572
3090,52,48,8423,8424,9294,1,871
2835,53,48,7727,7729,9297,2,1570
2838,56,48,7735,7736,9300,1,1565
3096,58,48,8439,8441,9303,2,864
2841,59,48,7743,7745,9306,2,1563
3360,2,48,9159,9161,9309,2,150
3042,4,48,8292,8294,9312,2,1020
2723,5,48,7422,7424,9315,2,1893
2726,8,48,7430,7431,9318,1,1888
3048,10,48,8309,8310,9321,1,1012
2729,11,48,7438,7440,9324,2,1886
2732,14,48,7446,7448,9327,2,1881
2844,62,48,7751,7752,9330,1,1579
3102,64,48,8456,8458,9333,2,877
3389,31,48,9238,9239,9336,1,98
3135,33,48,8545,8547,9339,2,794
3394,36,48,9251,9252,9342,1,91
3395,37,48,9254,9255,9345,1,91
3141,39,48,8562,8564,9348,2,786
3400,42,48,9268,9269,9351,1,83
3401,43,48,9271,9272,9354,1,83
3147,45,48,8578,8579,9357,1,779
3054,16,48,8325,8327,9360,2,1035
2735,17,48,7455,7457,9363,2,1908
2738,20,48,7463,7465,9366,2,1903
3060,22,48,8341,8343,9369,2,1028
2741,23,48,7471,7472,9372,1,1901
2744,26,48,7479,7481,9375,2,1896
3066,28,48,8358,8360,9378,2,1020
2747,29,48,7487,7488,9381,1,1894
3406,48,48,9284,9285,9384,1,100
3407,49,48,9287,9289,9387,2,100
3153,51,48,8594,8595,9390,1,796
3412,54,48,9301,9302,9393,1,92
3413,55,48,9303,9305,9396,2,93
3159,57,48,8611,8612,9399,1,788
3418,60,48,9317,9319,9402,2,85
3423,1,48,9331,9332,9405,1,74
3105,3,48,8463,8465,9408,2,945
3428,6,48,9345,9347,9411,2,66
3429,7,48,9347,9348,9414,1,67
3111,9,48,8480,8482,9417,2,937
3434,12,48,9361,9362,9420,1,59
3435,13,48,9364,9365,9423,1,59
3453,31,48,9413,9415,9426,2,13
3136,34,48,8548,8549,9429,1,881
2881,35,48,7853,7855,9432,2,1579
2884,38,48,7861,7862,9435,1,1574
3142,40,48,8564,8565,9438,1,874
2887,41,48,7869,7871,9441,2,1572
2890,44,48,7877,7878,9444,1,1567
3148,46,48,8581,8582,9447,1,866
3419,61,48,9320,9321,9450,1,130
3165,63,48,8627,8628,9453,1,826
3424,2,48,9334,9335,9456,1,122
3117,15,48,8496,8498,9459,2,963
3440,18,48,9377,9378,9462,1,85
3441,19,48,9380,9381,9465,1,85
3123,21,48,8513,8514,9468,1,955
3446,24,48,9394,9395,9471,1,77
3447,25,48,9396,9398,9474,2,78
3129,27,48,8529,8531,9477,2,948
3452,30,48,9410,9411,9480,1,70
2893,47,48,7885,7886,9483,1,1598
3471,49,48,9462,9464,9486,2,24
3154,52,48,8597,8598,9489,1,892
2899,53,48,7902,7904,9492,2,1590
3477,55,48,9478,9480,9495,2,17
3160,58,48,8613,8615,9498,2,885
2905,59,48,7918,7919,9501,1,1583
3106,4,48,8466,8468,9504,2,1038
2787,5,48,7596,7598,9507,2,1911
2790,8,48,7604,7605,9510,1,1906
3112,10,48,8483,8484,9513,1,1030
2793,11,48,7612,7614,9516,2,1904
2796,14,48,7620,7622,9519,2,1899
3483,61,48,9495,9497,9522,2,27
3166,64,48,8630,8632,9525,2,895
2878,32,48,7845,7847,9528,2,1683
3199,33,48,8720,8721,9531,1,811
3458,36,48,9426,9428,9534,2,108
3459,37,48,9429,9431,9537,2,108
3205,39,48,8737,8738,9540,1,803
3464,42,48,9443,9445,9543,2,100
3465,43,48,9446,9447,9546,1,100
3211,45,48,8753,8754,9549,1,796
3118,16,48,8499,8501,9552,2,1053
2799,17,48,7629,7631,9555,2,1926
2802,20,48,7637,7639,9558,2,1921
3124,22,48,8515,8517,9561,2,1046
2805,23,48,7645,7646,9564,1,1919
2808,26,48,7653,7655,9567,2,1914
3130,28,48,8532,8534,9570,2,1038
2811,29,48,7661,7662,9573,1,1912
3470,48,48,9459,9461,9576,2,117
2896,50,48,7894,7895,9579,1,1685
3217,51,48,8769,8771,9582,2,813
3476,54,48,9476,9477,9585,1,109
2902,56,48,7910,7911,9588,1,1678
3223,57,48,8786,8788,9591,2,805
3482,60,48,9492,9494,9594,2,102
3487,1,48,9505,9506,9597,1,92
3169,3,48,8638,8639,9600,1,962
3492,6,48,9519,9521,9603,2,84
3493,7,48,9521,9522,9606,1,85
3175,9,48,8655,8657,9609,2,954
3498,12,48,9535,9536,9612,1,77
3499,13,48,9538,9539,9615,1,77
3517,31,48,9587,9589,9618,2,31
3200,34,48,8723,8724,9621,1,898
2945,35,48,8028,8030,9624,2,1596
3523,37,48,9603,9605,9627,2,24
3206,40,48,8739,8741,9630,2,891
2951,41,48,8044,8045,9633,1,1589
3529,43,48,9620,9621,9636,1,16
3212,46,48,8756,8758,9639,2,883
2908,62,48,7926,7928,9642,2,1716
3229,63,48,8802,8804,9645,2,843
3488,2,48,9508,9509,9648,1,140
3181,15,48,8671,8672,9651,1,980
3504,18,48,9551,9552,9654,1,103
3505,19,48,9554,9555,9657,1,103
3187,21,48,8688,8690,9660,2,972
3510,24,48,9568,9569,9663,1,95
3511,25,48,9570,9572,9666,2,96
3193,27,48,8704,8705,9669,1,965
3516,30,48,9584,9585,9672,1,88
3534,48,48,9633,9635,9675,2,42
3535,49,48,9636,9638,9678,2,42
3218,52,48,8772,8774,9681,2,909
3540,54,48,9650,9651,9684,1,34
3541,55,48,9652,9654,9687,2,35
3224,58,48,8788,8789,9690,1,902
2969,59,48,8093,8094,9693,1,1600
3170,4,48,8641,8642,9696,1,1055
2851,5,48,7771,7772,9699,1,1928
2854,8,48,7779,7781,9702,2,1923
3176,10,48,8658,8660,9705,2,1047
2857,11,48,7787,7788,9708,1,1921
2860,14,48,7795,7796,9711,1,1916
3547,61,48,9669,9671,9714,2,45
3230,64,48,8805,8807,9717,2,912
2942,32,48,8020,8021,9720,1,1700
3263,33,48,8894,8895,9723,1,829
3522,36,48,9600,9602,9726,2,126
2948,38,48,8036,8038,9729,2,1693
3269,39,48,8911,8912,9732,1,821
3528,42,48,9617,9619,9735,2,118
2954,44,48,8052,8054,9738,2,1686
3275,45,48,8927,8928,9741,1,814
3551,1,48,9680,9681,9744,1,64
3182,16,48,8674,8675,9747,1,1073
2863,17,48,7804,7805,9750,1,1946
3569,19,48,9729,9731,9753,2,24
3188,22,48,8690,8691,9756,1,1066
2869,23,48,7820,7821,9759,1,1939
3575,25,48,9745,9746,9762,1,17
3194,28,48,8707,8708,9765,1,1058
2875,29,48,7836,7838,9768,2,1932
2957,47,48,8060,8061,9771,1,1711
2960,50,48,8069,8070,9774,1,1705
3281,51,48,8943,8945,9777,2,834
2963,53,48,8077,8078,9780,1,1703
2966,56,48,8085,8087,9783,2,1698
3287,57,48,8960,8962,9786,2,826
3546,60,48,9666,9668,9789,2,123
3552,2,48,9683,9685,9792,2,109
3233,3,48,8812,8814,9795,2,983
3556,6,48,9694,9695,9798,1,104
3557,7,48,9696,9698,9801,2,105
3239,9,48,8829,8831,9804,2,975
3562,12,48,9710,9711,9807,1,97
3563,13,48,9713,9715,9810,2,97
3581,31,48,9762,9764,9813,2,51
3264,34,48,8897,8898,9816,1,919
3586,36,48,9775,9776,9819,1,44
3587,37,48,9778,9779,9822,1,44
3270,40,48,8913,8915,9825,2,912
3592,42,48,9792,9794,9828,2,36
3593,43,48,9795,9797,9831,2,36
3276,46,48,8930,8932,9834,2,904
2972,62,48,8101,8103,9837,2,1736
3293,63,48,8976,8978,9840,2,864
3245,15,48,8845,8846,9843,1,998
3568,18,48,9726,9728,9846,2,120
2866,20,48,7812,7814,9849,2,2037
3251,21,48,8862,8864,9852,2,990
3574,24,48,9743,9745,9855,2,112
2872,26,48,7828,7829,9858,1,2030
3257,27,48,8878,8879,9861,1,983
3580,30,48,9759,9761,9864,2,105
3598,48,48,9808,9809,9867,1,59
3599,49,48,9811,9812,9870,1,59
3282,52,48,8946,8948,9873,2,927
3604,54,48,9825,9827,9876,2,51
3605,55,48,9827,9828,9879,1,52
3288,58,48,8962,8963,9882,1,920
3610,60,48,9841,9842,9885,1,44
3234,4,48,8815,8816,9888,1,1073
2915,5,48,7946,7948,9891,2,1945
3621,7,48,9871,9873,9894,2,23
3240,10,48,8832,8834,9897,2,1065
2921,11,48,7962,7964,9900,2,1938
3627,13,48,9888,9890,9903,2,15
3611,61,48,9844,9845,9906,1,62
3294,64,48,8979,8981,9909,2,930
3006,32,48,8194,8195,9912,1,1718
3327,33,48,9069,9071,9915,2,846
3009,35,48,8202,8204,9918,2,1716
3012,38,48,8210,8212,9921,2,1711
3333,39,48,9086,9087,9924,1,838
3015,41,48,8218,8219,9927,1,1709
3018,44,48,8226,8228,9930,2,1704
3339,45,48,9102,9104,9933,2,831
3615,1,48,9855,9857,9936,2,81
3246,16,48,8848,8849,9939,1,1091
3632,18,48,9901,9903,9942,2,41
3633,19,48,9904,9905,9945,1,41
3252,22,48,8864,8865,9948,1,1084
3638,24,48,9918,9920,9951,2,33
3639,25,48,9920,9921,9954,1,34
3258,28,48,8881,8882,9957,1,1076
2939,29,48,8011,8013,9960,2,1949
3021,47,48,8234,8235,9963,1,1729
3024,50,48,8243,8244,9966,1,1723
3345,51,48,9118,9120,9969,2,851
3027,53,48,8251,8252,9972,1,1721
3030,56,48,8259,8261,9975,2,1716
3351,57,48,9135,9137,9978,2,843
3033,59,48,8267,8268,9981,1,1714
3616,2,48,9858,9860,9984,2,126
3297,3,48,8987,8988,9987,1,1000
3620,6,48,9869,9870,9990,1,121
2918,8,48,7954,7955,9993,1,2039
3303,9,48,9004,9005,9996,1,992
3626,12,48,9885,9887,9999,2,114
2924,14,48,7970,7971,10002,1,2032
3645,31,48,9937,9938,10005,1,68
3328,34,48,9072,9074,10008,2,936
3650,36,48,9950,9951,10011,1,61
3651,37,48,9953,9954,10014,1,61
3334,40,48,9088,9090,10017,2,929
3656,42,48,9967,9968,10020,1,53
3657,43,48,9970,9971,10023,1,53
3340,46,48,9105,9107,10026,2,921
3036,62,48,8275,8277,10029,2,1754
3357,63,48,9151,9152,10032,1,881
3309,15,48,9020,9021,10035,1,1015
2927,17,48,7979,7980,10038,1,2059
2930,20,48,7987,7988,10041,1,2054
3315,21,48,9037,9038,10044,1,1007
2933,23,48,7995,7997,10047,2,2052
2936,26,48,8003,8004,10050,1,2047
3321,27,48,9053,9055,10053,2,1000
3644,30,48,9934,9935,10056,1,122
3662,48,48,9983,9984,10059,1,76
3663,49,48,9986,9988,10062,2,76
3346,52,48,9121,9122,10065,1,944
3091,53,48,8426,8428,10068,2,1642
3094,56,48,8434,8435,10071,1,1637
3352,58,48,9137,9138,10074,1,937
3097,59,48,8442,8444,10077,2,1635
3298,4,48,8990,8991,10080,1,1090
2979,5,48,8120,8122,10083,2,1963
2982,8,48,8128,8129,10086,1,1958
3304,10,48,9007,9008,10089,1,1082
2985,11,48,8136,8138,10092,2,1956
2988,14,48,8144,8145,10095,1,1951
3100,62,48,8450,8451,10098,1,1648
3358,64,48,9154,9155,10101,1,947
3070,32,48,8369,8370,10104,1,1735
3391,33,48,9243,9245,10107,2,864
3073,35,48,8377,8378,10110,1,1733
3076,38,48,8385,8387,10113,2,1728
3397,39,48,9260,9261,10116,1,856
3079,41,48,8393,8394,10119,1,1726
3082,44,48,8401,8403,10122,2,1721
3403,45,48,9276,9278,10125,2,849
3310,16,48,9023,9025,10128,2,1105
2991,17,48,8153,8154,10131,1,1978
2994,20,48,8161,8162,10134,1,1973
3316,22,48,9039,9041,10137,2,1098
2997,23,48,8169,8171,10140,2,1971
3000,26,48,8177,8178,10143,1,1966
3322,28,48,9056,9057,10146,1,1090
3003,29,48,8185,8187,10149,2,1964
3085,47,48,8409,8411,10152,2,1743
3088,50,48,8418,8420,10155,2,1737
3409,51,48,9292,9294,10158,2,866
3155,53,48,8600,8602,10161,2,1561
3158,56,48,8608,8609,10164,1,1556
3415,57,48,9309,9311,10167,2,858
3161,59,48,8616,8618,10170,2,1554
3361,3,48,9161,9162,10173,1,1012
3043,5,48,8295,8297,10176,2,1881
3046,8,48,8303,8304,10179,1,1876
3367,9,48,9178,9179,10182,1,1004
3049,11,48,8311,8313,10185,2,1874
3052,14,48,8319,8321,10188,2,1869
3134,32,48,8543,8544,10191,1,1648
3392,34,48,9246,9248,10194,2,948
3137,35,48,8551,8552,10197,1,1646
3140,38,48,8559,8561,10200,2,1641
3398,40,48,9262,9264,10203,2,941
3143,41,48,8567,8568,10206,1,1639
3146,44,48,8575,8577,10209,2,1634
3404,46,48,9279,9281,10212,2,933
3164,62,48,8624,8625,10215,1,1591
3421,63,48,9325,9326,10218,1,893
3373,15,48,9194,9195,10221,1,1027
3055,17,48,8328,8330,10224,2,1896
3058,20,48,8336,8338,10227,2,1891
3379,21,48,9211,9212,10230,1,1019
3061,23,48,8344,8345,10233,1,1889
3064,26,48,8352,8354,10236,2,1884
3385,27,48,9227,9229,10239,2,1012
3067,29,48,8360,8361,10242,1,1882
3149,47,48,8583,8585,10245,2,1662
3152,50,48,8592,8594,10248,2,1656
3410,52,48,9295,9296,10251,1,956
3219,53,48,8775,8777,10254,2,1479
3222,56,48,8783,8784,10257,1,1474
3416,58,48,9311,9312,10260,1,949
3225,59,48,8791,8792,10263,1,1472
3362,4,48,9164,9165,10266,1,1102
3107,5,48,8469,8471,10269,2,1800
3110,8,48,8477,8478,10272,1,1795
3368,10,48,9181,9182,10275,1,1094
3113,11,48,8485,8487,10278,2,1793
3116,14,48,8493,8495,10281,2,1788
3228,62,48,8799,8801,10284,2,1485
3422,64,48,9328,9329,10287,1,959
3198,32,48,8718,8720,10290,2,1572
3455,33,48,9418,9420,10293,2,875
3201,35,48,8726,8728,10296,2,1570
3204,38,48,8734,8735,10299,1,1565
3461,39,48,9435,9437,10302,2,867
3207,41,48,8742,8744,10305,2,1563
3210,44,48,8750,8751,10308,1,1558
3467,45,48,9451,9452,10311,1,860
3374,16,48,9197,9199,10314,2,1117
3119,17,48,8502,8504,10317,2,1815
3122,20,48,8510,8512,10320,2,1810
3380,22,48,9213,9215,10323,2,1110
3125,23,48,8518,8519,10326,1,1808
3128,26,48,8526,8528,10329,2,1803
3386,28,48,9230,9231,10332,1,1102
3131,29,48,8534,8535,10335,1,1801
3213,47,48,8758,8759,10338,1,1580
3216,50,48,8767,8768,10341,1,1574
3473,51,48,9467,9468,10344,1,877
3283,53,48,8949,8951,10347,2,1398
3286,56,48,8957,8958,10350,1,1393
3479,57,48,9484,9485,10353,1,869
3289,59,48,8965,8966,10356,1,1391
3425,3,48,9336,9338,10359,2,1023
3171,5,48,8644,8645,10362,1,1718
3174,8,48,8652,8654,10365,2,1713
3431,9,48,9353,9355,10368,2,1015
3177,11,48,8660,8661,10371,1,1711
3180,14,48,8668,8669,10374,1,1706
3262,32,48,8892,8894,10377,2,1485
3456,34,48,9421,9422,10380,1,959
3265,35,48,8900,8902,10383,2,1483
3268,38,48,8908,8909,10386,1,1478
3462,40,48,9437,9438,10389,1,952
3271,41,48,8916,8918,10392,2,1476
3274,44,48,8924,8925,10395,1,1471
3468,46,48,9454,9455,10398,1,944
3292,62,48,8973,8975,10401,2,1428
3485,63,48,9500,9501,10404,1,904
3437,15,48,9369,9371,10407,2,1038
3183,17,48,8677,8678,10410,1,1733
3186,20,48,8685,8687,10413,2,1728
3443,21,48,9386,9387,10416,1,1030
3189,23,48,8693,8694,10419,1,1726
3192,26,48,8701,8702,10422,1,1721
3449,27,48,9402,9404,10425,2,1023
3195,29,48,8709,8711,10428,2,1719
3277,47,48,8932,8933,10431,1,1499
3280,50,48,8941,8942,10434,1,1493
3474,52,48,9470,9471,10437,1,967
3347,53,48,9124,9125,10440,1,1316
3350,56,48,9132,9134,10443,2,1311
3480,58,48,9486,9488,10446,2,960
3353,59,48,9140,9141,10449,1,1309
3426,4,48,9339,9341,10452,2,1113
3235,5,48,8818,8819,10455,1,1637
3238,8,48,8826,8828,10458,2,1632
3432,10,48,9356,9357,10461,1,1105
3241,11,48,8834,8835,10464,1,1630
3244,14,48,8842,8843,10467,1,1625
3356,62,48,9148,9150,10470,2,1322
3486,64,48,9503,9505,10473,2,970
3326,32,48,9067,9068,10476,1,1409
3519,33,48,9592,9594,10479,2,887
3329,35,48,9075,9077,10482,2,1407
3332,38,48,9083,9085,10485,2,1402
3525,39,48,9609,9611,10488,2,879
3335,41,48,9091,9092,10491,1,1400
3338,44,48,9099,9101,10494,2,1395
3531,45,48,9625,9626,10497,1,872
3438,16,48,9372,9374,10500,2,1128
3247,17,48,8851,8852,10503,1,1652
3250,20,48,8859,8861,10506,2,1647
3444,22,48,9388,9390,10509,2,1121
3253,23,48,8867,8868,10512,1,1645
3256,26,48,8875,8876,10515,1,1640
3450,28,48,9405,9407,10518,2,1113
3259,29,48,8883,8885,10521,2,1638
3341,47,48,9107,9108,10524,1,1417
3344,50,48,9116,9117,10527,1,1411
3537,51,48,9641,9642,10530,1,889
3411,53,48,9298,9299,10533,1,1235
3414,56,48,9306,9308,10536,2,1230
3543,57,48,9658,9659,10539,1,881
3417,59,48,9314,9315,10542,1,1228
3489,3,48,9510,9512,10545,2,1035
3299,5,48,8993,8995,10548,2,1555
3302,8,48,9001,9002,10551,1,1550
3495,9,48,9527,9529,10554,2,1027
3305,11,48,9009,9011,10557,2,1548
3308,14,48,9017,9018,10560,1,1543
3390,32,48,9241,9242,10563,1,1322
3520,34,48,9595,9596,10566,1,971
3393,35,48,9249,9251,10569,2,1320
3396,38,48,9257,9259,10572,2,1315
3526,40,48,9611,9612,10575,1,964
3399,41,48,9265,9266,10578,1,1313
3402,44,48,9273,9275,10581,2,1308
3532,46,48,9628,9629,10584,1,956
3420,62,48,9322,9324,10587,2,1265
3549,63,48,9674,9675,10590,1,916
3501,15,48,9543,9545,10593,2,1050
3311,17,48,9026,9027,10596,1,1570
3314,20,48,9034,9035,10599,1,1565
3507,21,48,9560,9561,10602,1,1042
3317,23,48,9042,9044,10605,2,1563
3320,26,48,9050,9051,10608,1,1558
3513,27,48,9576,9578,10611,2,1035
3323,29,48,9058,9060,10614,2,1556
3405,47,48,9281,9282,10617,1,1336
3408,50,48,9290,9291,10620,1,1330
3538,52,48,9644,9645,10623,1,979
3475,53,48,9473,9475,10626,2,1153
3478,56,48,9481,9482,10629,1,1148
3544,58,48,9660,9662,10632,2,972
3481,59,48,9489,9491,10635,2,1146
3490,4,48,9513,9515,10638,2,1125
3363,5,48,9167,9169,10641,2,1474
3366,8,48,9175,9176,10644,1,1469
3496,10,48,9530,9531,10647,1,1117
3369,11,48,9183,9185,10650,2,1467
3372,14,48,9191,9192,10653,1,1462
3484,62,48,9497,9498,10656,1,1159
3550,64,48,9677,9679,10659,2,982
3454,32,48,9416,9417,10662,1,1246
3583,33,48,9767,9768,10665,1,898
3457,35,48,9424,9425,10668,1,1244
3460,38,48,9432,9434,10671,2,1239
3589,39,48,9784,9785,10674,1,890
3463,41,48,9440,9441,10677,1,1237
3466,44,48,9448,9450,10680,2,1232
3595,45,48,9800,9801,10683,1,883
3502,16,48,9546,9548,10686,2,1140
3375,17,48,9200,9201,10689,1,1489
3378,20,48,9208,9209,10692,1,1484
3508,22,48,9562,9564,10695,2,1133
3381,23,48,9216,9218,10698,2,1482
3384,26,48,9224,9225,10701,1,1477
3514,28,48,9579,9581,10704,2,1125
3387,29,48,9232,9234,10707,2,1475
3469,47,48,9456,9458,10710,2,1254
3472,50,48,9465,9467,10713,2,1248
3601,51,48,9816,9818,10716,2,900
3539,53,48,9647,9649,10719,2,1072
3542,56,48,9655,9656,10722,1,1067
3607,57,48,9833,9835,10725,2,892
3545,59,48,9663,9665,10728,2,1065
3553,3,48,9685,9686,10731,1,1046
3427,5,48,9342,9344,10734,2,1392
3430,8,48,9350,9351,10737,1,1387
3559,9,48,9702,9704,10740,2,1038
3433,11,48,9358,9360,10743,2,1385
3436,14,48,9366,9368,10746,2,1380
3518,32,48,9590,9591,10749,1,1159
3584,34,48,9770,9771,10752,1,982
3521,35,48,9598,9599,10755,1,1157
3524,38,48,9606,9608,10758,2,1152
3590,40,48,9786,9788,10761,2,975
3527,41,48,9614,9615,10764,1,1150
3530,44,48,9622,9624,10767,2,1145
3596,46,48,9803,9805,10770,2,967
3548,62,48,9671,9672,10773,1,1102
3613,63,48,9849,9851,10776,2,927
3565,15,48,9718,9719,10779,1,1061
3439,17,48,9375,9377,10782,2,1407
3442,20,48,9383,9385,10785,2,1402
3571,21,48,9735,9737,10788,2,1053
3445,23,48,9391,9392,10791,1,1400
3448,26,48,9399,9401,10794,2,1395
3577,27,48,9751,9752,10797,1,1046
3451,29,48,9407,9408,10800,1,1393
3533,47,48,9630,9632,10803,2,1173
3536,50,48,9639,9641,10806,2,1167
3602,52,48,9819,9821,10809,2,990
3603,53,48,9822,9824,10812,2,990
3606,56,48,9830,9831,10815,1,985
3608,58,48,9835,9836,10818,1,983
3609,59,48,9838,9839,10821,1,983
3554,4,48,9688,9689,10824,1,1136
3491,5,48,9516,9518,10827,2,1311
3494,8,48,9524,9525,10830,1,1306
3560,10,48,9705,9707,10833,2,1128
3497,11,48,9532,9534,10836,2,1304
3500,14,48,9540,9542,10839,2,1299
3612,62,48,9846,9848,10842,2,996
3614,64,48,9852,9854,10845,2,993
3582,32,48,9765,9767,10848,2,1083
3647,33,48,9942,9944,10851,2,909
3585,35,48,9773,9775,10854,2,1081
3588,38,48,9781,9782,10857,1,1076
3653,39,48,9959,9960,10860,1,901
3591,41,48,9789,9791,10863,2,1074
3594,44,48,9797,9798,10866,1,1069
3659,45,48,9975,9977,10869,2,894
3566,16,48,9721,9722,10872,1,1151
3503,17,48,9549,9551,10875,2,1326
3506,20,48,9557,9559,10878,2,1321
3572,22,48,9737,9738,10881,1,1144
3509,23,48,9565,9566,10884,1,1319
3512,26,48,9573,9575,10887,2,1314
3578,28,48,9754,9755,10890,1,1136
3515,29,48,9581,9582,10893,1,1312
3597,47,48,9805,9806,10896,1,1091
3600,50,48,9814,9815,10899,1,1085
3665,51,48,9991,9993,10902,2,911
3667,53,48,9997,9998,10905,1,908
3617,3,48,9860,9861,10908,1,1048
3555,5,48,9691,9692,10911,1,1220
3558,8,48,9699,9701,10914,2,1215
3623,9,48,9877,9878,10917,1,1040
3561,11,48,9707,9708,10920,1,1213
3564,14,48,9715,9716,10923,1,1208
3646,32,48,9940,9941,10926,1,986
3648,34,48,9945,9947,10929,2,984
3649,35,48,9948,9950,10932,2,984
3652,38,48,9956,9958,10935,2,979
3654,40,48,9961,9963,10938,2,977
3655,41,48,9964,9965,10941,1,977
3658,44,48,9972,9974,10944,2,972
3660,46,48,9978,9980,10947,2,969
3629,15,48,9893,9894,10950,1,1057
3567,17,48,9724,9725,10953,1,1229
3570,20,48,9732,9734,10956,2,1224
3635,21,48,9910,9911,10959,1,1049
3573,23,48,9740,9741,10962,1,1222
3576,26,48,9748,9749,10965,1,1217
3641,27,48,9926,9928,10968,2,1042
3579,29,48,9756,9758,10971,2,1215
3661,47,48,9980,9981,10974,1,994
3664,50,48,9989,9990,10977,1,988
3666,52,48,9994,9995,10980,1,986
3618,4,48,9863,9864,10983,1,1120
3619,5,48,9866,9868,10986,2,1120
3622,8,48,9874,9875,10989,1,1115
3624,10,48,9880,9881,10992,1,1112
3625,11,48,9882,9884,10995,2,1113
3628,14,48,9890,9891,10998,1,1108
3630,16,48,9896,9898,11001,2,1105
3631,17,48,9899,9900,11004,1,1105
3634,20,48,9907,9908,11007,1,1100
3636,22,48,9912,9914,11010,2,1098
3637,23,48,9915,9917,11013,2,1098
3640,26,48,9923,9924,11016,1,1093
3642,28,48,9929,9930,11019,1,1090
3643,29,48,9931,9933,11022,2,1091
