
****** Vivado v2025.2 (64-bit)
  **** SW Build 6299465 on Fri Nov 14 12:34:56 MST 2025
  **** IP Build 6300035 on Fri Nov 14 10:48:45 MST 2025
  **** SharedData Build 6298862 on Thu Nov 13 04:50:51 MST 2025
  **** Start of session at: Sun Sep  6 22:55:47 2026
    ** Copyright 1986-2022 Xilinx, Inc. All Rights Reserved.
    ** Copyright 2022-2025 Advanced Micro Devices, Inc. All Rights Reserved.

source /home/zg366/packet-scheduling/pifo-hardware/synthesis/vivado_synth.tcl
# if {$argc < 5 || $argc > 7} {
#     error {Expected BUILD_DIR PART THREADS CLOCK_PERIOD_NS PREPARE_ONLY [DIRECTIVE] [ALLOW_OVER_CAPACITY]}
# }
# lassign $argv build_dir part threads period prepare_only directive allow_over_capacity
# if {$directive eq ""} { set directive default }
# if {$allow_over_capacity eq ""} { set allow_over_capacity 0 }
# set build_dir [file normalize $build_dir]
# set rtl_dir [file join $build_dir rtl]
# set report_dir [file join $build_dir reports]
# file mkdir $report_dir
# if {[llength [get_parts -quiet $part]] != 1} {
#     error "Target part is not installed: $part"
# }
# puts "PIFO_VIVADO_VERSION: [version -short]"
PIFO_VIVADO_VERSION: 2025.2
# puts "PIFO_VIVADO_PART: $part"
PIFO_VIVADO_PART: xcku5p-ffvb676-2-e
# set_param general.maxThreads $threads
# create_project -in_memory -part $part
# cd $rtl_dir
# read_verilog -sv [glob -directory $rtl_dir *.v *.sv]
# set xdc [file join $build_dir pifo.xdc]
# set constraints [open $xdc w]
# puts $constraints "create_clock -name clk -period $period \[get_ports clk\]"
# puts $constraints {set_false_path -from [get_ports reset]}
# close $constraints
# read_xdc $xdc
# if {$prepare_only} {
#     puts "PIFO_PREPARED: $build_dir"
#     exit 0
# }
# if {$allow_over_capacity} {
#     # This version-specific Tcl hook skips only the pre-mapping device-capacity
#     # gate. The RTL, target, optimization passes, and reported device capacities
#     # remain unchanged. The resulting netlist can exceed the physical device.
#     # Verified on Vivado 2025.2 with an oversized RAM and an unchanged smaller
#     # control design; see experiment-results/hardware-overhead/diagnostics.
#     puts "PIFO_ESTIMATION_ONLY: device-capacity check disabled; no implementation or fit claim"
#     set_param synth.elaboration.rodinMoreOptions {if {[llength [info commands rt::pifo_device_capacity_check]] == 0} {rename rt::check_resource rt::pifo_device_capacity_check}; proc rt::check_resource {args} {puts "PIFO_DEVICE_CAPACITY_CHECK_SKIPPED: $args"; return 1}}
# }
PIFO_ESTIMATION_ONLY: device-capacity check disabled; no implementation or fit claim
# synth_design -top PifoMesh -part $part -mode out_of_context -flatten_hierarchy rebuilt -directive $directive
Command: synth_design -top PifoMesh -part xcku5p-ffvb676-2-e -mode out_of_context -flatten_hierarchy rebuilt -directive RuntimeOptimized
Starting synth_design
Attempting to get a license for feature 'Synthesis' and/or device 'xcku5p'
INFO: [Common 17-349] Got license for feature 'Synthesis' and/or device 'xcku5p'
INFO: [Device 21-403] Loading part xcku5p-ffvb676-2-e
INFO: [Synth 8-7079] Multithreading enabled for synth_design using a maximum of 7 processes.
INFO: [Synth 8-7078] Launching helper process for spawning children vivado processes
INFO: [Synth 8-7075] Helper process launched with PID 299090
---------------------------------------------------------------------------------
Starting RTL Elaboration : Time (s): cpu = 00:00:05 ; elapsed = 00:00:05 . Memory (MB): peak = 2834.496 ; gain = 189.688 ; free physical = 175093 ; free virtual = 196606
---------------------------------------------------------------------------------
INFO: [Synth 8-6157] synthesizing module 'PifoMesh' [/data/work/rio-synthesis/hardware-overhead/rio-only-pe5-v128-c1024-dynamic-vivado/rtl/PifoMesh.v:7]
INFO: [Synth 8-6157] synthesizing module 'MessageCrossBar' [/data/work/rio-synthesis/hardware-overhead/rio-only-pe5-v128-c1024-dynamic-vivado/rtl/PifoMesh.v:6553]
INFO: [Synth 8-6157] synthesizing module 'StreamFifoLowLatency' [/data/work/rio-synthesis/hardware-overhead/rio-only-pe5-v128-c1024-dynamic-vivado/rtl/PifoMesh.v:21678]
INFO: [Synth 8-6157] synthesizing module 'StreamFifo' [/data/work/rio-synthesis/hardware-overhead/rio-only-pe5-v128-c1024-dynamic-vivado/rtl/PifoMesh.v:23923]
INFO: [Synth 8-6155] done synthesizing module 'StreamFifo' (0#1) [/data/work/rio-synthesis/hardware-overhead/rio-only-pe5-v128-c1024-dynamic-vivado/rtl/PifoMesh.v:23923]
INFO: [Synth 8-6155] done synthesizing module 'StreamFifoLowLatency' (0#1) [/data/work/rio-synthesis/hardware-overhead/rio-only-pe5-v128-c1024-dynamic-vivado/rtl/PifoMesh.v:21678]
INFO: [Synth 8-6157] synthesizing module 'StreamDemux' [/data/work/rio-synthesis/hardware-overhead/rio-only-pe5-v128-c1024-dynamic-vivado/rtl/PifoMesh.v:21548]
INFO: [Synth 8-6155] done synthesizing module 'StreamDemux' (0#1) [/data/work/rio-synthesis/hardware-overhead/rio-only-pe5-v128-c1024-dynamic-vivado/rtl/PifoMesh.v:21548]
INFO: [Synth 8-6157] synthesizing module 'StreamArbiter' [/data/work/rio-synthesis/hardware-overhead/rio-only-pe5-v128-c1024-dynamic-vivado/rtl/PifoMesh.v:21366]
INFO: [Synth 8-6155] done synthesizing module 'StreamArbiter' (0#1) [/data/work/rio-synthesis/hardware-overhead/rio-only-pe5-v128-c1024-dynamic-vivado/rtl/PifoMesh.v:21366]
INFO: [Synth 8-6155] done synthesizing module 'MessageCrossBar' (0#1) [/data/work/rio-synthesis/hardware-overhead/rio-only-pe5-v128-c1024-dynamic-vivado/rtl/PifoMesh.v:6553]
INFO: [Synth 8-6157] synthesizing module 'PifoEngine' [/data/work/rio-synthesis/hardware-overhead/rio-only-pe5-v128-c1024-dynamic-vivado/rtl/PifoMesh.v:5700]
INFO: [Synth 8-6157] synthesizing module 'ExternalPifoCore' [/data/work/rio-synthesis/hardware-overhead/rio-only-pe5-v128-c1024-dynamic-vivado/rtl/PifoMesh.v:21295]
INFO: [Synth 8-6155] done synthesizing module 'ExternalPifoCore' (0#1) [/data/work/rio-synthesis/hardware-overhead/rio-only-pe5-v128-c1024-dynamic-vivado/rtl/PifoMesh.v:21295]
INFO: [Synth 8-6157] synthesizing module 'TransactionalMapper' [/data/work/rio-synthesis/hardware-overhead/rio-only-pe5-v128-c1024-dynamic-vivado/rtl/PifoMesh.v:21145]
INFO: [Synth 8-3876] $readmem data file 'PifoMesh.v_toplevel_pifoEngines_0_enque_enqueMapper_banks_0.bin' is read successfully [/data/work/rio-synthesis/hardware-overhead/rio-only-pe5-v128-c1024-dynamic-vivado/rtl/PifoMesh.v:21199]
INFO: [Synth 8-3876] $readmem data file 'PifoMesh.v_toplevel_pifoEngines_0_enque_enqueMapper_banks_1.bin' is read successfully [/data/work/rio-synthesis/hardware-overhead/rio-only-pe5-v128-c1024-dynamic-vivado/rtl/PifoMesh.v:21220]
INFO: [Synth 8-6155] done synthesizing module 'TransactionalMapper' (0#1) [/data/work/rio-synthesis/hardware-overhead/rio-only-pe5-v128-c1024-dynamic-vivado/rtl/PifoMesh.v:21145]
INFO: [Synth 8-6157] synthesizing module 'StreamFifoLowLatency_13' [/data/work/rio-synthesis/hardware-overhead/rio-only-pe5-v128-c1024-dynamic-vivado/rtl/PifoMesh.v:21098]
INFO: [Synth 8-6157] synthesizing module 'StreamFifo_6' [/data/work/rio-synthesis/hardware-overhead/rio-only-pe5-v128-c1024-dynamic-vivado/rtl/PifoMesh.v:23768]
INFO: [Synth 8-6155] done synthesizing module 'StreamFifo_6' (0#1) [/data/work/rio-synthesis/hardware-overhead/rio-only-pe5-v128-c1024-dynamic-vivado/rtl/PifoMesh.v:23768]
INFO: [Synth 8-6155] done synthesizing module 'StreamFifoLowLatency_13' (0#1) [/data/work/rio-synthesis/hardware-overhead/rio-only-pe5-v128-c1024-dynamic-vivado/rtl/PifoMesh.v:21098]
INFO: [Synth 8-6157] synthesizing module 'PIFOBrain' [/data/work/rio-synthesis/hardware-overhead/rio-only-pe5-v128-c1024-dynamic-vivado/rtl/PifoMesh.v:20035]
INFO: [Synth 8-6157] synthesizing module 'StreamFork' [/data/work/rio-synthesis/hardware-overhead/rio-only-pe5-v128-c1024-dynamic-vivado/rtl/PifoMesh.v:23643]
INFO: [Synth 8-6155] done synthesizing module 'StreamFork' (0#1) [/data/work/rio-synthesis/hardware-overhead/rio-only-pe5-v128-c1024-dynamic-vivado/rtl/PifoMesh.v:23643]
INFO: [Synth 8-6157] synthesizing module 'Mapper' [/data/work/rio-synthesis/hardware-overhead/rio-only-pe5-v128-c1024-dynamic-vivado/rtl/PifoMesh.v:23590]
INFO: [Synth 8-3876] $readmem data file 'PifoMesh.v_toplevel_pifoEngines_0_enque_brain_engineMapper_ram.bin' is read successfully [/data/work/rio-synthesis/hardware-overhead/rio-only-pe5-v128-c1024-dynamic-vivado/rtl/PifoMesh.v:23613]
INFO: [Synth 8-6155] done synthesizing module 'Mapper' (0#1) [/data/work/rio-synthesis/hardware-overhead/rio-only-pe5-v128-c1024-dynamic-vivado/rtl/PifoMesh.v:23590]
INFO: [Synth 8-6157] synthesizing module 'Mapper_1' [/data/work/rio-synthesis/hardware-overhead/rio-only-pe5-v128-c1024-dynamic-vivado/rtl/PifoMesh.v:23537]
INFO: [Synth 8-3876] $readmem data file 'PifoMesh.v_toplevel_pifoEngines_0_enque_brain_lastVirtualMapper_ram.bin' is read successfully [/data/work/rio-synthesis/hardware-overhead/rio-only-pe5-v128-c1024-dynamic-vivado/rtl/PifoMesh.v:23560]
INFO: [Synth 8-6155] done synthesizing module 'Mapper_1' (0#1) [/data/work/rio-synthesis/hardware-overhead/rio-only-pe5-v128-c1024-dynamic-vivado/rtl/PifoMesh.v:23537]
INFO: [Synth 8-6157] synthesizing module 'Mapper_2' [/data/work/rio-synthesis/hardware-overhead/rio-only-pe5-v128-c1024-dynamic-vivado/rtl/PifoMesh.v:23484]
INFO: [Synth 8-3876] $readmem data file 'PifoMesh.v_toplevel_pifoEngines_0_enque_brain_engineCAM_ram.bin' is read successfully [/data/work/rio-synthesis/hardware-overhead/rio-only-pe5-v128-c1024-dynamic-vivado/rtl/PifoMesh.v:23507]
INFO: [Synth 8-6155] done synthesizing module 'Mapper_2' (0#1) [/data/work/rio-synthesis/hardware-overhead/rio-only-pe5-v128-c1024-dynamic-vivado/rtl/PifoMesh.v:23484]
INFO: [Synth 8-6157] synthesizing module 'StreamFifoLowLatency_6' [/data/work/rio-synthesis/hardware-overhead/rio-only-pe5-v128-c1024-dynamic-vivado/rtl/PifoMesh.v:23437]
INFO: [Synth 8-6157] synthesizing module 'StreamFifo_7' [/data/work/rio-synthesis/hardware-overhead/rio-only-pe5-v128-c1024-dynamic-vivado/rtl/PifoMesh.v:24774]
INFO: [Synth 8-6155] done synthesizing module 'StreamFifo_7' (0#1) [/data/work/rio-synthesis/hardware-overhead/rio-only-pe5-v128-c1024-dynamic-vivado/rtl/PifoMesh.v:24774]
INFO: [Synth 8-6155] done synthesizing module 'StreamFifoLowLatency_6' (0#1) [/data/work/rio-synthesis/hardware-overhead/rio-only-pe5-v128-c1024-dynamic-vivado/rtl/PifoMesh.v:23437]
INFO: [Synth 8-6157] synthesizing module 'StreamArbiter_6' [/data/work/rio-synthesis/hardware-overhead/rio-only-pe5-v128-c1024-dynamic-vivado/rtl/PifoMesh.v:23366]
INFO: [Synth 8-6155] done synthesizing module 'StreamArbiter_6' (0#1) [/data/work/rio-synthesis/hardware-overhead/rio-only-pe5-v128-c1024-dynamic-vivado/rtl/PifoMesh.v:23366]
INFO: [Synth 8-6157] synthesizing module 'Mapper_3' [/data/work/rio-synthesis/hardware-overhead/rio-only-pe5-v128-c1024-dynamic-vivado/rtl/PifoMesh.v:23313]
INFO: [Synth 8-3876] $readmem data file 'PifoMesh.v_toplevel_pifoEngines_0_enque_brain_brainStateMem_ram.bin' is read successfully [/data/work/rio-synthesis/hardware-overhead/rio-only-pe5-v128-c1024-dynamic-vivado/rtl/PifoMesh.v:23336]
INFO: [Synth 8-6155] done synthesizing module 'Mapper_3' (0#1) [/data/work/rio-synthesis/hardware-overhead/rio-only-pe5-v128-c1024-dynamic-vivado/rtl/PifoMesh.v:23313]
INFO: [Synth 8-6157] synthesizing module 'StreamFifoLowLatency_7' [/data/work/rio-synthesis/hardware-overhead/rio-only-pe5-v128-c1024-dynamic-vivado/rtl/PifoMesh.v:23266]
INFO: [Synth 8-6157] synthesizing module 'StreamFifo_8' [/data/work/rio-synthesis/hardware-overhead/rio-only-pe5-v128-c1024-dynamic-vivado/rtl/PifoMesh.v:24629]
INFO: [Synth 8-6155] done synthesizing module 'StreamFifo_8' (0#1) [/data/work/rio-synthesis/hardware-overhead/rio-only-pe5-v128-c1024-dynamic-vivado/rtl/PifoMesh.v:24629]
INFO: [Synth 8-6155] done synthesizing module 'StreamFifoLowLatency_7' (0#1) [/data/work/rio-synthesis/hardware-overhead/rio-only-pe5-v128-c1024-dynamic-vivado/rtl/PifoMesh.v:23266]
INFO: [Synth 8-6157] synthesizing module 'StreamArbiter_7' [/data/work/rio-synthesis/hardware-overhead/rio-only-pe5-v128-c1024-dynamic-vivado/rtl/PifoMesh.v:23195]
INFO: [Synth 8-6155] done synthesizing module 'StreamArbiter_7' (0#1) [/data/work/rio-synthesis/hardware-overhead/rio-only-pe5-v128-c1024-dynamic-vivado/rtl/PifoMesh.v:23195]
INFO: [Synth 8-6157] synthesizing module 'StreamFork_1' [/data/work/rio-synthesis/hardware-overhead/rio-only-pe5-v128-c1024-dynamic-vivado/rtl/PifoMesh.v:23024]
INFO: [Synth 8-6155] done synthesizing module 'StreamFork_1' (0#1) [/data/work/rio-synthesis/hardware-overhead/rio-only-pe5-v128-c1024-dynamic-vivado/rtl/PifoMesh.v:23024]
INFO: [Synth 8-6157] synthesizing module 'StreamFifoLowLatency_8' [/data/work/rio-synthesis/hardware-overhead/rio-only-pe5-v128-c1024-dynamic-vivado/rtl/PifoMesh.v:22983]
INFO: [Synth 8-6157] synthesizing module 'StreamFifo_9' [/data/work/rio-synthesis/hardware-overhead/rio-only-pe5-v128-c1024-dynamic-vivado/rtl/PifoMesh.v:24501]
INFO: [Synth 8-6155] done synthesizing module 'StreamFifo_9' (0#1) [/data/work/rio-synthesis/hardware-overhead/rio-only-pe5-v128-c1024-dynamic-vivado/rtl/PifoMesh.v:24501]
INFO: [Synth 8-6155] done synthesizing module 'StreamFifoLowLatency_8' (0#1) [/data/work/rio-synthesis/hardware-overhead/rio-only-pe5-v128-c1024-dynamic-vivado/rtl/PifoMesh.v:22983]
INFO: [Synth 8-6157] synthesizing module 'StreamFifoLowLatency_9' [/data/work/rio-synthesis/hardware-overhead/rio-only-pe5-v128-c1024-dynamic-vivado/rtl/PifoMesh.v:22942]
INFO: [Synth 8-6157] synthesizing module 'StreamFifo_10' [/data/work/rio-synthesis/hardware-overhead/rio-only-pe5-v128-c1024-dynamic-vivado/rtl/PifoMesh.v:24373]
INFO: [Synth 8-6155] done synthesizing module 'StreamFifo_10' (0#1) [/data/work/rio-synthesis/hardware-overhead/rio-only-pe5-v128-c1024-dynamic-vivado/rtl/PifoMesh.v:24373]
INFO: [Synth 8-6155] done synthesizing module 'StreamFifoLowLatency_9' (0#1) [/data/work/rio-synthesis/hardware-overhead/rio-only-pe5-v128-c1024-dynamic-vivado/rtl/PifoMesh.v:22942]
INFO: [Synth 8-6157] synthesizing module 'StreamFifoLowLatency_11' [/data/work/rio-synthesis/hardware-overhead/rio-only-pe5-v128-c1024-dynamic-vivado/rtl/PifoMesh.v:22899]
INFO: [Synth 8-6157] synthesizing module 'StreamFifo_12' [/data/work/rio-synthesis/hardware-overhead/rio-only-pe5-v128-c1024-dynamic-vivado/rtl/PifoMesh.v:24243]
INFO: [Synth 8-6155] done synthesizing module 'StreamFifo_12' (0#1) [/data/work/rio-synthesis/hardware-overhead/rio-only-pe5-v128-c1024-dynamic-vivado/rtl/PifoMesh.v:24243]
INFO: [Synth 8-6155] done synthesizing module 'StreamFifoLowLatency_11' (0#1) [/data/work/rio-synthesis/hardware-overhead/rio-only-pe5-v128-c1024-dynamic-vivado/rtl/PifoMesh.v:22899]
INFO: [Synth 8-6157] synthesizing module 'StreamFifoLowLatency_12' [/data/work/rio-synthesis/hardware-overhead/rio-only-pe5-v128-c1024-dynamic-vivado/rtl/PifoMesh.v:22852]
INFO: [Synth 8-6157] synthesizing module 'StreamFifo_13' [/data/work/rio-synthesis/hardware-overhead/rio-only-pe5-v128-c1024-dynamic-vivado/rtl/PifoMesh.v:24098]
INFO: [Synth 8-6155] done synthesizing module 'StreamFifo_13' (0#1) [/data/work/rio-synthesis/hardware-overhead/rio-only-pe5-v128-c1024-dynamic-vivado/rtl/PifoMesh.v:24098]
INFO: [Synth 8-6155] done synthesizing module 'StreamFifoLowLatency_12' (0#1) [/data/work/rio-synthesis/hardware-overhead/rio-only-pe5-v128-c1024-dynamic-vivado/rtl/PifoMesh.v:22852]
INFO: [Synth 8-6155] done synthesizing module 'PIFOBrain' (0#1) [/data/work/rio-synthesis/hardware-overhead/rio-only-pe5-v128-c1024-dynamic-vivado/rtl/PifoMesh.v:20035]
INFO: [Synth 8-6157] synthesizing module 'TransactionalMapper_1' [/data/work/rio-synthesis/hardware-overhead/rio-only-pe5-v128-c1024-dynamic-vivado/rtl/PifoMesh.v:19885]
INFO: [Synth 8-3876] $readmem data file 'PifoMesh.v_toplevel_pifoEngines_0_deque_dequeMapper_banks_0.bin' is read successfully [/data/work/rio-synthesis/hardware-overhead/rio-only-pe5-v128-c1024-dynamic-vivado/rtl/PifoMesh.v:19939]
INFO: [Synth 8-3876] $readmem data file 'PifoMesh.v_toplevel_pifoEngines_0_deque_dequeMapper_banks_1.bin' is read successfully [/data/work/rio-synthesis/hardware-overhead/rio-only-pe5-v128-c1024-dynamic-vivado/rtl/PifoMesh.v:19960]
INFO: [Synth 8-6155] done synthesizing module 'TransactionalMapper_1' (0#1) [/data/work/rio-synthesis/hardware-overhead/rio-only-pe5-v128-c1024-dynamic-vivado/rtl/PifoMesh.v:19885]
INFO: [Synth 8-6157] synthesizing module 'FrontRewriteTable' [/data/work/rio-synthesis/hardware-overhead/rio-only-pe5-v128-c1024-dynamic-vivado/rtl/PifoMesh.v:13137]
INFO: [Synth 8-6155] done synthesizing module 'FrontRewriteTable' (0#1) [/data/work/rio-synthesis/hardware-overhead/rio-only-pe5-v128-c1024-dynamic-vivado/rtl/PifoMesh.v:13137]
INFO: [Synth 8-6157] synthesizing module 'StreamFork_2' [/data/work/rio-synthesis/hardware-overhead/rio-only-pe5-v128-c1024-dynamic-vivado/rtl/PifoMesh.v:13038]
INFO: [Synth 8-6155] done synthesizing module 'StreamFork_2' (0#1) [/data/work/rio-synthesis/hardware-overhead/rio-only-pe5-v128-c1024-dynamic-vivado/rtl/PifoMesh.v:13038]
INFO: [Synth 8-6157] synthesizing module 'StreamFifoLowLatency_14' [/data/work/rio-synthesis/hardware-overhead/rio-only-pe5-v128-c1024-dynamic-vivado/rtl/PifoMesh.v:12979]
INFO: [Synth 8-6157] synthesizing module 'StreamFifo_14' [/data/work/rio-synthesis/hardware-overhead/rio-only-pe5-v128-c1024-dynamic-vivado/rtl/PifoMesh.v:22677]
INFO: [Synth 8-6155] done synthesizing module 'StreamFifo_14' (0#1) [/data/work/rio-synthesis/hardware-overhead/rio-only-pe5-v128-c1024-dynamic-vivado/rtl/PifoMesh.v:22677]
INFO: [Synth 8-6155] done synthesizing module 'StreamFifoLowLatency_14' (0#1) [/data/work/rio-synthesis/hardware-overhead/rio-only-pe5-v128-c1024-dynamic-vivado/rtl/PifoMesh.v:12979]
INFO: [Synth 8-6155] done synthesizing module 'PifoEngine' (0#1) [/data/work/rio-synthesis/hardware-overhead/rio-only-pe5-v128-c1024-dynamic-vivado/rtl/PifoMesh.v:5700]
INFO: [Synth 8-6157] synthesizing module 'PifoEngine_1' [/data/work/rio-synthesis/hardware-overhead/rio-only-pe5-v128-c1024-dynamic-vivado/rtl/PifoMesh.v:4847]
INFO: [Synth 8-6157] synthesizing module 'TransactionalMapper_2' [/data/work/rio-synthesis/hardware-overhead/rio-only-pe5-v128-c1024-dynamic-vivado/rtl/PifoMesh.v:12825]
INFO: [Synth 8-3876] $readmem data file 'PifoMesh.v_toplevel_pifoEngines_1_enque_enqueMapper_banks_0.bin' is read successfully [/data/work/rio-synthesis/hardware-overhead/rio-only-pe5-v128-c1024-dynamic-vivado/rtl/PifoMesh.v:12879]
INFO: [Synth 8-3876] $readmem data file 'PifoMesh.v_toplevel_pifoEngines_1_enque_enqueMapper_banks_1.bin' is read successfully [/data/work/rio-synthesis/hardware-overhead/rio-only-pe5-v128-c1024-dynamic-vivado/rtl/PifoMesh.v:12900]
INFO: [Synth 8-6155] done synthesizing module 'TransactionalMapper_2' (0#1) [/data/work/rio-synthesis/hardware-overhead/rio-only-pe5-v128-c1024-dynamic-vivado/rtl/PifoMesh.v:12825]
INFO: [Synth 8-6157] synthesizing module 'PIFOBrain_1' [/data/work/rio-synthesis/hardware-overhead/rio-only-pe5-v128-c1024-dynamic-vivado/rtl/PifoMesh.v:11760]
INFO: [Synth 8-6157] synthesizing module 'Mapper_4' [/data/work/rio-synthesis/hardware-overhead/rio-only-pe5-v128-c1024-dynamic-vivado/rtl/PifoMesh.v:22620]
INFO: [Synth 8-3876] $readmem data file 'PifoMesh.v_toplevel_pifoEngines_1_enque_brain_engineMapper_ram.bin' is read successfully [/data/work/rio-synthesis/hardware-overhead/rio-only-pe5-v128-c1024-dynamic-vivado/rtl/PifoMesh.v:22643]
INFO: [Synth 8-6155] done synthesizing module 'Mapper_4' (0#1) [/data/work/rio-synthesis/hardware-overhead/rio-only-pe5-v128-c1024-dynamic-vivado/rtl/PifoMesh.v:22620]
INFO: [Synth 8-6157] synthesizing module 'Mapper_5' [/data/work/rio-synthesis/hardware-overhead/rio-only-pe5-v128-c1024-dynamic-vivado/rtl/PifoMesh.v:22567]
INFO: [Synth 8-3876] $readmem data file 'PifoMesh.v_toplevel_pifoEngines_1_enque_brain_lastVirtualMapper_ram.bin' is read successfully [/data/work/rio-synthesis/hardware-overhead/rio-only-pe5-v128-c1024-dynamic-vivado/rtl/PifoMesh.v:22590]
INFO: [Synth 8-6155] done synthesizing module 'Mapper_5' (0#1) [/data/work/rio-synthesis/hardware-overhead/rio-only-pe5-v128-c1024-dynamic-vivado/rtl/PifoMesh.v:22567]
INFO: [Synth 8-6157] synthesizing module 'Mapper_6' [/data/work/rio-synthesis/hardware-overhead/rio-only-pe5-v128-c1024-dynamic-vivado/rtl/PifoMesh.v:22514]
INFO: [Synth 8-3876] $readmem data file 'PifoMesh.v_toplevel_pifoEngines_1_enque_brain_engineCAM_ram.bin' is read successfully [/data/work/rio-synthesis/hardware-overhead/rio-only-pe5-v128-c1024-dynamic-vivado/rtl/PifoMesh.v:22537]
INFO: [Synth 8-6155] done synthesizing module 'Mapper_6' (0#1) [/data/work/rio-synthesis/hardware-overhead/rio-only-pe5-v128-c1024-dynamic-vivado/rtl/PifoMesh.v:22514]
INFO: [Synth 8-6157] synthesizing module 'Mapper_7' [/data/work/rio-synthesis/hardware-overhead/rio-only-pe5-v128-c1024-dynamic-vivado/rtl/PifoMesh.v:22457]
INFO: [Synth 8-3876] $readmem data file 'PifoMesh.v_toplevel_pifoEngines_1_enque_brain_brainStateMem_ram.bin' is read successfully [/data/work/rio-synthesis/hardware-overhead/rio-only-pe5-v128-c1024-dynamic-vivado/rtl/PifoMesh.v:22480]
INFO: [Synth 8-6155] done synthesizing module 'Mapper_7' (0#1) [/data/work/rio-synthesis/hardware-overhead/rio-only-pe5-v128-c1024-dynamic-vivado/rtl/PifoMesh.v:22457]
INFO: [Synth 8-6155] done synthesizing module 'PIFOBrain_1' (0#1) [/data/work/rio-synthesis/hardware-overhead/rio-only-pe5-v128-c1024-dynamic-vivado/rtl/PifoMesh.v:11760]
INFO: [Synth 8-6157] synthesizing module 'TransactionalMapper_3' [/data/work/rio-synthesis/hardware-overhead/rio-only-pe5-v128-c1024-dynamic-vivado/rtl/PifoMesh.v:11610]
INFO: [Synth 8-3876] $readmem data file 'PifoMesh.v_toplevel_pifoEngines_1_deque_dequeMapper_banks_0.bin' is read successfully [/data/work/rio-synthesis/hardware-overhead/rio-only-pe5-v128-c1024-dynamic-vivado/rtl/PifoMesh.v:11664]
INFO: [Synth 8-3876] $readmem data file 'PifoMesh.v_toplevel_pifoEngines_1_deque_dequeMapper_banks_1.bin' is read successfully [/data/work/rio-synthesis/hardware-overhead/rio-only-pe5-v128-c1024-dynamic-vivado/rtl/PifoMesh.v:11685]
INFO: [Synth 8-6155] done synthesizing module 'TransactionalMapper_3' (0#1) [/data/work/rio-synthesis/hardware-overhead/rio-only-pe5-v128-c1024-dynamic-vivado/rtl/PifoMesh.v:11610]
INFO: [Synth 8-6155] done synthesizing module 'PifoEngine_1' (0#1) [/data/work/rio-synthesis/hardware-overhead/rio-only-pe5-v128-c1024-dynamic-vivado/rtl/PifoMesh.v:4847]
INFO: [Synth 8-6157] synthesizing module 'PifoEngine_2' [/data/work/rio-synthesis/hardware-overhead/rio-only-pe5-v128-c1024-dynamic-vivado/rtl/PifoMesh.v:3994]
INFO: [Synth 8-6157] synthesizing module 'TransactionalMapper_4' [/data/work/rio-synthesis/hardware-overhead/rio-only-pe5-v128-c1024-dynamic-vivado/rtl/PifoMesh.v:11450]
INFO: [Synth 8-3876] $readmem data file 'PifoMesh.v_toplevel_pifoEngines_2_enque_enqueMapper_banks_0.bin' is read successfully [/data/work/rio-synthesis/hardware-overhead/rio-only-pe5-v128-c1024-dynamic-vivado/rtl/PifoMesh.v:11504]
INFO: [Synth 8-3876] $readmem data file 'PifoMesh.v_toplevel_pifoEngines_2_enque_enqueMapper_banks_1.bin' is read successfully [/data/work/rio-synthesis/hardware-overhead/rio-only-pe5-v128-c1024-dynamic-vivado/rtl/PifoMesh.v:11525]
INFO: [Synth 8-6155] done synthesizing module 'TransactionalMapper_4' (0#1) [/data/work/rio-synthesis/hardware-overhead/rio-only-pe5-v128-c1024-dynamic-vivado/rtl/PifoMesh.v:11450]
INFO: [Synth 8-6157] synthesizing module 'PIFOBrain_2' [/data/work/rio-synthesis/hardware-overhead/rio-only-pe5-v128-c1024-dynamic-vivado/rtl/PifoMesh.v:10385]
INFO: [Synth 8-6157] synthesizing module 'Mapper_8' [/data/work/rio-synthesis/hardware-overhead/rio-only-pe5-v128-c1024-dynamic-vivado/rtl/PifoMesh.v:22382]
INFO: [Synth 8-3876] $readmem data file 'PifoMesh.v_toplevel_pifoEngines_2_enque_brain_engineMapper_ram.bin' is read successfully [/data/work/rio-synthesis/hardware-overhead/rio-only-pe5-v128-c1024-dynamic-vivado/rtl/PifoMesh.v:22405]
INFO: [Synth 8-6155] done synthesizing module 'Mapper_8' (0#1) [/data/work/rio-synthesis/hardware-overhead/rio-only-pe5-v128-c1024-dynamic-vivado/rtl/PifoMesh.v:22382]
INFO: [Synth 8-6157] synthesizing module 'Mapper_9' [/data/work/rio-synthesis/hardware-overhead/rio-only-pe5-v128-c1024-dynamic-vivado/rtl/PifoMesh.v:22329]
INFO: [Synth 8-3876] $readmem data file 'PifoMesh.v_toplevel_pifoEngines_2_enque_brain_lastVirtualMapper_ram.bin' is read successfully [/data/work/rio-synthesis/hardware-overhead/rio-only-pe5-v128-c1024-dynamic-vivado/rtl/PifoMesh.v:22352]
INFO: [Synth 8-6155] done synthesizing module 'Mapper_9' (0#1) [/data/work/rio-synthesis/hardware-overhead/rio-only-pe5-v128-c1024-dynamic-vivado/rtl/PifoMesh.v:22329]
INFO: [Synth 8-6157] synthesizing module 'Mapper_10' [/data/work/rio-synthesis/hardware-overhead/rio-only-pe5-v128-c1024-dynamic-vivado/rtl/PifoMesh.v:22276]
INFO: [Synth 8-3876] $readmem data file 'PifoMesh.v_toplevel_pifoEngines_2_enque_brain_engineCAM_ram.bin' is read successfully [/data/work/rio-synthesis/hardware-overhead/rio-only-pe5-v128-c1024-dynamic-vivado/rtl/PifoMesh.v:22299]
INFO: [Synth 8-6155] done synthesizing module 'Mapper_10' (0#1) [/data/work/rio-synthesis/hardware-overhead/rio-only-pe5-v128-c1024-dynamic-vivado/rtl/PifoMesh.v:22276]
INFO: [Synth 8-6157] synthesizing module 'Mapper_11' [/data/work/rio-synthesis/hardware-overhead/rio-only-pe5-v128-c1024-dynamic-vivado/rtl/PifoMesh.v:22219]
INFO: [Synth 8-3876] $readmem data file 'PifoMesh.v_toplevel_pifoEngines_2_enque_brain_brainStateMem_ram.bin' is read successfully [/data/work/rio-synthesis/hardware-overhead/rio-only-pe5-v128-c1024-dynamic-vivado/rtl/PifoMesh.v:22242]
INFO: [Synth 8-6155] done synthesizing module 'Mapper_11' (0#1) [/data/work/rio-synthesis/hardware-overhead/rio-only-pe5-v128-c1024-dynamic-vivado/rtl/PifoMesh.v:22219]
INFO: [Synth 8-6155] done synthesizing module 'PIFOBrain_2' (0#1) [/data/work/rio-synthesis/hardware-overhead/rio-only-pe5-v128-c1024-dynamic-vivado/rtl/PifoMesh.v:10385]
INFO: [Synth 8-6157] synthesizing module 'TransactionalMapper_5' [/data/work/rio-synthesis/hardware-overhead/rio-only-pe5-v128-c1024-dynamic-vivado/rtl/PifoMesh.v:10235]
INFO: [Synth 8-3876] $readmem data file 'PifoMesh.v_toplevel_pifoEngines_2_deque_dequeMapper_banks_0.bin' is read successfully [/data/work/rio-synthesis/hardware-overhead/rio-only-pe5-v128-c1024-dynamic-vivado/rtl/PifoMesh.v:10289]
INFO: [Synth 8-3876] $readmem data file 'PifoMesh.v_toplevel_pifoEngines_2_deque_dequeMapper_banks_1.bin' is read successfully [/data/work/rio-synthesis/hardware-overhead/rio-only-pe5-v128-c1024-dynamic-vivado/rtl/PifoMesh.v:10310]
INFO: [Synth 8-6155] done synthesizing module 'TransactionalMapper_5' (0#1) [/data/work/rio-synthesis/hardware-overhead/rio-only-pe5-v128-c1024-dynamic-vivado/rtl/PifoMesh.v:10235]
INFO: [Synth 8-6155] done synthesizing module 'PifoEngine_2' (0#1) [/data/work/rio-synthesis/hardware-overhead/rio-only-pe5-v128-c1024-dynamic-vivado/rtl/PifoMesh.v:3994]
INFO: [Synth 8-6157] synthesizing module 'PifoEngine_3' [/data/work/rio-synthesis/hardware-overhead/rio-only-pe5-v128-c1024-dynamic-vivado/rtl/PifoMesh.v:3141]
INFO: [Synth 8-6157] synthesizing module 'TransactionalMapper_6' [/data/work/rio-synthesis/hardware-overhead/rio-only-pe5-v128-c1024-dynamic-vivado/rtl/PifoMesh.v:10075]
INFO: [Synth 8-3876] $readmem data file 'PifoMesh.v_toplevel_pifoEngines_3_enque_enqueMapper_banks_0.bin' is read successfully [/data/work/rio-synthesis/hardware-overhead/rio-only-pe5-v128-c1024-dynamic-vivado/rtl/PifoMesh.v:10129]
INFO: [Synth 8-3876] $readmem data file 'PifoMesh.v_toplevel_pifoEngines_3_enque_enqueMapper_banks_1.bin' is read successfully [/data/work/rio-synthesis/hardware-overhead/rio-only-pe5-v128-c1024-dynamic-vivado/rtl/PifoMesh.v:10150]
INFO: [Synth 8-6155] done synthesizing module 'TransactionalMapper_6' (0#1) [/data/work/rio-synthesis/hardware-overhead/rio-only-pe5-v128-c1024-dynamic-vivado/rtl/PifoMesh.v:10075]
INFO: [Synth 8-6157] synthesizing module 'PIFOBrain_3' [/data/work/rio-synthesis/hardware-overhead/rio-only-pe5-v128-c1024-dynamic-vivado/rtl/PifoMesh.v:9010]
INFO: [Synth 8-6157] synthesizing module 'Mapper_12' [/data/work/rio-synthesis/hardware-overhead/rio-only-pe5-v128-c1024-dynamic-vivado/rtl/PifoMesh.v:22144]
INFO: [Synth 8-3876] $readmem data file 'PifoMesh.v_toplevel_pifoEngines_3_enque_brain_engineMapper_ram.bin' is read successfully [/data/work/rio-synthesis/hardware-overhead/rio-only-pe5-v128-c1024-dynamic-vivado/rtl/PifoMesh.v:22167]
INFO: [Synth 8-6155] done synthesizing module 'Mapper_12' (0#1) [/data/work/rio-synthesis/hardware-overhead/rio-only-pe5-v128-c1024-dynamic-vivado/rtl/PifoMesh.v:22144]
INFO: [Synth 8-6157] synthesizing module 'Mapper_13' [/data/work/rio-synthesis/hardware-overhead/rio-only-pe5-v128-c1024-dynamic-vivado/rtl/PifoMesh.v:22091]
INFO: [Synth 8-3876] $readmem data file 'PifoMesh.v_toplevel_pifoEngines_3_enque_brain_lastVirtualMapper_ram.bin' is read successfully [/data/work/rio-synthesis/hardware-overhead/rio-only-pe5-v128-c1024-dynamic-vivado/rtl/PifoMesh.v:22114]
INFO: [Synth 8-6155] done synthesizing module 'Mapper_13' (0#1) [/data/work/rio-synthesis/hardware-overhead/rio-only-pe5-v128-c1024-dynamic-vivado/rtl/PifoMesh.v:22091]
INFO: [Synth 8-6157] synthesizing module 'Mapper_14' [/data/work/rio-synthesis/hardware-overhead/rio-only-pe5-v128-c1024-dynamic-vivado/rtl/PifoMesh.v:22038]
INFO: [Synth 8-3876] $readmem data file 'PifoMesh.v_toplevel_pifoEngines_3_enque_brain_engineCAM_ram.bin' is read successfully [/data/work/rio-synthesis/hardware-overhead/rio-only-pe5-v128-c1024-dynamic-vivado/rtl/PifoMesh.v:22061]
INFO: [Synth 8-6155] done synthesizing module 'Mapper_14' (0#1) [/data/work/rio-synthesis/hardware-overhead/rio-only-pe5-v128-c1024-dynamic-vivado/rtl/PifoMesh.v:22038]
INFO: [Synth 8-6157] synthesizing module 'Mapper_15' [/data/work/rio-synthesis/hardware-overhead/rio-only-pe5-v128-c1024-dynamic-vivado/rtl/PifoMesh.v:21981]
INFO: [Synth 8-3876] $readmem data file 'PifoMesh.v_toplevel_pifoEngines_3_enque_brain_brainStateMem_ram.bin' is read successfully [/data/work/rio-synthesis/hardware-overhead/rio-only-pe5-v128-c1024-dynamic-vivado/rtl/PifoMesh.v:22004]
INFO: [Synth 8-6155] done synthesizing module 'Mapper_15' (0#1) [/data/work/rio-synthesis/hardware-overhead/rio-only-pe5-v128-c1024-dynamic-vivado/rtl/PifoMesh.v:21981]
INFO: [Synth 8-6155] done synthesizing module 'PIFOBrain_3' (0#1) [/data/work/rio-synthesis/hardware-overhead/rio-only-pe5-v128-c1024-dynamic-vivado/rtl/PifoMesh.v:9010]
INFO: [Synth 8-6157] synthesizing module 'TransactionalMapper_7' [/data/work/rio-synthesis/hardware-overhead/rio-only-pe5-v128-c1024-dynamic-vivado/rtl/PifoMesh.v:8860]
INFO: [Synth 8-3876] $readmem data file 'PifoMesh.v_toplevel_pifoEngines_3_deque_dequeMapper_banks_0.bin' is read successfully [/data/work/rio-synthesis/hardware-overhead/rio-only-pe5-v128-c1024-dynamic-vivado/rtl/PifoMesh.v:8914]
INFO: [Synth 8-3876] $readmem data file 'PifoMesh.v_toplevel_pifoEngines_3_deque_dequeMapper_banks_1.bin' is read successfully [/data/work/rio-synthesis/hardware-overhead/rio-only-pe5-v128-c1024-dynamic-vivado/rtl/PifoMesh.v:8935]
INFO: [Synth 8-6155] done synthesizing module 'TransactionalMapper_7' (0#1) [/data/work/rio-synthesis/hardware-overhead/rio-only-pe5-v128-c1024-dynamic-vivado/rtl/PifoMesh.v:8860]
INFO: [Synth 8-6155] done synthesizing module 'PifoEngine_3' (0#1) [/data/work/rio-synthesis/hardware-overhead/rio-only-pe5-v128-c1024-dynamic-vivado/rtl/PifoMesh.v:3141]
INFO: [Synth 8-6157] synthesizing module 'PifoEngine_4' [/data/work/rio-synthesis/hardware-overhead/rio-only-pe5-v128-c1024-dynamic-vivado/rtl/PifoMesh.v:2288]
INFO: [Synth 8-6157] synthesizing module 'TransactionalMapper_8' [/data/work/rio-synthesis/hardware-overhead/rio-only-pe5-v128-c1024-dynamic-vivado/rtl/PifoMesh.v:8700]
INFO: [Synth 8-3876] $readmem data file 'PifoMesh.v_toplevel_pifoEngines_4_enque_enqueMapper_banks_0.bin' is read successfully [/data/work/rio-synthesis/hardware-overhead/rio-only-pe5-v128-c1024-dynamic-vivado/rtl/PifoMesh.v:8754]
INFO: [Synth 8-3876] $readmem data file 'PifoMesh.v_toplevel_pifoEngines_4_enque_enqueMapper_banks_1.bin' is read successfully [/data/work/rio-synthesis/hardware-overhead/rio-only-pe5-v128-c1024-dynamic-vivado/rtl/PifoMesh.v:8775]
INFO: [Synth 8-6155] done synthesizing module 'TransactionalMapper_8' (0#1) [/data/work/rio-synthesis/hardware-overhead/rio-only-pe5-v128-c1024-dynamic-vivado/rtl/PifoMesh.v:8700]
INFO: [Synth 8-6157] synthesizing module 'PIFOBrain_4' [/data/work/rio-synthesis/hardware-overhead/rio-only-pe5-v128-c1024-dynamic-vivado/rtl/PifoMesh.v:7635]
INFO: [Synth 8-6157] synthesizing module 'Mapper_16' [/data/work/rio-synthesis/hardware-overhead/rio-only-pe5-v128-c1024-dynamic-vivado/rtl/PifoMesh.v:21906]
INFO: [Synth 8-3876] $readmem data file 'PifoMesh.v_toplevel_pifoEngines_4_enque_brain_engineMapper_ram.bin' is read successfully [/data/work/rio-synthesis/hardware-overhead/rio-only-pe5-v128-c1024-dynamic-vivado/rtl/PifoMesh.v:21929]
INFO: [Synth 8-6155] done synthesizing module 'Mapper_16' (0#1) [/data/work/rio-synthesis/hardware-overhead/rio-only-pe5-v128-c1024-dynamic-vivado/rtl/PifoMesh.v:21906]
INFO: [Synth 8-6157] synthesizing module 'Mapper_17' [/data/work/rio-synthesis/hardware-overhead/rio-only-pe5-v128-c1024-dynamic-vivado/rtl/PifoMesh.v:21853]
INFO: [Synth 8-3876] $readmem data file 'PifoMesh.v_toplevel_pifoEngines_4_enque_brain_lastVirtualMapper_ram.bin' is read successfully [/data/work/rio-synthesis/hardware-overhead/rio-only-pe5-v128-c1024-dynamic-vivado/rtl/PifoMesh.v:21876]
INFO: [Synth 8-6155] done synthesizing module 'Mapper_17' (0#1) [/data/work/rio-synthesis/hardware-overhead/rio-only-pe5-v128-c1024-dynamic-vivado/rtl/PifoMesh.v:21853]
INFO: [Synth 8-6157] synthesizing module 'Mapper_18' [/data/work/rio-synthesis/hardware-overhead/rio-only-pe5-v128-c1024-dynamic-vivado/rtl/PifoMesh.v:21800]
INFO: [Synth 8-3876] $readmem data file 'PifoMesh.v_toplevel_pifoEngines_4_enque_brain_engineCAM_ram.bin' is read successfully [/data/work/rio-synthesis/hardware-overhead/rio-only-pe5-v128-c1024-dynamic-vivado/rtl/PifoMesh.v:21823]
INFO: [Synth 8-6155] done synthesizing module 'Mapper_18' (0#1) [/data/work/rio-synthesis/hardware-overhead/rio-only-pe5-v128-c1024-dynamic-vivado/rtl/PifoMesh.v:21800]
INFO: [Synth 8-6157] synthesizing module 'Mapper_19' [/data/work/rio-synthesis/hardware-overhead/rio-only-pe5-v128-c1024-dynamic-vivado/rtl/PifoMesh.v:21743]
INFO: [Synth 8-3876] $readmem data file 'PifoMesh.v_toplevel_pifoEngines_4_enque_brain_brainStateMem_ram.bin' is read successfully [/data/work/rio-synthesis/hardware-overhead/rio-only-pe5-v128-c1024-dynamic-vivado/rtl/PifoMesh.v:21766]
INFO: [Synth 8-6155] done synthesizing module 'Mapper_19' (0#1) [/data/work/rio-synthesis/hardware-overhead/rio-only-pe5-v128-c1024-dynamic-vivado/rtl/PifoMesh.v:21743]
INFO: [Synth 8-6155] done synthesizing module 'PIFOBrain_4' (0#1) [/data/work/rio-synthesis/hardware-overhead/rio-only-pe5-v128-c1024-dynamic-vivado/rtl/PifoMesh.v:7635]
INFO: [Synth 8-6157] synthesizing module 'TransactionalMapper_9' [/data/work/rio-synthesis/hardware-overhead/rio-only-pe5-v128-c1024-dynamic-vivado/rtl/PifoMesh.v:7485]
INFO: [Synth 8-3876] $readmem data file 'PifoMesh.v_toplevel_pifoEngines_4_deque_dequeMapper_banks_0.bin' is read successfully [/data/work/rio-synthesis/hardware-overhead/rio-only-pe5-v128-c1024-dynamic-vivado/rtl/PifoMesh.v:7539]
INFO: [Synth 8-3876] $readmem data file 'PifoMesh.v_toplevel_pifoEngines_4_deque_dequeMapper_banks_1.bin' is read successfully [/data/work/rio-synthesis/hardware-overhead/rio-only-pe5-v128-c1024-dynamic-vivado/rtl/PifoMesh.v:7560]
INFO: [Synth 8-6155] done synthesizing module 'TransactionalMapper_9' (0#1) [/data/work/rio-synthesis/hardware-overhead/rio-only-pe5-v128-c1024-dynamic-vivado/rtl/PifoMesh.v:7485]
INFO: [Synth 8-6155] done synthesizing module 'PifoEngine_4' (0#1) [/data/work/rio-synthesis/hardware-overhead/rio-only-pe5-v128-c1024-dynamic-vivado/rtl/PifoMesh.v:2288]
INFO: [Synth 8-6157] synthesizing module 'StreamFifo_51' [/data/work/rio-synthesis/hardware-overhead/rio-only-pe5-v128-c1024-dynamic-vivado/rtl/PifoMesh.v:1982]
INFO: [Synth 8-6155] done synthesizing module 'StreamFifo_51' (0#1) [/data/work/rio-synthesis/hardware-overhead/rio-only-pe5-v128-c1024-dynamic-vivado/rtl/PifoMesh.v:1982]
INFO: [Synth 8-6157] synthesizing module 'StreamDemux_6' [/data/work/rio-synthesis/hardware-overhead/rio-only-pe5-v128-c1024-dynamic-vivado/rtl/PifoMesh.v:1747]
INFO: [Synth 8-6155] done synthesizing module 'StreamDemux_6' (0#1) [/data/work/rio-synthesis/hardware-overhead/rio-only-pe5-v128-c1024-dynamic-vivado/rtl/PifoMesh.v:1747]
INFO: [Synth 8-6157] synthesizing module 'StreamFork_20' [/data/work/rio-synthesis/hardware-overhead/rio-only-pe5-v128-c1024-dynamic-vivado/rtl/PifoMesh.v:1498]
INFO: [Synth 8-6155] done synthesizing module 'StreamFork_20' (0#1) [/data/work/rio-synthesis/hardware-overhead/rio-only-pe5-v128-c1024-dynamic-vivado/rtl/PifoMesh.v:1498]
INFO: [Synth 8-6157] synthesizing module 'StreamArbiter_16' [/data/work/rio-synthesis/hardware-overhead/rio-only-pe5-v128-c1024-dynamic-vivado/rtl/PifoMesh.v:1348]
INFO: [Synth 8-6155] done synthesizing module 'StreamArbiter_16' (0#1) [/data/work/rio-synthesis/hardware-overhead/rio-only-pe5-v128-c1024-dynamic-vivado/rtl/PifoMesh.v:1348]
INFO: [Synth 8-6155] done synthesizing module 'PifoMesh' (0#1) [/data/work/rio-synthesis/hardware-overhead/rio-only-pe5-v128-c1024-dynamic-vivado/rtl/PifoMesh.v:7]
WARNING: [Synth 8-6014] Unused sequential element logic_ptr_wentUp_reg was removed.  [/data/work/rio-synthesis/hardware-overhead/rio-only-pe5-v128-c1024-dynamic-vivado/rtl/PifoMesh.v:24018]
WARNING: [Synth 8-6014] Unused sequential element logic_ptr_wentUp_reg was removed.  [/data/work/rio-synthesis/hardware-overhead/rio-only-pe5-v128-c1024-dynamic-vivado/rtl/PifoMesh.v:23889]
WARNING: [Synth 8-6014] Unused sequential element logic_ptr_wentUp_reg was removed.  [/data/work/rio-synthesis/hardware-overhead/rio-only-pe5-v128-c1024-dynamic-vivado/rtl/PifoMesh.v:24895]
WARNING: [Synth 8-6014] Unused sequential element logic_ptr_wentUp_reg was removed.  [/data/work/rio-synthesis/hardware-overhead/rio-only-pe5-v128-c1024-dynamic-vivado/rtl/PifoMesh.v:24750]
WARNING: [Synth 8-6014] Unused sequential element logic_ptr_wentUp_reg was removed.  [/data/work/rio-synthesis/hardware-overhead/rio-only-pe5-v128-c1024-dynamic-vivado/rtl/PifoMesh.v:24605]
WARNING: [Synth 8-6014] Unused sequential element logic_ptr_wentUp_reg was removed.  [/data/work/rio-synthesis/hardware-overhead/rio-only-pe5-v128-c1024-dynamic-vivado/rtl/PifoMesh.v:24477]
WARNING: [Synth 8-6014] Unused sequential element logic_ptr_wentUp_reg was removed.  [/data/work/rio-synthesis/hardware-overhead/rio-only-pe5-v128-c1024-dynamic-vivado/rtl/PifoMesh.v:24347]
WARNING: [Synth 8-6014] Unused sequential element logic_ptr_wentUp_reg was removed.  [/data/work/rio-synthesis/hardware-overhead/rio-only-pe5-v128-c1024-dynamic-vivado/rtl/PifoMesh.v:24219]
WARNING: [Synth 8-6014] Unused sequential element logic_ptr_wentUp_reg was removed.  [/data/work/rio-synthesis/hardware-overhead/rio-only-pe5-v128-c1024-dynamic-vivado/rtl/PifoMesh.v:22828]
WARNING: [Synth 8-6014] Unused sequential element logic_ptr_wentUp_reg was removed.  [/data/work/rio-synthesis/hardware-overhead/rio-only-pe5-v128-c1024-dynamic-vivado/rtl/PifoMesh.v:2244]
WARNING: [Synth 8-6014] Unused sequential element logic_pop_addressGen_rData_reg was removed.  [/data/work/rio-synthesis/hardware-overhead/rio-only-pe5-v128-c1024-dynamic-vivado/rtl/PifoMesh.v:2209]
WARNING: [Synth 8-7129] Port reset in module Mapper_19 is either unconnected or has no load
WARNING: [Synth 8-7129] Port reset in module Mapper_18 is either unconnected or has no load
WARNING: [Synth 8-7129] Port reset in module Mapper_17 is either unconnected or has no load
WARNING: [Synth 8-7129] Port reset in module Mapper_16 is either unconnected or has no load
WARNING: [Synth 8-7129] Port io_poped_payload_data[9] in module PIFOBrain_4 is either unconnected or has no load
WARNING: [Synth 8-7129] Port io_poped_payload_data[8] in module PIFOBrain_4 is either unconnected or has no load
WARNING: [Synth 8-7129] Port io_poped_payload_data[7] in module PIFOBrain_4 is either unconnected or has no load
WARNING: [Synth 8-7129] Port io_poped_payload_data[6] in module PIFOBrain_4 is either unconnected or has no load
WARNING: [Synth 8-7129] Port io_poped_payload_data[5] in module PIFOBrain_4 is either unconnected or has no load
WARNING: [Synth 8-7129] Port io_poped_payload_data[4] in module PIFOBrain_4 is either unconnected or has no load
WARNING: [Synth 8-7129] Port io_poped_payload_data[3] in module PIFOBrain_4 is either unconnected or has no load
WARNING: [Synth 8-7129] Port io_poped_payload_data[2] in module PIFOBrain_4 is either unconnected or has no load
WARNING: [Synth 8-7129] Port io_poped_payload_data[1] in module PIFOBrain_4 is either unconnected or has no load
WARNING: [Synth 8-7129] Port io_poped_payload_data[0] in module PIFOBrain_4 is either unconnected or has no load
WARNING: [Synth 8-7129] Port io_dequeueRequest_payload_engineId[2] in module PifoEngine_4 is either unconnected or has no load
WARNING: [Synth 8-7129] Port io_dequeueRequest_payload_engineId[1] in module PifoEngine_4 is either unconnected or has no load
WARNING: [Synth 8-7129] Port io_dequeueRequest_payload_engineId[0] in module PifoEngine_4 is either unconnected or has no load
WARNING: [Synth 8-7129] Port reset in module Mapper_15 is either unconnected or has no load
WARNING: [Synth 8-7129] Port reset in module Mapper_14 is either unconnected or has no load
WARNING: [Synth 8-7129] Port reset in module Mapper_13 is either unconnected or has no load
WARNING: [Synth 8-7129] Port reset in module Mapper_12 is either unconnected or has no load
WARNING: [Synth 8-7129] Port io_poped_payload_data[9] in module PIFOBrain_3 is either unconnected or has no load
WARNING: [Synth 8-7129] Port io_poped_payload_data[8] in module PIFOBrain_3 is either unconnected or has no load
WARNING: [Synth 8-7129] Port io_poped_payload_data[7] in module PIFOBrain_3 is either unconnected or has no load
WARNING: [Synth 8-7129] Port io_poped_payload_data[6] in module PIFOBrain_3 is either unconnected or has no load
WARNING: [Synth 8-7129] Port io_poped_payload_data[5] in module PIFOBrain_3 is either unconnected or has no load
WARNING: [Synth 8-7129] Port io_poped_payload_data[4] in module PIFOBrain_3 is either unconnected or has no load
WARNING: [Synth 8-7129] Port io_poped_payload_data[3] in module PIFOBrain_3 is either unconnected or has no load
WARNING: [Synth 8-7129] Port io_poped_payload_data[2] in module PIFOBrain_3 is either unconnected or has no load
WARNING: [Synth 8-7129] Port io_poped_payload_data[1] in module PIFOBrain_3 is either unconnected or has no load
WARNING: [Synth 8-7129] Port io_poped_payload_data[0] in module PIFOBrain_3 is either unconnected or has no load
WARNING: [Synth 8-7129] Port io_dequeueRequest_payload_engineId[2] in module PifoEngine_3 is either unconnected or has no load
WARNING: [Synth 8-7129] Port io_dequeueRequest_payload_engineId[1] in module PifoEngine_3 is either unconnected or has no load
WARNING: [Synth 8-7129] Port io_dequeueRequest_payload_engineId[0] in module PifoEngine_3 is either unconnected or has no load
WARNING: [Synth 8-7129] Port reset in module Mapper_11 is either unconnected or has no load
WARNING: [Synth 8-7129] Port reset in module Mapper_10 is either unconnected or has no load
WARNING: [Synth 8-7129] Port reset in module Mapper_9 is either unconnected or has no load
WARNING: [Synth 8-7129] Port reset in module Mapper_8 is either unconnected or has no load
WARNING: [Synth 8-7129] Port io_poped_payload_data[9] in module PIFOBrain_2 is either unconnected or has no load
WARNING: [Synth 8-7129] Port io_poped_payload_data[8] in module PIFOBrain_2 is either unconnected or has no load
WARNING: [Synth 8-7129] Port io_poped_payload_data[7] in module PIFOBrain_2 is either unconnected or has no load
WARNING: [Synth 8-7129] Port io_poped_payload_data[6] in module PIFOBrain_2 is either unconnected or has no load
WARNING: [Synth 8-7129] Port io_poped_payload_data[5] in module PIFOBrain_2 is either unconnected or has no load
WARNING: [Synth 8-7129] Port io_poped_payload_data[4] in module PIFOBrain_2 is either unconnected or has no load
WARNING: [Synth 8-7129] Port io_poped_payload_data[3] in module PIFOBrain_2 is either unconnected or has no load
WARNING: [Synth 8-7129] Port io_poped_payload_data[2] in module PIFOBrain_2 is either unconnected or has no load
WARNING: [Synth 8-7129] Port io_poped_payload_data[1] in module PIFOBrain_2 is either unconnected or has no load
WARNING: [Synth 8-7129] Port io_poped_payload_data[0] in module PIFOBrain_2 is either unconnected or has no load
WARNING: [Synth 8-7129] Port io_dequeueRequest_payload_engineId[2] in module PifoEngine_2 is either unconnected or has no load
WARNING: [Synth 8-7129] Port io_dequeueRequest_payload_engineId[1] in module PifoEngine_2 is either unconnected or has no load
WARNING: [Synth 8-7129] Port io_dequeueRequest_payload_engineId[0] in module PifoEngine_2 is either unconnected or has no load
WARNING: [Synth 8-7129] Port reset in module Mapper_7 is either unconnected or has no load
WARNING: [Synth 8-7129] Port reset in module Mapper_6 is either unconnected or has no load
WARNING: [Synth 8-7129] Port reset in module Mapper_5 is either unconnected or has no load
WARNING: [Synth 8-7129] Port reset in module Mapper_4 is either unconnected or has no load
WARNING: [Synth 8-7129] Port io_poped_payload_data[9] in module PIFOBrain_1 is either unconnected or has no load
WARNING: [Synth 8-7129] Port io_poped_payload_data[8] in module PIFOBrain_1 is either unconnected or has no load
WARNING: [Synth 8-7129] Port io_poped_payload_data[7] in module PIFOBrain_1 is either unconnected or has no load
WARNING: [Synth 8-7129] Port io_poped_payload_data[6] in module PIFOBrain_1 is either unconnected or has no load
WARNING: [Synth 8-7129] Port io_poped_payload_data[5] in module PIFOBrain_1 is either unconnected or has no load
WARNING: [Synth 8-7129] Port io_poped_payload_data[4] in module PIFOBrain_1 is either unconnected or has no load
WARNING: [Synth 8-7129] Port io_poped_payload_data[3] in module PIFOBrain_1 is either unconnected or has no load
WARNING: [Synth 8-7129] Port io_poped_payload_data[2] in module PIFOBrain_1 is either unconnected or has no load
WARNING: [Synth 8-7129] Port io_poped_payload_data[1] in module PIFOBrain_1 is either unconnected or has no load
WARNING: [Synth 8-7129] Port io_poped_payload_data[0] in module PIFOBrain_1 is either unconnected or has no load
WARNING: [Synth 8-7129] Port io_dequeueRequest_payload_engineId[2] in module PifoEngine_1 is either unconnected or has no load
WARNING: [Synth 8-7129] Port io_dequeueRequest_payload_engineId[1] in module PifoEngine_1 is either unconnected or has no load
WARNING: [Synth 8-7129] Port io_dequeueRequest_payload_engineId[0] in module PifoEngine_1 is either unconnected or has no load
WARNING: [Synth 8-7129] Port reset in module Mapper_3 is either unconnected or has no load
WARNING: [Synth 8-7129] Port reset in module Mapper_2 is either unconnected or has no load
WARNING: [Synth 8-7129] Port reset in module Mapper_1 is either unconnected or has no load
WARNING: [Synth 8-7129] Port reset in module Mapper is either unconnected or has no load
WARNING: [Synth 8-7129] Port io_poped_payload_data[9] in module PIFOBrain is either unconnected or has no load
WARNING: [Synth 8-7129] Port io_poped_payload_data[8] in module PIFOBrain is either unconnected or has no load
WARNING: [Synth 8-7129] Port io_poped_payload_data[7] in module PIFOBrain is either unconnected or has no load
WARNING: [Synth 8-7129] Port io_poped_payload_data[6] in module PIFOBrain is either unconnected or has no load
WARNING: [Synth 8-7129] Port io_poped_payload_data[5] in module PIFOBrain is either unconnected or has no load
WARNING: [Synth 8-7129] Port io_poped_payload_data[4] in module PIFOBrain is either unconnected or has no load
WARNING: [Synth 8-7129] Port io_poped_payload_data[3] in module PIFOBrain is either unconnected or has no load
WARNING: [Synth 8-7129] Port io_poped_payload_data[2] in module PIFOBrain is either unconnected or has no load
WARNING: [Synth 8-7129] Port io_poped_payload_data[1] in module PIFOBrain is either unconnected or has no load
WARNING: [Synth 8-7129] Port io_poped_payload_data[0] in module PIFOBrain is either unconnected or has no load
WARNING: [Synth 8-7129] Port io_dequeueRequest_payload_engineId[2] in module PifoEngine is either unconnected or has no load
WARNING: [Synth 8-7129] Port io_dequeueRequest_payload_engineId[1] in module PifoEngine is either unconnected or has no load
WARNING: [Synth 8-7129] Port io_dequeueRequest_payload_engineId[0] in module PifoEngine is either unconnected or has no load
---------------------------------------------------------------------------------
Finished RTL Elaboration : Time (s): cpu = 00:00:23 ; elapsed = 00:00:24 . Memory (MB): peak = 3777.145 ; gain = 1132.336 ; free physical = 172662 ; free virtual = 194235
---------------------------------------------------------------------------------
---------------------------------------------------------------------------------
Start Handling Custom Attributes
---------------------------------------------------------------------------------
---------------------------------------------------------------------------------
Finished Handling Custom Attributes : Time (s): cpu = 00:00:23 ; elapsed = 00:00:24 . Memory (MB): peak = 3777.145 ; gain = 1132.336 ; free physical = 172647 ; free virtual = 194220
---------------------------------------------------------------------------------
---------------------------------------------------------------------------------
Finished RTL Optimization Phase 1 : Time (s): cpu = 00:00:23 ; elapsed = 00:00:24 . Memory (MB): peak = 3777.145 ; gain = 1132.336 ; free physical = 172647 ; free virtual = 194220
---------------------------------------------------------------------------------
Netlist sorting complete. Time (s): cpu = 00:00:00.17 ; elapsed = 00:00:00.17 . Memory (MB): peak = 3777.145 ; gain = 0.000 ; free physical = 172359 ; free virtual = 193935
INFO: [Project 1-570] Preparing netlist for logic optimization

Processing XDC Constraints
Initializing timing engine
Parsing XDC File [/data/work/rio-synthesis/hardware-overhead/rio-only-pe5-v128-c1024-dynamic-vivado/pifo.xdc]
Finished Parsing XDC File [/data/work/rio-synthesis/hardware-overhead/rio-only-pe5-v128-c1024-dynamic-vivado/pifo.xdc]
Completed Processing XDC Constraints

Netlist sorting complete. Time (s): cpu = 00:00:00.01 ; elapsed = 00:00:00.01 . Memory (MB): peak = 3817.164 ; gain = 0.000 ; free physical = 172046 ; free virtual = 193764
INFO: [Project 1-111] Unisim Transformation Summary:
No Unisim elements were transformed.

Constraint Validation Runtime : Time (s): cpu = 00:00:00.41 ; elapsed = 00:00:00.19 . Memory (MB): peak = 3817.199 ; gain = 0.000 ; free physical = 172046 ; free virtual = 193764
---------------------------------------------------------------------------------
Finished Constraint Validation : Time (s): cpu = 00:00:40 ; elapsed = 00:00:40 . Memory (MB): peak = 3817.199 ; gain = 1172.391 ; free physical = 171834 ; free virtual = 193703
---------------------------------------------------------------------------------
---------------------------------------------------------------------------------
Start Loading Part and Timing Information
---------------------------------------------------------------------------------
Loading part: xcku5p-ffvb676-2-e
INFO: [Synth 8-6742] Reading net delay rules and data
---------------------------------------------------------------------------------
Finished Loading Part and Timing Information : Time (s): cpu = 00:00:40 ; elapsed = 00:00:40 . Memory (MB): peak = 3825.168 ; gain = 1180.359 ; free physical = 171834 ; free virtual = 193703
---------------------------------------------------------------------------------
---------------------------------------------------------------------------------
Start Applying 'set_property' XDC Constraints
---------------------------------------------------------------------------------
---------------------------------------------------------------------------------
Finished applying 'set_property' XDC Constraints : Time (s): cpu = 00:00:40 ; elapsed = 00:00:40 . Memory (MB): peak = 3825.168 ; gain = 1180.359 ; free physical = 171835 ; free virtual = 193704
---------------------------------------------------------------------------------
INFO: [Synth 8-6904] The RAM "TransactionalMapper:/banks_1_reg" of size (depth=128 x width=7) is automatically implemented using LUTRAM. BRAM implementation would be inefficient 
INFO: [Synth 8-6904] The RAM "TransactionalMapper:/banks_0_reg" of size (depth=128 x width=7) is automatically implemented using LUTRAM. BRAM implementation would be inefficient 
INFO: [Synth 8-6904] The RAM "Mapper:/ram_reg" of size (depth=128 x width=2) is automatically implemented using LUTRAM. BRAM implementation would be inefficient 
INFO: [Synth 8-6904] The RAM "Mapper_1:/ram_reg" of size (depth=128 x width=8) is automatically implemented using LUTRAM. BRAM implementation would be inefficient 
INFO: [Synth 8-6792] Large memory block ("Mapper_2:/ram_reg") is implemented using BRAM instead of URAM due to insufficient pipeline registers. Use of ram_style="ultra" and/or providing sufficient pipeline registers is recommended
INFO: [Synth 8-6793] RAM ("Mapper_2:/ram_reg") is implemented using BRAM instead of URAM due to insufficient pipeline registers. Available pipeline stages = 0, Minimum required pipeline stages = 4 
INFO: [Synth 8-6792] Large memory block ("Mapper_2:/ram_reg") is implemented using BRAM instead of URAM due to insufficient pipeline registers. Use of ram_style="ultra" and/or providing sufficient pipeline registers is recommended
INFO: [Synth 8-6793] RAM ("Mapper_2:/ram_reg") is implemented using BRAM instead of URAM due to insufficient pipeline registers. Available pipeline stages = 0, Minimum required pipeline stages = 4 
INFO: [Synth 8-6904] The RAM "Mapper_3:/ram_reg" of size (depth=128 x width=32) is automatically implemented using LUTRAM. BRAM implementation would be inefficient 
INFO: [Synth 8-3971] The signal "TransactionalMapper_1:/banks_1_reg" was recognized as a true dual port RAM template.
INFO: [Synth 8-3971] The signal "TransactionalMapper_1:/banks_0_reg" was recognized as a true dual port RAM template.
INFO: [Synth 8-6904] The RAM "TransactionalMapper_2:/banks_1_reg" of size (depth=128 x width=7) is automatically implemented using LUTRAM. BRAM implementation would be inefficient 
INFO: [Synth 8-6904] The RAM "TransactionalMapper_2:/banks_0_reg" of size (depth=128 x width=7) is automatically implemented using LUTRAM. BRAM implementation would be inefficient 
INFO: [Synth 8-6904] The RAM "Mapper_4:/ram_reg" of size (depth=128 x width=2) is automatically implemented using LUTRAM. BRAM implementation would be inefficient 
INFO: [Synth 8-6904] The RAM "Mapper_5:/ram_reg" of size (depth=128 x width=8) is automatically implemented using LUTRAM. BRAM implementation would be inefficient 
INFO: [Synth 8-6792] Large memory block ("Mapper_6:/ram_reg") is implemented using BRAM instead of URAM due to insufficient pipeline registers. Use of ram_style="ultra" and/or providing sufficient pipeline registers is recommended
INFO: [Synth 8-6793] RAM ("Mapper_6:/ram_reg") is implemented using BRAM instead of URAM due to insufficient pipeline registers. Available pipeline stages = 0, Minimum required pipeline stages = 4 
INFO: [Synth 8-6792] Large memory block ("Mapper_6:/ram_reg") is implemented using BRAM instead of URAM due to insufficient pipeline registers. Use of ram_style="ultra" and/or providing sufficient pipeline registers is recommended
INFO: [Synth 8-6793] RAM ("Mapper_6:/ram_reg") is implemented using BRAM instead of URAM due to insufficient pipeline registers. Available pipeline stages = 0, Minimum required pipeline stages = 4 
INFO: [Synth 8-6904] The RAM "Mapper_7:/ram_reg" of size (depth=128 x width=32) is automatically implemented using LUTRAM. BRAM implementation would be inefficient 
INFO: [Synth 8-3971] The signal "TransactionalMapper_3:/banks_1_reg" was recognized as a true dual port RAM template.
INFO: [Synth 8-3971] The signal "TransactionalMapper_3:/banks_0_reg" was recognized as a true dual port RAM template.
INFO: [Synth 8-6904] The RAM "TransactionalMapper_4:/banks_1_reg" of size (depth=128 x width=7) is automatically implemented using LUTRAM. BRAM implementation would be inefficient 
INFO: [Synth 8-6904] The RAM "TransactionalMapper_4:/banks_0_reg" of size (depth=128 x width=7) is automatically implemented using LUTRAM. BRAM implementation would be inefficient 
INFO: [Synth 8-6904] The RAM "Mapper_8:/ram_reg" of size (depth=128 x width=2) is automatically implemented using LUTRAM. BRAM implementation would be inefficient 
INFO: [Synth 8-6904] The RAM "Mapper_9:/ram_reg" of size (depth=128 x width=8) is automatically implemented using LUTRAM. BRAM implementation would be inefficient 
INFO: [Synth 8-6792] Large memory block ("Mapper_10:/ram_reg") is implemented using BRAM instead of URAM due to insufficient pipeline registers. Use of ram_style="ultra" and/or providing sufficient pipeline registers is recommended
INFO: [Synth 8-6793] RAM ("Mapper_10:/ram_reg") is implemented using BRAM instead of URAM due to insufficient pipeline registers. Available pipeline stages = 0, Minimum required pipeline stages = 4 
INFO: [Synth 8-6792] Large memory block ("Mapper_10:/ram_reg") is implemented using BRAM instead of URAM due to insufficient pipeline registers. Use of ram_style="ultra" and/or providing sufficient pipeline registers is recommended
INFO: [Synth 8-6793] RAM ("Mapper_10:/ram_reg") is implemented using BRAM instead of URAM due to insufficient pipeline registers. Available pipeline stages = 0, Minimum required pipeline stages = 4 
INFO: [Synth 8-6904] The RAM "Mapper_11:/ram_reg" of size (depth=128 x width=32) is automatically implemented using LUTRAM. BRAM implementation would be inefficient 
INFO: [Synth 8-3971] The signal "TransactionalMapper_5:/banks_1_reg" was recognized as a true dual port RAM template.
INFO: [Synth 8-3971] The signal "TransactionalMapper_5:/banks_0_reg" was recognized as a true dual port RAM template.
INFO: [Synth 8-6904] The RAM "TransactionalMapper_6:/banks_1_reg" of size (depth=128 x width=7) is automatically implemented using LUTRAM. BRAM implementation would be inefficient 
INFO: [Synth 8-6904] The RAM "TransactionalMapper_6:/banks_0_reg" of size (depth=128 x width=7) is automatically implemented using LUTRAM. BRAM implementation would be inefficient 
INFO: [Synth 8-6904] The RAM "Mapper_12:/ram_reg" of size (depth=128 x width=2) is automatically implemented using LUTRAM. BRAM implementation would be inefficient 
INFO: [Synth 8-6904] The RAM "Mapper_13:/ram_reg" of size (depth=128 x width=8) is automatically implemented using LUTRAM. BRAM implementation would be inefficient 
INFO: [Synth 8-6792] Large memory block ("Mapper_14:/ram_reg") is implemented using BRAM instead of URAM due to insufficient pipeline registers. Use of ram_style="ultra" and/or providing sufficient pipeline registers is recommended
INFO: [Synth 8-6793] RAM ("Mapper_14:/ram_reg") is implemented using BRAM instead of URAM due to insufficient pipeline registers. Available pipeline stages = 0, Minimum required pipeline stages = 4 
INFO: [Synth 8-6792] Large memory block ("Mapper_14:/ram_reg") is implemented using BRAM instead of URAM due to insufficient pipeline registers. Use of ram_style="ultra" and/or providing sufficient pipeline registers is recommended
INFO: [Synth 8-6793] RAM ("Mapper_14:/ram_reg") is implemented using BRAM instead of URAM due to insufficient pipeline registers. Available pipeline stages = 0, Minimum required pipeline stages = 4 
INFO: [Synth 8-6904] The RAM "Mapper_15:/ram_reg" of size (depth=128 x width=32) is automatically implemented using LUTRAM. BRAM implementation would be inefficient 
INFO: [Synth 8-3971] The signal "TransactionalMapper_7:/banks_1_reg" was recognized as a true dual port RAM template.
INFO: [Synth 8-3971] The signal "TransactionalMapper_7:/banks_0_reg" was recognized as a true dual port RAM template.
INFO: [Synth 8-6904] The RAM "TransactionalMapper_8:/banks_1_reg" of size (depth=128 x width=7) is automatically implemented using LUTRAM. BRAM implementation would be inefficient 
INFO: [Synth 8-6904] The RAM "TransactionalMapper_8:/banks_0_reg" of size (depth=128 x width=7) is automatically implemented using LUTRAM. BRAM implementation would be inefficient 
INFO: [Synth 8-6904] The RAM "Mapper_16:/ram_reg" of size (depth=128 x width=2) is automatically implemented using LUTRAM. BRAM implementation would be inefficient 
INFO: [Synth 8-6904] The RAM "Mapper_17:/ram_reg" of size (depth=128 x width=8) is automatically implemented using LUTRAM. BRAM implementation would be inefficient 
INFO: [Synth 8-6792] Large memory block ("Mapper_18:/ram_reg") is implemented using BRAM instead of URAM due to insufficient pipeline registers. Use of ram_style="ultra" and/or providing sufficient pipeline registers is recommended
INFO: [Synth 8-6793] RAM ("Mapper_18:/ram_reg") is implemented using BRAM instead of URAM due to insufficient pipeline registers. Available pipeline stages = 0, Minimum required pipeline stages = 4 
INFO: [Synth 8-6792] Large memory block ("Mapper_18:/ram_reg") is implemented using BRAM instead of URAM due to insufficient pipeline registers. Use of ram_style="ultra" and/or providing sufficient pipeline registers is recommended
INFO: [Synth 8-6793] RAM ("Mapper_18:/ram_reg") is implemented using BRAM instead of URAM due to insufficient pipeline registers. Available pipeline stages = 0, Minimum required pipeline stages = 4 
INFO: [Synth 8-6904] The RAM "Mapper_19:/ram_reg" of size (depth=128 x width=32) is automatically implemented using LUTRAM. BRAM implementation would be inefficient 
INFO: [Synth 8-3971] The signal "TransactionalMapper_9:/banks_1_reg" was recognized as a true dual port RAM template.
INFO: [Synth 8-3971] The signal "TransactionalMapper_9:/banks_0_reg" was recognized as a true dual port RAM template.
INFO: [Synth 8-6904] The RAM "StreamFifo_51:/logic_ram_reg" of size (depth=4 x width=55) is automatically implemented using LUTRAM. BRAM implementation would be inefficient 
---------------------------------------------------------------------------------
Finished RTL Optimization Phase 2 : Time (s): cpu = 00:00:48 ; elapsed = 00:00:48 . Memory (MB): peak = 3825.168 ; gain = 1180.359 ; free physical = 170724 ; free virtual = 192608
---------------------------------------------------------------------------------
---------------------------------------------------------------------------------
Start RTL Component Statistics 
---------------------------------------------------------------------------------
Detailed RTL Component Info : 
+---Adders : 
	   2 Input   17 Bit       Adders := 5     
	   2 Input    8 Bit       Adders := 10    
	   2 Input    7 Bit       Adders := 5     
	   2 Input    6 Bit       Adders := 6     
	   2 Input    4 Bit       Adders := 18    
	   3 Input    4 Bit       Adders := 6     
	   2 Input    3 Bit       Adders := 4     
	   3 Input    3 Bit       Adders := 1     
	   2 Input    2 Bit       Adders := 150   
	   3 Input    2 Bit       Adders := 45    
+---XORs : 
	   3 Input      4 Bit         XORs := 6     
	   3 Input      3 Bit         XORs := 1     
	   3 Input      2 Bit         XORs := 45    
+---Registers : 
	               55 Bit    Registers := 1     
	               32 Bit    Registers := 10    
	               17 Bit    Registers := 10    
	               10 Bit    Registers := 20    
	                8 Bit    Registers := 5     
	                7 Bit    Registers := 676   
	                4 Bit    Registers := 12    
	                3 Bit    Registers := 7     
	                2 Bit    Registers := 5     
	                1 Bit    Registers := 2841  
+---RAMs : 
	            4096K Bit	(131072 X 32 bit)          RAMs := 5     
	            1280K Bit	(131072 X 10 bit)          RAMs := 10    
	               4K Bit	(128 X 32 bit)          RAMs := 5     
	             1024 Bit	(128 X 8 bit)          RAMs := 5     
	              896 Bit	(128 X 7 bit)          RAMs := 10    
	              256 Bit	(128 X 2 bit)          RAMs := 5     
	              220 Bit	(4 X 55 bit)          RAMs := 1     
+---Muxes : 
	   2 Input   32 Bit        Muxes := 35    
	   2 Input   17 Bit        Muxes := 20    
	   2 Input   10 Bit        Muxes := 30    
	   2 Input    8 Bit        Muxes := 25    
	   4 Input    8 Bit        Muxes := 5     
	   2 Input    7 Bit        Muxes := 60    
	   2 Input    4 Bit        Muxes := 12    
	   2 Input    3 Bit        Muxes := 18    
	   2 Input    2 Bit        Muxes := 95    
	   2 Input    1 Bit        Muxes := 6904  
---------------------------------------------------------------------------------
Finished RTL Component Statistics 
---------------------------------------------------------------------------------
---------------------------------------------------------------------------------
Start Part Resource Summary
---------------------------------------------------------------------------------
Part Resources:
DSPs: 1824 (col length:96)
BRAMs: 960 (col length: RAMB18 96 RAMB36 48)
---------------------------------------------------------------------------------
Finished Part Resource Summary
---------------------------------------------------------------------------------
---------------------------------------------------------------------------------
Start Cross Boundary and Area Optimization
---------------------------------------------------------------------------------
INFO: [Synth 8-6904] The RAM "i_0/pifoEngines_1/enque_enqueMapper/banks_1_reg" of size (depth=128 x width=7) is automatically implemented using LUTRAM. BRAM implementation would be inefficient 
INFO: [Synth 8-6904] The RAM "i_0/pifoEngines_1/enque_enqueMapper/banks_0_reg" of size (depth=128 x width=7) is automatically implemented using LUTRAM. BRAM implementation would be inefficient 
INFO: [Synth 8-6904] The RAM "i_0/pifoEngines_1/enque_brain/engineMapper/ram_reg" of size (depth=128 x width=2) is automatically implemented using LUTRAM. BRAM implementation would be inefficient 
INFO: [Synth 8-6904] The RAM "i_0/pifoEngines_1/enque_brain/lastVirtualMapper/ram_reg" of size (depth=128 x width=8) is automatically implemented using LUTRAM. BRAM implementation would be inefficient 
INFO: [Synth 8-6792] Large memory block ("i_0/pifoEngines_1/enque_brain/engineCAM/ram_reg") is implemented using BRAM instead of URAM due to insufficient pipeline registers. Use of ram_style="ultra" and/or providing sufficient pipeline registers is recommended
INFO: [Synth 8-6793] RAM ("i_0/pifoEngines_1/enque_brain/engineCAM/ram_reg") is implemented using BRAM instead of URAM due to insufficient pipeline registers. Available pipeline stages = 0, Minimum required pipeline stages = 4 
INFO: [Synth 8-6904] The RAM "i_0/pifoEngines_1/enque_brain/brainStateMem/ram_reg" of size (depth=128 x width=32) is automatically implemented using LUTRAM. BRAM implementation would be inefficient 
INFO: [Synth 8-7124] RAM ("i_0/pifoEngines_1/deque_dequeMapper/banks_1_reg") is implemented using BRAM instead of URAM. Memory would be severely underutilized if URAMs are used
INFO: [Synth 8-7124] RAM ("i_0/pifoEngines_1/deque_dequeMapper/banks_1_reg") is implemented using BRAM instead of URAM. Memory would be severely underutilized if URAMs are used
INFO: [Synth 8-3971] The signal "i_0/pifoEngines_1/deque_dequeMapper/banks_1_reg" was recognized as a true dual port RAM template.
INFO: [Synth 8-7124] RAM ("i_0/pifoEngines_1/deque_dequeMapper/banks_0_reg") is implemented using BRAM instead of URAM. Memory would be severely underutilized if URAMs are used
INFO: [Synth 8-7124] RAM ("i_0/pifoEngines_1/deque_dequeMapper/banks_0_reg") is implemented using BRAM instead of URAM. Memory would be severely underutilized if URAMs are used
INFO: [Synth 8-3971] The signal "i_0/pifoEngines_1/deque_dequeMapper/banks_0_reg" was recognized as a true dual port RAM template.
INFO: [Synth 8-6904] The RAM "i_0/pifoEngines_2/enque_enqueMapper/banks_1_reg" of size (depth=128 x width=7) is automatically implemented using LUTRAM. BRAM implementation would be inefficient 
INFO: [Synth 8-6904] The RAM "i_0/pifoEngines_2/enque_enqueMapper/banks_0_reg" of size (depth=128 x width=7) is automatically implemented using LUTRAM. BRAM implementation would be inefficient 
INFO: [Synth 8-6904] The RAM "i_0/pifoEngines_2/enque_brain/engineMapper/ram_reg" of size (depth=128 x width=2) is automatically implemented using LUTRAM. BRAM implementation would be inefficient 
INFO: [Synth 8-6904] The RAM "i_0/pifoEngines_2/enque_brain/lastVirtualMapper/ram_reg" of size (depth=128 x width=8) is automatically implemented using LUTRAM. BRAM implementation would be inefficient 
INFO: [Synth 8-6792] Large memory block ("i_0/pifoEngines_2/enque_brain/engineCAM/ram_reg") is implemented using BRAM instead of URAM due to insufficient pipeline registers. Use of ram_style="ultra" and/or providing sufficient pipeline registers is recommended
INFO: [Synth 8-6793] RAM ("i_0/pifoEngines_2/enque_brain/engineCAM/ram_reg") is implemented using BRAM instead of URAM due to insufficient pipeline registers. Available pipeline stages = 0, Minimum required pipeline stages = 4 
INFO: [Synth 8-6904] The RAM "i_0/pifoEngines_2/enque_brain/brainStateMem/ram_reg" of size (depth=128 x width=32) is automatically implemented using LUTRAM. BRAM implementation would be inefficient 
INFO: [Synth 8-7124] RAM ("i_0/pifoEngines_2/deque_dequeMapper/banks_1_reg") is implemented using BRAM instead of URAM. Memory would be severely underutilized if URAMs are used
INFO: [Synth 8-7124] RAM ("i_0/pifoEngines_2/deque_dequeMapper/banks_1_reg") is implemented using BRAM instead of URAM. Memory would be severely underutilized if URAMs are used
INFO: [Synth 8-3971] The signal "i_0/pifoEngines_2/deque_dequeMapper/banks_1_reg" was recognized as a true dual port RAM template.
INFO: [Synth 8-7124] RAM ("i_0/pifoEngines_2/deque_dequeMapper/banks_0_reg") is implemented using BRAM instead of URAM. Memory would be severely underutilized if URAMs are used
INFO: [Synth 8-7124] RAM ("i_0/pifoEngines_2/deque_dequeMapper/banks_0_reg") is implemented using BRAM instead of URAM. Memory would be severely underutilized if URAMs are used
INFO: [Synth 8-3971] The signal "i_0/pifoEngines_2/deque_dequeMapper/banks_0_reg" was recognized as a true dual port RAM template.
INFO: [Synth 8-6904] The RAM "PifoMesh/io_controlRequest_fifo/logic_ram_reg" of size (depth=4 x width=55) is automatically implemented using LUTRAM. BRAM implementation would be inefficient 
INFO: [Synth 8-6904] The RAM "i_1/pifoEngines_4/enque_enqueMapper/banks_1_reg" of size (depth=128 x width=7) is automatically implemented using LUTRAM. BRAM implementation would be inefficient 
INFO: [Synth 8-6904] The RAM "i_1/pifoEngines_4/enque_enqueMapper/banks_0_reg" of size (depth=128 x width=7) is automatically implemented using LUTRAM. BRAM implementation would be inefficient 
INFO: [Synth 8-6904] The RAM "i_1/pifoEngines_4/enque_brain/engineMapper/ram_reg" of size (depth=128 x width=2) is automatically implemented using LUTRAM. BRAM implementation would be inefficient 
INFO: [Synth 8-6904] The RAM "i_1/pifoEngines_4/enque_brain/lastVirtualMapper/ram_reg" of size (depth=128 x width=8) is automatically implemented using LUTRAM. BRAM implementation would be inefficient 
INFO: [Synth 8-6792] Large memory block ("i_1/pifoEngines_4/enque_brain/engineCAM/ram_reg") is implemented using BRAM instead of URAM due to insufficient pipeline registers. Use of ram_style="ultra" and/or providing sufficient pipeline registers is recommended
INFO: [Synth 8-6793] RAM ("i_1/pifoEngines_4/enque_brain/engineCAM/ram_reg") is implemented using BRAM instead of URAM due to insufficient pipeline registers. Available pipeline stages = 0, Minimum required pipeline stages = 4 
INFO: [Synth 8-6904] The RAM "i_1/pifoEngines_4/enque_brain/brainStateMem/ram_reg" of size (depth=128 x width=32) is automatically implemented using LUTRAM. BRAM implementation would be inefficient 
INFO: [Synth 8-7124] RAM ("i_1/pifoEngines_4/deque_dequeMapper/banks_1_reg") is implemented using BRAM instead of URAM. Memory would be severely underutilized if URAMs are used
INFO: [Synth 8-7124] RAM ("i_1/pifoEngines_4/deque_dequeMapper/banks_1_reg") is implemented using BRAM instead of URAM. Memory would be severely underutilized if URAMs are used
INFO: [Synth 8-3971] The signal "i_1/pifoEngines_4/deque_dequeMapper/banks_1_reg" was recognized as a true dual port RAM template.
INFO: [Synth 8-7124] RAM ("i_1/pifoEngines_4/deque_dequeMapper/banks_0_reg") is implemented using BRAM instead of URAM. Memory would be severely underutilized if URAMs are used
INFO: [Synth 8-7124] RAM ("i_1/pifoEngines_4/deque_dequeMapper/banks_0_reg") is implemented using BRAM instead of URAM. Memory would be severely underutilized if URAMs are used
INFO: [Synth 8-3971] The signal "i_1/pifoEngines_4/deque_dequeMapper/banks_0_reg" was recognized as a true dual port RAM template.
INFO: [Synth 8-6904] The RAM "i_1/pifoEngines_0/enque_enqueMapper/banks_1_reg" of size (depth=128 x width=7) is automatically implemented using LUTRAM. BRAM implementation would be inefficient 
INFO: [Synth 8-6904] The RAM "i_1/pifoEngines_0/enque_enqueMapper/banks_0_reg" of size (depth=128 x width=7) is automatically implemented using LUTRAM. BRAM implementation would be inefficient 
INFO: [Synth 8-6904] The RAM "i_1/pifoEngines_0/enque_brain/engineMapper/ram_reg" of size (depth=128 x width=2) is automatically implemented using LUTRAM. BRAM implementation would be inefficient 
INFO: [Synth 8-6904] The RAM "i_1/pifoEngines_0/enque_brain/lastVirtualMapper/ram_reg" of size (depth=128 x width=8) is automatically implemented using LUTRAM. BRAM implementation would be inefficient 
INFO: [Synth 8-6792] Large memory block ("i_1/pifoEngines_0/enque_brain/engineCAM/ram_reg") is implemented using BRAM instead of URAM due to insufficient pipeline registers. Use of ram_style="ultra" and/or providing sufficient pipeline registers is recommended
INFO: [Synth 8-6793] RAM ("i_1/pifoEngines_0/enque_brain/engineCAM/ram_reg") is implemented using BRAM instead of URAM due to insufficient pipeline registers. Available pipeline stages = 0, Minimum required pipeline stages = 4 
INFO: [Synth 8-6904] The RAM "i_1/pifoEngines_0/enque_brain/brainStateMem/ram_reg" of size (depth=128 x width=32) is automatically implemented using LUTRAM. BRAM implementation would be inefficient 
INFO: [Synth 8-7124] RAM ("i_1/pifoEngines_0/deque_dequeMapper/banks_1_reg") is implemented using BRAM instead of URAM. Memory would be severely underutilized if URAMs are used
INFO: [Synth 8-7124] RAM ("i_1/pifoEngines_0/deque_dequeMapper/banks_1_reg") is implemented using BRAM instead of URAM. Memory would be severely underutilized if URAMs are used
INFO: [Synth 8-3971] The signal "i_1/pifoEngines_0/deque_dequeMapper/banks_1_reg" was recognized as a true dual port RAM template.
INFO: [Synth 8-7124] RAM ("i_1/pifoEngines_0/deque_dequeMapper/banks_0_reg") is implemented using BRAM instead of URAM. Memory would be severely underutilized if URAMs are used
INFO: [Synth 8-7124] RAM ("i_1/pifoEngines_0/deque_dequeMapper/banks_0_reg") is implemented using BRAM instead of URAM. Memory would be severely underutilized if URAMs are used
INFO: [Synth 8-3971] The signal "i_1/pifoEngines_0/deque_dequeMapper/banks_0_reg" was recognized as a true dual port RAM template.
INFO: [Synth 8-6904] The RAM "i_2/pifoEngines_3/enque_enqueMapper/banks_1_reg" of size (depth=128 x width=7) is automatically implemented using LUTRAM. BRAM implementation would be inefficient 
INFO: [Synth 8-6904] The RAM "i_2/pifoEngines_3/enque_enqueMapper/banks_0_reg" of size (depth=128 x width=7) is automatically implemented using LUTRAM. BRAM implementation would be inefficient 
INFO: [Synth 8-6904] The RAM "i_2/pifoEngines_3/enque_brain/engineMapper/ram_reg" of size (depth=128 x width=2) is automatically implemented using LUTRAM. BRAM implementation would be inefficient 
INFO: [Synth 8-6904] The RAM "i_2/pifoEngines_3/enque_brain/lastVirtualMapper/ram_reg" of size (depth=128 x width=8) is automatically implemented using LUTRAM. BRAM implementation would be inefficient 
INFO: [Synth 8-6792] Large memory block ("i_2/pifoEngines_3/enque_brain/engineCAM/ram_reg") is implemented using BRAM instead of URAM due to insufficient pipeline registers. Use of ram_style="ultra" and/or providing sufficient pipeline registers is recommended
INFO: [Synth 8-6793] RAM ("i_2/pifoEngines_3/enque_brain/engineCAM/ram_reg") is implemented using BRAM instead of URAM due to insufficient pipeline registers. Available pipeline stages = 0, Minimum required pipeline stages = 4 
INFO: [Synth 8-6904] The RAM "i_2/pifoEngines_3/enque_brain/brainStateMem/ram_reg" of size (depth=128 x width=32) is automatically implemented using LUTRAM. BRAM implementation would be inefficient 
INFO: [Synth 8-7124] RAM ("i_2/pifoEngines_3/deque_dequeMapper/banks_1_reg") is implemented using BRAM instead of URAM. Memory would be severely underutilized if URAMs are used
INFO: [Synth 8-7124] RAM ("i_2/pifoEngines_3/deque_dequeMapper/banks_1_reg") is implemented using BRAM instead of URAM. Memory would be severely underutilized if URAMs are used
INFO: [Synth 8-3971] The signal "i_2/pifoEngines_3/deque_dequeMapper/banks_1_reg" was recognized as a true dual port RAM template.
INFO: [Synth 8-7124] RAM ("i_2/pifoEngines_3/deque_dequeMapper/banks_0_reg") is implemented using BRAM instead of URAM. Memory would be severely underutilized if URAMs are used
INFO: [Synth 8-7124] RAM ("i_2/pifoEngines_3/deque_dequeMapper/banks_0_reg") is implemented using BRAM instead of URAM. Memory would be severely underutilized if URAMs are used
INFO: [Synth 8-3971] The signal "i_2/pifoEngines_3/deque_dequeMapper/banks_0_reg" was recognized as a true dual port RAM template.
---------------------------------------------------------------------------------
Finished Cross Boundary and Area Optimization : Time (s): cpu = 00:01:48 ; elapsed = 00:01:49 . Memory (MB): peak = 3833.168 ; gain = 1188.359 ; free physical = 170080 ; free virtual = 194183
---------------------------------------------------------------------------------
PIFO_DEVICE_CAPACITY_CHECK_SKIPPED: -checkfordsp
PIFO_DEVICE_CAPACITY_CHECK_SKIPPED: -checkforuram
PIFO_DEVICE_CAPACITY_CHECK_SKIPPED: -checkforram
---------------------------------------------------------------------------------
Start ROM, RAM, DSP, Shift Register and Retiming Reporting
---------------------------------------------------------------------------------

Block RAM: Preliminary Mapping Report (see note below)
+------------------------------+-------------------+------------------------+---+---+-------------------------+---+---+------------------+--------+--------+-------------------------------+
|Module Name                   | RTL Object        | PORT A (Depth x Width) | W | R | PORT B (Depth x Width)  | W | R | Ports driving FF | RAMB18 | RAMB36 | Cascade Heights               | 
+------------------------------+-------------------+------------------------+---+---+-------------------------+---+---+------------------+--------+--------+-------------------------------+
|i_0/pifoEngines_1/enque_brain | engineCAM/ram_reg | 128 K x 32(READ_FIRST) | W |   | 128 K x 32(WRITE_FIRST) |   | R | Port A and B     | 0      | 116    | 8,8,8,8,8,8,8,8,8,8,8,8,8,8,4 | 
|i_0/pifoEngines_2/enque_brain | engineCAM/ram_reg | 128 K x 32(READ_FIRST) | W |   | 128 K x 32(WRITE_FIRST) |   | R | Port A and B     | 0      | 116    | 8,8,8,8,8,8,8,8,8,8,8,8,8,8,4 | 
|i_1/pifoEngines_4/enque_brain | engineCAM/ram_reg | 128 K x 32(READ_FIRST) | W |   | 128 K x 32(WRITE_FIRST) |   | R | Port A and B     | 0      | 116    | 8,8,8,8,8,8,8,8,8,8,8,8,8,8,4 | 
|i_1/pifoEngines_0/enque_brain | engineCAM/ram_reg | 128 K x 32(READ_FIRST) | W |   | 128 K x 32(WRITE_FIRST) |   | R | Port A and B     | 0      | 116    | 8,8,8,8,8,8,8,8,8,8,8,8,8,8,4 | 
|i_2/pifoEngines_3/enque_brain | engineCAM/ram_reg | 128 K x 32(READ_FIRST) | W |   | 128 K x 32(WRITE_FIRST) |   | R | Port A and B     | 0      | 116    | 8,8,8,8,8,8,8,8,8,8,8,8,8,8,4 | 
+------------------------------+-------------------+------------------------+---+---+-------------------------+---+---+------------------+--------+--------+-------------------------------+

Note: The table above is a preliminary report that shows the Block RAMs at the current stage of the synthesis flow. Some Block RAMs may be reimplemented as non Block RAM primitives later in the synthesis flow. Multiple instantiated Block RAMs are reported only once. 

Distributed RAM: Preliminary Mapping Report (see note below)
+------------------------------------------+---------------------------------------------------------------+----------------+----------------------+----------------+
|Module Name                               | RTL Object                                                    | Inference      | Size (Depth x Width) | Primitives     | 
+------------------------------------------+---------------------------------------------------------------+----------------+----------------------+----------------+
|i_0/pifoEngines_1/enque_enqueMapper       | banks_1_reg                                                   | Implied        | 128 x 7              | RAM64M8 x 4    | 
|i_0/pifoEngines_1/enque_enqueMapper       | banks_0_reg                                                   | Implied        | 128 x 7              | RAM64M8 x 4    | 
|i_0/pifoEngines_1/enque_flowIdStream_fifo | fifo/logic_ram_reg                                            | User Attribute | 2 x 10               | RAM32M16 x 1   | 
|i_0/pifoEngines_1/enque_brain             | engineMapper/ram_reg                                          | Implied        | 128 x 2              | RAM128X1D x 2  | 
|i_0/pifoEngines_1/enque_brain             | lastVirtualMapper/ram_reg                                     | Implied        | 128 x 8              | RAM64M8 x 4    | 
|i_0/pifoEngines_1/enque_brain             | flowStateUpdate_toStream_fifo/fifo/logic_ram_reg              | User Attribute | 2 x 49               | RAM32M16 x 4   | 
|i_0/pifoEngines_1/enque_brain             | brainStateMem/ram_reg                                         | Implied        | 128 x 32             | RAM64M8 x 10   | 
|i_0/pifoEngines_1/enque_brain             | brainStateUpdate_toStream_fifo/fifo/logic_ram_reg             | User Attribute | 2 x 39               | RAM32M16 x 3   | 
|i_0/pifoEngines_1/enque_brain             | engineMapper_io_readRes_toStream_fifo/fifo/logic_ram_reg      | User Attribute | 2 x 2                | RAM16X1D x 2   | 
|i_0/pifoEngines_1/enque_brain             | brainStateMem_io_readRes_toStream_fifo/fifo/logic_ram_reg     | User Attribute | 2 x 32               | RAM32M16 x 3   | 
|i_0/pifoEngines_1/enque_brain             | engineCAM_io_readRes_toStream_fifo/fifo/logic_ram_reg         | User Attribute | 2 x 32               | RAM32M16 x 3   | 
|i_0/pifoEngines_1/enque_brain             | lastVirtualMapper_io_readRes_toStream_fifo/fifo/logic_ram_reg | User Attribute | 2 x 8                | RAM32M16 x 1   | 
|i_0/pifoEngines_1/enque_brain             | io_outputs_4_fifo/fifo/logic_ram_reg                          | User Attribute | 2 x 17               | RAM32M16 x 2   | 
|i_0/pifoEngines_2/enque_enqueMapper       | banks_1_reg                                                   | Implied        | 128 x 7              | RAM64M8 x 4    | 
|i_0/pifoEngines_2/enque_enqueMapper       | banks_0_reg                                                   | Implied        | 128 x 7              | RAM64M8 x 4    | 
|i_0/pifoEngines_2/enque_flowIdStream_fifo | fifo/logic_ram_reg                                            | User Attribute | 2 x 10               | RAM32M16 x 1   | 
|i_0/pifoEngines_2/enque_brain             | engineMapper/ram_reg                                          | Implied        | 128 x 2              | RAM128X1D x 2  | 
|i_0/pifoEngines_2/enque_brain             | lastVirtualMapper/ram_reg                                     | Implied        | 128 x 8              | RAM64M8 x 4    | 
|i_0/pifoEngines_2/enque_brain             | flowStateUpdate_toStream_fifo/fifo/logic_ram_reg              | User Attribute | 2 x 49               | RAM32M16 x 4   | 
|i_0/pifoEngines_2/enque_brain             | brainStateMem/ram_reg                                         | Implied        | 128 x 32             | RAM64M8 x 10   | 
|i_0/pifoEngines_2/enque_brain             | brainStateUpdate_toStream_fifo/fifo/logic_ram_reg             | User Attribute | 2 x 39               | RAM32M16 x 3   | 
|i_0/pifoEngines_2/enque_brain             | engineMapper_io_readRes_toStream_fifo/fifo/logic_ram_reg      | User Attribute | 2 x 2                | RAM16X1D x 2   | 
|i_0/pifoEngines_2/enque_brain             | brainStateMem_io_readRes_toStream_fifo/fifo/logic_ram_reg     | User Attribute | 2 x 32               | RAM32M16 x 3   | 
|i_0/pifoEngines_2/enque_brain             | engineCAM_io_readRes_toStream_fifo/fifo/logic_ram_reg         | User Attribute | 2 x 32               | RAM32M16 x 3   | 
|i_0/pifoEngines_2/enque_brain             | lastVirtualMapper_io_readRes_toStream_fifo/fifo/logic_ram_reg | User Attribute | 2 x 8                | RAM32M16 x 1   | 
|i_0/pifoEngines_2/enque_brain             | io_outputs_4_fifo/fifo/logic_ram_reg                          | User Attribute | 2 x 17               | RAM32M16 x 2   | 
|PifoMesh                                  | io_controlRequest_fifo/logic_ram_reg                          | Implied        | 4 x 55               | RAM32M16 x 4   | 
|i_1/pifoEngines_4/enque_enqueMapper       | banks_1_reg                                                   | Implied        | 128 x 7              | RAM64M8 x 4    | 
|i_1/pifoEngines_4/enque_enqueMapper       | banks_0_reg                                                   | Implied        | 128 x 7              | RAM64M8 x 4    | 
|i_1/pifoEngines_4/enque_flowIdStream_fifo | fifo/logic_ram_reg                                            | User Attribute | 2 x 10               | RAM32M16 x 1   | 
|i_1/pifoEngines_4/enque_brain             | engineMapper/ram_reg                                          | Implied        | 128 x 2              | RAM128X1D x 2  | 
|i_1/pifoEngines_4/enque_brain             | lastVirtualMapper/ram_reg                                     | Implied        | 128 x 8              | RAM64M8 x 4    | 
|i_1/pifoEngines_4/enque_brain             | flowStateUpdate_toStream_fifo/fifo/logic_ram_reg              | User Attribute | 2 x 49               | RAM32M16 x 4   | 
|i_1/pifoEngines_4/enque_brain             | brainStateMem/ram_reg                                         | Implied        | 128 x 32             | RAM64M8 x 10   | 
|i_1/pifoEngines_4/enque_brain             | brainStateUpdate_toStream_fifo/fifo/logic_ram_reg             | User Attribute | 2 x 39               | RAM32M16 x 3   | 
|i_1/pifoEngines_4/enque_brain             | engineMapper_io_readRes_toStream_fifo/fifo/logic_ram_reg      | User Attribute | 2 x 2                | RAM16X1D x 2   | 
|i_1/pifoEngines_4/enque_brain             | brainStateMem_io_readRes_toStream_fifo/fifo/logic_ram_reg     | User Attribute | 2 x 32               | RAM32M16 x 3   | 
|i_1/pifoEngines_4/enque_brain             | engineCAM_io_readRes_toStream_fifo/fifo/logic_ram_reg         | User Attribute | 2 x 32               | RAM32M16 x 3   | 
|i_1/pifoEngines_4/enque_brain             | lastVirtualMapper_io_readRes_toStream_fifo/fifo/logic_ram_reg | User Attribute | 2 x 8                | RAM32M16 x 1   | 
|i_1/pifoEngines_4/enque_brain             | io_outputs_4_fifo/fifo/logic_ram_reg                          | User Attribute | 2 x 17               | RAM32M16 x 2   | 
|i_1/pifoEngines_0/enque_enqueMapper       | banks_1_reg                                                   | Implied        | 128 x 7              | RAM64M8 x 4    | 
|i_1/pifoEngines_0/enque_enqueMapper       | banks_0_reg                                                   | Implied        | 128 x 7              | RAM64M8 x 4    | 
|i_1/pifoEngines_0/enque_flowIdStream_fifo | fifo/logic_ram_reg                                            | User Attribute | 2 x 10               | RAM32M16 x 1   | 
|i_1/pifoEngines_0/enque_brain             | engineMapper/ram_reg                                          | Implied        | 128 x 2              | RAM128X1D x 2  | 
|i_1/pifoEngines_0/enque_brain             | lastVirtualMapper/ram_reg                                     | Implied        | 128 x 8              | RAM64M8 x 4    | 
|i_1/pifoEngines_0/enque_brain             | flowStateUpdate_toStream_fifo/fifo/logic_ram_reg              | User Attribute | 2 x 49               | RAM32M16 x 4   | 
|i_1/pifoEngines_0/enque_brain             | brainStateMem/ram_reg                                         | Implied        | 128 x 32             | RAM64M8 x 10   | 
|i_1/pifoEngines_0/enque_brain             | brainStateUpdate_toStream_fifo/fifo/logic_ram_reg             | User Attribute | 2 x 39               | RAM32M16 x 3   | 
|i_1/pifoEngines_0/enque_brain             | engineMapper_io_readRes_toStream_fifo/fifo/logic_ram_reg      | User Attribute | 2 x 2                | RAM16X1D x 2   | 
|i_1/pifoEngines_0/enque_brain             | brainStateMem_io_readRes_toStream_fifo/fifo/logic_ram_reg     | User Attribute | 2 x 32               | RAM32M16 x 3   | 
|i_1/pifoEngines_0/enque_brain             | engineCAM_io_readRes_toStream_fifo/fifo/logic_ram_reg         | User Attribute | 2 x 32               | RAM32M16 x 3   | 
|i_1/pifoEngines_0/enque_brain             | lastVirtualMapper_io_readRes_toStream_fifo/fifo/logic_ram_reg | User Attribute | 2 x 8                | RAM32M16 x 1   | 
|i_1/pifoEngines_0/enque_brain             | io_outputs_4_fifo/fifo/logic_ram_reg                          | User Attribute | 2 x 17               | RAM32M16 x 2   | 
|i_2/pifoEngines_3/enque_enqueMapper       | banks_1_reg                                                   | Implied        | 128 x 7              | RAM64M8 x 4    | 
|i_2/pifoEngines_3/enque_enqueMapper       | banks_0_reg                                                   | Implied        | 128 x 7              | RAM64M8 x 4    | 
|i_2/pifoEngines_3/enque_flowIdStream_fifo | fifo/logic_ram_reg                                            | User Attribute | 2 x 10               | RAM32M16 x 1   | 
|i_2/pifoEngines_3/enque_brain             | engineMapper/ram_reg                                          | Implied        | 128 x 2              | RAM128X1D x 2  | 
|i_2/pifoEngines_3/enque_brain             | lastVirtualMapper/ram_reg                                     | Implied        | 128 x 8              | RAM64M8 x 4    | 
|i_2/pifoEngines_3/enque_brain             | flowStateUpdate_toStream_fifo/fifo/logic_ram_reg              | User Attribute | 2 x 49               | RAM32M16 x 4   | 
|i_2/pifoEngines_3/enque_brain             | brainStateMem/ram_reg                                         | Implied        | 128 x 32             | RAM64M8 x 10   | 
|i_2/pifoEngines_3/enque_brain             | brainStateUpdate_toStream_fifo/fifo/logic_ram_reg             | User Attribute | 2 x 39               | RAM32M16 x 3   | 
|i_2/pifoEngines_3/enque_brain             | engineMapper_io_readRes_toStream_fifo/fifo/logic_ram_reg      | User Attribute | 2 x 2                | RAM16X1D x 2   | 
|i_2/pifoEngines_3/enque_brain             | brainStateMem_io_readRes_toStream_fifo/fifo/logic_ram_reg     | User Attribute | 2 x 32               | RAM32M16 x 3   | 
|i_2/pifoEngines_3/enque_brain             | engineCAM_io_readRes_toStream_fifo/fifo/logic_ram_reg         | User Attribute | 2 x 32               | RAM32M16 x 3   | 
|i_2/pifoEngines_3/enque_brain             | lastVirtualMapper_io_readRes_toStream_fifo/fifo/logic_ram_reg | User Attribute | 2 x 8                | RAM32M16 x 1   | 
|i_2/pifoEngines_3/enque_brain             | io_outputs_4_fifo/fifo/logic_ram_reg                          | User Attribute | 2 x 17               | RAM32M16 x 2   | 
|PifoMesh                                  | xbar/io_inputs_0_fifo/fifo/logic_ram_reg                      | User Attribute | 8 x 10               | RAM32M16 x 1   | 
|PifoMesh                                  | xbar/io_inputs_1_fifo/fifo/logic_ram_reg                      | User Attribute | 8 x 10               | RAM32M16 x 1   | 
|PifoMesh                                  | xbar/io_inputs_2_fifo/fifo/logic_ram_reg                      | User Attribute | 8 x 10               | RAM32M16 x 1   | 
|PifoMesh                                  | xbar/io_inputs_3_fifo/fifo/logic_ram_reg                      | User Attribute | 8 x 10               | RAM32M16 x 1   | 
|PifoMesh                                  | xbar/io_inputs_4_fifo/fifo/logic_ram_reg                      | User Attribute | 8 x 10               | RAM32M16 x 1   | 
|PifoMesh                                  | xbar/io_inputs_5_fifo/fifo/logic_ram_reg                      | User Attribute | 8 x 10               | RAM32M16 x 1   | 
+------------------------------------------+---------------------------------------------------------------+----------------+----------------------+----------------+

Note: The table above is a preliminary report that shows the Distributed RAMs at the current stage of the synthesis flow. Some Distributed RAMs may be reimplemented as non Distributed RAM primitives later in the synthesis flow. Multiple instantiated RAMs are reported only once.
---------------------------------------------------------------------------------
Finished ROM, RAM, DSP, Shift Register and Retiming Reporting
---------------------------------------------------------------------------------
---------------------------------------------------------------------------------
Start Applying XDC Timing Constraints
---------------------------------------------------------------------------------
---------------------------------------------------------------------------------
Finished Applying XDC Timing Constraints : Time (s): cpu = 00:01:56 ; elapsed = 00:01:58 . Memory (MB): peak = 3992.164 ; gain = 1347.355 ; free physical = 168497 ; free virtual = 192618
---------------------------------------------------------------------------------
---------------------------------------------------------------------------------
Start ROM, RAM, DSP, Shift Register and Retiming Reporting
---------------------------------------------------------------------------------

Block RAM: Final Mapping Report
+------------------------------+-------------------+------------------------+---+---+-------------------------+---+---+------------------+--------+--------+-------------------------------+
|Module Name                   | RTL Object        | PORT A (Depth x Width) | W | R | PORT B (Depth x Width)  | W | R | Ports driving FF | RAMB18 | RAMB36 | Cascade Heights               | 
+------------------------------+-------------------+------------------------+---+---+-------------------------+---+---+------------------+--------+--------+-------------------------------+
|i_0/pifoEngines_1/enque_brain | engineCAM/ram_reg | 128 K x 32(READ_FIRST) | W |   | 128 K x 32(WRITE_FIRST) |   | R | Port A and B     | 0      | 116    | 8,8,8,8,8,8,8,8,8,8,8,8,8,8,4 | 
|i_0/pifoEngines_2/enque_brain | engineCAM/ram_reg | 128 K x 32(READ_FIRST) | W |   | 128 K x 32(WRITE_FIRST) |   | R | Port A and B     | 0      | 116    | 8,8,8,8,8,8,8,8,8,8,8,8,8,8,4 | 
|i_1/pifoEngines_4/enque_brain | engineCAM/ram_reg | 128 K x 32(READ_FIRST) | W |   | 128 K x 32(WRITE_FIRST) |   | R | Port A and B     | 0      | 116    | 8,8,8,8,8,8,8,8,8,8,8,8,8,8,4 | 
|i_1/pifoEngines_0/enque_brain | engineCAM/ram_reg | 128 K x 32(READ_FIRST) | W |   | 128 K x 32(WRITE_FIRST) |   | R | Port A and B     | 0      | 116    | 8,8,8,8,8,8,8,8,8,8,8,8,8,8,4 | 
|i_2/pifoEngines_3/enque_brain | engineCAM/ram_reg | 128 K x 32(READ_FIRST) | W |   | 128 K x 32(WRITE_FIRST) |   | R | Port A and B     | 0      | 116    | 8,8,8,8,8,8,8,8,8,8,8,8,8,8,4 | 
+------------------------------+-------------------+------------------------+---+---+-------------------------+---+---+------------------+--------+--------+-------------------------------+


Distributed RAM: Final Mapping Report
+------------------------------------------+---------------------------------------------------------------+----------------+----------------------+----------------+
|Module Name                               | RTL Object                                                    | Inference      | Size (Depth x Width) | Primitives     | 
+------------------------------------------+---------------------------------------------------------------+----------------+----------------------+----------------+
|i_0/pifoEngines_1/enque_enqueMapper       | banks_1_reg                                                   | Implied        | 128 x 7              | RAM64M8 x 4    | 
|i_0/pifoEngines_1/enque_enqueMapper       | banks_0_reg                                                   | Implied        | 128 x 7              | RAM64M8 x 4    | 
|i_0/pifoEngines_1/enque_flowIdStream_fifo | fifo/logic_ram_reg                                            | User Attribute | 2 x 10               | RAM32M16 x 1   | 
|i_0/pifoEngines_1/enque_brain             | engineMapper/ram_reg                                          | Implied        | 128 x 2              | RAM128X1D x 2  | 
|i_0/pifoEngines_1/enque_brain             | lastVirtualMapper/ram_reg                                     | Implied        | 128 x 8              | RAM64M8 x 4    | 
|i_0/pifoEngines_1/enque_brain             | flowStateUpdate_toStream_fifo/fifo/logic_ram_reg              | User Attribute | 2 x 49               | RAM32M16 x 4   | 
|i_0/pifoEngines_1/enque_brain             | brainStateMem/ram_reg                                         | Implied        | 128 x 32             | RAM64M8 x 10   | 
|i_0/pifoEngines_1/enque_brain             | brainStateUpdate_toStream_fifo/fifo/logic_ram_reg             | User Attribute | 2 x 39               | RAM32M16 x 3   | 
|i_0/pifoEngines_1/enque_brain             | engineMapper_io_readRes_toStream_fifo/fifo/logic_ram_reg      | User Attribute | 2 x 2                | RAM16X1D x 2   | 
|i_0/pifoEngines_1/enque_brain             | brainStateMem_io_readRes_toStream_fifo/fifo/logic_ram_reg     | User Attribute | 2 x 32               | RAM32M16 x 3   | 
|i_0/pifoEngines_1/enque_brain             | engineCAM_io_readRes_toStream_fifo/fifo/logic_ram_reg         | User Attribute | 2 x 32               | RAM32M16 x 3   | 
|i_0/pifoEngines_1/enque_brain             | lastVirtualMapper_io_readRes_toStream_fifo/fifo/logic_ram_reg | User Attribute | 2 x 8                | RAM32M16 x 1   | 
|i_0/pifoEngines_1/enque_brain             | io_outputs_4_fifo/fifo/logic_ram_reg                          | User Attribute | 2 x 17               | RAM32M16 x 2   | 
|i_0/pifoEngines_2/enque_enqueMapper       | banks_1_reg                                                   | Implied        | 128 x 7              | RAM64M8 x 4    | 
|i_0/pifoEngines_2/enque_enqueMapper       | banks_0_reg                                                   | Implied        | 128 x 7              | RAM64M8 x 4    | 
|i_0/pifoEngines_2/enque_flowIdStream_fifo | fifo/logic_ram_reg                                            | User Attribute | 2 x 10               | RAM32M16 x 1   | 
|i_0/pifoEngines_2/enque_brain             | engineMapper/ram_reg                                          | Implied        | 128 x 2              | RAM128X1D x 2  | 
|i_0/pifoEngines_2/enque_brain             | lastVirtualMapper/ram_reg                                     | Implied        | 128 x 8              | RAM64M8 x 4    | 
|i_0/pifoEngines_2/enque_brain             | flowStateUpdate_toStream_fifo/fifo/logic_ram_reg              | User Attribute | 2 x 49               | RAM32M16 x 4   | 
|i_0/pifoEngines_2/enque_brain             | brainStateMem/ram_reg                                         | Implied        | 128 x 32             | RAM64M8 x 10   | 
|i_0/pifoEngines_2/enque_brain             | brainStateUpdate_toStream_fifo/fifo/logic_ram_reg             | User Attribute | 2 x 39               | RAM32M16 x 3   | 
|i_0/pifoEngines_2/enque_brain             | engineMapper_io_readRes_toStream_fifo/fifo/logic_ram_reg      | User Attribute | 2 x 2                | RAM16X1D x 2   | 
|i_0/pifoEngines_2/enque_brain             | brainStateMem_io_readRes_toStream_fifo/fifo/logic_ram_reg     | User Attribute | 2 x 32               | RAM32M16 x 3   | 
|i_0/pifoEngines_2/enque_brain             | engineCAM_io_readRes_toStream_fifo/fifo/logic_ram_reg         | User Attribute | 2 x 32               | RAM32M16 x 3   | 
|i_0/pifoEngines_2/enque_brain             | lastVirtualMapper_io_readRes_toStream_fifo/fifo/logic_ram_reg | User Attribute | 2 x 8                | RAM32M16 x 1   | 
|i_0/pifoEngines_2/enque_brain             | io_outputs_4_fifo/fifo/logic_ram_reg                          | User Attribute | 2 x 17               | RAM32M16 x 2   | 
|PifoMesh                                  | io_controlRequest_fifo/logic_ram_reg                          | Implied        | 4 x 55               | RAM32M16 x 4   | 
|i_1/pifoEngines_4/enque_enqueMapper       | banks_1_reg                                                   | Implied        | 128 x 7              | RAM64M8 x 4    | 
|i_1/pifoEngines_4/enque_enqueMapper       | banks_0_reg                                                   | Implied        | 128 x 7              | RAM64M8 x 4    | 
|i_1/pifoEngines_4/enque_flowIdStream_fifo | fifo/logic_ram_reg                                            | User Attribute | 2 x 10               | RAM32M16 x 1   | 
|i_1/pifoEngines_4/enque_brain             | engineMapper/ram_reg                                          | Implied        | 128 x 2              | RAM128X1D x 2  | 
|i_1/pifoEngines_4/enque_brain             | lastVirtualMapper/ram_reg                                     | Implied        | 128 x 8              | RAM64M8 x 4    | 
|i_1/pifoEngines_4/enque_brain             | flowStateUpdate_toStream_fifo/fifo/logic_ram_reg              | User Attribute | 2 x 49               | RAM32M16 x 4   | 
|i_1/pifoEngines_4/enque_brain             | brainStateMem/ram_reg                                         | Implied        | 128 x 32             | RAM64M8 x 10   | 
|i_1/pifoEngines_4/enque_brain             | brainStateUpdate_toStream_fifo/fifo/logic_ram_reg             | User Attribute | 2 x 39               | RAM32M16 x 3   | 
|i_1/pifoEngines_4/enque_brain             | engineMapper_io_readRes_toStream_fifo/fifo/logic_ram_reg      | User Attribute | 2 x 2                | RAM16X1D x 2   | 
|i_1/pifoEngines_4/enque_brain             | brainStateMem_io_readRes_toStream_fifo/fifo/logic_ram_reg     | User Attribute | 2 x 32               | RAM32M16 x 3   | 
|i_1/pifoEngines_4/enque_brain             | engineCAM_io_readRes_toStream_fifo/fifo/logic_ram_reg         | User Attribute | 2 x 32               | RAM32M16 x 3   | 
|i_1/pifoEngines_4/enque_brain             | lastVirtualMapper_io_readRes_toStream_fifo/fifo/logic_ram_reg | User Attribute | 2 x 8                | RAM32M16 x 1   | 
|i_1/pifoEngines_4/enque_brain             | io_outputs_4_fifo/fifo/logic_ram_reg                          | User Attribute | 2 x 17               | RAM32M16 x 2   | 
|i_1/pifoEngines_0/enque_enqueMapper       | banks_1_reg                                                   | Implied        | 128 x 7              | RAM64M8 x 4    | 
|i_1/pifoEngines_0/enque_enqueMapper       | banks_0_reg                                                   | Implied        | 128 x 7              | RAM64M8 x 4    | 
|i_1/pifoEngines_0/enque_flowIdStream_fifo | fifo/logic_ram_reg                                            | User Attribute | 2 x 10               | RAM32M16 x 1   | 
|i_1/pifoEngines_0/enque_brain             | engineMapper/ram_reg                                          | Implied        | 128 x 2              | RAM128X1D x 2  | 
|i_1/pifoEngines_0/enque_brain             | lastVirtualMapper/ram_reg                                     | Implied        | 128 x 8              | RAM64M8 x 4    | 
|i_1/pifoEngines_0/enque_brain             | flowStateUpdate_toStream_fifo/fifo/logic_ram_reg              | User Attribute | 2 x 49               | RAM32M16 x 4   | 
|i_1/pifoEngines_0/enque_brain             | brainStateMem/ram_reg                                         | Implied        | 128 x 32             | RAM64M8 x 10   | 
|i_1/pifoEngines_0/enque_brain             | brainStateUpdate_toStream_fifo/fifo/logic_ram_reg             | User Attribute | 2 x 39               | RAM32M16 x 3   | 
|i_1/pifoEngines_0/enque_brain             | engineMapper_io_readRes_toStream_fifo/fifo/logic_ram_reg      | User Attribute | 2 x 2                | RAM16X1D x 2   | 
|i_1/pifoEngines_0/enque_brain             | brainStateMem_io_readRes_toStream_fifo/fifo/logic_ram_reg     | User Attribute | 2 x 32               | RAM32M16 x 3   | 
|i_1/pifoEngines_0/enque_brain             | engineCAM_io_readRes_toStream_fifo/fifo/logic_ram_reg         | User Attribute | 2 x 32               | RAM32M16 x 3   | 
|i_1/pifoEngines_0/enque_brain             | lastVirtualMapper_io_readRes_toStream_fifo/fifo/logic_ram_reg | User Attribute | 2 x 8                | RAM32M16 x 1   | 
|i_1/pifoEngines_0/enque_brain             | io_outputs_4_fifo/fifo/logic_ram_reg                          | User Attribute | 2 x 17               | RAM32M16 x 2   | 
|i_2/pifoEngines_3/enque_enqueMapper       | banks_1_reg                                                   | Implied        | 128 x 7              | RAM64M8 x 4    | 
|i_2/pifoEngines_3/enque_enqueMapper       | banks_0_reg                                                   | Implied        | 128 x 7              | RAM64M8 x 4    | 
|i_2/pifoEngines_3/enque_flowIdStream_fifo | fifo/logic_ram_reg                                            | User Attribute | 2 x 10               | RAM32M16 x 1   | 
|i_2/pifoEngines_3/enque_brain             | engineMapper/ram_reg                                          | Implied        | 128 x 2              | RAM128X1D x 2  | 
|i_2/pifoEngines_3/enque_brain             | lastVirtualMapper/ram_reg                                     | Implied        | 128 x 8              | RAM64M8 x 4    | 
|i_2/pifoEngines_3/enque_brain             | flowStateUpdate_toStream_fifo/fifo/logic_ram_reg              | User Attribute | 2 x 49               | RAM32M16 x 4   | 
|i_2/pifoEngines_3/enque_brain             | brainStateMem/ram_reg                                         | Implied        | 128 x 32             | RAM64M8 x 10   | 
|i_2/pifoEngines_3/enque_brain             | brainStateUpdate_toStream_fifo/fifo/logic_ram_reg             | User Attribute | 2 x 39               | RAM32M16 x 3   | 
|i_2/pifoEngines_3/enque_brain             | engineMapper_io_readRes_toStream_fifo/fifo/logic_ram_reg      | User Attribute | 2 x 2                | RAM16X1D x 2   | 
|i_2/pifoEngines_3/enque_brain             | brainStateMem_io_readRes_toStream_fifo/fifo/logic_ram_reg     | User Attribute | 2 x 32               | RAM32M16 x 3   | 
|i_2/pifoEngines_3/enque_brain             | engineCAM_io_readRes_toStream_fifo/fifo/logic_ram_reg         | User Attribute | 2 x 32               | RAM32M16 x 3   | 
|i_2/pifoEngines_3/enque_brain             | lastVirtualMapper_io_readRes_toStream_fifo/fifo/logic_ram_reg | User Attribute | 2 x 8                | RAM32M16 x 1   | 
|i_2/pifoEngines_3/enque_brain             | io_outputs_4_fifo/fifo/logic_ram_reg                          | User Attribute | 2 x 17               | RAM32M16 x 2   | 
|PifoMesh                                  | xbar/io_inputs_0_fifo/fifo/logic_ram_reg                      | User Attribute | 8 x 10               | RAM32M16 x 1   | 
|PifoMesh                                  | xbar/io_inputs_1_fifo/fifo/logic_ram_reg                      | User Attribute | 8 x 10               | RAM32M16 x 1   | 
|PifoMesh                                  | xbar/io_inputs_2_fifo/fifo/logic_ram_reg                      | User Attribute | 8 x 10               | RAM32M16 x 1   | 
|PifoMesh                                  | xbar/io_inputs_3_fifo/fifo/logic_ram_reg                      | User Attribute | 8 x 10               | RAM32M16 x 1   | 
|PifoMesh                                  | xbar/io_inputs_4_fifo/fifo/logic_ram_reg                      | User Attribute | 8 x 10               | RAM32M16 x 1   | 
|PifoMesh                                  | xbar/io_inputs_5_fifo/fifo/logic_ram_reg                      | User Attribute | 8 x 10               | RAM32M16 x 1   | 
+------------------------------------------+---------------------------------------------------------------+----------------+----------------------+----------------+

---------------------------------------------------------------------------------
Finished ROM, RAM, DSP, Shift Register and Retiming Reporting
---------------------------------------------------------------------------------
---------------------------------------------------------------------------------
Start Technology Mapping
---------------------------------------------------------------------------------
INFO: [Synth 8-7052] The timing for the instance pifoEngines_1/enque_brain/engineCAM/ram_reg_bram_7 (implemented as a Block RAM) might be sub-optimal as no optional output register could be merged into the ram block. Providing additional output register may help in improving timing.
INFO: [Synth 8-7052] The timing for the instance pifoEngines_1/enque_brain/engineCAM/ram_reg_bram_15 (implemented as a Block RAM) might be sub-optimal as no optional output register could be merged into the ram block. Providing additional output register may help in improving timing.
INFO: [Synth 8-7052] The timing for the instance pifoEngines_1/enque_brain/engineCAM/ram_reg_bram_23 (implemented as a Block RAM) might be sub-optimal as no optional output register could be merged into the ram block. Providing additional output register may help in improving timing.
INFO: [Synth 8-7052] The timing for the instance pifoEngines_1/enque_brain/engineCAM/ram_reg_bram_31 (implemented as a Block RAM) might be sub-optimal as no optional output register could be merged into the ram block. Providing additional output register may help in improving timing.
INFO: [Synth 8-7052] The timing for the instance pifoEngines_1/enque_brain/engineCAM/ram_reg_bram_39 (implemented as a Block RAM) might be sub-optimal as no optional output register could be merged into the ram block. Providing additional output register may help in improving timing.
INFO: [Synth 8-7052] The timing for the instance pifoEngines_1/enque_brain/engineCAM/ram_reg_bram_47 (implemented as a Block RAM) might be sub-optimal as no optional output register could be merged into the ram block. Providing additional output register may help in improving timing.
INFO: [Synth 8-7052] The timing for the instance pifoEngines_1/enque_brain/engineCAM/ram_reg_bram_55 (implemented as a Block RAM) might be sub-optimal as no optional output register could be merged into the ram block. Providing additional output register may help in improving timing.
INFO: [Synth 8-7052] The timing for the instance pifoEngines_1/enque_brain/engineCAM/ram_reg_bram_63 (implemented as a Block RAM) might be sub-optimal as no optional output register could be merged into the ram block. Providing additional output register may help in improving timing.
INFO: [Synth 8-7052] The timing for the instance pifoEngines_1/deque_dequeMapper/banks_1_reg_1_bram_7 (implemented as a Block RAM) might be sub-optimal as no optional output register could be merged into the ram block. Providing additional output register may help in improving timing.
INFO: [Synth 8-7052] The timing for the instance pifoEngines_1/deque_dequeMapper/banks_1_reg_1_bram_15 (implemented as a Block RAM) might be sub-optimal as no optional output register could be merged into the ram block. Providing additional output register may help in improving timing.
INFO: [Synth 8-7052] The timing for the instance pifoEngines_1/deque_dequeMapper/banks_1_reg_1_bram_23 (implemented as a Block RAM) might be sub-optimal as no optional output register could be merged into the ram block. Providing additional output register may help in improving timing.
INFO: [Synth 8-7052] The timing for the instance pifoEngines_1/deque_dequeMapper/banks_1_reg_1_bram_31 (implemented as a Block RAM) might be sub-optimal as no optional output register could be merged into the ram block. Providing additional output register may help in improving timing.
INFO: [Synth 8-7052] The timing for the instance pifoEngines_1/deque_dequeMapper/banks_1_reg_1_bram_35 (implemented as a Block RAM) might be sub-optimal as no optional output register could be merged into the ram block. Providing additional output register may help in improving timing.
INFO: [Synth 8-7052] The timing for the instance pifoEngines_1/deque_dequeMapper/banks_1_reg_2_bram_7 (implemented as a Block RAM) might be sub-optimal as no optional output register could be merged into the ram block. Providing additional output register may help in improving timing.
INFO: [Synth 8-7052] The timing for the instance pifoEngines_1/deque_dequeMapper/banks_1_reg_2_bram_15 (implemented as a Block RAM) might be sub-optimal as no optional output register could be merged into the ram block. Providing additional output register may help in improving timing.
INFO: [Synth 8-7052] The timing for the instance pifoEngines_1/deque_dequeMapper/banks_1_reg_2_bram_23 (implemented as a Block RAM) might be sub-optimal as no optional output register could be merged into the ram block. Providing additional output register may help in improving timing.
INFO: [Synth 8-7052] The timing for the instance pifoEngines_1/deque_dequeMapper/banks_1_reg_2_bram_31 (implemented as a Block RAM) might be sub-optimal as no optional output register could be merged into the ram block. Providing additional output register may help in improving timing.
INFO: [Synth 8-7052] The timing for the instance pifoEngines_1/deque_dequeMapper/banks_1_reg_2_bram_35 (implemented as a Block RAM) might be sub-optimal as no optional output register could be merged into the ram block. Providing additional output register may help in improving timing.
INFO: [Synth 8-7052] The timing for the instance pifoEngines_1/deque_dequeMapper/banks_0_reg_1_bram_7 (implemented as a Block RAM) might be sub-optimal as no optional output register could be merged into the ram block. Providing additional output register may help in improving timing.
INFO: [Synth 8-7052] The timing for the instance pifoEngines_1/deque_dequeMapper/banks_0_reg_1_bram_15 (implemented as a Block RAM) might be sub-optimal as no optional output register could be merged into the ram block. Providing additional output register may help in improving timing.
INFO: [Synth 8-7052] The timing for the instance pifoEngines_1/deque_dequeMapper/banks_0_reg_1_bram_23 (implemented as a Block RAM) might be sub-optimal as no optional output register could be merged into the ram block. Providing additional output register may help in improving timing.
INFO: [Synth 8-7052] The timing for the instance pifoEngines_1/deque_dequeMapper/banks_0_reg_1_bram_31 (implemented as a Block RAM) might be sub-optimal as no optional output register could be merged into the ram block. Providing additional output register may help in improving timing.
INFO: [Synth 8-7052] The timing for the instance pifoEngines_1/deque_dequeMapper/banks_0_reg_1_bram_35 (implemented as a Block RAM) might be sub-optimal as no optional output register could be merged into the ram block. Providing additional output register may help in improving timing.
INFO: [Synth 8-7052] The timing for the instance pifoEngines_1/deque_dequeMapper/banks_0_reg_2_bram_7 (implemented as a Block RAM) might be sub-optimal as no optional output register could be merged into the ram block. Providing additional output register may help in improving timing.
INFO: [Synth 8-7052] The timing for the instance pifoEngines_1/deque_dequeMapper/banks_0_reg_2_bram_15 (implemented as a Block RAM) might be sub-optimal as no optional output register could be merged into the ram block. Providing additional output register may help in improving timing.
INFO: [Synth 8-7052] The timing for the instance pifoEngines_1/deque_dequeMapper/banks_0_reg_2_bram_23 (implemented as a Block RAM) might be sub-optimal as no optional output register could be merged into the ram block. Providing additional output register may help in improving timing.
INFO: [Synth 8-7052] The timing for the instance pifoEngines_1/deque_dequeMapper/banks_0_reg_2_bram_31 (implemented as a Block RAM) might be sub-optimal as no optional output register could be merged into the ram block. Providing additional output register may help in improving timing.
INFO: [Synth 8-7052] The timing for the instance pifoEngines_1/deque_dequeMapper/banks_0_reg_2_bram_35 (implemented as a Block RAM) might be sub-optimal as no optional output register could be merged into the ram block. Providing additional output register may help in improving timing.
INFO: [Synth 8-7052] The timing for the instance pifoEngines_2/enque_brain/engineCAM/ram_reg_bram_7 (implemented as a Block RAM) might be sub-optimal as no optional output register could be merged into the ram block. Providing additional output register may help in improving timing.
INFO: [Synth 8-7052] The timing for the instance pifoEngines_2/enque_brain/engineCAM/ram_reg_bram_15 (implemented as a Block RAM) might be sub-optimal as no optional output register could be merged into the ram block. Providing additional output register may help in improving timing.
INFO: [Synth 8-7052] The timing for the instance pifoEngines_2/enque_brain/engineCAM/ram_reg_bram_23 (implemented as a Block RAM) might be sub-optimal as no optional output register could be merged into the ram block. Providing additional output register may help in improving timing.
INFO: [Synth 8-7052] The timing for the instance pifoEngines_2/enque_brain/engineCAM/ram_reg_bram_31 (implemented as a Block RAM) might be sub-optimal as no optional output register could be merged into the ram block. Providing additional output register may help in improving timing.
INFO: [Synth 8-7052] The timing for the instance pifoEngines_2/enque_brain/engineCAM/ram_reg_bram_39 (implemented as a Block RAM) might be sub-optimal as no optional output register could be merged into the ram block. Providing additional output register may help in improving timing.
INFO: [Synth 8-7052] The timing for the instance pifoEngines_2/enque_brain/engineCAM/ram_reg_bram_47 (implemented as a Block RAM) might be sub-optimal as no optional output register could be merged into the ram block. Providing additional output register may help in improving timing.
INFO: [Synth 8-7052] The timing for the instance pifoEngines_2/enque_brain/engineCAM/ram_reg_bram_55 (implemented as a Block RAM) might be sub-optimal as no optional output register could be merged into the ram block. Providing additional output register may help in improving timing.
INFO: [Synth 8-7052] The timing for the instance pifoEngines_2/enque_brain/engineCAM/ram_reg_bram_63 (implemented as a Block RAM) might be sub-optimal as no optional output register could be merged into the ram block. Providing additional output register may help in improving timing.
INFO: [Synth 8-7052] The timing for the instance pifoEngines_2/deque_dequeMapper/banks_1_reg_1_bram_7 (implemented as a Block RAM) might be sub-optimal as no optional output register could be merged into the ram block. Providing additional output register may help in improving timing.
INFO: [Synth 8-7052] The timing for the instance pifoEngines_2/deque_dequeMapper/banks_1_reg_1_bram_15 (implemented as a Block RAM) might be sub-optimal as no optional output register could be merged into the ram block. Providing additional output register may help in improving timing.
INFO: [Synth 8-7052] The timing for the instance pifoEngines_2/deque_dequeMapper/banks_1_reg_1_bram_23 (implemented as a Block RAM) might be sub-optimal as no optional output register could be merged into the ram block. Providing additional output register may help in improving timing.
INFO: [Synth 8-7052] The timing for the instance pifoEngines_2/deque_dequeMapper/banks_1_reg_1_bram_31 (implemented as a Block RAM) might be sub-optimal as no optional output register could be merged into the ram block. Providing additional output register may help in improving timing.
INFO: [Synth 8-7052] The timing for the instance pifoEngines_2/deque_dequeMapper/banks_1_reg_1_bram_35 (implemented as a Block RAM) might be sub-optimal as no optional output register could be merged into the ram block. Providing additional output register may help in improving timing.
INFO: [Synth 8-7052] The timing for the instance pifoEngines_2/deque_dequeMapper/banks_1_reg_2_bram_7 (implemented as a Block RAM) might be sub-optimal as no optional output register could be merged into the ram block. Providing additional output register may help in improving timing.
INFO: [Synth 8-7052] The timing for the instance pifoEngines_2/deque_dequeMapper/banks_1_reg_2_bram_15 (implemented as a Block RAM) might be sub-optimal as no optional output register could be merged into the ram block. Providing additional output register may help in improving timing.
INFO: [Synth 8-7052] The timing for the instance pifoEngines_2/deque_dequeMapper/banks_1_reg_2_bram_23 (implemented as a Block RAM) might be sub-optimal as no optional output register could be merged into the ram block. Providing additional output register may help in improving timing.
INFO: [Synth 8-7052] The timing for the instance pifoEngines_2/deque_dequeMapper/banks_1_reg_2_bram_31 (implemented as a Block RAM) might be sub-optimal as no optional output register could be merged into the ram block. Providing additional output register may help in improving timing.
INFO: [Synth 8-7052] The timing for the instance pifoEngines_2/deque_dequeMapper/banks_1_reg_2_bram_35 (implemented as a Block RAM) might be sub-optimal as no optional output register could be merged into the ram block. Providing additional output register may help in improving timing.
INFO: [Synth 8-7052] The timing for the instance pifoEngines_2/deque_dequeMapper/banks_0_reg_1_bram_7 (implemented as a Block RAM) might be sub-optimal as no optional output register could be merged into the ram block. Providing additional output register may help in improving timing.
INFO: [Synth 8-7052] The timing for the instance pifoEngines_2/deque_dequeMapper/banks_0_reg_1_bram_15 (implemented as a Block RAM) might be sub-optimal as no optional output register could be merged into the ram block. Providing additional output register may help in improving timing.
INFO: [Synth 8-7052] The timing for the instance pifoEngines_2/deque_dequeMapper/banks_0_reg_1_bram_23 (implemented as a Block RAM) might be sub-optimal as no optional output register could be merged into the ram block. Providing additional output register may help in improving timing.
INFO: [Synth 8-7052] The timing for the instance pifoEngines_2/deque_dequeMapper/banks_0_reg_1_bram_31 (implemented as a Block RAM) might be sub-optimal as no optional output register could be merged into the ram block. Providing additional output register may help in improving timing.
INFO: [Synth 8-7052] The timing for the instance pifoEngines_2/deque_dequeMapper/banks_0_reg_1_bram_35 (implemented as a Block RAM) might be sub-optimal as no optional output register could be merged into the ram block. Providing additional output register may help in improving timing.
INFO: [Synth 8-7052] The timing for the instance pifoEngines_2/deque_dequeMapper/banks_0_reg_2_bram_7 (implemented as a Block RAM) might be sub-optimal as no optional output register could be merged into the ram block. Providing additional output register may help in improving timing.
INFO: [Synth 8-7052] The timing for the instance pifoEngines_2/deque_dequeMapper/banks_0_reg_2_bram_15 (implemented as a Block RAM) might be sub-optimal as no optional output register could be merged into the ram block. Providing additional output register may help in improving timing.
INFO: [Synth 8-7052] The timing for the instance pifoEngines_2/deque_dequeMapper/banks_0_reg_2_bram_23 (implemented as a Block RAM) might be sub-optimal as no optional output register could be merged into the ram block. Providing additional output register may help in improving timing.
INFO: [Synth 8-7052] The timing for the instance pifoEngines_2/deque_dequeMapper/banks_0_reg_2_bram_31 (implemented as a Block RAM) might be sub-optimal as no optional output register could be merged into the ram block. Providing additional output register may help in improving timing.
INFO: [Synth 8-7052] The timing for the instance pifoEngines_2/deque_dequeMapper/banks_0_reg_2_bram_35 (implemented as a Block RAM) might be sub-optimal as no optional output register could be merged into the ram block. Providing additional output register may help in improving timing.
INFO: [Synth 8-7052] The timing for the instance pifoEngines_4/enque_brain/engineCAM/ram_reg_bram_7 (implemented as a Block RAM) might be sub-optimal as no optional output register could be merged into the ram block. Providing additional output register may help in improving timing.
INFO: [Synth 8-7052] The timing for the instance pifoEngines_4/enque_brain/engineCAM/ram_reg_bram_15 (implemented as a Block RAM) might be sub-optimal as no optional output register could be merged into the ram block. Providing additional output register may help in improving timing.
INFO: [Synth 8-7052] The timing for the instance pifoEngines_4/enque_brain/engineCAM/ram_reg_bram_23 (implemented as a Block RAM) might be sub-optimal as no optional output register could be merged into the ram block. Providing additional output register may help in improving timing.
INFO: [Synth 8-7052] The timing for the instance pifoEngines_4/enque_brain/engineCAM/ram_reg_bram_31 (implemented as a Block RAM) might be sub-optimal as no optional output register could be merged into the ram block. Providing additional output register may help in improving timing.
INFO: [Synth 8-7052] The timing for the instance pifoEngines_4/enque_brain/engineCAM/ram_reg_bram_39 (implemented as a Block RAM) might be sub-optimal as no optional output register could be merged into the ram block. Providing additional output register may help in improving timing.
INFO: [Synth 8-7052] The timing for the instance pifoEngines_4/enque_brain/engineCAM/ram_reg_bram_47 (implemented as a Block RAM) might be sub-optimal as no optional output register could be merged into the ram block. Providing additional output register may help in improving timing.
INFO: [Synth 8-7052] The timing for the instance pifoEngines_4/enque_brain/engineCAM/ram_reg_bram_55 (implemented as a Block RAM) might be sub-optimal as no optional output register could be merged into the ram block. Providing additional output register may help in improving timing.
INFO: [Synth 8-7052] The timing for the instance pifoEngines_4/enque_brain/engineCAM/ram_reg_bram_63 (implemented as a Block RAM) might be sub-optimal as no optional output register could be merged into the ram block. Providing additional output register may help in improving timing.
INFO: [Synth 8-7052] The timing for the instance pifoEngines_4/deque_dequeMapper/banks_1_reg_1_bram_7 (implemented as a Block RAM) might be sub-optimal as no optional output register could be merged into the ram block. Providing additional output register may help in improving timing.
INFO: [Synth 8-7052] The timing for the instance pifoEngines_4/deque_dequeMapper/banks_1_reg_1_bram_15 (implemented as a Block RAM) might be sub-optimal as no optional output register could be merged into the ram block. Providing additional output register may help in improving timing.
INFO: [Synth 8-7052] The timing for the instance pifoEngines_4/deque_dequeMapper/banks_1_reg_1_bram_23 (implemented as a Block RAM) might be sub-optimal as no optional output register could be merged into the ram block. Providing additional output register may help in improving timing.
INFO: [Synth 8-7052] The timing for the instance pifoEngines_4/deque_dequeMapper/banks_1_reg_1_bram_31 (implemented as a Block RAM) might be sub-optimal as no optional output register could be merged into the ram block. Providing additional output register may help in improving timing.
INFO: [Synth 8-7052] The timing for the instance pifoEngines_4/deque_dequeMapper/banks_1_reg_1_bram_35 (implemented as a Block RAM) might be sub-optimal as no optional output register could be merged into the ram block. Providing additional output register may help in improving timing.
INFO: [Synth 8-7052] The timing for the instance pifoEngines_4/deque_dequeMapper/banks_1_reg_2_bram_7 (implemented as a Block RAM) might be sub-optimal as no optional output register could be merged into the ram block. Providing additional output register may help in improving timing.
INFO: [Synth 8-7052] The timing for the instance pifoEngines_4/deque_dequeMapper/banks_1_reg_2_bram_15 (implemented as a Block RAM) might be sub-optimal as no optional output register could be merged into the ram block. Providing additional output register may help in improving timing.
INFO: [Synth 8-7052] The timing for the instance pifoEngines_4/deque_dequeMapper/banks_1_reg_2_bram_23 (implemented as a Block RAM) might be sub-optimal as no optional output register could be merged into the ram block. Providing additional output register may help in improving timing.
INFO: [Synth 8-7052] The timing for the instance pifoEngines_4/deque_dequeMapper/banks_1_reg_2_bram_31 (implemented as a Block RAM) might be sub-optimal as no optional output register could be merged into the ram block. Providing additional output register may help in improving timing.
INFO: [Synth 8-7052] The timing for the instance pifoEngines_4/deque_dequeMapper/banks_1_reg_2_bram_35 (implemented as a Block RAM) might be sub-optimal as no optional output register could be merged into the ram block. Providing additional output register may help in improving timing.
INFO: [Synth 8-7052] The timing for the instance pifoEngines_4/deque_dequeMapper/banks_0_reg_1_bram_7 (implemented as a Block RAM) might be sub-optimal as no optional output register could be merged into the ram block. Providing additional output register may help in improving timing.
INFO: [Synth 8-7052] The timing for the instance pifoEngines_4/deque_dequeMapper/banks_0_reg_1_bram_15 (implemented as a Block RAM) might be sub-optimal as no optional output register could be merged into the ram block. Providing additional output register may help in improving timing.
INFO: [Synth 8-7052] The timing for the instance pifoEngines_4/deque_dequeMapper/banks_0_reg_1_bram_23 (implemented as a Block RAM) might be sub-optimal as no optional output register could be merged into the ram block. Providing additional output register may help in improving timing.
INFO: [Synth 8-7052] The timing for the instance pifoEngines_4/deque_dequeMapper/banks_0_reg_1_bram_31 (implemented as a Block RAM) might be sub-optimal as no optional output register could be merged into the ram block. Providing additional output register may help in improving timing.
INFO: [Synth 8-7052] The timing for the instance pifoEngines_4/deque_dequeMapper/banks_0_reg_1_bram_35 (implemented as a Block RAM) might be sub-optimal as no optional output register could be merged into the ram block. Providing additional output register may help in improving timing.
INFO: [Synth 8-7052] The timing for the instance pifoEngines_4/deque_dequeMapper/banks_0_reg_2_bram_7 (implemented as a Block RAM) might be sub-optimal as no optional output register could be merged into the ram block. Providing additional output register may help in improving timing.
INFO: [Synth 8-7052] The timing for the instance pifoEngines_4/deque_dequeMapper/banks_0_reg_2_bram_15 (implemented as a Block RAM) might be sub-optimal as no optional output register could be merged into the ram block. Providing additional output register may help in improving timing.
INFO: [Synth 8-7052] The timing for the instance pifoEngines_4/deque_dequeMapper/banks_0_reg_2_bram_23 (implemented as a Block RAM) might be sub-optimal as no optional output register could be merged into the ram block. Providing additional output register may help in improving timing.
INFO: [Synth 8-7052] The timing for the instance pifoEngines_4/deque_dequeMapper/banks_0_reg_2_bram_31 (implemented as a Block RAM) might be sub-optimal as no optional output register could be merged into the ram block. Providing additional output register may help in improving timing.
INFO: [Synth 8-7052] The timing for the instance pifoEngines_4/deque_dequeMapper/banks_0_reg_2_bram_35 (implemented as a Block RAM) might be sub-optimal as no optional output register could be merged into the ram block. Providing additional output register may help in improving timing.
INFO: [Synth 8-7052] The timing for the instance pifoEngines_0/enque_brain/engineCAM/ram_reg_bram_7 (implemented as a Block RAM) might be sub-optimal as no optional output register could be merged into the ram block. Providing additional output register may help in improving timing.
INFO: [Synth 8-7052] The timing for the instance pifoEngines_0/enque_brain/engineCAM/ram_reg_bram_15 (implemented as a Block RAM) might be sub-optimal as no optional output register could be merged into the ram block. Providing additional output register may help in improving timing.
INFO: [Synth 8-7052] The timing for the instance pifoEngines_0/enque_brain/engineCAM/ram_reg_bram_23 (implemented as a Block RAM) might be sub-optimal as no optional output register could be merged into the ram block. Providing additional output register may help in improving timing.
INFO: [Synth 8-7052] The timing for the instance pifoEngines_0/enque_brain/engineCAM/ram_reg_bram_31 (implemented as a Block RAM) might be sub-optimal as no optional output register could be merged into the ram block. Providing additional output register may help in improving timing.
INFO: [Synth 8-7052] The timing for the instance pifoEngines_0/enque_brain/engineCAM/ram_reg_bram_39 (implemented as a Block RAM) might be sub-optimal as no optional output register could be merged into the ram block. Providing additional output register may help in improving timing.
INFO: [Synth 8-7052] The timing for the instance pifoEngines_0/enque_brain/engineCAM/ram_reg_bram_47 (implemented as a Block RAM) might be sub-optimal as no optional output register could be merged into the ram block. Providing additional output register may help in improving timing.
INFO: [Synth 8-7052] The timing for the instance pifoEngines_0/enque_brain/engineCAM/ram_reg_bram_55 (implemented as a Block RAM) might be sub-optimal as no optional output register could be merged into the ram block. Providing additional output register may help in improving timing.
INFO: [Synth 8-7052] The timing for the instance pifoEngines_0/enque_brain/engineCAM/ram_reg_bram_63 (implemented as a Block RAM) might be sub-optimal as no optional output register could be merged into the ram block. Providing additional output register may help in improving timing.
INFO: [Synth 8-7052] The timing for the instance pifoEngines_0/deque_dequeMapper/banks_1_reg_1_bram_7 (implemented as a Block RAM) might be sub-optimal as no optional output register could be merged into the ram block. Providing additional output register may help in improving timing.
INFO: [Synth 8-7052] The timing for the instance pifoEngines_0/deque_dequeMapper/banks_1_reg_1_bram_15 (implemented as a Block RAM) might be sub-optimal as no optional output register could be merged into the ram block. Providing additional output register may help in improving timing.
INFO: [Synth 8-7052] The timing for the instance pifoEngines_0/deque_dequeMapper/banks_1_reg_1_bram_23 (implemented as a Block RAM) might be sub-optimal as no optional output register could be merged into the ram block. Providing additional output register may help in improving timing.
INFO: [Synth 8-7052] The timing for the instance pifoEngines_0/deque_dequeMapper/banks_1_reg_1_bram_31 (implemented as a Block RAM) might be sub-optimal as no optional output register could be merged into the ram block. Providing additional output register may help in improving timing.
INFO: [Synth 8-7052] The timing for the instance pifoEngines_0/deque_dequeMapper/banks_1_reg_1_bram_35 (implemented as a Block RAM) might be sub-optimal as no optional output register could be merged into the ram block. Providing additional output register may help in improving timing.
INFO: [Synth 8-7052] The timing for the instance pifoEngines_0/deque_dequeMapper/banks_1_reg_2_bram_7 (implemented as a Block RAM) might be sub-optimal as no optional output register could be merged into the ram block. Providing additional output register may help in improving timing.
INFO: [Synth 8-7052] The timing for the instance pifoEngines_0/deque_dequeMapper/banks_1_reg_2_bram_15 (implemented as a Block RAM) might be sub-optimal as no optional output register could be merged into the ram block. Providing additional output register may help in improving timing.
INFO: [Synth 8-7052] The timing for the instance pifoEngines_0/deque_dequeMapper/banks_1_reg_2_bram_23 (implemented as a Block RAM) might be sub-optimal as no optional output register could be merged into the ram block. Providing additional output register may help in improving timing.
INFO: [Common 17-14] Message 'Synth 8-7052' appears 100 times and further instances of the messages will be disabled. Use the Tcl command set_msg_config to change the current settings.
---------------------------------------------------------------------------------
Finished Technology Mapping : Time (s): cpu = 00:02:22 ; elapsed = 00:02:24 . Memory (MB): peak = 4087.781 ; gain = 1442.973 ; free physical = 161267 ; free virtual = 186228
---------------------------------------------------------------------------------
---------------------------------------------------------------------------------
Start IO Insertion
---------------------------------------------------------------------------------
---------------------------------------------------------------------------------
Start Flattening Before IO Insertion
---------------------------------------------------------------------------------
---------------------------------------------------------------------------------
Finished Flattening Before IO Insertion
---------------------------------------------------------------------------------
---------------------------------------------------------------------------------
Start Final Netlist Cleanup
---------------------------------------------------------------------------------
---------------------------------------------------------------------------------
Finished Final Netlist Cleanup
---------------------------------------------------------------------------------
---------------------------------------------------------------------------------
Finished IO Insertion : Time (s): cpu = 00:02:29 ; elapsed = 00:02:31 . Memory (MB): peak = 4087.781 ; gain = 1442.973 ; free physical = 158662 ; free virtual = 184264
---------------------------------------------------------------------------------
---------------------------------------------------------------------------------
Start Renaming Generated Instances
---------------------------------------------------------------------------------
---------------------------------------------------------------------------------
Finished Renaming Generated Instances : Time (s): cpu = 00:02:29 ; elapsed = 00:02:31 . Memory (MB): peak = 4087.781 ; gain = 1442.973 ; free physical = 158611 ; free virtual = 184213
---------------------------------------------------------------------------------
---------------------------------------------------------------------------------
Start Rebuilding User Hierarchy
---------------------------------------------------------------------------------
---------------------------------------------------------------------------------
Finished Rebuilding User Hierarchy : Time (s): cpu = 00:02:30 ; elapsed = 00:02:32 . Memory (MB): peak = 4087.781 ; gain = 1442.973 ; free physical = 157294 ; free virtual = 183021
---------------------------------------------------------------------------------
---------------------------------------------------------------------------------
Start Renaming Generated Ports
---------------------------------------------------------------------------------
---------------------------------------------------------------------------------
Finished Renaming Generated Ports : Time (s): cpu = 00:02:30 ; elapsed = 00:02:32 . Memory (MB): peak = 4087.781 ; gain = 1442.973 ; free physical = 156930 ; free virtual = 182657
---------------------------------------------------------------------------------
---------------------------------------------------------------------------------
Start Handling Custom Attributes
---------------------------------------------------------------------------------
---------------------------------------------------------------------------------
Finished Handling Custom Attributes : Time (s): cpu = 00:02:30 ; elapsed = 00:02:32 . Memory (MB): peak = 4087.781 ; gain = 1442.973 ; free physical = 156915 ; free virtual = 182643
---------------------------------------------------------------------------------
---------------------------------------------------------------------------------
Start Renaming Generated Nets
---------------------------------------------------------------------------------
---------------------------------------------------------------------------------
Finished Renaming Generated Nets : Time (s): cpu = 00:02:30 ; elapsed = 00:02:32 . Memory (MB): peak = 4087.781 ; gain = 1442.973 ; free physical = 156872 ; free virtual = 182599
---------------------------------------------------------------------------------
---------------------------------------------------------------------------------
Start Writing Synthesis Report
---------------------------------------------------------------------------------

Report BlackBoxes: 
+-+--------------+----------+
| |BlackBox name |Instances |
+-+--------------+----------+
+-+--------------+----------+

Report Cell Usage: 
+------+----------+------+
|      |Cell      |Count |
+------+----------+------+
|1     |CARRY8    |    15|
|2     |LUT1      |   104|
|3     |LUT2      |   406|
|4     |LUT3      |  1231|
|5     |LUT4      |  1289|
|6     |LUT5      |  2872|
|7     |LUT6      |  7774|
|8     |MUXF7     |  1265|
|9     |MUXF8     |   560|
|10    |RAM128X1D |    10|
|11    |RAM16X1D  |    10|
|12    |RAM32M    |     5|
|13    |RAM32M16  |    49|
|14    |RAM32X1D  |    10|
|15    |RAM64M8   |    70|
|16    |RAM64X1D  |    10|
|17    |RAMB36E2  |  1040|
|26    |FDCE      |  8011|
|27    |FDPE      |    73|
|28    |FDRE      |   623|
+------+----------+------+
---------------------------------------------------------------------------------
Finished Writing Synthesis Report : Time (s): cpu = 00:02:30 ; elapsed = 00:02:32 . Memory (MB): peak = 4087.781 ; gain = 1442.973 ; free physical = 156869 ; free virtual = 182596
---------------------------------------------------------------------------------
Synthesis finished with 0 errors, 0 critical warnings and 0 warnings.
Synthesis Optimization Runtime : Time (s): cpu = 00:02:21 ; elapsed = 00:02:25 . Memory (MB): peak = 4087.781 ; gain = 1402.918 ; free physical = 156592 ; free virtual = 182319
Synthesis Optimization Complete : Time (s): cpu = 00:02:31 ; elapsed = 00:02:33 . Memory (MB): peak = 4087.781 ; gain = 1442.973 ; free physical = 156592 ; free virtual = 182319
INFO: [Project 1-571] Translating synthesized netlist
Netlist sorting complete. Time (s): cpu = 00:00:00.43 ; elapsed = 00:00:00.43 . Memory (MB): peak = 4087.781 ; gain = 0.000 ; free physical = 155817 ; free virtual = 182198
INFO: [Netlist 29-17] Analyzing 2004 Unisim elements for replacement
INFO: [Netlist 29-28] Unisim Transformation completed in 0 CPU seconds
INFO: [Project 1-570] Preparing netlist for logic optimization
Parsing XDC File [/data/work/rio-synthesis/hardware-overhead/rio-only-pe5-v128-c1024-dynamic-vivado/pifo.xdc]
Finished Parsing XDC File [/data/work/rio-synthesis/hardware-overhead/rio-only-pe5-v128-c1024-dynamic-vivado/pifo.xdc]
INFO: [Opt 31-138] Pushed 0 inverter(s) to 0 load pin(s).
Netlist sorting complete. Time (s): cpu = 00:00:00.01 ; elapsed = 00:00:00.01 . Memory (MB): peak = 4087.781 ; gain = 0.000 ; free physical = 162672 ; free virtual = 188782
INFO: [Project 1-111] Unisim Transformation Summary:
  A total of 164 instances were transformed.
  RAM128X1D => RAM128X1D (MUXF7(x2), RAMD64E(x4)): 10 instances
  RAM16X1D => RAM32X1D (RAMD32(x2)): 10 instances
  RAM32M => RAM32M (RAMD32(x6), RAMS32(x2)): 5 instances
  RAM32M16 => RAM32M16 (RAMD32(x14), RAMS32(x2)): 49 instances
  RAM32X1D => RAM32X1D (RAMD32(x2)): 10 instances
  RAM64M8 => RAM64M8 (RAMD64E(x8)): 70 instances
  RAM64X1D => RAM64X1D (RAMD64E(x2)): 10 instances

Synth Design complete | Checksum: 45f0240d
INFO: [Common 17-83] Releasing license: Synthesis
424 Infos, 96 Warnings, 0 Critical Warnings and 0 Errors encountered.
synth_design completed successfully
synth_design: Time (s): cpu = 00:02:56 ; elapsed = 00:02:56 . Memory (MB): peak = 4087.781 ; gain = 2503.066 ; free physical = 161938 ; free virtual = 188056
INFO: [Common 17-2834] synth_design peak Physical Memory [PSS] (MB): overall = 3202.750; main = 2988.695; forked = 225.747
INFO: [Common 17-2834] synth_design peak Virtual Memory [VSS] (MB): overall = 5074.441; main = 4087.785; forked = 986.656
# write_checkpoint -force [file join $build_dir pifo_synth.dcp]
INFO: [Timing 38-35] Done setting XDC timing constraints.
INFO: [Timing 38-480] Writing timing data to binary archive.
Write ShapeDB Complete: Time (s): cpu = 00:00:00.27 ; elapsed = 00:00:00.08 . Memory (MB): peak = 4175.824 ; gain = 0.000 ; free physical = 160024 ; free virtual = 188514
INFO: [Common 17-1381] The checkpoint '/data/work/rio-synthesis/hardware-overhead/rio-only-pe5-v128-c1024-dynamic-vivado/pifo_synth.dcp' has been generated.
write_checkpoint: Time (s): cpu = 00:00:19 ; elapsed = 00:00:13 . Memory (MB): peak = 4175.824 ; gain = 88.043 ; free physical = 158657 ; free virtual = 186696
# report_utilization -file [file join $report_dir utilization.rpt]
# report_utilization -hierarchical -hierarchical_depth 5 -file [file join $report_dir utilization-hierarchy.rpt]
# report_ram_utilization -file [file join $report_dir ram-utilization.rpt]
report_ram_utilization: Time (s): cpu = 00:00:00 ; elapsed = 00:00:00 . Memory (MB): peak = 4175.824 ; gain = 0.000 ; free physical = 158022 ; free virtual = 186575
# set blackboxes [get_cells -hierarchical -quiet -filter {IS_BLACKBOX == 1}]
# if {[llength $blackboxes] != 0} {
#     error "Unresolved blackboxes after synthesis: $blackboxes"
# }
# set primitive_counts [dict create]
# foreach cell [get_cells -hierarchical -quiet -filter {IS_PRIMITIVE == 1}] {
#     dict incr primitive_counts [get_property REF_NAME $cell]
# }
# set counts [open [file join $report_dir primitive-counts.tsv] w]
# puts $counts "primitive\tcount"
# foreach name [lsort [dict keys $primitive_counts]] {
#     puts $counts "$name\t[dict get $primitive_counts $name]"
# }
# close $counts
# set complete [open [file join $build_dir synthesis_complete.txt] w]
# puts $complete "Vivado [version -short]; $part; PifoMesh; out_of_context; [clock format [clock seconds]]"
# close $complete
# puts "PIFO_SYNTHESIS_COMPLETE: $report_dir"
PIFO_SYNTHESIS_COMPLETE: /data/work/rio-synthesis/hardware-overhead/rio-only-pe5-v128-c1024-dynamic-vivado/reports
INFO: [Common 17-206] Exiting Vivado at Sun Sep  6 22:59:04 2026...
