request_id,global_flow_id,size_bytes,arrival_cycle,admitted_cycle,completed_cycle,admission_delay_cycles,sojourn_cycles
1,1,48,0,1,24,1,24
3,3,48,5,7,27,2,22
5,1,48,11,12,30,1,19
4,4,48,8,10,33,2,25
9,1,48,22,23,36,1,14
7,3,48,16,17,39,1,23
2,2,48,3,4,42,1,39
8,4,48,19,21,45,2,26
13,1,48,33,34,48,1,15
11,3,48,27,28,51,1,24
6,2,48,14,16,54,2,40
12,4,48,30,31,57,1,27
17,1,48,44,46,60,2,16
15,3,48,38,39,63,1,25
10,2,48,25,26,66,1,41
16,4,48,41,43,69,2,28
21,1,48,55,56,72,1,17
19,3,48,49,51,75,2,26
25,1,48,65,67,78,2,13
20,4,48,52,53,81,1,29
14,2,48,36,37,84,1,48
23,3,48,60,61,87,1,27
29,1,48,76,78,90,2,14
24,4,48,63,64,93,1,30
18,2,48,47,48,96,1,49
27,3,48,70,71,99,1,29
33,1,48,87,88,102,1,15
28,4,48,73,74,105,1,32
22,2,48,58,60,108,2,50
31,3,48,81,83,111,2,30
37,1,48,98,100,114,2,16
32,4,48,84,85,117,1,33
26,2,48,68,70,120,2,52
35,3,48,92,94,123,2,31
41,1,48,109,111,126,2,17
36,4,48,95,96,129,1,34
45,1,48,120,121,132,1,12
39,3,48,103,104,135,1,32
30,2,48,79,80,138,1,59
40,4,48,106,107,141,1,35
49,1,48,131,133,144,2,13
43,3,48,114,116,147,2,33
34,2,48,90,91,150,1,60
44,4,48,117,118,153,1,36
53,1,48,142,144,156,2,14
47,3,48,125,127,159,2,34
38,2,48,101,103,162,2,61
48,4,48,128,129,165,1,37
57,1,48,153,154,168,1,15
51,3,48,136,137,171,1,35
42,2,48,112,113,174,1,62
52,4,48,139,140,177,1,38
61,1,48,164,166,180,2,16
55,3,48,147,149,183,2,36
46,2,48,123,124,186,1,63
56,4,48,150,151,189,1,39
65,1,48,175,177,192,2,17
59,3,48,158,160,195,2,37
69,1,48,185,186,198,1,13
60,4,48,161,162,201,1,40
50,2,48,134,136,204,2,70
63,3,48,169,170,207,1,38
73,1,48,196,197,210,1,14
64,4,48,172,173,213,1,41
54,2,48,145,146,216,1,71
67,3,48,180,182,219,2,39
77,1,48,207,208,222,1,15
68,4,48,183,184,225,1,42
58,2,48,156,157,228,1,72
71,3,48,190,191,231,1,41
81,1,48,218,220,234,2,16
72,4,48,193,195,237,2,44
62,2,48,167,169,240,2,73
75,3,48,201,202,243,1,42
85,1,48,229,230,246,1,17
76,4,48,204,205,249,1,45
89,1,48,240,241,252,1,12
79,3,48,212,213,255,1,43
66,2,48,178,179,258,1,80
80,4,48,215,217,261,2,46
93,1,48,251,253,264,2,13
83,3,48,223,225,267,2,44
70,2,48,188,190,270,2,82
84,4,48,226,227,273,1,47
97,1,48,262,263,276,1,14
87,3,48,234,235,279,1,45
74,2,48,199,200,282,1,83
88,4,48,237,238,285,1,48
101,1,48,273,274,288,1,15
91,3,48,245,246,291,1,46
78,2,48,210,211,294,1,84
92,4,48,248,250,297,2,49
105,1,48,284,286,300,2,16
95,3,48,256,258,303,2,47
82,2,48,221,222,306,1,85
96,4,48,259,260,309,1,50
109,1,48,295,296,312,1,17
99,3,48,267,268,315,1,48
113,1,48,305,307,318,2,13
100,4,48,270,271,321,1,51
86,2,48,232,234,324,2,92
103,3,48,278,279,327,1,49
117,1,48,316,318,330,2,14
104,4,48,281,283,333,2,52
90,2,48,243,244,336,1,93
107,3,48,289,291,339,2,50
121,1,48,327,328,342,1,15
108,4,48,292,293,345,1,53
94,2,48,254,255,348,1,94
111,3,48,300,301,351,1,51
125,1,48,338,340,354,2,16
112,4,48,303,304,357,1,54
98,2,48,265,267,360,2,95
115,3,48,310,311,363,1,53
129,1,48,349,351,366,2,17
116,4,48,313,314,369,1,56
133,1,48,360,361,372,1,12
119,3,48,321,323,375,2,54
102,2,48,276,277,378,1,102
120,4,48,324,325,381,1,57
137,1,48,371,373,384,2,13
123,3,48,332,334,387,2,55
106,2,48,287,288,390,1,103
124,4,48,335,336,393,1,58
141,1,48,382,384,396,2,14
127,3,48,343,344,399,1,56
110,2,48,298,300,402,2,104
128,4,48,346,347,405,1,59
145,1,48,393,394,408,1,15
131,3,48,354,356,411,2,57
114,2,48,308,310,414,2,106
132,4,48,357,358,417,1,60
149,1,48,404,406,420,2,16
135,3,48,365,367,423,2,58
118,2,48,319,320,426,1,107
136,4,48,368,369,429,1,61
153,1,48,415,417,432,2,17
139,3,48,376,377,435,1,59
157,1,48,425,426,438,1,13
140,4,48,379,380,441,1,62
122,2,48,330,331,444,1,114
143,3,48,387,389,447,2,60
161,1,48,436,437,450,1,14
144,4,48,390,391,453,1,63
126,2,48,341,343,456,2,115
147,3,48,398,400,459,2,61
165,1,48,447,448,462,1,15
148,4,48,401,402,465,1,64
130,2,48,352,353,468,1,116
151,3,48,409,410,471,1,62
169,1,48,458,460,474,2,16
152,4,48,412,413,477,1,65
134,2,48,363,364,480,1,117
155,3,48,420,422,483,2,63
173,1,48,469,470,486,1,17
156,4,48,423,424,489,1,66
177,1,48,480,481,492,1,12
159,3,48,430,431,495,1,65
138,2,48,374,376,498,2,124
160,4,48,433,435,501,2,68
181,1,48,491,493,504,2,13
163,3,48,441,442,507,1,66
142,2,48,385,386,510,1,125
164,4,48,444,445,513,1,69
185,1,48,502,503,516,1,14
167,3,48,452,453,519,1,67
146,2,48,396,397,522,1,126
168,4,48,455,457,525,2,70
189,1,48,513,514,528,1,15
171,3,48,463,465,531,2,68
150,2,48,407,409,534,2,127
172,4,48,466,467,537,1,71
193,1,48,524,526,540,2,16
175,3,48,474,475,543,1,69
154,2,48,418,419,546,1,128
176,4,48,477,478,549,1,72
197,1,48,535,536,552,1,17
179,3,48,485,486,555,1,70
201,1,48,545,547,558,2,13
180,4,48,488,490,561,2,73
158,2,48,428,430,564,2,136
183,3,48,496,498,567,2,71
205,1,48,556,558,570,2,14
184,4,48,499,500,573,1,74
162,2,48,439,440,576,1,137
187,3,48,507,508,579,1,72
209,1,48,567,568,582,1,15
188,4,48,510,511,585,1,75
166,2,48,450,451,588,1,138
191,3,48,518,519,591,1,73
213,1,48,578,580,594,2,16
192,4,48,521,523,597,2,76
170,2,48,461,462,600,1,139
195,3,48,529,531,603,2,74
217,1,48,589,591,606,2,17
196,4,48,532,533,609,1,77
221,1,48,600,601,612,1,12
199,3,48,540,541,615,1,75
174,2,48,472,474,618,2,146
200,4,48,543,544,621,1,78
225,1,48,611,613,624,2,13
203,3,48,550,551,627,1,77
178,2,48,483,484,630,1,147
204,4,48,553,554,633,1,80
229,1,48,622,624,636,2,14
207,3,48,561,563,639,2,78
182,2,48,494,495,642,1,148
208,4,48,564,565,645,1,81
233,1,48,633,634,648,1,15
211,3,48,572,574,651,2,79
186,2,48,505,507,654,2,149
212,4,48,575,576,657,1,82
237,1,48,644,646,660,2,16
215,3,48,583,584,663,1,80
190,2,48,516,517,666,1,150
216,4,48,586,587,669,1,83
241,1,48,655,657,672,2,17
219,3,48,594,596,675,2,81
245,1,48,665,666,678,1,13
220,4,48,597,598,681,1,84
194,2,48,527,528,684,1,157
223,3,48,605,607,687,2,82
249,1,48,676,677,690,1,14
224,4,48,608,609,693,1,85
198,2,48,538,540,696,2,158
227,3,48,616,617,699,1,83
253,1,48,687,688,702,1,15
228,4,48,619,620,705,1,86
202,2,48,548,550,708,2,160
231,3,48,627,629,711,2,84
257,1,48,698,700,714,2,16
232,4,48,630,631,717,1,87
206,2,48,559,560,720,1,161
235,3,48,638,640,723,2,85
261,1,48,709,710,726,1,17
236,4,48,641,642,729,1,88
265,1,48,720,721,732,1,12
239,3,48,649,650,735,1,86
210,2,48,570,571,738,1,168
240,4,48,652,653,741,1,89
269,1,48,731,733,744,2,13
243,3,48,660,662,747,2,87
214,2,48,581,583,750,2,169
244,4,48,663,664,753,1,90
273,1,48,742,743,756,1,14
247,3,48,670,671,759,1,89
218,2,48,592,593,762,1,170
248,4,48,673,675,765,2,92
277,1,48,753,754,768,1,15
251,3,48,681,682,771,1,90
222,2,48,603,604,774,1,171
252,4,48,684,685,777,1,93
281,1,48,764,766,780,2,16
255,3,48,692,693,783,1,91
226,2,48,614,616,786,2,172
256,4,48,695,697,789,2,94
285,1,48,775,776,792,1,17
259,3,48,703,705,795,2,92
289,1,48,785,787,798,2,13
260,4,48,706,707,801,1,95
230,2,48,625,626,804,1,179
263,3,48,714,715,807,1,93
293,1,48,796,798,810,2,14
264,4,48,717,718,813,1,96
234,2,48,636,637,816,1,180
267,3,48,725,726,819,1,94
297,1,48,807,808,822,1,15
268,4,48,728,730,825,2,97
238,2,48,647,649,828,2,181
271,3,48,736,738,831,2,95
301,1,48,818,820,834,2,16
272,4,48,739,740,837,1,98
242,2,48,658,659,840,1,182
275,3,48,747,748,843,1,96
305,1,48,829,831,846,2,17
276,4,48,750,751,849,1,99
309,1,48,840,841,852,1,12
279,3,48,758,759,855,1,97
246,2,48,668,670,858,2,190
280,4,48,761,763,861,2,100
313,1,48,851,853,864,2,13
283,3,48,769,771,867,2,98
250,2,48,679,680,870,1,191
284,4,48,772,773,873,1,101
317,1,48,862,864,876,2,14
287,3,48,780,781,879,1,99
254,2,48,690,691,882,1,192
288,4,48,783,784,885,1,102
321,1,48,873,874,888,1,15
291,3,48,790,791,891,1,101
258,2,48,701,702,894,1,193
292,4,48,793,794,897,1,104
325,1,48,884,886,900,2,16
295,3,48,801,803,903,2,102
262,2,48,712,714,906,2,194
296,4,48,804,805,909,1,105
329,1,48,895,897,912,2,17
299,3,48,812,814,915,2,103
333,1,48,905,906,918,1,13
300,4,48,815,816,921,1,106
266,2,48,723,724,924,1,201
303,3,48,823,824,927,1,104
337,1,48,916,917,930,1,14
304,4,48,826,827,933,1,107
270,2,48,734,735,936,1,202
307,3,48,834,836,939,2,105
341,1,48,927,928,942,1,15
308,4,48,837,838,945,1,108
274,2,48,745,747,948,2,203
311,3,48,845,847,951,2,106
345,1,48,938,940,954,2,16
312,4,48,848,849,957,1,109
278,2,48,756,757,960,1,204
315,3,48,856,857,963,1,107
349,1,48,949,950,966,1,17
316,4,48,859,860,969,1,110
353,1,48,960,961,972,1,12
319,3,48,867,869,975,2,108
282,2,48,767,768,978,1,211
320,4,48,870,871,981,1,111
357,1,48,971,973,984,2,13
323,3,48,878,880,987,2,109
286,2,48,778,780,990,2,212
324,4,48,881,882,993,1,112
361,1,48,982,983,996,1,14
327,3,48,889,890,999,1,110
290,2,48,788,790,1002,2,214
328,4,48,892,893,1005,1,113
365,1,48,993,994,1008,1,15
331,3,48,900,902,1011,2,111
294,2,48,799,800,1014,1,215
332,4,48,903,904,1017,1,114
369,1,48,1004,1006,1020,2,16
335,3,48,910,911,1023,1,113
298,2,48,810,811,1026,1,216
336,4,48,913,915,1029,2,116
373,1,48,1015,1016,1032,1,17
339,3,48,921,922,1035,1,114
377,1,48,1025,1027,1038,2,13
340,4,48,924,925,1041,1,117
302,2,48,821,823,1044,2,223
343,3,48,932,933,1047,1,115
381,1,48,1036,1038,1050,2,14
344,4,48,935,937,1053,2,118
306,2,48,832,833,1056,1,224
347,3,48,943,945,1059,2,116
385,1,48,1047,1048,1062,1,15
348,4,48,946,947,1065,1,119
310,2,48,843,844,1068,1,225
351,3,48,954,955,1071,1,117
389,1,48,1058,1060,1074,2,16
352,4,48,957,958,1077,1,120
314,2,48,854,856,1080,2,226
355,3,48,965,966,1083,1,118
393,1,48,1069,1071,1086,2,17
356,4,48,968,970,1089,2,121
397,1,48,1080,1081,1092,1,12
359,3,48,976,978,1095,2,119
318,2,48,865,866,1098,1,233
360,4,48,979,980,1101,1,122
401,1,48,1091,1093,1104,2,13
363,3,48,987,988,1107,1,120
322,2,48,876,877,1110,1,234
364,4,48,990,991,1113,1,123
405,1,48,1102,1104,1116,2,14
367,3,48,998,999,1119,1,121
326,2,48,887,889,1122,2,235
368,4,48,1001,1003,1125,2,124
409,1,48,1113,1114,1128,1,15
371,3,48,1009,1011,1131,2,122
330,2,48,898,899,1134,1,236
372,4,48,1012,1013,1137,1,125
413,1,48,1124,1126,1140,2,16
375,3,48,1020,1021,1143,1,123
334,2,48,908,910,1146,2,238
376,4,48,1023,1024,1149,1,126
417,1,48,1135,1137,1152,2,17
379,3,48,1030,1031,1155,1,125
421,1,48,1145,1146,1158,1,13
380,4,48,1033,1034,1161,1,128
338,2,48,919,920,1164,1,245
383,3,48,1041,1043,1167,2,126
425,1,48,1156,1157,1170,1,14
384,4,48,1044,1045,1173,1,129
342,2,48,930,931,1176,1,246
387,3,48,1052,1054,1179,2,127
429,1,48,1167,1168,1182,1,15
388,4,48,1055,1056,1185,1,130
346,2,48,941,942,1188,1,247
391,3,48,1063,1064,1191,1,128
433,1,48,1178,1180,1194,2,16
392,4,48,1066,1067,1197,1,131
350,2,48,952,954,1200,2,248
395,3,48,1074,1076,1203,2,129
437,1,48,1189,1190,1206,1,17
396,4,48,1077,1078,1209,1,132
441,1,48,1200,1201,1212,1,12
399,3,48,1085,1087,1215,2,130
354,2,48,963,964,1218,1,255
400,4,48,1088,1089,1221,1,133
445,1,48,1211,1213,1224,2,13
403,3,48,1096,1097,1227,1,131
358,2,48,974,975,1230,1,256
404,4,48,1099,1100,1233,1,134
449,1,48,1222,1223,1236,1,14
407,3,48,1107,1109,1239,2,132
362,2,48,985,987,1242,2,257
408,4,48,1110,1111,1245,1,135
453,1,48,1233,1234,1248,1,15
411,3,48,1118,1120,1251,2,133
366,2,48,996,997,1254,1,258
412,4,48,1121,1122,1257,1,136
457,1,48,1244,1246,1260,2,16
415,3,48,1129,1130,1263,1,134
370,2,48,1007,1008,1266,1,259
416,4,48,1132,1133,1269,1,137
461,1,48,1255,1256,1272,1,17
419,3,48,1140,1142,1275,2,135
465,1,48,1265,1267,1278,2,13
420,4,48,1143,1144,1281,1,138
374,2,48,1018,1020,1284,2,266
423,3,48,1150,1151,1287,1,137
469,1,48,1276,1278,1290,2,14
424,4,48,1153,1155,1293,2,140
378,2,48,1028,1030,1296,2,268
427,3,48,1161,1162,1299,1,138
473,1,48,1287,1288,1302,1,15
428,4,48,1164,1165,1305,1,141
382,2,48,1039,1040,1308,1,269
431,3,48,1172,1173,1311,1,139
477,1,48,1298,1300,1314,2,16
432,4,48,1175,1177,1317,2,142
386,2,48,1050,1051,1320,1,270
435,3,48,1183,1185,1323,2,140
481,1,48,1309,1311,1326,2,17
436,4,48,1186,1187,1329,1,143
485,1,48,1320,1321,1332,1,12
439,3,48,1194,1195,1335,1,141
390,2,48,1061,1063,1338,2,277
440,4,48,1197,1198,1341,1,144
489,1,48,1331,1333,1344,2,13
443,3,48,1205,1206,1347,1,142
394,2,48,1072,1073,1350,1,278
444,4,48,1208,1210,1353,2,145
493,1,48,1342,1344,1356,2,14
447,3,48,1216,1218,1359,2,143
398,2,48,1083,1084,1362,1,279
448,4,48,1219,1220,1365,1,146
497,1,48,1353,1354,1368,1,15
451,3,48,1227,1228,1371,1,144
402,2,48,1094,1096,1374,2,280
452,4,48,1230,1231,1377,1,147
501,1,48,1364,1366,1380,2,16
455,3,48,1238,1239,1383,1,145
406,2,48,1105,1106,1386,1,281
456,4,48,1241,1243,1389,2,148
505,1,48,1375,1377,1392,2,17
459,3,48,1249,1251,1395,2,146
509,1,48,1385,1386,1398,1,13
460,4,48,1252,1253,1401,1,149
410,2,48,1116,1117,1404,1,288
463,3,48,1260,1261,1407,1,147
513,1,48,1396,1397,1410,1,14
464,4,48,1263,1264,1413,1,150
414,2,48,1127,1129,1416,2,289
467,3,48,1270,1271,1419,1,149
517,1,48,1407,1408,1422,1,15
468,4,48,1273,1274,1425,1,152
418,2,48,1138,1139,1428,1,290
471,3,48,1281,1283,1431,2,150
521,1,48,1418,1420,1434,2,16
472,4,48,1284,1285,1437,1,153
422,2,48,1148,1150,1440,2,292
475,3,48,1292,1294,1443,2,151
525,1,48,1429,1430,1446,1,17
476,4,48,1295,1296,1449,1,154
529,1,48,1440,1441,1452,1,12
479,3,48,1303,1304,1455,1,152
426,2,48,1159,1160,1458,1,299
480,4,48,1306,1307,1461,1,155
533,1,48,1451,1453,1464,2,13
483,3,48,1314,1316,1467,2,153
430,2,48,1170,1171,1470,1,300
484,4,48,1317,1318,1473,1,156
537,1,48,1462,1463,1476,1,14
487,3,48,1325,1327,1479,2,154
434,2,48,1181,1182,1482,1,301
488,4,48,1328,1329,1485,1,157
541,1,48,1473,1474,1488,1,15
491,3,48,1336,1337,1491,1,155
438,2,48,1192,1194,1494,2,302
492,4,48,1339,1340,1497,1,158
545,1,48,1484,1486,1500,2,16
495,3,48,1347,1349,1503,2,156
442,2,48,1203,1204,1506,1,303
496,4,48,1350,1351,1509,1,159
549,1,48,1495,1496,1512,1,17
499,3,48,1358,1360,1515,2,157
553,1,48,1505,1507,1518,2,13
500,4,48,1361,1362,1521,1,160
446,2,48,1214,1215,1524,1,310
503,3,48,1369,1370,1527,1,158
557,1,48,1516,1518,1530,2,14
504,4,48,1372,1373,1533,1,161
450,2,48,1225,1227,1536,2,311
507,3,48,1380,1382,1539,2,159
561,1,48,1527,1528,1542,1,15
508,4,48,1383,1384,1545,1,162
454,2,48,1236,1237,1548,1,312
511,3,48,1390,1391,1551,1,161
565,1,48,1538,1540,1554,2,16
512,4,48,1393,1395,1557,2,164
458,2,48,1247,1248,1560,1,313
515,3,48,1401,1402,1563,1,162
569,1,48,1549,1551,1566,2,17
516,4,48,1404,1405,1569,1,165
573,1,48,1560,1561,1572,1,12
519,3,48,1412,1413,1575,1,163
462,2,48,1258,1260,1578,2,320
520,4,48,1415,1417,1581,2,166
577,1,48,1571,1573,1584,2,13
523,3,48,1423,1425,1587,2,164
466,2,48,1268,1270,1590,2,322
524,4,48,1426,1427,1593,1,167
581,1,48,1582,1584,1596,2,14
527,3,48,1434,1435,1599,1,165
470,2,48,1279,1280,1602,1,323
528,4,48,1437,1438,1605,1,168
585,1,48,1593,1594,1608,1,15
531,3,48,1445,1446,1611,1,166
474,2,48,1290,1291,1614,1,324
532,4,48,1448,1450,1617,2,169
589,1,48,1604,1606,1620,2,16
535,3,48,1456,1458,1623,2,167
478,2,48,1301,1303,1626,2,325
536,4,48,1459,1460,1629,1,170
593,1,48,1615,1617,1632,2,17
539,3,48,1467,1468,1635,1,168
597,1,48,1625,1626,1638,1,13
540,4,48,1470,1471,1641,1,171
482,2,48,1312,1313,1644,1,332
543,3,48,1478,1479,1647,1,169
601,1,48,1636,1637,1650,1,14
544,4,48,1481,1483,1653,2,172
486,2,48,1323,1324,1656,1,333
547,3,48,1489,1491,1659,2,170
605,1,48,1647,1648,1662,1,15
548,4,48,1492,1493,1665,1,173
490,2,48,1334,1336,1668,2,334
551,3,48,1500,1501,1671,1,171
609,1,48,1658,1660,1674,2,16
552,4,48,1503,1504,1677,1,174
494,2,48,1345,1346,1680,1,335
555,3,48,1510,1511,1683,1,173
613,1,48,1669,1670,1686,1,17
556,4,48,1513,1514,1689,1,176
617,1,48,1680,1681,1692,1,12
559,3,48,1521,1523,1695,2,174
498,2,48,1356,1357,1698,1,342
560,4,48,1524,1525,1701,1,177
621,1,48,1691,1693,1704,2,13
563,3,48,1532,1534,1707,2,175
502,2,48,1367,1369,1710,2,343
564,4,48,1535,1536,1713,1,178
625,1,48,1702,1703,1716,1,14
567,3,48,1543,1544,1719,1,176
506,2,48,1378,1379,1722,1,344
568,4,48,1546,1547,1725,1,179
629,1,48,1713,1714,1728,1,15
571,3,48,1554,1556,1731,2,177
510,2,48,1388,1390,1734,2,346
572,4,48,1557,1558,1737,1,180
633,1,48,1724,1726,1740,2,16
575,3,48,1565,1567,1743,2,178
514,2,48,1399,1400,1746,1,347
576,4,48,1568,1569,1749,1,181
637,1,48,1735,1736,1752,1,17
579,3,48,1576,1577,1755,1,179
641,1,48,1745,1747,1758,2,13
580,4,48,1579,1580,1761,1,182
518,2,48,1410,1411,1764,1,354
583,3,48,1587,1589,1767,2,180
645,1,48,1756,1758,1770,2,14
584,4,48,1590,1591,1773,1,183
522,2,48,1421,1422,1776,1,355
587,3,48,1598,1600,1779,2,181
649,1,48,1767,1768,1782,1,15
588,4,48,1601,1602,1785,1,184
526,2,48,1432,1434,1788,2,356
591,3,48,1609,1610,1791,1,182
653,1,48,1778,1780,1794,2,16
592,4,48,1612,1613,1797,1,185
530,2,48,1443,1444,1800,1,357
595,3,48,1620,1622,1803,2,183
657,1,48,1789,1791,1806,2,17
596,4,48,1623,1624,1809,1,186
661,1,48,1800,1801,1812,1,12
599,3,48,1630,1631,1815,1,185
534,2,48,1454,1455,1818,1,364
600,4,48,1633,1635,1821,2,188
665,1,48,1811,1813,1824,2,13
603,3,48,1641,1642,1827,1,186
538,2,48,1465,1467,1830,2,365
604,4,48,1644,1645,1833,1,189
669,1,48,1822,1824,1836,2,14
607,3,48,1652,1653,1839,1,187
542,2,48,1476,1477,1842,1,366
608,4,48,1655,1657,1845,2,190
673,1,48,1833,1834,1848,1,15
611,3,48,1663,1665,1851,2,188
546,2,48,1487,1488,1854,1,367
612,4,48,1666,1667,1857,1,191
677,1,48,1844,1846,1860,2,16
615,3,48,1674,1675,1863,1,189
550,2,48,1498,1500,1866,2,368
616,4,48,1677,1678,1869,1,192
681,1,48,1855,1857,1872,2,17
619,3,48,1685,1686,1875,1,190
685,1,48,1865,1866,1878,1,13
620,4,48,1688,1690,1881,2,193
554,2,48,1508,1510,1884,2,376
623,3,48,1696,1698,1887,2,191
689,1,48,1876,1877,1890,1,14
624,4,48,1699,1700,1893,1,194
558,2,48,1519,1520,1896,1,377
627,3,48,1707,1708,1899,1,192
693,1,48,1887,1888,1902,1,15
628,4,48,1710,1711,1905,1,195
562,2,48,1530,1531,1908,1,378
631,3,48,1718,1719,1911,1,193
697,1,48,1898,1900,1914,2,16
632,4,48,1721,1723,1917,2,196
566,2,48,1541,1543,1920,2,379
635,3,48,1729,1731,1923,2,194
701,1,48,1909,1910,1926,1,17
636,4,48,1732,1733,1929,1,197
705,1,48,1920,1921,1932,1,12
639,3,48,1740,1741,1935,1,195
570,2,48,1552,1553,1938,1,386
640,4,48,1743,1744,1941,1,198
709,1,48,1931,1933,1944,2,13
643,3,48,1750,1751,1947,1,197
574,2,48,1563,1564,1950,1,387
644,4,48,1753,1754,1953,1,200
713,1,48,1942,1943,1956,1,14
647,3,48,1761,1763,1959,2,198
578,2,48,1574,1576,1962,2,388
648,4,48,1764,1765,1965,1,201
717,1,48,1953,1954,1968,1,15
651,3,48,1772,1774,1971,2,199
582,2,48,1585,1586,1974,1,389
652,4,48,1775,1776,1977,1,202
721,1,48,1964,1966,1980,2,16
655,3,48,1783,1784,1983,1,200
586,2,48,1596,1597,1986,1,390
656,4,48,1786,1787,1989,1,203
725,1,48,1975,1976,1992,1,17
659,3,48,1794,1796,1995,2,201
729,1,48,1985,1987,1998,2,13
660,4,48,1797,1798,2001,1,204
590,2,48,1607,1609,2004,2,397
663,3,48,1805,1807,2007,2,202
733,1,48,1996,1998,2010,2,14
664,4,48,1808,1809,2013,1,205
594,2,48,1618,1619,2237,1,619
667,3,48,1816,1817,2240,1,424
598,2,48,1628,1630,2243,2,615
668,4,48,1819,1820,2246,1,427
602,2,48,1639,1640,2249,1,610
671,3,48,1827,1829,2252,2,425
606,2,48,1650,1651,2255,1,605
672,4,48,1830,1831,2258,1,428
610,2,48,1661,1662,2261,1,600
675,3,48,1838,1840,2264,2,426
614,2,48,1672,1674,2267,2,595
676,4,48,1841,1842,2270,1,429
618,2,48,1683,1684,2273,1,590
679,3,48,1849,1850,2276,1,427
622,2,48,1694,1695,2279,1,585
680,4,48,1852,1853,2282,1,430
626,2,48,1705,1707,2285,2,580
683,3,48,1860,1862,2288,2,428
630,2,48,1716,1717,2291,1,575
684,4,48,1863,1864,2294,1,431
634,2,48,1727,1728,2297,1,570
687,3,48,1870,1871,2300,1,430
638,2,48,1738,1740,2303,2,565
688,4,48,1873,1875,2306,2,433
642,2,48,1748,1750,2309,2,561
691,3,48,1881,1882,2312,1,431
646,2,48,1759,1760,2315,1,556
692,4,48,1884,1885,2318,1,434
650,2,48,1770,1771,2321,1,551
695,3,48,1892,1893,2324,1,432
654,2,48,1781,1783,2327,2,546
696,4,48,1895,1897,2330,2,435
658,2,48,1792,1793,2333,1,541
699,3,48,1903,1905,2336,2,433
662,2,48,1803,1804,2339,1,536
700,4,48,1906,1907,2342,1,436
666,2,48,1814,1816,2345,2,531
703,3,48,1914,1915,2348,1,434
670,2,48,1825,1826,2351,1,526
704,4,48,1917,1918,2354,1,437
674,2,48,1836,1837,2357,1,521
707,3,48,1925,1926,2360,1,435
678,2,48,1847,1849,2363,2,516
708,4,48,1928,1930,2366,2,438
682,2,48,1858,1859,2369,1,511
711,3,48,1936,1938,2372,2,436
686,2,48,1868,1870,2375,2,507
712,4,48,1939,1940,2378,1,439
690,2,48,1879,1880,2381,1,502
715,3,48,1947,1948,2384,1,437
694,2,48,1890,1891,2387,1,497
716,4,48,1950,1951,2390,1,440
698,2,48,1901,1902,2393,1,492
719,3,48,1958,1959,2396,1,438
702,2,48,1912,1914,2399,2,487
720,4,48,1961,1963,2402,2,441
706,2,48,1923,1924,2405,1,482
723,3,48,1969,1971,2408,2,439
710,2,48,1934,1935,2411,1,477
724,4,48,1972,1973,2414,1,442
714,2,48,1945,1947,2417,2,472
727,3,48,1980,1981,2420,1,440
718,2,48,1956,1957,2423,1,467
728,4,48,1983,1984,2426,1,443
722,2,48,1967,1968,2429,1,462
731,3,48,1990,1991,2432,1,442
726,2,48,1978,1980,2435,2,457
732,4,48,1993,1994,2438,1,445
730,2,48,1988,1990,2441,2,453
734,2,48,1999,2000,2444,1,445
735,1,48,2000,2219,2447,219,447
737,3,48,2005,2221,2450,216,445
739,5,48,2011,2223,2453,212,442
741,1,48,2016,2225,2456,209,440
738,4,48,2008,2222,2459,214,451
745,5,48,2027,2229,2462,202,435
747,1,48,2033,2231,2465,198,432
743,3,48,2021,2227,2468,206,447
751,5,48,2044,2235,2471,191,427
753,1,48,2049,2237,2474,188,425
744,4,48,2024,2228,2477,204,453
757,5,48,2060,2241,2480,181,420
759,1,48,2065,2243,2483,178,418
749,3,48,2038,2233,2486,195,448
763,5,48,2076,2247,2489,171,413
765,1,48,2082,2249,2492,167,410
750,4,48,2041,2234,2495,193,454
769,5,48,2093,2253,2498,160,405
771,1,48,2098,2255,2501,157,403
755,3,48,2054,2239,2504,185,450
775,5,48,2109,2259,2507,150,398
777,1,48,2115,2261,2510,146,395
756,4,48,2057,2240,2513,183,456
781,5,48,2126,2265,2516,139,390
783,1,48,2131,2267,2519,136,388
761,3,48,2070,2245,2522,175,452
787,5,48,2142,2271,2525,129,383
789,1,48,2147,2273,2528,126,381
762,4,48,2073,2246,2531,173,458
793,5,48,2158,2277,2534,119,376
795,1,48,2164,2279,2537,115,373
767,3,48,2087,2251,2540,164,453
799,5,48,2175,2283,2543,108,368
801,1,48,2180,2285,2546,105,366
768,4,48,2090,2252,2549,162,459
805,5,48,2191,2289,2552,98,361
807,1,48,2196,2291,2555,95,359
773,3,48,2103,2257,2558,154,455
811,5,48,2207,2295,2561,88,354
813,1,48,2213,2297,2564,84,351
774,4,48,2106,2258,2567,152,461
817,5,48,2224,2301,2570,77,346
819,1,48,2229,2303,2573,74,344
779,3,48,2120,2263,2576,143,456
823,5,48,2240,2307,2579,67,339
825,1,48,2245,2309,2582,64,337
780,4,48,2123,2264,2585,141,462
829,5,48,2256,2313,2588,57,332
831,1,48,2262,2315,2591,53,329
785,3,48,2136,2269,2594,133,458
835,5,48,2273,2319,2597,46,324
837,1,48,2278,2321,2600,43,322
786,4,48,2139,2270,2603,131,464
841,5,48,2289,2325,2606,36,317
843,1,48,2295,2327,2609,32,314
791,3,48,2152,2275,2612,123,460
847,5,48,2306,2331,2615,25,309
849,1,48,2311,2333,2618,22,307
792,4,48,2155,2276,2621,121,466
853,5,48,2322,2337,2624,15,302
855,1,48,2327,2339,2627,12,300
797,3,48,2169,2281,2630,112,461
859,5,48,2338,2343,2633,5,295
861,1,48,2344,2345,2636,1,292
798,4,48,2172,2282,2639,110,467
865,5,48,2355,2356,2642,1,287
867,1,48,2360,2361,2645,1,285
803,3,48,2185,2287,2648,102,463
871,5,48,2371,2373,2651,2,280
873,1,48,2376,2377,2654,1,278
804,4,48,2188,2288,2657,100,469
877,5,48,2387,2388,2660,1,273
879,1,48,2393,2394,2663,1,270
809,3,48,2201,2293,2666,92,465
883,5,48,2404,2406,2669,2,265
885,1,48,2409,2410,2672,1,263
810,4,48,2204,2294,2675,90,471
889,5,48,2420,2421,2678,1,258
891,1,48,2425,2427,2681,2,256
815,3,48,2218,2299,2684,81,466
895,5,48,2436,2438,2687,2,251
897,1,48,2442,2444,2690,2,248
816,4,48,2221,2300,2693,79,472
901,5,48,2453,2454,2696,1,243
903,1,48,2458,2460,2699,2,241
821,3,48,2234,2305,2702,71,468
907,5,48,2469,2471,2705,2,236
909,1,48,2475,2477,2708,2,233
822,4,48,2237,2306,2711,69,474
913,5,48,2486,2487,2714,1,228
915,1,48,2491,2493,2717,2,226
827,3,48,2250,2311,2720,61,470
919,5,48,2502,2503,2723,1,221
921,1,48,2507,2508,2726,1,219
828,4,48,2253,2312,2729,59,476
925,5,48,2518,2520,2732,2,214
927,1,48,2524,2526,2735,2,211
833,3,48,2267,2317,2738,50,471
931,5,48,2535,2537,2741,2,206
933,1,48,2540,2542,2744,2,204
834,4,48,2270,2318,2747,48,477
937,5,48,2551,2552,2750,1,199
939,1,48,2556,2558,2753,2,197
839,3,48,2283,2323,2756,40,473
943,5,48,2567,2568,2759,1,192
945,1,48,2573,2574,2762,1,189
840,4,48,2286,2324,2765,38,479
949,5,48,2584,2585,2768,1,184
951,1,48,2589,2590,2771,1,182
845,3,48,2300,2329,2774,29,474
955,5,48,2600,2601,2777,1,177
957,1,48,2605,2606,2780,1,175
846,4,48,2303,2330,2783,27,480
961,5,48,2616,2617,2786,1,170
963,1,48,2622,2624,2789,2,167
851,3,48,2316,2335,2792,19,476
967,5,48,2633,2634,2795,1,162
969,1,48,2638,2639,2798,1,160
852,4,48,2319,2336,2801,17,482
973,5,48,2649,2650,2804,1,155
975,1,48,2655,2657,2807,2,152
857,3,48,2332,2341,2810,9,478
979,5,48,2666,2667,2813,1,147
981,1,48,2671,2672,2816,1,145
858,4,48,2335,2342,2819,7,484
985,5,48,2682,2683,2822,1,140
987,1,48,2687,2688,2825,1,138
863,3,48,2349,2350,2828,1,479
991,5,48,2698,2699,2831,1,133
993,1,48,2704,2705,2834,1,130
864,4,48,2352,2354,2837,2,485
997,5,48,2715,2717,2840,2,125
999,1,48,2720,2721,2843,1,123
869,3,48,2365,2367,2846,2,481
1003,5,48,2731,2732,2849,1,118
1005,1,48,2736,2737,2852,1,116
870,4,48,2368,2370,2855,2,487
1009,5,48,2747,2748,2858,1,111
1011,1,48,2753,2755,2861,2,108
875,3,48,2381,2383,2864,2,483
1015,5,48,2764,2765,2867,1,103
1017,1,48,2769,2771,2870,2,101
876,4,48,2384,2385,2873,1,489
1021,5,48,2780,2781,2876,1,96
1023,1,48,2785,2786,2879,1,94
881,3,48,2398,2400,2882,2,484
1027,5,48,2796,2797,2885,1,89
1029,1,48,2802,2804,2888,2,86
882,4,48,2401,2403,2891,2,490
1033,5,48,2813,2814,2894,1,81
1035,1,48,2818,2819,2897,1,79
887,3,48,2414,2416,2900,2,486
1039,5,48,2829,2830,2903,1,74
1041,1,48,2835,2837,2906,2,71
888,4,48,2417,2418,2909,1,492
1045,5,48,2846,2847,2912,1,66
1047,1,48,2851,2852,2915,1,64
893,3,48,2430,2431,2918,1,488
1051,5,48,2862,2863,2921,1,59
1053,1,48,2867,2868,2924,1,57
894,4,48,2433,2434,2927,1,494
1057,5,48,2878,2879,2930,1,52
1059,1,48,2884,2885,2933,1,49
899,3,48,2447,2449,2936,2,489
1063,5,48,2895,2897,2939,2,44
1065,1,48,2900,2901,2942,1,42
900,4,48,2450,2451,2945,1,495
1069,5,48,2911,2912,2948,1,37
1071,1,48,2916,2917,2951,1,35
905,3,48,2463,2464,2954,1,491
1075,5,48,2927,2928,2957,1,30
1077,1,48,2933,2935,2960,2,27
906,4,48,2466,2467,2963,1,497
1081,5,48,2944,2945,2966,1,22
1083,1,48,2949,2951,2969,2,20
911,3,48,2480,2482,2972,2,492
740,6,48,2014,2224,2975,210,961
736,2,48,2003,2220,2978,217,975
912,4,48,2483,2484,2981,1,498
1087,5,48,2960,2961,2984,1,24
1089,1,48,2965,2966,2987,1,22
917,3,48,2496,2497,2990,1,494
1093,5,48,2976,2977,2993,1,17
742,2,48,2019,2226,2996,207,977
918,4,48,2499,2500,2999,1,500
746,6,48,2030,2230,3002,200,972
1095,1,48,2982,2984,3005,2,23
923,3,48,2512,2514,3008,2,496
1099,5,48,2993,2994,3011,1,18
1101,1,48,2998,2999,3014,1,16
924,4,48,2515,2517,3017,2,502
752,6,48,2047,2236,3020,189,973
748,2,48,2036,2232,3023,196,987
929,3,48,2529,2530,3026,1,497
1105,5,48,3009,3010,3029,1,20
1107,1,48,3015,3017,3032,2,17
930,4,48,2532,2534,3035,2,503
758,6,48,2063,2242,3038,179,975
754,2,48,2052,2238,3041,186,989
935,3,48,2545,2547,3044,2,499
1111,5,48,3026,3027,3047,1,21
1113,1,48,3031,3032,3050,1,19
936,4,48,2548,2549,3053,1,505
764,6,48,2079,2248,3056,169,977
760,2,48,2068,2244,3059,176,991
941,3,48,2561,2563,3062,2,501
1117,5,48,3042,3043,3065,1,23
1119,1,48,3047,3048,3068,1,21
942,4,48,2564,2565,3071,1,507
1123,5,48,3058,3059,3074,1,16
766,2,48,2085,2250,3077,165,992
947,3,48,2578,2579,3080,1,502
770,6,48,2096,2254,3083,158,987
1125,1,48,3064,3065,3086,1,22
948,4,48,2581,2582,3089,1,508
1129,5,48,3075,3077,3092,2,17
772,2,48,2101,2256,3095,155,994
953,3,48,2594,2595,3098,1,504
776,6,48,2112,2260,3101,148,989
1131,1,48,3080,3081,3104,1,24
954,4,48,2597,2599,3107,2,510
1135,5,48,3091,3092,3110,1,19
1137,1,48,3096,3097,3113,1,17
959,3,48,2610,2612,3116,2,506
782,6,48,2129,2266,3119,137,990
778,2,48,2118,2262,3122,144,1004
960,4,48,2613,2615,3125,2,512
1141,5,48,3107,3108,3128,1,21
1143,1,48,3113,3115,3131,2,18
965,3,48,2627,2629,3134,2,507
788,6,48,2145,2272,3137,127,992
784,2,48,2134,2268,3140,134,1006
966,4,48,2630,2631,3143,1,513
1147,5,48,3124,3125,3146,1,22
1149,1,48,3129,3131,3149,2,20
971,3,48,2643,2645,3152,2,509
794,6,48,2161,2278,3155,117,994
790,2,48,2150,2274,3158,124,1008
972,4,48,2646,2648,3161,2,515
1153,5,48,3140,3141,3164,1,24
1155,1,48,3145,3146,3167,1,22
977,3,48,2660,2662,3170,2,510
1159,5,48,3156,3157,3173,1,17
796,2,48,2167,2280,3176,113,1009
978,4,48,2663,2664,3179,1,516
800,6,48,2178,2284,3182,106,1004
1161,1,48,3162,3164,3185,2,23
983,3,48,2676,2678,3188,2,512
1165,5,48,3173,3174,3191,1,18
1167,1,48,3178,3179,3194,1,16
984,4,48,2679,2681,3197,2,518
806,6,48,2194,2290,3200,96,1006
802,2,48,2183,2286,3203,103,1020
989,3,48,2692,2693,3206,1,514
1171,5,48,3189,3190,3209,1,20
1173,1,48,3195,3197,3212,2,17
990,4,48,2695,2696,3215,1,520
812,6,48,2210,2296,3218,86,1008
808,2,48,2199,2292,3221,93,1022
995,3,48,2709,2711,3224,2,515
1177,5,48,3206,3207,3227,1,21
1179,1,48,3211,3212,3230,1,19
996,4,48,2712,2713,3233,1,521
818,6,48,2227,2302,3236,75,1009
814,2,48,2216,2298,3239,82,1023
1001,3,48,2725,2726,3242,1,517
1183,5,48,3222,3223,3245,1,23
1185,1,48,3227,3228,3248,1,21
1002,4,48,2728,2729,3251,1,523
1189,5,48,3238,3239,3254,1,16
820,2,48,2232,2304,3257,72,1025
1007,3,48,2741,2742,3260,1,519
824,6,48,2243,2308,3263,65,1020
1191,1,48,3244,3245,3266,1,22
1008,4,48,2744,2746,3269,2,525
1195,5,48,3255,3257,3272,2,17
826,2,48,2248,2310,3275,62,1027
1013,3,48,2758,2760,3278,2,520
830,6,48,2259,2314,3281,55,1022
1197,1,48,3260,3261,3284,1,24
1014,4,48,2761,2762,3287,1,526
1201,5,48,3271,3272,3290,1,19
1203,1,48,3276,3277,3293,1,17
1019,3,48,2774,2776,3296,2,522
836,6,48,2276,2320,3299,44,1023
832,2,48,2265,2316,3302,51,1037
1020,4,48,2777,2778,3305,1,528
1207,5,48,3287,3288,3308,1,21
1209,1,48,3293,3295,3311,2,18
1025,3,48,2790,2792,3314,2,524
842,6,48,2292,2326,3317,34,1025
838,2,48,2281,2322,3320,41,1039
1026,4,48,2793,2795,3323,2,530
1213,5,48,3304,3305,3326,1,22
1215,1,48,3309,3311,3329,2,20
1031,3,48,2807,2809,3332,2,525
848,6,48,2309,2332,3335,23,1026
844,2,48,2298,2328,3338,30,1040
1032,4,48,2810,2811,3341,1,531
1219,5,48,3320,3321,3344,1,24
1221,1,48,3325,3326,3347,1,22
1037,3,48,2823,2825,3350,2,527
1225,5,48,3336,3337,3353,1,17
850,2,48,2314,2334,3356,20,1042
1038,4,48,2826,2828,3359,2,533
854,6,48,2325,2338,3362,13,1037
1227,1,48,3342,3344,3365,2,23
1043,3,48,2840,2842,3368,2,528
1231,5,48,3353,3354,3371,1,18
1233,1,48,3358,3359,3374,1,16
1044,4,48,2843,2844,3377,1,534
860,6,48,2341,2344,3380,3,1039
856,2,48,2330,2340,3383,10,1053
1049,3,48,2856,2858,3386,2,530
1237,5,48,3369,3370,3389,1,20
1239,1,48,3375,3377,3392,2,17
1050,4,48,2859,2861,3395,2,536
866,6,48,2358,2360,3398,2,1040
862,2,48,2347,2348,3401,1,1054
1055,3,48,2872,2873,3404,1,532
1243,5,48,3386,3387,3407,1,21
1245,1,48,3391,3392,3410,1,19
1056,4,48,2875,2876,3413,1,538
872,6,48,2374,2376,3416,2,1042
868,2,48,2363,2364,3419,1,1056
1061,3,48,2889,2891,3422,2,533
1249,5,48,3402,3403,3425,1,23
1251,1,48,3407,3408,3428,1,21
1062,4,48,2892,2893,3431,1,539
1255,5,48,3418,3419,3434,1,16
874,2,48,2379,2380,3437,1,1058
1067,3,48,2905,2906,3440,1,535
878,6,48,2390,2391,3443,1,1053
1257,1,48,3424,3425,3446,1,22
1068,4,48,2908,2909,3449,1,541
1261,5,48,3435,3437,3452,2,17
880,2,48,2396,2397,3455,1,1059
1073,3,48,2921,2922,3458,1,537
884,6,48,2407,2409,3461,2,1054
1263,1,48,3440,3441,3464,1,24
1074,4,48,2924,2926,3467,2,543
1267,5,48,3451,3452,3470,1,19
1269,1,48,3456,3457,3473,1,17
1079,3,48,2938,2940,3476,2,538
890,6,48,2423,2424,3479,1,1056
886,2,48,2412,2413,3482,1,1070
1080,4,48,2941,2942,3485,1,544
1273,5,48,3467,3468,3488,1,21
1275,1,48,3473,3475,3491,2,18
1085,3,48,2954,2956,3494,2,540
896,6,48,2439,2440,3497,1,1058
892,2,48,2428,2430,3500,2,1072
1086,4,48,2957,2958,3503,1,546
1279,5,48,3484,3485,3506,1,22
1281,1,48,3489,3491,3509,2,20
1091,3,48,2970,2972,3512,2,542
902,6,48,2456,2457,3515,1,1059
898,2,48,2445,2446,3518,1,1073
1092,4,48,2973,2975,3521,2,548
1285,5,48,3500,3501,3524,1,24
1287,1,48,3505,3506,3527,1,22
1097,3,48,2987,2989,3530,2,543
1291,5,48,3516,3517,3533,1,17
904,2,48,2461,2463,3536,2,1075
1098,4,48,2990,2991,3539,1,549
908,6,48,2472,2473,3542,1,1070
1293,1,48,3522,3524,3545,2,23
1103,3,48,3003,3005,3548,2,545
1297,5,48,3533,3534,3551,1,18
1299,1,48,3538,3539,3554,1,16
1104,4,48,3006,3008,3557,2,551
914,6,48,2489,2490,3560,1,1071
910,2,48,2478,2479,3563,1,1085
1109,3,48,3020,3022,3566,2,546
1303,5,48,3549,3550,3569,1,20
1305,1,48,3555,3557,3572,2,17
1110,4,48,3023,3024,3575,1,552
920,6,48,2505,2507,3578,2,1073
916,2,48,2494,2496,3581,2,1087
1115,3,48,3036,3038,3584,2,548
1309,5,48,3566,3567,3587,1,21
1311,1,48,3571,3572,3590,1,19
1116,4,48,3039,3041,3593,2,554
926,6,48,2521,2523,3596,2,1075
922,2,48,2510,2511,3599,1,1089
1121,3,48,3052,3053,3602,1,550
1315,5,48,3582,3583,3605,1,23
1317,1,48,3587,3588,3608,1,21
1122,4,48,3055,3056,3611,1,556
1321,5,48,3598,3599,3614,1,16
928,2,48,2527,2529,3617,2,1090
1127,3,48,3069,3071,3620,2,551
932,6,48,2538,2539,3623,1,1085
1323,1,48,3604,3605,3626,1,22
1128,4,48,3072,3073,3629,1,557
1327,5,48,3615,3617,3632,2,17
934,2,48,2543,2544,3635,1,1092
1133,3,48,3085,3086,3638,1,553
938,6,48,2554,2555,3641,1,1087
1329,1,48,3620,3621,3644,1,24
1134,4,48,3088,3089,3647,1,559
1333,5,48,3631,3632,3650,1,19
1335,1,48,3636,3637,3653,1,17
1139,3,48,3101,3102,3656,1,555
944,6,48,2570,2572,3659,2,1089
940,2,48,2559,2560,3662,1,1103
1140,4,48,3104,3106,3665,2,561
1339,5,48,3647,3648,3668,1,21
1341,1,48,3653,3655,3671,2,18
1145,3,48,3118,3120,3674,2,556
950,6,48,2587,2588,3677,1,1090
946,2,48,2576,2577,3680,1,1104
1146,4,48,3121,3122,3683,1,562
1345,5,48,3664,3665,3686,1,22
1347,1,48,3669,3671,3689,2,20
1151,3,48,3134,3136,3692,2,558
956,6,48,2603,2604,3695,1,1092
952,2,48,2592,2594,3698,2,1106
1152,4,48,3137,3138,3701,1,564
1351,5,48,3680,3681,3704,1,24
1353,1,48,3685,3686,3707,1,22
1157,3,48,3150,3152,3710,2,560
1357,5,48,3696,3697,3713,1,17
958,2,48,2608,2609,3716,1,1108
1158,4,48,3153,3155,3719,2,566
962,6,48,2619,2621,3722,2,1103
1359,1,48,3702,3704,3725,2,23
1163,3,48,3167,3169,3728,2,561
1363,5,48,3713,3714,3731,1,18
1365,1,48,3718,3719,3734,1,16
1164,4,48,3170,3171,3737,1,567
968,6,48,2636,2638,3740,2,1104
964,2,48,2625,2626,3743,1,1118
1169,3,48,3183,3185,3746,2,563
1369,5,48,3729,3730,3749,1,20
1371,1,48,3735,3737,3752,2,17
1170,4,48,3186,3188,3755,2,569
974,6,48,2652,2654,3758,2,1106
970,2,48,2641,2642,3761,1,1120
1175,3,48,3200,3202,3764,2,564
1375,5,48,3746,3747,3767,1,21
1377,1,48,3751,3752,3770,1,19
1176,4,48,3203,3204,3773,1,570
980,6,48,2669,2671,3776,2,1107
976,2,48,2658,2659,3779,1,1121
1181,3,48,3216,3218,3782,2,566
1381,5,48,3762,3763,3785,1,23
1383,1,48,3767,3768,3788,1,21
1182,4,48,3219,3221,3791,2,572
1387,5,48,3778,3779,3794,1,16
982,2,48,2674,2675,3797,1,1123
1187,3,48,3232,3233,3800,1,568
986,6,48,2685,2687,3803,2,1118
1389,1,48,3784,3785,3806,1,22
1188,4,48,3235,3236,3809,1,574
1393,5,48,3795,3797,3812,2,17
988,2,48,2690,2692,3815,2,1125
1193,3,48,3249,3251,3818,2,569
992,6,48,2701,2702,3821,1,1120
1395,1,48,3800,3801,3824,1,24
1194,4,48,3252,3253,3827,1,575
1399,5,48,3811,3812,3830,1,19
1401,1,48,3816,3817,3833,1,17
1199,3,48,3265,3266,3836,1,571
998,6,48,2718,2720,3839,2,1121
994,2,48,2707,2708,3842,1,1135
1200,4,48,3268,3269,3845,1,577
1405,5,48,3827,3828,3848,1,21
1407,1,48,3833,3835,3851,2,18
1205,3,48,3281,3282,3854,1,573
1004,6,48,2734,2735,3857,1,1123
1000,2,48,2723,2724,3860,1,1137
1206,4,48,3284,3286,3863,2,579
1411,5,48,3844,3845,3866,1,22
1413,1,48,3849,3851,3869,2,20
1211,3,48,3298,3300,3872,2,574
1010,6,48,2750,2751,3875,1,1125
1006,2,48,2739,2741,3878,2,1139
1212,4,48,3301,3302,3881,1,580
1417,5,48,3860,3861,3884,1,24
1419,1,48,3865,3866,3887,1,22
1217,3,48,3314,3316,3890,2,576
1423,5,48,3876,3877,3893,1,17
1012,2,48,2756,2757,3896,1,1140
1218,4,48,3317,3318,3899,1,582
1016,6,48,2767,2768,3902,1,1135
1425,1,48,3882,3884,3905,2,23
1223,3,48,3330,3332,3908,2,578
1429,5,48,3893,3894,3911,1,18
1431,1,48,3898,3899,3914,1,16
1224,4,48,3333,3335,3917,2,584
1022,6,48,2783,2785,3920,2,1137
1018,2,48,2772,2773,3923,1,1151
1229,3,48,3347,3349,3926,2,579
1435,5,48,3909,3910,3929,1,20
1437,1,48,3915,3917,3932,2,17
1230,4,48,3350,3351,3935,1,585
1028,6,48,2799,2801,3938,2,1139
1024,2,48,2788,2789,3941,1,1153
1235,3,48,3363,3365,3944,2,581
1441,5,48,3926,3927,3947,1,21
1443,1,48,3931,3932,3950,1,19
1236,4,48,3366,3368,3953,2,587
1034,6,48,2816,2818,3956,2,1140
1030,2,48,2805,2806,3959,1,1154
1241,3,48,3380,3382,3962,2,582
1447,5,48,3942,3943,3965,1,23
1449,1,48,3947,3948,3968,1,21
1242,4,48,3383,3384,3971,1,588
1453,5,48,3958,3959,3974,1,16
1036,2,48,2821,2822,3977,1,1156
1247,3,48,3396,3398,3980,2,584
1040,6,48,2832,2834,3983,2,1151
1455,1,48,3964,3965,3986,1,22
1248,4,48,3399,3401,3989,2,590
1459,5,48,3975,3977,3992,2,17
1042,2,48,2838,2839,3995,1,1157
1253,3,48,3412,3413,3998,1,586
1046,6,48,2849,2851,4001,2,1152
1461,1,48,3980,3981,4004,1,24
1254,4,48,3415,3416,4007,1,592
1465,5,48,3991,3992,4010,1,19
1467,1,48,3996,3997,4013,1,17
1259,3,48,3429,3431,4016,2,587
1052,6,48,2865,2867,4019,2,1154
1048,2,48,2854,2855,4022,1,1168
1260,4,48,3432,3433,4025,1,593
1471,5,48,4007,4008,4028,1,21
1473,1,48,4013,4015,4031,2,18
1265,3,48,3445,3446,4034,1,589
1058,6,48,2881,2882,4037,1,1156
1054,2,48,2870,2872,4040,2,1170
1266,4,48,3448,3449,4043,1,595
1477,5,48,4024,4025,4046,1,22
1479,1,48,4029,4031,4049,2,20
1271,3,48,3461,3462,4052,1,591
1064,6,48,2898,2900,4055,2,1157
1060,2,48,2887,2888,4058,1,1171
1272,4,48,3464,3466,4061,2,597
1483,5,48,4040,4041,4064,1,24
1485,1,48,4045,4046,4067,1,22
1277,3,48,3478,3480,4070,2,592
1489,5,48,4056,4057,4073,1,17
1066,2,48,2903,2904,4076,1,1173
1278,4,48,3481,3482,4079,1,598
1070,6,48,2914,2915,4082,1,1168
1491,1,48,4062,4064,4085,2,23
1283,3,48,3494,3496,4088,2,594
1495,5,48,4073,4074,4091,1,18
1497,1,48,4078,4079,4094,1,16
1284,4,48,3497,3498,4097,1,600
1076,6,48,2930,2931,4100,1,1170
1072,2,48,2919,2921,4103,2,1184
1289,3,48,3510,3512,4106,2,596
1501,5,48,4089,4090,4109,1,20
1503,1,48,4095,4097,4112,2,17
1290,4,48,3513,3515,4115,2,602
1082,6,48,2947,2948,4118,1,1171
1078,2,48,2936,2937,4121,1,1185
1295,3,48,3527,3529,4124,2,597
1507,5,48,4106,4107,4127,1,21
1509,1,48,4111,4112,4130,1,19
1296,4,48,3530,3531,4133,1,603
1088,6,48,2963,2965,4136,2,1173
1084,2,48,2952,2953,4139,1,1187
1301,3,48,3543,3545,4142,2,599
1513,5,48,4122,4123,4145,1,23
1515,1,48,4127,4128,4148,1,21
1302,4,48,3546,3548,4151,2,605
1519,5,48,4138,4139,4154,1,16
1090,2,48,2968,2969,4157,1,1189
1307,3,48,3560,3562,4160,2,600
1094,6,48,2979,2981,4163,2,1184
1521,1,48,4144,4145,4166,1,22
1308,4,48,3563,3564,4169,1,606
1525,5,48,4155,4157,4172,2,17
1096,2,48,2985,2986,4175,1,1190
1313,3,48,3576,3578,4178,2,602
1100,6,48,2996,2998,4181,2,1185
1527,1,48,4160,4161,4184,1,24
1314,4,48,3579,3581,4187,2,608
1531,5,48,4171,4172,4190,1,19
1533,1,48,4176,4177,4193,1,17
1319,3,48,3592,3593,4196,1,604
1106,6,48,3012,3014,4199,2,1187
1102,2,48,3001,3002,4202,1,1201
1320,4,48,3595,3596,4205,1,610
1537,5,48,4187,4188,4208,1,21
1539,1,48,4193,4195,4211,2,18
1325,3,48,3609,3611,4214,2,605
1112,6,48,3029,3031,4217,2,1188
1108,2,48,3018,3019,4220,1,1202
1326,4,48,3612,3613,4223,1,611
1543,5,48,4204,4205,4226,1,22
1545,1,48,4209,4211,4229,2,20
1331,3,48,3625,3626,4232,1,607
1118,6,48,3045,3047,4235,2,1190
1114,2,48,3034,3035,4238,1,1204
1332,4,48,3628,3629,4241,1,613
1549,5,48,4220,4221,4244,1,24
1551,1,48,4225,4226,4247,1,22
1337,3,48,3641,3642,4250,1,609
1555,5,48,4236,4237,4253,1,17
1120,2,48,3050,3052,4256,2,1206
1338,4,48,3644,3646,4259,2,615
1124,6,48,3061,3062,4262,1,1201
1557,1,48,4242,4244,4265,2,23
1343,3,48,3658,3660,4268,2,610
1561,5,48,4253,4254,4271,1,18
1563,1,48,4258,4259,4274,1,16
1344,4,48,3661,3662,4277,1,616
1130,6,48,3078,3080,4280,2,1202
1126,2,48,3067,3068,4283,1,1216
1349,3,48,3674,3676,4286,2,612
1567,5,48,4269,4270,4289,1,20
1569,1,48,4275,4277,4292,2,17
1350,4,48,3677,3678,4295,1,618
1136,6,48,3094,3095,4298,1,1204
1132,2,48,3083,3084,4301,1,1218
1355,3,48,3690,3692,4304,2,614
1573,5,48,4286,4287,4307,1,21
1575,1,48,4291,4292,4310,1,19
1356,4,48,3693,3695,4313,2,620
1142,6,48,3110,3111,4316,1,1206
1138,2,48,3099,3101,4319,2,1220
1361,3,48,3707,3709,4322,2,615
1579,5,48,4302,4303,4325,1,23
1581,1,48,4307,4308,4328,1,21
1362,4,48,3710,3711,4331,1,621
1585,5,48,4318,4319,4334,1,16
1144,2,48,3116,3117,4337,1,1221
1367,3,48,3723,3725,4340,2,617
1148,6,48,3127,3128,4343,1,1216
1587,1,48,4324,4325,4346,1,22
1368,4,48,3726,3728,4349,2,623
1591,5,48,4335,4337,4352,2,17
1150,2,48,3132,3133,4355,1,1223
1373,3,48,3740,3742,4358,2,618
1154,6,48,3143,3145,4361,2,1218
1593,1,48,4340,4341,4364,1,24
1374,4,48,3743,3744,4367,1,624
1597,5,48,4351,4352,4370,1,19
1599,1,48,4356,4357,4373,1,17
1379,3,48,3756,3758,4376,2,620
1160,6,48,3159,3161,4379,2,1220
1156,2,48,3148,3149,4382,1,1234
1380,4,48,3759,3761,4385,2,626
1603,5,48,4367,4368,4388,1,21
1605,1,48,4373,4375,4391,2,18
1385,3,48,3772,3773,4394,1,622
1166,6,48,3176,3178,4397,2,1221
1162,2,48,3165,3166,4400,1,1235
1386,4,48,3775,3776,4403,1,628
1609,5,48,4384,4385,4406,1,22
1611,1,48,4389,4391,4409,2,20
1391,3,48,3789,3791,4412,2,623
1172,6,48,3192,3194,4415,2,1223
1168,2,48,3181,3182,4418,1,1237
1392,4,48,3792,3793,4421,1,629
1615,5,48,4400,4401,4424,1,24
1617,1,48,4405,4406,4427,1,22
1397,3,48,3805,3806,4430,1,625
1621,5,48,4416,4417,4433,1,17
1174,2,48,3198,3199,4436,1,1238
1398,4,48,3808,3809,4439,1,631
1178,6,48,3209,3211,4442,2,1233
1623,1,48,4422,4424,4445,2,23
1403,3,48,3821,3822,4448,1,627
1627,5,48,4433,4434,4451,1,18
1629,1,48,4438,4439,4454,1,16
1404,4,48,3824,3826,4457,2,633
1184,6,48,3225,3227,4460,2,1235
1180,2,48,3214,3215,4463,1,1249
1409,3,48,3838,3840,4466,2,628
1633,5,48,4449,4450,4469,1,20
1635,1,48,4455,4457,4472,2,17
1410,4,48,3841,3842,4475,1,634
1190,6,48,3241,3242,4478,1,1237
1186,2,48,3230,3232,4481,2,1251
1415,3,48,3854,3856,4484,2,630
1639,5,48,4466,4467,4487,1,21
1641,1,48,4471,4472,4490,1,19
1416,4,48,3857,3858,4493,1,636
1196,6,48,3258,3260,4496,2,1238
1192,2,48,3247,3248,4499,1,1252
1421,3,48,3870,3872,4502,2,632
1645,5,48,4482,4483,4505,1,23
1647,1,48,4487,4488,4508,1,21
1422,4,48,3873,3875,4511,2,638
1651,5,48,4498,4499,4514,1,16
1198,2,48,3263,3264,4517,1,1254
1427,3,48,3887,3889,4520,2,633
1202,6,48,3274,3275,4523,1,1249
1653,1,48,4504,4505,4526,1,22
1428,4,48,3890,3891,4529,1,639
1657,5,48,4515,4517,4532,2,17
1204,2,48,3279,3281,4535,2,1256
1433,3,48,3903,3905,4538,2,635
1208,6,48,3290,3291,4541,1,1251
1659,1,48,4520,4521,4544,1,24
1434,4,48,3906,3908,4547,2,641
1663,5,48,4531,4532,4550,1,19
1665,1,48,4536,4537,4553,1,17
1439,3,48,3920,3922,4556,2,636
1214,6,48,3307,3308,4559,1,1252
1210,2,48,3296,3297,4562,1,1266
1440,4,48,3923,3924,4565,1,642
1669,5,48,4547,4548,4568,1,21
1671,1,48,4553,4555,4571,2,18
1445,3,48,3936,3938,4574,2,638
1220,6,48,3323,3325,4577,2,1254
1216,2,48,3312,3313,4580,1,1268
1446,4,48,3939,3941,4583,2,644
1675,5,48,4564,4565,4586,1,22
1677,1,48,4569,4571,4589,2,20
1451,3,48,3952,3953,4592,1,640
1226,6,48,3339,3341,4595,2,1256
1222,2,48,3328,3329,4598,1,1270
1452,4,48,3955,3956,4601,1,646
1681,5,48,4580,4581,4604,1,24
1683,1,48,4585,4586,4607,1,22
1457,3,48,3969,3971,4610,2,641
1687,5,48,4596,4597,4613,1,17
1228,2,48,3345,3346,4616,1,1271
1458,4,48,3972,3973,4619,1,647
1232,6,48,3356,3358,4622,2,1266
1689,1,48,4602,4604,4625,2,23
1463,3,48,3985,3986,4628,1,643
1693,5,48,4613,4614,4631,1,18
1695,1,48,4618,4619,4634,1,16
1464,4,48,3988,3989,4637,1,649
1238,6,48,3372,3374,4640,2,1268
1234,2,48,3361,3362,4643,1,1282
1469,3,48,4001,4002,4646,1,645
1699,5,48,4629,4630,4649,1,20
1701,1,48,4635,4637,4652,2,17
1470,4,48,4004,4006,4655,2,651
1244,6,48,3389,3391,4658,2,1269
1240,2,48,3378,3379,4661,1,1283
1475,3,48,4018,4020,4664,2,646
1705,5,48,4646,4647,4667,1,21
1707,1,48,4651,4652,4670,1,19
1476,4,48,4021,4022,4673,1,652
1250,6,48,3405,3407,4676,2,1271
1246,2,48,3394,3395,4679,1,1285
1481,3,48,4034,4036,4682,2,648
1711,5,48,4662,4663,4685,1,23
1713,1,48,4667,4668,4688,1,21
1482,4,48,4037,4038,4691,1,654
1717,5,48,4678,4679,4694,1,16
1252,2,48,3410,3412,4697,2,1287
1487,3,48,4050,4052,4700,2,650
1256,6,48,3421,3422,4703,1,1282
1719,1,48,4684,4685,4706,1,22
1488,4,48,4053,4055,4709,2,656
1723,5,48,4695,4697,4712,2,17
1258,2,48,3427,3428,4715,1,1288
1493,3,48,4067,4069,4718,2,651
1262,6,48,3438,3440,4721,2,1283
1725,1,48,4700,4701,4724,1,24
1494,4,48,4070,4071,4727,1,657
1729,5,48,4711,4712,4730,1,19
1731,1,48,4716,4717,4733,1,17
1499,3,48,4083,4085,4736,2,653
1268,6,48,3454,3455,4739,1,1285
1264,2,48,3443,3444,4742,1,1299
1500,4,48,4086,4088,4745,2,659
1735,5,48,4727,4728,4748,1,21
1737,1,48,4733,4735,4751,2,18
1505,3,48,4100,4102,4754,2,654
1274,6,48,3470,3471,4757,1,1287
1270,2,48,3459,3461,4760,2,1301
1506,4,48,4103,4104,4763,1,660
1741,5,48,4744,4745,4766,1,22
1743,1,48,4749,4751,4769,2,20
1511,3,48,4116,4118,4772,2,656
1280,6,48,3487,3488,4775,1,1288
1276,2,48,3476,3477,4778,1,1302
1512,4,48,4119,4121,4781,2,662
1747,5,48,4760,4761,4784,1,24
1749,1,48,4765,4766,4787,1,22
1517,3,48,4132,4133,4790,1,658
1753,5,48,4776,4777,4793,1,17
1282,2,48,3492,3493,4796,1,1304
1518,4,48,4135,4136,4799,1,664
1286,6,48,3503,3505,4802,2,1299
1755,1,48,4782,4784,4805,2,23
1523,3,48,4149,4151,4808,2,659
1759,5,48,4793,4794,4811,1,18
1761,1,48,4798,4799,4814,1,16
1524,4,48,4152,4153,4817,1,665
1292,6,48,3519,3521,4820,2,1301
1288,2,48,3508,3509,4823,1,1315
1529,3,48,4165,4166,4826,1,661
1765,5,48,4809,4810,4829,1,20
1767,1,48,4815,4817,4832,2,17
1530,4,48,4168,4169,4835,1,667
1298,6,48,3536,3538,4838,2,1302
1294,2,48,3525,3526,4841,1,1316
1535,3,48,4181,4182,4844,1,663
1771,5,48,4826,4827,4847,1,21
1773,1,48,4831,4832,4850,1,19
1536,4,48,4184,4186,4853,2,669
1304,6,48,3552,3554,4856,2,1304
1300,2,48,3541,3542,4859,1,1318
1541,3,48,4198,4200,4862,2,664
1777,5,48,4842,4843,4865,1,23
1779,1,48,4847,4848,4868,1,21
1542,4,48,4201,4202,4871,1,670
1783,5,48,4858,4859,4874,1,16
1306,2,48,3558,3559,4877,1,1319
1547,3,48,4214,4216,4880,2,666
1310,6,48,3569,3571,4883,2,1314
1785,1,48,4864,4865,4886,1,22
1548,4,48,4217,4218,4889,1,672
1789,5,48,4875,4877,4892,2,17
1312,2,48,3574,3575,4895,1,1321
1553,3,48,4230,4232,4898,2,668
1316,6,48,3585,3587,4901,2,1316
1791,1,48,4880,4881,4904,1,24
1554,4,48,4233,4235,4907,2,674
1795,5,48,4891,4892,4910,1,19
1797,1,48,4896,4897,4913,1,17
1559,3,48,4247,4249,4916,2,669
1322,6,48,3601,3602,4919,1,1318
1318,2,48,3590,3592,4922,2,1332
1560,4,48,4250,4251,4925,1,675
1801,5,48,4907,4908,4928,1,21
1803,1,48,4913,4915,4931,2,18
1565,3,48,4263,4265,4934,2,671
1328,6,48,3618,3620,4937,2,1319
1324,2,48,3607,3608,4940,1,1333
1566,4,48,4266,4268,4943,2,677
1807,5,48,4924,4925,4946,1,22
1809,1,48,4929,4931,4949,2,20
1571,3,48,4280,4282,4952,2,672
1334,6,48,3634,3635,4955,1,1321
1330,2,48,3623,3624,4958,1,1335
1572,4,48,4283,4284,4961,1,678
1813,5,48,4940,4941,4964,1,24
1815,1,48,4945,4946,4967,1,22
1577,3,48,4296,4298,4970,2,674
1819,5,48,4956,4957,4973,1,17
1336,2,48,3639,3641,4976,2,1337
1578,4,48,4299,4301,4979,2,680
1340,6,48,3650,3651,4982,1,1332
1821,1,48,4962,4964,4985,2,23
1583,3,48,4312,4313,4988,1,676
1825,5,48,4973,4974,4991,1,18
1827,1,48,4978,4979,4994,1,16
1584,4,48,4315,4316,4997,1,682
1346,6,48,3667,3668,5000,1,1333
1342,2,48,3656,3657,5003,1,1347
1589,3,48,4329,4331,5006,2,677
1831,5,48,4989,4990,5009,1,20
1833,1,48,4995,4997,5012,2,17
1590,4,48,4332,4333,5015,1,683
1352,6,48,3683,3685,5018,2,1335
1348,2,48,3672,3673,5021,1,1349
1595,3,48,4345,4346,5024,1,679
1837,5,48,5006,5007,5027,1,21
1839,1,48,5011,5012,5030,1,19
1596,4,48,4348,4349,5033,1,685
1358,6,48,3699,3701,5036,2,1337
1354,2,48,3688,3689,5039,1,1351
1601,3,48,4361,4362,5042,1,681
1843,5,48,5022,5023,5045,1,23
1845,1,48,5027,5028,5048,1,21
1602,4,48,4364,4366,5051,2,687
1849,5,48,5038,5039,5054,1,16
1360,2,48,3705,3706,5057,1,1352
1607,3,48,4378,4380,5060,2,682
1364,6,48,3716,3718,5063,2,1347
1851,1,48,5044,5045,5066,1,22
1608,4,48,4381,4382,5069,1,688
1855,5,48,5055,5057,5072,2,17
1366,2,48,3721,3722,5075,1,1354
1613,3,48,4394,4396,5078,2,684
1370,6,48,3732,3734,5081,2,1349
1857,1,48,5060,5061,5084,1,24
1614,4,48,4397,4398,5087,1,690
1861,5,48,5071,5072,5090,1,19
1863,1,48,5076,5077,5093,1,17
1619,3,48,4410,4412,5096,2,686
1376,6,48,3749,3751,5099,2,1350
1372,2,48,3738,3739,5102,1,1364
1620,4,48,4413,4415,5105,2,692
1867,5,48,5087,5088,5108,1,21
1869,1,48,5093,5095,5111,2,18
1625,3,48,4427,4429,5114,2,687
1382,6,48,3765,3767,5117,2,1352
1378,2,48,3754,3755,5120,1,1366
1626,4,48,4430,4431,5123,1,693
1873,5,48,5104,5105,5126,1,22
1875,1,48,5109,5111,5129,2,20
1631,3,48,4443,4445,5132,2,689
1388,6,48,3781,3782,5135,1,1354
1384,2,48,3770,3772,5138,2,1368
1632,4,48,4446,4448,5141,2,695
1879,5,48,5120,5121,5144,1,24
1881,1,48,5125,5126,5147,1,22
1637,3,48,4460,4462,5150,2,690
1885,5,48,5136,5137,5153,1,17
1390,2,48,3787,3788,5156,1,1369
1638,4,48,4463,4464,5159,1,696
1394,6,48,3798,3800,5162,2,1364
1887,1,48,5142,5144,5165,2,23
1643,3,48,4476,4478,5168,2,692
1891,5,48,5153,5154,5171,1,18
1893,1,48,5158,5159,5174,1,16
1644,4,48,4479,4481,5177,2,698
1400,6,48,3814,3815,5180,1,1366
1396,2,48,3803,3804,5183,1,1380
1649,3,48,4492,4493,5186,1,694
1897,5,48,5169,5170,5189,1,20
1899,1,48,5175,5177,5192,2,17
1650,4,48,4495,4496,5195,1,700
1406,6,48,3830,3831,5198,1,1368
1402,2,48,3819,3821,5201,2,1382
1655,3,48,4509,4511,5204,2,695
1903,5,48,5186,5187,5207,1,21
1905,1,48,5191,5192,5210,1,19
1656,4,48,4512,4513,5213,1,701
1412,6,48,3847,3848,5216,1,1369
1408,2,48,3836,3837,5219,1,1383
1661,3,48,4525,4526,5222,1,697
1909,5,48,5202,5203,5225,1,23
1911,1,48,5207,5208,5228,1,21
1662,4,48,4528,4529,5231,1,703
1915,5,48,5218,5219,5234,1,16
1414,2,48,3852,3853,5237,1,1385
1667,3,48,4541,4542,5240,1,699
1418,6,48,3863,3865,5243,2,1380
1917,1,48,5224,5225,5246,1,22
1668,4,48,4544,4546,5249,2,705
1921,5,48,5235,5237,5252,2,17
1420,2,48,3868,3869,5255,1,1387
1673,3,48,4558,4560,5258,2,700
1424,6,48,3879,3881,5261,2,1382
1923,1,48,5240,5241,5264,1,24
1674,4,48,4561,4562,5267,1,706
1927,5,48,5251,5252,5270,1,19
1929,1,48,5256,5257,5273,1,17
1679,3,48,4574,4576,5276,2,702
1430,6,48,3896,3898,5279,2,1383
1426,2,48,3885,3886,5282,1,1397
1680,4,48,4577,4578,5285,1,708
1933,5,48,5267,5268,5288,1,21
1935,1,48,5273,5275,5291,2,18
1685,3,48,4590,4592,5294,2,704
1436,6,48,3912,3914,5297,2,1385
1432,2,48,3901,3902,5300,1,1399
1686,4,48,4593,4595,5303,2,710
1939,5,48,5284,5285,5306,1,22
1941,1,48,5289,5291,5309,2,20
1691,3,48,4607,4609,5312,2,705
1442,6,48,3929,3931,5315,2,1386
1438,2,48,3918,3919,5318,1,1400
1692,4,48,4610,4611,5321,1,711
1945,5,48,5300,5301,5324,1,24
1947,1,48,5305,5306,5327,1,22
1697,3,48,4623,4625,5330,2,707
1951,5,48,5316,5317,5333,1,17
1444,2,48,3934,3935,5336,1,1402
1698,4,48,4626,4628,5339,2,713
1448,6,48,3945,3947,5342,2,1397
1953,1,48,5322,5324,5345,2,23
1703,3,48,4640,4642,5348,2,708
1957,5,48,5333,5334,5351,1,18
1959,1,48,5338,5339,5354,1,16
1704,4,48,4643,4644,5357,1,714
1454,6,48,3961,3962,5360,1,1399
1450,2,48,3950,3952,5363,2,1413
1709,3,48,4656,4658,5366,2,710
1963,5,48,5349,5350,5369,1,20
1965,1,48,5355,5357,5372,2,17
1710,4,48,4659,4661,5375,2,716
1460,6,48,3978,3980,5378,2,1400
1456,2,48,3967,3968,5381,1,1414
1715,3,48,4672,4673,5384,1,712
1969,5,48,5366,5367,5387,1,21
1971,1,48,5371,5372,5390,1,19
1716,4,48,4675,4676,5393,1,718
1466,6,48,3994,3995,5396,1,1402
1462,2,48,3983,3984,5399,1,1416
1721,3,48,4689,4691,5402,2,713
1975,5,48,5382,5383,5405,1,23
1977,1,48,5387,5388,5408,1,21
1722,4,48,4692,4693,5411,1,719
1981,5,48,5398,5399,5414,1,16
1468,2,48,3999,4001,5417,2,1418
1727,3,48,4705,4706,5420,1,715
1472,6,48,4010,4011,5423,1,1413
1983,1,48,5404,5405,5426,1,22
1728,4,48,4708,4709,5429,1,721
1987,5,48,5415,5417,5432,2,17
1474,2,48,4016,4017,5435,1,1419
1733,3,48,4721,4722,5438,1,717
1478,6,48,4027,4028,5441,1,1414
1989,1,48,5420,5421,5444,1,24
1734,4,48,4724,4726,5447,2,723
1993,5,48,5431,5432,5450,1,19
1995,1,48,5436,5437,5453,1,17
1739,3,48,4738,4740,5456,2,718
1484,6,48,4043,4045,5459,2,1416
1480,2,48,4032,4033,5462,1,1430
1740,4,48,4741,4742,5465,1,724
1999,5,48,5447,5448,5468,1,21
2001,1,48,5453,5455,5471,2,18
1745,3,48,4754,4756,5474,2,720
1490,6,48,4059,4061,5477,2,1418
1486,2,48,4048,4049,5480,1,1432
1746,4,48,4757,4758,5483,1,726
2005,5,48,5464,5465,5486,1,22
2007,1,48,5469,5471,5489,2,20
1751,3,48,4770,4772,5492,2,722
1496,6,48,4076,4078,5495,2,1419
1492,2,48,4065,4066,5498,1,1433
1752,4,48,4773,4775,5501,2,728
2011,5,48,5480,5481,5504,1,24
2013,1,48,5485,5486,5507,1,22
1757,3,48,4787,4789,5510,2,723
2017,5,48,5496,5497,5513,1,17
1498,2,48,4081,4082,5516,1,1435
1758,4,48,4790,4791,5519,1,729
1502,6,48,4092,4094,5522,2,1430
2019,1,48,5502,5504,5525,2,23
1763,3,48,4803,4805,5528,2,725
2023,5,48,5513,5514,5531,1,18
2025,1,48,5518,5519,5534,1,16
1764,4,48,4806,4808,5537,2,731
1508,6,48,4109,4111,5540,2,1431
1504,2,48,4098,4099,5543,1,1445
1769,3,48,4820,4822,5546,2,726
2029,5,48,5529,5530,5549,1,20
2031,1,48,5535,5537,5552,2,17
1770,4,48,4823,4824,5555,1,732
1514,6,48,4125,4127,5558,2,1433
1510,2,48,4114,4115,5561,1,1447
1775,3,48,4836,4838,5564,2,728
2035,5,48,5546,5547,5567,1,21
2037,1,48,5551,5552,5570,1,19
1776,4,48,4839,4841,5573,2,734
1520,6,48,4141,4142,5576,1,1435
1516,2,48,4130,4132,5579,2,1449
1781,3,48,4852,4853,5582,1,730
2041,5,48,5562,5563,5585,1,23
2043,1,48,5567,5568,5588,1,21
1782,4,48,4855,4856,5591,1,736
2047,5,48,5578,5579,5594,1,16
1522,2,48,4147,4148,5597,1,1450
1787,3,48,4869,4871,5600,2,731
1526,6,48,4158,4160,5603,2,1445
2049,1,48,5584,5585,5606,1,22
1788,4,48,4872,4873,5609,1,737
2053,5,48,5595,5597,5612,2,17
1528,2,48,4163,4164,5615,1,1452
1793,3,48,4885,4886,5618,1,733
1532,6,48,4174,4175,5621,1,1447
2055,1,48,5600,5601,5624,1,24
1794,4,48,4888,4889,5627,1,739
2059,5,48,5611,5612,5630,1,19
2061,1,48,5616,5617,5633,1,17
1799,3,48,4901,4902,5636,1,735
1538,6,48,4190,4191,5639,1,1449
1534,2,48,4179,4181,5642,2,1463
1800,4,48,4904,4906,5645,2,741
2065,5,48,5627,5628,5648,1,21
2067,1,48,5633,5635,5651,2,18
1805,3,48,4918,4920,5654,2,736
1544,6,48,4207,4208,5657,1,1450
1540,2,48,4196,4197,5660,1,1464
1806,4,48,4921,4922,5663,1,742
2071,5,48,5644,5645,5666,1,22
2073,1,48,5649,5651,5669,2,20
1811,3,48,4934,4936,5672,2,738
1550,6,48,4223,4225,5675,2,1452
1546,2,48,4212,4213,5678,1,1466
1812,4,48,4937,4938,5681,1,744
2077,5,48,5660,5661,5684,1,24
2079,1,48,5665,5666,5687,1,22
1817,3,48,4950,4952,5690,2,740
2083,5,48,5676,5677,5693,1,17
1552,2,48,4228,4229,5696,1,1468
1818,4,48,4953,4955,5699,2,746
1556,6,48,4239,4241,5702,2,1463
2085,1,48,5682,5684,5705,2,23
1823,3,48,4967,4969,5708,2,741
2089,5,48,5693,5694,5711,1,18
2091,1,48,5698,5699,5714,1,16
1824,4,48,4970,4971,5717,1,747
1562,6,48,4256,4258,5720,2,1464
1558,2,48,4245,4246,5723,1,1478
1829,3,48,4983,4985,5726,2,743
2095,5,48,5709,5710,5729,1,20
2097,1,48,5715,5717,5732,2,17
1830,4,48,4986,4988,5735,2,749
1568,6,48,4272,4274,5738,2,1466
1564,2,48,4261,4262,5741,1,1480
1835,3,48,5000,5002,5744,2,744
2101,5,48,5726,5727,5747,1,21
2103,1,48,5731,5732,5750,1,19
1836,4,48,5003,5004,5753,1,750
1574,6,48,4289,4291,5756,2,1467
1570,2,48,4278,4279,5759,1,1481
1841,3,48,5016,5018,5762,2,746
2107,5,48,5742,5743,5765,1,23
2109,1,48,5747,5748,5768,1,21
1842,4,48,5019,5021,5771,2,752
2113,5,48,5758,5759,5774,1,16
1576,2,48,4294,4295,5777,1,1483
1847,3,48,5032,5033,5780,1,748
1580,6,48,4305,4307,5783,2,1478
2115,1,48,5764,5765,5786,1,22
1848,4,48,5035,5036,5789,1,754
2119,5,48,5775,5777,5792,2,17
1582,2,48,4310,4312,5795,2,1485
1853,3,48,5049,5051,5798,2,749
1586,6,48,4321,4322,5801,1,1480
2121,1,48,5780,5781,5804,1,24
1854,4,48,5052,5053,5807,1,755
2125,5,48,5791,5792,5810,1,19
2127,1,48,5796,5797,5813,1,17
1859,3,48,5065,5066,5816,1,751
1592,6,48,4338,4340,5819,2,1481
1588,2,48,4327,4328,5822,1,1495
1860,4,48,5068,5069,5825,1,757
2131,5,48,5807,5808,5828,1,21
2133,1,48,5813,5815,5831,2,18
1865,3,48,5081,5082,5834,1,753
1598,6,48,4354,4355,5837,1,1483
1594,2,48,4343,4344,5840,1,1497
1866,4,48,5084,5086,5843,2,759
2137,5,48,5824,5825,5846,1,22
2139,1,48,5829,5831,5849,2,20
1871,3,48,5098,5100,5852,2,754
1604,6,48,4370,4371,5855,1,1485
1600,2,48,4359,4361,5858,2,1499
1872,4,48,5101,5102,5861,1,760
2143,5,48,5840,5841,5864,1,24
2145,1,48,5845,5846,5867,1,22
1877,3,48,5114,5116,5870,2,756
2149,5,48,5856,5857,5873,1,17
1606,2,48,4376,4377,5876,1,1500
1878,4,48,5117,5118,5879,1,762
1610,6,48,4387,4388,5882,1,1495
2151,1,48,5862,5864,5885,2,23
1883,3,48,5130,5132,5888,2,758
2155,5,48,5873,5874,5891,1,18
2157,1,48,5878,5879,5894,1,16
1884,4,48,5133,5135,5897,2,764
1616,6,48,4403,4405,5900,2,1497
1612,2,48,4392,4393,5903,1,1511
1889,3,48,5147,5149,5906,2,759
2161,5,48,5889,5890,5909,1,20
2163,1,48,5895,5897,5912,2,17
1890,4,48,5150,5151,5915,1,765
1622,6,48,4419,4421,5918,2,1499
1618,2,48,4408,4409,5921,1,1513
1895,3,48,5163,5165,5924,2,761
2167,5,48,5906,5907,5927,1,21
2169,1,48,5911,5912,5930,1,19
1896,4,48,5166,5168,5933,2,767
1628,6,48,4436,4438,5936,2,1500
1624,2,48,4425,4426,5939,1,1514
1901,3,48,5180,5182,5942,2,762
2173,5,48,5922,5923,5945,1,23
2175,1,48,5927,5928,5948,1,21
1902,4,48,5183,5184,5951,1,768
2179,5,48,5938,5939,5954,1,16
1630,2,48,4441,4442,5957,1,1516
1907,3,48,5196,5198,5960,2,764
1634,6,48,4452,4454,5963,2,1511
2181,1,48,5944,5945,5966,1,22
1908,4,48,5199,5201,5969,2,770
2185,5,48,5955,5957,5972,2,17
1636,2,48,4458,4459,5975,1,1517
1913,3,48,5212,5213,5978,1,766
1640,6,48,4469,4471,5981,2,1512
2187,1,48,5960,5961,5984,1,24
1914,4,48,5215,5216,5987,1,772
2191,5,48,5971,5972,5990,1,19
2193,1,48,5976,5977,5993,1,17
1919,3,48,5229,5231,5996,2,767
1646,6,48,4485,4487,5999,2,1514
1642,2,48,4474,4475,6002,1,1528
1920,4,48,5232,5233,6005,1,773
2197,5,48,5987,5988,6008,1,21
2199,1,48,5993,5995,6011,2,18
1925,3,48,5245,5246,6014,1,769
1652,6,48,4501,4502,6017,1,1516
1648,2,48,4490,4492,6020,2,1530
1926,4,48,5248,5249,6023,1,775
2203,5,48,6004,6005,6026,1,22
2205,1,48,6009,6011,6029,2,20
1931,3,48,5261,5262,6032,1,771
1658,6,48,4518,4520,6035,2,1517
1654,2,48,4507,4508,6038,1,1531
1932,4,48,5264,5266,6041,2,777
2209,5,48,6020,6021,6044,1,24
2211,1,48,6025,6026,6047,1,22
1937,3,48,5278,5280,6050,2,772
2215,5,48,6036,6037,6053,1,17
1660,2,48,4523,4524,6056,1,1533
1938,4,48,5281,5282,6059,1,778
1664,6,48,4534,4535,6062,1,1528
2217,1,48,6042,6044,6065,2,23
1943,3,48,5294,5296,6068,2,774
2221,5,48,6053,6054,6071,1,18
2223,1,48,6058,6059,6074,1,16
1944,4,48,5297,5298,6077,1,780
1670,6,48,4550,4551,6080,1,1530
1666,2,48,4539,4541,6083,2,1544
1949,3,48,5310,5312,6086,2,776
2227,5,48,6069,6070,6089,1,20
2229,1,48,6075,6077,6092,2,17
1950,4,48,5313,5315,6095,2,782
1676,6,48,4567,4568,6098,1,1531
1672,2,48,4556,4557,6101,1,1545
1955,3,48,5327,5329,6104,2,777
2233,5,48,6086,6087,6107,1,21
2235,1,48,6091,6092,6110,1,19
1956,4,48,5330,5331,6113,1,783
1682,6,48,4583,4585,6116,2,1533
1678,2,48,4572,4573,6119,1,1547
1961,3,48,5343,5345,6122,2,779
2239,5,48,6102,6103,6125,1,23
2241,1,48,6107,6108,6128,1,21
1962,4,48,5346,5348,6131,2,785
2245,5,48,6118,6119,6134,1,16
1684,2,48,4588,4589,6137,1,1549
1967,3,48,5360,5362,6140,2,780
1688,6,48,4599,4601,6143,2,1544
2247,1,48,6124,6125,6146,1,22
1968,4,48,5363,5364,6149,1,786
2251,5,48,6135,6137,6152,2,17
1690,2,48,4605,4606,6155,1,1550
1973,3,48,5376,5378,6158,2,782
1694,6,48,4616,4618,6161,2,1545
2253,1,48,6140,6141,6164,1,24
1974,4,48,5379,5381,6167,2,788
2257,5,48,6151,6152,6170,1,19
2259,1,48,6156,6157,6173,1,17
1979,3,48,5392,5393,6176,1,784
1700,6,48,4632,4634,6179,2,1547
1696,2,48,4621,4622,6182,1,1561
1980,4,48,5395,5396,6185,1,790
2263,5,48,6167,6168,6188,1,21
2265,1,48,6173,6175,6191,2,18
1985,3,48,5409,5411,6194,2,785
1706,6,48,4649,4651,6197,2,1548
1702,2,48,4638,4639,6200,1,1562
1986,4,48,5412,5413,6203,1,791
2269,5,48,6184,6185,6206,1,22
2271,1,48,6189,6191,6209,2,20
1991,3,48,5425,5426,6212,1,787
1712,6,48,4665,4667,6215,2,1550
1708,2,48,4654,4655,6218,1,1564
1992,4,48,5428,5429,6221,1,793
2275,5,48,6200,6201,6224,1,24
2277,1,48,6205,6206,6227,1,22
1997,3,48,5441,5442,6230,1,789
2281,5,48,6216,6217,6233,1,17
1714,2,48,4670,4672,6236,2,1566
1998,4,48,5444,5446,6239,2,795
1718,6,48,4681,4682,6242,1,1561
2283,1,48,6222,6224,6245,2,23
2003,3,48,5458,5460,6248,2,790
2287,5,48,6233,6234,6251,1,18
2289,1,48,6238,6239,6254,1,16
2004,4,48,5461,5462,6257,1,796
1724,6,48,4698,4700,6260,2,1562
1720,2,48,4687,4688,6263,1,1576
2009,3,48,5474,5476,6266,2,792
2293,5,48,6249,6250,6269,1,20
2295,1,48,6255,6257,6272,2,17
2010,4,48,5477,5478,6275,1,798
1730,6,48,4714,4715,6278,1,1564
1726,2,48,4703,4704,6281,1,1578
2015,3,48,5490,5492,6284,2,794
2299,5,48,6266,6267,6287,1,21
2301,1,48,6271,6272,6290,1,19
2016,4,48,5493,5495,6293,2,800
1736,6,48,4730,4731,6296,1,1566
1732,2,48,4719,4721,6299,2,1580
2021,3,48,5507,5509,6302,2,795
2305,5,48,6282,6283,6305,1,23
2307,1,48,6287,6288,6308,1,21
2022,4,48,5510,5511,6311,1,801
2311,5,48,6298,6299,6314,1,16
1738,2,48,4736,4737,6317,1,1581
2027,3,48,5523,5525,6320,2,797
1742,6,48,4747,4748,6323,1,1576
2313,1,48,6304,6305,6326,1,22
2028,4,48,5526,5528,6329,2,803
2317,5,48,6315,6317,6332,2,17
1744,2,48,4752,4753,6335,1,1583
2033,3,48,5540,5542,6338,2,798
1748,6,48,4763,4765,6341,2,1578
2319,1,48,6320,6321,6344,1,24
2034,4,48,5543,5544,6347,1,804
2323,5,48,6331,6332,6350,1,19
2325,1,48,6336,6337,6353,1,17
2039,3,48,5556,5558,6356,2,800
1754,6,48,4779,4781,6359,2,1580
1750,2,48,4768,4769,6362,1,1594
2040,4,48,5559,5561,6365,2,806
2329,5,48,6347,6348,6368,1,21
2331,1,48,6353,6355,6371,2,18
2045,3,48,5572,5573,6374,1,802
1760,6,48,4796,4798,6377,2,1581
1756,2,48,4785,4786,6380,1,1595
2046,4,48,5575,5576,6383,1,808
2335,5,48,6364,6365,6386,1,22
2337,1,48,6369,6371,6389,2,20
2051,3,48,5589,5591,6392,2,803
1766,6,48,4812,4814,6395,2,1583
1762,2,48,4801,4802,6398,1,1597
2052,4,48,5592,5593,6401,1,809
2341,5,48,6380,6381,6404,1,24
2343,1,48,6385,6386,6407,1,22
2057,3,48,5605,5606,6410,1,805
2347,5,48,6396,6397,6413,1,17
1768,2,48,4818,4819,6416,1,1598
2058,4,48,5608,5609,6419,1,811
1772,6,48,4829,4831,6422,2,1593
2349,1,48,6402,6404,6425,2,23
2063,3,48,5621,5622,6428,1,807
2353,5,48,6413,6414,6431,1,18
2355,1,48,6418,6419,6434,1,16
2064,4,48,5624,5626,6437,2,813
1778,6,48,4845,4847,6440,2,1595
1774,2,48,4834,4835,6443,1,1609
2069,3,48,5638,5640,6446,2,808
2359,5,48,6429,6430,6449,1,20
2361,1,48,6435,6437,6452,2,17
2070,4,48,5641,5642,6455,1,814
1784,6,48,4861,4862,6458,1,1597
1780,2,48,4850,4852,6461,2,1611
2075,3,48,5654,5656,6464,2,810
2365,5,48,6446,6447,6467,1,21
2367,1,48,6451,6452,6470,1,19
2076,4,48,5657,5658,6473,1,816
1790,6,48,4878,4880,6476,2,1598
1786,2,48,4867,4868,6479,1,1612
2081,3,48,5670,5672,6482,2,812
2371,5,48,6462,6463,6485,1,23
2373,1,48,6467,6468,6488,1,21
2082,4,48,5673,5675,6491,2,818
2377,5,48,6478,6479,6494,1,16
1792,2,48,4883,4884,6497,1,1614
2087,3,48,5687,5689,6500,2,813
1796,6,48,4894,4895,6503,1,1609
2379,1,48,6484,6485,6506,1,22
2088,4,48,5690,5691,6509,1,819
2383,5,48,6495,6497,6512,2,17
1798,2,48,4899,4901,6515,2,1616
2093,3,48,5703,5705,6518,2,815
1802,6,48,4910,4911,6521,1,1611
2385,1,48,6500,6501,6524,1,24
2094,4,48,5706,5708,6527,2,821
2389,5,48,6511,6512,6530,1,19
2391,1,48,6516,6517,6533,1,17
2099,3,48,5720,5722,6536,2,816
1808,6,48,4927,4928,6539,1,1612
1804,2,48,4916,4917,6542,1,1626
2100,4,48,5723,5724,6545,1,822
2395,5,48,6527,6528,6548,1,21
2397,1,48,6533,6535,6551,2,18
2105,3,48,5736,5738,6554,2,818
1814,6,48,4943,4945,6557,2,1614
1810,2,48,4932,4933,6560,1,1628
2106,4,48,5739,5741,6563,2,824
2401,5,48,6544,6545,6566,1,22
2403,1,48,6549,6551,6569,2,20
2111,3,48,5752,5753,6572,1,820
1820,6,48,4959,4961,6575,2,1616
1816,2,48,4948,4949,6578,1,1630
2112,4,48,5755,5756,6581,1,826
2407,5,48,6560,6561,6584,1,24
2409,1,48,6565,6566,6587,1,22
2117,3,48,5769,5771,6590,2,821
2413,5,48,6576,6577,6593,1,17
1822,2,48,4965,4966,6596,1,1631
2118,4,48,5772,5773,6599,1,827
1826,6,48,4976,4978,6602,2,1626
2415,1,48,6582,6584,6605,2,23
2123,3,48,5785,5786,6608,1,823
2419,5,48,6593,6594,6611,1,18
2421,1,48,6598,6599,6614,1,16
2124,4,48,5788,5789,6617,1,829
1832,6,48,4992,4994,6620,2,1628
1828,2,48,4981,4982,6623,1,1642
2129,3,48,5801,5802,6626,1,825
2425,5,48,6609,6610,6629,1,20
2427,1,48,6615,6617,6632,2,17
2130,4,48,5804,5806,6635,2,831
1838,6,48,5009,5011,6638,2,1629
1834,2,48,4998,4999,6641,1,1643
2135,3,48,5818,5820,6644,2,826
2431,5,48,6626,6627,6647,1,21
2433,1,48,6631,6632,6650,1,19
2136,4,48,5821,5822,6653,1,832
1844,6,48,5025,5027,6656,2,1631
1840,2,48,5014,5015,6659,1,1645
2141,3,48,5834,5836,6662,2,828
2437,5,48,6642,6643,6665,1,23
2439,1,48,6647,6648,6668,1,21
2142,4,48,5837,5838,6671,1,834
2443,5,48,6658,6659,6674,1,16
1846,2,48,5030,5032,6677,2,1647
2147,3,48,5850,5852,6680,2,830
1850,6,48,5041,5042,6683,1,1642
2445,1,48,6664,6665,6686,1,22
2148,4,48,5853,5855,6689,2,836
2449,5,48,6675,6677,6692,2,17
1852,2,48,5047,5048,6695,1,1648
2153,3,48,5867,5869,6698,2,831
1856,6,48,5058,5060,6701,2,1643
2451,1,48,6680,6681,6704,1,24
2154,4,48,5870,5871,6707,1,837
2455,5,48,6691,6692,6710,1,19
2457,1,48,6696,6697,6713,1,17
2159,3,48,5883,5885,6716,2,833
1862,6,48,5074,5075,6719,1,1645
1858,2,48,5063,5064,6722,1,1659
2160,4,48,5886,5888,6725,2,839
2461,5,48,6707,6708,6728,1,21
2463,1,48,6713,6715,6731,2,18
2165,3,48,5900,5902,6734,2,834
1868,6,48,5090,5091,6737,1,1647
1864,2,48,5079,5081,6740,2,1661
2166,4,48,5903,5904,6743,1,840
2467,5,48,6724,6725,6746,1,22
2469,1,48,6729,6731,6749,2,20
2171,3,48,5916,5918,6752,2,836
1874,6,48,5107,5108,6755,1,1648
1870,2,48,5096,5097,6758,1,1662
2172,4,48,5919,5921,6761,2,842
2473,5,48,6740,6741,6764,1,24
2475,1,48,6745,6746,6767,1,22
2177,3,48,5932,5933,6770,1,838
2479,5,48,6756,6757,6773,1,17
1876,2,48,5112,5113,6776,1,1664
2178,4,48,5935,5936,6779,1,844
1880,6,48,5123,5125,6782,2,1659
2481,1,48,6762,6764,6785,2,23
2183,3,48,5949,5951,6788,2,839
2485,5,48,6773,6774,6791,1,18
2487,1,48,6778,6779,6794,1,16
2184,4,48,5952,5953,6797,1,845
1886,6,48,5139,5141,6800,2,1661
1882,2,48,5128,5129,6803,1,1675
2189,3,48,5965,5966,6806,1,841
2491,5,48,6789,6790,6809,1,20
2493,1,48,6795,6797,6812,2,17
2190,4,48,5968,5969,6815,1,847
1892,6,48,5156,5158,6818,2,1662
1888,2,48,5145,5146,6821,1,1676
2195,3,48,5981,5982,6824,1,843
2497,5,48,6806,6807,6827,1,21
2499,1,48,6811,6812,6830,1,19
2196,4,48,5984,5986,6833,2,849
1898,6,48,5172,5174,6836,2,1664
1894,2,48,5161,5162,6839,1,1678
2201,3,48,5998,6000,6842,2,844
2503,5,48,6822,6823,6845,1,23
2505,1,48,6827,6828,6848,1,21
2202,4,48,6001,6002,6851,1,850
2509,5,48,6838,6839,6854,1,16
1900,2,48,5178,5179,6857,1,1679
2207,3,48,6014,6016,6860,2,846
1904,6,48,5189,5191,6863,2,1674
2511,1,48,6844,6845,6866,1,22
2208,4,48,6017,6018,6869,1,852
2515,5,48,6855,6857,6872,2,17
1906,2,48,5194,5195,6875,1,1681
2213,3,48,6030,6032,6878,2,848
1910,6,48,5205,5207,6881,2,1676
2517,1,48,6860,6861,6884,1,24
2214,4,48,6033,6035,6887,2,854
2521,5,48,6871,6872,6890,1,19
2523,1,48,6876,6877,6893,1,17
2219,3,48,6047,6049,6896,2,849
1916,6,48,5221,5222,6899,1,1678
1912,2,48,5210,5212,6902,2,1692
2220,4,48,6050,6051,6905,1,855
2527,5,48,6887,6888,6908,1,21
2529,1,48,6893,6895,6911,2,18
2225,3,48,6063,6065,6914,2,851
1922,6,48,5238,5240,6917,2,1679
1918,2,48,5227,5228,6920,1,1693
2226,4,48,6066,6068,6923,2,857
2533,5,48,6904,6905,6926,1,22
2535,1,48,6909,6911,6929,2,20
2231,3,48,6080,6082,6932,2,852
1928,6,48,5254,5255,6935,1,1681
1924,2,48,5243,5244,6938,1,1695
2232,4,48,6083,6084,6941,1,858
2539,5,48,6920,6921,6944,1,24
2541,1,48,6925,6926,6947,1,22
2237,3,48,6096,6098,6950,2,854
2545,5,48,6936,6937,6953,1,17
1930,2,48,5259,5261,6956,2,1697
2238,4,48,6099,6101,6959,2,860
1934,6,48,5270,5271,6962,1,1692
2547,1,48,6942,6944,6965,2,23
2243,3,48,6112,6113,6968,1,856
2551,5,48,6953,6954,6971,1,18
2553,1,48,6958,6959,6974,1,16
2244,4,48,6115,6116,6977,1,862
1940,6,48,5287,5288,6980,1,1693
1936,2,48,5276,5277,6983,1,1707
2249,3,48,6129,6131,6986,2,857
2557,5,48,6969,6970,6989,1,20
2559,1,48,6975,6977,6992,2,17
2250,4,48,6132,6133,6995,1,863
1946,6,48,5303,5305,6998,2,1695
1942,2,48,5292,5293,7001,1,1709
2255,3,48,6145,6146,7004,1,859
2563,5,48,6986,6987,7007,1,21
2565,1,48,6991,6992,7010,1,19
2256,4,48,6148,6149,7013,1,865
1952,6,48,5319,5321,7016,2,1697
1948,2,48,5308,5309,7019,1,1711
2261,3,48,6161,6162,7022,1,861
2569,5,48,7002,7003,7025,1,23
2571,1,48,7007,7008,7028,1,21
2262,4,48,6164,6166,7031,2,867
2575,5,48,7018,7019,7034,1,16
1954,2,48,5325,5326,7037,1,1712
2267,3,48,6178,6180,7040,2,862
1958,6,48,5336,5338,7043,2,1707
2577,1,48,7024,7025,7046,1,22
2268,4,48,6181,6182,7049,1,868
2581,5,48,7035,7037,7052,2,17
1960,2,48,5341,5342,7055,1,1714
2273,3,48,6194,6196,7058,2,864
1964,6,48,5352,5354,7061,2,1709
2583,1,48,7040,7041,7064,1,24
2274,4,48,6197,6198,7067,1,870
2587,5,48,7051,7052,7070,1,19
2589,1,48,7056,7057,7073,1,17
2279,3,48,6210,6212,7076,2,866
1970,6,48,5369,5371,7079,2,1710
1966,2,48,5358,5359,7082,1,1724
2280,4,48,6213,6215,7085,2,872
2593,5,48,7067,7068,7088,1,21
2595,1,48,7073,7075,7091,2,18
2285,3,48,6227,6229,7094,2,867
1976,6,48,5385,5387,7097,2,1712
1972,2,48,5374,5375,7100,1,1726
2286,4,48,6230,6231,7103,1,873
2599,5,48,7084,7085,7106,1,22
2601,1,48,7089,7091,7109,2,20
2291,3,48,6243,6245,7112,2,869
1982,6,48,5401,5402,7115,1,1714
1978,2,48,5390,5392,7118,2,1728
2292,4,48,6246,6248,7121,2,875
2605,5,48,7100,7101,7124,1,24
2607,1,48,7105,7106,7127,1,22
2297,3,48,6260,6262,7130,2,870
2611,5,48,7116,7117,7133,1,17
1984,2,48,5407,5408,7136,1,1729
2298,4,48,6263,6264,7139,1,876
1988,6,48,5418,5420,7142,2,1724
2613,1,48,7122,7124,7145,2,23
2303,3,48,6276,6278,7148,2,872
2617,5,48,7133,7134,7151,1,18
2619,1,48,7138,7139,7154,1,16
2304,4,48,6279,6281,7157,2,878
1994,6,48,5434,5435,7160,1,1726
1990,2,48,5423,5424,7163,1,1740
2309,3,48,6292,6293,7166,1,874
2623,5,48,7149,7150,7169,1,20
2625,1,48,7155,7157,7172,2,17
2310,4,48,6295,6296,7175,1,880
2000,6,48,5450,5451,7178,1,1728
1996,2,48,5439,5441,7181,2,1742
2315,3,48,6309,6311,7184,2,875
2629,5,48,7166,7167,7187,1,21
2631,1,48,7171,7172,7190,1,19
2316,4,48,6312,6313,7193,1,881
2006,6,48,5467,5468,7196,1,1729
2002,2,48,5456,5457,7199,1,1743
2321,3,48,6325,6326,7202,1,877
2635,5,48,7182,7183,7205,1,23
2637,1,48,7187,7188,7208,1,21
2322,4,48,6328,6329,7211,1,883
2641,5,48,7198,7199,7214,1,16
2008,2,48,5472,5473,7217,1,1745
2327,3,48,6341,6342,7220,1,879
2012,6,48,5483,5485,7223,2,1740
2643,1,48,7204,7205,7226,1,22
2328,4,48,6344,6346,7229,2,885
2647,5,48,7215,7217,7232,2,17
2014,2,48,5488,5489,7235,1,1747
2333,3,48,6358,6360,7238,2,880
2018,6,48,5499,5501,7241,2,1742
2649,1,48,7220,7221,7244,1,24
2334,4,48,6361,6362,7247,1,886
2653,5,48,7231,7232,7250,1,19
2655,1,48,7236,7237,7253,1,17
2339,3,48,6374,6376,7256,2,882
2024,6,48,5516,5518,7259,2,1743
2020,2,48,5505,5506,7262,1,1757
2340,4,48,6377,6378,7265,1,888
2659,5,48,7247,7248,7268,1,21
2661,1,48,7253,7255,7271,2,18
2345,3,48,6390,6392,7274,2,884
2030,6,48,5532,5534,7277,2,1745
2026,2,48,5521,5522,7280,1,1759
2346,4,48,6393,6395,7283,2,890
2665,5,48,7264,7265,7286,1,22
2667,1,48,7269,7271,7289,2,20
2351,3,48,6407,6409,7292,2,885
2036,6,48,5549,5551,7295,2,1746
2032,2,48,5538,5539,7298,1,1760
2352,4,48,6410,6411,7301,1,891
2671,5,48,7280,7281,7304,1,24
2673,1,48,7285,7286,7307,1,22
2357,3,48,6423,6425,7310,2,887
2677,5,48,7296,7297,7313,1,17
2038,2,48,5554,5555,7316,1,1762
2358,4,48,6426,6428,7319,2,893
2042,6,48,5565,5567,7322,2,1757
2679,1,48,7302,7304,7325,2,23
2363,3,48,6440,6442,7328,2,888
2683,5,48,7313,7314,7331,1,18
2685,1,48,7318,7319,7334,1,16
2364,4,48,6443,6444,7337,1,894
2048,6,48,5581,5582,7340,1,1759
2044,2,48,5570,5572,7343,2,1773
2369,3,48,6456,6458,7346,2,890
2689,5,48,7329,7330,7349,1,20
2691,1,48,7335,7337,7352,2,17
2370,4,48,6459,6461,7355,2,896
2054,6,48,5598,5600,7358,2,1760
2050,2,48,5587,5588,7361,1,1774
2375,3,48,6472,6473,7364,1,892
2695,5,48,7346,7347,7367,1,21
2697,1,48,7351,7352,7370,1,19
2376,4,48,6475,6476,7373,1,898
2060,6,48,5614,5615,7376,1,1762
2056,2,48,5603,5604,7379,1,1776
2381,3,48,6489,6491,7382,2,893
2701,5,48,7362,7363,7385,1,23
2703,1,48,7367,7368,7388,1,21
2382,4,48,6492,6493,7391,1,899
2707,5,48,7378,7379,7394,1,16
2062,2,48,5619,5621,7397,2,1778
2387,3,48,6505,6506,7400,1,895
2066,6,48,5630,5631,7403,1,1773
2709,1,48,7384,7385,7406,1,22
2388,4,48,6508,6509,7409,1,901
2713,5,48,7395,7397,7412,2,17
2068,2,48,5636,5637,7415,1,1779
2393,3,48,6521,6522,7418,1,897
2072,6,48,5647,5648,7421,1,1774
2715,1,48,7400,7401,7424,1,24
2394,4,48,6524,6526,7427,2,903
2719,5,48,7411,7412,7430,1,19
2721,1,48,7416,7417,7433,1,17
2399,3,48,6538,6540,7436,2,898
2078,6,48,5663,5665,7439,2,1776
2074,2,48,5652,5653,7442,1,1790
2400,4,48,6541,6542,7445,1,904
2725,5,48,7427,7428,7448,1,21
2727,1,48,7433,7435,7451,2,18
2405,3,48,6554,6556,7454,2,900
2084,6,48,5679,5681,7457,2,1778
2080,2,48,5668,5669,7460,1,1792
2406,4,48,6557,6558,7463,1,906
2731,5,48,7444,7445,7466,1,22
2733,1,48,7449,7451,7469,2,20
2411,3,48,6570,6572,7472,2,902
2090,6,48,5696,5698,7475,2,1779
2086,2,48,5685,5686,7478,1,1793
2412,4,48,6573,6575,7481,2,908
2737,5,48,7460,7461,7484,1,24
2739,1,48,7465,7466,7487,1,22
2417,3,48,6587,6589,7490,2,903
2743,5,48,7476,7477,7493,1,17
2092,2,48,5701,5702,7496,1,1795
2418,4,48,6590,6591,7499,1,909
2096,6,48,5712,5714,7502,2,1790
2745,1,48,7482,7484,7505,2,23
2423,3,48,6603,6605,7508,2,905
2749,5,48,7493,7494,7511,1,18
2751,1,48,7498,7499,7514,1,16
2424,4,48,6606,6608,7517,2,911
2102,6,48,5729,5731,7520,2,1791
2098,2,48,5718,5719,7523,1,1805
2429,3,48,6620,6622,7526,2,906
2755,5,48,7509,7510,7529,1,20
2757,1,48,7515,7517,7532,2,17
2430,4,48,6623,6624,7535,1,912
2108,6,48,5745,5747,7538,2,1793
2104,2,48,5734,5735,7541,1,1807
2435,3,48,6636,6638,7544,2,908
2761,5,48,7526,7527,7547,1,21
2763,1,48,7531,7532,7550,1,19
2436,4,48,6639,6641,7553,2,914
2114,6,48,5761,5762,7556,1,1795
2110,2,48,5750,5752,7559,2,1809
2441,3,48,6652,6653,7562,1,910
2767,5,48,7542,7543,7565,1,23
2769,1,48,7547,7548,7568,1,21
2442,4,48,6655,6656,7571,1,916
2773,5,48,7558,7559,7574,1,16
2116,2,48,5767,5768,7577,1,1810
2447,3,48,6669,6671,7580,2,911
2120,6,48,5778,5780,7583,2,1805
2775,1,48,7564,7565,7586,1,22
2448,4,48,6672,6673,7589,1,917
2779,5,48,7575,7577,7592,2,17
2122,2,48,5783,5784,7595,1,1812
2453,3,48,6685,6686,7598,1,913
2126,6,48,5794,5795,7601,1,1807
2781,1,48,7580,7581,7604,1,24
2454,4,48,6688,6689,7607,1,919
2785,5,48,7591,7592,7610,1,19
2787,1,48,7596,7597,7613,1,17
2459,3,48,6701,6702,7616,1,915
2132,6,48,5810,5811,7619,1,1809
2128,2,48,5799,5801,7622,2,1823
2460,4,48,6704,6706,7625,2,921
2791,5,48,7607,7608,7628,1,21
2793,1,48,7613,7615,7631,2,18
2465,3,48,6718,6720,7634,2,916
2138,6,48,5827,5828,7637,1,1810
2134,2,48,5816,5817,7640,1,1824
2466,4,48,6721,6722,7643,1,922
2797,5,48,7624,7625,7646,1,22
2799,1,48,7629,7631,7649,2,20
2471,3,48,6734,6736,7652,2,918
2144,6,48,5843,5845,7655,2,1812
2140,2,48,5832,5833,7658,1,1826
2472,4,48,6737,6738,7661,1,924
2803,5,48,7640,7641,7664,1,24
2805,1,48,7645,7646,7667,1,22
2477,3,48,6750,6752,7670,2,920
2809,5,48,7656,7657,7673,1,17
2146,2,48,5848,5849,7676,1,1828
2478,4,48,6753,6755,7679,2,926
2150,6,48,5859,5861,7682,2,1823
2811,1,48,7662,7664,7685,2,23
2483,3,48,6767,6769,7688,2,921
2815,5,48,7673,7674,7691,1,18
2817,1,48,7678,7679,7694,1,16
2484,4,48,6770,6771,7697,1,927
2156,6,48,5876,5878,7700,2,1824
2152,2,48,5865,5866,7703,1,1838
2489,3,48,6783,6785,7706,2,923
2821,5,48,7689,7690,7709,1,20
2823,1,48,7695,7697,7712,2,17
2490,4,48,6786,6788,7715,2,929
2162,6,48,5892,5894,7718,2,1826
2158,2,48,5881,5882,7721,1,1840
2495,3,48,6800,6802,7724,2,924
2827,5,48,7706,7707,7727,1,21
2829,1,48,7711,7712,7730,1,19
2496,4,48,6803,6804,7733,1,930
2168,6,48,5909,5911,7736,2,1827
2164,2,48,5898,5899,7739,1,1841
2501,3,48,6816,6818,7742,2,926
2833,5,48,7722,7723,7745,1,23
2835,1,48,7727,7728,7748,1,21
2502,4,48,6819,6821,7751,2,932
2839,5,48,7738,7739,7754,1,16
2170,2,48,5914,5915,7757,1,1843
2507,3,48,6832,6833,7760,1,928
2174,6,48,5925,5927,7763,2,1838
2841,1,48,7744,7745,7766,1,22
2508,4,48,6835,6836,7769,1,934
2845,5,48,7755,7757,7772,2,17
2176,2,48,5930,5932,7775,2,1845
2513,3,48,6849,6851,7778,2,929
2180,6,48,5941,5942,7781,1,1840
2847,1,48,7760,7761,7784,1,24
2514,4,48,6852,6853,7787,1,935
2851,5,48,7771,7772,7790,1,19
2853,1,48,7776,7777,7793,1,17
2519,3,48,6865,6866,7796,1,931
2186,6,48,5958,5960,7799,2,1841
2182,2,48,5947,5948,7802,1,1855
2520,4,48,6868,6869,7805,1,937
2857,5,48,7787,7788,7808,1,21
2859,1,48,7793,7795,7811,2,18
2525,3,48,6881,6882,7814,1,933
2192,6,48,5974,5975,7817,1,1843
2188,2,48,5963,5964,7820,1,1857
2526,4,48,6884,6886,7823,2,939
2863,5,48,7804,7805,7826,1,22
2865,1,48,7809,7811,7829,2,20
2531,3,48,6898,6900,7832,2,934
2198,6,48,5990,5991,7835,1,1845
2194,2,48,5979,5981,7838,2,1859
2532,4,48,6901,6902,7841,1,940
2869,5,48,7820,7821,7844,1,24
2871,1,48,7825,7826,7847,1,22
2537,3,48,6914,6916,7850,2,936
2875,5,48,7836,7837,7853,1,17
2200,2,48,5996,5997,7856,1,1860
2538,4,48,6917,6918,7859,1,942
2204,6,48,6007,6008,7862,1,1855
2877,1,48,7842,7844,7865,2,23
2543,3,48,6930,6932,7868,2,938
2881,5,48,7853,7854,7871,1,18
2883,1,48,7858,7859,7874,1,16
2544,4,48,6933,6935,7877,2,944
2210,6,48,6023,6025,7880,2,1857
2206,2,48,6012,6013,7883,1,1871
2549,3,48,6947,6949,7886,2,939
2887,5,48,7869,7870,7889,1,20
2889,1,48,7875,7877,7892,2,17
2550,4,48,6950,6951,7895,1,945
2216,6,48,6039,6041,7898,2,1859
2212,2,48,6028,6029,7901,1,1873
2555,3,48,6963,6965,7904,2,941
2893,5,48,7886,7887,7907,1,21
2895,1,48,7891,7892,7910,1,19
2556,4,48,6966,6968,7913,2,947
2222,6,48,6056,6058,7916,2,1860
2218,2,48,6045,6046,7919,1,1874
2561,3,48,6980,6982,7922,2,942
2899,5,48,7902,7903,7925,1,23
2901,1,48,7907,7908,7928,1,21
2562,4,48,6983,6984,7931,1,948
2905,5,48,7918,7919,7934,1,16
2224,2,48,6061,6062,7937,1,1876
2567,3,48,6996,6998,7940,2,944
2228,6,48,6072,6074,7943,2,1871
2907,1,48,7924,7925,7946,1,22
2568,4,48,6999,7001,7949,2,950
2911,5,48,7935,7937,7952,2,17
2230,2,48,6078,6079,7955,1,1877
2573,3,48,7012,7013,7958,1,946
2234,6,48,6089,6091,7961,2,1872
2913,1,48,7940,7941,7964,1,24
2574,4,48,7015,7016,7967,1,952
2917,5,48,7951,7952,7970,1,19
2919,1,48,7956,7957,7973,1,17
2579,3,48,7029,7031,7976,2,947
2240,6,48,6105,6107,7979,2,1874
2236,2,48,6094,6095,7982,1,1888
2580,4,48,7032,7033,7985,1,953
2923,5,48,7967,7968,7988,1,21
2925,1,48,7973,7975,7991,2,18
2585,3,48,7045,7046,7994,1,949
2246,6,48,6121,6122,7997,1,1876
2242,2,48,6110,6112,8000,2,1890
2586,4,48,7048,7049,8003,1,955
2929,5,48,7984,7985,8006,1,22
2931,1,48,7989,7991,8009,2,20
2591,3,48,7061,7062,8012,1,951
2252,6,48,6138,6140,8015,2,1877
2248,2,48,6127,6128,8018,1,1891
2592,4,48,7064,7066,8021,2,957
2935,5,48,8000,8001,8024,1,24
2937,1,48,8005,8006,8027,1,22
2597,3,48,7078,7080,8030,2,952
2941,5,48,8016,8017,8033,1,17
2254,2,48,6143,6144,8036,1,1893
2598,4,48,7081,7082,8039,1,958
2258,6,48,6154,6155,8042,1,1888
2943,1,48,8022,8024,8045,2,23
2603,3,48,7094,7096,8048,2,954
2947,5,48,8033,8034,8051,1,18
2949,1,48,8038,8039,8054,1,16
2604,4,48,7097,7098,8057,1,960
2264,6,48,6170,6171,8060,1,1890
2260,2,48,6159,6161,8063,2,1904
2609,3,48,7110,7112,8066,2,956
2953,5,48,8049,8050,8069,1,20
2955,1,48,8055,8057,8072,2,17
2610,4,48,7113,7115,8075,2,962
2270,6,48,6187,6188,8078,1,1891
2266,2,48,6176,6177,8081,1,1905
2615,3,48,7127,7129,8084,2,957
2959,5,48,8066,8067,8087,1,21
2961,1,48,8071,8072,8090,1,19
2616,4,48,7130,7131,8093,1,963
2276,6,48,6203,6205,8096,2,1893
2272,2,48,6192,6193,8099,1,1907
2621,3,48,7143,7145,8102,2,959
2965,5,48,8082,8083,8105,1,23
2967,1,48,8087,8088,8108,1,21
2622,4,48,7146,7148,8111,2,965
2971,5,48,8098,8099,8114,1,16
2278,2,48,6208,6209,8117,1,1909
2627,3,48,7160,7162,8120,2,960
2282,6,48,6219,6221,8123,2,1904
2973,1,48,8104,8105,8126,1,22
2628,4,48,7163,7164,8129,1,966
2977,5,48,8115,8117,8132,2,17
2284,2,48,6225,6226,8135,1,1910
2633,3,48,7176,7178,8138,2,962
2288,6,48,6236,6238,8141,2,1905
2979,1,48,8120,8121,8144,1,24
2634,4,48,7179,7181,8147,2,968
2983,5,48,8131,8132,8150,1,19
2985,1,48,8136,8137,8153,1,17
2639,3,48,7192,7193,8156,1,964
2294,6,48,6252,6254,8159,2,1907
2290,2,48,6241,6242,8162,1,1921
2640,4,48,7195,7196,8165,1,970
2989,5,48,8147,8148,8168,1,21
2991,1,48,8153,8155,8171,2,18
2645,3,48,7209,7211,8174,2,965
2300,6,48,6269,6271,8177,2,1908
2296,2,48,6258,6259,8180,1,1922
2646,4,48,7212,7213,8183,1,971
2995,5,48,8164,8165,8186,1,22
2997,1,48,8169,8171,8189,2,20
2651,3,48,7225,7226,8192,1,967
2306,6,48,6285,6287,8195,2,1910
2302,2,48,6274,6275,8198,1,1924
2652,4,48,7228,7229,8201,1,973
3001,5,48,8180,8181,8204,1,24
3003,1,48,8185,8186,8207,1,22
2657,3,48,7241,7242,8210,1,969
3007,5,48,8196,8197,8213,1,17
2308,2,48,6290,6292,8216,2,1926
2658,4,48,7244,7246,8219,2,975
2312,6,48,6301,6302,8222,1,1921
3009,1,48,8202,8204,8225,2,23
2663,3,48,7258,7260,8228,2,970
3013,5,48,8213,8214,8231,1,18
3015,1,48,8218,8219,8234,1,16
2664,4,48,7261,7262,8237,1,976
2318,6,48,6318,6320,8240,2,1922
2314,2,48,6307,6308,8243,1,1936
2669,3,48,7274,7276,8246,2,972
3019,5,48,8229,8230,8249,1,20
3021,1,48,8235,8237,8252,2,17
2670,4,48,7277,7278,8255,1,978
2324,6,48,6334,6335,8258,1,1924
2320,2,48,6323,6324,8261,1,1938
2675,3,48,7290,7292,8264,2,974
3025,5,48,8246,8247,8267,1,21
3027,1,48,8251,8252,8270,1,19
2676,4,48,7293,7295,8273,2,980
2330,6,48,6350,6351,8276,1,1926
2326,2,48,6339,6341,8279,2,1940
2681,3,48,7307,7309,8282,2,975
3031,5,48,8262,8263,8285,1,23
3033,1,48,8267,8268,8288,1,21
2682,4,48,7310,7311,8291,1,981
3037,5,48,8278,8279,8294,1,16
2332,2,48,6356,6357,8297,1,1941
2687,3,48,7323,7325,8300,2,977
2336,6,48,6367,6368,8303,1,1936
3039,1,48,8284,8285,8306,1,22
2688,4,48,7326,7328,8309,2,983
3043,5,48,8295,8297,8312,2,17
2338,2,48,6372,6373,8315,1,1943
2693,3,48,7340,7342,8318,2,978
2342,6,48,6383,6385,8321,2,1938
3045,1,48,8300,8301,8324,1,24
2694,4,48,7343,7344,8327,1,984
3049,5,48,8311,8312,8330,1,19
3051,1,48,8316,8317,8333,1,17
2699,3,48,7356,7358,8336,2,980
2348,6,48,6399,6401,8339,2,1940
2344,2,48,6388,6389,8342,1,1954
2700,4,48,7359,7361,8345,2,986
3055,5,48,8327,8328,8348,1,21
3057,1,48,8333,8335,8351,2,18
2705,3,48,7372,7373,8354,1,982
2354,6,48,6416,6418,8357,2,1941
2350,2,48,6405,6406,8360,1,1955
2706,4,48,7375,7376,8363,1,988
3061,5,48,8344,8345,8366,1,22
3063,1,48,8349,8351,8369,2,20
2711,3,48,7389,7391,8372,2,983
2360,6,48,6432,6434,8375,2,1943
2356,2,48,6421,6422,8378,1,1957
2712,4,48,7392,7393,8381,1,989
3067,5,48,8360,8361,8384,1,24
3069,1,48,8365,8366,8387,1,22
2717,3,48,7405,7406,8390,1,985
3073,5,48,8376,8377,8393,1,17
2362,2,48,6438,6439,8396,1,1958
2718,4,48,7408,7409,8399,1,991
2366,6,48,6449,6451,8402,2,1953
3075,1,48,8382,8384,8405,2,23
2723,3,48,7421,7422,8408,1,987
3079,5,48,8393,8394,8411,1,18
3081,1,48,8398,8399,8414,1,16
2724,4,48,7424,7426,8417,2,993
2372,6,48,6465,6467,8420,2,1955
2368,2,48,6454,6455,8423,1,1969
2729,3,48,7438,7440,8426,2,988
3085,5,48,8409,8410,8429,1,20
3087,1,48,8415,8417,8432,2,17
2730,4,48,7441,7442,8435,1,994
2378,6,48,6481,6482,8438,1,1957
2374,2,48,6470,6472,8441,2,1971
2735,3,48,7454,7456,8444,2,990
3091,5,48,8426,8427,8447,1,21
3093,1,48,8431,8432,8450,1,19
2736,4,48,7457,7458,8453,1,996
2384,6,48,6498,6500,8456,2,1958
2380,2,48,6487,6488,8459,1,1972
2741,3,48,7470,7472,8462,2,992
3097,5,48,8442,8443,8465,1,23
3099,1,48,8447,8448,8468,1,21
2742,4,48,7473,7475,8471,2,998
3103,5,48,8458,8459,8474,1,16
2386,2,48,6503,6504,8477,1,1974
2747,3,48,7487,7489,8480,2,993
2390,6,48,6514,6515,8483,1,1969
3105,1,48,8464,8465,8486,1,22
2748,4,48,7490,7491,8489,1,999
3109,5,48,8475,8477,8492,2,17
2392,2,48,6519,6521,8495,2,1976
2753,3,48,7503,7505,8498,2,995
2396,6,48,6530,6531,8501,1,1971
3111,1,48,8480,8481,8504,1,24
2754,4,48,7506,7508,8507,2,1001
3115,5,48,8491,8492,8510,1,19
3117,1,48,8496,8497,8513,1,17
2759,3,48,7520,7522,8516,2,996
2402,6,48,6547,6548,8519,1,1972
2398,2,48,6536,6537,8522,1,1986
2760,4,48,7523,7524,8525,1,1002
3121,5,48,8507,8508,8528,1,21
3123,1,48,8513,8515,8531,2,18
2765,3,48,7536,7538,8534,2,998
2408,6,48,6563,6565,8537,2,1974
2404,2,48,6552,6553,8540,1,1988
2766,4,48,7539,7541,8543,2,1004
3127,5,48,8524,8525,8546,1,22
3129,1,48,8529,8531,8549,2,20
2771,3,48,7552,7553,8552,1,1000
2414,6,48,6579,6581,8555,2,1976
2410,2,48,6568,6569,8558,1,1990
2772,4,48,7555,7556,8561,1,1006
3133,5,48,8540,8541,8564,1,24
3135,1,48,8545,8546,8567,1,22
2777,3,48,7569,7571,8570,2,1001
3139,5,48,8556,8557,8573,1,17
2416,2,48,6585,6586,8576,1,1991
2778,4,48,7572,7573,8579,1,1007
2420,6,48,6596,6598,8582,2,1986
3141,1,48,8562,8564,8585,2,23
2783,3,48,7585,7586,8588,1,1003
3145,5,48,8573,8574,8591,1,18
3147,1,48,8578,8579,8594,1,16
2784,4,48,7588,7589,8597,1,1009
2426,6,48,6612,6614,8600,2,1988
2422,2,48,6601,6602,8603,1,2002
2789,3,48,7601,7602,8606,1,1005
3151,5,48,8589,8590,8609,1,20
3153,1,48,8595,8597,8612,2,17
2790,4,48,7604,7606,8615,2,1011
2432,6,48,6629,6631,8618,2,1989
2428,2,48,6618,6619,8621,1,2003
2795,3,48,7618,7620,8624,2,1006
3157,5,48,8606,8607,8627,1,21
3159,1,48,8611,8612,8630,1,19
2796,4,48,7621,7622,8633,1,1012
2438,6,48,6645,6647,8636,2,1991
2434,2,48,6634,6635,8639,1,2005
2801,3,48,7634,7636,8642,2,1008
3163,5,48,8622,8623,8645,1,23
3165,1,48,8627,8628,8648,1,21
2802,4,48,7637,7638,8651,1,1014
3169,5,48,8638,8639,8654,1,16
2440,2,48,6650,6652,8657,2,2007
2807,3,48,7650,7652,8660,2,1010
2444,6,48,6661,6662,8663,1,2002
3171,1,48,8644,8645,8666,1,22
2808,4,48,7653,7655,8669,2,1016
3175,5,48,8655,8657,8672,2,17
2446,2,48,6667,6668,8675,1,2008
2813,3,48,7667,7669,8678,2,1011
2450,6,48,6678,6680,8681,2,2003
3177,1,48,8660,8661,8684,1,24
2814,4,48,7670,7671,8687,1,1017
3181,5,48,8671,8672,8690,1,19
3183,1,48,8676,8677,8693,1,17
2819,3,48,7683,7685,8696,2,1013
2456,6,48,6694,6695,8699,1,2005
2452,2,48,6683,6684,8702,1,2019
2820,4,48,7686,7688,8705,2,1019
3187,5,48,8687,8688,8708,1,21
3189,1,48,8693,8695,8711,2,18
2825,3,48,7700,7702,8714,2,1014
2462,6,48,6710,6711,8717,1,2007
2458,2,48,6699,6701,8720,2,2021
2826,4,48,7703,7704,8723,1,1020
3193,5,48,8704,8705,8726,1,22
3195,1,48,8709,8711,8729,2,20
2831,3,48,7716,7718,8732,2,1016
2468,6,48,6727,6728,8735,1,2008
2464,2,48,6716,6717,8738,1,2022
2832,4,48,7719,7721,8741,2,1022
3199,5,48,8720,8721,8744,1,24
3201,1,48,8725,8726,8747,1,22
2837,3,48,7732,7733,8750,1,1018
3205,5,48,8736,8737,8753,1,17
2470,2,48,6732,6733,8756,1,2024
2838,4,48,7735,7736,8759,1,1024
2474,6,48,6743,6745,8762,2,2019
3207,1,48,8742,8744,8765,2,23
2843,3,48,7749,7751,8768,2,1019
3211,5,48,8753,8754,8771,1,18
3213,1,48,8758,8759,8774,1,16
2844,4,48,7752,7753,8777,1,1025
2480,6,48,6759,6761,8780,2,2021
2476,2,48,6748,6749,8783,1,2035
2849,3,48,7765,7766,8786,1,1021
3217,5,48,8769,8770,8789,1,20
3219,1,48,8775,8777,8792,2,17
2850,4,48,7768,7769,8795,1,1027
2486,6,48,6776,6778,8798,2,2022
2482,2,48,6765,6766,8801,1,2036
2855,3,48,7781,7782,8804,1,1023
3223,5,48,8786,8787,8807,1,21
3225,1,48,8791,8792,8810,1,19
2856,4,48,7784,7786,8813,2,1029
2492,6,48,6792,6794,8816,2,2024
2488,2,48,6781,6782,8819,1,2038
2861,3,48,7798,7800,8822,2,1024
3229,5,48,8802,8803,8825,1,23
3231,1,48,8807,8808,8828,1,21
2862,4,48,7801,7802,8831,1,1030
3235,5,48,8818,8819,8834,1,16
2494,2,48,6798,6799,8837,1,2039
2867,3,48,7814,7816,8840,2,1026
2498,6,48,6809,6811,8843,2,2034
3237,1,48,8824,8825,8846,1,22
2868,4,48,7817,7818,8849,1,1032
3241,5,48,8835,8837,8852,2,17
2500,2,48,6814,6815,8855,1,2041
2873,3,48,7830,7832,8858,2,1028
2504,6,48,6825,6827,8861,2,2036
3243,1,48,8840,8841,8864,1,24
2874,4,48,7833,7835,8867,2,1034
3247,5,48,8851,8852,8870,1,19
3249,1,48,8856,8857,8873,1,17
2879,3,48,7847,7849,8876,2,1029
2510,6,48,6841,6842,8879,1,2038
2506,2,48,6830,6832,8882,2,2052
2880,4,48,7850,7851,8885,1,1035
3253,5,48,8867,8868,8888,1,21
3255,1,48,8873,8875,8891,2,18
2885,3,48,7863,7865,8894,2,1031
2516,6,48,6858,6860,8897,2,2039
2512,2,48,6847,6848,8900,1,2053
2886,4,48,7866,7868,8903,2,1037
3259,5,48,8884,8885,8906,1,22
3261,1,48,8889,8891,8909,2,20
2891,3,48,7880,7882,8912,2,1032
2522,6,48,6874,6875,8915,1,2041
2518,2,48,6863,6864,8918,1,2055
2892,4,48,7883,7884,8921,1,1038
3265,5,48,8900,8901,8924,1,24
3267,1,48,8905,8906,8927,1,22
2897,3,48,7896,7898,8930,2,1034
3271,5,48,8916,8917,8933,1,17
2524,2,48,6879,6881,8936,2,2057
2898,4,48,7899,7901,8939,2,1040
2528,6,48,6890,6891,8942,1,2052
3273,1,48,8922,8924,8945,2,23
2903,3,48,7912,7913,8948,1,1036
3277,5,48,8933,8934,8951,1,18
3279,1,48,8938,8939,8954,1,16
2904,4,48,7915,7916,8957,1,1042
2534,6,48,6907,6908,8960,1,2053
2530,2,48,6896,6897,8963,1,2067
2909,3,48,7929,7931,8966,2,1037
3283,5,48,8949,8950,8969,1,20
3285,1,48,8955,8957,8972,2,17
2910,4,48,7932,7933,8975,1,1043
2540,6,48,6923,6925,8978,2,2055
2536,2,48,6912,6913,8981,1,2069
2915,3,48,7945,7946,8984,1,1039
3289,5,48,8966,8967,8987,1,21
3291,1,48,8971,8972,8990,1,19
2916,4,48,7948,7949,8993,1,1045
2546,6,48,6939,6941,8996,2,2057
2542,2,48,6928,6929,8999,1,2071
2921,3,48,7961,7962,9002,1,1041
3295,5,48,8982,8983,9005,1,23
3297,1,48,8987,8988,9008,1,21
2922,4,48,7964,7966,9011,2,1047
3301,5,48,8998,8999,9014,1,16
2548,2,48,6945,6946,9017,1,2072
2927,3,48,7978,7980,9020,2,1042
2552,6,48,6956,6958,9023,2,2067
3303,1,48,9004,9005,9026,1,22
2928,4,48,7981,7982,9029,1,1048
3307,5,48,9015,9017,9032,2,17
2554,2,48,6961,6962,9035,1,2074
2933,3,48,7994,7996,9038,2,1044
2558,6,48,6972,6974,9041,2,2069
3309,1,48,9020,9021,9044,1,24
2934,4,48,7997,7998,9047,1,1050
3313,5,48,9031,9032,9050,1,19
3315,1,48,9036,9037,9053,1,17
2939,3,48,8010,8012,9056,2,1046
2564,6,48,6989,6991,9059,2,2070
2560,2,48,6978,6979,9062,1,2084
2940,4,48,8013,8015,9065,2,1052
3319,5,48,9047,9048,9068,1,21
3321,1,48,9053,9055,9071,2,18
2945,3,48,8027,8029,9074,2,1047
2570,6,48,7005,7007,9077,2,2072
2566,2,48,6994,6995,9080,1,2086
2946,4,48,8030,8031,9083,1,1053
3325,5,48,9064,9065,9086,1,22
3327,1,48,9069,9071,9089,2,20
2951,3,48,8043,8045,9092,2,1049
2576,6,48,7021,7022,9095,1,2074
2572,2,48,7010,7012,9098,2,2088
2952,4,48,8046,8048,9101,2,1055
3331,5,48,9080,9081,9104,1,24
3333,1,48,9085,9086,9107,1,22
2957,3,48,8060,8062,9110,2,1050
3337,5,48,9096,9097,9113,1,17
2578,2,48,7027,7028,9116,1,2089
2958,4,48,8063,8064,9119,1,1056
2582,6,48,7038,7040,9122,2,2084
3339,1,48,9102,9104,9125,2,23
2963,3,48,8076,8078,9128,2,1052
3343,5,48,9113,9114,9131,1,18
3345,1,48,9118,9119,9134,1,16
2964,4,48,8079,8081,9137,2,1058
2588,6,48,7054,7055,9140,1,2086
2584,2,48,7043,7044,9143,1,2100
2969,3,48,8092,8093,9146,1,1054
3349,5,48,9129,9130,9149,1,20
3351,1,48,9135,9137,9152,2,17
2970,4,48,8095,8096,9155,1,1060
2594,6,48,7070,7071,9158,1,2088
2590,2,48,7059,7061,9161,2,2102
2975,3,48,8109,8111,9164,2,1055
3355,5,48,9146,9147,9167,1,21
3357,1,48,9151,9152,9170,1,19
2976,4,48,8112,8113,9173,1,1061
2600,6,48,7087,7088,9176,1,2089
2596,2,48,7076,7077,9179,1,2103
2981,3,48,8125,8126,9182,1,1057
3361,5,48,9162,9163,9185,1,23
3363,1,48,9167,9168,9188,1,21
2982,4,48,8128,8129,9191,1,1063
3367,5,48,9178,9179,9194,1,16
2602,2,48,7092,7093,9197,1,2105
2987,3,48,8141,8142,9200,1,1059
2606,6,48,7103,7105,9203,2,2100
3369,1,48,9184,9185,9206,1,22
2988,4,48,8144,8146,9209,2,1065
3373,5,48,9195,9197,9212,2,17
2608,2,48,7108,7109,9215,1,2107
2993,3,48,8158,8160,9218,2,1060
2612,6,48,7119,7121,9221,2,2102
3375,1,48,9200,9201,9224,1,24
2994,4,48,8161,8162,9227,1,1066
3379,5,48,9211,9212,9230,1,19
3381,1,48,9216,9217,9233,1,17
2999,3,48,8174,8176,9236,2,1062
2618,6,48,7136,7138,9239,2,2103
2614,2,48,7125,7126,9242,1,2117
3000,4,48,8177,8178,9245,1,1068
3385,5,48,9227,9228,9248,1,21
3387,1,48,9233,9235,9251,2,18
3005,3,48,8190,8192,9254,2,1064
2624,6,48,7152,7154,9257,2,2105
2620,2,48,7141,7142,9260,1,2119
3006,4,48,8193,8195,9263,2,1070
3391,5,48,9244,9245,9266,1,22
3393,1,48,9249,9251,9269,2,20
3011,3,48,8207,8209,9272,2,1065
2630,6,48,7169,7171,9275,2,2106
2626,2,48,7158,7159,9278,1,2120
3012,4,48,8210,8211,9281,1,1071
3397,5,48,9260,9261,9284,1,24
3399,1,48,9265,9266,9287,1,22
3017,3,48,8223,8225,9290,2,1067
3403,5,48,9276,9277,9293,1,17
2632,2,48,7174,7175,9296,1,2122
3018,4,48,8226,8228,9299,2,1073
2636,6,48,7185,7187,9302,2,2117
3405,1,48,9282,9284,9305,2,23
3023,3,48,8240,8242,9308,2,1068
3409,5,48,9293,9294,9311,1,18
3411,1,48,9298,9299,9314,1,16
3024,4,48,8243,8244,9317,1,1074
2642,6,48,7201,7202,9320,1,2119
2638,2,48,7190,7192,9323,2,2133
3029,3,48,8256,8258,9326,2,1070
3415,5,48,9309,9310,9329,1,20
3417,1,48,9315,9317,9332,2,17
3030,4,48,8259,8261,9335,2,1076
2648,6,48,7218,7220,9338,2,2120
2644,2,48,7207,7208,9341,1,2134
3035,3,48,8272,8273,9344,1,1072
3421,5,48,9326,9327,9347,1,21
3423,1,48,9331,9332,9350,1,19
3036,4,48,8275,8276,9353,1,1078
2654,6,48,7234,7235,9356,1,2122
2650,2,48,7223,7224,9359,1,2136
3041,3,48,8289,8291,9362,2,1073
3427,5,48,9342,9343,9365,1,23
3429,1,48,9347,9348,9368,1,21
3042,4,48,8292,8293,9371,1,1079
3433,5,48,9358,9359,9374,1,16
2656,2,48,7239,7241,9377,2,2138
3047,3,48,8305,8306,9380,1,1075
2660,6,48,7250,7251,9383,1,2133
3435,1,48,9364,9365,9386,1,22
3048,4,48,8308,8309,9389,1,1081
3439,5,48,9375,9377,9392,2,17
2662,2,48,7256,7257,9395,1,2139
3053,3,48,8321,8322,9398,1,1077
2666,6,48,7267,7268,9401,1,2134
3441,1,48,9380,9381,9404,1,24
3054,4,48,8324,8326,9407,2,1083
3445,5,48,9391,9392,9410,1,19
3447,1,48,9396,9397,9413,1,17
3059,3,48,8338,8340,9416,2,1078
2672,6,48,7283,7285,9419,2,2136
2668,2,48,7272,7273,9422,1,2150
3060,4,48,8341,8342,9425,1,1084
3451,5,48,9407,9408,9428,1,21
3453,1,48,9413,9415,9431,2,18
3065,3,48,8354,8356,9434,2,1080
2678,6,48,7299,7301,9437,2,2138
2674,2,48,7288,7289,9440,1,2152
3066,4,48,8357,8358,9443,1,1086
3457,5,48,9424,9425,9446,1,22
3459,1,48,9429,9431,9449,2,20
3071,3,48,8370,8372,9452,2,1082
2684,6,48,7316,7318,9455,2,2139
2680,2,48,7305,7306,9458,1,2153
3072,4,48,8373,8375,9461,2,1088
3463,5,48,9440,9441,9464,1,24
3465,1,48,9445,9446,9467,1,22
3077,3,48,8387,8389,9470,2,1083
3469,5,48,9456,9457,9473,1,17
2686,2,48,7321,7322,9476,1,2155
3078,4,48,8390,8391,9479,1,1089
2690,6,48,7332,7334,9482,2,2150
3471,1,48,9462,9464,9485,2,23
3083,3,48,8403,8405,9488,2,1085
3475,5,48,9473,9474,9491,1,18
3477,1,48,9478,9479,9494,1,16
3084,4,48,8406,8408,9497,2,1091
2696,6,48,7349,7351,9500,2,2151
2692,2,48,7338,7339,9503,1,2165
3089,3,48,8420,8422,9506,2,1086
3481,5,48,9489,9490,9509,1,20
3483,1,48,9495,9497,9512,2,17
3090,4,48,8423,8424,9515,1,1092
2702,6,48,7365,7367,9518,2,2153
2698,2,48,7354,7355,9521,1,2167
3095,3,48,8436,8438,9524,2,1088
3487,5,48,9506,9507,9527,1,21
3489,1,48,9511,9512,9530,1,19
3096,4,48,8439,8441,9533,2,1094
2708,6,48,7381,7382,9536,1,2155
2704,2,48,7370,7372,9539,2,2169
3101,3,48,8452,8453,9542,1,1090
3493,5,48,9522,9523,9545,1,23
3495,1,48,9527,9528,9548,1,21
3102,4,48,8455,8456,9551,1,1096
3499,5,48,9538,9539,9554,1,16
2710,2,48,7387,7388,9557,1,2170
3107,3,48,8469,8471,9560,2,1091
2714,6,48,7398,7400,9563,2,2165
3501,1,48,9544,9545,9566,1,22
3108,4,48,8472,8473,9569,1,1097
3505,5,48,9555,9557,9572,2,17
2716,2,48,7403,7404,9575,1,2172
3113,3,48,8485,8486,9578,1,1093
2720,6,48,7414,7415,9581,1,2167
3507,1,48,9560,9561,9584,1,24
3114,4,48,8488,8489,9587,1,1099
3511,5,48,9571,9572,9590,1,19
3513,1,48,9576,9577,9593,1,17
3119,3,48,8501,8502,9596,1,1095
2726,6,48,7430,7431,9599,1,2169
2722,2,48,7419,7421,9602,2,2183
3120,4,48,8504,8506,9605,2,1101
3517,5,48,9587,9588,9608,1,21
3519,1,48,9593,9595,9611,2,18
3125,3,48,8518,8520,9614,2,1096
2732,6,48,7447,7448,9617,1,2170
2728,2,48,7436,7437,9620,1,2184
3126,4,48,8521,8522,9623,1,1102
3523,5,48,9604,9605,9626,1,22
3525,1,48,9609,9611,9629,2,20
3131,3,48,8534,8536,9632,2,1098
2738,6,48,7463,7465,9635,2,2172
2734,2,48,7452,7453,9638,1,2186
3132,4,48,8537,8538,9641,1,1104
3529,5,48,9620,9621,9644,1,24
3531,1,48,9625,9626,9647,1,22
3137,3,48,8550,8552,9650,2,1100
3535,5,48,9636,9637,9653,1,17
2740,2,48,7468,7469,9656,1,2188
3138,4,48,8553,8555,9659,2,1106
2744,6,48,7479,7481,9662,2,2183
3537,1,48,9642,9644,9665,2,23
3143,3,48,8567,8569,9668,2,1101
3541,5,48,9653,9654,9671,1,18
3543,1,48,9658,9659,9674,1,16
3144,4,48,8570,8571,9677,1,1107
2750,6,48,7496,7498,9680,2,2184
2746,2,48,7485,7486,9683,1,2198
3149,3,48,8583,8585,9686,2,1103
3547,5,48,9669,9670,9689,1,20
3549,1,48,9675,9677,9692,2,17
3150,4,48,8586,8588,9695,2,1109
2756,6,48,7512,7514,9698,2,2186
2752,2,48,7501,7502,9701,1,2200
3155,3,48,8600,8602,9704,2,1104
3553,5,48,9686,9687,9707,1,21
3555,1,48,9691,9692,9710,1,19
3156,4,48,8603,8604,9713,1,1110
2762,6,48,7529,7531,9716,2,2187
2758,2,48,7518,7519,9719,1,2201
3161,3,48,8616,8618,9722,2,1106
3559,5,48,9702,9703,9725,1,23
3561,1,48,9707,9708,9728,1,21
3162,4,48,8619,8621,9731,2,1112
3565,5,48,9718,9719,9734,1,16
2764,2,48,7534,7535,9737,1,2203
3167,3,48,8632,8633,9740,1,1108
2768,6,48,7545,7547,9743,2,2198
3567,1,48,9724,9725,9746,1,22
3168,4,48,8635,8636,9749,1,1114
3571,5,48,9735,9737,9752,2,17
2770,2,48,7550,7552,9755,2,2205
3173,3,48,8649,8651,9758,2,1109
2774,6,48,7561,7562,9761,1,2200
3573,1,48,9740,9741,9764,1,24
3174,4,48,8652,8653,9767,1,1115
3577,5,48,9751,9752,9770,1,19
3579,1,48,9756,9757,9773,1,17
3179,3,48,8665,8666,9776,1,1111
2780,6,48,7578,7580,9779,2,2201
2776,2,48,7567,7568,9782,1,2215
3180,4,48,8668,8669,9785,1,1117
3583,5,48,9767,9768,9788,1,21
3585,1,48,9773,9775,9791,2,18
3185,3,48,8681,8682,9794,1,1113
2786,6,48,7594,7595,9797,1,2203
2782,2,48,7583,7584,9800,1,2217
3186,4,48,8684,8686,9803,2,1119
3589,5,48,9784,9785,9806,1,22
3591,1,48,9789,9791,9809,2,20
3191,3,48,8698,8700,9812,2,1114
2792,6,48,7610,7611,9815,1,2205
2788,2,48,7599,7601,9818,2,2219
3192,4,48,8701,8702,9821,1,1120
3595,5,48,9800,9801,9824,1,24
3597,1,48,9805,9806,9827,1,22
3197,3,48,8714,8716,9830,2,1116
3601,5,48,9816,9817,9833,1,17
2794,2,48,7616,7617,9836,1,2220
3198,4,48,8717,8718,9839,1,1122
2798,6,48,7627,7628,9842,1,2215
3603,1,48,9822,9824,9845,2,23
3203,3,48,8730,8732,9848,2,1118
3607,5,48,9833,9834,9851,1,18
3609,1,48,9838,9839,9854,1,16
3204,4,48,8733,8735,9857,2,1124
2804,6,48,7643,7645,9860,2,2217
2800,2,48,7632,7633,9863,1,2231
3209,3,48,8747,8749,9866,2,1119
3613,5,48,9849,9850,9869,1,20
3615,1,48,9855,9857,9872,2,17
3210,4,48,8750,8751,9875,1,1125
2810,6,48,7659,7661,9878,2,2219
2806,2,48,7648,7649,9881,1,2233
3215,3,48,8763,8765,9884,2,1121
3619,5,48,9866,9867,9887,1,21
3621,1,48,9871,9872,9890,1,19
3216,4,48,8766,8768,9893,2,1127
2816,6,48,7676,7678,9896,2,2220
2812,2,48,7665,7666,9899,1,2234
3221,3,48,8780,8782,9902,2,1122
3625,5,48,9882,9883,9905,1,23
3627,1,48,9887,9888,9908,1,21
3222,4,48,8783,8784,9911,1,1128
3631,5,48,9898,9899,9914,1,16
2818,2,48,7681,7682,9917,1,2236
3227,3,48,8796,8798,9920,2,1124
2822,6,48,7692,7694,9923,2,2231
3633,1,48,9904,9905,9926,1,22
3228,4,48,8799,8801,9929,2,1130
3637,5,48,9915,9917,9932,2,17
2824,2,48,7698,7699,9935,1,2237
3233,3,48,8812,8813,9938,1,1126
2828,6,48,7709,7711,9941,2,2232
3639,1,48,9920,9921,9944,1,24
3234,4,48,8815,8816,9947,1,1132
3643,5,48,9931,9932,9950,1,19
3645,1,48,9936,9937,9953,1,17
3239,3,48,8829,8831,9956,2,1127
2834,6,48,7725,7727,9959,2,2234
2830,2,48,7714,7715,9962,1,2248
3240,4,48,8832,8833,9965,1,1133
3649,5,48,9947,9948,9968,1,21
3651,1,48,9953,9955,9971,2,18
3245,3,48,8845,8846,9974,1,1129
2840,6,48,7741,7742,9977,1,2236
2836,2,48,7730,7732,9980,2,2250
3246,4,48,8848,8849,9983,1,1135
3655,5,48,9964,9965,9986,1,22
3657,1,48,9969,9971,9989,2,20
3251,3,48,8861,8862,9992,1,1131
2846,6,48,7758,7760,9995,2,2237
2842,2,48,7747,7748,9998,1,2251
3252,4,48,8864,8866,10001,2,1137
3661,5,48,9980,9981,10004,1,24
3663,1,48,9985,9986,10007,1,22
3257,3,48,8878,8880,10010,2,1132
3667,5,48,9996,9997,10013,1,17
2848,2,48,7763,7764,10016,1,2253
3258,4,48,8881,8882,10019,1,1138
2852,6,48,7774,7775,10022,1,2248
2854,2,48,7779,7781,10025,2,2246
3263,3,48,8894,8896,10028,2,1134
2858,6,48,7790,7791,10031,1,2241
2860,2,48,7796,7797,10034,1,2238
3264,4,48,8897,8898,10037,1,1140
2864,6,48,7807,7808,10040,1,2233
2866,2,48,7812,7813,10043,1,2231
3269,3,48,8910,8912,10046,2,1136
2870,6,48,7823,7825,10049,2,2226
2872,2,48,7828,7829,10052,1,2224
3270,4,48,8913,8915,10055,2,1142
2876,6,48,7839,7841,10058,2,2219
2878,2,48,7845,7846,10061,1,2216
3275,3,48,8927,8929,10064,2,1137
2882,6,48,7856,7858,10067,2,2211
2884,2,48,7861,7862,10070,1,2209
3276,4,48,8930,8931,10073,1,1143
2888,6,48,7872,7874,10076,2,2204
2890,2,48,7878,7879,10079,1,2201
3281,3,48,8943,8945,10082,2,1139
2894,6,48,7889,7891,10085,2,2196
2896,2,48,7894,7895,10088,1,2194
3282,4,48,8946,8948,10091,2,1145
2900,6,48,7905,7907,10094,2,2189
2902,2,48,7910,7912,10097,2,2187
3287,3,48,8960,8962,10100,2,1140
2906,6,48,7921,7922,10103,1,2182
2908,2,48,7927,7928,10106,1,2179
3288,4,48,8963,8964,10109,1,1146
2912,6,48,7938,7940,10112,2,2174
2914,2,48,7943,7944,10115,1,2172
3293,3,48,8976,8978,10118,2,1142
2918,6,48,7954,7955,10121,1,2167
2920,2,48,7959,7961,10124,2,2165
3294,4,48,8979,8981,10127,2,1148
2924,6,48,7970,7971,10130,1,2160
2926,2,48,7976,7977,10133,1,2157
3299,3,48,8992,8993,10136,1,1144
2930,6,48,7987,7988,10139,1,2152
2932,2,48,7992,7993,10142,1,2150
3300,4,48,8995,8996,10145,1,1150
2936,6,48,8003,8005,10148,2,2145
2938,2,48,8008,8009,10151,1,2143
3305,3,48,9009,9011,10154,2,1145
2942,6,48,8019,8021,10157,2,2138
2944,2,48,8025,8026,10160,1,2135
3306,4,48,9012,9013,10163,1,1151
2948,6,48,8036,8038,10166,2,2130
2950,2,48,8041,8042,10169,1,2128
3311,3,48,9025,9026,10172,1,1147
2954,6,48,8052,8054,10175,2,2123
2956,2,48,8058,8059,10178,1,2120
3312,4,48,9028,9029,10181,1,1153
2960,6,48,8069,8071,10184,2,2115
2962,2,48,8074,8075,10187,1,2113
3317,3,48,9041,9042,10190,1,1149
2966,6,48,8085,8087,10193,2,2108
2968,2,48,8090,8092,10196,2,2106
3318,4,48,9044,9046,10199,2,1155
2972,6,48,8101,8102,10202,1,2101
2974,2,48,8107,8108,10205,1,2098
3323,3,48,9058,9060,10208,2,1150
2978,6,48,8118,8120,10211,2,2093
2980,2,48,8123,8124,10214,1,2091
3324,4,48,9061,9062,10217,1,1156
2984,6,48,8134,8135,10220,1,2086
2986,2,48,8139,8141,10223,2,2084
3329,3,48,9074,9076,10226,2,1152
2990,6,48,8150,8151,10229,1,2079
2992,2,48,8156,8157,10232,1,2076
3330,4,48,9077,9078,10235,1,1158
2996,6,48,8167,8168,10238,1,2071
2998,2,48,8172,8173,10241,1,2069
3335,3,48,9090,9092,10244,2,1154
3002,6,48,8183,8185,10247,2,2064
3004,2,48,8188,8189,10250,1,2062
3336,4,48,9093,9095,10253,2,1160
3008,6,48,8199,8201,10256,2,2057
3010,2,48,8205,8206,10259,1,2054
3341,3,48,9107,9109,10262,2,1155
3014,6,48,8216,8218,10265,2,2049
3016,2,48,8221,8222,10268,1,2047
3342,4,48,9110,9111,10271,1,1161
3020,6,48,8232,8234,10274,2,2042
3022,2,48,8238,8239,10277,1,2039
3347,3,48,9123,9125,10280,2,1157
3026,6,48,8249,8251,10283,2,2034
3028,2,48,8254,8255,10286,1,2032
3348,4,48,9126,9128,10289,2,1163
3032,6,48,8265,8267,10292,2,2027
3034,2,48,8270,8272,10295,2,2025
3353,3,48,9140,9142,10298,2,1158
3038,6,48,8281,8282,10301,1,2020
3040,2,48,8287,8288,10304,1,2017
3354,4,48,9143,9144,10307,1,1164
3044,6,48,8298,8300,10310,2,2012
3046,2,48,8303,8304,10313,1,2010
3359,3,48,9156,9158,10316,2,1160
3050,6,48,8314,8315,10319,1,2005
3052,2,48,8319,8321,10322,2,2003
3360,4,48,9159,9161,10325,2,1166
3056,6,48,8330,8331,10328,1,1998
3058,2,48,8336,8337,10331,1,1995
3365,3,48,9172,9173,10334,1,1162
3062,6,48,8347,8348,10337,1,1990
3064,2,48,8352,8353,10340,1,1988
3366,4,48,9175,9176,10343,1,1168
3068,6,48,8363,8365,10346,2,1983
3070,2,48,8368,8369,10349,1,1981
3371,3,48,9189,9191,10352,2,1163
3074,6,48,8379,8381,10355,2,1976
3076,2,48,8385,8386,10358,1,1973
3372,4,48,9192,9193,10361,1,1169
3080,6,48,8396,8398,10364,2,1968
3082,2,48,8401,8402,10367,1,1966
3377,3,48,9205,9206,10370,1,1165
3086,6,48,8412,8414,10373,2,1961
3088,2,48,8418,8419,10376,1,1958
3378,4,48,9208,9209,10379,1,1171
3092,6,48,8429,8431,10382,2,1953
3094,2,48,8434,8435,10385,1,1951
3383,3,48,9221,9222,10388,1,1167
3098,6,48,8445,8447,10391,2,1946
3100,2,48,8450,8452,10394,2,1944
3384,4,48,9224,9226,10397,2,1173
3104,6,48,8461,8462,10400,1,1939
3106,2,48,8467,8468,10403,1,1936
3389,3,48,9238,9240,10406,2,1168
3110,6,48,8478,8480,10409,2,1931
3112,2,48,8483,8484,10412,1,1929
3390,4,48,9241,9242,10415,1,1174
3116,6,48,8494,8495,10418,1,1924
3118,2,48,8499,8501,10421,2,1922
3395,3,48,9254,9256,10424,2,1170
3122,6,48,8510,8511,10427,1,1917
3124,2,48,8516,8517,10430,1,1914
3396,4,48,9257,9258,10433,1,1176
3128,6,48,8527,8528,10436,1,1909
3130,2,48,8532,8533,10439,1,1907
3401,3,48,9270,9272,10442,2,1172
3134,6,48,8543,8545,10445,2,1902
3136,2,48,8548,8549,10448,1,1900
3402,4,48,9273,9275,10451,2,1178
3140,6,48,8559,8561,10454,2,1895
3142,2,48,8565,8566,10457,1,1892
3407,3,48,9287,9289,10460,2,1173
3146,6,48,8576,8578,10463,2,1887
3148,2,48,8581,8582,10466,1,1885
3408,4,48,9290,9291,10469,1,1179
3152,6,48,8592,8594,10472,2,1880
3154,2,48,8598,8599,10475,1,1877
3413,3,48,9303,9305,10478,2,1175
3158,6,48,8609,8611,10481,2,1872
3160,2,48,8614,8615,10484,1,1870
3414,4,48,9306,9308,10487,2,1181
3164,6,48,8625,8627,10490,2,1865
3166,2,48,8630,8632,10493,2,1863
3419,3,48,9320,9322,10496,2,1176
3170,6,48,8641,8642,10499,1,1858
3172,2,48,8647,8648,10502,1,1855
3420,4,48,9323,9324,10505,1,1182
3176,6,48,8658,8660,10508,2,1850
3178,2,48,8663,8664,10511,1,1848
3425,3,48,9336,9338,10514,2,1178
3182,6,48,8674,8675,10517,1,1843
3184,2,48,8679,8681,10520,2,1841
3426,4,48,9339,9341,10523,2,1184
3188,6,48,8690,8691,10526,1,1836
3190,2,48,8696,8697,10529,1,1833
3431,3,48,9352,9353,10532,1,1180
3194,6,48,8707,8708,10535,1,1828
3196,2,48,8712,8713,10538,1,1826
3432,4,48,9355,9356,10541,1,1186
3200,6,48,8723,8725,10544,2,1821
3202,2,48,8728,8729,10547,1,1819
3437,3,48,9369,9371,10550,2,1181
3206,6,48,8739,8741,10553,2,1814
3208,2,48,8745,8746,10556,1,1811
3438,4,48,9372,9373,10559,1,1187
3212,6,48,8756,8758,10562,2,1806
3214,2,48,8761,8762,10565,1,1804
3443,3,48,9385,9386,10568,1,1183
3218,6,48,8772,8774,10571,2,1799
3220,2,48,8778,8779,10574,1,1796
3444,4,48,9388,9389,10577,1,1189
3224,6,48,8789,8791,10580,2,1791
3226,2,48,8794,8795,10583,1,1789
3449,3,48,9401,9402,10586,1,1185
3230,6,48,8805,8807,10589,2,1784
3232,2,48,8810,8812,10592,2,1782
3450,4,48,9404,9406,10595,2,1191
3236,6,48,8821,8822,10598,1,1777
3238,2,48,8827,8828,10601,1,1774
3455,3,48,9418,9420,10604,2,1186
3242,6,48,8838,8840,10607,2,1769
3244,2,48,8843,8844,10610,1,1767
3456,4,48,9421,9422,10613,1,1192
3248,6,48,8854,8855,10616,1,1762
3250,2,48,8859,8861,10619,2,1760
3461,3,48,9434,9436,10622,2,1188
3254,6,48,8870,8871,10625,1,1755
3256,2,48,8876,8877,10628,1,1752
3462,4,48,9437,9438,10631,1,1194
3260,6,48,8887,8888,10634,1,1747
3262,2,48,8892,8893,10637,1,1745
3467,3,48,9450,9452,10640,2,1190
3266,6,48,8903,8905,10643,2,1740
3268,2,48,8908,8909,10646,1,1738
3468,4,48,9453,9455,10649,2,1196
3272,6,48,8919,8921,10652,2,1733
3274,2,48,8925,8926,10655,1,1730
3473,3,48,9467,9469,10658,2,1191
3278,6,48,8936,8938,10661,2,1725
3280,2,48,8941,8942,10664,1,1723
3474,4,48,9470,9471,10667,1,1197
3284,6,48,8952,8954,10670,2,1718
3286,2,48,8958,8959,10673,1,1715
3479,3,48,9483,9485,10676,2,1193
3290,6,48,8969,8971,10679,2,1710
3292,2,48,8974,8975,10682,1,1708
3480,4,48,9486,9488,10685,2,1199
3296,6,48,8985,8987,10688,2,1703
3298,2,48,8990,8992,10691,2,1701
3485,3,48,9500,9502,10694,2,1194
3302,6,48,9001,9002,10697,1,1696
3304,2,48,9007,9008,10700,1,1693
3486,4,48,9503,9504,10703,1,1200
3308,6,48,9018,9020,10706,2,1688
3310,2,48,9023,9024,10709,1,1686
3491,3,48,9516,9518,10712,2,1196
3314,6,48,9034,9035,10715,1,1681
3316,2,48,9039,9041,10718,2,1679
3492,4,48,9519,9521,10721,2,1202
3320,6,48,9050,9051,10724,1,1674
3322,2,48,9056,9057,10727,1,1671
3497,3,48,9532,9533,10730,1,1198
3326,6,48,9067,9068,10733,1,1666
3328,2,48,9072,9073,10736,1,1664
3498,4,48,9535,9536,10739,1,1204
3332,6,48,9083,9085,10742,2,1659
3334,2,48,9088,9089,10745,1,1657
3503,3,48,9549,9551,10748,2,1199
3338,6,48,9099,9101,10751,2,1652
3340,2,48,9105,9106,10754,1,1649
3504,4,48,9552,9553,10757,1,1205
3344,6,48,9116,9118,10760,2,1644
3346,2,48,9121,9122,10763,1,1642
3509,3,48,9565,9566,10766,1,1201
3350,6,48,9132,9134,10769,2,1637
3352,2,48,9138,9139,10772,1,1634
3510,4,48,9568,9569,10775,1,1207
3356,6,48,9149,9151,10778,2,1629
3358,2,48,9154,9155,10781,1,1627
3515,3,48,9581,9582,10784,1,1203
3362,6,48,9165,9167,10787,2,1622
3364,2,48,9170,9172,10790,2,1620
3516,4,48,9584,9586,10793,2,1209
3368,6,48,9181,9182,10796,1,1615
3370,2,48,9187,9188,10799,1,1612
3521,3,48,9598,9600,10802,2,1204
3374,6,48,9198,9200,10805,2,1607
3376,2,48,9203,9204,10808,1,1605
3522,4,48,9601,9602,10811,1,1210
3380,6,48,9214,9215,10814,1,1600
3382,2,48,9219,9221,10817,2,1598
3527,3,48,9614,9616,10820,2,1206
3386,6,48,9230,9231,10823,1,1593
3388,2,48,9236,9237,10826,1,1590
3528,4,48,9617,9618,10829,1,1212
3392,6,48,9247,9248,10832,1,1585
3394,2,48,9252,9253,10835,1,1583
3533,3,48,9630,9632,10838,2,1208
3398,6,48,9263,9265,10841,2,1578
3400,2,48,9268,9269,10844,1,1576
3534,4,48,9633,9635,10847,2,1214
3404,6,48,9279,9281,10850,2,1571
3406,2,48,9285,9286,10853,1,1568
3539,3,48,9647,9649,10856,2,1209
3410,6,48,9296,9298,10859,2,1563
3412,2,48,9301,9302,10862,1,1561
3540,4,48,9650,9651,10865,1,1215
3416,6,48,9312,9314,10868,2,1556
3418,2,48,9318,9319,10871,1,1553
3545,3,48,9663,9665,10874,2,1211
3422,6,48,9329,9331,10877,2,1548
3424,2,48,9334,9335,10880,1,1546
3546,4,48,9666,9668,10883,2,1217
3428,6,48,9345,9347,10886,2,1541
3430,2,48,9350,9352,10889,2,1539
3551,3,48,9680,9682,10892,2,1212
3434,6,48,9361,9362,10895,1,1534
3436,2,48,9367,9368,10898,1,1531
3552,4,48,9683,9684,10901,1,1218
3440,6,48,9378,9380,10904,2,1526
3442,2,48,9383,9384,10907,1,1524
3557,3,48,9696,9698,10910,2,1214
3446,6,48,9394,9395,10913,1,1519
3448,2,48,9399,9401,10916,2,1517
3558,4,48,9699,9701,10919,2,1220
3452,6,48,9410,9411,10922,1,1512
3454,2,48,9416,9417,10925,1,1509
3563,3,48,9712,9713,10928,1,1216
3458,6,48,9427,9428,10931,1,1504
3460,2,48,9432,9433,10934,1,1502
3564,4,48,9715,9716,10937,1,1222
3464,6,48,9443,9445,10940,2,1497
3466,2,48,9448,9449,10943,1,1495
3569,3,48,9729,9731,10946,2,1217
3470,6,48,9459,9461,10949,2,1490
3472,2,48,9465,9466,10952,1,1487
3570,4,48,9732,9733,10955,1,1223
3476,6,48,9476,9478,10958,2,1482
3478,2,48,9481,9482,10961,1,1480
3575,3,48,9745,9746,10964,1,1219
3482,6,48,9492,9494,10967,2,1475
3484,2,48,9498,9499,10970,1,1472
3576,4,48,9748,9749,10973,1,1225
3488,6,48,9509,9511,10976,2,1467
3490,2,48,9514,9515,10979,1,1465
3581,3,48,9761,9762,10982,1,1221
3494,6,48,9525,9527,10985,2,1460
3496,2,48,9530,9532,10988,2,1458
3582,4,48,9764,9766,10991,2,1227
3500,6,48,9541,9542,10994,1,1453
3502,2,48,9547,9548,10997,1,1450
3587,3,48,9778,9780,11000,2,1222
3506,6,48,9558,9560,11003,2,1445
3508,2,48,9563,9564,11006,1,1443
3588,4,48,9781,9782,11009,1,1228
3512,6,48,9574,9575,11012,1,1438
3514,2,48,9579,9581,11015,2,1436
3593,3,48,9794,9796,11018,2,1224
3518,6,48,9590,9591,11021,1,1431
3520,2,48,9596,9597,11024,1,1428
3594,4,48,9797,9798,11027,1,1230
3524,6,48,9607,9608,11030,1,1423
3526,2,48,9612,9613,11033,1,1421
3599,3,48,9810,9812,11036,2,1226
3530,6,48,9623,9625,11039,2,1416
3532,2,48,9628,9629,11042,1,1414
3600,4,48,9813,9815,11045,2,1232
3536,6,48,9639,9641,11048,2,1409
3538,2,48,9645,9646,11051,1,1406
3605,3,48,9827,9829,11054,2,1227
3542,6,48,9656,9658,11057,2,1401
3544,2,48,9661,9662,11060,1,1399
3606,4,48,9830,9831,11063,1,1233
3548,6,48,9672,9674,11066,2,1394
3550,2,48,9678,9679,11069,1,1391
3611,3,48,9843,9845,11072,2,1229
3554,6,48,9689,9691,11075,2,1386
3556,2,48,9694,9695,11078,1,1384
3612,4,48,9846,9848,11081,2,1235
3560,6,48,9705,9707,11084,2,1379
3562,2,48,9710,9712,11087,2,1377
3617,3,48,9860,9862,11090,2,1230
3566,6,48,9721,9722,11093,1,1372
3568,2,48,9727,9728,11096,1,1369
3618,4,48,9863,9864,11099,1,1236
3572,6,48,9738,9740,11102,2,1364
3574,2,48,9743,9744,11105,1,1362
3623,3,48,9876,9878,11108,2,1232
3578,6,48,9754,9755,11111,1,1357
3580,2,48,9759,9761,11114,2,1355
3624,4,48,9879,9881,11117,2,1238
3584,6,48,9770,9771,11120,1,1350
3586,2,48,9776,9777,11123,1,1347
3629,3,48,9892,9893,11126,1,1234
3590,6,48,9787,9788,11129,1,1342
3592,2,48,9792,9793,11132,1,1340
3630,4,48,9895,9896,11135,1,1240
3596,6,48,9803,9805,11138,2,1335
3598,2,48,9808,9809,11141,1,1333
3635,3,48,9909,9911,11144,2,1235
3602,6,48,9819,9821,11147,2,1328
3604,2,48,9825,9826,11150,1,1325
3636,4,48,9912,9913,11153,1,1241
3608,6,48,9836,9838,11156,2,1320
3610,2,48,9841,9842,11159,1,1318
3641,3,48,9925,9926,11162,1,1237
3614,6,48,9852,9854,11165,2,1313
3616,2,48,9858,9859,11168,1,1310
3642,4,48,9928,9929,11171,1,1243
3620,6,48,9869,9871,11174,2,1305
3622,2,48,9874,9875,11177,1,1303
3647,3,48,9941,9942,11180,1,1239
3626,6,48,9885,9887,11183,2,1298
3628,2,48,9890,9892,11186,2,1296
3648,4,48,9944,9946,11189,2,1245
3632,6,48,9901,9902,11192,1,1291
3634,2,48,9907,9908,11195,1,1288
3653,3,48,9958,9960,11198,2,1240
3638,6,48,9918,9920,11201,2,1283
3640,2,48,9923,9924,11204,1,1281
3654,4,48,9961,9962,11207,1,1246
3644,6,48,9934,9935,11210,1,1276
3646,2,48,9939,9941,11213,2,1274
3659,3,48,9974,9976,11216,2,1242
3650,6,48,9950,9951,11219,1,1269
3652,2,48,9956,9957,11222,1,1266
3660,4,48,9977,9978,11225,1,1248
3656,6,48,9967,9968,11228,1,1261
3658,2,48,9972,9973,11231,1,1259
3665,3,48,9990,9992,11234,2,1244
3662,6,48,9983,9985,11237,2,1254
3664,2,48,9988,9989,11240,1,1252
3666,4,48,9993,9995,11243,2,1250
3668,6,48,9999,10001,11246,2,1247
