request_id,global_flow_id,size_bytes,arrival_cycle,admitted_cycle,completed_cycle,admission_delay_cycles,sojourn_cycles
1,1,48,0,1,24,1,24
3,3,48,5,7,27,2,22
2,2,48,3,4,30,1,27
4,4,48,8,10,33,2,25
6,6,48,14,16,36,2,22
7,7,48,16,17,39,1,23
5,5,48,11,12,42,1,31
8,8,48,19,21,45,2,26
9,9,48,22,23,48,1,26
12,12,48,30,31,51,1,21
10,10,48,25,26,54,1,29
11,11,48,27,28,57,1,30
13,13,48,33,34,60,1,27
15,15,48,38,39,63,1,25
14,14,48,35,37,66,2,31
16,16,48,41,43,69,2,28
17,1,48,44,46,72,2,28
19,3,48,49,51,75,2,26
18,2,48,47,48,78,1,31
20,4,48,52,53,81,1,29
22,6,48,58,60,84,2,26
23,7,48,60,61,87,1,27
21,5,48,55,56,90,1,35
24,8,48,63,64,93,1,30
25,9,48,66,67,96,1,30
28,12,48,74,76,99,2,25
26,10,48,69,70,102,1,33
27,11,48,71,72,105,1,34
29,13,48,77,79,108,2,31
31,15,48,82,83,111,1,29
33,1,48,87,88,114,1,27
30,14,48,79,80,117,1,38
32,16,48,85,87,120,2,35
34,2,48,90,91,123,1,33
35,3,48,92,94,126,2,34
38,6,48,101,103,129,2,28
39,7,48,103,104,132,1,29
36,4,48,95,97,135,2,40
37,5,48,98,99,138,1,40
40,8,48,106,108,141,2,35
41,9,48,109,110,144,1,35
44,12,48,117,118,147,1,30
45,13,48,120,121,150,1,30
42,10,48,112,113,153,1,41
43,11,48,114,115,156,1,42
46,14,48,122,124,159,2,37
47,15,48,125,126,162,1,37
49,1,48,131,133,165,2,34
51,3,48,136,138,168,2,32
48,16,48,128,130,171,2,43
50,2,48,134,135,174,1,40
52,4,48,139,140,177,1,38
54,6,48,145,147,180,2,35
55,7,48,147,148,183,1,36
57,9,48,153,154,186,1,33
53,5,48,142,143,189,1,47
56,8,48,150,151,192,1,42
58,10,48,156,157,195,1,39
60,12,48,161,163,198,2,37
61,13,48,164,166,201,2,37
63,15,48,169,170,204,1,35
65,1,48,175,176,207,1,32
59,11,48,158,159,210,1,52
62,14,48,166,167,213,1,47
64,16,48,172,174,216,2,44
66,2,48,178,179,219,1,41
67,3,48,180,181,222,1,42
70,6,48,189,190,225,1,36
71,7,48,191,192,228,1,37
68,4,48,183,184,231,1,48
69,5,48,186,187,234,1,48
72,8,48,194,196,237,2,43
73,9,48,197,199,240,2,43
76,12,48,205,206,243,1,38
77,13,48,208,209,246,1,38
79,15,48,213,214,249,1,36
74,10,48,200,201,252,1,52
75,11,48,202,204,255,2,53
78,14,48,210,211,258,1,48
80,16,48,216,217,261,1,45
81,1,48,218,220,264,2,46
83,3,48,223,225,267,2,44
86,6,48,232,234,270,2,38
87,7,48,234,235,273,1,39
97,1,48,262,263,276,1,14
84,4,48,226,227,279,1,53
85,5,48,229,230,282,1,53
88,8,48,237,238,285,1,48
89,9,48,240,241,288,1,48
92,12,48,248,250,291,2,43
93,13,48,251,253,294,2,43
95,15,48,256,257,297,1,41
90,10,48,243,244,300,1,57
91,11,48,245,246,303,1,58
94,14,48,253,254,306,1,53
96,16,48,259,261,309,2,50
82,2,48,221,222,312,1,91
99,3,48,267,268,315,1,48
102,6,48,276,277,318,1,42
103,7,48,278,279,321,1,43
113,1,48,305,307,324,2,19
100,4,48,270,271,327,1,57
101,5,48,273,274,330,1,57
119,7,48,321,322,333,1,12
105,9,48,284,286,336,2,52
108,12,48,292,293,339,1,47
109,13,48,295,296,342,1,47
111,15,48,300,301,345,1,45
106,10,48,287,288,348,1,61
124,12,48,335,337,351,2,16
125,13,48,338,340,354,2,16
112,16,48,303,304,357,1,54
98,2,48,265,266,360,1,95
115,3,48,310,312,363,2,53
118,6,48,319,321,366,2,47
104,8,48,281,283,369,2,88
129,1,48,349,350,372,1,23
116,4,48,313,314,375,1,62
134,6,48,363,364,378,1,15
135,7,48,365,366,381,1,16
121,9,48,327,328,384,1,57
107,11,48,289,291,387,2,98
110,14,48,297,298,390,1,93
127,15,48,343,344,393,1,50
122,10,48,330,331,396,1,66
140,12,48,379,380,399,1,20
141,13,48,382,383,402,1,20
128,16,48,346,348,405,2,59
145,1,48,393,394,408,1,15
131,3,48,354,355,411,1,57
117,5,48,316,317,414,1,98
120,8,48,324,325,417,1,93
114,2,48,308,309,420,1,112
132,4,48,357,358,423,1,66
150,6,48,407,409,426,2,19
151,7,48,409,410,429,1,20
137,9,48,371,373,432,2,61
123,11,48,332,333,435,1,103
157,13,48,426,427,438,1,12
143,15,48,387,388,441,1,54
138,10,48,374,375,444,1,70
156,12,48,423,424,447,1,24
126,14,48,340,341,450,1,110
144,16,48,390,391,453,1,63
161,1,48,436,437,456,1,20
147,3,48,398,400,459,2,61
133,5,48,360,361,462,1,102
167,7,48,452,453,465,1,13
130,2,48,352,353,468,1,116
148,4,48,401,403,471,2,70
166,6,48,450,451,474,1,24
136,8,48,368,370,477,2,109
153,9,48,415,416,480,1,65
172,12,48,466,467,483,1,17
173,13,48,469,470,486,1,17
159,15,48,431,432,489,1,58
154,10,48,418,419,492,1,74
139,11,48,376,378,495,2,119
142,14,48,384,385,498,1,114
160,16,48,434,436,501,2,67
177,1,48,480,481,504,1,24
163,3,48,441,442,507,1,66
182,6,48,494,496,510,2,16
183,7,48,496,497,513,1,17
146,2,48,396,397,516,1,120
164,4,48,444,445,519,1,75
149,5,48,404,405,522,1,118
152,8,48,412,414,525,2,113
169,9,48,458,460,528,2,70
188,12,48,510,511,531,1,21
189,13,48,513,514,534,1,21
175,15,48,474,475,537,1,63
170,10,48,461,462,540,1,79
155,11,48,420,421,543,1,123
158,14,48,428,430,546,2,118
176,16,48,477,478,549,1,72
193,1,48,524,526,552,2,28
179,3,48,485,487,555,2,70
198,6,48,538,540,558,2,20
199,7,48,540,541,561,1,21
162,2,48,439,441,564,2,125
180,4,48,488,490,567,2,79
165,5,48,447,448,570,1,123
168,8,48,455,457,573,2,118
185,9,48,502,503,576,1,74
204,12,48,554,556,579,2,25
205,13,48,557,559,582,2,25
191,15,48,518,519,585,1,67
186,10,48,505,506,588,1,83
171,11,48,463,465,591,2,128
174,14,48,471,472,594,1,123
192,16,48,521,523,597,2,76
209,1,48,567,568,600,1,33
195,3,48,529,531,603,2,74
214,6,48,581,583,606,2,25
215,7,48,583,584,609,1,26
178,2,48,483,484,612,1,129
196,4,48,532,533,615,1,83
181,5,48,491,492,618,1,127
184,8,48,499,501,621,2,122
201,9,48,546,547,624,1,78
220,12,48,597,598,627,1,30
221,13,48,600,601,630,1,30
207,15,48,562,563,633,1,71
202,10,48,549,550,636,1,87
187,11,48,507,508,639,1,132
190,14,48,515,517,642,2,127
208,16,48,565,567,645,2,80
225,1,48,611,613,648,2,37
211,3,48,572,574,651,2,79
230,6,48,625,627,654,2,29
231,7,48,627,628,657,1,30
194,2,48,527,528,660,1,133
212,4,48,575,577,663,2,88
197,5,48,535,536,666,1,131
200,8,48,543,544,669,1,126
217,9,48,589,590,672,1,83
236,12,48,641,643,675,2,34
237,13,48,644,646,678,2,34
223,15,48,605,606,681,1,76
218,10,48,592,593,684,1,92
203,11,48,551,552,687,1,136
206,14,48,559,560,690,1,131
224,16,48,608,610,693,2,85
241,1,48,655,656,696,1,41
227,3,48,616,618,699,2,83
246,6,48,669,670,702,1,33
247,7,48,671,672,705,1,34
210,2,48,570,571,708,1,138
228,4,48,619,620,711,1,92
213,5,48,578,579,714,1,136
216,8,48,586,588,717,2,131
233,9,48,633,634,720,1,87
252,12,48,685,686,723,1,38
253,13,48,688,689,726,1,38
239,15,48,649,650,729,1,80
234,10,48,636,637,732,1,96
219,11,48,594,595,735,1,141
222,14,48,602,604,738,2,136
240,16,48,652,654,741,2,89
257,1,48,698,700,744,2,46
243,3,48,660,661,747,1,87
262,6,48,712,714,750,2,38
263,7,48,714,715,753,1,39
273,1,48,742,743,756,1,14
244,4,48,663,664,759,1,96
229,5,48,622,623,762,1,140
232,8,48,630,631,765,1,135
249,9,48,677,679,768,2,91
268,12,48,728,730,771,2,43
269,13,48,731,733,774,2,43
255,15,48,693,694,777,1,84
250,10,48,680,681,780,1,100
235,11,48,638,639,783,1,145
238,14,48,646,647,786,1,140
256,16,48,696,697,789,1,93
226,2,48,614,615,792,1,178
259,3,48,703,705,795,2,92
278,6,48,756,757,798,1,42
279,7,48,758,759,801,1,43
289,1,48,785,787,804,2,19
260,4,48,706,707,807,1,101
245,5,48,666,667,810,1,144
295,7,48,801,802,813,1,12
265,9,48,720,721,816,1,96
284,12,48,772,773,819,1,47
285,13,48,775,776,822,1,47
271,15,48,736,737,825,1,89
266,10,48,723,724,828,1,105
300,12,48,815,817,831,2,16
301,13,48,818,820,834,2,16
272,16,48,739,741,837,2,98
242,2,48,658,659,840,1,182
275,3,48,747,748,843,1,96
294,6,48,799,801,846,2,47
248,8,48,674,676,849,2,175
305,1,48,829,830,852,1,23
276,4,48,750,751,855,1,105
310,6,48,843,844,858,1,15
311,7,48,845,846,861,1,16
281,9,48,764,766,864,2,100
251,11,48,682,684,867,2,185
254,14,48,690,691,870,1,180
287,15,48,780,781,873,1,93
282,10,48,767,768,876,1,109
316,12,48,859,860,879,1,20
317,13,48,862,863,882,1,20
288,16,48,783,784,885,1,102
321,1,48,873,874,888,1,15
291,3,48,790,792,891,2,101
261,5,48,709,710,894,1,185
264,8,48,717,718,897,1,180
258,2,48,701,702,900,1,199
292,4,48,793,794,903,1,110
326,6,48,887,889,906,2,19
327,7,48,889,890,909,1,20
297,9,48,807,808,912,1,105
267,11,48,725,726,915,1,190
333,13,48,906,907,918,1,12
303,15,48,823,824,921,1,98
298,10,48,810,811,924,1,114
332,12,48,903,904,927,1,24
270,14,48,733,734,930,1,197
304,16,48,826,828,933,2,107
337,1,48,916,917,936,1,20
307,3,48,834,835,939,1,105
277,5,48,753,754,942,1,189
343,7,48,932,933,945,1,13
274,2,48,745,746,948,1,203
308,4,48,837,838,951,1,114
342,6,48,930,931,954,1,24
280,8,48,761,763,957,2,196
313,9,48,851,853,960,2,109
348,12,48,946,947,963,1,17
349,13,48,949,950,966,1,17
319,15,48,867,868,969,1,102
314,10,48,854,855,972,1,118
283,11,48,769,771,975,2,206
286,14,48,777,778,978,1,201
320,16,48,870,871,981,1,111
353,1,48,960,961,984,1,24
323,3,48,878,880,987,2,109
358,6,48,974,976,990,2,16
359,7,48,976,977,993,1,17
290,2,48,788,789,996,1,208
324,4,48,881,883,999,2,118
293,5,48,796,797,1002,1,206
296,8,48,804,805,1005,1,201
329,9,48,895,896,1008,1,113
364,12,48,990,991,1011,1,21
365,13,48,993,994,1014,1,21
335,15,48,911,912,1017,1,106
330,10,48,898,899,1020,1,122
299,11,48,812,813,1023,1,211
302,14,48,820,821,1026,1,206
336,16,48,914,916,1029,2,115
369,1,48,1004,1006,1032,2,28
339,3,48,921,922,1035,1,114
374,6,48,1018,1020,1038,2,20
375,7,48,1020,1021,1041,1,21
306,2,48,832,833,1044,1,212
340,4,48,924,925,1047,1,123
309,5,48,840,841,1050,1,210
312,8,48,848,850,1053,2,205
345,9,48,938,940,1056,2,118
380,12,48,1034,1036,1059,2,25
381,13,48,1037,1039,1062,2,25
351,15,48,954,955,1065,1,111
346,10,48,941,942,1068,1,127
315,11,48,856,858,1071,2,215
318,14,48,864,865,1074,1,210
352,16,48,957,958,1077,1,120
385,1,48,1047,1048,1080,1,33
355,3,48,965,967,1083,2,118
390,6,48,1061,1063,1086,2,25
391,7,48,1063,1064,1089,1,26
322,2,48,876,877,1092,1,216
356,4,48,968,970,1095,2,127
325,5,48,884,885,1098,1,214
328,8,48,892,894,1101,2,209
361,9,48,982,983,1104,1,122
396,12,48,1077,1078,1107,1,30
397,13,48,1080,1081,1110,1,30
367,15,48,998,999,1113,1,115
362,10,48,985,986,1116,1,131
331,11,48,900,901,1119,1,219
334,14,48,908,910,1122,2,214
368,16,48,1001,1003,1125,2,124
401,1,48,1091,1093,1128,2,37
371,3,48,1009,1011,1131,2,122
406,6,48,1105,1107,1134,2,29
407,7,48,1107,1108,1137,1,30
338,2,48,919,921,1140,2,221
372,4,48,1012,1013,1143,1,131
341,5,48,927,928,1146,1,219
344,8,48,935,937,1149,2,214
377,9,48,1026,1027,1152,1,126
412,12,48,1121,1123,1155,2,34
413,13,48,1124,1126,1158,2,34
383,15,48,1042,1043,1161,1,119
378,10,48,1029,1030,1164,1,135
347,11,48,943,945,1167,2,224
350,14,48,951,952,1170,1,219
384,16,48,1045,1047,1173,2,128
417,1,48,1135,1136,1176,1,41
387,3,48,1052,1054,1179,2,127
422,6,48,1149,1150,1182,1,33
423,7,48,1151,1152,1185,1,34
354,2,48,963,964,1188,1,225
388,4,48,1055,1057,1191,2,136
357,5,48,971,972,1194,1,223
360,8,48,979,981,1197,2,218
393,9,48,1069,1070,1200,1,131
428,12,48,1165,1166,1203,1,38
429,13,48,1168,1169,1206,1,38
399,15,48,1085,1086,1209,1,124
394,10,48,1072,1073,1212,1,140
363,11,48,987,988,1215,1,228
366,14,48,995,997,1218,2,223
400,16,48,1088,1090,1221,2,133
433,1,48,1178,1180,1224,2,46
403,3,48,1096,1098,1227,2,131
438,6,48,1192,1194,1230,2,38
439,7,48,1194,1195,1233,1,39
449,1,48,1222,1223,1236,1,14
404,4,48,1099,1100,1239,1,140
373,5,48,1015,1016,1242,1,227
376,8,48,1023,1024,1245,1,222
409,9,48,1113,1114,1248,1,135
444,12,48,1208,1210,1251,2,43
445,13,48,1211,1213,1254,2,43
415,15,48,1129,1130,1257,1,128
410,10,48,1116,1117,1260,1,144
379,11,48,1031,1032,1263,1,232
382,14,48,1039,1040,1266,1,227
416,16,48,1132,1134,1269,2,137
370,2,48,1007,1008,1272,1,265
419,3,48,1140,1141,1275,1,135
454,6,48,1236,1237,1278,1,42
455,7,48,1238,1239,1281,1,43
465,1,48,1265,1267,1284,2,19
420,4,48,1143,1144,1287,1,144
389,5,48,1058,1059,1290,1,232
471,7,48,1281,1282,1293,1,12
425,9,48,1157,1159,1296,2,139
460,12,48,1252,1253,1299,1,47
461,13,48,1255,1256,1302,1,47
431,15,48,1173,1174,1305,1,132
426,10,48,1160,1161,1308,1,148
476,12,48,1295,1297,1311,2,16
477,13,48,1298,1300,1314,2,16
432,16,48,1176,1177,1317,1,141
386,2,48,1050,1051,1320,1,270
435,3,48,1183,1185,1323,2,140
470,6,48,1279,1281,1326,2,47
392,8,48,1066,1068,1329,2,263
481,1,48,1309,1310,1332,1,23
436,4,48,1186,1187,1335,1,149
486,6,48,1323,1324,1338,1,15
487,7,48,1325,1326,1341,1,16
441,9,48,1200,1201,1344,1,144
395,11,48,1074,1075,1347,1,273
398,14,48,1082,1084,1350,2,268
447,15,48,1216,1217,1353,1,137
442,10,48,1203,1204,1356,1,153
492,12,48,1339,1340,1359,1,20
493,13,48,1342,1343,1362,1,20
448,16,48,1219,1221,1365,2,146
497,1,48,1353,1354,1368,1,15
451,3,48,1227,1228,1371,1,144
405,5,48,1102,1103,1374,1,272
408,8,48,1110,1111,1377,1,267
402,2,48,1094,1095,1380,1,286
452,4,48,1230,1231,1383,1,153
502,6,48,1367,1369,1386,2,19
503,7,48,1369,1370,1389,1,20
457,9,48,1244,1246,1392,2,148
411,11,48,1118,1119,1395,1,277
509,13,48,1386,1387,1398,1,12
463,15,48,1260,1261,1401,1,141
458,10,48,1247,1248,1404,1,157
508,12,48,1383,1384,1407,1,24
414,14,48,1126,1127,1410,1,284
464,16,48,1263,1264,1413,1,150
513,1,48,1396,1397,1416,1,20
467,3,48,1270,1272,1419,2,149
421,5,48,1146,1147,1422,1,276
519,7,48,1412,1413,1425,1,13
418,2,48,1138,1139,1428,1,290
468,4,48,1273,1274,1431,1,158
518,6,48,1410,1411,1434,1,24
424,8,48,1154,1156,1437,2,283
473,9,48,1287,1288,1440,1,153
524,12,48,1426,1427,1443,1,17
525,13,48,1429,1430,1446,1,17
479,15,48,1303,1304,1449,1,146
474,10,48,1290,1291,1452,1,162
427,11,48,1162,1164,1455,2,293
430,14,48,1170,1171,1458,1,288
480,16,48,1306,1308,1461,2,155
529,1,48,1440,1441,1464,1,24
483,3,48,1314,1315,1467,1,153
534,6,48,1454,1456,1470,2,16
535,7,48,1456,1457,1473,1,17
434,2,48,1181,1182,1476,1,295
484,4,48,1317,1318,1479,1,162
437,5,48,1189,1190,1482,1,293
440,8,48,1197,1198,1485,1,288
489,9,48,1331,1333,1488,2,157
540,12,48,1470,1471,1491,1,21
541,13,48,1473,1474,1494,1,21
495,15,48,1347,1348,1497,1,150
490,10,48,1334,1335,1500,1,166
443,11,48,1205,1206,1503,1,298
446,14,48,1213,1214,1506,1,293
496,16,48,1350,1351,1509,1,159
545,1,48,1484,1486,1512,2,28
499,3,48,1358,1360,1515,2,157
550,6,48,1498,1500,1518,2,20
551,7,48,1500,1501,1521,1,21
450,2,48,1225,1226,1524,1,299
500,4,48,1361,1363,1527,2,166
453,5,48,1233,1234,1530,1,297
456,8,48,1241,1243,1533,2,292
505,9,48,1375,1376,1536,1,161
556,12,48,1514,1516,1539,2,25
557,13,48,1517,1519,1542,2,25
511,15,48,1391,1392,1545,1,154
506,10,48,1378,1379,1548,1,170
459,11,48,1249,1251,1551,2,302
462,14,48,1257,1258,1554,1,297
512,16,48,1394,1396,1557,2,163
561,1,48,1527,1528,1560,1,33
515,3,48,1401,1402,1563,1,162
566,6,48,1541,1543,1566,2,25
567,7,48,1543,1544,1569,1,26
466,2,48,1268,1269,1572,1,304
516,4,48,1404,1405,1575,1,171
469,5,48,1276,1277,1578,1,302
472,8,48,1284,1285,1581,1,297
521,9,48,1418,1420,1584,2,166
572,12,48,1557,1558,1587,1,30
573,13,48,1560,1561,1590,1,30
527,15,48,1434,1435,1593,1,159
522,10,48,1421,1422,1596,1,175
475,11,48,1292,1293,1599,1,307
478,14,48,1300,1301,1602,1,302
528,16,48,1437,1438,1605,1,168
577,1,48,1571,1573,1608,2,37
531,3,48,1445,1447,1611,2,166
582,6,48,1585,1587,1614,2,29
583,7,48,1587,1588,1617,1,30
482,2,48,1312,1313,1620,1,308
532,4,48,1448,1450,1623,2,175
485,5,48,1320,1321,1626,1,306
488,8,48,1328,1330,1629,2,301
537,9,48,1462,1463,1632,1,170
588,12,48,1601,1603,1635,2,34
589,13,48,1604,1606,1638,2,34
543,15,48,1478,1479,1641,1,163
538,10,48,1465,1466,1644,1,179
491,11,48,1336,1338,1647,2,311
494,14,48,1344,1345,1650,1,306
544,16,48,1481,1483,1653,2,172
593,1,48,1615,1616,1656,1,41
547,3,48,1489,1491,1659,2,170
598,6,48,1629,1630,1662,1,33
599,7,48,1631,1632,1665,1,34
498,2,48,1356,1357,1668,1,312
548,4,48,1492,1493,1671,1,179
501,5,48,1364,1365,1674,1,310
504,8,48,1372,1374,1677,2,305
553,9,48,1506,1507,1680,1,174
604,12,48,1645,1646,1683,1,38
605,13,48,1648,1649,1686,1,38
559,15,48,1522,1523,1689,1,167
554,10,48,1509,1510,1692,1,183
507,11,48,1380,1381,1695,1,315
510,14,48,1388,1390,1698,2,310
560,16,48,1525,1527,1701,2,176
609,1,48,1658,1660,1704,2,46
563,3,48,1532,1534,1707,2,175
614,6,48,1672,1674,1710,2,38
615,7,48,1674,1675,1713,1,39
625,1,48,1702,1703,1716,1,14
564,4,48,1535,1537,1719,2,184
517,5,48,1407,1408,1722,1,315
520,8,48,1415,1417,1725,2,310
569,9,48,1549,1550,1728,1,179
620,12,48,1688,1690,1731,2,43
621,13,48,1691,1693,1734,2,43
575,15,48,1565,1566,1737,1,172
570,10,48,1552,1553,1740,1,188
523,11,48,1423,1425,1743,2,320
526,14,48,1431,1432,1746,1,315
576,16,48,1568,1570,1749,2,181
514,2,48,1399,1401,1752,2,353
579,3,48,1576,1578,1755,2,179
630,6,48,1716,1717,1758,1,42
631,7,48,1718,1719,1761,1,43
641,1,48,1745,1747,1764,2,19
580,4,48,1579,1580,1767,1,188
533,5,48,1451,1452,1770,1,319
647,7,48,1761,1762,1773,1,12
585,9,48,1593,1594,1776,1,183
636,12,48,1732,1733,1779,1,47
637,13,48,1735,1736,1782,1,47
591,15,48,1609,1610,1785,1,176
586,10,48,1596,1597,1788,1,192
652,12,48,1775,1777,1791,2,16
653,13,48,1778,1780,1794,2,16
592,16,48,1612,1614,1797,2,185
530,2,48,1443,1444,1800,1,357
595,3,48,1620,1621,1803,1,183
646,6,48,1759,1761,1806,2,47
536,8,48,1459,1461,1809,2,350
657,1,48,1789,1790,1812,1,23
596,4,48,1623,1624,1815,1,192
662,6,48,1803,1804,1818,1,15
663,7,48,1805,1806,1821,1,16
601,9,48,1637,1639,1824,2,187
539,11,48,1467,1468,1827,1,360
542,14,48,1475,1477,1830,2,355
607,15,48,1653,1654,1833,1,180
602,10,48,1640,1641,1836,1,196
668,12,48,1819,1820,1839,1,20
669,13,48,1822,1823,1842,1,20
608,16,48,1656,1657,1845,1,189
673,1,48,1833,1834,1848,1,15
611,3,48,1663,1665,1851,2,188
549,5,48,1495,1496,1854,1,359
552,8,48,1503,1504,1857,1,354
546,2,48,1487,1488,1860,1,373
612,4,48,1666,1667,1863,1,197
678,6,48,1847,1849,1866,2,19
679,7,48,1849,1850,1869,1,20
617,9,48,1680,1681,1872,1,192
555,11,48,1511,1512,1875,1,364
685,13,48,1866,1867,1878,1,12
623,15,48,1696,1697,1881,1,185
618,10,48,1683,1684,1884,1,201
684,12,48,1863,1864,1887,1,24
558,14,48,1519,1520,1890,1,371
624,16,48,1699,1701,1893,2,194
689,1,48,1876,1877,1896,1,20
627,3,48,1707,1708,1899,1,192
565,5,48,1538,1539,1902,1,364
695,7,48,1892,1893,1905,1,13
562,2,48,1530,1531,1908,1,378
628,4,48,1710,1711,1911,1,201
694,6,48,1890,1891,1914,1,24
568,8,48,1546,1548,1917,2,371
633,9,48,1724,1726,1920,2,196
700,12,48,1906,1907,1923,1,17
701,13,48,1909,1910,1926,1,17
639,15,48,1740,1741,1929,1,189
634,10,48,1727,1728,1932,1,205
571,11,48,1554,1555,1935,1,381
574,14,48,1562,1564,1938,2,376
640,16,48,1743,1744,1941,1,198
705,1,48,1920,1921,1944,1,24
643,3,48,1750,1752,1947,2,197
710,6,48,1934,1936,1950,2,16
711,7,48,1936,1937,1953,1,17
578,2,48,1574,1575,1956,1,382
644,4,48,1753,1754,1959,1,206
581,5,48,1582,1583,1962,1,380
584,8,48,1590,1591,1965,1,375
649,9,48,1767,1768,1968,1,201
716,12,48,1950,1951,1971,1,21
717,13,48,1953,1954,1974,1,21
655,15,48,1783,1784,1977,1,194
650,10,48,1770,1771,1980,1,210
587,11,48,1598,1599,1983,1,385
590,14,48,1606,1607,1986,1,380
656,16,48,1786,1788,1989,2,203
721,1,48,1964,1966,1992,2,28
659,3,48,1794,1795,1995,1,201
726,6,48,1978,1980,1998,2,20
727,7,48,1980,1981,2001,1,21
594,2,48,1618,1619,2004,1,386
660,4,48,1797,1798,2007,1,210
597,5,48,1626,1627,2010,1,384
600,8,48,1634,1636,2013,2,379
671,15,48,1827,1828,3057,1,1230
735,1,48,2000,3044,3060,1044,1060
740,6,48,2014,3049,3063,1035,1049
741,7,48,2016,3050,3066,1034,1050
672,16,48,1830,1831,3069,1,1239
675,3,48,1838,1840,3072,2,1234
732,12,48,1994,1996,3075,2,1081
733,13,48,1997,1999,3078,2,1081
753,1,48,2049,3062,3081,1013,1032
758,6,48,2063,3067,3084,1004,1021
759,7,48,2065,3068,3087,1003,1022
665,9,48,1811,1813,3090,2,1279
676,4,48,1841,1843,3093,2,1252
687,15,48,1871,1872,3096,1,1225
751,17,48,2044,3060,3099,1016,1055
746,12,48,2030,3055,3102,1025,1072
747,13,48,2033,3056,3105,1023,1072
771,1,48,2098,3080,3108,982,1010
776,6,48,2112,3085,3111,973,999
777,7,48,2114,3086,3114,972,1000
666,10,48,1814,1815,3117,1,1303
688,16,48,1874,1876,3120,2,1246
691,3,48,1881,1882,3123,1,1242
769,17,48,2093,3078,3126,985,1033
764,12,48,2079,3073,3129,994,1050
765,13,48,2082,3074,3132,992,1050
789,1,48,2147,3098,3135,951,988
794,6,48,2161,3103,3138,942,977
795,7,48,2163,3104,3141,941,978
681,9,48,1855,1856,3144,1,1289
692,4,48,1884,1885,3147,1,1263
703,15,48,1914,1915,3150,1,1236
787,17,48,2142,3096,3153,954,1011
782,12,48,2128,3091,3156,963,1028
783,13,48,2131,3092,3159,961,1028
807,1,48,2196,3116,3162,920,966
812,6,48,2210,3121,3165,911,955
813,7,48,2212,3122,3168,910,956
682,10,48,1858,1859,3171,1,1313
704,16,48,1917,1918,3174,1,1257
707,3,48,1925,1927,3177,2,1252
805,17,48,2191,3114,3180,923,989
800,12,48,2177,3109,3183,932,1006
801,13,48,2180,3110,3186,930,1006
825,1,48,2245,3134,3189,889,944
830,6,48,2259,3139,3192,880,933
831,7,48,2261,3140,3195,879,934
697,9,48,1898,1900,3198,2,1300
708,4,48,1928,1930,3201,2,1273
719,15,48,1958,1959,3204,1,1246
823,17,48,2240,3132,3207,892,967
818,12,48,2226,3127,3210,901,984
819,13,48,2229,3128,3213,899,984
698,10,48,1901,1902,3216,1,1315
843,1,48,2295,3152,3219,857,924
848,6,48,2309,3157,3222,848,913
849,7,48,2311,3158,3225,847,914
720,16,48,1961,1963,3228,2,1267
723,3,48,1969,1971,3231,2,1262
841,17,48,2289,3150,3234,861,945
836,12,48,2275,3145,3237,870,962
837,13,48,2278,3146,3240,868,962
713,9,48,1942,1943,3243,1,1301
861,1,48,2344,3170,3246,826,902
724,4,48,1972,1973,3249,1,1277
866,6,48,2358,3175,3252,817,894
867,7,48,2360,3176,3255,816,895
749,15,48,2038,3058,3258,1020,1220
859,17,48,2339,3168,3261,829,922
714,10,48,1945,1946,3264,1,1319
854,12,48,2325,3163,3267,838,942
855,13,48,2328,3164,3270,836,942
879,1,48,2393,3188,3273,795,880
737,3,48,2005,3046,3276,1041,1271
884,6,48,2407,3193,3279,786,872
885,7,48,2409,3194,3282,785,873
750,16,48,2041,3059,3285,1018,1244
877,17,48,2388,3186,3288,798,900
729,9,48,1986,1987,3291,1,1305
872,12,48,2374,3181,3294,807,920
873,13,48,2377,3182,3297,805,920
897,1,48,2442,3206,3300,764,858
738,4,48,2008,3047,3303,1039,1295
902,6,48,2456,3211,3306,755,850
903,7,48,2458,3212,3309,754,851
767,15,48,2087,3076,3312,989,1225
895,17,48,2437,3204,3315,767,878
730,10,48,1989,1990,3318,1,1329
890,12,48,2423,3199,3321,776,898
891,13,48,2426,3200,3324,774,898
915,1,48,2491,3224,3327,733,836
755,3,48,2054,3064,3330,1010,1276
920,6,48,2505,3229,3333,724,828
921,7,48,2507,3230,3336,723,829
768,16,48,2090,3077,3339,987,1249
913,17,48,2486,3222,3342,736,856
743,9,48,2022,3052,3345,1030,1323
908,12,48,2472,3217,3348,745,876
909,13,48,2475,3218,3351,743,876
933,1,48,2540,3242,3354,702,814
756,4,48,2057,3065,3357,1008,1300
938,6,48,2554,3247,3360,693,806
939,7,48,2556,3248,3363,692,807
785,15,48,2136,3094,3366,958,1230
931,17,48,2535,3240,3369,705,834
744,10,48,2025,3053,3372,1028,1347
926,12,48,2521,3235,3375,714,854
927,13,48,2524,3236,3378,712,854
951,1,48,2589,3260,3381,671,792
773,3,48,2103,3082,3384,979,1281
956,6,48,2603,3265,3387,662,784
957,7,48,2605,3266,3390,661,785
786,16,48,2139,3095,3393,956,1254
949,17,48,2584,3258,3396,674,812
761,9,48,2071,3070,3399,999,1328
944,12,48,2570,3253,3402,683,832
945,13,48,2573,3254,3405,681,832
969,1,48,2638,3278,3408,640,770
774,4,48,2106,3083,3411,977,1305
974,6,48,2652,3283,3414,631,762
975,7,48,2654,3284,3417,630,763
803,15,48,2185,3112,3420,927,1235
967,17,48,2633,3276,3423,643,790
762,10,48,2074,3071,3426,997,1352
962,12,48,2619,3271,3429,652,810
963,13,48,2622,3272,3432,650,810
987,1,48,2687,3296,3435,609,748
791,3,48,2152,3100,3438,948,1286
992,6,48,2701,3301,3441,600,740
993,7,48,2703,3302,3444,599,741
804,16,48,2188,3113,3447,925,1259
985,17,48,2682,3294,3450,612,768
779,9,48,2120,3088,3453,968,1333
980,12,48,2668,3289,3456,621,788
981,13,48,2671,3290,3459,619,788
1005,1,48,2736,3314,3462,578,726
792,4,48,2155,3101,3465,946,1310
1010,6,48,2750,3319,3468,569,718
1011,7,48,2752,3320,3471,568,719
821,15,48,2234,3130,3474,896,1240
1003,17,48,2731,3312,3477,581,746
780,10,48,2123,3089,3480,966,1357
998,12,48,2717,3307,3483,590,766
999,13,48,2720,3308,3486,588,766
1023,1,48,2785,3332,3489,547,704
809,3,48,2201,3118,3492,917,1291
1028,6,48,2799,3337,3495,538,696
1029,7,48,2801,3338,3498,537,697
822,16,48,2237,3131,3501,894,1264
1021,17,48,2780,3330,3504,550,724
797,9,48,2169,3106,3507,937,1338
1016,12,48,2766,3325,3510,559,744
1017,13,48,2769,3326,3513,557,744
1041,1,48,2835,3350,3516,515,681
810,4,48,2204,3119,3519,915,1315
1046,6,48,2849,3355,3522,506,673
1047,7,48,2851,3356,3525,505,674
839,15,48,2283,3148,3528,865,1245
1039,17,48,2829,3348,3531,519,702
798,10,48,2172,3107,3534,935,1362
1034,12,48,2815,3343,3537,528,722
1035,13,48,2818,3344,3540,526,722
1059,1,48,2884,3368,3543,484,659
827,3,48,2250,3136,3546,886,1296
613,5,48,1669,1670,3549,1,1880
1065,7,48,2900,3374,3552,474,652
840,16,48,2286,3149,3555,863,1269
1057,17,48,2879,3366,3558,487,679
815,9,48,2218,3124,3561,906,1343
603,11,48,1642,1644,3564,2,1922
1053,13,48,2868,3362,3567,494,699
1077,1,48,2933,3386,3570,453,637
828,4,48,2253,3137,3573,884,1320
1064,6,48,2898,3373,3576,475,678
1083,7,48,2949,3392,3579,443,630
857,15,48,2333,3166,3582,833,1249
1075,17,48,2928,3384,3585,456,657
816,10,48,2221,3125,3588,904,1367
1052,12,48,2865,3361,3591,496,726
1071,13,48,2917,3380,3594,463,677
1095,1,48,2982,3404,3597,422,615
845,3,48,2300,3154,3600,854,1300
1082,6,48,2947,3391,3603,444,656
1101,7,48,2998,3410,3606,412,608
858,16,48,2336,3167,3609,831,1273
1093,17,48,2977,3402,3612,425,635
833,9,48,2267,3142,3615,875,1348
1070,12,48,2914,3379,3618,465,704
1089,13,48,2966,3398,3621,432,655
1113,1,48,3031,3422,3624,391,593
846,4,48,2303,3155,3627,852,1324
629,5,48,1713,1714,3630,1,1917
1119,7,48,3047,3428,3633,381,586
875,15,48,2382,3184,3636,802,1254
1111,17,48,3026,3420,3639,394,613
834,10,48,2270,3143,3642,873,1372
619,11,48,1685,1686,3645,1,1960
1107,13,48,3015,3416,3648,401,633
1131,1,48,3080,3440,3651,360,571
863,3,48,2349,3172,3654,823,1305
1100,6,48,2996,3409,3657,413,661
1137,7,48,3096,3446,3660,350,564
876,16,48,2385,3185,3663,800,1278
1129,17,48,3075,3438,3666,363,591
851,9,48,2317,3160,3669,843,1352
1088,12,48,2963,3397,3672,434,709
1125,13,48,3064,3434,3675,370,611
1149,1,48,3129,3458,3678,329,549
864,4,48,2352,3173,3681,821,1329
1118,6,48,3045,3427,3684,382,639
1155,7,48,3145,3464,3687,319,542
893,15,48,2431,3202,3690,771,1259
1147,17,48,3124,3456,3693,332,569
852,10,48,2320,3161,3696,841,1376
1106,12,48,3012,3415,3699,403,687
1143,13,48,3113,3452,3702,339,589
1167,1,48,3178,3476,3705,298,527
881,3,48,2398,3190,3708,792,1310
645,5,48,1756,1757,3711,1,1955
1173,7,48,3194,3482,3714,288,520
894,16,48,2434,3203,3717,769,1283
1165,17,48,3173,3474,3720,301,547
869,9,48,2366,3178,3723,812,1357
635,11,48,1729,1731,3726,2,1997
1161,13,48,3162,3470,3729,308,567
1185,1,48,3227,3494,3732,267,505
882,4,48,2401,3191,3735,790,1334
1136,6,48,3094,3445,3738,351,644
1191,7,48,3243,3500,3741,257,498
911,15,48,2480,3220,3744,740,1264
1183,17,48,3222,3492,3747,270,525
870,10,48,2369,3179,3750,810,1381
1124,12,48,3061,3433,3753,372,692
1179,13,48,3211,3488,3756,277,545
1203,1,48,3276,3512,3759,236,483
899,3,48,2447,3208,3762,761,1315
1154,6,48,3143,3463,3765,320,622
1209,7,48,3292,3518,3768,226,476
912,16,48,2483,3221,3771,738,1288
1201,17,48,3271,3510,3774,239,503
887,9,48,2415,3196,3777,781,1362
1142,12,48,3110,3451,3780,341,670
1197,13,48,3260,3506,3783,246,523
1221,1,48,3325,3530,3786,205,461
900,4,48,2450,3209,3789,759,1339
661,5,48,1800,1801,3792,1,1992
1227,7,48,3341,3536,3795,195,454
929,15,48,2529,3238,3798,709,1269
1219,17,48,3320,3528,3801,208,481
888,10,48,2418,3197,3804,779,1386
651,11,48,1772,1773,3807,1,2035
1215,13,48,3309,3524,3810,215,501
1239,1,48,3375,3548,3813,173,438
917,3,48,2496,3226,3816,730,1320
1172,6,48,3192,3481,3819,289,627
1245,7,48,3391,3554,3822,163,431
930,16,48,2532,3239,3825,707,1293
1237,17,48,3369,3546,3828,177,459
905,9,48,2464,3214,3831,750,1367
1160,12,48,3159,3469,3834,310,675
1233,13,48,3358,3542,3837,184,479
1257,1,48,3424,3566,3840,142,416
918,4,48,2499,3227,3843,728,1344
1190,6,48,3241,3499,3846,258,605
1263,7,48,3440,3572,3849,132,409
947,15,48,2578,3256,3852,678,1274
1255,17,48,3419,3564,3855,145,436
906,10,48,2467,3215,3858,748,1391
1178,12,48,3208,3487,3861,279,653
1251,13,48,3408,3560,3864,152,456
1275,1,48,3473,3584,3867,111,394
935,3,48,2545,3244,3870,699,1325
677,5,48,1844,1845,3873,1,2029
1281,7,48,3489,3590,3876,101,387
948,16,48,2581,3257,3879,676,1298
1273,17,48,3468,3582,3882,114,414
923,9,48,2513,3232,3885,719,1372
667,11,48,1816,1818,3888,2,2072
1269,13,48,3457,3578,3891,121,434
1293,1,48,3522,3602,3894,80,372
936,4,48,2548,3245,3897,697,1349
1208,6,48,3290,3517,3900,227,610
1299,7,48,3538,3608,3903,70,365
965,15,48,2627,3274,3906,647,1279
1291,17,48,3517,3600,3909,83,392
924,10,48,2516,3233,3912,717,1396
1196,12,48,3257,3505,3915,248,658
1287,13,48,3506,3596,3918,90,412
1311,1,48,3571,3620,3921,49,350
953,3,48,2594,3262,3924,668,1330
1226,6,48,3339,3535,3927,196,588
1317,7,48,3587,3626,3930,39,343
966,16,48,2630,3275,3933,645,1303
1309,17,48,3566,3618,3936,52,370
941,9,48,2562,3250,3939,688,1377
1214,12,48,3306,3523,3942,217,636
1305,13,48,3555,3614,3945,59,390
1329,1,48,3620,3638,3948,18,328
954,4,48,2597,3263,3951,666,1354
693,5,48,1887,1888,3954,1,2067
1335,7,48,3636,3644,3957,8,321
983,15,48,2676,3292,3960,616,1284
1327,17,48,3615,3636,3963,21,348
942,10,48,2565,3251,3966,686,1401
683,11,48,1860,1861,3969,1,2109
1323,13,48,3604,3632,3972,28,368
1347,1,48,3669,3670,3975,1,306
971,3,48,2643,3280,3978,637,1335
1244,6,48,3389,3553,3981,164,592
1353,7,48,3685,3686,3984,1,299
984,16,48,2679,3293,3987,614,1308
1345,17,48,3664,3665,3990,1,326
959,9,48,2611,3268,3993,657,1382
1232,12,48,3355,3541,3996,186,641
1341,13,48,3653,3655,3999,2,346
1365,1,48,3718,3720,4002,2,284
972,4,48,2646,3281,4005,635,1359
1262,6,48,3438,3571,4008,133,570
1371,7,48,3734,3736,4011,2,277
1001,15,48,2725,3310,4014,585,1289
1363,17,48,3713,3715,4017,2,304
960,10,48,2614,3269,4020,655,1406
1250,12,48,3405,3559,4023,154,618
1359,13,48,3702,3703,4026,1,324
1383,1,48,3767,3769,4029,2,262
989,3,48,2692,3298,4032,606,1340
709,5,48,1931,1932,4035,1,2104
1389,7,48,3783,3785,4038,2,255
1002,16,48,2728,3311,4041,583,1313
1381,17,48,3762,3763,4044,1,282
977,9,48,2660,3286,4047,626,1387
699,11,48,1903,1905,4050,2,2147
1377,13,48,3751,3753,4053,2,302
1401,1,48,3816,3817,4056,1,240
990,4,48,2695,3299,4059,604,1364
1280,6,48,3487,3589,4062,102,575
1407,7,48,3832,3833,4065,1,233
1019,15,48,2774,3328,4068,554,1294
1399,17,48,3811,3812,4071,1,260
978,10,48,2663,3287,4074,624,1411
1268,12,48,3454,3577,4077,123,623
1395,13,48,3800,3802,4080,2,280
1419,1,48,3865,3867,4083,2,218
1007,3,48,2741,3316,4086,575,1345
1298,6,48,3536,3607,4089,71,553
1425,7,48,3881,3883,4092,2,211
1020,16,48,2777,3329,4095,552,1318
1417,17,48,3860,3862,4098,2,238
995,9,48,2709,3304,4101,595,1392
1286,12,48,3503,3595,4104,92,601
1413,13,48,3849,3850,4107,1,258
1437,1,48,3915,3916,4110,1,195
1008,4,48,2744,3317,4113,573,1369
725,5,48,1975,1976,4116,1,2141
1443,7,48,3931,3933,4119,2,188
1037,15,48,2823,3346,4122,523,1299
1435,17,48,3909,3910,4125,1,216
996,10,48,2712,3305,4128,593,1416
715,11,48,1947,1948,4131,1,2184
1431,13,48,3898,3900,4134,2,236
1455,1,48,3964,3965,4137,1,173
1025,3,48,2790,3334,4140,544,1350
1316,6,48,3585,3625,4143,40,558
1461,7,48,3980,3981,4146,1,166
1038,16,48,2826,3347,4149,521,1323
1453,17,48,3959,3961,4152,2,193
1013,9,48,2758,3322,4155,564,1397
1304,12,48,3552,3613,4158,61,606
1449,13,48,3948,3949,4161,1,213
1473,1,48,4013,4015,4164,2,151
1026,4,48,2793,3335,4167,542,1374
1334,6,48,3634,3643,4170,9,536
1479,7,48,4029,4031,4173,2,144
1055,15,48,2873,3364,4176,491,1303
1471,17,48,4008,4009,4179,1,171
1014,10,48,2761,3323,4182,562,1421
1322,12,48,3601,3631,4185,30,584
1467,13,48,3997,3998,4188,1,191
1491,1,48,4062,4063,4191,1,129
1043,3,48,2840,3352,4194,512,1354
739,5,48,2011,3048,4197,1037,2186
1497,7,48,4078,4079,4200,1,122
1056,16,48,2876,3365,4203,489,1327
1489,17,48,4057,4058,4206,1,149
1031,9,48,2807,3340,4209,533,1402
731,11,48,1991,1992,4212,1,2221
1485,13,48,4046,4048,4215,2,169
1509,1,48,4111,4113,4218,2,107
1044,4,48,2843,3353,4221,510,1378
1352,6,48,3683,3685,4224,2,541
1515,7,48,4127,4129,4227,2,100
1073,15,48,2922,3382,4230,460,1308
1507,17,48,4106,4108,4233,2,127
1032,10,48,2810,3341,4236,531,1426
1340,12,48,3650,3651,4239,1,589
1503,13,48,4095,4096,4242,1,147
1527,1,48,4160,4162,4245,2,85
1061,3,48,2889,3370,4248,481,1359
1370,6,48,3732,3733,4251,1,519
1533,7,48,4176,4178,4254,2,78
1074,16,48,2925,3383,4257,458,1332
1525,17,48,4155,4156,4260,1,105
1049,9,48,2857,3358,4263,501,1406
1358,12,48,3699,3700,4266,1,567
1521,13,48,4144,4146,4269,2,125
1545,1,48,4209,4210,4272,1,63
1062,4,48,2892,3371,4275,479,1383
757,5,48,2060,3066,4278,1006,2218
1551,7,48,4225,4226,4281,1,56
1091,15,48,2971,3400,4284,429,1313
1543,17,48,4204,4205,4287,1,83
1050,10,48,2860,3359,4290,499,1430
745,11,48,2027,3054,4293,1027,2266
1539,13,48,4193,4195,4296,2,103
1563,1,48,4258,4260,4299,2,41
1079,3,48,2938,3388,4302,450,1364
1388,6,48,3781,3782,4305,1,524
1569,7,48,4274,4276,4308,2,34
1092,16,48,2974,3401,4311,427,1337
1561,17,48,4253,4255,4314,2,61
1067,9,48,2906,3376,4317,470,1411
1376,12,48,3748,3749,4320,1,572
1557,13,48,4242,4243,4323,1,81
1581,1,48,4307,4309,4326,2,19
1080,4,48,2941,3389,4329,448,1388
1406,6,48,3830,3832,4332,2,502
616,8,48,1677,1678,4335,1,2658
1109,15,48,3020,3418,4338,398,1318
1579,17,48,4302,4303,4341,1,39
1068,10,48,2909,3377,4344,468,1435
1394,12,48,3797,3798,4347,1,550
1575,13,48,4291,4293,4350,2,59
610,2,48,1661,1662,4353,1,2692
1097,3,48,2987,3406,4356,419,1369
775,5,48,2109,3084,4359,975,2250
1587,7,48,4323,4325,4362,2,39
1110,16,48,3023,3419,4365,396,1342
1597,17,48,4351,4352,4368,1,17
1085,9,48,2955,3394,4371,439,1416
763,11,48,2076,3072,4374,996,2298
1593,13,48,4340,4342,4377,2,37
1599,1,48,4356,4357,4380,1,24
1098,4,48,2990,3407,4383,417,1393
1424,6,48,3879,3880,4386,1,507
1605,7,48,4372,4373,4389,1,17
1127,15,48,3069,3436,4392,367,1323
752,18,48,2046,3061,4395,1015,2349
1086,10,48,2958,3395,4398,437,1440
1412,12,48,3846,3847,4401,1,555
1611,13,48,4389,4390,4404,1,15
626,2,48,1705,1706,4407,1,2702
1115,3,48,3036,3424,4410,388,1374
1442,6,48,3929,3930,4413,1,484
632,8,48,1721,1723,4416,2,2695
1128,16,48,3072,3437,4419,365,1347
1615,17,48,4400,4402,4422,2,22
1103,9,48,3004,3412,4425,408,1421
1430,12,48,3895,3896,4428,1,533
606,14,48,1650,1651,4431,1,2781
1617,1,48,4405,4407,4434,2,29
1116,4,48,3039,3425,4437,386,1398
793,5,48,2158,3102,4440,944,2282
1623,7,48,4421,4423,4443,2,22
1145,15,48,3118,3454,4446,336,1328
770,18,48,2095,3079,4449,984,2354
1104,10,48,3007,3413,4452,406,1445
781,11,48,2125,3090,4455,965,2330
1629,13,48,4438,4440,4458,2,20
642,2,48,1748,1749,4461,1,2713
1133,3,48,3085,3442,4464,357,1379
1460,6,48,3978,3979,4467,1,489
648,8,48,1764,1765,4470,1,2706
1146,16,48,3121,3455,4473,334,1352
1633,17,48,4449,4450,4476,1,27
1121,9,48,3053,3430,4479,377,1426
1448,12,48,3945,3946,4482,1,537
622,14,48,1693,1694,4485,1,2792
1635,1,48,4455,4456,4488,1,33
1134,4,48,3088,3443,4491,355,1403
1478,6,48,4027,4028,4494,1,467
1641,7,48,4471,4473,4497,2,26
1163,15,48,3167,3472,4500,305,1333
788,18,48,2144,3097,4503,953,2359
1122,10,48,3056,3431,4506,375,1450
1466,12,48,3994,3995,4509,1,515
1647,13,48,4488,4489,4512,1,24
658,2,48,1792,1793,4515,1,2723
1151,3,48,3134,3460,4518,326,1384
811,5,48,2207,3120,4521,913,2314
664,8,48,1808,1810,4524,2,2716
1164,16,48,3170,3473,4527,303,1357
1651,17,48,4499,4501,4530,2,31
1139,9,48,3102,3448,4533,346,1431
799,11,48,2174,3108,4536,934,2362
638,14,48,1737,1738,4539,1,2802
1653,1,48,4504,4505,4542,1,38
1152,4,48,3137,3461,4545,324,1408
1496,6,48,4076,4078,4548,2,472
1659,7,48,4520,4521,4551,1,31
1181,15,48,3216,3490,4554,274,1338
806,18,48,2193,3115,4557,922,2364
1140,10,48,3105,3449,4560,344,1455
1484,12,48,4043,4044,4563,1,520
1665,13,48,4537,4538,4566,1,29
1671,1,48,4553,4555,4569,2,16
1169,3,48,3183,3478,4572,295,1389
1514,6,48,4125,4126,4575,1,450
680,8,48,1852,1854,4578,2,2726
1182,16,48,3219,3491,4581,272,1362
1669,17,48,4548,4549,4584,1,36
1157,9,48,3151,3466,4587,315,1436
1502,12,48,4092,4093,4590,1,498
654,14,48,1780,1781,4593,1,2813
674,2,48,1836,1837,4596,1,2760
1170,4,48,3186,3479,4599,293,1413
829,5,48,2256,3138,4602,882,2346
1677,7,48,4569,4571,4605,2,36
1199,15,48,3265,3508,4608,243,1343
1687,17,48,4597,4598,4611,1,14
1158,10,48,3154,3467,4614,313,1460
817,11,48,2223,3126,4617,903,2394
1683,13,48,4586,4588,4620,2,34
1689,1,48,4602,4603,4623,1,21
1187,3,48,3232,3496,4626,264,1394
1532,6,48,4174,4175,4629,1,455
1695,7,48,4618,4619,4632,1,14
1200,16,48,3268,3509,4635,241,1367
824,18,48,2242,3133,4638,891,2396
1175,9,48,3200,3484,4641,284,1441
1520,12,48,4141,4142,4644,1,503
1701,13,48,4635,4636,4647,1,12
690,2,48,1879,1881,4650,2,2771
1188,4,48,3235,3497,4653,262,1418
1550,6,48,4223,4225,4656,2,433
696,8,48,1895,1897,4659,2,2764
1217,15,48,3314,3526,4662,212,1348
1705,17,48,4646,4648,4665,2,19
1176,10,48,3203,3485,4668,282,1465
1538,12,48,4190,4191,4671,1,481
670,14,48,1824,1825,4674,1,2850
1707,1,48,4651,4653,4677,2,26
1205,3,48,3281,3514,4680,233,1399
847,5,48,2306,3156,4683,850,2377
1713,7,48,4667,4669,4686,2,19
1218,16,48,3317,3527,4689,210,1372
842,18,48,2291,3151,4692,860,2401
1193,9,48,3249,3502,4695,253,1446
835,11,48,2272,3144,4698,872,2426
1719,13,48,4684,4686,4701,2,17
706,2,48,1923,1924,4704,1,2781
1206,4,48,3284,3515,4707,231,1423
1568,6,48,4272,4273,4710,1,438
712,8,48,1939,1941,4713,2,2774
1235,15,48,3363,3544,4716,181,1353
1723,17,48,4695,4696,4719,1,24
1194,10,48,3252,3503,4722,251,1470
1556,12,48,4239,4240,4725,1,486
686,14,48,1868,1870,4728,2,2860
1725,1,48,4700,4702,4731,2,31
1223,3,48,3330,3532,4734,202,1404
1586,6,48,4321,4322,4737,1,416
1731,7,48,4716,4720,4740,4,24
1236,16,48,3366,3545,4743,179,1377
860,18,48,2341,3169,4746,828,2405
1211,9,48,3298,3520,4749,222,1451
1574,12,48,4288,4289,4752,1,464
1737,13,48,4733,4738,4755,5,22
722,2,48,1967,1968,4758,1,2791
1224,4,48,3333,3533,4761,200,1428
865,5,48,2355,3174,4764,819,2409
728,8,48,1983,1984,4767,1,2784
1253,15,48,3413,3562,4770,149,1357
1741,17,48,4744,4750,4773,6,29
1212,10,48,3301,3521,4776,220,1475
853,11,48,2322,3162,4779,840,2457
702,14,48,1911,1912,4782,1,2871
1743,1,48,4749,4756,4785,7,36
1241,3,48,3380,3550,4788,170,1408
1604,6,48,4370,4372,4791,2,421
1749,7,48,4765,4774,4794,9,29
1254,16,48,3416,3563,4797,147,1381
878,18,48,2390,3187,4800,797,2410
1229,9,48,3347,3538,4803,191,1456
1592,12,48,4337,4338,4806,1,469
1755,13,48,4782,4792,4809,10,27
736,2,48,2003,3045,4812,1042,2809
1242,4,48,3383,3551,4815,168,1432
1622,6,48,4419,4420,4818,1,399
742,8,48,2019,3051,4821,1032,2802
1271,15,48,3462,3580,4824,118,1362
1759,17,48,4793,4804,4827,11,34
1230,10,48,3350,3539,4830,189,1480
1610,12,48,4386,4387,4833,1,447
718,14,48,1955,1957,4836,2,2881
1761,1,48,4798,4810,4839,12,41
1259,3,48,3429,3568,4842,139,1413
883,5,48,2404,3192,4845,788,2441
1767,7,48,4814,4828,4848,14,34
1272,16,48,3465,3581,4851,116,1386
896,18,48,2439,3205,4854,766,2415
1247,9,48,3397,3556,4857,159,1460
871,11,48,2371,3180,4860,809,2489
1773,13,48,4831,4846,4863,15,32
754,2,48,2052,3063,4866,1011,2814
1260,4,48,3432,3569,4869,137,1437
1640,6,48,4469,4470,4872,1,403
760,8,48,2068,3069,4875,1001,2807
1289,15,48,3511,3598,4878,87,1367
1777,17,48,4842,4858,4881,16,39
1248,10,48,3400,3557,4884,157,1484
1628,12,48,4435,4436,4887,1,452
734,14,48,1999,2000,4890,1,2891
1779,1,48,4847,4864,4893,17,46
1277,3,48,3478,3586,4896,108,1418
1658,6,48,4518,4519,4899,1,381
1785,7,48,4863,4882,4902,19,39
1290,16,48,3514,3599,4905,85,1391
914,18,48,2488,3223,4908,735,2420
1265,9,48,3446,3574,4911,128,1465
1646,12,48,4485,4486,4914,1,429
1791,13,48,4880,4900,4917,20,37
772,2,48,2101,3081,4920,980,2819
1278,4,48,3481,3587,4923,106,1442
901,5,48,2453,3210,4926,757,2473
778,8,48,2117,3087,4929,970,2812
1307,15,48,3560,3616,4932,56,1372
1795,17,48,4891,4912,4935,21,44
1266,10,48,3449,3575,4938,126,1489
889,11,48,2420,3198,4941,778,2521
748,14,48,2035,3057,4944,1022,2909
1797,1,48,4896,4918,4947,22,51
1295,3,48,3527,3604,4950,77,1423
1676,6,48,4567,4568,4953,1,386
1803,7,48,4912,4936,4956,24,44
1308,16,48,3563,3617,4959,54,1396
932,18,48,2537,3241,4962,704,2425
1283,9,48,3495,3592,4965,97,1470
1664,12,48,4534,4535,4968,1,434
1809,13,48,4929,4954,4971,25,42
790,2,48,2150,3099,4974,949,2824
1296,4,48,3530,3605,4977,75,1447
1694,6,48,4616,4618,4980,2,364
796,8,48,2166,3105,4983,939,2817
1325,15,48,3609,3634,4986,25,1377
1813,17,48,4940,4966,4989,26,49
1284,10,48,3498,3593,4992,95,1494
1682,12,48,4583,4584,4995,1,412
766,14,48,2084,3075,4998,991,2914
1815,1,48,4945,4972,5001,27,56
1313,3,48,3576,3622,5004,46,1428
919,5,48,2502,3228,5007,726,2505
1821,7,48,4961,4990,5010,29,49
1326,16,48,3612,3635,5013,23,1401
950,18,48,2586,3259,5016,673,2430
1301,9,48,3544,3610,5019,66,1475
907,11,48,2469,3216,5022,747,2553
1827,13,48,4978,5008,5025,30,47
808,2,48,2199,3117,5028,918,2829
1314,4,48,3579,3623,5031,44,1452
1712,6,48,4665,4666,5034,1,369
814,8,48,2215,3123,5037,908,2822
1343,15,48,3658,3660,5040,2,1382
1831,17,48,4989,5020,5043,31,54
1302,10,48,3547,3611,5046,64,1499
1700,12,48,4632,4633,5049,1,417
784,14,48,2133,3093,5052,960,2919
1833,1,48,4995,5026,5055,31,60
1331,3,48,3625,3640,5058,15,1433
1730,6,48,4714,4717,5061,3,347
1839,7,48,5011,5044,5064,33,53
1344,16,48,3661,3662,5067,1,1406
968,18,48,2635,3277,5070,642,2435
1319,9,48,3593,3628,5073,35,1480
1718,12,48,4681,4682,5076,1,395
1845,13,48,5028,5062,5079,34,51
826,2,48,2248,3135,5082,887,2834
1332,4,48,3628,3641,5085,13,1457
937,5,48,2551,3246,5088,695,2537
832,8,48,2264,3141,5091,877,2827
1361,15,48,3707,3709,5094,2,1387
1849,17,48,5039,5074,5097,35,58
1320,10,48,3596,3629,5100,33,1504
925,11,48,2518,3234,5103,716,2585
802,14,48,2182,3111,5106,929,2924
1851,1,48,5044,5080,5109,36,65
1349,3,48,3674,3676,5112,2,1438
1748,6,48,4763,4771,5115,8,352
1857,7,48,5060,5098,5118,38,58
1362,16,48,3710,3711,5121,1,1411
986,18,48,2684,3295,5124,611,2440
1337,9,48,3642,3646,5127,4,1485
1736,12,48,4730,4735,5130,5,400
1863,13,48,5077,5116,5133,39,56
844,2,48,2298,3153,5136,855,2838
1350,4,48,3677,3678,5139,1,1462
1766,6,48,4812,4825,5142,13,330
850,8,48,2314,3159,5145,845,2831
1379,15,48,3756,3757,5148,1,1392
1867,17,48,5088,5128,5151,40,63
1338,10,48,3645,3647,5154,2,1509
1754,12,48,4779,4789,5157,10,378
820,14,48,2231,3129,5160,898,2929
1869,1,48,5093,5134,5163,41,70
1367,3,48,3723,3725,5166,2,1443
955,5,48,2600,3264,5169,664,2569
1875,7,48,5109,5152,5172,43,63
1380,16,48,3759,3760,5175,1,1416
1004,18,48,2733,3313,5178,580,2445
1355,9,48,3691,3693,5181,2,1490
943,11,48,2567,3252,5184,685,2617
1881,13,48,5126,5170,5187,44,61
862,2,48,2347,3171,5190,824,2843
1368,4,48,3726,3727,5193,1,1467
1784,6,48,4861,4879,5196,18,335
868,8,48,2363,3177,5199,814,2836
1397,15,48,3805,3807,5202,2,1397
1885,17,48,5137,5182,5205,45,68
1356,10,48,3694,3695,5208,1,1514
1772,12,48,4828,4843,5211,15,383
838,14,48,2280,3147,5214,867,2934
1887,1,48,5142,5188,5217,46,75
1385,3,48,3772,3773,5220,1,1448
1802,6,48,4910,4933,5223,23,313
1893,7,48,5158,5206,5226,48,68
1398,16,48,3808,3809,5229,1,1421
1022,18,48,2782,3331,5232,549,2450
1373,9,48,3740,3742,5235,2,1495
1790,12,48,4877,4897,5238,20,361
1899,13,48,5175,5224,5241,49,66
880,2,48,2396,3189,5244,793,2848
1386,4,48,3775,3776,5247,1,1472
973,5,48,2649,3282,5250,633,2601
886,8,48,2412,3195,5253,783,2841
1415,15,48,3854,3856,5256,2,1402
1903,17,48,5186,5236,5259,50,73
1374,10,48,3743,3745,5262,2,1519
961,11,48,2616,3270,5265,654,2649
856,14,48,2330,3165,5268,835,2938
1905,1,48,5191,5242,5271,51,80
1403,3,48,3821,3823,5274,2,1453
1820,6,48,4959,4987,5277,28,318
1911,7,48,5207,5260,5280,53,73
1416,16,48,3857,3858,5283,1,1426
1040,18,48,2831,3349,5286,518,2455
1391,9,48,3789,3790,5289,1,1500
1808,12,48,4926,4951,5292,25,366
1917,13,48,5224,5278,5295,54,71
898,2,48,2445,3207,5298,762,2853
1404,4,48,3824,3825,5301,1,1477
1838,6,48,5009,5041,5304,32,295
904,8,48,2461,3213,5307,752,2846
1433,15,48,3903,3904,5310,1,1407
1921,17,48,5235,5290,5313,55,78
1392,10,48,3792,3793,5316,1,1524
1826,12,48,4975,5005,5319,30,344
874,14,48,2379,3183,5322,804,2943
1923,1,48,5240,5296,5325,56,85
1421,3,48,3870,3872,5328,2,1458
991,5,48,2698,3300,5331,602,2633
1929,7,48,5256,5314,5334,58,78
1434,16,48,3906,3907,5337,1,1431
1058,18,48,2881,3367,5340,486,2459
1409,9,48,3838,3840,5343,2,1505
979,11,48,2665,3288,5346,623,2681
1935,13,48,5273,5332,5349,59,76
916,2,48,2494,3225,5352,731,2858
1422,4,48,3873,3874,5355,1,1482
1856,6,48,5058,5095,5358,37,300
922,8,48,2510,3231,5361,721,2851
1451,15,48,3953,3954,5364,1,1411
1939,17,48,5284,5344,5367,60,83
1410,10,48,3841,3842,5370,1,1529
1844,12,48,5025,5059,5373,34,348
892,14,48,2428,3201,5376,773,2948
1941,1,48,5289,5350,5379,61,90
1439,3,48,3920,3921,5382,1,1462
1874,6,48,5107,5149,5385,42,278
1947,7,48,5305,5368,5388,63,83
1452,16,48,3956,3958,5391,2,1435
1076,18,48,2930,3385,5394,455,2464
1427,9,48,3887,3889,5397,2,1510
1862,12,48,5074,5113,5400,39,326
1953,13,48,5322,5386,5403,64,81
934,2,48,2543,3243,5406,700,2863
1440,4,48,3923,3925,5409,2,1486
1009,5,48,2747,3318,5412,571,2665
940,8,48,2559,3249,5415,690,2856
1469,15,48,4002,4003,5418,1,1416
1957,17,48,5333,5398,5421,65,88
1428,10,48,3890,3892,5424,2,1534
997,11,48,2714,3306,5427,592,2713
910,14,48,2477,3219,5430,742,2953
1959,1,48,5338,5404,5433,66,95
1457,3,48,3969,3970,5436,1,1467
1892,6,48,5156,5203,5439,47,283
1965,7,48,5354,5422,5442,68,88
1470,16,48,4005,4006,5445,1,1440
1094,18,48,2979,3403,5448,424,2469
1445,9,48,3937,3938,5451,1,1514
1880,12,48,5123,5167,5454,44,331
1971,13,48,5371,5440,5457,69,86
952,2,48,2592,3261,5460,669,2868
1458,4,48,3972,3973,5463,1,1491
1910,6,48,5205,5257,5466,52,261
958,8,48,2608,3267,5469,659,2861
1487,15,48,4051,4053,5472,2,1421
1975,17,48,5382,5452,5475,70,93
1446,10,48,3940,3942,5478,2,1538
1898,12,48,5172,5221,5481,49,309
928,14,48,2526,3237,5484,711,2958
1977,1,48,5387,5458,5487,71,100
1475,3,48,4018,4019,5490,1,1472
1027,5,48,2796,3336,5493,540,2697
1983,7,48,5403,5476,5496,73,93
1488,16,48,4054,4055,5499,1,1445
1112,18,48,3028,3421,5502,393,2474
1463,9,48,3986,3988,5505,2,1519
1015,11,48,2763,3324,5508,561,2745
1989,13,48,5420,5494,5511,74,91
970,2,48,2641,3279,5514,638,2873
1476,4,48,4021,4022,5517,1,1496
1928,6,48,5254,5311,5520,57,266
976,8,48,2657,3285,5523,628,2866
1505,15,48,4100,4102,5526,2,1426
1993,17,48,5431,5506,5529,75,98
1464,10,48,3989,3990,5532,1,1543
1916,12,48,5221,5275,5535,54,314
946,14,48,2575,3255,5538,680,2963
1995,1,48,5436,5512,5541,76,105
1493,3,48,4067,4069,5544,2,1477
1946,6,48,5303,5365,5547,62,244
2001,7,48,5452,5530,5550,78,98
1506,16,48,4103,4104,5553,1,1450
1130,18,48,3077,3439,5556,362,2479
1481,9,48,4035,4036,5559,1,1524
1934,12,48,5270,5329,5562,59,292
2007,13,48,5469,5548,5565,79,96
988,2,48,2690,3297,5568,607,2878
1494,4,48,4070,4071,5571,1,1501
1045,5,48,2846,3354,5574,508,2728
994,8,48,2706,3303,5577,597,2871
1523,15,48,4149,4150,5580,1,1431
2011,17,48,5480,5560,5583,80,103
1482,10,48,4038,4039,5586,1,1548
1033,11,48,2812,3342,5589,530,2777
964,14,48,2624,3273,5592,649,2968
2013,1,48,5485,5566,5595,81,110
1511,3,48,4116,4118,5598,2,1482
1964,6,48,5352,5419,5601,67,249
2019,7,48,5501,5584,5604,83,103
1524,16,48,4152,4153,5607,1,1455
1148,18,48,3126,3457,5610,331,2484
1499,9,48,4084,4086,5613,2,1529
1952,12,48,5319,5383,5616,64,297
2025,13,48,5518,5602,5619,84,101
1006,2,48,2739,3315,5622,576,2883
1512,4,48,4119,4120,5625,1,1506
1982,6,48,5401,5473,5628,72,227
1012,8,48,2755,3321,5631,566,2876
1541,15,48,4198,4200,5634,2,1436
2029,17,48,5529,5614,5637,85,108
1500,10,48,4087,4088,5640,1,1553
1970,12,48,5368,5437,5643,69,275
982,14,48,2673,3291,5646,618,2973
2031,1,48,5535,5620,5649,85,114
1529,3,48,4165,4166,5652,1,1487
1063,5,48,2895,3372,5655,477,2760
2037,7,48,5551,5638,5658,87,107
1542,16,48,4201,4202,5661,1,1460
1166,18,48,3175,3475,5664,300,2489
1517,9,48,4133,4135,5667,2,1534
1051,11,48,2862,3360,5670,498,2808
2043,13,48,5568,5656,5673,88,105
1024,2,48,2788,3333,5676,545,2888
1530,4,48,4168,4169,5679,1,1511
2000,6,48,5450,5527,5682,77,232
1030,8,48,2804,3339,5685,535,2881
1559,15,48,4247,4249,5688,2,1441
2047,17,48,5579,5668,5691,89,112
1518,10,48,4136,4138,5694,2,1558
1988,12,48,5417,5491,5697,74,280
1000,14,48,2722,3309,5700,587,2978
2049,1,48,5584,5674,5703,90,119
1547,3,48,4214,4216,5706,2,1492
2018,6,48,5499,5581,5709,82,210
2055,7,48,5600,5692,5712,92,112
1560,16,48,4250,4251,5715,1,1465
1184,18,48,3224,3493,5718,269,2494
1535,9,48,4182,4183,5721,1,1539
2006,12,48,5466,5545,5724,79,258
2061,13,48,5617,5710,5727,93,110
1042,2,48,2838,3351,5730,513,2892
1548,4,48,4217,4218,5733,1,1516
1081,5,48,2944,3390,5736,446,2792
1048,8,48,2854,3357,5739,503,2885
1577,15,48,4296,4297,5742,1,1446
2065,17,48,5628,5722,5745,94,117
1536,10,48,4185,4186,5748,1,1563
1069,11,48,2911,3378,5751,467,2840
1018,14,48,2771,3327,5754,556,2983
2067,1,48,5633,5728,5757,95,124
1565,3,48,4263,4265,5760,2,1497
2036,6,48,5549,5635,5763,86,214
2073,7,48,5649,5746,5766,97,117
1578,16,48,4299,4300,5769,1,1470
1202,18,48,3273,3511,5772,238,2499
1553,9,48,4231,4233,5775,2,1544
2024,12,48,5515,5599,5778,84,263
2079,13,48,5666,5764,5781,98,115
1060,2,48,2887,3369,5784,482,2897
1566,4,48,4266,4267,5787,1,1521
2054,6,48,5598,5689,5790,91,192
1066,8,48,2903,3375,5793,472,2890
1595,15,48,4345,4347,5796,2,1451
2083,17,48,5677,5776,5799,99,122
1554,10,48,4234,4235,5802,1,1568
2042,12,48,5565,5653,5805,88,240
1036,14,48,2820,3345,5808,525,2988
2085,1,48,5682,5782,5811,100,129
1583,3,48,4312,4313,5814,1,1502
1099,5,48,2993,3408,5817,415,2824
2091,7,48,5698,5800,5820,102,122
1596,16,48,4348,4349,5823,1,1475
1220,18,48,3322,3529,5826,207,2504
1571,9,48,4280,4282,5829,2,1549
1087,11,48,2960,3396,5832,436,2872
2097,13,48,5715,5818,5835,103,120
1078,2,48,2936,3387,5838,451,2902
1584,4,48,4315,4316,5841,1,1526
2072,6,48,5647,5743,5844,96,197
1084,8,48,2952,3393,5847,441,2895
1613,15,48,4394,4396,5850,2,1456
2101,17,48,5726,5830,5853,104,127
1572,10,48,4283,4285,5856,2,1573
2060,12,48,5614,5707,5859,93,245
1054,14,48,2870,3363,5862,493,2992
2103,1,48,5731,5836,5865,105,134
1601,3,48,4361,4363,5868,2,1507
2090,6,48,5696,5797,5871,101,175
2109,7,48,5747,5854,5874,107,127
1614,16,48,4397,4398,5877,1,1480
1238,18,48,3371,3547,5880,176,2509
1589,9,48,4329,4330,5883,1,1554
2078,12,48,5663,5761,5886,98,223
2115,13,48,5764,5872,5889,108,125
1096,2,48,2985,3405,5892,420,2907
1602,4,48,4364,4365,5895,1,1531
1117,5,48,3042,3426,5898,384,2856
1102,8,48,3001,3411,5901,410,2900
1631,15,48,4443,4444,5904,1,1461
2119,17,48,5775,5884,5907,109,132
1590,10,48,4332,4333,5910,1,1578
1105,11,48,3009,3414,5913,405,2904
1072,14,48,2919,3381,5916,462,2997
2121,1,48,5780,5890,5919,110,139
1619,3,48,4410,4412,5922,2,1512
2108,6,48,5745,5851,5925,106,180
2127,7,48,5796,5908,5928,112,132
1632,16,48,4446,4447,5931,1,1485
1256,18,48,3421,3565,5934,144,2513
1607,9,48,4378,4380,5937,2,1559
2096,12,48,5712,5815,5940,103,228
2133,13,48,5813,5926,5943,113,130
1114,2,48,3034,3423,5946,389,2912
1620,4,48,4413,4414,5949,1,1536
2126,6,48,5794,5905,5952,111,158
1120,8,48,3050,3429,5955,379,2905
1649,15,48,4493,4494,5958,1,1465
2137,17,48,5824,5938,5961,114,137
1608,10,48,4381,4382,5964,1,1583
2114,12,48,5761,5869,5967,108,206
1090,14,48,2968,3399,5970,431,3002
2139,1,48,5829,5944,5973,115,144
1637,3,48,4460,4461,5976,1,1516
1135,5,48,3091,3444,5979,353,2888
2145,7,48,5845,5962,5982,117,137
1650,16,48,4496,4498,5985,2,1489
1274,18,48,3470,3583,5988,113,2518
1625,9,48,4427,4429,5991,2,1564
1123,11,48,3058,3432,5994,374,2936
2151,13,48,5862,5980,5997,118,135
1132,2,48,3083,3441,6000,358,2917
1638,4,48,4463,4465,6003,2,1540
2144,6,48,5843,5959,6006,116,163
1138,8,48,3099,3447,6009,348,2910
1667,15,48,4542,4543,6012,1,1470
2155,17,48,5873,5992,6015,119,142
1626,10,48,4430,4432,6018,2,1588
2132,12,48,5810,5923,6021,113,211
1108,14,48,3017,3417,6024,400,3007
2157,1,48,5878,5998,6027,120,149
1655,3,48,4509,4510,6030,1,1521
2162,6,48,5892,6013,6033,121,141
2163,7,48,5894,6016,6036,122,142
1668,16,48,4545,4546,6039,1,1494
1292,18,48,3519,3601,6042,82,2523
1643,9,48,4477,4478,6045,1,1568
2150,12,48,5859,5977,6048,118,189
2169,13,48,5911,6034,6051,123,140
1150,2,48,3132,3459,6054,327,2922
1656,4,48,4512,4513,6057,1,1545
1153,5,48,3140,3462,6060,322,2920
1156,8,48,3148,3465,6063,317,2915
1685,15,48,4591,4593,6066,2,1475
2173,17,48,5922,6046,6069,124,147
1644,10,48,4480,4482,6072,2,1592
1141,11,48,3107,3450,6075,343,2968
1126,14,48,3066,3435,6078,369,3012
2175,1,48,5927,6052,6081,125,154
1673,3,48,4558,4559,6084,1,1526
2180,6,48,5941,6067,6087,126,146
2181,7,48,5943,6070,6090,127,147
1686,16,48,4594,4595,6093,1,1499
1310,18,48,3568,3619,6096,51,2528
1661,9,48,4526,4528,6099,2,1573
2168,12,48,5908,6031,6102,123,194
2187,13,48,5960,6088,6105,128,145
1168,2,48,3181,3477,6108,296,2927
1674,4,48,4561,4562,6111,1,1550
1171,5,48,3189,3480,6114,291,2925
1174,8,48,3197,3483,6117,286,2920
1703,15,48,4640,4642,6120,2,1480
2191,17,48,5971,6100,6123,129,152
1662,10,48,4529,4530,6126,1,1597
2186,12,48,5957,6085,6129,128,172
1144,14,48,3115,3453,6132,338,3017
2193,1,48,5976,6106,6135,130,159
1691,3,48,4607,4609,6138,2,1531
2198,6,48,5990,6121,6141,131,151
2199,7,48,5992,6124,6144,132,152
1704,16,48,4643,4644,6147,1,1504
1328,18,48,3617,3637,6150,20,2533
1679,9,48,4575,4576,6153,1,1578
1159,11,48,3156,3468,6156,312,3000
2205,13,48,6009,6142,6159,133,150
1186,2,48,3230,3495,6162,265,2932
1692,4,48,4610,4611,6165,1,1555
1189,5,48,3238,3498,6168,260,2930
1192,8,48,3246,3501,6171,255,2925
1721,15,48,4689,4690,6174,1,1485
2209,17,48,6020,6154,6177,134,157
1680,10,48,4578,4579,6180,1,1602
2204,12,48,6006,6139,6183,133,177
1162,14,48,3164,3471,6186,307,3022
2211,1,48,6025,6160,6189,135,164
1709,3,48,4656,4658,6192,2,1536
2216,6,48,6039,6175,6195,136,156
2217,7,48,6041,6178,6198,137,157
1722,16,48,4692,4693,6201,1,1509
1346,18,48,3666,3667,6204,1,2538
1697,9,48,4624,4626,6207,2,1583
2222,12,48,6055,6193,6210,138,155
2223,13,48,6058,6196,6213,138,155
1204,2,48,3279,3513,6216,234,2937
1710,4,48,4659,4660,6219,1,1560
1207,5,48,3287,3516,6222,229,2935
1210,8,48,3295,3519,6225,224,2930
1739,15,48,4738,4744,6228,6,1490
2227,17,48,6069,6208,6231,139,162
1698,10,48,4627,4628,6234,1,1607
1177,11,48,3205,3486,6237,281,3032
1180,14,48,3213,3489,6240,276,3027
2229,1,48,6075,6214,6243,139,168
1727,3,48,4705,4708,6246,3,1541
2234,6,48,6089,6229,6249,140,160
2235,7,48,6091,6232,6252,141,161
1740,16,48,4741,4747,6255,6,1514
1364,18,48,3715,3716,6258,1,2543
1715,9,48,4673,4675,6261,2,1588
2240,12,48,6105,6247,6264,142,159
2241,13,48,6108,6250,6267,142,159
1222,2,48,3328,3531,6270,203,2942
1728,4,48,4708,4711,6273,3,1565
1225,5,48,3336,3534,6276,198,2940
1228,8,48,3344,3537,6279,193,2935
1757,15,48,4787,4798,6282,11,1495
2245,17,48,6119,6262,6285,143,166
1716,10,48,4676,4678,6288,2,1612
1195,11,48,3254,3504,6291,250,3037
1198,14,48,3262,3507,6294,245,3032
2247,1,48,6124,6268,6297,144,173
1745,3,48,4754,4762,6300,8,1546
2252,6,48,6138,6283,6303,145,165
2253,7,48,6140,6286,6306,146,166
1758,16,48,4790,4801,6309,11,1519
1382,18,48,3764,3765,6312,1,2548
1733,9,48,4722,4726,6315,4,1593
2258,12,48,6154,6301,6318,147,164
2259,13,48,6157,6304,6321,147,164
1240,2,48,3378,3549,6324,171,2946
1746,4,48,4757,4765,6327,8,1570
1243,5,48,3386,3552,6330,166,2944
1246,8,48,3394,3555,6333,161,2939
1775,15,48,4836,4852,6336,16,1500
2263,17,48,6168,6316,6339,148,171
1734,10,48,4725,4729,6342,4,1617
1213,11,48,3303,3522,6345,219,3042
1216,14,48,3311,3525,6348,214,3037
2265,1,48,6173,6322,6351,149,178
1763,3,48,4803,4816,6354,13,1551
2270,6,48,6187,6337,6357,150,170
2271,7,48,6189,6340,6360,151,171
1776,16,48,4839,4855,6363,16,1524
1400,18,48,3813,3814,6366,1,2553
1751,9,48,4771,4780,6369,9,1598
2276,12,48,6203,6355,6372,152,169
2277,13,48,6206,6358,6375,152,169
1258,2,48,3427,3567,6378,140,2951
1764,4,48,4806,4819,6381,13,1575
1261,5,48,3435,3570,6384,135,2949
1264,8,48,3443,3573,6387,130,2944
1793,15,48,4885,4906,6390,21,1505
2281,17,48,6217,6370,6393,153,176
1752,10,48,4774,4783,6396,9,1622
1231,11,48,3352,3540,6399,188,3047
1234,14,48,3360,3543,6402,183,3042
2283,1,48,6222,6376,6405,154,183
1781,3,48,4852,4870,6408,18,1556
2288,6,48,6236,6391,6411,155,175
2289,7,48,6238,6394,6414,156,176
1794,16,48,4888,4909,6417,21,1529
1418,18,48,3862,3863,6420,1,2558
1769,9,48,4820,4834,6423,14,1603
2294,12,48,6252,6409,6426,157,174
2295,13,48,6255,6412,6429,157,174
1276,2,48,3476,3585,6432,109,2956
1782,4,48,4855,4873,6435,18,1580
1279,5,48,3484,3588,6438,104,2954
1282,8,48,3492,3591,6441,99,2949
1811,15,48,4934,4960,6444,26,1510
2299,17,48,6266,6424,6447,158,181
1770,10,48,4823,4837,6450,14,1627
1249,11,48,3402,3558,6453,156,3051
1252,14,48,3410,3561,6456,151,3046
2301,1,48,6271,6430,6459,159,188
1799,3,48,4901,4924,6462,23,1561
2306,6,48,6285,6445,6465,160,180
2307,7,48,6287,6448,6468,161,181
1812,16,48,4937,4963,6471,26,1534
1436,18,48,3911,3912,6474,1,2563
1787,9,48,4869,4888,6477,19,1608
2312,12,48,6301,6463,6480,162,179
2313,13,48,6304,6466,6483,162,179
1294,2,48,3525,3603,6486,78,2961
1800,4,48,4904,4927,6489,23,1585
1297,5,48,3533,3606,6492,73,2959
1300,8,48,3541,3609,6495,68,2954
1829,15,48,4983,5014,6498,31,1515
2317,17,48,6315,6478,6501,163,186
1788,10,48,4872,4891,6504,19,1632
1267,11,48,3451,3576,6507,125,3056
1270,14,48,3459,3579,6510,120,3051
2319,1,48,6320,6484,6513,164,193
1817,3,48,4950,4978,6516,28,1566
2324,6,48,6334,6499,6519,165,185
2325,7,48,6336,6502,6522,166,186
1830,16,48,4986,5017,6525,31,1539
1454,18,48,3961,3962,6528,1,2567
1805,9,48,4918,4942,6531,24,1613
2330,12,48,6350,6517,6534,167,184
2331,13,48,6353,6520,6537,167,184
1312,2,48,3574,3621,6540,47,2966
1818,4,48,4953,4981,6543,28,1590
1315,5,48,3582,3624,6546,42,2964
1318,8,48,3590,3627,6549,37,2959
1847,15,48,5033,5068,6552,35,1519
2335,17,48,6364,6532,6555,168,191
1806,10,48,4921,4945,6558,24,1637
1285,11,48,3500,3594,6561,94,3061
1288,14,48,3508,3597,6564,89,3056
2337,1,48,6369,6538,6567,169,198
1835,3,48,5000,5032,6570,32,1570
2342,6,48,6383,6553,6573,170,190
2343,7,48,6385,6556,6576,171,191
1848,16,48,5036,5071,6579,35,1543
1472,18,48,4010,4011,6582,1,2572
1823,9,48,4967,4996,6585,29,1618
2348,12,48,6399,6571,6588,172,189
2349,13,48,6402,6574,6591,172,189
1330,2,48,3623,3639,6594,16,2971
1836,4,48,5003,5035,6597,32,1594
1333,5,48,3631,3642,6600,11,2969
1336,8,48,3639,3645,6603,6,2964
1865,15,48,5082,5122,6606,40,1524
2353,17,48,6413,6586,6609,173,196
1824,10,48,4970,4999,6612,29,1642
1303,11,48,3549,3612,6615,63,3066
1306,14,48,3557,3615,6618,58,3061
2355,1,48,6418,6592,6621,174,203
1853,3,48,5049,5086,6624,37,1575
2360,6,48,6432,6607,6627,175,195
2361,7,48,6434,6610,6630,176,196
1866,16,48,5085,5125,6633,40,1548
1490,18,48,4059,4060,6636,1,2577
1841,9,48,5017,5050,6639,33,1622
2366,12,48,6448,6625,6642,177,194
2367,13,48,6451,6628,6645,177,194
1348,2,48,3672,3673,6648,1,2976
1854,4,48,5052,5089,6651,37,1599
1351,5,48,3680,3682,6654,2,2974
1354,8,48,3688,3689,6657,1,2969
1883,15,48,5131,5176,6660,45,1529
2371,17,48,6462,6640,6663,178,201
1842,10,48,5020,5053,6666,33,1646
1321,11,48,3598,3630,6669,32,3071
1324,14,48,3606,3633,6672,27,3066
2373,1,48,6467,6646,6675,179,208
1871,3,48,5098,5140,6678,42,1580
2378,6,48,6481,6661,6681,180,200
2379,7,48,6483,6664,6684,181,201
1884,16,48,5134,5179,6687,45,1553
1508,18,48,4108,4109,6690,1,2582
1859,9,48,5066,5104,6693,38,1627
2384,12,48,6497,6679,6696,182,199
2385,13,48,6500,6682,6699,182,199
1366,2,48,3721,3722,6702,1,2981
1872,4,48,5101,5143,6705,42,1604
1369,5,48,3729,3730,6708,1,2979
1372,8,48,3737,3738,6711,1,2974
1901,15,48,5180,5230,6714,50,1534
2389,17,48,6511,6694,6717,183,206
1860,10,48,5069,5107,6720,38,1651
1339,11,48,3647,3648,6723,1,3076
1342,14,48,3655,3656,6726,1,3071
2391,1,48,6516,6700,6729,184,213
1889,3,48,5147,5194,6732,47,1585
2396,6,48,6530,6715,6735,185,205
2397,7,48,6532,6718,6738,186,206
1902,16,48,5183,5233,6741,50,1558
1526,18,48,4157,4158,6744,1,2587
1877,9,48,5115,5158,6747,43,1632
2402,12,48,6546,6733,6750,187,204
2403,13,48,6549,6736,6753,187,204
1384,2,48,3770,3772,6756,2,2986
1890,4,48,5150,5197,6759,47,1609
1387,5,48,3778,3780,6762,2,2984
1390,8,48,3786,3787,6765,1,2979
1919,15,48,5229,5284,6768,55,1539
2407,17,48,6560,6748,6771,188,211
1878,10,48,5118,5161,6774,43,1656
1357,11,48,3696,3698,6777,2,3081
1360,14,48,3704,3706,6780,2,3076
2409,1,48,6565,6754,6783,189,218
1907,3,48,5196,5248,6786,52,1590
2414,6,48,6579,6769,6789,190,210
2415,7,48,6581,6772,6792,191,211
1920,16,48,5232,5287,6795,55,1563
1544,18,48,4206,4207,6798,1,2592
1895,9,48,5164,5212,6801,48,1637
2420,12,48,6595,6787,6804,192,209
2421,13,48,6598,6790,6807,192,209
1402,2,48,3819,3820,6810,1,2991
1908,4,48,5199,5251,6813,52,1614
1405,5,48,3827,3829,6816,2,2989
1408,8,48,3835,3836,6819,1,2984
1937,15,48,5278,5338,6822,60,1544
2425,17,48,6609,6802,6825,193,216
1896,10,48,5167,5215,6828,48,1661
1375,11,48,3745,3746,6831,1,3086
1378,14,48,3753,3754,6834,1,3081
2427,1,48,6615,6808,6837,193,222
1925,3,48,5245,5302,6840,57,1595
2432,6,48,6629,6823,6843,194,214
2433,7,48,6631,6826,6846,195,215
1938,16,48,5281,5341,6849,60,1568
1562,18,48,4255,4256,6852,1,2597
1913,9,48,5213,5266,6855,53,1642
2438,12,48,6645,6841,6858,196,213
2439,13,48,6648,6844,6861,196,213
1420,2,48,3868,3869,6864,1,2996
1926,4,48,5248,5305,6867,57,1619
1423,5,48,3876,3877,6870,1,2994
1426,8,48,3884,3885,6873,1,2989
1955,15,48,5327,5392,6876,65,1549
2443,17,48,6659,6856,6879,197,220
1914,10,48,5216,5269,6882,53,1666
1393,11,48,3794,3796,6885,2,3091
1396,14,48,3802,3803,6888,1,3086
2445,1,48,6664,6862,6891,198,227
1943,3,48,5294,5356,6894,62,1600
2450,6,48,6678,6877,6897,199,219
2451,7,48,6680,6880,6900,200,220
1956,16,48,5330,5395,6903,65,1573
1580,18,48,4304,4305,6906,1,2602
1931,9,48,5262,5320,6909,58,1647
2456,12,48,6694,6895,6912,201,218
2457,13,48,6697,6898,6915,201,218
1438,2,48,3918,3919,6918,1,3000
1944,4,48,5297,5359,6921,62,1624
1441,5,48,3926,3928,6924,2,2998
1444,8,48,3934,3935,6927,1,2993
1973,15,48,5376,5446,6930,70,1554
2461,17,48,6708,6910,6933,202,225
1932,10,48,5265,5323,6936,58,1671
1411,11,48,3843,3845,6939,2,3096
1414,14,48,3851,3853,6942,2,3091
2463,1,48,6713,6916,6945,203,232
1961,3,48,5343,5410,6948,67,1605
2468,6,48,6727,6931,6951,204,224
2469,7,48,6729,6934,6954,205,225
1974,16,48,5379,5449,6957,70,1578
1598,18,48,4353,4354,6960,1,2607
1949,9,48,5311,5374,6963,63,1652
2474,12,48,6743,6949,6966,206,223
2475,13,48,6746,6952,6969,206,223
1456,2,48,3967,3969,6972,2,3005
1962,4,48,5346,5413,6975,67,1629
1459,5,48,3975,3976,6978,1,3003
1462,8,48,3983,3985,6981,2,2998
1991,15,48,5425,5500,6984,75,1559
2479,17,48,6757,6964,6987,207,230
1950,10,48,5314,5377,6990,63,1676
1429,11,48,3892,3893,6993,1,3101
1432,14,48,3900,3901,6996,1,3096
2481,1,48,6762,6970,6999,208,237
1979,3,48,5392,5464,7002,72,1610
2486,6,48,6776,6985,7005,209,229
2487,7,48,6778,6988,7008,210,230
1992,16,48,5428,5503,7011,75,1583
1616,18,48,4402,4403,7014,1,2612
1967,9,48,5360,5428,7017,68,1657
2492,12,48,6792,7003,7020,211,228
2493,13,48,6795,7006,7023,211,228
1474,2,48,4016,4018,7026,2,3010
1980,4,48,5395,5467,7029,72,1634
1477,5,48,4024,4026,7032,2,3008
1480,8,48,4032,4033,7035,1,3003
2009,15,48,5474,5554,7038,80,1564
2497,17,48,6806,7018,7041,212,235
1968,10,48,5363,5431,7044,68,1681
1447,11,48,3942,3943,7047,1,3105
1450,14,48,3950,3952,7050,2,3100
2499,1,48,6811,7024,7053,213,242
1997,3,48,5441,5518,7056,77,1615
2504,6,48,6825,7039,7059,214,234
2505,7,48,6827,7042,7062,215,235
2010,16,48,5477,5557,7065,80,1588
1634,18,48,4451,4452,7068,1,2617
1985,9,48,5409,5482,7071,73,1662
2510,12,48,6841,7057,7074,216,233
2511,13,48,6844,7060,7077,216,233
1492,2,48,4065,4066,7080,1,3015
1998,4,48,5444,5521,7083,77,1639
1495,5,48,4073,4075,7086,2,3013
1498,8,48,4081,4082,7089,1,3008
2027,15,48,5523,5608,7092,85,1569
2515,17,48,6855,7072,7095,217,240
1986,10,48,5412,5485,7098,73,1686
1465,11,48,3991,3993,7101,2,3110
1468,14,48,3999,4000,7104,1,3105
2517,1,48,6860,7078,7107,218,247
2015,3,48,5490,5572,7110,82,1620
2522,6,48,6874,7093,7113,219,239
2523,7,48,6876,7096,7116,220,240
2028,16,48,5526,5611,7119,85,1593
1652,18,48,4501,4502,7122,1,2621
2003,9,48,5458,5536,7125,78,1667
2528,12,48,6890,7111,7128,221,238
2529,13,48,6893,7114,7131,221,238
1510,2,48,4114,4115,7134,1,3020
2016,4,48,5493,5575,7137,82,1644
1513,5,48,4122,4123,7140,1,3018
1516,8,48,4130,4131,7143,1,3013
2045,15,48,5573,5662,7146,89,1573
2533,17,48,6904,7126,7149,222,245
2004,10,48,5461,5539,7152,78,1691
1483,11,48,4040,4042,7155,2,3115
1486,14,48,4048,4049,7158,1,3110
2535,1,48,6909,7132,7161,223,252
2033,3,48,5540,5626,7164,86,1624
2540,6,48,6923,7147,7167,224,244
2541,7,48,6925,7150,7170,225,245
2046,16,48,5576,5665,7173,89,1597
1670,18,48,4550,4551,7176,1,2626
2021,9,48,5507,5590,7179,83,1672
2546,12,48,6939,7165,7182,226,243
2547,13,48,6942,7168,7185,226,243
1528,2,48,4163,4165,7188,2,3025
2034,4,48,5543,5629,7191,86,1648
1531,5,48,4171,4173,7194,2,3023
1534,8,48,4179,4180,7197,1,3018
2063,15,48,5622,5716,7200,94,1578
2551,17,48,6953,7180,7203,227,250
2022,10,48,5510,5593,7206,83,1696
1501,11,48,4089,4091,7209,2,3120
1504,14,48,4097,4099,7212,2,3115
2553,1,48,6958,7186,7215,228,257
2051,3,48,5589,5680,7218,91,1629
2558,6,48,6972,7201,7221,229,249
2559,7,48,6974,7204,7224,230,250
2064,16,48,5625,5719,7227,94,1602
1688,18,48,4599,4600,7230,1,2631
2039,9,48,5557,5644,7233,87,1676
2564,12,48,6988,7219,7236,231,248
2565,13,48,6991,7222,7239,231,248
1546,2,48,4212,4213,7242,1,3030
2052,4,48,5592,5683,7245,91,1653
1549,5,48,4220,4222,7248,2,3028
1552,8,48,4228,4229,7251,1,3023
2081,15,48,5671,5770,7254,99,1583
2569,17,48,7002,7234,7257,232,255
2040,10,48,5560,5647,7260,87,1700
1519,11,48,4138,4139,7263,1,3125
1522,14,48,4146,4147,7266,1,3120
2571,1,48,7007,7240,7269,233,262
2069,3,48,5638,5734,7272,96,1634
2576,6,48,7021,7255,7275,234,254
2577,7,48,7023,7258,7278,235,255
2082,16,48,5674,5773,7281,99,1607
1706,18,48,4648,4649,7284,1,2636
2057,9,48,5606,5698,7287,92,1681
2582,12,48,7037,7273,7290,236,253
2583,13,48,7040,7276,7293,236,253
1564,2,48,4261,4262,7296,1,3035
2070,4,48,5641,5737,7299,96,1658
1567,5,48,4269,4270,7302,1,3033
1570,8,48,4277,4278,7305,1,3028
2099,15,48,5720,5824,7308,104,1588
2587,17,48,7051,7288,7311,237,260
2058,10,48,5609,5701,7314,92,1705
1537,11,48,4187,4189,7317,2,3130
1540,14,48,4195,4196,7320,1,3125
2589,1,48,7056,7294,7323,238,267
2087,3,48,5687,5788,7326,101,1639
2594,6,48,7070,7309,7329,239,259
2595,7,48,7072,7312,7332,240,260
2100,16,48,5723,5827,7335,104,1612
1724,18,48,4697,4699,7338,2,2641
2075,9,48,5655,5752,7341,97,1686
2600,12,48,7086,7327,7344,241,258
2601,13,48,7089,7330,7347,241,258
1582,2,48,4310,4312,7350,2,3040
2088,4,48,5690,5791,7353,101,1663
1585,5,48,4318,4320,7356,2,3038
1588,8,48,4326,4327,7359,1,3033
2117,15,48,5769,5878,7362,109,1593
2605,17,48,7100,7342,7365,242,265
2076,10,48,5658,5755,7368,97,1710
1555,11,48,4236,4238,7371,2,3135
1558,14,48,4244,4246,7374,2,3130
2607,1,48,7105,7348,7377,243,272
2105,3,48,5736,5842,7380,106,1644
2612,6,48,7119,7363,7383,244,264
2613,7,48,7121,7366,7386,245,265
2118,16,48,5772,5881,7389,109,1617
1742,18,48,4746,4753,7392,7,2646
2093,9,48,5704,5806,7395,102,1691
2618,12,48,7135,7381,7398,246,263
2619,13,48,7138,7384,7401,246,263
1600,2,48,4359,4360,7404,1,3045
2106,4,48,5739,5845,7407,106,1668
1603,5,48,4367,4369,7410,2,3043
1606,8,48,4375,4376,7413,1,3038
2135,15,48,5818,5932,7416,114,1598
2623,17,48,7149,7396,7419,247,270
2094,10,48,5707,5809,7422,102,1715
1573,11,48,4285,4286,7425,1,3140
1576,14,48,4293,4294,7428,1,3135
2625,1,48,7155,7402,7431,247,276
2123,3,48,5785,5896,7434,111,1649
2630,6,48,7169,7417,7437,248,268
2631,7,48,7171,7420,7440,249,269
2136,16,48,5821,5935,7443,114,1622
1760,18,48,4795,4807,7446,12,2651
2111,9,48,5753,5860,7449,107,1696
2636,12,48,7185,7435,7452,250,267
2637,13,48,7188,7438,7455,250,267
1618,2,48,4408,4409,7458,1,3050
2124,4,48,5788,5899,7461,111,1673
1621,5,48,4416,4417,7464,1,3048
1624,8,48,4424,4425,7467,1,3043
2153,15,48,5867,5986,7470,119,1603
2641,17,48,7199,7450,7473,251,274
2112,10,48,5756,5863,7476,107,1720
1591,11,48,4334,4336,7479,2,3145
1594,14,48,4342,4343,7482,1,3140
2643,1,48,7204,7456,7485,252,281
2141,3,48,5834,5950,7488,116,1654
2648,6,48,7218,7471,7491,253,273
2649,7,48,7220,7474,7494,254,274
2154,16,48,5870,5989,7497,119,1627
1778,18,48,4844,4861,7500,17,2656
2129,9,48,5802,5914,7503,112,1701
2654,12,48,7234,7489,7506,255,272
2655,13,48,7237,7492,7509,255,272
1636,2,48,4458,4459,7512,1,3054
2142,4,48,5837,5953,7515,116,1678
1639,5,48,4466,4468,7518,2,3052
1642,8,48,4474,4475,7521,1,3047
2171,15,48,5916,6040,7524,124,1608
2659,17,48,7248,7504,7527,256,279
2130,10,48,5805,5917,7530,112,1725
1609,11,48,4383,4385,7533,2,3150
1612,14,48,4391,4393,7536,2,3145
2661,1,48,7253,7510,7539,257,286
2159,3,48,5883,6004,7542,121,1659
2666,6,48,7267,7525,7545,258,278
2667,7,48,7269,7528,7548,259,279
2172,16,48,5919,6043,7551,124,1632
1796,18,48,4893,4915,7554,22,2661
2147,9,48,5851,5968,7557,117,1706
2672,12,48,7283,7543,7560,260,277
2673,13,48,7286,7546,7563,260,277
1654,2,48,4507,4509,7566,2,3059
2160,4,48,5886,6007,7569,121,1683
1657,5,48,4515,4516,7572,1,3057
1660,8,48,4523,4525,7575,2,3052
2189,15,48,5965,6094,7578,129,1613
2677,17,48,7297,7558,7581,261,284
2148,10,48,5854,5971,7584,117,1730
1627,11,48,4432,4433,7587,1,3155
1630,14,48,4440,4441,7590,1,3150
2679,1,48,7302,7564,7593,262,291
2177,3,48,5932,6058,7596,126,1664
2684,6,48,7316,7579,7599,263,283
2685,7,48,7318,7582,7602,264,284
2190,16,48,5968,6097,7605,129,1637
1814,18,48,4942,4969,7608,27,2666
2165,9,48,5900,6022,7611,122,1711
2690,12,48,7332,7597,7614,265,282
2691,13,48,7335,7600,7617,265,282
1672,2,48,4556,4558,7620,2,3064
2178,4,48,5935,6061,7623,126,1688
1675,5,48,4564,4566,7626,2,3062
1678,8,48,4572,4573,7629,1,3057
2207,15,48,6014,6148,7632,134,1618
2695,17,48,7346,7612,7635,266,289
2166,10,48,5903,6025,7638,122,1735
1645,11,48,4482,4483,7641,1,3159
1648,14,48,4490,4492,7644,2,3154
2697,1,48,7351,7618,7647,267,296
2195,3,48,5981,6112,7650,131,1669
2702,6,48,7365,7633,7653,268,288
2703,7,48,7367,7636,7656,269,289
2208,16,48,6017,6151,7659,134,1642
1832,18,48,4991,5023,7662,32,2671
2183,9,48,5949,6076,7665,127,1716
2708,12,48,7381,7651,7668,270,287
2709,13,48,7384,7654,7671,270,287
1690,2,48,4605,4606,7674,1,3069
2196,4,48,5984,6115,7677,131,1693
1693,5,48,4613,4615,7680,2,3067
1696,8,48,4621,4622,7683,1,3062
2225,15,48,6063,6202,7686,139,1623
2713,17,48,7395,7666,7689,271,294
2184,10,48,5952,6079,7692,127,1740
1663,11,48,4531,4533,7695,2,3164
1666,14,48,4539,4540,7698,1,3159
2715,1,48,7400,7672,7701,272,301
2213,3,48,6030,6166,7704,136,1674
2720,6,48,7414,7687,7707,273,293
2721,7,48,7416,7690,7710,274,294
2226,16,48,6066,6205,7713,139,1647
1850,18,48,5041,5077,7716,36,2675
2201,9,48,5998,6130,7719,132,1721
2726,12,48,7430,7705,7722,275,292
2727,13,48,7433,7708,7725,275,292
1708,2,48,4654,4655,7728,1,3074
2214,4,48,6033,6169,7731,136,1698
1711,5,48,4662,4663,7734,1,3072
1714,8,48,4670,4671,7737,1,3067
2243,15,48,6113,6256,7740,143,1627
2731,17,48,7444,7720,7743,276,299
2202,10,48,6001,6133,7746,132,1745
1681,11,48,4580,4582,7749,2,3169
1684,14,48,4588,4589,7752,1,3164
2733,1,48,7449,7726,7755,277,306
2231,3,48,6080,6220,7758,140,1678
2738,6,48,7463,7741,7761,278,298
2739,7,48,7465,7744,7764,279,299
2244,16,48,6116,6259,7767,143,1651
1868,18,48,5090,5131,7770,41,2680
2219,9,48,6047,6184,7773,137,1726
2744,12,48,7479,7759,7776,280,297
2745,13,48,7482,7762,7779,280,297
1726,2,48,4703,4705,7782,2,3079
2232,4,48,6083,6223,7785,140,1702
1729,5,48,4711,4714,7788,3,3077
1732,8,48,4719,4723,7791,4,3072
2261,15,48,6162,6310,7794,148,1632
2749,17,48,7493,7774,7797,281,304
2220,10,48,6050,6187,7800,137,1750
1699,11,48,4629,4631,7803,2,3174
1702,14,48,4637,4639,7806,2,3169
2751,1,48,7498,7780,7809,282,311
2249,3,48,6129,6274,7812,145,1683
2756,6,48,7512,7795,7815,283,303
2757,7,48,7514,7798,7818,284,304
2262,16,48,6165,6313,7821,148,1656
1886,18,48,5139,5185,7824,46,2685
2237,9,48,6097,6238,7827,141,1730
2762,12,48,7528,7813,7830,285,302
2763,13,48,7531,7816,7833,285,302
1744,2,48,4752,4759,7836,7,3084
2250,4,48,6132,6277,7839,145,1707
1747,5,48,4760,4768,7842,8,3082
1750,8,48,4768,4777,7845,9,3077
2279,15,48,6211,6364,7848,153,1637
2767,17,48,7542,7828,7851,286,309
2238,10,48,6100,6241,7854,141,1754
1717,11,48,4678,4679,7857,1,3179
1720,14,48,4686,4687,7860,1,3174
2769,1,48,7547,7834,7863,287,316
2267,3,48,6178,6328,7866,150,1688
2774,6,48,7561,7849,7869,288,308
2775,7,48,7563,7852,7872,289,309
2280,16,48,6214,6367,7875,153,1661
1904,18,48,5188,5239,7878,51,2690
2255,9,48,6146,6292,7881,146,1735
2780,12,48,7577,7867,7884,290,307
2781,13,48,7580,7870,7887,290,307
1762,2,48,4801,4813,7890,12,3089
2268,4,48,6181,6331,7893,150,1712
1765,5,48,4809,4822,7896,13,3087
1768,8,48,4817,4831,7899,14,3082
2297,15,48,6260,6418,7902,158,1642
2785,17,48,7591,7882,7905,291,314
2256,10,48,6149,6295,7908,146,1759
1735,11,48,4727,4732,7911,5,3184
1738,14,48,4735,4741,7914,6,3179
2787,1,48,7596,7888,7917,292,321
2285,3,48,6227,6382,7920,155,1693
2792,6,48,7610,7903,7923,293,313
2793,7,48,7612,7906,7926,294,314
2298,16,48,6263,6421,7929,158,1666
1922,18,48,5237,5293,7932,56,2695
2273,9,48,6195,6346,7935,151,1740
2798,12,48,7626,7921,7938,295,312
2799,13,48,7629,7924,7941,295,312
1780,2,48,4850,4867,7944,17,3094
2286,4,48,6230,6385,7947,155,1717
1783,5,48,4858,4876,7950,18,3092
1786,8,48,4866,4885,7953,19,3087
2315,15,48,6309,6472,7956,163,1647
2803,17,48,7640,7936,7959,296,319
2274,10,48,6198,6349,7962,151,1764
1753,11,48,4776,4786,7965,10,3189
1756,14,48,4784,4795,7968,11,3184
2805,1,48,7645,7942,7971,297,326
2303,3,48,6276,6436,7974,160,1698
2810,6,48,7659,7957,7977,298,318
2811,7,48,7661,7960,7980,299,319
2316,16,48,6312,6475,7983,163,1671
1940,18,48,5286,5347,7986,61,2700
2291,9,48,6244,6400,7989,156,1745
2816,12,48,7675,7975,7992,300,317
2817,13,48,7678,7978,7995,300,317
1798,2,48,4899,4921,7998,22,3099
2304,4,48,6279,6439,8001,160,1722
1801,5,48,4907,4930,8004,23,3097
1804,8,48,4915,4939,8007,24,3092
2333,15,48,6358,6526,8010,168,1652
2821,17,48,7689,7990,8013,301,324
2292,10,48,6247,6403,8016,156,1769
1771,11,48,4825,4840,8019,15,3194
1774,14,48,4833,4849,8022,16,3189
2823,1,48,7695,7996,8025,301,330
2321,3,48,6325,6490,8028,165,1703
2828,6,48,7709,8011,8031,302,322
2829,7,48,7711,8014,8034,303,323
2334,16,48,6361,6529,8037,168,1676
1958,18,48,5335,5401,8040,66,2705
2309,9,48,6293,6454,8043,161,1750
2834,12,48,7725,8029,8046,304,321
2835,13,48,7728,8032,8049,304,321
1816,2,48,4948,4975,8052,27,3104
2322,4,48,6328,6493,8055,165,1727
1819,5,48,4956,4984,8058,28,3102
1822,8,48,4964,4993,8061,29,3097
2351,15,48,6407,6580,8064,173,1657
2839,17,48,7739,8044,8067,305,328
2310,10,48,6296,6457,8070,161,1774
1789,11,48,4874,4894,8073,20,3199
1792,14,48,4882,4903,8076,21,3194
2841,1,48,7744,8050,8079,306,335
2339,3,48,6374,6544,8082,170,1708
2846,6,48,7758,8065,8085,307,327
2847,7,48,7760,8068,8088,308,328
2352,16,48,6410,6583,8091,173,1681
1976,18,48,5384,5455,8094,71,2710
2327,9,48,6342,6508,8097,166,1755
2852,12,48,7774,8083,8100,309,326
2853,13,48,7777,8086,8103,309,326
1834,2,48,4998,5029,8106,31,3108
2340,4,48,6377,6547,8109,170,1732
1837,5,48,5006,5038,8112,32,3106
1840,8,48,5014,5047,8115,33,3101
2369,15,48,6456,6634,8118,178,1662
2857,17,48,7788,8098,8121,310,333
2328,10,48,6345,6511,8124,166,1779
1807,11,48,4923,4948,8127,25,3204
1810,14,48,4931,4957,8130,26,3199
2859,1,48,7793,8104,8133,311,340
2357,3,48,6423,6598,8136,175,1713
2864,6,48,7807,8119,8139,312,332
2865,7,48,7809,8122,8142,313,333
2370,16,48,6459,6637,8145,178,1686
1994,18,48,5433,5509,8148,76,2715
2345,9,48,6391,6562,8151,171,1760
2870,12,48,7823,8137,8154,314,331
2871,13,48,7826,8140,8157,314,331
1852,2,48,5047,5083,8160,36,3113
2358,4,48,6426,6601,8163,175,1737
1855,5,48,5055,5092,8166,37,3111
1858,8,48,5063,5101,8169,38,3106
2387,15,48,6505,6688,8172,183,1667
2875,17,48,7837,8152,8175,315,338
2346,10,48,6394,6565,8178,171,1784
1825,11,48,4972,5002,8181,30,3209
1828,14,48,4980,5011,8184,31,3204
2877,1,48,7842,8158,8187,316,345
2375,3,48,6472,6652,8190,180,1718
2882,6,48,7856,8173,8193,317,337
2883,7,48,7858,8176,8196,318,338
2388,16,48,6508,6691,8199,183,1691
2012,18,48,5482,5563,8202,81,2720
2363,9,48,6440,6616,8205,176,1765
2888,12,48,7872,8191,8208,319,336
2889,13,48,7875,8194,8211,319,336
1870,2,48,5096,5137,8214,41,3118
2376,4,48,6475,6655,8217,180,1742
1873,5,48,5104,5146,8220,42,3116
1876,8,48,5112,5155,8223,43,3111
2405,15,48,6554,6742,8226,188,1672
2893,17,48,7886,8206,8229,320,343
2364,10,48,6443,6619,8232,176,1789
1843,11,48,5022,5056,8235,34,3213
1846,14,48,5030,5065,8238,35,3208
2895,1,48,7891,8212,8241,321,350
2393,3,48,6521,6706,8244,185,1723
2900,6,48,7905,8227,8247,322,342
2901,7,48,7907,8230,8250,323,343
2406,16,48,6557,6745,8253,188,1696
2030,18,48,5531,5617,8256,86,2725
2381,9,48,6489,6670,8259,181,1770
2906,12,48,7921,8245,8262,324,341
2907,13,48,7924,8248,8265,324,341
1888,2,48,5145,5191,8268,46,3123
2394,4,48,6524,6709,8271,185,1747
1891,5,48,5153,5200,8274,47,3121
1894,8,48,5161,5209,8277,48,3116
2423,15,48,6603,6796,8280,193,1677
2911,17,48,7935,8260,8283,325,348
2382,10,48,6492,6673,8286,181,1794
1861,11,48,5071,5110,8289,39,3218
1864,14,48,5079,5119,8292,40,3213
2913,1,48,7940,8266,8295,326,355
2411,3,48,6570,6760,8298,190,1728
2918,6,48,7954,8281,8301,327,347
2919,7,48,7956,8284,8304,328,348
2424,16,48,6606,6799,8307,193,1701
2048,18,48,5581,5671,8310,90,2729
2399,9,48,6538,6724,8313,186,1775
2924,12,48,7970,8299,8316,329,346
2925,13,48,7973,8302,8319,329,346
1906,2,48,5194,5245,8322,51,3128
2412,4,48,6573,6763,8325,190,1752
1909,5,48,5202,5254,8328,52,3126
1912,8,48,5210,5263,8331,53,3121
2441,15,48,6653,6850,8334,197,1681
2929,17,48,7984,8314,8337,330,353
2400,10,48,6541,6727,8340,186,1799
1879,11,48,5120,5164,8343,44,3223
1882,14,48,5128,5173,8346,45,3218
2931,1,48,7989,8320,8349,331,360
2429,3,48,6620,6814,8352,194,1732
2936,6,48,8003,8335,8355,332,352
2937,7,48,8005,8338,8358,333,353
2442,16,48,6656,6853,8361,197,1705
2066,18,48,5630,5725,8364,95,2734
2417,9,48,6587,6778,8367,191,1780
2942,12,48,8019,8353,8370,334,351
2943,13,48,8022,8356,8373,334,351
1924,2,48,5243,5299,8376,56,3133
2430,4,48,6623,6817,8379,194,1756
1927,5,48,5251,5308,8382,57,3131
1930,8,48,5259,5317,8385,58,3126
2459,15,48,6702,6904,8388,202,1686
2947,17,48,8033,8368,8391,335,358
2418,10,48,6590,6781,8394,191,1804
1897,11,48,5169,5218,8397,49,3228
1900,14,48,5177,5227,8400,50,3223
2949,1,48,8038,8374,8403,336,365
2447,3,48,6669,6868,8406,199,1737
2954,6,48,8052,8389,8409,337,357
2955,7,48,8054,8392,8412,338,358
2460,16,48,6705,6907,8415,202,1710
2084,18,48,5679,5779,8418,100,2739
2435,9,48,6637,6832,8421,195,1784
2960,12,48,8068,8407,8424,339,356
2961,13,48,8071,8410,8427,339,356
1942,2,48,5292,5353,8430,61,3138
2448,4,48,6672,6871,8433,199,1761
1945,5,48,5300,5362,8436,62,3136
1948,8,48,5308,5371,8439,63,3131
2477,15,48,6751,6958,8442,207,1691
2965,17,48,8082,8422,8445,340,363
2436,10,48,6640,6835,8448,195,1808
1915,11,48,5218,5272,8451,54,3233
1918,14,48,5226,5281,8454,55,3228
2967,1,48,8087,8428,8457,341,370
2465,3,48,6718,6922,8460,204,1742
2972,6,48,8101,8443,8463,342,362
2973,7,48,8103,8446,8466,343,363
2478,16,48,6754,6961,8469,207,1715
2102,18,48,5728,5833,8472,105,2744
2453,9,48,6686,6886,8475,200,1789
2978,12,48,8117,8461,8478,344,361
2979,13,48,8120,8464,8481,344,361
1960,2,48,5341,5407,8484,66,3143
2466,4,48,6721,6925,8487,204,1766
1963,5,48,5349,5416,8490,67,3141
1966,8,48,5357,5425,8493,68,3136
2495,15,48,6800,7012,8496,212,1696
2983,17,48,8131,8476,8499,345,368
2454,10,48,6689,6889,8502,200,1813
1933,11,48,5267,5326,8505,59,3238
1936,14,48,5275,5335,8508,60,3233
2985,1,48,8136,8482,8511,346,375
2483,3,48,6767,6976,8514,209,1747
2990,6,48,8150,8497,8517,347,367
2991,7,48,8152,8500,8520,348,368
2496,16,48,6803,7015,8523,212,1720
2120,18,48,5777,5887,8526,110,2749
2471,9,48,6735,6940,8529,205,1794
2996,12,48,8166,8515,8532,349,366
2997,13,48,8169,8518,8535,349,366
1978,2,48,5390,5461,8538,71,3148
2484,4,48,6770,6979,8541,209,1771
1981,5,48,5398,5470,8544,72,3146
1984,8,48,5406,5479,8547,73,3141
2513,15,48,6849,7066,8550,217,1701
3001,17,48,8180,8530,8553,350,373
2472,10,48,6738,6943,8556,205,1818
1951,11,48,5316,5380,8559,64,3243
1954,14,48,5324,5389,8562,65,3238
3003,1,48,8185,8536,8565,351,380
2501,3,48,6816,7030,8568,214,1752
3008,6,48,8199,8551,8571,352,372
3009,7,48,8201,8554,8574,353,373
2514,16,48,6852,7069,8577,217,1725
2138,18,48,5826,5941,8580,115,2754
2489,9,48,6784,6994,8583,210,1799
3014,12,48,8215,8569,8586,354,371
3015,13,48,8218,8572,8589,354,371
1996,2,48,5439,5515,8592,76,3153
2502,4,48,6819,7033,8595,214,1776
1999,5,48,5447,5524,8598,77,3151
2002,8,48,5455,5533,8601,78,3146
2531,15,48,6898,7120,8604,222,1706
3019,17,48,8229,8584,8607,355,378
2490,10,48,6787,6997,8610,210,1823
1969,11,48,5365,5434,8613,69,3248
1972,14,48,5373,5443,8616,70,3243
3021,1,48,8235,8590,8619,355,384
2519,3,48,6865,7084,8622,219,1757
3026,6,48,8249,8605,8625,356,376
3027,7,48,8251,8608,8628,357,377
2532,16,48,6901,7123,8631,222,1730
2156,18,48,5875,5995,8634,120,2759
2507,9,48,6833,7048,8637,215,1804
3032,12,48,8265,8623,8640,358,375
3033,13,48,8268,8626,8643,358,375
2014,2,48,5488,5569,8646,81,3158
2520,4,48,6868,7087,8649,219,1781
2017,5,48,5496,5578,8652,82,3156
2020,8,48,5504,5587,8655,83,3151
2549,15,48,6947,7174,8658,227,1711
3037,17,48,8279,8638,8661,359,382
2508,10,48,6836,7051,8664,215,1828
1987,11,48,5414,5488,8667,74,3253
1990,14,48,5422,5497,8670,75,3248
3039,1,48,8284,8644,8673,360,389
2537,3,48,6914,7138,8676,224,1762
3044,6,48,8298,8659,8679,361,381
3045,7,48,8300,8662,8682,362,382
2550,16,48,6950,7177,8685,227,1735
2174,18,48,5924,6049,8688,125,2764
2525,9,48,6882,7102,8691,220,1809
3050,12,48,8314,8677,8694,363,380
3051,13,48,8317,8680,8697,363,380
2032,2,48,5538,5623,8700,85,3162
2538,4,48,6917,7141,8703,224,1786
2035,5,48,5546,5632,8706,86,3160
2038,8,48,5554,5641,8709,87,3155
2567,15,48,6996,7228,8712,232,1716
3055,17,48,8328,8692,8715,364,387
2526,10,48,6885,7105,8718,220,1833
2005,11,48,5463,5542,8721,79,3258
2008,14,48,5471,5551,8724,80,3253
3057,1,48,8333,8698,8727,365,394
2555,3,48,6963,7192,8730,229,1767
3062,6,48,8347,8713,8733,366,386
3063,7,48,8349,8716,8736,367,387
2568,16,48,6999,7231,8739,232,1740
2192,18,48,5973,6103,8742,130,2769
2543,9,48,6931,7156,8745,225,1814
3068,12,48,8363,8731,8748,368,385
3069,13,48,8366,8734,8751,368,385
2050,2,48,5587,5677,8754,90,3167
2556,4,48,6966,7195,8757,229,1791
2053,5,48,5595,5686,8760,91,3165
2056,8,48,5603,5695,8763,92,3160
2585,15,48,7045,7282,8766,237,1721
3073,17,48,8377,8746,8769,369,392
2544,10,48,6934,7159,8772,225,1838
2023,11,48,5512,5596,8775,84,3263
2026,14,48,5520,5605,8778,85,3258
3075,1,48,8382,8752,8781,370,399
2573,3,48,7012,7246,8784,234,1772
3080,6,48,8396,8767,8787,371,391
3081,7,48,8398,8770,8790,372,392
2586,16,48,7048,7285,8793,237,1745
2210,18,48,6022,6157,8796,135,2774
2561,9,48,6980,7210,8799,230,1819
3086,12,48,8412,8785,8802,373,390
3087,13,48,8415,8788,8805,373,390
2068,2,48,5636,5731,8808,95,3172
2574,4,48,7015,7249,8811,234,1796
2071,5,48,5644,5740,8814,96,3170
2074,8,48,5652,5749,8817,97,3165
2603,15,48,7094,7336,8820,242,1726
3091,17,48,8426,8800,8823,374,397
2562,10,48,6983,7213,8826,230,1843
2041,11,48,5562,5650,8829,88,3267
2044,14,48,5570,5659,8832,89,3262
3093,1,48,8431,8806,8835,375,404
2591,3,48,7061,7300,8838,239,1777
3098,6,48,8445,8821,8841,376,396
3099,7,48,8447,8824,8844,377,397
2604,16,48,7097,7339,8847,242,1750
2228,18,48,6071,6211,8850,140,2779
2579,9,48,7029,7264,8853,235,1824
3104,12,48,8461,8839,8856,378,395
3105,13,48,8464,8842,8859,378,395
2086,2,48,5685,5785,8862,100,3177
2592,4,48,7064,7303,8865,239,1801
2089,5,48,5693,5794,8868,101,3175
2092,8,48,5701,5803,8871,102,3170
2621,15,48,7143,7390,8874,247,1731
3109,17,48,8475,8854,8877,379,402
2580,10,48,7032,7267,8880,235,1848
2059,11,48,5611,5704,8883,93,3272
2062,14,48,5619,5713,8886,94,3267
3111,1,48,8480,8860,8889,380,409
2609,3,48,7110,7354,8892,244,1782
3116,6,48,8494,8875,8895,381,401
3117,7,48,8496,8878,8898,382,402
2622,16,48,7146,7393,8901,247,1755
2246,18,48,6121,6265,8904,144,2783
2597,9,48,7078,7318,8907,240,1829
3122,12,48,8510,8893,8910,383,400
3123,13,48,8513,8896,8913,383,400
2104,2,48,5734,5839,8916,105,3182
2610,4,48,7113,7357,8919,244,1806
2107,5,48,5742,5848,8922,106,3180
2110,8,48,5750,5857,8925,107,3175
2639,15,48,7193,7444,8928,251,1735
3127,17,48,8524,8908,8931,384,407
2598,10,48,7081,7321,8934,240,1853
2077,11,48,5660,5758,8937,98,3277
2080,14,48,5668,5767,8940,99,3272
3129,1,48,8529,8914,8943,385,414
2627,3,48,7160,7408,8946,248,1786
3134,6,48,8543,8929,8949,386,406
3135,7,48,8545,8932,8952,387,407
2640,16,48,7196,7447,8955,251,1759
2264,18,48,6170,6319,8958,149,2788
2615,9,48,7127,7372,8961,245,1834
3140,12,48,8559,8947,8964,388,405
3141,13,48,8562,8950,8967,388,405
2122,2,48,5783,5893,8970,110,3187
2628,4,48,7163,7411,8973,248,1810
2125,5,48,5791,5902,8976,111,3185
2128,8,48,5799,5911,8979,112,3180
2657,15,48,7242,7498,8982,256,1740
3145,17,48,8573,8962,8985,389,412
2616,10,48,7130,7375,8988,245,1858
2095,11,48,5709,5812,8991,103,3282
2098,14,48,5717,5821,8994,104,3277
3147,1,48,8578,8968,8997,390,419
2645,3,48,7209,7462,9000,253,1791
3152,6,48,8592,8983,9003,391,411
3153,7,48,8594,8986,9006,392,412
2658,16,48,7245,7501,9009,256,1764
2282,18,48,6219,6373,9012,154,2793
2633,9,48,7177,7426,9015,249,1838
3158,12,48,8608,9001,9018,393,410
3159,13,48,8611,9004,9021,393,410
2140,2,48,5832,5947,9024,115,3192
2646,4,48,7212,7465,9027,253,1815
2143,5,48,5840,5956,9030,116,3190
2146,8,48,5848,5965,9033,117,3185
2675,15,48,7291,7552,9036,261,1745
3163,17,48,8622,9016,9039,394,417
2634,10,48,7180,7429,9042,249,1862
2113,11,48,5758,5866,9045,108,3287
2116,14,48,5766,5875,9048,109,3282
3165,1,48,8627,9022,9051,395,424
2663,3,48,7258,7516,9054,258,1796
3170,6,48,8641,9037,9057,396,416
3171,7,48,8643,9040,9060,397,417
2676,16,48,7294,7555,9063,261,1769
2300,18,48,6268,6427,9066,159,2798
2651,9,48,7226,7480,9069,254,1843
3176,12,48,8657,9055,9072,398,415
3177,13,48,8660,9058,9075,398,415
2158,2,48,5881,6001,9078,120,3197
2664,4,48,7261,7519,9081,258,1820
2161,5,48,5889,6010,9084,121,3195
2164,8,48,5897,6019,9087,122,3190
2693,15,48,7340,7606,9090,266,1750
3181,17,48,8671,9070,9093,399,422
2652,10,48,7229,7483,9096,254,1867
2131,11,48,5807,5920,9099,113,3292
2134,14,48,5815,5929,9102,114,3287
3183,1,48,8676,9076,9105,400,429
2681,3,48,7307,7570,9108,263,1801
3188,6,48,8690,9091,9111,401,421
3189,7,48,8692,9094,9114,402,422
2694,16,48,7343,7609,9117,266,1774
2318,18,48,6317,6481,9120,164,2803
2669,9,48,7275,7534,9123,259,1848
3194,12,48,8706,9109,9126,403,420
3195,13,48,8709,9112,9129,403,420
2176,2,48,5930,6055,9132,125,3202
2682,4,48,7310,7573,9135,263,1825
2179,5,48,5938,6064,9138,126,3200
2182,8,48,5946,6073,9141,127,3195
2711,15,48,7389,7660,9144,271,1755
3199,17,48,8720,9124,9147,404,427
2670,10,48,7278,7537,9150,259,1872
2149,11,48,5856,5974,9153,118,3297
2152,14,48,5864,5983,9156,119,3292
3201,1,48,8725,9130,9159,405,434
2699,3,48,7356,7624,9162,268,1806
3206,6,48,8739,9145,9165,406,426
3207,7,48,8741,9148,9168,407,427
2712,16,48,7392,7663,9171,271,1779
2336,18,48,6366,6535,9174,169,2808
2687,9,48,7324,7588,9177,264,1853
3212,12,48,8755,9163,9180,408,425
3213,13,48,8758,9166,9183,408,425
2194,2,48,5979,6109,9186,130,3207
2700,4,48,7359,7627,9189,268,1830
2197,5,48,5987,6118,9192,131,3205
2200,8,48,5995,6127,9195,132,3200
2729,15,48,7438,7714,9198,276,1760
3217,17,48,8769,9178,9201,409,432
2688,10,48,7327,7591,9204,264,1877
2167,11,48,5905,6028,9207,123,3302
2170,14,48,5913,6037,9210,124,3297
3219,1,48,8775,9184,9213,409,438
2717,3,48,7405,7678,9216,273,1811
3224,6,48,8789,9199,9219,410,430
3225,7,48,8791,9202,9222,411,431
2730,16,48,7441,7717,9225,276,1784
2354,18,48,6415,6589,9228,174,2813
2705,9,48,7373,7642,9231,269,1858
3230,12,48,8805,9217,9234,412,429
3231,13,48,8808,9220,9237,412,429
2212,2,48,6028,6163,9240,135,3212
2718,4,48,7408,7681,9243,273,1835
2215,5,48,6036,6172,9246,136,3210
2218,8,48,6044,6181,9249,137,3205
2747,15,48,7487,7768,9252,281,1765
3235,17,48,8819,9232,9255,413,436
2706,10,48,7376,7645,9258,269,1882
2185,11,48,5954,6082,9261,128,3307
2188,14,48,5962,6091,9264,129,3302
3237,1,48,8824,9238,9267,414,443
2735,3,48,7454,7732,9270,278,1816
3242,6,48,8838,9253,9273,415,435
3243,7,48,8840,9256,9276,416,436
2748,16,48,7490,7771,9279,281,1789
2372,18,48,6464,6643,9282,179,2818
2723,9,48,7422,7696,9285,274,1863
3248,12,48,8854,9271,9288,417,434
3249,13,48,8857,9274,9291,417,434
2230,2,48,6078,6217,9294,139,3216
2736,4,48,7457,7735,9297,278,1840
2233,5,48,6086,6226,9300,140,3214
2236,8,48,6094,6235,9303,141,3209
2765,15,48,7536,7822,9306,286,1770
3253,17,48,8868,9286,9309,418,441
2724,10,48,7425,7699,9312,274,1887
2203,11,48,6003,6136,9315,133,3312
2206,14,48,6011,6145,9318,134,3307
3255,1,48,8873,9292,9321,419,448
2753,3,48,7503,7786,9324,283,1821
3260,6,48,8887,9307,9327,420,440
3261,7,48,8889,9310,9330,421,441
2766,16,48,7539,7825,9333,286,1794
2390,18,48,6513,6697,9336,184,2823
2741,9,48,7471,7750,9339,279,1868
3266,12,48,8903,9325,9342,422,439
3267,13,48,8906,9328,9345,422,439
2248,2,48,6127,6271,9348,144,3221
2754,4,48,7506,7789,9351,283,1845
2251,5,48,6135,6280,9354,145,3219
2254,8,48,6143,6289,9357,146,3214
2783,15,48,7585,7876,9360,291,1775
3271,17,48,8917,9340,9363,423,446
2742,10,48,7474,7753,9366,279,1892
2221,11,48,6052,6190,9369,138,3317
2224,14,48,6060,6199,9372,139,3312
3273,1,48,8922,9346,9375,424,453
2771,3,48,7552,7840,9378,288,1826
3278,6,48,8936,9361,9381,425,445
3279,7,48,8938,9364,9384,426,446
2784,16,48,7588,7879,9387,291,1799
2408,18,48,6562,6751,9390,189,2828
2759,9,48,7520,7804,9393,284,1873
3284,12,48,8952,9379,9396,427,444
3285,13,48,8955,9382,9399,427,444
2266,2,48,6176,6325,9402,149,3226
2772,4,48,7555,7843,9405,288,1850
2269,5,48,6184,6334,9408,150,3224
2272,8,48,6192,6343,9411,151,3219
2801,15,48,7634,7930,9414,296,1780
3289,17,48,8966,9394,9417,428,451
2760,10,48,7523,7807,9420,284,1897
2239,11,48,6102,6244,9423,142,3321
2242,14,48,6110,6253,9426,143,3316
3291,1,48,8971,9400,9429,429,458
2789,3,48,7601,7894,9432,293,1831
3296,6,48,8985,9415,9435,430,450
3297,7,48,8987,9418,9438,431,451
2802,16,48,7637,7933,9441,296,1804
2426,18,48,6611,6805,9444,194,2833
2777,9,48,7569,7858,9447,289,1878
3302,12,48,9001,9433,9450,432,449
3303,13,48,9004,9436,9453,432,449
2284,2,48,6225,6379,9456,154,3231
2790,4,48,7604,7897,9459,293,1855
2287,5,48,6233,6388,9462,155,3229
2290,8,48,6241,6397,9465,156,3224
2819,15,48,7683,7984,9468,301,1785
3307,17,48,9015,9448,9471,433,456
2778,10,48,7572,7861,9474,289,1902
2257,11,48,6151,6298,9477,147,3326
2260,14,48,6159,6307,9480,148,3321
3309,1,48,9020,9454,9483,434,463
2807,3,48,7650,7948,9486,298,1836
3314,6,48,9034,9469,9489,435,455
3315,7,48,9036,9472,9492,436,456
2820,16,48,7686,7987,9495,301,1809
2444,18,48,6661,6859,9498,198,2837
2795,9,48,7618,7912,9501,294,1883
3320,12,48,9050,9487,9504,437,454
3321,13,48,9053,9490,9507,437,454
2302,2,48,6274,6433,9510,159,3236
2808,4,48,7653,7951,9513,298,1860
2305,5,48,6282,6442,9516,160,3234
2308,8,48,6290,6451,9519,161,3229
2837,15,48,7733,8038,9522,305,1789
3325,17,48,9064,9502,9525,438,461
2796,10,48,7621,7915,9528,294,1907
2275,11,48,6200,6352,9531,152,3331
2278,14,48,6208,6361,9534,153,3326
3327,1,48,9069,9508,9537,439,468
2825,3,48,7700,8002,9540,302,1840
3332,6,48,9083,9523,9543,440,460
3333,7,48,9085,9526,9546,441,461
2838,16,48,7736,8041,9549,305,1813
2462,18,48,6710,6913,9552,203,2842
2813,9,48,7667,7966,9555,299,1888
3338,12,48,9099,9541,9558,442,459
3339,13,48,9102,9544,9561,442,459
2320,2,48,6323,6487,9564,164,3241
2826,4,48,7703,8005,9567,302,1864
2323,5,48,6331,6496,9570,165,3239
2326,8,48,6339,6505,9573,166,3234
2855,15,48,7782,8092,9576,310,1794
3343,17,48,9113,9556,9579,443,466
2814,10,48,7670,7969,9582,299,1912
2293,11,48,6249,6406,9585,157,3336
2296,14,48,6257,6415,9588,158,3331
3345,1,48,9118,9562,9591,444,473
2843,3,48,7749,8056,9594,307,1845
3350,6,48,9132,9577,9597,445,465
3351,7,48,9134,9580,9600,446,466
2856,16,48,7785,8095,9603,310,1818
2480,18,48,6759,6967,9606,208,2847
2831,9,48,7717,8020,9609,303,1892
3356,12,48,9148,9595,9612,447,464
3357,13,48,9151,9598,9615,447,464
2338,2,48,6372,6541,9618,169,3246
2844,4,48,7752,8059,9621,307,1869
2341,5,48,6380,6550,9624,170,3244
2344,8,48,6388,6559,9627,171,3239
2873,15,48,7831,8146,9630,315,1799
3361,17,48,9162,9610,9633,448,471
2832,10,48,7720,8023,9636,303,1916
2311,11,48,6298,6460,9639,162,3341
2314,14,48,6306,6469,9642,163,3336
3363,1,48,9167,9616,9645,449,478
2861,3,48,7798,8110,9648,312,1850
3368,6,48,9181,9631,9651,450,470
3369,7,48,9183,9634,9654,451,471
2874,16,48,7834,8149,9657,315,1823
2498,18,48,6808,7021,9660,213,2852
2849,9,48,7766,8074,9663,308,1897
3374,12,48,9197,9649,9666,452,469
3375,13,48,9200,9652,9669,452,469
2356,2,48,6421,6595,9672,174,3251
2862,4,48,7801,8113,9675,312,1874
2359,5,48,6429,6604,9678,175,3249
2362,8,48,6437,6613,9681,176,3244
2891,15,48,7880,8200,9684,320,1804
3379,17,48,9211,9664,9687,453,476
2850,10,48,7769,8077,9690,308,1921
2329,11,48,6347,6514,9693,167,3346
2332,14,48,6355,6523,9696,168,3341
3381,1,48,9216,9670,9699,454,483
2879,3,48,7847,8164,9702,317,1855
3386,6,48,9230,9685,9705,455,475
3387,7,48,9232,9688,9708,456,476
2892,16,48,7883,8203,9711,320,1828
2516,18,48,6857,7075,9714,218,2857
2867,9,48,7815,8128,9717,313,1902
3392,12,48,9246,9703,9720,457,474
3393,13,48,9249,9706,9723,457,474
2374,2,48,6470,6649,9726,179,3256
2880,4,48,7850,8167,9729,317,1879
2377,5,48,6478,6658,9732,180,3254
2380,8,48,6486,6667,9735,181,3249
2909,15,48,7929,8254,9738,325,1809
3397,17,48,9260,9718,9741,458,481
2868,10,48,7818,8131,9744,313,1926
2347,11,48,6396,6568,9747,172,3351
2350,14,48,6404,6577,9750,173,3346
3399,1,48,9265,9724,9753,459,488
2897,3,48,7896,8218,9756,322,1860
3404,6,48,9279,9739,9759,460,480
3405,7,48,9281,9742,9762,461,481
2910,16,48,7932,8257,9765,325,1833
2534,18,48,6906,7129,9768,223,2862
2885,9,48,7864,8182,9771,318,1907
3410,12,48,9295,9757,9774,462,479
3411,13,48,9298,9760,9777,462,479
2392,2,48,6519,6703,9780,184,3261
2898,4,48,7899,8221,9783,322,1884
2395,5,48,6527,6712,9786,185,3259
2398,8,48,6535,6721,9789,186,3254
2927,15,48,7978,8308,9792,330,1814
3415,17,48,9309,9772,9795,463,486
2886,10,48,7867,8185,9798,318,1931
2365,11,48,6445,6622,9801,177,3356
2368,14,48,6453,6631,9804,178,3351
3417,1,48,9315,9778,9807,463,492
2915,3,48,7945,8272,9810,327,1865
3422,6,48,9329,9793,9813,464,484
3423,7,48,9331,9796,9816,465,485
2928,16,48,7981,8311,9819,330,1838
2552,18,48,6955,7183,9822,228,2867
2903,9,48,7913,8236,9825,323,1912
3428,12,48,9345,9811,9828,466,483
3429,13,48,9348,9814,9831,466,483
2410,2,48,6568,6757,9834,189,3266
2916,4,48,7948,8275,9837,327,1889
2413,5,48,6576,6766,9840,190,3264
2416,8,48,6584,6775,9843,191,3259
2945,15,48,8027,8362,9846,335,1819
3433,17,48,9359,9826,9849,467,490
2904,10,48,7916,8239,9852,323,1936
2383,11,48,6494,6676,9855,182,3361
2386,14,48,6502,6685,9858,183,3356
3435,1,48,9364,9832,9861,468,497
2933,3,48,7994,8326,9864,332,1870
3440,6,48,9378,9847,9867,469,489
3441,7,48,9380,9850,9870,470,490
2946,16,48,8030,8365,9873,335,1843
2570,18,48,7004,7237,9876,233,2872
2921,9,48,7962,8290,9879,328,1917
3446,12,48,9394,9865,9882,471,488
3447,13,48,9397,9868,9885,471,488
2428,2,48,6618,6811,9888,193,3270
2934,4,48,7997,8329,9891,332,1894
2431,5,48,6626,6820,9894,194,3268
2434,8,48,6634,6829,9897,195,3263
2963,15,48,8076,8416,9900,340,1824
3451,17,48,9408,9880,9903,472,495
2922,10,48,7965,8293,9906,328,1941
2401,11,48,6543,6730,9909,187,3366
2404,14,48,6551,6739,9912,188,3361
3453,1,48,9413,9886,9915,473,502
2951,3,48,8043,8380,9918,337,1875
3458,6,48,9427,9901,9921,474,494
3459,7,48,9429,9904,9924,475,495
2964,16,48,8079,8419,9927,340,1848
2588,18,48,7053,7291,9930,238,2877
2939,9,48,8011,8344,9933,333,1922
3464,12,48,9443,9919,9936,476,493
3465,13,48,9446,9922,9939,476,493
2446,2,48,6667,6865,9942,198,3275
2952,4,48,8046,8383,9945,337,1899
2449,5,48,6675,6874,9948,199,3273
2452,8,48,6683,6883,9951,200,3268
2981,15,48,8125,8470,9954,345,1829
3469,17,48,9457,9934,9957,477,500
2940,10,48,8014,8347,9960,333,1946
2419,11,48,6592,6784,9963,192,3371
2422,14,48,6600,6793,9966,193,3366
3471,1,48,9462,9940,9969,478,507
2969,3,48,8092,8434,9972,342,1880
3476,6,48,9476,9955,9975,479,499
3477,7,48,9478,9958,9978,480,500
2982,16,48,8128,8473,9981,345,1853
2606,18,48,7102,7345,9984,243,2882
2957,9,48,8060,8398,9987,338,1927
3482,12,48,9492,9973,9990,481,498
3483,13,48,9495,9976,9993,481,498
2464,2,48,6716,6919,9996,203,3280
2970,4,48,8095,8437,9999,342,1904
2467,5,48,6724,6928,10002,204,3278
2470,8,48,6732,6937,10005,205,3273
2999,15,48,8174,8524,10008,350,1834
3487,17,48,9506,9988,10011,482,505
2958,10,48,8063,8401,10014,338,1951
2437,11,48,6642,6838,10017,196,3375
2440,14,48,6650,6847,10020,197,3370
3489,1,48,9511,9994,10023,483,512
2987,3,48,8141,8488,10026,347,1885
3494,6,48,9525,10009,10029,484,504
3495,7,48,9527,10012,10032,485,505
3000,16,48,8177,8527,10035,350,1858
2624,18,48,7151,7399,10038,248,2887
2975,9,48,8109,8452,10041,343,1932
3500,12,48,9541,10027,10044,486,503
3501,13,48,9544,10030,10047,486,503
2482,2,48,6765,6973,10050,208,3285
2988,4,48,8144,8491,10053,347,1909
2485,5,48,6773,6982,10056,209,3283
2488,8,48,6781,6991,10059,210,3278
3017,15,48,8223,8578,10062,355,1839
3505,17,48,9555,10042,10065,487,510
2976,10,48,8112,8455,10068,343,1956
2455,11,48,6691,6892,10071,201,3380
2458,14,48,6699,6901,10074,202,3375
3507,1,48,9560,10048,10077,488,517
3005,3,48,8190,8542,10080,352,1890
3512,6,48,9574,10063,10083,489,509
3513,7,48,9576,10066,10086,490,510
3018,16,48,8226,8581,10089,355,1863
2642,18,48,7201,7453,10092,252,2891
2993,9,48,8158,8506,10095,348,1937
3518,12,48,9590,10081,10098,491,508
3519,13,48,9593,10084,10101,491,508
2500,2,48,6814,7027,10104,213,3290
3006,4,48,8193,8545,10107,352,1914
2503,5,48,6822,7036,10110,214,3288
2506,8,48,6830,7045,10113,215,3283
3035,15,48,8273,8632,10116,359,1843
3523,17,48,9604,10096,10119,492,515
2994,10,48,8161,8509,10122,348,1961
2473,11,48,6740,6946,10125,206,3385
2476,14,48,6748,6955,10128,207,3380
3525,1,48,9609,10102,10131,493,522
3023,3,48,8240,8596,10134,356,1894
3530,6,48,9623,10117,10137,494,514
3531,7,48,9625,10120,10140,495,515
3036,16,48,8276,8635,10143,359,1867
2660,18,48,7250,7507,10146,257,2896
3011,9,48,8207,8560,10149,353,1942
3536,12,48,9639,10135,10152,496,513
3537,13,48,9642,10138,10155,496,513
2518,2,48,6863,7081,10158,218,3295
3024,4,48,8243,8599,10161,356,1918
2521,5,48,6871,7090,10164,219,3293
2524,8,48,6879,7099,10167,220,3288
3053,15,48,8322,8686,10170,364,1848
3541,17,48,9653,10150,10173,497,520
3012,10,48,8210,8563,10176,353,1966
2491,11,48,6789,7000,10179,211,3390
2494,14,48,6797,7009,10182,212,3385
3543,1,48,9658,10156,10185,498,527
3041,3,48,8289,8650,10188,361,1899
3548,6,48,9672,10171,10191,499,519
3549,7,48,9674,10174,10194,500,520
3054,16,48,8325,8689,10197,364,1872
2678,18,48,7299,7561,10200,262,2901
3029,9,48,8257,8614,10203,357,1946
3554,12,48,9688,10189,10206,501,518
3555,13,48,9691,10192,10209,501,518
2536,2,48,6912,7135,10212,223,3300
3042,4,48,8292,8653,10215,361,1923
2539,5,48,6920,7144,10218,224,3298
2542,8,48,6928,7153,10221,225,3293
3071,15,48,8371,8740,10224,369,1853
3559,17,48,9702,10204,10227,502,525
3030,10,48,8260,8617,10230,357,1970
2509,11,48,6838,7054,10233,216,3395
2512,14,48,6846,7063,10236,217,3390
3561,1,48,9707,10210,10239,503,532
3059,3,48,8338,8704,10242,366,1904
3566,6,48,9721,10225,10245,504,524
3567,7,48,9723,10228,10248,505,525
3072,16,48,8374,8743,10251,369,1877
2696,18,48,7348,7615,10254,267,2906
3047,9,48,8306,8668,10257,362,1951
3572,12,48,9737,10243,10260,506,523
3573,13,48,9740,10246,10263,506,523
2554,2,48,6961,7189,10266,228,3305
3060,4,48,8341,8707,10269,366,1928
2557,5,48,6969,7198,10272,229,3303
2560,8,48,6977,7207,10275,230,3298
3089,15,48,8420,8794,10278,374,1858
3577,17,48,9751,10258,10281,507,530
3048,10,48,8309,8671,10284,362,1975
2527,11,48,6887,7108,10287,221,3400
2530,14,48,6895,7117,10290,222,3395
3579,1,48,9756,10264,10293,508,537
3077,3,48,8387,8758,10296,371,1909
3584,6,48,9770,10279,10299,509,529
3585,7,48,9772,10282,10302,510,530
3090,16,48,8423,8797,10305,374,1882
2714,18,48,7397,7669,10308,272,2911
3065,9,48,8355,8722,10311,367,1956
3590,12,48,9786,10297,10314,511,528
3591,13,48,9789,10300,10317,511,528
2572,2,48,7010,7243,10320,233,3310
3078,4,48,8390,8761,10323,371,1933
2575,5,48,7018,7252,10326,234,3308
2578,8,48,7026,7261,10329,235,3303
3107,15,48,8469,8848,10332,379,1863
3595,17,48,9800,10312,10335,512,535
3066,10,48,8358,8725,10338,367,1980
2545,11,48,6936,7162,10341,226,3405
2548,14,48,6944,7171,10344,227,3400
3597,1,48,9805,10318,10347,513,542
3095,3,48,8436,8812,10350,376,1914
3602,6,48,9819,10333,10353,514,534
3603,7,48,9821,10336,10356,515,535
3108,16,48,8472,8851,10359,379,1887
2732,18,48,7446,7723,10362,277,2916
3083,9,48,8404,8776,10365,372,1961
3608,12,48,9835,10351,10368,516,533
3609,13,48,9838,10354,10371,516,533
2590,2,48,7059,7297,10374,238,3315
3096,4,48,8439,8815,10377,376,1938
2593,5,48,7067,7306,10380,239,3313
2596,8,48,7075,7315,10383,240,3308
3125,15,48,8518,8902,10386,384,1868
3613,17,48,9849,10366,10389,517,540
3084,10,48,8407,8779,10392,372,1985
2563,11,48,6985,7216,10395,231,3410
2566,14,48,6993,7225,10398,232,3405
3615,1,48,9855,10372,10401,517,546
3113,3,48,8485,8866,10404,381,1919
3620,6,48,9869,10387,10407,518,538
3621,7,48,9871,10390,10410,519,539
3126,16,48,8521,8905,10413,384,1892
2750,18,48,7495,7777,10416,282,2921
3101,9,48,8453,8830,10419,377,1966
3626,12,48,9885,10405,10422,520,537
3627,13,48,9888,10408,10425,520,537
2608,2,48,7108,7351,10428,243,3320
3114,4,48,8488,8869,10431,381,1943
2611,5,48,7116,7360,10434,244,3318
2614,8,48,7124,7369,10437,245,3313
3143,15,48,8567,8956,10440,389,1873
3631,17,48,9899,10420,10443,521,544
3102,10,48,8456,8833,10446,377,1990
2581,11,48,7034,7270,10449,236,3415
2584,14,48,7042,7279,10452,237,3410
3633,1,48,9904,10426,10455,522,551
3131,3,48,8534,8920,10458,386,1924
3638,6,48,9918,10441,10461,523,543
3639,7,48,9920,10444,10464,524,544
3144,16,48,8570,8959,10467,389,1897
2768,18,48,7544,7831,10470,287,2926
3119,9,48,8502,8884,10473,382,1971
3644,12,48,9934,10459,10476,525,542
3645,13,48,9937,10462,10479,525,542
2626,2,48,7158,7405,10482,247,3324
3132,4,48,8537,8923,10485,386,1948
2629,5,48,7166,7414,10488,248,3322
2632,8,48,7174,7423,10491,249,3317
3161,15,48,8616,9010,10494,394,1878
3649,17,48,9948,10474,10497,526,549
3120,10,48,8505,8887,10500,382,1995
2599,11,48,7083,7324,10503,241,3420
2602,14,48,7091,7333,10506,242,3415
3651,1,48,9953,10480,10509,527,556
3149,3,48,8583,8974,10512,391,1929
3656,6,48,9967,10495,10515,528,548
3657,7,48,9969,10498,10518,529,549
3162,16,48,8619,9013,10521,394,1902
2786,18,48,7593,7885,10524,292,2931
3137,9,48,8551,8938,10527,387,1976
3662,12,48,9983,10513,10530,530,547
3663,13,48,9986,10516,10533,530,547
2644,2,48,7207,7459,10536,252,3329
3150,4,48,8586,8977,10539,391,1953
2647,5,48,7215,7468,10542,253,3327
2650,8,48,7223,7477,10545,254,3322
3179,15,48,8665,9064,10548,399,1883
3667,17,48,9997,10528,10551,531,554
3138,10,48,8554,8941,10554,387,2000
2617,11,48,7132,7378,10557,246,3425
2620,14,48,7140,7387,10560,247,3420
2662,2,48,7256,7513,10563,257,3307
3167,3,48,8632,9028,10566,396,1934
2665,5,48,7264,7522,10569,258,3305
2668,8,48,7272,7531,10572,259,3300
3180,16,48,8668,9067,10575,399,1907
2804,18,48,7642,7939,10578,297,2936
3155,9,48,8600,8992,10581,392,1981
2635,11,48,7182,7432,10584,250,3402
2638,14,48,7190,7441,10587,251,3397
2680,2,48,7305,7567,10590,262,3285
3168,4,48,8635,9031,10593,396,1958
2683,5,48,7313,7576,10596,263,3283
2686,8,48,7321,7585,10599,264,3278
3197,15,48,8714,9118,10602,404,1888
2822,18,48,7691,7993,10605,302,2914
3156,10,48,8603,8995,10608,392,2005
2653,11,48,7231,7486,10611,255,3380
2656,14,48,7239,7495,10614,256,3375
2698,2,48,7354,7621,10617,267,3263
3185,3,48,8681,9082,10620,401,1939
2701,5,48,7362,7630,10623,268,3261
2704,8,48,7370,7639,10626,269,3256
3198,16,48,8717,9121,10629,404,1912
2840,18,48,7741,8047,10632,306,2891
3173,9,48,8649,9046,10635,397,1986
2671,11,48,7280,7540,10638,260,3358
2674,14,48,7288,7549,10641,261,3353
2716,2,48,7403,7675,10644,272,3241
3186,4,48,8684,9085,10647,401,1963
2719,5,48,7411,7684,10650,273,3239
2722,8,48,7419,7693,10653,274,3234
3215,15,48,8763,9172,10656,409,1893
2858,18,48,7790,8101,10659,311,2869
3174,10,48,8652,9049,10662,397,2010
2689,11,48,7329,7594,10665,265,3336
2692,14,48,7337,7603,10668,266,3331
2734,2,48,7452,7729,10671,277,3219
3203,3,48,8730,9136,10674,406,1944
2737,5,48,7460,7738,10677,278,3217
2740,8,48,7468,7747,10680,279,3212
3216,16,48,8766,9175,10683,409,1917
2876,18,48,7839,8155,10686,316,2847
3191,9,48,8698,9100,10689,402,1991
2707,11,48,7378,7648,10692,270,3314
2710,14,48,7386,7657,10695,271,3309
2752,2,48,7501,7783,10698,282,3197
3204,4,48,8733,9139,10701,406,1968
2755,5,48,7509,7792,10704,283,3195
2758,8,48,7517,7801,10707,284,3190
3233,15,48,8813,9226,10710,413,1897
2894,18,48,7888,8209,10713,321,2825
3192,10,48,8701,9103,10716,402,2015
2725,11,48,7427,7702,10719,275,3292
2728,14,48,7435,7711,10722,276,3287
2770,2,48,7550,7837,10725,287,3175
3221,3,48,8780,9190,10728,410,1948
2773,5,48,7558,7846,10731,288,3173
2776,8,48,7566,7855,10734,289,3168
3234,16,48,8816,9229,10737,413,1921
2912,18,48,7937,8263,10740,326,2803
3209,9,48,8747,9154,10743,407,1996
2743,11,48,7476,7756,10746,280,3270
2746,14,48,7484,7765,10749,281,3265
2788,2,48,7599,7891,10752,292,3153
3222,4,48,8783,9193,10755,410,1972
2791,5,48,7607,7900,10758,293,3151
2794,8,48,7615,7909,10761,294,3146
3251,15,48,8862,9280,10764,418,1902
2930,18,48,7986,8317,10767,331,2781
3210,10,48,8750,9157,10770,407,2020
2761,11,48,7525,7810,10773,285,3248
2764,14,48,7533,7819,10776,286,3243
2806,2,48,7648,7945,10779,297,3131
3239,3,48,8829,9244,10782,415,1953
2809,5,48,7656,7954,10785,298,3129
2812,8,48,7664,7963,10788,299,3124
3252,16,48,8865,9283,10791,418,1926
2948,18,48,8035,8371,10794,336,2759
3227,9,48,8797,9208,10797,411,2000
2779,11,48,7574,7864,10800,290,3226
2782,14,48,7582,7873,10803,291,3221
2824,2,48,7698,7999,10806,301,3108
3240,4,48,8832,9247,10809,415,1977
2827,5,48,7706,8008,10812,302,3106
2830,8,48,7714,8017,10815,303,3101
3269,15,48,8911,9334,10818,423,1907
2966,18,48,8084,8425,10821,341,2737
3228,10,48,8800,9211,10824,411,2024
2797,11,48,7623,7918,10827,295,3204
2800,14,48,7631,7927,10830,296,3199
2842,2,48,7747,8053,10833,306,3086
3257,3,48,8878,9298,10836,420,1958
2845,5,48,7755,8062,10839,307,3084
2848,8,48,7763,8071,10842,308,3079
3270,16,48,8914,9337,10845,423,1931
2984,18,48,8133,8479,10848,346,2715
3245,9,48,8846,9262,10851,416,2005
2815,11,48,7672,7972,10854,300,3182
2818,14,48,7680,7981,10857,301,3177
2860,2,48,7796,8107,10860,311,3064
3258,4,48,8881,9301,10863,420,1982
2863,5,48,7804,8116,10866,312,3062
2866,8,48,7812,8125,10869,313,3057
3287,15,48,8960,9388,10872,428,1912
3002,18,48,8182,8533,10875,351,2693
3246,10,48,8849,9265,10878,416,2029
2833,11,48,7722,8026,10881,304,3159
2836,14,48,7730,8035,10884,305,3154
2878,2,48,7845,8161,10887,316,3042
3275,3,48,8927,9352,10890,425,1963
2881,5,48,7853,8170,10893,317,3040
2884,8,48,7861,8179,10896,318,3035
3288,16,48,8963,9391,10899,428,1936
3020,18,48,8231,8587,10902,356,2671
3263,9,48,8895,9316,10905,421,2010
2851,11,48,7771,8080,10908,309,3137
2854,14,48,7779,8089,10911,310,3132
2896,2,48,7894,8215,10914,321,3020
3276,4,48,8930,9355,10917,425,1987
2899,5,48,7902,8224,10920,322,3018
2902,8,48,7910,8233,10923,323,3013
3305,15,48,9009,9442,10926,433,1917
3038,18,48,8281,8641,10929,360,2648
3264,10,48,8898,9319,10932,421,2034
2869,11,48,7820,8134,10935,314,3115
2872,14,48,7828,8143,10938,315,3110
2914,2,48,7943,8269,10941,326,2998
3293,3,48,8976,9406,10944,430,1968
2917,5,48,7951,8278,10947,327,2996
2920,8,48,7959,8287,10950,328,2991
3306,16,48,9012,9445,10953,433,1941
3056,18,48,8330,8695,10956,365,2626
3281,9,48,8944,9370,10959,426,2015
2887,11,48,7869,8188,10962,319,3093
2890,14,48,7877,8197,10965,320,3088
2932,2,48,7992,8323,10968,331,2976
3294,4,48,8979,9409,10971,430,1992
2935,5,48,8000,8332,10974,332,2974
2938,8,48,8008,8341,10977,333,2969
3323,15,48,9058,9496,10980,438,1922
3074,18,48,8379,8749,10983,370,2604
3282,10,48,8947,9373,10986,426,2039
2905,11,48,7918,8242,10989,324,3071
2908,14,48,7926,8251,10992,325,3066
2950,2,48,8041,8377,10995,336,2954
3311,3,48,9025,9460,10998,435,1973
2953,5,48,8049,8386,11001,337,2952
2956,8,48,8057,8395,11004,338,2947
3324,16,48,9061,9499,11007,438,1946
3092,18,48,8428,8803,11010,375,2582
3299,9,48,8993,9424,11013,431,2020
2923,11,48,7967,8296,11016,329,3049
2926,14,48,7975,8305,11019,330,3044
2968,2,48,8090,8431,11022,341,2932
3312,4,48,9028,9463,11025,435,1997
2971,5,48,8098,8440,11028,342,2930
2974,8,48,8106,8449,11031,343,2925
3341,15,48,9107,9550,11034,443,1927
3110,18,48,8477,8857,11037,380,2560
3300,10,48,8996,9427,11040,431,2044
2941,11,48,8016,8350,11043,334,3027
2944,14,48,8024,8359,11046,335,3022
2986,2,48,8139,8485,11049,346,2910
3329,3,48,9074,9514,11052,440,1978
2989,5,48,8147,8494,11055,347,2908
2992,8,48,8155,8503,11058,348,2903
3342,16,48,9110,9553,11061,443,1951
3128,18,48,8526,8911,11064,385,2538
3317,9,48,9042,9478,11067,436,2025
2959,11,48,8065,8404,11070,339,3005
2962,14,48,8073,8413,11073,340,3000
3004,2,48,8188,8539,11076,351,2888
3330,4,48,9077,9517,11079,440,2002
3007,5,48,8196,8548,11082,352,2886
3010,8,48,8204,8557,11085,353,2881
3359,15,48,9156,9604,11088,448,1932
3146,18,48,8575,8965,11091,390,2516
3318,10,48,9045,9481,11094,436,2049
2977,11,48,8114,8458,11097,344,2983
2980,14,48,8122,8467,11100,345,2978
3022,2,48,8238,8593,11103,355,2865
3347,3,48,9123,9568,11106,445,1983
3025,5,48,8246,8602,11109,356,2863
3028,8,48,8254,8611,11112,357,2858
3360,16,48,9159,9607,11115,448,1956
3164,18,48,8624,9019,11118,395,2494
3335,9,48,9091,9532,11121,441,2030
2995,11,48,8163,8512,11124,349,2961
2998,14,48,8171,8521,11127,350,2956
3040,2,48,8287,8647,11130,360,2843
3348,4,48,9126,9571,11133,445,2007
3043,5,48,8295,8656,11136,361,2841
3046,8,48,8303,8665,11139,362,2836
3377,15,48,9205,9658,11142,453,1937
3182,18,48,8673,9073,11145,400,2472
3336,10,48,9094,9535,11148,441,2054
3013,11,48,8212,8566,11151,354,2939
3016,14,48,8220,8575,11154,355,2934
3058,2,48,8336,8701,11157,365,2821
3365,3,48,9172,9622,11160,450,1988
3061,5,48,8344,8710,11163,366,2819
3064,8,48,8352,8719,11166,367,2814
3378,16,48,9208,9661,11169,453,1961
3200,18,48,8722,9127,11172,405,2450
3353,9,48,9140,9586,11175,446,2035
3031,11,48,8262,8620,11178,358,2916
3034,14,48,8270,8629,11181,359,2911
3076,2,48,8385,8755,11184,370,2799
3366,4,48,9175,9625,11187,450,2012
3079,5,48,8393,8764,11190,371,2797
3082,8,48,8401,8773,11193,372,2792
3395,15,48,9254,9712,11196,458,1942
3218,18,48,8771,9181,11199,410,2428
3354,10,48,9143,9589,11202,446,2059
3049,11,48,8311,8674,11205,363,2894
3052,14,48,8319,8683,11208,364,2889
3094,2,48,8434,8809,11211,375,2777
3383,3,48,9221,9676,11214,455,1993
3097,5,48,8442,8818,11217,376,2775
3100,8,48,8450,8827,11220,377,2770
3396,16,48,9257,9715,11223,458,1966
3236,18,48,8821,9235,11226,414,2405
3371,9,48,9189,9640,11229,451,2040
3067,11,48,8360,8728,11232,368,2872
3070,14,48,8368,8737,11235,369,2867
3112,2,48,8483,8863,11238,380,2755
3384,4,48,9224,9679,11241,455,2017
3115,5,48,8491,8872,11244,381,2753
3118,8,48,8499,8881,11247,382,2748
3413,15,48,9303,9766,11250,463,1947
3254,18,48,8870,9289,11253,419,2383
3372,10,48,9192,9643,11256,451,2064
3085,11,48,8409,8782,11259,373,2850
3088,14,48,8417,8791,11262,374,2845
3130,2,48,8532,8917,11265,385,2733
3401,3,48,9270,9730,11268,460,1998
3133,5,48,8540,8926,11271,386,2731
3136,8,48,8548,8935,11274,387,2726
3414,16,48,9306,9769,11277,463,1971
3272,18,48,8919,9343,11280,424,2361
3389,9,48,9238,9694,11283,456,2045
3103,11,48,8458,8836,11286,378,2828
3106,14,48,8466,8845,11289,379,2823
3148,2,48,8581,8971,11292,390,2711
3402,4,48,9273,9733,11295,460,2022
3151,5,48,8589,8980,11298,391,2709
3154,8,48,8597,8989,11301,392,2704
3431,15,48,9353,9820,11304,467,1951
3290,18,48,8968,9397,11307,429,2339
3390,10,48,9241,9697,11310,456,2069
3121,11,48,8507,8890,11313,383,2806
3124,14,48,8515,8899,11316,384,2801
3166,2,48,8630,9025,11319,395,2689
3419,3,48,9320,9784,11322,464,2002
3169,5,48,8638,9034,11325,396,2687
3172,8,48,8646,9043,11328,397,2682
3432,16,48,9356,9823,11331,467,1975
3308,18,48,9017,9451,11334,434,2317
3407,9,48,9287,9748,11337,461,2050
3139,11,48,8556,8944,11340,388,2784
3142,14,48,8564,8953,11343,389,2779
3184,2,48,8679,9079,11346,400,2667
3420,4,48,9323,9787,11349,464,2026
3187,5,48,8687,9088,11352,401,2665
3190,8,48,8695,9097,11355,402,2660
3449,15,48,9402,9874,11358,472,1956
3326,18,48,9066,9505,11361,439,2295
3408,10,48,9290,9751,11364,461,2074
3157,11,48,8605,8998,11367,393,2762
3160,14,48,8613,9007,11370,394,2757
3202,2,48,8728,9133,11373,405,2645
3437,3,48,9369,9838,11376,469,2007
3205,5,48,8736,9142,11379,406,2643
3208,8,48,8744,9151,11382,407,2638
3450,16,48,9405,9877,11385,472,1980
3344,18,48,9115,9559,11388,444,2273
3425,9,48,9337,9802,11391,465,2054
3175,11,48,8654,9052,11394,398,2740
3178,14,48,8662,9061,11397,399,2735
3220,2,48,8778,9187,11400,409,2622
3438,4,48,9372,9841,11403,469,2031
3223,5,48,8786,9196,11406,410,2620
3226,8,48,8794,9205,11409,411,2615
3467,15,48,9451,9928,11412,477,1961
3362,18,48,9164,9613,11415,449,2251
3426,10,48,9340,9805,11418,465,2078
3193,11,48,8703,9106,11421,403,2718
3196,14,48,8711,9115,11424,404,2713
3238,2,48,8827,9241,11427,414,2600
3455,3,48,9418,9892,11430,474,2012
3241,5,48,8835,9250,11433,415,2598
3244,8,48,8843,9259,11436,416,2593
3468,16,48,9454,9931,11439,477,1985
3380,18,48,9213,9667,11442,454,2229
3443,9,48,9386,9856,11445,470,2059
3211,11,48,8752,9160,11448,408,2696
3214,14,48,8760,9169,11451,409,2691
3256,2,48,8876,9295,11454,419,2578
3456,4,48,9421,9895,11457,474,2036
3259,5,48,8884,9304,11460,420,2576
3262,8,48,8892,9313,11463,421,2571
3485,15,48,9500,9982,11466,482,1966
3398,18,48,9262,9721,11469,459,2207
3444,10,48,9389,9859,11472,470,2083
3229,11,48,8802,9214,11475,412,2673
3232,14,48,8810,9223,11478,413,2668
3274,2,48,8925,9349,11481,424,2556
3473,3,48,9467,9946,11484,479,2017
3277,5,48,8933,9358,11487,425,2554
3280,8,48,8941,9367,11490,426,2549
3486,16,48,9503,9985,11493,482,1990
3416,18,48,9311,9775,11496,464,2185
3461,9,48,9435,9910,11499,475,2064
3247,11,48,8851,9268,11502,417,2651
3250,14,48,8859,9277,11505,418,2646
3292,2,48,8974,9403,11508,429,2534
3474,4,48,9470,9949,11511,479,2041
3295,5,48,8982,9412,11514,430,2532
3298,8,48,8990,9421,11517,431,2527
3503,15,48,9549,10036,11520,487,1971
3434,18,48,9361,9829,11523,468,2162
3462,10,48,9438,9913,11526,475,2088
3265,11,48,8900,9322,11529,422,2629
3268,14,48,8908,9331,11532,423,2624
3310,2,48,9023,9457,11535,434,2512
3491,3,48,9516,10000,11538,484,2022
3313,5,48,9031,9466,11541,435,2510
3316,8,48,9039,9475,11544,436,2505
3504,16,48,9552,10039,11547,487,1995
3452,18,48,9410,9883,11550,473,2140
3479,9,48,9484,9964,11553,480,2069
3283,11,48,8949,9376,11556,427,2607
3286,14,48,8957,9385,11559,428,2602
3328,2,48,9072,9511,11562,439,2490
3492,4,48,9519,10003,11565,484,2046
3331,5,48,9080,9520,11568,440,2488
3334,8,48,9088,9529,11571,441,2483
3521,15,48,9598,10090,11574,492,1976
3470,18,48,9459,9937,11577,478,2118
3480,10,48,9487,9967,11580,480,2093
3301,11,48,8998,9430,11583,432,2585
3304,14,48,9006,9439,11586,433,2580
3346,2,48,9121,9565,11589,444,2468
3509,3,48,9565,10054,11592,489,2027
3349,5,48,9129,9574,11595,445,2466
3352,8,48,9137,9583,11598,446,2461
3522,16,48,9601,10093,11601,492,2000
3488,18,48,9508,9991,11604,483,2096
3497,9,48,9533,10018,11607,485,2074
3319,11,48,9047,9484,11610,437,2563
3322,14,48,9055,9493,11613,438,2558
3364,2,48,9170,9619,11616,449,2446
3510,4,48,9568,10057,11619,489,2051
3367,5,48,9178,9628,11622,450,2444
3370,8,48,9186,9637,11625,451,2439
3539,15,48,9647,10144,11628,497,1981
3506,18,48,9557,10045,11631,488,2074
3498,10,48,9536,10021,11634,485,2098
3337,11,48,9096,9538,11637,442,2541
3340,14,48,9104,9547,11640,443,2536
3382,2,48,9219,9673,11643,454,2424
3527,3,48,9614,10108,11646,494,2032
3385,5,48,9227,9682,11649,455,2422
3388,8,48,9235,9691,11652,456,2417
3540,16,48,9650,10147,11655,497,2005
3524,18,48,9606,10099,11658,493,2052
3515,9,48,9582,10072,11661,490,2079
3355,11,48,9145,9592,11664,447,2519
3358,14,48,9153,9601,11667,448,2514
3400,2,48,9268,9727,11670,459,2402
3528,4,48,9617,10111,11673,494,2056
3403,5,48,9276,9736,11676,460,2400
3406,8,48,9284,9745,11679,461,2395
3557,15,48,9696,10198,11682,502,1986
3542,18,48,9655,10153,11685,498,2030
3516,10,48,9585,10075,11688,490,2103
3373,11,48,9194,9646,11691,452,2497
3376,14,48,9202,9655,11694,453,2492
3418,2,48,9318,9781,11697,463,2379
3545,3,48,9663,10162,11700,499,2037
3421,5,48,9326,9790,11703,464,2377
3424,8,48,9334,9799,11706,465,2372
3558,16,48,9699,10201,11709,502,2010
3560,18,48,9704,10207,11712,503,2008
3533,9,48,9631,10126,11715,495,2084
3391,11,48,9243,9700,11718,457,2475
3394,14,48,9251,9709,11721,458,2470
3436,2,48,9367,9835,11724,468,2357
3546,4,48,9666,10165,11727,499,2061
3439,5,48,9375,9844,11730,469,2355
3442,8,48,9383,9853,11733,470,2350
3575,15,48,9745,10252,11736,507,1991
3578,18,48,9753,10261,11739,508,1986
3534,10,48,9634,10129,11742,495,2108
3409,11,48,9292,9754,11745,462,2453
3412,14,48,9300,9763,11748,463,2448
3454,2,48,9416,9889,11751,473,2335
3563,3,48,9712,10216,11754,504,2042
3457,5,48,9424,9898,11757,474,2333
3460,8,48,9432,9907,11760,475,2328
3576,16,48,9748,10255,11763,507,2015
3596,18,48,9802,10315,11766,513,1964
3551,9,48,9680,10180,11769,500,2089
3427,11,48,9342,9808,11772,466,2430
3430,14,48,9350,9817,11775,467,2425
3472,2,48,9465,9943,11778,478,2313
3564,4,48,9715,10219,11781,504,2066
3475,5,48,9473,9952,11784,479,2311
3478,8,48,9481,9961,11787,480,2306
3593,15,48,9794,10306,11790,512,1996
3614,18,48,9851,10369,11793,518,1942
3552,10,48,9683,10183,11796,500,2113
3445,11,48,9391,9862,11799,471,2408
3448,14,48,9399,9871,11802,472,2403
3490,2,48,9514,9997,11805,483,2291
3581,3,48,9761,10270,11808,509,2047
3493,5,48,9522,10006,11811,484,2289
3496,8,48,9530,10015,11814,485,2284
3594,16,48,9797,10309,11817,512,2020
3632,18,48,9901,10423,11820,522,1919
3569,9,48,9729,10234,11823,505,2094
3463,11,48,9440,9916,11826,476,2386
3466,14,48,9448,9925,11829,477,2381
3508,2,48,9563,10051,11832,488,2269
3582,4,48,9764,10273,11835,509,2071
3511,5,48,9571,10060,11838,489,2267
3514,8,48,9579,10069,11841,490,2262
3611,15,48,9843,10360,11844,517,2001
3650,18,48,9950,10477,11847,527,1897
3570,10,48,9732,10237,11850,505,2118
3481,11,48,9489,9970,11853,481,2364
3484,14,48,9497,9979,11856,482,2359
3526,2,48,9612,10105,11859,493,2247
3599,3,48,9810,10324,11862,514,2052
3529,5,48,9620,10114,11865,494,2245
3532,8,48,9628,10123,11868,495,2240
3612,16,48,9846,10363,11871,517,2025
3668,18,48,9999,10531,11874,532,1875
3587,9,48,9778,10288,11877,510,2099
3499,11,48,9538,10024,11880,486,2342
3502,14,48,9546,10033,11883,487,2337
3544,2,48,9661,10159,11886,498,2225
3600,4,48,9813,10327,11889,514,2076
3547,5,48,9669,10168,11892,499,2223
3550,8,48,9677,10177,11895,500,2218
3629,15,48,9893,10414,11898,521,2005
3588,10,48,9781,10291,11901,510,2120
3517,11,48,9587,10078,11904,491,2317
3520,14,48,9595,10087,11907,492,2312
3562,2,48,9710,10213,11910,503,2200
3617,3,48,9860,10378,11913,518,2053
3565,5,48,9718,10222,11916,504,2198
3568,8,48,9726,10231,11919,505,2193
3630,16,48,9896,10417,11922,521,2026
3605,9,48,9827,10342,11925,515,2098
3535,11,48,9636,10132,11928,496,2292
3538,14,48,9644,10141,11931,497,2287
3580,2,48,9759,10267,11934,508,2175
3618,4,48,9863,10381,11937,518,2074
3583,5,48,9767,10276,11940,509,2173
3586,8,48,9775,10285,11943,510,2168
3647,15,48,9942,10468,11946,526,2004
3606,10,48,9830,10345,11949,515,2119
3553,11,48,9685,10186,11952,501,2267
3556,14,48,9693,10195,11955,502,2262
3598,2,48,9808,10321,11958,513,2150
3635,3,48,9909,10432,11961,523,2052
3601,5,48,9816,10330,11964,514,2148
3604,8,48,9824,10339,11967,515,2143
3648,16,48,9945,10471,11970,526,2025
3623,9,48,9877,10396,11973,519,2096
3571,11,48,9734,10240,11976,506,2242
3574,14,48,9742,10249,11979,507,2237
3616,2,48,9858,10375,11982,517,2124
3636,4,48,9912,10435,11985,523,2073
3619,5,48,9866,10384,11988,518,2122
3622,8,48,9874,10393,11991,519,2117
3665,15,48,9991,10522,11994,531,2003
3624,10,48,9880,10399,11997,519,2117
3589,11,48,9783,10294,12000,511,2217
3592,14,48,9791,10303,12003,512,2212
3634,2,48,9907,10429,12006,522,2099
3653,3,48,9958,10486,12009,528,2051
3637,5,48,9915,10438,12012,523,2097
3640,8,48,9923,10447,12015,524,2092
3666,16,48,9994,10525,12018,531,2024
3641,9,48,9926,10450,12021,524,2095
3607,11,48,9832,10348,12024,516,2192
3610,14,48,9840,10357,12027,517,2187
3652,2,48,9956,10483,12030,527,2074
3654,4,48,9961,10489,12033,528,2072
3655,5,48,9964,10492,12036,528,2072
3658,8,48,9972,10501,12039,529,2067
3642,10,48,9929,10453,12042,524,2113
3625,11,48,9882,10402,12045,520,2163
3628,14,48,9890,10411,12048,521,2158
3659,9,48,9975,10504,12051,529,2076
3643,11,48,9931,10456,12054,525,2123
3646,14,48,9939,10465,12057,526,2118
3660,10,48,9978,10507,12060,529,2082
3661,11,48,9980,10510,12063,530,2083
3664,14,48,9988,10519,12066,531,2078
