request_id,global_flow_id,size_bytes,arrival_cycle,admitted_cycle,completed_cycle,admission_delay_cycles,sojourn_cycles
1,1,48,0,1,24,1,24
3,3,48,5,7,27,2,22
5,1,48,11,12,30,1,19
4,4,48,8,10,33,2,25
9,1,48,22,23,36,1,14
7,3,48,16,17,39,1,23
2,2,48,3,4,42,1,39
8,4,48,19,21,45,2,26
13,1,48,33,34,48,1,15
11,3,48,27,28,51,1,24
6,2,48,14,16,54,2,40
12,4,48,30,31,57,1,27
17,1,48,44,46,60,2,16
15,3,48,38,39,63,1,25
10,2,48,25,26,66,1,41
16,4,48,41,43,69,2,28
21,1,48,55,56,72,1,17
19,3,48,49,51,75,2,26
25,1,48,65,67,78,2,13
20,4,48,52,53,81,1,29
14,2,48,36,37,84,1,48
23,3,48,60,61,87,1,27
29,1,48,76,78,90,2,14
24,4,48,63,64,93,1,30
18,2,48,47,48,96,1,49
27,3,48,70,71,99,1,29
33,1,48,87,88,102,1,15
28,4,48,73,74,105,1,32
22,2,48,58,60,108,2,50
31,3,48,81,83,111,2,30
37,1,48,98,100,114,2,16
32,4,48,84,85,117,1,33
26,2,48,68,70,120,2,52
35,3,48,92,94,123,2,31
41,1,48,109,111,126,2,17
36,4,48,95,96,129,1,34
45,1,48,120,121,132,1,12
39,3,48,103,104,135,1,32
30,2,48,79,80,138,1,59
40,4,48,106,107,141,1,35
49,1,48,131,133,144,2,13
43,3,48,114,116,147,2,33
34,2,48,90,91,150,1,60
44,4,48,117,118,153,1,36
53,1,48,142,144,156,2,14
47,3,48,125,127,159,2,34
38,2,48,101,103,162,2,61
48,4,48,128,129,165,1,37
57,1,48,153,154,168,1,15
51,3,48,136,137,171,1,35
42,2,48,112,113,174,1,62
52,4,48,139,140,177,1,38
61,1,48,164,166,180,2,16
55,3,48,147,149,183,2,36
46,2,48,123,124,186,1,63
56,4,48,150,151,189,1,39
65,1,48,175,177,192,2,17
59,3,48,158,160,195,2,37
69,1,48,185,186,198,1,13
60,4,48,161,162,201,1,40
50,2,48,134,136,204,2,70
63,3,48,169,170,207,1,38
73,1,48,196,197,210,1,14
64,4,48,172,173,213,1,41
54,2,48,145,146,216,1,71
67,3,48,180,182,219,2,39
77,1,48,207,208,222,1,15
68,4,48,183,184,225,1,42
58,2,48,156,157,228,1,72
71,3,48,190,191,231,1,41
81,1,48,218,220,234,2,16
72,4,48,193,195,237,2,44
62,2,48,167,169,240,2,73
75,3,48,201,202,243,1,42
85,1,48,229,230,246,1,17
76,4,48,204,205,249,1,45
89,1,48,240,241,252,1,12
79,3,48,212,213,255,1,43
66,2,48,178,179,258,1,80
80,4,48,215,217,261,2,46
93,1,48,251,253,264,2,13
83,3,48,223,225,267,2,44
70,2,48,188,190,270,2,82
84,4,48,226,227,273,1,47
97,1,48,262,263,276,1,14
87,3,48,234,235,279,1,45
74,2,48,199,200,282,1,83
88,4,48,237,238,285,1,48
101,1,48,273,274,288,1,15
91,3,48,245,246,291,1,46
78,2,48,210,211,294,1,84
92,4,48,248,250,297,2,49
105,1,48,284,286,300,2,16
95,3,48,256,258,303,2,47
82,2,48,221,222,306,1,85
96,4,48,259,260,309,1,50
109,1,48,295,296,312,1,17
99,3,48,267,268,315,1,48
113,1,48,305,307,318,2,13
100,4,48,270,271,321,1,51
86,2,48,232,234,324,2,92
103,3,48,278,279,327,1,49
117,1,48,316,318,330,2,14
104,4,48,281,283,333,2,52
90,2,48,243,244,336,1,93
107,3,48,289,291,339,2,50
121,1,48,327,328,342,1,15
108,4,48,292,293,345,1,53
94,2,48,254,255,348,1,94
111,3,48,300,301,351,1,51
125,1,48,338,340,354,2,16
112,4,48,303,304,357,1,54
98,2,48,265,267,360,2,95
115,3,48,310,311,363,1,53
129,1,48,349,351,366,2,17
116,4,48,313,314,369,1,56
133,1,48,360,361,372,1,12
119,3,48,321,323,375,2,54
102,2,48,276,277,378,1,102
120,4,48,324,325,381,1,57
137,1,48,371,373,384,2,13
123,3,48,332,334,387,2,55
106,2,48,287,288,390,1,103
124,4,48,335,336,393,1,58
141,1,48,382,384,396,2,14
127,3,48,343,344,399,1,56
110,2,48,298,300,402,2,104
128,4,48,346,347,405,1,59
145,1,48,393,394,408,1,15
131,3,48,354,356,411,2,57
114,2,48,308,310,414,2,106
132,4,48,357,358,417,1,60
149,1,48,404,406,420,2,16
135,3,48,365,367,423,2,58
118,2,48,319,320,426,1,107
136,4,48,368,369,429,1,61
153,1,48,415,417,432,2,17
139,3,48,376,377,435,1,59
157,1,48,425,426,438,1,13
140,4,48,379,380,441,1,62
122,2,48,330,331,444,1,114
143,3,48,387,389,447,2,60
161,1,48,436,437,450,1,14
144,4,48,390,391,453,1,63
126,2,48,341,343,456,2,115
147,3,48,398,400,459,2,61
165,1,48,447,448,462,1,15
148,4,48,401,402,465,1,64
130,2,48,352,353,468,1,116
151,3,48,409,410,471,1,62
169,1,48,458,460,474,2,16
152,4,48,412,413,477,1,65
134,2,48,363,364,480,1,117
155,3,48,420,422,483,2,63
173,1,48,469,470,486,1,17
156,4,48,423,424,489,1,66
177,1,48,480,481,492,1,12
159,3,48,430,431,495,1,65
138,2,48,374,376,498,2,124
160,4,48,433,435,501,2,68
181,1,48,491,493,504,2,13
163,3,48,441,442,507,1,66
142,2,48,385,386,510,1,125
164,4,48,444,445,513,1,69
185,1,48,502,503,516,1,14
167,3,48,452,453,519,1,67
146,2,48,396,397,522,1,126
168,4,48,455,457,525,2,70
189,1,48,513,514,528,1,15
171,3,48,463,465,531,2,68
150,2,48,407,409,534,2,127
172,4,48,466,467,537,1,71
193,1,48,524,526,540,2,16
175,3,48,474,475,543,1,69
154,2,48,418,419,546,1,128
176,4,48,477,478,549,1,72
197,1,48,535,536,552,1,17
179,3,48,485,486,555,1,70
201,1,48,545,547,558,2,13
180,4,48,488,490,561,2,73
158,2,48,428,430,564,2,136
183,3,48,496,498,567,2,71
205,1,48,556,558,570,2,14
184,4,48,499,500,573,1,74
162,2,48,439,440,576,1,137
187,3,48,507,508,579,1,72
209,1,48,567,568,582,1,15
188,4,48,510,511,585,1,75
166,2,48,450,451,588,1,138
191,3,48,518,519,591,1,73
213,1,48,578,580,594,2,16
192,4,48,521,523,597,2,76
170,2,48,461,462,600,1,139
195,3,48,529,531,603,2,74
217,1,48,589,591,606,2,17
196,4,48,532,533,609,1,77
221,1,48,600,601,612,1,12
199,3,48,540,541,615,1,75
174,2,48,472,474,618,2,146
200,4,48,543,544,621,1,78
225,1,48,611,613,624,2,13
203,3,48,550,551,627,1,77
178,2,48,483,484,630,1,147
204,4,48,553,554,633,1,80
229,1,48,622,624,636,2,14
207,3,48,561,563,639,2,78
182,2,48,494,495,642,1,148
208,4,48,564,565,645,1,81
233,1,48,633,634,648,1,15
211,3,48,572,574,651,2,79
186,2,48,505,507,654,2,149
212,4,48,575,576,657,1,82
237,1,48,644,646,660,2,16
215,3,48,583,584,663,1,80
190,2,48,516,517,666,1,150
216,4,48,586,587,669,1,83
241,1,48,655,657,672,2,17
219,3,48,594,596,675,2,81
245,1,48,665,666,678,1,13
220,4,48,597,598,681,1,84
194,2,48,527,528,684,1,157
223,3,48,605,607,687,2,82
249,1,48,676,677,690,1,14
224,4,48,608,609,693,1,85
198,2,48,538,540,696,2,158
227,3,48,616,617,699,1,83
253,1,48,687,688,702,1,15
228,4,48,619,620,705,1,86
202,2,48,548,550,708,2,160
231,3,48,627,629,711,2,84
257,1,48,698,700,714,2,16
232,4,48,630,631,717,1,87
206,2,48,559,560,720,1,161
235,3,48,638,640,723,2,85
261,1,48,709,710,726,1,17
236,4,48,641,642,729,1,88
265,1,48,720,721,732,1,12
239,3,48,649,650,735,1,86
210,2,48,570,571,738,1,168
240,4,48,652,653,741,1,89
269,1,48,731,733,744,2,13
243,3,48,660,662,747,2,87
214,2,48,581,583,750,2,169
244,4,48,663,664,753,1,90
273,1,48,742,743,756,1,14
247,3,48,670,671,759,1,89
218,2,48,592,593,762,1,170
248,4,48,673,675,765,2,92
277,1,48,753,754,768,1,15
251,3,48,681,682,771,1,90
222,2,48,603,604,774,1,171
252,4,48,684,685,777,1,93
281,1,48,764,766,780,2,16
255,3,48,692,693,783,1,91
226,2,48,614,616,786,2,172
256,4,48,695,697,789,2,94
285,1,48,775,776,792,1,17
259,3,48,703,705,795,2,92
289,1,48,785,787,798,2,13
260,4,48,706,707,801,1,95
230,2,48,625,626,804,1,179
263,3,48,714,715,807,1,93
293,1,48,796,798,810,2,14
264,4,48,717,718,813,1,96
234,2,48,636,637,816,1,180
267,3,48,725,726,819,1,94
297,1,48,807,808,822,1,15
268,4,48,728,730,825,2,97
238,2,48,647,649,828,2,181
271,3,48,736,738,831,2,95
301,1,48,818,820,834,2,16
272,4,48,739,740,837,1,98
242,2,48,658,659,840,1,182
275,3,48,747,748,843,1,96
305,1,48,829,831,846,2,17
276,4,48,750,751,849,1,99
309,1,48,840,841,852,1,12
279,3,48,758,759,855,1,97
246,2,48,668,670,858,2,190
280,4,48,761,763,861,2,100
313,1,48,851,853,864,2,13
283,3,48,769,771,867,2,98
250,2,48,679,680,870,1,191
284,4,48,772,773,873,1,101
317,1,48,862,864,876,2,14
287,3,48,780,781,879,1,99
254,2,48,690,691,882,1,192
288,4,48,783,784,885,1,102
321,1,48,873,874,888,1,15
291,3,48,790,791,891,1,101
258,2,48,701,702,894,1,193
292,4,48,793,794,897,1,104
325,1,48,884,886,900,2,16
295,3,48,801,803,903,2,102
262,2,48,712,714,906,2,194
296,4,48,804,805,909,1,105
329,1,48,895,897,912,2,17
299,3,48,812,814,915,2,103
333,1,48,905,906,918,1,13
300,4,48,815,816,921,1,106
266,2,48,723,724,924,1,201
303,3,48,823,824,927,1,104
337,1,48,916,917,930,1,14
304,4,48,826,827,933,1,107
270,2,48,734,735,936,1,202
307,3,48,834,836,939,2,105
341,1,48,927,928,942,1,15
308,4,48,837,838,945,1,108
274,2,48,745,747,948,2,203
311,3,48,845,847,951,2,106
345,1,48,938,940,954,2,16
312,4,48,848,849,957,1,109
278,2,48,756,757,960,1,204
315,3,48,856,857,963,1,107
349,1,48,949,950,966,1,17
316,4,48,859,860,969,1,110
353,1,48,960,961,972,1,12
319,3,48,867,869,975,2,108
282,2,48,767,768,978,1,211
320,4,48,870,871,981,1,111
357,1,48,971,973,984,2,13
323,3,48,878,880,987,2,109
286,2,48,778,780,990,2,212
324,4,48,881,882,993,1,112
361,1,48,982,983,996,1,14
327,3,48,889,890,999,1,110
290,2,48,788,790,1002,2,214
328,4,48,892,893,1005,1,113
365,1,48,993,994,1008,1,15
331,3,48,900,902,1011,2,111
294,2,48,799,800,1014,1,215
332,4,48,903,904,1017,1,114
369,1,48,1004,1006,1020,2,16
335,3,48,910,911,1023,1,113
298,2,48,810,811,1026,1,216
336,4,48,913,915,1029,2,116
373,1,48,1015,1016,1032,1,17
339,3,48,921,922,1035,1,114
377,1,48,1025,1027,1038,2,13
340,4,48,924,925,1041,1,117
302,2,48,821,823,1044,2,223
343,3,48,932,933,1047,1,115
381,1,48,1036,1038,1050,2,14
344,4,48,935,937,1053,2,118
306,2,48,832,833,1056,1,224
347,3,48,943,945,1059,2,116
385,1,48,1047,1048,1062,1,15
348,4,48,946,947,1065,1,119
310,2,48,843,844,1068,1,225
351,3,48,954,955,1071,1,117
389,1,48,1058,1060,1074,2,16
352,4,48,957,958,1077,1,120
314,2,48,854,856,1080,2,226
355,3,48,965,966,1083,1,118
393,1,48,1069,1071,1086,2,17
356,4,48,968,970,1089,2,121
397,1,48,1080,1081,1092,1,12
359,3,48,976,978,1095,2,119
318,2,48,865,866,1098,1,233
360,4,48,979,980,1101,1,122
401,1,48,1091,1093,1104,2,13
363,3,48,987,988,1107,1,120
322,2,48,876,877,1110,1,234
364,4,48,990,991,1113,1,123
405,1,48,1102,1104,1116,2,14
367,3,48,998,999,1119,1,121
326,2,48,887,889,1122,2,235
368,4,48,1001,1003,1125,2,124
409,1,48,1113,1114,1128,1,15
371,3,48,1009,1011,1131,2,122
330,2,48,898,899,1134,1,236
372,4,48,1012,1013,1137,1,125
413,1,48,1124,1126,1140,2,16
375,3,48,1020,1021,1143,1,123
334,2,48,908,910,1146,2,238
376,4,48,1023,1024,1149,1,126
417,1,48,1135,1137,1152,2,17
379,3,48,1030,1031,1155,1,125
421,1,48,1145,1146,1158,1,13
380,4,48,1033,1034,1161,1,128
338,2,48,919,920,1164,1,245
383,3,48,1041,1043,1167,2,126
425,1,48,1156,1157,1170,1,14
384,4,48,1044,1045,1173,1,129
342,2,48,930,931,1176,1,246
387,3,48,1052,1054,1179,2,127
429,1,48,1167,1168,1182,1,15
388,4,48,1055,1056,1185,1,130
346,2,48,941,942,1188,1,247
391,3,48,1063,1064,1191,1,128
433,1,48,1178,1180,1194,2,16
392,4,48,1066,1067,1197,1,131
350,2,48,952,954,1200,2,248
395,3,48,1074,1076,1203,2,129
437,1,48,1189,1190,1206,1,17
396,4,48,1077,1078,1209,1,132
441,1,48,1200,1201,1212,1,12
399,3,48,1085,1087,1215,2,130
354,2,48,963,964,1218,1,255
400,4,48,1088,1089,1221,1,133
445,1,48,1211,1213,1224,2,13
403,3,48,1096,1097,1227,1,131
358,2,48,974,975,1230,1,256
404,4,48,1099,1100,1233,1,134
449,1,48,1222,1223,1236,1,14
407,3,48,1107,1109,1239,2,132
362,2,48,985,987,1242,2,257
408,4,48,1110,1111,1245,1,135
453,1,48,1233,1234,1248,1,15
411,3,48,1118,1120,1251,2,133
366,2,48,996,997,1254,1,258
412,4,48,1121,1122,1257,1,136
457,1,48,1244,1246,1260,2,16
415,3,48,1129,1130,1263,1,134
370,2,48,1007,1008,1266,1,259
416,4,48,1132,1133,1269,1,137
461,1,48,1255,1256,1272,1,17
419,3,48,1140,1142,1275,2,135
465,1,48,1265,1267,1278,2,13
420,4,48,1143,1144,1281,1,138
374,2,48,1018,1020,1284,2,266
423,3,48,1150,1151,1287,1,137
469,1,48,1276,1278,1290,2,14
424,4,48,1153,1155,1293,2,140
378,2,48,1028,1030,1296,2,268
427,3,48,1161,1162,1299,1,138
473,1,48,1287,1288,1302,1,15
428,4,48,1164,1165,1305,1,141
382,2,48,1039,1040,1308,1,269
431,3,48,1172,1173,1311,1,139
477,1,48,1298,1300,1314,2,16
432,4,48,1175,1177,1317,2,142
386,2,48,1050,1051,1320,1,270
435,3,48,1183,1185,1323,2,140
481,1,48,1309,1311,1326,2,17
436,4,48,1186,1187,1329,1,143
485,1,48,1320,1321,1332,1,12
439,3,48,1194,1195,1335,1,141
390,2,48,1061,1063,1338,2,277
440,4,48,1197,1198,1341,1,144
489,1,48,1331,1333,1344,2,13
443,3,48,1205,1206,1347,1,142
394,2,48,1072,1073,1350,1,278
444,4,48,1208,1210,1353,2,145
493,1,48,1342,1344,1356,2,14
447,3,48,1216,1218,1359,2,143
398,2,48,1083,1084,1362,1,279
448,4,48,1219,1220,1365,1,146
497,1,48,1353,1354,1368,1,15
451,3,48,1227,1228,1371,1,144
402,2,48,1094,1096,1374,2,280
452,4,48,1230,1231,1377,1,147
501,1,48,1364,1366,1380,2,16
455,3,48,1238,1239,1383,1,145
406,2,48,1105,1106,1386,1,281
456,4,48,1241,1243,1389,2,148
505,1,48,1375,1377,1392,2,17
459,3,48,1249,1251,1395,2,146
509,1,48,1385,1386,1398,1,13
460,4,48,1252,1253,1401,1,149
410,2,48,1116,1117,1404,1,288
463,3,48,1260,1261,1407,1,147
513,1,48,1396,1397,1410,1,14
464,4,48,1263,1264,1413,1,150
414,2,48,1127,1129,1416,2,289
467,3,48,1270,1271,1419,1,149
517,1,48,1407,1408,1422,1,15
468,4,48,1273,1274,1425,1,152
418,2,48,1138,1139,1428,1,290
471,3,48,1281,1283,1431,2,150
521,1,48,1418,1420,1434,2,16
472,4,48,1284,1285,1437,1,153
422,2,48,1148,1150,1440,2,292
475,3,48,1292,1294,1443,2,151
525,1,48,1429,1430,1446,1,17
476,4,48,1295,1296,1449,1,154
529,1,48,1440,1441,1452,1,12
479,3,48,1303,1304,1455,1,152
426,2,48,1159,1160,1458,1,299
480,4,48,1306,1307,1461,1,155
533,1,48,1451,1453,1464,2,13
483,3,48,1314,1316,1467,2,153
430,2,48,1170,1171,1470,1,300
484,4,48,1317,1318,1473,1,156
537,1,48,1462,1463,1476,1,14
487,3,48,1325,1327,1479,2,154
434,2,48,1181,1182,1482,1,301
488,4,48,1328,1329,1485,1,157
541,1,48,1473,1474,1488,1,15
491,3,48,1336,1337,1491,1,155
438,2,48,1192,1194,1494,2,302
492,4,48,1339,1340,1497,1,158
545,1,48,1484,1486,1500,2,16
495,3,48,1347,1349,1503,2,156
442,2,48,1203,1204,1506,1,303
496,4,48,1350,1351,1509,1,159
549,1,48,1495,1496,1512,1,17
499,3,48,1358,1360,1515,2,157
553,1,48,1505,1507,1518,2,13
500,4,48,1361,1362,1521,1,160
446,2,48,1214,1215,1524,1,310
503,3,48,1369,1370,1527,1,158
557,1,48,1516,1518,1530,2,14
504,4,48,1372,1373,1533,1,161
450,2,48,1225,1227,1536,2,311
507,3,48,1380,1382,1539,2,159
561,1,48,1527,1528,1542,1,15
508,4,48,1383,1384,1545,1,162
454,2,48,1236,1237,1548,1,312
511,3,48,1390,1391,1551,1,161
565,1,48,1538,1540,1554,2,16
512,4,48,1393,1395,1557,2,164
458,2,48,1247,1248,1560,1,313
515,3,48,1401,1402,1563,1,162
569,1,48,1549,1551,1566,2,17
516,4,48,1404,1405,1569,1,165
573,1,48,1560,1561,1572,1,12
519,3,48,1412,1413,1575,1,163
462,2,48,1258,1260,1578,2,320
520,4,48,1415,1417,1581,2,166
577,1,48,1571,1573,1584,2,13
523,3,48,1423,1425,1587,2,164
466,2,48,1268,1270,1590,2,322
524,4,48,1426,1427,1593,1,167
581,1,48,1582,1584,1596,2,14
527,3,48,1434,1435,1599,1,165
470,2,48,1279,1280,1602,1,323
528,4,48,1437,1438,1605,1,168
585,1,48,1593,1594,1608,1,15
531,3,48,1445,1446,1611,1,166
474,2,48,1290,1291,1614,1,324
532,4,48,1448,1450,1617,2,169
589,1,48,1604,1606,1620,2,16
535,3,48,1456,1458,1623,2,167
478,2,48,1301,1303,1626,2,325
536,4,48,1459,1460,1629,1,170
593,1,48,1615,1617,1632,2,17
539,3,48,1467,1468,1635,1,168
597,1,48,1625,1626,1638,1,13
540,4,48,1470,1471,1641,1,171
482,2,48,1312,1313,1644,1,332
543,3,48,1478,1479,1647,1,169
601,1,48,1636,1637,1650,1,14
544,4,48,1481,1483,1653,2,172
486,2,48,1323,1324,1656,1,333
547,3,48,1489,1491,1659,2,170
605,1,48,1647,1648,1662,1,15
548,4,48,1492,1493,1665,1,173
490,2,48,1334,1336,1668,2,334
551,3,48,1500,1501,1671,1,171
609,1,48,1658,1660,1674,2,16
552,4,48,1503,1504,1677,1,174
494,2,48,1345,1346,1680,1,335
555,3,48,1510,1511,1683,1,173
613,1,48,1669,1670,1686,1,17
556,4,48,1513,1514,1689,1,176
617,1,48,1680,1681,1692,1,12
559,3,48,1521,1523,1695,2,174
498,2,48,1356,1357,1698,1,342
560,4,48,1524,1525,1701,1,177
621,1,48,1691,1693,1704,2,13
563,3,48,1532,1534,1707,2,175
502,2,48,1367,1369,1710,2,343
564,4,48,1535,1536,1713,1,178
625,1,48,1702,1703,1716,1,14
567,3,48,1543,1544,1719,1,176
506,2,48,1378,1379,1722,1,344
568,4,48,1546,1547,1725,1,179
629,1,48,1713,1714,1728,1,15
571,3,48,1554,1556,1731,2,177
510,2,48,1388,1390,1734,2,346
572,4,48,1557,1558,1737,1,180
633,1,48,1724,1726,1740,2,16
575,3,48,1565,1567,1743,2,178
514,2,48,1399,1400,1746,1,347
576,4,48,1568,1569,1749,1,181
637,1,48,1735,1736,1752,1,17
579,3,48,1576,1577,1755,1,179
641,1,48,1745,1747,1758,2,13
580,4,48,1579,1580,1761,1,182
518,2,48,1410,1411,1764,1,354
583,3,48,1587,1589,1767,2,180
645,1,48,1756,1758,1770,2,14
584,4,48,1590,1591,1773,1,183
522,2,48,1421,1422,1776,1,355
587,3,48,1598,1600,1779,2,181
649,1,48,1767,1768,1782,1,15
588,4,48,1601,1602,1785,1,184
526,2,48,1432,1434,1788,2,356
591,3,48,1609,1610,1791,1,182
653,1,48,1778,1780,1794,2,16
592,4,48,1612,1613,1797,1,185
530,2,48,1443,1444,1800,1,357
595,3,48,1620,1622,1803,2,183
657,1,48,1789,1791,1806,2,17
596,4,48,1623,1624,1809,1,186
661,1,48,1800,1801,1812,1,12
599,3,48,1630,1631,1815,1,185
534,2,48,1454,1455,1818,1,364
600,4,48,1633,1635,1821,2,188
665,1,48,1811,1813,1824,2,13
603,3,48,1641,1642,1827,1,186
538,2,48,1465,1467,1830,2,365
604,4,48,1644,1645,1833,1,189
669,1,48,1822,1824,1836,2,14
607,3,48,1652,1653,1839,1,187
542,2,48,1476,1477,1842,1,366
608,4,48,1655,1657,1845,2,190
673,1,48,1833,1834,1848,1,15
611,3,48,1663,1665,1851,2,188
546,2,48,1487,1488,1854,1,367
612,4,48,1666,1667,1857,1,191
677,1,48,1844,1846,1860,2,16
615,3,48,1674,1675,1863,1,189
550,2,48,1498,1500,1866,2,368
616,4,48,1677,1678,1869,1,192
681,1,48,1855,1857,1872,2,17
619,3,48,1685,1686,1875,1,190
685,1,48,1865,1866,1878,1,13
620,4,48,1688,1690,1881,2,193
554,2,48,1508,1510,1884,2,376
623,3,48,1696,1698,1887,2,191
689,1,48,1876,1877,1890,1,14
624,4,48,1699,1700,1893,1,194
558,2,48,1519,1520,1896,1,377
627,3,48,1707,1708,1899,1,192
693,1,48,1887,1888,1902,1,15
628,4,48,1710,1711,1905,1,195
562,2,48,1530,1531,1908,1,378
631,3,48,1718,1719,1911,1,193
697,1,48,1898,1900,1914,2,16
632,4,48,1721,1723,1917,2,196
566,2,48,1541,1543,1920,2,379
635,3,48,1729,1731,1923,2,194
701,1,48,1909,1910,1926,1,17
636,4,48,1732,1733,1929,1,197
705,1,48,1920,1921,1932,1,12
639,3,48,1740,1741,1935,1,195
570,2,48,1552,1553,1938,1,386
640,4,48,1743,1744,1941,1,198
709,1,48,1931,1933,1944,2,13
643,3,48,1750,1751,1947,1,197
574,2,48,1563,1564,1950,1,387
644,4,48,1753,1754,1953,1,200
713,1,48,1942,1943,1956,1,14
647,3,48,1761,1763,1959,2,198
578,2,48,1574,1576,1962,2,388
648,4,48,1764,1765,1965,1,201
717,1,48,1953,1954,1968,1,15
651,3,48,1772,1774,1971,2,199
582,2,48,1585,1586,1974,1,389
652,4,48,1775,1776,1977,1,202
721,1,48,1964,1966,1980,2,16
655,3,48,1783,1784,1983,1,200
586,2,48,1596,1597,1986,1,390
656,4,48,1786,1787,1989,1,203
725,1,48,1975,1976,1992,1,17
659,3,48,1794,1796,1995,2,201
729,1,48,1985,1987,1998,2,13
660,4,48,1797,1798,2001,1,204
590,2,48,1607,1609,2004,2,397
663,3,48,1805,1807,2007,2,202
733,1,48,1996,1998,2010,2,14
664,4,48,1808,1809,2013,1,205
667,3,48,1816,1817,3056,1,1240
668,4,48,1819,1820,3059,1,1240
735,1,48,2000,3043,3062,1043,1062
671,3,48,1827,1829,3065,2,1238
739,5,48,2011,3047,3068,1036,1057
741,1,48,2016,3049,3071,1033,1055
672,4,48,1830,1831,3074,1,1244
745,5,48,2027,3053,3077,1026,1050
747,1,48,2033,3055,3080,1022,1047
675,3,48,1838,1840,3083,2,1245
751,5,48,2044,3059,3086,1015,1042
753,1,48,2049,3061,3089,1012,1040
676,4,48,1841,1842,3092,1,1251
757,5,48,2060,3065,3095,1005,1035
759,1,48,2065,3067,3098,1002,1033
679,3,48,1849,1850,3101,1,1252
763,5,48,2076,3071,3104,995,1028
765,1,48,2082,3073,3107,991,1025
680,4,48,1852,1853,3110,1,1258
769,5,48,2093,3077,3113,984,1020
771,1,48,2098,3079,3116,981,1018
683,3,48,1860,1862,3119,2,1259
775,5,48,2109,3083,3122,974,1013
777,1,48,2115,3085,3125,970,1010
684,4,48,1863,1864,3128,1,1265
781,5,48,2126,3089,3131,963,1005
783,1,48,2131,3091,3134,960,1003
687,3,48,1870,1871,3137,1,1267
787,5,48,2142,3095,3140,953,998
789,1,48,2147,3097,3143,950,996
688,4,48,1873,1875,3146,2,1273
793,5,48,2158,3101,3149,943,991
795,1,48,2164,3103,3152,939,988
691,3,48,1881,1882,3155,1,1274
799,5,48,2175,3107,3158,932,983
801,1,48,2180,3109,3161,929,981
692,4,48,1884,1885,3164,1,1280
805,5,48,2191,3113,3167,922,976
807,1,48,2196,3115,3170,919,974
695,3,48,1892,1893,3173,1,1281
811,5,48,2207,3119,3176,912,969
813,1,48,2213,3121,3179,908,966
696,4,48,1895,1897,3182,2,1287
817,5,48,2224,3125,3185,901,961
819,1,48,2229,3127,3188,898,959
699,3,48,1903,1905,3191,2,1288
823,5,48,2240,3131,3194,891,954
825,1,48,2245,3133,3197,888,952
700,4,48,1906,1907,3200,1,1294
829,5,48,2256,3137,3203,881,947
831,1,48,2262,3139,3206,877,944
703,3,48,1914,1915,3209,1,1295
835,5,48,2273,3143,3212,870,939
837,1,48,2278,3145,3215,867,937
704,4,48,1917,1918,3218,1,1301
841,5,48,2289,3149,3221,860,932
843,1,48,2295,3151,3224,856,929
707,3,48,1925,1926,3227,1,1302
847,5,48,2306,3155,3230,849,924
849,1,48,2311,3157,3233,846,922
708,4,48,1928,1930,3236,2,1308
853,5,48,2322,3161,3239,839,917
855,1,48,2327,3163,3242,836,915
711,3,48,1936,1938,3245,2,1309
859,5,48,2338,3167,3248,829,910
861,1,48,2344,3169,3251,825,907
712,4,48,1939,1940,3254,1,1315
865,5,48,2355,3173,3257,818,902
867,1,48,2360,3175,3260,815,900
715,3,48,1947,1948,3263,1,1316
871,5,48,2371,3179,3266,808,895
873,1,48,2376,3181,3269,805,893
716,4,48,1950,1951,3272,1,1322
877,5,48,2387,3185,3275,798,888
879,1,48,2393,3187,3278,794,885
719,3,48,1958,1959,3281,1,1323
883,5,48,2404,3191,3284,787,880
885,1,48,2409,3193,3287,784,878
720,4,48,1961,1963,3290,2,1329
889,5,48,2420,3197,3293,777,873
891,1,48,2425,3199,3296,774,871
723,3,48,1969,1971,3299,2,1330
895,5,48,2436,3203,3302,767,866
897,1,48,2442,3205,3305,763,863
724,4,48,1972,1973,3308,1,1336
901,5,48,2453,3209,3311,756,858
903,1,48,2458,3211,3314,753,856
727,3,48,1980,1981,3317,1,1337
907,5,48,2469,3215,3320,746,851
909,1,48,2475,3217,3323,742,848
728,4,48,1983,1984,3326,1,1343
913,5,48,2486,3221,3329,735,843
915,1,48,2491,3223,3332,732,841
731,3,48,1990,1991,3335,1,1345
919,5,48,2502,3227,3338,725,836
921,1,48,2507,3229,3341,722,834
732,4,48,1993,1994,3344,1,1351
925,5,48,2518,3233,3347,715,829
927,1,48,2524,3235,3350,711,826
737,3,48,2005,3045,3353,1040,1348
931,5,48,2535,3239,3356,704,821
933,1,48,2540,3241,3359,701,819
738,4,48,2008,3046,3362,1038,1354
937,5,48,2551,3245,3365,694,814
939,1,48,2556,3247,3368,691,812
743,3,48,2021,3051,3371,1030,1350
943,5,48,2567,3251,3374,684,807
945,1,48,2573,3253,3377,680,804
744,4,48,2024,3052,3380,1028,1356
949,5,48,2584,3257,3383,673,799
951,1,48,2589,3259,3386,670,797
749,3,48,2038,3057,3389,1019,1351
955,5,48,2600,3263,3392,663,792
957,1,48,2605,3265,3395,660,790
750,4,48,2041,3058,3398,1017,1357
961,5,48,2616,3269,3401,653,785
963,1,48,2622,3271,3404,649,782
755,3,48,2054,3063,3407,1009,1353
967,5,48,2633,3275,3410,642,777
969,1,48,2638,3277,3413,639,775
756,4,48,2057,3064,3416,1007,1359
973,5,48,2649,3281,3419,632,770
975,1,48,2655,3283,3422,628,767
761,3,48,2070,3069,3425,999,1355
979,5,48,2666,3287,3428,621,762
981,1,48,2671,3289,3431,618,760
762,4,48,2073,3070,3434,997,1361
985,5,48,2682,3293,3437,611,755
987,1,48,2687,3295,3440,608,753
767,3,48,2087,3075,3443,988,1356
991,5,48,2698,3299,3446,601,748
993,1,48,2704,3301,3449,597,745
768,4,48,2090,3076,3452,986,1362
997,5,48,2715,3305,3455,590,740
999,1,48,2720,3307,3458,587,738
773,3,48,2103,3081,3461,978,1358
1003,5,48,2731,3311,3464,580,733
1005,1,48,2736,3313,3467,577,731
774,4,48,2106,3082,3470,976,1364
1009,5,48,2747,3317,3473,570,726
1011,1,48,2753,3319,3476,566,723
779,3,48,2120,3087,3479,967,1359
1015,5,48,2764,3323,3482,559,718
1017,1,48,2769,3325,3485,556,716
780,4,48,2123,3088,3488,965,1365
1021,5,48,2780,3329,3491,549,711
1023,1,48,2785,3331,3494,546,709
785,3,48,2136,3093,3497,957,1361
1027,5,48,2796,3335,3500,539,704
1029,1,48,2802,3337,3503,535,701
786,4,48,2139,3094,3506,955,1367
1033,5,48,2813,3341,3509,528,696
1035,1,48,2818,3343,3512,525,694
791,3,48,2152,3099,3515,947,1363
1039,5,48,2829,3347,3518,518,689
1041,1,48,2835,3349,3521,514,686
792,4,48,2155,3100,3524,945,1369
1045,5,48,2846,3353,3527,507,681
1047,1,48,2851,3355,3530,504,679
797,3,48,2169,3105,3533,936,1364
1051,5,48,2862,3359,3536,497,674
1053,1,48,2867,3361,3539,494,672
798,4,48,2172,3106,3542,934,1370
1057,5,48,2878,3365,3545,487,667
1059,1,48,2884,3367,3548,483,664
803,3,48,2185,3111,3551,926,1366
1063,5,48,2895,3371,3554,476,659
1065,1,48,2900,3373,3557,473,657
804,4,48,2188,3112,3560,924,1372
1069,5,48,2911,3377,3563,466,652
1071,1,48,2916,3379,3566,463,650
809,3,48,2201,3117,3569,916,1368
1075,5,48,2927,3383,3572,456,645
1077,1,48,2933,3385,3575,452,642
810,4,48,2204,3118,3578,914,1374
1081,5,48,2944,3389,3581,445,637
1083,1,48,2949,3391,3584,442,635
815,3,48,2218,3123,3587,905,1369
1087,5,48,2960,3395,3590,435,630
1089,1,48,2965,3397,3593,432,628
816,4,48,2221,3124,3596,903,1375
1093,5,48,2976,3401,3599,425,623
1095,1,48,2982,3403,3602,421,620
821,3,48,2234,3129,3605,895,1371
1099,5,48,2993,3407,3608,414,615
1101,1,48,2998,3409,3611,411,613
822,4,48,2237,3130,3614,893,1377
1105,5,48,3009,3413,3617,404,608
1107,1,48,3015,3415,3620,400,605
827,3,48,2250,3135,3623,885,1373
1111,5,48,3026,3419,3626,393,600
1113,1,48,3031,3421,3629,390,598
828,4,48,2253,3136,3632,883,1379
1117,5,48,3042,3425,3635,383,593
1119,1,48,3047,3427,3638,380,591
833,3,48,2267,3141,3641,874,1374
1123,5,48,3058,3431,3644,373,586
1125,1,48,3064,3433,3647,369,583
834,4,48,2270,3142,3650,872,1380
1129,5,48,3075,3437,3653,362,578
1131,1,48,3080,3439,3656,359,576
839,3,48,2283,3147,3659,864,1376
1135,5,48,3091,3443,3662,352,571
1137,1,48,3096,3445,3665,349,569
840,4,48,2286,3148,3668,862,1382
1141,5,48,3107,3449,3671,342,564
1143,1,48,3113,3451,3674,338,561
845,3,48,2300,3153,3677,853,1377
1147,5,48,3124,3455,3680,331,556
1149,1,48,3129,3457,3683,328,554
846,4,48,2303,3154,3686,851,1383
1153,5,48,3140,3461,3689,321,549
1155,1,48,3145,3463,3692,318,547
851,3,48,2316,3159,3695,843,1379
1159,5,48,3156,3467,3698,311,542
1161,1,48,3162,3469,3701,307,539
852,4,48,2319,3160,3704,841,1385
1165,5,48,3173,3473,3707,300,534
1167,1,48,3178,3475,3710,297,532
857,3,48,2332,3165,3713,833,1381
1171,5,48,3189,3479,3716,290,527
1173,1,48,3195,3481,3719,286,524
858,4,48,2335,3166,3722,831,1387
1177,5,48,3206,3485,3725,279,519
1179,1,48,3211,3487,3728,276,517
863,3,48,2349,3171,3731,822,1382
1183,5,48,3222,3491,3734,269,512
1185,1,48,3227,3493,3737,266,510
864,4,48,2352,3172,3740,820,1388
1189,5,48,3238,3497,3743,259,505
1191,1,48,3244,3499,3746,255,502
869,3,48,2365,3177,3749,812,1384
1195,5,48,3255,3503,3752,248,497
1197,1,48,3260,3505,3755,245,495
870,4,48,2368,3178,3758,810,1390
1201,5,48,3271,3509,3761,238,490
1203,1,48,3276,3511,3764,235,488
875,3,48,2381,3183,3767,802,1386
1207,5,48,3287,3515,3770,228,483
1209,1,48,3293,3517,3773,224,480
876,4,48,2384,3184,3776,800,1392
1213,5,48,3304,3521,3779,217,475
1215,1,48,3309,3523,3782,214,473
881,3,48,2398,3189,3785,791,1387
1219,5,48,3320,3527,3788,207,468
1221,1,48,3325,3529,3791,204,466
882,4,48,2401,3190,3794,789,1393
1225,5,48,3336,3533,3797,197,461
1227,1,48,3342,3535,3800,193,458
887,3,48,2414,3195,3803,781,1389
1231,5,48,3353,3539,3806,186,453
1233,1,48,3358,3541,3809,183,451
888,4,48,2417,3196,3812,779,1395
1237,5,48,3369,3545,3815,176,446
1239,1,48,3375,3547,3818,172,443
893,3,48,2430,3201,3821,771,1391
1243,5,48,3386,3551,3824,165,438
1245,1,48,3391,3553,3827,162,436
894,4,48,2433,3202,3830,769,1397
1249,5,48,3402,3557,3833,155,431
1251,1,48,3407,3559,3836,152,429
899,3,48,2447,3207,3839,760,1392
1255,5,48,3418,3563,3842,145,424
1257,1,48,3424,3565,3845,141,421
900,4,48,2450,3208,3848,758,1398
1261,5,48,3435,3569,3851,134,416
1263,1,48,3440,3571,3854,131,414
905,3,48,2463,3213,3857,750,1394
1267,5,48,3451,3575,3860,124,409
1269,1,48,3456,3577,3863,121,407
906,4,48,2466,3214,3866,748,1400
1273,5,48,3467,3581,3869,114,402
1275,1,48,3473,3583,3872,110,399
911,3,48,2480,3219,3875,739,1395
1279,5,48,3484,3587,3878,103,394
1281,1,48,3489,3589,3881,100,392
912,4,48,2483,3220,3884,737,1401
1285,5,48,3500,3593,3887,93,387
1287,1,48,3505,3595,3890,90,385
917,3,48,2496,3225,3893,729,1397
1291,5,48,3516,3599,3896,83,380
1293,1,48,3522,3601,3899,79,377
918,4,48,2499,3226,3902,727,1403
1297,5,48,3533,3605,3905,72,372
1299,1,48,3538,3607,3908,69,370
923,3,48,2512,3231,3911,719,1399
1303,5,48,3549,3611,3914,62,365
1305,1,48,3555,3613,3917,58,362
924,4,48,2515,3232,3920,717,1405
1309,5,48,3566,3617,3923,51,357
1311,1,48,3571,3619,3926,48,355
929,3,48,2529,3237,3929,708,1400
1315,5,48,3582,3623,3932,41,350
1317,1,48,3587,3625,3935,38,348
930,4,48,2532,3238,3938,706,1406
1321,5,48,3598,3629,3941,31,343
1323,1,48,3604,3631,3944,27,340
935,3,48,2545,3243,3947,698,1402
1327,5,48,3615,3635,3950,20,335
1329,1,48,3620,3637,3953,17,333
936,4,48,2548,3244,3956,696,1408
1333,5,48,3631,3641,3959,10,328
1335,1,48,3636,3643,3962,7,326
941,3,48,2561,3249,3965,688,1404
1339,5,48,3647,3649,3968,2,321
1341,1,48,3653,3654,3971,1,318
942,4,48,2564,3250,3974,686,1410
1345,5,48,3664,3665,3977,1,313
1347,1,48,3669,3670,3980,1,311
947,3,48,2578,3255,3983,677,1405
1351,5,48,3680,3681,3986,1,306
1353,1,48,3685,3686,3989,1,304
948,4,48,2581,3256,3992,675,1411
1357,5,48,3696,3697,3995,1,299
1359,1,48,3702,3704,3998,2,296
953,3,48,2594,3261,4001,667,1407
1363,5,48,3713,3714,4004,1,291
1365,1,48,3718,3720,4007,2,289
954,4,48,2597,3262,4010,665,1413
1369,5,48,3729,3730,4013,1,284
1371,1,48,3735,3736,4016,1,281
959,3,48,2610,3267,4019,657,1409
1375,5,48,3746,3747,4022,1,276
1377,1,48,3751,3752,4025,1,274
960,4,48,2613,3268,4028,655,1415
1381,5,48,3762,3763,4031,1,269
1383,1,48,3767,3768,4034,1,267
965,3,48,2627,3273,4037,646,1410
1387,5,48,3778,3779,4040,1,262
1389,1,48,3784,3786,4043,2,259
966,4,48,2630,3274,4046,644,1416
1393,5,48,3795,3796,4049,1,254
1395,1,48,3800,3801,4052,1,252
971,3,48,2643,3279,4055,636,1412
1399,5,48,3811,3812,4058,1,247
1401,1,48,3816,3817,4061,1,245
972,4,48,2646,3280,4064,634,1418
1405,5,48,3827,3828,4067,1,240
1407,1,48,3833,3834,4070,1,237
977,3,48,2660,3285,4073,625,1413
1411,5,48,3844,3846,4076,2,232
1413,1,48,3849,3850,4079,1,230
978,4,48,2663,3286,4082,623,1419
1417,5,48,3860,3861,4085,1,225
1419,1,48,3865,3866,4088,1,223
983,3,48,2676,3291,4091,615,1415
1423,5,48,3876,3877,4094,1,218
1425,1,48,3882,3884,4097,2,215
984,4,48,2679,3292,4100,613,1421
1429,5,48,3893,3894,4103,1,210
1431,1,48,3898,3900,4106,2,208
989,3,48,2692,3297,4109,605,1417
1435,5,48,3909,3910,4112,1,203
1437,1,48,3915,3916,4115,1,200
990,4,48,2695,3298,4118,603,1423
1441,5,48,3926,3927,4121,1,195
1443,1,48,3931,3932,4124,1,193
995,3,48,2709,3303,4127,594,1418
1447,5,48,3942,3943,4130,1,188
1449,1,48,3947,3948,4133,1,186
996,4,48,2712,3304,4136,592,1424
1453,5,48,3958,3959,4139,1,181
1455,1,48,3964,3966,4142,2,178
1001,3,48,2725,3309,4145,584,1420
1459,5,48,3975,3976,4148,1,173
1461,1,48,3980,3981,4151,1,171
1002,4,48,2728,3310,4154,582,1426
1465,5,48,3991,3992,4157,1,166
1467,1,48,3996,3997,4160,1,164
1007,3,48,2741,3315,4163,574,1422
1471,5,48,4007,4008,4166,1,159
1473,1,48,4013,4014,4169,1,156
1008,4,48,2744,3316,4172,572,1428
1477,5,48,4024,4026,4175,2,151
1479,1,48,4029,4030,4178,1,149
1013,3,48,2758,3321,4181,563,1423
1483,5,48,4040,4041,4184,1,144
1485,1,48,4045,4046,4187,1,142
1014,4,48,2761,3322,4190,561,1429
1489,5,48,4056,4057,4193,1,137
1491,1,48,4062,4064,4196,2,134
1019,3,48,2774,3327,4199,553,1425
1495,5,48,4073,4074,4202,1,129
1497,1,48,4078,4080,4205,2,127
1020,4,48,2777,3328,4208,551,1431
1501,5,48,4089,4090,4211,1,122
1503,1,48,4095,4096,4214,1,119
1025,3,48,2790,3333,4217,543,1427
1507,5,48,4106,4107,4220,1,114
1509,1,48,4111,4112,4223,1,112
1026,4,48,2793,3334,4226,541,1433
1513,5,48,4122,4123,4229,1,107
1515,1,48,4127,4128,4232,1,105
1031,3,48,2807,3339,4235,532,1428
1519,5,48,4138,4139,4238,1,100
1521,1,48,4144,4146,4241,2,97
1032,4,48,2810,3340,4244,530,1434
1525,5,48,4155,4156,4247,1,92
1527,1,48,4160,4161,4250,1,90
1037,3,48,2823,3345,4253,522,1430
1531,5,48,4171,4172,4256,1,85
1533,1,48,4176,4177,4259,1,83
1038,4,48,2826,3346,4262,520,1436
1537,5,48,4187,4188,4265,1,78
1539,1,48,4193,4194,4268,1,75
1043,3,48,2840,3351,4271,511,1431
1543,5,48,4204,4206,4274,2,70
1545,1,48,4209,4210,4277,1,68
1044,4,48,2843,3352,4280,509,1437
1549,5,48,4220,4221,4283,1,63
1551,1,48,4225,4226,4286,1,61
1049,3,48,2856,3357,4289,501,1433
1555,5,48,4236,4237,4292,1,56
1557,1,48,4242,4244,4295,2,53
1050,4,48,2859,3358,4298,499,1439
1561,5,48,4253,4254,4301,1,48
1563,1,48,4258,4260,4304,2,46
1055,3,48,2872,3363,4307,491,1435
1567,5,48,4269,4270,4310,1,41
1569,1,48,4275,4276,4313,1,38
1056,4,48,2875,3364,4316,489,1441
1573,5,48,4286,4287,4319,1,33
1575,1,48,4291,4292,4322,1,31
1061,3,48,2889,3369,4325,480,1436
1579,5,48,4302,4303,4328,1,26
1581,1,48,4307,4308,4331,1,24
1062,4,48,2892,3370,4334,478,1442
1585,5,48,4318,4319,4337,1,19
1587,1,48,4324,4326,4340,2,16
1067,3,48,2905,3375,4343,470,1438
740,6,48,2014,3048,4346,1034,2332
594,2,48,1618,1619,4349,1,2731
1068,4,48,2908,3376,4352,468,1444
1591,5,48,4335,4336,4355,1,20
1593,1,48,4340,4341,4358,1,18
1073,3,48,2921,3381,4361,460,1440
1597,5,48,4351,4352,4364,1,13
598,2,48,1628,1630,4367,2,2739
1074,4,48,2924,3382,4370,458,1446
746,6,48,2030,3054,4373,1024,2343
1599,1,48,4356,4357,4376,1,20
1079,3,48,2938,3387,4379,449,1441
1603,5,48,4367,4368,4382,1,15
1605,1,48,4373,4374,4385,1,12
1080,4,48,2941,3388,4388,447,1447
752,6,48,2047,3060,4391,1013,2344
602,2,48,1639,1640,4394,1,2755
1085,3,48,2954,3393,4397,439,1443
1609,5,48,4384,4386,4400,2,16
1611,1,48,4389,4390,4403,1,14
1086,4,48,2957,3394,4406,437,1449
758,6,48,2063,3066,4409,1003,2346
606,2,48,1650,1651,4412,1,2762
1091,3,48,2970,3399,4415,429,1445
1615,5,48,4400,4401,4418,1,18
1617,1,48,4405,4406,4421,1,16
1092,4,48,2973,3400,4424,427,1451
764,6,48,2079,3072,4427,993,2348
610,2,48,1661,1662,4430,1,2769
1097,3,48,2987,3405,4433,418,1446
1621,5,48,4416,4417,4436,1,20
1623,1,48,4422,4424,4439,2,17
1098,4,48,2990,3406,4442,416,1452
1627,5,48,4433,4434,4445,1,12
614,2,48,1672,1674,4448,2,2776
1103,3,48,3003,3411,4451,408,1448
770,6,48,2096,3078,4454,982,2358
1629,1,48,4438,4440,4457,2,19
1104,4,48,3006,3412,4460,406,1454
1633,5,48,4449,4450,4463,1,14
618,2,48,1683,1684,4466,1,2783
1109,3,48,3020,3417,4469,397,1449
776,6,48,2112,3084,4472,972,2360
1635,1,48,4455,4456,4475,1,20
1110,4,48,3023,3418,4478,395,1455
1639,5,48,4466,4467,4481,1,15
1641,1,48,4471,4472,4484,1,13
1115,3,48,3036,3423,4487,387,1451
782,6,48,2129,3090,4490,961,2361
622,2,48,1694,1695,4493,1,2799
1116,4,48,3039,3424,4496,385,1457
1645,5,48,4482,4483,4499,1,17
1647,1,48,4487,4488,4502,1,15
1121,3,48,3052,3429,4505,377,1453
788,6,48,2145,3096,4508,951,2363
626,2,48,1705,1707,4511,2,2806
1122,4,48,3055,3430,4514,375,1459
1651,5,48,4498,4499,4517,1,19
1653,1,48,4504,4506,4520,2,16
1127,3,48,3069,3435,4523,366,1454
794,6,48,2161,3102,4526,941,2365
630,2,48,1716,1717,4529,1,2813
1128,4,48,3072,3436,4532,364,1460
1657,5,48,4515,4516,4535,1,20
1659,1,48,4520,4521,4538,1,18
1133,3,48,3085,3441,4541,356,1456
1663,5,48,4531,4532,4544,1,13
634,2,48,1727,1728,4547,1,2820
1134,4,48,3088,3442,4550,354,1462
800,6,48,2178,3108,4553,930,2375
1665,1,48,4536,4537,4556,1,20
1139,3,48,3101,3447,4559,346,1458
1669,5,48,4547,4548,4562,1,15
1671,1,48,4553,4554,4565,1,12
1140,4,48,3104,3448,4568,344,1464
806,6,48,2194,3114,4571,920,2377
638,2,48,1738,1740,4574,2,2836
1145,3,48,3118,3453,4577,335,1459
1675,5,48,4564,4566,4580,2,16
1677,1,48,4569,4570,4583,1,14
1146,4,48,3121,3454,4586,333,1465
812,6,48,2210,3120,4589,910,2379
642,2,48,1748,1750,4592,2,2844
1151,3,48,3134,3459,4595,325,1461
1681,5,48,4580,4581,4598,1,18
1683,1,48,4585,4586,4601,1,16
1152,4,48,3137,3460,4604,323,1467
818,6,48,2227,3126,4607,899,2380
646,2,48,1759,1760,4610,1,2851
1157,3,48,3150,3465,4613,315,1463
1687,5,48,4596,4597,4616,1,20
1689,1,48,4602,4604,4619,2,17
1158,4,48,3153,3466,4622,313,1469
1693,5,48,4613,4614,4625,1,12
650,2,48,1770,1771,4628,1,2858
1163,3,48,3167,3471,4631,304,1464
824,6,48,2243,3132,4634,889,2391
1695,1,48,4618,4620,4637,2,19
1164,4,48,3170,3472,4640,302,1470
1699,5,48,4629,4630,4643,1,14
654,2,48,1781,1783,4646,2,2865
1169,3,48,3183,3477,4649,294,1466
830,6,48,2259,3138,4652,879,2393
1701,1,48,4635,4636,4655,1,20
1170,4,48,3186,3478,4658,292,1472
1705,5,48,4646,4647,4661,1,15
1707,1,48,4651,4652,4664,1,13
1175,3,48,3200,3483,4667,283,1467
836,6,48,2276,3144,4670,868,2394
658,2,48,1792,1793,4673,1,2881
1176,4,48,3203,3484,4676,281,1473
1711,5,48,4662,4663,4679,1,17
1713,1,48,4667,4668,4682,1,15
1181,3,48,3216,3489,4685,273,1469
842,6,48,2292,3150,4688,858,2396
662,2,48,1803,1804,4691,1,2888
1182,4,48,3219,3490,4694,271,1475
1717,5,48,4678,4679,4697,1,19
1719,1,48,4684,4686,4700,2,16
1187,3,48,3232,3495,4703,263,1471
848,6,48,2309,3156,4706,847,2397
666,2,48,1814,1816,4709,2,2895
1188,4,48,3235,3496,4712,261,1477
1723,5,48,4695,4696,4715,1,20
1725,1,48,4700,4701,4718,1,18
1193,3,48,3249,3501,4721,252,1472
1729,5,48,4711,4713,4724,2,13
670,2,48,1825,1826,4727,1,2902
1194,4,48,3252,3502,4730,250,1478
854,6,48,2325,3162,4733,837,2408
1731,1,48,4716,4719,4736,3,20
1199,3,48,3265,3507,4739,242,1474
1735,5,48,4727,4731,4742,4,15
674,2,48,1836,1837,4745,1,2909
1200,4,48,3268,3508,4748,240,1480
860,6,48,2341,3168,4751,827,2410
1737,1,48,4733,4737,4754,4,21
1205,3,48,3281,3513,4757,232,1476
1741,5,48,4744,4749,4760,5,16
678,2,48,1847,1849,4763,2,2916
1206,4,48,3284,3514,4766,230,1482
866,6,48,2358,3174,4769,816,2411
1743,1,48,4749,4755,4772,6,23
1211,3,48,3298,3519,4775,221,1477
1747,5,48,4760,4767,4778,7,18
682,2,48,1858,1859,4781,1,2923
1212,4,48,3301,3520,4784,219,1483
872,6,48,2374,3180,4787,806,2413
1749,1,48,4765,4773,4790,8,25
1217,3,48,3314,3525,4793,211,1479
1753,5,48,4776,4785,4796,9,20
686,2,48,1868,1870,4799,2,2931
1218,4,48,3317,3526,4802,209,1485
878,6,48,2390,3186,4805,796,2415
1755,1,48,4782,4791,4808,9,26
1223,3,48,3330,3531,4811,201,1481
1759,5,48,4793,4803,4814,10,21
690,2,48,1879,1880,4817,1,2938
1224,4,48,3333,3532,4820,199,1487
884,6,48,2407,3192,4823,785,2416
1761,1,48,4798,4809,4826,11,28
1229,3,48,3347,3537,4829,190,1482
1765,5,48,4809,4821,4832,12,23
694,2,48,1890,1891,4835,1,2945
1230,4,48,3350,3538,4838,188,1488
890,6,48,2423,3198,4841,775,2418
1767,1,48,4815,4827,4844,12,29
1235,3,48,3363,3543,4847,180,1484
1771,5,48,4826,4839,4850,13,24
698,2,48,1901,1902,4853,1,2952
1236,4,48,3366,3544,4856,178,1490
896,6,48,2439,3204,4859,765,2420
1773,1,48,4831,4845,4862,14,31
1241,3,48,3380,3549,4865,169,1485
1777,5,48,4842,4857,4868,15,26
702,2,48,1912,1914,4871,2,2959
1242,4,48,3383,3550,4874,167,1491
902,6,48,2456,3210,4877,754,2421
1779,1,48,4847,4863,4880,16,33
1247,3,48,3396,3555,4883,159,1487
1783,5,48,4858,4875,4886,17,28
706,2,48,1923,1924,4889,1,2966
1248,4,48,3399,3556,4892,157,1493
908,6,48,2472,3216,4895,744,2423
1785,1,48,4864,4881,4898,17,34
1253,3,48,3412,3561,4901,149,1489
1789,5,48,4875,4893,4904,18,29
710,2,48,1934,1935,4907,1,2973
1254,4,48,3415,3562,4910,147,1495
914,6,48,2489,3222,4913,733,2424
1791,1,48,4880,4899,4916,19,36
1259,3,48,3429,3567,4919,138,1490
1795,5,48,4891,4911,4922,20,31
714,2,48,1945,1947,4925,2,2980
1260,4,48,3432,3568,4928,136,1496
920,6,48,2505,3228,4931,723,2426
1797,1,48,4896,4917,4934,21,38
1265,3,48,3445,3573,4937,128,1492
1801,5,48,4907,4929,4940,22,33
718,2,48,1956,1957,4943,1,2987
1266,4,48,3448,3574,4946,126,1498
926,6,48,2521,3234,4949,713,2428
1803,1,48,4913,4935,4952,22,39
1271,3,48,3461,3579,4955,118,1494
1807,5,48,4924,4947,4958,23,34
722,2,48,1967,1968,4961,1,2994
1272,4,48,3464,3580,4964,116,1500
932,6,48,2538,3240,4967,702,2429
1809,1,48,4929,4953,4970,24,41
1277,3,48,3478,3585,4973,107,1495
1813,5,48,4940,4965,4976,25,36
726,2,48,1978,1980,4979,2,3001
1278,4,48,3481,3586,4982,105,1501
938,6,48,2554,3246,4985,692,2431
1815,1,48,4945,4971,4988,26,43
1283,3,48,3494,3591,4991,97,1497
1819,5,48,4956,4983,4994,27,38
730,2,48,1988,1990,4997,2,3009
1284,4,48,3497,3592,5000,95,1503
944,6,48,2570,3252,5003,682,2433
1821,1,48,4962,4989,5006,27,44
1289,3,48,3510,3597,5009,87,1499
1825,5,48,4973,5001,5012,28,39
734,2,48,1999,2000,5015,1,3016
1290,4,48,3513,3598,5018,85,1505
950,6,48,2587,3258,5021,671,2434
1827,1,48,4978,5007,5024,29,46
1295,3,48,3527,3603,5027,76,1500
1831,5,48,4989,5019,5030,30,41
736,2,48,2003,3044,5033,1041,3030
1296,4,48,3530,3604,5036,74,1506
956,6,48,2603,3264,5039,661,2436
1833,1,48,4995,5025,5042,30,47
1301,3,48,3543,3609,5045,66,1502
1837,5,48,5006,5037,5048,31,42
742,2,48,2019,3050,5051,1031,3032
1302,4,48,3546,3610,5054,64,1508
962,6,48,2619,3270,5057,651,2438
1839,1,48,5011,5043,5060,32,49
1307,3,48,3560,3615,5063,55,1503
1843,5,48,5022,5055,5066,33,44
748,2,48,2036,3056,5069,1020,3033
1308,4,48,3563,3616,5072,53,1509
968,6,48,2636,3276,5075,640,2439
1845,1,48,5027,5061,5078,34,51
1313,3,48,3576,3621,5081,45,1505
1849,5,48,5038,5073,5084,35,46
754,2,48,2052,3062,5087,1010,3035
1314,4,48,3579,3622,5090,43,1511
974,6,48,2652,3282,5093,630,2441
1851,1,48,5044,5079,5096,35,52
1319,3,48,3592,3627,5099,35,1507
1855,5,48,5055,5091,5102,36,47
760,2,48,2068,3068,5105,1000,3037
1320,4,48,3595,3628,5108,33,1513
980,6,48,2669,3288,5111,619,2442
1857,1,48,5060,5097,5114,37,54
1325,3,48,3609,3633,5117,24,1508
1861,5,48,5071,5109,5120,38,49
766,2,48,2085,3074,5123,989,3038
1326,4,48,3612,3634,5126,22,1514
986,6,48,2685,3294,5129,609,2444
1863,1,48,5076,5115,5132,39,56
1331,3,48,3625,3639,5135,14,1510
1867,5,48,5087,5127,5138,40,51
772,2,48,2101,3080,5141,979,3040
1332,4,48,3628,3640,5144,12,1516
992,6,48,2701,3300,5147,599,2446
1869,1,48,5093,5133,5150,40,57
1337,3,48,3641,3645,5153,4,1512
1873,5,48,5104,5145,5156,41,52
778,2,48,2118,3086,5159,968,3041
1338,4,48,3644,3646,5162,2,1518
998,6,48,2718,3306,5165,588,2447
1875,1,48,5109,5151,5168,42,59
1343,3,48,3658,3660,5171,2,1513
1879,5,48,5120,5163,5174,43,54
784,2,48,2134,3092,5177,958,3043
1344,4,48,3661,3663,5180,2,1519
1004,6,48,2734,3312,5183,578,2449
1881,1,48,5125,5169,5186,44,61
1349,3,48,3674,3675,5189,1,1515
1885,5,48,5136,5181,5192,45,56
790,2,48,2150,3098,5195,948,3045
1350,4,48,3677,3678,5198,1,1521
1010,6,48,2750,3318,5201,568,2451
1887,1,48,5142,5187,5204,45,62
1355,3,48,3690,3691,5207,1,1517
1891,5,48,5153,5199,5210,46,57
796,2,48,2167,3104,5213,937,3046
1356,4,48,3693,3695,5216,2,1523
1016,6,48,2767,3324,5219,557,2452
1893,1,48,5158,5205,5222,47,64
1361,3,48,3707,3709,5225,2,1518
1897,5,48,5169,5217,5228,48,59
802,2,48,2183,3110,5231,927,3048
1362,4,48,3710,3711,5234,1,1524
1022,6,48,2783,3330,5237,547,2454
1899,1,48,5175,5223,5240,48,65
1367,3,48,3723,3725,5243,2,1520
1903,5,48,5186,5235,5246,49,60
808,2,48,2199,3116,5249,917,3050
1368,4,48,3726,3727,5252,1,1526
1028,6,48,2799,3336,5255,537,2456
1905,1,48,5191,5241,5258,50,67
1373,3,48,3740,3741,5261,1,1521
1909,5,48,5202,5253,5264,51,62
814,2,48,2216,3122,5267,906,3051
1374,4,48,3743,3744,5270,1,1527
1034,6,48,2816,3342,5273,526,2457
1911,1,48,5207,5259,5276,52,69
1379,3,48,3756,3757,5279,1,1523
1915,5,48,5218,5271,5282,53,64
820,2,48,2232,3128,5285,896,3053
1380,4,48,3759,3761,5288,2,1529
1040,6,48,2832,3348,5291,516,2459
1917,1,48,5224,5277,5294,53,70
1385,3,48,3772,3774,5297,2,1525
1921,5,48,5235,5289,5300,54,65
826,2,48,2248,3134,5303,886,3055
1386,4,48,3775,3777,5306,2,1531
1046,6,48,2849,3354,5309,505,2460
1923,1,48,5240,5295,5312,55,72
1391,3,48,3789,3791,5315,2,1526
1927,5,48,5251,5307,5318,56,67
832,2,48,2265,3140,5321,875,3056
1392,4,48,3792,3793,5324,1,1532
1052,6,48,2865,3360,5327,495,2462
1929,1,48,5256,5313,5330,57,74
1397,3,48,3805,3807,5333,2,1528
1933,5,48,5267,5325,5336,58,69
838,2,48,2281,3146,5339,865,3058
1398,4,48,3808,3810,5342,2,1534
1058,6,48,2881,3366,5345,485,2464
1935,1,48,5273,5331,5348,58,75
1403,3,48,3821,3822,5351,1,1530
1939,5,48,5284,5343,5354,59,70
844,2,48,2298,3152,5357,854,3059
1404,4,48,3824,3825,5360,1,1536
1064,6,48,2898,3372,5363,474,2465
1941,1,48,5289,5349,5366,60,77
1409,3,48,3838,3840,5369,2,1531
1945,5,48,5300,5361,5372,61,72
850,2,48,2314,3158,5375,844,3061
1410,4,48,3841,3842,5378,1,1537
1070,6,48,2914,3378,5381,464,2467
1947,1,48,5305,5367,5384,62,79
1415,3,48,3854,3855,5387,1,1533
1951,5,48,5316,5379,5390,63,74
856,2,48,2330,3164,5393,834,3063
1416,4,48,3857,3858,5396,1,1539
1076,6,48,2930,3384,5399,454,2469
1953,1,48,5322,5385,5402,63,80
1421,3,48,3870,3871,5405,1,1535
1957,5,48,5333,5397,5408,64,75
862,2,48,2347,3170,5411,823,3064
1422,4,48,3873,3875,5414,2,1541
1082,6,48,2947,3390,5417,443,2470
1959,1,48,5338,5403,5420,65,82
1427,3,48,3887,3889,5423,2,1536
1963,5,48,5349,5415,5426,66,77
868,2,48,2363,3176,5429,813,3066
1428,4,48,3890,3891,5432,1,1542
1088,6,48,2963,3396,5435,433,2472
1965,1,48,5355,5421,5438,66,83
1433,3,48,3903,3905,5441,2,1538
1969,5,48,5366,5433,5444,67,78
874,2,48,2379,3182,5447,803,3068
1434,4,48,3906,3907,5450,1,1544
1094,6,48,2979,3402,5453,423,2474
1971,1,48,5371,5439,5456,68,85
1439,3,48,3920,3921,5459,1,1539
1975,5,48,5382,5451,5462,69,80
880,2,48,2396,3188,5465,792,3069
1440,4,48,3923,3924,5468,1,1545
1100,6,48,2996,3408,5471,412,2475
1977,1,48,5387,5457,5474,70,87
1445,3,48,3936,3937,5477,1,1541
1981,5,48,5398,5469,5480,71,82
886,2,48,2412,3194,5483,782,3071
1446,4,48,3939,3941,5486,2,1547
1106,6,48,3012,3414,5489,402,2477
1983,1,48,5404,5475,5492,71,88
1451,3,48,3952,3954,5495,2,1543
1987,5,48,5415,5487,5498,72,83
892,2,48,2428,3200,5501,772,3073
1452,4,48,3955,3957,5504,2,1549
1112,6,48,3029,3420,5507,391,2478
1989,1,48,5420,5493,5510,73,90
1457,3,48,3969,3971,5513,2,1544
1993,5,48,5431,5505,5516,74,85
898,2,48,2445,3206,5519,761,3074
1458,4,48,3972,3973,5522,1,1550
1118,6,48,3045,3426,5525,381,2480
1995,1,48,5436,5511,5528,75,92
1463,3,48,3985,3987,5531,2,1546
1999,5,48,5447,5523,5534,76,87
904,2,48,2461,3212,5537,751,3076
1464,4,48,3988,3990,5540,2,1552
1124,6,48,3061,3432,5543,371,2482
2001,1,48,5453,5529,5546,76,93
1469,3,48,4001,4002,5549,1,1548
2005,5,48,5464,5541,5552,77,88
910,2,48,2478,3218,5555,740,3077
1470,4,48,4004,4005,5558,1,1554
1130,6,48,3078,3438,5561,360,2483
2007,1,48,5469,5547,5564,78,95
1475,3,48,4018,4020,5567,2,1549
2011,5,48,5480,5559,5570,79,90
916,2,48,2494,3224,5573,730,3079
1476,4,48,4021,4022,5576,1,1555
1136,6,48,3094,3444,5579,350,2485
2013,1,48,5485,5565,5582,80,97
1481,3,48,4034,4035,5585,1,1551
2017,5,48,5496,5577,5588,81,92
922,2,48,2510,3230,5591,720,3081
1482,4,48,4037,4038,5594,1,1557
1142,6,48,3110,3450,5597,340,2487
2019,1,48,5502,5583,5600,81,98
1487,3,48,4050,4051,5603,1,1553
2023,5,48,5513,5595,5606,82,93
928,2,48,2527,3236,5609,709,3082
1488,4,48,4053,4055,5612,2,1559
1148,6,48,3127,3456,5615,329,2488
2025,1,48,5518,5601,5618,83,100
1493,3,48,4067,4069,5621,2,1554
2029,5,48,5529,5613,5624,84,95
934,2,48,2543,3242,5627,699,3084
1494,4,48,4070,4071,5630,1,1560
1154,6,48,3143,3462,5633,319,2490
2031,1,48,5535,5619,5636,84,101
1499,3,48,4083,4085,5639,2,1556
2035,5,48,5546,5631,5642,85,96
940,2,48,2559,3248,5645,689,3086
1500,4,48,4086,4087,5648,1,1562
1160,6,48,3159,3468,5651,309,2492
2037,1,48,5551,5637,5654,86,103
1505,3,48,4100,4101,5657,1,1557
2041,5,48,5562,5649,5660,87,98
946,2,48,2576,3254,5663,678,3087
1506,4,48,4103,4104,5666,1,1563
1166,6,48,3176,3474,5669,298,2493
2043,1,48,5567,5655,5672,88,105
1511,3,48,4116,4117,5675,1,1559
2047,5,48,5578,5667,5678,89,100
952,2,48,2592,3260,5681,668,3089
1512,4,48,4119,4121,5684,2,1565
1172,6,48,3192,3480,5687,288,2495
2049,1,48,5584,5673,5690,89,106
1517,3,48,4132,4134,5693,2,1561
2053,5,48,5595,5685,5696,90,101
958,2,48,2608,3266,5699,658,3091
1518,4,48,4135,4137,5702,2,1567
1178,6,48,3209,3486,5705,277,2496
2055,1,48,5600,5691,5708,91,108
1523,3,48,4149,4151,5711,2,1562
2059,5,48,5611,5703,5714,92,103
964,2,48,2625,3272,5717,647,3092
1524,4,48,4152,4153,5720,1,1568
1184,6,48,3225,3492,5723,267,2498
2061,1,48,5616,5709,5726,93,110
1529,3,48,4165,4167,5729,2,1564
2065,5,48,5627,5721,5732,94,105
970,2,48,2641,3278,5735,637,3094
1530,4,48,4168,4170,5738,2,1570
1190,6,48,3241,3498,5741,257,2500
2067,1,48,5633,5727,5744,94,111
1535,3,48,4181,4182,5747,1,1566
2071,5,48,5644,5739,5750,95,106
976,2,48,2658,3284,5753,626,3095
1536,4,48,4184,4185,5756,1,1572
1196,6,48,3258,3504,5759,246,2501
2073,1,48,5649,5745,5762,96,113
1541,3,48,4198,4200,5765,2,1567
2077,5,48,5660,5757,5768,97,108
982,2,48,2674,3290,5771,616,3097
1542,4,48,4201,4202,5774,1,1573
1202,6,48,3274,3510,5777,236,2503
2079,1,48,5665,5763,5780,98,115
1547,3,48,4214,4215,5783,1,1569
2083,5,48,5676,5775,5786,99,110
988,2,48,2690,3296,5789,606,3099
1548,4,48,4217,4218,5792,1,1575
1208,6,48,3290,3516,5795,226,2505
2085,1,48,5682,5781,5798,99,116
1553,3,48,4230,4231,5801,1,1571
2089,5,48,5693,5793,5804,100,111
994,2,48,2707,3302,5807,595,3100
1554,4,48,4233,4235,5810,2,1577
1214,6,48,3307,3522,5813,215,2506
2091,1,48,5698,5799,5816,101,118
1559,3,48,4247,4249,5819,2,1572
2095,5,48,5709,5811,5822,102,113
1000,2,48,2723,3308,5825,585,3102
1560,4,48,4250,4251,5828,1,1578
1220,6,48,3323,3528,5831,205,2508
2097,1,48,5715,5817,5834,102,119
1565,3,48,4263,4265,5837,2,1574
2101,5,48,5726,5829,5840,103,114
1006,2,48,2739,3314,5843,575,3104
1566,4,48,4266,4267,5846,1,1580
1226,6,48,3339,3534,5849,195,2510
2103,1,48,5731,5835,5852,104,121
1571,3,48,4280,4281,5855,1,1575
2107,5,48,5742,5847,5858,105,116
1012,2,48,2756,3320,5861,564,3105
1572,4,48,4283,4284,5864,1,1581
1232,6,48,3356,3540,5867,184,2511
2109,1,48,5747,5853,5870,106,123
1577,3,48,4296,4297,5873,1,1577
2113,5,48,5758,5865,5876,107,118
1018,2,48,2772,3326,5879,554,3107
1578,4,48,4299,4301,5882,2,1583
1238,6,48,3372,3546,5885,174,2513
2115,1,48,5764,5871,5888,107,124
1583,3,48,4312,4314,5891,2,1579
2119,5,48,5775,5883,5894,108,119
1024,2,48,2788,3332,5897,544,3109
1584,4,48,4315,4317,5900,2,1585
1244,6,48,3389,3552,5903,163,2514
2121,1,48,5780,5889,5906,109,126
1589,3,48,4329,4331,5909,2,1580
2125,5,48,5791,5901,5912,110,121
1030,2,48,2805,3338,5915,533,3110
1590,4,48,4332,4333,5918,1,1586
1250,6,48,3405,3558,5921,153,2516
2127,1,48,5796,5907,5924,111,128
1595,3,48,4345,4347,5927,2,1582
2131,5,48,5807,5919,5930,112,123
1036,2,48,2821,3344,5933,523,3112
1596,4,48,4348,4350,5936,2,1588
1256,6,48,3421,3564,5939,143,2518
2133,1,48,5813,5925,5942,112,129
1601,3,48,4361,4362,5945,1,1584
2137,5,48,5824,5937,5948,113,124
1042,2,48,2838,3350,5951,512,3113
1602,4,48,4364,4365,5954,1,1590
1262,6,48,3438,3570,5957,132,2519
2139,1,48,5829,5943,5960,114,131
1607,3,48,4378,4380,5963,2,1585
2143,5,48,5840,5955,5966,115,126
1048,2,48,2854,3356,5969,502,3115
1608,4,48,4381,4382,5972,1,1591
1268,6,48,3454,3576,5975,122,2521
2145,1,48,5845,5961,5978,116,133
1613,3,48,4394,4395,5981,1,1587
2149,5,48,5856,5973,5984,117,128
1054,2,48,2870,3362,5987,492,3117
1614,4,48,4397,4398,5990,1,1593
1274,6,48,3470,3582,5993,112,2523
2151,1,48,5862,5979,5996,117,134
1619,3,48,4410,4411,5999,1,1589
2155,5,48,5873,5991,6002,118,129
1060,2,48,2887,3368,6005,481,3118
1620,4,48,4413,4415,6008,2,1595
1280,6,48,3487,3588,6011,101,2524
2157,1,48,5878,5997,6014,119,136
1625,3,48,4427,4429,6017,2,1590
2161,5,48,5889,6009,6020,120,131
1066,2,48,2903,3374,6023,471,3120
1626,4,48,4430,4431,6026,1,1596
1286,6,48,3503,3594,6029,91,2526
2163,1,48,5895,6015,6032,120,137
1631,3,48,4443,4445,6035,2,1592
2167,5,48,5906,6027,6038,121,132
1072,2,48,2919,3380,6041,461,3122
1632,4,48,4446,4447,6044,1,1598
1292,6,48,3519,3600,6047,81,2528
2169,1,48,5911,6033,6050,122,139
1637,3,48,4460,4461,6053,1,1593
2173,5,48,5922,6045,6056,123,134
1078,2,48,2936,3386,6059,450,3123
1638,4,48,4463,4464,6062,1,1599
1298,6,48,3536,3606,6065,70,2529
2175,1,48,5927,6051,6068,124,141
1643,3,48,4476,4477,6071,1,1595
2179,5,48,5938,6063,6074,125,136
1084,2,48,2952,3392,6077,440,3125
1644,4,48,4479,4481,6080,2,1601
1304,6,48,3552,3612,6083,60,2531
2181,1,48,5944,6069,6086,125,142
1649,3,48,4492,4494,6089,2,1597
2185,5,48,5955,6081,6092,126,137
1090,2,48,2968,3398,6095,430,3127
1650,4,48,4495,4497,6098,2,1603
1310,6,48,3569,3618,6101,49,2532
2187,1,48,5960,6087,6104,127,144
1655,3,48,4509,4511,6107,2,1598
2191,5,48,5971,6099,6110,128,139
1096,2,48,2985,3404,6113,419,3128
1656,4,48,4512,4513,6116,1,1604
1316,6,48,3585,3624,6119,39,2534
2193,1,48,5976,6105,6122,129,146
1661,3,48,4525,4527,6125,2,1600
2197,5,48,5987,6117,6128,130,141
1102,2,48,3001,3410,6131,409,3130
1662,4,48,4528,4530,6134,2,1606
1322,6,48,3601,3630,6137,29,2536
2199,1,48,5993,6123,6140,130,147
1667,3,48,4541,4542,6143,1,1602
2203,5,48,6004,6135,6146,131,142
1108,2,48,3018,3416,6149,398,3131
1668,4,48,4544,4545,6152,1,1608
1328,6,48,3618,3636,6155,18,2537
2205,1,48,6009,6141,6158,132,149
1673,3,48,4558,4560,6161,2,1603
2209,5,48,6020,6153,6164,133,144
1114,2,48,3034,3422,6167,388,3133
1674,4,48,4561,4562,6170,1,1609
1334,6,48,3634,3642,6173,8,2539
2211,1,48,6025,6159,6176,134,151
1679,3,48,4574,4575,6179,1,1605
2215,5,48,6036,6171,6182,135,146
1120,2,48,3050,3428,6185,378,3135
1680,4,48,4577,4578,6188,1,1611
1340,6,48,3650,3652,6191,2,2541
2217,1,48,6042,6177,6194,135,152
1685,3,48,4590,4591,6197,1,1607
2221,5,48,6053,6189,6200,136,147
1126,2,48,3067,3434,6203,367,3136
1686,4,48,4593,4595,6206,2,1613
1346,6,48,3667,3669,6209,2,2542
2223,1,48,6058,6195,6212,137,154
1691,3,48,4607,4609,6215,2,1608
2227,5,48,6069,6207,6218,138,149
1132,2,48,3083,3440,6221,357,3138
1692,4,48,4610,4611,6224,1,1614
1352,6,48,3683,3684,6227,1,2544
2229,1,48,6075,6213,6230,138,155
1697,3,48,4623,4625,6233,2,1610
2233,5,48,6086,6225,6236,139,150
1138,2,48,3099,3446,6239,347,3140
1698,4,48,4626,4627,6242,1,1616
1358,6,48,3699,3700,6245,1,2546
2235,1,48,6091,6231,6248,140,157
1703,3,48,4640,4641,6251,1,1611
2239,5,48,6102,6243,6254,141,152
1144,2,48,3116,3452,6257,336,3141
1704,4,48,4643,4644,6260,1,1617
1364,6,48,3716,3717,6263,1,2547
2241,1,48,6107,6249,6266,142,159
1709,3,48,4656,4657,6269,1,1613
2245,5,48,6118,6261,6272,143,154
1150,2,48,3132,3458,6275,326,3143
1710,4,48,4659,4661,6278,2,1619
1370,6,48,3732,3734,6281,2,2549
2247,1,48,6124,6267,6284,143,160
1715,3,48,4672,4674,6287,2,1615
2251,5,48,6135,6279,6290,144,155
1156,2,48,3148,3464,6293,316,3145
1716,4,48,4675,4677,6296,2,1621
1376,6,48,3749,3750,6299,1,2550
2253,1,48,6140,6285,6302,145,162
1721,3,48,4689,4691,6305,2,1616
2257,5,48,6151,6297,6308,146,157
1162,2,48,3165,3470,6311,305,3146
1722,4,48,4692,4693,6314,1,1622
1382,6,48,3765,3766,6317,1,2552
2259,1,48,6156,6303,6320,147,164
1727,3,48,4705,4707,6323,2,1618
2263,5,48,6167,6315,6326,148,159
1168,2,48,3181,3476,6329,295,3148
1728,4,48,4708,4710,6332,2,1624
1388,6,48,3781,3783,6335,2,2554
2265,1,48,6173,6321,6338,148,165
1733,3,48,4721,4725,6341,4,1620
2269,5,48,6184,6333,6344,149,160
1174,2,48,3198,3482,6347,284,3149
1734,4,48,4724,4728,6350,4,1626
1394,6,48,3798,3800,6353,2,2555
2271,1,48,6189,6339,6356,150,167
1739,3,48,4738,4743,6359,5,1621
2275,5,48,6200,6351,6362,151,162
1180,2,48,3214,3488,6365,274,3151
1740,4,48,4741,4746,6368,5,1627
1400,6,48,3814,3816,6371,2,2557
2277,1,48,6205,6357,6374,152,169
1745,3,48,4754,4761,6377,7,1623
2281,5,48,6216,6369,6380,153,164
1186,2,48,3230,3494,6383,264,3153
1746,4,48,4757,4764,6386,7,1629
1406,6,48,3830,3831,6389,1,2559
2283,1,48,6222,6375,6392,153,170
1751,3,48,4770,4779,6395,9,1625
2287,5,48,6233,6387,6398,154,165
1192,2,48,3247,3500,6401,253,3154
1752,4,48,4773,4782,6404,9,1631
1412,6,48,3847,3849,6407,2,2560
2289,1,48,6238,6393,6410,155,172
1757,3,48,4787,4797,6413,10,1626
2293,5,48,6249,6405,6416,156,167
1198,2,48,3263,3506,6419,243,3156
1758,4,48,4790,4800,6422,10,1632
1418,6,48,3863,3864,6425,1,2562
2295,1,48,6255,6411,6428,156,173
1763,3,48,4803,4815,6431,12,1628
2299,5,48,6266,6423,6434,157,168
1204,2,48,3279,3512,6437,233,3158
1764,4,48,4806,4818,6440,12,1634
1424,6,48,3879,3880,6443,1,2564
2301,1,48,6271,6429,6446,158,175
1769,3,48,4820,4833,6449,13,1629
2305,5,48,6282,6441,6452,159,170
1210,2,48,3296,3518,6455,222,3159
1770,4,48,4823,4836,6458,13,1635
1430,6,48,3896,3897,6461,1,2565
2307,1,48,6287,6447,6464,160,177
1775,3,48,4836,4851,6467,15,1631
2311,5,48,6298,6459,6470,161,172
1216,2,48,3312,3524,6473,212,3161
1776,4,48,4839,4854,6476,15,1637
1436,6,48,3912,3914,6479,2,2567
2313,1,48,6304,6465,6482,161,178
1781,3,48,4852,4869,6485,17,1633
2317,5,48,6315,6477,6488,162,173
1222,2,48,3328,3530,6491,202,3163
1782,4,48,4855,4872,6494,17,1639
1442,6,48,3929,3930,6497,1,2568
2319,1,48,6320,6483,6500,163,180
1787,3,48,4869,4887,6503,18,1634
2323,5,48,6331,6495,6506,164,175
1228,2,48,3345,3536,6509,191,3164
1788,4,48,4872,4890,6512,18,1640
1448,6,48,3945,3946,6515,1,2570
2325,1,48,6336,6501,6518,165,182
1793,3,48,4885,4905,6521,20,1636
2329,5,48,6347,6513,6524,166,177
1234,2,48,3361,3542,6527,181,3166
1794,4,48,4888,4908,6530,20,1642
1454,6,48,3961,3963,6533,2,2572
2331,1,48,6353,6519,6536,166,183
1799,3,48,4901,4923,6539,22,1638
2335,5,48,6364,6531,6542,167,178
1240,2,48,3378,3548,6545,170,3167
1800,4,48,4904,4926,6548,22,1644
1460,6,48,3978,3980,6551,2,2573
2337,1,48,6369,6537,6554,168,185
1805,3,48,4918,4941,6557,23,1639
2341,5,48,6380,6549,6560,169,180
1246,2,48,3394,3554,6563,160,3169
1806,4,48,4921,4944,6566,23,1645
1466,6,48,3994,3996,6569,2,2575
2343,1,48,6385,6555,6572,170,187
1811,3,48,4934,4959,6575,25,1641
2347,5,48,6396,6567,6578,171,182
1252,2,48,3410,3560,6581,150,3171
1812,4,48,4937,4962,6584,25,1647
1472,6,48,4010,4011,6587,1,2577
2349,1,48,6402,6573,6590,171,188
1817,3,48,4950,4977,6593,27,1643
2353,5,48,6413,6585,6596,172,183
1258,2,48,3427,3566,6599,139,3172
1818,4,48,4953,4980,6602,27,1649
1478,6,48,4027,4029,6605,2,2578
2355,1,48,6418,6591,6608,173,190
1823,3,48,4967,4995,6611,28,1644
2359,5,48,6429,6603,6614,174,185
1264,2,48,3443,3572,6617,129,3174
1824,4,48,4970,4998,6620,28,1650
1484,6,48,4043,4044,6623,1,2580
2361,1,48,6435,6609,6626,174,191
1829,3,48,4983,5013,6629,30,1646
2365,5,48,6446,6621,6632,175,186
1270,2,48,3459,3578,6635,119,3176
1830,4,48,4986,5016,6638,30,1652
1490,6,48,4059,4060,6641,1,2582
2367,1,48,6451,6627,6644,176,193
1835,3,48,5000,5031,6647,31,1647
2371,5,48,6462,6639,6650,177,188
1276,2,48,3476,3584,6653,108,3177
1836,4,48,5003,5034,6656,31,1653
1496,6,48,4076,4077,6659,1,2583
2373,1,48,6467,6645,6662,178,195
1841,3,48,5016,5049,6665,33,1649
2377,5,48,6478,6657,6668,179,190
1282,2,48,3492,3590,6671,98,3179
1842,4,48,5019,5052,6674,33,1655
1502,6,48,4092,4094,6677,2,2585
2379,1,48,6484,6663,6680,179,196
1847,3,48,5032,5067,6683,35,1651
2383,5,48,6495,6675,6686,180,191
1288,2,48,3508,3596,6689,88,3181
1848,4,48,5035,5070,6692,35,1657
1508,6,48,4109,4110,6695,1,2586
2385,1,48,6500,6681,6698,181,198
1853,3,48,5049,5085,6701,36,1652
2389,5,48,6511,6693,6704,182,193
1294,2,48,3525,3602,6707,77,3182
1854,4,48,5052,5088,6710,36,1658
1514,6,48,4125,4126,6713,1,2588
2391,1,48,6516,6699,6716,183,200
1859,3,48,5065,5103,6719,38,1654
2395,5,48,6527,6711,6722,184,195
1300,2,48,3541,3608,6725,67,3184
1860,4,48,5068,5106,6728,38,1660
1520,6,48,4141,4143,6731,2,2590
2397,1,48,6533,6717,6734,184,201
1865,3,48,5081,5121,6737,40,1656
2401,5,48,6544,6729,6740,185,196
1306,2,48,3558,3614,6743,56,3185
1866,4,48,5084,5124,6746,40,1662
1526,6,48,4158,4160,6749,2,2591
2403,1,48,6549,6735,6752,186,203
1871,3,48,5098,5139,6755,41,1657
2407,5,48,6560,6747,6758,187,198
1312,2,48,3574,3620,6761,46,3187
1872,4,48,5101,5142,6764,41,1663
1532,6,48,4174,4176,6767,2,2593
2409,1,48,6565,6753,6770,188,205
1877,3,48,5114,5157,6773,43,1659
2413,5,48,6576,6765,6776,189,200
1318,2,48,3590,3626,6779,36,3189
1878,4,48,5117,5160,6782,43,1665
1538,6,48,4190,4191,6785,1,2595
2415,1,48,6582,6771,6788,189,206
1883,3,48,5130,5175,6791,45,1661
2419,5,48,6593,6783,6794,190,201
1324,2,48,3607,3632,6797,25,3190
1884,4,48,5133,5178,6800,45,1667
1544,6,48,4207,4209,6803,2,2596
2421,1,48,6598,6789,6806,191,208
1889,3,48,5147,5193,6809,46,1662
2425,5,48,6609,6801,6812,192,203
1330,2,48,3623,3638,6815,15,3192
1890,4,48,5150,5196,6818,46,1668
1550,6,48,4223,4224,6821,1,2598
2427,1,48,6615,6807,6824,192,209
1895,3,48,5163,5211,6827,48,1664
2431,5,48,6626,6819,6830,193,204
1336,2,48,3639,3644,6833,5,3194
1896,4,48,5166,5214,6836,48,1670
1556,6,48,4239,4240,6839,1,2600
2433,1,48,6631,6825,6842,194,211
1901,3,48,5180,5229,6845,49,1665
2437,5,48,6642,6837,6848,195,206
1342,2,48,3656,3657,6851,1,3195
1902,4,48,5183,5232,6854,49,1671
1562,6,48,4256,4257,6857,1,2601
2439,1,48,6647,6843,6860,196,213
1907,3,48,5196,5247,6863,51,1667
2443,5,48,6658,6855,6866,197,208
1348,2,48,3672,3674,6869,2,3197
1908,4,48,5199,5250,6872,51,1673
1568,6,48,4272,4274,6875,2,2603
2445,1,48,6664,6861,6878,197,214
1913,3,48,5212,5265,6881,53,1669
2449,5,48,6675,6873,6884,198,209
1354,2,48,3688,3690,6887,2,3199
1914,4,48,5215,5268,6890,53,1675
1574,6,48,4289,4290,6893,1,2604
2451,1,48,6680,6879,6896,199,216
1919,3,48,5229,5283,6899,54,1670
2455,5,48,6691,6891,6902,200,211
1360,2,48,3705,3706,6905,1,3200
1920,4,48,5232,5286,6908,54,1676
1580,6,48,4305,4306,6911,1,2606
2457,1,48,6696,6897,6914,201,218
1925,3,48,5245,5301,6917,56,1672
2461,5,48,6707,6909,6920,202,213
1366,2,48,3721,3722,6923,1,3202
1926,4,48,5248,5304,6926,56,1678
1586,6,48,4321,4323,6929,2,2608
2463,1,48,6713,6915,6932,202,219
1931,3,48,5261,5319,6935,58,1674
2467,5,48,6724,6927,6938,203,214
1372,2,48,3738,3739,6941,1,3203
1932,4,48,5264,5322,6944,58,1680
1592,6,48,4338,4340,6947,2,2609
2469,1,48,6729,6933,6950,204,221
1937,3,48,5278,5337,6953,59,1675
2473,5,48,6740,6945,6956,205,216
1378,2,48,3754,3756,6959,2,3205
1938,4,48,5281,5340,6962,59,1681
1598,6,48,4354,4356,6965,2,2611
2475,1,48,6745,6951,6968,206,223
1943,3,48,5294,5355,6971,61,1677
2479,5,48,6756,6963,6974,207,218
1384,2,48,3770,3771,6977,1,3207
1944,4,48,5297,5358,6980,61,1683
1604,6,48,4370,4371,6983,1,2613
2481,1,48,6762,6969,6986,207,224
1949,3,48,5310,5373,6989,63,1679
2485,5,48,6773,6981,6992,208,219
1390,2,48,3787,3788,6995,1,3208
1950,4,48,5313,5376,6998,63,1685
1610,6,48,4387,4389,7001,2,2614
2487,1,48,6778,6987,7004,209,226
1955,3,48,5327,5391,7007,64,1680
2491,5,48,6789,6999,7010,210,221
1396,2,48,3803,3804,7013,1,3210
1956,4,48,5330,5394,7016,64,1686
1616,6,48,4403,4404,7019,1,2616
2493,1,48,6795,7005,7022,210,227
1961,3,48,5343,5409,7025,66,1682
2497,5,48,6806,7017,7028,211,222
1402,2,48,3819,3821,7031,2,3212
1962,4,48,5346,5412,7034,66,1688
1622,6,48,4419,4420,7037,1,2618
2499,1,48,6811,7023,7040,212,229
1967,3,48,5360,5427,7043,67,1683
2503,5,48,6822,7035,7046,213,224
1408,2,48,3836,3837,7049,1,3213
1968,4,48,5363,5430,7052,67,1689
1628,6,48,4436,4437,7055,1,2619
2505,1,48,6827,7041,7058,214,231
1973,3,48,5376,5445,7061,69,1685
2509,5,48,6838,7053,7064,215,226
1414,2,48,3852,3853,7067,1,3215
1974,4,48,5379,5448,7070,69,1691
1634,6,48,4452,4454,7073,2,2621
2511,1,48,6844,7059,7076,215,232
1979,3,48,5392,5463,7079,71,1687
2515,5,48,6855,7071,7082,216,227
1420,2,48,3868,3870,7085,2,3217
1980,4,48,5395,5466,7088,71,1693
1640,6,48,4469,4470,7091,1,2622
2517,1,48,6860,7077,7094,217,234
1985,3,48,5409,5481,7097,72,1688
2521,5,48,6871,7089,7100,218,229
1426,2,48,3885,3886,7103,1,3218
1986,4,48,5412,5484,7106,72,1694
1646,6,48,4485,4486,7109,1,2624
2523,1,48,6876,7095,7112,219,236
1991,3,48,5425,5499,7115,74,1690
2527,5,48,6887,7107,7118,220,231
1432,2,48,3901,3902,7121,1,3220
1992,4,48,5428,5502,7124,74,1696
1652,6,48,4501,4503,7127,2,2626
2529,1,48,6893,7113,7130,220,237
1997,3,48,5441,5517,7133,76,1692
2533,5,48,6904,7125,7136,221,232
1438,2,48,3918,3919,7139,1,3221
1998,4,48,5444,5520,7142,76,1698
1658,6,48,4518,4520,7145,2,2627
2535,1,48,6909,7131,7148,222,239
2003,3,48,5458,5535,7151,77,1693
2539,5,48,6920,7143,7154,223,234
1444,2,48,3934,3936,7157,2,3223
2004,4,48,5461,5538,7160,77,1699
1664,6,48,4534,4536,7163,2,2629
2541,1,48,6925,7149,7166,224,241
2009,3,48,5474,5553,7169,79,1695
2545,5,48,6936,7161,7172,225,236
1450,2,48,3950,3951,7175,1,3225
2010,4,48,5477,5556,7178,79,1701
1670,6,48,4550,4551,7181,1,2631
2547,1,48,6942,7167,7184,225,242
2015,3,48,5490,5571,7187,81,1697
2551,5,48,6953,7179,7190,226,237
1456,2,48,3967,3968,7193,1,3226
2016,4,48,5493,5574,7196,81,1703
1676,6,48,4567,4569,7199,2,2632
2553,1,48,6958,7185,7202,227,244
2021,3,48,5507,5589,7205,82,1698
2557,5,48,6969,7197,7208,228,239
1462,2,48,3983,3984,7211,1,3228
2022,4,48,5510,5592,7214,82,1704
1682,6,48,4583,4584,7217,1,2634
2559,1,48,6975,7203,7220,228,245
2027,3,48,5523,5607,7223,84,1700
2563,5,48,6986,7215,7226,229,240
1468,2,48,3999,4001,7229,2,3230
2028,4,48,5526,5610,7232,84,1706
1688,6,48,4599,4600,7235,1,2636
2565,1,48,6991,7221,7238,230,247
2033,3,48,5540,5625,7241,85,1701
2569,5,48,7002,7233,7244,231,242
1474,2,48,4016,4017,7247,1,3231
2034,4,48,5543,5628,7250,85,1707
1694,6,48,4616,4617,7253,1,2637
2571,1,48,7007,7239,7256,232,249
2039,3,48,5556,5643,7259,87,1703
2575,5,48,7018,7251,7262,233,244
1480,2,48,4032,4033,7265,1,3233
2040,4,48,5559,5646,7268,87,1709
1700,6,48,4632,4634,7271,2,2639
2577,1,48,7024,7257,7274,233,250
2045,3,48,5572,5661,7277,89,1705
2581,5,48,7035,7269,7280,234,245
1486,2,48,4048,4050,7283,2,3235
2046,4,48,5575,5664,7286,89,1711
1706,6,48,4649,4650,7289,1,2640
2583,1,48,7040,7275,7292,235,252
2051,3,48,5589,5679,7295,90,1706
2587,5,48,7051,7287,7298,236,247
1492,2,48,4065,4066,7301,1,3236
2052,4,48,5592,5682,7304,90,1712
1712,6,48,4665,4666,7307,1,2642
2589,1,48,7056,7293,7310,237,254
2057,3,48,5605,5697,7313,92,1708
2593,5,48,7067,7305,7316,238,249
1498,2,48,4081,4082,7319,1,3238
2058,4,48,5608,5700,7322,92,1714
1718,6,48,4681,4683,7325,2,2644
2595,1,48,7073,7311,7328,238,255
2063,3,48,5621,5715,7331,94,1710
2599,5,48,7084,7323,7334,239,250
1504,2,48,4098,4099,7337,1,3239
2064,4,48,5624,5718,7340,94,1716
1724,6,48,4698,4700,7343,2,2645
2601,1,48,7089,7329,7346,240,257
2069,3,48,5638,5733,7349,95,1711
2605,5,48,7100,7341,7352,241,252
1510,2,48,4114,4116,7355,2,3241
2070,4,48,5641,5736,7358,95,1717
1730,6,48,4714,4716,7361,2,2647
2607,1,48,7105,7347,7364,242,259
2075,3,48,5654,5751,7367,97,1713
2611,5,48,7116,7359,7370,243,254
1516,2,48,4130,4131,7373,1,3243
2076,4,48,5657,5754,7376,97,1719
1736,6,48,4730,4734,7379,4,2649
2613,1,48,7122,7365,7382,243,260
2081,3,48,5670,5769,7385,99,1715
2617,5,48,7133,7377,7388,244,255
1522,2,48,4147,4148,7391,1,3244
2082,4,48,5673,5772,7394,99,1721
1742,6,48,4747,4752,7397,5,2650
2619,1,48,7138,7383,7400,245,262
2087,3,48,5687,5787,7403,100,1716
2623,5,48,7149,7395,7406,246,257
1528,2,48,4163,4164,7409,1,3246
2088,4,48,5690,5790,7412,100,1722
1748,6,48,4763,4770,7415,7,2652
2625,1,48,7155,7401,7418,246,263
2093,3,48,5703,5805,7421,102,1718
2629,5,48,7166,7413,7424,247,258
1534,2,48,4179,4181,7427,2,3248
2094,4,48,5706,5808,7430,102,1724
1754,6,48,4779,4788,7433,9,2654
2631,1,48,7171,7419,7436,248,265
2099,3,48,5720,5823,7439,103,1719
2635,5,48,7182,7431,7442,249,260
1540,2,48,4196,4197,7445,1,3249
2100,4,48,5723,5826,7448,103,1725
1760,6,48,4796,4806,7451,10,2655
2637,1,48,7187,7437,7454,250,267
2105,3,48,5736,5841,7457,105,1721
2641,5,48,7198,7449,7460,251,262
1546,2,48,4212,4213,7463,1,3251
2106,4,48,5739,5844,7466,105,1727
1766,6,48,4812,4824,7469,12,2657
2643,1,48,7204,7455,7472,251,268
2111,3,48,5752,5859,7475,107,1723
2647,5,48,7215,7467,7478,252,263
1552,2,48,4228,4230,7481,2,3253
2112,4,48,5755,5862,7484,107,1729
1772,6,48,4829,4842,7487,13,2658
2649,1,48,7220,7473,7490,253,270
2117,3,48,5769,5877,7493,108,1724
2653,5,48,7231,7485,7496,254,265
1558,2,48,4245,4246,7499,1,3254
2118,4,48,5772,5880,7502,108,1730
1778,6,48,4845,4860,7505,15,2660
2655,1,48,7236,7491,7508,255,272
2123,3,48,5785,5895,7511,110,1726
2659,5,48,7247,7503,7514,256,267
1564,2,48,4261,4262,7517,1,3256
2124,4,48,5788,5898,7520,110,1732
1784,6,48,4861,4878,7523,17,2662
2661,1,48,7253,7509,7526,256,273
2129,3,48,5801,5913,7529,112,1728
2665,5,48,7264,7521,7532,257,268
1570,2,48,4278,4279,7535,1,3257
2130,4,48,5804,5916,7538,112,1734
1790,6,48,4878,4896,7541,18,2663
2667,1,48,7269,7527,7544,258,275
2135,3,48,5818,5931,7547,113,1729
2671,5,48,7280,7539,7550,259,270
1576,2,48,4294,4296,7553,2,3259
2136,4,48,5821,5934,7556,113,1735
1796,6,48,4894,4914,7559,20,2665
2673,1,48,7285,7545,7562,260,277
2141,3,48,5834,5949,7565,115,1731
2677,5,48,7296,7557,7568,261,272
1582,2,48,4310,4311,7571,1,3261
2142,4,48,5837,5952,7574,115,1737
1802,6,48,4910,4932,7577,22,2667
2679,1,48,7302,7563,7580,261,278
2147,3,48,5850,5967,7583,117,1733
2683,5,48,7313,7575,7586,262,273
1588,2,48,4327,4328,7589,1,3262
2148,4,48,5853,5970,7592,117,1739
1808,6,48,4927,4950,7595,23,2668
2685,1,48,7318,7581,7598,263,280
2153,3,48,5867,5985,7601,118,1734
2689,5,48,7329,7593,7604,264,275
1594,2,48,4343,4344,7607,1,3264
2154,4,48,5870,5988,7610,118,1740
1814,6,48,4943,4968,7613,25,2670
2691,1,48,7335,7599,7616,264,281
2159,3,48,5883,6003,7619,120,1736
2695,5,48,7346,7611,7622,265,276
1600,2,48,4359,4361,7625,2,3266
2160,4,48,5886,6006,7628,120,1742
1820,6,48,4959,4986,7631,27,2672
2697,1,48,7351,7617,7634,266,283
2165,3,48,5900,6021,7637,121,1737
2701,5,48,7362,7629,7640,267,278
1606,2,48,4376,4377,7643,1,3267
2166,4,48,5903,6024,7646,121,1743
1826,6,48,4976,5004,7649,28,2673
2703,1,48,7367,7635,7652,268,285
2171,3,48,5916,6039,7655,123,1739
2707,5,48,7378,7647,7658,269,280
1612,2,48,4392,4393,7661,1,3269
2172,4,48,5919,6042,7664,123,1745
1832,6,48,4992,5022,7667,30,2675
2709,1,48,7384,7653,7670,269,286
2177,3,48,5932,6057,7673,125,1741
2713,5,48,7395,7665,7676,270,281
1618,2,48,4408,4410,7679,2,3271
2178,4,48,5935,6060,7682,125,1747
1838,6,48,5009,5040,7685,31,2676
2715,1,48,7400,7671,7688,271,288
2183,3,48,5949,6075,7691,126,1742
2719,5,48,7411,7683,7694,272,283
1624,2,48,4425,4426,7697,1,3272
2184,4,48,5952,6078,7700,126,1748
1844,6,48,5025,5058,7703,33,2678
2721,1,48,7416,7689,7706,273,290
2189,3,48,5965,6093,7709,128,1744
2725,5,48,7427,7701,7712,274,285
1630,2,48,4441,4442,7715,1,3274
2190,4,48,5968,6096,7718,128,1750
1850,6,48,5041,5076,7721,35,2680
2727,1,48,7433,7707,7724,274,291
2195,3,48,5981,6111,7727,130,1746
2731,5,48,7444,7719,7730,275,286
1636,2,48,4458,4459,7733,1,3275
2196,4,48,5984,6114,7736,130,1752
1856,6,48,5058,5094,7739,36,2681
2733,1,48,7449,7725,7742,276,293
2201,3,48,5998,6129,7745,131,1747
2737,5,48,7460,7737,7748,277,288
1642,2,48,4474,4476,7751,2,3277
2202,4,48,6001,6132,7754,131,1753
1862,6,48,5074,5112,7757,38,2683
2739,1,48,7465,7743,7760,278,295
2207,3,48,6014,6147,7763,133,1749
2743,5,48,7476,7755,7766,279,290
1648,2,48,4490,4491,7769,1,3279
2208,4,48,6017,6150,7772,133,1755
1868,6,48,5090,5130,7775,40,2685
2745,1,48,7482,7761,7778,279,296
2213,3,48,6030,6165,7781,135,1751
2749,5,48,7493,7773,7784,280,291
1654,2,48,4507,4508,7787,1,3280
2214,4,48,6033,6168,7790,135,1757
1874,6,48,5107,5148,7793,41,2686
2751,1,48,7498,7779,7796,281,298
2219,3,48,6047,6183,7799,136,1752
2755,5,48,7509,7791,7802,282,293
1660,2,48,4523,4524,7805,1,3282
2220,4,48,6050,6186,7808,136,1758
1880,6,48,5123,5166,7811,43,2688
2757,1,48,7515,7797,7814,282,299
2225,3,48,6063,6201,7817,138,1754
2761,5,48,7526,7809,7820,283,294
1666,2,48,4539,4541,7823,2,3284
2226,4,48,6066,6204,7826,138,1760
1886,6,48,5139,5184,7829,45,2690
2763,1,48,7531,7815,7832,284,301
2231,3,48,6080,6219,7835,139,1755
2767,5,48,7542,7827,7838,285,296
1672,2,48,4556,4557,7841,1,3285
2232,4,48,6083,6222,7844,139,1761
1892,6,48,5156,5202,7847,46,2691
2769,1,48,7547,7833,7850,286,303
2237,3,48,6096,6237,7853,141,1757
2773,5,48,7558,7845,7856,287,298
1678,2,48,4572,4573,7859,1,3287
2238,4,48,6099,6240,7862,141,1763
1898,6,48,5172,5220,7865,48,2693
2775,1,48,7564,7851,7868,287,304
2243,3,48,6112,6255,7871,143,1759
2779,5,48,7575,7863,7874,288,299
1684,2,48,4588,4590,7877,2,3289
2244,4,48,6115,6258,7880,143,1765
1904,6,48,5189,5238,7883,49,2694
2781,1,48,7580,7869,7886,289,306
2249,3,48,6129,6273,7889,144,1760
2785,5,48,7591,7881,7892,290,301
1690,2,48,4605,4606,7895,1,3290
2250,4,48,6132,6276,7898,144,1766
1910,6,48,5205,5256,7901,51,2696
2787,1,48,7596,7887,7904,291,308
2255,3,48,6145,6291,7907,146,1762
2791,5,48,7607,7899,7910,292,303
1696,2,48,4621,4622,7913,1,3292
2256,4,48,6148,6294,7916,146,1768
1916,6,48,5221,5274,7919,53,2698
2793,1,48,7613,7905,7922,292,309
2261,3,48,6161,6309,7925,148,1764
2797,5,48,7624,7917,7928,293,304
1702,2,48,4638,4639,7931,1,3293
2262,4,48,6164,6312,7934,148,1770
1922,6,48,5238,5292,7937,54,2699
2799,1,48,7629,7923,7940,294,311
2267,3,48,6178,6327,7943,149,1765
2803,5,48,7640,7935,7946,295,306
1708,2,48,4654,4656,7949,2,3295
2268,4,48,6181,6330,7952,149,1771
1928,6,48,5254,5310,7955,56,2701
2805,1,48,7645,7941,7958,296,313
2273,3,48,6194,6345,7961,151,1767
2809,5,48,7656,7953,7964,297,308
1714,2,48,4670,4671,7967,1,3297
2274,4,48,6197,6348,7970,151,1773
1934,6,48,5270,5328,7973,58,2703
2811,1,48,7662,7959,7976,297,314
2279,3,48,6210,6363,7979,153,1769
2815,5,48,7673,7971,7982,298,309
1720,2,48,4687,4688,7985,1,3298
2280,4,48,6213,6366,7988,153,1775
1940,6,48,5287,5346,7991,59,2704
2817,1,48,7678,7977,7994,299,316
2285,3,48,6227,6381,7997,154,1770
2821,5,48,7689,7989,8000,300,311
1726,2,48,4703,4704,8003,1,3300
2286,4,48,6230,6384,8006,154,1776
1946,6,48,5303,5364,8009,61,2706
2823,1,48,7695,7995,8012,300,317
2291,3,48,6243,6399,8015,156,1772
2827,5,48,7706,8007,8018,301,312
1732,2,48,4719,4722,8021,3,3302
2292,4,48,6246,6402,8024,156,1778
1952,6,48,5319,5382,8027,63,2708
2829,1,48,7711,8013,8030,302,319
2297,3,48,6260,6417,8033,157,1773
2833,5,48,7722,8025,8036,303,314
1738,2,48,4736,4740,8039,4,3303
2298,4,48,6263,6420,8042,157,1779
1958,6,48,5336,5400,8045,64,2709
2835,1,48,7727,8031,8048,304,321
2303,3,48,6276,6435,8051,159,1775
2839,5,48,7738,8043,8054,305,316
1744,2,48,4752,4758,8057,6,3305
2304,4,48,6279,6438,8060,159,1781
1964,6,48,5352,5418,8063,66,2711
2841,1,48,7744,8049,8066,305,322
2309,3,48,6292,6453,8069,161,1777
2845,5,48,7755,8061,8072,306,317
1750,2,48,4768,4776,8075,8,3307
2310,4,48,6295,6456,8078,161,1783
1970,6,48,5369,5436,8081,67,2712
2847,1,48,7760,8067,8084,307,324
2315,3,48,6309,6471,8087,162,1778
2851,5,48,7771,8079,8090,308,319
1756,2,48,4785,4794,8093,9,3308
2316,4,48,6312,6474,8096,162,1784
1976,6,48,5385,5454,8099,69,2714
2853,1,48,7776,8085,8102,309,326
2321,3,48,6325,6489,8105,164,1780
2857,5,48,7787,8097,8108,310,321
1762,2,48,4801,4812,8111,11,3310
2322,4,48,6328,6492,8114,164,1786
1982,6,48,5401,5472,8117,71,2716
2859,1,48,7793,8103,8120,310,327
2327,3,48,6341,6507,8123,166,1782
2863,5,48,7804,8115,8126,311,322
1768,2,48,4818,4830,8129,12,3311
2328,4,48,6344,6510,8132,166,1788
1988,6,48,5418,5490,8135,72,2717
2865,1,48,7809,8121,8138,312,329
2333,3,48,6358,6525,8141,167,1783
2869,5,48,7820,8133,8144,313,324
1774,2,48,4834,4848,8147,14,3313
2334,4,48,6361,6528,8150,167,1789
1994,6,48,5434,5508,8153,74,2719
2871,1,48,7825,8139,8156,314,331
2339,3,48,6374,6543,8159,169,1785
2875,5,48,7836,8151,8162,315,326
1780,2,48,4850,4866,8165,16,3315
2340,4,48,6377,6546,8168,169,1791
2000,6,48,5450,5526,8171,76,2721
2877,1,48,7842,8157,8174,315,332
2345,3,48,6390,6561,8177,171,1787
2881,5,48,7853,8169,8180,316,327
1786,2,48,4867,4884,8183,17,3316
2346,4,48,6393,6564,8186,171,1793
2006,6,48,5467,5544,8189,77,2722
2883,1,48,7858,8175,8192,317,334
2351,3,48,6407,6579,8195,172,1788
2887,5,48,7869,8187,8198,318,329
1792,2,48,4883,4902,8201,19,3318
2352,4,48,6410,6582,8204,172,1794
2012,6,48,5483,5562,8207,79,2724
2889,1,48,7875,8193,8210,318,335
2357,3,48,6423,6597,8213,174,1790
2893,5,48,7886,8205,8216,319,330
1798,2,48,4899,4920,8219,21,3320
2358,4,48,6426,6600,8222,174,1796
2018,6,48,5499,5580,8225,81,2726
2895,1,48,7891,8211,8228,320,337
2363,3,48,6440,6615,8231,175,1791
2899,5,48,7902,8223,8234,321,332
1804,2,48,4916,4938,8237,22,3321
2364,4,48,6443,6618,8240,175,1797
2024,6,48,5516,5598,8243,82,2727
2901,1,48,7907,8229,8246,322,339
2369,3,48,6456,6633,8249,177,1793
2905,5,48,7918,8241,8252,323,334
1810,2,48,4932,4956,8255,24,3323
2370,4,48,6459,6636,8258,177,1799
2030,6,48,5532,5616,8261,84,2729
2907,1,48,7924,8247,8264,323,340
2375,3,48,6472,6651,8267,179,1795
2911,5,48,7935,8259,8270,324,335
1816,2,48,4948,4974,8273,26,3325
2376,4,48,6475,6654,8276,179,1801
2036,6,48,5549,5634,8279,85,2730
2913,1,48,7940,8265,8282,325,342
2381,3,48,6489,6669,8285,180,1796
2917,5,48,7951,8277,8288,326,337
1822,2,48,4965,4992,8291,27,3326
2382,4,48,6492,6672,8294,180,1802
2042,6,48,5565,5652,8297,87,2732
2919,1,48,7956,8283,8300,327,344
2387,3,48,6505,6687,8303,182,1798
2923,5,48,7967,8295,8306,328,339
1828,2,48,4981,5010,8309,29,3328
2388,4,48,6508,6690,8312,182,1804
2048,6,48,5581,5670,8315,89,2734
2925,1,48,7973,8301,8318,328,345
2393,3,48,6521,6705,8321,184,1800
2929,5,48,7984,8313,8324,329,340
1834,2,48,4998,5028,8327,30,3329
2394,4,48,6524,6708,8330,184,1806
2054,6,48,5598,5688,8333,90,2735
2931,1,48,7989,8319,8336,330,347
2399,3,48,6538,6723,8339,185,1801
2935,5,48,8000,8331,8342,331,342
1840,2,48,5014,5046,8345,32,3331
2400,4,48,6541,6726,8348,185,1807
2060,6,48,5614,5706,8351,92,2737
2937,1,48,8005,8337,8354,332,349
2405,3,48,6554,6741,8357,187,1803
2941,5,48,8016,8349,8360,333,344
1846,2,48,5030,5064,8363,34,3333
2406,4,48,6557,6744,8366,187,1809
2066,6,48,5630,5724,8369,94,2739
2943,1,48,8022,8355,8372,333,350
2411,3,48,6570,6759,8375,189,1805
2947,5,48,8033,8367,8378,334,345
1852,2,48,5047,5082,8381,35,3334
2412,4,48,6573,6762,8384,189,1811
2072,6,48,5647,5742,8387,95,2740
2949,1,48,8038,8373,8390,335,352
2417,3,48,6587,6777,8393,190,1806
2953,5,48,8049,8385,8396,336,347
1858,2,48,5063,5100,8399,37,3336
2418,4,48,6590,6780,8402,190,1812
2078,6,48,5663,5760,8405,97,2742
2955,1,48,8055,8391,8408,336,353
2423,3,48,6603,6795,8411,192,1808
2959,5,48,8066,8403,8414,337,348
1864,2,48,5079,5118,8417,39,3338
2424,4,48,6606,6798,8420,192,1814
2084,6,48,5679,5778,8423,99,2744
2961,1,48,8071,8409,8426,338,355
2429,3,48,6620,6813,8429,193,1809
2965,5,48,8082,8421,8432,339,350
1870,2,48,5096,5136,8435,40,3339
2430,4,48,6623,6816,8438,193,1815
2090,6,48,5696,5796,8441,100,2745
2967,1,48,8087,8427,8444,340,357
2435,3,48,6636,6831,8447,195,1811
2971,5,48,8098,8439,8450,341,352
1876,2,48,5112,5154,8453,42,3341
2436,4,48,6639,6834,8456,195,1817
2096,6,48,5712,5814,8459,102,2747
2973,1,48,8104,8445,8462,341,358
2441,3,48,6652,6849,8465,197,1813
2977,5,48,8115,8457,8468,342,353
1882,2,48,5128,5172,8471,44,3343
2442,4,48,6655,6852,8474,197,1819
2102,6,48,5729,5832,8477,103,2748
2979,1,48,8120,8463,8480,343,360
2447,3,48,6669,6867,8483,198,1814
2983,5,48,8131,8475,8486,344,355
1888,2,48,5145,5190,8489,45,3344
2448,4,48,6672,6870,8492,198,1820
2108,6,48,5745,5850,8495,105,2750
2985,1,48,8136,8481,8498,345,362
2453,3,48,6685,6885,8501,200,1816
2989,5,48,8147,8493,8504,346,357
1894,2,48,5161,5208,8507,47,3346
2454,4,48,6688,6888,8510,200,1822
2114,6,48,5761,5868,8513,107,2752
2991,1,48,8153,8499,8516,346,363
2459,3,48,6701,6903,8519,202,1818
2995,5,48,8164,8511,8522,347,358
1900,2,48,5178,5226,8525,48,3347
2460,4,48,6704,6906,8528,202,1824
2120,6,48,5778,5886,8531,108,2753
2997,1,48,8169,8517,8534,348,365
2465,3,48,6718,6921,8537,203,1819
3001,5,48,8180,8529,8540,349,360
1906,2,48,5194,5244,8543,50,3349
2466,4,48,6721,6924,8546,203,1825
2126,6,48,5794,5904,8549,110,2755
3003,1,48,8185,8535,8552,350,367
2471,3,48,6734,6939,8555,205,1821
3007,5,48,8196,8547,8558,351,362
1912,2,48,5210,5262,8561,52,3351
2472,4,48,6737,6942,8564,205,1827
2132,6,48,5810,5922,8567,112,2757
3009,1,48,8202,8553,8570,351,368
2477,3,48,6750,6957,8573,207,1823
3013,5,48,8213,8565,8576,352,363
1918,2,48,5227,5280,8579,53,3352
2478,4,48,6753,6960,8582,207,1829
2138,6,48,5827,5940,8585,113,2758
3015,1,48,8218,8571,8588,353,370
2483,3,48,6767,6975,8591,208,1824
3019,5,48,8229,8583,8594,354,365
1924,2,48,5243,5298,8597,55,3354
2484,4,48,6770,6978,8600,208,1830
2144,6,48,5843,5958,8603,115,2760
3021,1,48,8235,8589,8606,354,371
2489,3,48,6783,6993,8609,210,1826
3025,5,48,8246,8601,8612,355,366
1930,2,48,5259,5316,8615,57,3356
2490,4,48,6786,6996,8618,210,1832
2150,6,48,5859,5976,8621,117,2762
3027,1,48,8251,8607,8624,356,373
2495,3,48,6800,7011,8627,211,1827
3031,5,48,8262,8619,8630,357,368
1936,2,48,5276,5334,8633,58,3357
2496,4,48,6803,7014,8636,211,1833
2156,6,48,5876,5994,8639,118,2763
3033,1,48,8267,8625,8642,358,375
2501,3,48,6816,7029,8645,213,1829
3037,5,48,8278,8637,8648,359,370
1942,2,48,5292,5352,8651,60,3359
2502,4,48,6819,7032,8654,213,1835
2162,6,48,5892,6012,8657,120,2765
3039,1,48,8284,8643,8660,359,376
2507,3,48,6832,7047,8663,215,1831
3043,5,48,8295,8655,8666,360,371
1948,2,48,5308,5370,8669,62,3361
2508,4,48,6835,7050,8672,215,1837
2168,6,48,5909,6030,8675,121,2766
3045,1,48,8300,8661,8678,361,378
2513,3,48,6849,7065,8681,216,1832
3049,5,48,8311,8673,8684,362,373
1954,2,48,5325,5388,8687,63,3362
2514,4,48,6852,7068,8690,216,1838
2174,6,48,5925,6048,8693,123,2768
3051,1,48,8316,8679,8696,363,380
2519,3,48,6865,7083,8699,218,1834
3055,5,48,8327,8691,8702,364,375
1960,2,48,5341,5406,8705,65,3364
2520,4,48,6868,7086,8708,218,1840
2180,6,48,5941,6066,8711,125,2770
3057,1,48,8333,8697,8714,364,381
2525,3,48,6881,7101,8717,220,1836
3061,5,48,8344,8709,8720,365,376
1966,2,48,5358,5424,8723,66,3365
2526,4,48,6884,7104,8726,220,1842
2186,6,48,5958,6084,8729,126,2771
3063,1,48,8349,8715,8732,366,383
2531,3,48,6898,7119,8735,221,1837
3067,5,48,8360,8727,8738,367,378
1972,2,48,5374,5442,8741,68,3367
2532,4,48,6901,7122,8744,221,1843
2192,6,48,5974,6102,8747,128,2773
3069,1,48,8365,8733,8750,368,385
2537,3,48,6914,7137,8753,223,1839
3073,5,48,8376,8745,8756,369,380
1978,2,48,5390,5460,8759,70,3369
2538,4,48,6917,7140,8762,223,1845
2198,6,48,5990,6120,8765,130,2775
3075,1,48,8382,8751,8768,369,386
2543,3,48,6930,7155,8771,225,1841
3079,5,48,8393,8763,8774,370,381
1984,2,48,5407,5478,8777,71,3370
2544,4,48,6933,7158,8780,225,1847
2204,6,48,6007,6138,8783,131,2776
3081,1,48,8398,8769,8786,371,388
2549,3,48,6947,7173,8789,226,1842
3085,5,48,8409,8781,8792,372,383
1990,2,48,5423,5496,8795,73,3372
2550,4,48,6950,7176,8798,226,1848
2210,6,48,6023,6156,8801,133,2778
3087,1,48,8415,8787,8804,372,389
2555,3,48,6963,7191,8807,228,1844
3091,5,48,8426,8799,8810,373,384
1996,2,48,5439,5514,8813,75,3374
2556,4,48,6966,7194,8816,228,1850
2216,6,48,6039,6174,8819,135,2780
3093,1,48,8431,8805,8822,374,391
2561,3,48,6980,7209,8825,229,1845
3097,5,48,8442,8817,8828,375,386
2002,2,48,5456,5532,8831,76,3375
2562,4,48,6983,7212,8834,229,1851
2222,6,48,6056,6192,8837,136,2781
3099,1,48,8447,8823,8840,376,393
2567,3,48,6996,7227,8843,231,1847
3103,5,48,8458,8835,8846,377,388
2008,2,48,5472,5550,8849,78,3377
2568,4,48,6999,7230,8852,231,1853
2228,6,48,6072,6210,8855,138,2783
3105,1,48,8464,8841,8858,377,394
2573,3,48,7012,7245,8861,233,1849
3109,5,48,8475,8853,8864,378,389
2014,2,48,5488,5568,8867,80,3379
2574,4,48,7015,7248,8870,233,1855
2234,6,48,6089,6228,8873,139,2784
3111,1,48,8480,8859,8876,379,396
2579,3,48,7029,7263,8879,234,1850
3115,5,48,8491,8871,8882,380,391
2020,2,48,5505,5586,8885,81,3380
2580,4,48,7032,7266,8888,234,1856
2240,6,48,6105,6246,8891,141,2786
3117,1,48,8496,8877,8894,381,398
2585,3,48,7045,7281,8897,236,1852
3121,5,48,8507,8889,8900,382,393
2026,2,48,5521,5604,8903,83,3382
2586,4,48,7048,7284,8906,236,1858
2246,6,48,6121,6264,8909,143,2788
3123,1,48,8513,8895,8912,382,399
2591,3,48,7061,7299,8915,238,1854
3127,5,48,8524,8907,8918,383,394
2032,2,48,5538,5622,8921,84,3383
2592,4,48,7064,7302,8924,238,1860
2252,6,48,6138,6282,8927,144,2789
3129,1,48,8529,8913,8930,384,401
2597,3,48,7078,7317,8933,239,1855
3133,5,48,8540,8925,8936,385,396
2038,2,48,5554,5640,8939,86,3385
2598,4,48,7081,7320,8942,239,1861
2258,6,48,6154,6300,8945,146,2791
3135,1,48,8545,8931,8948,386,403
2603,3,48,7094,7335,8951,241,1857
3139,5,48,8556,8943,8954,387,398
2044,2,48,5570,5658,8957,88,3387
2604,4,48,7097,7338,8960,241,1863
2264,6,48,6170,6318,8963,148,2793
3141,1,48,8562,8949,8966,387,404
2609,3,48,7110,7353,8969,243,1859
3145,5,48,8573,8961,8972,388,399
2050,2,48,5587,5676,8975,89,3388
2610,4,48,7113,7356,8978,243,1865
2270,6,48,6187,6336,8981,149,2794
3147,1,48,8578,8967,8984,389,406
2615,3,48,7127,7371,8987,244,1860
3151,5,48,8589,8979,8990,390,401
2056,2,48,5603,5694,8993,91,3390
2616,4,48,7130,7374,8996,244,1866
2276,6,48,6203,6354,8999,151,2796
3153,1,48,8595,8985,9002,390,407
2621,3,48,7143,7389,9005,246,1862
3157,5,48,8606,8997,9008,391,402
2062,2,48,5619,5712,9011,93,3392
2622,4,48,7146,7392,9014,246,1868
2282,6,48,6219,6372,9017,153,2798
3159,1,48,8611,9003,9020,392,409
2627,3,48,7160,7407,9023,247,1863
3163,5,48,8622,9015,9026,393,404
2068,2,48,5636,5730,9029,94,3393
2628,4,48,7163,7410,9032,247,1869
2288,6,48,6236,6390,9035,154,2799
3165,1,48,8627,9021,9038,394,411
2633,3,48,7176,7425,9041,249,1865
3169,5,48,8638,9033,9044,395,406
2074,2,48,5652,5748,9047,96,3395
2634,4,48,7179,7428,9050,249,1871
2294,6,48,6252,6408,9053,156,2801
3171,1,48,8644,9039,9056,395,412
2639,3,48,7192,7443,9059,251,1867
3175,5,48,8655,9051,9062,396,407
2080,2,48,5668,5766,9065,98,3397
2640,4,48,7195,7446,9068,251,1873
2300,6,48,6269,6426,9071,157,2802
3177,1,48,8660,9057,9074,397,414
2645,3,48,7209,7461,9077,252,1868
3181,5,48,8671,9069,9080,398,409
2086,2,48,5685,5784,9083,99,3398
2646,4,48,7212,7464,9086,252,1874
2306,6,48,6285,6444,9089,159,2804
3183,1,48,8676,9075,9092,399,416
2651,3,48,7225,7479,9095,254,1870
3187,5,48,8687,9087,9098,400,411
2092,2,48,5701,5802,9101,101,3400
2652,4,48,7228,7482,9104,254,1876
2312,6,48,6301,6462,9107,161,2806
3189,1,48,8693,9093,9110,400,417
2657,3,48,7241,7497,9113,256,1872
3193,5,48,8704,9105,9116,401,412
2098,2,48,5718,5820,9119,102,3401
2658,4,48,7244,7500,9122,256,1878
2318,6,48,6318,6480,9125,162,2807
3195,1,48,8709,9111,9128,402,419
2663,3,48,7258,7515,9131,257,1873
3199,5,48,8720,9123,9134,403,414
2104,2,48,5734,5838,9137,104,3403
2664,4,48,7261,7518,9140,257,1879
2324,6,48,6334,6498,9143,164,2809
3201,1,48,8725,9129,9146,404,421
2669,3,48,7274,7533,9149,259,1875
3205,5,48,8736,9141,9152,405,416
2110,2,48,5750,5856,9155,106,3405
2670,4,48,7277,7536,9158,259,1881
2330,6,48,6350,6516,9161,166,2811
3207,1,48,8742,9147,9164,405,422
2675,3,48,7290,7551,9167,261,1877
3211,5,48,8753,9159,9170,406,417
2116,2,48,5767,5874,9173,107,3406
2676,4,48,7293,7554,9176,261,1883
2336,6,48,6367,6534,9179,167,2812
3213,1,48,8758,9165,9182,407,424
2681,3,48,7307,7569,9185,262,1878
3217,5,48,8769,9177,9188,408,419
2122,2,48,5783,5892,9191,109,3408
2682,4,48,7310,7572,9194,262,1884
2342,6,48,6383,6552,9197,169,2814
3219,1,48,8775,9183,9200,408,425
2687,3,48,7323,7587,9203,264,1880
3223,5,48,8786,9195,9206,409,420
2128,2,48,5799,5910,9209,111,3410
2688,4,48,7326,7590,9212,264,1886
2348,6,48,6399,6570,9215,171,2816
3225,1,48,8791,9201,9218,410,427
2693,3,48,7340,7605,9221,265,1881
3229,5,48,8802,9213,9224,411,422
2134,2,48,5816,5928,9227,112,3411
2694,4,48,7343,7608,9230,265,1887
2354,6,48,6416,6588,9233,172,2817
3231,1,48,8807,9219,9236,412,429
2699,3,48,7356,7623,9239,267,1883
3235,5,48,8818,9231,9242,413,424
2140,2,48,5832,5946,9245,114,3413
2700,4,48,7359,7626,9248,267,1889
2360,6,48,6432,6606,9251,174,2819
3237,1,48,8824,9237,9254,413,430
2705,3,48,7372,7641,9257,269,1885
3241,5,48,8835,9249,9260,414,425
2146,2,48,5848,5964,9263,116,3415
2706,4,48,7375,7644,9266,269,1891
2366,6,48,6449,6624,9269,175,2820
3243,1,48,8840,9255,9272,415,432
2711,3,48,7389,7659,9275,270,1886
3247,5,48,8851,9267,9278,416,427
2152,2,48,5865,5982,9281,117,3416
2712,4,48,7392,7662,9284,270,1892
2372,6,48,6465,6642,9287,177,2822
3249,1,48,8856,9273,9290,417,434
2717,3,48,7405,7677,9293,272,1888
3253,5,48,8867,9285,9296,418,429
2158,2,48,5881,6000,9299,119,3418
2718,4,48,7408,7680,9302,272,1894
2378,6,48,6481,6660,9305,179,2824
3255,1,48,8873,9291,9308,418,435
2723,3,48,7421,7695,9311,274,1890
3259,5,48,8884,9303,9314,419,430
2164,2,48,5898,6018,9317,120,3419
2724,4,48,7424,7698,9320,274,1896
2384,6,48,6498,6678,9323,180,2825
3261,1,48,8889,9309,9326,420,437
2729,3,48,7438,7713,9329,275,1891
3265,5,48,8900,9321,9332,421,432
2170,2,48,5914,6036,9335,122,3421
2730,4,48,7441,7716,9338,275,1897
2390,6,48,6514,6696,9341,182,2827
3267,1,48,8905,9327,9344,422,439
2735,3,48,7454,7731,9347,277,1893
3271,5,48,8916,9339,9350,423,434
2176,2,48,5930,6054,9353,124,3423
2736,4,48,7457,7734,9356,277,1899
2396,6,48,6530,6714,9359,184,2829
3273,1,48,8922,9345,9362,423,440
2741,3,48,7470,7749,9365,279,1895
3277,5,48,8933,9357,9368,424,435
2182,2,48,5947,6072,9371,125,3424
2742,4,48,7473,7752,9374,279,1901
2402,6,48,6547,6732,9377,185,2830
3279,1,48,8938,9363,9380,425,442
2747,3,48,7487,7767,9383,280,1896
3283,5,48,8949,9375,9386,426,437
2188,2,48,5963,6090,9389,127,3426
2748,4,48,7490,7770,9392,280,1902
2408,6,48,6563,6750,9395,187,2832
3285,1,48,8955,9381,9398,426,443
2753,3,48,7503,7785,9401,282,1898
3289,5,48,8966,9393,9404,427,438
2194,2,48,5979,6108,9407,129,3428
2754,4,48,7506,7788,9410,282,1904
2414,6,48,6579,6768,9413,189,2834
3291,1,48,8971,9399,9416,428,445
2759,3,48,7520,7803,9419,283,1899
3295,5,48,8982,9411,9422,429,440
2200,2,48,5996,6126,9425,130,3429
2760,4,48,7523,7806,9428,283,1905
2420,6,48,6596,6786,9431,190,2835
3297,1,48,8987,9417,9434,430,447
2765,3,48,7536,7821,9437,285,1901
3301,5,48,8998,9429,9440,431,442
2206,2,48,6012,6144,9443,132,3431
2766,4,48,7539,7824,9446,285,1907
2426,6,48,6612,6804,9449,192,2837
3303,1,48,9004,9435,9452,431,448
2771,3,48,7552,7839,9455,287,1903
3307,5,48,9015,9447,9458,432,443
2212,2,48,6028,6162,9461,134,3433
2772,4,48,7555,7842,9464,287,1909
2432,6,48,6629,6822,9467,193,2838
3309,1,48,9020,9453,9470,433,450
2777,3,48,7569,7857,9473,288,1904
3313,5,48,9031,9465,9476,434,445
2218,2,48,6045,6180,9479,135,3434
2778,4,48,7572,7860,9482,288,1910
2438,6,48,6645,6840,9485,195,2840
3315,1,48,9036,9471,9488,435,452
2783,3,48,7585,7875,9491,290,1906
3319,5,48,9047,9483,9494,436,447
2224,2,48,6061,6198,9497,137,3436
2784,4,48,7588,7878,9500,290,1912
2444,6,48,6661,6858,9503,197,2842
3321,1,48,9053,9489,9506,436,453
2789,3,48,7601,7893,9509,292,1908
3325,5,48,9064,9501,9512,437,448
2230,2,48,6078,6216,9515,138,3437
2790,4,48,7604,7896,9518,292,1914
2450,6,48,6678,6876,9521,198,2843
3327,1,48,9069,9507,9524,438,455
2795,3,48,7618,7911,9527,293,1909
3331,5,48,9080,9519,9530,439,450
2236,2,48,6094,6234,9533,140,3439
2796,4,48,7621,7914,9536,293,1915
2456,6,48,6694,6894,9539,200,2845
3333,1,48,9085,9525,9542,440,457
2801,3,48,7634,7929,9545,295,1911
3337,5,48,9096,9537,9548,441,452
2242,2,48,6110,6252,9551,142,3441
2802,4,48,7637,7932,9554,295,1917
2462,6,48,6710,6912,9557,202,2847
3339,1,48,9102,9543,9560,441,458
2807,3,48,7650,7947,9563,297,1913
3343,5,48,9113,9555,9566,442,453
2248,2,48,6127,6270,9569,143,3442
2808,4,48,7653,7950,9572,297,1919
2468,6,48,6727,6930,9575,203,2848
3345,1,48,9118,9561,9578,443,460
2813,3,48,7667,7965,9581,298,1914
3349,5,48,9129,9573,9584,444,455
2254,2,48,6143,6288,9587,145,3444
2814,4,48,7670,7968,9590,298,1920
2474,6,48,6743,6948,9593,205,2850
3351,1,48,9135,9579,9596,444,461
2819,3,48,7683,7983,9599,300,1916
3355,5,48,9146,9591,9602,445,456
2260,2,48,6159,6306,9605,147,3446
2820,4,48,7686,7986,9608,300,1922
2480,6,48,6759,6966,9611,207,2852
3357,1,48,9151,9597,9614,446,463
2825,3,48,7700,8001,9617,301,1917
3361,5,48,9162,9609,9620,447,458
2266,2,48,6176,6324,9623,148,3447
2826,4,48,7703,8004,9626,301,1923
2486,6,48,6776,6984,9629,208,2853
3363,1,48,9167,9615,9632,448,465
2831,3,48,7716,8019,9635,303,1919
3367,5,48,9178,9627,9638,449,460
2272,2,48,6192,6342,9641,150,3449
2832,4,48,7719,8022,9644,303,1925
2492,6,48,6792,7002,9647,210,2855
3369,1,48,9184,9633,9650,449,466
2837,3,48,7732,8037,9653,305,1921
3373,5,48,9195,9645,9656,450,461
2278,2,48,6208,6360,9659,152,3451
2838,4,48,7735,8040,9662,305,1927
2498,6,48,6809,7020,9665,211,2856
3375,1,48,9200,9651,9668,451,468
2843,3,48,7749,8055,9671,306,1922
3379,5,48,9211,9663,9674,452,463
2284,2,48,6225,6378,9677,153,3452
2844,4,48,7752,8058,9680,306,1928
2504,6,48,6825,7038,9683,213,2858
3381,1,48,9216,9669,9686,453,470
2849,3,48,7765,8073,9689,308,1924
3385,5,48,9227,9681,9692,454,465
2290,2,48,6241,6396,9695,155,3454
2850,4,48,7768,8076,9698,308,1930
2510,6,48,6841,7056,9701,215,2860
3387,1,48,9233,9687,9704,454,471
2855,3,48,7781,8091,9707,310,1926
3391,5,48,9244,9699,9710,455,466
2296,2,48,6258,6414,9713,156,3455
2856,4,48,7784,8094,9716,310,1932
2516,6,48,6858,7074,9719,216,2861
3393,1,48,9249,9705,9722,456,473
2861,3,48,7798,8109,9725,311,1927
3397,5,48,9260,9717,9728,457,468
2302,2,48,6274,6432,9731,158,3457
2862,4,48,7801,8112,9734,311,1933
2522,6,48,6874,7092,9737,218,2863
3399,1,48,9265,9723,9740,458,475
2867,3,48,7814,8127,9743,313,1929
3403,5,48,9276,9735,9746,459,470
2308,2,48,6290,6450,9749,160,3459
2868,4,48,7817,8130,9752,313,1935
2528,6,48,6890,7110,9755,220,2865
3405,1,48,9282,9741,9758,459,476
2873,3,48,7830,8145,9761,315,1931
3409,5,48,9293,9753,9764,460,471
2314,2,48,6307,6468,9767,161,3460
2874,4,48,7833,8148,9770,315,1937
2534,6,48,6907,7128,9773,221,2866
3411,1,48,9298,9759,9776,461,478
2879,3,48,7847,8163,9779,316,1932
3415,5,48,9309,9771,9782,462,473
2320,2,48,6323,6486,9785,163,3462
2880,4,48,7850,8166,9788,316,1938
2540,6,48,6923,7146,9791,223,2868
3417,1,48,9315,9777,9794,462,479
2885,3,48,7863,8181,9797,318,1934
3421,5,48,9326,9789,9800,463,474
2326,2,48,6339,6504,9803,165,3464
2886,4,48,7866,8184,9806,318,1940
2546,6,48,6939,7164,9809,225,2870
3423,1,48,9331,9795,9812,464,481
2891,3,48,7880,8199,9815,319,1935
3427,5,48,9342,9807,9818,465,476
2332,2,48,6356,6522,9821,166,3465
2892,4,48,7883,8202,9824,319,1941
2552,6,48,6956,7182,9827,226,2871
3429,1,48,9347,9813,9830,466,483
2897,3,48,7896,8217,9833,321,1937
3433,5,48,9358,9825,9836,467,478
2338,2,48,6372,6540,9839,168,3467
2898,4,48,7899,8220,9842,321,1943
2558,6,48,6972,7200,9845,228,2873
3435,1,48,9364,9831,9848,467,484
2903,3,48,7912,8235,9851,323,1939
3439,5,48,9375,9843,9854,468,479
2344,2,48,6388,6558,9857,170,3469
2904,4,48,7915,8238,9860,323,1945
2564,6,48,6989,7218,9863,229,2874
3441,1,48,9380,9849,9866,469,486
2909,3,48,7929,8253,9869,324,1940
3445,5,48,9391,9861,9872,470,481
2350,2,48,6405,6576,9875,171,3470
2910,4,48,7932,8256,9878,324,1946
2570,6,48,7005,7236,9881,231,2876
3447,1,48,9396,9867,9884,471,488
2915,3,48,7945,8271,9887,326,1942
3451,5,48,9407,9879,9890,472,483
2356,2,48,6421,6594,9893,173,3472
2916,4,48,7948,8274,9896,326,1948
2576,6,48,7021,7254,9899,233,2878
3453,1,48,9413,9885,9902,472,489
2921,3,48,7961,8289,9905,328,1944
3457,5,48,9424,9897,9908,473,484
2362,2,48,6438,6612,9911,174,3473
2922,4,48,7964,8292,9914,328,1950
2582,6,48,7038,7272,9917,234,2879
3459,1,48,9429,9903,9920,474,491
2927,3,48,7978,8307,9923,329,1945
3463,5,48,9440,9915,9926,475,486
2368,2,48,6454,6630,9929,176,3475
2928,4,48,7981,8310,9932,329,1951
2588,6,48,7054,7290,9935,236,2881
3465,1,48,9445,9921,9938,476,493
2933,3,48,7994,8325,9941,331,1947
3469,5,48,9456,9933,9944,477,488
2374,2,48,6470,6648,9947,178,3477
2934,4,48,7997,8328,9950,331,1953
2594,6,48,7070,7308,9953,238,2883
3471,1,48,9462,9939,9956,477,494
2939,3,48,8010,8343,9959,333,1949
3475,5,48,9473,9951,9962,478,489
2380,2,48,6487,6666,9965,179,3478
2940,4,48,8013,8346,9968,333,1955
2600,6,48,7087,7326,9971,239,2884
3477,1,48,9478,9957,9974,479,496
2945,3,48,8027,8361,9977,334,1950
3481,5,48,9489,9969,9980,480,491
2386,2,48,6503,6684,9983,181,3480
2946,4,48,8030,8364,9986,334,1956
2606,6,48,7103,7344,9989,241,2886
3483,1,48,9495,9975,9992,480,497
2951,3,48,8043,8379,9995,336,1952
3487,5,48,9506,9987,9998,481,492
2392,2,48,6519,6702,10001,183,3482
2952,4,48,8046,8382,10004,336,1958
2612,6,48,7119,7362,10007,243,2888
3489,1,48,9511,9993,10010,482,499
2957,3,48,8060,8397,10013,337,1953
3493,5,48,9522,10005,10016,483,494
2398,2,48,6536,6720,10019,184,3483
2958,4,48,8063,8400,10022,337,1959
2618,6,48,7136,7380,10025,244,2889
3495,1,48,9527,10011,10028,484,501
2963,3,48,8076,8415,10031,339,1955
3499,5,48,9538,10023,10034,485,496
2404,2,48,6552,6738,10037,186,3485
2964,4,48,8079,8418,10040,339,1961
2624,6,48,7152,7398,10043,246,2891
3501,1,48,9544,10029,10046,485,502
2969,3,48,8092,8433,10049,341,1957
3505,5,48,9555,10041,10052,486,497
2410,2,48,6568,6756,10055,188,3487
2970,4,48,8095,8436,10058,341,1963
2630,6,48,7169,7416,10061,247,2892
3507,1,48,9560,10047,10064,487,504
2975,3,48,8109,8451,10067,342,1958
3511,5,48,9571,10059,10070,488,499
2416,2,48,6585,6774,10073,189,3488
2976,4,48,8112,8454,10076,342,1964
2636,6,48,7185,7434,10079,249,2894
3513,1,48,9576,10065,10082,489,506
2981,3,48,8125,8469,10085,344,1960
3517,5,48,9587,10077,10088,490,501
2422,2,48,6601,6792,10091,191,3490
2982,4,48,8128,8472,10094,344,1966
2642,6,48,7201,7452,10097,251,2896
3519,1,48,9593,10083,10100,490,507
2987,3,48,8141,8487,10103,346,1962
3523,5,48,9604,10095,10106,491,502
2428,2,48,6618,6810,10109,192,3491
2988,4,48,8144,8490,10112,346,1968
2648,6,48,7218,7470,10115,252,2897
3525,1,48,9609,10101,10118,492,509
2993,3,48,8158,8505,10121,347,1963
3529,5,48,9620,10113,10124,493,504
2434,2,48,6634,6828,10127,194,3493
2994,4,48,8161,8508,10130,347,1969
2654,6,48,7234,7488,10133,254,2899
3531,1,48,9625,10119,10136,494,511
2999,3,48,8174,8523,10139,349,1965
3535,5,48,9636,10131,10142,495,506
2440,2,48,6650,6846,10145,196,3495
3000,4,48,8177,8526,10148,349,1971
2660,6,48,7250,7506,10151,256,2901
3537,1,48,9642,10137,10154,495,512
3005,3,48,8190,8541,10157,351,1967
3541,5,48,9653,10149,10160,496,507
2446,2,48,6667,6864,10163,197,3496
3006,4,48,8193,8544,10166,351,1973
2666,6,48,7267,7524,10169,257,2902
3543,1,48,9658,10155,10172,497,514
3011,3,48,8207,8559,10175,352,1968
3547,5,48,9669,10167,10178,498,509
2452,2,48,6683,6882,10181,199,3498
3012,4,48,8210,8562,10184,352,1974
2672,6,48,7283,7542,10187,259,2904
3549,1,48,9675,10173,10190,498,515
3017,3,48,8223,8577,10193,354,1970
3553,5,48,9686,10185,10196,499,510
2458,2,48,6699,6900,10199,201,3500
3018,4,48,8226,8580,10202,354,1976
2678,6,48,7299,7560,10205,261,2906
3555,1,48,9691,10191,10208,500,517
3023,3,48,8240,8595,10211,355,1971
3559,5,48,9702,10203,10214,501,512
2464,2,48,6716,6918,10217,202,3501
3024,4,48,8243,8598,10220,355,1977
2684,6,48,7316,7578,10223,262,2907
3561,1,48,9707,10209,10226,502,519
3029,3,48,8256,8613,10229,357,1973
3565,5,48,9718,10221,10232,503,514
2470,2,48,6732,6936,10235,204,3503
3030,4,48,8259,8616,10238,357,1979
2690,6,48,7332,7596,10241,264,2909
3567,1,48,9724,10227,10244,503,520
3035,3,48,8272,8631,10247,359,1975
3571,5,48,9735,10239,10250,504,515
2476,2,48,6748,6954,10253,206,3505
3036,4,48,8275,8634,10256,359,1981
2696,6,48,7349,7614,10259,265,2910
3573,1,48,9740,10245,10262,505,522
3041,3,48,8289,8649,10265,360,1976
3577,5,48,9751,10257,10268,506,517
2482,2,48,6765,6972,10271,207,3506
3042,4,48,8292,8652,10274,360,1982
2702,6,48,7365,7632,10277,267,2912
3579,1,48,9756,10263,10280,507,524
3047,3,48,8305,8667,10283,362,1978
3583,5,48,9767,10275,10286,508,519
2488,2,48,6781,6990,10289,209,3508
3048,4,48,8308,8670,10292,362,1984
2708,6,48,7381,7650,10295,269,2914
3585,1,48,9773,10281,10298,508,525
3053,3,48,8321,8685,10301,364,1980
3589,5,48,9784,10293,10304,509,520
2494,2,48,6798,7008,10307,210,3509
3054,4,48,8324,8688,10310,364,1986
2714,6,48,7398,7668,10313,270,2915
3591,1,48,9789,10299,10316,510,527
3059,3,48,8338,8703,10319,365,1981
3595,5,48,9800,10311,10322,511,522
2500,2,48,6814,7026,10325,212,3511
3060,4,48,8341,8706,10328,365,1987
2720,6,48,7414,7686,10331,272,2917
3597,1,48,9805,10317,10334,512,529
3065,3,48,8354,8721,10337,367,1983
3601,5,48,9816,10329,10340,513,524
2506,2,48,6830,7044,10343,214,3513
3066,4,48,8357,8724,10346,367,1989
2726,6,48,7430,7704,10349,274,2919
3603,1,48,9822,10335,10352,513,530
3071,3,48,8370,8739,10355,369,1985
3607,5,48,9833,10347,10358,514,525
2512,2,48,6847,7062,10361,215,3514
3072,4,48,8373,8742,10364,369,1991
2732,6,48,7447,7722,10367,275,2920
3609,1,48,9838,10353,10370,515,532
3077,3,48,8387,8757,10373,370,1986
3613,5,48,9849,10365,10376,516,527
2518,2,48,6863,7080,10379,217,3516
3078,4,48,8390,8760,10382,370,1992
2738,6,48,7463,7740,10385,277,2922
3615,1,48,9855,10371,10388,516,533
3083,3,48,8403,8775,10391,372,1988
3619,5,48,9866,10383,10394,517,528
2524,2,48,6879,7098,10397,219,3518
3084,4,48,8406,8778,10400,372,1994
2744,6,48,7479,7758,10403,279,2924
3621,1,48,9871,10389,10406,518,535
3089,3,48,8420,8793,10409,373,1989
3625,5,48,9882,10401,10412,519,530
2530,2,48,6896,7116,10415,220,3519
3090,4,48,8423,8796,10418,373,1995
2750,6,48,7496,7776,10421,280,2925
3627,1,48,9887,10407,10424,520,537
3095,3,48,8436,8811,10427,375,1991
3631,5,48,9898,10419,10430,521,532
2536,2,48,6912,7134,10433,222,3521
3096,4,48,8439,8814,10436,375,1997
2756,6,48,7512,7794,10439,282,2927
3633,1,48,9904,10425,10442,521,538
3101,3,48,8452,8829,10445,377,1993
3637,5,48,9915,10437,10448,522,533
2542,2,48,6928,7152,10451,224,3523
3102,4,48,8455,8832,10454,377,1999
2762,6,48,7529,7812,10457,283,2928
3639,1,48,9920,10443,10460,523,540
3107,3,48,8469,8847,10463,378,1994
3643,5,48,9931,10455,10466,524,535
2548,2,48,6945,7170,10469,225,3524
3108,4,48,8472,8850,10472,378,2000
2768,6,48,7545,7830,10475,285,2930
3645,1,48,9936,10461,10478,525,542
3113,3,48,8485,8865,10481,380,1996
3649,5,48,9947,10473,10484,526,537
2554,2,48,6961,7188,10487,227,3526
3114,4,48,8488,8868,10490,380,2002
2774,6,48,7561,7848,10493,287,2932
3651,1,48,9953,10479,10496,526,543
3119,3,48,8501,8883,10499,382,1998
3655,5,48,9964,10491,10502,527,538
2560,2,48,6978,7206,10505,228,3527
3120,4,48,8504,8886,10508,382,2004
2780,6,48,7578,7866,10511,288,2933
3657,1,48,9969,10497,10514,528,545
3125,3,48,8518,8901,10517,383,1999
3661,5,48,9980,10509,10520,529,540
2566,2,48,6994,7224,10523,230,3529
3126,4,48,8521,8904,10526,383,2005
2786,6,48,7594,7884,10529,290,2935
3663,1,48,9985,10515,10532,530,547
3131,3,48,8534,8919,10535,385,2001
3667,5,48,9996,10527,10538,531,542
2572,2,48,7010,7242,10541,232,3531
3132,4,48,8537,8922,10544,385,2007
2792,6,48,7610,7902,10547,292,2937
2578,2,48,7027,7260,10550,233,3523
3137,3,48,8550,8937,10553,387,2003
2798,6,48,7627,7920,10556,293,2929
2584,2,48,7043,7278,10559,235,3516
3138,4,48,8553,8940,10562,387,2009
2804,6,48,7643,7938,10565,295,2922
2590,2,48,7059,7296,10568,237,3509
3143,3,48,8567,8955,10571,388,2004
2810,6,48,7659,7956,10574,297,2915
2596,2,48,7076,7314,10577,238,3501
3144,4,48,8570,8958,10580,388,2010
2816,6,48,7676,7974,10583,298,2907
2602,2,48,7092,7332,10586,240,3494
3149,3,48,8583,8973,10589,390,2006
2822,6,48,7692,7992,10592,300,2900
2608,2,48,7108,7350,10595,242,3487
3150,4,48,8586,8976,10598,390,2012
2828,6,48,7709,8010,10601,301,2892
2614,2,48,7125,7368,10604,243,3479
3155,3,48,8600,8991,10607,391,2007
2834,6,48,7725,8028,10610,303,2885
2620,2,48,7141,7386,10613,245,3472
3156,4,48,8603,8994,10616,391,2013
2840,6,48,7741,8046,10619,305,2878
2626,2,48,7158,7404,10622,246,3464
3161,3,48,8616,9009,10625,393,2009
2846,6,48,7758,8064,10628,306,2870
2632,2,48,7174,7422,10631,248,3457
3162,4,48,8619,9012,10634,393,2015
2852,6,48,7774,8082,10637,308,2863
2638,2,48,7190,7440,10640,250,3450
3167,3,48,8632,9027,10643,395,2011
2858,6,48,7790,8100,10646,310,2856
2644,2,48,7207,7458,10649,251,3442
3168,4,48,8635,9030,10652,395,2017
2864,6,48,7807,8118,10655,311,2848
2650,2,48,7223,7476,10658,253,3435
3173,3,48,8649,9045,10661,396,2012
2870,6,48,7823,8136,10664,313,2841
2656,2,48,7239,7494,10667,255,3428
3174,4,48,8652,9048,10670,396,2018
2876,6,48,7839,8154,10673,315,2834
2662,2,48,7256,7512,10676,256,3420
3179,3,48,8665,9063,10679,398,2014
2882,6,48,7856,8172,10682,316,2826
2668,2,48,7272,7530,10685,258,3413
3180,4,48,8668,9066,10688,398,2020
2888,6,48,7872,8190,10691,318,2819
2674,2,48,7288,7548,10694,260,3406
3185,3,48,8681,9081,10697,400,2016
2894,6,48,7889,8208,10700,319,2811
2680,2,48,7305,7566,10703,261,3398
3186,4,48,8684,9084,10706,400,2022
2900,6,48,7905,8226,10709,321,2804
2686,2,48,7321,7584,10712,263,3391
3191,3,48,8698,9099,10715,401,2017
2906,6,48,7921,8244,10718,323,2797
2692,2,48,7338,7602,10721,264,3383
3192,4,48,8701,9102,10724,401,2023
2912,6,48,7938,8262,10727,324,2789
2698,2,48,7354,7620,10730,266,3376
3197,3,48,8714,9117,10733,403,2019
2918,6,48,7954,8280,10736,326,2782
2704,2,48,7370,7638,10739,268,3369
3198,4,48,8717,9120,10742,403,2025
2924,6,48,7970,8298,10745,328,2775
2710,2,48,7387,7656,10748,269,3361
3203,3,48,8730,9135,10751,405,2021
2930,6,48,7987,8316,10754,329,2767
2716,2,48,7403,7674,10757,271,3354
3204,4,48,8733,9138,10760,405,2027
2936,6,48,8003,8334,10763,331,2760
2722,2,48,7419,7692,10766,273,3347
3209,3,48,8747,9153,10769,406,2022
2942,6,48,8019,8352,10772,333,2753
2728,2,48,7436,7710,10775,274,3339
3210,4,48,8750,9156,10778,406,2028
2948,6,48,8036,8370,10781,334,2745
2734,2,48,7452,7728,10784,276,3332
3215,3,48,8763,9171,10787,408,2024
2954,6,48,8052,8388,10790,336,2738
2740,2,48,7468,7746,10793,278,3325
3216,4,48,8766,9174,10796,408,2030
2960,6,48,8069,8406,10799,337,2730
2746,2,48,7485,7764,10802,279,3317
3221,3,48,8780,9189,10805,409,2025
2966,6,48,8085,8424,10808,339,2723
2752,2,48,7501,7782,10811,281,3310
3222,4,48,8783,9192,10814,409,2031
2972,6,48,8101,8442,10817,341,2716
2758,2,48,7518,7800,10820,282,3302
3227,3,48,8796,9207,10823,411,2027
2978,6,48,8118,8460,10826,342,2708
2764,2,48,7534,7818,10829,284,3295
3228,4,48,8799,9210,10832,411,2033
2984,6,48,8134,8478,10835,344,2701
2770,2,48,7550,7836,10838,286,3288
3233,3,48,8812,9225,10841,413,2029
2990,6,48,8150,8496,10844,346,2694
2776,2,48,7567,7854,10847,287,3280
3234,4,48,8815,9228,10850,413,2035
2996,6,48,8167,8514,10853,347,2686
2782,2,48,7583,7872,10856,289,3273
3239,3,48,8829,9243,10859,414,2030
3002,6,48,8183,8532,10862,349,2679
2788,2,48,7599,7890,10865,291,3266
3240,4,48,8832,9246,10868,414,2036
3008,6,48,8199,8550,10871,351,2672
2794,2,48,7616,7908,10874,292,3258
3245,3,48,8845,9261,10877,416,2032
3014,6,48,8216,8568,10880,352,2664
2800,2,48,7632,7926,10883,294,3251
3246,4,48,8848,9264,10886,416,2038
3020,6,48,8232,8586,10889,354,2657
2806,2,48,7648,7944,10892,296,3244
3251,3,48,8861,9279,10895,418,2034
3026,6,48,8249,8604,10898,355,2649
2812,2,48,7665,7962,10901,297,3236
3252,4,48,8864,9282,10904,418,2040
3032,6,48,8265,8622,10907,357,2642
2818,2,48,7681,7980,10910,299,3229
3257,3,48,8878,9297,10913,419,2035
3038,6,48,8281,8640,10916,359,2635
2824,2,48,7698,7998,10919,300,3221
3258,4,48,8881,9300,10922,419,2041
3044,6,48,8298,8658,10925,360,2627
2830,2,48,7714,8016,10928,302,3214
3263,3,48,8894,9315,10931,421,2037
3050,6,48,8314,8676,10934,362,2620
2836,2,48,7730,8034,10937,304,3207
3264,4,48,8897,9318,10940,421,2043
3056,6,48,8330,8694,10943,364,2613
2842,2,48,7747,8052,10946,305,3199
3269,3,48,8910,9333,10949,423,2039
3062,6,48,8347,8712,10952,365,2605
2848,2,48,7763,8070,10955,307,3192
3270,4,48,8913,9336,10958,423,2045
3068,6,48,8363,8730,10961,367,2598
2854,2,48,7779,8088,10964,309,3185
3275,3,48,8927,9351,10967,424,2040
3074,6,48,8379,8748,10970,369,2591
2860,2,48,7796,8106,10973,310,3177
3276,4,48,8930,9354,10976,424,2046
3080,6,48,8396,8766,10979,370,2583
2866,2,48,7812,8124,10982,312,3170
3281,3,48,8943,9369,10985,426,2042
3086,6,48,8412,8784,10988,372,2576
2872,2,48,7828,8142,10991,314,3163
3282,4,48,8946,9372,10994,426,2048
3092,6,48,8429,8802,10997,373,2568
2878,2,48,7845,8160,11000,315,3155
3287,3,48,8960,9387,11003,427,2043
3098,6,48,8445,8820,11006,375,2561
2884,2,48,7861,8178,11009,317,3148
3288,4,48,8963,9390,11012,427,2049
3104,6,48,8461,8838,11015,377,2554
2890,2,48,7878,8196,11018,318,3140
3293,3,48,8976,9405,11021,429,2045
3110,6,48,8478,8856,11024,378,2546
2896,2,48,7894,8214,11027,320,3133
3294,4,48,8979,9408,11030,429,2051
3116,6,48,8494,8874,11033,380,2539
2902,2,48,7910,8232,11036,322,3126
3299,3,48,8992,9423,11039,431,2047
3122,6,48,8510,8892,11042,382,2532
2908,2,48,7927,8250,11045,323,3118
3300,4,48,8995,9426,11048,431,2053
3128,6,48,8527,8910,11051,383,2524
2914,2,48,7943,8268,11054,325,3111
3305,3,48,9009,9441,11057,432,2048
3134,6,48,8543,8928,11060,385,2517
2920,2,48,7959,8286,11063,327,3104
3306,4,48,9012,9444,11066,432,2054
3140,6,48,8559,8946,11069,387,2510
2926,2,48,7976,8304,11072,328,3096
3311,3,48,9025,9459,11075,434,2050
3146,6,48,8576,8964,11078,388,2502
2932,2,48,7992,8322,11081,330,3089
3312,4,48,9028,9462,11084,434,2056
3152,6,48,8592,8982,11087,390,2495
2938,2,48,8008,8340,11090,332,3082
3317,3,48,9041,9477,11093,436,2052
3158,6,48,8609,9000,11096,391,2487
2944,2,48,8025,8358,11099,333,3074
3318,4,48,9044,9480,11102,436,2058
3164,6,48,8625,9018,11105,393,2480
2950,2,48,8041,8376,11108,335,3067
3323,3,48,9058,9495,11111,437,2053
3170,6,48,8641,9036,11114,395,2473
2956,2,48,8058,8394,11117,336,3059
3324,4,48,9061,9498,11120,437,2059
3176,6,48,8658,9054,11123,396,2465
2962,2,48,8074,8412,11126,338,3052
3329,3,48,9074,9513,11129,439,2055
3182,6,48,8674,9072,11132,398,2458
2968,2,48,8090,8430,11135,340,3045
3330,4,48,9077,9516,11138,439,2061
3188,6,48,8690,9090,11141,400,2451
2974,2,48,8107,8448,11144,341,3037
3335,3,48,9090,9531,11147,441,2057
3194,6,48,8707,9108,11150,401,2443
2980,2,48,8123,8466,11153,343,3030
3336,4,48,9093,9534,11156,441,2063
3200,6,48,8723,9126,11159,403,2436
2986,2,48,8139,8484,11162,345,3023
3341,3,48,9107,9549,11165,442,2058
3206,6,48,8739,9144,11168,405,2429
2992,2,48,8156,8502,11171,346,3015
3342,4,48,9110,9552,11174,442,2064
3212,6,48,8756,9162,11177,406,2421
2998,2,48,8172,8520,11180,348,3008
3347,3,48,9123,9567,11183,444,2060
3218,6,48,8772,9180,11186,408,2414
3004,2,48,8188,8538,11189,350,3001
3348,4,48,9126,9570,11192,444,2066
3224,6,48,8789,9198,11195,409,2406
3010,2,48,8205,8556,11198,351,2993
3353,3,48,9140,9585,11201,445,2061
3230,6,48,8805,9216,11204,411,2399
3016,2,48,8221,8574,11207,353,2986
3354,4,48,9143,9588,11210,445,2067
3236,6,48,8821,9234,11213,413,2392
3022,2,48,8238,8592,11216,354,2978
3359,3,48,9156,9603,11219,447,2063
3242,6,48,8838,9252,11222,414,2384
3028,2,48,8254,8610,11225,356,2971
3360,4,48,9159,9606,11228,447,2069
3248,6,48,8854,9270,11231,416,2377
3034,2,48,8270,8628,11234,358,2964
3365,3,48,9172,9621,11237,449,2065
3254,6,48,8870,9288,11240,418,2370
3040,2,48,8287,8646,11243,359,2956
3366,4,48,9175,9624,11246,449,2071
3260,6,48,8887,9306,11249,419,2362
3046,2,48,8303,8664,11252,361,2949
3371,3,48,9189,9639,11255,450,2066
3266,6,48,8903,9324,11258,421,2355
3052,2,48,8319,8682,11261,363,2942
3372,4,48,9192,9642,11264,450,2072
3272,6,48,8919,9342,11267,423,2348
3058,2,48,8336,8700,11270,364,2934
3377,3,48,9205,9657,11273,452,2068
3278,6,48,8936,9360,11276,424,2340
3064,2,48,8352,8718,11279,366,2927
3378,4,48,9208,9660,11282,452,2074
3284,6,48,8952,9378,11285,426,2333
3070,2,48,8368,8736,11288,368,2920
3383,3,48,9221,9675,11291,454,2070
3290,6,48,8969,9396,11294,427,2325
3076,2,48,8385,8754,11297,369,2912
3384,4,48,9224,9678,11300,454,2076
3296,6,48,8985,9414,11303,429,2318
3082,2,48,8401,8772,11306,371,2905
3389,3,48,9238,9693,11309,455,2071
3302,6,48,9001,9432,11312,431,2311
3088,2,48,8418,8790,11315,372,2897
3390,4,48,9241,9696,11318,455,2077
3308,6,48,9018,9450,11321,432,2303
3094,2,48,8434,8808,11324,374,2890
3395,3,48,9254,9711,11327,457,2073
3314,6,48,9034,9468,11330,434,2296
3100,2,48,8450,8826,11333,376,2883
3396,4,48,9257,9714,11336,457,2079
3320,6,48,9050,9486,11339,436,2289
3106,2,48,8467,8844,11342,377,2875
3401,3,48,9270,9729,11345,459,2075
3326,6,48,9067,9504,11348,437,2281
3112,2,48,8483,8862,11351,379,2868
3402,4,48,9273,9732,11354,459,2081
3332,6,48,9083,9522,11357,439,2274
3118,2,48,8499,8880,11360,381,2861
3407,3,48,9287,9747,11363,460,2076
3338,6,48,9099,9540,11366,441,2267
3124,2,48,8516,8898,11369,382,2853
3408,4,48,9290,9750,11372,460,2082
3344,6,48,9116,9558,11375,442,2259
3130,2,48,8532,8916,11378,384,2846
3413,3,48,9303,9765,11381,462,2078
3350,6,48,9132,9576,11384,444,2252
3136,2,48,8548,8934,11387,386,2839
3414,4,48,9306,9768,11390,462,2084
3356,6,48,9149,9594,11393,445,2244
3142,2,48,8565,8952,11396,387,2831
3419,3,48,9320,9783,11399,463,2079
3362,6,48,9165,9612,11402,447,2237
3148,2,48,8581,8970,11405,389,2824
3420,4,48,9323,9786,11408,463,2085
3368,6,48,9181,9630,11411,449,2230
3154,2,48,8598,8988,11414,390,2816
3425,3,48,9336,9801,11417,465,2081
3374,6,48,9198,9648,11420,450,2222
3160,2,48,8614,9006,11423,392,2809
3426,4,48,9339,9804,11426,465,2087
3380,6,48,9214,9666,11429,452,2215
3166,2,48,8630,9024,11432,394,2802
3431,3,48,9352,9819,11435,467,2083
3386,6,48,9230,9684,11438,454,2208
3172,2,48,8647,9042,11441,395,2794
3432,4,48,9355,9822,11444,467,2089
3392,6,48,9247,9702,11447,455,2200
3178,2,48,8663,9060,11450,397,2787
3437,3,48,9369,9837,11453,468,2084
3398,6,48,9263,9720,11456,457,2193
3184,2,48,8679,9078,11459,399,2780
3438,4,48,9372,9840,11462,468,2090
3404,6,48,9279,9738,11465,459,2186
3190,2,48,8696,9096,11468,400,2772
3443,3,48,9385,9855,11471,470,2086
3410,6,48,9296,9756,11474,460,2178
3196,2,48,8712,9114,11477,402,2765
3444,4,48,9388,9858,11480,470,2092
3416,6,48,9312,9774,11483,462,2171
3202,2,48,8728,9132,11486,404,2758
3449,3,48,9401,9873,11489,472,2088
3422,6,48,9329,9792,11492,463,2163
3208,2,48,8745,9150,11495,405,2750
3450,4,48,9404,9876,11498,472,2094
3428,6,48,9345,9810,11501,465,2156
3214,2,48,8761,9168,11504,407,2743
3455,3,48,9418,9891,11507,473,2089
3434,6,48,9361,9828,11510,467,2149
3220,2,48,8778,9186,11513,408,2735
3456,4,48,9421,9894,11516,473,2095
3440,6,48,9378,9846,11519,468,2141
3226,2,48,8794,9204,11522,410,2728
3461,3,48,9434,9909,11525,475,2091
3446,6,48,9394,9864,11528,470,2134
3232,2,48,8810,9222,11531,412,2721
3462,4,48,9437,9912,11534,475,2097
3452,6,48,9410,9882,11537,472,2127
3238,2,48,8827,9240,11540,413,2713
3467,3,48,9450,9927,11543,477,2093
3458,6,48,9427,9900,11546,473,2119
3244,2,48,8843,9258,11549,415,2706
3468,4,48,9453,9930,11552,477,2099
3464,6,48,9443,9918,11555,475,2112
3250,2,48,8859,9276,11558,417,2699
3473,3,48,9467,9945,11561,478,2094
3470,6,48,9459,9936,11564,477,2105
3256,2,48,8876,9294,11567,418,2691
3474,4,48,9470,9948,11570,478,2100
3476,6,48,9476,9954,11573,478,2097
3262,2,48,8892,9312,11576,420,2684
3479,3,48,9483,9963,11579,480,2096
3482,6,48,9492,9972,11582,480,2090
3268,2,48,8908,9330,11585,422,2677
3480,4,48,9486,9966,11588,480,2102
3488,6,48,9509,9990,11591,481,2082
3274,2,48,8925,9348,11594,423,2669
3485,3,48,9500,9981,11597,481,2097
3494,6,48,9525,10008,11600,483,2075
3280,2,48,8941,9366,11603,425,2662
3486,4,48,9503,9984,11606,481,2103
3500,6,48,9541,10026,11609,485,2068
3286,2,48,8958,9384,11612,426,2654
3491,3,48,9516,9999,11615,483,2099
3506,6,48,9558,10044,11618,486,2060
3292,2,48,8974,9402,11621,428,2647
3492,4,48,9519,10002,11624,483,2105
3512,6,48,9574,10062,11627,488,2053
3298,2,48,8990,9420,11630,430,2640
3497,3,48,9532,10017,11633,485,2101
3518,6,48,9590,10080,11636,490,2046
3304,2,48,9007,9438,11639,431,2632
3498,4,48,9535,10020,11642,485,2107
3524,6,48,9607,10098,11645,491,2038
3310,2,48,9023,9456,11648,433,2625
3503,3,48,9549,10035,11651,486,2102
3530,6,48,9623,10116,11654,493,2031
3316,2,48,9039,9474,11657,435,2618
3504,4,48,9552,10038,11660,486,2108
3536,6,48,9639,10134,11663,495,2024
3322,2,48,9056,9492,11666,436,2610
3509,3,48,9565,10053,11669,488,2104
3542,6,48,9656,10152,11672,496,2016
3328,2,48,9072,9510,11675,438,2603
3510,4,48,9568,10056,11678,488,2110
3548,6,48,9672,10170,11681,498,2009
3334,2,48,9088,9528,11684,440,2596
3515,3,48,9581,10071,11687,490,2106
3554,6,48,9689,10188,11690,499,2001
3340,2,48,9105,9546,11693,441,2588
3516,4,48,9584,10074,11696,490,2112
3560,6,48,9705,10206,11699,501,1994
3346,2,48,9121,9564,11702,443,2581
3521,3,48,9598,10089,11705,491,2107
3566,6,48,9721,10224,11708,503,1987
3352,2,48,9138,9582,11711,444,2573
3522,4,48,9601,10092,11714,491,2113
3572,6,48,9738,10242,11717,504,1979
3358,2,48,9154,9600,11720,446,2566
3527,3,48,9614,10107,11723,493,2109
3578,6,48,9754,10260,11726,506,1972
3364,2,48,9170,9618,11729,448,2559
3528,4,48,9617,10110,11732,493,2115
3584,6,48,9770,10278,11735,508,1965
3370,2,48,9187,9636,11738,449,2551
3533,3,48,9630,10125,11741,495,2111
3590,6,48,9787,10296,11744,509,1957
3376,2,48,9203,9654,11747,451,2544
3534,4,48,9633,10128,11750,495,2117
3596,6,48,9803,10314,11753,511,1950
3382,2,48,9219,9672,11756,453,2537
3539,3,48,9647,10143,11759,496,2112
3602,6,48,9819,10332,11762,513,1943
3388,2,48,9236,9690,11765,454,2529
3540,4,48,9650,10146,11768,496,2118
3608,6,48,9836,10350,11771,514,1935
3394,2,48,9252,9708,11774,456,2522
3545,3,48,9663,10161,11777,498,2114
3614,6,48,9852,10368,11780,516,1928
3400,2,48,9268,9726,11783,458,2515
3546,4,48,9666,10164,11786,498,2120
3620,6,48,9869,10386,11789,517,1920
3406,2,48,9285,9744,11792,459,2507
3551,3,48,9680,10179,11795,499,2115
3626,6,48,9885,10404,11798,519,1913
3412,2,48,9301,9762,11801,461,2500
3552,4,48,9683,10182,11804,499,2121
3632,6,48,9901,10422,11807,521,1906
3418,2,48,9318,9780,11810,462,2492
3557,3,48,9696,10197,11813,501,2117
3638,6,48,9918,10440,11816,522,1898
3424,2,48,9334,9798,11819,464,2485
3558,4,48,9699,10200,11822,501,2123
3644,6,48,9934,10458,11825,524,1891
3430,2,48,9350,9816,11828,466,2478
3563,3,48,9712,10215,11831,503,2119
3650,6,48,9950,10476,11834,526,1884
3436,2,48,9367,9834,11837,467,2470
3564,4,48,9715,10218,11840,503,2125
3656,6,48,9967,10494,11843,527,1876
3442,2,48,9383,9852,11846,469,2463
3569,3,48,9729,10233,11849,504,2120
3662,6,48,9983,10512,11852,529,1869
3448,2,48,9399,9870,11855,471,2456
3570,4,48,9732,10236,11858,504,2126
3668,6,48,9999,10530,11861,531,1862
3454,2,48,9416,9888,11864,472,2448
3575,3,48,9745,10251,11867,506,2122
3460,2,48,9432,9906,11870,474,2438
3576,4,48,9748,10254,11873,506,2125
3466,2,48,9448,9924,11876,476,2428
3581,3,48,9761,10269,11879,508,2118
3472,2,48,9465,9942,11882,477,2417
3582,4,48,9764,10272,11885,508,2121
3478,2,48,9481,9960,11888,479,2407
3587,3,48,9778,10287,11891,509,2113
3484,2,48,9498,9978,11894,480,2396
3588,4,48,9781,10290,11897,509,2116
3490,2,48,9514,9996,11900,482,2386
3593,3,48,9794,10305,11903,511,2109
3496,2,48,9530,10014,11906,484,2376
3594,4,48,9797,10308,11909,511,2112
3502,2,48,9547,10032,11912,485,2365
3599,3,48,9810,10323,11915,513,2105
3508,2,48,9563,10050,11918,487,2355
3600,4,48,9813,10326,11921,513,2108
3514,2,48,9579,10068,11924,489,2345
3605,3,48,9827,10341,11927,514,2100
3520,2,48,9596,10086,11930,490,2334
3606,4,48,9830,10344,11933,514,2103
3526,2,48,9612,10104,11936,492,2324
3611,3,48,9843,10359,11939,516,2096
3532,2,48,9628,10122,11942,494,2314
3612,4,48,9846,10362,11945,516,2099
3538,2,48,9645,10140,11948,495,2303
3617,3,48,9860,10377,11951,517,2091
3544,2,48,9661,10158,11954,497,2293
3618,4,48,9863,10380,11957,517,2094
3550,2,48,9678,10176,11960,498,2282
3623,3,48,9876,10395,11963,519,2087
3556,2,48,9694,10194,11966,500,2272
3624,4,48,9879,10398,11969,519,2090
3562,2,48,9710,10212,11972,502,2262
3629,3,48,9892,10413,11975,521,2083
3568,2,48,9727,10230,11978,503,2251
3630,4,48,9895,10416,11981,521,2086
3574,2,48,9743,10248,11984,505,2241
3635,3,48,9909,10431,11987,522,2078
3580,2,48,9759,10266,11990,507,2231
3636,4,48,9912,10434,11993,522,2081
3586,2,48,9776,10284,11996,508,2220
3641,3,48,9925,10449,11999,524,2074
3592,2,48,9792,10302,12002,510,2210
3642,4,48,9928,10452,12005,524,2077
3598,2,48,9808,10320,12008,512,2200
3647,3,48,9941,10467,12011,526,2070
3604,2,48,9825,10338,12014,513,2189
3648,4,48,9944,10470,12017,526,2073
3610,2,48,9841,10356,12020,515,2179
3653,3,48,9958,10485,12023,527,2065
3616,2,48,9858,10374,12026,516,2168
3654,4,48,9961,10488,12029,527,2068
3622,2,48,9874,10392,12032,518,2158
3659,3,48,9974,10503,12035,529,2061
3628,2,48,9890,10410,12038,520,2148
3660,4,48,9977,10506,12041,529,2064
3634,2,48,9907,10428,12044,521,2137
3665,3,48,9990,10521,12047,531,2057
3640,2,48,9923,10446,12050,523,2127
3666,4,48,9993,10524,12053,531,2060
3646,2,48,9939,10464,12056,525,2117
3652,2,48,9956,10482,12059,526,2103
3658,2,48,9972,10500,12062,528,2090
3664,2,48,9988,10518,12065,530,2077
