Design Assistant report for pifo
Wed Sep  9 12:45:35 2026
Quartus Prime Version 25.3.1 Build 100 12/19/2025 SC Pro Edition


---------------------
; Table of Contents ;
---------------------
  1. Legal Notice
  2. Design Assistant (Synthesized) Results - 1 of 13 Rules Failed
  3. RES-30134 - Registers Not Reachable from Reset Release IP
  4. LNT-30011 - Design Contains Combinational Loops
  5. LNT-30017 - Register Output Driving Its Own Asynchronous Control Signal Directly or Through Combinational Logic
  6. LNT-30023 - Reset Nets with Polarity Conflict
  7. RES-30132 - Registers May Not Be Properly Reset
  8. RES-30133 - Embedded Memory Blocks with Initialized Content That Might be Modified Before the FPGA Enters User Mode
  9. TMC-20052 - Paths with Post Synthesis Inferred Latches
 10. FLP-10500 - Non Driving Top Level Inputs Found
 11. LNT-30010 - Nets Driving both Reset and Clock Enable Signals
 12. LNT-50006 - DSP Control Signal Registers Reset Mode Mismatch
 13. TMC-20053 - DSP Inputs Driven by High Fan-Out Net
 14. TMC-20500 - Hierarchical Tree Duplication was Shallower than Possible
 15. TMC-20501 - Hierarchical Tree Duplication was Shallower than Requested



----------------
; Legal Notice ;
----------------
Copyright (C) 2025  Altera Corporation. All rights reserved.
Your use of Altera Corporation's design tools, logic functions 
and other software and tools, and any partner logic 
functions, and any output files from any of the foregoing 
(including device programming or simulation files), and any 
associated documentation or information are expressly subject 
to the terms and conditions of the Altera Program License 
Subscription Agreement, the Altera Quartus Prime License Agreement,
the Altera IP License Agreement, or other applicable license
agreement, including, without limitation, that your use is for
the sole purpose of programming logic devices manufactured by
Altera and sold by Altera or its authorized distributors.  Please
refer to the Altera Software License Subscription Agreements 
on the Quartus Prime software download page.



+----------------------------------------------------------------------------------------------------------------------------------------------------------------------------------------+
; Design Assistant (Synthesized) Results - 1 of 13 Rules Failed                                                                                                                          ;
+---------------------------------------------------------------------------------------------------------------------+----------+------------+--------+---------------------------------+
; Rule                                                                                                                ; Severity ; Violations ; Waived ; Tags                            ;
+---------------------------------------------------------------------------------------------------------------------+----------+------------+--------+---------------------------------+
; RES-30134 - Registers Not Reachable from Reset Release IP                                                           ; Medium   ; 5,000+     ; 0      ; reset-usage, reset-reachability ;
; LNT-30011 - Design Contains Combinational Loops                                                                     ; High     ; 0          ; 0      ; nonstandard-timing              ;
; LNT-30017 - Register Output Driving Its Own Asynchronous Control Signal Directly or Through Combinational Logic     ; Medium   ; 0          ; 0      ; nonstandard-timing              ;
; LNT-30023 - Reset Nets with Polarity Conflict                                                                       ; Medium   ; 0          ; 0      ; reset-usage                     ;
; RES-30132 - Registers May Not Be Properly Reset                                                                     ; Medium   ; 0          ; 0      ; reset-usage, reset-reachability ;
; RES-30133 - Embedded Memory Blocks with Initialized Content That Might be Modified Before the FPGA Enters User Mode ; Medium   ; 0          ; 0      ; ram, reset-usage                ;
; TMC-20052 - Paths with Post Synthesis Inferred Latches                                                              ; Medium   ; 0          ; 0      ; nonstandard-timing, latch       ;
; FLP-10500 - Non Driving Top Level Inputs Found                                                                      ; Low      ; 0          ; 0      ; system                          ;
; LNT-30010 - Nets Driving both Reset and Clock Enable Signals                                                        ; Low      ; 0          ; 0      ; reset-usage                     ;
; LNT-50006 - DSP Control Signal Registers Reset Mode Mismatch                                                        ; Low      ; 0          ; 0      ; dsp, reset-usage                ;
; TMC-20053 - DSP Inputs Driven by High Fan-Out Net                                                                   ; Low      ; 0          ; 0      ; dsp                             ;
; TMC-20500 - Hierarchical Tree Duplication was Shallower than Possible                                               ; Low      ; 0          ; 0      ; register-duplication, synthesis ;
; TMC-20501 - Hierarchical Tree Duplication was Shallower than Requested                                              ; Low      ; 0          ; 0      ; register-duplication, synthesis ;
+---------------------------------------------------------------------------------------------------------------------+----------+------------+--------+---------------------------------+


Status:		FAIL
Severity:		Medium
Number of violations: 	5,000+
Rule Parameters:      	max_violations = 5000
+----------------------------------------------------------------------------------------------------+
; RES-30134 - Registers Not Reachable from Reset Release IP                                          ;
+-------------------------------------------------------------------------------------------+--------+
; Register Node                                                                             ; Waived ;
+-------------------------------------------------------------------------------------------+--------+
; guard|emptyPifos_4_115                                                                    ;        ;
; guard|emptyPifos_4_81                                                                     ;        ;
; guard|emptyPifos_4_43                                                                     ;        ;
; pifoEngines_0|enque_brain|engineCAM|banks_0_tags_86[6]                                    ;        ;
; pifoEngines_0|enque_brain|engineCAM|banks_0_tags_85[9]                                    ;        ;
; pifoEngines_0|enque_brain|engineCAM|banks_0_tags_85[8]                                    ;        ;
; pifoEngines_0|enque_brain|engineCAM|banks_0_tags_85[10]                                   ;        ;
; pifoEngines_0|enque_brain|engineCAM|banks_0_tags_85[7]                                    ;        ;
; pifoEngines_0|enque_brain|engineCAM|banks_0_tags_85[5]                                    ;        ;
; pifoEngines_0|enque_brain|engineCAM|banks_0_tags_85[3]                                    ;        ;
; pifoEngines_0|enque_brain|engineCAM|banks_0_tags_85[6]                                    ;        ;
; pifoEngines_0|enque_brain|engineCAM|banks_0_tags_85[4]                                    ;        ;
; pifoEngines_0|enque_brain|engineCAM|banks_0_tags_85[0]                                    ;        ;
; guard|emptyPifos_4_35                                                                     ;        ;
; pifoEngines_0|enque_brain|engineCAM|banks_0_tags_85[2]                                    ;        ;
; pifoEngines_0|enque_brain|engineCAM|banks_0_tags_85[1]                                    ;        ;
; pifoEngines_0|enque_brain|engineCAM|banks_0_tags_85[14]                                   ;        ;
; pifoEngines_0|enque_brain|engineCAM|banks_0_tags_85[13]                                   ;        ;
; pifoEngines_0|enque_brain|engineCAM|banks_0_tags_85[12]                                   ;        ;
; pifoEngines_0|enque_brain|engineCAM|banks_0_tags_85[11]                                   ;        ;
; pifoEngines_0|enque_brain|engineCAM|banks_0_tags_85[16]                                   ;        ;
; pifoEngines_0|enque_brain|engineCAM|banks_0_tags_80[16]                                   ;        ;
; pifoEngines_0|enque_brain|engineCAM|banks_0_tags_82[5]                                    ;        ;
; pifoEngines_0|enque_brain|engineCAM|banks_0_tags_82[3]                                    ;        ;
; guard|emptyPifos_4_44                                                                     ;        ;
; pifoEngines_0|enque_brain|engineCAM|banks_0_tags_82[6]                                    ;        ;
; pifoEngines_0|enque_brain|engineCAM|banks_0_tags_80[14]                                   ;        ;
; pifoEngines_0|enque_brain|engineCAM|banks_0_tags_80[13]                                   ;        ;
; pifoEngines_0|enque_brain|engineCAM|banks_0_tags_80[12]                                   ;        ;
; pifoEngines_0|enque_brain|engineCAM|banks_0_tags_80[11]                                   ;        ;
; pifoEngines_0|enque_brain|engineCAM|banks_0_tags_80[0]                                    ;        ;
; pifoEngines_0|enque_brain|engineCAM|banks_0_tags_80[2]                                    ;        ;
; pifoEngines_0|enque_brain|engineCAM|banks_0_tags_80[1]                                    ;        ;
; pifoEngines_0|enque_brain|engineCAM|banks_0_tags_81[5]                                    ;        ;
; pifoEngines_0|enque_brain|engineCAM|banks_0_tags_81[3]                                    ;        ;
; guard|emptyPifos_4_32                                                                     ;        ;
; pifoEngines_0|enque_brain|engineCAM|banks_0_tags_81[6]                                    ;        ;
; pifoEngines_0|enque_brain|engineCAM|banks_0_tags_88[9]                                    ;        ;
; pifoEngines_0|enque_brain|engineCAM|banks_0_tags_88[8]                                    ;        ;
; pifoEngines_0|enque_brain|engineCAM|banks_0_tags_88[10]                                   ;        ;
; pifoEngines_0|enque_brain|engineCAM|banks_0_tags_88[7]                                    ;        ;
; pifoEngines_0|enque_brain|engineCAM|banks_0_tags_88[5]                                    ;        ;
; pifoEngines_0|enque_brain|engineCAM|banks_0_tags_88[3]                                    ;        ;
; pifoEngines_0|enque_brain|engineCAM|banks_0_tags_88[6]                                    ;        ;
; pifoEngines_0|enque_brain|engineCAM|banks_0_tags_88[4]                                    ;        ;
; pifoEngines_0|enque_brain|engineCAM|banks_0_tags_88[0]                                    ;        ;
; guard|emptyPifos_4_36                                                                     ;        ;
; pifoEngines_0|enque_brain|engineCAM|banks_0_tags_88[2]                                    ;        ;
; pifoEngines_0|enque_brain|engineCAM|banks_0_tags_88[1]                                    ;        ;
; pifoEngines_0|enque_brain|engineCAM|banks_0_tags_88[14]                                   ;        ;
; pifoEngines_0|enque_brain|engineCAM|banks_0_tags_88[13]                                   ;        ;
; pifoEngines_0|enque_brain|engineCAM|banks_0_tags_88[12]                                   ;        ;
; pifoEngines_0|enque_brain|engineCAM|banks_0_tags_88[11]                                   ;        ;
; pifoEngines_0|enque_brain|engineCAM|banks_0_tags_88[16]                                   ;        ;
; pifoEngines_0|enque_brain|engineCAM|banks_0_tags_89[9]                                    ;        ;
; pifoEngines_0|enque_brain|engineCAM|banks_0_tags_89[8]                                    ;        ;
; pifoEngines_0|enque_brain|engineCAM|banks_0_tags_89[10]                                   ;        ;
; guard|emptyPifos_4_45                                                                     ;        ;
; pifoEngines_0|enque_brain|engineCAM|banks_0_tags_89[7]                                    ;        ;
; pifoEngines_0|enque_brain|engineCAM|banks_0_tags_89[5]                                    ;        ;
; pifoEngines_0|enque_brain|engineCAM|banks_0_tags_89[3]                                    ;        ;
; pifoEngines_0|enque_brain|engineCAM|banks_0_tags_89[6]                                    ;        ;
; pifoEngines_0|enque_brain|engineCAM|banks_0_tags_89[4]                                    ;        ;
; pifoEngines_0|enque_brain|engineCAM|banks_0_tags_89[0]                                    ;        ;
; pifoEngines_0|enque_brain|engineCAM|banks_0_tags_89[2]                                    ;        ;
; pifoEngines_0|enque_brain|engineCAM|banks_0_tags_89[1]                                    ;        ;
; pifoEngines_0|enque_brain|engineCAM|banks_0_tags_89[14]                                   ;        ;
; pifoEngines_0|enque_brain|engineCAM|banks_0_tags_89[13]                                   ;        ;
; guard|emptyPifos_4_37                                                                     ;        ;
; pifoEngines_0|enque_brain|engineCAM|banks_0_tags_89[12]                                   ;        ;
; pifoEngines_0|enque_brain|engineCAM|banks_0_tags_89[11]                                   ;        ;
; pifoEngines_0|enque_brain|engineCAM|banks_0_tags_89[16]                                   ;        ;
; pifoEngines_0|enque_brain|engineCAM|banks_0_tags_92[5]                                    ;        ;
; pifoEngines_0|enque_brain|engineCAM|banks_0_tags_92[3]                                    ;        ;
; pifoEngines_0|enque_brain|engineCAM|banks_0_tags_92[6]                                    ;        ;
; pifoEngines_0|enque_brain|engineCAM|banks_0_tags_90[9]                                    ;        ;
; pifoEngines_0|enque_brain|engineCAM|banks_0_tags_90[8]                                    ;        ;
; pifoEngines_0|enque_brain|engineCAM|banks_0_tags_90[10]                                   ;        ;
; pifoEngines_0|enque_brain|engineCAM|banks_0_tags_90[7]                                    ;        ;
; guard|emptyPifos_4_40                                                                     ;        ;
; pifoEngines_0|enque_brain|engineCAM|banks_0_tags_90[5]                                    ;        ;
; pifoEngines_0|enque_brain|engineCAM|banks_0_tags_90[3]                                    ;        ;
; pifoEngines_0|enque_brain|engineCAM|banks_0_tags_90[6]                                    ;        ;
; pifoEngines_0|enque_brain|engineCAM|banks_0_tags_90[4]                                    ;        ;
; pifoEngines_0|enque_brain|engineCAM|banks_0_tags_90[0]                                    ;        ;
; pifoEngines_0|enque_brain|engineCAM|banks_0_tags_90[2]                                    ;        ;
; pifoEngines_0|enque_brain|engineCAM|banks_0_tags_90[1]                                    ;        ;
; pifoEngines_0|enque_brain|engineCAM|banks_0_tags_90[14]                                   ;        ;
; pifoEngines_0|enque_brain|engineCAM|banks_0_tags_90[13]                                   ;        ;
; pifoEngines_0|enque_brain|engineCAM|banks_0_tags_90[12]                                   ;        ;
; guard|emptyPifos_4_41                                                                     ;        ;
; pifoEngines_0|enque_brain|engineCAM|banks_0_tags_90[11]                                   ;        ;
; pifoEngines_0|enque_brain|engineCAM|banks_0_tags_90[16]                                   ;        ;
; pifoEngines_0|enque_brain|engineCAM|banks_0_tags_97[16]                                   ;        ;
; pifoEngines_0|enque_brain|engineCAM|banks_0_tags_99[5]                                    ;        ;
; pifoEngines_0|enque_brain|engineCAM|banks_0_tags_99[3]                                    ;        ;
; pifoEngines_0|enque_brain|engineCAM|banks_0_tags_99[6]                                    ;        ;
; pifoEngines_0|enque_brain|engineCAM|banks_0_tags_97[14]                                   ;        ;
; pifoEngines_0|enque_brain|engineCAM|banks_0_tags_97[13]                                   ;        ;
; pifoEngines_0|enque_brain|engineCAM|banks_0_tags_97[12]                                   ;        ;
; pifoEngines_0|enque_brain|engineCAM|banks_0_tags_97[11]                                   ;        ;
; guard|emptyPifos_4_33                                                                     ;        ;
; pifoEngines_0|enque_brain|engineCAM|banks_0_tags_97[0]                                    ;        ;
; pifoEngines_0|enque_brain|engineCAM|banks_0_tags_97[2]                                    ;        ;
; pifoEngines_0|enque_brain|engineCAM|banks_0_tags_97[1]                                    ;        ;
; pifoEngines_0|enque_brain|engineCAM|banks_0_tags_98[5]                                    ;        ;
; pifoEngines_0|enque_brain|engineCAM|banks_0_tags_98[3]                                    ;        ;
; pifoEngines_0|enque_brain|engineCAM|banks_0_tags_98[6]                                    ;        ;
; pifoEngines_0|enque_brain|engineCAM|banks_0_tags_101[5]                                   ;        ;
; pifoEngines_0|enque_brain|engineCAM|banks_0_tags_101[3]                                   ;        ;
; pifoEngines_0|enque_brain|engineCAM|banks_0_tags_101[6]                                   ;        ;
; pifoEngines_0|enque_brain|engineCAM|banks_0_tags_104[5]                                   ;        ;
; guard|emptyPifos_4_66                                                                     ;        ;
; guard|emptyPifos_4_62                                                                     ;        ;
; pifoEngines_0|enque_brain|engineCAM|banks_0_tags_104[3]                                   ;        ;
; pifoEngines_0|enque_brain|engineCAM|banks_0_tags_104[6]                                   ;        ;
; pifoEngines_0|enque_brain|engineCAM|banks_0_tags_102[9]                                   ;        ;
; pifoEngines_0|enque_brain|engineCAM|banks_0_tags_102[8]                                   ;        ;
; pifoEngines_0|enque_brain|engineCAM|banks_0_tags_102[10]                                  ;        ;
; pifoEngines_0|enque_brain|engineCAM|banks_0_tags_102[7]                                   ;        ;
; pifoEngines_0|enque_brain|engineCAM|banks_0_tags_102[5]                                   ;        ;
; pifoEngines_0|enque_brain|engineCAM|banks_0_tags_102[3]                                   ;        ;
; pifoEngines_0|enque_brain|engineCAM|banks_0_tags_102[6]                                   ;        ;
; pifoEngines_0|enque_brain|engineCAM|banks_0_tags_102[4]                                   ;        ;
; guard|emptyPifos_4_50                                                                     ;        ;
; pifoEngines_0|enque_brain|engineCAM|banks_0_tags_102[0]                                   ;        ;
; pifoEngines_0|enque_brain|engineCAM|banks_0_tags_102[2]                                   ;        ;
; pifoEngines_0|enque_brain|engineCAM|banks_0_tags_102[1]                                   ;        ;
; pifoEngines_0|enque_brain|engineCAM|banks_0_tags_102[14]                                  ;        ;
; pifoEngines_0|enque_brain|engineCAM|banks_0_tags_102[13]                                  ;        ;
; pifoEngines_0|enque_brain|engineCAM|banks_0_tags_102[12]                                  ;        ;
; pifoEngines_0|enque_brain|engineCAM|banks_0_tags_102[11]                                  ;        ;
; pifoEngines_0|enque_brain|engineCAM|banks_0_tags_102[16]                                  ;        ;
; pifoEngines_0|enque_brain|engineCAM|banks_0_tags_106[16]                                  ;        ;
; pifoEngines_0|enque_brain|engineCAM|banks_0_tags_112[5]                                   ;        ;
; guard|emptyPifos_4_54                                                                     ;        ;
; pifoEngines_0|enque_brain|engineCAM|banks_0_tags_112[3]                                   ;        ;
; pifoEngines_0|enque_brain|engineCAM|banks_0_tags_112[6]                                   ;        ;
; pifoEngines_0|enque_brain|engineCAM|banks_0_tags_106[14]                                  ;        ;
; pifoEngines_0|enque_brain|engineCAM|banks_0_tags_106[13]                                  ;        ;
; pifoEngines_0|enque_brain|engineCAM|banks_0_tags_106[12]                                  ;        ;
; pifoEngines_0|enque_brain|engineCAM|banks_0_tags_106[11]                                  ;        ;
; pifoEngines_0|enque_brain|engineCAM|banks_0_tags_106[0]                                   ;        ;
; pifoEngines_0|enque_brain|engineCAM|banks_0_tags_106[2]                                   ;        ;
; pifoEngines_0|enque_brain|engineCAM|banks_0_tags_106[1]                                   ;        ;
; pifoEngines_0|enque_brain|engineCAM|banks_0_tags_108[5]                                   ;        ;
; guard|emptyPifos_4_63                                                                     ;        ;
; pifoEngines_0|enque_brain|engineCAM|banks_0_tags_108[3]                                   ;        ;
; pifoEngines_0|enque_brain|engineCAM|banks_0_tags_108[6]                                   ;        ;
; pifoEngines_0|enque_brain|engineCAM|banks_0_tags_105[9]                                   ;        ;
; pifoEngines_0|enque_brain|engineCAM|banks_0_tags_105[8]                                   ;        ;
; pifoEngines_0|enque_brain|engineCAM|banks_0_tags_105[10]                                  ;        ;
; pifoEngines_0|enque_brain|engineCAM|banks_0_tags_105[7]                                   ;        ;
; pifoEngines_0|enque_brain|engineCAM|banks_0_tags_105[5]                                   ;        ;
; pifoEngines_0|enque_brain|engineCAM|banks_0_tags_105[3]                                   ;        ;
; pifoEngines_0|enque_brain|engineCAM|banks_0_tags_105[6]                                   ;        ;
; pifoEngines_0|enque_brain|engineCAM|banks_0_tags_105[4]                                   ;        ;
; guard|emptyPifos_4_55                                                                     ;        ;
; pifoEngines_0|enque_brain|engineCAM|banks_0_tags_105[0]                                   ;        ;
; pifoEngines_0|enque_brain|engineCAM|banks_0_tags_105[2]                                   ;        ;
; pifoEngines_0|enque_brain|engineCAM|banks_0_tags_105[1]                                   ;        ;
; pifoEngines_0|enque_brain|engineCAM|banks_0_tags_105[14]                                  ;        ;
; pifoEngines_0|enque_brain|engineCAM|banks_0_tags_105[13]                                  ;        ;
; pifoEngines_0|enque_brain|engineCAM|banks_0_tags_105[12]                                  ;        ;
; pifoEngines_0|enque_brain|engineCAM|banks_0_tags_105[11]                                  ;        ;
; pifoEngines_0|enque_brain|engineCAM|banks_0_tags_105[16]                                  ;        ;
; pifoEngines_0|enque_brain|engineCAM|banks_0_tags_33[16]                                   ;        ;
; pifoEngines_0|enque_brain|engineCAM|banks_0_tags_35[16]                                   ;        ;
; guard|emptyPifos_4_58                                                                     ;        ;
; pifoEngines_0|enque_brain|engineCAM|banks_0_tags_33[14]                                   ;        ;
; pifoEngines_0|enque_brain|engineCAM|banks_0_tags_33[13]                                   ;        ;
; pifoEngines_0|enque_brain|engineCAM|banks_0_tags_33[12]                                   ;        ;
; pifoEngines_0|enque_brain|engineCAM|banks_0_tags_33[11]                                   ;        ;
; pifoEngines_0|enque_brain|engineCAM|banks_0_tags_33[0]                                    ;        ;
; pifoEngines_0|enque_brain|engineCAM|banks_0_tags_33[2]                                    ;        ;
; pifoEngines_0|enque_brain|engineCAM|banks_0_tags_33[1]                                    ;        ;
; pifoEngines_0|enque_brain|engineCAM|banks_0_tags_34[5]                                    ;        ;
; pifoEngines_0|enque_brain|engineCAM|banks_0_tags_34[3]                                    ;        ;
; pifoEngines_0|enque_brain|engineCAM|banks_0_tags_34[6]                                    ;        ;
; guard|emptyPifos_4_59                                                                     ;        ;
; pifoEngines_0|enque_brain|engineCAM|banks_0_tags_35[14]                                   ;        ;
; pifoEngines_0|enque_brain|engineCAM|banks_0_tags_35[13]                                   ;        ;
; pifoEngines_0|enque_brain|engineCAM|banks_0_tags_35[12]                                   ;        ;
; pifoEngines_0|enque_brain|engineCAM|banks_0_tags_35[11]                                   ;        ;
; pifoEngines_0|enque_brain|engineCAM|banks_0_tags_35[0]                                    ;        ;
; pifoEngines_0|enque_brain|engineCAM|banks_0_tags_35[2]                                    ;        ;
; pifoEngines_0|enque_brain|engineCAM|banks_0_tags_35[1]                                    ;        ;
; pifoEngines_0|enque_brain|engineCAM|banks_0_tags_36[5]                                    ;        ;
; pifoEngines_0|enque_brain|engineCAM|banks_0_tags_36[3]                                    ;        ;
; pifoEngines_0|enque_brain|engineCAM|banks_0_tags_36[6]                                    ;        ;
; guard|emptyPifos_4_51                                                                     ;        ;
; pifoEngines_0|enque_brain|engineCAM|banks_0_tags_37[9]                                    ;        ;
; pifoEngines_0|enque_brain|engineCAM|banks_0_tags_37[8]                                    ;        ;
; pifoEngines_0|enque_brain|engineCAM|banks_0_tags_37[10]                                   ;        ;
; pifoEngines_0|enque_brain|engineCAM|banks_0_tags_37[7]                                    ;        ;
; pifoEngines_0|enque_brain|engineCAM|banks_0_tags_37[5]                                    ;        ;
; pifoEngines_0|enque_brain|engineCAM|banks_0_tags_37[3]                                    ;        ;
; pifoEngines_0|enque_brain|engineCAM|banks_0_tags_37[6]                                    ;        ;
; pifoEngines_0|enque_brain|engineCAM|banks_0_tags_37[4]                                    ;        ;
; pifoEngines_0|enque_brain|engineCAM|banks_0_tags_37[0]                                    ;        ;
; pifoEngines_0|enque_brain|engineCAM|banks_0_tags_37[2]                                    ;        ;
; guard|emptyPifos_4_46                                                                     ;        ;
; pifoEngines_0|enque_brain|engineCAM|banks_0_tags_37[1]                                    ;        ;
; pifoEngines_0|enque_brain|engineCAM|banks_0_tags_37[14]                                   ;        ;
; pifoEngines_0|enque_brain|engineCAM|banks_0_tags_37[13]                                   ;        ;
; pifoEngines_0|enque_brain|engineCAM|banks_0_tags_37[12]                                   ;        ;
; pifoEngines_0|enque_brain|engineCAM|banks_0_tags_37[11]                                   ;        ;
; pifoEngines_0|enque_brain|engineCAM|banks_0_tags_37[16]                                   ;        ;
; pifoEngines_0|enque_brain|engineCAM|banks_0_tags_39[9]                                    ;        ;
; pifoEngines_0|enque_brain|engineCAM|banks_0_tags_39[8]                                    ;        ;
; pifoEngines_0|enque_brain|engineCAM|banks_0_tags_39[10]                                   ;        ;
; pifoEngines_0|enque_brain|engineCAM|banks_0_tags_39[7]                                    ;        ;
; guard|emptyPifos_4_34                                                                     ;        ;
; pifoEngines_0|enque_brain|engineCAM|banks_0_tags_39[5]                                    ;        ;
; pifoEngines_0|enque_brain|engineCAM|banks_0_tags_39[3]                                    ;        ;
; pifoEngines_0|enque_brain|engineCAM|banks_0_tags_39[6]                                    ;        ;
; pifoEngines_0|enque_brain|engineCAM|banks_0_tags_39[4]                                    ;        ;
; pifoEngines_0|enque_brain|engineCAM|banks_0_tags_39[0]                                    ;        ;
; pifoEngines_0|enque_brain|engineCAM|banks_0_tags_39[2]                                    ;        ;
; pifoEngines_0|enque_brain|engineCAM|banks_0_tags_39[1]                                    ;        ;
; pifoEngines_0|enque_brain|engineCAM|banks_0_tags_39[14]                                   ;        ;
; pifoEngines_0|enque_brain|engineCAM|banks_0_tags_39[13]                                   ;        ;
; pifoEngines_0|enque_brain|engineCAM|banks_0_tags_39[12]                                   ;        ;
; guard|emptyPifos_4_82                                                                     ;        ;
; guard|emptyPifos_4_38                                                                     ;        ;
; pifoEngines_0|enque_brain|engineCAM|banks_0_tags_39[11]                                   ;        ;
; pifoEngines_0|enque_brain|engineCAM|banks_0_tags_39[16]                                   ;        ;
; pifoEngines_0|enque_brain|engineCAM|banks_0_tags_38[9]                                    ;        ;
; pifoEngines_0|enque_brain|engineCAM|banks_0_tags_38[8]                                    ;        ;
; pifoEngines_0|enque_brain|engineCAM|banks_0_tags_38[10]                                   ;        ;
; pifoEngines_0|enque_brain|engineCAM|banks_0_tags_38[7]                                    ;        ;
; pifoEngines_0|enque_brain|engineCAM|banks_0_tags_38[5]                                    ;        ;
; pifoEngines_0|enque_brain|engineCAM|banks_0_tags_38[3]                                    ;        ;
; pifoEngines_0|enque_brain|engineCAM|banks_0_tags_38[6]                                    ;        ;
; pifoEngines_0|enque_brain|engineCAM|banks_0_tags_38[4]                                    ;        ;
; guard|emptyPifos_4_60                                                                     ;        ;
; pifoEngines_0|enque_brain|engineCAM|banks_0_tags_38[0]                                    ;        ;
; pifoEngines_0|enque_brain|engineCAM|banks_0_tags_38[2]                                    ;        ;
; pifoEngines_0|enque_brain|engineCAM|banks_0_tags_38[1]                                    ;        ;
; pifoEngines_0|enque_brain|engineCAM|banks_0_tags_38[14]                                   ;        ;
; pifoEngines_0|enque_brain|engineCAM|banks_0_tags_38[13]                                   ;        ;
; pifoEngines_0|enque_brain|engineCAM|banks_0_tags_38[12]                                   ;        ;
; pifoEngines_0|enque_brain|engineCAM|banks_0_tags_38[11]                                   ;        ;
; pifoEngines_0|enque_brain|engineCAM|banks_0_tags_38[16]                                   ;        ;
; pifoEngines_0|enque_brain|engineCAM|banks_0_tags_41[5]                                    ;        ;
; pifoEngines_0|enque_brain|engineCAM|banks_0_tags_41[3]                                    ;        ;
; guard|emptyPifos_4_48                                                                     ;        ;
; pifoEngines_0|enque_brain|engineCAM|banks_0_tags_41[6]                                    ;        ;
; pifoEngines_0|enque_brain|engineCAM|banks_0_tags_43[5]                                    ;        ;
; pifoEngines_0|enque_brain|engineCAM|banks_0_tags_43[3]                                    ;        ;
; pifoEngines_0|enque_brain|engineCAM|banks_0_tags_43[6]                                    ;        ;
; pifoEngines_0|enque_brain|engineCAM|banks_0_tags_45[16]                                   ;        ;
; pifoEngines_0|enque_brain|engineCAM|banks_0_tags_48[5]                                    ;        ;
; pifoEngines_0|enque_brain|engineCAM|banks_0_tags_48[3]                                    ;        ;
; pifoEngines_0|enque_brain|engineCAM|banks_0_tags_48[6]                                    ;        ;
; pifoEngines_0|enque_brain|engineCAM|banks_0_tags_45[14]                                   ;        ;
; pifoEngines_0|enque_brain|engineCAM|banks_0_tags_45[13]                                   ;        ;
; guard|emptyPifos_4_52                                                                     ;        ;
; pifoEngines_0|enque_brain|engineCAM|banks_0_tags_45[12]                                   ;        ;
; pifoEngines_0|enque_brain|engineCAM|banks_0_tags_45[11]                                   ;        ;
; pifoEngines_0|enque_brain|engineCAM|banks_0_tags_45[0]                                    ;        ;
; pifoEngines_0|enque_brain|engineCAM|banks_0_tags_45[2]                                    ;        ;
; pifoEngines_0|enque_brain|engineCAM|banks_0_tags_45[1]                                    ;        ;
; pifoEngines_0|enque_brain|engineCAM|banks_0_tags_46[5]                                    ;        ;
; pifoEngines_0|enque_brain|engineCAM|banks_0_tags_46[3]                                    ;        ;
; pifoEngines_0|enque_brain|engineCAM|banks_0_tags_46[6]                                    ;        ;
; pifoEngines_0|enque_brain|engineCAM|banks_0_tags_42[9]                                    ;        ;
; pifoEngines_0|enque_brain|engineCAM|banks_0_tags_42[8]                                    ;        ;
; guard|emptyPifos_4_61                                                                     ;        ;
; pifoEngines_0|enque_brain|engineCAM|banks_0_tags_42[10]                                   ;        ;
; pifoEngines_0|enque_brain|engineCAM|banks_0_tags_42[7]                                    ;        ;
; pifoEngines_0|enque_brain|engineCAM|banks_0_tags_42[5]                                    ;        ;
; pifoEngines_0|enque_brain|engineCAM|banks_0_tags_42[3]                                    ;        ;
; pifoEngines_0|enque_brain|engineCAM|banks_0_tags_42[6]                                    ;        ;
; pifoEngines_0|enque_brain|engineCAM|banks_0_tags_42[4]                                    ;        ;
; pifoEngines_0|enque_brain|engineCAM|banks_0_tags_42[0]                                    ;        ;
; pifoEngines_0|enque_brain|engineCAM|banks_0_tags_42[2]                                    ;        ;
; pifoEngines_0|enque_brain|engineCAM|banks_0_tags_42[1]                                    ;        ;
; pifoEngines_0|enque_brain|engineCAM|banks_0_tags_42[14]                                   ;        ;
; guard|emptyPifos_4_53                                                                     ;        ;
; pifoEngines_0|enque_brain|engineCAM|banks_0_tags_42[13]                                   ;        ;
; pifoEngines_0|enque_brain|engineCAM|banks_0_tags_42[12]                                   ;        ;
; pifoEngines_0|enque_brain|engineCAM|banks_0_tags_42[11]                                   ;        ;
; pifoEngines_0|enque_brain|engineCAM|banks_0_tags_42[16]                                   ;        ;
; pifoEngines_0|enque_brain|engineCAM|banks_0_tags_40[9]                                    ;        ;
; pifoEngines_0|enque_brain|engineCAM|banks_0_tags_40[8]                                    ;        ;
; pifoEngines_0|enque_brain|engineCAM|banks_0_tags_40[10]                                   ;        ;
; pifoEngines_0|enque_brain|engineCAM|banks_0_tags_40[7]                                    ;        ;
; pifoEngines_0|enque_brain|engineCAM|banks_0_tags_40[5]                                    ;        ;
; pifoEngines_0|enque_brain|engineCAM|banks_0_tags_40[3]                                    ;        ;
; guard|emptyPifos_4_56                                                                     ;        ;
; pifoEngines_0|enque_brain|engineCAM|banks_0_tags_40[6]                                    ;        ;
; pifoEngines_0|enque_brain|engineCAM|banks_0_tags_40[4]                                    ;        ;
; pifoEngines_0|enque_brain|engineCAM|banks_0_tags_40[0]                                    ;        ;
; pifoEngines_0|enque_brain|engineCAM|banks_0_tags_40[2]                                    ;        ;
; pifoEngines_0|enque_brain|engineCAM|banks_0_tags_40[1]                                    ;        ;
; pifoEngines_0|enque_brain|engineCAM|banks_0_tags_40[14]                                   ;        ;
; pifoEngines_0|enque_brain|engineCAM|banks_0_tags_40[13]                                   ;        ;
; pifoEngines_0|enque_brain|engineCAM|banks_0_tags_40[12]                                   ;        ;
; pifoEngines_0|enque_brain|engineCAM|banks_0_tags_40[11]                                   ;        ;
; pifoEngines_0|enque_brain|engineCAM|banks_0_tags_40[16]                                   ;        ;
; guard|emptyPifos_4_57                                                                     ;        ;
; pifoEngines_0|enque_brain|engineCAM|banks_0_tags_28[9]                                    ;        ;
; pifoEngines_0|enque_brain|engineCAM|banks_0_tags_28[8]                                    ;        ;
; pifoEngines_0|enque_brain|engineCAM|banks_0_tags_28[10]                                   ;        ;
; pifoEngines_0|enque_brain|engineCAM|banks_0_tags_28[7]                                    ;        ;
; pifoEngines_0|enque_brain|engineCAM|banks_0_tags_28[5]                                    ;        ;
; pifoEngines_0|enque_brain|engineCAM|banks_0_tags_28[3]                                    ;        ;
; pifoEngines_0|enque_brain|engineCAM|banks_0_tags_28[6]                                    ;        ;
; pifoEngines_0|enque_brain|engineCAM|banks_0_tags_28[4]                                    ;        ;
; pifoEngines_0|enque_brain|engineCAM|banks_0_tags_28[0]                                    ;        ;
; pifoEngines_0|enque_brain|engineCAM|banks_0_tags_28[2]                                    ;        ;
; guard|emptyPifos_4_49                                                                     ;        ;
; pifoEngines_0|enque_brain|engineCAM|banks_0_tags_28[1]                                    ;        ;
; pifoEngines_0|enque_brain|engineCAM|banks_0_tags_28[14]                                   ;        ;
; pifoEngines_0|enque_brain|engineCAM|banks_0_tags_28[13]                                   ;        ;
; pifoEngines_0|enque_brain|engineCAM|banks_0_tags_28[12]                                   ;        ;
; pifoEngines_0|enque_brain|engineCAM|banks_0_tags_28[11]                                   ;        ;
; pifoEngines_0|enque_brain|engineCAM|banks_0_tags_28[16]                                   ;        ;
; pifoEngines_0|enque_brain|engineCAM|banks_0_tags_30[5]                                    ;        ;
; pifoEngines_0|enque_brain|engineCAM|banks_0_tags_30[3]                                    ;        ;
; pifoEngines_0|enque_brain|engineCAM|banks_0_tags_30[6]                                    ;        ;
; pifoEngines_0|enque_brain|engineCAM|banks_0_tags_29[9]                                    ;        ;
; guard|emptyPifos_0_115                                                                    ;        ;
; pifoEngines_0|enque_brain|engineCAM|banks_0_tags_29[8]                                    ;        ;
; pifoEngines_0|enque_brain|engineCAM|banks_0_tags_29[10]                                   ;        ;
; pifoEngines_0|enque_brain|engineCAM|banks_0_tags_29[7]                                    ;        ;
; pifoEngines_0|enque_brain|engineCAM|banks_0_tags_29[5]                                    ;        ;
; pifoEngines_0|enque_brain|engineCAM|banks_0_tags_29[3]                                    ;        ;
; pifoEngines_0|enque_brain|engineCAM|banks_0_tags_29[6]                                    ;        ;
; pifoEngines_0|enque_brain|engineCAM|banks_0_tags_29[4]                                    ;        ;
; pifoEngines_0|enque_brain|engineCAM|banks_0_tags_29[0]                                    ;        ;
; pifoEngines_0|enque_brain|engineCAM|banks_0_tags_29[2]                                    ;        ;
; pifoEngines_0|enque_brain|engineCAM|banks_0_tags_29[1]                                    ;        ;
; guard|emptyPifos_4_80                                                                     ;        ;
; guard|emptyPifos_0_83                                                                     ;        ;
; pifoEngines_0|enque_brain|engineCAM|banks_0_tags_29[14]                                   ;        ;
; pifoEngines_0|enque_brain|engineCAM|banks_0_tags_29[13]                                   ;        ;
; pifoEngines_0|enque_brain|engineCAM|banks_0_tags_29[12]                                   ;        ;
; pifoEngines_0|enque_brain|engineCAM|banks_0_tags_29[11]                                   ;        ;
; pifoEngines_0|enque_brain|engineCAM|banks_0_tags_29[16]                                   ;        ;
; pifoEngines_0|enque_brain|engineCAM|banks_0_valid_28                                      ;        ;
; pifoEngines_0|enque_brain|engineCAM|banks_0_valid_29                                      ;        ;
; pifoEngines_0|enque_brain|engineCAM|banks_0_tags_24[16]                                   ;        ;
; pifoEngines_0|enque_brain|engineCAM|banks_0_tags_26[9]                                    ;        ;
; pifoEngines_0|enque_brain|engineCAM|banks_0_tags_26[8]                                    ;        ;
; guard|emptyPifos_0_98                                                                     ;        ;
; pifoEngines_0|enque_brain|engineCAM|banks_0_tags_26[10]                                   ;        ;
; pifoEngines_0|enque_brain|engineCAM|banks_0_tags_26[7]                                    ;        ;
; pifoEngines_0|enque_brain|engineCAM|banks_0_tags_26[5]                                    ;        ;
; pifoEngines_0|enque_brain|engineCAM|banks_0_tags_26[3]                                    ;        ;
; pifoEngines_0|enque_brain|engineCAM|banks_0_tags_26[6]                                    ;        ;
; pifoEngines_0|enque_brain|engineCAM|banks_0_tags_26[4]                                    ;        ;
; pifoEngines_0|enque_brain|engineCAM|banks_0_tags_26[0]                                    ;        ;
; pifoEngines_0|enque_brain|engineCAM|banks_0_tags_26[2]                                    ;        ;
; pifoEngines_0|enque_brain|engineCAM|banks_0_tags_26[1]                                    ;        ;
; pifoEngines_0|enque_brain|engineCAM|banks_0_tags_26[14]                                   ;        ;
; guard|emptyPifos_0_99                                                                     ;        ;
; pifoEngines_0|enque_brain|engineCAM|banks_0_tags_26[13]                                   ;        ;
; pifoEngines_0|enque_brain|engineCAM|banks_0_tags_26[12]                                   ;        ;
; pifoEngines_0|enque_brain|engineCAM|banks_0_tags_26[11]                                   ;        ;
; pifoEngines_0|enque_brain|engineCAM|banks_0_tags_26[16]                                   ;        ;
; pifoEngines_0|enque_brain|engineCAM|banks_0_tags_24[14]                                   ;        ;
; pifoEngines_0|enque_brain|engineCAM|banks_0_tags_24[13]                                   ;        ;
; pifoEngines_0|enque_brain|engineCAM|banks_0_tags_24[12]                                   ;        ;
; pifoEngines_0|enque_brain|engineCAM|banks_0_tags_24[11]                                   ;        ;
; pifoEngines_0|enque_brain|engineCAM|banks_0_tags_24[0]                                    ;        ;
; pifoEngines_0|enque_brain|engineCAM|banks_0_tags_24[2]                                    ;        ;
; guard|emptyPifos_0_67                                                                     ;        ;
; pifoEngines_0|enque_brain|engineCAM|banks_0_tags_24[1]                                    ;        ;
; pifoEngines_0|enque_brain|engineCAM|banks_0_tags_25[5]                                    ;        ;
; pifoEngines_0|enque_brain|engineCAM|banks_0_tags_25[3]                                    ;        ;
; pifoEngines_0|enque_brain|engineCAM|banks_0_tags_25[6]                                    ;        ;
; pifoEngines_0|enque_brain|engineCAM|banks_0_tags_27[9]                                    ;        ;
; pifoEngines_0|enque_brain|engineCAM|banks_0_tags_27[8]                                    ;        ;
; pifoEngines_0|enque_brain|engineCAM|banks_0_tags_27[10]                                   ;        ;
; pifoEngines_0|enque_brain|engineCAM|banks_0_tags_27[7]                                    ;        ;
; pifoEngines_0|enque_brain|engineCAM|banks_0_tags_27[5]                                    ;        ;
; pifoEngines_0|enque_brain|engineCAM|banks_0_tags_27[3]                                    ;        ;
; guard|emptyPifos_0_112                                                                    ;        ;
; pifoEngines_0|enque_brain|engineCAM|banks_0_tags_27[6]                                    ;        ;
; pifoEngines_0|enque_brain|engineCAM|banks_0_tags_27[4]                                    ;        ;
; pifoEngines_0|enque_brain|engineCAM|banks_0_tags_27[0]                                    ;        ;
; pifoEngines_0|enque_brain|engineCAM|banks_0_tags_27[2]                                    ;        ;
; pifoEngines_0|enque_brain|engineCAM|banks_0_tags_27[1]                                    ;        ;
; pifoEngines_0|enque_brain|engineCAM|banks_0_tags_27[14]                                   ;        ;
; pifoEngines_0|enque_brain|engineCAM|banks_0_tags_27[13]                                   ;        ;
; pifoEngines_0|enque_brain|engineCAM|banks_0_tags_27[12]                                   ;        ;
; pifoEngines_0|enque_brain|engineCAM|banks_0_tags_27[11]                                   ;        ;
; pifoEngines_0|enque_brain|engineCAM|banks_0_tags_27[16]                                   ;        ;
; guard|emptyPifos_0_64                                                                     ;        ;
; pifoEngines_0|enque_brain|engineCAM|banks_0_valid_24                                      ;        ;
; pifoEngines_0|enque_brain|engineCAM|banks_0_valid_26                                      ;        ;
; pifoEngines_0|enque_brain|engineCAM|banks_0_valid_27                                      ;        ;
; pifoEngines_0|enque_brain|engineCAM|banks_0_tags_20[9]                                    ;        ;
; pifoEngines_0|enque_brain|engineCAM|banks_0_tags_20[8]                                    ;        ;
; pifoEngines_0|enque_brain|engineCAM|banks_0_tags_20[10]                                   ;        ;
; pifoEngines_0|enque_brain|engineCAM|banks_0_tags_20[7]                                    ;        ;
; pifoEngines_0|enque_brain|engineCAM|banks_0_tags_20[5]                                    ;        ;
; pifoEngines_0|enque_brain|engineCAM|banks_0_tags_20[3]                                    ;        ;
; pifoEngines_0|enque_brain|engineCAM|banks_0_tags_20[6]                                    ;        ;
; guard|emptyPifos_0_80                                                                     ;        ;
; pifoEngines_0|enque_brain|engineCAM|banks_0_tags_20[4]                                    ;        ;
; pifoEngines_0|enque_brain|engineCAM|banks_0_tags_20[0]                                    ;        ;
; pifoEngines_0|enque_brain|engineCAM|banks_0_tags_20[2]                                    ;        ;
; pifoEngines_0|enque_brain|engineCAM|banks_0_tags_20[1]                                    ;        ;
; pifoEngines_0|enque_brain|engineCAM|banks_0_tags_20[14]                                   ;        ;
; pifoEngines_0|enque_brain|engineCAM|banks_0_tags_20[13]                                   ;        ;
; pifoEngines_0|enque_brain|engineCAM|banks_0_tags_20[12]                                   ;        ;
; pifoEngines_0|enque_brain|engineCAM|banks_0_tags_20[11]                                   ;        ;
; pifoEngines_0|enque_brain|engineCAM|banks_0_tags_20[16]                                   ;        ;
; pifoEngines_0|enque_brain|engineCAM|banks_0_tags_22[9]                                    ;        ;
; guard|emptyPifos_0_113                                                                    ;        ;
; pifoEngines_0|enque_brain|engineCAM|banks_0_tags_22[8]                                    ;        ;
; pifoEngines_0|enque_brain|engineCAM|banks_0_tags_22[10]                                   ;        ;
; pifoEngines_0|enque_brain|engineCAM|banks_0_tags_22[7]                                    ;        ;
; pifoEngines_0|enque_brain|engineCAM|banks_0_tags_22[5]                                    ;        ;
; pifoEngines_0|enque_brain|engineCAM|banks_0_tags_22[3]                                    ;        ;
; pifoEngines_0|enque_brain|engineCAM|banks_0_tags_22[6]                                    ;        ;
; pifoEngines_0|enque_brain|engineCAM|banks_0_tags_22[4]                                    ;        ;
; pifoEngines_0|enque_brain|engineCAM|banks_0_tags_22[0]                                    ;        ;
; pifoEngines_0|enque_brain|engineCAM|banks_0_tags_22[2]                                    ;        ;
; pifoEngines_0|enque_brain|engineCAM|banks_0_tags_22[1]                                    ;        ;
; guard|emptyPifos_0_81                                                                     ;        ;
; pifoEngines_0|enque_brain|engineCAM|banks_0_tags_22[14]                                   ;        ;
; pifoEngines_0|enque_brain|engineCAM|banks_0_tags_22[13]                                   ;        ;
; pifoEngines_0|enque_brain|engineCAM|banks_0_tags_22[12]                                   ;        ;
; pifoEngines_0|enque_brain|engineCAM|banks_0_tags_22[11]                                   ;        ;
; pifoEngines_0|enque_brain|engineCAM|banks_0_tags_22[16]                                   ;        ;
; pifoEngines_0|enque_brain|engineCAM|banks_0_tags_21[9]                                    ;        ;
; pifoEngines_0|enque_brain|engineCAM|banks_0_tags_21[8]                                    ;        ;
; pifoEngines_0|enque_brain|engineCAM|banks_0_tags_21[10]                                   ;        ;
; pifoEngines_0|enque_brain|engineCAM|banks_0_tags_21[7]                                    ;        ;
; pifoEngines_0|enque_brain|engineCAM|banks_0_tags_21[5]                                    ;        ;
; guard|emptyPifos_0_96                                                                     ;        ;
; pifoEngines_0|enque_brain|engineCAM|banks_0_tags_21[3]                                    ;        ;
; pifoEngines_0|enque_brain|engineCAM|banks_0_tags_21[6]                                    ;        ;
; pifoEngines_0|enque_brain|engineCAM|banks_0_tags_21[4]                                    ;        ;
; pifoEngines_0|enque_brain|engineCAM|banks_0_tags_21[0]                                    ;        ;
; pifoEngines_0|enque_brain|engineCAM|banks_0_tags_21[2]                                    ;        ;
; pifoEngines_0|enque_brain|engineCAM|banks_0_tags_21[1]                                    ;        ;
; pifoEngines_0|enque_brain|engineCAM|banks_0_tags_21[14]                                   ;        ;
; pifoEngines_0|enque_brain|engineCAM|banks_0_tags_21[13]                                   ;        ;
; pifoEngines_0|enque_brain|engineCAM|banks_0_tags_21[12]                                   ;        ;
; pifoEngines_0|enque_brain|engineCAM|banks_0_tags_21[11]                                   ;        ;
; guard|emptyPifos_4_103                                                                    ;        ;
; guard|emptyPifos_0_97                                                                     ;        ;
; pifoEngines_0|enque_brain|engineCAM|banks_0_tags_21[16]                                   ;        ;
; pifoEngines_0|enque_brain|engineCAM|banks_0_tags_23[9]                                    ;        ;
; pifoEngines_0|enque_brain|engineCAM|banks_0_tags_23[8]                                    ;        ;
; pifoEngines_0|enque_brain|engineCAM|banks_0_tags_23[10]                                   ;        ;
; pifoEngines_0|enque_brain|engineCAM|banks_0_tags_23[7]                                    ;        ;
; pifoEngines_0|enque_brain|engineCAM|banks_0_tags_23[5]                                    ;        ;
; pifoEngines_0|enque_brain|engineCAM|banks_0_tags_23[3]                                    ;        ;
; pifoEngines_0|enque_brain|engineCAM|banks_0_tags_23[6]                                    ;        ;
; pifoEngines_0|enque_brain|engineCAM|banks_0_tags_23[4]                                    ;        ;
; pifoEngines_0|enque_brain|engineCAM|banks_0_tags_23[0]                                    ;        ;
; guard|emptyPifos_0_65                                                                     ;        ;
; pifoEngines_0|enque_brain|engineCAM|banks_0_tags_23[2]                                    ;        ;
; pifoEngines_0|enque_brain|engineCAM|banks_0_tags_23[1]                                    ;        ;
; pifoEngines_0|enque_brain|engineCAM|banks_0_tags_23[14]                                   ;        ;
; pifoEngines_0|enque_brain|engineCAM|banks_0_tags_23[13]                                   ;        ;
; pifoEngines_0|enque_brain|engineCAM|banks_0_tags_23[12]                                   ;        ;
; pifoEngines_0|enque_brain|engineCAM|banks_0_tags_23[11]                                   ;        ;
; pifoEngines_0|enque_brain|engineCAM|banks_0_tags_23[16]                                   ;        ;
; pifoEngines_0|enque_brain|engineCAM|banks_0_valid_20                                      ;        ;
; pifoEngines_0|enque_brain|engineCAM|banks_0_valid_21                                      ;        ;
; pifoEngines_0|enque_brain|engineCAM|banks_0_valid_22                                      ;        ;
; guard|emptyPifos_0_118                                                                    ;        ;
; pifoEngines_0|enque_brain|engineCAM|banks_0_valid_23                                      ;        ;
; pifoEngines_0|enque_brain|engineCAM|banks_0_tags_16[16]                                   ;        ;
; pifoEngines_0|enque_brain|engineCAM|banks_0_tags_18[5]                                    ;        ;
; pifoEngines_0|enque_brain|engineCAM|banks_0_tags_18[3]                                    ;        ;
; pifoEngines_0|enque_brain|engineCAM|banks_0_tags_18[6]                                    ;        ;
; pifoEngines_0|enque_brain|engineCAM|banks_0_tags_19[9]                                    ;        ;
; pifoEngines_0|enque_brain|engineCAM|banks_0_tags_19[8]                                    ;        ;
; pifoEngines_0|enque_brain|engineCAM|banks_0_tags_19[10]                                   ;        ;
; pifoEngines_0|enque_brain|engineCAM|banks_0_tags_19[7]                                    ;        ;
; pifoEngines_0|enque_brain|engineCAM|banks_0_tags_19[5]                                    ;        ;
; guard|emptyPifos_0_70                                                                     ;        ;
; pifoEngines_0|enque_brain|engineCAM|banks_0_tags_19[3]                                    ;        ;
; pifoEngines_0|enque_brain|engineCAM|banks_0_tags_19[6]                                    ;        ;
; pifoEngines_0|enque_brain|engineCAM|banks_0_tags_19[4]                                    ;        ;
; pifoEngines_0|enque_brain|engineCAM|banks_0_tags_19[0]                                    ;        ;
; pifoEngines_0|enque_brain|engineCAM|banks_0_tags_19[2]                                    ;        ;
; pifoEngines_0|enque_brain|engineCAM|banks_0_tags_19[1]                                    ;        ;
; pifoEngines_0|enque_brain|engineCAM|banks_0_tags_19[14]                                   ;        ;
; pifoEngines_0|enque_brain|engineCAM|banks_0_tags_19[13]                                   ;        ;
; pifoEngines_0|enque_brain|engineCAM|banks_0_tags_19[12]                                   ;        ;
; pifoEngines_0|enque_brain|engineCAM|banks_0_tags_19[11]                                   ;        ;
; guard|emptyPifos_0_86                                                                     ;        ;
; pifoEngines_0|enque_brain|engineCAM|banks_0_tags_19[16]                                   ;        ;
; pifoEngines_0|enque_brain|engineCAM|banks_0_valid_19                                      ;        ;
; pifoEngines_0|enque_brain|engineCAM|banks_0_tags_19[15]                                   ;        ;
; pifoEngines_0|enque_brain|engineCAM|banks_0_tags_16[14]                                   ;        ;
; pifoEngines_0|enque_brain|engineCAM|banks_0_tags_16[13]                                   ;        ;
; pifoEngines_0|enque_brain|engineCAM|banks_0_tags_16[12]                                   ;        ;
; pifoEngines_0|enque_brain|engineCAM|banks_0_tags_16[11]                                   ;        ;
; pifoEngines_0|enque_brain|engineCAM|banks_0_tags_16[0]                                    ;        ;
; pifoEngines_0|enque_brain|engineCAM|banks_0_tags_16[2]                                    ;        ;
; pifoEngines_0|enque_brain|engineCAM|banks_0_tags_16[1]                                    ;        ;
; guard|emptyPifos_0_119                                                                    ;        ;
; pifoEngines_0|enque_brain|engineCAM|banks_0_tags_17[5]                                    ;        ;
; pifoEngines_0|enque_brain|engineCAM|banks_0_tags_17[3]                                    ;        ;
; pifoEngines_0|enque_brain|engineCAM|banks_0_tags_17[6]                                    ;        ;
; pifoEngines_0|enque_brain|engineCAM|banks_0_tags_12[9]                                    ;        ;
; pifoEngines_0|enque_brain|engineCAM|banks_0_tags_12[8]                                    ;        ;
; pifoEngines_0|enque_brain|engineCAM|banks_0_tags_12[10]                                   ;        ;
; pifoEngines_0|enque_brain|engineCAM|banks_0_tags_12[7]                                    ;        ;
; pifoEngines_0|enque_brain|engineCAM|banks_0_tags_12[5]                                    ;        ;
; pifoEngines_0|enque_brain|engineCAM|banks_0_tags_12[3]                                    ;        ;
; pifoEngines_0|enque_brain|engineCAM|banks_0_tags_12[6]                                    ;        ;
; guard|emptyPifos_0_87                                                                     ;        ;
; pifoEngines_0|enque_brain|engineCAM|banks_0_tags_12[4]                                    ;        ;
; pifoEngines_0|enque_brain|engineCAM|banks_0_tags_12[0]                                    ;        ;
; pifoEngines_0|enque_brain|engineCAM|banks_0_tags_12[2]                                    ;        ;
; pifoEngines_0|enque_brain|engineCAM|banks_0_tags_12[1]                                    ;        ;
; pifoEngines_0|enque_brain|engineCAM|banks_0_tags_12[14]                                   ;        ;
; pifoEngines_0|enque_brain|engineCAM|banks_0_tags_12[13]                                   ;        ;
; pifoEngines_0|enque_brain|engineCAM|banks_0_tags_12[12]                                   ;        ;
; pifoEngines_0|enque_brain|engineCAM|banks_0_tags_12[11]                                   ;        ;
; pifoEngines_0|enque_brain|engineCAM|banks_0_tags_12[16]                                   ;        ;
; pifoEngines_0|enque_brain|engineCAM|banks_0_tags_14[9]                                    ;        ;
; guard|emptyPifos_0_102                                                                    ;        ;
; pifoEngines_0|enque_brain|engineCAM|banks_0_tags_14[8]                                    ;        ;
; pifoEngines_0|enque_brain|engineCAM|banks_0_tags_14[10]                                   ;        ;
; pifoEngines_0|enque_brain|engineCAM|banks_0_tags_14[7]                                    ;        ;
; pifoEngines_0|enque_brain|engineCAM|banks_0_tags_14[5]                                    ;        ;
; pifoEngines_0|enque_brain|engineCAM|banks_0_tags_14[3]                                    ;        ;
; pifoEngines_0|enque_brain|engineCAM|banks_0_tags_14[6]                                    ;        ;
; pifoEngines_0|enque_brain|engineCAM|banks_0_tags_14[4]                                    ;        ;
; pifoEngines_0|enque_brain|engineCAM|banks_0_tags_14[0]                                    ;        ;
; pifoEngines_0|enque_brain|engineCAM|banks_0_tags_14[2]                                    ;        ;
; pifoEngines_0|enque_brain|engineCAM|banks_0_tags_14[1]                                    ;        ;
; guard|emptyPifos_0_103                                                                    ;        ;
; pifoEngines_0|enque_brain|engineCAM|banks_0_tags_14[14]                                   ;        ;
; pifoEngines_0|enque_brain|engineCAM|banks_0_tags_14[13]                                   ;        ;
; pifoEngines_0|enque_brain|engineCAM|banks_0_tags_14[12]                                   ;        ;
; pifoEngines_0|enque_brain|engineCAM|banks_0_tags_14[11]                                   ;        ;
; pifoEngines_0|enque_brain|engineCAM|banks_0_tags_14[16]                                   ;        ;
; pifoEngines_0|enque_brain|engineCAM|banks_0_valid_12                                      ;        ;
; pifoEngines_0|enque_brain|engineCAM|banks_0_tags_8[16]                                    ;        ;
; pifoEngines_0|enque_brain|engineCAM|banks_0_tags_10[5]                                    ;        ;
; pifoEngines_0|enque_brain|engineCAM|banks_0_tags_10[3]                                    ;        ;
; pifoEngines_0|enque_brain|engineCAM|banks_0_tags_10[6]                                    ;        ;
; guard|emptyPifos_0_71                                                                     ;        ;
; pifoEngines_0|enque_brain|engineCAM|banks_0_tags_11[9]                                    ;        ;
; pifoEngines_0|enque_brain|engineCAM|banks_0_tags_11[8]                                    ;        ;
; pifoEngines_0|enque_brain|engineCAM|banks_0_tags_11[10]                                   ;        ;
; pifoEngines_0|enque_brain|engineCAM|banks_0_tags_11[7]                                    ;        ;
; pifoEngines_0|enque_brain|engineCAM|banks_0_tags_11[5]                                    ;        ;
; pifoEngines_0|enque_brain|engineCAM|banks_0_tags_11[3]                                    ;        ;
; pifoEngines_0|enque_brain|engineCAM|banks_0_tags_11[6]                                    ;        ;
; pifoEngines_0|enque_brain|engineCAM|banks_0_tags_11[4]                                    ;        ;
; pifoEngines_0|enque_brain|engineCAM|banks_0_tags_11[0]                                    ;        ;
; pifoEngines_0|enque_brain|engineCAM|banks_0_tags_11[2]                                    ;        ;
; guard|emptyPifos_4_100                                                                    ;        ;
; guard|emptyPifos_0_114                                                                    ;        ;
; pifoEngines_0|enque_brain|engineCAM|banks_0_tags_11[1]                                    ;        ;
; pifoEngines_0|enque_brain|engineCAM|banks_0_tags_11[14]                                   ;        ;
; pifoEngines_0|enque_brain|engineCAM|banks_0_tags_11[13]                                   ;        ;
; pifoEngines_0|enque_brain|engineCAM|banks_0_tags_11[12]                                   ;        ;
; pifoEngines_0|enque_brain|engineCAM|banks_0_tags_11[11]                                   ;        ;
; pifoEngines_0|enque_brain|engineCAM|banks_0_tags_11[16]                                   ;        ;
; pifoEngines_0|enque_brain|engineCAM|banks_0_valid_11                                      ;        ;
; pifoEngines_0|enque_brain|engineCAM|banks_0_tags_11[15]                                   ;        ;
; pifoEngines_0|enque_brain|engineCAM|banks_0_tags_8[14]                                    ;        ;
; pifoEngines_0|enque_brain|engineCAM|banks_0_tags_8[13]                                    ;        ;
; guard|emptyPifos_0_66                                                                     ;        ;
; pifoEngines_0|enque_brain|engineCAM|banks_0_tags_8[12]                                    ;        ;
; pifoEngines_0|enque_brain|engineCAM|banks_0_tags_8[11]                                    ;        ;
; pifoEngines_0|enque_brain|engineCAM|banks_0_tags_8[0]                                     ;        ;
; pifoEngines_0|enque_brain|engineCAM|banks_0_tags_8[2]                                     ;        ;
; pifoEngines_0|enque_brain|engineCAM|banks_0_tags_8[1]                                     ;        ;
; pifoEngines_0|enque_brain|engineCAM|banks_0_tags_9[5]                                     ;        ;
; pifoEngines_0|enque_brain|engineCAM|banks_0_tags_9[3]                                     ;        ;
; pifoEngines_0|enque_brain|engineCAM|banks_0_tags_9[6]                                     ;        ;
; pifoEngines_0|enque_brain|engineCAM|banks_0_tags_4[9]                                     ;        ;
; pifoEngines_0|enque_brain|engineCAM|banks_0_tags_4[8]                                     ;        ;
; guard|emptyPifos_0_82                                                                     ;        ;
; pifoEngines_0|enque_brain|engineCAM|banks_0_tags_4[10]                                    ;        ;
; pifoEngines_0|enque_brain|engineCAM|banks_0_tags_4[7]                                     ;        ;
; pifoEngines_0|enque_brain|engineCAM|banks_0_tags_4[5]                                     ;        ;
; pifoEngines_0|enque_brain|engineCAM|banks_0_tags_4[3]                                     ;        ;
; pifoEngines_0|enque_brain|engineCAM|banks_0_tags_4[6]                                     ;        ;
; pifoEngines_0|enque_brain|engineCAM|banks_0_tags_4[4]                                     ;        ;
; pifoEngines_0|enque_brain|engineCAM|banks_0_tags_4[0]                                     ;        ;
; pifoEngines_0|enque_brain|engineCAM|banks_0_tags_4[2]                                     ;        ;
; pifoEngines_0|enque_brain|engineCAM|banks_0_tags_4[1]                                     ;        ;
; pifoEngines_0|enque_brain|engineCAM|banks_0_tags_4[14]                                    ;        ;
; guard|emptyPifos_0_116                                                                    ;        ;
; pifoEngines_0|enque_brain|engineCAM|banks_0_tags_4[13]                                    ;        ;
; pifoEngines_0|enque_brain|engineCAM|banks_0_tags_4[12]                                    ;        ;
; pifoEngines_0|enque_brain|engineCAM|banks_0_tags_4[11]                                    ;        ;
; pifoEngines_0|enque_brain|engineCAM|banks_0_tags_4[16]                                    ;        ;
; pifoEngines_0|enque_brain|engineCAM|banks_0_tags_0[5]                                     ;        ;
; pifoEngines_0|enque_brain|engineCAM|banks_0_tags_0[3]                                     ;        ;
; pifoEngines_0|enque_brain|engineCAM|banks_0_tags_0[6]                                     ;        ;
; pifoEngines_0|enque_brain|engineCAM|banks_0_tags_1[9]                                     ;        ;
; pifoEngines_0|enque_brain|engineCAM|banks_0_tags_1[8]                                     ;        ;
; pifoEngines_0|enque_brain|engineCAM|banks_0_tags_1[10]                                    ;        ;
; guard|emptyPifos_0_68                                                                     ;        ;
; pifoEngines_0|enque_brain|engineCAM|banks_0_tags_1[7]                                     ;        ;
; pifoEngines_0|enque_brain|engineCAM|banks_0_tags_1[5]                                     ;        ;
; pifoEngines_0|enque_brain|engineCAM|banks_0_tags_1[3]                                     ;        ;
; pifoEngines_0|enque_brain|engineCAM|banks_0_tags_1[6]                                     ;        ;
; pifoEngines_0|enque_brain|engineCAM|banks_0_tags_1[4]                                     ;        ;
; pifoEngines_0|enque_brain|engineCAM|banks_0_tags_1[0]                                     ;        ;
; pifoEngines_0|enque_brain|engineCAM|banks_0_tags_1[2]                                     ;        ;
; pifoEngines_0|enque_brain|engineCAM|banks_0_tags_1[1]                                     ;        ;
; pifoEngines_0|enque_brain|engineCAM|banks_0_tags_1[14]                                    ;        ;
; pifoEngines_0|enque_brain|engineCAM|banks_0_tags_1[13]                                    ;        ;
; guard|emptyPifos_0_84                                                                     ;        ;
; pifoEngines_0|enque_brain|engineCAM|banks_0_tags_1[12]                                    ;        ;
; pifoEngines_0|enque_brain|engineCAM|banks_0_tags_1[11]                                    ;        ;
; pifoEngines_0|enque_brain|engineCAM|banks_0_tags_1[16]                                    ;        ;
; pifoEngines_0|enque_brain|engineCAM|banks_0_tags_5[9]                                     ;        ;
; pifoEngines_0|enque_brain|engineCAM|banks_0_tags_5[8]                                     ;        ;
; pifoEngines_0|enque_brain|engineCAM|banks_0_tags_5[10]                                    ;        ;
; pifoEngines_0|enque_brain|engineCAM|banks_0_tags_5[7]                                     ;        ;
; pifoEngines_0|enque_brain|engineCAM|banks_0_tags_5[5]                                     ;        ;
; pifoEngines_0|enque_brain|engineCAM|banks_0_tags_5[3]                                     ;        ;
; pifoEngines_0|enque_brain|engineCAM|banks_0_tags_5[6]                                     ;        ;
; guard|emptyPifos_0_117                                                                    ;        ;
; pifoEngines_0|enque_brain|engineCAM|banks_0_tags_5[4]                                     ;        ;
; pifoEngines_0|enque_brain|engineCAM|banks_0_tags_5[0]                                     ;        ;
; pifoEngines_0|enque_brain|engineCAM|banks_0_tags_5[2]                                     ;        ;
; pifoEngines_0|enque_brain|engineCAM|banks_0_tags_5[1]                                     ;        ;
; pifoEngines_0|enque_brain|engineCAM|banks_0_tags_5[14]                                    ;        ;
; pifoEngines_0|enque_brain|engineCAM|banks_0_tags_5[13]                                    ;        ;
; pifoEngines_0|enque_brain|engineCAM|banks_0_tags_5[12]                                    ;        ;
; pifoEngines_0|enque_brain|engineCAM|banks_0_tags_5[11]                                    ;        ;
; pifoEngines_0|enque_brain|engineCAM|banks_0_tags_5[16]                                    ;        ;
; pifoEngines_0|enque_brain|engineCAM|banks_0_tags_6[9]                                     ;        ;
; guard|emptyPifos_0_85                                                                     ;        ;
; pifoEngines_0|enque_brain|engineCAM|banks_0_tags_6[8]                                     ;        ;
; pifoEngines_0|enque_brain|engineCAM|banks_0_tags_6[10]                                    ;        ;
; pifoEngines_0|enque_brain|engineCAM|banks_0_tags_6[7]                                     ;        ;
; pifoEngines_0|enque_brain|engineCAM|banks_0_tags_6[5]                                     ;        ;
; pifoEngines_0|enque_brain|engineCAM|banks_0_tags_6[3]                                     ;        ;
; pifoEngines_0|enque_brain|engineCAM|banks_0_tags_6[6]                                     ;        ;
; pifoEngines_0|enque_brain|engineCAM|banks_0_tags_6[4]                                     ;        ;
; pifoEngines_0|enque_brain|engineCAM|banks_0_tags_6[0]                                     ;        ;
; pifoEngines_0|enque_brain|engineCAM|banks_0_tags_6[2]                                     ;        ;
; pifoEngines_0|enque_brain|engineCAM|banks_0_tags_6[1]                                     ;        ;
; guard|emptyPifos_0_100                                                                    ;        ;
; pifoEngines_0|enque_brain|engineCAM|banks_0_tags_6[14]                                    ;        ;
; pifoEngines_0|enque_brain|engineCAM|banks_0_tags_6[13]                                    ;        ;
; pifoEngines_0|enque_brain|engineCAM|banks_0_tags_6[12]                                    ;        ;
; pifoEngines_0|enque_brain|engineCAM|banks_0_tags_6[11]                                    ;        ;
; pifoEngines_0|enque_brain|engineCAM|banks_0_tags_6[16]                                    ;        ;
; pifoEngines_0|enque_brain|engineCAM|banks_0_tags_2[16]                                    ;        ;
; pifoEngines_0|enque_brain|engineCAM|banks_0_tags_57[9]                                    ;        ;
; pifoEngines_0|enque_brain|engineCAM|banks_0_tags_57[8]                                    ;        ;
; pifoEngines_0|enque_brain|engineCAM|banks_0_tags_57[10]                                   ;        ;
; pifoEngines_0|enque_brain|engineCAM|banks_0_tags_57[7]                                    ;        ;
; guard|emptyPifos_0_101                                                                    ;        ;
; pifoEngines_0|enque_brain|engineCAM|banks_0_tags_57[5]                                    ;        ;
; pifoEngines_0|enque_brain|engineCAM|banks_0_tags_57[3]                                    ;        ;
; pifoEngines_0|enque_brain|engineCAM|banks_0_tags_57[6]                                    ;        ;
; pifoEngines_0|enque_brain|engineCAM|banks_0_tags_57[4]                                    ;        ;
; pifoEngines_0|enque_brain|engineCAM|banks_0_tags_57[0]                                    ;        ;
; pifoEngines_0|enque_brain|engineCAM|banks_0_tags_57[2]                                    ;        ;
; pifoEngines_0|enque_brain|engineCAM|banks_0_tags_57[1]                                    ;        ;
; pifoEngines_0|enque_brain|engineCAM|banks_0_tags_57[14]                                   ;        ;
; pifoEngines_0|enque_brain|engineCAM|banks_0_tags_57[13]                                   ;        ;
; pifoEngines_0|enque_brain|engineCAM|banks_0_tags_57[12]                                   ;        ;
; guard|emptyPifos_4_101                                                                    ;        ;
; guard|emptyPifos_0_69                                                                     ;        ;
; pifoEngines_0|enque_brain|engineCAM|banks_0_tags_57[11]                                   ;        ;
; pifoEngines_0|enque_brain|engineCAM|banks_0_tags_57[16]                                   ;        ;
; pifoEngines_0|enque_brain|engineCAM|banks_0_tags_54[5]                                    ;        ;
; pifoEngines_0|enque_brain|engineCAM|banks_0_tags_54[3]                                    ;        ;
; pifoEngines_0|enque_brain|engineCAM|banks_0_tags_54[6]                                    ;        ;
; pifoEngines_0|enque_brain|engineCAM|banks_0_tags_58[9]                                    ;        ;
; pifoEngines_0|enque_brain|engineCAM|banks_0_tags_58[8]                                    ;        ;
; pifoEngines_0|enque_brain|engineCAM|banks_0_tags_58[10]                                   ;        ;
; pifoEngines_0|enque_brain|engineCAM|banks_0_tags_58[7]                                    ;        ;
; pifoEngines_0|enque_brain|engineCAM|banks_0_tags_58[5]                                    ;        ;
; guard|emptyPifos_0_123                                                                    ;        ;
; pifoEngines_0|enque_brain|engineCAM|banks_0_tags_58[3]                                    ;        ;
; pifoEngines_0|enque_brain|engineCAM|banks_0_tags_58[6]                                    ;        ;
; pifoEngines_0|enque_brain|engineCAM|banks_0_tags_58[4]                                    ;        ;
; pifoEngines_0|enque_brain|engineCAM|banks_0_tags_58[0]                                    ;        ;
; pifoEngines_0|enque_brain|engineCAM|banks_0_tags_58[2]                                    ;        ;
; pifoEngines_0|enque_brain|engineCAM|banks_0_tags_58[1]                                    ;        ;
; pifoEngines_0|enque_brain|engineCAM|banks_0_tags_58[14]                                   ;        ;
; pifoEngines_0|enque_brain|engineCAM|banks_0_tags_58[13]                                   ;        ;
; pifoEngines_0|enque_brain|engineCAM|banks_0_tags_58[12]                                   ;        ;
; pifoEngines_0|enque_brain|engineCAM|banks_0_tags_58[11]                                   ;        ;
; guard|emptyPifos_0_91                                                                     ;        ;
; pifoEngines_0|enque_brain|engineCAM|banks_0_tags_58[16]                                   ;        ;
; pifoEngines_0|enque_brain|engineCAM|banks_0_tags_50[16]                                   ;        ;
; pifoEngines_0|enque_brain|engineCAM|banks_0_tags_52[5]                                    ;        ;
; pifoEngines_0|enque_brain|engineCAM|banks_0_tags_52[3]                                    ;        ;
; pifoEngines_0|enque_brain|engineCAM|banks_0_tags_52[6]                                    ;        ;
; pifoEngines_0|enque_brain|engineCAM|banks_0_tags_50[14]                                   ;        ;
; pifoEngines_0|enque_brain|engineCAM|banks_0_tags_50[13]                                   ;        ;
; pifoEngines_0|enque_brain|engineCAM|banks_0_tags_50[12]                                   ;        ;
; pifoEngines_0|enque_brain|engineCAM|banks_0_tags_50[11]                                   ;        ;
; pifoEngines_0|enque_brain|engineCAM|banks_0_tags_50[0]                                    ;        ;
; guard|emptyPifos_0_106                                                                    ;        ;
; pifoEngines_0|enque_brain|engineCAM|banks_0_tags_50[2]                                    ;        ;
; pifoEngines_0|enque_brain|engineCAM|banks_0_tags_50[1]                                    ;        ;
; pifoEngines_0|enque_brain|engineCAM|banks_0_tags_51[5]                                    ;        ;
; pifoEngines_0|enque_brain|engineCAM|banks_0_tags_51[3]                                    ;        ;
; pifoEngines_0|enque_brain|engineCAM|banks_0_tags_51[6]                                    ;        ;
; pifoEngines_0|enque_brain|engineCAM|banks_0_tags_56[9]                                    ;        ;
; pifoEngines_0|enque_brain|engineCAM|banks_0_tags_56[8]                                    ;        ;
; pifoEngines_0|enque_brain|engineCAM|banks_0_tags_56[10]                                   ;        ;
; pifoEngines_0|enque_brain|engineCAM|banks_0_tags_56[7]                                    ;        ;
; pifoEngines_0|enque_brain|engineCAM|banks_0_tags_56[5]                                    ;        ;
; guard|emptyPifos_0_107                                                                    ;        ;
; pifoEngines_0|enque_brain|engineCAM|banks_0_tags_56[3]                                    ;        ;
; pifoEngines_0|enque_brain|engineCAM|banks_0_tags_56[6]                                    ;        ;
; pifoEngines_0|enque_brain|engineCAM|banks_0_tags_56[4]                                    ;        ;
; pifoEngines_0|enque_brain|engineCAM|banks_0_tags_56[0]                                    ;        ;
; pifoEngines_0|enque_brain|engineCAM|banks_0_tags_56[2]                                    ;        ;
; pifoEngines_0|enque_brain|engineCAM|banks_0_tags_56[1]                                    ;        ;
; pifoEngines_0|enque_brain|engineCAM|banks_0_tags_56[14]                                   ;        ;
; pifoEngines_0|enque_brain|engineCAM|banks_0_tags_56[13]                                   ;        ;
; pifoEngines_0|enque_brain|engineCAM|banks_0_tags_56[12]                                   ;        ;
; pifoEngines_0|enque_brain|engineCAM|banks_0_tags_56[11]                                   ;        ;
; guard|emptyPifos_0_75                                                                     ;        ;
; pifoEngines_0|enque_brain|engineCAM|banks_0_tags_56[16]                                   ;        ;
; pifoEngines_0|enque_brain|engineCAM|banks_0_tags_60[9]                                    ;        ;
; pifoEngines_0|enque_brain|engineCAM|banks_0_tags_60[8]                                    ;        ;
; pifoEngines_0|enque_brain|engineCAM|banks_0_tags_60[10]                                   ;        ;
; pifoEngines_0|enque_brain|engineCAM|banks_0_tags_60[7]                                    ;        ;
; pifoEngines_0|enque_brain|engineCAM|banks_0_tags_60[5]                                    ;        ;
; pifoEngines_0|enque_brain|engineCAM|banks_0_tags_60[3]                                    ;        ;
; pifoEngines_0|enque_brain|engineCAM|banks_0_tags_60[6]                                    ;        ;
; pifoEngines_0|enque_brain|engineCAM|banks_0_tags_60[4]                                    ;        ;
; pifoEngines_0|enque_brain|engineCAM|banks_0_tags_60[0]                                    ;        ;
; guard|emptyPifos_0_120                                                                    ;        ;
; pifoEngines_0|enque_brain|engineCAM|banks_0_tags_60[2]                                    ;        ;
; pifoEngines_0|enque_brain|engineCAM|banks_0_tags_60[1]                                    ;        ;
; pifoEngines_0|enque_brain|engineCAM|banks_0_tags_60[14]                                   ;        ;
; pifoEngines_0|enque_brain|engineCAM|banks_0_tags_60[13]                                   ;        ;
; pifoEngines_0|enque_brain|engineCAM|banks_0_tags_60[12]                                   ;        ;
; pifoEngines_0|enque_brain|engineCAM|banks_0_tags_60[11]                                   ;        ;
; pifoEngines_0|enque_brain|engineCAM|banks_0_tags_60[16]                                   ;        ;
; pifoEngines_0|enque_brain|engineCAM|banks_0_tags_65[9]                                    ;        ;
; pifoEngines_0|enque_brain|engineCAM|banks_0_tags_65[8]                                    ;        ;
; pifoEngines_0|enque_brain|engineCAM|banks_0_tags_65[10]                                   ;        ;
; guard|emptyPifos_0_72                                                                     ;        ;
; pifoEngines_0|enque_brain|engineCAM|banks_0_tags_65[7]                                    ;        ;
; pifoEngines_0|enque_brain|engineCAM|banks_0_tags_65[5]                                    ;        ;
; pifoEngines_0|enque_brain|engineCAM|banks_0_tags_65[3]                                    ;        ;
; pifoEngines_0|enque_brain|engineCAM|banks_0_tags_65[6]                                    ;        ;
; pifoEngines_0|enque_brain|engineCAM|banks_0_tags_65[4]                                    ;        ;
; pifoEngines_0|enque_brain|engineCAM|banks_0_tags_65[0]                                    ;        ;
; pifoEngines_0|enque_brain|engineCAM|banks_0_tags_65[2]                                    ;        ;
; pifoEngines_0|enque_brain|engineCAM|banks_0_tags_65[1]                                    ;        ;
; pifoEngines_0|enque_brain|engineCAM|banks_0_tags_65[14]                                   ;        ;
; pifoEngines_0|enque_brain|engineCAM|banks_0_tags_65[13]                                   ;        ;
; guard|emptyPifos_0_88                                                                     ;        ;
; pifoEngines_0|enque_brain|engineCAM|banks_0_tags_65[12]                                   ;        ;
; pifoEngines_0|enque_brain|engineCAM|banks_0_tags_65[11]                                   ;        ;
; pifoEngines_0|enque_brain|engineCAM|banks_0_tags_65[16]                                   ;        ;
; pifoEngines_0|enque_brain|engineCAM|banks_0_tags_64[9]                                    ;        ;
; pifoEngines_0|enque_brain|engineCAM|banks_0_tags_64[8]                                    ;        ;
; pifoEngines_0|enque_brain|engineCAM|banks_0_tags_64[10]                                   ;        ;
; pifoEngines_0|enque_brain|engineCAM|banks_0_tags_64[7]                                    ;        ;
; pifoEngines_0|enque_brain|engineCAM|banks_0_tags_64[5]                                    ;        ;
; pifoEngines_0|enque_brain|engineCAM|banks_0_tags_64[3]                                    ;        ;
; pifoEngines_0|enque_brain|engineCAM|banks_0_tags_64[6]                                    ;        ;
; guard|emptyPifos_0_121                                                                    ;        ;
; pifoEngines_0|enque_brain|engineCAM|banks_0_tags_64[4]                                    ;        ;
; pifoEngines_0|enque_brain|engineCAM|banks_0_tags_64[0]                                    ;        ;
; pifoEngines_0|enque_brain|engineCAM|banks_0_tags_64[2]                                    ;        ;
; pifoEngines_0|enque_brain|engineCAM|banks_0_tags_64[1]                                    ;        ;
; pifoEngines_0|enque_brain|engineCAM|banks_0_tags_64[14]                                   ;        ;
; pifoEngines_0|enque_brain|engineCAM|banks_0_tags_64[13]                                   ;        ;
; pifoEngines_0|enque_brain|engineCAM|banks_0_tags_64[12]                                   ;        ;
; pifoEngines_0|enque_brain|engineCAM|banks_0_tags_64[11]                                   ;        ;
; pifoEngines_0|enque_brain|engineCAM|banks_0_tags_64[16]                                   ;        ;
; pifoEngines_0|enque_brain|engineCAM|banks_0_tags_66[9]                                    ;        ;
; guard|emptyPifos_4_119                                                                    ;        ;
; guard|emptyPifos_0_89                                                                     ;        ;
; pifoEngines_0|enque_brain|engineCAM|banks_0_tags_66[8]                                    ;        ;
; pifoEngines_0|enque_brain|engineCAM|banks_0_tags_66[10]                                   ;        ;
; pifoEngines_0|enque_brain|engineCAM|banks_0_tags_66[7]                                    ;        ;
; pifoEngines_0|enque_brain|engineCAM|banks_0_tags_66[5]                                    ;        ;
; pifoEngines_0|enque_brain|engineCAM|banks_0_tags_66[3]                                    ;        ;
; pifoEngines_0|enque_brain|engineCAM|banks_0_tags_66[6]                                    ;        ;
; pifoEngines_0|enque_brain|engineCAM|banks_0_tags_66[4]                                    ;        ;
; pifoEngines_0|enque_brain|engineCAM|banks_0_tags_66[0]                                    ;        ;
; pifoEngines_0|enque_brain|engineCAM|banks_0_tags_66[2]                                    ;        ;
; pifoEngines_0|enque_brain|engineCAM|banks_0_tags_66[1]                                    ;        ;
; guard|emptyPifos_0_104                                                                    ;        ;
; pifoEngines_0|enque_brain|engineCAM|banks_0_tags_66[14]                                   ;        ;
; pifoEngines_0|enque_brain|engineCAM|banks_0_tags_66[13]                                   ;        ;
; pifoEngines_0|enque_brain|engineCAM|banks_0_tags_66[12]                                   ;        ;
; pifoEngines_0|enque_brain|engineCAM|banks_0_tags_66[11]                                   ;        ;
; pifoEngines_0|enque_brain|engineCAM|banks_0_tags_66[16]                                   ;        ;
; pifoEngines_0|enque_brain|engineCAM|banks_0_tags_67[16]                                   ;        ;
; pifoEngines_0|enque_brain|engineCAM|banks_0_tags_69[5]                                    ;        ;
; pifoEngines_0|enque_brain|engineCAM|banks_0_tags_69[3]                                    ;        ;
; pifoEngines_0|enque_brain|engineCAM|banks_0_tags_69[6]                                    ;        ;
; pifoEngines_0|enque_brain|engineCAM|banks_0_tags_67[14]                                   ;        ;
; guard|emptyPifos_0_105                                                                    ;        ;
; pifoEngines_0|enque_brain|engineCAM|banks_0_tags_67[13]                                   ;        ;
; pifoEngines_0|enque_brain|engineCAM|banks_0_tags_67[12]                                   ;        ;
; pifoEngines_0|enque_brain|engineCAM|banks_0_tags_67[11]                                   ;        ;
; pifoEngines_0|enque_brain|engineCAM|banks_0_tags_67[0]                                    ;        ;
; pifoEngines_0|enque_brain|engineCAM|banks_0_tags_67[2]                                    ;        ;
; pifoEngines_0|enque_brain|engineCAM|banks_0_tags_67[1]                                    ;        ;
; pifoEngines_0|enque_brain|engineCAM|banks_0_tags_68[5]                                    ;        ;
; pifoEngines_0|enque_brain|engineCAM|banks_0_tags_68[3]                                    ;        ;
; pifoEngines_0|enque_brain|engineCAM|banks_0_tags_68[6]                                    ;        ;
; pifoEngines_0|enque_brain|engineCAM|banks_0_tags_59[16]                                   ;        ;
; guard|emptyPifos_0_73                                                                     ;        ;
; pifoEngines_0|enque_brain|engineCAM|banks_0_tags_62[5]                                    ;        ;
; pifoEngines_0|enque_brain|engineCAM|banks_0_tags_62[3]                                    ;        ;
; pifoEngines_0|enque_brain|engineCAM|banks_0_tags_62[6]                                    ;        ;
; pifoEngines_0|enque_brain|engineCAM|banks_0_tags_59[14]                                   ;        ;
; pifoEngines_0|enque_brain|engineCAM|banks_0_tags_59[13]                                   ;        ;
; pifoEngines_0|enque_brain|engineCAM|banks_0_tags_59[12]                                   ;        ;
; pifoEngines_0|enque_brain|engineCAM|banks_0_tags_59[11]                                   ;        ;
; pifoEngines_0|enque_brain|engineCAM|banks_0_tags_59[0]                                    ;        ;
; pifoEngines_0|enque_brain|engineCAM|banks_0_tags_59[2]                                    ;        ;
; pifoEngines_0|enque_brain|engineCAM|banks_0_tags_59[1]                                    ;        ;
; guard|emptyPifos_0_126                                                                    ;        ;
; pifoEngines_0|enque_brain|engineCAM|banks_0_tags_61[5]                                    ;        ;
; pifoEngines_0|enque_brain|engineCAM|banks_0_tags_61[3]                                    ;        ;
; pifoEngines_0|enque_brain|engineCAM|banks_0_tags_61[6]                                    ;        ;
; pifoEngines_0|enque_brain|engineCAM|banks_0_tags_79[16]                                   ;        ;
; pifoEngines_0|enque_brain|engineCAM|banks_0_tags_91[5]                                    ;        ;
; pifoEngines_0|enque_brain|engineCAM|banks_0_tags_91[3]                                    ;        ;
; pifoEngines_0|enque_brain|engineCAM|banks_0_tags_91[6]                                    ;        ;
; pifoEngines_0|enque_brain|engineCAM|banks_0_tags_79[14]                                   ;        ;
; pifoEngines_0|enque_brain|engineCAM|banks_0_tags_79[13]                                   ;        ;
; pifoEngines_0|enque_brain|engineCAM|banks_0_tags_79[12]                                   ;        ;
; guard|emptyPifos_0_78                                                                     ;        ;
; pifoEngines_0|enque_brain|engineCAM|banks_0_tags_79[11]                                   ;        ;
; pifoEngines_0|enque_brain|engineCAM|banks_0_tags_79[0]                                    ;        ;
; pifoEngines_0|enque_brain|engineCAM|banks_0_tags_79[2]                                    ;        ;
; pifoEngines_0|enque_brain|engineCAM|banks_0_tags_79[1]                                    ;        ;
; pifoEngines_0|enque_brain|engineCAM|banks_0_tags_87[5]                                    ;        ;
; pifoEngines_0|enque_brain|engineCAM|banks_0_tags_87[3]                                    ;        ;
; pifoEngines_0|enque_brain|engineCAM|banks_0_tags_87[6]                                    ;        ;
; pifoEngines_0|enque_brain|engineCAM|banks_0_tags_94[9]                                    ;        ;
; pifoEngines_0|enque_brain|engineCAM|banks_0_tags_94[8]                                    ;        ;
; pifoEngines_0|enque_brain|engineCAM|banks_0_tags_94[10]                                   ;        ;
; guard|emptyPifos_0_94                                                                     ;        ;
; pifoEngines_0|enque_brain|engineCAM|banks_0_tags_94[7]                                    ;        ;
; pifoEngines_0|enque_brain|engineCAM|banks_0_tags_94[5]                                    ;        ;
; pifoEngines_0|enque_brain|engineCAM|banks_0_tags_94[3]                                    ;        ;
; pifoEngines_0|enque_brain|engineCAM|banks_0_tags_94[6]                                    ;        ;
; pifoEngines_0|enque_brain|engineCAM|banks_0_tags_94[4]                                    ;        ;
; pifoEngines_0|enque_brain|engineCAM|banks_0_tags_94[0]                                    ;        ;
; pifoEngines_0|enque_brain|engineCAM|banks_0_tags_94[2]                                    ;        ;
; pifoEngines_0|enque_brain|engineCAM|banks_0_tags_94[1]                                    ;        ;
; pifoEngines_0|enque_brain|engineCAM|banks_0_tags_94[14]                                   ;        ;
; pifoEngines_0|enque_brain|engineCAM|banks_0_tags_94[13]                                   ;        ;
; guard|emptyPifos_0_127                                                                    ;        ;
; pifoEngines_0|enque_brain|engineCAM|banks_0_tags_94[12]                                   ;        ;
; pifoEngines_0|enque_brain|engineCAM|banks_0_tags_94[11]                                   ;        ;
; pifoEngines_0|enque_brain|engineCAM|banks_0_tags_94[16]                                   ;        ;
; pifoEngines_0|enque_brain|engineCAM|banks_0_tags_103[9]                                   ;        ;
; pifoEngines_0|enque_brain|engineCAM|banks_0_tags_103[8]                                   ;        ;
; pifoEngines_0|enque_brain|engineCAM|banks_0_tags_103[10]                                  ;        ;
; pifoEngines_0|enque_brain|engineCAM|banks_0_tags_103[7]                                   ;        ;
; pifoEngines_0|enque_brain|engineCAM|banks_0_tags_103[5]                                   ;        ;
; pifoEngines_0|enque_brain|engineCAM|banks_0_tags_103[3]                                   ;        ;
; pifoEngines_0|enque_brain|engineCAM|banks_0_tags_103[6]                                   ;        ;
; guard|emptyPifos_0_95                                                                     ;        ;
; pifoEngines_0|enque_brain|engineCAM|banks_0_tags_103[4]                                   ;        ;
; pifoEngines_0|enque_brain|engineCAM|banks_0_tags_103[0]                                   ;        ;
; pifoEngines_0|enque_brain|engineCAM|banks_0_tags_103[2]                                   ;        ;
; pifoEngines_0|enque_brain|engineCAM|banks_0_tags_103[1]                                   ;        ;
; pifoEngines_0|enque_brain|engineCAM|banks_0_tags_103[14]                                  ;        ;
; pifoEngines_0|enque_brain|engineCAM|banks_0_tags_103[13]                                  ;        ;
; pifoEngines_0|enque_brain|engineCAM|banks_0_tags_103[12]                                  ;        ;
; pifoEngines_0|enque_brain|engineCAM|banks_0_tags_103[11]                                  ;        ;
; pifoEngines_0|enque_brain|engineCAM|banks_0_tags_103[16]                                  ;        ;
; pifoEngines_0|enque_brain|engineCAM|banks_0_tags_95[9]                                    ;        ;
; guard|emptyPifos_0_110                                                                    ;        ;
; pifoEngines_0|enque_brain|engineCAM|banks_0_tags_95[8]                                    ;        ;
; pifoEngines_0|enque_brain|engineCAM|banks_0_tags_95[10]                                   ;        ;
; pifoEngines_0|enque_brain|engineCAM|banks_0_tags_95[7]                                    ;        ;
; pifoEngines_0|enque_brain|engineCAM|banks_0_tags_95[5]                                    ;        ;
; pifoEngines_0|enque_brain|engineCAM|banks_0_tags_95[3]                                    ;        ;
; pifoEngines_0|enque_brain|engineCAM|banks_0_tags_95[6]                                    ;        ;
; pifoEngines_0|enque_brain|engineCAM|banks_0_tags_95[4]                                    ;        ;
; pifoEngines_0|enque_brain|engineCAM|banks_0_tags_95[0]                                    ;        ;
; pifoEngines_0|enque_brain|engineCAM|banks_0_tags_95[2]                                    ;        ;
; pifoEngines_0|enque_brain|engineCAM|banks_0_tags_95[1]                                    ;        ;
; guard|emptyPifos_4_117                                                                    ;        ;
; guard|emptyPifos_0_111                                                                    ;        ;
; pifoEngines_0|enque_brain|engineCAM|banks_0_tags_95[14]                                   ;        ;
; pifoEngines_0|enque_brain|engineCAM|banks_0_tags_95[13]                                   ;        ;
; pifoEngines_0|enque_brain|engineCAM|banks_0_tags_95[12]                                   ;        ;
; pifoEngines_0|enque_brain|engineCAM|banks_0_tags_95[11]                                   ;        ;
; pifoEngines_0|enque_brain|engineCAM|banks_0_tags_95[16]                                   ;        ;
; pifoEngines_0|enque_brain|engineCAM|banks_0_tags_109[16]                                  ;        ;
; pifoEngines_0|enque_brain|engineCAM|banks_0_tags_111[5]                                   ;        ;
; pifoEngines_0|enque_brain|engineCAM|banks_0_tags_111[3]                                   ;        ;
; pifoEngines_0|enque_brain|engineCAM|banks_0_tags_111[6]                                   ;        ;
; pifoEngines_0|enque_brain|engineCAM|banks_0_tags_109[14]                                  ;        ;
; guard|emptyPifos_0_79                                                                     ;        ;
; pifoEngines_0|enque_brain|engineCAM|banks_0_tags_109[13]                                  ;        ;
; pifoEngines_0|enque_brain|engineCAM|banks_0_tags_109[12]                                  ;        ;
; pifoEngines_0|enque_brain|engineCAM|banks_0_tags_109[11]                                  ;        ;
; pifoEngines_0|enque_brain|engineCAM|banks_0_tags_109[0]                                   ;        ;
; pifoEngines_0|enque_brain|engineCAM|banks_0_tags_109[2]                                   ;        ;
; pifoEngines_0|enque_brain|engineCAM|banks_0_tags_109[1]                                   ;        ;
; pifoEngines_0|enque_brain|engineCAM|banks_0_tags_110[5]                                   ;        ;
; pifoEngines_0|enque_brain|engineCAM|banks_0_tags_110[3]                                   ;        ;
; pifoEngines_0|enque_brain|engineCAM|banks_0_tags_110[6]                                   ;        ;
; pifoEngines_0|enque_brain|engineCAM|banks_0_tags_107[9]                                   ;        ;
; guard|emptyPifos_0_122                                                                    ;        ;
; pifoEngines_0|enque_brain|engineCAM|banks_0_tags_107[8]                                   ;        ;
; pifoEngines_0|enque_brain|engineCAM|banks_0_tags_107[10]                                  ;        ;
; pifoEngines_0|enque_brain|engineCAM|banks_0_tags_107[7]                                   ;        ;
; pifoEngines_0|enque_brain|engineCAM|banks_0_tags_107[5]                                   ;        ;
; pifoEngines_0|enque_brain|engineCAM|banks_0_tags_107[3]                                   ;        ;
; pifoEngines_0|enque_brain|engineCAM|banks_0_tags_107[6]                                   ;        ;
; pifoEngines_0|enque_brain|engineCAM|banks_0_tags_107[4]                                   ;        ;
; pifoEngines_0|enque_brain|engineCAM|banks_0_tags_107[0]                                   ;        ;
; pifoEngines_0|enque_brain|engineCAM|banks_0_tags_107[2]                                   ;        ;
; pifoEngines_0|enque_brain|engineCAM|banks_0_tags_107[1]                                   ;        ;
; guard|emptyPifos_0_74                                                                     ;        ;
; pifoEngines_0|enque_brain|engineCAM|banks_0_tags_107[14]                                  ;        ;
; pifoEngines_0|enque_brain|engineCAM|banks_0_tags_107[13]                                  ;        ;
; pifoEngines_0|enque_brain|engineCAM|banks_0_tags_107[12]                                  ;        ;
; pifoEngines_0|enque_brain|engineCAM|banks_0_tags_107[11]                                  ;        ;
; pifoEngines_0|enque_brain|engineCAM|banks_0_tags_107[16]                                  ;        ;
; pifoEngines_0|enque_brain|engineCAM|banks_0_tags_117[16]                                  ;        ;
; pifoEngines_0|enque_brain|engineCAM|banks_0_tags_119[5]                                   ;        ;
; pifoEngines_0|enque_brain|engineCAM|banks_0_tags_119[3]                                   ;        ;
; pifoEngines_0|enque_brain|engineCAM|banks_0_tags_119[6]                                   ;        ;
; pifoEngines_0|enque_brain|engineCAM|banks_0_tags_117[14]                                  ;        ;
; guard|emptyPifos_0_90                                                                     ;        ;
; pifoEngines_0|enque_brain|engineCAM|banks_0_tags_117[13]                                  ;        ;
; pifoEngines_0|enque_brain|engineCAM|banks_0_tags_117[12]                                  ;        ;
; pifoEngines_0|enque_brain|engineCAM|banks_0_tags_117[11]                                  ;        ;
; pifoEngines_0|enque_brain|engineCAM|banks_0_tags_117[0]                                   ;        ;
; pifoEngines_0|enque_brain|engineCAM|banks_0_tags_117[2]                                   ;        ;
; pifoEngines_0|enque_brain|engineCAM|banks_0_tags_117[1]                                   ;        ;
; pifoEngines_0|enque_brain|engineCAM|banks_0_tags_118[5]                                   ;        ;
; pifoEngines_0|enque_brain|engineCAM|banks_0_tags_118[3]                                   ;        ;
; pifoEngines_0|enque_brain|engineCAM|banks_0_tags_118[6]                                   ;        ;
; pifoEngines_0|enque_brain|engineCAM|banks_0_tags_122[9]                                   ;        ;
; guard|emptyPifos_0_124                                                                    ;        ;
; pifoEngines_0|enque_brain|engineCAM|banks_0_tags_122[8]                                   ;        ;
; pifoEngines_0|enque_brain|engineCAM|banks_0_tags_122[10]                                  ;        ;
; pifoEngines_0|enque_brain|engineCAM|banks_0_tags_122[7]                                   ;        ;
; pifoEngines_0|enque_brain|engineCAM|banks_0_tags_122[5]                                   ;        ;
; pifoEngines_0|enque_brain|engineCAM|banks_0_tags_122[3]                                   ;        ;
; pifoEngines_0|enque_brain|engineCAM|banks_0_tags_122[6]                                   ;        ;
; pifoEngines_0|enque_brain|engineCAM|banks_0_tags_122[4]                                   ;        ;
; pifoEngines_0|enque_brain|engineCAM|banks_0_tags_122[0]                                   ;        ;
; pifoEngines_0|enque_brain|engineCAM|banks_0_tags_122[2]                                   ;        ;
; pifoEngines_0|enque_brain|engineCAM|banks_0_tags_122[1]                                   ;        ;
; guard|emptyPifos_0_76                                                                     ;        ;
; pifoEngines_0|enque_brain|engineCAM|banks_0_tags_122[14]                                  ;        ;
; pifoEngines_0|enque_brain|engineCAM|banks_0_tags_122[13]                                  ;        ;
; pifoEngines_0|enque_brain|engineCAM|banks_0_tags_122[12]                                  ;        ;
; pifoEngines_0|enque_brain|engineCAM|banks_0_tags_122[11]                                  ;        ;
; pifoEngines_0|enque_brain|engineCAM|banks_0_tags_122[16]                                  ;        ;
; pifoEngines_0|enque_brain|engineCAM|banks_0_tags_124[5]                                   ;        ;
; pifoEngines_0|enque_brain|engineCAM|banks_0_tags_124[3]                                   ;        ;
; pifoEngines_0|enque_brain|engineCAM|banks_0_tags_124[6]                                   ;        ;
; pifoEngines_0|enque_brain|engineCAM|banks_0_tags_123[9]                                   ;        ;
; pifoEngines_0|enque_brain|engineCAM|banks_0_tags_123[8]                                   ;        ;
; guard|emptyPifos_0_92                                                                     ;        ;
; pifoEngines_0|enque_brain|engineCAM|banks_0_tags_123[10]                                  ;        ;
; pifoEngines_0|enque_brain|engineCAM|banks_0_tags_123[7]                                   ;        ;
; pifoEngines_0|enque_brain|engineCAM|banks_0_tags_123[5]                                   ;        ;
; pifoEngines_0|enque_brain|engineCAM|banks_0_tags_123[3]                                   ;        ;
; pifoEngines_0|enque_brain|engineCAM|banks_0_tags_123[6]                                   ;        ;
; pifoEngines_0|enque_brain|engineCAM|banks_0_tags_123[4]                                   ;        ;
; pifoEngines_0|enque_brain|engineCAM|banks_0_tags_123[0]                                   ;        ;
; pifoEngines_0|enque_brain|engineCAM|banks_0_tags_123[2]                                   ;        ;
; pifoEngines_0|enque_brain|engineCAM|banks_0_tags_123[1]                                   ;        ;
; pifoEngines_0|enque_brain|engineCAM|banks_0_tags_123[14]                                  ;        ;
; guard|emptyPifos_0_125                                                                    ;        ;
; pifoEngines_0|enque_brain|engineCAM|banks_0_tags_123[13]                                  ;        ;
; pifoEngines_0|enque_brain|engineCAM|banks_0_tags_123[12]                                  ;        ;
; pifoEngines_0|enque_brain|engineCAM|banks_0_tags_123[11]                                  ;        ;
; pifoEngines_0|enque_brain|engineCAM|banks_0_tags_123[16]                                  ;        ;
; pifoEngines_0|enque_brain|engineCAM|banks_0_tags_126[5]                                   ;        ;
; pifoEngines_0|enque_brain|engineCAM|banks_0_tags_126[3]                                   ;        ;
; pifoEngines_0|enque_brain|engineCAM|banks_0_tags_126[6]                                   ;        ;
; pifoEngines_0|enque_brain|engineCAM|banks_0_tags_127[9]                                   ;        ;
; pifoEngines_0|enque_brain|engineCAM|banks_0_tags_127[8]                                   ;        ;
; pifoEngines_0|enque_brain|engineCAM|banks_0_tags_127[10]                                  ;        ;
; guard|emptyPifos_0_93                                                                     ;        ;
; pifoEngines_0|enque_brain|engineCAM|banks_0_tags_127[7]                                   ;        ;
; pifoEngines_0|enque_brain|engineCAM|banks_0_tags_127[5]                                   ;        ;
; pifoEngines_0|enque_brain|engineCAM|banks_0_tags_127[3]                                   ;        ;
; pifoEngines_0|enque_brain|engineCAM|banks_0_tags_127[6]                                   ;        ;
; pifoEngines_0|enque_brain|engineCAM|banks_0_tags_127[4]                                   ;        ;
; pifoEngines_0|enque_brain|engineCAM|banks_0_tags_127[0]                                   ;        ;
; pifoEngines_0|enque_brain|engineCAM|banks_0_tags_127[2]                                   ;        ;
; pifoEngines_0|enque_brain|engineCAM|banks_0_tags_127[1]                                   ;        ;
; pifoEngines_0|enque_brain|engineCAM|banks_0_tags_127[14]                                  ;        ;
; pifoEngines_0|enque_brain|engineCAM|banks_0_tags_127[13]                                  ;        ;
; guard|emptyPifos_4_102                                                                    ;        ;
; guard|emptyPifos_0_108                                                                    ;        ;
; pifoEngines_0|enque_brain|engineCAM|banks_0_tags_127[12]                                  ;        ;
; pifoEngines_0|enque_brain|engineCAM|banks_0_tags_127[11]                                  ;        ;
; pifoEngines_0|enque_brain|engineCAM|banks_0_tags_127[16]                                  ;        ;
; pifoEngines_0|enque_brain|engineCAM|banks_0_tags_135[5]                                   ;        ;
; pifoEngines_0|enque_brain|engineCAM|banks_0_tags_135[3]                                   ;        ;
; pifoEngines_0|enque_brain|engineCAM|banks_0_tags_135[6]                                   ;        ;
; pifoEngines_0|enque_brain|engineCAM|banks_0_tags_136[9]                                   ;        ;
; pifoEngines_0|enque_brain|engineCAM|banks_0_tags_136[8]                                   ;        ;
; pifoEngines_0|enque_brain|engineCAM|banks_0_tags_136[10]                                  ;        ;
; pifoEngines_0|enque_brain|engineCAM|banks_0_tags_136[7]                                   ;        ;
; guard|emptyPifos_0_109                                                                    ;        ;
; pifoEngines_0|enque_brain|engineCAM|banks_0_tags_136[5]                                   ;        ;
; pifoEngines_0|enque_brain|engineCAM|banks_0_tags_136[3]                                   ;        ;
; pifoEngines_0|enque_brain|engineCAM|banks_0_tags_136[6]                                   ;        ;
; pifoEngines_0|enque_brain|engineCAM|banks_0_tags_136[4]                                   ;        ;
; pifoEngines_0|enque_brain|engineCAM|banks_0_tags_136[0]                                   ;        ;
; pifoEngines_0|enque_brain|engineCAM|banks_0_tags_136[2]                                   ;        ;
; pifoEngines_0|enque_brain|engineCAM|banks_0_tags_136[1]                                   ;        ;
; pifoEngines_0|enque_brain|engineCAM|banks_0_tags_136[14]                                  ;        ;
; pifoEngines_0|enque_brain|engineCAM|banks_0_tags_136[13]                                  ;        ;
; pifoEngines_0|enque_brain|engineCAM|banks_0_tags_136[12]                                  ;        ;
; guard|emptyPifos_0_77                                                                     ;        ;
; pifoEngines_0|enque_brain|engineCAM|banks_0_tags_136[11]                                  ;        ;
; pifoEngines_0|enque_brain|engineCAM|banks_0_tags_136[16]                                  ;        ;
; pifoEngines_0|enque_brain|engineCAM|banks_0_tags_137[16]                                  ;        ;
; pifoEngines_0|enque_brain|engineCAM|banks_0_tags_138[16]                                  ;        ;
; pifoEngines_0|enque_brain|engineCAM|banks_0_tags_139[5]                                   ;        ;
; pifoEngines_0|enque_brain|engineCAM|banks_0_tags_139[3]                                   ;        ;
; pifoEngines_0|enque_brain|engineCAM|banks_0_tags_139[6]                                   ;        ;
; pifoEngines_0|enque_brain|engineCAM|banks_0_tags_140[9]                                   ;        ;
; pifoEngines_0|enque_brain|engineCAM|banks_0_tags_140[8]                                   ;        ;
; pifoEngines_0|enque_brain|engineCAM|banks_0_tags_140[10]                                  ;        ;
; guard|emptyPifos_0_15                                                                     ;        ;
; pifoEngines_0|enque_brain|engineCAM|banks_0_tags_140[7]                                   ;        ;
; pifoEngines_0|enque_brain|engineCAM|banks_0_tags_140[5]                                   ;        ;
; pifoEngines_0|enque_brain|engineCAM|banks_0_tags_140[3]                                   ;        ;
; pifoEngines_0|enque_brain|engineCAM|banks_0_tags_140[6]                                   ;        ;
; pifoEngines_0|enque_brain|engineCAM|banks_0_tags_140[4]                                   ;        ;
; pifoEngines_0|enque_brain|engineCAM|banks_0_tags_140[0]                                   ;        ;
; pifoEngines_0|enque_brain|engineCAM|banks_0_tags_140[2]                                   ;        ;
; pifoEngines_0|enque_brain|engineCAM|banks_0_tags_140[1]                                   ;        ;
; pifoEngines_0|enque_brain|engineCAM|banks_0_tags_140[14]                                  ;        ;
; pifoEngines_0|enque_brain|engineCAM|banks_0_tags_140[13]                                  ;        ;
; guard|emptyPifos_0_13                                                                     ;        ;
; pifoEngines_0|enque_brain|engineCAM|banks_0_tags_140[12]                                  ;        ;
; pifoEngines_0|enque_brain|engineCAM|banks_0_tags_140[11]                                  ;        ;
; pifoEngines_0|enque_brain|engineCAM|banks_0_tags_140[16]                                  ;        ;
; pifoEngines_0|enque_brain|engineCAM|banks_0_tags_141[5]                                   ;        ;
; pifoEngines_0|enque_brain|engineCAM|banks_0_tags_141[3]                                   ;        ;
; pifoEngines_0|enque_brain|engineCAM|banks_0_tags_141[6]                                   ;        ;
; pifoEngines_0|enque_brain|engineCAM|banks_0_tags_143[5]                                   ;        ;
; pifoEngines_0|enque_brain|engineCAM|banks_0_tags_143[3]                                   ;        ;
; pifoEngines_0|enque_brain|engineCAM|banks_0_tags_143[6]                                   ;        ;
; pifoEngines_0|enque_brain|engineCAM|banks_0_tags_145[16]                                  ;        ;
; guard|emptyPifos_0_10                                                                     ;        ;
; pifoEngines_0|enque_brain|engineCAM|banks_0_tags_147[5]                                   ;        ;
; pifoEngines_0|enque_brain|engineCAM|banks_0_tags_147[3]                                   ;        ;
; pifoEngines_0|enque_brain|engineCAM|banks_0_tags_147[6]                                   ;        ;
; pifoEngines_0|enque_brain|engineCAM|banks_0_tags_145[14]                                  ;        ;
; pifoEngines_0|enque_brain|engineCAM|banks_0_tags_145[13]                                  ;        ;
; pifoEngines_0|enque_brain|engineCAM|banks_0_tags_145[12]                                  ;        ;
; pifoEngines_0|enque_brain|engineCAM|banks_0_tags_145[11]                                  ;        ;
; pifoEngines_0|enque_brain|engineCAM|banks_0_tags_145[0]                                   ;        ;
; pifoEngines_0|enque_brain|engineCAM|banks_0_tags_145[2]                                   ;        ;
; pifoEngines_0|enque_brain|engineCAM|banks_0_tags_145[1]                                   ;        ;
; guard|emptyPifos_0_14                                                                     ;        ;
; pifoEngines_0|enque_brain|engineCAM|banks_0_tags_146[5]                                   ;        ;
; pifoEngines_0|enque_brain|engineCAM|banks_0_tags_146[3]                                   ;        ;
; pifoEngines_0|enque_brain|engineCAM|banks_0_tags_146[6]                                   ;        ;
; pifoEngines_0|enque_brain|engineCAM|banks_0_tags_142[9]                                   ;        ;
; pifoEngines_0|enque_brain|engineCAM|banks_0_tags_142[8]                                   ;        ;
; pifoEngines_0|enque_brain|engineCAM|banks_0_tags_142[10]                                  ;        ;
; pifoEngines_0|enque_brain|engineCAM|banks_0_tags_142[7]                                   ;        ;
; pifoEngines_0|enque_brain|engineCAM|banks_0_tags_142[5]                                   ;        ;
; pifoEngines_0|enque_brain|engineCAM|banks_0_tags_142[3]                                   ;        ;
; pifoEngines_0|enque_brain|engineCAM|banks_0_tags_142[6]                                   ;        ;
; guard|emptyPifos_0_12                                                                     ;        ;
; pifoEngines_0|enque_brain|engineCAM|banks_0_tags_142[4]                                   ;        ;
; pifoEngines_0|enque_brain|engineCAM|banks_0_tags_142[0]                                   ;        ;
; pifoEngines_0|enque_brain|engineCAM|banks_0_tags_142[2]                                   ;        ;
; pifoEngines_0|enque_brain|engineCAM|banks_0_tags_142[1]                                   ;        ;
; pifoEngines_0|enque_brain|engineCAM|banks_0_tags_142[14]                                  ;        ;
; pifoEngines_0|enque_brain|engineCAM|banks_0_tags_142[13]                                  ;        ;
; pifoEngines_0|enque_brain|engineCAM|banks_0_tags_142[12]                                  ;        ;
; pifoEngines_0|enque_brain|engineCAM|banks_0_tags_142[11]                                  ;        ;
; pifoEngines_0|enque_brain|engineCAM|banks_0_tags_142[16]                                  ;        ;
; pifoEngines_0|enque_brain|engineCAM|banks_0_tags_149[5]                                   ;        ;
; guard|emptyPifos_0_3                                                                      ;        ;
; pifoEngines_0|enque_brain|engineCAM|banks_0_tags_149[3]                                   ;        ;
; pifoEngines_0|enque_brain|engineCAM|banks_0_tags_149[6]                                   ;        ;
; pifoEngines_0|enque_brain|engineCAM|banks_0_tags_151[5]                                   ;        ;
; pifoEngines_0|enque_brain|engineCAM|banks_0_tags_151[3]                                   ;        ;
; pifoEngines_0|enque_brain|engineCAM|banks_0_tags_151[6]                                   ;        ;
; pifoEngines_0|enque_brain|engineCAM|banks_0_tags_153[16]                                  ;        ;
; pifoEngines_0|enque_brain|engineCAM|banks_0_tags_155[5]                                   ;        ;
; pifoEngines_0|enque_brain|engineCAM|banks_0_tags_155[3]                                   ;        ;
; pifoEngines_0|enque_brain|engineCAM|banks_0_tags_155[6]                                   ;        ;
; pifoEngines_0|enque_brain|engineCAM|banks_0_tags_153[14]                                  ;        ;
; guard|emptyPifos_0_0                                                                      ;        ;
; pifoEngines_0|enque_brain|engineCAM|banks_0_tags_153[13]                                  ;        ;
; pifoEngines_0|enque_brain|engineCAM|banks_0_tags_153[12]                                  ;        ;
; pifoEngines_0|enque_brain|engineCAM|banks_0_tags_153[11]                                  ;        ;
; pifoEngines_0|enque_brain|engineCAM|banks_0_tags_153[0]                                   ;        ;
; pifoEngines_0|enque_brain|engineCAM|banks_0_tags_153[2]                                   ;        ;
; pifoEngines_0|enque_brain|engineCAM|banks_0_tags_153[1]                                   ;        ;
; pifoEngines_0|enque_brain|engineCAM|banks_0_tags_154[5]                                   ;        ;
; pifoEngines_0|enque_brain|engineCAM|banks_0_tags_154[3]                                   ;        ;
; pifoEngines_0|enque_brain|engineCAM|banks_0_tags_154[6]                                   ;        ;
; pifoEngines_0|enque_brain|engineCAM|banks_0_tags_150[9]                                   ;        ;
; guard|emptyPifos_4_113                                                                    ;        ;
; guard|emptyPifos_4_118                                                                    ;        ;
; guard|emptyPifos_0_1                                                                      ;        ;
; pifoEngines_0|enque_brain|engineCAM|banks_0_tags_150[8]                                   ;        ;
; pifoEngines_0|enque_brain|engineCAM|banks_0_tags_150[10]                                  ;        ;
; pifoEngines_0|enque_brain|engineCAM|banks_0_tags_150[7]                                   ;        ;
; pifoEngines_0|enque_brain|engineCAM|banks_0_tags_150[5]                                   ;        ;
; pifoEngines_0|enque_brain|engineCAM|banks_0_tags_150[3]                                   ;        ;
; pifoEngines_0|enque_brain|engineCAM|banks_0_tags_150[6]                                   ;        ;
; pifoEngines_0|enque_brain|engineCAM|banks_0_tags_150[4]                                   ;        ;
; pifoEngines_0|enque_brain|engineCAM|banks_0_tags_150[0]                                   ;        ;
; pifoEngines_0|enque_brain|engineCAM|banks_0_tags_150[2]                                   ;        ;
; pifoEngines_0|enque_brain|engineCAM|banks_0_tags_150[1]                                   ;        ;
; guard|emptyPifos_0_7                                                                      ;        ;
; pifoEngines_0|enque_brain|engineCAM|banks_0_tags_150[14]                                  ;        ;
; pifoEngines_0|enque_brain|engineCAM|banks_0_tags_150[13]                                  ;        ;
; pifoEngines_0|enque_brain|engineCAM|banks_0_tags_150[12]                                  ;        ;
; pifoEngines_0|enque_brain|engineCAM|banks_0_tags_150[11]                                  ;        ;
; pifoEngines_0|enque_brain|engineCAM|banks_0_tags_150[16]                                  ;        ;
; pifoEngines_0|enque_brain|engineCAM|banks_0_tags_157[9]                                   ;        ;
; pifoEngines_0|enque_brain|engineCAM|banks_0_tags_157[8]                                   ;        ;
; pifoEngines_0|enque_brain|engineCAM|banks_0_tags_157[10]                                  ;        ;
; pifoEngines_0|enque_brain|engineCAM|banks_0_tags_157[7]                                   ;        ;
; pifoEngines_0|enque_brain|engineCAM|banks_0_tags_157[5]                                   ;        ;
; guard|emptyPifos_0_5                                                                      ;        ;
; pifoEngines_0|enque_brain|engineCAM|banks_0_tags_157[3]                                   ;        ;
; pifoEngines_0|enque_brain|engineCAM|banks_0_tags_157[6]                                   ;        ;
; pifoEngines_0|enque_brain|engineCAM|banks_0_tags_157[4]                                   ;        ;
; pifoEngines_0|enque_brain|engineCAM|banks_0_tags_157[0]                                   ;        ;
; pifoEngines_0|enque_brain|engineCAM|banks_0_tags_157[2]                                   ;        ;
; pifoEngines_0|enque_brain|engineCAM|banks_0_tags_157[1]                                   ;        ;
; pifoEngines_0|enque_brain|engineCAM|banks_0_tags_157[14]                                  ;        ;
; pifoEngines_0|enque_brain|engineCAM|banks_0_tags_157[13]                                  ;        ;
; pifoEngines_0|enque_brain|engineCAM|banks_0_tags_157[12]                                  ;        ;
; pifoEngines_0|enque_brain|engineCAM|banks_0_tags_157[11]                                  ;        ;
; guard|emptyPifos_0_2                                                                      ;        ;
; pifoEngines_0|enque_brain|engineCAM|banks_0_tags_157[16]                                  ;        ;
; pifoEngines_0|enque_brain|engineCAM|banks_0_tags_159[9]                                   ;        ;
; pifoEngines_0|enque_brain|engineCAM|banks_0_tags_159[8]                                   ;        ;
; pifoEngines_0|enque_brain|engineCAM|banks_0_tags_159[10]                                  ;        ;
; pifoEngines_0|enque_brain|engineCAM|banks_0_tags_159[7]                                   ;        ;
; pifoEngines_0|enque_brain|engineCAM|banks_0_tags_159[5]                                   ;        ;
; pifoEngines_0|enque_brain|engineCAM|banks_0_tags_159[3]                                   ;        ;
; pifoEngines_0|enque_brain|engineCAM|banks_0_tags_159[6]                                   ;        ;
; pifoEngines_0|enque_brain|engineCAM|banks_0_tags_159[4]                                   ;        ;
; pifoEngines_0|enque_brain|engineCAM|banks_0_tags_159[0]                                   ;        ;
; guard|emptyPifos_0_6                                                                      ;        ;
; pifoEngines_0|enque_brain|engineCAM|banks_0_tags_159[2]                                   ;        ;
; pifoEngines_0|enque_brain|engineCAM|banks_0_tags_159[1]                                   ;        ;
; pifoEngines_0|enque_brain|engineCAM|banks_0_tags_159[14]                                  ;        ;
; pifoEngines_0|enque_brain|engineCAM|banks_0_tags_159[13]                                  ;        ;
; pifoEngines_0|enque_brain|engineCAM|banks_0_tags_159[12]                                  ;        ;
; pifoEngines_0|enque_brain|engineCAM|banks_0_tags_159[11]                                  ;        ;
; pifoEngines_0|enque_brain|engineCAM|banks_0_tags_159[16]                                  ;        ;
; pifoEngines_0|enque_brain|engineCAM|banks_0_tags_158[9]                                   ;        ;
; pifoEngines_0|enque_brain|engineCAM|banks_0_tags_158[8]                                   ;        ;
; pifoEngines_0|enque_brain|engineCAM|banks_0_tags_158[10]                                  ;        ;
; guard|emptyPifos_0_4                                                                      ;        ;
; pifoEngines_0|enque_brain|engineCAM|banks_0_tags_158[7]                                   ;        ;
; pifoEngines_0|enque_brain|engineCAM|banks_0_tags_158[5]                                   ;        ;
; pifoEngines_0|enque_brain|engineCAM|banks_0_tags_158[3]                                   ;        ;
; pifoEngines_0|enque_brain|engineCAM|banks_0_tags_158[6]                                   ;        ;
; pifoEngines_0|enque_brain|engineCAM|banks_0_tags_158[4]                                   ;        ;
; pifoEngines_0|enque_brain|engineCAM|banks_0_tags_158[0]                                   ;        ;
; pifoEngines_0|enque_brain|engineCAM|banks_0_tags_158[2]                                   ;        ;
; pifoEngines_0|enque_brain|engineCAM|banks_0_tags_158[1]                                   ;        ;
; pifoEngines_0|enque_brain|engineCAM|banks_0_tags_158[14]                                  ;        ;
; pifoEngines_0|enque_brain|engineCAM|banks_0_tags_158[13]                                  ;        ;
; guard|emptyPifos_0_27                                                                     ;        ;
; pifoEngines_0|enque_brain|engineCAM|banks_0_tags_158[12]                                  ;        ;
; pifoEngines_0|enque_brain|engineCAM|banks_0_tags_158[11]                                  ;        ;
; pifoEngines_0|enque_brain|engineCAM|banks_0_tags_158[16]                                  ;        ;
; pifoEngines_0|enque_brain|engineCAM|banks_0_tags_161[16]                                  ;        ;
; pifoEngines_0|enque_brain|engineCAM|banks_0_tags_163[16]                                  ;        ;
; pifoEngines_0|enque_brain|engineCAM|banks_0_tags_161[14]                                  ;        ;
; pifoEngines_0|enque_brain|engineCAM|banks_0_tags_161[13]                                  ;        ;
; pifoEngines_0|enque_brain|engineCAM|banks_0_tags_161[12]                                  ;        ;
; pifoEngines_0|enque_brain|engineCAM|banks_0_tags_161[11]                                  ;        ;
; pifoEngines_0|enque_brain|engineCAM|banks_0_tags_161[0]                                   ;        ;
; guard|emptyPifos_0_24                                                                     ;        ;
; pifoEngines_0|enque_brain|engineCAM|banks_0_tags_161[2]                                   ;        ;
; pifoEngines_0|enque_brain|engineCAM|banks_0_tags_161[1]                                   ;        ;
; pifoEngines_0|enque_brain|engineCAM|banks_0_tags_162[5]                                   ;        ;
; pifoEngines_0|enque_brain|engineCAM|banks_0_tags_162[3]                                   ;        ;
; pifoEngines_0|enque_brain|engineCAM|banks_0_tags_162[6]                                   ;        ;
; pifoEngines_0|enque_brain|engineCAM|banks_0_tags_163[14]                                  ;        ;
; pifoEngines_0|enque_brain|engineCAM|banks_0_tags_163[13]                                  ;        ;
; pifoEngines_0|enque_brain|engineCAM|banks_0_tags_163[12]                                  ;        ;
; pifoEngines_0|enque_brain|engineCAM|banks_0_tags_163[11]                                  ;        ;
; pifoEngines_0|enque_brain|engineCAM|banks_0_tags_163[0]                                   ;        ;
; guard|emptyPifos_0_25                                                                     ;        ;
; pifoEngines_0|enque_brain|engineCAM|banks_0_tags_163[2]                                   ;        ;
; pifoEngines_0|enque_brain|engineCAM|banks_0_tags_163[1]                                   ;        ;
; pifoEngines_0|enque_brain|engineCAM|banks_0_tags_164[5]                                   ;        ;
; pifoEngines_0|enque_brain|engineCAM|banks_0_tags_164[3]                                   ;        ;
; pifoEngines_0|enque_brain|engineCAM|banks_0_tags_164[6]                                   ;        ;
; pifoEngines_0|enque_brain|engineCAM|banks_0_tags_165[5]                                   ;        ;
; pifoEngines_0|enque_brain|engineCAM|banks_0_tags_165[3]                                   ;        ;
; pifoEngines_0|enque_brain|engineCAM|banks_0_tags_165[6]                                   ;        ;
; pifoEngines_0|enque_brain|engineCAM|banks_0_tags_167[5]                                   ;        ;
; pifoEngines_0|enque_brain|engineCAM|banks_0_tags_167[3]                                   ;        ;
; guard|emptyPifos_0_31                                                                     ;        ;
; pifoEngines_0|enque_brain|engineCAM|banks_0_tags_167[6]                                   ;        ;
; pifoEngines_0|enque_brain|engineCAM|banks_0_tags_169[16]                                  ;        ;
; pifoEngines_0|enque_brain|engineCAM|banks_0_tags_171[5]                                   ;        ;
; pifoEngines_0|enque_brain|engineCAM|banks_0_tags_171[3]                                   ;        ;
; pifoEngines_0|enque_brain|engineCAM|banks_0_tags_171[6]                                   ;        ;
; pifoEngines_0|enque_brain|engineCAM|banks_0_tags_169[14]                                  ;        ;
; pifoEngines_0|enque_brain|engineCAM|banks_0_tags_169[13]                                  ;        ;
; pifoEngines_0|enque_brain|engineCAM|banks_0_tags_169[12]                                  ;        ;
; pifoEngines_0|enque_brain|engineCAM|banks_0_tags_169[11]                                  ;        ;
; pifoEngines_0|enque_brain|engineCAM|banks_0_tags_169[0]                                   ;        ;
; guard|emptyPifos_4_116                                                                    ;        ;
; guard|emptyPifos_0_29                                                                     ;        ;
; pifoEngines_0|enque_brain|engineCAM|banks_0_tags_169[2]                                   ;        ;
; pifoEngines_0|enque_brain|engineCAM|banks_0_tags_169[1]                                   ;        ;
; pifoEngines_0|enque_brain|engineCAM|banks_0_tags_170[5]                                   ;        ;
; pifoEngines_0|enque_brain|engineCAM|banks_0_tags_170[3]                                   ;        ;
; pifoEngines_0|enque_brain|engineCAM|banks_0_tags_170[6]                                   ;        ;
; pifoEngines_0|enque_brain|engineCAM|banks_0_tags_166[9]                                   ;        ;
; pifoEngines_0|enque_brain|engineCAM|banks_0_tags_166[8]                                   ;        ;
; pifoEngines_0|enque_brain|engineCAM|banks_0_tags_166[10]                                  ;        ;
; pifoEngines_0|enque_brain|engineCAM|banks_0_tags_166[7]                                   ;        ;
; pifoEngines_0|enque_brain|engineCAM|banks_0_tags_166[5]                                   ;        ;
; guard|emptyPifos_0_26                                                                     ;        ;
; pifoEngines_0|enque_brain|engineCAM|banks_0_tags_166[3]                                   ;        ;
; pifoEngines_0|enque_brain|engineCAM|banks_0_tags_166[6]                                   ;        ;
; pifoEngines_0|enque_brain|engineCAM|banks_0_tags_166[4]                                   ;        ;
; pifoEngines_0|enque_brain|engineCAM|banks_0_tags_166[0]                                   ;        ;
; pifoEngines_0|enque_brain|engineCAM|banks_0_tags_166[2]                                   ;        ;
; pifoEngines_0|enque_brain|engineCAM|banks_0_tags_166[1]                                   ;        ;
; pifoEngines_0|enque_brain|engineCAM|banks_0_tags_166[14]                                  ;        ;
; pifoEngines_0|enque_brain|engineCAM|banks_0_tags_166[13]                                  ;        ;
; pifoEngines_0|enque_brain|engineCAM|banks_0_tags_166[12]                                  ;        ;
; pifoEngines_0|enque_brain|engineCAM|banks_0_tags_166[11]                                  ;        ;
; guard|emptyPifos_0_30                                                                     ;        ;
; pifoEngines_0|enque_brain|engineCAM|banks_0_tags_166[16]                                  ;        ;
; pifoEngines_0|enque_brain|engineCAM|banks_0_tags_160[9]                                   ;        ;
; pifoEngines_0|enque_brain|engineCAM|banks_0_tags_160[8]                                   ;        ;
; pifoEngines_0|enque_brain|engineCAM|banks_0_tags_160[10]                                  ;        ;
; pifoEngines_0|enque_brain|engineCAM|banks_0_tags_160[7]                                   ;        ;
; pifoEngines_0|enque_brain|engineCAM|banks_0_tags_160[5]                                   ;        ;
; pifoEngines_0|enque_brain|engineCAM|banks_0_tags_160[3]                                   ;        ;
; pifoEngines_0|enque_brain|engineCAM|banks_0_tags_160[6]                                   ;        ;
; pifoEngines_0|enque_brain|engineCAM|banks_0_tags_160[4]                                   ;        ;
; pifoEngines_0|enque_brain|engineCAM|banks_0_tags_160[0]                                   ;        ;
; guard|emptyPifos_0_28                                                                     ;        ;
; pifoEngines_0|enque_brain|engineCAM|banks_0_tags_160[2]                                   ;        ;
; pifoEngines_0|enque_brain|engineCAM|banks_0_tags_160[1]                                   ;        ;
; pifoEngines_0|enque_brain|engineCAM|banks_0_tags_160[14]                                  ;        ;
; pifoEngines_0|enque_brain|engineCAM|banks_0_tags_160[13]                                  ;        ;
; pifoEngines_0|enque_brain|engineCAM|banks_0_tags_160[12]                                  ;        ;
; pifoEngines_0|enque_brain|engineCAM|banks_0_tags_160[11]                                  ;        ;
; pifoEngines_0|enque_brain|engineCAM|banks_0_tags_160[16]                                  ;        ;
; pifoEngines_0|enque_brain|engineCAM|banks_0_tags_71[14]                                   ;        ;
; pifoEngines_0|enque_brain|engineCAM|banks_0_tags_71[13]                                   ;        ;
; pifoEngines_0|enque_brain|engineCAM|banks_0_tags_71[12]                                   ;        ;
; guard|emptyPifos_0_11                                                                     ;        ;
; pifoEngines_0|enque_brain|engineCAM|banks_0_tags_71[11]                                   ;        ;
; pifoEngines_0|enque_brain|engineCAM|banks_0_tags_71[0]                                    ;        ;
; pifoEngines_0|enque_brain|engineCAM|banks_0_tags_71[2]                                    ;        ;
; pifoEngines_0|enque_brain|engineCAM|banks_0_tags_71[1]                                    ;        ;
; pifoEngines_0|enque_brain|engineCAM|banks_0_tags_71[9]                                    ;        ;
; pifoEngines_0|enque_brain|engineCAM|banks_0_tags_71[8]                                    ;        ;
; pifoEngines_0|enque_brain|engineCAM|banks_0_tags_71[10]                                   ;        ;
; pifoEngines_0|enque_brain|engineCAM|banks_0_tags_71[7]                                    ;        ;
; pifoEngines_0|enque_brain|engineCAM|banks_0_tags_71[5]                                    ;        ;
; pifoEngines_0|enque_brain|engineCAM|banks_0_tags_71[3]                                    ;        ;
; guard|emptyPifos_0_8                                                                      ;        ;
; pifoEngines_0|enque_brain|engineCAM|banks_0_tags_71[6]                                    ;        ;
; pifoEngines_0|enque_brain|engineCAM|banks_0_tags_73[5]                                    ;        ;
; pifoEngines_0|enque_brain|engineCAM|banks_0_tags_73[3]                                    ;        ;
; pifoEngines_0|enque_brain|engineCAM|banks_0_tags_73[6]                                    ;        ;
; pifoEngines_0|enque_brain|engineCAM|banks_0_valid_42                                      ;        ;
; pifoEngines_0|enque_brain|engineCAM|banks_0_tags_44[9]                                    ;        ;
; pifoEngines_0|enque_brain|engineCAM|banks_0_tags_44[8]                                    ;        ;
; pifoEngines_0|enque_brain|engineCAM|banks_0_tags_44[10]                                   ;        ;
; pifoEngines_0|enque_brain|engineCAM|banks_0_tags_44[7]                                    ;        ;
; pifoEngines_0|enque_brain|engineCAM|banks_0_tags_44[5]                                    ;        ;
; guard|emptyPifos_0_9                                                                      ;        ;
; pifoEngines_0|enque_brain|engineCAM|banks_0_tags_44[3]                                    ;        ;
; pifoEngines_0|enque_brain|engineCAM|banks_0_tags_44[6]                                    ;        ;
; pifoEngines_0|enque_brain|engineCAM|banks_0_tags_44[4]                                    ;        ;
; pifoEngines_0|enque_brain|engineCAM|banks_0_tags_44[0]                                    ;        ;
; pifoEngines_0|enque_brain|engineCAM|banks_0_tags_44[2]                                    ;        ;
; pifoEngines_0|enque_brain|engineCAM|banks_0_tags_44[1]                                    ;        ;
; pifoEngines_0|enque_brain|engineCAM|banks_0_tags_44[14]                                   ;        ;
; pifoEngines_0|enque_brain|engineCAM|banks_0_tags_44[13]                                   ;        ;
; pifoEngines_0|enque_brain|engineCAM|banks_0_tags_44[12]                                   ;        ;
; pifoEngines_0|enque_brain|engineCAM|banks_0_tags_44[11]                                   ;        ;
; guard|emptyPifos_0_19                                                                     ;        ;
; pifoEngines_0|enque_brain|engineCAM|banks_0_tags_44[16]                                   ;        ;
; pifoEngines_0|enque_brain|engineCAM|banks_0_tags_44[15]                                   ;        ;
; pifoEngines_0|enque_brain|engineCAM|banks_0_valid_44                                      ;        ;
; pifoEngines_0|enque_brain|engineCAM|banks_0_valid_45                                      ;        ;
; pifoEngines_0|enque_brain|engineCAM|banks_0_tags_49[9]                                    ;        ;
; pifoEngines_0|enque_brain|engineCAM|banks_0_tags_49[8]                                    ;        ;
; pifoEngines_0|enque_brain|engineCAM|banks_0_tags_49[10]                                   ;        ;
; pifoEngines_0|enque_brain|engineCAM|banks_0_tags_49[7]                                    ;        ;
; pifoEngines_0|enque_brain|engineCAM|banks_0_tags_49[5]                                    ;        ;
; pifoEngines_0|enque_brain|engineCAM|banks_0_tags_49[3]                                    ;        ;
; guard|emptyPifos_0_16                                                                     ;        ;
; pifoEngines_0|enque_brain|engineCAM|banks_0_tags_49[6]                                    ;        ;
; pifoEngines_0|enque_brain|engineCAM|banks_0_tags_49[4]                                    ;        ;
; pifoEngines_0|enque_brain|engineCAM|banks_0_tags_49[0]                                    ;        ;
; pifoEngines_0|enque_brain|engineCAM|banks_0_tags_49[2]                                    ;        ;
; pifoEngines_0|enque_brain|engineCAM|banks_0_tags_49[1]                                    ;        ;
; pifoEngines_0|enque_brain|engineCAM|banks_0_tags_49[14]                                   ;        ;
; pifoEngines_0|enque_brain|engineCAM|banks_0_tags_49[13]                                   ;        ;
; pifoEngines_0|enque_brain|engineCAM|banks_0_tags_49[12]                                   ;        ;
; pifoEngines_0|enque_brain|engineCAM|banks_0_tags_49[11]                                   ;        ;
; pifoEngines_0|enque_brain|engineCAM|banks_0_tags_49[16]                                   ;        ;
; guard|emptyPifos_0_17                                                                     ;        ;
; pifoEngines_0|enque_brain|engineCAM|banks_0_tags_49[15]                                   ;        ;
; pifoEngines_0|enque_brain|engineCAM|banks_0_valid_49                                      ;        ;
; pifoEngines_0|enque_brain|engineCAM|banks_0_valid_50                                      ;        ;
; pifoEngines_0|enque_brain|engineCAM|banks_0_tags_53[9]                                    ;        ;
; pifoEngines_0|enque_brain|engineCAM|banks_0_tags_53[8]                                    ;        ;
; pifoEngines_0|enque_brain|engineCAM|banks_0_tags_53[10]                                   ;        ;
; pifoEngines_0|enque_brain|engineCAM|banks_0_tags_53[7]                                    ;        ;
; pifoEngines_0|enque_brain|engineCAM|banks_0_tags_53[5]                                    ;        ;
; pifoEngines_0|enque_brain|engineCAM|banks_0_tags_53[3]                                    ;        ;
; pifoEngines_0|enque_brain|engineCAM|banks_0_tags_53[6]                                    ;        ;
; guard|emptyPifos_4_99                                                                     ;        ;
; guard|emptyPifos_0_23                                                                     ;        ;
; pifoEngines_0|enque_brain|engineCAM|banks_0_tags_53[4]                                    ;        ;
; pifoEngines_0|enque_brain|engineCAM|banks_0_tags_53[0]                                    ;        ;
; pifoEngines_0|enque_brain|engineCAM|banks_0_tags_53[2]                                    ;        ;
; pifoEngines_0|enque_brain|engineCAM|banks_0_tags_53[1]                                    ;        ;
; pifoEngines_0|enque_brain|engineCAM|banks_0_tags_53[14]                                   ;        ;
; pifoEngines_0|enque_brain|engineCAM|banks_0_tags_53[13]                                   ;        ;
; pifoEngines_0|enque_brain|engineCAM|banks_0_tags_53[12]                                   ;        ;
; pifoEngines_0|enque_brain|engineCAM|banks_0_tags_53[11]                                   ;        ;
; pifoEngines_0|enque_brain|engineCAM|banks_0_tags_53[16]                                   ;        ;
; pifoEngines_0|enque_brain|engineCAM|banks_0_tags_53[15]                                   ;        ;
; guard|emptyPifos_0_21                                                                     ;        ;
; pifoEngines_0|enque_brain|engineCAM|banks_0_valid_53                                      ;        ;
; pifoEngines_0|enque_brain|engineCAM|banks_0_tags_55[9]                                    ;        ;
; pifoEngines_0|enque_brain|engineCAM|banks_0_tags_55[8]                                    ;        ;
; pifoEngines_0|enque_brain|engineCAM|banks_0_tags_55[10]                                   ;        ;
; pifoEngines_0|enque_brain|engineCAM|banks_0_tags_55[7]                                    ;        ;
; pifoEngines_0|enque_brain|engineCAM|banks_0_tags_55[5]                                    ;        ;
; pifoEngines_0|enque_brain|engineCAM|banks_0_tags_55[3]                                    ;        ;
; pifoEngines_0|enque_brain|engineCAM|banks_0_tags_55[6]                                    ;        ;
; pifoEngines_0|enque_brain|engineCAM|banks_0_tags_55[4]                                    ;        ;
; pifoEngines_0|enque_brain|engineCAM|banks_0_tags_55[0]                                    ;        ;
; guard|emptyPifos_0_18                                                                     ;        ;
; pifoEngines_0|enque_brain|engineCAM|banks_0_tags_55[2]                                    ;        ;
; pifoEngines_0|enque_brain|engineCAM|banks_0_tags_55[1]                                    ;        ;
; pifoEngines_0|enque_brain|engineCAM|banks_0_tags_55[14]                                   ;        ;
; pifoEngines_0|enque_brain|engineCAM|banks_0_tags_55[13]                                   ;        ;
; pifoEngines_0|enque_brain|engineCAM|banks_0_tags_55[12]                                   ;        ;
; pifoEngines_0|enque_brain|engineCAM|banks_0_tags_55[11]                                   ;        ;
; pifoEngines_0|enque_brain|engineCAM|banks_0_tags_55[16]                                   ;        ;
; pifoEngines_0|enque_brain|engineCAM|banks_0_tags_55[15]                                   ;        ;
; pifoEngines_0|enque_brain|engineCAM|banks_0_valid_55                                      ;        ;
; pifoEngines_0|enque_brain|engineCAM|banks_0_valid_56                                      ;        ;
; guard|emptyPifos_0_22                                                                     ;        ;
; pifoEngines_0|enque_brain|engineCAM|banks_0_valid_57                                      ;        ;
; pifoEngines_0|enque_brain|engineCAM|banks_0_valid_58                                      ;        ;
; pifoEngines_0|enque_brain|engineCAM|banks_0_valid_59                                      ;        ;
; pifoEngines_0|enque_brain|engineCAM|banks_0_valid_60                                      ;        ;
; pifoEngines_0|enque_brain|engineCAM|banks_0_tags_63[9]                                    ;        ;
; pifoEngines_0|enque_brain|engineCAM|banks_0_tags_63[8]                                    ;        ;
; pifoEngines_0|enque_brain|engineCAM|banks_0_tags_63[10]                                   ;        ;
; pifoEngines_0|enque_brain|engineCAM|banks_0_tags_63[7]                                    ;        ;
; pifoEngines_0|enque_brain|engineCAM|banks_0_tags_63[5]                                    ;        ;
; pifoEngines_0|enque_brain|engineCAM|banks_0_tags_63[3]                                    ;        ;
; guard|emptyPifos_0_20                                                                     ;        ;
; pifoEngines_0|enque_brain|engineCAM|banks_0_tags_63[6]                                    ;        ;
; pifoEngines_0|enque_brain|engineCAM|banks_0_tags_63[4]                                    ;        ;
; pifoEngines_0|enque_brain|engineCAM|banks_0_tags_63[0]                                    ;        ;
; pifoEngines_0|enque_brain|engineCAM|banks_0_tags_63[2]                                    ;        ;
; pifoEngines_0|enque_brain|engineCAM|banks_0_tags_63[1]                                    ;        ;
; pifoEngines_0|enque_brain|engineCAM|banks_0_tags_63[14]                                   ;        ;
; pifoEngines_0|enque_brain|engineCAM|banks_0_tags_63[13]                                   ;        ;
; pifoEngines_0|enque_brain|engineCAM|banks_0_tags_63[12]                                   ;        ;
; pifoEngines_0|enque_brain|engineCAM|banks_0_tags_63[11]                                   ;        ;
; pifoEngines_0|enque_brain|engineCAM|banks_0_tags_63[16]                                   ;        ;
; guard|emptyPifos_0_47                                                                     ;        ;
; pifoEngines_0|enque_brain|engineCAM|banks_0_tags_63[15]                                   ;        ;
; pifoEngines_0|enque_brain|engineCAM|banks_0_valid_63                                      ;        ;
; pifoEngines_0|enque_brain|engineCAM|banks_0_valid_64                                      ;        ;
; pifoEngines_0|enque_brain|engineCAM|banks_0_valid_65                                      ;        ;
; pifoEngines_0|enque_brain|engineCAM|banks_0_valid_66                                      ;        ;
; pifoEngines_0|enque_brain|engineCAM|banks_0_valid_67                                      ;        ;
; pifoEngines_0|enque_brain|engineCAM|banks_0_tags_70[9]                                    ;        ;
; pifoEngines_0|enque_brain|engineCAM|banks_0_tags_70[8]                                    ;        ;
; pifoEngines_0|enque_brain|engineCAM|banks_0_tags_70[10]                                   ;        ;
; pifoEngines_0|enque_brain|engineCAM|banks_0_tags_70[7]                                    ;        ;
; guard|emptyPifos_0_39                                                                     ;        ;
; pifoEngines_0|enque_brain|engineCAM|banks_0_tags_70[5]                                    ;        ;
; pifoEngines_0|enque_brain|engineCAM|banks_0_tags_70[3]                                    ;        ;
; pifoEngines_0|enque_brain|engineCAM|banks_0_tags_70[6]                                    ;        ;
; pifoEngines_0|enque_brain|engineCAM|banks_0_tags_70[4]                                    ;        ;
; pifoEngines_0|enque_brain|engineCAM|banks_0_tags_70[0]                                    ;        ;
; pifoEngines_0|enque_brain|engineCAM|banks_0_tags_70[2]                                    ;        ;
; pifoEngines_0|enque_brain|engineCAM|banks_0_tags_70[1]                                    ;        ;
; pifoEngines_0|enque_brain|engineCAM|banks_0_tags_70[14]                                   ;        ;
; pifoEngines_0|enque_brain|engineCAM|banks_0_tags_70[13]                                   ;        ;
; pifoEngines_0|enque_brain|engineCAM|banks_0_tags_70[12]                                   ;        ;
; guard|emptyPifos_0_42                                                                     ;        ;
; pifoEngines_0|enque_brain|engineCAM|banks_0_tags_70[11]                                   ;        ;
; pifoEngines_0|enque_brain|engineCAM|banks_0_tags_70[16]                                   ;        ;
; pifoEngines_0|enque_brain|engineCAM|banks_0_tags_70[15]                                   ;        ;
; pifoEngines_0|enque_brain|engineCAM|banks_0_valid_70                                      ;        ;
; pifoEngines_0|enque_brain|engineCAM|banks_0_valid_71                                      ;        ;
; pifoEngines_0|enque_brain|engineCAM|banks_0_tags_72[9]                                    ;        ;
; pifoEngines_0|enque_brain|engineCAM|banks_0_tags_72[8]                                    ;        ;
; pifoEngines_0|enque_brain|engineCAM|banks_0_tags_72[10]                                   ;        ;
; pifoEngines_0|enque_brain|engineCAM|banks_0_tags_72[7]                                    ;        ;
; pifoEngines_0|enque_brain|engineCAM|banks_0_tags_72[5]                                    ;        ;
; guard|emptyPifos_0_43                                                                     ;        ;
; pifoEngines_0|enque_brain|engineCAM|banks_0_tags_72[3]                                    ;        ;
; pifoEngines_0|enque_brain|engineCAM|banks_0_tags_72[6]                                    ;        ;
; pifoEngines_0|enque_brain|engineCAM|banks_0_tags_72[4]                                    ;        ;
; pifoEngines_0|enque_brain|engineCAM|banks_0_tags_72[0]                                    ;        ;
; pifoEngines_0|enque_brain|engineCAM|banks_0_tags_72[2]                                    ;        ;
; pifoEngines_0|enque_brain|engineCAM|banks_0_tags_72[1]                                    ;        ;
; pifoEngines_0|enque_brain|engineCAM|banks_0_tags_72[14]                                   ;        ;
; pifoEngines_0|enque_brain|engineCAM|banks_0_tags_72[13]                                   ;        ;
; pifoEngines_0|enque_brain|engineCAM|banks_0_tags_72[12]                                   ;        ;
; pifoEngines_0|enque_brain|engineCAM|banks_0_tags_72[11]                                   ;        ;
; guard|emptyPifos_0_35                                                                     ;        ;
; pifoEngines_0|enque_brain|engineCAM|banks_0_tags_72[16]                                   ;        ;
; pifoEngines_0|enque_brain|engineCAM|banks_0_tags_72[15]                                   ;        ;
; pifoEngines_0|enque_brain|engineCAM|banks_0_valid_72                                      ;        ;
; pifoEngines_0|enque_brain|engineCAM|banks_0_tags_73[9]                                    ;        ;
; pifoEngines_0|enque_brain|engineCAM|banks_0_tags_73[8]                                    ;        ;
; pifoEngines_0|enque_brain|engineCAM|banks_0_tags_73[10]                                   ;        ;
; pifoEngines_0|enque_brain|engineCAM|banks_0_tags_73[7]                                    ;        ;
; pifoEngines_0|enque_brain|engineCAM|banks_0_tags_73[0]                                    ;        ;
; pifoEngines_0|enque_brain|engineCAM|banks_0_valid_73                                      ;        ;
; pifoEngines_0|enque_brain|engineCAM|banks_0_tags_73[2]                                    ;        ;
; guard|emptyPifos_4_96                                                                     ;        ;
; guard|emptyPifos_0_44                                                                     ;        ;
; pifoEngines_0|enque_brain|engineCAM|banks_0_tags_73[1]                                    ;        ;
; pifoEngines_0|enque_brain|engineCAM|banks_0_tags_73[14]                                   ;        ;
; pifoEngines_0|enque_brain|engineCAM|banks_0_tags_73[13]                                   ;        ;
; pifoEngines_0|enque_brain|engineCAM|banks_0_tags_73[12]                                   ;        ;
; pifoEngines_0|enque_brain|engineCAM|banks_0_tags_73[11]                                   ;        ;
; pifoEngines_0|enque_brain|engineCAM|banks_0_tags_73[16]                                   ;        ;
; pifoEngines_0|enque_brain|engineCAM|banks_0_tags_73[15]                                   ;        ;
; pifoEngines_0|enque_brain|engineCAM|banks_0_tags_73[4]                                    ;        ;
; pifoEngines_0|enque_brain|engineCAM|banks_0_tags_71[4]                                    ;        ;
; pifoEngines_0|enque_brain|engineCAM|banks_0_tags_74[9]                                    ;        ;
; guard|emptyPifos_0_32                                                                     ;        ;
; pifoEngines_0|enque_brain|engineCAM|banks_0_tags_74[8]                                    ;        ;
; pifoEngines_0|enque_brain|engineCAM|banks_0_tags_74[10]                                   ;        ;
; pifoEngines_0|enque_brain|engineCAM|banks_0_tags_74[7]                                    ;        ;
; pifoEngines_0|enque_brain|engineCAM|banks_0_tags_74[5]                                    ;        ;
; pifoEngines_0|enque_brain|engineCAM|banks_0_tags_74[3]                                    ;        ;
; pifoEngines_0|enque_brain|engineCAM|banks_0_tags_74[6]                                    ;        ;
; pifoEngines_0|enque_brain|engineCAM|banks_0_tags_74[4]                                    ;        ;
; pifoEngines_0|enque_brain|engineCAM|banks_0_tags_74[0]                                    ;        ;
; pifoEngines_0|enque_brain|engineCAM|banks_0_tags_74[2]                                    ;        ;
; pifoEngines_0|enque_brain|engineCAM|banks_0_tags_74[1]                                    ;        ;
; guard|emptyPifos_0_36                                                                     ;        ;
; pifoEngines_0|enque_brain|engineCAM|banks_0_tags_74[14]                                   ;        ;
; pifoEngines_0|enque_brain|engineCAM|banks_0_tags_74[13]                                   ;        ;
; pifoEngines_0|enque_brain|engineCAM|banks_0_tags_74[12]                                   ;        ;
; pifoEngines_0|enque_brain|engineCAM|banks_0_tags_74[11]                                   ;        ;
; pifoEngines_0|enque_brain|engineCAM|banks_0_tags_74[16]                                   ;        ;
; pifoEngines_0|enque_brain|engineCAM|banks_0_tags_74[15]                                   ;        ;
; pifoEngines_0|enque_brain|engineCAM|banks_0_valid_74                                      ;        ;
; pifoEngines_0|enque_brain|engineCAM|banks_0_valid_75                                      ;        ;
; pifoEngines_0|enque_brain|engineCAM|banks_0_valid_76                                      ;        ;
; pifoEngines_0|enque_brain|engineCAM|banks_0_valid_77                                      ;        ;
; guard|emptyPifos_0_45                                                                     ;        ;
; pifoEngines_0|enque_brain|engineCAM|banks_0_valid_78                                      ;        ;
; pifoEngines_0|enque_brain|engineCAM|banks_0_valid_79                                      ;        ;
; pifoEngines_0|enque_brain|engineCAM|banks_0_valid_80                                      ;        ;
; pifoEngines_0|enque_brain|engineCAM|banks_0_tags_83[9]                                    ;        ;
; pifoEngines_0|enque_brain|engineCAM|banks_0_tags_83[8]                                    ;        ;
; pifoEngines_0|enque_brain|engineCAM|banks_0_tags_83[10]                                   ;        ;
; pifoEngines_0|enque_brain|engineCAM|banks_0_tags_83[7]                                    ;        ;
; pifoEngines_0|enque_brain|engineCAM|banks_0_tags_83[5]                                    ;        ;
; pifoEngines_0|enque_brain|engineCAM|banks_0_tags_83[3]                                    ;        ;
; pifoEngines_0|enque_brain|engineCAM|banks_0_tags_83[6]                                    ;        ;
; guard|emptyPifos_0_37                                                                     ;        ;
; pifoEngines_0|enque_brain|engineCAM|banks_0_tags_83[4]                                    ;        ;
; pifoEngines_0|enque_brain|engineCAM|banks_0_tags_83[0]                                    ;        ;
; pifoEngines_0|enque_brain|engineCAM|banks_0_tags_83[2]                                    ;        ;
; pifoEngines_0|enque_brain|engineCAM|banks_0_tags_83[1]                                    ;        ;
; pifoEngines_0|enque_brain|engineCAM|banks_0_tags_83[14]                                   ;        ;
; pifoEngines_0|enque_brain|engineCAM|banks_0_tags_83[13]                                   ;        ;
; pifoEngines_0|enque_brain|engineCAM|banks_0_tags_83[12]                                   ;        ;
; pifoEngines_0|enque_brain|engineCAM|banks_0_tags_83[11]                                   ;        ;
; pifoEngines_0|enque_brain|engineCAM|banks_0_tags_83[16]                                   ;        ;
; pifoEngines_0|enque_brain|engineCAM|banks_0_tags_83[15]                                   ;        ;
; guard|emptyPifos_0_40                                                                     ;        ;
; pifoEngines_0|enque_brain|engineCAM|banks_0_valid_83                                      ;        ;
; pifoEngines_0|enque_brain|engineCAM|banks_0_valid_84                                      ;        ;
; pifoEngines_0|enque_brain|engineCAM|banks_0_valid_85                                      ;        ;
; pifoEngines_0|enque_brain|engineCAM|banks_0_valid_88                                      ;        ;
; pifoEngines_0|enque_brain|engineCAM|banks_0_valid_89                                      ;        ;
; pifoEngines_0|enque_brain|engineCAM|banks_0_valid_90                                      ;        ;
; pifoEngines_0|enque_brain|engineCAM|banks_0_tags_93[9]                                    ;        ;
; pifoEngines_0|enque_brain|engineCAM|banks_0_tags_93[8]                                    ;        ;
; pifoEngines_0|enque_brain|engineCAM|banks_0_tags_93[10]                                   ;        ;
; pifoEngines_0|enque_brain|engineCAM|banks_0_tags_93[7]                                    ;        ;
; guard|emptyPifos_0_41                                                                     ;        ;
; pifoEngines_0|enque_brain|engineCAM|banks_0_tags_93[5]                                    ;        ;
; pifoEngines_0|enque_brain|engineCAM|banks_0_tags_93[3]                                    ;        ;
; pifoEngines_0|enque_brain|engineCAM|banks_0_tags_93[6]                                    ;        ;
; pifoEngines_0|enque_brain|engineCAM|banks_0_tags_93[4]                                    ;        ;
; pifoEngines_0|enque_brain|engineCAM|banks_0_tags_93[0]                                    ;        ;
; pifoEngines_0|enque_brain|engineCAM|banks_0_tags_93[2]                                    ;        ;
; pifoEngines_0|enque_brain|engineCAM|banks_0_tags_93[1]                                    ;        ;
; pifoEngines_0|enque_brain|engineCAM|banks_0_tags_93[14]                                   ;        ;
; pifoEngines_0|enque_brain|engineCAM|banks_0_tags_93[13]                                   ;        ;
; pifoEngines_0|enque_brain|engineCAM|banks_0_tags_93[12]                                   ;        ;
; guard|emptyPifos_0_33                                                                     ;        ;
; pifoEngines_0|enque_brain|engineCAM|banks_0_tags_93[11]                                   ;        ;
; pifoEngines_0|enque_brain|engineCAM|banks_0_tags_93[16]                                   ;        ;
; pifoEngines_0|enque_brain|engineCAM|banks_0_tags_93[15]                                   ;        ;
; pifoEngines_0|enque_brain|engineCAM|banks_0_valid_93                                      ;        ;
; pifoEngines_0|enque_brain|engineCAM|banks_0_valid_94                                      ;        ;
; pifoEngines_0|enque_brain|engineCAM|banks_0_valid_95                                      ;        ;
; pifoEngines_0|enque_brain|engineCAM|banks_0_tags_92[9]                                    ;        ;
; pifoEngines_0|enque_brain|engineCAM|banks_0_tags_92[8]                                    ;        ;
; pifoEngines_0|enque_brain|engineCAM|banks_0_tags_92[10]                                   ;        ;
; pifoEngines_0|enque_brain|engineCAM|banks_0_tags_92[7]                                    ;        ;
; guard|emptyPifos_0_62                                                                     ;        ;
; pifoEngines_0|enque_brain|engineCAM|banks_0_tags_92[0]                                    ;        ;
; pifoEngines_0|enque_brain|engineCAM|banks_0_valid_92                                      ;        ;
; pifoEngines_0|enque_brain|engineCAM|banks_0_tags_92[2]                                    ;        ;
; pifoEngines_0|enque_brain|engineCAM|banks_0_tags_92[1]                                    ;        ;
; pifoEngines_0|enque_brain|engineCAM|banks_0_tags_92[14]                                   ;        ;
; pifoEngines_0|enque_brain|engineCAM|banks_0_tags_92[13]                                   ;        ;
; pifoEngines_0|enque_brain|engineCAM|banks_0_tags_92[12]                                   ;        ;
; pifoEngines_0|enque_brain|engineCAM|banks_0_tags_92[11]                                   ;        ;
; pifoEngines_0|enque_brain|engineCAM|banks_0_tags_92[16]                                   ;        ;
; pifoEngines_0|enque_brain|engineCAM|banks_0_tags_92[15]                                   ;        ;
; guard|emptyPifos_0_50                                                                     ;        ;
; pifoEngines_0|enque_brain|engineCAM|banks_0_tags_96[9]                                    ;        ;
; pifoEngines_0|enque_brain|engineCAM|banks_0_tags_96[8]                                    ;        ;
; pifoEngines_0|enque_brain|engineCAM|banks_0_tags_96[10]                                   ;        ;
; pifoEngines_0|enque_brain|engineCAM|banks_0_tags_96[7]                                    ;        ;
; pifoEngines_0|enque_brain|engineCAM|banks_0_tags_96[5]                                    ;        ;
; pifoEngines_0|enque_brain|engineCAM|banks_0_tags_96[3]                                    ;        ;
; pifoEngines_0|enque_brain|engineCAM|banks_0_tags_96[6]                                    ;        ;
; pifoEngines_0|enque_brain|engineCAM|banks_0_tags_96[4]                                    ;        ;
; pifoEngines_0|enque_brain|engineCAM|banks_0_tags_96[0]                                    ;        ;
; pifoEngines_0|enque_brain|engineCAM|banks_0_tags_96[2]                                    ;        ;
; guard|emptyPifos_4_97                                                                     ;        ;
; guard|emptyPifos_0_54                                                                     ;        ;
; pifoEngines_0|enque_brain|engineCAM|banks_0_tags_96[1]                                    ;        ;
; pifoEngines_0|enque_brain|engineCAM|banks_0_tags_96[14]                                   ;        ;
; pifoEngines_0|enque_brain|engineCAM|banks_0_tags_96[13]                                   ;        ;
; pifoEngines_0|enque_brain|engineCAM|banks_0_tags_96[12]                                   ;        ;
; pifoEngines_0|enque_brain|engineCAM|banks_0_tags_96[11]                                   ;        ;
; pifoEngines_0|enque_brain|engineCAM|banks_0_tags_96[16]                                   ;        ;
; pifoEngines_0|enque_brain|engineCAM|banks_0_tags_96[15]                                   ;        ;
; pifoEngines_0|enque_brain|engineCAM|banks_0_valid_96                                      ;        ;
; pifoEngines_0|enque_brain|engineCAM|banks_0_valid_97                                      ;        ;
; pifoEngines_0|enque_brain|engineCAM|banks_0_tags_100[9]                                   ;        ;
; guard|emptyPifos_0_63                                                                     ;        ;
; pifoEngines_0|enque_brain|engineCAM|banks_0_tags_100[8]                                   ;        ;
; pifoEngines_0|enque_brain|engineCAM|banks_0_tags_100[10]                                  ;        ;
; pifoEngines_0|enque_brain|engineCAM|banks_0_tags_100[7]                                   ;        ;
; pifoEngines_0|enque_brain|engineCAM|banks_0_tags_100[5]                                   ;        ;
; pifoEngines_0|enque_brain|engineCAM|banks_0_tags_100[3]                                   ;        ;
; pifoEngines_0|enque_brain|engineCAM|banks_0_tags_100[6]                                   ;        ;
; pifoEngines_0|enque_brain|engineCAM|banks_0_tags_100[4]                                   ;        ;
; pifoEngines_0|enque_brain|engineCAM|banks_0_tags_100[0]                                   ;        ;
; pifoEngines_0|enque_brain|engineCAM|banks_0_tags_100[2]                                   ;        ;
; pifoEngines_0|enque_brain|engineCAM|banks_0_tags_100[1]                                   ;        ;
; guard|emptyPifos_0_55                                                                     ;        ;
; pifoEngines_0|enque_brain|engineCAM|banks_0_tags_100[14]                                  ;        ;
; pifoEngines_0|enque_brain|engineCAM|banks_0_tags_100[13]                                  ;        ;
; pifoEngines_0|enque_brain|engineCAM|banks_0_tags_100[12]                                  ;        ;
; pifoEngines_0|enque_brain|engineCAM|banks_0_tags_100[11]                                  ;        ;
; pifoEngines_0|enque_brain|engineCAM|banks_0_tags_100[16]                                  ;        ;
; pifoEngines_0|enque_brain|engineCAM|banks_0_tags_100[15]                                  ;        ;
; pifoEngines_0|enque_brain|engineCAM|banks_0_valid_100                                     ;        ;
; pifoEngines_0|enque_brain|engineCAM|banks_0_valid_102                                     ;        ;
; pifoEngines_0|enque_brain|engineCAM|banks_0_valid_103                                     ;        ;
; pifoEngines_0|enque_brain|engineCAM|banks_0_valid_105                                     ;        ;
; guard|emptyPifos_0_58                                                                     ;        ;
; pifoEngines_0|enque_brain|engineCAM|banks_0_valid_106                                     ;        ;
; pifoEngines_0|enque_brain|engineCAM|banks_0_valid_107                                     ;        ;
; pifoEngines_0|enque_brain|engineCAM|banks_0_valid_109                                     ;        ;
; pifoEngines_0|enque_brain|engineCAM|banks_0_tags_113[9]                                   ;        ;
; pifoEngines_0|enque_brain|engineCAM|banks_0_tags_113[8]                                   ;        ;
; pifoEngines_0|enque_brain|engineCAM|banks_0_tags_113[10]                                  ;        ;
; pifoEngines_0|enque_brain|engineCAM|banks_0_tags_113[7]                                   ;        ;
; pifoEngines_0|enque_brain|engineCAM|banks_0_tags_113[5]                                   ;        ;
; pifoEngines_0|enque_brain|engineCAM|banks_0_tags_113[3]                                   ;        ;
; pifoEngines_0|enque_brain|engineCAM|banks_0_tags_113[6]                                   ;        ;
; guard|emptyPifos_0_59                                                                     ;        ;
; pifoEngines_0|enque_brain|engineCAM|banks_0_tags_113[4]                                   ;        ;
; pifoEngines_0|enque_brain|engineCAM|banks_0_tags_113[0]                                   ;        ;
; pifoEngines_0|enque_brain|engineCAM|banks_0_tags_113[2]                                   ;        ;
; pifoEngines_0|enque_brain|engineCAM|banks_0_tags_113[1]                                   ;        ;
; pifoEngines_0|enque_brain|engineCAM|banks_0_tags_113[14]                                  ;        ;
; pifoEngines_0|enque_brain|engineCAM|banks_0_tags_113[13]                                  ;        ;
; pifoEngines_0|enque_brain|engineCAM|banks_0_tags_113[12]                                  ;        ;
; pifoEngines_0|enque_brain|engineCAM|banks_0_tags_113[11]                                  ;        ;
; pifoEngines_0|enque_brain|engineCAM|banks_0_tags_113[16]                                  ;        ;
; pifoEngines_0|enque_brain|engineCAM|banks_0_tags_113[15]                                  ;        ;
; guard|emptyPifos_0_51                                                                     ;        ;
; pifoEngines_0|enque_brain|engineCAM|banks_0_valid_113                                     ;        ;
; pifoEngines_0|enque_brain|engineCAM|banks_0_valid_114                                     ;        ;
; pifoEngines_0|enque_brain|engineCAM|banks_0_tags_115[9]                                   ;        ;
; pifoEngines_0|enque_brain|engineCAM|banks_0_tags_115[8]                                   ;        ;
; pifoEngines_0|enque_brain|engineCAM|banks_0_tags_115[10]                                  ;        ;
; pifoEngines_0|enque_brain|engineCAM|banks_0_tags_115[7]                                   ;        ;
; pifoEngines_0|enque_brain|engineCAM|banks_0_tags_115[5]                                   ;        ;
; pifoEngines_0|enque_brain|engineCAM|banks_0_tags_115[3]                                   ;        ;
; pifoEngines_0|enque_brain|engineCAM|banks_0_tags_115[6]                                   ;        ;
; pifoEngines_0|enque_brain|engineCAM|banks_0_tags_115[4]                                   ;        ;
; guard|emptyPifos_0_46                                                                     ;        ;
; pifoEngines_0|enque_brain|engineCAM|banks_0_tags_115[0]                                   ;        ;
; pifoEngines_0|enque_brain|engineCAM|banks_0_tags_115[2]                                   ;        ;
; pifoEngines_0|enque_brain|engineCAM|banks_0_tags_115[1]                                   ;        ;
; pifoEngines_0|enque_brain|engineCAM|banks_0_tags_115[14]                                  ;        ;
; pifoEngines_0|enque_brain|engineCAM|banks_0_tags_115[13]                                  ;        ;
; pifoEngines_0|enque_brain|engineCAM|banks_0_tags_115[12]                                  ;        ;
; pifoEngines_0|enque_brain|engineCAM|banks_0_tags_115[11]                                  ;        ;
; pifoEngines_0|enque_brain|engineCAM|banks_0_tags_115[16]                                  ;        ;
; pifoEngines_0|enque_brain|engineCAM|banks_0_tags_115[15]                                  ;        ;
; pifoEngines_0|enque_brain|engineCAM|banks_0_valid_115                                     ;        ;
; guard|emptyPifos_0_34                                                                     ;        ;
; pifoEngines_0|enque_brain|engineCAM|banks_0_valid_117                                     ;        ;
; pifoEngines_0|enque_brain|engineCAM|banks_0_tags_121[9]                                   ;        ;
; pifoEngines_0|enque_brain|engineCAM|banks_0_tags_121[8]                                   ;        ;
; pifoEngines_0|enque_brain|engineCAM|banks_0_tags_121[10]                                  ;        ;
; pifoEngines_0|enque_brain|engineCAM|banks_0_tags_121[7]                                   ;        ;
; pifoEngines_0|enque_brain|engineCAM|banks_0_tags_121[5]                                   ;        ;
; pifoEngines_0|enque_brain|engineCAM|banks_0_tags_121[3]                                   ;        ;
; pifoEngines_0|enque_brain|engineCAM|banks_0_tags_121[6]                                   ;        ;
; pifoEngines_0|enque_brain|engineCAM|banks_0_tags_121[4]                                   ;        ;
; pifoEngines_0|enque_brain|engineCAM|banks_0_tags_121[0]                                   ;        ;
; guard|emptyPifos_0_38                                                                     ;        ;
; pifoEngines_0|enque_brain|engineCAM|banks_0_tags_121[2]                                   ;        ;
; pifoEngines_0|enque_brain|engineCAM|banks_0_tags_121[1]                                   ;        ;
; pifoEngines_0|enque_brain|engineCAM|banks_0_tags_121[14]                                  ;        ;
; pifoEngines_0|enque_brain|engineCAM|banks_0_tags_121[13]                                  ;        ;
; pifoEngines_0|enque_brain|engineCAM|banks_0_tags_121[12]                                  ;        ;
; pifoEngines_0|enque_brain|engineCAM|banks_0_tags_121[11]                                  ;        ;
; pifoEngines_0|enque_brain|engineCAM|banks_0_tags_121[16]                                  ;        ;
; pifoEngines_0|enque_brain|engineCAM|banks_0_tags_121[15]                                  ;        ;
; pifoEngines_0|enque_brain|engineCAM|banks_0_valid_121                                     ;        ;
; pifoEngines_0|enque_brain|engineCAM|banks_0_valid_122                                     ;        ;
; guard|emptyPifos_0_60                                                                     ;        ;
; pifoEngines_0|enque_brain|engineCAM|banks_0_valid_123                                     ;        ;
; pifoEngines_0|enque_brain|engineCAM|banks_0_tags_124[9]                                   ;        ;
; pifoEngines_0|enque_brain|engineCAM|banks_0_tags_124[8]                                   ;        ;
; pifoEngines_0|enque_brain|engineCAM|banks_0_tags_124[10]                                  ;        ;
; pifoEngines_0|enque_brain|engineCAM|banks_0_tags_124[7]                                   ;        ;
; pifoEngines_0|enque_brain|engineCAM|banks_0_tags_124[0]                                   ;        ;
; pifoEngines_0|enque_brain|engineCAM|banks_0_valid_124                                     ;        ;
; pifoEngines_0|enque_brain|engineCAM|banks_0_tags_124[2]                                   ;        ;
; pifoEngines_0|enque_brain|engineCAM|banks_0_tags_124[1]                                   ;        ;
; pifoEngines_0|enque_brain|engineCAM|banks_0_tags_124[14]                                  ;        ;
; guard|emptyPifos_4_71                                                                     ;        ;
; guard|emptyPifos_0_48                                                                     ;        ;
; pifoEngines_0|enque_brain|engineCAM|banks_0_tags_124[13]                                  ;        ;
; pifoEngines_0|enque_brain|engineCAM|banks_0_tags_124[12]                                  ;        ;
; pifoEngines_0|enque_brain|engineCAM|banks_0_tags_124[11]                                  ;        ;
; pifoEngines_0|enque_brain|engineCAM|banks_0_tags_124[16]                                  ;        ;
; pifoEngines_0|enque_brain|engineCAM|banks_0_tags_124[15]                                  ;        ;
; pifoEngines_0|enque_brain|engineCAM|banks_0_tags_125[9]                                   ;        ;
; pifoEngines_0|enque_brain|engineCAM|banks_0_tags_125[8]                                   ;        ;
; pifoEngines_0|enque_brain|engineCAM|banks_0_tags_125[10]                                  ;        ;
; pifoEngines_0|enque_brain|engineCAM|banks_0_tags_125[7]                                   ;        ;
; pifoEngines_0|enque_brain|engineCAM|banks_0_tags_125[5]                                   ;        ;
; guard|emptyPifos_0_52                                                                     ;        ;
; pifoEngines_0|enque_brain|engineCAM|banks_0_tags_125[3]                                   ;        ;
; pifoEngines_0|enque_brain|engineCAM|banks_0_tags_125[6]                                   ;        ;
; pifoEngines_0|enque_brain|engineCAM|banks_0_tags_125[4]                                   ;        ;
; pifoEngines_0|enque_brain|engineCAM|banks_0_tags_125[0]                                   ;        ;
; pifoEngines_0|enque_brain|engineCAM|banks_0_tags_125[2]                                   ;        ;
; pifoEngines_0|enque_brain|engineCAM|banks_0_tags_125[1]                                   ;        ;
; pifoEngines_0|enque_brain|engineCAM|banks_0_tags_125[14]                                  ;        ;
; pifoEngines_0|enque_brain|engineCAM|banks_0_tags_125[13]                                  ;        ;
; pifoEngines_0|enque_brain|engineCAM|banks_0_tags_125[12]                                  ;        ;
; pifoEngines_0|enque_brain|engineCAM|banks_0_tags_125[11]                                  ;        ;
; guard|emptyPifos_0_61                                                                     ;        ;
; pifoEngines_0|enque_brain|engineCAM|banks_0_tags_125[16]                                  ;        ;
; pifoEngines_0|enque_brain|engineCAM|banks_0_tags_125[15]                                  ;        ;
; pifoEngines_0|enque_brain|engineCAM|banks_0_valid_125                                     ;        ;
; pifoEngines_0|enque_brain|engineCAM|banks_0_tags_173[9]                                   ;        ;
; pifoEngines_0|enque_brain|engineCAM|banks_0_tags_173[8]                                   ;        ;
; pifoEngines_0|enque_brain|engineCAM|banks_0_tags_173[10]                                  ;        ;
; pifoEngines_0|enque_brain|engineCAM|banks_0_tags_173[7]                                   ;        ;
; pifoEngines_0|enque_brain|engineCAM|banks_0_tags_173[5]                                   ;        ;
; pifoEngines_0|enque_brain|engineCAM|banks_0_tags_173[3]                                   ;        ;
; pifoEngines_0|enque_brain|engineCAM|banks_0_tags_173[6]                                   ;        ;
; guard|emptyPifos_0_53                                                                     ;        ;
; pifoEngines_0|enque_brain|engineCAM|banks_0_tags_173[4]                                   ;        ;
; pifoEngines_0|enque_brain|engineCAM|banks_0_tags_173[0]                                   ;        ;
; pifoEngines_0|enque_brain|engineCAM|banks_0_tags_173[2]                                   ;        ;
; pifoEngines_0|enque_brain|engineCAM|banks_0_tags_173[1]                                   ;        ;
; pifoEngines_0|enque_brain|engineCAM|banks_0_tags_173[14]                                  ;        ;
; pifoEngines_0|enque_brain|engineCAM|banks_0_tags_173[13]                                  ;        ;
; pifoEngines_0|enque_brain|engineCAM|banks_0_tags_173[12]                                  ;        ;
; pifoEngines_0|enque_brain|engineCAM|banks_0_tags_173[11]                                  ;        ;
; pifoEngines_0|enque_brain|engineCAM|banks_0_tags_173[16]                                  ;        ;
; pifoEngines_0|enque_brain|engineCAM|banks_0_tags_175[9]                                   ;        ;
; guard|emptyPifos_0_56                                                                     ;        ;
; pifoEngines_0|enque_brain|engineCAM|banks_0_tags_175[8]                                   ;        ;
; pifoEngines_0|enque_brain|engineCAM|banks_0_tags_175[10]                                  ;        ;
; pifoEngines_0|enque_brain|engineCAM|banks_0_tags_175[7]                                   ;        ;
; pifoEngines_0|enque_brain|engineCAM|banks_0_tags_175[5]                                   ;        ;
; pifoEngines_0|enque_brain|engineCAM|banks_0_tags_175[3]                                   ;        ;
; pifoEngines_0|enque_brain|engineCAM|banks_0_tags_175[6]                                   ;        ;
; pifoEngines_0|enque_brain|engineCAM|banks_0_tags_175[4]                                   ;        ;
; pifoEngines_0|enque_brain|engineCAM|banks_0_tags_175[0]                                   ;        ;
; pifoEngines_0|enque_brain|engineCAM|banks_0_tags_175[2]                                   ;        ;
; pifoEngines_0|enque_brain|engineCAM|banks_0_tags_175[1]                                   ;        ;
; guard|emptyPifos_0_57                                                                     ;        ;
; pifoEngines_0|enque_brain|engineCAM|banks_0_tags_175[14]                                  ;        ;
; pifoEngines_0|enque_brain|engineCAM|banks_0_tags_175[13]                                  ;        ;
; pifoEngines_0|enque_brain|engineCAM|banks_0_tags_175[12]                                  ;        ;
; pifoEngines_0|enque_brain|engineCAM|banks_0_tags_175[11]                                  ;        ;
; pifoEngines_0|enque_brain|engineCAM|banks_0_tags_175[16]                                  ;        ;
; pifoEngines_0|enque_brain|engineCAM|banks_0_tags_174[9]                                   ;        ;
; pifoEngines_0|enque_brain|engineCAM|banks_0_tags_174[8]                                   ;        ;
; pifoEngines_0|enque_brain|engineCAM|banks_0_tags_174[10]                                  ;        ;
; pifoEngines_0|enque_brain|engineCAM|banks_0_tags_174[7]                                   ;        ;
; pifoEngines_0|enque_brain|engineCAM|banks_0_tags_174[5]                                   ;        ;
; guard|emptyPifos_0_49                                                                     ;        ;
; pifoEngines_0|enque_brain|engineCAM|banks_0_tags_174[3]                                   ;        ;
; pifoEngines_0|enque_brain|engineCAM|banks_0_tags_174[6]                                   ;        ;
; pifoEngines_0|enque_brain|engineCAM|banks_0_tags_174[4]                                   ;        ;
; pifoEngines_0|enque_brain|engineCAM|banks_0_tags_174[0]                                   ;        ;
; pifoEngines_0|enque_brain|engineCAM|banks_0_tags_174[2]                                   ;        ;
; pifoEngines_0|enque_brain|engineCAM|banks_0_tags_174[1]                                   ;        ;
; pifoEngines_0|enque_brain|engineCAM|banks_0_tags_174[14]                                  ;        ;
; pifoEngines_0|enque_brain|engineCAM|banks_0_tags_174[13]                                  ;        ;
; pifoEngines_0|enque_brain|engineCAM|banks_0_tags_174[12]                                  ;        ;
; pifoEngines_0|enque_brain|engineCAM|banks_0_tags_174[11]                                  ;        ;
; guard|emptyPifos_2_115                                                                    ;        ;
; pifoEngines_0|enque_brain|engineCAM|banks_0_tags_174[16]                                  ;        ;
; pifoEngines_0|enque_brain|engineCAM|banks_0_tags_177[16]                                  ;        ;
; pifoEngines_0|enque_brain|engineCAM|banks_0_tags_179[5]                                   ;        ;
; pifoEngines_0|enque_brain|engineCAM|banks_0_tags_179[3]                                   ;        ;
; pifoEngines_0|enque_brain|engineCAM|banks_0_tags_179[6]                                   ;        ;
; pifoEngines_0|enque_brain|engineCAM|banks_0_tags_177[14]                                  ;        ;
; pifoEngines_0|enque_brain|engineCAM|banks_0_tags_177[13]                                  ;        ;
; pifoEngines_0|enque_brain|engineCAM|banks_0_tags_177[12]                                  ;        ;
; pifoEngines_0|enque_brain|engineCAM|banks_0_tags_177[11]                                  ;        ;
; pifoEngines_0|enque_brain|engineCAM|banks_0_tags_177[0]                                   ;        ;
; guard|emptyPifos_2_83                                                                     ;        ;
; pifoEngines_0|enque_brain|engineCAM|banks_0_tags_177[2]                                   ;        ;
; pifoEngines_0|enque_brain|engineCAM|banks_0_tags_177[1]                                   ;        ;
; pifoEngines_0|enque_brain|engineCAM|banks_0_tags_178[5]                                   ;        ;
; pifoEngines_0|enque_brain|engineCAM|banks_0_tags_178[3]                                   ;        ;
; pifoEngines_0|enque_brain|engineCAM|banks_0_tags_178[6]                                   ;        ;
; pifoEngines_0|enque_brain|engineCAM|banks_0_tags_181[9]                                   ;        ;
; pifoEngines_0|enque_brain|engineCAM|banks_0_tags_181[8]                                   ;        ;
; pifoEngines_0|enque_brain|engineCAM|banks_0_tags_181[10]                                  ;        ;
; pifoEngines_0|enque_brain|engineCAM|banks_0_tags_181[7]                                   ;        ;
; pifoEngines_0|enque_brain|engineCAM|banks_0_tags_181[5]                                   ;        ;
; guard|emptyPifos_2_98                                                                     ;        ;
; pifoEngines_0|enque_brain|engineCAM|banks_0_tags_181[3]                                   ;        ;
; pifoEngines_0|enque_brain|engineCAM|banks_0_tags_181[6]                                   ;        ;
; pifoEngines_0|enque_brain|engineCAM|banks_0_tags_181[4]                                   ;        ;
; pifoEngines_0|enque_brain|engineCAM|banks_0_tags_181[0]                                   ;        ;
; pifoEngines_0|enque_brain|engineCAM|banks_0_tags_181[2]                                   ;        ;
; pifoEngines_0|enque_brain|engineCAM|banks_0_tags_181[1]                                   ;        ;
; pifoEngines_0|enque_brain|engineCAM|banks_0_tags_181[14]                                  ;        ;
; pifoEngines_0|enque_brain|engineCAM|banks_0_tags_181[13]                                  ;        ;
; pifoEngines_0|enque_brain|engineCAM|banks_0_tags_181[12]                                  ;        ;
; pifoEngines_0|enque_brain|engineCAM|banks_0_tags_181[11]                                  ;        ;
; guard|emptyPifos_4_68                                                                     ;        ;
; guard|emptyPifos_2_99                                                                     ;        ;
; pifoEngines_0|enque_brain|engineCAM|banks_0_tags_181[16]                                  ;        ;
; pifoEngines_0|enque_brain|engineCAM|banks_0_tags_183[9]                                   ;        ;
; pifoEngines_0|enque_brain|engineCAM|banks_0_tags_183[8]                                   ;        ;
; pifoEngines_0|enque_brain|engineCAM|banks_0_tags_183[10]                                  ;        ;
; pifoEngines_0|enque_brain|engineCAM|banks_0_tags_183[7]                                   ;        ;
; pifoEngines_0|enque_brain|engineCAM|banks_0_tags_183[5]                                   ;        ;
; pifoEngines_0|enque_brain|engineCAM|banks_0_tags_183[3]                                   ;        ;
; pifoEngines_0|enque_brain|engineCAM|banks_0_tags_183[6]                                   ;        ;
; pifoEngines_0|enque_brain|engineCAM|banks_0_tags_183[4]                                   ;        ;
; pifoEngines_0|enque_brain|engineCAM|banks_0_tags_183[0]                                   ;        ;
; guard|emptyPifos_2_67                                                                     ;        ;
; pifoEngines_0|enque_brain|engineCAM|banks_0_tags_183[2]                                   ;        ;
; pifoEngines_0|enque_brain|engineCAM|banks_0_tags_183[1]                                   ;        ;
; pifoEngines_0|enque_brain|engineCAM|banks_0_tags_183[14]                                  ;        ;
; pifoEngines_0|enque_brain|engineCAM|banks_0_tags_183[13]                                  ;        ;
; pifoEngines_0|enque_brain|engineCAM|banks_0_tags_183[12]                                  ;        ;
; pifoEngines_0|enque_brain|engineCAM|banks_0_tags_183[11]                                  ;        ;
; pifoEngines_0|enque_brain|engineCAM|banks_0_tags_183[16]                                  ;        ;
; pifoEngines_0|enque_brain|engineCAM|banks_0_tags_182[9]                                   ;        ;
; pifoEngines_0|enque_brain|engineCAM|banks_0_tags_182[8]                                   ;        ;
; pifoEngines_0|enque_brain|engineCAM|banks_0_tags_182[10]                                  ;        ;
; guard|emptyPifos_2_112                                                                    ;        ;
; pifoEngines_0|enque_brain|engineCAM|banks_0_tags_182[7]                                   ;        ;
; pifoEngines_0|enque_brain|engineCAM|banks_0_tags_182[5]                                   ;        ;
; pifoEngines_0|enque_brain|engineCAM|banks_0_tags_182[3]                                   ;        ;
; pifoEngines_0|enque_brain|engineCAM|banks_0_tags_182[6]                                   ;        ;
; pifoEngines_0|enque_brain|engineCAM|banks_0_tags_182[4]                                   ;        ;
; pifoEngines_0|enque_brain|engineCAM|banks_0_tags_182[0]                                   ;        ;
; pifoEngines_0|enque_brain|engineCAM|banks_0_tags_182[2]                                   ;        ;
; pifoEngines_0|enque_brain|engineCAM|banks_0_tags_182[1]                                   ;        ;
; pifoEngines_0|enque_brain|engineCAM|banks_0_tags_182[14]                                  ;        ;
; pifoEngines_0|enque_brain|engineCAM|banks_0_tags_182[13]                                  ;        ;
; guard|emptyPifos_2_64                                                                     ;        ;
; pifoEngines_0|enque_brain|engineCAM|banks_0_tags_182[12]                                  ;        ;
; pifoEngines_0|enque_brain|engineCAM|banks_0_tags_182[11]                                  ;        ;
; pifoEngines_0|enque_brain|engineCAM|banks_0_tags_182[16]                                  ;        ;
; pifoEngines_0|enque_brain|engineCAM|banks_0_tags_185[16]                                  ;        ;
; pifoEngines_0|enque_brain|engineCAM|banks_0_tags_187[5]                                   ;        ;
; pifoEngines_0|enque_brain|engineCAM|banks_0_tags_187[3]                                   ;        ;
; pifoEngines_0|enque_brain|engineCAM|banks_0_tags_187[6]                                   ;        ;
; pifoEngines_0|enque_brain|engineCAM|banks_0_tags_185[14]                                  ;        ;
; pifoEngines_0|enque_brain|engineCAM|banks_0_tags_185[13]                                  ;        ;
; pifoEngines_0|enque_brain|engineCAM|banks_0_tags_185[12]                                  ;        ;
; guard|emptyPifos_2_80                                                                     ;        ;
; pifoEngines_0|enque_brain|engineCAM|banks_0_tags_185[11]                                  ;        ;
; pifoEngines_0|enque_brain|engineCAM|banks_0_tags_185[0]                                   ;        ;
; pifoEngines_0|enque_brain|engineCAM|banks_0_tags_185[2]                                   ;        ;
; pifoEngines_0|enque_brain|engineCAM|banks_0_tags_185[1]                                   ;        ;
; pifoEngines_0|enque_brain|engineCAM|banks_0_tags_186[5]                                   ;        ;
; pifoEngines_0|enque_brain|engineCAM|banks_0_tags_186[3]                                   ;        ;
; pifoEngines_0|enque_brain|engineCAM|banks_0_tags_186[6]                                   ;        ;
; pifoEngines_0|enque_brain|engineCAM|banks_0_tags_184[9]                                   ;        ;
; pifoEngines_0|enque_brain|engineCAM|banks_0_tags_184[8]                                   ;        ;
; pifoEngines_0|enque_brain|engineCAM|banks_0_tags_184[10]                                  ;        ;
; guard|emptyPifos_2_113                                                                    ;        ;
; pifoEngines_0|enque_brain|engineCAM|banks_0_tags_184[7]                                   ;        ;
; pifoEngines_0|enque_brain|engineCAM|banks_0_tags_184[5]                                   ;        ;
; pifoEngines_0|enque_brain|engineCAM|banks_0_tags_184[3]                                   ;        ;
; pifoEngines_0|enque_brain|engineCAM|banks_0_tags_184[6]                                   ;        ;
; pifoEngines_0|enque_brain|engineCAM|banks_0_tags_184[4]                                   ;        ;
; pifoEngines_0|enque_brain|engineCAM|banks_0_tags_184[0]                                   ;        ;
; pifoEngines_0|enque_brain|engineCAM|banks_0_tags_184[2]                                   ;        ;
; pifoEngines_0|enque_brain|engineCAM|banks_0_tags_184[1]                                   ;        ;
; pifoEngines_0|enque_brain|engineCAM|banks_0_tags_184[14]                                  ;        ;
; pifoEngines_0|enque_brain|engineCAM|banks_0_tags_184[13]                                  ;        ;
; guard|emptyPifos_2_81                                                                     ;        ;
; pifoEngines_0|enque_brain|engineCAM|banks_0_tags_184[12]                                  ;        ;
; pifoEngines_0|enque_brain|engineCAM|banks_0_tags_184[11]                                  ;        ;
; pifoEngines_0|enque_brain|engineCAM|banks_0_tags_184[16]                                  ;        ;
; pifoEngines_0|enque_brain|engineCAM|banks_0_tags_189[16]                                  ;        ;
; pifoEngines_0|enque_brain|engineCAM|banks_0_tags_191[5]                                   ;        ;
; pifoEngines_0|enque_brain|engineCAM|banks_0_tags_191[3]                                   ;        ;
; pifoEngines_0|enque_brain|engineCAM|banks_0_tags_191[6]                                   ;        ;
; pifoEngines_0|enque_brain|engineCAM|banks_0_tags_189[14]                                  ;        ;
; pifoEngines_0|enque_brain|engineCAM|banks_0_tags_189[13]                                  ;        ;
; pifoEngines_0|enque_brain|engineCAM|banks_0_tags_189[12]                                  ;        ;
; guard|emptyPifos_2_96                                                                     ;        ;
; pifoEngines_0|enque_brain|engineCAM|banks_0_tags_189[11]                                  ;        ;
; pifoEngines_0|enque_brain|engineCAM|banks_0_tags_189[0]                                   ;        ;
; pifoEngines_0|enque_brain|engineCAM|banks_0_tags_189[2]                                   ;        ;
; pifoEngines_0|enque_brain|engineCAM|banks_0_tags_189[1]                                   ;        ;
; pifoEngines_0|enque_brain|engineCAM|banks_0_tags_190[5]                                   ;        ;
; pifoEngines_0|enque_brain|engineCAM|banks_0_tags_190[3]                                   ;        ;
; pifoEngines_0|enque_brain|engineCAM|banks_0_tags_190[6]                                   ;        ;
; pifoEngines_0|enque_brain|engineCAM|banks_0_tags_193[16]                                  ;        ;
; pifoEngines_0|enque_brain|engineCAM|banks_0_tags_195[9]                                   ;        ;
; pifoEngines_0|enque_brain|engineCAM|banks_0_tags_195[8]                                   ;        ;
; guard|emptyPifos_2_97                                                                     ;        ;
; pifoEngines_0|enque_brain|engineCAM|banks_0_tags_195[10]                                  ;        ;
; pifoEngines_0|enque_brain|engineCAM|banks_0_tags_195[7]                                   ;        ;
; pifoEngines_0|enque_brain|engineCAM|banks_0_tags_195[5]                                   ;        ;
; pifoEngines_0|enque_brain|engineCAM|banks_0_tags_195[3]                                   ;        ;
; pifoEngines_0|enque_brain|engineCAM|banks_0_tags_195[6]                                   ;        ;
; pifoEngines_0|enque_brain|engineCAM|banks_0_tags_195[4]                                   ;        ;
; pifoEngines_0|enque_brain|engineCAM|banks_0_tags_195[0]                                   ;        ;
; pifoEngines_0|enque_brain|engineCAM|banks_0_tags_195[2]                                   ;        ;
; pifoEngines_0|enque_brain|engineCAM|banks_0_tags_195[1]                                   ;        ;
; pifoEngines_0|enque_brain|engineCAM|banks_0_tags_195[14]                                  ;        ;
; guard|emptyPifos_2_65                                                                     ;        ;
; pifoEngines_0|enque_brain|engineCAM|banks_0_tags_195[13]                                  ;        ;
; pifoEngines_0|enque_brain|engineCAM|banks_0_tags_195[12]                                  ;        ;
; pifoEngines_0|enque_brain|engineCAM|banks_0_tags_195[11]                                  ;        ;
; pifoEngines_0|enque_brain|engineCAM|banks_0_tags_195[16]                                  ;        ;
; pifoEngines_0|enque_brain|engineCAM|banks_0_tags_193[14]                                  ;        ;
; pifoEngines_0|enque_brain|engineCAM|banks_0_tags_193[13]                                  ;        ;
; pifoEngines_0|enque_brain|engineCAM|banks_0_tags_193[12]                                  ;        ;
; pifoEngines_0|enque_brain|engineCAM|banks_0_tags_193[11]                                  ;        ;
; pifoEngines_0|enque_brain|engineCAM|banks_0_tags_193[0]                                   ;        ;
; pifoEngines_0|enque_brain|engineCAM|banks_0_tags_193[2]                                   ;        ;
; guard|emptyPifos_4_69                                                                     ;        ;
; guard|emptyPifos_2_118                                                                    ;        ;
; pifoEngines_0|enque_brain|engineCAM|banks_0_tags_193[1]                                   ;        ;
; pifoEngines_0|enque_brain|engineCAM|banks_0_tags_194[5]                                   ;        ;
; pifoEngines_0|enque_brain|engineCAM|banks_0_tags_194[3]                                   ;        ;
; pifoEngines_0|enque_brain|engineCAM|banks_0_tags_194[6]                                   ;        ;
; pifoEngines_0|enque_brain|engineCAM|banks_0_tags_197[5]                                   ;        ;
; pifoEngines_0|enque_brain|engineCAM|banks_0_tags_197[3]                                   ;        ;
; pifoEngines_0|enque_brain|engineCAM|banks_0_tags_197[6]                                   ;        ;
; pifoEngines_0|enque_brain|engineCAM|banks_0_tags_199[5]                                   ;        ;
; pifoEngines_0|enque_brain|engineCAM|banks_0_tags_199[3]                                   ;        ;
; pifoEngines_0|enque_brain|engineCAM|banks_0_tags_199[6]                                   ;        ;
; guard|emptyPifos_2_70                                                                     ;        ;
; pifoEngines_0|enque_brain|engineCAM|banks_0_tags_201[16]                                  ;        ;
; pifoEngines_0|enque_brain|engineCAM|banks_0_tags_203[5]                                   ;        ;
; pifoEngines_0|enque_brain|engineCAM|banks_0_tags_203[3]                                   ;        ;
; pifoEngines_0|enque_brain|engineCAM|banks_0_tags_203[6]                                   ;        ;
; pifoEngines_0|enque_brain|engineCAM|banks_0_tags_201[14]                                  ;        ;
; pifoEngines_0|enque_brain|engineCAM|banks_0_tags_201[13]                                  ;        ;
; pifoEngines_0|enque_brain|engineCAM|banks_0_tags_201[12]                                  ;        ;
; pifoEngines_0|enque_brain|engineCAM|banks_0_tags_201[11]                                  ;        ;
; pifoEngines_0|enque_brain|engineCAM|banks_0_tags_201[0]                                   ;        ;
; pifoEngines_0|enque_brain|engineCAM|banks_0_tags_201[2]                                   ;        ;
; guard|emptyPifos_2_86                                                                     ;        ;
; pifoEngines_0|enque_brain|engineCAM|banks_0_tags_201[1]                                   ;        ;
; pifoEngines_0|enque_brain|engineCAM|banks_0_tags_202[5]                                   ;        ;
; pifoEngines_0|enque_brain|engineCAM|banks_0_tags_202[3]                                   ;        ;
; pifoEngines_0|enque_brain|engineCAM|banks_0_tags_202[6]                                   ;        ;
; pifoEngines_0|enque_brain|engineCAM|banks_0_tags_198[9]                                   ;        ;
; pifoEngines_0|enque_brain|engineCAM|banks_0_tags_198[8]                                   ;        ;
; pifoEngines_0|enque_brain|engineCAM|banks_0_tags_198[10]                                  ;        ;
; pifoEngines_0|enque_brain|engineCAM|banks_0_tags_198[7]                                   ;        ;
; pifoEngines_0|enque_brain|engineCAM|banks_0_tags_198[5]                                   ;        ;
; pifoEngines_0|enque_brain|engineCAM|banks_0_tags_198[3]                                   ;        ;
; guard|emptyPifos_2_119                                                                    ;        ;
; pifoEngines_0|enque_brain|engineCAM|banks_0_tags_198[6]                                   ;        ;
; pifoEngines_0|enque_brain|engineCAM|banks_0_tags_198[4]                                   ;        ;
; pifoEngines_0|enque_brain|engineCAM|banks_0_tags_198[0]                                   ;        ;
; pifoEngines_0|enque_brain|engineCAM|banks_0_tags_198[2]                                   ;        ;
; pifoEngines_0|enque_brain|engineCAM|banks_0_tags_198[1]                                   ;        ;
; pifoEngines_0|enque_brain|engineCAM|banks_0_tags_198[14]                                  ;        ;
; pifoEngines_0|enque_brain|engineCAM|banks_0_tags_198[13]                                  ;        ;
; pifoEngines_0|enque_brain|engineCAM|banks_0_tags_198[12]                                  ;        ;
; pifoEngines_0|enque_brain|engineCAM|banks_0_tags_198[11]                                  ;        ;
; pifoEngines_0|enque_brain|engineCAM|banks_0_tags_198[16]                                  ;        ;
; guard|emptyPifos_2_87                                                                     ;        ;
; pifoEngines_0|enque_brain|engineCAM|banks_0_tags_205[5]                                   ;        ;
; pifoEngines_0|enque_brain|engineCAM|banks_0_tags_205[3]                                   ;        ;
; pifoEngines_0|enque_brain|engineCAM|banks_0_tags_205[6]                                   ;        ;
; pifoEngines_0|enque_brain|engineCAM|banks_0_tags_207[5]                                   ;        ;
; pifoEngines_0|enque_brain|engineCAM|banks_0_tags_207[3]                                   ;        ;
; pifoEngines_0|enque_brain|engineCAM|banks_0_tags_207[6]                                   ;        ;
; pifoEngines_0|enque_brain|engineCAM|banks_0_tags_209[16]                                  ;        ;
; pifoEngines_0|enque_brain|engineCAM|banks_0_tags_211[5]                                   ;        ;
; pifoEngines_0|enque_brain|engineCAM|banks_0_tags_211[3]                                   ;        ;
; pifoEngines_0|enque_brain|engineCAM|banks_0_tags_211[6]                                   ;        ;
; guard|emptyPifos_2_102                                                                    ;        ;
; pifoEngines_0|enque_brain|engineCAM|banks_0_tags_209[14]                                  ;        ;
; pifoEngines_0|enque_brain|engineCAM|banks_0_tags_209[13]                                  ;        ;
; pifoEngines_0|enque_brain|engineCAM|banks_0_tags_209[12]                                  ;        ;
; pifoEngines_0|enque_brain|engineCAM|banks_0_tags_209[11]                                  ;        ;
; pifoEngines_0|enque_brain|engineCAM|banks_0_tags_209[0]                                   ;        ;
; pifoEngines_0|enque_brain|engineCAM|banks_0_tags_209[2]                                   ;        ;
; pifoEngines_0|enque_brain|engineCAM|banks_0_tags_209[1]                                   ;        ;
; pifoEngines_0|enque_brain|engineCAM|banks_0_tags_210[5]                                   ;        ;
; pifoEngines_0|enque_brain|engineCAM|banks_0_tags_210[3]                                   ;        ;
; pifoEngines_0|enque_brain|engineCAM|banks_0_tags_210[6]                                   ;        ;
; guard|emptyPifos_2_103                                                                    ;        ;
; pifoEngines_0|enque_brain|engineCAM|banks_0_tags_206[9]                                   ;        ;
; pifoEngines_0|enque_brain|engineCAM|banks_0_tags_206[8]                                   ;        ;
; pifoEngines_0|enque_brain|engineCAM|banks_0_tags_206[10]                                  ;        ;
; pifoEngines_0|enque_brain|engineCAM|banks_0_tags_206[7]                                   ;        ;
; pifoEngines_0|enque_brain|engineCAM|banks_0_tags_206[5]                                   ;        ;
; pifoEngines_0|enque_brain|engineCAM|banks_0_tags_206[3]                                   ;        ;
; pifoEngines_0|enque_brain|engineCAM|banks_0_tags_206[6]                                   ;        ;
; pifoEngines_0|enque_brain|engineCAM|banks_0_tags_206[4]                                   ;        ;
; pifoEngines_0|enque_brain|engineCAM|banks_0_tags_206[0]                                   ;        ;
; pifoEngines_0|enque_brain|engineCAM|banks_0_tags_206[2]                                   ;        ;
; guard|emptyPifos_2_71                                                                     ;        ;
; pifoEngines_0|enque_brain|engineCAM|banks_0_tags_206[1]                                   ;        ;
; pifoEngines_0|enque_brain|engineCAM|banks_0_tags_206[14]                                  ;        ;
; pifoEngines_0|enque_brain|engineCAM|banks_0_tags_206[13]                                  ;        ;
; pifoEngines_0|enque_brain|engineCAM|banks_0_tags_206[12]                                  ;        ;
; pifoEngines_0|enque_brain|engineCAM|banks_0_tags_206[11]                                  ;        ;
; pifoEngines_0|enque_brain|engineCAM|banks_0_tags_206[16]                                  ;        ;
; pifoEngines_0|enque_brain|engineCAM|banks_0_tags_215[9]                                   ;        ;
; pifoEngines_0|enque_brain|engineCAM|banks_0_tags_215[8]                                   ;        ;
; pifoEngines_0|enque_brain|engineCAM|banks_0_tags_215[10]                                  ;        ;
; pifoEngines_0|enque_brain|engineCAM|banks_0_tags_215[7]                                   ;        ;
; guard|emptyPifos_2_114                                                                    ;        ;
; pifoEngines_0|enque_brain|engineCAM|banks_0_tags_215[5]                                   ;        ;
; pifoEngines_0|enque_brain|engineCAM|banks_0_tags_215[3]                                   ;        ;
; pifoEngines_0|enque_brain|engineCAM|banks_0_tags_215[6]                                   ;        ;
; pifoEngines_0|enque_brain|engineCAM|banks_0_tags_215[4]                                   ;        ;
; pifoEngines_0|enque_brain|engineCAM|banks_0_tags_215[0]                                   ;        ;
; pifoEngines_0|enque_brain|engineCAM|banks_0_tags_215[2]                                   ;        ;
; pifoEngines_0|enque_brain|engineCAM|banks_0_tags_215[1]                                   ;        ;
; pifoEngines_0|enque_brain|engineCAM|banks_0_tags_215[14]                                  ;        ;
; pifoEngines_0|enque_brain|engineCAM|banks_0_tags_215[13]                                  ;        ;
; pifoEngines_0|enque_brain|engineCAM|banks_0_tags_215[12]                                  ;        ;
; guard|emptyPifos_2_66                                                                     ;        ;
; pifoEngines_0|enque_brain|engineCAM|banks_0_tags_215[11]                                  ;        ;
; pifoEngines_0|enque_brain|engineCAM|banks_0_tags_215[16]                                  ;        ;
; pifoEngines_0|enque_brain|engineCAM|banks_0_tags_213[5]                                   ;        ;
; pifoEngines_0|enque_brain|engineCAM|banks_0_tags_213[3]                                   ;        ;
; pifoEngines_0|enque_brain|engineCAM|banks_0_tags_213[6]                                   ;        ;
; pifoEngines_0|enque_brain|engineCAM|banks_0_tags_216[9]                                   ;        ;
; pifoEngines_0|enque_brain|engineCAM|banks_0_tags_216[8]                                   ;        ;
; pifoEngines_0|enque_brain|engineCAM|banks_0_tags_216[10]                                  ;        ;
; pifoEngines_0|enque_brain|engineCAM|banks_0_tags_216[7]                                   ;        ;
; pifoEngines_0|enque_brain|engineCAM|banks_0_tags_216[5]                                   ;        ;
; guard|emptyPifos_4_87                                                                     ;        ;
; guard|emptyPifos_2_82                                                                     ;        ;
; pifoEngines_0|enque_brain|engineCAM|banks_0_tags_216[3]                                   ;        ;
; pifoEngines_0|enque_brain|engineCAM|banks_0_tags_216[6]                                   ;        ;
; pifoEngines_0|enque_brain|engineCAM|banks_0_tags_216[4]                                   ;        ;
; pifoEngines_0|enque_brain|engineCAM|banks_0_tags_216[0]                                   ;        ;
; pifoEngines_0|enque_brain|engineCAM|banks_0_tags_216[2]                                   ;        ;
; pifoEngines_0|enque_brain|engineCAM|banks_0_tags_216[1]                                   ;        ;
; pifoEngines_0|enque_brain|engineCAM|banks_0_tags_216[14]                                  ;        ;
; pifoEngines_0|enque_brain|engineCAM|banks_0_tags_216[13]                                  ;        ;
; pifoEngines_0|enque_brain|engineCAM|banks_0_tags_216[12]                                  ;        ;
; pifoEngines_0|enque_brain|engineCAM|banks_0_tags_216[11]                                  ;        ;
; guard|emptyPifos_2_116                                                                    ;        ;
; pifoEngines_0|enque_brain|engineCAM|banks_0_tags_216[16]                                  ;        ;
; pifoEngines_0|enque_brain|engineCAM|banks_0_tags_217[16]                                  ;        ;
; pifoEngines_0|enque_brain|engineCAM|banks_0_tags_219[5]                                   ;        ;
; pifoEngines_0|enque_brain|engineCAM|banks_0_tags_219[3]                                   ;        ;
; pifoEngines_0|enque_brain|engineCAM|banks_0_tags_219[6]                                   ;        ;
; pifoEngines_0|enque_brain|engineCAM|banks_0_tags_220[9]                                   ;        ;
; pifoEngines_0|enque_brain|engineCAM|banks_0_tags_220[8]                                   ;        ;
; pifoEngines_0|enque_brain|engineCAM|banks_0_tags_220[10]                                  ;        ;
; pifoEngines_0|enque_brain|engineCAM|banks_0_tags_220[7]                                   ;        ;
; pifoEngines_0|enque_brain|engineCAM|banks_0_tags_220[5]                                   ;        ;
; guard|emptyPifos_2_68                                                                     ;        ;
; pifoEngines_0|enque_brain|engineCAM|banks_0_tags_220[3]                                   ;        ;
; pifoEngines_0|enque_brain|engineCAM|banks_0_tags_220[6]                                   ;        ;
; pifoEngines_0|enque_brain|engineCAM|banks_0_tags_220[4]                                   ;        ;
; pifoEngines_0|enque_brain|engineCAM|banks_0_tags_220[0]                                   ;        ;
; pifoEngines_0|enque_brain|engineCAM|banks_0_tags_220[2]                                   ;        ;
; pifoEngines_0|enque_brain|engineCAM|banks_0_tags_220[1]                                   ;        ;
; pifoEngines_0|enque_brain|engineCAM|banks_0_tags_220[14]                                  ;        ;
; pifoEngines_0|enque_brain|engineCAM|banks_0_tags_220[13]                                  ;        ;
; pifoEngines_0|enque_brain|engineCAM|banks_0_tags_220[12]                                  ;        ;
; pifoEngines_0|enque_brain|engineCAM|banks_0_tags_220[11]                                  ;        ;
; guard|emptyPifos_2_84                                                                     ;        ;
; pifoEngines_0|enque_brain|engineCAM|banks_0_tags_220[16]                                  ;        ;
; pifoEngines_0|enque_brain|engineCAM|banks_0_tags_217[14]                                  ;        ;
; pifoEngines_0|enque_brain|engineCAM|banks_0_tags_217[13]                                  ;        ;
; pifoEngines_0|enque_brain|engineCAM|banks_0_tags_217[12]                                  ;        ;
; pifoEngines_0|enque_brain|engineCAM|banks_0_tags_217[11]                                  ;        ;
; pifoEngines_0|enque_brain|engineCAM|banks_0_tags_217[0]                                   ;        ;
; pifoEngines_0|enque_brain|engineCAM|banks_0_tags_217[2]                                   ;        ;
; pifoEngines_0|enque_brain|engineCAM|banks_0_tags_217[1]                                   ;        ;
; pifoEngines_0|enque_brain|engineCAM|banks_0_tags_218[5]                                   ;        ;
; pifoEngines_0|enque_brain|engineCAM|banks_0_tags_218[3]                                   ;        ;
; guard|emptyPifos_2_117                                                                    ;        ;
; pifoEngines_0|enque_brain|engineCAM|banks_0_tags_218[6]                                   ;        ;
; pifoEngines_0|enque_brain|engineCAM|banks_0_tags_214[9]                                   ;        ;
; pifoEngines_0|enque_brain|engineCAM|banks_0_tags_214[8]                                   ;        ;
; pifoEngines_0|enque_brain|engineCAM|banks_0_tags_214[10]                                  ;        ;
; pifoEngines_0|enque_brain|engineCAM|banks_0_tags_214[7]                                   ;        ;
; pifoEngines_0|enque_brain|engineCAM|banks_0_tags_214[5]                                   ;        ;
; pifoEngines_0|enque_brain|engineCAM|banks_0_tags_214[3]                                   ;        ;
; pifoEngines_0|enque_brain|engineCAM|banks_0_tags_214[6]                                   ;        ;
; pifoEngines_0|enque_brain|engineCAM|banks_0_tags_214[4]                                   ;        ;
; pifoEngines_0|enque_brain|engineCAM|banks_0_tags_214[0]                                   ;        ;
; guard|emptyPifos_2_85                                                                     ;        ;
; pifoEngines_0|enque_brain|engineCAM|banks_0_tags_214[2]                                   ;        ;
; pifoEngines_0|enque_brain|engineCAM|banks_0_tags_214[1]                                   ;        ;
; pifoEngines_0|enque_brain|engineCAM|banks_0_tags_214[14]                                  ;        ;
; pifoEngines_0|enque_brain|engineCAM|banks_0_tags_214[13]                                  ;        ;
; pifoEngines_0|enque_brain|engineCAM|banks_0_tags_214[12]                                  ;        ;
; pifoEngines_0|enque_brain|engineCAM|banks_0_tags_214[11]                                  ;        ;
; pifoEngines_0|enque_brain|engineCAM|banks_0_tags_214[16]                                  ;        ;
; pifoEngines_0|enque_brain|engineCAM|banks_0_tags_221[9]                                   ;        ;
; pifoEngines_0|enque_brain|engineCAM|banks_0_tags_221[8]                                   ;        ;
; pifoEngines_0|enque_brain|engineCAM|banks_0_tags_221[10]                                  ;        ;
; guard|emptyPifos_2_100                                                                    ;        ;
; pifoEngines_0|enque_brain|engineCAM|banks_0_tags_221[7]                                   ;        ;
; pifoEngines_0|enque_brain|engineCAM|banks_0_tags_221[5]                                   ;        ;
; pifoEngines_0|enque_brain|engineCAM|banks_0_tags_221[3]                                   ;        ;
; pifoEngines_0|enque_brain|engineCAM|banks_0_tags_221[6]                                   ;        ;
; pifoEngines_0|enque_brain|engineCAM|banks_0_tags_221[4]                                   ;        ;
; pifoEngines_0|enque_brain|engineCAM|banks_0_tags_221[0]                                   ;        ;
; pifoEngines_0|enque_brain|engineCAM|banks_0_tags_221[2]                                   ;        ;
; pifoEngines_0|enque_brain|engineCAM|banks_0_tags_221[1]                                   ;        ;
; pifoEngines_0|enque_brain|engineCAM|banks_0_tags_221[14]                                  ;        ;
; pifoEngines_0|enque_brain|engineCAM|banks_0_tags_221[13]                                  ;        ;
; guard|emptyPifos_2_101                                                                    ;        ;
; pifoEngines_0|enque_brain|engineCAM|banks_0_tags_221[12]                                  ;        ;
; pifoEngines_0|enque_brain|engineCAM|banks_0_tags_221[11]                                  ;        ;
; pifoEngines_0|enque_brain|engineCAM|banks_0_tags_221[16]                                  ;        ;
; pifoEngines_0|enque_brain|engineCAM|banks_0_tags_223[9]                                   ;        ;
; pifoEngines_0|enque_brain|engineCAM|banks_0_tags_223[8]                                   ;        ;
; pifoEngines_0|enque_brain|engineCAM|banks_0_tags_223[10]                                  ;        ;
; pifoEngines_0|enque_brain|engineCAM|banks_0_tags_223[7]                                   ;        ;
; pifoEngines_0|enque_brain|engineCAM|banks_0_tags_223[5]                                   ;        ;
; pifoEngines_0|enque_brain|engineCAM|banks_0_tags_223[3]                                   ;        ;
; pifoEngines_0|enque_brain|engineCAM|banks_0_tags_223[6]                                   ;        ;
; guard|emptyPifos_2_69                                                                     ;        ;
; pifoEngines_0|enque_brain|engineCAM|banks_0_tags_223[4]                                   ;        ;
; pifoEngines_0|enque_brain|engineCAM|banks_0_tags_223[0]                                   ;        ;
; pifoEngines_0|enque_brain|engineCAM|banks_0_tags_223[2]                                   ;        ;
; pifoEngines_0|enque_brain|engineCAM|banks_0_tags_223[1]                                   ;        ;
; pifoEngines_0|enque_brain|engineCAM|banks_0_tags_223[14]                                  ;        ;
; pifoEngines_0|enque_brain|engineCAM|banks_0_tags_223[13]                                  ;        ;
; pifoEngines_0|enque_brain|engineCAM|banks_0_tags_223[12]                                  ;        ;
; pifoEngines_0|enque_brain|engineCAM|banks_0_tags_223[11]                                  ;        ;
; pifoEngines_0|enque_brain|engineCAM|banks_0_tags_223[16]                                  ;        ;
; pifoEngines_0|enque_brain|engineCAM|banks_0_tags_224[9]                                   ;        ;
; guard|emptyPifos_2_123                                                                    ;        ;
; pifoEngines_0|enque_brain|engineCAM|banks_0_tags_224[8]                                   ;        ;
; pifoEngines_0|enque_brain|engineCAM|banks_0_tags_224[10]                                  ;        ;
; pifoEngines_0|enque_brain|engineCAM|banks_0_tags_224[7]                                   ;        ;
; pifoEngines_0|enque_brain|engineCAM|banks_0_tags_224[5]                                   ;        ;
; pifoEngines_0|enque_brain|engineCAM|banks_0_tags_224[3]                                   ;        ;
; pifoEngines_0|enque_brain|engineCAM|banks_0_tags_224[6]                                   ;        ;
; pifoEngines_0|enque_brain|engineCAM|banks_0_tags_224[4]                                   ;        ;
; pifoEngines_0|enque_brain|engineCAM|banks_0_tags_224[0]                                   ;        ;
; pifoEngines_0|enque_brain|engineCAM|banks_0_tags_224[2]                                   ;        ;
; pifoEngines_0|enque_brain|engineCAM|banks_0_tags_224[1]                                   ;        ;
; guard|emptyPifos_4_85                                                                     ;        ;
; guard|emptyPifos_2_91                                                                     ;        ;
; pifoEngines_0|enque_brain|engineCAM|banks_0_tags_224[14]                                  ;        ;
; pifoEngines_0|enque_brain|engineCAM|banks_0_tags_224[13]                                  ;        ;
; pifoEngines_0|enque_brain|engineCAM|banks_0_tags_224[12]                                  ;        ;
; pifoEngines_0|enque_brain|engineCAM|banks_0_tags_224[11]                                  ;        ;
; pifoEngines_0|enque_brain|engineCAM|banks_0_tags_224[16]                                  ;        ;
; pifoEngines_0|enque_brain|engineCAM|banks_0_tags_222[9]                                   ;        ;
; pifoEngines_0|enque_brain|engineCAM|banks_0_tags_222[8]                                   ;        ;
; pifoEngines_0|enque_brain|engineCAM|banks_0_tags_222[10]                                  ;        ;
; pifoEngines_0|enque_brain|engineCAM|banks_0_tags_222[7]                                   ;        ;
; pifoEngines_0|enque_brain|engineCAM|banks_0_tags_222[5]                                   ;        ;
; guard|emptyPifos_2_106                                                                    ;        ;
; pifoEngines_0|enque_brain|engineCAM|banks_0_tags_222[3]                                   ;        ;
; pifoEngines_0|enque_brain|engineCAM|banks_0_tags_222[6]                                   ;        ;
; pifoEngines_0|enque_brain|engineCAM|banks_0_tags_222[4]                                   ;        ;
; pifoEngines_0|enque_brain|engineCAM|banks_0_tags_222[0]                                   ;        ;
; pifoEngines_0|enque_brain|engineCAM|banks_0_tags_222[2]                                   ;        ;
; pifoEngines_0|enque_brain|engineCAM|banks_0_tags_222[1]                                   ;        ;
; pifoEngines_0|enque_brain|engineCAM|banks_0_tags_222[14]                                  ;        ;
; pifoEngines_0|enque_brain|engineCAM|banks_0_tags_222[13]                                  ;        ;
; pifoEngines_0|enque_brain|engineCAM|banks_0_tags_222[12]                                  ;        ;
; pifoEngines_0|enque_brain|engineCAM|banks_0_tags_222[11]                                  ;        ;
; guard|emptyPifos_2_107                                                                    ;        ;
; pifoEngines_0|enque_brain|engineCAM|banks_0_tags_222[16]                                  ;        ;
; pifoEngines_0|enque_brain|engineCAM|banks_0_tags_225[16]                                  ;        ;
; pifoEngines_0|enque_brain|engineCAM|banks_0_tags_227[5]                                   ;        ;
; pifoEngines_0|enque_brain|engineCAM|banks_0_tags_227[3]                                   ;        ;
; pifoEngines_0|enque_brain|engineCAM|banks_0_tags_227[6]                                   ;        ;
; pifoEngines_0|enque_brain|engineCAM|banks_0_tags_228[9]                                   ;        ;
; pifoEngines_0|enque_brain|engineCAM|banks_0_tags_228[8]                                   ;        ;
; pifoEngines_0|enque_brain|engineCAM|banks_0_tags_228[10]                                  ;        ;
; pifoEngines_0|enque_brain|engineCAM|banks_0_tags_228[7]                                   ;        ;
; pifoEngines_0|enque_brain|engineCAM|banks_0_tags_228[5]                                   ;        ;
; guard|emptyPifos_2_75                                                                     ;        ;
; pifoEngines_0|enque_brain|engineCAM|banks_0_tags_228[3]                                   ;        ;
; pifoEngines_0|enque_brain|engineCAM|banks_0_tags_228[6]                                   ;        ;
; pifoEngines_0|enque_brain|engineCAM|banks_0_tags_228[4]                                   ;        ;
; pifoEngines_0|enque_brain|engineCAM|banks_0_tags_228[0]                                   ;        ;
; pifoEngines_0|enque_brain|engineCAM|banks_0_tags_228[2]                                   ;        ;
; pifoEngines_0|enque_brain|engineCAM|banks_0_tags_228[1]                                   ;        ;
; pifoEngines_0|enque_brain|engineCAM|banks_0_tags_228[14]                                  ;        ;
; pifoEngines_0|enque_brain|engineCAM|banks_0_tags_228[13]                                  ;        ;
; pifoEngines_0|enque_brain|engineCAM|banks_0_tags_228[12]                                  ;        ;
; pifoEngines_0|enque_brain|engineCAM|banks_0_tags_228[11]                                  ;        ;
; guard|emptyPifos_2_120                                                                    ;        ;
; pifoEngines_0|enque_brain|engineCAM|banks_0_tags_228[16]                                  ;        ;
; pifoEngines_0|enque_brain|engineCAM|banks_0_tags_226[5]                                   ;        ;
; pifoEngines_0|enque_brain|engineCAM|banks_0_tags_226[3]                                   ;        ;
; pifoEngines_0|enque_brain|engineCAM|banks_0_tags_226[6]                                   ;        ;
; pifoEngines_0|enque_brain|engineCAM|banks_0_tags_225[14]                                  ;        ;
; pifoEngines_0|enque_brain|engineCAM|banks_0_tags_225[13]                                  ;        ;
; pifoEngines_0|enque_brain|engineCAM|banks_0_tags_225[12]                                  ;        ;
; pifoEngines_0|enque_brain|engineCAM|banks_0_tags_225[11]                                  ;        ;
; pifoEngines_0|enque_brain|engineCAM|banks_0_tags_225[0]                                   ;        ;
; pifoEngines_0|enque_brain|engineCAM|banks_0_tags_225[2]                                   ;        ;
; guard|emptyPifos_2_72                                                                     ;        ;
; pifoEngines_0|enque_brain|engineCAM|banks_0_tags_225[1]                                   ;        ;
; pifoEngines_0|enque_brain|engineCAM|banks_0_tags_229[5]                                   ;        ;
; pifoEngines_0|enque_brain|engineCAM|banks_0_tags_229[3]                                   ;        ;
; pifoEngines_0|enque_brain|engineCAM|banks_0_tags_229[6]                                   ;        ;
; pifoEngines_0|enque_brain|engineCAM|banks_0_tags_231[5]                                   ;        ;
; pifoEngines_0|enque_brain|engineCAM|banks_0_tags_231[3]                                   ;        ;
; pifoEngines_0|enque_brain|engineCAM|banks_0_tags_231[6]                                   ;        ;
; pifoEngines_0|enque_brain|engineCAM|banks_0_tags_232[9]                                   ;        ;
; pifoEngines_0|enque_brain|engineCAM|banks_0_tags_232[8]                                   ;        ;
; pifoEngines_0|enque_brain|engineCAM|banks_0_tags_232[10]                                  ;        ;
; guard|emptyPifos_2_88                                                                     ;        ;
; pifoEngines_0|enque_brain|engineCAM|banks_0_tags_232[7]                                   ;        ;
; pifoEngines_0|enque_brain|engineCAM|banks_0_tags_232[5]                                   ;        ;
; pifoEngines_0|enque_brain|engineCAM|banks_0_tags_232[3]                                   ;        ;
; pifoEngines_0|enque_brain|engineCAM|banks_0_tags_232[6]                                   ;        ;
; pifoEngines_0|enque_brain|engineCAM|banks_0_tags_232[4]                                   ;        ;
; pifoEngines_0|enque_brain|engineCAM|banks_0_tags_232[0]                                   ;        ;
; pifoEngines_0|enque_brain|engineCAM|banks_0_tags_232[2]                                   ;        ;
; pifoEngines_0|enque_brain|engineCAM|banks_0_tags_232[1]                                   ;        ;
; pifoEngines_0|enque_brain|engineCAM|banks_0_tags_232[14]                                  ;        ;
; pifoEngines_0|enque_brain|engineCAM|banks_0_tags_232[13]                                  ;        ;
; guard|emptyPifos_2_121                                                                    ;        ;
; pifoEngines_0|enque_brain|engineCAM|banks_0_tags_232[12]                                  ;        ;
; pifoEngines_0|enque_brain|engineCAM|banks_0_tags_232[11]                                  ;        ;
; pifoEngines_0|enque_brain|engineCAM|banks_0_tags_232[16]                                  ;        ;
; pifoEngines_0|enque_brain|engineCAM|banks_0_tags_233[16]                                  ;        ;
; pifoEngines_0|enque_brain|engineCAM|banks_0_tags_234[16]                                  ;        ;
; pifoEngines_0|enque_brain|engineCAM|banks_0_tags_235[5]                                   ;        ;
; pifoEngines_0|enque_brain|engineCAM|banks_0_tags_235[3]                                   ;        ;
; pifoEngines_0|enque_brain|engineCAM|banks_0_tags_235[6]                                   ;        ;
; pifoEngines_0|enque_brain|engineCAM|banks_0_tags_240[9]                                   ;        ;
; pifoEngines_0|enque_brain|engineCAM|banks_0_tags_240[8]                                   ;        ;
; guard|emptyPifos_2_89                                                                     ;        ;
; pifoEngines_0|enque_brain|engineCAM|banks_0_tags_240[10]                                  ;        ;
; pifoEngines_0|enque_brain|engineCAM|banks_0_tags_240[7]                                   ;        ;
; pifoEngines_0|enque_brain|engineCAM|banks_0_tags_240[5]                                   ;        ;
; pifoEngines_0|enque_brain|engineCAM|banks_0_tags_240[3]                                   ;        ;
; pifoEngines_0|enque_brain|engineCAM|banks_0_tags_240[6]                                   ;        ;
; pifoEngines_0|enque_brain|engineCAM|banks_0_tags_240[4]                                   ;        ;
; pifoEngines_0|enque_brain|engineCAM|banks_0_tags_240[0]                                   ;        ;
; pifoEngines_0|enque_brain|engineCAM|banks_0_tags_240[2]                                   ;        ;
; pifoEngines_0|enque_brain|engineCAM|banks_0_tags_240[1]                                   ;        ;
; pifoEngines_0|enque_brain|engineCAM|banks_0_tags_240[14]                                  ;        ;
; guard|emptyPifos_2_104                                                                    ;        ;
; pifoEngines_0|enque_brain|engineCAM|banks_0_tags_240[13]                                  ;        ;
; pifoEngines_0|enque_brain|engineCAM|banks_0_tags_240[12]                                  ;        ;
; pifoEngines_0|enque_brain|engineCAM|banks_0_tags_240[11]                                  ;        ;
; pifoEngines_0|enque_brain|engineCAM|banks_0_tags_240[16]                                  ;        ;
; pifoEngines_0|enque_brain|engineCAM|banks_0_valid_240                                     ;        ;
; pifoEngines_0|enque_brain|engineCAM|banks_0_tags_240[15]                                  ;        ;
; pifoEngines_0|enque_brain|engineCAM|banks_0_valid_232                                     ;        ;
; pifoEngines_0|enque_brain|engineCAM|banks_0_tags_230[9]                                   ;        ;
; pifoEngines_0|enque_brain|engineCAM|banks_0_tags_230[8]                                   ;        ;
; pifoEngines_0|enque_brain|engineCAM|banks_0_tags_230[10]                                  ;        ;
; guard|emptyPifos_4_98                                                                     ;        ;
; guard|emptyPifos_4_70                                                                     ;        ;
; guard|emptyPifos_2_105                                                                    ;        ;
; pifoEngines_0|enque_brain|engineCAM|banks_0_tags_230[7]                                   ;        ;
; pifoEngines_0|enque_brain|engineCAM|banks_0_tags_230[5]                                   ;        ;
; pifoEngines_0|enque_brain|engineCAM|banks_0_tags_230[3]                                   ;        ;
; pifoEngines_0|enque_brain|engineCAM|banks_0_tags_230[6]                                   ;        ;
; pifoEngines_0|enque_brain|engineCAM|banks_0_tags_230[4]                                   ;        ;
; pifoEngines_0|enque_brain|engineCAM|banks_0_tags_230[0]                                   ;        ;
; pifoEngines_0|enque_brain|engineCAM|banks_0_tags_230[2]                                   ;        ;
; pifoEngines_0|enque_brain|engineCAM|banks_0_tags_230[1]                                   ;        ;
; pifoEngines_0|enque_brain|engineCAM|banks_0_tags_230[14]                                  ;        ;
; pifoEngines_0|enque_brain|engineCAM|banks_0_tags_230[13]                                  ;        ;
; guard|emptyPifos_2_73                                                                     ;        ;
; pifoEngines_0|enque_brain|engineCAM|banks_0_tags_230[12]                                  ;        ;
; pifoEngines_0|enque_brain|engineCAM|banks_0_tags_230[11]                                  ;        ;
; pifoEngines_0|enque_brain|engineCAM|banks_0_tags_230[16]                                  ;        ;
; pifoEngines_0|enque_brain|engineCAM|banks_0_valid_198                                     ;        ;
; pifoEngines_0|enque_brain|engineCAM|banks_0_tags_200[9]                                   ;        ;
; pifoEngines_0|enque_brain|engineCAM|banks_0_tags_200[8]                                   ;        ;
; pifoEngines_0|enque_brain|engineCAM|banks_0_tags_200[10]                                  ;        ;
; pifoEngines_0|enque_brain|engineCAM|banks_0_tags_200[7]                                   ;        ;
; pifoEngines_0|enque_brain|engineCAM|banks_0_tags_200[5]                                   ;        ;
; pifoEngines_0|enque_brain|engineCAM|banks_0_tags_200[3]                                   ;        ;
; guard|emptyPifos_2_126                                                                    ;        ;
; pifoEngines_0|enque_brain|engineCAM|banks_0_tags_200[6]                                   ;        ;
; pifoEngines_0|enque_brain|engineCAM|banks_0_tags_200[4]                                   ;        ;
; pifoEngines_0|enque_brain|engineCAM|banks_0_tags_200[0]                                   ;        ;
; pifoEngines_0|enque_brain|engineCAM|banks_0_tags_200[2]                                   ;        ;
; pifoEngines_0|enque_brain|engineCAM|banks_0_tags_200[1]                                   ;        ;
; pifoEngines_0|enque_brain|engineCAM|banks_0_tags_200[14]                                  ;        ;
; pifoEngines_0|enque_brain|engineCAM|banks_0_tags_200[13]                                  ;        ;
; pifoEngines_0|enque_brain|engineCAM|banks_0_tags_200[12]                                  ;        ;
; pifoEngines_0|enque_brain|engineCAM|banks_0_tags_200[11]                                  ;        ;
; pifoEngines_0|enque_brain|engineCAM|banks_0_tags_200[16]                                  ;        ;
; guard|emptyPifos_2_78                                                                     ;        ;
; pifoEngines_0|enque_brain|engineCAM|banks_0_tags_200[15]                                  ;        ;
; pifoEngines_0|enque_brain|engineCAM|banks_0_valid_200                                     ;        ;
; pifoEngines_0|enque_brain|engineCAM|banks_0_valid_201                                     ;        ;
; pifoEngines_0|enque_brain|engineCAM|banks_0_tags_204[9]                                   ;        ;
; pifoEngines_0|enque_brain|engineCAM|banks_0_tags_204[8]                                   ;        ;
; pifoEngines_0|enque_brain|engineCAM|banks_0_tags_204[10]                                  ;        ;
; pifoEngines_0|enque_brain|engineCAM|banks_0_tags_204[7]                                   ;        ;
; pifoEngines_0|enque_brain|engineCAM|banks_0_tags_204[5]                                   ;        ;
; pifoEngines_0|enque_brain|engineCAM|banks_0_tags_204[3]                                   ;        ;
; pifoEngines_0|enque_brain|engineCAM|banks_0_tags_204[6]                                   ;        ;
; guard|emptyPifos_2_94                                                                     ;        ;
; pifoEngines_0|enque_brain|engineCAM|banks_0_tags_204[4]                                   ;        ;
; pifoEngines_0|enque_brain|engineCAM|banks_0_tags_204[0]                                   ;        ;
; pifoEngines_0|enque_brain|engineCAM|banks_0_tags_204[2]                                   ;        ;
; pifoEngines_0|enque_brain|engineCAM|banks_0_tags_204[1]                                   ;        ;
; pifoEngines_0|enque_brain|engineCAM|banks_0_tags_204[14]                                  ;        ;
; pifoEngines_0|enque_brain|engineCAM|banks_0_tags_204[13]                                  ;        ;
; pifoEngines_0|enque_brain|engineCAM|banks_0_tags_204[12]                                  ;        ;
; pifoEngines_0|enque_brain|engineCAM|banks_0_tags_204[11]                                  ;        ;
; pifoEngines_0|enque_brain|engineCAM|banks_0_tags_204[16]                                  ;        ;
; pifoEngines_0|enque_brain|engineCAM|banks_0_tags_204[15]                                  ;        ;
; guard|emptyPifos_2_127                                                                    ;        ;
; pifoEngines_0|enque_brain|engineCAM|banks_0_valid_204                                     ;        ;
; pifoEngines_0|enque_brain|engineCAM|banks_0_valid_206                                     ;        ;
; pifoEngines_0|enque_brain|engineCAM|banks_0_tags_208[9]                                   ;        ;
; pifoEngines_0|enque_brain|engineCAM|banks_0_tags_208[8]                                   ;        ;
; pifoEngines_0|enque_brain|engineCAM|banks_0_tags_208[10]                                  ;        ;
; pifoEngines_0|enque_brain|engineCAM|banks_0_tags_208[7]                                   ;        ;
; pifoEngines_0|enque_brain|engineCAM|banks_0_tags_208[5]                                   ;        ;
; pifoEngines_0|enque_brain|engineCAM|banks_0_tags_208[3]                                   ;        ;
; pifoEngines_0|enque_brain|engineCAM|banks_0_tags_208[6]                                   ;        ;
; pifoEngines_0|enque_brain|engineCAM|banks_0_tags_208[4]                                   ;        ;
; guard|emptyPifos_2_95                                                                     ;        ;
; pifoEngines_0|enque_brain|engineCAM|banks_0_tags_208[0]                                   ;        ;
; pifoEngines_0|enque_brain|engineCAM|banks_0_tags_208[2]                                   ;        ;
; pifoEngines_0|enque_brain|engineCAM|banks_0_tags_208[1]                                   ;        ;
; pifoEngines_0|enque_brain|engineCAM|banks_0_tags_208[14]                                  ;        ;
; pifoEngines_0|enque_brain|engineCAM|banks_0_tags_208[13]                                  ;        ;
; pifoEngines_0|enque_brain|engineCAM|banks_0_tags_208[12]                                  ;        ;
; pifoEngines_0|enque_brain|engineCAM|banks_0_tags_208[11]                                  ;        ;
; pifoEngines_0|enque_brain|engineCAM|banks_0_tags_208[16]                                  ;        ;
; pifoEngines_0|enque_brain|engineCAM|banks_0_tags_208[15]                                  ;        ;
; pifoEngines_0|enque_brain|engineCAM|banks_0_valid_208                                     ;        ;
; guard|emptyPifos_2_110                                                                    ;        ;
; pifoEngines_0|enque_brain|engineCAM|banks_0_valid_209                                     ;        ;
; pifoEngines_0|enque_brain|engineCAM|banks_0_tags_212[9]                                   ;        ;
; pifoEngines_0|enque_brain|engineCAM|banks_0_tags_212[8]                                   ;        ;
; pifoEngines_0|enque_brain|engineCAM|banks_0_tags_212[10]                                  ;        ;
; pifoEngines_0|enque_brain|engineCAM|banks_0_tags_212[7]                                   ;        ;
; pifoEngines_0|enque_brain|engineCAM|banks_0_tags_212[5]                                   ;        ;
; pifoEngines_0|enque_brain|engineCAM|banks_0_tags_212[3]                                   ;        ;
; pifoEngines_0|enque_brain|engineCAM|banks_0_tags_212[6]                                   ;        ;
; pifoEngines_0|enque_brain|engineCAM|banks_0_tags_212[4]                                   ;        ;
; pifoEngines_0|enque_brain|engineCAM|banks_0_tags_212[0]                                   ;        ;
; guard|emptyPifos_2_111                                                                    ;        ;
; pifoEngines_0|enque_brain|engineCAM|banks_0_tags_212[2]                                   ;        ;
; pifoEngines_0|enque_brain|engineCAM|banks_0_tags_212[1]                                   ;        ;
; pifoEngines_0|enque_brain|engineCAM|banks_0_tags_212[14]                                  ;        ;
; pifoEngines_0|enque_brain|engineCAM|banks_0_tags_212[13]                                  ;        ;
; pifoEngines_0|enque_brain|engineCAM|banks_0_tags_212[12]                                  ;        ;
; pifoEngines_0|enque_brain|engineCAM|banks_0_tags_212[11]                                  ;        ;
; pifoEngines_0|enque_brain|engineCAM|banks_0_tags_212[16]                                  ;        ;
; pifoEngines_0|enque_brain|engineCAM|banks_0_tags_212[15]                                  ;        ;
; pifoEngines_0|enque_brain|engineCAM|banks_0_valid_212                                     ;        ;
; pifoEngines_0|enque_brain|engineCAM|banks_0_valid_214                                     ;        ;
; guard|emptyPifos_2_79                                                                     ;        ;
; pifoEngines_0|enque_brain|engineCAM|banks_0_valid_215                                     ;        ;
; pifoEngines_0|enque_brain|engineCAM|banks_0_valid_216                                     ;        ;
; pifoEngines_0|enque_brain|engineCAM|banks_0_valid_217                                     ;        ;
; pifoEngines_0|enque_brain|engineCAM|banks_0_valid_220                                     ;        ;
; pifoEngines_0|enque_brain|engineCAM|banks_0_valid_221                                     ;        ;
; pifoEngines_0|enque_brain|engineCAM|banks_0_valid_222                                     ;        ;
; pifoEngines_0|enque_brain|engineCAM|banks_0_valid_223                                     ;        ;
; pifoEngines_0|enque_brain|engineCAM|banks_0_valid_224                                     ;        ;
; pifoEngines_0|enque_brain|engineCAM|banks_0_valid_225                                     ;        ;
; pifoEngines_0|enque_brain|engineCAM|banks_0_valid_230                                     ;        ;
; guard|emptyPifos_4_86                                                                     ;        ;
; guard|emptyPifos_2_122                                                                    ;        ;
; pifoEngines_0|enque_brain|engineCAM|banks_0_tags_230[15]                                  ;        ;
; pifoEngines_0|enque_brain|engineCAM|banks_0_tags_234[14]                                  ;        ;
; pifoEngines_0|enque_brain|engineCAM|banks_0_tags_234[13]                                  ;        ;
; pifoEngines_0|enque_brain|engineCAM|banks_0_tags_234[12]                                  ;        ;
; pifoEngines_0|enque_brain|engineCAM|banks_0_tags_234[11]                                  ;        ;
; pifoEngines_0|enque_brain|engineCAM|banks_0_tags_234[0]                                   ;        ;
; pifoEngines_0|enque_brain|engineCAM|banks_0_valid_234                                     ;        ;
; pifoEngines_0|enque_brain|engineCAM|banks_0_tags_234[2]                                   ;        ;
; pifoEngines_0|enque_brain|engineCAM|banks_0_tags_234[1]                                   ;        ;
; pifoEngines_0|enque_brain|engineCAM|banks_0_tags_233[14]                                  ;        ;
; guard|emptyPifos_2_74                                                                     ;        ;
; pifoEngines_0|enque_brain|engineCAM|banks_0_tags_233[13]                                  ;        ;
; pifoEngines_0|enque_brain|engineCAM|banks_0_tags_233[12]                                  ;        ;
; pifoEngines_0|enque_brain|engineCAM|banks_0_tags_233[11]                                  ;        ;
; pifoEngines_0|enque_brain|engineCAM|banks_0_tags_233[0]                                   ;        ;
; pifoEngines_0|enque_brain|engineCAM|banks_0_tags_233[2]                                   ;        ;
; pifoEngines_0|enque_brain|engineCAM|banks_0_tags_233[1]                                   ;        ;
; pifoEngines_0|enque_brain|engineCAM|banks_0_tags_234[9]                                   ;        ;
; pifoEngines_0|enque_brain|engineCAM|banks_0_tags_234[8]                                   ;        ;
; pifoEngines_0|enque_brain|engineCAM|banks_0_tags_234[10]                                  ;        ;
; pifoEngines_0|enque_brain|engineCAM|banks_0_tags_234[7]                                   ;        ;
; guard|emptyPifos_2_90                                                                     ;        ;
; pifoEngines_0|enque_brain|engineCAM|banks_0_tags_234[5]                                   ;        ;
; pifoEngines_0|enque_brain|engineCAM|banks_0_tags_234[3]                                   ;        ;
; pifoEngines_0|enque_brain|engineCAM|banks_0_tags_234[6]                                   ;        ;
; pifoEngines_0|enque_brain|engineCAM|banks_0_tags_234[4]                                   ;        ;
; pifoEngines_0|enque_brain|engineCAM|banks_0_tags_233[9]                                   ;        ;
; pifoEngines_0|enque_brain|engineCAM|banks_0_tags_233[8]                                   ;        ;
; pifoEngines_0|enque_brain|engineCAM|banks_0_tags_233[10]                                  ;        ;
; pifoEngines_0|enque_brain|engineCAM|banks_0_tags_233[7]                                   ;        ;
; pifoEngines_0|enque_brain|engineCAM|banks_0_tags_233[5]                                   ;        ;
; pifoEngines_0|enque_brain|engineCAM|banks_0_tags_233[3]                                   ;        ;
; guard|emptyPifos_2_124                                                                    ;        ;
; pifoEngines_0|enque_brain|engineCAM|banks_0_tags_233[6]                                   ;        ;
; pifoEngines_0|enque_brain|engineCAM|banks_0_tags_233[4]                                   ;        ;
; pifoEngines_0|enque_brain|engineCAM|banks_0_tags_235[9]                                   ;        ;
; pifoEngines_0|enque_brain|engineCAM|banks_0_tags_235[8]                                   ;        ;
; pifoEngines_0|enque_brain|engineCAM|banks_0_tags_235[10]                                  ;        ;
; pifoEngines_0|enque_brain|engineCAM|banks_0_tags_235[7]                                   ;        ;
; pifoEngines_0|enque_brain|engineCAM|banks_0_tags_235[0]                                   ;        ;
; pifoEngines_0|enque_brain|engineCAM|banks_0_valid_235                                     ;        ;
; pifoEngines_0|enque_brain|engineCAM|banks_0_tags_235[2]                                   ;        ;
; pifoEngines_0|enque_brain|engineCAM|banks_0_tags_235[1]                                   ;        ;
; guard|emptyPifos_2_76                                                                     ;        ;
; pifoEngines_0|enque_brain|engineCAM|banks_0_tags_235[14]                                  ;        ;
; pifoEngines_0|enque_brain|engineCAM|banks_0_tags_235[13]                                  ;        ;
; pifoEngines_0|enque_brain|engineCAM|banks_0_tags_235[12]                                  ;        ;
; pifoEngines_0|enque_brain|engineCAM|banks_0_tags_235[11]                                  ;        ;
; pifoEngines_0|enque_brain|engineCAM|banks_0_tags_235[16]                                  ;        ;
; pifoEngines_0|enque_brain|engineCAM|banks_0_tags_235[15]                                  ;        ;
; pifoEngines_0|enque_brain|engineCAM|banks_0_tags_235[4]                                   ;        ;
; pifoEngines_0|enque_brain|engineCAM|banks_0_tags_234[15]                                  ;        ;
; pifoEngines_0|enque_brain|engineCAM|banks_0_valid_233                                     ;        ;
; pifoEngines_0|enque_brain|engineCAM|banks_0_tags_233[15]                                  ;        ;
; guard|emptyPifos_2_92                                                                     ;        ;
; pifoEngines_0|enque_brain|engineCAM|banks_0_tags_232[15]                                  ;        ;
; pifoEngines_0|enque_brain|engineCAM|banks_0_tags_231[9]                                   ;        ;
; pifoEngines_0|enque_brain|engineCAM|banks_0_tags_231[8]                                   ;        ;
; pifoEngines_0|enque_brain|engineCAM|banks_0_tags_231[10]                                  ;        ;
; pifoEngines_0|enque_brain|engineCAM|banks_0_tags_231[7]                                   ;        ;
; pifoEngines_0|enque_brain|engineCAM|banks_0_tags_231[0]                                   ;        ;
; pifoEngines_0|enque_brain|engineCAM|banks_0_tags_231[2]                                   ;        ;
; pifoEngines_0|enque_brain|engineCAM|banks_0_tags_231[1]                                   ;        ;
; pifoEngines_0|enque_brain|engineCAM|banks_0_tags_231[14]                                  ;        ;
; pifoEngines_0|enque_brain|engineCAM|banks_0_tags_231[13]                                  ;        ;
; guard|emptyPifos_2_125                                                                    ;        ;
; pifoEngines_0|enque_brain|engineCAM|banks_0_tags_231[12]                                  ;        ;
; pifoEngines_0|enque_brain|engineCAM|banks_0_tags_231[11]                                  ;        ;
; pifoEngines_0|enque_brain|engineCAM|banks_0_tags_231[16]                                  ;        ;
; pifoEngines_0|enque_brain|engineCAM|banks_0_tags_231[15]                                  ;        ;
; pifoEngines_0|enque_brain|engineCAM|banks_0_valid_231                                     ;        ;
; pifoEngines_0|enque_brain|engineCAM|banks_0_tags_231[4]                                   ;        ;
; pifoEngines_0|enque_brain|engineCAM|banks_0_tags_229[9]                                   ;        ;
; pifoEngines_0|enque_brain|engineCAM|banks_0_tags_229[8]                                   ;        ;
; pifoEngines_0|enque_brain|engineCAM|banks_0_tags_229[10]                                  ;        ;
; pifoEngines_0|enque_brain|engineCAM|banks_0_tags_229[7]                                   ;        ;
; guard|emptyPifos_2_93                                                                     ;        ;
; pifoEngines_0|enque_brain|engineCAM|banks_0_tags_229[0]                                   ;        ;
; pifoEngines_0|enque_brain|engineCAM|banks_0_valid_229                                     ;        ;
; pifoEngines_0|enque_brain|engineCAM|banks_0_tags_229[2]                                   ;        ;
; pifoEngines_0|enque_brain|engineCAM|banks_0_tags_229[1]                                   ;        ;
; pifoEngines_0|enque_brain|engineCAM|banks_0_tags_229[14]                                  ;        ;
; pifoEngines_0|enque_brain|engineCAM|banks_0_tags_229[13]                                  ;        ;
; pifoEngines_0|enque_brain|engineCAM|banks_0_tags_229[12]                                  ;        ;
; pifoEngines_0|enque_brain|engineCAM|banks_0_tags_229[11]                                  ;        ;
; pifoEngines_0|enque_brain|engineCAM|banks_0_tags_229[16]                                  ;        ;
; pifoEngines_0|enque_brain|engineCAM|banks_0_tags_229[15]                                  ;        ;
; guard|emptyPifos_2_108                                                                    ;        ;
; pifoEngines_0|enque_brain|engineCAM|banks_0_tags_229[4]                                   ;        ;
; pifoEngines_0|enque_brain|engineCAM|banks_0_tags_226[9]                                   ;        ;
; pifoEngines_0|enque_brain|engineCAM|banks_0_tags_226[8]                                   ;        ;
; pifoEngines_0|enque_brain|engineCAM|banks_0_tags_226[10]                                  ;        ;
; pifoEngines_0|enque_brain|engineCAM|banks_0_tags_226[7]                                   ;        ;
; pifoEngines_0|enque_brain|engineCAM|banks_0_tags_226[0]                                   ;        ;
; pifoEngines_0|enque_brain|engineCAM|banks_0_valid_226                                     ;        ;
; pifoEngines_0|enque_brain|engineCAM|banks_0_tags_226[2]                                   ;        ;
; pifoEngines_0|enque_brain|engineCAM|banks_0_tags_226[1]                                   ;        ;
; pifoEngines_0|enque_brain|engineCAM|banks_0_tags_226[14]                                  ;        ;
; guard|emptyPifos_2_109                                                                    ;        ;
; pifoEngines_0|enque_brain|engineCAM|banks_0_tags_226[13]                                  ;        ;
; pifoEngines_0|enque_brain|engineCAM|banks_0_tags_226[12]                                  ;        ;
; pifoEngines_0|enque_brain|engineCAM|banks_0_tags_226[11]                                  ;        ;
; pifoEngines_0|enque_brain|engineCAM|banks_0_tags_226[16]                                  ;        ;
; pifoEngines_0|enque_brain|engineCAM|banks_0_tags_226[15]                                  ;        ;
; pifoEngines_0|enque_brain|engineCAM|banks_0_tags_226[4]                                   ;        ;
; pifoEngines_0|enque_brain|engineCAM|banks_0_tags_225[9]                                   ;        ;
; pifoEngines_0|enque_brain|engineCAM|banks_0_tags_225[8]                                   ;        ;
; pifoEngines_0|enque_brain|engineCAM|banks_0_tags_225[10]                                  ;        ;
; pifoEngines_0|enque_brain|engineCAM|banks_0_tags_225[7]                                   ;        ;
; guard|emptyPifos_4_84                                                                     ;        ;
; guard|emptyPifos_2_77                                                                     ;        ;
; pifoEngines_0|enque_brain|engineCAM|banks_0_tags_225[5]                                   ;        ;
; pifoEngines_0|enque_brain|engineCAM|banks_0_tags_225[3]                                   ;        ;
; pifoEngines_0|enque_brain|engineCAM|banks_0_tags_225[6]                                   ;        ;
; pifoEngines_0|enque_brain|engineCAM|banks_0_tags_225[4]                                   ;        ;
; pifoEngines_0|enque_brain|engineCAM|banks_0_valid_228                                     ;        ;
; pifoEngines_0|enque_brain|engineCAM|banks_0_tags_228[15]                                  ;        ;
; pifoEngines_0|enque_brain|engineCAM|banks_0_tags_227[9]                                   ;        ;
; pifoEngines_0|enque_brain|engineCAM|banks_0_tags_227[8]                                   ;        ;
; pifoEngines_0|enque_brain|engineCAM|banks_0_tags_227[10]                                  ;        ;
; pifoEngines_0|enque_brain|engineCAM|banks_0_tags_227[7]                                   ;        ;
; guard|emptyPifos_2_15                                                                     ;        ;
; pifoEngines_0|enque_brain|engineCAM|banks_0_tags_227[0]                                   ;        ;
; pifoEngines_0|enque_brain|engineCAM|banks_0_tags_227[2]                                   ;        ;
; pifoEngines_0|enque_brain|engineCAM|banks_0_tags_227[1]                                   ;        ;
; pifoEngines_0|enque_brain|engineCAM|banks_0_tags_227[14]                                  ;        ;
; pifoEngines_0|enque_brain|engineCAM|banks_0_tags_227[13]                                  ;        ;
; pifoEngines_0|enque_brain|engineCAM|banks_0_tags_227[12]                                  ;        ;
; pifoEngines_0|enque_brain|engineCAM|banks_0_tags_227[11]                                  ;        ;
; pifoEngines_0|enque_brain|engineCAM|banks_0_tags_227[16]                                  ;        ;
; pifoEngines_0|enque_brain|engineCAM|banks_0_tags_227[15]                                  ;        ;
; pifoEngines_0|enque_brain|engineCAM|banks_0_valid_227                                     ;        ;
; guard|emptyPifos_2_13                                                                     ;        ;
; pifoEngines_0|enque_brain|engineCAM|banks_0_tags_227[4]                                   ;        ;
; pifoEngines_0|enque_brain|engineCAM|banks_0_tags_225[15]                                  ;        ;
; pifoEngines_0|enque_brain|engineCAM|banks_0_tags_222[15]                                  ;        ;
; pifoEngines_0|enque_brain|engineCAM|banks_0_tags_224[15]                                  ;        ;
; pifoEngines_0|enque_brain|engineCAM|banks_0_tags_223[15]                                  ;        ;
; pifoEngines_0|enque_brain|engineCAM|banks_0_tags_221[15]                                  ;        ;
; pifoEngines_0|enque_brain|engineCAM|banks_0_tags_214[15]                                  ;        ;
; pifoEngines_0|enque_brain|engineCAM|banks_0_tags_218[9]                                   ;        ;
; pifoEngines_0|enque_brain|engineCAM|banks_0_tags_218[8]                                   ;        ;
; pifoEngines_0|enque_brain|engineCAM|banks_0_tags_218[10]                                  ;        ;
; guard|emptyPifos_2_10                                                                     ;        ;
; pifoEngines_0|enque_brain|engineCAM|banks_0_tags_218[7]                                   ;        ;
; pifoEngines_0|enque_brain|engineCAM|banks_0_tags_218[0]                                   ;        ;
; pifoEngines_0|enque_brain|engineCAM|banks_0_tags_218[2]                                   ;        ;
; pifoEngines_0|enque_brain|engineCAM|banks_0_tags_218[1]                                   ;        ;
; pifoEngines_0|enque_brain|engineCAM|banks_0_tags_218[14]                                  ;        ;
; pifoEngines_0|enque_brain|engineCAM|banks_0_tags_218[13]                                  ;        ;
; pifoEngines_0|enque_brain|engineCAM|banks_0_tags_218[12]                                  ;        ;
; pifoEngines_0|enque_brain|engineCAM|banks_0_tags_218[11]                                  ;        ;
; pifoEngines_0|enque_brain|engineCAM|banks_0_tags_218[16]                                  ;        ;
; pifoEngines_0|enque_brain|engineCAM|banks_0_tags_218[15]                                  ;        ;
; guard|emptyPifos_2_14                                                                     ;        ;
; pifoEngines_0|enque_brain|engineCAM|banks_0_valid_218                                     ;        ;
; pifoEngines_0|enque_brain|engineCAM|banks_0_tags_218[4]                                   ;        ;
; pifoEngines_0|enque_brain|engineCAM|banks_0_tags_217[9]                                   ;        ;
; pifoEngines_0|enque_brain|engineCAM|banks_0_tags_217[8]                                   ;        ;
; pifoEngines_0|enque_brain|engineCAM|banks_0_tags_217[10]                                  ;        ;
; pifoEngines_0|enque_brain|engineCAM|banks_0_tags_217[7]                                   ;        ;
; pifoEngines_0|enque_brain|engineCAM|banks_0_tags_217[5]                                   ;        ;
; pifoEngines_0|enque_brain|engineCAM|banks_0_tags_217[3]                                   ;        ;
; pifoEngines_0|enque_brain|engineCAM|banks_0_tags_217[6]                                   ;        ;
; pifoEngines_0|enque_brain|engineCAM|banks_0_tags_217[4]                                   ;        ;
; guard|emptyPifos_2_12                                                                     ;        ;
; pifoEngines_0|enque_brain|engineCAM|banks_0_tags_220[15]                                  ;        ;
; pifoEngines_0|enque_brain|engineCAM|banks_0_tags_219[9]                                   ;        ;
; pifoEngines_0|enque_brain|engineCAM|banks_0_tags_219[8]                                   ;        ;
; pifoEngines_0|enque_brain|engineCAM|banks_0_tags_219[10]                                  ;        ;
; pifoEngines_0|enque_brain|engineCAM|banks_0_tags_219[7]                                   ;        ;
; pifoEngines_0|enque_brain|engineCAM|banks_0_tags_219[0]                                   ;        ;
; pifoEngines_0|enque_brain|engineCAM|banks_0_tags_219[2]                                   ;        ;
; pifoEngines_0|enque_brain|engineCAM|banks_0_tags_219[1]                                   ;        ;
; pifoEngines_0|enque_brain|engineCAM|banks_0_tags_219[14]                                  ;        ;
; pifoEngines_0|enque_brain|engineCAM|banks_0_tags_219[13]                                  ;        ;
; guard|emptyPifos_2_3                                                                      ;        ;
; pifoEngines_0|enque_brain|engineCAM|banks_0_tags_219[12]                                  ;        ;
; pifoEngines_0|enque_brain|engineCAM|banks_0_tags_219[11]                                  ;        ;
; pifoEngines_0|enque_brain|engineCAM|banks_0_tags_219[16]                                  ;        ;
; pifoEngines_0|enque_brain|engineCAM|banks_0_tags_219[15]                                  ;        ;
; pifoEngines_0|enque_brain|engineCAM|banks_0_valid_219                                     ;        ;
; pifoEngines_0|enque_brain|engineCAM|banks_0_tags_219[4]                                   ;        ;
; pifoEngines_0|enque_brain|engineCAM|banks_0_tags_217[15]                                  ;        ;
; pifoEngines_0|enque_brain|engineCAM|banks_0_tags_216[15]                                  ;        ;
; pifoEngines_0|enque_brain|engineCAM|banks_0_tags_213[9]                                   ;        ;
; pifoEngines_0|enque_brain|engineCAM|banks_0_tags_213[8]                                   ;        ;
; guard|emptyPifos_2_0                                                                      ;        ;
; pifoEngines_0|enque_brain|engineCAM|banks_0_tags_213[10]                                  ;        ;
; pifoEngines_0|enque_brain|engineCAM|banks_0_tags_213[7]                                   ;        ;
; pifoEngines_0|enque_brain|engineCAM|banks_0_tags_213[0]                                   ;        ;
; pifoEngines_0|enque_brain|engineCAM|banks_0_valid_213                                     ;        ;
; pifoEngines_0|enque_brain|engineCAM|banks_0_tags_213[2]                                   ;        ;
; pifoEngines_0|enque_brain|engineCAM|banks_0_tags_213[1]                                   ;        ;
; pifoEngines_0|enque_brain|engineCAM|banks_0_tags_213[14]                                  ;        ;
; pifoEngines_0|enque_brain|engineCAM|banks_0_tags_213[13]                                  ;        ;
; pifoEngines_0|enque_brain|engineCAM|banks_0_tags_213[12]                                  ;        ;
; pifoEngines_0|enque_brain|engineCAM|banks_0_tags_213[11]                                  ;        ;
; guard|emptyPifos_2_1                                                                      ;        ;
; pifoEngines_0|enque_brain|engineCAM|banks_0_tags_213[16]                                  ;        ;
; pifoEngines_0|enque_brain|engineCAM|banks_0_tags_213[15]                                  ;        ;
; pifoEngines_0|enque_brain|engineCAM|banks_0_tags_213[4]                                   ;        ;
; pifoEngines_0|enque_brain|engineCAM|banks_0_tags_215[15]                                  ;        ;
; pifoEngines_0|enque_brain|engineCAM|banks_0_tags_206[15]                                  ;        ;
; pifoEngines_0|enque_brain|engineCAM|banks_0_tags_210[9]                                   ;        ;
; pifoEngines_0|enque_brain|engineCAM|banks_0_tags_210[8]                                   ;        ;
; pifoEngines_0|enque_brain|engineCAM|banks_0_tags_210[10]                                  ;        ;
; pifoEngines_0|enque_brain|engineCAM|banks_0_tags_210[7]                                   ;        ;
; pifoEngines_0|enque_brain|engineCAM|banks_0_tags_210[0]                                   ;        ;
; guard|emptyPifos_2_7                                                                      ;        ;
; pifoEngines_0|enque_brain|engineCAM|banks_0_valid_210                                     ;        ;
; pifoEngines_0|enque_brain|engineCAM|banks_0_tags_210[2]                                   ;        ;
; pifoEngines_0|enque_brain|engineCAM|banks_0_tags_210[1]                                   ;        ;
; pifoEngines_0|enque_brain|engineCAM|banks_0_tags_210[14]                                  ;        ;
; pifoEngines_0|enque_brain|engineCAM|banks_0_tags_210[13]                                  ;        ;
; pifoEngines_0|enque_brain|engineCAM|banks_0_tags_210[12]                                  ;        ;
; pifoEngines_0|enque_brain|engineCAM|banks_0_tags_210[11]                                  ;        ;
; pifoEngines_0|enque_brain|engineCAM|banks_0_tags_210[16]                                  ;        ;
; pifoEngines_0|enque_brain|engineCAM|banks_0_tags_210[15]                                  ;        ;
; pifoEngines_0|enque_brain|engineCAM|banks_0_tags_210[4]                                   ;        ;
; guard|emptyPifos_4_107                                                                    ;        ;
; guard|emptyPifos_2_5                                                                      ;        ;
; pifoEngines_0|enque_brain|engineCAM|banks_0_tags_209[9]                                   ;        ;
; pifoEngines_0|enque_brain|engineCAM|banks_0_tags_209[8]                                   ;        ;
; pifoEngines_0|enque_brain|engineCAM|banks_0_tags_209[10]                                  ;        ;
; pifoEngines_0|enque_brain|engineCAM|banks_0_tags_209[7]                                   ;        ;
; pifoEngines_0|enque_brain|engineCAM|banks_0_tags_209[5]                                   ;        ;
; pifoEngines_0|enque_brain|engineCAM|banks_0_tags_209[3]                                   ;        ;
; pifoEngines_0|enque_brain|engineCAM|banks_0_tags_209[6]                                   ;        ;
; pifoEngines_0|enque_brain|engineCAM|banks_0_tags_209[4]                                   ;        ;
; pifoEngines_0|enque_brain|engineCAM|banks_0_tags_211[9]                                   ;        ;
; pifoEngines_0|enque_brain|engineCAM|banks_0_tags_211[8]                                   ;        ;
; guard|emptyPifos_2_2                                                                      ;        ;
; pifoEngines_0|enque_brain|engineCAM|banks_0_tags_211[10]                                  ;        ;
; pifoEngines_0|enque_brain|engineCAM|banks_0_tags_211[7]                                   ;        ;
; pifoEngines_0|enque_brain|engineCAM|banks_0_tags_211[0]                                   ;        ;
; pifoEngines_0|enque_brain|engineCAM|banks_0_valid_211                                     ;        ;
; pifoEngines_0|enque_brain|engineCAM|banks_0_tags_211[2]                                   ;        ;
; pifoEngines_0|enque_brain|engineCAM|banks_0_tags_211[1]                                   ;        ;
; pifoEngines_0|enque_brain|engineCAM|banks_0_tags_211[14]                                  ;        ;
; pifoEngines_0|enque_brain|engineCAM|banks_0_tags_211[13]                                  ;        ;
; pifoEngines_0|enque_brain|engineCAM|banks_0_tags_211[12]                                  ;        ;
; pifoEngines_0|enque_brain|engineCAM|banks_0_tags_211[11]                                  ;        ;
; guard|emptyPifos_2_6                                                                      ;        ;
; pifoEngines_0|enque_brain|engineCAM|banks_0_tags_211[16]                                  ;        ;
; pifoEngines_0|enque_brain|engineCAM|banks_0_tags_211[15]                                  ;        ;
; pifoEngines_0|enque_brain|engineCAM|banks_0_tags_211[4]                                   ;        ;
; pifoEngines_0|enque_brain|engineCAM|banks_0_tags_209[15]                                  ;        ;
; pifoEngines_0|enque_brain|engineCAM|banks_0_tags_207[9]                                   ;        ;
; pifoEngines_0|enque_brain|engineCAM|banks_0_tags_207[8]                                   ;        ;
; pifoEngines_0|enque_brain|engineCAM|banks_0_tags_207[10]                                  ;        ;
; pifoEngines_0|enque_brain|engineCAM|banks_0_tags_207[7]                                   ;        ;
; pifoEngines_0|enque_brain|engineCAM|banks_0_tags_207[0]                                   ;        ;
; pifoEngines_0|enque_brain|engineCAM|banks_0_valid_207                                     ;        ;
; guard|emptyPifos_2_4                                                                      ;        ;
; pifoEngines_0|enque_brain|engineCAM|banks_0_tags_207[2]                                   ;        ;
; pifoEngines_0|enque_brain|engineCAM|banks_0_tags_207[1]                                   ;        ;
; pifoEngines_0|enque_brain|engineCAM|banks_0_tags_207[14]                                  ;        ;
; pifoEngines_0|enque_brain|engineCAM|banks_0_tags_207[13]                                  ;        ;
; pifoEngines_0|enque_brain|engineCAM|banks_0_tags_207[12]                                  ;        ;
; pifoEngines_0|enque_brain|engineCAM|banks_0_tags_207[11]                                  ;        ;
; pifoEngines_0|enque_brain|engineCAM|banks_0_tags_207[16]                                  ;        ;
; pifoEngines_0|enque_brain|engineCAM|banks_0_tags_207[15]                                  ;        ;
; pifoEngines_0|enque_brain|engineCAM|banks_0_tags_207[4]                                   ;        ;
; pifoEngines_0|enque_brain|engineCAM|banks_0_tags_205[9]                                   ;        ;
; guard|emptyPifos_2_27                                                                     ;        ;
; pifoEngines_0|enque_brain|engineCAM|banks_0_tags_205[8]                                   ;        ;
; pifoEngines_0|enque_brain|engineCAM|banks_0_tags_205[10]                                  ;        ;
; pifoEngines_0|enque_brain|engineCAM|banks_0_tags_205[7]                                   ;        ;
; pifoEngines_0|enque_brain|engineCAM|banks_0_tags_205[0]                                   ;        ;
; pifoEngines_0|enque_brain|engineCAM|banks_0_valid_205                                     ;        ;
; pifoEngines_0|enque_brain|engineCAM|banks_0_tags_205[2]                                   ;        ;
; pifoEngines_0|enque_brain|engineCAM|banks_0_tags_205[1]                                   ;        ;
; pifoEngines_0|enque_brain|engineCAM|banks_0_tags_205[14]                                  ;        ;
; pifoEngines_0|enque_brain|engineCAM|banks_0_tags_205[13]                                  ;        ;
; pifoEngines_0|enque_brain|engineCAM|banks_0_tags_205[12]                                  ;        ;
; guard|emptyPifos_2_24                                                                     ;        ;
; pifoEngines_0|enque_brain|engineCAM|banks_0_tags_205[11]                                  ;        ;
; pifoEngines_0|enque_brain|engineCAM|banks_0_tags_205[16]                                  ;        ;
; pifoEngines_0|enque_brain|engineCAM|banks_0_tags_205[15]                                  ;        ;
; pifoEngines_0|enque_brain|engineCAM|banks_0_tags_205[4]                                   ;        ;
; pifoEngines_0|enque_brain|engineCAM|banks_0_tags_196[9]                                   ;        ;
; pifoEngines_0|enque_brain|engineCAM|banks_0_tags_196[8]                                   ;        ;
; pifoEngines_0|enque_brain|engineCAM|banks_0_tags_196[10]                                  ;        ;
; pifoEngines_0|enque_brain|engineCAM|banks_0_tags_196[7]                                   ;        ;
; pifoEngines_0|enque_brain|engineCAM|banks_0_tags_196[5]                                   ;        ;
; pifoEngines_0|enque_brain|engineCAM|banks_0_tags_196[3]                                   ;        ;
; guard|emptyPifos_2_25                                                                     ;        ;
; pifoEngines_0|enque_brain|engineCAM|banks_0_tags_196[6]                                   ;        ;
; pifoEngines_0|enque_brain|engineCAM|banks_0_tags_196[4]                                   ;        ;
; pifoEngines_0|enque_brain|engineCAM|banks_0_tags_196[0]                                   ;        ;
; pifoEngines_0|enque_brain|engineCAM|banks_0_tags_196[2]                                   ;        ;
; pifoEngines_0|enque_brain|engineCAM|banks_0_tags_196[1]                                   ;        ;
; pifoEngines_0|enque_brain|engineCAM|banks_0_tags_196[14]                                  ;        ;
; pifoEngines_0|enque_brain|engineCAM|banks_0_tags_196[13]                                  ;        ;
; pifoEngines_0|enque_brain|engineCAM|banks_0_tags_196[12]                                  ;        ;
; pifoEngines_0|enque_brain|engineCAM|banks_0_tags_196[11]                                  ;        ;
; pifoEngines_0|enque_brain|engineCAM|banks_0_tags_196[16]                                  ;        ;
; guard|emptyPifos_2_31                                                                     ;        ;
; pifoEngines_0|enque_brain|engineCAM|banks_0_valid_177                                     ;        ;
; pifoEngines_0|enque_brain|engineCAM|banks_0_tags_180[9]                                   ;        ;
; pifoEngines_0|enque_brain|engineCAM|banks_0_tags_180[8]                                   ;        ;
; pifoEngines_0|enque_brain|engineCAM|banks_0_tags_180[10]                                  ;        ;
; pifoEngines_0|enque_brain|engineCAM|banks_0_tags_180[7]                                   ;        ;
; pifoEngines_0|enque_brain|engineCAM|banks_0_tags_180[5]                                   ;        ;
; pifoEngines_0|enque_brain|engineCAM|banks_0_tags_180[3]                                   ;        ;
; pifoEngines_0|enque_brain|engineCAM|banks_0_tags_180[6]                                   ;        ;
; pifoEngines_0|enque_brain|engineCAM|banks_0_tags_180[4]                                   ;        ;
; pifoEngines_0|enque_brain|engineCAM|banks_0_tags_180[0]                                   ;        ;
; guard|emptyPifos_2_29                                                                     ;        ;
; pifoEngines_0|enque_brain|engineCAM|banks_0_tags_180[2]                                   ;        ;
; pifoEngines_0|enque_brain|engineCAM|banks_0_tags_180[1]                                   ;        ;
; pifoEngines_0|enque_brain|engineCAM|banks_0_tags_180[14]                                  ;        ;
; pifoEngines_0|enque_brain|engineCAM|banks_0_tags_180[13]                                  ;        ;
; pifoEngines_0|enque_brain|engineCAM|banks_0_tags_180[12]                                  ;        ;
; pifoEngines_0|enque_brain|engineCAM|banks_0_tags_180[11]                                  ;        ;
; pifoEngines_0|enque_brain|engineCAM|banks_0_tags_180[16]                                  ;        ;
; pifoEngines_0|enque_brain|engineCAM|banks_0_tags_180[15]                                  ;        ;
; pifoEngines_0|enque_brain|engineCAM|banks_0_valid_180                                     ;        ;
; pifoEngines_0|enque_brain|engineCAM|banks_0_valid_181                                     ;        ;
; guard|emptyPifos_2_26                                                                     ;        ;
; pifoEngines_0|enque_brain|engineCAM|banks_0_valid_182                                     ;        ;
; pifoEngines_0|enque_brain|engineCAM|banks_0_valid_183                                     ;        ;
; pifoEngines_0|enque_brain|engineCAM|banks_0_valid_184                                     ;        ;
; pifoEngines_0|enque_brain|engineCAM|banks_0_valid_185                                     ;        ;
; pifoEngines_0|enque_brain|engineCAM|banks_0_tags_188[9]                                   ;        ;
; pifoEngines_0|enque_brain|engineCAM|banks_0_tags_188[8]                                   ;        ;
; pifoEngines_0|enque_brain|engineCAM|banks_0_tags_188[10]                                  ;        ;
; pifoEngines_0|enque_brain|engineCAM|banks_0_tags_188[7]                                   ;        ;
; pifoEngines_0|enque_brain|engineCAM|banks_0_tags_188[5]                                   ;        ;
; pifoEngines_0|enque_brain|engineCAM|banks_0_tags_188[3]                                   ;        ;
; guard|emptyPifos_4_104                                                                    ;        ;
; guard|emptyPifos_2_30                                                                     ;        ;
; pifoEngines_0|enque_brain|engineCAM|banks_0_tags_188[6]                                   ;        ;
; pifoEngines_0|enque_brain|engineCAM|banks_0_tags_188[4]                                   ;        ;
; pifoEngines_0|enque_brain|engineCAM|banks_0_tags_188[0]                                   ;        ;
; pifoEngines_0|enque_brain|engineCAM|banks_0_tags_188[2]                                   ;        ;
; pifoEngines_0|enque_brain|engineCAM|banks_0_tags_188[1]                                   ;        ;
; pifoEngines_0|enque_brain|engineCAM|banks_0_tags_188[14]                                  ;        ;
; pifoEngines_0|enque_brain|engineCAM|banks_0_tags_188[13]                                  ;        ;
; pifoEngines_0|enque_brain|engineCAM|banks_0_tags_188[12]                                  ;        ;
; pifoEngines_0|enque_brain|engineCAM|banks_0_tags_188[11]                                  ;        ;
; pifoEngines_0|enque_brain|engineCAM|banks_0_tags_188[16]                                  ;        ;
; guard|emptyPifos_2_28                                                                     ;        ;
; pifoEngines_0|enque_brain|engineCAM|banks_0_tags_188[15]                                  ;        ;
; pifoEngines_0|enque_brain|engineCAM|banks_0_valid_188                                     ;        ;
; pifoEngines_0|enque_brain|engineCAM|banks_0_valid_189                                     ;        ;
; pifoEngines_0|enque_brain|engineCAM|banks_0_tags_192[9]                                   ;        ;
; pifoEngines_0|enque_brain|engineCAM|banks_0_tags_192[8]                                   ;        ;
; pifoEngines_0|enque_brain|engineCAM|banks_0_tags_192[10]                                  ;        ;
; pifoEngines_0|enque_brain|engineCAM|banks_0_tags_192[7]                                   ;        ;
; pifoEngines_0|enque_brain|engineCAM|banks_0_tags_192[5]                                   ;        ;
; pifoEngines_0|enque_brain|engineCAM|banks_0_tags_192[3]                                   ;        ;
; pifoEngines_0|enque_brain|engineCAM|banks_0_tags_192[6]                                   ;        ;
; guard|emptyPifos_2_11                                                                     ;        ;
; pifoEngines_0|enque_brain|engineCAM|banks_0_tags_192[4]                                   ;        ;
; pifoEngines_0|enque_brain|engineCAM|banks_0_tags_192[0]                                   ;        ;
; pifoEngines_0|enque_brain|engineCAM|banks_0_tags_192[2]                                   ;        ;
; pifoEngines_0|enque_brain|engineCAM|banks_0_tags_192[1]                                   ;        ;
; pifoEngines_0|enque_brain|engineCAM|banks_0_tags_192[14]                                  ;        ;
; pifoEngines_0|enque_brain|engineCAM|banks_0_tags_192[13]                                  ;        ;
; pifoEngines_0|enque_brain|engineCAM|banks_0_tags_192[12]                                  ;        ;
; pifoEngines_0|enque_brain|engineCAM|banks_0_tags_192[11]                                  ;        ;
; pifoEngines_0|enque_brain|engineCAM|banks_0_tags_192[16]                                  ;        ;
; pifoEngines_0|enque_brain|engineCAM|banks_0_tags_192[15]                                  ;        ;
; guard|emptyPifos_2_8                                                                      ;        ;
; pifoEngines_0|enque_brain|engineCAM|banks_0_valid_192                                     ;        ;
; pifoEngines_0|enque_brain|engineCAM|banks_0_valid_193                                     ;        ;
; pifoEngines_0|enque_brain|engineCAM|banks_0_valid_195                                     ;        ;
; pifoEngines_0|enque_brain|engineCAM|banks_0_valid_196                                     ;        ;
; pifoEngines_0|enque_brain|engineCAM|banks_0_tags_196[15]                                  ;        ;
; pifoEngines_0|enque_brain|engineCAM|banks_0_tags_198[15]                                  ;        ;
; pifoEngines_0|enque_brain|engineCAM|banks_0_tags_202[9]                                   ;        ;
; pifoEngines_0|enque_brain|engineCAM|banks_0_tags_202[8]                                   ;        ;
; pifoEngines_0|enque_brain|engineCAM|banks_0_tags_202[10]                                  ;        ;
; pifoEngines_0|enque_brain|engineCAM|banks_0_tags_202[7]                                   ;        ;
; guard|emptyPifos_2_9                                                                      ;        ;
; pifoEngines_0|enque_brain|engineCAM|banks_0_tags_202[0]                                   ;        ;
; pifoEngines_0|enque_brain|engineCAM|banks_0_valid_202                                     ;        ;
; pifoEngines_0|enque_brain|engineCAM|banks_0_tags_202[2]                                   ;        ;
; pifoEngines_0|enque_brain|engineCAM|banks_0_tags_202[1]                                   ;        ;
; pifoEngines_0|enque_brain|engineCAM|banks_0_tags_202[14]                                  ;        ;
; pifoEngines_0|enque_brain|engineCAM|banks_0_tags_202[13]                                  ;        ;
; pifoEngines_0|enque_brain|engineCAM|banks_0_tags_202[12]                                  ;        ;
; pifoEngines_0|enque_brain|engineCAM|banks_0_tags_202[11]                                  ;        ;
; pifoEngines_0|enque_brain|engineCAM|banks_0_tags_202[16]                                  ;        ;
; pifoEngines_0|enque_brain|engineCAM|banks_0_tags_202[15]                                  ;        ;
; guard|emptyPifos_2_19                                                                     ;        ;
; pifoEngines_0|enque_brain|engineCAM|banks_0_tags_202[4]                                   ;        ;
; pifoEngines_0|enque_brain|engineCAM|banks_0_tags_201[9]                                   ;        ;
; pifoEngines_0|enque_brain|engineCAM|banks_0_tags_201[8]                                   ;        ;
; pifoEngines_0|enque_brain|engineCAM|banks_0_tags_201[10]                                  ;        ;
; pifoEngines_0|enque_brain|engineCAM|banks_0_tags_201[7]                                   ;        ;
; pifoEngines_0|enque_brain|engineCAM|banks_0_tags_201[5]                                   ;        ;
; pifoEngines_0|enque_brain|engineCAM|banks_0_tags_201[3]                                   ;        ;
; pifoEngines_0|enque_brain|engineCAM|banks_0_tags_201[6]                                   ;        ;
; pifoEngines_0|enque_brain|engineCAM|banks_0_tags_201[4]                                   ;        ;
; pifoEngines_0|enque_brain|engineCAM|banks_0_tags_203[9]                                   ;        ;
; guard|emptyPifos_2_16                                                                     ;        ;
; pifoEngines_0|enque_brain|engineCAM|banks_0_tags_203[8]                                   ;        ;
; pifoEngines_0|enque_brain|engineCAM|banks_0_tags_203[10]                                  ;        ;
; pifoEngines_0|enque_brain|engineCAM|banks_0_tags_203[7]                                   ;        ;
; pifoEngines_0|enque_brain|engineCAM|banks_0_tags_203[0]                                   ;        ;
; pifoEngines_0|enque_brain|engineCAM|banks_0_valid_203                                     ;        ;
; pifoEngines_0|enque_brain|engineCAM|banks_0_tags_203[2]                                   ;        ;
; pifoEngines_0|enque_brain|engineCAM|banks_0_tags_203[1]                                   ;        ;
; pifoEngines_0|enque_brain|engineCAM|banks_0_tags_203[14]                                  ;        ;
; pifoEngines_0|enque_brain|engineCAM|banks_0_tags_203[13]                                  ;        ;
; pifoEngines_0|enque_brain|engineCAM|banks_0_tags_203[12]                                  ;        ;
; guard|emptyPifos_2_17                                                                     ;        ;
; pifoEngines_0|enque_brain|engineCAM|banks_0_tags_203[11]                                  ;        ;
; pifoEngines_0|enque_brain|engineCAM|banks_0_tags_203[16]                                  ;        ;
; pifoEngines_0|enque_brain|engineCAM|banks_0_tags_203[15]                                  ;        ;
; pifoEngines_0|enque_brain|engineCAM|banks_0_tags_203[4]                                   ;        ;
; pifoEngines_0|enque_brain|engineCAM|banks_0_tags_201[15]                                  ;        ;
; pifoEngines_0|enque_brain|engineCAM|banks_0_tags_199[9]                                   ;        ;
; pifoEngines_0|enque_brain|engineCAM|banks_0_tags_199[8]                                   ;        ;
; pifoEngines_0|enque_brain|engineCAM|banks_0_tags_199[10]                                  ;        ;
; pifoEngines_0|enque_brain|engineCAM|banks_0_tags_199[7]                                   ;        ;
; pifoEngines_0|enque_brain|engineCAM|banks_0_tags_199[0]                                   ;        ;
; guard|emptyPifos_2_23                                                                     ;        ;
; pifoEngines_0|enque_brain|engineCAM|banks_0_valid_199                                     ;        ;
; pifoEngines_0|enque_brain|engineCAM|banks_0_tags_199[2]                                   ;        ;
; pifoEngines_0|enque_brain|engineCAM|banks_0_tags_199[1]                                   ;        ;
; pifoEngines_0|enque_brain|engineCAM|banks_0_tags_199[14]                                  ;        ;
; pifoEngines_0|enque_brain|engineCAM|banks_0_tags_199[13]                                  ;        ;
; pifoEngines_0|enque_brain|engineCAM|banks_0_tags_199[12]                                  ;        ;
; pifoEngines_0|enque_brain|engineCAM|banks_0_tags_199[11]                                  ;        ;
; pifoEngines_0|enque_brain|engineCAM|banks_0_tags_199[16]                                  ;        ;
; pifoEngines_0|enque_brain|engineCAM|banks_0_tags_199[15]                                  ;        ;
; pifoEngines_0|enque_brain|engineCAM|banks_0_tags_199[4]                                   ;        ;
; guard|emptyPifos_2_21                                                                     ;        ;
; pifoEngines_0|enque_brain|engineCAM|banks_0_tags_197[9]                                   ;        ;
; pifoEngines_0|enque_brain|engineCAM|banks_0_tags_197[8]                                   ;        ;
; pifoEngines_0|enque_brain|engineCAM|banks_0_tags_197[10]                                  ;        ;
; pifoEngines_0|enque_brain|engineCAM|banks_0_tags_197[7]                                   ;        ;
; pifoEngines_0|enque_brain|engineCAM|banks_0_tags_197[0]                                   ;        ;
; pifoEngines_0|enque_brain|engineCAM|banks_0_valid_197                                     ;        ;
; pifoEngines_0|enque_brain|engineCAM|banks_0_tags_197[2]                                   ;        ;
; pifoEngines_0|enque_brain|engineCAM|banks_0_tags_197[1]                                   ;        ;
; pifoEngines_0|enque_brain|engineCAM|banks_0_tags_197[14]                                  ;        ;
; pifoEngines_0|enque_brain|engineCAM|banks_0_tags_197[13]                                  ;        ;
; guard|emptyPifos_4_105                                                                    ;        ;
; guard|emptyPifos_2_18                                                                     ;        ;
; pifoEngines_0|enque_brain|engineCAM|banks_0_tags_197[12]                                  ;        ;
; pifoEngines_0|enque_brain|engineCAM|banks_0_tags_197[11]                                  ;        ;
; pifoEngines_0|enque_brain|engineCAM|banks_0_tags_197[16]                                  ;        ;
; pifoEngines_0|enque_brain|engineCAM|banks_0_tags_197[15]                                  ;        ;
; pifoEngines_0|enque_brain|engineCAM|banks_0_tags_197[4]                                   ;        ;
; pifoEngines_0|enque_brain|engineCAM|banks_0_tags_194[9]                                   ;        ;
; pifoEngines_0|enque_brain|engineCAM|banks_0_tags_194[8]                                   ;        ;
; pifoEngines_0|enque_brain|engineCAM|banks_0_tags_194[10]                                  ;        ;
; pifoEngines_0|enque_brain|engineCAM|banks_0_tags_194[7]                                   ;        ;
; pifoEngines_0|enque_brain|engineCAM|banks_0_tags_194[0]                                   ;        ;
; guard|emptyPifos_2_22                                                                     ;        ;
; pifoEngines_0|enque_brain|engineCAM|banks_0_valid_194                                     ;        ;
; pifoEngines_0|enque_brain|engineCAM|banks_0_tags_194[2]                                   ;        ;
; pifoEngines_0|enque_brain|engineCAM|banks_0_tags_194[1]                                   ;        ;
; pifoEngines_0|enque_brain|engineCAM|banks_0_tags_194[14]                                  ;        ;
; pifoEngines_0|enque_brain|engineCAM|banks_0_tags_194[13]                                  ;        ;
; pifoEngines_0|enque_brain|engineCAM|banks_0_tags_194[12]                                  ;        ;
; pifoEngines_0|enque_brain|engineCAM|banks_0_tags_194[11]                                  ;        ;
; pifoEngines_0|enque_brain|engineCAM|banks_0_tags_194[16]                                  ;        ;
; pifoEngines_0|enque_brain|engineCAM|banks_0_tags_194[15]                                  ;        ;
; pifoEngines_0|enque_brain|engineCAM|banks_0_tags_194[4]                                   ;        ;
; guard|emptyPifos_2_20                                                                     ;        ;
; pifoEngines_0|enque_brain|engineCAM|banks_0_tags_193[9]                                   ;        ;
; pifoEngines_0|enque_brain|engineCAM|banks_0_tags_193[8]                                   ;        ;
; pifoEngines_0|enque_brain|engineCAM|banks_0_tags_193[10]                                  ;        ;
; pifoEngines_0|enque_brain|engineCAM|banks_0_tags_193[7]                                   ;        ;
; pifoEngines_0|enque_brain|engineCAM|banks_0_tags_193[5]                                   ;        ;
; pifoEngines_0|enque_brain|engineCAM|banks_0_tags_193[3]                                   ;        ;
; pifoEngines_0|enque_brain|engineCAM|banks_0_tags_193[6]                                   ;        ;
; pifoEngines_0|enque_brain|engineCAM|banks_0_tags_193[4]                                   ;        ;
; pifoEngines_0|enque_brain|engineCAM|banks_0_tags_195[15]                                  ;        ;
; pifoEngines_0|enque_brain|engineCAM|banks_0_tags_193[15]                                  ;        ;
; guard|emptyPifos_2_47                                                                     ;        ;
; pifoEngines_0|enque_brain|engineCAM|banks_0_tags_190[9]                                   ;        ;
; pifoEngines_0|enque_brain|engineCAM|banks_0_tags_190[8]                                   ;        ;
; pifoEngines_0|enque_brain|engineCAM|banks_0_tags_190[10]                                  ;        ;
; pifoEngines_0|enque_brain|engineCAM|banks_0_tags_190[7]                                   ;        ;
; pifoEngines_0|enque_brain|engineCAM|banks_0_tags_190[0]                                   ;        ;
; pifoEngines_0|enque_brain|engineCAM|banks_0_valid_190                                     ;        ;
; pifoEngines_0|enque_brain|engineCAM|banks_0_tags_190[2]                                   ;        ;
; pifoEngines_0|enque_brain|engineCAM|banks_0_tags_190[1]                                   ;        ;
; pifoEngines_0|enque_brain|engineCAM|banks_0_tags_190[14]                                  ;        ;
; pifoEngines_0|enque_brain|engineCAM|banks_0_tags_190[13]                                  ;        ;
; guard|emptyPifos_2_39                                                                     ;        ;
; pifoEngines_0|enque_brain|engineCAM|banks_0_tags_190[12]                                  ;        ;
; pifoEngines_0|enque_brain|engineCAM|banks_0_tags_190[11]                                  ;        ;
; pifoEngines_0|enque_brain|engineCAM|banks_0_tags_190[16]                                  ;        ;
; pifoEngines_0|enque_brain|engineCAM|banks_0_tags_190[15]                                  ;        ;
; pifoEngines_0|enque_brain|engineCAM|banks_0_tags_190[4]                                   ;        ;
; pifoEngines_0|enque_brain|engineCAM|banks_0_tags_189[9]                                   ;        ;
; pifoEngines_0|enque_brain|engineCAM|banks_0_tags_189[8]                                   ;        ;
; pifoEngines_0|enque_brain|engineCAM|banks_0_tags_189[10]                                  ;        ;
; pifoEngines_0|enque_brain|engineCAM|banks_0_tags_189[7]                                   ;        ;
; pifoEngines_0|enque_brain|engineCAM|banks_0_tags_189[5]                                   ;        ;
; guard|emptyPifos_2_42                                                                     ;        ;
; pifoEngines_0|enque_brain|engineCAM|banks_0_tags_189[3]                                   ;        ;
; pifoEngines_0|enque_brain|engineCAM|banks_0_tags_189[6]                                   ;        ;
; pifoEngines_0|enque_brain|engineCAM|banks_0_tags_189[4]                                   ;        ;
; pifoEngines_0|enque_brain|engineCAM|banks_0_tags_191[9]                                   ;        ;
; pifoEngines_0|enque_brain|engineCAM|banks_0_tags_191[8]                                   ;        ;
; pifoEngines_0|enque_brain|engineCAM|banks_0_tags_191[10]                                  ;        ;
; pifoEngines_0|enque_brain|engineCAM|banks_0_tags_191[7]                                   ;        ;
; pifoEngines_0|enque_brain|engineCAM|banks_0_tags_191[0]                                   ;        ;
; pifoEngines_0|enque_brain|engineCAM|banks_0_valid_191                                     ;        ;
; pifoEngines_0|enque_brain|engineCAM|banks_0_tags_191[2]                                   ;        ;
; guard|emptyPifos_2_43                                                                     ;        ;
; pifoEngines_0|enque_brain|engineCAM|banks_0_tags_191[1]                                   ;        ;
; pifoEngines_0|enque_brain|engineCAM|banks_0_tags_191[14]                                  ;        ;
; pifoEngines_0|enque_brain|engineCAM|banks_0_tags_191[13]                                  ;        ;
; pifoEngines_0|enque_brain|engineCAM|banks_0_tags_191[12]                                  ;        ;
; pifoEngines_0|enque_brain|engineCAM|banks_0_tags_191[11]                                  ;        ;
; pifoEngines_0|enque_brain|engineCAM|banks_0_tags_191[16]                                  ;        ;
; pifoEngines_0|enque_brain|engineCAM|banks_0_tags_191[15]                                  ;        ;
; pifoEngines_0|enque_brain|engineCAM|banks_0_tags_191[4]                                   ;        ;
; pifoEngines_0|enque_brain|engineCAM|banks_0_tags_189[15]                                  ;        ;
; pifoEngines_0|enque_brain|engineCAM|banks_0_tags_176[9]                                   ;        ;
; guard|emptyPifos_2_35                                                                     ;        ;
; pifoEngines_0|enque_brain|engineCAM|banks_0_tags_176[8]                                   ;        ;
; pifoEngines_0|enque_brain|engineCAM|banks_0_tags_176[10]                                  ;        ;
; pifoEngines_0|enque_brain|engineCAM|banks_0_tags_176[7]                                   ;        ;
; pifoEngines_0|enque_brain|engineCAM|banks_0_tags_176[5]                                   ;        ;
; pifoEngines_0|enque_brain|engineCAM|banks_0_tags_176[3]                                   ;        ;
; pifoEngines_0|enque_brain|engineCAM|banks_0_tags_176[6]                                   ;        ;
; pifoEngines_0|enque_brain|engineCAM|banks_0_tags_176[4]                                   ;        ;
; pifoEngines_0|enque_brain|engineCAM|banks_0_tags_176[0]                                   ;        ;
; pifoEngines_0|enque_brain|engineCAM|banks_0_tags_176[2]                                   ;        ;
; pifoEngines_0|enque_brain|engineCAM|banks_0_tags_176[1]                                   ;        ;
; guard|emptyPifos_2_44                                                                     ;        ;
; pifoEngines_0|enque_brain|engineCAM|banks_0_tags_176[14]                                  ;        ;
; pifoEngines_0|enque_brain|engineCAM|banks_0_tags_176[13]                                  ;        ;
; pifoEngines_0|enque_brain|engineCAM|banks_0_tags_176[12]                                  ;        ;
; pifoEngines_0|enque_brain|engineCAM|banks_0_tags_176[11]                                  ;        ;
; pifoEngines_0|enque_brain|engineCAM|banks_0_tags_176[16]                                  ;        ;
; pifoEngines_0|enque_brain|engineCAM|banks_0_valid_161                                     ;        ;
; pifoEngines_0|enque_brain|engineCAM|banks_0_valid_163                                     ;        ;
; pifoEngines_0|enque_brain|engineCAM|banks_0_valid_166                                     ;        ;
; pifoEngines_0|enque_brain|engineCAM|banks_0_tags_168[9]                                   ;        ;
; pifoEngines_0|enque_brain|engineCAM|banks_0_tags_168[8]                                   ;        ;
; guard|emptyPifos_2_32                                                                     ;        ;
; pifoEngines_0|enque_brain|engineCAM|banks_0_tags_168[10]                                  ;        ;
; pifoEngines_0|enque_brain|engineCAM|banks_0_tags_168[7]                                   ;        ;
; pifoEngines_0|enque_brain|engineCAM|banks_0_tags_168[5]                                   ;        ;
; pifoEngines_0|enque_brain|engineCAM|banks_0_tags_168[3]                                   ;        ;
; pifoEngines_0|enque_brain|engineCAM|banks_0_tags_168[6]                                   ;        ;
; pifoEngines_0|enque_brain|engineCAM|banks_0_tags_168[4]                                   ;        ;
; pifoEngines_0|enque_brain|engineCAM|banks_0_tags_168[0]                                   ;        ;
; pifoEngines_0|enque_brain|engineCAM|banks_0_tags_168[2]                                   ;        ;
; pifoEngines_0|enque_brain|engineCAM|banks_0_tags_168[1]                                   ;        ;
; pifoEngines_0|enque_brain|engineCAM|banks_0_tags_168[14]                                  ;        ;
; guard|emptyPifos_4_123                                                                    ;        ;
; guard|emptyPifos_2_36                                                                     ;        ;
; pifoEngines_0|enque_brain|engineCAM|banks_0_tags_168[13]                                  ;        ;
; pifoEngines_0|enque_brain|engineCAM|banks_0_tags_168[12]                                  ;        ;
; pifoEngines_0|enque_brain|engineCAM|banks_0_tags_168[11]                                  ;        ;
; pifoEngines_0|enque_brain|engineCAM|banks_0_tags_168[16]                                  ;        ;
; pifoEngines_0|enque_brain|engineCAM|banks_0_tags_168[15]                                  ;        ;
; pifoEngines_0|enque_brain|engineCAM|banks_0_valid_168                                     ;        ;
; pifoEngines_0|enque_brain|engineCAM|banks_0_valid_169                                     ;        ;
; pifoEngines_0|enque_brain|engineCAM|banks_0_tags_172[9]                                   ;        ;
; pifoEngines_0|enque_brain|engineCAM|banks_0_tags_172[8]                                   ;        ;
; pifoEngines_0|enque_brain|engineCAM|banks_0_tags_172[10]                                  ;        ;
; guard|emptyPifos_2_45                                                                     ;        ;
; pifoEngines_0|enque_brain|engineCAM|banks_0_tags_172[7]                                   ;        ;
; pifoEngines_0|enque_brain|engineCAM|banks_0_tags_172[5]                                   ;        ;
; pifoEngines_0|enque_brain|engineCAM|banks_0_tags_172[3]                                   ;        ;
; pifoEngines_0|enque_brain|engineCAM|banks_0_tags_172[6]                                   ;        ;
; pifoEngines_0|enque_brain|engineCAM|banks_0_tags_172[4]                                   ;        ;
; pifoEngines_0|enque_brain|engineCAM|banks_0_tags_172[0]                                   ;        ;
; pifoEngines_0|enque_brain|engineCAM|banks_0_tags_172[2]                                   ;        ;
; pifoEngines_0|enque_brain|engineCAM|banks_0_tags_172[1]                                   ;        ;
; pifoEngines_0|enque_brain|engineCAM|banks_0_tags_172[14]                                  ;        ;
; pifoEngines_0|enque_brain|engineCAM|banks_0_tags_172[13]                                  ;        ;
; guard|emptyPifos_2_37                                                                     ;        ;
; pifoEngines_0|enque_brain|engineCAM|banks_0_tags_172[12]                                  ;        ;
; pifoEngines_0|enque_brain|engineCAM|banks_0_tags_172[11]                                  ;        ;
; pifoEngines_0|enque_brain|engineCAM|banks_0_tags_172[16]                                  ;        ;
; pifoEngines_0|enque_brain|engineCAM|banks_0_tags_172[15]                                  ;        ;
; pifoEngines_0|enque_brain|engineCAM|banks_0_valid_172                                     ;        ;
; pifoEngines_0|enque_brain|engineCAM|banks_0_valid_173                                     ;        ;
; pifoEngines_0|enque_brain|engineCAM|banks_0_valid_174                                     ;        ;
; pifoEngines_0|enque_brain|engineCAM|banks_0_valid_175                                     ;        ;
; pifoEngines_0|enque_brain|engineCAM|banks_0_valid_176                                     ;        ;
; pifoEngines_0|enque_brain|engineCAM|banks_0_tags_176[15]                                  ;        ;
; guard|emptyPifos_2_40                                                                     ;        ;
; pifoEngines_0|enque_brain|engineCAM|banks_0_tags_184[15]                                  ;        ;
; pifoEngines_0|enque_brain|engineCAM|banks_0_tags_186[9]                                   ;        ;
; pifoEngines_0|enque_brain|engineCAM|banks_0_tags_186[8]                                   ;        ;
; pifoEngines_0|enque_brain|engineCAM|banks_0_tags_186[10]                                  ;        ;
; pifoEngines_0|enque_brain|engineCAM|banks_0_tags_186[7]                                   ;        ;
; pifoEngines_0|enque_brain|engineCAM|banks_0_tags_186[0]                                   ;        ;
; pifoEngines_0|enque_brain|engineCAM|banks_0_valid_186                                     ;        ;
; pifoEngines_0|enque_brain|engineCAM|banks_0_tags_186[2]                                   ;        ;
; pifoEngines_0|enque_brain|engineCAM|banks_0_tags_186[1]                                   ;        ;
; pifoEngines_0|enque_brain|engineCAM|banks_0_tags_186[14]                                  ;        ;
; guard|emptyPifos_2_41                                                                     ;        ;
; pifoEngines_0|enque_brain|engineCAM|banks_0_tags_186[13]                                  ;        ;
; pifoEngines_0|enque_brain|engineCAM|banks_0_tags_186[12]                                  ;        ;
; pifoEngines_0|enque_brain|engineCAM|banks_0_tags_186[11]                                  ;        ;
; pifoEngines_0|enque_brain|engineCAM|banks_0_tags_186[16]                                  ;        ;
; pifoEngines_0|enque_brain|engineCAM|banks_0_tags_186[15]                                  ;        ;
; pifoEngines_0|enque_brain|engineCAM|banks_0_tags_186[4]                                   ;        ;
; pifoEngines_0|enque_brain|engineCAM|banks_0_tags_185[9]                                   ;        ;
; pifoEngines_0|enque_brain|engineCAM|banks_0_tags_185[8]                                   ;        ;
; pifoEngines_0|enque_brain|engineCAM|banks_0_tags_185[10]                                  ;        ;
; pifoEngines_0|enque_brain|engineCAM|banks_0_tags_185[7]                                   ;        ;
; guard|emptyPifos_2_33                                                                     ;        ;
; pifoEngines_0|enque_brain|engineCAM|banks_0_tags_185[5]                                   ;        ;
; pifoEngines_0|enque_brain|engineCAM|banks_0_tags_185[3]                                   ;        ;
; pifoEngines_0|enque_brain|engineCAM|banks_0_tags_185[6]                                   ;        ;
; pifoEngines_0|enque_brain|engineCAM|banks_0_tags_185[4]                                   ;        ;
; pifoEngines_0|enque_brain|engineCAM|banks_0_tags_187[9]                                   ;        ;
; pifoEngines_0|enque_brain|engineCAM|banks_0_tags_187[8]                                   ;        ;
; pifoEngines_0|enque_brain|engineCAM|banks_0_tags_187[10]                                  ;        ;
; pifoEngines_0|enque_brain|engineCAM|banks_0_tags_187[7]                                   ;        ;
; pifoEngines_0|enque_brain|engineCAM|banks_0_tags_187[0]                                   ;        ;
; pifoEngines_0|enque_brain|engineCAM|banks_0_valid_187                                     ;        ;
; guard|emptyPifos_2_62                                                                     ;        ;
; pifoEngines_0|enque_brain|engineCAM|banks_0_tags_187[2]                                   ;        ;
; pifoEngines_0|enque_brain|engineCAM|banks_0_tags_187[1]                                   ;        ;
; pifoEngines_0|enque_brain|engineCAM|banks_0_tags_187[14]                                  ;        ;
; pifoEngines_0|enque_brain|engineCAM|banks_0_tags_187[13]                                  ;        ;
; pifoEngines_0|enque_brain|engineCAM|banks_0_tags_187[12]                                  ;        ;
; pifoEngines_0|enque_brain|engineCAM|banks_0_tags_187[11]                                  ;        ;
; pifoEngines_0|enque_brain|engineCAM|banks_0_tags_187[16]                                  ;        ;
; pifoEngines_0|enque_brain|engineCAM|banks_0_tags_187[15]                                  ;        ;
; pifoEngines_0|enque_brain|engineCAM|banks_0_tags_187[4]                                   ;        ;
; pifoEngines_0|enque_brain|engineCAM|banks_0_tags_185[15]                                  ;        ;
; guard|emptyPifos_2_50                                                                     ;        ;
; pifoEngines_0|enque_brain|engineCAM|banks_0_tags_182[15]                                  ;        ;
; pifoEngines_0|enque_brain|engineCAM|banks_0_tags_183[15]                                  ;        ;
; pifoEngines_0|enque_brain|engineCAM|banks_0_tags_181[15]                                  ;        ;
; pifoEngines_0|enque_brain|engineCAM|banks_0_tags_178[9]                                   ;        ;
; pifoEngines_0|enque_brain|engineCAM|banks_0_tags_178[8]                                   ;        ;
; pifoEngines_0|enque_brain|engineCAM|banks_0_tags_178[10]                                  ;        ;
; pifoEngines_0|enque_brain|engineCAM|banks_0_tags_178[7]                                   ;        ;
; pifoEngines_0|enque_brain|engineCAM|banks_0_tags_178[0]                                   ;        ;
; pifoEngines_0|enque_brain|engineCAM|banks_0_valid_178                                     ;        ;
; pifoEngines_0|enque_brain|engineCAM|banks_0_tags_178[2]                                   ;        ;
; guard|emptyPifos_2_54                                                                     ;        ;
; pifoEngines_0|enque_brain|engineCAM|banks_0_tags_178[1]                                   ;        ;
; pifoEngines_0|enque_brain|engineCAM|banks_0_tags_178[14]                                  ;        ;
; pifoEngines_0|enque_brain|engineCAM|banks_0_tags_178[13]                                  ;        ;
; pifoEngines_0|enque_brain|engineCAM|banks_0_tags_178[12]                                  ;        ;
; pifoEngines_0|enque_brain|engineCAM|banks_0_tags_178[11]                                  ;        ;
; pifoEngines_0|enque_brain|engineCAM|banks_0_tags_178[16]                                  ;        ;
; pifoEngines_0|enque_brain|engineCAM|banks_0_tags_178[15]                                  ;        ;
; pifoEngines_0|enque_brain|engineCAM|banks_0_tags_178[4]                                   ;        ;
; pifoEngines_0|enque_brain|engineCAM|banks_0_tags_177[9]                                   ;        ;
; pifoEngines_0|enque_brain|engineCAM|banks_0_tags_177[8]                                   ;        ;
; guard|emptyPifos_2_63                                                                     ;        ;
; pifoEngines_0|enque_brain|engineCAM|banks_0_tags_177[10]                                  ;        ;
; pifoEngines_0|enque_brain|engineCAM|banks_0_tags_177[7]                                   ;        ;
; pifoEngines_0|enque_brain|engineCAM|banks_0_tags_177[5]                                   ;        ;
; pifoEngines_0|enque_brain|engineCAM|banks_0_tags_177[3]                                   ;        ;
; pifoEngines_0|enque_brain|engineCAM|banks_0_tags_177[6]                                   ;        ;
; pifoEngines_0|enque_brain|engineCAM|banks_0_tags_177[4]                                   ;        ;
; pifoEngines_0|enque_brain|engineCAM|banks_0_tags_179[9]                                   ;        ;
; pifoEngines_0|enque_brain|engineCAM|banks_0_tags_179[8]                                   ;        ;
; pifoEngines_0|enque_brain|engineCAM|banks_0_tags_179[10]                                  ;        ;
; pifoEngines_0|enque_brain|engineCAM|banks_0_tags_179[7]                                   ;        ;
; guard|emptyPifos_4_121                                                                    ;        ;
; guard|emptyPifos_2_55                                                                     ;        ;
; pifoEngines_0|enque_brain|engineCAM|banks_0_tags_179[0]                                   ;        ;
; pifoEngines_0|enque_brain|engineCAM|banks_0_valid_179                                     ;        ;
; pifoEngines_0|enque_brain|engineCAM|banks_0_tags_179[2]                                   ;        ;
; pifoEngines_0|enque_brain|engineCAM|banks_0_tags_179[1]                                   ;        ;
; pifoEngines_0|enque_brain|engineCAM|banks_0_tags_179[14]                                  ;        ;
; pifoEngines_0|enque_brain|engineCAM|banks_0_tags_179[13]                                  ;        ;
; pifoEngines_0|enque_brain|engineCAM|banks_0_tags_179[12]                                  ;        ;
; pifoEngines_0|enque_brain|engineCAM|banks_0_tags_179[11]                                  ;        ;
; pifoEngines_0|enque_brain|engineCAM|banks_0_tags_179[16]                                  ;        ;
; pifoEngines_0|enque_brain|engineCAM|banks_0_tags_179[15]                                  ;        ;
; guard|emptyPifos_2_58                                                                     ;        ;
; pifoEngines_0|enque_brain|engineCAM|banks_0_tags_179[4]                                   ;        ;
; pifoEngines_0|enque_brain|engineCAM|banks_0_tags_177[15]                                  ;        ;
; pifoEngines_0|enque_brain|engineCAM|banks_0_tags_174[15]                                  ;        ;
; pifoEngines_0|enque_brain|engineCAM|banks_0_tags_175[15]                                  ;        ;
; pifoEngines_0|enque_brain|engineCAM|banks_0_tags_173[15]                                  ;        ;
; pifoEngines_0|enque_brain|engineCAM|banks_0_tags_128[9]                                   ;        ;
; pifoEngines_0|enque_brain|engineCAM|banks_0_tags_128[8]                                   ;        ;
; pifoEngines_0|enque_brain|engineCAM|banks_0_tags_128[10]                                  ;        ;
; pifoEngines_0|enque_brain|engineCAM|banks_0_tags_128[7]                                   ;        ;
; pifoEngines_0|enque_brain|engineCAM|banks_0_tags_128[5]                                   ;        ;
; guard|emptyPifos_2_59                                                                     ;        ;
; pifoEngines_0|enque_brain|engineCAM|banks_0_tags_128[3]                                   ;        ;
; pifoEngines_0|enque_brain|engineCAM|banks_0_tags_128[6]                                   ;        ;
; pifoEngines_0|enque_brain|engineCAM|banks_0_tags_128[4]                                   ;        ;
; pifoEngines_0|enque_brain|engineCAM|banks_0_tags_128[0]                                   ;        ;
; pifoEngines_0|enque_brain|engineCAM|banks_0_tags_128[2]                                   ;        ;
; pifoEngines_0|enque_brain|engineCAM|banks_0_tags_128[1]                                   ;        ;
; pifoEngines_0|enque_brain|engineCAM|banks_0_tags_128[14]                                  ;        ;
; pifoEngines_0|enque_brain|engineCAM|banks_0_tags_128[13]                                  ;        ;
; pifoEngines_0|enque_brain|engineCAM|banks_0_tags_128[12]                                  ;        ;
; pifoEngines_0|enque_brain|engineCAM|banks_0_tags_128[11]                                  ;        ;
; guard|emptyPifos_2_51                                                                     ;        ;
; pifoEngines_0|enque_brain|engineCAM|banks_0_tags_128[16]                                  ;        ;
; pifoEngines_0|enque_brain|engineCAM|banks_0_tags_128[15]                                  ;        ;
; pifoEngines_0|enque_brain|engineCAM|banks_0_valid_128                                     ;        ;
; pifoEngines_0|enque_brain|engineCAM|banks_0_valid_129                                     ;        ;
; pifoEngines_0|enque_brain|engineCAM|banks_0_valid_131                                     ;        ;
; pifoEngines_0|enque_brain|engineCAM|banks_0_valid_134                                     ;        ;
; pifoEngines_0|enque_brain|engineCAM|banks_0_valid_142                                     ;        ;
; pifoEngines_0|enque_brain|engineCAM|banks_0_tags_144[9]                                   ;        ;
; pifoEngines_0|enque_brain|engineCAM|banks_0_tags_144[8]                                   ;        ;
; pifoEngines_0|enque_brain|engineCAM|banks_0_tags_144[10]                                  ;        ;
; guard|emptyPifos_2_46                                                                     ;        ;
; pifoEngines_0|enque_brain|engineCAM|banks_0_tags_144[7]                                   ;        ;
; pifoEngines_0|enque_brain|engineCAM|banks_0_tags_144[5]                                   ;        ;
; pifoEngines_0|enque_brain|engineCAM|banks_0_tags_144[3]                                   ;        ;
; pifoEngines_0|enque_brain|engineCAM|banks_0_tags_144[6]                                   ;        ;
; pifoEngines_0|enque_brain|engineCAM|banks_0_tags_144[4]                                   ;        ;
; pifoEngines_0|enque_brain|engineCAM|banks_0_tags_144[0]                                   ;        ;
; pifoEngines_0|enque_brain|engineCAM|banks_0_tags_144[2]                                   ;        ;
; pifoEngines_0|enque_brain|engineCAM|banks_0_tags_144[1]                                   ;        ;
; pifoEngines_0|enque_brain|engineCAM|banks_0_tags_144[14]                                  ;        ;
; pifoEngines_0|enque_brain|engineCAM|banks_0_tags_144[13]                                  ;        ;
; guard|emptyPifos_2_34                                                                     ;        ;
; pifoEngines_0|enque_brain|engineCAM|banks_0_tags_144[12]                                  ;        ;
; pifoEngines_0|enque_brain|engineCAM|banks_0_tags_144[11]                                  ;        ;
; pifoEngines_0|enque_brain|engineCAM|banks_0_tags_144[16]                                  ;        ;
; pifoEngines_0|enque_brain|engineCAM|banks_0_tags_144[15]                                  ;        ;
; pifoEngines_0|enque_brain|engineCAM|banks_0_valid_144                                     ;        ;
; pifoEngines_0|enque_brain|engineCAM|banks_0_valid_145                                     ;        ;
; pifoEngines_0|enque_brain|engineCAM|banks_0_tags_148[9]                                   ;        ;
; pifoEngines_0|enque_brain|engineCAM|banks_0_tags_148[8]                                   ;        ;
; pifoEngines_0|enque_brain|engineCAM|banks_0_tags_148[10]                                  ;        ;
; pifoEngines_0|enque_brain|engineCAM|banks_0_tags_148[7]                                   ;        ;
; guard|emptyPifos_2_38                                                                     ;        ;
; pifoEngines_0|enque_brain|engineCAM|banks_0_tags_148[5]                                   ;        ;
; pifoEngines_0|enque_brain|engineCAM|banks_0_tags_148[3]                                   ;        ;
; pifoEngines_0|enque_brain|engineCAM|banks_0_tags_148[6]                                   ;        ;
; pifoEngines_0|enque_brain|engineCAM|banks_0_tags_148[4]                                   ;        ;
; pifoEngines_0|enque_brain|engineCAM|banks_0_tags_148[0]                                   ;        ;
; pifoEngines_0|enque_brain|engineCAM|banks_0_tags_148[2]                                   ;        ;
; pifoEngines_0|enque_brain|engineCAM|banks_0_tags_148[1]                                   ;        ;
; pifoEngines_0|enque_brain|engineCAM|banks_0_tags_148[14]                                  ;        ;
; pifoEngines_0|enque_brain|engineCAM|banks_0_tags_148[13]                                  ;        ;
; pifoEngines_0|enque_brain|engineCAM|banks_0_tags_148[12]                                  ;        ;
; guard|emptyPifos_2_60                                                                     ;        ;
; pifoEngines_0|enque_brain|engineCAM|banks_0_tags_148[11]                                  ;        ;
; pifoEngines_0|enque_brain|engineCAM|banks_0_tags_148[16]                                  ;        ;
; pifoEngines_0|enque_brain|engineCAM|banks_0_tags_148[15]                                  ;        ;
; pifoEngines_0|enque_brain|engineCAM|banks_0_valid_148                                     ;        ;
; pifoEngines_0|enque_brain|engineCAM|banks_0_valid_150                                     ;        ;
; pifoEngines_0|enque_brain|engineCAM|banks_0_tags_152[9]                                   ;        ;
; pifoEngines_0|enque_brain|engineCAM|banks_0_tags_152[8]                                   ;        ;
; pifoEngines_0|enque_brain|engineCAM|banks_0_tags_152[10]                                  ;        ;
; pifoEngines_0|enque_brain|engineCAM|banks_0_tags_152[7]                                   ;        ;
; pifoEngines_0|enque_brain|engineCAM|banks_0_tags_152[5]                                   ;        ;
; guard|emptyPifos_2_48                                                                     ;        ;
; pifoEngines_0|enque_brain|engineCAM|banks_0_tags_152[3]                                   ;        ;
; pifoEngines_0|enque_brain|engineCAM|banks_0_tags_152[6]                                   ;        ;
; pifoEngines_0|enque_brain|engineCAM|banks_0_tags_152[4]                                   ;        ;
; pifoEngines_0|enque_brain|engineCAM|banks_0_tags_152[0]                                   ;        ;
; pifoEngines_0|enque_brain|engineCAM|banks_0_tags_152[2]                                   ;        ;
; pifoEngines_0|enque_brain|engineCAM|banks_0_tags_152[1]                                   ;        ;
; pifoEngines_0|enque_brain|engineCAM|banks_0_tags_152[14]                                  ;        ;
; pifoEngines_0|enque_brain|engineCAM|banks_0_tags_152[13]                                  ;        ;
; pifoEngines_0|enque_brain|engineCAM|banks_0_tags_152[12]                                  ;        ;
; pifoEngines_0|enque_brain|engineCAM|banks_0_tags_152[11]                                  ;        ;
; guard|emptyPifos_2_52                                                                     ;        ;
; pifoEngines_0|enque_brain|engineCAM|banks_0_tags_152[16]                                  ;        ;
; pifoEngines_0|enque_brain|engineCAM|banks_0_tags_152[15]                                  ;        ;
; pifoEngines_0|enque_brain|engineCAM|banks_0_valid_152                                     ;        ;
; pifoEngines_0|enque_brain|engineCAM|banks_0_valid_153                                     ;        ;
; pifoEngines_0|enque_brain|engineCAM|banks_0_tags_156[9]                                   ;        ;
; pifoEngines_0|enque_brain|engineCAM|banks_0_tags_156[8]                                   ;        ;
; pifoEngines_0|enque_brain|engineCAM|banks_0_tags_156[10]                                  ;        ;
; pifoEngines_0|enque_brain|engineCAM|banks_0_tags_156[7]                                   ;        ;
; pifoEngines_0|enque_brain|engineCAM|banks_0_tags_156[5]                                   ;        ;
; pifoEngines_0|enque_brain|engineCAM|banks_0_tags_156[3]                                   ;        ;
; guard|emptyPifos_4_106                                                                    ;        ;
; guard|emptyPifos_2_61                                                                     ;        ;
; pifoEngines_0|enque_brain|engineCAM|banks_0_tags_156[6]                                   ;        ;
; pifoEngines_0|enque_brain|engineCAM|banks_0_tags_156[4]                                   ;        ;
; pifoEngines_0|enque_brain|engineCAM|banks_0_tags_156[0]                                   ;        ;
; pifoEngines_0|enque_brain|engineCAM|banks_0_tags_156[2]                                   ;        ;
; pifoEngines_0|enque_brain|engineCAM|banks_0_tags_156[1]                                   ;        ;
; pifoEngines_0|enque_brain|engineCAM|banks_0_tags_156[14]                                  ;        ;
; pifoEngines_0|enque_brain|engineCAM|banks_0_tags_156[13]                                  ;        ;
; pifoEngines_0|enque_brain|engineCAM|banks_0_tags_156[12]                                  ;        ;
; pifoEngines_0|enque_brain|engineCAM|banks_0_tags_156[11]                                  ;        ;
; pifoEngines_0|enque_brain|engineCAM|banks_0_tags_156[16]                                  ;        ;
; guard|emptyPifos_2_53                                                                     ;        ;
; pifoEngines_0|enque_brain|engineCAM|banks_0_tags_156[15]                                  ;        ;
; pifoEngines_0|enque_brain|engineCAM|banks_0_valid_156                                     ;        ;
; pifoEngines_0|enque_brain|engineCAM|banks_0_valid_157                                     ;        ;
; pifoEngines_0|enque_brain|engineCAM|banks_0_valid_158                                     ;        ;
; pifoEngines_0|enque_brain|engineCAM|banks_0_valid_159                                     ;        ;
; pifoEngines_0|enque_brain|engineCAM|banks_0_valid_160                                     ;        ;
; pifoEngines_0|enque_brain|engineCAM|banks_0_tags_160[15]                                  ;        ;
; pifoEngines_0|enque_brain|engineCAM|banks_0_tags_166[15]                                  ;        ;
; pifoEngines_0|enque_brain|engineCAM|banks_0_tags_170[9]                                   ;        ;
; pifoEngines_0|enque_brain|engineCAM|banks_0_tags_170[8]                                   ;        ;
; guard|emptyPifos_2_56                                                                     ;        ;
; pifoEngines_0|enque_brain|engineCAM|banks_0_tags_170[10]                                  ;        ;
; pifoEngines_0|enque_brain|engineCAM|banks_0_tags_170[7]                                   ;        ;
; pifoEngines_0|enque_brain|engineCAM|banks_0_tags_170[0]                                   ;        ;
; pifoEngines_0|enque_brain|engineCAM|banks_0_valid_170                                     ;        ;
; pifoEngines_0|enque_brain|engineCAM|banks_0_tags_170[2]                                   ;        ;
; pifoEngines_0|enque_brain|engineCAM|banks_0_tags_170[1]                                   ;        ;
; pifoEngines_0|enque_brain|engineCAM|banks_0_tags_170[14]                                  ;        ;
; pifoEngines_0|enque_brain|engineCAM|banks_0_tags_170[13]                                  ;        ;
; pifoEngines_0|enque_brain|engineCAM|banks_0_tags_170[12]                                  ;        ;
; pifoEngines_0|enque_brain|engineCAM|banks_0_tags_170[11]                                  ;        ;
; guard|emptyPifos_2_57                                                                     ;        ;
; pifoEngines_0|enque_brain|engineCAM|banks_0_tags_170[16]                                  ;        ;
; pifoEngines_0|enque_brain|engineCAM|banks_0_tags_170[15]                                  ;        ;
; pifoEngines_0|enque_brain|engineCAM|banks_0_tags_170[4]                                   ;        ;
; pifoEngines_0|enque_brain|engineCAM|banks_0_tags_169[9]                                   ;        ;
; pifoEngines_0|enque_brain|engineCAM|banks_0_tags_169[8]                                   ;        ;
; pifoEngines_0|enque_brain|engineCAM|banks_0_tags_169[10]                                  ;        ;
; pifoEngines_0|enque_brain|engineCAM|banks_0_tags_169[7]                                   ;        ;
; pifoEngines_0|enque_brain|engineCAM|banks_0_tags_169[5]                                   ;        ;
; pifoEngines_0|enque_brain|engineCAM|banks_0_tags_169[3]                                   ;        ;
; pifoEngines_0|enque_brain|engineCAM|banks_0_tags_169[6]                                   ;        ;
; guard|emptyPifos_2_49                                                                     ;        ;
; pifoEngines_0|enque_brain|engineCAM|banks_0_tags_169[4]                                   ;        ;
; pifoEngines_0|enque_brain|engineCAM|banks_0_tags_171[9]                                   ;        ;
; pifoEngines_0|enque_brain|engineCAM|banks_0_tags_171[8]                                   ;        ;
; pifoEngines_0|enque_brain|engineCAM|banks_0_tags_171[10]                                  ;        ;
; pifoEngines_0|enque_brain|engineCAM|banks_0_tags_171[7]                                   ;        ;
; pifoEngines_0|enque_brain|engineCAM|banks_0_tags_171[0]                                   ;        ;
; pifoEngines_0|enque_brain|engineCAM|banks_0_valid_171                                     ;        ;
; pifoEngines_0|enque_brain|engineCAM|banks_0_tags_171[2]                                   ;        ;
; pifoEngines_0|enque_brain|engineCAM|banks_0_tags_171[1]                                   ;        ;
; pifoEngines_0|enque_brain|engineCAM|banks_0_tags_171[14]                                  ;        ;
; guard|emptyPifos_3_115                                                                    ;        ;
; pifoEngines_0|enque_brain|engineCAM|banks_0_tags_171[13]                                  ;        ;
; pifoEngines_0|enque_brain|engineCAM|banks_0_tags_171[12]                                  ;        ;
; pifoEngines_0|enque_brain|engineCAM|banks_0_tags_171[11]                                  ;        ;
; pifoEngines_0|enque_brain|engineCAM|banks_0_tags_171[16]                                  ;        ;
; pifoEngines_0|enque_brain|engineCAM|banks_0_tags_171[15]                                  ;        ;
; pifoEngines_0|enque_brain|engineCAM|banks_0_tags_171[4]                                   ;        ;
; pifoEngines_0|enque_brain|engineCAM|banks_0_tags_169[15]                                  ;        ;
; pifoEngines_0|enque_brain|engineCAM|banks_0_tags_167[9]                                   ;        ;
; pifoEngines_0|enque_brain|engineCAM|banks_0_tags_167[8]                                   ;        ;
; pifoEngines_0|enque_brain|engineCAM|banks_0_tags_167[10]                                  ;        ;
; guard|emptyPifos_3_83                                                                     ;        ;
; pifoEngines_0|enque_brain|engineCAM|banks_0_tags_167[7]                                   ;        ;
; pifoEngines_0|enque_brain|engineCAM|banks_0_tags_167[0]                                   ;        ;
; pifoEngines_0|enque_brain|engineCAM|banks_0_valid_167                                     ;        ;
; pifoEngines_0|enque_brain|engineCAM|banks_0_tags_167[2]                                   ;        ;
; pifoEngines_0|enque_brain|engineCAM|banks_0_tags_167[1]                                   ;        ;
; pifoEngines_0|enque_brain|engineCAM|banks_0_tags_167[14]                                  ;        ;
; pifoEngines_0|enque_brain|engineCAM|banks_0_tags_167[13]                                  ;        ;
; pifoEngines_0|enque_brain|engineCAM|banks_0_tags_167[12]                                  ;        ;
; pifoEngines_0|enque_brain|engineCAM|banks_0_tags_167[11]                                  ;        ;
; pifoEngines_0|enque_brain|engineCAM|banks_0_tags_167[16]                                  ;        ;
; guard|emptyPifos_3_98                                                                     ;        ;
; pifoEngines_0|enque_brain|engineCAM|banks_0_tags_167[15]                                  ;        ;
; pifoEngines_0|enque_brain|engineCAM|banks_0_tags_167[4]                                   ;        ;
; pifoEngines_0|enque_brain|engineCAM|banks_0_tags_165[9]                                   ;        ;
; pifoEngines_0|enque_brain|engineCAM|banks_0_tags_165[8]                                   ;        ;
; pifoEngines_0|enque_brain|engineCAM|banks_0_tags_165[10]                                  ;        ;
; pifoEngines_0|enque_brain|engineCAM|banks_0_tags_165[7]                                   ;        ;
; pifoEngines_0|enque_brain|engineCAM|banks_0_tags_165[0]                                   ;        ;
; pifoEngines_0|enque_brain|engineCAM|banks_0_valid_165                                     ;        ;
; pifoEngines_0|enque_brain|engineCAM|banks_0_tags_165[2]                                   ;        ;
; pifoEngines_0|enque_brain|engineCAM|banks_0_tags_165[1]                                   ;        ;
; guard|emptyPifos_3_99                                                                     ;        ;
; pifoEngines_0|enque_brain|engineCAM|banks_0_tags_165[14]                                  ;        ;
; pifoEngines_0|enque_brain|engineCAM|banks_0_tags_165[13]                                  ;        ;
; pifoEngines_0|enque_brain|engineCAM|banks_0_tags_165[12]                                  ;        ;
; pifoEngines_0|enque_brain|engineCAM|banks_0_tags_165[11]                                  ;        ;
; pifoEngines_0|enque_brain|engineCAM|banks_0_tags_165[16]                                  ;        ;
; pifoEngines_0|enque_brain|engineCAM|banks_0_tags_165[15]                                  ;        ;
; pifoEngines_0|enque_brain|engineCAM|banks_0_tags_165[4]                                   ;        ;
; pifoEngines_0|enque_brain|engineCAM|banks_0_tags_164[9]                                   ;        ;
; pifoEngines_0|enque_brain|engineCAM|banks_0_tags_164[8]                                   ;        ;
; pifoEngines_0|enque_brain|engineCAM|banks_0_tags_164[10]                                  ;        ;
; guard|emptyPifos_3_67                                                                     ;        ;
; pifoEngines_0|enque_brain|engineCAM|banks_0_tags_164[7]                                   ;        ;
; pifoEngines_0|enque_brain|engineCAM|banks_0_tags_164[0]                                   ;        ;
; pifoEngines_0|enque_brain|engineCAM|banks_0_valid_164                                     ;        ;
; pifoEngines_0|enque_brain|engineCAM|banks_0_tags_164[2]                                   ;        ;
; pifoEngines_0|enque_brain|engineCAM|banks_0_tags_164[1]                                   ;        ;
; pifoEngines_0|enque_brain|engineCAM|banks_0_tags_164[14]                                  ;        ;
; pifoEngines_0|enque_brain|engineCAM|banks_0_tags_164[13]                                  ;        ;
; pifoEngines_0|enque_brain|engineCAM|banks_0_tags_164[12]                                  ;        ;
; pifoEngines_0|enque_brain|engineCAM|banks_0_tags_164[11]                                  ;        ;
; pifoEngines_0|enque_brain|engineCAM|banks_0_tags_164[16]                                  ;        ;
; guard|emptyPifos_4_122                                                                    ;        ;
; guard|emptyPifos_3_112                                                                    ;        ;
; pifoEngines_0|enque_brain|engineCAM|banks_0_tags_164[15]                                  ;        ;
; pifoEngines_0|enque_brain|engineCAM|banks_0_tags_164[4]                                   ;        ;
; pifoEngines_0|enque_brain|engineCAM|banks_0_tags_163[9]                                   ;        ;
; pifoEngines_0|enque_brain|engineCAM|banks_0_tags_163[8]                                   ;        ;
; pifoEngines_0|enque_brain|engineCAM|banks_0_tags_163[10]                                  ;        ;
; pifoEngines_0|enque_brain|engineCAM|banks_0_tags_163[7]                                   ;        ;
; pifoEngines_0|enque_brain|engineCAM|banks_0_tags_163[5]                                   ;        ;
; pifoEngines_0|enque_brain|engineCAM|banks_0_tags_163[3]                                   ;        ;
; pifoEngines_0|enque_brain|engineCAM|banks_0_tags_163[6]                                   ;        ;
; pifoEngines_0|enque_brain|engineCAM|banks_0_tags_163[4]                                   ;        ;
; guard|emptyPifos_3_64                                                                     ;        ;
; pifoEngines_0|enque_brain|engineCAM|banks_0_tags_162[9]                                   ;        ;
; pifoEngines_0|enque_brain|engineCAM|banks_0_tags_162[8]                                   ;        ;
; pifoEngines_0|enque_brain|engineCAM|banks_0_tags_162[10]                                  ;        ;
; pifoEngines_0|enque_brain|engineCAM|banks_0_tags_162[7]                                   ;        ;
; pifoEngines_0|enque_brain|engineCAM|banks_0_tags_162[0]                                   ;        ;
; pifoEngines_0|enque_brain|engineCAM|banks_0_valid_162                                     ;        ;
; pifoEngines_0|enque_brain|engineCAM|banks_0_tags_162[2]                                   ;        ;
; pifoEngines_0|enque_brain|engineCAM|banks_0_tags_162[1]                                   ;        ;
; pifoEngines_0|enque_brain|engineCAM|banks_0_tags_162[14]                                  ;        ;
; pifoEngines_0|enque_brain|engineCAM|banks_0_tags_162[13]                                  ;        ;
; guard|emptyPifos_3_80                                                                     ;        ;
; pifoEngines_0|enque_brain|engineCAM|banks_0_tags_162[12]                                  ;        ;
; pifoEngines_0|enque_brain|engineCAM|banks_0_tags_162[11]                                  ;        ;
; pifoEngines_0|enque_brain|engineCAM|banks_0_tags_162[16]                                  ;        ;
; pifoEngines_0|enque_brain|engineCAM|banks_0_tags_162[15]                                  ;        ;
; pifoEngines_0|enque_brain|engineCAM|banks_0_tags_162[4]                                   ;        ;
; pifoEngines_0|enque_brain|engineCAM|banks_0_tags_161[9]                                   ;        ;
; pifoEngines_0|enque_brain|engineCAM|banks_0_tags_161[8]                                   ;        ;
; pifoEngines_0|enque_brain|engineCAM|banks_0_tags_161[10]                                  ;        ;
; pifoEngines_0|enque_brain|engineCAM|banks_0_tags_161[7]                                   ;        ;
; pifoEngines_0|enque_brain|engineCAM|banks_0_tags_161[5]                                   ;        ;
; guard|emptyPifos_3_113                                                                    ;        ;
; pifoEngines_0|enque_brain|engineCAM|banks_0_tags_161[3]                                   ;        ;
; pifoEngines_0|enque_brain|engineCAM|banks_0_tags_161[6]                                   ;        ;
; pifoEngines_0|enque_brain|engineCAM|banks_0_tags_161[4]                                   ;        ;
; pifoEngines_0|enque_brain|engineCAM|banks_0_tags_163[15]                                  ;        ;
; pifoEngines_0|enque_brain|engineCAM|banks_0_tags_161[15]                                  ;        ;
; pifoEngines_0|enque_brain|engineCAM|banks_0_tags_158[15]                                  ;        ;
; pifoEngines_0|enque_brain|engineCAM|banks_0_tags_159[15]                                  ;        ;
; pifoEngines_0|enque_brain|engineCAM|banks_0_tags_157[15]                                  ;        ;
; pifoEngines_0|enque_brain|engineCAM|banks_0_tags_150[15]                                  ;        ;
; pifoEngines_0|enque_brain|engineCAM|banks_0_tags_154[9]                                   ;        ;
; guard|emptyPifos_3_81                                                                     ;        ;
; pifoEngines_0|enque_brain|engineCAM|banks_0_tags_154[8]                                   ;        ;
; pifoEngines_0|enque_brain|engineCAM|banks_0_tags_154[10]                                  ;        ;
; pifoEngines_0|enque_brain|engineCAM|banks_0_tags_154[7]                                   ;        ;
; pifoEngines_0|enque_brain|engineCAM|banks_0_tags_154[0]                                   ;        ;
; pifoEngines_0|enque_brain|engineCAM|banks_0_valid_154                                     ;        ;
; pifoEngines_0|enque_brain|engineCAM|banks_0_tags_154[2]                                   ;        ;
; pifoEngines_0|enque_brain|engineCAM|banks_0_tags_154[1]                                   ;        ;
; pifoEngines_0|enque_brain|engineCAM|banks_0_tags_154[14]                                  ;        ;
; pifoEngines_0|enque_brain|engineCAM|banks_0_tags_154[13]                                  ;        ;
; pifoEngines_0|enque_brain|engineCAM|banks_0_tags_154[12]                                  ;        ;
; guard|emptyPifos_3_96                                                                     ;        ;
; pifoEngines_0|enque_brain|engineCAM|banks_0_tags_154[11]                                  ;        ;
; pifoEngines_0|enque_brain|engineCAM|banks_0_tags_154[16]                                  ;        ;
; pifoEngines_0|enque_brain|engineCAM|banks_0_tags_154[15]                                  ;        ;
; pifoEngines_0|enque_brain|engineCAM|banks_0_tags_154[4]                                   ;        ;
; pifoEngines_0|enque_brain|engineCAM|banks_0_tags_153[9]                                   ;        ;
; pifoEngines_0|enque_brain|engineCAM|banks_0_tags_153[8]                                   ;        ;
; pifoEngines_0|enque_brain|engineCAM|banks_0_tags_153[10]                                  ;        ;
; pifoEngines_0|enque_brain|engineCAM|banks_0_tags_153[7]                                   ;        ;
; pifoEngines_0|enque_brain|engineCAM|banks_0_tags_153[5]                                   ;        ;
; pifoEngines_0|enque_brain|engineCAM|banks_0_tags_153[3]                                   ;        ;
; guard|emptyPifos_3_97                                                                     ;        ;
; pifoEngines_0|enque_brain|engineCAM|banks_0_tags_153[6]                                   ;        ;
; pifoEngines_0|enque_brain|engineCAM|banks_0_tags_153[4]                                   ;        ;
; pifoEngines_0|enque_brain|engineCAM|banks_0_tags_155[9]                                   ;        ;
; pifoEngines_0|enque_brain|engineCAM|banks_0_tags_155[8]                                   ;        ;
; pifoEngines_0|enque_brain|engineCAM|banks_0_tags_155[10]                                  ;        ;
; pifoEngines_0|enque_brain|engineCAM|banks_0_tags_155[7]                                   ;        ;
; pifoEngines_0|enque_brain|engineCAM|banks_0_tags_155[0]                                   ;        ;
; pifoEngines_0|enque_brain|engineCAM|banks_0_valid_155                                     ;        ;
; pifoEngines_0|enque_brain|engineCAM|banks_0_tags_155[2]                                   ;        ;
; pifoEngines_0|enque_brain|engineCAM|banks_0_tags_155[1]                                   ;        ;
; guard|emptyPifos_3_65                                                                     ;        ;
; pifoEngines_0|enque_brain|engineCAM|banks_0_tags_155[14]                                  ;        ;
; pifoEngines_0|enque_brain|engineCAM|banks_0_tags_155[13]                                  ;        ;
; pifoEngines_0|enque_brain|engineCAM|banks_0_tags_155[12]                                  ;        ;
; pifoEngines_0|enque_brain|engineCAM|banks_0_tags_155[11]                                  ;        ;
; pifoEngines_0|enque_brain|engineCAM|banks_0_tags_155[16]                                  ;        ;
; pifoEngines_0|enque_brain|engineCAM|banks_0_tags_155[15]                                  ;        ;
; pifoEngines_0|enque_brain|engineCAM|banks_0_tags_155[4]                                   ;        ;
; pifoEngines_0|enque_brain|engineCAM|banks_0_tags_153[15]                                  ;        ;
; pifoEngines_0|enque_brain|engineCAM|banks_0_tags_151[9]                                   ;        ;
; pifoEngines_0|enque_brain|engineCAM|banks_0_tags_151[8]                                   ;        ;
; guard|emptyPifos_3_118                                                                    ;        ;
; pifoEngines_0|enque_brain|engineCAM|banks_0_tags_151[10]                                  ;        ;
; pifoEngines_0|enque_brain|engineCAM|banks_0_tags_151[7]                                   ;        ;
; pifoEngines_0|enque_brain|engineCAM|banks_0_tags_151[0]                                   ;        ;
; pifoEngines_0|enque_brain|engineCAM|banks_0_valid_151                                     ;        ;
; pifoEngines_0|enque_brain|engineCAM|banks_0_tags_151[2]                                   ;        ;
; pifoEngines_0|enque_brain|engineCAM|banks_0_tags_151[1]                                   ;        ;
; pifoEngines_0|enque_brain|engineCAM|banks_0_tags_151[14]                                  ;        ;
; pifoEngines_0|enque_brain|engineCAM|banks_0_tags_151[13]                                  ;        ;
; pifoEngines_0|enque_brain|engineCAM|banks_0_tags_151[12]                                  ;        ;
; pifoEngines_0|enque_brain|engineCAM|banks_0_tags_151[11]                                  ;        ;
; guard|emptyPifos_3_70                                                                     ;        ;
; pifoEngines_0|enque_brain|engineCAM|banks_0_tags_151[16]                                  ;        ;
; pifoEngines_0|enque_brain|engineCAM|banks_0_tags_151[15]                                  ;        ;
; pifoEngines_0|enque_brain|engineCAM|banks_0_tags_151[4]                                   ;        ;
; pifoEngines_0|enque_brain|engineCAM|banks_0_tags_149[9]                                   ;        ;
; pifoEngines_0|enque_brain|engineCAM|banks_0_tags_149[8]                                   ;        ;
; pifoEngines_0|enque_brain|engineCAM|banks_0_tags_149[10]                                  ;        ;
; pifoEngines_0|enque_brain|engineCAM|banks_0_tags_149[7]                                   ;        ;
; pifoEngines_0|enque_brain|engineCAM|banks_0_tags_149[0]                                   ;        ;
; pifoEngines_0|enque_brain|engineCAM|banks_0_valid_149                                     ;        ;
; pifoEngines_0|enque_brain|engineCAM|banks_0_tags_149[2]                                   ;        ;
; guard|emptyPifos_4_114                                                                    ;        ;
; guard|emptyPifos_4_120                                                                    ;        ;
; guard|emptyPifos_3_86                                                                     ;        ;
; pifoEngines_0|enque_brain|engineCAM|banks_0_tags_149[1]                                   ;        ;
; pifoEngines_0|enque_brain|engineCAM|banks_0_tags_149[14]                                  ;        ;
; pifoEngines_0|enque_brain|engineCAM|banks_0_tags_149[13]                                  ;        ;
; pifoEngines_0|enque_brain|engineCAM|banks_0_tags_149[12]                                  ;        ;
; pifoEngines_0|enque_brain|engineCAM|banks_0_tags_149[11]                                  ;        ;
; pifoEngines_0|enque_brain|engineCAM|banks_0_tags_149[16]                                  ;        ;
; pifoEngines_0|enque_brain|engineCAM|banks_0_tags_149[15]                                  ;        ;
; pifoEngines_0|enque_brain|engineCAM|banks_0_tags_149[4]                                   ;        ;
; pifoEngines_0|enque_brain|engineCAM|banks_0_tags_142[15]                                  ;        ;
; pifoEngines_0|enque_brain|engineCAM|banks_0_tags_146[9]                                   ;        ;
; guard|emptyPifos_3_119                                                                    ;        ;
; pifoEngines_0|enque_brain|engineCAM|banks_0_tags_146[8]                                   ;        ;
; pifoEngines_0|enque_brain|engineCAM|banks_0_tags_146[10]                                  ;        ;
; pifoEngines_0|enque_brain|engineCAM|banks_0_tags_146[7]                                   ;        ;
; pifoEngines_0|enque_brain|engineCAM|banks_0_tags_146[0]                                   ;        ;
; pifoEngines_0|enque_brain|engineCAM|banks_0_valid_146                                     ;        ;
; pifoEngines_0|enque_brain|engineCAM|banks_0_tags_146[2]                                   ;        ;
; pifoEngines_0|enque_brain|engineCAM|banks_0_tags_146[1]                                   ;        ;
; pifoEngines_0|enque_brain|engineCAM|banks_0_tags_146[14]                                  ;        ;
; pifoEngines_0|enque_brain|engineCAM|banks_0_tags_146[13]                                  ;        ;
; pifoEngines_0|enque_brain|engineCAM|banks_0_tags_146[12]                                  ;        ;
; guard|emptyPifos_3_87                                                                     ;        ;
; pifoEngines_0|enque_brain|engineCAM|banks_0_tags_146[11]                                  ;        ;
; pifoEngines_0|enque_brain|engineCAM|banks_0_tags_146[16]                                  ;        ;
; pifoEngines_0|enque_brain|engineCAM|banks_0_tags_146[15]                                  ;        ;
; pifoEngines_0|enque_brain|engineCAM|banks_0_tags_146[4]                                   ;        ;
; pifoEngines_0|enque_brain|engineCAM|banks_0_tags_145[9]                                   ;        ;
; pifoEngines_0|enque_brain|engineCAM|banks_0_tags_145[8]                                   ;        ;
; pifoEngines_0|enque_brain|engineCAM|banks_0_tags_145[10]                                  ;        ;
; pifoEngines_0|enque_brain|engineCAM|banks_0_tags_145[7]                                   ;        ;
; pifoEngines_0|enque_brain|engineCAM|banks_0_tags_145[5]                                   ;        ;
; pifoEngines_0|enque_brain|engineCAM|banks_0_tags_145[3]                                   ;        ;
; guard|emptyPifos_3_102                                                                    ;        ;
; pifoEngines_0|enque_brain|engineCAM|banks_0_tags_145[6]                                   ;        ;
; pifoEngines_0|enque_brain|engineCAM|banks_0_tags_145[4]                                   ;        ;
; pifoEngines_0|enque_brain|engineCAM|banks_0_tags_147[9]                                   ;        ;
; pifoEngines_0|enque_brain|engineCAM|banks_0_tags_147[8]                                   ;        ;
; pifoEngines_0|enque_brain|engineCAM|banks_0_tags_147[10]                                  ;        ;
; pifoEngines_0|enque_brain|engineCAM|banks_0_tags_147[7]                                   ;        ;
; pifoEngines_0|enque_brain|engineCAM|banks_0_tags_147[0]                                   ;        ;
; pifoEngines_0|enque_brain|engineCAM|banks_0_valid_147                                     ;        ;
; pifoEngines_0|enque_brain|engineCAM|banks_0_tags_147[2]                                   ;        ;
; pifoEngines_0|enque_brain|engineCAM|banks_0_tags_147[1]                                   ;        ;
; guard|emptyPifos_3_103                                                                    ;        ;
; pifoEngines_0|enque_brain|engineCAM|banks_0_tags_147[14]                                  ;        ;
; pifoEngines_0|enque_brain|engineCAM|banks_0_tags_147[13]                                  ;        ;
; pifoEngines_0|enque_brain|engineCAM|banks_0_tags_147[12]                                  ;        ;
; pifoEngines_0|enque_brain|engineCAM|banks_0_tags_147[11]                                  ;        ;
; pifoEngines_0|enque_brain|engineCAM|banks_0_tags_147[16]                                  ;        ;
; pifoEngines_0|enque_brain|engineCAM|banks_0_tags_147[15]                                  ;        ;
; pifoEngines_0|enque_brain|engineCAM|banks_0_tags_147[4]                                   ;        ;
; pifoEngines_0|enque_brain|engineCAM|banks_0_tags_145[15]                                  ;        ;
; pifoEngines_0|enque_brain|engineCAM|banks_0_tags_143[9]                                   ;        ;
; pifoEngines_0|enque_brain|engineCAM|banks_0_tags_143[8]                                   ;        ;
; guard|emptyPifos_3_71                                                                     ;        ;
; pifoEngines_0|enque_brain|engineCAM|banks_0_tags_143[10]                                  ;        ;
; pifoEngines_0|enque_brain|engineCAM|banks_0_tags_143[7]                                   ;        ;
; pifoEngines_0|enque_brain|engineCAM|banks_0_tags_143[0]                                   ;        ;
; pifoEngines_0|enque_brain|engineCAM|banks_0_valid_143                                     ;        ;
; pifoEngines_0|enque_brain|engineCAM|banks_0_tags_143[2]                                   ;        ;
; pifoEngines_0|enque_brain|engineCAM|banks_0_tags_143[1]                                   ;        ;
; pifoEngines_0|enque_brain|engineCAM|banks_0_tags_143[14]                                  ;        ;
; pifoEngines_0|enque_brain|engineCAM|banks_0_tags_143[13]                                  ;        ;
; pifoEngines_0|enque_brain|engineCAM|banks_0_tags_143[12]                                  ;        ;
; pifoEngines_0|enque_brain|engineCAM|banks_0_tags_143[11]                                  ;        ;
; guard|emptyPifos_3_114                                                                    ;        ;
; pifoEngines_0|enque_brain|engineCAM|banks_0_tags_143[16]                                  ;        ;
; pifoEngines_0|enque_brain|engineCAM|banks_0_tags_143[15]                                  ;        ;
; pifoEngines_0|enque_brain|engineCAM|banks_0_tags_143[4]                                   ;        ;
; pifoEngines_0|enque_brain|engineCAM|banks_0_tags_141[9]                                   ;        ;
; pifoEngines_0|enque_brain|engineCAM|banks_0_tags_141[8]                                   ;        ;
; pifoEngines_0|enque_brain|engineCAM|banks_0_tags_141[10]                                  ;        ;
; pifoEngines_0|enque_brain|engineCAM|banks_0_tags_141[7]                                   ;        ;
; pifoEngines_0|enque_brain|engineCAM|banks_0_tags_141[0]                                   ;        ;
; pifoEngines_0|enque_brain|engineCAM|banks_0_valid_141                                     ;        ;
; pifoEngines_0|enque_brain|engineCAM|banks_0_tags_141[2]                                   ;        ;
; guard|emptyPifos_3_66                                                                     ;        ;
; pifoEngines_0|enque_brain|engineCAM|banks_0_tags_141[1]                                   ;        ;
; pifoEngines_0|enque_brain|engineCAM|banks_0_tags_141[14]                                  ;        ;
; pifoEngines_0|enque_brain|engineCAM|banks_0_tags_141[13]                                  ;        ;
; pifoEngines_0|enque_brain|engineCAM|banks_0_tags_141[12]                                  ;        ;
; pifoEngines_0|enque_brain|engineCAM|banks_0_tags_141[11]                                  ;        ;
; pifoEngines_0|enque_brain|engineCAM|banks_0_tags_141[16]                                  ;        ;
; pifoEngines_0|enque_brain|engineCAM|banks_0_tags_141[15]                                  ;        ;
; pifoEngines_0|enque_brain|engineCAM|banks_0_tags_141[4]                                   ;        ;
; pifoEngines_0|enque_brain|engineCAM|banks_0_tags_138[14]                                  ;        ;
; pifoEngines_0|enque_brain|engineCAM|banks_0_tags_138[13]                                  ;        ;
; guard|emptyPifos_3_82                                                                     ;        ;
; pifoEngines_0|enque_brain|engineCAM|banks_0_tags_138[12]                                  ;        ;
; pifoEngines_0|enque_brain|engineCAM|banks_0_tags_138[11]                                  ;        ;
; pifoEngines_0|enque_brain|engineCAM|banks_0_tags_138[0]                                   ;        ;
; pifoEngines_0|enque_brain|engineCAM|banks_0_tags_138[2]                                   ;        ;
; pifoEngines_0|enque_brain|engineCAM|banks_0_tags_138[1]                                   ;        ;
; pifoEngines_0|enque_brain|engineCAM|banks_0_tags_137[14]                                  ;        ;
; pifoEngines_0|enque_brain|engineCAM|banks_0_tags_137[13]                                  ;        ;
; pifoEngines_0|enque_brain|engineCAM|banks_0_tags_137[12]                                  ;        ;
; pifoEngines_0|enque_brain|engineCAM|banks_0_tags_137[11]                                  ;        ;
; pifoEngines_0|enque_brain|engineCAM|banks_0_tags_137[0]                                   ;        ;
; guard|emptyPifos_3_116                                                                    ;        ;
; pifoEngines_0|enque_brain|engineCAM|banks_0_tags_137[2]                                   ;        ;
; pifoEngines_0|enque_brain|engineCAM|banks_0_tags_137[1]                                   ;        ;
; pifoEngines_0|enque_brain|engineCAM|banks_0_tags_138[9]                                   ;        ;
; pifoEngines_0|enque_brain|engineCAM|banks_0_tags_138[8]                                   ;        ;
; pifoEngines_0|enque_brain|engineCAM|banks_0_tags_138[10]                                  ;        ;
; pifoEngines_0|enque_brain|engineCAM|banks_0_tags_138[7]                                   ;        ;
; pifoEngines_0|enque_brain|engineCAM|banks_0_tags_138[5]                                   ;        ;
; pifoEngines_0|enque_brain|engineCAM|banks_0_tags_138[3]                                   ;        ;
; pifoEngines_0|enque_brain|engineCAM|banks_0_tags_138[6]                                   ;        ;
; pifoEngines_0|enque_brain|engineCAM|banks_0_tags_138[4]                                   ;        ;
; guard|emptyPifos_4_124                                                                    ;        ;
; guard|emptyPifos_3_68                                                                     ;        ;
; pifoEngines_0|enque_brain|engineCAM|banks_0_tags_137[9]                                   ;        ;
; pifoEngines_0|enque_brain|engineCAM|banks_0_tags_137[8]                                   ;        ;
; pifoEngines_0|enque_brain|engineCAM|banks_0_tags_137[10]                                  ;        ;
; pifoEngines_0|enque_brain|engineCAM|banks_0_tags_137[7]                                   ;        ;
; pifoEngines_0|enque_brain|engineCAM|banks_0_tags_137[5]                                   ;        ;
; pifoEngines_0|enque_brain|engineCAM|banks_0_tags_137[3]                                   ;        ;
; pifoEngines_0|enque_brain|engineCAM|banks_0_tags_137[6]                                   ;        ;
; pifoEngines_0|enque_brain|engineCAM|banks_0_tags_137[4]                                   ;        ;
; pifoEngines_0|enque_brain|engineCAM|banks_0_valid_140                                     ;        ;
; pifoEngines_0|enque_brain|engineCAM|banks_0_tags_140[15]                                  ;        ;
; guard|emptyPifos_3_84                                                                     ;        ;
; pifoEngines_0|enque_brain|engineCAM|banks_0_tags_139[9]                                   ;        ;
; pifoEngines_0|enque_brain|engineCAM|banks_0_tags_139[8]                                   ;        ;
; pifoEngines_0|enque_brain|engineCAM|banks_0_tags_139[10]                                  ;        ;
; pifoEngines_0|enque_brain|engineCAM|banks_0_tags_139[7]                                   ;        ;
; pifoEngines_0|enque_brain|engineCAM|banks_0_tags_139[0]                                   ;        ;
; pifoEngines_0|enque_brain|engineCAM|banks_0_tags_139[2]                                   ;        ;
; pifoEngines_0|enque_brain|engineCAM|banks_0_tags_139[1]                                   ;        ;
; pifoEngines_0|enque_brain|engineCAM|banks_0_tags_139[14]                                  ;        ;
; pifoEngines_0|enque_brain|engineCAM|banks_0_tags_139[13]                                  ;        ;
; pifoEngines_0|enque_brain|engineCAM|banks_0_tags_139[12]                                  ;        ;
; guard|emptyPifos_3_117                                                                    ;        ;
; pifoEngines_0|enque_brain|engineCAM|banks_0_tags_139[11]                                  ;        ;
; pifoEngines_0|enque_brain|engineCAM|banks_0_tags_139[16]                                  ;        ;
; pifoEngines_0|enque_brain|engineCAM|banks_0_tags_139[15]                                  ;        ;
; pifoEngines_0|enque_brain|engineCAM|banks_0_valid_139                                     ;        ;
; pifoEngines_0|enque_brain|engineCAM|banks_0_tags_139[4]                                   ;        ;
; pifoEngines_0|enque_brain|engineCAM|banks_0_valid_138                                     ;        ;
; pifoEngines_0|enque_brain|engineCAM|banks_0_tags_138[15]                                  ;        ;
; pifoEngines_0|enque_brain|engineCAM|banks_0_valid_137                                     ;        ;
; pifoEngines_0|enque_brain|engineCAM|banks_0_tags_137[15]                                  ;        ;
; pifoEngines_0|enque_brain|engineCAM|banks_0_valid_136                                     ;        ;
; guard|emptyPifos_3_85                                                                     ;        ;
; pifoEngines_0|enque_brain|engineCAM|banks_0_tags_136[15]                                  ;        ;
; pifoEngines_0|enque_brain|engineCAM|banks_0_tags_135[9]                                   ;        ;
; pifoEngines_0|enque_brain|engineCAM|banks_0_tags_135[8]                                   ;        ;
; pifoEngines_0|enque_brain|engineCAM|banks_0_tags_135[10]                                  ;        ;
; pifoEngines_0|enque_brain|engineCAM|banks_0_tags_135[7]                                   ;        ;
; pifoEngines_0|enque_brain|engineCAM|banks_0_tags_135[0]                                   ;        ;
; pifoEngines_0|enque_brain|engineCAM|banks_0_tags_135[2]                                   ;        ;
; pifoEngines_0|enque_brain|engineCAM|banks_0_tags_135[1]                                   ;        ;
; pifoEngines_0|enque_brain|engineCAM|banks_0_tags_135[14]                                  ;        ;
; pifoEngines_0|enque_brain|engineCAM|banks_0_tags_135[13]                                  ;        ;
; guard|emptyPifos_3_100                                                                    ;        ;
; pifoEngines_0|enque_brain|engineCAM|banks_0_tags_135[12]                                  ;        ;
; pifoEngines_0|enque_brain|engineCAM|banks_0_tags_135[11]                                  ;        ;
; pifoEngines_0|enque_brain|engineCAM|banks_0_tags_135[16]                                  ;        ;
; pifoEngines_0|enque_brain|engineCAM|banks_0_tags_135[15]                                  ;        ;
; pifoEngines_0|enque_brain|engineCAM|banks_0_valid_135                                     ;        ;
; pifoEngines_0|enque_brain|engineCAM|banks_0_tags_135[4]                                   ;        ;
; pifoEngines_0|enque_brain|engineCAM|banks_0_valid_127                                     ;        ;
; pifoEngines_0|enque_brain|engineCAM|banks_0_tags_127[15]                                  ;        ;
; pifoEngines_0|enque_brain|engineCAM|banks_0_tags_126[9]                                   ;        ;
; pifoEngines_0|enque_brain|engineCAM|banks_0_tags_126[8]                                   ;        ;
; guard|emptyPifos_3_101                                                                    ;        ;
; pifoEngines_0|enque_brain|engineCAM|banks_0_tags_126[10]                                  ;        ;
; pifoEngines_0|enque_brain|engineCAM|banks_0_tags_126[7]                                   ;        ;
; pifoEngines_0|enque_brain|engineCAM|banks_0_tags_126[0]                                   ;        ;
; pifoEngines_0|enque_brain|engineCAM|banks_0_tags_126[2]                                   ;        ;
; pifoEngines_0|enque_brain|engineCAM|banks_0_tags_126[1]                                   ;        ;
; pifoEngines_0|enque_brain|engineCAM|banks_0_tags_126[14]                                  ;        ;
; pifoEngines_0|enque_brain|engineCAM|banks_0_tags_126[13]                                  ;        ;
; pifoEngines_0|enque_brain|engineCAM|banks_0_tags_126[12]                                  ;        ;
; pifoEngines_0|enque_brain|engineCAM|banks_0_tags_126[11]                                  ;        ;
; pifoEngines_0|enque_brain|engineCAM|banks_0_tags_126[16]                                  ;        ;
; guard|emptyPifos_3_69                                                                     ;        ;
; pifoEngines_0|enque_brain|engineCAM|banks_0_tags_126[15]                                  ;        ;
; pifoEngines_0|enque_brain|engineCAM|banks_0_valid_126                                     ;        ;
; pifoEngines_0|enque_brain|engineCAM|banks_0_tags_126[4]                                   ;        ;
; pifoEngines_0|enque_brain|engineCAM|banks_0_tags_123[15]                                  ;        ;
; pifoEngines_0|enque_brain|engineCAM|banks_0_tags_124[4]                                   ;        ;
; pifoEngines_0|enque_brain|engineCAM|banks_0_tags_122[15]                                  ;        ;
; pifoEngines_0|enque_brain|engineCAM|banks_0_tags_118[9]                                   ;        ;
; pifoEngines_0|enque_brain|engineCAM|banks_0_tags_118[8]                                   ;        ;
; pifoEngines_0|enque_brain|engineCAM|banks_0_tags_118[10]                                  ;        ;
; pifoEngines_0|enque_brain|engineCAM|banks_0_tags_118[7]                                   ;        ;
; guard|emptyPifos_3_123                                                                    ;        ;
; pifoEngines_0|enque_brain|engineCAM|banks_0_tags_118[0]                                   ;        ;
; pifoEngines_0|enque_brain|engineCAM|banks_0_valid_118                                     ;        ;
; pifoEngines_0|enque_brain|engineCAM|banks_0_tags_118[2]                                   ;        ;
; pifoEngines_0|enque_brain|engineCAM|banks_0_tags_118[1]                                   ;        ;
; pifoEngines_0|enque_brain|engineCAM|banks_0_tags_118[14]                                  ;        ;
; pifoEngines_0|enque_brain|engineCAM|banks_0_tags_118[13]                                  ;        ;
; pifoEngines_0|enque_brain|engineCAM|banks_0_tags_118[12]                                  ;        ;
; pifoEngines_0|enque_brain|engineCAM|banks_0_tags_118[11]                                  ;        ;
; pifoEngines_0|enque_brain|engineCAM|banks_0_tags_118[16]                                  ;        ;
; pifoEngines_0|enque_brain|engineCAM|banks_0_tags_118[15]                                  ;        ;
; guard|emptyPifos_3_91                                                                     ;        ;
; pifoEngines_0|enque_brain|engineCAM|banks_0_tags_118[4]                                   ;        ;
; pifoEngines_0|enque_brain|engineCAM|banks_0_tags_117[9]                                   ;        ;
; pifoEngines_0|enque_brain|engineCAM|banks_0_tags_117[8]                                   ;        ;
; pifoEngines_0|enque_brain|engineCAM|banks_0_tags_117[10]                                  ;        ;
; pifoEngines_0|enque_brain|engineCAM|banks_0_tags_117[7]                                   ;        ;
; pifoEngines_0|enque_brain|engineCAM|banks_0_tags_117[5]                                   ;        ;
; pifoEngines_0|enque_brain|engineCAM|banks_0_tags_117[3]                                   ;        ;
; pifoEngines_0|enque_brain|engineCAM|banks_0_tags_117[6]                                   ;        ;
; pifoEngines_0|enque_brain|engineCAM|banks_0_tags_117[4]                                   ;        ;
; pifoEngines_0|enque_brain|engineCAM|banks_0_tags_119[9]                                   ;        ;
; guard|emptyPifos_3_106                                                                    ;        ;
; pifoEngines_0|enque_brain|engineCAM|banks_0_tags_119[8]                                   ;        ;
; pifoEngines_0|enque_brain|engineCAM|banks_0_tags_119[10]                                  ;        ;
; pifoEngines_0|enque_brain|engineCAM|banks_0_tags_119[7]                                   ;        ;
; pifoEngines_0|enque_brain|engineCAM|banks_0_tags_119[0]                                   ;        ;
; pifoEngines_0|enque_brain|engineCAM|banks_0_valid_119                                     ;        ;
; pifoEngines_0|enque_brain|engineCAM|banks_0_tags_119[2]                                   ;        ;
; pifoEngines_0|enque_brain|engineCAM|banks_0_tags_119[1]                                   ;        ;
; pifoEngines_0|enque_brain|engineCAM|banks_0_tags_119[14]                                  ;        ;
; pifoEngines_0|enque_brain|engineCAM|banks_0_tags_119[13]                                  ;        ;
; pifoEngines_0|enque_brain|engineCAM|banks_0_tags_119[12]                                  ;        ;
; guard|emptyPifos_4_76                                                                     ;        ;
; guard|emptyPifos_3_107                                                                    ;        ;
; pifoEngines_0|enque_brain|engineCAM|banks_0_tags_119[11]                                  ;        ;
; pifoEngines_0|enque_brain|engineCAM|banks_0_tags_119[16]                                  ;        ;
; pifoEngines_0|enque_brain|engineCAM|banks_0_tags_119[15]                                  ;        ;
; pifoEngines_0|enque_brain|engineCAM|banks_0_tags_119[4]                                   ;        ;
; pifoEngines_0|enque_brain|engineCAM|banks_0_tags_117[15]                                  ;        ;
; pifoEngines_0|enque_brain|engineCAM|banks_0_tags_107[15]                                  ;        ;
; pifoEngines_0|enque_brain|engineCAM|banks_0_tags_110[9]                                   ;        ;
; pifoEngines_0|enque_brain|engineCAM|banks_0_tags_110[8]                                   ;        ;
; pifoEngines_0|enque_brain|engineCAM|banks_0_tags_110[10]                                  ;        ;
; pifoEngines_0|enque_brain|engineCAM|banks_0_tags_110[7]                                   ;        ;
; guard|emptyPifos_3_75                                                                     ;        ;
; pifoEngines_0|enque_brain|engineCAM|banks_0_tags_110[0]                                   ;        ;
; pifoEngines_0|enque_brain|engineCAM|banks_0_valid_110                                     ;        ;
; pifoEngines_0|enque_brain|engineCAM|banks_0_tags_110[2]                                   ;        ;
; pifoEngines_0|enque_brain|engineCAM|banks_0_tags_110[1]                                   ;        ;
; pifoEngines_0|enque_brain|engineCAM|banks_0_tags_110[14]                                  ;        ;
; pifoEngines_0|enque_brain|engineCAM|banks_0_tags_110[13]                                  ;        ;
; pifoEngines_0|enque_brain|engineCAM|banks_0_tags_110[12]                                  ;        ;
; pifoEngines_0|enque_brain|engineCAM|banks_0_tags_110[11]                                  ;        ;
; pifoEngines_0|enque_brain|engineCAM|banks_0_tags_110[16]                                  ;        ;
; pifoEngines_0|enque_brain|engineCAM|banks_0_tags_110[15]                                  ;        ;
; guard|emptyPifos_3_120                                                                    ;        ;
; pifoEngines_0|enque_brain|engineCAM|banks_0_tags_110[4]                                   ;        ;
; pifoEngines_0|enque_brain|engineCAM|banks_0_tags_109[9]                                   ;        ;
; pifoEngines_0|enque_brain|engineCAM|banks_0_tags_109[8]                                   ;        ;
; pifoEngines_0|enque_brain|engineCAM|banks_0_tags_109[10]                                  ;        ;
; pifoEngines_0|enque_brain|engineCAM|banks_0_tags_109[7]                                   ;        ;
; pifoEngines_0|enque_brain|engineCAM|banks_0_tags_109[5]                                   ;        ;
; pifoEngines_0|enque_brain|engineCAM|banks_0_tags_109[3]                                   ;        ;
; pifoEngines_0|enque_brain|engineCAM|banks_0_tags_109[6]                                   ;        ;
; pifoEngines_0|enque_brain|engineCAM|banks_0_tags_109[4]                                   ;        ;
; pifoEngines_0|enque_brain|engineCAM|banks_0_tags_111[9]                                   ;        ;
; guard|emptyPifos_3_72                                                                     ;        ;
; pifoEngines_0|enque_brain|engineCAM|banks_0_tags_111[8]                                   ;        ;
; pifoEngines_0|enque_brain|engineCAM|banks_0_tags_111[10]                                  ;        ;
; pifoEngines_0|enque_brain|engineCAM|banks_0_tags_111[7]                                   ;        ;
; pifoEngines_0|enque_brain|engineCAM|banks_0_tags_111[0]                                   ;        ;
; pifoEngines_0|enque_brain|engineCAM|banks_0_valid_111                                     ;        ;
; pifoEngines_0|enque_brain|engineCAM|banks_0_tags_111[2]                                   ;        ;
; pifoEngines_0|enque_brain|engineCAM|banks_0_tags_111[1]                                   ;        ;
; pifoEngines_0|enque_brain|engineCAM|banks_0_tags_111[14]                                  ;        ;
; pifoEngines_0|enque_brain|engineCAM|banks_0_tags_111[13]                                  ;        ;
; pifoEngines_0|enque_brain|engineCAM|banks_0_tags_111[12]                                  ;        ;
; guard|emptyPifos_3_88                                                                     ;        ;
; pifoEngines_0|enque_brain|engineCAM|banks_0_tags_111[11]                                  ;        ;
; pifoEngines_0|enque_brain|engineCAM|banks_0_tags_111[16]                                  ;        ;
; pifoEngines_0|enque_brain|engineCAM|banks_0_tags_111[15]                                  ;        ;
; pifoEngines_0|enque_brain|engineCAM|banks_0_tags_111[4]                                   ;        ;
; pifoEngines_0|enque_brain|engineCAM|banks_0_tags_109[15]                                  ;        ;
; pifoEngines_0|enque_brain|engineCAM|banks_0_tags_95[15]                                   ;        ;
; pifoEngines_0|enque_brain|engineCAM|banks_0_tags_103[15]                                  ;        ;
; pifoEngines_0|enque_brain|engineCAM|banks_0_tags_94[15]                                   ;        ;
; pifoEngines_0|enque_brain|engineCAM|banks_0_tags_87[9]                                    ;        ;
; pifoEngines_0|enque_brain|engineCAM|banks_0_tags_87[8]                                    ;        ;
; guard|emptyPifos_3_121                                                                    ;        ;
; pifoEngines_0|enque_brain|engineCAM|banks_0_tags_87[10]                                   ;        ;
; pifoEngines_0|enque_brain|engineCAM|banks_0_tags_87[7]                                    ;        ;
; pifoEngines_0|enque_brain|engineCAM|banks_0_tags_87[0]                                    ;        ;
; pifoEngines_0|enque_brain|engineCAM|banks_0_valid_87                                      ;        ;
; pifoEngines_0|enque_brain|engineCAM|banks_0_tags_87[2]                                    ;        ;
; pifoEngines_0|enque_brain|engineCAM|banks_0_tags_87[1]                                    ;        ;
; pifoEngines_0|enque_brain|engineCAM|banks_0_tags_87[14]                                   ;        ;
; pifoEngines_0|enque_brain|engineCAM|banks_0_tags_87[13]                                   ;        ;
; pifoEngines_0|enque_brain|engineCAM|banks_0_tags_87[12]                                   ;        ;
; pifoEngines_0|enque_brain|engineCAM|banks_0_tags_87[11]                                   ;        ;
; guard|emptyPifos_3_89                                                                     ;        ;
; pifoEngines_0|enque_brain|engineCAM|banks_0_tags_87[16]                                   ;        ;
; pifoEngines_0|enque_brain|engineCAM|banks_0_tags_87[15]                                   ;        ;
; pifoEngines_0|enque_brain|engineCAM|banks_0_tags_87[4]                                    ;        ;
; pifoEngines_0|enque_brain|engineCAM|banks_0_tags_79[9]                                    ;        ;
; pifoEngines_0|enque_brain|engineCAM|banks_0_tags_79[8]                                    ;        ;
; pifoEngines_0|enque_brain|engineCAM|banks_0_tags_79[10]                                   ;        ;
; pifoEngines_0|enque_brain|engineCAM|banks_0_tags_79[7]                                    ;        ;
; pifoEngines_0|enque_brain|engineCAM|banks_0_tags_79[5]                                    ;        ;
; pifoEngines_0|enque_brain|engineCAM|banks_0_tags_79[3]                                    ;        ;
; pifoEngines_0|enque_brain|engineCAM|banks_0_tags_79[6]                                    ;        ;
; guard|emptyPifos_3_104                                                                    ;        ;
; pifoEngines_0|enque_brain|engineCAM|banks_0_tags_79[4]                                    ;        ;
; pifoEngines_0|enque_brain|engineCAM|banks_0_tags_91[9]                                    ;        ;
; pifoEngines_0|enque_brain|engineCAM|banks_0_tags_91[8]                                    ;        ;
; pifoEngines_0|enque_brain|engineCAM|banks_0_tags_91[10]                                   ;        ;
; pifoEngines_0|enque_brain|engineCAM|banks_0_tags_91[7]                                    ;        ;
; pifoEngines_0|enque_brain|engineCAM|banks_0_tags_91[0]                                    ;        ;
; pifoEngines_0|enque_brain|engineCAM|banks_0_valid_91                                      ;        ;
; pifoEngines_0|enque_brain|engineCAM|banks_0_tags_91[2]                                    ;        ;
; pifoEngines_0|enque_brain|engineCAM|banks_0_tags_91[1]                                    ;        ;
; pifoEngines_0|enque_brain|engineCAM|banks_0_tags_91[14]                                   ;        ;
; guard|emptyPifos_3_105                                                                    ;        ;
; pifoEngines_0|enque_brain|engineCAM|banks_0_tags_91[13]                                   ;        ;
; pifoEngines_0|enque_brain|engineCAM|banks_0_tags_91[12]                                   ;        ;
; pifoEngines_0|enque_brain|engineCAM|banks_0_tags_91[11]                                   ;        ;
; pifoEngines_0|enque_brain|engineCAM|banks_0_tags_91[16]                                   ;        ;
; pifoEngines_0|enque_brain|engineCAM|banks_0_tags_91[15]                                   ;        ;
; pifoEngines_0|enque_brain|engineCAM|banks_0_tags_91[4]                                    ;        ;
; pifoEngines_0|enque_brain|engineCAM|banks_0_tags_79[15]                                   ;        ;
; pifoEngines_0|enque_brain|engineCAM|banks_0_tags_61[9]                                    ;        ;
; pifoEngines_0|enque_brain|engineCAM|banks_0_tags_61[8]                                    ;        ;
; pifoEngines_0|enque_brain|engineCAM|banks_0_tags_61[10]                                   ;        ;
; guard|emptyPifos_3_73                                                                     ;        ;
; pifoEngines_0|enque_brain|engineCAM|banks_0_tags_61[7]                                    ;        ;
; pifoEngines_0|enque_brain|engineCAM|banks_0_tags_61[0]                                    ;        ;
; pifoEngines_0|enque_brain|engineCAM|banks_0_valid_61                                      ;        ;
; pifoEngines_0|enque_brain|engineCAM|banks_0_tags_61[2]                                    ;        ;
; pifoEngines_0|enque_brain|engineCAM|banks_0_tags_61[1]                                    ;        ;
; pifoEngines_0|enque_brain|engineCAM|banks_0_tags_61[14]                                   ;        ;
; pifoEngines_0|enque_brain|engineCAM|banks_0_tags_61[13]                                   ;        ;
; pifoEngines_0|enque_brain|engineCAM|banks_0_tags_61[12]                                   ;        ;
; pifoEngines_0|enque_brain|engineCAM|banks_0_tags_61[11]                                   ;        ;
; pifoEngines_0|enque_brain|engineCAM|banks_0_tags_61[16]                                   ;        ;
; guard|emptyPifos_4_92                                                                     ;        ;
; guard|emptyPifos_3_126                                                                    ;        ;
; pifoEngines_0|enque_brain|engineCAM|banks_0_tags_61[15]                                   ;        ;
; pifoEngines_0|enque_brain|engineCAM|banks_0_tags_61[4]                                    ;        ;
; pifoEngines_0|enque_brain|engineCAM|banks_0_tags_59[9]                                    ;        ;
; pifoEngines_0|enque_brain|engineCAM|banks_0_tags_59[8]                                    ;        ;
; pifoEngines_0|enque_brain|engineCAM|banks_0_tags_59[10]                                   ;        ;
; pifoEngines_0|enque_brain|engineCAM|banks_0_tags_59[7]                                    ;        ;
; pifoEngines_0|enque_brain|engineCAM|banks_0_tags_59[5]                                    ;        ;
; pifoEngines_0|enque_brain|engineCAM|banks_0_tags_59[3]                                    ;        ;
; pifoEngines_0|enque_brain|engineCAM|banks_0_tags_59[6]                                    ;        ;
; pifoEngines_0|enque_brain|engineCAM|banks_0_tags_59[4]                                    ;        ;
; guard|emptyPifos_3_78                                                                     ;        ;
; pifoEngines_0|enque_brain|engineCAM|banks_0_tags_62[9]                                    ;        ;
; pifoEngines_0|enque_brain|engineCAM|banks_0_tags_62[8]                                    ;        ;
; pifoEngines_0|enque_brain|engineCAM|banks_0_tags_62[10]                                   ;        ;
; pifoEngines_0|enque_brain|engineCAM|banks_0_tags_62[7]                                    ;        ;
; pifoEngines_0|enque_brain|engineCAM|banks_0_tags_62[0]                                    ;        ;
; pifoEngines_0|enque_brain|engineCAM|banks_0_valid_62                                      ;        ;
; pifoEngines_0|enque_brain|engineCAM|banks_0_tags_62[2]                                    ;        ;
; pifoEngines_0|enque_brain|engineCAM|banks_0_tags_62[1]                                    ;        ;
; pifoEngines_0|enque_brain|engineCAM|banks_0_tags_62[14]                                   ;        ;
; pifoEngines_0|enque_brain|engineCAM|banks_0_tags_62[13]                                   ;        ;
; guard|emptyPifos_3_94                                                                     ;        ;
; pifoEngines_0|enque_brain|engineCAM|banks_0_tags_62[12]                                   ;        ;
; pifoEngines_0|enque_brain|engineCAM|banks_0_tags_62[11]                                   ;        ;
; pifoEngines_0|enque_brain|engineCAM|banks_0_tags_62[16]                                   ;        ;
; pifoEngines_0|enque_brain|engineCAM|banks_0_tags_62[15]                                   ;        ;
; pifoEngines_0|enque_brain|engineCAM|banks_0_tags_62[4]                                    ;        ;
; pifoEngines_0|enque_brain|engineCAM|banks_0_tags_59[15]                                   ;        ;
; pifoEngines_0|enque_brain|engineCAM|banks_0_tags_2[14]                                    ;        ;
; pifoEngines_0|enque_brain|engineCAM|banks_0_tags_2[13]                                    ;        ;
; pifoEngines_0|enque_brain|engineCAM|banks_0_tags_2[12]                                    ;        ;
; pifoEngines_0|enque_brain|engineCAM|banks_0_tags_2[11]                                    ;        ;
; guard|emptyPifos_3_127                                                                    ;        ;
; pifoEngines_0|enque_brain|engineCAM|banks_0_tags_2[0]                                     ;        ;
; pifoEngines_0|enque_brain|engineCAM|banks_0_tags_2[2]                                     ;        ;
; pifoEngines_0|enque_brain|engineCAM|banks_0_tags_2[1]                                     ;        ;
; pifoEngines_0|enque_brain|engineCAM|banks_0_tags_2[9]                                     ;        ;
; pifoEngines_0|enque_brain|engineCAM|banks_0_tags_2[8]                                     ;        ;
; pifoEngines_0|enque_brain|engineCAM|banks_0_tags_2[10]                                    ;        ;
; pifoEngines_0|enque_brain|engineCAM|banks_0_tags_2[7]                                     ;        ;
; pifoEngines_0|enque_brain|engineCAM|banks_0_tags_2[5]                                     ;        ;
; pifoEngines_0|enque_brain|engineCAM|banks_0_tags_2[3]                                     ;        ;
; pifoEngines_0|enque_brain|engineCAM|banks_0_tags_2[6]                                     ;        ;
; guard|emptyPifos_3_95                                                                     ;        ;
; pifoEngines_0|enque_brain|engineCAM|banks_0_tags_2[4]                                     ;        ;
; pifoEngines_0|enque_brain|engineCAM|banks_0_tags_68[9]                                    ;        ;
; pifoEngines_0|enque_brain|engineCAM|banks_0_tags_68[8]                                    ;        ;
; pifoEngines_0|enque_brain|engineCAM|banks_0_tags_68[10]                                   ;        ;
; pifoEngines_0|enque_brain|engineCAM|banks_0_tags_68[7]                                    ;        ;
; pifoEngines_0|enque_brain|engineCAM|banks_0_tags_68[0]                                    ;        ;
; pifoEngines_0|enque_brain|engineCAM|banks_0_valid_68                                      ;        ;
; pifoEngines_0|enque_brain|engineCAM|banks_0_tags_68[2]                                    ;        ;
; pifoEngines_0|enque_brain|engineCAM|banks_0_tags_68[1]                                    ;        ;
; pifoEngines_0|enque_brain|engineCAM|banks_0_tags_68[14]                                   ;        ;
; guard|emptyPifos_3_110                                                                    ;        ;
; pifoEngines_0|enque_brain|engineCAM|banks_0_tags_68[13]                                   ;        ;
; pifoEngines_0|enque_brain|engineCAM|banks_0_tags_68[12]                                   ;        ;
; pifoEngines_0|enque_brain|engineCAM|banks_0_tags_68[11]                                   ;        ;
; pifoEngines_0|enque_brain|engineCAM|banks_0_tags_68[16]                                   ;        ;
; pifoEngines_0|enque_brain|engineCAM|banks_0_tags_68[15]                                   ;        ;
; pifoEngines_0|enque_brain|engineCAM|banks_0_tags_68[4]                                    ;        ;
; pifoEngines_0|enque_brain|engineCAM|banks_0_tags_67[9]                                    ;        ;
; pifoEngines_0|enque_brain|engineCAM|banks_0_tags_67[8]                                    ;        ;
; pifoEngines_0|enque_brain|engineCAM|banks_0_tags_67[10]                                   ;        ;
; pifoEngines_0|enque_brain|engineCAM|banks_0_tags_67[7]                                    ;        ;
; guard|emptyPifos_3_111                                                                    ;        ;
; pifoEngines_0|enque_brain|engineCAM|banks_0_tags_67[5]                                    ;        ;
; pifoEngines_0|enque_brain|engineCAM|banks_0_tags_67[3]                                    ;        ;
; pifoEngines_0|enque_brain|engineCAM|banks_0_tags_67[6]                                    ;        ;
; pifoEngines_0|enque_brain|engineCAM|banks_0_tags_67[4]                                    ;        ;
; pifoEngines_0|enque_brain|engineCAM|banks_0_tags_69[9]                                    ;        ;
; pifoEngines_0|enque_brain|engineCAM|banks_0_tags_69[8]                                    ;        ;
; pifoEngines_0|enque_brain|engineCAM|banks_0_tags_69[10]                                   ;        ;
; pifoEngines_0|enque_brain|engineCAM|banks_0_tags_69[7]                                    ;        ;
; pifoEngines_0|enque_brain|engineCAM|banks_0_tags_69[0]                                    ;        ;
; pifoEngines_0|enque_brain|engineCAM|banks_0_valid_69                                      ;        ;
; guard|emptyPifos_3_79                                                                     ;        ;
; pifoEngines_0|enque_brain|engineCAM|banks_0_tags_69[2]                                    ;        ;
; pifoEngines_0|enque_brain|engineCAM|banks_0_tags_69[1]                                    ;        ;
; pifoEngines_0|enque_brain|engineCAM|banks_0_tags_69[14]                                   ;        ;
; pifoEngines_0|enque_brain|engineCAM|banks_0_tags_69[13]                                   ;        ;
; pifoEngines_0|enque_brain|engineCAM|banks_0_tags_69[12]                                   ;        ;
; pifoEngines_0|enque_brain|engineCAM|banks_0_tags_69[11]                                   ;        ;
; pifoEngines_0|enque_brain|engineCAM|banks_0_tags_69[16]                                   ;        ;
; pifoEngines_0|enque_brain|engineCAM|banks_0_tags_69[15]                                   ;        ;
; pifoEngines_0|enque_brain|engineCAM|banks_0_tags_69[4]                                    ;        ;
; pifoEngines_0|enque_brain|engineCAM|banks_0_tags_67[15]                                   ;        ;
; guard|emptyPifos_3_122                                                                    ;        ;
; pifoEngines_0|enque_brain|engineCAM|banks_0_tags_66[15]                                   ;        ;
; pifoEngines_0|enque_brain|engineCAM|banks_0_tags_64[15]                                   ;        ;
; pifoEngines_0|enque_brain|engineCAM|banks_0_tags_65[15]                                   ;        ;
; pifoEngines_0|enque_brain|engineCAM|banks_0_tags_60[15]                                   ;        ;
; pifoEngines_0|enque_brain|engineCAM|banks_0_tags_56[15]                                   ;        ;
; pifoEngines_0|enque_brain|engineCAM|banks_0_tags_51[9]                                    ;        ;
; pifoEngines_0|enque_brain|engineCAM|banks_0_tags_51[8]                                    ;        ;
; pifoEngines_0|enque_brain|engineCAM|banks_0_tags_51[10]                                   ;        ;
; pifoEngines_0|enque_brain|engineCAM|banks_0_tags_51[7]                                    ;        ;
; pifoEngines_0|enque_brain|engineCAM|banks_0_tags_51[0]                                    ;        ;
; guard|emptyPifos_3_74                                                                     ;        ;
; pifoEngines_0|enque_brain|engineCAM|banks_0_valid_51                                      ;        ;
; pifoEngines_0|enque_brain|engineCAM|banks_0_tags_51[2]                                    ;        ;
; pifoEngines_0|enque_brain|engineCAM|banks_0_tags_51[1]                                    ;        ;
; pifoEngines_0|enque_brain|engineCAM|banks_0_tags_51[14]                                   ;        ;
; pifoEngines_0|enque_brain|engineCAM|banks_0_tags_51[13]                                   ;        ;
; pifoEngines_0|enque_brain|engineCAM|banks_0_tags_51[12]                                   ;        ;
; pifoEngines_0|enque_brain|engineCAM|banks_0_tags_51[11]                                   ;        ;
; pifoEngines_0|enque_brain|engineCAM|banks_0_tags_51[16]                                   ;        ;
; pifoEngines_0|enque_brain|engineCAM|banks_0_tags_51[15]                                   ;        ;
; pifoEngines_0|enque_brain|engineCAM|banks_0_tags_51[4]                                    ;        ;
; guard|emptyPifos_4_125                                                                    ;        ;
; guard|emptyPifos_3_90                                                                     ;        ;
; pifoEngines_0|enque_brain|engineCAM|banks_0_tags_50[9]                                    ;        ;
; pifoEngines_0|enque_brain|engineCAM|banks_0_tags_50[8]                                    ;        ;
; pifoEngines_0|enque_brain|engineCAM|banks_0_tags_50[10]                                   ;        ;
; pifoEngines_0|enque_brain|engineCAM|banks_0_tags_50[7]                                    ;        ;
; pifoEngines_0|enque_brain|engineCAM|banks_0_tags_50[5]                                    ;        ;
; pifoEngines_0|enque_brain|engineCAM|banks_0_tags_50[3]                                    ;        ;
; pifoEngines_0|enque_brain|engineCAM|banks_0_tags_50[6]                                    ;        ;
; pifoEngines_0|enque_brain|engineCAM|banks_0_tags_50[4]                                    ;        ;
; pifoEngines_0|enque_brain|engineCAM|banks_0_tags_52[9]                                    ;        ;
; pifoEngines_0|enque_brain|engineCAM|banks_0_tags_52[8]                                    ;        ;
; guard|emptyPifos_3_124                                                                    ;        ;
; pifoEngines_0|enque_brain|engineCAM|banks_0_tags_52[10]                                   ;        ;
; pifoEngines_0|enque_brain|engineCAM|banks_0_tags_52[7]                                    ;        ;
; pifoEngines_0|enque_brain|engineCAM|banks_0_tags_52[0]                                    ;        ;
; pifoEngines_0|enque_brain|engineCAM|banks_0_valid_52                                      ;        ;
; pifoEngines_0|enque_brain|engineCAM|banks_0_tags_52[2]                                    ;        ;
; pifoEngines_0|enque_brain|engineCAM|banks_0_tags_52[1]                                    ;        ;
; pifoEngines_0|enque_brain|engineCAM|banks_0_tags_52[14]                                   ;        ;
; pifoEngines_0|enque_brain|engineCAM|banks_0_tags_52[13]                                   ;        ;
; pifoEngines_0|enque_brain|engineCAM|banks_0_tags_52[12]                                   ;        ;
; pifoEngines_0|enque_brain|engineCAM|banks_0_tags_52[11]                                   ;        ;
; guard|emptyPifos_3_76                                                                     ;        ;
; pifoEngines_0|enque_brain|engineCAM|banks_0_tags_52[16]                                   ;        ;
; pifoEngines_0|enque_brain|engineCAM|banks_0_tags_52[15]                                   ;        ;
; pifoEngines_0|enque_brain|engineCAM|banks_0_tags_52[4]                                    ;        ;
; pifoEngines_0|enque_brain|engineCAM|banks_0_tags_50[15]                                   ;        ;
; pifoEngines_0|enque_brain|engineCAM|banks_0_tags_58[15]                                   ;        ;
; pifoEngines_0|enque_brain|engineCAM|banks_0_tags_54[9]                                    ;        ;
; pifoEngines_0|enque_brain|engineCAM|banks_0_tags_54[8]                                    ;        ;
; pifoEngines_0|enque_brain|engineCAM|banks_0_tags_54[10]                                   ;        ;
; pifoEngines_0|enque_brain|engineCAM|banks_0_tags_54[7]                                    ;        ;
; pifoEngines_0|enque_brain|engineCAM|banks_0_tags_54[0]                                    ;        ;
; guard|emptyPifos_3_92                                                                     ;        ;
; pifoEngines_0|enque_brain|engineCAM|banks_0_valid_54                                      ;        ;
; pifoEngines_0|enque_brain|engineCAM|banks_0_tags_54[2]                                    ;        ;
; pifoEngines_0|enque_brain|engineCAM|banks_0_tags_54[1]                                    ;        ;
; pifoEngines_0|enque_brain|engineCAM|banks_0_tags_54[14]                                   ;        ;
; pifoEngines_0|enque_brain|engineCAM|banks_0_tags_54[13]                                   ;        ;
; pifoEngines_0|enque_brain|engineCAM|banks_0_tags_54[12]                                   ;        ;
; pifoEngines_0|enque_brain|engineCAM|banks_0_tags_54[11]                                   ;        ;
; pifoEngines_0|enque_brain|engineCAM|banks_0_tags_54[16]                                   ;        ;
; pifoEngines_0|enque_brain|engineCAM|banks_0_tags_54[15]                                   ;        ;
; pifoEngines_0|enque_brain|engineCAM|banks_0_tags_54[4]                                    ;        ;
; guard|emptyPifos_3_125                                                                    ;        ;
; pifoEngines_0|enque_brain|engineCAM|banks_0_tags_57[15]                                   ;        ;
; pifoEngines_0|enque_brain|engineCAM|banks_0_valid_1                                       ;        ;
; pifoEngines_0|enque_brain|engineCAM|banks_0_valid_2                                       ;        ;
; pifoEngines_0|enque_brain|engineCAM|banks_0_tags_2[15]                                    ;        ;
; pifoEngines_0|enque_brain|engineCAM|banks_0_tags_7[9]                                     ;        ;
; pifoEngines_0|enque_brain|engineCAM|banks_0_tags_7[8]                                     ;        ;
; pifoEngines_0|enque_brain|engineCAM|banks_0_tags_7[10]                                    ;        ;
; pifoEngines_0|enque_brain|engineCAM|banks_0_tags_7[7]                                     ;        ;
; pifoEngines_0|enque_brain|engineCAM|banks_0_tags_7[5]                                     ;        ;
; pifoEngines_0|enque_brain|engineCAM|banks_0_tags_7[3]                                     ;        ;
; guard|emptyPifos_3_93                                                                     ;        ;
; pifoEngines_0|enque_brain|engineCAM|banks_0_tags_7[6]                                     ;        ;
; pifoEngines_0|enque_brain|engineCAM|banks_0_tags_7[4]                                     ;        ;
; pifoEngines_0|enque_brain|engineCAM|banks_0_tags_7[0]                                     ;        ;
; pifoEngines_0|enque_brain|engineCAM|banks_0_tags_7[2]                                     ;        ;
; pifoEngines_0|enque_brain|engineCAM|banks_0_tags_7[1]                                     ;        ;
; pifoEngines_0|enque_brain|engineCAM|banks_0_tags_7[14]                                    ;        ;
; pifoEngines_0|enque_brain|engineCAM|banks_0_tags_7[13]                                    ;        ;
; pifoEngines_0|enque_brain|engineCAM|banks_0_tags_7[12]                                    ;        ;
; pifoEngines_0|enque_brain|engineCAM|banks_0_tags_7[11]                                    ;        ;
; pifoEngines_0|enque_brain|engineCAM|banks_0_tags_7[16]                                    ;        ;
; guard|emptyPifos_3_108                                                                    ;        ;
; pifoEngines_0|enque_brain|engineCAM|banks_0_tags_7[15]                                    ;        ;
; pifoEngines_0|enque_brain|engineCAM|banks_0_valid_5                                       ;        ;
; pifoEngines_0|enque_brain|engineCAM|banks_0_valid_6                                       ;        ;
; pifoEngines_0|enque_brain|engineCAM|banks_0_tags_6[15]                                    ;        ;
; pifoEngines_0|enque_brain|engineCAM|banks_0_tags_5[15]                                    ;        ;
; pifoEngines_0|enque_brain|engineCAM|banks_0_tags_1[15]                                    ;        ;
; pifoEngines_0|enque_brain|engineCAM|banks_0_tags_0[9]                                     ;        ;
; pifoEngines_0|enque_brain|engineCAM|banks_0_tags_0[8]                                     ;        ;
; pifoEngines_0|enque_brain|engineCAM|banks_0_tags_0[10]                                    ;        ;
; pifoEngines_0|enque_brain|engineCAM|banks_0_tags_0[7]                                     ;        ;
; guard|emptyPifos_3_109                                                                    ;        ;
; pifoEngines_0|enque_brain|engineCAM|banks_0_tags_0[0]                                     ;        ;
; pifoEngines_0|enque_brain|engineCAM|banks_0_tags_0[2]                                     ;        ;
; pifoEngines_0|enque_brain|engineCAM|banks_0_tags_0[1]                                     ;        ;
; pifoEngines_0|enque_brain|engineCAM|banks_0_tags_0[14]                                    ;        ;
; pifoEngines_0|enque_brain|engineCAM|banks_0_tags_0[13]                                    ;        ;
; pifoEngines_0|enque_brain|engineCAM|banks_0_tags_0[12]                                    ;        ;
; pifoEngines_0|enque_brain|engineCAM|banks_0_tags_0[11]                                    ;        ;
; pifoEngines_0|enque_brain|engineCAM|banks_0_tags_0[16]                                    ;        ;
; pifoEngines_0|enque_brain|engineCAM|banks_0_tags_0[15]                                    ;        ;
; pifoEngines_0|enque_brain|engineCAM|banks_0_valid_0                                       ;        ;
; guard|emptyPifos_3_77                                                                     ;        ;
; pifoEngines_0|enque_brain|engineCAM|banks_0_tags_0[4]                                     ;        ;
; pifoEngines_0|enque_brain|engineCAM|banks_0_tags_3[9]                                     ;        ;
; pifoEngines_0|enque_brain|engineCAM|banks_0_tags_3[8]                                     ;        ;
; pifoEngines_0|enque_brain|engineCAM|banks_0_tags_3[10]                                    ;        ;
; pifoEngines_0|enque_brain|engineCAM|banks_0_tags_3[7]                                     ;        ;
; pifoEngines_0|enque_brain|engineCAM|banks_0_tags_3[5]                                     ;        ;
; pifoEngines_0|enque_brain|engineCAM|banks_0_tags_3[3]                                     ;        ;
; pifoEngines_0|enque_brain|engineCAM|banks_0_tags_3[6]                                     ;        ;
; pifoEngines_0|enque_brain|engineCAM|banks_0_tags_3[4]                                     ;        ;
; pifoEngines_0|enque_brain|engineCAM|banks_0_tags_3[0]                                     ;        ;
; guard|emptyPifos_3_15                                                                     ;        ;
; pifoEngines_0|enque_brain|engineCAM|banks_0_tags_3[2]                                     ;        ;
; pifoEngines_0|enque_brain|engineCAM|banks_0_tags_3[1]                                     ;        ;
; pifoEngines_0|enque_brain|engineCAM|banks_0_tags_3[14]                                    ;        ;
; pifoEngines_0|enque_brain|engineCAM|banks_0_tags_3[13]                                    ;        ;
; pifoEngines_0|enque_brain|engineCAM|banks_0_tags_3[12]                                    ;        ;
; pifoEngines_0|enque_brain|engineCAM|banks_0_tags_3[11]                                    ;        ;
; pifoEngines_0|enque_brain|engineCAM|banks_0_tags_3[16]                                    ;        ;
; pifoEngines_0|enque_brain|engineCAM|banks_0_tags_3[15]                                    ;        ;
; pifoEngines_0|enque_brain|engineCAM|banks_0_valid_3                                       ;        ;
; pifoEngines_0|enque_brain|engineCAM|banks_0_valid_4                                       ;        ;
; guard|emptyPifos_4_93                                                                     ;        ;
; guard|emptyPifos_3_13                                                                     ;        ;
; pifoEngines_0|enque_brain|engineCAM|banks_0_tags_4[15]                                    ;        ;
; pifoEngines_0|enque_brain|engineCAM|banks_0_valid_7                                       ;        ;
; pifoEngines_0|enque_brain|engineCAM|banks_0_valid_8                                       ;        ;
; pifoEngines_0|enque_brain|engineCAM|banks_0_tags_9[9]                                     ;        ;
; pifoEngines_0|enque_brain|engineCAM|banks_0_tags_9[8]                                     ;        ;
; pifoEngines_0|enque_brain|engineCAM|banks_0_tags_9[10]                                    ;        ;
; pifoEngines_0|enque_brain|engineCAM|banks_0_tags_9[7]                                     ;        ;
; pifoEngines_0|enque_brain|engineCAM|banks_0_tags_9[0]                                     ;        ;
; pifoEngines_0|enque_brain|engineCAM|banks_0_valid_9                                       ;        ;
; pifoEngines_0|enque_brain|engineCAM|banks_0_tags_9[2]                                     ;        ;
; guard|emptyPifos_3_10                                                                     ;        ;
; pifoEngines_0|enque_brain|engineCAM|banks_0_tags_9[1]                                     ;        ;
; pifoEngines_0|enque_brain|engineCAM|banks_0_tags_9[14]                                    ;        ;
; pifoEngines_0|enque_brain|engineCAM|banks_0_tags_9[13]                                    ;        ;
; pifoEngines_0|enque_brain|engineCAM|banks_0_tags_9[12]                                    ;        ;
; pifoEngines_0|enque_brain|engineCAM|banks_0_tags_9[11]                                    ;        ;
; pifoEngines_0|enque_brain|engineCAM|banks_0_tags_9[16]                                    ;        ;
; pifoEngines_0|enque_brain|engineCAM|banks_0_tags_9[15]                                    ;        ;
; pifoEngines_0|enque_brain|engineCAM|banks_0_tags_9[4]                                     ;        ;
; pifoEngines_0|enque_brain|engineCAM|banks_0_tags_8[9]                                     ;        ;
; pifoEngines_0|enque_brain|engineCAM|banks_0_tags_8[8]                                     ;        ;
; guard|emptyPifos_3_14                                                                     ;        ;
; pifoEngines_0|enque_brain|engineCAM|banks_0_tags_8[10]                                    ;        ;
; pifoEngines_0|enque_brain|engineCAM|banks_0_tags_8[7]                                     ;        ;
; pifoEngines_0|enque_brain|engineCAM|banks_0_tags_8[5]                                     ;        ;
; pifoEngines_0|enque_brain|engineCAM|banks_0_tags_8[3]                                     ;        ;
; pifoEngines_0|enque_brain|engineCAM|banks_0_tags_8[6]                                     ;        ;
; pifoEngines_0|enque_brain|engineCAM|banks_0_tags_8[4]                                     ;        ;
; pifoEngines_0|enque_brain|engineCAM|banks_0_tags_10[9]                                    ;        ;
; pifoEngines_0|enque_brain|engineCAM|banks_0_tags_10[8]                                    ;        ;
; pifoEngines_0|enque_brain|engineCAM|banks_0_tags_10[10]                                   ;        ;
; pifoEngines_0|enque_brain|engineCAM|banks_0_tags_10[7]                                    ;        ;
; guard|emptyPifos_3_12                                                                     ;        ;
; pifoEngines_0|enque_brain|engineCAM|banks_0_tags_10[0]                                    ;        ;
; pifoEngines_0|enque_brain|engineCAM|banks_0_valid_10                                      ;        ;
; pifoEngines_0|enque_brain|engineCAM|banks_0_tags_10[2]                                    ;        ;
; pifoEngines_0|enque_brain|engineCAM|banks_0_tags_10[1]                                    ;        ;
; pifoEngines_0|enque_brain|engineCAM|banks_0_tags_10[14]                                   ;        ;
; pifoEngines_0|enque_brain|engineCAM|banks_0_tags_10[13]                                   ;        ;
; pifoEngines_0|enque_brain|engineCAM|banks_0_tags_10[12]                                   ;        ;
; pifoEngines_0|enque_brain|engineCAM|banks_0_tags_10[11]                                   ;        ;
; pifoEngines_0|enque_brain|engineCAM|banks_0_tags_10[16]                                   ;        ;
; pifoEngines_0|enque_brain|engineCAM|banks_0_tags_10[15]                                   ;        ;
; guard|emptyPifos_3_3                                                                      ;        ;
; pifoEngines_0|enque_brain|engineCAM|banks_0_tags_10[4]                                    ;        ;
; pifoEngines_0|enque_brain|engineCAM|banks_0_tags_8[15]                                    ;        ;
; pifoEngines_0|enque_brain|engineCAM|banks_0_tags_13[9]                                    ;        ;
; pifoEngines_0|enque_brain|engineCAM|banks_0_tags_13[8]                                    ;        ;
; pifoEngines_0|enque_brain|engineCAM|banks_0_tags_13[10]                                   ;        ;
; pifoEngines_0|enque_brain|engineCAM|banks_0_tags_13[7]                                    ;        ;
; pifoEngines_0|enque_brain|engineCAM|banks_0_tags_13[5]                                    ;        ;
; pifoEngines_0|enque_brain|engineCAM|banks_0_tags_13[3]                                    ;        ;
; pifoEngines_0|enque_brain|engineCAM|banks_0_tags_13[6]                                    ;        ;
; pifoEngines_0|enque_brain|engineCAM|banks_0_tags_13[4]                                    ;        ;
; guard|emptyPifos_3_0                                                                      ;        ;
; pifoEngines_0|enque_brain|engineCAM|banks_0_tags_13[0]                                    ;        ;
; pifoEngines_0|enque_brain|engineCAM|banks_0_tags_13[2]                                    ;        ;
; pifoEngines_0|enque_brain|engineCAM|banks_0_tags_13[1]                                    ;        ;
; pifoEngines_0|enque_brain|engineCAM|banks_0_tags_13[14]                                   ;        ;
; pifoEngines_0|enque_brain|engineCAM|banks_0_tags_13[13]                                   ;        ;
; pifoEngines_0|enque_brain|engineCAM|banks_0_tags_13[12]                                   ;        ;
; pifoEngines_0|enque_brain|engineCAM|banks_0_tags_13[11]                                   ;        ;
; pifoEngines_0|enque_brain|engineCAM|banks_0_tags_13[16]                                   ;        ;
; pifoEngines_0|enque_brain|engineCAM|banks_0_tags_13[15]                                   ;        ;
; pifoEngines_0|enque_brain|engineCAM|banks_0_valid_13                                      ;        ;
; guard|emptyPifos_3_1                                                                      ;        ;
; pifoEngines_0|enque_brain|engineCAM|banks_0_valid_14                                      ;        ;
; pifoEngines_0|enque_brain|engineCAM|banks_0_tags_14[15]                                   ;        ;
; pifoEngines_0|enque_brain|engineCAM|banks_0_tags_12[15]                                   ;        ;
; pifoEngines_0|enque_brain|engineCAM|banks_0_tags_15[9]                                    ;        ;
; pifoEngines_0|enque_brain|engineCAM|banks_0_tags_15[8]                                    ;        ;
; pifoEngines_0|enque_brain|engineCAM|banks_0_tags_15[10]                                   ;        ;
; pifoEngines_0|enque_brain|engineCAM|banks_0_tags_15[7]                                    ;        ;
; pifoEngines_0|enque_brain|engineCAM|banks_0_tags_15[5]                                    ;        ;
; pifoEngines_0|enque_brain|engineCAM|banks_0_tags_15[3]                                    ;        ;
; pifoEngines_0|enque_brain|engineCAM|banks_0_tags_15[6]                                    ;        ;
; guard|emptyPifos_3_7                                                                      ;        ;
; pifoEngines_0|enque_brain|engineCAM|banks_0_tags_15[4]                                    ;        ;
; pifoEngines_0|enque_brain|engineCAM|banks_0_tags_15[0]                                    ;        ;
; pifoEngines_0|enque_brain|engineCAM|banks_0_tags_15[2]                                    ;        ;
; pifoEngines_0|enque_brain|engineCAM|banks_0_tags_15[1]                                    ;        ;
; pifoEngines_0|enque_brain|engineCAM|banks_0_tags_15[14]                                   ;        ;
; pifoEngines_0|enque_brain|engineCAM|banks_0_tags_15[13]                                   ;        ;
; pifoEngines_0|enque_brain|engineCAM|banks_0_tags_15[12]                                   ;        ;
; pifoEngines_0|enque_brain|engineCAM|banks_0_tags_15[11]                                   ;        ;
; pifoEngines_0|enque_brain|engineCAM|banks_0_tags_15[16]                                   ;        ;
; pifoEngines_0|enque_brain|engineCAM|banks_0_tags_15[15]                                   ;        ;
; guard|emptyPifos_3_5                                                                      ;        ;
; pifoEngines_0|enque_brain|engineCAM|banks_0_valid_15                                      ;        ;
; pifoEngines_0|enque_brain|engineCAM|banks_0_valid_16                                      ;        ;
; pifoEngines_0|enque_brain|engineCAM|banks_0_tags_17[9]                                    ;        ;
; pifoEngines_0|enque_brain|engineCAM|banks_0_tags_17[8]                                    ;        ;
; pifoEngines_0|enque_brain|engineCAM|banks_0_tags_17[10]                                   ;        ;
; pifoEngines_0|enque_brain|engineCAM|banks_0_tags_17[7]                                    ;        ;
; pifoEngines_0|enque_brain|engineCAM|banks_0_tags_17[0]                                    ;        ;
; pifoEngines_0|enque_brain|engineCAM|banks_0_valid_17                                      ;        ;
; pifoEngines_0|enque_brain|engineCAM|banks_0_tags_17[2]                                    ;        ;
; pifoEngines_0|enque_brain|engineCAM|banks_0_tags_17[1]                                    ;        ;
; guard|emptyPifos_3_2                                                                      ;        ;
; pifoEngines_0|enque_brain|engineCAM|banks_0_tags_17[14]                                   ;        ;
; pifoEngines_0|enque_brain|engineCAM|banks_0_tags_17[13]                                   ;        ;
; pifoEngines_0|enque_brain|engineCAM|banks_0_tags_17[12]                                   ;        ;
; pifoEngines_0|enque_brain|engineCAM|banks_0_tags_17[11]                                   ;        ;
; pifoEngines_0|enque_brain|engineCAM|banks_0_tags_17[16]                                   ;        ;
; pifoEngines_0|enque_brain|engineCAM|banks_0_tags_17[15]                                   ;        ;
; pifoEngines_0|enque_brain|engineCAM|banks_0_tags_17[4]                                    ;        ;
; pifoEngines_0|enque_brain|engineCAM|banks_0_tags_16[9]                                    ;        ;
; pifoEngines_0|enque_brain|engineCAM|banks_0_tags_16[8]                                    ;        ;
; pifoEngines_0|enque_brain|engineCAM|banks_0_tags_16[10]                                   ;        ;
; guard|emptyPifos_4_108                                                                    ;        ;
; guard|emptyPifos_3_6                                                                      ;        ;
; pifoEngines_0|enque_brain|engineCAM|banks_0_tags_16[7]                                    ;        ;
; pifoEngines_0|enque_brain|engineCAM|banks_0_tags_16[5]                                    ;        ;
; pifoEngines_0|enque_brain|engineCAM|banks_0_tags_16[3]                                    ;        ;
; pifoEngines_0|enque_brain|engineCAM|banks_0_tags_16[6]                                    ;        ;
; pifoEngines_0|enque_brain|engineCAM|banks_0_tags_16[4]                                    ;        ;
; pifoEngines_0|enque_brain|engineCAM|banks_0_tags_18[9]                                    ;        ;
; pifoEngines_0|enque_brain|engineCAM|banks_0_tags_18[8]                                    ;        ;
; pifoEngines_0|enque_brain|engineCAM|banks_0_tags_18[10]                                   ;        ;
; pifoEngines_0|enque_brain|engineCAM|banks_0_tags_18[7]                                    ;        ;
; pifoEngines_0|enque_brain|engineCAM|banks_0_tags_18[0]                                    ;        ;
; guard|emptyPifos_3_4                                                                      ;        ;
; pifoEngines_0|enque_brain|engineCAM|banks_0_valid_18                                      ;        ;
; pifoEngines_0|enque_brain|engineCAM|banks_0_tags_18[2]                                    ;        ;
; pifoEngines_0|enque_brain|engineCAM|banks_0_tags_18[1]                                    ;        ;
; pifoEngines_0|enque_brain|engineCAM|banks_0_tags_18[14]                                   ;        ;
; pifoEngines_0|enque_brain|engineCAM|banks_0_tags_18[13]                                   ;        ;
; pifoEngines_0|enque_brain|engineCAM|banks_0_tags_18[12]                                   ;        ;
; pifoEngines_0|enque_brain|engineCAM|banks_0_tags_18[11]                                   ;        ;
; pifoEngines_0|enque_brain|engineCAM|banks_0_tags_18[16]                                   ;        ;
; pifoEngines_0|enque_brain|engineCAM|banks_0_tags_18[15]                                   ;        ;
; pifoEngines_0|enque_brain|engineCAM|banks_0_tags_18[4]                                    ;        ;
; guard|emptyPifos_3_27                                                                     ;        ;
; pifoEngines_0|enque_brain|engineCAM|banks_0_tags_16[15]                                   ;        ;
; pifoEngines_0|enque_brain|engineCAM|banks_0_tags_23[15]                                   ;        ;
; pifoEngines_0|enque_brain|engineCAM|banks_0_tags_21[15]                                   ;        ;
; pifoEngines_0|enque_brain|engineCAM|banks_0_tags_22[15]                                   ;        ;
; pifoEngines_0|enque_brain|engineCAM|banks_0_tags_20[15]                                   ;        ;
; pifoEngines_0|enque_brain|engineCAM|banks_0_tags_32[9]                                    ;        ;
; pifoEngines_0|enque_brain|engineCAM|banks_0_tags_32[8]                                    ;        ;
; pifoEngines_0|enque_brain|engineCAM|banks_0_tags_32[10]                                   ;        ;
; pifoEngines_0|enque_brain|engineCAM|banks_0_tags_32[7]                                    ;        ;
; pifoEngines_0|enque_brain|engineCAM|banks_0_tags_32[5]                                    ;        ;
; guard|emptyPifos_3_24                                                                     ;        ;
; pifoEngines_0|enque_brain|engineCAM|banks_0_tags_32[3]                                    ;        ;
; pifoEngines_0|enque_brain|engineCAM|banks_0_tags_32[6]                                    ;        ;
; pifoEngines_0|enque_brain|engineCAM|banks_0_tags_32[4]                                    ;        ;
; pifoEngines_0|enque_brain|engineCAM|banks_0_tags_32[0]                                    ;        ;
; pifoEngines_0|enque_brain|engineCAM|banks_0_tags_32[2]                                    ;        ;
; pifoEngines_0|enque_brain|engineCAM|banks_0_tags_32[1]                                    ;        ;
; pifoEngines_0|enque_brain|engineCAM|banks_0_tags_32[14]                                   ;        ;
; pifoEngines_0|enque_brain|engineCAM|banks_0_tags_32[13]                                   ;        ;
; pifoEngines_0|enque_brain|engineCAM|banks_0_tags_32[12]                                   ;        ;
; pifoEngines_0|enque_brain|engineCAM|banks_0_tags_32[11]                                   ;        ;
; guard|emptyPifos_3_25                                                                     ;        ;
; pifoEngines_0|enque_brain|engineCAM|banks_0_tags_32[16]                                   ;        ;
; pifoEngines_0|enque_brain|engineCAM|banks_0_tags_32[15]                                   ;        ;
; pifoEngines_0|enque_brain|engineCAM|banks_0_tags_30[9]                                    ;        ;
; pifoEngines_0|enque_brain|engineCAM|banks_0_tags_30[8]                                    ;        ;
; pifoEngines_0|enque_brain|engineCAM|banks_0_tags_30[10]                                   ;        ;
; pifoEngines_0|enque_brain|engineCAM|banks_0_tags_30[7]                                    ;        ;
; pifoEngines_0|enque_brain|engineCAM|banks_0_tags_30[0]                                    ;        ;
; pifoEngines_0|enque_brain|engineCAM|banks_0_valid_30                                      ;        ;
; pifoEngines_0|enque_brain|engineCAM|banks_0_tags_30[2]                                    ;        ;
; pifoEngines_0|enque_brain|engineCAM|banks_0_tags_30[1]                                    ;        ;
; guard|emptyPifos_3_31                                                                     ;        ;
; pifoEngines_0|enque_brain|engineCAM|banks_0_tags_30[14]                                   ;        ;
; pifoEngines_0|enque_brain|engineCAM|banks_0_tags_30[13]                                   ;        ;
; pifoEngines_0|enque_brain|engineCAM|banks_0_tags_30[12]                                   ;        ;
; pifoEngines_0|enque_brain|engineCAM|banks_0_tags_30[11]                                   ;        ;
; pifoEngines_0|enque_brain|engineCAM|banks_0_tags_30[16]                                   ;        ;
; pifoEngines_0|enque_brain|engineCAM|banks_0_tags_30[15]                                   ;        ;
; pifoEngines_0|enque_brain|engineCAM|banks_0_tags_27[15]                                   ;        ;
; pifoEngines_0|enque_brain|engineCAM|banks_0_tags_25[9]                                    ;        ;
; pifoEngines_0|enque_brain|engineCAM|banks_0_tags_25[8]                                    ;        ;
; pifoEngines_0|enque_brain|engineCAM|banks_0_tags_25[10]                                   ;        ;
; guard|emptyPifos_3_29                                                                     ;        ;
; pifoEngines_0|enque_brain|engineCAM|banks_0_tags_25[7]                                    ;        ;
; pifoEngines_0|enque_brain|engineCAM|banks_0_tags_25[0]                                    ;        ;
; pifoEngines_0|enque_brain|engineCAM|banks_0_valid_25                                      ;        ;
; pifoEngines_0|enque_brain|engineCAM|banks_0_tags_25[2]                                    ;        ;
; pifoEngines_0|enque_brain|engineCAM|banks_0_tags_25[1]                                    ;        ;
; pifoEngines_0|enque_brain|engineCAM|banks_0_tags_25[14]                                   ;        ;
; pifoEngines_0|enque_brain|engineCAM|banks_0_tags_25[13]                                   ;        ;
; pifoEngines_0|enque_brain|engineCAM|banks_0_tags_25[12]                                   ;        ;
; pifoEngines_0|enque_brain|engineCAM|banks_0_tags_25[11]                                   ;        ;
; pifoEngines_0|enque_brain|engineCAM|banks_0_tags_25[16]                                   ;        ;
; guard|emptyPifos_3_26                                                                     ;        ;
; pifoEngines_0|enque_brain|engineCAM|banks_0_tags_25[15]                                   ;        ;
; pifoEngines_0|enque_brain|engineCAM|banks_0_tags_25[4]                                    ;        ;
; pifoEngines_0|enque_brain|engineCAM|banks_0_tags_24[9]                                    ;        ;
; pifoEngines_0|enque_brain|engineCAM|banks_0_tags_24[8]                                    ;        ;
; pifoEngines_0|enque_brain|engineCAM|banks_0_tags_24[10]                                   ;        ;
; pifoEngines_0|enque_brain|engineCAM|banks_0_tags_24[7]                                    ;        ;
; pifoEngines_0|enque_brain|engineCAM|banks_0_tags_24[5]                                    ;        ;
; pifoEngines_0|enque_brain|engineCAM|banks_0_tags_24[3]                                    ;        ;
; pifoEngines_0|enque_brain|engineCAM|banks_0_tags_24[6]                                    ;        ;
; pifoEngines_0|enque_brain|engineCAM|banks_0_tags_24[4]                                    ;        ;
; guard|emptyPifos_3_30                                                                     ;        ;
; pifoEngines_0|enque_brain|engineCAM|banks_0_tags_26[15]                                   ;        ;
; pifoEngines_0|enque_brain|engineCAM|banks_0_tags_24[15]                                   ;        ;
; pifoEngines_0|enque_brain|engineCAM|banks_0_tags_29[15]                                   ;        ;
; pifoEngines_0|enque_brain|engineCAM|banks_0_tags_30[4]                                    ;        ;
; pifoEngines_0|enque_brain|engineCAM|banks_0_tags_28[15]                                   ;        ;
; pifoEngines_0|enque_brain|engineCAM|banks_0_valid_32                                      ;        ;
; pifoEngines_0|enque_brain|engineCAM|banks_0_valid_33                                      ;        ;
; pifoEngines_0|enque_brain|engineCAM|banks_0_valid_35                                      ;        ;
; pifoEngines_0|enque_brain|engineCAM|banks_0_valid_37                                      ;        ;
; pifoEngines_0|enque_brain|engineCAM|banks_0_valid_38                                      ;        ;
; guard|emptyPifos_3_28                                                                     ;        ;
; pifoEngines_0|enque_brain|engineCAM|banks_0_valid_39                                      ;        ;
; pifoEngines_0|enque_brain|engineCAM|banks_0_valid_40                                      ;        ;
; pifoEngines_0|enque_brain|engineCAM|banks_0_tags_40[15]                                   ;        ;
; pifoEngines_0|enque_brain|engineCAM|banks_0_tags_42[15]                                   ;        ;
; pifoEngines_0|enque_brain|engineCAM|banks_0_tags_46[9]                                    ;        ;
; pifoEngines_0|enque_brain|engineCAM|banks_0_tags_46[8]                                    ;        ;
; pifoEngines_0|enque_brain|engineCAM|banks_0_tags_46[10]                                   ;        ;
; pifoEngines_0|enque_brain|engineCAM|banks_0_tags_46[7]                                    ;        ;
; pifoEngines_0|enque_brain|engineCAM|banks_0_tags_46[0]                                    ;        ;
; pifoEngines_0|enque_brain|engineCAM|banks_0_valid_46                                      ;        ;
; guard|emptyPifos_4_109                                                                    ;        ;
; guard|emptyPifos_3_11                                                                     ;        ;
; pifoEngines_0|enque_brain|engineCAM|banks_0_tags_46[2]                                    ;        ;
; pifoEngines_0|enque_brain|engineCAM|banks_0_tags_46[1]                                    ;        ;
; pifoEngines_0|enque_brain|engineCAM|banks_0_tags_46[14]                                   ;        ;
; pifoEngines_0|enque_brain|engineCAM|banks_0_tags_46[13]                                   ;        ;
; pifoEngines_0|enque_brain|engineCAM|banks_0_tags_46[12]                                   ;        ;
; pifoEngines_0|enque_brain|engineCAM|banks_0_tags_46[11]                                   ;        ;
; pifoEngines_0|enque_brain|engineCAM|banks_0_tags_46[16]                                   ;        ;
; pifoEngines_0|enque_brain|engineCAM|banks_0_tags_46[15]                                   ;        ;
; pifoEngines_0|enque_brain|engineCAM|banks_0_tags_46[4]                                    ;        ;
; pifoEngines_0|enque_brain|engineCAM|banks_0_tags_45[9]                                    ;        ;
; guard|emptyPifos_3_8                                                                      ;        ;
; pifoEngines_0|enque_brain|engineCAM|banks_0_tags_45[8]                                    ;        ;
; pifoEngines_0|enque_brain|engineCAM|banks_0_tags_45[10]                                   ;        ;
; pifoEngines_0|enque_brain|engineCAM|banks_0_tags_45[7]                                    ;        ;
; pifoEngines_0|enque_brain|engineCAM|banks_0_tags_45[5]                                    ;        ;
; pifoEngines_0|enque_brain|engineCAM|banks_0_tags_45[3]                                    ;        ;
; pifoEngines_0|enque_brain|engineCAM|banks_0_tags_45[6]                                    ;        ;
; pifoEngines_0|enque_brain|engineCAM|banks_0_tags_45[4]                                    ;        ;
; pifoEngines_0|enque_brain|engineCAM|banks_0_tags_48[9]                                    ;        ;
; pifoEngines_0|enque_brain|engineCAM|banks_0_tags_48[8]                                    ;        ;
; pifoEngines_0|enque_brain|engineCAM|banks_0_tags_48[10]                                   ;        ;
; guard|emptyPifos_3_9                                                                      ;        ;
; pifoEngines_0|enque_brain|engineCAM|banks_0_tags_48[7]                                    ;        ;
; pifoEngines_0|enque_brain|engineCAM|banks_0_tags_48[0]                                    ;        ;
; pifoEngines_0|enque_brain|engineCAM|banks_0_valid_48                                      ;        ;
; pifoEngines_0|enque_brain|engineCAM|banks_0_tags_48[2]                                    ;        ;
; pifoEngines_0|enque_brain|engineCAM|banks_0_tags_48[1]                                    ;        ;
; pifoEngines_0|enque_brain|engineCAM|banks_0_tags_48[14]                                   ;        ;
; pifoEngines_0|enque_brain|engineCAM|banks_0_tags_48[13]                                   ;        ;
; pifoEngines_0|enque_brain|engineCAM|banks_0_tags_48[12]                                   ;        ;
; pifoEngines_0|enque_brain|engineCAM|banks_0_tags_48[11]                                   ;        ;
; pifoEngines_0|enque_brain|engineCAM|banks_0_tags_48[16]                                   ;        ;
; guard|emptyPifos_3_19                                                                     ;        ;
; pifoEngines_0|enque_brain|engineCAM|banks_0_tags_48[15]                                   ;        ;
; pifoEngines_0|enque_brain|engineCAM|banks_0_tags_48[4]                                    ;        ;
; pifoEngines_0|enque_brain|engineCAM|banks_0_tags_45[15]                                   ;        ;
; pifoEngines_0|enque_brain|engineCAM|banks_0_tags_43[9]                                    ;        ;
; pifoEngines_0|enque_brain|engineCAM|banks_0_tags_43[8]                                    ;        ;
; pifoEngines_0|enque_brain|engineCAM|banks_0_tags_43[10]                                   ;        ;
; pifoEngines_0|enque_brain|engineCAM|banks_0_tags_43[7]                                    ;        ;
; pifoEngines_0|enque_brain|engineCAM|banks_0_tags_43[0]                                    ;        ;
; pifoEngines_0|enque_brain|engineCAM|banks_0_valid_43                                      ;        ;
; pifoEngines_0|enque_brain|engineCAM|banks_0_tags_43[2]                                    ;        ;
; guard|emptyPifos_3_16                                                                     ;        ;
; pifoEngines_0|enque_brain|engineCAM|banks_0_tags_43[1]                                    ;        ;
; pifoEngines_0|enque_brain|engineCAM|banks_0_tags_43[14]                                   ;        ;
; pifoEngines_0|enque_brain|engineCAM|banks_0_tags_43[13]                                   ;        ;
; pifoEngines_0|enque_brain|engineCAM|banks_0_tags_43[12]                                   ;        ;
; pifoEngines_0|enque_brain|engineCAM|banks_0_tags_43[11]                                   ;        ;
; pifoEngines_0|enque_brain|engineCAM|banks_0_tags_43[16]                                   ;        ;
; pifoEngines_0|enque_brain|engineCAM|banks_0_tags_43[15]                                   ;        ;
; pifoEngines_0|enque_brain|engineCAM|banks_0_tags_43[4]                                    ;        ;
; pifoEngines_0|enque_brain|engineCAM|banks_0_tags_41[9]                                    ;        ;
; pifoEngines_0|enque_brain|engineCAM|banks_0_tags_41[8]                                    ;        ;
; guard|emptyPifos_3_17                                                                     ;        ;
; pifoEngines_0|enque_brain|engineCAM|banks_0_tags_41[10]                                   ;        ;
; pifoEngines_0|enque_brain|engineCAM|banks_0_tags_41[7]                                    ;        ;
; pifoEngines_0|enque_brain|engineCAM|banks_0_tags_41[0]                                    ;        ;
; pifoEngines_0|enque_brain|engineCAM|banks_0_valid_41                                      ;        ;
; pifoEngines_0|enque_brain|engineCAM|banks_0_tags_41[2]                                    ;        ;
; pifoEngines_0|enque_brain|engineCAM|banks_0_tags_41[1]                                    ;        ;
; pifoEngines_0|enque_brain|engineCAM|banks_0_tags_41[14]                                   ;        ;
; pifoEngines_0|enque_brain|engineCAM|banks_0_tags_41[13]                                   ;        ;
; pifoEngines_0|enque_brain|engineCAM|banks_0_tags_41[12]                                   ;        ;
; pifoEngines_0|enque_brain|engineCAM|banks_0_tags_41[11]                                   ;        ;
; guard|emptyPifos_3_23                                                                     ;        ;
; pifoEngines_0|enque_brain|engineCAM|banks_0_tags_41[16]                                   ;        ;
; pifoEngines_0|enque_brain|engineCAM|banks_0_tags_41[15]                                   ;        ;
; pifoEngines_0|enque_brain|engineCAM|banks_0_tags_41[4]                                    ;        ;
; pifoEngines_0|enque_brain|engineCAM|banks_0_tags_38[15]                                   ;        ;
; pifoEngines_0|enque_brain|engineCAM|banks_0_tags_39[15]                                   ;        ;
; pifoEngines_0|enque_brain|engineCAM|banks_0_tags_37[15]                                   ;        ;
; pifoEngines_0|enque_brain|engineCAM|banks_0_tags_36[9]                                    ;        ;
; pifoEngines_0|enque_brain|engineCAM|banks_0_tags_36[8]                                    ;        ;
; pifoEngines_0|enque_brain|engineCAM|banks_0_tags_36[10]                                   ;        ;
; pifoEngines_0|enque_brain|engineCAM|banks_0_tags_36[7]                                    ;        ;
; guard|emptyPifos_3_21                                                                     ;        ;
; pifoEngines_0|enque_brain|engineCAM|banks_0_tags_36[0]                                    ;        ;
; pifoEngines_0|enque_brain|engineCAM|banks_0_valid_36                                      ;        ;
; pifoEngines_0|enque_brain|engineCAM|banks_0_tags_36[2]                                    ;        ;
; pifoEngines_0|enque_brain|engineCAM|banks_0_tags_36[1]                                    ;        ;
; pifoEngines_0|enque_brain|engineCAM|banks_0_tags_36[14]                                   ;        ;
; pifoEngines_0|enque_brain|engineCAM|banks_0_tags_36[13]                                   ;        ;
; pifoEngines_0|enque_brain|engineCAM|banks_0_tags_36[12]                                   ;        ;
; pifoEngines_0|enque_brain|engineCAM|banks_0_tags_36[11]                                   ;        ;
; pifoEngines_0|enque_brain|engineCAM|banks_0_tags_36[16]                                   ;        ;
; pifoEngines_0|enque_brain|engineCAM|banks_0_tags_36[15]                                   ;        ;
; guard|emptyPifos_3_18                                                                     ;        ;
; pifoEngines_0|enque_brain|engineCAM|banks_0_tags_36[4]                                    ;        ;
; pifoEngines_0|enque_brain|engineCAM|banks_0_tags_35[9]                                    ;        ;
; pifoEngines_0|enque_brain|engineCAM|banks_0_tags_35[8]                                    ;        ;
; pifoEngines_0|enque_brain|engineCAM|banks_0_tags_35[10]                                   ;        ;
; pifoEngines_0|enque_brain|engineCAM|banks_0_tags_35[7]                                    ;        ;
; pifoEngines_0|enque_brain|engineCAM|banks_0_tags_35[5]                                    ;        ;
; pifoEngines_0|enque_brain|engineCAM|banks_0_tags_35[3]                                    ;        ;
; pifoEngines_0|enque_brain|engineCAM|banks_0_tags_35[6]                                    ;        ;
; pifoEngines_0|enque_brain|engineCAM|banks_0_tags_35[4]                                    ;        ;
; pifoEngines_0|enque_brain|engineCAM|banks_0_tags_34[9]                                    ;        ;
; guard|emptyPifos_3_22                                                                     ;        ;
; pifoEngines_0|enque_brain|engineCAM|banks_0_tags_34[8]                                    ;        ;
; pifoEngines_0|enque_brain|engineCAM|banks_0_tags_34[10]                                   ;        ;
; pifoEngines_0|enque_brain|engineCAM|banks_0_tags_34[7]                                    ;        ;
; pifoEngines_0|enque_brain|engineCAM|banks_0_tags_34[0]                                    ;        ;
; pifoEngines_0|enque_brain|engineCAM|banks_0_valid_34                                      ;        ;
; pifoEngines_0|enque_brain|engineCAM|banks_0_tags_34[2]                                    ;        ;
; pifoEngines_0|enque_brain|engineCAM|banks_0_tags_34[1]                                    ;        ;
; pifoEngines_0|enque_brain|engineCAM|banks_0_tags_34[14]                                   ;        ;
; pifoEngines_0|enque_brain|engineCAM|banks_0_tags_34[13]                                   ;        ;
; pifoEngines_0|enque_brain|engineCAM|banks_0_tags_34[12]                                   ;        ;
; guard|emptyPifos_4_77                                                                     ;        ;
; guard|emptyPifos_3_20                                                                     ;        ;
; pifoEngines_0|enque_brain|engineCAM|banks_0_tags_34[11]                                   ;        ;
; pifoEngines_0|enque_brain|engineCAM|banks_0_tags_34[16]                                   ;        ;
; pifoEngines_0|enque_brain|engineCAM|banks_0_tags_34[15]                                   ;        ;
; pifoEngines_0|enque_brain|engineCAM|banks_0_tags_34[4]                                    ;        ;
; pifoEngines_0|enque_brain|engineCAM|banks_0_tags_33[9]                                    ;        ;
; pifoEngines_0|enque_brain|engineCAM|banks_0_tags_33[8]                                    ;        ;
; pifoEngines_0|enque_brain|engineCAM|banks_0_tags_33[10]                                   ;        ;
; pifoEngines_0|enque_brain|engineCAM|banks_0_tags_33[7]                                    ;        ;
; pifoEngines_0|enque_brain|engineCAM|banks_0_tags_33[5]                                    ;        ;
; pifoEngines_0|enque_brain|engineCAM|banks_0_tags_33[3]                                    ;        ;
; guard|emptyPifos_3_47                                                                     ;        ;
; pifoEngines_0|enque_brain|engineCAM|banks_0_tags_33[6]                                    ;        ;
; pifoEngines_0|enque_brain|engineCAM|banks_0_tags_33[4]                                    ;        ;
; pifoEngines_0|enque_brain|engineCAM|banks_0_tags_35[15]                                   ;        ;
; pifoEngines_0|enque_brain|engineCAM|banks_0_tags_33[15]                                   ;        ;
; pifoEngines_0|enque_brain|engineCAM|banks_0_tags_105[15]                                  ;        ;
; pifoEngines_0|enque_brain|engineCAM|banks_0_tags_104[9]                                   ;        ;
; pifoEngines_0|enque_brain|engineCAM|banks_0_tags_104[8]                                   ;        ;
; pifoEngines_0|enque_brain|engineCAM|banks_0_tags_104[10]                                  ;        ;
; pifoEngines_0|enque_brain|engineCAM|banks_0_tags_104[7]                                   ;        ;
; pifoEngines_0|enque_brain|engineCAM|banks_0_tags_104[0]                                   ;        ;
; guard|emptyPifos_3_39                                                                     ;        ;
; pifoEngines_0|enque_brain|engineCAM|banks_0_valid_104                                     ;        ;
; pifoEngines_0|enque_brain|engineCAM|banks_0_tags_104[2]                                   ;        ;
; pifoEngines_0|enque_brain|engineCAM|banks_0_tags_104[1]                                   ;        ;
; pifoEngines_0|enque_brain|engineCAM|banks_0_tags_104[14]                                  ;        ;
; pifoEngines_0|enque_brain|engineCAM|banks_0_tags_104[13]                                  ;        ;
; pifoEngines_0|enque_brain|engineCAM|banks_0_tags_104[12]                                  ;        ;
; pifoEngines_0|enque_brain|engineCAM|banks_0_tags_104[11]                                  ;        ;
; pifoEngines_0|enque_brain|engineCAM|banks_0_tags_104[16]                                  ;        ;
; pifoEngines_0|enque_brain|engineCAM|banks_0_tags_104[15]                                  ;        ;
; pifoEngines_0|enque_brain|engineCAM|banks_0_tags_108[9]                                   ;        ;
; guard|emptyPifos_3_42                                                                     ;        ;
; pifoEngines_0|enque_brain|engineCAM|banks_0_tags_108[8]                                   ;        ;
; pifoEngines_0|enque_brain|engineCAM|banks_0_tags_108[10]                                  ;        ;
; pifoEngines_0|enque_brain|engineCAM|banks_0_tags_108[7]                                   ;        ;
; pifoEngines_0|enque_brain|engineCAM|banks_0_tags_108[0]                                   ;        ;
; pifoEngines_0|enque_brain|engineCAM|banks_0_valid_108                                     ;        ;
; pifoEngines_0|enque_brain|engineCAM|banks_0_tags_108[2]                                   ;        ;
; pifoEngines_0|enque_brain|engineCAM|banks_0_tags_108[1]                                   ;        ;
; pifoEngines_0|enque_brain|engineCAM|banks_0_tags_108[14]                                  ;        ;
; pifoEngines_0|enque_brain|engineCAM|banks_0_tags_108[13]                                  ;        ;
; pifoEngines_0|enque_brain|engineCAM|banks_0_tags_108[12]                                  ;        ;
; guard|emptyPifos_3_43                                                                     ;        ;
; pifoEngines_0|enque_brain|engineCAM|banks_0_tags_108[11]                                  ;        ;
; pifoEngines_0|enque_brain|engineCAM|banks_0_tags_108[16]                                  ;        ;
; pifoEngines_0|enque_brain|engineCAM|banks_0_tags_108[15]                                  ;        ;
; pifoEngines_0|enque_brain|engineCAM|banks_0_tags_108[4]                                   ;        ;
; pifoEngines_0|enque_brain|engineCAM|banks_0_tags_106[9]                                   ;        ;
; pifoEngines_0|enque_brain|engineCAM|banks_0_tags_106[8]                                   ;        ;
; pifoEngines_0|enque_brain|engineCAM|banks_0_tags_106[10]                                  ;        ;
; pifoEngines_0|enque_brain|engineCAM|banks_0_tags_106[7]                                   ;        ;
; pifoEngines_0|enque_brain|engineCAM|banks_0_tags_106[5]                                   ;        ;
; pifoEngines_0|enque_brain|engineCAM|banks_0_tags_106[3]                                   ;        ;
; guard|emptyPifos_3_35                                                                     ;        ;
; pifoEngines_0|enque_brain|engineCAM|banks_0_tags_106[6]                                   ;        ;
; pifoEngines_0|enque_brain|engineCAM|banks_0_tags_106[4]                                   ;        ;
; pifoEngines_0|enque_brain|engineCAM|banks_0_tags_112[9]                                   ;        ;
; pifoEngines_0|enque_brain|engineCAM|banks_0_tags_112[8]                                   ;        ;
; pifoEngines_0|enque_brain|engineCAM|banks_0_tags_112[10]                                  ;        ;
; pifoEngines_0|enque_brain|engineCAM|banks_0_tags_112[7]                                   ;        ;
; pifoEngines_0|enque_brain|engineCAM|banks_0_tags_112[0]                                   ;        ;
; pifoEngines_0|enque_brain|engineCAM|banks_0_valid_112                                     ;        ;
; pifoEngines_0|enque_brain|engineCAM|banks_0_tags_112[2]                                   ;        ;
; pifoEngines_0|enque_brain|engineCAM|banks_0_tags_112[1]                                   ;        ;
; guard|emptyPifos_3_44                                                                     ;        ;
; pifoEngines_0|enque_brain|engineCAM|banks_0_tags_112[14]                                  ;        ;
; pifoEngines_0|enque_brain|engineCAM|banks_0_tags_112[13]                                  ;        ;
; pifoEngines_0|enque_brain|engineCAM|banks_0_tags_112[12]                                  ;        ;
; pifoEngines_0|enque_brain|engineCAM|banks_0_tags_112[11]                                  ;        ;
; pifoEngines_0|enque_brain|engineCAM|banks_0_tags_112[16]                                  ;        ;
; pifoEngines_0|enque_brain|engineCAM|banks_0_tags_112[15]                                  ;        ;
; pifoEngines_0|enque_brain|engineCAM|banks_0_tags_112[4]                                   ;        ;
; pifoEngines_0|enque_brain|engineCAM|banks_0_tags_106[15]                                  ;        ;
; pifoEngines_0|enque_brain|engineCAM|banks_0_tags_102[15]                                  ;        ;
; pifoEngines_0|enque_brain|engineCAM|banks_0_tags_104[4]                                   ;        ;
; guard|emptyPifos_3_32                                                                     ;        ;
; pifoEngines_0|enque_brain|engineCAM|banks_0_tags_101[9]                                   ;        ;
; pifoEngines_0|enque_brain|engineCAM|banks_0_tags_101[8]                                   ;        ;
; pifoEngines_0|enque_brain|engineCAM|banks_0_tags_101[10]                                  ;        ;
; pifoEngines_0|enque_brain|engineCAM|banks_0_tags_101[7]                                   ;        ;
; pifoEngines_0|enque_brain|engineCAM|banks_0_tags_101[0]                                   ;        ;
; pifoEngines_0|enque_brain|engineCAM|banks_0_valid_101                                     ;        ;
; pifoEngines_0|enque_brain|engineCAM|banks_0_tags_101[2]                                   ;        ;
; pifoEngines_0|enque_brain|engineCAM|banks_0_tags_101[1]                                   ;        ;
; pifoEngines_0|enque_brain|engineCAM|banks_0_tags_101[14]                                  ;        ;
; pifoEngines_0|enque_brain|engineCAM|banks_0_tags_101[13]                                  ;        ;
; guard|emptyPifos_3_36                                                                     ;        ;
; pifoEngines_0|enque_brain|engineCAM|banks_0_tags_101[12]                                  ;        ;
; pifoEngines_0|enque_brain|engineCAM|banks_0_tags_101[11]                                  ;        ;
; pifoEngines_0|enque_brain|engineCAM|banks_0_tags_101[16]                                  ;        ;
; pifoEngines_0|enque_brain|engineCAM|banks_0_tags_101[15]                                  ;        ;
; pifoEngines_0|enque_brain|engineCAM|banks_0_tags_101[4]                                   ;        ;
; pifoEngines_0|enque_brain|engineCAM|banks_0_tags_98[9]                                    ;        ;
; pifoEngines_0|enque_brain|engineCAM|banks_0_tags_98[8]                                    ;        ;
; pifoEngines_0|enque_brain|engineCAM|banks_0_tags_98[10]                                   ;        ;
; pifoEngines_0|enque_brain|engineCAM|banks_0_tags_98[7]                                    ;        ;
; pifoEngines_0|enque_brain|engineCAM|banks_0_tags_98[0]                                    ;        ;
; guard|emptyPifos_3_45                                                                     ;        ;
; pifoEngines_0|enque_brain|engineCAM|banks_0_valid_98                                      ;        ;
; pifoEngines_0|enque_brain|engineCAM|banks_0_tags_98[2]                                    ;        ;
; pifoEngines_0|enque_brain|engineCAM|banks_0_tags_98[1]                                    ;        ;
; pifoEngines_0|enque_brain|engineCAM|banks_0_tags_98[14]                                   ;        ;
; pifoEngines_0|enque_brain|engineCAM|banks_0_tags_98[13]                                   ;        ;
; pifoEngines_0|enque_brain|engineCAM|banks_0_tags_98[12]                                   ;        ;
; pifoEngines_0|enque_brain|engineCAM|banks_0_tags_98[11]                                   ;        ;
; pifoEngines_0|enque_brain|engineCAM|banks_0_tags_98[16]                                   ;        ;
; pifoEngines_0|enque_brain|engineCAM|banks_0_tags_98[15]                                   ;        ;
; pifoEngines_0|enque_brain|engineCAM|banks_0_tags_98[4]                                    ;        ;
; guard|emptyPifos_4_126                                                                    ;        ;
; guard|emptyPifos_3_37                                                                     ;        ;
; pifoEngines_0|enque_brain|engineCAM|banks_0_tags_97[9]                                    ;        ;
; pifoEngines_0|enque_brain|engineCAM|banks_0_tags_97[8]                                    ;        ;
; pifoEngines_0|enque_brain|engineCAM|banks_0_tags_97[10]                                   ;        ;
; pifoEngines_0|enque_brain|engineCAM|banks_0_tags_97[7]                                    ;        ;
; pifoEngines_0|enque_brain|engineCAM|banks_0_tags_97[5]                                    ;        ;
; pifoEngines_0|enque_brain|engineCAM|banks_0_tags_97[3]                                    ;        ;
; pifoEngines_0|enque_brain|engineCAM|banks_0_tags_97[6]                                    ;        ;
; pifoEngines_0|enque_brain|engineCAM|banks_0_tags_97[4]                                    ;        ;
; pifoEngines_0|enque_brain|engineCAM|banks_0_tags_99[9]                                    ;        ;
; pifoEngines_0|enque_brain|engineCAM|banks_0_tags_99[8]                                    ;        ;
; guard|emptyPifos_3_40                                                                     ;        ;
; pifoEngines_0|enque_brain|engineCAM|banks_0_tags_99[10]                                   ;        ;
; pifoEngines_0|enque_brain|engineCAM|banks_0_tags_99[7]                                    ;        ;
; pifoEngines_0|enque_brain|engineCAM|banks_0_tags_99[0]                                    ;        ;
; pifoEngines_0|enque_brain|engineCAM|banks_0_valid_99                                      ;        ;
; pifoEngines_0|enque_brain|engineCAM|banks_0_tags_99[2]                                    ;        ;
; pifoEngines_0|enque_brain|engineCAM|banks_0_tags_99[1]                                    ;        ;
; pifoEngines_0|enque_brain|engineCAM|banks_0_tags_99[14]                                   ;        ;
; pifoEngines_0|enque_brain|engineCAM|banks_0_tags_99[13]                                   ;        ;
; pifoEngines_0|enque_brain|engineCAM|banks_0_tags_99[12]                                   ;        ;
; pifoEngines_0|enque_brain|engineCAM|banks_0_tags_99[11]                                   ;        ;
; guard|emptyPifos_3_41                                                                     ;        ;
; pifoEngines_0|enque_brain|engineCAM|banks_0_tags_99[16]                                   ;        ;
; pifoEngines_0|enque_brain|engineCAM|banks_0_tags_99[15]                                   ;        ;
; pifoEngines_0|enque_brain|engineCAM|banks_0_tags_99[4]                                    ;        ;
; pifoEngines_0|enque_brain|engineCAM|banks_0_tags_97[15]                                   ;        ;
; pifoEngines_0|enque_brain|engineCAM|banks_0_tags_90[15]                                   ;        ;
; pifoEngines_0|enque_brain|engineCAM|banks_0_tags_92[4]                                    ;        ;
; pifoEngines_0|enque_brain|engineCAM|banks_0_tags_89[15]                                   ;        ;
; pifoEngines_0|enque_brain|engineCAM|banks_0_tags_88[15]                                   ;        ;
; pifoEngines_0|enque_brain|engineCAM|banks_0_tags_86[9]                                    ;        ;
; pifoEngines_0|enque_brain|engineCAM|banks_0_tags_86[8]                                    ;        ;
; guard|emptyPifos_3_33                                                                     ;        ;
; pifoEngines_0|enque_brain|engineCAM|banks_0_tags_86[10]                                   ;        ;
; pifoEngines_0|enque_brain|engineCAM|banks_0_tags_86[7]                                    ;        ;
; pifoEngines_0|enque_brain|engineCAM|banks_0_tags_86[0]                                    ;        ;
; pifoEngines_0|enque_brain|engineCAM|banks_0_valid_86                                      ;        ;
; pifoEngines_0|enque_brain|engineCAM|banks_0_tags_86[2]                                    ;        ;
; pifoEngines_0|enque_brain|engineCAM|banks_0_tags_86[1]                                    ;        ;
; pifoEngines_0|enque_brain|engineCAM|banks_0_tags_86[14]                                   ;        ;
; pifoEngines_0|enque_brain|engineCAM|banks_0_tags_86[13]                                   ;        ;
; pifoEngines_0|enque_brain|engineCAM|banks_0_tags_86[12]                                   ;        ;
; pifoEngines_0|enque_brain|engineCAM|banks_0_tags_86[11]                                   ;        ;
; guard|emptyPifos_3_62                                                                     ;        ;
; pifoEngines_0|enque_brain|engineCAM|banks_0_tags_86[16]                                   ;        ;
; pifoEngines_0|enque_brain|engineCAM|banks_0_tags_86[15]                                   ;        ;
; pifoEngines_0|enque_brain|engineCAM|banks_0_tags_81[9]                                    ;        ;
; pifoEngines_0|enque_brain|engineCAM|banks_0_tags_81[8]                                    ;        ;
; pifoEngines_0|enque_brain|engineCAM|banks_0_tags_81[10]                                   ;        ;
; pifoEngines_0|enque_brain|engineCAM|banks_0_tags_81[7]                                    ;        ;
; pifoEngines_0|enque_brain|engineCAM|banks_0_tags_81[0]                                    ;        ;
; pifoEngines_0|enque_brain|engineCAM|banks_0_valid_81                                      ;        ;
; pifoEngines_0|enque_brain|engineCAM|banks_0_tags_81[2]                                    ;        ;
; pifoEngines_0|enque_brain|engineCAM|banks_0_tags_81[1]                                    ;        ;
; guard|emptyPifos_3_50                                                                     ;        ;
; pifoEngines_0|enque_brain|engineCAM|banks_0_tags_81[14]                                   ;        ;
; pifoEngines_0|enque_brain|engineCAM|banks_0_tags_81[13]                                   ;        ;
; pifoEngines_0|enque_brain|engineCAM|banks_0_tags_81[12]                                   ;        ;
; pifoEngines_0|enque_brain|engineCAM|banks_0_tags_81[11]                                   ;        ;
; pifoEngines_0|enque_brain|engineCAM|banks_0_tags_81[16]                                   ;        ;
; pifoEngines_0|enque_brain|engineCAM|banks_0_tags_81[15]                                   ;        ;
; pifoEngines_0|enque_brain|engineCAM|banks_0_tags_81[4]                                    ;        ;
; pifoEngines_0|enque_brain|engineCAM|banks_0_tags_80[9]                                    ;        ;
; pifoEngines_0|enque_brain|engineCAM|banks_0_tags_80[8]                                    ;        ;
; pifoEngines_0|enque_brain|engineCAM|banks_0_tags_80[10]                                   ;        ;
; guard|emptyPifos_3_54                                                                     ;        ;
; pifoEngines_0|enque_brain|engineCAM|banks_0_tags_80[7]                                    ;        ;
; pifoEngines_0|enque_brain|engineCAM|banks_0_tags_80[5]                                    ;        ;
; pifoEngines_0|enque_brain|engineCAM|banks_0_tags_80[3]                                    ;        ;
; pifoEngines_0|enque_brain|engineCAM|banks_0_tags_80[6]                                    ;        ;
; pifoEngines_0|enque_brain|engineCAM|banks_0_tags_80[4]                                    ;        ;
; pifoEngines_0|enque_brain|engineCAM|banks_0_tags_82[9]                                    ;        ;
; pifoEngines_0|enque_brain|engineCAM|banks_0_tags_82[8]                                    ;        ;
; pifoEngines_0|enque_brain|engineCAM|banks_0_tags_82[10]                                   ;        ;
; pifoEngines_0|enque_brain|engineCAM|banks_0_tags_82[7]                                    ;        ;
; pifoEngines_0|enque_brain|engineCAM|banks_0_tags_82[0]                                    ;        ;
; guard|emptyPifos_3_63                                                                     ;        ;
; pifoEngines_0|enque_brain|engineCAM|banks_0_valid_82                                      ;        ;
; pifoEngines_0|enque_brain|engineCAM|banks_0_tags_82[2]                                    ;        ;
; pifoEngines_0|enque_brain|engineCAM|banks_0_tags_82[1]                                    ;        ;
; pifoEngines_0|enque_brain|engineCAM|banks_0_tags_82[14]                                   ;        ;
; pifoEngines_0|enque_brain|engineCAM|banks_0_tags_82[13]                                   ;        ;
; pifoEngines_0|enque_brain|engineCAM|banks_0_tags_82[12]                                   ;        ;
; pifoEngines_0|enque_brain|engineCAM|banks_0_tags_82[11]                                   ;        ;
; pifoEngines_0|enque_brain|engineCAM|banks_0_tags_82[16]                                   ;        ;
; pifoEngines_0|enque_brain|engineCAM|banks_0_tags_82[15]                                   ;        ;
; pifoEngines_0|enque_brain|engineCAM|banks_0_tags_82[4]                                    ;        ;
; guard|emptyPifos_3_55                                                                     ;        ;
; pifoEngines_0|enque_brain|engineCAM|banks_0_tags_80[15]                                   ;        ;
; pifoEngines_0|enque_brain|engineCAM|banks_0_tags_85[15]                                   ;        ;
; pifoEngines_0|enque_brain|engineCAM|banks_0_tags_86[4]                                    ;        ;
; pifoEngines_0|enque_brain|engineCAM|banks_0_tags_84[15]                                   ;        ;
; pifoEngines_0|enque_brain|engineCAM|banks_0_tags_78[15]                                   ;        ;
; pifoEngines_0|enque_brain|engineCAM|banks_0_tags_76[15]                                   ;        ;
; pifoEngines_0|enque_brain|engineCAM|banks_0_tags_77[15]                                   ;        ;
; pifoEngines_0|enque_brain|engineCAM|banks_0_tags_75[15]                                   ;        ;
; pifoEngines_0|enque_brain|engineCAM|banks_0_tags_134[15]                                  ;        ;
; pifoEngines_0|enque_brain|engineCAM|banks_0_tags_239[14]                                  ;        ;
; guard|emptyPifos_3_58                                                                     ;        ;
; pifoEngines_0|enque_brain|engineCAM|banks_0_tags_239[13]                                  ;        ;
; pifoEngines_0|enque_brain|engineCAM|banks_0_tags_239[12]                                  ;        ;
; pifoEngines_0|enque_brain|engineCAM|banks_0_tags_239[11]                                  ;        ;
; pifoEngines_0|enque_brain|engineCAM|banks_0_tags_239[0]                                   ;        ;
; pifoEngines_0|enque_brain|engineCAM|banks_0_tags_239[2]                                   ;        ;
; pifoEngines_0|enque_brain|engineCAM|banks_0_tags_239[1]                                   ;        ;
; pifoEngines_0|enque_brain|engineCAM|banks_0_tags_238[14]                                  ;        ;
; pifoEngines_0|enque_brain|engineCAM|banks_0_tags_238[13]                                  ;        ;
; pifoEngines_0|enque_brain|engineCAM|banks_0_tags_238[12]                                  ;        ;
; pifoEngines_0|enque_brain|engineCAM|banks_0_tags_238[11]                                  ;        ;
; guard|emptyPifos_4_112                                                                    ;        ;
; guard|emptyPifos_4_78                                                                     ;        ;
; guard|emptyPifos_3_59                                                                     ;        ;
; pifoEngines_0|enque_brain|engineCAM|banks_0_tags_238[0]                                   ;        ;
; guard|emptyPifos_3_51                                                                     ;        ;
; guard|emptyPifos_3_46                                                                     ;        ;
; guard|emptyPifos_3_34                                                                     ;        ;
; guard|emptyPifos_3_38                                                                     ;        ;
; guard|emptyPifos_3_60                                                                     ;        ;
; guard|emptyPifos_3_48                                                                     ;        ;
; guard|emptyPifos_3_52                                                                     ;        ;
; guard|emptyPifos_3_61                                                                     ;        ;
; guard|emptyPifos_3_53                                                                     ;        ;
; guard|emptyPifos_4_94                                                                     ;        ;
; guard|emptyPifos_3_56                                                                     ;        ;
; guard|emptyPifos_3_57                                                                     ;        ;
; guard|emptyPifos_3_49                                                                     ;        ;
; guard|emptyPifos_1_115                                                                    ;        ;
; guard|emptyPifos_1_83                                                                     ;        ;
; guard|emptyPifos_1_98                                                                     ;        ;
; guard|emptyPifos_1_99                                                                     ;        ;
; guard|emptyPifos_1_67                                                                     ;        ;
; guard|emptyPifos_1_112                                                                    ;        ;
; guard|emptyPifos_1_64                                                                     ;        ;
; guard|emptyPifos_4_127                                                                    ;        ;
; guard|emptyPifos_1_80                                                                     ;        ;
; guard|emptyPifos_1_113                                                                    ;        ;
; guard|emptyPifos_1_81                                                                     ;        ;
; guard|emptyPifos_1_96                                                                     ;        ;
; guard|emptyPifos_1_97                                                                     ;        ;
; guard|emptyPifos_1_65                                                                     ;        ;
; guard|emptyPifos_1_118                                                                    ;        ;
; guard|emptyPifos_1_70                                                                     ;        ;
; guard|emptyPifos_1_86                                                                     ;        ;
; guard|emptyPifos_1_119                                                                    ;        ;
; guard|emptyPifos_4_95                                                                     ;        ;
; guard|emptyPifos_1_87                                                                     ;        ;
; guard|emptyPifos_1_102                                                                    ;        ;
; guard|emptyPifos_1_103                                                                    ;        ;
; guard|emptyPifos_1_71                                                                     ;        ;
; guard|emptyPifos_1_114                                                                    ;        ;
; guard|emptyPifos_1_66                                                                     ;        ;
; guard|emptyPifos_1_82                                                                     ;        ;
; guard|emptyPifos_1_116                                                                    ;        ;
; guard|emptyPifos_1_68                                                                     ;        ;
; guard|emptyPifos_1_84                                                                     ;        ;
; guard|emptyPifos_4_110                                                                    ;        ;
; guard|emptyPifos_1_117                                                                    ;        ;
; guard|emptyPifos_1_85                                                                     ;        ;
; guard|emptyPifos_1_100                                                                    ;        ;
; guard|emptyPifos_1_101                                                                    ;        ;
; guard|emptyPifos_1_69                                                                     ;        ;
; guard|emptyPifos_1_123                                                                    ;        ;
; guard|emptyPifos_1_91                                                                     ;        ;
; guard|emptyPifos_1_106                                                                    ;        ;
; guard|emptyPifos_1_107                                                                    ;        ;
; guard|emptyPifos_1_75                                                                     ;        ;
; guard|emptyPifos_4_111                                                                    ;        ;
; guard|emptyPifos_1_120                                                                    ;        ;
; guard|emptyPifos_1_72                                                                     ;        ;
; guard|emptyPifos_1_88                                                                     ;        ;
; guard|emptyPifos_1_121                                                                    ;        ;
; guard|emptyPifos_1_89                                                                     ;        ;
; guard|emptyPifos_1_104                                                                    ;        ;
; guard|emptyPifos_1_105                                                                    ;        ;
; guard|emptyPifos_1_73                                                                     ;        ;
; guard|emptyPifos_1_126                                                                    ;        ;
; guard|emptyPifos_1_78                                                                     ;        ;
; guard|emptyPifos_4_79                                                                     ;        ;
; guard|emptyPifos_1_94                                                                     ;        ;
; guard|emptyPifos_1_127                                                                    ;        ;
; guard|emptyPifos_1_95                                                                     ;        ;
; guard|emptyPifos_1_110                                                                    ;        ;
; guard|emptyPifos_1_111                                                                    ;        ;
; guard|emptyPifos_1_79                                                                     ;        ;
; guard|emptyPifos_1_122                                                                    ;        ;
; guard|emptyPifos_1_74                                                                     ;        ;
; guard|emptyPifos_1_90                                                                     ;        ;
; guard|emptyPifos_1_124                                                                    ;        ;
; guard|emptyPifos_4_75                                                                     ;        ;
; guard|emptyPifos_1_76                                                                     ;        ;
; guard|emptyPifos_1_92                                                                     ;        ;
; guard|emptyPifos_1_125                                                                    ;        ;
; guard|emptyPifos_1_93                                                                     ;        ;
; guard|emptyPifos_1_108                                                                    ;        ;
; guard|emptyPifos_1_109                                                                    ;        ;
; guard|emptyPifos_1_77                                                                     ;        ;
; guard|emptyPifos_1_15                                                                     ;        ;
; guard|emptyPifos_1_13                                                                     ;        ;
; guard|emptyPifos_1_10                                                                     ;        ;
; guard|emptyPifos_4_72                                                                     ;        ;
; guard|emptyPifos_1_14                                                                     ;        ;
; guard|emptyPifos_1_12                                                                     ;        ;
; guard|emptyPifos_1_3                                                                      ;        ;
; guard|emptyPifos_1_0                                                                      ;        ;
; guard|emptyPifos_1_1                                                                      ;        ;
; guard|emptyPifos_1_7                                                                      ;        ;
; guard|emptyPifos_1_5                                                                      ;        ;
; guard|emptyPifos_1_2                                                                      ;        ;
; guard|emptyPifos_1_6                                                                      ;        ;
; guard|emptyPifos_1_4                                                                      ;        ;
; guard|emptyPifos_4_73                                                                     ;        ;
; guard|emptyPifos_1_27                                                                     ;        ;
; guard|emptyPifos_1_24                                                                     ;        ;
; guard|emptyPifos_1_25                                                                     ;        ;
; guard|emptyPifos_1_31                                                                     ;        ;
; guard|emptyPifos_1_29                                                                     ;        ;
; guard|emptyPifos_1_26                                                                     ;        ;
; guard|emptyPifos_1_30                                                                     ;        ;
; guard|emptyPifos_1_28                                                                     ;        ;
; guard|emptyPifos_1_11                                                                     ;        ;
; guard|emptyPifos_1_8                                                                      ;        ;
; guard|emptyPifos_4_67                                                                     ;        ;
; guard|emptyPifos_4_91                                                                     ;        ;
; guard|emptyPifos_1_9                                                                      ;        ;
; guard|emptyPifos_1_19                                                                     ;        ;
; guard|emptyPifos_1_16                                                                     ;        ;
; guard|emptyPifos_1_17                                                                     ;        ;
; guard|emptyPifos_1_23                                                                     ;        ;
; guard|emptyPifos_1_21                                                                     ;        ;
; guard|emptyPifos_1_18                                                                     ;        ;
; guard|emptyPifos_1_22                                                                     ;        ;
; guard|emptyPifos_1_20                                                                     ;        ;
; guard|emptyPifos_1_47                                                                     ;        ;
; guard|emptyPifos_4_89                                                                     ;        ;
; guard|emptyPifos_1_39                                                                     ;        ;
; guard|emptyPifos_1_42                                                                     ;        ;
; guard|emptyPifos_1_43                                                                     ;        ;
; guard|emptyPifos_1_35                                                                     ;        ;
; guard|emptyPifos_1_44                                                                     ;        ;
; guard|emptyPifos_1_32                                                                     ;        ;
; guard|emptyPifos_1_36                                                                     ;        ;
; guard|emptyPifos_1_45                                                                     ;        ;
; guard|emptyPifos_1_37                                                                     ;        ;
; guard|emptyPifos_1_40                                                                     ;        ;
; guard|emptyPifos_4_74                                                                     ;        ;
; guard|emptyPifos_1_41                                                                     ;        ;
; guard|emptyPifos_1_33                                                                     ;        ;
; guard|emptyPifos_1_62                                                                     ;        ;
; guard|emptyPifos_1_50                                                                     ;        ;
; guard|emptyPifos_1_54                                                                     ;        ;
; guard|emptyPifos_1_63                                                                     ;        ;
; guard|emptyPifos_1_55                                                                     ;        ;
; guard|emptyPifos_1_58                                                                     ;        ;
; guard|emptyPifos_1_59                                                                     ;        ;
; guard|emptyPifos_1_51                                                                     ;        ;
; guard|emptyPifos_4_90                                                                     ;        ;
; guard|emptyPifos_1_46                                                                     ;        ;
; guard|emptyPifos_1_34                                                                     ;        ;
; guard|emptyPifos_1_38                                                                     ;        ;
; guard|emptyPifos_1_60                                                                     ;        ;
; guard|emptyPifos_1_48                                                                     ;        ;
; guard|emptyPifos_1_52                                                                     ;        ;
; guard|emptyPifos_1_61                                                                     ;        ;
; guard|emptyPifos_1_53                                                                     ;        ;
; guard|emptyPifos_1_56                                                                     ;        ;
; guard|emptyPifos_1_57                                                                     ;        ;
; guard|emptyPifos_4_88                                                                     ;        ;
; guard|emptyPifos_1_49                                                                     ;        ;
; pifoEngines_0|enque_brain|io_control_fork|logic_linkEnable_0                              ;        ;
; pifoEngines_0|enque_brain|streamArbiter_16|maskLocked_0                                   ;        ;
; pifoEngines_0|enque_brain|flowStateUpdate_fifo|fifo|logic_ram~23                          ;        ;
; pifoEngines_0|enque_brain|flowStateUpdate_fifo|fifo|logic_ram~48                          ;        ;
; io_controlRequest_fifo|logic_pop_sync_popReg[1]                                           ;        ;
; io_controlRequest_fifo|logic_pop_sync_popReg[0]                                           ;        ;
; io_controlRequest_fifo|logic_pop_sync_popReg[3]                                           ;        ;
; io_controlRequest_fifo|logic_pop_sync_popReg[2]                                           ;        ;
; io_controlRequest_fifo|logic_pop_sync_popReg[7]                                           ;        ;
; guard|emptyPifos_4_15                                                                     ;        ;
; io_controlRequest_fifo|logic_pop_sync_popReg[6]                                           ;        ;
; io_controlRequest_fifo|logic_pop_sync_popReg[5]                                           ;        ;
; io_controlRequest_fifo|logic_pop_sync_popReg[4]                                           ;        ;
; pifoEngines_0|enque_brain|flowStateUpdate_fifo|fifo|logic_ram~15                          ;        ;
; pifoEngines_0|enque_brain|flowStateUpdate_fifo|fifo|logic_ram~40                          ;        ;
; pifoEngines_0|enque_brain|io_outputs_4_fifo|fifo|logic_ram~5                              ;        ;
; pifoEngines_0|enque_brain|io_outputs_4_fifo|fifo|logic_ram~22                             ;        ;
; pifoEngines_0|enque_brain|io_outputs_4_fifo|fifo|logic_ptr_pop[1]                         ;        ;
; pifoEngines_0|enque_brain|flowStateUpdate_fifo|fifo|logic_ptr_pop[1]                      ;        ;
; pifoEngines_0|enque_brain|flowStateUpdate_fifo|fifo|logic_ram~20                          ;        ;
; guard|emptyPifos_4_13                                                                     ;        ;
; pifoEngines_0|enque_brain|engineCAM_io_readRes_toStream_fifo|fifo|logic_ram~0             ;        ;
; pifoEngines_0|enque_brain|flowStateUpdate_fifo|fifo|logic_ram~17                          ;        ;
; pifoEngines_0|enque_brain|flowStateUpdate_fifo|fifo|logic_ram~42                          ;        ;
; pifoEngines_0|enque_brain|engineCAM_io_readRes_toStream_fifo|fifo|logic_ram~8             ;        ;
; pifoEngines_0|enque_brain|lastVirtualMapper_io_readRes_toStream_fifo|fifo|logic_ram[0][0] ;        ;
; pifoEngines_0|enque_brain|lastVirtualMapper_io_readRes_toStream_fifo|fifo|logic_ram[1][0] ;        ;
; pifoEngines_0|enque_brain|flowStateUpdate_fifo|fifo|logic_ram~18                          ;        ;
; pifoEngines_0|enque_brain|engineCAM_io_readRes_toStream_fifo|fifo|logic_ram~1             ;        ;
; pifoEngines_0|enque_brain|engineCAM_io_readRes_toStream_fifo|fifo|logic_ram~9             ;        ;
; pifoEngines_0|enque_brain|lastVirtualMapper_io_readRes_toStream_fifo|fifo|logic_ram[0][1] ;        ;
; guard|emptyPifos_4_10                                                                     ;        ;
; pifoEngines_0|enque_brain|lastVirtualMapper_io_readRes_toStream_fifo|fifo|logic_ram[1][1] ;        ;
; pifoEngines_0|enque_brain|flowStateUpdate_fifo|fifo|logic_ram~43                          ;        ;
; pifoEngines_0|enque_brain|engineCAM_io_readRes_toStream_fifo|fifo|logic_ram~2             ;        ;
; pifoEngines_0|enque_brain|flowStateUpdate_fifo|fifo|logic_ram~19                          ;        ;
; pifoEngines_0|enque_brain|flowStateUpdate_fifo|fifo|logic_ram~44                          ;        ;
; pifoEngines_0|enque_brain|engineCAM_io_readRes_toStream_fifo|fifo|logic_ram~10            ;        ;
; pifoEngines_0|enque_brain|lastVirtualMapper_io_readRes_toStream_fifo|fifo|logic_ram[0][2] ;        ;
; pifoEngines_0|enque_brain|lastVirtualMapper_io_readRes_toStream_fifo|fifo|logic_ram[1][2] ;        ;
; pifoEngines_0|enque_brain|flowStateUpdate_fifo|fifo|logic_ram~24                          ;        ;
; pifoEngines_0|enque_brain|lastVirtualMapper_io_readRes_toStream_fifo|fifo|logic_ram[0][7] ;        ;
; guard|emptyPifos_4_14                                                                     ;        ;
; pifoEngines_0|enque_brain|lastVirtualMapper_io_readRes_toStream_fifo|fifo|logic_ram[1][7] ;        ;
; pifoEngines_0|enque_brain|lastVirtualMapper_io_readRes_toStream_fifo|fifo|logic_ram[0][6] ;        ;
; pifoEngines_0|enque_brain|lastVirtualMapper_io_readRes_toStream_fifo|fifo|logic_ram[1][6] ;        ;
; pifoEngines_0|enque_brain|lastVirtualMapper_io_readRes_toStream_fifo|fifo|logic_ram[0][5] ;        ;
; pifoEngines_0|enque_brain|lastVirtualMapper_io_readRes_toStream_fifo|fifo|logic_ram[1][5] ;        ;
; pifoEngines_0|enque_brain|engineCAM_io_readRes_toStream_fifo|fifo|logic_ram~5             ;        ;
; pifoEngines_0|enque_brain|engineCAM_io_readRes_toStream_fifo|fifo|logic_ram~13            ;        ;
; pifoEngines_0|enque_brain|flowStateUpdate_fifo|fifo|logic_ram~22                          ;        ;
; pifoEngines_0|enque_brain|flowStateUpdate_fifo|fifo|logic_ram~47                          ;        ;
; pifoEngines_0|enque_brain|engineCAM_io_readRes_toStream_fifo|fifo|logic_ram~4             ;        ;
; guard|emptyPifos_4_12                                                                     ;        ;
; pifoEngines_0|enque_brain|flowStateUpdate_fifo|fifo|logic_ram~21                          ;        ;
; pifoEngines_0|enque_brain|flowStateUpdate_fifo|fifo|logic_ram~46                          ;        ;
; pifoEngines_0|enque_brain|engineCAM_io_readRes_toStream_fifo|fifo|logic_ram~12            ;        ;
; pifoEngines_0|enque_brain|lastVirtualMapper_io_readRes_toStream_fifo|fifo|logic_ram[0][4] ;        ;
; pifoEngines_0|enque_brain|lastVirtualMapper_io_readRes_toStream_fifo|fifo|logic_ram[1][4] ;        ;
; pifoEngines_0|enque_brain|engineCAM_io_readRes_toStream_fifo|fifo|logic_ram~6             ;        ;
; pifoEngines_0|enque_brain|engineCAM_io_readRes_toStream_fifo|fifo|logic_ram~14            ;        ;
; pifoEngines_0|enque_brain|engineCAM_io_readRes_toStream_fifo|fifo|logic_ram~7             ;        ;
; pifoEngines_0|enque_brain|engineCAM_io_readRes_toStream_fifo|fifo|logic_ram~15            ;        ;
; pifoEngines_0|enque_brain|flowStateUpdate_fifo|fifo|logic_ram~49                          ;        ;
; guard|emptyPifos_4_64                                                                     ;        ;
; guard|emptyPifos_4_3                                                                      ;        ;
; pifoEngines_0|enque_brain|engineMapper_io_readRes_toStream_fifo|fifo|logic_ram[0][1]      ;        ;
; pifoEngines_0|enque_brain|engineMapper_io_readRes_toStream_fifo|fifo|logic_ram[1][1]      ;        ;
; pifoEngines_0|enque_brain|engineMapper_io_readRes_toStream_fifo|fifo|logic_ram[0][0]      ;        ;
; pifoEngines_0|enque_brain|engineMapper_io_readRes_toStream_fifo|fifo|logic_ram[1][0]      ;        ;
; pifoEngines_0|enque_brain|engineCAM_io_readRes_toStream_fifo|fifo|logic_ram~3             ;        ;
; pifoEngines_0|enque_brain|engineCAM_io_readRes_toStream_fifo|fifo|logic_ram~11            ;        ;
; pifoEngines_0|enque_brain|engineCAM|banks_0_tags_71[16]                                   ;        ;
; pifoEngines_0|enque_brain|engineCAM|banks_0_hitDelayed                                    ;        ;
; pifoEngines_0|enque_brain|lastVirtualMapper_io_readRes_toStream_fifo|fifo|logic_ram[0][3] ;        ;
; pifoEngines_0|enque_brain|lastVirtualMapper_io_readRes_toStream_fifo|fifo|logic_ram[1][3] ;        ;
; guard|emptyPifos_4_0                                                                      ;        ;
; pifoEngines_0|enque_brain|flowStateUpdate_fifo|fifo|logic_ram~45                          ;        ;
; pifoEngines_0|enque_brain|engineCAM|banks_0_tags_249[16]                                  ;        ;
; pifoEngines_0|enque_brain|engineCAM|banks_0_tags_251[16]                                  ;        ;
; pifoEngines_0|enque_brain|engineCAM|banks_0_tags_253[16]                                  ;        ;
; pifoEngines_0|enque_brain|engineCAM|banks_0_tags_255[16]                                  ;        ;
; pifoEngines_0|enque_brain|engineCAM|banks_0_tags_31[16]                                   ;        ;
; pifoEngines_0|enque_brain|engineCAM|banks_0_tags_47[5]                                    ;        ;
; pifoEngines_0|enque_brain|engineCAM|banks_0_tags_47[3]                                    ;        ;
; pifoEngines_0|enque_brain|engineCAM|banks_0_tags_47[6]                                    ;        ;
; pifoEngines_0|enque_brain|engineCAM|banks_0_tags_243[5]                                   ;        ;
; guard|emptyPifos_4_1                                                                      ;        ;
; pifoEngines_0|enque_brain|engineCAM|banks_0_tags_243[3]                                   ;        ;
; pifoEngines_0|enque_brain|engineCAM|banks_0_tags_243[6]                                   ;        ;
; pifoEngines_0|enque_brain|engineCAM|banks_0_tags_244[9]                                   ;        ;
; pifoEngines_0|enque_brain|engineCAM|banks_0_tags_244[8]                                   ;        ;
; pifoEngines_0|enque_brain|engineCAM|banks_0_tags_244[10]                                  ;        ;
; pifoEngines_0|enque_brain|engineCAM|banks_0_tags_244[7]                                   ;        ;
; pifoEngines_0|enque_brain|engineCAM|banks_0_tags_244[5]                                   ;        ;
; pifoEngines_0|enque_brain|engineCAM|banks_0_tags_244[3]                                   ;        ;
; pifoEngines_0|enque_brain|engineCAM|banks_0_tags_244[6]                                   ;        ;
; pifoEngines_0|enque_brain|engineCAM|banks_0_tags_244[4]                                   ;        ;
; guard|emptyPifos_4_7                                                                      ;        ;
; pifoEngines_0|enque_brain|engineCAM|banks_0_tags_244[0]                                   ;        ;
; pifoEngines_0|enque_brain|engineCAM|banks_0_tags_244[2]                                   ;        ;
; pifoEngines_0|enque_brain|engineCAM|banks_0_tags_244[1]                                   ;        ;
; pifoEngines_0|enque_brain|engineCAM|banks_0_tags_244[14]                                  ;        ;
; pifoEngines_0|enque_brain|engineCAM|banks_0_tags_244[13]                                  ;        ;
; pifoEngines_0|enque_brain|engineCAM|banks_0_tags_244[12]                                  ;        ;
; pifoEngines_0|enque_brain|engineCAM|banks_0_tags_244[11]                                  ;        ;
; pifoEngines_0|enque_brain|engineCAM|banks_0_tags_244[16]                                  ;        ;
; pifoEngines_0|enque_brain|engineCAM|banks_0_tags_245[5]                                   ;        ;
; pifoEngines_0|enque_brain|engineCAM|banks_0_tags_245[3]                                   ;        ;
; guard|emptyPifos_4_5                                                                      ;        ;
; pifoEngines_0|enque_brain|engineCAM|banks_0_tags_245[6]                                   ;        ;
; pifoEngines_0|enque_brain|engineCAM|banks_0_tags_246[9]                                   ;        ;
; pifoEngines_0|enque_brain|engineCAM|banks_0_tags_246[8]                                   ;        ;
; pifoEngines_0|enque_brain|engineCAM|banks_0_tags_246[10]                                  ;        ;
; pifoEngines_0|enque_brain|engineCAM|banks_0_tags_246[7]                                   ;        ;
; pifoEngines_0|enque_brain|engineCAM|banks_0_tags_246[5]                                   ;        ;
; pifoEngines_0|enque_brain|engineCAM|banks_0_tags_246[3]                                   ;        ;
; pifoEngines_0|enque_brain|engineCAM|banks_0_tags_246[6]                                   ;        ;
; pifoEngines_0|enque_brain|engineCAM|banks_0_tags_246[4]                                   ;        ;
; pifoEngines_0|enque_brain|engineCAM|banks_0_tags_246[0]                                   ;        ;
; guard|emptyPifos_4_2                                                                      ;        ;
; pifoEngines_0|enque_brain|engineCAM|banks_0_tags_246[2]                                   ;        ;
; pifoEngines_0|enque_brain|engineCAM|banks_0_tags_246[1]                                   ;        ;
; pifoEngines_0|enque_brain|engineCAM|banks_0_tags_246[14]                                  ;        ;
; pifoEngines_0|enque_brain|engineCAM|banks_0_tags_246[13]                                  ;        ;
; pifoEngines_0|enque_brain|engineCAM|banks_0_tags_246[12]                                  ;        ;
; pifoEngines_0|enque_brain|engineCAM|banks_0_tags_246[11]                                  ;        ;
; pifoEngines_0|enque_brain|engineCAM|banks_0_tags_246[16]                                  ;        ;
; pifoEngines_0|enque_brain|engineCAM|banks_0_tags_247[9]                                   ;        ;
; pifoEngines_0|enque_brain|engineCAM|banks_0_tags_247[8]                                   ;        ;
; pifoEngines_0|enque_brain|engineCAM|banks_0_tags_247[10]                                  ;        ;
; guard|emptyPifos_4_6                                                                      ;        ;
; pifoEngines_0|enque_brain|engineCAM|banks_0_tags_247[7]                                   ;        ;
; pifoEngines_0|enque_brain|engineCAM|banks_0_tags_247[5]                                   ;        ;
; pifoEngines_0|enque_brain|engineCAM|banks_0_tags_247[3]                                   ;        ;
; pifoEngines_0|enque_brain|engineCAM|banks_0_tags_247[6]                                   ;        ;
; pifoEngines_0|enque_brain|engineCAM|banks_0_tags_247[4]                                   ;        ;
; pifoEngines_0|enque_brain|engineCAM|banks_0_tags_247[0]                                   ;        ;
; pifoEngines_0|enque_brain|engineCAM|banks_0_tags_247[2]                                   ;        ;
; pifoEngines_0|enque_brain|engineCAM|banks_0_tags_247[1]                                   ;        ;
; pifoEngines_0|enque_brain|engineCAM|banks_0_tags_247[14]                                  ;        ;
; pifoEngines_0|enque_brain|engineCAM|banks_0_tags_247[13]                                  ;        ;
; guard|emptyPifos_4_4                                                                      ;        ;
; pifoEngines_0|enque_brain|engineCAM|banks_0_tags_247[12]                                  ;        ;
; pifoEngines_0|enque_brain|engineCAM|banks_0_tags_247[11]                                  ;        ;
; pifoEngines_0|enque_brain|engineCAM|banks_0_tags_247[16]                                  ;        ;
; pifoEngines_0|enque_brain|engineCAM|banks_0_tags_248[9]                                   ;        ;
; pifoEngines_0|enque_brain|engineCAM|banks_0_tags_248[8]                                   ;        ;
; pifoEngines_0|enque_brain|engineCAM|banks_0_tags_248[10]                                  ;        ;
; pifoEngines_0|enque_brain|engineCAM|banks_0_tags_248[7]                                   ;        ;
; pifoEngines_0|enque_brain|engineCAM|banks_0_tags_248[5]                                   ;        ;
; pifoEngines_0|enque_brain|engineCAM|banks_0_tags_248[3]                                   ;        ;
; pifoEngines_0|enque_brain|engineCAM|banks_0_tags_248[6]                                   ;        ;
; guard|emptyPifos_4_27                                                                     ;        ;
; pifoEngines_0|enque_brain|engineCAM|banks_0_tags_248[4]                                   ;        ;
; pifoEngines_0|enque_brain|engineCAM|banks_0_tags_248[0]                                   ;        ;
; pifoEngines_0|enque_brain|engineCAM|banks_0_tags_248[2]                                   ;        ;
; pifoEngines_0|enque_brain|engineCAM|banks_0_tags_248[1]                                   ;        ;
; pifoEngines_0|enque_brain|engineCAM|banks_0_tags_248[14]                                  ;        ;
; pifoEngines_0|enque_brain|engineCAM|banks_0_tags_248[13]                                  ;        ;
; pifoEngines_0|enque_brain|engineCAM|banks_0_tags_248[12]                                  ;        ;
; pifoEngines_0|enque_brain|engineCAM|banks_0_tags_248[11]                                  ;        ;
; pifoEngines_0|enque_brain|engineCAM|banks_0_tags_248[16]                                  ;        ;
; pifoEngines_0|enque_brain|engineCAM|banks_0_tags_114[16]                                  ;        ;
; guard|emptyPifos_4_24                                                                     ;        ;
; pifoEngines_0|enque_brain|engineCAM|banks_0_tags_120[5]                                   ;        ;
; pifoEngines_0|enque_brain|engineCAM|banks_0_tags_120[3]                                   ;        ;
; pifoEngines_0|enque_brain|engineCAM|banks_0_tags_120[6]                                   ;        ;
; pifoEngines_0|enque_brain|engineCAM|banks_0_tags_114[14]                                  ;        ;
; pifoEngines_0|enque_brain|engineCAM|banks_0_tags_114[13]                                  ;        ;
; pifoEngines_0|enque_brain|engineCAM|banks_0_tags_114[12]                                  ;        ;
; pifoEngines_0|enque_brain|engineCAM|banks_0_tags_114[11]                                  ;        ;
; pifoEngines_0|enque_brain|engineCAM|banks_0_tags_114[0]                                   ;        ;
; pifoEngines_0|enque_brain|engineCAM|banks_0_tags_114[2]                                   ;        ;
; pifoEngines_0|enque_brain|engineCAM|banks_0_tags_114[1]                                   ;        ;
; guard|emptyPifos_4_65                                                                     ;        ;
; guard|emptyPifos_4_25                                                                     ;        ;
; pifoEngines_0|enque_brain|engineCAM|banks_0_tags_116[5]                                   ;        ;
; pifoEngines_0|enque_brain|engineCAM|banks_0_tags_116[3]                                   ;        ;
; pifoEngines_0|enque_brain|engineCAM|banks_0_tags_116[6]                                   ;        ;
; pifoEngines_0|enque_brain|engineCAM|banks_0_tags_129[16]                                  ;        ;
; pifoEngines_0|enque_brain|engineCAM|banks_0_tags_131[9]                                   ;        ;
; pifoEngines_0|enque_brain|engineCAM|banks_0_tags_131[8]                                   ;        ;
; pifoEngines_0|enque_brain|engineCAM|banks_0_tags_131[10]                                  ;        ;
; pifoEngines_0|enque_brain|engineCAM|banks_0_tags_131[7]                                   ;        ;
; pifoEngines_0|enque_brain|engineCAM|banks_0_tags_131[5]                                   ;        ;
; pifoEngines_0|enque_brain|engineCAM|banks_0_tags_131[3]                                   ;        ;
; guard|emptyPifos_4_31                                                                     ;        ;
; pifoEngines_0|enque_brain|engineCAM|banks_0_tags_131[6]                                   ;        ;
; pifoEngines_0|enque_brain|engineCAM|banks_0_tags_131[4]                                   ;        ;
; pifoEngines_0|enque_brain|engineCAM|banks_0_tags_131[0]                                   ;        ;
; pifoEngines_0|enque_brain|engineCAM|banks_0_tags_131[2]                                   ;        ;
; pifoEngines_0|enque_brain|engineCAM|banks_0_tags_131[1]                                   ;        ;
; pifoEngines_0|enque_brain|engineCAM|banks_0_tags_131[14]                                  ;        ;
; pifoEngines_0|enque_brain|engineCAM|banks_0_tags_131[13]                                  ;        ;
; pifoEngines_0|enque_brain|engineCAM|banks_0_tags_131[12]                                  ;        ;
; pifoEngines_0|enque_brain|engineCAM|banks_0_tags_131[11]                                  ;        ;
; pifoEngines_0|enque_brain|engineCAM|banks_0_tags_131[16]                                  ;        ;
; guard|emptyPifos_4_29                                                                     ;        ;
; pifoEngines_0|enque_brain|engineCAM|banks_0_tags_129[14]                                  ;        ;
; pifoEngines_0|enque_brain|engineCAM|banks_0_tags_129[13]                                  ;        ;
; pifoEngines_0|enque_brain|engineCAM|banks_0_tags_129[12]                                  ;        ;
; pifoEngines_0|enque_brain|engineCAM|banks_0_tags_129[11]                                  ;        ;
; pifoEngines_0|enque_brain|engineCAM|banks_0_tags_129[0]                                   ;        ;
; pifoEngines_0|enque_brain|engineCAM|banks_0_tags_129[2]                                   ;        ;
; pifoEngines_0|enque_brain|engineCAM|banks_0_tags_129[1]                                   ;        ;
; pifoEngines_0|enque_brain|engineCAM|banks_0_tags_130[5]                                   ;        ;
; pifoEngines_0|enque_brain|engineCAM|banks_0_tags_130[3]                                   ;        ;
; pifoEngines_0|enque_brain|engineCAM|banks_0_tags_130[6]                                   ;        ;
; guard|emptyPifos_4_26                                                                     ;        ;
; pifoEngines_0|enque_brain|engineCAM|banks_0_tags_132[9]                                   ;        ;
; pifoEngines_0|enque_brain|engineCAM|banks_0_tags_132[8]                                   ;        ;
; pifoEngines_0|enque_brain|engineCAM|banks_0_tags_132[10]                                  ;        ;
; pifoEngines_0|enque_brain|engineCAM|banks_0_tags_132[7]                                   ;        ;
; pifoEngines_0|enque_brain|engineCAM|banks_0_tags_132[5]                                   ;        ;
; pifoEngines_0|enque_brain|engineCAM|banks_0_tags_132[3]                                   ;        ;
; pifoEngines_0|enque_brain|engineCAM|banks_0_tags_132[6]                                   ;        ;
; pifoEngines_0|enque_brain|engineCAM|banks_0_tags_132[4]                                   ;        ;
; pifoEngines_0|enque_brain|engineCAM|banks_0_tags_132[0]                                   ;        ;
; pifoEngines_0|enque_brain|engineCAM|banks_0_tags_132[2]                                   ;        ;
; guard|emptyPifos_4_30                                                                     ;        ;
; pifoEngines_0|enque_brain|engineCAM|banks_0_tags_132[1]                                   ;        ;
; pifoEngines_0|enque_brain|engineCAM|banks_0_tags_132[14]                                  ;        ;
; pifoEngines_0|enque_brain|engineCAM|banks_0_tags_132[13]                                  ;        ;
; pifoEngines_0|enque_brain|engineCAM|banks_0_tags_132[12]                                  ;        ;
; pifoEngines_0|enque_brain|engineCAM|banks_0_tags_132[11]                                  ;        ;
; pifoEngines_0|enque_brain|engineCAM|banks_0_tags_132[16]                                  ;        ;
; pifoEngines_0|enque_brain|engineCAM|banks_0_tags_236[9]                                   ;        ;
; pifoEngines_0|enque_brain|engineCAM|banks_0_tags_236[8]                                   ;        ;
; pifoEngines_0|enque_brain|engineCAM|banks_0_tags_236[10]                                  ;        ;
; pifoEngines_0|enque_brain|engineCAM|banks_0_tags_236[7]                                   ;        ;
; guard|emptyPifos_4_28                                                                     ;        ;
; pifoEngines_0|enque_brain|engineCAM|banks_0_tags_236[5]                                   ;        ;
; pifoEngines_0|enque_brain|engineCAM|banks_0_tags_236[3]                                   ;        ;
; pifoEngines_0|enque_brain|engineCAM|banks_0_tags_236[6]                                   ;        ;
; pifoEngines_0|enque_brain|engineCAM|banks_0_tags_236[4]                                   ;        ;
; pifoEngines_0|enque_brain|engineCAM|banks_0_tags_236[0]                                   ;        ;
; pifoEngines_0|enque_brain|engineCAM|banks_0_tags_236[2]                                   ;        ;
; pifoEngines_0|enque_brain|engineCAM|banks_0_tags_236[1]                                   ;        ;
; pifoEngines_0|enque_brain|engineCAM|banks_0_tags_236[14]                                  ;        ;
; pifoEngines_0|enque_brain|engineCAM|banks_0_tags_236[13]                                  ;        ;
; pifoEngines_0|enque_brain|engineCAM|banks_0_tags_236[12]                                  ;        ;
; guard|emptyPifos_4_11                                                                     ;        ;
; pifoEngines_0|enque_brain|engineCAM|banks_0_tags_236[11]                                  ;        ;
; pifoEngines_0|enque_brain|engineCAM|banks_0_tags_236[16]                                  ;        ;
; pifoEngines_0|enque_brain|engineCAM|banks_0_tags_237[9]                                   ;        ;
; pifoEngines_0|enque_brain|engineCAM|banks_0_tags_237[8]                                   ;        ;
; pifoEngines_0|enque_brain|engineCAM|banks_0_tags_237[10]                                  ;        ;
; pifoEngines_0|enque_brain|engineCAM|banks_0_tags_237[7]                                   ;        ;
; pifoEngines_0|enque_brain|engineCAM|banks_0_tags_237[5]                                   ;        ;
; pifoEngines_0|enque_brain|engineCAM|banks_0_tags_237[3]                                   ;        ;
; pifoEngines_0|enque_brain|engineCAM|banks_0_tags_237[6]                                   ;        ;
; pifoEngines_0|enque_brain|engineCAM|banks_0_tags_237[4]                                   ;        ;
; guard|emptyPifos_4_8                                                                      ;        ;
; pifoEngines_0|enque_brain|engineCAM|banks_0_tags_237[0]                                   ;        ;
; pifoEngines_0|enque_brain|engineCAM|banks_0_tags_237[2]                                   ;        ;
; pifoEngines_0|enque_brain|engineCAM|banks_0_tags_237[1]                                   ;        ;
; pifoEngines_0|enque_brain|engineCAM|banks_0_tags_237[14]                                  ;        ;
; pifoEngines_0|enque_brain|engineCAM|banks_0_tags_237[13]                                  ;        ;
; pifoEngines_0|enque_brain|engineCAM|banks_0_tags_237[12]                                  ;        ;
; pifoEngines_0|enque_brain|engineCAM|banks_0_tags_237[11]                                  ;        ;
; pifoEngines_0|enque_brain|engineCAM|banks_0_tags_237[16]                                  ;        ;
; pifoEngines_0|enque_brain|engineCAM|banks_0_tags_133[5]                                   ;        ;
; pifoEngines_0|enque_brain|engineCAM|banks_0_tags_133[3]                                   ;        ;
; guard|emptyPifos_4_9                                                                      ;        ;
; pifoEngines_0|enque_brain|engineCAM|banks_0_tags_133[6]                                   ;        ;
; pifoEngines_0|enque_brain|engineCAM|banks_0_tags_238[16]                                  ;        ;
; pifoEngines_0|enque_brain|engineCAM|banks_0_tags_239[16]                                  ;        ;
; pifoEngines_0|enque_brain|engineCAM|banks_0_tags_241[5]                                   ;        ;
; pifoEngines_0|enque_brain|engineCAM|banks_0_tags_241[3]                                   ;        ;
; pifoEngines_0|enque_brain|engineCAM|banks_0_tags_241[6]                                   ;        ;
; pifoEngines_0|enque_brain|engineCAM|banks_0_tags_242[9]                                   ;        ;
; pifoEngines_0|enque_brain|engineCAM|banks_0_tags_242[8]                                   ;        ;
; pifoEngines_0|enque_brain|engineCAM|banks_0_tags_242[10]                                  ;        ;
; pifoEngines_0|enque_brain|engineCAM|banks_0_tags_242[7]                                   ;        ;
; guard|emptyPifos_4_19                                                                     ;        ;
; pifoEngines_0|enque_brain|engineCAM|banks_0_tags_242[5]                                   ;        ;
; pifoEngines_0|enque_brain|engineCAM|banks_0_tags_242[3]                                   ;        ;
; pifoEngines_0|enque_brain|engineCAM|banks_0_tags_242[6]                                   ;        ;
; pifoEngines_0|enque_brain|engineCAM|banks_0_tags_242[4]                                   ;        ;
; pifoEngines_0|enque_brain|engineCAM|banks_0_tags_242[0]                                   ;        ;
; pifoEngines_0|enque_brain|engineCAM|banks_0_tags_242[2]                                   ;        ;
; pifoEngines_0|enque_brain|engineCAM|banks_0_tags_242[1]                                   ;        ;
; pifoEngines_0|enque_brain|engineCAM|banks_0_tags_242[14]                                  ;        ;
; pifoEngines_0|enque_brain|engineCAM|banks_0_tags_242[13]                                  ;        ;
; pifoEngines_0|enque_brain|engineCAM|banks_0_tags_242[12]                                  ;        ;
; guard|emptyPifos_4_83                                                                     ;        ;
; guard|emptyPifos_4_16                                                                     ;        ;
; pifoEngines_0|enque_brain|engineCAM|banks_0_tags_242[11]                                  ;        ;
; pifoEngines_0|enque_brain|engineCAM|banks_0_tags_242[16]                                  ;        ;
; pifoEngines_0|enque_brain|engineCAM|banks_0_tags_134[9]                                   ;        ;
; pifoEngines_0|enque_brain|engineCAM|banks_0_tags_134[8]                                   ;        ;
; pifoEngines_0|enque_brain|engineCAM|banks_0_tags_134[10]                                  ;        ;
; pifoEngines_0|enque_brain|engineCAM|banks_0_tags_134[7]                                   ;        ;
; pifoEngines_0|enque_brain|engineCAM|banks_0_tags_134[5]                                   ;        ;
; pifoEngines_0|enque_brain|engineCAM|banks_0_tags_134[3]                                   ;        ;
; pifoEngines_0|enque_brain|engineCAM|banks_0_tags_134[6]                                   ;        ;
; pifoEngines_0|enque_brain|engineCAM|banks_0_tags_134[4]                                   ;        ;
; guard|emptyPifos_4_17                                                                     ;        ;
; pifoEngines_0|enque_brain|engineCAM|banks_0_tags_134[0]                                   ;        ;
; pifoEngines_0|enque_brain|engineCAM|banks_0_tags_134[2]                                   ;        ;
; pifoEngines_0|enque_brain|engineCAM|banks_0_tags_134[1]                                   ;        ;
; pifoEngines_0|enque_brain|engineCAM|banks_0_tags_134[14]                                  ;        ;
; pifoEngines_0|enque_brain|engineCAM|banks_0_tags_134[13]                                  ;        ;
; pifoEngines_0|enque_brain|engineCAM|banks_0_tags_134[12]                                  ;        ;
; pifoEngines_0|enque_brain|engineCAM|banks_0_tags_134[11]                                  ;        ;
; pifoEngines_0|enque_brain|engineCAM|banks_0_tags_134[16]                                  ;        ;
; pifoEngines_0|enque_brain|engineCAM|banks_0_tags_75[9]                                    ;        ;
; pifoEngines_0|enque_brain|engineCAM|banks_0_tags_75[8]                                    ;        ;
; guard|emptyPifos_4_23                                                                     ;        ;
; pifoEngines_0|enque_brain|engineCAM|banks_0_tags_75[10]                                   ;        ;
; pifoEngines_0|enque_brain|engineCAM|banks_0_tags_75[7]                                    ;        ;
; pifoEngines_0|enque_brain|engineCAM|banks_0_tags_75[5]                                    ;        ;
; pifoEngines_0|enque_brain|engineCAM|banks_0_tags_75[3]                                    ;        ;
; pifoEngines_0|enque_brain|engineCAM|banks_0_tags_75[6]                                    ;        ;
; pifoEngines_0|enque_brain|engineCAM|banks_0_tags_75[4]                                    ;        ;
; pifoEngines_0|enque_brain|engineCAM|banks_0_tags_75[0]                                    ;        ;
; pifoEngines_0|enque_brain|engineCAM|banks_0_tags_75[2]                                    ;        ;
; pifoEngines_0|enque_brain|engineCAM|banks_0_tags_75[1]                                    ;        ;
; pifoEngines_0|enque_brain|engineCAM|banks_0_tags_75[14]                                   ;        ;
; guard|emptyPifos_4_21                                                                     ;        ;
; pifoEngines_0|enque_brain|engineCAM|banks_0_tags_75[13]                                   ;        ;
; pifoEngines_0|enque_brain|engineCAM|banks_0_tags_75[12]                                   ;        ;
; pifoEngines_0|enque_brain|engineCAM|banks_0_tags_75[11]                                   ;        ;
; pifoEngines_0|enque_brain|engineCAM|banks_0_tags_75[16]                                   ;        ;
; pifoEngines_0|enque_brain|engineCAM|banks_0_tags_77[9]                                    ;        ;
; pifoEngines_0|enque_brain|engineCAM|banks_0_tags_77[8]                                    ;        ;
; pifoEngines_0|enque_brain|engineCAM|banks_0_tags_77[10]                                   ;        ;
; pifoEngines_0|enque_brain|engineCAM|banks_0_tags_77[7]                                    ;        ;
; pifoEngines_0|enque_brain|engineCAM|banks_0_tags_77[5]                                    ;        ;
; pifoEngines_0|enque_brain|engineCAM|banks_0_tags_77[3]                                    ;        ;
; guard|emptyPifos_4_18                                                                     ;        ;
; pifoEngines_0|enque_brain|engineCAM|banks_0_tags_77[6]                                    ;        ;
; pifoEngines_0|enque_brain|engineCAM|banks_0_tags_77[4]                                    ;        ;
; pifoEngines_0|enque_brain|engineCAM|banks_0_tags_77[0]                                    ;        ;
; pifoEngines_0|enque_brain|engineCAM|banks_0_tags_77[2]                                    ;        ;
; pifoEngines_0|enque_brain|engineCAM|banks_0_tags_77[1]                                    ;        ;
; pifoEngines_0|enque_brain|engineCAM|banks_0_tags_77[14]                                   ;        ;
; pifoEngines_0|enque_brain|engineCAM|banks_0_tags_77[13]                                   ;        ;
; pifoEngines_0|enque_brain|engineCAM|banks_0_tags_77[12]                                   ;        ;
; pifoEngines_0|enque_brain|engineCAM|banks_0_tags_77[11]                                   ;        ;
; pifoEngines_0|enque_brain|engineCAM|banks_0_tags_77[16]                                   ;        ;
; guard|emptyPifos_4_22                                                                     ;        ;
; pifoEngines_0|enque_brain|engineCAM|banks_0_tags_76[9]                                    ;        ;
; pifoEngines_0|enque_brain|engineCAM|banks_0_tags_76[8]                                    ;        ;
; pifoEngines_0|enque_brain|engineCAM|banks_0_tags_76[10]                                   ;        ;
; pifoEngines_0|enque_brain|engineCAM|banks_0_tags_76[7]                                    ;        ;
; pifoEngines_0|enque_brain|engineCAM|banks_0_tags_76[5]                                    ;        ;
; pifoEngines_0|enque_brain|engineCAM|banks_0_tags_76[3]                                    ;        ;
; pifoEngines_0|enque_brain|engineCAM|banks_0_tags_76[6]                                    ;        ;
; pifoEngines_0|enque_brain|engineCAM|banks_0_tags_76[4]                                    ;        ;
; pifoEngines_0|enque_brain|engineCAM|banks_0_tags_76[0]                                    ;        ;
; pifoEngines_0|enque_brain|engineCAM|banks_0_tags_76[2]                                    ;        ;
; guard|emptyPifos_4_20                                                                     ;        ;
; pifoEngines_0|enque_brain|engineCAM|banks_0_tags_76[1]                                    ;        ;
; pifoEngines_0|enque_brain|engineCAM|banks_0_tags_76[14]                                   ;        ;
; pifoEngines_0|enque_brain|engineCAM|banks_0_tags_76[13]                                   ;        ;
; pifoEngines_0|enque_brain|engineCAM|banks_0_tags_76[12]                                   ;        ;
; pifoEngines_0|enque_brain|engineCAM|banks_0_tags_76[11]                                   ;        ;
; pifoEngines_0|enque_brain|engineCAM|banks_0_tags_76[16]                                   ;        ;
; pifoEngines_0|enque_brain|engineCAM|banks_0_tags_78[9]                                    ;        ;
; pifoEngines_0|enque_brain|engineCAM|banks_0_tags_78[8]                                    ;        ;
; pifoEngines_0|enque_brain|engineCAM|banks_0_tags_78[10]                                   ;        ;
; pifoEngines_0|enque_brain|engineCAM|banks_0_tags_78[7]                                    ;        ;
; guard|emptyPifos_4_47                                                                     ;        ;
; pifoEngines_0|enque_brain|engineCAM|banks_0_tags_78[5]                                    ;        ;
; pifoEngines_0|enque_brain|engineCAM|banks_0_tags_78[3]                                    ;        ;
; pifoEngines_0|enque_brain|engineCAM|banks_0_tags_78[6]                                    ;        ;
; pifoEngines_0|enque_brain|engineCAM|banks_0_tags_78[4]                                    ;        ;
; pifoEngines_0|enque_brain|engineCAM|banks_0_tags_78[0]                                    ;        ;
; pifoEngines_0|enque_brain|engineCAM|banks_0_tags_78[2]                                    ;        ;
; pifoEngines_0|enque_brain|engineCAM|banks_0_tags_78[1]                                    ;        ;
; pifoEngines_0|enque_brain|engineCAM|banks_0_tags_78[14]                                   ;        ;
; pifoEngines_0|enque_brain|engineCAM|banks_0_tags_78[13]                                   ;        ;
; pifoEngines_0|enque_brain|engineCAM|banks_0_tags_78[12]                                   ;        ;
; guard|emptyPifos_4_39                                                                     ;        ;
; pifoEngines_0|enque_brain|engineCAM|banks_0_tags_78[11]                                   ;        ;
; pifoEngines_0|enque_brain|engineCAM|banks_0_tags_78[16]                                   ;        ;
; pifoEngines_0|enque_brain|engineCAM|banks_0_tags_84[9]                                    ;        ;
; pifoEngines_0|enque_brain|engineCAM|banks_0_tags_84[8]                                    ;        ;
; pifoEngines_0|enque_brain|engineCAM|banks_0_tags_84[10]                                   ;        ;
; pifoEngines_0|enque_brain|engineCAM|banks_0_tags_84[7]                                    ;        ;
; pifoEngines_0|enque_brain|engineCAM|banks_0_tags_84[5]                                    ;        ;
; pifoEngines_0|enque_brain|engineCAM|banks_0_tags_84[3]                                    ;        ;
; pifoEngines_0|enque_brain|engineCAM|banks_0_tags_84[6]                                    ;        ;
; pifoEngines_0|enque_brain|engineCAM|banks_0_tags_84[4]                                    ;        ;
; guard|emptyPifos_4_42                                                                     ;        ;
; pifoEngines_0|enque_brain|engineCAM|banks_0_tags_84[0]                                    ;        ;
; pifoEngines_0|enque_brain|engineCAM|banks_0_tags_84[2]                                    ;        ;
; pifoEngines_0|enque_brain|engineCAM|banks_0_tags_84[1]                                    ;        ;
; pifoEngines_0|enque_brain|engineCAM|banks_0_tags_84[14]                                   ;        ;
; pifoEngines_0|enque_brain|engineCAM|banks_0_tags_84[13]                                   ;        ;
; pifoEngines_0|enque_brain|engineCAM|banks_0_tags_84[12]                                   ;        ;
; pifoEngines_0|enque_brain|engineCAM|banks_0_tags_84[11]                                   ;        ;
; pifoEngines_0|enque_brain|engineCAM|banks_0_tags_84[16]                                   ;        ;
; pifoEngines_0|enque_brain|engineCAM|banks_0_tags_86[5]                                    ;        ;
; pifoEngines_0|enque_brain|engineCAM|banks_0_tags_86[3]                                    ;        ;
+-------------------------------------------------------------------------------------------+--------+


Status:		PASS
Severity:		High
Number of violations: 	0
Rule Parameters:      	max_violations = 5000
+-------------------------------------------------+
; LNT-30011 - Design Contains Combinational Loops ;
+-------------------------------------------------+


Status:		PASS
Severity:		Medium
Number of violations: 	0
Rule Parameters:      	max_violations = 5000
+-----------------------------------------------------------------------------------------------------------------+
; LNT-30017 - Register Output Driving Its Own Asynchronous Control Signal Directly or Through Combinational Logic ;
+-----------------------------------------------------------------------------------------------------------------+


Status:		PASS
Severity:		Medium
Number of violations: 	0
Rule Parameters:      	max_violations = 5000
+-----------------------------------------------+
; LNT-30023 - Reset Nets with Polarity Conflict ;
+-----------------------------------------------+


Status:		PASS
Severity:		Medium
Number of violations: 	0
Rule Parameters:      	max_violations = 5000
+-------------------------------------------------+
; RES-30132 - Registers May Not Be Properly Reset ;
+-------------------------------------------------+


Status:		PASS
Severity:		Medium
Number of violations: 	0
Rule Parameters:      	
		max_violations = 5000
		exclude_ram_blocks_without_mif = True
+---------------------------------------------------------------------------------------------------------------------+
; RES-30133 - Embedded Memory Blocks with Initialized Content That Might be Modified Before the FPGA Enters User Mode ;
+---------------------------------------------------------------------------------------------------------------------+


Status:		PASS
Severity:		Medium
Number of violations: 	0
Rule Parameters:      	max_violations = 5000
+--------------------------------------------------------+
; TMC-20052 - Paths with Post Synthesis Inferred Latches ;
+--------------------------------------------------------+


Status:		PASS
Severity:		Low
Number of violations: 	0
Rule Parameters:      	max_violations = 5000
+------------------------------------------------+
; FLP-10500 - Non Driving Top Level Inputs Found ;
+------------------------------------------------+


Status:		PASS
Severity:		Low
Number of violations: 	0
Rule Parameters:      	max_violations = 5000
+--------------------------------------------------------------+
; LNT-30010 - Nets Driving both Reset and Clock Enable Signals ;
+--------------------------------------------------------------+


Status:		PASS
Severity:		Low
Number of violations: 	0
Rule Parameters:      	
		max_violations = 5000
		DSP_Chain_Threshold = 2
		DSP_Check_User_WYSIWYGs = True
+--------------------------------------------------------------+
; LNT-50006 - DSP Control Signal Registers Reset Mode Mismatch ;
+--------------------------------------------------------------+


Status:		PASS
Severity:		Low
Number of violations: 	0
Rule Parameters:      	
		max_violations = 5000
		DSP_High_Fanout_Net_Threshold = 500
		DSP_Chain_Threshold = 2
		DSP_Check_User_WYSIWYGs = True
+---------------------------------------------------+
; TMC-20053 - DSP Inputs Driven by High Fan-Out Net ;
+---------------------------------------------------+


Status:		PASS
Severity:		Low
Number of violations: 	0
Rule Parameters:      	max_violations = 5000
+-----------------------------------------------------------------------+
; TMC-20500 - Hierarchical Tree Duplication was Shallower than Possible ;
+-----------------------------------------------------------------------+


Status:		PASS
Severity:		Low
Number of violations: 	0
Rule Parameters:      	max_violations = 5000
+------------------------------------------------------------------------+
; TMC-20501 - Hierarchical Tree Duplication was Shallower than Requested ;
+------------------------------------------------------------------------+


