cycle,phase,command,engine_id,vpifo_id,flow_id,data,copied_entries
2015,accepted,StopWorld,1,1,0,0,
2016,accepted,UpdateBrainEngine,4,1,0,4,
2017,accepted,UpdateRankQuantum,4,1,1,60,
2017,dispatched,StopWorld,1,1,0,0,
2018,accepted,UpdateBrainEngine,5,1,0,2,
2019,accepted,UpdateRankGroup,4,1,1,1,
2020,accepted,UpdateBrainEngine,6,1,0,3,
2021,accepted,UpdateBrainFlowState,5,1,641,1,
2022,accepted,UpdateRankGroup,4,1,2,1,
2023,accepted,UpdateBrainEngine,6,2,0,3,
2024,accepted,UpdateBrainFlowState,5,1,642,2,
2025,accepted,UpdateRankQuantum,4,1,2,120,
2026,accepted,UpdateBrainEngine,5,2,0,4,
2027,accepted,UpdateRankGroup,4,1,3,2,
2028,accepted,UpdateBrainEngine,6,3,0,3,
2029,accepted,UpdateRankGroup,5,2,3,3,
2030,accepted,UpdateRankQuantum,5,2,3,120,
2031,accepted,UpdateRankGroup,4,1,4,2,
2032,accepted,UpdateBrainEngine,6,4,0,3,
2033,accepted,UpdateRankGroup,5,2,4,4,
2034,accepted,UpdateRankQuantum,5,2,4,120,
2035,accepted,UpdateRankQuantum,4,1,3,120,
2036,accepted,UpdateBrainEngine,5,3,0,4,
2037,accepted,UpdateRankGroup,4,1,5,3,
2038,accepted,UpdateBrainEngine,6,5,0,3,
2039,accepted,UpdateRankGroup,5,3,5,5,
2040,accepted,UpdateRankQuantum,5,3,5,120,
2041,accepted,UpdateRankGroup,4,1,6,3,
2042,accepted,UpdateBrainEngine,6,6,0,3,
2043,accepted,UpdateRankGroup,5,3,6,6,
2044,accepted,UpdateRankQuantum,5,3,6,60,
2045,accepted,UpdateRankQuantum,4,1,4,120,
2046,accepted,UpdateBrainEngine,5,4,0,2,
2047,accepted,UpdateRankGroup,4,1,7,4,
2048,accepted,UpdateBrainEngine,6,7,0,3,
2049,accepted,UpdateBrainFlowState,5,4,647,1,
2050,accepted,UpdateRankGroup,4,1,8,4,
2051,accepted,UpdateBrainEngine,6,8,0,3,
2051,dispatched,UpdateBrainEngine,4,1,0,4,
2052,accepted,UpdateBrainFlowState,5,4,648,2,
2052,dispatched,UpdateRankQuantum,4,1,1,60,
2053,accepted,UpdateRankQuantum,4,1,5,120,
2053,dispatched,UpdateBrainEngine,5,1,0,2,
2054,accepted,UpdateBrainEngine,5,5,0,4,
2054,dispatched,UpdateRankGroup,4,1,1,1,
2055,accepted,UpdateRankGroup,4,1,9,5,
2055,dispatched,UpdateBrainEngine,6,1,0,3,
2056,accepted,UpdateBrainEngine,6,9,0,3,
2056,dispatched,UpdateBrainFlowState,5,1,641,1,
2057,accepted,UpdateRankGroup,5,5,9,9,
2057,dispatched,UpdateRankGroup,4,1,2,1,
2058,accepted,UpdateRankQuantum,5,5,9,120,
2058,dispatched,UpdateBrainEngine,6,2,0,3,
2059,accepted,UpdateRankGroup,4,1,10,5,
2059,dispatched,UpdateBrainFlowState,5,1,642,2,
2060,accepted,UpdateBrainEngine,6,10,0,3,
2060,dispatched,UpdateRankQuantum,4,1,2,120,
2061,accepted,UpdateRankGroup,5,5,10,10,
2061,dispatched,UpdateBrainEngine,5,2,0,4,
2062,accepted,UpdateRankQuantum,5,5,10,120,
2062,dispatched,UpdateRankGroup,4,1,3,2,
2063,accepted,UpdateRankQuantum,4,1,6,120,
2063,dispatched,UpdateBrainEngine,6,3,0,3,
2064,accepted,UpdateBrainEngine,5,6,0,4,
2064,dispatched,UpdateRankGroup,5,2,3,3,
2065,accepted,UpdateRankGroup,4,1,11,6,
2065,dispatched,UpdateRankQuantum,5,2,3,120,
2066,accepted,UpdateBrainEngine,6,11,0,3,
2066,dispatched,UpdateRankGroup,4,1,4,2,
2067,accepted,UpdateRankGroup,5,6,11,11,
2067,dispatched,UpdateBrainEngine,6,4,0,3,
2068,accepted,UpdateRankQuantum,5,6,11,120,
2068,dispatched,UpdateRankGroup,5,2,4,4,
2069,accepted,UpdateRankGroup,4,1,12,6,
2069,dispatched,UpdateRankQuantum,5,2,4,120,
2070,accepted,UpdateBrainEngine,6,12,0,3,
2070,dispatched,UpdateRankQuantum,4,1,3,120,
2071,accepted,UpdateRankGroup,5,6,12,12,
2071,dispatched,UpdateBrainEngine,5,3,0,4,
2072,accepted,UpdateRankQuantum,5,6,12,60,
2072,dispatched,UpdateRankGroup,4,1,5,3,
2073,accepted,UpdateRankQuantum,4,1,7,120,
2073,dispatched,UpdateBrainEngine,6,5,0,3,
2074,accepted,UpdateBrainEngine,5,7,0,2,
2074,dispatched,UpdateRankGroup,5,3,5,5,
2075,accepted,UpdateRankGroup,4,1,13,7,
2075,dispatched,UpdateRankQuantum,5,3,5,120,
2076,accepted,UpdateBrainEngine,6,13,0,3,
2076,dispatched,UpdateRankGroup,4,1,6,3,
2077,accepted,UpdateBrainFlowState,5,7,653,1,
2077,dispatched,UpdateBrainEngine,6,6,0,3,
2078,accepted,UpdateRankGroup,4,1,14,7,
2078,dispatched,UpdateRankGroup,5,3,6,6,
2079,accepted,UpdateBrainEngine,6,14,0,3,
2079,dispatched,UpdateRankQuantum,5,3,6,60,
2080,accepted,UpdateBrainFlowState,5,7,654,2,
2080,dispatched,UpdateRankQuantum,4,1,4,120,
2081,accepted,UpdateRankQuantum,4,1,8,120,
2081,dispatched,UpdateBrainEngine,5,4,0,2,
2082,accepted,UpdateBrainEngine,5,8,0,4,
2082,dispatched,UpdateRankGroup,4,1,7,4,
2083,accepted,UpdateRankGroup,4,1,15,8,
2083,dispatched,UpdateBrainEngine,6,7,0,3,
2084,accepted,UpdateBrainEngine,6,15,0,3,
2084,dispatched,UpdateBrainFlowState,5,4,647,1,
2085,accepted,UpdateRankGroup,5,8,15,15,
2085,dispatched,UpdateRankGroup,4,1,8,4,
2086,accepted,UpdateRankQuantum,5,8,15,120,
2086,dispatched,UpdateBrainEngine,6,8,0,3,
2087,accepted,UpdateRankGroup,4,1,16,8,
2087,dispatched,UpdateBrainFlowState,5,4,648,2,
2088,accepted,UpdateBrainEngine,6,16,0,3,
2088,dispatched,UpdateRankQuantum,4,1,5,120,
2089,accepted,UpdateRankGroup,5,8,16,16,
2089,dispatched,UpdateBrainEngine,5,5,0,4,
2090,accepted,UpdateRankQuantum,5,8,16,120,
2090,dispatched,UpdateRankGroup,4,1,9,5,
2091,accepted,UpdateRankQuantum,4,1,9,120,
2091,dispatched,UpdateBrainEngine,6,9,0,3,
2092,accepted,UpdateBrainEngine,5,9,0,4,
2092,dispatched,UpdateRankGroup,5,5,9,9,
2093,accepted,UpdateRankGroup,4,1,17,9,
2093,dispatched,UpdateRankQuantum,5,5,9,120,
2094,accepted,UpdateBrainEngine,6,17,0,3,
2094,dispatched,UpdateRankGroup,4,1,10,5,
2095,accepted,UpdateRankGroup,5,9,17,17,
2095,dispatched,UpdateBrainEngine,6,10,0,3,
2096,accepted,UpdateRankQuantum,5,9,17,120,
2096,dispatched,UpdateRankGroup,5,5,10,10,
2097,accepted,UpdateRankGroup,4,1,18,9,
2097,dispatched,UpdateRankQuantum,5,5,10,120,
2098,accepted,UpdateBrainEngine,6,18,0,3,
2098,dispatched,UpdateRankQuantum,4,1,6,120,
2099,accepted,UpdateRankGroup,5,9,18,18,
2099,dispatched,UpdateBrainEngine,5,6,0,4,
2100,accepted,UpdateRankQuantum,5,9,18,60,
2100,dispatched,UpdateRankGroup,4,1,11,6,
2101,accepted,UpdateRankQuantum,4,1,10,120,
2101,dispatched,UpdateBrainEngine,6,11,0,3,
2102,accepted,UpdateBrainEngine,5,10,0,2,
2102,dispatched,UpdateRankGroup,5,6,11,11,
2103,accepted,UpdateRankGroup,4,1,19,10,
2103,dispatched,UpdateRankQuantum,5,6,11,120,
2104,accepted,UpdateBrainEngine,6,19,0,3,
2104,dispatched,UpdateRankGroup,4,1,12,6,
2105,accepted,UpdateBrainFlowState,5,10,659,1,
2105,dispatched,UpdateBrainEngine,6,12,0,3,
2106,accepted,UpdateRankGroup,4,1,20,10,
2106,dispatched,UpdateRankGroup,5,6,12,12,
2107,accepted,UpdateBrainEngine,6,20,0,3,
2107,dispatched,UpdateRankQuantum,5,6,12,60,
2108,accepted,UpdateBrainFlowState,5,10,660,2,
2108,dispatched,UpdateRankQuantum,4,1,7,120,
2109,accepted,UpdateRankQuantum,4,1,11,120,
2109,dispatched,UpdateBrainEngine,5,7,0,2,
2110,accepted,UpdateBrainEngine,5,11,0,4,
2110,dispatched,UpdateRankGroup,4,1,13,7,
2111,accepted,UpdateRankGroup,4,1,21,11,
2111,dispatched,UpdateBrainEngine,6,13,0,3,
2112,accepted,UpdateBrainEngine,6,21,0,3,
2112,dispatched,UpdateBrainFlowState,5,7,653,1,
2113,accepted,UpdateRankGroup,5,11,21,21,
2113,dispatched,UpdateRankGroup,4,1,14,7,
2114,accepted,UpdateRankQuantum,5,11,21,120,
2114,dispatched,UpdateBrainEngine,6,14,0,3,
2115,accepted,UpdateRankGroup,4,1,22,11,
2115,dispatched,UpdateBrainFlowState,5,7,654,2,
2116,accepted,UpdateBrainEngine,6,22,0,3,
2116,dispatched,UpdateRankQuantum,4,1,8,120,
2117,accepted,UpdateRankGroup,5,11,22,22,
2117,dispatched,UpdateBrainEngine,5,8,0,4,
2118,accepted,UpdateRankQuantum,5,11,22,120,
2118,dispatched,UpdateRankGroup,4,1,15,8,
2119,accepted,UpdateRankQuantum,4,1,12,120,
2119,dispatched,UpdateBrainEngine,6,15,0,3,
2120,accepted,UpdateBrainEngine,5,12,0,4,
2120,dispatched,UpdateRankGroup,5,8,15,15,
2121,accepted,UpdateRankGroup,4,1,23,12,
2121,dispatched,UpdateRankQuantum,5,8,15,120,
2122,accepted,UpdateBrainEngine,6,23,0,3,
2122,dispatched,UpdateRankGroup,4,1,16,8,
2123,accepted,UpdateRankGroup,5,12,23,23,
2123,dispatched,UpdateBrainEngine,6,16,0,3,
2124,accepted,UpdateRankQuantum,5,12,23,120,
2124,dispatched,UpdateRankGroup,5,8,16,16,
2125,accepted,UpdateRankGroup,4,1,24,12,
2125,dispatched,UpdateRankQuantum,5,8,16,120,
2126,accepted,UpdateBrainEngine,6,24,0,3,
2126,dispatched,UpdateRankQuantum,4,1,9,120,
2127,accepted,UpdateRankGroup,5,12,24,24,
2127,dispatched,UpdateBrainEngine,5,9,0,4,
2128,accepted,UpdateRankQuantum,5,12,24,60,
2128,dispatched,UpdateRankGroup,4,1,17,9,
2129,accepted,UpdateRankQuantum,4,1,13,120,
2129,dispatched,UpdateBrainEngine,6,17,0,3,
2130,accepted,UpdateBrainEngine,5,13,0,2,
2130,dispatched,UpdateRankGroup,5,9,17,17,
2131,accepted,UpdateRankGroup,4,1,25,13,
2131,dispatched,UpdateRankQuantum,5,9,17,120,
2132,accepted,UpdateBrainEngine,6,25,0,3,
2132,dispatched,UpdateRankGroup,4,1,18,9,
2133,accepted,UpdateBrainFlowState,5,13,665,1,
2133,dispatched,UpdateBrainEngine,6,18,0,3,
2134,accepted,UpdateRankGroup,4,1,26,13,
2134,dispatched,UpdateRankGroup,5,9,18,18,
2135,accepted,UpdateBrainEngine,6,26,0,3,
2135,dispatched,UpdateRankQuantum,5,9,18,60,
2136,accepted,UpdateBrainFlowState,5,13,666,2,
2136,dispatched,UpdateRankQuantum,4,1,10,120,
2137,accepted,UpdateRankQuantum,4,1,14,120,
2137,dispatched,UpdateBrainEngine,5,10,0,2,
2138,accepted,UpdateBrainEngine,5,14,0,4,
2138,dispatched,UpdateRankGroup,4,1,19,10,
2139,accepted,UpdateRankGroup,4,1,27,14,
2139,dispatched,UpdateBrainEngine,6,19,0,3,
2140,accepted,UpdateBrainEngine,6,27,0,3,
2140,dispatched,UpdateBrainFlowState,5,10,659,1,
2141,accepted,UpdateRankGroup,5,14,27,27,
2141,dispatched,UpdateRankGroup,4,1,20,10,
2142,accepted,UpdateRankQuantum,5,14,27,120,
2142,dispatched,UpdateBrainEngine,6,20,0,3,
2143,accepted,UpdateRankGroup,4,1,28,14,
2143,dispatched,UpdateBrainFlowState,5,10,660,2,
2144,accepted,UpdateBrainEngine,6,28,0,3,
2144,dispatched,UpdateRankQuantum,4,1,11,120,
2145,accepted,UpdateRankGroup,5,14,28,28,
2145,dispatched,UpdateBrainEngine,5,11,0,4,
2146,accepted,UpdateRankQuantum,5,14,28,120,
2146,dispatched,UpdateRankGroup,4,1,21,11,
2147,accepted,UpdateRankQuantum,4,1,15,120,
2147,dispatched,UpdateBrainEngine,6,21,0,3,
2148,accepted,UpdateBrainEngine,5,15,0,4,
2148,dispatched,UpdateRankGroup,5,11,21,21,
2149,accepted,UpdateRankGroup,4,1,29,15,
2149,dispatched,UpdateRankQuantum,5,11,21,120,
2150,accepted,UpdateBrainEngine,6,29,0,3,
2150,dispatched,UpdateRankGroup,4,1,22,11,
2151,accepted,UpdateRankGroup,5,15,29,29,
2151,dispatched,UpdateBrainEngine,6,22,0,3,
2152,accepted,UpdateRankQuantum,5,15,29,120,
2152,dispatched,UpdateRankGroup,5,11,22,22,
2153,accepted,UpdateRankGroup,4,1,30,15,
2153,dispatched,UpdateRankQuantum,5,11,22,120,
2154,accepted,UpdateBrainEngine,6,30,0,3,
2154,dispatched,UpdateRankQuantum,4,1,12,120,
2155,accepted,UpdateRankGroup,5,15,30,30,
2155,dispatched,UpdateBrainEngine,5,12,0,4,
2156,accepted,UpdateRankQuantum,5,15,30,60,
2156,dispatched,UpdateRankGroup,4,1,23,12,
2157,accepted,UpdateRankQuantum,4,1,16,120,
2157,dispatched,UpdateBrainEngine,6,23,0,3,
2158,accepted,UpdateBrainEngine,5,16,0,2,
2158,dispatched,UpdateRankGroup,5,12,23,23,
2159,accepted,UpdateRankGroup,4,1,31,16,
2159,dispatched,UpdateRankQuantum,5,12,23,120,
2160,accepted,UpdateBrainEngine,6,31,0,3,
2160,dispatched,UpdateRankGroup,4,1,24,12,
2161,accepted,UpdateBrainFlowState,5,16,671,1,
2161,dispatched,UpdateBrainEngine,6,24,0,3,
2162,accepted,UpdateRankGroup,4,1,32,16,
2162,dispatched,UpdateRankGroup,5,12,24,24,
2163,accepted,UpdateBrainEngine,6,32,0,3,
2163,dispatched,UpdateRankQuantum,5,12,24,60,
2164,accepted,UpdateBrainFlowState,5,16,672,2,
2164,dispatched,UpdateRankQuantum,4,1,13,120,
2165,accepted,UpdateRankQuantum,4,1,17,120,
2165,dispatched,UpdateBrainEngine,5,13,0,2,
2166,accepted,UpdateBrainEngine,5,17,0,4,
2166,dispatched,UpdateRankGroup,4,1,25,13,
2167,accepted,UpdateRankGroup,4,1,33,17,
2167,dispatched,UpdateBrainEngine,6,25,0,3,
2168,accepted,UpdateBrainEngine,6,33,0,3,
2168,dispatched,UpdateBrainFlowState,5,13,665,1,
2169,accepted,UpdateRankGroup,5,17,33,33,
2169,dispatched,UpdateRankGroup,4,1,26,13,
2170,accepted,UpdateRankQuantum,5,17,33,120,
2170,dispatched,UpdateBrainEngine,6,26,0,3,
2171,accepted,UpdateRankGroup,4,1,34,17,
2171,dispatched,UpdateBrainFlowState,5,13,666,2,
2172,accepted,UpdateBrainEngine,6,34,0,3,
2172,dispatched,UpdateRankQuantum,4,1,14,120,
2173,accepted,UpdateRankGroup,5,17,34,34,
2173,dispatched,UpdateBrainEngine,5,14,0,4,
2174,accepted,UpdateRankQuantum,5,17,34,120,
2174,dispatched,UpdateRankGroup,4,1,27,14,
2175,accepted,UpdateRankQuantum,4,1,18,120,
2175,dispatched,UpdateBrainEngine,6,27,0,3,
2176,accepted,UpdateBrainEngine,5,18,0,4,
2176,dispatched,UpdateRankGroup,5,14,27,27,
2177,accepted,UpdateRankGroup,4,1,35,18,
2177,dispatched,UpdateRankQuantum,5,14,27,120,
2178,accepted,UpdateBrainEngine,6,35,0,3,
2178,dispatched,UpdateRankGroup,4,1,28,14,
2179,accepted,UpdateRankGroup,5,18,35,35,
2179,dispatched,UpdateBrainEngine,6,28,0,3,
2180,accepted,UpdateRankQuantum,5,18,35,120,
2180,dispatched,UpdateRankGroup,5,14,28,28,
2181,accepted,UpdateRankGroup,4,1,36,18,
2181,dispatched,UpdateRankQuantum,5,14,28,120,
2182,accepted,UpdateBrainEngine,6,36,0,3,
2182,dispatched,UpdateRankQuantum,4,1,15,120,
2183,accepted,UpdateRankGroup,5,18,36,36,
2183,dispatched,UpdateBrainEngine,5,15,0,4,
2184,accepted,UpdateRankQuantum,5,18,36,60,
2184,dispatched,UpdateRankGroup,4,1,29,15,
2185,accepted,UpdateRankQuantum,4,1,19,120,
2185,dispatched,UpdateBrainEngine,6,29,0,3,
2186,accepted,UpdateBrainEngine,5,19,0,2,
2186,dispatched,UpdateRankGroup,5,15,29,29,
2187,accepted,UpdateRankGroup,4,1,37,19,
2187,dispatched,UpdateRankQuantum,5,15,29,120,
2188,accepted,UpdateBrainEngine,6,37,0,3,
2188,dispatched,UpdateRankGroup,4,1,30,15,
2189,accepted,UpdateBrainFlowState,5,19,677,1,
2189,dispatched,UpdateBrainEngine,6,30,0,3,
2190,accepted,UpdateRankGroup,4,1,38,19,
2190,dispatched,UpdateRankGroup,5,15,30,30,
2191,accepted,UpdateBrainEngine,6,38,0,3,
2191,dispatched,UpdateRankQuantum,5,15,30,60,
2192,accepted,UpdateBrainFlowState,5,19,678,2,
2192,dispatched,UpdateRankQuantum,4,1,16,120,
2193,accepted,UpdateRankQuantum,4,1,20,120,
2193,dispatched,UpdateBrainEngine,5,16,0,2,
2194,accepted,UpdateBrainEngine,5,20,0,4,
2194,dispatched,UpdateRankGroup,4,1,31,16,
2195,accepted,UpdateRankGroup,4,1,39,20,
2195,dispatched,UpdateBrainEngine,6,31,0,3,
2196,accepted,UpdateBrainEngine,6,39,0,3,
2196,dispatched,UpdateBrainFlowState,5,16,671,1,
2197,accepted,UpdateRankGroup,5,20,39,39,
2197,dispatched,UpdateRankGroup,4,1,32,16,
2198,accepted,UpdateRankQuantum,5,20,39,120,
2198,dispatched,UpdateBrainEngine,6,32,0,3,
2199,accepted,UpdateRankGroup,4,1,40,20,
2199,dispatched,UpdateBrainFlowState,5,16,672,2,
2200,accepted,UpdateBrainEngine,6,40,0,3,
2200,dispatched,UpdateRankQuantum,4,1,17,120,
2201,accepted,UpdateRankGroup,5,20,40,40,
2201,dispatched,UpdateBrainEngine,5,17,0,4,
2202,accepted,UpdateRankQuantum,5,20,40,120,
2202,dispatched,UpdateRankGroup,4,1,33,17,
2203,accepted,UpdateRankQuantum,4,1,21,120,
2203,dispatched,UpdateBrainEngine,6,33,0,3,
2204,accepted,UpdateBrainEngine,5,21,0,4,
2204,dispatched,UpdateRankGroup,5,17,33,33,
2205,accepted,UpdateRankGroup,4,1,41,21,
2205,dispatched,UpdateRankQuantum,5,17,33,120,
2206,accepted,UpdateBrainEngine,6,41,0,3,
2206,dispatched,UpdateRankGroup,4,1,34,17,
2207,accepted,UpdateRankGroup,5,21,41,41,
2207,dispatched,UpdateBrainEngine,6,34,0,3,
2208,accepted,UpdateRankQuantum,5,21,41,120,
2208,dispatched,UpdateRankGroup,5,17,34,34,
2209,accepted,UpdateRankGroup,4,1,42,21,
2209,dispatched,UpdateRankQuantum,5,17,34,120,
2210,accepted,UpdateBrainEngine,6,42,0,3,
2210,dispatched,UpdateRankQuantum,4,1,18,120,
2211,accepted,UpdateRankGroup,5,21,42,42,
2211,dispatched,UpdateBrainEngine,5,18,0,4,
2212,accepted,UpdateRankQuantum,5,21,42,60,
2212,dispatched,UpdateRankGroup,4,1,35,18,
2213,accepted,UpdateRankQuantum,4,1,22,120,
2213,dispatched,UpdateBrainEngine,6,35,0,3,
2214,accepted,UpdateBrainEngine,5,22,0,2,
2214,dispatched,UpdateRankGroup,5,18,35,35,
2215,accepted,UpdateRankGroup,4,1,43,22,
2215,dispatched,UpdateRankQuantum,5,18,35,120,
2216,accepted,UpdateBrainEngine,6,43,0,3,
2216,dispatched,UpdateRankGroup,4,1,36,18,
2217,accepted,UpdateBrainFlowState,5,22,683,1,
2217,dispatched,UpdateBrainEngine,6,36,0,3,
2218,accepted,UpdateRankGroup,4,1,44,22,
2218,dispatched,UpdateRankGroup,5,18,36,36,
2219,accepted,UpdateBrainEngine,6,44,0,3,
2219,dispatched,UpdateRankQuantum,5,18,36,60,
2220,accepted,UpdateBrainFlowState,5,22,684,2,
2220,dispatched,UpdateRankQuantum,4,1,19,120,
2221,accepted,UpdateRankQuantum,4,1,23,120,
2221,dispatched,UpdateBrainEngine,5,19,0,2,
2222,accepted,UpdateBrainEngine,5,23,0,4,
2222,dispatched,UpdateRankGroup,4,1,37,19,
2223,accepted,UpdateRankGroup,4,1,45,23,
2223,dispatched,UpdateBrainEngine,6,37,0,3,
2224,accepted,UpdateBrainEngine,6,45,0,3,
2224,dispatched,UpdateBrainFlowState,5,19,677,1,
2225,accepted,UpdateRankGroup,5,23,45,45,
2225,dispatched,UpdateRankGroup,4,1,38,19,
2226,accepted,UpdateRankQuantum,5,23,45,120,
2226,dispatched,UpdateBrainEngine,6,38,0,3,
2227,accepted,UpdateRankGroup,4,1,46,23,
2227,dispatched,UpdateBrainFlowState,5,19,678,2,
2228,accepted,UpdateBrainEngine,6,46,0,3,
2228,dispatched,UpdateRankQuantum,4,1,20,120,
2229,accepted,UpdateRankGroup,5,23,46,46,
2229,dispatched,UpdateBrainEngine,5,20,0,4,
2230,accepted,UpdateRankQuantum,5,23,46,120,
2230,dispatched,UpdateRankGroup,4,1,39,20,
2231,accepted,UpdateRankQuantum,4,1,24,120,
2231,dispatched,UpdateBrainEngine,6,39,0,3,
2232,accepted,UpdateBrainEngine,5,24,0,4,
2232,dispatched,UpdateRankGroup,5,20,39,39,
2233,accepted,UpdateRankGroup,4,1,47,24,
2233,dispatched,UpdateRankQuantum,5,20,39,120,
2234,accepted,UpdateBrainEngine,6,47,0,3,
2234,dispatched,UpdateRankGroup,4,1,40,20,
2235,accepted,UpdateRankGroup,5,24,47,47,
2235,dispatched,UpdateBrainEngine,6,40,0,3,
2236,accepted,UpdateRankQuantum,5,24,47,120,
2236,dispatched,UpdateRankGroup,5,20,40,40,
2237,accepted,UpdateRankGroup,4,1,48,24,
2237,dispatched,UpdateRankQuantum,5,20,40,120,
2238,accepted,UpdateBrainEngine,6,48,0,3,
2238,dispatched,UpdateRankQuantum,4,1,21,120,
2239,accepted,UpdateRankGroup,5,24,48,48,
2239,dispatched,UpdateBrainEngine,5,21,0,4,
2240,accepted,UpdateRankQuantum,5,24,48,60,
2240,dispatched,UpdateRankGroup,4,1,41,21,
2241,accepted,UpdateRankQuantum,4,1,25,120,
2241,dispatched,UpdateBrainEngine,6,41,0,3,
2242,accepted,UpdateBrainEngine,5,25,0,2,
2242,dispatched,UpdateRankGroup,5,21,41,41,
2243,accepted,UpdateRankGroup,4,1,49,25,
2243,dispatched,UpdateRankQuantum,5,21,41,120,
2244,accepted,UpdateBrainEngine,6,49,0,3,
2244,dispatched,UpdateRankGroup,4,1,42,21,
2245,accepted,UpdateBrainFlowState,5,25,689,1,
2245,dispatched,UpdateBrainEngine,6,42,0,3,
2246,accepted,UpdateRankGroup,4,1,50,25,
2246,dispatched,UpdateRankGroup,5,21,42,42,
2247,accepted,UpdateBrainEngine,6,50,0,3,
2247,dispatched,UpdateRankQuantum,5,21,42,60,
2248,accepted,UpdateBrainFlowState,5,25,690,2,
2248,dispatched,UpdateRankQuantum,4,1,22,120,
2249,accepted,UpdateRankQuantum,4,1,26,120,
2249,dispatched,UpdateBrainEngine,5,22,0,2,
2250,accepted,UpdateBrainEngine,5,26,0,4,
2250,dispatched,UpdateRankGroup,4,1,43,22,
2251,accepted,UpdateRankGroup,4,1,51,26,
2251,dispatched,UpdateBrainEngine,6,43,0,3,
2252,accepted,UpdateBrainEngine,6,51,0,3,
2252,dispatched,UpdateBrainFlowState,5,22,683,1,
2253,accepted,UpdateRankGroup,5,26,51,51,
2253,dispatched,UpdateRankGroup,4,1,44,22,
2254,accepted,UpdateRankQuantum,5,26,51,120,
2254,dispatched,UpdateBrainEngine,6,44,0,3,
2255,accepted,UpdateRankGroup,4,1,52,26,
2255,dispatched,UpdateBrainFlowState,5,22,684,2,
2256,accepted,UpdateBrainEngine,6,52,0,3,
2256,dispatched,UpdateRankQuantum,4,1,23,120,
2257,accepted,UpdateRankGroup,5,26,52,52,
2257,dispatched,UpdateBrainEngine,5,23,0,4,
2258,accepted,UpdateRankQuantum,5,26,52,120,
2258,dispatched,UpdateRankGroup,4,1,45,23,
2259,accepted,UpdateRankQuantum,4,1,27,120,
2259,dispatched,UpdateBrainEngine,6,45,0,3,
2260,accepted,UpdateBrainEngine,5,27,0,4,
2260,dispatched,UpdateRankGroup,5,23,45,45,
2261,accepted,UpdateRankGroup,4,1,53,27,
2261,dispatched,UpdateRankQuantum,5,23,45,120,
2262,accepted,UpdateBrainEngine,6,53,0,3,
2262,dispatched,UpdateRankGroup,4,1,46,23,
2263,accepted,UpdateRankGroup,5,27,53,53,
2263,dispatched,UpdateBrainEngine,6,46,0,3,
2264,accepted,UpdateRankQuantum,5,27,53,120,
2264,dispatched,UpdateRankGroup,5,23,46,46,
2265,accepted,UpdateRankGroup,4,1,54,27,
2265,dispatched,UpdateRankQuantum,5,23,46,120,
2266,accepted,UpdateBrainEngine,6,54,0,3,
2266,dispatched,UpdateRankQuantum,4,1,24,120,
2267,accepted,UpdateRankGroup,5,27,54,54,
2267,dispatched,UpdateBrainEngine,5,24,0,4,
2268,accepted,UpdateRankQuantum,5,27,54,60,
2268,dispatched,UpdateRankGroup,4,1,47,24,
2269,accepted,UpdateRankQuantum,4,1,28,120,
2269,dispatched,UpdateBrainEngine,6,47,0,3,
2270,accepted,UpdateBrainEngine,5,28,0,2,
2270,dispatched,UpdateRankGroup,5,24,47,47,
2271,accepted,UpdateRankGroup,4,1,55,28,
2271,dispatched,UpdateRankQuantum,5,24,47,120,
2272,accepted,UpdateBrainEngine,6,55,0,3,
2272,dispatched,UpdateRankGroup,4,1,48,24,
2273,accepted,UpdateBrainFlowState,5,28,695,1,
2273,dispatched,UpdateBrainEngine,6,48,0,3,
2274,accepted,UpdateRankGroup,4,1,56,28,
2274,dispatched,UpdateRankGroup,5,24,48,48,
2275,accepted,UpdateBrainEngine,6,56,0,3,
2275,dispatched,UpdateRankQuantum,5,24,48,60,
2276,accepted,UpdateBrainFlowState,5,28,696,2,
2276,dispatched,UpdateRankQuantum,4,1,25,120,
2277,accepted,UpdateRankQuantum,4,1,29,120,
2277,dispatched,UpdateBrainEngine,5,25,0,2,
2278,accepted,UpdateBrainEngine,5,29,0,4,
2278,dispatched,UpdateRankGroup,4,1,49,25,
2279,accepted,UpdateRankGroup,4,1,57,29,
2279,dispatched,UpdateBrainEngine,6,49,0,3,
2280,accepted,UpdateBrainEngine,6,57,0,3,
2280,dispatched,UpdateBrainFlowState,5,25,689,1,
2281,accepted,UpdateRankGroup,5,29,57,57,
2281,dispatched,UpdateRankGroup,4,1,50,25,
2282,accepted,UpdateRankQuantum,5,29,57,120,
2282,dispatched,UpdateBrainEngine,6,50,0,3,
2283,accepted,UpdateRankGroup,4,1,58,29,
2283,dispatched,UpdateBrainFlowState,5,25,690,2,
2284,accepted,UpdateBrainEngine,6,58,0,3,
2284,dispatched,UpdateRankQuantum,4,1,26,120,
2285,accepted,UpdateRankGroup,5,29,58,58,
2285,dispatched,UpdateBrainEngine,5,26,0,4,
2286,accepted,UpdateRankQuantum,5,29,58,120,
2286,dispatched,UpdateRankGroup,4,1,51,26,
2287,accepted,UpdateRankQuantum,4,1,30,120,
2287,dispatched,UpdateBrainEngine,6,51,0,3,
2288,accepted,UpdateBrainEngine,5,30,0,4,
2288,dispatched,UpdateRankGroup,5,26,51,51,
2289,accepted,UpdateRankGroup,4,1,59,30,
2289,dispatched,UpdateRankQuantum,5,26,51,120,
2290,accepted,UpdateBrainEngine,6,59,0,3,
2290,dispatched,UpdateRankGroup,4,1,52,26,
2291,accepted,UpdateRankGroup,5,30,59,59,
2291,dispatched,UpdateBrainEngine,6,52,0,3,
2292,accepted,UpdateRankQuantum,5,30,59,120,
2292,dispatched,UpdateRankGroup,5,26,52,52,
2293,accepted,UpdateRankGroup,4,1,60,30,
2293,dispatched,UpdateRankQuantum,5,26,52,120,
2294,accepted,UpdateBrainEngine,6,60,0,3,
2294,dispatched,UpdateRankQuantum,4,1,27,120,
2295,accepted,UpdateRankGroup,5,30,60,60,
2295,dispatched,UpdateBrainEngine,5,27,0,4,
2296,accepted,UpdateRankQuantum,5,30,60,60,
2296,dispatched,UpdateRankGroup,4,1,53,27,
2297,accepted,UpdateRankQuantum,4,1,31,120,
2297,dispatched,UpdateBrainEngine,6,53,0,3,
2298,accepted,UpdateBrainEngine,5,31,0,2,
2298,dispatched,UpdateRankGroup,5,27,53,53,
2299,accepted,UpdateRankGroup,4,1,61,31,
2299,dispatched,UpdateRankQuantum,5,27,53,120,
2300,accepted,UpdateBrainEngine,6,61,0,3,
2300,dispatched,UpdateRankGroup,4,1,54,27,
2301,accepted,UpdateBrainFlowState,5,31,701,1,
2301,dispatched,UpdateBrainEngine,6,54,0,3,
2302,accepted,UpdateRankGroup,4,1,62,31,
2302,dispatched,UpdateRankGroup,5,27,54,54,
2303,accepted,UpdateBrainEngine,6,62,0,3,
2303,dispatched,UpdateRankQuantum,5,27,54,60,
2304,accepted,UpdateBrainFlowState,5,31,702,2,
2304,dispatched,UpdateRankQuantum,4,1,28,120,
2305,accepted,UpdateRankQuantum,4,1,32,120,
2305,dispatched,UpdateBrainEngine,5,28,0,2,
2306,accepted,UpdateBrainEngine,5,32,0,4,
2306,dispatched,UpdateRankGroup,4,1,55,28,
2307,accepted,UpdateRankGroup,4,1,63,32,
2307,dispatched,UpdateBrainEngine,6,55,0,3,
2308,accepted,UpdateBrainEngine,6,63,0,3,
2308,dispatched,UpdateBrainFlowState,5,28,695,1,
2309,accepted,UpdateRankGroup,5,32,63,63,
2309,dispatched,UpdateRankGroup,4,1,56,28,
2310,accepted,UpdateRankQuantum,5,32,63,120,
2310,dispatched,UpdateBrainEngine,6,56,0,3,
2311,accepted,UpdateRankGroup,4,1,64,32,
2311,dispatched,UpdateBrainFlowState,5,28,696,2,
2312,accepted,UpdateBrainEngine,6,64,0,3,
2312,dispatched,UpdateRankQuantum,4,1,29,120,
2313,accepted,UpdateRankGroup,5,32,64,64,
2313,dispatched,UpdateBrainEngine,5,29,0,4,
2314,accepted,UpdateRankQuantum,5,32,64,120,
2314,dispatched,UpdateRankGroup,4,1,57,29,
2315,accepted,UpdateBrainEngine,7,1,0,2,
2315,dispatched,UpdateBrainEngine,6,57,0,3,
2316,accepted,UpdateBrainFlowState,7,1,897,2,
2316,dispatched,UpdateRankGroup,5,29,57,57,
2317,accepted,UpdateBrainFlowState,7,1,898,2,
2317,dispatched,UpdateRankQuantum,5,29,57,120,
2318,accepted,UpdateBrainFlowState,7,1,899,2,
2318,dispatched,UpdateRankGroup,4,1,58,29,
2319,accepted,UpdateBrainFlowState,7,1,900,2,
2319,dispatched,UpdateBrainEngine,6,58,0,3,
2320,accepted,UpdateBrainFlowState,7,1,901,2,
2320,dispatched,UpdateRankGroup,5,29,58,58,
2321,accepted,UpdateBrainFlowState,7,1,902,2,
2321,dispatched,UpdateRankQuantum,5,29,58,120,
2322,accepted,UpdateBrainFlowState,7,1,903,2,
2322,dispatched,UpdateRankQuantum,4,1,30,120,
2323,accepted,UpdateBrainFlowState,7,1,904,2,
2323,dispatched,UpdateBrainEngine,5,30,0,4,
2324,accepted,UpdateBrainFlowState,7,1,905,2,
2324,dispatched,UpdateRankGroup,4,1,59,30,
2325,accepted,UpdateBrainFlowState,7,1,906,2,
2325,dispatched,UpdateBrainEngine,6,59,0,3,
2326,accepted,UpdateBrainFlowState,7,1,907,2,
2326,dispatched,UpdateRankGroup,5,30,59,59,
2327,accepted,UpdateBrainFlowState,7,1,908,2,
2327,dispatched,UpdateRankQuantum,5,30,59,120,
2328,accepted,UpdateBrainFlowState,7,1,909,2,
2328,dispatched,UpdateRankGroup,4,1,60,30,
2329,accepted,UpdateBrainFlowState,7,1,910,2,
2329,dispatched,UpdateBrainEngine,6,60,0,3,
2330,accepted,UpdateBrainFlowState,7,1,911,2,
2330,dispatched,UpdateRankGroup,5,30,60,60,
2331,accepted,UpdateBrainFlowState,7,1,912,2,
2331,dispatched,UpdateRankQuantum,5,30,60,60,
2332,accepted,UpdateBrainFlowState,7,1,913,2,
2332,dispatched,UpdateRankQuantum,4,1,31,120,
2333,accepted,UpdateBrainFlowState,7,1,914,2,
2333,dispatched,UpdateBrainEngine,5,31,0,2,
2334,accepted,UpdateBrainFlowState,7,1,915,2,
2334,dispatched,UpdateRankGroup,4,1,61,31,
2335,accepted,UpdateBrainFlowState,7,1,916,2,
2335,dispatched,UpdateBrainEngine,6,61,0,3,
2336,accepted,UpdateBrainFlowState,7,1,917,2,
2336,dispatched,UpdateBrainFlowState,5,31,701,1,
2337,accepted,UpdateBrainFlowState,7,1,918,2,
2337,dispatched,UpdateRankGroup,4,1,62,31,
2338,accepted,UpdateBrainFlowState,7,1,919,2,
2338,dispatched,UpdateBrainEngine,6,62,0,3,
2339,accepted,UpdateBrainFlowState,7,1,920,2,
2339,dispatched,UpdateBrainFlowState,5,31,702,2,
2340,accepted,UpdateBrainFlowState,7,1,921,2,
2340,dispatched,UpdateRankQuantum,4,1,32,120,
2341,accepted,UpdateBrainFlowState,7,1,922,2,
2341,dispatched,UpdateBrainEngine,5,32,0,4,
2342,accepted,UpdateBrainFlowState,7,1,923,2,
2342,dispatched,UpdateRankGroup,4,1,63,32,
2343,accepted,UpdateBrainFlowState,7,1,924,2,
2343,dispatched,UpdateBrainEngine,6,63,0,3,
2344,accepted,UpdateBrainFlowState,7,1,925,2,
2344,dispatched,UpdateRankGroup,5,32,63,63,
2345,accepted,UpdateBrainFlowState,7,1,926,2,
2345,dispatched,UpdateRankQuantum,5,32,63,120,
2346,accepted,UpdateBrainFlowState,7,1,927,2,
2346,dispatched,UpdateRankGroup,4,1,64,32,
2347,accepted,UpdateBrainFlowState,7,1,928,2,
2347,dispatched,UpdateBrainEngine,6,64,0,3,
2348,accepted,UpdateBrainFlowState,7,1,929,2,
2348,dispatched,UpdateRankGroup,5,32,64,64,
2349,accepted,UpdateBrainFlowState,7,1,930,2,
2349,dispatched,UpdateRankQuantum,5,32,64,120,
2350,accepted,UpdateBrainFlowState,7,1,931,2,
2350,dispatched,UpdateBrainEngine,7,1,0,2,
2351,accepted,UpdateBrainFlowState,7,1,932,2,
2351,dispatched,UpdateBrainFlowState,7,1,897,2,
2352,accepted,UpdateBrainFlowState,7,1,933,2,
2352,dispatched,UpdateBrainFlowState,7,1,898,2,
2353,accepted,UpdateBrainFlowState,7,1,934,2,
2353,dispatched,UpdateBrainFlowState,7,1,899,2,
2354,accepted,UpdateBrainFlowState,7,1,935,2,
2354,dispatched,UpdateBrainFlowState,7,1,900,2,
2355,accepted,UpdateBrainFlowState,7,1,936,2,
2355,dispatched,UpdateBrainFlowState,7,1,901,2,
2356,accepted,UpdateBrainFlowState,7,1,937,2,
2356,dispatched,UpdateBrainFlowState,7,1,902,2,
2357,accepted,UpdateBrainFlowState,7,1,938,2,
2357,dispatched,UpdateBrainFlowState,7,1,903,2,
2358,accepted,UpdateBrainFlowState,7,1,939,2,
2358,dispatched,UpdateBrainFlowState,7,1,904,2,
2359,accepted,UpdateBrainFlowState,7,1,940,2,
2359,dispatched,UpdateBrainFlowState,7,1,905,2,
2360,accepted,UpdateBrainFlowState,7,1,941,2,
2360,dispatched,UpdateBrainFlowState,7,1,906,2,
2361,accepted,UpdateBrainFlowState,7,1,942,2,
2361,dispatched,UpdateBrainFlowState,7,1,907,2,
2362,accepted,UpdateBrainFlowState,7,1,943,2,
2362,dispatched,UpdateBrainFlowState,7,1,908,2,
2363,accepted,UpdateBrainFlowState,7,1,944,2,
2363,dispatched,UpdateBrainFlowState,7,1,909,2,
2364,accepted,UpdateBrainFlowState,7,1,945,2,
2364,dispatched,UpdateBrainFlowState,7,1,910,2,
2365,accepted,UpdateBrainFlowState,7,1,946,2,
2365,dispatched,UpdateBrainFlowState,7,1,911,2,
2366,accepted,UpdateBrainFlowState,7,1,947,2,
2366,dispatched,UpdateBrainFlowState,7,1,912,2,
2367,accepted,UpdateBrainFlowState,7,1,948,2,
2367,dispatched,UpdateBrainFlowState,7,1,913,2,
2368,accepted,UpdateBrainFlowState,7,1,949,2,
2368,dispatched,UpdateBrainFlowState,7,1,914,2,
2369,accepted,UpdateBrainFlowState,7,1,950,2,
2369,dispatched,UpdateBrainFlowState,7,1,915,2,
2370,accepted,UpdateBrainFlowState,7,1,951,2,
2370,dispatched,UpdateBrainFlowState,7,1,916,2,
2371,accepted,UpdateBrainFlowState,7,1,952,2,
2371,dispatched,UpdateBrainFlowState,7,1,917,2,
2372,accepted,UpdateBrainFlowState,7,1,953,2,
2372,dispatched,UpdateBrainFlowState,7,1,918,2,
2373,accepted,UpdateBrainFlowState,7,1,954,2,
2373,dispatched,UpdateBrainFlowState,7,1,919,2,
2374,accepted,UpdateBrainFlowState,7,1,955,2,
2374,dispatched,UpdateBrainFlowState,7,1,920,2,
2375,accepted,UpdateBrainFlowState,7,1,956,2,
2375,dispatched,UpdateBrainFlowState,7,1,921,2,
2376,accepted,UpdateBrainFlowState,7,1,957,2,
2376,dispatched,UpdateBrainFlowState,7,1,922,2,
2377,accepted,UpdateBrainFlowState,7,1,958,2,
2377,dispatched,UpdateBrainFlowState,7,1,923,2,
2378,accepted,UpdateBrainFlowState,7,1,959,2,
2378,dispatched,UpdateBrainFlowState,7,1,924,2,
2379,accepted,UpdateBrainFlowState,7,1,960,2,
2379,dispatched,UpdateBrainFlowState,7,1,925,2,
2380,accepted,UpdateMapperPre,1,1,0,0,
2380,dispatched,UpdateBrainFlowState,7,1,926,2,
2381,accepted,UpdateMapperPre,1,2,0,0,
2381,dispatched,UpdateBrainFlowState,7,1,927,2,
2382,accepted,UpdateMapperPre,1,3,0,0,
2382,dispatched,UpdateBrainFlowState,7,1,928,2,
2383,accepted,UpdateMapperPre,1,4,0,0,
2383,dispatched,UpdateBrainFlowState,7,1,929,2,
2384,accepted,UpdateMapperPre,1,5,0,0,
2384,dispatched,UpdateBrainFlowState,7,1,930,2,
2385,accepted,UpdateMapperPre,1,6,0,0,
2385,dispatched,UpdateBrainFlowState,7,1,931,2,
2386,accepted,UpdateMapperPre,1,7,0,0,
2386,dispatched,UpdateBrainFlowState,7,1,932,2,
2387,accepted,UpdateMapperPre,1,8,0,0,
2387,dispatched,UpdateBrainFlowState,7,1,933,2,
2388,accepted,UpdateMapperPre,1,9,0,0,
2388,dispatched,UpdateBrainFlowState,7,1,934,2,
2389,accepted,UpdateMapperPre,1,10,0,0,
2389,dispatched,UpdateBrainFlowState,7,1,935,2,
2390,accepted,UpdateMapperPre,1,11,0,0,
2390,dispatched,UpdateBrainFlowState,7,1,936,2,
2391,accepted,UpdateMapperPre,1,12,0,0,
2391,dispatched,UpdateBrainFlowState,7,1,937,2,
2392,accepted,UpdateMapperPre,1,13,0,0,
2392,dispatched,UpdateBrainFlowState,7,1,938,2,
2393,accepted,UpdateMapperPre,1,14,0,0,
2393,dispatched,UpdateBrainFlowState,7,1,939,2,
2394,accepted,UpdateMapperPre,1,15,0,0,
2394,dispatched,UpdateBrainFlowState,7,1,940,2,
2395,accepted,UpdateMapperPre,1,16,0,0,
2395,dispatched,UpdateBrainFlowState,7,1,941,2,
2396,accepted,UpdateMapperPre,1,17,0,0,
2396,dispatched,UpdateBrainFlowState,7,1,942,2,
2397,accepted,UpdateMapperPre,1,18,0,0,
2397,dispatched,UpdateBrainFlowState,7,1,943,2,
2398,accepted,UpdateMapperPre,1,19,0,0,
2398,dispatched,UpdateBrainFlowState,7,1,944,2,
2399,accepted,UpdateMapperPre,1,20,0,0,
2399,dispatched,UpdateBrainFlowState,7,1,945,2,
2400,accepted,UpdateMapperPre,1,21,0,0,
2400,dispatched,UpdateBrainFlowState,7,1,946,2,
2401,accepted,UpdateMapperPre,1,22,0,0,
2401,dispatched,UpdateBrainFlowState,7,1,947,2,
2402,accepted,UpdateMapperPre,1,23,0,0,
2402,dispatched,UpdateBrainFlowState,7,1,948,2,
2403,accepted,UpdateMapperPre,1,24,0,0,
2403,dispatched,UpdateBrainFlowState,7,1,949,2,
2404,accepted,UpdateMapperPre,1,25,0,0,
2404,dispatched,UpdateBrainFlowState,7,1,950,2,
2405,accepted,UpdateMapperPre,1,26,0,0,
2405,dispatched,UpdateBrainFlowState,7,1,951,2,
2406,accepted,UpdateMapperPre,1,27,0,0,
2406,dispatched,UpdateBrainFlowState,7,1,952,2,
2407,accepted,UpdateMapperPre,1,28,0,0,
2407,dispatched,UpdateBrainFlowState,7,1,953,2,
2408,accepted,UpdateMapperPre,1,29,0,0,
2408,dispatched,UpdateBrainFlowState,7,1,954,2,
2409,accepted,UpdateMapperPre,1,30,0,0,
2409,dispatched,UpdateBrainFlowState,7,1,955,2,
2410,accepted,UpdateMapperPre,1,31,0,0,
2410,dispatched,UpdateBrainFlowState,7,1,956,2,
2411,accepted,UpdateMapperPre,1,32,0,0,
2411,dispatched,UpdateBrainFlowState,7,1,957,2,
2412,accepted,UpdateMapperPre,1,33,0,0,
2412,dispatched,UpdateBrainFlowState,7,1,958,2,
2413,accepted,UpdateMapperPre,1,34,0,0,
2413,dispatched,UpdateBrainFlowState,7,1,959,2,
2414,accepted,UpdateMapperPre,1,35,0,0,
2414,dispatched,UpdateBrainFlowState,7,1,960,2,
2415,accepted,UpdateMapperPre,1,36,0,0,
2415,dispatched,UpdateMapperPre,1,1,0,0,
2416,accepted,UpdateMapperPre,1,37,0,0,
2416,dispatched,UpdateMapperPre,1,2,0,0,
2417,accepted,UpdateMapperPre,1,38,0,0,
2417,dispatched,UpdateMapperPre,1,3,0,0,
2418,accepted,UpdateMapperPre,1,39,0,0,
2418,dispatched,UpdateMapperPre,1,4,0,0,
2419,accepted,UpdateMapperPre,1,40,0,0,
2419,dispatched,UpdateMapperPre,1,5,0,0,
2420,accepted,UpdateMapperPre,1,41,0,0,
2420,dispatched,UpdateMapperPre,1,6,0,0,
2421,accepted,UpdateMapperPre,1,42,0,0,
2421,dispatched,UpdateMapperPre,1,7,0,0,
2422,accepted,UpdateMapperPre,1,43,0,0,
2422,dispatched,UpdateMapperPre,1,8,0,0,
2423,accepted,UpdateMapperPre,1,44,0,0,
2423,dispatched,UpdateMapperPre,1,9,0,0,
2424,accepted,UpdateMapperPre,1,45,0,0,
2424,dispatched,UpdateMapperPre,1,10,0,0,
2425,accepted,UpdateMapperPre,1,46,0,0,
2425,dispatched,UpdateMapperPre,1,11,0,0,
2426,accepted,UpdateMapperPre,1,47,0,0,
2426,dispatched,UpdateMapperPre,1,12,0,0,
2427,accepted,UpdateMapperPre,1,48,0,0,
2427,dispatched,UpdateMapperPre,1,13,0,0,
2428,accepted,UpdateMapperPre,1,49,0,0,
2428,dispatched,UpdateMapperPre,1,14,0,0,
2429,accepted,UpdateMapperPre,1,50,0,0,
2429,dispatched,UpdateMapperPre,1,15,0,0,
2430,accepted,UpdateMapperPre,1,51,0,0,
2430,dispatched,UpdateMapperPre,1,16,0,0,
2431,accepted,UpdateMapperPre,1,52,0,0,
2431,dispatched,UpdateMapperPre,1,17,0,0,
2432,accepted,UpdateMapperPre,1,53,0,0,
2432,dispatched,UpdateMapperPre,1,18,0,0,
2433,accepted,UpdateMapperPre,1,54,0,0,
2433,dispatched,UpdateMapperPre,1,19,0,0,
2434,accepted,UpdateMapperPre,1,55,0,0,
2434,dispatched,UpdateMapperPre,1,20,0,0,
2435,accepted,UpdateMapperPre,1,56,0,0,
2435,dispatched,UpdateMapperPre,1,21,0,0,
2436,accepted,UpdateMapperPre,1,57,0,0,
2436,dispatched,UpdateMapperPre,1,22,0,0,
2437,accepted,UpdateMapperPre,1,58,0,0,
2437,dispatched,UpdateMapperPre,1,23,0,0,
2438,accepted,UpdateMapperPre,1,59,0,0,
2438,dispatched,UpdateMapperPre,1,24,0,0,
2439,accepted,UpdateMapperPre,1,60,0,0,
2439,dispatched,UpdateMapperPre,1,25,0,0,
2440,accepted,UpdateMapperPre,1,61,0,0,
2440,dispatched,UpdateMapperPre,1,26,0,0,
2441,accepted,UpdateMapperPre,1,62,0,0,
2441,dispatched,UpdateMapperPre,1,27,0,0,
2442,accepted,UpdateMapperPre,1,63,0,0,
2442,dispatched,UpdateMapperPre,1,28,0,0,
2443,accepted,UpdateMapperPre,1,64,0,0,
2443,dispatched,UpdateMapperPre,1,29,0,0,
2444,accepted,UpdateMapperPre,2,1,0,0,
2444,dispatched,UpdateMapperPre,1,30,0,0,
2445,accepted,UpdateMapperPre,2,2,0,0,
2445,dispatched,UpdateMapperPre,1,31,0,0,
2446,accepted,UpdateMapperPre,2,3,0,0,
2446,dispatched,UpdateMapperPre,1,32,0,0,
2447,accepted,UpdateMapperPre,2,4,0,0,
2447,dispatched,UpdateMapperPre,1,33,0,0,
2448,accepted,UpdateMapperPre,2,5,0,0,
2448,dispatched,UpdateMapperPre,1,34,0,0,
2449,accepted,UpdateMapperPre,2,6,0,0,
2449,dispatched,UpdateMapperPre,1,35,0,0,
2450,accepted,UpdateMapperPre,2,7,0,0,
2450,dispatched,UpdateMapperPre,1,36,0,0,
2451,accepted,UpdateMapperPre,2,8,0,0,
2451,dispatched,UpdateMapperPre,1,37,0,0,
2452,accepted,UpdateMapperPre,2,9,0,0,
2452,dispatched,UpdateMapperPre,1,38,0,0,
2453,accepted,UpdateMapperPre,2,10,0,0,
2453,dispatched,UpdateMapperPre,1,39,0,0,
2454,accepted,UpdateMapperPre,2,11,0,0,
2454,dispatched,UpdateMapperPre,1,40,0,0,
2455,accepted,UpdateMapperPre,2,12,0,0,
2455,dispatched,UpdateMapperPre,1,41,0,0,
2456,accepted,UpdateMapperPre,2,13,0,0,
2456,dispatched,UpdateMapperPre,1,42,0,0,
2457,accepted,UpdateMapperPre,2,14,0,0,
2457,dispatched,UpdateMapperPre,1,43,0,0,
2458,accepted,UpdateMapperPre,2,15,0,0,
2458,dispatched,UpdateMapperPre,1,44,0,0,
2459,accepted,UpdateMapperPre,2,16,0,0,
2459,dispatched,UpdateMapperPre,1,45,0,0,
2460,accepted,UpdateMapperPre,2,17,0,0,
2460,dispatched,UpdateMapperPre,1,46,0,0,
2461,accepted,UpdateMapperPre,2,18,0,0,
2461,dispatched,UpdateMapperPre,1,47,0,0,
2462,accepted,UpdateMapperPre,2,19,0,0,
2462,dispatched,UpdateMapperPre,1,48,0,0,
2463,accepted,UpdateMapperPre,2,20,0,0,
2463,dispatched,UpdateMapperPre,1,49,0,0,
2464,accepted,UpdateMapperPre,2,21,0,0,
2464,dispatched,UpdateMapperPre,1,50,0,0,
2465,accepted,UpdateMapperPre,2,22,0,0,
2465,dispatched,UpdateMapperPre,1,51,0,0,
2466,accepted,UpdateMapperPre,2,23,0,0,
2466,dispatched,UpdateMapperPre,1,52,0,0,
2467,accepted,UpdateMapperPre,2,24,0,0,
2467,dispatched,UpdateMapperPre,1,53,0,0,
2468,accepted,UpdateMapperPre,2,25,0,0,
2468,dispatched,UpdateMapperPre,1,54,0,0,
2469,accepted,UpdateMapperPre,2,26,0,0,
2469,dispatched,UpdateMapperPre,1,55,0,0,
2470,accepted,UpdateMapperPre,2,27,0,0,
2470,dispatched,UpdateMapperPre,1,56,0,0,
2471,accepted,UpdateMapperPre,2,28,0,0,
2471,dispatched,UpdateMapperPre,1,57,0,0,
2472,accepted,UpdateMapperPre,2,29,0,0,
2472,dispatched,UpdateMapperPre,1,58,0,0,
2473,accepted,UpdateMapperPre,2,30,0,0,
2473,dispatched,UpdateMapperPre,1,59,0,0,
2474,accepted,UpdateMapperPre,2,31,0,0,
2474,dispatched,UpdateMapperPre,1,60,0,0,
2475,accepted,UpdateMapperPre,2,32,0,0,
2475,dispatched,UpdateMapperPre,1,61,0,0,
2476,accepted,UpdateMapperPre,2,33,0,0,
2476,dispatched,UpdateMapperPre,1,62,0,0,
2477,accepted,UpdateMapperPre,2,34,0,0,
2477,dispatched,UpdateMapperPre,1,63,0,0,
2478,accepted,UpdateMapperPre,2,35,0,0,
2478,dispatched,UpdateMapperPre,1,64,0,0,
2479,accepted,UpdateMapperPre,2,36,0,0,
2479,dispatched,UpdateMapperPre,2,1,0,0,
2480,accepted,UpdateMapperPre,2,37,0,0,
2480,dispatched,UpdateMapperPre,2,2,0,0,
2481,accepted,UpdateMapperPre,2,38,0,0,
2481,dispatched,UpdateMapperPre,2,3,0,0,
2482,accepted,UpdateMapperPre,2,39,0,0,
2482,dispatched,UpdateMapperPre,2,4,0,0,
2483,accepted,UpdateMapperPre,2,40,0,0,
2483,dispatched,UpdateMapperPre,2,5,0,0,
2484,accepted,UpdateMapperPre,2,41,0,0,
2484,dispatched,UpdateMapperPre,2,6,0,0,
2485,accepted,UpdateMapperPre,2,42,0,0,
2485,dispatched,UpdateMapperPre,2,7,0,0,
2486,accepted,UpdateMapperPre,2,43,0,0,
2486,dispatched,UpdateMapperPre,2,8,0,0,
2487,accepted,UpdateMapperPre,2,44,0,0,
2487,dispatched,UpdateMapperPre,2,9,0,0,
2488,accepted,UpdateMapperPre,2,45,0,0,
2488,dispatched,UpdateMapperPre,2,10,0,0,
2489,accepted,UpdateMapperPre,2,46,0,0,
2489,dispatched,UpdateMapperPre,2,11,0,0,
2490,accepted,UpdateMapperPre,2,47,0,0,
2490,dispatched,UpdateMapperPre,2,12,0,0,
2491,accepted,UpdateMapperPre,2,48,0,0,
2491,dispatched,UpdateMapperPre,2,13,0,0,
2492,accepted,UpdateMapperPre,2,49,0,0,
2492,dispatched,UpdateMapperPre,2,14,0,0,
2493,accepted,UpdateMapperPre,2,50,0,0,
2493,dispatched,UpdateMapperPre,2,15,0,0,
2494,accepted,UpdateMapperPre,2,51,0,0,
2494,dispatched,UpdateMapperPre,2,16,0,0,
2495,accepted,UpdateMapperPre,2,52,0,0,
2495,dispatched,UpdateMapperPre,2,17,0,0,
2496,accepted,UpdateMapperPre,2,53,0,0,
2496,dispatched,UpdateMapperPre,2,18,0,0,
2497,accepted,UpdateMapperPre,2,54,0,0,
2497,dispatched,UpdateMapperPre,2,19,0,0,
2498,accepted,UpdateMapperPre,2,55,0,0,
2498,dispatched,UpdateMapperPre,2,20,0,0,
2499,accepted,UpdateMapperPre,2,56,0,0,
2499,dispatched,UpdateMapperPre,2,21,0,0,
2500,accepted,UpdateMapperPre,2,57,0,0,
2500,dispatched,UpdateMapperPre,2,22,0,0,
2501,accepted,UpdateMapperPre,2,58,0,0,
2501,dispatched,UpdateMapperPre,2,23,0,0,
2502,accepted,UpdateMapperPre,2,59,0,0,
2502,dispatched,UpdateMapperPre,2,24,0,0,
2503,accepted,UpdateMapperPre,2,60,0,0,
2503,dispatched,UpdateMapperPre,2,25,0,0,
2504,accepted,UpdateMapperPre,2,61,0,0,
2504,dispatched,UpdateMapperPre,2,26,0,0,
2505,accepted,UpdateMapperPre,2,62,0,0,
2505,dispatched,UpdateMapperPre,2,27,0,0,
2506,accepted,UpdateMapperPre,2,63,0,0,
2506,dispatched,UpdateMapperPre,2,28,0,0,
2507,accepted,UpdateMapperPre,2,64,0,0,
2507,dispatched,UpdateMapperPre,2,29,0,0,
2508,accepted,UpdateMapperPre,3,1,0,0,
2508,dispatched,UpdateMapperPre,2,30,0,0,
2509,accepted,UpdateMapperPre,3,2,0,0,
2509,dispatched,UpdateMapperPre,2,31,0,0,
2510,accepted,UpdateMapperPre,3,3,0,0,
2510,dispatched,UpdateMapperPre,2,32,0,0,
2511,accepted,UpdateMapperPre,3,4,0,0,
2511,dispatched,UpdateMapperPre,2,33,0,0,
2512,accepted,UpdateMapperPre,3,5,0,0,
2512,dispatched,UpdateMapperPre,2,34,0,0,
2513,accepted,UpdateMapperPre,3,6,0,0,
2513,dispatched,UpdateMapperPre,2,35,0,0,
2514,accepted,UpdateMapperPre,3,7,0,0,
2514,dispatched,UpdateMapperPre,2,36,0,0,
2515,accepted,UpdateMapperPre,3,8,0,0,
2515,dispatched,UpdateMapperPre,2,37,0,0,
2516,accepted,UpdateMapperPre,3,9,0,0,
2516,dispatched,UpdateMapperPre,2,38,0,0,
2517,accepted,UpdateMapperPre,3,10,0,0,
2517,dispatched,UpdateMapperPre,2,39,0,0,
2518,accepted,UpdateMapperPre,3,11,0,0,
2518,dispatched,UpdateMapperPre,2,40,0,0,
2519,accepted,UpdateMapperPre,3,12,0,0,
2519,dispatched,UpdateMapperPre,2,41,0,0,
2520,accepted,UpdateMapperPre,3,13,0,0,
2520,dispatched,UpdateMapperPre,2,42,0,0,
2521,accepted,UpdateMapperPre,3,14,0,0,
2521,dispatched,UpdateMapperPre,2,43,0,0,
2522,accepted,UpdateMapperPre,3,15,0,0,
2522,dispatched,UpdateMapperPre,2,44,0,0,
2523,accepted,UpdateMapperPre,3,16,0,0,
2523,dispatched,UpdateMapperPre,2,45,0,0,
2524,accepted,UpdateMapperPre,3,17,0,0,
2524,dispatched,UpdateMapperPre,2,46,0,0,
2525,accepted,UpdateMapperPre,3,18,0,0,
2525,dispatched,UpdateMapperPre,2,47,0,0,
2526,accepted,UpdateMapperPre,3,19,0,0,
2526,dispatched,UpdateMapperPre,2,48,0,0,
2527,accepted,UpdateMapperPre,3,20,0,0,
2527,dispatched,UpdateMapperPre,2,49,0,0,
2528,accepted,UpdateMapperPre,3,21,0,0,
2528,dispatched,UpdateMapperPre,2,50,0,0,
2529,accepted,UpdateMapperPre,3,22,0,0,
2529,dispatched,UpdateMapperPre,2,51,0,0,
2530,accepted,UpdateMapperPre,3,23,0,0,
2530,dispatched,UpdateMapperPre,2,52,0,0,
2531,accepted,UpdateMapperPre,3,24,0,0,
2531,dispatched,UpdateMapperPre,2,53,0,0,
2532,accepted,UpdateMapperPre,3,25,0,0,
2532,dispatched,UpdateMapperPre,2,54,0,0,
2533,accepted,UpdateMapperPre,3,26,0,0,
2533,dispatched,UpdateMapperPre,2,55,0,0,
2534,accepted,UpdateMapperPre,3,27,0,0,
2534,dispatched,UpdateMapperPre,2,56,0,0,
2535,accepted,UpdateMapperPre,3,28,0,0,
2535,dispatched,UpdateMapperPre,2,57,0,0,
2536,accepted,UpdateMapperPre,3,29,0,0,
2536,dispatched,UpdateMapperPre,2,58,0,0,
2537,accepted,UpdateMapperPre,3,30,0,0,
2537,dispatched,UpdateMapperPre,2,59,0,0,
2538,accepted,UpdateMapperPre,3,31,0,0,
2538,dispatched,UpdateMapperPre,2,60,0,0,
2539,accepted,UpdateMapperPre,3,32,0,0,
2539,dispatched,UpdateMapperPre,2,61,0,0,
2540,accepted,UpdateMapperPre,3,33,0,0,
2540,dispatched,UpdateMapperPre,2,62,0,0,
2541,accepted,UpdateMapperPre,3,34,0,0,
2541,dispatched,UpdateMapperPre,2,63,0,0,
2542,accepted,UpdateMapperPre,3,35,0,0,
2542,dispatched,UpdateMapperPre,2,64,0,0,
2543,accepted,UpdateMapperPre,3,36,0,0,
2543,dispatched,UpdateMapperPre,3,1,0,0,
2544,accepted,UpdateMapperPre,3,37,0,0,
2544,dispatched,UpdateMapperPre,3,2,0,0,
2545,accepted,UpdateMapperPre,3,38,0,0,
2545,dispatched,UpdateMapperPre,3,3,0,0,
2546,accepted,UpdateMapperPre,3,39,0,0,
2546,dispatched,UpdateMapperPre,3,4,0,0,
2547,accepted,UpdateMapperPre,3,40,0,0,
2547,dispatched,UpdateMapperPre,3,5,0,0,
2548,accepted,UpdateMapperPre,3,41,0,0,
2548,dispatched,UpdateMapperPre,3,6,0,0,
2549,accepted,UpdateMapperPre,3,42,0,0,
2549,dispatched,UpdateMapperPre,3,7,0,0,
2550,accepted,UpdateMapperPre,3,43,0,0,
2550,dispatched,UpdateMapperPre,3,8,0,0,
2551,accepted,UpdateMapperPre,3,44,0,0,
2551,dispatched,UpdateMapperPre,3,9,0,0,
2552,accepted,UpdateMapperPre,3,45,0,0,
2552,dispatched,UpdateMapperPre,3,10,0,0,
2553,accepted,UpdateMapperPre,3,46,0,0,
2553,dispatched,UpdateMapperPre,3,11,0,0,
2554,accepted,UpdateMapperPre,3,47,0,0,
2554,dispatched,UpdateMapperPre,3,12,0,0,
2555,accepted,UpdateMapperPre,3,48,0,0,
2555,dispatched,UpdateMapperPre,3,13,0,0,
2556,accepted,UpdateMapperPre,3,49,0,0,
2556,dispatched,UpdateMapperPre,3,14,0,0,
2557,accepted,UpdateMapperPre,3,50,0,0,
2557,dispatched,UpdateMapperPre,3,15,0,0,
2558,accepted,UpdateMapperPre,3,51,0,0,
2558,dispatched,UpdateMapperPre,3,16,0,0,
2559,accepted,UpdateMapperPre,3,52,0,0,
2559,dispatched,UpdateMapperPre,3,17,0,0,
2560,accepted,UpdateMapperPre,3,53,0,0,
2560,dispatched,UpdateMapperPre,3,18,0,0,
2561,accepted,UpdateMapperPre,3,54,0,0,
2561,dispatched,UpdateMapperPre,3,19,0,0,
2562,accepted,UpdateMapperPre,3,55,0,0,
2562,dispatched,UpdateMapperPre,3,20,0,0,
2563,accepted,UpdateMapperPre,3,56,0,0,
2563,dispatched,UpdateMapperPre,3,21,0,0,
2564,accepted,UpdateMapperPre,3,57,0,0,
2564,dispatched,UpdateMapperPre,3,22,0,0,
2565,accepted,UpdateMapperPre,3,58,0,0,
2565,dispatched,UpdateMapperPre,3,23,0,0,
2566,accepted,UpdateMapperPre,3,59,0,0,
2566,dispatched,UpdateMapperPre,3,24,0,0,
2567,accepted,UpdateMapperPre,3,60,0,0,
2567,dispatched,UpdateMapperPre,3,25,0,0,
2568,accepted,UpdateMapperPre,3,61,0,0,
2568,dispatched,UpdateMapperPre,3,26,0,0,
2569,accepted,UpdateMapperPre,3,62,0,0,
2569,dispatched,UpdateMapperPre,3,27,0,0,
2570,accepted,UpdateMapperPre,3,63,0,0,
2570,dispatched,UpdateMapperPre,3,28,0,0,
2571,accepted,UpdateMapperPre,3,64,0,0,
2571,dispatched,UpdateMapperPre,3,29,0,0,
2572,accepted,UpdateMapperPre,4,1,0,1,
2572,dispatched,UpdateMapperPre,3,30,0,0,
2573,accepted,UpdateMapperPost,4,1,513,641,
2573,dispatched,UpdateMapperPre,3,31,0,0,
2574,accepted,UpdateMapperPre,5,1,0,1,
2574,dispatched,UpdateMapperPre,3,32,0,0,
2575,accepted,UpdateMapperPost,5,1,641,769,
2575,dispatched,UpdateMapperPre,3,33,0,0,
2576,accepted,UpdateMapperPre,6,1,0,1,
2576,dispatched,UpdateMapperPre,3,34,0,0,
2577,accepted,UpdateMapperPost,6,1,769,1,
2577,dispatched,UpdateMapperPre,3,35,0,0,
2578,accepted,UpdateMapperPre,4,2,0,1,
2578,dispatched,UpdateMapperPre,3,36,0,0,
2579,accepted,UpdateMapperPost,4,1,514,641,
2579,dispatched,UpdateMapperPre,3,37,0,0,
2580,accepted,UpdateMapperPre,5,2,0,1,
2580,dispatched,UpdateMapperPre,3,38,0,0,
2581,accepted,UpdateMapperPost,5,1,642,770,
2581,dispatched,UpdateMapperPre,3,39,0,0,
2582,accepted,UpdateMapperPre,6,2,0,2,
2582,dispatched,UpdateMapperPre,3,40,0,0,
2583,accepted,UpdateMapperPost,6,2,770,2,
2583,dispatched,UpdateMapperPre,3,41,0,0,
2584,accepted,UpdateMapperPre,4,3,0,1,
2584,dispatched,UpdateMapperPre,3,42,0,0,
2585,accepted,UpdateMapperPost,4,1,515,642,
2585,dispatched,UpdateMapperPre,3,43,0,0,
2586,accepted,UpdateMapperPre,5,3,0,2,
2586,dispatched,UpdateMapperPre,3,44,0,0,
2587,accepted,UpdateMapperPost,5,2,643,771,
2587,dispatched,UpdateMapperPre,3,45,0,0,
2588,accepted,UpdateMapperPre,6,3,0,3,
2588,dispatched,UpdateMapperPre,3,46,0,0,
2589,accepted,UpdateMapperPost,6,3,771,3,
2589,dispatched,UpdateMapperPre,3,47,0,0,
2590,accepted,UpdateMapperPre,4,4,0,1,
2590,dispatched,UpdateMapperPre,3,48,0,0,
2591,accepted,UpdateMapperPost,4,1,516,642,
2591,dispatched,UpdateMapperPre,3,49,0,0,
2592,accepted,UpdateMapperPre,5,4,0,2,
2592,dispatched,UpdateMapperPre,3,50,0,0,
2593,accepted,UpdateMapperPost,5,2,644,772,
2593,dispatched,UpdateMapperPre,3,51,0,0,
2594,accepted,UpdateMapperPre,6,4,0,4,
2594,dispatched,UpdateMapperPre,3,52,0,0,
2595,accepted,UpdateMapperPost,6,4,772,4,
2595,dispatched,UpdateMapperPre,3,53,0,0,
2596,accepted,UpdateMapperPre,4,5,0,1,
2596,dispatched,UpdateMapperPre,3,54,0,0,
2597,accepted,UpdateMapperPost,4,1,517,643,
2597,dispatched,UpdateMapperPre,3,55,0,0,
2598,accepted,UpdateMapperPre,5,5,0,3,
2598,dispatched,UpdateMapperPre,3,56,0,0,
2599,accepted,UpdateMapperPost,5,3,645,773,
2599,dispatched,UpdateMapperPre,3,57,0,0,
2600,accepted,UpdateMapperPre,6,5,0,5,
2600,dispatched,UpdateMapperPre,3,58,0,0,
2601,accepted,UpdateMapperPost,6,5,773,5,
2601,dispatched,UpdateMapperPre,3,59,0,0,
2602,accepted,UpdateMapperPre,4,6,0,1,
2602,dispatched,UpdateMapperPre,3,60,0,0,
2603,accepted,UpdateMapperPost,4,1,518,643,
2603,dispatched,UpdateMapperPre,3,61,0,0,
2604,accepted,UpdateMapperPre,5,6,0,3,
2604,dispatched,UpdateMapperPre,3,62,0,0,
2605,accepted,UpdateMapperPost,5,3,646,774,
2605,dispatched,UpdateMapperPre,3,63,0,0,
2606,accepted,UpdateMapperPre,6,6,0,6,
2606,dispatched,UpdateMapperPre,3,64,0,0,
2607,accepted,UpdateMapperPost,6,6,774,6,
2607,dispatched,UpdateMapperPre,4,1,0,1,
2608,accepted,UpdateMapperPre,4,7,0,1,
2608,dispatched,UpdateMapperPost,4,1,513,641,
2609,accepted,UpdateMapperPost,4,1,519,644,
2609,dispatched,UpdateMapperPre,5,1,0,1,
2610,accepted,UpdateMapperPre,5,7,0,4,
2610,dispatched,UpdateMapperPost,5,1,641,769,
2611,accepted,UpdateMapperPost,5,4,647,775,
2611,dispatched,UpdateMapperPre,6,1,0,1,
2612,accepted,UpdateMapperPre,6,7,0,7,
2612,dispatched,UpdateMapperPost,6,1,769,1,
2613,accepted,UpdateMapperPost,6,7,775,7,
2613,dispatched,UpdateMapperPre,4,2,0,1,
2614,accepted,UpdateMapperPre,4,8,0,1,
2614,dispatched,UpdateMapperPost,4,1,514,641,
2615,accepted,UpdateMapperPost,4,1,520,644,
2615,dispatched,UpdateMapperPre,5,2,0,1,
2616,accepted,UpdateMapperPre,5,8,0,4,
2616,dispatched,UpdateMapperPost,5,1,642,770,
2617,accepted,UpdateMapperPost,5,4,648,776,
2617,dispatched,UpdateMapperPre,6,2,0,2,
2618,accepted,UpdateMapperPre,6,8,0,8,
2618,dispatched,UpdateMapperPost,6,2,770,2,
2619,accepted,UpdateMapperPost,6,8,776,8,
2619,dispatched,UpdateMapperPre,4,3,0,1,
2620,accepted,UpdateMapperPre,4,9,0,1,
2620,dispatched,UpdateMapperPost,4,1,515,642,
2621,accepted,UpdateMapperPost,4,1,521,645,
2621,dispatched,UpdateMapperPre,5,3,0,2,
2622,accepted,UpdateMapperPre,5,9,0,5,
2622,dispatched,UpdateMapperPost,5,2,643,771,
2623,accepted,UpdateMapperPost,5,5,649,777,
2623,dispatched,UpdateMapperPre,6,3,0,3,
2624,accepted,UpdateMapperPre,6,9,0,9,
2624,dispatched,UpdateMapperPost,6,3,771,3,
2625,accepted,UpdateMapperPost,6,9,777,9,
2625,dispatched,UpdateMapperPre,4,4,0,1,
2626,accepted,UpdateMapperPre,4,10,0,1,
2626,dispatched,UpdateMapperPost,4,1,516,642,
2627,accepted,UpdateMapperPost,4,1,522,645,
2627,dispatched,UpdateMapperPre,5,4,0,2,
2628,accepted,UpdateMapperPre,5,10,0,5,
2628,dispatched,UpdateMapperPost,5,2,644,772,
2629,accepted,UpdateMapperPost,5,5,650,778,
2629,dispatched,UpdateMapperPre,6,4,0,4,
2630,accepted,UpdateMapperPre,6,10,0,10,
2630,dispatched,UpdateMapperPost,6,4,772,4,
2631,accepted,UpdateMapperPost,6,10,778,10,
2631,dispatched,UpdateMapperPre,4,5,0,1,
2632,accepted,UpdateMapperPre,4,11,0,1,
2632,dispatched,UpdateMapperPost,4,1,517,643,
2633,accepted,UpdateMapperPost,4,1,523,646,
2633,dispatched,UpdateMapperPre,5,5,0,3,
2634,accepted,UpdateMapperPre,5,11,0,6,
2634,dispatched,UpdateMapperPost,5,3,645,773,
2635,accepted,UpdateMapperPost,5,6,651,779,
2635,dispatched,UpdateMapperPre,6,5,0,5,
2636,accepted,UpdateMapperPre,6,11,0,11,
2636,dispatched,UpdateMapperPost,6,5,773,5,
2637,accepted,UpdateMapperPost,6,11,779,11,
2637,dispatched,UpdateMapperPre,4,6,0,1,
2638,accepted,UpdateMapperPre,4,12,0,1,
2638,dispatched,UpdateMapperPost,4,1,518,643,
2639,accepted,UpdateMapperPost,4,1,524,646,
2639,dispatched,UpdateMapperPre,5,6,0,3,
2640,accepted,UpdateMapperPre,5,12,0,6,
2640,dispatched,UpdateMapperPost,5,3,646,774,
2641,accepted,UpdateMapperPost,5,6,652,780,
2641,dispatched,UpdateMapperPre,6,6,0,6,
2642,accepted,UpdateMapperPre,6,12,0,12,
2642,dispatched,UpdateMapperPost,6,6,774,6,
2643,accepted,UpdateMapperPost,6,12,780,12,
2643,dispatched,UpdateMapperPre,4,7,0,1,
2644,accepted,UpdateMapperPre,4,13,0,1,
2644,dispatched,UpdateMapperPost,4,1,519,644,
2645,accepted,UpdateMapperPost,4,1,525,647,
2645,dispatched,UpdateMapperPre,5,7,0,4,
2646,accepted,UpdateMapperPre,5,13,0,7,
2646,dispatched,UpdateMapperPost,5,4,647,775,
2647,accepted,UpdateMapperPost,5,7,653,781,
2647,dispatched,UpdateMapperPre,6,7,0,7,
2648,accepted,UpdateMapperPre,6,13,0,13,
2648,dispatched,UpdateMapperPost,6,7,775,7,
2649,accepted,UpdateMapperPost,6,13,781,13,
2649,dispatched,UpdateMapperPre,4,8,0,1,
2650,accepted,UpdateMapperPre,4,14,0,1,
2650,dispatched,UpdateMapperPost,4,1,520,644,
2651,accepted,UpdateMapperPost,4,1,526,647,
2651,dispatched,UpdateMapperPre,5,8,0,4,
2652,accepted,UpdateMapperPre,5,14,0,7,
2652,dispatched,UpdateMapperPost,5,4,648,776,
2653,accepted,UpdateMapperPost,5,7,654,782,
2653,dispatched,UpdateMapperPre,6,8,0,8,
2654,accepted,UpdateMapperPre,6,14,0,14,
2654,dispatched,UpdateMapperPost,6,8,776,8,
2655,accepted,UpdateMapperPost,6,14,782,14,
2655,dispatched,UpdateMapperPre,4,9,0,1,
2656,accepted,UpdateMapperPre,4,15,0,1,
2656,dispatched,UpdateMapperPost,4,1,521,645,
2657,accepted,UpdateMapperPost,4,1,527,648,
2657,dispatched,UpdateMapperPre,5,9,0,5,
2658,accepted,UpdateMapperPre,5,15,0,8,
2658,dispatched,UpdateMapperPost,5,5,649,777,
2659,accepted,UpdateMapperPost,5,8,655,783,
2659,dispatched,UpdateMapperPre,6,9,0,9,
2660,accepted,UpdateMapperPre,6,15,0,15,
2660,dispatched,UpdateMapperPost,6,9,777,9,
2661,accepted,UpdateMapperPost,6,15,783,15,
2661,dispatched,UpdateMapperPre,4,10,0,1,
2662,accepted,UpdateMapperPre,4,16,0,1,
2662,dispatched,UpdateMapperPost,4,1,522,645,
2663,accepted,UpdateMapperPost,4,1,528,648,
2663,dispatched,UpdateMapperPre,5,10,0,5,
2664,accepted,UpdateMapperPre,5,16,0,8,
2664,dispatched,UpdateMapperPost,5,5,650,778,
2665,accepted,UpdateMapperPost,5,8,656,784,
2665,dispatched,UpdateMapperPre,6,10,0,10,
2666,accepted,UpdateMapperPre,6,16,0,16,
2666,dispatched,UpdateMapperPost,6,10,778,10,
2667,accepted,UpdateMapperPost,6,16,784,16,
2667,dispatched,UpdateMapperPre,4,11,0,1,
2668,accepted,UpdateMapperPre,4,17,0,1,
2668,dispatched,UpdateMapperPost,4,1,523,646,
2669,accepted,UpdateMapperPost,4,1,529,649,
2669,dispatched,UpdateMapperPre,5,11,0,6,
2670,accepted,UpdateMapperPre,5,17,0,9,
2670,dispatched,UpdateMapperPost,5,6,651,779,
2671,accepted,UpdateMapperPost,5,9,657,785,
2671,dispatched,UpdateMapperPre,6,11,0,11,
2672,accepted,UpdateMapperPre,6,17,0,17,
2672,dispatched,UpdateMapperPost,6,11,779,11,
2673,accepted,UpdateMapperPost,6,17,785,17,
2673,dispatched,UpdateMapperPre,4,12,0,1,
2674,accepted,UpdateMapperPre,4,18,0,1,
2674,dispatched,UpdateMapperPost,4,1,524,646,
2675,accepted,UpdateMapperPost,4,1,530,649,
2675,dispatched,UpdateMapperPre,5,12,0,6,
2676,accepted,UpdateMapperPre,5,18,0,9,
2676,dispatched,UpdateMapperPost,5,6,652,780,
2677,accepted,UpdateMapperPost,5,9,658,786,
2677,dispatched,UpdateMapperPre,6,12,0,12,
2678,accepted,UpdateMapperPre,6,18,0,18,
2678,dispatched,UpdateMapperPost,6,12,780,12,
2679,accepted,UpdateMapperPost,6,18,786,18,
2679,dispatched,UpdateMapperPre,4,13,0,1,
2680,accepted,UpdateMapperPre,4,19,0,1,
2680,dispatched,UpdateMapperPost,4,1,525,647,
2681,accepted,UpdateMapperPost,4,1,531,650,
2681,dispatched,UpdateMapperPre,5,13,0,7,
2682,accepted,UpdateMapperPre,5,19,0,10,
2682,dispatched,UpdateMapperPost,5,7,653,781,
2683,accepted,UpdateMapperPost,5,10,659,787,
2683,dispatched,UpdateMapperPre,6,13,0,13,
2684,accepted,UpdateMapperPre,6,19,0,19,
2684,dispatched,UpdateMapperPost,6,13,781,13,
2685,accepted,UpdateMapperPost,6,19,787,19,
2685,dispatched,UpdateMapperPre,4,14,0,1,
2686,accepted,UpdateMapperPre,4,20,0,1,
2686,dispatched,UpdateMapperPost,4,1,526,647,
2687,accepted,UpdateMapperPost,4,1,532,650,
2687,dispatched,UpdateMapperPre,5,14,0,7,
2688,accepted,UpdateMapperPre,5,20,0,10,
2688,dispatched,UpdateMapperPost,5,7,654,782,
2689,accepted,UpdateMapperPost,5,10,660,788,
2689,dispatched,UpdateMapperPre,6,14,0,14,
2690,accepted,UpdateMapperPre,6,20,0,20,
2690,dispatched,UpdateMapperPost,6,14,782,14,
2691,accepted,UpdateMapperPost,6,20,788,20,
2691,dispatched,UpdateMapperPre,4,15,0,1,
2692,accepted,UpdateMapperPre,4,21,0,1,
2692,dispatched,UpdateMapperPost,4,1,527,648,
2693,accepted,UpdateMapperPost,4,1,533,651,
2693,dispatched,UpdateMapperPre,5,15,0,8,
2694,accepted,UpdateMapperPre,5,21,0,11,
2694,dispatched,UpdateMapperPost,5,8,655,783,
2695,accepted,UpdateMapperPost,5,11,661,789,
2695,dispatched,UpdateMapperPre,6,15,0,15,
2696,accepted,UpdateMapperPre,6,21,0,21,
2696,dispatched,UpdateMapperPost,6,15,783,15,
2697,accepted,UpdateMapperPost,6,21,789,21,
2697,dispatched,UpdateMapperPre,4,16,0,1,
2698,accepted,UpdateMapperPre,4,22,0,1,
2698,dispatched,UpdateMapperPost,4,1,528,648,
2699,accepted,UpdateMapperPost,4,1,534,651,
2699,dispatched,UpdateMapperPre,5,16,0,8,
2700,accepted,UpdateMapperPre,5,22,0,11,
2700,dispatched,UpdateMapperPost,5,8,656,784,
2701,accepted,UpdateMapperPost,5,11,662,790,
2701,dispatched,UpdateMapperPre,6,16,0,16,
2702,accepted,UpdateMapperPre,6,22,0,22,
2702,dispatched,UpdateMapperPost,6,16,784,16,
2703,accepted,UpdateMapperPost,6,22,790,22,
2703,dispatched,UpdateMapperPre,4,17,0,1,
2704,accepted,UpdateMapperPre,4,23,0,1,
2704,dispatched,UpdateMapperPost,4,1,529,649,
2705,accepted,UpdateMapperPost,4,1,535,652,
2705,dispatched,UpdateMapperPre,5,17,0,9,
2706,accepted,UpdateMapperPre,5,23,0,12,
2706,dispatched,UpdateMapperPost,5,9,657,785,
2707,accepted,UpdateMapperPost,5,12,663,791,
2707,dispatched,UpdateMapperPre,6,17,0,17,
2708,accepted,UpdateMapperPre,6,23,0,23,
2708,dispatched,UpdateMapperPost,6,17,785,17,
2709,accepted,UpdateMapperPost,6,23,791,23,
2709,dispatched,UpdateMapperPre,4,18,0,1,
2710,accepted,UpdateMapperPre,4,24,0,1,
2710,dispatched,UpdateMapperPost,4,1,530,649,
2711,accepted,UpdateMapperPost,4,1,536,652,
2711,dispatched,UpdateMapperPre,5,18,0,9,
2712,accepted,UpdateMapperPre,5,24,0,12,
2712,dispatched,UpdateMapperPost,5,9,658,786,
2713,accepted,UpdateMapperPost,5,12,664,792,
2713,dispatched,UpdateMapperPre,6,18,0,18,
2714,accepted,UpdateMapperPre,6,24,0,24,
2714,dispatched,UpdateMapperPost,6,18,786,18,
2715,accepted,UpdateMapperPost,6,24,792,24,
2715,dispatched,UpdateMapperPre,4,19,0,1,
2716,accepted,UpdateMapperPre,4,25,0,1,
2716,dispatched,UpdateMapperPost,4,1,531,650,
2717,accepted,UpdateMapperPost,4,1,537,653,
2717,dispatched,UpdateMapperPre,5,19,0,10,
2718,accepted,UpdateMapperPre,5,25,0,13,
2718,dispatched,UpdateMapperPost,5,10,659,787,
2719,accepted,UpdateMapperPost,5,13,665,793,
2719,dispatched,UpdateMapperPre,6,19,0,19,
2720,accepted,UpdateMapperPre,6,25,0,25,
2720,dispatched,UpdateMapperPost,6,19,787,19,
2721,accepted,UpdateMapperPost,6,25,793,25,
2721,dispatched,UpdateMapperPre,4,20,0,1,
2722,accepted,UpdateMapperPre,4,26,0,1,
2722,dispatched,UpdateMapperPost,4,1,532,650,
2723,accepted,UpdateMapperPost,4,1,538,653,
2723,dispatched,UpdateMapperPre,5,20,0,10,
2724,accepted,UpdateMapperPre,5,26,0,13,
2724,dispatched,UpdateMapperPost,5,10,660,788,
2725,accepted,UpdateMapperPost,5,13,666,794,
2725,dispatched,UpdateMapperPre,6,20,0,20,
2726,accepted,UpdateMapperPre,6,26,0,26,
2726,dispatched,UpdateMapperPost,6,20,788,20,
2727,accepted,UpdateMapperPost,6,26,794,26,
2727,dispatched,UpdateMapperPre,4,21,0,1,
2728,accepted,UpdateMapperPre,4,27,0,1,
2728,dispatched,UpdateMapperPost,4,1,533,651,
2729,accepted,UpdateMapperPost,4,1,539,654,
2729,dispatched,UpdateMapperPre,5,21,0,11,
2730,accepted,UpdateMapperPre,5,27,0,14,
2730,dispatched,UpdateMapperPost,5,11,661,789,
2731,accepted,UpdateMapperPost,5,14,667,795,
2731,dispatched,UpdateMapperPre,6,21,0,21,
2732,accepted,UpdateMapperPre,6,27,0,27,
2732,dispatched,UpdateMapperPost,6,21,789,21,
2733,accepted,UpdateMapperPost,6,27,795,27,
2733,dispatched,UpdateMapperPre,4,22,0,1,
2734,accepted,UpdateMapperPre,4,28,0,1,
2734,dispatched,UpdateMapperPost,4,1,534,651,
2735,accepted,UpdateMapperPost,4,1,540,654,
2735,dispatched,UpdateMapperPre,5,22,0,11,
2736,accepted,UpdateMapperPre,5,28,0,14,
2736,dispatched,UpdateMapperPost,5,11,662,790,
2737,accepted,UpdateMapperPost,5,14,668,796,
2737,dispatched,UpdateMapperPre,6,22,0,22,
2738,accepted,UpdateMapperPre,6,28,0,28,
2738,dispatched,UpdateMapperPost,6,22,790,22,
2739,accepted,UpdateMapperPost,6,28,796,28,
2739,dispatched,UpdateMapperPre,4,23,0,1,
2740,accepted,UpdateMapperPre,4,29,0,1,
2740,dispatched,UpdateMapperPost,4,1,535,652,
2741,accepted,UpdateMapperPost,4,1,541,655,
2741,dispatched,UpdateMapperPre,5,23,0,12,
2742,accepted,UpdateMapperPre,5,29,0,15,
2742,dispatched,UpdateMapperPost,5,12,663,791,
2743,accepted,UpdateMapperPost,5,15,669,797,
2743,dispatched,UpdateMapperPre,6,23,0,23,
2744,accepted,UpdateMapperPre,6,29,0,29,
2744,dispatched,UpdateMapperPost,6,23,791,23,
2745,accepted,UpdateMapperPost,6,29,797,29,
2745,dispatched,UpdateMapperPre,4,24,0,1,
2746,accepted,UpdateMapperPre,4,30,0,1,
2746,dispatched,UpdateMapperPost,4,1,536,652,
2747,accepted,UpdateMapperPost,4,1,542,655,
2747,dispatched,UpdateMapperPre,5,24,0,12,
2748,accepted,UpdateMapperPre,5,30,0,15,
2748,dispatched,UpdateMapperPost,5,12,664,792,
2749,accepted,UpdateMapperPost,5,15,670,798,
2749,dispatched,UpdateMapperPre,6,24,0,24,
2750,accepted,UpdateMapperPre,6,30,0,30,
2750,dispatched,UpdateMapperPost,6,24,792,24,
2751,accepted,UpdateMapperPost,6,30,798,30,
2751,dispatched,UpdateMapperPre,4,25,0,1,
2752,accepted,UpdateMapperPre,4,31,0,1,
2752,dispatched,UpdateMapperPost,4,1,537,653,
2753,accepted,UpdateMapperPost,4,1,543,656,
2753,dispatched,UpdateMapperPre,5,25,0,13,
2754,accepted,UpdateMapperPre,5,31,0,16,
2754,dispatched,UpdateMapperPost,5,13,665,793,
2755,accepted,UpdateMapperPost,5,16,671,799,
2755,dispatched,UpdateMapperPre,6,25,0,25,
2756,accepted,UpdateMapperPre,6,31,0,31,
2756,dispatched,UpdateMapperPost,6,25,793,25,
2757,accepted,UpdateMapperPost,6,31,799,31,
2757,dispatched,UpdateMapperPre,4,26,0,1,
2758,accepted,UpdateMapperPre,4,32,0,1,
2758,dispatched,UpdateMapperPost,4,1,538,653,
2759,accepted,UpdateMapperPost,4,1,544,656,
2759,dispatched,UpdateMapperPre,5,26,0,13,
2760,accepted,UpdateMapperPre,5,32,0,16,
2760,dispatched,UpdateMapperPost,5,13,666,794,
2761,accepted,UpdateMapperPost,5,16,672,800,
2761,dispatched,UpdateMapperPre,6,26,0,26,
2762,accepted,UpdateMapperPre,6,32,0,32,
2762,dispatched,UpdateMapperPost,6,26,794,26,
2763,accepted,UpdateMapperPost,6,32,800,32,
2763,dispatched,UpdateMapperPre,4,27,0,1,
2764,accepted,UpdateMapperPre,4,33,0,1,
2764,dispatched,UpdateMapperPost,4,1,539,654,
2765,accepted,UpdateMapperPost,4,1,545,657,
2765,dispatched,UpdateMapperPre,5,27,0,14,
2766,accepted,UpdateMapperPre,5,33,0,17,
2766,dispatched,UpdateMapperPost,5,14,667,795,
2767,accepted,UpdateMapperPost,5,17,673,801,
2767,dispatched,UpdateMapperPre,6,27,0,27,
2768,accepted,UpdateMapperPre,6,33,0,33,
2768,dispatched,UpdateMapperPost,6,27,795,27,
2769,accepted,UpdateMapperPost,6,33,801,33,
2769,dispatched,UpdateMapperPre,4,28,0,1,
2770,accepted,UpdateMapperPre,4,34,0,1,
2770,dispatched,UpdateMapperPost,4,1,540,654,
2771,accepted,UpdateMapperPost,4,1,546,657,
2771,dispatched,UpdateMapperPre,5,28,0,14,
2772,accepted,UpdateMapperPre,5,34,0,17,
2772,dispatched,UpdateMapperPost,5,14,668,796,
2773,accepted,UpdateMapperPost,5,17,674,802,
2773,dispatched,UpdateMapperPre,6,28,0,28,
2774,accepted,UpdateMapperPre,6,34,0,34,
2774,dispatched,UpdateMapperPost,6,28,796,28,
2775,accepted,UpdateMapperPost,6,34,802,34,
2775,dispatched,UpdateMapperPre,4,29,0,1,
2776,accepted,UpdateMapperPre,4,35,0,1,
2776,dispatched,UpdateMapperPost,4,1,541,655,
2777,accepted,UpdateMapperPost,4,1,547,658,
2777,dispatched,UpdateMapperPre,5,29,0,15,
2778,accepted,UpdateMapperPre,5,35,0,18,
2778,dispatched,UpdateMapperPost,5,15,669,797,
2779,accepted,UpdateMapperPost,5,18,675,803,
2779,dispatched,UpdateMapperPre,6,29,0,29,
2780,accepted,UpdateMapperPre,6,35,0,35,
2780,dispatched,UpdateMapperPost,6,29,797,29,
2781,accepted,UpdateMapperPost,6,35,803,35,
2781,dispatched,UpdateMapperPre,4,30,0,1,
2782,accepted,UpdateMapperPre,4,36,0,1,
2782,dispatched,UpdateMapperPost,4,1,542,655,
2783,accepted,UpdateMapperPost,4,1,548,658,
2783,dispatched,UpdateMapperPre,5,30,0,15,
2784,accepted,UpdateMapperPre,5,36,0,18,
2784,dispatched,UpdateMapperPost,5,15,670,798,
2785,accepted,UpdateMapperPost,5,18,676,804,
2785,dispatched,UpdateMapperPre,6,30,0,30,
2786,accepted,UpdateMapperPre,6,36,0,36,
2786,dispatched,UpdateMapperPost,6,30,798,30,
2787,accepted,UpdateMapperPost,6,36,804,36,
2787,dispatched,UpdateMapperPre,4,31,0,1,
2788,accepted,UpdateMapperPre,4,37,0,1,
2788,dispatched,UpdateMapperPost,4,1,543,656,
2789,accepted,UpdateMapperPost,4,1,549,659,
2789,dispatched,UpdateMapperPre,5,31,0,16,
2790,accepted,UpdateMapperPre,5,37,0,19,
2790,dispatched,UpdateMapperPost,5,16,671,799,
2791,accepted,UpdateMapperPost,5,19,677,805,
2791,dispatched,UpdateMapperPre,6,31,0,31,
2792,accepted,UpdateMapperPre,6,37,0,37,
2792,dispatched,UpdateMapperPost,6,31,799,31,
2793,accepted,UpdateMapperPost,6,37,805,37,
2793,dispatched,UpdateMapperPre,4,32,0,1,
2794,accepted,UpdateMapperPre,4,38,0,1,
2794,dispatched,UpdateMapperPost,4,1,544,656,
2795,accepted,UpdateMapperPost,4,1,550,659,
2795,dispatched,UpdateMapperPre,5,32,0,16,
2796,accepted,UpdateMapperPre,5,38,0,19,
2796,dispatched,UpdateMapperPost,5,16,672,800,
2797,accepted,UpdateMapperPost,5,19,678,806,
2797,dispatched,UpdateMapperPre,6,32,0,32,
2798,accepted,UpdateMapperPre,6,38,0,38,
2798,dispatched,UpdateMapperPost,6,32,800,32,
2799,accepted,UpdateMapperPost,6,38,806,38,
2799,dispatched,UpdateMapperPre,4,33,0,1,
2800,accepted,UpdateMapperPre,4,39,0,1,
2800,dispatched,UpdateMapperPost,4,1,545,657,
2801,accepted,UpdateMapperPost,4,1,551,660,
2801,dispatched,UpdateMapperPre,5,33,0,17,
2802,accepted,UpdateMapperPre,5,39,0,20,
2802,dispatched,UpdateMapperPost,5,17,673,801,
2803,accepted,UpdateMapperPost,5,20,679,807,
2803,dispatched,UpdateMapperPre,6,33,0,33,
2804,accepted,UpdateMapperPre,6,39,0,39,
2804,dispatched,UpdateMapperPost,6,33,801,33,
2805,accepted,UpdateMapperPost,6,39,807,39,
2805,dispatched,UpdateMapperPre,4,34,0,1,
2806,accepted,UpdateMapperPre,4,40,0,1,
2806,dispatched,UpdateMapperPost,4,1,546,657,
2807,accepted,UpdateMapperPost,4,1,552,660,
2807,dispatched,UpdateMapperPre,5,34,0,17,
2808,accepted,UpdateMapperPre,5,40,0,20,
2808,dispatched,UpdateMapperPost,5,17,674,802,
2809,accepted,UpdateMapperPost,5,20,680,808,
2809,dispatched,UpdateMapperPre,6,34,0,34,
2810,accepted,UpdateMapperPre,6,40,0,40,
2810,dispatched,UpdateMapperPost,6,34,802,34,
2811,accepted,UpdateMapperPost,6,40,808,40,
2811,dispatched,UpdateMapperPre,4,35,0,1,
2812,accepted,UpdateMapperPre,4,41,0,1,
2812,dispatched,UpdateMapperPost,4,1,547,658,
2813,accepted,UpdateMapperPost,4,1,553,661,
2813,dispatched,UpdateMapperPre,5,35,0,18,
2814,accepted,UpdateMapperPre,5,41,0,21,
2814,dispatched,UpdateMapperPost,5,18,675,803,
2815,accepted,UpdateMapperPost,5,21,681,809,
2815,dispatched,UpdateMapperPre,6,35,0,35,
2816,accepted,UpdateMapperPre,6,41,0,41,
2816,dispatched,UpdateMapperPost,6,35,803,35,
2817,accepted,UpdateMapperPost,6,41,809,41,
2817,dispatched,UpdateMapperPre,4,36,0,1,
2818,accepted,UpdateMapperPre,4,42,0,1,
2818,dispatched,UpdateMapperPost,4,1,548,658,
2819,accepted,UpdateMapperPost,4,1,554,661,
2819,dispatched,UpdateMapperPre,5,36,0,18,
2820,accepted,UpdateMapperPre,5,42,0,21,
2820,dispatched,UpdateMapperPost,5,18,676,804,
2821,accepted,UpdateMapperPost,5,21,682,810,
2821,dispatched,UpdateMapperPre,6,36,0,36,
2822,accepted,UpdateMapperPre,6,42,0,42,
2822,dispatched,UpdateMapperPost,6,36,804,36,
2823,accepted,UpdateMapperPost,6,42,810,42,
2823,dispatched,UpdateMapperPre,4,37,0,1,
2824,accepted,UpdateMapperPre,4,43,0,1,
2824,dispatched,UpdateMapperPost,4,1,549,659,
2825,accepted,UpdateMapperPost,4,1,555,662,
2825,dispatched,UpdateMapperPre,5,37,0,19,
2826,accepted,UpdateMapperPre,5,43,0,22,
2826,dispatched,UpdateMapperPost,5,19,677,805,
2827,accepted,UpdateMapperPost,5,22,683,811,
2827,dispatched,UpdateMapperPre,6,37,0,37,
2828,accepted,UpdateMapperPre,6,43,0,43,
2828,dispatched,UpdateMapperPost,6,37,805,37,
2829,accepted,UpdateMapperPost,6,43,811,43,
2829,dispatched,UpdateMapperPre,4,38,0,1,
2830,accepted,UpdateMapperPre,4,44,0,1,
2830,dispatched,UpdateMapperPost,4,1,550,659,
2831,accepted,UpdateMapperPost,4,1,556,662,
2831,dispatched,UpdateMapperPre,5,38,0,19,
2832,accepted,UpdateMapperPre,5,44,0,22,
2832,dispatched,UpdateMapperPost,5,19,678,806,
2833,accepted,UpdateMapperPost,5,22,684,812,
2833,dispatched,UpdateMapperPre,6,38,0,38,
2834,accepted,UpdateMapperPre,6,44,0,44,
2834,dispatched,UpdateMapperPost,6,38,806,38,
2835,accepted,UpdateMapperPost,6,44,812,44,
2835,dispatched,UpdateMapperPre,4,39,0,1,
2836,accepted,UpdateMapperPre,4,45,0,1,
2836,dispatched,UpdateMapperPost,4,1,551,660,
2837,accepted,UpdateMapperPost,4,1,557,663,
2837,dispatched,UpdateMapperPre,5,39,0,20,
2838,accepted,UpdateMapperPre,5,45,0,23,
2838,dispatched,UpdateMapperPost,5,20,679,807,
2839,accepted,UpdateMapperPost,5,23,685,813,
2839,dispatched,UpdateMapperPre,6,39,0,39,
2840,accepted,UpdateMapperPre,6,45,0,45,
2840,dispatched,UpdateMapperPost,6,39,807,39,
2841,accepted,UpdateMapperPost,6,45,813,45,
2841,dispatched,UpdateMapperPre,4,40,0,1,
2842,accepted,UpdateMapperPre,4,46,0,1,
2842,dispatched,UpdateMapperPost,4,1,552,660,
2843,accepted,UpdateMapperPost,4,1,558,663,
2843,dispatched,UpdateMapperPre,5,40,0,20,
2844,accepted,UpdateMapperPre,5,46,0,23,
2844,dispatched,UpdateMapperPost,5,20,680,808,
2845,accepted,UpdateMapperPost,5,23,686,814,
2845,dispatched,UpdateMapperPre,6,40,0,40,
2846,accepted,UpdateMapperPre,6,46,0,46,
2846,dispatched,UpdateMapperPost,6,40,808,40,
2847,accepted,UpdateMapperPost,6,46,814,46,
2847,dispatched,UpdateMapperPre,4,41,0,1,
2848,accepted,UpdateMapperPre,4,47,0,1,
2848,dispatched,UpdateMapperPost,4,1,553,661,
2849,accepted,UpdateMapperPost,4,1,559,664,
2849,dispatched,UpdateMapperPre,5,41,0,21,
2850,accepted,UpdateMapperPre,5,47,0,24,
2850,dispatched,UpdateMapperPost,5,21,681,809,
2851,accepted,UpdateMapperPost,5,24,687,815,
2851,dispatched,UpdateMapperPre,6,41,0,41,
2852,accepted,UpdateMapperPre,6,47,0,47,
2852,dispatched,UpdateMapperPost,6,41,809,41,
2853,accepted,UpdateMapperPost,6,47,815,47,
2853,dispatched,UpdateMapperPre,4,42,0,1,
2854,accepted,UpdateMapperPre,4,48,0,1,
2854,dispatched,UpdateMapperPost,4,1,554,661,
2855,accepted,UpdateMapperPost,4,1,560,664,
2855,dispatched,UpdateMapperPre,5,42,0,21,
2856,accepted,UpdateMapperPre,5,48,0,24,
2856,dispatched,UpdateMapperPost,5,21,682,810,
2857,accepted,UpdateMapperPost,5,24,688,816,
2857,dispatched,UpdateMapperPre,6,42,0,42,
2858,accepted,UpdateMapperPre,6,48,0,48,
2858,dispatched,UpdateMapperPost,6,42,810,42,
2859,accepted,UpdateMapperPost,6,48,816,48,
2859,dispatched,UpdateMapperPre,4,43,0,1,
2860,accepted,UpdateMapperPre,4,49,0,1,
2860,dispatched,UpdateMapperPost,4,1,555,662,
2861,accepted,UpdateMapperPost,4,1,561,665,
2861,dispatched,UpdateMapperPre,5,43,0,22,
2862,accepted,UpdateMapperPre,5,49,0,25,
2862,dispatched,UpdateMapperPost,5,22,683,811,
2863,accepted,UpdateMapperPost,5,25,689,817,
2863,dispatched,UpdateMapperPre,6,43,0,43,
2864,accepted,UpdateMapperPre,6,49,0,49,
2864,dispatched,UpdateMapperPost,6,43,811,43,
2865,accepted,UpdateMapperPost,6,49,817,49,
2865,dispatched,UpdateMapperPre,4,44,0,1,
2866,accepted,UpdateMapperPre,4,50,0,1,
2866,dispatched,UpdateMapperPost,4,1,556,662,
2867,accepted,UpdateMapperPost,4,1,562,665,
2867,dispatched,UpdateMapperPre,5,44,0,22,
2868,accepted,UpdateMapperPre,5,50,0,25,
2868,dispatched,UpdateMapperPost,5,22,684,812,
2869,accepted,UpdateMapperPost,5,25,690,818,
2869,dispatched,UpdateMapperPre,6,44,0,44,
2870,accepted,UpdateMapperPre,6,50,0,50,
2870,dispatched,UpdateMapperPost,6,44,812,44,
2871,accepted,UpdateMapperPost,6,50,818,50,
2871,dispatched,UpdateMapperPre,4,45,0,1,
2872,accepted,UpdateMapperPre,4,51,0,1,
2872,dispatched,UpdateMapperPost,4,1,557,663,
2873,accepted,UpdateMapperPost,4,1,563,666,
2873,dispatched,UpdateMapperPre,5,45,0,23,
2874,accepted,UpdateMapperPre,5,51,0,26,
2874,dispatched,UpdateMapperPost,5,23,685,813,
2875,accepted,UpdateMapperPost,5,26,691,819,
2875,dispatched,UpdateMapperPre,6,45,0,45,
2876,accepted,UpdateMapperPre,6,51,0,51,
2876,dispatched,UpdateMapperPost,6,45,813,45,
2877,accepted,UpdateMapperPost,6,51,819,51,
2877,dispatched,UpdateMapperPre,4,46,0,1,
2878,accepted,UpdateMapperPre,4,52,0,1,
2878,dispatched,UpdateMapperPost,4,1,558,663,
2879,accepted,UpdateMapperPost,4,1,564,666,
2879,dispatched,UpdateMapperPre,5,46,0,23,
2880,accepted,UpdateMapperPre,5,52,0,26,
2880,dispatched,UpdateMapperPost,5,23,686,814,
2881,accepted,UpdateMapperPost,5,26,692,820,
2881,dispatched,UpdateMapperPre,6,46,0,46,
2882,accepted,UpdateMapperPre,6,52,0,52,
2882,dispatched,UpdateMapperPost,6,46,814,46,
2883,accepted,UpdateMapperPost,6,52,820,52,
2883,dispatched,UpdateMapperPre,4,47,0,1,
2884,accepted,UpdateMapperPre,4,53,0,1,
2884,dispatched,UpdateMapperPost,4,1,559,664,
2885,accepted,UpdateMapperPost,4,1,565,667,
2885,dispatched,UpdateMapperPre,5,47,0,24,
2886,accepted,UpdateMapperPre,5,53,0,27,
2886,dispatched,UpdateMapperPost,5,24,687,815,
2887,accepted,UpdateMapperPost,5,27,693,821,
2887,dispatched,UpdateMapperPre,6,47,0,47,
2888,accepted,UpdateMapperPre,6,53,0,53,
2888,dispatched,UpdateMapperPost,6,47,815,47,
2889,accepted,UpdateMapperPost,6,53,821,53,
2889,dispatched,UpdateMapperPre,4,48,0,1,
2890,accepted,UpdateMapperPre,4,54,0,1,
2890,dispatched,UpdateMapperPost,4,1,560,664,
2891,accepted,UpdateMapperPost,4,1,566,667,
2891,dispatched,UpdateMapperPre,5,48,0,24,
2892,accepted,UpdateMapperPre,5,54,0,27,
2892,dispatched,UpdateMapperPost,5,24,688,816,
2893,accepted,UpdateMapperPost,5,27,694,822,
2893,dispatched,UpdateMapperPre,6,48,0,48,
2894,accepted,UpdateMapperPre,6,54,0,54,
2894,dispatched,UpdateMapperPost,6,48,816,48,
2895,accepted,UpdateMapperPost,6,54,822,54,
2895,dispatched,UpdateMapperPre,4,49,0,1,
2896,accepted,UpdateMapperPre,4,55,0,1,
2896,dispatched,UpdateMapperPost,4,1,561,665,
2897,accepted,UpdateMapperPost,4,1,567,668,
2897,dispatched,UpdateMapperPre,5,49,0,25,
2898,accepted,UpdateMapperPre,5,55,0,28,
2898,dispatched,UpdateMapperPost,5,25,689,817,
2899,accepted,UpdateMapperPost,5,28,695,823,
2899,dispatched,UpdateMapperPre,6,49,0,49,
2900,accepted,UpdateMapperPre,6,55,0,55,
2900,dispatched,UpdateMapperPost,6,49,817,49,
2901,accepted,UpdateMapperPost,6,55,823,55,
2901,dispatched,UpdateMapperPre,4,50,0,1,
2902,accepted,UpdateMapperPre,4,56,0,1,
2902,dispatched,UpdateMapperPost,4,1,562,665,
2903,accepted,UpdateMapperPost,4,1,568,668,
2903,dispatched,UpdateMapperPre,5,50,0,25,
2904,accepted,UpdateMapperPre,5,56,0,28,
2904,dispatched,UpdateMapperPost,5,25,690,818,
2905,accepted,UpdateMapperPost,5,28,696,824,
2905,dispatched,UpdateMapperPre,6,50,0,50,
2906,accepted,UpdateMapperPre,6,56,0,56,
2906,dispatched,UpdateMapperPost,6,50,818,50,
2907,accepted,UpdateMapperPost,6,56,824,56,
2907,dispatched,UpdateMapperPre,4,51,0,1,
2908,accepted,UpdateMapperPre,4,57,0,1,
2908,dispatched,UpdateMapperPost,4,1,563,666,
2909,accepted,UpdateMapperPost,4,1,569,669,
2909,dispatched,UpdateMapperPre,5,51,0,26,
2910,accepted,UpdateMapperPre,5,57,0,29,
2910,dispatched,UpdateMapperPost,5,26,691,819,
2911,accepted,UpdateMapperPost,5,29,697,825,
2911,dispatched,UpdateMapperPre,6,51,0,51,
2912,accepted,UpdateMapperPre,6,57,0,57,
2912,dispatched,UpdateMapperPost,6,51,819,51,
2913,accepted,UpdateMapperPost,6,57,825,57,
2913,dispatched,UpdateMapperPre,4,52,0,1,
2914,accepted,UpdateMapperPre,4,58,0,1,
2914,dispatched,UpdateMapperPost,4,1,564,666,
2915,accepted,UpdateMapperPost,4,1,570,669,
2915,dispatched,UpdateMapperPre,5,52,0,26,
2916,accepted,UpdateMapperPre,5,58,0,29,
2916,dispatched,UpdateMapperPost,5,26,692,820,
2917,accepted,UpdateMapperPost,5,29,698,826,
2917,dispatched,UpdateMapperPre,6,52,0,52,
2918,accepted,UpdateMapperPre,6,58,0,58,
2918,dispatched,UpdateMapperPost,6,52,820,52,
2919,accepted,UpdateMapperPost,6,58,826,58,
2919,dispatched,UpdateMapperPre,4,53,0,1,
2920,accepted,UpdateMapperPre,4,59,0,1,
2920,dispatched,UpdateMapperPost,4,1,565,667,
2921,accepted,UpdateMapperPost,4,1,571,670,
2921,dispatched,UpdateMapperPre,5,53,0,27,
2922,accepted,UpdateMapperPre,5,59,0,30,
2922,dispatched,UpdateMapperPost,5,27,693,821,
2923,accepted,UpdateMapperPost,5,30,699,827,
2923,dispatched,UpdateMapperPre,6,53,0,53,
2924,accepted,UpdateMapperPre,6,59,0,59,
2924,dispatched,UpdateMapperPost,6,53,821,53,
2925,accepted,UpdateMapperPost,6,59,827,59,
2925,dispatched,UpdateMapperPre,4,54,0,1,
2926,accepted,UpdateMapperPre,4,60,0,1,
2926,dispatched,UpdateMapperPost,4,1,566,667,
2927,accepted,UpdateMapperPost,4,1,572,670,
2927,dispatched,UpdateMapperPre,5,54,0,27,
2928,accepted,UpdateMapperPre,5,60,0,30,
2928,dispatched,UpdateMapperPost,5,27,694,822,
2929,accepted,UpdateMapperPost,5,30,700,828,
2929,dispatched,UpdateMapperPre,6,54,0,54,
2930,accepted,UpdateMapperPre,6,60,0,60,
2930,dispatched,UpdateMapperPost,6,54,822,54,
2931,accepted,UpdateMapperPost,6,60,828,60,
2931,dispatched,UpdateMapperPre,4,55,0,1,
2932,accepted,UpdateMapperPre,4,61,0,1,
2932,dispatched,UpdateMapperPost,4,1,567,668,
2933,accepted,UpdateMapperPost,4,1,573,671,
2933,dispatched,UpdateMapperPre,5,55,0,28,
2934,accepted,UpdateMapperPre,5,61,0,31,
2934,dispatched,UpdateMapperPost,5,28,695,823,
2935,accepted,UpdateMapperPost,5,31,701,829,
2935,dispatched,UpdateMapperPre,6,55,0,55,
2936,accepted,UpdateMapperPre,6,61,0,61,
2936,dispatched,UpdateMapperPost,6,55,823,55,
2937,accepted,UpdateMapperPost,6,61,829,61,
2937,dispatched,UpdateMapperPre,4,56,0,1,
2938,accepted,UpdateMapperPre,4,62,0,1,
2938,dispatched,UpdateMapperPost,4,1,568,668,
2939,accepted,UpdateMapperPost,4,1,574,671,
2939,dispatched,UpdateMapperPre,5,56,0,28,
2940,accepted,UpdateMapperPre,5,62,0,31,
2940,dispatched,UpdateMapperPost,5,28,696,824,
2941,accepted,UpdateMapperPost,5,31,702,830,
2941,dispatched,UpdateMapperPre,6,56,0,56,
2942,accepted,UpdateMapperPre,6,62,0,62,
2942,dispatched,UpdateMapperPost,6,56,824,56,
2943,accepted,UpdateMapperPost,6,62,830,62,
2943,dispatched,UpdateMapperPre,4,57,0,1,
2944,accepted,UpdateMapperPre,4,63,0,1,
2944,dispatched,UpdateMapperPost,4,1,569,669,
2945,accepted,UpdateMapperPost,4,1,575,672,
2945,dispatched,UpdateMapperPre,5,57,0,29,
2946,accepted,UpdateMapperPre,5,63,0,32,
2946,dispatched,UpdateMapperPost,5,29,697,825,
2947,accepted,UpdateMapperPost,5,32,703,831,
2947,dispatched,UpdateMapperPre,6,57,0,57,
2948,accepted,UpdateMapperPre,6,63,0,63,
2948,dispatched,UpdateMapperPost,6,57,825,57,
2949,accepted,UpdateMapperPost,6,63,831,63,
2949,dispatched,UpdateMapperPre,4,58,0,1,
2950,accepted,UpdateMapperPre,4,64,0,1,
2950,dispatched,UpdateMapperPost,4,1,570,669,
2951,accepted,UpdateMapperPost,4,1,576,672,
2951,dispatched,UpdateMapperPre,5,58,0,29,
2952,accepted,UpdateMapperPre,5,64,0,32,
2952,dispatched,UpdateMapperPost,5,29,698,826,
2953,accepted,UpdateMapperPost,5,32,704,832,
2953,dispatched,UpdateMapperPre,6,58,0,58,
2954,accepted,UpdateMapperPre,6,64,0,64,
2954,dispatched,UpdateMapperPost,6,58,826,58,
2955,accepted,UpdateMapperPost,6,64,832,64,
2955,dispatched,UpdateMapperPre,4,59,0,1,
2956,accepted,UpdateMapperPre,7,1,0,1,
2956,dispatched,UpdateMapperPost,4,1,571,670,
2957,accepted,UpdateMapperPost,7,1,897,513,
2957,dispatched,UpdateMapperPre,5,59,0,30,
2958,accepted,UpdateMapperPre,7,2,0,1,
2958,dispatched,UpdateMapperPost,5,30,699,827,
2959,accepted,UpdateMapperPost,7,1,898,513,
2959,dispatched,UpdateMapperPre,6,59,0,59,
2960,accepted,UpdateMapperPre,7,3,0,1,
2960,dispatched,UpdateMapperPost,6,59,827,59,
2961,accepted,UpdateMapperPost,7,1,899,513,
2961,dispatched,UpdateMapperPre,4,60,0,1,
2962,accepted,UpdateMapperPre,7,4,0,1,
2962,dispatched,UpdateMapperPost,4,1,572,670,
2963,accepted,UpdateMapperPost,7,1,900,513,
2963,dispatched,UpdateMapperPre,5,60,0,30,
2964,accepted,UpdateMapperPre,7,5,0,1,
2964,dispatched,UpdateMapperPost,5,30,700,828,
2965,accepted,UpdateMapperPost,7,1,901,513,
2965,dispatched,UpdateMapperPre,6,60,0,60,
2966,accepted,UpdateMapperPre,7,6,0,1,
2966,dispatched,UpdateMapperPost,6,60,828,60,
2967,accepted,UpdateMapperPost,7,1,902,513,
2967,dispatched,UpdateMapperPre,4,61,0,1,
2968,accepted,UpdateMapperPre,7,7,0,1,
2968,dispatched,UpdateMapperPost,4,1,573,671,
2969,accepted,UpdateMapperPost,7,1,903,513,
2969,dispatched,UpdateMapperPre,5,61,0,31,
2970,accepted,UpdateMapperPre,7,8,0,1,
2970,dispatched,UpdateMapperPost,5,31,701,829,
2971,accepted,UpdateMapperPost,7,1,904,513,
2971,dispatched,UpdateMapperPre,6,61,0,61,
2972,accepted,UpdateMapperPre,7,9,0,1,
2972,dispatched,UpdateMapperPost,6,61,829,61,
2973,accepted,UpdateMapperPost,7,1,905,513,
2973,dispatched,UpdateMapperPre,4,62,0,1,
2974,accepted,UpdateMapperPre,7,10,0,1,
2974,dispatched,UpdateMapperPost,4,1,574,671,
2975,accepted,UpdateMapperPost,7,1,906,513,
2975,dispatched,UpdateMapperPre,5,62,0,31,
2976,accepted,UpdateMapperPre,7,11,0,1,
2976,dispatched,UpdateMapperPost,5,31,702,830,
2977,accepted,UpdateMapperPost,7,1,907,513,
2977,dispatched,UpdateMapperPre,6,62,0,62,
2978,accepted,UpdateMapperPre,7,12,0,1,
2978,dispatched,UpdateMapperPost,6,62,830,62,
2979,accepted,UpdateMapperPost,7,1,908,513,
2979,dispatched,UpdateMapperPre,4,63,0,1,
2980,accepted,UpdateMapperPre,7,13,0,1,
2980,dispatched,UpdateMapperPost,4,1,575,672,
2981,accepted,UpdateMapperPost,7,1,909,513,
2981,dispatched,UpdateMapperPre,5,63,0,32,
2982,accepted,UpdateMapperPre,7,14,0,1,
2982,dispatched,UpdateMapperPost,5,32,703,831,
2983,accepted,UpdateMapperPost,7,1,910,513,
2983,dispatched,UpdateMapperPre,6,63,0,63,
2984,accepted,UpdateMapperPre,7,15,0,1,
2984,dispatched,UpdateMapperPost,6,63,831,63,
2985,accepted,UpdateMapperPost,7,1,911,513,
2985,dispatched,UpdateMapperPre,4,64,0,1,
2986,accepted,UpdateMapperPre,7,16,0,1,
2986,dispatched,UpdateMapperPost,4,1,576,672,
2987,accepted,UpdateMapperPost,7,1,912,513,
2987,dispatched,UpdateMapperPre,5,64,0,32,
2988,accepted,UpdateMapperPre,7,17,0,1,
2988,dispatched,UpdateMapperPost,5,32,704,832,
2989,accepted,UpdateMapperPost,7,1,913,513,
2989,dispatched,UpdateMapperPre,6,64,0,64,
2990,accepted,UpdateMapperPre,7,18,0,1,
2990,dispatched,UpdateMapperPost,6,64,832,64,
2991,accepted,UpdateMapperPost,7,1,914,513,
2991,dispatched,UpdateMapperPre,7,1,0,1,
2992,accepted,UpdateMapperPre,7,19,0,1,
2992,dispatched,UpdateMapperPost,7,1,897,513,
2993,accepted,UpdateMapperPost,7,1,915,513,
2993,dispatched,UpdateMapperPre,7,2,0,1,
2994,accepted,UpdateMapperPre,7,20,0,1,
2994,dispatched,UpdateMapperPost,7,1,898,513,
2995,accepted,UpdateMapperPost,7,1,916,513,
2995,dispatched,UpdateMapperPre,7,3,0,1,
2996,accepted,UpdateMapperPre,7,21,0,1,
2996,dispatched,UpdateMapperPost,7,1,899,513,
2997,accepted,UpdateMapperPost,7,1,917,513,
2997,dispatched,UpdateMapperPre,7,4,0,1,
2998,accepted,UpdateMapperPre,7,22,0,1,
2998,dispatched,UpdateMapperPost,7,1,900,513,
2999,accepted,UpdateMapperPost,7,1,918,513,
2999,dispatched,UpdateMapperPre,7,5,0,1,
3000,accepted,UpdateMapperPre,7,23,0,1,
3000,dispatched,UpdateMapperPost,7,1,901,513,
3001,accepted,UpdateMapperPost,7,1,919,513,
3001,dispatched,UpdateMapperPre,7,6,0,1,
3002,accepted,UpdateMapperPre,7,24,0,1,
3002,dispatched,UpdateMapperPost,7,1,902,513,
3003,accepted,UpdateMapperPost,7,1,920,513,
3003,dispatched,UpdateMapperPre,7,7,0,1,
3004,accepted,UpdateMapperPre,7,25,0,1,
3004,dispatched,UpdateMapperPost,7,1,903,513,
3005,accepted,UpdateMapperPost,7,1,921,513,
3005,dispatched,UpdateMapperPre,7,8,0,1,
3006,accepted,UpdateMapperPre,7,26,0,1,
3006,dispatched,UpdateMapperPost,7,1,904,513,
3007,accepted,UpdateMapperPost,7,1,922,513,
3007,dispatched,UpdateMapperPre,7,9,0,1,
3008,accepted,UpdateMapperPre,7,27,0,1,
3008,dispatched,UpdateMapperPost,7,1,905,513,
3009,accepted,UpdateMapperPost,7,1,923,513,
3009,dispatched,UpdateMapperPre,7,10,0,1,
3010,accepted,UpdateMapperPre,7,28,0,1,
3010,dispatched,UpdateMapperPost,7,1,906,513,
3011,accepted,UpdateMapperPost,7,1,924,513,
3011,dispatched,UpdateMapperPre,7,11,0,1,
3012,accepted,UpdateMapperPre,7,29,0,1,
3012,dispatched,UpdateMapperPost,7,1,907,513,
3013,accepted,UpdateMapperPost,7,1,925,513,
3013,dispatched,UpdateMapperPre,7,12,0,1,
3014,accepted,UpdateMapperPre,7,30,0,1,
3014,dispatched,UpdateMapperPost,7,1,908,513,
3015,accepted,UpdateMapperPost,7,1,926,513,
3015,dispatched,UpdateMapperPre,7,13,0,1,
3016,accepted,UpdateMapperPre,7,31,0,1,
3016,dispatched,UpdateMapperPost,7,1,909,513,
3017,accepted,UpdateMapperPost,7,1,927,513,
3017,dispatched,UpdateMapperPre,7,14,0,1,
3018,accepted,UpdateMapperPre,7,32,0,1,
3018,dispatched,UpdateMapperPost,7,1,910,513,
3019,accepted,UpdateMapperPost,7,1,928,513,
3019,dispatched,UpdateMapperPre,7,15,0,1,
3020,accepted,UpdateMapperPre,7,33,0,1,
3020,dispatched,UpdateMapperPost,7,1,911,513,
3021,accepted,UpdateMapperPost,7,1,929,513,
3021,dispatched,UpdateMapperPre,7,16,0,1,
3022,accepted,UpdateMapperPre,7,34,0,1,
3022,dispatched,UpdateMapperPost,7,1,912,513,
3023,accepted,UpdateMapperPost,7,1,930,513,
3023,dispatched,UpdateMapperPre,7,17,0,1,
3024,accepted,UpdateMapperPre,7,35,0,1,
3024,dispatched,UpdateMapperPost,7,1,913,513,
3025,accepted,UpdateMapperPost,7,1,931,513,
3025,dispatched,UpdateMapperPre,7,18,0,1,
3026,accepted,UpdateMapperPre,7,36,0,1,
3026,dispatched,UpdateMapperPost,7,1,914,513,
3027,accepted,UpdateMapperPost,7,1,932,513,
3027,dispatched,UpdateMapperPre,7,19,0,1,
3028,accepted,UpdateMapperPre,7,37,0,1,
3028,dispatched,UpdateMapperPost,7,1,915,513,
3029,accepted,UpdateMapperPost,7,1,933,513,
3029,dispatched,UpdateMapperPre,7,20,0,1,
3030,accepted,UpdateMapperPre,7,38,0,1,
3030,dispatched,UpdateMapperPost,7,1,916,513,
3031,accepted,UpdateMapperPost,7,1,934,513,
3031,dispatched,UpdateMapperPre,7,21,0,1,
3032,accepted,UpdateMapperPre,7,39,0,1,
3032,dispatched,UpdateMapperPost,7,1,917,513,
3033,accepted,UpdateMapperPost,7,1,935,513,
3033,dispatched,UpdateMapperPre,7,22,0,1,
3034,accepted,UpdateMapperPre,7,40,0,1,
3034,dispatched,UpdateMapperPost,7,1,918,513,
3035,accepted,UpdateMapperPost,7,1,936,513,
3035,dispatched,UpdateMapperPre,7,23,0,1,
3036,accepted,UpdateMapperPre,7,41,0,1,
3036,dispatched,UpdateMapperPost,7,1,919,513,
3037,accepted,UpdateMapperPost,7,1,937,513,
3037,dispatched,UpdateMapperPre,7,24,0,1,
3038,accepted,UpdateMapperPre,7,42,0,1,
3038,dispatched,UpdateMapperPost,7,1,920,513,
3039,accepted,UpdateMapperPost,7,1,938,513,
3039,dispatched,UpdateMapperPre,7,25,0,1,
3040,accepted,UpdateMapperPre,7,43,0,1,
3040,dispatched,UpdateMapperPost,7,1,921,513,
3041,accepted,UpdateMapperPost,7,1,939,513,
3041,dispatched,UpdateMapperPre,7,26,0,1,
3042,accepted,UpdateMapperPre,7,44,0,1,
3042,dispatched,UpdateMapperPost,7,1,922,513,
3043,accepted,UpdateMapperPost,7,1,940,513,
3043,dispatched,UpdateMapperPre,7,27,0,1,
3044,accepted,UpdateMapperPre,7,45,0,1,
3044,dispatched,UpdateMapperPost,7,1,923,513,
3045,accepted,UpdateMapperPost,7,1,941,513,
3045,dispatched,UpdateMapperPre,7,28,0,1,
3046,accepted,UpdateMapperPre,7,46,0,1,
3046,dispatched,UpdateMapperPost,7,1,924,513,
3047,accepted,UpdateMapperPost,7,1,942,513,
3047,dispatched,UpdateMapperPre,7,29,0,1,
3048,accepted,UpdateMapperPre,7,47,0,1,
3048,dispatched,UpdateMapperPost,7,1,925,513,
3049,accepted,UpdateMapperPost,7,1,943,513,
3049,dispatched,UpdateMapperPre,7,30,0,1,
3050,accepted,UpdateMapperPre,7,48,0,1,
3050,dispatched,UpdateMapperPost,7,1,926,513,
3051,accepted,UpdateMapperPost,7,1,944,513,
3051,dispatched,UpdateMapperPre,7,31,0,1,
3052,accepted,UpdateMapperPre,7,49,0,1,
3052,dispatched,UpdateMapperPost,7,1,927,513,
3053,accepted,UpdateMapperPost,7,1,945,513,
3053,dispatched,UpdateMapperPre,7,32,0,1,
3054,accepted,UpdateMapperPre,7,50,0,1,
3054,dispatched,UpdateMapperPost,7,1,928,513,
3055,accepted,UpdateMapperPost,7,1,946,513,
3055,dispatched,UpdateMapperPre,7,33,0,1,
3056,accepted,UpdateMapperPre,7,51,0,1,
3056,dispatched,UpdateMapperPost,7,1,929,513,
3057,accepted,UpdateMapperPost,7,1,947,513,
3057,dispatched,UpdateMapperPre,7,34,0,1,
3058,accepted,UpdateMapperPre,7,52,0,1,
3058,dispatched,UpdateMapperPost,7,1,930,513,
3059,accepted,UpdateMapperPost,7,1,948,513,
3059,dispatched,UpdateMapperPre,7,35,0,1,
3060,accepted,UpdateMapperPre,7,53,0,1,
3060,dispatched,UpdateMapperPost,7,1,931,513,
3061,accepted,UpdateMapperPost,7,1,949,513,
3061,dispatched,UpdateMapperPre,7,36,0,1,
3062,accepted,UpdateMapperPre,7,54,0,1,
3062,dispatched,UpdateMapperPost,7,1,932,513,
3063,accepted,UpdateMapperPost,7,1,950,513,
3063,dispatched,UpdateMapperPre,7,37,0,1,
3064,accepted,UpdateMapperPre,7,55,0,1,
3064,dispatched,UpdateMapperPost,7,1,933,513,
3065,accepted,UpdateMapperPost,7,1,951,513,
3065,dispatched,UpdateMapperPre,7,38,0,1,
3066,accepted,UpdateMapperPre,7,56,0,1,
3066,dispatched,UpdateMapperPost,7,1,934,513,
3067,accepted,UpdateMapperPost,7,1,952,513,
3067,dispatched,UpdateMapperPre,7,39,0,1,
3068,accepted,UpdateMapperPre,7,57,0,1,
3068,dispatched,UpdateMapperPost,7,1,935,513,
3069,accepted,UpdateMapperPost,7,1,953,513,
3069,dispatched,UpdateMapperPre,7,40,0,1,
3070,accepted,UpdateMapperPre,7,58,0,1,
3070,dispatched,UpdateMapperPost,7,1,936,513,
3071,accepted,UpdateMapperPost,7,1,954,513,
3071,dispatched,UpdateMapperPre,7,41,0,1,
3072,accepted,UpdateMapperPre,7,59,0,1,
3072,dispatched,UpdateMapperPost,7,1,937,513,
3073,accepted,UpdateMapperPost,7,1,955,513,
3073,dispatched,UpdateMapperPre,7,42,0,1,
3074,accepted,UpdateMapperPre,7,60,0,1,
3074,dispatched,UpdateMapperPost,7,1,938,513,
3075,accepted,UpdateMapperPost,7,1,956,513,
3075,dispatched,UpdateMapperPre,7,43,0,1,
3076,accepted,UpdateMapperPre,7,61,0,1,
3076,dispatched,UpdateMapperPost,7,1,939,513,
3077,accepted,UpdateMapperPost,7,1,957,513,
3077,dispatched,UpdateMapperPre,7,44,0,1,
3078,accepted,UpdateMapperPre,7,62,0,1,
3078,dispatched,UpdateMapperPost,7,1,940,513,
3079,accepted,UpdateMapperPost,7,1,958,513,
3079,dispatched,UpdateMapperPre,7,45,0,1,
3080,accepted,UpdateMapperPre,7,63,0,1,
3080,dispatched,UpdateMapperPost,7,1,941,513,
3081,accepted,UpdateMapperPost,7,1,959,513,
3081,dispatched,UpdateMapperPre,7,46,0,1,
3082,accepted,UpdateMapperPre,7,64,0,1,
3082,dispatched,UpdateMapperPost,7,1,942,513,
3083,accepted,UpdateMapperPost,7,1,960,513,
3083,dispatched,UpdateMapperPre,7,47,0,1,
3084,accepted,UpdateMapperPost,7,1,1023,129,
3084,dispatched,UpdateMapperPost,7,1,943,513,
3085,accepted,PrefillPifo,7,1,1023,0,
3085,dispatched,UpdateMapperPre,7,48,0,1,
3086,accepted,UpdateRoot,7,1,0,0,
3086,dispatched,UpdateMapperPost,7,1,944,513,
3087,accepted,CommitMapper,1,0,0,0,
3087,dispatched,UpdateMapperPre,7,49,0,1,
3088,dispatched,UpdateMapperPost,7,1,945,513,
3089,dispatched,UpdateMapperPre,7,50,0,1,
3090,dispatched,UpdateMapperPost,7,1,946,513,
3091,dispatched,UpdateMapperPre,7,51,0,1,
3092,dispatched,UpdateMapperPost,7,1,947,513,
3093,dispatched,UpdateMapperPre,7,52,0,1,
3094,dispatched,UpdateMapperPost,7,1,948,513,
3095,dispatched,UpdateMapperPre,7,53,0,1,
3096,dispatched,UpdateMapperPost,7,1,949,513,
3097,dispatched,UpdateMapperPre,7,54,0,1,
3098,dispatched,UpdateMapperPost,7,1,950,513,
3099,dispatched,UpdateMapperPre,7,55,0,1,
3100,dispatched,UpdateMapperPost,7,1,951,513,
3101,dispatched,UpdateMapperPre,7,56,0,1,
3102,dispatched,UpdateMapperPost,7,1,952,513,
3103,dispatched,UpdateMapperPre,7,57,0,1,
3104,dispatched,UpdateMapperPost,7,1,953,513,
3105,dispatched,UpdateMapperPre,7,58,0,1,
3106,dispatched,UpdateMapperPost,7,1,954,513,
3107,dispatched,UpdateMapperPre,7,59,0,1,
3108,dispatched,UpdateMapperPost,7,1,955,513,
3109,dispatched,UpdateMapperPre,7,60,0,1,
3110,dispatched,UpdateMapperPost,7,1,956,513,
3111,dispatched,UpdateMapperPre,7,61,0,1,
3112,dispatched,UpdateMapperPost,7,1,957,513,
3113,dispatched,UpdateMapperPre,7,62,0,1,
3114,dispatched,UpdateMapperPost,7,1,958,513,
3115,dispatched,UpdateMapperPre,7,63,0,1,
3116,dispatched,UpdateMapperPost,7,1,959,513,
3117,dispatched,UpdateMapperPre,7,64,0,1,
3118,dispatched,UpdateMapperPost,7,1,960,513,
3119,dispatched,UpdateMapperPost,7,1,1023,129,
3120,dispatched,PrefillPifo,7,1,1023,0,
3121,dispatched,UpdateRoot,7,1,0,0,
3191,dispatched,CommitMapper,1,0,0,0,
3191,committed,CommitMapper,1,0,0,0,
3192,replayed,UpdateMapperPre,1,1,0,0,
3193,replayed,UpdateMapperPre,1,2,0,0,
3194,replayed,UpdateMapperPre,1,3,0,0,
3195,replayed,UpdateMapperPre,1,4,0,0,
3196,replayed,UpdateMapperPre,1,5,0,0,
3197,replayed,UpdateMapperPre,1,6,0,0,
3198,replayed,UpdateMapperPre,1,7,0,0,
3199,replayed,UpdateMapperPre,1,8,0,0,
3200,replayed,UpdateMapperPre,1,9,0,0,
3201,replayed,UpdateMapperPre,1,10,0,0,
3202,replayed,UpdateMapperPre,1,11,0,0,
3203,replayed,UpdateMapperPre,1,12,0,0,
3204,replayed,UpdateMapperPre,1,13,0,0,
3205,replayed,UpdateMapperPre,1,14,0,0,
3206,replayed,UpdateMapperPre,1,15,0,0,
3207,replayed,UpdateMapperPre,1,16,0,0,
3208,replayed,UpdateMapperPre,1,17,0,0,
3209,replayed,UpdateMapperPre,1,18,0,0,
3210,replayed,UpdateMapperPre,1,19,0,0,
3211,replayed,UpdateMapperPre,1,20,0,0,
3212,replayed,UpdateMapperPre,1,21,0,0,
3213,replayed,UpdateMapperPre,1,22,0,0,
3214,replayed,UpdateMapperPre,1,23,0,0,
3215,replayed,UpdateMapperPre,1,24,0,0,
3216,replayed,UpdateMapperPre,1,25,0,0,
3217,replayed,UpdateMapperPre,1,26,0,0,
3218,replayed,UpdateMapperPre,1,27,0,0,
3219,replayed,UpdateMapperPre,1,28,0,0,
3220,replayed,UpdateMapperPre,1,29,0,0,
3221,replayed,UpdateMapperPre,1,30,0,0,
3222,replayed,UpdateMapperPre,1,31,0,0,
3223,replayed,UpdateMapperPre,1,32,0,0,
3224,replayed,UpdateMapperPre,1,33,0,0,
3225,replayed,UpdateMapperPre,1,34,0,0,
3226,replayed,UpdateMapperPre,1,35,0,0,
3227,replayed,UpdateMapperPre,1,36,0,0,
3228,replayed,UpdateMapperPre,1,37,0,0,
3229,replayed,UpdateMapperPre,1,38,0,0,
3230,replayed,UpdateMapperPre,1,39,0,0,
3231,replayed,UpdateMapperPre,1,40,0,0,
3232,replayed,UpdateMapperPre,1,41,0,0,
3233,replayed,UpdateMapperPre,1,42,0,0,
3234,replayed,UpdateMapperPre,1,43,0,0,
3235,replayed,UpdateMapperPre,1,44,0,0,
3236,replayed,UpdateMapperPre,1,45,0,0,
3237,replayed,UpdateMapperPre,1,46,0,0,
3238,replayed,UpdateMapperPre,1,47,0,0,
3239,replayed,UpdateMapperPre,1,48,0,0,
3240,replayed,UpdateMapperPre,1,49,0,0,
3241,replayed,UpdateMapperPre,1,50,0,0,
3242,replayed,UpdateMapperPre,1,51,0,0,
3243,replayed,UpdateMapperPre,1,52,0,0,
3244,replayed,UpdateMapperPre,1,53,0,0,
3245,replayed,UpdateMapperPre,1,54,0,0,
3246,replayed,UpdateMapperPre,1,55,0,0,
3247,replayed,UpdateMapperPre,1,56,0,0,
3248,replayed,UpdateMapperPre,1,57,0,0,
3249,replayed,UpdateMapperPre,1,58,0,0,
3250,replayed,UpdateMapperPre,1,59,0,0,
3251,replayed,UpdateMapperPre,1,60,0,0,
3252,replayed,UpdateMapperPre,1,61,0,0,
3253,replayed,UpdateMapperPre,1,62,0,0,
3254,replayed,UpdateMapperPre,1,63,0,0,
3255,replayed,UpdateMapperPre,1,64,0,0,
3256,replayed,UpdateMapperPre,2,1,0,0,
3257,replayed,UpdateMapperPre,2,2,0,0,
3258,replayed,UpdateMapperPre,2,3,0,0,
3259,replayed,UpdateMapperPre,2,4,0,0,
3260,replayed,UpdateMapperPre,2,5,0,0,
3261,replayed,UpdateMapperPre,2,6,0,0,
3262,replayed,UpdateMapperPre,2,7,0,0,
3263,replayed,UpdateMapperPre,2,8,0,0,
3264,replayed,UpdateMapperPre,2,9,0,0,
3265,replayed,UpdateMapperPre,2,10,0,0,
3266,replayed,UpdateMapperPre,2,11,0,0,
3267,replayed,UpdateMapperPre,2,12,0,0,
3268,replayed,UpdateMapperPre,2,13,0,0,
3269,replayed,UpdateMapperPre,2,14,0,0,
3270,replayed,UpdateMapperPre,2,15,0,0,
3271,replayed,UpdateMapperPre,2,16,0,0,
3272,replayed,UpdateMapperPre,2,17,0,0,
3273,replayed,UpdateMapperPre,2,18,0,0,
3274,replayed,UpdateMapperPre,2,19,0,0,
3275,replayed,UpdateMapperPre,2,20,0,0,
3276,replayed,UpdateMapperPre,2,21,0,0,
3277,replayed,UpdateMapperPre,2,22,0,0,
3278,replayed,UpdateMapperPre,2,23,0,0,
3279,replayed,UpdateMapperPre,2,24,0,0,
3280,replayed,UpdateMapperPre,2,25,0,0,
3281,replayed,UpdateMapperPre,2,26,0,0,
3282,replayed,UpdateMapperPre,2,27,0,0,
3283,replayed,UpdateMapperPre,2,28,0,0,
3284,replayed,UpdateMapperPre,2,29,0,0,
3285,replayed,UpdateMapperPre,2,30,0,0,
3286,replayed,UpdateMapperPre,2,31,0,0,
3287,replayed,UpdateMapperPre,2,32,0,0,
3288,replayed,UpdateMapperPre,2,33,0,0,
3289,replayed,UpdateMapperPre,2,34,0,0,
3290,replayed,UpdateMapperPre,2,35,0,0,
3291,replayed,UpdateMapperPre,2,36,0,0,
3292,replayed,UpdateMapperPre,2,37,0,0,
3293,replayed,UpdateMapperPre,2,38,0,0,
3294,replayed,UpdateMapperPre,2,39,0,0,
3295,replayed,UpdateMapperPre,2,40,0,0,
3296,replayed,UpdateMapperPre,2,41,0,0,
3297,replayed,UpdateMapperPre,2,42,0,0,
3298,replayed,UpdateMapperPre,2,43,0,0,
3299,replayed,UpdateMapperPre,2,44,0,0,
3300,replayed,UpdateMapperPre,2,45,0,0,
3301,replayed,UpdateMapperPre,2,46,0,0,
3302,replayed,UpdateMapperPre,2,47,0,0,
3303,replayed,UpdateMapperPre,2,48,0,0,
3304,replayed,UpdateMapperPre,2,49,0,0,
3305,replayed,UpdateMapperPre,2,50,0,0,
3306,replayed,UpdateMapperPre,2,51,0,0,
3307,replayed,UpdateMapperPre,2,52,0,0,
3308,replayed,UpdateMapperPre,2,53,0,0,
3309,replayed,UpdateMapperPre,2,54,0,0,
3310,replayed,UpdateMapperPre,2,55,0,0,
3311,replayed,UpdateMapperPre,2,56,0,0,
3312,replayed,UpdateMapperPre,2,57,0,0,
3313,replayed,UpdateMapperPre,2,58,0,0,
3314,replayed,UpdateMapperPre,2,59,0,0,
3315,replayed,UpdateMapperPre,2,60,0,0,
3316,replayed,UpdateMapperPre,2,61,0,0,
3317,replayed,UpdateMapperPre,2,62,0,0,
3318,replayed,UpdateMapperPre,2,63,0,0,
3319,replayed,UpdateMapperPre,2,64,0,0,
3320,replayed,UpdateMapperPre,3,1,0,0,
3321,replayed,UpdateMapperPre,3,2,0,0,
3322,replayed,UpdateMapperPre,3,3,0,0,
3323,replayed,UpdateMapperPre,3,4,0,0,
3324,replayed,UpdateMapperPre,3,5,0,0,
3325,replayed,UpdateMapperPre,3,6,0,0,
3326,replayed,UpdateMapperPre,3,7,0,0,
3327,replayed,UpdateMapperPre,3,8,0,0,
3328,replayed,UpdateMapperPre,3,9,0,0,
3329,replayed,UpdateMapperPre,3,10,0,0,
3330,replayed,UpdateMapperPre,3,11,0,0,
3331,replayed,UpdateMapperPre,3,12,0,0,
3332,replayed,UpdateMapperPre,3,13,0,0,
3333,replayed,UpdateMapperPre,3,14,0,0,
3334,replayed,UpdateMapperPre,3,15,0,0,
3335,replayed,UpdateMapperPre,3,16,0,0,
3336,replayed,UpdateMapperPre,3,17,0,0,
3337,replayed,UpdateMapperPre,3,18,0,0,
3338,replayed,UpdateMapperPre,3,19,0,0,
3339,replayed,UpdateMapperPre,3,20,0,0,
3340,replayed,UpdateMapperPre,3,21,0,0,
3341,replayed,UpdateMapperPre,3,22,0,0,
3342,replayed,UpdateMapperPre,3,23,0,0,
3343,replayed,UpdateMapperPre,3,24,0,0,
3344,replayed,UpdateMapperPre,3,25,0,0,
3345,replayed,UpdateMapperPre,3,26,0,0,
3346,replayed,UpdateMapperPre,3,27,0,0,
3347,replayed,UpdateMapperPre,3,28,0,0,
3348,replayed,UpdateMapperPre,3,29,0,0,
3349,replayed,UpdateMapperPre,3,30,0,0,
3350,replayed,UpdateMapperPre,3,31,0,0,
3351,replayed,UpdateMapperPre,3,32,0,0,
3352,replayed,UpdateMapperPre,3,33,0,0,
3353,replayed,UpdateMapperPre,3,34,0,0,
3354,replayed,UpdateMapperPre,3,35,0,0,
3355,replayed,UpdateMapperPre,3,36,0,0,
3356,replayed,UpdateMapperPre,3,37,0,0,
3357,replayed,UpdateMapperPre,3,38,0,0,
3358,replayed,UpdateMapperPre,3,39,0,0,
3359,replayed,UpdateMapperPre,3,40,0,0,
3360,replayed,UpdateMapperPre,3,41,0,0,
3361,replayed,UpdateMapperPre,3,42,0,0,
3362,replayed,UpdateMapperPre,3,43,0,0,
3363,replayed,UpdateMapperPre,3,44,0,0,
3364,replayed,UpdateMapperPre,3,45,0,0,
3365,replayed,UpdateMapperPre,3,46,0,0,
3366,replayed,UpdateMapperPre,3,47,0,0,
3367,replayed,UpdateMapperPre,3,48,0,0,
3368,replayed,UpdateMapperPre,3,49,0,0,
3369,replayed,UpdateMapperPre,3,50,0,0,
3370,replayed,UpdateMapperPre,3,51,0,0,
3371,replayed,UpdateMapperPre,3,52,0,0,
3372,replayed,UpdateMapperPre,3,53,0,0,
3373,replayed,UpdateMapperPre,3,54,0,0,
3374,replayed,UpdateMapperPre,3,55,0,0,
3375,replayed,UpdateMapperPre,3,56,0,0,
3376,replayed,UpdateMapperPre,3,57,0,0,
3377,replayed,UpdateMapperPre,3,58,0,0,
3378,replayed,UpdateMapperPre,3,59,0,0,
3379,replayed,UpdateMapperPre,3,60,0,0,
3380,replayed,UpdateMapperPre,3,61,0,0,
3381,replayed,UpdateMapperPre,3,62,0,0,
3382,replayed,UpdateMapperPre,3,63,0,0,
3383,replayed,UpdateMapperPre,3,64,0,0,
3384,replayed,UpdateMapperPre,4,1,0,1,
3385,replayed,UpdateMapperPost,4,1,513,641,
3386,replayed,UpdateMapperPre,5,1,0,1,
3387,replayed,UpdateMapperPost,5,1,641,769,
3388,replayed,UpdateMapperPre,6,1,0,1,
3389,replayed,UpdateMapperPost,6,1,769,1,
3390,replayed,UpdateMapperPre,4,2,0,1,
3391,replayed,UpdateMapperPost,4,1,514,641,
3392,replayed,UpdateMapperPre,5,2,0,1,
3393,replayed,UpdateMapperPost,5,1,642,770,
3394,replayed,UpdateMapperPre,6,2,0,2,
3395,replayed,UpdateMapperPost,6,2,770,2,
3396,replayed,UpdateMapperPre,4,3,0,1,
3397,replayed,UpdateMapperPost,4,1,515,642,
3398,replayed,UpdateMapperPre,5,3,0,2,
3399,replayed,UpdateMapperPost,5,2,643,771,
3400,replayed,UpdateMapperPre,6,3,0,3,
3401,replayed,UpdateMapperPost,6,3,771,3,
3402,replayed,UpdateMapperPre,4,4,0,1,
3403,replayed,UpdateMapperPost,4,1,516,642,
3404,replayed,UpdateMapperPre,5,4,0,2,
3405,replayed,UpdateMapperPost,5,2,644,772,
3406,replayed,UpdateMapperPre,6,4,0,4,
3407,replayed,UpdateMapperPost,6,4,772,4,
3408,replayed,UpdateMapperPre,4,5,0,1,
3409,replayed,UpdateMapperPost,4,1,517,643,
3410,replayed,UpdateMapperPre,5,5,0,3,
3411,replayed,UpdateMapperPost,5,3,645,773,
3412,replayed,UpdateMapperPre,6,5,0,5,
3413,replayed,UpdateMapperPost,6,5,773,5,
3414,replayed,UpdateMapperPre,4,6,0,1,
3415,replayed,UpdateMapperPost,4,1,518,643,
3416,replayed,UpdateMapperPre,5,6,0,3,
3417,replayed,UpdateMapperPost,5,3,646,774,
3418,replayed,UpdateMapperPre,6,6,0,6,
3419,replayed,UpdateMapperPost,6,6,774,6,
3420,replayed,UpdateMapperPre,4,7,0,1,
3421,replayed,UpdateMapperPost,4,1,519,644,
3422,replayed,UpdateMapperPre,5,7,0,4,
3423,replayed,UpdateMapperPost,5,4,647,775,
3424,replayed,UpdateMapperPre,6,7,0,7,
3425,replayed,UpdateMapperPost,6,7,775,7,
3426,replayed,UpdateMapperPre,4,8,0,1,
3427,replayed,UpdateMapperPost,4,1,520,644,
3428,replayed,UpdateMapperPre,5,8,0,4,
3429,replayed,UpdateMapperPost,5,4,648,776,
3430,replayed,UpdateMapperPre,6,8,0,8,
3431,replayed,UpdateMapperPost,6,8,776,8,
3432,replayed,UpdateMapperPre,4,9,0,1,
3433,replayed,UpdateMapperPost,4,1,521,645,
3434,replayed,UpdateMapperPre,5,9,0,5,
3435,replayed,UpdateMapperPost,5,5,649,777,
3436,replayed,UpdateMapperPre,6,9,0,9,
3437,replayed,UpdateMapperPost,6,9,777,9,
3438,replayed,UpdateMapperPre,4,10,0,1,
3439,replayed,UpdateMapperPost,4,1,522,645,
3440,replayed,UpdateMapperPre,5,10,0,5,
3441,replayed,UpdateMapperPost,5,5,650,778,
3442,replayed,UpdateMapperPre,6,10,0,10,
3443,replayed,UpdateMapperPost,6,10,778,10,
3444,replayed,UpdateMapperPre,4,11,0,1,
3445,replayed,UpdateMapperPost,4,1,523,646,
3446,replayed,UpdateMapperPre,5,11,0,6,
3447,replayed,UpdateMapperPost,5,6,651,779,
3448,replayed,UpdateMapperPre,6,11,0,11,
3449,replayed,UpdateMapperPost,6,11,779,11,
3450,replayed,UpdateMapperPre,4,12,0,1,
3451,replayed,UpdateMapperPost,4,1,524,646,
3452,replayed,UpdateMapperPre,5,12,0,6,
3453,replayed,UpdateMapperPost,5,6,652,780,
3454,replayed,UpdateMapperPre,6,12,0,12,
3455,replayed,UpdateMapperPost,6,12,780,12,
3456,replayed,UpdateMapperPre,4,13,0,1,
3457,replayed,UpdateMapperPost,4,1,525,647,
3458,replayed,UpdateMapperPre,5,13,0,7,
3459,replayed,UpdateMapperPost,5,7,653,781,
3460,replayed,UpdateMapperPre,6,13,0,13,
3461,replayed,UpdateMapperPost,6,13,781,13,
3462,replayed,UpdateMapperPre,4,14,0,1,
3463,replayed,UpdateMapperPost,4,1,526,647,
3464,replayed,UpdateMapperPre,5,14,0,7,
3465,replayed,UpdateMapperPost,5,7,654,782,
3466,replayed,UpdateMapperPre,6,14,0,14,
3467,replayed,UpdateMapperPost,6,14,782,14,
3468,replayed,UpdateMapperPre,4,15,0,1,
3469,replayed,UpdateMapperPost,4,1,527,648,
3470,replayed,UpdateMapperPre,5,15,0,8,
3471,replayed,UpdateMapperPost,5,8,655,783,
3472,replayed,UpdateMapperPre,6,15,0,15,
3473,replayed,UpdateMapperPost,6,15,783,15,
3474,replayed,UpdateMapperPre,4,16,0,1,
3475,replayed,UpdateMapperPost,4,1,528,648,
3476,replayed,UpdateMapperPre,5,16,0,8,
3477,replayed,UpdateMapperPost,5,8,656,784,
3478,replayed,UpdateMapperPre,6,16,0,16,
3479,replayed,UpdateMapperPost,6,16,784,16,
3480,replayed,UpdateMapperPre,4,17,0,1,
3481,replayed,UpdateMapperPost,4,1,529,649,
3482,replayed,UpdateMapperPre,5,17,0,9,
3483,replayed,UpdateMapperPost,5,9,657,785,
3484,replayed,UpdateMapperPre,6,17,0,17,
3485,replayed,UpdateMapperPost,6,17,785,17,
3486,replayed,UpdateMapperPre,4,18,0,1,
3487,replayed,UpdateMapperPost,4,1,530,649,
3488,replayed,UpdateMapperPre,5,18,0,9,
3489,replayed,UpdateMapperPost,5,9,658,786,
3490,replayed,UpdateMapperPre,6,18,0,18,
3491,replayed,UpdateMapperPost,6,18,786,18,
3492,replayed,UpdateMapperPre,4,19,0,1,
3493,replayed,UpdateMapperPost,4,1,531,650,
3494,replayed,UpdateMapperPre,5,19,0,10,
3495,replayed,UpdateMapperPost,5,10,659,787,
3496,replayed,UpdateMapperPre,6,19,0,19,
3497,replayed,UpdateMapperPost,6,19,787,19,
3498,replayed,UpdateMapperPre,4,20,0,1,
3499,replayed,UpdateMapperPost,4,1,532,650,
3500,replayed,UpdateMapperPre,5,20,0,10,
3501,replayed,UpdateMapperPost,5,10,660,788,
3502,replayed,UpdateMapperPre,6,20,0,20,
3503,replayed,UpdateMapperPost,6,20,788,20,
3504,replayed,UpdateMapperPre,4,21,0,1,
3505,replayed,UpdateMapperPost,4,1,533,651,
3506,replayed,UpdateMapperPre,5,21,0,11,
3507,replayed,UpdateMapperPost,5,11,661,789,
3508,replayed,UpdateMapperPre,6,21,0,21,
3509,replayed,UpdateMapperPost,6,21,789,21,
3510,replayed,UpdateMapperPre,4,22,0,1,
3511,replayed,UpdateMapperPost,4,1,534,651,
3512,replayed,UpdateMapperPre,5,22,0,11,
3513,replayed,UpdateMapperPost,5,11,662,790,
3514,replayed,UpdateMapperPre,6,22,0,22,
3515,replayed,UpdateMapperPost,6,22,790,22,
3516,replayed,UpdateMapperPre,4,23,0,1,
3517,replayed,UpdateMapperPost,4,1,535,652,
3518,replayed,UpdateMapperPre,5,23,0,12,
3519,replayed,UpdateMapperPost,5,12,663,791,
3520,replayed,UpdateMapperPre,6,23,0,23,
3521,replayed,UpdateMapperPost,6,23,791,23,
3522,replayed,UpdateMapperPre,4,24,0,1,
3523,replayed,UpdateMapperPost,4,1,536,652,
3524,replayed,UpdateMapperPre,5,24,0,12,
3525,replayed,UpdateMapperPost,5,12,664,792,
3526,replayed,UpdateMapperPre,6,24,0,24,
3527,replayed,UpdateMapperPost,6,24,792,24,
3528,replayed,UpdateMapperPre,4,25,0,1,
3529,replayed,UpdateMapperPost,4,1,537,653,
3530,replayed,UpdateMapperPre,5,25,0,13,
3531,replayed,UpdateMapperPost,5,13,665,793,
3532,replayed,UpdateMapperPre,6,25,0,25,
3533,replayed,UpdateMapperPost,6,25,793,25,
3534,replayed,UpdateMapperPre,4,26,0,1,
3535,replayed,UpdateMapperPost,4,1,538,653,
3536,replayed,UpdateMapperPre,5,26,0,13,
3537,replayed,UpdateMapperPost,5,13,666,794,
3538,replayed,UpdateMapperPre,6,26,0,26,
3539,replayed,UpdateMapperPost,6,26,794,26,
3540,replayed,UpdateMapperPre,4,27,0,1,
3541,replayed,UpdateMapperPost,4,1,539,654,
3542,replayed,UpdateMapperPre,5,27,0,14,
3543,replayed,UpdateMapperPost,5,14,667,795,
3544,replayed,UpdateMapperPre,6,27,0,27,
3545,replayed,UpdateMapperPost,6,27,795,27,
3546,replayed,UpdateMapperPre,4,28,0,1,
3547,replayed,UpdateMapperPost,4,1,540,654,
3548,replayed,UpdateMapperPre,5,28,0,14,
3549,replayed,UpdateMapperPost,5,14,668,796,
3550,replayed,UpdateMapperPre,6,28,0,28,
3551,replayed,UpdateMapperPost,6,28,796,28,
3552,replayed,UpdateMapperPre,4,29,0,1,
3553,replayed,UpdateMapperPost,4,1,541,655,
3554,replayed,UpdateMapperPre,5,29,0,15,
3555,replayed,UpdateMapperPost,5,15,669,797,
3556,replayed,UpdateMapperPre,6,29,0,29,
3557,replayed,UpdateMapperPost,6,29,797,29,
3558,replayed,UpdateMapperPre,4,30,0,1,
3559,replayed,UpdateMapperPost,4,1,542,655,
3560,replayed,UpdateMapperPre,5,30,0,15,
3561,replayed,UpdateMapperPost,5,15,670,798,
3562,replayed,UpdateMapperPre,6,30,0,30,
3563,replayed,UpdateMapperPost,6,30,798,30,
3564,replayed,UpdateMapperPre,4,31,0,1,
3565,replayed,UpdateMapperPost,4,1,543,656,
3566,replayed,UpdateMapperPre,5,31,0,16,
3567,replayed,UpdateMapperPost,5,16,671,799,
3568,replayed,UpdateMapperPre,6,31,0,31,
3569,replayed,UpdateMapperPost,6,31,799,31,
3570,replayed,UpdateMapperPre,4,32,0,1,
3571,replayed,UpdateMapperPost,4,1,544,656,
3572,replayed,UpdateMapperPre,5,32,0,16,
3573,replayed,UpdateMapperPost,5,16,672,800,
3574,replayed,UpdateMapperPre,6,32,0,32,
3575,replayed,UpdateMapperPost,6,32,800,32,
3576,replayed,UpdateMapperPre,4,33,0,1,
3577,replayed,UpdateMapperPost,4,1,545,657,
3578,replayed,UpdateMapperPre,5,33,0,17,
3579,replayed,UpdateMapperPost,5,17,673,801,
3580,replayed,UpdateMapperPre,6,33,0,33,
3581,replayed,UpdateMapperPost,6,33,801,33,
3582,replayed,UpdateMapperPre,4,34,0,1,
3583,replayed,UpdateMapperPost,4,1,546,657,
3584,replayed,UpdateMapperPre,5,34,0,17,
3585,replayed,UpdateMapperPost,5,17,674,802,
3586,replayed,UpdateMapperPre,6,34,0,34,
3587,replayed,UpdateMapperPost,6,34,802,34,
3588,replayed,UpdateMapperPre,4,35,0,1,
3589,replayed,UpdateMapperPost,4,1,547,658,
3590,replayed,UpdateMapperPre,5,35,0,18,
3591,replayed,UpdateMapperPost,5,18,675,803,
3592,replayed,UpdateMapperPre,6,35,0,35,
3593,replayed,UpdateMapperPost,6,35,803,35,
3594,replayed,UpdateMapperPre,4,36,0,1,
3595,replayed,UpdateMapperPost,4,1,548,658,
3596,replayed,UpdateMapperPre,5,36,0,18,
3597,replayed,UpdateMapperPost,5,18,676,804,
3598,replayed,UpdateMapperPre,6,36,0,36,
3599,replayed,UpdateMapperPost,6,36,804,36,
3600,replayed,UpdateMapperPre,4,37,0,1,
3601,replayed,UpdateMapperPost,4,1,549,659,
3602,replayed,UpdateMapperPre,5,37,0,19,
3603,replayed,UpdateMapperPost,5,19,677,805,
3604,replayed,UpdateMapperPre,6,37,0,37,
3605,replayed,UpdateMapperPost,6,37,805,37,
3606,replayed,UpdateMapperPre,4,38,0,1,
3607,replayed,UpdateMapperPost,4,1,550,659,
3608,replayed,UpdateMapperPre,5,38,0,19,
3609,replayed,UpdateMapperPost,5,19,678,806,
3610,replayed,UpdateMapperPre,6,38,0,38,
3611,replayed,UpdateMapperPost,6,38,806,38,
3612,replayed,UpdateMapperPre,4,39,0,1,
3613,replayed,UpdateMapperPost,4,1,551,660,
3614,replayed,UpdateMapperPre,5,39,0,20,
3615,replayed,UpdateMapperPost,5,20,679,807,
3616,replayed,UpdateMapperPre,6,39,0,39,
3617,replayed,UpdateMapperPost,6,39,807,39,
3618,replayed,UpdateMapperPre,4,40,0,1,
3619,replayed,UpdateMapperPost,4,1,552,660,
3620,replayed,UpdateMapperPre,5,40,0,20,
3621,replayed,UpdateMapperPost,5,20,680,808,
3622,replayed,UpdateMapperPre,6,40,0,40,
3623,replayed,UpdateMapperPost,6,40,808,40,
3624,replayed,UpdateMapperPre,4,41,0,1,
3625,replayed,UpdateMapperPost,4,1,553,661,
3626,replayed,UpdateMapperPre,5,41,0,21,
3627,replayed,UpdateMapperPost,5,21,681,809,
3628,replayed,UpdateMapperPre,6,41,0,41,
3629,replayed,UpdateMapperPost,6,41,809,41,
3630,replayed,UpdateMapperPre,4,42,0,1,
3631,replayed,UpdateMapperPost,4,1,554,661,
3632,replayed,UpdateMapperPre,5,42,0,21,
3633,replayed,UpdateMapperPost,5,21,682,810,
3634,replayed,UpdateMapperPre,6,42,0,42,
3635,replayed,UpdateMapperPost,6,42,810,42,
3636,replayed,UpdateMapperPre,4,43,0,1,
3637,replayed,UpdateMapperPost,4,1,555,662,
3638,replayed,UpdateMapperPre,5,43,0,22,
3639,replayed,UpdateMapperPost,5,22,683,811,
3640,replayed,UpdateMapperPre,6,43,0,43,
3641,replayed,UpdateMapperPost,6,43,811,43,
3642,replayed,UpdateMapperPre,4,44,0,1,
3643,replayed,UpdateMapperPost,4,1,556,662,
3644,replayed,UpdateMapperPre,5,44,0,22,
3645,replayed,UpdateMapperPost,5,22,684,812,
3646,replayed,UpdateMapperPre,6,44,0,44,
3647,replayed,UpdateMapperPost,6,44,812,44,
3648,replayed,UpdateMapperPre,4,45,0,1,
3649,replayed,UpdateMapperPost,4,1,557,663,
3650,replayed,UpdateMapperPre,5,45,0,23,
3651,replayed,UpdateMapperPost,5,23,685,813,
3652,replayed,UpdateMapperPre,6,45,0,45,
3653,replayed,UpdateMapperPost,6,45,813,45,
3654,replayed,UpdateMapperPre,4,46,0,1,
3655,replayed,UpdateMapperPost,4,1,558,663,
3656,replayed,UpdateMapperPre,5,46,0,23,
3657,replayed,UpdateMapperPost,5,23,686,814,
3658,replayed,UpdateMapperPre,6,46,0,46,
3659,replayed,UpdateMapperPost,6,46,814,46,
3660,replayed,UpdateMapperPre,4,47,0,1,
3661,replayed,UpdateMapperPost,4,1,559,664,
3662,replayed,UpdateMapperPre,5,47,0,24,
3663,replayed,UpdateMapperPost,5,24,687,815,
3664,replayed,UpdateMapperPre,6,47,0,47,
3665,replayed,UpdateMapperPost,6,47,815,47,
3666,replayed,UpdateMapperPre,4,48,0,1,
3667,replayed,UpdateMapperPost,4,1,560,664,
3668,replayed,UpdateMapperPre,5,48,0,24,
3669,replayed,UpdateMapperPost,5,24,688,816,
3670,replayed,UpdateMapperPre,6,48,0,48,
3671,replayed,UpdateMapperPost,6,48,816,48,
3672,replayed,UpdateMapperPre,4,49,0,1,
3673,replayed,UpdateMapperPost,4,1,561,665,
3674,replayed,UpdateMapperPre,5,49,0,25,
3675,replayed,UpdateMapperPost,5,25,689,817,
3676,replayed,UpdateMapperPre,6,49,0,49,
3677,replayed,UpdateMapperPost,6,49,817,49,
3678,replayed,UpdateMapperPre,4,50,0,1,
3679,replayed,UpdateMapperPost,4,1,562,665,
3680,replayed,UpdateMapperPre,5,50,0,25,
3681,replayed,UpdateMapperPost,5,25,690,818,
3682,replayed,UpdateMapperPre,6,50,0,50,
3683,replayed,UpdateMapperPost,6,50,818,50,
3684,replayed,UpdateMapperPre,4,51,0,1,
3685,replayed,UpdateMapperPost,4,1,563,666,
3686,replayed,UpdateMapperPre,5,51,0,26,
3687,replayed,UpdateMapperPost,5,26,691,819,
3688,replayed,UpdateMapperPre,6,51,0,51,
3689,replayed,UpdateMapperPost,6,51,819,51,
3690,replayed,UpdateMapperPre,4,52,0,1,
3691,replayed,UpdateMapperPost,4,1,564,666,
3692,replayed,UpdateMapperPre,5,52,0,26,
3693,replayed,UpdateMapperPost,5,26,692,820,
3694,replayed,UpdateMapperPre,6,52,0,52,
3695,replayed,UpdateMapperPost,6,52,820,52,
3696,replayed,UpdateMapperPre,4,53,0,1,
3697,replayed,UpdateMapperPost,4,1,565,667,
3698,replayed,UpdateMapperPre,5,53,0,27,
3699,replayed,UpdateMapperPost,5,27,693,821,
3700,replayed,UpdateMapperPre,6,53,0,53,
3701,replayed,UpdateMapperPost,6,53,821,53,
3702,replayed,UpdateMapperPre,4,54,0,1,
3703,replayed,UpdateMapperPost,4,1,566,667,
3704,replayed,UpdateMapperPre,5,54,0,27,
3705,replayed,UpdateMapperPost,5,27,694,822,
3706,replayed,UpdateMapperPre,6,54,0,54,
3707,replayed,UpdateMapperPost,6,54,822,54,
3708,replayed,UpdateMapperPre,4,55,0,1,
3709,replayed,UpdateMapperPost,4,1,567,668,
3710,replayed,UpdateMapperPre,5,55,0,28,
3711,replayed,UpdateMapperPost,5,28,695,823,
3712,replayed,UpdateMapperPre,6,55,0,55,
3713,replayed,UpdateMapperPost,6,55,823,55,
3714,replayed,UpdateMapperPre,4,56,0,1,
3715,replayed,UpdateMapperPost,4,1,568,668,
3716,replayed,UpdateMapperPre,5,56,0,28,
3717,replayed,UpdateMapperPost,5,28,696,824,
3718,replayed,UpdateMapperPre,6,56,0,56,
3719,replayed,UpdateMapperPost,6,56,824,56,
3720,replayed,UpdateMapperPre,4,57,0,1,
3721,replayed,UpdateMapperPost,4,1,569,669,
3722,replayed,UpdateMapperPre,5,57,0,29,
3723,replayed,UpdateMapperPost,5,29,697,825,
3724,replayed,UpdateMapperPre,6,57,0,57,
3725,replayed,UpdateMapperPost,6,57,825,57,
3726,replayed,UpdateMapperPre,4,58,0,1,
3727,replayed,UpdateMapperPost,4,1,570,669,
3728,replayed,UpdateMapperPre,5,58,0,29,
3729,replayed,UpdateMapperPost,5,29,698,826,
3730,replayed,UpdateMapperPre,6,58,0,58,
3731,replayed,UpdateMapperPost,6,58,826,58,
3732,replayed,UpdateMapperPre,4,59,0,1,
3733,replayed,UpdateMapperPost,4,1,571,670,
3734,replayed,UpdateMapperPre,5,59,0,30,
3735,replayed,UpdateMapperPost,5,30,699,827,
3736,replayed,UpdateMapperPre,6,59,0,59,
3737,replayed,UpdateMapperPost,6,59,827,59,
3738,replayed,UpdateMapperPre,4,60,0,1,
3739,replayed,UpdateMapperPost,4,1,572,670,
3740,replayed,UpdateMapperPre,5,60,0,30,
3741,replayed,UpdateMapperPost,5,30,700,828,
3742,replayed,UpdateMapperPre,6,60,0,60,
3743,replayed,UpdateMapperPost,6,60,828,60,
3744,replayed,UpdateMapperPre,4,61,0,1,
3745,replayed,UpdateMapperPost,4,1,573,671,
3746,replayed,UpdateMapperPre,5,61,0,31,
3747,replayed,UpdateMapperPost,5,31,701,829,
3748,replayed,UpdateMapperPre,6,61,0,61,
3749,replayed,UpdateMapperPost,6,61,829,61,
3750,replayed,UpdateMapperPre,4,62,0,1,
3751,replayed,UpdateMapperPost,4,1,574,671,
3752,replayed,UpdateMapperPre,5,62,0,31,
3753,replayed,UpdateMapperPost,5,31,702,830,
3754,replayed,UpdateMapperPre,6,62,0,62,
3755,replayed,UpdateMapperPost,6,62,830,62,
3756,replayed,UpdateMapperPre,4,63,0,1,
3757,replayed,UpdateMapperPost,4,1,575,672,
3758,replayed,UpdateMapperPre,5,63,0,32,
3759,replayed,UpdateMapperPost,5,32,703,831,
3760,replayed,UpdateMapperPre,6,63,0,63,
3761,replayed,UpdateMapperPost,6,63,831,63,
3762,replayed,UpdateMapperPre,4,64,0,1,
3763,replayed,UpdateMapperPost,4,1,576,672,
3764,replayed,UpdateMapperPre,5,64,0,32,
3765,replayed,UpdateMapperPost,5,32,704,832,
3766,replayed,UpdateMapperPre,6,64,0,64,
3767,replayed,UpdateMapperPost,6,64,832,64,
3768,replayed,UpdateMapperPre,7,1,0,1,
3769,replayed,UpdateMapperPost,7,1,897,513,
3770,replayed,UpdateMapperPre,7,2,0,1,
3771,replayed,UpdateMapperPost,7,1,898,513,
3772,replayed,UpdateMapperPre,7,3,0,1,
3773,replayed,UpdateMapperPost,7,1,899,513,
3774,replayed,UpdateMapperPre,7,4,0,1,
3775,replayed,UpdateMapperPost,7,1,900,513,
3776,replayed,UpdateMapperPre,7,5,0,1,
3777,replayed,UpdateMapperPost,7,1,901,513,
3778,replayed,UpdateMapperPre,7,6,0,1,
3779,replayed,UpdateMapperPost,7,1,902,513,
3780,replayed,UpdateMapperPre,7,7,0,1,
3781,replayed,UpdateMapperPost,7,1,903,513,
3782,replayed,UpdateMapperPre,7,8,0,1,
3783,replayed,UpdateMapperPost,7,1,904,513,
3784,replayed,UpdateMapperPre,7,9,0,1,
3785,replayed,UpdateMapperPost,7,1,905,513,
3786,replayed,UpdateMapperPre,7,10,0,1,
3787,replayed,UpdateMapperPost,7,1,906,513,
3788,replayed,UpdateMapperPre,7,11,0,1,
3789,replayed,UpdateMapperPost,7,1,907,513,
3790,replayed,UpdateMapperPre,7,12,0,1,
3791,replayed,UpdateMapperPost,7,1,908,513,
3792,replayed,UpdateMapperPre,7,13,0,1,
3793,replayed,UpdateMapperPost,7,1,909,513,
3794,replayed,UpdateMapperPre,7,14,0,1,
3795,replayed,UpdateMapperPost,7,1,910,513,
3796,replayed,UpdateMapperPre,7,15,0,1,
3797,replayed,UpdateMapperPost,7,1,911,513,
3798,replayed,UpdateMapperPre,7,16,0,1,
3799,replayed,UpdateMapperPost,7,1,912,513,
3800,replayed,UpdateMapperPre,7,17,0,1,
3801,replayed,UpdateMapperPost,7,1,913,513,
3802,replayed,UpdateMapperPre,7,18,0,1,
3803,replayed,UpdateMapperPost,7,1,914,513,
3804,replayed,UpdateMapperPre,7,19,0,1,
3805,replayed,UpdateMapperPost,7,1,915,513,
3806,replayed,UpdateMapperPre,7,20,0,1,
3807,replayed,UpdateMapperPost,7,1,916,513,
3808,replayed,UpdateMapperPre,7,21,0,1,
3809,replayed,UpdateMapperPost,7,1,917,513,
3810,replayed,UpdateMapperPre,7,22,0,1,
3811,replayed,UpdateMapperPost,7,1,918,513,
3812,replayed,UpdateMapperPre,7,23,0,1,
3813,replayed,UpdateMapperPost,7,1,919,513,
3814,replayed,UpdateMapperPre,7,24,0,1,
3815,replayed,UpdateMapperPost,7,1,920,513,
3816,replayed,UpdateMapperPre,7,25,0,1,
3817,replayed,UpdateMapperPost,7,1,921,513,
3818,replayed,UpdateMapperPre,7,26,0,1,
3819,replayed,UpdateMapperPost,7,1,922,513,
3820,replayed,UpdateMapperPre,7,27,0,1,
3821,replayed,UpdateMapperPost,7,1,923,513,
3822,replayed,UpdateMapperPre,7,28,0,1,
3823,replayed,UpdateMapperPost,7,1,924,513,
3824,replayed,UpdateMapperPre,7,29,0,1,
3825,replayed,UpdateMapperPost,7,1,925,513,
3826,replayed,UpdateMapperPre,7,30,0,1,
3827,replayed,UpdateMapperPost,7,1,926,513,
3828,replayed,UpdateMapperPre,7,31,0,1,
3829,replayed,UpdateMapperPost,7,1,927,513,
3830,replayed,UpdateMapperPre,7,32,0,1,
3831,replayed,UpdateMapperPost,7,1,928,513,
3832,replayed,UpdateMapperPre,7,33,0,1,
3833,replayed,UpdateMapperPost,7,1,929,513,
3834,replayed,UpdateMapperPre,7,34,0,1,
3835,replayed,UpdateMapperPost,7,1,930,513,
3836,replayed,UpdateMapperPre,7,35,0,1,
3837,replayed,UpdateMapperPost,7,1,931,513,
3838,replayed,UpdateMapperPre,7,36,0,1,
3839,replayed,UpdateMapperPost,7,1,932,513,
3840,replayed,UpdateMapperPre,7,37,0,1,
3841,replayed,UpdateMapperPost,7,1,933,513,
3842,replayed,UpdateMapperPre,7,38,0,1,
3843,replayed,UpdateMapperPost,7,1,934,513,
3844,replayed,UpdateMapperPre,7,39,0,1,
3845,replayed,UpdateMapperPost,7,1,935,513,
3846,replayed,UpdateMapperPre,7,40,0,1,
3847,replayed,UpdateMapperPost,7,1,936,513,
3848,replayed,UpdateMapperPre,7,41,0,1,
3849,replayed,UpdateMapperPost,7,1,937,513,
3850,replayed,UpdateMapperPre,7,42,0,1,
3851,replayed,UpdateMapperPost,7,1,938,513,
3852,replayed,UpdateMapperPre,7,43,0,1,
3853,replayed,UpdateMapperPost,7,1,939,513,
3854,replayed,UpdateMapperPre,7,44,0,1,
3855,replayed,UpdateMapperPost,7,1,940,513,
3856,replayed,UpdateMapperPre,7,45,0,1,
3857,replayed,UpdateMapperPost,7,1,941,513,
3858,replayed,UpdateMapperPre,7,46,0,1,
3859,replayed,UpdateMapperPost,7,1,942,513,
3860,replayed,UpdateMapperPre,7,47,0,1,
3861,replayed,UpdateMapperPost,7,1,943,513,
3862,replayed,UpdateMapperPre,7,48,0,1,
3863,replayed,UpdateMapperPost,7,1,944,513,
3864,replayed,UpdateMapperPre,7,49,0,1,
3865,replayed,UpdateMapperPost,7,1,945,513,
3866,replayed,UpdateMapperPre,7,50,0,1,
3867,replayed,UpdateMapperPost,7,1,946,513,
3868,replayed,UpdateMapperPre,7,51,0,1,
3869,replayed,UpdateMapperPost,7,1,947,513,
3870,replayed,UpdateMapperPre,7,52,0,1,
3871,replayed,UpdateMapperPost,7,1,948,513,
3872,replayed,UpdateMapperPre,7,53,0,1,
3873,replayed,UpdateMapperPost,7,1,949,513,
3874,replayed,UpdateMapperPre,7,54,0,1,
3875,replayed,UpdateMapperPost,7,1,950,513,
3876,replayed,UpdateMapperPre,7,55,0,1,
3877,replayed,UpdateMapperPost,7,1,951,513,
3878,replayed,UpdateMapperPre,7,56,0,1,
3879,replayed,UpdateMapperPost,7,1,952,513,
3880,replayed,UpdateMapperPre,7,57,0,1,
3881,replayed,UpdateMapperPost,7,1,953,513,
3882,replayed,UpdateMapperPre,7,58,0,1,
3883,replayed,UpdateMapperPost,7,1,954,513,
3884,replayed,UpdateMapperPre,7,59,0,1,
3885,replayed,UpdateMapperPost,7,1,955,513,
3886,replayed,UpdateMapperPre,7,60,0,1,
3887,replayed,UpdateMapperPost,7,1,956,513,
3888,replayed,UpdateMapperPre,7,61,0,1,
3889,replayed,UpdateMapperPost,7,1,957,513,
3890,replayed,UpdateMapperPre,7,62,0,1,
3891,replayed,UpdateMapperPost,7,1,958,513,
3892,replayed,UpdateMapperPre,7,63,0,1,
3893,replayed,UpdateMapperPost,7,1,959,513,
3894,replayed,UpdateMapperPre,7,64,0,1,
3895,replayed,UpdateMapperPost,7,1,960,513,
3896,replayed,UpdateMapperPost,7,1,1023,129,
3900,accepted,GuardDrain,1,1,0,0,
3901,accepted,GuardDrain,2,1,0,0,
3902,accepted,GuardDrain,2,2,0,0,
3902,dispatched,GuardDrain,1,1,0,0,
3903,accepted,GuardDrain,2,3,0,0,
3903,dispatched,GuardDrain,2,1,0,0,
3904,accepted,GuardDrain,2,4,0,0,
3904,dispatched,GuardDrain,2,2,0,0,
3905,accepted,GuardDrain,2,5,0,0,
3905,dispatched,GuardDrain,2,3,0,0,
3906,accepted,GuardDrain,2,6,0,0,
3906,dispatched,GuardDrain,2,4,0,0,
3907,accepted,GuardDrain,2,7,0,0,
3907,dispatched,GuardDrain,2,5,0,0,
3908,accepted,GuardDrain,2,8,0,0,
3908,dispatched,GuardDrain,2,6,0,0,
3909,accepted,GuardDrain,2,9,0,0,
3909,dispatched,GuardDrain,2,7,0,0,
3910,accepted,GuardDrain,2,10,0,0,
3910,dispatched,GuardDrain,2,8,0,0,
3911,accepted,GuardDrain,2,11,0,0,
3911,dispatched,GuardDrain,2,9,0,0,
3912,accepted,GuardDrain,2,12,0,0,
3912,dispatched,GuardDrain,2,10,0,0,
3913,accepted,GuardDrain,2,13,0,0,
3913,dispatched,GuardDrain,2,11,0,0,
3914,accepted,GuardDrain,2,14,0,0,
3914,dispatched,GuardDrain,2,12,0,0,
3915,accepted,GuardDrain,2,15,0,0,
3915,dispatched,GuardDrain,2,13,0,0,
3916,accepted,GuardDrain,2,16,0,0,
3916,dispatched,GuardDrain,2,14,0,0,
3917,accepted,GuardDrain,2,17,0,0,
3917,dispatched,GuardDrain,2,15,0,0,
3918,accepted,GuardDrain,2,18,0,0,
3918,dispatched,GuardDrain,2,16,0,0,
3919,accepted,GuardDrain,2,19,0,0,
3919,dispatched,GuardDrain,2,17,0,0,
3920,accepted,GuardDrain,2,20,0,0,
3920,dispatched,GuardDrain,2,18,0,0,
3921,accepted,GuardDrain,2,21,0,0,
3921,dispatched,GuardDrain,2,19,0,0,
3922,accepted,GuardDrain,2,22,0,0,
3922,dispatched,GuardDrain,2,20,0,0,
3923,accepted,GuardDrain,2,23,0,0,
3923,dispatched,GuardDrain,2,21,0,0,
3924,accepted,GuardDrain,2,24,0,0,
3924,dispatched,GuardDrain,2,22,0,0,
3925,accepted,GuardDrain,2,25,0,0,
3925,dispatched,GuardDrain,2,23,0,0,
3926,accepted,GuardDrain,2,26,0,0,
3926,dispatched,GuardDrain,2,24,0,0,
3927,accepted,GuardDrain,2,27,0,0,
3927,dispatched,GuardDrain,2,25,0,0,
3928,accepted,GuardDrain,2,28,0,0,
3928,dispatched,GuardDrain,2,26,0,0,
3929,accepted,GuardDrain,2,29,0,0,
3929,dispatched,GuardDrain,2,27,0,0,
3930,accepted,GuardDrain,2,30,0,0,
3930,dispatched,GuardDrain,2,28,0,0,
3931,accepted,GuardDrain,2,31,0,0,
3931,dispatched,GuardDrain,2,29,0,0,
3932,accepted,GuardDrain,2,32,0,0,
3932,dispatched,GuardDrain,2,30,0,0,
3933,accepted,GuardDrain,3,1,0,0,
3933,dispatched,GuardDrain,2,31,0,0,
3934,accepted,GuardDrain,3,2,0,0,
3934,dispatched,GuardDrain,2,32,0,0,
3935,accepted,GuardDrain,3,3,0,0,
3935,dispatched,GuardDrain,3,1,0,0,
3936,accepted,GuardDrain,3,4,0,0,
3936,dispatched,GuardDrain,3,2,0,0,
3937,accepted,GuardDrain,3,5,0,0,
3937,dispatched,GuardDrain,3,3,0,0,
3938,accepted,GuardDrain,3,6,0,0,
3938,dispatched,GuardDrain,3,4,0,0,
3939,accepted,GuardDrain,3,7,0,0,
3939,dispatched,GuardDrain,3,5,0,0,
3940,accepted,GuardDrain,3,8,0,0,
3940,dispatched,GuardDrain,3,6,0,0,
3941,accepted,GuardDrain,3,9,0,0,
3941,dispatched,GuardDrain,3,7,0,0,
3942,accepted,GuardDrain,3,10,0,0,
3942,dispatched,GuardDrain,3,8,0,0,
3943,accepted,GuardDrain,3,11,0,0,
3943,dispatched,GuardDrain,3,9,0,0,
3944,accepted,GuardDrain,3,12,0,0,
3944,dispatched,GuardDrain,3,10,0,0,
3945,accepted,GuardDrain,3,13,0,0,
3945,dispatched,GuardDrain,3,11,0,0,
3946,accepted,GuardDrain,3,14,0,0,
3946,dispatched,GuardDrain,3,12,0,0,
3947,accepted,GuardDrain,3,15,0,0,
3947,dispatched,GuardDrain,3,13,0,0,
3948,accepted,GuardDrain,3,16,0,0,
3948,dispatched,GuardDrain,3,14,0,0,
3949,accepted,GuardDrain,3,17,0,0,
3949,dispatched,GuardDrain,3,15,0,0,
3950,accepted,GuardDrain,3,18,0,0,
3950,dispatched,GuardDrain,3,16,0,0,
3951,accepted,GuardDrain,3,19,0,0,
3951,dispatched,GuardDrain,3,17,0,0,
3952,accepted,GuardDrain,3,20,0,0,
3952,dispatched,GuardDrain,3,18,0,0,
3953,accepted,GuardDrain,3,21,0,0,
3953,dispatched,GuardDrain,3,19,0,0,
3954,accepted,GuardDrain,3,22,0,0,
3954,dispatched,GuardDrain,3,20,0,0,
3955,accepted,GuardDrain,3,23,0,0,
3955,dispatched,GuardDrain,3,21,0,0,
3956,accepted,GuardDrain,3,24,0,0,
3956,dispatched,GuardDrain,3,22,0,0,
3957,accepted,GuardDrain,3,25,0,0,
3957,dispatched,GuardDrain,3,23,0,0,
3958,accepted,GuardDrain,3,26,0,0,
3958,dispatched,GuardDrain,3,24,0,0,
3959,accepted,GuardDrain,3,27,0,0,
3959,dispatched,GuardDrain,3,25,0,0,
3960,accepted,GuardDrain,3,28,0,0,
3960,dispatched,GuardDrain,3,26,0,0,
3961,accepted,GuardDrain,3,29,0,0,
3961,dispatched,GuardDrain,3,27,0,0,
3962,accepted,GuardDrain,3,30,0,0,
3962,dispatched,GuardDrain,3,28,0,0,
3963,accepted,GuardDrain,3,31,0,0,
3963,dispatched,GuardDrain,3,29,0,0,
3964,accepted,GuardDrain,3,32,0,0,
3964,dispatched,GuardDrain,3,30,0,0,
3965,accepted,GuardDrain,3,33,0,0,
3965,dispatched,GuardDrain,3,31,0,0,
3966,accepted,GuardDrain,3,34,0,0,
3966,dispatched,GuardDrain,3,32,0,0,
3967,accepted,GuardDrain,3,35,0,0,
3967,dispatched,GuardDrain,3,33,0,0,
3968,accepted,GuardDrain,3,36,0,0,
3968,dispatched,GuardDrain,3,34,0,0,
3969,accepted,GuardDrain,3,37,0,0,
3969,dispatched,GuardDrain,3,35,0,0,
3970,accepted,GuardDrain,3,38,0,0,
3970,dispatched,GuardDrain,3,36,0,0,
3971,accepted,GuardDrain,3,39,0,0,
3971,dispatched,GuardDrain,3,37,0,0,
3972,accepted,GuardDrain,3,40,0,0,
3972,dispatched,GuardDrain,3,38,0,0,
3973,accepted,GuardDrain,3,41,0,0,
3973,dispatched,GuardDrain,3,39,0,0,
3974,accepted,GuardDrain,3,42,0,0,
3974,dispatched,GuardDrain,3,40,0,0,
3975,accepted,GuardDrain,3,43,0,0,
3975,dispatched,GuardDrain,3,41,0,0,
3976,accepted,GuardDrain,3,44,0,0,
3976,dispatched,GuardDrain,3,42,0,0,
3977,accepted,GuardDrain,3,45,0,0,
3977,dispatched,GuardDrain,3,43,0,0,
3978,accepted,GuardDrain,3,46,0,0,
3978,dispatched,GuardDrain,3,44,0,0,
3979,accepted,GuardDrain,3,47,0,0,
3979,dispatched,GuardDrain,3,45,0,0,
3980,accepted,GuardDrain,3,48,0,0,
3980,dispatched,GuardDrain,3,46,0,0,
3981,accepted,GuardDrain,3,49,0,0,
3981,dispatched,GuardDrain,3,47,0,0,
3982,accepted,GuardDrain,3,50,0,0,
3982,dispatched,GuardDrain,3,48,0,0,
3983,accepted,GuardDrain,3,51,0,0,
3983,dispatched,GuardDrain,3,49,0,0,
3984,accepted,GuardDrain,3,52,0,0,
3984,dispatched,GuardDrain,3,50,0,0,
3985,accepted,GuardDrain,3,53,0,0,
3985,dispatched,GuardDrain,3,51,0,0,
3986,accepted,GuardDrain,3,54,0,0,
3986,dispatched,GuardDrain,3,52,0,0,
3987,accepted,GuardDrain,3,55,0,0,
3987,dispatched,GuardDrain,3,53,0,0,
3988,accepted,GuardDrain,3,56,0,0,
3988,dispatched,GuardDrain,3,54,0,0,
3989,accepted,GuardDrain,3,57,0,0,
3989,dispatched,GuardDrain,3,55,0,0,
3990,accepted,GuardDrain,3,58,0,0,
3990,dispatched,GuardDrain,3,56,0,0,
3991,accepted,GuardDrain,3,59,0,0,
3991,dispatched,GuardDrain,3,57,0,0,
3992,accepted,GuardDrain,3,60,0,0,
3992,dispatched,GuardDrain,3,58,0,0,
3993,accepted,GuardDrain,3,61,0,0,
3993,dispatched,GuardDrain,3,59,0,0,
3994,accepted,GuardDrain,3,62,0,0,
3994,dispatched,GuardDrain,3,60,0,0,
3995,accepted,GuardDrain,3,63,0,0,
3995,dispatched,GuardDrain,3,61,0,0,
3996,accepted,GuardDrain,3,64,0,0,
3996,dispatched,GuardDrain,3,62,0,0,
3997,accepted,UpdateBrainEngine,1,1,0,0,
3997,dispatched,GuardDrain,3,63,0,0,
3998,accepted,UpdateBrainState,1,1,0,0,
3998,dispatched,GuardDrain,3,64,0,0,
3999,accepted,UpdateBrainEngine,2,1,0,0,
3999,dispatched,UpdateBrainEngine,1,1,0,0,
4000,accepted,UpdateBrainState,2,1,0,0,
4000,dispatched,UpdateBrainState,1,1,0,0,
4001,accepted,UpdateBrainEngine,2,2,0,0,
4001,dispatched,UpdateBrainEngine,2,1,0,0,
4002,accepted,UpdateBrainState,2,2,0,0,
4002,dispatched,UpdateBrainState,2,1,0,0,
4003,accepted,UpdateBrainEngine,2,3,0,0,
4003,dispatched,UpdateBrainEngine,2,2,0,0,
4004,accepted,UpdateBrainState,2,3,0,0,
4004,dispatched,UpdateBrainState,2,2,0,0,
4005,accepted,UpdateBrainEngine,2,4,0,0,
4005,dispatched,UpdateBrainEngine,2,3,0,0,
4006,accepted,UpdateBrainState,2,4,0,0,
4006,dispatched,UpdateBrainState,2,3,0,0,
4007,accepted,UpdateBrainEngine,2,5,0,0,
4007,dispatched,UpdateBrainEngine,2,4,0,0,
4008,accepted,UpdateBrainState,2,5,0,0,
4008,dispatched,UpdateBrainState,2,4,0,0,
4009,accepted,UpdateBrainEngine,2,6,0,0,
4009,dispatched,UpdateBrainEngine,2,5,0,0,
4010,accepted,UpdateBrainState,2,6,0,0,
4010,dispatched,UpdateBrainState,2,5,0,0,
4011,accepted,UpdateBrainEngine,2,7,0,0,
4011,dispatched,UpdateBrainEngine,2,6,0,0,
4012,accepted,UpdateBrainState,2,7,0,0,
4012,dispatched,UpdateBrainState,2,6,0,0,
4013,accepted,UpdateBrainEngine,2,8,0,0,
4013,dispatched,UpdateBrainEngine,2,7,0,0,
4014,accepted,UpdateBrainState,2,8,0,0,
4014,dispatched,UpdateBrainState,2,7,0,0,
4015,accepted,UpdateBrainEngine,2,9,0,0,
4015,dispatched,UpdateBrainEngine,2,8,0,0,
4016,accepted,UpdateBrainState,2,9,0,0,
4016,dispatched,UpdateBrainState,2,8,0,0,
4017,accepted,UpdateBrainEngine,2,10,0,0,
4017,dispatched,UpdateBrainEngine,2,9,0,0,
4018,accepted,UpdateBrainState,2,10,0,0,
4018,dispatched,UpdateBrainState,2,9,0,0,
4019,accepted,UpdateBrainEngine,2,11,0,0,
4019,dispatched,UpdateBrainEngine,2,10,0,0,
4020,accepted,UpdateBrainState,2,11,0,0,
4020,dispatched,UpdateBrainState,2,10,0,0,
4021,accepted,UpdateBrainEngine,2,12,0,0,
4021,dispatched,UpdateBrainEngine,2,11,0,0,
4022,accepted,UpdateBrainState,2,12,0,0,
4022,dispatched,UpdateBrainState,2,11,0,0,
4023,accepted,UpdateBrainEngine,2,13,0,0,
4023,dispatched,UpdateBrainEngine,2,12,0,0,
4024,accepted,UpdateBrainState,2,13,0,0,
4024,dispatched,UpdateBrainState,2,12,0,0,
4025,accepted,UpdateBrainEngine,2,14,0,0,
4025,dispatched,UpdateBrainEngine,2,13,0,0,
4026,accepted,UpdateBrainState,2,14,0,0,
4026,dispatched,UpdateBrainState,2,13,0,0,
4027,accepted,UpdateBrainEngine,2,15,0,0,
4027,dispatched,UpdateBrainEngine,2,14,0,0,
4028,accepted,UpdateBrainState,2,15,0,0,
4028,dispatched,UpdateBrainState,2,14,0,0,
4029,accepted,UpdateBrainEngine,2,16,0,0,
4029,dispatched,UpdateBrainEngine,2,15,0,0,
4030,accepted,UpdateBrainState,2,16,0,0,
4030,dispatched,UpdateBrainState,2,15,0,0,
4031,accepted,UpdateBrainEngine,2,17,0,0,
4031,dispatched,UpdateBrainEngine,2,16,0,0,
4032,accepted,UpdateBrainState,2,17,0,0,
4032,dispatched,UpdateBrainState,2,16,0,0,
4033,accepted,UpdateBrainEngine,2,18,0,0,
4033,dispatched,UpdateBrainEngine,2,17,0,0,
4034,accepted,UpdateBrainState,2,18,0,0,
4034,dispatched,UpdateBrainState,2,17,0,0,
4035,accepted,UpdateBrainEngine,2,19,0,0,
4035,dispatched,UpdateBrainEngine,2,18,0,0,
4036,accepted,UpdateBrainState,2,19,0,0,
4036,dispatched,UpdateBrainState,2,18,0,0,
4037,accepted,UpdateBrainEngine,2,20,0,0,
4037,dispatched,UpdateBrainEngine,2,19,0,0,
4038,accepted,UpdateBrainState,2,20,0,0,
4038,dispatched,UpdateBrainState,2,19,0,0,
4039,accepted,UpdateBrainEngine,2,21,0,0,
4039,dispatched,UpdateBrainEngine,2,20,0,0,
4040,accepted,UpdateBrainState,2,21,0,0,
4040,dispatched,UpdateBrainState,2,20,0,0,
4041,accepted,UpdateBrainEngine,2,22,0,0,
4041,dispatched,UpdateBrainEngine,2,21,0,0,
4042,accepted,UpdateBrainState,2,22,0,0,
4042,dispatched,UpdateBrainState,2,21,0,0,
4043,accepted,UpdateBrainEngine,2,23,0,0,
4043,dispatched,UpdateBrainEngine,2,22,0,0,
4044,accepted,UpdateBrainState,2,23,0,0,
4044,dispatched,UpdateBrainState,2,22,0,0,
4045,accepted,UpdateBrainEngine,2,24,0,0,
4045,dispatched,UpdateBrainEngine,2,23,0,0,
4046,accepted,UpdateBrainState,2,24,0,0,
4046,dispatched,UpdateBrainState,2,23,0,0,
4047,accepted,UpdateBrainEngine,2,25,0,0,
4047,dispatched,UpdateBrainEngine,2,24,0,0,
4048,accepted,UpdateBrainState,2,25,0,0,
4048,dispatched,UpdateBrainState,2,24,0,0,
4049,accepted,UpdateBrainEngine,2,26,0,0,
4049,dispatched,UpdateBrainEngine,2,25,0,0,
4050,accepted,UpdateBrainState,2,26,0,0,
4050,dispatched,UpdateBrainState,2,25,0,0,
4051,accepted,UpdateBrainEngine,2,27,0,0,
4051,dispatched,UpdateBrainEngine,2,26,0,0,
4052,accepted,UpdateBrainState,2,27,0,0,
4052,dispatched,UpdateBrainState,2,26,0,0,
4053,accepted,UpdateBrainEngine,2,28,0,0,
4053,dispatched,UpdateBrainEngine,2,27,0,0,
4054,accepted,UpdateBrainState,2,28,0,0,
4054,dispatched,UpdateBrainState,2,27,0,0,
4055,accepted,UpdateBrainEngine,2,29,0,0,
4055,dispatched,UpdateBrainEngine,2,28,0,0,
4056,accepted,UpdateBrainState,2,29,0,0,
4056,dispatched,UpdateBrainState,2,28,0,0,
4057,accepted,UpdateBrainEngine,2,30,0,0,
4057,dispatched,UpdateBrainEngine,2,29,0,0,
4058,accepted,UpdateBrainState,2,30,0,0,
4058,dispatched,UpdateBrainState,2,29,0,0,
4059,accepted,UpdateBrainEngine,2,31,0,0,
4059,dispatched,UpdateBrainEngine,2,30,0,0,
4060,accepted,UpdateBrainState,2,31,0,0,
4060,dispatched,UpdateBrainState,2,30,0,0,
4061,accepted,UpdateBrainEngine,2,32,0,0,
4061,dispatched,UpdateBrainEngine,2,31,0,0,
4062,accepted,UpdateBrainState,2,32,0,0,
4062,dispatched,UpdateBrainState,2,31,0,0,
4063,accepted,UpdateBrainEngine,3,1,0,0,
4063,dispatched,UpdateBrainEngine,2,32,0,0,
4064,accepted,UpdateBrainState,3,1,0,0,
4064,dispatched,UpdateBrainState,2,32,0,0,
4065,accepted,UpdateBrainEngine,3,2,0,0,
4065,dispatched,UpdateBrainEngine,3,1,0,0,
4066,accepted,UpdateBrainState,3,2,0,0,
4066,dispatched,UpdateBrainState,3,1,0,0,
4067,accepted,UpdateBrainEngine,3,3,0,0,
4067,dispatched,UpdateBrainEngine,3,2,0,0,
4068,accepted,UpdateBrainState,3,3,0,0,
4068,dispatched,UpdateBrainState,3,2,0,0,
4069,accepted,UpdateBrainEngine,3,4,0,0,
4069,dispatched,UpdateBrainEngine,3,3,0,0,
4070,accepted,UpdateBrainState,3,4,0,0,
4070,dispatched,UpdateBrainState,3,3,0,0,
4071,accepted,UpdateBrainEngine,3,5,0,0,
4071,dispatched,UpdateBrainEngine,3,4,0,0,
4072,accepted,UpdateBrainState,3,5,0,0,
4072,dispatched,UpdateBrainState,3,4,0,0,
4073,accepted,UpdateBrainEngine,3,6,0,0,
4073,dispatched,UpdateBrainEngine,3,5,0,0,
4074,accepted,UpdateBrainState,3,6,0,0,
4074,dispatched,UpdateBrainState,3,5,0,0,
4075,accepted,UpdateBrainEngine,3,7,0,0,
4075,dispatched,UpdateBrainEngine,3,6,0,0,
4076,accepted,UpdateBrainState,3,7,0,0,
4076,dispatched,UpdateBrainState,3,6,0,0,
4077,accepted,UpdateBrainEngine,3,8,0,0,
4077,dispatched,UpdateBrainEngine,3,7,0,0,
4078,accepted,UpdateBrainState,3,8,0,0,
4078,dispatched,UpdateBrainState,3,7,0,0,
4079,accepted,UpdateBrainEngine,3,9,0,0,
4079,dispatched,UpdateBrainEngine,3,8,0,0,
4080,accepted,UpdateBrainState,3,9,0,0,
4080,dispatched,UpdateBrainState,3,8,0,0,
4081,accepted,UpdateBrainEngine,3,10,0,0,
4081,dispatched,UpdateBrainEngine,3,9,0,0,
4082,accepted,UpdateBrainState,3,10,0,0,
4082,dispatched,UpdateBrainState,3,9,0,0,
4083,accepted,UpdateBrainEngine,3,11,0,0,
4083,dispatched,UpdateBrainEngine,3,10,0,0,
4084,accepted,UpdateBrainState,3,11,0,0,
4084,dispatched,UpdateBrainState,3,10,0,0,
4085,accepted,UpdateBrainEngine,3,12,0,0,
4085,dispatched,UpdateBrainEngine,3,11,0,0,
4086,accepted,UpdateBrainState,3,12,0,0,
4086,dispatched,UpdateBrainState,3,11,0,0,
4087,accepted,UpdateBrainEngine,3,13,0,0,
4087,dispatched,UpdateBrainEngine,3,12,0,0,
4088,accepted,UpdateBrainState,3,13,0,0,
4088,dispatched,UpdateBrainState,3,12,0,0,
4089,accepted,UpdateBrainEngine,3,14,0,0,
4089,dispatched,UpdateBrainEngine,3,13,0,0,
4090,accepted,UpdateBrainState,3,14,0,0,
4090,dispatched,UpdateBrainState,3,13,0,0,
4091,accepted,UpdateBrainEngine,3,15,0,0,
4091,dispatched,UpdateBrainEngine,3,14,0,0,
4092,accepted,UpdateBrainState,3,15,0,0,
4092,dispatched,UpdateBrainState,3,14,0,0,
4093,accepted,UpdateBrainEngine,3,16,0,0,
4093,dispatched,UpdateBrainEngine,3,15,0,0,
4094,accepted,UpdateBrainState,3,16,0,0,
4094,dispatched,UpdateBrainState,3,15,0,0,
4095,accepted,UpdateBrainEngine,3,17,0,0,
4095,dispatched,UpdateBrainEngine,3,16,0,0,
4096,accepted,UpdateBrainState,3,17,0,0,
4096,dispatched,UpdateBrainState,3,16,0,0,
4097,accepted,UpdateBrainEngine,3,18,0,0,
4097,dispatched,UpdateBrainEngine,3,17,0,0,
4098,accepted,UpdateBrainState,3,18,0,0,
4098,dispatched,UpdateBrainState,3,17,0,0,
4099,accepted,UpdateBrainEngine,3,19,0,0,
4099,dispatched,UpdateBrainEngine,3,18,0,0,
4100,accepted,UpdateBrainState,3,19,0,0,
4100,dispatched,UpdateBrainState,3,18,0,0,
4101,accepted,UpdateBrainEngine,3,20,0,0,
4101,dispatched,UpdateBrainEngine,3,19,0,0,
4102,accepted,UpdateBrainState,3,20,0,0,
4102,dispatched,UpdateBrainState,3,19,0,0,
4103,accepted,UpdateBrainEngine,3,21,0,0,
4103,dispatched,UpdateBrainEngine,3,20,0,0,
4104,accepted,UpdateBrainState,3,21,0,0,
4104,dispatched,UpdateBrainState,3,20,0,0,
4105,accepted,UpdateBrainEngine,3,22,0,0,
4105,dispatched,UpdateBrainEngine,3,21,0,0,
4106,accepted,UpdateBrainState,3,22,0,0,
4106,dispatched,UpdateBrainState,3,21,0,0,
4107,accepted,UpdateBrainEngine,3,23,0,0,
4107,dispatched,UpdateBrainEngine,3,22,0,0,
4108,accepted,UpdateBrainState,3,23,0,0,
4108,dispatched,UpdateBrainState,3,22,0,0,
4109,accepted,UpdateBrainEngine,3,24,0,0,
4109,dispatched,UpdateBrainEngine,3,23,0,0,
4110,accepted,UpdateBrainState,3,24,0,0,
4110,dispatched,UpdateBrainState,3,23,0,0,
4111,accepted,UpdateBrainEngine,3,25,0,0,
4111,dispatched,UpdateBrainEngine,3,24,0,0,
4112,accepted,UpdateBrainState,3,25,0,0,
4112,dispatched,UpdateBrainState,3,24,0,0,
4113,accepted,UpdateBrainEngine,3,26,0,0,
4113,dispatched,UpdateBrainEngine,3,25,0,0,
4114,accepted,UpdateBrainState,3,26,0,0,
4114,dispatched,UpdateBrainState,3,25,0,0,
4115,accepted,UpdateBrainEngine,3,27,0,0,
4115,dispatched,UpdateBrainEngine,3,26,0,0,
4116,accepted,UpdateBrainState,3,27,0,0,
4116,dispatched,UpdateBrainState,3,26,0,0,
4117,accepted,UpdateBrainEngine,3,28,0,0,
4117,dispatched,UpdateBrainEngine,3,27,0,0,
4118,accepted,UpdateBrainState,3,28,0,0,
4118,dispatched,UpdateBrainState,3,27,0,0,
4119,accepted,UpdateBrainEngine,3,29,0,0,
4119,dispatched,UpdateBrainEngine,3,28,0,0,
4120,accepted,UpdateBrainState,3,29,0,0,
4120,dispatched,UpdateBrainState,3,28,0,0,
4121,accepted,UpdateBrainEngine,3,30,0,0,
4121,dispatched,UpdateBrainEngine,3,29,0,0,
4122,accepted,UpdateBrainState,3,30,0,0,
4122,dispatched,UpdateBrainState,3,29,0,0,
4123,accepted,UpdateBrainEngine,3,31,0,0,
4123,dispatched,UpdateBrainEngine,3,30,0,0,
4124,accepted,UpdateBrainState,3,31,0,0,
4124,dispatched,UpdateBrainState,3,30,0,0,
4125,accepted,UpdateBrainEngine,3,32,0,0,
4125,dispatched,UpdateBrainEngine,3,31,0,0,
4126,accepted,UpdateBrainState,3,32,0,0,
4126,dispatched,UpdateBrainState,3,31,0,0,
4127,accepted,UpdateBrainEngine,3,33,0,0,
4127,dispatched,UpdateBrainEngine,3,32,0,0,
4128,accepted,UpdateBrainState,3,33,0,0,
4128,dispatched,UpdateBrainState,3,32,0,0,
4129,accepted,UpdateBrainEngine,3,34,0,0,
4129,dispatched,UpdateBrainEngine,3,33,0,0,
4130,accepted,UpdateBrainState,3,34,0,0,
4130,dispatched,UpdateBrainState,3,33,0,0,
4131,accepted,UpdateBrainEngine,3,35,0,0,
4131,dispatched,UpdateBrainEngine,3,34,0,0,
4132,accepted,UpdateBrainState,3,35,0,0,
4132,dispatched,UpdateBrainState,3,34,0,0,
4133,accepted,UpdateBrainEngine,3,36,0,0,
4133,dispatched,UpdateBrainEngine,3,35,0,0,
4134,accepted,UpdateBrainState,3,36,0,0,
4134,dispatched,UpdateBrainState,3,35,0,0,
4135,accepted,UpdateBrainEngine,3,37,0,0,
4135,dispatched,UpdateBrainEngine,3,36,0,0,
4136,accepted,UpdateBrainState,3,37,0,0,
4136,dispatched,UpdateBrainState,3,36,0,0,
4137,accepted,UpdateBrainEngine,3,38,0,0,
4137,dispatched,UpdateBrainEngine,3,37,0,0,
4138,accepted,UpdateBrainState,3,38,0,0,
4138,dispatched,UpdateBrainState,3,37,0,0,
4139,accepted,UpdateBrainEngine,3,39,0,0,
4139,dispatched,UpdateBrainEngine,3,38,0,0,
4140,accepted,UpdateBrainState,3,39,0,0,
4140,dispatched,UpdateBrainState,3,38,0,0,
4141,accepted,UpdateBrainEngine,3,40,0,0,
4141,dispatched,UpdateBrainEngine,3,39,0,0,
4142,accepted,UpdateBrainState,3,40,0,0,
4142,dispatched,UpdateBrainState,3,39,0,0,
4143,accepted,UpdateBrainEngine,3,41,0,0,
4143,dispatched,UpdateBrainEngine,3,40,0,0,
4144,accepted,UpdateBrainState,3,41,0,0,
4144,dispatched,UpdateBrainState,3,40,0,0,
4145,accepted,UpdateBrainEngine,3,42,0,0,
4145,dispatched,UpdateBrainEngine,3,41,0,0,
4146,accepted,UpdateBrainState,3,42,0,0,
4146,dispatched,UpdateBrainState,3,41,0,0,
4147,accepted,UpdateBrainEngine,3,43,0,0,
4147,dispatched,UpdateBrainEngine,3,42,0,0,
4148,accepted,UpdateBrainState,3,43,0,0,
4148,dispatched,UpdateBrainState,3,42,0,0,
4149,accepted,UpdateBrainEngine,3,44,0,0,
4149,dispatched,UpdateBrainEngine,3,43,0,0,
4150,accepted,UpdateBrainState,3,44,0,0,
4150,dispatched,UpdateBrainState,3,43,0,0,
4151,accepted,UpdateBrainEngine,3,45,0,0,
4151,dispatched,UpdateBrainEngine,3,44,0,0,
4152,accepted,UpdateBrainState,3,45,0,0,
4152,dispatched,UpdateBrainState,3,44,0,0,
4153,accepted,UpdateBrainEngine,3,46,0,0,
4153,dispatched,UpdateBrainEngine,3,45,0,0,
4154,accepted,UpdateBrainState,3,46,0,0,
4154,dispatched,UpdateBrainState,3,45,0,0,
4155,accepted,UpdateBrainEngine,3,47,0,0,
4155,dispatched,UpdateBrainEngine,3,46,0,0,
4156,accepted,UpdateBrainState,3,47,0,0,
4156,dispatched,UpdateBrainState,3,46,0,0,
4157,accepted,UpdateBrainEngine,3,48,0,0,
4157,dispatched,UpdateBrainEngine,3,47,0,0,
4158,accepted,UpdateBrainState,3,48,0,0,
4158,dispatched,UpdateBrainState,3,47,0,0,
4159,accepted,UpdateBrainEngine,3,49,0,0,
4159,dispatched,UpdateBrainEngine,3,48,0,0,
4160,accepted,UpdateBrainState,3,49,0,0,
4160,dispatched,UpdateBrainState,3,48,0,0,
4161,accepted,UpdateBrainEngine,3,50,0,0,
4161,dispatched,UpdateBrainEngine,3,49,0,0,
4162,accepted,UpdateBrainState,3,50,0,0,
4162,dispatched,UpdateBrainState,3,49,0,0,
4163,accepted,UpdateBrainEngine,3,51,0,0,
4163,dispatched,UpdateBrainEngine,3,50,0,0,
4164,accepted,UpdateBrainState,3,51,0,0,
4164,dispatched,UpdateBrainState,3,50,0,0,
4165,accepted,UpdateBrainEngine,3,52,0,0,
4165,dispatched,UpdateBrainEngine,3,51,0,0,
4166,accepted,UpdateBrainState,3,52,0,0,
4166,dispatched,UpdateBrainState,3,51,0,0,
4167,accepted,UpdateBrainEngine,3,53,0,0,
4167,dispatched,UpdateBrainEngine,3,52,0,0,
4168,accepted,UpdateBrainState,3,53,0,0,
4168,dispatched,UpdateBrainState,3,52,0,0,
4169,accepted,UpdateBrainEngine,3,54,0,0,
4169,dispatched,UpdateBrainEngine,3,53,0,0,
4170,accepted,UpdateBrainState,3,54,0,0,
4170,dispatched,UpdateBrainState,3,53,0,0,
4171,accepted,UpdateBrainEngine,3,55,0,0,
4171,dispatched,UpdateBrainEngine,3,54,0,0,
4172,accepted,UpdateBrainState,3,55,0,0,
4172,dispatched,UpdateBrainState,3,54,0,0,
4173,accepted,UpdateBrainEngine,3,56,0,0,
4173,dispatched,UpdateBrainEngine,3,55,0,0,
4174,accepted,UpdateBrainState,3,56,0,0,
4174,dispatched,UpdateBrainState,3,55,0,0,
4175,accepted,UpdateBrainEngine,3,57,0,0,
4175,dispatched,UpdateBrainEngine,3,56,0,0,
4176,accepted,UpdateBrainState,3,57,0,0,
4176,dispatched,UpdateBrainState,3,56,0,0,
4177,accepted,UpdateBrainEngine,3,58,0,0,
4177,dispatched,UpdateBrainEngine,3,57,0,0,
4178,accepted,UpdateBrainState,3,58,0,0,
4178,dispatched,UpdateBrainState,3,57,0,0,
4179,accepted,UpdateBrainEngine,3,59,0,0,
4179,dispatched,UpdateBrainEngine,3,58,0,0,
4180,accepted,UpdateBrainState,3,59,0,0,
4180,dispatched,UpdateBrainState,3,58,0,0,
4181,accepted,UpdateBrainEngine,3,60,0,0,
4181,dispatched,UpdateBrainEngine,3,59,0,0,
4182,accepted,UpdateBrainState,3,60,0,0,
4182,dispatched,UpdateBrainState,3,59,0,0,
4183,accepted,UpdateBrainEngine,3,61,0,0,
4183,dispatched,UpdateBrainEngine,3,60,0,0,
4184,accepted,UpdateBrainState,3,61,0,0,
4184,dispatched,UpdateBrainState,3,60,0,0,
4185,accepted,UpdateBrainEngine,3,62,0,0,
4185,dispatched,UpdateBrainEngine,3,61,0,0,
4186,accepted,UpdateBrainState,3,62,0,0,
4186,dispatched,UpdateBrainState,3,61,0,0,
4187,accepted,UpdateBrainEngine,3,63,0,0,
4187,dispatched,UpdateBrainEngine,3,62,0,0,
4188,accepted,UpdateBrainState,3,63,0,0,
4188,dispatched,UpdateBrainState,3,62,0,0,
4189,accepted,UpdateBrainEngine,3,64,0,0,
4189,dispatched,UpdateBrainEngine,3,63,0,0,
4190,accepted,UpdateBrainState,3,64,0,0,
4190,dispatched,UpdateBrainState,3,63,0,0,
4191,accepted,UpdateMapperPost,1,1,129,0,
4191,dispatched,UpdateBrainEngine,3,64,0,0,
4192,accepted,UpdateMapperPost,2,1,257,0,
4192,dispatched,UpdateBrainState,3,64,0,0,
4193,accepted,UpdateMapperPost,3,1,385,0,
4193,dispatched,UpdateMapperPost,1,1,129,0,
4194,accepted,UpdateMapperPost,1,1,130,0,
4194,dispatched,UpdateMapperPost,2,1,257,0,
4195,accepted,UpdateMapperPost,2,1,258,0,
4195,dispatched,UpdateMapperPost,3,1,385,0,
4196,accepted,UpdateMapperPost,3,2,386,0,
4196,dispatched,UpdateMapperPost,1,1,130,0,
4197,accepted,UpdateMapperPost,1,1,131,0,
4197,dispatched,UpdateMapperPost,2,1,258,0,
4198,accepted,UpdateMapperPost,2,2,259,0,
4198,dispatched,UpdateMapperPost,3,2,386,0,
4199,accepted,UpdateMapperPost,3,3,387,0,
4199,dispatched,UpdateMapperPost,1,1,131,0,
4200,accepted,UpdateMapperPost,1,1,132,0,
4200,dispatched,UpdateMapperPost,2,2,259,0,
4201,accepted,UpdateMapperPost,2,2,260,0,
4201,dispatched,UpdateMapperPost,3,3,387,0,
4202,accepted,UpdateMapperPost,3,4,388,0,
4202,dispatched,UpdateMapperPost,1,1,132,0,
4203,accepted,UpdateMapperPost,1,1,133,0,
4203,dispatched,UpdateMapperPost,2,2,260,0,
4204,accepted,UpdateMapperPost,2,3,261,0,
4204,dispatched,UpdateMapperPost,3,4,388,0,
4205,accepted,UpdateMapperPost,3,5,389,0,
4205,dispatched,UpdateMapperPost,1,1,133,0,
4206,accepted,UpdateMapperPost,1,1,134,0,
4206,dispatched,UpdateMapperPost,2,3,261,0,
4207,accepted,UpdateMapperPost,2,3,262,0,
4207,dispatched,UpdateMapperPost,3,5,389,0,
4208,accepted,UpdateMapperPost,3,6,390,0,
4208,dispatched,UpdateMapperPost,1,1,134,0,
4209,accepted,UpdateMapperPost,1,1,135,0,
4209,dispatched,UpdateMapperPost,2,3,262,0,
4210,accepted,UpdateMapperPost,2,4,263,0,
4210,dispatched,UpdateMapperPost,3,6,390,0,
4211,accepted,UpdateMapperPost,3,7,391,0,
4211,dispatched,UpdateMapperPost,1,1,135,0,
4212,accepted,UpdateMapperPost,1,1,136,0,
4212,dispatched,UpdateMapperPost,2,4,263,0,
4213,accepted,UpdateMapperPost,2,4,264,0,
4213,dispatched,UpdateMapperPost,3,7,391,0,
4214,accepted,UpdateMapperPost,3,8,392,0,
4214,dispatched,UpdateMapperPost,1,1,136,0,
4215,accepted,UpdateMapperPost,1,1,137,0,
4215,dispatched,UpdateMapperPost,2,4,264,0,
4216,accepted,UpdateMapperPost,2,5,265,0,
4216,dispatched,UpdateMapperPost,3,8,392,0,
4217,accepted,UpdateMapperPost,3,9,393,0,
4217,dispatched,UpdateMapperPost,1,1,137,0,
4218,accepted,UpdateMapperPost,1,1,138,0,
4218,dispatched,UpdateMapperPost,2,5,265,0,
4219,accepted,UpdateMapperPost,2,5,266,0,
4219,dispatched,UpdateMapperPost,3,9,393,0,
4220,accepted,UpdateMapperPost,3,10,394,0,
4220,dispatched,UpdateMapperPost,1,1,138,0,
4221,accepted,UpdateMapperPost,1,1,139,0,
4221,dispatched,UpdateMapperPost,2,5,266,0,
4222,accepted,UpdateMapperPost,2,6,267,0,
4222,dispatched,UpdateMapperPost,3,10,394,0,
4223,accepted,UpdateMapperPost,3,11,395,0,
4223,dispatched,UpdateMapperPost,1,1,139,0,
4224,accepted,UpdateMapperPost,1,1,140,0,
4224,dispatched,UpdateMapperPost,2,6,267,0,
4225,accepted,UpdateMapperPost,2,6,268,0,
4225,dispatched,UpdateMapperPost,3,11,395,0,
4226,accepted,UpdateMapperPost,3,12,396,0,
4226,dispatched,UpdateMapperPost,1,1,140,0,
4227,accepted,UpdateMapperPost,1,1,141,0,
4227,dispatched,UpdateMapperPost,2,6,268,0,
4228,accepted,UpdateMapperPost,2,7,269,0,
4228,dispatched,UpdateMapperPost,3,12,396,0,
4229,accepted,UpdateMapperPost,3,13,397,0,
4229,dispatched,UpdateMapperPost,1,1,141,0,
4230,accepted,UpdateMapperPost,1,1,142,0,
4230,dispatched,UpdateMapperPost,2,7,269,0,
4231,accepted,UpdateMapperPost,2,7,270,0,
4231,dispatched,UpdateMapperPost,3,13,397,0,
4232,accepted,UpdateMapperPost,3,14,398,0,
4232,dispatched,UpdateMapperPost,1,1,142,0,
4233,accepted,UpdateMapperPost,1,1,143,0,
4233,dispatched,UpdateMapperPost,2,7,270,0,
4234,accepted,UpdateMapperPost,2,8,271,0,
4234,dispatched,UpdateMapperPost,3,14,398,0,
4235,accepted,UpdateMapperPost,3,15,399,0,
4235,dispatched,UpdateMapperPost,1,1,143,0,
4236,accepted,UpdateMapperPost,1,1,144,0,
4236,dispatched,UpdateMapperPost,2,8,271,0,
4237,accepted,UpdateMapperPost,2,8,272,0,
4237,dispatched,UpdateMapperPost,3,15,399,0,
4238,accepted,UpdateMapperPost,3,16,400,0,
4238,dispatched,UpdateMapperPost,1,1,144,0,
4239,accepted,UpdateMapperPost,1,1,145,0,
4239,dispatched,UpdateMapperPost,2,8,272,0,
4240,accepted,UpdateMapperPost,2,9,273,0,
4240,dispatched,UpdateMapperPost,3,16,400,0,
4241,accepted,UpdateMapperPost,3,17,401,0,
4241,dispatched,UpdateMapperPost,1,1,145,0,
4242,accepted,UpdateMapperPost,1,1,146,0,
4242,dispatched,UpdateMapperPost,2,9,273,0,
4243,accepted,UpdateMapperPost,2,9,274,0,
4243,dispatched,UpdateMapperPost,3,17,401,0,
4244,accepted,UpdateMapperPost,3,18,402,0,
4244,dispatched,UpdateMapperPost,1,1,146,0,
4245,accepted,UpdateMapperPost,1,1,147,0,
4245,dispatched,UpdateMapperPost,2,9,274,0,
4246,accepted,UpdateMapperPost,2,10,275,0,
4246,dispatched,UpdateMapperPost,3,18,402,0,
4247,accepted,UpdateMapperPost,3,19,403,0,
4247,dispatched,UpdateMapperPost,1,1,147,0,
4248,accepted,UpdateMapperPost,1,1,148,0,
4248,dispatched,UpdateMapperPost,2,10,275,0,
4249,accepted,UpdateMapperPost,2,10,276,0,
4249,dispatched,UpdateMapperPost,3,19,403,0,
4250,accepted,UpdateMapperPost,3,20,404,0,
4250,dispatched,UpdateMapperPost,1,1,148,0,
4251,accepted,UpdateMapperPost,1,1,149,0,
4251,dispatched,UpdateMapperPost,2,10,276,0,
4252,accepted,UpdateMapperPost,2,11,277,0,
4252,dispatched,UpdateMapperPost,3,20,404,0,
4253,accepted,UpdateMapperPost,3,21,405,0,
4253,dispatched,UpdateMapperPost,1,1,149,0,
4254,accepted,UpdateMapperPost,1,1,150,0,
4254,dispatched,UpdateMapperPost,2,11,277,0,
4255,accepted,UpdateMapperPost,2,11,278,0,
4255,dispatched,UpdateMapperPost,3,21,405,0,
4256,accepted,UpdateMapperPost,3,22,406,0,
4256,dispatched,UpdateMapperPost,1,1,150,0,
4257,accepted,UpdateMapperPost,1,1,151,0,
4257,dispatched,UpdateMapperPost,2,11,278,0,
4258,accepted,UpdateMapperPost,2,12,279,0,
4258,dispatched,UpdateMapperPost,3,22,406,0,
4259,accepted,UpdateMapperPost,3,23,407,0,
4259,dispatched,UpdateMapperPost,1,1,151,0,
4260,accepted,UpdateMapperPost,1,1,152,0,
4260,dispatched,UpdateMapperPost,2,12,279,0,
4261,accepted,UpdateMapperPost,2,12,280,0,
4261,dispatched,UpdateMapperPost,3,23,407,0,
4262,accepted,UpdateMapperPost,3,24,408,0,
4262,dispatched,UpdateMapperPost,1,1,152,0,
4263,accepted,UpdateMapperPost,1,1,153,0,
4263,dispatched,UpdateMapperPost,2,12,280,0,
4264,accepted,UpdateMapperPost,2,13,281,0,
4264,dispatched,UpdateMapperPost,3,24,408,0,
4265,accepted,UpdateMapperPost,3,25,409,0,
4265,dispatched,UpdateMapperPost,1,1,153,0,
4266,accepted,UpdateMapperPost,1,1,154,0,
4266,dispatched,UpdateMapperPost,2,13,281,0,
4267,accepted,UpdateMapperPost,2,13,282,0,
4267,dispatched,UpdateMapperPost,3,25,409,0,
4268,accepted,UpdateMapperPost,3,26,410,0,
4268,dispatched,UpdateMapperPost,1,1,154,0,
4269,accepted,UpdateMapperPost,1,1,155,0,
4269,dispatched,UpdateMapperPost,2,13,282,0,
4270,accepted,UpdateMapperPost,2,14,283,0,
4270,dispatched,UpdateMapperPost,3,26,410,0,
4271,accepted,UpdateMapperPost,3,27,411,0,
4271,dispatched,UpdateMapperPost,1,1,155,0,
4272,accepted,UpdateMapperPost,1,1,156,0,
4272,dispatched,UpdateMapperPost,2,14,283,0,
4273,accepted,UpdateMapperPost,2,14,284,0,
4273,dispatched,UpdateMapperPost,3,27,411,0,
4274,accepted,UpdateMapperPost,3,28,412,0,
4274,dispatched,UpdateMapperPost,1,1,156,0,
4275,accepted,UpdateMapperPost,1,1,157,0,
4275,dispatched,UpdateMapperPost,2,14,284,0,
4276,accepted,UpdateMapperPost,2,15,285,0,
4276,dispatched,UpdateMapperPost,3,28,412,0,
4277,accepted,UpdateMapperPost,3,29,413,0,
4277,dispatched,UpdateMapperPost,1,1,157,0,
4278,accepted,UpdateMapperPost,1,1,158,0,
4278,dispatched,UpdateMapperPost,2,15,285,0,
4279,accepted,UpdateMapperPost,2,15,286,0,
4279,dispatched,UpdateMapperPost,3,29,413,0,
4280,accepted,UpdateMapperPost,3,30,414,0,
4280,dispatched,UpdateMapperPost,1,1,158,0,
4281,accepted,UpdateMapperPost,1,1,159,0,
4281,dispatched,UpdateMapperPost,2,15,286,0,
4282,accepted,UpdateMapperPost,2,16,287,0,
4282,dispatched,UpdateMapperPost,3,30,414,0,
4283,accepted,UpdateMapperPost,3,31,415,0,
4283,dispatched,UpdateMapperPost,1,1,159,0,
4284,accepted,UpdateMapperPost,1,1,160,0,
4284,dispatched,UpdateMapperPost,2,16,287,0,
4285,accepted,UpdateMapperPost,2,16,288,0,
4285,dispatched,UpdateMapperPost,3,31,415,0,
4286,accepted,UpdateMapperPost,3,32,416,0,
4286,dispatched,UpdateMapperPost,1,1,160,0,
4287,accepted,UpdateMapperPost,1,1,161,0,
4287,dispatched,UpdateMapperPost,2,16,288,0,
4288,accepted,UpdateMapperPost,2,17,289,0,
4288,dispatched,UpdateMapperPost,3,32,416,0,
4289,accepted,UpdateMapperPost,3,33,417,0,
4289,dispatched,UpdateMapperPost,1,1,161,0,
4290,accepted,UpdateMapperPost,1,1,162,0,
4290,dispatched,UpdateMapperPost,2,17,289,0,
4291,accepted,UpdateMapperPost,2,17,290,0,
4291,dispatched,UpdateMapperPost,3,33,417,0,
4292,accepted,UpdateMapperPost,3,34,418,0,
4292,dispatched,UpdateMapperPost,1,1,162,0,
4293,accepted,UpdateMapperPost,1,1,163,0,
4293,dispatched,UpdateMapperPost,2,17,290,0,
4294,accepted,UpdateMapperPost,2,18,291,0,
4294,dispatched,UpdateMapperPost,3,34,418,0,
4295,accepted,UpdateMapperPost,3,35,419,0,
4295,dispatched,UpdateMapperPost,1,1,163,0,
4296,accepted,UpdateMapperPost,1,1,164,0,
4296,dispatched,UpdateMapperPost,2,18,291,0,
4297,accepted,UpdateMapperPost,2,18,292,0,
4297,dispatched,UpdateMapperPost,3,35,419,0,
4298,accepted,UpdateMapperPost,3,36,420,0,
4298,dispatched,UpdateMapperPost,1,1,164,0,
4299,accepted,UpdateMapperPost,1,1,165,0,
4299,dispatched,UpdateMapperPost,2,18,292,0,
4300,accepted,UpdateMapperPost,2,19,293,0,
4300,dispatched,UpdateMapperPost,3,36,420,0,
4301,accepted,UpdateMapperPost,3,37,421,0,
4301,dispatched,UpdateMapperPost,1,1,165,0,
4302,accepted,UpdateMapperPost,1,1,166,0,
4302,dispatched,UpdateMapperPost,2,19,293,0,
4303,accepted,UpdateMapperPost,2,19,294,0,
4303,dispatched,UpdateMapperPost,3,37,421,0,
4304,accepted,UpdateMapperPost,3,38,422,0,
4304,dispatched,UpdateMapperPost,1,1,166,0,
4305,accepted,UpdateMapperPost,1,1,167,0,
4305,dispatched,UpdateMapperPost,2,19,294,0,
4306,accepted,UpdateMapperPost,2,20,295,0,
4306,dispatched,UpdateMapperPost,3,38,422,0,
4307,accepted,UpdateMapperPost,3,39,423,0,
4307,dispatched,UpdateMapperPost,1,1,167,0,
4308,accepted,UpdateMapperPost,1,1,168,0,
4308,dispatched,UpdateMapperPost,2,20,295,0,
4309,accepted,UpdateMapperPost,2,20,296,0,
4309,dispatched,UpdateMapperPost,3,39,423,0,
4310,accepted,UpdateMapperPost,3,40,424,0,
4310,dispatched,UpdateMapperPost,1,1,168,0,
4311,accepted,UpdateMapperPost,1,1,169,0,
4311,dispatched,UpdateMapperPost,2,20,296,0,
4312,accepted,UpdateMapperPost,2,21,297,0,
4312,dispatched,UpdateMapperPost,3,40,424,0,
4313,accepted,UpdateMapperPost,3,41,425,0,
4313,dispatched,UpdateMapperPost,1,1,169,0,
4314,accepted,UpdateMapperPost,1,1,170,0,
4314,dispatched,UpdateMapperPost,2,21,297,0,
4315,accepted,UpdateMapperPost,2,21,298,0,
4315,dispatched,UpdateMapperPost,3,41,425,0,
4316,accepted,UpdateMapperPost,3,42,426,0,
4316,dispatched,UpdateMapperPost,1,1,170,0,
4317,accepted,UpdateMapperPost,1,1,171,0,
4317,dispatched,UpdateMapperPost,2,21,298,0,
4318,accepted,UpdateMapperPost,2,22,299,0,
4318,dispatched,UpdateMapperPost,3,42,426,0,
4319,accepted,UpdateMapperPost,3,43,427,0,
4319,dispatched,UpdateMapperPost,1,1,171,0,
4320,accepted,UpdateMapperPost,1,1,172,0,
4320,dispatched,UpdateMapperPost,2,22,299,0,
4321,accepted,UpdateMapperPost,2,22,300,0,
4321,dispatched,UpdateMapperPost,3,43,427,0,
4322,accepted,UpdateMapperPost,3,44,428,0,
4322,dispatched,UpdateMapperPost,1,1,172,0,
4323,accepted,UpdateMapperPost,1,1,173,0,
4323,dispatched,UpdateMapperPost,2,22,300,0,
4324,accepted,UpdateMapperPost,2,23,301,0,
4324,dispatched,UpdateMapperPost,3,44,428,0,
4325,accepted,UpdateMapperPost,3,45,429,0,
4325,dispatched,UpdateMapperPost,1,1,173,0,
4326,accepted,UpdateMapperPost,1,1,174,0,
4326,dispatched,UpdateMapperPost,2,23,301,0,
4327,accepted,UpdateMapperPost,2,23,302,0,
4327,dispatched,UpdateMapperPost,3,45,429,0,
4328,accepted,UpdateMapperPost,3,46,430,0,
4328,dispatched,UpdateMapperPost,1,1,174,0,
4329,accepted,UpdateMapperPost,1,1,175,0,
4329,dispatched,UpdateMapperPost,2,23,302,0,
4330,accepted,UpdateMapperPost,2,24,303,0,
4330,dispatched,UpdateMapperPost,3,46,430,0,
4331,accepted,UpdateMapperPost,3,47,431,0,
4331,dispatched,UpdateMapperPost,1,1,175,0,
4332,accepted,UpdateMapperPost,1,1,176,0,
4332,dispatched,UpdateMapperPost,2,24,303,0,
4333,accepted,UpdateMapperPost,2,24,304,0,
4333,dispatched,UpdateMapperPost,3,47,431,0,
4334,accepted,UpdateMapperPost,3,48,432,0,
4334,dispatched,UpdateMapperPost,1,1,176,0,
4335,accepted,UpdateMapperPost,1,1,177,0,
4335,dispatched,UpdateMapperPost,2,24,304,0,
4336,accepted,UpdateMapperPost,2,25,305,0,
4336,dispatched,UpdateMapperPost,3,48,432,0,
4337,accepted,UpdateMapperPost,3,49,433,0,
4337,dispatched,UpdateMapperPost,1,1,177,0,
4338,accepted,UpdateMapperPost,1,1,178,0,
4338,dispatched,UpdateMapperPost,2,25,305,0,
4339,accepted,UpdateMapperPost,2,25,306,0,
4339,dispatched,UpdateMapperPost,3,49,433,0,
4340,accepted,UpdateMapperPost,3,50,434,0,
4340,dispatched,UpdateMapperPost,1,1,178,0,
4341,accepted,UpdateMapperPost,1,1,179,0,
4341,dispatched,UpdateMapperPost,2,25,306,0,
4342,accepted,UpdateMapperPost,2,26,307,0,
4342,dispatched,UpdateMapperPost,3,50,434,0,
4343,accepted,UpdateMapperPost,3,51,435,0,
4343,dispatched,UpdateMapperPost,1,1,179,0,
4344,accepted,UpdateMapperPost,1,1,180,0,
4344,dispatched,UpdateMapperPost,2,26,307,0,
4345,accepted,UpdateMapperPost,2,26,308,0,
4345,dispatched,UpdateMapperPost,3,51,435,0,
4346,accepted,UpdateMapperPost,3,52,436,0,
4346,dispatched,UpdateMapperPost,1,1,180,0,
4347,accepted,UpdateMapperPost,1,1,181,0,
4347,dispatched,UpdateMapperPost,2,26,308,0,
4348,accepted,UpdateMapperPost,2,27,309,0,
4348,dispatched,UpdateMapperPost,3,52,436,0,
4349,accepted,UpdateMapperPost,3,53,437,0,
4349,dispatched,UpdateMapperPost,1,1,181,0,
4350,accepted,UpdateMapperPost,1,1,182,0,
4350,dispatched,UpdateMapperPost,2,27,309,0,
4351,accepted,UpdateMapperPost,2,27,310,0,
4351,dispatched,UpdateMapperPost,3,53,437,0,
4352,accepted,UpdateMapperPost,3,54,438,0,
4352,dispatched,UpdateMapperPost,1,1,182,0,
4353,accepted,UpdateMapperPost,1,1,183,0,
4353,dispatched,UpdateMapperPost,2,27,310,0,
4354,accepted,UpdateMapperPost,2,28,311,0,
4354,dispatched,UpdateMapperPost,3,54,438,0,
4355,accepted,UpdateMapperPost,3,55,439,0,
4355,dispatched,UpdateMapperPost,1,1,183,0,
4356,accepted,UpdateMapperPost,1,1,184,0,
4356,dispatched,UpdateMapperPost,2,28,311,0,
4357,accepted,UpdateMapperPost,2,28,312,0,
4357,dispatched,UpdateMapperPost,3,55,439,0,
4358,accepted,UpdateMapperPost,3,56,440,0,
4358,dispatched,UpdateMapperPost,1,1,184,0,
4359,accepted,UpdateMapperPost,1,1,185,0,
4359,dispatched,UpdateMapperPost,2,28,312,0,
4360,accepted,UpdateMapperPost,2,29,313,0,
4360,dispatched,UpdateMapperPost,3,56,440,0,
4361,accepted,UpdateMapperPost,3,57,441,0,
4361,dispatched,UpdateMapperPost,1,1,185,0,
4362,accepted,UpdateMapperPost,1,1,186,0,
4362,dispatched,UpdateMapperPost,2,29,313,0,
4363,accepted,UpdateMapperPost,2,29,314,0,
4363,dispatched,UpdateMapperPost,3,57,441,0,
4364,accepted,UpdateMapperPost,3,58,442,0,
4364,dispatched,UpdateMapperPost,1,1,186,0,
4365,accepted,UpdateMapperPost,1,1,187,0,
4365,dispatched,UpdateMapperPost,2,29,314,0,
4366,accepted,UpdateMapperPost,2,30,315,0,
4366,dispatched,UpdateMapperPost,3,58,442,0,
4367,accepted,UpdateMapperPost,3,59,443,0,
4367,dispatched,UpdateMapperPost,1,1,187,0,
4368,accepted,UpdateMapperPost,1,1,188,0,
4368,dispatched,UpdateMapperPost,2,30,315,0,
4369,accepted,UpdateMapperPost,2,30,316,0,
4369,dispatched,UpdateMapperPost,3,59,443,0,
4370,accepted,UpdateMapperPost,3,60,444,0,
4370,dispatched,UpdateMapperPost,1,1,188,0,
4371,accepted,UpdateMapperPost,1,1,189,0,
4371,dispatched,UpdateMapperPost,2,30,316,0,
4372,accepted,UpdateMapperPost,2,31,317,0,
4372,dispatched,UpdateMapperPost,3,60,444,0,
4373,accepted,UpdateMapperPost,3,61,445,0,
4373,dispatched,UpdateMapperPost,1,1,189,0,
4374,accepted,UpdateMapperPost,1,1,190,0,
4374,dispatched,UpdateMapperPost,2,31,317,0,
4375,accepted,UpdateMapperPost,2,31,318,0,
4375,dispatched,UpdateMapperPost,3,61,445,0,
4376,accepted,UpdateMapperPost,3,62,446,0,
4376,dispatched,UpdateMapperPost,1,1,190,0,
4377,accepted,UpdateMapperPost,1,1,191,0,
4377,dispatched,UpdateMapperPost,2,31,318,0,
4378,accepted,UpdateMapperPost,2,32,319,0,
4378,dispatched,UpdateMapperPost,3,62,446,0,
4379,accepted,UpdateMapperPost,3,63,447,0,
4379,dispatched,UpdateMapperPost,1,1,191,0,
4380,accepted,UpdateMapperPost,1,1,192,0,
4380,dispatched,UpdateMapperPost,2,32,319,0,
4381,accepted,UpdateMapperPost,2,32,320,0,
4381,dispatched,UpdateMapperPost,3,63,447,0,
4382,accepted,UpdateMapperPost,3,64,448,0,
4382,dispatched,UpdateMapperPost,1,1,192,0,
4383,accepted,UpdateMapperPre,7,1,0,0,
4383,dispatched,UpdateMapperPost,2,32,320,0,
4384,accepted,UpdateMapperPre,7,2,0,0,
4384,dispatched,UpdateMapperPost,3,64,448,0,
4385,accepted,UpdateMapperPre,7,3,0,0,
4385,dispatched,UpdateMapperPre,7,1,0,0,
4386,accepted,UpdateMapperPre,7,4,0,0,
4386,dispatched,UpdateMapperPre,7,2,0,0,
4387,accepted,UpdateMapperPre,7,5,0,0,
4387,dispatched,UpdateMapperPre,7,3,0,0,
4388,accepted,UpdateMapperPre,7,6,0,0,
4388,dispatched,UpdateMapperPre,7,4,0,0,
4389,accepted,UpdateMapperPre,7,7,0,0,
4389,dispatched,UpdateMapperPre,7,5,0,0,
4390,accepted,UpdateMapperPre,7,8,0,0,
4390,dispatched,UpdateMapperPre,7,6,0,0,
4391,accepted,UpdateMapperPre,7,9,0,0,
4391,dispatched,UpdateMapperPre,7,7,0,0,
4392,accepted,UpdateMapperPre,7,10,0,0,
4392,dispatched,UpdateMapperPre,7,8,0,0,
4393,accepted,UpdateMapperPre,7,11,0,0,
4393,dispatched,UpdateMapperPre,7,9,0,0,
4394,accepted,UpdateMapperPre,7,12,0,0,
4394,dispatched,UpdateMapperPre,7,10,0,0,
4395,accepted,UpdateMapperPre,7,13,0,0,
4395,dispatched,UpdateMapperPre,7,11,0,0,
4396,accepted,UpdateMapperPre,7,14,0,0,
4396,dispatched,UpdateMapperPre,7,12,0,0,
4397,accepted,UpdateMapperPre,7,15,0,0,
4397,dispatched,UpdateMapperPre,7,13,0,0,
4398,accepted,UpdateMapperPre,7,16,0,0,
4398,dispatched,UpdateMapperPre,7,14,0,0,
4399,accepted,UpdateMapperPre,7,17,0,0,
4399,dispatched,UpdateMapperPre,7,15,0,0,
4400,accepted,UpdateMapperPre,7,18,0,0,
4400,dispatched,UpdateMapperPre,7,16,0,0,
4401,accepted,UpdateMapperPre,7,19,0,0,
4401,dispatched,UpdateMapperPre,7,17,0,0,
4402,accepted,UpdateMapperPre,7,20,0,0,
4402,dispatched,UpdateMapperPre,7,18,0,0,
4403,accepted,UpdateMapperPre,7,21,0,0,
4403,dispatched,UpdateMapperPre,7,19,0,0,
4404,accepted,UpdateMapperPre,7,22,0,0,
4404,dispatched,UpdateMapperPre,7,20,0,0,
4405,accepted,UpdateMapperPre,7,23,0,0,
4405,dispatched,UpdateMapperPre,7,21,0,0,
4406,accepted,UpdateMapperPre,7,24,0,0,
4406,dispatched,UpdateMapperPre,7,22,0,0,
4407,accepted,UpdateMapperPre,7,25,0,0,
4407,dispatched,UpdateMapperPre,7,23,0,0,
4408,accepted,UpdateMapperPre,7,26,0,0,
4408,dispatched,UpdateMapperPre,7,24,0,0,
4409,accepted,UpdateMapperPre,7,27,0,0,
4409,dispatched,UpdateMapperPre,7,25,0,0,
4410,accepted,UpdateMapperPre,7,28,0,0,
4410,dispatched,UpdateMapperPre,7,26,0,0,
4411,accepted,UpdateMapperPre,7,29,0,0,
4411,dispatched,UpdateMapperPre,7,27,0,0,
4412,accepted,UpdateMapperPre,7,30,0,0,
4412,dispatched,UpdateMapperPre,7,28,0,0,
4413,accepted,UpdateMapperPre,7,31,0,0,
4413,dispatched,UpdateMapperPre,7,29,0,0,
4414,accepted,UpdateMapperPre,7,32,0,0,
4414,dispatched,UpdateMapperPre,7,30,0,0,
4415,accepted,UpdateMapperPre,7,33,0,0,
4415,dispatched,UpdateMapperPre,7,31,0,0,
4416,accepted,UpdateMapperPre,7,34,0,0,
4416,dispatched,UpdateMapperPre,7,32,0,0,
4417,accepted,UpdateMapperPre,7,35,0,0,
4417,dispatched,UpdateMapperPre,7,33,0,0,
4418,accepted,UpdateMapperPre,7,36,0,0,
4418,dispatched,UpdateMapperPre,7,34,0,0,
4419,accepted,UpdateMapperPre,7,37,0,0,
4419,dispatched,UpdateMapperPre,7,35,0,0,
4420,accepted,UpdateMapperPre,7,38,0,0,
4420,dispatched,UpdateMapperPre,7,36,0,0,
4421,accepted,UpdateMapperPre,7,39,0,0,
4421,dispatched,UpdateMapperPre,7,37,0,0,
4422,accepted,UpdateMapperPre,7,40,0,0,
4422,dispatched,UpdateMapperPre,7,38,0,0,
4423,accepted,UpdateMapperPre,7,41,0,0,
4423,dispatched,UpdateMapperPre,7,39,0,0,
4424,accepted,UpdateMapperPre,7,42,0,0,
4424,dispatched,UpdateMapperPre,7,40,0,0,
4425,accepted,UpdateMapperPre,7,43,0,0,
4425,dispatched,UpdateMapperPre,7,41,0,0,
4426,accepted,UpdateMapperPre,7,44,0,0,
4426,dispatched,UpdateMapperPre,7,42,0,0,
4427,accepted,UpdateMapperPre,7,45,0,0,
4427,dispatched,UpdateMapperPre,7,43,0,0,
4428,accepted,UpdateMapperPre,7,46,0,0,
4428,dispatched,UpdateMapperPre,7,44,0,0,
4429,accepted,UpdateMapperPre,7,47,0,0,
4429,dispatched,UpdateMapperPre,7,45,0,0,
4430,accepted,UpdateMapperPre,7,48,0,0,
4430,dispatched,UpdateMapperPre,7,46,0,0,
4431,accepted,UpdateMapperPre,7,49,0,0,
4431,dispatched,UpdateMapperPre,7,47,0,0,
4432,accepted,UpdateMapperPre,7,50,0,0,
4432,dispatched,UpdateMapperPre,7,48,0,0,
4433,accepted,UpdateMapperPre,7,51,0,0,
4433,dispatched,UpdateMapperPre,7,49,0,0,
4434,accepted,UpdateMapperPre,7,52,0,0,
4434,dispatched,UpdateMapperPre,7,50,0,0,
4435,accepted,UpdateMapperPre,7,53,0,0,
4435,dispatched,UpdateMapperPre,7,51,0,0,
4436,accepted,UpdateMapperPre,7,54,0,0,
4436,dispatched,UpdateMapperPre,7,52,0,0,
4437,accepted,UpdateMapperPre,7,55,0,0,
4437,dispatched,UpdateMapperPre,7,53,0,0,
4438,accepted,UpdateMapperPre,7,56,0,0,
4438,dispatched,UpdateMapperPre,7,54,0,0,
4439,accepted,UpdateMapperPre,7,57,0,0,
4439,dispatched,UpdateMapperPre,7,55,0,0,
4440,accepted,UpdateMapperPre,7,58,0,0,
4440,dispatched,UpdateMapperPre,7,56,0,0,
4441,accepted,UpdateMapperPre,7,59,0,0,
4441,dispatched,UpdateMapperPre,7,57,0,0,
4442,accepted,UpdateMapperPre,7,60,0,0,
4442,dispatched,UpdateMapperPre,7,58,0,0,
4443,accepted,UpdateMapperPre,7,61,0,0,
4443,dispatched,UpdateMapperPre,7,59,0,0,
4444,accepted,UpdateMapperPre,7,62,0,0,
4444,dispatched,UpdateMapperPre,7,60,0,0,
4445,accepted,UpdateMapperPre,7,63,0,0,
4445,dispatched,UpdateMapperPre,7,61,0,0,
4446,accepted,UpdateMapperPre,7,64,0,0,
4446,dispatched,UpdateMapperPre,7,62,0,0,
4447,accepted,UpdateRoot,4,1,0,0,
4447,dispatched,UpdateMapperPre,7,63,0,0,
4448,accepted,CommitMapper,1,0,0,0,
4448,dispatched,UpdateMapperPre,7,64,0,0,
4449,dispatched,UpdateRoot,4,1,0,0,
4450,dispatched,CommitMapper,1,0,0,0,
4450,committed,CommitMapper,1,0,0,0,
4451,replayed,UpdateMapperPost,1,1,129,0,
4452,replayed,UpdateMapperPost,2,1,257,0,
4453,replayed,UpdateMapperPost,3,1,385,0,
4454,replayed,UpdateMapperPost,1,1,130,0,
4455,replayed,UpdateMapperPost,2,1,258,0,
4456,replayed,UpdateMapperPost,3,2,386,0,
4457,replayed,UpdateMapperPost,1,1,131,0,
4458,replayed,UpdateMapperPost,2,2,259,0,
4459,replayed,UpdateMapperPost,3,3,387,0,
4460,replayed,UpdateMapperPost,1,1,132,0,
4461,replayed,UpdateMapperPost,2,2,260,0,
4462,replayed,UpdateMapperPost,3,4,388,0,
4463,replayed,UpdateMapperPost,1,1,133,0,
4464,replayed,UpdateMapperPost,2,3,261,0,
4465,replayed,UpdateMapperPost,3,5,389,0,
4466,replayed,UpdateMapperPost,1,1,134,0,
4467,replayed,UpdateMapperPost,2,3,262,0,
4468,replayed,UpdateMapperPost,3,6,390,0,
4469,replayed,UpdateMapperPost,1,1,135,0,
4470,replayed,UpdateMapperPost,2,4,263,0,
4471,replayed,UpdateMapperPost,3,7,391,0,
4472,replayed,UpdateMapperPost,1,1,136,0,
4473,replayed,UpdateMapperPost,2,4,264,0,
4474,replayed,UpdateMapperPost,3,8,392,0,
4475,replayed,UpdateMapperPost,1,1,137,0,
4476,replayed,UpdateMapperPost,2,5,265,0,
4477,replayed,UpdateMapperPost,3,9,393,0,
4478,replayed,UpdateMapperPost,1,1,138,0,
4479,replayed,UpdateMapperPost,2,5,266,0,
4480,replayed,UpdateMapperPost,3,10,394,0,
4481,replayed,UpdateMapperPost,1,1,139,0,
4482,replayed,UpdateMapperPost,2,6,267,0,
4483,replayed,UpdateMapperPost,3,11,395,0,
4484,replayed,UpdateMapperPost,1,1,140,0,
4485,replayed,UpdateMapperPost,2,6,268,0,
4486,replayed,UpdateMapperPost,3,12,396,0,
4487,replayed,UpdateMapperPost,1,1,141,0,
4488,replayed,UpdateMapperPost,2,7,269,0,
4489,replayed,UpdateMapperPost,3,13,397,0,
4490,replayed,UpdateMapperPost,1,1,142,0,
4491,replayed,UpdateMapperPost,2,7,270,0,
4492,replayed,UpdateMapperPost,3,14,398,0,
4493,replayed,UpdateMapperPost,1,1,143,0,
4494,replayed,UpdateMapperPost,2,8,271,0,
4495,replayed,UpdateMapperPost,3,15,399,0,
4496,replayed,UpdateMapperPost,1,1,144,0,
4497,replayed,UpdateMapperPost,2,8,272,0,
4498,replayed,UpdateMapperPost,3,16,400,0,
4499,replayed,UpdateMapperPost,1,1,145,0,
4500,replayed,UpdateMapperPost,2,9,273,0,
4501,replayed,UpdateMapperPost,3,17,401,0,
4502,replayed,UpdateMapperPost,1,1,146,0,
4503,replayed,UpdateMapperPost,2,9,274,0,
4504,replayed,UpdateMapperPost,3,18,402,0,
4505,replayed,UpdateMapperPost,1,1,147,0,
4506,replayed,UpdateMapperPost,2,10,275,0,
4507,replayed,UpdateMapperPost,3,19,403,0,
4508,replayed,UpdateMapperPost,1,1,148,0,
4509,replayed,UpdateMapperPost,2,10,276,0,
4510,replayed,UpdateMapperPost,3,20,404,0,
4511,replayed,UpdateMapperPost,1,1,149,0,
4512,replayed,UpdateMapperPost,2,11,277,0,
4513,replayed,UpdateMapperPost,3,21,405,0,
4514,replayed,UpdateMapperPost,1,1,150,0,
4515,replayed,UpdateMapperPost,2,11,278,0,
4516,replayed,UpdateMapperPost,3,22,406,0,
4517,replayed,UpdateMapperPost,1,1,151,0,
4518,replayed,UpdateMapperPost,2,12,279,0,
4519,replayed,UpdateMapperPost,3,23,407,0,
4520,replayed,UpdateMapperPost,1,1,152,0,
4521,replayed,UpdateMapperPost,2,12,280,0,
4522,replayed,UpdateMapperPost,3,24,408,0,
4523,replayed,UpdateMapperPost,1,1,153,0,
4524,replayed,UpdateMapperPost,2,13,281,0,
4525,replayed,UpdateMapperPost,3,25,409,0,
4526,replayed,UpdateMapperPost,1,1,154,0,
4527,replayed,UpdateMapperPost,2,13,282,0,
4528,replayed,UpdateMapperPost,3,26,410,0,
4529,replayed,UpdateMapperPost,1,1,155,0,
4530,replayed,UpdateMapperPost,2,14,283,0,
4531,replayed,UpdateMapperPost,3,27,411,0,
4532,replayed,UpdateMapperPost,1,1,156,0,
4533,replayed,UpdateMapperPost,2,14,284,0,
4534,replayed,UpdateMapperPost,3,28,412,0,
4535,replayed,UpdateMapperPost,1,1,157,0,
4536,replayed,UpdateMapperPost,2,15,285,0,
4537,replayed,UpdateMapperPost,3,29,413,0,
4538,replayed,UpdateMapperPost,1,1,158,0,
4539,replayed,UpdateMapperPost,2,15,286,0,
4540,replayed,UpdateMapperPost,3,30,414,0,
4541,replayed,UpdateMapperPost,1,1,159,0,
4542,replayed,UpdateMapperPost,2,16,287,0,
4543,replayed,UpdateMapperPost,3,31,415,0,
4544,replayed,UpdateMapperPost,1,1,160,0,
4545,replayed,UpdateMapperPost,2,16,288,0,
4546,replayed,UpdateMapperPost,3,32,416,0,
4547,replayed,UpdateMapperPost,1,1,161,0,
4548,replayed,UpdateMapperPost,2,17,289,0,
4549,replayed,UpdateMapperPost,3,33,417,0,
4550,replayed,UpdateMapperPost,1,1,162,0,
4551,replayed,UpdateMapperPost,2,17,290,0,
4552,replayed,UpdateMapperPost,3,34,418,0,
4553,replayed,UpdateMapperPost,1,1,163,0,
4554,replayed,UpdateMapperPost,2,18,291,0,
4555,replayed,UpdateMapperPost,3,35,419,0,
4556,replayed,UpdateMapperPost,1,1,164,0,
4557,replayed,UpdateMapperPost,2,18,292,0,
4558,replayed,UpdateMapperPost,3,36,420,0,
4559,replayed,UpdateMapperPost,1,1,165,0,
4560,replayed,UpdateMapperPost,2,19,293,0,
4561,replayed,UpdateMapperPost,3,37,421,0,
4562,replayed,UpdateMapperPost,1,1,166,0,
4563,replayed,UpdateMapperPost,2,19,294,0,
4564,replayed,UpdateMapperPost,3,38,422,0,
4565,replayed,UpdateMapperPost,1,1,167,0,
4566,replayed,UpdateMapperPost,2,20,295,0,
4567,replayed,UpdateMapperPost,3,39,423,0,
4568,replayed,UpdateMapperPost,1,1,168,0,
4569,replayed,UpdateMapperPost,2,20,296,0,
4570,replayed,UpdateMapperPost,3,40,424,0,
4571,replayed,UpdateMapperPost,1,1,169,0,
4572,replayed,UpdateMapperPost,2,21,297,0,
4573,replayed,UpdateMapperPost,3,41,425,0,
4574,replayed,UpdateMapperPost,1,1,170,0,
4575,replayed,UpdateMapperPost,2,21,298,0,
4576,replayed,UpdateMapperPost,3,42,426,0,
4577,replayed,UpdateMapperPost,1,1,171,0,
4578,replayed,UpdateMapperPost,2,22,299,0,
4579,replayed,UpdateMapperPost,3,43,427,0,
4580,replayed,UpdateMapperPost,1,1,172,0,
4581,replayed,UpdateMapperPost,2,22,300,0,
4582,replayed,UpdateMapperPost,3,44,428,0,
4583,replayed,UpdateMapperPost,1,1,173,0,
4584,replayed,UpdateMapperPost,2,23,301,0,
4585,replayed,UpdateMapperPost,3,45,429,0,
4586,replayed,UpdateMapperPost,1,1,174,0,
4587,replayed,UpdateMapperPost,2,23,302,0,
4588,replayed,UpdateMapperPost,3,46,430,0,
4589,replayed,UpdateMapperPost,1,1,175,0,
4590,replayed,UpdateMapperPost,2,24,303,0,
4591,replayed,UpdateMapperPost,3,47,431,0,
4592,replayed,UpdateMapperPost,1,1,176,0,
4593,replayed,UpdateMapperPost,2,24,304,0,
4594,replayed,UpdateMapperPost,3,48,432,0,
4595,replayed,UpdateMapperPost,1,1,177,0,
4596,replayed,UpdateMapperPost,2,25,305,0,
4597,replayed,UpdateMapperPost,3,49,433,0,
4598,replayed,UpdateMapperPost,1,1,178,0,
4599,replayed,UpdateMapperPost,2,25,306,0,
4600,replayed,UpdateMapperPost,3,50,434,0,
4601,replayed,UpdateMapperPost,1,1,179,0,
4602,replayed,UpdateMapperPost,2,26,307,0,
4603,replayed,UpdateMapperPost,3,51,435,0,
4604,replayed,UpdateMapperPost,1,1,180,0,
4605,replayed,UpdateMapperPost,2,26,308,0,
4606,replayed,UpdateMapperPost,3,52,436,0,
4607,replayed,UpdateMapperPost,1,1,181,0,
4608,replayed,UpdateMapperPost,2,27,309,0,
4609,replayed,UpdateMapperPost,3,53,437,0,
4610,replayed,UpdateMapperPost,1,1,182,0,
4611,replayed,UpdateMapperPost,2,27,310,0,
4612,replayed,UpdateMapperPost,3,54,438,0,
4613,replayed,UpdateMapperPost,1,1,183,0,
4614,replayed,UpdateMapperPost,2,28,311,0,
4615,replayed,UpdateMapperPost,3,55,439,0,
4616,replayed,UpdateMapperPost,1,1,184,0,
4617,replayed,UpdateMapperPost,2,28,312,0,
4618,replayed,UpdateMapperPost,3,56,440,0,
4619,replayed,UpdateMapperPost,1,1,185,0,
4620,replayed,UpdateMapperPost,2,29,313,0,
4621,replayed,UpdateMapperPost,3,57,441,0,
4622,replayed,UpdateMapperPost,1,1,186,0,
4623,replayed,UpdateMapperPost,2,29,314,0,
4624,replayed,UpdateMapperPost,3,58,442,0,
4625,replayed,UpdateMapperPost,1,1,187,0,
4626,replayed,UpdateMapperPost,2,30,315,0,
4627,replayed,UpdateMapperPost,3,59,443,0,
4628,replayed,UpdateMapperPost,1,1,188,0,
4629,replayed,UpdateMapperPost,2,30,316,0,
4630,replayed,UpdateMapperPost,3,60,444,0,
4631,replayed,UpdateMapperPost,1,1,189,0,
4632,replayed,UpdateMapperPost,2,31,317,0,
4633,replayed,UpdateMapperPost,3,61,445,0,
4634,replayed,UpdateMapperPost,1,1,190,0,
4635,replayed,UpdateMapperPost,2,31,318,0,
4636,replayed,UpdateMapperPost,3,62,446,0,
4637,replayed,UpdateMapperPost,1,1,191,0,
4638,replayed,UpdateMapperPost,2,32,319,0,
4639,replayed,UpdateMapperPost,3,63,447,0,
4640,replayed,UpdateMapperPost,1,1,192,0,
4641,replayed,UpdateMapperPost,2,32,320,0,
4642,replayed,UpdateMapperPost,3,64,448,0,
4643,replayed,UpdateMapperPre,7,1,0,0,
4644,replayed,UpdateMapperPre,7,2,0,0,
4645,replayed,UpdateMapperPre,7,3,0,0,
4646,replayed,UpdateMapperPre,7,4,0,0,
4647,replayed,UpdateMapperPre,7,5,0,0,
4648,replayed,UpdateMapperPre,7,6,0,0,
4649,replayed,UpdateMapperPre,7,7,0,0,
4650,replayed,UpdateMapperPre,7,8,0,0,
4651,replayed,UpdateMapperPre,7,9,0,0,
4652,replayed,UpdateMapperPre,7,10,0,0,
4653,replayed,UpdateMapperPre,7,11,0,0,
4654,replayed,UpdateMapperPre,7,12,0,0,
4655,replayed,UpdateMapperPre,7,13,0,0,
4656,replayed,UpdateMapperPre,7,14,0,0,
4657,replayed,UpdateMapperPre,7,15,0,0,
4658,replayed,UpdateMapperPre,7,16,0,0,
4659,replayed,UpdateMapperPre,7,17,0,0,
4660,replayed,UpdateMapperPre,7,18,0,0,
4661,replayed,UpdateMapperPre,7,19,0,0,
4662,replayed,UpdateMapperPre,7,20,0,0,
4663,replayed,UpdateMapperPre,7,21,0,0,
4664,replayed,UpdateMapperPre,7,22,0,0,
4665,replayed,UpdateMapperPre,7,23,0,0,
4666,replayed,UpdateMapperPre,7,24,0,0,
4667,replayed,UpdateMapperPre,7,25,0,0,
4668,replayed,UpdateMapperPre,7,26,0,0,
4669,replayed,UpdateMapperPre,7,27,0,0,
4670,replayed,UpdateMapperPre,7,28,0,0,
4671,replayed,UpdateMapperPre,7,29,0,0,
4672,replayed,UpdateMapperPre,7,30,0,0,
4673,replayed,UpdateMapperPre,7,31,0,0,
4674,replayed,UpdateMapperPre,7,32,0,0,
4675,replayed,UpdateMapperPre,7,33,0,0,
4676,replayed,UpdateMapperPre,7,34,0,0,
4677,replayed,UpdateMapperPre,7,35,0,0,
4678,replayed,UpdateMapperPre,7,36,0,0,
4679,replayed,UpdateMapperPre,7,37,0,0,
4680,replayed,UpdateMapperPre,7,38,0,0,
4681,replayed,UpdateMapperPre,7,39,0,0,
4682,replayed,UpdateMapperPre,7,40,0,0,
4683,replayed,UpdateMapperPre,7,41,0,0,
4684,replayed,UpdateMapperPre,7,42,0,0,
4685,replayed,UpdateMapperPre,7,43,0,0,
4686,replayed,UpdateMapperPre,7,44,0,0,
4687,replayed,UpdateMapperPre,7,45,0,0,
4688,replayed,UpdateMapperPre,7,46,0,0,
4689,replayed,UpdateMapperPre,7,47,0,0,
4690,replayed,UpdateMapperPre,7,48,0,0,
4691,replayed,UpdateMapperPre,7,49,0,0,
4692,replayed,UpdateMapperPre,7,50,0,0,
4693,replayed,UpdateMapperPre,7,51,0,0,
4694,replayed,UpdateMapperPre,7,52,0,0,
4695,replayed,UpdateMapperPre,7,53,0,0,
4696,replayed,UpdateMapperPre,7,54,0,0,
4697,replayed,UpdateMapperPre,7,55,0,0,
4698,replayed,UpdateMapperPre,7,56,0,0,
4699,replayed,UpdateMapperPre,7,57,0,0,
4700,replayed,UpdateMapperPre,7,58,0,0,
4701,replayed,UpdateMapperPre,7,59,0,0,
4702,replayed,UpdateMapperPre,7,60,0,0,
4703,replayed,UpdateMapperPre,7,61,0,0,
4704,replayed,UpdateMapperPre,7,62,0,0,
4705,replayed,UpdateMapperPre,7,63,0,0,
4706,replayed,UpdateMapperPre,7,64,0,0,
4709,accepted,ClearPifoEngine,7,0,0,0,
4710,accepted,UpdateBrainEngine,7,1,0,0,
4711,accepted,UpdateBrainFlowState,7,1,897,0,
4711,dispatched,ClearPifoEngine,7,0,0,0,
4712,accepted,UpdateBrainFlowState,7,1,898,0,
4712,dispatched,UpdateBrainEngine,7,1,0,0,
4713,accepted,UpdateBrainFlowState,7,1,899,0,
4713,dispatched,UpdateBrainFlowState,7,1,897,0,
4714,accepted,UpdateBrainFlowState,7,1,900,0,
4714,dispatched,UpdateBrainFlowState,7,1,898,0,
4715,accepted,UpdateBrainFlowState,7,1,901,0,
4715,dispatched,UpdateBrainFlowState,7,1,899,0,
4716,accepted,UpdateBrainFlowState,7,1,902,0,
4716,dispatched,UpdateBrainFlowState,7,1,900,0,
4717,accepted,UpdateBrainFlowState,7,1,903,0,
4717,dispatched,UpdateBrainFlowState,7,1,901,0,
4718,accepted,UpdateBrainFlowState,7,1,904,0,
4718,dispatched,UpdateBrainFlowState,7,1,902,0,
4719,accepted,UpdateBrainFlowState,7,1,905,0,
4719,dispatched,UpdateBrainFlowState,7,1,903,0,
4720,accepted,UpdateBrainFlowState,7,1,906,0,
4720,dispatched,UpdateBrainFlowState,7,1,904,0,
4721,accepted,UpdateBrainFlowState,7,1,907,0,
4721,dispatched,UpdateBrainFlowState,7,1,905,0,
4722,accepted,UpdateBrainFlowState,7,1,908,0,
4722,dispatched,UpdateBrainFlowState,7,1,906,0,
4723,accepted,UpdateBrainFlowState,7,1,909,0,
4723,dispatched,UpdateBrainFlowState,7,1,907,0,
4724,accepted,UpdateBrainFlowState,7,1,910,0,
4724,dispatched,UpdateBrainFlowState,7,1,908,0,
4725,accepted,UpdateBrainFlowState,7,1,911,0,
4725,dispatched,UpdateBrainFlowState,7,1,909,0,
4726,accepted,UpdateBrainFlowState,7,1,912,0,
4726,dispatched,UpdateBrainFlowState,7,1,910,0,
4727,accepted,UpdateBrainFlowState,7,1,913,0,
4727,dispatched,UpdateBrainFlowState,7,1,911,0,
4728,accepted,UpdateBrainFlowState,7,1,914,0,
4728,dispatched,UpdateBrainFlowState,7,1,912,0,
4729,accepted,UpdateBrainFlowState,7,1,915,0,
4729,dispatched,UpdateBrainFlowState,7,1,913,0,
4730,accepted,UpdateBrainFlowState,7,1,916,0,
4730,dispatched,UpdateBrainFlowState,7,1,914,0,
4731,accepted,UpdateBrainFlowState,7,1,917,0,
4731,dispatched,UpdateBrainFlowState,7,1,915,0,
4732,accepted,UpdateBrainFlowState,7,1,918,0,
4732,dispatched,UpdateBrainFlowState,7,1,916,0,
4733,accepted,UpdateBrainFlowState,7,1,919,0,
4733,dispatched,UpdateBrainFlowState,7,1,917,0,
4734,accepted,UpdateBrainFlowState,7,1,920,0,
4734,dispatched,UpdateBrainFlowState,7,1,918,0,
4735,accepted,UpdateBrainFlowState,7,1,921,0,
4735,dispatched,UpdateBrainFlowState,7,1,919,0,
4736,accepted,UpdateBrainFlowState,7,1,922,0,
4736,dispatched,UpdateBrainFlowState,7,1,920,0,
4737,accepted,UpdateBrainFlowState,7,1,923,0,
4737,dispatched,UpdateBrainFlowState,7,1,921,0,
4738,accepted,UpdateBrainFlowState,7,1,924,0,
4738,dispatched,UpdateBrainFlowState,7,1,922,0,
4739,accepted,UpdateBrainFlowState,7,1,925,0,
4739,dispatched,UpdateBrainFlowState,7,1,923,0,
4740,accepted,UpdateBrainFlowState,7,1,926,0,
4740,dispatched,UpdateBrainFlowState,7,1,924,0,
4741,accepted,UpdateBrainFlowState,7,1,927,0,
4741,dispatched,UpdateBrainFlowState,7,1,925,0,
4742,accepted,UpdateBrainFlowState,7,1,928,0,
4742,dispatched,UpdateBrainFlowState,7,1,926,0,
4743,accepted,UpdateBrainFlowState,7,1,929,0,
4743,dispatched,UpdateBrainFlowState,7,1,927,0,
4744,accepted,UpdateBrainFlowState,7,1,930,0,
4744,dispatched,UpdateBrainFlowState,7,1,928,0,
4745,accepted,UpdateBrainFlowState,7,1,931,0,
4745,dispatched,UpdateBrainFlowState,7,1,929,0,
4746,accepted,UpdateBrainFlowState,7,1,932,0,
4746,dispatched,UpdateBrainFlowState,7,1,930,0,
4747,accepted,UpdateBrainFlowState,7,1,933,0,
4747,dispatched,UpdateBrainFlowState,7,1,931,0,
4748,accepted,UpdateBrainFlowState,7,1,934,0,
4748,dispatched,UpdateBrainFlowState,7,1,932,0,
4749,accepted,UpdateBrainFlowState,7,1,935,0,
4749,dispatched,UpdateBrainFlowState,7,1,933,0,
4750,accepted,UpdateBrainFlowState,7,1,936,0,
4750,dispatched,UpdateBrainFlowState,7,1,934,0,
4751,accepted,UpdateBrainFlowState,7,1,937,0,
4751,dispatched,UpdateBrainFlowState,7,1,935,0,
4752,accepted,UpdateBrainFlowState,7,1,938,0,
4752,dispatched,UpdateBrainFlowState,7,1,936,0,
4753,accepted,UpdateBrainFlowState,7,1,939,0,
4753,dispatched,UpdateBrainFlowState,7,1,937,0,
4754,accepted,UpdateBrainFlowState,7,1,940,0,
4754,dispatched,UpdateBrainFlowState,7,1,938,0,
4755,accepted,UpdateBrainFlowState,7,1,941,0,
4755,dispatched,UpdateBrainFlowState,7,1,939,0,
4756,accepted,UpdateBrainFlowState,7,1,942,0,
4756,dispatched,UpdateBrainFlowState,7,1,940,0,
4757,accepted,UpdateBrainFlowState,7,1,943,0,
4757,dispatched,UpdateBrainFlowState,7,1,941,0,
4758,accepted,UpdateBrainFlowState,7,1,944,0,
4758,dispatched,UpdateBrainFlowState,7,1,942,0,
4759,accepted,UpdateBrainFlowState,7,1,945,0,
4759,dispatched,UpdateBrainFlowState,7,1,943,0,
4760,accepted,UpdateBrainFlowState,7,1,946,0,
4760,dispatched,UpdateBrainFlowState,7,1,944,0,
4761,accepted,UpdateBrainFlowState,7,1,947,0,
4761,dispatched,UpdateBrainFlowState,7,1,945,0,
4762,accepted,UpdateBrainFlowState,7,1,948,0,
4762,dispatched,UpdateBrainFlowState,7,1,946,0,
4763,accepted,UpdateBrainFlowState,7,1,949,0,
4763,dispatched,UpdateBrainFlowState,7,1,947,0,
4764,accepted,UpdateBrainFlowState,7,1,950,0,
4764,dispatched,UpdateBrainFlowState,7,1,948,0,
4765,accepted,UpdateBrainFlowState,7,1,951,0,
4765,dispatched,UpdateBrainFlowState,7,1,949,0,
4766,accepted,UpdateBrainFlowState,7,1,952,0,
4766,dispatched,UpdateBrainFlowState,7,1,950,0,
4767,accepted,UpdateBrainFlowState,7,1,953,0,
4767,dispatched,UpdateBrainFlowState,7,1,951,0,
4768,accepted,UpdateBrainFlowState,7,1,954,0,
4768,dispatched,UpdateBrainFlowState,7,1,952,0,
4769,accepted,UpdateBrainFlowState,7,1,955,0,
4769,dispatched,UpdateBrainFlowState,7,1,953,0,
4770,accepted,UpdateBrainFlowState,7,1,956,0,
4770,dispatched,UpdateBrainFlowState,7,1,954,0,
4771,accepted,UpdateBrainFlowState,7,1,957,0,
4771,dispatched,UpdateBrainFlowState,7,1,955,0,
4772,accepted,UpdateBrainFlowState,7,1,958,0,
4772,dispatched,UpdateBrainFlowState,7,1,956,0,
4773,accepted,UpdateBrainFlowState,7,1,959,0,
4773,dispatched,UpdateBrainFlowState,7,1,957,0,
4774,accepted,UpdateBrainFlowState,7,1,960,0,
4774,dispatched,UpdateBrainFlowState,7,1,958,0,
4775,accepted,UpdateMapperPost,7,1,897,0,
4775,dispatched,UpdateBrainFlowState,7,1,959,0,
4776,accepted,UpdateMapperPost,7,1,898,0,
4776,dispatched,UpdateBrainFlowState,7,1,960,0,
4777,accepted,UpdateMapperPost,7,1,899,0,
4777,dispatched,UpdateMapperPost,7,1,897,0,
4778,accepted,UpdateMapperPost,7,1,900,0,
4778,dispatched,UpdateMapperPost,7,1,898,0,
4779,accepted,UpdateMapperPost,7,1,901,0,
4779,dispatched,UpdateMapperPost,7,1,899,0,
4780,accepted,UpdateMapperPost,7,1,902,0,
4780,dispatched,UpdateMapperPost,7,1,900,0,
4781,accepted,UpdateMapperPost,7,1,903,0,
4781,dispatched,UpdateMapperPost,7,1,901,0,
4782,accepted,UpdateMapperPost,7,1,904,0,
4782,dispatched,UpdateMapperPost,7,1,902,0,
4783,accepted,UpdateMapperPost,7,1,905,0,
4783,dispatched,UpdateMapperPost,7,1,903,0,
4784,accepted,UpdateMapperPost,7,1,906,0,
4784,dispatched,UpdateMapperPost,7,1,904,0,
4785,accepted,UpdateMapperPost,7,1,907,0,
4785,dispatched,UpdateMapperPost,7,1,905,0,
4786,accepted,UpdateMapperPost,7,1,908,0,
4786,dispatched,UpdateMapperPost,7,1,906,0,
4787,accepted,UpdateMapperPost,7,1,909,0,
4787,dispatched,UpdateMapperPost,7,1,907,0,
4788,accepted,UpdateMapperPost,7,1,910,0,
4788,dispatched,UpdateMapperPost,7,1,908,0,
4789,accepted,UpdateMapperPost,7,1,911,0,
4789,dispatched,UpdateMapperPost,7,1,909,0,
4790,accepted,UpdateMapperPost,7,1,912,0,
4790,dispatched,UpdateMapperPost,7,1,910,0,
4791,accepted,UpdateMapperPost,7,1,913,0,
4791,dispatched,UpdateMapperPost,7,1,911,0,
4792,accepted,UpdateMapperPost,7,1,914,0,
4792,dispatched,UpdateMapperPost,7,1,912,0,
4793,accepted,UpdateMapperPost,7,1,915,0,
4793,dispatched,UpdateMapperPost,7,1,913,0,
4794,accepted,UpdateMapperPost,7,1,916,0,
4794,dispatched,UpdateMapperPost,7,1,914,0,
4795,accepted,UpdateMapperPost,7,1,917,0,
4795,dispatched,UpdateMapperPost,7,1,915,0,
4796,accepted,UpdateMapperPost,7,1,918,0,
4796,dispatched,UpdateMapperPost,7,1,916,0,
4797,accepted,UpdateMapperPost,7,1,919,0,
4797,dispatched,UpdateMapperPost,7,1,917,0,
4798,accepted,UpdateMapperPost,7,1,920,0,
4798,dispatched,UpdateMapperPost,7,1,918,0,
4799,accepted,UpdateMapperPost,7,1,921,0,
4799,dispatched,UpdateMapperPost,7,1,919,0,
4800,accepted,UpdateMapperPost,7,1,922,0,
4800,dispatched,UpdateMapperPost,7,1,920,0,
4801,accepted,UpdateMapperPost,7,1,923,0,
4801,dispatched,UpdateMapperPost,7,1,921,0,
4802,accepted,UpdateMapperPost,7,1,924,0,
4802,dispatched,UpdateMapperPost,7,1,922,0,
4803,accepted,UpdateMapperPost,7,1,925,0,
4803,dispatched,UpdateMapperPost,7,1,923,0,
4804,accepted,UpdateMapperPost,7,1,926,0,
4804,dispatched,UpdateMapperPost,7,1,924,0,
4805,accepted,UpdateMapperPost,7,1,927,0,
4805,dispatched,UpdateMapperPost,7,1,925,0,
4806,accepted,UpdateMapperPost,7,1,928,0,
4806,dispatched,UpdateMapperPost,7,1,926,0,
4807,accepted,UpdateMapperPost,7,1,929,0,
4807,dispatched,UpdateMapperPost,7,1,927,0,
4808,accepted,UpdateMapperPost,7,1,930,0,
4808,dispatched,UpdateMapperPost,7,1,928,0,
4809,accepted,UpdateMapperPost,7,1,931,0,
4809,dispatched,UpdateMapperPost,7,1,929,0,
4810,accepted,UpdateMapperPost,7,1,932,0,
4810,dispatched,UpdateMapperPost,7,1,930,0,
4811,accepted,UpdateMapperPost,7,1,933,0,
4811,dispatched,UpdateMapperPost,7,1,931,0,
4812,accepted,UpdateMapperPost,7,1,934,0,
4812,dispatched,UpdateMapperPost,7,1,932,0,
4813,accepted,UpdateMapperPost,7,1,935,0,
4813,dispatched,UpdateMapperPost,7,1,933,0,
4814,accepted,UpdateMapperPost,7,1,936,0,
4814,dispatched,UpdateMapperPost,7,1,934,0,
4815,accepted,UpdateMapperPost,7,1,937,0,
4815,dispatched,UpdateMapperPost,7,1,935,0,
4816,accepted,UpdateMapperPost,7,1,938,0,
4816,dispatched,UpdateMapperPost,7,1,936,0,
4817,accepted,UpdateMapperPost,7,1,939,0,
4817,dispatched,UpdateMapperPost,7,1,937,0,
4818,accepted,UpdateMapperPost,7,1,940,0,
4818,dispatched,UpdateMapperPost,7,1,938,0,
4819,accepted,UpdateMapperPost,7,1,941,0,
4819,dispatched,UpdateMapperPost,7,1,939,0,
4820,accepted,UpdateMapperPost,7,1,942,0,
4820,dispatched,UpdateMapperPost,7,1,940,0,
4821,accepted,UpdateMapperPost,7,1,943,0,
4821,dispatched,UpdateMapperPost,7,1,941,0,
4822,accepted,UpdateMapperPost,7,1,944,0,
4822,dispatched,UpdateMapperPost,7,1,942,0,
4823,accepted,UpdateMapperPost,7,1,945,0,
4823,dispatched,UpdateMapperPost,7,1,943,0,
4824,accepted,UpdateMapperPost,7,1,946,0,
4824,dispatched,UpdateMapperPost,7,1,944,0,
4825,accepted,UpdateMapperPost,7,1,947,0,
4825,dispatched,UpdateMapperPost,7,1,945,0,
4826,accepted,UpdateMapperPost,7,1,948,0,
4826,dispatched,UpdateMapperPost,7,1,946,0,
4827,accepted,UpdateMapperPost,7,1,949,0,
4827,dispatched,UpdateMapperPost,7,1,947,0,
4828,accepted,UpdateMapperPost,7,1,950,0,
4828,dispatched,UpdateMapperPost,7,1,948,0,
4829,accepted,UpdateMapperPost,7,1,951,0,
4829,dispatched,UpdateMapperPost,7,1,949,0,
4830,accepted,UpdateMapperPost,7,1,952,0,
4830,dispatched,UpdateMapperPost,7,1,950,0,
4831,accepted,UpdateMapperPost,7,1,953,0,
4831,dispatched,UpdateMapperPost,7,1,951,0,
4832,accepted,UpdateMapperPost,7,1,954,0,
4832,dispatched,UpdateMapperPost,7,1,952,0,
4833,accepted,UpdateMapperPost,7,1,955,0,
4833,dispatched,UpdateMapperPost,7,1,953,0,
4834,accepted,UpdateMapperPost,7,1,956,0,
4834,dispatched,UpdateMapperPost,7,1,954,0,
4835,accepted,UpdateMapperPost,7,1,957,0,
4835,dispatched,UpdateMapperPost,7,1,955,0,
4836,accepted,UpdateMapperPost,7,1,958,0,
4836,dispatched,UpdateMapperPost,7,1,956,0,
4837,accepted,UpdateMapperPost,7,1,959,0,
4837,dispatched,UpdateMapperPost,7,1,957,0,
4838,accepted,UpdateMapperPost,7,1,960,0,
4838,dispatched,UpdateMapperPost,7,1,958,0,
4839,accepted,UpdateMapperPost,7,1,1023,0,
4839,dispatched,UpdateMapperPost,7,1,959,0,
4840,accepted,CommitMapper,1,0,0,0,
4840,dispatched,UpdateMapperPost,7,1,960,0,
4841,dispatched,UpdateMapperPost,7,1,1023,0,
4842,dispatched,CommitMapper,1,0,0,0,
4842,committed,CommitMapper,1,0,0,0,
4843,replayed,UpdateMapperPost,7,1,897,0,
4844,replayed,UpdateMapperPost,7,1,898,0,
4845,replayed,UpdateMapperPost,7,1,899,0,
4846,replayed,UpdateMapperPost,7,1,900,0,
4847,replayed,UpdateMapperPost,7,1,901,0,
4848,replayed,UpdateMapperPost,7,1,902,0,
4849,replayed,UpdateMapperPost,7,1,903,0,
4850,replayed,UpdateMapperPost,7,1,904,0,
4851,replayed,UpdateMapperPost,7,1,905,0,
4852,replayed,UpdateMapperPost,7,1,906,0,
4853,replayed,UpdateMapperPost,7,1,907,0,
4854,replayed,UpdateMapperPost,7,1,908,0,
4855,replayed,UpdateMapperPost,7,1,909,0,
4856,replayed,UpdateMapperPost,7,1,910,0,
4857,replayed,UpdateMapperPost,7,1,911,0,
4858,replayed,UpdateMapperPost,7,1,912,0,
4859,replayed,UpdateMapperPost,7,1,913,0,
4860,replayed,UpdateMapperPost,7,1,914,0,
4861,replayed,UpdateMapperPost,7,1,915,0,
4862,replayed,UpdateMapperPost,7,1,916,0,
4863,replayed,UpdateMapperPost,7,1,917,0,
4864,replayed,UpdateMapperPost,7,1,918,0,
4865,replayed,UpdateMapperPost,7,1,919,0,
4866,replayed,UpdateMapperPost,7,1,920,0,
4867,replayed,UpdateMapperPost,7,1,921,0,
4868,replayed,UpdateMapperPost,7,1,922,0,
4869,replayed,UpdateMapperPost,7,1,923,0,
4870,replayed,UpdateMapperPost,7,1,924,0,
4871,replayed,UpdateMapperPost,7,1,925,0,
4872,replayed,UpdateMapperPost,7,1,926,0,
4873,replayed,UpdateMapperPost,7,1,927,0,
4874,replayed,UpdateMapperPost,7,1,928,0,
4875,replayed,UpdateMapperPost,7,1,929,0,
4876,replayed,UpdateMapperPost,7,1,930,0,
4877,replayed,UpdateMapperPost,7,1,931,0,
4878,replayed,UpdateMapperPost,7,1,932,0,
4879,replayed,UpdateMapperPost,7,1,933,0,
4880,replayed,UpdateMapperPost,7,1,934,0,
4881,replayed,UpdateMapperPost,7,1,935,0,
4882,replayed,UpdateMapperPost,7,1,936,0,
4883,replayed,UpdateMapperPost,7,1,937,0,
4884,replayed,UpdateMapperPost,7,1,938,0,
4885,replayed,UpdateMapperPost,7,1,939,0,
4886,replayed,UpdateMapperPost,7,1,940,0,
4887,replayed,UpdateMapperPost,7,1,941,0,
4888,replayed,UpdateMapperPost,7,1,942,0,
4889,replayed,UpdateMapperPost,7,1,943,0,
4890,replayed,UpdateMapperPost,7,1,944,0,
4891,replayed,UpdateMapperPost,7,1,945,0,
4892,replayed,UpdateMapperPost,7,1,946,0,
4893,replayed,UpdateMapperPost,7,1,947,0,
4894,replayed,UpdateMapperPost,7,1,948,0,
4895,replayed,UpdateMapperPost,7,1,949,0,
4896,replayed,UpdateMapperPost,7,1,950,0,
4897,replayed,UpdateMapperPost,7,1,951,0,
4898,replayed,UpdateMapperPost,7,1,952,0,
4899,replayed,UpdateMapperPost,7,1,953,0,
4900,replayed,UpdateMapperPost,7,1,954,0,
4901,replayed,UpdateMapperPost,7,1,955,0,
4902,replayed,UpdateMapperPost,7,1,956,0,
4903,replayed,UpdateMapperPost,7,1,957,0,
4904,replayed,UpdateMapperPost,7,1,958,0,
4905,replayed,UpdateMapperPost,7,1,959,0,
4906,replayed,UpdateMapperPost,7,1,960,0,
4907,replayed,UpdateMapperPost,7,1,1023,0,
