request_id,global_flow_id,size_bytes,arrival_cycle,admitted_cycle,completed_cycle,admission_delay_cycles,sojourn_cycles
1,1,48,0,1,24,1,24
3,3,48,5,7,27,2,22
2,2,48,3,4,30,1,27
4,4,48,8,10,33,2,25
6,6,48,14,16,36,2,22
7,7,48,16,17,39,1,23
5,5,48,11,12,42,1,31
8,8,48,19,21,45,2,26
9,9,48,22,23,48,1,26
12,12,48,30,31,51,1,21
10,10,48,25,26,54,1,29
11,11,48,27,28,57,1,30
13,13,48,33,34,60,1,27
15,15,48,38,39,63,1,25
14,14,48,35,37,66,2,31
16,16,48,41,43,69,2,28
18,18,48,46,47,72,1,26
19,19,48,49,50,75,1,26
17,17,48,44,46,78,2,34
20,20,48,52,54,81,2,29
21,21,48,55,56,84,1,29
24,24,48,63,64,87,1,24
22,22,48,57,59,90,2,33
23,23,48,60,61,93,1,33
25,25,48,65,67,96,2,31
27,27,48,71,72,99,1,28
30,30,48,79,81,102,2,23
26,26,48,68,70,105,2,37
28,28,48,74,76,108,2,34
29,29,48,76,77,111,1,35
31,31,48,82,83,114,1,32
33,33,48,87,88,117,1,30
32,32,48,85,86,120,1,35
34,34,48,90,91,123,1,33
36,36,48,95,97,126,2,31
37,37,48,98,99,129,1,31
39,39,48,104,106,132,2,28
35,35,48,93,94,135,1,42
38,38,48,101,103,138,2,37
40,40,48,106,107,141,1,35
42,42,48,112,114,144,2,32
43,43,48,115,116,147,1,32
45,45,48,120,121,150,1,30
41,41,48,109,110,153,1,44
44,44,48,117,119,156,2,39
46,46,48,123,124,159,1,36
48,48,48,128,130,162,2,34
49,49,48,131,132,165,1,34
51,51,48,136,137,168,1,32
47,47,48,125,127,171,2,46
50,50,48,134,136,174,2,40
52,52,48,139,141,177,2,38
54,54,48,145,146,180,1,35
55,55,48,147,148,183,1,36
57,57,48,153,154,186,1,33
53,53,48,142,143,189,1,47
56,56,48,150,151,192,1,42
58,58,48,155,157,195,2,40
60,60,48,161,163,198,2,37
61,61,48,164,166,201,2,37
63,63,48,169,170,204,1,35
65,1,48,175,176,207,1,32
59,59,48,158,159,210,1,52
62,62,48,166,167,213,1,47
64,64,48,172,174,216,2,44
66,2,48,178,179,219,1,41
67,3,48,180,181,222,1,42
70,6,48,189,190,225,1,36
71,7,48,191,192,228,1,37
68,4,48,183,184,231,1,48
69,5,48,186,187,234,1,48
72,8,48,194,196,237,2,43
73,9,48,197,199,240,2,43
76,12,48,205,206,243,1,38
77,13,48,208,209,246,1,38
79,15,48,213,214,249,1,36
74,10,48,200,201,252,1,52
75,11,48,202,204,255,2,53
78,14,48,210,211,258,1,48
80,16,48,216,217,261,1,45
82,18,48,221,222,264,1,43
83,19,48,224,226,267,2,43
85,21,48,230,231,270,1,40
88,24,48,238,239,273,1,35
81,17,48,219,220,276,1,57
84,20,48,227,229,279,2,52
86,22,48,232,234,282,2,50
87,23,48,235,236,285,1,50
89,25,48,240,241,288,1,48
91,27,48,246,247,291,1,45
94,30,48,254,256,294,2,40
95,31,48,257,259,297,2,40
90,26,48,243,244,300,1,57
92,28,48,249,250,303,1,54
93,29,48,251,252,306,1,55
96,32,48,260,261,309,1,49
97,33,48,262,264,312,2,50
100,36,48,270,271,315,1,45
101,37,48,273,274,318,1,45
103,39,48,279,280,321,1,42
106,42,48,287,289,324,2,37
98,34,48,265,266,327,1,62
99,35,48,268,269,330,1,62
102,38,48,276,277,333,1,57
104,40,48,281,282,336,1,55
105,41,48,284,286,339,2,55
107,43,48,290,291,342,1,52
109,45,48,295,296,345,1,50
112,48,48,303,304,348,1,45
113,49,48,306,307,351,1,45
115,51,48,311,312,354,1,43
108,44,48,292,294,357,2,65
110,46,48,298,299,360,1,62
111,47,48,300,301,363,1,63
114,50,48,309,310,366,1,57
116,52,48,314,316,369,2,55
118,54,48,320,321,372,1,52
119,55,48,322,324,375,2,53
121,57,48,328,329,378,1,50
124,60,48,336,337,381,1,45
125,61,48,339,340,384,1,45
117,53,48,317,319,387,2,70
120,56,48,325,326,390,1,65
122,58,48,330,331,393,1,63
123,59,48,333,334,396,1,63
126,62,48,341,342,399,1,58
127,63,48,344,346,402,2,58
129,1,48,349,350,405,1,56
131,3,48,354,355,408,1,54
134,6,48,363,364,411,1,48
135,7,48,365,366,414,1,49
137,9,48,371,373,417,2,46
128,64,48,347,349,420,2,73
130,2,48,352,353,423,1,71
132,4,48,357,358,426,1,69
133,5,48,360,361,429,1,69
136,8,48,368,370,432,2,64
138,10,48,374,375,435,1,61
140,12,48,379,380,438,1,59
141,13,48,382,383,441,1,59
143,15,48,387,388,444,1,57
146,18,48,395,396,447,1,52
147,19,48,398,400,450,2,52
149,21,48,404,405,453,1,49
139,11,48,376,378,456,2,80
142,14,48,384,385,459,1,75
144,16,48,390,391,462,1,72
145,17,48,393,394,465,1,72
148,20,48,401,403,468,2,67
150,22,48,406,408,471,2,65
152,24,48,412,413,474,1,62
153,25,48,414,415,477,1,63
155,27,48,420,421,480,1,60
158,30,48,428,430,483,2,55
159,31,48,431,433,486,2,55
161,33,48,436,438,489,2,53
164,36,48,444,445,492,1,48
151,23,48,409,410,495,1,86
154,26,48,417,418,498,1,81
156,28,48,423,424,501,1,78
157,29,48,425,426,504,1,79
160,32,48,434,435,507,1,73
162,34,48,439,440,510,1,71
163,35,48,442,443,513,1,71
165,37,48,447,448,516,1,69
167,39,48,453,454,519,1,66
170,42,48,461,463,522,2,61
171,43,48,464,465,525,1,61
173,45,48,469,470,528,1,59
176,48,48,477,478,531,1,54
177,49,48,480,481,534,1,54
166,38,48,450,451,537,1,87
168,40,48,455,456,540,1,85
169,41,48,458,460,543,2,85
172,44,48,466,468,546,2,80
174,46,48,472,473,549,1,77
175,47,48,474,475,552,1,78
178,50,48,483,484,555,1,72
179,51,48,485,486,558,1,73
182,54,48,494,495,561,1,67
183,55,48,496,498,564,2,68
185,57,48,502,503,567,1,65
188,60,48,510,511,570,1,60
189,61,48,513,514,573,1,60
191,63,48,518,520,576,2,58
180,52,48,488,490,579,2,91
181,53,48,491,493,582,2,91
184,56,48,499,500,585,1,86
186,58,48,504,505,588,1,84
187,59,48,507,508,591,1,84
190,62,48,515,516,594,1,79
192,64,48,521,523,597,2,76
193,1,48,524,525,600,1,76
195,3,48,529,530,603,1,74
198,6,48,538,539,606,1,68
199,7,48,540,541,609,1,69
201,9,48,546,547,612,1,66
204,12,48,554,556,615,2,61
205,13,48,557,559,618,2,61
207,15,48,562,563,621,1,59
194,2,48,527,529,624,2,97
196,4,48,532,534,627,2,95
197,5,48,535,536,630,1,95
200,8,48,543,544,633,1,90
202,10,48,549,550,636,1,87
203,11,48,551,552,639,1,88
206,14,48,559,560,642,1,83
208,16,48,565,567,645,2,80
210,18,48,570,572,648,2,78
211,19,48,573,574,651,1,78
213,21,48,579,580,654,1,75
216,24,48,587,589,657,2,70
217,25,48,589,590,660,1,71
219,27,48,595,596,663,1,68
222,30,48,603,604,666,1,63
223,31,48,606,607,669,1,63
209,17,48,568,569,672,1,104
212,20,48,576,577,675,1,99
214,22,48,581,583,678,2,97
215,23,48,584,585,681,1,97
218,26,48,592,594,684,2,92
220,28,48,598,599,687,1,89
221,29,48,600,601,690,1,90
224,32,48,609,610,693,1,84
225,33,48,611,612,696,1,85
228,36,48,619,620,699,1,80
229,37,48,622,623,702,1,80
231,39,48,628,629,705,1,77
234,42,48,636,637,708,1,72
235,43,48,639,640,711,1,72
237,45,48,644,645,714,1,70
240,48,48,652,654,717,2,65
241,49,48,655,656,720,1,65
226,34,48,614,616,723,2,109
227,35,48,617,619,726,2,109
230,38,48,625,627,729,2,104
232,40,48,630,632,732,2,102
233,41,48,633,634,735,1,102
236,44,48,641,643,738,2,97
238,46,48,647,649,741,2,94
239,47,48,649,650,744,1,95
242,50,48,658,659,747,1,89
243,51,48,660,661,750,1,90
246,54,48,669,670,753,1,84
247,55,48,671,672,756,1,85
249,57,48,677,679,759,2,82
252,60,48,685,687,762,2,77
253,61,48,688,689,765,1,77
255,63,48,693,694,768,1,75
257,1,48,698,700,771,2,73
259,3,48,703,704,774,1,71
244,52,48,663,664,777,1,114
245,53,48,666,667,780,1,114
248,56,48,674,676,783,2,109
250,58,48,679,680,786,1,107
251,59,48,682,683,789,1,107
254,62,48,690,692,792,2,102
256,64,48,696,697,795,1,99
258,2,48,701,703,798,2,97
260,4,48,706,707,801,1,95
262,6,48,712,713,804,1,92
263,7,48,714,716,807,2,93
265,9,48,720,721,810,1,90
268,12,48,728,729,813,1,85
269,13,48,731,733,816,2,85
271,15,48,736,738,819,2,83
274,18,48,744,745,822,1,78
275,19,48,747,748,825,1,78
277,21,48,753,754,828,1,75
280,24,48,761,763,831,2,70
281,25,48,763,764,834,1,71
261,5,48,709,711,837,2,128
264,8,48,717,718,840,1,123
266,10,48,723,724,843,1,120
267,11,48,725,727,846,2,121
270,14,48,733,734,849,1,116
272,16,48,739,740,852,1,113
273,17,48,742,743,855,1,113
276,20,48,750,751,858,1,108
278,22,48,755,756,861,1,106
279,23,48,758,760,864,2,106
282,26,48,766,767,867,1,101
283,27,48,769,771,870,2,101
286,30,48,777,778,873,1,96
287,31,48,780,781,876,1,96
289,33,48,785,787,879,2,94
292,36,48,793,794,882,1,89
293,37,48,796,798,885,2,89
295,39,48,802,803,888,1,86
298,42,48,810,811,891,1,81
299,43,48,813,814,894,1,81
301,45,48,818,820,897,2,79
304,48,48,826,827,900,1,74
284,28,48,772,773,903,1,131
285,29,48,774,776,906,2,132
288,32,48,783,784,909,1,126
290,34,48,788,789,912,1,124
291,35,48,791,793,915,2,124
294,38,48,799,800,918,1,119
296,40,48,804,805,921,1,117
297,41,48,807,808,924,1,117
300,44,48,815,816,927,1,112
302,46,48,821,823,930,2,109
303,47,48,823,824,933,1,110
305,49,48,829,831,936,2,107
307,51,48,834,836,939,2,105
310,54,48,843,844,942,1,99
311,55,48,845,847,945,2,100
313,57,48,851,853,948,2,97
316,60,48,859,860,951,1,92
317,61,48,862,863,954,1,92
319,63,48,867,868,957,1,90
321,1,48,873,874,960,1,87
323,3,48,878,880,963,2,85
326,6,48,887,889,966,2,79
327,7,48,889,890,969,1,80
306,50,48,832,833,972,1,140
308,52,48,837,838,975,1,138
309,53,48,840,841,978,1,138
312,56,48,848,849,981,1,133
314,58,48,853,854,984,1,131
315,59,48,856,858,987,2,131
318,62,48,864,865,990,1,126
320,64,48,870,871,993,1,123
322,2,48,876,877,996,1,120
324,4,48,881,883,999,2,118
325,5,48,884,885,1002,1,118
328,8,48,892,894,1005,2,113
329,9,48,895,896,1008,1,113
332,12,48,903,904,1011,1,108
333,13,48,906,907,1014,1,108
335,15,48,911,912,1017,1,106
338,18,48,919,920,1020,1,101
339,19,48,922,923,1023,1,101
341,21,48,928,929,1026,1,98
344,24,48,936,937,1029,1,93
345,25,48,938,940,1032,2,94
347,27,48,944,945,1035,1,91
350,30,48,952,954,1038,2,86
351,31,48,955,956,1041,1,86
330,10,48,898,899,1044,1,146
331,11,48,900,901,1047,1,147
334,14,48,908,910,1050,2,142
336,16,48,914,916,1053,2,139
337,17,48,917,919,1056,2,139
340,20,48,925,927,1059,2,134
342,22,48,930,932,1062,2,132
343,23,48,933,934,1065,1,132
346,26,48,941,943,1068,2,127
348,28,48,947,949,1071,2,124
349,29,48,949,950,1074,1,125
352,32,48,958,959,1077,1,119
353,33,48,960,961,1080,1,120
356,36,48,968,970,1083,2,115
357,37,48,971,972,1086,1,115
359,39,48,977,979,1089,2,112
362,42,48,985,987,1092,2,107
363,43,48,988,989,1095,1,107
365,45,48,993,994,1098,1,105
368,48,48,1001,1003,1101,2,100
369,49,48,1004,1005,1104,1,100
371,51,48,1009,1010,1107,1,98
374,54,48,1018,1019,1110,1,92
375,55,48,1020,1021,1113,1,93
377,57,48,1026,1027,1116,1,90
354,34,48,963,964,1119,1,156
355,35,48,966,967,1122,1,156
358,38,48,974,976,1125,2,151
360,40,48,979,980,1128,1,149
361,41,48,982,983,1131,1,149
364,44,48,990,992,1134,2,144
366,46,48,996,997,1137,1,141
367,47,48,998,1000,1140,2,142
370,50,48,1007,1009,1143,2,136
372,52,48,1012,1014,1146,2,134
373,53,48,1015,1016,1149,1,134
376,56,48,1023,1024,1152,1,129
378,58,48,1028,1030,1155,2,127
380,60,48,1034,1036,1158,2,124
381,61,48,1037,1039,1161,2,124
383,63,48,1042,1043,1164,1,122
385,1,48,1047,1048,1167,1,120
387,3,48,1052,1054,1170,2,118
390,6,48,1061,1063,1173,2,112
391,7,48,1063,1064,1176,1,113
393,9,48,1069,1070,1179,1,110
396,12,48,1077,1078,1182,1,105
397,13,48,1080,1081,1185,1,105
399,15,48,1085,1086,1188,1,103
402,18,48,1093,1094,1191,1,98
403,19,48,1096,1097,1194,1,98
405,21,48,1102,1103,1197,1,95
379,59,48,1031,1032,1200,1,169
382,62,48,1039,1040,1203,1,164
384,64,48,1045,1047,1206,2,161
386,2,48,1050,1051,1209,1,159
388,4,48,1055,1057,1212,2,157
389,5,48,1058,1059,1215,1,157
392,8,48,1066,1068,1218,2,152
394,10,48,1072,1073,1221,1,149
395,11,48,1074,1075,1224,1,150
398,14,48,1082,1084,1227,2,145
400,16,48,1088,1090,1230,2,142
401,17,48,1091,1093,1233,2,142
404,20,48,1099,1101,1236,2,137
406,22,48,1104,1106,1239,2,135
408,24,48,1110,1111,1242,1,132
409,25,48,1112,1114,1245,2,133
411,27,48,1118,1119,1248,1,130
414,30,48,1126,1128,1251,2,125
415,31,48,1129,1130,1254,1,125
417,33,48,1134,1135,1257,1,123
420,36,48,1142,1144,1260,2,118
421,37,48,1145,1146,1263,1,118
423,39,48,1151,1153,1266,2,115
426,42,48,1159,1161,1269,2,110
427,43,48,1162,1163,1272,1,110
429,45,48,1167,1168,1275,1,108
432,48,48,1175,1177,1278,2,103
433,49,48,1178,1179,1281,1,103
435,51,48,1183,1184,1284,1,101
407,23,48,1107,1108,1287,1,180
410,26,48,1115,1117,1290,2,175
412,28,48,1121,1123,1293,2,172
413,29,48,1123,1124,1296,1,173
416,32,48,1132,1133,1299,1,167
418,34,48,1137,1138,1302,1,165
419,35,48,1140,1141,1305,1,165
422,38,48,1148,1150,1308,2,160
424,40,48,1153,1154,1311,1,158
425,41,48,1156,1157,1314,1,158
428,44,48,1164,1166,1317,2,153
430,46,48,1170,1171,1320,1,150
431,47,48,1172,1174,1323,2,151
434,50,48,1181,1183,1326,2,145
436,52,48,1186,1188,1329,2,143
438,54,48,1192,1193,1332,1,140
439,55,48,1194,1195,1335,1,141
441,57,48,1200,1201,1338,1,138
444,60,48,1208,1210,1341,2,133
445,61,48,1211,1213,1344,2,133
447,63,48,1216,1217,1347,1,131
449,1,48,1222,1223,1350,1,128
451,3,48,1227,1228,1353,1,126
454,6,48,1236,1237,1356,1,120
455,7,48,1238,1239,1359,1,121
457,9,48,1244,1246,1362,2,118
460,12,48,1252,1253,1365,1,113
461,13,48,1255,1256,1368,1,113
463,15,48,1260,1261,1371,1,111
466,18,48,1268,1269,1374,1,106
467,19,48,1271,1273,1377,2,106
437,53,48,1189,1190,1380,1,191
503,55,48,1369,1371,1383,2,14
442,58,48,1202,1204,1386,2,184
443,59,48,1205,1206,1389,1,184
446,62,48,1213,1214,1392,1,179
448,64,48,1219,1221,1395,2,176
450,2,48,1225,1226,1398,1,173
452,4,48,1230,1231,1401,1,171
453,5,48,1233,1234,1404,1,171
456,8,48,1241,1243,1407,2,166
458,10,48,1247,1248,1410,1,163
459,11,48,1249,1251,1413,2,164
462,14,48,1257,1258,1416,1,159
464,16,48,1263,1264,1419,1,156
465,17,48,1266,1267,1422,1,156
468,20,48,1274,1276,1425,2,151
469,21,48,1277,1278,1428,1,151
472,24,48,1285,1286,1431,1,146
473,25,48,1287,1288,1434,1,147
475,27,48,1293,1294,1437,1,144
478,30,48,1301,1303,1440,2,139
479,31,48,1304,1306,1443,2,139
481,33,48,1309,1311,1446,2,137
484,36,48,1317,1318,1449,1,132
485,37,48,1320,1321,1452,1,132
487,39,48,1326,1327,1455,1,129
490,42,48,1334,1336,1458,2,124
491,43,48,1337,1338,1461,1,124
493,45,48,1342,1343,1464,1,122
496,48,48,1350,1351,1467,1,117
497,49,48,1353,1354,1470,1,117
499,51,48,1358,1359,1473,1,115
470,22,48,1279,1281,1476,2,197
471,23,48,1282,1283,1479,1,197
537,25,48,1461,1462,1482,1,21
476,28,48,1296,1297,1485,1,189
477,29,48,1298,1299,1488,1,190
543,31,48,1478,1480,1491,2,13
482,34,48,1312,1313,1494,1,182
483,35,48,1315,1316,1497,1,182
486,38,48,1323,1324,1500,1,177
488,40,48,1328,1329,1503,1,175
489,41,48,1331,1333,1506,2,175
492,44,48,1339,1341,1509,2,170
494,46,48,1345,1346,1512,1,167
495,47,48,1347,1348,1515,1,168
498,50,48,1356,1357,1518,1,162
500,52,48,1361,1363,1521,2,160
502,54,48,1367,1368,1524,1,157
440,56,48,1197,1198,1527,1,330
505,57,48,1375,1376,1530,1,155
508,60,48,1383,1384,1533,1,150
509,61,48,1386,1387,1536,1,150
511,63,48,1391,1393,1539,2,148
513,1,48,1396,1397,1542,1,146
515,3,48,1401,1402,1545,1,144
518,6,48,1410,1411,1548,1,138
519,7,48,1412,1413,1551,1,139
521,9,48,1418,1420,1554,2,136
524,12,48,1426,1427,1557,1,131
525,13,48,1429,1430,1560,1,131
527,15,48,1434,1435,1563,1,129
530,18,48,1442,1443,1566,1,124
531,19,48,1445,1447,1569,2,124
566,54,48,1541,1542,1572,1,31
567,55,48,1543,1545,1575,2,32
506,58,48,1377,1378,1578,1,201
507,59,48,1380,1381,1581,1,201
573,61,48,1560,1561,1584,1,24
512,64,48,1394,1396,1587,2,193
577,1,48,1571,1572,1590,1,19
516,4,48,1404,1405,1593,1,189
517,5,48,1407,1408,1596,1,189
583,7,48,1587,1588,1599,1,12
522,10,48,1421,1422,1602,1,181
523,11,48,1423,1425,1605,2,182
526,14,48,1431,1432,1608,1,177
528,16,48,1437,1438,1611,1,174
529,17,48,1440,1441,1614,1,174
532,20,48,1448,1450,1617,2,169
533,21,48,1451,1452,1620,1,169
536,24,48,1459,1460,1623,1,164
474,26,48,1290,1291,1626,1,336
539,27,48,1467,1468,1629,1,162
542,30,48,1475,1477,1632,2,157
480,32,48,1307,1308,1635,1,328
545,33,48,1483,1485,1638,2,155
548,36,48,1491,1492,1641,1,150
549,37,48,1494,1495,1644,1,150
551,39,48,1500,1501,1647,1,147
554,42,48,1508,1510,1650,2,142
555,43,48,1511,1512,1653,1,142
557,45,48,1516,1517,1656,1,140
560,48,48,1524,1525,1659,1,135
561,49,48,1527,1528,1662,1,135
563,51,48,1532,1533,1665,1,133
534,22,48,1453,1455,1668,2,215
600,24,48,1634,1636,1671,2,37
601,25,48,1636,1637,1674,1,38
540,28,48,1470,1471,1677,1,207
606,30,48,1650,1651,1680,1,30
607,31,48,1653,1654,1683,1,30
546,34,48,1486,1487,1686,1,200
547,35,48,1489,1490,1689,1,200
613,37,48,1669,1670,1692,1,23
552,40,48,1502,1503,1695,1,193
553,41,48,1505,1507,1698,2,193
619,43,48,1686,1687,1701,1,15
558,46,48,1519,1520,1704,1,185
559,47,48,1521,1522,1707,1,186
562,50,48,1530,1531,1710,1,180
564,52,48,1535,1537,1713,2,178
501,53,48,1364,1366,1716,2,352
504,56,48,1372,1373,1719,1,347
569,57,48,1549,1550,1722,1,173
572,60,48,1557,1558,1725,1,168
510,62,48,1388,1389,1728,1,340
575,63,48,1565,1567,1731,2,166
514,2,48,1399,1400,1734,1,335
579,3,48,1576,1577,1737,1,161
582,6,48,1585,1586,1740,1,155
520,8,48,1415,1417,1743,2,328
585,9,48,1593,1594,1746,1,153
588,12,48,1601,1603,1749,2,148
589,13,48,1604,1606,1752,2,148
591,15,48,1609,1610,1755,1,146
594,18,48,1617,1619,1758,2,141
595,19,48,1620,1621,1761,1,141
630,54,48,1716,1717,1764,1,48
631,55,48,1718,1719,1767,1,49
570,58,48,1551,1552,1770,1,219
636,60,48,1732,1734,1773,2,41
637,61,48,1735,1736,1776,1,41
576,64,48,1568,1570,1779,2,211
641,1,48,1745,1747,1782,2,37
580,4,48,1579,1581,1785,2,206
646,6,48,1759,1760,1788,1,29
647,7,48,1761,1763,1791,2,30
586,10,48,1596,1597,1794,1,198
587,11,48,1598,1599,1797,1,199
653,13,48,1778,1780,1800,2,22
592,16,48,1612,1614,1803,2,191
593,17,48,1615,1616,1806,1,191
659,19,48,1794,1795,1809,1,15
597,21,48,1626,1627,1812,1,186
535,23,48,1456,1457,1815,1,359
538,26,48,1464,1465,1818,1,354
603,27,48,1642,1643,1821,1,179
541,29,48,1472,1473,1824,1,352
544,32,48,1481,1482,1827,1,346
609,33,48,1658,1659,1830,1,172
612,36,48,1666,1667,1833,1,167
550,38,48,1497,1498,1836,1,339
615,39,48,1675,1676,1839,1,164
618,42,48,1683,1684,1842,1,159
556,44,48,1513,1515,1845,2,332
621,45,48,1691,1692,1848,1,157
624,48,48,1699,1701,1851,2,152
625,49,48,1702,1703,1854,1,152
627,51,48,1707,1708,1857,1,150
598,22,48,1628,1630,1860,2,232
664,24,48,1808,1810,1863,2,55
665,25,48,1810,1811,1866,1,56
604,28,48,1645,1646,1869,1,224
670,30,48,1824,1825,1872,1,48
671,31,48,1827,1828,1875,1,48
610,34,48,1661,1663,1878,2,217
676,36,48,1840,1841,1881,1,41
677,37,48,1843,1845,1884,2,41
616,40,48,1677,1679,1887,2,210
682,42,48,1857,1858,1890,1,33
683,43,48,1860,1861,1893,1,33
622,46,48,1694,1696,1896,2,202
623,47,48,1696,1697,1899,1,203
689,49,48,1876,1878,1902,2,26
628,52,48,1710,1711,1905,1,195
565,53,48,1538,1540,1908,2,370
695,55,48,1892,1894,1911,2,19
633,57,48,1724,1726,1914,2,190
571,59,48,1554,1555,1917,1,363
574,62,48,1562,1563,1920,1,358
639,63,48,1740,1741,1923,1,183
578,2,48,1574,1576,1926,2,352
643,3,48,1750,1751,1929,1,179
581,5,48,1582,1583,1932,1,350
584,8,48,1590,1591,1935,1,345
649,9,48,1767,1768,1938,1,171
652,12,48,1775,1776,1941,1,166
590,14,48,1606,1607,1944,1,338
655,15,48,1783,1785,1947,2,164
658,18,48,1791,1792,1950,1,159
596,20,48,1623,1624,1953,1,330
694,54,48,1890,1891,1956,1,66
568,56,48,1546,1547,1959,1,413
634,58,48,1726,1727,1962,1,236
700,60,48,1906,1907,1965,1,59
701,61,48,1909,1910,1968,1,59
640,64,48,1743,1744,1971,1,228
705,1,48,1920,1921,1974,1,54
644,4,48,1753,1754,1977,1,224
710,6,48,1934,1936,1980,2,46
711,7,48,1936,1937,1983,1,47
650,10,48,1770,1771,1986,1,216
716,12,48,1950,1951,1989,1,39
717,13,48,1953,1954,1992,1,39
656,16,48,1786,1787,1995,1,209
722,18,48,1966,1967,1998,1,32
723,19,48,1969,1970,2001,1,32
661,21,48,1800,1801,2004,1,204
599,23,48,1631,1632,2007,1,376
729,25,48,1985,1987,2010,2,25
667,27,48,1816,1818,2013,2,197
605,29,48,1647,1648,3211,1,1564
608,32,48,1656,1657,3214,1,1558
673,33,48,1832,1834,3217,2,1385
611,35,48,1664,1666,3220,2,1556
614,38,48,1672,1674,3223,2,1551
679,39,48,1849,1850,3226,1,1377
617,41,48,1680,1681,3229,1,1549
620,44,48,1688,1690,3232,2,1544
685,45,48,1865,1867,3235,2,1370
688,48,48,1873,1874,3238,1,1365
626,50,48,1705,1706,3241,1,1536
691,51,48,1881,1883,3244,2,1363
662,22,48,1802,1803,3247,1,1445
728,24,48,1983,1984,3250,1,1267
602,26,48,1639,1641,3253,2,1614
668,28,48,1819,1820,3256,1,1437
734,30,48,1999,2001,3259,2,1260
672,32,48,1830,1831,3262,1,1432
674,34,48,1835,1836,3265,1,1430
675,35,48,1838,1840,3268,2,1430
678,38,48,1846,1847,3271,1,1425
680,40,48,1851,1852,3274,1,1423
681,41,48,1854,1855,3277,1,1423
684,44,48,1862,1863,3280,1,1418
686,46,48,1868,1870,3283,2,1415
687,47,48,1870,1871,3286,1,1416
690,50,48,1879,1880,3289,1,1410
692,52,48,1884,1885,3292,1,1408
629,53,48,1713,1714,3295,1,1582
632,56,48,1721,1723,3298,2,1577
697,57,48,1898,1900,3301,2,1403
635,59,48,1729,1730,3304,1,1575
638,62,48,1737,1739,3307,2,1570
703,63,48,1914,1915,3310,1,1396
642,2,48,1748,1750,3313,2,1565
707,3,48,1925,1927,3316,2,1391
645,5,48,1756,1758,3319,2,1563
648,8,48,1764,1765,3322,1,1558
713,9,48,1942,1943,3325,1,1383
651,11,48,1772,1774,3328,2,1556
654,14,48,1780,1781,3331,1,1551
719,15,48,1958,1959,3334,1,1376
657,17,48,1789,1790,3337,1,1548
660,20,48,1797,1798,3340,1,1543
693,53,48,1887,1888,3343,1,1456
696,56,48,1895,1896,3346,1,1451
698,58,48,1900,1901,3349,1,1449
699,59,48,1903,1905,3352,2,1449
702,62,48,1911,1912,3355,1,1444
704,64,48,1917,1918,3358,1,1441
706,2,48,1923,1924,3361,1,1438
708,4,48,1928,1930,3364,2,1436
709,5,48,1931,1932,3367,1,1436
712,8,48,1939,1941,3370,2,1431
714,10,48,1945,1946,3373,1,1428
715,11,48,1947,1948,3376,1,1429
718,14,48,1955,1957,3379,2,1424
720,16,48,1961,1963,3382,2,1421
721,17,48,1964,1966,3385,2,1421
724,20,48,1972,1974,3388,2,1416
725,21,48,1975,1976,3391,1,1416
663,23,48,1805,1807,3394,2,1589
666,26,48,1813,1814,3397,1,1584
731,27,48,1991,1992,3400,1,1409
669,29,48,1821,1823,3403,2,1582
726,22,48,1977,1979,3406,2,1429
727,23,48,1980,1981,3409,1,1429
730,26,48,1988,1990,3412,2,1424
732,28,48,1994,1996,3415,2,1421
733,29,48,1996,1997,3418,1,1422
735,1,48,2000,3193,3421,1193,1421
799,1,48,2175,3257,3424,1082,1249
737,3,48,2005,3195,3427,1190,1422
740,6,48,2014,3198,3430,1184,1416
741,7,48,2016,3199,3433,1183,1417
743,9,48,2022,3201,3436,1179,1414
746,12,48,2030,3204,3439,1174,1409
747,13,48,2033,3205,3442,1172,1409
749,15,48,2038,3207,3445,1169,1407
752,18,48,2046,3210,3448,1164,1402
753,19,48,2049,3211,3451,1162,1402
755,21,48,2055,3213,3454,1158,1399
758,24,48,2063,3216,3457,1153,1394
759,25,48,2065,3217,3460,1152,1395
761,27,48,2071,3219,3463,1148,1392
764,30,48,2079,3222,3466,1143,1387
765,31,48,2082,3223,3469,1141,1387
767,33,48,2087,3225,3472,1138,1385
770,36,48,2095,3228,3475,1133,1380
771,37,48,2098,3229,3478,1131,1380
773,39,48,2104,3231,3481,1127,1377
776,42,48,2112,3234,3484,1122,1372
777,43,48,2115,3235,3487,1120,1372
779,45,48,2120,3237,3490,1117,1370
782,48,48,2128,3240,3493,1112,1365
783,49,48,2131,3241,3496,1110,1365
785,51,48,2136,3243,3499,1107,1363
788,54,48,2145,3246,3502,1101,1357
789,55,48,2147,3247,3505,1100,1358
791,57,48,2153,3249,3508,1096,1355
794,60,48,2161,3252,3511,1091,1350
795,61,48,2164,3253,3514,1089,1350
797,63,48,2169,3255,3517,1086,1348
863,1,48,2349,3321,3520,972,1171
738,4,48,2008,3196,3523,1188,1515
739,5,48,2011,3197,3526,1186,1515
805,7,48,2191,3263,3529,1072,1338
744,10,48,2025,3202,3532,1177,1507
745,11,48,2027,3203,3535,1176,1508
811,13,48,2208,3269,3538,1061,1330
750,16,48,2041,3208,3541,1167,1500
751,17,48,2044,3209,3544,1165,1500
817,19,48,2224,3275,3547,1051,1323
756,22,48,2057,3214,3550,1157,1493
757,23,48,2060,3215,3553,1155,1493
823,25,48,2240,3281,3556,1041,1316
762,28,48,2074,3220,3559,1146,1485
763,29,48,2076,3221,3562,1145,1486
829,31,48,2257,3287,3565,1030,1308
768,34,48,2090,3226,3568,1136,1478
769,35,48,2093,3227,3571,1134,1478
835,37,48,2273,3293,3574,1020,1301
774,40,48,2106,3232,3577,1126,1471
775,41,48,2109,3233,3580,1124,1471
841,43,48,2290,3299,3583,1009,1293
780,46,48,2123,3238,3586,1115,1463
781,47,48,2125,3239,3589,1114,1464
847,49,48,2306,3305,3592,999,1286
786,52,48,2139,3244,3595,1105,1456
787,53,48,2142,3245,3598,1103,1456
853,55,48,2322,3311,3601,989,1279
792,58,48,2155,3250,3604,1095,1449
793,59,48,2158,3251,3607,1093,1449
859,61,48,2339,3317,3610,978,1271
798,64,48,2172,3256,3613,1084,1441
927,1,48,2524,3385,3616,861,1092
991,1,48,2698,3449,3619,751,921
801,3,48,2180,3259,3622,1079,1442
804,6,48,2189,3262,3625,1073,1436
869,7,48,2365,3327,3628,962,1263
807,9,48,2197,3265,3631,1068,1434
810,12,48,2205,3268,3634,1063,1429
875,13,48,2382,3333,3637,951,1255
813,15,48,2213,3271,3640,1058,1427
816,18,48,2221,3274,3643,1053,1422
881,19,48,2398,3339,3646,941,1248
819,21,48,2230,3277,3649,1047,1419
822,24,48,2238,3280,3652,1042,1414
887,25,48,2414,3345,3655,931,1241
825,27,48,2246,3283,3658,1037,1412
828,30,48,2254,3286,3661,1032,1407
893,31,48,2431,3351,3664,920,1233
831,33,48,2262,3289,3667,1027,1405
834,36,48,2270,3292,3670,1022,1400
899,37,48,2447,3357,3673,910,1226
837,39,48,2279,3295,3676,1016,1397
840,42,48,2287,3298,3679,1011,1392
905,43,48,2464,3363,3682,899,1218
843,45,48,2295,3301,3685,1006,1390
846,48,48,2303,3304,3688,1001,1385
911,49,48,2480,3369,3691,889,1211
849,51,48,2311,3307,3694,996,1383
852,54,48,2320,3310,3697,990,1377
917,55,48,2496,3375,3700,879,1204
855,57,48,2328,3313,3703,985,1375
858,60,48,2336,3316,3706,980,1370
923,61,48,2513,3381,3709,868,1196
861,63,48,2344,3319,3712,975,1368
1055,1,48,2873,3513,3715,640,842
1119,1,48,3047,3577,3718,530,671
802,4,48,2183,3260,3721,1077,1538
868,6,48,2363,3326,3724,963,1361
933,7,48,2540,3391,3727,851,1187
808,10,48,2200,3266,3730,1066,1530
874,12,48,2379,3332,3733,953,1354
939,13,48,2557,3397,3736,840,1179
814,16,48,2216,3272,3739,1056,1523
880,18,48,2395,3338,3742,943,1347
945,19,48,2573,3403,3745,830,1172
820,22,48,2232,3278,3748,1046,1516
886,24,48,2412,3344,3751,932,1339
951,25,48,2589,3409,3754,820,1165
826,28,48,2249,3284,3757,1035,1508
892,30,48,2428,3350,3760,922,1332
957,31,48,2606,3415,3763,809,1157
832,34,48,2265,3290,3766,1025,1501
898,36,48,2444,3356,3769,912,1325
963,37,48,2622,3421,3772,799,1150
838,40,48,2281,3296,3775,1015,1494
904,42,48,2461,3362,3778,901,1317
969,43,48,2639,3427,3781,788,1142
844,46,48,2298,3302,3784,1004,1486
910,48,48,2477,3368,3787,891,1310
975,49,48,2655,3433,3790,778,1135
850,52,48,2314,3308,3793,994,1479
916,54,48,2494,3374,3796,880,1302
981,55,48,2671,3439,3799,768,1128
856,58,48,2330,3314,3802,984,1472
922,60,48,2510,3380,3805,870,1295
987,61,48,2688,3445,3808,757,1120
862,64,48,2347,3320,3811,973,1464
1183,1,48,3222,3641,3814,419,592
1247,1,48,3396,3705,3817,309,421
865,3,48,2354,3323,3820,969,1466
803,5,48,2186,3261,3823,1075,1637
997,7,48,2714,3455,3826,741,1112
871,9,48,2371,3329,3829,958,1458
809,11,48,2202,3267,3832,1065,1630
1003,13,48,2731,3461,3835,730,1104
877,15,48,2387,3335,3838,948,1451
815,17,48,2219,3273,3841,1054,1622
1009,19,48,2747,3467,3844,720,1097
883,21,48,2404,3341,3847,937,1443
821,23,48,2235,3279,3850,1044,1615
1015,25,48,2763,3473,3853,710,1090
889,27,48,2420,3347,3856,927,1436
827,29,48,2251,3285,3859,1034,1608
1021,31,48,2780,3479,3862,699,1082
895,33,48,2436,3353,3865,917,1429
833,35,48,2268,3291,3868,1023,1600
1027,37,48,2796,3485,3871,689,1075
901,39,48,2453,3359,3874,906,1421
839,41,48,2284,3297,3877,1013,1593
1033,43,48,2813,3491,3880,678,1067
907,45,48,2469,3365,3883,896,1414
845,47,48,2300,3303,3886,1003,1586
1039,49,48,2829,3497,3889,668,1060
913,51,48,2485,3371,3892,886,1407
851,53,48,2317,3309,3895,992,1578
1045,55,48,2845,3503,3898,658,1053
919,57,48,2502,3377,3901,875,1399
857,59,48,2333,3315,3904,982,1571
1051,61,48,2862,3509,3907,647,1045
925,63,48,2518,3383,3910,865,1392
1311,1,48,3571,3769,3913,198,342
1375,1,48,3745,3833,3916,88,171
866,4,48,2357,3324,3919,967,1562
932,6,48,2538,3390,3922,852,1384
1061,7,48,2889,3519,3925,630,1036
872,10,48,2374,3330,3928,956,1554
938,12,48,2554,3396,3931,842,1377
1067,13,48,2906,3525,3934,619,1028
878,16,48,2390,3336,3937,946,1547
944,18,48,2570,3402,3940,832,1370
1073,19,48,2922,3531,3943,609,1021
884,22,48,2406,3342,3946,936,1540
950,24,48,2587,3408,3949,821,1362
1079,25,48,2938,3537,3952,599,1014
890,28,48,2423,3348,3955,925,1532
956,30,48,2603,3414,3958,811,1355
1085,31,48,2955,3543,3961,588,1006
896,34,48,2439,3354,3964,915,1525
962,36,48,2619,3420,3967,801,1348
1091,37,48,2971,3549,3970,578,999
902,40,48,2455,3360,3973,905,1518
968,42,48,2636,3426,3976,790,1340
1097,43,48,2988,3555,3979,567,991
908,46,48,2472,3366,3982,894,1510
974,48,48,2652,3432,3985,780,1333
1103,49,48,3004,3561,3988,557,984
914,52,48,2488,3372,3991,884,1503
980,54,48,2669,3438,3994,769,1325
1109,55,48,3020,3567,3997,547,977
920,58,48,2504,3378,4000,874,1496
986,60,48,2685,3444,4003,759,1318
1115,61,48,3037,3573,4006,536,969
926,64,48,2521,3384,4009,863,1488
1439,1,48,3920,3998,4012,78,92
736,2,48,2003,3194,4015,1191,2012
929,3,48,2529,3387,4018,858,1489
996,6,48,2712,3454,4021,742,1309
1125,7,48,3063,3583,4024,520,961
935,9,48,2546,3393,4027,847,1481
1002,12,48,2728,3460,4030,732,1302
1131,13,48,3080,3589,4033,509,953
941,15,48,2562,3399,4036,837,1474
1008,18,48,2744,3466,4039,722,1295
1137,19,48,3096,3595,4042,499,946
947,21,48,2579,3405,4045,826,1466
1014,24,48,2761,3472,4048,711,1287
1143,25,48,3112,3601,4051,489,939
953,27,48,2595,3411,4054,816,1459
1020,30,48,2777,3478,4057,701,1280
1149,31,48,3129,3607,4060,478,931
959,33,48,2611,3417,4063,806,1452
1026,36,48,2793,3484,4066,691,1273
1155,37,48,3145,3613,4069,468,924
965,39,48,2628,3423,4072,795,1444
1032,42,48,2810,3490,4075,680,1265
1161,43,48,3162,3619,4078,457,916
971,45,48,2644,3429,4081,785,1437
1038,48,48,2826,3496,4084,670,1258
1167,49,48,3178,3625,4087,447,909
977,51,48,2660,3435,4090,775,1430
1044,54,48,2843,3502,4093,659,1250
1173,55,48,3194,3631,4096,437,902
983,57,48,2677,3441,4099,764,1422
1050,60,48,2859,3508,4102,649,1243
1179,61,48,3211,3637,4105,426,894
989,63,48,2693,3447,4108,754,1415
800,2,48,2178,3258,4111,1080,1933
864,2,48,2352,3322,4114,970,1762
930,4,48,2532,3388,4117,856,1585
867,5,48,2360,3325,4120,965,1760
1189,7,48,3238,3647,4123,409,885
936,10,48,2549,3394,4126,845,1577
873,11,48,2376,3331,4129,955,1753
1195,13,48,3255,3653,4132,398,877
942,16,48,2565,3400,4135,835,1570
879,17,48,2393,3337,4138,944,1745
1201,19,48,3271,3659,4141,388,870
948,22,48,2581,3406,4144,825,1563
885,23,48,2409,3343,4147,934,1738
1207,25,48,3287,3665,4150,378,863
954,28,48,2598,3412,4153,814,1555
891,29,48,2425,3349,4156,924,1731
1213,31,48,3304,3671,4159,367,855
960,34,48,2614,3418,4162,804,1548
897,35,48,2442,3355,4165,913,1723
1219,37,48,3320,3677,4168,357,848
966,40,48,2630,3424,4171,794,1541
903,41,48,2458,3361,4174,903,1716
1225,43,48,3337,3683,4177,346,840
972,46,48,2647,3430,4180,783,1533
909,47,48,2474,3367,4183,893,1709
1231,49,48,3353,3689,4186,336,833
978,52,48,2663,3436,4189,773,1526
915,53,48,2491,3373,4192,882,1701
1237,55,48,3369,3695,4195,326,826
984,58,48,2679,3442,4198,763,1519
921,59,48,2507,3379,4201,872,1694
1243,61,48,3386,3701,4204,315,818
990,64,48,2696,3448,4207,752,1511
1503,1,48,4095,4190,4210,95,115
928,2,48,2527,3386,4213,859,1686
993,3,48,2703,3451,4216,748,1513
1060,6,48,2887,3518,4219,631,1332
1253,7,48,3412,3711,4222,299,810
999,9,48,2720,3457,4225,737,1505
1066,12,48,2903,3524,4228,621,1325
1259,13,48,3429,3717,4231,288,802
1005,15,48,2736,3463,4234,727,1498
1072,18,48,2919,3530,4237,611,1318
1265,19,48,3445,3723,4240,278,795
1011,21,48,2753,3469,4243,716,1490
1078,24,48,2936,3536,4246,600,1310
1271,25,48,3461,3729,4249,268,788
1017,27,48,2769,3475,4252,706,1483
1084,30,48,2952,3542,4255,590,1303
1277,31,48,3478,3735,4258,257,780
1023,33,48,2785,3481,4261,696,1476
1090,36,48,2968,3548,4264,580,1296
1283,37,48,3494,3741,4267,247,773
1029,39,48,2802,3487,4270,685,1468
1096,42,48,2985,3554,4273,569,1288
1289,43,48,3511,3747,4276,236,765
1035,45,48,2818,3493,4279,675,1461
1102,48,48,3001,3560,4282,559,1281
1295,49,48,3527,3753,4285,226,758
1041,51,48,2834,3499,4288,665,1454
1108,54,48,3018,3566,4291,548,1273
1301,55,48,3543,3759,4294,216,751
1047,57,48,2851,3505,4297,654,1446
1114,60,48,3034,3572,4300,538,1266
1307,61,48,3560,3765,4303,205,743
1053,63,48,2867,3511,4306,644,1439
992,2,48,2701,3450,4309,749,1608
1056,2,48,2876,3514,4312,638,1436
994,4,48,2706,3452,4315,746,1609
1124,6,48,3061,3582,4318,521,1257
1317,7,48,3587,3775,4321,188,734
1000,10,48,2723,3458,4324,735,1601
1130,12,48,3077,3588,4327,511,1250
1323,13,48,3604,3781,4330,177,726
1006,16,48,2739,3464,4333,725,1594
1136,18,48,3093,3594,4336,501,1243
1329,19,48,3620,3787,4339,167,719
1012,22,48,2755,3470,4342,715,1587
1142,24,48,3110,3600,4345,490,1235
1335,25,48,3636,3793,4348,157,712
1018,28,48,2772,3476,4351,704,1579
1148,30,48,3126,3606,4354,480,1228
1341,31,48,3653,3799,4357,146,704
1024,34,48,2788,3482,4360,694,1572
1154,36,48,3142,3612,4363,470,1221
1347,37,48,3669,3805,4366,136,697
1030,40,48,2804,3488,4369,684,1565
1160,42,48,3159,3618,4372,459,1213
1353,43,48,3686,3811,4375,125,689
1036,46,48,2821,3494,4378,673,1557
1166,48,48,3175,3624,4381,449,1206
1359,49,48,3702,3817,4384,115,682
1042,52,48,2837,3500,4387,663,1550
1172,54,48,3192,3630,4390,438,1198
1365,55,48,3718,3823,4393,105,675
1048,58,48,2853,3506,4396,653,1543
1178,60,48,3208,3636,4399,428,1191
1371,61,48,3735,3829,4402,94,667
1054,64,48,2870,3512,4405,642,1535
1567,1,48,4269,4382,4408,113,139
1120,2,48,3050,3578,4411,528,1361
1057,3,48,2878,3515,4414,637,1536
931,5,48,2535,3389,4417,854,1882
1381,7,48,3761,3839,4420,78,659
1063,9,48,2895,3521,4423,626,1528
937,11,48,2551,3395,4426,844,1875
1387,13,48,3778,3845,4429,67,651
1069,15,48,2911,3527,4432,616,1521
943,17,48,2568,3401,4435,833,1867
1393,19,48,3794,3860,4438,66,644
1075,21,48,2928,3533,4441,605,1513
949,23,48,2584,3407,4444,823,1860
1399,25,48,3810,3878,4447,68,637
1081,27,48,2944,3539,4450,595,1506
955,29,48,2600,3413,4453,813,1853
1405,31,48,3827,3896,4456,69,629
1087,33,48,2960,3545,4459,585,1499
961,35,48,2617,3419,4462,802,1845
1411,37,48,3843,3914,4465,71,622
1093,39,48,2977,3551,4468,574,1491
967,41,48,2633,3425,4471,792,1838
1417,43,48,3860,3932,4474,72,614
1099,45,48,2993,3557,4477,564,1484
973,47,48,2649,3431,4480,782,1831
1423,49,48,3876,3950,4483,74,607
1105,51,48,3009,3563,4486,554,1477
979,53,48,2666,3437,4489,771,1823
1429,55,48,3892,3968,4492,76,600
1111,57,48,3026,3569,4495,543,1469
985,59,48,2682,3443,4498,761,1816
1435,61,48,3909,3986,4501,77,592
1117,63,48,3042,3575,4504,533,1462
1184,2,48,3225,3642,4507,417,1282
1248,2,48,3399,3706,4510,307,1111
1058,4,48,2881,3516,4513,635,1632
1188,6,48,3236,3646,4516,410,1280
1445,7,48,3936,4016,4519,80,583
1064,10,48,2898,3522,4522,624,1624
1194,12,48,3252,3652,4525,400,1273
1451,13,48,3953,4034,4528,81,575
1070,16,48,2914,3528,4531,614,1617
1200,18,48,3268,3658,4534,390,1266
1457,19,48,3969,4052,4537,83,568
1076,22,48,2930,3534,4540,604,1610
1206,24,48,3285,3664,4543,379,1258
1463,25,48,3985,4070,4546,85,561
1082,28,48,2947,3540,4549,593,1602
1212,30,48,3301,3670,4552,369,1251
1469,31,48,4002,4088,4555,86,553
1088,34,48,2963,3546,4558,583,1595
1218,36,48,3317,3676,4561,359,1244
1475,37,48,4018,4106,4564,88,546
1094,40,48,2979,3552,4567,573,1588
1224,42,48,3334,3682,4570,348,1236
1481,43,48,4035,4124,4573,89,538
1100,46,48,2996,3558,4576,562,1580
1230,48,48,3350,3688,4579,338,1229
1487,49,48,4051,4142,4582,91,531
1106,52,48,3012,3564,4585,552,1573
1236,54,48,3367,3694,4588,327,1221
1493,55,48,4067,4160,4591,93,524
1112,58,48,3028,3570,4594,542,1566
1242,60,48,3383,3700,4597,317,1214
1499,61,48,4084,4178,4600,94,516
1118,64,48,3045,3576,4603,531,1558
1631,1,48,4444,4570,4606,126,162
1312,2,48,3574,3770,4609,196,1035
1121,3,48,3052,3579,4612,527,1560
1252,6,48,3410,3710,4615,300,1205
1509,7,48,4111,4208,4618,97,507
1127,9,48,3069,3585,4621,516,1552
1258,12,48,3426,3716,4624,290,1198
1515,13,48,4128,4226,4627,98,499
1133,15,48,3085,3591,4630,506,1545
1264,18,48,3442,3722,4633,280,1191
1521,19,48,4144,4244,4636,100,492
1139,21,48,3102,3597,4639,495,1537
1270,24,48,3459,3728,4642,269,1183
1527,25,48,4160,4262,4645,102,485
1145,27,48,3118,3603,4648,485,1530
1276,30,48,3475,3734,4651,259,1176
1533,31,48,4177,4280,4654,103,477
1151,33,48,3134,3609,4657,475,1523
1282,36,48,3491,3740,4660,249,1169
1539,37,48,4193,4298,4663,105,470
1157,39,48,3151,3615,4666,464,1515
1288,42,48,3508,3746,4669,238,1161
1545,43,48,4210,4316,4672,106,462
1163,45,48,3167,3621,4675,454,1508
1294,48,48,3524,3752,4678,228,1154
1551,49,48,4226,4334,4681,108,455
1169,51,48,3183,3627,4684,444,1501
1300,54,48,3541,3758,4687,217,1146
1557,55,48,4242,4352,4690,110,448
1175,57,48,3200,3633,4693,433,1493
1306,60,48,3557,3764,4696,207,1139
1563,61,48,4259,4370,4699,111,440
1181,63,48,3216,3639,4702,423,1486
1376,2,48,3748,3834,4705,86,957
1440,2,48,3923,4001,4708,78,785
1122,4,48,3055,3580,4711,525,1656
995,5,48,2709,3453,4714,744,2005
1573,7,48,4285,4400,4717,115,432
1128,10,48,3072,3586,4720,514,1648
1001,11,48,2725,3459,4723,734,1998
1579,13,48,4302,4418,4726,116,424
1134,16,48,3088,3592,4729,504,1641
1007,17,48,2742,3465,4732,723,1990
1585,19,48,4318,4436,4735,118,417
1140,22,48,3104,3598,4738,494,1634
1013,23,48,2758,3471,4741,713,1983
1591,25,48,4334,4454,4744,120,410
1146,28,48,3121,3604,4747,483,1626
1019,29,48,2774,3477,4750,703,1976
1597,31,48,4351,4470,4753,119,402
1152,34,48,3137,3610,4756,473,1619
1025,35,48,2791,3483,4759,692,1968
1603,37,48,4367,4486,4762,119,395
1158,40,48,3153,3616,4765,463,1612
1031,41,48,2807,3489,4768,682,1961
1609,43,48,4384,4504,4771,120,387
1164,46,48,3170,3622,4774,452,1604
1037,47,48,2823,3495,4777,672,1954
1615,49,48,4400,4522,4780,122,380
1170,52,48,3186,3628,4783,442,1597
1043,53,48,2840,3501,4786,661,1946
1621,55,48,4416,4540,4789,124,373
1176,58,48,3202,3634,4792,432,1590
1049,59,48,2856,3507,4795,651,1939
1627,61,48,4433,4558,4798,125,365
1182,64,48,3219,3640,4801,421,1582
1695,1,48,4618,4762,4804,144,186
1504,2,48,4098,4193,4807,95,709
1185,3,48,3227,3643,4810,416,1583
1316,6,48,3585,3774,4813,189,1228
1637,7,48,4460,4588,4816,128,356
1191,9,48,3244,3649,4819,405,1575
1322,12,48,3601,3780,4822,179,1221
1643,13,48,4477,4606,4825,129,348
1197,15,48,3260,3655,4828,395,1568
1328,18,48,3617,3786,4831,169,1214
1649,19,48,4493,4624,4834,131,341
1203,21,48,3277,3661,4837,384,1560
1334,24,48,3634,3792,4840,158,1206
1655,25,48,4509,4642,4843,133,334
1209,27,48,3293,3667,4846,374,1553
1340,30,48,3650,3798,4849,148,1199
1661,31,48,4526,4660,4852,134,326
1215,33,48,3309,3673,4855,364,1546
1346,36,48,3666,3804,4858,138,1192
1667,37,48,4542,4678,4861,136,319
1221,39,48,3326,3679,4864,353,1538
1352,42,48,3683,3810,4867,127,1184
1673,43,48,4559,4696,4870,137,311
1227,45,48,3342,3685,4873,343,1531
1358,48,48,3699,3816,4876,117,1177
1679,49,48,4575,4714,4879,139,304
1233,51,48,3358,3691,4882,333,1524
1364,54,48,3716,3822,4885,106,1169
1685,55,48,4591,4732,4888,141,297
1239,57,48,3375,3697,4891,322,1516
1370,60,48,3732,3828,4894,96,1162
1691,61,48,4608,4750,4897,142,289
1245,63,48,3391,3703,4900,312,1509
1568,2,48,4272,4385,4903,113,631
1632,2,48,4447,4573,4906,126,459
1186,4,48,3230,3644,4909,414,1679
1380,6,48,3759,3838,4912,79,1153
1701,7,48,4634,4780,4915,146,281
1192,10,48,3247,3650,4918,403,1671
1386,12,48,3775,3844,4921,69,1146
1707,13,48,4651,4798,4924,147,273
1198,16,48,3263,3656,4927,393,1664
1392,18,48,3791,3857,4930,66,1139
1713,19,48,4667,4816,4933,149,266
1204,22,48,3279,3662,4936,383,1657
1398,24,48,3808,3875,4939,67,1131
1719,25,48,4683,4834,4942,151,259
1210,28,48,3296,3668,4945,372,1649
1404,30,48,3824,3893,4948,69,1124
1725,31,48,4700,4852,4951,152,251
1216,34,48,3312,3674,4954,362,1642
1410,36,48,3840,3911,4957,71,1117
1731,37,48,4716,4870,4960,154,244
1222,40,48,3328,3680,4963,352,1635
1416,42,48,3857,3929,4966,72,1109
1737,43,48,4733,4888,4969,155,236
1228,46,48,3345,3686,4972,341,1627
1422,48,48,3873,3947,4975,74,1102
1743,49,48,4749,4906,4978,157,229
1234,52,48,3361,3692,4981,331,1620
1428,54,48,3890,3965,4984,75,1094
1749,55,48,4765,4924,4987,159,222
1240,58,48,3377,3698,4990,321,1613
1434,60,48,3906,3983,4993,77,1087
1755,61,48,4782,4942,4996,160,214
1246,64,48,3394,3704,4999,310,1605
1759,1,48,4793,4954,5002,161,209
1696,2,48,4621,4765,5005,144,384
1249,3,48,3401,3707,5008,306,1607
1059,5,48,2884,3517,5011,633,2127
1765,7,48,4809,4972,5014,163,205
1255,9,48,3418,3713,5017,295,1599
1065,11,48,2900,3523,5020,623,2120
1771,13,48,4826,4990,5023,164,197
1261,15,48,3434,3719,5026,285,1592
1071,17,48,2917,3529,5029,612,2112
1777,19,48,4842,5008,5032,166,190
1267,21,48,3451,3725,5035,274,1584
1077,23,48,2933,3535,5038,602,2105
1783,25,48,4858,5026,5041,168,183
1273,27,48,3467,3731,5044,264,1577
1083,29,48,2949,3541,5047,592,2098
766,32,48,2085,3224,5050,1139,2965
1279,33,48,3483,3737,5053,254,1570
1089,35,48,2966,3547,5056,581,2090
772,38,48,2101,3230,5059,1129,2958
1285,39,48,3500,3743,5062,243,1562
1095,41,48,2982,3553,5065,571,2083
778,44,48,2117,3236,5068,1119,2951
1291,45,48,3516,3749,5071,233,1555
1101,47,48,2998,3559,5074,561,2076
784,50,48,2134,3242,5077,1108,2943
1297,51,48,3532,3755,5080,223,1548
1107,53,48,3015,3565,5083,550,2068
790,56,48,2150,3248,5086,1098,2936
1303,57,48,3549,3761,5089,212,1540
1113,59,48,3031,3571,5092,540,2061
796,62,48,2166,3254,5095,1088,2929
1309,63,48,3565,3767,5098,202,1533
1760,2,48,4796,4957,5101,161,305
1250,4,48,3404,3708,5104,304,1700
1444,6,48,3934,4013,5107,79,1173
742,8,48,2019,3200,5110,1181,3091
1256,10,48,3421,3714,5113,293,1692
1450,12,48,3950,4031,5116,81,1166
748,14,48,2035,3206,5119,1171,3084
1262,16,48,3437,3720,5122,283,1685
1456,18,48,3966,4049,5125,83,1159
754,20,48,2052,3212,5128,1160,3076
1268,22,48,3453,3726,5131,273,1678
1462,24,48,3983,4067,5134,84,1151
760,26,48,2068,3218,5137,1150,3069
1274,28,48,3470,3732,5140,262,1670
1468,30,48,3999,4085,5143,86,1144
1789,31,48,4875,5044,5146,169,271
1280,34,48,3486,3738,5149,252,1663
1474,36,48,4015,4103,5152,88,1137
1795,37,48,4891,5062,5155,171,264
1286,40,48,3502,3744,5158,242,1656
1480,42,48,4032,4121,5161,89,1129
1801,43,48,4908,5080,5164,172,256
1292,46,48,3519,3750,5167,231,1648
1486,48,48,4048,4139,5170,91,1122
1807,49,48,4924,5098,5173,174,249
1298,52,48,3535,3756,5176,221,1641
1492,54,48,4065,4157,5179,92,1114
1813,55,48,4940,5116,5182,176,242
1304,58,48,3551,3762,5185,211,1634
1498,60,48,4081,4175,5188,94,1107
1819,61,48,4957,5134,5191,177,234
1310,64,48,3568,3768,5194,200,1626
1823,1,48,4967,5146,5197,179,230
1313,3,48,3576,3771,5200,195,1624
1508,6,48,4109,4205,5203,96,1094
1829,7,48,4983,5164,5206,181,223
1319,9,48,3593,3777,5209,184,1616
1514,12,48,4125,4223,5212,98,1087
1835,13,48,5000,5182,5215,182,215
1325,15,48,3609,3783,5218,174,1609
1520,18,48,4141,4241,5221,100,1080
1841,19,48,5016,5200,5224,184,208
1331,21,48,3626,3789,5227,163,1601
1526,24,48,4158,4259,5230,101,1072
1847,25,48,5032,5218,5233,186,201
1337,27,48,3642,3795,5236,153,1594
1532,30,48,4174,4277,5239,103,1065
830,32,48,2260,3288,5242,1028,2982
1343,33,48,3658,3801,5245,143,1587
1538,36,48,4190,4295,5248,105,1058
836,38,48,2276,3294,5251,1018,2975
1349,39,48,3675,3807,5254,132,1579
1544,42,48,4207,4313,5257,106,1050
842,44,48,2292,3300,5260,1008,2968
1355,45,48,3691,3813,5263,122,1572
1550,48,48,4223,4331,5266,108,1043
848,50,48,2309,3306,5269,997,2960
1361,51,48,3707,3819,5272,112,1565
1556,54,48,4240,4349,5275,109,1035
854,56,48,2325,3312,5278,987,2953
1367,57,48,3724,3825,5281,101,1557
1562,60,48,4256,4367,5284,111,1028
860,62,48,2341,3318,5287,977,2946
1373,63,48,3740,3831,5290,91,1550
1824,2,48,4970,5149,5293,179,323
1314,4,48,3579,3772,5296,193,1717
1123,5,48,3058,3581,5299,523,2241
806,8,48,2194,3264,5302,1070,3108
1320,10,48,3596,3778,5305,182,1709
1129,11,48,3074,3587,5308,513,2234
812,14,48,2210,3270,5311,1060,3101
1326,16,48,3612,3784,5314,172,1702
1135,17,48,3091,3593,5317,502,2226
818,20,48,2227,3276,5320,1049,3093
1332,22,48,3628,3790,5323,162,1695
1141,23,48,3107,3599,5326,492,2219
824,26,48,2243,3282,5329,1039,3086
1338,28,48,3645,3796,5332,151,1687
1147,29,48,3123,3605,5335,482,2212
1853,31,48,5049,5236,5338,187,289
1344,34,48,3661,3802,5341,141,1680
1153,35,48,3140,3611,5344,471,2204
1859,37,48,5065,5254,5347,189,282
1350,40,48,3677,3808,5350,131,1673
1159,41,48,3156,3617,5353,461,2197
1865,43,48,5082,5272,5356,190,274
1356,46,48,3694,3814,5359,120,1665
1165,47,48,3172,3623,5362,451,2190
1871,49,48,5098,5290,5365,192,267
1362,52,48,3710,3820,5368,110,1658
1171,53,48,3189,3629,5371,440,2182
1877,55,48,5114,5308,5374,194,260
1368,58,48,3726,3826,5377,100,1651
1177,59,48,3205,3635,5380,430,2175
1883,61,48,5131,5326,5383,195,252
1374,64,48,3743,3832,5386,89,1643
1887,1,48,5142,5338,5389,196,247
1377,3,48,3750,3835,5392,85,1642
1572,6,48,4283,4397,5395,114,1112
1893,7,48,5158,5356,5398,198,240
1383,9,48,3767,3841,5401,74,1634
1578,12,48,4299,4415,5404,116,1105
1899,13,48,5175,5374,5407,199,232
1389,15,48,3783,3848,5410,65,1627
1584,18,48,4315,4433,5413,118,1098
1905,19,48,5191,5392,5416,201,225
1395,21,48,3800,3866,5419,66,1619
1590,24,48,4332,4451,5422,119,1090
1911,25,48,5207,5410,5425,203,218
1401,27,48,3816,3884,5428,68,1612
1596,30,48,4348,4469,5431,121,1083
894,32,48,2434,3352,5434,918,3000
1407,33,48,3832,3902,5437,70,1605
1602,36,48,4364,4483,5440,119,1076
900,38,48,2450,3358,5443,908,2993
1413,39,48,3849,3920,5446,71,1597
1608,42,48,4381,4501,5449,120,1068
906,44,48,2466,3364,5452,898,2986
1419,45,48,3865,3938,5455,73,1590
1614,48,48,4397,4519,5458,122,1061
912,50,48,2483,3370,5461,887,2978
1425,51,48,3881,3956,5464,75,1583
1620,54,48,4414,4537,5467,123,1053
918,56,48,2499,3376,5470,877,2971
1431,57,48,3898,3974,5473,76,1575
1626,60,48,4430,4555,5476,125,1046
924,62,48,2515,3382,5479,867,2964
1437,63,48,3914,3992,5482,78,1568
1888,2,48,5145,5341,5485,196,340
1378,4,48,3753,3836,5488,83,1735
1636,6,48,4458,4585,5491,127,1033
870,8,48,2368,3328,5494,960,3126
1384,10,48,3770,3842,5497,72,1727
1642,12,48,4474,4603,5500,129,1026
876,14,48,2384,3334,5503,950,3119
1390,16,48,3786,3851,5506,65,1720
1648,18,48,4490,4621,5509,131,1019
882,20,48,2401,3340,5512,939,3111
1396,22,48,3802,3869,5515,67,1713
1654,24,48,4507,4639,5518,132,1011
888,26,48,2417,3346,5521,929,3104
1402,28,48,3819,3887,5524,68,1705
1660,30,48,4523,4657,5527,134,1004
1917,31,48,5224,5428,5530,204,306
1408,34,48,3835,3905,5533,70,1698
1666,36,48,4539,4675,5536,136,997
1923,37,48,5240,5446,5539,206,299
1414,40,48,3851,3923,5542,72,1691
1672,42,48,4556,4693,5545,137,989
1929,43,48,5257,5464,5548,207,291
1420,46,48,3868,3941,5551,73,1683
1678,48,48,4572,4711,5554,139,982
1935,49,48,5273,5482,5557,209,284
1426,52,48,3884,3959,5560,75,1676
1684,54,48,4589,4729,5563,140,974
1941,55,48,5289,5500,5566,211,277
1432,58,48,3900,3977,5569,77,1669
1690,60,48,4605,4747,5572,142,967
1947,61,48,5306,5518,5575,212,269
1438,64,48,3917,3995,5578,78,1661
1951,1,48,5316,5530,5581,214,265
1441,3,48,3925,4004,5584,79,1659
1187,5,48,3233,3645,5587,412,2354
1957,7,48,5332,5548,5590,216,258
1447,9,48,3942,4022,5593,80,1651
1193,11,48,3249,3651,5596,402,2347
1963,13,48,5349,5566,5599,217,250
1453,15,48,3958,4040,5602,82,1644
1199,17,48,3266,3657,5605,391,2339
1969,19,48,5365,5584,5608,219,243
1459,21,48,3975,4058,5611,83,1636
1205,23,48,3282,3663,5614,381,2332
1975,25,48,5381,5602,5617,221,236
1465,27,48,3991,4076,5620,85,1629
1211,29,48,3298,3669,5623,371,2325
958,32,48,2609,3416,5626,807,3017
1471,33,48,4007,4094,5629,87,1622
1217,35,48,3315,3675,5632,360,2317
964,38,48,2625,3422,5635,797,3010
1477,39,48,4024,4112,5638,88,1614
1223,41,48,3331,3681,5641,350,2310
970,44,48,2641,3428,5644,787,3003
1483,45,48,4040,4130,5647,90,1607
1229,47,48,3347,3687,5650,340,2303
976,50,48,2658,3434,5653,776,2995
1489,51,48,4056,4148,5656,92,1600
1235,53,48,3364,3693,5659,329,2295
982,56,48,2674,3440,5662,766,2988
1495,57,48,4073,4166,5665,93,1592
1241,59,48,3380,3699,5668,319,2288
988,62,48,2690,3446,5671,756,2981
1501,63,48,4089,4184,5674,95,1585
1952,2,48,5319,5533,5677,214,358
1442,4,48,3928,4007,5680,79,1752
1700,6,48,4632,4777,5683,145,1051
934,8,48,2543,3392,5686,849,3143
1448,10,48,3945,4025,5689,80,1744
1706,12,48,4648,4795,5692,147,1044
940,14,48,2559,3398,5695,839,3136
1454,16,48,3961,4043,5698,82,1737
1712,18,48,4664,4813,5701,149,1037
946,20,48,2576,3404,5704,828,3128
1460,22,48,3977,4061,5707,84,1730
1718,24,48,4681,4831,5710,150,1029
952,26,48,2592,3410,5713,818,3121
1466,28,48,3994,4079,5716,85,1722
1724,30,48,4697,4849,5719,152,1022
1981,31,48,5398,5620,5722,222,324
1472,34,48,4010,4097,5725,87,1715
1730,36,48,4713,4867,5728,154,1015
1987,37,48,5414,5638,5731,224,317
1478,40,48,4026,4115,5734,89,1708
1736,42,48,4730,4885,5737,155,1007
1993,43,48,5431,5656,5740,225,309
1484,46,48,4043,4133,5743,90,1700
1742,48,48,4746,4903,5746,157,1000
1999,49,48,5447,5674,5749,227,302
1490,52,48,4059,4151,5752,92,1693
1748,54,48,4763,4921,5755,158,992
2005,55,48,5463,5692,5758,229,295
1496,58,48,4075,4169,5761,94,1686
1754,60,48,4779,4939,5764,160,985
2011,61,48,5480,5710,5767,230,287
1502,64,48,4092,4187,5770,95,1678
2015,1,48,5491,5722,5773,231,282
1505,3,48,4100,4196,5776,96,1676
1764,6,48,4807,4969,5779,162,972
2021,7,48,5507,5740,5782,233,275
1511,9,48,4117,4214,5785,97,1668
1770,12,48,4823,4987,5788,164,965
2027,13,48,5524,5758,5791,234,267
1517,15,48,4133,4232,5794,99,1661
1776,18,48,4839,5005,5797,166,958
2033,19,48,5540,5776,5800,236,260
1523,21,48,4150,4250,5803,100,1653
1782,24,48,4856,5023,5806,167,950
2039,25,48,5556,5794,5809,238,253
1529,27,48,4166,4268,5812,102,1646
1788,30,48,4872,5041,5815,169,943
1022,32,48,2783,3480,5818,697,3035
1535,33,48,4182,4286,5821,104,1639
1794,36,48,4888,5059,5824,171,936
1028,38,48,2799,3486,5827,687,3028
1541,39,48,4199,4304,5830,105,1631
1800,42,48,4905,5077,5833,172,928
1034,44,48,2815,3492,5836,677,3021
1547,45,48,4215,4322,5839,107,1624
1806,48,48,4921,5095,5842,174,921
1040,50,48,2832,3498,5845,666,3013
1553,51,48,4231,4340,5848,109,1617
1812,54,48,4938,5113,5851,175,913
1046,56,48,2848,3504,5854,656,3006
1559,57,48,4248,4358,5857,110,1609
1818,60,48,4954,5131,5860,177,906
1052,62,48,2864,3510,5863,646,2999
1565,63,48,4264,4376,5866,112,1602
2016,2,48,5494,5725,5869,231,375
1506,4,48,4103,4199,5872,96,1769
1251,5,48,3407,3709,5875,302,2468
998,8,48,2717,3456,5878,739,3161
1512,10,48,4120,4217,5881,97,1761
1257,11,48,3423,3715,5884,292,2461
1004,14,48,2733,3462,5887,729,3154
1518,16,48,4136,4235,5890,99,1754
1263,17,48,3440,3721,5893,281,2453
1010,20,48,2750,3468,5896,718,3146
1524,22,48,4152,4253,5899,101,1747
1269,23,48,3456,3727,5902,271,2446
1016,26,48,2766,3474,5905,708,3139
1530,28,48,4169,4271,5908,102,1739
1275,29,48,3472,3733,5911,261,2439
2045,31,48,5573,5812,5914,239,341
1536,34,48,4185,4289,5917,104,1732
1281,35,48,3489,3739,5920,250,2431
2051,37,48,5589,5830,5923,241,334
1542,40,48,4201,4307,5926,106,1725
1287,41,48,3505,3745,5929,240,2424
2057,43,48,5606,5848,5932,242,326
1548,46,48,4218,4325,5935,107,1717
1293,47,48,3521,3751,5938,230,2417
2063,49,48,5622,5866,5941,244,319
1554,52,48,4234,4343,5944,109,1710
1299,53,48,3538,3757,5947,219,2409
2069,55,48,5638,5884,5950,246,312
1560,58,48,4250,4361,5953,111,1703
1305,59,48,3554,3763,5956,209,2402
2075,61,48,5655,5902,5959,247,304
1566,64,48,4267,4379,5962,112,1695
2079,1,48,5665,5914,5965,249,300
1569,3,48,4274,4388,5968,114,1694
1828,6,48,4981,5161,5971,180,990
2085,7,48,5681,5932,5974,251,293
1575,9,48,4291,4406,5977,115,1686
1834,12,48,4997,5179,5980,182,983
2091,13,48,5698,5950,5983,252,285
1581,15,48,4307,4424,5986,117,1679
1840,18,48,5013,5197,5989,184,976
2097,19,48,5714,5968,5992,254,278
1587,21,48,4324,4442,5995,118,1671
1846,24,48,5030,5215,5998,185,968
2103,25,48,5730,5986,6001,256,271
1593,27,48,4340,4460,6004,120,1664
1852,30,48,5046,5233,6007,187,961
1086,32,48,2958,3544,6010,586,3052
1599,33,48,4356,4474,6013,118,1657
1858,36,48,5062,5251,6016,189,954
1092,38,48,2974,3550,6019,576,3045
1605,39,48,4373,4492,6022,119,1649
1864,42,48,5079,5269,6025,190,946
1098,44,48,2990,3556,6028,566,3038
1611,45,48,4389,4510,6031,121,1642
1870,48,48,5095,5287,6034,192,939
1104,50,48,3007,3562,6037,555,3030
1617,51,48,4405,4528,6040,123,1635
1876,54,48,5112,5305,6043,193,931
1110,56,48,3023,3568,6046,545,3023
1623,57,48,4422,4546,6049,124,1627
1882,60,48,5128,5323,6052,195,924
1116,62,48,3039,3574,6055,535,3016
1629,63,48,4438,4564,6058,126,1620
2080,2,48,5668,5917,6061,249,393
1570,4,48,4277,4391,6064,114,1787
1892,6,48,5156,5353,6067,197,911
1062,8,48,2892,3520,6070,628,3178
1576,10,48,4294,4409,6073,115,1779
1898,12,48,5172,5371,6076,199,904
1068,14,48,2908,3526,6079,618,3171
1582,16,48,4310,4427,6082,117,1772
1904,18,48,5188,5389,6085,201,897
1074,20,48,2925,3532,6088,607,3163
1588,22,48,4326,4445,6091,119,1765
1910,24,48,5205,5407,6094,202,889
1080,26,48,2941,3538,6097,597,3156
1594,28,48,4343,4463,6100,120,1757
1916,30,48,5221,5425,6103,204,882
2109,31,48,5747,6004,6106,257,359
1600,34,48,4359,4477,6109,118,1750
1922,36,48,5237,5443,6112,206,875
2115,37,48,5763,6022,6115,259,352
1606,40,48,4375,4495,6118,120,1743
1928,42,48,5254,5461,6121,207,867
2121,43,48,5780,6040,6124,260,344
1612,46,48,4392,4513,6127,121,1735
1934,48,48,5270,5479,6130,209,860
2127,49,48,5796,6058,6133,262,337
1618,52,48,4408,4531,6136,123,1728
1940,54,48,5287,5497,6139,210,852
2133,55,48,5812,6076,6142,264,330
1624,58,48,4424,4549,6145,125,1721
1946,60,48,5303,5515,6148,212,845
2139,61,48,5829,6094,6151,265,322
1630,64,48,4441,4567,6154,126,1713
2143,1,48,5840,6106,6157,266,317
1633,3,48,4449,4576,6160,127,1711
1315,5,48,3582,3773,6163,191,2581
2149,7,48,5856,6124,6166,268,310
1639,9,48,4466,4594,6169,128,1703
1321,11,48,3598,3779,6172,181,2574
2155,13,48,5873,6142,6175,269,302
1645,15,48,4482,4612,6178,130,1696
1327,17,48,3615,3785,6181,170,2566
2161,19,48,5889,6160,6184,271,295
1651,21,48,4499,4630,6187,131,1688
1333,23,48,3631,3791,6190,160,2559
2167,25,48,5905,6178,6193,273,288
1657,27,48,4515,4648,6196,133,1681
1339,29,48,3647,3797,6199,150,2552
1150,32,48,3132,3608,6202,476,3070
1663,33,48,4531,4666,6205,135,1674
1345,35,48,3664,3803,6208,139,2544
1156,38,48,3148,3614,6211,466,3063
1669,39,48,4548,4684,6214,136,1666
1351,41,48,3680,3809,6217,129,2537
1162,44,48,3164,3620,6220,456,3056
1675,45,48,4564,4702,6223,138,1659
1357,47,48,3696,3815,6226,119,2530
1168,50,48,3181,3626,6229,445,3048
1681,51,48,4580,4720,6232,140,1652
1363,53,48,3713,3821,6235,108,2522
1174,56,48,3197,3632,6238,435,3041
1687,57,48,4597,4738,6241,141,1644
1369,59,48,3729,3827,6244,98,2515
1180,62,48,3213,3638,6247,425,3034
1693,63,48,4613,4756,6250,143,1637
2144,2,48,5843,6109,6253,266,410
1634,4,48,4452,4579,6256,127,1804
1956,6,48,5330,5545,6259,215,929
1126,8,48,3066,3584,6262,518,3196
1640,10,48,4469,4597,6265,128,1796
1962,12,48,5346,5563,6268,217,922
1132,14,48,3082,3590,6271,508,3189
1646,16,48,4485,4615,6274,130,1789
1968,18,48,5362,5581,6277,219,915
1138,20,48,3099,3596,6280,497,3181
1652,22,48,4501,4633,6283,132,1782
1974,24,48,5379,5599,6286,220,907
1144,26,48,3115,3602,6289,487,3174
1658,28,48,4518,4651,6292,133,1774
1980,30,48,5395,5617,6295,222,900
2173,31,48,5922,6196,6298,274,376
1664,34,48,4534,4669,6301,135,1767
1986,36,48,5411,5635,6304,224,893
2179,37,48,5938,6214,6307,276,369
1670,40,48,4550,4687,6310,137,1760
1992,42,48,5428,5653,6313,225,885
2185,43,48,5955,6232,6316,277,361
1676,46,48,4567,4705,6319,138,1752
1998,48,48,5444,5671,6322,227,878
2191,49,48,5971,6250,6325,279,354
1682,52,48,4583,4723,6328,140,1745
2004,54,48,5461,5689,6331,228,870
2197,55,48,5987,6268,6334,281,347
1688,58,48,4599,4741,6337,142,1738
2010,60,48,5477,5707,6340,230,863
2203,61,48,6004,6286,6343,282,339
1694,64,48,4616,4759,6346,143,1730
2207,1,48,6015,6298,6349,283,334
1697,3,48,4623,4768,6352,145,1729
2020,6,48,5505,5737,6355,232,850
2213,7,48,6031,6316,6358,285,327
1703,9,48,4640,4786,6361,146,1721
2026,12,48,5521,5755,6364,234,843
2219,13,48,6048,6334,6367,286,319
1709,15,48,4656,4804,6370,148,1714
2032,18,48,5537,5773,6373,236,836
2225,19,48,6064,6352,6376,288,312
1715,21,48,4673,4822,6379,149,1706
2038,24,48,5554,5791,6382,237,828
2231,25,48,6080,6370,6385,290,305
1721,27,48,4689,4840,6388,151,1699
2044,30,48,5570,5809,6391,239,821
1214,32,48,3307,3672,6394,365,3087
1727,33,48,4705,4858,6397,153,1692
2050,36,48,5586,5827,6400,241,814
1220,38,48,3323,3678,6403,355,3080
1733,39,48,4722,4876,6406,154,1684
2056,42,48,5603,5845,6409,242,806
1226,44,48,3339,3684,6412,345,3073
1739,45,48,4738,4894,6415,156,1677
2062,48,48,5619,5863,6418,244,799
1232,50,48,3356,3690,6421,334,3065
1745,51,48,4754,4912,6424,158,1670
2068,54,48,5636,5881,6427,245,791
1238,56,48,3372,3696,6430,324,3058
1751,57,48,4771,4930,6433,159,1662
2074,60,48,5652,5899,6436,247,784
1244,62,48,3388,3702,6439,314,3051
1757,63,48,4787,4948,6442,161,1655
2208,2,48,6018,6301,6445,283,427
1698,4,48,4626,4771,6448,145,1822
1379,5,48,3756,3837,6451,81,2695
1190,8,48,3241,3648,6454,407,3213
1704,10,48,4643,4789,6457,146,1814
1385,11,48,3772,3843,6460,71,2688
1196,14,48,3257,3654,6463,397,3206
1710,16,48,4659,4807,6466,148,1807
1391,17,48,3789,3854,6469,65,2680
1202,20,48,3274,3660,6472,386,3198
1716,22,48,4675,4825,6475,150,1800
1397,23,48,3805,3872,6478,67,2673
1208,26,48,3290,3666,6481,376,3191
1722,28,48,4692,4843,6484,151,1792
1403,29,48,3821,3890,6487,69,2666
2237,31,48,6097,6388,6490,291,393
1728,34,48,4708,4861,6493,153,1785
1409,35,48,3838,3908,6496,70,2658
2243,37,48,6113,6406,6499,293,386
1734,40,48,4724,4879,6502,155,1778
1415,41,48,3854,3926,6505,72,2651
2249,43,48,6130,6424,6508,294,378
1740,46,48,4741,4897,6511,156,1770
1421,47,48,3870,3944,6514,74,2644
2255,49,48,6146,6442,6517,296,371
1746,52,48,4757,4915,6520,158,1763
1427,53,48,3887,3962,6523,75,2636
2261,55,48,6162,6460,6526,298,364
1752,58,48,4773,4933,6529,160,1756
1433,59,48,3903,3980,6532,77,2629
2267,61,48,6179,6478,6535,299,356
1758,64,48,4790,4951,6538,161,1748
2271,1,48,6189,6490,6541,301,352
1761,3,48,4798,4960,6544,162,1746
2084,6,48,5679,5929,6547,250,868
2277,7,48,6205,6508,6550,303,345
1767,9,48,4815,4978,6553,163,1738
2090,12,48,5695,5947,6556,252,861
2283,13,48,6222,6526,6559,304,337
1773,15,48,4831,4996,6562,165,1731
2096,18,48,5711,5965,6565,254,854
2289,19,48,6238,6544,6568,306,330
1779,21,48,4848,5014,6571,166,1723
2102,24,48,5728,5983,6574,255,846
2295,25,48,6254,6562,6577,308,323
1785,27,48,4864,5032,6580,168,1716
2108,30,48,5744,6001,6583,257,839
1278,32,48,3481,3736,6586,255,3105
1791,33,48,4880,5050,6589,170,1709
2114,36,48,5760,6019,6592,259,832
1284,38,48,3497,3742,6595,245,3098
1797,39,48,4897,5068,6598,171,1701
2120,42,48,5777,6037,6601,260,824
1290,44,48,3513,3748,6604,235,3091
1803,45,48,4913,5086,6607,173,1694
2126,48,48,5793,6055,6610,262,817
1296,50,48,3530,3754,6613,224,3083
1809,51,48,4929,5104,6616,175,1687
2132,54,48,5810,6073,6619,263,809
1302,56,48,3546,3760,6622,214,3076
1815,57,48,4946,5122,6625,176,1679
2138,60,48,5826,6091,6628,265,802
1308,62,48,3562,3766,6631,204,3069
1821,63,48,4962,5140,6634,178,1672
2272,2,48,6192,6493,6637,301,445
1762,4,48,4801,4963,6640,162,1839
2148,6,48,5854,6121,6643,267,789
1254,8,48,3415,3712,6646,297,3231
1768,10,48,4818,4981,6649,163,1831
2154,12,48,5870,6139,6652,269,782
1260,14,48,3431,3718,6655,287,3224
1774,16,48,4834,4999,6658,165,1824
2160,18,48,5886,6157,6661,271,775
1266,20,48,3448,3724,6664,276,3216
1780,22,48,4850,5017,6667,167,1817
2166,24,48,5903,6175,6670,272,767
1272,26,48,3464,3730,6673,266,3209
1786,28,48,4867,5035,6676,168,1809
2172,30,48,5919,6193,6679,274,760
2301,31,48,6271,6580,6682,309,411
1792,34,48,4883,5053,6685,170,1802
2178,36,48,5935,6211,6688,276,753
2307,37,48,6287,6598,6691,311,404
1798,40,48,4899,5071,6694,172,1795
2184,42,48,5952,6229,6697,277,745
2313,43,48,6304,6616,6700,312,396
1804,46,48,4916,5089,6703,173,1787
2190,48,48,5968,6247,6706,279,738
2319,49,48,6320,6634,6709,314,389
1810,52,48,4932,5107,6712,175,1780
2196,54,48,5985,6265,6715,280,730
2325,55,48,6336,6652,6718,316,382
1816,58,48,4948,5125,6721,177,1773
2202,60,48,6001,6283,6724,282,723
2331,61,48,6353,6670,6727,317,374
1822,64,48,4965,5143,6730,178,1765
2335,1,48,6364,6682,6733,318,369
1825,3,48,4972,5152,6736,180,1764
1443,5,48,3931,4010,6739,79,2808
2341,7,48,6380,6700,6742,320,362
1831,9,48,4989,5170,6745,181,1756
1449,11,48,3947,4028,6748,81,2801
2347,13,48,6397,6718,6751,321,354
1837,15,48,5005,5188,6754,183,1749
1455,17,48,3964,4046,6757,82,2793
2353,19,48,6413,6736,6760,323,347
1843,21,48,5022,5206,6763,184,1741
1461,23,48,3980,4064,6766,84,2786
2359,25,48,6429,6754,6769,325,340
1849,27,48,5038,5224,6772,186,1734
1467,29,48,3996,4082,6775,86,2779
1342,32,48,3656,3800,6778,144,3122
1855,33,48,5054,5242,6781,188,1727
1473,35,48,4013,4100,6784,87,2771
1348,38,48,3672,3806,6787,134,3115
1861,39,48,5071,5260,6790,189,1719
1479,41,48,4029,4118,6793,89,2764
1354,44,48,3688,3812,6796,124,3108
1867,45,48,5087,5278,6799,191,1712
1485,47,48,4045,4136,6802,91,2757
1360,50,48,3705,3818,6805,113,3100
1873,51,48,5103,5296,6808,193,1705
1491,53,48,4062,4154,6811,92,2749
1366,56,48,3721,3824,6814,103,3093
1879,57,48,5120,5314,6817,194,1697
1497,59,48,4078,4172,6820,94,2742
1372,62,48,3737,3830,6823,93,3086
1885,63,48,5136,5332,6826,196,1690
2336,2,48,6367,6685,6829,318,462
1826,4,48,4975,5155,6832,180,1857
2212,6,48,6029,6313,6835,284,806
1318,8,48,3590,3776,6838,186,3248
1832,10,48,4992,5173,6841,181,1849
2218,12,48,6045,6331,6844,286,799
1324,14,48,3606,3782,6847,176,3241
1838,16,48,5008,5191,6850,183,1842
2224,18,48,6061,6349,6853,288,792
1330,20,48,3623,3788,6856,165,3233
1844,22,48,5024,5209,6859,185,1835
2230,24,48,6078,6367,6862,289,784
1336,26,48,3639,3794,6865,155,3226
1850,28,48,5041,5227,6868,186,1827
2236,30,48,6094,6385,6871,291,777
2365,31,48,6446,6772,6874,326,428
1856,34,48,5057,5245,6877,188,1820
2242,36,48,6110,6403,6880,293,770
2371,37,48,6462,6790,6883,328,421
1862,40,48,5073,5263,6886,190,1813
2248,42,48,6127,6421,6889,294,762
2377,43,48,6479,6808,6892,329,413
1868,46,48,5090,5281,6895,191,1805
2254,48,48,6143,6439,6898,296,755
2383,49,48,6495,6826,6901,331,406
1874,52,48,5106,5299,6904,193,1798
2260,54,48,6160,6457,6907,297,747
2389,55,48,6511,6844,6910,333,399
1880,58,48,5122,5317,6913,195,1791
2266,60,48,6176,6475,6916,299,740
2395,61,48,6528,6862,6919,334,391
1886,64,48,5139,5335,6922,196,1783
2399,1,48,6538,6874,6925,336,387
1889,3,48,5147,5344,6928,197,1781
2276,6,48,6203,6505,6931,302,728
2405,7,48,6554,6892,6934,338,380
1895,9,48,5164,5362,6937,198,1773
2282,12,48,6219,6523,6940,304,721
2411,13,48,6571,6910,6943,339,372
1901,15,48,5180,5380,6946,200,1766
2288,18,48,6235,6541,6949,306,714
2417,19,48,6587,6928,6952,341,365
1907,21,48,5197,5398,6955,201,1758
2294,24,48,6252,6559,6958,307,706
2423,25,48,6603,6946,6961,343,358
1913,27,48,5213,5416,6964,203,1751
2300,30,48,6268,6577,6967,309,699
1406,32,48,3830,3899,6970,69,3140
1919,33,48,5229,5434,6973,205,1744
2306,36,48,6284,6595,6976,311,692
1412,38,48,3846,3917,6979,71,3133
1925,39,48,5246,5452,6982,206,1736
2312,42,48,6301,6613,6985,312,684
1418,44,48,3862,3935,6988,73,3126
1931,45,48,5262,5470,6991,208,1729
2318,48,48,6317,6631,6994,314,677
1424,50,48,3879,3953,6997,74,3118
1937,51,48,5278,5488,7000,210,1722
2324,54,48,6334,6649,7003,315,669
1430,56,48,3895,3971,7006,76,3111
1943,57,48,5295,5506,7009,211,1714
2330,60,48,6350,6667,7012,317,662
1436,62,48,3911,3989,7015,78,3104
1949,63,48,5311,5524,7018,213,1707
2400,2,48,6541,6877,7021,336,480
1890,4,48,5150,5347,7024,197,1874
1507,5,48,4106,4202,7027,96,2921
1382,8,48,3764,3840,7030,76,3266
1896,10,48,5167,5365,7033,198,1866
1513,11,48,4122,4220,7036,98,2914
1388,14,48,3780,3846,7039,66,3259
1902,16,48,5183,5383,7042,200,1859
1519,17,48,4139,4238,7045,99,2906
1394,20,48,3797,3863,7048,66,3251
1908,22,48,5199,5401,7051,202,1852
1525,23,48,4155,4256,7054,101,2899
1400,26,48,3813,3881,7057,68,3244
1914,28,48,5216,5419,7060,203,1844
1531,29,48,4171,4274,7063,103,2892
2429,31,48,6620,6964,7066,344,446
1920,34,48,5232,5437,7069,205,1837
1537,35,48,4188,4292,7072,104,2884
2435,37,48,6636,6982,7075,346,439
1926,40,48,5248,5455,7078,207,1830
1543,41,48,4204,4310,7081,106,2877
2441,43,48,6653,7000,7084,347,431
1932,46,48,5265,5473,7087,208,1822
1549,47,48,4220,4328,7090,108,2870
2447,49,48,6669,7018,7093,349,424
1938,52,48,5281,5491,7096,210,1815
1555,53,48,4237,4346,7099,109,2862
2453,55,48,6685,7036,7102,351,417
1944,58,48,5297,5509,7105,212,1808
1561,59,48,4253,4364,7108,111,2855
2459,61,48,6702,7054,7111,352,409
1950,64,48,5314,5527,7114,213,1800
2463,1,48,6713,7066,7117,353,404
1953,3,48,5321,5536,7120,215,1799
2340,6,48,6378,6697,7123,319,745
2469,7,48,6729,7084,7126,355,397
1959,9,48,5338,5554,7129,216,1791
2346,12,48,6394,6715,7132,321,738
2475,13,48,6746,7102,7135,356,389
1965,15,48,5354,5572,7138,218,1784
2352,18,48,6410,6733,7141,323,731
2481,19,48,6762,7120,7144,358,382
1971,21,48,5371,5590,7147,219,1776
2358,24,48,6427,6751,7150,324,723
2487,25,48,6778,7138,7153,360,375
1977,27,48,5387,5608,7156,221,1769
2364,30,48,6443,6769,7159,326,716
1470,32,48,4005,4091,7162,86,3157
1983,33,48,5403,5626,7165,223,1762
2370,36,48,6459,6787,7168,328,709
1476,38,48,4021,4109,7171,88,3150
1989,39,48,5420,5644,7174,224,1754
2376,42,48,6476,6805,7177,329,701
1482,44,48,4037,4127,7180,90,3143
1995,45,48,5436,5662,7183,226,1747
2382,48,48,6492,6823,7186,331,694
1488,50,48,4054,4145,7189,91,3135
2001,51,48,5452,5680,7192,228,1740
2388,54,48,6509,6841,7195,332,686
1494,56,48,4070,4163,7198,93,3128
2007,57,48,5469,5698,7201,229,1732
2394,60,48,6525,6859,7204,334,679
1500,62,48,4086,4181,7207,95,3121
2013,63,48,5485,5716,7210,231,1725
2464,2,48,6716,7069,7213,353,497
1954,4,48,5324,5539,7216,215,1892
2404,6,48,6552,6889,7219,337,667
1446,8,48,3939,4019,7222,80,3283
1960,10,48,5341,5557,7225,216,1884
2410,12,48,6568,6907,7228,339,660
1452,14,48,3955,4037,7231,82,3276
1966,16,48,5357,5575,7234,218,1877
2416,18,48,6584,6925,7237,341,653
1458,20,48,3972,4055,7240,83,3268
1972,22,48,5373,5593,7243,220,1870
2422,24,48,6601,6943,7246,342,645
1464,26,48,3988,4073,7249,85,3261
1978,28,48,5390,5611,7252,221,1862
2428,30,48,6617,6961,7255,344,638
2493,31,48,6795,7156,7258,361,463
1984,34,48,5406,5629,7261,223,1855
2434,36,48,6633,6979,7264,346,631
2499,37,48,6811,7174,7267,363,456
1990,40,48,5422,5647,7270,225,1848
2440,42,48,6650,6997,7273,347,623
2505,43,48,6828,7192,7276,364,448
1996,46,48,5439,5665,7279,226,1840
2446,48,48,6666,7015,7282,349,616
2511,49,48,6844,7210,7285,366,441
2002,52,48,5455,5683,7288,228,1833
2452,54,48,6683,7033,7291,350,608
2517,55,48,6860,7228,7294,368,434
2008,58,48,5471,5701,7297,230,1826
2458,60,48,6699,7051,7300,352,601
2523,61,48,6877,7246,7303,369,426
2014,64,48,5488,5719,7306,231,1818
2527,1,48,6887,7258,7309,371,422
2017,3,48,5496,5728,7312,232,1816
1571,5,48,4280,4394,7315,114,3035
2533,7,48,6903,7276,7318,373,415
2023,9,48,5513,5746,7321,233,1808
1577,11,48,4296,4412,7324,116,3028
2539,13,48,6920,7294,7327,374,407
2029,15,48,5529,5764,7330,235,1801
1583,17,48,4313,4430,7333,117,3020
2545,19,48,6936,7312,7336,376,400
2035,21,48,5546,5782,7339,236,1793
1589,23,48,4329,4448,7342,119,3013
2551,25,48,6952,7330,7345,378,393
2041,27,48,5562,5800,7348,238,1786
1595,29,48,4345,4466,7351,121,3006
1534,32,48,4180,4283,7354,103,3174
2047,33,48,5578,5818,7357,240,1779
1601,35,48,4362,4480,7360,118,2998
1540,38,48,4196,4301,7363,105,3167
2053,39,48,5595,5836,7366,241,1771
1607,41,48,4378,4498,7369,120,2991
1546,44,48,4212,4319,7372,107,3160
2059,45,48,5611,5854,7375,243,1764
1613,47,48,4394,4516,7378,122,2984
1552,50,48,4229,4337,7381,108,3152
2065,51,48,5627,5872,7384,245,1757
1619,53,48,4411,4534,7387,123,2976
1558,56,48,4245,4355,7390,110,3145
2071,57,48,5644,5890,7393,246,1749
1625,59,48,4427,4552,7396,125,2969
1564,62,48,4261,4373,7399,112,3138
2077,63,48,5660,5908,7402,248,1742
2528,2,48,6890,7261,7405,371,515
2018,4,48,5499,5731,7408,232,1909
2468,6,48,6727,7081,7411,354,684
1510,8,48,4114,4211,7414,97,3300
2024,10,48,5516,5749,7417,233,1901
2474,12,48,6743,7099,7420,356,677
1516,14,48,4130,4229,7423,99,3293
2030,16,48,5532,5767,7426,235,1894
2480,18,48,6759,7117,7429,358,670
1522,20,48,4147,4247,7432,100,3285
2036,22,48,5548,5785,7435,237,1887
2486,24,48,6776,7135,7438,359,662
1528,26,48,4163,4265,7441,102,3278
2042,28,48,5565,5803,7444,238,1879
2492,30,48,6792,7153,7447,361,655
2557,31,48,6969,7348,7450,379,481
2048,34,48,5581,5821,7453,240,1872
2498,36,48,6808,7171,7456,363,648
2563,37,48,6985,7366,7459,381,474
2054,40,48,5597,5839,7462,242,1865
2504,42,48,6825,7189,7465,364,640
2569,43,48,7002,7384,7468,382,466
2060,46,48,5614,5857,7471,243,1857
2510,48,48,6841,7207,7474,366,633
2575,49,48,7018,7402,7477,384,459
2066,52,48,5630,5875,7480,245,1850
2516,54,48,6858,7225,7483,367,625
2581,55,48,7034,7420,7486,386,452
2072,58,48,5646,5893,7489,247,1843
2522,60,48,6874,7243,7492,369,618
2587,61,48,7051,7438,7495,387,444
2078,64,48,5663,5911,7498,248,1835
2591,1,48,7062,7450,7501,388,439
2081,3,48,5670,5920,7504,250,1834
2532,6,48,6901,7273,7507,372,606
2597,7,48,7078,7468,7510,390,432
2087,9,48,5687,5938,7513,251,1826
2538,12,48,6917,7291,7516,374,599
2603,13,48,7095,7486,7519,391,424
2093,15,48,5703,5956,7522,253,1819
2544,18,48,6933,7309,7525,376,592
2609,19,48,7111,7504,7528,393,417
2099,21,48,5720,5974,7531,254,1811
2550,24,48,6950,7327,7534,377,584
2615,25,48,7127,7522,7537,395,410
2105,27,48,5736,5992,7540,256,1804
2556,30,48,6966,7345,7543,379,577
1598,32,48,4354,4471,7546,117,3192
2111,33,48,5752,6010,7549,258,1797
2562,36,48,6982,7363,7552,381,570
1604,38,48,4370,4489,7555,119,3185
2117,39,48,5769,6028,7558,259,1789
2568,42,48,6999,7381,7561,382,562
1610,44,48,4386,4507,7564,121,3178
2123,45,48,5785,6046,7567,261,1782
2574,48,48,7015,7399,7570,384,555
1616,50,48,4403,4525,7573,122,3170
2129,51,48,5801,6064,7576,263,1775
2580,54,48,7032,7417,7579,385,547
1622,56,48,4419,4543,7582,124,3163
2135,57,48,5818,6082,7585,264,1767
2586,60,48,7048,7435,7588,387,540
1628,62,48,4435,4561,7591,126,3156
2141,63,48,5834,6100,7594,266,1760
2592,2,48,7065,7453,7597,388,532
2082,4,48,5673,5923,7600,250,1927
1635,5,48,4455,4582,7603,127,3148
1574,8,48,4288,4403,7606,115,3318
2088,10,48,5690,5941,7609,251,1919
1641,11,48,4471,4600,7612,129,3141
1580,14,48,4304,4421,7615,117,3311
2094,16,48,5706,5959,7618,253,1912
1647,17,48,4488,4618,7621,130,3133
1586,20,48,4321,4439,7624,118,3303
2100,22,48,5722,5977,7627,255,1905
1653,23,48,4504,4636,7630,132,3126
1592,26,48,4337,4457,7633,120,3296
2106,28,48,5739,5995,7636,256,1897
1659,29,48,4520,4654,7639,134,3119
2621,31,48,7144,7540,7642,396,498
2112,34,48,5755,6013,7645,258,1890
1665,35,48,4537,4672,7648,135,3111
2627,37,48,7160,7558,7651,398,491
2118,40,48,5771,6031,7654,260,1883
1671,41,48,4553,4690,7657,137,3104
2633,43,48,7177,7576,7660,399,483
2124,46,48,5788,6049,7663,261,1875
1677,47,48,4569,4708,7666,139,3097
2639,49,48,7193,7594,7669,401,476
2130,52,48,5804,6067,7672,263,1868
1683,53,48,4586,4726,7675,140,3089
2645,55,48,7209,7612,7678,403,469
2136,58,48,5820,6085,7681,265,1861
1689,59,48,4602,4744,7684,142,3082
2651,61,48,7226,7630,7687,404,461
2142,64,48,5837,6103,7690,266,1853
2655,1,48,7236,7642,7693,406,457
2145,3,48,5845,6112,7696,267,1851
2596,6,48,7076,7465,7699,389,623
2661,7,48,7252,7660,7702,408,450
2151,9,48,5862,6130,7705,268,1843
2602,12,48,7092,7483,7708,391,616
2667,13,48,7269,7678,7711,409,442
2157,15,48,5878,6148,7714,270,1836
2608,18,48,7108,7501,7717,393,609
2673,19,48,7285,7696,7720,411,435
2163,21,48,5895,6166,7723,271,1828
2614,24,48,7125,7519,7726,394,601
2679,25,48,7301,7714,7729,413,428
2169,27,48,5911,6184,7732,273,1821
2620,30,48,7141,7537,7735,396,594
1662,32,48,4529,4663,7738,134,3209
2175,33,48,5927,6202,7741,275,1814
2626,36,48,7157,7555,7744,398,587
1668,38,48,4545,4681,7747,136,3202
2181,39,48,5944,6220,7750,276,1806
2632,42,48,7174,7573,7753,399,579
1674,44,48,4561,4699,7756,138,3195
2187,45,48,5960,6238,7759,278,1799
2638,48,48,7190,7591,7762,401,572
1680,50,48,4578,4717,7765,139,3187
2193,51,48,5976,6256,7768,280,1792
2644,54,48,7207,7609,7771,402,564
1686,56,48,4594,4735,7774,141,3180
2199,57,48,5993,6274,7777,281,1784
2650,60,48,7223,7627,7780,404,557
1692,62,48,4610,4753,7783,143,3173
2205,63,48,6009,6292,7786,283,1777
2656,2,48,7239,7645,7789,406,550
2146,4,48,5848,6115,7792,267,1944
2660,6,48,7250,7657,7795,407,545
1638,8,48,4463,4591,7798,128,3335
2152,10,48,5865,6133,7801,268,1936
2666,12,48,7266,7675,7804,409,538
1644,14,48,4479,4609,7807,130,3328
2158,16,48,5881,6151,7810,270,1929
2672,18,48,7282,7693,7813,411,531
1650,20,48,4496,4627,7816,131,3320
2164,22,48,5897,6169,7819,272,1922
2678,24,48,7299,7711,7822,412,523
1656,26,48,4512,4645,7825,133,3313
2170,28,48,5914,6187,7828,273,1914
2684,30,48,7315,7729,7831,414,516
2685,31,48,7318,7732,7834,414,516
2176,34,48,5930,6205,7837,275,1907
2690,36,48,7331,7747,7840,416,509
2691,37,48,7334,7750,7843,416,509
2182,40,48,5946,6223,7846,277,1900
2696,42,48,7348,7765,7849,417,501
2697,43,48,7351,7768,7852,417,501
2188,46,48,5963,6241,7855,278,1892
2702,48,48,7364,7783,7858,419,494
2703,49,48,7367,7786,7861,419,494
2194,52,48,5979,6259,7864,280,1885
2708,54,48,7381,7801,7867,420,486
2709,55,48,7383,7804,7870,421,487
2200,58,48,5995,6277,7873,282,1878
2714,60,48,7397,7819,7876,422,479
2715,61,48,7400,7822,7879,422,479
2206,64,48,6012,6295,7882,283,1870
2719,1,48,7411,7834,7885,423,474
2209,3,48,6020,6304,7888,284,1868
1699,5,48,4629,4774,7891,145,3262
2725,7,48,7427,7852,7894,425,467
2215,9,48,6037,6322,7897,285,1860
1705,11,48,4645,4792,7900,147,3255
2731,13,48,7444,7870,7903,426,459
2221,15,48,6053,6340,7906,287,1853
1711,17,48,4662,4810,7909,148,3247
2737,19,48,7460,7888,7912,428,452
2227,21,48,6070,6358,7915,288,1845
1717,23,48,4678,4828,7918,150,3240
2743,25,48,7476,7906,7921,430,445
2233,27,48,6086,6376,7924,290,1838
1723,29,48,4694,4846,7927,152,3233
1726,32,48,4703,4855,7930,152,3227
2239,33,48,6102,6394,7933,292,1831
1729,35,48,4711,4864,7936,153,3225
1732,38,48,4719,4873,7939,154,3220
2245,39,48,6119,6412,7942,293,1823
1735,41,48,4727,4882,7945,155,3218
1738,44,48,4735,4891,7948,156,3213
2251,45,48,6135,6430,7951,295,1816
1741,47,48,4743,4900,7954,157,3211
1744,50,48,4752,4909,7957,157,3205
2257,51,48,6151,6448,7960,297,1809
1747,53,48,4760,4918,7963,158,3203
1750,56,48,4768,4927,7966,159,3198
2263,57,48,6168,6466,7969,298,1801
1753,59,48,4776,4936,7972,160,3196
1756,62,48,4784,4945,7975,161,3191
2269,63,48,6184,6484,7978,300,1794
2720,2,48,7414,7837,7981,423,567
2210,4,48,6023,6307,7984,284,1961
2724,6,48,7425,7849,7987,424,562
1702,8,48,4637,4783,7990,146,3353
2216,10,48,6040,6325,7993,285,1953
2730,12,48,7441,7867,7996,426,555
1708,14,48,4653,4801,7999,148,3346
2222,16,48,6056,6343,8002,287,1946
2736,18,48,7457,7885,8005,428,548
1714,20,48,4670,4819,8008,149,3338
2228,22,48,6072,6361,8011,289,1939
2742,24,48,7474,7903,8014,429,540
1720,26,48,4686,4837,8017,151,3331
2234,28,48,6089,6379,8020,290,1931
2748,30,48,7490,7921,8023,431,533
2749,31,48,7493,7924,8026,431,533
2240,34,48,6105,6397,8029,292,1924
2754,36,48,7506,7939,8032,433,526
2755,37,48,7509,7942,8035,433,526
2246,40,48,6121,6415,8038,294,1917
2760,42,48,7523,7957,8041,434,518
2761,43,48,7526,7960,8044,434,518
2252,46,48,6138,6433,8047,295,1909
2766,48,48,7539,7975,8050,436,511
2767,49,48,7542,7978,8053,436,511
2258,52,48,6154,6451,8056,297,1902
2772,54,48,7556,7993,8059,437,503
2773,55,48,7558,7996,8062,438,504
2264,58,48,6170,6469,8065,299,1895
2778,60,48,7572,8011,8068,439,496
2779,61,48,7575,8014,8071,439,496
2270,64,48,6187,6487,8074,300,1887
2783,1,48,7585,8026,8077,441,492
2273,3,48,6194,6496,8080,302,1886
2788,6,48,7599,8041,8083,442,484
2789,7,48,7601,8044,8086,443,485
2279,9,48,6211,6514,8089,303,1878
2794,12,48,7615,8059,8092,444,477
2795,13,48,7618,8062,8095,444,477
2285,15,48,6227,6532,8098,305,1871
2800,18,48,7631,8077,8101,446,470
2801,19,48,7634,8080,8104,446,470
2291,21,48,6244,6550,8107,306,1863
2806,24,48,7648,8095,8110,447,462
2807,25,48,7650,8098,8113,448,463
2297,27,48,6260,6568,8116,308,1856
1787,29,48,4869,5038,8119,169,3250
1790,32,48,4878,5047,8122,169,3244
2303,33,48,6276,6586,8125,310,1849
1793,35,48,4886,5056,8128,170,3242
1796,38,48,4894,5065,8131,171,3237
2309,39,48,6293,6604,8134,311,1841
1799,41,48,4902,5074,8137,172,3235
1802,44,48,4910,5083,8140,173,3230
2315,45,48,6309,6622,8143,313,1834
1805,47,48,4918,5092,8146,174,3228
1808,50,48,4927,5101,8149,174,3222
2321,51,48,6325,6640,8152,315,1827
1811,53,48,4935,5110,8155,175,3220
1814,56,48,4943,5119,8158,176,3215
2327,57,48,6342,6658,8161,316,1819
1817,59,48,4951,5128,8164,177,3213
1820,62,48,4959,5137,8167,178,3208
2333,63,48,6358,6676,8170,318,1812
2784,2,48,7588,8029,8173,441,585
2274,4,48,6197,6499,8176,302,1979
1763,5,48,4804,4966,8179,162,3375
1766,8,48,4812,4975,8182,163,3370
2280,10,48,6214,6517,8185,303,1971
1769,11,48,4820,4984,8188,164,3368
1772,14,48,4828,4993,8191,165,3363
2286,16,48,6230,6535,8194,305,1964
1775,17,48,4837,5002,8197,165,3360
1778,20,48,4845,5011,8200,166,3355
2292,22,48,6246,6553,8203,307,1957
1781,23,48,4853,5020,8206,167,3353
1784,26,48,4861,5029,8209,168,3348
2298,28,48,6263,6571,8212,308,1949
2812,30,48,7664,8113,8215,449,551
2813,31,48,7667,8116,8218,449,551
2304,34,48,6279,6589,8221,310,1942
2818,36,48,7680,8131,8224,451,544
2819,37,48,7683,8134,8227,451,544
2310,40,48,6295,6607,8230,312,1935
2824,42,48,7697,8149,8233,452,536
2825,43,48,7700,8152,8236,452,536
2316,46,48,6312,6625,8239,313,1927
2830,48,48,7713,8167,8242,454,529
2831,49,48,7716,8170,8245,454,529
2322,52,48,6328,6643,8248,315,1920
2836,54,48,7730,8185,8251,455,521
2837,55,48,7732,8188,8254,456,522
2328,58,48,6344,6661,8257,317,1913
2842,60,48,7746,8203,8260,457,514
2843,61,48,7749,8206,8263,457,514
2334,64,48,6361,6679,8266,318,1905
2847,1,48,7760,8218,8269,458,509
2337,3,48,6369,6688,8272,319,1903
2852,6,48,7774,8233,8275,459,501
2853,7,48,7776,8236,8278,460,502
2343,9,48,6386,6706,8281,320,1895
2858,12,48,7790,8251,8284,461,494
2859,13,48,7793,8254,8287,461,494
2349,15,48,6402,6724,8290,322,1888
2864,18,48,7806,8269,8293,463,487
2865,19,48,7809,8272,8296,463,487
2355,21,48,6419,6742,8299,323,1880
2870,24,48,7823,8287,8302,464,479
2871,25,48,7825,8290,8305,465,480
2361,27,48,6435,6760,8308,325,1873
1851,29,48,5043,5230,8311,187,3268
1854,32,48,5052,5239,8314,187,3262
2367,33,48,6451,6778,8317,327,1866
1857,35,48,5060,5248,8320,188,3260
1860,38,48,5068,5257,8323,189,3255
2373,39,48,6468,6796,8326,328,1858
1863,41,48,5076,5266,8329,190,3253
1866,44,48,5084,5275,8332,191,3248
2379,45,48,6484,6814,8335,330,1851
1869,47,48,5092,5284,8338,192,3246
1872,50,48,5101,5293,8341,192,3240
2385,51,48,6500,6832,8344,332,1844
1875,53,48,5109,5302,8347,193,3238
1878,56,48,5117,5311,8350,194,3233
2391,57,48,6517,6850,8353,333,1836
1881,59,48,5125,5320,8356,195,3231
1884,62,48,5133,5329,8359,196,3226
2397,63,48,6533,6868,8362,335,1829
2848,2,48,7763,8221,8365,458,602
2338,4,48,6372,6691,8368,319,1996
1827,5,48,4978,5158,8371,180,3393
1830,8,48,4986,5167,8374,181,3388
2344,10,48,6389,6709,8377,320,1988
1833,11,48,4994,5176,8380,182,3386
1836,14,48,5002,5185,8383,183,3381
2350,16,48,6405,6727,8386,322,1981
1839,17,48,5011,5194,8389,183,3378
1842,20,48,5019,5203,8392,184,3373
2356,22,48,6421,6745,8395,324,1974
1845,23,48,5027,5212,8398,185,3371
1848,26,48,5035,5221,8401,186,3366
2362,28,48,6438,6763,8404,325,1966
2876,30,48,7839,8305,8407,466,568
2877,31,48,7842,8308,8410,466,568
2368,34,48,6454,6781,8413,327,1959
2882,36,48,7855,8323,8416,468,561
2883,37,48,7858,8326,8419,468,561
2374,40,48,6470,6799,8422,329,1952
2888,42,48,7872,8341,8425,469,553
2889,43,48,7875,8344,8428,469,553
2380,46,48,6487,6817,8431,330,1944
2894,48,48,7888,8359,8434,471,546
2895,49,48,7891,8362,8437,471,546
2386,52,48,6503,6835,8440,332,1937
2900,54,48,7905,8377,8443,472,538
2901,55,48,7907,8380,8446,473,539
2392,58,48,6519,6853,8449,334,1930
2906,60,48,7921,8395,8452,474,531
2907,61,48,7924,8398,8455,474,531
2398,64,48,6536,6871,8458,335,1922
2911,1,48,7935,8410,8461,475,526
2401,3,48,6543,6880,8464,337,1921
2916,6,48,7949,8425,8467,476,518
2917,7,48,7951,8428,8470,477,519
2407,9,48,6560,6898,8473,338,1913
2922,12,48,7965,8443,8476,478,511
2923,13,48,7968,8446,8479,478,511
2413,15,48,6576,6916,8482,340,1906
2928,18,48,7981,8461,8485,480,504
2929,19,48,7984,8464,8488,480,504
2419,21,48,6593,6934,8491,341,1898
2934,24,48,7998,8479,8494,481,496
2935,25,48,8000,8482,8497,482,497
2425,27,48,6609,6952,8500,343,1891
1915,29,48,5218,5422,8503,204,3285
1918,32,48,5227,5431,8506,204,3279
2431,33,48,6625,6970,8509,345,1884
1921,35,48,5235,5440,8512,205,3277
1924,38,48,5243,5449,8515,206,3272
2437,39,48,6642,6988,8518,346,1876
1927,41,48,5251,5458,8521,207,3270
1930,44,48,5259,5467,8524,208,3265
2443,45,48,6658,7006,8527,348,1869
1933,47,48,5267,5476,8530,209,3263
1936,50,48,5276,5485,8533,209,3257
2449,51,48,6674,7024,8536,350,1862
1939,53,48,5284,5494,8539,210,3255
1942,56,48,5292,5503,8542,211,3250
2455,57,48,6691,7042,8545,351,1854
1945,59,48,5300,5512,8548,212,3248
1948,62,48,5308,5521,8551,213,3243
2461,63,48,6707,7060,8554,353,1847
2912,2,48,7938,8413,8557,475,619
2402,4,48,6546,6883,8560,337,2014
1891,5,48,5153,5350,8563,197,3410
1894,8,48,5161,5359,8566,198,3405
2408,10,48,6563,6901,8569,338,2006
1897,11,48,5169,5368,8572,199,3403
1900,14,48,5177,5377,8575,200,3398
2414,16,48,6579,6919,8578,340,1999
1903,17,48,5186,5386,8581,200,3395
1906,20,48,5194,5395,8584,201,3390
2420,22,48,6595,6937,8587,342,1992
1909,23,48,5202,5404,8590,202,3388
1912,26,48,5210,5413,8593,203,3383
2426,28,48,6612,6955,8596,343,1984
2940,30,48,8014,8497,8599,483,585
2941,31,48,8017,8500,8602,483,585
2432,34,48,6628,6973,8605,345,1977
2946,36,48,8030,8515,8608,485,578
2947,37,48,8033,8518,8611,485,578
2438,40,48,6644,6991,8614,347,1970
2952,42,48,8047,8533,8617,486,570
2953,43,48,8050,8536,8620,486,570
2444,46,48,6661,7009,8623,348,1962
2958,48,48,8063,8551,8626,488,563
2959,49,48,8066,8554,8629,488,563
2450,52,48,6677,7027,8632,350,1955
2964,54,48,8080,8569,8635,489,555
2965,55,48,8082,8572,8638,490,556
2456,58,48,6693,7045,8641,352,1948
2970,60,48,8096,8587,8644,491,548
2971,61,48,8099,8590,8647,491,548
2462,64,48,6710,7063,8650,353,1940
2975,1,48,8109,8602,8653,493,544
2465,3,48,6718,7072,8656,354,1938
2980,6,48,8123,8617,8659,494,536
2981,7,48,8125,8620,8662,495,537
2471,9,48,6735,7090,8665,355,1930
2986,12,48,8139,8635,8668,496,529
2987,13,48,8142,8638,8671,496,529
2477,15,48,6751,7108,8674,357,1923
2992,18,48,8155,8653,8677,498,522
2993,19,48,8158,8656,8680,498,522
2483,21,48,6768,7126,8683,358,1915
2998,24,48,8172,8671,8686,499,514
2999,25,48,8174,8674,8689,500,515
2489,27,48,6784,7144,8692,360,1908
1979,29,48,5392,5614,8695,222,3303
1982,32,48,5401,5623,8698,222,3297
2495,33,48,6800,7162,8701,362,1901
1985,35,48,5409,5632,8704,223,3295
1988,38,48,5417,5641,8707,224,3290
2501,39,48,6817,7180,8710,363,1893
1991,41,48,5425,5650,8713,225,3288
1994,44,48,5433,5659,8716,226,3283
2507,45,48,6833,7198,8719,365,1886
1997,47,48,5441,5668,8722,227,3281
2000,50,48,5450,5677,8725,227,3275
2513,51,48,6849,7216,8728,367,1879
2003,53,48,5458,5686,8731,228,3273
2006,56,48,5466,5695,8734,229,3268
2519,57,48,6866,7234,8737,368,1871
2009,59,48,5474,5704,8740,230,3266
2012,62,48,5482,5713,8743,231,3261
2525,63,48,6882,7252,8746,370,1864
2976,2,48,8112,8605,8749,493,637
2466,4,48,6721,7075,8752,354,2031
1955,5,48,5327,5542,8755,215,3428
1958,8,48,5335,5551,8758,216,3423
2472,10,48,6738,7093,8761,355,2023
1961,11,48,5343,5560,8764,217,3421
1964,14,48,5351,5569,8767,218,3416
2478,16,48,6754,7111,8770,357,2016
1967,17,48,5360,5578,8773,218,3413
1970,20,48,5368,5587,8776,219,3408
2484,22,48,6770,7129,8779,359,2009
1973,23,48,5376,5596,8782,220,3406
1976,26,48,5384,5605,8785,221,3401
2490,28,48,6787,7147,8788,360,2001
3004,30,48,8188,8689,8791,501,603
3005,31,48,8191,8692,8794,501,603
2496,34,48,6803,7165,8797,362,1994
3010,36,48,8204,8707,8800,503,596
3011,37,48,8207,8710,8803,503,596
2502,40,48,6819,7183,8806,364,1987
3016,42,48,8221,8725,8809,504,588
3017,43,48,8224,8728,8812,504,588
2508,46,48,6836,7201,8815,365,1979
3022,48,48,8237,8743,8818,506,581
3023,49,48,8240,8746,8821,506,581
2514,52,48,6852,7219,8824,367,1972
3028,54,48,8254,8761,8827,507,573
3029,55,48,8256,8764,8830,508,574
2520,58,48,6868,7237,8833,369,1965
3034,60,48,8270,8779,8836,509,566
3035,61,48,8273,8782,8839,509,566
2526,64,48,6885,7255,8842,370,1957
3039,1,48,8284,8794,8845,510,561
2529,3,48,6892,7264,8848,372,1956
3044,6,48,8298,8809,8851,511,553
3045,7,48,8300,8812,8854,512,554
2535,9,48,6909,7282,8857,373,1948
3050,12,48,8314,8827,8860,513,546
3051,13,48,8317,8830,8863,513,546
2541,15,48,6925,7300,8866,375,1941
3056,18,48,8330,8845,8869,515,539
3057,19,48,8333,8848,8872,515,539
2547,21,48,6942,7318,8875,376,1933
3062,24,48,8347,8863,8878,516,531
3063,25,48,8349,8866,8881,517,532
2553,27,48,6958,7336,8884,378,1926
2043,29,48,5567,5806,8887,239,3320
2046,32,48,5576,5815,8890,239,3314
2559,33,48,6974,7354,8893,380,1919
2049,35,48,5584,5824,8896,240,3312
2052,38,48,5592,5833,8899,241,3307
2565,39,48,6991,7372,8902,381,1911
2055,41,48,5600,5842,8905,242,3305
2058,44,48,5608,5851,8908,243,3300
2571,45,48,7007,7390,8911,383,1904
2061,47,48,5616,5860,8914,244,3298
2064,50,48,5625,5869,8917,244,3292
2577,51,48,7023,7408,8920,385,1897
2067,53,48,5633,5878,8923,245,3290
2070,56,48,5641,5887,8926,246,3285
2583,57,48,7040,7426,8929,386,1889
2073,59,48,5649,5896,8932,247,3283
2076,62,48,5657,5905,8935,248,3278
2589,63,48,7056,7444,8938,388,1882
3040,2,48,8287,8797,8941,510,654
2530,4,48,6895,7267,8944,372,2049
2019,5,48,5502,5734,8947,232,3445
2022,8,48,5510,5743,8950,233,3440
2536,10,48,6912,7285,8953,373,2041
2025,11,48,5518,5752,8956,234,3438
2028,14,48,5526,5761,8959,235,3433
2542,16,48,6928,7303,8962,375,2034
2031,17,48,5535,5770,8965,235,3430
2034,20,48,5543,5779,8968,236,3425
2548,22,48,6944,7321,8971,377,2027
2037,23,48,5551,5788,8974,237,3423
2040,26,48,5559,5797,8977,238,3418
2554,28,48,6961,7339,8980,378,2019
3068,30,48,8363,8881,8983,518,620
3069,31,48,8366,8884,8986,518,620
2560,34,48,6977,7357,8989,380,2012
3074,36,48,8379,8899,8992,520,613
3075,37,48,8382,8902,8995,520,613
2566,40,48,6993,7375,8998,382,2005
3080,42,48,8396,8917,9001,521,605
3081,43,48,8399,8920,9004,521,605
2572,46,48,7010,7393,9007,383,1997
3086,48,48,8412,8935,9010,523,598
3087,49,48,8415,8938,9013,523,598
2578,52,48,7026,7411,9016,385,1990
3092,54,48,8429,8953,9019,524,590
3093,55,48,8431,8956,9022,525,591
2584,58,48,7042,7429,9025,387,1983
3098,60,48,8445,8971,9028,526,583
3099,61,48,8448,8974,9031,526,583
2590,64,48,7059,7447,9034,388,1975
3103,1,48,8458,8986,9037,528,579
2593,3,48,7067,7456,9040,389,1973
3108,6,48,8472,9001,9043,529,571
3109,7,48,8474,9004,9046,530,572
2599,9,48,7084,7474,9049,390,1965
3114,12,48,8488,9019,9052,531,564
3115,13,48,8491,9022,9055,531,564
2605,15,48,7100,7492,9058,392,1958
3120,18,48,8504,9037,9061,533,557
3121,19,48,8507,9040,9064,533,557
2611,21,48,7117,7510,9067,393,1950
3126,24,48,8521,9055,9070,534,549
3127,25,48,8523,9058,9073,535,550
2617,27,48,7133,7528,9076,395,1943
2107,29,48,5741,5998,9079,257,3338
2110,32,48,5750,6007,9082,257,3332
2623,33,48,7149,7546,9085,397,1936
2113,35,48,5758,6016,9088,258,3330
2116,38,48,5766,6025,9091,259,3325
2629,39,48,7166,7564,9094,398,1928
2119,41,48,5774,6034,9097,260,3323
2122,44,48,5782,6043,9100,261,3318
2635,45,48,7182,7582,9103,400,1921
2125,47,48,5790,6052,9106,262,3316
2128,50,48,5799,6061,9109,262,3310
2641,51,48,7198,7600,9112,402,1914
2131,53,48,5807,6070,9115,263,3308
2134,56,48,5815,6079,9118,264,3303
2647,57,48,7215,7618,9121,403,1906
2137,59,48,5823,6088,9124,265,3301
2140,62,48,5831,6097,9127,266,3296
2653,63,48,7231,7636,9130,405,1899
3104,2,48,8461,8989,9133,528,672
2594,4,48,7070,7459,9136,389,2066
2083,5,48,5676,5926,9139,250,3463
2086,8,48,5684,5935,9142,251,3458
2600,10,48,7087,7477,9145,390,2058
2089,11,48,5692,5944,9148,252,3456
2092,14,48,5700,5953,9151,253,3451
2606,16,48,7103,7495,9154,392,2051
2095,17,48,5709,5962,9157,253,3448
2098,20,48,5717,5971,9160,254,3443
2612,22,48,7119,7513,9163,394,2044
2101,23,48,5725,5980,9166,255,3441
2104,26,48,5733,5989,9169,256,3436
2618,28,48,7136,7531,9172,395,2036
3132,30,48,8537,9073,9175,536,638
3133,31,48,8540,9076,9178,536,638
2624,34,48,7152,7549,9181,397,2029
3138,36,48,8553,9091,9184,538,631
3139,37,48,8556,9094,9187,538,631
2630,40,48,7168,7567,9190,399,2022
3144,42,48,8570,9109,9193,539,623
3145,43,48,8573,9112,9196,539,623
2636,46,48,7185,7585,9199,400,2014
3150,48,48,8586,9127,9202,541,616
3151,49,48,8589,9130,9205,541,616
2642,52,48,7201,7603,9208,402,2007
3156,54,48,8603,9145,9211,542,608
3157,55,48,8605,9148,9214,543,609
2648,58,48,7217,7621,9217,404,2000
3162,60,48,8619,9163,9220,544,601
3163,61,48,8622,9166,9223,544,601
2654,64,48,7234,7639,9226,405,1992
3167,1,48,8633,9178,9229,545,596
2657,3,48,7241,7648,9232,407,1991
3172,6,48,8647,9193,9235,546,588
3173,7,48,8649,9196,9238,547,589
2663,9,48,7258,7666,9241,408,1983
3178,12,48,8663,9211,9244,548,581
3179,13,48,8666,9214,9247,548,581
2669,15,48,7274,7684,9250,410,1976
3184,18,48,8679,9229,9253,550,574
3185,19,48,8682,9232,9256,550,574
2675,21,48,7291,7702,9259,411,1968
3190,24,48,8696,9247,9262,551,566
3191,25,48,8698,9250,9265,552,567
2681,27,48,7307,7720,9268,413,1961
2171,29,48,5916,6190,9271,274,3355
2174,32,48,5925,6199,9274,274,3349
2687,33,48,7323,7738,9277,415,1954
2177,35,48,5933,6208,9280,275,3347
2180,38,48,5941,6217,9283,276,3342
2693,39,48,7340,7756,9286,416,1946
2183,41,48,5949,6226,9289,277,3340
2186,44,48,5957,6235,9292,278,3335
2699,45,48,7356,7774,9295,418,1939
2189,47,48,5965,6244,9298,279,3333
2192,50,48,5974,6253,9301,279,3327
2705,51,48,7372,7792,9304,420,1932
2195,53,48,5982,6262,9307,280,3325
2198,56,48,5990,6271,9310,281,3320
2711,57,48,7389,7810,9313,421,1924
2201,59,48,5998,6280,9316,282,3318
2204,62,48,6006,6289,9319,283,3313
2717,63,48,7405,7828,9322,423,1917
3168,2,48,8636,9181,9325,545,689
2658,4,48,7244,7651,9328,407,2084
2147,5,48,5851,6118,9331,267,3480
2150,8,48,5859,6127,9334,268,3475
2664,10,48,7261,7669,9337,408,2076
2153,11,48,5867,6136,9340,269,3473
2156,14,48,5875,6145,9343,270,3468
2670,16,48,7277,7687,9346,410,2069
2159,17,48,5884,6154,9349,270,3465
2162,20,48,5892,6163,9352,271,3460
2676,22,48,7293,7705,9355,412,2062
2165,23,48,5900,6172,9358,272,3458
2168,26,48,5908,6181,9361,273,3453
2682,28,48,7310,7723,9364,413,2054
3196,30,48,8712,9265,9367,553,655
3197,31,48,8715,9268,9370,553,655
2688,34,48,7326,7741,9373,415,2047
3202,36,48,8728,9283,9376,555,648
3203,37,48,8731,9286,9379,555,648
2694,40,48,7342,7759,9382,417,2040
3208,42,48,8745,9301,9385,556,640
3209,43,48,8748,9304,9388,556,640
2700,46,48,7359,7777,9391,418,2032
3214,48,48,8761,9319,9394,558,633
3215,49,48,8764,9322,9397,558,633
2706,52,48,7375,7795,9400,420,2025
3220,54,48,8778,9337,9403,559,625
3221,55,48,8780,9340,9406,560,626
2712,58,48,7391,7813,9409,422,2018
3226,60,48,8794,9355,9412,561,618
3227,61,48,8797,9358,9415,561,618
2718,64,48,7408,7831,9418,423,2010
3231,1,48,8807,9370,9421,563,614
2721,3,48,7416,7840,9424,424,2008
3236,6,48,8821,9385,9427,564,606
3237,7,48,8823,9388,9430,565,607
2727,9,48,7433,7858,9433,425,2000
3242,12,48,8837,9403,9436,566,599
3243,13,48,8840,9406,9439,566,599
2733,15,48,7449,7876,9442,427,1993
3248,18,48,8853,9421,9445,568,592
3249,19,48,8856,9424,9448,568,592
2739,21,48,7466,7894,9451,428,1985
3254,24,48,8870,9439,9454,569,584
3255,25,48,8872,9442,9457,570,585
2745,27,48,7482,7912,9460,430,1978
2235,29,48,6091,6382,9463,291,3372
2238,32,48,6100,6391,9466,291,3366
2751,33,48,7498,7930,9469,432,1971
2241,35,48,6108,6400,9472,292,3364
2244,38,48,6116,6409,9475,293,3359
2757,39,48,7515,7948,9478,433,1963
2247,41,48,6124,6418,9481,294,3357
2250,44,48,6132,6427,9484,295,3352
2763,45,48,7531,7966,9487,435,1956
2253,47,48,6140,6436,9490,296,3350
2256,50,48,6149,6445,9493,296,3344
2769,51,48,7547,7984,9496,437,1949
2259,53,48,6157,6454,9499,297,3342
2262,56,48,6165,6463,9502,298,3337
2775,57,48,7564,8002,9505,438,1941
2265,59,48,6173,6472,9508,299,3335
2268,62,48,6181,6481,9511,300,3330
2781,63,48,7580,8020,9514,440,1934
3232,2,48,8810,9373,9517,563,707
2722,4,48,7419,7843,9520,424,2101
2211,5,48,6026,6310,9523,284,3497
2214,8,48,6034,6319,9526,285,3492
2728,10,48,7436,7861,9529,425,2093
2217,11,48,6042,6328,9532,286,3490
2220,14,48,6050,6337,9535,287,3485
2734,16,48,7452,7879,9538,427,2086
2223,17,48,6059,6346,9541,287,3482
2226,20,48,6067,6355,9544,288,3477
2740,22,48,7468,7897,9547,429,2079
2229,23,48,6075,6364,9550,289,3475
2232,26,48,6083,6373,9553,290,3470
2746,28,48,7485,7915,9556,430,2071
3260,30,48,8886,9457,9559,571,673
3261,31,48,8889,9460,9562,571,673
2752,34,48,7501,7933,9565,432,2064
3266,36,48,8902,9475,9568,573,666
3267,37,48,8905,9478,9571,573,666
2758,40,48,7517,7951,9574,434,2057
3272,42,48,8919,9493,9577,574,658
3273,43,48,8922,9496,9580,574,658
2764,46,48,7534,7969,9583,435,2049
3278,48,48,8935,9511,9586,576,651
3279,49,48,8938,9514,9589,576,651
2770,52,48,7550,7987,9592,437,2042
3284,54,48,8952,9529,9595,577,643
3285,55,48,8954,9532,9598,578,644
2776,58,48,7566,8005,9601,439,2035
3290,60,48,8968,9547,9604,579,636
3291,61,48,8971,9550,9607,579,636
2782,64,48,7583,8023,9610,440,2027
3295,1,48,8982,9562,9613,580,631
2785,3,48,7590,8032,9616,442,2026
3300,6,48,8996,9577,9619,581,623
3301,7,48,8998,9580,9622,582,624
2791,9,48,7607,8050,9625,443,2018
3306,12,48,9012,9595,9628,583,616
3307,13,48,9015,9598,9631,583,616
2797,15,48,7623,8068,9634,445,2011
3312,18,48,9028,9613,9637,585,609
3313,19,48,9031,9616,9640,585,609
2803,21,48,7640,8086,9643,446,2003
3318,24,48,9045,9631,9646,586,601
3319,25,48,9047,9634,9649,587,602
2809,27,48,7656,8104,9652,448,1996
2299,29,48,6265,6574,9655,309,3390
2302,32,48,6274,6583,9658,309,3384
2815,33,48,7672,8122,9661,450,1989
2305,35,48,6282,6592,9664,310,3382
2308,38,48,6290,6601,9667,311,3377
2821,39,48,7689,8140,9670,451,1981
2311,41,48,6298,6610,9673,312,3375
2314,44,48,6306,6619,9676,313,3370
2827,45,48,7705,8158,9679,453,1974
2317,47,48,6314,6628,9682,314,3368
2320,50,48,6323,6637,9685,314,3362
2833,51,48,7721,8176,9688,455,1967
2323,53,48,6331,6646,9691,315,3360
2326,56,48,6339,6655,9694,316,3355
2839,57,48,7738,8194,9697,456,1959
2329,59,48,6347,6664,9700,317,3353
2332,62,48,6355,6673,9703,318,3348
2845,63,48,7754,8212,9706,458,1952
3296,2,48,8985,9565,9709,580,724
2786,4,48,7593,8035,9712,442,2119
2275,5,48,6200,6502,9715,302,3515
2278,8,48,6208,6511,9718,303,3510
2792,10,48,7610,8053,9721,443,2111
2281,11,48,6216,6520,9724,304,3508
2284,14,48,6224,6529,9727,305,3503
2798,16,48,7626,8071,9730,445,2104
2287,17,48,6233,6538,9733,305,3500
2290,20,48,6241,6547,9736,306,3495
2804,22,48,7642,8089,9739,447,2097
2293,23,48,6249,6556,9742,307,3493
2296,26,48,6257,6565,9745,308,3488
2810,28,48,7659,8107,9748,448,2089
3324,30,48,9061,9649,9751,588,690
3325,31,48,9064,9652,9754,588,690
2816,34,48,7675,8125,9757,450,2082
3330,36,48,9077,9667,9760,590,683
3331,37,48,9080,9670,9763,590,683
2822,40,48,7691,8143,9766,452,2075
3336,42,48,9094,9685,9769,591,675
3337,43,48,9097,9688,9772,591,675
2828,46,48,7708,8161,9775,453,2067
3342,48,48,9110,9703,9778,593,668
3343,49,48,9113,9706,9781,593,668
2834,52,48,7724,8179,9784,455,2060
3348,54,48,9127,9721,9787,594,660
3349,55,48,9129,9724,9790,595,661
2840,58,48,7740,8197,9793,457,2053
3354,60,48,9143,9739,9796,596,653
3355,61,48,9146,9742,9799,596,653
2846,64,48,7757,8215,9802,458,2045
3359,1,48,9156,9754,9805,598,649
2849,3,48,7765,8224,9808,459,2043
3364,6,48,9170,9769,9811,599,641
3365,7,48,9172,9772,9814,600,642
2855,9,48,7782,8242,9817,460,2035
3370,12,48,9186,9787,9820,601,634
3371,13,48,9189,9790,9823,601,634
2861,15,48,7798,8260,9826,462,2028
3376,18,48,9202,9805,9829,603,627
3377,19,48,9205,9808,9832,603,627
2867,21,48,7815,8278,9835,463,2020
3382,24,48,9219,9823,9838,604,619
3383,25,48,9221,9826,9841,605,620
2873,27,48,7831,8296,9844,465,2013
2363,29,48,6440,6766,9847,326,3407
2366,32,48,6449,6775,9850,326,3401
2879,33,48,7847,8314,9853,467,2006
2369,35,48,6457,6784,9856,327,3399
2372,38,48,6465,6793,9859,328,3394
2885,39,48,7864,8332,9862,468,1998
2375,41,48,6473,6802,9865,329,3392
2378,44,48,6481,6811,9868,330,3387
2891,45,48,7880,8350,9871,470,1991
2381,47,48,6489,6820,9874,331,3385
2384,50,48,6498,6829,9877,331,3379
2897,51,48,7896,8368,9880,472,1984
2387,53,48,6506,6838,9883,332,3377
2390,56,48,6514,6847,9886,333,3372
2903,57,48,7913,8386,9889,473,1976
2393,59,48,6522,6856,9892,334,3370
2396,62,48,6530,6865,9895,335,3365
2909,63,48,7929,8404,9898,475,1969
3360,2,48,9159,9757,9901,598,742
2850,4,48,7768,8227,9904,459,2136
2339,5,48,6375,6694,9907,319,3532
2342,8,48,6383,6703,9910,320,3527
2856,10,48,7785,8245,9913,460,2128
2345,11,48,6391,6712,9916,321,3525
2348,14,48,6399,6721,9919,322,3520
2862,16,48,7801,8263,9922,462,2121
2351,17,48,6408,6730,9925,322,3517
2354,20,48,6416,6739,9928,323,3512
2868,22,48,7817,8281,9931,464,2114
2357,23,48,6424,6748,9934,324,3510
2360,26,48,6432,6757,9937,325,3505
2874,28,48,7834,8299,9940,465,2106
3388,30,48,9235,9841,9943,606,708
3389,31,48,9238,9844,9946,606,708
2880,34,48,7850,8317,9949,467,2099
3394,36,48,9251,9859,9952,608,701
3395,37,48,9254,9862,9955,608,701
2886,40,48,7866,8335,9958,469,2092
3400,42,48,9268,9877,9961,609,693
3401,43,48,9271,9880,9964,609,693
2892,46,48,7883,8353,9967,470,2084
3406,48,48,9284,9895,9970,611,686
3407,49,48,9287,9898,9973,611,686
2898,52,48,7899,8371,9976,472,2077
3412,54,48,9301,9913,9979,612,678
3413,55,48,9303,9916,9982,613,679
2904,58,48,7915,8389,9985,474,2070
3418,60,48,9317,9931,9988,614,671
3419,61,48,9320,9934,9991,614,671
2910,64,48,7932,8407,9994,475,2062
3423,1,48,9331,9946,9997,615,666
2913,3,48,7940,8416,10000,476,2060
3428,6,48,9345,9961,10003,616,658
3429,7,48,9347,9964,10006,617,659
2919,9,48,7957,8434,10009,477,2052
3434,12,48,9361,9979,10012,618,651
3435,13,48,9364,9982,10015,618,651
2925,15,48,7973,8452,10018,479,2045
3440,18,48,9377,9997,10021,620,644
3441,19,48,9380,10000,10024,620,644
2931,21,48,7990,8470,10027,480,2037
3446,24,48,9394,10015,10030,621,636
3447,25,48,9396,10018,10033,622,637
2937,27,48,8006,8488,10036,482,2030
2427,29,48,6614,6958,10039,344,3425
2430,32,48,6623,6967,10042,344,3419
2943,33,48,8022,8506,10045,484,2023
2433,35,48,6631,6976,10048,345,3417
2436,38,48,6639,6985,10051,346,3412
2949,39,48,8039,8524,10054,485,2015
2439,41,48,6647,6994,10057,347,3410
2442,44,48,6655,7003,10060,348,3405
2955,45,48,8055,8542,10063,487,2008
2445,47,48,6663,7012,10066,349,3403
2448,50,48,6672,7021,10069,349,3397
2961,51,48,8071,8560,10072,489,2001
2451,53,48,6680,7030,10075,350,3395
2454,56,48,6688,7039,10078,351,3390
2967,57,48,8088,8578,10081,490,1993
2457,59,48,6696,7048,10084,352,3388
2460,62,48,6704,7057,10087,353,3383
2973,63,48,8104,8596,10090,492,1986
3424,2,48,9334,9949,10093,615,759
2914,4,48,7943,8419,10096,476,2153
2403,5,48,6549,6886,10099,337,3550
2406,8,48,6557,6895,10102,338,3545
2920,10,48,7960,8437,10105,477,2145
2409,11,48,6565,6904,10108,339,3543
2412,14,48,6573,6913,10111,340,3538
2926,16,48,7976,8455,10114,479,2138
2415,17,48,6582,6922,10117,340,3535
2418,20,48,6590,6931,10120,341,3530
2932,22,48,7992,8473,10123,481,2131
2421,23,48,6598,6940,10126,342,3528
2424,26,48,6606,6949,10129,343,3523
2938,28,48,8009,8491,10132,482,2123
3452,30,48,9410,10033,10135,623,725
3453,31,48,9413,10036,10138,623,725
2944,34,48,8025,8509,10141,484,2116
3458,36,48,9426,10051,10144,625,718
3459,37,48,9429,10054,10147,625,718
2950,40,48,8041,8527,10150,486,2109
3464,42,48,9443,10069,10153,626,710
3465,43,48,9446,10072,10156,626,710
2956,46,48,8058,8545,10159,487,2101
3470,48,48,9459,10087,10162,628,703
3471,49,48,9462,10090,10165,628,703
2962,52,48,8074,8563,10168,489,2094
3476,54,48,9476,10105,10171,629,695
3477,55,48,9478,10108,10174,630,696
2968,58,48,8090,8581,10177,491,2087
3482,60,48,9492,10123,10180,631,688
3483,61,48,9495,10126,10183,631,688
2974,64,48,8107,8599,10186,492,2079
3487,1,48,9505,10138,10189,633,684
2977,3,48,8114,8608,10192,494,2078
3492,6,48,9519,10153,10195,634,676
3493,7,48,9521,10156,10198,635,677
2983,9,48,8131,8626,10201,495,2070
3498,12,48,9535,10171,10204,636,669
3499,13,48,9538,10174,10207,636,669
2989,15,48,8147,8644,10210,497,2063
3504,18,48,9551,10189,10213,638,662
3505,19,48,9554,10192,10216,638,662
2995,21,48,8164,8662,10219,498,2055
3510,24,48,9568,10207,10222,639,654
3511,25,48,9570,10210,10225,640,655
3001,27,48,8180,8680,10228,500,2048
2491,29,48,6789,7150,10231,361,3442
2494,32,48,6798,7159,10234,361,3436
3007,33,48,8196,8698,10237,502,2041
2497,35,48,6806,7168,10240,362,3434
2500,38,48,6814,7177,10243,363,3429
3013,39,48,8213,8716,10246,503,2033
2503,41,48,6822,7186,10249,364,3427
2506,44,48,6830,7195,10252,365,3422
3019,45,48,8229,8734,10255,505,2026
2509,47,48,6838,7204,10258,366,3420
2512,50,48,6847,7213,10261,366,3414
3025,51,48,8245,8752,10264,507,2019
2515,53,48,6855,7222,10267,367,3412
2518,56,48,6863,7231,10270,368,3407
3031,57,48,8262,8770,10273,508,2011
2521,59,48,6871,7240,10276,369,3405
2524,62,48,6879,7249,10279,370,3400
3037,63,48,8278,8788,10282,510,2004
3488,2,48,9508,10141,10285,633,777
2978,4,48,8117,8611,10288,494,2171
2467,5,48,6724,7078,10291,354,3567
2470,8,48,6732,7087,10294,355,3562
2984,10,48,8134,8629,10297,495,2163
2473,11,48,6740,7096,10300,356,3560
2476,14,48,6748,7105,10303,357,3555
2990,16,48,8150,8647,10306,497,2156
2479,17,48,6757,7114,10309,357,3552
2482,20,48,6765,7123,10312,358,3547
2996,22,48,8166,8665,10315,499,2149
2485,23,48,6773,7132,10318,359,3545
2488,26,48,6781,7141,10321,360,3540
3002,28,48,8183,8683,10324,500,2141
3516,30,48,9584,10225,10327,641,743
3517,31,48,9587,10228,10330,641,743
3008,34,48,8199,8701,10333,502,2134
3522,36,48,9600,10243,10336,643,736
3523,37,48,9603,10246,10339,643,736
3014,40,48,8215,8719,10342,504,2127
3528,42,48,9617,10261,10345,644,728
3529,43,48,9620,10264,10348,644,728
3020,46,48,8232,8737,10351,505,2119
3534,48,48,9633,10279,10354,646,721
3535,49,48,9636,10282,10357,646,721
3026,52,48,8248,8755,10360,507,2112
3540,54,48,9650,10297,10363,647,713
3541,55,48,9652,10300,10366,648,714
3032,58,48,8264,8773,10369,509,2105
3546,60,48,9666,10315,10372,649,706
3547,61,48,9669,10318,10375,649,706
3038,64,48,8281,8791,10378,510,2097
3551,1,48,9680,10330,10381,650,701
3041,3,48,8289,8800,10384,511,2095
3556,6,48,9694,10345,10387,651,693
3557,7,48,9696,10348,10390,652,694
3047,9,48,8306,8818,10393,512,2087
3562,12,48,9710,10363,10396,653,686
3563,13,48,9713,10366,10399,653,686
3053,15,48,8322,8836,10402,514,2080
3568,18,48,9726,10381,10405,655,679
3569,19,48,9729,10384,10408,655,679
3059,21,48,8339,8854,10411,515,2072
3574,24,48,9743,10399,10414,656,671
3575,25,48,9745,10402,10417,657,672
3065,27,48,8355,8872,10420,517,2065
2555,29,48,6963,7342,10423,379,3460
2558,32,48,6972,7351,10426,379,3454
3071,33,48,8371,8890,10429,519,2058
2561,35,48,6980,7360,10432,380,3452
2564,38,48,6988,7369,10435,381,3447
3077,39,48,8388,8908,10438,520,2050
2567,41,48,6996,7378,10441,382,3445
2570,44,48,7004,7387,10444,383,3440
3083,45,48,8404,8926,10447,522,2043
2573,47,48,7012,7396,10450,384,3438
2576,50,48,7021,7405,10453,384,3432
3089,51,48,8420,8944,10456,524,2036
2579,53,48,7029,7414,10459,385,3430
2582,56,48,7037,7423,10462,386,3425
3095,57,48,8437,8962,10465,525,2028
2585,59,48,7045,7432,10468,387,3423
2588,62,48,7053,7441,10471,388,3418
3101,63,48,8453,8980,10474,527,2021
3552,2,48,9683,10333,10477,650,794
3042,4,48,8292,8803,10480,511,2188
2531,5,48,6898,7270,10483,372,3585
2534,8,48,6906,7279,10486,373,3580
3048,10,48,8309,8821,10489,512,2180
2537,11,48,6914,7288,10492,374,3578
2540,14,48,6922,7297,10495,375,3573
3054,16,48,8325,8839,10498,514,2173
2543,17,48,6931,7306,10501,375,3570
2546,20,48,6939,7315,10504,376,3565
3060,22,48,8341,8857,10507,516,2166
2549,23,48,6947,7324,10510,377,3563
2552,26,48,6955,7333,10513,378,3558
3066,28,48,8358,8875,10516,517,2158
3580,30,48,9759,10417,10519,658,760
3581,31,48,9762,10420,10522,658,760
3072,34,48,8374,8893,10525,519,2151
3586,36,48,9775,10435,10528,660,753
3587,37,48,9778,10438,10531,660,753
3078,40,48,8390,8911,10534,521,2144
3592,42,48,9792,10453,10537,661,745
3593,43,48,9795,10456,10540,661,745
3084,46,48,8407,8929,10543,522,2136
3598,48,48,9808,10471,10546,663,738
3599,49,48,9811,10474,10549,663,738
3090,52,48,8423,8947,10552,524,2129
3604,54,48,9825,10489,10555,664,730
3605,55,48,9827,10492,10558,665,731
3096,58,48,8439,8965,10561,526,2122
3610,60,48,9841,10507,10564,666,723
3611,61,48,9844,10510,10567,666,723
3102,64,48,8456,8983,10570,527,2114
3615,1,48,9855,10522,10573,667,718
3105,3,48,8463,8992,10576,529,2113
3620,6,48,9869,10537,10579,668,710
3621,7,48,9871,10540,10582,669,711
3111,9,48,8480,9010,10585,530,2105
3626,12,48,9885,10555,10588,670,703
3627,13,48,9888,10558,10591,670,703
3117,15,48,8496,9028,10594,532,2098
3632,18,48,9901,10573,10597,672,696
3633,19,48,9904,10576,10600,672,696
3123,21,48,8513,9046,10603,533,2090
3638,24,48,9918,10591,10606,673,688
3639,25,48,9920,10594,10609,674,689
3129,27,48,8529,9064,10612,535,2083
2619,29,48,7138,7534,10615,396,3477
2622,32,48,7147,7543,10618,396,3471
3135,33,48,8545,9082,10621,537,2076
2625,35,48,7155,7552,10624,397,3469
2628,38,48,7163,7561,10627,398,3464
3141,39,48,8562,9100,10630,538,2068
2631,41,48,7171,7570,10633,399,3462
2634,44,48,7179,7579,10636,400,3457
3147,45,48,8578,9118,10639,540,2061
2637,47,48,7187,7588,10642,401,3455
2640,50,48,7196,7597,10645,401,3449
3153,51,48,8594,9136,10648,542,2054
2643,53,48,7204,7606,10651,402,3447
2646,56,48,7212,7615,10654,403,3442
3159,57,48,8611,9154,10657,543,2046
2649,59,48,7220,7624,10660,404,3440
2652,62,48,7228,7633,10663,405,3435
3165,63,48,8627,9172,10666,545,2039
3616,2,48,9858,10525,10669,667,811
3106,4,48,8466,8995,10672,529,2206
2595,5,48,7073,7462,10675,389,3602
2598,8,48,7081,7471,10678,390,3597
3112,10,48,8483,9013,10681,530,2198
2601,11,48,7089,7480,10684,391,3595
2604,14,48,7097,7489,10687,392,3590
3118,16,48,8499,9031,10690,532,2191
2607,17,48,7106,7498,10693,392,3587
2610,20,48,7114,7507,10696,393,3582
3124,22,48,8515,9049,10699,534,2184
2613,23,48,7122,7516,10702,394,3580
2616,26,48,7130,7525,10705,395,3575
3130,28,48,8532,9067,10708,535,2176
3644,30,48,9934,10609,10711,675,777
3645,31,48,9937,10612,10714,675,777
3136,34,48,8548,9085,10717,537,2169
3650,36,48,9950,10627,10720,677,770
3651,37,48,9953,10630,10723,677,770
3142,40,48,8564,9103,10726,539,2162
3656,42,48,9967,10645,10729,678,762
3657,43,48,9970,10648,10732,678,762
3148,46,48,8581,9121,10735,540,2154
3662,48,48,9983,10663,10738,680,755
3663,49,48,9986,10666,10741,680,755
3154,52,48,8597,9139,10744,542,2147
2707,53,48,7378,7798,10747,420,3369
2710,56,48,7386,7807,10750,421,3364
3160,58,48,8613,9157,10753,544,2140
2713,59,48,7394,7816,10756,422,3362
2716,62,48,7402,7825,10759,423,3357
3166,64,48,8630,9175,10762,545,2132
3169,3,48,8638,9184,10765,546,2127
2659,5,48,7247,7654,10768,407,3521
2662,8,48,7255,7663,10771,408,3516
3175,9,48,8655,9202,10774,547,2119
2665,11,48,7263,7672,10777,409,3514
2668,14,48,7271,7681,10780,410,3509
3181,15,48,8671,9220,10783,549,2112
2671,17,48,7280,7690,10786,410,3506
2674,20,48,7288,7699,10789,411,3501
3187,21,48,8688,9238,10792,550,2104
2677,23,48,7296,7708,10795,412,3499
2680,26,48,7304,7717,10798,413,3494
3193,27,48,8704,9256,10801,552,2097
2683,29,48,7312,7726,10804,414,3492
2686,32,48,7321,7735,10807,414,3486
3199,33,48,8720,9274,10810,554,2090
2689,35,48,7329,7744,10813,415,3484
2692,38,48,7337,7753,10816,416,3479
3205,39,48,8737,9292,10819,555,2082
2695,41,48,7345,7762,10822,417,3477
2698,44,48,7353,7771,10825,418,3472
3211,45,48,8753,9310,10828,557,2075
2701,47,48,7361,7780,10831,419,3470
2704,50,48,7370,7789,10834,419,3464
3217,51,48,8769,9328,10837,559,2068
2771,53,48,7553,7990,10840,437,3287
2774,56,48,7561,7999,10843,438,3282
3223,57,48,8786,9346,10846,560,2060
2777,59,48,7569,8008,10849,439,3280
2780,62,48,7577,8017,10852,440,3275
3229,63,48,8802,9364,10855,562,2053
3170,4,48,8641,9187,10858,546,2217
2723,5,48,7422,7846,10861,424,3439
2726,8,48,7430,7855,10864,425,3434
3176,10,48,8658,9205,10867,547,2209
2729,11,48,7438,7864,10870,426,3432
2732,14,48,7446,7873,10873,427,3427
3182,16,48,8674,9223,10876,549,2202
2735,17,48,7455,7882,10879,427,3424
2738,20,48,7463,7891,10882,428,3419
3188,22,48,8690,9241,10885,551,2195
2741,23,48,7471,7900,10888,429,3417
2744,26,48,7479,7909,10891,430,3412
3194,28,48,8707,9259,10894,552,2187
2747,29,48,7487,7918,10897,431,3410
2750,32,48,7496,7927,10900,431,3404
3200,34,48,8723,9277,10903,554,2180
2753,35,48,7504,7936,10906,432,3402
2756,38,48,7512,7945,10909,433,3397
3206,40,48,8739,9295,10912,556,2173
2759,41,48,7520,7954,10915,434,3395
2762,44,48,7528,7963,10918,435,3390
3212,46,48,8756,9313,10921,557,2165
2765,47,48,7536,7972,10924,436,3388
2768,50,48,7545,7981,10927,436,3382
3218,52,48,8772,9331,10930,559,2158
2835,53,48,7727,8182,10933,455,3206
2838,56,48,7735,8191,10936,456,3201
3224,58,48,8788,9349,10939,561,2151
2841,59,48,7743,8200,10942,457,3199
2844,62,48,7751,8209,10945,458,3194
3230,64,48,8805,9367,10948,562,2143
3233,3,48,8812,9376,10951,564,2139
2787,5,48,7596,8038,10954,442,3358
2790,8,48,7604,8047,10957,443,3353
3239,9,48,8829,9394,10960,565,2131
2793,11,48,7612,8056,10963,444,3351
2796,14,48,7620,8065,10966,445,3346
3245,15,48,8845,9412,10969,567,2124
2799,17,48,7629,8074,10972,445,3343
2802,20,48,7637,8083,10975,446,3338
3251,21,48,8862,9430,10978,568,2116
2805,23,48,7645,8092,10981,447,3336
2808,26,48,7653,8101,10984,448,3331
3257,27,48,8878,9448,10987,570,2109
2811,29,48,7661,8110,10990,449,3329
2814,32,48,7670,8119,10993,449,3323
3263,33,48,8894,9466,10996,572,2102
2817,35,48,7678,8128,10999,450,3321
2820,38,48,7686,8137,11002,451,3316
3269,39,48,8911,9484,11005,573,2094
2823,41,48,7694,8146,11008,452,3314
2826,44,48,7702,8155,11011,453,3309
3275,45,48,8927,9502,11014,575,2087
2829,47,48,7710,8164,11017,454,3307
2832,50,48,7719,8173,11020,454,3301
3281,51,48,8943,9520,11023,577,2080
2899,53,48,7902,8374,11026,472,3124
2902,56,48,7910,8383,11029,473,3119
3287,57,48,8960,9538,11032,578,2072
2905,59,48,7918,8392,11035,474,3117
2908,62,48,7926,8401,11038,475,3112
3293,63,48,8976,9556,11041,580,2065
3234,4,48,8815,9379,11044,564,2229
2851,5,48,7771,8230,11047,459,3276
2854,8,48,7779,8239,11050,460,3271
3240,10,48,8832,9397,11053,565,2221
2857,11,48,7787,8248,11056,461,3269
2860,14,48,7795,8257,11059,462,3264
3246,16,48,8848,9415,11062,567,2214
2863,17,48,7804,8266,11065,462,3261
2866,20,48,7812,8275,11068,463,3256
3252,22,48,8864,9433,11071,569,2207
2869,23,48,7820,8284,11074,464,3254
2872,26,48,7828,8293,11077,465,3249
3258,28,48,8881,9451,11080,570,2199
2875,29,48,7836,8302,11083,466,3247
2878,32,48,7845,8311,11086,466,3241
3264,34,48,8897,9469,11089,572,2192
2881,35,48,7853,8320,11092,467,3239
2884,38,48,7861,8329,11095,468,3234
3270,40,48,8913,9487,11098,574,2185
2887,41,48,7869,8338,11101,469,3232
2890,44,48,7877,8347,11104,470,3227
3276,46,48,8930,9505,11107,575,2177
2893,47,48,7885,8356,11110,471,3225
2896,50,48,7894,8365,11113,471,3219
3282,52,48,8946,9523,11116,577,2170
2963,53,48,8077,8566,11119,489,3042
2966,56,48,8085,8575,11122,490,3037
3288,58,48,8962,9541,11125,579,2163
2969,59,48,8093,8584,11128,491,3035
2972,62,48,8101,8593,11131,492,3030
3294,64,48,8979,9559,11134,580,2155
3297,3,48,8987,9568,11137,581,2150
2915,5,48,7946,8422,11140,476,3194
2918,8,48,7954,8431,11143,477,3189
3303,9,48,9004,9586,11146,582,2142
2921,11,48,7962,8440,11149,478,3187
2924,14,48,7970,8449,11152,479,3182
3309,15,48,9020,9604,11155,584,2135
2927,17,48,7979,8458,11158,479,3179
2930,20,48,7987,8467,11161,480,3174
3315,21,48,9037,9622,11164,585,2127
2933,23,48,7995,8476,11167,481,3172
2936,26,48,8003,8485,11170,482,3167
3321,27,48,9053,9640,11173,587,2120
2939,29,48,8011,8494,11176,483,3165
2942,32,48,8020,8503,11179,483,3159
3327,33,48,9069,9658,11182,589,2113
2945,35,48,8028,8512,11185,484,3157
2948,38,48,8036,8521,11188,485,3152
3333,39,48,9086,9676,11191,590,2105
2951,41,48,8044,8530,11194,486,3150
2954,44,48,8052,8539,11197,487,3145
3339,45,48,9102,9694,11200,592,2098
2957,47,48,8060,8548,11203,488,3143
2960,50,48,8069,8557,11206,488,3137
3345,51,48,9118,9712,11209,594,2091
3027,53,48,8251,8758,11212,507,2961
3030,56,48,8259,8767,11215,508,2956
3351,57,48,9135,9730,11218,595,2083
3033,59,48,8267,8776,11221,509,2954
3036,62,48,8275,8785,11224,510,2949
3357,63,48,9151,9748,11227,597,2076
3298,4,48,8990,9571,11230,581,2240
2979,5,48,8120,8614,11233,494,3113
2982,8,48,8128,8623,11236,495,3108
3304,10,48,9007,9589,11239,582,2232
2985,11,48,8136,8632,11242,496,3106
2988,14,48,8144,8641,11245,497,3101
3310,16,48,9023,9607,11248,584,2225
2991,17,48,8153,8650,11251,497,3098
2994,20,48,8161,8659,11254,498,3093
3316,22,48,9039,9625,11257,586,2218
2997,23,48,8169,8668,11260,499,3091
3000,26,48,8177,8677,11263,500,3086
3322,28,48,9056,9643,11266,587,2210
3003,29,48,8185,8686,11269,501,3084
3006,32,48,8194,8695,11272,501,3078
3328,34,48,9072,9661,11275,589,2203
3009,35,48,8202,8704,11278,502,3076
3012,38,48,8210,8713,11281,503,3071
3334,40,48,9088,9679,11284,591,2196
3015,41,48,8218,8722,11287,504,3069
3018,44,48,8226,8731,11290,505,3064
3340,46,48,9105,9697,11293,592,2188
3021,47,48,8234,8740,11296,506,3062
3024,50,48,8243,8749,11299,506,3056
3346,52,48,9121,9715,11302,594,2181
3091,53,48,8426,8950,11305,524,2879
3094,56,48,8434,8959,11308,525,2874
3352,58,48,9137,9733,11311,596,2174
3097,59,48,8442,8968,11314,526,2872
3100,62,48,8450,8977,11317,527,2867
3358,64,48,9154,9751,11320,597,2166
3361,3,48,9161,9760,11323,599,2162
3043,5,48,8295,8806,11326,511,3031
3046,8,48,8303,8815,11329,512,3026
3367,9,48,9178,9778,11332,600,2154
3049,11,48,8311,8824,11335,513,3024
3052,14,48,8319,8833,11338,514,3019
3373,15,48,9194,9796,11341,602,2147
3055,17,48,8328,8842,11344,514,3016
3058,20,48,8336,8851,11347,515,3011
3379,21,48,9211,9814,11350,603,2139
3061,23,48,8344,8860,11353,516,3009
3064,26,48,8352,8869,11356,517,3004
3385,27,48,9227,9832,11359,605,2132
3067,29,48,8360,8878,11362,518,3002
3070,32,48,8369,8887,11365,518,2996
3391,33,48,9243,9850,11368,607,2125
3073,35,48,8377,8896,11371,519,2994
3076,38,48,8385,8905,11374,520,2989
3397,39,48,9260,9868,11377,608,2117
3079,41,48,8393,8914,11380,521,2987
3082,44,48,8401,8923,11383,522,2982
3403,45,48,9276,9886,11386,610,2110
3085,47,48,8409,8932,11389,523,2980
3088,50,48,8418,8941,11392,523,2974
3409,51,48,9292,9904,11395,612,2103
3155,53,48,8600,9142,11398,542,2798
3158,56,48,8608,9151,11401,543,2793
3415,57,48,9309,9922,11404,613,2095
3161,59,48,8616,9160,11407,544,2791
3164,62,48,8624,9169,11410,545,2786
3421,63,48,9325,9940,11413,615,2088
3362,4,48,9164,9763,11416,599,2252
3107,5,48,8469,8998,11419,529,2950
3110,8,48,8477,9007,11422,530,2945
3368,10,48,9181,9781,11425,600,2244
3113,11,48,8485,9016,11428,531,2943
3116,14,48,8493,9025,11431,532,2938
3374,16,48,9197,9799,11434,602,2237
3119,17,48,8502,9034,11437,532,2935
3122,20,48,8510,9043,11440,533,2930
3380,22,48,9213,9817,11443,604,2230
3125,23,48,8518,9052,11446,534,2928
3128,26,48,8526,9061,11449,535,2923
3386,28,48,9230,9835,11452,605,2222
3131,29,48,8534,9070,11455,536,2921
3134,32,48,8543,9079,11458,536,2915
3392,34,48,9246,9853,11461,607,2215
3137,35,48,8551,9088,11464,537,2913
3140,38,48,8559,9097,11467,538,2908
3398,40,48,9262,9871,11470,609,2208
3143,41,48,8567,9106,11473,539,2906
3146,44,48,8575,9115,11476,540,2901
3404,46,48,9279,9889,11479,610,2200
3149,47,48,8583,9124,11482,541,2899
3152,50,48,8592,9133,11485,541,2893
3410,52,48,9295,9907,11488,612,2193
3219,53,48,8775,9334,11491,559,2716
3222,56,48,8783,9343,11494,560,2711
3416,58,48,9311,9925,11497,614,2186
3225,59,48,8791,9352,11500,561,2709
3228,62,48,8799,9361,11503,562,2704
3422,64,48,9328,9943,11506,615,2178
3425,3,48,9336,9952,11509,616,2173
3171,5,48,8644,9190,11512,546,2868
3174,8,48,8652,9199,11515,547,2863
3431,9,48,9353,9970,11518,617,2165
3177,11,48,8660,9208,11521,548,2861
3180,14,48,8668,9217,11524,549,2856
3437,15,48,9369,9988,11527,619,2158
3183,17,48,8677,9226,11530,549,2853
3186,20,48,8685,9235,11533,550,2848
3443,21,48,9386,10006,11536,620,2150
3189,23,48,8693,9244,11539,551,2846
3192,26,48,8701,9253,11542,552,2841
3449,27,48,9402,10024,11545,622,2143
3195,29,48,8709,9262,11548,553,2839
3198,32,48,8718,9271,11551,553,2833
3455,33,48,9418,10042,11554,624,2136
3201,35,48,8726,9280,11557,554,2831
3204,38,48,8734,9289,11560,555,2826
3461,39,48,9435,10060,11563,625,2128
3207,41,48,8742,9298,11566,556,2824
3210,44,48,8750,9307,11569,557,2819
3467,45,48,9451,10078,11572,627,2121
3213,47,48,8758,9316,11575,558,2817
3216,50,48,8767,9325,11578,558,2811
3473,51,48,9467,10096,11581,629,2114
3283,53,48,8949,9526,11584,577,2635
3286,56,48,8957,9535,11587,578,2630
3479,57,48,9484,10114,11590,630,2106
3289,59,48,8965,9544,11593,579,2628
3292,62,48,8973,9553,11596,580,2623
3485,63,48,9500,10132,11599,632,2099
3426,4,48,9339,9955,11602,616,2263
3235,5,48,8818,9382,11605,564,2787
3238,8,48,8826,9391,11608,565,2782
3432,10,48,9356,9973,11611,617,2255
3241,11,48,8834,9400,11614,566,2780
3244,14,48,8842,9409,11617,567,2775
3438,16,48,9372,9991,11620,619,2248
3247,17,48,8851,9418,11623,567,2772
3250,20,48,8859,9427,11626,568,2767
3444,22,48,9388,10009,11629,621,2241
3253,23,48,8867,9436,11632,569,2765
3256,26,48,8875,9445,11635,570,2760
3450,28,48,9405,10027,11638,622,2233
3259,29,48,8883,9454,11641,571,2758
3262,32,48,8892,9463,11644,571,2752
3456,34,48,9421,10045,11647,624,2226
3265,35,48,8900,9472,11650,572,2750
3268,38,48,8908,9481,11653,573,2745
3462,40,48,9437,10063,11656,626,2219
3271,41,48,8916,9490,11659,574,2743
3274,44,48,8924,9499,11662,575,2738
3468,46,48,9454,10081,11665,627,2211
3277,47,48,8932,9508,11668,576,2736
3280,50,48,8941,9517,11671,576,2730
3474,52,48,9470,10099,11674,629,2204
3347,53,48,9124,9718,11677,594,2553
3350,56,48,9132,9727,11680,595,2548
3480,58,48,9486,10117,11683,631,2197
3353,59,48,9140,9736,11686,596,2546
3356,62,48,9148,9745,11689,597,2541
3486,64,48,9503,10135,11692,632,2189
3489,3,48,9510,10144,11695,634,2185
3299,5,48,8993,9574,11698,581,2705
3302,8,48,9001,9583,11701,582,2700
3495,9,48,9527,10162,11704,635,2177
3305,11,48,9009,9592,11707,583,2698
3308,14,48,9017,9601,11710,584,2693
3501,15,48,9543,10180,11713,637,2170
3311,17,48,9026,9610,11716,584,2690
3314,20,48,9034,9619,11719,585,2685
3507,21,48,9560,10198,11722,638,2162
3317,23,48,9042,9628,11725,586,2683
3320,26,48,9050,9637,11728,587,2678
3513,27,48,9576,10216,11731,640,2155
3323,29,48,9058,9646,11734,588,2676
3326,32,48,9067,9655,11737,588,2670
3519,33,48,9592,10234,11740,642,2148
3329,35,48,9075,9664,11743,589,2668
3332,38,48,9083,9673,11746,590,2663
3525,39,48,9609,10252,11749,643,2140
3335,41,48,9091,9682,11752,591,2661
3338,44,48,9099,9691,11755,592,2656
3531,45,48,9625,10270,11758,645,2133
3341,47,48,9107,9700,11761,593,2654
3344,50,48,9116,9709,11764,593,2648
3537,51,48,9641,10288,11767,647,2126
3411,53,48,9298,9910,11770,612,2472
3414,56,48,9306,9919,11773,613,2467
3543,57,48,9658,10306,11776,648,2118
3417,59,48,9314,9928,11779,614,2465
3420,62,48,9322,9937,11782,615,2460
3549,63,48,9674,10324,11785,650,2111
3490,4,48,9513,10147,11788,634,2275
3363,5,48,9167,9766,11791,599,2624
3366,8,48,9175,9775,11794,600,2619
3496,10,48,9530,10165,11797,635,2267
3369,11,48,9183,9784,11800,601,2617
3372,14,48,9191,9793,11803,602,2612
3502,16,48,9546,10183,11806,637,2260
3375,17,48,9200,9802,11809,602,2609
3378,20,48,9208,9811,11812,603,2604
3508,22,48,9562,10201,11815,639,2253
3381,23,48,9216,9820,11818,604,2602
3384,26,48,9224,9829,11821,605,2597
3514,28,48,9579,10219,11824,640,2245
3387,29,48,9232,9838,11827,606,2595
3390,32,48,9241,9847,11830,606,2589
3520,34,48,9595,10237,11833,642,2238
3393,35,48,9249,9856,11836,607,2587
3396,38,48,9257,9865,11839,608,2582
3526,40,48,9611,10255,11842,644,2231
3399,41,48,9265,9874,11845,609,2580
3402,44,48,9273,9883,11848,610,2575
3532,46,48,9628,10273,11851,645,2223
3405,47,48,9281,9892,11854,611,2573
3408,50,48,9290,9901,11857,611,2567
3538,52,48,9644,10291,11860,647,2216
3475,53,48,9473,10102,11863,629,2390
3478,56,48,9481,10111,11866,630,2385
3544,58,48,9660,10309,11869,649,2209
3481,59,48,9489,10120,11872,631,2383
3484,62,48,9497,10129,11875,632,2378
3550,64,48,9677,10327,11878,650,2201
3553,3,48,9685,10336,11881,651,2196
3427,5,48,9342,9958,11884,616,2542
3430,8,48,9350,9967,11887,617,2537
3559,9,48,9702,10354,11890,652,2188
3433,11,48,9358,9976,11893,618,2535
3436,14,48,9366,9985,11896,619,2530
3565,15,48,9718,10372,11899,654,2181
3439,17,48,9375,9994,11902,619,2527
3442,20,48,9383,10003,11905,620,2522
3571,21,48,9735,10390,11908,655,2173
3445,23,48,9391,10012,11911,621,2520
3448,26,48,9399,10021,11914,622,2515
3577,27,48,9751,10408,11917,657,2166
3451,29,48,9407,10030,11920,623,2513
3454,32,48,9416,10039,11923,623,2507
3583,33,48,9767,10426,11926,659,2159
3457,35,48,9424,10048,11929,624,2505
3460,38,48,9432,10057,11932,625,2500
3589,39,48,9784,10444,11935,660,2151
3463,41,48,9440,10066,11938,626,2498
3466,44,48,9448,10075,11941,627,2493
3595,45,48,9800,10462,11944,662,2144
3469,47,48,9456,10084,11947,628,2491
3472,50,48,9465,10093,11950,628,2485
3601,51,48,9816,10480,11953,664,2137
3539,53,48,9647,10294,11956,647,2309
3542,56,48,9655,10303,11959,648,2304
3607,57,48,9833,10498,11962,665,2129
3545,59,48,9663,10312,11965,649,2302
3548,62,48,9671,10321,11968,650,2297
3613,63,48,9849,10516,11971,667,2122
3554,4,48,9688,10339,11974,651,2286
3491,5,48,9516,10150,11977,634,2461
3494,8,48,9524,10159,11980,635,2456
3560,10,48,9705,10357,11983,652,2278
3497,11,48,9532,10168,11986,636,2454
3500,14,48,9540,10177,11989,637,2449
3566,16,48,9721,10375,11992,654,2271
3503,17,48,9549,10186,11995,637,2446
3506,20,48,9557,10195,11998,638,2441
3572,22,48,9737,10393,12001,656,2264
3509,23,48,9565,10204,12004,639,2439
3512,26,48,9573,10213,12007,640,2434
3578,28,48,9754,10411,12010,657,2256
3515,29,48,9581,10222,12013,641,2432
3518,32,48,9590,10231,12016,641,2426
3584,34,48,9770,10429,12019,659,2249
3521,35,48,9598,10240,12022,642,2424
3524,38,48,9606,10249,12025,643,2419
3590,40,48,9786,10447,12028,661,2242
3527,41,48,9614,10258,12031,644,2417
3530,44,48,9622,10267,12034,645,2412
3596,46,48,9803,10465,12037,662,2234
3533,47,48,9630,10276,12040,646,2410
3536,50,48,9639,10285,12043,646,2404
3602,52,48,9819,10483,12046,664,2227
3603,53,48,9822,10486,12049,664,2227
3606,56,48,9830,10495,12052,665,2222
3608,58,48,9835,10501,12055,666,2220
3609,59,48,9838,10504,12058,666,2220
3612,62,48,9846,10513,12061,667,2215
3614,64,48,9852,10519,12064,667,2212
3617,3,48,9860,10528,12067,668,2207
3555,5,48,9691,10342,12070,651,2379
3558,8,48,9699,10351,12073,652,2374
3623,9,48,9877,10546,12076,669,2199
3561,11,48,9707,10360,12079,653,2372
3564,14,48,9715,10369,12082,654,2367
3629,15,48,9893,10564,12085,671,2192
3567,17,48,9724,10378,12088,654,2364
3570,20,48,9732,10387,12091,655,2359
3635,21,48,9910,10582,12094,672,2184
3573,23,48,9740,10396,12097,656,2357
3576,26,48,9748,10405,12100,657,2352
3641,27,48,9926,10600,12103,674,2177
3579,29,48,9756,10414,12106,658,2350
3582,32,48,9765,10423,12109,658,2344
3647,33,48,9942,10618,12112,676,2170
3585,35,48,9773,10432,12115,659,2342
3588,38,48,9781,10441,12118,660,2337
3653,39,48,9959,10636,12121,677,2162
3591,41,48,9789,10450,12124,661,2335
3594,44,48,9797,10459,12127,662,2330
3659,45,48,9975,10654,12130,679,2155
3597,47,48,9805,10468,12133,663,2328
3600,50,48,9814,10477,12136,663,2322
3665,51,48,9991,10672,12139,681,2148
3667,53,48,9997,10678,12142,681,2145
3618,4,48,9863,10531,12145,668,2282
3619,5,48,9866,10534,12148,668,2282
3622,8,48,9874,10543,12151,669,2277
3624,10,48,9880,10549,12154,669,2274
3625,11,48,9882,10552,12157,670,2275
3628,14,48,9890,10561,12160,671,2270
3630,16,48,9896,10567,12163,671,2267
3631,17,48,9899,10570,12166,671,2267
3634,20,48,9907,10579,12169,672,2262
3636,22,48,9912,10585,12172,673,2260
3637,23,48,9915,10588,12175,673,2260
3640,26,48,9923,10597,12178,674,2255
3642,28,48,9929,10603,12181,674,2252
3643,29,48,9931,10606,12184,675,2253
3646,32,48,9940,10615,12187,675,2247
3648,34,48,9945,10621,12190,676,2245
3649,35,48,9948,10624,12193,676,2245
3652,38,48,9956,10633,12196,677,2240
3654,40,48,9961,10639,12199,678,2238
3655,41,48,9964,10642,12202,678,2238
3658,44,48,9972,10651,12205,679,2233
3660,46,48,9978,10657,12208,679,2230
3661,47,48,9980,10660,12211,680,2231
3664,50,48,9989,10669,12214,680,2225
3666,52,48,9994,10675,12217,681,2223
