request_id,global_flow_id,size_bytes,arrival_cycle,admitted_cycle,completed_cycle,admission_delay_cycles,sojourn_cycles
1,1,48,0,1,24,1,24
3,3,48,5,6,27,1,22
2,2,48,3,4,30,1,27
4,4,48,8,9,33,1,25
6,6,48,14,15,36,1,22
5,5,48,11,13,39,2,28
7,7,48,16,18,42,2,26
9,9,48,22,23,45,1,23
8,8,48,19,20,48,1,29
10,10,48,25,26,51,1,26
12,12,48,30,32,54,2,24
13,13,48,33,35,57,2,24
11,11,48,27,29,60,2,33
14,14,48,35,36,63,1,28
15,15,48,38,39,66,1,28
18,18,48,46,48,69,2,23
16,16,48,41,43,72,2,31
17,17,48,44,45,75,1,31
19,19,48,49,50,78,1,29
21,21,48,55,56,81,1,26
20,20,48,52,53,84,1,32
22,22,48,57,59,87,2,30
24,24,48,63,65,90,2,27
25,25,48,65,66,93,1,28
23,23,48,60,62,96,2,36
26,26,48,68,69,99,1,31
27,27,48,71,73,102,2,31
30,30,48,79,80,105,1,26
31,31,48,82,83,108,1,26
28,28,48,74,75,111,1,37
29,29,48,76,78,114,2,38
32,32,48,85,86,117,1,32
33,33,48,87,89,120,2,33
36,36,48,95,96,123,1,28
34,34,48,90,92,126,2,36
35,35,48,93,95,129,2,36
37,37,48,98,99,132,1,34
39,39,48,104,105,135,1,31
42,42,48,112,113,138,1,26
38,38,48,101,103,141,2,40
40,40,48,106,108,144,2,38
41,41,48,109,110,147,1,38
43,43,48,115,116,150,1,35
45,45,48,120,122,153,2,33
48,48,48,128,129,156,1,28
44,44,48,117,119,159,2,42
46,46,48,123,125,162,2,39
47,47,48,125,126,165,1,40
49,49,48,131,133,168,2,37
51,51,48,136,138,171,2,35
54,54,48,145,146,174,1,29
50,50,48,134,135,177,1,43
52,52,48,139,140,180,1,41
53,53,48,142,143,183,1,41
55,55,48,147,149,186,2,39
57,57,48,153,155,189,2,36
60,60,48,161,163,192,2,31
56,56,48,150,152,195,2,45
58,58,48,155,156,198,1,43
59,59,48,158,159,201,1,43
61,61,48,164,165,204,1,40
63,63,48,169,170,207,1,38
65,1,48,175,176,210,1,35
67,3,48,180,182,213,2,33
62,62,48,166,168,216,2,50
64,64,48,172,173,219,1,47
66,2,48,178,179,222,1,44
68,4,48,183,185,225,2,42
70,6,48,189,191,228,2,39
71,7,48,191,192,231,1,40
73,9,48,197,199,234,2,37
69,5,48,186,188,237,2,51
72,8,48,194,195,240,1,46
74,10,48,200,201,243,1,43
76,12,48,205,206,246,1,41
77,13,48,208,209,249,1,41
79,15,48,213,215,252,2,39
82,18,48,221,222,255,1,34
75,11,48,202,204,258,2,56
78,14,48,210,212,261,2,51
80,16,48,216,218,264,2,48
81,17,48,219,221,267,2,48
83,19,48,224,225,270,1,46
85,21,48,230,231,273,1,43
88,24,48,238,239,276,1,38
89,25,48,240,242,279,2,39
84,20,48,227,229,282,2,55
86,22,48,232,234,285,2,53
87,23,48,235,236,288,1,53
90,26,48,243,245,291,2,48
91,27,48,246,248,294,2,48
94,30,48,254,255,297,1,43
95,31,48,257,259,300,2,43
97,33,48,262,264,303,2,41
100,36,48,270,272,306,2,36
92,28,48,249,251,309,2,60
93,29,48,251,252,312,1,61
96,32,48,260,261,315,1,55
98,34,48,265,266,318,1,53
99,35,48,268,269,321,1,53
101,37,48,273,275,324,2,51
103,39,48,279,281,327,2,48
106,42,48,287,289,330,2,43
107,43,48,290,291,333,1,43
109,45,48,295,296,336,1,41
102,38,48,276,278,339,2,63
104,40,48,281,282,342,1,61
105,41,48,284,285,345,1,61
108,44,48,292,294,348,2,56
110,46,48,298,299,351,1,53
112,48,48,303,305,354,2,51
113,49,48,306,308,357,2,51
115,51,48,311,312,360,1,49
118,54,48,320,321,363,1,43
119,55,48,322,324,366,2,44
111,47,48,300,302,369,2,69
114,50,48,309,311,372,2,63
116,52,48,314,315,375,1,61
117,53,48,317,319,378,2,61
120,56,48,325,326,381,1,56
121,57,48,328,329,384,1,56
124,60,48,336,338,387,2,51
125,61,48,339,341,390,2,51
127,63,48,344,345,393,1,49
129,1,48,349,350,396,1,47
131,3,48,354,356,399,2,45
122,58,48,330,332,402,2,72
123,59,48,333,335,405,2,72
126,62,48,341,342,408,1,67
128,64,48,347,349,411,2,64
130,2,48,352,353,414,1,62
132,4,48,357,359,417,2,60
134,6,48,363,365,420,2,57
135,7,48,365,366,423,1,58
137,9,48,371,373,426,2,55
140,12,48,379,380,429,1,50
141,13,48,382,383,432,1,50
143,15,48,387,389,435,2,48
133,5,48,360,362,438,2,78
136,8,48,368,369,441,1,73
138,10,48,374,375,444,1,70
139,11,48,376,378,447,2,71
142,14,48,384,386,450,2,66
144,16,48,390,392,453,2,63
146,18,48,395,396,456,1,61
147,19,48,398,399,459,1,61
149,21,48,404,405,462,1,58
152,24,48,412,413,465,1,53
153,25,48,414,416,468,2,54
155,27,48,420,422,471,2,51
145,17,48,393,395,474,2,81
148,20,48,401,403,477,2,76
150,22,48,406,408,480,2,74
151,23,48,409,410,483,1,74
154,26,48,417,419,486,2,69
156,28,48,423,425,489,2,66
158,30,48,428,429,492,1,64
159,31,48,431,433,495,2,64
161,33,48,436,438,498,2,62
164,36,48,444,446,501,2,57
165,37,48,447,449,504,2,57
167,39,48,453,455,507,2,54
170,42,48,461,463,510,2,49
157,29,48,425,426,513,1,88
160,32,48,434,435,516,1,82
162,34,48,439,440,519,1,80
163,35,48,442,443,522,1,80
166,38,48,450,452,525,2,75
168,40,48,455,456,528,1,73
169,41,48,458,459,531,1,73
171,43,48,464,465,534,1,70
173,45,48,469,470,537,1,68
176,48,48,477,479,540,2,63
177,49,48,480,482,543,2,63
179,51,48,485,486,546,1,61
182,54,48,494,495,549,1,55
183,55,48,496,498,552,2,56
172,44,48,466,468,555,2,89
174,46,48,472,473,558,1,86
175,47,48,474,476,561,2,87
178,50,48,483,485,564,2,81
180,52,48,488,489,567,1,79
181,53,48,491,493,570,2,79
184,56,48,499,500,573,1,74
185,57,48,502,503,576,1,74
188,60,48,510,512,579,2,69
189,61,48,513,515,582,2,69
191,63,48,518,519,585,1,67
193,1,48,524,525,588,1,64
195,3,48,529,530,591,1,62
198,6,48,538,539,594,1,56
199,7,48,540,542,597,2,57
186,58,48,504,506,600,2,96
187,59,48,507,509,603,2,96
190,62,48,515,516,606,1,91
192,64,48,521,523,609,2,88
194,2,48,527,529,612,2,85
196,4,48,532,533,615,1,83
197,5,48,535,536,618,1,83
200,8,48,543,545,621,2,78
201,9,48,546,548,624,2,78
204,12,48,554,555,627,1,73
205,13,48,557,559,630,2,73
207,15,48,562,563,633,1,71
210,18,48,570,572,636,2,66
211,19,48,573,575,639,2,66
213,21,48,579,581,642,2,63
216,24,48,587,589,645,2,58
202,10,48,549,551,648,2,99
203,11,48,551,552,651,1,100
206,14,48,559,560,654,1,95
208,16,48,565,566,657,1,92
209,17,48,568,569,660,1,92
212,20,48,576,578,663,2,87
214,22,48,581,582,666,1,85
215,23,48,584,585,669,1,85
217,25,48,589,590,672,1,83
219,27,48,595,596,675,1,80
222,30,48,603,605,678,2,75
223,31,48,606,608,681,2,75
225,33,48,611,612,684,1,73
228,36,48,619,620,687,1,68
229,37,48,622,623,690,1,68
231,39,48,628,629,693,1,65
234,42,48,636,638,696,2,60
218,26,48,592,593,699,1,107
220,28,48,598,599,702,1,104
221,29,48,600,602,705,2,105
224,32,48,609,611,708,2,99
226,34,48,614,615,711,1,97
227,35,48,617,619,714,2,97
230,38,48,625,626,717,1,92
232,40,48,630,632,720,2,90
233,41,48,633,635,723,2,90
235,43,48,639,641,726,2,87
237,45,48,644,645,729,1,85
240,48,48,652,653,732,1,80
241,49,48,655,656,735,1,80
243,51,48,660,662,738,2,78
246,54,48,669,671,741,2,72
247,55,48,671,672,744,1,73
249,57,48,677,679,747,2,70
252,60,48,685,686,750,1,65
236,44,48,641,642,753,1,112
238,46,48,647,649,756,2,109
239,47,48,649,650,759,1,110
242,50,48,658,659,762,1,104
244,52,48,663,665,765,2,102
245,53,48,666,668,768,2,102
248,56,48,674,675,771,1,97
250,58,48,679,680,774,1,95
251,59,48,682,683,777,1,95
253,61,48,688,689,780,1,92
255,63,48,693,695,783,2,90
257,1,48,698,699,786,1,88
259,3,48,703,705,789,2,86
262,6,48,712,713,792,1,80
263,7,48,714,716,795,2,81
265,9,48,720,722,798,2,78
268,12,48,728,729,801,1,73
269,13,48,731,733,804,2,73
271,15,48,736,737,807,1,71
254,62,48,690,692,810,2,120
256,64,48,696,698,813,2,117
258,2,48,701,702,816,1,115
260,4,48,706,707,819,1,113
261,5,48,709,710,822,1,113
264,8,48,717,719,825,2,108
266,10,48,723,725,828,2,105
267,11,48,725,726,831,1,106
270,14,48,733,734,834,1,101
272,16,48,739,740,837,1,98
274,18,48,744,746,840,2,96
275,19,48,747,749,843,2,96
277,21,48,753,755,846,2,93
280,24,48,761,763,849,2,88
281,25,48,763,764,852,1,89
283,27,48,769,770,855,1,86
286,30,48,777,779,858,2,81
287,31,48,780,782,861,2,81
289,33,48,785,786,864,1,79
292,36,48,793,794,867,1,74
293,37,48,796,797,870,1,74
273,17,48,742,743,873,1,131
276,20,48,750,752,876,2,126
278,22,48,755,756,879,1,124
279,23,48,758,759,882,1,124
282,26,48,766,767,885,1,119
284,28,48,772,773,888,1,116
285,29,48,774,776,891,2,117
288,32,48,783,785,894,2,111
290,34,48,788,789,897,1,109
291,35,48,791,793,900,2,109
294,38,48,799,800,903,1,104
295,39,48,802,803,906,1,104
298,42,48,810,812,909,2,99
299,43,48,813,815,912,2,99
301,45,48,818,819,915,1,97
304,48,48,826,827,918,1,92
305,49,48,829,830,921,1,92
307,51,48,834,836,924,2,90
310,54,48,843,845,927,2,84
311,55,48,845,846,930,1,85
313,57,48,851,853,933,2,82
316,60,48,859,860,936,1,77
296,40,48,804,806,939,2,135
297,41,48,807,809,942,2,135
300,44,48,815,816,945,1,130
302,46,48,821,823,948,2,127
303,47,48,823,824,951,1,128
306,50,48,832,833,954,1,122
308,52,48,837,839,957,2,120
309,53,48,840,842,960,2,120
312,56,48,848,849,963,1,115
314,58,48,853,854,966,1,113
315,59,48,856,857,969,1,113
317,61,48,862,863,972,1,110
319,63,48,867,869,975,2,108
321,1,48,873,875,978,2,105
323,3,48,878,879,981,1,103
326,6,48,887,888,984,1,97
327,7,48,889,891,987,2,98
329,9,48,895,896,990,1,95
332,12,48,903,905,993,2,90
333,13,48,906,908,996,2,90
335,15,48,911,912,999,1,88
338,18,48,919,921,1002,2,83
339,19,48,922,923,1005,1,83
318,62,48,864,866,1008,2,144
320,64,48,870,872,1011,2,141
322,2,48,876,878,1014,2,138
324,4,48,881,882,1017,1,136
325,5,48,884,886,1020,2,136
328,8,48,892,893,1023,1,131
330,10,48,898,899,1026,1,128
331,11,48,900,902,1029,2,129
334,14,48,908,909,1032,1,124
336,16,48,914,916,1035,2,121
337,17,48,917,918,1038,1,121
340,20,48,925,926,1041,1,116
341,21,48,928,929,1044,1,116
344,24,48,936,938,1047,2,111
345,25,48,938,939,1050,1,112
347,27,48,944,946,1053,2,109
350,30,48,952,953,1056,1,104
351,31,48,955,956,1059,1,104
353,33,48,960,962,1062,2,102
356,36,48,968,969,1065,1,97
357,37,48,971,972,1068,1,97
359,39,48,977,978,1071,1,94
362,42,48,985,986,1074,1,89
363,43,48,988,989,1077,1,89
365,45,48,993,995,1080,2,87
342,22,48,930,932,1083,2,153
343,23,48,933,935,1086,2,153
346,26,48,941,942,1089,1,148
348,28,48,947,948,1092,1,145
349,29,48,949,951,1095,2,146
352,32,48,958,959,1098,1,140
354,34,48,963,965,1101,2,138
355,35,48,966,968,1104,2,138
358,38,48,974,976,1107,2,133
360,40,48,979,981,1110,2,131
361,41,48,982,983,1113,1,131
364,44,48,990,992,1116,2,126
366,46,48,996,998,1119,2,123
368,48,48,1001,1002,1122,1,121
369,49,48,1004,1006,1125,2,121
371,51,48,1009,1011,1128,2,119
374,54,48,1018,1019,1131,1,113
375,55,48,1020,1022,1134,2,114
377,57,48,1026,1028,1137,2,111
380,60,48,1034,1036,1140,2,106
381,61,48,1037,1038,1143,1,106
383,63,48,1042,1043,1146,1,104
385,1,48,1047,1049,1149,2,102
387,3,48,1052,1053,1152,1,100
390,6,48,1061,1062,1155,1,94
391,7,48,1063,1065,1158,2,95
393,9,48,1069,1070,1161,1,92
367,47,48,998,999,1164,1,166
370,50,48,1007,1008,1167,1,160
372,52,48,1012,1013,1170,1,158
373,53,48,1015,1016,1173,1,158
376,56,48,1023,1025,1176,2,153
378,58,48,1028,1029,1179,1,151
379,59,48,1031,1032,1182,1,151
382,62,48,1039,1041,1185,2,146
384,64,48,1045,1046,1188,1,143
386,2,48,1050,1052,1191,2,141
388,4,48,1055,1056,1194,1,139
389,5,48,1058,1060,1197,2,139
392,8,48,1066,1067,1200,1,134
394,10,48,1072,1073,1203,1,131
396,12,48,1077,1079,1206,2,129
397,13,48,1080,1082,1209,2,129
399,15,48,1085,1086,1212,1,127
402,18,48,1093,1095,1215,2,122
403,19,48,1096,1097,1218,1,122
405,21,48,1102,1103,1221,1,119
408,24,48,1110,1112,1224,2,114
409,25,48,1112,1113,1227,1,115
411,27,48,1118,1120,1230,2,112
414,30,48,1126,1127,1233,1,107
415,31,48,1129,1130,1236,1,107
417,33,48,1134,1136,1239,2,105
420,36,48,1142,1143,1242,1,100
421,37,48,1145,1146,1245,1,100
395,11,48,1074,1076,1248,2,174
398,14,48,1082,1083,1251,1,169
400,16,48,1088,1090,1254,2,166
401,17,48,1091,1092,1257,1,166
404,20,48,1099,1100,1260,1,161
406,22,48,1104,1106,1263,2,159
407,23,48,1107,1109,1266,2,159
410,26,48,1115,1116,1269,1,154
412,28,48,1121,1122,1272,1,151
413,29,48,1123,1125,1275,2,152
416,32,48,1132,1133,1278,1,146
418,34,48,1137,1139,1281,2,144
419,35,48,1140,1142,1284,2,144
422,38,48,1148,1150,1287,2,139
423,39,48,1151,1152,1290,1,139
426,42,48,1159,1160,1293,1,134
427,43,48,1162,1163,1296,1,134
429,45,48,1167,1169,1299,2,132
432,48,48,1175,1176,1302,1,127
433,49,48,1178,1180,1305,2,127
435,51,48,1183,1185,1308,2,125
438,54,48,1192,1193,1311,1,119
439,55,48,1194,1196,1314,2,120
441,57,48,1200,1202,1317,2,117
444,60,48,1208,1210,1320,2,112
445,61,48,1211,1212,1323,1,112
447,63,48,1216,1217,1326,1,110
449,1,48,1222,1223,1329,1,107
451,3,48,1227,1229,1332,2,105
454,6,48,1236,1238,1335,2,99
424,40,48,1153,1155,1338,2,185
425,41,48,1156,1157,1341,1,185
428,44,48,1164,1166,1344,2,180
430,46,48,1170,1172,1347,2,177
431,47,48,1172,1173,1350,1,178
434,50,48,1181,1182,1353,1,172
436,52,48,1186,1187,1356,1,170
437,53,48,1189,1190,1359,1,170
440,56,48,1197,1199,1362,2,165
442,58,48,1202,1203,1365,1,163
443,59,48,1205,1206,1368,1,163
446,62,48,1213,1215,1371,2,158
448,64,48,1219,1220,1374,1,155
450,2,48,1225,1226,1377,1,152
452,4,48,1230,1232,1380,2,150
453,5,48,1233,1235,1383,2,150
455,7,48,1238,1239,1386,1,148
457,9,48,1244,1246,1389,2,145
460,12,48,1252,1253,1392,1,140
461,13,48,1255,1256,1395,1,140
463,15,48,1260,1262,1398,2,138
466,18,48,1268,1269,1401,1,133
467,19,48,1271,1272,1404,1,133
469,21,48,1277,1278,1407,1,130
472,24,48,1285,1286,1410,1,125
473,25,48,1287,1289,1413,2,126
475,27,48,1293,1295,1416,2,123
478,30,48,1301,1302,1419,1,118
479,31,48,1304,1306,1422,2,118
481,33,48,1309,1311,1425,2,116
484,36,48,1317,1319,1428,2,111
485,37,48,1320,1322,1431,2,111
519,7,48,1412,1413,1434,1,22
458,10,48,1247,1248,1437,1,190
459,11,48,1249,1251,1440,2,191
525,13,48,1429,1430,1443,1,14
464,16,48,1263,1265,1446,2,183
465,17,48,1266,1268,1449,2,183
468,20,48,1274,1276,1452,2,178
470,22,48,1279,1281,1455,2,176
471,23,48,1282,1283,1458,1,176
474,26,48,1290,1292,1461,2,171
476,28,48,1296,1298,1464,2,168
477,29,48,1298,1299,1467,1,169
480,32,48,1307,1308,1470,1,163
482,34,48,1312,1313,1473,1,161
483,35,48,1315,1316,1476,1,161
486,38,48,1323,1325,1479,2,156
487,39,48,1326,1328,1482,2,156
490,42,48,1334,1336,1485,2,151
491,43,48,1337,1338,1488,1,151
493,45,48,1342,1343,1491,1,149
496,48,48,1350,1352,1494,2,144
497,49,48,1353,1355,1497,2,144
499,51,48,1358,1359,1500,1,142
502,54,48,1367,1368,1503,1,136
503,55,48,1369,1371,1506,2,137
505,57,48,1375,1376,1509,1,134
508,60,48,1383,1385,1512,2,129
509,61,48,1386,1388,1515,2,129
511,63,48,1391,1392,1518,1,127
513,1,48,1396,1397,1521,1,125
515,3,48,1401,1403,1524,2,123
518,6,48,1410,1412,1527,2,117
488,40,48,1328,1329,1530,1,202
489,41,48,1331,1332,1533,1,202
555,43,48,1511,1512,1536,1,25
494,46,48,1345,1346,1539,1,194
495,47,48,1347,1349,1542,2,195
561,49,48,1527,1529,1545,2,18
500,52,48,1361,1362,1548,1,187
501,53,48,1364,1366,1551,2,187
504,56,48,1372,1373,1554,1,182
506,58,48,1377,1379,1557,2,180
507,59,48,1380,1382,1560,2,180
510,62,48,1388,1389,1563,1,175
512,64,48,1394,1396,1566,2,172
514,2,48,1399,1400,1569,1,170
516,4,48,1404,1406,1572,2,168
517,5,48,1407,1409,1575,2,168
456,8,48,1241,1242,1578,1,337
521,9,48,1418,1420,1581,2,163
524,12,48,1426,1427,1584,1,158
462,14,48,1257,1259,1587,2,330
527,15,48,1434,1436,1590,2,156
530,18,48,1442,1443,1593,1,151
531,19,48,1445,1446,1596,1,151
533,21,48,1451,1452,1599,1,148
536,24,48,1459,1460,1602,1,143
537,25,48,1461,1463,1605,2,144
539,27,48,1467,1469,1608,2,141
542,30,48,1475,1476,1611,1,136
543,31,48,1478,1480,1614,2,136
545,33,48,1483,1485,1617,2,134
548,36,48,1491,1493,1620,2,129
549,37,48,1494,1496,1623,2,129
583,7,48,1587,1589,1626,2,39
522,10,48,1421,1422,1629,1,208
588,12,48,1601,1602,1632,1,31
589,13,48,1604,1606,1635,2,31
528,16,48,1437,1439,1638,2,201
529,17,48,1440,1442,1641,2,201
595,19,48,1620,1622,1644,2,24
534,22,48,1453,1455,1647,2,194
535,23,48,1456,1457,1650,1,194
601,25,48,1636,1637,1653,1,17
540,28,48,1470,1472,1656,2,186
541,29,48,1472,1473,1659,1,187
544,32,48,1481,1482,1662,1,181
546,34,48,1486,1487,1665,1,179
547,35,48,1489,1490,1668,1,179
550,38,48,1497,1499,1671,2,174
551,39,48,1500,1502,1674,2,174
554,42,48,1508,1510,1677,2,169
492,44,48,1339,1341,1680,2,341
557,45,48,1516,1517,1683,1,167
560,48,48,1524,1526,1686,2,162
498,50,48,1356,1358,1689,2,333
563,51,48,1532,1533,1692,1,160
566,54,48,1541,1542,1695,1,154
567,55,48,1543,1545,1698,2,155
569,57,48,1549,1550,1701,1,152
572,60,48,1557,1559,1704,2,147
573,61,48,1560,1562,1707,2,147
575,63,48,1565,1566,1710,1,145
577,1,48,1571,1572,1713,1,142
579,3,48,1576,1577,1716,1,140
582,6,48,1585,1586,1719,1,134
552,40,48,1502,1503,1722,1,220
618,42,48,1683,1685,1725,2,42
619,43,48,1686,1688,1728,2,42
558,46,48,1519,1520,1731,1,212
624,48,48,1699,1700,1734,1,35
625,49,48,1702,1703,1737,1,35
564,52,48,1535,1536,1740,1,205
630,54,48,1716,1718,1743,2,27
631,55,48,1718,1719,1746,1,28
570,58,48,1551,1553,1749,2,198
571,59,48,1554,1556,1752,2,198
637,61,48,1735,1736,1755,1,20
576,64,48,1568,1570,1758,2,190
641,1,48,1745,1746,1761,1,16
580,4,48,1579,1580,1764,1,185
581,5,48,1582,1583,1767,1,185
520,8,48,1415,1416,1770,1,355
585,9,48,1593,1595,1773,2,180
523,11,48,1423,1425,1776,2,353
526,14,48,1431,1433,1779,2,348
591,15,48,1609,1610,1782,1,173
594,18,48,1617,1619,1785,2,168
532,20,48,1448,1450,1788,2,340
597,21,48,1626,1628,1791,2,165
600,24,48,1634,1636,1794,2,160
538,26,48,1464,1466,1797,2,333
603,27,48,1642,1643,1800,1,158
606,30,48,1650,1652,1803,2,153
607,31,48,1653,1655,1806,2,153
609,33,48,1658,1659,1809,1,151
612,36,48,1666,1667,1812,1,146
613,37,48,1669,1670,1815,1,146
647,7,48,1761,1763,1818,2,57
586,10,48,1596,1598,1821,2,225
652,12,48,1775,1776,1824,1,49
653,13,48,1778,1780,1827,2,49
592,16,48,1612,1613,1830,1,218
658,18,48,1791,1793,1833,2,42
659,19,48,1794,1796,1836,2,42
598,22,48,1628,1629,1839,1,211
664,24,48,1808,1810,1842,2,34
665,25,48,1810,1811,1845,1,35
604,28,48,1645,1646,1848,1,203
605,29,48,1647,1649,1851,2,204
671,31,48,1827,1829,1854,2,27
610,34,48,1661,1662,1857,1,196
611,35,48,1664,1666,1860,2,196
677,37,48,1843,1844,1863,1,20
615,39,48,1675,1676,1866,1,191
553,41,48,1505,1506,1869,1,364
556,44,48,1513,1515,1872,2,359
621,45,48,1691,1692,1875,1,184
559,47,48,1521,1523,1878,2,357
562,50,48,1530,1532,1881,2,351
627,51,48,1707,1709,1884,2,177
565,53,48,1538,1540,1887,2,349
568,56,48,1546,1547,1890,1,344
633,57,48,1724,1726,1893,2,169
636,60,48,1732,1733,1896,1,164
574,62,48,1562,1563,1899,1,337
639,63,48,1740,1742,1902,2,162
578,2,48,1574,1576,1905,2,331
643,3,48,1750,1752,1908,2,158
646,6,48,1759,1760,1911,1,152
616,40,48,1677,1679,1914,2,237
682,42,48,1857,1859,1917,2,60
683,43,48,1860,1862,1920,2,60
622,46,48,1694,1696,1923,2,229
688,48,48,1873,1874,1926,1,53
689,49,48,1876,1877,1929,1,53
628,52,48,1710,1712,1932,2,222
694,54,48,1890,1892,1935,2,45
695,55,48,1892,1893,1938,1,46
634,58,48,1726,1727,1941,1,215
700,60,48,1906,1907,1944,1,38
701,61,48,1909,1910,1947,1,38
640,64,48,1743,1745,1950,2,207
705,1,48,1920,1922,1953,2,33
644,4,48,1753,1754,1956,1,203
645,5,48,1756,1757,1959,1,203
711,7,48,1936,1938,1962,2,26
649,9,48,1767,1769,1965,2,198
587,11,48,1598,1599,1968,1,370
717,13,48,1953,1955,1971,2,18
655,15,48,1783,1784,1974,1,191
593,17,48,1615,1616,1977,1,362
596,20,48,1623,1625,1980,2,357
661,21,48,1800,1802,1983,2,183
599,23,48,1631,1632,1986,1,355
602,26,48,1639,1640,1989,1,350
667,27,48,1816,1817,1992,1,176
670,30,48,1824,1826,1995,2,171
608,32,48,1656,1658,1998,2,342
673,33,48,1832,1833,2001,1,169
676,36,48,1840,1841,2004,1,164
614,38,48,1672,1673,2007,1,335
584,8,48,1590,1592,2010,2,420
650,10,48,1770,1772,2013,2,243
716,12,48,1950,1952,2016,2,66
590,14,48,1606,1607,2019,1,413
656,16,48,1786,1787,2022,1,236
722,18,48,1966,1968,2025,2,59
723,19,48,1969,1970,2028,1,59
662,22,48,1802,1803,2031,1,229
728,24,48,1983,1985,2034,2,51
729,25,48,1985,1986,2037,1,52
668,28,48,1819,1820,2040,1,221
734,30,48,1999,2000,2043,1,44
672,32,48,1830,1832,2046,2,216
674,34,48,1835,1836,2049,1,214
675,35,48,1838,1840,2052,2,214
678,38,48,1846,1847,2055,1,209
679,39,48,1849,1850,2058,1,209
617,41,48,1680,1682,2061,2,381
620,44,48,1688,1689,2064,1,376
685,45,48,1865,1866,2067,1,202
623,47,48,1696,1697,2070,1,374
626,50,48,1705,1706,2073,1,368
691,51,48,1881,1883,2076,2,195
629,53,48,1713,1715,2079,2,366
632,56,48,1721,1722,2082,1,361
697,57,48,1898,1900,2085,2,187
635,59,48,1729,1730,2088,1,359
638,62,48,1737,1739,2091,2,354
703,63,48,1914,1916,2094,2,180
735,1,48,2000,2001,2097,1,97
707,3,48,1925,1926,2100,1,175
710,6,48,1934,1935,2103,1,169
680,40,48,1851,1853,2106,2,255
681,41,48,1854,1856,2109,2,255
684,44,48,1862,1863,2112,1,250
686,46,48,1868,1870,2115,2,247
687,47,48,1870,1871,2118,1,248
690,50,48,1879,1880,2121,1,242
692,52,48,1884,1886,2124,2,240
693,53,48,1887,1889,2127,2,240
696,56,48,1895,1896,2130,1,235
698,58,48,1900,1901,2133,1,233
699,59,48,1903,1904,2136,1,233
702,62,48,1911,1913,2139,2,228
704,64,48,1917,1919,2142,2,225
642,2,48,1748,1749,2145,1,397
708,4,48,1928,1929,2148,1,220
740,6,48,2014,2015,2151,1,137
741,7,48,2016,2018,2154,2,138
713,9,48,1942,1943,2157,1,215
746,12,48,2030,2031,2160,1,130
747,13,48,2033,2035,2163,2,130
719,15,48,1958,1959,2166,1,208
752,18,48,2046,2048,2169,2,123
753,19,48,2049,2051,2172,2,123
725,21,48,1975,1976,2175,1,200
663,23,48,1805,1806,2178,1,373
759,25,48,2065,2066,2181,1,116
731,27,48,1991,1993,2184,2,193
669,29,48,1821,1823,2187,2,366
765,31,48,2082,2084,2190,2,108
767,33,48,2087,2088,2193,1,106
648,8,48,1764,1766,2196,2,432
714,10,48,1945,1946,2199,1,254
651,11,48,1772,1773,2202,1,430
654,14,48,1780,1781,2205,1,425
720,16,48,1961,1963,2208,2,247
657,17,48,1789,1790,2211,1,422
660,20,48,1797,1799,2214,2,417
726,22,48,1977,1979,2217,2,240
758,24,48,2063,2065,2220,2,157
666,26,48,1813,1814,2223,1,410
732,28,48,1994,1995,2226,1,232
764,30,48,2079,2081,2229,2,150
801,1,48,2180,2181,2232,1,52
737,3,48,2005,2007,2235,2,230
709,5,48,1931,1933,2238,2,307
766,32,48,2085,2087,2241,2,156
768,34,48,2090,2091,2244,1,154
770,36,48,2095,2096,2247,1,152
771,37,48,2098,2099,2250,1,152
773,39,48,2104,2105,2253,1,149
776,42,48,2112,2114,2256,2,144
777,43,48,2115,2117,2259,2,144
779,45,48,2120,2121,2262,1,142
782,48,48,2128,2129,2265,1,137
783,49,48,2131,2132,2268,1,137
785,51,48,2136,2138,2271,2,135
788,54,48,2145,2147,2274,2,129
789,55,48,2147,2148,2277,1,130
791,57,48,2153,2155,2280,2,127
794,60,48,2161,2162,2283,1,122
795,61,48,2164,2165,2286,1,122
797,63,48,2169,2171,2289,2,120
799,65,48,2175,2177,2292,2,117
706,2,48,1923,1925,2295,2,372
738,4,48,2008,2009,2298,1,290
806,6,48,2194,2195,2301,1,107
807,7,48,2196,2198,2304,2,108
743,9,48,2022,2024,2307,2,285
812,12,48,2210,2211,2310,1,100
813,13,48,2213,2215,2313,2,100
749,15,48,2038,2039,2316,1,278
818,18,48,2226,2228,2319,2,93
819,19,48,2229,2231,2322,2,93
755,21,48,2055,2057,2325,2,270
824,24,48,2243,2245,2328,2,85
825,25,48,2245,2246,2331,1,86
761,27,48,2071,2072,2334,1,263
830,30,48,2259,2261,2337,2,78
769,35,48,2093,2095,2340,2,247
837,37,48,2278,2279,2343,1,65
774,40,48,2106,2108,2346,2,240
775,41,48,2109,2111,2349,2,240
843,43,48,2295,2297,2352,2,57
780,46,48,2123,2125,2355,2,232
781,47,48,2125,2126,2358,1,233
849,49,48,2311,2312,2361,1,50
786,52,48,2139,2141,2364,2,225
787,53,48,2142,2144,2367,2,225
855,55,48,2327,2328,2370,1,43
792,58,48,2155,2156,2373,1,218
793,59,48,2158,2159,2376,1,218
861,61,48,2344,2345,2379,1,35
798,64,48,2172,2174,2382,2,210
865,65,48,2355,2357,2385,2,30
831,31,48,2262,2264,2388,2,126
833,33,48,2267,2268,2391,1,124
873,7,48,2376,2378,2394,2,18
744,10,48,2025,2027,2397,2,372
715,11,48,1947,1949,2400,2,453
718,14,48,1955,1956,2403,1,448
750,16,48,2041,2042,2406,1,365
721,17,48,1964,1965,2409,1,445
724,20,48,1972,1973,2412,1,440
756,22,48,2057,2058,2415,1,358
727,23,48,1980,1982,2418,2,438
730,26,48,1988,1989,2421,1,433
762,28,48,2074,2075,2424,1,350
733,29,48,1996,1998,2427,2,431
867,1,48,2360,2361,2430,1,70
803,3,48,2185,2186,2433,1,248
872,6,48,2374,2375,2436,1,62
832,32,48,2265,2267,2439,2,174
834,34,48,2270,2271,2442,1,172
836,36,48,2275,2276,2445,1,170
772,38,48,2101,2102,2448,1,347
839,39,48,2284,2285,2451,1,167
842,42,48,2292,2294,2454,2,162
778,44,48,2117,2118,2457,1,340
845,45,48,2300,2301,2460,1,160
848,48,48,2308,2309,2463,1,155
784,50,48,2134,2135,2466,1,332
851,51,48,2316,2318,2469,2,153
854,54,48,2325,2327,2472,2,147
790,56,48,2150,2151,2475,1,325
857,57,48,2333,2335,2478,2,145
860,60,48,2341,2342,2481,1,140
796,62,48,2166,2168,2484,2,318
863,63,48,2349,2351,2487,2,138
800,66,48,2177,2178,2490,1,313
736,2,48,2003,2004,2493,1,490
804,4,48,2188,2189,2496,1,308
739,5,48,2011,2012,2499,1,488
712,8,48,1939,1940,2502,1,563
809,9,48,2202,2204,2505,2,303
878,12,48,2390,2391,2508,1,118
879,13,48,2393,2395,2511,2,118
815,15,48,2218,2219,2514,1,296
884,18,48,2406,2408,2517,2,111
885,19,48,2409,2411,2520,2,111
821,21,48,2235,2237,2523,2,288
890,24,48,2423,2425,2526,2,103
891,25,48,2425,2426,2529,1,104
827,27,48,2251,2252,2532,1,281
896,30,48,2439,2441,2535,2,96
902,36,48,2455,2456,2538,1,83
903,37,48,2458,2459,2541,1,83
840,40,48,2286,2288,2544,2,258
908,42,48,2472,2474,2547,2,75
909,43,48,2475,2477,2550,2,75
846,46,48,2303,2305,2553,2,250
914,48,48,2488,2489,2556,1,68
915,49,48,2491,2492,2559,1,68
852,52,48,2319,2321,2562,2,243
920,54,48,2505,2507,2565,2,60
921,55,48,2507,2508,2568,1,61
858,58,48,2335,2336,2571,1,236
926,60,48,2521,2522,2574,1,53
927,61,48,2524,2525,2577,1,53
864,64,48,2352,2354,2580,2,228
931,65,48,2535,2537,2583,2,48
897,31,48,2442,2444,2586,2,144
899,33,48,2447,2448,2589,1,142
939,7,48,2556,2558,2592,2,36
810,10,48,2205,2207,2595,2,390
944,12,48,2570,2571,2598,1,28
945,13,48,2573,2575,2601,2,28
816,16,48,2221,2222,2604,1,383
751,17,48,2044,2045,2607,1,563
951,19,48,2589,2591,2610,2,21
822,22,48,2237,2238,2613,1,376
757,23,48,2060,2061,2616,1,556
957,25,48,2605,2606,2619,1,14
828,28,48,2254,2255,2622,1,368
763,29,48,2076,2078,2625,2,549
933,1,48,2540,2541,2628,1,88
869,3,48,2365,2366,2631,1,266
938,6,48,2554,2555,2634,1,80
963,31,48,2622,2624,2637,2,15
900,34,48,2450,2451,2640,1,190
835,35,48,2273,2275,2643,2,370
838,38,48,2281,2282,2646,1,365
905,39,48,2464,2465,2649,1,185
841,41,48,2289,2291,2652,2,363
844,44,48,2297,2298,2655,1,358
911,45,48,2480,2481,2658,1,178
847,47,48,2305,2306,2661,1,356
850,50,48,2314,2315,2664,1,350
917,51,48,2496,2498,2667,2,171
853,53,48,2322,2324,2670,2,348
856,56,48,2330,2331,2673,1,343
923,57,48,2513,2515,2676,2,163
859,59,48,2338,2339,2679,1,341
862,62,48,2346,2348,2682,2,336
929,63,48,2529,2531,2685,2,156
866,66,48,2357,2358,2688,1,331
802,2,48,2183,2185,2691,2,508
870,4,48,2368,2369,2694,1,326
805,5,48,2191,2192,2697,1,506
742,8,48,2019,2021,2700,2,681
875,9,48,2382,2384,2703,2,321
745,11,48,2027,2028,2706,1,679
748,14,48,2035,2036,2709,1,674
881,15,48,2398,2399,2712,1,314
950,18,48,2586,2588,2715,2,129
754,20,48,2052,2054,2718,2,666
887,21,48,2415,2417,2721,2,306
956,24,48,2603,2605,2724,2,121
760,26,48,2068,2069,2727,1,659
893,27,48,2431,2432,2730,1,299
962,30,48,2619,2621,2733,2,114
968,36,48,2635,2636,2736,1,101
969,37,48,2638,2639,2739,1,101
906,40,48,2466,2468,2742,2,276
974,42,48,2652,2654,2745,2,93
975,43,48,2655,2657,2748,2,93
912,46,48,2483,2485,2751,2,268
980,48,48,2668,2669,2754,1,86
981,49,48,2671,2672,2757,1,86
918,52,48,2499,2501,2760,2,261
986,54,48,2685,2687,2763,2,78
987,55,48,2687,2688,2766,1,79
924,58,48,2515,2516,2769,1,254
992,60,48,2701,2702,2772,1,71
993,61,48,2704,2705,2775,1,71
930,64,48,2532,2534,2778,2,246
997,65,48,2715,2717,2781,2,66
898,32,48,2445,2447,2784,2,339
965,33,48,2627,2628,2787,1,160
1005,7,48,2736,2738,2790,2,54
876,10,48,2385,2387,2793,2,408
1010,12,48,2750,2751,2796,1,46
1011,13,48,2753,2755,2799,2,46
882,16,48,2401,2402,2802,1,401
1016,18,48,2766,2768,2805,2,39
1017,19,48,2769,2771,2808,2,39
888,22,48,2417,2418,2811,1,394
1022,24,48,2783,2785,2814,2,31
1023,25,48,2785,2786,2817,1,32
894,28,48,2434,2435,2820,1,386
829,29,48,2256,2258,2823,2,567
999,1,48,2720,2721,2826,1,106
935,3,48,2545,2546,2829,1,284
1004,6,48,2734,2735,2832,1,98
1029,31,48,2802,2804,2835,2,33
966,34,48,2630,2631,2838,1,208
901,35,48,2453,2455,2841,2,388
1035,37,48,2818,2819,2844,1,26
971,39,48,2644,2645,2847,1,203
907,41,48,2469,2471,2850,2,381
1041,43,48,2835,2837,2853,2,18
977,45,48,2660,2661,2856,1,196
913,47,48,2485,2486,2859,1,374
916,50,48,2494,2495,2862,1,368
983,51,48,2676,2678,2865,2,189
919,53,48,2502,2504,2868,2,366
922,56,48,2510,2511,2871,1,361
989,57,48,2693,2695,2874,2,181
925,59,48,2518,2519,2877,1,359
928,62,48,2526,2528,2880,2,354
995,63,48,2709,2711,2883,2,174
932,66,48,2537,2538,2886,1,349
868,2,48,2363,2365,2889,2,526
936,4,48,2548,2549,2892,1,344
871,5,48,2371,2372,2895,1,524
808,8,48,2199,2201,2898,2,699
941,9,48,2562,2564,2901,2,339
811,11,48,2207,2208,2904,1,697
814,14,48,2215,2216,2907,1,692
947,15,48,2578,2579,2910,1,332
817,17,48,2224,2225,2913,1,689
820,20,48,2232,2234,2916,2,684
953,21,48,2595,2597,2919,2,324
823,23,48,2240,2241,2922,1,682
826,26,48,2248,2249,2925,1,677
959,27,48,2611,2612,2928,1,317
1028,30,48,2799,2801,2931,2,132
1034,36,48,2815,2816,2934,1,119
904,38,48,2461,2462,2937,1,476
972,40,48,2646,2648,2940,2,294
1040,42,48,2832,2834,2943,2,111
910,44,48,2477,2478,2946,1,469
978,46,48,2663,2665,2949,2,286
1046,48,48,2848,2849,2952,1,104
1047,49,48,2851,2852,2955,1,104
984,52,48,2679,2681,2958,2,279
1052,54,48,2865,2867,2961,2,96
1053,55,48,2867,2868,2964,1,97
990,58,48,2695,2696,2967,1,272
1058,60,48,2881,2882,2970,1,89
1059,61,48,2884,2885,2973,1,89
996,64,48,2712,2714,2976,2,264
1063,65,48,2895,2897,2979,2,84
964,32,48,2625,2627,2982,2,357
1031,33,48,2807,2808,2985,1,178
1071,7,48,2916,2918,2988,2,72
942,10,48,2565,2567,2991,2,426
1076,12,48,2930,2931,2994,1,64
1077,13,48,2933,2935,2997,2,64
948,16,48,2581,2582,3000,1,419
1082,18,48,2946,2948,3003,2,57
1083,19,48,2949,2951,3006,2,57
954,22,48,2597,2598,3009,1,412
1088,24,48,2963,2965,3012,2,49
1089,25,48,2965,2966,3015,1,50
960,28,48,2614,2615,3018,1,404
1094,30,48,2979,2981,3021,2,42
1065,1,48,2900,2901,3024,1,124
1001,3,48,2725,2726,3027,1,302
1070,6,48,2914,2915,3030,1,116
1095,31,48,2982,2984,3033,2,51
1032,34,48,2810,2811,3036,1,226
1100,36,48,2995,2996,3039,1,44
1101,37,48,2998,2999,3042,1,44
1037,39,48,2824,2825,3045,1,221
1106,42,48,3012,3014,3048,2,36
1107,43,48,3015,3017,3051,2,36
1043,45,48,2840,2841,3054,1,214
1112,48,48,3028,3029,3057,1,29
1113,49,48,3031,3032,3060,1,29
1049,51,48,2856,2858,3063,2,207
985,53,48,2682,2684,3066,2,384
1119,55,48,3047,3048,3069,1,22
1055,57,48,2873,2875,3072,2,199
991,59,48,2698,2699,3075,1,377
1125,61,48,3064,3065,3078,1,14
1061,63,48,2889,2891,3081,2,192
998,66,48,2717,2718,3084,1,367
934,2,48,2543,2545,3087,2,544
1002,4,48,2728,2729,3090,1,362
937,5,48,2551,2552,3093,1,542
874,8,48,2379,2381,3096,2,717
1007,9,48,2742,2744,3099,2,357
877,11,48,2387,2388,3102,1,715
880,14,48,2395,2396,3105,1,710
1013,15,48,2758,2759,3108,1,350
883,17,48,2404,2405,3111,1,707
886,20,48,2412,2414,3114,2,702
1019,21,48,2775,2777,3117,2,342
889,23,48,2420,2421,3120,1,700
892,26,48,2428,2429,3123,1,695
1025,27,48,2791,2792,3126,1,335
895,29,48,2436,2438,3129,2,693
967,35,48,2633,2635,3132,2,499
970,38,48,2641,2642,3135,1,494
1038,40,48,2826,2828,3138,2,312
973,41,48,2649,2651,3141,2,492
976,44,48,2657,2658,3144,1,487
1044,46,48,2843,2845,3147,2,304
979,47,48,2665,2666,3150,1,485
982,50,48,2674,2675,3153,1,479
1050,52,48,2859,2861,3156,2,297
1118,54,48,3045,3047,3159,2,114
988,56,48,2690,2691,3162,1,472
1056,58,48,2875,2876,3165,1,290
1124,60,48,3061,3062,3168,1,107
994,62,48,2706,2708,3171,2,465
1062,64,48,2892,2894,3174,2,282
1129,65,48,3075,3077,3177,2,102
1161,31,48,3162,3164,3180,2,18
1097,33,48,2987,2988,3183,1,196
1137,7,48,3096,3098,3186,2,90
1008,10,48,2745,2747,3189,2,444
1142,12,48,3110,3111,3192,1,82
1143,13,48,3113,3115,3195,2,82
1014,16,48,2761,2762,3198,1,437
1148,18,48,3126,3128,3201,2,75
1149,19,48,3129,3131,3204,2,75
1020,22,48,2777,2778,3207,1,430
1154,24,48,3143,3145,3210,2,67
1155,25,48,3145,3146,3213,1,68
1026,28,48,2794,2795,3216,1,422
1160,30,48,3159,3161,3219,2,60
1131,1,48,3080,3081,3222,1,142
1067,3,48,2905,2906,3225,1,320
1136,6,48,3094,3095,3228,1,134
1030,32,48,2805,2807,3231,2,426
1098,34,48,2990,2991,3234,1,244
1166,36,48,3175,3176,3237,1,62
1167,37,48,3178,3179,3240,1,62
1103,39,48,3004,3005,3243,1,239
1172,42,48,3192,3194,3246,2,54
1173,43,48,3195,3197,3249,2,54
1109,45,48,3020,3021,3252,1,232
1178,48,48,3208,3209,3255,1,47
1179,49,48,3211,3212,3258,1,47
1115,51,48,3036,3038,3261,2,225
1184,54,48,3225,3227,3264,2,39
1185,55,48,3227,3228,3267,1,40
1121,57,48,3053,3055,3270,2,217
1190,60,48,3241,3242,3273,1,32
1191,61,48,3244,3245,3276,1,32
1127,63,48,3069,3071,3279,2,210
1195,65,48,3255,3257,3282,2,27
1197,1,48,3260,3261,3285,1,25
1068,4,48,2908,2909,3288,1,380
1003,5,48,2731,2732,3291,1,560
1203,7,48,3276,3278,3294,2,18
1073,9,48,2922,2924,3297,2,375
943,11,48,2567,2568,3300,1,733
946,14,48,2575,2576,3303,1,728
1079,15,48,2938,2939,3306,1,368
949,17,48,2584,2585,3309,1,725
952,20,48,2592,2594,3312,2,720
1085,21,48,2955,2957,3315,2,360
955,23,48,2600,2601,3318,1,718
958,26,48,2608,2609,3321,1,713
1091,27,48,2971,2972,3324,1,353
961,29,48,2616,2618,3327,2,711
1033,35,48,2813,2815,3330,2,517
1036,38,48,2821,2822,3333,1,512
1104,40,48,3006,3008,3336,2,330
1039,41,48,2829,2831,3339,2,510
1042,44,48,2837,2838,3342,1,505
1110,46,48,3023,3025,3345,2,322
1045,47,48,2845,2846,3348,1,503
1048,50,48,2854,2855,3351,1,497
1116,52,48,3039,3041,3354,2,315
1051,53,48,2862,2864,3357,2,495
1054,56,48,2870,2871,3360,1,490
1122,58,48,3055,3056,3363,1,308
1057,59,48,2878,2879,3366,1,488
1060,62,48,2886,2888,3369,2,483
1128,64,48,3072,3074,3372,2,300
1064,66,48,2897,2898,3375,1,478
1227,31,48,3342,3344,3378,2,36
1163,33,48,3167,3168,3381,1,214
940,8,48,2559,2561,3384,2,825
1074,10,48,2925,2927,3387,2,462
1208,12,48,3290,3291,3390,1,100
1209,13,48,3293,3295,3393,2,100
1080,16,48,2941,2942,3396,1,455
1214,18,48,3306,3308,3399,2,93
1215,19,48,3309,3311,3402,2,93
1086,22,48,2957,2958,3405,1,448
1220,24,48,3323,3325,3408,2,85
1221,25,48,3325,3326,3411,1,86
1092,28,48,2974,2975,3414,1,440
1226,30,48,3339,3341,3417,2,78
1000,2,48,2723,2725,3420,2,697
1133,3,48,3085,3086,3423,1,338
1202,6,48,3274,3275,3426,1,152
1096,32,48,2985,2987,3429,2,444
1164,34,48,3170,3171,3432,1,262
1232,36,48,3355,3356,3435,1,80
1233,37,48,3358,3359,3438,1,80
1169,39,48,3184,3185,3441,1,257
1238,42,48,3372,3374,3444,2,72
1239,43,48,3375,3377,3447,2,72
1175,45,48,3200,3201,3450,1,250
1244,48,48,3388,3389,3453,1,65
1245,49,48,3391,3392,3456,1,65
1181,51,48,3216,3218,3459,2,243
1250,54,48,3405,3407,3462,2,57
1251,55,48,3407,3408,3465,1,58
1187,57,48,3233,3235,3468,2,235
1256,60,48,3421,3422,3471,1,50
1257,61,48,3424,3425,3474,1,50
1193,63,48,3249,3251,3477,2,228
1261,65,48,3435,3437,3480,2,45
1263,1,48,3440,3441,3483,1,43
1134,4,48,3088,3089,3486,1,398
1268,6,48,3454,3455,3489,1,35
1269,7,48,3456,3458,3492,2,36
1139,9,48,3102,3104,3495,2,393
1274,12,48,3470,3471,3498,1,28
1275,13,48,3473,3475,3501,2,28
1145,15,48,3118,3119,3504,1,386
1015,17,48,2764,2765,3507,1,743
1281,19,48,3489,3491,3510,2,21
1151,21,48,3135,3137,3513,2,378
1021,23,48,2780,2781,3516,1,736
1287,25,48,3505,3506,3519,1,14
1157,27,48,3151,3152,3522,1,371
1027,29,48,2796,2798,3525,2,729
1099,35,48,2993,2995,3528,2,535
1102,38,48,3001,3002,3531,1,530
1170,40,48,3186,3188,3534,2,348
1105,41,48,3009,3011,3537,2,528
1108,44,48,3017,3018,3540,1,523
1176,46,48,3203,3205,3543,2,340
1111,47,48,3025,3026,3546,1,521
1114,50,48,3034,3035,3549,1,515
1182,52,48,3219,3221,3552,2,333
1117,53,48,3042,3044,3555,2,513
1120,56,48,3050,3051,3558,1,508
1188,58,48,3235,3236,3561,1,326
1123,59,48,3058,3059,3564,1,506
1126,62,48,3066,3068,3567,2,501
1194,64,48,3252,3254,3570,2,318
1130,66,48,3077,3078,3573,1,496
1293,31,48,3522,3524,3576,2,54
1229,33,48,3347,3348,3579,1,232
1006,8,48,2739,2741,3582,2,843
1140,10,48,3105,3107,3585,2,480
1009,11,48,2747,2748,3588,1,841
1012,14,48,2755,2756,3591,1,836
1146,16,48,3121,3122,3594,1,473
1280,18,48,3486,3488,3597,2,111
1018,20,48,2772,2774,3600,2,828
1152,22,48,3137,3138,3603,1,466
1286,24,48,3503,3505,3606,2,103
1024,26,48,2788,2789,3609,1,821
1158,28,48,3154,3155,3612,1,458
1292,30,48,3519,3521,3615,2,96
1066,2,48,2903,2905,3618,2,715
1199,3,48,3265,3266,3621,1,356
1069,5,48,2911,2912,3624,1,713
1162,32,48,3165,3167,3627,2,462
1230,34,48,3350,3351,3630,1,280
1298,36,48,3535,3536,3633,1,98
1299,37,48,3538,3539,3636,1,98
1235,39,48,3364,3365,3639,1,275
1304,42,48,3552,3554,3642,2,90
1305,43,48,3555,3557,3645,2,90
1241,45,48,3380,3381,3648,1,268
1310,48,48,3568,3569,3651,1,83
1311,49,48,3571,3572,3654,1,83
1247,51,48,3396,3398,3657,2,261
1316,54,48,3585,3587,3660,2,75
1317,55,48,3587,3588,3663,1,76
1253,57,48,3413,3415,3666,2,253
1322,60,48,3601,3602,3669,1,68
1323,61,48,3604,3605,3672,1,68
1259,63,48,3429,3431,3675,2,246
1327,65,48,3615,3617,3678,2,63
1329,1,48,3620,3621,3681,1,61
1200,4,48,3268,3269,3684,1,416
1334,6,48,3634,3635,3687,1,53
1335,7,48,3636,3638,3690,2,54
1205,9,48,3282,3284,3693,2,411
1340,12,48,3650,3651,3696,1,46
1341,13,48,3653,3655,3699,2,46
1211,15,48,3298,3299,3702,1,404
1346,18,48,3666,3668,3705,2,39
1347,19,48,3669,3671,3708,2,39
1217,21,48,3315,3317,3711,2,396
1352,24,48,3683,3685,3714,2,31
1353,25,48,3685,3686,3717,1,32
1223,27,48,3331,3332,3720,1,389
1093,29,48,2976,2978,3723,2,747
1165,35,48,3173,3175,3726,2,553
1168,38,48,3181,3182,3729,1,548
1236,40,48,3366,3368,3732,2,366
1171,41,48,3189,3191,3735,2,546
1174,44,48,3197,3198,3738,1,541
1242,46,48,3383,3385,3741,2,358
1177,47,48,3205,3206,3744,1,539
1180,50,48,3214,3215,3747,1,533
1248,52,48,3399,3401,3750,2,351
1183,53,48,3222,3224,3753,2,531
1186,56,48,3230,3231,3756,1,526
1254,58,48,3415,3416,3759,1,344
1189,59,48,3238,3239,3762,1,524
1192,62,48,3246,3248,3765,2,519
1260,64,48,3432,3434,3768,2,336
1196,66,48,3257,3258,3771,1,514
1359,31,48,3702,3704,3774,2,72
1295,33,48,3527,3528,3777,1,250
1072,8,48,2919,2921,3780,2,861
1206,10,48,3285,3287,3783,2,498
1075,11,48,2927,2928,3786,1,859
1078,14,48,2935,2936,3789,1,854
1212,16,48,3301,3302,3792,1,491
1081,17,48,2944,2945,3795,1,851
1084,20,48,2952,2954,3798,2,846
1218,22,48,3317,3318,3801,1,484
1087,23,48,2960,2961,3804,1,844
1090,26,48,2968,2969,3807,1,839
1224,28,48,3334,3335,3810,1,476
1358,30,48,3699,3701,3813,2,114
1395,1,48,3800,3801,3816,1,16
1265,3,48,3445,3446,3819,1,374
1135,5,48,3091,3092,3822,1,731
1228,32,48,3345,3347,3825,2,480
1296,34,48,3530,3531,3828,1,298
1364,36,48,3715,3716,3831,1,116
1365,37,48,3718,3719,3834,1,116
1301,39,48,3544,3545,3837,1,293
1370,42,48,3732,3734,3840,2,108
1371,43,48,3735,3737,3843,2,108
1307,45,48,3560,3561,3846,1,286
1376,48,48,3748,3749,3849,1,101
1377,49,48,3751,3752,3852,1,101
1313,51,48,3576,3578,3855,2,279
1382,54,48,3765,3767,3858,2,93
1383,55,48,3767,3768,3861,1,94
1319,57,48,3593,3595,3864,2,271
1388,60,48,3781,3782,3867,1,86
1389,61,48,3784,3785,3870,1,86
1325,63,48,3609,3611,3873,2,264
1393,65,48,3795,3797,3876,2,81
1132,2,48,3083,3085,3879,2,796
1266,4,48,3448,3449,3882,1,434
1400,6,48,3814,3815,3885,1,71
1401,7,48,3816,3818,3888,2,72
1271,9,48,3462,3464,3891,2,429
1406,12,48,3830,3831,3894,1,64
1407,13,48,3833,3835,3897,2,64
1277,15,48,3478,3479,3900,1,422
1412,18,48,3846,3848,3903,2,57
1413,19,48,3849,3851,3906,2,57
1283,21,48,3495,3497,3909,2,414
1418,24,48,3863,3865,3912,2,49
1419,25,48,3865,3866,3915,1,50
1289,27,48,3511,3512,3918,1,407
1424,30,48,3879,3881,3921,2,42
1430,36,48,3895,3896,3924,1,29
1431,37,48,3898,3899,3927,1,29
1302,40,48,3546,3548,3930,2,384
1237,41,48,3369,3371,3933,2,564
1437,43,48,3915,3917,3936,2,21
1308,46,48,3563,3565,3939,2,376
1243,47,48,3385,3386,3942,1,557
1443,49,48,3931,3932,3945,1,14
1314,52,48,3579,3581,3948,2,369
1249,53,48,3402,3404,3951,2,549
1252,56,48,3410,3411,3954,1,544
1320,58,48,3595,3596,3957,1,362
1255,59,48,3418,3419,3960,1,542
1258,62,48,3426,3428,3963,2,537
1326,64,48,3612,3614,3966,2,354
1262,66,48,3437,3438,3969,1,532
1425,31,48,3882,3884,3972,2,90
1361,33,48,3707,3708,3975,1,268
1138,8,48,3099,3101,3978,2,879
1272,10,48,3465,3467,3981,2,516
1141,11,48,3107,3108,3984,1,877
1144,14,48,3115,3116,3987,1,872
1278,16,48,3481,3482,3990,1,509
1147,17,48,3124,3125,3993,1,869
1150,20,48,3132,3134,3996,2,864
1284,22,48,3497,3498,3999,1,502
1153,23,48,3140,3141,4002,1,862
1156,26,48,3148,3149,4005,1,857
1290,28,48,3514,3515,4008,1,494
1159,29,48,3156,3158,4011,2,855
1461,1,48,3980,3981,4014,1,34
1331,3,48,3625,3626,4017,1,392
1201,5,48,3271,3272,4020,1,749
1294,32,48,3525,3527,4023,2,498
1362,34,48,3710,3711,4026,1,316
1231,35,48,3353,3355,4029,2,676
1234,38,48,3361,3362,4032,1,671
1367,39,48,3724,3725,4035,1,311
1436,42,48,3912,3914,4038,2,126
1240,44,48,3377,3378,4041,1,664
1373,45,48,3740,3741,4044,1,304
1442,48,48,3928,3929,4047,1,119
1246,50,48,3394,3395,4050,1,656
1379,51,48,3756,3758,4053,2,297
1448,54,48,3945,3947,4056,2,111
1449,55,48,3947,3948,4059,1,112
1385,57,48,3773,3775,4062,2,289
1454,60,48,3961,3962,4065,1,104
1455,61,48,3964,3965,4068,1,104
1391,63,48,3789,3791,4071,2,282
1459,65,48,3975,3977,4074,2,99
1198,2,48,3263,3265,4077,2,814
1332,4,48,3628,3629,4080,1,452
1466,6,48,3994,3995,4083,1,89
1467,7,48,3996,3998,4086,2,90
1337,9,48,3642,3644,4089,2,447
1472,12,48,4010,4011,4092,1,82
1473,13,48,4013,4015,4095,2,82
1343,15,48,3658,3659,4098,1,440
1478,18,48,4026,4028,4101,2,75
1479,19,48,4029,4031,4104,2,75
1349,21,48,3675,3677,4107,2,432
1484,24,48,4043,4045,4110,2,67
1485,25,48,4045,4046,4113,1,68
1355,27,48,3691,3692,4116,1,425
1490,30,48,4059,4061,4119,2,60
1496,36,48,4075,4076,4122,1,47
1497,37,48,4078,4079,4125,1,47
1368,40,48,3726,3728,4128,2,402
1502,42,48,4092,4094,4131,2,39
1503,43,48,4095,4097,4134,2,39
1374,46,48,3743,3745,4137,2,394
1508,48,48,4108,4109,4140,1,32
1509,49,48,4111,4112,4143,1,32
1380,52,48,3759,3761,4146,2,387
1315,53,48,3582,3584,4149,2,567
1515,55,48,4127,4128,4152,1,25
1386,58,48,3775,3776,4155,1,380
1321,59,48,3598,3599,4158,1,560
1521,61,48,4144,4145,4161,1,17
1392,64,48,3792,3794,4164,2,372
1328,66,48,3617,3618,4167,1,550
1491,31,48,4062,4064,4170,2,108
1427,33,48,3887,3888,4173,1,286
1204,8,48,3279,3281,4176,2,897
1338,10,48,3645,3647,4179,2,534
1207,11,48,3287,3288,4182,1,895
1210,14,48,3295,3296,4185,1,890
1344,16,48,3661,3662,4188,1,527
1213,17,48,3304,3305,4191,1,887
1216,20,48,3312,3314,4194,2,882
1350,22,48,3677,3678,4197,1,520
1219,23,48,3320,3321,4200,1,880
1222,26,48,3328,3329,4203,1,875
1356,28,48,3694,3695,4206,1,512
1225,29,48,3336,3338,4209,2,873
1527,1,48,4160,4161,4212,1,52
1397,3,48,3805,3806,4215,1,410
1532,6,48,4174,4175,4218,1,44
1360,32,48,3705,3707,4221,2,516
1428,34,48,3890,3891,4224,1,334
1297,35,48,3533,3535,4227,2,694
1300,38,48,3541,3542,4230,1,689
1433,39,48,3904,3905,4233,1,329
1303,41,48,3549,3551,4236,2,687
1306,44,48,3557,3558,4239,1,682
1439,45,48,3920,3921,4242,1,322
1309,47,48,3565,3566,4245,1,680
1312,50,48,3574,3575,4248,1,674
1445,51,48,3936,3938,4251,2,315
1514,54,48,4125,4127,4254,2,129
1318,56,48,3590,3591,4257,1,667
1451,57,48,3953,3955,4260,2,307
1520,60,48,4141,4142,4263,1,122
1324,62,48,3606,3608,4266,2,660
1457,63,48,3969,3971,4269,2,300
1525,65,48,4155,4157,4272,2,117
1264,2,48,3443,3445,4275,2,832
1398,4,48,3808,3809,4278,1,470
1267,5,48,3451,3452,4281,1,830
1533,7,48,4176,4178,4284,2,108
1403,9,48,3822,3824,4287,2,465
1538,12,48,4190,4191,4290,1,100
1539,13,48,4193,4195,4293,2,100
1409,15,48,3838,3839,4296,1,458
1544,18,48,4206,4208,4299,2,93
1545,19,48,4209,4211,4302,2,93
1415,21,48,3855,3857,4305,2,450
1550,24,48,4223,4225,4308,2,85
1551,25,48,4225,4226,4311,1,86
1421,27,48,3871,3872,4314,1,443
1556,30,48,4239,4241,4317,2,78
1562,36,48,4255,4256,4320,1,65
1563,37,48,4258,4259,4323,1,65
1434,40,48,3906,3908,4326,2,420
1568,42,48,4272,4274,4329,2,57
1569,43,48,4275,4277,4332,2,57
1440,46,48,3923,3925,4335,2,412
1574,48,48,4288,4289,4338,1,50
1575,49,48,4291,4292,4341,1,50
1446,52,48,3939,3941,4344,2,405
1580,54,48,4305,4307,4347,2,42
1581,55,48,4307,4308,4350,1,43
1452,58,48,3955,3956,4353,1,398
1586,60,48,4321,4322,4356,1,35
1587,61,48,4324,4325,4359,1,35
1458,64,48,3972,3974,4362,2,390
1591,65,48,4335,4337,4365,2,30
1557,31,48,4242,4244,4368,2,126
1493,33,48,4067,4068,4371,1,304
1599,7,48,4356,4358,4374,2,18
1404,10,48,3825,3827,4377,2,552
1273,11,48,3467,3468,4380,1,913
1276,14,48,3475,3476,4383,1,908
1410,16,48,3841,3842,4386,1,545
1279,17,48,3484,3485,4389,1,905
1282,20,48,3492,3494,4392,2,900
1416,22,48,3857,3858,4395,1,538
1285,23,48,3500,3501,4398,1,898
1288,26,48,3508,3509,4401,1,893
1422,28,48,3874,3875,4404,1,530
1291,29,48,3516,3518,4407,2,891
1593,1,48,4340,4341,4410,1,70
1463,3,48,3985,3986,4413,1,428
1598,6,48,4354,4355,4416,1,62
1426,32,48,3885,3887,4419,2,534
1494,34,48,4070,4071,4422,1,352
1363,35,48,3713,3715,4425,2,712
1366,38,48,3721,3722,4428,1,707
1499,39,48,4084,4085,4431,1,347
1369,41,48,3729,3731,4434,2,705
1372,44,48,3737,3738,4437,1,700
1505,45,48,4100,4101,4440,1,340
1375,47,48,3745,3746,4443,1,698
1378,50,48,3754,3755,4446,1,692
1511,51,48,4116,4118,4449,2,333
1381,53,48,3762,3764,4452,2,690
1384,56,48,3770,3771,4455,1,685
1517,57,48,4133,4135,4458,2,325
1387,59,48,3778,3779,4461,1,683
1390,62,48,3786,3788,4464,2,678
1523,63,48,4149,4151,4467,2,318
1394,66,48,3797,3798,4470,1,673
1330,2,48,3623,3625,4473,2,850
1464,4,48,3988,3989,4476,1,488
1333,5,48,3631,3632,4479,1,848
1270,8,48,3459,3461,4482,2,1023
1469,9,48,4002,4004,4485,2,483
1604,12,48,4370,4371,4488,1,118
1605,13,48,4373,4375,4491,2,118
1475,15,48,4018,4019,4494,1,476
1610,18,48,4386,4388,4497,2,111
1611,19,48,4389,4391,4500,2,111
1481,21,48,4035,4037,4503,2,468
1616,24,48,4403,4405,4506,2,103
1617,25,48,4405,4406,4509,1,104
1487,27,48,4051,4052,4512,1,461
1622,30,48,4419,4421,4515,2,96
1628,36,48,4435,4436,4518,1,83
1629,37,48,4438,4439,4521,1,83
1500,40,48,4086,4088,4524,2,438
1634,42,48,4452,4454,4527,2,75
1635,43,48,4455,4457,4530,2,75
1506,46,48,4103,4105,4533,2,430
1640,48,48,4468,4469,4536,1,68
1641,49,48,4471,4472,4539,1,68
1512,52,48,4119,4121,4542,2,423
1646,54,48,4485,4487,4545,2,60
1647,55,48,4487,4488,4548,1,61
1518,58,48,4135,4136,4551,1,416
1652,60,48,4501,4502,4554,1,53
1653,61,48,4504,4505,4557,1,53
1524,64,48,4152,4154,4560,2,408
1657,65,48,4515,4517,4563,2,48
1623,31,48,4422,4424,4566,2,144
1559,33,48,4247,4248,4569,1,322
1665,7,48,4536,4538,4572,2,36
1470,10,48,4005,4007,4575,2,570
1670,12,48,4550,4551,4578,1,28
1671,13,48,4553,4555,4581,2,28
1476,16,48,4021,4022,4584,1,563
1345,17,48,3664,3665,4587,1,923
1677,19,48,4569,4571,4590,2,21
1482,22,48,4037,4038,4593,1,556
1351,23,48,3680,3681,4596,1,916
1683,25,48,4585,4586,4599,1,14
1488,28,48,4054,4055,4602,1,548
1357,29,48,3696,3698,4605,2,909
1659,1,48,4520,4521,4608,1,88
1529,3,48,4165,4166,4611,1,446
1664,6,48,4534,4535,4614,1,80
1689,31,48,4602,4604,4617,2,15
1560,34,48,4250,4251,4620,1,370
1429,35,48,3893,3895,4623,2,730
1432,38,48,3901,3902,4626,1,725
1565,39,48,4264,4265,4629,1,365
1435,41,48,3909,3911,4632,2,723
1438,44,48,3917,3918,4635,1,718
1571,45,48,4280,4281,4638,1,358
1441,47,48,3925,3926,4641,1,716
1444,50,48,3934,3935,4644,1,710
1577,51,48,4296,4298,4647,2,351
1447,53,48,3942,3944,4650,2,708
1450,56,48,3950,3951,4653,1,703
1583,57,48,4313,4315,4656,2,343
1453,59,48,3958,3959,4659,1,701
1456,62,48,3966,3968,4662,2,696
1589,63,48,4329,4331,4665,2,336
1460,66,48,3977,3978,4668,1,691
1396,2,48,3803,3805,4671,2,868
1530,4,48,4168,4169,4674,1,506
1399,5,48,3811,3812,4677,1,866
1336,8,48,3639,3641,4680,2,1041
1535,9,48,4182,4184,4683,2,501
1339,11,48,3647,3648,4686,1,1039
1342,14,48,3655,3656,4689,1,1034
1541,15,48,4198,4199,4692,1,494
1676,18,48,4566,4568,4695,2,129
1348,20,48,3672,3674,4698,2,1026
1547,21,48,4215,4217,4701,2,486
1682,24,48,4583,4585,4704,2,121
1354,26,48,3688,3689,4707,1,1019
1553,27,48,4231,4232,4710,1,479
1688,30,48,4599,4601,4713,2,114
1694,36,48,4615,4616,4716,1,101
1695,37,48,4618,4619,4719,1,101
1566,40,48,4266,4268,4722,2,456
1700,42,48,4632,4634,4725,2,93
1701,43,48,4635,4637,4728,2,93
1572,46,48,4283,4285,4731,2,448
1706,48,48,4648,4649,4734,1,86
1707,49,48,4651,4652,4737,1,86
1578,52,48,4299,4301,4740,2,441
1712,54,48,4665,4667,4743,2,78
1713,55,48,4667,4668,4746,1,79
1584,58,48,4315,4316,4749,1,434
1718,60,48,4681,4682,4752,1,71
1719,61,48,4684,4685,4755,1,71
1590,64,48,4332,4334,4758,2,426
1723,65,48,4695,4697,4761,2,66
1492,32,48,4065,4067,4764,2,699
1625,33,48,4427,4428,4767,1,340
1731,7,48,4716,4718,4770,2,54
1536,10,48,4185,4187,4773,2,588
1736,12,48,4730,4731,4776,1,46
1737,13,48,4733,4735,4779,2,46
1542,16,48,4201,4202,4782,1,581
1742,18,48,4746,4748,4785,2,39
1743,19,48,4749,4751,4788,2,39
1548,22,48,4217,4218,4791,1,574
1748,24,48,4763,4765,4794,2,31
1749,25,48,4765,4766,4797,1,32
1554,28,48,4234,4235,4800,1,566
1423,29,48,3876,3878,4803,2,927
1725,1,48,4700,4701,4806,1,106
1595,3,48,4345,4346,4809,1,464
1730,6,48,4714,4715,4812,1,98
1755,31,48,4782,4784,4815,2,33
1626,34,48,4430,4431,4818,1,388
1495,35,48,4073,4075,4821,2,748
1761,37,48,4798,4799,4824,1,26
1631,39,48,4444,4445,4827,1,383
1501,41,48,4089,4091,4830,2,741
1767,43,48,4815,4817,4833,2,18
1637,45,48,4460,4461,4836,1,376
1507,47,48,4105,4106,4839,1,734
1510,50,48,4114,4115,4842,1,728
1643,51,48,4476,4478,4845,2,369
1513,53,48,4122,4124,4848,2,726
1516,56,48,4130,4131,4851,1,721
1649,57,48,4493,4495,4854,2,361
1519,59,48,4138,4139,4857,1,719
1522,62,48,4146,4148,4860,2,714
1655,63,48,4509,4511,4863,2,354
1526,66,48,4157,4158,4866,1,709
1462,2,48,3983,3985,4869,2,886
1596,4,48,4348,4349,4872,1,524
1465,5,48,3991,3992,4875,1,884
1402,8,48,3819,3821,4878,2,1059
1601,9,48,4362,4364,4881,2,519
1405,11,48,3827,3828,4884,1,1057
1408,14,48,3835,3836,4887,1,1052
1607,15,48,4378,4379,4890,1,512
1411,17,48,3844,3845,4893,1,1049
1414,20,48,3852,3854,4896,2,1044
1613,21,48,4395,4397,4899,2,504
1417,23,48,3860,3861,4902,1,1042
1420,26,48,3868,3869,4905,1,1037
1619,27,48,4411,4412,4908,1,497
1754,30,48,4779,4781,4911,2,132
1760,36,48,4795,4796,4914,1,119
1498,38,48,4081,4082,4917,1,836
1632,40,48,4446,4448,4920,2,474
1766,42,48,4812,4814,4923,2,111
1504,44,48,4097,4098,4926,1,829
1638,46,48,4463,4465,4929,2,466
1772,48,48,4828,4829,4932,1,104
1773,49,48,4831,4832,4935,1,104
1644,52,48,4479,4481,4938,2,459
1778,54,48,4845,4847,4941,2,96
1779,55,48,4847,4848,4944,1,97
1650,58,48,4495,4496,4947,1,452
1784,60,48,4861,4862,4950,1,89
1785,61,48,4864,4865,4953,1,89
1656,64,48,4512,4514,4956,2,444
1789,65,48,4875,4877,4959,2,84
1558,32,48,4245,4247,4962,2,717
1691,33,48,4607,4608,4965,1,358
1797,7,48,4896,4898,4968,2,72
1602,10,48,4365,4367,4971,2,606
1802,12,48,4910,4911,4974,1,64
1803,13,48,4913,4915,4977,2,64
1608,16,48,4381,4382,4980,1,599
1808,18,48,4926,4928,4983,2,57
1809,19,48,4929,4931,4986,2,57
1614,22,48,4397,4398,4989,1,592
1814,24,48,4943,4945,4992,2,49
1815,25,48,4945,4946,4995,1,50
1620,28,48,4414,4415,4998,1,584
1820,30,48,4959,4961,5001,2,42
1791,1,48,4880,4881,5004,1,124
1661,3,48,4525,4526,5007,1,482
1796,6,48,4894,4895,5010,1,116
1821,31,48,4962,4964,5013,2,51
1692,34,48,4610,4611,5016,1,406
1826,36,48,4975,4976,5019,1,44
1827,37,48,4978,4979,5022,1,44
1697,39,48,4624,4625,5025,1,401
1832,42,48,4992,4994,5028,2,36
1833,43,48,4995,4997,5031,2,36
1703,45,48,4640,4641,5034,1,394
1838,48,48,5008,5009,5037,1,29
1839,49,48,5011,5012,5040,1,29
1709,51,48,4656,4658,5043,2,387
1579,53,48,4302,4304,5046,2,744
1845,55,48,5027,5028,5049,1,22
1715,57,48,4673,4675,5052,2,379
1585,59,48,4318,4319,5055,1,737
1851,61,48,5044,5045,5058,1,14
1721,63,48,4689,4691,5061,2,372
1592,66,48,4337,4338,5064,1,727
1528,2,48,4163,4165,5067,2,904
1662,4,48,4528,4529,5070,1,542
1531,5,48,4171,4172,5073,1,902
1468,8,48,3999,4001,5076,2,1077
1667,9,48,4542,4544,5079,2,537
1471,11,48,4007,4008,5082,1,1075
1474,14,48,4015,4016,5085,1,1070
1673,15,48,4558,4559,5088,1,530
1477,17,48,4024,4025,5091,1,1067
1480,20,48,4032,4034,5094,2,1062
1679,21,48,4575,4577,5097,2,522
1483,23,48,4040,4041,5100,1,1060
1486,26,48,4048,4049,5103,1,1055
1685,27,48,4591,4592,5106,1,515
1489,29,48,4056,4058,5109,2,1053
1561,35,48,4253,4255,5112,2,859
1564,38,48,4261,4262,5115,1,854
1698,40,48,4626,4628,5118,2,492
1567,41,48,4269,4271,5121,2,852
1570,44,48,4277,4278,5124,1,847
1704,46,48,4643,4645,5127,2,484
1573,47,48,4285,4286,5130,1,845
1576,50,48,4294,4295,5133,1,839
1710,52,48,4659,4661,5136,2,477
1844,54,48,5025,5027,5139,2,114
1582,56,48,4310,4311,5142,1,832
1716,58,48,4675,4676,5145,1,470
1850,60,48,5041,5042,5148,1,107
1588,62,48,4326,4328,5151,2,825
1722,64,48,4692,4694,5154,2,462
1855,65,48,5055,5057,5157,2,102
1887,31,48,5142,5144,5160,2,18
1757,33,48,4787,4788,5163,1,376
1863,7,48,5076,5078,5166,2,90
1668,10,48,4545,4547,5169,2,624
1868,12,48,5090,5091,5172,1,82
1869,13,48,5093,5095,5175,2,82
1674,16,48,4561,4562,5178,1,617
1874,18,48,5106,5108,5181,2,75
1875,19,48,5109,5111,5184,2,75
1680,22,48,4577,4578,5187,1,610
1880,24,48,5123,5125,5190,2,67
1881,25,48,5125,5126,5193,1,68
1686,28,48,4594,4595,5196,1,602
1886,30,48,5139,5141,5199,2,60
1857,1,48,5060,5061,5202,1,142
1727,3,48,4705,4706,5205,1,500
1862,6,48,5074,5075,5208,1,134
1624,32,48,4425,4427,5211,2,786
1758,34,48,4790,4791,5214,1,424
1892,36,48,5155,5156,5217,1,62
1893,37,48,5158,5159,5220,1,62
1763,39,48,4804,4805,5223,1,419
1898,42,48,5172,5174,5226,2,54
1899,43,48,5175,5177,5229,2,54
1769,45,48,4820,4821,5232,1,412
1904,48,48,5188,5189,5235,1,47
1905,49,48,5191,5192,5238,1,47
1775,51,48,4836,4838,5241,2,405
1910,54,48,5205,5207,5244,2,39
1911,55,48,5207,5208,5247,1,40
1781,57,48,4853,4855,5250,2,397
1916,60,48,5221,5222,5253,1,32
1917,61,48,5224,5225,5256,1,32
1787,63,48,4869,4871,5259,2,390
1921,65,48,5235,5237,5262,2,27
1923,1,48,5240,5241,5265,1,25
1728,4,48,4708,4709,5268,1,560
1597,5,48,4351,4352,5271,1,920
1929,7,48,5256,5258,5274,2,18
1733,9,48,4722,4724,5277,2,555
1537,11,48,4187,4188,5280,1,1093
1540,14,48,4195,4196,5283,1,1088
1739,15,48,4738,4739,5286,1,548
1543,17,48,4204,4205,5289,1,1085
1546,20,48,4212,4214,5292,2,1080
1745,21,48,4755,4757,5295,2,540
1549,23,48,4220,4221,5298,1,1078
1552,26,48,4228,4229,5301,1,1073
1751,27,48,4771,4772,5304,1,533
1555,29,48,4236,4238,5307,2,1071
1627,35,48,4433,4435,5310,2,877
1630,38,48,4441,4442,5313,1,872
1764,40,48,4806,4808,5316,2,510
1633,41,48,4449,4451,5319,2,870
1636,44,48,4457,4458,5322,1,865
1770,46,48,4823,4825,5325,2,502
1639,47,48,4465,4466,5328,1,863
1642,50,48,4474,4475,5331,1,857
1776,52,48,4839,4841,5334,2,495
1645,53,48,4482,4484,5337,2,855
1648,56,48,4490,4491,5340,1,850
1782,58,48,4855,4856,5343,1,488
1651,59,48,4498,4499,5346,1,848
1654,62,48,4506,4508,5349,2,843
1788,64,48,4872,4874,5352,2,480
1658,66,48,4517,4518,5355,1,838
1953,31,48,5322,5324,5358,2,36
1823,33,48,4967,4968,5361,1,394
1534,8,48,4179,4181,5364,2,1185
1734,10,48,4725,4727,5367,2,642
1934,12,48,5270,5271,5370,1,100
1935,13,48,5273,5275,5373,2,100
1740,16,48,4741,4742,5376,1,635
1940,18,48,5286,5288,5379,2,93
1941,19,48,5289,5291,5382,2,93
1746,22,48,4757,4758,5385,1,628
1946,24,48,5303,5305,5388,2,85
1947,25,48,5305,5306,5391,1,86
1752,28,48,4774,4775,5394,1,620
1952,30,48,5319,5321,5397,2,78
1594,2,48,4343,4345,5400,2,1057
1793,3,48,4885,4886,5403,1,518
1928,6,48,5254,5255,5406,1,152
1690,32,48,4605,4607,5409,2,804
1824,34,48,4970,4971,5412,1,442
1958,36,48,5335,5336,5415,1,80
1959,37,48,5338,5339,5418,1,80
1829,39,48,4984,4985,5421,1,437
1964,42,48,5352,5354,5424,2,72
1965,43,48,5355,5357,5427,2,72
1835,45,48,5000,5001,5430,1,430
1970,48,48,5368,5369,5433,1,65
1971,49,48,5371,5372,5436,1,65
1841,51,48,5016,5018,5439,2,423
1976,54,48,5385,5387,5442,2,57
1977,55,48,5387,5388,5445,1,58
1847,57,48,5033,5035,5448,2,415
1982,60,48,5401,5402,5451,1,50
1983,61,48,5404,5405,5454,1,50
1853,63,48,5049,5051,5457,2,408
1987,65,48,5415,5417,5460,2,45
1989,1,48,5420,5421,5463,1,43
1794,4,48,4888,4889,5466,1,578
1994,6,48,5434,5435,5469,1,35
1995,7,48,5436,5438,5472,2,36
1799,9,48,4902,4904,5475,2,573
2000,12,48,5450,5451,5478,1,28
2001,13,48,5453,5455,5481,2,28
1805,15,48,4918,4919,5484,1,566
1609,17,48,4384,4385,5487,1,1103
2007,19,48,5469,5471,5490,2,21
1811,21,48,4935,4937,5493,2,558
1615,23,48,4400,4401,5496,1,1096
2013,25,48,5485,5486,5499,1,14
1817,27,48,4951,4952,5502,1,551
1621,29,48,4416,4418,5505,2,1089
1693,35,48,4613,4615,5508,2,895
1696,38,48,4621,4622,5511,1,890
1830,40,48,4986,4988,5514,2,528
1699,41,48,4629,4631,5517,2,888
1702,44,48,4637,4638,5520,1,883
1836,46,48,5003,5005,5523,2,520
1705,47,48,4645,4646,5526,1,881
1708,50,48,4654,4655,5529,1,875
1842,52,48,5019,5021,5532,2,513
1711,53,48,4662,4664,5535,2,873
1714,56,48,4670,4671,5538,1,868
1848,58,48,5035,5036,5541,1,506
1717,59,48,4678,4679,5544,1,866
1720,62,48,4686,4688,5547,2,861
1854,64,48,5052,5054,5550,2,498
1724,66,48,4697,4698,5553,1,856
2019,31,48,5502,5504,5556,2,54
1889,33,48,5147,5148,5559,1,412
1600,8,48,4359,4361,5562,2,1203
1800,10,48,4905,4907,5565,2,660
1603,11,48,4367,4368,5568,1,1201
1606,14,48,4375,4376,5571,1,1196
1806,16,48,4921,4922,5574,1,653
2006,18,48,5466,5468,5577,2,111
1612,20,48,4392,4394,5580,2,1188
1812,22,48,4937,4938,5583,1,646
2012,24,48,5483,5485,5586,2,103
1618,26,48,4408,4409,5589,1,1181
1818,28,48,4954,4955,5592,1,638
2018,30,48,5499,5501,5595,2,96
1660,2,48,4523,4525,5598,2,1075
1859,3,48,5065,5066,5601,1,536
1663,5,48,4531,4532,5604,1,1073
1756,32,48,4785,4787,5607,2,822
1890,34,48,5150,5151,5610,1,460
2024,36,48,5515,5516,5613,1,98
2025,37,48,5518,5519,5616,1,98
1895,39,48,5164,5165,5619,1,455
2030,42,48,5532,5534,5622,2,90
2031,43,48,5535,5537,5625,2,90
1901,45,48,5180,5181,5628,1,448
2036,48,48,5548,5549,5631,1,83
2037,49,48,5551,5552,5634,1,83
1907,51,48,5196,5198,5637,2,441
2042,54,48,5565,5567,5640,2,75
2043,55,48,5567,5568,5643,1,76
1913,57,48,5213,5215,5646,2,433
2048,60,48,5581,5582,5649,1,68
2049,61,48,5584,5585,5652,1,68
1919,63,48,5229,5231,5655,2,426
2053,65,48,5595,5597,5658,2,63
2055,1,48,5600,5601,5661,1,61
1860,4,48,5068,5069,5664,1,596
2060,6,48,5614,5615,5667,1,53
2061,7,48,5616,5618,5670,2,54
1865,9,48,5082,5084,5673,2,591
2066,12,48,5630,5631,5676,1,46
2067,13,48,5633,5635,5679,2,46
1871,15,48,5098,5099,5682,1,584
2072,18,48,5646,5648,5685,2,39
2073,19,48,5649,5651,5688,2,39
1877,21,48,5115,5117,5691,2,576
2078,24,48,5663,5665,5694,2,31
2079,25,48,5665,5666,5697,1,32
1883,27,48,5131,5132,5700,1,569
1687,29,48,4596,4598,5703,2,1107
1759,35,48,4793,4795,5706,2,913
1762,38,48,4801,4802,5709,1,908
1896,40,48,5166,5168,5712,2,546
1765,41,48,4809,4811,5715,2,906
1768,44,48,4817,4818,5718,1,901
1902,46,48,5183,5185,5721,2,538
1771,47,48,4825,4826,5724,1,899
1774,50,48,4834,4835,5727,1,893
1908,52,48,5199,5201,5730,2,531
1777,53,48,4842,4844,5733,2,891
1780,56,48,4850,4851,5736,1,886
1914,58,48,5215,5216,5739,1,524
1783,59,48,4858,4859,5742,1,884
1786,62,48,4866,4868,5745,2,879
1920,64,48,5232,5234,5748,2,516
1790,66,48,4877,4878,5751,1,874
2085,31,48,5682,5684,5754,2,72
1955,33,48,5327,5328,5757,1,430
1666,8,48,4539,4541,5760,2,1221
1866,10,48,5085,5087,5763,2,678
1669,11,48,4547,4548,5766,1,1219
1672,14,48,4555,4556,5769,1,1214
1872,16,48,5101,5102,5772,1,671
1675,17,48,4564,4565,5775,1,1211
1678,20,48,4572,4574,5778,2,1206
1878,22,48,5117,5118,5781,1,664
1681,23,48,4580,4581,5784,1,1204
1684,26,48,4588,4589,5787,1,1199
1884,28,48,5134,5135,5790,1,656
2084,30,48,5679,5681,5793,2,114
2121,1,48,5780,5781,5796,1,16
1925,3,48,5245,5246,5799,1,554
1729,5,48,4711,4712,5802,1,1091
1822,32,48,4965,4967,5805,2,840
1956,34,48,5330,5331,5808,1,478
2090,36,48,5695,5696,5811,1,116
2091,37,48,5698,5699,5814,1,116
1961,39,48,5344,5345,5817,1,473
2096,42,48,5712,5714,5820,2,108
2097,43,48,5715,5717,5823,2,108
1967,45,48,5360,5361,5826,1,466
2102,48,48,5728,5729,5829,1,101
2103,49,48,5731,5732,5832,1,101
1973,51,48,5376,5378,5835,2,459
2108,54,48,5745,5747,5838,2,93
2109,55,48,5747,5748,5841,1,94
1979,57,48,5393,5395,5844,2,451
2114,60,48,5761,5762,5847,1,86
2115,61,48,5764,5765,5850,1,86
1985,63,48,5409,5411,5853,2,444
2119,65,48,5775,5777,5856,2,81
1726,2,48,4703,4705,5859,2,1156
1926,4,48,5248,5249,5862,1,614
2126,6,48,5794,5795,5865,1,71
2127,7,48,5796,5798,5868,2,72
1931,9,48,5262,5264,5871,2,609
2132,12,48,5810,5811,5874,1,64
2133,13,48,5813,5815,5877,2,64
1937,15,48,5278,5279,5880,1,602
2138,18,48,5826,5828,5883,2,57
2139,19,48,5829,5831,5886,2,57
1943,21,48,5295,5297,5889,2,594
2144,24,48,5843,5845,5892,2,49
2145,25,48,5845,5846,5895,1,50
1949,27,48,5311,5312,5898,1,587
2150,30,48,5859,5861,5901,2,42
2156,36,48,5875,5876,5904,1,29
2157,37,48,5878,5879,5907,1,29
1962,40,48,5346,5348,5910,2,564
1831,41,48,4989,4991,5913,2,924
2163,43,48,5895,5897,5916,2,21
1968,46,48,5363,5365,5919,2,556
1837,47,48,5005,5006,5922,1,917
2169,49,48,5911,5912,5925,1,14
1974,52,48,5379,5381,5928,2,549
1843,53,48,5022,5024,5931,2,909
1846,56,48,5030,5031,5934,1,904
1980,58,48,5395,5396,5937,1,542
1849,59,48,5038,5039,5940,1,902
1852,62,48,5046,5048,5943,2,897
1986,64,48,5412,5414,5946,2,534
1856,66,48,5057,5058,5949,1,892
2151,31,48,5862,5864,5952,2,90
2021,33,48,5507,5508,5955,1,448
1732,8,48,4719,4721,5958,2,1239
1932,10,48,5265,5267,5961,2,696
1735,11,48,4727,4728,5964,1,1237
1738,14,48,4735,4736,5967,1,1232
1938,16,48,5281,5282,5970,1,689
1741,17,48,4744,4745,5973,1,1229
1744,20,48,4752,4754,5976,2,1224
1944,22,48,5297,5298,5979,1,682
1747,23,48,4760,4761,5982,1,1222
1750,26,48,4768,4769,5985,1,1217
1950,28,48,5314,5315,5988,1,674
1753,29,48,4776,4778,5991,2,1215
2187,1,48,5960,5961,5994,1,34
1991,3,48,5425,5426,5997,1,572
1795,5,48,4891,4892,6000,1,1109
1888,32,48,5145,5147,6003,2,858
2022,34,48,5510,5511,6006,1,496
1825,35,48,4973,4975,6009,2,1036
1828,38,48,4981,4982,6012,1,1031
2027,39,48,5524,5525,6015,1,491
2162,42,48,5892,5894,6018,2,126
1834,44,48,4997,4998,6021,1,1024
2033,45,48,5540,5541,6024,1,484
2168,48,48,5908,5909,6027,1,119
1840,50,48,5014,5015,6030,1,1016
2039,51,48,5556,5558,6033,2,477
2174,54,48,5925,5927,6036,2,111
2175,55,48,5927,5928,6039,1,112
2045,57,48,5573,5575,6042,2,469
2180,60,48,5941,5942,6045,1,104
2181,61,48,5944,5945,6048,1,104
2051,63,48,5589,5591,6051,2,462
2185,65,48,5955,5957,6054,2,99
1792,2,48,4883,4885,6057,2,1174
1992,4,48,5428,5429,6060,1,632
2192,6,48,5974,5975,6063,1,89
2193,7,48,5976,5978,6066,2,90
1997,9,48,5442,5444,6069,2,627
2198,12,48,5990,5991,6072,1,82
2199,13,48,5993,5995,6075,2,82
2003,15,48,5458,5459,6078,1,620
2204,18,48,6006,6008,6081,2,75
2205,19,48,6009,6011,6084,2,75
2009,21,48,5475,5477,6087,2,612
2210,24,48,6023,6025,6090,2,67
2211,25,48,6025,6026,6093,1,68
2015,27,48,5491,5492,6096,1,605
2216,30,48,6039,6041,6099,2,60
2222,36,48,6055,6056,6102,1,47
2223,37,48,6058,6059,6105,1,47
2028,40,48,5526,5528,6108,2,582
2228,42,48,6072,6074,6111,2,39
2229,43,48,6075,6077,6114,2,39
2034,46,48,5543,5545,6117,2,574
2234,48,48,6088,6089,6120,1,32
2235,49,48,6091,6092,6123,1,32
2040,52,48,5559,5561,6126,2,567
1909,53,48,5202,5204,6129,2,927
2241,55,48,6107,6108,6132,1,25
2046,58,48,5575,5576,6135,1,560
1915,59,48,5218,5219,6138,1,920
2247,61,48,6124,6125,6141,1,17
2052,64,48,5592,5594,6144,2,552
1922,66,48,5237,5238,6147,1,910
2217,31,48,6042,6044,6150,2,108
2087,33,48,5687,5688,6153,1,466
1798,8,48,4899,4901,6156,2,1257
1998,10,48,5445,5447,6159,2,714
1801,11,48,4907,4908,6162,1,1255
1804,14,48,4915,4916,6165,1,1250
2004,16,48,5461,5462,6168,1,707
1807,17,48,4924,4925,6171,1,1247
1810,20,48,4932,4934,6174,2,1242
2010,22,48,5477,5478,6177,1,700
1813,23,48,4940,4941,6180,1,1240
1816,26,48,4948,4949,6183,1,1235
2016,28,48,5494,5495,6186,1,692
1819,29,48,4956,4958,6189,2,1233
2253,1,48,6140,6141,6192,1,52
2057,3,48,5605,5606,6195,1,590
2258,6,48,6154,6155,6198,1,44
1954,32,48,5325,5327,6201,2,876
2088,34,48,5690,5691,6204,1,514
1891,35,48,5153,5155,6207,2,1054
1894,38,48,5161,5162,6210,1,1049
2093,39,48,5704,5705,6213,1,509
1897,41,48,5169,5171,6216,2,1047
1900,44,48,5177,5178,6219,1,1042
2099,45,48,5720,5721,6222,1,502
1903,47,48,5185,5186,6225,1,1040
1906,50,48,5194,5195,6228,1,1034
2105,51,48,5736,5738,6231,2,495
2240,54,48,6105,6107,6234,2,129
1912,56,48,5210,5211,6237,1,1027
2111,57,48,5753,5755,6240,2,487
2246,60,48,6121,6122,6243,1,122
1918,62,48,5226,5228,6246,2,1020
2117,63,48,5769,5771,6249,2,480
2251,65,48,6135,6137,6252,2,117
1858,2,48,5063,5065,6255,2,1192
2058,4,48,5608,5609,6258,1,650
1861,5,48,5071,5072,6261,1,1190
2259,7,48,6156,6158,6264,2,108
2063,9,48,5622,5624,6267,2,645
2264,12,48,6170,6171,6270,1,100
2265,13,48,6173,6175,6273,2,100
2069,15,48,5638,5639,6276,1,638
2270,18,48,6186,6188,6279,2,93
2271,19,48,6189,6191,6282,2,93
2075,21,48,5655,5657,6285,2,630
2276,24,48,6203,6205,6288,2,85
2277,25,48,6205,6206,6291,1,86
2081,27,48,5671,5672,6294,1,623
2282,30,48,6219,6221,6297,2,78
2288,36,48,6235,6236,6300,1,65
2289,37,48,6238,6239,6303,1,65
2094,40,48,5706,5708,6306,2,600
2294,42,48,6252,6254,6309,2,57
2295,43,48,6255,6257,6312,2,57
2100,46,48,5723,5725,6315,2,592
2300,48,48,6268,6269,6318,1,50
2301,49,48,6271,6272,6321,1,50
2106,52,48,5739,5741,6324,2,585
2306,54,48,6285,6287,6327,2,42
2307,55,48,6287,6288,6330,1,43
2112,58,48,5755,5756,6333,1,578
2312,60,48,6301,6302,6336,1,35
2313,61,48,6304,6305,6339,1,35
2118,64,48,5772,5774,6342,2,570
2317,65,48,6315,6317,6345,2,30
2283,31,48,6222,6224,6348,2,126
2153,33,48,5867,5868,6351,1,484
2325,7,48,6336,6338,6354,2,18
2064,10,48,5625,5627,6357,2,732
1867,11,48,5087,5088,6360,1,1273
1870,14,48,5095,5096,6363,1,1268
2070,16,48,5641,5642,6366,1,725
1873,17,48,5104,5105,6369,1,1265
1876,20,48,5112,5114,6372,2,1260
2076,22,48,5657,5658,6375,1,718
1879,23,48,5120,5121,6378,1,1258
1882,26,48,5128,5129,6381,1,1253
2082,28,48,5674,5675,6384,1,710
1885,29,48,5136,5138,6387,2,1251
2319,1,48,6320,6321,6390,1,70
2123,3,48,5785,5786,6393,1,608
2324,6,48,6334,6335,6396,1,62
2020,32,48,5505,5507,6399,2,894
2154,34,48,5870,5871,6402,1,532
1957,35,48,5333,5335,6405,2,1072
1960,38,48,5341,5342,6408,1,1067
2159,39,48,5884,5885,6411,1,527
1963,41,48,5349,5351,6414,2,1065
1966,44,48,5357,5358,6417,1,1060
2165,45,48,5900,5901,6420,1,520
1969,47,48,5365,5366,6423,1,1058
1972,50,48,5374,5375,6426,1,1052
2171,51,48,5916,5918,6429,2,513
1975,53,48,5382,5384,6432,2,1050
1978,56,48,5390,5391,6435,1,1045
2177,57,48,5933,5935,6438,2,505
1981,59,48,5398,5399,6441,1,1043
1984,62,48,5406,5408,6444,2,1038
2183,63,48,5949,5951,6447,2,498
1988,66,48,5417,5418,6450,1,1033
1924,2,48,5243,5245,6453,2,1210
2124,4,48,5788,5789,6456,1,668
1927,5,48,5251,5252,6459,1,1208
1864,8,48,5079,5081,6462,2,1383
2129,9,48,5802,5804,6465,2,663
2330,12,48,6350,6351,6468,1,118
2331,13,48,6353,6355,6471,2,118
2135,15,48,5818,5819,6474,1,656
2336,18,48,6366,6368,6477,2,111
2337,19,48,6369,6371,6480,2,111
2141,21,48,5835,5837,6483,2,648
2342,24,48,6383,6385,6486,2,103
2343,25,48,6385,6386,6489,1,104
2147,27,48,5851,5852,6492,1,641
2348,30,48,6399,6401,6495,2,96
2354,36,48,6415,6416,6498,1,83
2355,37,48,6418,6419,6501,1,83
2160,40,48,5886,5888,6504,2,618
2360,42,48,6432,6434,6507,2,75
2361,43,48,6435,6437,6510,2,75
2166,46,48,5903,5905,6513,2,610
2366,48,48,6448,6449,6516,1,68
2367,49,48,6451,6452,6519,1,68
2172,52,48,5919,5921,6522,2,603
2372,54,48,6465,6467,6525,2,60
2373,55,48,6467,6468,6528,1,61
2178,58,48,5935,5936,6531,1,596
2378,60,48,6481,6482,6534,1,53
2379,61,48,6484,6485,6537,1,53
2184,64,48,5952,5954,6540,2,588
2383,65,48,6495,6497,6543,2,48
2349,31,48,6402,6404,6546,2,144
2219,33,48,6047,6048,6549,1,502
2391,7,48,6516,6518,6552,2,36
2130,10,48,5805,5807,6555,2,750
2396,12,48,6530,6531,6558,1,28
2397,13,48,6533,6535,6561,2,28
2136,16,48,5821,5822,6564,1,743
1939,17,48,5284,5285,6567,1,1283
2403,19,48,6549,6551,6570,2,21
2142,22,48,5837,5838,6573,1,736
1945,23,48,5300,5301,6576,1,1276
2409,25,48,6565,6566,6579,1,14
2148,28,48,5854,5855,6582,1,728
1951,29,48,5316,5318,6585,2,1269
2385,1,48,6500,6501,6588,1,88
2189,3,48,5965,5966,6591,1,626
2390,6,48,6514,6515,6594,1,80
2415,31,48,6582,6584,6597,2,15
2220,34,48,6050,6051,6600,1,550
2023,35,48,5513,5515,6603,2,1090
2026,38,48,5521,5522,6606,1,1085
2225,39,48,6064,6065,6609,1,545
2029,41,48,5529,5531,6612,2,1083
2032,44,48,5537,5538,6615,1,1078
2231,45,48,6080,6081,6618,1,538
2035,47,48,5545,5546,6621,1,1076
2038,50,48,5554,5555,6624,1,1070
2237,51,48,6096,6098,6627,2,531
2041,53,48,5562,5564,6630,2,1068
2044,56,48,5570,5571,6633,1,1063
2243,57,48,6113,6115,6636,2,523
2047,59,48,5578,5579,6639,1,1061
2050,62,48,5586,5588,6642,2,1056
2249,63,48,6129,6131,6645,2,516
2054,66,48,5597,5598,6648,1,1051
1990,2,48,5423,5425,6651,2,1228
2190,4,48,5968,5969,6654,1,686
1993,5,48,5431,5432,6657,1,1226
1930,8,48,5259,5261,6660,2,1401
2195,9,48,5982,5984,6663,2,681
1933,11,48,5267,5268,6666,1,1399
1936,14,48,5275,5276,6669,1,1394
2201,15,48,5998,5999,6672,1,674
2402,18,48,6546,6548,6675,2,129
1942,20,48,5292,5294,6678,2,1386
2207,21,48,6015,6017,6681,2,666
2408,24,48,6563,6565,6684,2,121
1948,26,48,5308,5309,6687,1,1379
2213,27,48,6031,6032,6690,1,659
2414,30,48,6579,6581,6693,2,114
2420,36,48,6595,6596,6696,1,101
2421,37,48,6598,6599,6699,1,101
2226,40,48,6066,6068,6702,2,636
2426,42,48,6612,6614,6705,2,93
2427,43,48,6615,6617,6708,2,93
2232,46,48,6083,6085,6711,2,628
2432,48,48,6628,6629,6714,1,86
2433,49,48,6631,6632,6717,1,86
2238,52,48,6099,6101,6720,2,621
2438,54,48,6645,6647,6723,2,78
2439,55,48,6647,6648,6726,1,79
2244,58,48,6115,6116,6729,1,614
2444,60,48,6661,6662,6732,1,71
2445,61,48,6664,6665,6735,1,71
2250,64,48,6132,6134,6738,2,606
2449,65,48,6675,6677,6741,2,66
2086,32,48,5685,5687,6744,2,1059
2285,33,48,6227,6228,6747,1,520
2457,7,48,6696,6698,6750,2,54
2196,10,48,5985,5987,6753,2,768
2462,12,48,6710,6711,6756,1,46
2463,13,48,6713,6715,6759,2,46
2202,16,48,6001,6002,6762,1,761
2468,18,48,6726,6728,6765,2,39
2469,19,48,6729,6731,6768,2,39
2208,22,48,6017,6018,6771,1,754
2474,24,48,6743,6745,6774,2,31
2475,25,48,6745,6746,6777,1,32
2214,28,48,6034,6035,6780,1,746
2017,29,48,5496,5498,6783,2,1287
2451,1,48,6680,6681,6786,1,106
2255,3,48,6145,6146,6789,1,644
2456,6,48,6694,6695,6792,1,98
2481,31,48,6762,6764,6795,2,33
2286,34,48,6230,6231,6798,1,568
2089,35,48,5693,5695,6801,2,1108
2487,37,48,6778,6779,6804,1,26
2291,39,48,6244,6245,6807,1,563
2095,41,48,5709,5711,6810,2,1101
2493,43,48,6795,6797,6813,2,18
2297,45,48,6260,6261,6816,1,556
2101,47,48,5725,5726,6819,1,1094
2104,50,48,5734,5735,6822,1,1088
2303,51,48,6276,6278,6825,2,549
2107,53,48,5742,5744,6828,2,1086
2110,56,48,5750,5751,6831,1,1081
2309,57,48,6293,6295,6834,2,541
2113,59,48,5758,5759,6837,1,1079
2116,62,48,5766,5768,6840,2,1074
2315,63,48,6309,6311,6843,2,534
2120,66,48,5777,5778,6846,1,1069
2056,2,48,5603,5605,6849,2,1246
2256,4,48,6148,6149,6852,1,704
2059,5,48,5611,5612,6855,1,1244
1996,8,48,5439,5441,6858,2,1419
2261,9,48,6162,6164,6861,2,699
1999,11,48,5447,5448,6864,1,1417
2002,14,48,5455,5456,6867,1,1412
2267,15,48,6178,6179,6870,1,692
2005,17,48,5464,5465,6873,1,1409
2008,20,48,5472,5474,6876,2,1404
2273,21,48,6195,6197,6879,2,684
2011,23,48,5480,5481,6882,1,1402
2014,26,48,5488,5489,6885,1,1397
2279,27,48,6211,6212,6888,1,677
2480,30,48,6759,6761,6891,2,132
2486,36,48,6775,6776,6894,1,119
2092,38,48,5701,5702,6897,1,1196
2292,40,48,6246,6248,6900,2,654
2492,42,48,6792,6794,6903,2,111
2098,44,48,5717,5718,6906,1,1189
2298,46,48,6263,6265,6909,2,646
2498,48,48,6808,6809,6912,1,104
2499,49,48,6811,6812,6915,1,104
2304,52,48,6279,6281,6918,2,639
2504,54,48,6825,6827,6921,2,96
2505,55,48,6827,6828,6924,1,97
2310,58,48,6295,6296,6927,1,632
2510,60,48,6841,6842,6930,1,89
2511,61,48,6844,6845,6933,1,89
2316,64,48,6312,6314,6936,2,624
2515,65,48,6855,6857,6939,2,84
2152,32,48,5865,5867,6942,2,1077
2351,33,48,6407,6408,6945,1,538
2523,7,48,6876,6878,6948,2,72
2262,10,48,6165,6167,6951,2,786
2528,12,48,6890,6891,6954,1,64
2529,13,48,6893,6895,6957,2,64
2268,16,48,6181,6182,6960,1,779
2534,18,48,6906,6908,6963,2,57
2535,19,48,6909,6911,6966,2,57
2274,22,48,6197,6198,6969,1,772
2540,24,48,6923,6925,6972,2,49
2541,25,48,6925,6926,6975,1,50
2280,28,48,6214,6215,6978,1,764
2546,30,48,6939,6941,6981,2,42
2517,1,48,6860,6861,6984,1,124
2321,3,48,6325,6326,6987,1,662
2522,6,48,6874,6875,6990,1,116
2547,31,48,6942,6944,6993,2,51
2352,34,48,6410,6411,6996,1,586
2552,36,48,6955,6956,6999,1,44
2553,37,48,6958,6959,7002,1,44
2357,39,48,6424,6425,7005,1,581
2558,42,48,6972,6974,7008,2,36
2559,43,48,6975,6977,7011,2,36
2363,45,48,6440,6441,7014,1,574
2564,48,48,6988,6989,7017,1,29
2565,49,48,6991,6992,7020,1,29
2369,51,48,6456,6458,7023,2,567
2173,53,48,5922,5924,7026,2,1104
2571,55,48,7007,7008,7029,1,22
2375,57,48,6473,6475,7032,2,559
2179,59,48,5938,5939,7035,1,1097
2577,61,48,7024,7025,7038,1,14
2381,63,48,6489,6491,7041,2,552
2186,66,48,5957,5958,7044,1,1087
2122,2,48,5783,5785,7047,2,1264
2322,4,48,6328,6329,7050,1,722
2125,5,48,5791,5792,7053,1,1262
2062,8,48,5619,5621,7056,2,1437
2327,9,48,6342,6344,7059,2,717
2065,11,48,5627,5628,7062,1,1435
2068,14,48,5635,5636,7065,1,1430
2333,15,48,6358,6359,7068,1,710
2071,17,48,5644,5645,7071,1,1427
2074,20,48,5652,5654,7074,2,1422
2339,21,48,6375,6377,7077,2,702
2077,23,48,5660,5661,7080,1,1420
2080,26,48,5668,5669,7083,1,1415
2345,27,48,6391,6392,7086,1,695
2083,29,48,5676,5678,7089,2,1413
2155,35,48,5873,5875,7092,2,1219
2158,38,48,5881,5882,7095,1,1214
2358,40,48,6426,6428,7098,2,672
2161,41,48,5889,5891,7101,2,1212
2164,44,48,5897,5898,7104,1,1207
2364,46,48,6443,6445,7107,2,664
2167,47,48,5905,5906,7110,1,1205
2170,50,48,5914,5915,7113,1,1199
2370,52,48,6459,6461,7116,2,657
2570,54,48,7005,7007,7119,2,114
2176,56,48,5930,5931,7122,1,1192
2376,58,48,6475,6476,7125,1,650
2576,60,48,7021,7022,7128,1,107
2182,62,48,5946,5948,7131,2,1185
2382,64,48,6492,6494,7134,2,642
2581,65,48,7035,7037,7137,2,102
2613,31,48,7122,7124,7140,2,18
2417,33,48,6587,6588,7143,1,556
2589,7,48,7056,7058,7146,2,90
2328,10,48,6345,6347,7149,2,804
2594,12,48,7070,7071,7152,1,82
2595,13,48,7073,7075,7155,2,82
2334,16,48,6361,6362,7158,1,797
2600,18,48,7086,7088,7161,2,75
2601,19,48,7089,7091,7164,2,75
2340,22,48,6377,6378,7167,1,790
2606,24,48,7103,7105,7170,2,67
2607,25,48,7105,7106,7173,1,68
2346,28,48,6394,6395,7176,1,782
2612,30,48,7119,7121,7179,2,60
2583,1,48,7040,7041,7182,1,142
2387,3,48,6505,6506,7185,1,680
2588,6,48,7054,7055,7188,1,134
2218,32,48,6045,6047,7191,2,1146
2418,34,48,6590,6591,7194,1,604
2618,36,48,7135,7136,7197,1,62
2619,37,48,7138,7139,7200,1,62
2423,39,48,6604,6605,7203,1,599
2624,42,48,7152,7154,7206,2,54
2625,43,48,7155,7157,7209,2,54
2429,45,48,6620,6621,7212,1,592
2630,48,48,7168,7169,7215,1,47
2631,49,48,7171,7172,7218,1,47
2435,51,48,6636,6638,7221,2,585
2636,54,48,7185,7187,7224,2,39
2637,55,48,7187,7188,7227,1,40
2441,57,48,6653,6655,7230,2,577
2642,60,48,7201,7202,7233,1,32
2643,61,48,7204,7205,7236,1,32
2447,63,48,6669,6671,7239,2,570
2647,65,48,7215,7217,7242,2,27
2649,1,48,7220,7221,7245,1,25
2388,4,48,6508,6509,7248,1,740
2191,5,48,5971,5972,7251,1,1280
2655,7,48,7236,7238,7254,2,18
2393,9,48,6522,6524,7257,2,735
2131,11,48,5807,5808,7260,1,1453
2134,14,48,5815,5816,7263,1,1448
2399,15,48,6538,6539,7266,1,728
2137,17,48,5824,5825,7269,1,1445
2140,20,48,5832,5834,7272,2,1440
2405,21,48,6555,6557,7275,2,720
2143,23,48,5840,5841,7278,1,1438
2146,26,48,5848,5849,7281,1,1433
2411,27,48,6571,6572,7284,1,713
2149,29,48,5856,5858,7287,2,1431
2221,35,48,6053,6055,7290,2,1237
2224,38,48,6061,6062,7293,1,1232
2424,40,48,6606,6608,7296,2,690
2227,41,48,6069,6071,7299,2,1230
2230,44,48,6077,6078,7302,1,1225
2430,46,48,6623,6625,7305,2,682
2233,47,48,6085,6086,7308,1,1223
2236,50,48,6094,6095,7311,1,1217
2436,52,48,6639,6641,7314,2,675
2239,53,48,6102,6104,7317,2,1215
2242,56,48,6110,6111,7320,1,1210
2442,58,48,6655,6656,7323,1,668
2245,59,48,6118,6119,7326,1,1208
2248,62,48,6126,6128,7329,2,1203
2448,64,48,6672,6674,7332,2,660
2252,66,48,6137,6138,7335,1,1198
2679,31,48,7302,7304,7338,2,36
2483,33,48,6767,6768,7341,1,574
2128,8,48,5799,5801,7344,2,1545
2394,10,48,6525,6527,7347,2,822
2660,12,48,7250,7251,7350,1,100
2661,13,48,7253,7255,7353,2,100
2400,16,48,6541,6542,7356,1,815
2666,18,48,7266,7268,7359,2,93
2667,19,48,7269,7271,7362,2,93
2406,22,48,6557,6558,7365,1,808
2672,24,48,7283,7285,7368,2,85
2673,25,48,7285,7286,7371,1,86
2412,28,48,6574,6575,7374,1,800
2678,30,48,7299,7301,7377,2,78
2188,2,48,5963,5965,7380,2,1417
2453,3,48,6685,6686,7383,1,698
2654,6,48,7234,7235,7386,1,152
2284,32,48,6225,6227,7389,2,1164
2484,34,48,6770,6771,7392,1,622
2684,36,48,7315,7316,7395,1,80
2685,37,48,7318,7319,7398,1,80
2489,39,48,6784,6785,7401,1,617
2690,42,48,7332,7334,7404,2,72
2691,43,48,7335,7337,7407,2,72
2495,45,48,6800,6801,7410,1,610
2696,48,48,7348,7349,7413,1,65
2697,49,48,7351,7352,7416,1,65
2501,51,48,6816,6818,7419,2,603
2702,54,48,7365,7367,7422,2,57
2703,55,48,7367,7368,7425,1,58
2507,57,48,6833,6835,7428,2,595
2708,60,48,7381,7382,7431,1,50
2709,61,48,7384,7385,7434,1,50
2513,63,48,6849,6851,7437,2,588
2713,65,48,7395,7397,7440,2,45
2715,1,48,7400,7401,7443,1,43
2454,4,48,6688,6689,7446,1,758
2720,6,48,7414,7415,7449,1,35
2721,7,48,7416,7418,7452,2,36
2459,9,48,6702,6704,7455,2,753
2726,12,48,7430,7431,7458,1,28
2727,13,48,7433,7435,7461,2,28
2465,15,48,6718,6719,7464,1,746
2203,17,48,6004,6005,7467,1,1463
2733,19,48,7449,7451,7470,2,21
2471,21,48,6735,6737,7473,2,738
2209,23,48,6020,6021,7476,1,1456
2739,25,48,7465,7466,7479,1,14
2477,27,48,6751,6752,7482,1,731
2215,29,48,6036,6038,7485,2,1449
2287,35,48,6233,6235,7488,2,1255
2290,38,48,6241,6242,7491,1,1250
2490,40,48,6786,6788,7494,2,708
2293,41,48,6249,6251,7497,2,1248
2296,44,48,6257,6258,7500,1,1243
2496,46,48,6803,6805,7503,2,700
2299,47,48,6265,6266,7506,1,1241
2302,50,48,6274,6275,7509,1,1235
2502,52,48,6819,6821,7512,2,693
2305,53,48,6282,6284,7515,2,1233
2308,56,48,6290,6291,7518,1,1228
2508,58,48,6835,6836,7521,1,686
2311,59,48,6298,6299,7524,1,1226
2314,62,48,6306,6308,7527,2,1221
2514,64,48,6852,6854,7530,2,678
2318,66,48,6317,6318,7533,1,1216
2745,31,48,7482,7484,7536,2,54
2549,33,48,6947,6948,7539,1,592
2194,8,48,5979,5981,7542,2,1563
2460,10,48,6705,6707,7545,2,840
2197,11,48,5987,5988,7548,1,1561
2200,14,48,5995,5996,7551,1,1556
2466,16,48,6721,6722,7554,1,833
2732,18,48,7446,7448,7557,2,111
2206,20,48,6012,6014,7560,2,1548
2472,22,48,6737,6738,7563,1,826
2738,24,48,7463,7465,7566,2,103
2212,26,48,6028,6029,7569,1,1541
2478,28,48,6754,6755,7572,1,818
2744,30,48,7479,7481,7575,2,96
2254,2,48,6143,6145,7578,2,1435
2519,3,48,6865,6866,7581,1,716
2257,5,48,6151,6152,7584,1,1433
2350,32,48,6405,6407,7587,2,1182
2550,34,48,6950,6951,7590,1,640
2750,36,48,7495,7496,7593,1,98
2751,37,48,7498,7499,7596,1,98
2555,39,48,6964,6965,7599,1,635
2756,42,48,7512,7514,7602,2,90
2757,43,48,7515,7517,7605,2,90
2561,45,48,6980,6981,7608,1,628
2762,48,48,7528,7529,7611,1,83
2763,49,48,7531,7532,7614,1,83
2567,51,48,6996,6998,7617,2,621
2768,54,48,7545,7547,7620,2,75
2769,55,48,7547,7548,7623,1,76
2573,57,48,7013,7015,7626,2,613
2774,60,48,7561,7562,7629,1,68
2775,61,48,7564,7565,7632,1,68
2579,63,48,7029,7031,7635,2,606
2779,65,48,7575,7577,7638,2,63
2781,1,48,7580,7581,7641,1,61
2520,4,48,6868,6869,7644,1,776
2786,6,48,7594,7595,7647,1,53
2787,7,48,7596,7598,7650,2,54
2525,9,48,6882,6884,7653,2,771
2792,12,48,7610,7611,7656,1,46
2793,13,48,7613,7615,7659,2,46
2531,15,48,6898,6899,7662,1,764
2798,18,48,7626,7628,7665,2,39
2799,19,48,7629,7631,7668,2,39
2537,21,48,6915,6917,7671,2,756
2804,24,48,7643,7645,7674,2,31
2805,25,48,7645,7646,7677,1,32
2543,27,48,6931,6932,7680,1,749
2281,29,48,6216,6218,7683,2,1467
2353,35,48,6413,6415,7686,2,1273
2356,38,48,6421,6422,7689,1,1268
2556,40,48,6966,6968,7692,2,726
2359,41,48,6429,6431,7695,2,1266
2362,44,48,6437,6438,7698,1,1261
2562,46,48,6983,6985,7701,2,718
2365,47,48,6445,6446,7704,1,1259
2368,50,48,6454,6455,7707,1,1253
2568,52,48,6999,7001,7710,2,711
2371,53,48,6462,6464,7713,2,1251
2374,56,48,6470,6471,7716,1,1246
2574,58,48,7015,7016,7719,1,704
2377,59,48,6478,6479,7722,1,1244
2380,62,48,6486,6488,7725,2,1239
2580,64,48,7032,7034,7728,2,696
2384,66,48,6497,6498,7731,1,1234
2811,31,48,7662,7664,7734,2,72
2615,33,48,7127,7128,7737,1,610
2260,8,48,6159,6161,7740,2,1581
2526,10,48,6885,6887,7743,2,858
2263,11,48,6167,6168,7746,1,1579
2266,14,48,6175,6176,7749,1,1574
2532,16,48,6901,6902,7752,1,851
2269,17,48,6184,6185,7755,1,1571
2272,20,48,6192,6194,7758,2,1566
2538,22,48,6917,6918,7761,1,844
2275,23,48,6200,6201,7764,1,1564
2278,26,48,6208,6209,7767,1,1559
2544,28,48,6934,6935,7770,1,836
2810,30,48,7659,7661,7773,2,114
2847,1,48,7760,7761,7776,1,16
2585,3,48,7045,7046,7779,1,734
2323,5,48,6331,6332,7782,1,1451
2416,32,48,6585,6587,7785,2,1200
2616,34,48,7130,7131,7788,1,658
2816,36,48,7675,7676,7791,1,116
2817,37,48,7678,7679,7794,1,116
2621,39,48,7144,7145,7797,1,653
2822,42,48,7692,7694,7800,2,108
2823,43,48,7695,7697,7803,2,108
2627,45,48,7160,7161,7806,1,646
2828,48,48,7708,7709,7809,1,101
2829,49,48,7711,7712,7812,1,101
2633,51,48,7176,7178,7815,2,639
2834,54,48,7725,7727,7818,2,93
2835,55,48,7727,7728,7821,1,94
2639,57,48,7193,7195,7824,2,631
2840,60,48,7741,7742,7827,1,86
2841,61,48,7744,7745,7830,1,86
2645,63,48,7209,7211,7833,2,624
2845,65,48,7755,7757,7836,2,81
2320,2,48,6323,6325,7839,2,1516
2586,4,48,7048,7049,7842,1,794
2852,6,48,7774,7775,7845,1,71
2853,7,48,7776,7778,7848,2,72
2591,9,48,7062,7064,7851,2,789
2858,12,48,7790,7791,7854,1,64
2859,13,48,7793,7795,7857,2,64
2597,15,48,7078,7079,7860,1,782
2864,18,48,7806,7808,7863,2,57
2865,19,48,7809,7811,7866,2,57
2603,21,48,7095,7097,7869,2,774
2870,24,48,7823,7825,7872,2,49
2871,25,48,7825,7826,7875,1,50
2609,27,48,7111,7112,7878,1,767
2876,30,48,7839,7841,7881,2,42
2882,36,48,7855,7856,7884,1,29
2883,37,48,7858,7859,7887,1,29
2622,40,48,7146,7148,7890,2,744
2425,41,48,6609,6611,7893,2,1284
2889,43,48,7875,7877,7896,2,21
2628,46,48,7163,7165,7899,2,736
2431,47,48,6625,6626,7902,1,1277
2895,49,48,7891,7892,7905,1,14
2634,52,48,7179,7181,7908,2,729
2437,53,48,6642,6644,7911,2,1269
2440,56,48,6650,6651,7914,1,1264
2640,58,48,7195,7196,7917,1,722
2443,59,48,6658,6659,7920,1,1262
2446,62,48,6666,6668,7923,2,1257
2646,64,48,7212,7214,7926,2,714
2450,66,48,6677,6678,7929,1,1252
2877,31,48,7842,7844,7932,2,90
2681,33,48,7307,7308,7935,1,628
2326,8,48,6339,6341,7938,2,1599
2592,10,48,7065,7067,7941,2,876
2329,11,48,6347,6348,7944,1,1597
2332,14,48,6355,6356,7947,1,1592
2598,16,48,7081,7082,7950,1,869
2335,17,48,6364,6365,7953,1,1589
2338,20,48,6372,6374,7956,2,1584
2604,22,48,7097,7098,7959,1,862
2341,23,48,6380,6381,7962,1,1582
2344,26,48,6388,6389,7965,1,1577
2610,28,48,7114,7115,7968,1,854
2347,29,48,6396,6398,7971,2,1575
2913,1,48,7940,7941,7974,1,34
2651,3,48,7225,7226,7977,1,752
2389,5,48,6511,6512,7980,1,1469
2482,32,48,6765,6767,7983,2,1218
2682,34,48,7310,7311,7986,1,676
2419,35,48,6593,6595,7989,2,1396
2422,38,48,6601,6602,7992,1,1391
2687,39,48,7324,7325,7995,1,671
2888,42,48,7872,7874,7998,2,126
2428,44,48,6617,6618,8001,1,1384
2693,45,48,7340,7341,8004,1,664
2894,48,48,7888,7889,8007,1,119
2434,50,48,6634,6635,8010,1,1376
2699,51,48,7356,7358,8013,2,657
2900,54,48,7905,7907,8016,2,111
2901,55,48,7907,7908,8019,1,112
2705,57,48,7373,7375,8022,2,649
2906,60,48,7921,7922,8025,1,104
2907,61,48,7924,7925,8028,1,104
2711,63,48,7389,7391,8031,2,642
2911,65,48,7935,7937,8034,2,99
2386,2,48,6503,6505,8037,2,1534
2652,4,48,7228,7229,8040,1,812
2918,6,48,7954,7955,8043,1,89
2919,7,48,7956,7958,8046,2,90
2657,9,48,7242,7244,8049,2,807
2924,12,48,7970,7971,8052,1,82
2925,13,48,7973,7975,8055,2,82
2663,15,48,7258,7259,8058,1,800
2930,18,48,7986,7988,8061,2,75
2931,19,48,7989,7991,8064,2,75
2669,21,48,7275,7277,8067,2,792
2936,24,48,8003,8005,8070,2,67
2937,25,48,8005,8006,8073,1,68
2675,27,48,7291,7292,8076,1,785
2942,30,48,8019,8021,8079,2,60
2948,36,48,8035,8036,8082,1,47
2949,37,48,8038,8039,8085,1,47
2688,40,48,7326,7328,8088,2,762
2954,42,48,8052,8054,8091,2,39
2955,43,48,8055,8057,8094,2,39
2694,46,48,7343,7345,8097,2,754
2960,48,48,8068,8069,8100,1,32
2961,49,48,8071,8072,8103,1,32
2700,52,48,7359,7361,8106,2,747
2503,53,48,6822,6824,8109,2,1287
2967,55,48,8087,8088,8112,1,25
2706,58,48,7375,7376,8115,1,740
2509,59,48,6838,6839,8118,1,1280
2973,61,48,8104,8105,8121,1,17
2712,64,48,7392,7394,8124,2,732
2516,66,48,6857,6858,8127,1,1270
2943,31,48,8022,8024,8130,2,108
2747,33,48,7487,7488,8133,1,646
2392,8,48,6519,6521,8136,2,1617
2658,10,48,7245,7247,8139,2,894
2395,11,48,6527,6528,8142,1,1615
2398,14,48,6535,6536,8145,1,1610
2664,16,48,7261,7262,8148,1,887
2401,17,48,6544,6545,8151,1,1607
2404,20,48,6552,6554,8154,2,1602
2670,22,48,7277,7278,8157,1,880
2407,23,48,6560,6561,8160,1,1600
2410,26,48,6568,6569,8163,1,1595
2676,28,48,7294,7295,8166,1,872
2413,29,48,6576,6578,8169,2,1593
2979,1,48,8120,8121,8172,1,52
2717,3,48,7405,7406,8175,1,770
2984,6,48,8134,8135,8178,1,44
2548,32,48,6945,6947,8181,2,1236
2748,34,48,7490,7491,8184,1,694
2485,35,48,6773,6775,8187,2,1414
2488,38,48,6781,6782,8190,1,1409
2753,39,48,7504,7505,8193,1,689
2491,41,48,6789,6791,8196,2,1407
2494,44,48,6797,6798,8199,1,1402
2759,45,48,7520,7521,8202,1,682
2497,47,48,6805,6806,8205,1,1400
2500,50,48,6814,6815,8208,1,1394
2765,51,48,7536,7538,8211,2,675
2966,54,48,8085,8087,8214,2,129
2506,56,48,6830,6831,8217,1,1387
2771,57,48,7553,7555,8220,2,667
2972,60,48,8101,8102,8223,1,122
2512,62,48,6846,6848,8226,2,1380
2777,63,48,7569,7571,8229,2,660
2977,65,48,8115,8117,8232,2,117
2452,2,48,6683,6685,8235,2,1552
2718,4,48,7408,7409,8238,1,830
2455,5,48,6691,6692,8241,1,1550
2985,7,48,8136,8138,8244,2,108
2723,9,48,7422,7424,8247,2,825
2990,12,48,8150,8151,8250,1,100
2991,13,48,8153,8155,8253,2,100
2729,15,48,7438,7439,8256,1,818
2996,18,48,8166,8168,8259,2,93
2997,19,48,8169,8171,8262,2,93
2735,21,48,7455,7457,8265,2,810
3002,24,48,8183,8185,8268,2,85
3003,25,48,8185,8186,8271,1,86
2741,27,48,7471,7472,8274,1,803
3008,30,48,8199,8201,8277,2,78
3014,36,48,8215,8216,8280,1,65
3015,37,48,8218,8219,8283,1,65
2754,40,48,7506,7508,8286,2,780
3020,42,48,8232,8234,8289,2,57
3021,43,48,8235,8237,8292,2,57
2760,46,48,7523,7525,8295,2,772
3026,48,48,8248,8249,8298,1,50
3027,49,48,8251,8252,8301,1,50
2766,52,48,7539,7541,8304,2,765
3032,54,48,8265,8267,8307,2,42
3033,55,48,8267,8268,8310,1,43
2772,58,48,7555,7556,8313,1,758
3038,60,48,8281,8282,8316,1,35
3039,61,48,8284,8285,8319,1,35
2778,64,48,7572,7574,8322,2,750
3043,65,48,8295,8297,8325,2,30
3009,31,48,8202,8204,8328,2,126
2813,33,48,7667,7668,8331,1,664
3051,7,48,8316,8318,8334,2,18
2724,10,48,7425,7427,8337,2,912
2461,11,48,6707,6708,8340,1,1633
2464,14,48,6715,6716,8343,1,1628
2730,16,48,7441,7442,8346,1,905
2467,17,48,6724,6725,8349,1,1625
2470,20,48,6732,6734,8352,2,1620
2736,22,48,7457,7458,8355,1,898
2473,23,48,6740,6741,8358,1,1618
2476,26,48,6748,6749,8361,1,1613
2742,28,48,7474,7475,8364,1,890
2479,29,48,6756,6758,8367,2,1611
3045,1,48,8300,8301,8370,1,70
2783,3,48,7585,7586,8373,1,788
3050,6,48,8314,8315,8376,1,62
2614,32,48,7125,7127,8379,2,1254
2814,34,48,7670,7671,8382,1,712
2551,35,48,6953,6955,8385,2,1432
2554,38,48,6961,6962,8388,1,1427
2819,39,48,7684,7685,8391,1,707
2557,41,48,6969,6971,8394,2,1425
2560,44,48,6977,6978,8397,1,1420
2825,45,48,7700,7701,8400,1,700
2563,47,48,6985,6986,8403,1,1418
2566,50,48,6994,6995,8406,1,1412
2831,51,48,7716,7718,8409,2,693
2569,53,48,7002,7004,8412,2,1410
2572,56,48,7010,7011,8415,1,1405
2837,57,48,7733,7735,8418,2,685
2575,59,48,7018,7019,8421,1,1403
2578,62,48,7026,7028,8424,2,1398
2843,63,48,7749,7751,8427,2,678
2582,66,48,7037,7038,8430,1,1393
2518,2,48,6863,6865,8433,2,1570
2784,4,48,7588,7589,8436,1,848
2521,5,48,6871,6872,8439,1,1568
2458,8,48,6699,6701,8442,2,1743
2789,9,48,7602,7604,8445,2,843
3056,12,48,8330,8331,8448,1,118
3057,13,48,8333,8335,8451,2,118
2795,15,48,7618,7619,8454,1,836
3062,18,48,8346,8348,8457,2,111
3063,19,48,8349,8351,8460,2,111
2801,21,48,7635,7637,8463,2,828
3068,24,48,8363,8365,8466,2,103
3069,25,48,8365,8366,8469,1,104
2807,27,48,7651,7652,8472,1,821
3074,30,48,8379,8381,8475,2,96
3080,36,48,8395,8396,8478,1,83
3081,37,48,8398,8399,8481,1,83
2820,40,48,7686,7688,8484,2,798
3086,42,48,8412,8414,8487,2,75
3087,43,48,8415,8417,8490,2,75
2826,46,48,7703,7705,8493,2,790
3092,48,48,8428,8429,8496,1,68
3093,49,48,8431,8432,8499,1,68
2832,52,48,7719,7721,8502,2,783
3098,54,48,8445,8447,8505,2,60
3099,55,48,8447,8448,8508,1,61
2838,58,48,7735,7736,8511,1,776
3104,60,48,8461,8462,8514,1,53
3105,61,48,8464,8465,8517,1,53
2844,64,48,7752,7754,8520,2,768
3109,65,48,8475,8477,8523,2,48
3075,31,48,8382,8384,8526,2,144
2879,33,48,7847,7848,8529,1,682
3117,7,48,8496,8498,8532,2,36
2790,10,48,7605,7607,8535,2,930
3122,12,48,8510,8511,8538,1,28
3123,13,48,8513,8515,8541,2,28
2796,16,48,7621,7622,8544,1,923
2533,17,48,6904,6905,8547,1,1643
3129,19,48,8529,8531,8550,2,21
2802,22,48,7637,7638,8553,1,916
2539,23,48,6920,6921,8556,1,1636
3135,25,48,8545,8546,8559,1,14
2808,28,48,7654,7655,8562,1,908
2545,29,48,6936,6938,8565,2,1629
3111,1,48,8480,8481,8568,1,88
2849,3,48,7765,7766,8571,1,806
3116,6,48,8494,8495,8574,1,80
3141,31,48,8562,8564,8577,2,15
2880,34,48,7850,7851,8580,1,730
2617,35,48,7133,7135,8583,2,1450
2620,38,48,7141,7142,8586,1,1445
2885,39,48,7864,7865,8589,1,725
2623,41,48,7149,7151,8592,2,1443
2626,44,48,7157,7158,8595,1,1438
2891,45,48,7880,7881,8598,1,718
2629,47,48,7165,7166,8601,1,1436
2632,50,48,7174,7175,8604,1,1430
2897,51,48,7896,7898,8607,2,711
2635,53,48,7182,7184,8610,2,1428
2638,56,48,7190,7191,8613,1,1423
2903,57,48,7913,7915,8616,2,703
2641,59,48,7198,7199,8619,1,1421
2644,62,48,7206,7208,8622,2,1416
2909,63,48,7929,7931,8625,2,696
2648,66,48,7217,7218,8628,1,1411
2584,2,48,7043,7045,8631,2,1588
2850,4,48,7768,7769,8634,1,866
2587,5,48,7051,7052,8637,1,1586
2524,8,48,6879,6881,8640,2,1761
2855,9,48,7782,7784,8643,2,861
2527,11,48,6887,6888,8646,1,1759
2530,14,48,6895,6896,8649,1,1754
2861,15,48,7798,7799,8652,1,854
3128,18,48,8526,8528,8655,2,129
2536,20,48,6912,6914,8658,2,1746
2867,21,48,7815,7817,8661,2,846
3134,24,48,8543,8545,8664,2,121
2542,26,48,6928,6929,8667,1,1739
2873,27,48,7831,7832,8670,1,839
3140,30,48,8559,8561,8673,2,114
3146,36,48,8575,8576,8676,1,101
3147,37,48,8578,8579,8679,1,101
2886,40,48,7866,7868,8682,2,816
3152,42,48,8592,8594,8685,2,93
3153,43,48,8595,8597,8688,2,93
2892,46,48,7883,7885,8691,2,808
3158,48,48,8608,8609,8694,1,86
3159,49,48,8611,8612,8697,1,86
2898,52,48,7899,7901,8700,2,801
3164,54,48,8625,8627,8703,2,78
3165,55,48,8627,8628,8706,1,79
2904,58,48,7915,7916,8709,1,794
3170,60,48,8641,8642,8712,1,71
3171,61,48,8644,8645,8715,1,71
2910,64,48,7932,7934,8718,2,786
3175,65,48,8655,8657,8721,2,66
2680,32,48,7305,7307,8724,2,1419
2945,33,48,8027,8028,8727,1,700
3183,7,48,8676,8678,8730,2,54
2856,10,48,7785,7787,8733,2,948
3188,12,48,8690,8691,8736,1,46
3189,13,48,8693,8695,8739,2,46
2862,16,48,7801,7802,8742,1,941
3194,18,48,8706,8708,8745,2,39
3195,19,48,8709,8711,8748,2,39
2868,22,48,7817,7818,8751,1,934
3200,24,48,8723,8725,8754,2,31
3201,25,48,8725,8726,8757,1,32
2874,28,48,7834,7835,8760,1,926
2611,29,48,7116,7118,8763,2,1647
3177,1,48,8660,8661,8766,1,106
2915,3,48,7945,7946,8769,1,824
3182,6,48,8674,8675,8772,1,98
3207,31,48,8742,8744,8775,2,33
2946,34,48,8030,8031,8778,1,748
2683,35,48,7313,7315,8781,2,1468
3213,37,48,8758,8759,8784,1,26
2951,39,48,8044,8045,8787,1,743
2689,41,48,7329,7331,8790,2,1461
3219,43,48,8775,8777,8793,2,18
2957,45,48,8060,8061,8796,1,736
2695,47,48,7345,7346,8799,1,1454
2698,50,48,7354,7355,8802,1,1448
2963,51,48,8076,8078,8805,2,729
2701,53,48,7362,7364,8808,2,1446
2704,56,48,7370,7371,8811,1,1441
2969,57,48,8093,8095,8814,2,721
2707,59,48,7378,7379,8817,1,1439
2710,62,48,7386,7388,8820,2,1434
2975,63,48,8109,8111,8823,2,714
2714,66,48,7397,7398,8826,1,1429
2650,2,48,7223,7225,8829,2,1606
2916,4,48,7948,7949,8832,1,884
2653,5,48,7231,7232,8835,1,1604
2590,8,48,7059,7061,8838,2,1779
2921,9,48,7962,7964,8841,2,879
2593,11,48,7067,7068,8844,1,1777
2596,14,48,7075,7076,8847,1,1772
2927,15,48,7978,7979,8850,1,872
2599,17,48,7084,7085,8853,1,1769
2602,20,48,7092,7094,8856,2,1764
2933,21,48,7995,7997,8859,2,864
2605,23,48,7100,7101,8862,1,1762
2608,26,48,7108,7109,8865,1,1757
2939,27,48,8011,8012,8868,1,857
3206,30,48,8739,8741,8871,2,132
3212,36,48,8755,8756,8874,1,119
2686,38,48,7321,7322,8877,1,1556
2952,40,48,8046,8048,8880,2,834
3218,42,48,8772,8774,8883,2,111
2692,44,48,7337,7338,8886,1,1549
2958,46,48,8063,8065,8889,2,826
3224,48,48,8788,8789,8892,1,104
3225,49,48,8791,8792,8895,1,104
2964,52,48,8079,8081,8898,2,819
3230,54,48,8805,8807,8901,2,96
3231,55,48,8807,8808,8904,1,97
2970,58,48,8095,8096,8907,1,812
3236,60,48,8821,8822,8910,1,89
3237,61,48,8824,8825,8913,1,89
2976,64,48,8112,8114,8916,2,804
3241,65,48,8835,8837,8919,2,84
2746,32,48,7485,7487,8922,2,1437
3011,33,48,8207,8208,8925,1,718
3249,7,48,8856,8858,8928,2,72
2922,10,48,7965,7967,8931,2,966
3254,12,48,8870,8871,8934,1,64
3255,13,48,8873,8875,8937,2,64
2928,16,48,7981,7982,8940,1,959
3260,18,48,8886,8888,8943,2,57
3261,19,48,8889,8891,8946,2,57
2934,22,48,7997,7998,8949,1,952
3266,24,48,8903,8905,8952,2,49
3267,25,48,8905,8906,8955,1,50
2940,28,48,8014,8015,8958,1,944
3272,30,48,8919,8921,8961,2,42
3243,1,48,8840,8841,8964,1,124
2981,3,48,8125,8126,8967,1,842
3248,6,48,8854,8855,8970,1,116
3273,31,48,8922,8924,8973,2,51
3012,34,48,8210,8211,8976,1,766
3278,36,48,8935,8936,8979,1,44
3279,37,48,8938,8939,8982,1,44
3017,39,48,8224,8225,8985,1,761
3284,42,48,8952,8954,8988,2,36
3285,43,48,8955,8957,8991,2,36
3023,45,48,8240,8241,8994,1,754
3290,48,48,8968,8969,8997,1,29
3291,49,48,8971,8972,9000,1,29
3029,51,48,8256,8258,9003,2,747
2767,53,48,7542,7544,9006,2,1464
3297,55,48,8987,8988,9009,1,22
3035,57,48,8273,8275,9012,2,739
2773,59,48,7558,7559,9015,1,1457
3303,61,48,9004,9005,9018,1,14
3041,63,48,8289,8291,9021,2,732
2780,66,48,7577,7578,9024,1,1447
2716,2,48,7403,7405,9027,2,1624
2982,4,48,8128,8129,9030,1,902
2719,5,48,7411,7412,9033,1,1622
2656,8,48,7239,7241,9036,2,1797
2987,9,48,8142,8144,9039,2,897
2659,11,48,7247,7248,9042,1,1795
2662,14,48,7255,7256,9045,1,1790
2993,15,48,8158,8159,9048,1,890
2665,17,48,7264,7265,9051,1,1787
2668,20,48,7272,7274,9054,2,1782
2999,21,48,8175,8177,9057,2,882
2671,23,48,7280,7281,9060,1,1780
2674,26,48,7288,7289,9063,1,1775
3005,27,48,8191,8192,9066,1,875
2677,29,48,7296,7298,9069,2,1773
2749,35,48,7493,7495,9072,2,1579
2752,38,48,7501,7502,9075,1,1574
3018,40,48,8226,8228,9078,2,852
2755,41,48,7509,7511,9081,2,1572
2758,44,48,7517,7518,9084,1,1567
3024,46,48,8243,8245,9087,2,844
2761,47,48,7525,7526,9090,1,1565
2764,50,48,7534,7535,9093,1,1559
3030,52,48,8259,8261,9096,2,837
3296,54,48,8985,8987,9099,2,114
2770,56,48,7550,7551,9102,1,1552
3036,58,48,8275,8276,9105,1,830
3302,60,48,9001,9002,9108,1,107
2776,62,48,7566,7568,9111,2,1545
3042,64,48,8292,8294,9114,2,822
3307,65,48,9015,9017,9117,2,102
3339,31,48,9102,9104,9120,2,18
3077,33,48,8387,8388,9123,1,736
3315,7,48,9036,9038,9126,2,90
2988,10,48,8145,8147,9129,2,984
3320,12,48,9050,9051,9132,1,82
3321,13,48,9053,9055,9135,2,82
2994,16,48,8161,8162,9138,1,977
3326,18,48,9066,9068,9141,2,75
3327,19,48,9069,9071,9144,2,75
3000,22,48,8177,8178,9147,1,970
3332,24,48,9083,9085,9150,2,67
3333,25,48,9085,9086,9153,1,68
3006,28,48,8194,8195,9156,1,962
3338,30,48,9099,9101,9159,2,60
3309,1,48,9020,9021,9162,1,142
3047,3,48,8305,8306,9165,1,860
3314,6,48,9034,9035,9168,1,134
2812,32,48,7665,7667,9171,2,1506
3078,34,48,8390,8391,9174,1,784
3344,36,48,9115,9116,9177,1,62
3345,37,48,9118,9119,9180,1,62
3083,39,48,8404,8405,9183,1,779
3350,42,48,9132,9134,9186,2,54
3351,43,48,9135,9137,9189,2,54
3089,45,48,8420,8421,9192,1,772
3356,48,48,9148,9149,9195,1,47
3357,49,48,9151,9152,9198,1,47
3095,51,48,8436,8438,9201,2,765
3362,54,48,9165,9167,9204,2,39
3363,55,48,9167,9168,9207,1,40
3101,57,48,8453,8455,9210,2,757
3368,60,48,9181,9182,9213,1,32
3369,61,48,9184,9185,9216,1,32
3107,63,48,8469,8471,9219,2,750
3373,65,48,9195,9197,9222,2,27
3375,1,48,9200,9201,9225,1,25
3048,4,48,8308,8309,9228,1,920
2785,5,48,7591,7592,9231,1,1640
3381,7,48,9216,9218,9234,2,18
3053,9,48,8322,8324,9237,2,915
2725,11,48,7427,7428,9240,1,1813
2728,14,48,7435,7436,9243,1,1808
3059,15,48,8338,8339,9246,1,908
2731,17,48,7444,7445,9249,1,1805
2734,20,48,7452,7454,9252,2,1800
3065,21,48,8355,8357,9255,2,900
2737,23,48,7460,7461,9258,1,1798
2740,26,48,7468,7469,9261,1,1793
3071,27,48,8371,8372,9264,1,893
2743,29,48,7476,7478,9267,2,1791
2815,35,48,7673,7675,9270,2,1597
2818,38,48,7681,7682,9273,1,1592
3084,40,48,8406,8408,9276,2,870
2821,41,48,7689,7691,9279,2,1590
2824,44,48,7697,7698,9282,1,1585
3090,46,48,8423,8425,9285,2,862
2827,47,48,7705,7706,9288,1,1583
2830,50,48,7714,7715,9291,1,1577
3096,52,48,8439,8441,9294,2,855
2833,53,48,7722,7724,9297,2,1575
2836,56,48,7730,7731,9300,1,1570
3102,58,48,8455,8456,9303,1,848
2839,59,48,7738,7739,9306,1,1568
2842,62,48,7746,7748,9309,2,1563
3108,64,48,8472,8474,9312,2,840
2846,66,48,7757,7758,9315,1,1558
3405,31,48,9282,9284,9318,2,36
3143,33,48,8567,8568,9321,1,754
2722,8,48,7419,7421,9324,2,1905
3054,10,48,8325,8327,9327,2,1002
3386,12,48,9230,9231,9330,1,100
3387,13,48,9233,9235,9333,2,100
3060,16,48,8341,8342,9336,1,995
3392,18,48,9246,9248,9339,2,93
3393,19,48,9249,9251,9342,2,93
3066,22,48,8357,8358,9345,1,988
3398,24,48,9263,9265,9348,2,85
3399,25,48,9265,9266,9351,1,86
3072,28,48,8374,8375,9354,1,980
3404,30,48,9279,9281,9357,2,78
2782,2,48,7583,7585,9360,2,1777
3113,3,48,8485,8486,9363,1,878
3380,6,48,9214,9215,9366,1,152
2878,32,48,7845,7847,9369,2,1524
3144,34,48,8570,8571,9372,1,802
3410,36,48,9295,9296,9375,1,80
3411,37,48,9298,9299,9378,1,80
3149,39,48,8584,8585,9381,1,797
3416,42,48,9312,9314,9384,2,72
3417,43,48,9315,9317,9387,2,72
3155,45,48,8600,8601,9390,1,790
3422,48,48,9328,9329,9393,1,65
3423,49,48,9331,9332,9396,1,65
3161,51,48,8616,8618,9399,2,783
3428,54,48,9345,9347,9402,2,57
3429,55,48,9347,9348,9405,1,58
3167,57,48,8633,8635,9408,2,775
3434,60,48,9361,9362,9411,1,50
3435,61,48,9364,9365,9414,1,50
3173,63,48,8649,8651,9417,2,768
3439,65,48,9375,9377,9420,2,45
3441,1,48,9380,9381,9423,1,43
3114,4,48,8488,8489,9426,1,938
3446,6,48,9394,9395,9429,1,35
3447,7,48,9396,9398,9432,2,36
3119,9,48,8502,8504,9435,2,933
3452,12,48,9410,9411,9438,1,28
3453,13,48,9413,9415,9441,2,28
3125,15,48,8518,8519,9444,1,926
2797,17,48,7624,7625,9447,1,1823
3459,19,48,9429,9431,9450,2,21
3131,21,48,8535,8537,9453,2,918
2803,23,48,7640,7641,9456,1,1816
3465,25,48,9445,9446,9459,1,14
3137,27,48,8551,8552,9462,1,911
2809,29,48,7656,7658,9465,2,1809
2881,35,48,7853,7855,9468,2,1615
2884,38,48,7861,7862,9471,1,1610
3150,40,48,8586,8588,9474,2,888
2887,41,48,7869,7871,9477,2,1608
2890,44,48,7877,7878,9480,1,1603
3156,46,48,8603,8605,9483,2,880
2893,47,48,7885,7886,9486,1,1601
2896,50,48,7894,7895,9489,1,1595
3162,52,48,8619,8621,9492,2,873
2899,53,48,7902,7904,9495,2,1593
2902,56,48,7910,7911,9498,1,1588
3168,58,48,8635,8636,9501,1,866
2905,59,48,7918,7919,9504,1,1586
2908,62,48,7926,7928,9507,2,1581
3174,64,48,8652,8654,9510,2,858
2912,66,48,7937,7938,9513,1,1576
3471,31,48,9462,9464,9516,2,54
3209,33,48,8747,8748,9519,1,772
2788,8,48,7599,7601,9522,2,1923
3120,10,48,8505,8507,9525,2,1020
2791,11,48,7607,7608,9528,1,1921
2794,14,48,7615,7616,9531,1,1916
3126,16,48,8521,8522,9534,1,1013
3458,18,48,9426,9428,9537,2,111
2800,20,48,7632,7634,9540,2,1908
3132,22,48,8537,8538,9543,1,1006
3464,24,48,9443,9445,9546,2,103
2806,26,48,7648,7649,9549,1,1901
3138,28,48,8554,8555,9552,1,998
3470,30,48,9459,9461,9555,2,96
2848,2,48,7763,7765,9558,2,1795
3179,3,48,8665,8666,9561,1,896
2851,5,48,7771,7772,9564,1,1793
2944,32,48,8025,8027,9567,2,1542
3210,34,48,8750,8751,9570,1,820
3476,36,48,9475,9476,9573,1,98
3477,37,48,9478,9479,9576,1,98
3215,39,48,8764,8765,9579,1,815
3482,42,48,9492,9494,9582,2,90
3483,43,48,9495,9497,9585,2,90
3221,45,48,8780,8781,9588,1,808
3488,48,48,9508,9509,9591,1,83
3489,49,48,9511,9512,9594,1,83
3227,51,48,8796,8798,9597,2,801
3494,54,48,9525,9527,9600,2,75
3495,55,48,9527,9528,9603,1,76
3233,57,48,8813,8815,9606,2,793
3500,60,48,9541,9542,9609,1,68
3501,61,48,9544,9545,9612,1,68
3239,63,48,8829,8831,9615,2,786
3505,65,48,9555,9557,9618,2,63
3507,1,48,9560,9561,9621,1,61
3180,4,48,8668,8669,9624,1,956
3512,6,48,9574,9575,9627,1,53
3513,7,48,9576,9578,9630,2,54
3185,9,48,8682,8684,9633,2,951
3518,12,48,9590,9591,9636,1,46
3519,13,48,9593,9595,9639,2,46
3191,15,48,8698,8699,9642,1,944
3524,18,48,9606,9608,9645,2,39
3525,19,48,9609,9611,9648,2,39
3197,21,48,8715,8717,9651,2,936
3530,24,48,9623,9625,9654,2,31
3531,25,48,9625,9626,9657,1,32
3203,27,48,8731,8732,9660,1,929
2875,29,48,7836,7838,9663,2,1827
2947,35,48,8033,8035,9666,2,1633
2950,38,48,8041,8042,9669,1,1628
3216,40,48,8766,8768,9672,2,906
2953,41,48,8049,8051,9675,2,1626
2956,44,48,8057,8058,9678,1,1621
3222,46,48,8783,8785,9681,2,898
2959,47,48,8065,8066,9684,1,1619
2962,50,48,8074,8075,9687,1,1613
3228,52,48,8799,8801,9690,2,891
2965,53,48,8082,8084,9693,2,1611
2968,56,48,8090,8091,9696,1,1606
3234,58,48,8815,8816,9699,1,884
2971,59,48,8098,8099,9702,1,1604
2974,62,48,8106,8108,9705,2,1599
3240,64,48,8832,8834,9708,2,876
2978,66,48,8117,8118,9711,1,1594
3537,31,48,9642,9644,9714,2,72
3275,33,48,8927,8928,9717,1,790
2854,8,48,7779,7781,9720,2,1941
3186,10,48,8685,8687,9723,2,1038
2857,11,48,7787,7788,9726,1,1939
2860,14,48,7795,7796,9729,1,1934
3192,16,48,8701,8702,9732,1,1031
2863,17,48,7804,7805,9735,1,1931
2866,20,48,7812,7814,9738,2,1926
3198,22,48,8717,8718,9741,1,1024
2869,23,48,7820,7821,9744,1,1924
2872,26,48,7828,7829,9747,1,1919
3204,28,48,8734,8735,9750,1,1016
3536,30,48,9639,9641,9753,2,114
3573,1,48,9740,9741,9756,1,16
3245,3,48,8845,8846,9759,1,914
2917,5,48,7951,7952,9762,1,1811
3010,32,48,8205,8207,9765,2,1560
3276,34,48,8930,8931,9768,1,838
3542,36,48,9655,9656,9771,1,116
3543,37,48,9658,9659,9774,1,116
3281,39,48,8944,8945,9777,1,833
3548,42,48,9672,9674,9780,2,108
3549,43,48,9675,9677,9783,2,108
3287,45,48,8960,8961,9786,1,826
3554,48,48,9688,9689,9789,1,101
3555,49,48,9691,9692,9792,1,101
3293,51,48,8976,8978,9795,2,819
3560,54,48,9705,9707,9798,2,93
3561,55,48,9707,9708,9801,1,94
3299,57,48,8993,8995,9804,2,811
3566,60,48,9721,9722,9807,1,86
3567,61,48,9724,9725,9810,1,86
3305,63,48,9009,9011,9813,2,804
3571,65,48,9735,9737,9816,2,81
2914,2,48,7943,7945,9819,2,1876
3246,4,48,8848,8849,9822,1,974
3578,6,48,9754,9755,9825,1,71
3579,7,48,9756,9758,9828,2,72
3251,9,48,8862,8864,9831,2,969
3584,12,48,9770,9771,9834,1,64
3585,13,48,9773,9775,9837,2,64
3257,15,48,8878,8879,9840,1,962
3590,18,48,9786,9788,9843,2,57
3591,19,48,9789,9791,9846,2,57
3263,21,48,8895,8897,9849,2,954
3596,24,48,9803,9805,9852,2,49
3597,25,48,9805,9806,9855,1,50
3269,27,48,8911,8912,9858,1,947
3602,30,48,9819,9821,9861,2,42
3608,36,48,9835,9836,9864,1,29
3609,37,48,9838,9839,9867,1,29
3282,40,48,8946,8948,9870,2,924
3019,41,48,8229,8231,9873,2,1644
3615,43,48,9855,9857,9876,2,21
3288,46,48,8963,8965,9879,2,916
3025,47,48,8245,8246,9882,1,1637
3621,49,48,9871,9872,9885,1,14
3294,52,48,8979,8981,9888,2,909
3031,53,48,8262,8264,9891,2,1629
3034,56,48,8270,8271,9894,1,1624
3300,58,48,8995,8996,9897,1,902
3037,59,48,8278,8279,9900,1,1622
3040,62,48,8286,8288,9903,2,1617
3306,64,48,9012,9014,9906,2,894
3044,66,48,8297,8298,9909,1,1612
3603,31,48,9822,9824,9912,2,90
3341,33,48,9107,9108,9915,1,808
2920,8,48,7959,7961,9918,2,1959
3252,10,48,8865,8867,9921,2,1056
2923,11,48,7967,7968,9924,1,1957
2926,14,48,7975,7976,9927,1,1952
3258,16,48,8881,8882,9930,1,1049
2929,17,48,7984,7985,9933,1,1949
2932,20,48,7992,7994,9936,2,1944
3264,22,48,8897,8898,9939,1,1042
2935,23,48,8000,8001,9942,1,1942
2938,26,48,8008,8009,9945,1,1937
3270,28,48,8914,8915,9948,1,1034
2941,29,48,8016,8018,9951,2,1935
3639,1,48,9920,9921,9954,1,34
3311,3,48,9025,9026,9957,1,932
2983,5,48,8131,8132,9960,1,1829
3076,32,48,8385,8387,9963,2,1578
3342,34,48,9110,9111,9966,1,856
3013,35,48,8213,8215,9969,2,1756
3016,38,48,8221,8222,9972,1,1751
3347,39,48,9124,9125,9975,1,851
3614,42,48,9852,9854,9978,2,126
3022,44,48,8237,8238,9981,1,1744
3353,45,48,9140,9141,9984,1,844
3620,48,48,9868,9869,9987,1,119
3028,50,48,8254,8255,9990,1,1736
3359,51,48,9156,9158,9993,2,837
3626,54,48,9885,9887,9996,2,111
3627,55,48,9887,9888,9999,1,112
3365,57,48,9173,9175,10002,2,829
3632,60,48,9901,9902,10005,1,104
3633,61,48,9904,9905,10008,1,104
3371,63,48,9189,9191,10011,2,822
3637,65,48,9915,9917,10014,2,99
2980,2,48,8123,8125,10017,2,1894
3312,4,48,9028,9029,10020,1,992
3644,6,48,9934,9935,10023,1,89
3645,7,48,9936,9938,10026,2,90
3317,9,48,9042,9044,10029,2,987
3650,12,48,9950,9951,10032,1,82
3651,13,48,9953,9955,10035,2,82
3323,15,48,9058,9059,10038,1,980
3656,18,48,9966,9968,10041,2,75
3657,19,48,9969,9971,10044,2,75
3329,21,48,9075,9077,10047,2,972
3662,24,48,9983,9985,10050,2,67
3663,25,48,9985,9986,10053,1,68
3335,27,48,9091,9092,10056,1,965
3668,30,48,9999,10001,10059,2,60
3079,35,48,8393,8395,10062,2,1669
3082,38,48,8401,8402,10065,1,1664
3348,40,48,9126,9128,10068,2,942
3085,41,48,8409,8411,10071,2,1662
3088,44,48,8417,8418,10074,1,1657
3354,46,48,9143,9145,10077,2,934
3091,47,48,8425,8426,10080,1,1655
3094,50,48,8434,8435,10083,1,1649
3360,52,48,9159,9161,10086,2,927
3097,53,48,8442,8444,10089,2,1647
3100,56,48,8450,8451,10092,1,1642
3366,58,48,9175,9176,10095,1,920
3103,59,48,8458,8459,10098,1,1640
3106,62,48,8466,8468,10101,2,1635
3372,64,48,9192,9194,10104,2,912
3110,66,48,8477,8478,10107,1,1630
3142,32,48,8565,8567,10110,2,1545
3407,33,48,9287,9288,10113,1,826
2986,8,48,8139,8141,10116,2,1977
3318,10,48,9045,9047,10119,2,1074
2989,11,48,8147,8148,10122,1,1975
2992,14,48,8155,8156,10125,1,1970
3324,16,48,9061,9062,10128,1,1067
2995,17,48,8164,8165,10131,1,1967
2998,20,48,8172,8174,10134,2,1962
3330,22,48,9077,9078,10137,1,1060
3001,23,48,8180,8181,10140,1,1960
3004,26,48,8188,8189,10143,1,1955
3336,28,48,9094,9095,10146,1,1052
3007,29,48,8196,8198,10149,2,1953
3046,2,48,8303,8305,10152,2,1849
3377,3,48,9205,9206,10155,1,950
3049,5,48,8311,8312,10158,1,1847
3208,32,48,8745,8747,10161,2,1416
3408,34,48,9290,9291,10164,1,874
3145,35,48,8573,8575,10167,2,1594
3148,38,48,8581,8582,10170,1,1589
3413,39,48,9304,9305,10173,1,869
3151,41,48,8589,8591,10176,2,1587
3154,44,48,8597,8598,10179,1,1582
3419,45,48,9320,9321,10182,1,862
3157,47,48,8605,8606,10185,1,1580
3160,50,48,8614,8615,10188,1,1574
3425,51,48,9336,9338,10191,2,855
3163,53,48,8622,8624,10194,2,1572
3166,56,48,8630,8631,10197,1,1567
3431,57,48,9353,9355,10200,2,847
3169,59,48,8638,8639,10203,1,1565
3172,62,48,8646,8648,10206,2,1560
3437,63,48,9369,9371,10209,2,840
3176,66,48,8657,8658,10212,1,1555
3112,2,48,8483,8485,10215,2,1732
3378,4,48,9208,9209,10218,1,1010
3115,5,48,8491,8492,10221,1,1730
3052,8,48,8319,8321,10224,2,1905
3383,9,48,9222,9224,10227,2,1005
3055,11,48,8327,8328,10230,1,1903
3058,14,48,8335,8336,10233,1,1898
3389,15,48,9238,9239,10236,1,998
3061,17,48,8344,8345,10239,1,1895
3064,20,48,8352,8354,10242,2,1890
3395,21,48,9255,9257,10245,2,990
3067,23,48,8360,8361,10248,1,1888
3070,26,48,8368,8369,10251,1,1883
3401,27,48,9271,9272,10254,1,983
3073,29,48,8376,8378,10257,2,1881
3211,35,48,8753,8755,10260,2,1507
3214,38,48,8761,8762,10263,1,1502
3414,40,48,9306,9308,10266,2,960
3217,41,48,8769,8771,10269,2,1500
3220,44,48,8777,8778,10272,1,1495
3420,46,48,9323,9325,10275,2,952
3223,47,48,8785,8786,10278,1,1493
3226,50,48,8794,8795,10281,1,1487
3426,52,48,9339,9341,10284,2,945
3229,53,48,8802,8804,10287,2,1485
3232,56,48,8810,8811,10290,1,1480
3432,58,48,9355,9356,10293,1,938
3235,59,48,8818,8819,10296,1,1478
3238,62,48,8826,8828,10299,2,1473
3438,64,48,9372,9374,10302,2,930
3242,66,48,8837,8838,10305,1,1468
3274,32,48,8925,8927,10308,2,1383
3473,33,48,9467,9468,10311,1,844
3118,8,48,8499,8501,10314,2,1815
3384,10,48,9225,9227,10317,2,1092
3121,11,48,8507,8508,10320,1,1813
3124,14,48,8515,8516,10323,1,1808
3390,16,48,9241,9242,10326,1,1085
3127,17,48,8524,8525,10329,1,1805
3130,20,48,8532,8534,10332,2,1800
3396,22,48,9257,9258,10335,1,1078
3133,23,48,8540,8541,10338,1,1798
3136,26,48,8548,8549,10341,1,1793
3402,28,48,9274,9275,10344,1,1070
3139,29,48,8556,8558,10347,2,1791
3178,2,48,8663,8665,10350,2,1687
3443,3,48,9385,9386,10353,1,968
3181,5,48,8671,8672,10356,1,1685
3340,32,48,9105,9107,10359,2,1254
3474,34,48,9470,9471,10362,1,892
3277,35,48,8933,8935,10365,2,1432
3280,38,48,8941,8942,10368,1,1427
3479,39,48,9484,9485,10371,1,887
3283,41,48,8949,8951,10374,2,1425
3286,44,48,8957,8958,10377,1,1420
3485,45,48,9500,9501,10380,1,880
3289,47,48,8965,8966,10383,1,1418
3292,50,48,8974,8975,10386,1,1412
3491,51,48,9516,9518,10389,2,873
3295,53,48,8982,8984,10392,2,1410
3298,56,48,8990,8991,10395,1,1405
3497,57,48,9533,9535,10398,2,865
3301,59,48,8998,8999,10401,1,1403
3304,62,48,9006,9008,10404,2,1398
3503,63,48,9549,9551,10407,2,858
3308,66,48,9017,9018,10410,1,1393
3244,2,48,8843,8845,10413,2,1570
3444,4,48,9388,9389,10416,1,1028
3247,5,48,8851,8852,10419,1,1568
3184,8,48,8679,8681,10422,2,1743
3449,9,48,9402,9404,10425,2,1023
3187,11,48,8687,8688,10428,1,1741
3190,14,48,8695,8696,10431,1,1736
3455,15,48,9418,9419,10434,1,1016
3193,17,48,8704,8705,10437,1,1733
3196,20,48,8712,8714,10440,2,1728
3461,21,48,9435,9437,10443,2,1008
3199,23,48,8720,8721,10446,1,1726
3202,26,48,8728,8729,10449,1,1721
3467,27,48,9451,9452,10452,1,1001
3205,29,48,8736,8738,10455,2,1719
3343,35,48,9113,9115,10458,2,1345
3346,38,48,9121,9122,10461,1,1340
3480,40,48,9486,9488,10464,2,978
3349,41,48,9129,9131,10467,2,1338
3352,44,48,9137,9138,10470,1,1333
3486,46,48,9503,9505,10473,2,970
3355,47,48,9145,9146,10476,1,1331
3358,50,48,9154,9155,10479,1,1325
3492,52,48,9519,9521,10482,2,963
3361,53,48,9162,9164,10485,2,1323
3364,56,48,9170,9171,10488,1,1318
3498,58,48,9535,9536,10491,1,956
3367,59,48,9178,9179,10494,1,1316
3370,62,48,9186,9188,10497,2,1311
3504,64,48,9552,9554,10500,2,948
3374,66,48,9197,9198,10503,1,1306
3406,32,48,9285,9287,10506,2,1221
3539,33,48,9647,9648,10509,1,862
3250,8,48,8859,8861,10512,2,1653
3450,10,48,9405,9407,10515,2,1110
3253,11,48,8867,8868,10518,1,1651
3256,14,48,8875,8876,10521,1,1646
3456,16,48,9421,9422,10524,1,1103
3259,17,48,8884,8885,10527,1,1643
3262,20,48,8892,8894,10530,2,1638
3462,22,48,9437,9438,10533,1,1096
3265,23,48,8900,8901,10536,1,1636
3268,26,48,8908,8909,10539,1,1631
3468,28,48,9454,9455,10542,1,1088
3271,29,48,8916,8918,10545,2,1629
3310,2,48,9023,9025,10548,2,1525
3509,3,48,9565,9566,10551,1,986
3313,5,48,9031,9032,10554,1,1523
3472,32,48,9465,9467,10557,2,1092
3540,34,48,9650,9651,10560,1,910
3409,35,48,9293,9295,10563,2,1270
3412,38,48,9301,9302,10566,1,1265
3545,39,48,9664,9665,10569,1,905
3415,41,48,9309,9311,10572,2,1263
3418,44,48,9317,9318,10575,1,1258
3551,45,48,9680,9681,10578,1,898
3421,47,48,9325,9326,10581,1,1256
3424,50,48,9334,9335,10584,1,1250
3557,51,48,9696,9698,10587,2,891
3427,53,48,9342,9344,10590,2,1248
3430,56,48,9350,9351,10593,1,1243
3563,57,48,9713,9715,10596,2,883
3433,59,48,9358,9359,10599,1,1241
3436,62,48,9366,9368,10602,2,1236
3569,63,48,9729,9731,10605,2,876
3440,66,48,9377,9378,10608,1,1231
3376,2,48,9203,9205,10611,2,1408
3510,4,48,9568,9569,10614,1,1046
3379,5,48,9211,9212,10617,1,1406
3316,8,48,9039,9041,10620,2,1581
3515,9,48,9582,9584,10623,2,1041
3319,11,48,9047,9048,10626,1,1579
3322,14,48,9055,9056,10629,1,1574
3521,15,48,9598,9599,10632,1,1034
3325,17,48,9064,9065,10635,1,1571
3328,20,48,9072,9074,10638,2,1566
3527,21,48,9615,9617,10641,2,1026
3331,23,48,9080,9081,10644,1,1564
3334,26,48,9088,9089,10647,1,1559
3533,27,48,9631,9632,10650,1,1019
3337,29,48,9096,9098,10653,2,1557
3475,35,48,9473,9475,10656,2,1183
3478,38,48,9481,9482,10659,1,1178
3546,40,48,9666,9668,10662,2,996
3481,41,48,9489,9491,10665,2,1176
3484,44,48,9497,9498,10668,1,1171
3552,46,48,9683,9685,10671,2,988
3487,47,48,9505,9506,10674,1,1169
3490,50,48,9514,9515,10677,1,1163
3558,52,48,9699,9701,10680,2,981
3493,53,48,9522,9524,10683,2,1161
3496,56,48,9530,9531,10686,1,1156
3564,58,48,9715,9716,10689,1,974
3499,59,48,9538,9539,10692,1,1154
3502,62,48,9546,9548,10695,2,1149
3570,64,48,9732,9734,10698,2,966
3506,66,48,9557,9558,10701,1,1144
3538,32,48,9645,9647,10704,2,1059
3605,33,48,9827,9828,10707,1,880
3382,8,48,9219,9221,10710,2,1491
3516,10,48,9585,9587,10713,2,1128
3385,11,48,9227,9228,10716,1,1489
3388,14,48,9235,9236,10719,1,1484
3522,16,48,9601,9602,10722,1,1121
3391,17,48,9244,9245,10725,1,1481
3394,20,48,9252,9254,10728,2,1476
3528,22,48,9617,9618,10731,1,1114
3397,23,48,9260,9261,10734,1,1474
3400,26,48,9268,9269,10737,1,1469
3534,28,48,9634,9635,10740,1,1106
3403,29,48,9276,9278,10743,2,1467
3442,2,48,9383,9385,10746,2,1363
3575,3,48,9745,9746,10749,1,1004
3445,5,48,9391,9392,10752,1,1361
3604,32,48,9825,9827,10755,2,930
3606,34,48,9830,9831,10758,1,928
3541,35,48,9653,9655,10761,2,1108
3544,38,48,9661,9662,10764,1,1103
3611,39,48,9844,9845,10767,1,923
3547,41,48,9669,9671,10770,2,1101
3550,44,48,9677,9678,10773,1,1096
3617,45,48,9860,9861,10776,1,916
3553,47,48,9685,9686,10779,1,1094
3556,50,48,9694,9695,10782,1,1088
3623,51,48,9876,9878,10785,2,909
3559,53,48,9702,9704,10788,2,1086
3562,56,48,9710,9711,10791,1,1081
3629,57,48,9893,9895,10794,2,901
3565,59,48,9718,9719,10797,1,1079
3568,62,48,9726,9728,10800,2,1074
3635,63,48,9909,9911,10803,2,894
3572,66,48,9737,9738,10806,1,1069
3508,2,48,9563,9565,10809,2,1246
3576,4,48,9748,9749,10812,1,1064
3511,5,48,9571,9572,10815,1,1244
3448,8,48,9399,9401,10818,2,1419
3581,9,48,9762,9764,10821,2,1059
3451,11,48,9407,9408,10824,1,1417
3454,14,48,9415,9416,10827,1,1412
3587,15,48,9778,9779,10830,1,1052
3457,17,48,9424,9425,10833,1,1409
3460,20,48,9432,9434,10836,2,1404
3593,21,48,9795,9797,10839,2,1044
3463,23,48,9440,9441,10842,1,1402
3466,26,48,9448,9449,10845,1,1397
3599,27,48,9811,9812,10848,1,1037
3469,29,48,9456,9458,10851,2,1395
3607,35,48,9833,9835,10854,2,1021
3610,38,48,9841,9842,10857,1,1016
3612,40,48,9846,9848,10860,2,1014
3613,41,48,9849,9851,10863,2,1014
3616,44,48,9857,9858,10866,1,1009
3618,46,48,9863,9865,10869,2,1006
3619,47,48,9865,9866,10872,1,1007
3622,50,48,9874,9875,10875,1,1001
3624,52,48,9879,9881,10878,2,999
3625,53,48,9882,9884,10881,2,999
3628,56,48,9890,9891,10884,1,994
3630,58,48,9895,9896,10887,1,992
3631,59,48,9898,9899,10890,1,992
3634,62,48,9906,9908,10893,2,987
3636,64,48,9912,9914,10896,2,984
3638,66,48,9917,9918,10899,1,982
3514,8,48,9579,9581,10902,2,1323
3582,10,48,9765,9767,10905,2,1140
3517,11,48,9587,9588,10908,1,1321
3520,14,48,9595,9596,10911,1,1316
3588,16,48,9781,9782,10914,1,1133
3523,17,48,9604,9605,10917,1,1313
3526,20,48,9612,9614,10920,2,1308
3594,22,48,9797,9798,10923,1,1126
3529,23,48,9620,9621,10926,1,1306
3532,26,48,9628,9629,10929,1,1301
3600,28,48,9814,9815,10932,1,1118
3535,29,48,9636,9638,10935,2,1299
3574,2,48,9743,9745,10938,2,1195
3641,3,48,9925,9926,10941,1,1016
3577,5,48,9751,9752,10944,1,1193
3640,2,48,9923,9925,10947,2,1024
3642,4,48,9928,9929,10950,1,1022
3643,5,48,9931,9932,10953,1,1022
3580,8,48,9759,9761,10956,2,1197
3647,9,48,9942,9944,10959,2,1017
3583,11,48,9767,9768,10962,1,1195
3586,14,48,9775,9776,10965,1,1190
3653,15,48,9958,9959,10968,1,1010
3589,17,48,9784,9785,10971,1,1187
3592,20,48,9792,9794,10974,2,1182
3659,21,48,9975,9977,10977,2,1002
3595,23,48,9800,9801,10980,1,1180
3598,26,48,9808,9809,10983,1,1175
3665,27,48,9991,9992,10986,1,995
3601,29,48,9816,9818,10989,2,1173
3646,8,48,9939,9941,10992,2,1053
3648,10,48,9945,9947,10995,2,1050
3649,11,48,9947,9948,10998,1,1051
3652,14,48,9955,9956,11001,1,1046
3654,16,48,9961,9962,11004,1,1043
3655,17,48,9964,9965,11007,1,1043
3658,20,48,9972,9974,11010,2,1038
3660,22,48,9977,9978,11013,1,1036
3661,23,48,9980,9981,11016,1,1036
3664,26,48,9988,9989,11019,1,1031
3666,28,48,9994,9995,11022,1,1028
3667,29,48,9996,9998,11025,2,1029
