Design Assistant report for pifo
Wed Sep  9 13:11:47 2026
Quartus Prime Version 25.3.1 Build 100 12/19/2025 SC Pro Edition


---------------------
; Table of Contents ;
---------------------
  1. Legal Notice
  2. Design Assistant (Synthesized) Results - 1 of 13 Rules Failed
  3. RES-30134 - Registers Not Reachable from Reset Release IP
  4. LNT-30011 - Design Contains Combinational Loops
  5. LNT-30017 - Register Output Driving Its Own Asynchronous Control Signal Directly or Through Combinational Logic
  6. LNT-30023 - Reset Nets with Polarity Conflict
  7. RES-30132 - Registers May Not Be Properly Reset
  8. RES-30133 - Embedded Memory Blocks with Initialized Content That Might be Modified Before the FPGA Enters User Mode
  9. TMC-20052 - Paths with Post Synthesis Inferred Latches
 10. FLP-10500 - Non Driving Top Level Inputs Found
 11. LNT-30010 - Nets Driving both Reset and Clock Enable Signals
 12. LNT-50006 - DSP Control Signal Registers Reset Mode Mismatch
 13. TMC-20053 - DSP Inputs Driven by High Fan-Out Net
 14. TMC-20500 - Hierarchical Tree Duplication was Shallower than Possible
 15. TMC-20501 - Hierarchical Tree Duplication was Shallower than Requested



----------------
; Legal Notice ;
----------------
Copyright (C) 2025  Altera Corporation. All rights reserved.
Your use of Altera Corporation's design tools, logic functions 
and other software and tools, and any partner logic 
functions, and any output files from any of the foregoing 
(including device programming or simulation files), and any 
associated documentation or information are expressly subject 
to the terms and conditions of the Altera Program License 
Subscription Agreement, the Altera Quartus Prime License Agreement,
the Altera IP License Agreement, or other applicable license
agreement, including, without limitation, that your use is for
the sole purpose of programming logic devices manufactured by
Altera and sold by Altera or its authorized distributors.  Please
refer to the Altera Software License Subscription Agreements 
on the Quartus Prime software download page.



+----------------------------------------------------------------------------------------------------------------------------------------------------------------------------------------+
; Design Assistant (Synthesized) Results - 1 of 13 Rules Failed                                                                                                                          ;
+---------------------------------------------------------------------------------------------------------------------+----------+------------+--------+---------------------------------+
; Rule                                                                                                                ; Severity ; Violations ; Waived ; Tags                            ;
+---------------------------------------------------------------------------------------------------------------------+----------+------------+--------+---------------------------------+
; RES-30134 - Registers Not Reachable from Reset Release IP                                                           ; Medium   ; 5,000+     ; 0      ; reset-usage, reset-reachability ;
; LNT-30011 - Design Contains Combinational Loops                                                                     ; High     ; 0          ; 0      ; nonstandard-timing              ;
; LNT-30017 - Register Output Driving Its Own Asynchronous Control Signal Directly or Through Combinational Logic     ; Medium   ; 0          ; 0      ; nonstandard-timing              ;
; LNT-30023 - Reset Nets with Polarity Conflict                                                                       ; Medium   ; 0          ; 0      ; reset-usage                     ;
; RES-30132 - Registers May Not Be Properly Reset                                                                     ; Medium   ; 0          ; 0      ; reset-usage, reset-reachability ;
; RES-30133 - Embedded Memory Blocks with Initialized Content That Might be Modified Before the FPGA Enters User Mode ; Medium   ; 0          ; 0      ; ram, reset-usage                ;
; TMC-20052 - Paths with Post Synthesis Inferred Latches                                                              ; Medium   ; 0          ; 0      ; nonstandard-timing, latch       ;
; FLP-10500 - Non Driving Top Level Inputs Found                                                                      ; Low      ; 0          ; 0      ; system                          ;
; LNT-30010 - Nets Driving both Reset and Clock Enable Signals                                                        ; Low      ; 0          ; 0      ; reset-usage                     ;
; LNT-50006 - DSP Control Signal Registers Reset Mode Mismatch                                                        ; Low      ; 0          ; 0      ; dsp, reset-usage                ;
; TMC-20053 - DSP Inputs Driven by High Fan-Out Net                                                                   ; Low      ; 0          ; 0      ; dsp                             ;
; TMC-20500 - Hierarchical Tree Duplication was Shallower than Possible                                               ; Low      ; 0          ; 0      ; register-duplication, synthesis ;
; TMC-20501 - Hierarchical Tree Duplication was Shallower than Requested                                              ; Low      ; 0          ; 0      ; register-duplication, synthesis ;
+---------------------------------------------------------------------------------------------------------------------+----------+------------+--------+---------------------------------+


Status:		FAIL
Severity:		Medium
Number of violations: 	5,000+
Rule Parameters:      	max_violations = 5000
+----------------------------------------------------------------------------------------------------+
; RES-30134 - Registers Not Reachable from Reset Release IP                                          ;
+-------------------------------------------------------------------------------------------+--------+
; Register Node                                                                             ; Waived ;
+-------------------------------------------------------------------------------------------+--------+
; guard|emptyPifos_0_498                                                                    ;        ;
; guard|emptyPifos_0_290                                                                    ;        ;
; guard|emptyPifos_0_391                                                                    ;        ;
; guard|emptyPifos_2_206                                                                    ;        ;
; guard|emptyPifos_2_207                                                                    ;        ;
; guard|emptyPifos_2_195                                                                    ;        ;
; guard|emptyPifos_2_199                                                                    ;        ;
; guard|emptyPifos_2_223                                                                    ;        ;
; guard|emptyPifos_2_215                                                                    ;        ;
; guard|emptyPifos_2_203                                                                    ;        ;
; guard|emptyPifos_2_219                                                                    ;        ;
; guard|emptyPifos_2_211                                                                    ;        ;
; guard|emptyPifos_2_239                                                                    ;        ;
; guard|emptyPifos_0_263                                                                    ;        ;
; guard|emptyPifos_2_227                                                                    ;        ;
; guard|emptyPifos_2_231                                                                    ;        ;
; guard|emptyPifos_2_255                                                                    ;        ;
; guard|emptyPifos_2_247                                                                    ;        ;
; guard|emptyPifos_2_235                                                                    ;        ;
; guard|emptyPifos_2_251                                                                    ;        ;
; guard|emptyPifos_2_243                                                                    ;        ;
; guard|emptyPifos_2_242                                                                    ;        ;
; guard|emptyPifos_2_194                                                                    ;        ;
; guard|emptyPifos_2_210                                                                    ;        ;
; guard|emptyPifos_0_452                                                                    ;        ;
; guard|emptyPifos_2_246                                                                    ;        ;
; guard|emptyPifos_2_214                                                                    ;        ;
; guard|emptyPifos_2_226                                                                    ;        ;
; guard|emptyPifos_2_230                                                                    ;        ;
; guard|emptyPifos_2_198                                                                    ;        ;
; guard|emptyPifos_1_492                                                                    ;        ;
; guard|emptyPifos_1_300                                                                    ;        ;
; guard|emptyPifos_1_364                                                                    ;        ;
; guard|emptyPifos_1_508                                                                    ;        ;
; guard|emptyPifos_1_380                                                                    ;        ;
; guard|emptyPifos_0_260                                                                    ;        ;
; guard|emptyPifos_1_428                                                                    ;        ;
; guard|emptyPifos_1_444                                                                    ;        ;
; guard|emptyPifos_1_316                                                                    ;        ;
; guard|emptyPifos_1_488                                                                    ;        ;
; guard|emptyPifos_1_296                                                                    ;        ;
; guard|emptyPifos_1_360                                                                    ;        ;
; guard|emptyPifos_1_460                                                                    ;        ;
; guard|emptyPifos_1_268                                                                    ;        ;
; guard|emptyPifos_1_332                                                                    ;        ;
; guard|emptyPifos_1_476                                                                    ;        ;
; guard|emptyPifos_0_324                                                                    ;        ;
; guard|emptyPifos_1_348                                                                    ;        ;
; guard|emptyPifos_1_396                                                                    ;        ;
; guard|emptyPifos_1_412                                                                    ;        ;
; guard|emptyPifos_1_284                                                                    ;        ;
; guard|emptyPifos_1_496                                                                    ;        ;
; guard|emptyPifos_1_368                                                                    ;        ;
; guard|emptyPifos_1_416                                                                    ;        ;
; guard|emptyPifos_1_432                                                                    ;        ;
; guard|emptyPifos_1_304                                                                    ;        ;
; guard|emptyPifos_1_448                                                                    ;        ;
; guard|emptyPifos_0_453                                                                    ;        ;
; guard|emptyPifos_1_256                                                                    ;        ;
; guard|emptyPifos_1_320                                                                    ;        ;
; guard|emptyPifos_1_464                                                                    ;        ;
; guard|emptyPifos_1_336                                                                    ;        ;
; guard|emptyPifos_1_384                                                                    ;        ;
; guard|emptyPifos_1_400                                                                    ;        ;
; guard|emptyPifos_1_272                                                                    ;        ;
; guard|emptyPifos_1_484                                                                    ;        ;
; guard|emptyPifos_1_292                                                                    ;        ;
; guard|emptyPifos_1_356                                                                    ;        ;
; guard|emptyPifos_0_325                                                                    ;        ;
; guard|emptyPifos_1_500                                                                    ;        ;
; guard|emptyPifos_1_372                                                                    ;        ;
; guard|emptyPifos_1_420                                                                    ;        ;
; guard|emptyPifos_1_436                                                                    ;        ;
; guard|emptyPifos_1_308                                                                    ;        ;
; guard|emptyPifos_1_480                                                                    ;        ;
; guard|emptyPifos_1_288                                                                    ;        ;
; guard|emptyPifos_1_352                                                                    ;        ;
; guard|emptyPifos_1_452                                                                    ;        ;
; guard|emptyPifos_1_260                                                                    ;        ;
; guard|emptyPifos_0_388                                                                    ;        ;
; guard|emptyPifos_1_324                                                                    ;        ;
; guard|emptyPifos_1_468                                                                    ;        ;
; guard|emptyPifos_1_340                                                                    ;        ;
; guard|emptyPifos_1_388                                                                    ;        ;
; guard|emptyPifos_1_404                                                                    ;        ;
; guard|emptyPifos_1_276                                                                    ;        ;
; guard|emptyPifos_1_505                                                                    ;        ;
; guard|emptyPifos_1_377                                                                    ;        ;
; guard|emptyPifos_1_425                                                                    ;        ;
; guard|emptyPifos_1_441                                                                    ;        ;
; guard|emptyPifos_0_389                                                                    ;        ;
; guard|emptyPifos_1_313                                                                    ;        ;
; guard|emptyPifos_1_457                                                                    ;        ;
; guard|emptyPifos_1_265                                                                    ;        ;
; guard|emptyPifos_1_329                                                                    ;        ;
; guard|emptyPifos_1_473                                                                    ;        ;
; guard|emptyPifos_1_345                                                                    ;        ;
; guard|emptyPifos_1_393                                                                    ;        ;
; guard|emptyPifos_1_409                                                                    ;        ;
; guard|emptyPifos_1_281                                                                    ;        ;
; guard|emptyPifos_1_493                                                                    ;        ;
; guard|emptyPifos_0_261                                                                    ;        ;
; guard|emptyPifos_1_301                                                                    ;        ;
; guard|emptyPifos_1_365                                                                    ;        ;
; guard|emptyPifos_1_509                                                                    ;        ;
; guard|emptyPifos_1_381                                                                    ;        ;
; guard|emptyPifos_1_429                                                                    ;        ;
; guard|emptyPifos_1_445                                                                    ;        ;
; guard|emptyPifos_1_317                                                                    ;        ;
; guard|emptyPifos_1_489                                                                    ;        ;
; guard|emptyPifos_1_297                                                                    ;        ;
; guard|emptyPifos_1_361                                                                    ;        ;
; guard|emptyPifos_0_354                                                                    ;        ;
; guard|emptyPifos_0_470                                                                    ;        ;
; guard|emptyPifos_1_461                                                                    ;        ;
; guard|emptyPifos_1_269                                                                    ;        ;
; guard|emptyPifos_1_333                                                                    ;        ;
; guard|emptyPifos_1_477                                                                    ;        ;
; guard|emptyPifos_1_349                                                                    ;        ;
; guard|emptyPifos_1_397                                                                    ;        ;
; guard|emptyPifos_1_413                                                                    ;        ;
; guard|emptyPifos_1_285                                                                    ;        ;
; guard|emptyPifos_1_504                                                                    ;        ;
; guard|emptyPifos_1_376                                                                    ;        ;
; guard|emptyPifos_0_278                                                                    ;        ;
; guard|emptyPifos_1_424                                                                    ;        ;
; guard|emptyPifos_1_440                                                                    ;        ;
; guard|emptyPifos_1_312                                                                    ;        ;
; guard|emptyPifos_1_456                                                                    ;        ;
; guard|emptyPifos_1_264                                                                    ;        ;
; guard|emptyPifos_1_328                                                                    ;        ;
; guard|emptyPifos_1_472                                                                    ;        ;
; guard|emptyPifos_1_344                                                                    ;        ;
; guard|emptyPifos_1_392                                                                    ;        ;
; guard|emptyPifos_1_408                                                                    ;        ;
; guard|emptyPifos_0_342                                                                    ;        ;
; guard|emptyPifos_1_280                                                                    ;        ;
; guard|emptyPifos_1_497                                                                    ;        ;
; guard|emptyPifos_1_369                                                                    ;        ;
; guard|emptyPifos_1_417                                                                    ;        ;
; guard|emptyPifos_1_433                                                                    ;        ;
; guard|emptyPifos_1_305                                                                    ;        ;
; guard|emptyPifos_1_449                                                                    ;        ;
; guard|emptyPifos_1_257                                                                    ;        ;
; guard|emptyPifos_1_321                                                                    ;        ;
; guard|emptyPifos_1_465                                                                    ;        ;
; guard|emptyPifos_0_471                                                                    ;        ;
; guard|emptyPifos_1_337                                                                    ;        ;
; guard|emptyPifos_1_385                                                                    ;        ;
; guard|emptyPifos_1_401                                                                    ;        ;
; guard|emptyPifos_1_273                                                                    ;        ;
; guard|emptyPifos_1_485                                                                    ;        ;
; guard|emptyPifos_1_293                                                                    ;        ;
; guard|emptyPifos_1_357                                                                    ;        ;
; guard|emptyPifos_1_501                                                                    ;        ;
; guard|emptyPifos_1_373                                                                    ;        ;
; guard|emptyPifos_1_421                                                                    ;        ;
; guard|emptyPifos_0_343                                                                    ;        ;
; guard|emptyPifos_1_437                                                                    ;        ;
; guard|emptyPifos_1_309                                                                    ;        ;
; guard|emptyPifos_1_481                                                                    ;        ;
; guard|emptyPifos_1_289                                                                    ;        ;
; guard|emptyPifos_1_353                                                                    ;        ;
; guard|emptyPifos_1_453                                                                    ;        ;
; guard|emptyPifos_1_261                                                                    ;        ;
; guard|emptyPifos_1_325                                                                    ;        ;
; guard|emptyPifos_1_469                                                                    ;        ;
; guard|emptyPifos_1_341                                                                    ;        ;
; guard|emptyPifos_0_406                                                                    ;        ;
; guard|emptyPifos_1_389                                                                    ;        ;
; guard|emptyPifos_1_405                                                                    ;        ;
; guard|emptyPifos_1_277                                                                    ;        ;
; guard|emptyPifos_1_494                                                                    ;        ;
; guard|emptyPifos_1_302                                                                    ;        ;
; guard|emptyPifos_1_366                                                                    ;        ;
; guard|emptyPifos_1_510                                                                    ;        ;
; guard|emptyPifos_1_382                                                                    ;        ;
; guard|emptyPifos_1_430                                                                    ;        ;
; guard|emptyPifos_1_446                                                                    ;        ;
; guard|emptyPifos_0_407                                                                    ;        ;
; guard|emptyPifos_1_318                                                                    ;        ;
; guard|emptyPifos_1_490                                                                    ;        ;
; guard|emptyPifos_1_298                                                                    ;        ;
; guard|emptyPifos_1_362                                                                    ;        ;
; guard|emptyPifos_1_462                                                                    ;        ;
; guard|emptyPifos_1_270                                                                    ;        ;
; guard|emptyPifos_1_334                                                                    ;        ;
; guard|emptyPifos_1_478                                                                    ;        ;
; guard|emptyPifos_1_350                                                                    ;        ;
; guard|emptyPifos_1_398                                                                    ;        ;
; guard|emptyPifos_0_279                                                                    ;        ;
; guard|emptyPifos_1_414                                                                    ;        ;
; guard|emptyPifos_1_286                                                                    ;        ;
; guard|emptyPifos_1_498                                                                    ;        ;
; guard|emptyPifos_1_370                                                                    ;        ;
; guard|emptyPifos_1_418                                                                    ;        ;
; guard|emptyPifos_1_434                                                                    ;        ;
; guard|emptyPifos_1_306                                                                    ;        ;
; guard|emptyPifos_1_450                                                                    ;        ;
; guard|emptyPifos_1_258                                                                    ;        ;
; guard|emptyPifos_1_322                                                                    ;        ;
; guard|emptyPifos_0_454                                                                    ;        ;
; guard|emptyPifos_1_466                                                                    ;        ;
; guard|emptyPifos_1_338                                                                    ;        ;
; guard|emptyPifos_1_386                                                                    ;        ;
; guard|emptyPifos_1_402                                                                    ;        ;
; guard|emptyPifos_1_274                                                                    ;        ;
; guard|emptyPifos_1_486                                                                    ;        ;
; guard|emptyPifos_1_294                                                                    ;        ;
; guard|emptyPifos_1_358                                                                    ;        ;
; guard|emptyPifos_1_502                                                                    ;        ;
; guard|emptyPifos_1_374                                                                    ;        ;
; guard|emptyPifos_0_262                                                                    ;        ;
; guard|emptyPifos_1_422                                                                    ;        ;
; guard|emptyPifos_1_438                                                                    ;        ;
; guard|emptyPifos_1_310                                                                    ;        ;
; guard|emptyPifos_1_482                                                                    ;        ;
; guard|emptyPifos_1_290                                                                    ;        ;
; guard|emptyPifos_1_354                                                                    ;        ;
; guard|emptyPifos_1_454                                                                    ;        ;
; guard|emptyPifos_1_262                                                                    ;        ;
; guard|emptyPifos_1_326                                                                    ;        ;
; guard|emptyPifos_1_470                                                                    ;        ;
; guard|emptyPifos_0_496                                                                    ;        ;
; guard|emptyPifos_0_326                                                                    ;        ;
; guard|emptyPifos_1_342                                                                    ;        ;
; guard|emptyPifos_1_390                                                                    ;        ;
; guard|emptyPifos_1_406                                                                    ;        ;
; guard|emptyPifos_1_278                                                                    ;        ;
; guard|emptyPifos_1_507                                                                    ;        ;
; guard|emptyPifos_1_379                                                                    ;        ;
; guard|emptyPifos_1_427                                                                    ;        ;
; guard|emptyPifos_1_443                                                                    ;        ;
; guard|emptyPifos_1_315                                                                    ;        ;
; guard|emptyPifos_1_459                                                                    ;        ;
; guard|emptyPifos_0_468                                                                    ;        ;
; guard|emptyPifos_1_267                                                                    ;        ;
; guard|emptyPifos_1_331                                                                    ;        ;
; guard|emptyPifos_1_475                                                                    ;        ;
; guard|emptyPifos_1_347                                                                    ;        ;
; guard|emptyPifos_1_395                                                                    ;        ;
; guard|emptyPifos_1_411                                                                    ;        ;
; guard|emptyPifos_1_283                                                                    ;        ;
; guard|emptyPifos_1_495                                                                    ;        ;
; guard|emptyPifos_1_303                                                                    ;        ;
; guard|emptyPifos_1_367                                                                    ;        ;
; guard|emptyPifos_0_276                                                                    ;        ;
; guard|emptyPifos_1_511                                                                    ;        ;
; guard|emptyPifos_1_383                                                                    ;        ;
; guard|emptyPifos_1_431                                                                    ;        ;
; guard|emptyPifos_1_447                                                                    ;        ;
; guard|emptyPifos_1_319                                                                    ;        ;
; guard|emptyPifos_1_491                                                                    ;        ;
; guard|emptyPifos_1_299                                                                    ;        ;
; guard|emptyPifos_1_363                                                                    ;        ;
; guard|emptyPifos_1_463                                                                    ;        ;
; guard|emptyPifos_1_271                                                                    ;        ;
; guard|emptyPifos_0_340                                                                    ;        ;
; guard|emptyPifos_1_335                                                                    ;        ;
; guard|emptyPifos_1_479                                                                    ;        ;
; guard|emptyPifos_1_351                                                                    ;        ;
; guard|emptyPifos_1_399                                                                    ;        ;
; guard|emptyPifos_1_415                                                                    ;        ;
; guard|emptyPifos_1_287                                                                    ;        ;
; guard|emptyPifos_1_506                                                                    ;        ;
; guard|emptyPifos_1_378                                                                    ;        ;
; guard|emptyPifos_1_426                                                                    ;        ;
; guard|emptyPifos_1_442                                                                    ;        ;
; guard|emptyPifos_0_469                                                                    ;        ;
; guard|emptyPifos_1_314                                                                    ;        ;
; guard|emptyPifos_1_458                                                                    ;        ;
; guard|emptyPifos_1_266                                                                    ;        ;
; guard|emptyPifos_1_330                                                                    ;        ;
; guard|emptyPifos_1_474                                                                    ;        ;
; guard|emptyPifos_1_346                                                                    ;        ;
; guard|emptyPifos_1_394                                                                    ;        ;
; guard|emptyPifos_1_410                                                                    ;        ;
; guard|emptyPifos_1_282                                                                    ;        ;
; guard|emptyPifos_1_499                                                                    ;        ;
; guard|emptyPifos_0_341                                                                    ;        ;
; guard|emptyPifos_1_371                                                                    ;        ;
; guard|emptyPifos_1_419                                                                    ;        ;
; guard|emptyPifos_1_435                                                                    ;        ;
; guard|emptyPifos_1_307                                                                    ;        ;
; guard|emptyPifos_1_451                                                                    ;        ;
; guard|emptyPifos_1_259                                                                    ;        ;
; guard|emptyPifos_1_323                                                                    ;        ;
; guard|emptyPifos_1_467                                                                    ;        ;
; guard|emptyPifos_1_339                                                                    ;        ;
; guard|emptyPifos_1_387                                                                    ;        ;
; guard|emptyPifos_0_404                                                                    ;        ;
; guard|emptyPifos_1_403                                                                    ;        ;
; guard|emptyPifos_1_275                                                                    ;        ;
; guard|emptyPifos_1_487                                                                    ;        ;
; guard|emptyPifos_1_295                                                                    ;        ;
; guard|emptyPifos_1_359                                                                    ;        ;
; guard|emptyPifos_1_503                                                                    ;        ;
; guard|emptyPifos_1_375                                                                    ;        ;
; guard|emptyPifos_1_423                                                                    ;        ;
; guard|emptyPifos_1_439                                                                    ;        ;
; guard|emptyPifos_1_311                                                                    ;        ;
; guard|emptyPifos_0_405                                                                    ;        ;
; guard|emptyPifos_1_483                                                                    ;        ;
; guard|emptyPifos_1_291                                                                    ;        ;
; guard|emptyPifos_1_355                                                                    ;        ;
; guard|emptyPifos_1_455                                                                    ;        ;
; guard|emptyPifos_1_263                                                                    ;        ;
; guard|emptyPifos_1_327                                                                    ;        ;
; guard|emptyPifos_1_471                                                                    ;        ;
; guard|emptyPifos_1_343                                                                    ;        ;
; guard|emptyPifos_1_391                                                                    ;        ;
; guard|emptyPifos_1_407                                                                    ;        ;
; guard|emptyPifos_0_277                                                                    ;        ;
; guard|emptyPifos_1_279                                                                    ;        ;
; guard|emptyPifos_1_15                                                                     ;        ;
; guard|emptyPifos_1_3                                                                      ;        ;
; guard|emptyPifos_1_7                                                                      ;        ;
; guard|emptyPifos_1_31                                                                     ;        ;
; guard|emptyPifos_1_23                                                                     ;        ;
; guard|emptyPifos_1_11                                                                     ;        ;
; guard|emptyPifos_1_27                                                                     ;        ;
; guard|emptyPifos_1_19                                                                     ;        ;
; guard|emptyPifos_1_47                                                                     ;        ;
; guard|emptyPifos_0_506                                                                    ;        ;
; guard|emptyPifos_1_35                                                                     ;        ;
; guard|emptyPifos_1_39                                                                     ;        ;
; guard|emptyPifos_1_63                                                                     ;        ;
; guard|emptyPifos_1_55                                                                     ;        ;
; guard|emptyPifos_1_43                                                                     ;        ;
; guard|emptyPifos_1_59                                                                     ;        ;
; guard|emptyPifos_1_51                                                                     ;        ;
; guard|emptyPifos_1_60                                                                     ;        ;
; guard|emptyPifos_1_28                                                                     ;        ;
; guard|emptyPifos_1_40                                                                     ;        ;
; guard|emptyPifos_0_304                                                                    ;        ;
; guard|emptyPifos_0_314                                                                    ;        ;
; guard|emptyPifos_1_44                                                                     ;        ;
; guard|emptyPifos_1_12                                                                     ;        ;
; guard|emptyPifos_1_48                                                                     ;        ;
; guard|emptyPifos_1_0                                                                      ;        ;
; guard|emptyPifos_1_16                                                                     ;        ;
; guard|emptyPifos_1_52                                                                     ;        ;
; guard|emptyPifos_1_20                                                                     ;        ;
; guard|emptyPifos_1_32                                                                     ;        ;
; guard|emptyPifos_1_36                                                                     ;        ;
; guard|emptyPifos_1_4                                                                      ;        ;
; guard|emptyPifos_0_378                                                                    ;        ;
; guard|emptyPifos_1_57                                                                     ;        ;
; guard|emptyPifos_1_9                                                                      ;        ;
; guard|emptyPifos_1_25                                                                     ;        ;
; guard|emptyPifos_1_61                                                                     ;        ;
; guard|emptyPifos_1_29                                                                     ;        ;
; guard|emptyPifos_1_41                                                                     ;        ;
; guard|emptyPifos_1_45                                                                     ;        ;
; guard|emptyPifos_1_13                                                                     ;        ;
; guard|emptyPifos_1_56                                                                     ;        ;
; guard|emptyPifos_1_8                                                                      ;        ;
; guard|emptyPifos_0_507                                                                    ;        ;
; guard|emptyPifos_1_24                                                                     ;        ;
; guard|emptyPifos_1_49                                                                     ;        ;
; guard|emptyPifos_1_1                                                                      ;        ;
; guard|emptyPifos_1_17                                                                     ;        ;
; guard|emptyPifos_1_53                                                                     ;        ;
; guard|emptyPifos_1_21                                                                     ;        ;
; guard|emptyPifos_1_33                                                                     ;        ;
; guard|emptyPifos_1_37                                                                     ;        ;
; guard|emptyPifos_1_5                                                                      ;        ;
; guard|emptyPifos_1_79                                                                     ;        ;
; guard|emptyPifos_0_379                                                                    ;        ;
; guard|emptyPifos_1_71                                                                     ;        ;
; guard|emptyPifos_1_74                                                                     ;        ;
; guard|emptyPifos_1_75                                                                     ;        ;
; guard|emptyPifos_1_67                                                                     ;        ;
; guard|emptyPifos_1_76                                                                     ;        ;
; guard|emptyPifos_1_64                                                                     ;        ;
; guard|emptyPifos_1_68                                                                     ;        ;
; guard|emptyPifos_1_77                                                                     ;        ;
; guard|emptyPifos_1_69                                                                     ;        ;
; guard|emptyPifos_1_72                                                                     ;        ;
; guard|emptyPifos_0_442                                                                    ;        ;
; guard|emptyPifos_1_73                                                                     ;        ;
; guard|emptyPifos_1_65                                                                     ;        ;
; guard|emptyPifos_1_94                                                                     ;        ;
; guard|emptyPifos_1_82                                                                     ;        ;
; guard|emptyPifos_1_86                                                                     ;        ;
; guard|emptyPifos_1_95                                                                     ;        ;
; guard|emptyPifos_1_87                                                                     ;        ;
; guard|emptyPifos_1_90                                                                     ;        ;
; guard|emptyPifos_1_91                                                                     ;        ;
; guard|emptyPifos_1_83                                                                     ;        ;
; guard|emptyPifos_0_443                                                                    ;        ;
; guard|emptyPifos_1_78                                                                     ;        ;
; guard|emptyPifos_1_66                                                                     ;        ;
; guard|emptyPifos_1_70                                                                     ;        ;
; guard|emptyPifos_1_92                                                                     ;        ;
; guard|emptyPifos_1_80                                                                     ;        ;
; guard|emptyPifos_1_84                                                                     ;        ;
; guard|emptyPifos_1_93                                                                     ;        ;
; guard|emptyPifos_1_85                                                                     ;        ;
; guard|emptyPifos_1_88                                                                     ;        ;
; guard|emptyPifos_1_89                                                                     ;        ;
; guard|emptyPifos_0_315                                                                    ;        ;
; guard|emptyPifos_1_81                                                                     ;        ;
; guard|emptyPifos_1_107                                                                    ;        ;
; guard|emptyPifos_1_104                                                                    ;        ;
; guard|emptyPifos_1_105                                                                    ;        ;
; guard|emptyPifos_1_111                                                                    ;        ;
; guard|emptyPifos_1_109                                                                    ;        ;
; guard|emptyPifos_1_106                                                                    ;        ;
; guard|emptyPifos_1_110                                                                    ;        ;
; guard|emptyPifos_1_108                                                                    ;        ;
; guard|emptyPifos_1_124                                                                    ;        ;
; guard|emptyPifos_0_490                                                                    ;        ;
; guard|emptyPifos_1_112                                                                    ;        ;
; guard|emptyPifos_1_116                                                                    ;        ;
; guard|emptyPifos_1_125                                                                    ;        ;
; guard|emptyPifos_1_117                                                                    ;        ;
; guard|emptyPifos_1_120                                                                    ;        ;
; guard|emptyPifos_1_121                                                                    ;        ;
; guard|emptyPifos_1_113                                                                    ;        ;
; guard|emptyPifos_1_126                                                                    ;        ;
; guard|emptyPifos_1_114                                                                    ;        ;
; guard|emptyPifos_1_118                                                                    ;        ;
; guard|emptyPifos_0_298                                                                    ;        ;
; guard|emptyPifos_1_127                                                                    ;        ;
; guard|emptyPifos_1_119                                                                    ;        ;
; guard|emptyPifos_1_122                                                                    ;        ;
; guard|emptyPifos_1_123                                                                    ;        ;
; guard|emptyPifos_1_115                                                                    ;        ;
; guard|emptyPifos_1_99                                                                     ;        ;
; guard|emptyPifos_1_96                                                                     ;        ;
; guard|emptyPifos_1_97                                                                     ;        ;
; guard|emptyPifos_1_103                                                                    ;        ;
; guard|emptyPifos_1_101                                                                    ;        ;
; guard|emptyPifos_0_362                                                                    ;        ;
; guard|emptyPifos_1_98                                                                     ;        ;
; guard|emptyPifos_1_102                                                                    ;        ;
; guard|emptyPifos_1_100                                                                    ;        ;
; guard|emptyPifos_1_178                                                                    ;        ;
; guard|emptyPifos_1_130                                                                    ;        ;
; guard|emptyPifos_1_146                                                                    ;        ;
; guard|emptyPifos_1_182                                                                    ;        ;
; guard|emptyPifos_1_150                                                                    ;        ;
; guard|emptyPifos_1_162                                                                    ;        ;
; guard|emptyPifos_1_166                                                                    ;        ;
; guard|emptyPifos_0_368                                                                    ;        ;
; guard|emptyPifos_0_504                                                                    ;        ;
; guard|emptyPifos_1_134                                                                    ;        ;
; guard|emptyPifos_1_186                                                                    ;        ;
; guard|emptyPifos_1_138                                                                    ;        ;
; guard|emptyPifos_1_154                                                                    ;        ;
; guard|emptyPifos_1_190                                                                    ;        ;
; guard|emptyPifos_1_158                                                                    ;        ;
; guard|emptyPifos_1_170                                                                    ;        ;
; guard|emptyPifos_1_174                                                                    ;        ;
; guard|emptyPifos_1_142                                                                    ;        ;
; guard|emptyPifos_1_143                                                                    ;        ;
; guard|emptyPifos_0_312                                                                    ;        ;
; guard|emptyPifos_1_131                                                                    ;        ;
; guard|emptyPifos_1_135                                                                    ;        ;
; guard|emptyPifos_1_159                                                                    ;        ;
; guard|emptyPifos_1_151                                                                    ;        ;
; guard|emptyPifos_1_139                                                                    ;        ;
; guard|emptyPifos_1_155                                                                    ;        ;
; guard|emptyPifos_1_147                                                                    ;        ;
; guard|emptyPifos_1_175                                                                    ;        ;
; guard|emptyPifos_1_163                                                                    ;        ;
; guard|emptyPifos_1_167                                                                    ;        ;
; guard|emptyPifos_0_376                                                                    ;        ;
; guard|emptyPifos_1_191                                                                    ;        ;
; guard|emptyPifos_1_183                                                                    ;        ;
; guard|emptyPifos_1_171                                                                    ;        ;
; guard|emptyPifos_1_187                                                                    ;        ;
; guard|emptyPifos_1_179                                                                    ;        ;
; guard|emptyPifos_1_50                                                                     ;        ;
; guard|emptyPifos_1_2                                                                      ;        ;
; guard|emptyPifos_1_18                                                                     ;        ;
; guard|emptyPifos_1_54                                                                     ;        ;
; guard|emptyPifos_1_22                                                                     ;        ;
; guard|emptyPifos_0_505                                                                    ;        ;
; guard|emptyPifos_1_34                                                                     ;        ;
; guard|emptyPifos_1_38                                                                     ;        ;
; guard|emptyPifos_1_6                                                                      ;        ;
; guard|emptyPifos_1_58                                                                     ;        ;
; guard|emptyPifos_1_10                                                                     ;        ;
; guard|emptyPifos_1_26                                                                     ;        ;
; guard|emptyPifos_1_62                                                                     ;        ;
; guard|emptyPifos_1_30                                                                     ;        ;
; guard|emptyPifos_1_42                                                                     ;        ;
; guard|emptyPifos_1_46                                                                     ;        ;
; guard|emptyPifos_0_377                                                                    ;        ;
; guard|emptyPifos_1_14                                                                     ;        ;
; guard|emptyPifos_1_188                                                                    ;        ;
; guard|emptyPifos_1_156                                                                    ;        ;
; guard|emptyPifos_1_168                                                                    ;        ;
; guard|emptyPifos_1_172                                                                    ;        ;
; guard|emptyPifos_1_140                                                                    ;        ;
; guard|emptyPifos_1_176                                                                    ;        ;
; guard|emptyPifos_1_128                                                                    ;        ;
; guard|emptyPifos_1_144                                                                    ;        ;
; guard|emptyPifos_1_180                                                                    ;        ;
; guard|emptyPifos_0_440                                                                    ;        ;
; guard|emptyPifos_1_148                                                                    ;        ;
; guard|emptyPifos_1_160                                                                    ;        ;
; guard|emptyPifos_1_164                                                                    ;        ;
; guard|emptyPifos_1_132                                                                    ;        ;
; guard|emptyPifos_1_185                                                                    ;        ;
; guard|emptyPifos_1_137                                                                    ;        ;
; guard|emptyPifos_1_153                                                                    ;        ;
; guard|emptyPifos_1_189                                                                    ;        ;
; guard|emptyPifos_1_157                                                                    ;        ;
; guard|emptyPifos_1_169                                                                    ;        ;
; guard|emptyPifos_0_441                                                                    ;        ;
; guard|emptyPifos_1_173                                                                    ;        ;
; guard|emptyPifos_1_141                                                                    ;        ;
; guard|emptyPifos_1_184                                                                    ;        ;
; guard|emptyPifos_1_136                                                                    ;        ;
; guard|emptyPifos_1_152                                                                    ;        ;
; guard|emptyPifos_1_177                                                                    ;        ;
; guard|emptyPifos_1_129                                                                    ;        ;
; guard|emptyPifos_1_145                                                                    ;        ;
; guard|emptyPifos_1_181                                                                    ;        ;
; guard|emptyPifos_1_149                                                                    ;        ;
; guard|emptyPifos_0_313                                                                    ;        ;
; guard|emptyPifos_1_161                                                                    ;        ;
; guard|emptyPifos_1_165                                                                    ;        ;
; guard|emptyPifos_1_133                                                                    ;        ;
; guard|emptyPifos_1_243                                                                    ;        ;
; guard|emptyPifos_1_241                                                                    ;        ;
; guard|emptyPifos_1_226                                                                    ;        ;
; guard|emptyPifos_1_242                                                                    ;        ;
; guard|emptyPifos_1_240                                                                    ;        ;
; guard|emptyPifos_1_195                                                                    ;        ;
; guard|emptyPifos_1_192                                                                    ;        ;
; guard|emptyPifos_0_459                                                                    ;        ;
; guard|emptyPifos_1_193                                                                    ;        ;
; guard|emptyPifos_1_211                                                                    ;        ;
; guard|emptyPifos_1_209                                                                    ;        ;
; guard|emptyPifos_1_194                                                                    ;        ;
; guard|emptyPifos_1_210                                                                    ;        ;
; guard|emptyPifos_1_208                                                                    ;        ;
; guard|emptyPifos_1_231                                                                    ;        ;
; guard|emptyPifos_1_228                                                                    ;        ;
; guard|emptyPifos_1_229                                                                    ;        ;
; guard|emptyPifos_1_247                                                                    ;        ;
; guard|emptyPifos_0_331                                                                    ;        ;
; guard|emptyPifos_1_245                                                                    ;        ;
; guard|emptyPifos_1_230                                                                    ;        ;
; guard|emptyPifos_1_246                                                                    ;        ;
; guard|emptyPifos_1_244                                                                    ;        ;
; guard|emptyPifos_1_227                                                                    ;        ;
; guard|emptyPifos_1_224                                                                    ;        ;
; guard|emptyPifos_1_225                                                                    ;        ;
; guard|emptyPifos_1_199                                                                    ;        ;
; guard|emptyPifos_1_196                                                                    ;        ;
; guard|emptyPifos_1_197                                                                    ;        ;
; guard|emptyPifos_0_497                                                                    ;        ;
; guard|emptyPifos_0_394                                                                    ;        ;
; guard|emptyPifos_1_215                                                                    ;        ;
; guard|emptyPifos_1_213                                                                    ;        ;
; guard|emptyPifos_1_198                                                                    ;        ;
; guard|emptyPifos_1_214                                                                    ;        ;
; guard|emptyPifos_1_212                                                                    ;        ;
; guard|emptyPifos_1_235                                                                    ;        ;
; guard|emptyPifos_1_232                                                                    ;        ;
; guard|emptyPifos_1_233                                                                    ;        ;
; guard|emptyPifos_1_251                                                                    ;        ;
; guard|emptyPifos_1_249                                                                    ;        ;
; guard|emptyPifos_0_395                                                                    ;        ;
; guard|emptyPifos_1_234                                                                    ;        ;
; guard|emptyPifos_1_250                                                                    ;        ;
; guard|emptyPifos_1_248                                                                    ;        ;
; guard|emptyPifos_1_252                                                                    ;        ;
; guard|emptyPifos_1_204                                                                    ;        ;
; guard|emptyPifos_1_220                                                                    ;        ;
; guard|emptyPifos_1_253                                                                    ;        ;
; guard|emptyPifos_1_221                                                                    ;        ;
; guard|emptyPifos_1_236                                                                    ;        ;
; guard|emptyPifos_1_237                                                                    ;        ;
; guard|emptyPifos_0_267                                                                    ;        ;
; guard|emptyPifos_1_205                                                                    ;        ;
; guard|emptyPifos_1_254                                                                    ;        ;
; guard|emptyPifos_1_206                                                                    ;        ;
; guard|emptyPifos_1_222                                                                    ;        ;
; guard|emptyPifos_1_255                                                                    ;        ;
; guard|emptyPifos_1_223                                                                    ;        ;
; guard|emptyPifos_1_238                                                                    ;        ;
; guard|emptyPifos_1_239                                                                    ;        ;
; guard|emptyPifos_1_207                                                                    ;        ;
; guard|emptyPifos_1_203                                                                    ;        ;
; guard|emptyPifos_0_456                                                                    ;        ;
; guard|emptyPifos_1_200                                                                    ;        ;
; guard|emptyPifos_1_201                                                                    ;        ;
; guard|emptyPifos_1_219                                                                    ;        ;
; guard|emptyPifos_1_217                                                                    ;        ;
; guard|emptyPifos_1_202                                                                    ;        ;
; guard|emptyPifos_1_218                                                                    ;        ;
; guard|emptyPifos_1_216                                                                    ;        ;
; guard|emptyPifos_3_487                                                                    ;        ;
; guard|emptyPifos_3_485                                                                    ;        ;
; guard|emptyPifos_3_422                                                                    ;        ;
; guard|emptyPifos_0_264                                                                    ;        ;
; guard|emptyPifos_3_486                                                                    ;        ;
; guard|emptyPifos_3_484                                                                    ;        ;
; guard|emptyPifos_3_295                                                                    ;        ;
; guard|emptyPifos_3_292                                                                    ;        ;
; guard|emptyPifos_3_293                                                                    ;        ;
; guard|emptyPifos_3_359                                                                    ;        ;
; guard|emptyPifos_3_357                                                                    ;        ;
; guard|emptyPifos_3_294                                                                    ;        ;
; guard|emptyPifos_3_358                                                                    ;        ;
; guard|emptyPifos_3_356                                                                    ;        ;
; guard|emptyPifos_0_328                                                                    ;        ;
; guard|emptyPifos_3_439                                                                    ;        ;
; guard|emptyPifos_3_436                                                                    ;        ;
; guard|emptyPifos_3_437                                                                    ;        ;
; guard|emptyPifos_3_503                                                                    ;        ;
; guard|emptyPifos_3_501                                                                    ;        ;
; guard|emptyPifos_3_438                                                                    ;        ;
; guard|emptyPifos_3_502                                                                    ;        ;
; guard|emptyPifos_3_500                                                                    ;        ;
; guard|emptyPifos_3_423                                                                    ;        ;
; guard|emptyPifos_3_420                                                                    ;        ;
; guard|emptyPifos_0_457                                                                    ;        ;
; guard|emptyPifos_3_421                                                                    ;        ;
; guard|emptyPifos_3_311                                                                    ;        ;
; guard|emptyPifos_3_308                                                                    ;        ;
; guard|emptyPifos_3_309                                                                    ;        ;
; guard|emptyPifos_3_375                                                                    ;        ;
; guard|emptyPifos_3_373                                                                    ;        ;
; guard|emptyPifos_3_310                                                                    ;        ;
; guard|emptyPifos_3_374                                                                    ;        ;
; guard|emptyPifos_3_372                                                                    ;        ;
; guard|emptyPifos_3_483                                                                    ;        ;
; guard|emptyPifos_0_329                                                                    ;        ;
; guard|emptyPifos_3_481                                                                    ;        ;
; guard|emptyPifos_3_418                                                                    ;        ;
; guard|emptyPifos_3_482                                                                    ;        ;
; guard|emptyPifos_3_480                                                                    ;        ;
; guard|emptyPifos_3_291                                                                    ;        ;
; guard|emptyPifos_3_288                                                                    ;        ;
; guard|emptyPifos_3_289                                                                    ;        ;
; guard|emptyPifos_3_355                                                                    ;        ;
; guard|emptyPifos_3_353                                                                    ;        ;
; guard|emptyPifos_3_290                                                                    ;        ;
; guard|emptyPifos_0_392                                                                    ;        ;
; guard|emptyPifos_3_354                                                                    ;        ;
; guard|emptyPifos_3_352                                                                    ;        ;
; guard|emptyPifos_3_455                                                                    ;        ;
; guard|emptyPifos_3_453                                                                    ;        ;
; guard|emptyPifos_3_390                                                                    ;        ;
; guard|emptyPifos_3_454                                                                    ;        ;
; guard|emptyPifos_3_452                                                                    ;        ;
; guard|emptyPifos_3_263                                                                    ;        ;
; guard|emptyPifos_3_260                                                                    ;        ;
; guard|emptyPifos_3_261                                                                    ;        ;
; guard|emptyPifos_0_393                                                                    ;        ;
; guard|emptyPifos_3_327                                                                    ;        ;
; guard|emptyPifos_3_325                                                                    ;        ;
; guard|emptyPifos_3_262                                                                    ;        ;
; guard|emptyPifos_3_326                                                                    ;        ;
; guard|emptyPifos_3_324                                                                    ;        ;
; guard|emptyPifos_3_407                                                                    ;        ;
; guard|emptyPifos_3_404                                                                    ;        ;
; guard|emptyPifos_3_405                                                                    ;        ;
; guard|emptyPifos_3_471                                                                    ;        ;
; guard|emptyPifos_3_469                                                                    ;        ;
; guard|emptyPifos_0_369                                                                    ;        ;
; guard|emptyPifos_0_265                                                                    ;        ;
; guard|emptyPifos_3_406                                                                    ;        ;
; guard|emptyPifos_3_470                                                                    ;        ;
; guard|emptyPifos_3_468                                                                    ;        ;
; guard|emptyPifos_3_391                                                                    ;        ;
; guard|emptyPifos_3_388                                                                    ;        ;
; guard|emptyPifos_3_389                                                                    ;        ;
; guard|emptyPifos_3_279                                                                    ;        ;
; guard|emptyPifos_3_276                                                                    ;        ;
; guard|emptyPifos_3_277                                                                    ;        ;
; guard|emptyPifos_3_343                                                                    ;        ;
; guard|emptyPifos_0_474                                                                    ;        ;
; guard|emptyPifos_3_341                                                                    ;        ;
; guard|emptyPifos_3_278                                                                    ;        ;
; guard|emptyPifos_3_342                                                                    ;        ;
; guard|emptyPifos_3_340                                                                    ;        ;
; guard|emptyPifos_3_459                                                                    ;        ;
; guard|emptyPifos_3_457                                                                    ;        ;
; guard|emptyPifos_3_394                                                                    ;        ;
; guard|emptyPifos_3_458                                                                    ;        ;
; guard|emptyPifos_3_456                                                                    ;        ;
; guard|emptyPifos_3_267                                                                    ;        ;
; guard|emptyPifos_0_282                                                                    ;        ;
; guard|emptyPifos_3_264                                                                    ;        ;
; guard|emptyPifos_3_265                                                                    ;        ;
; guard|emptyPifos_3_331                                                                    ;        ;
; guard|emptyPifos_3_329                                                                    ;        ;
; guard|emptyPifos_3_266                                                                    ;        ;
; guard|emptyPifos_3_330                                                                    ;        ;
; guard|emptyPifos_3_328                                                                    ;        ;
; guard|emptyPifos_3_411                                                                    ;        ;
; guard|emptyPifos_3_408                                                                    ;        ;
; guard|emptyPifos_3_409                                                                    ;        ;
; guard|emptyPifos_0_346                                                                    ;        ;
; guard|emptyPifos_3_475                                                                    ;        ;
; guard|emptyPifos_3_473                                                                    ;        ;
; guard|emptyPifos_3_410                                                                    ;        ;
; guard|emptyPifos_3_474                                                                    ;        ;
; guard|emptyPifos_3_472                                                                    ;        ;
; guard|emptyPifos_3_395                                                                    ;        ;
; guard|emptyPifos_3_392                                                                    ;        ;
; guard|emptyPifos_3_393                                                                    ;        ;
; guard|emptyPifos_3_283                                                                    ;        ;
; guard|emptyPifos_3_280                                                                    ;        ;
; guard|emptyPifos_0_475                                                                    ;        ;
; guard|emptyPifos_3_281                                                                    ;        ;
; guard|emptyPifos_3_347                                                                    ;        ;
; guard|emptyPifos_3_345                                                                    ;        ;
; guard|emptyPifos_3_282                                                                    ;        ;
; guard|emptyPifos_3_346                                                                    ;        ;
; guard|emptyPifos_3_344                                                                    ;        ;
; guard|emptyPifos_3_490                                                                    ;        ;
; guard|emptyPifos_3_298                                                                    ;        ;
; guard|emptyPifos_3_362                                                                    ;        ;
; guard|emptyPifos_3_491                                                                    ;        ;
; guard|emptyPifos_0_347                                                                    ;        ;
; guard|emptyPifos_3_363                                                                    ;        ;
; guard|emptyPifos_3_426                                                                    ;        ;
; guard|emptyPifos_3_427                                                                    ;        ;
; guard|emptyPifos_3_299                                                                    ;        ;
; guard|emptyPifos_3_315                                                                    ;        ;
; guard|emptyPifos_3_312                                                                    ;        ;
; guard|emptyPifos_3_313                                                                    ;        ;
; guard|emptyPifos_3_379                                                                    ;        ;
; guard|emptyPifos_3_377                                                                    ;        ;
; guard|emptyPifos_3_314                                                                    ;        ;
; guard|emptyPifos_0_410                                                                    ;        ;
; guard|emptyPifos_3_378                                                                    ;        ;
; guard|emptyPifos_3_376                                                                    ;        ;
; guard|emptyPifos_3_443                                                                    ;        ;
; guard|emptyPifos_3_440                                                                    ;        ;
; guard|emptyPifos_3_441                                                                    ;        ;
; guard|emptyPifos_3_507                                                                    ;        ;
; guard|emptyPifos_3_505                                                                    ;        ;
; guard|emptyPifos_3_442                                                                    ;        ;
; guard|emptyPifos_3_506                                                                    ;        ;
; guard|emptyPifos_3_504                                                                    ;        ;
; guard|emptyPifos_0_411                                                                    ;        ;
; guard|emptyPifos_3_488                                                                    ;        ;
; guard|emptyPifos_3_296                                                                    ;        ;
; guard|emptyPifos_3_360                                                                    ;        ;
; guard|emptyPifos_3_489                                                                    ;        ;
; guard|emptyPifos_3_361                                                                    ;        ;
; guard|emptyPifos_3_424                                                                    ;        ;
; guard|emptyPifos_3_425                                                                    ;        ;
; guard|emptyPifos_3_297                                                                    ;        ;
; guard|emptyPifos_3_510                                                                    ;        ;
; guard|emptyPifos_3_478                                                                    ;        ;
; guard|emptyPifos_0_283                                                                    ;        ;
; guard|emptyPifos_3_430                                                                    ;        ;
; guard|emptyPifos_3_494                                                                    ;        ;
; guard|emptyPifos_3_462                                                                    ;        ;
; guard|emptyPifos_3_318                                                                    ;        ;
; guard|emptyPifos_3_270                                                                    ;        ;
; guard|emptyPifos_3_286                                                                    ;        ;
; guard|emptyPifos_3_382                                                                    ;        ;
; guard|emptyPifos_3_350                                                                    ;        ;
; guard|emptyPifos_3_302                                                                    ;        ;
; guard|emptyPifos_3_366                                                                    ;        ;
; guard|emptyPifos_0_458                                                                    ;        ;
; guard|emptyPifos_3_334                                                                    ;        ;
; guard|emptyPifos_3_447                                                                    ;        ;
; guard|emptyPifos_3_399                                                                    ;        ;
; guard|emptyPifos_3_415                                                                    ;        ;
; guard|emptyPifos_3_511                                                                    ;        ;
; guard|emptyPifos_3_479                                                                    ;        ;
; guard|emptyPifos_3_431                                                                    ;        ;
; guard|emptyPifos_3_495                                                                    ;        ;
; guard|emptyPifos_3_463                                                                    ;        ;
; guard|emptyPifos_3_446                                                                    ;        ;
; guard|emptyPifos_0_432                                                                    ;        ;
; guard|emptyPifos_0_266                                                                    ;        ;
; guard|emptyPifos_3_398                                                                    ;        ;
; guard|emptyPifos_3_414                                                                    ;        ;
; guard|emptyPifos_3_319                                                                    ;        ;
; guard|emptyPifos_3_271                                                                    ;        ;
; guard|emptyPifos_3_287                                                                    ;        ;
; guard|emptyPifos_3_383                                                                    ;        ;
; guard|emptyPifos_3_351                                                                    ;        ;
; guard|emptyPifos_3_303                                                                    ;        ;
; guard|emptyPifos_3_367                                                                    ;        ;
; guard|emptyPifos_3_335                                                                    ;        ;
; guard|emptyPifos_0_330                                                                    ;        ;
; guard|emptyPifos_3_435                                                                    ;        ;
; guard|emptyPifos_3_432                                                                    ;        ;
; guard|emptyPifos_3_433                                                                    ;        ;
; guard|emptyPifos_3_499                                                                    ;        ;
; guard|emptyPifos_3_497                                                                    ;        ;
; guard|emptyPifos_3_434                                                                    ;        ;
; guard|emptyPifos_3_498                                                                    ;        ;
; guard|emptyPifos_3_496                                                                    ;        ;
; guard|emptyPifos_3_419                                                                    ;        ;
; guard|emptyPifos_3_416                                                                    ;        ;
; guard|emptyPifos_0_472                                                                    ;        ;
; guard|emptyPifos_3_417                                                                    ;        ;
; guard|emptyPifos_3_307                                                                    ;        ;
; guard|emptyPifos_3_304                                                                    ;        ;
; guard|emptyPifos_3_305                                                                    ;        ;
; guard|emptyPifos_3_371                                                                    ;        ;
; guard|emptyPifos_3_369                                                                    ;        ;
; guard|emptyPifos_3_306                                                                    ;        ;
; guard|emptyPifos_3_370                                                                    ;        ;
; guard|emptyPifos_3_368                                                                    ;        ;
; guard|emptyPifos_3_451                                                                    ;        ;
; guard|emptyPifos_0_280                                                                    ;        ;
; guard|emptyPifos_3_449                                                                    ;        ;
; guard|emptyPifos_3_386                                                                    ;        ;
; guard|emptyPifos_3_450                                                                    ;        ;
; guard|emptyPifos_3_448                                                                    ;        ;
; guard|emptyPifos_3_259                                                                    ;        ;
; guard|emptyPifos_3_256                                                                    ;        ;
; guard|emptyPifos_3_257                                                                    ;        ;
; guard|emptyPifos_3_323                                                                    ;        ;
; guard|emptyPifos_3_321                                                                    ;        ;
; guard|emptyPifos_3_258                                                                    ;        ;
; guard|emptyPifos_0_344                                                                    ;        ;
; guard|emptyPifos_3_322                                                                    ;        ;
; guard|emptyPifos_3_320                                                                    ;        ;
; guard|emptyPifos_3_403                                                                    ;        ;
; guard|emptyPifos_3_400                                                                    ;        ;
; guard|emptyPifos_3_401                                                                    ;        ;
; guard|emptyPifos_3_467                                                                    ;        ;
; guard|emptyPifos_3_465                                                                    ;        ;
; guard|emptyPifos_3_402                                                                    ;        ;
; guard|emptyPifos_3_466                                                                    ;        ;
; guard|emptyPifos_3_464                                                                    ;        ;
; guard|emptyPifos_0_473                                                                    ;        ;
; guard|emptyPifos_3_387                                                                    ;        ;
; guard|emptyPifos_3_384                                                                    ;        ;
; guard|emptyPifos_3_385                                                                    ;        ;
; guard|emptyPifos_3_275                                                                    ;        ;
; guard|emptyPifos_3_272                                                                    ;        ;
; guard|emptyPifos_3_273                                                                    ;        ;
; guard|emptyPifos_3_339                                                                    ;        ;
; guard|emptyPifos_3_337                                                                    ;        ;
; guard|emptyPifos_3_274                                                                    ;        ;
; guard|emptyPifos_3_338                                                                    ;        ;
; guard|emptyPifos_0_345                                                                    ;        ;
; guard|emptyPifos_3_336                                                                    ;        ;
; guard|emptyPifos_3_508                                                                    ;        ;
; guard|emptyPifos_3_476                                                                    ;        ;
; guard|emptyPifos_3_428                                                                    ;        ;
; guard|emptyPifos_3_492                                                                    ;        ;
; guard|emptyPifos_3_460                                                                    ;        ;
; guard|emptyPifos_3_316                                                                    ;        ;
; guard|emptyPifos_3_268                                                                    ;        ;
; guard|emptyPifos_3_284                                                                    ;        ;
; guard|emptyPifos_3_380                                                                    ;        ;
; guard|emptyPifos_0_408                                                                    ;        ;
; guard|emptyPifos_3_348                                                                    ;        ;
; guard|emptyPifos_3_300                                                                    ;        ;
; guard|emptyPifos_3_364                                                                    ;        ;
; guard|emptyPifos_3_332                                                                    ;        ;
; guard|emptyPifos_3_445                                                                    ;        ;
; guard|emptyPifos_3_397                                                                    ;        ;
; guard|emptyPifos_3_413                                                                    ;        ;
; guard|emptyPifos_3_509                                                                    ;        ;
; guard|emptyPifos_3_477                                                                    ;        ;
; guard|emptyPifos_3_429                                                                    ;        ;
; guard|emptyPifos_0_409                                                                    ;        ;
; guard|emptyPifos_3_493                                                                    ;        ;
; guard|emptyPifos_3_461                                                                    ;        ;
; guard|emptyPifos_3_444                                                                    ;        ;
; guard|emptyPifos_3_396                                                                    ;        ;
; guard|emptyPifos_3_412                                                                    ;        ;
; guard|emptyPifos_3_317                                                                    ;        ;
; guard|emptyPifos_3_269                                                                    ;        ;
; guard|emptyPifos_3_285                                                                    ;        ;
; guard|emptyPifos_3_381                                                                    ;        ;
; guard|emptyPifos_3_349                                                                    ;        ;
; guard|emptyPifos_0_281                                                                    ;        ;
; guard|emptyPifos_3_301                                                                    ;        ;
; guard|emptyPifos_3_365                                                                    ;        ;
; guard|emptyPifos_3_333                                                                    ;        ;
; guard|emptyPifos_3_60                                                                     ;        ;
; guard|emptyPifos_3_12                                                                     ;        ;
; guard|emptyPifos_3_28                                                                     ;        ;
; guard|emptyPifos_3_61                                                                     ;        ;
; guard|emptyPifos_3_29                                                                     ;        ;
; guard|emptyPifos_3_44                                                                     ;        ;
; guard|emptyPifos_3_45                                                                     ;        ;
; guard|emptyPifos_0_433                                                                    ;        ;
; guard|emptyPifos_0_495                                                                    ;        ;
; guard|emptyPifos_3_13                                                                     ;        ;
; guard|emptyPifos_3_62                                                                     ;        ;
; guard|emptyPifos_3_14                                                                     ;        ;
; guard|emptyPifos_3_30                                                                     ;        ;
; guard|emptyPifos_3_63                                                                     ;        ;
; guard|emptyPifos_3_31                                                                     ;        ;
; guard|emptyPifos_3_46                                                                     ;        ;
; guard|emptyPifos_3_47                                                                     ;        ;
; guard|emptyPifos_3_15                                                                     ;        ;
; guard|emptyPifos_3_51                                                                     ;        ;
; guard|emptyPifos_0_367                                                                    ;        ;
; guard|emptyPifos_3_49                                                                     ;        ;
; guard|emptyPifos_3_34                                                                     ;        ;
; guard|emptyPifos_3_50                                                                     ;        ;
; guard|emptyPifos_3_48                                                                     ;        ;
; guard|emptyPifos_3_3                                                                      ;        ;
; guard|emptyPifos_3_0                                                                      ;        ;
; guard|emptyPifos_3_1                                                                      ;        ;
; guard|emptyPifos_3_19                                                                     ;        ;
; guard|emptyPifos_3_17                                                                     ;        ;
; guard|emptyPifos_3_2                                                                      ;        ;
; guard|emptyPifos_0_430                                                                    ;        ;
; guard|emptyPifos_3_18                                                                     ;        ;
; guard|emptyPifos_3_16                                                                     ;        ;
; guard|emptyPifos_3_39                                                                     ;        ;
; guard|emptyPifos_3_36                                                                     ;        ;
; guard|emptyPifos_3_37                                                                     ;        ;
; guard|emptyPifos_3_55                                                                     ;        ;
; guard|emptyPifos_3_53                                                                     ;        ;
; guard|emptyPifos_3_38                                                                     ;        ;
; guard|emptyPifos_3_54                                                                     ;        ;
; guard|emptyPifos_3_52                                                                     ;        ;
; guard|emptyPifos_0_431                                                                    ;        ;
; guard|emptyPifos_3_35                                                                     ;        ;
; guard|emptyPifos_3_32                                                                     ;        ;
; guard|emptyPifos_3_33                                                                     ;        ;
; guard|emptyPifos_3_7                                                                      ;        ;
; guard|emptyPifos_3_4                                                                      ;        ;
; guard|emptyPifos_3_5                                                                      ;        ;
; guard|emptyPifos_3_23                                                                     ;        ;
; guard|emptyPifos_3_21                                                                     ;        ;
; guard|emptyPifos_3_6                                                                      ;        ;
; guard|emptyPifos_3_22                                                                     ;        ;
; guard|emptyPifos_0_303                                                                    ;        ;
; guard|emptyPifos_3_20                                                                     ;        ;
; guard|emptyPifos_3_124                                                                    ;        ;
; guard|emptyPifos_3_92                                                                     ;        ;
; guard|emptyPifos_3_104                                                                    ;        ;
; guard|emptyPifos_3_108                                                                    ;        ;
; guard|emptyPifos_3_76                                                                     ;        ;
; guard|emptyPifos_3_112                                                                    ;        ;
; guard|emptyPifos_3_64                                                                     ;        ;
; guard|emptyPifos_3_80                                                                     ;        ;
; guard|emptyPifos_3_116                                                                    ;        ;
; guard|emptyPifos_0_492                                                                    ;        ;
; guard|emptyPifos_3_84                                                                     ;        ;
; guard|emptyPifos_3_96                                                                     ;        ;
; guard|emptyPifos_3_100                                                                    ;        ;
; guard|emptyPifos_3_68                                                                     ;        ;
; guard|emptyPifos_3_121                                                                    ;        ;
; guard|emptyPifos_3_73                                                                     ;        ;
; guard|emptyPifos_3_89                                                                     ;        ;
; guard|emptyPifos_3_125                                                                    ;        ;
; guard|emptyPifos_3_93                                                                     ;        ;
; guard|emptyPifos_3_105                                                                    ;        ;
; guard|emptyPifos_0_300                                                                    ;        ;
; guard|emptyPifos_3_109                                                                    ;        ;
; guard|emptyPifos_3_77                                                                     ;        ;
; guard|emptyPifos_3_120                                                                    ;        ;
; guard|emptyPifos_3_72                                                                     ;        ;
; guard|emptyPifos_3_88                                                                     ;        ;
; guard|emptyPifos_3_113                                                                    ;        ;
; guard|emptyPifos_3_65                                                                     ;        ;
; guard|emptyPifos_3_81                                                                     ;        ;
; guard|emptyPifos_3_117                                                                    ;        ;
; guard|emptyPifos_3_85                                                                     ;        ;
; guard|emptyPifos_0_364                                                                    ;        ;
; guard|emptyPifos_3_97                                                                     ;        ;
; guard|emptyPifos_3_101                                                                    ;        ;
; guard|emptyPifos_3_69                                                                     ;        ;
; guard|emptyPifos_3_122                                                                    ;        ;
; guard|emptyPifos_3_74                                                                     ;        ;
; guard|emptyPifos_3_90                                                                     ;        ;
; guard|emptyPifos_3_126                                                                    ;        ;
; guard|emptyPifos_3_94                                                                     ;        ;
; guard|emptyPifos_3_106                                                                    ;        ;
; guard|emptyPifos_3_110                                                                    ;        ;
; guard|emptyPifos_0_493                                                                    ;        ;
; guard|emptyPifos_3_78                                                                     ;        ;
; guard|emptyPifos_3_79                                                                     ;        ;
; guard|emptyPifos_3_67                                                                     ;        ;
; guard|emptyPifos_3_71                                                                     ;        ;
; guard|emptyPifos_3_95                                                                     ;        ;
; guard|emptyPifos_3_87                                                                     ;        ;
; guard|emptyPifos_3_75                                                                     ;        ;
; guard|emptyPifos_3_91                                                                     ;        ;
; guard|emptyPifos_3_83                                                                     ;        ;
; guard|emptyPifos_3_111                                                                    ;        ;
; guard|emptyPifos_0_365                                                                    ;        ;
; guard|emptyPifos_3_99                                                                     ;        ;
; guard|emptyPifos_3_103                                                                    ;        ;
; guard|emptyPifos_3_127                                                                    ;        ;
; guard|emptyPifos_3_119                                                                    ;        ;
; guard|emptyPifos_3_107                                                                    ;        ;
; guard|emptyPifos_3_123                                                                    ;        ;
; guard|emptyPifos_3_115                                                                    ;        ;
; guard|emptyPifos_3_114                                                                    ;        ;
; guard|emptyPifos_3_66                                                                     ;        ;
; guard|emptyPifos_3_82                                                                     ;        ;
; guard|emptyPifos_0_305                                                                    ;        ;
; guard|emptyPifos_0_428                                                                    ;        ;
; guard|emptyPifos_3_118                                                                    ;        ;
; guard|emptyPifos_3_86                                                                     ;        ;
; guard|emptyPifos_3_98                                                                     ;        ;
; guard|emptyPifos_3_102                                                                    ;        ;
; guard|emptyPifos_3_70                                                                     ;        ;
; guard|emptyPifos_3_139                                                                    ;        ;
; guard|emptyPifos_3_136                                                                    ;        ;
; guard|emptyPifos_3_137                                                                    ;        ;
; guard|emptyPifos_3_155                                                                    ;        ;
; guard|emptyPifos_3_153                                                                    ;        ;
; guard|emptyPifos_0_429                                                                    ;        ;
; guard|emptyPifos_3_138                                                                    ;        ;
; guard|emptyPifos_3_154                                                                    ;        ;
; guard|emptyPifos_3_152                                                                    ;        ;
; guard|emptyPifos_3_171                                                                    ;        ;
; guard|emptyPifos_3_168                                                                    ;        ;
; guard|emptyPifos_3_169                                                                    ;        ;
; guard|emptyPifos_3_187                                                                    ;        ;
; guard|emptyPifos_3_185                                                                    ;        ;
; guard|emptyPifos_3_170                                                                    ;        ;
; guard|emptyPifos_3_186                                                                    ;        ;
; guard|emptyPifos_0_301                                                                    ;        ;
; guard|emptyPifos_3_184                                                                    ;        ;
; guard|emptyPifos_3_188                                                                    ;        ;
; guard|emptyPifos_3_140                                                                    ;        ;
; guard|emptyPifos_3_156                                                                    ;        ;
; guard|emptyPifos_3_189                                                                    ;        ;
; guard|emptyPifos_3_157                                                                    ;        ;
; guard|emptyPifos_3_172                                                                    ;        ;
; guard|emptyPifos_3_173                                                                    ;        ;
; guard|emptyPifos_3_141                                                                    ;        ;
; guard|emptyPifos_3_190                                                                    ;        ;
; guard|emptyPifos_0_510                                                                    ;        ;
; guard|emptyPifos_3_142                                                                    ;        ;
; guard|emptyPifos_3_158                                                                    ;        ;
; guard|emptyPifos_3_191                                                                    ;        ;
; guard|emptyPifos_3_159                                                                    ;        ;
; guard|emptyPifos_3_174                                                                    ;        ;
; guard|emptyPifos_3_175                                                                    ;        ;
; guard|emptyPifos_3_143                                                                    ;        ;
; guard|emptyPifos_3_11                                                                     ;        ;
; guard|emptyPifos_3_8                                                                      ;        ;
; guard|emptyPifos_3_9                                                                      ;        ;
; guard|emptyPifos_0_318                                                                    ;        ;
; guard|emptyPifos_3_27                                                                     ;        ;
; guard|emptyPifos_3_25                                                                     ;        ;
; guard|emptyPifos_3_10                                                                     ;        ;
; guard|emptyPifos_3_26                                                                     ;        ;
; guard|emptyPifos_3_24                                                                     ;        ;
; guard|emptyPifos_3_43                                                                     ;        ;
; guard|emptyPifos_3_40                                                                     ;        ;
; guard|emptyPifos_3_41                                                                     ;        ;
; guard|emptyPifos_3_59                                                                     ;        ;
; guard|emptyPifos_3_57                                                                     ;        ;
; guard|emptyPifos_0_382                                                                    ;        ;
; guard|emptyPifos_3_42                                                                     ;        ;
; guard|emptyPifos_3_58                                                                     ;        ;
; guard|emptyPifos_3_56                                                                     ;        ;
; guard|emptyPifos_3_179                                                                    ;        ;
; guard|emptyPifos_3_177                                                                    ;        ;
; guard|emptyPifos_3_162                                                                    ;        ;
; guard|emptyPifos_3_178                                                                    ;        ;
; guard|emptyPifos_3_176                                                                    ;        ;
; guard|emptyPifos_3_131                                                                    ;        ;
; guard|emptyPifos_3_128                                                                    ;        ;
; guard|emptyPifos_0_511                                                                    ;        ;
; guard|emptyPifos_3_129                                                                    ;        ;
; guard|emptyPifos_3_147                                                                    ;        ;
; guard|emptyPifos_3_145                                                                    ;        ;
; guard|emptyPifos_3_130                                                                    ;        ;
; guard|emptyPifos_3_146                                                                    ;        ;
; guard|emptyPifos_3_144                                                                    ;        ;
; guard|emptyPifos_3_167                                                                    ;        ;
; guard|emptyPifos_3_164                                                                    ;        ;
; guard|emptyPifos_3_165                                                                    ;        ;
; guard|emptyPifos_3_183                                                                    ;        ;
; guard|emptyPifos_0_383                                                                    ;        ;
; guard|emptyPifos_3_181                                                                    ;        ;
; guard|emptyPifos_3_166                                                                    ;        ;
; guard|emptyPifos_3_182                                                                    ;        ;
; guard|emptyPifos_3_180                                                                    ;        ;
; guard|emptyPifos_3_163                                                                    ;        ;
; guard|emptyPifos_3_160                                                                    ;        ;
; guard|emptyPifos_3_161                                                                    ;        ;
; guard|emptyPifos_3_135                                                                    ;        ;
; guard|emptyPifos_3_132                                                                    ;        ;
; guard|emptyPifos_3_133                                                                    ;        ;
; guard|emptyPifos_0_446                                                                    ;        ;
; guard|emptyPifos_3_151                                                                    ;        ;
; guard|emptyPifos_3_149                                                                    ;        ;
; guard|emptyPifos_3_134                                                                    ;        ;
; guard|emptyPifos_3_150                                                                    ;        ;
; guard|emptyPifos_3_148                                                                    ;        ;
; guard|emptyPifos_3_207                                                                    ;        ;
; guard|emptyPifos_3_199                                                                    ;        ;
; guard|emptyPifos_3_202                                                                    ;        ;
; guard|emptyPifos_3_203                                                                    ;        ;
; guard|emptyPifos_3_195                                                                    ;        ;
; guard|emptyPifos_0_447                                                                    ;        ;
; guard|emptyPifos_3_204                                                                    ;        ;
; guard|emptyPifos_3_192                                                                    ;        ;
; guard|emptyPifos_3_196                                                                    ;        ;
; guard|emptyPifos_3_205                                                                    ;        ;
; guard|emptyPifos_3_197                                                                    ;        ;
; guard|emptyPifos_3_200                                                                    ;        ;
; guard|emptyPifos_3_201                                                                    ;        ;
; guard|emptyPifos_3_193                                                                    ;        ;
; guard|emptyPifos_3_222                                                                    ;        ;
; guard|emptyPifos_3_210                                                                    ;        ;
; guard|emptyPifos_0_306                                                                    ;        ;
; guard|emptyPifos_0_451                                                                    ;        ;
; guard|emptyPifos_0_319                                                                    ;        ;
; guard|emptyPifos_3_214                                                                    ;        ;
; guard|emptyPifos_3_223                                                                    ;        ;
; guard|emptyPifos_3_215                                                                    ;        ;
; guard|emptyPifos_3_218                                                                    ;        ;
; guard|emptyPifos_3_219                                                                    ;        ;
; guard|emptyPifos_3_211                                                                    ;        ;
; guard|emptyPifos_3_206                                                                    ;        ;
; guard|emptyPifos_3_194                                                                    ;        ;
; guard|emptyPifos_3_198                                                                    ;        ;
; guard|emptyPifos_3_220                                                                    ;        ;
; guard|emptyPifos_0_494                                                                    ;        ;
; guard|emptyPifos_3_208                                                                    ;        ;
; guard|emptyPifos_3_212                                                                    ;        ;
; guard|emptyPifos_3_221                                                                    ;        ;
; guard|emptyPifos_3_213                                                                    ;        ;
; guard|emptyPifos_3_216                                                                    ;        ;
; guard|emptyPifos_3_217                                                                    ;        ;
; guard|emptyPifos_3_209                                                                    ;        ;
; guard|emptyPifos_3_235                                                                    ;        ;
; guard|emptyPifos_3_232                                                                    ;        ;
; guard|emptyPifos_3_233                                                                    ;        ;
; guard|emptyPifos_0_302                                                                    ;        ;
; guard|emptyPifos_3_239                                                                    ;        ;
; guard|emptyPifos_3_237                                                                    ;        ;
; guard|emptyPifos_3_234                                                                    ;        ;
; guard|emptyPifos_3_238                                                                    ;        ;
; guard|emptyPifos_3_236                                                                    ;        ;
; guard|emptyPifos_3_252                                                                    ;        ;
; guard|emptyPifos_3_240                                                                    ;        ;
; guard|emptyPifos_3_244                                                                    ;        ;
; guard|emptyPifos_3_253                                                                    ;        ;
; guard|emptyPifos_3_245                                                                    ;        ;
; guard|emptyPifos_0_366                                                                    ;        ;
; guard|emptyPifos_3_248                                                                    ;        ;
; guard|emptyPifos_3_249                                                                    ;        ;
; guard|emptyPifos_3_241                                                                    ;        ;
; guard|emptyPifos_3_254                                                                    ;        ;
; guard|emptyPifos_3_242                                                                    ;        ;
; guard|emptyPifos_3_246                                                                    ;        ;
; guard|emptyPifos_3_255                                                                    ;        ;
; guard|emptyPifos_3_247                                                                    ;        ;
; guard|emptyPifos_3_250                                                                    ;        ;
; guard|emptyPifos_3_251                                                                    ;        ;
; guard|emptyPifos_0_508                                                                    ;        ;
; guard|emptyPifos_3_243                                                                    ;        ;
; guard|emptyPifos_3_227                                                                    ;        ;
; guard|emptyPifos_3_224                                                                    ;        ;
; guard|emptyPifos_3_225                                                                    ;        ;
; guard|emptyPifos_3_231                                                                    ;        ;
; guard|emptyPifos_3_229                                                                    ;        ;
; guard|emptyPifos_3_226                                                                    ;        ;
; guard|emptyPifos_3_230                                                                    ;        ;
; guard|emptyPifos_3_228                                                                    ;        ;
; guard|emptyPifos_4_444                                                                    ;        ;
; guard|emptyPifos_0_316                                                                    ;        ;
; guard|emptyPifos_4_396                                                                    ;        ;
; guard|emptyPifos_4_412                                                                    ;        ;
; guard|emptyPifos_4_508                                                                    ;        ;
; guard|emptyPifos_4_476                                                                    ;        ;
; guard|emptyPifos_4_428                                                                    ;        ;
; guard|emptyPifos_4_492                                                                    ;        ;
; guard|emptyPifos_4_460                                                                    ;        ;
; guard|emptyPifos_4_440                                                                    ;        ;
; guard|emptyPifos_4_392                                                                    ;        ;
; guard|emptyPifos_4_408                                                                    ;        ;
; guard|emptyPifos_0_380                                                                    ;        ;
; guard|emptyPifos_4_316                                                                    ;        ;
; guard|emptyPifos_4_268                                                                    ;        ;
; guard|emptyPifos_4_284                                                                    ;        ;
; guard|emptyPifos_4_380                                                                    ;        ;
; guard|emptyPifos_4_348                                                                    ;        ;
; guard|emptyPifos_4_300                                                                    ;        ;
; guard|emptyPifos_4_364                                                                    ;        ;
; guard|emptyPifos_4_332                                                                    ;        ;
; guard|emptyPifos_4_496                                                                    ;        ;
; guard|emptyPifos_4_464                                                                    ;        ;
; guard|emptyPifos_0_509                                                                    ;        ;
; guard|emptyPifos_4_416                                                                    ;        ;
; guard|emptyPifos_4_480                                                                    ;        ;
; guard|emptyPifos_4_448                                                                    ;        ;
; guard|emptyPifos_4_304                                                                    ;        ;
; guard|emptyPifos_4_256                                                                    ;        ;
; guard|emptyPifos_4_272                                                                    ;        ;
; guard|emptyPifos_4_368                                                                    ;        ;
; guard|emptyPifos_4_336                                                                    ;        ;
; guard|emptyPifos_4_288                                                                    ;        ;
; guard|emptyPifos_4_352                                                                    ;        ;
; guard|emptyPifos_0_381                                                                    ;        ;
; guard|emptyPifos_4_320                                                                    ;        ;
; guard|emptyPifos_4_436                                                                    ;        ;
; guard|emptyPifos_4_388                                                                    ;        ;
; guard|emptyPifos_4_404                                                                    ;        ;
; guard|emptyPifos_4_500                                                                    ;        ;
; guard|emptyPifos_4_468                                                                    ;        ;
; guard|emptyPifos_4_420                                                                    ;        ;
; guard|emptyPifos_4_484                                                                    ;        ;
; guard|emptyPifos_4_452                                                                    ;        ;
; guard|emptyPifos_4_432                                                                    ;        ;
; guard|emptyPifos_0_444                                                                    ;        ;
; guard|emptyPifos_4_384                                                                    ;        ;
; guard|emptyPifos_4_400                                                                    ;        ;
; guard|emptyPifos_4_308                                                                    ;        ;
; guard|emptyPifos_4_260                                                                    ;        ;
; guard|emptyPifos_4_276                                                                    ;        ;
; guard|emptyPifos_4_372                                                                    ;        ;
; guard|emptyPifos_4_340                                                                    ;        ;
; guard|emptyPifos_4_292                                                                    ;        ;
; guard|emptyPifos_4_356                                                                    ;        ;
; guard|emptyPifos_4_324                                                                    ;        ;
; guard|emptyPifos_0_323                                                                    ;        ;
; guard|emptyPifos_0_445                                                                    ;        ;
; guard|emptyPifos_4_505                                                                    ;        ;
; guard|emptyPifos_4_473                                                                    ;        ;
; guard|emptyPifos_4_425                                                                    ;        ;
; guard|emptyPifos_4_489                                                                    ;        ;
; guard|emptyPifos_4_457                                                                    ;        ;
; guard|emptyPifos_4_313                                                                    ;        ;
; guard|emptyPifos_4_265                                                                    ;        ;
; guard|emptyPifos_4_281                                                                    ;        ;
; guard|emptyPifos_4_377                                                                    ;        ;
; guard|emptyPifos_4_345                                                                    ;        ;
; guard|emptyPifos_0_317                                                                    ;        ;
; guard|emptyPifos_4_297                                                                    ;        ;
; guard|emptyPifos_4_361                                                                    ;        ;
; guard|emptyPifos_4_329                                                                    ;        ;
; guard|emptyPifos_4_445                                                                    ;        ;
; guard|emptyPifos_4_397                                                                    ;        ;
; guard|emptyPifos_4_413                                                                    ;        ;
; guard|emptyPifos_4_509                                                                    ;        ;
; guard|emptyPifos_4_477                                                                    ;        ;
; guard|emptyPifos_4_429                                                                    ;        ;
; guard|emptyPifos_4_493                                                                    ;        ;
; guard|emptyPifos_0_491                                                                    ;        ;
; guard|emptyPifos_4_461                                                                    ;        ;
; guard|emptyPifos_4_441                                                                    ;        ;
; guard|emptyPifos_4_393                                                                    ;        ;
; guard|emptyPifos_4_409                                                                    ;        ;
; guard|emptyPifos_4_317                                                                    ;        ;
; guard|emptyPifos_4_269                                                                    ;        ;
; guard|emptyPifos_4_285                                                                    ;        ;
; guard|emptyPifos_4_381                                                                    ;        ;
; guard|emptyPifos_4_349                                                                    ;        ;
; guard|emptyPifos_4_301                                                                    ;        ;
; guard|emptyPifos_0_363                                                                    ;        ;
; guard|emptyPifos_4_365                                                                    ;        ;
; guard|emptyPifos_4_333                                                                    ;        ;
; guard|emptyPifos_4_504                                                                    ;        ;
; guard|emptyPifos_4_472                                                                    ;        ;
; guard|emptyPifos_4_424                                                                    ;        ;
; guard|emptyPifos_4_488                                                                    ;        ;
; guard|emptyPifos_4_456                                                                    ;        ;
; guard|emptyPifos_4_312                                                                    ;        ;
; guard|emptyPifos_4_264                                                                    ;        ;
; guard|emptyPifos_4_280                                                                    ;        ;
; guard|emptyPifos_0_426                                                                    ;        ;
; guard|emptyPifos_4_376                                                                    ;        ;
; guard|emptyPifos_4_344                                                                    ;        ;
; guard|emptyPifos_4_296                                                                    ;        ;
; guard|emptyPifos_4_360                                                                    ;        ;
; guard|emptyPifos_4_328                                                                    ;        ;
; guard|emptyPifos_4_497                                                                    ;        ;
; guard|emptyPifos_4_465                                                                    ;        ;
; guard|emptyPifos_4_417                                                                    ;        ;
; guard|emptyPifos_4_481                                                                    ;        ;
; guard|emptyPifos_4_449                                                                    ;        ;
; guard|emptyPifos_0_427                                                                    ;        ;
; guard|emptyPifos_4_305                                                                    ;        ;
; guard|emptyPifos_4_257                                                                    ;        ;
; guard|emptyPifos_4_273                                                                    ;        ;
; guard|emptyPifos_4_369                                                                    ;        ;
; guard|emptyPifos_4_337                                                                    ;        ;
; guard|emptyPifos_4_289                                                                    ;        ;
; guard|emptyPifos_4_353                                                                    ;        ;
; guard|emptyPifos_4_321                                                                    ;        ;
; guard|emptyPifos_4_437                                                                    ;        ;
; guard|emptyPifos_4_389                                                                    ;        ;
; guard|emptyPifos_0_299                                                                    ;        ;
; guard|emptyPifos_4_405                                                                    ;        ;
; guard|emptyPifos_4_501                                                                    ;        ;
; guard|emptyPifos_4_469                                                                    ;        ;
; guard|emptyPifos_4_421                                                                    ;        ;
; guard|emptyPifos_4_485                                                                    ;        ;
; guard|emptyPifos_4_453                                                                    ;        ;
; guard|emptyPifos_4_433                                                                    ;        ;
; guard|emptyPifos_4_385                                                                    ;        ;
; guard|emptyPifos_4_401                                                                    ;        ;
; guard|emptyPifos_4_309                                                                    ;        ;
; guard|emptyPifos_0_488                                                                    ;        ;
; guard|emptyPifos_4_261                                                                    ;        ;
; guard|emptyPifos_4_277                                                                    ;        ;
; guard|emptyPifos_4_373                                                                    ;        ;
; guard|emptyPifos_4_341                                                                    ;        ;
; guard|emptyPifos_4_293                                                                    ;        ;
; guard|emptyPifos_4_357                                                                    ;        ;
; guard|emptyPifos_4_325                                                                    ;        ;
; guard|emptyPifos_4_494                                                                    ;        ;
; guard|emptyPifos_4_486                                                                    ;        ;
; guard|emptyPifos_4_426                                                                    ;        ;
; guard|emptyPifos_0_296                                                                    ;        ;
; guard|emptyPifos_4_490                                                                    ;        ;
; guard|emptyPifos_4_482                                                                    ;        ;
; guard|emptyPifos_4_302                                                                    ;        ;
; guard|emptyPifos_4_290                                                                    ;        ;
; guard|emptyPifos_4_294                                                                    ;        ;
; guard|emptyPifos_4_366                                                                    ;        ;
; guard|emptyPifos_4_358                                                                    ;        ;
; guard|emptyPifos_4_298                                                                    ;        ;
; guard|emptyPifos_4_362                                                                    ;        ;
; guard|emptyPifos_4_354                                                                    ;        ;
; guard|emptyPifos_0_360                                                                    ;        ;
; guard|emptyPifos_4_446                                                                    ;        ;
; guard|emptyPifos_4_434                                                                    ;        ;
; guard|emptyPifos_4_438                                                                    ;        ;
; guard|emptyPifos_4_510                                                                    ;        ;
; guard|emptyPifos_4_502                                                                    ;        ;
; guard|emptyPifos_4_442                                                                    ;        ;
; guard|emptyPifos_4_506                                                                    ;        ;
; guard|emptyPifos_4_498                                                                    ;        ;
; guard|emptyPifos_4_430                                                                    ;        ;
; guard|emptyPifos_4_418                                                                    ;        ;
; guard|emptyPifos_0_386                                                                    ;        ;
; guard|emptyPifos_0_489                                                                    ;        ;
; guard|emptyPifos_4_422                                                                    ;        ;
; guard|emptyPifos_4_318                                                                    ;        ;
; guard|emptyPifos_4_306                                                                    ;        ;
; guard|emptyPifos_4_310                                                                    ;        ;
; guard|emptyPifos_4_382                                                                    ;        ;
; guard|emptyPifos_4_374                                                                    ;        ;
; guard|emptyPifos_4_314                                                                    ;        ;
; guard|emptyPifos_4_378                                                                    ;        ;
; guard|emptyPifos_4_370                                                                    ;        ;
; guard|emptyPifos_4_499                                                                    ;        ;
; guard|emptyPifos_0_361                                                                    ;        ;
; guard|emptyPifos_4_467                                                                    ;        ;
; guard|emptyPifos_4_419                                                                    ;        ;
; guard|emptyPifos_4_483                                                                    ;        ;
; guard|emptyPifos_4_451                                                                    ;        ;
; guard|emptyPifos_4_307                                                                    ;        ;
; guard|emptyPifos_4_259                                                                    ;        ;
; guard|emptyPifos_4_275                                                                    ;        ;
; guard|emptyPifos_4_371                                                                    ;        ;
; guard|emptyPifos_4_339                                                                    ;        ;
; guard|emptyPifos_4_291                                                                    ;        ;
; guard|emptyPifos_0_424                                                                    ;        ;
; guard|emptyPifos_4_355                                                                    ;        ;
; guard|emptyPifos_4_323                                                                    ;        ;
; guard|emptyPifos_4_503                                                                    ;        ;
; guard|emptyPifos_4_375                                                                    ;        ;
; guard|emptyPifos_4_423                                                                    ;        ;
; guard|emptyPifos_4_439                                                                    ;        ;
; guard|emptyPifos_4_311                                                                    ;        ;
; guard|emptyPifos_4_455                                                                    ;        ;
; guard|emptyPifos_4_263                                                                    ;        ;
; guard|emptyPifos_4_327                                                                    ;        ;
; guard|emptyPifos_0_425                                                                    ;        ;
; guard|emptyPifos_4_471                                                                    ;        ;
; guard|emptyPifos_4_343                                                                    ;        ;
; guard|emptyPifos_4_391                                                                    ;        ;
; guard|emptyPifos_4_407                                                                    ;        ;
; guard|emptyPifos_4_279                                                                    ;        ;
; guard|emptyPifos_4_443                                                                    ;        ;
; guard|emptyPifos_4_395                                                                    ;        ;
; guard|emptyPifos_4_411                                                                    ;        ;
; guard|emptyPifos_4_507                                                                    ;        ;
; guard|emptyPifos_4_475                                                                    ;        ;
; guard|emptyPifos_0_297                                                                    ;        ;
; guard|emptyPifos_4_427                                                                    ;        ;
; guard|emptyPifos_4_491                                                                    ;        ;
; guard|emptyPifos_4_459                                                                    ;        ;
; guard|emptyPifos_4_435                                                                    ;        ;
; guard|emptyPifos_4_387                                                                    ;        ;
; guard|emptyPifos_4_403                                                                    ;        ;
; guard|emptyPifos_4_315                                                                    ;        ;
; guard|emptyPifos_4_267                                                                    ;        ;
; guard|emptyPifos_4_283                                                                    ;        ;
; guard|emptyPifos_4_379                                                                    ;        ;
; guard|emptyPifos_0_463                                                                    ;        ;
; guard|emptyPifos_4_347                                                                    ;        ;
; guard|emptyPifos_4_299                                                                    ;        ;
; guard|emptyPifos_4_363                                                                    ;        ;
; guard|emptyPifos_4_331                                                                    ;        ;
; guard|emptyPifos_4_495                                                                    ;        ;
; guard|emptyPifos_4_303                                                                    ;        ;
; guard|emptyPifos_4_367                                                                    ;        ;
; guard|emptyPifos_4_511                                                                    ;        ;
; guard|emptyPifos_4_383                                                                    ;        ;
; guard|emptyPifos_4_431                                                                    ;        ;
; guard|emptyPifos_0_335                                                                    ;        ;
; guard|emptyPifos_4_447                                                                    ;        ;
; guard|emptyPifos_4_319                                                                    ;        ;
; guard|emptyPifos_4_487                                                                    ;        ;
; guard|emptyPifos_4_295                                                                    ;        ;
; guard|emptyPifos_4_359                                                                    ;        ;
; guard|emptyPifos_4_463                                                                    ;        ;
; guard|emptyPifos_4_271                                                                    ;        ;
; guard|emptyPifos_4_335                                                                    ;        ;
; guard|emptyPifos_4_479                                                                    ;        ;
; guard|emptyPifos_4_351                                                                    ;        ;
; guard|emptyPifos_0_398                                                                    ;        ;
; guard|emptyPifos_4_399                                                                    ;        ;
; guard|emptyPifos_4_415                                                                    ;        ;
; guard|emptyPifos_4_287                                                                    ;        ;
; guard|emptyPifos_4_462                                                                    ;        ;
; guard|emptyPifos_4_454                                                                    ;        ;
; guard|emptyPifos_4_394                                                                    ;        ;
; guard|emptyPifos_4_458                                                                    ;        ;
; guard|emptyPifos_4_450                                                                    ;        ;
; guard|emptyPifos_4_270                                                                    ;        ;
; guard|emptyPifos_4_258                                                                    ;        ;
; guard|emptyPifos_0_399                                                                    ;        ;
; guard|emptyPifos_4_262                                                                    ;        ;
; guard|emptyPifos_4_334                                                                    ;        ;
; guard|emptyPifos_4_326                                                                    ;        ;
; guard|emptyPifos_4_266                                                                    ;        ;
; guard|emptyPifos_4_330                                                                    ;        ;
; guard|emptyPifos_4_322                                                                    ;        ;
; guard|emptyPifos_4_414                                                                    ;        ;
; guard|emptyPifos_4_402                                                                    ;        ;
; guard|emptyPifos_4_406                                                                    ;        ;
; guard|emptyPifos_4_478                                                                    ;        ;
; guard|emptyPifos_0_271                                                                    ;        ;
; guard|emptyPifos_4_470                                                                    ;        ;
; guard|emptyPifos_4_410                                                                    ;        ;
; guard|emptyPifos_4_474                                                                    ;        ;
; guard|emptyPifos_4_466                                                                    ;        ;
; guard|emptyPifos_4_398                                                                    ;        ;
; guard|emptyPifos_4_386                                                                    ;        ;
; guard|emptyPifos_4_390                                                                    ;        ;
; guard|emptyPifos_4_286                                                                    ;        ;
; guard|emptyPifos_4_274                                                                    ;        ;
; guard|emptyPifos_4_278                                                                    ;        ;
; guard|emptyPifos_0_387                                                                    ;        ;
; guard|emptyPifos_0_460                                                                    ;        ;
; guard|emptyPifos_4_350                                                                    ;        ;
; guard|emptyPifos_4_342                                                                    ;        ;
; guard|emptyPifos_4_282                                                                    ;        ;
; guard|emptyPifos_4_346                                                                    ;        ;
; guard|emptyPifos_4_338                                                                    ;        ;
; guard|emptyPifos_4_15                                                                     ;        ;
; guard|emptyPifos_4_3                                                                      ;        ;
; guard|emptyPifos_4_7                                                                      ;        ;
; guard|emptyPifos_4_31                                                                     ;        ;
; guard|emptyPifos_4_23                                                                     ;        ;
; guard|emptyPifos_0_268                                                                    ;        ;
; guard|emptyPifos_4_11                                                                     ;        ;
; guard|emptyPifos_4_27                                                                     ;        ;
; guard|emptyPifos_4_19                                                                     ;        ;
; guard|emptyPifos_4_47                                                                     ;        ;
; guard|emptyPifos_4_35                                                                     ;        ;
; guard|emptyPifos_4_39                                                                     ;        ;
; guard|emptyPifos_4_63                                                                     ;        ;
; guard|emptyPifos_4_55                                                                     ;        ;
; guard|emptyPifos_4_43                                                                     ;        ;
; guard|emptyPifos_4_59                                                                     ;        ;
; guard|emptyPifos_0_332                                                                    ;        ;
; guard|emptyPifos_4_51                                                                     ;        ;
; guard|emptyPifos_4_60                                                                     ;        ;
; guard|emptyPifos_4_28                                                                     ;        ;
; guard|emptyPifos_4_40                                                                     ;        ;
; guard|emptyPifos_4_44                                                                     ;        ;
; guard|emptyPifos_4_12                                                                     ;        ;
; guard|emptyPifos_4_48                                                                     ;        ;
; guard|emptyPifos_4_0                                                                      ;        ;
; guard|emptyPifos_4_16                                                                     ;        ;
; guard|emptyPifos_4_52                                                                     ;        ;
; guard|emptyPifos_0_461                                                                    ;        ;
; guard|emptyPifos_4_20                                                                     ;        ;
; guard|emptyPifos_4_32                                                                     ;        ;
; guard|emptyPifos_4_36                                                                     ;        ;
; guard|emptyPifos_4_4                                                                      ;        ;
; guard|emptyPifos_4_57                                                                     ;        ;
; guard|emptyPifos_4_9                                                                      ;        ;
; guard|emptyPifos_4_25                                                                     ;        ;
; guard|emptyPifos_4_61                                                                     ;        ;
; guard|emptyPifos_4_29                                                                     ;        ;
; guard|emptyPifos_4_41                                                                     ;        ;
; guard|emptyPifos_0_333                                                                    ;        ;
; guard|emptyPifos_4_45                                                                     ;        ;
; guard|emptyPifos_4_13                                                                     ;        ;
; guard|emptyPifos_4_56                                                                     ;        ;
; guard|emptyPifos_4_8                                                                      ;        ;
; guard|emptyPifos_4_24                                                                     ;        ;
; guard|emptyPifos_4_49                                                                     ;        ;
; guard|emptyPifos_4_1                                                                      ;        ;
; guard|emptyPifos_4_17                                                                     ;        ;
; guard|emptyPifos_4_53                                                                     ;        ;
; guard|emptyPifos_4_21                                                                     ;        ;
; guard|emptyPifos_0_396                                                                    ;        ;
; guard|emptyPifos_4_33                                                                     ;        ;
; guard|emptyPifos_4_37                                                                     ;        ;
; guard|emptyPifos_4_5                                                                      ;        ;
; guard|emptyPifos_4_79                                                                     ;        ;
; guard|emptyPifos_4_71                                                                     ;        ;
; guard|emptyPifos_4_74                                                                     ;        ;
; guard|emptyPifos_4_75                                                                     ;        ;
; guard|emptyPifos_4_67                                                                     ;        ;
; guard|emptyPifos_4_76                                                                     ;        ;
; guard|emptyPifos_4_64                                                                     ;        ;
; guard|emptyPifos_0_397                                                                    ;        ;
; guard|emptyPifos_4_68                                                                     ;        ;
; guard|emptyPifos_4_77                                                                     ;        ;
; guard|emptyPifos_4_69                                                                     ;        ;
; guard|emptyPifos_4_72                                                                     ;        ;
; guard|emptyPifos_4_73                                                                     ;        ;
; guard|emptyPifos_4_65                                                                     ;        ;
; guard|emptyPifos_4_94                                                                     ;        ;
; guard|emptyPifos_4_82                                                                     ;        ;
; guard|emptyPifos_4_86                                                                     ;        ;
; guard|emptyPifos_4_95                                                                     ;        ;
; guard|emptyPifos_0_269                                                                    ;        ;
; guard|emptyPifos_4_87                                                                     ;        ;
; guard|emptyPifos_4_90                                                                     ;        ;
; guard|emptyPifos_4_91                                                                     ;        ;
; guard|emptyPifos_4_83                                                                     ;        ;
; guard|emptyPifos_4_78                                                                     ;        ;
; guard|emptyPifos_4_66                                                                     ;        ;
; guard|emptyPifos_4_70                                                                     ;        ;
; guard|emptyPifos_4_92                                                                     ;        ;
; guard|emptyPifos_4_80                                                                     ;        ;
; guard|emptyPifos_4_84                                                                     ;        ;
; guard|emptyPifos_0_478                                                                    ;        ;
; guard|emptyPifos_4_93                                                                     ;        ;
; guard|emptyPifos_4_85                                                                     ;        ;
; guard|emptyPifos_4_88                                                                     ;        ;
; guard|emptyPifos_4_89                                                                     ;        ;
; guard|emptyPifos_4_81                                                                     ;        ;
; guard|emptyPifos_4_107                                                                    ;        ;
; guard|emptyPifos_4_104                                                                    ;        ;
; guard|emptyPifos_4_105                                                                    ;        ;
; guard|emptyPifos_4_111                                                                    ;        ;
; guard|emptyPifos_4_109                                                                    ;        ;
; guard|emptyPifos_0_286                                                                    ;        ;
; guard|emptyPifos_4_106                                                                    ;        ;
; guard|emptyPifos_4_110                                                                    ;        ;
; guard|emptyPifos_4_108                                                                    ;        ;
; guard|emptyPifos_4_124                                                                    ;        ;
; guard|emptyPifos_4_112                                                                    ;        ;
; guard|emptyPifos_4_116                                                                    ;        ;
; guard|emptyPifos_4_125                                                                    ;        ;
; guard|emptyPifos_4_117                                                                    ;        ;
; guard|emptyPifos_4_120                                                                    ;        ;
; guard|emptyPifos_4_121                                                                    ;        ;
; guard|emptyPifos_0_259                                                                    ;        ;
; guard|emptyPifos_0_350                                                                    ;        ;
; guard|emptyPifos_4_113                                                                    ;        ;
; guard|emptyPifos_4_126                                                                    ;        ;
; guard|emptyPifos_4_114                                                                    ;        ;
; guard|emptyPifos_4_118                                                                    ;        ;
; guard|emptyPifos_4_127                                                                    ;        ;
; guard|emptyPifos_4_119                                                                    ;        ;
; guard|emptyPifos_4_122                                                                    ;        ;
; guard|emptyPifos_4_123                                                                    ;        ;
; guard|emptyPifos_4_115                                                                    ;        ;
; guard|emptyPifos_4_99                                                                     ;        ;
; guard|emptyPifos_0_479                                                                    ;        ;
; guard|emptyPifos_4_96                                                                     ;        ;
; guard|emptyPifos_4_97                                                                     ;        ;
; guard|emptyPifos_4_103                                                                    ;        ;
; guard|emptyPifos_4_101                                                                    ;        ;
; guard|emptyPifos_4_98                                                                     ;        ;
; guard|emptyPifos_4_102                                                                    ;        ;
; guard|emptyPifos_4_100                                                                    ;        ;
; guard|emptyPifos_4_178                                                                    ;        ;
; guard|emptyPifos_4_130                                                                    ;        ;
; guard|emptyPifos_4_146                                                                    ;        ;
; guard|emptyPifos_0_351                                                                    ;        ;
; guard|emptyPifos_4_182                                                                    ;        ;
; guard|emptyPifos_4_150                                                                    ;        ;
; guard|emptyPifos_4_162                                                                    ;        ;
; guard|emptyPifos_4_166                                                                    ;        ;
; guard|emptyPifos_4_134                                                                    ;        ;
; guard|emptyPifos_4_186                                                                    ;        ;
; guard|emptyPifos_4_138                                                                    ;        ;
; guard|emptyPifos_4_154                                                                    ;        ;
; guard|emptyPifos_4_190                                                                    ;        ;
; guard|emptyPifos_4_158                                                                    ;        ;
; guard|emptyPifos_0_414                                                                    ;        ;
; guard|emptyPifos_4_170                                                                    ;        ;
; guard|emptyPifos_4_174                                                                    ;        ;
; guard|emptyPifos_4_142                                                                    ;        ;
; guard|emptyPifos_4_143                                                                    ;        ;
; guard|emptyPifos_4_131                                                                    ;        ;
; guard|emptyPifos_4_135                                                                    ;        ;
; guard|emptyPifos_4_159                                                                    ;        ;
; guard|emptyPifos_4_151                                                                    ;        ;
; guard|emptyPifos_4_139                                                                    ;        ;
; guard|emptyPifos_4_155                                                                    ;        ;
; guard|emptyPifos_0_415                                                                    ;        ;
; guard|emptyPifos_4_147                                                                    ;        ;
; guard|emptyPifos_4_175                                                                    ;        ;
; guard|emptyPifos_4_163                                                                    ;        ;
; guard|emptyPifos_4_167                                                                    ;        ;
; guard|emptyPifos_4_191                                                                    ;        ;
; guard|emptyPifos_4_183                                                                    ;        ;
; guard|emptyPifos_4_171                                                                    ;        ;
; guard|emptyPifos_4_187                                                                    ;        ;
; guard|emptyPifos_4_179                                                                    ;        ;
; guard|emptyPifos_4_50                                                                     ;        ;
; guard|emptyPifos_0_287                                                                    ;        ;
; guard|emptyPifos_4_2                                                                      ;        ;
; guard|emptyPifos_4_18                                                                     ;        ;
; guard|emptyPifos_4_54                                                                     ;        ;
; guard|emptyPifos_4_22                                                                     ;        ;
; guard|emptyPifos_4_34                                                                     ;        ;
; guard|emptyPifos_4_38                                                                     ;        ;
; guard|emptyPifos_4_6                                                                      ;        ;
; guard|emptyPifos_4_58                                                                     ;        ;
; guard|emptyPifos_4_10                                                                     ;        ;
; guard|emptyPifos_4_26                                                                     ;        ;
; guard|emptyPifos_0_462                                                                    ;        ;
; guard|emptyPifos_4_62                                                                     ;        ;
; guard|emptyPifos_4_30                                                                     ;        ;
; guard|emptyPifos_4_42                                                                     ;        ;
; guard|emptyPifos_4_46                                                                     ;        ;
; guard|emptyPifos_4_14                                                                     ;        ;
; guard|emptyPifos_4_188                                                                    ;        ;
; guard|emptyPifos_4_156                                                                    ;        ;
; guard|emptyPifos_4_168                                                                    ;        ;
; guard|emptyPifos_4_172                                                                    ;        ;
; guard|emptyPifos_4_140                                                                    ;        ;
; guard|emptyPifos_0_270                                                                    ;        ;
; guard|emptyPifos_4_176                                                                    ;        ;
; guard|emptyPifos_4_128                                                                    ;        ;
; guard|emptyPifos_4_144                                                                    ;        ;
; guard|emptyPifos_4_180                                                                    ;        ;
; guard|emptyPifos_4_148                                                                    ;        ;
; guard|emptyPifos_4_160                                                                    ;        ;
; guard|emptyPifos_4_164                                                                    ;        ;
; guard|emptyPifos_4_132                                                                    ;        ;
; guard|emptyPifos_4_185                                                                    ;        ;
; guard|emptyPifos_4_137                                                                    ;        ;
; guard|emptyPifos_0_334                                                                    ;        ;
; guard|emptyPifos_4_153                                                                    ;        ;
; guard|emptyPifos_4_189                                                                    ;        ;
; guard|emptyPifos_4_157                                                                    ;        ;
; guard|emptyPifos_4_169                                                                    ;        ;
; guard|emptyPifos_4_173                                                                    ;        ;
; guard|emptyPifos_4_141                                                                    ;        ;
; guard|emptyPifos_4_184                                                                    ;        ;
; guard|emptyPifos_4_136                                                                    ;        ;
; guard|emptyPifos_4_152                                                                    ;        ;
; guard|emptyPifos_4_177                                                                    ;        ;
; guard|emptyPifos_0_476                                                                    ;        ;
; guard|emptyPifos_4_129                                                                    ;        ;
; guard|emptyPifos_4_145                                                                    ;        ;
; guard|emptyPifos_4_181                                                                    ;        ;
; guard|emptyPifos_4_149                                                                    ;        ;
; guard|emptyPifos_4_161                                                                    ;        ;
; guard|emptyPifos_4_165                                                                    ;        ;
; guard|emptyPifos_4_133                                                                    ;        ;
; guard|emptyPifos_4_243                                                                    ;        ;
; guard|emptyPifos_4_241                                                                    ;        ;
; guard|emptyPifos_4_226                                                                    ;        ;
; guard|emptyPifos_0_448                                                                    ;        ;
; guard|emptyPifos_0_284                                                                    ;        ;
; guard|emptyPifos_4_242                                                                    ;        ;
; guard|emptyPifos_4_240                                                                    ;        ;
; guard|emptyPifos_4_195                                                                    ;        ;
; guard|emptyPifos_4_192                                                                    ;        ;
; guard|emptyPifos_4_193                                                                    ;        ;
; guard|emptyPifos_4_211                                                                    ;        ;
; guard|emptyPifos_4_209                                                                    ;        ;
; guard|emptyPifos_4_194                                                                    ;        ;
; guard|emptyPifos_4_210                                                                    ;        ;
; guard|emptyPifos_4_208                                                                    ;        ;
; guard|emptyPifos_0_348                                                                    ;        ;
; guard|emptyPifos_4_231                                                                    ;        ;
; guard|emptyPifos_4_228                                                                    ;        ;
; guard|emptyPifos_4_229                                                                    ;        ;
; guard|emptyPifos_4_247                                                                    ;        ;
; guard|emptyPifos_4_245                                                                    ;        ;
; guard|emptyPifos_4_230                                                                    ;        ;
; guard|emptyPifos_4_246                                                                    ;        ;
; guard|emptyPifos_4_244                                                                    ;        ;
; guard|emptyPifos_4_227                                                                    ;        ;
; guard|emptyPifos_4_224                                                                    ;        ;
; guard|emptyPifos_0_477                                                                    ;        ;
; guard|emptyPifos_4_225                                                                    ;        ;
; guard|emptyPifos_4_199                                                                    ;        ;
; guard|emptyPifos_4_196                                                                    ;        ;
; guard|emptyPifos_4_197                                                                    ;        ;
; guard|emptyPifos_4_215                                                                    ;        ;
; guard|emptyPifos_4_213                                                                    ;        ;
; guard|emptyPifos_4_198                                                                    ;        ;
; guard|emptyPifos_4_214                                                                    ;        ;
; guard|emptyPifos_4_212                                                                    ;        ;
; guard|emptyPifos_4_235                                                                    ;        ;
; guard|emptyPifos_0_349                                                                    ;        ;
; guard|emptyPifos_4_232                                                                    ;        ;
; guard|emptyPifos_4_233                                                                    ;        ;
; guard|emptyPifos_4_251                                                                    ;        ;
; guard|emptyPifos_4_249                                                                    ;        ;
; guard|emptyPifos_4_234                                                                    ;        ;
; guard|emptyPifos_4_250                                                                    ;        ;
; guard|emptyPifos_4_248                                                                    ;        ;
; guard|emptyPifos_4_252                                                                    ;        ;
; guard|emptyPifos_4_204                                                                    ;        ;
; guard|emptyPifos_4_220                                                                    ;        ;
; guard|emptyPifos_0_412                                                                    ;        ;
; guard|emptyPifos_4_253                                                                    ;        ;
; guard|emptyPifos_4_221                                                                    ;        ;
; guard|emptyPifos_4_236                                                                    ;        ;
; guard|emptyPifos_4_237                                                                    ;        ;
; guard|emptyPifos_4_205                                                                    ;        ;
; guard|emptyPifos_4_254                                                                    ;        ;
; guard|emptyPifos_4_206                                                                    ;        ;
; guard|emptyPifos_4_222                                                                    ;        ;
; guard|emptyPifos_4_255                                                                    ;        ;
; guard|emptyPifos_4_223                                                                    ;        ;
; guard|emptyPifos_0_413                                                                    ;        ;
; guard|emptyPifos_4_238                                                                    ;        ;
; guard|emptyPifos_4_239                                                                    ;        ;
; guard|emptyPifos_4_207                                                                    ;        ;
; guard|emptyPifos_4_203                                                                    ;        ;
; guard|emptyPifos_4_200                                                                    ;        ;
; guard|emptyPifos_4_201                                                                    ;        ;
; guard|emptyPifos_4_219                                                                    ;        ;
; guard|emptyPifos_4_217                                                                    ;        ;
; guard|emptyPifos_4_202                                                                    ;        ;
; guard|emptyPifos_4_218                                                                    ;        ;
; guard|emptyPifos_0_285                                                                    ;        ;
; guard|emptyPifos_4_216                                                                    ;        ;
; replayControl|writePointer[8]                                                             ;        ;
; replayControl|releasePointer[2]                                                           ;        ;
; replayControl|releasePointer[0]                                                           ;        ;
; replayControl|releasePointer[1]                                                           ;        ;
; replayControl|releasePointer[3]                                                           ;        ;
; streamArbiter_21|maskLocked_1                                                             ;        ;
; pifoEngines_0|enque_brain|streamArbiter_21|maskLocked_1                                   ;        ;
; pifoEngines_0|enque_brain|flowStateUpdate_fifo|fifo|logic_ram~22                          ;        ;
; pifoEngines_0|enque_brain|engineCAM_io_readRes_toStream_fifo|fifo|logic_ram~0             ;        ;
; guard|emptyPifos_0_60                                                                     ;        ;
; pifoEngines_0|enque_brain|flowStateUpdate_fifo|fifo|logic_ram~21                          ;        ;
; pifoEngines_0|enque_brain|flowStateUpdate_fifo|fifo|logic_ram~50                          ;        ;
; pifoEngines_0|enque_brain|engineCAM_io_readRes_toStream_fifo|fifo|logic_ram~8             ;        ;
; pifoEngines_0|enque_brain|lastVirtualMapper_io_readRes_toStream_fifo|fifo|logic_ram[0][0] ;        ;
; pifoEngines_0|enque_brain|lastVirtualMapper_io_readRes_toStream_fifo|fifo|logic_ram[1][0] ;        ;
; pifoEngines_0|enque_brain|engineCAM_io_readRes_toStream_fifo|fifo|logic_ram~2             ;        ;
; pifoEngines_0|enque_brain|flowStateUpdate_fifo|fifo|logic_ram~23                          ;        ;
; pifoEngines_0|enque_brain|flowStateUpdate_fifo|fifo|logic_ram~52                          ;        ;
; pifoEngines_0|enque_brain|engineCAM_io_readRes_toStream_fifo|fifo|logic_ram~10            ;        ;
; pifoEngines_0|enque_brain|lastVirtualMapper_io_readRes_toStream_fifo|fifo|logic_ram[0][2] ;        ;
; guard|emptyPifos_0_12                                                                     ;        ;
; pifoEngines_0|enque_brain|lastVirtualMapper_io_readRes_toStream_fifo|fifo|logic_ram[1][2] ;        ;
; pifoEngines_0|enque_brain|flowStateUpdate_fifo|fifo|logic_ram~24                          ;        ;
; pifoEngines_0|enque_brain|engineCAM_io_readRes_toStream_fifo|fifo|logic_ram~3             ;        ;
; pifoEngines_0|enque_brain|engineCAM_io_readRes_toStream_fifo|fifo|logic_ram~11            ;        ;
; pifoEngines_0|enque_brain|lastVirtualMapper_io_readRes_toStream_fifo|fifo|logic_ram[0][3] ;        ;
; pifoEngines_0|enque_brain|lastVirtualMapper_io_readRes_toStream_fifo|fifo|logic_ram[1][3] ;        ;
; pifoEngines_0|enque_brain|flowStateUpdate_fifo|fifo|logic_ram~53                          ;        ;
; pifoEngines_0|enque_brain|flowStateUpdate_fifo|fifo|logic_ram~28                          ;        ;
; pifoEngines_0|enque_brain|lastVirtualMapper_io_readRes_toStream_fifo|fifo|logic_ram[0][7] ;        ;
; pifoEngines_0|enque_brain|lastVirtualMapper_io_readRes_toStream_fifo|fifo|logic_ram[1][7] ;        ;
; guard|emptyPifos_0_28                                                                     ;        ;
; pifoEngines_0|enque_brain|engineCAM_io_readRes_toStream_fifo|fifo|logic_ram~6             ;        ;
; pifoEngines_0|enque_brain|flowStateUpdate_fifo|fifo|logic_ram~27                          ;        ;
; pifoEngines_0|enque_brain|lastVirtualMapper_io_readRes_toStream_fifo|fifo|logic_ram[0][5] ;        ;
; pifoEngines_0|enque_brain|lastVirtualMapper_io_readRes_toStream_fifo|fifo|logic_ram[1][5] ;        ;
; pifoEngines_0|enque_brain|engineCAM_io_readRes_toStream_fifo|fifo|logic_ram~5             ;        ;
; pifoEngines_0|enque_brain|engineCAM_io_readRes_toStream_fifo|fifo|logic_ram~13            ;        ;
; pifoEngines_0|enque_brain|flowStateUpdate_fifo|fifo|logic_ram~26                          ;        ;
; pifoEngines_0|enque_brain|flowStateUpdate_fifo|fifo|logic_ram~55                          ;        ;
; pifoEngines_0|enque_brain|engineCAM_io_readRes_toStream_fifo|fifo|logic_ram~4             ;        ;
; pifoEngines_0|enque_brain|flowStateUpdate_fifo|fifo|logic_ram~25                          ;        ;
; guard|emptyPifos_0_256                                                                    ;        ;
; guard|emptyPifos_0_61                                                                     ;        ;
; pifoEngines_0|enque_brain|flowStateUpdate_fifo|fifo|logic_ram~54                          ;        ;
; pifoEngines_0|enque_brain|engineCAM_io_readRes_toStream_fifo|fifo|logic_ram~12            ;        ;
; pifoEngines_0|enque_brain|lastVirtualMapper_io_readRes_toStream_fifo|fifo|logic_ram[0][4] ;        ;
; pifoEngines_0|enque_brain|lastVirtualMapper_io_readRes_toStream_fifo|fifo|logic_ram[1][4] ;        ;
; pifoEngines_0|enque_brain|lastVirtualMapper_io_readRes_toStream_fifo|fifo|logic_ram[0][6] ;        ;
; pifoEngines_0|enque_brain|lastVirtualMapper_io_readRes_toStream_fifo|fifo|logic_ram[1][6] ;        ;
; pifoEngines_0|enque_brain|flowStateUpdate_fifo|fifo|logic_ram~56                          ;        ;
; pifoEngines_0|enque_brain|engineCAM_io_readRes_toStream_fifo|fifo|logic_ram~14            ;        ;
; pifoEngines_0|enque_brain|engineCAM_io_readRes_toStream_fifo|fifo|logic_ram~7             ;        ;
; pifoEngines_0|enque_brain|engineCAM_io_readRes_toStream_fifo|fifo|logic_ram~15            ;        ;
; guard|emptyPifos_0_29                                                                     ;        ;
; pifoEngines_0|enque_brain|flowStateUpdate_fifo|fifo|logic_ram~57                          ;        ;
; pifoEngines_0|enque_brain|engineCAM_io_readRes_toStream_fifo|fifo|logic_ram~1             ;        ;
; pifoEngines_0|enque_brain|engineCAM_io_readRes_toStream_fifo|fifo|logic_ram~9             ;        ;
; pifoEngines_0|enque_brain|engineCAM|banks_0_tags_596[20]                                  ;        ;
; pifoEngines_0|enque_brain|engineCAM|banks_0_tags_608[16]                                  ;        ;
; pifoEngines_0|enque_brain|engineCAM|banks_0_tags_608[15]                                  ;        ;
; pifoEngines_0|enque_brain|engineCAM|banks_0_tags_608[18]                                  ;        ;
; pifoEngines_0|enque_brain|engineCAM|banks_0_tags_608[10]                                  ;        ;
; pifoEngines_0|enque_brain|engineCAM|banks_0_tags_608[9]                                   ;        ;
; pifoEngines_0|enque_brain|engineCAM|banks_0_tags_608[8]                                   ;        ;
; guard|emptyPifos_0_44                                                                     ;        ;
; pifoEngines_0|enque_brain|engineCAM|banks_0_tags_608[7]                                   ;        ;
; pifoEngines_0|enque_brain|engineCAM|banks_0_tags_608[6]                                   ;        ;
; pifoEngines_0|enque_brain|engineCAM|banks_0_tags_608[5]                                   ;        ;
; pifoEngines_0|enque_brain|engineCAM|banks_0_tags_608[4]                                   ;        ;
; pifoEngines_0|enque_brain|engineCAM|banks_0_tags_608[3]                                   ;        ;
; pifoEngines_0|enque_brain|engineCAM|banks_0_tags_608[14]                                  ;        ;
; pifoEngines_0|enque_brain|engineCAM|banks_0_tags_608[13]                                  ;        ;
; pifoEngines_0|enque_brain|engineCAM|banks_0_tags_608[12]                                  ;        ;
; pifoEngines_0|enque_brain|engineCAM|banks_0_tags_608[11]                                  ;        ;
; pifoEngines_0|enque_brain|engineCAM|banks_0_tags_608[2]                                   ;        ;
; guard|emptyPifos_0_45                                                                     ;        ;
; pifoEngines_0|enque_brain|engineCAM|banks_0_tags_608[1]                                   ;        ;
; pifoEngines_0|enque_brain|engineCAM|banks_0_tags_608[0]                                   ;        ;
; pifoEngines_0|enque_brain|engineCAM|banks_0_tags_609[12]                                  ;        ;
; pifoEngines_0|enque_brain|engineCAM|banks_0_tags_609[11]                                  ;        ;
; pifoEngines_0|enque_brain|engineCAM|banks_0_tags_609[14]                                  ;        ;
; pifoEngines_0|enque_brain|engineCAM|banks_0_tags_609[13]                                  ;        ;
; pifoEngines_0|enque_brain|engineCAM|banks_0_tags_609[16]                                  ;        ;
; pifoEngines_0|enque_brain|engineCAM|banks_0_tags_609[15]                                  ;        ;
; pifoEngines_0|enque_brain|engineCAM|banks_0_tags_609[18]                                  ;        ;
; pifoEngines_0|enque_brain|engineCAM|banks_0_tags_612[16]                                  ;        ;
; guard|emptyPifos_0_13                                                                     ;        ;
; pifoEngines_0|enque_brain|engineCAM|banks_0_tags_612[15]                                  ;        ;
; pifoEngines_0|enque_brain|engineCAM|banks_0_tags_612[18]                                  ;        ;
; pifoEngines_0|enque_brain|engineCAM|banks_0_tags_607[16]                                  ;        ;
; pifoEngines_0|enque_brain|engineCAM|banks_0_tags_607[15]                                  ;        ;
; pifoEngines_0|enque_brain|engineCAM|banks_0_tags_607[18]                                  ;        ;
; pifoEngines_0|enque_brain|engineCAM|banks_0_tags_603[12]                                  ;        ;
; pifoEngines_0|enque_brain|engineCAM|banks_0_tags_603[11]                                  ;        ;
; pifoEngines_0|enque_brain|engineCAM|banks_0_tags_603[14]                                  ;        ;
; pifoEngines_0|enque_brain|engineCAM|banks_0_tags_603[13]                                  ;        ;
; pifoEngines_0|enque_brain|engineCAM|banks_0_tags_603[16]                                  ;        ;
; guard|emptyPifos_0_62                                                                     ;        ;
; pifoEngines_0|enque_brain|engineCAM|banks_0_tags_603[15]                                  ;        ;
; pifoEngines_0|enque_brain|engineCAM|banks_0_tags_603[18]                                  ;        ;
; pifoEngines_0|enque_brain|engineCAM|banks_0_tags_605[10]                                  ;        ;
; pifoEngines_0|enque_brain|engineCAM|banks_0_tags_605[9]                                   ;        ;
; pifoEngines_0|enque_brain|engineCAM|banks_0_tags_605[8]                                   ;        ;
; pifoEngines_0|enque_brain|engineCAM|banks_0_tags_605[7]                                   ;        ;
; pifoEngines_0|enque_brain|engineCAM|banks_0_tags_605[6]                                   ;        ;
; pifoEngines_0|enque_brain|engineCAM|banks_0_tags_605[5]                                   ;        ;
; pifoEngines_0|enque_brain|engineCAM|banks_0_tags_605[4]                                   ;        ;
; pifoEngines_0|enque_brain|engineCAM|banks_0_tags_605[3]                                   ;        ;
; guard|emptyPifos_0_14                                                                     ;        ;
; pifoEngines_0|enque_brain|engineCAM|banks_0_tags_605[14]                                  ;        ;
; pifoEngines_0|enque_brain|engineCAM|banks_0_tags_605[13]                                  ;        ;
; pifoEngines_0|enque_brain|engineCAM|banks_0_tags_605[12]                                  ;        ;
; pifoEngines_0|enque_brain|engineCAM|banks_0_tags_605[11]                                  ;        ;
; pifoEngines_0|enque_brain|engineCAM|banks_0_tags_605[18]                                  ;        ;
; pifoEngines_0|enque_brain|engineCAM|banks_0_tags_605[17]                                  ;        ;
; pifoEngines_0|enque_brain|engineCAM|banks_0_tags_605[16]                                  ;        ;
; pifoEngines_0|enque_brain|engineCAM|banks_0_tags_605[15]                                  ;        ;
; pifoEngines_0|enque_brain|engineCAM|banks_0_tags_605[2]                                   ;        ;
; pifoEngines_0|enque_brain|engineCAM|banks_0_tags_605[1]                                   ;        ;
; guard|emptyPifos_0_30                                                                     ;        ;
; pifoEngines_0|enque_brain|engineCAM|banks_0_tags_605[0]                                   ;        ;
; pifoEngines_0|enque_brain|engineCAM|banks_0_tags_605[20]                                  ;        ;
; pifoEngines_0|enque_brain|engineCAM|banks_0_tags_595[20]                                  ;        ;
; pifoEngines_0|enque_brain|engineCAM|banks_0_tags_599[16]                                  ;        ;
; pifoEngines_0|enque_brain|engineCAM|banks_0_tags_599[15]                                  ;        ;
; pifoEngines_0|enque_brain|engineCAM|banks_0_tags_599[18]                                  ;        ;
; pifoEngines_0|enque_brain|engineCAM|banks_0_tags_601[16]                                  ;        ;
; pifoEngines_0|enque_brain|engineCAM|banks_0_tags_601[15]                                  ;        ;
; pifoEngines_0|enque_brain|engineCAM|banks_0_tags_601[18]                                  ;        ;
; pifoEngines_0|enque_brain|engineCAM|banks_0_tags_619[20]                                  ;        ;
; guard|emptyPifos_0_63                                                                     ;        ;
; pifoEngines_0|enque_brain|engineCAM|banks_0_tags_617[20]                                  ;        ;
; pifoEngines_0|enque_brain|engineCAM|banks_0_tags_624[16]                                  ;        ;
; pifoEngines_0|enque_brain|engineCAM|banks_0_tags_624[15]                                  ;        ;
; pifoEngines_0|enque_brain|engineCAM|banks_0_tags_624[18]                                  ;        ;
; pifoEngines_0|enque_brain|engineCAM|banks_0_tags_625[20]                                  ;        ;
; pifoEngines_0|enque_brain|engineCAM|banks_0_tags_627[10]                                  ;        ;
; pifoEngines_0|enque_brain|engineCAM|banks_0_tags_627[9]                                   ;        ;
; pifoEngines_0|enque_brain|engineCAM|banks_0_tags_627[8]                                   ;        ;
; pifoEngines_0|enque_brain|engineCAM|banks_0_tags_627[7]                                   ;        ;
; pifoEngines_0|enque_brain|engineCAM|banks_0_tags_627[6]                                   ;        ;
; guard|emptyPifos_0_31                                                                     ;        ;
; pifoEngines_0|enque_brain|engineCAM|banks_0_tags_627[5]                                   ;        ;
; pifoEngines_0|enque_brain|engineCAM|banks_0_tags_627[4]                                   ;        ;
; pifoEngines_0|enque_brain|engineCAM|banks_0_tags_627[3]                                   ;        ;
; pifoEngines_0|enque_brain|engineCAM|banks_0_tags_627[12]                                  ;        ;
; pifoEngines_0|enque_brain|engineCAM|banks_0_tags_627[11]                                  ;        ;
; pifoEngines_0|enque_brain|engineCAM|banks_0_tags_627[14]                                  ;        ;
; pifoEngines_0|enque_brain|engineCAM|banks_0_tags_627[13]                                  ;        ;
; pifoEngines_0|enque_brain|engineCAM|banks_0_tags_627[2]                                   ;        ;
; pifoEngines_0|enque_brain|engineCAM|banks_0_tags_627[1]                                   ;        ;
; pifoEngines_0|enque_brain|engineCAM|banks_0_tags_627[0]                                   ;        ;
; guard|emptyPifos_0_320                                                                    ;        ;
; guard|emptyPifos_0_46                                                                     ;        ;
; pifoEngines_0|enque_brain|engineCAM|banks_0_tags_627[18]                                  ;        ;
; pifoEngines_0|enque_brain|engineCAM|banks_0_tags_627[17]                                  ;        ;
; pifoEngines_0|enque_brain|engineCAM|banks_0_tags_627[16]                                  ;        ;
; pifoEngines_0|enque_brain|engineCAM|banks_0_tags_627[15]                                  ;        ;
; pifoEngines_0|enque_brain|engineCAM|banks_0_tags_627[20]                                  ;        ;
; pifoEngines_0|enque_brain|engineCAM|banks_0_tags_621[10]                                  ;        ;
; pifoEngines_0|enque_brain|engineCAM|banks_0_tags_621[9]                                   ;        ;
; pifoEngines_0|enque_brain|engineCAM|banks_0_tags_621[8]                                   ;        ;
; pifoEngines_0|enque_brain|engineCAM|banks_0_tags_621[7]                                   ;        ;
; pifoEngines_0|enque_brain|engineCAM|banks_0_tags_621[6]                                   ;        ;
; guard|emptyPifos_0_47                                                                     ;        ;
; pifoEngines_0|enque_brain|engineCAM|banks_0_tags_621[5]                                   ;        ;
; pifoEngines_0|enque_brain|engineCAM|banks_0_tags_621[4]                                   ;        ;
; pifoEngines_0|enque_brain|engineCAM|banks_0_tags_621[3]                                   ;        ;
; pifoEngines_0|enque_brain|engineCAM|banks_0_tags_621[14]                                  ;        ;
; pifoEngines_0|enque_brain|engineCAM|banks_0_tags_621[13]                                  ;        ;
; pifoEngines_0|enque_brain|engineCAM|banks_0_tags_621[12]                                  ;        ;
; pifoEngines_0|enque_brain|engineCAM|banks_0_tags_621[11]                                  ;        ;
; pifoEngines_0|enque_brain|engineCAM|banks_0_tags_621[2]                                   ;        ;
; pifoEngines_0|enque_brain|engineCAM|banks_0_tags_621[1]                                   ;        ;
; pifoEngines_0|enque_brain|engineCAM|banks_0_tags_621[0]                                   ;        ;
; guard|emptyPifos_0_15                                                                     ;        ;
; pifoEngines_0|enque_brain|engineCAM|banks_0_tags_621[16]                                  ;        ;
; pifoEngines_0|enque_brain|engineCAM|banks_0_tags_621[15]                                  ;        ;
; pifoEngines_0|enque_brain|engineCAM|banks_0_tags_621[18]                                  ;        ;
; pifoEngines_0|enque_brain|engineCAM|banks_0_tags_621[17]                                  ;        ;
; pifoEngines_0|enque_brain|engineCAM|banks_0_tags_621[20]                                  ;        ;
; pifoEngines_0|enque_brain|engineCAM|banks_0_tags_604[10]                                  ;        ;
; pifoEngines_0|enque_brain|engineCAM|banks_0_tags_604[9]                                   ;        ;
; pifoEngines_0|enque_brain|engineCAM|banks_0_tags_604[8]                                   ;        ;
; pifoEngines_0|enque_brain|engineCAM|banks_0_tags_604[7]                                   ;        ;
; pifoEngines_0|enque_brain|engineCAM|banks_0_tags_604[6]                                   ;        ;
; guard|emptyPifos_0_51                                                                     ;        ;
; pifoEngines_0|enque_brain|engineCAM|banks_0_tags_604[5]                                   ;        ;
; pifoEngines_0|enque_brain|engineCAM|banks_0_tags_604[4]                                   ;        ;
; pifoEngines_0|enque_brain|engineCAM|banks_0_tags_604[3]                                   ;        ;
; pifoEngines_0|enque_brain|engineCAM|banks_0_tags_604[14]                                  ;        ;
; pifoEngines_0|enque_brain|engineCAM|banks_0_tags_604[13]                                  ;        ;
; pifoEngines_0|enque_brain|engineCAM|banks_0_tags_604[12]                                  ;        ;
; pifoEngines_0|enque_brain|engineCAM|banks_0_tags_604[11]                                  ;        ;
; pifoEngines_0|enque_brain|engineCAM|banks_0_tags_604[18]                                  ;        ;
; pifoEngines_0|enque_brain|engineCAM|banks_0_tags_604[17]                                  ;        ;
; pifoEngines_0|enque_brain|engineCAM|banks_0_tags_604[16]                                  ;        ;
; guard|emptyPifos_0_49                                                                     ;        ;
; pifoEngines_0|enque_brain|engineCAM|banks_0_tags_604[15]                                  ;        ;
; pifoEngines_0|enque_brain|engineCAM|banks_0_tags_604[2]                                   ;        ;
; pifoEngines_0|enque_brain|engineCAM|banks_0_tags_604[1]                                   ;        ;
; pifoEngines_0|enque_brain|engineCAM|banks_0_tags_604[0]                                   ;        ;
; pifoEngines_0|enque_brain|engineCAM|banks_0_tags_604[20]                                  ;        ;
; pifoEngines_0|enque_brain|engineCAM|banks_0_tags_572[20]                                  ;        ;
; pifoEngines_0|enque_brain|engineCAM|banks_0_tags_508[2]                                   ;        ;
; pifoEngines_0|enque_brain|engineCAM|banks_0_tags_508[1]                                   ;        ;
; pifoEngines_0|enque_brain|engineCAM|banks_0_tags_508[0]                                   ;        ;
; pifoEngines_0|enque_brain|engineCAM|banks_0_tags_508[10]                                  ;        ;
; guard|emptyPifos_0_34                                                                     ;        ;
; pifoEngines_0|enque_brain|engineCAM|banks_0_tags_508[9]                                   ;        ;
; pifoEngines_0|enque_brain|engineCAM|banks_0_tags_508[8]                                   ;        ;
; pifoEngines_0|enque_brain|engineCAM|banks_0_tags_508[7]                                   ;        ;
; pifoEngines_0|enque_brain|engineCAM|banks_0_tags_508[6]                                   ;        ;
; pifoEngines_0|enque_brain|engineCAM|banks_0_tags_508[5]                                   ;        ;
; pifoEngines_0|enque_brain|engineCAM|banks_0_tags_508[4]                                   ;        ;
; pifoEngines_0|enque_brain|engineCAM|banks_0_tags_508[3]                                   ;        ;
; pifoEngines_0|enque_brain|engineCAM|banks_0_tags_508[20]                                  ;        ;
; pifoEngines_0|enque_brain|engineCAM|banks_0_tags_508[19]                                  ;        ;
; pifoEngines_0|enque_brain|engineCAM|banks_0_tags_508[14]                                  ;        ;
; guard|emptyPifos_0_50                                                                     ;        ;
; pifoEngines_0|enque_brain|engineCAM|banks_0_tags_508[13]                                  ;        ;
; pifoEngines_0|enque_brain|engineCAM|banks_0_tags_508[12]                                  ;        ;
; pifoEngines_0|enque_brain|engineCAM|banks_0_tags_508[11]                                  ;        ;
; pifoEngines_0|enque_brain|engineCAM|banks_0_tags_508[18]                                  ;        ;
; pifoEngines_0|enque_brain|engineCAM|banks_0_tags_508[17]                                  ;        ;
; pifoEngines_0|enque_brain|engineCAM|banks_0_tags_508[16]                                  ;        ;
; pifoEngines_0|enque_brain|engineCAM|banks_0_tags_476[12]                                  ;        ;
; pifoEngines_0|enque_brain|engineCAM|banks_0_tags_476[11]                                  ;        ;
; pifoEngines_0|enque_brain|engineCAM|banks_0_tags_476[14]                                  ;        ;
; pifoEngines_0|enque_brain|engineCAM|banks_0_tags_476[13]                                  ;        ;
; guard|emptyPifos_0_48                                                                     ;        ;
; pifoEngines_0|enque_brain|engineCAM|banks_0_tags_476[16]                                  ;        ;
; pifoEngines_0|enque_brain|engineCAM|banks_0_tags_476[15]                                  ;        ;
; pifoEngines_0|enque_brain|engineCAM|banks_0_tags_476[18]                                  ;        ;
; pifoEngines_0|enque_brain|engineCAM|banks_0_tags_484[10]                                  ;        ;
; pifoEngines_0|enque_brain|engineCAM|banks_0_tags_484[9]                                   ;        ;
; pifoEngines_0|enque_brain|engineCAM|banks_0_tags_484[8]                                   ;        ;
; pifoEngines_0|enque_brain|engineCAM|banks_0_tags_484[7]                                   ;        ;
; pifoEngines_0|enque_brain|engineCAM|banks_0_tags_484[6]                                   ;        ;
; pifoEngines_0|enque_brain|engineCAM|banks_0_tags_484[5]                                   ;        ;
; pifoEngines_0|enque_brain|engineCAM|banks_0_tags_484[4]                                   ;        ;
; guard|emptyPifos_0_3                                                                      ;        ;
; pifoEngines_0|enque_brain|engineCAM|banks_0_tags_484[3]                                   ;        ;
; pifoEngines_0|enque_brain|engineCAM|banks_0_tags_484[14]                                  ;        ;
; pifoEngines_0|enque_brain|engineCAM|banks_0_tags_484[13]                                  ;        ;
; pifoEngines_0|enque_brain|engineCAM|banks_0_tags_484[12]                                  ;        ;
; pifoEngines_0|enque_brain|engineCAM|banks_0_tags_484[11]                                  ;        ;
; pifoEngines_0|enque_brain|engineCAM|banks_0_tags_484[18]                                  ;        ;
; pifoEngines_0|enque_brain|engineCAM|banks_0_tags_484[17]                                  ;        ;
; pifoEngines_0|enque_brain|engineCAM|banks_0_tags_484[16]                                  ;        ;
; pifoEngines_0|enque_brain|engineCAM|banks_0_tags_484[15]                                  ;        ;
; pifoEngines_0|enque_brain|engineCAM|banks_0_tags_484[2]                                   ;        ;
; guard|emptyPifos_0_0                                                                      ;        ;
; pifoEngines_0|enque_brain|engineCAM|banks_0_tags_484[1]                                   ;        ;
; pifoEngines_0|enque_brain|engineCAM|banks_0_tags_484[0]                                   ;        ;
; pifoEngines_0|enque_brain|engineCAM|banks_0_tags_484[20]                                  ;        ;
; pifoEngines_0|enque_brain|engineCAM|banks_0_tags_492[16]                                  ;        ;
; pifoEngines_0|enque_brain|engineCAM|banks_0_tags_492[15]                                  ;        ;
; pifoEngines_0|enque_brain|engineCAM|banks_0_tags_492[18]                                  ;        ;
; pifoEngines_0|enque_brain|engineCAM|banks_0_tags_485[20]                                  ;        ;
; pifoEngines_0|enque_brain|engineCAM|banks_0_tags_493[16]                                  ;        ;
; pifoEngines_0|enque_brain|engineCAM|banks_0_tags_493[15]                                  ;        ;
; pifoEngines_0|enque_brain|engineCAM|banks_0_tags_493[18]                                  ;        ;
; guard|emptyPifos_0_449                                                                    ;        ;
; guard|emptyPifos_0_1                                                                      ;        ;
; pifoEngines_0|enque_brain|engineCAM|banks_0_tags_497[16]                                  ;        ;
; pifoEngines_0|enque_brain|engineCAM|banks_0_tags_497[15]                                  ;        ;
; pifoEngines_0|enque_brain|engineCAM|banks_0_tags_497[18]                                  ;        ;
; pifoEngines_0|enque_brain|engineCAM|banks_0_tags_499[10]                                  ;        ;
; pifoEngines_0|enque_brain|engineCAM|banks_0_tags_499[9]                                   ;        ;
; pifoEngines_0|enque_brain|engineCAM|banks_0_tags_499[8]                                   ;        ;
; pifoEngines_0|enque_brain|engineCAM|banks_0_tags_499[7]                                   ;        ;
; pifoEngines_0|enque_brain|engineCAM|banks_0_tags_499[6]                                   ;        ;
; pifoEngines_0|enque_brain|engineCAM|banks_0_tags_499[5]                                   ;        ;
; pifoEngines_0|enque_brain|engineCAM|banks_0_tags_499[4]                                   ;        ;
; guard|emptyPifos_0_19                                                                     ;        ;
; pifoEngines_0|enque_brain|engineCAM|banks_0_tags_499[3]                                   ;        ;
; pifoEngines_0|enque_brain|engineCAM|banks_0_tags_499[12]                                  ;        ;
; pifoEngines_0|enque_brain|engineCAM|banks_0_tags_499[11]                                  ;        ;
; pifoEngines_0|enque_brain|engineCAM|banks_0_tags_499[14]                                  ;        ;
; pifoEngines_0|enque_brain|engineCAM|banks_0_tags_499[13]                                  ;        ;
; pifoEngines_0|enque_brain|engineCAM|banks_0_tags_499[2]                                   ;        ;
; pifoEngines_0|enque_brain|engineCAM|banks_0_tags_499[1]                                   ;        ;
; pifoEngines_0|enque_brain|engineCAM|banks_0_tags_499[0]                                   ;        ;
; pifoEngines_0|enque_brain|engineCAM|banks_0_tags_499[18]                                  ;        ;
; pifoEngines_0|enque_brain|engineCAM|banks_0_tags_499[17]                                  ;        ;
; guard|emptyPifos_0_17                                                                     ;        ;
; pifoEngines_0|enque_brain|engineCAM|banks_0_tags_499[16]                                  ;        ;
; pifoEngines_0|enque_brain|engineCAM|banks_0_tags_499[15]                                  ;        ;
; pifoEngines_0|enque_brain|engineCAM|banks_0_tags_499[20]                                  ;        ;
; pifoEngines_0|enque_brain|engineCAM|banks_0_tags_509[16]                                  ;        ;
; pifoEngines_0|enque_brain|engineCAM|banks_0_tags_509[15]                                  ;        ;
; pifoEngines_0|enque_brain|engineCAM|banks_0_tags_509[18]                                  ;        ;
; pifoEngines_0|enque_brain|engineCAM|banks_0_tags_505[12]                                  ;        ;
; pifoEngines_0|enque_brain|engineCAM|banks_0_tags_505[11]                                  ;        ;
; pifoEngines_0|enque_brain|engineCAM|banks_0_tags_505[14]                                  ;        ;
; pifoEngines_0|enque_brain|engineCAM|banks_0_tags_505[13]                                  ;        ;
; guard|emptyPifos_0_2                                                                      ;        ;
; pifoEngines_0|enque_brain|engineCAM|banks_0_tags_505[16]                                  ;        ;
; pifoEngines_0|enque_brain|engineCAM|banks_0_tags_505[15]                                  ;        ;
; pifoEngines_0|enque_brain|engineCAM|banks_0_tags_505[18]                                  ;        ;
; pifoEngines_0|enque_brain|engineCAM|banks_0_tags_501[16]                                  ;        ;
; pifoEngines_0|enque_brain|engineCAM|banks_0_tags_501[15]                                  ;        ;
; pifoEngines_0|enque_brain|engineCAM|banks_0_tags_501[18]                                  ;        ;
; pifoEngines_0|enque_brain|engineCAM|banks_0_tags_503[10]                                  ;        ;
; pifoEngines_0|enque_brain|engineCAM|banks_0_tags_503[9]                                   ;        ;
; pifoEngines_0|enque_brain|engineCAM|banks_0_tags_503[8]                                   ;        ;
; pifoEngines_0|enque_brain|engineCAM|banks_0_tags_503[7]                                   ;        ;
; guard|emptyPifos_0_18                                                                     ;        ;
; pifoEngines_0|enque_brain|engineCAM|banks_0_tags_503[6]                                   ;        ;
; pifoEngines_0|enque_brain|engineCAM|banks_0_tags_503[5]                                   ;        ;
; pifoEngines_0|enque_brain|engineCAM|banks_0_tags_503[4]                                   ;        ;
; pifoEngines_0|enque_brain|engineCAM|banks_0_tags_503[3]                                   ;        ;
; pifoEngines_0|enque_brain|engineCAM|banks_0_tags_503[12]                                  ;        ;
; pifoEngines_0|enque_brain|engineCAM|banks_0_tags_503[11]                                  ;        ;
; pifoEngines_0|enque_brain|engineCAM|banks_0_tags_503[14]                                  ;        ;
; pifoEngines_0|enque_brain|engineCAM|banks_0_tags_503[13]                                  ;        ;
; pifoEngines_0|enque_brain|engineCAM|banks_0_tags_503[2]                                   ;        ;
; pifoEngines_0|enque_brain|engineCAM|banks_0_tags_503[1]                                   ;        ;
; guard|emptyPifos_0_16                                                                     ;        ;
; pifoEngines_0|enque_brain|engineCAM|banks_0_tags_503[0]                                   ;        ;
; pifoEngines_0|enque_brain|engineCAM|banks_0_tags_503[18]                                  ;        ;
; pifoEngines_0|enque_brain|engineCAM|banks_0_tags_503[17]                                  ;        ;
; pifoEngines_0|enque_brain|engineCAM|banks_0_tags_503[16]                                  ;        ;
; pifoEngines_0|enque_brain|engineCAM|banks_0_tags_503[15]                                  ;        ;
; pifoEngines_0|enque_brain|engineCAM|banks_0_tags_503[20]                                  ;        ;
; pifoEngines_0|enque_brain|engineCAM|banks_0_tags_539[16]                                  ;        ;
; pifoEngines_0|enque_brain|engineCAM|banks_0_tags_539[15]                                  ;        ;
; pifoEngines_0|enque_brain|engineCAM|banks_0_tags_539[18]                                  ;        ;
; pifoEngines_0|enque_brain|engineCAM|banks_0_tags_541[16]                                  ;        ;
; guard|emptyPifos_0_39                                                                     ;        ;
; pifoEngines_0|enque_brain|engineCAM|banks_0_tags_541[15]                                  ;        ;
; pifoEngines_0|enque_brain|engineCAM|banks_0_tags_541[18]                                  ;        ;
; pifoEngines_0|enque_brain|engineCAM|banks_0_tags_543[16]                                  ;        ;
; pifoEngines_0|enque_brain|engineCAM|banks_0_tags_543[15]                                  ;        ;
; pifoEngines_0|enque_brain|engineCAM|banks_0_tags_543[18]                                  ;        ;
; pifoEngines_0|enque_brain|engineCAM|banks_0_tags_551[16]                                  ;        ;
; pifoEngines_0|enque_brain|engineCAM|banks_0_tags_551[15]                                  ;        ;
; pifoEngines_0|enque_brain|engineCAM|banks_0_tags_551[18]                                  ;        ;
; pifoEngines_0|enque_brain|engineCAM|banks_0_tags_555[16]                                  ;        ;
; pifoEngines_0|enque_brain|engineCAM|banks_0_tags_555[15]                                  ;        ;
; guard|emptyPifos_0_36                                                                     ;        ;
; pifoEngines_0|enque_brain|engineCAM|banks_0_tags_555[18]                                  ;        ;
; pifoEngines_0|enque_brain|engineCAM|banks_0_tags_557[16]                                  ;        ;
; pifoEngines_0|enque_brain|engineCAM|banks_0_tags_557[15]                                  ;        ;
; pifoEngines_0|enque_brain|engineCAM|banks_0_tags_557[18]                                  ;        ;
; pifoEngines_0|enque_brain|engineCAM|banks_0_tags_563[16]                                  ;        ;
; pifoEngines_0|enque_brain|engineCAM|banks_0_tags_563[15]                                  ;        ;
; pifoEngines_0|enque_brain|engineCAM|banks_0_tags_563[18]                                  ;        ;
; pifoEngines_0|enque_brain|engineCAM|banks_0_tags_559[10]                                  ;        ;
; pifoEngines_0|enque_brain|engineCAM|banks_0_tags_559[9]                                   ;        ;
; pifoEngines_0|enque_brain|engineCAM|banks_0_tags_559[8]                                   ;        ;
; guard|emptyPifos_0_37                                                                     ;        ;
; pifoEngines_0|enque_brain|engineCAM|banks_0_tags_559[7]                                   ;        ;
; pifoEngines_0|enque_brain|engineCAM|banks_0_tags_559[6]                                   ;        ;
; pifoEngines_0|enque_brain|engineCAM|banks_0_tags_559[5]                                   ;        ;
; pifoEngines_0|enque_brain|engineCAM|banks_0_tags_559[4]                                   ;        ;
; pifoEngines_0|enque_brain|engineCAM|banks_0_tags_559[3]                                   ;        ;
; pifoEngines_0|enque_brain|engineCAM|banks_0_tags_559[12]                                  ;        ;
; pifoEngines_0|enque_brain|engineCAM|banks_0_tags_559[11]                                  ;        ;
; pifoEngines_0|enque_brain|engineCAM|banks_0_tags_559[14]                                  ;        ;
; pifoEngines_0|enque_brain|engineCAM|banks_0_tags_559[13]                                  ;        ;
; pifoEngines_0|enque_brain|engineCAM|banks_0_tags_559[2]                                   ;        ;
; guard|emptyPifos_0_55                                                                     ;        ;
; pifoEngines_0|enque_brain|engineCAM|banks_0_tags_559[1]                                   ;        ;
; pifoEngines_0|enque_brain|engineCAM|banks_0_tags_559[0]                                   ;        ;
; pifoEngines_0|enque_brain|engineCAM|banks_0_tags_559[18]                                  ;        ;
; pifoEngines_0|enque_brain|engineCAM|banks_0_tags_559[17]                                  ;        ;
; pifoEngines_0|enque_brain|engineCAM|banks_0_tags_559[16]                                  ;        ;
; pifoEngines_0|enque_brain|engineCAM|banks_0_tags_559[15]                                  ;        ;
; pifoEngines_0|enque_brain|engineCAM|banks_0_tags_559[20]                                  ;        ;
; pifoEngines_0|enque_brain|engineCAM|banks_0_tags_571[2]                                   ;        ;
; pifoEngines_0|enque_brain|engineCAM|banks_0_tags_571[1]                                   ;        ;
; pifoEngines_0|enque_brain|engineCAM|banks_0_tags_571[0]                                   ;        ;
; guard|emptyPifos_0_321                                                                    ;        ;
; guard|emptyPifos_0_53                                                                     ;        ;
; pifoEngines_0|enque_brain|engineCAM|banks_0_tags_571[10]                                  ;        ;
; pifoEngines_0|enque_brain|engineCAM|banks_0_tags_571[9]                                   ;        ;
; pifoEngines_0|enque_brain|engineCAM|banks_0_tags_571[8]                                   ;        ;
; pifoEngines_0|enque_brain|engineCAM|banks_0_tags_571[7]                                   ;        ;
; pifoEngines_0|enque_brain|engineCAM|banks_0_tags_571[6]                                   ;        ;
; pifoEngines_0|enque_brain|engineCAM|banks_0_tags_571[5]                                   ;        ;
; pifoEngines_0|enque_brain|engineCAM|banks_0_tags_571[4]                                   ;        ;
; pifoEngines_0|enque_brain|engineCAM|banks_0_tags_571[3]                                   ;        ;
; pifoEngines_0|enque_brain|engineCAM|banks_0_tags_571[20]                                  ;        ;
; pifoEngines_0|enque_brain|engineCAM|banks_0_tags_571[19]                                  ;        ;
; guard|emptyPifos_0_38                                                                     ;        ;
; pifoEngines_0|enque_brain|engineCAM|banks_0_tags_571[16]                                  ;        ;
; pifoEngines_0|enque_brain|engineCAM|banks_0_tags_571[15]                                  ;        ;
; pifoEngines_0|enque_brain|engineCAM|banks_0_tags_571[18]                                  ;        ;
; pifoEngines_0|enque_brain|engineCAM|banks_0_tags_571[17]                                  ;        ;
; pifoEngines_0|enque_brain|engineCAM|banks_0_tags_571[14]                                  ;        ;
; pifoEngines_0|enque_brain|engineCAM|banks_0_tags_571[13]                                  ;        ;
; pifoEngines_0|enque_brain|engineCAM|banks_0_tags_571[12]                                  ;        ;
; pifoEngines_0|enque_brain|engineCAM|banks_0_tags_569[14]                                  ;        ;
; pifoEngines_0|enque_brain|engineCAM|banks_0_tags_569[13]                                  ;        ;
; pifoEngines_0|enque_brain|engineCAM|banks_0_tags_569[12]                                  ;        ;
; guard|emptyPifos_0_54                                                                     ;        ;
; pifoEngines_0|enque_brain|engineCAM|banks_0_tags_569[11]                                  ;        ;
; pifoEngines_0|enque_brain|engineCAM|banks_0_tags_569[18]                                  ;        ;
; pifoEngines_0|enque_brain|engineCAM|banks_0_tags_569[17]                                  ;        ;
; pifoEngines_0|enque_brain|engineCAM|banks_0_tags_569[16]                                  ;        ;
; pifoEngines_0|enque_brain|engineCAM|banks_0_tags_569[15]                                  ;        ;
; pifoEngines_0|enque_brain|engineCAM|banks_0_tags_569[8]                                   ;        ;
; pifoEngines_0|enque_brain|engineCAM|banks_0_tags_569[7]                                   ;        ;
; pifoEngines_0|enque_brain|engineCAM|banks_0_tags_569[10]                                  ;        ;
; pifoEngines_0|enque_brain|engineCAM|banks_0_tags_569[9]                                   ;        ;
; pifoEngines_0|enque_brain|engineCAM|banks_0_tags_569[4]                                   ;        ;
; guard|emptyPifos_0_52                                                                     ;        ;
; pifoEngines_0|enque_brain|engineCAM|banks_0_tags_569[3]                                   ;        ;
; pifoEngines_0|enque_brain|engineCAM|banks_0_tags_569[6]                                   ;        ;
; pifoEngines_0|enque_brain|engineCAM|banks_0_tags_569[5]                                   ;        ;
; pifoEngines_0|enque_brain|engineCAM|banks_0_tags_569[2]                                   ;        ;
; pifoEngines_0|enque_brain|engineCAM|banks_0_tags_569[1]                                   ;        ;
; pifoEngines_0|enque_brain|engineCAM|banks_0_tags_569[0]                                   ;        ;
; pifoEngines_0|enque_brain|engineCAM|banks_0_tags_569[20]                                  ;        ;
; pifoEngines_0|enque_brain|engineCAM|banks_0_tags_565[16]                                  ;        ;
; pifoEngines_0|enque_brain|engineCAM|banks_0_tags_565[15]                                  ;        ;
; pifoEngines_0|enque_brain|engineCAM|banks_0_tags_565[18]                                  ;        ;
; guard|emptyPifos_0_35                                                                     ;        ;
; pifoEngines_0|enque_brain|engineCAM|banks_0_tags_567[16]                                  ;        ;
; pifoEngines_0|enque_brain|engineCAM|banks_0_tags_567[15]                                  ;        ;
; pifoEngines_0|enque_brain|engineCAM|banks_0_tags_567[18]                                  ;        ;
; pifoEngines_0|enque_brain|engineCAM|banks_0_tags_567[17]                                  ;        ;
; pifoEngines_0|enque_brain|engineCAM|banks_0_tags_567[14]                                  ;        ;
; pifoEngines_0|enque_brain|engineCAM|banks_0_tags_567[13]                                  ;        ;
; pifoEngines_0|enque_brain|engineCAM|banks_0_tags_567[12]                                  ;        ;
; pifoEngines_0|enque_brain|engineCAM|banks_0_tags_583[16]                                  ;        ;
; pifoEngines_0|enque_brain|engineCAM|banks_0_tags_583[15]                                  ;        ;
; pifoEngines_0|enque_brain|engineCAM|banks_0_tags_583[18]                                  ;        ;
; guard|emptyPifos_0_32                                                                     ;        ;
; pifoEngines_0|enque_brain|engineCAM|banks_0_tags_587[16]                                  ;        ;
; pifoEngines_0|enque_brain|engineCAM|banks_0_tags_587[15]                                  ;        ;
; pifoEngines_0|enque_brain|engineCAM|banks_0_tags_587[18]                                  ;        ;
; pifoEngines_0|enque_brain|engineCAM|banks_0_tags_573[16]                                  ;        ;
; pifoEngines_0|enque_brain|engineCAM|banks_0_tags_573[15]                                  ;        ;
; pifoEngines_0|enque_brain|engineCAM|banks_0_tags_573[18]                                  ;        ;
; pifoEngines_0|enque_brain|engineCAM|banks_0_tags_575[16]                                  ;        ;
; pifoEngines_0|enque_brain|engineCAM|banks_0_tags_575[15]                                  ;        ;
; pifoEngines_0|enque_brain|engineCAM|banks_0_tags_575[18]                                  ;        ;
; pifoEngines_0|enque_brain|engineCAM|banks_0_tags_419[5]                                   ;        ;
; guard|emptyPifos_0_33                                                                     ;        ;
; pifoEngines_0|enque_brain|engineCAM|banks_0_tags_419[3]                                   ;        ;
; pifoEngines_0|enque_brain|engineCAM|banks_0_tags_419[6]                                   ;        ;
; pifoEngines_0|enque_brain|engineCAM|banks_0_tags_419[4]                                   ;        ;
; pifoEngines_0|enque_brain|engineCAM|banks_0_tags_419[10]                                  ;        ;
; pifoEngines_0|enque_brain|engineCAM|banks_0_tags_419[9]                                   ;        ;
; pifoEngines_0|enque_brain|engineCAM|banks_0_tags_419[8]                                   ;        ;
; pifoEngines_0|enque_brain|engineCAM|banks_0_tags_419[7]                                   ;        ;
; pifoEngines_0|enque_brain|engineCAM|banks_0_tags_419[12]                                  ;        ;
; pifoEngines_0|enque_brain|engineCAM|banks_0_tags_419[11]                                  ;        ;
; pifoEngines_0|enque_brain|engineCAM|banks_0_tags_419[14]                                  ;        ;
; guard|emptyPifos_0_7                                                                      ;        ;
; pifoEngines_0|enque_brain|engineCAM|banks_0_tags_419[13]                                  ;        ;
; pifoEngines_0|enque_brain|engineCAM|banks_0_tags_419[2]                                   ;        ;
; pifoEngines_0|enque_brain|engineCAM|banks_0_tags_419[1]                                   ;        ;
; pifoEngines_0|enque_brain|engineCAM|banks_0_tags_419[0]                                   ;        ;
; pifoEngines_0|enque_brain|engineCAM|banks_0_tags_419[18]                                  ;        ;
; pifoEngines_0|enque_brain|engineCAM|banks_0_tags_419[17]                                  ;        ;
; pifoEngines_0|enque_brain|engineCAM|banks_0_tags_419[16]                                  ;        ;
; pifoEngines_0|enque_brain|engineCAM|banks_0_tags_419[15]                                  ;        ;
; pifoEngines_0|enque_brain|engineCAM|banks_0_tags_419[20]                                  ;        ;
; pifoEngines_0|enque_brain|engineCAM|banks_0_tags_421[10]                                  ;        ;
; guard|emptyPifos_0_4                                                                      ;        ;
; pifoEngines_0|enque_brain|engineCAM|banks_0_tags_421[9]                                   ;        ;
; pifoEngines_0|enque_brain|engineCAM|banks_0_tags_421[8]                                   ;        ;
; pifoEngines_0|enque_brain|engineCAM|banks_0_tags_421[7]                                   ;        ;
; pifoEngines_0|enque_brain|engineCAM|banks_0_tags_421[6]                                   ;        ;
; pifoEngines_0|enque_brain|engineCAM|banks_0_tags_421[5]                                   ;        ;
; pifoEngines_0|enque_brain|engineCAM|banks_0_tags_421[4]                                   ;        ;
; pifoEngines_0|enque_brain|engineCAM|banks_0_tags_421[3]                                   ;        ;
; pifoEngines_0|enque_brain|engineCAM|banks_0_tags_421[12]                                  ;        ;
; pifoEngines_0|enque_brain|engineCAM|banks_0_tags_421[11]                                  ;        ;
; pifoEngines_0|enque_brain|engineCAM|banks_0_tags_421[14]                                  ;        ;
; guard|emptyPifos_0_5                                                                      ;        ;
; pifoEngines_0|enque_brain|engineCAM|banks_0_tags_421[13]                                  ;        ;
; pifoEngines_0|enque_brain|engineCAM|banks_0_tags_421[2]                                   ;        ;
; pifoEngines_0|enque_brain|engineCAM|banks_0_tags_421[1]                                   ;        ;
; pifoEngines_0|enque_brain|engineCAM|banks_0_tags_421[0]                                   ;        ;
; pifoEngines_0|enque_brain|engineCAM|banks_0_tags_421[18]                                  ;        ;
; pifoEngines_0|enque_brain|engineCAM|banks_0_tags_421[17]                                  ;        ;
; pifoEngines_0|enque_brain|engineCAM|banks_0_tags_421[16]                                  ;        ;
; pifoEngines_0|enque_brain|engineCAM|banks_0_tags_421[15]                                  ;        ;
; pifoEngines_0|enque_brain|engineCAM|banks_0_tags_421[20]                                  ;        ;
; pifoEngines_0|enque_brain|engineCAM|banks_0_tags_423[12]                                  ;        ;
; guard|emptyPifos_0_370                                                                    ;        ;
; guard|emptyPifos_0_384                                                                    ;        ;
; guard|emptyPifos_0_23                                                                     ;        ;
; pifoEngines_0|enque_brain|engineCAM|banks_0_tags_423[11]                                  ;        ;
; pifoEngines_0|enque_brain|engineCAM|banks_0_tags_423[14]                                  ;        ;
; pifoEngines_0|enque_brain|engineCAM|banks_0_tags_423[13]                                  ;        ;
; pifoEngines_0|enque_brain|engineCAM|banks_0_tags_423[16]                                  ;        ;
; pifoEngines_0|enque_brain|engineCAM|banks_0_tags_423[15]                                  ;        ;
; pifoEngines_0|enque_brain|engineCAM|banks_0_tags_423[18]                                  ;        ;
; pifoEngines_0|enque_brain|engineCAM|banks_0_tags_425[10]                                  ;        ;
; pifoEngines_0|enque_brain|engineCAM|banks_0_tags_425[9]                                   ;        ;
; pifoEngines_0|enque_brain|engineCAM|banks_0_tags_425[8]                                   ;        ;
; pifoEngines_0|enque_brain|engineCAM|banks_0_tags_425[7]                                   ;        ;
; guard|emptyPifos_0_21                                                                     ;        ;
; pifoEngines_0|enque_brain|engineCAM|banks_0_tags_425[6]                                   ;        ;
; pifoEngines_0|enque_brain|engineCAM|banks_0_tags_425[5]                                   ;        ;
; pifoEngines_0|enque_brain|engineCAM|banks_0_tags_425[4]                                   ;        ;
; pifoEngines_0|enque_brain|engineCAM|banks_0_tags_425[3]                                   ;        ;
; pifoEngines_0|enque_brain|engineCAM|banks_0_tags_425[12]                                  ;        ;
; pifoEngines_0|enque_brain|engineCAM|banks_0_tags_425[11]                                  ;        ;
; pifoEngines_0|enque_brain|engineCAM|banks_0_tags_425[14]                                  ;        ;
; pifoEngines_0|enque_brain|engineCAM|banks_0_tags_425[13]                                  ;        ;
; pifoEngines_0|enque_brain|engineCAM|banks_0_tags_425[2]                                   ;        ;
; pifoEngines_0|enque_brain|engineCAM|banks_0_tags_425[1]                                   ;        ;
; guard|emptyPifos_0_6                                                                      ;        ;
; pifoEngines_0|enque_brain|engineCAM|banks_0_tags_425[0]                                   ;        ;
; pifoEngines_0|enque_brain|engineCAM|banks_0_tags_425[18]                                  ;        ;
; pifoEngines_0|enque_brain|engineCAM|banks_0_tags_425[17]                                  ;        ;
; pifoEngines_0|enque_brain|engineCAM|banks_0_tags_425[16]                                  ;        ;
; pifoEngines_0|enque_brain|engineCAM|banks_0_tags_425[15]                                  ;        ;
; pifoEngines_0|enque_brain|engineCAM|banks_0_tags_425[20]                                  ;        ;
; pifoEngines_0|enque_brain|engineCAM|banks_0_tags_427[16]                                  ;        ;
; pifoEngines_0|enque_brain|engineCAM|banks_0_tags_427[15]                                  ;        ;
; pifoEngines_0|enque_brain|engineCAM|banks_0_tags_427[18]                                  ;        ;
; pifoEngines_0|enque_brain|engineCAM|banks_0_tags_429[10]                                  ;        ;
; guard|emptyPifos_0_22                                                                     ;        ;
; pifoEngines_0|enque_brain|engineCAM|banks_0_tags_429[9]                                   ;        ;
; pifoEngines_0|enque_brain|engineCAM|banks_0_tags_429[8]                                   ;        ;
; pifoEngines_0|enque_brain|engineCAM|banks_0_tags_429[7]                                   ;        ;
; pifoEngines_0|enque_brain|engineCAM|banks_0_tags_429[6]                                   ;        ;
; pifoEngines_0|enque_brain|engineCAM|banks_0_tags_429[5]                                   ;        ;
; pifoEngines_0|enque_brain|engineCAM|banks_0_tags_429[4]                                   ;        ;
; pifoEngines_0|enque_brain|engineCAM|banks_0_tags_429[3]                                   ;        ;
; pifoEngines_0|enque_brain|engineCAM|banks_0_tags_429[12]                                  ;        ;
; pifoEngines_0|enque_brain|engineCAM|banks_0_tags_429[11]                                  ;        ;
; pifoEngines_0|enque_brain|engineCAM|banks_0_tags_429[14]                                  ;        ;
; guard|emptyPifos_0_20                                                                     ;        ;
; pifoEngines_0|enque_brain|engineCAM|banks_0_tags_429[13]                                  ;        ;
; pifoEngines_0|enque_brain|engineCAM|banks_0_tags_429[2]                                   ;        ;
; pifoEngines_0|enque_brain|engineCAM|banks_0_tags_429[1]                                   ;        ;
; pifoEngines_0|enque_brain|engineCAM|banks_0_tags_429[0]                                   ;        ;
; pifoEngines_0|enque_brain|engineCAM|banks_0_tags_429[18]                                  ;        ;
; pifoEngines_0|enque_brain|engineCAM|banks_0_tags_429[17]                                  ;        ;
; pifoEngines_0|enque_brain|engineCAM|banks_0_tags_429[16]                                  ;        ;
; pifoEngines_0|enque_brain|engineCAM|banks_0_tags_429[15]                                  ;        ;
; pifoEngines_0|enque_brain|engineCAM|banks_0_tags_429[20]                                  ;        ;
; pifoEngines_0|enque_brain|engineCAM|banks_0_tags_431[20]                                  ;        ;
; guard|emptyPifos_0_124                                                                    ;        ;
; pifoEngines_0|enque_brain|engineCAM|banks_0_tags_433[20]                                  ;        ;
; pifoEngines_0|enque_brain|engineCAM|banks_0_tags_435[16]                                  ;        ;
; pifoEngines_0|enque_brain|engineCAM|banks_0_tags_435[15]                                  ;        ;
; pifoEngines_0|enque_brain|engineCAM|banks_0_tags_435[18]                                  ;        ;
; pifoEngines_0|enque_brain|engineCAM|banks_0_tags_437[20]                                  ;        ;
; pifoEngines_0|enque_brain|engineCAM|banks_0_tags_439[20]                                  ;        ;
; pifoEngines_0|enque_brain|engineCAM|banks_0_tags_441[10]                                  ;        ;
; pifoEngines_0|enque_brain|engineCAM|banks_0_tags_441[9]                                   ;        ;
; pifoEngines_0|enque_brain|engineCAM|banks_0_tags_441[8]                                   ;        ;
; pifoEngines_0|enque_brain|engineCAM|banks_0_tags_441[7]                                   ;        ;
; guard|emptyPifos_0_92                                                                     ;        ;
; pifoEngines_0|enque_brain|engineCAM|banks_0_tags_441[6]                                   ;        ;
; pifoEngines_0|enque_brain|engineCAM|banks_0_tags_441[5]                                   ;        ;
; pifoEngines_0|enque_brain|engineCAM|banks_0_tags_441[4]                                   ;        ;
; pifoEngines_0|enque_brain|engineCAM|banks_0_tags_441[3]                                   ;        ;
; pifoEngines_0|enque_brain|engineCAM|banks_0_tags_441[12]                                  ;        ;
; pifoEngines_0|enque_brain|engineCAM|banks_0_tags_441[11]                                  ;        ;
; pifoEngines_0|enque_brain|engineCAM|banks_0_tags_441[14]                                  ;        ;
; pifoEngines_0|enque_brain|engineCAM|banks_0_tags_441[13]                                  ;        ;
; pifoEngines_0|enque_brain|engineCAM|banks_0_tags_441[2]                                   ;        ;
; pifoEngines_0|enque_brain|engineCAM|banks_0_tags_441[1]                                   ;        ;
; guard|emptyPifos_0_104                                                                    ;        ;
; pifoEngines_0|enque_brain|engineCAM|banks_0_tags_441[0]                                   ;        ;
; pifoEngines_0|enque_brain|engineCAM|banks_0_tags_441[18]                                  ;        ;
; pifoEngines_0|enque_brain|engineCAM|banks_0_tags_441[17]                                  ;        ;
; pifoEngines_0|enque_brain|engineCAM|banks_0_tags_441[16]                                  ;        ;
; pifoEngines_0|enque_brain|engineCAM|banks_0_tags_441[15]                                  ;        ;
; pifoEngines_0|enque_brain|engineCAM|banks_0_tags_441[20]                                  ;        ;
; pifoEngines_0|enque_brain|engineCAM|banks_0_tags_443[16]                                  ;        ;
; pifoEngines_0|enque_brain|engineCAM|banks_0_tags_443[15]                                  ;        ;
; pifoEngines_0|enque_brain|engineCAM|banks_0_tags_443[18]                                  ;        ;
; pifoEngines_0|enque_brain|engineCAM|banks_0_tags_445[20]                                  ;        ;
; guard|emptyPifos_0_108                                                                    ;        ;
; pifoEngines_0|enque_brain|engineCAM|banks_0_tags_451[16]                                  ;        ;
; pifoEngines_0|enque_brain|engineCAM|banks_0_tags_451[15]                                  ;        ;
; pifoEngines_0|enque_brain|engineCAM|banks_0_tags_451[18]                                  ;        ;
; pifoEngines_0|enque_brain|engineCAM|banks_0_tags_447[20]                                  ;        ;
; pifoEngines_0|enque_brain|engineCAM|banks_0_tags_453[16]                                  ;        ;
; pifoEngines_0|enque_brain|engineCAM|banks_0_tags_453[15]                                  ;        ;
; pifoEngines_0|enque_brain|engineCAM|banks_0_tags_453[18]                                  ;        ;
; pifoEngines_0|enque_brain|engineCAM|banks_0_tags_455[8]                                   ;        ;
; pifoEngines_0|enque_brain|engineCAM|banks_0_tags_455[7]                                   ;        ;
; pifoEngines_0|enque_brain|engineCAM|banks_0_tags_455[10]                                  ;        ;
; guard|emptyPifos_0_76                                                                     ;        ;
; pifoEngines_0|enque_brain|engineCAM|banks_0_tags_455[9]                                   ;        ;
; pifoEngines_0|enque_brain|engineCAM|banks_0_tags_455[4]                                   ;        ;
; pifoEngines_0|enque_brain|engineCAM|banks_0_tags_455[3]                                   ;        ;
; pifoEngines_0|enque_brain|engineCAM|banks_0_tags_455[6]                                   ;        ;
; pifoEngines_0|enque_brain|engineCAM|banks_0_tags_455[5]                                   ;        ;
; pifoEngines_0|enque_brain|engineCAM|banks_0_tags_455[2]                                   ;        ;
; pifoEngines_0|enque_brain|engineCAM|banks_0_tags_455[1]                                   ;        ;
; pifoEngines_0|enque_brain|engineCAM|banks_0_tags_455[0]                                   ;        ;
; pifoEngines_0|enque_brain|engineCAM|banks_0_tags_455[20]                                  ;        ;
; pifoEngines_0|enque_brain|engineCAM|banks_0_tags_455[19]                                  ;        ;
; guard|emptyPifos_0_385                                                                    ;        ;
; guard|emptyPifos_0_112                                                                    ;        ;
; pifoEngines_0|enque_brain|engineCAM|banks_0_tags_455[14]                                  ;        ;
; pifoEngines_0|enque_brain|engineCAM|banks_0_tags_455[13]                                  ;        ;
; pifoEngines_0|enque_brain|engineCAM|banks_0_tags_455[12]                                  ;        ;
; pifoEngines_0|enque_brain|engineCAM|banks_0_tags_455[11]                                  ;        ;
; pifoEngines_0|enque_brain|engineCAM|banks_0_tags_455[16]                                  ;        ;
; pifoEngines_0|enque_brain|engineCAM|banks_0_tags_455[15]                                  ;        ;
; pifoEngines_0|enque_brain|engineCAM|banks_0_tags_455[18]                                  ;        ;
; pifoEngines_0|enque_brain|engineCAM|banks_0_tags_457[20]                                  ;        ;
; pifoEngines_0|enque_brain|engineCAM|banks_0_tags_459[12]                                  ;        ;
; pifoEngines_0|enque_brain|engineCAM|banks_0_tags_465[16]                                  ;        ;
; guard|emptyPifos_0_64                                                                     ;        ;
; pifoEngines_0|enque_brain|engineCAM|banks_0_tags_465[15]                                  ;        ;
; pifoEngines_0|enque_brain|engineCAM|banks_0_tags_465[18]                                  ;        ;
; pifoEngines_0|enque_brain|engineCAM|banks_0_tags_467[16]                                  ;        ;
; pifoEngines_0|enque_brain|engineCAM|banks_0_tags_467[15]                                  ;        ;
; pifoEngines_0|enque_brain|engineCAM|banks_0_tags_467[18]                                  ;        ;
; pifoEngines_0|enque_brain|engineCAM|banks_0_tags_461[16]                                  ;        ;
; pifoEngines_0|enque_brain|engineCAM|banks_0_tags_461[15]                                  ;        ;
; pifoEngines_0|enque_brain|engineCAM|banks_0_tags_461[18]                                  ;        ;
; pifoEngines_0|enque_brain|engineCAM|banks_0_tags_463[10]                                  ;        ;
; pifoEngines_0|enque_brain|engineCAM|banks_0_tags_463[9]                                   ;        ;
; guard|emptyPifos_0_80                                                                     ;        ;
; pifoEngines_0|enque_brain|engineCAM|banks_0_tags_463[8]                                   ;        ;
; pifoEngines_0|enque_brain|engineCAM|banks_0_tags_463[7]                                   ;        ;
; pifoEngines_0|enque_brain|engineCAM|banks_0_tags_463[6]                                   ;        ;
; pifoEngines_0|enque_brain|engineCAM|banks_0_tags_463[5]                                   ;        ;
; pifoEngines_0|enque_brain|engineCAM|banks_0_tags_463[4]                                   ;        ;
; pifoEngines_0|enque_brain|engineCAM|banks_0_tags_463[3]                                   ;        ;
; pifoEngines_0|enque_brain|engineCAM|banks_0_tags_463[12]                                  ;        ;
; pifoEngines_0|enque_brain|engineCAM|banks_0_tags_463[11]                                  ;        ;
; pifoEngines_0|enque_brain|engineCAM|banks_0_tags_463[14]                                  ;        ;
; pifoEngines_0|enque_brain|engineCAM|banks_0_tags_463[13]                                  ;        ;
; guard|emptyPifos_0_116                                                                    ;        ;
; pifoEngines_0|enque_brain|engineCAM|banks_0_tags_463[2]                                   ;        ;
; pifoEngines_0|enque_brain|engineCAM|banks_0_tags_463[1]                                   ;        ;
; pifoEngines_0|enque_brain|engineCAM|banks_0_tags_463[0]                                   ;        ;
; pifoEngines_0|enque_brain|engineCAM|banks_0_tags_463[18]                                  ;        ;
; pifoEngines_0|enque_brain|engineCAM|banks_0_tags_463[17]                                  ;        ;
; pifoEngines_0|enque_brain|engineCAM|banks_0_tags_463[16]                                  ;        ;
; pifoEngines_0|enque_brain|engineCAM|banks_0_tags_463[15]                                  ;        ;
; pifoEngines_0|enque_brain|engineCAM|banks_0_tags_463[20]                                  ;        ;
; pifoEngines_0|enque_brain|engineCAM|banks_0_tags_473[16]                                  ;        ;
; pifoEngines_0|enque_brain|engineCAM|banks_0_tags_473[15]                                  ;        ;
; guard|emptyPifos_0_84                                                                     ;        ;
; pifoEngines_0|enque_brain|engineCAM|banks_0_tags_473[18]                                  ;        ;
; pifoEngines_0|enque_brain|engineCAM|banks_0_tags_475[10]                                  ;        ;
; pifoEngines_0|enque_brain|engineCAM|banks_0_tags_475[9]                                   ;        ;
; pifoEngines_0|enque_brain|engineCAM|banks_0_tags_475[8]                                   ;        ;
; pifoEngines_0|enque_brain|engineCAM|banks_0_tags_475[7]                                   ;        ;
; pifoEngines_0|enque_brain|engineCAM|banks_0_tags_475[6]                                   ;        ;
; pifoEngines_0|enque_brain|engineCAM|banks_0_tags_475[5]                                   ;        ;
; pifoEngines_0|enque_brain|engineCAM|banks_0_tags_475[4]                                   ;        ;
; pifoEngines_0|enque_brain|engineCAM|banks_0_tags_475[3]                                   ;        ;
; pifoEngines_0|enque_brain|engineCAM|banks_0_tags_475[12]                                  ;        ;
; guard|emptyPifos_0_96                                                                     ;        ;
; pifoEngines_0|enque_brain|engineCAM|banks_0_tags_475[11]                                  ;        ;
; pifoEngines_0|enque_brain|engineCAM|banks_0_tags_475[14]                                  ;        ;
; pifoEngines_0|enque_brain|engineCAM|banks_0_tags_475[13]                                  ;        ;
; pifoEngines_0|enque_brain|engineCAM|banks_0_tags_475[2]                                   ;        ;
; pifoEngines_0|enque_brain|engineCAM|banks_0_tags_475[1]                                   ;        ;
; pifoEngines_0|enque_brain|engineCAM|banks_0_tags_475[0]                                   ;        ;
; pifoEngines_0|enque_brain|engineCAM|banks_0_tags_475[18]                                  ;        ;
; pifoEngines_0|enque_brain|engineCAM|banks_0_tags_475[17]                                  ;        ;
; pifoEngines_0|enque_brain|engineCAM|banks_0_tags_475[16]                                  ;        ;
; pifoEngines_0|enque_brain|engineCAM|banks_0_tags_475[15]                                  ;        ;
; guard|emptyPifos_0_100                                                                    ;        ;
; pifoEngines_0|enque_brain|engineCAM|banks_0_tags_475[20]                                  ;        ;
; pifoEngines_0|enque_brain|engineCAM|banks_0_tags_469[20]                                  ;        ;
; pifoEngines_0|enque_brain|engineCAM|banks_0_tags_471[20]                                  ;        ;
; pifoEngines_0|enque_brain|engineCAM|banks_0_tags_481[16]                                  ;        ;
; pifoEngines_0|enque_brain|engineCAM|banks_0_tags_481[15]                                  ;        ;
; pifoEngines_0|enque_brain|engineCAM|banks_0_tags_481[18]                                  ;        ;
; pifoEngines_0|enque_brain|engineCAM|banks_0_tags_483[16]                                  ;        ;
; pifoEngines_0|enque_brain|engineCAM|banks_0_tags_483[15]                                  ;        ;
; pifoEngines_0|enque_brain|engineCAM|banks_0_tags_483[18]                                  ;        ;
; pifoEngines_0|enque_brain|engineCAM|banks_0_tags_477[16]                                  ;        ;
; guard|emptyPifos_0_68                                                                     ;        ;
; pifoEngines_0|enque_brain|engineCAM|banks_0_tags_477[15]                                  ;        ;
; pifoEngines_0|enque_brain|engineCAM|banks_0_tags_477[18]                                  ;        ;
; pifoEngines_0|enque_brain|engineCAM|banks_0_tags_479[10]                                  ;        ;
; pifoEngines_0|enque_brain|engineCAM|banks_0_tags_479[9]                                   ;        ;
; pifoEngines_0|enque_brain|engineCAM|banks_0_tags_479[8]                                   ;        ;
; pifoEngines_0|enque_brain|engineCAM|banks_0_tags_479[7]                                   ;        ;
; pifoEngines_0|enque_brain|engineCAM|banks_0_tags_479[6]                                   ;        ;
; pifoEngines_0|enque_brain|engineCAM|banks_0_tags_479[5]                                   ;        ;
; pifoEngines_0|enque_brain|engineCAM|banks_0_tags_479[4]                                   ;        ;
; pifoEngines_0|enque_brain|engineCAM|banks_0_tags_479[3]                                   ;        ;
; guard|emptyPifos_0_121                                                                    ;        ;
; pifoEngines_0|enque_brain|engineCAM|banks_0_tags_479[12]                                  ;        ;
; pifoEngines_0|enque_brain|engineCAM|banks_0_tags_479[11]                                  ;        ;
; pifoEngines_0|enque_brain|engineCAM|banks_0_tags_479[14]                                  ;        ;
; pifoEngines_0|enque_brain|engineCAM|banks_0_tags_479[13]                                  ;        ;
; pifoEngines_0|enque_brain|engineCAM|banks_0_tags_479[2]                                   ;        ;
; pifoEngines_0|enque_brain|engineCAM|banks_0_tags_479[1]                                   ;        ;
; pifoEngines_0|enque_brain|engineCAM|banks_0_tags_479[0]                                   ;        ;
; pifoEngines_0|enque_brain|engineCAM|banks_0_tags_479[18]                                  ;        ;
; pifoEngines_0|enque_brain|engineCAM|banks_0_tags_479[17]                                  ;        ;
; pifoEngines_0|enque_brain|engineCAM|banks_0_tags_479[16]                                  ;        ;
; guard|emptyPifos_0_73                                                                     ;        ;
; pifoEngines_0|enque_brain|engineCAM|banks_0_tags_479[15]                                  ;        ;
; pifoEngines_0|enque_brain|engineCAM|banks_0_tags_479[20]                                  ;        ;
; pifoEngines_0|enque_brain|engineCAM|banks_0_tags_341[16]                                  ;        ;
; pifoEngines_0|enque_brain|engineCAM|banks_0_tags_341[15]                                  ;        ;
; pifoEngines_0|enque_brain|engineCAM|banks_0_tags_341[18]                                  ;        ;
; pifoEngines_0|enque_brain|engineCAM|banks_0_tags_345[16]                                  ;        ;
; pifoEngines_0|enque_brain|engineCAM|banks_0_tags_345[15]                                  ;        ;
; pifoEngines_0|enque_brain|engineCAM|banks_0_tags_345[18]                                  ;        ;
; pifoEngines_0|enque_brain|engineCAM|banks_0_tags_347[2]                                   ;        ;
; pifoEngines_0|enque_brain|engineCAM|banks_0_tags_347[1]                                   ;        ;
; guard|emptyPifos_0_257                                                                    ;        ;
; guard|emptyPifos_0_89                                                                     ;        ;
; pifoEngines_0|enque_brain|engineCAM|banks_0_tags_347[0]                                   ;        ;
; pifoEngines_0|enque_brain|engineCAM|banks_0_tags_347[20]                                  ;        ;
; pifoEngines_0|enque_brain|engineCAM|banks_0_tags_347[19]                                  ;        ;
; pifoEngines_0|enque_brain|engineCAM|banks_0_tags_347[14]                                  ;        ;
; pifoEngines_0|enque_brain|engineCAM|banks_0_tags_347[13]                                  ;        ;
; pifoEngines_0|enque_brain|engineCAM|banks_0_tags_347[12]                                  ;        ;
; pifoEngines_0|enque_brain|engineCAM|banks_0_tags_347[11]                                  ;        ;
; pifoEngines_0|enque_brain|engineCAM|banks_0_tags_347[8]                                   ;        ;
; pifoEngines_0|enque_brain|engineCAM|banks_0_tags_347[7]                                   ;        ;
; pifoEngines_0|enque_brain|engineCAM|banks_0_tags_347[10]                                  ;        ;
; guard|emptyPifos_0_125                                                                    ;        ;
; pifoEngines_0|enque_brain|engineCAM|banks_0_tags_347[9]                                   ;        ;
; pifoEngines_0|enque_brain|engineCAM|banks_0_tags_347[4]                                   ;        ;
; pifoEngines_0|enque_brain|engineCAM|banks_0_tags_347[3]                                   ;        ;
; pifoEngines_0|enque_brain|engineCAM|banks_0_tags_347[6]                                   ;        ;
; pifoEngines_0|enque_brain|engineCAM|banks_0_tags_347[5]                                   ;        ;
; pifoEngines_0|enque_brain|engineCAM|banks_0_tags_347[16]                                  ;        ;
; pifoEngines_0|enque_brain|engineCAM|banks_0_tags_347[15]                                  ;        ;
; pifoEngines_0|enque_brain|engineCAM|banks_0_tags_347[18]                                  ;        ;
; pifoEngines_0|enque_brain|engineCAM|banks_0_tags_349[16]                                  ;        ;
; pifoEngines_0|enque_brain|engineCAM|banks_0_tags_349[15]                                  ;        ;
; guard|emptyPifos_0_93                                                                     ;        ;
; pifoEngines_0|enque_brain|engineCAM|banks_0_tags_349[18]                                  ;        ;
; pifoEngines_0|enque_brain|engineCAM|banks_0_tags_355[16]                                  ;        ;
; pifoEngines_0|enque_brain|engineCAM|banks_0_tags_355[15]                                  ;        ;
; pifoEngines_0|enque_brain|engineCAM|banks_0_tags_355[18]                                  ;        ;
; pifoEngines_0|enque_brain|engineCAM|banks_0_tags_359[16]                                  ;        ;
; pifoEngines_0|enque_brain|engineCAM|banks_0_tags_359[15]                                  ;        ;
; pifoEngines_0|enque_brain|engineCAM|banks_0_tags_359[18]                                  ;        ;
; pifoEngines_0|enque_brain|engineCAM|banks_0_tags_363[16]                                  ;        ;
; pifoEngines_0|enque_brain|engineCAM|banks_0_tags_363[15]                                  ;        ;
; pifoEngines_0|enque_brain|engineCAM|banks_0_tags_363[18]                                  ;        ;
; guard|emptyPifos_0_105                                                                    ;        ;
; pifoEngines_0|enque_brain|engineCAM|banks_0_tags_365[2]                                   ;        ;
; pifoEngines_0|enque_brain|engineCAM|banks_0_tags_365[1]                                   ;        ;
; pifoEngines_0|enque_brain|engineCAM|banks_0_tags_365[0]                                   ;        ;
; pifoEngines_0|enque_brain|engineCAM|banks_0_tags_365[20]                                  ;        ;
; pifoEngines_0|enque_brain|engineCAM|banks_0_tags_365[19]                                  ;        ;
; pifoEngines_0|enque_brain|engineCAM|banks_0_tags_365[14]                                  ;        ;
; pifoEngines_0|enque_brain|engineCAM|banks_0_tags_365[13]                                  ;        ;
; pifoEngines_0|enque_brain|engineCAM|banks_0_tags_365[12]                                  ;        ;
; pifoEngines_0|enque_brain|engineCAM|banks_0_tags_365[11]                                  ;        ;
; pifoEngines_0|enque_brain|engineCAM|banks_0_tags_365[8]                                   ;        ;
; guard|emptyPifos_0_109                                                                    ;        ;
; pifoEngines_0|enque_brain|engineCAM|banks_0_tags_365[7]                                   ;        ;
; pifoEngines_0|enque_brain|engineCAM|banks_0_tags_365[10]                                  ;        ;
; pifoEngines_0|enque_brain|engineCAM|banks_0_tags_365[9]                                   ;        ;
; pifoEngines_0|enque_brain|engineCAM|banks_0_tags_365[4]                                   ;        ;
; pifoEngines_0|enque_brain|engineCAM|banks_0_tags_365[3]                                   ;        ;
; pifoEngines_0|enque_brain|engineCAM|banks_0_tags_365[6]                                   ;        ;
; pifoEngines_0|enque_brain|engineCAM|banks_0_tags_365[5]                                   ;        ;
; pifoEngines_0|enque_brain|engineCAM|banks_0_tags_365[16]                                  ;        ;
; pifoEngines_0|enque_brain|engineCAM|banks_0_tags_365[15]                                  ;        ;
; pifoEngines_0|enque_brain|engineCAM|banks_0_tags_365[18]                                  ;        ;
; guard|emptyPifos_0_77                                                                     ;        ;
; pifoEngines_0|enque_brain|engineCAM|banks_0_tags_367[16]                                  ;        ;
; pifoEngines_0|enque_brain|engineCAM|banks_0_tags_367[15]                                  ;        ;
; pifoEngines_0|enque_brain|engineCAM|banks_0_tags_367[18]                                  ;        ;
; pifoEngines_0|enque_brain|engineCAM|banks_0_tags_369[14]                                  ;        ;
; pifoEngines_0|enque_brain|engineCAM|banks_0_tags_369[13]                                  ;        ;
; pifoEngines_0|enque_brain|engineCAM|banks_0_tags_369[18]                                  ;        ;
; pifoEngines_0|enque_brain|engineCAM|banks_0_tags_369[17]                                  ;        ;
; pifoEngines_0|enque_brain|engineCAM|banks_0_tags_369[16]                                  ;        ;
; pifoEngines_0|enque_brain|engineCAM|banks_0_tags_369[15]                                  ;        ;
; pifoEngines_0|enque_brain|engineCAM|banks_0_tags_369[12]                                  ;        ;
; guard|emptyPifos_0_120                                                                    ;        ;
; pifoEngines_0|enque_brain|engineCAM|banks_0_tags_369[11]                                  ;        ;
; pifoEngines_0|enque_brain|engineCAM|banks_0_tags_369[9]                                   ;        ;
; pifoEngines_0|enque_brain|engineCAM|banks_0_tags_369[7]                                   ;        ;
; pifoEngines_0|enque_brain|engineCAM|banks_0_tags_369[10]                                  ;        ;
; pifoEngines_0|enque_brain|engineCAM|banks_0_tags_369[8]                                   ;        ;
; pifoEngines_0|enque_brain|engineCAM|banks_0_tags_369[4]                                   ;        ;
; pifoEngines_0|enque_brain|engineCAM|banks_0_tags_369[3]                                   ;        ;
; pifoEngines_0|enque_brain|engineCAM|banks_0_tags_369[6]                                   ;        ;
; pifoEngines_0|enque_brain|engineCAM|banks_0_tags_369[5]                                   ;        ;
; pifoEngines_0|enque_brain|engineCAM|banks_0_tags_369[2]                                   ;        ;
; guard|emptyPifos_0_72                                                                     ;        ;
; pifoEngines_0|enque_brain|engineCAM|banks_0_tags_369[1]                                   ;        ;
; pifoEngines_0|enque_brain|engineCAM|banks_0_tags_369[0]                                   ;        ;
; pifoEngines_0|enque_brain|engineCAM|banks_0_tags_369[20]                                  ;        ;
; pifoEngines_0|enque_brain|engineCAM|banks_0_tags_371[16]                                  ;        ;
; pifoEngines_0|enque_brain|engineCAM|banks_0_tags_371[15]                                  ;        ;
; pifoEngines_0|enque_brain|engineCAM|banks_0_tags_371[18]                                  ;        ;
; pifoEngines_0|enque_brain|engineCAM|banks_0_tags_373[16]                                  ;        ;
; pifoEngines_0|enque_brain|engineCAM|banks_0_tags_373[15]                                  ;        ;
; pifoEngines_0|enque_brain|engineCAM|banks_0_tags_373[18]                                  ;        ;
; pifoEngines_0|enque_brain|engineCAM|banks_0_tags_383[16]                                  ;        ;
; guard|emptyPifos_0_88                                                                     ;        ;
; pifoEngines_0|enque_brain|engineCAM|banks_0_tags_383[15]                                  ;        ;
; pifoEngines_0|enque_brain|engineCAM|banks_0_tags_383[18]                                  ;        ;
; pifoEngines_0|enque_brain|engineCAM|banks_0_tags_391[16]                                  ;        ;
; pifoEngines_0|enque_brain|engineCAM|banks_0_tags_391[15]                                  ;        ;
; pifoEngines_0|enque_brain|engineCAM|banks_0_tags_391[18]                                  ;        ;
; pifoEngines_0|enque_brain|engineCAM|banks_0_tags_395[16]                                  ;        ;
; pifoEngines_0|enque_brain|engineCAM|banks_0_tags_395[15]                                  ;        ;
; pifoEngines_0|enque_brain|engineCAM|banks_0_tags_395[18]                                  ;        ;
; pifoEngines_0|enque_brain|engineCAM|banks_0_tags_397[16]                                  ;        ;
; pifoEngines_0|enque_brain|engineCAM|banks_0_tags_397[15]                                  ;        ;
; guard|emptyPifos_0_113                                                                    ;        ;
; pifoEngines_0|enque_brain|engineCAM|banks_0_tags_397[18]                                  ;        ;
; pifoEngines_0|enque_brain|engineCAM|banks_0_tags_377[16]                                  ;        ;
; pifoEngines_0|enque_brain|engineCAM|banks_0_tags_377[15]                                  ;        ;
; pifoEngines_0|enque_brain|engineCAM|banks_0_tags_377[18]                                  ;        ;
; pifoEngines_0|enque_brain|engineCAM|banks_0_tags_375[14]                                  ;        ;
; pifoEngines_0|enque_brain|engineCAM|banks_0_tags_375[13]                                  ;        ;
; pifoEngines_0|enque_brain|engineCAM|banks_0_tags_375[18]                                  ;        ;
; pifoEngines_0|enque_brain|engineCAM|banks_0_tags_375[17]                                  ;        ;
; pifoEngines_0|enque_brain|engineCAM|banks_0_tags_375[16]                                  ;        ;
; pifoEngines_0|enque_brain|engineCAM|banks_0_tags_375[15]                                  ;        ;
; guard|emptyPifos_0_466                                                                    ;        ;
; guard|emptyPifos_0_65                                                                     ;        ;
; pifoEngines_0|enque_brain|engineCAM|banks_0_tags_375[12]                                  ;        ;
; pifoEngines_0|enque_brain|engineCAM|banks_0_tags_375[11]                                  ;        ;
; pifoEngines_0|enque_brain|engineCAM|banks_0_tags_375[8]                                   ;        ;
; pifoEngines_0|enque_brain|engineCAM|banks_0_tags_375[7]                                   ;        ;
; pifoEngines_0|enque_brain|engineCAM|banks_0_tags_375[10]                                  ;        ;
; pifoEngines_0|enque_brain|engineCAM|banks_0_tags_375[9]                                   ;        ;
; pifoEngines_0|enque_brain|engineCAM|banks_0_tags_375[4]                                   ;        ;
; pifoEngines_0|enque_brain|engineCAM|banks_0_tags_375[3]                                   ;        ;
; pifoEngines_0|enque_brain|engineCAM|banks_0_tags_375[6]                                   ;        ;
; pifoEngines_0|enque_brain|engineCAM|banks_0_tags_375[5]                                   ;        ;
; guard|emptyPifos_0_81                                                                     ;        ;
; pifoEngines_0|enque_brain|engineCAM|banks_0_tags_375[2]                                   ;        ;
; pifoEngines_0|enque_brain|engineCAM|banks_0_tags_375[1]                                   ;        ;
; pifoEngines_0|enque_brain|engineCAM|banks_0_tags_375[0]                                   ;        ;
; pifoEngines_0|enque_brain|engineCAM|banks_0_tags_375[20]                                  ;        ;
; pifoEngines_0|enque_brain|engineCAM|banks_0_tags_379[16]                                  ;        ;
; pifoEngines_0|enque_brain|engineCAM|banks_0_tags_379[15]                                  ;        ;
; pifoEngines_0|enque_brain|engineCAM|banks_0_tags_379[18]                                  ;        ;
; pifoEngines_0|enque_brain|engineCAM|banks_0_tags_381[14]                                  ;        ;
; pifoEngines_0|enque_brain|engineCAM|banks_0_tags_381[13]                                  ;        ;
; pifoEngines_0|enque_brain|engineCAM|banks_0_tags_381[12]                                  ;        ;
; guard|emptyPifos_0_117                                                                    ;        ;
; pifoEngines_0|enque_brain|engineCAM|banks_0_tags_381[11]                                  ;        ;
; pifoEngines_0|enque_brain|engineCAM|banks_0_tags_381[10]                                  ;        ;
; pifoEngines_0|enque_brain|engineCAM|banks_0_tags_381[9]                                   ;        ;
; pifoEngines_0|enque_brain|engineCAM|banks_0_tags_381[8]                                   ;        ;
; pifoEngines_0|enque_brain|engineCAM|banks_0_tags_381[7]                                   ;        ;
; pifoEngines_0|enque_brain|engineCAM|banks_0_tags_381[4]                                   ;        ;
; pifoEngines_0|enque_brain|engineCAM|banks_0_tags_381[3]                                   ;        ;
; pifoEngines_0|enque_brain|engineCAM|banks_0_tags_381[6]                                   ;        ;
; pifoEngines_0|enque_brain|engineCAM|banks_0_tags_381[5]                                   ;        ;
; pifoEngines_0|enque_brain|engineCAM|banks_0_tags_381[2]                                   ;        ;
; guard|emptyPifos_0_85                                                                     ;        ;
; pifoEngines_0|enque_brain|engineCAM|banks_0_tags_381[1]                                   ;        ;
; pifoEngines_0|enque_brain|engineCAM|banks_0_tags_381[0]                                   ;        ;
; pifoEngines_0|enque_brain|engineCAM|banks_0_tags_381[16]                                  ;        ;
; pifoEngines_0|enque_brain|engineCAM|banks_0_tags_381[15]                                  ;        ;
; pifoEngines_0|enque_brain|engineCAM|banks_0_tags_381[18]                                  ;        ;
; pifoEngines_0|enque_brain|engineCAM|banks_0_tags_381[17]                                  ;        ;
; pifoEngines_0|enque_brain|engineCAM|banks_0_tags_381[20]                                  ;        ;
; pifoEngines_0|enque_brain|engineCAM|banks_0_tags_399[16]                                  ;        ;
; pifoEngines_0|enque_brain|engineCAM|banks_0_tags_399[15]                                  ;        ;
; pifoEngines_0|enque_brain|engineCAM|banks_0_tags_399[18]                                  ;        ;
; guard|emptyPifos_0_97                                                                     ;        ;
; pifoEngines_0|enque_brain|engineCAM|banks_0_tags_403[10]                                  ;        ;
; pifoEngines_0|enque_brain|engineCAM|banks_0_tags_403[9]                                   ;        ;
; pifoEngines_0|enque_brain|engineCAM|banks_0_tags_403[8]                                   ;        ;
; pifoEngines_0|enque_brain|engineCAM|banks_0_tags_403[7]                                   ;        ;
; pifoEngines_0|enque_brain|engineCAM|banks_0_tags_403[6]                                   ;        ;
; pifoEngines_0|enque_brain|engineCAM|banks_0_tags_403[5]                                   ;        ;
; pifoEngines_0|enque_brain|engineCAM|banks_0_tags_403[4]                                   ;        ;
; pifoEngines_0|enque_brain|engineCAM|banks_0_tags_403[3]                                   ;        ;
; pifoEngines_0|enque_brain|engineCAM|banks_0_tags_403[14]                                  ;        ;
; pifoEngines_0|enque_brain|engineCAM|banks_0_tags_403[13]                                  ;        ;
; guard|emptyPifos_0_101                                                                    ;        ;
; pifoEngines_0|enque_brain|engineCAM|banks_0_tags_403[12]                                  ;        ;
; pifoEngines_0|enque_brain|engineCAM|banks_0_tags_403[11]                                  ;        ;
; pifoEngines_0|enque_brain|engineCAM|banks_0_tags_403[16]                                  ;        ;
; pifoEngines_0|enque_brain|engineCAM|banks_0_tags_403[15]                                  ;        ;
; pifoEngines_0|enque_brain|engineCAM|banks_0_tags_403[18]                                  ;        ;
; pifoEngines_0|enque_brain|engineCAM|banks_0_tags_403[17]                                  ;        ;
; pifoEngines_0|enque_brain|engineCAM|banks_0_tags_403[2]                                   ;        ;
; pifoEngines_0|enque_brain|engineCAM|banks_0_tags_403[1]                                   ;        ;
; pifoEngines_0|enque_brain|engineCAM|banks_0_tags_403[0]                                   ;        ;
; pifoEngines_0|enque_brain|engineCAM|banks_0_tags_403[20]                                  ;        ;
; guard|emptyPifos_0_69                                                                     ;        ;
; pifoEngines_0|enque_brain|engineCAM|banks_0_tags_405[16]                                  ;        ;
; pifoEngines_0|enque_brain|engineCAM|banks_0_tags_405[15]                                  ;        ;
; pifoEngines_0|enque_brain|engineCAM|banks_0_tags_405[18]                                  ;        ;
; pifoEngines_0|enque_brain|engineCAM|banks_0_tags_407[16]                                  ;        ;
; pifoEngines_0|enque_brain|engineCAM|banks_0_tags_407[15]                                  ;        ;
; pifoEngines_0|enque_brain|engineCAM|banks_0_tags_407[18]                                  ;        ;
; pifoEngines_0|enque_brain|engineCAM|banks_0_tags_409[16]                                  ;        ;
; pifoEngines_0|enque_brain|engineCAM|banks_0_tags_409[15]                                  ;        ;
; pifoEngines_0|enque_brain|engineCAM|banks_0_tags_409[18]                                  ;        ;
; pifoEngines_0|enque_brain|engineCAM|banks_0_tags_411[16]                                  ;        ;
; guard|emptyPifos_0_122                                                                    ;        ;
; pifoEngines_0|enque_brain|engineCAM|banks_0_tags_411[15]                                  ;        ;
; pifoEngines_0|enque_brain|engineCAM|banks_0_tags_411[18]                                  ;        ;
; pifoEngines_0|enque_brain|engineCAM|banks_0_tags_413[12]                                  ;        ;
; pifoEngines_0|enque_brain|engineCAM|banks_0_tags_413[11]                                  ;        ;
; pifoEngines_0|enque_brain|engineCAM|banks_0_tags_413[14]                                  ;        ;
; pifoEngines_0|enque_brain|engineCAM|banks_0_tags_413[13]                                  ;        ;
; pifoEngines_0|enque_brain|engineCAM|banks_0_tags_413[16]                                  ;        ;
; pifoEngines_0|enque_brain|engineCAM|banks_0_tags_413[15]                                  ;        ;
; pifoEngines_0|enque_brain|engineCAM|banks_0_tags_413[18]                                  ;        ;
; pifoEngines_0|enque_brain|engineCAM|banks_0_tags_415[10]                                  ;        ;
; guard|emptyPifos_0_74                                                                     ;        ;
; pifoEngines_0|enque_brain|engineCAM|banks_0_tags_415[9]                                   ;        ;
; pifoEngines_0|enque_brain|engineCAM|banks_0_tags_415[8]                                   ;        ;
; pifoEngines_0|enque_brain|engineCAM|banks_0_tags_415[7]                                   ;        ;
; pifoEngines_0|enque_brain|engineCAM|banks_0_tags_415[6]                                   ;        ;
; pifoEngines_0|enque_brain|engineCAM|banks_0_tags_415[5]                                   ;        ;
; pifoEngines_0|enque_brain|engineCAM|banks_0_tags_415[4]                                   ;        ;
; pifoEngines_0|enque_brain|engineCAM|banks_0_tags_415[3]                                   ;        ;
; pifoEngines_0|enque_brain|engineCAM|banks_0_tags_415[12]                                  ;        ;
; pifoEngines_0|enque_brain|engineCAM|banks_0_tags_415[11]                                  ;        ;
; pifoEngines_0|enque_brain|engineCAM|banks_0_tags_415[14]                                  ;        ;
; guard|emptyPifos_0_90                                                                     ;        ;
; pifoEngines_0|enque_brain|engineCAM|banks_0_tags_415[13]                                  ;        ;
; pifoEngines_0|enque_brain|engineCAM|banks_0_tags_415[2]                                   ;        ;
; pifoEngines_0|enque_brain|engineCAM|banks_0_tags_415[1]                                   ;        ;
; pifoEngines_0|enque_brain|engineCAM|banks_0_tags_415[0]                                   ;        ;
; pifoEngines_0|enque_brain|engineCAM|banks_0_tags_415[18]                                  ;        ;
; pifoEngines_0|enque_brain|engineCAM|banks_0_tags_415[17]                                  ;        ;
; pifoEngines_0|enque_brain|engineCAM|banks_0_tags_415[16]                                  ;        ;
; pifoEngines_0|enque_brain|engineCAM|banks_0_tags_415[15]                                  ;        ;
; pifoEngines_0|enque_brain|engineCAM|banks_0_tags_415[20]                                  ;        ;
; pifoEngines_0|enque_brain|engineCAM|banks_0_tags_335[16]                                  ;        ;
; guard|emptyPifos_0_274                                                                    ;        ;
; guard|emptyPifos_0_126                                                                    ;        ;
; pifoEngines_0|enque_brain|engineCAM|banks_0_tags_335[15]                                  ;        ;
; pifoEngines_0|enque_brain|engineCAM|banks_0_tags_335[18]                                  ;        ;
; pifoEngines_0|enque_brain|engineCAM|banks_0_tags_339[10]                                  ;        ;
; pifoEngines_0|enque_brain|engineCAM|banks_0_tags_339[9]                                   ;        ;
; pifoEngines_0|enque_brain|engineCAM|banks_0_tags_339[8]                                   ;        ;
; pifoEngines_0|enque_brain|engineCAM|banks_0_tags_339[7]                                   ;        ;
; pifoEngines_0|enque_brain|engineCAM|banks_0_tags_339[6]                                   ;        ;
; pifoEngines_0|enque_brain|engineCAM|banks_0_tags_339[5]                                   ;        ;
; pifoEngines_0|enque_brain|engineCAM|banks_0_tags_339[4]                                   ;        ;
; pifoEngines_0|enque_brain|engineCAM|banks_0_tags_339[3]                                   ;        ;
; guard|emptyPifos_0_94                                                                     ;        ;
; pifoEngines_0|enque_brain|engineCAM|banks_0_tags_339[14]                                  ;        ;
; pifoEngines_0|enque_brain|engineCAM|banks_0_tags_339[13]                                  ;        ;
; pifoEngines_0|enque_brain|engineCAM|banks_0_tags_339[12]                                  ;        ;
; pifoEngines_0|enque_brain|engineCAM|banks_0_tags_339[11]                                  ;        ;
; pifoEngines_0|enque_brain|engineCAM|banks_0_tags_339[2]                                   ;        ;
; pifoEngines_0|enque_brain|engineCAM|banks_0_tags_339[1]                                   ;        ;
; pifoEngines_0|enque_brain|engineCAM|banks_0_tags_339[0]                                   ;        ;
; pifoEngines_0|enque_brain|engineCAM|banks_0_tags_339[16]                                  ;        ;
; pifoEngines_0|enque_brain|engineCAM|banks_0_tags_339[15]                                  ;        ;
; pifoEngines_0|enque_brain|engineCAM|banks_0_tags_339[18]                                  ;        ;
; guard|emptyPifos_0_106                                                                    ;        ;
; pifoEngines_0|enque_brain|engineCAM|banks_0_tags_339[17]                                  ;        ;
; pifoEngines_0|enque_brain|engineCAM|banks_0_tags_339[20]                                  ;        ;
; pifoEngines_0|enque_brain|engineCAM|banks_0_tags_1002[10]                                 ;        ;
; pifoEngines_0|enque_brain|engineCAM|banks_0_tags_1002[9]                                  ;        ;
; pifoEngines_0|enque_brain|engineCAM|banks_0_tags_1002[8]                                  ;        ;
; pifoEngines_0|enque_brain|engineCAM|banks_0_tags_1002[7]                                  ;        ;
; pifoEngines_0|enque_brain|engineCAM|banks_0_tags_1002[6]                                  ;        ;
; pifoEngines_0|enque_brain|engineCAM|banks_0_tags_1002[5]                                  ;        ;
; pifoEngines_0|enque_brain|engineCAM|banks_0_tags_1002[4]                                  ;        ;
; pifoEngines_0|enque_brain|engineCAM|banks_0_tags_1002[3]                                  ;        ;
; guard|emptyPifos_0_110                                                                    ;        ;
; pifoEngines_0|enque_brain|engineCAM|banks_0_tags_1002[14]                                 ;        ;
; pifoEngines_0|enque_brain|engineCAM|banks_0_tags_1002[13]                                 ;        ;
; pifoEngines_0|enque_brain|engineCAM|banks_0_tags_1002[12]                                 ;        ;
; pifoEngines_0|enque_brain|engineCAM|banks_0_tags_1002[11]                                 ;        ;
; pifoEngines_0|enque_brain|engineCAM|banks_0_tags_1002[2]                                  ;        ;
; pifoEngines_0|enque_brain|engineCAM|banks_0_tags_1002[1]                                  ;        ;
; pifoEngines_0|enque_brain|engineCAM|banks_0_tags_1002[0]                                  ;        ;
; pifoEngines_0|enque_brain|engineCAM|banks_0_tags_1002[16]                                 ;        ;
; pifoEngines_0|enque_brain|engineCAM|banks_0_tags_1002[15]                                 ;        ;
; pifoEngines_0|enque_brain|engineCAM|banks_0_tags_1002[18]                                 ;        ;
; guard|emptyPifos_0_78                                                                     ;        ;
; pifoEngines_0|enque_brain|engineCAM|banks_0_tags_1002[17]                                 ;        ;
; pifoEngines_0|enque_brain|engineCAM|banks_0_tags_1002[20]                                 ;        ;
; pifoEngines_0|enque_brain|engineCAM|banks_0_tags_998[16]                                  ;        ;
; pifoEngines_0|enque_brain|engineCAM|banks_0_tags_998[15]                                  ;        ;
; pifoEngines_0|enque_brain|engineCAM|banks_0_tags_998[18]                                  ;        ;
; pifoEngines_0|enque_brain|engineCAM|banks_0_tags_1010[16]                                 ;        ;
; pifoEngines_0|enque_brain|engineCAM|banks_0_tags_1010[15]                                 ;        ;
; pifoEngines_0|enque_brain|engineCAM|banks_0_tags_1010[18]                                 ;        ;
; pifoEngines_0|enque_brain|engineCAM|banks_0_tags_1006[16]                                 ;        ;
; pifoEngines_0|enque_brain|engineCAM|banks_0_tags_1006[15]                                 ;        ;
; guard|emptyPifos_0_79                                                                     ;        ;
; pifoEngines_0|enque_brain|engineCAM|banks_0_tags_1006[18]                                 ;        ;
; pifoEngines_0|enque_brain|engineCAM|banks_0_tags_1014[16]                                 ;        ;
; pifoEngines_0|enque_brain|engineCAM|banks_0_tags_1014[15]                                 ;        ;
; pifoEngines_0|enque_brain|engineCAM|banks_0_tags_1014[18]                                 ;        ;
; pifoEngines_0|enque_brain|engineCAM|banks_0_tags_1018[16]                                 ;        ;
; pifoEngines_0|enque_brain|engineCAM|banks_0_tags_1018[15]                                 ;        ;
; pifoEngines_0|enque_brain|engineCAM|banks_0_tags_1018[18]                                 ;        ;
; pifoEngines_0|enque_brain|engineCAM|banks_0_tags_1022[20]                                 ;        ;
; pifoEngines_0|enque_brain|engineCAM|banks_0_tags_970[10]                                  ;        ;
; pifoEngines_0|enque_brain|engineCAM|banks_0_tags_970[9]                                   ;        ;
; guard|emptyPifos_0_67                                                                     ;        ;
; pifoEngines_0|enque_brain|engineCAM|banks_0_tags_970[8]                                   ;        ;
; pifoEngines_0|enque_brain|engineCAM|banks_0_tags_970[7]                                   ;        ;
; pifoEngines_0|enque_brain|engineCAM|banks_0_tags_970[6]                                   ;        ;
; pifoEngines_0|enque_brain|engineCAM|banks_0_tags_970[5]                                   ;        ;
; pifoEngines_0|enque_brain|engineCAM|banks_0_tags_970[4]                                   ;        ;
; pifoEngines_0|enque_brain|engineCAM|banks_0_tags_970[3]                                   ;        ;
; pifoEngines_0|enque_brain|engineCAM|banks_0_tags_970[12]                                  ;        ;
; pifoEngines_0|enque_brain|engineCAM|banks_0_tags_970[11]                                  ;        ;
; pifoEngines_0|enque_brain|engineCAM|banks_0_tags_970[14]                                  ;        ;
; pifoEngines_0|enque_brain|engineCAM|banks_0_tags_970[13]                                  ;        ;
; guard|emptyPifos_0_71                                                                     ;        ;
; pifoEngines_0|enque_brain|engineCAM|banks_0_tags_970[2]                                   ;        ;
; pifoEngines_0|enque_brain|engineCAM|banks_0_tags_970[1]                                   ;        ;
; pifoEngines_0|enque_brain|engineCAM|banks_0_tags_970[0]                                   ;        ;
; pifoEngines_0|enque_brain|engineCAM|banks_0_tags_970[18]                                  ;        ;
; pifoEngines_0|enque_brain|engineCAM|banks_0_tags_970[17]                                  ;        ;
; pifoEngines_0|enque_brain|engineCAM|banks_0_tags_970[16]                                  ;        ;
; pifoEngines_0|enque_brain|engineCAM|banks_0_tags_970[15]                                  ;        ;
; pifoEngines_0|enque_brain|engineCAM|banks_0_tags_970[20]                                  ;        ;
; pifoEngines_0|enque_brain|engineCAM|banks_0_tags_966[10]                                  ;        ;
; pifoEngines_0|enque_brain|engineCAM|banks_0_tags_966[9]                                   ;        ;
; guard|emptyPifos_0_95                                                                     ;        ;
; pifoEngines_0|enque_brain|engineCAM|banks_0_tags_966[8]                                   ;        ;
; pifoEngines_0|enque_brain|engineCAM|banks_0_tags_966[7]                                   ;        ;
; pifoEngines_0|enque_brain|engineCAM|banks_0_tags_966[6]                                   ;        ;
; pifoEngines_0|enque_brain|engineCAM|banks_0_tags_966[5]                                   ;        ;
; pifoEngines_0|enque_brain|engineCAM|banks_0_tags_966[4]                                   ;        ;
; pifoEngines_0|enque_brain|engineCAM|banks_0_tags_966[3]                                   ;        ;
; pifoEngines_0|enque_brain|engineCAM|banks_0_tags_966[12]                                  ;        ;
; pifoEngines_0|enque_brain|engineCAM|banks_0_tags_966[11]                                  ;        ;
; pifoEngines_0|enque_brain|engineCAM|banks_0_tags_966[14]                                  ;        ;
; pifoEngines_0|enque_brain|engineCAM|banks_0_tags_966[13]                                  ;        ;
; guard|emptyPifos_0_87                                                                     ;        ;
; pifoEngines_0|enque_brain|engineCAM|banks_0_tags_966[2]                                   ;        ;
; pifoEngines_0|enque_brain|engineCAM|banks_0_tags_966[1]                                   ;        ;
; pifoEngines_0|enque_brain|engineCAM|banks_0_tags_966[0]                                   ;        ;
; pifoEngines_0|enque_brain|engineCAM|banks_0_tags_966[18]                                  ;        ;
; pifoEngines_0|enque_brain|engineCAM|banks_0_tags_966[17]                                  ;        ;
; pifoEngines_0|enque_brain|engineCAM|banks_0_tags_966[16]                                  ;        ;
; pifoEngines_0|enque_brain|engineCAM|banks_0_tags_966[15]                                  ;        ;
; pifoEngines_0|enque_brain|engineCAM|banks_0_tags_966[20]                                  ;        ;
; pifoEngines_0|enque_brain|engineCAM|banks_0_tags_974[5]                                   ;        ;
; pifoEngines_0|enque_brain|engineCAM|banks_0_tags_974[3]                                   ;        ;
; guard|emptyPifos_0_338                                                                    ;        ;
; guard|emptyPifos_0_75                                                                     ;        ;
; pifoEngines_0|enque_brain|engineCAM|banks_0_tags_974[6]                                   ;        ;
; pifoEngines_0|enque_brain|engineCAM|banks_0_tags_974[4]                                   ;        ;
; pifoEngines_0|enque_brain|engineCAM|banks_0_tags_974[8]                                   ;        ;
; pifoEngines_0|enque_brain|engineCAM|banks_0_tags_974[7]                                   ;        ;
; pifoEngines_0|enque_brain|engineCAM|banks_0_tags_974[10]                                  ;        ;
; pifoEngines_0|enque_brain|engineCAM|banks_0_tags_974[9]                                   ;        ;
; pifoEngines_0|enque_brain|engineCAM|banks_0_tags_974[12]                                  ;        ;
; pifoEngines_0|enque_brain|engineCAM|banks_0_tags_974[11]                                  ;        ;
; pifoEngines_0|enque_brain|engineCAM|banks_0_tags_974[14]                                  ;        ;
; pifoEngines_0|enque_brain|engineCAM|banks_0_tags_974[13]                                  ;        ;
; guard|emptyPifos_0_91                                                                     ;        ;
; pifoEngines_0|enque_brain|engineCAM|banks_0_tags_974[2]                                   ;        ;
; pifoEngines_0|enque_brain|engineCAM|banks_0_tags_974[1]                                   ;        ;
; pifoEngines_0|enque_brain|engineCAM|banks_0_tags_974[0]                                   ;        ;
; pifoEngines_0|enque_brain|engineCAM|banks_0_tags_974[18]                                  ;        ;
; pifoEngines_0|enque_brain|engineCAM|banks_0_tags_974[17]                                  ;        ;
; pifoEngines_0|enque_brain|engineCAM|banks_0_tags_974[16]                                  ;        ;
; pifoEngines_0|enque_brain|engineCAM|banks_0_tags_974[15]                                  ;        ;
; pifoEngines_0|enque_brain|engineCAM|banks_0_tags_974[20]                                  ;        ;
; pifoEngines_0|enque_brain|engineCAM|banks_0_tags_978[10]                                  ;        ;
; pifoEngines_0|enque_brain|engineCAM|banks_0_tags_978[9]                                   ;        ;
; guard|emptyPifos_0_83                                                                     ;        ;
; pifoEngines_0|enque_brain|engineCAM|banks_0_tags_978[8]                                   ;        ;
; pifoEngines_0|enque_brain|engineCAM|banks_0_tags_978[7]                                   ;        ;
; pifoEngines_0|enque_brain|engineCAM|banks_0_tags_978[6]                                   ;        ;
; pifoEngines_0|enque_brain|engineCAM|banks_0_tags_978[5]                                   ;        ;
; pifoEngines_0|enque_brain|engineCAM|banks_0_tags_978[4]                                   ;        ;
; pifoEngines_0|enque_brain|engineCAM|banks_0_tags_978[3]                                   ;        ;
; pifoEngines_0|enque_brain|engineCAM|banks_0_tags_978[12]                                  ;        ;
; pifoEngines_0|enque_brain|engineCAM|banks_0_tags_978[11]                                  ;        ;
; pifoEngines_0|enque_brain|engineCAM|banks_0_tags_978[14]                                  ;        ;
; pifoEngines_0|enque_brain|engineCAM|banks_0_tags_978[13]                                  ;        ;
; guard|emptyPifos_0_111                                                                    ;        ;
; pifoEngines_0|enque_brain|engineCAM|banks_0_tags_978[2]                                   ;        ;
; pifoEngines_0|enque_brain|engineCAM|banks_0_tags_978[1]                                   ;        ;
; pifoEngines_0|enque_brain|engineCAM|banks_0_tags_978[0]                                   ;        ;
; pifoEngines_0|enque_brain|engineCAM|banks_0_tags_978[18]                                  ;        ;
; pifoEngines_0|enque_brain|engineCAM|banks_0_tags_978[17]                                  ;        ;
; pifoEngines_0|enque_brain|engineCAM|banks_0_tags_978[16]                                  ;        ;
; pifoEngines_0|enque_brain|engineCAM|banks_0_tags_978[15]                                  ;        ;
; pifoEngines_0|enque_brain|engineCAM|banks_0_tags_978[20]                                  ;        ;
; pifoEngines_0|enque_brain|engineCAM|banks_0_tags_986[20]                                  ;        ;
; pifoEngines_0|enque_brain|engineCAM|banks_0_tags_982[12]                                  ;        ;
; guard|emptyPifos_0_99                                                                     ;        ;
; pifoEngines_0|enque_brain|engineCAM|banks_0_tags_982[11]                                  ;        ;
; pifoEngines_0|enque_brain|engineCAM|banks_0_tags_982[14]                                  ;        ;
; pifoEngines_0|enque_brain|engineCAM|banks_0_tags_982[13]                                  ;        ;
; pifoEngines_0|enque_brain|engineCAM|banks_0_tags_982[16]                                  ;        ;
; pifoEngines_0|enque_brain|engineCAM|banks_0_tags_982[15]                                  ;        ;
; pifoEngines_0|enque_brain|engineCAM|banks_0_tags_982[18]                                  ;        ;
; pifoEngines_0|enque_brain|engineCAM|banks_0_tags_994[16]                                  ;        ;
; pifoEngines_0|enque_brain|engineCAM|banks_0_tags_994[15]                                  ;        ;
; pifoEngines_0|enque_brain|engineCAM|banks_0_tags_994[18]                                  ;        ;
; pifoEngines_0|enque_brain|engineCAM|banks_0_tags_990[10]                                  ;        ;
; guard|emptyPifos_0_103                                                                    ;        ;
; pifoEngines_0|enque_brain|engineCAM|banks_0_tags_990[9]                                   ;        ;
; pifoEngines_0|enque_brain|engineCAM|banks_0_tags_990[8]                                   ;        ;
; pifoEngines_0|enque_brain|engineCAM|banks_0_tags_990[7]                                   ;        ;
; pifoEngines_0|enque_brain|engineCAM|banks_0_tags_990[6]                                   ;        ;
; pifoEngines_0|enque_brain|engineCAM|banks_0_tags_990[5]                                   ;        ;
; pifoEngines_0|enque_brain|engineCAM|banks_0_tags_990[4]                                   ;        ;
; pifoEngines_0|enque_brain|engineCAM|banks_0_tags_990[3]                                   ;        ;
; pifoEngines_0|enque_brain|engineCAM|banks_0_tags_990[12]                                  ;        ;
; pifoEngines_0|enque_brain|engineCAM|banks_0_tags_990[11]                                  ;        ;
; pifoEngines_0|enque_brain|engineCAM|banks_0_tags_990[14]                                  ;        ;
; guard|emptyPifos_0_127                                                                    ;        ;
; pifoEngines_0|enque_brain|engineCAM|banks_0_tags_990[13]                                  ;        ;
; pifoEngines_0|enque_brain|engineCAM|banks_0_tags_990[2]                                   ;        ;
; pifoEngines_0|enque_brain|engineCAM|banks_0_tags_990[1]                                   ;        ;
; pifoEngines_0|enque_brain|engineCAM|banks_0_tags_990[0]                                   ;        ;
; pifoEngines_0|enque_brain|engineCAM|banks_0_tags_990[18]                                  ;        ;
; pifoEngines_0|enque_brain|engineCAM|banks_0_tags_990[17]                                  ;        ;
; pifoEngines_0|enque_brain|engineCAM|banks_0_tags_990[16]                                  ;        ;
; pifoEngines_0|enque_brain|engineCAM|banks_0_tags_990[15]                                  ;        ;
; pifoEngines_0|enque_brain|engineCAM|banks_0_tags_990[20]                                  ;        ;
; pifoEngines_0|enque_brain|engineCAM|banks_0_tags_287[16]                                  ;        ;
; guard|emptyPifos_0_119                                                                    ;        ;
; pifoEngines_0|enque_brain|engineCAM|banks_0_tags_287[15]                                  ;        ;
; pifoEngines_0|enque_brain|engineCAM|banks_0_tags_287[18]                                  ;        ;
; pifoEngines_0|enque_brain|engineCAM|banks_0_tags_295[2]                                   ;        ;
; pifoEngines_0|enque_brain|engineCAM|banks_0_tags_295[1]                                   ;        ;
; pifoEngines_0|enque_brain|engineCAM|banks_0_tags_295[0]                                   ;        ;
; pifoEngines_0|enque_brain|engineCAM|banks_0_tags_295[10]                                  ;        ;
; pifoEngines_0|enque_brain|engineCAM|banks_0_tags_295[9]                                   ;        ;
; pifoEngines_0|enque_brain|engineCAM|banks_0_tags_295[8]                                   ;        ;
; pifoEngines_0|enque_brain|engineCAM|banks_0_tags_295[7]                                   ;        ;
; pifoEngines_0|enque_brain|engineCAM|banks_0_tags_295[6]                                   ;        ;
; guard|emptyPifos_0_107                                                                    ;        ;
; pifoEngines_0|enque_brain|engineCAM|banks_0_tags_295[5]                                   ;        ;
; pifoEngines_0|enque_brain|engineCAM|banks_0_tags_295[4]                                   ;        ;
; pifoEngines_0|enque_brain|engineCAM|banks_0_tags_295[3]                                   ;        ;
; pifoEngines_0|enque_brain|engineCAM|banks_0_tags_295[20]                                  ;        ;
; pifoEngines_0|enque_brain|engineCAM|banks_0_tags_295[19]                                  ;        ;
; pifoEngines_0|enque_brain|engineCAM|banks_0_tags_295[14]                                  ;        ;
; pifoEngines_0|enque_brain|engineCAM|banks_0_tags_295[13]                                  ;        ;
; pifoEngines_0|enque_brain|engineCAM|banks_0_tags_295[12]                                  ;        ;
; pifoEngines_0|enque_brain|engineCAM|banks_0_tags_295[11]                                  ;        ;
; pifoEngines_0|enque_brain|engineCAM|banks_0_tags_295[16]                                  ;        ;
; guard|emptyPifos_0_123                                                                    ;        ;
; pifoEngines_0|enque_brain|engineCAM|banks_0_tags_295[15]                                  ;        ;
; pifoEngines_0|enque_brain|engineCAM|banks_0_tags_295[18]                                  ;        ;
; pifoEngines_0|enque_brain|engineCAM|banks_0_tags_283[16]                                  ;        ;
; pifoEngines_0|enque_brain|engineCAM|banks_0_tags_283[15]                                  ;        ;
; pifoEngines_0|enque_brain|engineCAM|banks_0_tags_283[18]                                  ;        ;
; pifoEngines_0|enque_brain|engineCAM|banks_0_tags_303[16]                                  ;        ;
; pifoEngines_0|enque_brain|engineCAM|banks_0_tags_303[15]                                  ;        ;
; pifoEngines_0|enque_brain|engineCAM|banks_0_tags_303[18]                                  ;        ;
; pifoEngines_0|enque_brain|engineCAM|banks_0_tags_299[16]                                  ;        ;
; pifoEngines_0|enque_brain|engineCAM|banks_0_tags_299[15]                                  ;        ;
; guard|emptyPifos_0_467                                                                    ;        ;
; guard|emptyPifos_0_115                                                                    ;        ;
; pifoEngines_0|enque_brain|engineCAM|banks_0_tags_299[18]                                  ;        ;
; pifoEngines_0|enque_brain|engineCAM|banks_0_tags_313[16]                                  ;        ;
; pifoEngines_0|enque_brain|engineCAM|banks_0_tags_313[15]                                  ;        ;
; pifoEngines_0|enque_brain|engineCAM|banks_0_tags_313[18]                                  ;        ;
; pifoEngines_0|enque_brain|engineCAM|banks_0_tags_309[16]                                  ;        ;
; pifoEngines_0|enque_brain|engineCAM|banks_0_tags_309[15]                                  ;        ;
; pifoEngines_0|enque_brain|engineCAM|banks_0_tags_309[18]                                  ;        ;
; pifoEngines_0|enque_brain|engineCAM|banks_0_tags_327[16]                                  ;        ;
; pifoEngines_0|enque_brain|engineCAM|banks_0_tags_327[15]                                  ;        ;
; pifoEngines_0|enque_brain|engineCAM|banks_0_tags_327[18]                                  ;        ;
; guard|emptyPifos_0_114                                                                    ;        ;
; pifoEngines_0|enque_brain|engineCAM|banks_0_tags_317[16]                                  ;        ;
; pifoEngines_0|enque_brain|engineCAM|banks_0_tags_317[15]                                  ;        ;
; pifoEngines_0|enque_brain|engineCAM|banks_0_tags_317[18]                                  ;        ;
; pifoEngines_0|enque_brain|engineCAM|banks_0_tags_189[14]                                  ;        ;
; pifoEngines_0|enque_brain|engineCAM|banks_0_tags_189[13]                                  ;        ;
; pifoEngines_0|enque_brain|engineCAM|banks_0_tags_189[18]                                  ;        ;
; pifoEngines_0|enque_brain|engineCAM|banks_0_tags_189[17]                                  ;        ;
; pifoEngines_0|enque_brain|engineCAM|banks_0_tags_189[16]                                  ;        ;
; pifoEngines_0|enque_brain|engineCAM|banks_0_tags_189[15]                                  ;        ;
; pifoEngines_0|enque_brain|engineCAM|banks_0_tags_189[12]                                  ;        ;
; guard|emptyPifos_0_66                                                                     ;        ;
; pifoEngines_0|enque_brain|engineCAM|banks_0_tags_189[8]                                   ;        ;
; pifoEngines_0|enque_brain|engineCAM|banks_0_tags_189[7]                                   ;        ;
; pifoEngines_0|enque_brain|engineCAM|banks_0_tags_189[10]                                  ;        ;
; pifoEngines_0|enque_brain|engineCAM|banks_0_tags_189[9]                                   ;        ;
; pifoEngines_0|enque_brain|engineCAM|banks_0_tags_189[4]                                   ;        ;
; pifoEngines_0|enque_brain|engineCAM|banks_0_tags_189[3]                                   ;        ;
; pifoEngines_0|enque_brain|engineCAM|banks_0_tags_189[6]                                   ;        ;
; pifoEngines_0|enque_brain|engineCAM|banks_0_tags_189[5]                                   ;        ;
; pifoEngines_0|enque_brain|engineCAM|banks_0_tags_189[2]                                   ;        ;
; pifoEngines_0|enque_brain|engineCAM|banks_0_tags_189[1]                                   ;        ;
; guard|emptyPifos_0_82                                                                     ;        ;
; pifoEngines_0|enque_brain|engineCAM|banks_0_tags_189[0]                                   ;        ;
; pifoEngines_0|enque_brain|engineCAM|banks_0_tags_185[16]                                  ;        ;
; pifoEngines_0|enque_brain|engineCAM|banks_0_tags_185[15]                                  ;        ;
; pifoEngines_0|enque_brain|engineCAM|banks_0_tags_185[18]                                  ;        ;
; pifoEngines_0|enque_brain|engineCAM|banks_0_tags_205[16]                                  ;        ;
; pifoEngines_0|enque_brain|engineCAM|banks_0_tags_205[15]                                  ;        ;
; pifoEngines_0|enque_brain|engineCAM|banks_0_tags_205[18]                                  ;        ;
; pifoEngines_0|enque_brain|engineCAM|banks_0_tags_207[10]                                  ;        ;
; pifoEngines_0|enque_brain|engineCAM|banks_0_tags_207[9]                                   ;        ;
; pifoEngines_0|enque_brain|engineCAM|banks_0_tags_207[8]                                   ;        ;
; guard|emptyPifos_0_118                                                                    ;        ;
; pifoEngines_0|enque_brain|engineCAM|banks_0_tags_207[7]                                   ;        ;
; pifoEngines_0|enque_brain|engineCAM|banks_0_tags_207[6]                                   ;        ;
; pifoEngines_0|enque_brain|engineCAM|banks_0_tags_207[5]                                   ;        ;
; pifoEngines_0|enque_brain|engineCAM|banks_0_tags_207[4]                                   ;        ;
; pifoEngines_0|enque_brain|engineCAM|banks_0_tags_207[3]                                   ;        ;
; pifoEngines_0|enque_brain|engineCAM|banks_0_tags_207[14]                                  ;        ;
; pifoEngines_0|enque_brain|engineCAM|banks_0_tags_207[13]                                  ;        ;
; pifoEngines_0|enque_brain|engineCAM|banks_0_tags_207[12]                                  ;        ;
; pifoEngines_0|enque_brain|engineCAM|banks_0_tags_207[11]                                  ;        ;
; pifoEngines_0|enque_brain|engineCAM|banks_0_tags_207[2]                                   ;        ;
; guard|emptyPifos_0_86                                                                     ;        ;
; pifoEngines_0|enque_brain|engineCAM|banks_0_tags_207[1]                                   ;        ;
; pifoEngines_0|enque_brain|engineCAM|banks_0_tags_207[0]                                   ;        ;
; pifoEngines_0|enque_brain|engineCAM|banks_0_tags_207[16]                                  ;        ;
; pifoEngines_0|enque_brain|engineCAM|banks_0_tags_207[15]                                  ;        ;
; pifoEngines_0|enque_brain|engineCAM|banks_0_tags_207[18]                                  ;        ;
; pifoEngines_0|enque_brain|engineCAM|banks_0_tags_207[17]                                  ;        ;
; pifoEngines_0|enque_brain|engineCAM|banks_0_tags_207[20]                                  ;        ;
; pifoEngines_0|enque_brain|engineCAM|banks_0_tags_199[6]                                   ;        ;
; pifoEngines_0|enque_brain|engineCAM|banks_0_tags_199[5]                                   ;        ;
; pifoEngines_0|enque_brain|engineCAM|banks_0_tags_199[4]                                   ;        ;
; guard|emptyPifos_0_98                                                                     ;        ;
; pifoEngines_0|enque_brain|engineCAM|banks_0_tags_199[3]                                   ;        ;
; pifoEngines_0|enque_brain|engineCAM|banks_0_tags_199[2]                                   ;        ;
; pifoEngines_0|enque_brain|engineCAM|banks_0_tags_199[1]                                   ;        ;
; pifoEngines_0|enque_brain|engineCAM|banks_0_tags_199[0]                                   ;        ;
; pifoEngines_0|enque_brain|engineCAM|banks_0_tags_199[12]                                  ;        ;
; pifoEngines_0|enque_brain|engineCAM|banks_0_tags_199[11]                                  ;        ;
; pifoEngines_0|enque_brain|engineCAM|banks_0_tags_199[14]                                  ;        ;
; pifoEngines_0|enque_brain|engineCAM|banks_0_tags_199[13]                                  ;        ;
; pifoEngines_0|enque_brain|engineCAM|banks_0_tags_199[8]                                   ;        ;
; pifoEngines_0|enque_brain|engineCAM|banks_0_tags_199[7]                                   ;        ;
; guard|emptyPifos_0_102                                                                    ;        ;
; pifoEngines_0|enque_brain|engineCAM|banks_0_tags_199[10]                                  ;        ;
; pifoEngines_0|enque_brain|engineCAM|banks_0_tags_199[9]                                   ;        ;
; pifoEngines_0|enque_brain|engineCAM|banks_0_tags_199[18]                                  ;        ;
; pifoEngines_0|enque_brain|engineCAM|banks_0_tags_199[17]                                  ;        ;
; pifoEngines_0|enque_brain|engineCAM|banks_0_tags_199[16]                                  ;        ;
; pifoEngines_0|enque_brain|engineCAM|banks_0_tags_199[15]                                  ;        ;
; pifoEngines_0|enque_brain|engineCAM|banks_0_tags_199[20]                                  ;        ;
; pifoEngines_0|enque_brain|engineCAM|banks_0_tags_203[6]                                   ;        ;
; pifoEngines_0|enque_brain|engineCAM|banks_0_tags_203[5]                                   ;        ;
; pifoEngines_0|enque_brain|engineCAM|banks_0_tags_203[4]                                   ;        ;
; guard|emptyPifos_0_70                                                                     ;        ;
; pifoEngines_0|enque_brain|engineCAM|banks_0_tags_203[3]                                   ;        ;
; pifoEngines_0|enque_brain|engineCAM|banks_0_tags_203[2]                                   ;        ;
; pifoEngines_0|enque_brain|engineCAM|banks_0_tags_203[1]                                   ;        ;
; pifoEngines_0|enque_brain|engineCAM|banks_0_tags_203[0]                                   ;        ;
; pifoEngines_0|enque_brain|engineCAM|banks_0_tags_203[12]                                  ;        ;
; pifoEngines_0|enque_brain|engineCAM|banks_0_tags_203[11]                                  ;        ;
; pifoEngines_0|enque_brain|engineCAM|banks_0_tags_203[14]                                  ;        ;
; pifoEngines_0|enque_brain|engineCAM|banks_0_tags_203[13]                                  ;        ;
; pifoEngines_0|enque_brain|engineCAM|banks_0_tags_203[8]                                   ;        ;
; pifoEngines_0|enque_brain|engineCAM|banks_0_tags_203[7]                                   ;        ;
; guard|emptyPifos_0_139                                                                    ;        ;
; pifoEngines_0|enque_brain|engineCAM|banks_0_tags_203[10]                                  ;        ;
; pifoEngines_0|enque_brain|engineCAM|banks_0_tags_203[9]                                   ;        ;
; pifoEngines_0|enque_brain|engineCAM|banks_0_tags_203[18]                                  ;        ;
; pifoEngines_0|enque_brain|engineCAM|banks_0_tags_203[17]                                  ;        ;
; pifoEngines_0|enque_brain|engineCAM|banks_0_tags_203[16]                                  ;        ;
; pifoEngines_0|enque_brain|engineCAM|banks_0_tags_203[15]                                  ;        ;
; pifoEngines_0|enque_brain|engineCAM|banks_0_tags_203[20]                                  ;        ;
; pifoEngines_0|enque_brain|engineCAM|banks_0_tags_215[6]                                   ;        ;
; pifoEngines_0|enque_brain|engineCAM|banks_0_tags_215[5]                                   ;        ;
; pifoEngines_0|enque_brain|engineCAM|banks_0_tags_215[4]                                   ;        ;
; guard|emptyPifos_0_339                                                                    ;        ;
; guard|emptyPifos_0_136                                                                    ;        ;
; pifoEngines_0|enque_brain|engineCAM|banks_0_tags_215[3]                                   ;        ;
; pifoEngines_0|enque_brain|engineCAM|banks_0_tags_215[2]                                   ;        ;
; pifoEngines_0|enque_brain|engineCAM|banks_0_tags_215[1]                                   ;        ;
; pifoEngines_0|enque_brain|engineCAM|banks_0_tags_215[0]                                   ;        ;
; pifoEngines_0|enque_brain|engineCAM|banks_0_tags_215[12]                                  ;        ;
; pifoEngines_0|enque_brain|engineCAM|banks_0_tags_215[11]                                  ;        ;
; pifoEngines_0|enque_brain|engineCAM|banks_0_tags_215[14]                                  ;        ;
; pifoEngines_0|enque_brain|engineCAM|banks_0_tags_215[13]                                  ;        ;
; pifoEngines_0|enque_brain|engineCAM|banks_0_tags_215[8]                                   ;        ;
; pifoEngines_0|enque_brain|engineCAM|banks_0_tags_215[7]                                   ;        ;
; guard|emptyPifos_0_137                                                                    ;        ;
; pifoEngines_0|enque_brain|engineCAM|banks_0_tags_215[10]                                  ;        ;
; pifoEngines_0|enque_brain|engineCAM|banks_0_tags_215[9]                                   ;        ;
; pifoEngines_0|enque_brain|engineCAM|banks_0_tags_215[18]                                  ;        ;
; pifoEngines_0|enque_brain|engineCAM|banks_0_tags_215[17]                                  ;        ;
; pifoEngines_0|enque_brain|engineCAM|banks_0_tags_215[16]                                  ;        ;
; pifoEngines_0|enque_brain|engineCAM|banks_0_tags_215[15]                                  ;        ;
; pifoEngines_0|enque_brain|engineCAM|banks_0_tags_215[20]                                  ;        ;
; pifoEngines_0|enque_brain|engineCAM|banks_0_tags_211[16]                                  ;        ;
; pifoEngines_0|enque_brain|engineCAM|banks_0_tags_211[15]                                  ;        ;
; pifoEngines_0|enque_brain|engineCAM|banks_0_tags_211[18]                                  ;        ;
; guard|emptyPifos_0_155                                                                    ;        ;
; pifoEngines_0|enque_brain|engineCAM|banks_0_tags_223[16]                                  ;        ;
; pifoEngines_0|enque_brain|engineCAM|banks_0_tags_223[15]                                  ;        ;
; pifoEngines_0|enque_brain|engineCAM|banks_0_tags_223[18]                                  ;        ;
; pifoEngines_0|enque_brain|engineCAM|banks_0_tags_221[16]                                  ;        ;
; pifoEngines_0|enque_brain|engineCAM|banks_0_tags_221[15]                                  ;        ;
; pifoEngines_0|enque_brain|engineCAM|banks_0_tags_221[18]                                  ;        ;
; pifoEngines_0|enque_brain|engineCAM|banks_0_tags_233[14]                                  ;        ;
; pifoEngines_0|enque_brain|engineCAM|banks_0_tags_233[13]                                  ;        ;
; pifoEngines_0|enque_brain|engineCAM|banks_0_tags_233[12]                                  ;        ;
; pifoEngines_0|enque_brain|engineCAM|banks_0_tags_233[11]                                  ;        ;
; guard|emptyPifos_0_153                                                                    ;        ;
; pifoEngines_0|enque_brain|engineCAM|banks_0_tags_233[18]                                  ;        ;
; pifoEngines_0|enque_brain|engineCAM|banks_0_tags_233[17]                                  ;        ;
; pifoEngines_0|enque_brain|engineCAM|banks_0_tags_233[16]                                  ;        ;
; pifoEngines_0|enque_brain|engineCAM|banks_0_tags_235[14]                                  ;        ;
; pifoEngines_0|enque_brain|engineCAM|banks_0_tags_235[13]                                  ;        ;
; pifoEngines_0|enque_brain|engineCAM|banks_0_tags_235[12]                                  ;        ;
; pifoEngines_0|enque_brain|engineCAM|banks_0_tags_235[11]                                  ;        ;
; pifoEngines_0|enque_brain|engineCAM|banks_0_tags_235[18]                                  ;        ;
; pifoEngines_0|enque_brain|engineCAM|banks_0_tags_235[17]                                  ;        ;
; pifoEngines_0|enque_brain|engineCAM|banks_0_tags_235[16]                                  ;        ;
; guard|emptyPifos_0_138                                                                    ;        ;
; pifoEngines_0|enque_brain|engineCAM|banks_0_tags_235[15]                                  ;        ;
; pifoEngines_0|enque_brain|engineCAM|banks_0_tags_235[8]                                   ;        ;
; pifoEngines_0|enque_brain|engineCAM|banks_0_tags_235[7]                                   ;        ;
; pifoEngines_0|enque_brain|engineCAM|banks_0_tags_235[10]                                  ;        ;
; pifoEngines_0|enque_brain|engineCAM|banks_0_tags_235[9]                                   ;        ;
; pifoEngines_0|enque_brain|engineCAM|banks_0_tags_235[4]                                   ;        ;
; pifoEngines_0|enque_brain|engineCAM|banks_0_tags_235[3]                                   ;        ;
; pifoEngines_0|enque_brain|engineCAM|banks_0_tags_235[6]                                   ;        ;
; pifoEngines_0|enque_brain|engineCAM|banks_0_tags_235[5]                                   ;        ;
; pifoEngines_0|enque_brain|engineCAM|banks_0_tags_235[2]                                   ;        ;
; guard|emptyPifos_0_154                                                                    ;        ;
; pifoEngines_0|enque_brain|engineCAM|banks_0_tags_235[1]                                   ;        ;
; pifoEngines_0|enque_brain|engineCAM|banks_0_tags_235[0]                                   ;        ;
; pifoEngines_0|enque_brain|engineCAM|banks_0_tags_235[20]                                  ;        ;
; pifoEngines_0|enque_brain|engineCAM|banks_0_tags_222[16]                                  ;        ;
; pifoEngines_0|enque_brain|engineCAM|banks_0_tags_222[15]                                  ;        ;
; pifoEngines_0|enque_brain|engineCAM|banks_0_tags_222[18]                                  ;        ;
; pifoEngines_0|enque_brain|engineCAM|banks_0_tags_238[16]                                  ;        ;
; pifoEngines_0|enque_brain|engineCAM|banks_0_tags_238[15]                                  ;        ;
; pifoEngines_0|enque_brain|engineCAM|banks_0_tags_238[18]                                  ;        ;
; pifoEngines_0|enque_brain|engineCAM|banks_0_tags_241[14]                                  ;        ;
; guard|emptyPifos_0_152                                                                    ;        ;
; pifoEngines_0|enque_brain|engineCAM|banks_0_tags_241[13]                                  ;        ;
; pifoEngines_0|enque_brain|engineCAM|banks_0_tags_241[18]                                  ;        ;
; pifoEngines_0|enque_brain|engineCAM|banks_0_tags_241[17]                                  ;        ;
; pifoEngines_0|enque_brain|engineCAM|banks_0_tags_241[16]                                  ;        ;
; pifoEngines_0|enque_brain|engineCAM|banks_0_tags_241[15]                                  ;        ;
; pifoEngines_0|enque_brain|engineCAM|banks_0_tags_241[12]                                  ;        ;
; pifoEngines_0|enque_brain|engineCAM|banks_0_tags_243[14]                                  ;        ;
; pifoEngines_0|enque_brain|engineCAM|banks_0_tags_243[13]                                  ;        ;
; pifoEngines_0|enque_brain|engineCAM|banks_0_tags_243[12]                                  ;        ;
; pifoEngines_0|enque_brain|engineCAM|banks_0_tags_243[11]                                  ;        ;
; guard|emptyPifos_0_171                                                                    ;        ;
; pifoEngines_0|enque_brain|engineCAM|banks_0_tags_243[18]                                  ;        ;
; pifoEngines_0|enque_brain|engineCAM|banks_0_tags_243[17]                                  ;        ;
; pifoEngines_0|enque_brain|engineCAM|banks_0_tags_243[16]                                  ;        ;
; pifoEngines_0|enque_brain|engineCAM|banks_0_tags_243[15]                                  ;        ;
; pifoEngines_0|enque_brain|engineCAM|banks_0_tags_243[8]                                   ;        ;
; pifoEngines_0|enque_brain|engineCAM|banks_0_tags_243[7]                                   ;        ;
; pifoEngines_0|enque_brain|engineCAM|banks_0_tags_243[10]                                  ;        ;
; pifoEngines_0|enque_brain|engineCAM|banks_0_tags_243[9]                                   ;        ;
; pifoEngines_0|enque_brain|engineCAM|banks_0_tags_243[4]                                   ;        ;
; pifoEngines_0|enque_brain|engineCAM|banks_0_tags_243[3]                                   ;        ;
; guard|emptyPifos_0_168                                                                    ;        ;
; pifoEngines_0|enque_brain|engineCAM|banks_0_tags_243[6]                                   ;        ;
; pifoEngines_0|enque_brain|engineCAM|banks_0_tags_243[5]                                   ;        ;
; pifoEngines_0|enque_brain|engineCAM|banks_0_tags_243[2]                                   ;        ;
; pifoEngines_0|enque_brain|engineCAM|banks_0_tags_243[1]                                   ;        ;
; pifoEngines_0|enque_brain|engineCAM|banks_0_tags_243[0]                                   ;        ;
; pifoEngines_0|enque_brain|engineCAM|banks_0_tags_243[20]                                  ;        ;
; pifoEngines_0|enque_brain|engineCAM|banks_0_tags_250[16]                                  ;        ;
; pifoEngines_0|enque_brain|engineCAM|banks_0_tags_250[15]                                  ;        ;
; pifoEngines_0|enque_brain|engineCAM|banks_0_tags_250[18]                                  ;        ;
; pifoEngines_0|enque_brain|engineCAM|banks_0_tags_246[16]                                  ;        ;
; guard|emptyPifos_0_169                                                                    ;        ;
; pifoEngines_0|enque_brain|engineCAM|banks_0_tags_246[15]                                  ;        ;
; pifoEngines_0|enque_brain|engineCAM|banks_0_tags_246[18]                                  ;        ;
; pifoEngines_0|enque_brain|engineCAM|banks_0_tags_249[16]                                  ;        ;
; pifoEngines_0|enque_brain|engineCAM|banks_0_tags_249[15]                                  ;        ;
; pifoEngines_0|enque_brain|engineCAM|banks_0_tags_249[18]                                  ;        ;
; pifoEngines_0|enque_brain|engineCAM|banks_0_tags_271[16]                                  ;        ;
; pifoEngines_0|enque_brain|engineCAM|banks_0_tags_271[15]                                  ;        ;
; pifoEngines_0|enque_brain|engineCAM|banks_0_tags_271[18]                                  ;        ;
; pifoEngines_0|enque_brain|engineCAM|banks_0_tags_253[16]                                  ;        ;
; pifoEngines_0|enque_brain|engineCAM|banks_0_tags_253[15]                                  ;        ;
; guard|emptyPifos_0_402                                                                    ;        ;
; guard|emptyPifos_0_187                                                                    ;        ;
; pifoEngines_0|enque_brain|engineCAM|banks_0_tags_253[18]                                  ;        ;
; pifoEngines_0|enque_brain|engineCAM|banks_0_tags_125[16]                                  ;        ;
; pifoEngines_0|enque_brain|engineCAM|banks_0_tags_125[15]                                  ;        ;
; pifoEngines_0|enque_brain|engineCAM|banks_0_tags_125[18]                                  ;        ;
; pifoEngines_0|enque_brain|engineCAM|banks_0_tags_121[16]                                  ;        ;
; pifoEngines_0|enque_brain|engineCAM|banks_0_tags_121[15]                                  ;        ;
; pifoEngines_0|enque_brain|engineCAM|banks_0_tags_121[18]                                  ;        ;
; pifoEngines_0|enque_brain|engineCAM|banks_0_tags_155[16]                                  ;        ;
; pifoEngines_0|enque_brain|engineCAM|banks_0_tags_155[15]                                  ;        ;
; pifoEngines_0|enque_brain|engineCAM|banks_0_tags_155[18]                                  ;        ;
; guard|emptyPifos_0_185                                                                    ;        ;
; pifoEngines_0|enque_brain|engineCAM|banks_0_tags_143[16]                                  ;        ;
; pifoEngines_0|enque_brain|engineCAM|banks_0_tags_143[15]                                  ;        ;
; pifoEngines_0|enque_brain|engineCAM|banks_0_tags_143[18]                                  ;        ;
; pifoEngines_0|enque_brain|engineCAM|banks_0_tags_171[16]                                  ;        ;
; pifoEngines_0|enque_brain|engineCAM|banks_0_tags_171[15]                                  ;        ;
; pifoEngines_0|enque_brain|engineCAM|banks_0_tags_171[18]                                  ;        ;
; pifoEngines_0|enque_brain|engineCAM|banks_0_tags_159[16]                                  ;        ;
; pifoEngines_0|enque_brain|engineCAM|banks_0_tags_159[15]                                  ;        ;
; pifoEngines_0|enque_brain|engineCAM|banks_0_tags_159[18]                                  ;        ;
; pifoEngines_0|enque_brain|engineCAM|banks_0_tags_181[16]                                  ;        ;
; guard|emptyPifos_0_170                                                                    ;        ;
; pifoEngines_0|enque_brain|engineCAM|banks_0_tags_181[15]                                  ;        ;
; pifoEngines_0|enque_brain|engineCAM|banks_0_tags_181[18]                                  ;        ;
; pifoEngines_0|enque_brain|engineCAM|banks_0_tags_175[16]                                  ;        ;
; pifoEngines_0|enque_brain|engineCAM|banks_0_tags_175[15]                                  ;        ;
; pifoEngines_0|enque_brain|engineCAM|banks_0_tags_175[18]                                  ;        ;
; pifoEngines_0|enque_brain|engineCAM|banks_0_tags_109[16]                                  ;        ;
; pifoEngines_0|enque_brain|engineCAM|banks_0_tags_109[15]                                  ;        ;
; pifoEngines_0|enque_brain|engineCAM|banks_0_tags_109[18]                                  ;        ;
; pifoEngines_0|enque_brain|engineCAM|banks_0_tags_117[16]                                  ;        ;
; pifoEngines_0|enque_brain|engineCAM|banks_0_tags_117[15]                                  ;        ;
; guard|emptyPifos_0_186                                                                    ;        ;
; pifoEngines_0|enque_brain|engineCAM|banks_0_tags_117[18]                                  ;        ;
; pifoEngines_0|enque_brain|engineCAM|banks_0_tags_111[16]                                  ;        ;
; pifoEngines_0|enque_brain|engineCAM|banks_0_tags_111[15]                                  ;        ;
; pifoEngines_0|enque_brain|engineCAM|banks_0_tags_111[18]                                  ;        ;
; pifoEngines_0|enque_brain|engineCAM|banks_0_tags_115[14]                                  ;        ;
; pifoEngines_0|enque_brain|engineCAM|banks_0_tags_115[13]                                  ;        ;
; pifoEngines_0|enque_brain|engineCAM|banks_0_tags_115[18]                                  ;        ;
; pifoEngines_0|enque_brain|engineCAM|banks_0_tags_115[17]                                  ;        ;
; pifoEngines_0|enque_brain|engineCAM|banks_0_tags_115[16]                                  ;        ;
; pifoEngines_0|enque_brain|engineCAM|banks_0_tags_115[15]                                  ;        ;
; guard|emptyPifos_0_184                                                                    ;        ;
; pifoEngines_0|enque_brain|engineCAM|banks_0_tags_115[12]                                  ;        ;
; pifoEngines_0|enque_brain|engineCAM|banks_0_tags_115[11]                                  ;        ;
; pifoEngines_0|enque_brain|engineCAM|banks_0_tags_115[8]                                   ;        ;
; pifoEngines_0|enque_brain|engineCAM|banks_0_tags_115[7]                                   ;        ;
; pifoEngines_0|enque_brain|engineCAM|banks_0_tags_115[10]                                  ;        ;
; pifoEngines_0|enque_brain|engineCAM|banks_0_tags_115[9]                                   ;        ;
; pifoEngines_0|enque_brain|engineCAM|banks_0_tags_115[4]                                   ;        ;
; pifoEngines_0|enque_brain|engineCAM|banks_0_tags_115[3]                                   ;        ;
; pifoEngines_0|enque_brain|engineCAM|banks_0_tags_115[6]                                   ;        ;
; pifoEngines_0|enque_brain|engineCAM|banks_0_tags_115[5]                                   ;        ;
; guard|emptyPifos_0_188                                                                    ;        ;
; pifoEngines_0|enque_brain|engineCAM|banks_0_tags_115[2]                                   ;        ;
; pifoEngines_0|enque_brain|engineCAM|banks_0_tags_115[1]                                   ;        ;
; pifoEngines_0|enque_brain|engineCAM|banks_0_tags_115[0]                                   ;        ;
; pifoEngines_0|enque_brain|engineCAM|banks_0_tags_115[20]                                  ;        ;
; pifoEngines_0|enque_brain|engineCAM|banks_0_tags_93[16]                                   ;        ;
; pifoEngines_0|enque_brain|engineCAM|banks_0_tags_93[15]                                   ;        ;
; pifoEngines_0|enque_brain|engineCAM|banks_0_tags_93[18]                                   ;        ;
; pifoEngines_0|enque_brain|engineCAM|banks_0_tags_91[14]                                   ;        ;
; pifoEngines_0|enque_brain|engineCAM|banks_0_tags_91[13]                                   ;        ;
; pifoEngines_0|enque_brain|engineCAM|banks_0_tags_91[12]                                   ;        ;
; guard|emptyPifos_0_140                                                                    ;        ;
; pifoEngines_0|enque_brain|engineCAM|banks_0_tags_91[11]                                   ;        ;
; pifoEngines_0|enque_brain|engineCAM|banks_0_tags_91[18]                                   ;        ;
; pifoEngines_0|enque_brain|engineCAM|banks_0_tags_91[17]                                   ;        ;
; pifoEngines_0|enque_brain|engineCAM|banks_0_tags_91[16]                                   ;        ;
; pifoEngines_0|enque_brain|engineCAM|banks_0_tags_91[2]                                    ;        ;
; pifoEngines_0|enque_brain|engineCAM|banks_0_tags_91[1]                                    ;        ;
; pifoEngines_0|enque_brain|engineCAM|banks_0_tags_91[0]                                    ;        ;
; pifoEngines_0|enque_brain|engineCAM|banks_0_tags_79[16]                                   ;        ;
; pifoEngines_0|enque_brain|engineCAM|banks_0_tags_79[15]                                   ;        ;
; pifoEngines_0|enque_brain|engineCAM|banks_0_tags_79[18]                                   ;        ;
; guard|emptyPifos_0_156                                                                    ;        ;
; pifoEngines_0|enque_brain|engineCAM|banks_0_tags_61[20]                                   ;        ;
; pifoEngines_0|enque_brain|engineCAM|banks_0_tags_55[16]                                   ;        ;
; pifoEngines_0|enque_brain|engineCAM|banks_0_tags_55[15]                                   ;        ;
; pifoEngines_0|enque_brain|engineCAM|banks_0_tags_55[18]                                   ;        ;
; pifoEngines_0|enque_brain|engineCAM|banks_0_tags_59[10]                                   ;        ;
; pifoEngines_0|enque_brain|engineCAM|banks_0_tags_59[9]                                    ;        ;
; pifoEngines_0|enque_brain|engineCAM|banks_0_tags_59[8]                                    ;        ;
; pifoEngines_0|enque_brain|engineCAM|banks_0_tags_59[7]                                    ;        ;
; pifoEngines_0|enque_brain|engineCAM|banks_0_tags_59[6]                                    ;        ;
; pifoEngines_0|enque_brain|engineCAM|banks_0_tags_59[5]                                    ;        ;
; guard|emptyPifos_0_189                                                                    ;        ;
; pifoEngines_0|enque_brain|engineCAM|banks_0_tags_59[4]                                    ;        ;
; pifoEngines_0|enque_brain|engineCAM|banks_0_tags_59[3]                                    ;        ;
; pifoEngines_0|enque_brain|engineCAM|banks_0_tags_59[14]                                   ;        ;
; pifoEngines_0|enque_brain|engineCAM|banks_0_tags_59[13]                                   ;        ;
; pifoEngines_0|enque_brain|engineCAM|banks_0_tags_59[12]                                   ;        ;
; pifoEngines_0|enque_brain|engineCAM|banks_0_tags_59[11]                                   ;        ;
; pifoEngines_0|enque_brain|engineCAM|banks_0_tags_59[2]                                    ;        ;
; pifoEngines_0|enque_brain|engineCAM|banks_0_tags_59[1]                                    ;        ;
; pifoEngines_0|enque_brain|engineCAM|banks_0_tags_59[0]                                    ;        ;
; pifoEngines_0|enque_brain|engineCAM|banks_0_tags_59[16]                                   ;        ;
; guard|emptyPifos_0_157                                                                    ;        ;
; pifoEngines_0|enque_brain|engineCAM|banks_0_tags_59[15]                                   ;        ;
; pifoEngines_0|enque_brain|engineCAM|banks_0_tags_59[18]                                   ;        ;
; pifoEngines_0|enque_brain|engineCAM|banks_0_tags_59[17]                                   ;        ;
; pifoEngines_0|enque_brain|engineCAM|banks_0_tags_59[20]                                   ;        ;
; pifoEngines_0|enque_brain|engineCAM|banks_0_tags_55[14]                                   ;        ;
; pifoEngines_0|enque_brain|engineCAM|banks_0_tags_55[13]                                   ;        ;
; pifoEngines_0|enque_brain|engineCAM|banks_0_tags_55[12]                                   ;        ;
; pifoEngines_0|enque_brain|engineCAM|banks_0_tags_55[11]                                   ;        ;
; pifoEngines_0|enque_brain|engineCAM|banks_0_tags_55[10]                                   ;        ;
; pifoEngines_0|enque_brain|engineCAM|banks_0_tags_55[9]                                    ;        ;
; guard|emptyPifos_0_403                                                                    ;        ;
; guard|emptyPifos_0_172                                                                    ;        ;
; pifoEngines_0|enque_brain|engineCAM|banks_0_tags_55[8]                                    ;        ;
; pifoEngines_0|enque_brain|engineCAM|banks_0_tags_55[7]                                    ;        ;
; pifoEngines_0|enque_brain|engineCAM|banks_0_tags_55[4]                                    ;        ;
; pifoEngines_0|enque_brain|engineCAM|banks_0_tags_55[3]                                    ;        ;
; pifoEngines_0|enque_brain|engineCAM|banks_0_tags_55[6]                                    ;        ;
; pifoEngines_0|enque_brain|engineCAM|banks_0_tags_55[5]                                    ;        ;
; pifoEngines_0|enque_brain|engineCAM|banks_0_tags_55[2]                                    ;        ;
; pifoEngines_0|enque_brain|engineCAM|banks_0_tags_55[1]                                    ;        ;
; pifoEngines_0|enque_brain|engineCAM|banks_0_tags_55[0]                                    ;        ;
; pifoEngines_0|enque_brain|engineCAM|banks_0_tags_55[20]                                   ;        ;
; guard|emptyPifos_0_173                                                                    ;        ;
; pifoEngines_0|enque_brain|engineCAM|banks_0_tags_55[19]                                   ;        ;
; pifoEngines_0|enque_brain|engineCAM|banks_0_tags_31[16]                                   ;        ;
; pifoEngines_0|enque_brain|engineCAM|banks_0_tags_31[15]                                   ;        ;
; pifoEngines_0|enque_brain|engineCAM|banks_0_tags_31[18]                                   ;        ;
; pifoEngines_0|enque_brain|engineCAM|banks_0_tags_47[14]                                   ;        ;
; pifoEngines_0|enque_brain|engineCAM|banks_0_tags_47[13]                                   ;        ;
; pifoEngines_0|enque_brain|engineCAM|banks_0_tags_47[12]                                   ;        ;
; pifoEngines_0|enque_brain|engineCAM|banks_0_tags_47[11]                                   ;        ;
; pifoEngines_0|enque_brain|engineCAM|banks_0_tags_47[8]                                    ;        ;
; pifoEngines_0|enque_brain|engineCAM|banks_0_tags_47[7]                                    ;        ;
; guard|emptyPifos_0_141                                                                    ;        ;
; pifoEngines_0|enque_brain|engineCAM|banks_0_tags_47[10]                                   ;        ;
; pifoEngines_0|enque_brain|engineCAM|banks_0_tags_47[9]                                    ;        ;
; pifoEngines_0|enque_brain|engineCAM|banks_0_tags_47[4]                                    ;        ;
; pifoEngines_0|enque_brain|engineCAM|banks_0_tags_47[3]                                    ;        ;
; pifoEngines_0|enque_brain|engineCAM|banks_0_tags_47[6]                                    ;        ;
; pifoEngines_0|enque_brain|engineCAM|banks_0_tags_47[5]                                    ;        ;
; pifoEngines_0|enque_brain|engineCAM|banks_0_tags_47[2]                                    ;        ;
; pifoEngines_0|enque_brain|engineCAM|banks_0_tags_47[1]                                    ;        ;
; pifoEngines_0|enque_brain|engineCAM|banks_0_tags_47[0]                                    ;        ;
; pifoEngines_0|enque_brain|engineCAM|banks_0_tags_47[16]                                   ;        ;
; guard|emptyPifos_0_190                                                                    ;        ;
; pifoEngines_0|enque_brain|engineCAM|banks_0_tags_47[15]                                   ;        ;
; pifoEngines_0|enque_brain|engineCAM|banks_0_tags_47[18]                                   ;        ;
; pifoEngines_0|enque_brain|engineCAM|banks_0_tags_47[17]                                   ;        ;
; pifoEngines_0|enque_brain|engineCAM|banks_0_tags_47[20]                                   ;        ;
; pifoEngines_0|enque_brain|engineCAM|banks_0_tags_31[2]                                    ;        ;
; pifoEngines_0|enque_brain|engineCAM|banks_0_tags_31[1]                                    ;        ;
; pifoEngines_0|enque_brain|engineCAM|banks_0_tags_31[0]                                    ;        ;
; pifoEngines_0|enque_brain|engineCAM|banks_0_tags_31[10]                                   ;        ;
; pifoEngines_0|enque_brain|engineCAM|banks_0_tags_31[9]                                    ;        ;
; pifoEngines_0|enque_brain|engineCAM|banks_0_tags_31[8]                                    ;        ;
; guard|emptyPifos_0_142                                                                    ;        ;
; pifoEngines_0|enque_brain|engineCAM|banks_0_tags_31[7]                                    ;        ;
; pifoEngines_0|enque_brain|engineCAM|banks_0_tags_31[6]                                    ;        ;
; pifoEngines_0|enque_brain|engineCAM|banks_0_tags_31[5]                                    ;        ;
; pifoEngines_0|enque_brain|engineCAM|banks_0_tags_31[4]                                    ;        ;
; pifoEngines_0|enque_brain|engineCAM|banks_0_tags_31[3]                                    ;        ;
; pifoEngines_0|enque_brain|engineCAM|banks_0_tags_31[20]                                   ;        ;
; pifoEngines_0|enque_brain|engineCAM|banks_0_tags_31[19]                                   ;        ;
; pifoEngines_0|enque_brain|engineCAM|banks_0_tags_31[14]                                   ;        ;
; pifoEngines_0|enque_brain|engineCAM|banks_0_tags_31[13]                                   ;        ;
; pifoEngines_0|enque_brain|engineCAM|banks_0_tags_31[12]                                   ;        ;
; guard|emptyPifos_0_158                                                                    ;        ;
; pifoEngines_0|enque_brain|engineCAM|banks_0_tags_31[11]                                   ;        ;
; pifoEngines_0|enque_brain|engineCAM|banks_0_tags_988[20]                                  ;        ;
; pifoEngines_0|enque_brain|engineCAM|banks_0_tags_996[16]                                  ;        ;
; pifoEngines_0|enque_brain|engineCAM|banks_0_tags_996[15]                                  ;        ;
; pifoEngines_0|enque_brain|engineCAM|banks_0_tags_996[18]                                  ;        ;
; pifoEngines_0|enque_brain|engineCAM|banks_0_tags_980[16]                                  ;        ;
; pifoEngines_0|enque_brain|engineCAM|banks_0_tags_980[15]                                  ;        ;
; pifoEngines_0|enque_brain|engineCAM|banks_0_tags_980[18]                                  ;        ;
; pifoEngines_0|enque_brain|engineCAM|banks_0_tags_972[10]                                  ;        ;
; pifoEngines_0|enque_brain|engineCAM|banks_0_tags_972[9]                                   ;        ;
; guard|emptyPifos_0_191                                                                    ;        ;
; pifoEngines_0|enque_brain|engineCAM|banks_0_tags_972[8]                                   ;        ;
; pifoEngines_0|enque_brain|engineCAM|banks_0_tags_972[7]                                   ;        ;
; pifoEngines_0|enque_brain|engineCAM|banks_0_tags_972[6]                                   ;        ;
; pifoEngines_0|enque_brain|engineCAM|banks_0_tags_972[5]                                   ;        ;
; pifoEngines_0|enque_brain|engineCAM|banks_0_tags_972[4]                                   ;        ;
; pifoEngines_0|enque_brain|engineCAM|banks_0_tags_972[3]                                   ;        ;
; pifoEngines_0|enque_brain|engineCAM|banks_0_tags_972[12]                                  ;        ;
; pifoEngines_0|enque_brain|engineCAM|banks_0_tags_972[11]                                  ;        ;
; pifoEngines_0|enque_brain|engineCAM|banks_0_tags_972[14]                                  ;        ;
; pifoEngines_0|enque_brain|engineCAM|banks_0_tags_972[13]                                  ;        ;
; guard|emptyPifos_0_159                                                                    ;        ;
; pifoEngines_0|enque_brain|engineCAM|banks_0_tags_972[2]                                   ;        ;
; pifoEngines_0|enque_brain|engineCAM|banks_0_tags_972[1]                                   ;        ;
; pifoEngines_0|enque_brain|engineCAM|banks_0_tags_972[0]                                   ;        ;
; pifoEngines_0|enque_brain|engineCAM|banks_0_tags_972[18]                                  ;        ;
; pifoEngines_0|enque_brain|engineCAM|banks_0_tags_972[17]                                  ;        ;
; pifoEngines_0|enque_brain|engineCAM|banks_0_tags_972[16]                                  ;        ;
; pifoEngines_0|enque_brain|engineCAM|banks_0_tags_972[15]                                  ;        ;
; pifoEngines_0|enque_brain|engineCAM|banks_0_tags_972[20]                                  ;        ;
; pifoEngines_0|enque_brain|engineCAM|banks_0_tags_1004[16]                                 ;        ;
; pifoEngines_0|enque_brain|engineCAM|banks_0_tags_1004[15]                                 ;        ;
; guard|emptyPifos_0_174                                                                    ;        ;
; pifoEngines_0|enque_brain|engineCAM|banks_0_tags_1004[18]                                 ;        ;
; pifoEngines_0|enque_brain|engineCAM|banks_0_tags_1004[17]                                 ;        ;
; pifoEngines_0|enque_brain|engineCAM|banks_0_tags_1004[20]                                 ;        ;
; pifoEngines_0|enque_brain|engineCAM|banks_0_tags_1012[16]                                 ;        ;
; pifoEngines_0|enque_brain|engineCAM|banks_0_tags_1012[15]                                 ;        ;
; pifoEngines_0|enque_brain|engineCAM|banks_0_tags_1012[18]                                 ;        ;
; pifoEngines_0|enque_brain|engineCAM|banks_0_tags_454[10]                                  ;        ;
; pifoEngines_0|enque_brain|engineCAM|banks_0_tags_454[9]                                   ;        ;
; pifoEngines_0|enque_brain|engineCAM|banks_0_tags_454[8]                                   ;        ;
; pifoEngines_0|enque_brain|engineCAM|banks_0_tags_454[7]                                   ;        ;
; guard|emptyPifos_0_175                                                                    ;        ;
; pifoEngines_0|enque_brain|engineCAM|banks_0_tags_454[3]                                   ;        ;
; pifoEngines_0|enque_brain|engineCAM|banks_0_tags_454[4]                                   ;        ;
; pifoEngines_0|enque_brain|engineCAM|banks_0_tags_454[5]                                   ;        ;
; pifoEngines_0|enque_brain|engineCAM|banks_0_tags_454[6]                                   ;        ;
; pifoEngines_0|enque_brain|engineCAM|banks_0_tags_454[12]                                  ;        ;
; pifoEngines_0|enque_brain|engineCAM|banks_0_tags_454[11]                                  ;        ;
; pifoEngines_0|enque_brain|engineCAM|banks_0_tags_454[14]                                  ;        ;
; pifoEngines_0|enque_brain|engineCAM|banks_0_tags_454[13]                                  ;        ;
; pifoEngines_0|enque_brain|engineCAM|banks_0_tags_454[2]                                   ;        ;
; pifoEngines_0|enque_brain|engineCAM|banks_0_tags_454[1]                                   ;        ;
; guard|emptyPifos_0_499                                                                    ;        ;
; guard|emptyPifos_0_275                                                                    ;        ;
; guard|emptyPifos_0_143                                                                    ;        ;
; pifoEngines_0|enque_brain|engineCAM|banks_0_tags_454[0]                                   ;        ;
; pifoEngines_0|enque_brain|engineCAM|banks_0_tags_454[18]                                  ;        ;
; pifoEngines_0|enque_brain|engineCAM|banks_0_tags_454[17]                                  ;        ;
; pifoEngines_0|enque_brain|engineCAM|banks_0_tags_454[16]                                  ;        ;
; pifoEngines_0|enque_brain|engineCAM|banks_0_tags_454[15]                                  ;        ;
; pifoEngines_0|enque_brain|engineCAM|banks_0_tags_454[20]                                  ;        ;
; pifoEngines_0|enque_brain|engineCAM|banks_0_tags_1020[10]                                 ;        ;
; pifoEngines_0|enque_brain|engineCAM|banks_0_tags_1020[9]                                  ;        ;
; pifoEngines_0|enque_brain|engineCAM|banks_0_tags_1020[8]                                  ;        ;
; pifoEngines_0|enque_brain|engineCAM|banks_0_tags_1020[7]                                  ;        ;
; guard|emptyPifos_0_11                                                                     ;        ;
; pifoEngines_0|enque_brain|engineCAM|banks_0_tags_1020[6]                                  ;        ;
; pifoEngines_0|enque_brain|engineCAM|banks_0_tags_1020[5]                                  ;        ;
; pifoEngines_0|enque_brain|engineCAM|banks_0_tags_1020[4]                                  ;        ;
; pifoEngines_0|enque_brain|engineCAM|banks_0_tags_1020[3]                                  ;        ;
; pifoEngines_0|enque_brain|engineCAM|banks_0_tags_1020[14]                                 ;        ;
; pifoEngines_0|enque_brain|engineCAM|banks_0_tags_1020[13]                                 ;        ;
; pifoEngines_0|enque_brain|engineCAM|banks_0_tags_1020[12]                                 ;        ;
; pifoEngines_0|enque_brain|engineCAM|banks_0_tags_1020[11]                                 ;        ;
; pifoEngines_0|enque_brain|engineCAM|banks_0_tags_1020[2]                                  ;        ;
; pifoEngines_0|enque_brain|engineCAM|banks_0_tags_1020[1]                                  ;        ;
; guard|emptyPifos_0_8                                                                      ;        ;
; pifoEngines_0|enque_brain|engineCAM|banks_0_tags_1020[0]                                  ;        ;
; pifoEngines_0|enque_brain|engineCAM|banks_0_tags_1020[16]                                 ;        ;
; pifoEngines_0|enque_brain|engineCAM|banks_0_tags_1020[15]                                 ;        ;
; pifoEngines_0|enque_brain|engineCAM|banks_0_tags_1020[18]                                 ;        ;
; pifoEngines_0|enque_brain|engineCAM|banks_0_tags_1020[17]                                 ;        ;
; pifoEngines_0|enque_brain|engineCAM|banks_0_tags_1020[20]                                 ;        ;
; pifoEngines_0|enque_brain|engineCAM|banks_0_tags_956[16]                                  ;        ;
; pifoEngines_0|enque_brain|engineCAM|banks_0_tags_956[15]                                  ;        ;
; pifoEngines_0|enque_brain|engineCAM|banks_0_tags_956[18]                                  ;        ;
; pifoEngines_0|enque_brain|engineCAM|banks_0_tags_964[10]                                  ;        ;
; guard|emptyPifos_0_9                                                                      ;        ;
; pifoEngines_0|enque_brain|engineCAM|banks_0_tags_964[9]                                   ;        ;
; pifoEngines_0|enque_brain|engineCAM|banks_0_tags_964[8]                                   ;        ;
; pifoEngines_0|enque_brain|engineCAM|banks_0_tags_964[7]                                   ;        ;
; pifoEngines_0|enque_brain|engineCAM|banks_0_tags_964[6]                                   ;        ;
; pifoEngines_0|enque_brain|engineCAM|banks_0_tags_964[5]                                   ;        ;
; pifoEngines_0|enque_brain|engineCAM|banks_0_tags_964[4]                                   ;        ;
; pifoEngines_0|enque_brain|engineCAM|banks_0_tags_964[3]                                   ;        ;
; pifoEngines_0|enque_brain|engineCAM|banks_0_tags_964[14]                                  ;        ;
; pifoEngines_0|enque_brain|engineCAM|banks_0_tags_964[13]                                  ;        ;
; pifoEngines_0|enque_brain|engineCAM|banks_0_tags_964[12]                                  ;        ;
; guard|emptyPifos_0_27                                                                     ;        ;
; pifoEngines_0|enque_brain|engineCAM|banks_0_tags_964[11]                                  ;        ;
; pifoEngines_0|enque_brain|engineCAM|banks_0_tags_964[16]                                  ;        ;
; pifoEngines_0|enque_brain|engineCAM|banks_0_tags_964[15]                                  ;        ;
; pifoEngines_0|enque_brain|engineCAM|banks_0_tags_964[18]                                  ;        ;
; pifoEngines_0|enque_brain|engineCAM|banks_0_tags_964[17]                                  ;        ;
; pifoEngines_0|enque_brain|engineCAM|banks_0_tags_964[2]                                   ;        ;
; pifoEngines_0|enque_brain|engineCAM|banks_0_tags_964[1]                                   ;        ;
; pifoEngines_0|enque_brain|engineCAM|banks_0_tags_964[0]                                   ;        ;
; pifoEngines_0|enque_brain|engineCAM|banks_0_tags_964[20]                                  ;        ;
; pifoEngines_0|enque_brain|engineCAM|banks_0_tags_940[16]                                  ;        ;
; guard|emptyPifos_0_25                                                                     ;        ;
; pifoEngines_0|enque_brain|engineCAM|banks_0_tags_940[15]                                  ;        ;
; pifoEngines_0|enque_brain|engineCAM|banks_0_tags_940[18]                                  ;        ;
; pifoEngines_0|enque_brain|engineCAM|banks_0_tags_948[10]                                  ;        ;
; pifoEngines_0|enque_brain|engineCAM|banks_0_tags_948[9]                                   ;        ;
; pifoEngines_0|enque_brain|engineCAM|banks_0_tags_948[8]                                   ;        ;
; pifoEngines_0|enque_brain|engineCAM|banks_0_tags_948[7]                                   ;        ;
; pifoEngines_0|enque_brain|engineCAM|banks_0_tags_948[6]                                   ;        ;
; pifoEngines_0|enque_brain|engineCAM|banks_0_tags_948[5]                                   ;        ;
; pifoEngines_0|enque_brain|engineCAM|banks_0_tags_948[4]                                   ;        ;
; pifoEngines_0|enque_brain|engineCAM|banks_0_tags_948[3]                                   ;        ;
; guard|emptyPifos_0_10                                                                     ;        ;
; pifoEngines_0|enque_brain|engineCAM|banks_0_tags_948[14]                                  ;        ;
; pifoEngines_0|enque_brain|engineCAM|banks_0_tags_948[13]                                  ;        ;
; pifoEngines_0|enque_brain|engineCAM|banks_0_tags_948[12]                                  ;        ;
; pifoEngines_0|enque_brain|engineCAM|banks_0_tags_948[11]                                  ;        ;
; pifoEngines_0|enque_brain|engineCAM|banks_0_tags_948[16]                                  ;        ;
; pifoEngines_0|enque_brain|engineCAM|banks_0_tags_948[15]                                  ;        ;
; pifoEngines_0|enque_brain|engineCAM|banks_0_tags_948[18]                                  ;        ;
; pifoEngines_0|enque_brain|engineCAM|banks_0_tags_948[17]                                  ;        ;
; pifoEngines_0|enque_brain|engineCAM|banks_0_tags_948[2]                                   ;        ;
; pifoEngines_0|enque_brain|engineCAM|banks_0_tags_948[1]                                   ;        ;
; guard|emptyPifos_0_26                                                                     ;        ;
; pifoEngines_0|enque_brain|engineCAM|banks_0_tags_948[0]                                   ;        ;
; pifoEngines_0|enque_brain|engineCAM|banks_0_tags_948[20]                                  ;        ;
; pifoEngines_0|enque_brain|engineCAM|banks_0_tags_924[16]                                  ;        ;
; pifoEngines_0|enque_brain|engineCAM|banks_0_tags_924[15]                                  ;        ;
; pifoEngines_0|enque_brain|engineCAM|banks_0_tags_924[18]                                  ;        ;
; pifoEngines_0|enque_brain|engineCAM|banks_0_tags_932[12]                                  ;        ;
; pifoEngines_0|enque_brain|engineCAM|banks_0_tags_932[11]                                  ;        ;
; pifoEngines_0|enque_brain|engineCAM|banks_0_tags_932[14]                                  ;        ;
; pifoEngines_0|enque_brain|engineCAM|banks_0_tags_932[13]                                  ;        ;
; pifoEngines_0|enque_brain|engineCAM|banks_0_tags_932[16]                                  ;        ;
; guard|emptyPifos_0_24                                                                     ;        ;
; pifoEngines_0|enque_brain|engineCAM|banks_0_tags_932[15]                                  ;        ;
; pifoEngines_0|enque_brain|engineCAM|banks_0_tags_932[18]                                  ;        ;
; pifoEngines_0|enque_brain|engineCAM|banks_0_tags_908[16]                                  ;        ;
; pifoEngines_0|enque_brain|engineCAM|banks_0_tags_908[15]                                  ;        ;
; pifoEngines_0|enque_brain|engineCAM|banks_0_tags_908[18]                                  ;        ;
; pifoEngines_0|enque_brain|engineCAM|banks_0_tags_916[12]                                  ;        ;
; pifoEngines_0|enque_brain|engineCAM|banks_0_tags_916[11]                                  ;        ;
; pifoEngines_0|enque_brain|engineCAM|banks_0_tags_916[14]                                  ;        ;
; pifoEngines_0|enque_brain|engineCAM|banks_0_tags_916[13]                                  ;        ;
; pifoEngines_0|enque_brain|engineCAM|banks_0_tags_916[16]                                  ;        ;
; guard|emptyPifos_0_43                                                                     ;        ;
; pifoEngines_0|enque_brain|engineCAM|banks_0_tags_916[15]                                  ;        ;
; pifoEngines_0|enque_brain|engineCAM|banks_0_tags_916[18]                                  ;        ;
; pifoEngines_0|enque_brain|engineCAM|banks_0_tags_892[16]                                  ;        ;
; pifoEngines_0|enque_brain|engineCAM|banks_0_tags_892[15]                                  ;        ;
; pifoEngines_0|enque_brain|engineCAM|banks_0_tags_892[18]                                  ;        ;
; pifoEngines_0|enque_brain|engineCAM|banks_0_tags_892[17]                                  ;        ;
; pifoEngines_0|enque_brain|engineCAM|banks_0_tags_892[14]                                  ;        ;
; pifoEngines_0|enque_brain|engineCAM|banks_0_tags_892[13]                                  ;        ;
; pifoEngines_0|enque_brain|engineCAM|banks_0_tags_892[12]                                  ;        ;
; pifoEngines_0|enque_brain|engineCAM|banks_0_tags_884[10]                                  ;        ;
; guard|emptyPifos_0_450                                                                    ;        ;
; guard|emptyPifos_0_40                                                                     ;        ;
; pifoEngines_0|enque_brain|engineCAM|banks_0_tags_884[9]                                   ;        ;
; pifoEngines_0|enque_brain|engineCAM|banks_0_tags_884[8]                                   ;        ;
; pifoEngines_0|enque_brain|engineCAM|banks_0_tags_884[7]                                   ;        ;
; pifoEngines_0|enque_brain|engineCAM|banks_0_tags_884[6]                                   ;        ;
; pifoEngines_0|enque_brain|engineCAM|banks_0_tags_884[5]                                   ;        ;
; pifoEngines_0|enque_brain|engineCAM|banks_0_tags_884[4]                                   ;        ;
; pifoEngines_0|enque_brain|engineCAM|banks_0_tags_884[3]                                   ;        ;
; pifoEngines_0|enque_brain|engineCAM|banks_0_tags_884[14]                                  ;        ;
; pifoEngines_0|enque_brain|engineCAM|banks_0_tags_884[13]                                  ;        ;
; pifoEngines_0|enque_brain|engineCAM|banks_0_tags_884[12]                                  ;        ;
; guard|emptyPifos_0_41                                                                     ;        ;
; pifoEngines_0|enque_brain|engineCAM|banks_0_tags_884[11]                                  ;        ;
; pifoEngines_0|enque_brain|engineCAM|banks_0_tags_884[0]                                   ;        ;
; pifoEngines_0|enque_brain|engineCAM|banks_0_tags_884[2]                                   ;        ;
; pifoEngines_0|enque_brain|engineCAM|banks_0_tags_884[1]                                   ;        ;
; pifoEngines_0|enque_brain|engineCAM|banks_0_tags_884[16]                                  ;        ;
; pifoEngines_0|enque_brain|engineCAM|banks_0_tags_884[15]                                  ;        ;
; pifoEngines_0|enque_brain|engineCAM|banks_0_tags_884[18]                                  ;        ;
; pifoEngines_0|enque_brain|engineCAM|banks_0_tags_884[17]                                  ;        ;
; pifoEngines_0|enque_brain|engineCAM|banks_0_tags_884[20]                                  ;        ;
; pifoEngines_0|enque_brain|engineCAM|banks_0_tags_868[10]                                  ;        ;
; guard|emptyPifos_0_59                                                                     ;        ;
; pifoEngines_0|enque_brain|engineCAM|banks_0_tags_868[9]                                   ;        ;
; pifoEngines_0|enque_brain|engineCAM|banks_0_tags_868[8]                                   ;        ;
; pifoEngines_0|enque_brain|engineCAM|banks_0_tags_868[7]                                   ;        ;
; pifoEngines_0|enque_brain|engineCAM|banks_0_tags_868[6]                                   ;        ;
; pifoEngines_0|enque_brain|engineCAM|banks_0_tags_868[5]                                   ;        ;
; pifoEngines_0|enque_brain|engineCAM|banks_0_tags_868[4]                                   ;        ;
; pifoEngines_0|enque_brain|engineCAM|banks_0_tags_868[3]                                   ;        ;
; pifoEngines_0|enque_brain|engineCAM|banks_0_tags_868[14]                                  ;        ;
; pifoEngines_0|enque_brain|engineCAM|banks_0_tags_868[13]                                  ;        ;
; pifoEngines_0|enque_brain|engineCAM|banks_0_tags_868[12]                                  ;        ;
; guard|emptyPifos_0_57                                                                     ;        ;
; pifoEngines_0|enque_brain|engineCAM|banks_0_tags_868[11]                                  ;        ;
; pifoEngines_0|enque_brain|engineCAM|banks_0_tags_868[0]                                   ;        ;
; pifoEngines_0|enque_brain|engineCAM|banks_0_tags_868[2]                                   ;        ;
; pifoEngines_0|enque_brain|engineCAM|banks_0_tags_868[1]                                   ;        ;
; pifoEngines_0|enque_brain|engineCAM|banks_0_tags_868[16]                                  ;        ;
; pifoEngines_0|enque_brain|engineCAM|banks_0_tags_868[15]                                  ;        ;
; pifoEngines_0|enque_brain|engineCAM|banks_0_tags_868[18]                                  ;        ;
; pifoEngines_0|enque_brain|engineCAM|banks_0_tags_868[17]                                  ;        ;
; pifoEngines_0|enque_brain|engineCAM|banks_0_tags_868[20]                                  ;        ;
; pifoEngines_0|enque_brain|engineCAM|banks_0_tags_876[10]                                  ;        ;
; guard|emptyPifos_0_42                                                                     ;        ;
; pifoEngines_0|enque_brain|engineCAM|banks_0_tags_876[9]                                   ;        ;
; pifoEngines_0|enque_brain|engineCAM|banks_0_tags_876[8]                                   ;        ;
; pifoEngines_0|enque_brain|engineCAM|banks_0_tags_876[7]                                   ;        ;
; pifoEngines_0|enque_brain|engineCAM|banks_0_tags_876[4]                                   ;        ;
; pifoEngines_0|enque_brain|engineCAM|banks_0_tags_876[3]                                   ;        ;
; pifoEngines_0|enque_brain|engineCAM|banks_0_tags_876[5]                                   ;        ;
; pifoEngines_0|enque_brain|engineCAM|banks_0_tags_876[6]                                   ;        ;
; pifoEngines_0|enque_brain|engineCAM|banks_0_tags_876[14]                                  ;        ;
; pifoEngines_0|enque_brain|engineCAM|banks_0_tags_876[13]                                  ;        ;
; pifoEngines_0|enque_brain|engineCAM|banks_0_tags_876[12]                                  ;        ;
; guard|emptyPifos_0_58                                                                     ;        ;
; pifoEngines_0|enque_brain|engineCAM|banks_0_tags_876[11]                                  ;        ;
; pifoEngines_0|enque_brain|engineCAM|banks_0_tags_876[2]                                   ;        ;
; pifoEngines_0|enque_brain|engineCAM|banks_0_tags_876[1]                                   ;        ;
; pifoEngines_0|enque_brain|engineCAM|banks_0_tags_876[0]                                   ;        ;
; pifoEngines_0|enque_brain|engineCAM|banks_0_tags_876[18]                                  ;        ;
; pifoEngines_0|enque_brain|engineCAM|banks_0_tags_876[17]                                  ;        ;
; pifoEngines_0|enque_brain|engineCAM|banks_0_tags_876[16]                                  ;        ;
; pifoEngines_0|enque_brain|engineCAM|banks_0_tags_876[15]                                  ;        ;
; pifoEngines_0|enque_brain|engineCAM|banks_0_tags_876[20]                                  ;        ;
; pifoEngines_0|enque_brain|engineCAM|banks_0_tags_828[10]                                  ;        ;
; guard|emptyPifos_0_56                                                                     ;        ;
; pifoEngines_0|enque_brain|engineCAM|banks_0_tags_828[9]                                   ;        ;
; pifoEngines_0|enque_brain|engineCAM|banks_0_tags_828[8]                                   ;        ;
; pifoEngines_0|enque_brain|engineCAM|banks_0_tags_828[7]                                   ;        ;
; pifoEngines_0|enque_brain|engineCAM|banks_0_tags_828[6]                                   ;        ;
; pifoEngines_0|enque_brain|engineCAM|banks_0_tags_828[5]                                   ;        ;
; pifoEngines_0|enque_brain|engineCAM|banks_0_tags_828[4]                                   ;        ;
; pifoEngines_0|enque_brain|engineCAM|banks_0_tags_828[3]                                   ;        ;
; pifoEngines_0|enque_brain|engineCAM|banks_0_tags_828[14]                                  ;        ;
; pifoEngines_0|enque_brain|engineCAM|banks_0_tags_828[13]                                  ;        ;
; pifoEngines_0|enque_brain|engineCAM|banks_0_tags_828[12]                                  ;        ;
; guard|emptyPifos_0_179                                                                    ;        ;
; pifoEngines_0|enque_brain|engineCAM|banks_0_tags_828[11]                                  ;        ;
; pifoEngines_0|enque_brain|engineCAM|banks_0_tags_828[18]                                  ;        ;
; pifoEngines_0|enque_brain|engineCAM|banks_0_tags_828[17]                                  ;        ;
; pifoEngines_0|enque_brain|engineCAM|banks_0_tags_828[16]                                  ;        ;
; pifoEngines_0|enque_brain|engineCAM|banks_0_tags_828[15]                                  ;        ;
; pifoEngines_0|enque_brain|engineCAM|banks_0_tags_828[2]                                   ;        ;
; pifoEngines_0|enque_brain|engineCAM|banks_0_tags_828[1]                                   ;        ;
; pifoEngines_0|enque_brain|engineCAM|banks_0_tags_828[0]                                   ;        ;
; pifoEngines_0|enque_brain|engineCAM|banks_0_tags_828[20]                                  ;        ;
; pifoEngines_0|enque_brain|engineCAM|banks_0_tags_844[10]                                  ;        ;
; guard|emptyPifos_0_177                                                                    ;        ;
; pifoEngines_0|enque_brain|engineCAM|banks_0_tags_844[9]                                   ;        ;
; pifoEngines_0|enque_brain|engineCAM|banks_0_tags_844[8]                                   ;        ;
; pifoEngines_0|enque_brain|engineCAM|banks_0_tags_844[7]                                   ;        ;
; pifoEngines_0|enque_brain|engineCAM|banks_0_tags_844[6]                                   ;        ;
; pifoEngines_0|enque_brain|engineCAM|banks_0_tags_844[5]                                   ;        ;
; pifoEngines_0|enque_brain|engineCAM|banks_0_tags_844[4]                                   ;        ;
; pifoEngines_0|enque_brain|engineCAM|banks_0_tags_844[3]                                   ;        ;
; pifoEngines_0|enque_brain|engineCAM|banks_0_tags_844[14]                                  ;        ;
; pifoEngines_0|enque_brain|engineCAM|banks_0_tags_844[13]                                  ;        ;
; pifoEngines_0|enque_brain|engineCAM|banks_0_tags_844[12]                                  ;        ;
; guard|emptyPifos_0_162                                                                    ;        ;
; pifoEngines_0|enque_brain|engineCAM|banks_0_tags_844[11]                                  ;        ;
; pifoEngines_0|enque_brain|engineCAM|banks_0_tags_844[18]                                  ;        ;
; pifoEngines_0|enque_brain|engineCAM|banks_0_tags_844[17]                                  ;        ;
; pifoEngines_0|enque_brain|engineCAM|banks_0_tags_844[16]                                  ;        ;
; pifoEngines_0|enque_brain|engineCAM|banks_0_tags_844[15]                                  ;        ;
; pifoEngines_0|enque_brain|engineCAM|banks_0_tags_844[2]                                   ;        ;
; pifoEngines_0|enque_brain|engineCAM|banks_0_tags_844[1]                                   ;        ;
; pifoEngines_0|enque_brain|engineCAM|banks_0_tags_844[0]                                   ;        ;
; pifoEngines_0|enque_brain|engineCAM|banks_0_tags_844[20]                                  ;        ;
; pifoEngines_0|enque_brain|engineCAM|banks_0_tags_852[10]                                  ;        ;
; guard|emptyPifos_0_258                                                                    ;        ;
; guard|emptyPifos_0_178                                                                    ;        ;
; pifoEngines_0|enque_brain|engineCAM|banks_0_tags_852[9]                                   ;        ;
; pifoEngines_0|enque_brain|engineCAM|banks_0_tags_852[8]                                   ;        ;
; pifoEngines_0|enque_brain|engineCAM|banks_0_tags_852[7]                                   ;        ;
; pifoEngines_0|enque_brain|engineCAM|banks_0_tags_852[6]                                   ;        ;
; pifoEngines_0|enque_brain|engineCAM|banks_0_tags_852[5]                                   ;        ;
; pifoEngines_0|enque_brain|engineCAM|banks_0_tags_852[4]                                   ;        ;
; pifoEngines_0|enque_brain|engineCAM|banks_0_tags_852[3]                                   ;        ;
; pifoEngines_0|enque_brain|engineCAM|banks_0_tags_852[14]                                  ;        ;
; pifoEngines_0|enque_brain|engineCAM|banks_0_tags_852[13]                                  ;        ;
; pifoEngines_0|enque_brain|engineCAM|banks_0_tags_852[12]                                  ;        ;
; guard|emptyPifos_0_176                                                                    ;        ;
; pifoEngines_0|enque_brain|engineCAM|banks_0_tags_852[11]                                  ;        ;
; pifoEngines_0|enque_brain|engineCAM|banks_0_tags_852[2]                                   ;        ;
; pifoEngines_0|enque_brain|engineCAM|banks_0_tags_852[1]                                   ;        ;
; pifoEngines_0|enque_brain|engineCAM|banks_0_tags_852[0]                                   ;        ;
; pifoEngines_0|enque_brain|engineCAM|banks_0_tags_852[16]                                  ;        ;
; pifoEngines_0|enque_brain|engineCAM|banks_0_tags_852[15]                                  ;        ;
; pifoEngines_0|enque_brain|engineCAM|banks_0_tags_852[18]                                  ;        ;
; pifoEngines_0|enque_brain|engineCAM|banks_0_tags_852[17]                                  ;        ;
; pifoEngines_0|enque_brain|engineCAM|banks_0_tags_852[20]                                  ;        ;
; pifoEngines_0|enque_brain|engineCAM|banks_0_tags_860[10]                                  ;        ;
; guard|emptyPifos_0_131                                                                    ;        ;
; pifoEngines_0|enque_brain|engineCAM|banks_0_tags_860[9]                                   ;        ;
; pifoEngines_0|enque_brain|engineCAM|banks_0_tags_860[8]                                   ;        ;
; pifoEngines_0|enque_brain|engineCAM|banks_0_tags_860[7]                                   ;        ;
; pifoEngines_0|enque_brain|engineCAM|banks_0_tags_860[6]                                   ;        ;
; pifoEngines_0|enque_brain|engineCAM|banks_0_tags_860[5]                                   ;        ;
; pifoEngines_0|enque_brain|engineCAM|banks_0_tags_860[4]                                   ;        ;
; pifoEngines_0|enque_brain|engineCAM|banks_0_tags_860[3]                                   ;        ;
; pifoEngines_0|enque_brain|engineCAM|banks_0_tags_860[14]                                  ;        ;
; pifoEngines_0|enque_brain|engineCAM|banks_0_tags_860[13]                                  ;        ;
; pifoEngines_0|enque_brain|engineCAM|banks_0_tags_860[12]                                  ;        ;
; guard|emptyPifos_0_128                                                                    ;        ;
; pifoEngines_0|enque_brain|engineCAM|banks_0_tags_860[11]                                  ;        ;
; pifoEngines_0|enque_brain|engineCAM|banks_0_tags_860[18]                                  ;        ;
; pifoEngines_0|enque_brain|engineCAM|banks_0_tags_860[17]                                  ;        ;
; pifoEngines_0|enque_brain|engineCAM|banks_0_tags_860[16]                                  ;        ;
; pifoEngines_0|enque_brain|engineCAM|banks_0_tags_860[15]                                  ;        ;
; pifoEngines_0|enque_brain|engineCAM|banks_0_tags_860[2]                                   ;        ;
; pifoEngines_0|enque_brain|engineCAM|banks_0_tags_860[1]                                   ;        ;
; pifoEngines_0|enque_brain|engineCAM|banks_0_tags_860[0]                                   ;        ;
; pifoEngines_0|enque_brain|engineCAM|banks_0_tags_860[20]                                  ;        ;
; pifoEngines_0|enque_brain|engineCAM|banks_0_tags_748[16]                                  ;        ;
; guard|emptyPifos_0_129                                                                    ;        ;
; pifoEngines_0|enque_brain|engineCAM|banks_0_tags_748[15]                                  ;        ;
; pifoEngines_0|enque_brain|engineCAM|banks_0_tags_748[18]                                  ;        ;
; pifoEngines_0|enque_brain|engineCAM|banks_0_tags_756[16]                                  ;        ;
; pifoEngines_0|enque_brain|engineCAM|banks_0_tags_756[15]                                  ;        ;
; pifoEngines_0|enque_brain|engineCAM|banks_0_tags_756[18]                                  ;        ;
; pifoEngines_0|enque_brain|engineCAM|banks_0_tags_732[16]                                  ;        ;
; pifoEngines_0|enque_brain|engineCAM|banks_0_tags_732[15]                                  ;        ;
; pifoEngines_0|enque_brain|engineCAM|banks_0_tags_732[18]                                  ;        ;
; pifoEngines_0|enque_brain|engineCAM|banks_0_tags_740[12]                                  ;        ;
; pifoEngines_0|enque_brain|engineCAM|banks_0_tags_740[11]                                  ;        ;
; guard|emptyPifos_0_147                                                                    ;        ;
; pifoEngines_0|enque_brain|engineCAM|banks_0_tags_740[14]                                  ;        ;
; pifoEngines_0|enque_brain|engineCAM|banks_0_tags_740[13]                                  ;        ;
; pifoEngines_0|enque_brain|engineCAM|banks_0_tags_740[16]                                  ;        ;
; pifoEngines_0|enque_brain|engineCAM|banks_0_tags_740[15]                                  ;        ;
; pifoEngines_0|enque_brain|engineCAM|banks_0_tags_740[18]                                  ;        ;
; pifoEngines_0|enque_brain|engineCAM|banks_0_tags_764[10]                                  ;        ;
; pifoEngines_0|enque_brain|engineCAM|banks_0_tags_764[9]                                   ;        ;
; pifoEngines_0|enque_brain|engineCAM|banks_0_tags_764[8]                                   ;        ;
; pifoEngines_0|enque_brain|engineCAM|banks_0_tags_764[7]                                   ;        ;
; pifoEngines_0|enque_brain|engineCAM|banks_0_tags_764[6]                                   ;        ;
; guard|emptyPifos_0_145                                                                    ;        ;
; pifoEngines_0|enque_brain|engineCAM|banks_0_tags_764[5]                                   ;        ;
; pifoEngines_0|enque_brain|engineCAM|banks_0_tags_764[4]                                   ;        ;
; pifoEngines_0|enque_brain|engineCAM|banks_0_tags_764[3]                                   ;        ;
; pifoEngines_0|enque_brain|engineCAM|banks_0_tags_764[12]                                  ;        ;
; pifoEngines_0|enque_brain|engineCAM|banks_0_tags_764[11]                                  ;        ;
; pifoEngines_0|enque_brain|engineCAM|banks_0_tags_764[14]                                  ;        ;
; pifoEngines_0|enque_brain|engineCAM|banks_0_tags_764[13]                                  ;        ;
; pifoEngines_0|enque_brain|engineCAM|banks_0_tags_764[2]                                   ;        ;
; pifoEngines_0|enque_brain|engineCAM|banks_0_tags_764[1]                                   ;        ;
; pifoEngines_0|enque_brain|engineCAM|banks_0_tags_764[0]                                   ;        ;
; guard|emptyPifos_0_130                                                                    ;        ;
; pifoEngines_0|enque_brain|engineCAM|banks_0_tags_764[18]                                  ;        ;
; pifoEngines_0|enque_brain|engineCAM|banks_0_tags_764[17]                                  ;        ;
; pifoEngines_0|enque_brain|engineCAM|banks_0_tags_764[16]                                  ;        ;
; pifoEngines_0|enque_brain|engineCAM|banks_0_tags_764[15]                                  ;        ;
; pifoEngines_0|enque_brain|engineCAM|banks_0_tags_764[20]                                  ;        ;
; pifoEngines_0|enque_brain|engineCAM|banks_0_tags_796[10]                                  ;        ;
; pifoEngines_0|enque_brain|engineCAM|banks_0_tags_796[9]                                   ;        ;
; pifoEngines_0|enque_brain|engineCAM|banks_0_tags_796[8]                                   ;        ;
; pifoEngines_0|enque_brain|engineCAM|banks_0_tags_796[7]                                   ;        ;
; pifoEngines_0|enque_brain|engineCAM|banks_0_tags_796[6]                                   ;        ;
; guard|emptyPifos_0_146                                                                    ;        ;
; pifoEngines_0|enque_brain|engineCAM|banks_0_tags_796[5]                                   ;        ;
; pifoEngines_0|enque_brain|engineCAM|banks_0_tags_796[4]                                   ;        ;
; pifoEngines_0|enque_brain|engineCAM|banks_0_tags_796[3]                                   ;        ;
; pifoEngines_0|enque_brain|engineCAM|banks_0_tags_796[14]                                  ;        ;
; pifoEngines_0|enque_brain|engineCAM|banks_0_tags_796[13]                                  ;        ;
; pifoEngines_0|enque_brain|engineCAM|banks_0_tags_796[12]                                  ;        ;
; pifoEngines_0|enque_brain|engineCAM|banks_0_tags_796[11]                                  ;        ;
; pifoEngines_0|enque_brain|engineCAM|banks_0_tags_796[18]                                  ;        ;
; pifoEngines_0|enque_brain|engineCAM|banks_0_tags_796[17]                                  ;        ;
; pifoEngines_0|enque_brain|engineCAM|banks_0_tags_796[16]                                  ;        ;
; guard|emptyPifos_0_144                                                                    ;        ;
; pifoEngines_0|enque_brain|engineCAM|banks_0_tags_796[15]                                  ;        ;
; pifoEngines_0|enque_brain|engineCAM|banks_0_tags_796[2]                                   ;        ;
; pifoEngines_0|enque_brain|engineCAM|banks_0_tags_796[1]                                   ;        ;
; pifoEngines_0|enque_brain|engineCAM|banks_0_tags_796[0]                                   ;        ;
; pifoEngines_0|enque_brain|engineCAM|banks_0_tags_796[20]                                  ;        ;
; pifoEngines_0|enque_brain|engineCAM|banks_0_tags_812[10]                                  ;        ;
; pifoEngines_0|enque_brain|engineCAM|banks_0_tags_812[9]                                   ;        ;
; pifoEngines_0|enque_brain|engineCAM|banks_0_tags_812[8]                                   ;        ;
; pifoEngines_0|enque_brain|engineCAM|banks_0_tags_812[7]                                   ;        ;
; pifoEngines_0|enque_brain|engineCAM|banks_0_tags_812[6]                                   ;        ;
; guard|emptyPifos_0_322                                                                    ;        ;
; guard|emptyPifos_0_167                                                                    ;        ;
; pifoEngines_0|enque_brain|engineCAM|banks_0_tags_812[5]                                   ;        ;
; pifoEngines_0|enque_brain|engineCAM|banks_0_tags_812[4]                                   ;        ;
; pifoEngines_0|enque_brain|engineCAM|banks_0_tags_812[3]                                   ;        ;
; pifoEngines_0|enque_brain|engineCAM|banks_0_tags_812[14]                                  ;        ;
; pifoEngines_0|enque_brain|engineCAM|banks_0_tags_812[13]                                  ;        ;
; pifoEngines_0|enque_brain|engineCAM|banks_0_tags_812[12]                                  ;        ;
; pifoEngines_0|enque_brain|engineCAM|banks_0_tags_812[11]                                  ;        ;
; pifoEngines_0|enque_brain|engineCAM|banks_0_tags_812[18]                                  ;        ;
; pifoEngines_0|enque_brain|engineCAM|banks_0_tags_812[17]                                  ;        ;
; pifoEngines_0|enque_brain|engineCAM|banks_0_tags_812[16]                                  ;        ;
; guard|emptyPifos_0_164                                                                    ;        ;
; pifoEngines_0|enque_brain|engineCAM|banks_0_tags_812[15]                                  ;        ;
; pifoEngines_0|enque_brain|engineCAM|banks_0_tags_812[2]                                   ;        ;
; pifoEngines_0|enque_brain|engineCAM|banks_0_tags_812[1]                                   ;        ;
; pifoEngines_0|enque_brain|engineCAM|banks_0_tags_812[0]                                   ;        ;
; pifoEngines_0|enque_brain|engineCAM|banks_0_tags_812[20]                                  ;        ;
; pifoEngines_0|enque_brain|engineCAM|banks_0_tags_820[10]                                  ;        ;
; pifoEngines_0|enque_brain|engineCAM|banks_0_tags_820[9]                                   ;        ;
; pifoEngines_0|enque_brain|engineCAM|banks_0_tags_820[8]                                   ;        ;
; pifoEngines_0|enque_brain|engineCAM|banks_0_tags_820[7]                                   ;        ;
; pifoEngines_0|enque_brain|engineCAM|banks_0_tags_820[6]                                   ;        ;
; guard|emptyPifos_0_165                                                                    ;        ;
; pifoEngines_0|enque_brain|engineCAM|banks_0_tags_820[5]                                   ;        ;
; pifoEngines_0|enque_brain|engineCAM|banks_0_tags_820[4]                                   ;        ;
; pifoEngines_0|enque_brain|engineCAM|banks_0_tags_820[3]                                   ;        ;
; pifoEngines_0|enque_brain|engineCAM|banks_0_tags_820[14]                                  ;        ;
; pifoEngines_0|enque_brain|engineCAM|banks_0_tags_820[13]                                  ;        ;
; pifoEngines_0|enque_brain|engineCAM|banks_0_tags_820[12]                                  ;        ;
; pifoEngines_0|enque_brain|engineCAM|banks_0_tags_820[11]                                  ;        ;
; pifoEngines_0|enque_brain|engineCAM|banks_0_tags_820[18]                                  ;        ;
; pifoEngines_0|enque_brain|engineCAM|banks_0_tags_820[17]                                  ;        ;
; pifoEngines_0|enque_brain|engineCAM|banks_0_tags_820[16]                                  ;        ;
; guard|emptyPifos_0_183                                                                    ;        ;
; pifoEngines_0|enque_brain|engineCAM|banks_0_tags_820[15]                                  ;        ;
; pifoEngines_0|enque_brain|engineCAM|banks_0_tags_820[2]                                   ;        ;
; pifoEngines_0|enque_brain|engineCAM|banks_0_tags_820[1]                                   ;        ;
; pifoEngines_0|enque_brain|engineCAM|banks_0_tags_820[0]                                   ;        ;
; pifoEngines_0|enque_brain|engineCAM|banks_0_tags_820[20]                                  ;        ;
; pifoEngines_0|enque_brain|engineCAM|banks_0_tags_438[10]                                  ;        ;
; pifoEngines_0|enque_brain|engineCAM|banks_0_tags_438[9]                                   ;        ;
; pifoEngines_0|enque_brain|engineCAM|banks_0_tags_438[6]                                   ;        ;
; pifoEngines_0|enque_brain|engineCAM|banks_0_tags_438[5]                                   ;        ;
; pifoEngines_0|enque_brain|engineCAM|banks_0_tags_438[4]                                   ;        ;
; guard|emptyPifos_0_181                                                                    ;        ;
; pifoEngines_0|enque_brain|engineCAM|banks_0_tags_438[3]                                   ;        ;
; pifoEngines_0|enque_brain|engineCAM|banks_0_tags_438[8]                                   ;        ;
; pifoEngines_0|enque_brain|engineCAM|banks_0_tags_438[7]                                   ;        ;
; pifoEngines_0|enque_brain|engineCAM|banks_0_tags_438[14]                                  ;        ;
; pifoEngines_0|enque_brain|engineCAM|banks_0_tags_438[13]                                  ;        ;
; pifoEngines_0|enque_brain|engineCAM|banks_0_tags_438[12]                                  ;        ;
; pifoEngines_0|enque_brain|engineCAM|banks_0_tags_438[11]                                  ;        ;
; pifoEngines_0|enque_brain|engineCAM|banks_0_tags_438[2]                                   ;        ;
; pifoEngines_0|enque_brain|engineCAM|banks_0_tags_438[1]                                   ;        ;
; pifoEngines_0|enque_brain|engineCAM|banks_0_tags_438[0]                                   ;        ;
; guard|emptyPifos_0_166                                                                    ;        ;
; pifoEngines_0|enque_brain|engineCAM|banks_0_tags_438[16]                                  ;        ;
; pifoEngines_0|enque_brain|engineCAM|banks_0_tags_438[15]                                  ;        ;
; pifoEngines_0|enque_brain|engineCAM|banks_0_tags_438[18]                                  ;        ;
; pifoEngines_0|enque_brain|engineCAM|banks_0_tags_438[17]                                  ;        ;
; pifoEngines_0|enque_brain|engineCAM|banks_0_tags_438[20]                                  ;        ;
; pifoEngines_0|enque_brain|engineCAM|banks_0_tags_442[10]                                  ;        ;
; pifoEngines_0|enque_brain|engineCAM|banks_0_tags_442[9]                                   ;        ;
; pifoEngines_0|enque_brain|engineCAM|banks_0_tags_442[8]                                   ;        ;
; pifoEngines_0|enque_brain|engineCAM|banks_0_tags_442[7]                                   ;        ;
; pifoEngines_0|enque_brain|engineCAM|banks_0_tags_442[6]                                   ;        ;
; guard|emptyPifos_0_182                                                                    ;        ;
; pifoEngines_0|enque_brain|engineCAM|banks_0_tags_442[5]                                   ;        ;
; pifoEngines_0|enque_brain|engineCAM|banks_0_tags_442[4]                                   ;        ;
; pifoEngines_0|enque_brain|engineCAM|banks_0_tags_442[3]                                   ;        ;
; pifoEngines_0|enque_brain|engineCAM|banks_0_tags_442[14]                                  ;        ;
; pifoEngines_0|enque_brain|engineCAM|banks_0_tags_442[13]                                  ;        ;
; pifoEngines_0|enque_brain|engineCAM|banks_0_tags_442[12]                                  ;        ;
; pifoEngines_0|enque_brain|engineCAM|banks_0_tags_442[11]                                  ;        ;
; pifoEngines_0|enque_brain|engineCAM|banks_0_tags_442[18]                                  ;        ;
; pifoEngines_0|enque_brain|engineCAM|banks_0_tags_442[17]                                  ;        ;
; pifoEngines_0|enque_brain|engineCAM|banks_0_tags_442[16]                                  ;        ;
; guard|emptyPifos_0_180                                                                    ;        ;
; pifoEngines_0|enque_brain|engineCAM|banks_0_tags_442[15]                                  ;        ;
; pifoEngines_0|enque_brain|engineCAM|banks_0_tags_442[2]                                   ;        ;
; pifoEngines_0|enque_brain|engineCAM|banks_0_tags_442[1]                                   ;        ;
; pifoEngines_0|enque_brain|engineCAM|banks_0_tags_442[0]                                   ;        ;
; pifoEngines_0|enque_brain|engineCAM|banks_0_tags_442[20]                                  ;        ;
; pifoEngines_0|enque_brain|engineCAM|banks_0_tags_446[10]                                  ;        ;
; pifoEngines_0|enque_brain|engineCAM|banks_0_tags_446[9]                                   ;        ;
; pifoEngines_0|enque_brain|engineCAM|banks_0_tags_446[8]                                   ;        ;
; pifoEngines_0|enque_brain|engineCAM|banks_0_tags_446[7]                                   ;        ;
; pifoEngines_0|enque_brain|engineCAM|banks_0_tags_446[6]                                   ;        ;
; guard|emptyPifos_0_163                                                                    ;        ;
; pifoEngines_0|enque_brain|engineCAM|banks_0_tags_446[5]                                   ;        ;
; pifoEngines_0|enque_brain|engineCAM|banks_0_tags_446[4]                                   ;        ;
; pifoEngines_0|enque_brain|engineCAM|banks_0_tags_446[3]                                   ;        ;
; pifoEngines_0|enque_brain|engineCAM|banks_0_tags_446[12]                                  ;        ;
; pifoEngines_0|enque_brain|engineCAM|banks_0_tags_446[11]                                  ;        ;
; pifoEngines_0|enque_brain|engineCAM|banks_0_tags_446[14]                                  ;        ;
; pifoEngines_0|enque_brain|engineCAM|banks_0_tags_446[13]                                  ;        ;
; pifoEngines_0|enque_brain|engineCAM|banks_0_tags_446[2]                                   ;        ;
; pifoEngines_0|enque_brain|engineCAM|banks_0_tags_446[1]                                   ;        ;
; pifoEngines_0|enque_brain|engineCAM|banks_0_tags_446[0]                                   ;        ;
; guard|emptyPifos_0_160                                                                    ;        ;
; pifoEngines_0|enque_brain|engineCAM|banks_0_tags_446[18]                                  ;        ;
; pifoEngines_0|enque_brain|engineCAM|banks_0_tags_446[17]                                  ;        ;
; pifoEngines_0|enque_brain|engineCAM|banks_0_tags_446[16]                                  ;        ;
; pifoEngines_0|enque_brain|engineCAM|banks_0_tags_446[15]                                  ;        ;
; pifoEngines_0|enque_brain|engineCAM|banks_0_tags_446[20]                                  ;        ;
; pifoEngines_0|enque_brain|engineCAM|banks_0_tags_468[10]                                  ;        ;
; pifoEngines_0|enque_brain|engineCAM|banks_0_tags_468[9]                                   ;        ;
; pifoEngines_0|enque_brain|engineCAM|banks_0_tags_468[8]                                   ;        ;
; pifoEngines_0|enque_brain|engineCAM|banks_0_tags_468[7]                                   ;        ;
; pifoEngines_0|enque_brain|engineCAM|banks_0_tags_468[6]                                   ;        ;
; guard|emptyPifos_0_464                                                                    ;        ;
; guard|emptyPifos_0_161                                                                    ;        ;
; pifoEngines_0|enque_brain|engineCAM|banks_0_tags_468[5]                                   ;        ;
; pifoEngines_0|enque_brain|engineCAM|banks_0_tags_468[4]                                   ;        ;
; pifoEngines_0|enque_brain|engineCAM|banks_0_tags_468[3]                                   ;        ;
; pifoEngines_0|enque_brain|engineCAM|banks_0_tags_468[12]                                  ;        ;
; pifoEngines_0|enque_brain|engineCAM|banks_0_tags_468[11]                                  ;        ;
; pifoEngines_0|enque_brain|engineCAM|banks_0_tags_468[14]                                  ;        ;
; pifoEngines_0|enque_brain|engineCAM|banks_0_tags_468[13]                                  ;        ;
; pifoEngines_0|enque_brain|engineCAM|banks_0_tags_468[2]                                   ;        ;
; pifoEngines_0|enque_brain|engineCAM|banks_0_tags_468[1]                                   ;        ;
; pifoEngines_0|enque_brain|engineCAM|banks_0_tags_468[0]                                   ;        ;
; guard|emptyPifos_0_135                                                                    ;        ;
; pifoEngines_0|enque_brain|engineCAM|banks_0_tags_468[18]                                  ;        ;
; pifoEngines_0|enque_brain|engineCAM|banks_0_tags_468[17]                                  ;        ;
; pifoEngines_0|enque_brain|engineCAM|banks_0_tags_468[16]                                  ;        ;
; pifoEngines_0|enque_brain|engineCAM|banks_0_tags_468[15]                                  ;        ;
; pifoEngines_0|enque_brain|engineCAM|banks_0_tags_468[20]                                  ;        ;
; pifoEngines_0|enque_brain|engineCAM|banks_0_tags_422[16]                                  ;        ;
; pifoEngines_0|enque_brain|engineCAM|banks_0_tags_422[15]                                  ;        ;
; pifoEngines_0|enque_brain|engineCAM|banks_0_tags_422[18]                                  ;        ;
; pifoEngines_0|enque_brain|engineCAM|banks_0_tags_426[10]                                  ;        ;
; pifoEngines_0|enque_brain|engineCAM|banks_0_tags_426[9]                                   ;        ;
; guard|emptyPifos_0_132                                                                    ;        ;
; pifoEngines_0|enque_brain|engineCAM|banks_0_tags_426[8]                                   ;        ;
; pifoEngines_0|enque_brain|engineCAM|banks_0_tags_426[7]                                   ;        ;
; pifoEngines_0|enque_brain|engineCAM|banks_0_tags_426[6]                                   ;        ;
; pifoEngines_0|enque_brain|engineCAM|banks_0_tags_426[5]                                   ;        ;
; pifoEngines_0|enque_brain|engineCAM|banks_0_tags_426[4]                                   ;        ;
; pifoEngines_0|enque_brain|engineCAM|banks_0_tags_426[3]                                   ;        ;
; pifoEngines_0|enque_brain|engineCAM|banks_0_tags_426[14]                                  ;        ;
; pifoEngines_0|enque_brain|engineCAM|banks_0_tags_426[13]                                  ;        ;
; pifoEngines_0|enque_brain|engineCAM|banks_0_tags_426[12]                                  ;        ;
; pifoEngines_0|enque_brain|engineCAM|banks_0_tags_426[11]                                  ;        ;
; guard|emptyPifos_0_133                                                                    ;        ;
; pifoEngines_0|enque_brain|engineCAM|banks_0_tags_426[18]                                  ;        ;
; pifoEngines_0|enque_brain|engineCAM|banks_0_tags_426[17]                                  ;        ;
; pifoEngines_0|enque_brain|engineCAM|banks_0_tags_426[16]                                  ;        ;
; pifoEngines_0|enque_brain|engineCAM|banks_0_tags_426[15]                                  ;        ;
; pifoEngines_0|enque_brain|engineCAM|banks_0_tags_426[2]                                   ;        ;
; pifoEngines_0|enque_brain|engineCAM|banks_0_tags_426[1]                                   ;        ;
; pifoEngines_0|enque_brain|engineCAM|banks_0_tags_426[0]                                   ;        ;
; pifoEngines_0|enque_brain|engineCAM|banks_0_tags_426[20]                                  ;        ;
; pifoEngines_0|enque_brain|engineCAM|banks_0_tags_430[10]                                  ;        ;
; pifoEngines_0|enque_brain|engineCAM|banks_0_tags_430[9]                                   ;        ;
; guard|emptyPifos_0_151                                                                    ;        ;
; pifoEngines_0|enque_brain|engineCAM|banks_0_tags_430[8]                                   ;        ;
; pifoEngines_0|enque_brain|engineCAM|banks_0_tags_430[7]                                   ;        ;
; pifoEngines_0|enque_brain|engineCAM|banks_0_tags_430[6]                                   ;        ;
; pifoEngines_0|enque_brain|engineCAM|banks_0_tags_430[5]                                   ;        ;
; pifoEngines_0|enque_brain|engineCAM|banks_0_tags_430[4]                                   ;        ;
; pifoEngines_0|enque_brain|engineCAM|banks_0_tags_430[3]                                   ;        ;
; pifoEngines_0|enque_brain|engineCAM|banks_0_tags_430[14]                                  ;        ;
; pifoEngines_0|enque_brain|engineCAM|banks_0_tags_430[13]                                  ;        ;
; pifoEngines_0|enque_brain|engineCAM|banks_0_tags_430[12]                                  ;        ;
; pifoEngines_0|enque_brain|engineCAM|banks_0_tags_430[11]                                  ;        ;
; guard|emptyPifos_0_149                                                                    ;        ;
; pifoEngines_0|enque_brain|engineCAM|banks_0_tags_430[2]                                   ;        ;
; pifoEngines_0|enque_brain|engineCAM|banks_0_tags_430[1]                                   ;        ;
; pifoEngines_0|enque_brain|engineCAM|banks_0_tags_430[0]                                   ;        ;
; pifoEngines_0|enque_brain|engineCAM|banks_0_tags_430[16]                                  ;        ;
; pifoEngines_0|enque_brain|engineCAM|banks_0_tags_430[15]                                  ;        ;
; pifoEngines_0|enque_brain|engineCAM|banks_0_tags_430[18]                                  ;        ;
; pifoEngines_0|enque_brain|engineCAM|banks_0_tags_430[17]                                  ;        ;
; pifoEngines_0|enque_brain|engineCAM|banks_0_tags_430[20]                                  ;        ;
; pifoEngines_0|enque_brain|engineCAM|banks_0_tags_434[10]                                  ;        ;
; pifoEngines_0|enque_brain|engineCAM|banks_0_tags_434[9]                                   ;        ;
; guard|emptyPifos_0_134                                                                    ;        ;
; pifoEngines_0|enque_brain|engineCAM|banks_0_tags_434[8]                                   ;        ;
; pifoEngines_0|enque_brain|engineCAM|banks_0_tags_434[7]                                   ;        ;
; pifoEngines_0|enque_brain|engineCAM|banks_0_tags_434[6]                                   ;        ;
; pifoEngines_0|enque_brain|engineCAM|banks_0_tags_434[5]                                   ;        ;
; pifoEngines_0|enque_brain|engineCAM|banks_0_tags_434[4]                                   ;        ;
; pifoEngines_0|enque_brain|engineCAM|banks_0_tags_434[3]                                   ;        ;
; pifoEngines_0|enque_brain|engineCAM|banks_0_tags_434[14]                                  ;        ;
; pifoEngines_0|enque_brain|engineCAM|banks_0_tags_434[13]                                  ;        ;
; pifoEngines_0|enque_brain|engineCAM|banks_0_tags_434[12]                                  ;        ;
; pifoEngines_0|enque_brain|engineCAM|banks_0_tags_434[11]                                  ;        ;
; guard|emptyPifos_0_150                                                                    ;        ;
; pifoEngines_0|enque_brain|engineCAM|banks_0_tags_434[18]                                  ;        ;
; pifoEngines_0|enque_brain|engineCAM|banks_0_tags_434[17]                                  ;        ;
; pifoEngines_0|enque_brain|engineCAM|banks_0_tags_434[16]                                  ;        ;
; pifoEngines_0|enque_brain|engineCAM|banks_0_tags_434[15]                                  ;        ;
; pifoEngines_0|enque_brain|engineCAM|banks_0_tags_434[2]                                   ;        ;
; pifoEngines_0|enque_brain|engineCAM|banks_0_tags_434[1]                                   ;        ;
; pifoEngines_0|enque_brain|engineCAM|banks_0_tags_434[0]                                   ;        ;
; pifoEngines_0|enque_brain|engineCAM|banks_0_tags_434[20]                                  ;        ;
; pifoEngines_0|enque_brain|engineCAM|banks_0_tags_370[10]                                  ;        ;
; pifoEngines_0|enque_brain|engineCAM|banks_0_tags_370[9]                                   ;        ;
; guard|emptyPifos_0_148                                                                    ;        ;
; pifoEngines_0|enque_brain|engineCAM|banks_0_tags_370[8]                                   ;        ;
; pifoEngines_0|enque_brain|engineCAM|banks_0_tags_370[7]                                   ;        ;
; pifoEngines_0|enque_brain|engineCAM|banks_0_tags_370[6]                                   ;        ;
; pifoEngines_0|enque_brain|engineCAM|banks_0_tags_370[5]                                   ;        ;
; pifoEngines_0|enque_brain|engineCAM|banks_0_tags_370[4]                                   ;        ;
; pifoEngines_0|enque_brain|engineCAM|banks_0_tags_370[3]                                   ;        ;
; pifoEngines_0|enque_brain|engineCAM|banks_0_tags_370[14]                                  ;        ;
; pifoEngines_0|enque_brain|engineCAM|banks_0_tags_370[13]                                  ;        ;
; pifoEngines_0|enque_brain|engineCAM|banks_0_tags_370[12]                                  ;        ;
; pifoEngines_0|enque_brain|engineCAM|banks_0_tags_370[11]                                  ;        ;
; guard|emptyPifos_0_207                                                                    ;        ;
; pifoEngines_0|enque_brain|engineCAM|banks_0_tags_370[2]                                   ;        ;
; pifoEngines_0|enque_brain|engineCAM|banks_0_tags_370[1]                                   ;        ;
; pifoEngines_0|enque_brain|engineCAM|banks_0_tags_370[0]                                   ;        ;
; pifoEngines_0|enque_brain|engineCAM|banks_0_tags_370[16]                                  ;        ;
; pifoEngines_0|enque_brain|engineCAM|banks_0_tags_370[15]                                  ;        ;
; pifoEngines_0|enque_brain|engineCAM|banks_0_tags_370[18]                                  ;        ;
; pifoEngines_0|enque_brain|engineCAM|banks_0_tags_370[17]                                  ;        ;
; pifoEngines_0|enque_brain|engineCAM|banks_0_tags_370[20]                                  ;        ;
; pifoEngines_0|enque_brain|engineCAM|banks_0_tags_374[10]                                  ;        ;
; pifoEngines_0|enque_brain|engineCAM|banks_0_tags_374[9]                                   ;        ;
; guard|emptyPifos_0_272                                                                    ;        ;
; guard|emptyPifos_0_199                                                                    ;        ;
; pifoEngines_0|enque_brain|engineCAM|banks_0_tags_374[8]                                   ;        ;
; pifoEngines_0|enque_brain|engineCAM|banks_0_tags_374[7]                                   ;        ;
; pifoEngines_0|enque_brain|engineCAM|banks_0_tags_374[6]                                   ;        ;
; pifoEngines_0|enque_brain|engineCAM|banks_0_tags_374[5]                                   ;        ;
; pifoEngines_0|enque_brain|engineCAM|banks_0_tags_374[4]                                   ;        ;
; pifoEngines_0|enque_brain|engineCAM|banks_0_tags_374[3]                                   ;        ;
; pifoEngines_0|enque_brain|engineCAM|banks_0_tags_374[14]                                  ;        ;
; pifoEngines_0|enque_brain|engineCAM|banks_0_tags_374[13]                                  ;        ;
; pifoEngines_0|enque_brain|engineCAM|banks_0_tags_374[12]                                  ;        ;
; pifoEngines_0|enque_brain|engineCAM|banks_0_tags_374[11]                                  ;        ;
; guard|emptyPifos_0_202                                                                    ;        ;
; pifoEngines_0|enque_brain|engineCAM|banks_0_tags_374[18]                                  ;        ;
; pifoEngines_0|enque_brain|engineCAM|banks_0_tags_374[17]                                  ;        ;
; pifoEngines_0|enque_brain|engineCAM|banks_0_tags_374[16]                                  ;        ;
; pifoEngines_0|enque_brain|engineCAM|banks_0_tags_374[15]                                  ;        ;
; pifoEngines_0|enque_brain|engineCAM|banks_0_tags_374[2]                                   ;        ;
; pifoEngines_0|enque_brain|engineCAM|banks_0_tags_374[1]                                   ;        ;
; pifoEngines_0|enque_brain|engineCAM|banks_0_tags_374[0]                                   ;        ;
; pifoEngines_0|enque_brain|engineCAM|banks_0_tags_374[20]                                  ;        ;
; pifoEngines_0|enque_brain|engineCAM|banks_0_tags_378[10]                                  ;        ;
; pifoEngines_0|enque_brain|engineCAM|banks_0_tags_378[9]                                   ;        ;
; guard|emptyPifos_0_203                                                                    ;        ;
; pifoEngines_0|enque_brain|engineCAM|banks_0_tags_378[8]                                   ;        ;
; pifoEngines_0|enque_brain|engineCAM|banks_0_tags_378[7]                                   ;        ;
; pifoEngines_0|enque_brain|engineCAM|banks_0_tags_378[6]                                   ;        ;
; pifoEngines_0|enque_brain|engineCAM|banks_0_tags_378[5]                                   ;        ;
; pifoEngines_0|enque_brain|engineCAM|banks_0_tags_378[4]                                   ;        ;
; pifoEngines_0|enque_brain|engineCAM|banks_0_tags_378[3]                                   ;        ;
; pifoEngines_0|enque_brain|engineCAM|banks_0_tags_378[12]                                  ;        ;
; pifoEngines_0|enque_brain|engineCAM|banks_0_tags_378[11]                                  ;        ;
; pifoEngines_0|enque_brain|engineCAM|banks_0_tags_378[14]                                  ;        ;
; pifoEngines_0|enque_brain|engineCAM|banks_0_tags_378[13]                                  ;        ;
; guard|emptyPifos_0_195                                                                    ;        ;
; pifoEngines_0|enque_brain|engineCAM|banks_0_tags_378[2]                                   ;        ;
; pifoEngines_0|enque_brain|engineCAM|banks_0_tags_378[1]                                   ;        ;
; pifoEngines_0|enque_brain|engineCAM|banks_0_tags_378[0]                                   ;        ;
; pifoEngines_0|enque_brain|engineCAM|banks_0_tags_378[18]                                  ;        ;
; pifoEngines_0|enque_brain|engineCAM|banks_0_tags_378[17]                                  ;        ;
; pifoEngines_0|enque_brain|engineCAM|banks_0_tags_378[16]                                  ;        ;
; pifoEngines_0|enque_brain|engineCAM|banks_0_tags_378[15]                                  ;        ;
; pifoEngines_0|enque_brain|engineCAM|banks_0_tags_378[20]                                  ;        ;
; pifoEngines_0|enque_brain|engineCAM|banks_0_tags_382[10]                                  ;        ;
; pifoEngines_0|enque_brain|engineCAM|banks_0_tags_382[9]                                   ;        ;
; guard|emptyPifos_0_204                                                                    ;        ;
; pifoEngines_0|enque_brain|engineCAM|banks_0_tags_382[8]                                   ;        ;
; pifoEngines_0|enque_brain|engineCAM|banks_0_tags_382[7]                                   ;        ;
; pifoEngines_0|enque_brain|engineCAM|banks_0_tags_382[6]                                   ;        ;
; pifoEngines_0|enque_brain|engineCAM|banks_0_tags_382[5]                                   ;        ;
; pifoEngines_0|enque_brain|engineCAM|banks_0_tags_382[4]                                   ;        ;
; pifoEngines_0|enque_brain|engineCAM|banks_0_tags_382[3]                                   ;        ;
; pifoEngines_0|enque_brain|engineCAM|banks_0_tags_382[12]                                  ;        ;
; pifoEngines_0|enque_brain|engineCAM|banks_0_tags_382[11]                                  ;        ;
; pifoEngines_0|enque_brain|engineCAM|banks_0_tags_382[14]                                  ;        ;
; pifoEngines_0|enque_brain|engineCAM|banks_0_tags_382[13]                                  ;        ;
; guard|emptyPifos_0_192                                                                    ;        ;
; pifoEngines_0|enque_brain|engineCAM|banks_0_tags_382[2]                                   ;        ;
; pifoEngines_0|enque_brain|engineCAM|banks_0_tags_382[1]                                   ;        ;
; pifoEngines_0|enque_brain|engineCAM|banks_0_tags_382[0]                                   ;        ;
; pifoEngines_0|enque_brain|engineCAM|banks_0_tags_382[18]                                  ;        ;
; pifoEngines_0|enque_brain|engineCAM|banks_0_tags_382[17]                                  ;        ;
; pifoEngines_0|enque_brain|engineCAM|banks_0_tags_382[16]                                  ;        ;
; pifoEngines_0|enque_brain|engineCAM|banks_0_tags_382[15]                                  ;        ;
; pifoEngines_0|enque_brain|engineCAM|banks_0_tags_382[20]                                  ;        ;
; pifoEngines_0|enque_brain|engineCAM|banks_0_tags_410[16]                                  ;        ;
; pifoEngines_0|enque_brain|engineCAM|banks_0_tags_410[15]                                  ;        ;
; guard|emptyPifos_0_196                                                                    ;        ;
; pifoEngines_0|enque_brain|engineCAM|banks_0_tags_410[18]                                  ;        ;
; pifoEngines_0|enque_brain|engineCAM|banks_0_tags_414[10]                                  ;        ;
; pifoEngines_0|enque_brain|engineCAM|banks_0_tags_414[9]                                   ;        ;
; pifoEngines_0|enque_brain|engineCAM|banks_0_tags_414[8]                                   ;        ;
; pifoEngines_0|enque_brain|engineCAM|banks_0_tags_414[7]                                   ;        ;
; pifoEngines_0|enque_brain|engineCAM|banks_0_tags_414[6]                                   ;        ;
; pifoEngines_0|enque_brain|engineCAM|banks_0_tags_414[5]                                   ;        ;
; pifoEngines_0|enque_brain|engineCAM|banks_0_tags_414[4]                                   ;        ;
; pifoEngines_0|enque_brain|engineCAM|banks_0_tags_414[3]                                   ;        ;
; pifoEngines_0|enque_brain|engineCAM|banks_0_tags_414[14]                                  ;        ;
; guard|emptyPifos_0_205                                                                    ;        ;
; pifoEngines_0|enque_brain|engineCAM|banks_0_tags_414[13]                                  ;        ;
; pifoEngines_0|enque_brain|engineCAM|banks_0_tags_414[12]                                  ;        ;
; pifoEngines_0|enque_brain|engineCAM|banks_0_tags_414[11]                                  ;        ;
; pifoEngines_0|enque_brain|engineCAM|banks_0_tags_414[18]                                  ;        ;
; pifoEngines_0|enque_brain|engineCAM|banks_0_tags_414[17]                                  ;        ;
; pifoEngines_0|enque_brain|engineCAM|banks_0_tags_414[16]                                  ;        ;
; pifoEngines_0|enque_brain|engineCAM|banks_0_tags_414[15]                                  ;        ;
; pifoEngines_0|enque_brain|engineCAM|banks_0_tags_414[2]                                   ;        ;
; pifoEngines_0|enque_brain|engineCAM|banks_0_tags_414[1]                                   ;        ;
; pifoEngines_0|enque_brain|engineCAM|banks_0_tags_414[0]                                   ;        ;
; guard|emptyPifos_0_197                                                                    ;        ;
; pifoEngines_0|enque_brain|engineCAM|banks_0_tags_414[20]                                  ;        ;
; pifoEngines_0|enque_brain|engineCAM|banks_0_tags_398[16]                                  ;        ;
; pifoEngines_0|enque_brain|engineCAM|banks_0_tags_398[15]                                  ;        ;
; pifoEngines_0|enque_brain|engineCAM|banks_0_tags_398[18]                                  ;        ;
; pifoEngines_0|enque_brain|engineCAM|banks_0_tags_406[5]                                   ;        ;
; pifoEngines_0|enque_brain|engineCAM|banks_0_tags_406[3]                                   ;        ;
; pifoEngines_0|enque_brain|engineCAM|banks_0_tags_406[6]                                   ;        ;
; pifoEngines_0|enque_brain|engineCAM|banks_0_tags_406[4]                                   ;        ;
; pifoEngines_0|enque_brain|engineCAM|banks_0_tags_406[2]                                   ;        ;
; pifoEngines_0|enque_brain|engineCAM|banks_0_tags_406[1]                                   ;        ;
; guard|emptyPifos_0_200                                                                    ;        ;
; pifoEngines_0|enque_brain|engineCAM|banks_0_tags_406[0]                                   ;        ;
; pifoEngines_0|enque_brain|engineCAM|banks_0_tags_406[10]                                  ;        ;
; pifoEngines_0|enque_brain|engineCAM|banks_0_tags_406[9]                                   ;        ;
; pifoEngines_0|enque_brain|engineCAM|banks_0_tags_406[8]                                   ;        ;
; pifoEngines_0|enque_brain|engineCAM|banks_0_tags_406[7]                                   ;        ;
; pifoEngines_0|enque_brain|engineCAM|banks_0_tags_406[20]                                  ;        ;
; pifoEngines_0|enque_brain|engineCAM|banks_0_tags_406[19]                                  ;        ;
; pifoEngines_0|enque_brain|engineCAM|banks_0_tags_406[14]                                  ;        ;
; pifoEngines_0|enque_brain|engineCAM|banks_0_tags_406[13]                                  ;        ;
; pifoEngines_0|enque_brain|engineCAM|banks_0_tags_406[12]                                  ;        ;
; guard|emptyPifos_0_336                                                                    ;        ;
; guard|emptyPifos_0_201                                                                    ;        ;
; pifoEngines_0|enque_brain|engineCAM|banks_0_tags_406[11]                                  ;        ;
; pifoEngines_0|enque_brain|engineCAM|banks_0_tags_406[18]                                  ;        ;
; pifoEngines_0|enque_brain|engineCAM|banks_0_tags_406[17]                                  ;        ;
; pifoEngines_0|enque_brain|engineCAM|banks_0_tags_406[16]                                  ;        ;
; pifoEngines_0|enque_brain|engineCAM|banks_0_tags_684[20]                                  ;        ;
; pifoEngines_0|enque_brain|engineCAM|banks_0_tags_684[10]                                  ;        ;
; pifoEngines_0|enque_brain|engineCAM|banks_0_tags_684[9]                                   ;        ;
; pifoEngines_0|enque_brain|engineCAM|banks_0_tags_684[8]                                   ;        ;
; pifoEngines_0|enque_brain|engineCAM|banks_0_tags_684[7]                                   ;        ;
; pifoEngines_0|enque_brain|engineCAM|banks_0_tags_684[6]                                   ;        ;
; guard|emptyPifos_0_193                                                                    ;        ;
; pifoEngines_0|enque_brain|engineCAM|banks_0_tags_684[5]                                   ;        ;
; pifoEngines_0|enque_brain|engineCAM|banks_0_tags_684[4]                                   ;        ;
; pifoEngines_0|enque_brain|engineCAM|banks_0_tags_684[3]                                   ;        ;
; pifoEngines_0|enque_brain|engineCAM|banks_0_tags_684[14]                                  ;        ;
; pifoEngines_0|enque_brain|engineCAM|banks_0_tags_684[13]                                  ;        ;
; pifoEngines_0|enque_brain|engineCAM|banks_0_tags_684[12]                                  ;        ;
; pifoEngines_0|enque_brain|engineCAM|banks_0_tags_684[11]                                  ;        ;
; pifoEngines_0|enque_brain|engineCAM|banks_0_tags_684[2]                                   ;        ;
; pifoEngines_0|enque_brain|engineCAM|banks_0_tags_684[1]                                   ;        ;
; pifoEngines_0|enque_brain|engineCAM|banks_0_tags_684[0]                                   ;        ;
; guard|emptyPifos_0_222                                                                    ;        ;
; pifoEngines_0|enque_brain|engineCAM|banks_0_tags_668[10]                                  ;        ;
; pifoEngines_0|enque_brain|engineCAM|banks_0_tags_668[9]                                   ;        ;
; pifoEngines_0|enque_brain|engineCAM|banks_0_tags_668[8]                                   ;        ;
; pifoEngines_0|enque_brain|engineCAM|banks_0_tags_668[7]                                   ;        ;
; pifoEngines_0|enque_brain|engineCAM|banks_0_tags_668[6]                                   ;        ;
; pifoEngines_0|enque_brain|engineCAM|banks_0_tags_668[5]                                   ;        ;
; pifoEngines_0|enque_brain|engineCAM|banks_0_tags_668[4]                                   ;        ;
; pifoEngines_0|enque_brain|engineCAM|banks_0_tags_668[3]                                   ;        ;
; pifoEngines_0|enque_brain|engineCAM|banks_0_tags_668[12]                                  ;        ;
; pifoEngines_0|enque_brain|engineCAM|banks_0_tags_668[11]                                  ;        ;
; guard|emptyPifos_0_210                                                                    ;        ;
; pifoEngines_0|enque_brain|engineCAM|banks_0_tags_668[14]                                  ;        ;
; pifoEngines_0|enque_brain|engineCAM|banks_0_tags_668[13]                                  ;        ;
; pifoEngines_0|enque_brain|engineCAM|banks_0_tags_668[2]                                   ;        ;
; pifoEngines_0|enque_brain|engineCAM|banks_0_tags_668[1]                                   ;        ;
; pifoEngines_0|enque_brain|engineCAM|banks_0_tags_668[0]                                   ;        ;
; pifoEngines_0|enque_brain|engineCAM|banks_0_tags_668[18]                                  ;        ;
; pifoEngines_0|enque_brain|engineCAM|banks_0_tags_668[17]                                  ;        ;
; pifoEngines_0|enque_brain|engineCAM|banks_0_tags_668[16]                                  ;        ;
; pifoEngines_0|enque_brain|engineCAM|banks_0_tags_668[15]                                  ;        ;
; pifoEngines_0|enque_brain|engineCAM|banks_0_tags_668[20]                                  ;        ;
; guard|emptyPifos_0_214                                                                    ;        ;
; pifoEngines_0|enque_brain|engineCAM|banks_0_tags_628[10]                                  ;        ;
; pifoEngines_0|enque_brain|engineCAM|banks_0_tags_628[9]                                   ;        ;
; pifoEngines_0|enque_brain|engineCAM|banks_0_tags_628[8]                                   ;        ;
; pifoEngines_0|enque_brain|engineCAM|banks_0_tags_628[7]                                   ;        ;
; pifoEngines_0|enque_brain|engineCAM|banks_0_tags_628[6]                                   ;        ;
; pifoEngines_0|enque_brain|engineCAM|banks_0_tags_628[5]                                   ;        ;
; pifoEngines_0|enque_brain|engineCAM|banks_0_tags_628[4]                                   ;        ;
; pifoEngines_0|enque_brain|engineCAM|banks_0_tags_628[3]                                   ;        ;
; pifoEngines_0|enque_brain|engineCAM|banks_0_tags_628[12]                                  ;        ;
; pifoEngines_0|enque_brain|engineCAM|banks_0_tags_628[11]                                  ;        ;
; guard|emptyPifos_0_223                                                                    ;        ;
; pifoEngines_0|enque_brain|engineCAM|banks_0_tags_628[14]                                  ;        ;
; pifoEngines_0|enque_brain|engineCAM|banks_0_tags_628[13]                                  ;        ;
; pifoEngines_0|enque_brain|engineCAM|banks_0_tags_628[2]                                   ;        ;
; pifoEngines_0|enque_brain|engineCAM|banks_0_tags_628[1]                                   ;        ;
; pifoEngines_0|enque_brain|engineCAM|banks_0_tags_628[0]                                   ;        ;
; pifoEngines_0|enque_brain|engineCAM|banks_0_tags_628[18]                                  ;        ;
; pifoEngines_0|enque_brain|engineCAM|banks_0_tags_628[17]                                  ;        ;
; pifoEngines_0|enque_brain|engineCAM|banks_0_tags_628[16]                                  ;        ;
; pifoEngines_0|enque_brain|engineCAM|banks_0_tags_628[15]                                  ;        ;
; pifoEngines_0|enque_brain|engineCAM|banks_0_tags_628[20]                                  ;        ;
; guard|emptyPifos_0_215                                                                    ;        ;
; pifoEngines_0|enque_brain|engineCAM|banks_0_tags_636[10]                                  ;        ;
; pifoEngines_0|enque_brain|engineCAM|banks_0_tags_636[9]                                   ;        ;
; pifoEngines_0|enque_brain|engineCAM|banks_0_tags_636[8]                                   ;        ;
; pifoEngines_0|enque_brain|engineCAM|banks_0_tags_636[7]                                   ;        ;
; pifoEngines_0|enque_brain|engineCAM|banks_0_tags_636[6]                                   ;        ;
; pifoEngines_0|enque_brain|engineCAM|banks_0_tags_636[5]                                   ;        ;
; pifoEngines_0|enque_brain|engineCAM|banks_0_tags_636[4]                                   ;        ;
; pifoEngines_0|enque_brain|engineCAM|banks_0_tags_636[3]                                   ;        ;
; pifoEngines_0|enque_brain|engineCAM|banks_0_tags_636[12]                                  ;        ;
; pifoEngines_0|enque_brain|engineCAM|banks_0_tags_636[11]                                  ;        ;
; guard|emptyPifos_0_218                                                                    ;        ;
; pifoEngines_0|enque_brain|engineCAM|banks_0_tags_636[14]                                  ;        ;
; pifoEngines_0|enque_brain|engineCAM|banks_0_tags_636[13]                                  ;        ;
; pifoEngines_0|enque_brain|engineCAM|banks_0_tags_636[2]                                   ;        ;
; pifoEngines_0|enque_brain|engineCAM|banks_0_tags_636[1]                                   ;        ;
; pifoEngines_0|enque_brain|engineCAM|banks_0_tags_636[0]                                   ;        ;
; pifoEngines_0|enque_brain|engineCAM|banks_0_tags_636[18]                                  ;        ;
; pifoEngines_0|enque_brain|engineCAM|banks_0_tags_636[17]                                  ;        ;
; pifoEngines_0|enque_brain|engineCAM|banks_0_tags_636[16]                                  ;        ;
; pifoEngines_0|enque_brain|engineCAM|banks_0_tags_636[15]                                  ;        ;
; pifoEngines_0|enque_brain|engineCAM|banks_0_tags_636[20]                                  ;        ;
; guard|emptyPifos_0_219                                                                    ;        ;
; pifoEngines_0|enque_brain|engineCAM|banks_0_tags_716[16]                                  ;        ;
; pifoEngines_0|enque_brain|engineCAM|banks_0_tags_716[15]                                  ;        ;
; pifoEngines_0|enque_brain|engineCAM|banks_0_tags_716[18]                                  ;        ;
; pifoEngines_0|enque_brain|engineCAM|banks_0_tags_716[10]                                  ;        ;
; pifoEngines_0|enque_brain|engineCAM|banks_0_tags_716[9]                                   ;        ;
; pifoEngines_0|enque_brain|engineCAM|banks_0_tags_716[8]                                   ;        ;
; pifoEngines_0|enque_brain|engineCAM|banks_0_tags_716[7]                                   ;        ;
; pifoEngines_0|enque_brain|engineCAM|banks_0_tags_716[6]                                   ;        ;
; pifoEngines_0|enque_brain|engineCAM|banks_0_tags_716[5]                                   ;        ;
; pifoEngines_0|enque_brain|engineCAM|banks_0_tags_716[4]                                   ;        ;
; guard|emptyPifos_0_211                                                                    ;        ;
; pifoEngines_0|enque_brain|engineCAM|banks_0_tags_716[3]                                   ;        ;
; pifoEngines_0|enque_brain|engineCAM|banks_0_tags_716[14]                                  ;        ;
; pifoEngines_0|enque_brain|engineCAM|banks_0_tags_716[13]                                  ;        ;
; pifoEngines_0|enque_brain|engineCAM|banks_0_tags_716[12]                                  ;        ;
; pifoEngines_0|enque_brain|engineCAM|banks_0_tags_716[11]                                  ;        ;
; pifoEngines_0|enque_brain|engineCAM|banks_0_tags_716[2]                                   ;        ;
; pifoEngines_0|enque_brain|engineCAM|banks_0_tags_716[1]                                   ;        ;
; pifoEngines_0|enque_brain|engineCAM|banks_0_tags_716[0]                                   ;        ;
; pifoEngines_0|enque_brain|engineCAM|banks_0_tags_724[16]                                  ;        ;
; pifoEngines_0|enque_brain|engineCAM|banks_0_tags_724[15]                                  ;        ;
; guard|emptyPifos_0_465                                                                    ;        ;
; guard|emptyPifos_0_206                                                                    ;        ;
; pifoEngines_0|enque_brain|engineCAM|banks_0_tags_724[18]                                  ;        ;
; pifoEngines_0|enque_brain|engineCAM|banks_0_tags_692[12]                                  ;        ;
; pifoEngines_0|enque_brain|engineCAM|banks_0_tags_692[11]                                  ;        ;
; pifoEngines_0|enque_brain|engineCAM|banks_0_tags_692[14]                                  ;        ;
; pifoEngines_0|enque_brain|engineCAM|banks_0_tags_692[13]                                  ;        ;
; pifoEngines_0|enque_brain|engineCAM|banks_0_tags_692[16]                                  ;        ;
; pifoEngines_0|enque_brain|engineCAM|banks_0_tags_692[15]                                  ;        ;
; pifoEngines_0|enque_brain|engineCAM|banks_0_tags_692[18]                                  ;        ;
; pifoEngines_0|enque_brain|engineCAM|banks_0_tags_700[12]                                  ;        ;
; pifoEngines_0|enque_brain|engineCAM|banks_0_tags_700[11]                                  ;        ;
; guard|emptyPifos_0_194                                                                    ;        ;
; pifoEngines_0|enque_brain|engineCAM|banks_0_tags_700[14]                                  ;        ;
; pifoEngines_0|enque_brain|engineCAM|banks_0_tags_700[13]                                  ;        ;
; pifoEngines_0|enque_brain|engineCAM|banks_0_tags_700[16]                                  ;        ;
; pifoEngines_0|enque_brain|engineCAM|banks_0_tags_700[15]                                  ;        ;
; pifoEngines_0|enque_brain|engineCAM|banks_0_tags_700[18]                                  ;        ;
; pifoEngines_0|enque_brain|engineCAM|banks_0_tags_182[16]                                  ;        ;
; pifoEngines_0|enque_brain|engineCAM|banks_0_tags_182[15]                                  ;        ;
; pifoEngines_0|enque_brain|engineCAM|banks_0_tags_182[18]                                  ;        ;
; pifoEngines_0|enque_brain|engineCAM|banks_0_tags_158[16]                                  ;        ;
; pifoEngines_0|enque_brain|engineCAM|banks_0_tags_158[15]                                  ;        ;
; guard|emptyPifos_0_198                                                                    ;        ;
; pifoEngines_0|enque_brain|engineCAM|banks_0_tags_158[18]                                  ;        ;
; pifoEngines_0|enque_brain|engineCAM|banks_0_tags_122[16]                                  ;        ;
; pifoEngines_0|enque_brain|engineCAM|banks_0_tags_122[15]                                  ;        ;
; pifoEngines_0|enque_brain|engineCAM|banks_0_tags_122[18]                                  ;        ;
; pifoEngines_0|enque_brain|engineCAM|banks_0_tags_110[16]                                  ;        ;
; pifoEngines_0|enque_brain|engineCAM|banks_0_tags_110[15]                                  ;        ;
; pifoEngines_0|enque_brain|engineCAM|banks_0_tags_110[18]                                  ;        ;
; pifoEngines_0|enque_brain|engineCAM|banks_0_tags_118[16]                                  ;        ;
; pifoEngines_0|enque_brain|engineCAM|banks_0_tags_118[15]                                  ;        ;
; pifoEngines_0|enque_brain|engineCAM|banks_0_tags_118[18]                                  ;        ;
; guard|emptyPifos_0_220                                                                    ;        ;
; pifoEngines_0|enque_brain|engineCAM|banks_0_tags_190[16]                                  ;        ;
; pifoEngines_0|enque_brain|engineCAM|banks_0_tags_190[15]                                  ;        ;
; pifoEngines_0|enque_brain|engineCAM|banks_0_tags_190[18]                                  ;        ;
; pifoEngines_0|enque_brain|engineCAM|banks_0_tags_214[16]                                  ;        ;
; pifoEngines_0|enque_brain|engineCAM|banks_0_tags_214[15]                                  ;        ;
; pifoEngines_0|enque_brain|engineCAM|banks_0_tags_214[18]                                  ;        ;
; pifoEngines_0|enque_brain|engineCAM|banks_0_tags_286[16]                                  ;        ;
; pifoEngines_0|enque_brain|engineCAM|banks_0_tags_286[15]                                  ;        ;
; pifoEngines_0|enque_brain|engineCAM|banks_0_tags_286[18]                                  ;        ;
; pifoEngines_0|enque_brain|engineCAM|banks_0_tags_302[14]                                  ;        ;
; guard|emptyPifos_0_208                                                                    ;        ;
; pifoEngines_0|enque_brain|engineCAM|banks_0_tags_302[13]                                  ;        ;
; pifoEngines_0|enque_brain|engineCAM|banks_0_tags_302[12]                                  ;        ;
; pifoEngines_0|enque_brain|engineCAM|banks_0_tags_302[11]                                  ;        ;
; pifoEngines_0|enque_brain|engineCAM|banks_0_tags_302[16]                                  ;        ;
; pifoEngines_0|enque_brain|engineCAM|banks_0_tags_302[15]                                  ;        ;
; pifoEngines_0|enque_brain|engineCAM|banks_0_tags_302[18]                                  ;        ;
; pifoEngines_0|enque_brain|engineCAM|banks_0_tags_302[4]                                   ;        ;
; pifoEngines_0|enque_brain|engineCAM|banks_0_tags_302[3]                                   ;        ;
; pifoEngines_0|enque_brain|engineCAM|banks_0_tags_302[6]                                   ;        ;
; pifoEngines_0|enque_brain|engineCAM|banks_0_tags_302[5]                                   ;        ;
; guard|emptyPifos_0_212                                                                    ;        ;
; pifoEngines_0|enque_brain|engineCAM|banks_0_tags_302[2]                                   ;        ;
; pifoEngines_0|enque_brain|engineCAM|banks_0_tags_302[1]                                   ;        ;
; pifoEngines_0|enque_brain|engineCAM|banks_0_tags_302[0]                                   ;        ;
; pifoEngines_0|enque_brain|engineCAM|banks_0_tags_302[10]                                  ;        ;
; pifoEngines_0|enque_brain|engineCAM|banks_0_tags_302[9]                                   ;        ;
; pifoEngines_0|enque_brain|engineCAM|banks_0_tags_302[8]                                   ;        ;
; pifoEngines_0|enque_brain|engineCAM|banks_0_tags_302[7]                                   ;        ;
; pifoEngines_0|enque_brain|engineCAM|banks_0_tags_302[20]                                  ;        ;
; pifoEngines_0|enque_brain|engineCAM|banks_0_tags_302[19]                                  ;        ;
; pifoEngines_0|enque_brain|engineCAM|banks_0_tags_300[10]                                  ;        ;
; guard|emptyPifos_0_221                                                                    ;        ;
; pifoEngines_0|enque_brain|engineCAM|banks_0_tags_300[9]                                   ;        ;
; pifoEngines_0|enque_brain|engineCAM|banks_0_tags_300[8]                                   ;        ;
; pifoEngines_0|enque_brain|engineCAM|banks_0_tags_300[7]                                   ;        ;
; pifoEngines_0|enque_brain|engineCAM|banks_0_tags_300[6]                                   ;        ;
; pifoEngines_0|enque_brain|engineCAM|banks_0_tags_300[5]                                   ;        ;
; pifoEngines_0|enque_brain|engineCAM|banks_0_tags_300[4]                                   ;        ;
; pifoEngines_0|enque_brain|engineCAM|banks_0_tags_300[3]                                   ;        ;
; pifoEngines_0|enque_brain|engineCAM|banks_0_tags_300[12]                                  ;        ;
; pifoEngines_0|enque_brain|engineCAM|banks_0_tags_300[11]                                  ;        ;
; pifoEngines_0|enque_brain|engineCAM|banks_0_tags_300[14]                                  ;        ;
; guard|emptyPifos_0_213                                                                    ;        ;
; pifoEngines_0|enque_brain|engineCAM|banks_0_tags_300[13]                                  ;        ;
; pifoEngines_0|enque_brain|engineCAM|banks_0_tags_300[2]                                   ;        ;
; pifoEngines_0|enque_brain|engineCAM|banks_0_tags_300[1]                                   ;        ;
; pifoEngines_0|enque_brain|engineCAM|banks_0_tags_300[0]                                   ;        ;
; pifoEngines_0|enque_brain|engineCAM|banks_0_tags_300[18]                                  ;        ;
; pifoEngines_0|enque_brain|engineCAM|banks_0_tags_300[17]                                  ;        ;
; pifoEngines_0|enque_brain|engineCAM|banks_0_tags_300[16]                                  ;        ;
; pifoEngines_0|enque_brain|engineCAM|banks_0_tags_300[15]                                  ;        ;
; pifoEngines_0|enque_brain|engineCAM|banks_0_tags_300[20]                                  ;        ;
; pifoEngines_0|enque_brain|engineCAM|banks_0_tags_298[20]                                  ;        ;
; guard|emptyPifos_0_216                                                                    ;        ;
; pifoEngines_0|enque_brain|engineCAM|banks_0_tags_304[16]                                  ;        ;
; pifoEngines_0|enque_brain|engineCAM|banks_0_tags_304[15]                                  ;        ;
; pifoEngines_0|enque_brain|engineCAM|banks_0_tags_304[18]                                  ;        ;
; pifoEngines_0|enque_brain|engineCAM|banks_0_tags_312[16]                                  ;        ;
; pifoEngines_0|enque_brain|engineCAM|banks_0_tags_312[15]                                  ;        ;
; pifoEngines_0|enque_brain|engineCAM|banks_0_tags_312[18]                                  ;        ;
; pifoEngines_0|enque_brain|engineCAM|banks_0_tags_312[2]                                   ;        ;
; pifoEngines_0|enque_brain|engineCAM|banks_0_tags_312[1]                                   ;        ;
; pifoEngines_0|enque_brain|engineCAM|banks_0_tags_312[0]                                   ;        ;
; pifoEngines_0|enque_brain|engineCAM|banks_0_tags_360[16]                                  ;        ;
; guard|emptyPifos_0_217                                                                    ;        ;
; pifoEngines_0|enque_brain|engineCAM|banks_0_tags_360[15]                                  ;        ;
; pifoEngines_0|enque_brain|engineCAM|banks_0_tags_360[18]                                  ;        ;
; pifoEngines_0|enque_brain|engineCAM|banks_0_tags_360[8]                                   ;        ;
; pifoEngines_0|enque_brain|engineCAM|banks_0_tags_360[7]                                   ;        ;
; pifoEngines_0|enque_brain|engineCAM|banks_0_tags_360[10]                                  ;        ;
; pifoEngines_0|enque_brain|engineCAM|banks_0_tags_360[9]                                   ;        ;
; pifoEngines_0|enque_brain|engineCAM|banks_0_tags_360[4]                                   ;        ;
; pifoEngines_0|enque_brain|engineCAM|banks_0_tags_360[3]                                   ;        ;
; pifoEngines_0|enque_brain|engineCAM|banks_0_tags_360[6]                                   ;        ;
; pifoEngines_0|enque_brain|engineCAM|banks_0_tags_360[5]                                   ;        ;
; guard|emptyPifos_0_337                                                                    ;        ;
; guard|emptyPifos_0_209                                                                    ;        ;
; pifoEngines_0|enque_brain|engineCAM|banks_0_tags_360[2]                                   ;        ;
; pifoEngines_0|enque_brain|engineCAM|banks_0_tags_360[1]                                   ;        ;
; pifoEngines_0|enque_brain|engineCAM|banks_0_tags_360[0]                                   ;        ;
; pifoEngines_0|enque_brain|engineCAM|banks_0_tags_356[20]                                  ;        ;
; pifoEngines_0|enque_brain|engineCAM|banks_0_tags_356[10]                                  ;        ;
; pifoEngines_0|enque_brain|engineCAM|banks_0_tags_356[9]                                   ;        ;
; pifoEngines_0|enque_brain|engineCAM|banks_0_tags_356[8]                                   ;        ;
; pifoEngines_0|enque_brain|engineCAM|banks_0_tags_356[7]                                   ;        ;
; pifoEngines_0|enque_brain|engineCAM|banks_0_tags_356[6]                                   ;        ;
; pifoEngines_0|enque_brain|engineCAM|banks_0_tags_356[5]                                   ;        ;
; guard|emptyPifos_0_235                                                                    ;        ;
; pifoEngines_0|enque_brain|engineCAM|banks_0_tags_356[4]                                   ;        ;
; pifoEngines_0|enque_brain|engineCAM|banks_0_tags_356[3]                                   ;        ;
; pifoEngines_0|enque_brain|engineCAM|banks_0_tags_356[2]                                   ;        ;
; pifoEngines_0|enque_brain|engineCAM|banks_0_tags_356[1]                                   ;        ;
; pifoEngines_0|enque_brain|engineCAM|banks_0_tags_356[0]                                   ;        ;
; pifoEngines_0|enque_brain|engineCAM|banks_0_tags_353[20]                                  ;        ;
; pifoEngines_0|enque_brain|engineCAM|banks_0_tags_385[16]                                  ;        ;
; pifoEngines_0|enque_brain|engineCAM|banks_0_tags_385[15]                                  ;        ;
; pifoEngines_0|enque_brain|engineCAM|banks_0_tags_385[18]                                  ;        ;
; pifoEngines_0|enque_brain|engineCAM|banks_0_tags_386[16]                                  ;        ;
; guard|emptyPifos_0_232                                                                    ;        ;
; pifoEngines_0|enque_brain|engineCAM|banks_0_tags_386[15]                                  ;        ;
; pifoEngines_0|enque_brain|engineCAM|banks_0_tags_386[18]                                  ;        ;
; pifoEngines_0|enque_brain|engineCAM|banks_0_tags_386[8]                                   ;        ;
; pifoEngines_0|enque_brain|engineCAM|banks_0_tags_386[7]                                   ;        ;
; pifoEngines_0|enque_brain|engineCAM|banks_0_tags_386[10]                                  ;        ;
; pifoEngines_0|enque_brain|engineCAM|banks_0_tags_386[9]                                   ;        ;
; pifoEngines_0|enque_brain|engineCAM|banks_0_tags_386[4]                                   ;        ;
; pifoEngines_0|enque_brain|engineCAM|banks_0_tags_386[3]                                   ;        ;
; pifoEngines_0|enque_brain|engineCAM|banks_0_tags_386[6]                                   ;        ;
; pifoEngines_0|enque_brain|engineCAM|banks_0_tags_386[5]                                   ;        ;
; guard|emptyPifos_0_233                                                                    ;        ;
; pifoEngines_0|enque_brain|engineCAM|banks_0_tags_386[2]                                   ;        ;
; pifoEngines_0|enque_brain|engineCAM|banks_0_tags_386[1]                                   ;        ;
; pifoEngines_0|enque_brain|engineCAM|banks_0_tags_386[0]                                   ;        ;
; pifoEngines_0|enque_brain|engineCAM|banks_0_tags_368[16]                                  ;        ;
; pifoEngines_0|enque_brain|engineCAM|banks_0_tags_368[15]                                  ;        ;
; pifoEngines_0|enque_brain|engineCAM|banks_0_tags_368[18]                                  ;        ;
; pifoEngines_0|enque_brain|engineCAM|banks_0_tags_384[14]                                  ;        ;
; pifoEngines_0|enque_brain|engineCAM|banks_0_tags_384[13]                                  ;        ;
; pifoEngines_0|enque_brain|engineCAM|banks_0_tags_384[12]                                  ;        ;
; pifoEngines_0|enque_brain|engineCAM|banks_0_tags_384[11]                                  ;        ;
; guard|emptyPifos_0_239                                                                    ;        ;
; pifoEngines_0|enque_brain|engineCAM|banks_0_tags_384[18]                                  ;        ;
; pifoEngines_0|enque_brain|engineCAM|banks_0_tags_384[17]                                  ;        ;
; pifoEngines_0|enque_brain|engineCAM|banks_0_tags_384[16]                                  ;        ;
; pifoEngines_0|enque_brain|engineCAM|banks_0_tags_384[15]                                  ;        ;
; pifoEngines_0|enque_brain|engineCAM|banks_0_tags_384[8]                                   ;        ;
; pifoEngines_0|enque_brain|engineCAM|banks_0_tags_384[7]                                   ;        ;
; pifoEngines_0|enque_brain|engineCAM|banks_0_tags_384[10]                                  ;        ;
; pifoEngines_0|enque_brain|engineCAM|banks_0_tags_384[9]                                   ;        ;
; pifoEngines_0|enque_brain|engineCAM|banks_0_tags_384[4]                                   ;        ;
; pifoEngines_0|enque_brain|engineCAM|banks_0_tags_384[3]                                   ;        ;
; guard|emptyPifos_0_237                                                                    ;        ;
; pifoEngines_0|enque_brain|engineCAM|banks_0_tags_384[6]                                   ;        ;
; pifoEngines_0|enque_brain|engineCAM|banks_0_tags_384[5]                                   ;        ;
; pifoEngines_0|enque_brain|engineCAM|banks_0_tags_384[2]                                   ;        ;
; pifoEngines_0|enque_brain|engineCAM|banks_0_tags_384[1]                                   ;        ;
; pifoEngines_0|enque_brain|engineCAM|banks_0_tags_384[0]                                   ;        ;
; pifoEngines_0|enque_brain|engineCAM|banks_0_tags_384[20]                                  ;        ;
; pifoEngines_0|enque_brain|engineCAM|banks_0_tags_336[16]                                  ;        ;
; pifoEngines_0|enque_brain|engineCAM|banks_0_tags_336[15]                                  ;        ;
; pifoEngines_0|enque_brain|engineCAM|banks_0_tags_336[18]                                  ;        ;
; pifoEngines_0|enque_brain|engineCAM|banks_0_tags_336[4]                                   ;        ;
; guard|emptyPifos_0_234                                                                    ;        ;
; pifoEngines_0|enque_brain|engineCAM|banks_0_tags_336[3]                                   ;        ;
; pifoEngines_0|enque_brain|engineCAM|banks_0_tags_336[6]                                   ;        ;
; pifoEngines_0|enque_brain|engineCAM|banks_0_tags_336[5]                                   ;        ;
; pifoEngines_0|enque_brain|engineCAM|banks_0_tags_336[10]                                  ;        ;
; pifoEngines_0|enque_brain|engineCAM|banks_0_tags_336[9]                                   ;        ;
; pifoEngines_0|enque_brain|engineCAM|banks_0_tags_336[8]                                   ;        ;
; pifoEngines_0|enque_brain|engineCAM|banks_0_tags_336[7]                                   ;        ;
; pifoEngines_0|enque_brain|engineCAM|banks_0_tags_336[2]                                   ;        ;
; pifoEngines_0|enque_brain|engineCAM|banks_0_tags_336[1]                                   ;        ;
; pifoEngines_0|enque_brain|engineCAM|banks_0_tags_336[0]                                   ;        ;
; guard|emptyPifos_0_238                                                                    ;        ;
; pifoEngines_0|enque_brain|engineCAM|banks_0_tags_337[14]                                  ;        ;
; pifoEngines_0|enque_brain|engineCAM|banks_0_tags_337[13]                                  ;        ;
; pifoEngines_0|enque_brain|engineCAM|banks_0_tags_337[12]                                  ;        ;
; pifoEngines_0|enque_brain|engineCAM|banks_0_tags_337[11]                                  ;        ;
; pifoEngines_0|enque_brain|engineCAM|banks_0_tags_337[18]                                  ;        ;
; pifoEngines_0|enque_brain|engineCAM|banks_0_tags_337[17]                                  ;        ;
; pifoEngines_0|enque_brain|engineCAM|banks_0_tags_337[16]                                  ;        ;
; pifoEngines_0|enque_brain|engineCAM|banks_0_tags_330[20]                                  ;        ;
; pifoEngines_0|enque_brain|engineCAM|banks_0_tags_330[10]                                  ;        ;
; pifoEngines_0|enque_brain|engineCAM|banks_0_tags_330[9]                                   ;        ;
; guard|emptyPifos_0_236                                                                    ;        ;
; pifoEngines_0|enque_brain|engineCAM|banks_0_tags_330[8]                                   ;        ;
; pifoEngines_0|enque_brain|engineCAM|banks_0_tags_330[7]                                   ;        ;
; pifoEngines_0|enque_brain|engineCAM|banks_0_tags_330[6]                                   ;        ;
; pifoEngines_0|enque_brain|engineCAM|banks_0_tags_330[5]                                   ;        ;
; pifoEngines_0|enque_brain|engineCAM|banks_0_tags_330[4]                                   ;        ;
; pifoEngines_0|enque_brain|engineCAM|banks_0_tags_330[3]                                   ;        ;
; pifoEngines_0|enque_brain|engineCAM|banks_0_tags_330[14]                                  ;        ;
; pifoEngines_0|enque_brain|engineCAM|banks_0_tags_330[13]                                  ;        ;
; pifoEngines_0|enque_brain|engineCAM|banks_0_tags_330[12]                                  ;        ;
; pifoEngines_0|enque_brain|engineCAM|banks_0_tags_330[11]                                  ;        ;
; guard|emptyPifos_0_252                                                                    ;        ;
; pifoEngines_0|enque_brain|engineCAM|banks_0_tags_330[2]                                   ;        ;
; pifoEngines_0|enque_brain|engineCAM|banks_0_tags_330[1]                                   ;        ;
; pifoEngines_0|enque_brain|engineCAM|banks_0_tags_330[0]                                   ;        ;
; pifoEngines_0|enque_brain|engineCAM|banks_0_tags_332[10]                                  ;        ;
; pifoEngines_0|enque_brain|engineCAM|banks_0_tags_332[9]                                   ;        ;
; pifoEngines_0|enque_brain|engineCAM|banks_0_tags_332[8]                                   ;        ;
; pifoEngines_0|enque_brain|engineCAM|banks_0_tags_332[7]                                   ;        ;
; pifoEngines_0|enque_brain|engineCAM|banks_0_tags_332[6]                                   ;        ;
; pifoEngines_0|enque_brain|engineCAM|banks_0_tags_332[5]                                   ;        ;
; pifoEngines_0|enque_brain|engineCAM|banks_0_tags_332[4]                                   ;        ;
; guard|emptyPifos_0_400                                                                    ;        ;
; guard|emptyPifos_0_240                                                                    ;        ;
; pifoEngines_0|enque_brain|engineCAM|banks_0_tags_332[3]                                   ;        ;
; pifoEngines_0|enque_brain|engineCAM|banks_0_tags_332[12]                                  ;        ;
; pifoEngines_0|enque_brain|engineCAM|banks_0_tags_332[11]                                  ;        ;
; pifoEngines_0|enque_brain|engineCAM|banks_0_tags_332[14]                                  ;        ;
; pifoEngines_0|enque_brain|engineCAM|banks_0_tags_332[13]                                  ;        ;
; pifoEngines_0|enque_brain|engineCAM|banks_0_tags_332[2]                                   ;        ;
; pifoEngines_0|enque_brain|engineCAM|banks_0_tags_332[1]                                   ;        ;
; pifoEngines_0|enque_brain|engineCAM|banks_0_tags_332[0]                                   ;        ;
; pifoEngines_0|enque_brain|engineCAM|banks_0_tags_332[18]                                  ;        ;
; pifoEngines_0|enque_brain|engineCAM|banks_0_tags_332[17]                                  ;        ;
; guard|emptyPifos_0_244                                                                    ;        ;
; pifoEngines_0|enque_brain|engineCAM|banks_0_tags_332[16]                                  ;        ;
; pifoEngines_0|enque_brain|engineCAM|banks_0_tags_332[15]                                  ;        ;
; pifoEngines_0|enque_brain|engineCAM|banks_0_tags_332[20]                                  ;        ;
; pifoEngines_0|enque_brain|engineCAM|banks_0_tags_344[16]                                  ;        ;
; pifoEngines_0|enque_brain|engineCAM|banks_0_tags_344[15]                                  ;        ;
; pifoEngines_0|enque_brain|engineCAM|banks_0_tags_344[18]                                  ;        ;
; pifoEngines_0|enque_brain|engineCAM|banks_0_tags_344[2]                                   ;        ;
; pifoEngines_0|enque_brain|engineCAM|banks_0_tags_344[1]                                   ;        ;
; pifoEngines_0|enque_brain|engineCAM|banks_0_tags_344[0]                                   ;        ;
; pifoEngines_0|enque_brain|engineCAM|banks_0_tags_352[6]                                   ;        ;
; guard|emptyPifos_0_253                                                                    ;        ;
; pifoEngines_0|enque_brain|engineCAM|banks_0_tags_352[5]                                   ;        ;
; pifoEngines_0|enque_brain|engineCAM|banks_0_tags_352[4]                                   ;        ;
; pifoEngines_0|enque_brain|engineCAM|banks_0_tags_352[3]                                   ;        ;
; pifoEngines_0|enque_brain|engineCAM|banks_0_tags_352[2]                                   ;        ;
; pifoEngines_0|enque_brain|engineCAM|banks_0_tags_352[1]                                   ;        ;
; pifoEngines_0|enque_brain|engineCAM|banks_0_tags_352[0]                                   ;        ;
; pifoEngines_0|enque_brain|engineCAM|banks_0_tags_352[14]                                  ;        ;
; pifoEngines_0|enque_brain|engineCAM|banks_0_tags_352[13]                                  ;        ;
; pifoEngines_0|enque_brain|engineCAM|banks_0_tags_352[12]                                  ;        ;
; pifoEngines_0|enque_brain|engineCAM|banks_0_tags_352[11]                                  ;        ;
; guard|emptyPifos_0_245                                                                    ;        ;
; pifoEngines_0|enque_brain|engineCAM|banks_0_tags_352[16]                                  ;        ;
; pifoEngines_0|enque_brain|engineCAM|banks_0_tags_352[15]                                  ;        ;
; pifoEngines_0|enque_brain|engineCAM|banks_0_tags_352[18]                                  ;        ;
; pifoEngines_0|enque_brain|engineCAM|banks_0_tags_352[17]                                  ;        ;
; pifoEngines_0|enque_brain|engineCAM|banks_0_tags_352[10]                                  ;        ;
; pifoEngines_0|enque_brain|engineCAM|banks_0_tags_352[9]                                   ;        ;
; pifoEngines_0|enque_brain|engineCAM|banks_0_tags_352[8]                                   ;        ;
; pifoEngines_0|enque_brain|engineCAM|banks_0_tags_352[7]                                   ;        ;
; pifoEngines_0|enque_brain|engineCAM|banks_0_tags_352[20]                                  ;        ;
; pifoEngines_0|enque_brain|engineCAM|banks_0_tags_338[20]                                  ;        ;
; guard|emptyPifos_0_248                                                                    ;        ;
; pifoEngines_0|enque_brain|engineCAM|banks_0_tags_338[12]                                  ;        ;
; pifoEngines_0|enque_brain|engineCAM|banks_0_tags_338[11]                                  ;        ;
; pifoEngines_0|enque_brain|engineCAM|banks_0_tags_338[14]                                  ;        ;
; pifoEngines_0|enque_brain|engineCAM|banks_0_tags_338[13]                                  ;        ;
; pifoEngines_0|enque_brain|engineCAM|banks_0_tags_338[2]                                   ;        ;
; pifoEngines_0|enque_brain|engineCAM|banks_0_tags_338[1]                                   ;        ;
; pifoEngines_0|enque_brain|engineCAM|banks_0_tags_338[0]                                   ;        ;
; pifoEngines_0|enque_brain|engineCAM|banks_0_tags_340[14]                                  ;        ;
; pifoEngines_0|enque_brain|engineCAM|banks_0_tags_340[13]                                  ;        ;
; pifoEngines_0|enque_brain|engineCAM|banks_0_tags_340[12]                                  ;        ;
; guard|emptyPifos_0_249                                                                    ;        ;
; pifoEngines_0|enque_brain|engineCAM|banks_0_tags_340[11]                                  ;        ;
; pifoEngines_0|enque_brain|engineCAM|banks_0_tags_340[18]                                  ;        ;
; pifoEngines_0|enque_brain|engineCAM|banks_0_tags_340[17]                                  ;        ;
; pifoEngines_0|enque_brain|engineCAM|banks_0_tags_340[16]                                  ;        ;
; pifoEngines_0|enque_brain|engineCAM|banks_0_tags_340[2]                                   ;        ;
; pifoEngines_0|enque_brain|engineCAM|banks_0_tags_340[1]                                   ;        ;
; pifoEngines_0|enque_brain|engineCAM|banks_0_tags_340[0]                                   ;        ;
; pifoEngines_0|enque_brain|engineCAM|banks_0_tags_324[14]                                  ;        ;
; pifoEngines_0|enque_brain|engineCAM|banks_0_tags_324[13]                                  ;        ;
; pifoEngines_0|enque_brain|engineCAM|banks_0_tags_324[12]                                  ;        ;
; guard|emptyPifos_0_241                                                                    ;        ;
; pifoEngines_0|enque_brain|engineCAM|banks_0_tags_324[11]                                  ;        ;
; pifoEngines_0|enque_brain|engineCAM|banks_0_tags_324[18]                                  ;        ;
; pifoEngines_0|enque_brain|engineCAM|banks_0_tags_324[17]                                  ;        ;
; pifoEngines_0|enque_brain|engineCAM|banks_0_tags_324[16]                                  ;        ;
; pifoEngines_0|enque_brain|engineCAM|banks_0_tags_324[8]                                   ;        ;
; pifoEngines_0|enque_brain|engineCAM|banks_0_tags_324[7]                                   ;        ;
; pifoEngines_0|enque_brain|engineCAM|banks_0_tags_324[10]                                  ;        ;
; pifoEngines_0|enque_brain|engineCAM|banks_0_tags_324[9]                                   ;        ;
; pifoEngines_0|enque_brain|engineCAM|banks_0_tags_324[4]                                   ;        ;
; pifoEngines_0|enque_brain|engineCAM|banks_0_tags_324[3]                                   ;        ;
; guard|emptyPifos_0_254                                                                    ;        ;
; pifoEngines_0|enque_brain|engineCAM|banks_0_tags_324[6]                                   ;        ;
; pifoEngines_0|enque_brain|engineCAM|banks_0_tags_324[5]                                   ;        ;
; pifoEngines_0|enque_brain|engineCAM|banks_0_tags_324[2]                                   ;        ;
; pifoEngines_0|enque_brain|engineCAM|banks_0_tags_324[1]                                   ;        ;
; pifoEngines_0|enque_brain|engineCAM|banks_0_tags_324[0]                                   ;        ;
; pifoEngines_0|enque_brain|engineCAM|banks_0_tags_323[5]                                   ;        ;
; pifoEngines_0|enque_brain|engineCAM|banks_0_tags_323[3]                                   ;        ;
; pifoEngines_0|enque_brain|engineCAM|banks_0_tags_323[6]                                   ;        ;
; pifoEngines_0|enque_brain|engineCAM|banks_0_tags_323[4]                                   ;        ;
; pifoEngines_0|enque_brain|engineCAM|banks_0_tags_323[8]                                   ;        ;
; guard|emptyPifos_0_242                                                                    ;        ;
; pifoEngines_0|enque_brain|engineCAM|banks_0_tags_323[7]                                   ;        ;
; pifoEngines_0|enque_brain|engineCAM|banks_0_tags_323[10]                                  ;        ;
; pifoEngines_0|enque_brain|engineCAM|banks_0_tags_323[9]                                   ;        ;
; pifoEngines_0|enque_brain|engineCAM|banks_0_tags_323[12]                                  ;        ;
; pifoEngines_0|enque_brain|engineCAM|banks_0_tags_323[11]                                  ;        ;
; pifoEngines_0|enque_brain|engineCAM|banks_0_tags_323[14]                                  ;        ;
; pifoEngines_0|enque_brain|engineCAM|banks_0_tags_323[13]                                  ;        ;
; pifoEngines_0|enque_brain|engineCAM|banks_0_tags_323[2]                                   ;        ;
; pifoEngines_0|enque_brain|engineCAM|banks_0_tags_323[1]                                   ;        ;
; pifoEngines_0|enque_brain|engineCAM|banks_0_tags_323[0]                                   ;        ;
; guard|emptyPifos_0_246                                                                    ;        ;
; pifoEngines_0|enque_brain|engineCAM|banks_0_tags_323[18]                                  ;        ;
; pifoEngines_0|enque_brain|engineCAM|banks_0_tags_323[17]                                  ;        ;
; pifoEngines_0|enque_brain|engineCAM|banks_0_tags_323[16]                                  ;        ;
; pifoEngines_0|enque_brain|engineCAM|banks_0_tags_323[15]                                  ;        ;
; pifoEngines_0|enque_brain|engineCAM|banks_0_tags_323[20]                                  ;        ;
; pifoEngines_0|enque_brain|engineCAM|banks_0_tags_322[16]                                  ;        ;
; pifoEngines_0|enque_brain|engineCAM|banks_0_tags_322[15]                                  ;        ;
; pifoEngines_0|enque_brain|engineCAM|banks_0_tags_322[18]                                  ;        ;
; pifoEngines_0|enque_brain|engineCAM|banks_0_tags_321[10]                                  ;        ;
; pifoEngines_0|enque_brain|engineCAM|banks_0_tags_321[9]                                   ;        ;
; guard|emptyPifos_0_371                                                                    ;        ;
; guard|emptyPifos_0_401                                                                    ;        ;
; guard|emptyPifos_0_255                                                                    ;        ;
; pifoEngines_0|enque_brain|engineCAM|banks_0_tags_321[8]                                   ;        ;
; guard|emptyPifos_0_247                                                                    ;        ;
; guard|emptyPifos_0_250                                                                    ;        ;
; guard|emptyPifos_0_251                                                                    ;        ;
; guard|emptyPifos_0_243                                                                    ;        ;
; guard|emptyPifos_0_227                                                                    ;        ;
; guard|emptyPifos_0_224                                                                    ;        ;
; guard|emptyPifos_0_225                                                                    ;        ;
; guard|emptyPifos_0_231                                                                    ;        ;
; guard|emptyPifos_0_229                                                                    ;        ;
; guard|emptyPifos_0_273                                                                    ;        ;
; guard|emptyPifos_0_226                                                                    ;        ;
; guard|emptyPifos_0_230                                                                    ;        ;
; guard|emptyPifos_0_228                                                                    ;        ;
; guard|emptyPifos_2_459                                                                    ;        ;
; guard|emptyPifos_2_267                                                                    ;        ;
; guard|emptyPifos_2_331                                                                    ;        ;
; guard|emptyPifos_2_463                                                                    ;        ;
; guard|emptyPifos_2_335                                                                    ;        ;
; guard|emptyPifos_2_395                                                                    ;        ;
; guard|emptyPifos_2_399                                                                    ;        ;
; guard|emptyPifos_0_487                                                                    ;        ;
; guard|emptyPifos_2_271                                                                    ;        ;
; guard|emptyPifos_2_458                                                                    ;        ;
; guard|emptyPifos_2_266                                                                    ;        ;
; guard|emptyPifos_2_330                                                                    ;        ;
; guard|emptyPifos_2_451                                                                    ;        ;
; guard|emptyPifos_2_259                                                                    ;        ;
; guard|emptyPifos_2_323                                                                    ;        ;
; guard|emptyPifos_2_455                                                                    ;        ;
; guard|emptyPifos_2_327                                                                    ;        ;
; guard|emptyPifos_2_387                                                                    ;        ;
; guard|emptyPifos_0_359                                                                    ;        ;
; guard|emptyPifos_2_391                                                                    ;        ;
; guard|emptyPifos_2_263                                                                    ;        ;
; guard|emptyPifos_2_460                                                                    ;        ;
; guard|emptyPifos_2_332                                                                    ;        ;
; guard|emptyPifos_2_392                                                                    ;        ;
; guard|emptyPifos_2_396                                                                    ;        ;
; guard|emptyPifos_2_268                                                                    ;        ;
; guard|emptyPifos_2_448                                                                    ;        ;
; guard|emptyPifos_2_256                                                                    ;        ;
; guard|emptyPifos_2_320                                                                    ;        ;
; guard|emptyPifos_0_422                                                                    ;        ;
; guard|emptyPifos_2_452                                                                    ;        ;
; guard|emptyPifos_2_324                                                                    ;        ;
; guard|emptyPifos_2_384                                                                    ;        ;
; guard|emptyPifos_2_388                                                                    ;        ;
; guard|emptyPifos_2_260                                                                    ;        ;
; guard|emptyPifos_2_457                                                                    ;        ;
; guard|emptyPifos_2_265                                                                    ;        ;
; guard|emptyPifos_2_329                                                                    ;        ;
; guard|emptyPifos_2_461                                                                    ;        ;
; guard|emptyPifos_2_333                                                                    ;        ;
; guard|emptyPifos_0_423                                                                    ;        ;
; guard|emptyPifos_2_393                                                                    ;        ;
; guard|emptyPifos_2_397                                                                    ;        ;
; guard|emptyPifos_2_269                                                                    ;        ;
; guard|emptyPifos_2_456                                                                    ;        ;
; guard|emptyPifos_2_264                                                                    ;        ;
; guard|emptyPifos_2_328                                                                    ;        ;
; guard|emptyPifos_2_449                                                                    ;        ;
; guard|emptyPifos_2_257                                                                    ;        ;
; guard|emptyPifos_2_321                                                                    ;        ;
; guard|emptyPifos_2_453                                                                    ;        ;
; guard|emptyPifos_0_295                                                                    ;        ;
; guard|emptyPifos_2_325                                                                    ;        ;
; guard|emptyPifos_2_385                                                                    ;        ;
; guard|emptyPifos_2_389                                                                    ;        ;
; guard|emptyPifos_2_261                                                                    ;        ;
; guard|emptyPifos_2_286                                                                    ;        ;
; guard|emptyPifos_2_274                                                                    ;        ;
; guard|emptyPifos_2_278                                                                    ;        ;
; guard|emptyPifos_2_350                                                                    ;        ;
; guard|emptyPifos_2_342                                                                    ;        ;
; guard|emptyPifos_2_282                                                                    ;        ;
; guard|emptyPifos_0_484                                                                    ;        ;
; guard|emptyPifos_2_346                                                                    ;        ;
; guard|emptyPifos_2_338                                                                    ;        ;
; guard|emptyPifos_2_414                                                                    ;        ;
; guard|emptyPifos_2_402                                                                    ;        ;
; guard|emptyPifos_2_406                                                                    ;        ;
; guard|emptyPifos_2_478                                                                    ;        ;
; guard|emptyPifos_2_470                                                                    ;        ;
; guard|emptyPifos_2_410                                                                    ;        ;
; guard|emptyPifos_2_474                                                                    ;        ;
; guard|emptyPifos_2_466                                                                    ;        ;
; guard|emptyPifos_0_292                                                                    ;        ;
; guard|emptyPifos_2_467                                                                    ;        ;
; guard|emptyPifos_2_275                                                                    ;        ;
; guard|emptyPifos_2_339                                                                    ;        ;
; guard|emptyPifos_2_471                                                                    ;        ;
; guard|emptyPifos_2_343                                                                    ;        ;
; guard|emptyPifos_2_403                                                                    ;        ;
; guard|emptyPifos_2_407                                                                    ;        ;
; guard|emptyPifos_2_279                                                                    ;        ;
; guard|emptyPifos_2_475                                                                    ;        ;
; guard|emptyPifos_2_283                                                                    ;        ;
; guard|emptyPifos_0_356                                                                    ;        ;
; guard|emptyPifos_2_347                                                                    ;        ;
; guard|emptyPifos_2_479                                                                    ;        ;
; guard|emptyPifos_2_351                                                                    ;        ;
; guard|emptyPifos_2_411                                                                    ;        ;
; guard|emptyPifos_2_415                                                                    ;        ;
; guard|emptyPifos_2_287                                                                    ;        ;
; guard|emptyPifos_2_462                                                                    ;        ;
; guard|emptyPifos_2_334                                                                    ;        ;
; guard|emptyPifos_2_394                                                                    ;        ;
; guard|emptyPifos_2_398                                                                    ;        ;
; guard|emptyPifos_0_434                                                                    ;        ;
; guard|emptyPifos_0_485                                                                    ;        ;
; guard|emptyPifos_2_270                                                                    ;        ;
; guard|emptyPifos_2_450                                                                    ;        ;
; guard|emptyPifos_2_258                                                                    ;        ;
; guard|emptyPifos_2_322                                                                    ;        ;
; guard|emptyPifos_2_454                                                                    ;        ;
; guard|emptyPifos_2_326                                                                    ;        ;
; guard|emptyPifos_2_386                                                                    ;        ;
; guard|emptyPifos_2_390                                                                    ;        ;
; guard|emptyPifos_2_262                                                                    ;        ;
; guard|emptyPifos_2_476                                                                    ;        ;
; guard|emptyPifos_0_357                                                                    ;        ;
; guard|emptyPifos_2_348                                                                    ;        ;
; guard|emptyPifos_2_408                                                                    ;        ;
; guard|emptyPifos_2_412                                                                    ;        ;
; guard|emptyPifos_2_284                                                                    ;        ;
; guard|emptyPifos_2_464                                                                    ;        ;
; guard|emptyPifos_2_272                                                                    ;        ;
; guard|emptyPifos_2_336                                                                    ;        ;
; guard|emptyPifos_2_468                                                                    ;        ;
; guard|emptyPifos_2_340                                                                    ;        ;
; guard|emptyPifos_2_400                                                                    ;        ;
; guard|emptyPifos_0_420                                                                    ;        ;
; guard|emptyPifos_2_404                                                                    ;        ;
; guard|emptyPifos_2_276                                                                    ;        ;
; guard|emptyPifos_2_473                                                                    ;        ;
; guard|emptyPifos_2_281                                                                    ;        ;
; guard|emptyPifos_2_345                                                                    ;        ;
; guard|emptyPifos_2_477                                                                    ;        ;
; guard|emptyPifos_2_349                                                                    ;        ;
; guard|emptyPifos_2_409                                                                    ;        ;
; guard|emptyPifos_2_413                                                                    ;        ;
; guard|emptyPifos_2_285                                                                    ;        ;
; guard|emptyPifos_0_421                                                                    ;        ;
; guard|emptyPifos_2_472                                                                    ;        ;
; guard|emptyPifos_2_280                                                                    ;        ;
; guard|emptyPifos_2_344                                                                    ;        ;
; guard|emptyPifos_2_465                                                                    ;        ;
; guard|emptyPifos_2_273                                                                    ;        ;
; guard|emptyPifos_2_337                                                                    ;        ;
; guard|emptyPifos_2_469                                                                    ;        ;
; guard|emptyPifos_2_341                                                                    ;        ;
; guard|emptyPifos_2_401                                                                    ;        ;
; guard|emptyPifos_2_405                                                                    ;        ;
; guard|emptyPifos_0_293                                                                    ;        ;
; guard|emptyPifos_2_277                                                                    ;        ;
; guard|emptyPifos_2_493                                                                    ;        ;
; guard|emptyPifos_2_365                                                                    ;        ;
; guard|emptyPifos_2_425                                                                    ;        ;
; guard|emptyPifos_2_429                                                                    ;        ;
; guard|emptyPifos_2_301                                                                    ;        ;
; guard|emptyPifos_2_481                                                                    ;        ;
; guard|emptyPifos_2_289                                                                    ;        ;
; guard|emptyPifos_2_353                                                                    ;        ;
; guard|emptyPifos_2_485                                                                    ;        ;
; guard|emptyPifos_0_502                                                                    ;        ;
; guard|emptyPifos_2_357                                                                    ;        ;
; guard|emptyPifos_2_417                                                                    ;        ;
; guard|emptyPifos_2_421                                                                    ;        ;
; guard|emptyPifos_2_293                                                                    ;        ;
; guard|emptyPifos_2_491                                                                    ;        ;
; guard|emptyPifos_2_299                                                                    ;        ;
; guard|emptyPifos_2_363                                                                    ;        ;
; guard|emptyPifos_2_495                                                                    ;        ;
; guard|emptyPifos_2_367                                                                    ;        ;
; guard|emptyPifos_2_427                                                                    ;        ;
; guard|emptyPifos_0_310                                                                    ;        ;
; guard|emptyPifos_2_431                                                                    ;        ;
; guard|emptyPifos_2_303                                                                    ;        ;
; guard|emptyPifos_2_489                                                                    ;        ;
; guard|emptyPifos_2_297                                                                    ;        ;
; guard|emptyPifos_2_361                                                                    ;        ;
; guard|emptyPifos_2_483                                                                    ;        ;
; guard|emptyPifos_2_291                                                                    ;        ;
; guard|emptyPifos_2_355                                                                    ;        ;
; guard|emptyPifos_2_487                                                                    ;        ;
; guard|emptyPifos_2_359                                                                    ;        ;
; guard|emptyPifos_0_374                                                                    ;        ;
; guard|emptyPifos_2_419                                                                    ;        ;
; guard|emptyPifos_2_423                                                                    ;        ;
; guard|emptyPifos_2_295                                                                    ;        ;
; guard|emptyPifos_2_499                                                                    ;        ;
; guard|emptyPifos_2_497                                                                    ;        ;
; guard|emptyPifos_2_434                                                                    ;        ;
; guard|emptyPifos_2_498                                                                    ;        ;
; guard|emptyPifos_2_496                                                                    ;        ;
; guard|emptyPifos_2_307                                                                    ;        ;
; guard|emptyPifos_2_304                                                                    ;        ;
; guard|emptyPifos_0_503                                                                    ;        ;
; guard|emptyPifos_2_305                                                                    ;        ;
; guard|emptyPifos_2_371                                                                    ;        ;
; guard|emptyPifos_2_369                                                                    ;        ;
; guard|emptyPifos_2_306                                                                    ;        ;
; guard|emptyPifos_2_370                                                                    ;        ;
; guard|emptyPifos_2_368                                                                    ;        ;
; guard|emptyPifos_2_439                                                                    ;        ;
; guard|emptyPifos_2_436                                                                    ;        ;
; guard|emptyPifos_2_437                                                                    ;        ;
; guard|emptyPifos_2_503                                                                    ;        ;
; guard|emptyPifos_0_375                                                                    ;        ;
; guard|emptyPifos_2_501                                                                    ;        ;
; guard|emptyPifos_2_438                                                                    ;        ;
; guard|emptyPifos_2_502                                                                    ;        ;
; guard|emptyPifos_2_500                                                                    ;        ;
; guard|emptyPifos_2_435                                                                    ;        ;
; guard|emptyPifos_2_432                                                                    ;        ;
; guard|emptyPifos_2_433                                                                    ;        ;
; guard|emptyPifos_2_311                                                                    ;        ;
; guard|emptyPifos_2_308                                                                    ;        ;
; guard|emptyPifos_2_309                                                                    ;        ;
; guard|emptyPifos_0_435                                                                    ;        ;
; guard|emptyPifos_0_438                                                                    ;        ;
; guard|emptyPifos_2_375                                                                    ;        ;
; guard|emptyPifos_2_373                                                                    ;        ;
; guard|emptyPifos_2_310                                                                    ;        ;
; guard|emptyPifos_2_374                                                                    ;        ;
; guard|emptyPifos_2_372                                                                    ;        ;
; guard|emptyPifos_2_507                                                                    ;        ;
; guard|emptyPifos_2_505                                                                    ;        ;
; guard|emptyPifos_2_442                                                                    ;        ;
; guard|emptyPifos_2_506                                                                    ;        ;
; guard|emptyPifos_2_504                                                                    ;        ;
; guard|emptyPifos_0_439                                                                    ;        ;
; guard|emptyPifos_2_315                                                                    ;        ;
; guard|emptyPifos_2_312                                                                    ;        ;
; guard|emptyPifos_2_313                                                                    ;        ;
; guard|emptyPifos_2_379                                                                    ;        ;
; guard|emptyPifos_2_377                                                                    ;        ;
; guard|emptyPifos_2_314                                                                    ;        ;
; guard|emptyPifos_2_378                                                                    ;        ;
; guard|emptyPifos_2_376                                                                    ;        ;
; guard|emptyPifos_2_447                                                                    ;        ;
; guard|emptyPifos_2_444                                                                    ;        ;
; guard|emptyPifos_0_311                                                                    ;        ;
; guard|emptyPifos_2_445                                                                    ;        ;
; guard|emptyPifos_2_511                                                                    ;        ;
; guard|emptyPifos_2_509                                                                    ;        ;
; guard|emptyPifos_2_446                                                                    ;        ;
; guard|emptyPifos_2_510                                                                    ;        ;
; guard|emptyPifos_2_508                                                                    ;        ;
; guard|emptyPifos_2_443                                                                    ;        ;
; guard|emptyPifos_2_440                                                                    ;        ;
; guard|emptyPifos_2_441                                                                    ;        ;
; guard|emptyPifos_2_319                                                                    ;        ;
; guard|emptyPifos_0_486                                                                    ;        ;
; guard|emptyPifos_2_316                                                                    ;        ;
; guard|emptyPifos_2_317                                                                    ;        ;
; guard|emptyPifos_2_383                                                                    ;        ;
; guard|emptyPifos_2_381                                                                    ;        ;
; guard|emptyPifos_2_318                                                                    ;        ;
; guard|emptyPifos_2_382                                                                    ;        ;
; guard|emptyPifos_2_380                                                                    ;        ;
; guard|emptyPifos_2_492                                                                    ;        ;
; guard|emptyPifos_2_484                                                                    ;        ;
; guard|emptyPifos_2_424                                                                    ;        ;
; guard|emptyPifos_0_294                                                                    ;        ;
; guard|emptyPifos_2_488                                                                    ;        ;
; guard|emptyPifos_2_480                                                                    ;        ;
; guard|emptyPifos_2_300                                                                    ;        ;
; guard|emptyPifos_2_288                                                                    ;        ;
; guard|emptyPifos_2_292                                                                    ;        ;
; guard|emptyPifos_2_364                                                                    ;        ;
; guard|emptyPifos_2_356                                                                    ;        ;
; guard|emptyPifos_2_296                                                                    ;        ;
; guard|emptyPifos_2_360                                                                    ;        ;
; guard|emptyPifos_2_352                                                                    ;        ;
; guard|emptyPifos_0_358                                                                    ;        ;
; guard|emptyPifos_2_430                                                                    ;        ;
; guard|emptyPifos_2_418                                                                    ;        ;
; guard|emptyPifos_2_422                                                                    ;        ;
; guard|emptyPifos_2_494                                                                    ;        ;
; guard|emptyPifos_2_486                                                                    ;        ;
; guard|emptyPifos_2_426                                                                    ;        ;
; guard|emptyPifos_2_490                                                                    ;        ;
; guard|emptyPifos_2_482                                                                    ;        ;
; guard|emptyPifos_2_428                                                                    ;        ;
; guard|emptyPifos_2_416                                                                    ;        ;
; guard|emptyPifos_0_500                                                                    ;        ;
; guard|emptyPifos_2_420                                                                    ;        ;
; guard|emptyPifos_2_302                                                                    ;        ;
; guard|emptyPifos_2_290                                                                    ;        ;
; guard|emptyPifos_2_294                                                                    ;        ;
; guard|emptyPifos_2_366                                                                    ;        ;
; guard|emptyPifos_2_358                                                                    ;        ;
; guard|emptyPifos_2_298                                                                    ;        ;
; guard|emptyPifos_2_362                                                                    ;        ;
; guard|emptyPifos_2_354                                                                    ;        ;
; guard|emptyPifos_2_60                                                                     ;        ;
; guard|emptyPifos_0_308                                                                    ;        ;
; guard|emptyPifos_2_48                                                                     ;        ;
; guard|emptyPifos_2_52                                                                     ;        ;
; guard|emptyPifos_2_61                                                                     ;        ;
; guard|emptyPifos_2_53                                                                     ;        ;
; guard|emptyPifos_2_56                                                                     ;        ;
; guard|emptyPifos_2_57                                                                     ;        ;
; guard|emptyPifos_2_49                                                                     ;        ;
; guard|emptyPifos_2_62                                                                     ;        ;
; guard|emptyPifos_2_50                                                                     ;        ;
; guard|emptyPifos_2_54                                                                     ;        ;
; guard|emptyPifos_0_372                                                                    ;        ;
; guard|emptyPifos_2_63                                                                     ;        ;
; guard|emptyPifos_2_55                                                                     ;        ;
; guard|emptyPifos_2_58                                                                     ;        ;
; guard|emptyPifos_2_59                                                                     ;        ;
; guard|emptyPifos_2_51                                                                     ;        ;
; guard|emptyPifos_2_15                                                                     ;        ;
; guard|emptyPifos_2_7                                                                      ;        ;
; guard|emptyPifos_2_10                                                                     ;        ;
; guard|emptyPifos_2_11                                                                     ;        ;
; guard|emptyPifos_2_3                                                                      ;        ;
; guard|emptyPifos_0_501                                                                    ;        ;
; guard|emptyPifos_2_12                                                                     ;        ;
; guard|emptyPifos_2_0                                                                      ;        ;
; guard|emptyPifos_2_4                                                                      ;        ;
; guard|emptyPifos_2_13                                                                     ;        ;
; guard|emptyPifos_2_5                                                                      ;        ;
; guard|emptyPifos_2_8                                                                      ;        ;
; guard|emptyPifos_2_9                                                                      ;        ;
; guard|emptyPifos_2_1                                                                      ;        ;
; guard|emptyPifos_2_30                                                                     ;        ;
; guard|emptyPifos_2_18                                                                     ;        ;
; guard|emptyPifos_0_307                                                                    ;        ;
; guard|emptyPifos_0_373                                                                    ;        ;
; guard|emptyPifos_2_22                                                                     ;        ;
; guard|emptyPifos_2_31                                                                     ;        ;
; guard|emptyPifos_2_23                                                                     ;        ;
; guard|emptyPifos_2_26                                                                     ;        ;
; guard|emptyPifos_2_27                                                                     ;        ;
; guard|emptyPifos_2_19                                                                     ;        ;
; guard|emptyPifos_2_14                                                                     ;        ;
; guard|emptyPifos_2_2                                                                      ;        ;
; guard|emptyPifos_2_6                                                                      ;        ;
; guard|emptyPifos_2_28                                                                     ;        ;
; guard|emptyPifos_0_436                                                                    ;        ;
; guard|emptyPifos_2_16                                                                     ;        ;
; guard|emptyPifos_2_20                                                                     ;        ;
; guard|emptyPifos_2_29                                                                     ;        ;
; guard|emptyPifos_2_21                                                                     ;        ;
; guard|emptyPifos_2_24                                                                     ;        ;
; guard|emptyPifos_2_25                                                                     ;        ;
; guard|emptyPifos_2_17                                                                     ;        ;
; guard|emptyPifos_2_115                                                                    ;        ;
; guard|emptyPifos_2_113                                                                    ;        ;
; guard|emptyPifos_2_98                                                                     ;        ;
; guard|emptyPifos_0_437                                                                    ;        ;
; guard|emptyPifos_2_114                                                                    ;        ;
; guard|emptyPifos_2_112                                                                    ;        ;
; guard|emptyPifos_2_67                                                                     ;        ;
; guard|emptyPifos_2_64                                                                     ;        ;
; guard|emptyPifos_2_65                                                                     ;        ;
; guard|emptyPifos_2_83                                                                     ;        ;
; guard|emptyPifos_2_81                                                                     ;        ;
; guard|emptyPifos_2_66                                                                     ;        ;
; guard|emptyPifos_2_82                                                                     ;        ;
; guard|emptyPifos_2_80                                                                     ;        ;
; guard|emptyPifos_0_309                                                                    ;        ;
; guard|emptyPifos_2_103                                                                    ;        ;
; guard|emptyPifos_2_100                                                                    ;        ;
; guard|emptyPifos_2_101                                                                    ;        ;
; guard|emptyPifos_2_119                                                                    ;        ;
; guard|emptyPifos_2_117                                                                    ;        ;
; guard|emptyPifos_2_102                                                                    ;        ;
; guard|emptyPifos_2_118                                                                    ;        ;
; guard|emptyPifos_2_116                                                                    ;        ;
; guard|emptyPifos_2_99                                                                     ;        ;
; guard|emptyPifos_2_96                                                                     ;        ;
; guard|emptyPifos_0_483                                                                    ;        ;
; guard|emptyPifos_2_97                                                                     ;        ;
; guard|emptyPifos_2_71                                                                     ;        ;
; guard|emptyPifos_2_68                                                                     ;        ;
; guard|emptyPifos_2_69                                                                     ;        ;
; guard|emptyPifos_2_87                                                                     ;        ;
; guard|emptyPifos_2_85                                                                     ;        ;
; guard|emptyPifos_2_70                                                                     ;        ;
; guard|emptyPifos_2_86                                                                     ;        ;
; guard|emptyPifos_2_84                                                                     ;        ;
; guard|emptyPifos_2_107                                                                    ;        ;
; guard|emptyPifos_0_355                                                                    ;        ;
; guard|emptyPifos_2_104                                                                    ;        ;
; guard|emptyPifos_2_105                                                                    ;        ;
; guard|emptyPifos_2_123                                                                    ;        ;
; guard|emptyPifos_2_121                                                                    ;        ;
; guard|emptyPifos_2_106                                                                    ;        ;
; guard|emptyPifos_2_122                                                                    ;        ;
; guard|emptyPifos_2_120                                                                    ;        ;
; guard|emptyPifos_2_124                                                                    ;        ;
; guard|emptyPifos_2_76                                                                     ;        ;
; guard|emptyPifos_2_92                                                                     ;        ;
; guard|emptyPifos_0_418                                                                    ;        ;
; guard|emptyPifos_2_125                                                                    ;        ;
; guard|emptyPifos_2_93                                                                     ;        ;
; guard|emptyPifos_2_108                                                                    ;        ;
; guard|emptyPifos_2_109                                                                    ;        ;
; guard|emptyPifos_2_77                                                                     ;        ;
; guard|emptyPifos_2_126                                                                    ;        ;
; guard|emptyPifos_2_78                                                                     ;        ;
; guard|emptyPifos_2_94                                                                     ;        ;
; guard|emptyPifos_2_127                                                                    ;        ;
; guard|emptyPifos_2_95                                                                     ;        ;
; guard|emptyPifos_0_419                                                                    ;        ;
; guard|emptyPifos_2_110                                                                    ;        ;
; guard|emptyPifos_2_111                                                                    ;        ;
; guard|emptyPifos_2_79                                                                     ;        ;
; guard|emptyPifos_2_75                                                                     ;        ;
; guard|emptyPifos_2_72                                                                     ;        ;
; guard|emptyPifos_2_73                                                                     ;        ;
; guard|emptyPifos_2_91                                                                     ;        ;
; guard|emptyPifos_2_89                                                                     ;        ;
; guard|emptyPifos_2_74                                                                     ;        ;
; guard|emptyPifos_2_90                                                                     ;        ;
; guard|emptyPifos_0_291                                                                    ;        ;
; guard|emptyPifos_2_88                                                                     ;        ;
; guard|emptyPifos_2_163                                                                    ;        ;
; guard|emptyPifos_2_160                                                                    ;        ;
; guard|emptyPifos_2_161                                                                    ;        ;
; guard|emptyPifos_2_167                                                                    ;        ;
; guard|emptyPifos_2_165                                                                    ;        ;
; guard|emptyPifos_2_162                                                                    ;        ;
; guard|emptyPifos_2_166                                                                    ;        ;
; guard|emptyPifos_2_164                                                                    ;        ;
; guard|emptyPifos_2_171                                                                    ;        ;
; guard|emptyPifos_0_480                                                                    ;        ;
; guard|emptyPifos_2_168                                                                    ;        ;
; guard|emptyPifos_2_169                                                                    ;        ;
; guard|emptyPifos_2_175                                                                    ;        ;
; guard|emptyPifos_2_173                                                                    ;        ;
; guard|emptyPifos_2_170                                                                    ;        ;
; guard|emptyPifos_2_174                                                                    ;        ;
; guard|emptyPifos_2_172                                                                    ;        ;
; guard|emptyPifos_2_188                                                                    ;        ;
; guard|emptyPifos_2_176                                                                    ;        ;
; guard|emptyPifos_2_180                                                                    ;        ;
; guard|emptyPifos_0_482                                                                    ;        ;
; guard|emptyPifos_0_288                                                                    ;        ;
; guard|emptyPifos_2_189                                                                    ;        ;
; guard|emptyPifos_2_181                                                                    ;        ;
; guard|emptyPifos_2_184                                                                    ;        ;
; guard|emptyPifos_2_185                                                                    ;        ;
; guard|emptyPifos_2_177                                                                    ;        ;
; guard|emptyPifos_2_190                                                                    ;        ;
; guard|emptyPifos_2_178                                                                    ;        ;
; guard|emptyPifos_2_182                                                                    ;        ;
; guard|emptyPifos_2_191                                                                    ;        ;
; guard|emptyPifos_2_183                                                                    ;        ;
; guard|emptyPifos_0_352                                                                    ;        ;
; guard|emptyPifos_2_186                                                                    ;        ;
; guard|emptyPifos_2_187                                                                    ;        ;
; guard|emptyPifos_2_179                                                                    ;        ;
; guard|emptyPifos_2_35                                                                     ;        ;
; guard|emptyPifos_2_32                                                                     ;        ;
; guard|emptyPifos_2_33                                                                     ;        ;
; guard|emptyPifos_2_39                                                                     ;        ;
; guard|emptyPifos_2_37                                                                     ;        ;
; guard|emptyPifos_2_34                                                                     ;        ;
; guard|emptyPifos_2_38                                                                     ;        ;
; guard|emptyPifos_0_481                                                                    ;        ;
; guard|emptyPifos_2_36                                                                     ;        ;
; guard|emptyPifos_2_43                                                                     ;        ;
; guard|emptyPifos_2_40                                                                     ;        ;
; guard|emptyPifos_2_41                                                                     ;        ;
; guard|emptyPifos_2_47                                                                     ;        ;
; guard|emptyPifos_2_45                                                                     ;        ;
; guard|emptyPifos_2_42                                                                     ;        ;
; guard|emptyPifos_2_46                                                                     ;        ;
; guard|emptyPifos_2_44                                                                     ;        ;
; guard|emptyPifos_2_143                                                                    ;        ;
; guard|emptyPifos_0_353                                                                    ;        ;
; guard|emptyPifos_2_135                                                                    ;        ;
; guard|emptyPifos_2_138                                                                    ;        ;
; guard|emptyPifos_2_139                                                                    ;        ;
; guard|emptyPifos_2_131                                                                    ;        ;
; guard|emptyPifos_2_140                                                                    ;        ;
; guard|emptyPifos_2_128                                                                    ;        ;
; guard|emptyPifos_2_132                                                                    ;        ;
; guard|emptyPifos_2_141                                                                    ;        ;
; guard|emptyPifos_2_133                                                                    ;        ;
; guard|emptyPifos_2_136                                                                    ;        ;
; guard|emptyPifos_0_416                                                                    ;        ;
; guard|emptyPifos_2_137                                                                    ;        ;
; guard|emptyPifos_2_129                                                                    ;        ;
; guard|emptyPifos_2_158                                                                    ;        ;
; guard|emptyPifos_2_146                                                                    ;        ;
; guard|emptyPifos_2_150                                                                    ;        ;
; guard|emptyPifos_2_159                                                                    ;        ;
; guard|emptyPifos_2_151                                                                    ;        ;
; guard|emptyPifos_2_154                                                                    ;        ;
; guard|emptyPifos_2_155                                                                    ;        ;
; guard|emptyPifos_2_147                                                                    ;        ;
; guard|emptyPifos_0_417                                                                    ;        ;
; guard|emptyPifos_2_142                                                                    ;        ;
; guard|emptyPifos_2_130                                                                    ;        ;
; guard|emptyPifos_2_134                                                                    ;        ;
; guard|emptyPifos_2_156                                                                    ;        ;
; guard|emptyPifos_2_144                                                                    ;        ;
; guard|emptyPifos_2_148                                                                    ;        ;
; guard|emptyPifos_2_157                                                                    ;        ;
; guard|emptyPifos_2_149                                                                    ;        ;
; guard|emptyPifos_2_152                                                                    ;        ;
; guard|emptyPifos_2_153                                                                    ;        ;
; guard|emptyPifos_0_289                                                                    ;        ;
; guard|emptyPifos_2_145                                                                    ;        ;
; guard|emptyPifos_2_252                                                                    ;        ;
; guard|emptyPifos_2_220                                                                    ;        ;
; guard|emptyPifos_2_232                                                                    ;        ;
; guard|emptyPifos_2_236                                                                    ;        ;
; guard|emptyPifos_2_204                                                                    ;        ;
; guard|emptyPifos_2_240                                                                    ;        ;
; guard|emptyPifos_2_192                                                                    ;        ;
; guard|emptyPifos_2_208                                                                    ;        ;
; guard|emptyPifos_2_244                                                                    ;        ;
; guard|emptyPifos_0_455                                                                    ;        ;
; guard|emptyPifos_2_212                                                                    ;        ;
; guard|emptyPifos_2_224                                                                    ;        ;
; guard|emptyPifos_2_228                                                                    ;        ;
; guard|emptyPifos_2_196                                                                    ;        ;
; guard|emptyPifos_2_249                                                                    ;        ;
; guard|emptyPifos_2_201                                                                    ;        ;
; guard|emptyPifos_2_217                                                                    ;        ;
; guard|emptyPifos_2_253                                                                    ;        ;
; guard|emptyPifos_2_221                                                                    ;        ;
; guard|emptyPifos_2_233                                                                    ;        ;
; guard|emptyPifos_0_327                                                                    ;        ;
; guard|emptyPifos_2_237                                                                    ;        ;
; guard|emptyPifos_2_205                                                                    ;        ;
; guard|emptyPifos_2_248                                                                    ;        ;
; guard|emptyPifos_2_200                                                                    ;        ;
; guard|emptyPifos_2_216                                                                    ;        ;
; guard|emptyPifos_2_241                                                                    ;        ;
; guard|emptyPifos_2_193                                                                    ;        ;
; guard|emptyPifos_2_209                                                                    ;        ;
; guard|emptyPifos_2_245                                                                    ;        ;
; guard|emptyPifos_2_213                                                                    ;        ;
; guard|emptyPifos_0_390                                                                    ;        ;
; guard|emptyPifos_2_225                                                                    ;        ;
; guard|emptyPifos_2_229                                                                    ;        ;
; guard|emptyPifos_2_197                                                                    ;        ;
; guard|emptyPifos_2_250                                                                    ;        ;
; guard|emptyPifos_2_202                                                                    ;        ;
; guard|emptyPifos_2_218                                                                    ;        ;
; guard|emptyPifos_2_254                                                                    ;        ;
; guard|emptyPifos_2_222                                                                    ;        ;
; guard|emptyPifos_2_234                                                                    ;        ;
; guard|emptyPifos_2_238                                                                    ;        ;
+-------------------------------------------------------------------------------------------+--------+


Status:		PASS
Severity:		High
Number of violations: 	0
Rule Parameters:      	max_violations = 5000
+-------------------------------------------------+
; LNT-30011 - Design Contains Combinational Loops ;
+-------------------------------------------------+


Status:		PASS
Severity:		Medium
Number of violations: 	0
Rule Parameters:      	max_violations = 5000
+-----------------------------------------------------------------------------------------------------------------+
; LNT-30017 - Register Output Driving Its Own Asynchronous Control Signal Directly or Through Combinational Logic ;
+-----------------------------------------------------------------------------------------------------------------+


Status:		PASS
Severity:		Medium
Number of violations: 	0
Rule Parameters:      	max_violations = 5000
+-----------------------------------------------+
; LNT-30023 - Reset Nets with Polarity Conflict ;
+-----------------------------------------------+


Status:		PASS
Severity:		Medium
Number of violations: 	0
Rule Parameters:      	max_violations = 5000
+-------------------------------------------------+
; RES-30132 - Registers May Not Be Properly Reset ;
+-------------------------------------------------+


Status:		PASS
Severity:		Medium
Number of violations: 	0
Rule Parameters:      	
		max_violations = 5000
		exclude_ram_blocks_without_mif = True
+---------------------------------------------------------------------------------------------------------------------+
; RES-30133 - Embedded Memory Blocks with Initialized Content That Might be Modified Before the FPGA Enters User Mode ;
+---------------------------------------------------------------------------------------------------------------------+


Status:		PASS
Severity:		Medium
Number of violations: 	0
Rule Parameters:      	max_violations = 5000
+--------------------------------------------------------+
; TMC-20052 - Paths with Post Synthesis Inferred Latches ;
+--------------------------------------------------------+


Status:		PASS
Severity:		Low
Number of violations: 	0
Rule Parameters:      	max_violations = 5000
+------------------------------------------------+
; FLP-10500 - Non Driving Top Level Inputs Found ;
+------------------------------------------------+


Status:		PASS
Severity:		Low
Number of violations: 	0
Rule Parameters:      	max_violations = 5000
+--------------------------------------------------------------+
; LNT-30010 - Nets Driving both Reset and Clock Enable Signals ;
+--------------------------------------------------------------+


Status:		PASS
Severity:		Low
Number of violations: 	0
Rule Parameters:      	
		max_violations = 5000
		DSP_Chain_Threshold = 2
		DSP_Check_User_WYSIWYGs = True
+--------------------------------------------------------------+
; LNT-50006 - DSP Control Signal Registers Reset Mode Mismatch ;
+--------------------------------------------------------------+


Status:		PASS
Severity:		Low
Number of violations: 	0
Rule Parameters:      	
		max_violations = 5000
		DSP_High_Fanout_Net_Threshold = 500
		DSP_Chain_Threshold = 2
		DSP_Check_User_WYSIWYGs = True
+---------------------------------------------------+
; TMC-20053 - DSP Inputs Driven by High Fan-Out Net ;
+---------------------------------------------------+


Status:		PASS
Severity:		Low
Number of violations: 	0
Rule Parameters:      	max_violations = 5000
+-----------------------------------------------------------------------+
; TMC-20500 - Hierarchical Tree Duplication was Shallower than Possible ;
+-----------------------------------------------------------------------+


Status:		PASS
Severity:		Low
Number of violations: 	0
Rule Parameters:      	max_violations = 5000
+------------------------------------------------------------------------+
; TMC-20501 - Hierarchical Tree Duplication was Shallower than Requested ;
+------------------------------------------------------------------------+


