
****** Vivado v2025.2 (64-bit)
  **** SW Build 6299465 on Fri Nov 14 12:34:56 MST 2025
  **** IP Build 6300035 on Fri Nov 14 10:48:45 MST 2025
  **** SharedData Build 6298862 on Thu Nov 13 04:50:51 MST 2025
  **** Start of session at: Mon Sep  7 14:52:24 2026
    ** Copyright 1986-2022 Xilinx, Inc. All Rights Reserved.
    ** Copyright 2022-2025 Advanced Micro Devices, Inc. All Rights Reserved.

source /home/zg366/packet-scheduling-shared-synthesis/pifo-hardware/synthesis/vivado_synth.tcl
# if {$argc < 5 || $argc > 7} {
#     error {Expected BUILD_DIR PART THREADS CLOCK_PERIOD_NS PREPARE_ONLY [DIRECTIVE] [ALLOW_OVER_CAPACITY]}
# }
# lassign $argv build_dir part threads period prepare_only directive allow_over_capacity
# if {$directive eq ""} { set directive default }
# if {$allow_over_capacity eq ""} { set allow_over_capacity 0 }
# set build_dir [file normalize $build_dir]
# set rtl_dir [file join $build_dir rtl]
# set report_dir [file join $build_dir reports]
# file mkdir $report_dir
# if {[llength [get_parts -quiet $part]] != 1} {
#     error "Target part is not installed: $part"
# }
# puts "PIFO_VIVADO_VERSION: [version -short]"
PIFO_VIVADO_VERSION: 2025.2
# puts "PIFO_VIVADO_PART: $part"
PIFO_VIVADO_PART: xcku5p-ffvb676-2-e
# set_param general.maxThreads $threads
# create_project -in_memory -part $part
# cd $rtl_dir
# read_verilog -sv [glob -directory $rtl_dir *.v *.sv]
# set xdc [file join $build_dir pifo.xdc]
# set constraints [open $xdc w]
# puts $constraints "create_clock -name clk -period $period \[get_ports clk\]"
# puts $constraints {set_false_path -from [get_ports reset]}
# close $constraints
# read_xdc $xdc
# if {$prepare_only} {
#     puts "PIFO_PREPARED: $build_dir"
#     exit 0
# }
# if {$allow_over_capacity} {
#     # This version-specific Tcl hook skips only the pre-mapping device-capacity
#     # gate. The RTL, target, optimization passes, and reported device capacities
#     # remain unchanged. The resulting netlist can exceed the physical device.
#     # Verified on Vivado 2025.2 with an oversized RAM and an unchanged smaller
#     # control design; see experiment-results/hardware-overhead/diagnostics.
#     puts "PIFO_ESTIMATION_ONLY: device-capacity check disabled; no implementation or fit claim"
#     set_param synth.elaboration.rodinMoreOptions {if {[llength [info commands rt::pifo_device_capacity_check]] == 0} {rename rt::check_resource rt::pifo_device_capacity_check}; proc rt::check_resource {args} {puts "PIFO_DEVICE_CAPACITY_CHECK_SKIPPED: $args"; return 1}}
# }
PIFO_ESTIMATION_ONLY: device-capacity check disabled; no implementation or fit claim
# synth_design -top PifoMesh -part $part -mode out_of_context -flatten_hierarchy rebuilt -directive $directive
Command: synth_design -top PifoMesh -part xcku5p-ffvb676-2-e -mode out_of_context -flatten_hierarchy rebuilt -directive RuntimeOptimized
Starting synth_design
Attempting to get a license for feature 'Synthesis' and/or device 'xcku5p'
INFO: [Common 17-349] Got license for feature 'Synthesis' and/or device 'xcku5p'
INFO: [Device 21-403] Loading part xcku5p-ffvb676-2-e
INFO: [Synth 8-7079] Multithreading enabled for synth_design using a maximum of 7 processes.
INFO: [Synth 8-7078] Launching helper process for spawning children vivado processes
INFO: [Synth 8-7075] Helper process launched with PID 438099
---------------------------------------------------------------------------------
Starting RTL Elaboration : Time (s): cpu = 00:00:04 ; elapsed = 00:00:04 . Memory (MB): peak = 2834.008 ; gain = 189.688 ; free physical = 107410 ; free virtual = 140261
---------------------------------------------------------------------------------
INFO: [Synth 8-6157] synthesizing module 'PifoMesh' [/data/work/rio-synthesis/shared-fifo-34e35d2/pe5-v1024-c1024-q256-static-vivado/rtl/PifoMesh.v:7]
INFO: [Synth 8-6157] synthesizing module 'MessageCrossBar' [/data/work/rio-synthesis/shared-fifo-34e35d2/pe5-v1024-c1024-q256-static-vivado/rtl/PifoMesh.v:71498]
INFO: [Synth 8-6157] synthesizing module 'StreamFifoLowLatency' [/data/work/rio-synthesis/shared-fifo-34e35d2/pe5-v1024-c1024-q256-static-vivado/rtl/PifoMesh.v:132302]
INFO: [Synth 8-6157] synthesizing module 'StreamFifo' [/data/work/rio-synthesis/shared-fifo-34e35d2/pe5-v1024-c1024-q256-static-vivado/rtl/PifoMesh.v:134552]
INFO: [Synth 8-6155] done synthesizing module 'StreamFifo' (0#1) [/data/work/rio-synthesis/shared-fifo-34e35d2/pe5-v1024-c1024-q256-static-vivado/rtl/PifoMesh.v:134552]
INFO: [Synth 8-6155] done synthesizing module 'StreamFifoLowLatency' (0#1) [/data/work/rio-synthesis/shared-fifo-34e35d2/pe5-v1024-c1024-q256-static-vivado/rtl/PifoMesh.v:132302]
INFO: [Synth 8-6157] synthesizing module 'StreamDemux' [/data/work/rio-synthesis/shared-fifo-34e35d2/pe5-v1024-c1024-q256-static-vivado/rtl/PifoMesh.v:132172]
INFO: [Synth 8-6155] done synthesizing module 'StreamDemux' (0#1) [/data/work/rio-synthesis/shared-fifo-34e35d2/pe5-v1024-c1024-q256-static-vivado/rtl/PifoMesh.v:132172]
INFO: [Synth 8-6157] synthesizing module 'StreamArbiter' [/data/work/rio-synthesis/shared-fifo-34e35d2/pe5-v1024-c1024-q256-static-vivado/rtl/PifoMesh.v:131990]
INFO: [Synth 8-6155] done synthesizing module 'StreamArbiter' (0#1) [/data/work/rio-synthesis/shared-fifo-34e35d2/pe5-v1024-c1024-q256-static-vivado/rtl/PifoMesh.v:131990]
INFO: [Synth 8-6155] done synthesizing module 'MessageCrossBar' (0#1) [/data/work/rio-synthesis/shared-fifo-34e35d2/pe5-v1024-c1024-q256-static-vivado/rtl/PifoMesh.v:71498]
INFO: [Synth 8-6157] synthesizing module 'PifoEngine' [/data/work/rio-synthesis/shared-fifo-34e35d2/pe5-v1024-c1024-q256-static-vivado/rtl/PifoMesh.v:70608]
INFO: [Synth 8-6157] synthesizing module 'ExternalPifoCore' [/data/work/rio-synthesis/shared-fifo-34e35d2/pe5-v1024-c1024-q256-static-vivado/rtl/PifoMesh.v:131907]
INFO: [Synth 8-6155] done synthesizing module 'ExternalPifoCore' (0#1) [/data/work/rio-synthesis/shared-fifo-34e35d2/pe5-v1024-c1024-q256-static-vivado/rtl/PifoMesh.v:131907]
INFO: [Synth 8-6157] synthesizing module 'DirectMapper' [/data/work/rio-synthesis/shared-fifo-34e35d2/pe5-v1024-c1024-q256-static-vivado/rtl/PifoMesh.v:131852]
INFO: [Synth 8-3876] $readmem data file 'PifoMesh.v_toplevel_pifoEngines_0_enque_enqueMapper_ram.bin' is read successfully [/data/work/rio-synthesis/shared-fifo-34e35d2/pe5-v1024-c1024-q256-static-vivado/rtl/PifoMesh.v:131876]
INFO: [Synth 8-6155] done synthesizing module 'DirectMapper' (0#1) [/data/work/rio-synthesis/shared-fifo-34e35d2/pe5-v1024-c1024-q256-static-vivado/rtl/PifoMesh.v:131852]
INFO: [Synth 8-6157] synthesizing module 'StreamFifoLowLatency_13' [/data/work/rio-synthesis/shared-fifo-34e35d2/pe5-v1024-c1024-q256-static-vivado/rtl/PifoMesh.v:131805]
INFO: [Synth 8-6157] synthesizing module 'StreamFifo_6' [/data/work/rio-synthesis/shared-fifo-34e35d2/pe5-v1024-c1024-q256-static-vivado/rtl/PifoMesh.v:134397]
INFO: [Synth 8-6155] done synthesizing module 'StreamFifo_6' (0#1) [/data/work/rio-synthesis/shared-fifo-34e35d2/pe5-v1024-c1024-q256-static-vivado/rtl/PifoMesh.v:134397]
INFO: [Synth 8-6155] done synthesizing module 'StreamFifoLowLatency_13' (0#1) [/data/work/rio-synthesis/shared-fifo-34e35d2/pe5-v1024-c1024-q256-static-vivado/rtl/PifoMesh.v:131805]
INFO: [Synth 8-6157] synthesizing module 'PIFOBrain' [/data/work/rio-synthesis/shared-fifo-34e35d2/pe5-v1024-c1024-q256-static-vivado/rtl/PifoMesh.v:130737]
INFO: [Synth 8-6157] synthesizing module 'StreamFork' [/data/work/rio-synthesis/shared-fifo-34e35d2/pe5-v1024-c1024-q256-static-vivado/rtl/PifoMesh.v:134272]
INFO: [Synth 8-6155] done synthesizing module 'StreamFork' (0#1) [/data/work/rio-synthesis/shared-fifo-34e35d2/pe5-v1024-c1024-q256-static-vivado/rtl/PifoMesh.v:134272]
INFO: [Synth 8-6157] synthesizing module 'Mapper' [/data/work/rio-synthesis/shared-fifo-34e35d2/pe5-v1024-c1024-q256-static-vivado/rtl/PifoMesh.v:134219]
INFO: [Synth 8-3876] $readmem data file 'PifoMesh.v_toplevel_pifoEngines_0_enque_brain_engineMapper_ram.bin' is read successfully [/data/work/rio-synthesis/shared-fifo-34e35d2/pe5-v1024-c1024-q256-static-vivado/rtl/PifoMesh.v:134242]
INFO: [Synth 8-6155] done synthesizing module 'Mapper' (0#1) [/data/work/rio-synthesis/shared-fifo-34e35d2/pe5-v1024-c1024-q256-static-vivado/rtl/PifoMesh.v:134219]
INFO: [Synth 8-6157] synthesizing module 'Mapper_1' [/data/work/rio-synthesis/shared-fifo-34e35d2/pe5-v1024-c1024-q256-static-vivado/rtl/PifoMesh.v:134166]
INFO: [Synth 8-3876] $readmem data file 'PifoMesh.v_toplevel_pifoEngines_0_enque_brain_lastVirtualMapper_ram.bin' is read successfully [/data/work/rio-synthesis/shared-fifo-34e35d2/pe5-v1024-c1024-q256-static-vivado/rtl/PifoMesh.v:134189]
INFO: [Synth 8-6155] done synthesizing module 'Mapper_1' (0#1) [/data/work/rio-synthesis/shared-fifo-34e35d2/pe5-v1024-c1024-q256-static-vivado/rtl/PifoMesh.v:134166]
INFO: [Synth 8-6157] synthesizing module 'Mapper_2' [/data/work/rio-synthesis/shared-fifo-34e35d2/pe5-v1024-c1024-q256-static-vivado/rtl/PifoMesh.v:134113]
INFO: [Synth 8-3876] $readmem data file 'PifoMesh.v_toplevel_pifoEngines_0_enque_brain_engineCAM_ram.bin' is read successfully [/data/work/rio-synthesis/shared-fifo-34e35d2/pe5-v1024-c1024-q256-static-vivado/rtl/PifoMesh.v:134136]
INFO: [Synth 8-6155] done synthesizing module 'Mapper_2' (0#1) [/data/work/rio-synthesis/shared-fifo-34e35d2/pe5-v1024-c1024-q256-static-vivado/rtl/PifoMesh.v:134113]
INFO: [Synth 8-6157] synthesizing module 'StreamFifoLowLatency_6' [/data/work/rio-synthesis/shared-fifo-34e35d2/pe5-v1024-c1024-q256-static-vivado/rtl/PifoMesh.v:134066]
INFO: [Synth 8-6157] synthesizing module 'StreamFifo_7' [/data/work/rio-synthesis/shared-fifo-34e35d2/pe5-v1024-c1024-q256-static-vivado/rtl/PifoMesh.v:135403]
INFO: [Synth 8-6155] done synthesizing module 'StreamFifo_7' (0#1) [/data/work/rio-synthesis/shared-fifo-34e35d2/pe5-v1024-c1024-q256-static-vivado/rtl/PifoMesh.v:135403]
INFO: [Synth 8-6155] done synthesizing module 'StreamFifoLowLatency_6' (0#1) [/data/work/rio-synthesis/shared-fifo-34e35d2/pe5-v1024-c1024-q256-static-vivado/rtl/PifoMesh.v:134066]
INFO: [Synth 8-6157] synthesizing module 'StreamArbiter_6' [/data/work/rio-synthesis/shared-fifo-34e35d2/pe5-v1024-c1024-q256-static-vivado/rtl/PifoMesh.v:133995]
INFO: [Synth 8-6155] done synthesizing module 'StreamArbiter_6' (0#1) [/data/work/rio-synthesis/shared-fifo-34e35d2/pe5-v1024-c1024-q256-static-vivado/rtl/PifoMesh.v:133995]
INFO: [Synth 8-6157] synthesizing module 'Mapper_3' [/data/work/rio-synthesis/shared-fifo-34e35d2/pe5-v1024-c1024-q256-static-vivado/rtl/PifoMesh.v:133942]
INFO: [Synth 8-3876] $readmem data file 'PifoMesh.v_toplevel_pifoEngines_0_enque_brain_brainStateMem_ram.bin' is read successfully [/data/work/rio-synthesis/shared-fifo-34e35d2/pe5-v1024-c1024-q256-static-vivado/rtl/PifoMesh.v:133965]
INFO: [Synth 8-6155] done synthesizing module 'Mapper_3' (0#1) [/data/work/rio-synthesis/shared-fifo-34e35d2/pe5-v1024-c1024-q256-static-vivado/rtl/PifoMesh.v:133942]
INFO: [Synth 8-6157] synthesizing module 'StreamFifoLowLatency_7' [/data/work/rio-synthesis/shared-fifo-34e35d2/pe5-v1024-c1024-q256-static-vivado/rtl/PifoMesh.v:133895]
INFO: [Synth 8-6157] synthesizing module 'StreamFifo_8' [/data/work/rio-synthesis/shared-fifo-34e35d2/pe5-v1024-c1024-q256-static-vivado/rtl/PifoMesh.v:135258]
INFO: [Synth 8-6155] done synthesizing module 'StreamFifo_8' (0#1) [/data/work/rio-synthesis/shared-fifo-34e35d2/pe5-v1024-c1024-q256-static-vivado/rtl/PifoMesh.v:135258]
INFO: [Synth 8-6155] done synthesizing module 'StreamFifoLowLatency_7' (0#1) [/data/work/rio-synthesis/shared-fifo-34e35d2/pe5-v1024-c1024-q256-static-vivado/rtl/PifoMesh.v:133895]
INFO: [Synth 8-6157] synthesizing module 'StreamArbiter_7' [/data/work/rio-synthesis/shared-fifo-34e35d2/pe5-v1024-c1024-q256-static-vivado/rtl/PifoMesh.v:133824]
INFO: [Synth 8-6155] done synthesizing module 'StreamArbiter_7' (0#1) [/data/work/rio-synthesis/shared-fifo-34e35d2/pe5-v1024-c1024-q256-static-vivado/rtl/PifoMesh.v:133824]
INFO: [Synth 8-6157] synthesizing module 'StreamFork_1' [/data/work/rio-synthesis/shared-fifo-34e35d2/pe5-v1024-c1024-q256-static-vivado/rtl/PifoMesh.v:133648]
INFO: [Synth 8-6155] done synthesizing module 'StreamFork_1' (0#1) [/data/work/rio-synthesis/shared-fifo-34e35d2/pe5-v1024-c1024-q256-static-vivado/rtl/PifoMesh.v:133648]
INFO: [Synth 8-6157] synthesizing module 'StreamFifoLowLatency_8' [/data/work/rio-synthesis/shared-fifo-34e35d2/pe5-v1024-c1024-q256-static-vivado/rtl/PifoMesh.v:133607]
INFO: [Synth 8-6157] synthesizing module 'StreamFifo_9' [/data/work/rio-synthesis/shared-fifo-34e35d2/pe5-v1024-c1024-q256-static-vivado/rtl/PifoMesh.v:135130]
INFO: [Synth 8-6155] done synthesizing module 'StreamFifo_9' (0#1) [/data/work/rio-synthesis/shared-fifo-34e35d2/pe5-v1024-c1024-q256-static-vivado/rtl/PifoMesh.v:135130]
INFO: [Synth 8-6155] done synthesizing module 'StreamFifoLowLatency_8' (0#1) [/data/work/rio-synthesis/shared-fifo-34e35d2/pe5-v1024-c1024-q256-static-vivado/rtl/PifoMesh.v:133607]
INFO: [Synth 8-6157] synthesizing module 'StreamFifoLowLatency_9' [/data/work/rio-synthesis/shared-fifo-34e35d2/pe5-v1024-c1024-q256-static-vivado/rtl/PifoMesh.v:133566]
INFO: [Synth 8-6157] synthesizing module 'StreamFifo_10' [/data/work/rio-synthesis/shared-fifo-34e35d2/pe5-v1024-c1024-q256-static-vivado/rtl/PifoMesh.v:135002]
INFO: [Synth 8-6155] done synthesizing module 'StreamFifo_10' (0#1) [/data/work/rio-synthesis/shared-fifo-34e35d2/pe5-v1024-c1024-q256-static-vivado/rtl/PifoMesh.v:135002]
INFO: [Synth 8-6155] done synthesizing module 'StreamFifoLowLatency_9' (0#1) [/data/work/rio-synthesis/shared-fifo-34e35d2/pe5-v1024-c1024-q256-static-vivado/rtl/PifoMesh.v:133566]
INFO: [Synth 8-6157] synthesizing module 'StreamFifoLowLatency_11' [/data/work/rio-synthesis/shared-fifo-34e35d2/pe5-v1024-c1024-q256-static-vivado/rtl/PifoMesh.v:133523]
INFO: [Synth 8-6157] synthesizing module 'StreamFifo_12' [/data/work/rio-synthesis/shared-fifo-34e35d2/pe5-v1024-c1024-q256-static-vivado/rtl/PifoMesh.v:134872]
INFO: [Synth 8-6155] done synthesizing module 'StreamFifo_12' (0#1) [/data/work/rio-synthesis/shared-fifo-34e35d2/pe5-v1024-c1024-q256-static-vivado/rtl/PifoMesh.v:134872]
INFO: [Synth 8-6155] done synthesizing module 'StreamFifoLowLatency_11' (0#1) [/data/work/rio-synthesis/shared-fifo-34e35d2/pe5-v1024-c1024-q256-static-vivado/rtl/PifoMesh.v:133523]
INFO: [Synth 8-6157] synthesizing module 'StreamFifoLowLatency_12' [/data/work/rio-synthesis/shared-fifo-34e35d2/pe5-v1024-c1024-q256-static-vivado/rtl/PifoMesh.v:133476]
INFO: [Synth 8-6157] synthesizing module 'StreamFifo_13' [/data/work/rio-synthesis/shared-fifo-34e35d2/pe5-v1024-c1024-q256-static-vivado/rtl/PifoMesh.v:134727]
INFO: [Synth 8-6155] done synthesizing module 'StreamFifo_13' (0#1) [/data/work/rio-synthesis/shared-fifo-34e35d2/pe5-v1024-c1024-q256-static-vivado/rtl/PifoMesh.v:134727]
INFO: [Synth 8-6155] done synthesizing module 'StreamFifoLowLatency_12' (0#1) [/data/work/rio-synthesis/shared-fifo-34e35d2/pe5-v1024-c1024-q256-static-vivado/rtl/PifoMesh.v:133476]
INFO: [Synth 8-6155] done synthesizing module 'PIFOBrain' (0#1) [/data/work/rio-synthesis/shared-fifo-34e35d2/pe5-v1024-c1024-q256-static-vivado/rtl/PifoMesh.v:130737]
INFO: [Synth 8-6157] synthesizing module 'DirectMapper_1' [/data/work/rio-synthesis/shared-fifo-34e35d2/pe5-v1024-c1024-q256-static-vivado/rtl/PifoMesh.v:130682]
INFO: [Synth 8-3876] $readmem data file 'PifoMesh.v_toplevel_pifoEngines_0_deque_dequeMapper_ram.bin' is read successfully [/data/work/rio-synthesis/shared-fifo-34e35d2/pe5-v1024-c1024-q256-static-vivado/rtl/PifoMesh.v:130706]
INFO: [Synth 8-6155] done synthesizing module 'DirectMapper_1' (0#1) [/data/work/rio-synthesis/shared-fifo-34e35d2/pe5-v1024-c1024-q256-static-vivado/rtl/PifoMesh.v:130682]
INFO: [Synth 8-6157] synthesizing module 'FrontRewriteTable' [/data/work/rio-synthesis/shared-fifo-34e35d2/pe5-v1024-c1024-q256-static-vivado/rtl/PifoMesh.v:77342]
INFO: [Synth 8-6155] done synthesizing module 'FrontRewriteTable' (0#1) [/data/work/rio-synthesis/shared-fifo-34e35d2/pe5-v1024-c1024-q256-static-vivado/rtl/PifoMesh.v:77342]
INFO: [Synth 8-6157] synthesizing module 'StreamFork_2' [/data/work/rio-synthesis/shared-fifo-34e35d2/pe5-v1024-c1024-q256-static-vivado/rtl/PifoMesh.v:77243]
INFO: [Synth 8-6155] done synthesizing module 'StreamFork_2' (0#1) [/data/work/rio-synthesis/shared-fifo-34e35d2/pe5-v1024-c1024-q256-static-vivado/rtl/PifoMesh.v:77243]
INFO: [Synth 8-6157] synthesizing module 'StreamFifoLowLatency_14' [/data/work/rio-synthesis/shared-fifo-34e35d2/pe5-v1024-c1024-q256-static-vivado/rtl/PifoMesh.v:77184]
INFO: [Synth 8-6157] synthesizing module 'StreamFifo_14' [/data/work/rio-synthesis/shared-fifo-34e35d2/pe5-v1024-c1024-q256-static-vivado/rtl/PifoMesh.v:133301]
INFO: [Synth 8-6155] done synthesizing module 'StreamFifo_14' (0#1) [/data/work/rio-synthesis/shared-fifo-34e35d2/pe5-v1024-c1024-q256-static-vivado/rtl/PifoMesh.v:133301]
INFO: [Synth 8-6155] done synthesizing module 'StreamFifoLowLatency_14' (0#1) [/data/work/rio-synthesis/shared-fifo-34e35d2/pe5-v1024-c1024-q256-static-vivado/rtl/PifoMesh.v:77184]
INFO: [Synth 8-6155] done synthesizing module 'PifoEngine' (0#1) [/data/work/rio-synthesis/shared-fifo-34e35d2/pe5-v1024-c1024-q256-static-vivado/rtl/PifoMesh.v:70608]
INFO: [Synth 8-6157] synthesizing module 'PifoEngine_1' [/data/work/rio-synthesis/shared-fifo-34e35d2/pe5-v1024-c1024-q256-static-vivado/rtl/PifoMesh.v:69718]
INFO: [Synth 8-6157] synthesizing module 'DirectMapper_2' [/data/work/rio-synthesis/shared-fifo-34e35d2/pe5-v1024-c1024-q256-static-vivado/rtl/PifoMesh.v:77125]
INFO: [Synth 8-3876] $readmem data file 'PifoMesh.v_toplevel_pifoEngines_1_enque_enqueMapper_ram.bin' is read successfully [/data/work/rio-synthesis/shared-fifo-34e35d2/pe5-v1024-c1024-q256-static-vivado/rtl/PifoMesh.v:77149]
INFO: [Synth 8-6155] done synthesizing module 'DirectMapper_2' (0#1) [/data/work/rio-synthesis/shared-fifo-34e35d2/pe5-v1024-c1024-q256-static-vivado/rtl/PifoMesh.v:77125]
INFO: [Synth 8-6157] synthesizing module 'PIFOBrain_1' [/data/work/rio-synthesis/shared-fifo-34e35d2/pe5-v1024-c1024-q256-static-vivado/rtl/PifoMesh.v:76055]
INFO: [Synth 8-6157] synthesizing module 'Mapper_4' [/data/work/rio-synthesis/shared-fifo-34e35d2/pe5-v1024-c1024-q256-static-vivado/rtl/PifoMesh.v:133244]
INFO: [Synth 8-3876] $readmem data file 'PifoMesh.v_toplevel_pifoEngines_1_enque_brain_engineMapper_ram.bin' is read successfully [/data/work/rio-synthesis/shared-fifo-34e35d2/pe5-v1024-c1024-q256-static-vivado/rtl/PifoMesh.v:133267]
INFO: [Synth 8-6155] done synthesizing module 'Mapper_4' (0#1) [/data/work/rio-synthesis/shared-fifo-34e35d2/pe5-v1024-c1024-q256-static-vivado/rtl/PifoMesh.v:133244]
INFO: [Synth 8-6157] synthesizing module 'Mapper_5' [/data/work/rio-synthesis/shared-fifo-34e35d2/pe5-v1024-c1024-q256-static-vivado/rtl/PifoMesh.v:133191]
INFO: [Synth 8-3876] $readmem data file 'PifoMesh.v_toplevel_pifoEngines_1_enque_brain_lastVirtualMapper_ram.bin' is read successfully [/data/work/rio-synthesis/shared-fifo-34e35d2/pe5-v1024-c1024-q256-static-vivado/rtl/PifoMesh.v:133214]
INFO: [Synth 8-6155] done synthesizing module 'Mapper_5' (0#1) [/data/work/rio-synthesis/shared-fifo-34e35d2/pe5-v1024-c1024-q256-static-vivado/rtl/PifoMesh.v:133191]
INFO: [Synth 8-6157] synthesizing module 'Mapper_6' [/data/work/rio-synthesis/shared-fifo-34e35d2/pe5-v1024-c1024-q256-static-vivado/rtl/PifoMesh.v:133138]
INFO: [Synth 8-3876] $readmem data file 'PifoMesh.v_toplevel_pifoEngines_1_enque_brain_engineCAM_ram.bin' is read successfully [/data/work/rio-synthesis/shared-fifo-34e35d2/pe5-v1024-c1024-q256-static-vivado/rtl/PifoMesh.v:133161]
INFO: [Synth 8-6155] done synthesizing module 'Mapper_6' (0#1) [/data/work/rio-synthesis/shared-fifo-34e35d2/pe5-v1024-c1024-q256-static-vivado/rtl/PifoMesh.v:133138]
INFO: [Synth 8-6157] synthesizing module 'Mapper_7' [/data/work/rio-synthesis/shared-fifo-34e35d2/pe5-v1024-c1024-q256-static-vivado/rtl/PifoMesh.v:133081]
INFO: [Synth 8-3876] $readmem data file 'PifoMesh.v_toplevel_pifoEngines_1_enque_brain_brainStateMem_ram.bin' is read successfully [/data/work/rio-synthesis/shared-fifo-34e35d2/pe5-v1024-c1024-q256-static-vivado/rtl/PifoMesh.v:133104]
INFO: [Synth 8-6155] done synthesizing module 'Mapper_7' (0#1) [/data/work/rio-synthesis/shared-fifo-34e35d2/pe5-v1024-c1024-q256-static-vivado/rtl/PifoMesh.v:133081]
INFO: [Synth 8-6155] done synthesizing module 'PIFOBrain_1' (0#1) [/data/work/rio-synthesis/shared-fifo-34e35d2/pe5-v1024-c1024-q256-static-vivado/rtl/PifoMesh.v:76055]
INFO: [Synth 8-6157] synthesizing module 'DirectMapper_3' [/data/work/rio-synthesis/shared-fifo-34e35d2/pe5-v1024-c1024-q256-static-vivado/rtl/PifoMesh.v:76000]
INFO: [Synth 8-3876] $readmem data file 'PifoMesh.v_toplevel_pifoEngines_1_deque_dequeMapper_ram.bin' is read successfully [/data/work/rio-synthesis/shared-fifo-34e35d2/pe5-v1024-c1024-q256-static-vivado/rtl/PifoMesh.v:76024]
INFO: [Synth 8-6155] done synthesizing module 'DirectMapper_3' (0#1) [/data/work/rio-synthesis/shared-fifo-34e35d2/pe5-v1024-c1024-q256-static-vivado/rtl/PifoMesh.v:76000]
INFO: [Synth 8-6155] done synthesizing module 'PifoEngine_1' (0#1) [/data/work/rio-synthesis/shared-fifo-34e35d2/pe5-v1024-c1024-q256-static-vivado/rtl/PifoMesh.v:69718]
INFO: [Synth 8-6157] synthesizing module 'PifoEngine_2' [/data/work/rio-synthesis/shared-fifo-34e35d2/pe5-v1024-c1024-q256-static-vivado/rtl/PifoMesh.v:68828]
INFO: [Synth 8-6157] synthesizing module 'DirectMapper_4' [/data/work/rio-synthesis/shared-fifo-34e35d2/pe5-v1024-c1024-q256-static-vivado/rtl/PifoMesh.v:75935]
INFO: [Synth 8-3876] $readmem data file 'PifoMesh.v_toplevel_pifoEngines_2_enque_enqueMapper_ram.bin' is read successfully [/data/work/rio-synthesis/shared-fifo-34e35d2/pe5-v1024-c1024-q256-static-vivado/rtl/PifoMesh.v:75959]
INFO: [Synth 8-6155] done synthesizing module 'DirectMapper_4' (0#1) [/data/work/rio-synthesis/shared-fifo-34e35d2/pe5-v1024-c1024-q256-static-vivado/rtl/PifoMesh.v:75935]
INFO: [Synth 8-6157] synthesizing module 'PIFOBrain_2' [/data/work/rio-synthesis/shared-fifo-34e35d2/pe5-v1024-c1024-q256-static-vivado/rtl/PifoMesh.v:74865]
INFO: [Synth 8-6157] synthesizing module 'Mapper_8' [/data/work/rio-synthesis/shared-fifo-34e35d2/pe5-v1024-c1024-q256-static-vivado/rtl/PifoMesh.v:133006]
INFO: [Synth 8-3876] $readmem data file 'PifoMesh.v_toplevel_pifoEngines_2_enque_brain_engineMapper_ram.bin' is read successfully [/data/work/rio-synthesis/shared-fifo-34e35d2/pe5-v1024-c1024-q256-static-vivado/rtl/PifoMesh.v:133029]
INFO: [Synth 8-6155] done synthesizing module 'Mapper_8' (0#1) [/data/work/rio-synthesis/shared-fifo-34e35d2/pe5-v1024-c1024-q256-static-vivado/rtl/PifoMesh.v:133006]
INFO: [Synth 8-6157] synthesizing module 'Mapper_9' [/data/work/rio-synthesis/shared-fifo-34e35d2/pe5-v1024-c1024-q256-static-vivado/rtl/PifoMesh.v:132953]
INFO: [Synth 8-3876] $readmem data file 'PifoMesh.v_toplevel_pifoEngines_2_enque_brain_lastVirtualMapper_ram.bin' is read successfully [/data/work/rio-synthesis/shared-fifo-34e35d2/pe5-v1024-c1024-q256-static-vivado/rtl/PifoMesh.v:132976]
INFO: [Synth 8-6155] done synthesizing module 'Mapper_9' (0#1) [/data/work/rio-synthesis/shared-fifo-34e35d2/pe5-v1024-c1024-q256-static-vivado/rtl/PifoMesh.v:132953]
INFO: [Synth 8-6157] synthesizing module 'Mapper_10' [/data/work/rio-synthesis/shared-fifo-34e35d2/pe5-v1024-c1024-q256-static-vivado/rtl/PifoMesh.v:132900]
INFO: [Synth 8-3876] $readmem data file 'PifoMesh.v_toplevel_pifoEngines_2_enque_brain_engineCAM_ram.bin' is read successfully [/data/work/rio-synthesis/shared-fifo-34e35d2/pe5-v1024-c1024-q256-static-vivado/rtl/PifoMesh.v:132923]
INFO: [Synth 8-6155] done synthesizing module 'Mapper_10' (0#1) [/data/work/rio-synthesis/shared-fifo-34e35d2/pe5-v1024-c1024-q256-static-vivado/rtl/PifoMesh.v:132900]
INFO: [Synth 8-6157] synthesizing module 'Mapper_11' [/data/work/rio-synthesis/shared-fifo-34e35d2/pe5-v1024-c1024-q256-static-vivado/rtl/PifoMesh.v:132843]
INFO: [Synth 8-3876] $readmem data file 'PifoMesh.v_toplevel_pifoEngines_2_enque_brain_brainStateMem_ram.bin' is read successfully [/data/work/rio-synthesis/shared-fifo-34e35d2/pe5-v1024-c1024-q256-static-vivado/rtl/PifoMesh.v:132866]
INFO: [Synth 8-6155] done synthesizing module 'Mapper_11' (0#1) [/data/work/rio-synthesis/shared-fifo-34e35d2/pe5-v1024-c1024-q256-static-vivado/rtl/PifoMesh.v:132843]
INFO: [Synth 8-6155] done synthesizing module 'PIFOBrain_2' (0#1) [/data/work/rio-synthesis/shared-fifo-34e35d2/pe5-v1024-c1024-q256-static-vivado/rtl/PifoMesh.v:74865]
INFO: [Synth 8-6157] synthesizing module 'DirectMapper_5' [/data/work/rio-synthesis/shared-fifo-34e35d2/pe5-v1024-c1024-q256-static-vivado/rtl/PifoMesh.v:74810]
INFO: [Synth 8-3876] $readmem data file 'PifoMesh.v_toplevel_pifoEngines_2_deque_dequeMapper_ram.bin' is read successfully [/data/work/rio-synthesis/shared-fifo-34e35d2/pe5-v1024-c1024-q256-static-vivado/rtl/PifoMesh.v:74834]
INFO: [Synth 8-6155] done synthesizing module 'DirectMapper_5' (0#1) [/data/work/rio-synthesis/shared-fifo-34e35d2/pe5-v1024-c1024-q256-static-vivado/rtl/PifoMesh.v:74810]
INFO: [Synth 8-6155] done synthesizing module 'PifoEngine_2' (0#1) [/data/work/rio-synthesis/shared-fifo-34e35d2/pe5-v1024-c1024-q256-static-vivado/rtl/PifoMesh.v:68828]
INFO: [Synth 8-6157] synthesizing module 'PifoEngine_3' [/data/work/rio-synthesis/shared-fifo-34e35d2/pe5-v1024-c1024-q256-static-vivado/rtl/PifoMesh.v:67938]
INFO: [Synth 8-6157] synthesizing module 'DirectMapper_6' [/data/work/rio-synthesis/shared-fifo-34e35d2/pe5-v1024-c1024-q256-static-vivado/rtl/PifoMesh.v:74745]
INFO: [Synth 8-3876] $readmem data file 'PifoMesh.v_toplevel_pifoEngines_3_enque_enqueMapper_ram.bin' is read successfully [/data/work/rio-synthesis/shared-fifo-34e35d2/pe5-v1024-c1024-q256-static-vivado/rtl/PifoMesh.v:74769]
INFO: [Synth 8-6155] done synthesizing module 'DirectMapper_6' (0#1) [/data/work/rio-synthesis/shared-fifo-34e35d2/pe5-v1024-c1024-q256-static-vivado/rtl/PifoMesh.v:74745]
INFO: [Synth 8-6157] synthesizing module 'PIFOBrain_3' [/data/work/rio-synthesis/shared-fifo-34e35d2/pe5-v1024-c1024-q256-static-vivado/rtl/PifoMesh.v:73675]
INFO: [Synth 8-6157] synthesizing module 'Mapper_12' [/data/work/rio-synthesis/shared-fifo-34e35d2/pe5-v1024-c1024-q256-static-vivado/rtl/PifoMesh.v:132768]
INFO: [Synth 8-3876] $readmem data file 'PifoMesh.v_toplevel_pifoEngines_3_enque_brain_engineMapper_ram.bin' is read successfully [/data/work/rio-synthesis/shared-fifo-34e35d2/pe5-v1024-c1024-q256-static-vivado/rtl/PifoMesh.v:132791]
INFO: [Synth 8-6155] done synthesizing module 'Mapper_12' (0#1) [/data/work/rio-synthesis/shared-fifo-34e35d2/pe5-v1024-c1024-q256-static-vivado/rtl/PifoMesh.v:132768]
INFO: [Synth 8-6157] synthesizing module 'Mapper_13' [/data/work/rio-synthesis/shared-fifo-34e35d2/pe5-v1024-c1024-q256-static-vivado/rtl/PifoMesh.v:132715]
INFO: [Synth 8-3876] $readmem data file 'PifoMesh.v_toplevel_pifoEngines_3_enque_brain_lastVirtualMapper_ram.bin' is read successfully [/data/work/rio-synthesis/shared-fifo-34e35d2/pe5-v1024-c1024-q256-static-vivado/rtl/PifoMesh.v:132738]
INFO: [Synth 8-6155] done synthesizing module 'Mapper_13' (0#1) [/data/work/rio-synthesis/shared-fifo-34e35d2/pe5-v1024-c1024-q256-static-vivado/rtl/PifoMesh.v:132715]
INFO: [Synth 8-6157] synthesizing module 'Mapper_14' [/data/work/rio-synthesis/shared-fifo-34e35d2/pe5-v1024-c1024-q256-static-vivado/rtl/PifoMesh.v:132662]
INFO: [Synth 8-3876] $readmem data file 'PifoMesh.v_toplevel_pifoEngines_3_enque_brain_engineCAM_ram.bin' is read successfully [/data/work/rio-synthesis/shared-fifo-34e35d2/pe5-v1024-c1024-q256-static-vivado/rtl/PifoMesh.v:132685]
INFO: [Synth 8-6155] done synthesizing module 'Mapper_14' (0#1) [/data/work/rio-synthesis/shared-fifo-34e35d2/pe5-v1024-c1024-q256-static-vivado/rtl/PifoMesh.v:132662]
INFO: [Synth 8-6157] synthesizing module 'Mapper_15' [/data/work/rio-synthesis/shared-fifo-34e35d2/pe5-v1024-c1024-q256-static-vivado/rtl/PifoMesh.v:132605]
INFO: [Synth 8-3876] $readmem data file 'PifoMesh.v_toplevel_pifoEngines_3_enque_brain_brainStateMem_ram.bin' is read successfully [/data/work/rio-synthesis/shared-fifo-34e35d2/pe5-v1024-c1024-q256-static-vivado/rtl/PifoMesh.v:132628]
INFO: [Synth 8-6155] done synthesizing module 'Mapper_15' (0#1) [/data/work/rio-synthesis/shared-fifo-34e35d2/pe5-v1024-c1024-q256-static-vivado/rtl/PifoMesh.v:132605]
INFO: [Synth 8-6155] done synthesizing module 'PIFOBrain_3' (0#1) [/data/work/rio-synthesis/shared-fifo-34e35d2/pe5-v1024-c1024-q256-static-vivado/rtl/PifoMesh.v:73675]
INFO: [Synth 8-6157] synthesizing module 'DirectMapper_7' [/data/work/rio-synthesis/shared-fifo-34e35d2/pe5-v1024-c1024-q256-static-vivado/rtl/PifoMesh.v:73620]
INFO: [Synth 8-3876] $readmem data file 'PifoMesh.v_toplevel_pifoEngines_3_deque_dequeMapper_ram.bin' is read successfully [/data/work/rio-synthesis/shared-fifo-34e35d2/pe5-v1024-c1024-q256-static-vivado/rtl/PifoMesh.v:73644]
INFO: [Synth 8-6155] done synthesizing module 'DirectMapper_7' (0#1) [/data/work/rio-synthesis/shared-fifo-34e35d2/pe5-v1024-c1024-q256-static-vivado/rtl/PifoMesh.v:73620]
INFO: [Synth 8-6155] done synthesizing module 'PifoEngine_3' (0#1) [/data/work/rio-synthesis/shared-fifo-34e35d2/pe5-v1024-c1024-q256-static-vivado/rtl/PifoMesh.v:67938]
INFO: [Synth 8-6157] synthesizing module 'PifoEngine_4' [/data/work/rio-synthesis/shared-fifo-34e35d2/pe5-v1024-c1024-q256-static-vivado/rtl/PifoMesh.v:67048]
INFO: [Synth 8-6157] synthesizing module 'DirectMapper_8' [/data/work/rio-synthesis/shared-fifo-34e35d2/pe5-v1024-c1024-q256-static-vivado/rtl/PifoMesh.v:73555]
INFO: [Synth 8-3876] $readmem data file 'PifoMesh.v_toplevel_pifoEngines_4_enque_enqueMapper_ram.bin' is read successfully [/data/work/rio-synthesis/shared-fifo-34e35d2/pe5-v1024-c1024-q256-static-vivado/rtl/PifoMesh.v:73579]
INFO: [Synth 8-6155] done synthesizing module 'DirectMapper_8' (0#1) [/data/work/rio-synthesis/shared-fifo-34e35d2/pe5-v1024-c1024-q256-static-vivado/rtl/PifoMesh.v:73555]
INFO: [Synth 8-6157] synthesizing module 'PIFOBrain_4' [/data/work/rio-synthesis/shared-fifo-34e35d2/pe5-v1024-c1024-q256-static-vivado/rtl/PifoMesh.v:72485]
INFO: [Synth 8-6157] synthesizing module 'Mapper_16' [/data/work/rio-synthesis/shared-fifo-34e35d2/pe5-v1024-c1024-q256-static-vivado/rtl/PifoMesh.v:132530]
INFO: [Synth 8-3876] $readmem data file 'PifoMesh.v_toplevel_pifoEngines_4_enque_brain_engineMapper_ram.bin' is read successfully [/data/work/rio-synthesis/shared-fifo-34e35d2/pe5-v1024-c1024-q256-static-vivado/rtl/PifoMesh.v:132553]
INFO: [Synth 8-6155] done synthesizing module 'Mapper_16' (0#1) [/data/work/rio-synthesis/shared-fifo-34e35d2/pe5-v1024-c1024-q256-static-vivado/rtl/PifoMesh.v:132530]
INFO: [Synth 8-6157] synthesizing module 'Mapper_17' [/data/work/rio-synthesis/shared-fifo-34e35d2/pe5-v1024-c1024-q256-static-vivado/rtl/PifoMesh.v:132477]
INFO: [Synth 8-3876] $readmem data file 'PifoMesh.v_toplevel_pifoEngines_4_enque_brain_lastVirtualMapper_ram.bin' is read successfully [/data/work/rio-synthesis/shared-fifo-34e35d2/pe5-v1024-c1024-q256-static-vivado/rtl/PifoMesh.v:132500]
INFO: [Synth 8-6155] done synthesizing module 'Mapper_17' (0#1) [/data/work/rio-synthesis/shared-fifo-34e35d2/pe5-v1024-c1024-q256-static-vivado/rtl/PifoMesh.v:132477]
INFO: [Synth 8-6157] synthesizing module 'Mapper_18' [/data/work/rio-synthesis/shared-fifo-34e35d2/pe5-v1024-c1024-q256-static-vivado/rtl/PifoMesh.v:132424]
INFO: [Synth 8-3876] $readmem data file 'PifoMesh.v_toplevel_pifoEngines_4_enque_brain_engineCAM_ram.bin' is read successfully [/data/work/rio-synthesis/shared-fifo-34e35d2/pe5-v1024-c1024-q256-static-vivado/rtl/PifoMesh.v:132447]
INFO: [Synth 8-6155] done synthesizing module 'Mapper_18' (0#1) [/data/work/rio-synthesis/shared-fifo-34e35d2/pe5-v1024-c1024-q256-static-vivado/rtl/PifoMesh.v:132424]
INFO: [Synth 8-6157] synthesizing module 'Mapper_19' [/data/work/rio-synthesis/shared-fifo-34e35d2/pe5-v1024-c1024-q256-static-vivado/rtl/PifoMesh.v:132367]
INFO: [Synth 8-3876] $readmem data file 'PifoMesh.v_toplevel_pifoEngines_4_enque_brain_brainStateMem_ram.bin' is read successfully [/data/work/rio-synthesis/shared-fifo-34e35d2/pe5-v1024-c1024-q256-static-vivado/rtl/PifoMesh.v:132390]
INFO: [Synth 8-6155] done synthesizing module 'Mapper_19' (0#1) [/data/work/rio-synthesis/shared-fifo-34e35d2/pe5-v1024-c1024-q256-static-vivado/rtl/PifoMesh.v:132367]
INFO: [Synth 8-6155] done synthesizing module 'PIFOBrain_4' (0#1) [/data/work/rio-synthesis/shared-fifo-34e35d2/pe5-v1024-c1024-q256-static-vivado/rtl/PifoMesh.v:72485]
INFO: [Synth 8-6157] synthesizing module 'DirectMapper_9' [/data/work/rio-synthesis/shared-fifo-34e35d2/pe5-v1024-c1024-q256-static-vivado/rtl/PifoMesh.v:72430]
INFO: [Synth 8-3876] $readmem data file 'PifoMesh.v_toplevel_pifoEngines_4_deque_dequeMapper_ram.bin' is read successfully [/data/work/rio-synthesis/shared-fifo-34e35d2/pe5-v1024-c1024-q256-static-vivado/rtl/PifoMesh.v:72454]
INFO: [Synth 8-6155] done synthesizing module 'DirectMapper_9' (0#1) [/data/work/rio-synthesis/shared-fifo-34e35d2/pe5-v1024-c1024-q256-static-vivado/rtl/PifoMesh.v:72430]
INFO: [Synth 8-6155] done synthesizing module 'PifoEngine_4' (0#1) [/data/work/rio-synthesis/shared-fifo-34e35d2/pe5-v1024-c1024-q256-static-vivado/rtl/PifoMesh.v:67048]
INFO: [Synth 8-6157] synthesizing module 'StreamFifo_51' [/data/work/rio-synthesis/shared-fifo-34e35d2/pe5-v1024-c1024-q256-static-vivado/rtl/PifoMesh.v:66734]
INFO: [Synth 8-6155] done synthesizing module 'StreamFifo_51' (0#1) [/data/work/rio-synthesis/shared-fifo-34e35d2/pe5-v1024-c1024-q256-static-vivado/rtl/PifoMesh.v:66734]
INFO: [Synth 8-6157] synthesizing module 'DrainGuard' [/data/work/rio-synthesis/shared-fifo-34e35d2/pe5-v1024-c1024-q256-static-vivado/rtl/PifoMesh.v:1214]
INFO: [Synth 8-6155] done synthesizing module 'DrainGuard' (0#1) [/data/work/rio-synthesis/shared-fifo-34e35d2/pe5-v1024-c1024-q256-static-vivado/rtl/PifoMesh.v:1214]
INFO: [Synth 8-6157] synthesizing module 'StreamDemux_6' [/data/work/rio-synthesis/shared-fifo-34e35d2/pe5-v1024-c1024-q256-static-vivado/rtl/PifoMesh.v:972]
INFO: [Synth 8-6155] done synthesizing module 'StreamDemux_6' (0#1) [/data/work/rio-synthesis/shared-fifo-34e35d2/pe5-v1024-c1024-q256-static-vivado/rtl/PifoMesh.v:972]
INFO: [Synth 8-6155] done synthesizing module 'PifoMesh' (0#1) [/data/work/rio-synthesis/shared-fifo-34e35d2/pe5-v1024-c1024-q256-static-vivado/rtl/PifoMesh.v:7]
WARNING: [Synth 8-6014] Unused sequential element logic_ptr_wentUp_reg was removed.  [/data/work/rio-synthesis/shared-fifo-34e35d2/pe5-v1024-c1024-q256-static-vivado/rtl/PifoMesh.v:134647]
WARNING: [Synth 8-6014] Unused sequential element logic_ptr_wentUp_reg was removed.  [/data/work/rio-synthesis/shared-fifo-34e35d2/pe5-v1024-c1024-q256-static-vivado/rtl/PifoMesh.v:134518]
WARNING: [Synth 8-6014] Unused sequential element logic_ptr_wentUp_reg was removed.  [/data/work/rio-synthesis/shared-fifo-34e35d2/pe5-v1024-c1024-q256-static-vivado/rtl/PifoMesh.v:135524]
WARNING: [Synth 8-6014] Unused sequential element logic_ptr_wentUp_reg was removed.  [/data/work/rio-synthesis/shared-fifo-34e35d2/pe5-v1024-c1024-q256-static-vivado/rtl/PifoMesh.v:135379]
WARNING: [Synth 8-6014] Unused sequential element logic_ptr_wentUp_reg was removed.  [/data/work/rio-synthesis/shared-fifo-34e35d2/pe5-v1024-c1024-q256-static-vivado/rtl/PifoMesh.v:135234]
WARNING: [Synth 8-6014] Unused sequential element logic_ptr_wentUp_reg was removed.  [/data/work/rio-synthesis/shared-fifo-34e35d2/pe5-v1024-c1024-q256-static-vivado/rtl/PifoMesh.v:135106]
WARNING: [Synth 8-6014] Unused sequential element logic_ptr_wentUp_reg was removed.  [/data/work/rio-synthesis/shared-fifo-34e35d2/pe5-v1024-c1024-q256-static-vivado/rtl/PifoMesh.v:134976]
WARNING: [Synth 8-6014] Unused sequential element logic_ptr_wentUp_reg was removed.  [/data/work/rio-synthesis/shared-fifo-34e35d2/pe5-v1024-c1024-q256-static-vivado/rtl/PifoMesh.v:134848]
WARNING: [Synth 8-6014] Unused sequential element logic_ptr_wentUp_reg was removed.  [/data/work/rio-synthesis/shared-fifo-34e35d2/pe5-v1024-c1024-q256-static-vivado/rtl/PifoMesh.v:133452]
WARNING: [Synth 8-6014] Unused sequential element logic_ptr_wentUp_reg was removed.  [/data/work/rio-synthesis/shared-fifo-34e35d2/pe5-v1024-c1024-q256-static-vivado/rtl/PifoMesh.v:67004]
WARNING: [Synth 8-6014] Unused sequential element logic_pop_addressGen_rData_reg was removed.  [/data/work/rio-synthesis/shared-fifo-34e35d2/pe5-v1024-c1024-q256-static-vivado/rtl/PifoMesh.v:66969]
WARNING: [Synth 8-3917] design PifoMesh has port io_commitReady driven by constant 1
WARNING: [Synth 8-3917] design PifoMesh has port io_commitEpoch[31] driven by constant 0
WARNING: [Synth 8-3917] design PifoMesh has port io_commitEpoch[30] driven by constant 0
WARNING: [Synth 8-3917] design PifoMesh has port io_commitEpoch[29] driven by constant 0
WARNING: [Synth 8-3917] design PifoMesh has port io_commitEpoch[28] driven by constant 0
WARNING: [Synth 8-3917] design PifoMesh has port io_commitEpoch[27] driven by constant 0
WARNING: [Synth 8-3917] design PifoMesh has port io_commitEpoch[26] driven by constant 0
WARNING: [Synth 8-3917] design PifoMesh has port io_commitEpoch[25] driven by constant 0
WARNING: [Synth 8-3917] design PifoMesh has port io_commitEpoch[24] driven by constant 0
WARNING: [Synth 8-3917] design PifoMesh has port io_commitEpoch[23] driven by constant 0
WARNING: [Synth 8-3917] design PifoMesh has port io_commitEpoch[22] driven by constant 0
WARNING: [Synth 8-3917] design PifoMesh has port io_commitEpoch[21] driven by constant 0
WARNING: [Synth 8-3917] design PifoMesh has port io_commitEpoch[20] driven by constant 0
WARNING: [Synth 8-3917] design PifoMesh has port io_commitEpoch[19] driven by constant 0
WARNING: [Synth 8-3917] design PifoMesh has port io_commitEpoch[18] driven by constant 0
WARNING: [Synth 8-3917] design PifoMesh has port io_commitEpoch[17] driven by constant 0
WARNING: [Synth 8-3917] design PifoMesh has port io_commitEpoch[16] driven by constant 0
WARNING: [Synth 8-3917] design PifoMesh has port io_commitEpoch[15] driven by constant 0
WARNING: [Synth 8-3917] design PifoMesh has port io_commitEpoch[14] driven by constant 0
WARNING: [Synth 8-3917] design PifoMesh has port io_commitEpoch[13] driven by constant 0
WARNING: [Synth 8-3917] design PifoMesh has port io_commitEpoch[12] driven by constant 0
WARNING: [Synth 8-3917] design PifoMesh has port io_commitEpoch[11] driven by constant 0
WARNING: [Synth 8-3917] design PifoMesh has port io_commitEpoch[10] driven by constant 0
WARNING: [Synth 8-3917] design PifoMesh has port io_commitEpoch[9] driven by constant 0
WARNING: [Synth 8-3917] design PifoMesh has port io_commitEpoch[8] driven by constant 0
WARNING: [Synth 8-3917] design PifoMesh has port io_commitEpoch[7] driven by constant 0
WARNING: [Synth 8-3917] design PifoMesh has port io_commitEpoch[6] driven by constant 0
WARNING: [Synth 8-3917] design PifoMesh has port io_commitEpoch[5] driven by constant 0
WARNING: [Synth 8-3917] design PifoMesh has port io_commitEpoch[4] driven by constant 0
WARNING: [Synth 8-3917] design PifoMesh has port io_commitEpoch[3] driven by constant 0
WARNING: [Synth 8-3917] design PifoMesh has port io_commitEpoch[2] driven by constant 0
WARNING: [Synth 8-3917] design PifoMesh has port io_commitEpoch[1] driven by constant 0
WARNING: [Synth 8-3917] design PifoMesh has port io_commitEpoch[0] driven by constant 0
WARNING: [Synth 8-3917] design PifoMesh has port io_replayBusy driven by constant 0
WARNING: [Synth 8-3917] design PifoMesh has port io_replayLogAvailable[8] driven by constant 0
WARNING: [Synth 8-3917] design PifoMesh has port io_replayLogAvailable[7] driven by constant 0
WARNING: [Synth 8-3917] design PifoMesh has port io_replayLogAvailable[6] driven by constant 0
WARNING: [Synth 8-3917] design PifoMesh has port io_replayLogAvailable[5] driven by constant 0
WARNING: [Synth 8-3917] design PifoMesh has port io_replayLogAvailable[4] driven by constant 0
WARNING: [Synth 8-3917] design PifoMesh has port io_replayLogAvailable[3] driven by constant 0
WARNING: [Synth 8-3917] design PifoMesh has port io_replayLogAvailable[2] driven by constant 0
WARNING: [Synth 8-3917] design PifoMesh has port io_replayLogAvailable[1] driven by constant 0
WARNING: [Synth 8-3917] design PifoMesh has port io_replayLogAvailable[0] driven by constant 0
WARNING: [Synth 8-7129] Port io_commit in module DirectMapper_9 is either unconnected or has no load
WARNING: [Synth 8-7129] Port reset in module Mapper_19 is either unconnected or has no load
WARNING: [Synth 8-7129] Port reset in module Mapper_18 is either unconnected or has no load
WARNING: [Synth 8-7129] Port reset in module Mapper_17 is either unconnected or has no load
WARNING: [Synth 8-7129] Port reset in module Mapper_16 is either unconnected or has no load
WARNING: [Synth 8-7129] Port io_poped_payload_data[12] in module PIFOBrain_4 is either unconnected or has no load
WARNING: [Synth 8-7129] Port io_poped_payload_data[11] in module PIFOBrain_4 is either unconnected or has no load
WARNING: [Synth 8-7129] Port io_poped_payload_data[10] in module PIFOBrain_4 is either unconnected or has no load
WARNING: [Synth 8-7129] Port io_poped_payload_data[9] in module PIFOBrain_4 is either unconnected or has no load
WARNING: [Synth 8-7129] Port io_poped_payload_data[8] in module PIFOBrain_4 is either unconnected or has no load
WARNING: [Synth 8-7129] Port io_poped_payload_data[7] in module PIFOBrain_4 is either unconnected or has no load
WARNING: [Synth 8-7129] Port io_poped_payload_data[6] in module PIFOBrain_4 is either unconnected or has no load
WARNING: [Synth 8-7129] Port io_poped_payload_data[5] in module PIFOBrain_4 is either unconnected or has no load
WARNING: [Synth 8-7129] Port io_poped_payload_data[4] in module PIFOBrain_4 is either unconnected or has no load
WARNING: [Synth 8-7129] Port io_poped_payload_data[3] in module PIFOBrain_4 is either unconnected or has no load
WARNING: [Synth 8-7129] Port io_poped_payload_data[2] in module PIFOBrain_4 is either unconnected or has no load
WARNING: [Synth 8-7129] Port io_poped_payload_data[1] in module PIFOBrain_4 is either unconnected or has no load
WARNING: [Synth 8-7129] Port io_poped_payload_data[0] in module PIFOBrain_4 is either unconnected or has no load
WARNING: [Synth 8-7129] Port io_commit in module DirectMapper_8 is either unconnected or has no load
WARNING: [Synth 8-7129] Port io_dequeueRequest_payload_engineId[2] in module PifoEngine_4 is either unconnected or has no load
WARNING: [Synth 8-7129] Port io_dequeueRequest_payload_engineId[1] in module PifoEngine_4 is either unconnected or has no load
WARNING: [Synth 8-7129] Port io_dequeueRequest_payload_engineId[0] in module PifoEngine_4 is either unconnected or has no load
WARNING: [Synth 8-7129] Port io_commit in module DirectMapper_7 is either unconnected or has no load
WARNING: [Synth 8-7129] Port reset in module Mapper_15 is either unconnected or has no load
WARNING: [Synth 8-7129] Port reset in module Mapper_14 is either unconnected or has no load
WARNING: [Synth 8-7129] Port reset in module Mapper_13 is either unconnected or has no load
WARNING: [Synth 8-7129] Port reset in module Mapper_12 is either unconnected or has no load
WARNING: [Synth 8-7129] Port io_poped_payload_data[12] in module PIFOBrain_3 is either unconnected or has no load
WARNING: [Synth 8-7129] Port io_poped_payload_data[11] in module PIFOBrain_3 is either unconnected or has no load
WARNING: [Synth 8-7129] Port io_poped_payload_data[10] in module PIFOBrain_3 is either unconnected or has no load
WARNING: [Synth 8-7129] Port io_poped_payload_data[9] in module PIFOBrain_3 is either unconnected or has no load
WARNING: [Synth 8-7129] Port io_poped_payload_data[8] in module PIFOBrain_3 is either unconnected or has no load
WARNING: [Synth 8-7129] Port io_poped_payload_data[7] in module PIFOBrain_3 is either unconnected or has no load
WARNING: [Synth 8-7129] Port io_poped_payload_data[6] in module PIFOBrain_3 is either unconnected or has no load
WARNING: [Synth 8-7129] Port io_poped_payload_data[5] in module PIFOBrain_3 is either unconnected or has no load
WARNING: [Synth 8-7129] Port io_poped_payload_data[4] in module PIFOBrain_3 is either unconnected or has no load
WARNING: [Synth 8-7129] Port io_poped_payload_data[3] in module PIFOBrain_3 is either unconnected or has no load
WARNING: [Synth 8-7129] Port io_poped_payload_data[2] in module PIFOBrain_3 is either unconnected or has no load
WARNING: [Synth 8-7129] Port io_poped_payload_data[1] in module PIFOBrain_3 is either unconnected or has no load
WARNING: [Synth 8-7129] Port io_poped_payload_data[0] in module PIFOBrain_3 is either unconnected or has no load
WARNING: [Synth 8-7129] Port io_commit in module DirectMapper_6 is either unconnected or has no load
WARNING: [Synth 8-7129] Port io_dequeueRequest_payload_engineId[2] in module PifoEngine_3 is either unconnected or has no load
WARNING: [Synth 8-7129] Port io_dequeueRequest_payload_engineId[1] in module PifoEngine_3 is either unconnected or has no load
WARNING: [Synth 8-7129] Port io_dequeueRequest_payload_engineId[0] in module PifoEngine_3 is either unconnected or has no load
WARNING: [Synth 8-7129] Port io_commit in module DirectMapper_5 is either unconnected or has no load
WARNING: [Synth 8-7129] Port reset in module Mapper_11 is either unconnected or has no load
WARNING: [Synth 8-7129] Port reset in module Mapper_10 is either unconnected or has no load
WARNING: [Synth 8-7129] Port reset in module Mapper_9 is either unconnected or has no load
WARNING: [Synth 8-7129] Port reset in module Mapper_8 is either unconnected or has no load
WARNING: [Synth 8-7129] Port io_poped_payload_data[12] in module PIFOBrain_2 is either unconnected or has no load
WARNING: [Synth 8-7129] Port io_poped_payload_data[11] in module PIFOBrain_2 is either unconnected or has no load
WARNING: [Synth 8-7129] Port io_poped_payload_data[10] in module PIFOBrain_2 is either unconnected or has no load
WARNING: [Synth 8-7129] Port io_poped_payload_data[9] in module PIFOBrain_2 is either unconnected or has no load
WARNING: [Synth 8-7129] Port io_poped_payload_data[8] in module PIFOBrain_2 is either unconnected or has no load
WARNING: [Synth 8-7129] Port io_poped_payload_data[7] in module PIFOBrain_2 is either unconnected or has no load
WARNING: [Synth 8-7129] Port io_poped_payload_data[6] in module PIFOBrain_2 is either unconnected or has no load
WARNING: [Synth 8-7129] Port io_poped_payload_data[5] in module PIFOBrain_2 is either unconnected or has no load
WARNING: [Synth 8-7129] Port io_poped_payload_data[4] in module PIFOBrain_2 is either unconnected or has no load
WARNING: [Synth 8-7129] Port io_poped_payload_data[3] in module PIFOBrain_2 is either unconnected or has no load
WARNING: [Synth 8-7129] Port io_poped_payload_data[2] in module PIFOBrain_2 is either unconnected or has no load
WARNING: [Synth 8-7129] Port io_poped_payload_data[1] in module PIFOBrain_2 is either unconnected or has no load
WARNING: [Synth 8-7129] Port io_poped_payload_data[0] in module PIFOBrain_2 is either unconnected or has no load
WARNING: [Synth 8-7129] Port io_commit in module DirectMapper_4 is either unconnected or has no load
WARNING: [Synth 8-7129] Port io_dequeueRequest_payload_engineId[2] in module PifoEngine_2 is either unconnected or has no load
WARNING: [Synth 8-7129] Port io_dequeueRequest_payload_engineId[1] in module PifoEngine_2 is either unconnected or has no load
WARNING: [Synth 8-7129] Port io_dequeueRequest_payload_engineId[0] in module PifoEngine_2 is either unconnected or has no load
WARNING: [Synth 8-7129] Port io_commit in module DirectMapper_3 is either unconnected or has no load
WARNING: [Synth 8-7129] Port reset in module Mapper_7 is either unconnected or has no load
WARNING: [Synth 8-7129] Port reset in module Mapper_6 is either unconnected or has no load
WARNING: [Synth 8-7129] Port reset in module Mapper_5 is either unconnected or has no load
WARNING: [Synth 8-7129] Port reset in module Mapper_4 is either unconnected or has no load
WARNING: [Synth 8-7129] Port io_poped_payload_data[12] in module PIFOBrain_1 is either unconnected or has no load
WARNING: [Synth 8-7129] Port io_poped_payload_data[11] in module PIFOBrain_1 is either unconnected or has no load
WARNING: [Synth 8-7129] Port io_poped_payload_data[10] in module PIFOBrain_1 is either unconnected or has no load
WARNING: [Synth 8-7129] Port io_poped_payload_data[9] in module PIFOBrain_1 is either unconnected or has no load
WARNING: [Synth 8-7129] Port io_poped_payload_data[8] in module PIFOBrain_1 is either unconnected or has no load
WARNING: [Synth 8-7129] Port io_poped_payload_data[7] in module PIFOBrain_1 is either unconnected or has no load
WARNING: [Synth 8-7129] Port io_poped_payload_data[6] in module PIFOBrain_1 is either unconnected or has no load
WARNING: [Synth 8-7129] Port io_poped_payload_data[5] in module PIFOBrain_1 is either unconnected or has no load
WARNING: [Synth 8-7129] Port io_poped_payload_data[4] in module PIFOBrain_1 is either unconnected or has no load
WARNING: [Synth 8-7129] Port io_poped_payload_data[3] in module PIFOBrain_1 is either unconnected or has no load
WARNING: [Synth 8-7129] Port io_poped_payload_data[2] in module PIFOBrain_1 is either unconnected or has no load
WARNING: [Synth 8-7129] Port io_poped_payload_data[1] in module PIFOBrain_1 is either unconnected or has no load
WARNING: [Synth 8-7129] Port io_poped_payload_data[0] in module PIFOBrain_1 is either unconnected or has no load
WARNING: [Synth 8-7129] Port io_commit in module DirectMapper_2 is either unconnected or has no load
WARNING: [Synth 8-7129] Port io_dequeueRequest_payload_engineId[2] in module PifoEngine_1 is either unconnected or has no load
WARNING: [Synth 8-7129] Port io_dequeueRequest_payload_engineId[1] in module PifoEngine_1 is either unconnected or has no load
WARNING: [Synth 8-7129] Port io_dequeueRequest_payload_engineId[0] in module PifoEngine_1 is either unconnected or has no load
WARNING: [Synth 8-7129] Port io_commit in module DirectMapper_1 is either unconnected or has no load
WARNING: [Synth 8-7129] Port reset in module Mapper_3 is either unconnected or has no load
WARNING: [Synth 8-7129] Port reset in module Mapper_2 is either unconnected or has no load
WARNING: [Synth 8-7129] Port reset in module Mapper_1 is either unconnected or has no load
WARNING: [Synth 8-7129] Port reset in module Mapper is either unconnected or has no load
WARNING: [Synth 8-7129] Port io_poped_payload_data[12] in module PIFOBrain is either unconnected or has no load
WARNING: [Synth 8-7129] Port io_poped_payload_data[11] in module PIFOBrain is either unconnected or has no load
WARNING: [Synth 8-7129] Port io_poped_payload_data[10] in module PIFOBrain is either unconnected or has no load
WARNING: [Synth 8-7129] Port io_poped_payload_data[9] in module PIFOBrain is either unconnected or has no load
WARNING: [Synth 8-7129] Port io_poped_payload_data[8] in module PIFOBrain is either unconnected or has no load
WARNING: [Synth 8-7129] Port io_poped_payload_data[7] in module PIFOBrain is either unconnected or has no load
WARNING: [Synth 8-7129] Port io_poped_payload_data[6] in module PIFOBrain is either unconnected or has no load
INFO: [Common 17-14] Message 'Synth 8-7129' appears 100 times and further instances of the messages will be disabled. Use the Tcl command set_msg_config to change the current settings.
---------------------------------------------------------------------------------
Finished RTL Elaboration : Time (s): cpu = 00:13:25 ; elapsed = 00:14:04 . Memory (MB): peak = 38426.281 ; gain = 35781.961 ; free physical = 75942 ; free virtual = 110024
---------------------------------------------------------------------------------
---------------------------------------------------------------------------------
Start Handling Custom Attributes
---------------------------------------------------------------------------------
---------------------------------------------------------------------------------
Finished Handling Custom Attributes : Time (s): cpu = 00:13:26 ; elapsed = 00:14:06 . Memory (MB): peak = 38426.281 ; gain = 35781.961 ; free physical = 75935 ; free virtual = 110017
---------------------------------------------------------------------------------
---------------------------------------------------------------------------------
Finished RTL Optimization Phase 1 : Time (s): cpu = 00:13:26 ; elapsed = 00:14:06 . Memory (MB): peak = 38426.281 ; gain = 35781.961 ; free physical = 75935 ; free virtual = 110017
---------------------------------------------------------------------------------
Netlist sorting complete. Time (s): cpu = 00:00:02 ; elapsed = 00:00:02 . Memory (MB): peak = 38426.281 ; gain = 0.000 ; free physical = 71218 ; free virtual = 105356
INFO: [Project 1-570] Preparing netlist for logic optimization

Processing XDC Constraints
Initializing timing engine
Parsing XDC File [/data/work/rio-synthesis/shared-fifo-34e35d2/pe5-v1024-c1024-q256-static-vivado/pifo.xdc]
Finished Parsing XDC File [/data/work/rio-synthesis/shared-fifo-34e35d2/pe5-v1024-c1024-q256-static-vivado/pifo.xdc]
Completed Processing XDC Constraints

Netlist sorting complete. Time (s): cpu = 00:00:00.11 ; elapsed = 00:00:00.12 . Memory (MB): peak = 38466.301 ; gain = 0.000 ; free physical = 68693 ; free virtual = 102783
INFO: [Project 1-111] Unisim Transformation Summary:
No Unisim elements were transformed.

---------------------------------------------------------------------------------
Finished Constraint Validation : Time (s): cpu = 00:14:47 ; elapsed = 00:15:29 . Memory (MB): peak = 38482.309 ; gain = 35837.988 ; free physical = 67495 ; free virtual = 101585
---------------------------------------------------------------------------------
---------------------------------------------------------------------------------
Start Loading Part and Timing Information
---------------------------------------------------------------------------------
Loading part: xcku5p-ffvb676-2-e
INFO: [Synth 8-6742] Reading net delay rules and data
---------------------------------------------------------------------------------
Finished Loading Part and Timing Information : Time (s): cpu = 00:14:47 ; elapsed = 00:15:29 . Memory (MB): peak = 38490.312 ; gain = 35845.992 ; free physical = 67495 ; free virtual = 101585
---------------------------------------------------------------------------------
---------------------------------------------------------------------------------
Start Applying 'set_property' XDC Constraints
---------------------------------------------------------------------------------
---------------------------------------------------------------------------------
Finished applying 'set_property' XDC Constraints : Time (s): cpu = 00:14:47 ; elapsed = 00:15:29 . Memory (MB): peak = 38490.312 ; gain = 35845.992 ; free physical = 67494 ; free virtual = 101584
---------------------------------------------------------------------------------
INFO: [Synth 8-6904] The RAM "Mapper:/ram_reg" of size (depth=1024 x width=2) is automatically implemented using LUTRAM. BRAM implementation would be inefficient 
INFO: [Synth 8-6792] Large memory block ("Mapper_2:/ram_reg") is implemented using BRAM instead of URAM due to insufficient pipeline registers. Use of ram_style="ultra" and/or providing sufficient pipeline registers is recommended
INFO: [Synth 8-6793] RAM ("Mapper_2:/ram_reg") is implemented using BRAM instead of URAM due to insufficient pipeline registers. Available pipeline stages = 0, Minimum required pipeline stages = 104 
INFO: [Synth 8-6792] Large memory block ("Mapper_2:/ram_reg") is implemented using BRAM instead of URAM due to insufficient pipeline registers. Use of ram_style="ultra" and/or providing sufficient pipeline registers is recommended
INFO: [Synth 8-6793] RAM ("Mapper_2:/ram_reg") is implemented using BRAM instead of URAM due to insufficient pipeline registers. Available pipeline stages = 0, Minimum required pipeline stages = 104 
INFO: [Synth 8-6904] The RAM "Mapper_4:/ram_reg" of size (depth=1024 x width=2) is automatically implemented using LUTRAM. BRAM implementation would be inefficient 
INFO: [Synth 8-6792] Large memory block ("Mapper_6:/ram_reg") is implemented using BRAM instead of URAM due to insufficient pipeline registers. Use of ram_style="ultra" and/or providing sufficient pipeline registers is recommended
INFO: [Synth 8-6793] RAM ("Mapper_6:/ram_reg") is implemented using BRAM instead of URAM due to insufficient pipeline registers. Available pipeline stages = 0, Minimum required pipeline stages = 104 
INFO: [Synth 8-6792] Large memory block ("Mapper_6:/ram_reg") is implemented using BRAM instead of URAM due to insufficient pipeline registers. Use of ram_style="ultra" and/or providing sufficient pipeline registers is recommended
INFO: [Synth 8-6793] RAM ("Mapper_6:/ram_reg") is implemented using BRAM instead of URAM due to insufficient pipeline registers. Available pipeline stages = 0, Minimum required pipeline stages = 104 
INFO: [Synth 8-6904] The RAM "Mapper_8:/ram_reg" of size (depth=1024 x width=2) is automatically implemented using LUTRAM. BRAM implementation would be inefficient 
INFO: [Synth 8-6792] Large memory block ("Mapper_10:/ram_reg") is implemented using BRAM instead of URAM due to insufficient pipeline registers. Use of ram_style="ultra" and/or providing sufficient pipeline registers is recommended
INFO: [Synth 8-6793] RAM ("Mapper_10:/ram_reg") is implemented using BRAM instead of URAM due to insufficient pipeline registers. Available pipeline stages = 0, Minimum required pipeline stages = 104 
INFO: [Synth 8-6792] Large memory block ("Mapper_10:/ram_reg") is implemented using BRAM instead of URAM due to insufficient pipeline registers. Use of ram_style="ultra" and/or providing sufficient pipeline registers is recommended
INFO: [Synth 8-6793] RAM ("Mapper_10:/ram_reg") is implemented using BRAM instead of URAM due to insufficient pipeline registers. Available pipeline stages = 0, Minimum required pipeline stages = 104 
INFO: [Synth 8-6904] The RAM "Mapper_12:/ram_reg" of size (depth=1024 x width=2) is automatically implemented using LUTRAM. BRAM implementation would be inefficient 
INFO: [Synth 8-6792] Large memory block ("Mapper_14:/ram_reg") is implemented using BRAM instead of URAM due to insufficient pipeline registers. Use of ram_style="ultra" and/or providing sufficient pipeline registers is recommended
INFO: [Synth 8-6793] RAM ("Mapper_14:/ram_reg") is implemented using BRAM instead of URAM due to insufficient pipeline registers. Available pipeline stages = 0, Minimum required pipeline stages = 104 
INFO: [Synth 8-6792] Large memory block ("Mapper_14:/ram_reg") is implemented using BRAM instead of URAM due to insufficient pipeline registers. Use of ram_style="ultra" and/or providing sufficient pipeline registers is recommended
INFO: [Synth 8-6793] RAM ("Mapper_14:/ram_reg") is implemented using BRAM instead of URAM due to insufficient pipeline registers. Available pipeline stages = 0, Minimum required pipeline stages = 104 
INFO: [Synth 8-6904] The RAM "Mapper_16:/ram_reg" of size (depth=1024 x width=2) is automatically implemented using LUTRAM. BRAM implementation would be inefficient 
INFO: [Synth 8-6792] Large memory block ("Mapper_18:/ram_reg") is implemented using BRAM instead of URAM due to insufficient pipeline registers. Use of ram_style="ultra" and/or providing sufficient pipeline registers is recommended
INFO: [Synth 8-6793] RAM ("Mapper_18:/ram_reg") is implemented using BRAM instead of URAM due to insufficient pipeline registers. Available pipeline stages = 0, Minimum required pipeline stages = 104 
INFO: [Synth 8-6792] Large memory block ("Mapper_18:/ram_reg") is implemented using BRAM instead of URAM due to insufficient pipeline registers. Use of ram_style="ultra" and/or providing sufficient pipeline registers is recommended
INFO: [Synth 8-6793] RAM ("Mapper_18:/ram_reg") is implemented using BRAM instead of URAM due to insufficient pipeline registers. Available pipeline stages = 0, Minimum required pipeline stages = 104 
---------------------------------------------------------------------------------
Finished RTL Optimization Phase 2 : Time (s): cpu = 00:19:16 ; elapsed = 00:20:19 . Memory (MB): peak = 38490.312 ; gain = 35845.992 ; free physical = 81632 ; free virtual = 116144
---------------------------------------------------------------------------------
---------------------------------------------------------------------------------
Start RTL Component Statistics 
---------------------------------------------------------------------------------
Detailed RTL Component Info : 
+---Adders : 
	   2 Input    9 Bit       Adders := 4     
	   3 Input    9 Bit       Adders := 1     
	   2 Input    8 Bit       Adders := 10    
	   2 Input    6 Bit       Adders := 6     
	   2 Input    4 Bit       Adders := 18    
	   3 Input    4 Bit       Adders := 6     
	   2 Input    3 Bit       Adders := 1     
	   3 Input    2 Bit       Adders := 45    
	   2 Input    2 Bit       Adders := 145   
+---XORs : 
	   3 Input      9 Bit         XORs := 1     
	   3 Input      4 Bit         XORs := 6     
	   3 Input      2 Bit         XORs := 45    
+---Registers : 
	             1024 Bit    Registers := 5     
	               61 Bit    Registers := 1     
	               32 Bit    Registers := 10    
	               13 Bit    Registers := 5     
	               10 Bit    Registers := 5131  
	                9 Bit    Registers := 3     
	                8 Bit    Registers := 5     
	                4 Bit    Registers := 12    
	                3 Bit    Registers := 6     
	                2 Bit    Registers := 5     
	                1 Bit    Registers := 25819 
+---RAMs : 
	           262144K Bit	(8388608 X 32 bit)          RAMs := 5     
	           106496K Bit	(8388608 X 13 bit)          RAMs := 5     
	              32K Bit	(1024 X 32 bit)          RAMs := 5     
	              15K Bit	(256 X 61 bit)          RAMs := 1     
	              10K Bit	(1024 X 10 bit)          RAMs := 5     
	               8K Bit	(1024 X 8 bit)          RAMs := 5     
	               2K Bit	(1024 X 2 bit)          RAMs := 5     
+---Muxes : 
	   2 Input   32 Bit        Muxes := 30    
	   2 Input   23 Bit        Muxes := 10    
	   2 Input   13 Bit        Muxes := 10    
	   2 Input   10 Bit        Muxes := 30    
	   2 Input    9 Bit        Muxes := 4     
	   2 Input    8 Bit        Muxes := 25    
	   4 Input    8 Bit        Muxes := 5     
	   2 Input    4 Bit        Muxes := 12    
	   2 Input    3 Bit        Muxes := 5     
	   2 Input    2 Bit        Muxes := 95    
	   2 Input    1 Bit        Muxes := 82382 
	   4 Input    1 Bit        Muxes := 5     
---------------------------------------------------------------------------------
Finished RTL Component Statistics 
---------------------------------------------------------------------------------
---------------------------------------------------------------------------------
Start Part Resource Summary
---------------------------------------------------------------------------------
Part Resources:
DSPs: 1824 (col length:96)
BRAMs: 960 (col length: RAMB18 96 RAMB36 48)
---------------------------------------------------------------------------------
Finished Part Resource Summary
---------------------------------------------------------------------------------
---------------------------------------------------------------------------------
Start Cross Boundary and Area Optimization
---------------------------------------------------------------------------------
INFO: [Synth 8-6904] The RAM "PifoMesh/engineMapper/ram_reg" of size (depth=1024 x width=2) is automatically implemented using LUTRAM. BRAM implementation would be inefficient 
RAM ("PifoMesh/lastVirtualMapper/ram_reg") is too shallow (depth = 1024) to use URAM. Choosing BRAM instead of URAM 
RAM ("PifoMesh/brainStateMem/ram_reg") is too shallow (depth = 1024) to use URAM. Choosing BRAM instead of URAM 
RAM ("PifoMesh/enque_enqueMapper/ram_reg") is too shallow (depth = 1024) to use URAM. Choosing BRAM instead of URAM 
INFO: [Synth 8-6904] The RAM "PifoMesh/engineMapper/ram_reg" of size (depth=1024 x width=2) is automatically implemented using LUTRAM. BRAM implementation would be inefficient 
RAM ("PifoMesh/lastVirtualMapper/ram_reg") is too shallow (depth = 1024) to use URAM. Choosing BRAM instead of URAM 
RAM ("PifoMesh/brainStateMem/ram_reg") is too shallow (depth = 1024) to use URAM. Choosing BRAM instead of URAM 
RAM ("PifoMesh/enque_enqueMapper/ram_reg") is too shallow (depth = 1024) to use URAM. Choosing BRAM instead of URAM 
INFO: [Synth 8-6904] The RAM "PifoMesh/engineMapper/ram_reg" of size (depth=1024 x width=2) is automatically implemented using LUTRAM. BRAM implementation would be inefficient 
RAM ("PifoMesh/lastVirtualMapper/ram_reg") is too shallow (depth = 1024) to use URAM. Choosing BRAM instead of URAM 
RAM ("PifoMesh/brainStateMem/ram_reg") is too shallow (depth = 1024) to use URAM. Choosing BRAM instead of URAM 
RAM ("PifoMesh/enque_enqueMapper/ram_reg") is too shallow (depth = 1024) to use URAM. Choosing BRAM instead of URAM 
INFO: [Synth 8-6904] The RAM "PifoMesh/engineMapper/ram_reg" of size (depth=1024 x width=2) is automatically implemented using LUTRAM. BRAM implementation would be inefficient 
RAM ("PifoMesh/lastVirtualMapper/ram_reg") is too shallow (depth = 1024) to use URAM. Choosing BRAM instead of URAM 
RAM ("PifoMesh/brainStateMem/ram_reg") is too shallow (depth = 1024) to use URAM. Choosing BRAM instead of URAM 
RAM ("PifoMesh/enque_enqueMapper/ram_reg") is too shallow (depth = 1024) to use URAM. Choosing BRAM instead of URAM 
INFO: [Synth 8-6904] The RAM "PifoMesh/engineMapper/ram_reg" of size (depth=1024 x width=2) is automatically implemented using LUTRAM. BRAM implementation would be inefficient 
RAM ("PifoMesh/lastVirtualMapper/ram_reg") is too shallow (depth = 1024) to use URAM. Choosing BRAM instead of URAM 
RAM ("PifoMesh/brainStateMem/ram_reg") is too shallow (depth = 1024) to use URAM. Choosing BRAM instead of URAM 
RAM ("PifoMesh/enque_enqueMapper/ram_reg") is too shallow (depth = 1024) to use URAM. Choosing BRAM instead of URAM 
RAM ("PifoMesh/io_controlRequest_fifo/logic_ram_reg") is too shallow (depth = 256) to use URAM. Choosing BRAM instead of URAM 
INFO: [Synth 8-6792] Large memory block ("extram__3_Mapper_2__GD/ram_reg") is implemented using BRAM instead of URAM due to insufficient pipeline registers. Use of ram_style="ultra" and/or providing sufficient pipeline registers is recommended
INFO: [Synth 8-6793] RAM ("extram__3_Mapper_2__GD/ram_reg") is implemented using BRAM instead of URAM due to insufficient pipeline registers. Available pipeline stages = 0, Minimum required pipeline stages = 104 
INFO: [Synth 8-7124] RAM ("extram__5_DirectMapper_1__GD/ram_reg") is implemented using BRAM instead of URAM. Memory would be severely underutilized if URAMs are used
INFO: [Synth 8-3886] merging instance 'i_0/ram_reg_mux_sel_b_pos_6' (FDE) to 'i_0/ram_reg_mux_sel_b_pos_6__0'
INFO: [Synth 8-3886] merging instance 'i_0/ram_reg_mux_sel_b_pos_5' (FDE) to 'i_0/ram_reg_mux_sel_b_pos_5__0'
INFO: [Synth 8-3886] merging instance 'i_0/ram_reg_mux_sel_b_pos_4' (FDE) to 'i_0/ram_reg_mux_sel_b_pos_4__0'
INFO: [Synth 8-3886] merging instance 'i_0/ram_reg_mux_sel_b_pos_3' (FDE) to 'i_0/ram_reg_mux_sel_b_pos_3__0'
INFO: [Synth 8-3886] merging instance 'i_0/ram_reg_mux_sel_b_pos_2' (FDE) to 'i_0/ram_reg_mux_sel_b_pos_2__0'
INFO: [Synth 8-3886] merging instance 'i_0/ram_reg_mux_sel_b_pos_1' (FDE) to 'i_0/ram_reg_mux_sel_b_pos_1__0'
INFO: [Synth 8-3886] merging instance 'i_0/ram_reg_mux_sel_b_pos_0' (FDE) to 'i_0/ram_reg_mux_sel_b_pos_0__0'
INFO: [Synth 8-6792] Large memory block ("extram__9_Mapper_6__GD/ram_reg") is implemented using BRAM instead of URAM due to insufficient pipeline registers. Use of ram_style="ultra" and/or providing sufficient pipeline registers is recommended
INFO: [Synth 8-6793] RAM ("extram__9_Mapper_6__GD/ram_reg") is implemented using BRAM instead of URAM due to insufficient pipeline registers. Available pipeline stages = 0, Minimum required pipeline stages = 104 
INFO: [Synth 8-7124] RAM ("extram__11_DirectMapper_3__GD/ram_reg") is implemented using BRAM instead of URAM. Memory would be severely underutilized if URAMs are used
INFO: [Synth 8-3886] merging instance 'i_0/ram_reg_mux_sel_b_pos_6' (FDE) to 'i_0/ram_reg_mux_sel_b_pos_6__0'
INFO: [Synth 8-3886] merging instance 'i_0/ram_reg_mux_sel_b_pos_5' (FDE) to 'i_0/ram_reg_mux_sel_b_pos_5__0'
INFO: [Synth 8-3886] merging instance 'i_0/ram_reg_mux_sel_b_pos_4' (FDE) to 'i_0/ram_reg_mux_sel_b_pos_4__0'
INFO: [Synth 8-3886] merging instance 'i_0/ram_reg_mux_sel_b_pos_3' (FDE) to 'i_0/ram_reg_mux_sel_b_pos_3__0'
INFO: [Synth 8-3886] merging instance 'i_0/ram_reg_mux_sel_b_pos_2' (FDE) to 'i_0/ram_reg_mux_sel_b_pos_2__0'
INFO: [Synth 8-3886] merging instance 'i_0/ram_reg_mux_sel_b_pos_1' (FDE) to 'i_0/ram_reg_mux_sel_b_pos_1__0'
INFO: [Synth 8-3886] merging instance 'i_0/ram_reg_mux_sel_b_pos_0' (FDE) to 'i_0/ram_reg_mux_sel_b_pos_0__0'
INFO: [Synth 8-6792] Large memory block ("extram__15_Mapper_10__GD/ram_reg") is implemented using BRAM instead of URAM due to insufficient pipeline registers. Use of ram_style="ultra" and/or providing sufficient pipeline registers is recommended
INFO: [Synth 8-6793] RAM ("extram__15_Mapper_10__GD/ram_reg") is implemented using BRAM instead of URAM due to insufficient pipeline registers. Available pipeline stages = 0, Minimum required pipeline stages = 104 
INFO: [Synth 8-7124] RAM ("extram__17_DirectMapper_5__GD/ram_reg") is implemented using BRAM instead of URAM. Memory would be severely underutilized if URAMs are used
INFO: [Synth 8-3886] merging instance 'i_0/ram_reg_mux_sel_b_pos_6' (FDE) to 'i_0/ram_reg_mux_sel_b_pos_6__0'
INFO: [Synth 8-3886] merging instance 'i_0/ram_reg_mux_sel_b_pos_5' (FDE) to 'i_0/ram_reg_mux_sel_b_pos_5__0'
INFO: [Synth 8-3886] merging instance 'i_0/ram_reg_mux_sel_b_pos_4' (FDE) to 'i_0/ram_reg_mux_sel_b_pos_4__0'
INFO: [Synth 8-3886] merging instance 'i_0/ram_reg_mux_sel_b_pos_3' (FDE) to 'i_0/ram_reg_mux_sel_b_pos_3__0'
INFO: [Synth 8-3886] merging instance 'i_0/ram_reg_mux_sel_b_pos_2' (FDE) to 'i_0/ram_reg_mux_sel_b_pos_2__0'
INFO: [Synth 8-3886] merging instance 'i_0/ram_reg_mux_sel_b_pos_1' (FDE) to 'i_0/ram_reg_mux_sel_b_pos_1__0'
INFO: [Synth 8-3886] merging instance 'i_0/ram_reg_mux_sel_b_pos_0' (FDE) to 'i_0/ram_reg_mux_sel_b_pos_0__0'
INFO: [Synth 8-6792] Large memory block ("extram__21_Mapper_14__GD/ram_reg") is implemented using BRAM instead of URAM due to insufficient pipeline registers. Use of ram_style="ultra" and/or providing sufficient pipeline registers is recommended
INFO: [Synth 8-6793] RAM ("extram__21_Mapper_14__GD/ram_reg") is implemented using BRAM instead of URAM due to insufficient pipeline registers. Available pipeline stages = 0, Minimum required pipeline stages = 104 
INFO: [Synth 8-7124] RAM ("extram__23_DirectMapper_7__GD/ram_reg") is implemented using BRAM instead of URAM. Memory would be severely underutilized if URAMs are used
INFO: [Synth 8-3886] merging instance 'i_0/ram_reg_mux_sel_b_pos_6' (FDE) to 'i_0/ram_reg_mux_sel_b_pos_6__0'
INFO: [Synth 8-3886] merging instance 'i_0/ram_reg_mux_sel_b_pos_5' (FDE) to 'i_0/ram_reg_mux_sel_b_pos_5__0'
INFO: [Synth 8-3886] merging instance 'i_0/ram_reg_mux_sel_b_pos_4' (FDE) to 'i_0/ram_reg_mux_sel_b_pos_4__0'
INFO: [Synth 8-3886] merging instance 'i_0/ram_reg_mux_sel_b_pos_3' (FDE) to 'i_0/ram_reg_mux_sel_b_pos_3__0'
INFO: [Synth 8-3886] merging instance 'i_0/ram_reg_mux_sel_b_pos_2' (FDE) to 'i_0/ram_reg_mux_sel_b_pos_2__0'
INFO: [Synth 8-3886] merging instance 'i_0/ram_reg_mux_sel_b_pos_1' (FDE) to 'i_0/ram_reg_mux_sel_b_pos_1__0'
INFO: [Synth 8-3886] merging instance 'i_0/ram_reg_mux_sel_b_pos_0' (FDE) to 'i_0/ram_reg_mux_sel_b_pos_0__0'
INFO: [Synth 8-6792] Large memory block ("extram__27_Mapper_18__GD/ram_reg") is implemented using BRAM instead of URAM due to insufficient pipeline registers. Use of ram_style="ultra" and/or providing sufficient pipeline registers is recommended
INFO: [Synth 8-6793] RAM ("extram__27_Mapper_18__GD/ram_reg") is implemented using BRAM instead of URAM due to insufficient pipeline registers. Available pipeline stages = 0, Minimum required pipeline stages = 104 
INFO: [Synth 8-7124] RAM ("extram__29_DirectMapper_9__GD/ram_reg") is implemented using BRAM instead of URAM. Memory would be severely underutilized if URAMs are used
INFO: [Synth 8-3886] merging instance 'i_0/ram_reg_mux_sel_b_pos_6' (FDE) to 'i_0/ram_reg_mux_sel_b_pos_6__0'
INFO: [Synth 8-3886] merging instance 'i_0/ram_reg_mux_sel_b_pos_5' (FDE) to 'i_0/ram_reg_mux_sel_b_pos_5__0'
INFO: [Synth 8-3886] merging instance 'i_0/ram_reg_mux_sel_b_pos_4' (FDE) to 'i_0/ram_reg_mux_sel_b_pos_4__0'
INFO: [Synth 8-3886] merging instance 'i_0/ram_reg_mux_sel_b_pos_3' (FDE) to 'i_0/ram_reg_mux_sel_b_pos_3__0'
INFO: [Synth 8-3886] merging instance 'i_0/ram_reg_mux_sel_b_pos_2' (FDE) to 'i_0/ram_reg_mux_sel_b_pos_2__0'
INFO: [Synth 8-3886] merging instance 'i_0/ram_reg_mux_sel_b_pos_1' (FDE) to 'i_0/ram_reg_mux_sel_b_pos_1__0'
INFO: [Synth 8-3886] merging instance 'i_0/ram_reg_mux_sel_b_pos_0' (FDE) to 'i_0/ram_reg_mux_sel_b_pos_0__0'
---------------------------------------------------------------------------------
Finished Cross Boundary and Area Optimization : Time (s): cpu = 00:21:06 ; elapsed = 00:22:10 . Memory (MB): peak = 38502.238 ; gain = 35857.918 ; free physical = 48834 ; free virtual = 83333
---------------------------------------------------------------------------------
PIFO_DEVICE_CAPACITY_CHECK_SKIPPED: -checkfordsp
PIFO_DEVICE_CAPACITY_CHECK_SKIPPED: -checkforuram
PIFO_DEVICE_CAPACITY_CHECK_SKIPPED: -checkforram
---------------------------------------------------------------------------------
Start ROM, RAM, DSP, Shift Register and Retiming Reporting
---------------------------------------------------------------------------------

Block RAM: Preliminary Mapping Report (see note below)
+------------------------------+--------------------------------------+-------------------------+---+---+--------------------------+---+---+------------------+--------+--------+---------------------------------------------------------------------------------------------------------------------------------------------------------------------------------------------------------------------------------------------------------------------------------------------------------------------------------------------------------------------------------------------------------------------------------------------------------------------------------------------------------------------------------------------------------------------------------------------------------------------------------------------------------------------------------------------------------------------------------------------------------------------------------------------------------------------------------------------------------------------------------------------------------------------------------------------------------------------------------------------------------------------------------------------------------------------------------------------------------------------------------------------------------------------------------------------------------------------------------------------------------------------------------------------------------------------------------------------------------------------------------------------------------------------------------------------------------------------------------------------------------------------------------------------------------------------------------------------------------------------------------------------------------------------------------------------------------------------------------------------------------------------------------------------------------------------------------------------------------------------------------------------------------------------------------+
|Module Name                   | RTL Object                           | PORT A (Depth x Width)  | W | R | PORT B (Depth x Width)   | W | R | Ports driving FF | RAMB18 | RAMB36 | Cascade Heights                                                                                                                                                                                                                                                                                                                                                                                                                                                                                                                                                                                                                                                                                                                                                                                                                                                                                                                                                                                                                                                                                                                                                                                                                                                                                                                                                                                                                                                                                                                                                                                                                                                                                                                                                                                                                                                                                                                 | 
+------------------------------+--------------------------------------+-------------------------+---+---+--------------------------+---+---+------------------+--------+--------+---------------------------------------------------------------------------------------------------------------------------------------------------------------------------------------------------------------------------------------------------------------------------------------------------------------------------------------------------------------------------------------------------------------------------------------------------------------------------------------------------------------------------------------------------------------------------------------------------------------------------------------------------------------------------------------------------------------------------------------------------------------------------------------------------------------------------------------------------------------------------------------------------------------------------------------------------------------------------------------------------------------------------------------------------------------------------------------------------------------------------------------------------------------------------------------------------------------------------------------------------------------------------------------------------------------------------------------------------------------------------------------------------------------------------------------------------------------------------------------------------------------------------------------------------------------------------------------------------------------------------------------------------------------------------------------------------------------------------------------------------------------------------------------------------------------------------------------------------------------------------------------------------------------------------------+
|extram__3_Mapper_2__GD        | ram_reg                              | 8192 K x 32(READ_FIRST) | W |   | 8192 K x 32(WRITE_FIRST) |   | R | Port A and B     | 0      | 7424   | 8,8,8,8,8,8,8,8,8,8,8,8,8,8,8,8,8,8,8,8,8,8,8,8,8,8,8,8,8,8,8,8,8,8,8,8,8,8,8,8,8,8,8,8,8,8,8,8,8,8,8,8,8,8,8,8,8,8,8,8,8,8,8,8,8,8,8,8,8,8,8,8,8,8,8,8,8,8,8,8,8,8,8,8,8,8,8,8,8,8,8,8,8,8,8,8,8,8,8,8,8,8,8,8,8,8,8,8,8,8,8,8,8,8,8,8,8,8,8,8,8,8,8,8,8,8,8,8,8,8,8,8,8,8,8,8,8,8,8,8,8,8,8,8,8,8,8,8,8,8,8,8,8,8,8,8,8,8,8,8,8,8,8,8,8,8,8,8,8,8,8,8,8,8,8,8,8,8,8,8,8,8,8,8,8,8,8,8,8,8,8,8,8,8,8,8,8,8,8,8,8,8,8,8,8,8,8,8,8,8,8,8,8,8,8,8,8,8,8,8,8,8,8,8,8,8,8,8,8,8,8,8,8,8,8,8,8,8,8,8,8,8,8,8,8,8,8,8,8,8,8,8,8,8,8,8,8,8,8,8,8,8,8,8,8,8,8,8,8,8,8,8,8,8,8,8,8,8,8,8,8,8,8,8,8,8,8,8,8,8,8,8,8,8,8,8,8,8,8,8,8,8,8,8,8,8,8,8,8,8,8,8,8,8,8,8,8,8,8,8,8,8,8,8,8,8,8,8,8,8,8,8,8,8,8,8,8,8,8,8,8,8,8,8,8,8,8,8,8,8,8,8,8,8,8,8,8,8,8,8,8,8,8,8,8,8,8,8,8,8,8,8,8,8,8,8,8,8,8,8,8,8,8,8,8,8,8,8,8,8,8,8,8,8,8,8,8,8,8,8,8,8,8,8,8,8,8,8,8,8,8,8,8,8,8,8,8,8,8,8,8,8,8,8,8,8,8,8,8,8,8,8,8,8,8,8,8,8,8,8,8,8,8,8,8,8,8,8,8,8,8,8,8,8,8,8,8,8,8,8,8,8,8,8,8,8,8,8,8,8,8,8,8,8,8,8,8,8,8,8,8,8,8,8,8,8,8,8,8,8,8,8,8,8,8,8,8,8,8,8,8,8,8,8,8,8,8,8,8,8,8,8,8,8,8,8,8,8,8,8,8,8,8,8,8,8,8,8,8,8,8,8,8,8,8,8,8,8,8,8,8,8,8,8,8,8,8,8,8,8,8,8,8,8,8,8,8,8,8,8,8,8,8,8,8,8,8,8,8,8,8,8,8,8,8,8,8,8,8,8,8,8,8,8,8,8,8,8,8,8,8,8,8,8,8,8,8,8,8,8,8,8,8,8,8,8,8,8,8,8,8,8,8,8,8,8,8,8,8,8,8,8,8,8,8,8,8,8,8,8,8,8,8,8,8,8,8,8,8,8,8,8,8,8,8,8,8,8,8,8,8,8,8,8,8,8,8,8,8,8,8,8,8,8,8,8,8,8,8,8,8,8,8,8,8,8,8,8,8,8,8,8,8,8,8,8,8,8,8,8,8,8,8,8,8,8,8,8,8,8,8,8,8,8,8,8,8,8,8,8,8,8,8,8,8,8,8,8,8,8,8,8,8,8,8,8,8,8,8,8,8,8,8,8,8,8,8,8,8,8,8,8,8,8,8,8,8,8,8,8,8,8,8,8,8,8,8,8,8,8,8,8,8,8,8,8,8,8,8,8,8,8,8,8,8,8,8,8,8,8,8,8,8,8,8,8,8,8,8,8,8,8,8,8,8,8,8,8,8,8,8,8,8,8,8,8,8,8,8,8,8,8,8,8,8,8,8,8,8,8,8,8,8,8,8,8,8,8,8,8,8,8,8,8,8,8,8,8,8,8,8,8,8,8,8,8,8,8,8,8,8,8,8,8,8,8,8,8,8,8,8,8,8,8,8,8,8,8,8,8,8,8,8,8,8,8,8,8,8,8,8,8,8,8,8,8,8,8,8,8,8,8,8,8,8,8,8,8,8,8,8,8,8,8,8,8,8,8,8,8,8,8,8,8,8,8,8,8,8,8,8,8,8,8,8,8,8,8 | 
|PifoMesh                      | lastVirtualMapper/ram_reg            | 1 K x 8(READ_FIRST)     | W |   | 1 K x 8(WRITE_FIRST)     |   | R | Port A and B     | 1      | 0      | 1                                                                                                                                                                                                                                                                                                                                                                                                                                                                                                                                                                                                                                                                                                                                                                                                                                                                                                                                                                                                                                                                                                                                                                                                                                                                                                                                                                                                                                                                                                                                                                                                                                                                                                                                                                                                                                                                                                                               | 
|PifoMesh                      | brainStateMem/ram_reg                | 1 K x 32(READ_FIRST)    | W |   | 1 K x 32(WRITE_FIRST)    |   | R | Port A and B     | 0      | 1      | 1                                                                                                                                                                                                                                                                                                                                                                                                                                                                                                                                                                                                                                                                                                                                                                                                                                                                                                                                                                                                                                                                                                                                                                                                                                                                                                                                                                                                                                                                                                                                                                                                                                                                                                                                                                                                                                                                                                                               | 
|extram__5_DirectMapper_1__GD  | ram_reg                              | 8192 K x 13(READ_FIRST) | W |   | 8192 K x 13(WRITE_FIRST) |   | R | Port A and B     | 0      | 3072   | 8,8,8,8,8,8,8,8,8,8,8,8,8,8,8,8,8,8,8,8,8,8,8,8,8,8,8,8,8,8,8,8,8,8,8,8,8,8,8,8,8,8,8,8,8,8,8,8,8,8,8,8,8,8,8,8,8,8,8,8,8,8,8,8,8,8,8,8,8,8,8,8,8,8,8,8,8,8,8,8,8,8,8,8,8,8,8,8,8,8,8,8,8,8,8,8,8,8,8,8,8,8,8,8,8,8,8,8,8,8,8,8,8,8,8,8,8,8,8,8,8,8,8,8,8,8,8,8,8,8,8,8,8,8,8,8,8,8,8,8,8,8,8,8,8,8,8,8,8,8,8,8,8,8,8,8,8,8,8,8,8,8,8,8,8,8,8,8,8,8,8,8,8,8,8,8,8,8,8,8,8,8,8,8,8,8,8,8,8,8,8,8,8,8,8,8,8,8,8,8,8,8,8,8,8,8,8,8,8,8,8,8,8,8,8,8,8,8,8,8,8,8,8,8,8,8,8,8,8,8,8,8,8,8,8,8,8,8,8,8,8,8,8,8,8,8,8,8,8,8,8,8,8,8,8,8,8,8,8,8,8,8,8,8,8,8,8,8,8,8,8,8,8,8,8,8,8,8,8,8,8,8,8,8,8,8,8,8,8,8,8,8,8,8,8,8,8,8,8,8,8,8,8,8,8,8,8,8,8,8,8,8,8,8,8,8,8,8,8,8,8,8,8,8,8,8,8,8,8,8,8,8,8,8,8,8,8,8,8,8,8,8,8,8,8,8,8,8,8,8,8,8,8,8,8,8,8,8,8,8,8,8,8,8,8,8,8,8,8,8,8,8,8,8,8,8,8,8,8,8,8,8,8,8                                                                                                                                                                                                                                                                                                                                                                                                                                                                                                                                                                                                                                                                                                                                                                                                                                                                                                                                                                                                                                                                                                                                 | 
|PifoMesh                      | enque_enqueMapper/ram_reg            | 1 K x 10(READ_FIRST)    | W |   | 1 K x 10(WRITE_FIRST)    |   | R | Port A and B     | 1      | 0      | 1                                                                                                                                                                                                                                                                                                                                                                                                                                                                                                                                                                                                                                                                                                                                                                                                                                                                                                                                                                                                                                                                                                                                                                                                                                                                                                                                                                                                                                                                                                                                                                                                                                                                                                                                                                                                                                                                                                                               | 
|extram__9_Mapper_6__GD        | ram_reg                              | 8192 K x 32(READ_FIRST) | W |   | 8192 K x 32(WRITE_FIRST) |   | R | Port A and B     | 0      | 7424   | 8,8,8,8,8,8,8,8,8,8,8,8,8,8,8,8,8,8,8,8,8,8,8,8,8,8,8,8,8,8,8,8,8,8,8,8,8,8,8,8,8,8,8,8,8,8,8,8,8,8,8,8,8,8,8,8,8,8,8,8,8,8,8,8,8,8,8,8,8,8,8,8,8,8,8,8,8,8,8,8,8,8,8,8,8,8,8,8,8,8,8,8,8,8,8,8,8,8,8,8,8,8,8,8,8,8,8,8,8,8,8,8,8,8,8,8,8,8,8,8,8,8,8,8,8,8,8,8,8,8,8,8,8,8,8,8,8,8,8,8,8,8,8,8,8,8,8,8,8,8,8,8,8,8,8,8,8,8,8,8,8,8,8,8,8,8,8,8,8,8,8,8,8,8,8,8,8,8,8,8,8,8,8,8,8,8,8,8,8,8,8,8,8,8,8,8,8,8,8,8,8,8,8,8,8,8,8,8,8,8,8,8,8,8,8,8,8,8,8,8,8,8,8,8,8,8,8,8,8,8,8,8,8,8,8,8,8,8,8,8,8,8,8,8,8,8,8,8,8,8,8,8,8,8,8,8,8,8,8,8,8,8,8,8,8,8,8,8,8,8,8,8,8,8,8,8,8,8,8,8,8,8,8,8,8,8,8,8,8,8,8,8,8,8,8,8,8,8,8,8,8,8,8,8,8,8,8,8,8,8,8,8,8,8,8,8,8,8,8,8,8,8,8,8,8,8,8,8,8,8,8,8,8,8,8,8,8,8,8,8,8,8,8,8,8,8,8,8,8,8,8,8,8,8,8,8,8,8,8,8,8,8,8,8,8,8,8,8,8,8,8,8,8,8,8,8,8,8,8,8,8,8,8,8,8,8,8,8,8,8,8,8,8,8,8,8,8,8,8,8,8,8,8,8,8,8,8,8,8,8,8,8,8,8,8,8,8,8,8,8,8,8,8,8,8,8,8,8,8,8,8,8,8,8,8,8,8,8,8,8,8,8,8,8,8,8,8,8,8,8,8,8,8,8,8,8,8,8,8,8,8,8,8,8,8,8,8,8,8,8,8,8,8,8,8,8,8,8,8,8,8,8,8,8,8,8,8,8,8,8,8,8,8,8,8,8,8,8,8,8,8,8,8,8,8,8,8,8,8,8,8,8,8,8,8,8,8,8,8,8,8,8,8,8,8,8,8,8,8,8,8,8,8,8,8,8,8,8,8,8,8,8,8,8,8,8,8,8,8,8,8,8,8,8,8,8,8,8,8,8,8,8,8,8,8,8,8,8,8,8,8,8,8,8,8,8,8,8,8,8,8,8,8,8,8,8,8,8,8,8,8,8,8,8,8,8,8,8,8,8,8,8,8,8,8,8,8,8,8,8,8,8,8,8,8,8,8,8,8,8,8,8,8,8,8,8,8,8,8,8,8,8,8,8,8,8,8,8,8,8,8,8,8,8,8,8,8,8,8,8,8,8,8,8,8,8,8,8,8,8,8,8,8,8,8,8,8,8,8,8,8,8,8,8,8,8,8,8,8,8,8,8,8,8,8,8,8,8,8,8,8,8,8,8,8,8,8,8,8,8,8,8,8,8,8,8,8,8,8,8,8,8,8,8,8,8,8,8,8,8,8,8,8,8,8,8,8,8,8,8,8,8,8,8,8,8,8,8,8,8,8,8,8,8,8,8,8,8,8,8,8,8,8,8,8,8,8,8,8,8,8,8,8,8,8,8,8,8,8,8,8,8,8,8,8,8,8,8,8,8,8,8,8,8,8,8,8,8,8,8,8,8,8,8,8,8,8,8,8,8,8,8,8,8,8,8,8,8,8,8,8,8,8,8,8,8,8,8,8,8,8,8,8,8,8,8,8,8,8,8,8,8,8,8,8,8,8,8,8,8,8,8,8,8,8,8,8,8,8,8,8,8,8,8,8,8,8,8,8,8,8,8,8,8,8,8,8,8,8,8,8,8,8,8,8,8,8,8,8,8,8,8,8,8,8,8,8,8,8,8,8,8,8,8,8,8,8,8,8,8,8,8,8,8,8,8,8,8,8,8,8,8,8,8,8,8,8,8,8,8,8,8,8,8,8,8,8,8 | 
|PifoMesh                      | lastVirtualMapper/ram_reg            | 1 K x 8(READ_FIRST)     | W |   | 1 K x 8(WRITE_FIRST)     |   | R | Port A and B     | 1      | 0      | 1                                                                                                                                                                                                                                                                                                                                                                                                                                                                                                                                                                                                                                                                                                                                                                                                                                                                                                                                                                                                                                                                                                                                                                                                                                                                                                                                                                                                                                                                                                                                                                                                                                                                                                                                                                                                                                                                                                                               | 
|PifoMesh                      | brainStateMem/ram_reg                | 1 K x 32(READ_FIRST)    | W |   | 1 K x 32(WRITE_FIRST)    |   | R | Port A and B     | 0      | 1      | 1                                                                                                                                                                                                                                                                                                                                                                                                                                                                                                                                                                                                                                                                                                                                                                                                                                                                                                                                                                                                                                                                                                                                                                                                                                                                                                                                                                                                                                                                                                                                                                                                                                                                                                                                                                                                                                                                                                                               | 
|extram__11_DirectMapper_3__GD | ram_reg                              | 8192 K x 13(READ_FIRST) | W |   | 8192 K x 13(WRITE_FIRST) |   | R | Port A and B     | 0      | 3072   | 8,8,8,8,8,8,8,8,8,8,8,8,8,8,8,8,8,8,8,8,8,8,8,8,8,8,8,8,8,8,8,8,8,8,8,8,8,8,8,8,8,8,8,8,8,8,8,8,8,8,8,8,8,8,8,8,8,8,8,8,8,8,8,8,8,8,8,8,8,8,8,8,8,8,8,8,8,8,8,8,8,8,8,8,8,8,8,8,8,8,8,8,8,8,8,8,8,8,8,8,8,8,8,8,8,8,8,8,8,8,8,8,8,8,8,8,8,8,8,8,8,8,8,8,8,8,8,8,8,8,8,8,8,8,8,8,8,8,8,8,8,8,8,8,8,8,8,8,8,8,8,8,8,8,8,8,8,8,8,8,8,8,8,8,8,8,8,8,8,8,8,8,8,8,8,8,8,8,8,8,8,8,8,8,8,8,8,8,8,8,8,8,8,8,8,8,8,8,8,8,8,8,8,8,8,8,8,8,8,8,8,8,8,8,8,8,8,8,8,8,8,8,8,8,8,8,8,8,8,8,8,8,8,8,8,8,8,8,8,8,8,8,8,8,8,8,8,8,8,8,8,8,8,8,8,8,8,8,8,8,8,8,8,8,8,8,8,8,8,8,8,8,8,8,8,8,8,8,8,8,8,8,8,8,8,8,8,8,8,8,8,8,8,8,8,8,8,8,8,8,8,8,8,8,8,8,8,8,8,8,8,8,8,8,8,8,8,8,8,8,8,8,8,8,8,8,8,8,8,8,8,8,8,8,8,8,8,8,8,8,8,8,8,8,8,8,8,8,8,8,8,8,8,8,8,8,8,8,8,8,8,8,8,8,8,8,8,8,8,8,8,8,8,8,8,8,8,8,8,8,8,8,8,8                                                                                                                                                                                                                                                                                                                                                                                                                                                                                                                                                                                                                                                                                                                                                                                                                                                                                                                                                                                                                                                                                                                                 | 
|PifoMesh                      | enque_enqueMapper/ram_reg            | 1 K x 10(READ_FIRST)    | W |   | 1 K x 10(WRITE_FIRST)    |   | R | Port A and B     | 1      | 0      | 1                                                                                                                                                                                                                                                                                                                                                                                                                                                                                                                                                                                                                                                                                                                                                                                                                                                                                                                                                                                                                                                                                                                                                                                                                                                                                                                                                                                                                                                                                                                                                                                                                                                                                                                                                                                                                                                                                                                               | 
|extram__15_Mapper_10__GD      | ram_reg                              | 8192 K x 32(READ_FIRST) | W |   | 8192 K x 32(WRITE_FIRST) |   | R | Port A and B     | 0      | 7424   | 8,8,8,8,8,8,8,8,8,8,8,8,8,8,8,8,8,8,8,8,8,8,8,8,8,8,8,8,8,8,8,8,8,8,8,8,8,8,8,8,8,8,8,8,8,8,8,8,8,8,8,8,8,8,8,8,8,8,8,8,8,8,8,8,8,8,8,8,8,8,8,8,8,8,8,8,8,8,8,8,8,8,8,8,8,8,8,8,8,8,8,8,8,8,8,8,8,8,8,8,8,8,8,8,8,8,8,8,8,8,8,8,8,8,8,8,8,8,8,8,8,8,8,8,8,8,8,8,8,8,8,8,8,8,8,8,8,8,8,8,8,8,8,8,8,8,8,8,8,8,8,8,8,8,8,8,8,8,8,8,8,8,8,8,8,8,8,8,8,8,8,8,8,8,8,8,8,8,8,8,8,8,8,8,8,8,8,8,8,8,8,8,8,8,8,8,8,8,8,8,8,8,8,8,8,8,8,8,8,8,8,8,8,8,8,8,8,8,8,8,8,8,8,8,8,8,8,8,8,8,8,8,8,8,8,8,8,8,8,8,8,8,8,8,8,8,8,8,8,8,8,8,8,8,8,8,8,8,8,8,8,8,8,8,8,8,8,8,8,8,8,8,8,8,8,8,8,8,8,8,8,8,8,8,8,8,8,8,8,8,8,8,8,8,8,8,8,8,8,8,8,8,8,8,8,8,8,8,8,8,8,8,8,8,8,8,8,8,8,8,8,8,8,8,8,8,8,8,8,8,8,8,8,8,8,8,8,8,8,8,8,8,8,8,8,8,8,8,8,8,8,8,8,8,8,8,8,8,8,8,8,8,8,8,8,8,8,8,8,8,8,8,8,8,8,8,8,8,8,8,8,8,8,8,8,8,8,8,8,8,8,8,8,8,8,8,8,8,8,8,8,8,8,8,8,8,8,8,8,8,8,8,8,8,8,8,8,8,8,8,8,8,8,8,8,8,8,8,8,8,8,8,8,8,8,8,8,8,8,8,8,8,8,8,8,8,8,8,8,8,8,8,8,8,8,8,8,8,8,8,8,8,8,8,8,8,8,8,8,8,8,8,8,8,8,8,8,8,8,8,8,8,8,8,8,8,8,8,8,8,8,8,8,8,8,8,8,8,8,8,8,8,8,8,8,8,8,8,8,8,8,8,8,8,8,8,8,8,8,8,8,8,8,8,8,8,8,8,8,8,8,8,8,8,8,8,8,8,8,8,8,8,8,8,8,8,8,8,8,8,8,8,8,8,8,8,8,8,8,8,8,8,8,8,8,8,8,8,8,8,8,8,8,8,8,8,8,8,8,8,8,8,8,8,8,8,8,8,8,8,8,8,8,8,8,8,8,8,8,8,8,8,8,8,8,8,8,8,8,8,8,8,8,8,8,8,8,8,8,8,8,8,8,8,8,8,8,8,8,8,8,8,8,8,8,8,8,8,8,8,8,8,8,8,8,8,8,8,8,8,8,8,8,8,8,8,8,8,8,8,8,8,8,8,8,8,8,8,8,8,8,8,8,8,8,8,8,8,8,8,8,8,8,8,8,8,8,8,8,8,8,8,8,8,8,8,8,8,8,8,8,8,8,8,8,8,8,8,8,8,8,8,8,8,8,8,8,8,8,8,8,8,8,8,8,8,8,8,8,8,8,8,8,8,8,8,8,8,8,8,8,8,8,8,8,8,8,8,8,8,8,8,8,8,8,8,8,8,8,8,8,8,8,8,8,8,8,8,8,8,8,8,8,8,8,8,8,8,8,8,8,8,8,8,8,8,8,8,8,8,8,8,8,8,8,8,8,8,8,8,8,8,8,8,8,8,8,8,8,8,8,8,8,8,8,8,8,8,8,8,8,8,8,8,8,8,8,8,8,8,8,8,8,8,8,8,8,8,8,8,8,8,8,8,8,8,8,8,8,8,8,8,8,8,8,8,8,8,8,8,8,8,8,8,8,8,8,8,8,8,8,8,8,8,8,8,8,8,8,8,8,8,8,8,8,8,8,8,8,8,8,8,8,8,8,8,8,8,8,8,8,8,8,8,8,8,8,8,8,8,8,8,8,8,8,8,8,8,8,8,8,8,8,8,8,8,8,8 | 
|PifoMesh                      | lastVirtualMapper/ram_reg            | 1 K x 8(READ_FIRST)     | W |   | 1 K x 8(WRITE_FIRST)     |   | R | Port A and B     | 1      | 0      | 1                                                                                                                                                                                                                                                                                                                                                                                                                                                                                                                                                                                                                                                                                                                                                                                                                                                                                                                                                                                                                                                                                                                                                                                                                                                                                                                                                                                                                                                                                                                                                                                                                                                                                                                                                                                                                                                                                                                               | 
|PifoMesh                      | brainStateMem/ram_reg                | 1 K x 32(READ_FIRST)    | W |   | 1 K x 32(WRITE_FIRST)    |   | R | Port A and B     | 0      | 1      | 1                                                                                                                                                                                                                                                                                                                                                                                                                                                                                                                                                                                                                                                                                                                                                                                                                                                                                                                                                                                                                                                                                                                                                                                                                                                                                                                                                                                                                                                                                                                                                                                                                                                                                                                                                                                                                                                                                                                               | 
|extram__17_DirectMapper_5__GD | ram_reg                              | 8192 K x 13(READ_FIRST) | W |   | 8192 K x 13(WRITE_FIRST) |   | R | Port A and B     | 0      | 3072   | 8,8,8,8,8,8,8,8,8,8,8,8,8,8,8,8,8,8,8,8,8,8,8,8,8,8,8,8,8,8,8,8,8,8,8,8,8,8,8,8,8,8,8,8,8,8,8,8,8,8,8,8,8,8,8,8,8,8,8,8,8,8,8,8,8,8,8,8,8,8,8,8,8,8,8,8,8,8,8,8,8,8,8,8,8,8,8,8,8,8,8,8,8,8,8,8,8,8,8,8,8,8,8,8,8,8,8,8,8,8,8,8,8,8,8,8,8,8,8,8,8,8,8,8,8,8,8,8,8,8,8,8,8,8,8,8,8,8,8,8,8,8,8,8,8,8,8,8,8,8,8,8,8,8,8,8,8,8,8,8,8,8,8,8,8,8,8,8,8,8,8,8,8,8,8,8,8,8,8,8,8,8,8,8,8,8,8,8,8,8,8,8,8,8,8,8,8,8,8,8,8,8,8,8,8,8,8,8,8,8,8,8,8,8,8,8,8,8,8,8,8,8,8,8,8,8,8,8,8,8,8,8,8,8,8,8,8,8,8,8,8,8,8,8,8,8,8,8,8,8,8,8,8,8,8,8,8,8,8,8,8,8,8,8,8,8,8,8,8,8,8,8,8,8,8,8,8,8,8,8,8,8,8,8,8,8,8,8,8,8,8,8,8,8,8,8,8,8,8,8,8,8,8,8,8,8,8,8,8,8,8,8,8,8,8,8,8,8,8,8,8,8,8,8,8,8,8,8,8,8,8,8,8,8,8,8,8,8,8,8,8,8,8,8,8,8,8,8,8,8,8,8,8,8,8,8,8,8,8,8,8,8,8,8,8,8,8,8,8,8,8,8,8,8,8,8,8,8,8,8,8,8,8,8                                                                                                                                                                                                                                                                                                                                                                                                                                                                                                                                                                                                                                                                                                                                                                                                                                                                                                                                                                                                                                                                                                                                 | 
|PifoMesh                      | enque_enqueMapper/ram_reg            | 1 K x 10(READ_FIRST)    | W |   | 1 K x 10(WRITE_FIRST)    |   | R | Port A and B     | 1      | 0      | 1                                                                                                                                                                                                                                                                                                                                                                                                                                                                                                                                                                                                                                                                                                                                                                                                                                                                                                                                                                                                                                                                                                                                                                                                                                                                                                                                                                                                                                                                                                                                                                                                                                                                                                                                                                                                                                                                                                                               | 
|extram__21_Mapper_14__GD      | ram_reg                              | 8192 K x 32(READ_FIRST) | W |   | 8192 K x 32(WRITE_FIRST) |   | R | Port A and B     | 0      | 7424   | 8,8,8,8,8,8,8,8,8,8,8,8,8,8,8,8,8,8,8,8,8,8,8,8,8,8,8,8,8,8,8,8,8,8,8,8,8,8,8,8,8,8,8,8,8,8,8,8,8,8,8,8,8,8,8,8,8,8,8,8,8,8,8,8,8,8,8,8,8,8,8,8,8,8,8,8,8,8,8,8,8,8,8,8,8,8,8,8,8,8,8,8,8,8,8,8,8,8,8,8,8,8,8,8,8,8,8,8,8,8,8,8,8,8,8,8,8,8,8,8,8,8,8,8,8,8,8,8,8,8,8,8,8,8,8,8,8,8,8,8,8,8,8,8,8,8,8,8,8,8,8,8,8,8,8,8,8,8,8,8,8,8,8,8,8,8,8,8,8,8,8,8,8,8,8,8,8,8,8,8,8,8,8,8,8,8,8,8,8,8,8,8,8,8,8,8,8,8,8,8,8,8,8,8,8,8,8,8,8,8,8,8,8,8,8,8,8,8,8,8,8,8,8,8,8,8,8,8,8,8,8,8,8,8,8,8,8,8,8,8,8,8,8,8,8,8,8,8,8,8,8,8,8,8,8,8,8,8,8,8,8,8,8,8,8,8,8,8,8,8,8,8,8,8,8,8,8,8,8,8,8,8,8,8,8,8,8,8,8,8,8,8,8,8,8,8,8,8,8,8,8,8,8,8,8,8,8,8,8,8,8,8,8,8,8,8,8,8,8,8,8,8,8,8,8,8,8,8,8,8,8,8,8,8,8,8,8,8,8,8,8,8,8,8,8,8,8,8,8,8,8,8,8,8,8,8,8,8,8,8,8,8,8,8,8,8,8,8,8,8,8,8,8,8,8,8,8,8,8,8,8,8,8,8,8,8,8,8,8,8,8,8,8,8,8,8,8,8,8,8,8,8,8,8,8,8,8,8,8,8,8,8,8,8,8,8,8,8,8,8,8,8,8,8,8,8,8,8,8,8,8,8,8,8,8,8,8,8,8,8,8,8,8,8,8,8,8,8,8,8,8,8,8,8,8,8,8,8,8,8,8,8,8,8,8,8,8,8,8,8,8,8,8,8,8,8,8,8,8,8,8,8,8,8,8,8,8,8,8,8,8,8,8,8,8,8,8,8,8,8,8,8,8,8,8,8,8,8,8,8,8,8,8,8,8,8,8,8,8,8,8,8,8,8,8,8,8,8,8,8,8,8,8,8,8,8,8,8,8,8,8,8,8,8,8,8,8,8,8,8,8,8,8,8,8,8,8,8,8,8,8,8,8,8,8,8,8,8,8,8,8,8,8,8,8,8,8,8,8,8,8,8,8,8,8,8,8,8,8,8,8,8,8,8,8,8,8,8,8,8,8,8,8,8,8,8,8,8,8,8,8,8,8,8,8,8,8,8,8,8,8,8,8,8,8,8,8,8,8,8,8,8,8,8,8,8,8,8,8,8,8,8,8,8,8,8,8,8,8,8,8,8,8,8,8,8,8,8,8,8,8,8,8,8,8,8,8,8,8,8,8,8,8,8,8,8,8,8,8,8,8,8,8,8,8,8,8,8,8,8,8,8,8,8,8,8,8,8,8,8,8,8,8,8,8,8,8,8,8,8,8,8,8,8,8,8,8,8,8,8,8,8,8,8,8,8,8,8,8,8,8,8,8,8,8,8,8,8,8,8,8,8,8,8,8,8,8,8,8,8,8,8,8,8,8,8,8,8,8,8,8,8,8,8,8,8,8,8,8,8,8,8,8,8,8,8,8,8,8,8,8,8,8,8,8,8,8,8,8,8,8,8,8,8,8,8,8,8,8,8,8,8,8,8,8,8,8,8,8,8,8,8,8,8,8,8,8,8,8,8,8,8,8,8,8,8,8,8,8,8,8,8,8,8,8,8,8,8,8,8,8,8,8,8,8,8,8,8,8,8,8,8,8,8,8,8,8,8,8,8,8,8,8,8,8,8,8,8,8,8,8,8,8,8,8,8,8,8,8,8,8,8,8,8,8,8,8,8,8,8,8,8,8,8,8,8,8,8,8,8,8,8,8,8,8,8,8,8,8,8,8,8,8,8,8,8,8,8,8,8,8,8,8,8,8,8,8,8 | 
|PifoMesh                      | lastVirtualMapper/ram_reg            | 1 K x 8(READ_FIRST)     | W |   | 1 K x 8(WRITE_FIRST)     |   | R | Port A and B     | 1      | 0      | 1                                                                                                                                                                                                                                                                                                                                                                                                                                                                                                                                                                                                                                                                                                                                                                                                                                                                                                                                                                                                                                                                                                                                                                                                                                                                                                                                                                                                                                                                                                                                                                                                                                                                                                                                                                                                                                                                                                                               | 
|PifoMesh                      | brainStateMem/ram_reg                | 1 K x 32(READ_FIRST)    | W |   | 1 K x 32(WRITE_FIRST)    |   | R | Port A and B     | 0      | 1      | 1                                                                                                                                                                                                                                                                                                                                                                                                                                                                                                                                                                                                                                                                                                                                                                                                                                                                                                                                                                                                                                                                                                                                                                                                                                                                                                                                                                                                                                                                                                                                                                                                                                                                                                                                                                                                                                                                                                                               | 
|extram__23_DirectMapper_7__GD | ram_reg                              | 8192 K x 13(READ_FIRST) | W |   | 8192 K x 13(WRITE_FIRST) |   | R | Port A and B     | 0      | 3072   | 8,8,8,8,8,8,8,8,8,8,8,8,8,8,8,8,8,8,8,8,8,8,8,8,8,8,8,8,8,8,8,8,8,8,8,8,8,8,8,8,8,8,8,8,8,8,8,8,8,8,8,8,8,8,8,8,8,8,8,8,8,8,8,8,8,8,8,8,8,8,8,8,8,8,8,8,8,8,8,8,8,8,8,8,8,8,8,8,8,8,8,8,8,8,8,8,8,8,8,8,8,8,8,8,8,8,8,8,8,8,8,8,8,8,8,8,8,8,8,8,8,8,8,8,8,8,8,8,8,8,8,8,8,8,8,8,8,8,8,8,8,8,8,8,8,8,8,8,8,8,8,8,8,8,8,8,8,8,8,8,8,8,8,8,8,8,8,8,8,8,8,8,8,8,8,8,8,8,8,8,8,8,8,8,8,8,8,8,8,8,8,8,8,8,8,8,8,8,8,8,8,8,8,8,8,8,8,8,8,8,8,8,8,8,8,8,8,8,8,8,8,8,8,8,8,8,8,8,8,8,8,8,8,8,8,8,8,8,8,8,8,8,8,8,8,8,8,8,8,8,8,8,8,8,8,8,8,8,8,8,8,8,8,8,8,8,8,8,8,8,8,8,8,8,8,8,8,8,8,8,8,8,8,8,8,8,8,8,8,8,8,8,8,8,8,8,8,8,8,8,8,8,8,8,8,8,8,8,8,8,8,8,8,8,8,8,8,8,8,8,8,8,8,8,8,8,8,8,8,8,8,8,8,8,8,8,8,8,8,8,8,8,8,8,8,8,8,8,8,8,8,8,8,8,8,8,8,8,8,8,8,8,8,8,8,8,8,8,8,8,8,8,8,8,8,8,8,8,8,8,8,8,8,8                                                                                                                                                                                                                                                                                                                                                                                                                                                                                                                                                                                                                                                                                                                                                                                                                                                                                                                                                                                                                                                                                                                                 | 
|PifoMesh                      | enque_enqueMapper/ram_reg            | 1 K x 10(READ_FIRST)    | W |   | 1 K x 10(WRITE_FIRST)    |   | R | Port A and B     | 1      | 0      | 1                                                                                                                                                                                                                                                                                                                                                                                                                                                                                                                                                                                                                                                                                                                                                                                                                                                                                                                                                                                                                                                                                                                                                                                                                                                                                                                                                                                                                                                                                                                                                                                                                                                                                                                                                                                                                                                                                                                               | 
|extram__27_Mapper_18__GD      | ram_reg                              | 8192 K x 32(READ_FIRST) | W |   | 8192 K x 32(WRITE_FIRST) |   | R | Port A and B     | 0      | 7424   | 8,8,8,8,8,8,8,8,8,8,8,8,8,8,8,8,8,8,8,8,8,8,8,8,8,8,8,8,8,8,8,8,8,8,8,8,8,8,8,8,8,8,8,8,8,8,8,8,8,8,8,8,8,8,8,8,8,8,8,8,8,8,8,8,8,8,8,8,8,8,8,8,8,8,8,8,8,8,8,8,8,8,8,8,8,8,8,8,8,8,8,8,8,8,8,8,8,8,8,8,8,8,8,8,8,8,8,8,8,8,8,8,8,8,8,8,8,8,8,8,8,8,8,8,8,8,8,8,8,8,8,8,8,8,8,8,8,8,8,8,8,8,8,8,8,8,8,8,8,8,8,8,8,8,8,8,8,8,8,8,8,8,8,8,8,8,8,8,8,8,8,8,8,8,8,8,8,8,8,8,8,8,8,8,8,8,8,8,8,8,8,8,8,8,8,8,8,8,8,8,8,8,8,8,8,8,8,8,8,8,8,8,8,8,8,8,8,8,8,8,8,8,8,8,8,8,8,8,8,8,8,8,8,8,8,8,8,8,8,8,8,8,8,8,8,8,8,8,8,8,8,8,8,8,8,8,8,8,8,8,8,8,8,8,8,8,8,8,8,8,8,8,8,8,8,8,8,8,8,8,8,8,8,8,8,8,8,8,8,8,8,8,8,8,8,8,8,8,8,8,8,8,8,8,8,8,8,8,8,8,8,8,8,8,8,8,8,8,8,8,8,8,8,8,8,8,8,8,8,8,8,8,8,8,8,8,8,8,8,8,8,8,8,8,8,8,8,8,8,8,8,8,8,8,8,8,8,8,8,8,8,8,8,8,8,8,8,8,8,8,8,8,8,8,8,8,8,8,8,8,8,8,8,8,8,8,8,8,8,8,8,8,8,8,8,8,8,8,8,8,8,8,8,8,8,8,8,8,8,8,8,8,8,8,8,8,8,8,8,8,8,8,8,8,8,8,8,8,8,8,8,8,8,8,8,8,8,8,8,8,8,8,8,8,8,8,8,8,8,8,8,8,8,8,8,8,8,8,8,8,8,8,8,8,8,8,8,8,8,8,8,8,8,8,8,8,8,8,8,8,8,8,8,8,8,8,8,8,8,8,8,8,8,8,8,8,8,8,8,8,8,8,8,8,8,8,8,8,8,8,8,8,8,8,8,8,8,8,8,8,8,8,8,8,8,8,8,8,8,8,8,8,8,8,8,8,8,8,8,8,8,8,8,8,8,8,8,8,8,8,8,8,8,8,8,8,8,8,8,8,8,8,8,8,8,8,8,8,8,8,8,8,8,8,8,8,8,8,8,8,8,8,8,8,8,8,8,8,8,8,8,8,8,8,8,8,8,8,8,8,8,8,8,8,8,8,8,8,8,8,8,8,8,8,8,8,8,8,8,8,8,8,8,8,8,8,8,8,8,8,8,8,8,8,8,8,8,8,8,8,8,8,8,8,8,8,8,8,8,8,8,8,8,8,8,8,8,8,8,8,8,8,8,8,8,8,8,8,8,8,8,8,8,8,8,8,8,8,8,8,8,8,8,8,8,8,8,8,8,8,8,8,8,8,8,8,8,8,8,8,8,8,8,8,8,8,8,8,8,8,8,8,8,8,8,8,8,8,8,8,8,8,8,8,8,8,8,8,8,8,8,8,8,8,8,8,8,8,8,8,8,8,8,8,8,8,8,8,8,8,8,8,8,8,8,8,8,8,8,8,8,8,8,8,8,8,8,8,8,8,8,8,8,8,8,8,8,8,8,8,8,8,8,8,8,8,8,8,8,8,8,8,8,8,8,8,8,8,8,8,8,8,8,8,8,8,8,8,8,8,8,8,8,8,8,8,8,8,8,8,8,8,8,8,8,8,8,8,8,8,8,8,8,8,8,8,8,8,8,8,8,8,8,8,8,8,8,8,8,8,8,8,8,8,8,8,8,8,8,8,8,8,8,8,8,8,8,8,8,8,8,8,8,8,8,8,8,8,8,8,8,8,8,8,8,8,8,8,8,8,8,8,8,8,8,8,8,8,8,8,8,8,8,8,8,8,8,8,8,8,8,8,8,8,8,8,8,8,8,8,8,8,8,8,8,8,8,8 | 
|PifoMesh                      | lastVirtualMapper/ram_reg            | 1 K x 8(READ_FIRST)     | W |   | 1 K x 8(WRITE_FIRST)     |   | R | Port A and B     | 1      | 0      | 1                                                                                                                                                                                                                                                                                                                                                                                                                                                                                                                                                                                                                                                                                                                                                                                                                                                                                                                                                                                                                                                                                                                                                                                                                                                                                                                                                                                                                                                                                                                                                                                                                                                                                                                                                                                                                                                                                                                               | 
|PifoMesh                      | brainStateMem/ram_reg                | 1 K x 32(READ_FIRST)    | W |   | 1 K x 32(WRITE_FIRST)    |   | R | Port A and B     | 0      | 1      | 1                                                                                                                                                                                                                                                                                                                                                                                                                                                                                                                                                                                                                                                                                                                                                                                                                                                                                                                                                                                                                                                                                                                                                                                                                                                                                                                                                                                                                                                                                                                                                                                                                                                                                                                                                                                                                                                                                                                               | 
|extram__29_DirectMapper_9__GD | ram_reg                              | 8192 K x 13(READ_FIRST) | W |   | 8192 K x 13(WRITE_FIRST) |   | R | Port A and B     | 0      | 3072   | 8,8,8,8,8,8,8,8,8,8,8,8,8,8,8,8,8,8,8,8,8,8,8,8,8,8,8,8,8,8,8,8,8,8,8,8,8,8,8,8,8,8,8,8,8,8,8,8,8,8,8,8,8,8,8,8,8,8,8,8,8,8,8,8,8,8,8,8,8,8,8,8,8,8,8,8,8,8,8,8,8,8,8,8,8,8,8,8,8,8,8,8,8,8,8,8,8,8,8,8,8,8,8,8,8,8,8,8,8,8,8,8,8,8,8,8,8,8,8,8,8,8,8,8,8,8,8,8,8,8,8,8,8,8,8,8,8,8,8,8,8,8,8,8,8,8,8,8,8,8,8,8,8,8,8,8,8,8,8,8,8,8,8,8,8,8,8,8,8,8,8,8,8,8,8,8,8,8,8,8,8,8,8,8,8,8,8,8,8,8,8,8,8,8,8,8,8,8,8,8,8,8,8,8,8,8,8,8,8,8,8,8,8,8,8,8,8,8,8,8,8,8,8,8,8,8,8,8,8,8,8,8,8,8,8,8,8,8,8,8,8,8,8,8,8,8,8,8,8,8,8,8,8,8,8,8,8,8,8,8,8,8,8,8,8,8,8,8,8,8,8,8,8,8,8,8,8,8,8,8,8,8,8,8,8,8,8,8,8,8,8,8,8,8,8,8,8,8,8,8,8,8,8,8,8,8,8,8,8,8,8,8,8,8,8,8,8,8,8,8,8,8,8,8,8,8,8,8,8,8,8,8,8,8,8,8,8,8,8,8,8,8,8,8,8,8,8,8,8,8,8,8,8,8,8,8,8,8,8,8,8,8,8,8,8,8,8,8,8,8,8,8,8,8,8,8,8,8,8,8,8,8,8,8                                                                                                                                                                                                                                                                                                                                                                                                                                                                                                                                                                                                                                                                                                                                                                                                                                                                                                                                                                                                                                                                                                                                 | 
|PifoMesh                      | enque_enqueMapper/ram_reg            | 1 K x 10(READ_FIRST)    | W |   | 1 K x 10(WRITE_FIRST)    |   | R | Port A and B     | 1      | 0      | 1                                                                                                                                                                                                                                                                                                                                                                                                                                                                                                                                                                                                                                                                                                                                                                                                                                                                                                                                                                                                                                                                                                                                                                                                                                                                                                                                                                                                                                                                                                                                                                                                                                                                                                                                                                                                                                                                                                                               | 
|PifoMesh                      | io_controlRequest_fifo/logic_ram_reg | 256 x 61(READ_FIRST)    | W |   | 256 x 61(WRITE_FIRST)    |   | R | Port A and B     | 0      | 1      |                                                                                                                                                                                                                                                                                                                                                                                                                                                                                                                                                                                                                                                                                                                                                                                                                                                                                                                                                                                                                                                                                                                                                                                                                                                                                                                                                                                                                                                                                                                                                                                                                                                                                                                                                                                                                                                                                                                                 | 
+------------------------------+--------------------------------------+-------------------------+---+---+--------------------------+---+---+------------------+--------+--------+---------------------------------------------------------------------------------------------------------------------------------------------------------------------------------------------------------------------------------------------------------------------------------------------------------------------------------------------------------------------------------------------------------------------------------------------------------------------------------------------------------------------------------------------------------------------------------------------------------------------------------------------------------------------------------------------------------------------------------------------------------------------------------------------------------------------------------------------------------------------------------------------------------------------------------------------------------------------------------------------------------------------------------------------------------------------------------------------------------------------------------------------------------------------------------------------------------------------------------------------------------------------------------------------------------------------------------------------------------------------------------------------------------------------------------------------------------------------------------------------------------------------------------------------------------------------------------------------------------------------------------------------------------------------------------------------------------------------------------------------------------------------------------------------------------------------------------------------------------------------------------------------------------------------------------+

Note: The table above is a preliminary report that shows the Block RAMs at the current stage of the synthesis flow. Some Block RAMs may be reimplemented as non Block RAM primitives later in the synthesis flow. Multiple instantiated Block RAMs are reported only once. 

Distributed RAM: Preliminary Mapping Report (see note below)
+------------+---------------------------------------------------------------+----------------+----------------------+----------------+
|Module Name | RTL Object                                                    | Inference      | Size (Depth x Width) | Primitives     | 
+------------+---------------------------------------------------------------+----------------+----------------------+----------------+
|PifoMesh    | engineMapper/ram_reg                                          | Implied        | 1 K x 2              | RAM256X1D x 8  | 
|PifoMesh    | flowStateUpdate_toStream_fifo/fifo/logic_ram_reg              | User Attribute | 2 x 55               | RAM32M16 x 4   | 
|PifoMesh    | brainStateUpdate_toStream_fifo/fifo/logic_ram_reg             | User Attribute | 2 x 42               | RAM32M16 x 3   | 
|PifoMesh    | engineMapper_io_readRes_toStream_fifo/fifo/logic_ram_reg      | User Attribute | 2 x 2                | RAM16X1D x 2   | 
|PifoMesh    | brainStateMem_io_readRes_toStream_fifo/fifo/logic_ram_reg     | User Attribute | 2 x 32               | RAM32M16 x 3   | 
|PifoMesh    | engineCAM_io_readRes_toStream_fifo/fifo/logic_ram_reg         | User Attribute | 2 x 32               | RAM32M16 x 3   | 
|PifoMesh    | lastVirtualMapper_io_readRes_toStream_fifo/fifo/logic_ram_reg | User Attribute | 2 x 8                | RAM32M16 x 1   | 
|PifoMesh    | io_outputs_4_fifo/fifo/logic_ram_reg                          | User Attribute | 2 x 23               | RAM32M16 x 2   | 
|PifoMesh    | enque_flowIdStream_fifo/fifo/logic_ram_reg                    | User Attribute | 2 x 13               | RAM32M16 x 1   | 
|PifoMesh    | engineMapper/ram_reg                                          | Implied        | 1 K x 2              | RAM256X1D x 8  | 
|PifoMesh    | flowStateUpdate_toStream_fifo/fifo/logic_ram_reg              | User Attribute | 2 x 55               | RAM32M16 x 4   | 
|PifoMesh    | brainStateUpdate_toStream_fifo/fifo/logic_ram_reg             | User Attribute | 2 x 42               | RAM32M16 x 3   | 
|PifoMesh    | engineMapper_io_readRes_toStream_fifo/fifo/logic_ram_reg      | User Attribute | 2 x 2                | RAM16X1D x 2   | 
|PifoMesh    | brainStateMem_io_readRes_toStream_fifo/fifo/logic_ram_reg     | User Attribute | 2 x 32               | RAM32M16 x 3   | 
|PifoMesh    | engineCAM_io_readRes_toStream_fifo/fifo/logic_ram_reg         | User Attribute | 2 x 32               | RAM32M16 x 3   | 
|PifoMesh    | lastVirtualMapper_io_readRes_toStream_fifo/fifo/logic_ram_reg | User Attribute | 2 x 8                | RAM32M16 x 1   | 
|PifoMesh    | io_outputs_4_fifo/fifo/logic_ram_reg                          | User Attribute | 2 x 23               | RAM32M16 x 2   | 
|PifoMesh    | enque_flowIdStream_fifo/fifo/logic_ram_reg                    | User Attribute | 2 x 13               | RAM32M16 x 1   | 
|PifoMesh    | engineMapper/ram_reg                                          | Implied        | 1 K x 2              | RAM256X1D x 8  | 
|PifoMesh    | flowStateUpdate_toStream_fifo/fifo/logic_ram_reg              | User Attribute | 2 x 55               | RAM32M16 x 4   | 
|PifoMesh    | brainStateUpdate_toStream_fifo/fifo/logic_ram_reg             | User Attribute | 2 x 42               | RAM32M16 x 3   | 
|PifoMesh    | engineMapper_io_readRes_toStream_fifo/fifo/logic_ram_reg      | User Attribute | 2 x 2                | RAM16X1D x 2   | 
|PifoMesh    | brainStateMem_io_readRes_toStream_fifo/fifo/logic_ram_reg     | User Attribute | 2 x 32               | RAM32M16 x 3   | 
|PifoMesh    | engineCAM_io_readRes_toStream_fifo/fifo/logic_ram_reg         | User Attribute | 2 x 32               | RAM32M16 x 3   | 
|PifoMesh    | lastVirtualMapper_io_readRes_toStream_fifo/fifo/logic_ram_reg | User Attribute | 2 x 8                | RAM32M16 x 1   | 
|PifoMesh    | io_outputs_4_fifo/fifo/logic_ram_reg                          | User Attribute | 2 x 23               | RAM32M16 x 2   | 
|PifoMesh    | enque_flowIdStream_fifo/fifo/logic_ram_reg                    | User Attribute | 2 x 13               | RAM32M16 x 1   | 
|PifoMesh    | engineMapper/ram_reg                                          | Implied        | 1 K x 2              | RAM256X1D x 8  | 
|PifoMesh    | flowStateUpdate_toStream_fifo/fifo/logic_ram_reg              | User Attribute | 2 x 55               | RAM32M16 x 4   | 
|PifoMesh    | brainStateUpdate_toStream_fifo/fifo/logic_ram_reg             | User Attribute | 2 x 42               | RAM32M16 x 3   | 
|PifoMesh    | engineMapper_io_readRes_toStream_fifo/fifo/logic_ram_reg      | User Attribute | 2 x 2                | RAM16X1D x 2   | 
|PifoMesh    | brainStateMem_io_readRes_toStream_fifo/fifo/logic_ram_reg     | User Attribute | 2 x 32               | RAM32M16 x 3   | 
|PifoMesh    | engineCAM_io_readRes_toStream_fifo/fifo/logic_ram_reg         | User Attribute | 2 x 32               | RAM32M16 x 3   | 
|PifoMesh    | lastVirtualMapper_io_readRes_toStream_fifo/fifo/logic_ram_reg | User Attribute | 2 x 8                | RAM32M16 x 1   | 
|PifoMesh    | io_outputs_4_fifo/fifo/logic_ram_reg                          | User Attribute | 2 x 23               | RAM32M16 x 2   | 
|PifoMesh    | enque_flowIdStream_fifo/fifo/logic_ram_reg                    | User Attribute | 2 x 13               | RAM32M16 x 1   | 
|PifoMesh    | engineMapper/ram_reg                                          | Implied        | 1 K x 2              | RAM256X1D x 8  | 
|PifoMesh    | flowStateUpdate_toStream_fifo/fifo/logic_ram_reg              | User Attribute | 2 x 55               | RAM32M16 x 4   | 
|PifoMesh    | brainStateUpdate_toStream_fifo/fifo/logic_ram_reg             | User Attribute | 2 x 42               | RAM32M16 x 3   | 
|PifoMesh    | engineMapper_io_readRes_toStream_fifo/fifo/logic_ram_reg      | User Attribute | 2 x 2                | RAM16X1D x 2   | 
|PifoMesh    | brainStateMem_io_readRes_toStream_fifo/fifo/logic_ram_reg     | User Attribute | 2 x 32               | RAM32M16 x 3   | 
|PifoMesh    | engineCAM_io_readRes_toStream_fifo/fifo/logic_ram_reg         | User Attribute | 2 x 32               | RAM32M16 x 3   | 
|PifoMesh    | lastVirtualMapper_io_readRes_toStream_fifo/fifo/logic_ram_reg | User Attribute | 2 x 8                | RAM32M16 x 1   | 
|PifoMesh    | io_outputs_4_fifo/fifo/logic_ram_reg                          | User Attribute | 2 x 23               | RAM32M16 x 2   | 
|PifoMesh    | enque_flowIdStream_fifo/fifo/logic_ram_reg                    | User Attribute | 2 x 13               | RAM32M16 x 1   | 
|PifoMesh    | xbar/io_inputs_0_fifo/fifo/logic_ram_reg                      | User Attribute | 8 x 13               | RAM32M16 x 1   | 
|PifoMesh    | xbar/io_inputs_1_fifo/fifo/logic_ram_reg                      | User Attribute | 8 x 13               | RAM32M16 x 1   | 
|PifoMesh    | xbar/io_inputs_2_fifo/fifo/logic_ram_reg                      | User Attribute | 8 x 13               | RAM32M16 x 1   | 
|PifoMesh    | xbar/io_inputs_3_fifo/fifo/logic_ram_reg                      | User Attribute | 8 x 13               | RAM32M16 x 1   | 
|PifoMesh    | xbar/io_inputs_4_fifo/fifo/logic_ram_reg                      | User Attribute | 8 x 13               | RAM32M16 x 1   | 
|PifoMesh    | xbar/io_inputs_5_fifo/fifo/logic_ram_reg                      | User Attribute | 8 x 13               | RAM32M16 x 1   | 
+------------+---------------------------------------------------------------+----------------+----------------------+----------------+

Note: The table above is a preliminary report that shows the Distributed RAMs at the current stage of the synthesis flow. Some Distributed RAMs may be reimplemented as non Distributed RAM primitives later in the synthesis flow. Multiple instantiated RAMs are reported only once.
---------------------------------------------------------------------------------
Finished ROM, RAM, DSP, Shift Register and Retiming Reporting
---------------------------------------------------------------------------------
---------------------------------------------------------------------------------
Start Applying XDC Timing Constraints
---------------------------------------------------------------------------------
---------------------------------------------------------------------------------
Finished Applying XDC Timing Constraints : Time (s): cpu = 00:24:29 ; elapsed = 00:23:31 . Memory (MB): peak = 38589.867 ; gain = 35945.547 ; free physical = 60468 ; free virtual = 95058
---------------------------------------------------------------------------------
---------------------------------------------------------------------------------
Start ROM, RAM, DSP, Shift Register and Retiming Reporting
---------------------------------------------------------------------------------

Block RAM: Final Mapping Report
+------------------------------+--------------------------------------+-------------------------+---+---+--------------------------+---+---+------------------+--------+--------+---------------------------------------------------------------------------------------------------------------------------------------------------------------------------------------------------------------------------------------------------------------------------------------------------------------------------------------------------------------------------------------------------------------------------------------------------------------------------------------------------------------------------------------------------------------------------------------------------------------------------------------------------------------------------------------------------------------------------------------------------------------------------------------------------------------------------------------------------------------------------------------------------------------------------------------------------------------------------------------------------------------------------------------------------------------------------------------------------------------------------------------------------------------------------------------------------------------------------------------------------------------------------------------------------------------------------------------------------------------------------------------------------------------------------------------------------------------------------------------------------------------------------------------------------------------------------------------------------------------------------------------------------------------------------------------------------------------------------------------------------------------------------------------------------------------------------------------------------------------------------------------------------------------------------------+
|Module Name                   | RTL Object                           | PORT A (Depth x Width)  | W | R | PORT B (Depth x Width)   | W | R | Ports driving FF | RAMB18 | RAMB36 | Cascade Heights                                                                                                                                                                                                                                                                                                                                                                                                                                                                                                                                                                                                                                                                                                                                                                                                                                                                                                                                                                                                                                                                                                                                                                                                                                                                                                                                                                                                                                                                                                                                                                                                                                                                                                                                                                                                                                                                                                                 | 
+------------------------------+--------------------------------------+-------------------------+---+---+--------------------------+---+---+------------------+--------+--------+---------------------------------------------------------------------------------------------------------------------------------------------------------------------------------------------------------------------------------------------------------------------------------------------------------------------------------------------------------------------------------------------------------------------------------------------------------------------------------------------------------------------------------------------------------------------------------------------------------------------------------------------------------------------------------------------------------------------------------------------------------------------------------------------------------------------------------------------------------------------------------------------------------------------------------------------------------------------------------------------------------------------------------------------------------------------------------------------------------------------------------------------------------------------------------------------------------------------------------------------------------------------------------------------------------------------------------------------------------------------------------------------------------------------------------------------------------------------------------------------------------------------------------------------------------------------------------------------------------------------------------------------------------------------------------------------------------------------------------------------------------------------------------------------------------------------------------------------------------------------------------------------------------------------------------+
|extram__3_Mapper_2__GD        | ram_reg                              | 8192 K x 32(READ_FIRST) | W |   | 8192 K x 32(WRITE_FIRST) |   | R | Port A and B     | 0      | 7424   | 8,8,8,8,8,8,8,8,8,8,8,8,8,8,8,8,8,8,8,8,8,8,8,8,8,8,8,8,8,8,8,8,8,8,8,8,8,8,8,8,8,8,8,8,8,8,8,8,8,8,8,8,8,8,8,8,8,8,8,8,8,8,8,8,8,8,8,8,8,8,8,8,8,8,8,8,8,8,8,8,8,8,8,8,8,8,8,8,8,8,8,8,8,8,8,8,8,8,8,8,8,8,8,8,8,8,8,8,8,8,8,8,8,8,8,8,8,8,8,8,8,8,8,8,8,8,8,8,8,8,8,8,8,8,8,8,8,8,8,8,8,8,8,8,8,8,8,8,8,8,8,8,8,8,8,8,8,8,8,8,8,8,8,8,8,8,8,8,8,8,8,8,8,8,8,8,8,8,8,8,8,8,8,8,8,8,8,8,8,8,8,8,8,8,8,8,8,8,8,8,8,8,8,8,8,8,8,8,8,8,8,8,8,8,8,8,8,8,8,8,8,8,8,8,8,8,8,8,8,8,8,8,8,8,8,8,8,8,8,8,8,8,8,8,8,8,8,8,8,8,8,8,8,8,8,8,8,8,8,8,8,8,8,8,8,8,8,8,8,8,8,8,8,8,8,8,8,8,8,8,8,8,8,8,8,8,8,8,8,8,8,8,8,8,8,8,8,8,8,8,8,8,8,8,8,8,8,8,8,8,8,8,8,8,8,8,8,8,8,8,8,8,8,8,8,8,8,8,8,8,8,8,8,8,8,8,8,8,8,8,8,8,8,8,8,8,8,8,8,8,8,8,8,8,8,8,8,8,8,8,8,8,8,8,8,8,8,8,8,8,8,8,8,8,8,8,8,8,8,8,8,8,8,8,8,8,8,8,8,8,8,8,8,8,8,8,8,8,8,8,8,8,8,8,8,8,8,8,8,8,8,8,8,8,8,8,8,8,8,8,8,8,8,8,8,8,8,8,8,8,8,8,8,8,8,8,8,8,8,8,8,8,8,8,8,8,8,8,8,8,8,8,8,8,8,8,8,8,8,8,8,8,8,8,8,8,8,8,8,8,8,8,8,8,8,8,8,8,8,8,8,8,8,8,8,8,8,8,8,8,8,8,8,8,8,8,8,8,8,8,8,8,8,8,8,8,8,8,8,8,8,8,8,8,8,8,8,8,8,8,8,8,8,8,8,8,8,8,8,8,8,8,8,8,8,8,8,8,8,8,8,8,8,8,8,8,8,8,8,8,8,8,8,8,8,8,8,8,8,8,8,8,8,8,8,8,8,8,8,8,8,8,8,8,8,8,8,8,8,8,8,8,8,8,8,8,8,8,8,8,8,8,8,8,8,8,8,8,8,8,8,8,8,8,8,8,8,8,8,8,8,8,8,8,8,8,8,8,8,8,8,8,8,8,8,8,8,8,8,8,8,8,8,8,8,8,8,8,8,8,8,8,8,8,8,8,8,8,8,8,8,8,8,8,8,8,8,8,8,8,8,8,8,8,8,8,8,8,8,8,8,8,8,8,8,8,8,8,8,8,8,8,8,8,8,8,8,8,8,8,8,8,8,8,8,8,8,8,8,8,8,8,8,8,8,8,8,8,8,8,8,8,8,8,8,8,8,8,8,8,8,8,8,8,8,8,8,8,8,8,8,8,8,8,8,8,8,8,8,8,8,8,8,8,8,8,8,8,8,8,8,8,8,8,8,8,8,8,8,8,8,8,8,8,8,8,8,8,8,8,8,8,8,8,8,8,8,8,8,8,8,8,8,8,8,8,8,8,8,8,8,8,8,8,8,8,8,8,8,8,8,8,8,8,8,8,8,8,8,8,8,8,8,8,8,8,8,8,8,8,8,8,8,8,8,8,8,8,8,8,8,8,8,8,8,8,8,8,8,8,8,8,8,8,8,8,8,8,8,8,8,8,8,8,8,8,8,8,8,8,8,8,8,8,8,8,8,8,8,8,8,8,8,8,8,8,8,8,8,8,8,8,8,8,8,8,8,8,8,8,8,8,8,8,8,8,8,8,8,8,8,8,8,8,8,8,8,8,8,8,8,8,8,8,8,8,8,8,8,8,8,8,8,8,8,8,8,8 | 
|PifoMesh                      | lastVirtualMapper/ram_reg            | 1 K x 8(READ_FIRST)     | W |   | 1 K x 8(WRITE_FIRST)     |   | R | Port A and B     | 1      | 0      | 1                                                                                                                                                                                                                                                                                                                                                                                                                                                                                                                                                                                                                                                                                                                                                                                                                                                                                                                                                                                                                                                                                                                                                                                                                                                                                                                                                                                                                                                                                                                                                                                                                                                                                                                                                                                                                                                                                                                               | 
|PifoMesh                      | brainStateMem/ram_reg                | 1 K x 32(READ_FIRST)    | W |   | 1 K x 32(WRITE_FIRST)    |   | R | Port A and B     | 0      | 1      | 1                                                                                                                                                                                                                                                                                                                                                                                                                                                                                                                                                                                                                                                                                                                                                                                                                                                                                                                                                                                                                                                                                                                                                                                                                                                                                                                                                                                                                                                                                                                                                                                                                                                                                                                                                                                                                                                                                                                               | 
|extram__5_DirectMapper_1__GD  | ram_reg                              | 8192 K x 13(READ_FIRST) | W |   | 8192 K x 13(WRITE_FIRST) |   | R | Port A and B     | 0      | 3072   | 8,8,8,8,8,8,8,8,8,8,8,8,8,8,8,8,8,8,8,8,8,8,8,8,8,8,8,8,8,8,8,8,8,8,8,8,8,8,8,8,8,8,8,8,8,8,8,8,8,8,8,8,8,8,8,8,8,8,8,8,8,8,8,8,8,8,8,8,8,8,8,8,8,8,8,8,8,8,8,8,8,8,8,8,8,8,8,8,8,8,8,8,8,8,8,8,8,8,8,8,8,8,8,8,8,8,8,8,8,8,8,8,8,8,8,8,8,8,8,8,8,8,8,8,8,8,8,8,8,8,8,8,8,8,8,8,8,8,8,8,8,8,8,8,8,8,8,8,8,8,8,8,8,8,8,8,8,8,8,8,8,8,8,8,8,8,8,8,8,8,8,8,8,8,8,8,8,8,8,8,8,8,8,8,8,8,8,8,8,8,8,8,8,8,8,8,8,8,8,8,8,8,8,8,8,8,8,8,8,8,8,8,8,8,8,8,8,8,8,8,8,8,8,8,8,8,8,8,8,8,8,8,8,8,8,8,8,8,8,8,8,8,8,8,8,8,8,8,8,8,8,8,8,8,8,8,8,8,8,8,8,8,8,8,8,8,8,8,8,8,8,8,8,8,8,8,8,8,8,8,8,8,8,8,8,8,8,8,8,8,8,8,8,8,8,8,8,8,8,8,8,8,8,8,8,8,8,8,8,8,8,8,8,8,8,8,8,8,8,8,8,8,8,8,8,8,8,8,8,8,8,8,8,8,8,8,8,8,8,8,8,8,8,8,8,8,8,8,8,8,8,8,8,8,8,8,8,8,8,8,8,8,8,8,8,8,8,8,8,8,8,8,8,8,8,8,8,8,8,8,8,8,8,8                                                                                                                                                                                                                                                                                                                                                                                                                                                                                                                                                                                                                                                                                                                                                                                                                                                                                                                                                                                                                                                                                                                                 | 
|PifoMesh                      | enque_enqueMapper/ram_reg            | 1 K x 10(READ_FIRST)    | W |   | 1 K x 10(WRITE_FIRST)    |   | R | Port A and B     | 1      | 0      | 1                                                                                                                                                                                                                                                                                                                                                                                                                                                                                                                                                                                                                                                                                                                                                                                                                                                                                                                                                                                                                                                                                                                                                                                                                                                                                                                                                                                                                                                                                                                                                                                                                                                                                                                                                                                                                                                                                                                               | 
|extram__9_Mapper_6__GD        | ram_reg                              | 8192 K x 32(READ_FIRST) | W |   | 8192 K x 32(WRITE_FIRST) |   | R | Port A and B     | 0      | 7424   | 8,8,8,8,8,8,8,8,8,8,8,8,8,8,8,8,8,8,8,8,8,8,8,8,8,8,8,8,8,8,8,8,8,8,8,8,8,8,8,8,8,8,8,8,8,8,8,8,8,8,8,8,8,8,8,8,8,8,8,8,8,8,8,8,8,8,8,8,8,8,8,8,8,8,8,8,8,8,8,8,8,8,8,8,8,8,8,8,8,8,8,8,8,8,8,8,8,8,8,8,8,8,8,8,8,8,8,8,8,8,8,8,8,8,8,8,8,8,8,8,8,8,8,8,8,8,8,8,8,8,8,8,8,8,8,8,8,8,8,8,8,8,8,8,8,8,8,8,8,8,8,8,8,8,8,8,8,8,8,8,8,8,8,8,8,8,8,8,8,8,8,8,8,8,8,8,8,8,8,8,8,8,8,8,8,8,8,8,8,8,8,8,8,8,8,8,8,8,8,8,8,8,8,8,8,8,8,8,8,8,8,8,8,8,8,8,8,8,8,8,8,8,8,8,8,8,8,8,8,8,8,8,8,8,8,8,8,8,8,8,8,8,8,8,8,8,8,8,8,8,8,8,8,8,8,8,8,8,8,8,8,8,8,8,8,8,8,8,8,8,8,8,8,8,8,8,8,8,8,8,8,8,8,8,8,8,8,8,8,8,8,8,8,8,8,8,8,8,8,8,8,8,8,8,8,8,8,8,8,8,8,8,8,8,8,8,8,8,8,8,8,8,8,8,8,8,8,8,8,8,8,8,8,8,8,8,8,8,8,8,8,8,8,8,8,8,8,8,8,8,8,8,8,8,8,8,8,8,8,8,8,8,8,8,8,8,8,8,8,8,8,8,8,8,8,8,8,8,8,8,8,8,8,8,8,8,8,8,8,8,8,8,8,8,8,8,8,8,8,8,8,8,8,8,8,8,8,8,8,8,8,8,8,8,8,8,8,8,8,8,8,8,8,8,8,8,8,8,8,8,8,8,8,8,8,8,8,8,8,8,8,8,8,8,8,8,8,8,8,8,8,8,8,8,8,8,8,8,8,8,8,8,8,8,8,8,8,8,8,8,8,8,8,8,8,8,8,8,8,8,8,8,8,8,8,8,8,8,8,8,8,8,8,8,8,8,8,8,8,8,8,8,8,8,8,8,8,8,8,8,8,8,8,8,8,8,8,8,8,8,8,8,8,8,8,8,8,8,8,8,8,8,8,8,8,8,8,8,8,8,8,8,8,8,8,8,8,8,8,8,8,8,8,8,8,8,8,8,8,8,8,8,8,8,8,8,8,8,8,8,8,8,8,8,8,8,8,8,8,8,8,8,8,8,8,8,8,8,8,8,8,8,8,8,8,8,8,8,8,8,8,8,8,8,8,8,8,8,8,8,8,8,8,8,8,8,8,8,8,8,8,8,8,8,8,8,8,8,8,8,8,8,8,8,8,8,8,8,8,8,8,8,8,8,8,8,8,8,8,8,8,8,8,8,8,8,8,8,8,8,8,8,8,8,8,8,8,8,8,8,8,8,8,8,8,8,8,8,8,8,8,8,8,8,8,8,8,8,8,8,8,8,8,8,8,8,8,8,8,8,8,8,8,8,8,8,8,8,8,8,8,8,8,8,8,8,8,8,8,8,8,8,8,8,8,8,8,8,8,8,8,8,8,8,8,8,8,8,8,8,8,8,8,8,8,8,8,8,8,8,8,8,8,8,8,8,8,8,8,8,8,8,8,8,8,8,8,8,8,8,8,8,8,8,8,8,8,8,8,8,8,8,8,8,8,8,8,8,8,8,8,8,8,8,8,8,8,8,8,8,8,8,8,8,8,8,8,8,8,8,8,8,8,8,8,8,8,8,8,8,8,8,8,8,8,8,8,8,8,8,8,8,8,8,8,8,8,8,8,8,8,8,8,8,8,8,8,8,8,8,8,8,8,8,8,8,8,8,8,8,8,8,8,8,8,8,8,8,8,8,8,8,8,8,8,8,8,8,8,8,8,8,8,8,8,8,8,8,8,8,8,8,8,8,8,8,8,8,8,8,8,8,8,8,8,8,8,8,8,8,8,8,8,8,8,8,8,8,8,8,8,8,8,8,8,8,8,8 | 
|PifoMesh                      | lastVirtualMapper/ram_reg            | 1 K x 8(READ_FIRST)     | W |   | 1 K x 8(WRITE_FIRST)     |   | R | Port A and B     | 1      | 0      | 1                                                                                                                                                                                                                                                                                                                                                                                                                                                                                                                                                                                                                                                                                                                                                                                                                                                                                                                                                                                                                                                                                                                                                                                                                                                                                                                                                                                                                                                                                                                                                                                                                                                                                                                                                                                                                                                                                                                               | 
|PifoMesh                      | brainStateMem/ram_reg                | 1 K x 32(READ_FIRST)    | W |   | 1 K x 32(WRITE_FIRST)    |   | R | Port A and B     | 0      | 1      | 1                                                                                                                                                                                                                                                                                                                                                                                                                                                                                                                                                                                                                                                                                                                                                                                                                                                                                                                                                                                                                                                                                                                                                                                                                                                                                                                                                                                                                                                                                                                                                                                                                                                                                                                                                                                                                                                                                                                               | 
|extram__11_DirectMapper_3__GD | ram_reg                              | 8192 K x 13(READ_FIRST) | W |   | 8192 K x 13(WRITE_FIRST) |   | R | Port A and B     | 0      | 3072   | 8,8,8,8,8,8,8,8,8,8,8,8,8,8,8,8,8,8,8,8,8,8,8,8,8,8,8,8,8,8,8,8,8,8,8,8,8,8,8,8,8,8,8,8,8,8,8,8,8,8,8,8,8,8,8,8,8,8,8,8,8,8,8,8,8,8,8,8,8,8,8,8,8,8,8,8,8,8,8,8,8,8,8,8,8,8,8,8,8,8,8,8,8,8,8,8,8,8,8,8,8,8,8,8,8,8,8,8,8,8,8,8,8,8,8,8,8,8,8,8,8,8,8,8,8,8,8,8,8,8,8,8,8,8,8,8,8,8,8,8,8,8,8,8,8,8,8,8,8,8,8,8,8,8,8,8,8,8,8,8,8,8,8,8,8,8,8,8,8,8,8,8,8,8,8,8,8,8,8,8,8,8,8,8,8,8,8,8,8,8,8,8,8,8,8,8,8,8,8,8,8,8,8,8,8,8,8,8,8,8,8,8,8,8,8,8,8,8,8,8,8,8,8,8,8,8,8,8,8,8,8,8,8,8,8,8,8,8,8,8,8,8,8,8,8,8,8,8,8,8,8,8,8,8,8,8,8,8,8,8,8,8,8,8,8,8,8,8,8,8,8,8,8,8,8,8,8,8,8,8,8,8,8,8,8,8,8,8,8,8,8,8,8,8,8,8,8,8,8,8,8,8,8,8,8,8,8,8,8,8,8,8,8,8,8,8,8,8,8,8,8,8,8,8,8,8,8,8,8,8,8,8,8,8,8,8,8,8,8,8,8,8,8,8,8,8,8,8,8,8,8,8,8,8,8,8,8,8,8,8,8,8,8,8,8,8,8,8,8,8,8,8,8,8,8,8,8,8,8,8,8,8,8,8                                                                                                                                                                                                                                                                                                                                                                                                                                                                                                                                                                                                                                                                                                                                                                                                                                                                                                                                                                                                                                                                                                                                 | 
|PifoMesh                      | enque_enqueMapper/ram_reg            | 1 K x 10(READ_FIRST)    | W |   | 1 K x 10(WRITE_FIRST)    |   | R | Port A and B     | 1      | 0      | 1                                                                                                                                                                                                                                                                                                                                                                                                                                                                                                                                                                                                                                                                                                                                                                                                                                                                                                                                                                                                                                                                                                                                                                                                                                                                                                                                                                                                                                                                                                                                                                                                                                                                                                                                                                                                                                                                                                                               | 
|extram__15_Mapper_10__GD      | ram_reg                              | 8192 K x 32(READ_FIRST) | W |   | 8192 K x 32(WRITE_FIRST) |   | R | Port A and B     | 0      | 7424   | 8,8,8,8,8,8,8,8,8,8,8,8,8,8,8,8,8,8,8,8,8,8,8,8,8,8,8,8,8,8,8,8,8,8,8,8,8,8,8,8,8,8,8,8,8,8,8,8,8,8,8,8,8,8,8,8,8,8,8,8,8,8,8,8,8,8,8,8,8,8,8,8,8,8,8,8,8,8,8,8,8,8,8,8,8,8,8,8,8,8,8,8,8,8,8,8,8,8,8,8,8,8,8,8,8,8,8,8,8,8,8,8,8,8,8,8,8,8,8,8,8,8,8,8,8,8,8,8,8,8,8,8,8,8,8,8,8,8,8,8,8,8,8,8,8,8,8,8,8,8,8,8,8,8,8,8,8,8,8,8,8,8,8,8,8,8,8,8,8,8,8,8,8,8,8,8,8,8,8,8,8,8,8,8,8,8,8,8,8,8,8,8,8,8,8,8,8,8,8,8,8,8,8,8,8,8,8,8,8,8,8,8,8,8,8,8,8,8,8,8,8,8,8,8,8,8,8,8,8,8,8,8,8,8,8,8,8,8,8,8,8,8,8,8,8,8,8,8,8,8,8,8,8,8,8,8,8,8,8,8,8,8,8,8,8,8,8,8,8,8,8,8,8,8,8,8,8,8,8,8,8,8,8,8,8,8,8,8,8,8,8,8,8,8,8,8,8,8,8,8,8,8,8,8,8,8,8,8,8,8,8,8,8,8,8,8,8,8,8,8,8,8,8,8,8,8,8,8,8,8,8,8,8,8,8,8,8,8,8,8,8,8,8,8,8,8,8,8,8,8,8,8,8,8,8,8,8,8,8,8,8,8,8,8,8,8,8,8,8,8,8,8,8,8,8,8,8,8,8,8,8,8,8,8,8,8,8,8,8,8,8,8,8,8,8,8,8,8,8,8,8,8,8,8,8,8,8,8,8,8,8,8,8,8,8,8,8,8,8,8,8,8,8,8,8,8,8,8,8,8,8,8,8,8,8,8,8,8,8,8,8,8,8,8,8,8,8,8,8,8,8,8,8,8,8,8,8,8,8,8,8,8,8,8,8,8,8,8,8,8,8,8,8,8,8,8,8,8,8,8,8,8,8,8,8,8,8,8,8,8,8,8,8,8,8,8,8,8,8,8,8,8,8,8,8,8,8,8,8,8,8,8,8,8,8,8,8,8,8,8,8,8,8,8,8,8,8,8,8,8,8,8,8,8,8,8,8,8,8,8,8,8,8,8,8,8,8,8,8,8,8,8,8,8,8,8,8,8,8,8,8,8,8,8,8,8,8,8,8,8,8,8,8,8,8,8,8,8,8,8,8,8,8,8,8,8,8,8,8,8,8,8,8,8,8,8,8,8,8,8,8,8,8,8,8,8,8,8,8,8,8,8,8,8,8,8,8,8,8,8,8,8,8,8,8,8,8,8,8,8,8,8,8,8,8,8,8,8,8,8,8,8,8,8,8,8,8,8,8,8,8,8,8,8,8,8,8,8,8,8,8,8,8,8,8,8,8,8,8,8,8,8,8,8,8,8,8,8,8,8,8,8,8,8,8,8,8,8,8,8,8,8,8,8,8,8,8,8,8,8,8,8,8,8,8,8,8,8,8,8,8,8,8,8,8,8,8,8,8,8,8,8,8,8,8,8,8,8,8,8,8,8,8,8,8,8,8,8,8,8,8,8,8,8,8,8,8,8,8,8,8,8,8,8,8,8,8,8,8,8,8,8,8,8,8,8,8,8,8,8,8,8,8,8,8,8,8,8,8,8,8,8,8,8,8,8,8,8,8,8,8,8,8,8,8,8,8,8,8,8,8,8,8,8,8,8,8,8,8,8,8,8,8,8,8,8,8,8,8,8,8,8,8,8,8,8,8,8,8,8,8,8,8,8,8,8,8,8,8,8,8,8,8,8,8,8,8,8,8,8,8,8,8,8,8,8,8,8,8,8,8,8,8,8,8,8,8,8,8,8,8,8,8,8,8,8,8,8,8,8,8,8,8,8,8,8,8,8,8,8,8,8,8,8,8,8,8,8,8,8,8,8,8,8,8,8,8,8,8,8,8,8,8,8,8,8,8,8,8,8,8,8,8,8,8,8,8,8 | 
|PifoMesh                      | lastVirtualMapper/ram_reg            | 1 K x 8(READ_FIRST)     | W |   | 1 K x 8(WRITE_FIRST)     |   | R | Port A and B     | 1      | 0      | 1                                                                                                                                                                                                                                                                                                                                                                                                                                                                                                                                                                                                                                                                                                                                                                                                                                                                                                                                                                                                                                                                                                                                                                                                                                                                                                                                                                                                                                                                                                                                                                                                                                                                                                                                                                                                                                                                                                                               | 
|PifoMesh                      | brainStateMem/ram_reg                | 1 K x 32(READ_FIRST)    | W |   | 1 K x 32(WRITE_FIRST)    |   | R | Port A and B     | 0      | 1      | 1                                                                                                                                                                                                                                                                                                                                                                                                                                                                                                                                                                                                                                                                                                                                                                                                                                                                                                                                                                                                                                                                                                                                                                                                                                                                                                                                                                                                                                                                                                                                                                                                                                                                                                                                                                                                                                                                                                                               | 
|extram__17_DirectMapper_5__GD | ram_reg                              | 8192 K x 13(READ_FIRST) | W |   | 8192 K x 13(WRITE_FIRST) |   | R | Port A and B     | 0      | 3072   | 8,8,8,8,8,8,8,8,8,8,8,8,8,8,8,8,8,8,8,8,8,8,8,8,8,8,8,8,8,8,8,8,8,8,8,8,8,8,8,8,8,8,8,8,8,8,8,8,8,8,8,8,8,8,8,8,8,8,8,8,8,8,8,8,8,8,8,8,8,8,8,8,8,8,8,8,8,8,8,8,8,8,8,8,8,8,8,8,8,8,8,8,8,8,8,8,8,8,8,8,8,8,8,8,8,8,8,8,8,8,8,8,8,8,8,8,8,8,8,8,8,8,8,8,8,8,8,8,8,8,8,8,8,8,8,8,8,8,8,8,8,8,8,8,8,8,8,8,8,8,8,8,8,8,8,8,8,8,8,8,8,8,8,8,8,8,8,8,8,8,8,8,8,8,8,8,8,8,8,8,8,8,8,8,8,8,8,8,8,8,8,8,8,8,8,8,8,8,8,8,8,8,8,8,8,8,8,8,8,8,8,8,8,8,8,8,8,8,8,8,8,8,8,8,8,8,8,8,8,8,8,8,8,8,8,8,8,8,8,8,8,8,8,8,8,8,8,8,8,8,8,8,8,8,8,8,8,8,8,8,8,8,8,8,8,8,8,8,8,8,8,8,8,8,8,8,8,8,8,8,8,8,8,8,8,8,8,8,8,8,8,8,8,8,8,8,8,8,8,8,8,8,8,8,8,8,8,8,8,8,8,8,8,8,8,8,8,8,8,8,8,8,8,8,8,8,8,8,8,8,8,8,8,8,8,8,8,8,8,8,8,8,8,8,8,8,8,8,8,8,8,8,8,8,8,8,8,8,8,8,8,8,8,8,8,8,8,8,8,8,8,8,8,8,8,8,8,8,8,8,8,8,8,8                                                                                                                                                                                                                                                                                                                                                                                                                                                                                                                                                                                                                                                                                                                                                                                                                                                                                                                                                                                                                                                                                                                                 | 
|PifoMesh                      | enque_enqueMapper/ram_reg            | 1 K x 10(READ_FIRST)    | W |   | 1 K x 10(WRITE_FIRST)    |   | R | Port A and B     | 1      | 0      | 1                                                                                                                                                                                                                                                                                                                                                                                                                                                                                                                                                                                                                                                                                                                                                                                                                                                                                                                                                                                                                                                                                                                                                                                                                                                                                                                                                                                                                                                                                                                                                                                                                                                                                                                                                                                                                                                                                                                               | 
|extram__21_Mapper_14__GD      | ram_reg                              | 8192 K x 32(READ_FIRST) | W |   | 8192 K x 32(WRITE_FIRST) |   | R | Port A and B     | 0      | 7424   | 8,8,8,8,8,8,8,8,8,8,8,8,8,8,8,8,8,8,8,8,8,8,8,8,8,8,8,8,8,8,8,8,8,8,8,8,8,8,8,8,8,8,8,8,8,8,8,8,8,8,8,8,8,8,8,8,8,8,8,8,8,8,8,8,8,8,8,8,8,8,8,8,8,8,8,8,8,8,8,8,8,8,8,8,8,8,8,8,8,8,8,8,8,8,8,8,8,8,8,8,8,8,8,8,8,8,8,8,8,8,8,8,8,8,8,8,8,8,8,8,8,8,8,8,8,8,8,8,8,8,8,8,8,8,8,8,8,8,8,8,8,8,8,8,8,8,8,8,8,8,8,8,8,8,8,8,8,8,8,8,8,8,8,8,8,8,8,8,8,8,8,8,8,8,8,8,8,8,8,8,8,8,8,8,8,8,8,8,8,8,8,8,8,8,8,8,8,8,8,8,8,8,8,8,8,8,8,8,8,8,8,8,8,8,8,8,8,8,8,8,8,8,8,8,8,8,8,8,8,8,8,8,8,8,8,8,8,8,8,8,8,8,8,8,8,8,8,8,8,8,8,8,8,8,8,8,8,8,8,8,8,8,8,8,8,8,8,8,8,8,8,8,8,8,8,8,8,8,8,8,8,8,8,8,8,8,8,8,8,8,8,8,8,8,8,8,8,8,8,8,8,8,8,8,8,8,8,8,8,8,8,8,8,8,8,8,8,8,8,8,8,8,8,8,8,8,8,8,8,8,8,8,8,8,8,8,8,8,8,8,8,8,8,8,8,8,8,8,8,8,8,8,8,8,8,8,8,8,8,8,8,8,8,8,8,8,8,8,8,8,8,8,8,8,8,8,8,8,8,8,8,8,8,8,8,8,8,8,8,8,8,8,8,8,8,8,8,8,8,8,8,8,8,8,8,8,8,8,8,8,8,8,8,8,8,8,8,8,8,8,8,8,8,8,8,8,8,8,8,8,8,8,8,8,8,8,8,8,8,8,8,8,8,8,8,8,8,8,8,8,8,8,8,8,8,8,8,8,8,8,8,8,8,8,8,8,8,8,8,8,8,8,8,8,8,8,8,8,8,8,8,8,8,8,8,8,8,8,8,8,8,8,8,8,8,8,8,8,8,8,8,8,8,8,8,8,8,8,8,8,8,8,8,8,8,8,8,8,8,8,8,8,8,8,8,8,8,8,8,8,8,8,8,8,8,8,8,8,8,8,8,8,8,8,8,8,8,8,8,8,8,8,8,8,8,8,8,8,8,8,8,8,8,8,8,8,8,8,8,8,8,8,8,8,8,8,8,8,8,8,8,8,8,8,8,8,8,8,8,8,8,8,8,8,8,8,8,8,8,8,8,8,8,8,8,8,8,8,8,8,8,8,8,8,8,8,8,8,8,8,8,8,8,8,8,8,8,8,8,8,8,8,8,8,8,8,8,8,8,8,8,8,8,8,8,8,8,8,8,8,8,8,8,8,8,8,8,8,8,8,8,8,8,8,8,8,8,8,8,8,8,8,8,8,8,8,8,8,8,8,8,8,8,8,8,8,8,8,8,8,8,8,8,8,8,8,8,8,8,8,8,8,8,8,8,8,8,8,8,8,8,8,8,8,8,8,8,8,8,8,8,8,8,8,8,8,8,8,8,8,8,8,8,8,8,8,8,8,8,8,8,8,8,8,8,8,8,8,8,8,8,8,8,8,8,8,8,8,8,8,8,8,8,8,8,8,8,8,8,8,8,8,8,8,8,8,8,8,8,8,8,8,8,8,8,8,8,8,8,8,8,8,8,8,8,8,8,8,8,8,8,8,8,8,8,8,8,8,8,8,8,8,8,8,8,8,8,8,8,8,8,8,8,8,8,8,8,8,8,8,8,8,8,8,8,8,8,8,8,8,8,8,8,8,8,8,8,8,8,8,8,8,8,8,8,8,8,8,8,8,8,8,8,8,8,8,8,8,8,8,8,8,8,8,8,8,8,8,8,8,8,8,8,8,8,8,8,8,8,8,8,8,8,8,8,8,8,8,8,8,8,8,8,8,8,8,8,8,8,8,8,8,8,8,8,8,8,8,8,8,8,8,8,8,8,8,8,8 | 
|PifoMesh                      | lastVirtualMapper/ram_reg            | 1 K x 8(READ_FIRST)     | W |   | 1 K x 8(WRITE_FIRST)     |   | R | Port A and B     | 1      | 0      | 1                                                                                                                                                                                                                                                                                                                                                                                                                                                                                                                                                                                                                                                                                                                                                                                                                                                                                                                                                                                                                                                                                                                                                                                                                                                                                                                                                                                                                                                                                                                                                                                                                                                                                                                                                                                                                                                                                                                               | 
|PifoMesh                      | brainStateMem/ram_reg                | 1 K x 32(READ_FIRST)    | W |   | 1 K x 32(WRITE_FIRST)    |   | R | Port A and B     | 0      | 1      | 1                                                                                                                                                                                                                                                                                                                                                                                                                                                                                                                                                                                                                                                                                                                                                                                                                                                                                                                                                                                                                                                                                                                                                                                                                                                                                                                                                                                                                                                                                                                                                                                                                                                                                                                                                                                                                                                                                                                               | 
|extram__23_DirectMapper_7__GD | ram_reg                              | 8192 K x 13(READ_FIRST) | W |   | 8192 K x 13(WRITE_FIRST) |   | R | Port A and B     | 0      | 3072   | 8,8,8,8,8,8,8,8,8,8,8,8,8,8,8,8,8,8,8,8,8,8,8,8,8,8,8,8,8,8,8,8,8,8,8,8,8,8,8,8,8,8,8,8,8,8,8,8,8,8,8,8,8,8,8,8,8,8,8,8,8,8,8,8,8,8,8,8,8,8,8,8,8,8,8,8,8,8,8,8,8,8,8,8,8,8,8,8,8,8,8,8,8,8,8,8,8,8,8,8,8,8,8,8,8,8,8,8,8,8,8,8,8,8,8,8,8,8,8,8,8,8,8,8,8,8,8,8,8,8,8,8,8,8,8,8,8,8,8,8,8,8,8,8,8,8,8,8,8,8,8,8,8,8,8,8,8,8,8,8,8,8,8,8,8,8,8,8,8,8,8,8,8,8,8,8,8,8,8,8,8,8,8,8,8,8,8,8,8,8,8,8,8,8,8,8,8,8,8,8,8,8,8,8,8,8,8,8,8,8,8,8,8,8,8,8,8,8,8,8,8,8,8,8,8,8,8,8,8,8,8,8,8,8,8,8,8,8,8,8,8,8,8,8,8,8,8,8,8,8,8,8,8,8,8,8,8,8,8,8,8,8,8,8,8,8,8,8,8,8,8,8,8,8,8,8,8,8,8,8,8,8,8,8,8,8,8,8,8,8,8,8,8,8,8,8,8,8,8,8,8,8,8,8,8,8,8,8,8,8,8,8,8,8,8,8,8,8,8,8,8,8,8,8,8,8,8,8,8,8,8,8,8,8,8,8,8,8,8,8,8,8,8,8,8,8,8,8,8,8,8,8,8,8,8,8,8,8,8,8,8,8,8,8,8,8,8,8,8,8,8,8,8,8,8,8,8,8,8,8,8,8,8,8                                                                                                                                                                                                                                                                                                                                                                                                                                                                                                                                                                                                                                                                                                                                                                                                                                                                                                                                                                                                                                                                                                                                 | 
|PifoMesh                      | enque_enqueMapper/ram_reg            | 1 K x 10(READ_FIRST)    | W |   | 1 K x 10(WRITE_FIRST)    |   | R | Port A and B     | 1      | 0      | 1                                                                                                                                                                                                                                                                                                                                                                                                                                                                                                                                                                                                                                                                                                                                                                                                                                                                                                                                                                                                                                                                                                                                                                                                                                                                                                                                                                                                                                                                                                                                                                                                                                                                                                                                                                                                                                                                                                                               | 
|extram__27_Mapper_18__GD      | ram_reg                              | 8192 K x 32(READ_FIRST) | W |   | 8192 K x 32(WRITE_FIRST) |   | R | Port A and B     | 0      | 7424   | 8,8,8,8,8,8,8,8,8,8,8,8,8,8,8,8,8,8,8,8,8,8,8,8,8,8,8,8,8,8,8,8,8,8,8,8,8,8,8,8,8,8,8,8,8,8,8,8,8,8,8,8,8,8,8,8,8,8,8,8,8,8,8,8,8,8,8,8,8,8,8,8,8,8,8,8,8,8,8,8,8,8,8,8,8,8,8,8,8,8,8,8,8,8,8,8,8,8,8,8,8,8,8,8,8,8,8,8,8,8,8,8,8,8,8,8,8,8,8,8,8,8,8,8,8,8,8,8,8,8,8,8,8,8,8,8,8,8,8,8,8,8,8,8,8,8,8,8,8,8,8,8,8,8,8,8,8,8,8,8,8,8,8,8,8,8,8,8,8,8,8,8,8,8,8,8,8,8,8,8,8,8,8,8,8,8,8,8,8,8,8,8,8,8,8,8,8,8,8,8,8,8,8,8,8,8,8,8,8,8,8,8,8,8,8,8,8,8,8,8,8,8,8,8,8,8,8,8,8,8,8,8,8,8,8,8,8,8,8,8,8,8,8,8,8,8,8,8,8,8,8,8,8,8,8,8,8,8,8,8,8,8,8,8,8,8,8,8,8,8,8,8,8,8,8,8,8,8,8,8,8,8,8,8,8,8,8,8,8,8,8,8,8,8,8,8,8,8,8,8,8,8,8,8,8,8,8,8,8,8,8,8,8,8,8,8,8,8,8,8,8,8,8,8,8,8,8,8,8,8,8,8,8,8,8,8,8,8,8,8,8,8,8,8,8,8,8,8,8,8,8,8,8,8,8,8,8,8,8,8,8,8,8,8,8,8,8,8,8,8,8,8,8,8,8,8,8,8,8,8,8,8,8,8,8,8,8,8,8,8,8,8,8,8,8,8,8,8,8,8,8,8,8,8,8,8,8,8,8,8,8,8,8,8,8,8,8,8,8,8,8,8,8,8,8,8,8,8,8,8,8,8,8,8,8,8,8,8,8,8,8,8,8,8,8,8,8,8,8,8,8,8,8,8,8,8,8,8,8,8,8,8,8,8,8,8,8,8,8,8,8,8,8,8,8,8,8,8,8,8,8,8,8,8,8,8,8,8,8,8,8,8,8,8,8,8,8,8,8,8,8,8,8,8,8,8,8,8,8,8,8,8,8,8,8,8,8,8,8,8,8,8,8,8,8,8,8,8,8,8,8,8,8,8,8,8,8,8,8,8,8,8,8,8,8,8,8,8,8,8,8,8,8,8,8,8,8,8,8,8,8,8,8,8,8,8,8,8,8,8,8,8,8,8,8,8,8,8,8,8,8,8,8,8,8,8,8,8,8,8,8,8,8,8,8,8,8,8,8,8,8,8,8,8,8,8,8,8,8,8,8,8,8,8,8,8,8,8,8,8,8,8,8,8,8,8,8,8,8,8,8,8,8,8,8,8,8,8,8,8,8,8,8,8,8,8,8,8,8,8,8,8,8,8,8,8,8,8,8,8,8,8,8,8,8,8,8,8,8,8,8,8,8,8,8,8,8,8,8,8,8,8,8,8,8,8,8,8,8,8,8,8,8,8,8,8,8,8,8,8,8,8,8,8,8,8,8,8,8,8,8,8,8,8,8,8,8,8,8,8,8,8,8,8,8,8,8,8,8,8,8,8,8,8,8,8,8,8,8,8,8,8,8,8,8,8,8,8,8,8,8,8,8,8,8,8,8,8,8,8,8,8,8,8,8,8,8,8,8,8,8,8,8,8,8,8,8,8,8,8,8,8,8,8,8,8,8,8,8,8,8,8,8,8,8,8,8,8,8,8,8,8,8,8,8,8,8,8,8,8,8,8,8,8,8,8,8,8,8,8,8,8,8,8,8,8,8,8,8,8,8,8,8,8,8,8,8,8,8,8,8,8,8,8,8,8,8,8,8,8,8,8,8,8,8,8,8,8,8,8,8,8,8,8,8,8,8,8,8,8,8,8,8,8,8,8,8,8,8,8,8,8,8,8,8,8,8,8,8,8,8,8,8,8,8,8,8,8,8,8,8,8,8,8,8,8,8,8,8,8,8,8,8,8,8,8,8,8,8,8,8,8,8,8,8,8,8,8 | 
|PifoMesh                      | lastVirtualMapper/ram_reg            | 1 K x 8(READ_FIRST)     | W |   | 1 K x 8(WRITE_FIRST)     |   | R | Port A and B     | 1      | 0      | 1                                                                                                                                                                                                                                                                                                                                                                                                                                                                                                                                                                                                                                                                                                                                                                                                                                                                                                                                                                                                                                                                                                                                                                                                                                                                                                                                                                                                                                                                                                                                                                                                                                                                                                                                                                                                                                                                                                                               | 
|PifoMesh                      | brainStateMem/ram_reg                | 1 K x 32(READ_FIRST)    | W |   | 1 K x 32(WRITE_FIRST)    |   | R | Port A and B     | 0      | 1      | 1                                                                                                                                                                                                                                                                                                                                                                                                                                                                                                                                                                                                                                                                                                                                                                                                                                                                                                                                                                                                                                                                                                                                                                                                                                                                                                                                                                                                                                                                                                                                                                                                                                                                                                                                                                                                                                                                                                                               | 
|extram__29_DirectMapper_9__GD | ram_reg                              | 8192 K x 13(READ_FIRST) | W |   | 8192 K x 13(WRITE_FIRST) |   | R | Port A and B     | 0      | 3072   | 8,8,8,8,8,8,8,8,8,8,8,8,8,8,8,8,8,8,8,8,8,8,8,8,8,8,8,8,8,8,8,8,8,8,8,8,8,8,8,8,8,8,8,8,8,8,8,8,8,8,8,8,8,8,8,8,8,8,8,8,8,8,8,8,8,8,8,8,8,8,8,8,8,8,8,8,8,8,8,8,8,8,8,8,8,8,8,8,8,8,8,8,8,8,8,8,8,8,8,8,8,8,8,8,8,8,8,8,8,8,8,8,8,8,8,8,8,8,8,8,8,8,8,8,8,8,8,8,8,8,8,8,8,8,8,8,8,8,8,8,8,8,8,8,8,8,8,8,8,8,8,8,8,8,8,8,8,8,8,8,8,8,8,8,8,8,8,8,8,8,8,8,8,8,8,8,8,8,8,8,8,8,8,8,8,8,8,8,8,8,8,8,8,8,8,8,8,8,8,8,8,8,8,8,8,8,8,8,8,8,8,8,8,8,8,8,8,8,8,8,8,8,8,8,8,8,8,8,8,8,8,8,8,8,8,8,8,8,8,8,8,8,8,8,8,8,8,8,8,8,8,8,8,8,8,8,8,8,8,8,8,8,8,8,8,8,8,8,8,8,8,8,8,8,8,8,8,8,8,8,8,8,8,8,8,8,8,8,8,8,8,8,8,8,8,8,8,8,8,8,8,8,8,8,8,8,8,8,8,8,8,8,8,8,8,8,8,8,8,8,8,8,8,8,8,8,8,8,8,8,8,8,8,8,8,8,8,8,8,8,8,8,8,8,8,8,8,8,8,8,8,8,8,8,8,8,8,8,8,8,8,8,8,8,8,8,8,8,8,8,8,8,8,8,8,8,8,8,8,8,8,8,8,8                                                                                                                                                                                                                                                                                                                                                                                                                                                                                                                                                                                                                                                                                                                                                                                                                                                                                                                                                                                                                                                                                                                                 | 
|PifoMesh                      | enque_enqueMapper/ram_reg            | 1 K x 10(READ_FIRST)    | W |   | 1 K x 10(WRITE_FIRST)    |   | R | Port A and B     | 1      | 0      | 1                                                                                                                                                                                                                                                                                                                                                                                                                                                                                                                                                                                                                                                                                                                                                                                                                                                                                                                                                                                                                                                                                                                                                                                                                                                                                                                                                                                                                                                                                                                                                                                                                                                                                                                                                                                                                                                                                                                               | 
|PifoMesh                      | io_controlRequest_fifo/logic_ram_reg | 256 x 61(READ_FIRST)    | W |   | 256 x 61(WRITE_FIRST)    |   | R | Port A and B     | 0      | 1      |                                                                                                                                                                                                                                                                                                                                                                                                                                                                                                                                                                                                                                                                                                                                                                                                                                                                                                                                                                                                                                                                                                                                                                                                                                                                                                                                                                                                                                                                                                                                                                                                                                                                                                                                                                                                                                                                                                                                 | 
+------------------------------+--------------------------------------+-------------------------+---+---+--------------------------+---+---+------------------+--------+--------+---------------------------------------------------------------------------------------------------------------------------------------------------------------------------------------------------------------------------------------------------------------------------------------------------------------------------------------------------------------------------------------------------------------------------------------------------------------------------------------------------------------------------------------------------------------------------------------------------------------------------------------------------------------------------------------------------------------------------------------------------------------------------------------------------------------------------------------------------------------------------------------------------------------------------------------------------------------------------------------------------------------------------------------------------------------------------------------------------------------------------------------------------------------------------------------------------------------------------------------------------------------------------------------------------------------------------------------------------------------------------------------------------------------------------------------------------------------------------------------------------------------------------------------------------------------------------------------------------------------------------------------------------------------------------------------------------------------------------------------------------------------------------------------------------------------------------------------------------------------------------------------------------------------------------------+


Distributed RAM: Final Mapping Report
+------------+---------------------------------------------------------------+----------------+----------------------+----------------+
|Module Name | RTL Object                                                    | Inference      | Size (Depth x Width) | Primitives     | 
+------------+---------------------------------------------------------------+----------------+----------------------+----------------+
|PifoMesh    | engineMapper/ram_reg                                          | Implied        | 1 K x 2              | RAM256X1D x 8  | 
|PifoMesh    | flowStateUpdate_toStream_fifo/fifo/logic_ram_reg              | User Attribute | 2 x 55               | RAM32M16 x 4   | 
|PifoMesh    | brainStateUpdate_toStream_fifo/fifo/logic_ram_reg             | User Attribute | 2 x 42               | RAM32M16 x 3   | 
|PifoMesh    | engineMapper_io_readRes_toStream_fifo/fifo/logic_ram_reg      | User Attribute | 2 x 2                | RAM16X1D x 2   | 
|PifoMesh    | brainStateMem_io_readRes_toStream_fifo/fifo/logic_ram_reg     | User Attribute | 2 x 32               | RAM32M16 x 3   | 
|PifoMesh    | engineCAM_io_readRes_toStream_fifo/fifo/logic_ram_reg         | User Attribute | 2 x 32               | RAM32M16 x 3   | 
|PifoMesh    | lastVirtualMapper_io_readRes_toStream_fifo/fifo/logic_ram_reg | User Attribute | 2 x 8                | RAM32M16 x 1   | 
|PifoMesh    | io_outputs_4_fifo/fifo/logic_ram_reg                          | User Attribute | 2 x 23               | RAM32M16 x 2   | 
|PifoMesh    | enque_flowIdStream_fifo/fifo/logic_ram_reg                    | User Attribute | 2 x 13               | RAM32M16 x 1   | 
|PifoMesh    | engineMapper/ram_reg                                          | Implied        | 1 K x 2              | RAM256X1D x 8  | 
|PifoMesh    | flowStateUpdate_toStream_fifo/fifo/logic_ram_reg              | User Attribute | 2 x 55               | RAM32M16 x 4   | 
|PifoMesh    | brainStateUpdate_toStream_fifo/fifo/logic_ram_reg             | User Attribute | 2 x 42               | RAM32M16 x 3   | 
|PifoMesh    | engineMapper_io_readRes_toStream_fifo/fifo/logic_ram_reg      | User Attribute | 2 x 2                | RAM16X1D x 2   | 
|PifoMesh    | brainStateMem_io_readRes_toStream_fifo/fifo/logic_ram_reg     | User Attribute | 2 x 32               | RAM32M16 x 3   | 
|PifoMesh    | engineCAM_io_readRes_toStream_fifo/fifo/logic_ram_reg         | User Attribute | 2 x 32               | RAM32M16 x 3   | 
|PifoMesh    | lastVirtualMapper_io_readRes_toStream_fifo/fifo/logic_ram_reg | User Attribute | 2 x 8                | RAM32M16 x 1   | 
|PifoMesh    | io_outputs_4_fifo/fifo/logic_ram_reg                          | User Attribute | 2 x 23               | RAM32M16 x 2   | 
|PifoMesh    | enque_flowIdStream_fifo/fifo/logic_ram_reg                    | User Attribute | 2 x 13               | RAM32M16 x 1   | 
|PifoMesh    | engineMapper/ram_reg                                          | Implied        | 1 K x 2              | RAM256X1D x 8  | 
|PifoMesh    | flowStateUpdate_toStream_fifo/fifo/logic_ram_reg              | User Attribute | 2 x 55               | RAM32M16 x 4   | 
|PifoMesh    | brainStateUpdate_toStream_fifo/fifo/logic_ram_reg             | User Attribute | 2 x 42               | RAM32M16 x 3   | 
|PifoMesh    | engineMapper_io_readRes_toStream_fifo/fifo/logic_ram_reg      | User Attribute | 2 x 2                | RAM16X1D x 2   | 
|PifoMesh    | brainStateMem_io_readRes_toStream_fifo/fifo/logic_ram_reg     | User Attribute | 2 x 32               | RAM32M16 x 3   | 
|PifoMesh    | engineCAM_io_readRes_toStream_fifo/fifo/logic_ram_reg         | User Attribute | 2 x 32               | RAM32M16 x 3   | 
|PifoMesh    | lastVirtualMapper_io_readRes_toStream_fifo/fifo/logic_ram_reg | User Attribute | 2 x 8                | RAM32M16 x 1   | 
|PifoMesh    | io_outputs_4_fifo/fifo/logic_ram_reg                          | User Attribute | 2 x 23               | RAM32M16 x 2   | 
|PifoMesh    | enque_flowIdStream_fifo/fifo/logic_ram_reg                    | User Attribute | 2 x 13               | RAM32M16 x 1   | 
|PifoMesh    | engineMapper/ram_reg                                          | Implied        | 1 K x 2              | RAM256X1D x 8  | 
|PifoMesh    | flowStateUpdate_toStream_fifo/fifo/logic_ram_reg              | User Attribute | 2 x 55               | RAM32M16 x 4   | 
|PifoMesh    | brainStateUpdate_toStream_fifo/fifo/logic_ram_reg             | User Attribute | 2 x 42               | RAM32M16 x 3   | 
|PifoMesh    | engineMapper_io_readRes_toStream_fifo/fifo/logic_ram_reg      | User Attribute | 2 x 2                | RAM16X1D x 2   | 
|PifoMesh    | brainStateMem_io_readRes_toStream_fifo/fifo/logic_ram_reg     | User Attribute | 2 x 32               | RAM32M16 x 3   | 
|PifoMesh    | engineCAM_io_readRes_toStream_fifo/fifo/logic_ram_reg         | User Attribute | 2 x 32               | RAM32M16 x 3   | 
|PifoMesh    | lastVirtualMapper_io_readRes_toStream_fifo/fifo/logic_ram_reg | User Attribute | 2 x 8                | RAM32M16 x 1   | 
|PifoMesh    | io_outputs_4_fifo/fifo/logic_ram_reg                          | User Attribute | 2 x 23               | RAM32M16 x 2   | 
|PifoMesh    | enque_flowIdStream_fifo/fifo/logic_ram_reg                    | User Attribute | 2 x 13               | RAM32M16 x 1   | 
|PifoMesh    | engineMapper/ram_reg                                          | Implied        | 1 K x 2              | RAM256X1D x 8  | 
|PifoMesh    | flowStateUpdate_toStream_fifo/fifo/logic_ram_reg              | User Attribute | 2 x 55               | RAM32M16 x 4   | 
|PifoMesh    | brainStateUpdate_toStream_fifo/fifo/logic_ram_reg             | User Attribute | 2 x 42               | RAM32M16 x 3   | 
|PifoMesh    | engineMapper_io_readRes_toStream_fifo/fifo/logic_ram_reg      | User Attribute | 2 x 2                | RAM16X1D x 2   | 
|PifoMesh    | brainStateMem_io_readRes_toStream_fifo/fifo/logic_ram_reg     | User Attribute | 2 x 32               | RAM32M16 x 3   | 
|PifoMesh    | engineCAM_io_readRes_toStream_fifo/fifo/logic_ram_reg         | User Attribute | 2 x 32               | RAM32M16 x 3   | 
|PifoMesh    | lastVirtualMapper_io_readRes_toStream_fifo/fifo/logic_ram_reg | User Attribute | 2 x 8                | RAM32M16 x 1   | 
|PifoMesh    | io_outputs_4_fifo/fifo/logic_ram_reg                          | User Attribute | 2 x 23               | RAM32M16 x 2   | 
|PifoMesh    | enque_flowIdStream_fifo/fifo/logic_ram_reg                    | User Attribute | 2 x 13               | RAM32M16 x 1   | 
|PifoMesh    | xbar/io_inputs_0_fifo/fifo/logic_ram_reg                      | User Attribute | 8 x 13               | RAM32M16 x 1   | 
|PifoMesh    | xbar/io_inputs_1_fifo/fifo/logic_ram_reg                      | User Attribute | 8 x 13               | RAM32M16 x 1   | 
|PifoMesh    | xbar/io_inputs_2_fifo/fifo/logic_ram_reg                      | User Attribute | 8 x 13               | RAM32M16 x 1   | 
|PifoMesh    | xbar/io_inputs_3_fifo/fifo/logic_ram_reg                      | User Attribute | 8 x 13               | RAM32M16 x 1   | 
|PifoMesh    | xbar/io_inputs_4_fifo/fifo/logic_ram_reg                      | User Attribute | 8 x 13               | RAM32M16 x 1   | 
|PifoMesh    | xbar/io_inputs_5_fifo/fifo/logic_ram_reg                      | User Attribute | 8 x 13               | RAM32M16 x 1   | 
+------------+---------------------------------------------------------------+----------------+----------------------+----------------+

---------------------------------------------------------------------------------
Finished ROM, RAM, DSP, Shift Register and Retiming Reporting
---------------------------------------------------------------------------------
---------------------------------------------------------------------------------
Start Technology Mapping
---------------------------------------------------------------------------------
INFO: [Synth 8-7052] The timing for the instance enque_braini_2/lastVirtualMapper/ram_reg_bram_0 (implemented as a Block RAM) might be sub-optimal as no optional output register could be merged into the ram block. Providing additional output register may help in improving timing.
INFO: [Synth 8-7052] The timing for the instance enque_braini_2/brainStateMem/ram_reg_bram_0 (implemented as a Block RAM) might be sub-optimal as no optional output register could be merged into the ram block. Providing additional output register may help in improving timing.
INFO: [Synth 8-7052] The timing for the instance pifoEngines_0i_8/enque_enqueMapper/ram_reg_bram_0 (implemented as a Block RAM) might be sub-optimal as no optional output register could be merged into the ram block. Providing additional output register may help in improving timing.
INFO: [Synth 8-7052] The timing for the instance enque_braini_11/lastVirtualMapper/ram_reg_bram_0 (implemented as a Block RAM) might be sub-optimal as no optional output register could be merged into the ram block. Providing additional output register may help in improving timing.
INFO: [Synth 8-7052] The timing for the instance enque_braini_11/brainStateMem/ram_reg_bram_0 (implemented as a Block RAM) might be sub-optimal as no optional output register could be merged into the ram block. Providing additional output register may help in improving timing.
INFO: [Synth 8-7052] The timing for the instance pifoEngines_1i_17/enque_enqueMapper/ram_reg_bram_0 (implemented as a Block RAM) might be sub-optimal as no optional output register could be merged into the ram block. Providing additional output register may help in improving timing.
INFO: [Synth 8-7052] The timing for the instance enque_braini_20/lastVirtualMapper/ram_reg_bram_0 (implemented as a Block RAM) might be sub-optimal as no optional output register could be merged into the ram block. Providing additional output register may help in improving timing.
INFO: [Synth 8-7052] The timing for the instance enque_braini_20/brainStateMem/ram_reg_bram_0 (implemented as a Block RAM) might be sub-optimal as no optional output register could be merged into the ram block. Providing additional output register may help in improving timing.
INFO: [Synth 8-7052] The timing for the instance pifoEngines_2i_26/enque_enqueMapper/ram_reg_bram_0 (implemented as a Block RAM) might be sub-optimal as no optional output register could be merged into the ram block. Providing additional output register may help in improving timing.
INFO: [Synth 8-7052] The timing for the instance enque_braini_29/lastVirtualMapper/ram_reg_bram_0 (implemented as a Block RAM) might be sub-optimal as no optional output register could be merged into the ram block. Providing additional output register may help in improving timing.
INFO: [Synth 8-7052] The timing for the instance enque_braini_29/brainStateMem/ram_reg_bram_0 (implemented as a Block RAM) might be sub-optimal as no optional output register could be merged into the ram block. Providing additional output register may help in improving timing.
INFO: [Synth 8-7052] The timing for the instance pifoEngines_3i_35/enque_enqueMapper/ram_reg_bram_0 (implemented as a Block RAM) might be sub-optimal as no optional output register could be merged into the ram block. Providing additional output register may help in improving timing.
INFO: [Synth 8-7052] The timing for the instance enque_braini_38/lastVirtualMapper/ram_reg_bram_0 (implemented as a Block RAM) might be sub-optimal as no optional output register could be merged into the ram block. Providing additional output register may help in improving timing.
INFO: [Synth 8-7052] The timing for the instance enque_braini_38/brainStateMem/ram_reg_bram_0 (implemented as a Block RAM) might be sub-optimal as no optional output register could be merged into the ram block. Providing additional output register may help in improving timing.
INFO: [Synth 8-7052] The timing for the instance pifoEngines_4i_44/enque_enqueMapper/ram_reg_bram_0 (implemented as a Block RAM) might be sub-optimal as no optional output register could be merged into the ram block. Providing additional output register may help in improving timing.
INFO: [Synth 8-7052] The timing for the instance i_48/io_controlRequest_fifo/logic_ram_reg (implemented as a Block RAM) might be sub-optimal as no optional output register could be merged into the ram block. Providing additional output register may help in improving timing.
INFO: [Synth 8-7052] The timing for the instance engineCAMi_1/pifoEngines_0/enque_brain/engineCAM/ram_reg_bram_7 (implemented as a Block RAM) might be sub-optimal as no optional output register could be merged into the ram block. Providing additional output register may help in improving timing.
INFO: [Synth 8-7052] The timing for the instance engineCAMi_1/pifoEngines_0/enque_brain/engineCAM/ram_reg_bram_15 (implemented as a Block RAM) might be sub-optimal as no optional output register could be merged into the ram block. Providing additional output register may help in improving timing.
INFO: [Synth 8-7052] The timing for the instance engineCAMi_1/pifoEngines_0/enque_brain/engineCAM/ram_reg_bram_23 (implemented as a Block RAM) might be sub-optimal as no optional output register could be merged into the ram block. Providing additional output register may help in improving timing.
INFO: [Synth 8-7052] The timing for the instance engineCAMi_1/pifoEngines_0/enque_brain/engineCAM/ram_reg_bram_31 (implemented as a Block RAM) might be sub-optimal as no optional output register could be merged into the ram block. Providing additional output register may help in improving timing.
INFO: [Synth 8-7052] The timing for the instance engineCAMi_1/pifoEngines_0/enque_brain/engineCAM/ram_reg_bram_39 (implemented as a Block RAM) might be sub-optimal as no optional output register could be merged into the ram block. Providing additional output register may help in improving timing.
INFO: [Synth 8-7052] The timing for the instance engineCAMi_1/pifoEngines_0/enque_brain/engineCAM/ram_reg_bram_47 (implemented as a Block RAM) might be sub-optimal as no optional output register could be merged into the ram block. Providing additional output register may help in improving timing.
INFO: [Synth 8-7052] The timing for the instance engineCAMi_1/pifoEngines_0/enque_brain/engineCAM/ram_reg_bram_55 (implemented as a Block RAM) might be sub-optimal as no optional output register could be merged into the ram block. Providing additional output register may help in improving timing.
INFO: [Synth 8-7052] The timing for the instance engineCAMi_1/pifoEngines_0/enque_brain/engineCAM/ram_reg_bram_63 (implemented as a Block RAM) might be sub-optimal as no optional output register could be merged into the ram block. Providing additional output register may help in improving timing.
INFO: [Synth 8-7052] The timing for the instance engineCAMi_1/pifoEngines_0/enque_brain/engineCAM/ram_reg_bram_71 (implemented as a Block RAM) might be sub-optimal as no optional output register could be merged into the ram block. Providing additional output register may help in improving timing.
INFO: [Synth 8-7052] The timing for the instance engineCAMi_1/pifoEngines_0/enque_brain/engineCAM/ram_reg_bram_79 (implemented as a Block RAM) might be sub-optimal as no optional output register could be merged into the ram block. Providing additional output register may help in improving timing.
INFO: [Synth 8-7052] The timing for the instance engineCAMi_1/pifoEngines_0/enque_brain/engineCAM/ram_reg_bram_87 (implemented as a Block RAM) might be sub-optimal as no optional output register could be merged into the ram block. Providing additional output register may help in improving timing.
INFO: [Synth 8-7052] The timing for the instance engineCAMi_1/pifoEngines_0/enque_brain/engineCAM/ram_reg_bram_95 (implemented as a Block RAM) might be sub-optimal as no optional output register could be merged into the ram block. Providing additional output register may help in improving timing.
INFO: [Synth 8-7052] The timing for the instance engineCAMi_1/pifoEngines_0/enque_brain/engineCAM/ram_reg_bram_103 (implemented as a Block RAM) might be sub-optimal as no optional output register could be merged into the ram block. Providing additional output register may help in improving timing.
INFO: [Synth 8-7052] The timing for the instance engineCAMi_1/pifoEngines_0/enque_brain/engineCAM/ram_reg_bram_111 (implemented as a Block RAM) might be sub-optimal as no optional output register could be merged into the ram block. Providing additional output register may help in improving timing.
INFO: [Synth 8-7052] The timing for the instance engineCAMi_1/pifoEngines_0/enque_brain/engineCAM/ram_reg_bram_119 (implemented as a Block RAM) might be sub-optimal as no optional output register could be merged into the ram block. Providing additional output register may help in improving timing.
INFO: [Synth 8-7052] The timing for the instance engineCAMi_1/pifoEngines_0/enque_brain/engineCAM/ram_reg_bram_127 (implemented as a Block RAM) might be sub-optimal as no optional output register could be merged into the ram block. Providing additional output register may help in improving timing.
INFO: [Synth 8-7052] The timing for the instance engineCAMi_1/pifoEngines_0/enque_brain/engineCAM/ram_reg_bram_135 (implemented as a Block RAM) might be sub-optimal as no optional output register could be merged into the ram block. Providing additional output register may help in improving timing.
INFO: [Synth 8-7052] The timing for the instance engineCAMi_1/pifoEngines_0/enque_brain/engineCAM/ram_reg_bram_143 (implemented as a Block RAM) might be sub-optimal as no optional output register could be merged into the ram block. Providing additional output register may help in improving timing.
INFO: [Synth 8-7052] The timing for the instance engineCAMi_1/pifoEngines_0/enque_brain/engineCAM/ram_reg_bram_151 (implemented as a Block RAM) might be sub-optimal as no optional output register could be merged into the ram block. Providing additional output register may help in improving timing.
INFO: [Synth 8-7052] The timing for the instance engineCAMi_1/pifoEngines_0/enque_brain/engineCAM/ram_reg_bram_159 (implemented as a Block RAM) might be sub-optimal as no optional output register could be merged into the ram block. Providing additional output register may help in improving timing.
INFO: [Synth 8-7052] The timing for the instance engineCAMi_1/pifoEngines_0/enque_brain/engineCAM/ram_reg_bram_167 (implemented as a Block RAM) might be sub-optimal as no optional output register could be merged into the ram block. Providing additional output register may help in improving timing.
INFO: [Synth 8-7052] The timing for the instance engineCAMi_1/pifoEngines_0/enque_brain/engineCAM/ram_reg_bram_175 (implemented as a Block RAM) might be sub-optimal as no optional output register could be merged into the ram block. Providing additional output register may help in improving timing.
INFO: [Synth 8-7052] The timing for the instance engineCAMi_1/pifoEngines_0/enque_brain/engineCAM/ram_reg_bram_183 (implemented as a Block RAM) might be sub-optimal as no optional output register could be merged into the ram block. Providing additional output register may help in improving timing.
INFO: [Synth 8-7052] The timing for the instance engineCAMi_1/pifoEngines_0/enque_brain/engineCAM/ram_reg_bram_191 (implemented as a Block RAM) might be sub-optimal as no optional output register could be merged into the ram block. Providing additional output register may help in improving timing.
INFO: [Synth 8-7052] The timing for the instance engineCAMi_1/pifoEngines_0/enque_brain/engineCAM/ram_reg_bram_199 (implemented as a Block RAM) might be sub-optimal as no optional output register could be merged into the ram block. Providing additional output register may help in improving timing.
INFO: [Synth 8-7052] The timing for the instance engineCAMi_1/pifoEngines_0/enque_brain/engineCAM/ram_reg_bram_207 (implemented as a Block RAM) might be sub-optimal as no optional output register could be merged into the ram block. Providing additional output register may help in improving timing.
INFO: [Synth 8-7052] The timing for the instance engineCAMi_1/pifoEngines_0/enque_brain/engineCAM/ram_reg_bram_215 (implemented as a Block RAM) might be sub-optimal as no optional output register could be merged into the ram block. Providing additional output register may help in improving timing.
INFO: [Synth 8-7052] The timing for the instance engineCAMi_1/pifoEngines_0/enque_brain/engineCAM/ram_reg_bram_223 (implemented as a Block RAM) might be sub-optimal as no optional output register could be merged into the ram block. Providing additional output register may help in improving timing.
INFO: [Synth 8-7052] The timing for the instance engineCAMi_1/pifoEngines_0/enque_brain/engineCAM/ram_reg_bram_231 (implemented as a Block RAM) might be sub-optimal as no optional output register could be merged into the ram block. Providing additional output register may help in improving timing.
INFO: [Synth 8-7052] The timing for the instance engineCAMi_1/pifoEngines_0/enque_brain/engineCAM/ram_reg_bram_239 (implemented as a Block RAM) might be sub-optimal as no optional output register could be merged into the ram block. Providing additional output register may help in improving timing.
INFO: [Synth 8-7052] The timing for the instance engineCAMi_1/pifoEngines_0/enque_brain/engineCAM/ram_reg_bram_247 (implemented as a Block RAM) might be sub-optimal as no optional output register could be merged into the ram block. Providing additional output register may help in improving timing.
INFO: [Synth 8-7052] The timing for the instance engineCAMi_1/pifoEngines_0/enque_brain/engineCAM/ram_reg_bram_255 (implemented as a Block RAM) might be sub-optimal as no optional output register could be merged into the ram block. Providing additional output register may help in improving timing.
INFO: [Synth 8-7052] The timing for the instance engineCAMi_1/pifoEngines_0/enque_brain/engineCAM/ram_reg_bram_263 (implemented as a Block RAM) might be sub-optimal as no optional output register could be merged into the ram block. Providing additional output register may help in improving timing.
INFO: [Synth 8-7052] The timing for the instance engineCAMi_1/pifoEngines_0/enque_brain/engineCAM/ram_reg_bram_271 (implemented as a Block RAM) might be sub-optimal as no optional output register could be merged into the ram block. Providing additional output register may help in improving timing.
INFO: [Synth 8-7052] The timing for the instance engineCAMi_1/pifoEngines_0/enque_brain/engineCAM/ram_reg_bram_279 (implemented as a Block RAM) might be sub-optimal as no optional output register could be merged into the ram block. Providing additional output register may help in improving timing.
INFO: [Synth 8-7052] The timing for the instance engineCAMi_1/pifoEngines_0/enque_brain/engineCAM/ram_reg_bram_287 (implemented as a Block RAM) might be sub-optimal as no optional output register could be merged into the ram block. Providing additional output register may help in improving timing.
INFO: [Synth 8-7052] The timing for the instance engineCAMi_1/pifoEngines_0/enque_brain/engineCAM/ram_reg_bram_295 (implemented as a Block RAM) might be sub-optimal as no optional output register could be merged into the ram block. Providing additional output register may help in improving timing.
INFO: [Synth 8-7052] The timing for the instance engineCAMi_1/pifoEngines_0/enque_brain/engineCAM/ram_reg_bram_303 (implemented as a Block RAM) might be sub-optimal as no optional output register could be merged into the ram block. Providing additional output register may help in improving timing.
INFO: [Synth 8-7052] The timing for the instance engineCAMi_1/pifoEngines_0/enque_brain/engineCAM/ram_reg_bram_311 (implemented as a Block RAM) might be sub-optimal as no optional output register could be merged into the ram block. Providing additional output register may help in improving timing.
INFO: [Synth 8-7052] The timing for the instance engineCAMi_1/pifoEngines_0/enque_brain/engineCAM/ram_reg_bram_319 (implemented as a Block RAM) might be sub-optimal as no optional output register could be merged into the ram block. Providing additional output register may help in improving timing.
INFO: [Synth 8-7052] The timing for the instance engineCAMi_1/pifoEngines_0/enque_brain/engineCAM/ram_reg_bram_327 (implemented as a Block RAM) might be sub-optimal as no optional output register could be merged into the ram block. Providing additional output register may help in improving timing.
INFO: [Synth 8-7052] The timing for the instance engineCAMi_1/pifoEngines_0/enque_brain/engineCAM/ram_reg_bram_335 (implemented as a Block RAM) might be sub-optimal as no optional output register could be merged into the ram block. Providing additional output register may help in improving timing.
INFO: [Synth 8-7052] The timing for the instance engineCAMi_1/pifoEngines_0/enque_brain/engineCAM/ram_reg_bram_343 (implemented as a Block RAM) might be sub-optimal as no optional output register could be merged into the ram block. Providing additional output register may help in improving timing.
INFO: [Synth 8-7052] The timing for the instance engineCAMi_1/pifoEngines_0/enque_brain/engineCAM/ram_reg_bram_351 (implemented as a Block RAM) might be sub-optimal as no optional output register could be merged into the ram block. Providing additional output register may help in improving timing.
INFO: [Synth 8-7052] The timing for the instance engineCAMi_1/pifoEngines_0/enque_brain/engineCAM/ram_reg_bram_359 (implemented as a Block RAM) might be sub-optimal as no optional output register could be merged into the ram block. Providing additional output register may help in improving timing.
INFO: [Synth 8-7052] The timing for the instance engineCAMi_1/pifoEngines_0/enque_brain/engineCAM/ram_reg_bram_367 (implemented as a Block RAM) might be sub-optimal as no optional output register could be merged into the ram block. Providing additional output register may help in improving timing.
INFO: [Synth 8-7052] The timing for the instance engineCAMi_1/pifoEngines_0/enque_brain/engineCAM/ram_reg_bram_375 (implemented as a Block RAM) might be sub-optimal as no optional output register could be merged into the ram block. Providing additional output register may help in improving timing.
INFO: [Synth 8-7052] The timing for the instance engineCAMi_1/pifoEngines_0/enque_brain/engineCAM/ram_reg_bram_383 (implemented as a Block RAM) might be sub-optimal as no optional output register could be merged into the ram block. Providing additional output register may help in improving timing.
INFO: [Synth 8-7052] The timing for the instance engineCAMi_1/pifoEngines_0/enque_brain/engineCAM/ram_reg_bram_391 (implemented as a Block RAM) might be sub-optimal as no optional output register could be merged into the ram block. Providing additional output register may help in improving timing.
INFO: [Synth 8-7052] The timing for the instance engineCAMi_1/pifoEngines_0/enque_brain/engineCAM/ram_reg_bram_399 (implemented as a Block RAM) might be sub-optimal as no optional output register could be merged into the ram block. Providing additional output register may help in improving timing.
INFO: [Synth 8-7052] The timing for the instance engineCAMi_1/pifoEngines_0/enque_brain/engineCAM/ram_reg_bram_407 (implemented as a Block RAM) might be sub-optimal as no optional output register could be merged into the ram block. Providing additional output register may help in improving timing.
INFO: [Synth 8-7052] The timing for the instance engineCAMi_1/pifoEngines_0/enque_brain/engineCAM/ram_reg_bram_415 (implemented as a Block RAM) might be sub-optimal as no optional output register could be merged into the ram block. Providing additional output register may help in improving timing.
INFO: [Synth 8-7052] The timing for the instance engineCAMi_1/pifoEngines_0/enque_brain/engineCAM/ram_reg_bram_423 (implemented as a Block RAM) might be sub-optimal as no optional output register could be merged into the ram block. Providing additional output register may help in improving timing.
INFO: [Synth 8-7052] The timing for the instance engineCAMi_1/pifoEngines_0/enque_brain/engineCAM/ram_reg_bram_431 (implemented as a Block RAM) might be sub-optimal as no optional output register could be merged into the ram block. Providing additional output register may help in improving timing.
INFO: [Synth 8-7052] The timing for the instance engineCAMi_1/pifoEngines_0/enque_brain/engineCAM/ram_reg_bram_439 (implemented as a Block RAM) might be sub-optimal as no optional output register could be merged into the ram block. Providing additional output register may help in improving timing.
INFO: [Synth 8-7052] The timing for the instance engineCAMi_1/pifoEngines_0/enque_brain/engineCAM/ram_reg_bram_447 (implemented as a Block RAM) might be sub-optimal as no optional output register could be merged into the ram block. Providing additional output register may help in improving timing.
INFO: [Synth 8-7052] The timing for the instance engineCAMi_1/pifoEngines_0/enque_brain/engineCAM/ram_reg_bram_455 (implemented as a Block RAM) might be sub-optimal as no optional output register could be merged into the ram block. Providing additional output register may help in improving timing.
INFO: [Synth 8-7052] The timing for the instance engineCAMi_1/pifoEngines_0/enque_brain/engineCAM/ram_reg_bram_463 (implemented as a Block RAM) might be sub-optimal as no optional output register could be merged into the ram block. Providing additional output register may help in improving timing.
INFO: [Synth 8-7052] The timing for the instance engineCAMi_1/pifoEngines_0/enque_brain/engineCAM/ram_reg_bram_471 (implemented as a Block RAM) might be sub-optimal as no optional output register could be merged into the ram block. Providing additional output register may help in improving timing.
INFO: [Synth 8-7052] The timing for the instance engineCAMi_1/pifoEngines_0/enque_brain/engineCAM/ram_reg_bram_479 (implemented as a Block RAM) might be sub-optimal as no optional output register could be merged into the ram block. Providing additional output register may help in improving timing.
INFO: [Synth 8-7052] The timing for the instance engineCAMi_1/pifoEngines_0/enque_brain/engineCAM/ram_reg_bram_487 (implemented as a Block RAM) might be sub-optimal as no optional output register could be merged into the ram block. Providing additional output register may help in improving timing.
INFO: [Synth 8-7052] The timing for the instance engineCAMi_1/pifoEngines_0/enque_brain/engineCAM/ram_reg_bram_495 (implemented as a Block RAM) might be sub-optimal as no optional output register could be merged into the ram block. Providing additional output register may help in improving timing.
INFO: [Synth 8-7052] The timing for the instance engineCAMi_1/pifoEngines_0/enque_brain/engineCAM/ram_reg_bram_503 (implemented as a Block RAM) might be sub-optimal as no optional output register could be merged into the ram block. Providing additional output register may help in improving timing.
INFO: [Synth 8-7052] The timing for the instance engineCAMi_1/pifoEngines_0/enque_brain/engineCAM/ram_reg_bram_511 (implemented as a Block RAM) might be sub-optimal as no optional output register could be merged into the ram block. Providing additional output register may help in improving timing.
INFO: [Synth 8-7052] The timing for the instance engineCAMi_1/pifoEngines_0/enque_brain/engineCAM/ram_reg_bram_519 (implemented as a Block RAM) might be sub-optimal as no optional output register could be merged into the ram block. Providing additional output register may help in improving timing.
INFO: [Synth 8-7052] The timing for the instance engineCAMi_1/pifoEngines_0/enque_brain/engineCAM/ram_reg_bram_527 (implemented as a Block RAM) might be sub-optimal as no optional output register could be merged into the ram block. Providing additional output register may help in improving timing.
INFO: [Synth 8-7052] The timing for the instance engineCAMi_1/pifoEngines_0/enque_brain/engineCAM/ram_reg_bram_535 (implemented as a Block RAM) might be sub-optimal as no optional output register could be merged into the ram block. Providing additional output register may help in improving timing.
INFO: [Synth 8-7052] The timing for the instance engineCAMi_1/pifoEngines_0/enque_brain/engineCAM/ram_reg_bram_543 (implemented as a Block RAM) might be sub-optimal as no optional output register could be merged into the ram block. Providing additional output register may help in improving timing.
INFO: [Synth 8-7052] The timing for the instance engineCAMi_1/pifoEngines_0/enque_brain/engineCAM/ram_reg_bram_551 (implemented as a Block RAM) might be sub-optimal as no optional output register could be merged into the ram block. Providing additional output register may help in improving timing.
INFO: [Synth 8-7052] The timing for the instance engineCAMi_1/pifoEngines_0/enque_brain/engineCAM/ram_reg_bram_559 (implemented as a Block RAM) might be sub-optimal as no optional output register could be merged into the ram block. Providing additional output register may help in improving timing.
INFO: [Synth 8-7052] The timing for the instance engineCAMi_1/pifoEngines_0/enque_brain/engineCAM/ram_reg_bram_567 (implemented as a Block RAM) might be sub-optimal as no optional output register could be merged into the ram block. Providing additional output register may help in improving timing.
INFO: [Synth 8-7052] The timing for the instance engineCAMi_1/pifoEngines_0/enque_brain/engineCAM/ram_reg_bram_575 (implemented as a Block RAM) might be sub-optimal as no optional output register could be merged into the ram block. Providing additional output register may help in improving timing.
INFO: [Synth 8-7052] The timing for the instance engineCAMi_1/pifoEngines_0/enque_brain/engineCAM/ram_reg_bram_583 (implemented as a Block RAM) might be sub-optimal as no optional output register could be merged into the ram block. Providing additional output register may help in improving timing.
INFO: [Synth 8-7052] The timing for the instance engineCAMi_1/pifoEngines_0/enque_brain/engineCAM/ram_reg_bram_591 (implemented as a Block RAM) might be sub-optimal as no optional output register could be merged into the ram block. Providing additional output register may help in improving timing.
INFO: [Synth 8-7052] The timing for the instance engineCAMi_1/pifoEngines_0/enque_brain/engineCAM/ram_reg_bram_599 (implemented as a Block RAM) might be sub-optimal as no optional output register could be merged into the ram block. Providing additional output register may help in improving timing.
INFO: [Synth 8-7052] The timing for the instance engineCAMi_1/pifoEngines_0/enque_brain/engineCAM/ram_reg_bram_607 (implemented as a Block RAM) might be sub-optimal as no optional output register could be merged into the ram block. Providing additional output register may help in improving timing.
INFO: [Synth 8-7052] The timing for the instance engineCAMi_1/pifoEngines_0/enque_brain/engineCAM/ram_reg_bram_615 (implemented as a Block RAM) might be sub-optimal as no optional output register could be merged into the ram block. Providing additional output register may help in improving timing.
INFO: [Synth 8-7052] The timing for the instance engineCAMi_1/pifoEngines_0/enque_brain/engineCAM/ram_reg_bram_623 (implemented as a Block RAM) might be sub-optimal as no optional output register could be merged into the ram block. Providing additional output register may help in improving timing.
INFO: [Synth 8-7052] The timing for the instance engineCAMi_1/pifoEngines_0/enque_brain/engineCAM/ram_reg_bram_631 (implemented as a Block RAM) might be sub-optimal as no optional output register could be merged into the ram block. Providing additional output register may help in improving timing.
INFO: [Synth 8-7052] The timing for the instance engineCAMi_1/pifoEngines_0/enque_brain/engineCAM/ram_reg_bram_639 (implemented as a Block RAM) might be sub-optimal as no optional output register could be merged into the ram block. Providing additional output register may help in improving timing.
INFO: [Synth 8-7052] The timing for the instance engineCAMi_1/pifoEngines_0/enque_brain/engineCAM/ram_reg_bram_647 (implemented as a Block RAM) might be sub-optimal as no optional output register could be merged into the ram block. Providing additional output register may help in improving timing.
INFO: [Synth 8-7052] The timing for the instance engineCAMi_1/pifoEngines_0/enque_brain/engineCAM/ram_reg_bram_655 (implemented as a Block RAM) might be sub-optimal as no optional output register could be merged into the ram block. Providing additional output register may help in improving timing.
INFO: [Synth 8-7052] The timing for the instance engineCAMi_1/pifoEngines_0/enque_brain/engineCAM/ram_reg_bram_663 (implemented as a Block RAM) might be sub-optimal as no optional output register could be merged into the ram block. Providing additional output register may help in improving timing.
INFO: [Synth 8-7052] The timing for the instance engineCAMi_1/pifoEngines_0/enque_brain/engineCAM/ram_reg_bram_671 (implemented as a Block RAM) might be sub-optimal as no optional output register could be merged into the ram block. Providing additional output register may help in improving timing.
INFO: [Common 17-14] Message 'Synth 8-7052' appears 100 times and further instances of the messages will be disabled. Use the Tcl command set_msg_config to change the current settings.
INFO: [Common 17-14] Message 'Synth 8-7052' appears 100 times and further instances of the messages will be disabled. Use the Tcl command set_msg_config to change the current settings.
INFO: [Common 17-14] Message 'Synth 8-7052' appears 100 times and further instances of the messages will be disabled. Use the Tcl command set_msg_config to change the current settings.
INFO: [Common 17-14] Message 'Synth 8-7052' appears 100 times and further instances of the messages will be disabled. Use the Tcl command set_msg_config to change the current settings.
INFO: [Common 17-14] Message 'Synth 8-7052' appears 100 times and further instances of the messages will be disabled. Use the Tcl command set_msg_config to change the current settings.
---------------------------------------------------------------------------------
Finished Technology Mapping : Time (s): cpu = 00:29:21 ; elapsed = 00:29:59 . Memory (MB): peak = 38601.793 ; gain = 35957.473 ; free physical = 72725 ; free virtual = 107402
---------------------------------------------------------------------------------
---------------------------------------------------------------------------------
Start IO Insertion
---------------------------------------------------------------------------------
---------------------------------------------------------------------------------
Start Flattening Before IO Insertion
---------------------------------------------------------------------------------
---------------------------------------------------------------------------------
Finished Flattening Before IO Insertion
---------------------------------------------------------------------------------
---------------------------------------------------------------------------------
Start Final Netlist Cleanup
---------------------------------------------------------------------------------
WARNING: [Synth 8-3332] Sequential element (pifoEngines_0/enque_brain/engineCAM/ram_reg_mux_sel_b_pos_8) is unused and will be removed from module PifoMesh.
WARNING: [Synth 8-3332] Sequential element (pifoEngines_0/enque_brain/engineCAM/ram_reg_mux_sel_b_pos_7) is unused and will be removed from module PifoMesh.
WARNING: [Synth 8-3332] Sequential element (pifoEngines_0/enque_brain/engineCAM/ram_reg_mux_sel_b_pos_6) is unused and will be removed from module PifoMesh.
WARNING: [Synth 8-3332] Sequential element (pifoEngines_0/enque_brain/engineCAM/ram_reg_mux_sel_b_pos_5) is unused and will be removed from module PifoMesh.
WARNING: [Synth 8-3332] Sequential element (pifoEngines_0/enque_brain/engineCAM/ram_reg_mux_sel_b_pos_7__0) is unused and will be removed from module PifoMesh.
WARNING: [Synth 8-3332] Sequential element (pifoEngines_0/enque_brain/engineCAM/ram_reg_mux_sel_b_pos_6__0) is unused and will be removed from module PifoMesh.
WARNING: [Synth 8-3332] Sequential element (pifoEngines_0/enque_brain/engineCAM/ram_reg_mux_sel_b_pos_5__0) is unused and will be removed from module PifoMesh.
WARNING: [Synth 8-3332] Sequential element (pifoEngines_0/enque_brain/engineCAM/ram_reg_mux_sel_b_pos_4__0) is unused and will be removed from module PifoMesh.
WARNING: [Synth 8-3332] Sequential element (pifoEngines_0/enque_brain/engineCAM/ram_reg_mux_sel_b_pos_3__0) is unused and will be removed from module PifoMesh.
WARNING: [Synth 8-3332] Sequential element (pifoEngines_0/enque_brain/engineCAM/ram_reg_mux_sel_b_pos_2__0) is unused and will be removed from module PifoMesh.
WARNING: [Synth 8-3332] Sequential element (pifoEngines_0/enque_brain/engineCAM/ram_reg_mux_sel_b_pos_1__0) is unused and will be removed from module PifoMesh.
WARNING: [Synth 8-3332] Sequential element (pifoEngines_0/enque_brain/engineCAM/ram_reg_mux_sel_b_pos_0__0) is unused and will be removed from module PifoMesh.
WARNING: [Synth 8-3332] Sequential element (pifoEngines_0/enque_brain/engineCAM/ram_reg_mux_sel_b_pos_6__1) is unused and will be removed from module PifoMesh.
WARNING: [Synth 8-3332] Sequential element (pifoEngines_0/enque_brain/engineCAM/ram_reg_mux_sel_b_pos_5__1) is unused and will be removed from module PifoMesh.
WARNING: [Synth 8-3332] Sequential element (pifoEngines_0/enque_brain/engineCAM/ram_reg_mux_sel_b_pos_4__1) is unused and will be removed from module PifoMesh.
WARNING: [Synth 8-3332] Sequential element (pifoEngines_0/enque_brain/engineCAM/ram_reg_mux_sel_b_pos_3__1) is unused and will be removed from module PifoMesh.
WARNING: [Synth 8-3332] Sequential element (pifoEngines_0/enque_brain/engineCAM/ram_reg_mux_sel_b_pos_2__1) is unused and will be removed from module PifoMesh.
WARNING: [Synth 8-3332] Sequential element (pifoEngines_0/enque_brain/engineCAM/ram_reg_mux_sel_b_pos_1__1) is unused and will be removed from module PifoMesh.
WARNING: [Synth 8-3332] Sequential element (pifoEngines_0/enque_brain/engineCAM/ram_reg_mux_sel_b_pos_0__1) is unused and will be removed from module PifoMesh.
WARNING: [Synth 8-3332] Sequential element (pifoEngines_0/enque_brain/engineCAM/ram_reg_mux_sel_b_pos_4__2) is unused and will be removed from module PifoMesh.
WARNING: [Synth 8-3332] Sequential element (pifoEngines_0/enque_brain/engineCAM/ram_reg_mux_sel_b_pos_3__2) is unused and will be removed from module PifoMesh.
WARNING: [Synth 8-3332] Sequential element (pifoEngines_0/enque_brain/engineCAM/ram_reg_mux_sel_b_pos_2__2) is unused and will be removed from module PifoMesh.
WARNING: [Synth 8-3332] Sequential element (pifoEngines_0/enque_brain/engineCAM/ram_reg_mux_sel_b_pos_1__2) is unused and will be removed from module PifoMesh.
WARNING: [Synth 8-3332] Sequential element (pifoEngines_0/enque_brain/engineCAM/ram_reg_mux_sel_b_pos_0__2) is unused and will be removed from module PifoMesh.
WARNING: [Synth 8-3332] Sequential element (pifoEngines_0/enque_brain/engineCAM/ram_reg_mux_sel_b_pos_5__0_rep) is unused and will be removed from module PifoMesh.
WARNING: [Synth 8-3332] Sequential element (pifoEngines_0/enque_brain/engineCAM/ram_reg_mux_sel_b_pos_5__0_rep__0) is unused and will be removed from module PifoMesh.
WARNING: [Synth 8-3332] Sequential element (pifoEngines_0/enque_brain/engineCAM/ram_reg_mux_sel_b_pos_6__0_rep) is unused and will be removed from module PifoMesh.
WARNING: [Synth 8-3332] Sequential element (pifoEngines_0/enque_brain/engineCAM/ram_reg_mux_sel_b_pos_6__0_rep__0) is unused and will be removed from module PifoMesh.
WARNING: [Synth 8-3332] Sequential element (pifoEngines_0/enque_brain/engineCAM/ram_reg_mux_sel_b_pos_6__0_rep__1) is unused and will be removed from module PifoMesh.
WARNING: [Synth 8-3332] Sequential element (pifoEngines_0/enque_brain/engineCAM/ram_reg_mux_sel_b_pos_6__0_rep__2) is unused and will be removed from module PifoMesh.
WARNING: [Synth 8-3332] Sequential element (pifoEngines_0/enque_brain/engineCAM/ram_reg_mux_sel_b_pos_6__0_rep__3) is unused and will be removed from module PifoMesh.
WARNING: [Synth 8-3332] Sequential element (pifoEngines_0/enque_brain/engineCAM/ram_reg_mux_sel_b_pos_6__0_rep__4) is unused and will be removed from module PifoMesh.
WARNING: [Synth 8-3332] Sequential element (pifoEngines_0/enque_brain/engineCAM/ram_reg_mux_sel_b_pos_6__0_rep__5) is unused and will be removed from module PifoMesh.
WARNING: [Synth 8-3332] Sequential element (pifoEngines_0/enque_brain/engineCAM/ram_reg_mux_sel_b_pos_6__0_rep__6) is unused and will be removed from module PifoMesh.
WARNING: [Synth 8-3332] Sequential element (pifoEngines_0/enque_brain/engineCAM/ram_reg_mux_sel_b_pos_7__0_rep) is unused and will be removed from module PifoMesh.
WARNING: [Synth 8-3332] Sequential element (pifoEngines_0/enque_brain/engineCAM/ram_reg_mux_sel_b_pos_7__0_rep__0) is unused and will be removed from module PifoMesh.
WARNING: [Synth 8-3332] Sequential element (pifoEngines_0/enque_brain/engineCAM/ram_reg_mux_sel_b_pos_7__0_rep__1) is unused and will be removed from module PifoMesh.
WARNING: [Synth 8-3332] Sequential element (pifoEngines_0/enque_brain/engineCAM/ram_reg_mux_sel_b_pos_7__0_rep__2) is unused and will be removed from module PifoMesh.
WARNING: [Synth 8-3332] Sequential element (pifoEngines_0/enque_brain/engineCAM/ram_reg_mux_sel_b_pos_7__0_rep__3) is unused and will be removed from module PifoMesh.
WARNING: [Synth 8-3332] Sequential element (pifoEngines_0/enque_brain/engineCAM/ram_reg_mux_sel_b_pos_7__0_rep__4) is unused and will be removed from module PifoMesh.
WARNING: [Synth 8-3332] Sequential element (pifoEngines_0/enque_brain/engineCAM/ram_reg_mux_sel_b_pos_7__0_rep__5) is unused and will be removed from module PifoMesh.
WARNING: [Synth 8-3332] Sequential element (pifoEngines_0/enque_brain/engineCAM/ram_reg_mux_sel_b_pos_7__0_rep__6) is unused and will be removed from module PifoMesh.
WARNING: [Synth 8-3332] Sequential element (pifoEngines_0/enque_brain/engineCAM/ram_reg_mux_sel_b_pos_6_rep) is unused and will be removed from module PifoMesh.
WARNING: [Synth 8-3332] Sequential element (pifoEngines_0/enque_brain/engineCAM/ram_reg_mux_sel_b_pos_6_rep__0) is unused and will be removed from module PifoMesh.
WARNING: [Synth 8-3332] Sequential element (pifoEngines_0/enque_brain/engineCAM/ram_reg_mux_sel_b_pos_6_rep__1) is unused and will be removed from module PifoMesh.
WARNING: [Synth 8-3332] Sequential element (pifoEngines_0/enque_brain/engineCAM/ram_reg_mux_sel_b_pos_7_rep) is unused and will be removed from module PifoMesh.
WARNING: [Synth 8-3332] Sequential element (pifoEngines_0/enque_brain/engineCAM/ram_reg_mux_sel_b_pos_7_rep__0) is unused and will be removed from module PifoMesh.
WARNING: [Synth 8-3332] Sequential element (pifoEngines_0/enque_brain/engineCAM/ram_reg_mux_sel_b_pos_7_rep__1) is unused and will be removed from module PifoMesh.
WARNING: [Synth 8-3332] Sequential element (pifoEngines_0/enque_brain/engineCAM/ram_reg_mux_sel_b_pos_8_rep) is unused and will be removed from module PifoMesh.
WARNING: [Synth 8-3332] Sequential element (pifoEngines_0/enque_brain/engineCAM/ram_reg_mux_sel_b_pos_8_rep__0) is unused and will be removed from module PifoMesh.
WARNING: [Synth 8-3332] Sequential element (pifoEngines_0/enque_brain/engineCAM/ram_reg_mux_sel_b_pos_8_rep__1) is unused and will be removed from module PifoMesh.
WARNING: [Synth 8-3332] Sequential element (pifoEngines_1/enque_brain/engineCAM/ram_reg_mux_sel_b_pos_8) is unused and will be removed from module PifoMesh.
WARNING: [Synth 8-3332] Sequential element (pifoEngines_1/enque_brain/engineCAM/ram_reg_mux_sel_b_pos_7) is unused and will be removed from module PifoMesh.
WARNING: [Synth 8-3332] Sequential element (pifoEngines_1/enque_brain/engineCAM/ram_reg_mux_sel_b_pos_6) is unused and will be removed from module PifoMesh.
WARNING: [Synth 8-3332] Sequential element (pifoEngines_1/enque_brain/engineCAM/ram_reg_mux_sel_b_pos_5) is unused and will be removed from module PifoMesh.
WARNING: [Synth 8-3332] Sequential element (pifoEngines_1/enque_brain/engineCAM/ram_reg_mux_sel_b_pos_7__0) is unused and will be removed from module PifoMesh.
WARNING: [Synth 8-3332] Sequential element (pifoEngines_1/enque_brain/engineCAM/ram_reg_mux_sel_b_pos_6__0) is unused and will be removed from module PifoMesh.
WARNING: [Synth 8-3332] Sequential element (pifoEngines_1/enque_brain/engineCAM/ram_reg_mux_sel_b_pos_5__0) is unused and will be removed from module PifoMesh.
WARNING: [Synth 8-3332] Sequential element (pifoEngines_1/enque_brain/engineCAM/ram_reg_mux_sel_b_pos_4__0) is unused and will be removed from module PifoMesh.
WARNING: [Synth 8-3332] Sequential element (pifoEngines_1/enque_brain/engineCAM/ram_reg_mux_sel_b_pos_3__0) is unused and will be removed from module PifoMesh.
WARNING: [Synth 8-3332] Sequential element (pifoEngines_1/enque_brain/engineCAM/ram_reg_mux_sel_b_pos_2__0) is unused and will be removed from module PifoMesh.
WARNING: [Synth 8-3332] Sequential element (pifoEngines_1/enque_brain/engineCAM/ram_reg_mux_sel_b_pos_1__0) is unused and will be removed from module PifoMesh.
WARNING: [Synth 8-3332] Sequential element (pifoEngines_1/enque_brain/engineCAM/ram_reg_mux_sel_b_pos_0__0) is unused and will be removed from module PifoMesh.
WARNING: [Synth 8-3332] Sequential element (pifoEngines_1/enque_brain/engineCAM/ram_reg_mux_sel_b_pos_6__1) is unused and will be removed from module PifoMesh.
WARNING: [Synth 8-3332] Sequential element (pifoEngines_1/enque_brain/engineCAM/ram_reg_mux_sel_b_pos_5__1) is unused and will be removed from module PifoMesh.
WARNING: [Synth 8-3332] Sequential element (pifoEngines_1/enque_brain/engineCAM/ram_reg_mux_sel_b_pos_4__1) is unused and will be removed from module PifoMesh.
WARNING: [Synth 8-3332] Sequential element (pifoEngines_1/enque_brain/engineCAM/ram_reg_mux_sel_b_pos_3__1) is unused and will be removed from module PifoMesh.
WARNING: [Synth 8-3332] Sequential element (pifoEngines_1/enque_brain/engineCAM/ram_reg_mux_sel_b_pos_2__1) is unused and will be removed from module PifoMesh.
WARNING: [Synth 8-3332] Sequential element (pifoEngines_1/enque_brain/engineCAM/ram_reg_mux_sel_b_pos_1__1) is unused and will be removed from module PifoMesh.
WARNING: [Synth 8-3332] Sequential element (pifoEngines_1/enque_brain/engineCAM/ram_reg_mux_sel_b_pos_0__1) is unused and will be removed from module PifoMesh.
WARNING: [Synth 8-3332] Sequential element (pifoEngines_1/enque_brain/engineCAM/ram_reg_mux_sel_b_pos_4__2) is unused and will be removed from module PifoMesh.
WARNING: [Synth 8-3332] Sequential element (pifoEngines_1/enque_brain/engineCAM/ram_reg_mux_sel_b_pos_3__2) is unused and will be removed from module PifoMesh.
WARNING: [Synth 8-3332] Sequential element (pifoEngines_1/enque_brain/engineCAM/ram_reg_mux_sel_b_pos_2__2) is unused and will be removed from module PifoMesh.
WARNING: [Synth 8-3332] Sequential element (pifoEngines_1/enque_brain/engineCAM/ram_reg_mux_sel_b_pos_1__2) is unused and will be removed from module PifoMesh.
WARNING: [Synth 8-3332] Sequential element (pifoEngines_1/enque_brain/engineCAM/ram_reg_mux_sel_b_pos_0__2) is unused and will be removed from module PifoMesh.
WARNING: [Synth 8-3332] Sequential element (pifoEngines_1/enque_brain/engineCAM/ram_reg_mux_sel_b_pos_7__0_rep) is unused and will be removed from module PifoMesh.
WARNING: [Synth 8-3332] Sequential element (pifoEngines_1/enque_brain/engineCAM/ram_reg_mux_sel_b_pos_7__0_rep__0) is unused and will be removed from module PifoMesh.
WARNING: [Synth 8-3332] Sequential element (pifoEngines_1/enque_brain/engineCAM/ram_reg_mux_sel_b_pos_7__0_rep__1) is unused and will be removed from module PifoMesh.
WARNING: [Synth 8-3332] Sequential element (pifoEngines_1/enque_brain/engineCAM/ram_reg_mux_sel_b_pos_7__0_rep__2) is unused and will be removed from module PifoMesh.
WARNING: [Synth 8-3332] Sequential element (pifoEngines_1/enque_brain/engineCAM/ram_reg_mux_sel_b_pos_7__0_rep__3) is unused and will be removed from module PifoMesh.
WARNING: [Synth 8-3332] Sequential element (pifoEngines_1/enque_brain/engineCAM/ram_reg_mux_sel_b_pos_7__0_rep__4) is unused and will be removed from module PifoMesh.
WARNING: [Synth 8-3332] Sequential element (pifoEngines_1/enque_brain/engineCAM/ram_reg_mux_sel_b_pos_7__0_rep__5) is unused and will be removed from module PifoMesh.
WARNING: [Synth 8-3332] Sequential element (pifoEngines_1/enque_brain/engineCAM/ram_reg_mux_sel_b_pos_7__0_rep__6) is unused and will be removed from module PifoMesh.
WARNING: [Synth 8-3332] Sequential element (pifoEngines_1/enque_brain/engineCAM/ram_reg_mux_sel_b_pos_7_rep) is unused and will be removed from module PifoMesh.
WARNING: [Synth 8-3332] Sequential element (pifoEngines_1/enque_brain/engineCAM/ram_reg_mux_sel_b_pos_7_rep__0) is unused and will be removed from module PifoMesh.
WARNING: [Synth 8-3332] Sequential element (pifoEngines_1/enque_brain/engineCAM/ram_reg_mux_sel_b_pos_7_rep__1) is unused and will be removed from module PifoMesh.
WARNING: [Synth 8-3332] Sequential element (pifoEngines_1/enque_brain/engineCAM/ram_reg_mux_sel_b_pos_8_rep) is unused and will be removed from module PifoMesh.
WARNING: [Synth 8-3332] Sequential element (pifoEngines_1/enque_brain/engineCAM/ram_reg_mux_sel_b_pos_8_rep__0) is unused and will be removed from module PifoMesh.
WARNING: [Synth 8-3332] Sequential element (pifoEngines_1/enque_brain/engineCAM/ram_reg_mux_sel_b_pos_8_rep__1) is unused and will be removed from module PifoMesh.
WARNING: [Synth 8-3332] Sequential element (pifoEngines_1/enque_brain/engineCAM/ram_reg_mux_sel_b_pos_5__0_rep) is unused and will be removed from module PifoMesh.
WARNING: [Synth 8-3332] Sequential element (pifoEngines_1/enque_brain/engineCAM/ram_reg_mux_sel_b_pos_5__0_rep__0) is unused and will be removed from module PifoMesh.
WARNING: [Synth 8-3332] Sequential element (pifoEngines_1/enque_brain/engineCAM/ram_reg_mux_sel_b_pos_6__0_rep) is unused and will be removed from module PifoMesh.
WARNING: [Synth 8-3332] Sequential element (pifoEngines_1/enque_brain/engineCAM/ram_reg_mux_sel_b_pos_6__0_rep__0) is unused and will be removed from module PifoMesh.
WARNING: [Synth 8-3332] Sequential element (pifoEngines_1/enque_brain/engineCAM/ram_reg_mux_sel_b_pos_6__0_rep__1) is unused and will be removed from module PifoMesh.
WARNING: [Synth 8-3332] Sequential element (pifoEngines_1/enque_brain/engineCAM/ram_reg_mux_sel_b_pos_6__0_rep__2) is unused and will be removed from module PifoMesh.
WARNING: [Synth 8-3332] Sequential element (pifoEngines_1/enque_brain/engineCAM/ram_reg_mux_sel_b_pos_6__0_rep__3) is unused and will be removed from module PifoMesh.
WARNING: [Synth 8-3332] Sequential element (pifoEngines_1/enque_brain/engineCAM/ram_reg_mux_sel_b_pos_6__0_rep__4) is unused and will be removed from module PifoMesh.
WARNING: [Synth 8-3332] Sequential element (pifoEngines_1/enque_brain/engineCAM/ram_reg_mux_sel_b_pos_6__0_rep__5) is unused and will be removed from module PifoMesh.
WARNING: [Synth 8-3332] Sequential element (pifoEngines_1/enque_brain/engineCAM/ram_reg_mux_sel_b_pos_6__0_rep__6) is unused and will be removed from module PifoMesh.
WARNING: [Synth 8-3332] Sequential element (pifoEngines_1/enque_brain/engineCAM/ram_reg_mux_sel_b_pos_6_rep) is unused and will be removed from module PifoMesh.
INFO: [Common 17-14] Message 'Synth 8-3332' appears 100 times and further instances of the messages will be disabled. Use the Tcl command set_msg_config to change the current settings.
---------------------------------------------------------------------------------
Finished Final Netlist Cleanup
---------------------------------------------------------------------------------
---------------------------------------------------------------------------------
Finished IO Insertion : Time (s): cpu = 00:30:32 ; elapsed = 00:31:15 . Memory (MB): peak = 38601.793 ; gain = 35957.473 ; free physical = 73835 ; free virtual = 108521
---------------------------------------------------------------------------------
---------------------------------------------------------------------------------
Start Renaming Generated Instances
---------------------------------------------------------------------------------
---------------------------------------------------------------------------------
Finished Renaming Generated Instances : Time (s): cpu = 00:30:35 ; elapsed = 00:31:18 . Memory (MB): peak = 38601.793 ; gain = 35957.473 ; free physical = 73828 ; free virtual = 108514
---------------------------------------------------------------------------------
---------------------------------------------------------------------------------
Start Rebuilding User Hierarchy
---------------------------------------------------------------------------------
---------------------------------------------------------------------------------
Finished Rebuilding User Hierarchy : Time (s): cpu = 00:31:39 ; elapsed = 00:32:24 . Memory (MB): peak = 38601.793 ; gain = 35957.473 ; free physical = 73654 ; free virtual = 108340
---------------------------------------------------------------------------------
---------------------------------------------------------------------------------
Start Renaming Generated Ports
---------------------------------------------------------------------------------
---------------------------------------------------------------------------------
Finished Renaming Generated Ports : Time (s): cpu = 00:35:22 ; elapsed = 00:36:09 . Memory (MB): peak = 38601.793 ; gain = 35957.473 ; free physical = 73364 ; free virtual = 108049
---------------------------------------------------------------------------------
---------------------------------------------------------------------------------
Start Handling Custom Attributes
---------------------------------------------------------------------------------
---------------------------------------------------------------------------------
Finished Handling Custom Attributes : Time (s): cpu = 00:35:23 ; elapsed = 00:36:10 . Memory (MB): peak = 38601.793 ; gain = 35957.473 ; free physical = 73370 ; free virtual = 108056
---------------------------------------------------------------------------------
---------------------------------------------------------------------------------
Start Renaming Generated Nets
---------------------------------------------------------------------------------
---------------------------------------------------------------------------------
Finished Renaming Generated Nets : Time (s): cpu = 00:35:29 ; elapsed = 00:36:16 . Memory (MB): peak = 38601.793 ; gain = 35957.473 ; free physical = 73253 ; free virtual = 107938
---------------------------------------------------------------------------------
---------------------------------------------------------------------------------
Start Writing Synthesis Report
---------------------------------------------------------------------------------

Report BlackBoxes: 
+-+--------------+----------+
| |BlackBox name |Instances |
+-+--------------+----------+
+-+--------------+----------+

Report Cell Usage: 
+------+----------+-------+
|      |Cell      |Count  |
+------+----------+-------+
|1     |CARRY8    |      5|
|2     |LUT1      |    104|
|3     |LUT2      |  27439|
|4     |LUT3      |  14461|
|5     |LUT4      |  65036|
|6     |LUT5      |  16355|
|7     |LUT6      | 160848|
|8     |MUXF7     |  21462|
|9     |MUXF8     |  10577|
|10    |RAM16X1D  |     10|
|11    |RAM256X1D |     40|
|12    |RAM32M    |     10|
|13    |RAM32M16  |     51|
|14    |RAMB18E2  |     10|
|15    |RAMB36E2  |  35846|
|26    |FDCE      |  71958|
|27    |FDPE      |  10280|
|28    |FDRE      |   1354|
+------+----------+-------+
---------------------------------------------------------------------------------
Finished Writing Synthesis Report : Time (s): cpu = 00:35:30 ; elapsed = 00:36:17 . Memory (MB): peak = 38601.793 ; gain = 35957.473 ; free physical = 73245 ; free virtual = 107930
---------------------------------------------------------------------------------
Synthesis finished with 0 errors, 0 critical warnings and 255 warnings.
Synthesis Optimization Runtime : Time (s): cpu = 00:34:52 ; elapsed = 00:35:50 . Memory (MB): peak = 38601.793 ; gain = 35905.531 ; free physical = 96342 ; free virtual = 131028
Synthesis Optimization Complete : Time (s): cpu = 00:35:30 ; elapsed = 00:36:20 . Memory (MB): peak = 38601.793 ; gain = 35957.473 ; free physical = 96372 ; free virtual = 131029
INFO: [Project 1-571] Translating synthesized netlist
Netlist sorting complete. Time (s): cpu = 00:00:17 ; elapsed = 00:00:17 . Memory (MB): peak = 38601.793 ; gain = 0.000 ; free physical = 95767 ; free virtual = 130423
INFO: [Netlist 29-17] Analyzing 32155 Unisim elements for replacement
INFO: [Netlist 29-28] Unisim Transformation completed in 10 CPU seconds
INFO: [Project 1-570] Preparing netlist for logic optimization
Parsing XDC File [/data/work/rio-synthesis/shared-fifo-34e35d2/pe5-v1024-c1024-q256-static-vivado/pifo.xdc]
Finished Parsing XDC File [/data/work/rio-synthesis/shared-fifo-34e35d2/pe5-v1024-c1024-q256-static-vivado/pifo.xdc]
INFO: [Opt 31-138] Pushed 0 inverter(s) to 0 load pin(s).
Netlist sorting complete. Time (s): cpu = 00:00:00.14 ; elapsed = 00:00:00.15 . Memory (MB): peak = 38601.793 ; gain = 0.000 ; free physical = 95705 ; free virtual = 130510
INFO: [Project 1-111] Unisim Transformation Summary:
  A total of 111 instances were transformed.
  RAM16X1D => RAM32X1D (RAMD32(x2)): 10 instances
  RAM256X1D => RAM256X1D (MUXF7(x4), MUXF8(x2), RAMD64E(x8)): 40 instances
  RAM32M => RAM32M (RAMD32(x6), RAMS32(x2)): 10 instances
  RAM32M16 => RAM32M16 (RAMD32(x14), RAMS32(x2)): 51 instances

Synth Design complete | Checksum: 43266ed9
INFO: [Common 17-83] Releasing license: Synthesis
376 Infos, 254 Warnings, 0 Critical Warnings and 0 Errors encountered.
synth_design completed successfully
synth_design: Time (s): cpu = 00:40:48 ; elapsed = 00:41:43 . Memory (MB): peak = 38601.793 ; gain = 36971.004 ; free physical = 95715 ; free virtual = 130521
INFO: [Common 17-2834] synth_design peak Physical Memory [PSS] (MB): overall = 76089.050; main = 37906.603; forked = 38708.984
INFO: [Common 17-2834] synth_design peak Virtual Memory [VSS] (MB): overall = 85381.250; main = 38597.879; forked = 46882.930
# write_checkpoint -force [file join $build_dir pifo_synth.dcp]
INFO: [Timing 38-35] Done setting XDC timing constraints.
INFO: [Timing 38-480] Writing timing data to binary archive.
Write ShapeDB Complete: Time (s): cpu = 00:00:02 ; elapsed = 00:00:00.55 . Memory (MB): peak = 38677.910 ; gain = 0.000 ; free physical = 93832 ; free virtual = 128657
INFO: [Common 17-1381] The checkpoint '/data/work/rio-synthesis/shared-fifo-34e35d2/pe5-v1024-c1024-q256-static-vivado/pifo_synth.dcp' has been generated.
write_checkpoint: Time (s): cpu = 00:06:08 ; elapsed = 00:02:21 . Memory (MB): peak = 38677.910 ; gain = 76.117 ; free physical = 93767 ; free virtual = 128692
# report_utilization -file [file join $report_dir utilization.rpt]
# report_utilization -hierarchical -hierarchical_depth 5 -file [file join $report_dir utilization-hierarchy.rpt]
report_utilization: Time (s): cpu = 00:00:04 ; elapsed = 00:00:07 . Memory (MB): peak = 38677.910 ; gain = 0.000 ; free physical = 93727 ; free virtual = 128652
# report_ram_utilization -file [file join $report_dir ram-utilization.rpt]
report_ram_utilization: Time (s): cpu = 00:00:00 ; elapsed = 00:00:00 . Memory (MB): peak = 38677.910 ; gain = 0.000 ; free physical = 93204 ; free virtual = 128163
report_ram_utilization: Time (s): cpu = 00:04:15 ; elapsed = 00:04:21 . Memory (MB): peak = 38677.910 ; gain = 0.000 ; free physical = 93209 ; free virtual = 128167
# set blackboxes [get_cells -hierarchical -quiet -filter {IS_BLACKBOX == 1}]
# if {[llength $blackboxes] != 0} {
#     error "Unresolved blackboxes after synthesis: $blackboxes"
# }
# set primitive_counts [dict create]
# foreach cell [get_cells -hierarchical -quiet -filter {IS_PRIMITIVE == 1}] {
#     dict incr primitive_counts [get_property REF_NAME $cell]
# }
# set counts [open [file join $report_dir primitive-counts.tsv] w]
# puts $counts "primitive\tcount"
# foreach name [lsort [dict keys $primitive_counts]] {
#     puts $counts "$name\t[dict get $primitive_counts $name]"
# }
# close $counts
# set complete [open [file join $build_dir synthesis_complete.txt] w]
# puts $complete "Vivado [version -short]; $part; PifoMesh; out_of_context; [clock format [clock seconds]]"
# close $complete
# puts "PIFO_SYNTHESIS_COMPLETE: $report_dir"
PIFO_SYNTHESIS_COMPLETE: /data/work/rio-synthesis/shared-fifo-34e35d2/pe5-v1024-c1024-q256-static-vivado/reports
INFO: [Common 17-206] Exiting Vivado at Mon Sep  7 15:41:27 2026...
