request_id,global_flow_id,size_bytes,arrival_cycle,admitted_cycle,completed_cycle,admission_delay_cycles,sojourn_cycles
1,1,48,0,1,24,1,24
3,3,48,5,7,27,2,22
2,2,48,3,4,30,1,27
4,4,48,8,10,33,2,25
6,6,48,14,16,36,2,22
7,7,48,16,17,39,1,23
5,5,48,11,12,42,1,31
8,8,48,19,21,45,2,26
9,9,48,22,23,48,1,26
12,12,48,30,31,51,1,21
10,10,48,25,26,54,1,29
11,11,48,27,28,57,1,30
13,13,48,33,34,60,1,27
15,15,48,38,39,63,1,25
14,14,48,35,37,66,2,31
16,16,48,41,43,69,2,28
18,18,48,46,47,72,1,26
19,19,48,49,50,75,1,26
17,17,48,44,46,78,2,34
20,20,48,52,54,81,2,29
21,21,48,55,56,84,1,29
24,24,48,63,64,87,1,24
22,22,48,57,59,90,2,33
23,23,48,60,61,93,1,33
25,25,48,65,67,96,2,31
27,27,48,71,72,99,1,28
30,30,48,79,81,102,2,23
26,26,48,68,70,105,2,37
28,28,48,74,76,108,2,34
29,29,48,76,77,111,1,35
31,31,48,82,83,114,1,32
33,33,48,87,88,117,1,30
32,32,48,85,86,120,1,35
34,34,48,90,91,123,1,33
36,36,48,95,97,126,2,31
37,37,48,98,99,129,1,31
39,39,48,104,106,132,2,28
35,35,48,93,94,135,1,42
38,38,48,101,103,138,2,37
40,40,48,106,107,141,1,35
42,42,48,112,114,144,2,32
43,43,48,115,116,147,1,32
45,45,48,120,121,150,1,30
41,41,48,109,110,153,1,44
44,44,48,117,119,156,2,39
46,46,48,123,124,159,1,36
48,48,48,128,130,162,2,34
49,49,48,131,132,165,1,34
51,51,48,136,137,168,1,32
47,47,48,125,127,171,2,46
50,50,48,134,136,174,2,40
52,52,48,139,141,177,2,38
54,54,48,145,146,180,1,35
55,55,48,147,148,183,1,36
57,57,48,153,154,186,1,33
53,53,48,142,143,189,1,47
56,56,48,150,151,192,1,42
58,58,48,155,157,195,2,40
60,60,48,161,163,198,2,37
61,61,48,164,166,201,2,37
63,63,48,169,170,204,1,35
65,1,48,175,176,207,1,32
59,59,48,158,159,210,1,52
62,62,48,166,167,213,1,47
64,64,48,172,174,216,2,44
66,2,48,178,179,219,1,41
67,3,48,180,181,222,1,42
70,6,48,189,190,225,1,36
71,7,48,191,192,228,1,37
68,4,48,183,184,231,1,48
69,5,48,186,187,234,1,48
72,8,48,194,196,237,2,43
73,9,48,197,199,240,2,43
76,12,48,205,206,243,1,38
77,13,48,208,209,246,1,38
79,15,48,213,214,249,1,36
74,10,48,200,201,252,1,52
75,11,48,202,204,255,2,53
78,14,48,210,211,258,1,48
80,16,48,216,217,261,1,45
82,18,48,221,222,264,1,43
83,19,48,224,226,267,2,43
85,21,48,230,231,270,1,40
88,24,48,238,239,273,1,35
81,17,48,219,220,276,1,57
84,20,48,227,229,279,2,52
86,22,48,232,234,282,2,50
87,23,48,235,236,285,1,50
89,25,48,240,241,288,1,48
91,27,48,246,247,291,1,45
94,30,48,254,256,294,2,40
95,31,48,257,259,297,2,40
90,26,48,243,244,300,1,57
92,28,48,249,250,303,1,54
93,29,48,251,252,306,1,55
96,32,48,260,261,309,1,49
97,33,48,262,264,312,2,50
100,36,48,270,271,315,1,45
101,37,48,273,274,318,1,45
103,39,48,279,280,321,1,42
106,42,48,287,289,324,2,37
98,34,48,265,266,327,1,62
99,35,48,268,269,330,1,62
102,38,48,276,277,333,1,57
104,40,48,281,282,336,1,55
105,41,48,284,286,339,2,55
107,43,48,290,291,342,1,52
109,45,48,295,296,345,1,50
112,48,48,303,304,348,1,45
113,49,48,306,307,351,1,45
115,51,48,311,312,354,1,43
108,44,48,292,294,357,2,65
110,46,48,298,299,360,1,62
111,47,48,300,301,363,1,63
114,50,48,309,310,366,1,57
116,52,48,314,316,369,2,55
118,54,48,320,321,372,1,52
119,55,48,322,324,375,2,53
121,57,48,328,329,378,1,50
124,60,48,336,337,381,1,45
125,61,48,339,340,384,1,45
117,53,48,317,319,387,2,70
120,56,48,325,326,390,1,65
122,58,48,330,331,393,1,63
123,59,48,333,334,396,1,63
126,62,48,341,342,399,1,58
127,63,48,344,346,402,2,58
129,1,48,349,350,405,1,56
131,3,48,354,355,408,1,54
134,6,48,363,364,411,1,48
135,7,48,365,366,414,1,49
137,9,48,371,373,417,2,46
128,64,48,347,349,420,2,73
130,2,48,352,353,423,1,71
132,4,48,357,358,426,1,69
133,5,48,360,361,429,1,69
136,8,48,368,370,432,2,64
138,10,48,374,375,435,1,61
140,12,48,379,380,438,1,59
141,13,48,382,383,441,1,59
143,15,48,387,388,444,1,57
146,18,48,395,396,447,1,52
147,19,48,398,400,450,2,52
149,21,48,404,405,453,1,49
139,11,48,376,378,456,2,80
142,14,48,384,385,459,1,75
144,16,48,390,391,462,1,72
145,17,48,393,394,465,1,72
148,20,48,401,403,468,2,67
150,22,48,406,408,471,2,65
152,24,48,412,413,474,1,62
153,25,48,414,415,477,1,63
155,27,48,420,421,480,1,60
158,30,48,428,430,483,2,55
159,31,48,431,433,486,2,55
161,33,48,436,438,489,2,53
164,36,48,444,445,492,1,48
151,23,48,409,410,495,1,86
154,26,48,417,418,498,1,81
156,28,48,423,424,501,1,78
157,29,48,425,426,504,1,79
160,32,48,434,435,507,1,73
162,34,48,439,440,510,1,71
163,35,48,442,443,513,1,71
165,37,48,447,448,516,1,69
167,39,48,453,454,519,1,66
170,42,48,461,463,522,2,61
171,43,48,464,465,525,1,61
173,45,48,469,470,528,1,59
176,48,48,477,478,531,1,54
177,49,48,480,481,534,1,54
166,38,48,450,451,537,1,87
168,40,48,455,456,540,1,85
169,41,48,458,460,543,2,85
172,44,48,466,468,546,2,80
174,46,48,472,473,549,1,77
175,47,48,474,475,552,1,78
178,50,48,483,484,555,1,72
179,51,48,485,486,558,1,73
182,54,48,494,495,561,1,67
183,55,48,496,498,564,2,68
185,57,48,502,503,567,1,65
188,60,48,510,511,570,1,60
189,61,48,513,514,573,1,60
191,63,48,518,520,576,2,58
180,52,48,488,490,579,2,91
181,53,48,491,493,582,2,91
184,56,48,499,500,585,1,86
186,58,48,504,505,588,1,84
187,59,48,507,508,591,1,84
190,62,48,515,516,594,1,79
192,64,48,521,523,597,2,76
193,1,48,524,525,600,1,76
195,3,48,529,530,603,1,74
198,6,48,538,539,606,1,68
199,7,48,540,541,609,1,69
201,9,48,546,547,612,1,66
204,12,48,554,556,615,2,61
205,13,48,557,559,618,2,61
207,15,48,562,563,621,1,59
194,2,48,527,529,624,2,97
196,4,48,532,534,627,2,95
197,5,48,535,536,630,1,95
200,8,48,543,544,633,1,90
202,10,48,549,550,636,1,87
203,11,48,551,552,639,1,88
206,14,48,559,560,642,1,83
208,16,48,565,567,645,2,80
210,18,48,570,572,648,2,78
211,19,48,573,574,651,1,78
213,21,48,579,580,654,1,75
216,24,48,587,589,657,2,70
217,25,48,589,590,660,1,71
219,27,48,595,596,663,1,68
222,30,48,603,604,666,1,63
223,31,48,606,607,669,1,63
209,17,48,568,569,672,1,104
212,20,48,576,577,675,1,99
214,22,48,581,583,678,2,97
215,23,48,584,585,681,1,97
218,26,48,592,594,684,2,92
220,28,48,598,599,687,1,89
221,29,48,600,601,690,1,90
224,32,48,609,610,693,1,84
225,33,48,611,612,696,1,85
228,36,48,619,620,699,1,80
229,37,48,622,623,702,1,80
231,39,48,628,629,705,1,77
234,42,48,636,637,708,1,72
235,43,48,639,640,711,1,72
237,45,48,644,645,714,1,70
240,48,48,652,654,717,2,65
241,49,48,655,656,720,1,65
226,34,48,614,616,723,2,109
227,35,48,617,619,726,2,109
230,38,48,625,627,729,2,104
232,40,48,630,632,732,2,102
233,41,48,633,634,735,1,102
236,44,48,641,643,738,2,97
238,46,48,647,649,741,2,94
239,47,48,649,650,744,1,95
242,50,48,658,659,747,1,89
243,51,48,660,661,750,1,90
246,54,48,669,670,753,1,84
247,55,48,671,672,756,1,85
249,57,48,677,679,759,2,82
252,60,48,685,687,762,2,77
253,61,48,688,689,765,1,77
255,63,48,693,694,768,1,75
257,1,48,698,700,771,2,73
259,3,48,703,704,774,1,71
244,52,48,663,664,777,1,114
245,53,48,666,667,780,1,114
248,56,48,674,676,783,2,109
250,58,48,679,680,786,1,107
251,59,48,682,683,789,1,107
254,62,48,690,692,792,2,102
256,64,48,696,697,795,1,99
258,2,48,701,703,798,2,97
260,4,48,706,707,801,1,95
262,6,48,712,713,804,1,92
263,7,48,714,716,807,2,93
265,9,48,720,721,810,1,90
268,12,48,728,729,813,1,85
269,13,48,731,733,816,2,85
271,15,48,736,738,819,2,83
274,18,48,744,745,822,1,78
275,19,48,747,748,825,1,78
277,21,48,753,754,828,1,75
280,24,48,761,763,831,2,70
281,25,48,763,764,834,1,71
261,5,48,709,711,837,2,128
264,8,48,717,718,840,1,123
266,10,48,723,724,843,1,120
267,11,48,725,727,846,2,121
270,14,48,733,734,849,1,116
272,16,48,739,740,852,1,113
273,17,48,742,743,855,1,113
276,20,48,750,751,858,1,108
278,22,48,755,756,861,1,106
279,23,48,758,760,864,2,106
282,26,48,766,767,867,1,101
283,27,48,769,771,870,2,101
286,30,48,777,778,873,1,96
287,31,48,780,781,876,1,96
289,33,48,785,787,879,2,94
292,36,48,793,794,882,1,89
293,37,48,796,798,885,2,89
295,39,48,802,803,888,1,86
298,42,48,810,811,891,1,81
299,43,48,813,814,894,1,81
301,45,48,818,820,897,2,79
304,48,48,826,827,900,1,74
284,28,48,772,773,903,1,131
285,29,48,774,776,906,2,132
288,32,48,783,784,909,1,126
290,34,48,788,789,912,1,124
291,35,48,791,793,915,2,124
294,38,48,799,800,918,1,119
296,40,48,804,805,921,1,117
297,41,48,807,808,924,1,117
300,44,48,815,816,927,1,112
302,46,48,821,823,930,2,109
303,47,48,823,824,933,1,110
305,49,48,829,831,936,2,107
307,51,48,834,836,939,2,105
310,54,48,843,844,942,1,99
311,55,48,845,847,945,2,100
313,57,48,851,853,948,2,97
316,60,48,859,860,951,1,92
317,61,48,862,863,954,1,92
319,63,48,867,868,957,1,90
321,1,48,873,874,960,1,87
323,3,48,878,880,963,2,85
326,6,48,887,889,966,2,79
327,7,48,889,890,969,1,80
306,50,48,832,833,972,1,140
308,52,48,837,838,975,1,138
309,53,48,840,841,978,1,138
312,56,48,848,849,981,1,133
314,58,48,853,854,984,1,131
315,59,48,856,858,987,2,131
318,62,48,864,865,990,1,126
320,64,48,870,871,993,1,123
322,2,48,876,877,996,1,120
324,4,48,881,883,999,2,118
325,5,48,884,885,1002,1,118
328,8,48,892,894,1005,2,113
329,9,48,895,896,1008,1,113
332,12,48,903,904,1011,1,108
333,13,48,906,907,1014,1,108
335,15,48,911,912,1017,1,106
338,18,48,919,920,1020,1,101
339,19,48,922,923,1023,1,101
341,21,48,928,929,1026,1,98
344,24,48,936,937,1029,1,93
345,25,48,938,940,1032,2,94
347,27,48,944,945,1035,1,91
350,30,48,952,954,1038,2,86
351,31,48,955,956,1041,1,86
330,10,48,898,899,1044,1,146
331,11,48,900,901,1047,1,147
334,14,48,908,910,1050,2,142
336,16,48,914,916,1053,2,139
337,17,48,917,919,1056,2,139
340,20,48,925,927,1059,2,134
342,22,48,930,932,1062,2,132
343,23,48,933,934,1065,1,132
346,26,48,941,943,1068,2,127
348,28,48,947,949,1071,2,124
349,29,48,949,950,1074,1,125
352,32,48,958,959,1077,1,119
353,33,48,960,961,1080,1,120
356,36,48,968,970,1083,2,115
357,37,48,971,972,1086,1,115
359,39,48,977,979,1089,2,112
362,42,48,985,987,1092,2,107
363,43,48,988,989,1095,1,107
365,45,48,993,994,1098,1,105
368,48,48,1001,1003,1101,2,100
369,49,48,1004,1005,1104,1,100
371,51,48,1009,1010,1107,1,98
374,54,48,1018,1019,1110,1,92
375,55,48,1020,1021,1113,1,93
377,57,48,1026,1027,1116,1,90
354,34,48,963,964,1119,1,156
355,35,48,966,967,1122,1,156
358,38,48,974,976,1125,2,151
360,40,48,979,980,1128,1,149
361,41,48,982,983,1131,1,149
364,44,48,990,992,1134,2,144
366,46,48,996,997,1137,1,141
367,47,48,998,1000,1140,2,142
370,50,48,1007,1009,1143,2,136
372,52,48,1012,1014,1146,2,134
373,53,48,1015,1016,1149,1,134
376,56,48,1023,1024,1152,1,129
378,58,48,1028,1030,1155,2,127
380,60,48,1034,1036,1158,2,124
381,61,48,1037,1039,1161,2,124
383,63,48,1042,1043,1164,1,122
385,1,48,1047,1048,1167,1,120
387,3,48,1052,1054,1170,2,118
390,6,48,1061,1063,1173,2,112
391,7,48,1063,1064,1176,1,113
393,9,48,1069,1070,1179,1,110
396,12,48,1077,1078,1182,1,105
397,13,48,1080,1081,1185,1,105
399,15,48,1085,1086,1188,1,103
402,18,48,1093,1094,1191,1,98
403,19,48,1096,1097,1194,1,98
405,21,48,1102,1103,1197,1,95
379,59,48,1031,1032,1200,1,169
382,62,48,1039,1040,1203,1,164
384,64,48,1045,1047,1206,2,161
386,2,48,1050,1051,1209,1,159
388,4,48,1055,1057,1212,2,157
389,5,48,1058,1059,1215,1,157
392,8,48,1066,1068,1218,2,152
394,10,48,1072,1073,1221,1,149
395,11,48,1074,1075,1224,1,150
398,14,48,1082,1084,1227,2,145
400,16,48,1088,1090,1230,2,142
401,17,48,1091,1093,1233,2,142
404,20,48,1099,1101,1236,2,137
406,22,48,1104,1106,1239,2,135
408,24,48,1110,1111,1242,1,132
409,25,48,1112,1114,1245,2,133
411,27,48,1118,1119,1248,1,130
414,30,48,1126,1128,1251,2,125
415,31,48,1129,1130,1254,1,125
417,33,48,1134,1135,1257,1,123
420,36,48,1142,1144,1260,2,118
421,37,48,1145,1146,1263,1,118
423,39,48,1151,1153,1266,2,115
426,42,48,1159,1161,1269,2,110
427,43,48,1162,1163,1272,1,110
429,45,48,1167,1168,1275,1,108
432,48,48,1175,1177,1278,2,103
433,49,48,1178,1179,1281,1,103
435,51,48,1183,1184,1284,1,101
407,23,48,1107,1108,1287,1,180
410,26,48,1115,1117,1290,2,175
412,28,48,1121,1123,1293,2,172
413,29,48,1123,1124,1296,1,173
416,32,48,1132,1133,1299,1,167
418,34,48,1137,1138,1302,1,165
419,35,48,1140,1141,1305,1,165
422,38,48,1148,1150,1308,2,160
424,40,48,1153,1154,1311,1,158
425,41,48,1156,1157,1314,1,158
428,44,48,1164,1166,1317,2,153
430,46,48,1170,1171,1320,1,150
431,47,48,1172,1174,1323,2,151
434,50,48,1181,1183,1326,2,145
436,52,48,1186,1188,1329,2,143
438,54,48,1192,1193,1332,1,140
439,55,48,1194,1195,1335,1,141
441,57,48,1200,1201,1338,1,138
444,60,48,1208,1210,1341,2,133
445,61,48,1211,1213,1344,2,133
447,63,48,1216,1217,1347,1,131
449,1,48,1222,1223,1350,1,128
451,3,48,1227,1228,1353,1,126
454,6,48,1236,1237,1356,1,120
455,7,48,1238,1239,1359,1,121
457,9,48,1244,1246,1362,2,118
460,12,48,1252,1253,1365,1,113
461,13,48,1255,1256,1368,1,113
463,15,48,1260,1261,1371,1,111
466,18,48,1268,1269,1374,1,106
467,19,48,1271,1273,1377,2,106
437,53,48,1189,1190,1380,1,191
503,55,48,1369,1371,1383,2,14
442,58,48,1202,1204,1386,2,184
443,59,48,1205,1206,1389,1,184
446,62,48,1213,1214,1392,1,179
448,64,48,1219,1221,1395,2,176
450,2,48,1225,1226,1398,1,173
452,4,48,1230,1231,1401,1,171
453,5,48,1233,1234,1404,1,171
456,8,48,1241,1243,1407,2,166
458,10,48,1247,1248,1410,1,163
459,11,48,1249,1251,1413,2,164
462,14,48,1257,1258,1416,1,159
464,16,48,1263,1264,1419,1,156
465,17,48,1266,1267,1422,1,156
468,20,48,1274,1276,1425,2,151
469,21,48,1277,1278,1428,1,151
472,24,48,1285,1286,1431,1,146
473,25,48,1287,1288,1434,1,147
475,27,48,1293,1294,1437,1,144
478,30,48,1301,1303,1440,2,139
479,31,48,1304,1306,1443,2,139
481,33,48,1309,1311,1446,2,137
484,36,48,1317,1318,1449,1,132
485,37,48,1320,1321,1452,1,132
487,39,48,1326,1327,1455,1,129
490,42,48,1334,1336,1458,2,124
491,43,48,1337,1338,1461,1,124
493,45,48,1342,1343,1464,1,122
496,48,48,1350,1351,1467,1,117
497,49,48,1353,1354,1470,1,117
499,51,48,1358,1359,1473,1,115
470,22,48,1279,1281,1476,2,197
471,23,48,1282,1283,1479,1,197
537,25,48,1461,1462,1482,1,21
476,28,48,1296,1297,1485,1,189
477,29,48,1298,1299,1488,1,190
543,31,48,1478,1480,1491,2,13
482,34,48,1312,1313,1494,1,182
483,35,48,1315,1316,1497,1,182
486,38,48,1323,1324,1500,1,177
488,40,48,1328,1329,1503,1,175
489,41,48,1331,1333,1506,2,175
492,44,48,1339,1341,1509,2,170
494,46,48,1345,1346,1512,1,167
495,47,48,1347,1348,1515,1,168
498,50,48,1356,1357,1518,1,162
500,52,48,1361,1363,1521,2,160
502,54,48,1367,1368,1524,1,157
440,56,48,1197,1198,1527,1,330
505,57,48,1375,1376,1530,1,155
508,60,48,1383,1384,1533,1,150
509,61,48,1386,1387,1536,1,150
511,63,48,1391,1393,1539,2,148
513,1,48,1396,1397,1542,1,146
515,3,48,1401,1402,1545,1,144
518,6,48,1410,1411,1548,1,138
519,7,48,1412,1413,1551,1,139
521,9,48,1418,1420,1554,2,136
524,12,48,1426,1427,1557,1,131
525,13,48,1429,1430,1560,1,131
527,15,48,1434,1435,1563,1,129
530,18,48,1442,1443,1566,1,124
531,19,48,1445,1447,1569,2,124
566,54,48,1541,1542,1572,1,31
567,55,48,1543,1545,1575,2,32
506,58,48,1377,1378,1578,1,201
507,59,48,1380,1381,1581,1,201
573,61,48,1560,1561,1584,1,24
512,64,48,1394,1396,1587,2,193
577,1,48,1571,1572,1590,1,19
516,4,48,1404,1405,1593,1,189
517,5,48,1407,1408,1596,1,189
583,7,48,1587,1588,1599,1,12
522,10,48,1421,1422,1602,1,181
523,11,48,1423,1425,1605,2,182
526,14,48,1431,1432,1608,1,177
528,16,48,1437,1438,1611,1,174
529,17,48,1440,1441,1614,1,174
532,20,48,1448,1450,1617,2,169
533,21,48,1451,1452,1620,1,169
536,24,48,1459,1460,1623,1,164
474,26,48,1290,1291,1626,1,336
539,27,48,1467,1468,1629,1,162
542,30,48,1475,1477,1632,2,157
480,32,48,1307,1308,1635,1,328
545,33,48,1483,1485,1638,2,155
548,36,48,1491,1492,1641,1,150
549,37,48,1494,1495,1644,1,150
551,39,48,1500,1501,1647,1,147
554,42,48,1508,1510,1650,2,142
555,43,48,1511,1512,1653,1,142
557,45,48,1516,1517,1656,1,140
560,48,48,1524,1525,1659,1,135
561,49,48,1527,1528,1662,1,135
563,51,48,1532,1533,1665,1,133
534,22,48,1453,1455,1668,2,215
600,24,48,1634,1636,1671,2,37
601,25,48,1636,1637,1674,1,38
540,28,48,1470,1471,1677,1,207
606,30,48,1650,1651,1680,1,30
607,31,48,1653,1654,1683,1,30
546,34,48,1486,1487,1686,1,200
547,35,48,1489,1490,1689,1,200
613,37,48,1669,1670,1692,1,23
552,40,48,1502,1503,1695,1,193
553,41,48,1505,1507,1698,2,193
619,43,48,1686,1687,1701,1,15
558,46,48,1519,1520,1704,1,185
559,47,48,1521,1522,1707,1,186
562,50,48,1530,1531,1710,1,180
564,52,48,1535,1537,1713,2,178
501,53,48,1364,1366,1716,2,352
504,56,48,1372,1373,1719,1,347
569,57,48,1549,1550,1722,1,173
572,60,48,1557,1558,1725,1,168
510,62,48,1388,1389,1728,1,340
575,63,48,1565,1567,1731,2,166
514,2,48,1399,1400,1734,1,335
579,3,48,1576,1577,1737,1,161
582,6,48,1585,1586,1740,1,155
520,8,48,1415,1417,1743,2,328
585,9,48,1593,1594,1746,1,153
588,12,48,1601,1603,1749,2,148
589,13,48,1604,1606,1752,2,148
591,15,48,1609,1610,1755,1,146
594,18,48,1617,1619,1758,2,141
595,19,48,1620,1621,1761,1,141
630,54,48,1716,1717,1764,1,48
631,55,48,1718,1719,1767,1,49
570,58,48,1551,1552,1770,1,219
636,60,48,1732,1734,1773,2,41
637,61,48,1735,1736,1776,1,41
576,64,48,1568,1570,1779,2,211
641,1,48,1745,1747,1782,2,37
580,4,48,1579,1581,1785,2,206
646,6,48,1759,1760,1788,1,29
647,7,48,1761,1763,1791,2,30
586,10,48,1596,1597,1794,1,198
587,11,48,1598,1599,1797,1,199
653,13,48,1778,1780,1800,2,22
592,16,48,1612,1614,1803,2,191
593,17,48,1615,1616,1806,1,191
659,19,48,1794,1795,1809,1,15
597,21,48,1626,1627,1812,1,186
535,23,48,1456,1457,1815,1,359
538,26,48,1464,1465,1818,1,354
603,27,48,1642,1643,1821,1,179
541,29,48,1472,1473,1824,1,352
544,32,48,1481,1482,1827,1,346
609,33,48,1658,1659,1830,1,172
612,36,48,1666,1667,1833,1,167
550,38,48,1497,1498,1836,1,339
615,39,48,1675,1676,1839,1,164
618,42,48,1683,1684,1842,1,159
556,44,48,1513,1515,1845,2,332
621,45,48,1691,1692,1848,1,157
624,48,48,1699,1701,1851,2,152
625,49,48,1702,1703,1854,1,152
627,51,48,1707,1708,1857,1,150
598,22,48,1628,1630,1860,2,232
664,24,48,1808,1810,1863,2,55
665,25,48,1810,1811,1866,1,56
604,28,48,1645,1646,1869,1,224
670,30,48,1824,1825,1872,1,48
671,31,48,1827,1828,1875,1,48
610,34,48,1661,1663,1878,2,217
676,36,48,1840,1841,1881,1,41
677,37,48,1843,1845,1884,2,41
616,40,48,1677,1679,1887,2,210
682,42,48,1857,1858,1890,1,33
683,43,48,1860,1861,1893,1,33
622,46,48,1694,1696,1896,2,202
623,47,48,1696,1697,1899,1,203
689,49,48,1876,1878,1902,2,26
628,52,48,1710,1711,1905,1,195
565,53,48,1538,1540,1908,2,370
695,55,48,1892,1894,1911,2,19
633,57,48,1724,1726,1914,2,190
571,59,48,1554,1555,1917,1,363
574,62,48,1562,1563,1920,1,358
639,63,48,1740,1741,1923,1,183
578,2,48,1574,1576,1926,2,352
643,3,48,1750,1751,1929,1,179
581,5,48,1582,1583,1932,1,350
584,8,48,1590,1591,1935,1,345
649,9,48,1767,1768,1938,1,171
652,12,48,1775,1776,1941,1,166
590,14,48,1606,1607,1944,1,338
655,15,48,1783,1785,1947,2,164
658,18,48,1791,1792,1950,1,159
596,20,48,1623,1624,1953,1,330
694,54,48,1890,1891,1956,1,66
568,56,48,1546,1547,1959,1,413
634,58,48,1726,1727,1962,1,236
700,60,48,1906,1907,1965,1,59
701,61,48,1909,1910,1968,1,59
640,64,48,1743,1744,1971,1,228
705,1,48,1920,1921,1974,1,54
644,4,48,1753,1754,1977,1,224
710,6,48,1934,1936,1980,2,46
711,7,48,1936,1937,1983,1,47
650,10,48,1770,1771,1986,1,216
716,12,48,1950,1951,1989,1,39
717,13,48,1953,1954,1992,1,39
656,16,48,1786,1787,1995,1,209
722,18,48,1966,1967,1998,1,32
723,19,48,1969,1970,2001,1,32
661,21,48,1800,1801,2004,1,204
599,23,48,1631,1632,2007,1,376
729,25,48,1985,1987,2010,2,25
667,27,48,1816,1818,2013,2,197
608,32,48,1656,1657,3184,1,1528
611,35,48,1664,1666,3187,2,1523
614,38,48,1672,1674,3190,2,1518
617,41,48,1680,1681,3193,1,1513
620,44,48,1688,1690,3196,2,1508
626,50,48,1705,1706,3199,1,1494
673,33,48,1832,1834,3202,2,1370
679,39,48,1849,1850,3205,1,1356
685,45,48,1865,1867,3208,2,1343
688,48,48,1873,1874,3211,1,1338
691,51,48,1881,1883,3214,2,1333
735,1,48,2000,3171,3217,1171,1217
629,53,48,1713,1714,3220,1,1507
632,56,48,1721,1723,3223,2,1502
635,59,48,1729,1730,3226,1,1497
638,62,48,1737,1739,3229,2,1492
740,6,48,2014,3176,3232,1162,1218
741,7,48,2016,3177,3235,1161,1219
746,12,48,2030,3182,3238,1152,1208
747,13,48,2033,3183,3241,1150,1208
752,18,48,2046,3188,3244,1142,1198
753,19,48,2049,3189,3247,1140,1198
765,31,48,2082,3201,3250,1119,1168
674,34,48,1835,1836,3253,1,1418
770,36,48,2095,3206,3256,1111,1161
771,37,48,2098,3207,3259,1109,1161
680,40,48,1851,1852,3262,1,1411
776,42,48,2112,3212,3265,1100,1153
777,43,48,2115,3213,3268,1098,1153
686,46,48,1868,1870,3271,2,1403
782,48,48,2128,3218,3274,1090,1146
783,49,48,2131,3219,3277,1088,1146
692,52,48,1884,1885,3280,1,1396
697,57,48,1898,1900,3283,2,1385
703,63,48,1914,1915,3286,1,1372
799,1,48,2175,3235,3289,1060,1114
707,3,48,1925,1927,3292,2,1367
713,9,48,1942,1943,3295,1,1353
719,15,48,1958,1959,3298,1,1340
642,2,48,1748,1750,3301,2,1553
759,25,48,2065,3195,3304,1130,1239
734,30,48,1999,2001,3307,2,1308
662,22,48,1802,1803,3310,1,1508
728,24,48,1983,1984,3313,1,1330
668,28,48,1819,1820,3316,1,1497
788,54,48,2145,3224,3319,1079,1174
789,55,48,2147,3225,3322,1078,1175
698,58,48,1900,1901,3325,1,1425
794,60,48,2161,3230,3328,1069,1167
795,61,48,2164,3231,3331,1067,1167
704,64,48,1917,1918,3334,1,1417
708,4,48,1928,1930,3337,2,1409
804,6,48,2189,3240,3340,1051,1151
805,7,48,2191,3241,3343,1050,1152
714,10,48,1945,1946,3346,1,1401
810,12,48,2205,3246,3349,1041,1144
811,13,48,2208,3247,3352,1039,1144
720,16,48,1961,1963,3355,2,1394
816,18,48,2221,3252,3358,1031,1137
817,19,48,2224,3253,3361,1029,1137
863,1,48,2349,3299,3364,950,1015
829,31,48,2257,3265,3367,1008,1110
767,33,48,2087,3203,3370,1116,1283
675,35,48,1838,1840,3373,2,1535
835,37,48,2273,3271,3376,998,1103
773,39,48,2104,3209,3379,1105,1275
681,41,48,1854,1855,3382,1,1528
841,43,48,2290,3277,3385,987,1095
779,45,48,2120,3215,3388,1095,1268
846,48,48,2303,3282,3391,979,1088
847,49,48,2306,3283,3394,977,1088
785,51,48,2136,3221,3397,1085,1261
927,1,48,2524,3363,3400,839,876
823,25,48,2240,3259,3403,1019,1163
764,30,48,2079,3200,3406,1121,1327
725,21,48,1975,1976,3409,1,1434
758,24,48,2063,3194,3412,1131,1349
731,27,48,1991,1992,3415,1,1424
737,3,48,2005,3173,3418,1168,1413
868,6,48,2363,3304,3421,941,1058
869,7,48,2365,3305,3424,940,1059
743,9,48,2022,3179,3427,1157,1405
874,12,48,2379,3310,3430,931,1051
875,13,48,2382,3311,3433,929,1051
749,15,48,2038,3185,3436,1147,1398
880,18,48,2395,3316,3439,921,1044
881,19,48,2398,3317,3442,919,1044
893,31,48,2431,3329,3445,898,1014
768,34,48,2090,3204,3448,1114,1358
834,36,48,2270,3270,3451,1000,1181
899,37,48,2447,3335,3454,888,1007
774,40,48,2106,3210,3457,1104,1351
840,42,48,2287,3276,3460,989,1173
905,43,48,2464,3341,3463,877,999
780,46,48,2123,3216,3466,1093,1343
687,47,48,1870,1871,3469,1,1599
911,49,48,2480,3347,3472,867,992
786,52,48,2139,3222,3475,1083,1336
693,53,48,1887,1888,3478,1,1591
853,55,48,2322,3289,3481,967,1159
791,57,48,2153,3227,3484,1074,1331
699,59,48,1903,1905,3487,2,1584
859,61,48,2339,3295,3490,956,1151
797,63,48,2169,3233,3493,1064,1324
991,1,48,2698,3427,3496,729,798
706,2,48,1923,1924,3499,1,1576
726,22,48,1977,1979,3502,2,1525
822,24,48,2238,3258,3505,1020,1267
887,25,48,2414,3323,3508,909,1094
732,28,48,1994,1996,3511,2,1517
828,30,48,2254,3264,3514,1010,1260
738,4,48,2008,3174,3517,1166,1509
932,6,48,2538,3368,3520,830,982
933,7,48,2540,3369,3523,829,983
744,10,48,2025,3180,3526,1155,1501
938,12,48,2554,3374,3529,820,975
939,13,48,2557,3375,3532,818,975
750,16,48,2041,3186,3535,1145,1494
944,18,48,2570,3380,3538,810,968
945,19,48,2573,3381,3541,808,968
852,54,48,2320,3288,3544,968,1224
917,55,48,2496,3353,3547,857,1051
792,58,48,2155,3228,3550,1073,1395
858,60,48,2336,3294,3553,958,1217
923,61,48,2513,3359,3556,846,1043
798,64,48,2172,3234,3559,1062,1387
957,31,48,2606,3393,3562,787,956
831,33,48,2262,3267,3565,1005,1303
898,36,48,2444,3334,3568,890,1124
963,37,48,2622,3399,3571,777,949
837,39,48,2279,3273,3574,994,1295
904,42,48,2461,3340,3577,879,1116
969,43,48,2639,3405,3580,766,941
843,45,48,2295,3279,3583,984,1288
910,48,48,2477,3346,3586,869,1109
975,49,48,2655,3411,3589,756,934
849,51,48,2311,3285,3592,974,1281
1055,1,48,2873,3491,3595,618,722
1119,1,48,3047,3555,3598,508,551
892,30,48,2428,3328,3601,900,1173
755,21,48,2055,3191,3604,1136,1549
886,24,48,2412,3322,3607,910,1195
951,25,48,2589,3387,3610,798,1021
761,27,48,2071,3197,3613,1126,1542
801,3,48,2180,3237,3616,1057,1436
645,5,48,1756,1758,3619,2,1863
997,7,48,2714,3433,3622,719,908
807,9,48,2197,3243,3625,1046,1428
651,11,48,1772,1774,3628,2,1856
1003,13,48,2731,3439,3631,708,900
813,15,48,2213,3249,3634,1036,1421
657,17,48,1789,1790,3637,1,1848
1009,19,48,2747,3445,3640,698,893
1021,31,48,2780,3457,3643,677,863
832,34,48,2265,3268,3646,1003,1381
769,35,48,2093,3205,3649,1112,1556
1027,37,48,2796,3463,3652,667,856
838,40,48,2281,3274,3655,993,1374
775,41,48,2109,3211,3658,1102,1549
1033,43,48,2813,3469,3661,656,848
844,46,48,2298,3280,3664,982,1366
974,48,48,2652,3410,3667,758,1015
1039,49,48,2829,3475,3670,646,841
850,52,48,2314,3286,3673,972,1359
916,54,48,2494,3352,3676,858,1182
981,55,48,2671,3417,3679,746,1008
855,57,48,2328,3291,3682,963,1354
922,60,48,2510,3358,3685,848,1175
987,61,48,2688,3423,3688,735,1000
861,63,48,2344,3297,3691,953,1347
1183,1,48,3222,3619,3694,397,472
1247,1,48,3396,3683,3697,287,301
756,22,48,2057,3192,3700,1135,1643
950,24,48,2587,3386,3703,799,1116
1015,25,48,2763,3451,3706,688,943
762,28,48,2074,3198,3709,1124,1635
956,30,48,2603,3392,3712,789,1109
802,4,48,2183,3238,3715,1055,1532
996,6,48,2712,3432,3718,720,1006
1061,7,48,2889,3497,3721,608,832
808,10,48,2200,3244,3724,1044,1524
1002,12,48,2728,3438,3727,710,999
1067,13,48,2906,3503,3730,597,824
814,16,48,2216,3250,3733,1034,1517
1008,18,48,2744,3444,3736,700,992
1073,19,48,2922,3509,3739,587,817
787,53,48,2142,3223,3742,1081,1600
1045,55,48,2845,3481,3745,636,900
856,58,48,2330,3292,3748,962,1418
793,59,48,2158,3229,3751,1071,1593
1051,61,48,2862,3487,3754,625,892
862,64,48,2347,3298,3757,951,1410
1085,31,48,2955,3521,3760,566,805
895,33,48,2436,3331,3763,895,1327
962,36,48,2619,3398,3766,779,1147
1091,37,48,2971,3527,3769,556,798
901,39,48,2453,3337,3772,884,1319
968,42,48,2636,3404,3775,768,1139
1097,43,48,2988,3533,3778,545,790
907,45,48,2469,3343,3781,874,1312
781,47,48,2125,3217,3784,1092,1659
1103,49,48,3004,3539,3787,535,783
913,51,48,2485,3349,3790,864,1305
1311,1,48,3571,3747,3793,176,222
736,2,48,2003,3172,3796,1169,1793
605,29,48,1647,1648,3799,1,2152
819,21,48,2230,3255,3802,1025,1572
663,23,48,1805,1807,3805,2,2000
1079,25,48,2938,3515,3808,577,870
825,27,48,2246,3261,3811,1015,1565
865,3,48,2354,3301,3814,947,1460
1060,6,48,2887,3496,3817,609,930
1125,7,48,3063,3561,3820,498,757
871,9,48,2371,3307,3823,936,1452
1066,12,48,2903,3502,3826,599,923
1131,13,48,3080,3567,3829,487,749
877,15,48,2387,3313,3832,926,1445
1072,18,48,2919,3508,3835,589,916
1137,19,48,3096,3573,3838,477,742
1149,31,48,3129,3585,3841,456,712
896,34,48,2439,3332,3844,893,1405
1026,36,48,2793,3462,3847,669,1054
1155,37,48,3145,3591,3850,446,705
902,40,48,2455,3338,3853,883,1398
1032,42,48,2810,3468,3856,658,1046
1161,43,48,3162,3597,3859,435,697
908,46,48,2472,3344,3862,872,1390
1038,48,48,2826,3474,3865,648,1039
1167,49,48,3178,3603,3868,425,690
914,52,48,2488,3350,3871,862,1383
980,54,48,2669,3416,3874,747,1205
1109,55,48,3020,3545,3877,525,857
919,57,48,2502,3355,3880,853,1378
986,60,48,2685,3422,3883,737,1198
1115,61,48,3037,3551,3886,514,849
925,63,48,2518,3361,3889,843,1371
1375,1,48,3745,3811,3892,66,147
800,2,48,2178,3236,3895,1058,1717
820,22,48,2232,3256,3898,1024,1666
1014,24,48,2761,3450,3901,689,1140
1143,25,48,3112,3579,3904,467,792
826,28,48,2249,3262,3907,1013,1658
1020,30,48,2777,3456,3910,679,1133
866,4,48,2357,3302,3913,945,1556
709,5,48,1931,1932,3916,1,1985
1189,7,48,3238,3625,3919,387,681
872,10,48,2374,3308,3922,934,1548
715,11,48,1947,1948,3925,1,1978
1195,13,48,3255,3631,3928,376,673
878,16,48,2390,3314,3931,924,1541
721,17,48,1964,1966,3934,2,1970
1201,19,48,3271,3637,3937,366,666
1044,54,48,2843,3480,3940,637,1097
1173,55,48,3194,3609,3943,415,749
920,58,48,2504,3356,3946,852,1442
1050,60,48,2859,3486,3949,627,1090
1179,61,48,3211,3615,3952,404,741
926,64,48,2521,3362,3955,841,1434
1213,31,48,3304,3649,3958,345,654
959,33,48,2611,3395,3961,784,1350
833,35,48,2268,3269,3964,1001,1696
1219,37,48,3320,3655,3967,335,647
965,39,48,2628,3401,3970,773,1342
839,41,48,2284,3275,3973,991,1689
1225,43,48,3337,3661,3976,324,639
971,45,48,2644,3407,3979,763,1335
1102,48,48,3001,3538,3982,537,981
1231,49,48,3353,3667,3985,314,632
977,51,48,2660,3413,3988,753,1328
1439,1,48,3920,3971,3991,51,71
864,2,48,2352,3300,3994,948,1642
1084,30,48,2952,3520,3997,568,1045
883,21,48,2404,3319,4000,915,1596
1078,24,48,2936,3514,4003,578,1067
1207,25,48,3287,3643,4006,356,719
889,27,48,2420,3325,4009,905,1589
929,3,48,2529,3365,4012,836,1483
1124,6,48,3061,3560,4015,499,954
1253,7,48,3412,3689,4018,277,606
935,9,48,2546,3371,4021,825,1475
1130,12,48,3077,3566,4024,489,947
1259,13,48,3429,3695,4027,266,598
941,15,48,2562,3377,4030,815,1468
1136,18,48,3093,3572,4033,479,940
1265,19,48,3445,3701,4036,256,591
1277,31,48,3478,3713,4039,235,561
960,34,48,2614,3396,4042,782,1428
1090,36,48,2968,3526,4045,558,1077
1283,37,48,3494,3719,4048,225,554
966,40,48,2630,3402,4051,772,1421
1096,42,48,2985,3532,4054,547,1069
1289,43,48,3511,3725,4057,214,546
972,46,48,2647,3408,4060,761,1413
845,47,48,2300,3281,4063,981,1763
1295,49,48,3527,3731,4066,204,539
978,52,48,2663,3414,4069,751,1406
851,53,48,2317,3287,4072,970,1755
1237,55,48,3369,3673,4075,304,706
983,57,48,2677,3419,4078,742,1401
857,59,48,2333,3293,4081,960,1748
1243,61,48,3386,3679,4084,293,698
989,63,48,2693,3425,4087,732,1394
928,2,48,2527,3364,4090,837,1563
992,2,48,2701,3428,4093,727,1392
884,22,48,2406,3320,4096,914,1690
727,23,48,1980,1981,4099,1,2119
1271,25,48,3461,3707,4102,246,641
890,28,48,2423,3326,4105,903,1682
669,29,48,1821,1823,4108,2,2287
930,4,48,2532,3366,4111,834,1579
1188,6,48,3236,3624,4114,388,878
1317,7,48,3587,3753,4117,166,530
936,10,48,2549,3372,4120,823,1571
1194,12,48,3252,3630,4123,378,871
1323,13,48,3604,3759,4126,155,522
942,16,48,2565,3378,4129,813,1564
1200,18,48,3268,3636,4132,368,864
1329,19,48,3620,3765,4135,145,515
1108,54,48,3018,3544,4138,526,1120
1301,55,48,3543,3737,4141,194,598
984,58,48,2679,3420,4144,741,1465
1114,60,48,3034,3550,4147,516,1113
1307,61,48,3560,3743,4150,183,590
990,64,48,2696,3426,4153,730,1457
1341,31,48,3653,3777,4156,124,503
1023,33,48,2785,3459,4159,674,1374
1154,36,48,3142,3590,4162,448,1020
1347,37,48,3669,3783,4165,114,496
1029,39,48,2802,3465,4168,663,1366
1160,42,48,3159,3596,4171,437,1012
1353,43,48,3686,3789,4174,103,488
1035,45,48,2818,3471,4177,653,1359
1166,48,48,3175,3602,4180,427,1005
1359,49,48,3702,3795,4183,93,481
1041,51,48,2834,3477,4186,643,1352
1503,1,48,4095,4163,4189,68,94
1056,2,48,2876,3492,4192,616,1316
1148,30,48,3126,3584,4195,458,1069
947,21,48,2579,3383,4198,804,1619
1142,24,48,3110,3578,4201,468,1091
1335,25,48,3636,3771,4204,135,568
953,27,48,2595,3389,4207,794,1612
993,3,48,2703,3429,4210,726,1507
739,5,48,2011,3175,4213,1164,2202
1381,7,48,3761,3817,4216,56,455
999,9,48,2720,3435,4219,715,1499
745,11,48,2027,3181,4222,1154,2195
1387,13,48,3778,3823,4225,45,447
1005,15,48,2736,3441,4228,705,1492
751,17,48,2044,3187,4231,1143,2187
1393,19,48,3794,3833,4234,39,440
1405,31,48,3827,3869,4237,42,410
1024,34,48,2788,3460,4240,672,1452
897,35,48,2442,3333,4243,891,1801
1411,37,48,3843,3887,4246,44,403
1030,40,48,2804,3466,4249,662,1445
903,41,48,2458,3339,4252,881,1794
1417,43,48,3860,3905,4255,45,395
1036,46,48,2821,3472,4258,651,1437
1230,48,48,3350,3666,4261,316,911
1423,49,48,3876,3923,4264,47,388
1042,52,48,2837,3478,4267,641,1430
1172,54,48,3192,3608,4270,416,1078
1365,55,48,3718,3801,4273,83,555
1047,57,48,2851,3483,4276,632,1425
1178,60,48,3208,3614,4279,406,1071
1371,61,48,3735,3807,4282,72,547
1053,63,48,2867,3489,4285,622,1418
1120,2,48,3050,3556,4288,506,1238
1184,2,48,3225,3620,4291,395,1066
948,22,48,2581,3384,4294,803,1713
1206,24,48,3285,3642,4297,357,1012
1399,25,48,3810,3851,4300,41,490
954,28,48,2598,3390,4303,792,1705
1212,30,48,3301,3648,4306,347,1005
994,4,48,2706,3430,4309,724,1603
1252,6,48,3410,3688,4312,278,902
1445,7,48,3936,3989,4315,53,379
1000,10,48,2723,3436,4318,713,1595
1258,12,48,3426,3694,4321,268,895
1451,13,48,3953,4007,4324,54,371
1006,16,48,2739,3442,4327,703,1588
1264,18,48,3442,3700,4330,258,888
1457,19,48,3969,4025,4333,56,364
915,53,48,2491,3351,4336,860,1845
1429,55,48,3892,3941,4339,49,447
1048,58,48,2853,3484,4342,631,1489
921,59,48,2507,3357,4345,850,1838
1435,61,48,3909,3959,4348,50,439
1054,64,48,2870,3490,4351,620,1481
1469,31,48,4002,4061,4354,59,352
1087,33,48,2960,3523,4357,563,1397
1218,36,48,3317,3654,4360,337,1043
1475,37,48,4018,4079,4363,61,345
1093,39,48,2977,3529,4366,552,1389
1224,42,48,3334,3660,4369,326,1035
1481,43,48,4035,4097,4372,62,337
1099,45,48,2993,3535,4375,542,1382
909,47,48,2474,3345,4378,871,1904
1487,49,48,4051,4115,4381,64,330
1105,51,48,3009,3541,4384,532,1375
1567,1,48,4269,4355,4387,86,118
1248,2,48,3399,3684,4390,285,991
733,29,48,1996,1997,4393,1,2397
1011,21,48,2753,3447,4396,694,1643
757,23,48,2060,3193,4399,1133,2339
1463,25,48,3985,4043,4402,58,417
1017,27,48,2769,3453,4405,684,1636
1057,3,48,2878,3493,4408,615,1530
1316,6,48,3585,3752,4411,167,826
1509,7,48,4111,4181,4414,70,303
1063,9,48,2895,3499,4417,604,1522
1322,12,48,3601,3758,4420,157,819
1515,13,48,4128,4199,4423,71,295
1069,15,48,2911,3505,4426,594,1515
1328,18,48,3617,3764,4429,147,812
1521,19,48,4144,4217,4432,73,288
1533,31,48,4177,4253,4435,76,258
1088,34,48,2963,3524,4438,561,1475
1282,36,48,3491,3718,4441,227,950
1539,37,48,4193,4271,4444,78,251
1094,40,48,2979,3530,4447,551,1468
1288,42,48,3508,3724,4450,216,942
1545,43,48,4210,4289,4453,79,243
1100,46,48,2996,3536,4456,540,1460
1294,48,48,3524,3730,4459,206,935
1551,49,48,4226,4307,4462,81,236
1106,52,48,3012,3542,4465,530,1453
1236,54,48,3367,3672,4468,305,1101
1493,55,48,4067,4133,4471,66,404
1111,57,48,3026,3547,4474,521,1448
1242,60,48,3383,3678,4477,295,1094
1499,61,48,4084,4151,4480,67,396
1117,63,48,3042,3553,4483,511,1441
1312,2,48,3574,3748,4486,174,912
1376,2,48,3748,3812,4489,64,741
1012,22,48,2755,3448,4492,693,1737
1270,24,48,3459,3706,4495,247,1036
1527,25,48,4160,4235,4498,75,338
1018,28,48,2772,3454,4501,682,1729
1276,30,48,3475,3712,4504,237,1029
1058,4,48,2881,3494,4507,613,1626
803,5,48,2186,3239,4510,1053,2324
1573,7,48,4285,4373,4513,88,228
1064,10,48,2898,3500,4516,602,1618
809,11,48,2202,3245,4519,1043,2317
1579,13,48,4302,4391,4522,89,220
1070,16,48,2914,3506,4525,592,1611
815,17,48,2219,3251,4528,1032,2309
1585,19,48,4318,4409,4531,91,213
1300,54,48,3541,3736,4534,195,993
1557,55,48,4242,4325,4537,83,295
1112,58,48,3028,3548,4540,520,1512
1306,60,48,3557,3742,4543,185,986
1563,61,48,4259,4343,4546,84,287
1118,64,48,3045,3554,4549,509,1504
1597,31,48,4351,4445,4552,94,201
1151,33,48,3134,3587,4555,453,1421
961,35,48,2617,3397,4558,780,1941
1603,37,48,4367,4463,4561,96,194
1157,39,48,3151,3593,4564,442,1413
967,41,48,2633,3403,4567,770,1934
1609,43,48,4384,4481,4570,97,186
1163,45,48,3167,3599,4573,432,1406
1358,48,48,3699,3794,4576,95,877
1615,49,48,4400,4499,4579,99,179
1169,51,48,3183,3605,4582,422,1399
1631,1,48,4444,4547,4585,103,141
1440,2,48,3923,3974,4588,51,665
1340,30,48,3650,3776,4591,126,941
1075,21,48,2928,3511,4594,583,1666
1334,24,48,3634,3770,4597,136,963
1591,25,48,4334,4427,4600,93,266
1081,27,48,2944,3517,4603,573,1659
1121,3,48,3052,3557,4606,505,1554
1380,6,48,3759,3816,4609,57,850
1637,7,48,4460,4565,4612,105,152
1127,9,48,3069,3563,4615,494,1546
1386,12,48,3775,3822,4618,47,843
1643,13,48,4477,4583,4621,106,144
1133,15,48,3085,3569,4624,484,1539
1392,18,48,3791,3830,4627,39,836
1649,19,48,4493,4601,4630,108,137
672,32,48,1830,1831,4633,1,2803
1152,34,48,3137,3588,4636,451,1499
1346,36,48,3666,3782,4639,116,973
678,38,48,1846,1847,4642,1,2796
1158,40,48,3153,3594,4645,441,1492
1352,42,48,3683,3788,4648,105,965
684,44,48,1862,1863,4651,1,2789
1164,46,48,3170,3600,4654,430,1484
973,47,48,2649,3409,4657,760,2008
690,50,48,1879,1880,4660,1,2781
1170,52,48,3186,3606,4663,420,1477
979,53,48,2666,3415,4666,749,2000
1621,55,48,4416,4517,4669,101,253
1175,57,48,3200,3611,4672,411,1472
985,59,48,2682,3421,4675,739,1993
1627,61,48,4433,4535,4678,102,245
1181,63,48,3216,3617,4681,401,1465
1504,2,48,4098,4166,4684,68,586
1568,2,48,4272,4358,4687,86,415
1076,22,48,2930,3512,4690,582,1760
821,23,48,2235,3257,4693,1022,2458
1655,25,48,4509,4619,4696,110,187
1082,28,48,2947,3518,4699,571,1752
763,29,48,2076,3199,4702,1123,2626
1122,4,48,3055,3558,4705,503,1650
1444,6,48,3934,3986,4708,52,774
648,8,48,1764,1765,4711,1,2947
1128,10,48,3072,3564,4714,492,1642
1450,12,48,3950,4004,4717,54,767
654,14,48,1780,1781,4720,1,2940
1134,16,48,3088,3570,4723,482,1635
1456,18,48,3966,4022,4726,56,760
660,20,48,1797,1798,4729,1,2932
1364,54,48,3716,3800,4732,84,1016
1685,55,48,4591,4709,4735,118,144
1176,58,48,3202,3612,4738,410,1536
1370,60,48,3732,3806,4741,74,1009
1691,61,48,4608,4727,4744,119,136
1182,64,48,3219,3618,4747,399,1528
1661,31,48,4526,4637,4750,111,224
1215,33,48,3309,3651,4753,342,1444
1410,36,48,3840,3884,4756,44,916
1667,37,48,4542,4655,4759,113,217
1221,39,48,3326,3657,4762,331,1436
1416,42,48,3857,3902,4765,45,908
1673,43,48,4559,4673,4768,114,209
1227,45,48,3342,3663,4771,321,1429
1422,48,48,3873,3920,4774,47,901
1679,49,48,4575,4691,4777,116,202
1233,51,48,3358,3669,4780,311,1422
1695,1,48,4618,4739,4783,121,165
1632,2,48,4447,4550,4786,103,339
1404,30,48,3824,3866,4789,42,965
1139,21,48,3102,3575,4792,473,1690
1398,24,48,3808,3848,4795,40,987
602,26,48,1639,1641,4798,2,3159
1145,27,48,3118,3581,4801,463,1683
1185,3,48,3227,3621,4804,394,1577
867,5,48,2360,3303,4807,943,2447
1701,7,48,4634,4757,4810,123,176
1191,9,48,3244,3627,4813,383,1569
873,11,48,2376,3309,4816,933,2440
1707,13,48,4651,4775,4819,124,168
1197,15,48,3260,3633,4822,373,1562
879,17,48,2393,3315,4825,922,2432
1713,19,48,4667,4793,4828,126,161
766,32,48,2085,3202,4831,1117,2746
1216,34,48,3312,3652,4834,340,1522
1025,35,48,2791,3461,4837,670,2046
772,38,48,2101,3208,4840,1107,2739
1222,40,48,3328,3658,4843,330,1515
1031,41,48,2807,3467,4846,660,2039
778,44,48,2117,3214,4849,1097,2732
1228,46,48,3345,3664,4852,319,1507
1486,48,48,4048,4112,4855,64,807
784,50,48,2134,3220,4858,1086,2724
1234,52,48,3361,3670,4861,309,1500
1428,54,48,3890,3938,4864,48,974
696,56,48,1895,1896,4867,1,2972
1239,57,48,3375,3675,4870,300,1495
1434,60,48,3906,3956,4873,50,967
702,62,48,1911,1912,4876,1,2965
1245,63,48,3391,3681,4879,290,1488
1696,2,48,4621,4742,4882,121,261
1140,22,48,3104,3576,4885,472,1781
1462,24,48,3983,4040,4888,57,905
1719,25,48,4683,4811,4891,128,208
1146,28,48,3121,3582,4894,461,1773
1468,30,48,3999,4058,4897,59,898
1186,4,48,3230,3622,4900,392,1670
1508,6,48,4109,4178,4903,69,794
712,8,48,1939,1941,4906,2,2967
1192,10,48,3247,3628,4909,381,1662
1514,12,48,4125,4196,4912,71,787
718,14,48,1955,1957,4915,2,2960
1198,16,48,3263,3634,4918,371,1655
1520,18,48,4141,4214,4921,73,780
724,20,48,1972,1974,4924,2,2952
1043,53,48,2840,3479,4927,639,2087
1749,55,48,4765,4901,4930,136,165
1240,58,48,3377,3676,4933,299,1556
1049,59,48,2856,3485,4936,629,2080
1755,61,48,4782,4919,4939,137,157
1246,64,48,3394,3682,4942,288,1548
1725,31,48,4700,4829,4945,129,245
1279,33,48,3483,3715,4948,232,1465
1474,36,48,4015,4076,4951,61,936
1731,37,48,4716,4847,4954,131,238
1285,39,48,3500,3721,4957,221,1457
1480,42,48,4032,4094,4960,62,928
1737,43,48,4733,4865,4963,132,230
1291,45,48,3516,3727,4966,211,1450
1037,47,48,2823,3473,4969,650,2146
1743,49,48,4749,4883,4972,134,223
1297,51,48,3532,3733,4975,201,1443
1759,1,48,4793,4931,4978,138,185
827,29,48,2251,3263,4981,1012,2730
1203,21,48,3277,3639,4984,362,1707
885,23,48,2409,3321,4987,912,2578
666,26,48,1813,1814,4990,1,3177
1209,27,48,3293,3645,4993,352,1700
1249,3,48,3401,3685,4996,284,1595
1572,6,48,4283,4370,4999,87,716
1765,7,48,4809,4949,5002,140,193
1255,9,48,3418,3691,5005,273,1587
1578,12,48,4299,4388,5008,89,709
1771,13,48,4826,4967,5011,141,185
1261,15,48,3434,3697,5014,263,1580
1584,18,48,4315,4406,5017,91,702
1777,19,48,4842,4985,5020,143,178
830,32,48,2260,3266,5023,1006,2763
1280,34,48,3486,3716,5026,230,1540
1538,36,48,4190,4268,5029,78,839
836,38,48,2276,3272,5032,996,2756
1286,40,48,3502,3722,5035,220,1533
1544,42,48,4207,4286,5038,79,831
842,44,48,2292,3278,5041,986,2749
1292,46,48,3519,3728,5044,209,1525
1550,48,48,4223,4304,5047,81,824
848,50,48,2309,3284,5050,975,2741
1298,52,48,3535,3734,5053,199,1518
1492,54,48,4065,4130,5056,65,991
790,56,48,2150,3226,5059,1076,2909
1303,57,48,3549,3739,5062,190,1513
1498,60,48,4081,4148,5065,67,984
796,62,48,2166,3232,5068,1066,2902
1309,63,48,3565,3745,5071,180,1506
1760,2,48,4796,4934,5074,138,278
1204,22,48,3279,3640,5077,361,1798
1526,24,48,4158,4232,5080,74,922
1783,25,48,4858,5003,5083,145,225
1210,28,48,3296,3646,5086,350,1790
1532,30,48,4174,4250,5089,76,915
1250,4,48,3404,3686,5092,282,1688
931,5,48,2535,3367,5095,832,2560
742,8,48,2019,3178,5098,1159,3079
1256,10,48,3421,3692,5101,271,1680
937,11,48,2551,3373,5104,822,2553
748,14,48,2035,3184,5107,1149,3072
1262,16,48,3437,3698,5110,261,1673
943,17,48,2568,3379,5113,811,2545
754,20,48,2052,3190,5116,1138,3064
1556,54,48,4240,4322,5119,82,879
1813,55,48,4940,5093,5122,153,182
1304,58,48,3551,3740,5125,189,1574
1562,60,48,4256,4340,5128,84,872
1819,61,48,4957,5111,5131,154,174
1310,64,48,3568,3746,5134,178,1566
1789,31,48,4875,5021,5137,146,262
1343,33,48,3658,3779,5140,121,1482
1089,35,48,2966,3525,5143,559,2177
1795,37,48,4891,5039,5146,148,255
1349,39,48,3675,3785,5149,110,1474
1095,41,48,2982,3531,5152,549,2170
1801,43,48,4908,5057,5155,149,247
1355,45,48,3691,3791,5158,100,1467
1614,48,48,4397,4496,5161,99,764
1807,49,48,4924,5075,5164,151,240
1361,51,48,3707,3797,5167,90,1460
1823,1,48,4967,5123,5170,156,203
1596,30,48,4348,4442,5173,94,825
1267,21,48,3451,3703,5176,252,1725
1590,24,48,4332,4424,5179,92,847
730,26,48,1988,1990,5182,2,3194
1273,27,48,3467,3709,5185,242,1718
1313,3,48,3576,3749,5188,173,1612
1636,6,48,4458,4562,5191,104,733
1829,7,48,4983,5141,5194,158,211
1319,9,48,3593,3755,5197,162,1604
1642,12,48,4474,4580,5200,106,726
1835,13,48,5000,5159,5203,159,203
1325,15,48,3609,3761,5206,152,1597
1648,18,48,4490,4598,5209,108,719
1841,19,48,5016,5177,5212,161,196
894,32,48,2434,3330,5215,896,2781
1344,34,48,3661,3780,5218,119,1557
1602,36,48,4364,4460,5221,96,857
900,38,48,2450,3336,5224,886,2774
1350,40,48,3677,3786,5227,109,1550
1608,42,48,4381,4478,5230,97,849
906,44,48,2466,3342,5233,876,2767
1356,46,48,3694,3792,5236,98,1542
1101,47,48,2998,3537,5239,539,2241
912,50,48,2483,3348,5242,865,2759
1362,52,48,3710,3798,5245,88,1535
1107,53,48,3015,3543,5248,528,2233
854,56,48,2325,3290,5251,965,2926
1367,57,48,3724,3803,5254,79,1530
1113,59,48,3031,3549,5257,518,2226
860,62,48,2341,3296,5260,955,2919
1373,63,48,3740,3809,5263,69,1523
1824,2,48,4970,5126,5266,156,296
1268,22,48,3453,3704,5269,251,1816
949,23,48,2584,3385,5272,801,2688
1847,25,48,5032,5195,5275,163,243
1274,28,48,3470,3710,5278,240,1808
891,29,48,2425,3327,5281,902,2856
1314,4,48,3579,3750,5284,171,1705
1700,6,48,4632,4754,5287,122,655
806,8,48,2194,3242,5290,1048,3096
1320,10,48,3596,3756,5293,160,1697
1706,12,48,4648,4772,5296,124,648
812,14,48,2210,3248,5299,1038,3089
1326,16,48,3612,3762,5302,150,1690
1712,18,48,4664,4790,5305,126,641
818,20,48,2227,3254,5308,1027,3081
1620,54,48,4414,4514,5311,100,897
1877,55,48,5114,5285,5314,171,200
1368,58,48,3726,3804,5317,78,1591
1626,60,48,4430,4532,5320,102,890
1883,61,48,5131,5303,5323,172,192
1374,64,48,3743,3810,5326,67,1583
1853,31,48,5049,5213,5329,164,280
1407,33,48,3832,3875,5332,43,1500
1666,36,48,4539,4652,5335,113,796
1859,37,48,5065,5231,5338,166,273
1413,39,48,3849,3893,5341,44,1492
1672,42,48,4556,4670,5344,114,788
1865,43,48,5082,5249,5347,167,265
1419,45,48,3865,3911,5350,46,1485
1678,48,48,4572,4688,5353,116,781
1871,49,48,5098,5267,5356,169,258
1425,51,48,3881,3929,5359,48,1478
1887,1,48,5142,5315,5362,173,220
1660,30,48,4523,4634,5365,111,842
1331,21,48,3626,3767,5368,141,1742
1654,24,48,4507,4616,5371,109,864
760,26,48,2068,3196,5374,1128,3306
1337,27,48,3642,3773,5377,131,1735
1377,3,48,3750,3813,5380,63,1630
995,5,48,2709,3431,5383,722,2674
1893,7,48,5158,5333,5386,175,228
1383,9,48,3767,3819,5389,52,1622
1001,11,48,2725,3437,5392,712,2667
1899,13,48,5175,5351,5395,176,220
1389,15,48,3783,3825,5398,42,1615
1007,17,48,2742,3443,5401,701,2659
1905,19,48,5191,5369,5404,178,213
958,32,48,2609,3394,5407,785,2798
1408,34,48,3835,3878,5410,43,1575
1153,35,48,3140,3589,5413,449,2273
964,38,48,2625,3400,5416,775,2791
1414,40,48,3851,3896,5419,45,1568
1159,41,48,3156,3595,5422,439,2266
970,44,48,2641,3406,5425,765,2784
1420,46,48,3868,3914,5428,46,1560
1742,48,48,4746,4880,5431,134,685
976,50,48,2658,3412,5434,754,2776
1426,52,48,3884,3932,5437,48,1553
1684,54,48,4589,4706,5440,117,851
918,56,48,2499,3354,5443,855,2944
1431,57,48,3898,3947,5446,49,1548
1690,60,48,4605,4724,5449,119,844
924,62,48,2515,3360,5452,845,2937
1437,63,48,3914,3965,5455,51,1541
1888,2,48,5145,5318,5458,173,313
1332,22,48,3628,3768,5461,140,1833
1718,24,48,4681,4808,5464,127,783
1911,25,48,5207,5387,5467,180,260
1338,28,48,3645,3774,5470,129,1825
1724,30,48,4697,4826,5473,129,776
1378,4,48,3753,3814,5476,61,1723
1764,6,48,4807,4946,5479,139,672
870,8,48,2368,3306,5482,938,3114
1384,10,48,3770,3820,5485,50,1715
1770,12,48,4823,4964,5488,141,665
876,14,48,2384,3312,5491,928,3107
1390,16,48,3786,3826,5494,40,1708
1776,18,48,4839,4982,5497,143,658
882,20,48,2401,3318,5500,917,3099
1171,53,48,3189,3607,5503,418,2314
1941,55,48,5289,5477,5506,188,217
1432,58,48,3900,3950,5509,50,1609
1177,59,48,3205,3613,5512,408,2307
1947,61,48,5306,5495,5515,189,209
1438,64,48,3917,3968,5518,51,1601
1917,31,48,5224,5405,5521,181,297
1471,33,48,4007,4067,5524,60,1517
1730,36,48,4713,4844,5527,131,814
1923,37,48,5240,5423,5530,183,290
1477,39,48,4024,4085,5533,61,1509
1736,42,48,4730,4862,5536,132,806
1929,43,48,5257,5441,5539,184,282
1483,45,48,4040,4103,5542,63,1502
1165,47,48,3172,3601,5545,429,2373
1935,49,48,5273,5459,5548,186,275
1489,51,48,4056,4121,5551,65,1495
1951,1,48,5316,5507,5554,191,238
955,29,48,2600,3391,5557,791,2957
1395,21,48,3800,3839,5560,39,1760
1013,23,48,2758,3449,5563,691,2805
824,26,48,2243,3260,5566,1017,3323
1401,27,48,3816,3857,5569,41,1753
1441,3,48,3925,3977,5572,52,1647
1828,6,48,4981,5138,5575,157,594
1957,7,48,5332,5525,5578,193,246
1447,9,48,3942,3995,5581,53,1639
1834,12,48,4997,5156,5584,159,587
1963,13,48,5349,5543,5587,194,238
1453,15,48,3958,4013,5590,55,1632
1840,18,48,5013,5174,5593,161,580
1969,19,48,5365,5561,5596,196,231
1022,32,48,2783,3458,5599,675,2816
1472,34,48,4010,4070,5602,60,1592
1794,36,48,4888,5036,5605,148,717
1028,38,48,2799,3464,5608,665,2809
1478,40,48,4026,4088,5611,62,1585
1800,42,48,4905,5054,5614,149,709
1034,44,48,2815,3470,5617,655,2802
1484,46,48,4043,4106,5620,63,1577
1806,48,48,4921,5072,5623,151,702
1040,50,48,2832,3476,5626,644,2794
1490,52,48,4059,4124,5629,65,1570
1748,54,48,4763,4898,5632,135,869
982,56,48,2674,3418,5635,744,2961
1495,57,48,4073,4139,5638,66,1565
1754,60,48,4779,4916,5641,137,862
988,62,48,2690,3424,5644,734,2954
1501,63,48,4089,4157,5647,68,1558
1952,2,48,5319,5510,5650,191,331
1396,22,48,3802,3842,5653,40,1851
1782,24,48,4856,5000,5656,144,800
1975,25,48,5381,5579,5659,198,278
1402,28,48,3819,3860,5662,41,1843
1788,30,48,4872,5018,5665,146,793
1442,4,48,3928,3980,5668,52,1740
1059,5,48,2884,3495,5671,611,2787
934,8,48,2543,3370,5674,827,3131
1448,10,48,3945,3998,5677,53,1732
1065,11,48,2900,3501,5680,601,2780
940,14,48,2559,3376,5683,817,3124
1454,16,48,3961,4016,5686,55,1725
1071,17,48,2917,3507,5689,590,2772
946,20,48,2576,3382,5692,806,3116
1812,54,48,4938,5090,5695,152,757
2005,55,48,5463,5669,5698,206,235
1496,58,48,4075,4142,5701,67,1626
1818,60,48,4954,5108,5704,154,750
2011,61,48,5480,5687,5707,207,227
1502,64,48,4092,4160,5710,68,1618
1981,31,48,5398,5597,5713,199,315
1535,33,48,4182,4259,5716,77,1534
1217,35,48,3315,3653,5719,338,2404
1987,37,48,5414,5615,5722,201,308
1541,39,48,4199,4277,5725,78,1526
1223,41,48,3331,3659,5728,328,2397
1993,43,48,5431,5633,5731,202,300
1547,45,48,4215,4295,5734,80,1519
1870,48,48,5095,5264,5737,169,642
1999,49,48,5447,5651,5740,204,293
1553,51,48,4231,4313,5743,82,1512
2015,1,48,5491,5699,5746,208,255
1852,30,48,5046,5210,5749,164,703
1459,21,48,3975,4031,5752,56,1777
1846,24,48,5030,5192,5755,162,725
888,26,48,2417,3324,5758,907,3341
1465,27,48,3991,4049,5761,58,1770
1505,3,48,4100,4169,5764,69,1664
1892,6,48,5156,5330,5767,174,611
2021,7,48,5507,5717,5770,210,263
1511,9,48,4117,4187,5773,70,1656
1898,12,48,5172,5348,5776,176,604
2027,13,48,5524,5735,5779,211,255
1517,15,48,4133,4205,5782,72,1649
1904,18,48,5188,5366,5785,178,597
2033,19,48,5540,5753,5788,213,248
1086,32,48,2958,3522,5791,564,2833
1536,34,48,4185,4262,5794,77,1609
1858,36,48,5062,5228,5797,166,735
1092,38,48,2974,3528,5800,554,2826
1542,40,48,4201,4280,5803,79,1602
1864,42,48,5079,5246,5806,167,727
1098,44,48,2990,3534,5809,544,2819
1548,46,48,4218,4298,5812,80,1594
1229,47,48,3347,3665,5815,318,2468
1104,50,48,3007,3540,5818,533,2811
1554,52,48,4234,4316,5821,82,1587
1235,53,48,3364,3671,5824,307,2460
1046,56,48,2848,3482,5827,634,2979
1559,57,48,4248,4331,5830,83,1582
1241,59,48,3380,3677,5833,297,2453
1052,62,48,2864,3488,5836,624,2972
1565,63,48,4264,4349,5839,85,1575
2016,2,48,5494,5702,5842,208,348
1460,22,48,3977,4034,5845,57,1868
1077,23,48,2933,3513,5848,580,2915
2039,25,48,5556,5771,5851,215,295
1466,28,48,3994,4052,5854,58,1860
1019,29,48,2774,3455,5857,681,3083
1506,4,48,4103,4172,5860,69,1757
1956,6,48,5330,5522,5863,192,533
998,8,48,2717,3434,5866,717,3149
1512,10,48,4120,4190,5869,70,1749
1962,12,48,5346,5540,5872,194,526
1004,14,48,2733,3440,5875,707,3142
1518,16,48,4136,4208,5878,72,1742
1968,18,48,5362,5558,5881,196,519
1010,20,48,2750,3446,5884,696,3134
1876,54,48,5112,5282,5887,170,775
2069,55,48,5638,5861,5890,223,252
1560,58,48,4250,4334,5893,84,1643
1882,60,48,5128,5300,5896,172,768
2075,61,48,5655,5879,5899,224,244
1566,64,48,4267,4352,5902,85,1635
2045,31,48,5573,5789,5905,216,332
1599,33,48,4356,4451,5908,95,1552
1922,36,48,5237,5420,5911,183,674
2051,37,48,5589,5807,5914,218,325
1605,39,48,4373,4469,5917,96,1544
1928,42,48,5254,5438,5920,184,666
2057,43,48,5606,5825,5923,219,317
1611,45,48,4389,4487,5926,98,1537
1934,48,48,5270,5456,5929,186,659
2063,49,48,5622,5843,5932,221,310
1617,51,48,4405,4505,5935,100,1530
2079,1,48,5665,5891,5938,226,273
1916,30,48,5221,5402,5941,181,720
1523,21,48,4150,4223,5944,73,1794
1910,24,48,5205,5384,5947,179,742
952,26,48,2592,3388,5950,796,3358
1529,27,48,4166,4241,5953,75,1787
1569,3,48,4274,4361,5956,87,1682
1123,5,48,3058,3559,5959,501,2901
2085,7,48,5681,5909,5962,228,281
1575,9,48,4291,4379,5965,88,1674
1129,11,48,3074,3565,5968,491,2894
2091,13,48,5698,5927,5971,229,273
1581,15,48,4307,4397,5974,90,1667
1135,17,48,3091,3571,5977,480,2886
2097,19,48,5714,5945,5980,231,266
1150,32,48,3132,3586,5983,454,2851
1600,34,48,4359,4454,5986,95,1627
1281,35,48,3489,3717,5989,228,2500
1156,38,48,3148,3592,5992,444,2844
1606,40,48,4375,4472,5995,97,1620
1287,41,48,3505,3723,5998,218,2493
1162,44,48,3164,3598,6001,434,2837
1612,46,48,4392,4490,6004,98,1612
1998,48,48,5444,5648,6007,204,563
1168,50,48,3181,3604,6010,423,2829
1618,52,48,4408,4508,6013,100,1605
1940,54,48,5287,5474,6016,187,729
1110,56,48,3023,3546,6019,523,2996
1623,57,48,4422,4523,6022,101,1600
1946,60,48,5303,5492,6025,189,722
1116,62,48,3039,3552,6028,513,2989
1629,63,48,4438,4541,6031,103,1593
2080,2,48,5668,5894,6034,226,366
1524,22,48,4152,4226,6037,74,1885
1974,24,48,5379,5576,6040,197,661
2103,25,48,5730,5963,6043,233,313
1530,28,48,4169,4244,6046,75,1877
1980,30,48,5395,5594,6049,199,654
1570,4,48,4277,4364,6052,87,1775
2020,6,48,5505,5714,6055,209,550
1062,8,48,2892,3498,6058,606,3166
1576,10,48,4294,4382,6061,88,1767
2026,12,48,5521,5732,6064,211,543
1068,14,48,2908,3504,6067,596,3159
1582,16,48,4310,4400,6070,90,1760
2032,18,48,5537,5750,6073,213,536
1074,20,48,2925,3510,6076,585,3151
1299,53,48,3538,3735,6079,197,2541
2133,55,48,5812,6053,6082,241,270
1624,58,48,4424,4526,6085,102,1661
1305,59,48,3554,3741,6088,187,2534
2139,61,48,5829,6071,6091,242,262
1630,64,48,4441,4544,6094,103,1653
2109,31,48,5747,5981,6097,234,350
1663,33,48,4531,4643,6100,112,1569
1986,36,48,5411,5612,6103,201,692
2115,37,48,5763,5999,6106,236,343
1669,39,48,4548,4661,6109,113,1561
1992,42,48,5428,5630,6112,202,684
2121,43,48,5780,6017,6115,237,335
1675,45,48,4564,4679,6118,115,1554
1293,47,48,3521,3729,6121,208,2600
2127,49,48,5796,6035,6124,239,328
1681,51,48,4580,4697,6127,117,1547
2143,1,48,5840,6083,6130,243,290
1083,29,48,2949,3519,6133,570,3184
1587,21,48,4324,4415,6136,91,1812
1141,23,48,3107,3577,6139,470,3032
1016,26,48,2766,3452,6142,686,3376
1593,27,48,4340,4433,6145,93,1805
1633,3,48,4449,4553,6148,104,1699
2084,6,48,5679,5906,6151,227,472
2149,7,48,5856,6101,6154,245,298
1639,9,48,4466,4571,6157,105,1691
2090,12,48,5695,5924,6160,229,465
2155,13,48,5873,6119,6163,246,290
1645,15,48,4482,4589,6166,107,1684
2096,18,48,5711,5942,6169,231,458
2161,19,48,5889,6137,6172,248,283
1214,32,48,3307,3650,6175,343,2868
1664,34,48,4534,4646,6178,112,1644
2050,36,48,5586,5804,6181,218,595
1220,38,48,3323,3656,6184,333,2861
1670,40,48,4550,4664,6187,114,1637
2056,42,48,5603,5822,6190,219,587
1226,44,48,3339,3662,6193,323,2854
1676,46,48,4567,4682,6196,115,1629
2062,48,48,5619,5840,6199,221,580
1232,50,48,3356,3668,6202,312,2846
1682,52,48,4583,4700,6205,117,1622
2004,54,48,5461,5666,6208,205,747
1174,56,48,3197,3610,6211,413,3014
1687,57,48,4597,4715,6214,118,1617
2010,60,48,5477,5684,6217,207,740
1180,62,48,3213,3616,6220,403,3007
1693,63,48,4613,4733,6223,120,1610
2144,2,48,5843,6086,6226,243,383
1588,22,48,4326,4418,6229,92,1903
2038,24,48,5554,5768,6232,214,678
2167,25,48,5905,6155,6235,250,330
1594,28,48,4343,4436,6238,93,1895
2044,30,48,5570,5786,6241,216,671
1634,4,48,4452,4556,6244,104,1792
1187,5,48,3233,3623,6247,390,3014
1126,8,48,3066,3562,6250,496,3184
1640,10,48,4469,4574,6253,105,1784
1193,11,48,3249,3629,6256,380,3007
1132,14,48,3082,3568,6259,486,3177
1646,16,48,4485,4592,6262,107,1777
1199,17,48,3266,3635,6265,369,2999
1138,20,48,3099,3574,6268,475,3169
2068,54,48,5636,5858,6271,222,635
2197,55,48,5987,6245,6274,258,287
1688,58,48,4599,4718,6277,119,1678
2074,60,48,5652,5876,6280,224,628
2203,61,48,6004,6263,6283,259,279
1694,64,48,4616,4736,6286,120,1670
2173,31,48,5922,6173,6289,251,367
1727,33,48,4705,4835,6292,130,1587
1345,35,48,3664,3781,6295,117,2631
2179,37,48,5938,6191,6298,253,360
1733,39,48,4722,4853,6301,131,1579
1351,41,48,3680,3787,6304,107,2624
2185,43,48,5955,6209,6307,254,352
1739,45,48,4738,4871,6310,133,1572
2126,48,48,5793,6032,6313,239,520
2191,49,48,5971,6227,6316,256,345
1745,51,48,4754,4889,6319,135,1565
2207,1,48,6015,6275,6322,260,307
2108,30,48,5744,5978,6325,234,581
1651,21,48,4499,4607,6328,108,1829
2102,24,48,5728,5960,6331,232,603
1080,26,48,2941,3516,6334,575,3393
1657,27,48,4515,4625,6337,110,1822
1697,3,48,4623,4745,6340,122,1717
2148,6,48,5854,6098,6343,244,489
2213,7,48,6031,6293,6346,262,315
1703,9,48,4640,4763,6349,123,1709
2154,12,48,5870,6116,6352,246,482
2219,13,48,6048,6311,6355,263,307
1709,15,48,4656,4781,6358,125,1702
2160,18,48,5886,6134,6361,248,475
2225,19,48,6064,6329,6364,265,300
1278,32,48,3481,3714,6367,233,2886
1728,34,48,4708,4838,6370,130,1662
2114,36,48,5760,5996,6373,236,613
1284,38,48,3497,3720,6376,223,2879
1734,40,48,4724,4856,6379,132,1655
2120,42,48,5777,6014,6382,237,605
1290,44,48,3513,3726,6385,213,2872
1740,46,48,4741,4874,6388,133,1647
1357,47,48,3696,3793,6391,97,2695
1296,50,48,3530,3732,6394,202,2864
1746,52,48,4757,4892,6397,135,1640
1363,53,48,3713,3799,6400,86,2687
1238,56,48,3372,3674,6403,302,3031
1751,57,48,4771,4907,6406,136,1635
1369,59,48,3729,3805,6409,76,2680
1244,62,48,3388,3680,6412,292,3024
1757,63,48,4787,4925,6415,138,1628
2208,2,48,6018,6278,6418,260,400
1652,22,48,4501,4610,6421,109,1920
1205,23,48,3282,3641,6424,359,3142
2231,25,48,6080,6347,6427,267,347
1658,28,48,4518,4628,6430,110,1912
1147,29,48,3123,3583,6433,460,3310
1698,4,48,4626,4748,6436,122,1810
2212,6,48,6029,6290,6439,261,410
1190,8,48,3241,3626,6442,385,3201
1704,10,48,4643,4766,6445,123,1802
2218,12,48,6045,6308,6448,263,403
1196,14,48,3257,3632,6451,375,3194
1710,16,48,4659,4784,6454,125,1795
2224,18,48,6061,6326,6457,265,396
1202,20,48,3274,3638,6460,364,3186
2132,54,48,5810,6050,6463,240,653
2261,55,48,6162,6437,6466,275,304
1752,58,48,4773,4910,6469,137,1696
2138,60,48,5826,6068,6472,242,646
2267,61,48,6179,6455,6475,276,296
1758,64,48,4790,4928,6478,138,1688
2237,31,48,6097,6365,6481,268,384
1791,33,48,4880,5027,6484,147,1604
2178,36,48,5935,6188,6487,253,552
2243,37,48,6113,6383,6490,270,377
1797,39,48,4897,5045,6493,148,1596
2184,42,48,5952,6206,6496,254,544
2249,43,48,6130,6401,6499,271,369
1803,45,48,4913,5063,6502,150,1589
2190,48,48,5968,6224,6505,256,537
2255,49,48,6146,6419,6508,273,362
1809,51,48,4929,5081,6511,152,1582
2271,1,48,6189,6467,6514,278,325
2172,30,48,5919,6170,6517,251,598
1715,21,48,4673,4799,6520,126,1847
2166,24,48,5903,6152,6523,249,620
1144,26,48,3115,3580,6526,465,3411
1721,27,48,4689,4817,6529,128,1840
1761,3,48,4798,4937,6532,139,1734
1251,5,48,3407,3687,6535,280,3128
2277,7,48,6205,6485,6538,280,333
1767,9,48,4815,4955,6541,140,1726
1257,11,48,3423,3693,6544,270,3121
2283,13,48,6222,6503,6547,281,325
1773,15,48,4831,4973,6550,142,1719
1263,17,48,3440,3699,6553,259,3113
2289,19,48,6238,6521,6556,283,318
1342,32,48,3656,3778,6559,122,2903
1792,34,48,4883,5030,6562,147,1679
1409,35,48,3838,3881,6565,43,2727
1348,38,48,3672,3784,6568,112,2896
1798,40,48,4899,5048,6571,149,1672
1415,41,48,3854,3899,6574,45,2720
1354,44,48,3688,3790,6577,102,2889
1804,46,48,4916,5066,6580,150,1664
2254,48,48,6143,6416,6583,273,440
1360,50,48,3705,3796,6586,91,2881
1810,52,48,4932,5084,6589,152,1657
2196,54,48,5985,6242,6592,257,607
1302,56,48,3546,3738,6595,192,3049
1815,57,48,4946,5099,6598,153,1652
2202,60,48,6001,6260,6601,259,600
1308,62,48,3562,3744,6604,182,3042
1821,63,48,4962,5117,6607,155,1645
2272,2,48,6192,6470,6610,278,418
1716,22,48,4675,4802,6613,127,1938
2230,24,48,6078,6344,6616,266,538
2295,25,48,6254,6539,6619,285,365
1722,28,48,4692,4820,6622,128,1930
2236,30,48,6094,6362,6625,268,531
1762,4,48,4801,4940,6628,139,1827
2276,6,48,6203,6482,6631,279,428
1254,8,48,3415,3690,6634,275,3219
1768,10,48,4818,4958,6637,140,1819
2282,12,48,6219,6500,6640,281,421
1260,14,48,3431,3696,6643,265,3212
1774,16,48,4834,4976,6646,142,1812
2288,18,48,6235,6518,6649,283,414
1266,20,48,3448,3702,6652,254,3204
1427,53,48,3887,3935,6655,48,2768
2325,55,48,6336,6629,6658,293,322
1816,58,48,4948,5102,6661,154,1713
1433,59,48,3903,3953,6664,50,2761
2331,61,48,6353,6647,6667,294,314
1822,64,48,4965,5120,6670,155,1705
2301,31,48,6271,6557,6673,286,402
1855,33,48,5054,5219,6676,165,1622
2242,36,48,6110,6380,6679,270,569
2307,37,48,6287,6575,6682,288,395
1861,39,48,5071,5237,6685,166,1614
2248,42,48,6127,6398,6688,271,561
2313,43,48,6304,6593,6691,289,387
1867,45,48,5087,5255,6694,168,1607
1421,47,48,3870,3917,6697,47,2827
2319,49,48,6320,6611,6700,291,380
1873,51,48,5103,5273,6703,170,1600
2335,1,48,6364,6659,6706,295,342
1211,29,48,3298,3647,6709,349,3411
1779,21,48,4848,4991,6712,143,1864
1269,23,48,3456,3705,6715,249,3259
1208,26,48,3290,3644,6718,354,3428
1785,27,48,4864,5009,6721,145,1857
1825,3,48,4972,5129,6724,157,1752
2340,6,48,6378,6674,6727,296,349
2341,7,48,6380,6677,6730,297,350
1831,9,48,4989,5147,6733,158,1744
2346,12,48,6394,6692,6736,298,342
2347,13,48,6397,6695,6739,298,342
1837,15,48,5005,5165,6742,160,1737
2352,18,48,6410,6710,6745,300,335
2353,19,48,6413,6713,6748,300,335
1406,32,48,3830,3872,6751,42,2921
1856,34,48,5057,5222,6754,165,1697
2306,36,48,6284,6572,6757,288,473
1412,38,48,3846,3890,6760,44,2914
1862,40,48,5073,5240,6763,167,1690
2312,42,48,6301,6590,6766,289,465
1418,44,48,3862,3908,6769,46,2907
1868,46,48,5090,5258,6772,168,1682
2318,48,48,6317,6608,6775,291,458
1424,50,48,3879,3926,6778,47,2899
1874,52,48,5106,5276,6781,170,1675
2260,54,48,6160,6434,6784,274,624
1366,56,48,3721,3802,6787,81,3066
1879,57,48,5120,5291,6790,171,1670
2266,60,48,6176,6452,6793,276,617
1372,62,48,3737,3808,6796,71,3059
1885,63,48,5136,5309,6799,173,1663
2336,2,48,6367,6662,6802,295,435
1780,22,48,4850,4994,6805,144,1955
2294,24,48,6252,6536,6808,284,556
2359,25,48,6429,6731,6811,302,382
1786,28,48,4867,5012,6814,145,1947
2300,30,48,6268,6554,6817,286,549
1826,4,48,4975,5132,6820,157,1845
1315,5,48,3582,3751,6823,169,3241
1318,8,48,3590,3754,6826,164,3236
1832,10,48,4992,5150,6829,158,1837
1321,11,48,3598,3757,6832,159,3234
1324,14,48,3606,3760,6835,154,3229
1838,16,48,5008,5168,6838,160,1830
1327,17,48,3615,3763,6841,148,3226
1330,20,48,3623,3766,6844,143,3221
2324,54,48,6334,6626,6847,292,513
2389,55,48,6511,6821,6850,310,339
1880,58,48,5122,5294,6853,172,1731
2330,60,48,6350,6644,6856,294,506
2395,61,48,6528,6839,6859,311,331
1886,64,48,5139,5312,6862,173,1723
2365,31,48,6446,6749,6865,303,419
1919,33,48,5229,5411,6868,182,1639
1473,35,48,4013,4073,6871,60,2858
2371,37,48,6462,6767,6874,305,412
1925,39,48,5246,5429,6877,183,1631
1479,41,48,4029,4091,6880,62,2851
2377,43,48,6479,6785,6883,306,404
1931,45,48,5262,5447,6886,185,1624
2382,48,48,6492,6800,6889,308,397
2383,49,48,6495,6803,6892,308,397
1937,51,48,5278,5465,6895,187,1617
2399,1,48,6538,6851,6898,313,360
2364,30,48,6443,6746,6901,303,458
1843,21,48,5022,5183,6904,161,1882
2358,24,48,6427,6728,6907,301,480
1272,26,48,3464,3708,6910,244,3446
1849,27,48,5038,5201,6913,163,1875
1889,3,48,5147,5321,6916,174,1769
2404,6,48,6552,6866,6919,314,367
2405,7,48,6554,6869,6922,315,368
1895,9,48,5164,5339,6925,175,1761
2410,12,48,6568,6884,6928,316,360
2411,13,48,6571,6887,6931,316,360
1901,15,48,5180,5357,6934,177,1754
2416,18,48,6584,6902,6937,318,353
2417,19,48,6587,6905,6940,318,353
1470,32,48,4005,4064,6943,59,2938
1920,34,48,5232,5414,6946,182,1714
2370,36,48,6459,6764,6949,305,490
1476,38,48,4021,4082,6952,61,2931
1926,40,48,5248,5432,6955,184,1707
2376,42,48,6476,6782,6958,306,482
1482,44,48,4037,4100,6961,63,2924
1932,46,48,5265,5450,6964,185,1699
1485,47,48,4045,4109,6967,64,2922
1488,50,48,4054,4118,6970,64,2916
1938,52,48,5281,5468,6973,187,1692
1491,53,48,4062,4127,6976,65,2914
1430,56,48,3895,3944,6979,49,3084
1943,57,48,5295,5483,6982,188,1687
1497,59,48,4078,4145,6985,67,2907
1436,62,48,3911,3962,6988,51,3077
1949,63,48,5311,5501,6991,190,1680
2400,2,48,6541,6854,6994,313,453
1844,22,48,5024,5186,6997,162,1973
1333,23,48,3631,3769,7000,138,3369
2423,25,48,6603,6923,7003,320,400
1850,28,48,5041,5204,7006,163,1965
1275,29,48,3472,3711,7009,239,3537
1890,4,48,5150,5324,7012,174,1862
1379,5,48,3756,3815,7015,59,3259
1382,8,48,3764,3818,7018,54,3254
1896,10,48,5167,5342,7021,175,1854
1385,11,48,3772,3821,7024,49,3252
1388,14,48,3780,3824,7027,44,3247
1902,16,48,5183,5360,7030,177,1847
1391,17,48,3789,3827,7033,38,3244
1394,20,48,3797,3836,7036,39,3239
2388,54,48,6509,6818,7039,309,530
2453,55,48,6685,7013,7042,328,357
1944,58,48,5297,5486,7045,189,1748
2394,60,48,6525,6836,7048,311,523
2459,61,48,6702,7031,7051,329,349
1950,64,48,5314,5504,7054,190,1740
2429,31,48,6620,6941,7057,321,437
1983,33,48,5403,5603,7060,200,1657
2434,36,48,6633,6956,7063,323,430
2435,37,48,6636,6959,7066,323,430
1989,39,48,5420,5621,7069,201,1649
2440,42,48,6650,6974,7072,324,422
2441,43,48,6653,6977,7075,324,422
1995,45,48,5436,5639,7078,203,1642
2446,48,48,6666,6992,7081,326,415
2447,49,48,6669,6995,7084,326,415
2001,51,48,5452,5657,7087,205,1635
2463,1,48,6713,7043,7090,330,377
2428,30,48,6617,6938,7093,321,476
1907,21,48,5197,5375,7096,178,1899
2422,24,48,6601,6920,7099,319,498
1336,26,48,3639,3772,7102,133,3463
1913,27,48,5213,5393,7105,180,1892
1953,3,48,5321,5513,7108,192,1787
2468,6,48,6727,7058,7111,331,384
2469,7,48,6729,7061,7114,332,385
1959,9,48,5338,5531,7117,193,1779
2474,12,48,6743,7076,7120,333,377
2475,13,48,6746,7079,7123,333,377
1965,15,48,5354,5549,7126,195,1772
2480,18,48,6759,7094,7129,335,370
2481,19,48,6762,7097,7132,335,370
1534,32,48,4180,4256,7135,76,2955
1984,34,48,5406,5606,7138,200,1732
1537,35,48,4188,4265,7141,77,2953
1540,38,48,4196,4274,7144,78,2948
1990,40,48,5422,5624,7147,202,1725
1543,41,48,4204,4283,7150,79,2946
1546,44,48,4212,4292,7153,80,2941
1996,46,48,5439,5642,7156,203,1717
1549,47,48,4220,4301,7159,81,2939
1552,50,48,4229,4310,7162,81,2933
2002,52,48,5455,5660,7165,205,1710
2452,54,48,6683,7010,7168,327,485
1494,56,48,4070,4136,7171,66,3101
2007,57,48,5469,5675,7174,206,1705
2458,60,48,6699,7028,7177,329,478
1500,62,48,4086,4154,7180,68,3094
2013,63,48,5485,5693,7183,208,1698
2464,2,48,6716,7046,7186,330,470
1908,22,48,5199,5378,7189,179,1990
2486,24,48,6776,7112,7192,336,416
2487,25,48,6778,7115,7195,337,417
1914,28,48,5216,5396,7198,180,1982
2492,30,48,6792,7130,7201,338,409
1954,4,48,5324,5516,7204,192,1880
1443,5,48,3931,3983,7207,52,3276
1446,8,48,3939,3992,7210,53,3271
1960,10,48,5341,5534,7213,193,1872
1449,11,48,3947,4001,7216,54,3269
1452,14,48,3955,4010,7219,55,3264
1966,16,48,5357,5552,7222,195,1865
1455,17,48,3964,4019,7225,55,3261
1458,20,48,3972,4028,7228,56,3256
1555,53,48,4237,4319,7231,82,2994
2517,55,48,6860,7205,7234,345,374
2008,58,48,5471,5678,7237,207,1766
1561,59,48,4253,4337,7240,84,2987
2523,61,48,6877,7223,7243,346,366
2014,64,48,5488,5696,7246,208,1758
2493,31,48,6795,7133,7249,338,454
2047,33,48,5578,5795,7252,217,1674
2498,36,48,6808,7148,7255,340,447
2499,37,48,6811,7151,7258,340,447
2053,39,48,5595,5813,7261,218,1666
2504,42,48,6825,7166,7264,341,439
2505,43,48,6828,7169,7267,341,439
2059,45,48,5611,5831,7270,220,1659
2510,48,48,6841,7184,7273,343,432
2511,49,48,6844,7187,7276,343,432
2065,51,48,5627,5849,7279,222,1652
2527,1,48,6887,7235,7282,348,395
1339,29,48,3647,3775,7285,128,3638
1971,21,48,5371,5567,7288,196,1917
1397,23,48,3805,3845,7291,40,3486
1400,26,48,3813,3854,7294,41,3481
1977,27,48,5387,5585,7297,198,1910
2017,3,48,5496,5705,7300,209,1804
2532,6,48,6901,7250,7303,349,402
2533,7,48,6903,7253,7306,350,403
2023,9,48,5513,5723,7309,210,1796
2538,12,48,6917,7268,7312,351,395
2539,13,48,6920,7271,7315,351,395
2029,15,48,5529,5741,7318,212,1789
2544,18,48,6933,7286,7321,353,388
2545,19,48,6936,7289,7324,353,388
1598,32,48,4354,4448,7327,94,2973
2048,34,48,5581,5798,7330,217,1749
1601,35,48,4362,4457,7333,95,2971
1604,38,48,4370,4466,7336,96,2966
2054,40,48,5597,5816,7339,219,1742
1607,41,48,4378,4475,7342,97,2964
1610,44,48,4386,4484,7345,98,2959
2060,46,48,5614,5834,7348,220,1734
1613,47,48,4394,4493,7351,99,2957
1616,50,48,4403,4502,7354,99,2951
2066,52,48,5630,5852,7357,222,1727
2516,54,48,6858,7202,7360,344,502
1558,56,48,4245,4328,7363,83,3118
2071,57,48,5644,5867,7366,223,1722
2522,60,48,6874,7220,7369,346,495
1564,62,48,4261,4346,7372,85,3111
2077,63,48,5660,5885,7375,225,1715
2528,2,48,6890,7238,7378,348,488
1972,22,48,5373,5570,7381,197,2008
2550,24,48,6950,7304,7384,354,434
2551,25,48,6952,7307,7387,355,435
1978,28,48,5390,5588,7390,198,2000
2556,30,48,6966,7322,7393,356,427
2018,4,48,5499,5708,7396,209,1897
1507,5,48,4106,4175,7399,69,3293
1510,8,48,4114,4184,7402,70,3288
2024,10,48,5516,5726,7405,210,1889
1513,11,48,4122,4193,7408,71,3286
1516,14,48,4130,4202,7411,72,3281
2030,16,48,5532,5744,7414,212,1882
1519,17,48,4139,4211,7417,72,3278
1522,20,48,4147,4220,7420,73,3273
2580,54,48,7032,7394,7423,362,391
2581,55,48,7034,7397,7426,363,392
2072,58,48,5646,5870,7429,224,1783
2586,60,48,7048,7412,7432,364,384
2587,61,48,7051,7415,7435,364,384
2078,64,48,5663,5888,7438,225,1775
2557,31,48,6969,7325,7441,356,472
2111,33,48,5752,5987,7444,235,1692
2562,36,48,6982,7340,7447,358,465
2563,37,48,6985,7343,7450,358,465
2117,39,48,5769,6005,7453,236,1684
2568,42,48,6999,7358,7456,359,457
2569,43,48,7002,7361,7459,359,457
2123,45,48,5785,6023,7462,238,1677
2574,48,48,7015,7376,7465,361,450
2575,49,48,7018,7379,7468,361,450
2129,51,48,5801,6041,7471,240,1670
2591,1,48,7062,7427,7474,365,412
1403,29,48,3821,3863,7477,42,3656
2035,21,48,5546,5759,7480,213,1934
1461,23,48,3980,4037,7483,57,3503
1464,26,48,3988,4046,7486,58,3498
2041,27,48,5562,5777,7489,215,1927
2081,3,48,5670,5897,7492,227,1822
2596,6,48,7076,7442,7495,366,419
2597,7,48,7078,7445,7498,367,420
2087,9,48,5687,5915,7501,228,1814
2602,12,48,7092,7460,7504,368,412
2603,13,48,7095,7463,7507,368,412
2093,15,48,5703,5933,7510,230,1807
2608,18,48,7108,7478,7513,370,405
2609,19,48,7111,7481,7516,370,405
1662,32,48,4529,4640,7519,111,2990
2112,34,48,5755,5990,7522,235,1767
1665,35,48,4537,4649,7525,112,2988
1668,38,48,4545,4658,7528,113,2983
2118,40,48,5771,6008,7531,237,1760
1671,41,48,4553,4667,7534,114,2981
1674,44,48,4561,4676,7537,115,2976
2124,46,48,5788,6026,7540,238,1752
1677,47,48,4569,4685,7543,116,2974
1680,50,48,4578,4694,7546,116,2968
2130,52,48,5804,6044,7549,240,1745
1619,53,48,4411,4511,7552,100,3141
1622,56,48,4419,4520,7555,101,3136
2135,57,48,5818,6059,7558,241,1740
1625,59,48,4427,4529,7561,102,3134
1628,62,48,4435,4538,7564,103,3129
2141,63,48,5834,6077,7567,243,1733
2592,2,48,7065,7430,7570,365,505
2036,22,48,5548,5762,7573,214,2025
2614,24,48,7125,7496,7576,371,451
2615,25,48,7127,7499,7579,372,452
2042,28,48,5565,5780,7582,215,2017
2620,30,48,7141,7514,7585,373,444
2082,4,48,5673,5900,7588,227,1915
1571,5,48,4280,4367,7591,87,3311
1574,8,48,4288,4376,7594,88,3306
2088,10,48,5690,5918,7597,228,1907
1577,11,48,4296,4385,7600,89,3304
1580,14,48,4304,4394,7603,90,3299
2094,16,48,5706,5936,7606,230,1900
1583,17,48,4313,4403,7609,90,3296
1586,20,48,4321,4412,7612,91,3291
2644,54,48,7207,7586,7615,379,408
2645,55,48,7209,7589,7618,380,409
2136,58,48,5820,6062,7621,242,1801
2650,60,48,7223,7604,7624,381,401
2651,61,48,7226,7607,7627,381,401
2142,64,48,5837,6080,7630,243,1793
2621,31,48,7144,7517,7633,373,489
2175,33,48,5927,6179,7636,252,1709
2626,36,48,7157,7532,7639,375,482
2627,37,48,7160,7535,7642,375,482
2181,39,48,5944,6197,7645,253,1701
2632,42,48,7174,7550,7648,376,474
2633,43,48,7177,7553,7651,376,474
2187,45,48,5960,6215,7654,255,1694
2638,48,48,7190,7568,7657,378,467
2639,49,48,7193,7571,7660,378,467
2193,51,48,5976,6233,7663,257,1687
2655,1,48,7236,7619,7666,383,430
1467,29,48,3996,4055,7669,59,3673
2099,21,48,5720,5951,7672,231,1952
1525,23,48,4155,4229,7675,74,3520
1528,26,48,4163,4238,7678,75,3515
2105,27,48,5736,5969,7681,233,1945
2145,3,48,5845,6089,7684,244,1839
2660,6,48,7250,7634,7687,384,437
2661,7,48,7252,7637,7690,385,438
2151,9,48,5862,6107,7693,245,1831
2666,12,48,7266,7652,7696,386,430
2667,13,48,7269,7655,7699,386,430
2157,15,48,5878,6125,7702,247,1824
2672,18,48,7282,7670,7705,388,423
2673,19,48,7285,7673,7708,388,423
1726,32,48,4703,4832,7711,129,3008
2176,34,48,5930,6182,7714,252,1784
1729,35,48,4711,4841,7717,130,3006
1732,38,48,4719,4850,7720,131,3001
2182,40,48,5946,6200,7723,254,1777
1735,41,48,4727,4859,7726,132,2999
1738,44,48,4735,4868,7729,133,2994
2188,46,48,5963,6218,7732,255,1769
1741,47,48,4743,4877,7735,134,2992
1744,50,48,4752,4886,7738,134,2986
2194,52,48,5979,6236,7741,257,1762
1683,53,48,4586,4703,7744,117,3158
1686,56,48,4594,4712,7747,118,3153
2199,57,48,5993,6251,7750,258,1757
1689,59,48,4602,4721,7753,119,3151
1692,62,48,4610,4730,7756,120,3146
2205,63,48,6009,6269,7759,260,1750
2656,2,48,7239,7622,7762,383,523
2100,22,48,5722,5954,7765,232,2043
2678,24,48,7299,7688,7768,389,469
2679,25,48,7301,7691,7771,390,470
2106,28,48,5739,5972,7774,233,2035
2684,30,48,7315,7706,7777,391,462
2146,4,48,5848,6092,7780,244,1932
1635,5,48,4455,4559,7783,104,3328
1638,8,48,4463,4568,7786,105,3323
2152,10,48,5865,6110,7789,245,1924
1641,11,48,4471,4577,7792,106,3321
1644,14,48,4479,4586,7795,107,3316
2158,16,48,5881,6128,7798,247,1917
1647,17,48,4488,4595,7801,107,3313
1650,20,48,4496,4604,7804,108,3308
2708,54,48,7381,7778,7807,397,426
2709,55,48,7383,7781,7810,398,427
2200,58,48,5995,6254,7813,259,1818
2714,60,48,7397,7796,7816,399,419
2715,61,48,7400,7799,7819,399,419
2206,64,48,6012,6272,7822,260,1810
2685,31,48,7318,7709,7825,391,507
2239,33,48,6102,6371,7828,269,1726
2690,36,48,7331,7724,7831,393,500
2691,37,48,7334,7727,7834,393,500
2245,39,48,6119,6389,7837,270,1718
2696,42,48,7348,7742,7840,394,492
2697,43,48,7351,7745,7843,394,492
2251,45,48,6135,6407,7846,272,1711
2702,48,48,7364,7760,7849,396,485
2703,49,48,7367,7763,7852,396,485
2257,51,48,6151,6425,7855,274,1704
2719,1,48,7411,7811,7858,400,447
1531,29,48,4171,4247,7861,76,3690
2163,21,48,5895,6143,7864,248,1969
1589,23,48,4329,4421,7867,92,3538
1592,26,48,4337,4430,7870,93,3533
2169,27,48,5911,6161,7873,250,1962
2209,3,48,6020,6281,7876,261,1856
2724,6,48,7425,7826,7879,401,454
2725,7,48,7427,7829,7882,402,455
2215,9,48,6037,6299,7885,262,1848
2730,12,48,7441,7844,7888,403,447
2731,13,48,7444,7847,7891,403,447
2221,15,48,6053,6317,7894,264,1841
2736,18,48,7457,7862,7897,405,440
2737,19,48,7460,7865,7900,405,440
1790,32,48,4878,5024,7903,146,3025
2240,34,48,6105,6374,7906,269,1801
1793,35,48,4886,5033,7909,147,3023
1796,38,48,4894,5042,7912,148,3018
2246,40,48,6121,6392,7915,271,1794
1799,41,48,4902,5051,7918,149,3016
1802,44,48,4910,5060,7921,150,3011
2252,46,48,6138,6410,7924,272,1786
1805,47,48,4918,5069,7927,151,3009
1808,50,48,4927,5078,7930,151,3003
2258,52,48,6154,6428,7933,274,1779
1747,53,48,4760,4895,7936,135,3176
1750,56,48,4768,4904,7939,136,3171
2263,57,48,6168,6443,7942,275,1774
1753,59,48,4776,4913,7945,137,3169
1756,62,48,4784,4922,7948,138,3164
2269,63,48,6184,6461,7951,277,1767
2720,2,48,7414,7814,7954,400,540
2164,22,48,5897,6146,7957,249,2060
2742,24,48,7474,7880,7960,406,486
2743,25,48,7476,7883,7963,407,487
2170,28,48,5914,6164,7966,250,2052
2748,30,48,7490,7898,7969,408,479
2210,4,48,6023,6284,7972,261,1949
1699,5,48,4629,4751,7975,122,3346
1702,8,48,4637,4760,7978,123,3341
2216,10,48,6040,6302,7981,262,1941
1705,11,48,4645,4769,7984,124,3339
1708,14,48,4653,4778,7987,125,3334
2222,16,48,6056,6320,7990,264,1934
1711,17,48,4662,4787,7993,125,3331
1714,20,48,4670,4796,7996,126,3326
2772,54,48,7556,7970,7999,414,443
2773,55,48,7558,7973,8002,415,444
2264,58,48,6170,6446,8005,276,1835
2778,60,48,7572,7988,8008,416,436
2779,61,48,7575,7991,8011,416,436
2270,64,48,6187,6464,8014,277,1827
2749,31,48,7493,7901,8017,408,524
2303,33,48,6276,6563,8020,287,1744
2754,36,48,7506,7916,8023,410,517
2755,37,48,7509,7919,8026,410,517
2309,39,48,6293,6581,8029,288,1736
2760,42,48,7523,7934,8032,411,509
2761,43,48,7526,7937,8035,411,509
2315,45,48,6309,6599,8038,290,1729
2766,48,48,7539,7952,8041,413,502
2767,49,48,7542,7955,8044,413,502
2321,51,48,6325,6617,8047,292,1722
2783,1,48,7585,8003,8050,418,465
1595,29,48,4345,4439,8053,94,3708
2227,21,48,6070,6335,8056,265,1986
1653,23,48,4504,4613,8059,109,3555
1656,26,48,4512,4622,8062,110,3550
2233,27,48,6086,6353,8065,267,1979
2273,3,48,6194,6473,8068,279,1874
2788,6,48,7599,8018,8071,419,472
2789,7,48,7601,8021,8074,420,473
2279,9,48,6211,6491,8077,280,1866
2794,12,48,7615,8036,8080,421,465
2795,13,48,7618,8039,8083,421,465
2285,15,48,6227,6509,8086,282,1859
2800,18,48,7631,8054,8089,423,458
2801,19,48,7634,8057,8092,423,458
1854,32,48,5052,5216,8095,164,3043
2304,34,48,6279,6566,8098,287,1819
1857,35,48,5060,5225,8101,165,3041
1860,38,48,5068,5234,8104,166,3036
2310,40,48,6295,6584,8107,289,1812
1863,41,48,5076,5243,8110,167,3034
1866,44,48,5084,5252,8113,168,3029
2316,46,48,6312,6602,8116,290,1804
1869,47,48,5092,5261,8119,169,3027
1872,50,48,5101,5270,8122,169,3021
2322,52,48,6328,6620,8125,292,1797
1811,53,48,4935,5087,8128,152,3193
1814,56,48,4943,5096,8131,153,3188
2327,57,48,6342,6635,8134,293,1792
1817,59,48,4951,5105,8137,154,3186
1820,62,48,4959,5114,8140,155,3181
2333,63,48,6358,6653,8143,295,1785
2784,2,48,7588,8006,8146,418,558
2228,22,48,6072,6338,8149,266,2077
2806,24,48,7648,8072,8152,424,504
2807,25,48,7650,8075,8155,425,505
2234,28,48,6089,6356,8158,267,2069
2812,30,48,7664,8090,8161,426,497
2274,4,48,6197,6476,8164,279,1967
1763,5,48,4804,4943,8167,139,3363
1766,8,48,4812,4952,8170,140,3358
2280,10,48,6214,6494,8173,280,1959
1769,11,48,4820,4961,8176,141,3356
1772,14,48,4828,4970,8179,142,3351
2286,16,48,6230,6512,8182,282,1952
1775,17,48,4837,4979,8185,142,3348
1778,20,48,4845,4988,8188,143,3343
2836,54,48,7730,8162,8191,432,461
2837,55,48,7732,8165,8194,433,462
2328,58,48,6344,6638,8197,294,1853
2842,60,48,7746,8180,8200,434,454
2843,61,48,7749,8183,8203,434,454
2334,64,48,6361,6656,8206,295,1845
2813,31,48,7667,8093,8209,426,542
2367,33,48,6451,6755,8212,304,1761
2818,36,48,7680,8108,8215,428,535
2819,37,48,7683,8111,8218,428,535
2373,39,48,6468,6773,8221,305,1753
2824,42,48,7697,8126,8224,429,527
2825,43,48,7700,8129,8227,429,527
2379,45,48,6484,6791,8230,307,1746
2830,48,48,7713,8144,8233,431,520
2831,49,48,7716,8147,8236,431,520
2385,51,48,6500,6809,8239,309,1739
2847,1,48,7760,8195,8242,435,482
1659,29,48,4520,4631,8245,111,3725
2291,21,48,6244,6527,8248,283,2004
1717,23,48,4678,4805,8251,127,3573
1720,26,48,4686,4814,8254,128,3568
2297,27,48,6260,6545,8257,285,1997
2337,3,48,6369,6665,8260,296,1891
2852,6,48,7774,8210,8263,436,489
2853,7,48,7776,8213,8266,437,490
2343,9,48,6386,6683,8269,297,1883
2858,12,48,7790,8228,8272,438,482
2859,13,48,7793,8231,8275,438,482
2349,15,48,6402,6701,8278,299,1876
2864,18,48,7806,8246,8281,440,475
2865,19,48,7809,8249,8284,440,475
1918,32,48,5227,5408,8287,181,3060
2368,34,48,6454,6758,8290,304,1836
1921,35,48,5235,5417,8293,182,3058
1924,38,48,5243,5426,8296,183,3053
2374,40,48,6470,6776,8299,306,1829
1927,41,48,5251,5435,8302,184,3051
1930,44,48,5259,5444,8305,185,3046
2380,46,48,6487,6794,8308,307,1821
1933,47,48,5267,5453,8311,186,3044
1936,50,48,5276,5462,8314,186,3038
2386,52,48,6503,6812,8317,309,1814
1875,53,48,5109,5279,8320,170,3211
1878,56,48,5117,5288,8323,171,3206
2391,57,48,6517,6827,8326,310,1809
1881,59,48,5125,5297,8329,172,3204
1884,62,48,5133,5306,8332,173,3199
2397,63,48,6533,6845,8335,312,1802
2848,2,48,7763,8198,8338,435,575
2292,22,48,6246,6530,8341,284,2095
2870,24,48,7823,8264,8344,441,521
2871,25,48,7825,8267,8347,442,522
2298,28,48,6263,6548,8350,285,2087
2876,30,48,7839,8282,8353,443,514
2338,4,48,6372,6668,8356,296,1984
1827,5,48,4978,5135,8359,157,3381
1830,8,48,4986,5144,8362,158,3376
2344,10,48,6389,6686,8365,297,1976
1833,11,48,4994,5153,8368,159,3374
1836,14,48,5002,5162,8371,160,3369
2350,16,48,6405,6704,8374,299,1969
1839,17,48,5011,5171,8377,160,3366
1842,20,48,5019,5180,8380,161,3361
2900,54,48,7905,8354,8383,449,478
2901,55,48,7907,8357,8386,450,479
2392,58,48,6519,6830,8389,311,1870
2906,60,48,7921,8372,8392,451,471
2907,61,48,7924,8375,8395,451,471
2398,64,48,6536,6848,8398,312,1862
2877,31,48,7842,8285,8401,443,559
2431,33,48,6625,6947,8404,322,1779
2882,36,48,7855,8300,8407,445,552
2883,37,48,7858,8303,8410,445,552
2437,39,48,6642,6965,8413,323,1771
2888,42,48,7872,8318,8416,446,544
2889,43,48,7875,8321,8419,446,544
2443,45,48,6658,6983,8422,325,1764
2894,48,48,7888,8336,8425,448,537
2895,49,48,7891,8339,8428,448,537
2449,51,48,6674,7001,8431,327,1757
2911,1,48,7935,8387,8434,452,499
1723,29,48,4694,4823,8437,129,3743
2355,21,48,6419,6719,8440,300,2021
1781,23,48,4853,4997,8443,144,3590
1784,26,48,4861,5006,8446,145,3585
2361,27,48,6435,6737,8449,302,2014
2401,3,48,6543,6857,8452,314,1909
2916,6,48,7949,8402,8455,453,506
2917,7,48,7951,8405,8458,454,507
2407,9,48,6560,6875,8461,315,1901
2922,12,48,7965,8420,8464,455,499
2923,13,48,7968,8423,8467,455,499
2413,15,48,6576,6893,8470,317,1894
2928,18,48,7981,8438,8473,457,492
2929,19,48,7984,8441,8476,457,492
1982,32,48,5401,5600,8479,199,3078
2432,34,48,6628,6950,8482,322,1854
1985,35,48,5409,5609,8485,200,3076
1988,38,48,5417,5618,8488,201,3071
2438,40,48,6644,6968,8491,324,1847
1991,41,48,5425,5627,8494,202,3069
1994,44,48,5433,5636,8497,203,3064
2444,46,48,6661,6986,8500,325,1839
1997,47,48,5441,5645,8503,204,3062
2000,50,48,5450,5654,8506,204,3056
2450,52,48,6677,7004,8509,327,1832
1939,53,48,5284,5471,8512,187,3228
1942,56,48,5292,5480,8515,188,3223
2455,57,48,6691,7019,8518,328,1827
1945,59,48,5300,5489,8521,189,3221
1948,62,48,5308,5498,8524,190,3216
2461,63,48,6707,7037,8527,330,1820
2912,2,48,7938,8390,8530,452,592
2356,22,48,6421,6722,8533,301,2112
2934,24,48,7998,8456,8536,458,538
2935,25,48,8000,8459,8539,459,539
2362,28,48,6438,6740,8542,302,2104
2940,30,48,8014,8474,8545,460,531
2402,4,48,6546,6860,8548,314,2002
1891,5,48,5153,5327,8551,174,3398
1894,8,48,5161,5336,8554,175,3393
2408,10,48,6563,6878,8557,315,1994
1897,11,48,5169,5345,8560,176,3391
1900,14,48,5177,5354,8563,177,3386
2414,16,48,6579,6896,8566,317,1987
1903,17,48,5186,5363,8569,177,3383
1906,20,48,5194,5372,8572,178,3378
2964,54,48,8080,8546,8575,466,495
2965,55,48,8082,8549,8578,467,496
2456,58,48,6693,7022,8581,329,1888
2970,60,48,8096,8564,8584,468,488
2971,61,48,8099,8567,8587,468,488
2462,64,48,6710,7040,8590,330,1880
2941,31,48,8017,8477,8593,460,576
2495,33,48,6800,7139,8596,339,1796
2946,36,48,8030,8492,8599,462,569
2947,37,48,8033,8495,8602,462,569
2501,39,48,6817,7157,8605,340,1788
2952,42,48,8047,8510,8608,463,561
2953,43,48,8050,8513,8611,463,561
2507,45,48,6833,7175,8614,342,1781
2958,48,48,8063,8528,8617,465,554
2959,49,48,8066,8531,8620,465,554
2513,51,48,6849,7193,8623,344,1774
2975,1,48,8109,8579,8626,470,517
1787,29,48,4869,5015,8629,146,3760
2419,21,48,6593,6911,8632,318,2039
1845,23,48,5027,5189,8635,162,3608
1848,26,48,5035,5198,8638,163,3603
2425,27,48,6609,6929,8641,320,2032
2465,3,48,6718,7049,8644,331,1926
2980,6,48,8123,8594,8647,471,524
2981,7,48,8125,8597,8650,472,525
2471,9,48,6735,7067,8653,332,1918
2986,12,48,8139,8612,8656,473,517
2987,13,48,8142,8615,8659,473,517
2477,15,48,6751,7085,8662,334,1911
2992,18,48,8155,8630,8665,475,510
2993,19,48,8158,8633,8668,475,510
2046,32,48,5576,5792,8671,216,3095
2496,34,48,6803,7142,8674,339,1871
2049,35,48,5584,5801,8677,217,3093
2052,38,48,5592,5810,8680,218,3088
2502,40,48,6819,7160,8683,341,1864
2055,41,48,5600,5819,8686,219,3086
2058,44,48,5608,5828,8689,220,3081
2508,46,48,6836,7178,8692,342,1856
2061,47,48,5616,5837,8695,221,3079
2064,50,48,5625,5846,8698,221,3073
2514,52,48,6852,7196,8701,344,1849
2003,53,48,5458,5663,8704,205,3246
2006,56,48,5466,5672,8707,206,3241
2519,57,48,6866,7211,8710,345,1844
2009,59,48,5474,5681,8713,207,3239
2012,62,48,5482,5690,8716,208,3234
2525,63,48,6882,7229,8719,347,1837
2976,2,48,8112,8582,8722,470,610
2420,22,48,6595,6914,8725,319,2130
2998,24,48,8172,8648,8728,476,556
2999,25,48,8174,8651,8731,477,557
2426,28,48,6612,6932,8734,320,2122
3004,30,48,8188,8666,8737,478,549
2466,4,48,6721,7052,8740,331,2019
1955,5,48,5327,5519,8743,192,3416
1958,8,48,5335,5528,8746,193,3411
2472,10,48,6738,7070,8749,332,2011
1961,11,48,5343,5537,8752,194,3409
1964,14,48,5351,5546,8755,195,3404
2478,16,48,6754,7088,8758,334,2004
1967,17,48,5360,5555,8761,195,3401
1970,20,48,5368,5564,8764,196,3396
3028,54,48,8254,8738,8767,484,513
3029,55,48,8256,8741,8770,485,514
2520,58,48,6868,7214,8773,346,1905
3034,60,48,8270,8756,8776,486,506
3035,61,48,8273,8759,8779,486,506
2526,64,48,6885,7232,8782,347,1897
3005,31,48,8191,8669,8785,478,594
2559,33,48,6974,7331,8788,357,1814
3010,36,48,8204,8684,8791,480,587
3011,37,48,8207,8687,8794,480,587
2565,39,48,6991,7349,8797,358,1806
3016,42,48,8221,8702,8800,481,579
3017,43,48,8224,8705,8803,481,579
2571,45,48,7007,7367,8806,360,1799
3022,48,48,8237,8720,8809,483,572
3023,49,48,8240,8723,8812,483,572
2577,51,48,7023,7385,8815,362,1792
3039,1,48,8284,8771,8818,487,534
1851,29,48,5043,5207,8821,164,3778
2483,21,48,6768,7103,8824,335,2056
1909,23,48,5202,5381,8827,179,3625
1912,26,48,5210,5390,8830,180,3620
2489,27,48,6784,7121,8833,337,2049
2529,3,48,6892,7241,8836,349,1944
3044,6,48,8298,8786,8839,488,541
3045,7,48,8300,8789,8842,489,542
2535,9,48,6909,7259,8845,350,1936
3050,12,48,8314,8804,8848,490,534
3051,13,48,8317,8807,8851,490,534
2541,15,48,6925,7277,8854,352,1929
3056,18,48,8330,8822,8857,492,527
3057,19,48,8333,8825,8860,492,527
2110,32,48,5750,5984,8863,234,3113
2560,34,48,6977,7334,8866,357,1889
2113,35,48,5758,5993,8869,235,3111
2116,38,48,5766,6002,8872,236,3106
2566,40,48,6993,7352,8875,359,1882
2119,41,48,5774,6011,8878,237,3104
2122,44,48,5782,6020,8881,238,3099
2572,46,48,7010,7370,8884,360,1874
2125,47,48,5790,6029,8887,239,3097
2128,50,48,5799,6038,8890,239,3091
2578,52,48,7026,7388,8893,362,1867
2067,53,48,5633,5855,8896,222,3263
2070,56,48,5641,5864,8899,223,3258
2583,57,48,7040,7403,8902,363,1862
2073,59,48,5649,5873,8905,224,3256
2076,62,48,5657,5882,8908,225,3251
2589,63,48,7056,7421,8911,365,1855
3040,2,48,8287,8774,8914,487,627
2484,22,48,6770,7106,8917,336,2147
3062,24,48,8347,8840,8920,493,573
3063,25,48,8349,8843,8923,494,574
2490,28,48,6787,7124,8926,337,2139
3068,30,48,8363,8858,8929,495,566
2530,4,48,6895,7244,8932,349,2037
2019,5,48,5502,5711,8935,209,3433
2022,8,48,5510,5720,8938,210,3428
2536,10,48,6912,7262,8941,350,2029
2025,11,48,5518,5729,8944,211,3426
2028,14,48,5526,5738,8947,212,3421
2542,16,48,6928,7280,8950,352,2022
2031,17,48,5535,5747,8953,212,3418
2034,20,48,5543,5756,8956,213,3413
3092,54,48,8429,8930,8959,501,530
3093,55,48,8431,8933,8962,502,531
2584,58,48,7042,7406,8965,364,1923
3098,60,48,8445,8948,8968,503,523
3099,61,48,8448,8951,8971,503,523
2590,64,48,7059,7424,8974,365,1915
3069,31,48,8366,8861,8977,495,611
2623,33,48,7149,7523,8980,374,1831
3074,36,48,8379,8876,8983,497,604
3075,37,48,8382,8879,8986,497,604
2629,39,48,7166,7541,8989,375,1823
3080,42,48,8396,8894,8992,498,596
3081,43,48,8399,8897,8995,498,596
2635,45,48,7182,7559,8998,377,1816
3086,48,48,8412,8912,9001,500,589
3087,49,48,8415,8915,9004,500,589
2641,51,48,7198,7577,9007,379,1809
3103,1,48,8458,8963,9010,505,552
1915,29,48,5218,5399,9013,181,3795
2547,21,48,6942,7295,9016,353,2074
1973,23,48,5376,5573,9019,197,3643
1976,26,48,5384,5582,9022,198,3638
2553,27,48,6958,7313,9025,355,2067
2593,3,48,7067,7433,9028,366,1961
3108,6,48,8472,8978,9031,506,559
3109,7,48,8474,8981,9034,507,560
2599,9,48,7084,7451,9037,367,1953
3114,12,48,8488,8996,9040,508,552
3115,13,48,8491,8999,9043,508,552
2605,15,48,7100,7469,9046,369,1946
3120,18,48,8504,9014,9049,510,545
3121,19,48,8507,9017,9052,510,545
2174,32,48,5925,6176,9055,251,3130
2624,34,48,7152,7526,9058,374,1906
2177,35,48,5933,6185,9061,252,3128
2180,38,48,5941,6194,9064,253,3123
2630,40,48,7168,7544,9067,376,1899
2183,41,48,5949,6203,9070,254,3121
2186,44,48,5957,6212,9073,255,3116
2636,46,48,7185,7562,9076,377,1891
2189,47,48,5965,6221,9079,256,3114
2192,50,48,5974,6230,9082,256,3108
2642,52,48,7201,7580,9085,379,1884
2131,53,48,5807,6047,9088,240,3281
2134,56,48,5815,6056,9091,241,3276
2647,57,48,7215,7595,9094,380,1879
2137,59,48,5823,6065,9097,242,3274
2140,62,48,5831,6074,9100,243,3269
2653,63,48,7231,7613,9103,382,1872
3104,2,48,8461,8966,9106,505,645
2548,22,48,6944,7298,9109,354,2165
3126,24,48,8521,9032,9112,511,591
3127,25,48,8523,9035,9115,512,592
2554,28,48,6961,7316,9118,355,2157
3132,30,48,8537,9050,9121,513,584
2594,4,48,7070,7436,9124,366,2054
2083,5,48,5676,5903,9127,227,3451
2086,8,48,5684,5912,9130,228,3446
2600,10,48,7087,7454,9133,367,2046
2089,11,48,5692,5921,9136,229,3444
2092,14,48,5700,5930,9139,230,3439
2606,16,48,7103,7472,9142,369,2039
2095,17,48,5709,5939,9145,230,3436
2098,20,48,5717,5948,9148,231,3431
3156,54,48,8603,9122,9151,519,548
3157,55,48,8605,9125,9154,520,549
2648,58,48,7217,7598,9157,381,1940
3162,60,48,8619,9140,9160,521,541
3163,61,48,8622,9143,9163,521,541
2654,64,48,7234,7616,9166,382,1932
3133,31,48,8540,9053,9169,513,629
2687,33,48,7323,7715,9172,392,1849
3138,36,48,8553,9068,9175,515,622
3139,37,48,8556,9071,9178,515,622
2693,39,48,7340,7733,9181,393,1841
3144,42,48,8570,9086,9184,516,614
3145,43,48,8573,9089,9187,516,614
2699,45,48,7356,7751,9190,395,1834
3150,48,48,8586,9104,9193,518,607
3151,49,48,8589,9107,9196,518,607
2705,51,48,7372,7769,9199,397,1827
3167,1,48,8633,9155,9202,522,569
1979,29,48,5392,5591,9205,199,3813
2611,21,48,7117,7487,9208,370,2091
2037,23,48,5551,5765,9211,214,3660
2040,26,48,5559,5774,9214,215,3655
2617,27,48,7133,7505,9217,372,2084
2657,3,48,7241,7625,9220,384,1979
3172,6,48,8647,9170,9223,523,576
3173,7,48,8649,9173,9226,524,577
2663,9,48,7258,7643,9229,385,1971
3178,12,48,8663,9188,9232,525,569
3179,13,48,8666,9191,9235,525,569
2669,15,48,7274,7661,9238,387,1964
3184,18,48,8679,9206,9241,527,562
3185,19,48,8682,9209,9244,527,562
2238,32,48,6100,6368,9247,268,3147
2688,34,48,7326,7718,9250,392,1924
2241,35,48,6108,6377,9253,269,3145
2244,38,48,6116,6386,9256,270,3140
2694,40,48,7342,7736,9259,394,1917
2247,41,48,6124,6395,9262,271,3138
2250,44,48,6132,6404,9265,272,3133
2700,46,48,7359,7754,9268,395,1909
2253,47,48,6140,6413,9271,273,3131
2256,50,48,6149,6422,9274,273,3125
2706,52,48,7375,7772,9277,397,1902
2195,53,48,5982,6239,9280,257,3298
2198,56,48,5990,6248,9283,258,3293
2711,57,48,7389,7787,9286,398,1897
2201,59,48,5998,6257,9289,259,3291
2204,62,48,6006,6266,9292,260,3286
2717,63,48,7405,7805,9295,400,1890
3168,2,48,8636,9158,9298,522,662
2612,22,48,7119,7490,9301,371,2182
3190,24,48,8696,9224,9304,528,608
3191,25,48,8698,9227,9307,529,609
2618,28,48,7136,7508,9310,372,2174
3196,30,48,8712,9242,9313,530,601
2658,4,48,7244,7628,9316,384,2072
2147,5,48,5851,6095,9319,244,3468
2150,8,48,5859,6104,9322,245,3463
2664,10,48,7261,7646,9325,385,2064
2153,11,48,5867,6113,9328,246,3461
2156,14,48,5875,6122,9331,247,3456
2670,16,48,7277,7664,9334,387,2057
2159,17,48,5884,6131,9337,247,3453
2162,20,48,5892,6140,9340,248,3448
3220,54,48,8778,9314,9343,536,565
3221,55,48,8780,9317,9346,537,566
2712,58,48,7391,7790,9349,399,1958
3226,60,48,8794,9332,9352,538,558
3227,61,48,8797,9335,9355,538,558
2718,64,48,7408,7808,9358,400,1950
3197,31,48,8715,9245,9361,530,646
2751,33,48,7498,7907,9364,409,1866
3202,36,48,8728,9260,9367,532,639
3203,37,48,8731,9263,9370,532,639
2757,39,48,7515,7925,9373,410,1858
3208,42,48,8745,9278,9376,533,631
3209,43,48,8748,9281,9379,533,631
2763,45,48,7531,7943,9382,412,1851
3214,48,48,8761,9296,9385,535,624
3215,49,48,8764,9299,9388,535,624
2769,51,48,7547,7961,9391,414,1844
3231,1,48,8807,9347,9394,540,587
2043,29,48,5567,5783,9397,216,3830
2675,21,48,7291,7679,9400,388,2109
2101,23,48,5725,5957,9403,232,3678
2104,26,48,5733,5966,9406,233,3673
2681,27,48,7307,7697,9409,390,2102
2721,3,48,7416,7817,9412,401,1996
3236,6,48,8821,9362,9415,541,594
3237,7,48,8823,9365,9418,542,595
2727,9,48,7433,7835,9421,402,1988
3242,12,48,8837,9380,9424,543,587
3243,13,48,8840,9383,9427,543,587
2733,15,48,7449,7853,9430,404,1981
3248,18,48,8853,9398,9433,545,580
3249,19,48,8856,9401,9436,545,580
2302,32,48,6274,6560,9439,286,3165
2752,34,48,7501,7910,9442,409,1941
2305,35,48,6282,6569,9445,287,3163
2308,38,48,6290,6578,9448,288,3158
2758,40,48,7517,7928,9451,411,1934
2311,41,48,6298,6587,9454,289,3156
2314,44,48,6306,6596,9457,290,3151
2764,46,48,7534,7946,9460,412,1926
2317,47,48,6314,6605,9463,291,3149
2320,50,48,6323,6614,9466,291,3143
2770,52,48,7550,7964,9469,414,1919
2259,53,48,6157,6431,9472,274,3315
2262,56,48,6165,6440,9475,275,3310
2775,57,48,7564,7979,9478,415,1914
2265,59,48,6173,6449,9481,276,3308
2268,62,48,6181,6458,9484,277,3303
2781,63,48,7580,7997,9487,417,1907
3232,2,48,8810,9350,9490,540,680
2676,22,48,7293,7682,9493,389,2200
3254,24,48,8870,9416,9496,546,626
3255,25,48,8872,9419,9499,547,627
2682,28,48,7310,7700,9502,390,2192
3260,30,48,8886,9434,9505,548,619
2722,4,48,7419,7820,9508,401,2089
2211,5,48,6026,6287,9511,261,3485
2214,8,48,6034,6296,9514,262,3480
2728,10,48,7436,7838,9517,402,2081
2217,11,48,6042,6305,9520,263,3478
2220,14,48,6050,6314,9523,264,3473
2734,16,48,7452,7856,9526,404,2074
2223,17,48,6059,6323,9529,264,3470
2226,20,48,6067,6332,9532,265,3465
3284,54,48,8952,9506,9535,554,583
3285,55,48,8954,9509,9538,555,584
2776,58,48,7566,7982,9541,416,1975
3290,60,48,8968,9524,9544,556,576
3291,61,48,8971,9527,9547,556,576
2782,64,48,7583,8000,9550,417,1967
3261,31,48,8889,9437,9553,548,664
2815,33,48,7672,8099,9556,427,1884
3266,36,48,8902,9452,9559,550,657
3267,37,48,8905,9455,9562,550,657
2821,39,48,7689,8117,9565,428,1876
3272,42,48,8919,9470,9568,551,649
3273,43,48,8922,9473,9571,551,649
2827,45,48,7705,8135,9574,430,1869
3278,48,48,8935,9488,9577,553,642
3279,49,48,8938,9491,9580,553,642
2833,51,48,7721,8153,9583,432,1862
3295,1,48,8982,9539,9586,557,604
2107,29,48,5741,5975,9589,234,3848
2739,21,48,7466,7871,9592,405,2126
2165,23,48,5900,6149,9595,249,3695
2168,26,48,5908,6158,9598,250,3690
2745,27,48,7482,7889,9601,407,2119
2785,3,48,7590,8009,9604,419,2014
3300,6,48,8996,9554,9607,558,611
3301,7,48,8998,9557,9610,559,612
2791,9,48,7607,8027,9613,420,2006
3306,12,48,9012,9572,9616,560,604
3307,13,48,9015,9575,9619,560,604
2797,15,48,7623,8045,9622,422,1999
3312,18,48,9028,9590,9625,562,597
3313,19,48,9031,9593,9628,562,597
2366,32,48,6449,6752,9631,303,3182
2816,34,48,7675,8102,9634,427,1959
2369,35,48,6457,6761,9637,304,3180
2372,38,48,6465,6770,9640,305,3175
2822,40,48,7691,8120,9643,429,1952
2375,41,48,6473,6779,9646,306,3173
2378,44,48,6481,6788,9649,307,3168
2828,46,48,7708,8138,9652,430,1944
2381,47,48,6489,6797,9655,308,3166
2384,50,48,6498,6806,9658,308,3160
2834,52,48,7724,8156,9661,432,1937
2323,53,48,6331,6623,9664,292,3333
2326,56,48,6339,6632,9667,293,3328
2839,57,48,7738,8171,9670,433,1932
2329,59,48,6347,6641,9673,294,3326
2332,62,48,6355,6650,9676,295,3321
2845,63,48,7754,8189,9679,435,1925
3296,2,48,8985,9542,9682,557,697
2740,22,48,7468,7874,9685,406,2217
3318,24,48,9045,9608,9688,563,643
3319,25,48,9047,9611,9691,564,644
2746,28,48,7485,7892,9694,407,2209
3324,30,48,9061,9626,9697,565,636
2786,4,48,7593,8012,9700,419,2107
2275,5,48,6200,6479,9703,279,3503
2278,8,48,6208,6488,9706,280,3498
2792,10,48,7610,8030,9709,420,2099
2281,11,48,6216,6497,9712,281,3496
2284,14,48,6224,6506,9715,282,3491
2798,16,48,7626,8048,9718,422,2092
2287,17,48,6233,6515,9721,282,3488
2290,20,48,6241,6524,9724,283,3483
3348,54,48,9127,9698,9727,571,600
3349,55,48,9129,9701,9730,572,601
2840,58,48,7740,8174,9733,434,1993
3354,60,48,9143,9716,9736,573,593
3355,61,48,9146,9719,9739,573,593
2846,64,48,7757,8192,9742,435,1985
3325,31,48,9064,9629,9745,565,681
2879,33,48,7847,8291,9748,444,1901
3330,36,48,9077,9644,9751,567,674
3331,37,48,9080,9647,9754,567,674
2885,39,48,7864,8309,9757,445,1893
3336,42,48,9094,9662,9760,568,666
3337,43,48,9097,9665,9763,568,666
2891,45,48,7880,8327,9766,447,1886
3342,48,48,9110,9680,9769,570,659
3343,49,48,9113,9683,9772,570,659
2897,51,48,7896,8345,9775,449,1879
3359,1,48,9156,9731,9778,575,622
2171,29,48,5916,6167,9781,251,3865
2803,21,48,7640,8063,9784,423,2144
2229,23,48,6075,6341,9787,266,3712
2232,26,48,6083,6350,9790,267,3707
2809,27,48,7656,8081,9793,425,2137
2849,3,48,7765,8201,9796,436,2031
3364,6,48,9170,9746,9799,576,629
3365,7,48,9172,9749,9802,577,630
2855,9,48,7782,8219,9805,437,2023
3370,12,48,9186,9764,9808,578,622
3371,13,48,9189,9767,9811,578,622
2861,15,48,7798,8237,9814,439,2016
3376,18,48,9202,9782,9817,580,615
3377,19,48,9205,9785,9820,580,615
2430,32,48,6623,6944,9823,321,3200
2880,34,48,7850,8294,9826,444,1976
2433,35,48,6631,6953,9829,322,3198
2436,38,48,6639,6962,9832,323,3193
2886,40,48,7866,8312,9835,446,1969
2439,41,48,6647,6971,9838,324,3191
2442,44,48,6655,6980,9841,325,3186
2892,46,48,7883,8330,9844,447,1961
2445,47,48,6663,6989,9847,326,3184
2448,50,48,6672,6998,9850,326,3178
2898,52,48,7899,8348,9853,449,1954
2387,53,48,6506,6815,9856,309,3350
2390,56,48,6514,6824,9859,310,3345
2903,57,48,7913,8363,9862,450,1949
2393,59,48,6522,6833,9865,311,3343
2396,62,48,6530,6842,9868,312,3338
2909,63,48,7929,8381,9871,452,1942
3360,2,48,9159,9734,9874,575,715
2804,22,48,7642,8066,9877,424,2235
3382,24,48,9219,9800,9880,581,661
3383,25,48,9221,9803,9883,582,662
2810,28,48,7659,8084,9886,425,2227
3388,30,48,9235,9818,9889,583,654
2850,4,48,7768,8204,9892,436,2124
2339,5,48,6375,6671,9895,296,3520
2342,8,48,6383,6680,9898,297,3515
2856,10,48,7785,8222,9901,437,2116
2345,11,48,6391,6689,9904,298,3513
2348,14,48,6399,6698,9907,299,3508
2862,16,48,7801,8240,9910,439,2109
2351,17,48,6408,6707,9913,299,3505
2354,20,48,6416,6716,9916,300,3500
3412,54,48,9301,9890,9919,589,618
3413,55,48,9303,9893,9922,590,619
2904,58,48,7915,8366,9925,451,2010
3418,60,48,9317,9908,9928,591,611
3419,61,48,9320,9911,9931,591,611
2910,64,48,7932,8384,9934,452,2002
3389,31,48,9238,9821,9937,583,699
2943,33,48,8022,8483,9940,461,1918
3394,36,48,9251,9836,9943,585,692
3395,37,48,9254,9839,9946,585,692
2949,39,48,8039,8501,9949,462,1910
3400,42,48,9268,9854,9952,586,684
3401,43,48,9271,9857,9955,586,684
2955,45,48,8055,8519,9958,464,1903
3406,48,48,9284,9872,9961,588,677
3407,49,48,9287,9875,9964,588,677
2961,51,48,8071,8537,9967,466,1896
3423,1,48,9331,9923,9970,592,639
2235,29,48,6091,6359,9973,268,3882
2867,21,48,7815,8255,9976,440,2161
2293,23,48,6249,6533,9979,284,3730
2296,26,48,6257,6542,9982,285,3725
2873,27,48,7831,8273,9985,442,2154
2913,3,48,7940,8393,9988,453,2048
3428,6,48,9345,9938,9991,593,646
3429,7,48,9347,9941,9994,594,647
2919,9,48,7957,8411,9997,454,2040
3434,12,48,9361,9956,10000,595,639
3435,13,48,9364,9959,10003,595,639
2925,15,48,7973,8429,10006,456,2033
3440,18,48,9377,9974,10009,597,632
3441,19,48,9380,9977,10012,597,632
2494,32,48,6798,7136,10015,338,3217
2944,34,48,8025,8486,10018,461,1993
2497,35,48,6806,7145,10021,339,3215
2500,38,48,6814,7154,10024,340,3210
2950,40,48,8041,8504,10027,463,1986
2503,41,48,6822,7163,10030,341,3208
2506,44,48,6830,7172,10033,342,3203
2956,46,48,8058,8522,10036,464,1978
2509,47,48,6838,7181,10039,343,3201
2512,50,48,6847,7190,10042,343,3195
2962,52,48,8074,8540,10045,466,1971
2451,53,48,6680,7007,10048,327,3368
2454,56,48,6688,7016,10051,328,3363
2967,57,48,8088,8555,10054,467,1966
2457,59,48,6696,7025,10057,329,3361
2460,62,48,6704,7034,10060,330,3356
2973,63,48,8104,8573,10063,469,1959
3424,2,48,9334,9926,10066,592,732
2868,22,48,7817,8258,10069,441,2252
3446,24,48,9394,9992,10072,598,678
3447,25,48,9396,9995,10075,599,679
2874,28,48,7834,8276,10078,442,2244
3452,30,48,9410,10010,10081,600,671
2914,4,48,7943,8396,10084,453,2141
2403,5,48,6549,6863,10087,314,3538
2406,8,48,6557,6872,10090,315,3533
2920,10,48,7960,8414,10093,454,2133
2409,11,48,6565,6881,10096,316,3531
2412,14,48,6573,6890,10099,317,3526
2926,16,48,7976,8432,10102,456,2126
2415,17,48,6582,6899,10105,317,3523
2418,20,48,6590,6908,10108,318,3518
3476,54,48,9476,10082,10111,606,635
3477,55,48,9478,10085,10114,607,636
2968,58,48,8090,8558,10117,468,2027
3482,60,48,9492,10100,10120,608,628
3483,61,48,9495,10103,10123,608,628
2974,64,48,8107,8576,10126,469,2019
3453,31,48,9413,10013,10129,600,716
3007,33,48,8196,8675,10132,479,1936
3458,36,48,9426,10028,10135,602,709
3459,37,48,9429,10031,10138,602,709
3013,39,48,8213,8693,10141,480,1928
3464,42,48,9443,10046,10144,603,701
3465,43,48,9446,10049,10147,603,701
3019,45,48,8229,8711,10150,482,1921
3470,48,48,9459,10064,10153,605,694
3471,49,48,9462,10067,10156,605,694
3025,51,48,8245,8729,10159,484,1914
3487,1,48,9505,10115,10162,610,657
2299,29,48,6265,6551,10165,286,3900
2931,21,48,7990,8447,10168,457,2178
2357,23,48,6424,6725,10171,301,3747
2360,26,48,6432,6734,10174,302,3742
2937,27,48,8006,8465,10177,459,2171
2977,3,48,8114,8585,10180,471,2066
3492,6,48,9519,10130,10183,611,664
3493,7,48,9521,10133,10186,612,665
2983,9,48,8131,8603,10189,472,2058
3498,12,48,9535,10148,10192,613,657
3499,13,48,9538,10151,10195,613,657
2989,15,48,8147,8621,10198,474,2051
3504,18,48,9551,10166,10201,615,650
3505,19,48,9554,10169,10204,615,650
2558,32,48,6972,7328,10207,356,3235
3008,34,48,8199,8678,10210,479,2011
2561,35,48,6980,7337,10213,357,3233
2564,38,48,6988,7346,10216,358,3228
3014,40,48,8215,8696,10219,481,2004
2567,41,48,6996,7355,10222,359,3226
2570,44,48,7004,7364,10225,360,3221
3020,46,48,8232,8714,10228,482,1996
2573,47,48,7012,7373,10231,361,3219
2576,50,48,7021,7382,10234,361,3213
3026,52,48,8248,8732,10237,484,1989
2515,53,48,6855,7199,10240,344,3385
2518,56,48,6863,7208,10243,345,3380
3031,57,48,8262,8747,10246,485,1984
2521,59,48,6871,7217,10249,346,3378
2524,62,48,6879,7226,10252,347,3373
3037,63,48,8278,8765,10255,487,1977
3488,2,48,9508,10118,10258,610,750
2932,22,48,7992,8450,10261,458,2269
3510,24,48,9568,10184,10264,616,696
3511,25,48,9570,10187,10267,617,697
2938,28,48,8009,8468,10270,459,2261
3516,30,48,9584,10202,10273,618,689
2978,4,48,8117,8588,10276,471,2159
2467,5,48,6724,7055,10279,331,3555
2470,8,48,6732,7064,10282,332,3550
2984,10,48,8134,8606,10285,472,2151
2473,11,48,6740,7073,10288,333,3548
2476,14,48,6748,7082,10291,334,3543
2990,16,48,8150,8624,10294,474,2144
2479,17,48,6757,7091,10297,334,3540
2482,20,48,6765,7100,10300,335,3535
3540,54,48,9650,10274,10303,624,653
3541,55,48,9652,10277,10306,625,654
3032,58,48,8264,8750,10309,486,2045
3546,60,48,9666,10292,10312,626,646
3547,61,48,9669,10295,10315,626,646
3038,64,48,8281,8768,10318,487,2037
3517,31,48,9587,10205,10321,618,734
3071,33,48,8371,8867,10324,496,1953
3522,36,48,9600,10220,10327,620,727
3523,37,48,9603,10223,10330,620,727
3077,39,48,8388,8885,10333,497,1945
3528,42,48,9617,10238,10336,621,719
3529,43,48,9620,10241,10339,621,719
3083,45,48,8404,8903,10342,499,1938
3534,48,48,9633,10256,10345,623,712
3535,49,48,9636,10259,10348,623,712
3089,51,48,8420,8921,10351,501,1931
3551,1,48,9680,10307,10354,627,674
2363,29,48,6440,6743,10357,303,3917
2995,21,48,8164,8639,10360,475,2196
2421,23,48,6598,6917,10363,319,3765
2424,26,48,6606,6926,10366,320,3760
3001,27,48,8180,8657,10369,477,2189
3041,3,48,8289,8777,10372,488,2083
3556,6,48,9694,10322,10375,628,681
3557,7,48,9696,10325,10378,629,682
3047,9,48,8306,8795,10381,489,2075
3562,12,48,9710,10340,10384,630,674
3563,13,48,9713,10343,10387,630,674
3053,15,48,8322,8813,10390,491,2068
3568,18,48,9726,10358,10393,632,667
3569,19,48,9729,10361,10396,632,667
2622,32,48,7147,7520,10399,373,3252
3072,34,48,8374,8870,10402,496,2028
2625,35,48,7155,7529,10405,374,3250
2628,38,48,7163,7538,10408,375,3245
3078,40,48,8390,8888,10411,498,2021
2631,41,48,7171,7547,10414,376,3243
2634,44,48,7179,7556,10417,377,3238
3084,46,48,8407,8906,10420,499,2013
2637,47,48,7187,7565,10423,378,3236
2640,50,48,7196,7574,10426,378,3230
3090,52,48,8423,8924,10429,501,2006
2579,53,48,7029,7391,10432,362,3403
2582,56,48,7037,7400,10435,363,3398
3095,57,48,8437,8939,10438,502,2001
2585,59,48,7045,7409,10441,364,3396
2588,62,48,7053,7418,10444,365,3391
3101,63,48,8453,8957,10447,504,1994
3552,2,48,9683,10310,10450,627,767
2996,22,48,8166,8642,10453,476,2287
3574,24,48,9743,10376,10456,633,713
3575,25,48,9745,10379,10459,634,714
3002,28,48,8183,8660,10462,477,2279
3580,30,48,9759,10394,10465,635,706
3042,4,48,8292,8780,10468,488,2176
2531,5,48,6898,7247,10471,349,3573
2534,8,48,6906,7256,10474,350,3568
3048,10,48,8309,8798,10477,489,2168
2537,11,48,6914,7265,10480,351,3566
2540,14,48,6922,7274,10483,352,3561
3054,16,48,8325,8816,10486,491,2161
2543,17,48,6931,7283,10489,352,3558
2546,20,48,6939,7292,10492,353,3553
3604,54,48,9825,10466,10495,641,670
3605,55,48,9827,10469,10498,642,671
3096,58,48,8439,8942,10501,503,2062
3610,60,48,9841,10484,10504,643,663
3611,61,48,9844,10487,10507,643,663
3102,64,48,8456,8960,10510,504,2054
3581,31,48,9762,10397,10513,635,751
3135,33,48,8545,9059,10516,514,1971
3586,36,48,9775,10412,10519,637,744
3587,37,48,9778,10415,10522,637,744
3141,39,48,8562,9077,10525,515,1963
3592,42,48,9792,10430,10528,638,736
3593,43,48,9795,10433,10531,638,736
3147,45,48,8578,9095,10534,517,1956
3598,48,48,9808,10448,10537,640,729
3599,49,48,9811,10451,10540,640,729
3153,51,48,8594,9113,10543,519,1949
3615,1,48,9855,10499,10546,644,691
2427,29,48,6614,6935,10549,321,3935
3059,21,48,8339,8831,10552,492,2213
2485,23,48,6773,7109,10555,336,3782
2488,26,48,6781,7118,10558,337,3777
3065,27,48,8355,8849,10561,494,2206
3105,3,48,8463,8969,10564,506,2101
3620,6,48,9869,10514,10567,645,698
3621,7,48,9871,10517,10570,646,699
3111,9,48,8480,8987,10573,507,2093
3626,12,48,9885,10532,10576,647,691
3627,13,48,9888,10535,10579,647,691
3117,15,48,8496,9005,10582,509,2086
3632,18,48,9901,10550,10585,649,684
3633,19,48,9904,10553,10588,649,684
2686,32,48,7321,7712,10591,391,3270
3136,34,48,8548,9062,10594,514,2046
2689,35,48,7329,7721,10597,392,3268
2692,38,48,7337,7730,10600,393,3263
3142,40,48,8564,9080,10603,516,2039
2695,41,48,7345,7739,10606,394,3261
2698,44,48,7353,7748,10609,395,3256
3148,46,48,8581,9098,10612,517,2031
2701,47,48,7361,7757,10615,396,3254
2704,50,48,7370,7766,10618,396,3248
3154,52,48,8597,9116,10621,519,2024
2643,53,48,7204,7583,10624,379,3420
2646,56,48,7212,7592,10627,380,3415
3159,57,48,8611,9131,10630,520,2019
2649,59,48,7220,7601,10633,381,3413
2652,62,48,7228,7610,10636,382,3408
3165,63,48,8627,9149,10639,522,2012
3616,2,48,9858,10502,10642,644,784
3060,22,48,8341,8834,10645,493,2304
3638,24,48,9918,10568,10648,650,730
3639,25,48,9920,10571,10651,651,731
3066,28,48,8358,8852,10654,494,2296
3644,30,48,9934,10586,10657,652,723
3106,4,48,8466,8972,10660,506,2194
2595,5,48,7073,7439,10663,366,3590
2598,8,48,7081,7448,10666,367,3585
3112,10,48,8483,8990,10669,507,2186
2601,11,48,7089,7457,10672,368,3583
2604,14,48,7097,7466,10675,369,3578
3118,16,48,8499,9008,10678,509,2179
2607,17,48,7106,7475,10681,369,3575
2610,20,48,7114,7484,10684,370,3570
2707,53,48,7378,7775,10687,397,3309
2710,56,48,7386,7784,10690,398,3304
3160,58,48,8613,9134,10693,521,2080
2713,59,48,7394,7793,10696,399,3302
2716,62,48,7402,7802,10699,400,3297
3166,64,48,8630,9152,10702,522,2072
3645,31,48,9937,10589,10705,652,768
3199,33,48,8720,9251,10708,531,1988
3650,36,48,9950,10604,10711,654,761
3651,37,48,9953,10607,10714,654,761
3205,39,48,8737,9269,10717,532,1980
3656,42,48,9967,10622,10720,655,753
3657,43,48,9970,10625,10723,655,753
3211,45,48,8753,9287,10726,534,1973
3662,48,48,9983,10640,10729,657,746
3663,49,48,9986,10643,10732,657,746
3217,51,48,8769,9305,10735,536,1966
2491,29,48,6789,7127,10738,338,3949
3123,21,48,8513,9023,10741,510,2228
2549,23,48,6947,7301,10744,354,3797
2552,26,48,6955,7310,10747,355,3792
3129,27,48,8529,9041,10750,512,2221
3169,3,48,8638,9161,10753,523,2115
2659,5,48,7247,7631,10756,384,3509
2662,8,48,7255,7640,10759,385,3504
3175,9,48,8655,9179,10762,524,2107
2665,11,48,7263,7649,10765,386,3502
2668,14,48,7271,7658,10768,387,3497
3181,15,48,8671,9197,10771,526,2100
2671,17,48,7280,7667,10774,387,3494
2674,20,48,7288,7676,10777,388,3489
2750,32,48,7496,7904,10780,408,3284
3200,34,48,8723,9254,10783,531,2060
2753,35,48,7504,7913,10786,409,3282
2756,38,48,7512,7922,10789,410,3277
3206,40,48,8739,9272,10792,533,2053
2759,41,48,7520,7931,10795,411,3275
2762,44,48,7528,7940,10798,412,3270
3212,46,48,8756,9290,10801,534,2045
2765,47,48,7536,7949,10804,413,3268
2768,50,48,7545,7958,10807,413,3262
3218,52,48,8772,9308,10810,536,2038
2771,53,48,7553,7967,10813,414,3260
2774,56,48,7561,7976,10816,415,3255
3223,57,48,8786,9323,10819,537,2033
2777,59,48,7569,7985,10822,416,3253
2780,62,48,7577,7994,10825,417,3248
3229,63,48,8802,9341,10828,539,2026
3124,22,48,8515,9026,10831,511,2316
2613,23,48,7122,7493,10834,371,3712
2616,26,48,7130,7502,10837,372,3707
3130,28,48,8532,9044,10840,512,2308
2555,29,48,6963,7319,10843,356,3880
3170,4,48,8641,9164,10846,523,2205
2723,5,48,7422,7823,10849,401,3427
2726,8,48,7430,7832,10852,402,3422
3176,10,48,8658,9182,10855,524,2197
2729,11,48,7438,7841,10858,403,3420
2732,14,48,7446,7850,10861,404,3415
3182,16,48,8674,9200,10864,526,2190
2735,17,48,7455,7859,10867,404,3412
2738,20,48,7463,7868,10870,405,3407
2835,53,48,7727,8159,10873,432,3146
2838,56,48,7735,8168,10876,433,3141
3224,58,48,8788,9326,10879,538,2091
2841,59,48,7743,8177,10882,434,3139
2844,62,48,7751,8186,10885,435,3134
3230,64,48,8805,9344,10888,539,2083
2814,32,48,7670,8096,10891,426,3221
3263,33,48,8894,9443,10894,549,2000
2817,35,48,7678,8105,10897,427,3219
2820,38,48,7686,8114,10900,428,3214
3269,39,48,8911,9461,10903,550,1992
2823,41,48,7694,8123,10906,429,3212
2826,44,48,7702,8132,10909,430,3207
3275,45,48,8927,9479,10912,552,1985
2829,47,48,7710,8141,10915,431,3205
2832,50,48,7719,8150,10918,431,3199
3281,51,48,8943,9497,10921,554,1978
2619,29,48,7138,7511,10924,373,3786
3187,21,48,8688,9215,10927,527,2239
2677,23,48,7296,7685,10930,389,3634
2680,26,48,7304,7694,10933,390,3629
3193,27,48,8704,9233,10936,529,2232
3233,3,48,8812,9353,10939,541,2127
2787,5,48,7596,8015,10942,419,3346
2790,8,48,7604,8024,10945,420,3341
3239,9,48,8829,9371,10948,542,2119
2793,11,48,7612,8033,10951,421,3339
2796,14,48,7620,8042,10954,422,3334
3245,15,48,8845,9389,10957,544,2112
2799,17,48,7629,8051,10960,422,3331
2802,20,48,7637,8060,10963,423,3326
2878,32,48,7845,8288,10966,443,3121
3264,34,48,8897,9446,10969,549,2072
2881,35,48,7853,8297,10972,444,3119
2884,38,48,7861,8306,10975,445,3114
3270,40,48,8913,9464,10978,551,2065
2887,41,48,7869,8315,10981,446,3112
2890,44,48,7877,8324,10984,447,3107
3276,46,48,8930,9482,10987,552,2057
2893,47,48,7885,8333,10990,448,3105
2896,50,48,7894,8342,10993,448,3099
3282,52,48,8946,9500,10996,554,2050
2899,53,48,7902,8351,10999,449,3097
2902,56,48,7910,8360,11002,450,3092
3287,57,48,8960,9515,11005,555,2045
2905,59,48,7918,8369,11008,451,3090
2908,62,48,7926,8378,11011,452,3085
3293,63,48,8976,9533,11014,557,2038
3188,22,48,8690,9218,11017,528,2327
2741,23,48,7471,7877,11020,406,3549
2744,26,48,7479,7886,11023,407,3544
3194,28,48,8707,9236,11026,529,2319
2683,29,48,7312,7703,11029,391,3717
3234,4,48,8815,9356,11032,541,2217
2851,5,48,7771,8207,11035,436,3264
2854,8,48,7779,8216,11038,437,3259
3240,10,48,8832,9374,11041,542,2209
2857,11,48,7787,8225,11044,438,3257
2860,14,48,7795,8234,11047,439,3252
3246,16,48,8848,9392,11050,544,2202
2863,17,48,7804,8243,11053,439,3249
2866,20,48,7812,8252,11056,440,3244
2963,53,48,8077,8543,11059,466,2982
2966,56,48,8085,8552,11062,467,2977
3288,58,48,8962,9518,11065,556,2103
2969,59,48,8093,8561,11068,468,2975
2972,62,48,8101,8570,11071,469,2970
3294,64,48,8979,9536,11074,557,2095
2942,32,48,8020,8480,11077,460,3057
3327,33,48,9069,9635,11080,566,2011
2945,35,48,8028,8489,11083,461,3055
2948,38,48,8036,8498,11086,462,3050
3333,39,48,9086,9653,11089,567,2003
2951,41,48,8044,8507,11092,463,3048
2954,44,48,8052,8516,11095,464,3043
3339,45,48,9102,9671,11098,569,1996
2957,47,48,8060,8525,11101,465,3041
2960,50,48,8069,8534,11104,465,3035
3345,51,48,9118,9689,11107,571,1989
2747,29,48,7487,7895,11110,408,3623
3251,21,48,8862,9407,11113,545,2251
2805,23,48,7645,8069,11116,424,3471
2808,26,48,7653,8078,11119,425,3466
3257,27,48,8878,9425,11122,547,2244
3297,3,48,8987,9545,11125,558,2138
2915,5,48,7946,8399,11128,453,3182
2918,8,48,7954,8408,11131,454,3177
3303,9,48,9004,9563,11134,559,2130
2921,11,48,7962,8417,11137,455,3175
2924,14,48,7970,8426,11140,456,3170
3309,15,48,9020,9581,11143,561,2123
2927,17,48,7979,8435,11146,456,3167
2930,20,48,7987,8444,11149,457,3162
3006,32,48,8194,8672,11152,478,2958
3328,34,48,9072,9638,11155,566,2083
3009,35,48,8202,8681,11158,479,2956
3012,38,48,8210,8690,11161,480,2951
3334,40,48,9088,9656,11164,568,2076
3015,41,48,8218,8699,11167,481,2949
3018,44,48,8226,8708,11170,482,2944
3340,46,48,9105,9674,11173,569,2068
3021,47,48,8234,8717,11176,483,2942
3024,50,48,8243,8726,11179,483,2936
3346,52,48,9121,9692,11182,571,2061
3027,53,48,8251,8735,11185,484,2934
3030,56,48,8259,8744,11188,485,2929
3351,57,48,9135,9707,11191,572,2056
3033,59,48,8267,8753,11194,486,2927
3036,62,48,8275,8762,11197,487,2922
3357,63,48,9151,9725,11200,574,2049
3252,22,48,8864,9410,11203,546,2339
2869,23,48,7820,8261,11206,441,3386
2872,26,48,7828,8270,11209,442,3381
3258,28,48,8881,9428,11212,547,2331
2811,29,48,7661,8087,11215,426,3554
3298,4,48,8990,9548,11218,558,2228
2979,5,48,8120,8591,11221,471,3101
2982,8,48,8128,8600,11224,472,3096
3304,10,48,9007,9566,11227,559,2220
2985,11,48,8136,8609,11230,473,3094
2988,14,48,8144,8618,11233,474,3089
3310,16,48,9023,9584,11236,561,2213
2991,17,48,8153,8627,11239,474,3086
2994,20,48,8161,8636,11242,475,3081
3091,53,48,8426,8927,11245,501,2819
3094,56,48,8434,8936,11248,502,2814
3352,58,48,9137,9710,11251,573,2114
3097,59,48,8442,8945,11254,503,2812
3100,62,48,8450,8954,11257,504,2807
3358,64,48,9154,9728,11260,574,2106
3070,32,48,8369,8864,11263,495,2894
3391,33,48,9243,9827,11266,584,2023
3073,35,48,8377,8873,11269,496,2892
3076,38,48,8385,8882,11272,497,2887
3397,39,48,9260,9845,11275,585,2015
3079,41,48,8393,8891,11278,498,2885
3082,44,48,8401,8900,11281,499,2880
3403,45,48,9276,9863,11284,587,2008
3085,47,48,8409,8909,11287,500,2878
3088,50,48,8418,8918,11290,500,2872
3409,51,48,9292,9881,11293,589,2001
2875,29,48,7836,8279,11296,443,3460
3315,21,48,9037,9599,11299,562,2262
2933,23,48,7995,8453,11302,458,3307
2936,26,48,8003,8462,11305,459,3302
3321,27,48,9053,9617,11308,564,2255
3361,3,48,9161,9737,11311,576,2150
3043,5,48,8295,8783,11314,488,3019
3046,8,48,8303,8792,11317,489,3014
3367,9,48,9178,9755,11320,577,2142
3049,11,48,8311,8801,11323,490,3012
3052,14,48,8319,8810,11326,491,3007
3373,15,48,9194,9773,11329,579,2135
3055,17,48,8328,8819,11332,491,3004
3058,20,48,8336,8828,11335,492,2999
3134,32,48,8543,9056,11338,513,2795
3392,34,48,9246,9830,11341,584,2095
3137,35,48,8551,9065,11344,514,2793
3140,38,48,8559,9074,11347,515,2788
3398,40,48,9262,9848,11350,586,2088
3143,41,48,8567,9083,11353,516,2786
3146,44,48,8575,9092,11356,517,2781
3404,46,48,9279,9866,11359,587,2080
3149,47,48,8583,9101,11362,518,2779
3152,50,48,8592,9110,11365,518,2773
3410,52,48,9295,9884,11368,589,2073
3155,53,48,8600,9119,11371,519,2771
3158,56,48,8608,9128,11374,520,2766
3415,57,48,9309,9899,11377,590,2068
3161,59,48,8616,9137,11380,521,2764
3164,62,48,8624,9146,11383,522,2759
3421,63,48,9325,9917,11386,592,2061
3316,22,48,9039,9602,11389,563,2350
2997,23,48,8169,8645,11392,476,3223
3000,26,48,8177,8654,11395,477,3218
3322,28,48,9056,9620,11398,564,2342
2939,29,48,8011,8471,11401,460,3390
3362,4,48,9164,9740,11404,576,2240
3107,5,48,8469,8975,11407,506,2938
3110,8,48,8477,8984,11410,507,2933
3368,10,48,9181,9758,11413,577,2232
3113,11,48,8485,8993,11416,508,2931
3116,14,48,8493,9002,11419,509,2926
3374,16,48,9197,9776,11422,579,2225
3119,17,48,8502,9011,11425,509,2923
3122,20,48,8510,9020,11428,510,2918
3219,53,48,8775,9311,11431,536,2656
3222,56,48,8783,9320,11434,537,2651
3416,58,48,9311,9902,11437,591,2126
3225,59,48,8791,9329,11440,538,2649
3228,62,48,8799,9338,11443,539,2644
3422,64,48,9328,9920,11446,592,2118
3198,32,48,8718,9248,11449,530,2731
3455,33,48,9418,10019,11452,601,2034
3201,35,48,8726,9257,11455,531,2729
3204,38,48,8734,9266,11458,532,2724
3461,39,48,9435,10037,11461,602,2026
3207,41,48,8742,9275,11464,533,2722
3210,44,48,8750,9284,11467,534,2717
3467,45,48,9451,10055,11470,604,2019
3213,47,48,8758,9293,11473,535,2715
3216,50,48,8767,9302,11476,535,2709
3473,51,48,9467,10073,11479,606,2012
3003,29,48,8185,8663,11482,478,3297
3379,21,48,9211,9791,11485,580,2274
3061,23,48,8344,8837,11488,493,3144
3064,26,48,8352,8846,11491,494,3139
3385,27,48,9227,9809,11494,582,2267
3425,3,48,9336,9929,11497,593,2161
3171,5,48,8644,9167,11500,523,2856
3174,8,48,8652,9176,11503,524,2851
3431,9,48,9353,9947,11506,594,2153
3177,11,48,8660,9185,11509,525,2849
3180,14,48,8668,9194,11512,526,2844
3437,15,48,9369,9965,11515,596,2146
3183,17,48,8677,9203,11518,526,2841
3186,20,48,8685,9212,11521,527,2836
3262,32,48,8892,9440,11524,548,2632
3456,34,48,9421,10022,11527,601,2106
3265,35,48,8900,9449,11530,549,2630
3268,38,48,8908,9458,11533,550,2625
3462,40,48,9437,10040,11536,603,2099
3271,41,48,8916,9467,11539,551,2623
3274,44,48,8924,9476,11542,552,2618
3468,46,48,9454,10058,11545,604,2091
3277,47,48,8932,9485,11548,553,2616
3280,50,48,8941,9494,11551,553,2610
3474,52,48,9470,10076,11554,606,2084
3283,53,48,8949,9503,11557,554,2608
3286,56,48,8957,9512,11560,555,2603
3479,57,48,9484,10091,11563,607,2079
3289,59,48,8965,9521,11566,556,2601
3292,62,48,8973,9530,11569,557,2596
3485,63,48,9500,10109,11572,609,2072
3380,22,48,9213,9794,11575,581,2362
3125,23,48,8518,9029,11578,511,3060
3128,26,48,8526,9038,11581,512,3055
3386,28,48,9230,9812,11584,582,2354
3067,29,48,8360,8855,11587,495,3227
3426,4,48,9339,9932,11590,593,2251
3235,5,48,8818,9359,11593,541,2775
3238,8,48,8826,9368,11596,542,2770
3432,10,48,9356,9950,11599,594,2243
3241,11,48,8834,9377,11602,543,2768
3244,14,48,8842,9386,11605,544,2763
3438,16,48,9372,9968,11608,596,2236
3247,17,48,8851,9395,11611,544,2760
3250,20,48,8859,9404,11614,545,2755
3347,53,48,9124,9695,11617,571,2493
3350,56,48,9132,9704,11620,572,2488
3480,58,48,9486,10094,11623,608,2137
3353,59,48,9140,9713,11626,573,2486
3356,62,48,9148,9722,11629,574,2481
3486,64,48,9503,10112,11632,609,2129
3326,32,48,9067,9632,11635,565,2568
3519,33,48,9592,10211,11638,619,2046
3329,35,48,9075,9641,11641,566,2566
3332,38,48,9083,9650,11644,567,2561
3525,39,48,9609,10229,11647,620,2038
3335,41,48,9091,9659,11650,568,2559
3338,44,48,9099,9668,11653,569,2554
3531,45,48,9625,10247,11656,622,2031
3341,47,48,9107,9677,11659,570,2552
3344,50,48,9116,9686,11662,570,2546
3537,51,48,9641,10265,11665,624,2024
3131,29,48,8534,9047,11668,513,3134
3443,21,48,9386,9983,11671,597,2285
3189,23,48,8693,9221,11674,528,2981
3192,26,48,8701,9230,11677,529,2976
3449,27,48,9402,10001,11680,599,2278
3489,3,48,9510,10121,11683,611,2173
3299,5,48,8993,9551,11686,558,2693
3302,8,48,9001,9560,11689,559,2688
3495,9,48,9527,10139,11692,612,2165
3305,11,48,9009,9569,11695,560,2686
3308,14,48,9017,9578,11698,561,2681
3501,15,48,9543,10157,11701,614,2158
3311,17,48,9026,9587,11704,561,2678
3314,20,48,9034,9596,11707,562,2673
3390,32,48,9241,9824,11710,583,2469
3520,34,48,9595,10214,11713,619,2118
3393,35,48,9249,9833,11716,584,2467
3396,38,48,9257,9842,11719,585,2462
3526,40,48,9611,10232,11722,621,2111
3399,41,48,9265,9851,11725,586,2460
3402,44,48,9273,9860,11728,587,2455
3532,46,48,9628,10250,11731,622,2103
3405,47,48,9281,9869,11734,588,2453
3408,50,48,9290,9878,11737,588,2447
3538,52,48,9644,10268,11740,624,2096
3411,53,48,9298,9887,11743,589,2445
3414,56,48,9306,9896,11746,590,2440
3543,57,48,9658,10283,11749,625,2091
3417,59,48,9314,9905,11752,591,2438
3420,62,48,9322,9914,11755,592,2433
3549,63,48,9674,10301,11758,627,2084
3444,22,48,9388,9986,11761,598,2373
3253,23,48,8867,9413,11764,546,2897
3256,26,48,8875,9422,11767,547,2892
3450,28,48,9405,10004,11770,599,2365
3195,29,48,8709,9239,11773,530,3064
3490,4,48,9513,10124,11776,611,2263
3363,5,48,9167,9743,11779,576,2612
3366,8,48,9175,9752,11782,577,2607
3496,10,48,9530,10142,11785,612,2255
3369,11,48,9183,9761,11788,578,2605
3372,14,48,9191,9770,11791,579,2600
3502,16,48,9546,10160,11794,614,2248
3375,17,48,9200,9779,11797,579,2597
3378,20,48,9208,9788,11800,580,2592
3475,53,48,9473,10079,11803,606,2330
3478,56,48,9481,10088,11806,607,2325
3544,58,48,9660,10286,11809,626,2149
3481,59,48,9489,10097,11812,608,2323
3484,62,48,9497,10106,11815,609,2318
3550,64,48,9677,10304,11818,627,2141
3454,32,48,9416,10016,11821,600,2405
3583,33,48,9767,10403,11824,636,2057
3457,35,48,9424,10025,11827,601,2403
3460,38,48,9432,10034,11830,602,2398
3589,39,48,9784,10421,11833,637,2049
3463,41,48,9440,10043,11836,603,2396
3466,44,48,9448,10052,11839,604,2391
3595,45,48,9800,10439,11842,639,2042
3469,47,48,9456,10061,11845,605,2389
3472,50,48,9465,10070,11848,605,2383
3601,51,48,9816,10457,11851,641,2035
3259,29,48,8883,9431,11854,548,2971
3507,21,48,9560,10175,11857,615,2297
3317,23,48,9042,9605,11860,563,2818
3320,26,48,9050,9614,11863,564,2813
3513,27,48,9576,10193,11866,617,2290
3553,3,48,9685,10313,11869,628,2184
3427,5,48,9342,9935,11872,593,2530
3430,8,48,9350,9944,11875,594,2525
3559,9,48,9702,10331,11878,629,2176
3433,11,48,9358,9953,11881,595,2523
3436,14,48,9366,9962,11884,596,2518
3565,15,48,9718,10349,11887,631,2169
3439,17,48,9375,9971,11890,596,2515
3442,20,48,9383,9980,11893,597,2510
3518,32,48,9590,10208,11896,618,2306
3584,34,48,9770,10406,11899,636,2129
3521,35,48,9598,10217,11902,619,2304
3524,38,48,9606,10226,11905,620,2299
3590,40,48,9786,10424,11908,638,2122
3527,41,48,9614,10235,11911,621,2297
3530,44,48,9622,10244,11914,622,2292
3596,46,48,9803,10442,11917,639,2114
3533,47,48,9630,10253,11920,623,2290
3536,50,48,9639,10262,11923,623,2284
3602,52,48,9819,10460,11926,641,2107
3539,53,48,9647,10271,11929,624,2282
3542,56,48,9655,10280,11932,625,2277
3607,57,48,9833,10475,11935,642,2102
3545,59,48,9663,10289,11938,626,2275
3548,62,48,9671,10298,11941,627,2270
3613,63,48,9849,10493,11944,644,2095
3508,22,48,9562,10178,11947,616,2385
3381,23,48,9216,9797,11950,581,2734
3384,26,48,9224,9806,11953,582,2729
3514,28,48,9579,10196,11956,617,2377
3323,29,48,9058,9623,11959,565,2901
3554,4,48,9688,10316,11962,628,2274
3491,5,48,9516,10127,11965,611,2449
3494,8,48,9524,10136,11968,612,2444
3560,10,48,9705,10334,11971,629,2266
3497,11,48,9532,10145,11974,613,2442
3500,14,48,9540,10154,11977,614,2437
3566,16,48,9721,10352,11980,631,2259
3503,17,48,9549,10163,11983,614,2434
3506,20,48,9557,10172,11986,615,2429
3603,53,48,9822,10463,11989,641,2167
3606,56,48,9830,10472,11992,642,2162
3608,58,48,9835,10478,11995,643,2160
3609,59,48,9838,10481,11998,643,2160
3612,62,48,9846,10490,12001,644,2155
3614,64,48,9852,10496,12004,644,2152
3582,32,48,9765,10400,12007,635,2242
3647,33,48,9942,10595,12010,653,2068
3585,35,48,9773,10409,12013,636,2240
3588,38,48,9781,10418,12016,637,2235
3653,39,48,9959,10613,12019,654,2060
3591,41,48,9789,10427,12022,638,2233
3594,44,48,9797,10436,12025,639,2228
3659,45,48,9975,10631,12028,656,2053
3597,47,48,9805,10445,12031,640,2226
3600,50,48,9814,10454,12034,640,2220
3665,51,48,9991,10649,12037,658,2046
3387,29,48,9232,9815,12040,583,2808
3571,21,48,9735,10367,12043,632,2308
3445,23,48,9391,9989,12046,598,2655
3448,26,48,9399,9998,12049,599,2650
3577,27,48,9751,10385,12052,634,2301
3617,3,48,9860,10505,12055,645,2195
3555,5,48,9691,10319,12058,628,2367
3558,8,48,9699,10328,12061,629,2362
3623,9,48,9877,10523,12064,646,2187
3561,11,48,9707,10337,12067,630,2360
3564,14,48,9715,10346,12070,631,2355
3629,15,48,9893,10541,12073,648,2180
3567,17,48,9724,10355,12076,631,2352
3570,20,48,9732,10364,12079,632,2347
3646,32,48,9940,10592,12082,652,2142
3648,34,48,9945,10598,12085,653,2140
3649,35,48,9948,10601,12088,653,2140
3652,38,48,9956,10610,12091,654,2135
3654,40,48,9961,10616,12094,655,2133
3655,41,48,9964,10619,12097,655,2133
3658,44,48,9972,10628,12100,656,2128
3660,46,48,9978,10634,12103,656,2125
3661,47,48,9980,10637,12106,657,2126
3664,50,48,9989,10646,12109,657,2120
3666,52,48,9994,10652,12112,658,2118
3667,53,48,9997,10655,12115,658,2118
3572,22,48,9737,10370,12118,633,2381
3509,23,48,9565,10181,12121,616,2556
3512,26,48,9573,10190,12124,617,2551
3578,28,48,9754,10388,12127,634,2373
3451,29,48,9407,10007,12130,600,2723
3618,4,48,9863,10508,12133,645,2270
3619,5,48,9866,10511,12136,645,2270
3622,8,48,9874,10520,12139,646,2265
3624,10,48,9880,10526,12142,646,2262
3625,11,48,9882,10529,12145,647,2263
3628,14,48,9890,10538,12148,648,2258
3630,16,48,9896,10544,12151,648,2255
3631,17,48,9899,10547,12154,648,2255
3634,20,48,9907,10556,12157,649,2250
3515,29,48,9581,10199,12160,618,2579
3635,21,48,9910,10559,12163,649,2253
3573,23,48,9740,10373,12166,633,2426
3576,26,48,9748,10382,12169,634,2421
3641,27,48,9926,10577,12172,651,2246
3636,22,48,9912,10562,12175,650,2263
3637,23,48,9915,10565,12178,650,2263
3640,26,48,9923,10574,12181,651,2258
3642,28,48,9929,10580,12184,651,2255
3579,29,48,9756,10391,12187,635,2431
3643,29,48,9931,10583,12190,652,2259
