request_id,global_flow_id,size_bytes,arrival_cycle,admitted_cycle,completed_cycle,admission_delay_cycles,sojourn_cycles
1,1,48,0,1,24,1,24
3,3,48,5,7,27,2,22
2,2,48,3,4,30,1,27
4,4,48,8,10,33,2,25
6,6,48,14,16,36,2,22
7,7,48,16,17,39,1,23
5,5,48,11,12,42,1,31
8,8,48,19,21,45,2,26
9,1,48,22,23,48,1,26
11,3,48,27,28,51,1,24
10,2,48,25,26,54,1,29
12,4,48,30,31,57,1,27
14,6,48,36,37,60,1,24
15,7,48,38,39,63,1,25
13,5,48,33,34,66,1,33
16,8,48,41,43,69,2,28
17,1,48,44,46,72,2,28
19,3,48,49,51,75,2,26
25,1,48,65,67,78,2,13
20,4,48,52,53,81,1,29
22,6,48,58,60,84,2,26
23,7,48,60,61,87,1,27
21,5,48,55,56,90,1,35
24,8,48,63,64,93,1,30
18,2,48,47,48,96,1,49
27,3,48,70,71,99,1,29
33,1,48,87,88,102,1,15
28,4,48,73,74,105,1,32
30,6,48,79,80,108,1,29
31,7,48,81,83,111,2,30
38,6,48,101,103,114,2,13
39,7,48,103,104,117,1,14
26,2,48,68,70,120,2,52
35,3,48,92,94,123,2,31
41,1,48,109,111,126,2,17
36,4,48,95,96,129,1,34
29,5,48,76,78,132,2,56
32,8,48,84,85,135,1,51
46,6,48,123,124,138,1,15
47,7,48,125,127,141,2,16
49,1,48,131,133,144,2,13
43,3,48,114,116,147,2,33
34,2,48,90,91,150,1,60
44,4,48,117,118,153,1,36
37,5,48,98,100,156,2,58
40,8,48,106,107,159,1,53
54,6,48,145,146,162,1,17
55,7,48,147,149,165,2,18
57,1,48,153,154,168,1,15
51,3,48,136,137,171,1,35
42,2,48,112,113,174,1,62
52,4,48,139,140,177,1,38
62,6,48,167,169,180,2,13
63,7,48,169,170,183,1,14
45,5,48,120,121,186,1,66
48,8,48,128,129,189,1,61
65,1,48,175,177,192,2,17
59,3,48,158,160,195,2,37
50,2,48,134,136,198,2,64
60,4,48,161,162,201,1,40
70,6,48,189,190,204,1,15
71,7,48,191,193,207,2,16
53,5,48,142,144,210,2,68
56,8,48,150,151,213,1,63
73,1,48,196,198,216,2,20
67,3,48,180,182,219,2,39
58,2,48,156,157,222,1,66
68,4,48,183,184,225,1,42
78,6,48,210,211,228,1,18
79,7,48,212,214,231,2,19
61,5,48,164,166,234,2,70
64,8,48,172,173,237,1,65
81,1,48,218,220,240,2,22
75,3,48,201,203,243,2,42
66,2,48,178,179,246,1,68
76,4,48,204,205,249,1,45
86,6,48,232,233,252,1,20
87,7,48,234,236,255,2,21
69,5,48,186,187,258,1,72
72,8,48,194,195,261,1,67
89,1,48,240,241,264,1,24
83,3,48,223,224,267,1,44
74,2,48,199,200,270,1,71
84,4,48,226,227,273,1,47
94,6,48,254,256,276,2,22
95,7,48,256,257,279,1,23
77,5,48,207,208,282,1,75
80,8,48,215,216,285,1,70
97,1,48,262,264,288,2,26
91,3,48,245,247,291,2,46
82,2,48,221,223,294,2,73
92,4,48,248,249,297,1,49
102,6,48,276,277,300,1,24
103,7,48,278,280,303,2,25
85,5,48,229,231,306,2,77
88,8,48,237,238,309,1,72
105,1,48,284,286,312,2,28
99,3,48,267,269,315,2,48
113,1,48,305,306,318,1,13
100,4,48,270,271,321,1,51
110,6,48,298,299,324,1,26
111,7,48,300,302,327,2,27
93,5,48,251,253,330,2,79
119,7,48,321,322,333,1,12
90,2,48,243,244,336,1,93
107,3,48,289,290,339,1,50
121,1,48,327,328,342,1,15
108,4,48,292,293,345,1,53
118,6,48,319,320,348,1,29
96,8,48,259,260,351,1,92
126,6,48,341,342,354,1,13
127,7,48,343,345,357,2,14
98,2,48,265,266,360,1,95
115,3,48,310,311,363,1,53
129,1,48,349,350,366,1,17
116,4,48,313,315,369,2,56
101,5,48,273,274,372,1,99
104,8,48,281,282,375,1,94
134,6,48,363,364,378,1,15
135,7,48,365,366,381,1,16
137,1,48,371,373,384,2,13
123,3,48,332,333,387,1,55
106,2,48,287,289,390,2,103
124,4,48,335,337,393,2,58
109,5,48,295,297,396,2,101
143,7,48,387,388,399,1,12
142,6,48,385,387,402,2,17
112,8,48,303,304,405,1,102
145,1,48,393,394,408,1,15
131,3,48,354,355,411,1,57
114,2,48,308,310,414,2,106
132,4,48,357,358,417,1,60
150,6,48,407,408,420,1,13
151,7,48,409,411,423,2,14
117,5,48,316,317,426,1,110
120,8,48,324,325,429,1,105
153,1,48,415,416,432,1,17
139,3,48,376,378,435,2,59
122,2,48,330,331,438,1,108
140,4,48,379,380,441,1,62
158,6,48,429,430,444,1,15
159,7,48,431,432,447,1,16
125,5,48,338,340,450,2,112
128,8,48,346,347,453,1,107
161,1,48,436,437,456,1,20
147,3,48,398,399,459,1,61
130,2,48,352,354,462,2,110
148,4,48,401,403,465,2,64
166,6,48,450,451,468,1,18
167,7,48,452,453,471,1,19
133,5,48,360,361,474,1,114
136,8,48,368,370,477,2,109
169,1,48,458,460,480,2,22
155,3,48,420,421,483,1,63
138,2,48,374,375,486,1,112
156,4,48,423,424,489,1,66
174,6,48,472,474,492,2,20
175,7,48,474,475,495,1,21
141,5,48,382,383,498,1,116
144,8,48,390,391,501,1,111
177,1,48,480,481,504,1,24
163,3,48,441,442,507,1,66
146,2,48,396,397,510,1,114
164,4,48,444,445,513,1,69
182,6,48,494,495,516,1,22
183,7,48,496,498,519,2,23
149,5,48,404,406,522,2,118
152,8,48,412,413,525,1,113
185,1,48,502,503,528,1,26
171,3,48,463,465,531,2,68
154,2,48,418,420,534,2,116
172,4,48,466,467,537,1,71
190,6,48,516,517,540,1,24
191,7,48,518,519,543,1,25
157,5,48,426,427,546,1,120
160,8,48,434,436,549,2,115
193,1,48,524,526,552,2,28
179,3,48,485,486,555,1,70
201,1,48,545,547,558,2,13
180,4,48,488,490,561,2,73
198,6,48,538,540,564,2,26
199,7,48,540,541,567,1,27
165,5,48,447,448,570,1,123
168,8,48,455,457,573,2,118
162,2,48,439,441,576,2,137
187,3,48,507,508,579,1,72
209,1,48,567,568,582,1,15
188,4,48,510,511,585,1,75
206,6,48,559,560,588,1,29
207,7,48,561,563,591,2,30
214,6,48,581,583,594,2,13
215,7,48,583,584,597,1,14
170,2,48,461,462,600,1,139
195,3,48,529,531,603,2,74
217,1,48,589,591,606,2,17
196,4,48,532,533,609,1,77
173,5,48,469,470,612,1,143
176,8,48,477,478,615,1,138
222,6,48,603,604,618,1,15
223,7,48,605,607,621,2,16
225,1,48,611,613,624,2,13
203,3,48,550,551,627,1,77
178,2,48,483,484,630,1,147
204,4,48,553,554,633,1,80
181,5,48,491,493,636,2,145
184,8,48,499,500,639,1,140
230,6,48,625,626,642,1,17
231,7,48,627,629,645,2,18
233,1,48,633,634,648,1,15
211,3,48,572,574,651,2,79
186,2,48,505,507,654,2,149
212,4,48,575,576,657,1,82
238,6,48,647,649,660,2,13
239,7,48,649,650,663,1,14
189,5,48,513,514,666,1,153
192,8,48,521,523,669,2,148
241,1,48,655,657,672,2,17
219,3,48,594,596,675,2,81
194,2,48,527,528,678,1,151
220,4,48,597,598,681,1,84
246,6,48,669,670,684,1,15
247,7,48,671,673,687,2,16
197,5,48,535,536,690,1,155
200,8,48,543,544,693,1,150
249,1,48,676,678,696,2,20
227,3,48,616,617,699,1,83
202,2,48,548,550,702,2,154
228,4,48,619,620,705,1,86
254,6,48,690,691,708,1,18
255,7,48,692,694,711,2,19
205,5,48,556,558,714,2,158
208,8,48,564,565,717,1,153
257,1,48,698,700,720,2,22
235,3,48,638,640,723,2,85
210,2,48,570,571,726,1,156
236,4,48,641,642,729,1,88
262,6,48,712,713,732,1,20
263,7,48,714,716,735,2,21
213,5,48,578,580,738,2,160
216,8,48,586,587,741,1,155
265,1,48,720,721,744,1,24
243,3,48,660,662,747,2,87
218,2,48,592,593,750,1,158
244,4,48,663,664,753,1,90
270,6,48,734,736,756,2,22
271,7,48,736,737,759,1,23
221,5,48,600,601,762,1,162
224,8,48,608,609,765,1,157
273,1,48,742,744,768,2,26
251,3,48,681,683,771,2,90
226,2,48,614,616,774,2,160
252,4,48,684,685,777,1,93
278,6,48,756,757,780,1,24
279,7,48,758,760,783,2,25
229,5,48,622,624,786,2,164
232,8,48,630,631,789,1,159
281,1,48,764,766,792,2,28
259,3,48,703,704,795,1,92
289,1,48,785,786,798,1,13
260,4,48,706,707,801,1,95
286,6,48,778,779,804,1,26
287,7,48,780,782,807,2,27
237,5,48,644,646,810,2,166
295,7,48,801,802,813,1,12
234,2,48,636,637,816,1,180
267,3,48,725,727,819,2,94
297,1,48,807,808,822,1,15
268,4,48,728,729,825,1,97
294,6,48,799,800,828,1,29
240,8,48,652,653,831,1,179
302,6,48,821,822,834,1,13
303,7,48,823,825,837,2,14
242,2,48,658,659,840,1,182
275,3,48,747,749,843,2,96
305,1,48,829,830,846,1,17
276,4,48,750,751,849,1,99
245,5,48,666,667,852,1,186
248,8,48,674,675,855,1,181
310,6,48,843,844,858,1,15
311,7,48,845,846,861,1,16
313,1,48,851,853,864,2,13
283,3,48,769,770,867,1,98
250,2,48,679,680,870,1,191
284,4,48,772,773,873,1,101
253,5,48,687,688,876,1,189
319,7,48,867,868,879,1,12
318,6,48,865,867,882,2,17
256,8,48,695,696,885,1,190
321,1,48,873,874,888,1,15
291,3,48,790,791,891,1,101
258,2,48,701,703,894,2,193
292,4,48,793,795,897,2,104
326,6,48,887,888,900,1,13
327,7,48,889,891,903,2,14
261,5,48,709,711,906,2,197
264,8,48,717,718,909,1,192
329,1,48,895,896,912,1,17
299,3,48,812,813,915,1,103
266,2,48,723,724,918,1,195
300,4,48,815,817,921,2,106
334,6,48,909,910,924,1,15
335,7,48,911,912,927,1,16
269,5,48,731,733,930,2,199
272,8,48,739,740,933,1,194
337,1,48,916,917,936,1,20
307,3,48,834,835,939,1,105
274,2,48,745,746,942,1,197
308,4,48,837,838,945,1,108
342,6,48,930,931,948,1,18
343,7,48,932,933,951,1,19
277,5,48,753,754,954,1,201
280,8,48,761,762,957,1,196
345,1,48,938,940,960,2,22
315,3,48,856,858,963,2,107
282,2,48,767,769,966,2,199
316,4,48,859,860,969,1,110
350,6,48,952,954,972,2,20
351,7,48,954,955,975,1,21
285,5,48,775,777,978,2,203
288,8,48,783,784,981,1,198
353,1,48,960,961,984,1,24
323,3,48,878,879,987,1,109
290,2,48,788,790,990,2,202
324,4,48,881,883,993,2,112
358,6,48,974,975,996,1,22
359,7,48,976,978,999,2,23
293,5,48,796,797,1002,1,206
296,8,48,804,805,1005,1,201
361,1,48,982,983,1008,1,26
331,3,48,900,901,1011,1,111
298,2,48,810,811,1014,1,204
332,4,48,903,904,1017,1,114
366,6,48,996,997,1020,1,24
367,7,48,998,999,1023,1,25
301,5,48,818,820,1026,2,208
304,8,48,826,827,1029,1,203
369,1,48,1004,1006,1032,2,28
339,3,48,921,922,1035,1,114
377,1,48,1025,1027,1038,2,13
340,4,48,924,925,1041,1,117
374,6,48,1018,1020,1044,2,26
375,7,48,1020,1021,1047,1,27
309,5,48,840,841,1050,1,210
312,8,48,848,850,1053,2,205
306,2,48,832,834,1056,2,224
347,3,48,943,945,1059,2,116
385,1,48,1047,1048,1062,1,15
348,4,48,946,947,1065,1,119
382,6,48,1039,1040,1068,1,29
383,7,48,1041,1043,1071,2,30
390,6,48,1061,1063,1074,2,13
391,7,48,1063,1064,1077,1,14
314,2,48,854,855,1080,1,226
355,3,48,965,966,1083,1,118
393,1,48,1069,1071,1086,2,17
356,4,48,968,970,1089,2,121
317,5,48,862,863,1092,1,230
320,8,48,870,871,1095,1,225
398,6,48,1083,1084,1098,1,15
399,7,48,1085,1087,1101,2,16
401,1,48,1091,1093,1104,2,13
363,3,48,987,988,1107,1,120
322,2,48,876,877,1110,1,234
364,4,48,990,991,1113,1,123
325,5,48,884,886,1116,2,232
328,8,48,892,893,1119,1,227
406,6,48,1105,1106,1122,1,17
407,7,48,1107,1109,1125,2,18
409,1,48,1113,1114,1128,1,15
371,3,48,1009,1011,1131,2,122
330,2,48,898,900,1134,2,236
372,4,48,1012,1013,1137,1,125
414,6,48,1127,1129,1140,2,13
415,7,48,1129,1130,1143,1,14
333,5,48,906,907,1146,1,240
336,8,48,914,916,1149,2,235
417,1,48,1135,1137,1152,2,17
379,3,48,1030,1031,1155,1,125
338,2,48,919,921,1158,2,239
380,4,48,1033,1034,1161,1,128
422,6,48,1149,1150,1164,1,15
423,7,48,1151,1153,1167,2,16
341,5,48,927,928,1170,1,243
344,8,48,935,937,1173,2,238
425,1,48,1156,1158,1176,2,20
387,3,48,1052,1054,1179,2,127
346,2,48,941,942,1182,1,241
388,4,48,1055,1056,1185,1,130
430,6,48,1170,1171,1188,1,18
431,7,48,1172,1174,1191,2,19
349,5,48,949,950,1194,1,245
352,8,48,957,958,1197,1,240
433,1,48,1178,1180,1200,2,22
395,3,48,1074,1076,1203,2,129
354,2,48,963,964,1206,1,243
396,4,48,1077,1078,1209,1,132
438,6,48,1192,1193,1212,1,20
439,7,48,1194,1196,1215,2,21
357,5,48,971,973,1218,2,247
360,8,48,979,980,1221,1,242
441,1,48,1200,1201,1224,1,24
403,3,48,1096,1097,1227,1,131
362,2,48,985,987,1230,2,245
404,4,48,1099,1100,1233,1,134
446,6,48,1214,1216,1236,2,22
447,7,48,1216,1217,1239,1,23
365,5,48,993,994,1242,1,249
368,8,48,1001,1003,1245,2,244
449,1,48,1222,1224,1248,2,26
411,3,48,1118,1120,1251,2,133
370,2,48,1007,1008,1254,1,247
412,4,48,1121,1122,1257,1,136
454,6,48,1236,1237,1260,1,24
455,7,48,1238,1240,1263,2,25
373,5,48,1015,1016,1266,1,251
376,8,48,1023,1024,1269,1,246
457,1,48,1244,1246,1272,2,28
419,3,48,1140,1142,1275,2,135
465,1,48,1265,1266,1278,1,13
420,4,48,1143,1144,1281,1,138
462,6,48,1258,1259,1284,1,26
463,7,48,1260,1262,1287,2,27
381,5,48,1036,1038,1290,2,254
471,7,48,1281,1282,1293,1,12
378,2,48,1028,1030,1296,2,268
427,3,48,1161,1163,1299,2,138
473,1,48,1287,1288,1302,1,15
428,4,48,1164,1165,1305,1,141
470,6,48,1279,1280,1308,1,29
384,8,48,1044,1045,1311,1,267
478,6,48,1301,1302,1314,1,13
479,7,48,1303,1305,1317,2,14
386,2,48,1050,1051,1320,1,270
435,3,48,1183,1184,1323,1,140
481,1,48,1309,1310,1326,1,17
436,4,48,1186,1187,1329,1,143
389,5,48,1058,1060,1332,2,274
392,8,48,1066,1067,1335,1,269
486,6,48,1323,1324,1338,1,15
487,7,48,1325,1326,1341,1,16
489,1,48,1331,1333,1344,2,13
443,3,48,1205,1207,1347,2,142
394,2,48,1072,1073,1350,1,278
444,4,48,1208,1209,1353,1,145
397,5,48,1080,1081,1356,1,276
495,7,48,1347,1348,1359,1,12
494,6,48,1345,1347,1362,2,17
400,8,48,1088,1089,1365,1,277
497,1,48,1353,1354,1368,1,15
451,3,48,1227,1229,1371,2,144
402,2,48,1094,1096,1374,2,280
452,4,48,1230,1231,1377,1,147
502,6,48,1367,1368,1380,1,13
503,7,48,1369,1371,1383,2,14
405,5,48,1102,1104,1386,2,284
408,8,48,1110,1111,1389,1,279
505,1,48,1375,1376,1392,1,17
459,3,48,1249,1250,1395,1,146
410,2,48,1116,1117,1398,1,282
460,4,48,1252,1253,1401,1,149
510,6,48,1389,1390,1404,1,15
511,7,48,1391,1392,1407,1,16
413,5,48,1124,1126,1410,2,286
416,8,48,1132,1133,1413,1,281
513,1,48,1396,1397,1416,1,20
467,3,48,1270,1271,1419,1,149
418,2,48,1138,1139,1422,1,284
468,4,48,1273,1275,1425,2,152
518,6,48,1410,1411,1428,1,18
519,7,48,1412,1413,1431,1,19
421,5,48,1146,1147,1434,1,288
424,8,48,1154,1155,1437,1,283
521,1,48,1418,1420,1440,2,22
475,3,48,1292,1293,1443,1,151
426,2,48,1159,1160,1446,1,287
476,4,48,1295,1297,1449,2,154
526,6,48,1432,1434,1452,2,20
527,7,48,1434,1435,1455,1,21
429,5,48,1167,1168,1458,1,291
432,8,48,1175,1176,1461,1,286
529,1,48,1440,1441,1464,1,24
483,3,48,1314,1315,1467,1,153
434,2,48,1181,1183,1470,2,289
484,4,48,1317,1318,1473,1,156
534,6,48,1454,1455,1476,1,22
535,7,48,1456,1458,1479,2,23
437,5,48,1189,1191,1482,2,293
440,8,48,1197,1198,1485,1,288
537,1,48,1462,1463,1488,1,26
491,3,48,1336,1338,1491,2,155
442,2,48,1203,1204,1494,1,291
492,4,48,1339,1340,1497,1,158
542,6,48,1476,1477,1500,1,24
543,7,48,1478,1479,1503,1,25
445,5,48,1211,1213,1506,2,295
448,8,48,1219,1220,1509,1,290
545,1,48,1484,1486,1512,2,28
499,3,48,1358,1359,1515,1,157
553,1,48,1505,1507,1518,2,13
500,4,48,1361,1363,1521,2,160
550,6,48,1498,1500,1524,2,26
551,7,48,1500,1501,1527,1,27
453,5,48,1233,1234,1530,1,297
456,8,48,1241,1242,1533,1,292
450,2,48,1225,1226,1536,1,311
507,3,48,1380,1381,1539,1,159
561,1,48,1527,1528,1542,1,15
508,4,48,1383,1384,1545,1,162
558,6,48,1519,1520,1548,1,29
559,7,48,1521,1523,1551,2,30
566,6,48,1541,1543,1554,2,13
567,7,48,1543,1544,1557,1,14
458,2,48,1247,1249,1560,2,313
515,3,48,1401,1402,1563,1,162
569,1,48,1549,1551,1566,2,17
516,4,48,1404,1405,1569,1,165
461,5,48,1255,1257,1572,2,317
464,8,48,1263,1264,1575,1,312
574,6,48,1563,1564,1578,1,15
575,7,48,1565,1567,1581,2,16
577,1,48,1571,1573,1584,2,13
523,3,48,1423,1425,1587,2,164
466,2,48,1268,1270,1590,2,322
524,4,48,1426,1427,1593,1,167
469,5,48,1276,1277,1596,1,320
472,8,48,1284,1285,1599,1,315
582,6,48,1585,1586,1602,1,17
583,7,48,1587,1589,1605,2,18
585,1,48,1593,1594,1608,1,15
531,3,48,1445,1446,1611,1,166
474,2,48,1290,1291,1614,1,324
532,4,48,1448,1450,1617,2,169
590,6,48,1607,1609,1620,2,13
591,7,48,1609,1610,1623,1,14
477,5,48,1298,1300,1626,2,328
480,8,48,1306,1307,1629,1,323
593,1,48,1615,1617,1632,2,17
539,3,48,1467,1468,1635,1,168
482,2,48,1312,1314,1638,2,326
540,4,48,1470,1471,1641,1,171
598,6,48,1629,1630,1644,1,15
599,7,48,1631,1633,1647,2,16
485,5,48,1320,1321,1650,1,330
488,8,48,1328,1330,1653,2,325
601,1,48,1636,1638,1656,2,20
547,3,48,1489,1491,1659,2,170
490,2,48,1334,1335,1662,1,328
548,4,48,1492,1493,1665,1,173
606,6,48,1650,1651,1668,1,18
607,7,48,1652,1654,1671,2,19
493,5,48,1342,1343,1674,1,332
496,8,48,1350,1351,1677,1,327
609,1,48,1658,1660,1680,2,22
555,3,48,1510,1511,1683,1,173
498,2,48,1356,1357,1686,1,330
556,4,48,1513,1514,1689,1,176
614,6,48,1672,1673,1692,1,20
615,7,48,1674,1676,1695,2,21
501,5,48,1364,1366,1698,2,334
504,8,48,1372,1373,1701,1,329
617,1,48,1680,1681,1704,1,24
563,3,48,1532,1534,1707,2,175
506,2,48,1378,1380,1710,2,332
564,4,48,1535,1536,1713,1,178
622,6,48,1694,1696,1716,2,22
623,7,48,1696,1697,1719,1,23
509,5,48,1386,1387,1722,1,336
512,8,48,1394,1396,1725,2,331
625,1,48,1702,1704,1728,2,26
571,3,48,1554,1556,1731,2,177
514,2,48,1399,1401,1734,2,335
572,4,48,1557,1558,1737,1,180
630,6,48,1716,1717,1740,1,24
631,7,48,1718,1720,1743,2,25
517,5,48,1407,1408,1746,1,339
520,8,48,1415,1417,1749,2,334
633,1,48,1724,1726,1752,2,28
579,3,48,1576,1577,1755,1,179
641,1,48,1745,1746,1758,1,13
580,4,48,1579,1580,1761,1,182
638,6,48,1738,1739,1764,1,26
639,7,48,1740,1742,1767,2,27
525,5,48,1429,1430,1770,1,341
647,7,48,1761,1762,1773,1,12
522,2,48,1421,1422,1776,1,355
587,3,48,1598,1600,1779,2,181
649,1,48,1767,1768,1782,1,15
588,4,48,1601,1602,1785,1,184
646,6,48,1759,1760,1788,1,29
528,8,48,1437,1438,1791,1,354
654,6,48,1781,1782,1794,1,13
655,7,48,1783,1785,1797,2,14
530,2,48,1443,1444,1800,1,357
595,3,48,1620,1622,1803,2,183
657,1,48,1789,1790,1806,1,17
596,4,48,1623,1624,1809,1,186
533,5,48,1451,1453,1812,2,361
536,8,48,1459,1460,1815,1,356
662,6,48,1803,1804,1818,1,15
663,7,48,1805,1806,1821,1,16
665,1,48,1811,1813,1824,2,13
603,3,48,1641,1643,1827,2,186
538,2,48,1465,1467,1830,2,365
604,4,48,1644,1645,1833,1,189
541,5,48,1473,1474,1836,1,363
671,7,48,1827,1828,1839,1,12
670,6,48,1825,1827,1842,2,17
544,8,48,1481,1483,1845,2,364
673,1,48,1833,1834,1848,1,15
611,3,48,1663,1664,1851,1,188
546,2,48,1487,1488,1854,1,367
612,4,48,1666,1667,1857,1,191
678,6,48,1847,1848,1860,1,13
679,7,48,1849,1851,1863,2,14
549,5,48,1495,1496,1866,1,371
552,8,48,1503,1504,1869,1,366
681,1,48,1855,1856,1872,1,17
619,3,48,1685,1687,1875,2,190
554,2,48,1508,1510,1878,2,370
620,4,48,1688,1689,1881,1,193
686,6,48,1869,1870,1884,1,15
687,7,48,1871,1872,1887,1,16
557,5,48,1516,1518,1890,2,374
560,8,48,1524,1525,1893,1,369
689,1,48,1876,1877,1896,1,20
627,3,48,1707,1709,1899,2,192
562,2,48,1530,1531,1902,1,372
628,4,48,1710,1711,1905,1,195
694,6,48,1890,1891,1908,1,18
695,7,48,1892,1893,1911,1,19
565,5,48,1538,1540,1914,2,376
568,8,48,1546,1547,1917,1,371
697,1,48,1898,1900,1920,2,22
635,3,48,1729,1730,1923,1,194
570,2,48,1552,1553,1926,1,374
636,4,48,1732,1733,1929,1,197
702,6,48,1912,1914,1932,2,20
703,7,48,1914,1915,1935,1,21
573,5,48,1560,1561,1938,1,378
576,8,48,1568,1569,1941,1,373
705,1,48,1920,1921,1944,1,24
643,3,48,1750,1751,1947,1,197
578,2,48,1574,1576,1950,2,376
644,4,48,1753,1755,1953,2,200
710,6,48,1934,1935,1956,1,22
711,7,48,1936,1938,1959,2,23
581,5,48,1582,1584,1962,2,380
584,8,48,1590,1591,1965,1,375
713,1,48,1942,1943,1968,1,26
651,3,48,1772,1773,1971,1,199
586,2,48,1596,1597,1974,1,378
652,4,48,1775,1777,1977,2,202
718,6,48,1956,1957,1980,1,24
719,7,48,1958,1959,1983,1,25
589,5,48,1604,1606,1986,2,382
592,8,48,1612,1613,1989,1,377
721,1,48,1964,1966,1992,2,28
659,3,48,1794,1795,1995,1,201
729,1,48,1985,1987,1998,2,13
660,4,48,1797,1798,2001,1,204
726,6,48,1978,1980,2004,2,26
727,7,48,1980,1981,2007,1,27
597,5,48,1626,1627,2010,1,384
600,8,48,1634,1635,2013,1,379
594,2,48,1618,1619,2303,1,685
667,3,48,1816,1818,2306,2,490
602,2,48,1639,1640,2309,1,670
668,4,48,1819,1820,2312,1,493
734,6,48,1999,2000,2315,1,316
608,8,48,1655,1656,2318,1,663
605,5,48,1647,1648,2321,1,674
616,8,48,1677,1678,2324,1,647
610,2,48,1661,1663,2327,2,666
675,3,48,1838,1839,2330,1,492
618,2,48,1683,1684,2333,1,650
676,4,48,1841,1843,2336,2,495
613,5,48,1669,1671,2339,2,670
624,8,48,1699,1700,2342,1,643
621,5,48,1691,1693,2345,2,654
632,8,48,1721,1722,2348,1,627
626,2,48,1705,1706,2351,1,646
683,3,48,1860,1861,2354,1,494
634,2,48,1727,1729,2357,2,630
684,4,48,1863,1864,2360,1,497
629,5,48,1713,1714,2363,1,650
640,8,48,1743,1744,2366,1,623
637,5,48,1735,1737,2369,2,634
648,8,48,1764,1765,2372,1,608
642,2,48,1748,1750,2375,2,627
691,3,48,1881,1882,2378,1,497
650,2,48,1770,1771,2381,1,611
692,4,48,1884,1885,2384,1,500
645,5,48,1756,1757,2387,1,631
656,8,48,1786,1787,2390,1,604
653,5,48,1778,1780,2393,2,615
664,8,48,1808,1810,2396,2,588
658,2,48,1792,1794,2399,2,607
699,3,48,1903,1905,2402,2,499
666,2,48,1814,1815,2405,1,591
700,4,48,1906,1907,2408,1,502
661,5,48,1800,1801,2411,1,611
672,8,48,1830,1831,2414,1,584
669,5,48,1822,1823,2417,1,595
680,8,48,1852,1853,2420,1,568
674,2,48,1836,1837,2423,1,587
707,3,48,1925,1926,2426,1,501
682,2,48,1858,1860,2429,2,571
708,4,48,1928,1930,2432,2,504
677,5,48,1844,1846,2435,2,591
688,8,48,1874,1876,2438,2,564
685,5,48,1866,1867,2441,1,575
696,8,48,1895,1897,2444,2,549
690,2,48,1879,1881,2447,2,568
715,3,48,1947,1948,2450,1,503
698,2,48,1901,1902,2453,1,552
716,4,48,1950,1951,2456,1,506
693,5,48,1887,1888,2459,1,572
704,8,48,1917,1918,2462,1,545
701,5,48,1909,1910,2465,1,556
712,8,48,1939,1940,2468,1,529
706,2,48,1923,1924,2471,1,548
723,3,48,1969,1971,2474,2,505
714,2,48,1945,1947,2477,2,532
724,4,48,1972,1973,2480,1,508
709,5,48,1931,1933,2483,2,552
720,8,48,1961,1963,2486,2,525
717,5,48,1953,1954,2489,1,536
728,8,48,1983,1984,2492,1,509
722,2,48,1967,1968,2495,1,528
731,3,48,1990,1991,2498,1,508
730,2,48,1988,1990,2501,2,513
732,4,48,1993,1994,2504,1,511
725,5,48,1975,1976,2507,1,532
733,5,48,1996,1998,2510,2,514
735,1,48,2000,2285,2513,285,513
737,3,48,2005,2287,2516,282,511
740,6,48,2014,2290,2519,276,505
741,7,48,2016,2291,2522,275,506
743,9,48,2022,2293,2525,271,503
745,1,48,2027,2295,2528,268,501
738,4,48,2008,2288,2531,280,523
739,5,48,2011,2289,2534,278,523
751,7,48,2043,2301,2537,258,494
753,9,48,2049,2303,2540,254,491
755,1,48,2055,2305,2543,250,488
747,3,48,2032,2297,2546,265,514
750,6,48,2041,2300,2549,259,508
761,7,48,2071,2311,2552,240,481
763,9,48,2077,2313,2555,236,478
765,1,48,2082,2315,2558,233,476
748,4,48,2035,2298,2561,263,526
760,6,48,2069,2310,2564,241,495
771,7,48,2098,2321,2567,223,469
773,9,48,2104,2323,2570,219,466
775,1,48,2109,2325,2573,216,464
757,3,48,2060,2307,2576,247,516
749,5,48,2038,2299,2579,261,541
781,7,48,2125,2331,2582,206,457
783,9,48,2131,2333,2585,202,454
785,1,48,2136,2335,2588,199,452
758,4,48,2063,2308,2591,245,528
770,6,48,2096,2320,2594,224,498
791,7,48,2152,2341,2597,189,445
793,9,48,2158,2343,2600,185,442
795,1,48,2164,2345,2603,181,439
767,3,48,2087,2317,2606,230,519
780,6,48,2123,2330,2609,207,486
801,7,48,2180,2351,2612,171,432
803,9,48,2186,2353,2615,167,429
805,1,48,2191,2355,2618,164,427
768,4,48,2090,2318,2621,228,531
759,5,48,2066,2309,2624,243,558
811,7,48,2207,2361,2627,154,420
813,9,48,2213,2363,2630,150,417
815,1,48,2218,2365,2633,147,415
777,3,48,2114,2327,2636,213,522
790,6,48,2150,2340,2639,190,489
821,7,48,2234,2371,2642,137,408
823,9,48,2240,2373,2645,133,405
825,1,48,2245,2375,2648,130,403
778,4,48,2117,2328,2651,211,534
800,6,48,2178,2350,2654,172,476
831,7,48,2261,2381,2657,120,396
833,9,48,2267,2383,2660,116,393
835,1,48,2273,2385,2663,112,390
787,3,48,2141,2337,2666,196,525
769,5,48,2093,2319,2669,226,576
841,7,48,2289,2391,2672,102,383
843,9,48,2295,2393,2675,98,380
845,1,48,2300,2395,2678,95,378
788,4,48,2144,2338,2681,194,537
810,6,48,2205,2360,2684,155,479
851,7,48,2316,2401,2687,85,371
853,9,48,2322,2403,2690,81,368
855,1,48,2327,2405,2693,78,366
797,3,48,2169,2347,2696,178,527
820,6,48,2232,2370,2699,138,467
861,7,48,2343,2411,2702,68,359
863,9,48,2349,2413,2705,64,356
865,1,48,2355,2415,2708,60,353
798,4,48,2172,2348,2711,176,539
779,5,48,2120,2329,2714,209,594
871,7,48,2371,2421,2717,50,346
873,9,48,2377,2423,2720,46,343
875,1,48,2382,2425,2723,43,341
807,3,48,2196,2357,2726,161,530
830,6,48,2259,2380,2729,121,470
881,7,48,2398,2431,2732,33,334
883,9,48,2404,2433,2735,29,331
885,1,48,2409,2435,2738,26,329
808,4,48,2199,2358,2741,159,542
840,6,48,2287,2390,2744,103,457
891,7,48,2425,2441,2747,16,322
893,9,48,2431,2443,2750,12,319
895,1,48,2436,2445,2753,9,317
817,3,48,2223,2367,2756,144,533
789,5,48,2147,2339,2759,192,612
901,7,48,2452,2453,2762,1,310
903,9,48,2458,2459,2765,1,307
905,1,48,2464,2465,2768,1,304
818,4,48,2226,2368,2771,142,545
850,6,48,2314,2400,2774,86,460
911,7,48,2480,2482,2777,2,297
913,9,48,2486,2487,2780,1,294
915,1,48,2491,2493,2783,2,292
827,3,48,2250,2377,2786,127,536
860,6,48,2341,2410,2789,69,448
921,7,48,2507,2509,2792,2,285
923,9,48,2513,2514,2795,1,282
925,1,48,2518,2520,2798,2,280
828,4,48,2253,2378,2801,125,548
799,5,48,2175,2349,2804,174,629
931,7,48,2534,2536,2807,2,273
933,9,48,2540,2541,2810,1,270
935,1,48,2545,2547,2813,2,268
837,3,48,2278,2387,2816,109,538
870,6,48,2369,2420,2819,51,450
941,7,48,2561,2563,2822,2,261
943,9,48,2567,2568,2825,1,258
945,1,48,2573,2574,2828,1,255
838,4,48,2281,2388,2831,107,550
880,6,48,2396,2430,2834,34,438
951,7,48,2589,2590,2837,1,248
953,9,48,2595,2597,2840,2,245
955,1,48,2600,2602,2843,2,243
847,3,48,2305,2397,2846,92,541
809,5,48,2202,2359,2849,157,647
961,7,48,2616,2617,2852,1,236
963,9,48,2622,2624,2855,2,233
965,1,48,2627,2629,2858,2,231
848,4,48,2308,2398,2861,90,553
890,6,48,2423,2440,2864,17,441
971,7,48,2643,2644,2867,1,224
973,9,48,2649,2651,2870,2,221
975,1,48,2655,2657,2873,2,218
857,3,48,2332,2407,2876,75,544
900,6,48,2450,2452,2879,2,429
981,7,48,2671,2672,2882,1,211
983,9,48,2677,2678,2885,1,208
985,1,48,2682,2683,2888,1,206
858,4,48,2335,2408,2891,73,556
819,5,48,2229,2369,2894,140,665
991,7,48,2698,2699,2897,1,199
993,9,48,2704,2705,2900,1,196
995,1,48,2709,2710,2903,1,194
867,3,48,2360,2417,2906,57,546
910,6,48,2478,2479,2909,1,431
1001,7,48,2725,2726,2912,1,187
1003,9,48,2731,2732,2915,1,184
1005,1,48,2736,2737,2918,1,182
868,4,48,2363,2418,2921,55,558
920,6,48,2505,2506,2924,1,419
1011,7,48,2752,2753,2927,1,175
1013,9,48,2758,2759,2930,1,172
1015,1,48,2764,2765,2933,1,169
877,3,48,2387,2427,2936,40,549
829,5,48,2256,2379,2939,123,683
1021,7,48,2780,2781,2942,1,162
1023,9,48,2786,2788,2945,2,159
1025,1,48,2791,2793,2948,2,157
878,4,48,2390,2428,2951,38,561
930,6,48,2532,2533,2954,1,422
1031,7,48,2807,2809,2957,2,150
1033,9,48,2813,2814,2960,1,147
1035,1,48,2818,2819,2963,1,145
887,3,48,2414,2437,2966,23,552
940,6,48,2559,2560,2969,1,410
1041,7,48,2834,2835,2972,1,138
1043,9,48,2840,2841,2975,1,135
1045,1,48,2845,2846,2978,1,133
888,4,48,2417,2438,2981,21,564
839,5,48,2284,2389,2984,105,700
1051,7,48,2861,2862,2987,1,126
1053,9,48,2867,2868,2990,1,123
1055,1,48,2873,2875,2993,2,120
897,3,48,2441,2447,2996,6,555
950,6,48,2587,2589,2999,2,412
1061,7,48,2889,2891,3002,2,113
1063,9,48,2895,2897,3005,2,110
1065,1,48,2900,2901,3008,1,108
898,4,48,2444,2448,3011,4,567
960,6,48,2614,2616,3014,2,400
1071,7,48,2916,2917,3017,1,101
1073,9,48,2922,2924,3020,2,98
1075,1,48,2927,2929,3023,2,96
907,3,48,2469,2471,3026,2,557
849,5,48,2311,2399,3029,88,718
1081,7,48,2943,2945,3032,2,89
1083,9,48,2949,2951,3035,2,86
1085,1,48,2955,2956,3038,1,83
908,4,48,2472,2473,3041,1,569
970,6,48,2641,2643,3044,2,403
1091,7,48,2971,2972,3047,1,76
1093,9,48,2977,2978,3050,1,73
1095,1,48,2982,2983,3053,1,71
917,3,48,2496,2497,3056,1,560
980,6,48,2669,2671,3059,2,390
1101,7,48,2998,2999,3062,1,64
1103,9,48,3004,3005,3065,1,61
1105,1,48,3009,3010,3068,1,59
918,4,48,2499,2500,3071,1,572
859,5,48,2338,2409,3074,71,736
1111,7,48,3025,3026,3077,1,52
1113,9,48,3031,3032,3080,1,49
1115,1,48,3036,3037,3083,1,47
927,3,48,2523,2524,3086,1,563
990,6,48,2696,2697,3089,1,393
1121,7,48,3052,3053,3092,1,40
1123,9,48,3058,3059,3095,1,37
1125,1,48,3064,3065,3098,1,34
928,4,48,2526,2527,3101,1,575
1000,6,48,2723,2724,3104,1,381
1131,7,48,3080,3081,3107,1,27
1133,9,48,3086,3088,3110,2,24
1135,1,48,3091,3093,3113,2,22
937,3,48,2550,2551,3116,1,566
869,5,48,2366,2419,3119,53,753
742,8,48,2019,2292,3122,273,1103
744,10,48,2025,2294,3125,269,1100
736,2,48,2003,2286,3128,283,1125
938,4,48,2553,2554,3131,1,578
1010,6,48,2750,2751,3134,1,384
1141,7,48,3107,3109,3137,2,30
1143,9,48,3113,3114,3140,1,27
1145,1,48,3118,3119,3143,1,25
947,3,48,2578,2580,3146,2,568
1020,6,48,2778,2780,3149,2,371
1151,7,48,3134,3135,3152,1,18
754,10,48,2052,2304,3155,252,1103
746,2,48,2030,2296,3158,266,1128
948,4,48,2581,2583,3161,2,580
879,5,48,2393,2429,3164,36,771
752,8,48,2046,2302,3167,256,1121
1153,9,48,3140,3141,3170,1,30
1155,1,48,3145,3146,3173,1,28
957,3,48,2605,2607,3176,2,571
1030,6,48,2805,2806,3179,1,374
1161,7,48,3161,3162,3182,1,21
1163,9,48,3167,3168,3185,1,18
756,2,48,2058,2306,3188,248,1130
958,4,48,2608,2610,3191,2,583
1040,6,48,2832,2834,3194,2,362
762,8,48,2074,2312,3197,238,1123
764,10,48,2080,2314,3200,234,1120
1165,1,48,3173,3175,3203,2,30
967,3,48,2632,2634,3206,2,574
889,5,48,2420,2439,3209,19,789
1171,7,48,3189,3191,3212,2,23
1173,9,48,3195,3197,3215,2,20
1175,1,48,3200,3201,3218,1,18
968,4,48,2635,2637,3221,2,586
1050,6,48,2859,2861,3224,2,365
772,8,48,2101,2322,3227,221,1126
774,10,48,2107,2324,3230,217,1123
766,2,48,2085,2316,3233,231,1148
977,3,48,2660,2662,3236,2,576
1060,6,48,2887,2888,3239,1,352
1181,7,48,3216,3217,3242,1,26
1183,9,48,3222,3224,3245,2,23
1185,1,48,3227,3229,3248,2,21
978,4,48,2663,2664,3251,1,588
899,5,48,2447,2449,3254,2,807
782,8,48,2128,2332,3257,204,1129
784,10,48,2134,2334,3260,200,1126
776,2,48,2112,2326,3263,214,1151
987,3,48,2687,2688,3266,1,579
1070,6,48,2914,2915,3269,1,355
1191,7,48,3243,3245,3272,2,29
1193,9,48,3249,3251,3275,2,26
1195,1,48,3255,3256,3278,1,23
988,4,48,2690,2692,3281,2,591
1080,6,48,2941,2942,3284,1,343
1201,7,48,3271,3272,3287,1,16
794,10,48,2161,2344,3290,183,1129
786,2,48,2139,2336,3293,197,1154
997,3,48,2714,2715,3296,1,582
909,5,48,2475,2477,3299,2,824
792,8,48,2155,2342,3302,187,1147
1203,9,48,3277,3278,3305,1,28
1205,1,48,3282,3283,3308,1,26
998,4,48,2717,2719,3311,2,594
1090,6,48,2969,2970,3314,1,345
1211,7,48,3298,3299,3317,1,19
1213,9,48,3304,3305,3320,1,16
796,2,48,2167,2346,3323,179,1156
1007,3,48,2741,2742,3326,1,585
1100,6,48,2996,2997,3329,1,333
802,8,48,2183,2352,3332,169,1149
804,10,48,2189,2354,3335,165,1146
1215,1,48,3309,3310,3338,1,29
1008,4,48,2744,2746,3341,2,597
919,5,48,2502,2504,3344,2,842
1221,7,48,3325,3326,3347,1,22
1223,9,48,3331,3332,3350,1,19
1225,1,48,3336,3337,3353,1,17
1017,3,48,2769,2771,3356,2,587
1110,6,48,3023,3024,3359,1,336
812,8,48,2210,2362,3362,152,1152
814,10,48,2216,2364,3365,148,1149
806,2,48,2194,2356,3368,162,1174
1018,4,48,2772,2773,3371,1,599
1120,6,48,3050,3051,3374,1,324
1231,7,48,3352,3353,3377,1,25
1233,9,48,3358,3359,3380,1,22
1235,1,48,3364,3365,3383,1,19
1027,3,48,2796,2797,3386,1,590
929,5,48,2529,2531,3389,2,860
822,8,48,2237,2372,3392,135,1155
824,10,48,2243,2374,3395,131,1152
816,2,48,2221,2366,3398,145,1177
1028,4,48,2799,2801,3401,2,602
1130,6,48,3078,3080,3404,2,326
1241,7,48,3380,3381,3407,1,27
1243,9,48,3386,3388,3410,2,24
1245,1,48,3391,3393,3413,2,22
1037,3,48,2823,2825,3416,2,593
1140,6,48,3105,3106,3419,1,314
832,8,48,2264,2382,3422,118,1158
834,10,48,2270,2384,3425,114,1155
826,2,48,2248,2376,3428,128,1180
1038,4,48,2826,2828,3431,2,605
939,5,48,2556,2558,3434,2,878
1251,7,48,3407,3409,3437,2,30
1253,9,48,3413,3414,3440,1,27
1255,1,48,3418,3419,3443,1,25
1047,3,48,2850,2852,3446,2,596
1150,6,48,3132,3134,3449,2,317
1261,7,48,3434,3435,3452,1,18
844,10,48,2298,2394,3455,96,1157
836,2,48,2276,2386,3458,110,1182
1048,4,48,2853,2855,3461,2,608
1160,6,48,3159,3161,3464,2,305
842,8,48,2292,2392,3467,100,1175
1263,9,48,3440,3441,3470,1,30
1265,1,48,3445,3446,3473,1,28
1057,3,48,2878,2880,3476,2,598
949,5,48,2584,2586,3479,2,895
1271,7,48,3461,3462,3482,1,21
1273,9,48,3467,3468,3485,1,18
846,2,48,2303,2396,3488,93,1185
1058,4,48,2881,2882,3491,1,610
1170,6,48,3187,3188,3494,1,307
852,8,48,2319,2402,3497,83,1178
854,10,48,2325,2404,3500,79,1175
1275,1,48,3473,3475,3503,2,30
1067,3,48,2905,2906,3506,1,601
1180,6,48,3214,3215,3509,1,295
1281,7,48,3489,3491,3512,2,23
1283,9,48,3495,3497,3515,2,20
1285,1,48,3500,3501,3518,1,18
1068,4,48,2908,2909,3521,1,613
959,5,48,2611,2613,3524,2,913
862,8,48,2346,2412,3527,66,1181
864,10,48,2352,2414,3530,62,1178
856,2,48,2330,2406,3533,76,1203
1077,3,48,2932,2934,3536,2,604
1190,6,48,3241,3242,3539,1,298
1291,7,48,3516,3517,3542,1,26
1293,9,48,3522,3524,3545,2,23
1295,1,48,3527,3529,3548,2,21
1078,4,48,2935,2936,3551,1,616
1200,6,48,3269,3270,3554,1,285
872,8,48,2374,2422,3557,48,1183
874,10,48,2380,2424,3560,44,1180
866,2,48,2358,2416,3563,58,1205
1087,3,48,2960,2961,3566,1,606
969,5,48,2638,2640,3569,2,931
1301,7,48,3543,3545,3572,2,29
1303,9,48,3549,3551,3575,2,26
1305,1,48,3555,3556,3578,1,23
1088,4,48,2963,2965,3581,2,618
1210,6,48,3296,3297,3584,1,288
1311,7,48,3571,3572,3587,1,16
884,10,48,2407,2434,3590,27,1183
876,2,48,2385,2426,3593,41,1208
1097,3,48,2987,2988,3596,1,609
1220,6,48,3323,3324,3599,1,276
882,8,48,2401,2432,3602,31,1201
1313,9,48,3577,3578,3605,1,28
1315,1,48,3582,3583,3608,1,26
1098,4,48,2990,2992,3611,2,621
979,5,48,2666,2667,3614,1,948
1321,7,48,3598,3599,3617,1,19
1323,9,48,3604,3605,3620,1,16
886,2,48,2412,2436,3623,24,1211
1107,3,48,3014,3015,3626,1,612
1230,6,48,3350,3351,3629,1,279
892,8,48,2428,2442,3632,14,1204
894,10,48,2434,2444,3635,10,1201
1325,1,48,3609,3610,3638,1,29
1108,4,48,3017,3019,3641,2,624
1240,6,48,3378,3380,3644,2,266
1331,7,48,3625,3626,3647,1,22
1333,9,48,3631,3632,3650,1,19
1335,1,48,3636,3637,3653,1,17
1117,3,48,3041,3042,3656,1,615
989,5,48,2693,2694,3659,1,966
902,8,48,2455,2456,3662,1,1207
904,10,48,2461,2462,3665,1,1204
896,2,48,2439,2446,3668,7,1229
1118,4,48,3044,3046,3671,2,627
1250,6,48,3405,3406,3674,1,269
1341,7,48,3652,3653,3677,1,25
1343,9,48,3658,3659,3680,1,22
1345,1,48,3664,3665,3683,1,19
1127,3,48,3069,3071,3686,2,617
1260,6,48,3432,3434,3689,2,257
912,8,48,2483,2484,3692,1,1209
914,10,48,2489,2490,3695,1,1206
906,2,48,2467,2468,3698,1,1231
1128,4,48,3072,3073,3701,1,629
999,5,48,2720,2721,3704,1,984
1351,7,48,3680,3681,3707,1,27
1353,9,48,3686,3688,3710,2,24
1355,1,48,3691,3693,3713,2,22
1137,3,48,3096,3097,3716,1,620
1270,6,48,3459,3461,3719,2,260
922,8,48,2510,2511,3722,1,1212
924,10,48,2516,2517,3725,1,1209
916,2,48,2494,2496,3728,2,1234
1138,4,48,3099,3101,3731,2,632
1280,6,48,3487,3488,3734,1,247
1361,7,48,3707,3709,3737,2,30
1363,9,48,3713,3714,3740,1,27
1365,1,48,3718,3719,3743,1,25
1147,3,48,3123,3125,3746,2,623
1009,5,48,2747,2748,3749,1,1002
1371,7,48,3734,3735,3752,1,18
934,10,48,2543,2544,3755,1,1212
926,2,48,2521,2523,3758,2,1237
1148,4,48,3126,3128,3761,2,635
1290,6,48,3514,3515,3764,1,250
932,8,48,2537,2538,3767,1,1230
1373,9,48,3740,3741,3770,1,30
1375,1,48,3745,3746,3773,1,28
1157,3,48,3150,3152,3776,2,626
1300,6,48,3541,3542,3779,1,238
1381,7,48,3761,3762,3782,1,21
1383,9,48,3767,3768,3785,1,18
936,2,48,2548,2550,3788,2,1240
1158,4,48,3153,3155,3791,2,638
1019,5,48,2775,2777,3794,2,1019
942,8,48,2564,2565,3797,1,1233
944,10,48,2570,2571,3800,1,1230
1385,1,48,3773,3775,3803,2,30
1167,3,48,3178,3180,3806,2,628
1310,6,48,3569,3570,3809,1,240
1391,7,48,3789,3791,3812,2,23
1393,9,48,3795,3797,3815,2,20
1395,1,48,3800,3801,3818,1,18
1168,4,48,3181,3182,3821,1,640
1320,6,48,3596,3597,3824,1,228
952,8,48,2592,2593,3827,1,1235
954,10,48,2598,2599,3830,1,1232
946,2,48,2576,2577,3833,1,1257
1177,3,48,3205,3206,3836,1,631
1029,5,48,2802,2804,3839,2,1037
1401,7,48,3816,3817,3842,1,26
1403,9,48,3822,3824,3845,2,23
1405,1,48,3827,3829,3848,2,21
1178,4,48,3208,3209,3851,1,643
1330,6,48,3623,3624,3854,1,231
962,8,48,2619,2620,3857,1,1238
964,10,48,2625,2626,3860,1,1235
956,2,48,2603,2604,3863,1,1260
1187,3,48,3232,3234,3866,2,634
1340,6,48,3650,3651,3869,1,219
1411,7,48,3843,3845,3872,2,29
1413,9,48,3849,3851,3875,2,26
1415,1,48,3855,3856,3878,1,23
1188,4,48,3235,3236,3881,1,646
1039,5,48,2829,2830,3884,1,1055
1421,7,48,3871,3872,3887,1,16
974,10,48,2652,2654,3890,2,1238
966,2,48,2630,2631,3893,1,1263
1197,3,48,3260,3261,3896,1,636
1350,6,48,3678,3680,3899,2,221
972,8,48,2646,2647,3902,1,1256
1423,9,48,3877,3878,3905,1,28
1425,1,48,3882,3883,3908,1,26
1198,4,48,3263,3265,3911,2,648
1360,6,48,3705,3706,3914,1,209
1431,7,48,3898,3899,3917,1,19
1433,9,48,3904,3905,3920,1,16
976,2,48,2658,2659,3923,1,1265
1207,3,48,3287,3288,3926,1,639
1049,5,48,2856,2857,3929,1,1073
982,8,48,2674,2675,3932,1,1258
984,10,48,2680,2681,3935,1,1255
1435,1,48,3909,3910,3938,1,29
1208,4,48,3290,3292,3941,2,651
1370,6,48,3732,3734,3944,2,212
1441,7,48,3925,3926,3947,1,22
1443,9,48,3931,3932,3950,1,19
1445,1,48,3936,3937,3953,1,17
1217,3,48,3314,3315,3956,1,642
1380,6,48,3759,3761,3959,2,200
992,8,48,2701,2702,3962,1,1261
994,10,48,2707,2708,3965,1,1258
986,2,48,2685,2687,3968,2,1283
1218,4,48,3317,3319,3971,2,654
1059,5,48,2884,2885,3974,1,1090
1451,7,48,3952,3953,3977,1,25
1453,9,48,3958,3959,3980,1,22
1455,1,48,3964,3965,3983,1,19
1227,3,48,3341,3342,3986,1,645
1390,6,48,3787,3788,3989,1,202
1002,8,48,2728,2729,3992,1,1264
1004,10,48,2734,2735,3995,1,1261
996,2,48,2712,2714,3998,2,1286
1228,4,48,3344,3346,4001,2,657
1400,6,48,3814,3815,4004,1,190
1461,7,48,3980,3981,4007,1,27
1463,9,48,3986,3988,4010,2,24
1465,1,48,3991,3993,4013,2,22
1237,3,48,3369,3371,4016,2,647
1069,5,48,2911,2912,4019,1,1108
1012,8,48,2755,2756,4022,1,1267
1014,10,48,2761,2762,4025,1,1264
1006,2,48,2739,2741,4028,2,1289
1238,4,48,3372,3373,4031,1,659
1410,6,48,3841,3842,4034,1,193
1471,7,48,4007,4009,4037,2,30
1473,9,48,4013,4014,4040,1,27
1475,1,48,4018,4019,4043,1,25
1247,3,48,3396,3397,4046,1,650
1420,6,48,3869,3870,4049,1,180
1481,7,48,4034,4035,4052,1,18
1024,10,48,2789,2790,4055,1,1266
1016,2,48,2767,2768,4058,1,1291
1248,4,48,3399,3401,4061,2,662
1079,5,48,2938,2939,4064,1,1126
1022,8,48,2783,2784,4067,1,1284
1483,9,48,4040,4041,4070,1,30
1485,1,48,4045,4046,4073,1,28
1257,3,48,3423,3425,4076,2,653
1430,6,48,3896,3897,4079,1,183
1491,7,48,4061,4062,4082,1,21
1493,9,48,4067,4068,4085,1,18
1026,2,48,2794,2795,4088,1,1294
1258,4,48,3426,3428,4091,2,665
1440,6,48,3923,3924,4094,1,171
1032,8,48,2810,2811,4097,1,1287
1034,10,48,2816,2818,4100,2,1284
1495,1,48,4073,4075,4103,2,30
1267,3,48,3450,3452,4106,2,656
1089,5,48,2966,2967,4109,1,1143
1501,7,48,4089,4091,4112,2,23
1503,9,48,4095,4097,4115,2,20
1505,1,48,4100,4101,4118,1,18
1268,4,48,3453,3455,4121,2,668
1450,6,48,3950,3951,4124,1,174
1042,8,48,2837,2839,4127,2,1290
1044,10,48,2843,2844,4130,1,1287
1036,2,48,2821,2822,4133,1,1312
1277,3,48,3478,3480,4136,2,658
1460,6,48,3978,3980,4139,2,161
1511,7,48,4116,4117,4142,1,26
1513,9,48,4122,4124,4145,2,23
1515,1,48,4127,4129,4148,2,21
1278,4,48,3481,3482,4151,1,670
1099,5,48,2993,2994,4154,1,1161
1052,8,48,2864,2866,4157,2,1293
1054,10,48,2870,2871,4160,1,1290
1046,2,48,2848,2849,4163,1,1315
1287,3,48,3505,3506,4166,1,661
1470,6,48,4005,4006,4169,1,164
1521,7,48,4143,4145,4172,2,29
1523,9,48,4149,4151,4175,2,26
1525,1,48,4155,4156,4178,1,23
1288,4,48,3508,3509,4181,1,673
1480,6,48,4032,4034,4184,2,152
1531,7,48,4171,4172,4187,1,16
1064,10,48,2898,2900,4190,2,1292
1056,2,48,2876,2877,4193,1,1317
1297,3,48,3532,3534,4196,2,664
1109,5,48,3020,3021,4199,1,1179
1062,8,48,2892,2893,4202,1,1310
1533,9,48,4177,4178,4205,1,28
1535,1,48,4182,4183,4208,1,26
1298,4,48,3535,3536,4211,1,676
1490,6,48,4059,4061,4214,2,155
1541,7,48,4198,4199,4217,1,19
1543,9,48,4204,4205,4220,1,16
1066,2,48,2903,2904,4223,1,1320
1307,3,48,3560,3561,4226,1,666
1500,6,48,4087,4088,4229,1,142
1072,8,48,2919,2921,4232,2,1313
1074,10,48,2925,2926,4235,1,1310
1545,1,48,4209,4210,4238,1,29
1308,4,48,3563,3565,4241,2,678
1119,5,48,3047,3048,4244,1,1197
1551,7,48,4225,4226,4247,1,22
1553,9,48,4231,4232,4250,1,19
1555,1,48,4236,4237,4253,1,17
1317,3,48,3587,3588,4256,1,669
1510,6,48,4114,4115,4259,1,145
1082,8,48,2946,2947,4262,1,1316
1084,10,48,2952,2954,4265,2,1313
1076,2,48,2930,2931,4268,1,1338
1318,4,48,3590,3592,4271,2,681
1520,6,48,4141,4142,4274,1,133
1561,7,48,4252,4253,4277,1,25
1563,9,48,4258,4259,4280,1,22
1565,1,48,4264,4265,4283,1,19
1327,3,48,3614,3615,4286,1,672
1129,5,48,3075,3077,4289,2,1214
1092,8,48,2974,2975,4292,1,1318
1094,10,48,2980,2981,4295,1,1315
1086,2,48,2958,2960,4298,2,1340
1328,4,48,3617,3619,4301,2,684
1530,6,48,4169,4170,4304,1,135
1571,7,48,4280,4281,4307,1,27
1573,9,48,4286,4288,4310,2,24
1575,1,48,4291,4293,4313,2,22
1337,3,48,3641,3642,4316,1,675
1540,6,48,4196,4197,4319,1,123
1102,8,48,3001,3002,4322,1,1321
1104,10,48,3007,3008,4325,1,1318
1096,2,48,2985,2987,4328,2,1343
1338,4,48,3644,3646,4331,2,687
1139,5,48,3102,3104,4334,2,1232
1581,7,48,4307,4309,4337,2,30
1583,9,48,4313,4314,4340,1,27
1585,1,48,4318,4319,4343,1,25
1347,3,48,3669,3671,4346,2,677
1550,6,48,4223,4224,4349,1,126
1591,7,48,4334,4335,4352,1,18
1114,10,48,3034,3035,4355,1,1321
1106,2,48,3012,3014,4358,2,1346
1348,4,48,3672,3673,4361,1,689
1560,6,48,4250,4251,4364,1,114
1112,8,48,3028,3029,4367,1,1339
1593,9,48,4340,4341,4370,1,30
1595,1,48,4345,4346,4373,1,28
1357,3,48,3696,3697,4376,1,680
1149,5,48,3129,3130,4379,1,1250
1601,7,48,4361,4362,4382,1,21
1603,9,48,4367,4368,4385,1,18
1116,2,48,3039,3041,4388,2,1349
1358,4,48,3699,3701,4391,2,692
1570,6,48,4278,4280,4394,2,116
1122,8,48,3055,3056,4397,1,1342
1124,10,48,3061,3062,4400,1,1339
1605,1,48,4373,4375,4403,2,30
1367,3,48,3723,3725,4406,2,683
1580,6,48,4305,4306,4409,1,104
1611,7,48,4389,4391,4412,2,23
1613,9,48,4395,4397,4415,2,20
1615,1,48,4400,4401,4418,1,18
1368,4,48,3726,3728,4421,2,695
1159,5,48,3156,3157,4424,1,1268
1132,8,48,3083,3084,4427,1,1344
1134,10,48,3089,3090,4430,1,1341
1126,2,48,3067,3068,4433,1,1366
1377,3,48,3750,3752,4436,2,686
1590,6,48,4332,4334,4439,2,107
1621,7,48,4416,4417,4442,1,26
1623,9,48,4422,4424,4445,2,23
1625,1,48,4427,4429,4448,2,21
1378,4,48,3753,3755,4451,2,698
1600,6,48,4359,4361,4454,2,95
1142,8,48,3110,3111,4457,1,1347
1144,10,48,3116,3118,4460,2,1344
1136,2,48,3094,3095,4463,1,1369
1387,3,48,3778,3780,4466,2,688
1169,5,48,3184,3185,4469,1,1285
1631,7,48,4443,4445,4472,2,29
1633,9,48,4449,4451,4475,2,26
1635,1,48,4455,4456,4478,1,23
1388,4,48,3781,3782,4481,1,700
1610,6,48,4387,4388,4484,1,97
1641,7,48,4471,4472,4487,1,16
1154,10,48,3143,3144,4490,1,1347
1146,2,48,3121,3122,4493,1,1372
1397,3,48,3805,3806,4496,1,691
1620,6,48,4414,4415,4499,1,85
1152,8,48,3137,3139,4502,2,1365
1643,9,48,4477,4478,4505,1,28
1645,1,48,4482,4483,4508,1,26
1398,4,48,3808,3809,4511,1,703
1179,5,48,3211,3212,4514,1,1303
1651,7,48,4498,4499,4517,1,19
1653,9,48,4504,4505,4520,1,16
1156,2,48,3148,3149,4523,1,1375
1407,3,48,3832,3834,4526,2,694
1630,6,48,4441,4442,4529,1,88
1162,8,48,3164,3166,4532,2,1368
1164,10,48,3170,3171,4535,1,1365
1655,1,48,4509,4510,4538,1,29
1408,4,48,3835,3836,4541,1,706
1640,6,48,4469,4470,4544,1,75
1661,7,48,4525,4526,4547,1,22
1663,9,48,4531,4532,4550,1,19
1665,1,48,4536,4537,4553,1,17
1417,3,48,3860,3861,4556,1,696
1189,5,48,3238,3239,4559,1,1321
1172,8,48,3192,3193,4562,1,1370
1174,10,48,3198,3200,4565,2,1367
1166,2,48,3176,3177,4568,1,1392
1418,4,48,3863,3865,4571,2,708
1650,6,48,4496,4497,4574,1,78
1671,7,48,4552,4553,4577,1,25
1673,9,48,4558,4559,4580,1,22
1675,1,48,4564,4565,4583,1,19
1427,3,48,3887,3888,4586,1,699
1660,6,48,4523,4524,4589,1,66
1182,8,48,3219,3221,4592,2,1373
1184,10,48,3225,3226,4595,1,1370
1176,2,48,3203,3204,4598,1,1395
1428,4,48,3890,3892,4601,2,711
1199,5,48,3266,3267,4604,1,1338
1681,7,48,4580,4581,4607,1,27
1683,9,48,4586,4588,4610,2,24
1685,1,48,4591,4593,4613,2,22
1437,3,48,3914,3915,4616,1,702
1670,6,48,4550,4551,4619,1,69
1192,8,48,3246,3247,4622,1,1376
1194,10,48,3252,3254,4625,2,1373
1186,2,48,3230,3231,4628,1,1398
1438,4,48,3917,3919,4631,2,714
1680,6,48,4578,4580,4634,2,56
1691,7,48,4607,4609,4637,2,30
1693,9,48,4613,4614,4640,1,27
1695,1,48,4618,4619,4643,1,25
1447,3,48,3941,3942,4646,1,705
1209,5,48,3293,3294,4649,1,1356
1701,7,48,4634,4635,4652,1,18
1204,10,48,3280,3281,4655,1,1375
1196,2,48,3258,3260,4658,2,1400
1448,4,48,3944,3946,4661,2,717
1690,6,48,4605,4606,4664,1,59
1202,8,48,3274,3275,4667,1,1393
1703,9,48,4640,4641,4670,1,30
1705,1,48,4645,4646,4673,1,28
1457,3,48,3969,3971,4676,2,707
1700,6,48,4632,4634,4679,2,47
1711,7,48,4661,4662,4682,1,21
1713,9,48,4667,4668,4685,1,18
1206,2,48,3285,3287,4688,2,1403
1458,4,48,3972,3973,4691,1,719
1219,5,48,3320,3321,4694,1,1374
1212,8,48,3301,3302,4697,1,1396
1214,10,48,3307,3308,4700,1,1393
1715,1,48,4673,4675,4703,2,30
1467,3,48,3996,3997,4706,1,710
1710,6,48,4659,4661,4709,2,50
1721,7,48,4689,4691,4712,2,23
1723,9,48,4695,4697,4715,2,20
1725,1,48,4700,4701,4718,1,18
1468,4,48,3999,4001,4721,2,722
1720,6,48,4687,4688,4724,1,37
1222,8,48,3328,3329,4727,1,1399
1224,10,48,3334,3335,4730,1,1396
1216,2,48,3312,3314,4733,2,1421
1477,3,48,4023,4025,4736,2,713
1229,5,48,3347,3348,4739,1,1392
1731,7,48,4716,4717,4742,1,26
1733,9,48,4722,4724,4745,2,23
1735,1,48,4727,4729,4748,2,21
1478,4,48,4026,4028,4751,2,725
1730,6,48,4714,4715,4754,1,40
1232,8,48,3355,3356,4757,1,1402
1234,10,48,3361,3362,4760,1,1399
1226,2,48,3339,3341,4763,2,1424
1487,3,48,4050,4052,4766,2,716
1740,6,48,4741,4742,4769,1,28
1741,7,48,4743,4745,4772,2,29
1743,9,48,4749,4751,4775,2,26
1745,1,48,4755,4756,4778,1,23
1488,4,48,4053,4055,4781,2,728
1239,5,48,3375,3377,4784,2,1409
1751,7,48,4771,4772,4787,1,16
1244,10,48,3389,3390,4790,1,1401
1236,2,48,3367,3368,4793,1,1426
1497,3,48,4078,4080,4796,2,718
1750,6,48,4769,4770,4799,1,30
1242,8,48,3383,3384,4802,1,1419
1753,9,48,4777,4778,4805,1,28
1755,1,48,4782,4783,4808,1,26
1498,4,48,4081,4082,4811,1,730
1760,6,48,4796,4797,4814,1,18
1761,7,48,4798,4799,4817,1,19
1763,9,48,4804,4805,4820,1,16
1246,2,48,3394,3395,4823,1,1429
1507,3,48,4105,4106,4826,1,721
1249,5,48,3402,3404,4829,2,1427
1252,8,48,3410,3411,4832,1,1422
1254,10,48,3416,3418,4835,2,1419
1765,1,48,4809,4810,4838,1,29
1508,4,48,4108,4109,4841,1,733
1770,6,48,4823,4824,4844,1,21
1771,7,48,4825,4826,4847,1,22
1773,9,48,4831,4832,4850,1,19
1775,1,48,4836,4837,4853,1,17
1517,3,48,4132,4134,4856,2,724
1259,5,48,3429,3430,4859,1,1430
1262,8,48,3437,3439,4862,2,1425
1264,10,48,3443,3444,4865,1,1422
1256,2,48,3421,3422,4868,1,1447
1518,4,48,4135,4136,4871,1,736
1780,6,48,4850,4851,4874,1,24
1781,7,48,4852,4853,4877,1,25
1783,9,48,4858,4859,4880,1,22
1785,1,48,4864,4865,4883,1,19
1527,3,48,4160,4161,4886,1,726
1269,5,48,3456,3457,4889,1,1433
1272,8,48,3464,3466,4892,2,1428
1274,10,48,3470,3471,4895,1,1425
1266,2,48,3448,3449,4898,1,1450
1528,4,48,4163,4165,4901,2,738
1790,6,48,4878,4880,4904,2,26
1791,7,48,4880,4881,4907,1,27
1793,9,48,4886,4888,4910,2,24
1795,1,48,4891,4893,4913,2,22
1537,3,48,4187,4188,4916,1,729
1279,5,48,3484,3485,4919,1,1435
1282,8,48,3492,3493,4922,1,1430
1284,10,48,3498,3500,4925,2,1427
1276,2,48,3476,3477,4928,1,1452
1538,4,48,4190,4192,4931,2,741
1800,6,48,4905,4906,4934,1,29
1801,7,48,4907,4909,4937,2,30
1803,9,48,4913,4914,4940,1,27
1805,1,48,4918,4919,4943,1,25
1547,3,48,4214,4215,4946,1,732
1810,6,48,4932,4934,4949,2,17
1811,7,48,4934,4935,4952,1,18
1294,10,48,3525,3526,4955,1,1430
1286,2,48,3503,3504,4958,1,1455
1548,4,48,4217,4219,4961,2,744
1289,5,48,3511,3512,4964,1,1453
1292,8,48,3519,3521,4967,2,1448
1813,9,48,4940,4941,4970,1,30
1815,1,48,4945,4946,4973,1,28
1557,3,48,4241,4242,4976,1,735
1820,6,48,4959,4961,4979,2,20
1821,7,48,4961,4962,4982,1,21
1823,9,48,4967,4968,4985,1,18
1296,2,48,3530,3531,4988,1,1458
1558,4,48,4244,4246,4991,2,747
1299,5,48,3538,3539,4994,1,1456
1302,8,48,3546,3547,4997,1,1451
1304,10,48,3552,3554,5000,2,1448
1825,1,48,4973,4975,5003,2,30
1567,3,48,4269,4271,5006,2,737
1830,6,48,4987,4988,5009,1,22
1831,7,48,4989,4991,5012,2,23
1833,9,48,4995,4997,5015,2,20
1835,1,48,5000,5001,5018,1,18
1568,4,48,4272,4273,5021,1,749
1309,5,48,3566,3567,5024,1,1458
1312,8,48,3574,3575,5027,1,1453
1314,10,48,3580,3581,5030,1,1450
1306,2,48,3558,3560,5033,2,1475
1577,3,48,4296,4297,5036,1,740
1840,6,48,5014,5015,5039,1,25
1841,7,48,5016,5017,5042,1,26
1843,9,48,5022,5024,5045,2,23
1845,1,48,5027,5029,5048,2,21
1578,4,48,4299,4301,5051,2,752
1319,5,48,3593,3594,5054,1,1461
1322,8,48,3601,3602,5057,1,1456
1324,10,48,3607,3608,5060,1,1453
1316,2,48,3585,3587,5063,2,1478
1587,3,48,4323,4325,5066,2,743
1850,6,48,5041,5042,5069,1,28
1851,7,48,5043,5045,5072,2,29
1853,9,48,5049,5051,5075,2,26
1855,1,48,5055,5056,5078,1,23
1588,4,48,4326,4328,5081,2,755
1329,5,48,3620,3621,5084,1,1464
1861,7,48,5071,5072,5087,1,16
1334,10,48,3634,3635,5090,1,1456
1326,2,48,3612,3614,5093,2,1481
1597,3,48,4350,4352,5096,2,746
1860,6,48,5069,5070,5099,1,30
1332,8,48,3628,3629,5102,1,1474
1863,9,48,5077,5078,5105,1,28
1865,1,48,5082,5083,5108,1,26
1598,4,48,4353,4355,5111,2,758
1870,6,48,5096,5097,5114,1,18
1871,7,48,5098,5099,5117,1,19
1873,9,48,5104,5105,5120,1,16
1336,2,48,3639,3641,5123,2,1484
1607,3,48,4378,4380,5126,2,748
1339,5,48,3647,3648,5129,1,1482
1342,8,48,3655,3656,5132,1,1477
1344,10,48,3661,3662,5135,1,1474
1875,1,48,5109,5110,5138,1,29
1608,4,48,4381,4382,5141,1,760
1880,6,48,5123,5124,5144,1,21
1881,7,48,5125,5126,5147,1,22
1883,9,48,5131,5132,5150,1,19
1885,1,48,5136,5137,5153,1,17
1617,3,48,4405,4406,5156,1,751
1349,5,48,3675,3677,5159,2,1484
1352,8,48,3683,3684,5162,1,1479
1354,10,48,3689,3690,5165,1,1476
1346,2,48,3667,3668,5168,1,1501
1618,4,48,4408,4409,5171,1,763
1890,6,48,5150,5151,5174,1,24
1891,7,48,5152,5153,5177,1,25
1893,9,48,5158,5159,5180,1,22
1895,1,48,5164,5165,5183,1,19
1627,3,48,4432,4434,5186,2,754
1359,5,48,3702,3704,5189,2,1487
1362,8,48,3710,3711,5192,1,1482
1364,10,48,3716,3718,5195,2,1479
1356,2,48,3694,3695,5198,1,1504
1628,4,48,4435,4436,5201,1,766
1900,6,48,5178,5180,5204,2,26
1901,7,48,5180,5181,5207,1,27
1903,9,48,5186,5188,5210,2,24
1905,1,48,5191,5193,5213,2,22
1637,3,48,4460,4461,5216,1,756
1369,5,48,3729,3730,5219,1,1490
1372,8,48,3737,3739,5222,2,1485
1374,10,48,3743,3744,5225,1,1482
1366,2,48,3721,3722,5228,1,1507
1638,4,48,4463,4465,5231,2,768
1910,6,48,5205,5206,5234,1,29
1911,7,48,5207,5209,5237,2,30
1913,9,48,5213,5214,5240,1,27
1915,1,48,5218,5219,5243,1,25
1647,3,48,4487,4488,5246,1,759
1920,6,48,5232,5234,5249,2,17
1921,7,48,5234,5235,5252,1,18
1384,10,48,3770,3771,5255,1,1485
1376,2,48,3748,3749,5258,1,1510
1648,4,48,4490,4492,5261,2,771
1379,5,48,3756,3757,5264,1,1508
1382,8,48,3764,3766,5267,2,1503
1923,9,48,5240,5241,5270,1,30
1925,1,48,5245,5246,5273,1,28
1657,3,48,4514,4515,5276,1,762
1930,6,48,5259,5261,5279,2,20
1931,7,48,5261,5262,5282,1,21
1933,9,48,5267,5268,5285,1,18
1386,2,48,3776,3777,5288,1,1512
1658,4,48,4517,4519,5291,2,774
1389,5,48,3784,3785,5294,1,1510
1392,8,48,3792,3793,5297,1,1505
1394,10,48,3798,3800,5300,2,1502
1935,1,48,5273,5275,5303,2,30
1667,3,48,4541,4542,5306,1,765
1940,6,48,5287,5288,5309,1,22
1941,7,48,5289,5291,5312,2,23
1943,9,48,5295,5297,5315,2,20
1945,1,48,5300,5301,5318,1,18
1668,4,48,4544,4546,5321,2,777
1399,5,48,3811,3812,5324,1,1513
1402,8,48,3819,3821,5327,2,1508
1404,10,48,3825,3826,5330,1,1505
1396,2,48,3803,3804,5333,1,1530
1677,3,48,4569,4571,5336,2,767
1950,6,48,5314,5315,5339,1,25
1951,7,48,5316,5317,5342,1,26
1953,9,48,5322,5324,5345,2,23
1955,1,48,5327,5329,5348,2,21
1678,4,48,4572,4573,5351,1,779
1409,5,48,3838,3839,5354,1,1516
1412,8,48,3846,3847,5357,1,1511
1414,10,48,3852,3854,5360,2,1508
1406,2,48,3830,3831,5363,1,1533
1687,3,48,4596,4597,5366,1,770
1960,6,48,5341,5342,5369,1,28
1961,7,48,5343,5345,5372,2,29
1963,9,48,5349,5351,5375,2,26
1965,1,48,5355,5356,5378,1,23
1688,4,48,4599,4601,5381,2,782
1419,5,48,3866,3867,5384,1,1518
1971,7,48,5371,5372,5387,1,16
1424,10,48,3880,3881,5390,1,1510
1416,2,48,3858,3860,5393,2,1535
1697,3,48,4623,4625,5396,2,773
1970,6,48,5369,5370,5399,1,30
1422,8,48,3874,3875,5402,1,1528
1973,9,48,5377,5378,5405,1,28
1975,1,48,5382,5383,5408,1,26
1698,4,48,4626,4628,5411,2,785
1980,6,48,5396,5397,5414,1,18
1981,7,48,5398,5399,5417,1,19
1983,9,48,5404,5405,5420,1,16
1426,2,48,3885,3887,5423,2,1538
1707,3,48,4650,4652,5426,2,776
1429,5,48,3893,3894,5429,1,1536
1432,8,48,3901,3902,5432,1,1531
1434,10,48,3907,3908,5435,1,1528
1985,1,48,5409,5410,5438,1,29
1708,4,48,4653,4655,5441,2,788
1990,6,48,5423,5424,5444,1,21
1991,7,48,5425,5426,5447,1,22
1993,9,48,5431,5432,5450,1,19
1995,1,48,5436,5437,5453,1,17
1717,3,48,4678,4680,5456,2,778
1439,5,48,3920,3921,5459,1,1539
1442,8,48,3928,3929,5462,1,1534
1444,10,48,3934,3935,5465,1,1531
1436,2,48,3912,3914,5468,2,1556
1718,4,48,4681,4682,5471,1,790
2000,6,48,5450,5451,5474,1,24
2001,7,48,5452,5453,5477,1,25
2003,9,48,5458,5459,5480,1,22
2005,1,48,5464,5465,5483,1,19
1727,3,48,4705,4706,5486,1,781
1449,5,48,3947,3948,5489,1,1542
1452,8,48,3955,3956,5492,1,1537
1454,10,48,3961,3962,5495,1,1534
1446,2,48,3939,3941,5498,2,1559
1728,4,48,4708,4709,5501,1,793
2010,6,48,5478,5480,5504,2,26
2011,7,48,5480,5481,5507,1,27
2013,9,48,5486,5488,5510,2,24
2015,1,48,5491,5493,5513,2,22
1737,3,48,4732,4734,5516,2,784
1459,5,48,3975,3977,5519,2,1544
1462,8,48,3983,3984,5522,1,1539
1464,10,48,3989,3990,5525,1,1536
1456,2,48,3967,3968,5528,1,1561
1738,4,48,4735,4736,5531,1,796
2020,6,48,5505,5506,5534,1,29
2021,7,48,5507,5509,5537,2,30
2023,9,48,5513,5514,5540,1,27
2025,1,48,5518,5519,5543,1,25
1747,3,48,4760,4761,5546,1,786
2030,6,48,5532,5534,5549,2,17
2031,7,48,5534,5535,5552,1,18
1474,10,48,4016,4018,5555,2,1539
1466,2,48,3994,3995,5558,1,1564
1748,4,48,4763,4765,5561,2,798
1469,5,48,4002,4004,5564,2,1562
1472,8,48,4010,4011,5567,1,1557
2033,9,48,5540,5541,5570,1,30
2035,1,48,5545,5546,5573,1,28
1757,3,48,4787,4788,5576,1,789
2040,6,48,5559,5561,5579,2,20
2041,7,48,5561,5562,5582,1,21
2043,9,48,5567,5568,5585,1,18
1476,2,48,4021,4022,5588,1,1567
1758,4,48,4790,4792,5591,2,801
1479,5,48,4029,4030,5594,1,1565
1482,8,48,4037,4039,5597,2,1560
1484,10,48,4043,4044,5600,1,1557
2045,1,48,5573,5575,5603,2,30
1767,3,48,4814,4815,5606,1,792
2050,6,48,5587,5588,5609,1,22
2051,7,48,5589,5591,5612,2,23
2053,9,48,5595,5597,5615,2,20
2055,1,48,5600,5601,5618,1,18
1768,4,48,4817,4819,5621,2,804
1489,5,48,4056,4057,5624,1,1568
1492,8,48,4064,4066,5627,2,1563
1494,10,48,4070,4071,5630,1,1560
1486,2,48,4048,4049,5633,1,1585
1777,3,48,4841,4842,5636,1,795
2060,6,48,5614,5615,5639,1,25
2061,7,48,5616,5617,5642,1,26
2063,9,48,5622,5624,5645,2,23
2065,1,48,5627,5629,5648,2,21
1778,4,48,4844,4846,5651,2,807
1499,5,48,4084,4085,5654,1,1570
1502,8,48,4092,4093,5657,1,1565
1504,10,48,4098,4100,5660,2,1562
1496,2,48,4076,4077,5663,1,1587
1787,3,48,4869,4871,5666,2,797
2070,6,48,5641,5642,5669,1,28
2071,7,48,5643,5645,5672,2,29
2073,9,48,5649,5651,5675,2,26
2075,1,48,5655,5656,5678,1,23
1788,4,48,4872,4873,5681,1,809
1509,5,48,4111,4112,5684,1,1573
2081,7,48,5671,5672,5687,1,16
1514,10,48,4125,4126,5690,1,1565
1506,2,48,4103,4104,5693,1,1590
1797,3,48,4896,4897,5696,1,800
2080,6,48,5669,5670,5699,1,30
1512,8,48,4119,4121,5702,2,1583
2083,9,48,5677,5678,5705,1,28
2085,1,48,5682,5683,5708,1,26
1798,4,48,4899,4901,5711,2,812
2090,6,48,5696,5697,5714,1,18
2091,7,48,5698,5699,5717,1,19
2093,9,48,5704,5705,5720,1,16
1516,2,48,4130,4131,5723,1,1593
1807,3,48,4923,4925,5726,2,803
1519,5,48,4138,4139,5729,1,1591
1522,8,48,4146,4147,5732,1,1586
1524,10,48,4152,4154,5735,2,1583
2095,1,48,5709,5710,5738,1,29
1808,4,48,4926,4928,5741,2,815
2100,6,48,5723,5724,5744,1,21
2101,7,48,5725,5726,5747,1,22
2103,9,48,5731,5732,5750,1,19
2105,1,48,5736,5737,5753,1,17
1817,3,48,4950,4952,5756,2,806
1529,5,48,4166,4167,5759,1,1593
1532,8,48,4174,4175,5762,1,1588
1534,10,48,4180,4181,5765,1,1585
1526,2,48,4158,4160,5768,2,1610
1818,4,48,4953,4955,5771,2,818
2110,6,48,5750,5751,5774,1,24
2111,7,48,5752,5753,5777,1,25
2113,9,48,5758,5759,5780,1,22
2115,1,48,5764,5765,5783,1,19
1827,3,48,4978,4980,5786,2,808
1539,5,48,4193,4194,5789,1,1596
1542,8,48,4201,4202,5792,1,1591
1544,10,48,4207,4208,5795,1,1588
1536,2,48,4185,4187,5798,2,1613
1828,4,48,4981,4982,5801,1,820
2120,6,48,5778,5780,5804,2,26
2121,7,48,5780,5781,5807,1,27
2123,9,48,5786,5788,5810,2,24
2125,1,48,5791,5793,5813,2,22
1837,3,48,5005,5006,5816,1,811
1549,5,48,4220,4221,5819,1,1599
1552,8,48,4228,4229,5822,1,1594
1554,10,48,4234,4235,5825,1,1591
1546,2,48,4212,4214,5828,2,1616
1838,4,48,5008,5009,5831,1,823
2130,6,48,5805,5806,5834,1,29
2131,7,48,5807,5809,5837,2,30
2133,9,48,5813,5814,5840,1,27
2135,1,48,5818,5819,5843,1,25
1847,3,48,5032,5034,5846,2,814
2140,6,48,5832,5834,5849,2,17
2141,7,48,5834,5835,5852,1,18
1564,10,48,4261,4262,5855,1,1594
1556,2,48,4239,4241,5858,2,1619
1848,4,48,5035,5036,5861,1,826
1559,5,48,4247,4248,5864,1,1617
1562,8,48,4255,4256,5867,1,1612
2143,9,48,5840,5841,5870,1,30
2145,1,48,5845,5846,5873,1,28
1857,3,48,5060,5061,5876,1,816
2150,6,48,5859,5861,5879,2,20
2151,7,48,5861,5862,5882,1,21
2153,9,48,5867,5868,5885,1,18
1566,2,48,4267,4268,5888,1,1621
1858,4,48,5063,5065,5891,2,828
1569,5,48,4275,4277,5894,2,1619
1572,8,48,4283,4284,5897,1,1614
1574,10,48,4289,4290,5900,1,1611
2155,1,48,5873,5875,5903,2,30
1867,3,48,5087,5088,5906,1,819
2160,6,48,5887,5888,5909,1,22
2161,7,48,5889,5891,5912,2,23
2163,9,48,5895,5897,5915,2,20
2165,1,48,5900,5901,5918,1,18
1868,4,48,5090,5092,5921,2,831
1579,5,48,4302,4304,5924,2,1622
1582,8,48,4310,4311,5927,1,1617
1584,10,48,4316,4318,5930,2,1614
1576,2,48,4294,4295,5933,1,1639
1877,3,48,5114,5115,5936,1,822
2170,6,48,5914,5915,5939,1,25
2171,7,48,5916,5917,5942,1,26
2173,9,48,5922,5924,5945,2,23
2175,1,48,5927,5929,5948,2,21
1878,4,48,5117,5119,5951,2,834
1589,5,48,4329,4330,5954,1,1625
1592,8,48,4337,4339,5957,2,1620
1594,10,48,4343,4344,5960,1,1617
1586,2,48,4321,4322,5963,1,1642
1887,3,48,5141,5142,5966,1,825
2180,6,48,5941,5942,5969,1,28
2181,7,48,5943,5945,5972,2,29
2183,9,48,5949,5951,5975,2,26
2185,1,48,5955,5956,5978,1,23
1888,4,48,5144,5146,5981,2,837
1599,5,48,4356,4357,5984,1,1628
2191,7,48,5971,5972,5987,1,16
1604,10,48,4370,4371,5990,1,1620
1596,2,48,4348,4349,5993,1,1645
1897,3,48,5169,5171,5996,2,827
2190,6,48,5969,5970,5999,1,30
1602,8,48,4364,4366,6002,2,1638
2193,9,48,5977,5978,6005,1,28
2195,1,48,5982,5983,6008,1,26
1898,4,48,5172,5173,6011,1,839
2200,6,48,5996,5997,6014,1,18
2201,7,48,5998,5999,6017,1,19
2203,9,48,6004,6005,6020,1,16
1606,2,48,4376,4377,6023,1,1647
1907,3,48,5196,5197,6026,1,830
1609,5,48,4384,4385,6029,1,1645
1612,8,48,4392,4393,6032,1,1640
1614,10,48,4398,4400,6035,2,1637
2205,1,48,6009,6010,6038,1,29
1908,4,48,5199,5201,6041,2,842
2210,6,48,6023,6024,6044,1,21
2211,7,48,6025,6026,6047,1,22
2213,9,48,6031,6032,6050,1,19
2215,1,48,6036,6037,6053,1,17
1917,3,48,5223,5225,6056,2,833
1619,5,48,4411,4412,6059,1,1648
1622,8,48,4419,4421,6062,2,1643
1624,10,48,4425,4426,6065,1,1640
1616,2,48,4403,4404,6068,1,1665
1918,4,48,5226,5228,6071,2,845
2220,6,48,6050,6051,6074,1,24
2221,7,48,6052,6053,6077,1,25
2223,9,48,6058,6059,6080,1,22
2225,1,48,6064,6065,6083,1,19
1927,3,48,5250,5252,6086,2,836
1629,5,48,4438,4439,6089,1,1651
1632,8,48,4446,4447,6092,1,1646
1634,10,48,4452,4454,6095,2,1643
1626,2,48,4430,4431,6098,1,1668
1928,4,48,5253,5255,6101,2,848
2230,6,48,6078,6080,6104,2,26
2231,7,48,6080,6081,6107,1,27
2233,9,48,6086,6088,6110,2,24
2235,1,48,6091,6093,6113,2,22
1937,3,48,5278,5280,6116,2,838
1639,5,48,4466,4467,6119,1,1653
1642,8,48,4474,4475,6122,1,1648
1644,10,48,4480,4481,6125,1,1645
1636,2,48,4458,4460,6128,2,1670
1938,4,48,5281,5282,6131,1,850
2240,6,48,6105,6106,6134,1,29
2241,7,48,6107,6109,6137,2,30
2243,9,48,6113,6114,6140,1,27
2245,1,48,6118,6119,6143,1,25
1947,3,48,5305,5306,6146,1,841
2250,6,48,6132,6134,6149,2,17
2251,7,48,6134,6135,6152,1,18
1654,10,48,4507,4508,6155,1,1648
1646,2,48,4485,4487,6158,2,1673
1948,4,48,5308,5309,6161,1,853
1649,5,48,4493,4494,6164,1,1671
1652,8,48,4501,4502,6167,1,1666
2253,9,48,6140,6141,6170,1,30
2255,1,48,6145,6146,6173,1,28
1957,3,48,5332,5334,6176,2,844
2260,6,48,6159,6161,6179,2,20
2261,7,48,6161,6162,6182,1,21
2263,9,48,6167,6168,6185,1,18
1656,2,48,4512,4514,6188,2,1676
1958,4,48,5335,5336,6191,1,856
1659,5,48,4520,4521,6194,1,1674
1662,8,48,4528,4529,6197,1,1669
1664,10,48,4534,4535,6200,1,1666
2265,1,48,6173,6175,6203,2,30
1967,3,48,5360,5361,6206,1,846
2270,6,48,6187,6188,6209,1,22
2271,7,48,6189,6191,6212,2,23
2273,9,48,6195,6197,6215,2,20
2275,1,48,6200,6201,6218,1,18
1968,4,48,5363,5365,6221,2,858
1669,5,48,4547,4548,6224,1,1677
1672,8,48,4555,4556,6227,1,1672
1674,10,48,4561,4562,6230,1,1669
1666,2,48,4539,4541,6233,2,1694
1977,3,48,5387,5388,6236,1,849
2280,6,48,6214,6215,6239,1,25
2281,7,48,6216,6217,6242,1,26
2283,9,48,6222,6224,6245,2,23
2285,1,48,6227,6229,6248,2,21
1978,4,48,5390,5392,6251,2,861
1679,5,48,4575,4577,6254,2,1679
1682,8,48,4583,4584,6257,1,1674
1684,10,48,4589,4590,6260,1,1671
1676,2,48,4567,4568,6263,1,1696
1987,3,48,5414,5415,6266,1,852
2290,6,48,6241,6242,6269,1,28
2291,7,48,6243,6245,6272,2,29
2293,9,48,6249,6251,6275,2,26
2295,1,48,6255,6256,6278,1,23
1988,4,48,5417,5419,6281,2,864
1689,5,48,4602,4604,6284,2,1682
2301,7,48,6271,6272,6287,1,16
1694,10,48,4616,4618,6290,2,1674
1686,2,48,4594,4595,6293,1,1699
1997,3,48,5441,5442,6296,1,855
2300,6,48,6269,6270,6299,1,30
1692,8,48,4610,4611,6302,1,1692
2303,9,48,6277,6278,6305,1,28
2305,1,48,6282,6283,6308,1,26
1998,4,48,5444,5446,6311,2,867
2310,6,48,6296,6297,6314,1,18
2311,7,48,6298,6299,6317,1,19
2313,9,48,6304,6305,6320,1,16
1696,2,48,4621,4622,6323,1,1702
2007,3,48,5469,5471,6326,2,857
1699,5,48,4629,4630,6329,1,1700
1702,8,48,4637,4639,6332,2,1695
1704,10,48,4643,4644,6335,1,1692
2315,1,48,6309,6310,6338,1,29
2008,4,48,5472,5473,6341,1,869
2320,6,48,6323,6324,6344,1,21
2321,7,48,6325,6326,6347,1,22
2323,9,48,6331,6332,6350,1,19
2325,1,48,6336,6337,6353,1,17
2017,3,48,5496,5497,6356,1,860
1709,5,48,4656,4657,6359,1,1703
1712,8,48,4664,4666,6362,2,1698
1714,10,48,4670,4671,6365,1,1695
1706,2,48,4648,4649,6368,1,1720
2018,4,48,5499,5501,6371,2,872
2330,6,48,6350,6351,6374,1,24
2331,7,48,6352,6353,6377,1,25
2333,9,48,6358,6359,6380,1,22
2335,1,48,6364,6365,6383,1,19
2027,3,48,5523,5525,6386,2,863
1719,5,48,4684,4685,6389,1,1705
1722,8,48,4692,4693,6392,1,1700
1724,10,48,4698,4700,6395,2,1697
1716,2,48,4676,4677,6398,1,1722
2028,4,48,5526,5528,6401,2,875
2340,6,48,6378,6380,6404,2,26
2341,7,48,6380,6381,6407,1,27
2343,9,48,6386,6388,6410,2,24
2345,1,48,6391,6393,6413,2,22
2037,3,48,5550,5552,6416,2,866
1729,5,48,4711,4712,6419,1,1708
1732,8,48,4719,4721,6422,2,1703
1734,10,48,4725,4726,6425,1,1700
1726,2,48,4703,4704,6428,1,1725
2038,4,48,5553,5555,6431,2,878
2350,6,48,6405,6406,6434,1,29
2351,7,48,6407,6409,6437,2,30
2353,9,48,6413,6414,6440,1,27
2355,1,48,6418,6419,6443,1,25
2047,3,48,5578,5580,6446,2,868
2360,6,48,6432,6434,6449,2,17
2361,7,48,6434,6435,6452,1,18
1744,10,48,4752,4754,6455,2,1703
1736,2,48,4730,4731,6458,1,1728
2048,4,48,5581,5582,6461,1,880
1739,5,48,4738,4739,6464,1,1726
1742,8,48,4746,4747,6467,1,1721
2363,9,48,6440,6441,6470,1,30
2365,1,48,6445,6446,6473,1,28
2057,3,48,5605,5606,6476,1,871
2370,6,48,6459,6461,6479,2,20
2371,7,48,6461,6462,6482,1,21
2373,9,48,6467,6468,6485,1,18
1746,2,48,4758,4760,6488,2,1730
2058,4,48,5608,5609,6491,1,883
1749,5,48,4766,4767,6494,1,1728
1752,8,48,4774,4775,6497,1,1723
1754,10,48,4780,4781,6500,1,1720
2375,1,48,6473,6475,6503,2,30
2067,3,48,5632,5634,6506,2,874
2380,6,48,6487,6488,6509,1,22
2381,7,48,6489,6491,6512,2,23
2383,9,48,6495,6497,6515,2,20
2385,1,48,6500,6501,6518,1,18
2068,4,48,5635,5636,6521,1,886
1759,5,48,4793,4794,6524,1,1731
1762,8,48,4801,4802,6527,1,1726
1764,10,48,4807,4808,6530,1,1723
1756,2,48,4785,4787,6533,2,1748
2077,3,48,5660,5661,6536,1,876
2390,6,48,6514,6515,6539,1,25
2391,7,48,6516,6517,6542,1,26
2393,9,48,6522,6524,6545,2,23
2395,1,48,6527,6529,6548,2,21
2078,4,48,5663,5665,6551,2,888
1769,5,48,4820,4821,6554,1,1734
1772,8,48,4828,4829,6557,1,1729
1774,10,48,4834,4835,6560,1,1726
1766,2,48,4812,4814,6563,2,1751
2087,3,48,5687,5688,6566,1,879
2400,6,48,6541,6542,6569,1,28
2401,7,48,6543,6545,6572,2,29
2403,9,48,6549,6551,6575,2,26
2405,1,48,6555,6556,6578,1,23
2088,4,48,5690,5692,6581,2,891
1779,5,48,4847,4848,6584,1,1737
2411,7,48,6571,6572,6587,1,16
1784,10,48,4861,4862,6590,1,1729
1776,2,48,4839,4841,6593,2,1754
2097,3,48,5714,5715,6596,1,882
2410,6,48,6569,6570,6599,1,30
1782,8,48,4855,4856,6602,1,1747
2413,9,48,6577,6578,6605,1,28
2415,1,48,6582,6583,6608,1,26
2098,4,48,5717,5719,6611,2,894
2420,6,48,6596,6597,6614,1,18
2421,7,48,6598,6599,6617,1,19
2423,9,48,6604,6605,6620,1,16
1786,2,48,4867,4868,6623,1,1756
2107,3,48,5741,5742,6626,1,885
1789,5,48,4875,4877,6629,2,1754
1792,8,48,4883,4884,6632,1,1749
1794,10,48,4889,4890,6635,1,1746
2425,1,48,6609,6610,6638,1,29
2108,4,48,5744,5746,6641,2,897
2430,6,48,6623,6624,6644,1,21
2431,7,48,6625,6626,6647,1,22
2433,9,48,6631,6632,6650,1,19
2435,1,48,6636,6637,6653,1,17
2117,3,48,5769,5771,6656,2,887
1799,5,48,4902,4904,6659,2,1757
1802,8,48,4910,4911,6662,1,1752
1804,10,48,4916,4918,6665,2,1749
1796,2,48,4894,4895,6668,1,1774
2118,4,48,5772,5773,6671,1,899
2440,6,48,6650,6651,6674,1,24
2441,7,48,6652,6653,6677,1,25
2443,9,48,6658,6659,6680,1,22
2445,1,48,6664,6665,6683,1,19
2127,3,48,5796,5797,6686,1,890
1809,5,48,4929,4930,6689,1,1760
1812,8,48,4937,4939,6692,2,1755
1814,10,48,4943,4944,6695,1,1752
1806,2,48,4921,4922,6698,1,1777
2128,4,48,5799,5801,6701,2,902
2450,6,48,6678,6680,6704,2,26
2451,7,48,6680,6681,6707,1,27
2453,9,48,6686,6688,6710,2,24
2455,1,48,6691,6693,6713,2,22
2137,3,48,5823,5825,6716,2,893
1819,5,48,4956,4957,6719,1,1763
1822,8,48,4964,4966,6722,2,1758
1824,10,48,4970,4971,6725,1,1755
1816,2,48,4948,4949,6728,1,1780
2138,4,48,5826,5828,6731,2,905
2460,6,48,6705,6706,6734,1,29
2461,7,48,6707,6709,6737,2,30
2463,9,48,6713,6714,6740,1,27
2465,1,48,6718,6719,6743,1,25
2147,3,48,5850,5852,6746,2,896
2470,6,48,6732,6734,6749,2,17
2471,7,48,6734,6735,6752,1,18
1834,10,48,4998,5000,6755,2,1757
1826,2,48,4976,4977,6758,1,1782
2148,4,48,5853,5855,6761,2,908
1829,5,48,4984,4985,6764,1,1780
1832,8,48,4992,4993,6767,1,1775
2473,9,48,6740,6741,6770,1,30
2475,1,48,6745,6746,6773,1,28
2157,3,48,5878,5880,6776,2,898
2480,6,48,6759,6761,6779,2,20
2481,7,48,6761,6762,6782,1,21
2483,9,48,6767,6768,6785,1,18
1836,2,48,5003,5004,6788,1,1785
2158,4,48,5881,5882,6791,1,910
1839,5,48,5011,5012,6794,1,1783
1842,8,48,5019,5021,6797,2,1778
1844,10,48,5025,5026,6800,1,1775
2485,1,48,6773,6775,6803,2,30
2167,3,48,5905,5906,6806,1,901
2490,6,48,6787,6788,6809,1,22
2491,7,48,6789,6791,6812,2,23
2493,9,48,6795,6797,6815,2,20
2495,1,48,6800,6801,6818,1,18
2168,4,48,5908,5909,6821,1,913
1849,5,48,5038,5039,6824,1,1786
1852,8,48,5046,5047,6827,1,1781
1854,10,48,5052,5054,6830,2,1778
1846,2,48,5030,5031,6833,1,1803
2177,3,48,5932,5934,6836,2,904
2500,6,48,6814,6815,6839,1,25
2501,7,48,6816,6817,6842,1,26
2503,9,48,6822,6824,6845,2,23
2505,1,48,6827,6829,6848,2,21
2178,4,48,5935,5936,6851,1,916
1859,5,48,5066,5067,6854,1,1788
1862,8,48,5074,5075,6857,1,1783
1864,10,48,5080,5081,6860,1,1780
1856,2,48,5058,5060,6863,2,1805
2187,3,48,5960,5961,6866,1,906
2510,6,48,6841,6842,6869,1,28
2511,7,48,6843,6845,6872,2,29
2513,9,48,6849,6851,6875,2,26
2515,1,48,6855,6856,6878,1,23
2188,4,48,5963,5965,6881,2,918
1869,5,48,5093,5094,6884,1,1791
2521,7,48,6871,6872,6887,1,16
1874,10,48,5107,5108,6890,1,1783
1866,2,48,5085,5087,6893,2,1808
2197,3,48,5987,5988,6896,1,909
2520,6,48,6869,6870,6899,1,30
1872,8,48,5101,5102,6902,1,1801
2523,9,48,6877,6878,6905,1,28
2525,1,48,6882,6883,6908,1,26
2198,4,48,5990,5992,6911,2,921
2530,6,48,6896,6897,6914,1,18
2531,7,48,6898,6899,6917,1,19
2533,9,48,6904,6905,6920,1,16
1876,2,48,5112,5114,6923,2,1811
2207,3,48,6014,6015,6926,1,912
1879,5,48,5120,5121,6929,1,1809
1882,8,48,5128,5129,6932,1,1804
1884,10,48,5134,5135,6935,1,1801
2535,1,48,6909,6910,6938,1,29
2208,4,48,6017,6019,6941,2,924
2540,6,48,6923,6924,6944,1,21
2541,7,48,6925,6926,6947,1,22
2543,9,48,6931,6932,6950,1,19
2545,1,48,6936,6937,6953,1,17
2217,3,48,6041,6042,6956,1,915
1889,5,48,5147,5148,6959,1,1812
1892,8,48,5155,5156,6962,1,1807
1894,10,48,5161,5162,6965,1,1804
1886,2,48,5139,5141,6968,2,1829
2218,4,48,6044,6046,6971,2,927
2550,6,48,6950,6951,6974,1,24
2551,7,48,6952,6953,6977,1,25
2553,9,48,6958,6959,6980,1,22
2555,1,48,6964,6965,6983,1,19
2227,3,48,6069,6071,6986,2,917
1899,5,48,5175,5177,6989,2,1814
1902,8,48,5183,5184,6992,1,1809
1904,10,48,5189,5190,6995,1,1806
1896,2,48,5167,5168,6998,1,1831
2228,4,48,6072,6073,7001,1,929
2560,6,48,6978,6980,7004,2,26
2561,7,48,6980,6981,7007,1,27
2563,9,48,6986,6988,7010,2,24
2565,1,48,6991,6993,7013,2,22
2237,3,48,6096,6097,7016,1,920
1909,5,48,5202,5204,7019,2,1817
1912,8,48,5210,5211,7022,1,1812
1914,10,48,5216,5218,7025,2,1809
1906,2,48,5194,5195,7028,1,1834
2238,4,48,6099,6101,7031,2,932
2570,6,48,7005,7006,7034,1,29
2571,7,48,7007,7009,7037,2,30
2573,9,48,7013,7014,7040,1,27
2575,1,48,7018,7019,7043,1,25
2247,3,48,6123,6125,7046,2,923
2580,6,48,7032,7034,7049,2,17
2581,7,48,7034,7035,7052,1,18
1924,10,48,5243,5244,7055,1,1812
1916,2,48,5221,5222,7058,1,1837
2248,4,48,6126,6128,7061,2,935
1919,5,48,5229,5230,7064,1,1835
1922,8,48,5237,5239,7067,2,1830
2583,9,48,7040,7041,7070,1,30
2585,1,48,7045,7046,7073,1,28
2257,3,48,6150,6152,7076,2,926
2590,6,48,7059,7061,7079,2,20
2591,7,48,7061,7062,7082,1,21
2593,9,48,7067,7068,7085,1,18
1926,2,48,5248,5249,7088,1,1840
2258,4,48,6153,6155,7091,2,938
1929,5,48,5256,5257,7094,1,1838
1932,8,48,5264,5266,7097,2,1833
1934,10,48,5270,5271,7100,1,1830
2595,1,48,7073,7075,7103,2,30
2267,3,48,6178,6180,7106,2,928
2600,6,48,7087,7088,7109,1,22
2601,7,48,7089,7091,7112,2,23
2603,9,48,7095,7097,7115,2,20
2605,1,48,7100,7101,7118,1,18
2268,4,48,6181,6182,7121,1,940
1939,5,48,5284,5285,7124,1,1840
1942,8,48,5292,5293,7127,1,1835
1944,10,48,5298,5300,7130,2,1832
1936,2,48,5276,5277,7133,1,1857
2277,3,48,6205,6206,7136,1,931
2610,6,48,7114,7115,7139,1,25
2611,7,48,7116,7117,7142,1,26
2613,9,48,7122,7124,7145,2,23
2615,1,48,7127,7129,7148,2,21
2278,4,48,6208,6209,7151,1,943
1949,5,48,5311,5312,7154,1,1843
1952,8,48,5319,5321,7157,2,1838
1954,10,48,5325,5326,7160,1,1835
1946,2,48,5303,5304,7163,1,1860
2287,3,48,6232,6234,7166,2,934
2620,6,48,7141,7142,7169,1,28
2621,7,48,7143,7145,7172,2,29
2623,9,48,7149,7151,7175,2,26
2625,1,48,7155,7156,7178,1,23
2288,4,48,6235,6236,7181,1,946
1959,5,48,5338,5339,7184,1,1846
2631,7,48,7171,7172,7187,1,16
1964,10,48,5352,5354,7190,2,1838
1956,2,48,5330,5331,7193,1,1863
2297,3,48,6260,6261,7196,1,936
2630,6,48,7169,7170,7199,1,30
1962,8,48,5346,5347,7202,1,1856
2633,9,48,7177,7178,7205,1,28
2635,1,48,7182,7183,7208,1,26
2298,4,48,6263,6265,7211,2,948
2640,6,48,7196,7197,7214,1,18
2641,7,48,7198,7199,7217,1,19
2643,9,48,7204,7205,7220,1,16
1966,2,48,5358,5360,7223,2,1865
2307,3,48,6287,6288,7226,1,939
1969,5,48,5366,5367,7229,1,1863
1972,8,48,5374,5375,7232,1,1858
1974,10,48,5380,5381,7235,1,1855
2645,1,48,7209,7210,7238,1,29
2308,4,48,6290,6292,7241,2,951
2650,6,48,7223,7224,7244,1,21
2651,7,48,7225,7226,7247,1,22
2653,9,48,7231,7232,7250,1,19
2655,1,48,7236,7237,7253,1,17
2317,3,48,6314,6315,7256,1,942
1979,5,48,5393,5394,7259,1,1866
1982,8,48,5401,5402,7262,1,1861
1984,10,48,5407,5408,7265,1,1858
1976,2,48,5385,5387,7268,2,1883
2318,4,48,6317,6319,7271,2,954
2660,6,48,7250,7251,7274,1,24
2661,7,48,7252,7253,7277,1,25
2663,9,48,7258,7259,7280,1,22
2665,1,48,7264,7265,7283,1,19
2327,3,48,6341,6342,7286,1,945
1989,5,48,5420,5421,7289,1,1869
1992,8,48,5428,5429,7292,1,1864
1994,10,48,5434,5435,7295,1,1861
1986,2,48,5412,5414,7298,2,1886
2328,4,48,6344,6346,7301,2,957
2670,6,48,7278,7280,7304,2,26
2671,7,48,7280,7281,7307,1,27
2673,9,48,7286,7288,7310,2,24
2675,1,48,7291,7293,7313,2,22
2337,3,48,6369,6371,7316,2,947
1999,5,48,5447,5448,7319,1,1872
2002,8,48,5455,5456,7322,1,1867
2004,10,48,5461,5462,7325,1,1864
1996,2,48,5439,5441,7328,2,1889
2338,4,48,6372,6373,7331,1,959
2680,6,48,7305,7306,7334,1,29
2681,7,48,7307,7309,7337,2,30
2683,9,48,7313,7314,7340,1,27
2685,1,48,7318,7319,7343,1,25
2347,3,48,6396,6397,7346,1,950
2690,6,48,7332,7334,7349,2,17
2691,7,48,7334,7335,7352,1,18
2014,10,48,5489,5490,7355,1,1866
2006,2,48,5467,5468,7358,1,1891
2348,4,48,6399,6401,7361,2,962
2009,5,48,5475,5477,7364,2,1889
2012,8,48,5483,5484,7367,1,1884
2693,9,48,7340,7341,7370,1,30
2695,1,48,7345,7346,7373,1,28
2357,3,48,6423,6425,7376,2,953
2700,6,48,7359,7361,7379,2,20
2701,7,48,7361,7362,7382,1,21
2703,9,48,7367,7368,7385,1,18
2016,2,48,5494,5495,7388,1,1894
2358,4,48,6426,6428,7391,2,965
2019,5,48,5502,5504,7394,2,1892
2022,8,48,5510,5511,7397,1,1887
2024,10,48,5516,5518,7400,2,1884
2705,1,48,7373,7375,7403,2,30
2367,3,48,6450,6452,7406,2,956
2710,6,48,7387,7388,7409,1,22
2711,7,48,7389,7391,7412,2,23
2713,9,48,7395,7397,7415,2,20
2715,1,48,7400,7401,7418,1,18
2368,4,48,6453,6455,7421,2,968
2029,5,48,5529,5530,7424,1,1895
2032,8,48,5537,5539,7427,2,1890
2034,10,48,5543,5544,7430,1,1887
2026,2,48,5521,5522,7433,1,1912
2377,3,48,6478,6480,7436,2,958
2720,6,48,7414,7415,7439,1,25
2721,7,48,7416,7417,7442,1,26
2723,9,48,7422,7424,7445,2,23
2725,1,48,7427,7429,7448,2,21
2378,4,48,6481,6482,7451,1,970
2039,5,48,5556,5557,7454,1,1898
2042,8,48,5564,5566,7457,2,1893
2044,10,48,5570,5571,7460,1,1890
2036,2,48,5548,5549,7463,1,1915
2387,3,48,6505,6506,7466,1,961
2730,6,48,7441,7442,7469,1,28
2731,7,48,7443,7445,7472,2,29
2733,9,48,7449,7451,7475,2,26
2735,1,48,7455,7456,7478,1,23
2388,4,48,6508,6509,7481,1,973
2049,5,48,5584,5585,7484,1,1900
2741,7,48,7471,7472,7487,1,16
2054,10,48,5598,5600,7490,2,1892
2046,2,48,5576,5577,7493,1,1917
2397,3,48,6532,6534,7496,2,964
2740,6,48,7469,7470,7499,1,30
2052,8,48,5592,5593,7502,1,1910
2743,9,48,7477,7478,7505,1,28
2745,1,48,7482,7483,7508,1,26
2398,4,48,6535,6536,7511,1,976
2750,6,48,7496,7497,7514,1,18
2751,7,48,7498,7499,7517,1,19
2753,9,48,7504,7505,7520,1,16
2056,2,48,5603,5604,7523,1,1920
2407,3,48,6560,6561,7526,1,966
2059,5,48,5611,5612,7529,1,1918
2062,8,48,5619,5621,7532,2,1913
2064,10,48,5625,5626,7535,1,1910
2755,1,48,7509,7510,7538,1,29
2408,4,48,6563,6565,7541,2,978
2760,6,48,7523,7524,7544,1,21
2761,7,48,7525,7526,7547,1,22
2763,9,48,7531,7532,7550,1,19
2765,1,48,7536,7537,7553,1,17
2417,3,48,6587,6588,7556,1,969
2069,5,48,5638,5639,7559,1,1921
2072,8,48,5646,5647,7562,1,1916
2074,10,48,5652,5654,7565,2,1913
2066,2,48,5630,5631,7568,1,1938
2418,4,48,6590,6592,7571,2,981
2770,6,48,7550,7551,7574,1,24
2771,7,48,7552,7553,7577,1,25
2773,9,48,7558,7559,7580,1,22
2775,1,48,7564,7565,7583,1,19
2427,3,48,6614,6615,7586,1,972
2079,5,48,5666,5667,7589,1,1923
2082,8,48,5674,5675,7592,1,1918
2084,10,48,5680,5681,7595,1,1915
2076,2,48,5658,5660,7598,2,1940
2428,4,48,6617,6619,7601,2,984
2780,6,48,7578,7580,7604,2,26
2781,7,48,7580,7581,7607,1,27
2783,9,48,7586,7588,7610,2,24
2785,1,48,7591,7593,7613,2,22
2437,3,48,6641,6642,7616,1,975
2089,5,48,5693,5694,7619,1,1926
2092,8,48,5701,5702,7622,1,1921
2094,10,48,5707,5708,7625,1,1918
2086,2,48,5685,5687,7628,2,1943
2438,4,48,6644,6646,7631,2,987
2790,6,48,7605,7606,7634,1,29
2791,7,48,7607,7609,7637,2,30
2793,9,48,7613,7614,7640,1,27
2795,1,48,7618,7619,7643,1,25
2447,3,48,6669,6671,7646,2,977
2800,6,48,7632,7634,7649,2,17
2801,7,48,7634,7635,7652,1,18
2104,10,48,5734,5735,7655,1,1921
2096,2,48,5712,5714,7658,2,1946
2448,4,48,6672,6673,7661,1,989
2099,5,48,5720,5721,7664,1,1944
2102,8,48,5728,5729,7667,1,1939
2803,9,48,7640,7641,7670,1,30
2805,1,48,7645,7646,7673,1,28
2457,3,48,6696,6697,7676,1,980
2810,6,48,7659,7661,7679,2,20
2811,7,48,7661,7662,7682,1,21
2813,9,48,7667,7668,7685,1,18
2106,2,48,5739,5741,7688,2,1949
2458,4,48,6699,6701,7691,2,992
2109,5,48,5747,5748,7694,1,1947
2112,8,48,5755,5756,7697,1,1942
2114,10,48,5761,5762,7700,1,1939
2815,1,48,7673,7675,7703,2,30
2467,3,48,6723,6725,7706,2,983
2820,6,48,7687,7688,7709,1,22
2821,7,48,7689,7691,7712,2,23
2823,9,48,7695,7697,7715,2,20
2825,1,48,7700,7701,7718,1,18
2468,4,48,6726,6728,7721,2,995
2119,5,48,5775,5777,7724,2,1949
2122,8,48,5783,5784,7727,1,1944
2124,10,48,5789,5790,7730,1,1941
2116,2,48,5767,5768,7733,1,1966
2477,3,48,6750,6752,7736,2,986
2830,6,48,7714,7715,7739,1,25
2831,7,48,7716,7717,7742,1,26
2833,9,48,7722,7724,7745,2,23
2835,1,48,7727,7729,7748,2,21
2478,4,48,6753,6755,7751,2,998
2129,5,48,5802,5804,7754,2,1952
2132,8,48,5810,5811,7757,1,1947
2134,10,48,5816,5818,7760,2,1944
2126,2,48,5794,5795,7763,1,1969
2487,3,48,6778,6780,7766,2,988
2840,6,48,7741,7742,7769,1,28
2841,7,48,7743,7745,7772,2,29
2843,9,48,7749,7751,7775,2,26
2845,1,48,7755,7756,7778,1,23
2488,4,48,6781,6782,7781,1,1000
2139,5,48,5829,5830,7784,1,1955
2851,7,48,7771,7772,7787,1,16
2144,10,48,5843,5844,7790,1,1947
2136,2,48,5821,5822,7793,1,1972
2497,3,48,6805,6806,7796,1,991
2850,6,48,7769,7770,7799,1,30
2142,8,48,5837,5839,7802,2,1965
2853,9,48,7777,7778,7805,1,28
2855,1,48,7782,7783,7808,1,26
2498,4,48,6808,6809,7811,1,1003
2860,6,48,7796,7797,7814,1,18
2861,7,48,7798,7799,7817,1,19
2863,9,48,7804,7805,7820,1,16
2146,2,48,5848,5849,7823,1,1975
2507,3,48,6832,6834,7826,2,994
2149,5,48,5856,5857,7829,1,1973
2152,8,48,5864,5866,7832,2,1968
2154,10,48,5870,5871,7835,1,1965
2865,1,48,7809,7810,7838,1,29
2508,4,48,6835,6836,7841,1,1006
2870,6,48,7823,7824,7844,1,21
2871,7,48,7825,7826,7847,1,22
2873,9,48,7831,7832,7850,1,19
2875,1,48,7836,7837,7853,1,17
2517,3,48,6860,6861,7856,1,996
2159,5,48,5884,5885,7859,1,1975
2162,8,48,5892,5893,7862,1,1970
2164,10,48,5898,5900,7865,2,1967
2156,2,48,5876,5877,7868,1,1992
2518,4,48,6863,6865,7871,2,1008
2880,6,48,7850,7851,7874,1,24
2881,7,48,7852,7853,7877,1,25
2883,9,48,7858,7859,7880,1,22
2885,1,48,7864,7865,7883,1,19
2527,3,48,6887,6888,7886,1,999
2169,5,48,5911,5912,7889,1,1978
2172,8,48,5919,5921,7892,2,1973
2174,10,48,5925,5926,7895,1,1970
2166,2,48,5903,5904,7898,1,1995
2528,4,48,6890,6892,7901,2,1011
2890,6,48,7878,7880,7904,2,26
2891,7,48,7880,7881,7907,1,27
2893,9,48,7886,7888,7910,2,24
2895,1,48,7891,7893,7913,2,22
2537,3,48,6914,6915,7916,1,1002
2179,5,48,5938,5939,7919,1,1981
2182,8,48,5946,5947,7922,1,1976
2184,10,48,5952,5954,7925,2,1973
2176,2,48,5930,5931,7928,1,1998
2538,4,48,6917,6919,7931,2,1014
2900,6,48,7905,7906,7934,1,29
2901,7,48,7907,7909,7937,2,30
2903,9,48,7913,7914,7940,1,27
2905,1,48,7918,7919,7943,1,25
2547,3,48,6941,6942,7946,1,1005
2910,6,48,7932,7934,7949,2,17
2911,7,48,7934,7935,7952,1,18
2194,10,48,5980,5981,7955,1,1975
2186,2,48,5958,5960,7958,2,2000
2548,4,48,6944,6946,7961,2,1017
2189,5,48,5966,5967,7964,1,1998
2192,8,48,5974,5975,7967,1,1993
2913,9,48,7940,7941,7970,1,30
2915,1,48,7945,7946,7973,1,28
2557,3,48,6969,6971,7976,2,1007
2920,6,48,7959,7961,7979,2,20
2921,7,48,7961,7962,7982,1,21
2923,9,48,7967,7968,7985,1,18
2196,2,48,5985,5987,7988,2,2003
2558,4,48,6972,6973,7991,1,1019
2199,5,48,5993,5994,7994,1,2001
2202,8,48,6001,6002,7997,1,1996
2204,10,48,6007,6008,8000,1,1993
2925,1,48,7973,7975,8003,2,30
2567,3,48,6996,6997,8006,1,1010
2930,6,48,7987,7988,8009,1,22
2931,7,48,7989,7991,8012,2,23
2933,9,48,7995,7997,8015,2,20
2935,1,48,8000,8001,8018,1,18
2568,4,48,6999,7001,8021,2,1022
2209,5,48,6020,6021,8024,1,2004
2212,8,48,6028,6029,8027,1,1999
2214,10,48,6034,6035,8030,1,1996
2206,2,48,6012,6014,8033,2,2021
2577,3,48,7023,7025,8036,2,1013
2940,6,48,8014,8015,8039,1,25
2941,7,48,8016,8017,8042,1,26
2943,9,48,8022,8024,8045,2,23
2945,1,48,8027,8029,8048,2,21
2578,4,48,7026,7028,8051,2,1025
2219,5,48,6047,6048,8054,1,2007
2222,8,48,6055,6056,8057,1,2002
2224,10,48,6061,6062,8060,1,1999
2216,2,48,6039,6041,8063,2,2024
2587,3,48,7050,7052,8066,2,1016
2950,6,48,8041,8042,8069,1,28
2951,7,48,8043,8045,8072,2,29
2953,9,48,8049,8051,8075,2,26
2955,1,48,8055,8056,8078,1,23
2588,4,48,7053,7055,8081,2,1028
2229,5,48,6075,6077,8084,2,2009
2961,7,48,8071,8072,8087,1,16
2234,10,48,6089,6090,8090,1,2001
2226,2,48,6067,6068,8093,1,2026
2597,3,48,7078,7080,8096,2,1018
2960,6,48,8069,8070,8099,1,30
2232,8,48,6083,6084,8102,1,2019
2963,9,48,8077,8078,8105,1,28
2965,1,48,8082,8083,8108,1,26
2598,4,48,7081,7082,8111,1,1030
2970,6,48,8096,8097,8114,1,18
2971,7,48,8098,8099,8117,1,19
2973,9,48,8104,8105,8120,1,16
2236,2,48,6094,6095,8123,1,2029
2607,3,48,7105,7106,8126,1,1021
2239,5,48,6102,6104,8129,2,2027
2242,8,48,6110,6111,8132,1,2022
2244,10,48,6116,6118,8135,2,2019
2975,1,48,8109,8110,8138,1,29
2608,4,48,7108,7109,8141,1,1033
2980,6,48,8123,8124,8144,1,21
2981,7,48,8125,8126,8147,1,22
2983,9,48,8131,8132,8150,1,19
2985,1,48,8136,8137,8153,1,17
2617,3,48,7132,7134,8156,2,1024
2249,5,48,6129,6130,8159,1,2030
2252,8,48,6137,6139,8162,2,2025
2254,10,48,6143,6144,8165,1,2022
2246,2,48,6121,6122,8168,1,2047
2618,4,48,7135,7136,8171,1,1036
2990,6,48,8150,8151,8174,1,24
2991,7,48,8152,8153,8177,1,25
2993,9,48,8158,8159,8180,1,22
2995,1,48,8164,8165,8183,1,19
2627,3,48,7160,7161,8186,1,1026
2259,5,48,6156,6157,8189,1,2033
2262,8,48,6164,6166,8192,2,2028
2264,10,48,6170,6171,8195,1,2025
2256,2,48,6148,6149,8198,1,2050
2628,4,48,7163,7165,8201,2,1038
3000,6,48,8178,8180,8204,2,26
3001,7,48,8180,8181,8207,1,27
3003,9,48,8186,8188,8210,2,24
3005,1,48,8191,8193,8213,2,22
2637,3,48,7187,7188,8216,1,1029
2269,5,48,6184,6185,8219,1,2035
2272,8,48,6192,6193,8222,1,2030
2274,10,48,6198,6200,8225,2,2027
2266,2,48,6176,6177,8228,1,2052
2638,4,48,7190,7192,8231,2,1041
3010,6,48,8205,8206,8234,1,29
3011,7,48,8207,8209,8237,2,30
3013,9,48,8213,8214,8240,1,27
3015,1,48,8218,8219,8243,1,25
2647,3,48,7214,7215,8246,1,1032
3020,6,48,8232,8234,8249,2,17
3021,7,48,8234,8235,8252,1,18
2284,10,48,6225,6226,8255,1,2030
2276,2,48,6203,6204,8258,1,2055
2648,4,48,7217,7219,8261,2,1044
2279,5,48,6211,6212,8264,1,2053
2282,8,48,6219,6221,8267,2,2048
3023,9,48,8240,8241,8270,1,30
3025,1,48,8245,8246,8273,1,28
2657,3,48,7241,7242,8276,1,1035
3030,6,48,8259,8261,8279,2,20
3031,7,48,8261,8262,8282,1,21
3033,9,48,8267,8268,8285,1,18
2286,2,48,6230,6231,8288,1,2058
2658,4,48,7244,7246,8291,2,1047
2289,5,48,6238,6239,8294,1,2056
2292,8,48,6246,6247,8297,1,2051
2294,10,48,6252,6254,8300,2,2048
3035,1,48,8273,8275,8303,2,30
2667,3,48,7269,7271,8306,2,1037
3040,6,48,8287,8288,8309,1,22
3041,7,48,8289,8291,8312,2,23
3043,9,48,8295,8297,8315,2,20
3045,1,48,8300,8301,8318,1,18
2668,4,48,7272,7273,8321,1,1049
2299,5,48,6266,6267,8324,1,2058
2302,8,48,6274,6275,8327,1,2053
2304,10,48,6280,6281,8330,1,2050
2296,2,48,6258,6260,8333,2,2075
2677,3,48,7296,7297,8336,1,1040
3050,6,48,8314,8315,8339,1,25
3051,7,48,8316,8317,8342,1,26
3053,9,48,8322,8324,8345,2,23
3055,1,48,8327,8329,8348,2,21
2678,4,48,7299,7301,8351,2,1052
2309,5,48,6293,6294,8354,1,2061
2312,8,48,6301,6302,8357,1,2056
2314,10,48,6307,6308,8360,1,2053
2306,2,48,6285,6287,8363,2,2078
2687,3,48,7323,7325,8366,2,1043
3060,6,48,8341,8342,8369,1,28
3061,7,48,8343,8345,8372,2,29
3063,9,48,8349,8351,8375,2,26
3065,1,48,8355,8356,8378,1,23
2688,4,48,7326,7328,8381,2,1055
2319,5,48,6320,6321,8384,1,2064
3071,7,48,8371,8372,8387,1,16
2324,10,48,6334,6335,8390,1,2056
2316,2,48,6312,6314,8393,2,2081
2697,3,48,7350,7352,8396,2,1046
3070,6,48,8369,8370,8399,1,30
2322,8,48,6328,6329,8402,1,2074
3073,9,48,8377,8378,8405,1,28
3075,1,48,8382,8383,8408,1,26
2698,4,48,7353,7355,8411,2,1058
3080,6,48,8396,8397,8414,1,18
3081,7,48,8398,8399,8417,1,19
3083,9,48,8404,8405,8420,1,16
2326,2,48,6339,6341,8423,2,2084
2707,3,48,7378,7380,8426,2,1048
2329,5,48,6347,6348,8429,1,2082
2332,8,48,6355,6356,8432,1,2077
2334,10,48,6361,6362,8435,1,2074
3085,1,48,8409,8410,8438,1,29
2708,4,48,7381,7382,8441,1,1060
3090,6,48,8423,8424,8444,1,21
3091,7,48,8425,8426,8447,1,22
3093,9,48,8431,8432,8450,1,19
3095,1,48,8436,8437,8453,1,17
2717,3,48,7405,7406,8456,1,1051
2339,5,48,6375,6377,8459,2,2084
2342,8,48,6383,6384,8462,1,2079
2344,10,48,6389,6390,8465,1,2076
2336,2,48,6367,6368,8468,1,2101
2718,4,48,7408,7409,8471,1,1063
3100,6,48,8450,8451,8474,1,24
3101,7,48,8452,8453,8477,1,25
3103,9,48,8458,8459,8480,1,22
3105,1,48,8464,8465,8483,1,19
2727,3,48,7432,7434,8486,2,1054
2349,5,48,6402,6404,8489,2,2087
2352,8,48,6410,6411,8492,1,2082
2354,10,48,6416,6418,8495,2,2079
2346,2,48,6394,6395,8498,1,2104
2728,4,48,7435,7436,8501,1,1066
3110,6,48,8478,8480,8504,2,26
3111,7,48,8480,8481,8507,1,27
3113,9,48,8486,8488,8510,2,24
3115,1,48,8491,8493,8513,2,22
2737,3,48,7460,7461,8516,1,1056
2359,5,48,6429,6430,8519,1,2090
2362,8,48,6437,6439,8522,2,2085
2364,10,48,6443,6444,8525,1,2082
2356,2,48,6421,6422,8528,1,2107
2738,4,48,7463,7465,8531,2,1068
3120,6,48,8505,8506,8534,1,29
3121,7,48,8507,8509,8537,2,30
3123,9,48,8513,8514,8540,1,27
3125,1,48,8518,8519,8543,1,25
2747,3,48,7487,7488,8546,1,1059
3130,6,48,8532,8534,8549,2,17
3131,7,48,8534,8535,8552,1,18
2374,10,48,6470,6471,8555,1,2085
2366,2,48,6448,6449,8558,1,2110
2748,4,48,7490,7492,8561,2,1071
2369,5,48,6456,6457,8564,1,2108
2372,8,48,6464,6466,8567,2,2103
3133,9,48,8540,8541,8570,1,30
3135,1,48,8545,8546,8573,1,28
2757,3,48,7514,7515,8576,1,1062
3140,6,48,8559,8561,8579,2,20
3141,7,48,8561,8562,8582,1,21
3143,9,48,8567,8568,8585,1,18
2376,2,48,6476,6477,8588,1,2112
2758,4,48,7517,7519,8591,2,1074
2379,5,48,6484,6485,8594,1,2110
2382,8,48,6492,6493,8597,1,2105
2384,10,48,6498,6500,8600,2,2102
3145,1,48,8573,8575,8603,2,30
2767,3,48,7541,7542,8606,1,1065
3150,6,48,8587,8588,8609,1,22
3151,7,48,8589,8591,8612,2,23
3153,9,48,8595,8597,8615,2,20
3155,1,48,8600,8601,8618,1,18
2768,4,48,7544,7546,8621,2,1077
2389,5,48,6511,6512,8624,1,2113
2392,8,48,6519,6521,8627,2,2108
2394,10,48,6525,6526,8630,1,2105
2386,2,48,6503,6504,8633,1,2130
2777,3,48,7569,7571,8636,2,1067
3160,6,48,8614,8615,8639,1,25
3161,7,48,8616,8617,8642,1,26
3163,9,48,8622,8624,8645,2,23
3165,1,48,8627,8629,8648,2,21
2778,4,48,7572,7573,8651,1,1079
2399,5,48,6538,6539,8654,1,2116
2402,8,48,6546,6547,8657,1,2111
2404,10,48,6552,6554,8660,2,2108
2396,2,48,6530,6531,8663,1,2133
2787,3,48,7596,7597,8666,1,1070
3170,6,48,8641,8642,8669,1,28
3171,7,48,8643,8645,8672,2,29
3173,9,48,8649,8651,8675,2,26
3175,1,48,8655,8656,8678,1,23
2788,4,48,7599,7601,8681,2,1082
2409,5,48,6566,6567,8684,1,2118
3181,7,48,8671,8672,8687,1,16
2414,10,48,6580,6581,8690,1,2110
2406,2,48,6558,6560,8693,2,2135
2797,3,48,7623,7625,8696,2,1073
3180,6,48,8669,8670,8699,1,30
2412,8,48,6574,6575,8702,1,2128
3183,9,48,8677,8678,8705,1,28
3185,1,48,8682,8683,8708,1,26
2798,4,48,7626,7628,8711,2,1085
3190,6,48,8696,8697,8714,1,18
3191,7,48,8698,8699,8717,1,19
3193,9,48,8704,8705,8720,1,16
2416,2,48,6585,6587,8723,2,2138
2807,3,48,7650,7652,8726,2,1076
2419,5,48,6593,6594,8729,1,2136
2422,8,48,6601,6602,8732,1,2131
2424,10,48,6607,6608,8735,1,2128
3195,1,48,8709,8710,8738,1,29
2808,4,48,7653,7655,8741,2,1088
3200,6,48,8723,8724,8744,1,21
3201,7,48,8725,8726,8747,1,22
3203,9,48,8731,8732,8750,1,19
3205,1,48,8736,8737,8753,1,17
2817,3,48,7678,7680,8756,2,1078
2429,5,48,6620,6621,8759,1,2139
2432,8,48,6628,6629,8762,1,2134
2434,10,48,6634,6635,8765,1,2131
2426,2,48,6612,6614,8768,2,2156
2818,4,48,7681,7682,8771,1,1090
3210,6,48,8750,8751,8774,1,24
3211,7,48,8752,8753,8777,1,25
3213,9,48,8758,8759,8780,1,22
3215,1,48,8764,8765,8783,1,19
2827,3,48,7705,7706,8786,1,1081
2439,5,48,6647,6648,8789,1,2142
2442,8,48,6655,6656,8792,1,2137
2444,10,48,6661,6662,8795,1,2134
2436,2,48,6639,6641,8798,2,2159
2828,4,48,7708,7709,8801,1,1093
3220,6,48,8778,8780,8804,2,26
3221,7,48,8780,8781,8807,1,27
3223,9,48,8786,8788,8810,2,24
3225,1,48,8791,8793,8813,2,22
2837,3,48,7732,7734,8816,2,1084
2449,5,48,6675,6677,8819,2,2144
2452,8,48,6683,6684,8822,1,2139
2454,10,48,6689,6690,8825,1,2136
2446,2,48,6667,6668,8828,1,2161
2838,4,48,7735,7736,8831,1,1096
3230,6,48,8805,8806,8834,1,29
3231,7,48,8807,8809,8837,2,30
3233,9,48,8813,8814,8840,1,27
3235,1,48,8818,8819,8843,1,25
2847,3,48,7760,7761,8846,1,1086
3240,6,48,8832,8834,8849,2,17
3241,7,48,8834,8835,8852,1,18
2464,10,48,6716,6718,8855,2,2139
2456,2,48,6694,6695,8858,1,2164
2848,4,48,7763,7765,8861,2,1098
2459,5,48,6702,6704,8864,2,2162
2462,8,48,6710,6711,8867,1,2157
3243,9,48,8840,8841,8870,1,30
3245,1,48,8845,8846,8873,1,28
2857,3,48,7787,7788,8876,1,1089
3250,6,48,8859,8861,8879,2,20
3251,7,48,8861,8862,8882,1,21
3253,9,48,8867,8868,8885,1,18
2466,2,48,6721,6722,8888,1,2167
2858,4,48,7790,7792,8891,2,1101
2469,5,48,6729,6730,8894,1,2165
2472,8,48,6737,6739,8897,2,2160
2474,10,48,6743,6744,8900,1,2157
3255,1,48,8873,8875,8903,2,30
2867,3,48,7814,7815,8906,1,1092
3260,6,48,8887,8888,8909,1,22
3261,7,48,8889,8891,8912,2,23
3263,9,48,8895,8897,8915,2,20
3265,1,48,8900,8901,8918,1,18
2868,4,48,7817,7819,8921,2,1104
2479,5,48,6756,6757,8924,1,2168
2482,8,48,6764,6766,8927,2,2163
2484,10,48,6770,6771,8930,1,2160
2476,2,48,6748,6749,8933,1,2185
2877,3,48,7841,7842,8936,1,1095
3270,6,48,8914,8915,8939,1,25
3271,7,48,8916,8917,8942,1,26
3273,9,48,8922,8924,8945,2,23
3275,1,48,8927,8929,8948,2,21
2878,4,48,7844,7846,8951,2,1107
2489,5,48,6784,6785,8954,1,2170
2492,8,48,6792,6793,8957,1,2165
2494,10,48,6798,6800,8960,2,2162
2486,2,48,6776,6777,8963,1,2187
2887,3,48,7869,7871,8966,2,1097
3280,6,48,8941,8942,8969,1,28
3281,7,48,8943,8945,8972,2,29
3283,9,48,8949,8951,8975,2,26
3285,1,48,8955,8956,8978,1,23
2888,4,48,7872,7873,8981,1,1109
2499,5,48,6811,6812,8984,1,2173
3291,7,48,8971,8972,8987,1,16
2504,10,48,6825,6826,8990,1,2165
2496,2,48,6803,6804,8993,1,2190
2897,3,48,7896,7897,8996,1,1100
3290,6,48,8969,8970,8999,1,30
2502,8,48,6819,6821,9002,2,2183
3293,9,48,8977,8978,9005,1,28
3295,1,48,8982,8983,9008,1,26
2898,4,48,7899,7901,9011,2,1112
3300,6,48,8996,8997,9014,1,18
3301,7,48,8998,8999,9017,1,19
3303,9,48,9004,9005,9020,1,16
2506,2,48,6830,6831,9023,1,2193
2907,3,48,7923,7925,9026,2,1103
2509,5,48,6838,6839,9029,1,2191
2512,8,48,6846,6847,9032,1,2186
2514,10,48,6852,6854,9035,2,2183
3305,1,48,9009,9010,9038,1,29
2908,4,48,7926,7928,9041,2,1115
3310,6,48,9023,9024,9044,1,21
3311,7,48,9025,9026,9047,1,22
3313,9,48,9031,9032,9050,1,19
3315,1,48,9036,9037,9053,1,17
2917,3,48,7950,7952,9056,2,1106
2519,5,48,6866,6867,9059,1,2193
2522,8,48,6874,6875,9062,1,2188
2524,10,48,6880,6881,9065,1,2185
2516,2,48,6858,6860,9068,2,2210
2918,4,48,7953,7955,9071,2,1118
3320,6,48,9050,9051,9074,1,24
3321,7,48,9052,9053,9077,1,25
3323,9,48,9058,9059,9080,1,22
3325,1,48,9064,9065,9083,1,19
2927,3,48,7978,7980,9086,2,1108
2529,5,48,6893,6894,9089,1,2196
2532,8,48,6901,6902,9092,1,2191
2534,10,48,6907,6908,9095,1,2188
2526,2,48,6885,6887,9098,2,2213
2928,4,48,7981,7982,9101,1,1120
3330,6,48,9078,9080,9104,2,26
3331,7,48,9080,9081,9107,1,27
3333,9,48,9086,9088,9110,2,24
3335,1,48,9091,9093,9113,2,22
2937,3,48,8005,8006,9116,1,1111
2539,5,48,6920,6921,9119,1,2199
2542,8,48,6928,6929,9122,1,2194
2544,10,48,6934,6935,9125,1,2191
2536,2,48,6912,6914,9128,2,2216
2938,4,48,8008,8009,9131,1,1123
3340,6,48,9105,9106,9134,1,29
3341,7,48,9107,9109,9137,2,30
3343,9,48,9113,9114,9140,1,27
3345,1,48,9118,9119,9143,1,25
2947,3,48,8032,8034,9146,2,1114
3350,6,48,9132,9134,9149,2,17
3351,7,48,9134,9135,9152,1,18
2554,10,48,6961,6962,9155,1,2194
2546,2,48,6939,6941,9158,2,2219
2948,4,48,8035,8036,9161,1,1126
2549,5,48,6947,6948,9164,1,2217
2552,8,48,6955,6956,9167,1,2212
3353,9,48,9140,9141,9170,1,30
3355,1,48,9145,9146,9173,1,28
2957,3,48,8060,8061,9176,1,1116
3360,6,48,9159,9161,9179,2,20
3361,7,48,9161,9162,9182,1,21
3363,9,48,9167,9168,9185,1,18
2556,2,48,6967,6968,9188,1,2221
2958,4,48,8063,8065,9191,2,1128
2559,5,48,6975,6977,9194,2,2219
2562,8,48,6983,6984,9197,1,2214
2564,10,48,6989,6990,9200,1,2211
3365,1,48,9173,9175,9203,2,30
2967,3,48,8087,8088,9206,1,1119
3370,6,48,9187,9188,9209,1,22
3371,7,48,9189,9191,9212,2,23
3373,9,48,9195,9197,9215,2,20
3375,1,48,9200,9201,9218,1,18
2968,4,48,8090,8092,9221,2,1131
2569,5,48,7002,7004,9224,2,2222
2572,8,48,7010,7011,9227,1,2217
2574,10,48,7016,7018,9230,2,2214
2566,2,48,6994,6995,9233,1,2239
2977,3,48,8114,8115,9236,1,1122
3380,6,48,9214,9215,9239,1,25
3381,7,48,9216,9217,9242,1,26
3383,9,48,9222,9224,9245,2,23
3385,1,48,9227,9229,9248,2,21
2978,4,48,8117,8119,9251,2,1134
2579,5,48,7029,7030,9254,1,2225
2582,8,48,7037,7039,9257,2,2220
2584,10,48,7043,7044,9260,1,2217
2576,2,48,7021,7022,9263,1,2242
2987,3,48,8141,8142,9266,1,1125
3390,6,48,9241,9242,9269,1,28
3391,7,48,9243,9245,9272,2,29
3393,9,48,9249,9251,9275,2,26
3395,1,48,9255,9256,9278,1,23
2988,4,48,8144,8146,9281,2,1137
2589,5,48,7056,7057,9284,1,2228
3401,7,48,9271,9272,9287,1,16
2594,10,48,7070,7071,9290,1,2220
2586,2,48,7048,7049,9293,1,2245
2997,3,48,8169,8171,9296,2,1127
3400,6,48,9269,9270,9299,1,30
2592,8,48,7064,7066,9302,2,2238
3403,9,48,9277,9278,9305,1,28
3405,1,48,9282,9283,9308,1,26
2998,4,48,8172,8173,9311,1,1139
3410,6,48,9296,9297,9314,1,18
3411,7,48,9298,9299,9317,1,19
3413,9,48,9304,9305,9320,1,16
2596,2,48,7076,7077,9323,1,2247
3007,3,48,8196,8197,9326,1,1130
2599,5,48,7084,7085,9329,1,2245
2602,8,48,7092,7093,9332,1,2240
2604,10,48,7098,7100,9335,2,2237
3415,1,48,9309,9310,9338,1,29
3008,4,48,8199,8201,9341,2,1142
3420,6,48,9323,9324,9344,1,21
3421,7,48,9325,9326,9347,1,22
3423,9,48,9331,9332,9350,1,19
3425,1,48,9336,9337,9353,1,17
3017,3,48,8223,8225,9356,2,1133
2609,5,48,7111,7112,9359,1,2248
2612,8,48,7119,7121,9362,2,2243
2614,10,48,7125,7126,9365,1,2240
2606,2,48,7103,7104,9368,1,2265
3018,4,48,8226,8228,9371,2,1145
3430,6,48,9350,9351,9374,1,24
3431,7,48,9352,9353,9377,1,25
3433,9,48,9358,9359,9380,1,22
3435,1,48,9364,9365,9383,1,19
3027,3,48,8250,8252,9386,2,1136
2619,5,48,7138,7139,9389,1,2251
2622,8,48,7146,7147,9392,1,2246
2624,10,48,7152,7154,9395,2,2243
2616,2,48,7130,7131,9398,1,2268
3028,4,48,8253,8255,9401,2,1148
3440,6,48,9378,9380,9404,2,26
3441,7,48,9380,9381,9407,1,27
3443,9,48,9386,9388,9410,2,24
3445,1,48,9391,9393,9413,2,22
3037,3,48,8278,8280,9416,2,1138
2629,5,48,7166,7167,9419,1,2253
2632,8,48,7174,7175,9422,1,2248
2634,10,48,7180,7181,9425,1,2245
2626,2,48,7158,7160,9428,2,2270
3038,4,48,8281,8282,9431,1,1150
3450,6,48,9405,9406,9434,1,29
3451,7,48,9407,9409,9437,2,30
3453,9,48,9413,9414,9440,1,27
3455,1,48,9418,9419,9443,1,25
3047,3,48,8305,8306,9446,1,1141
3460,6,48,9432,9434,9449,2,17
3461,7,48,9434,9435,9452,1,18
2644,10,48,7207,7208,9455,1,2248
2636,2,48,7185,7187,9458,2,2273
3048,4,48,8308,8309,9461,1,1153
2639,5,48,7193,7194,9464,1,2271
2642,8,48,7201,7202,9467,1,2266
3463,9,48,9440,9441,9470,1,30
3465,1,48,9445,9446,9473,1,28
3057,3,48,8332,8334,9476,2,1144
3470,6,48,9459,9461,9479,2,20
3471,7,48,9461,9462,9482,1,21
3473,9,48,9467,9468,9485,1,18
2646,2,48,7212,7214,9488,2,2276
3058,4,48,8335,8336,9491,1,1156
2649,5,48,7220,7221,9494,1,2274
2652,8,48,7228,7229,9497,1,2269
2654,10,48,7234,7235,9500,1,2266
3475,1,48,9473,9475,9503,2,30
3067,3,48,8360,8361,9506,1,1146
3480,6,48,9487,9488,9509,1,22
3481,7,48,9489,9491,9512,2,23
3483,9,48,9495,9497,9515,2,20
3485,1,48,9500,9501,9518,1,18
3068,4,48,8363,8365,9521,2,1158
2659,5,48,7247,7248,9524,1,2277
2662,8,48,7255,7256,9527,1,2272
2664,10,48,7261,7262,9530,1,2269
2656,2,48,7239,7241,9533,2,2294
3077,3,48,8387,8388,9536,1,1149
3490,6,48,9514,9515,9539,1,25
3491,7,48,9516,9517,9542,1,26
3493,9,48,9522,9524,9545,2,23
3495,1,48,9527,9529,9548,2,21
3078,4,48,8390,8392,9551,2,1161
2669,5,48,7275,7277,9554,2,2279
2672,8,48,7283,7284,9557,1,2274
2674,10,48,7289,7290,9560,1,2271
2666,2,48,7267,7268,9563,1,2296
3087,3,48,8414,8415,9566,1,1152
3500,6,48,9541,9542,9569,1,28
3501,7,48,9543,9545,9572,2,29
3503,9,48,9549,9551,9575,2,26
3505,1,48,9555,9556,9578,1,23
3088,4,48,8417,8419,9581,2,1164
2679,5,48,7302,7304,9584,2,2282
3511,7,48,9571,9572,9587,1,16
2684,10,48,7316,7318,9590,2,2274
2676,2,48,7294,7295,9593,1,2299
3097,3,48,8441,8442,9596,1,1155
3510,6,48,9569,9570,9599,1,30
2682,8,48,7310,7311,9602,1,2292
3513,9,48,9577,9578,9605,1,28
3515,1,48,9582,9583,9608,1,26
3098,4,48,8444,8446,9611,2,1167
3520,6,48,9596,9597,9614,1,18
3521,7,48,9598,9599,9617,1,19
3523,9,48,9604,9605,9620,1,16
2686,2,48,7321,7322,9623,1,2302
3107,3,48,8469,8471,9626,2,1157
2689,5,48,7329,7330,9629,1,2300
2692,8,48,7337,7339,9632,2,2295
2694,10,48,7343,7344,9635,1,2292
3525,1,48,9609,9610,9638,1,29
3108,4,48,8472,8473,9641,1,1169
3530,6,48,9623,9624,9644,1,21
3531,7,48,9625,9626,9647,1,22
3533,9,48,9631,9632,9650,1,19
3535,1,48,9636,9637,9653,1,17
3117,3,48,8496,8497,9656,1,1160
2699,5,48,7356,7357,9659,1,2303
2702,8,48,7364,7366,9662,2,2298
2704,10,48,7370,7371,9665,1,2295
2696,2,48,7348,7349,9668,1,2320
3118,4,48,8499,8501,9671,2,1172
3540,6,48,9650,9651,9674,1,24
3541,7,48,9652,9653,9677,1,25
3543,9,48,9658,9659,9680,1,22
3545,1,48,9664,9665,9683,1,19
3127,3,48,8523,8525,9686,2,1163
2709,5,48,7384,7385,9689,1,2305
2712,8,48,7392,7393,9692,1,2300
2714,10,48,7398,7400,9695,2,2297
2706,2,48,7376,7377,9698,1,2322
3128,4,48,8526,8528,9701,2,1175
3550,6,48,9678,9680,9704,2,26
3551,7,48,9680,9681,9707,1,27
3553,9,48,9686,9688,9710,2,24
3555,1,48,9691,9693,9713,2,22
3137,3,48,8550,8552,9716,2,1166
2719,5,48,7411,7412,9719,1,2308
2722,8,48,7419,7421,9722,2,2303
2724,10,48,7425,7426,9725,1,2300
2716,2,48,7403,7404,9728,1,2325
3138,4,48,8553,8555,9731,2,1178
3560,6,48,9705,9706,9734,1,29
3561,7,48,9707,9709,9737,2,30
3563,9,48,9713,9714,9740,1,27
3565,1,48,9718,9719,9743,1,25
3147,3,48,8578,8580,9746,2,1168
3570,6,48,9732,9734,9749,2,17
3571,7,48,9734,9735,9752,1,18
2734,10,48,7452,7454,9755,2,2303
2726,2,48,7430,7431,9758,1,2328
3148,4,48,8581,8582,9761,1,1180
2729,5,48,7438,7439,9764,1,2326
2732,8,48,7446,7447,9767,1,2321
3573,9,48,9740,9741,9770,1,30
3575,1,48,9745,9746,9773,1,28
3157,3,48,8605,8606,9776,1,1171
3580,6,48,9759,9761,9779,2,20
3581,7,48,9761,9762,9782,1,21
3583,9,48,9767,9768,9785,1,18
2736,2,48,7458,7460,9788,2,2330
3158,4,48,8608,8609,9791,1,1183
2739,5,48,7466,7467,9794,1,2328
2742,8,48,7474,7475,9797,1,2323
2744,10,48,7480,7481,9800,1,2320
3585,1,48,9773,9775,9803,2,30
3167,3,48,8632,8634,9806,2,1174
3590,6,48,9787,9788,9809,1,22
3591,7,48,9789,9791,9812,2,23
3593,9,48,9795,9797,9815,2,20
3595,1,48,9800,9801,9818,1,18
3168,4,48,8635,8636,9821,1,1186
2749,5,48,7493,7494,9824,1,2331
2752,8,48,7501,7502,9827,1,2326
2754,10,48,7507,7508,9830,1,2323
2746,2,48,7485,7487,9833,2,2348
3177,3,48,8660,8661,9836,1,1176
3600,6,48,9814,9815,9839,1,25
3601,7,48,9816,9817,9842,1,26
3603,9,48,9822,9824,9845,2,23
3605,1,48,9827,9829,9848,2,21
3178,4,48,8663,8665,9851,2,1188
2759,5,48,7520,7521,9854,1,2334
2762,8,48,7528,7529,9857,1,2329
2764,10,48,7534,7535,9860,1,2326
2756,2,48,7512,7514,9863,2,2351
3187,3,48,8687,8688,9866,1,1179
3610,6,48,9841,9842,9869,1,28
3611,7,48,9843,9845,9872,2,29
3613,9,48,9849,9851,9875,2,26
3615,1,48,9855,9856,9878,1,23
3188,4,48,8690,8692,9881,2,1191
2769,5,48,7547,7548,9884,1,2337
3621,7,48,9871,9872,9887,1,16
2774,10,48,7561,7562,9890,1,2329
2766,2,48,7539,7541,9893,2,2354
3197,3,48,8714,8715,9896,1,1182
3620,6,48,9869,9870,9899,1,30
2772,8,48,7555,7556,9902,1,2347
3623,9,48,9877,9878,9905,1,28
3625,1,48,9882,9883,9908,1,26
3198,4,48,8717,8719,9911,2,1194
3630,6,48,9896,9897,9914,1,18
3631,7,48,9898,9899,9917,1,19
3633,9,48,9904,9905,9920,1,16
2776,2,48,7567,7568,9923,1,2356
3207,3,48,8741,8742,9926,1,1185
2779,5,48,7575,7577,9929,2,2354
2782,8,48,7583,7584,9932,1,2349
2784,10,48,7589,7590,9935,1,2346
3635,1,48,9909,9910,9938,1,29
3208,4,48,8744,8746,9941,2,1197
3640,6,48,9923,9924,9944,1,21
3641,7,48,9925,9926,9947,1,22
3643,9,48,9931,9932,9950,1,19
3645,1,48,9936,9937,9953,1,17
3217,3,48,8769,8771,9956,2,1187
2789,5,48,7602,7604,9959,2,2357
2792,8,48,7610,7611,9962,1,2352
2794,10,48,7616,7618,9965,2,2349
2786,2,48,7594,7595,9968,1,2374
3218,4,48,8772,8773,9971,1,1199
3650,6,48,9950,9951,9974,1,24
3651,7,48,9952,9953,9977,1,25
3653,9,48,9958,9959,9980,1,22
3655,1,48,9964,9965,9983,1,19
3227,3,48,8796,8797,9986,1,1190
2799,5,48,7629,7630,9989,1,2360
2802,8,48,7637,7639,9992,2,2355
2804,10,48,7643,7644,9995,1,2352
2796,2,48,7621,7622,9998,1,2377
3228,4,48,8799,8801,10001,2,1202
3660,6,48,9978,9980,10004,2,26
3661,7,48,9980,9981,10007,1,27
3663,9,48,9986,9988,10010,2,24
3665,1,48,9991,9993,10013,2,22
3237,3,48,8823,8825,10016,2,1193
2809,5,48,7656,7657,10019,1,2363
2812,8,48,7664,7666,10022,2,2358
2814,10,48,7670,7671,10025,1,2355
2806,2,48,7648,7649,10028,1,2380
3238,4,48,8826,8828,10031,2,1205
2819,5,48,7684,7685,10034,1,2350
2822,8,48,7692,7693,10037,1,2345
2824,10,48,7698,7700,10040,2,2342
2816,2,48,7676,7677,10043,1,2367
3247,3,48,8850,8852,10046,2,1196
2829,5,48,7711,7712,10049,1,2338
2832,8,48,7719,7721,10052,2,2333
2834,10,48,7725,7726,10055,1,2330
2826,2,48,7703,7704,10058,1,2355
3248,4,48,8853,8855,10061,2,1208
2839,5,48,7738,7739,10064,1,2326
2842,8,48,7746,7747,10067,1,2321
2844,10,48,7752,7754,10070,2,2318
2836,2,48,7730,7731,10073,1,2343
3257,3,48,8878,8880,10076,2,1198
2849,5,48,7766,7767,10079,1,2313
2852,8,48,7774,7775,10082,1,2308
2854,10,48,7780,7781,10085,1,2305
2846,2,48,7758,7760,10088,2,2330
3258,4,48,8881,8882,10091,1,1210
2859,5,48,7793,7794,10094,1,2301
2862,8,48,7801,7802,10097,1,2296
2864,10,48,7807,7808,10100,1,2293
2856,2,48,7785,7787,10103,2,2318
3267,3,48,8905,8906,10106,1,1201
2869,5,48,7820,7821,10109,1,2289
2872,8,48,7828,7829,10112,1,2284
2874,10,48,7834,7835,10115,1,2281
2866,2,48,7812,7814,10118,2,2306
3268,4,48,8908,8909,10121,1,1213
2879,5,48,7847,7848,10124,1,2277
2882,8,48,7855,7856,10127,1,2272
2884,10,48,7861,7862,10130,1,2269
2876,2,48,7839,7841,10133,2,2294
3277,3,48,8932,8934,10136,2,1204
2889,5,48,7875,7877,10139,2,2264
2892,8,48,7883,7884,10142,1,2259
2894,10,48,7889,7890,10145,1,2256
2886,2,48,7867,7868,10148,1,2281
3278,4,48,8935,8936,10151,1,1216
2899,5,48,7902,7904,10154,2,2252
2902,8,48,7910,7911,10157,1,2247
2904,10,48,7916,7918,10160,2,2244
2896,2,48,7894,7895,10163,1,2269
3287,3,48,8960,8961,10166,1,1206
2909,5,48,7929,7930,10169,1,2240
2912,8,48,7937,7939,10172,2,2235
2914,10,48,7943,7944,10175,1,2232
2906,2,48,7921,7922,10178,1,2257
3288,4,48,8963,8965,10181,2,1218
2919,5,48,7956,7957,10184,1,2228
2922,8,48,7964,7966,10187,2,2223
2924,10,48,7970,7971,10190,1,2220
2916,2,48,7948,7949,10193,1,2245
3297,3,48,8987,8988,10196,1,1209
2929,5,48,7984,7985,10199,1,2215
2932,8,48,7992,7993,10202,1,2210
2934,10,48,7998,8000,10205,2,2207
2926,2,48,7976,7977,10208,1,2232
3298,4,48,8990,8992,10211,2,1221
2939,5,48,8011,8012,10214,1,2203
2942,8,48,8019,8021,10217,2,2198
2944,10,48,8025,8026,10220,1,2195
2936,2,48,8003,8004,10223,1,2220
3307,3,48,9014,9015,10226,1,1212
2949,5,48,8038,8039,10229,1,2191
2952,8,48,8046,8047,10232,1,2186
2954,10,48,8052,8054,10235,2,2183
2946,2,48,8030,8031,10238,1,2208
3308,4,48,9017,9019,10241,2,1224
2959,5,48,8066,8067,10244,1,2178
2962,8,48,8074,8075,10247,1,2173
2964,10,48,8080,8081,10250,1,2170
2956,2,48,8058,8060,10253,2,2195
3317,3,48,9041,9042,10256,1,1215
2969,5,48,8093,8094,10259,1,2166
2972,8,48,8101,8102,10262,1,2161
2974,10,48,8107,8108,10265,1,2158
2966,2,48,8085,8087,10268,2,2183
3318,4,48,9044,9046,10271,2,1227
2979,5,48,8120,8121,10274,1,2154
2982,8,48,8128,8129,10277,1,2149
2984,10,48,8134,8135,10280,1,2146
2976,2,48,8112,8114,10283,2,2171
3327,3,48,9069,9071,10286,2,1217
2989,5,48,8147,8148,10289,1,2142
2992,8,48,8155,8156,10292,1,2137
2994,10,48,8161,8162,10295,1,2134
2986,2,48,8139,8141,10298,2,2159
3328,4,48,9072,9073,10301,1,1229
2999,5,48,8175,8177,10304,2,2129
3002,8,48,8183,8184,10307,1,2124
3004,10,48,8189,8190,10310,1,2121
2996,2,48,8167,8168,10313,1,2146
3337,3,48,9096,9097,10316,1,1220
3009,5,48,8202,8204,10319,2,2117
3012,8,48,8210,8211,10322,1,2112
3014,10,48,8216,8218,10325,2,2109
3006,2,48,8194,8195,10328,1,2134
3338,4,48,9099,9101,10331,2,1232
3019,5,48,8229,8230,10334,1,2105
3022,8,48,8237,8239,10337,2,2100
3024,10,48,8243,8244,10340,1,2097
3016,2,48,8221,8222,10343,1,2122
3347,3,48,9123,9125,10346,2,1223
3029,5,48,8256,8257,10349,1,2093
3032,8,48,8264,8266,10352,2,2088
3034,10,48,8270,8271,10355,1,2085
3026,2,48,8248,8249,10358,1,2110
3348,4,48,9126,9128,10361,2,1235
3039,5,48,8284,8285,10364,1,2080
3042,8,48,8292,8293,10367,1,2075
3044,10,48,8298,8300,10370,2,2072
3036,2,48,8276,8277,10373,1,2097
3357,3,48,9150,9152,10376,2,1226
3049,5,48,8311,8312,10379,1,2068
3052,8,48,8319,8321,10382,2,2063
3054,10,48,8325,8326,10385,1,2060
3046,2,48,8303,8304,10388,1,2085
3358,4,48,9153,9155,10391,2,1238
3059,5,48,8338,8339,10394,1,2056
3062,8,48,8346,8347,10397,1,2051
3064,10,48,8352,8354,10400,2,2048
3056,2,48,8330,8331,10403,1,2073
3367,3,48,9178,9180,10406,2,1228
3069,5,48,8366,8367,10409,1,2043
3072,8,48,8374,8375,10412,1,2038
3074,10,48,8380,8381,10415,1,2035
3066,2,48,8358,8360,10418,2,2060
3368,4,48,9181,9182,10421,1,1240
3079,5,48,8393,8394,10424,1,2031
3082,8,48,8401,8402,10427,1,2026
3084,10,48,8407,8408,10430,1,2023
3076,2,48,8385,8387,10433,2,2048
3377,3,48,9205,9206,10436,1,1231
3089,5,48,8420,8421,10439,1,2019
3092,8,48,8428,8429,10442,1,2014
3094,10,48,8434,8435,10445,1,2011
3086,2,48,8412,8414,10448,2,2036
3378,4,48,9208,9209,10451,1,1243
3099,5,48,8447,8448,10454,1,2007
3102,8,48,8455,8456,10457,1,2002
3104,10,48,8461,8462,10460,1,1999
3096,2,48,8439,8441,10463,2,2024
3387,3,48,9232,9234,10466,2,1234
3109,5,48,8475,8477,10469,2,1994
3112,8,48,8483,8484,10472,1,1989
3114,10,48,8489,8490,10475,1,1986
3106,2,48,8467,8468,10478,1,2011
3388,4,48,9235,9236,10481,1,1246
3119,5,48,8502,8504,10484,2,1982
3122,8,48,8510,8511,10487,1,1977
3124,10,48,8516,8518,10490,2,1974
3116,2,48,8494,8495,10493,1,1999
3397,3,48,9260,9261,10496,1,1236
3129,5,48,8529,8530,10499,1,1970
3132,8,48,8537,8539,10502,2,1965
3134,10,48,8543,8544,10505,1,1962
3126,2,48,8521,8522,10508,1,1987
3398,4,48,9263,9265,10511,2,1248
3139,5,48,8556,8557,10514,1,1958
3142,8,48,8564,8566,10517,2,1953
3144,10,48,8570,8571,10520,1,1950
3136,2,48,8548,8549,10523,1,1975
3407,3,48,9287,9288,10526,1,1239
3149,5,48,8584,8585,10529,1,1945
3152,8,48,8592,8593,10532,1,1940
3154,10,48,8598,8600,10535,2,1937
3146,2,48,8576,8577,10538,1,1962
3408,4,48,9290,9292,10541,2,1251
3159,5,48,8611,8612,10544,1,1933
3162,8,48,8619,8621,10547,2,1928
3164,10,48,8625,8626,10550,1,1925
3156,2,48,8603,8604,10553,1,1950
3417,3,48,9314,9315,10556,1,1242
3169,5,48,8638,8639,10559,1,1921
3172,8,48,8646,8647,10562,1,1916
3174,10,48,8652,8654,10565,2,1913
3166,2,48,8630,8631,10568,1,1938
3418,4,48,9317,9319,10571,2,1254
3179,5,48,8666,8667,10574,1,1908
3182,8,48,8674,8675,10577,1,1903
3184,10,48,8680,8681,10580,1,1900
3176,2,48,8658,8660,10583,2,1925
3427,3,48,9341,9342,10586,1,1245
3189,5,48,8693,8694,10589,1,1896
3192,8,48,8701,8702,10592,1,1891
3194,10,48,8707,8708,10595,1,1888
3186,2,48,8685,8687,10598,2,1913
3428,4,48,9344,9346,10601,2,1257
3199,5,48,8720,8721,10604,1,1884
3202,8,48,8728,8729,10607,1,1879
3204,10,48,8734,8735,10610,1,1876
3196,2,48,8712,8714,10613,2,1901
3437,3,48,9369,9371,10616,2,1247
3209,5,48,8747,8748,10619,1,1872
3212,8,48,8755,8756,10622,1,1867
3214,10,48,8761,8762,10625,1,1864
3206,2,48,8739,8741,10628,2,1889
3438,4,48,9372,9373,10631,1,1259
3219,5,48,8775,8777,10634,2,1859
3222,8,48,8783,8784,10637,1,1854
3224,10,48,8789,8790,10640,1,1851
3216,2,48,8767,8768,10643,1,1876
3447,3,48,9396,9397,10646,1,1250
3229,5,48,8802,8804,10649,2,1847
3232,8,48,8810,8811,10652,1,1842
3234,10,48,8816,8818,10655,2,1839
3226,2,48,8794,8795,10658,1,1864
3448,4,48,9399,9401,10661,2,1262
3239,5,48,8829,8830,10664,1,1835
3242,8,48,8837,8839,10667,2,1830
3244,10,48,8843,8844,10670,1,1827
3236,2,48,8821,8822,10673,1,1852
3457,3,48,9423,9425,10676,2,1253
3249,5,48,8856,8857,10679,1,1823
3252,8,48,8864,8866,10682,2,1818
3254,10,48,8870,8871,10685,1,1815
3246,2,48,8848,8849,10688,1,1840
3458,4,48,9426,9428,10691,2,1265
3259,5,48,8884,8885,10694,1,1810
3262,8,48,8892,8893,10697,1,1805
3264,10,48,8898,8900,10700,2,1802
3256,2,48,8876,8877,10703,1,1827
3467,3,48,9450,9452,10706,2,1256
3269,5,48,8911,8912,10709,1,1798
3272,8,48,8919,8921,10712,2,1793
3274,10,48,8925,8926,10715,1,1790
3266,2,48,8903,8904,10718,1,1815
3468,4,48,9453,9455,10721,2,1268
3279,5,48,8938,8939,10724,1,1786
3282,8,48,8946,8947,10727,1,1781
3284,10,48,8952,8954,10730,2,1778
3276,2,48,8930,8931,10733,1,1803
3477,3,48,9478,9480,10736,2,1258
3289,5,48,8966,8967,10739,1,1773
3292,8,48,8974,8975,10742,1,1768
3294,10,48,8980,8981,10745,1,1765
3286,2,48,8958,8960,10748,2,1790
3478,4,48,9481,9482,10751,1,1270
3299,5,48,8993,8994,10754,1,1761
3302,8,48,9001,9002,10757,1,1756
3304,10,48,9007,9008,10760,1,1753
3296,2,48,8985,8987,10763,2,1778
3487,3,48,9505,9506,10766,1,1261
3309,5,48,9020,9021,10769,1,1749
3312,8,48,9028,9029,10772,1,1744
3314,10,48,9034,9035,10775,1,1741
3306,2,48,9012,9014,10778,2,1766
3488,4,48,9508,9509,10781,1,1273
3319,5,48,9047,9048,10784,1,1737
3322,8,48,9055,9056,10787,1,1732
3324,10,48,9061,9062,10790,1,1729
3316,2,48,9039,9041,10793,2,1754
3497,3,48,9532,9534,10796,2,1264
3329,5,48,9075,9077,10799,2,1724
3332,8,48,9083,9084,10802,1,1719
3334,10,48,9089,9090,10805,1,1716
3326,2,48,9067,9068,10808,1,1741
3498,4,48,9535,9536,10811,1,1276
3339,5,48,9102,9104,10814,2,1712
3342,8,48,9110,9111,10817,1,1707
3344,10,48,9116,9118,10820,2,1704
3336,2,48,9094,9095,10823,1,1729
3507,3,48,9560,9561,10826,1,1266
3349,5,48,9129,9130,10829,1,1700
3352,8,48,9137,9139,10832,2,1695
3354,10,48,9143,9144,10835,1,1692
3346,2,48,9121,9122,10838,1,1717
3508,4,48,9563,9565,10841,2,1278
3359,5,48,9156,9157,10844,1,1688
3362,8,48,9164,9166,10847,2,1683
3364,10,48,9170,9171,10850,1,1680
3356,2,48,9148,9149,10853,1,1705
3517,3,48,9587,9588,10856,1,1269
3369,5,48,9184,9185,10859,1,1675
3372,8,48,9192,9193,10862,1,1670
3374,10,48,9198,9200,10865,2,1667
3366,2,48,9176,9177,10868,1,1692
3518,4,48,9590,9592,10871,2,1281
3379,5,48,9211,9212,10874,1,1663
3382,8,48,9219,9221,10877,2,1658
3384,10,48,9225,9226,10880,1,1655
3376,2,48,9203,9204,10883,1,1680
3527,3,48,9614,9615,10886,1,1272
3389,5,48,9238,9239,10889,1,1651
3392,8,48,9246,9247,10892,1,1646
3394,10,48,9252,9254,10895,2,1643
3386,2,48,9230,9231,10898,1,1668
3528,4,48,9617,9619,10901,2,1284
3399,5,48,9266,9267,10904,1,1638
3402,8,48,9274,9275,10907,1,1633
3404,10,48,9280,9281,10910,1,1630
3396,2,48,9258,9260,10913,2,1655
3537,3,48,9641,9642,10916,1,1275
3409,5,48,9293,9294,10919,1,1626
3412,8,48,9301,9302,10922,1,1621
3414,10,48,9307,9308,10925,1,1618
3406,2,48,9285,9287,10928,2,1643
3538,4,48,9644,9646,10931,2,1287
3419,5,48,9320,9321,10934,1,1614
3422,8,48,9328,9329,10937,1,1609
3424,10,48,9334,9335,10940,1,1606
3416,2,48,9312,9314,10943,2,1631
3547,3,48,9669,9671,10946,2,1277
3429,5,48,9347,9348,10949,1,1602
3432,8,48,9355,9356,10952,1,1597
3434,10,48,9361,9362,10955,1,1594
3426,2,48,9339,9341,10958,2,1619
3548,4,48,9672,9673,10961,1,1289
3439,5,48,9375,9377,10964,2,1589
3442,8,48,9383,9384,10967,1,1584
3444,10,48,9389,9390,10970,1,1581
3436,2,48,9367,9368,10973,1,1606
3557,3,48,9696,9697,10976,1,1280
3449,5,48,9402,9404,10979,2,1577
3452,8,48,9410,9411,10982,1,1572
3454,10,48,9416,9418,10985,2,1569
3446,2,48,9394,9395,10988,1,1594
3558,4,48,9699,9701,10991,2,1292
3459,5,48,9429,9430,10994,1,1565
3462,8,48,9437,9439,10997,2,1560
3464,10,48,9443,9444,11000,1,1557
3456,2,48,9421,9422,11003,1,1582
3567,3,48,9723,9725,11006,2,1283
3469,5,48,9456,9457,11009,1,1553
3472,8,48,9464,9466,11012,2,1548
3474,10,48,9470,9471,11015,1,1545
3466,2,48,9448,9449,11018,1,1570
3568,4,48,9726,9728,11021,2,1295
3479,5,48,9484,9485,11024,1,1540
3482,8,48,9492,9493,11027,1,1535
3484,10,48,9498,9500,11030,2,1532
3476,2,48,9476,9477,11033,1,1557
3577,3,48,9750,9752,11036,2,1286
3489,5,48,9511,9512,11039,1,1528
3492,8,48,9519,9521,11042,2,1523
3494,10,48,9525,9526,11045,1,1520
3486,2,48,9503,9504,11048,1,1545
3578,4,48,9753,9755,11051,2,1298
3499,5,48,9538,9539,11054,1,1516
3502,8,48,9546,9547,11057,1,1511
3504,10,48,9552,9554,11060,2,1508
3496,2,48,9530,9531,11063,1,1533
3587,3,48,9778,9780,11066,2,1288
3509,5,48,9566,9567,11069,1,1503
3512,8,48,9574,9575,11072,1,1498
3514,10,48,9580,9581,11075,1,1495
3506,2,48,9558,9560,11078,2,1520
3588,4,48,9781,9782,11081,1,1300
3519,5,48,9593,9594,11084,1,1491
3522,8,48,9601,9602,11087,1,1486
3524,10,48,9607,9608,11090,1,1483
3516,2,48,9585,9587,11093,2,1508
3597,3,48,9805,9806,11096,1,1291
3529,5,48,9620,9621,11099,1,1479
3532,8,48,9628,9629,11102,1,1474
3534,10,48,9634,9635,11105,1,1471
3526,2,48,9612,9614,11108,2,1496
3598,4,48,9808,9809,11111,1,1303
3539,5,48,9647,9648,11114,1,1467
3542,8,48,9655,9656,11117,1,1462
3544,10,48,9661,9662,11120,1,1459
3536,2,48,9639,9641,11123,2,1484
3607,3,48,9832,9834,11126,2,1294
3549,5,48,9675,9677,11129,2,1454
3552,8,48,9683,9684,11132,1,1449
3554,10,48,9689,9690,11135,1,1446
3546,2,48,9667,9668,11138,1,1471
3608,4,48,9835,9836,11141,1,1306
3559,5,48,9702,9704,11144,2,1442
3562,8,48,9710,9711,11147,1,1437
3564,10,48,9716,9718,11150,2,1434
3556,2,48,9694,9695,11153,1,1459
3617,3,48,9860,9861,11156,1,1296
3569,5,48,9729,9730,11159,1,1430
3572,8,48,9737,9739,11162,2,1425
3574,10,48,9743,9744,11165,1,1422
3566,2,48,9721,9722,11168,1,1447
3618,4,48,9863,9865,11171,2,1308
3579,5,48,9756,9757,11174,1,1418
3582,8,48,9764,9766,11177,2,1413
3584,10,48,9770,9771,11180,1,1410
3576,2,48,9748,9749,11183,1,1435
3627,3,48,9887,9888,11186,1,1299
3589,5,48,9784,9785,11189,1,1405
3592,8,48,9792,9793,11192,1,1400
3594,10,48,9798,9800,11195,2,1397
3586,2,48,9776,9777,11198,1,1422
3628,4,48,9890,9892,11201,2,1311
3599,5,48,9811,9812,11204,1,1393
3602,8,48,9819,9821,11207,2,1388
3604,10,48,9825,9826,11210,1,1385
3596,2,48,9803,9804,11213,1,1410
3637,3,48,9914,9915,11216,1,1302
3609,5,48,9838,9839,11219,1,1381
3612,8,48,9846,9847,11222,1,1376
3614,10,48,9852,9854,11225,2,1373
3606,2,48,9830,9831,11228,1,1398
3638,4,48,9917,9919,11231,2,1314
3619,5,48,9866,9867,11234,1,1368
3622,8,48,9874,9875,11237,1,1363
3624,10,48,9880,9881,11240,1,1360
3616,2,48,9858,9860,11243,2,1385
3647,3,48,9941,9942,11246,1,1305
3629,5,48,9893,9894,11249,1,1356
3632,8,48,9901,9902,11252,1,1351
3634,10,48,9907,9908,11255,1,1348
3626,2,48,9885,9887,11258,2,1373
3648,4,48,9944,9946,11261,2,1317
3639,5,48,9920,9921,11264,1,1344
3642,8,48,9928,9929,11267,1,1339
3644,10,48,9934,9935,11270,1,1336
3636,2,48,9912,9914,11273,2,1361
3657,3,48,9969,9971,11276,2,1307
3649,5,48,9947,9948,11279,1,1332
3652,8,48,9955,9956,11282,1,1327
3654,10,48,9961,9962,11285,1,1324
3646,2,48,9939,9941,11288,2,1349
3658,4,48,9972,9973,11291,1,1319
3659,5,48,9975,9977,11294,2,1319
3662,8,48,9983,9984,11297,1,1314
3664,10,48,9989,9990,11300,1,1311
3656,2,48,9967,9968,11303,1,1336
3667,3,48,9996,9997,11306,1,1310
3666,2,48,9994,9995,11309,1,1315
3668,4,48,9999,10001,11312,2,1313
