Design Assistant report for pifo
Mon Sep  7 11:33:17 2026
Quartus Prime Version 25.3.1 Build 100 12/19/2025 SC Pro Edition


---------------------
; Table of Contents ;
---------------------
  1. Legal Notice
  2. Design Assistant (Synthesized) Results - 1 of 13 Rules Failed
  3. RES-30134 - Registers Not Reachable from Reset Release IP
  4. LNT-30011 - Design Contains Combinational Loops
  5. LNT-30017 - Register Output Driving Its Own Asynchronous Control Signal Directly or Through Combinational Logic
  6. LNT-30023 - Reset Nets with Polarity Conflict
  7. RES-30132 - Registers May Not Be Properly Reset
  8. RES-30133 - Embedded Memory Blocks with Initialized Content That Might be Modified Before the FPGA Enters User Mode
  9. TMC-20052 - Paths with Post Synthesis Inferred Latches
 10. FLP-10500 - Non Driving Top Level Inputs Found
 11. LNT-30010 - Nets Driving both Reset and Clock Enable Signals
 12. LNT-50006 - DSP Control Signal Registers Reset Mode Mismatch
 13. TMC-20053 - DSP Inputs Driven by High Fan-Out Net
 14. TMC-20500 - Hierarchical Tree Duplication was Shallower than Possible
 15. TMC-20501 - Hierarchical Tree Duplication was Shallower than Requested



----------------
; Legal Notice ;
----------------
Copyright (C) 2025  Altera Corporation. All rights reserved.
Your use of Altera Corporation's design tools, logic functions 
and other software and tools, and any partner logic 
functions, and any output files from any of the foregoing 
(including device programming or simulation files), and any 
associated documentation or information are expressly subject 
to the terms and conditions of the Altera Program License 
Subscription Agreement, the Altera Quartus Prime License Agreement,
the Altera IP License Agreement, or other applicable license
agreement, including, without limitation, that your use is for
the sole purpose of programming logic devices manufactured by
Altera and sold by Altera or its authorized distributors.  Please
refer to the Altera Software License Subscription Agreements 
on the Quartus Prime software download page.



+----------------------------------------------------------------------------------------------------------------------------------------------------------------------------------------+
; Design Assistant (Synthesized) Results - 1 of 13 Rules Failed                                                                                                                          ;
+---------------------------------------------------------------------------------------------------------------------+----------+------------+--------+---------------------------------+
; Rule                                                                                                                ; Severity ; Violations ; Waived ; Tags                            ;
+---------------------------------------------------------------------------------------------------------------------+----------+------------+--------+---------------------------------+
; RES-30134 - Registers Not Reachable from Reset Release IP                                                           ; Medium   ; 4,872      ; 0      ; reset-usage, reset-reachability ;
; LNT-30011 - Design Contains Combinational Loops                                                                     ; High     ; 0          ; 0      ; nonstandard-timing              ;
; LNT-30017 - Register Output Driving Its Own Asynchronous Control Signal Directly or Through Combinational Logic     ; Medium   ; 0          ; 0      ; nonstandard-timing              ;
; LNT-30023 - Reset Nets with Polarity Conflict                                                                       ; Medium   ; 0          ; 0      ; reset-usage                     ;
; RES-30132 - Registers May Not Be Properly Reset                                                                     ; Medium   ; 0          ; 0      ; reset-usage, reset-reachability ;
; RES-30133 - Embedded Memory Blocks with Initialized Content That Might be Modified Before the FPGA Enters User Mode ; Medium   ; 0          ; 0      ; ram, reset-usage                ;
; TMC-20052 - Paths with Post Synthesis Inferred Latches                                                              ; Medium   ; 0          ; 0      ; nonstandard-timing, latch       ;
; FLP-10500 - Non Driving Top Level Inputs Found                                                                      ; Low      ; 0          ; 0      ; system                          ;
; LNT-30010 - Nets Driving both Reset and Clock Enable Signals                                                        ; Low      ; 0          ; 0      ; reset-usage                     ;
; LNT-50006 - DSP Control Signal Registers Reset Mode Mismatch                                                        ; Low      ; 0          ; 0      ; dsp, reset-usage                ;
; TMC-20053 - DSP Inputs Driven by High Fan-Out Net                                                                   ; Low      ; 0          ; 0      ; dsp                             ;
; TMC-20500 - Hierarchical Tree Duplication was Shallower than Possible                                               ; Low      ; 0          ; 0      ; register-duplication, synthesis ;
; TMC-20501 - Hierarchical Tree Duplication was Shallower than Requested                                              ; Low      ; 0          ; 0      ; register-duplication, synthesis ;
+---------------------------------------------------------------------------------------------------------------------+----------+------------+--------+---------------------------------+


Status:		FAIL
Severity:		Medium
Number of violations: 	4,872
Rule Parameters:      	max_violations = 5000
+-------------------------------------------------------------------------------------------------------------+
; RES-30134 - Registers Not Reachable from Reset Release IP                                                   ;
+----------------------------------------------------------------------------------------------------+--------+
; Register Node                                                                                      ; Waived ;
+----------------------------------------------------------------------------------------------------+--------+
; ingress_fifo|logic_pop_sync_popReg[1]                                                              ;        ;
; reserved[12]                                                                                       ;        ;
; pifoEngines_0|enque_brain|engineMapper_io_readRes_toStream_fifo|fifo|logic_ptr_push[0]             ;        ;
; pifoEngines_1|deque_frontRewrite|armed_27                                                          ;        ;
; pifoEngines_1|deque_frontRewrite|pending_123                                                       ;        ;
; pifoEngines_1|deque_frontRewrite|armed_123                                                         ;        ;
; pifoEngines_1|deque_frontRewrite|pending_91                                                        ;        ;
; pifoEngines_1|deque_frontRewrite|armed_91                                                          ;        ;
; pifoEngines_1|deque_frontRewrite|pending_43                                                        ;        ;
; pifoEngines_1|deque_frontRewrite|armed_43                                                          ;        ;
; pifoEngines_1|deque_frontRewrite|pending_107                                                       ;        ;
; pifoEngines_1|deque_frontRewrite|armed_107                                                         ;        ;
; pifoEngines_1|deque_frontRewrite|pending_75                                                        ;        ;
; pifoEngines_0|enque_brain|engineMapper|io_readReq_valid_regNext                                    ;        ;
; pifoEngines_1|deque_frontRewrite|armed_75                                                          ;        ;
; pifoEngines_1|deque_frontRewrite|pending_187                                                       ;        ;
; pifoEngines_1|deque_frontRewrite|armed_187                                                         ;        ;
; pifoEngines_1|deque_frontRewrite|pending_139                                                       ;        ;
; pifoEngines_1|deque_frontRewrite|armed_139                                                         ;        ;
; pifoEngines_1|deque_frontRewrite|pending_155                                                       ;        ;
; pifoEngines_1|deque_frontRewrite|armed_155                                                         ;        ;
; pifoEngines_1|deque_frontRewrite|pending_251                                                       ;        ;
; pifoEngines_1|deque_frontRewrite|armed_251                                                         ;        ;
; pifoEngines_1|deque_frontRewrite|pending_219                                                       ;        ;
; pifoEngines_0|enque_brain|lastVirtualMapper|io_readReq_valid_regNext                               ;        ;
; pifoEngines_1|deque_frontRewrite|armed_219                                                         ;        ;
; pifoEngines_1|deque_frontRewrite|pending_171                                                       ;        ;
; pifoEngines_1|deque_frontRewrite|armed_171                                                         ;        ;
; pifoEngines_1|deque_frontRewrite|pending_235                                                       ;        ;
; pifoEngines_1|deque_frontRewrite|armed_235                                                         ;        ;
; pifoEngines_1|deque_frontRewrite|pending_203                                                       ;        ;
; pifoEngines_1|deque_frontRewrite|armed_203                                                         ;        ;
; pifoEngines_1|deque_frontRewrite|pending_207                                                       ;        ;
; pifoEngines_1|deque_frontRewrite|armed_207                                                         ;        ;
; pifoEngines_1|deque_frontRewrite|pending_15                                                        ;        ;
; pifoEngines_0|enque_brain|engineCAM_io_readRes_toStream_fifo|fifo|logic_ptr_pop[1]                 ;        ;
; pifoEngines_1|deque_frontRewrite|armed_15                                                          ;        ;
; pifoEngines_1|deque_frontRewrite|pending_79                                                        ;        ;
; pifoEngines_1|deque_frontRewrite|armed_79                                                          ;        ;
; pifoEngines_1|deque_frontRewrite|pending_223                                                       ;        ;
; pifoEngines_1|deque_frontRewrite|armed_223                                                         ;        ;
; pifoEngines_1|deque_frontRewrite|pending_95                                                        ;        ;
; pifoEngines_1|deque_frontRewrite|armed_95                                                          ;        ;
; pifoEngines_1|deque_frontRewrite|pending_143                                                       ;        ;
; pifoEngines_1|deque_frontRewrite|armed_143                                                         ;        ;
; pifoEngines_1|deque_frontRewrite|pending_159                                                       ;        ;
; pifoEngines_0|enque_brain|engineCAM_io_readRes_toStream_fifo|fifo|logic_ptr_push[1]                ;        ;
; pifoEngines_1|deque_frontRewrite|armed_159                                                         ;        ;
; pifoEngines_1|deque_frontRewrite|pending_31                                                        ;        ;
; pifoEngines_1|deque_frontRewrite|armed_31                                                          ;        ;
; pifoEngines_1|deque_frontRewrite|pending_239                                                       ;        ;
; pifoEngines_1|deque_frontRewrite|armed_239                                                         ;        ;
; pifoEngines_1|deque_frontRewrite|pending_47                                                        ;        ;
; pifoEngines_1|deque_frontRewrite|armed_47                                                          ;        ;
; pifoEngines_1|deque_frontRewrite|pending_111                                                       ;        ;
; pifoEngines_1|deque_frontRewrite|armed_111                                                         ;        ;
; pifoEngines_1|deque_frontRewrite|pending_255                                                       ;        ;
; pifoEngines_0|enque_brain|engineCAM_io_readRes_toStream_fifo|fifo|logic_ptr_push[0]                ;        ;
; pifoEngines_1|deque_frontRewrite|armed_255                                                         ;        ;
; pifoEngines_1|deque_frontRewrite|pending_127                                                       ;        ;
; pifoEngines_1|deque_frontRewrite|armed_127                                                         ;        ;
; pifoEngines_1|deque_frontRewrite|pending_175                                                       ;        ;
; pifoEngines_1|deque_frontRewrite|armed_175                                                         ;        ;
; pifoEngines_1|deque_frontRewrite|pending_191                                                       ;        ;
; pifoEngines_1|deque_frontRewrite|armed_191                                                         ;        ;
; pifoEngines_1|deque_frontRewrite|pending_63                                                        ;        ;
; pifoEngines_1|deque_frontRewrite|armed_63                                                          ;        ;
; pifoEngines_1|deque_frontRewrite|pending_249                                                       ;        ;
; pifoEngines_0|enque_brain|engineCAM_io_readRes_toStream_fifo|fifo|logic_ptr_pop[0]                 ;        ;
; pifoEngines_1|deque_frontRewrite|armed_249                                                         ;        ;
; pifoEngines_1|deque_frontRewrite|pending_121                                                       ;        ;
; pifoEngines_1|deque_frontRewrite|armed_121                                                         ;        ;
; pifoEngines_1|deque_frontRewrite|pending_169                                                       ;        ;
; pifoEngines_1|deque_frontRewrite|armed_169                                                         ;        ;
; pifoEngines_1|deque_frontRewrite|pending_185                                                       ;        ;
; pifoEngines_1|deque_frontRewrite|armed_185                                                         ;        ;
; pifoEngines_1|deque_frontRewrite|pending_57                                                        ;        ;
; pifoEngines_1|deque_frontRewrite|armed_57                                                          ;        ;
; pifoEngines_1|deque_frontRewrite|pending_201                                                       ;        ;
; pifoEngines_0|enque_brain|brainStateMem_io_readRes_toStream_fifo|fifo|logic_ptr_pop[1]             ;        ;
; pifoEngines_1|deque_frontRewrite|armed_201                                                         ;        ;
; pifoEngines_1|deque_frontRewrite|pending_9                                                         ;        ;
; pifoEngines_1|deque_frontRewrite|armed_9                                                           ;        ;
; pifoEngines_1|deque_frontRewrite|pending_73                                                        ;        ;
; pifoEngines_1|deque_frontRewrite|armed_73                                                          ;        ;
; pifoEngines_1|deque_frontRewrite|pending_217                                                       ;        ;
; pifoEngines_1|deque_frontRewrite|armed_217                                                         ;        ;
; pifoEngines_1|deque_frontRewrite|pending_89                                                        ;        ;
; pifoEngines_1|deque_frontRewrite|armed_89                                                          ;        ;
; pifoEngines_1|deque_frontRewrite|pending_137                                                       ;        ;
; pifoEngines_0|enque_brain|brainStateMem_io_readRes_toStream_fifo|fifo|logic_ptr_push[1]            ;        ;
; pifoEngines_1|deque_frontRewrite|armed_137                                                         ;        ;
; pifoEngines_1|deque_frontRewrite|pending_153                                                       ;        ;
; pifoEngines_1|deque_frontRewrite|armed_153                                                         ;        ;
; pifoEngines_1|deque_frontRewrite|pending_25                                                        ;        ;
; pifoEngines_1|deque_frontRewrite|armed_25                                                          ;        ;
; pifoEngines_1|deque_frontRewrite|pending_243                                                       ;        ;
; pifoEngines_1|deque_frontRewrite|armed_243                                                         ;        ;
; pifoEngines_1|deque_frontRewrite|pending_211                                                       ;        ;
; pifoEngines_1|deque_frontRewrite|armed_211                                                         ;        ;
; pifoEngines_1|deque_frontRewrite|pending_163                                                       ;        ;
; pifoEngines_0|enque_brain|brainStateMem_io_readRes_toStream_fifo|fifo|logic_ptr_push[0]            ;        ;
; pifoEngines_1|deque_frontRewrite|armed_163                                                         ;        ;
; pifoEngines_1|deque_frontRewrite|pending_227                                                       ;        ;
; pifoEngines_1|deque_frontRewrite|armed_227                                                         ;        ;
; pifoEngines_1|deque_frontRewrite|pending_195                                                       ;        ;
; pifoEngines_1|deque_frontRewrite|armed_195                                                         ;        ;
; pifoEngines_1|deque_frontRewrite|pending_51                                                        ;        ;
; pifoEngines_1|deque_frontRewrite|armed_51                                                          ;        ;
; pifoEngines_1|deque_frontRewrite|pending_3                                                         ;        ;
; pifoEngines_1|deque_frontRewrite|armed_3                                                           ;        ;
; pifoEngines_1|deque_frontRewrite|pending_19                                                        ;        ;
; reserved[7]                                                                                        ;        ;
; pifoEngines_0|enque_brain|brainStateMem_io_readRes_toStream_fifo|fifo|logic_ptr_pop[0]             ;        ;
; pifoEngines_1|deque_frontRewrite|armed_19                                                          ;        ;
; pifoEngines_1|deque_frontRewrite|pending_115                                                       ;        ;
; pifoEngines_1|deque_frontRewrite|armed_115                                                         ;        ;
; pifoEngines_1|deque_frontRewrite|pending_83                                                        ;        ;
; pifoEngines_1|deque_frontRewrite|armed_83                                                          ;        ;
; pifoEngines_1|deque_frontRewrite|pending_35                                                        ;        ;
; pifoEngines_1|deque_frontRewrite|armed_35                                                          ;        ;
; pifoEngines_1|deque_frontRewrite|pending_99                                                        ;        ;
; pifoEngines_1|deque_frontRewrite|armed_99                                                          ;        ;
; pifoEngines_1|deque_frontRewrite|pending_67                                                        ;        ;
; pifoEngines_0|enque_brain|engineCAM|io_readReq_valid_regNext                                       ;        ;
; pifoEngines_1|deque_frontRewrite|armed_67                                                          ;        ;
; pifoEngines_1|deque_frontRewrite|pending_183                                                       ;        ;
; pifoEngines_1|deque_frontRewrite|armed_183                                                         ;        ;
; pifoEngines_1|deque_frontRewrite|pending_135                                                       ;        ;
; pifoEngines_1|deque_frontRewrite|armed_135                                                         ;        ;
; pifoEngines_1|deque_frontRewrite|pending_151                                                       ;        ;
; pifoEngines_1|deque_frontRewrite|armed_151                                                         ;        ;
; pifoEngines_1|deque_frontRewrite|pending_247                                                       ;        ;
; pifoEngines_1|deque_frontRewrite|armed_247                                                         ;        ;
; pifoEngines_1|deque_frontRewrite|pending_215                                                       ;        ;
; pifoEngines_0|enque_brain|io_request_fork|logic_linkEnable_0                                       ;        ;
; pifoEngines_1|deque_frontRewrite|armed_215                                                         ;        ;
; pifoEngines_1|deque_frontRewrite|pending_167                                                       ;        ;
; pifoEngines_1|deque_frontRewrite|armed_167                                                         ;        ;
; pifoEngines_1|deque_frontRewrite|pending_231                                                       ;        ;
; pifoEngines_1|deque_frontRewrite|armed_231                                                         ;        ;
; pifoEngines_1|deque_frontRewrite|pending_199                                                       ;        ;
; pifoEngines_1|deque_frontRewrite|armed_199                                                         ;        ;
; pifoEngines_1|deque_frontRewrite|pending_179                                                       ;        ;
; pifoEngines_1|deque_frontRewrite|armed_179                                                         ;        ;
; pifoEngines_1|deque_frontRewrite|pending_131                                                       ;        ;
; pifoEngines_0|enque_brain|brainStateMem|io_readReq_valid_regNext                                   ;        ;
; pifoEngines_1|deque_frontRewrite|armed_131                                                         ;        ;
; pifoEngines_1|deque_frontRewrite|pending_147                                                       ;        ;
; pifoEngines_1|deque_frontRewrite|armed_147                                                         ;        ;
; pifoEngines_1|deque_frontRewrite|pending_55                                                        ;        ;
; pifoEngines_1|deque_frontRewrite|armed_55                                                          ;        ;
; pifoEngines_1|deque_frontRewrite|pending_7                                                         ;        ;
; pifoEngines_1|deque_frontRewrite|armed_7                                                           ;        ;
; pifoEngines_1|deque_frontRewrite|pending_23                                                        ;        ;
; pifoEngines_1|deque_frontRewrite|armed_23                                                          ;        ;
; pifoEngines_1|deque_frontRewrite|pending_119                                                       ;        ;
; pifoEngines_0|enque_enqueMapper|io_readReq_valid_regNext                                           ;        ;
; pifoEngines_1|deque_frontRewrite|armed_119                                                         ;        ;
; pifoEngines_1|deque_frontRewrite|pending_87                                                        ;        ;
; pifoEngines_1|deque_frontRewrite|armed_87                                                          ;        ;
; pifoEngines_1|deque_frontRewrite|pending_39                                                        ;        ;
; pifoEngines_1|deque_frontRewrite|armed_39                                                          ;        ;
; pifoEngines_1|deque_frontRewrite|pending_103                                                       ;        ;
; pifoEngines_1|deque_frontRewrite|armed_103                                                         ;        ;
; pifoEngines_1|deque_frontRewrite|pending_71                                                        ;        ;
; pifoEngines_1|deque_frontRewrite|armed_71                                                          ;        ;
; pifoEngines_2|deque_frontRewrite|pending_248                                                       ;        ;
; pifoEngines_0|enque_brain|io_outputs_4_fifo|fifo|logic_ptr_pop[0]                                  ;        ;
; pifoEngines_2|deque_frontRewrite|armed_248                                                         ;        ;
; pifoEngines_2|deque_frontRewrite|pending_56                                                        ;        ;
; pifoEngines_2|deque_frontRewrite|armed_56                                                          ;        ;
; pifoEngines_2|deque_frontRewrite|pending_120                                                       ;        ;
; pifoEngines_2|deque_frontRewrite|armed_120                                                         ;        ;
; pifoEngines_2|deque_frontRewrite|pending_252                                                       ;        ;
; pifoEngines_2|deque_frontRewrite|armed_252                                                         ;        ;
; pifoEngines_2|deque_frontRewrite|pending_124                                                       ;        ;
; pifoEngines_2|deque_frontRewrite|armed_124                                                         ;        ;
; pifoEngines_2|deque_frontRewrite|pending_184                                                       ;        ;
; pifoEngines_0|enque_brain|io_outputs_4_fifo|fifo|logic_ptr_push[0]                                 ;        ;
; pifoEngines_2|deque_frontRewrite|armed_184                                                         ;        ;
; pifoEngines_2|deque_frontRewrite|pending_188                                                       ;        ;
; pifoEngines_2|deque_frontRewrite|armed_188                                                         ;        ;
; pifoEngines_2|deque_frontRewrite|pending_60                                                        ;        ;
; pifoEngines_2|deque_frontRewrite|armed_60                                                          ;        ;
; pifoEngines_2|deque_frontRewrite|pending_232                                                       ;        ;
; pifoEngines_2|deque_frontRewrite|armed_232                                                         ;        ;
; pifoEngines_2|deque_frontRewrite|pending_40                                                        ;        ;
; pifoEngines_2|deque_frontRewrite|armed_40                                                          ;        ;
; pifoEngines_2|deque_frontRewrite|pending_104                                                       ;        ;
; pifoEngines_0|enque_flowIdStream_fifo|fifo|logic_ptr_pop[0]                                        ;        ;
; pifoEngines_2|deque_frontRewrite|armed_104                                                         ;        ;
; pifoEngines_2|deque_frontRewrite|pending_240                                                       ;        ;
; pifoEngines_2|deque_frontRewrite|armed_240                                                         ;        ;
; pifoEngines_2|deque_frontRewrite|pending_48                                                        ;        ;
; pifoEngines_2|deque_frontRewrite|armed_48                                                          ;        ;
; pifoEngines_2|deque_frontRewrite|pending_112                                                       ;        ;
; pifoEngines_2|deque_frontRewrite|armed_112                                                         ;        ;
; pifoEngines_2|deque_frontRewrite|pending_244                                                       ;        ;
; pifoEngines_2|deque_frontRewrite|armed_244                                                         ;        ;
; pifoEngines_2|deque_frontRewrite|pending_116                                                       ;        ;
; pifoEngines_0|enque_flowIdStream_fifo|fifo|logic_ptr_push[0]                                       ;        ;
; pifoEngines_2|deque_frontRewrite|armed_116                                                         ;        ;
; pifoEngines_2|deque_frontRewrite|pending_176                                                       ;        ;
; pifoEngines_2|deque_frontRewrite|armed_176                                                         ;        ;
; pifoEngines_2|deque_frontRewrite|pending_180                                                       ;        ;
; pifoEngines_2|deque_frontRewrite|armed_180                                                         ;        ;
; pifoEngines_2|deque_frontRewrite|pending_52                                                        ;        ;
; pifoEngines_2|deque_frontRewrite|armed_52                                                          ;        ;
; pifoEngines_2|deque_frontRewrite|pending_204                                                       ;        ;
; pifoEngines_2|deque_frontRewrite|armed_204                                                         ;        ;
; pifoEngines_2|deque_frontRewrite|pending_76                                                        ;        ;
; pifoEngines_0|io_enqueRequest_fork2_logic_linkEnable_0                                             ;        ;
; pifoEngines_2|deque_frontRewrite|armed_76                                                          ;        ;
; pifoEngines_2|deque_frontRewrite|pending_136                                                       ;        ;
; pifoEngines_2|deque_frontRewrite|armed_136                                                         ;        ;
; pifoEngines_2|deque_frontRewrite|pending_140                                                       ;        ;
; pifoEngines_2|deque_frontRewrite|armed_140                                                         ;        ;
; pifoEngines_2|deque_frontRewrite|pending_12                                                        ;        ;
; pifoEngines_2|deque_frontRewrite|armed_12                                                          ;        ;
; pifoEngines_2|deque_frontRewrite|pending_192                                                       ;        ;
; pifoEngines_2|deque_frontRewrite|armed_192                                                         ;        ;
; pifoEngines_2|deque_frontRewrite|pending_0                                                         ;        ;
; reserved[6]                                                                                        ;        ;
; pifoEngines_3|deque_dequeMapper|activeBank                                                         ;        ;
; pifoEngines_2|deque_frontRewrite|armed_0                                                           ;        ;
; pifoEngines_2|deque_frontRewrite|pending_64                                                        ;        ;
; pifoEngines_2|deque_frontRewrite|armed_64                                                          ;        ;
; pifoEngines_2|deque_frontRewrite|pending_196                                                       ;        ;
; pifoEngines_2|deque_frontRewrite|armed_196                                                         ;        ;
; pifoEngines_2|deque_frontRewrite|pending_68                                                        ;        ;
; pifoEngines_2|deque_frontRewrite|armed_68                                                          ;        ;
; pifoEngines_2|deque_frontRewrite|pending_128                                                       ;        ;
; pifoEngines_2|deque_frontRewrite|armed_128                                                         ;        ;
; pifoEngines_2|deque_frontRewrite|pending_132                                                       ;        ;
; pifoEngines_4|deque_dequeMapper|activeBank                                                         ;        ;
; pifoEngines_2|deque_frontRewrite|armed_132                                                         ;        ;
; pifoEngines_2|deque_frontRewrite|pending_4                                                         ;        ;
; pifoEngines_2|deque_frontRewrite|armed_4                                                           ;        ;
; pifoEngines_2|deque_frontRewrite|pending_216                                                       ;        ;
; pifoEngines_2|deque_frontRewrite|armed_216                                                         ;        ;
; pifoEngines_2|deque_frontRewrite|pending_24                                                        ;        ;
; pifoEngines_2|deque_frontRewrite|armed_24                                                          ;        ;
; pifoEngines_2|deque_frontRewrite|pending_88                                                        ;        ;
; pifoEngines_2|deque_frontRewrite|armed_88                                                          ;        ;
; pifoEngines_2|deque_frontRewrite|pending_220                                                       ;        ;
; pifoEngines_1|deque_dequeMapper|activeBank                                                         ;        ;
; pifoEngines_2|deque_frontRewrite|armed_220                                                         ;        ;
; pifoEngines_2|deque_frontRewrite|pending_92                                                        ;        ;
; pifoEngines_2|deque_frontRewrite|armed_92                                                          ;        ;
; pifoEngines_2|deque_frontRewrite|pending_152                                                       ;        ;
; pifoEngines_2|deque_frontRewrite|armed_152                                                         ;        ;
; pifoEngines_2|deque_frontRewrite|pending_156                                                       ;        ;
; pifoEngines_2|deque_frontRewrite|armed_156                                                         ;        ;
; pifoEngines_2|deque_frontRewrite|pending_28                                                        ;        ;
; pifoEngines_2|deque_frontRewrite|armed_28                                                          ;        ;
; pifoEngines_2|deque_frontRewrite|pending_200                                                       ;        ;
; pifoEngines_0|deque_dequeMapper|activeBank                                                         ;        ;
; pifoEngines_2|deque_frontRewrite|armed_200                                                         ;        ;
; pifoEngines_2|deque_frontRewrite|pending_8                                                         ;        ;
; pifoEngines_2|deque_frontRewrite|armed_8                                                           ;        ;
; pifoEngines_2|deque_frontRewrite|pending_72                                                        ;        ;
; pifoEngines_2|deque_frontRewrite|armed_72                                                          ;        ;
; pifoEngines_2|deque_frontRewrite|pending_208                                                       ;        ;
; pifoEngines_2|deque_frontRewrite|armed_208                                                         ;        ;
; pifoEngines_2|deque_frontRewrite|pending_16                                                        ;        ;
; pifoEngines_2|deque_frontRewrite|armed_16                                                          ;        ;
; pifoEngines_2|deque_frontRewrite|pending_80                                                        ;        ;
; pifoEngines_2|deque_dequeMapper|activeBank                                                         ;        ;
; pifoEngines_2|deque_frontRewrite|armed_80                                                          ;        ;
; pifoEngines_2|deque_frontRewrite|pending_212                                                       ;        ;
; pifoEngines_2|deque_frontRewrite|armed_212                                                         ;        ;
; pifoEngines_2|deque_frontRewrite|pending_84                                                        ;        ;
; pifoEngines_2|deque_frontRewrite|armed_84                                                          ;        ;
; pifoEngines_2|deque_frontRewrite|pending_144                                                       ;        ;
; pifoEngines_2|deque_frontRewrite|armed_144                                                         ;        ;
; pifoEngines_2|deque_frontRewrite|pending_148                                                       ;        ;
; pifoEngines_2|deque_frontRewrite|armed_148                                                         ;        ;
; pifoEngines_2|deque_frontRewrite|pending_20                                                        ;        ;
; pifoEngines_0|deque_frontRewrite|pending_248                                                       ;        ;
; pifoEngines_2|deque_frontRewrite|armed_20                                                          ;        ;
; pifoEngines_2|deque_frontRewrite|pending_237                                                       ;        ;
; pifoEngines_2|deque_frontRewrite|armed_237                                                         ;        ;
; pifoEngines_2|deque_frontRewrite|pending_45                                                        ;        ;
; pifoEngines_2|deque_frontRewrite|armed_45                                                          ;        ;
; pifoEngines_2|deque_frontRewrite|pending_109                                                       ;        ;
; pifoEngines_2|deque_frontRewrite|armed_109                                                         ;        ;
; pifoEngines_2|deque_frontRewrite|pending_253                                                       ;        ;
; pifoEngines_2|deque_frontRewrite|armed_253                                                         ;        ;
; pifoEngines_2|deque_frontRewrite|pending_125                                                       ;        ;
; pifoEngines_0|deque_frontRewrite|armed_248                                                         ;        ;
; pifoEngines_2|deque_frontRewrite|armed_125                                                         ;        ;
; pifoEngines_2|deque_frontRewrite|pending_173                                                       ;        ;
; pifoEngines_2|deque_frontRewrite|armed_173                                                         ;        ;
; pifoEngines_2|deque_frontRewrite|pending_189                                                       ;        ;
; pifoEngines_2|deque_frontRewrite|armed_189                                                         ;        ;
; pifoEngines_2|deque_frontRewrite|pending_61                                                        ;        ;
; pifoEngines_2|deque_frontRewrite|armed_61                                                          ;        ;
; pifoEngines_2|deque_frontRewrite|pending_233                                                       ;        ;
; pifoEngines_2|deque_frontRewrite|armed_233                                                         ;        ;
; pifoEngines_2|deque_frontRewrite|pending_41                                                        ;        ;
; pifoEngines_0|deque_frontRewrite|pending_56                                                        ;        ;
; pifoEngines_2|deque_frontRewrite|armed_41                                                          ;        ;
; pifoEngines_2|deque_frontRewrite|pending_105                                                       ;        ;
; pifoEngines_2|deque_frontRewrite|armed_105                                                         ;        ;
; pifoEngines_2|deque_frontRewrite|pending_205                                                       ;        ;
; pifoEngines_2|deque_frontRewrite|armed_205                                                         ;        ;
; pifoEngines_2|deque_frontRewrite|pending_13                                                        ;        ;
; pifoEngines_2|deque_frontRewrite|armed_13                                                          ;        ;
; pifoEngines_2|deque_frontRewrite|pending_77                                                        ;        ;
; pifoEngines_2|deque_frontRewrite|armed_77                                                          ;        ;
; pifoEngines_2|deque_frontRewrite|pending_221                                                       ;        ;
; pifoEngines_0|deque_frontRewrite|armed_56                                                          ;        ;
; pifoEngines_2|deque_frontRewrite|armed_221                                                         ;        ;
; pifoEngines_2|deque_frontRewrite|pending_93                                                        ;        ;
; pifoEngines_2|deque_frontRewrite|armed_93                                                          ;        ;
; pifoEngines_2|deque_frontRewrite|pending_141                                                       ;        ;
; pifoEngines_2|deque_frontRewrite|armed_141                                                         ;        ;
; pifoEngines_2|deque_frontRewrite|pending_157                                                       ;        ;
; pifoEngines_2|deque_frontRewrite|armed_157                                                         ;        ;
; pifoEngines_2|deque_frontRewrite|pending_29                                                        ;        ;
; pifoEngines_2|deque_frontRewrite|armed_29                                                          ;        ;
; pifoEngines_2|deque_frontRewrite|pending_241                                                       ;        ;
; pifoEngines_0|deque_frontRewrite|pending_120                                                       ;        ;
; pifoEngines_2|deque_frontRewrite|armed_241                                                         ;        ;
; pifoEngines_2|deque_frontRewrite|pending_113                                                       ;        ;
; pifoEngines_2|deque_frontRewrite|armed_113                                                         ;        ;
; pifoEngines_2|deque_frontRewrite|pending_161                                                       ;        ;
; pifoEngines_2|deque_frontRewrite|armed_161                                                         ;        ;
; pifoEngines_2|deque_frontRewrite|pending_177                                                       ;        ;
; pifoEngines_2|deque_frontRewrite|armed_177                                                         ;        ;
; pifoEngines_2|deque_frontRewrite|pending_49                                                        ;        ;
; pifoEngines_2|deque_frontRewrite|armed_49                                                          ;        ;
; pifoEngines_2|deque_frontRewrite|pending_193                                                       ;        ;
; reserved[5]                                                                                        ;        ;
; pifoEngines_0|deque_frontRewrite|armed_120                                                         ;        ;
; pifoEngines_2|deque_frontRewrite|armed_193                                                         ;        ;
; pifoEngines_2|deque_frontRewrite|pending_1                                                         ;        ;
; pifoEngines_2|deque_frontRewrite|armed_1                                                           ;        ;
; pifoEngines_2|deque_frontRewrite|pending_65                                                        ;        ;
; pifoEngines_2|deque_frontRewrite|armed_65                                                          ;        ;
; pifoEngines_2|deque_frontRewrite|pending_209                                                       ;        ;
; pifoEngines_2|deque_frontRewrite|armed_209                                                         ;        ;
; pifoEngines_2|deque_frontRewrite|pending_81                                                        ;        ;
; pifoEngines_2|deque_frontRewrite|armed_81                                                          ;        ;
; pifoEngines_2|deque_frontRewrite|pending_129                                                       ;        ;
; pifoEngines_0|deque_frontRewrite|pending_252                                                       ;        ;
; pifoEngines_2|deque_frontRewrite|armed_129                                                         ;        ;
; pifoEngines_2|deque_frontRewrite|pending_145                                                       ;        ;
; pifoEngines_2|deque_frontRewrite|armed_145                                                         ;        ;
; pifoEngines_2|deque_frontRewrite|pending_17                                                        ;        ;
; pifoEngines_2|deque_frontRewrite|armed_17                                                          ;        ;
; pifoEngines_2|deque_frontRewrite|pending_229                                                       ;        ;
; pifoEngines_2|deque_frontRewrite|armed_229                                                         ;        ;
; pifoEngines_2|deque_frontRewrite|pending_37                                                        ;        ;
; pifoEngines_2|deque_frontRewrite|armed_37                                                          ;        ;
; pifoEngines_2|deque_frontRewrite|pending_101                                                       ;        ;
; pifoEngines_0|deque_frontRewrite|armed_252                                                         ;        ;
; pifoEngines_2|deque_frontRewrite|armed_101                                                         ;        ;
; pifoEngines_2|deque_frontRewrite|pending_245                                                       ;        ;
; pifoEngines_2|deque_frontRewrite|armed_245                                                         ;        ;
; pifoEngines_2|deque_frontRewrite|pending_117                                                       ;        ;
; pifoEngines_2|deque_frontRewrite|armed_117                                                         ;        ;
; pifoEngines_2|deque_frontRewrite|pending_165                                                       ;        ;
; pifoEngines_2|deque_frontRewrite|armed_165                                                         ;        ;
; pifoEngines_2|deque_frontRewrite|pending_181                                                       ;        ;
; pifoEngines_2|deque_frontRewrite|armed_181                                                         ;        ;
; pifoEngines_2|deque_frontRewrite|pending_53                                                        ;        ;
; pifoEngines_0|deque_frontRewrite|pending_124                                                       ;        ;
; pifoEngines_2|deque_frontRewrite|armed_53                                                          ;        ;
; pifoEngines_2|deque_frontRewrite|pending_225                                                       ;        ;
; pifoEngines_2|deque_frontRewrite|armed_225                                                         ;        ;
; pifoEngines_2|deque_frontRewrite|pending_33                                                        ;        ;
; pifoEngines_2|deque_frontRewrite|armed_33                                                          ;        ;
; pifoEngines_2|deque_frontRewrite|pending_97                                                        ;        ;
; pifoEngines_2|deque_frontRewrite|armed_97                                                          ;        ;
; pifoEngines_2|deque_frontRewrite|pending_197                                                       ;        ;
; pifoEngines_2|deque_frontRewrite|armed_197                                                         ;        ;
; pifoEngines_2|deque_frontRewrite|pending_5                                                         ;        ;
; pifoEngines_0|deque_frontRewrite|armed_124                                                         ;        ;
; pifoEngines_2|deque_frontRewrite|armed_5                                                           ;        ;
; pifoEngines_2|deque_frontRewrite|pending_69                                                        ;        ;
; pifoEngines_2|deque_frontRewrite|armed_69                                                          ;        ;
; pifoEngines_2|deque_frontRewrite|pending_213                                                       ;        ;
; pifoEngines_2|deque_frontRewrite|armed_213                                                         ;        ;
; pifoEngines_2|deque_frontRewrite|pending_85                                                        ;        ;
; pifoEngines_2|deque_frontRewrite|armed_85                                                          ;        ;
; pifoEngines_2|deque_frontRewrite|pending_133                                                       ;        ;
; pifoEngines_2|deque_frontRewrite|armed_133                                                         ;        ;
; pifoEngines_2|deque_frontRewrite|pending_149                                                       ;        ;
; pifoEngines_0|deque_frontRewrite|pending_184                                                       ;        ;
; pifoEngines_2|deque_frontRewrite|armed_149                                                         ;        ;
; pifoEngines_2|deque_frontRewrite|pending_21                                                        ;        ;
; pifoEngines_2|deque_frontRewrite|armed_21                                                          ;        ;
; pifoEngines_2|deque_frontRewrite|pending_46                                                        ;        ;
; pifoEngines_2|deque_frontRewrite|armed_46                                                          ;        ;
; pifoEngines_2|deque_frontRewrite|pending_34                                                        ;        ;
; pifoEngines_2|deque_frontRewrite|armed_34                                                          ;        ;
; pifoEngines_2|deque_frontRewrite|pending_38                                                        ;        ;
; pifoEngines_2|deque_frontRewrite|armed_38                                                          ;        ;
; pifoEngines_2|deque_frontRewrite|pending_110                                                       ;        ;
; pifoEngines_0|deque_frontRewrite|armed_184                                                         ;        ;
; pifoEngines_2|deque_frontRewrite|armed_110                                                         ;        ;
; pifoEngines_2|deque_frontRewrite|pending_102                                                       ;        ;
; pifoEngines_2|deque_frontRewrite|armed_102                                                         ;        ;
; pifoEngines_2|deque_frontRewrite|pending_42                                                        ;        ;
; pifoEngines_2|deque_frontRewrite|armed_42                                                          ;        ;
; pifoEngines_2|deque_frontRewrite|pending_106                                                       ;        ;
; pifoEngines_2|deque_frontRewrite|armed_106                                                         ;        ;
; pifoEngines_2|deque_frontRewrite|pending_98                                                        ;        ;
; pifoEngines_2|deque_frontRewrite|armed_98                                                          ;        ;
; pifoEngines_2|deque_frontRewrite|pending_174                                                       ;        ;
; pifoEngines_0|deque_frontRewrite|pending_188                                                       ;        ;
; pifoEngines_2|deque_frontRewrite|armed_174                                                         ;        ;
; pifoEngines_2|deque_frontRewrite|pending_162                                                       ;        ;
; pifoEngines_2|deque_frontRewrite|armed_162                                                         ;        ;
; pifoEngines_2|deque_frontRewrite|pending_166                                                       ;        ;
; pifoEngines_2|deque_frontRewrite|armed_166                                                         ;        ;
; pifoEngines_2|deque_frontRewrite|pending_238                                                       ;        ;
; pifoEngines_2|deque_frontRewrite|armed_238                                                         ;        ;
; pifoEngines_2|deque_frontRewrite|pending_230                                                       ;        ;
; pifoEngines_2|deque_frontRewrite|armed_230                                                         ;        ;
; pifoEngines_2|deque_frontRewrite|pending_170                                                       ;        ;
; pifoEngines_0|deque_frontRewrite|armed_188                                                         ;        ;
; pifoEngines_2|deque_frontRewrite|armed_170                                                         ;        ;
; pifoEngines_2|deque_frontRewrite|pending_234                                                       ;        ;
; pifoEngines_2|deque_frontRewrite|armed_234                                                         ;        ;
; pifoEngines_2|deque_frontRewrite|pending_226                                                       ;        ;
; pifoEngines_2|deque_frontRewrite|armed_226                                                         ;        ;
; pifoEngines_2|deque_frontRewrite|pending_242                                                       ;        ;
; pifoEngines_2|deque_frontRewrite|armed_242                                                         ;        ;
; pifoEngines_2|deque_frontRewrite|pending_50                                                        ;        ;
; pifoEngines_2|deque_frontRewrite|armed_50                                                          ;        ;
; pifoEngines_2|deque_frontRewrite|pending_114                                                       ;        ;
; pifoEngines_0|deque_frontRewrite|pending_60                                                        ;        ;
; pifoEngines_2|deque_frontRewrite|armed_114                                                         ;        ;
; pifoEngines_2|deque_frontRewrite|pending_246                                                       ;        ;
; pifoEngines_2|deque_frontRewrite|armed_246                                                         ;        ;
; pifoEngines_2|deque_frontRewrite|pending_118                                                       ;        ;
; pifoEngines_2|deque_frontRewrite|armed_118                                                         ;        ;
; pifoEngines_2|deque_frontRewrite|pending_178                                                       ;        ;
; pifoEngines_2|deque_frontRewrite|armed_178                                                         ;        ;
; pifoEngines_2|deque_frontRewrite|pending_182                                                       ;        ;
; pifoEngines_2|deque_frontRewrite|armed_182                                                         ;        ;
; pifoEngines_2|deque_frontRewrite|pending_54                                                        ;        ;
; reserved[0]                                                                                        ;        ;
; pifoEngines_0|deque_frontRewrite|armed_60                                                          ;        ;
; pifoEngines_2|deque_frontRewrite|armed_54                                                          ;        ;
; pifoEngines_2|deque_frontRewrite|pending_250                                                       ;        ;
; pifoEngines_2|deque_frontRewrite|armed_250                                                         ;        ;
; pifoEngines_2|deque_frontRewrite|pending_58                                                        ;        ;
; pifoEngines_2|deque_frontRewrite|armed_58                                                          ;        ;
; pifoEngines_2|deque_frontRewrite|pending_122                                                       ;        ;
; pifoEngines_2|deque_frontRewrite|armed_122                                                         ;        ;
; pifoEngines_2|deque_frontRewrite|pending_254                                                       ;        ;
; pifoEngines_2|deque_frontRewrite|armed_254                                                         ;        ;
; pifoEngines_2|deque_frontRewrite|pending_126                                                       ;        ;
; pifoEngines_0|deque_frontRewrite|pending_232                                                       ;        ;
; pifoEngines_2|deque_frontRewrite|armed_126                                                         ;        ;
; pifoEngines_2|deque_frontRewrite|pending_186                                                       ;        ;
; pifoEngines_2|deque_frontRewrite|armed_186                                                         ;        ;
; pifoEngines_2|deque_frontRewrite|pending_190                                                       ;        ;
; pifoEngines_2|deque_frontRewrite|armed_190                                                         ;        ;
; pifoEngines_2|deque_frontRewrite|pending_62                                                        ;        ;
; pifoEngines_2|deque_frontRewrite|armed_62                                                          ;        ;
; pifoEngines_2|deque_frontRewrite|pending_236                                                       ;        ;
; pifoEngines_2|deque_frontRewrite|armed_236                                                         ;        ;
; pifoEngines_2|deque_frontRewrite|pending_108                                                       ;        ;
; pifoEngines_0|deque_frontRewrite|armed_232                                                         ;        ;
; pifoEngines_2|deque_frontRewrite|armed_108                                                         ;        ;
; pifoEngines_2|deque_frontRewrite|pending_168                                                       ;        ;
; pifoEngines_2|deque_frontRewrite|armed_168                                                         ;        ;
; pifoEngines_2|deque_frontRewrite|pending_172                                                       ;        ;
; pifoEngines_2|deque_frontRewrite|armed_172                                                         ;        ;
; pifoEngines_2|deque_frontRewrite|pending_44                                                        ;        ;
; pifoEngines_2|deque_frontRewrite|armed_44                                                          ;        ;
; pifoEngines_2|deque_frontRewrite|pending_224                                                       ;        ;
; pifoEngines_2|deque_frontRewrite|armed_224                                                         ;        ;
; pifoEngines_2|deque_frontRewrite|pending_32                                                        ;        ;
; pifoEngines_0|deque_frontRewrite|pending_40                                                        ;        ;
; pifoEngines_2|deque_frontRewrite|armed_32                                                          ;        ;
; pifoEngines_2|deque_frontRewrite|pending_96                                                        ;        ;
; pifoEngines_2|deque_frontRewrite|armed_96                                                          ;        ;
; pifoEngines_2|deque_frontRewrite|pending_228                                                       ;        ;
; pifoEngines_2|deque_frontRewrite|armed_228                                                         ;        ;
; pifoEngines_2|deque_frontRewrite|pending_100                                                       ;        ;
; pifoEngines_2|deque_frontRewrite|armed_100                                                         ;        ;
; pifoEngines_2|deque_frontRewrite|pending_160                                                       ;        ;
; pifoEngines_2|deque_frontRewrite|armed_160                                                         ;        ;
; pifoEngines_2|deque_frontRewrite|pending_164                                                       ;        ;
; pifoEngines_0|deque_frontRewrite|armed_40                                                          ;        ;
; pifoEngines_2|deque_frontRewrite|armed_164                                                         ;        ;
; pifoEngines_2|deque_frontRewrite|pending_36                                                        ;        ;
; pifoEngines_2|deque_frontRewrite|armed_36                                                          ;        ;
; pifoEngines_2|deque_frontRewrite|pending_206                                                       ;        ;
; pifoEngines_2|deque_frontRewrite|armed_206                                                         ;        ;
; pifoEngines_2|deque_frontRewrite|pending_198                                                       ;        ;
; pifoEngines_2|deque_frontRewrite|armed_198                                                         ;        ;
; pifoEngines_2|deque_frontRewrite|pending_138                                                       ;        ;
; pifoEngines_2|deque_frontRewrite|armed_138                                                         ;        ;
; pifoEngines_2|deque_frontRewrite|pending_202                                                       ;        ;
; pifoEngines_0|deque_frontRewrite|pending_104                                                       ;        ;
; pifoEngines_2|deque_frontRewrite|armed_202                                                         ;        ;
; pifoEngines_2|deque_frontRewrite|pending_194                                                       ;        ;
; pifoEngines_2|deque_frontRewrite|armed_194                                                         ;        ;
; pifoEngines_2|deque_frontRewrite|pending_14                                                        ;        ;
; pifoEngines_2|deque_frontRewrite|armed_14                                                          ;        ;
; pifoEngines_2|deque_frontRewrite|pending_2                                                         ;        ;
; pifoEngines_2|deque_frontRewrite|armed_2                                                           ;        ;
; pifoEngines_2|deque_frontRewrite|pending_6                                                         ;        ;
; pifoEngines_2|deque_frontRewrite|armed_6                                                           ;        ;
; pifoEngines_2|deque_frontRewrite|pending_78                                                        ;        ;
; pifoEngines_0|deque_frontRewrite|armed_104                                                         ;        ;
; pifoEngines_2|deque_frontRewrite|armed_78                                                          ;        ;
; pifoEngines_2|deque_frontRewrite|pending_70                                                        ;        ;
; pifoEngines_2|deque_frontRewrite|armed_70                                                          ;        ;
; pifoEngines_2|deque_frontRewrite|pending_10                                                        ;        ;
; pifoEngines_2|deque_frontRewrite|armed_10                                                          ;        ;
; pifoEngines_2|deque_frontRewrite|pending_74                                                        ;        ;
; pifoEngines_2|deque_frontRewrite|armed_74                                                          ;        ;
; pifoEngines_2|deque_frontRewrite|pending_66                                                        ;        ;
; pifoEngines_2|deque_frontRewrite|armed_66                                                          ;        ;
; pifoEngines_2|deque_frontRewrite|pending_158                                                       ;        ;
; pifoEngines_0|deque_frontRewrite|pending_240                                                       ;        ;
; pifoEngines_2|deque_frontRewrite|armed_158                                                         ;        ;
; pifoEngines_2|deque_frontRewrite|pending_146                                                       ;        ;
; pifoEngines_2|deque_frontRewrite|armed_146                                                         ;        ;
; pifoEngines_2|deque_frontRewrite|pending_150                                                       ;        ;
; pifoEngines_2|deque_frontRewrite|armed_150                                                         ;        ;
; pifoEngines_2|deque_frontRewrite|pending_222                                                       ;        ;
; pifoEngines_2|deque_frontRewrite|armed_222                                                         ;        ;
; pifoEngines_2|deque_frontRewrite|pending_214                                                       ;        ;
; pifoEngines_2|deque_frontRewrite|armed_214                                                         ;        ;
; pifoEngines_2|deque_frontRewrite|pending_154                                                       ;        ;
; pifoEngines_0|deque_frontRewrite|armed_240                                                         ;        ;
; pifoEngines_2|deque_frontRewrite|armed_154                                                         ;        ;
; pifoEngines_2|deque_frontRewrite|pending_218                                                       ;        ;
; pifoEngines_2|deque_frontRewrite|armed_218                                                         ;        ;
; pifoEngines_2|deque_frontRewrite|pending_210                                                       ;        ;
; pifoEngines_2|deque_frontRewrite|armed_210                                                         ;        ;
; pifoEngines_2|deque_frontRewrite|pending_142                                                       ;        ;
; pifoEngines_2|deque_frontRewrite|armed_142                                                         ;        ;
; pifoEngines_2|deque_frontRewrite|pending_130                                                       ;        ;
; pifoEngines_2|deque_frontRewrite|armed_130                                                         ;        ;
; pifoEngines_2|deque_frontRewrite|pending_134                                                       ;        ;
; pifoEngines_0|deque_frontRewrite|pending_48                                                        ;        ;
; pifoEngines_2|deque_frontRewrite|armed_134                                                         ;        ;
; pifoEngines_2|deque_frontRewrite|pending_30                                                        ;        ;
; pifoEngines_2|deque_frontRewrite|armed_30                                                          ;        ;
; pifoEngines_2|deque_frontRewrite|pending_18                                                        ;        ;
; pifoEngines_2|deque_frontRewrite|armed_18                                                          ;        ;
; pifoEngines_2|deque_frontRewrite|pending_22                                                        ;        ;
; pifoEngines_2|deque_frontRewrite|armed_22                                                          ;        ;
; pifoEngines_2|deque_frontRewrite|pending_94                                                        ;        ;
; pifoEngines_2|deque_frontRewrite|armed_94                                                          ;        ;
; pifoEngines_2|deque_frontRewrite|pending_86                                                        ;        ;
; reserved[1]                                                                                        ;        ;
; pifoEngines_0|deque_frontRewrite|armed_48                                                          ;        ;
; pifoEngines_2|deque_frontRewrite|armed_86                                                          ;        ;
; pifoEngines_2|deque_frontRewrite|pending_26                                                        ;        ;
; pifoEngines_2|deque_frontRewrite|armed_26                                                          ;        ;
; pifoEngines_2|deque_frontRewrite|pending_90                                                        ;        ;
; pifoEngines_2|deque_frontRewrite|armed_90                                                          ;        ;
; pifoEngines_2|deque_frontRewrite|pending_82                                                        ;        ;
; pifoEngines_2|deque_frontRewrite|armed_82                                                          ;        ;
; pifoEngines_2|deque_frontRewrite|pending_59                                                        ;        ;
; pifoEngines_2|deque_frontRewrite|armed_59                                                          ;        ;
; pifoEngines_2|deque_frontRewrite|pending_11                                                        ;        ;
; pifoEngines_0|deque_frontRewrite|pending_112                                                       ;        ;
; pifoEngines_2|deque_frontRewrite|armed_11                                                          ;        ;
; pifoEngines_2|deque_frontRewrite|pending_27                                                        ;        ;
; pifoEngines_2|deque_frontRewrite|armed_27                                                          ;        ;
; pifoEngines_2|deque_frontRewrite|pending_123                                                       ;        ;
; pifoEngines_2|deque_frontRewrite|armed_123                                                         ;        ;
; pifoEngines_2|deque_frontRewrite|pending_91                                                        ;        ;
; pifoEngines_2|deque_frontRewrite|armed_91                                                          ;        ;
; pifoEngines_2|deque_frontRewrite|pending_43                                                        ;        ;
; pifoEngines_2|deque_frontRewrite|armed_43                                                          ;        ;
; pifoEngines_2|deque_frontRewrite|pending_107                                                       ;        ;
; pifoEngines_0|deque_frontRewrite|armed_112                                                         ;        ;
; pifoEngines_2|deque_frontRewrite|armed_107                                                         ;        ;
; pifoEngines_2|deque_frontRewrite|pending_75                                                        ;        ;
; pifoEngines_2|deque_frontRewrite|armed_75                                                          ;        ;
; pifoEngines_2|deque_frontRewrite|pending_187                                                       ;        ;
; pifoEngines_2|deque_frontRewrite|armed_187                                                         ;        ;
; pifoEngines_2|deque_frontRewrite|pending_139                                                       ;        ;
; pifoEngines_2|deque_frontRewrite|armed_139                                                         ;        ;
; pifoEngines_2|deque_frontRewrite|pending_155                                                       ;        ;
; pifoEngines_2|deque_frontRewrite|armed_155                                                         ;        ;
; pifoEngines_2|deque_frontRewrite|pending_251                                                       ;        ;
; pifoEngines_0|deque_frontRewrite|pending_244                                                       ;        ;
; pifoEngines_2|deque_frontRewrite|armed_251                                                         ;        ;
; pifoEngines_2|deque_frontRewrite|pending_219                                                       ;        ;
; pifoEngines_2|deque_frontRewrite|armed_219                                                         ;        ;
; pifoEngines_2|deque_frontRewrite|pending_171                                                       ;        ;
; pifoEngines_2|deque_frontRewrite|armed_171                                                         ;        ;
; pifoEngines_2|deque_frontRewrite|pending_235                                                       ;        ;
; pifoEngines_2|deque_frontRewrite|armed_235                                                         ;        ;
; pifoEngines_2|deque_frontRewrite|pending_203                                                       ;        ;
; pifoEngines_2|deque_frontRewrite|armed_203                                                         ;        ;
; pifoEngines_2|deque_frontRewrite|pending_207                                                       ;        ;
; pifoEngines_0|deque_frontRewrite|armed_244                                                         ;        ;
; pifoEngines_2|deque_frontRewrite|armed_207                                                         ;        ;
; pifoEngines_2|deque_frontRewrite|pending_15                                                        ;        ;
; pifoEngines_2|deque_frontRewrite|armed_15                                                          ;        ;
; pifoEngines_2|deque_frontRewrite|pending_79                                                        ;        ;
; pifoEngines_2|deque_frontRewrite|armed_79                                                          ;        ;
; pifoEngines_2|deque_frontRewrite|pending_223                                                       ;        ;
; pifoEngines_2|deque_frontRewrite|armed_223                                                         ;        ;
; pifoEngines_2|deque_frontRewrite|pending_95                                                        ;        ;
; pifoEngines_2|deque_frontRewrite|armed_95                                                          ;        ;
; pifoEngines_2|deque_frontRewrite|pending_143                                                       ;        ;
; pifoEngines_0|deque_frontRewrite|pending_116                                                       ;        ;
; pifoEngines_2|deque_frontRewrite|armed_143                                                         ;        ;
; pifoEngines_2|deque_frontRewrite|pending_159                                                       ;        ;
; pifoEngines_2|deque_frontRewrite|armed_159                                                         ;        ;
; pifoEngines_2|deque_frontRewrite|pending_31                                                        ;        ;
; pifoEngines_2|deque_frontRewrite|armed_31                                                          ;        ;
; pifoEngines_2|deque_frontRewrite|pending_239                                                       ;        ;
; pifoEngines_2|deque_frontRewrite|armed_239                                                         ;        ;
; pifoEngines_2|deque_frontRewrite|pending_47                                                        ;        ;
; pifoEngines_2|deque_frontRewrite|armed_47                                                          ;        ;
; pifoEngines_2|deque_frontRewrite|pending_111                                                       ;        ;
; pifoEngines_0|deque_frontRewrite|armed_116                                                         ;        ;
; pifoEngines_2|deque_frontRewrite|armed_111                                                         ;        ;
; pifoEngines_2|deque_frontRewrite|pending_255                                                       ;        ;
; pifoEngines_2|deque_frontRewrite|armed_255                                                         ;        ;
; pifoEngines_2|deque_frontRewrite|pending_127                                                       ;        ;
; pifoEngines_2|deque_frontRewrite|armed_127                                                         ;        ;
; pifoEngines_2|deque_frontRewrite|pending_175                                                       ;        ;
; pifoEngines_2|deque_frontRewrite|armed_175                                                         ;        ;
; pifoEngines_2|deque_frontRewrite|pending_191                                                       ;        ;
; pifoEngines_2|deque_frontRewrite|armed_191                                                         ;        ;
; pifoEngines_2|deque_frontRewrite|pending_63                                                        ;        ;
; pifoEngines_0|deque_frontRewrite|pending_176                                                       ;        ;
; pifoEngines_2|deque_frontRewrite|armed_63                                                          ;        ;
; pifoEngines_2|deque_frontRewrite|pending_249                                                       ;        ;
; pifoEngines_2|deque_frontRewrite|armed_249                                                         ;        ;
; pifoEngines_2|deque_frontRewrite|pending_121                                                       ;        ;
; pifoEngines_2|deque_frontRewrite|armed_121                                                         ;        ;
; pifoEngines_2|deque_frontRewrite|pending_169                                                       ;        ;
; pifoEngines_2|deque_frontRewrite|armed_169                                                         ;        ;
; pifoEngines_2|deque_frontRewrite|pending_185                                                       ;        ;
; pifoEngines_2|deque_frontRewrite|armed_185                                                         ;        ;
; pifoEngines_2|deque_frontRewrite|pending_57                                                        ;        ;
; pifoEngines_0|deque_frontRewrite|armed_176                                                         ;        ;
; pifoEngines_2|deque_frontRewrite|armed_57                                                          ;        ;
; pifoEngines_2|deque_frontRewrite|pending_201                                                       ;        ;
; pifoEngines_2|deque_frontRewrite|armed_201                                                         ;        ;
; pifoEngines_2|deque_frontRewrite|pending_9                                                         ;        ;
; pifoEngines_2|deque_frontRewrite|armed_9                                                           ;        ;
; pifoEngines_2|deque_frontRewrite|pending_73                                                        ;        ;
; pifoEngines_2|deque_frontRewrite|armed_73                                                          ;        ;
; pifoEngines_2|deque_frontRewrite|pending_217                                                       ;        ;
; pifoEngines_2|deque_frontRewrite|armed_217                                                         ;        ;
; pifoEngines_2|deque_frontRewrite|pending_89                                                        ;        ;
; pifoEngines_0|deque_frontRewrite|pending_180                                                       ;        ;
; pifoEngines_2|deque_frontRewrite|armed_89                                                          ;        ;
; pifoEngines_2|deque_frontRewrite|pending_137                                                       ;        ;
; pifoEngines_2|deque_frontRewrite|armed_137                                                         ;        ;
; pifoEngines_2|deque_frontRewrite|pending_153                                                       ;        ;
; pifoEngines_2|deque_frontRewrite|armed_153                                                         ;        ;
; pifoEngines_2|deque_frontRewrite|pending_25                                                        ;        ;
; pifoEngines_2|deque_frontRewrite|armed_25                                                          ;        ;
; pifoEngines_2|deque_frontRewrite|pending_243                                                       ;        ;
; pifoEngines_2|deque_frontRewrite|armed_243                                                         ;        ;
; pifoEngines_2|deque_frontRewrite|pending_211                                                       ;        ;
; reserved[2]                                                                                        ;        ;
; pifoEngines_0|deque_frontRewrite|armed_180                                                         ;        ;
; pifoEngines_2|deque_frontRewrite|armed_211                                                         ;        ;
; pifoEngines_2|deque_frontRewrite|pending_163                                                       ;        ;
; pifoEngines_2|deque_frontRewrite|armed_163                                                         ;        ;
; pifoEngines_2|deque_frontRewrite|pending_227                                                       ;        ;
; pifoEngines_2|deque_frontRewrite|armed_227                                                         ;        ;
; pifoEngines_2|deque_frontRewrite|pending_195                                                       ;        ;
; pifoEngines_2|deque_frontRewrite|armed_195                                                         ;        ;
; pifoEngines_2|deque_frontRewrite|pending_51                                                        ;        ;
; pifoEngines_2|deque_frontRewrite|armed_51                                                          ;        ;
; pifoEngines_2|deque_frontRewrite|pending_3                                                         ;        ;
; pifoEngines_0|deque_frontRewrite|pending_52                                                        ;        ;
; pifoEngines_2|deque_frontRewrite|armed_3                                                           ;        ;
; pifoEngines_2|deque_frontRewrite|pending_19                                                        ;        ;
; pifoEngines_2|deque_frontRewrite|armed_19                                                          ;        ;
; pifoEngines_2|deque_frontRewrite|pending_115                                                       ;        ;
; pifoEngines_2|deque_frontRewrite|armed_115                                                         ;        ;
; pifoEngines_2|deque_frontRewrite|pending_83                                                        ;        ;
; pifoEngines_2|deque_frontRewrite|armed_83                                                          ;        ;
; pifoEngines_2|deque_frontRewrite|pending_35                                                        ;        ;
; pifoEngines_2|deque_frontRewrite|armed_35                                                          ;        ;
; pifoEngines_2|deque_frontRewrite|pending_99                                                        ;        ;
; pifoEngines_0|deque_frontRewrite|armed_52                                                          ;        ;
; pifoEngines_2|deque_frontRewrite|armed_99                                                          ;        ;
; pifoEngines_2|deque_frontRewrite|pending_67                                                        ;        ;
; pifoEngines_2|deque_frontRewrite|armed_67                                                          ;        ;
; pifoEngines_2|deque_frontRewrite|pending_183                                                       ;        ;
; pifoEngines_2|deque_frontRewrite|armed_183                                                         ;        ;
; pifoEngines_2|deque_frontRewrite|pending_135                                                       ;        ;
; pifoEngines_2|deque_frontRewrite|armed_135                                                         ;        ;
; pifoEngines_2|deque_frontRewrite|pending_151                                                       ;        ;
; pifoEngines_2|deque_frontRewrite|armed_151                                                         ;        ;
; pifoEngines_2|deque_frontRewrite|pending_247                                                       ;        ;
; pifoEngines_0|deque_frontRewrite|pending_204                                                       ;        ;
; pifoEngines_2|deque_frontRewrite|armed_247                                                         ;        ;
; pifoEngines_2|deque_frontRewrite|pending_215                                                       ;        ;
; pifoEngines_2|deque_frontRewrite|armed_215                                                         ;        ;
; pifoEngines_2|deque_frontRewrite|pending_167                                                       ;        ;
; pifoEngines_2|deque_frontRewrite|armed_167                                                         ;        ;
; pifoEngines_2|deque_frontRewrite|pending_231                                                       ;        ;
; pifoEngines_2|deque_frontRewrite|armed_231                                                         ;        ;
; pifoEngines_2|deque_frontRewrite|pending_199                                                       ;        ;
; pifoEngines_2|deque_frontRewrite|armed_199                                                         ;        ;
; pifoEngines_2|deque_frontRewrite|pending_179                                                       ;        ;
; pifoEngines_0|deque_frontRewrite|armed_204                                                         ;        ;
; pifoEngines_2|deque_frontRewrite|armed_179                                                         ;        ;
; pifoEngines_2|deque_frontRewrite|pending_131                                                       ;        ;
; pifoEngines_2|deque_frontRewrite|armed_131                                                         ;        ;
; pifoEngines_2|deque_frontRewrite|pending_147                                                       ;        ;
; pifoEngines_2|deque_frontRewrite|armed_147                                                         ;        ;
; pifoEngines_2|deque_frontRewrite|pending_55                                                        ;        ;
; pifoEngines_2|deque_frontRewrite|armed_55                                                          ;        ;
; pifoEngines_2|deque_frontRewrite|pending_7                                                         ;        ;
; pifoEngines_2|deque_frontRewrite|armed_7                                                           ;        ;
; pifoEngines_2|deque_frontRewrite|pending_23                                                        ;        ;
; pifoEngines_0|deque_frontRewrite|pending_76                                                        ;        ;
; pifoEngines_2|deque_frontRewrite|armed_23                                                          ;        ;
; pifoEngines_2|deque_frontRewrite|pending_119                                                       ;        ;
; pifoEngines_2|deque_frontRewrite|armed_119                                                         ;        ;
; pifoEngines_2|deque_frontRewrite|pending_87                                                        ;        ;
; pifoEngines_2|deque_frontRewrite|armed_87                                                          ;        ;
; pifoEngines_2|deque_frontRewrite|pending_39                                                        ;        ;
; pifoEngines_2|deque_frontRewrite|armed_39                                                          ;        ;
; pifoEngines_2|deque_frontRewrite|pending_103                                                       ;        ;
; pifoEngines_2|deque_frontRewrite|armed_103                                                         ;        ;
; pifoEngines_2|deque_frontRewrite|pending_71                                                        ;        ;
; pifoEngines_0|deque_frontRewrite|armed_76                                                          ;        ;
; pifoEngines_2|deque_frontRewrite|armed_71                                                          ;        ;
; pifoEngines_3|deque_frontRewrite|pending_248                                                       ;        ;
; pifoEngines_3|deque_frontRewrite|armed_248                                                         ;        ;
; pifoEngines_3|deque_frontRewrite|pending_56                                                        ;        ;
; pifoEngines_3|deque_frontRewrite|armed_56                                                          ;        ;
; pifoEngines_3|deque_frontRewrite|pending_120                                                       ;        ;
; pifoEngines_3|deque_frontRewrite|armed_120                                                         ;        ;
; pifoEngines_3|deque_frontRewrite|pending_252                                                       ;        ;
; pifoEngines_3|deque_frontRewrite|armed_252                                                         ;        ;
; pifoEngines_3|deque_frontRewrite|pending_124                                                       ;        ;
; pifoEngines_0|deque_frontRewrite|pending_136                                                       ;        ;
; pifoEngines_3|deque_frontRewrite|armed_124                                                         ;        ;
; pifoEngines_3|deque_frontRewrite|pending_184                                                       ;        ;
; pifoEngines_3|deque_frontRewrite|armed_184                                                         ;        ;
; pifoEngines_3|deque_frontRewrite|pending_188                                                       ;        ;
; pifoEngines_3|deque_frontRewrite|armed_188                                                         ;        ;
; pifoEngines_3|deque_frontRewrite|pending_60                                                        ;        ;
; pifoEngines_3|deque_frontRewrite|armed_60                                                          ;        ;
; pifoEngines_3|deque_frontRewrite|pending_232                                                       ;        ;
; pifoEngines_3|deque_frontRewrite|armed_232                                                         ;        ;
; pifoEngines_3|deque_frontRewrite|pending_40                                                        ;        ;
; pifoEngines_0|deque_frontRewrite|armed_136                                                         ;        ;
; pifoEngines_3|deque_frontRewrite|armed_40                                                          ;        ;
; pifoEngines_3|deque_frontRewrite|pending_104                                                       ;        ;
; pifoEngines_3|deque_frontRewrite|armed_104                                                         ;        ;
; pifoEngines_3|deque_frontRewrite|pending_240                                                       ;        ;
; pifoEngines_3|deque_frontRewrite|armed_240                                                         ;        ;
; pifoEngines_3|deque_frontRewrite|pending_48                                                        ;        ;
; pifoEngines_3|deque_frontRewrite|armed_48                                                          ;        ;
; pifoEngines_3|deque_frontRewrite|pending_112                                                       ;        ;
; pifoEngines_3|deque_frontRewrite|armed_112                                                         ;        ;
; pifoEngines_3|deque_frontRewrite|pending_244                                                       ;        ;
; pifoEngines_0|deque_frontRewrite|pending_140                                                       ;        ;
; pifoEngines_3|deque_frontRewrite|armed_244                                                         ;        ;
; pifoEngines_3|deque_frontRewrite|pending_116                                                       ;        ;
; pifoEngines_3|deque_frontRewrite|armed_116                                                         ;        ;
; pifoEngines_3|deque_frontRewrite|pending_176                                                       ;        ;
; pifoEngines_3|deque_frontRewrite|armed_176                                                         ;        ;
; pifoEngines_3|deque_frontRewrite|pending_180                                                       ;        ;
; pifoEngines_3|deque_frontRewrite|armed_180                                                         ;        ;
; pifoEngines_3|deque_frontRewrite|pending_52                                                        ;        ;
; pifoEngines_3|deque_frontRewrite|armed_52                                                          ;        ;
; pifoEngines_3|deque_frontRewrite|pending_204                                                       ;        ;
; ingress_fifo|logic_ptr_pop[2]                                                                      ;        ;
; pifoEngines_0|deque_frontRewrite|armed_140                                                         ;        ;
; pifoEngines_3|deque_frontRewrite|armed_204                                                         ;        ;
; pifoEngines_3|deque_frontRewrite|pending_76                                                        ;        ;
; pifoEngines_3|deque_frontRewrite|armed_76                                                          ;        ;
; pifoEngines_3|deque_frontRewrite|pending_136                                                       ;        ;
; pifoEngines_3|deque_frontRewrite|armed_136                                                         ;        ;
; pifoEngines_3|deque_frontRewrite|pending_140                                                       ;        ;
; pifoEngines_3|deque_frontRewrite|armed_140                                                         ;        ;
; pifoEngines_3|deque_frontRewrite|pending_12                                                        ;        ;
; pifoEngines_3|deque_frontRewrite|armed_12                                                          ;        ;
; pifoEngines_3|deque_frontRewrite|pending_192                                                       ;        ;
; pifoEngines_0|deque_frontRewrite|pending_12                                                        ;        ;
; pifoEngines_3|deque_frontRewrite|armed_192                                                         ;        ;
; pifoEngines_3|deque_frontRewrite|pending_0                                                         ;        ;
; pifoEngines_3|deque_frontRewrite|armed_0                                                           ;        ;
; pifoEngines_3|deque_frontRewrite|pending_64                                                        ;        ;
; pifoEngines_3|deque_frontRewrite|armed_64                                                          ;        ;
; pifoEngines_3|deque_frontRewrite|pending_196                                                       ;        ;
; pifoEngines_3|deque_frontRewrite|armed_196                                                         ;        ;
; pifoEngines_3|deque_frontRewrite|pending_68                                                        ;        ;
; pifoEngines_3|deque_frontRewrite|armed_68                                                          ;        ;
; pifoEngines_3|deque_frontRewrite|pending_128                                                       ;        ;
; pifoEngines_0|deque_frontRewrite|armed_12                                                          ;        ;
; pifoEngines_3|deque_frontRewrite|armed_128                                                         ;        ;
; pifoEngines_3|deque_frontRewrite|pending_132                                                       ;        ;
; pifoEngines_3|deque_frontRewrite|armed_132                                                         ;        ;
; pifoEngines_3|deque_frontRewrite|pending_4                                                         ;        ;
; pifoEngines_3|deque_frontRewrite|armed_4                                                           ;        ;
; pifoEngines_3|deque_frontRewrite|pending_216                                                       ;        ;
; pifoEngines_3|deque_frontRewrite|armed_216                                                         ;        ;
; pifoEngines_3|deque_frontRewrite|pending_24                                                        ;        ;
; pifoEngines_3|deque_frontRewrite|armed_24                                                          ;        ;
; pifoEngines_3|deque_frontRewrite|pending_88                                                        ;        ;
; pifoEngines_0|deque_frontRewrite|pending_192                                                       ;        ;
; pifoEngines_3|deque_frontRewrite|armed_88                                                          ;        ;
; pifoEngines_3|deque_frontRewrite|pending_220                                                       ;        ;
; pifoEngines_3|deque_frontRewrite|armed_220                                                         ;        ;
; pifoEngines_3|deque_frontRewrite|pending_92                                                        ;        ;
; pifoEngines_3|deque_frontRewrite|armed_92                                                          ;        ;
; pifoEngines_3|deque_frontRewrite|pending_152                                                       ;        ;
; pifoEngines_3|deque_frontRewrite|armed_152                                                         ;        ;
; pifoEngines_3|deque_frontRewrite|pending_156                                                       ;        ;
; pifoEngines_3|deque_frontRewrite|armed_156                                                         ;        ;
; pifoEngines_3|deque_frontRewrite|pending_28                                                        ;        ;
; pifoEngines_0|deque_frontRewrite|armed_192                                                         ;        ;
; pifoEngines_3|deque_frontRewrite|armed_28                                                          ;        ;
; pifoEngines_3|deque_frontRewrite|pending_200                                                       ;        ;
; pifoEngines_3|deque_frontRewrite|armed_200                                                         ;        ;
; pifoEngines_3|deque_frontRewrite|pending_8                                                         ;        ;
; pifoEngines_3|deque_frontRewrite|armed_8                                                           ;        ;
; pifoEngines_3|deque_frontRewrite|pending_72                                                        ;        ;
; pifoEngines_3|deque_frontRewrite|armed_72                                                          ;        ;
; pifoEngines_3|deque_frontRewrite|pending_208                                                       ;        ;
; pifoEngines_3|deque_frontRewrite|armed_208                                                         ;        ;
; pifoEngines_3|deque_frontRewrite|pending_16                                                        ;        ;
; pifoEngines_0|deque_frontRewrite|pending_0                                                         ;        ;
; pifoEngines_3|deque_frontRewrite|armed_16                                                          ;        ;
; pifoEngines_3|deque_frontRewrite|pending_80                                                        ;        ;
; pifoEngines_3|deque_frontRewrite|armed_80                                                          ;        ;
; pifoEngines_3|deque_frontRewrite|pending_212                                                       ;        ;
; pifoEngines_3|deque_frontRewrite|armed_212                                                         ;        ;
; pifoEngines_3|deque_frontRewrite|pending_84                                                        ;        ;
; pifoEngines_3|deque_frontRewrite|armed_84                                                          ;        ;
; pifoEngines_3|deque_frontRewrite|pending_144                                                       ;        ;
; pifoEngines_3|deque_frontRewrite|armed_144                                                         ;        ;
; pifoEngines_3|deque_frontRewrite|pending_148                                                       ;        ;
; pifoEngines_0|deque_frontRewrite|armed_0                                                           ;        ;
; pifoEngines_3|deque_frontRewrite|armed_148                                                         ;        ;
; pifoEngines_3|deque_frontRewrite|pending_20                                                        ;        ;
; pifoEngines_3|deque_frontRewrite|armed_20                                                          ;        ;
; pifoEngines_3|deque_frontRewrite|pending_237                                                       ;        ;
; pifoEngines_3|deque_frontRewrite|armed_237                                                         ;        ;
; pifoEngines_3|deque_frontRewrite|pending_45                                                        ;        ;
; pifoEngines_3|deque_frontRewrite|armed_45                                                          ;        ;
; pifoEngines_3|deque_frontRewrite|pending_109                                                       ;        ;
; pifoEngines_3|deque_frontRewrite|armed_109                                                         ;        ;
; pifoEngines_3|deque_frontRewrite|pending_253                                                       ;        ;
; pifoEngines_0|deque_frontRewrite|pending_64                                                        ;        ;
; pifoEngines_3|deque_frontRewrite|armed_253                                                         ;        ;
; pifoEngines_3|deque_frontRewrite|pending_125                                                       ;        ;
; pifoEngines_3|deque_frontRewrite|armed_125                                                         ;        ;
; pifoEngines_3|deque_frontRewrite|pending_173                                                       ;        ;
; pifoEngines_3|deque_frontRewrite|armed_173                                                         ;        ;
; pifoEngines_3|deque_frontRewrite|pending_189                                                       ;        ;
; pifoEngines_3|deque_frontRewrite|armed_189                                                         ;        ;
; pifoEngines_3|deque_frontRewrite|pending_61                                                        ;        ;
; pifoEngines_3|deque_frontRewrite|armed_61                                                          ;        ;
; pifoEngines_3|deque_frontRewrite|pending_233                                                       ;        ;
; pifoEngines_0|deque_frontRewrite|armed_64                                                          ;        ;
; pifoEngines_3|deque_frontRewrite|armed_233                                                         ;        ;
; pifoEngines_3|deque_frontRewrite|pending_41                                                        ;        ;
; pifoEngines_3|deque_frontRewrite|armed_41                                                          ;        ;
; pifoEngines_3|deque_frontRewrite|pending_105                                                       ;        ;
; pifoEngines_3|deque_frontRewrite|armed_105                                                         ;        ;
; pifoEngines_3|deque_frontRewrite|pending_205                                                       ;        ;
; pifoEngines_3|deque_frontRewrite|armed_205                                                         ;        ;
; pifoEngines_3|deque_frontRewrite|pending_13                                                        ;        ;
; pifoEngines_3|deque_frontRewrite|armed_13                                                          ;        ;
; pifoEngines_3|deque_frontRewrite|pending_77                                                        ;        ;
; pifoEngines_0|deque_frontRewrite|pending_196                                                       ;        ;
; pifoEngines_3|deque_frontRewrite|armed_77                                                          ;        ;
; pifoEngines_3|deque_frontRewrite|pending_221                                                       ;        ;
; pifoEngines_3|deque_frontRewrite|armed_221                                                         ;        ;
; pifoEngines_3|deque_frontRewrite|pending_93                                                        ;        ;
; pifoEngines_3|deque_frontRewrite|armed_93                                                          ;        ;
; pifoEngines_3|deque_frontRewrite|pending_141                                                       ;        ;
; pifoEngines_3|deque_frontRewrite|armed_141                                                         ;        ;
; pifoEngines_3|deque_frontRewrite|pending_157                                                       ;        ;
; pifoEngines_3|deque_frontRewrite|armed_157                                                         ;        ;
; pifoEngines_3|deque_frontRewrite|pending_29                                                        ;        ;
; ingress_fifo|logic_ptr_push[2]                                                                     ;        ;
; pifoEngines_0|deque_frontRewrite|armed_196                                                         ;        ;
; pifoEngines_3|deque_frontRewrite|armed_29                                                          ;        ;
; pifoEngines_3|deque_frontRewrite|pending_241                                                       ;        ;
; pifoEngines_3|deque_frontRewrite|armed_241                                                         ;        ;
; pifoEngines_3|deque_frontRewrite|pending_113                                                       ;        ;
; pifoEngines_3|deque_frontRewrite|armed_113                                                         ;        ;
; pifoEngines_3|deque_frontRewrite|pending_161                                                       ;        ;
; pifoEngines_3|deque_frontRewrite|armed_161                                                         ;        ;
; pifoEngines_3|deque_frontRewrite|pending_177                                                       ;        ;
; pifoEngines_3|deque_frontRewrite|armed_177                                                         ;        ;
; pifoEngines_3|deque_frontRewrite|pending_49                                                        ;        ;
; pifoEngines_0|deque_frontRewrite|pending_68                                                        ;        ;
; pifoEngines_3|deque_frontRewrite|armed_49                                                          ;        ;
; pifoEngines_3|deque_frontRewrite|pending_193                                                       ;        ;
; pifoEngines_3|deque_frontRewrite|armed_193                                                         ;        ;
; pifoEngines_3|deque_frontRewrite|pending_1                                                         ;        ;
; pifoEngines_3|deque_frontRewrite|armed_1                                                           ;        ;
; pifoEngines_3|deque_frontRewrite|pending_65                                                        ;        ;
; pifoEngines_3|deque_frontRewrite|armed_65                                                          ;        ;
; pifoEngines_3|deque_frontRewrite|pending_209                                                       ;        ;
; pifoEngines_3|deque_frontRewrite|armed_209                                                         ;        ;
; pifoEngines_3|deque_frontRewrite|pending_81                                                        ;        ;
; pifoEngines_0|deque_frontRewrite|armed_68                                                          ;        ;
; pifoEngines_3|deque_frontRewrite|armed_81                                                          ;        ;
; pifoEngines_3|deque_frontRewrite|pending_129                                                       ;        ;
; pifoEngines_3|deque_frontRewrite|armed_129                                                         ;        ;
; pifoEngines_3|deque_frontRewrite|pending_145                                                       ;        ;
; pifoEngines_3|deque_frontRewrite|armed_145                                                         ;        ;
; pifoEngines_3|deque_frontRewrite|pending_17                                                        ;        ;
; pifoEngines_3|deque_frontRewrite|armed_17                                                          ;        ;
; pifoEngines_3|deque_frontRewrite|pending_229                                                       ;        ;
; pifoEngines_3|deque_frontRewrite|armed_229                                                         ;        ;
; pifoEngines_3|deque_frontRewrite|pending_37                                                        ;        ;
; pifoEngines_0|deque_frontRewrite|pending_128                                                       ;        ;
; pifoEngines_3|deque_frontRewrite|armed_37                                                          ;        ;
; pifoEngines_3|deque_frontRewrite|pending_101                                                       ;        ;
; pifoEngines_3|deque_frontRewrite|armed_101                                                         ;        ;
; pifoEngines_3|deque_frontRewrite|pending_245                                                       ;        ;
; pifoEngines_3|deque_frontRewrite|armed_245                                                         ;        ;
; pifoEngines_3|deque_frontRewrite|pending_117                                                       ;        ;
; pifoEngines_3|deque_frontRewrite|armed_117                                                         ;        ;
; pifoEngines_3|deque_frontRewrite|pending_165                                                       ;        ;
; pifoEngines_3|deque_frontRewrite|armed_165                                                         ;        ;
; pifoEngines_3|deque_frontRewrite|pending_181                                                       ;        ;
; pifoEngines_0|deque_frontRewrite|armed_128                                                         ;        ;
; pifoEngines_3|deque_frontRewrite|armed_181                                                         ;        ;
; pifoEngines_3|deque_frontRewrite|pending_53                                                        ;        ;
; pifoEngines_3|deque_frontRewrite|armed_53                                                          ;        ;
; pifoEngines_3|deque_frontRewrite|pending_225                                                       ;        ;
; pifoEngines_3|deque_frontRewrite|armed_225                                                         ;        ;
; pifoEngines_3|deque_frontRewrite|pending_33                                                        ;        ;
; pifoEngines_3|deque_frontRewrite|armed_33                                                          ;        ;
; pifoEngines_3|deque_frontRewrite|pending_97                                                        ;        ;
; pifoEngines_3|deque_frontRewrite|armed_97                                                          ;        ;
; pifoEngines_3|deque_frontRewrite|pending_197                                                       ;        ;
; pifoEngines_0|deque_frontRewrite|pending_132                                                       ;        ;
; pifoEngines_3|deque_frontRewrite|armed_197                                                         ;        ;
; pifoEngines_3|deque_frontRewrite|pending_5                                                         ;        ;
; pifoEngines_3|deque_frontRewrite|armed_5                                                           ;        ;
; pifoEngines_3|deque_frontRewrite|pending_69                                                        ;        ;
; pifoEngines_3|deque_frontRewrite|armed_69                                                          ;        ;
; pifoEngines_3|deque_frontRewrite|pending_213                                                       ;        ;
; pifoEngines_3|deque_frontRewrite|armed_213                                                         ;        ;
; pifoEngines_3|deque_frontRewrite|pending_85                                                        ;        ;
; pifoEngines_3|deque_frontRewrite|armed_85                                                          ;        ;
; pifoEngines_3|deque_frontRewrite|pending_133                                                       ;        ;
; pifoEngines_0|deque_frontRewrite|armed_132                                                         ;        ;
; pifoEngines_3|deque_frontRewrite|armed_133                                                         ;        ;
; pifoEngines_3|deque_frontRewrite|pending_149                                                       ;        ;
; pifoEngines_3|deque_frontRewrite|armed_149                                                         ;        ;
; pifoEngines_3|deque_frontRewrite|pending_21                                                        ;        ;
; pifoEngines_3|deque_frontRewrite|armed_21                                                          ;        ;
; pifoEngines_3|deque_frontRewrite|pending_46                                                        ;        ;
; pifoEngines_3|deque_frontRewrite|armed_46                                                          ;        ;
; pifoEngines_3|deque_frontRewrite|pending_34                                                        ;        ;
; pifoEngines_3|deque_frontRewrite|armed_34                                                          ;        ;
; pifoEngines_3|deque_frontRewrite|pending_38                                                        ;        ;
; pifoEngines_0|deque_frontRewrite|pending_4                                                         ;        ;
; pifoEngines_3|deque_frontRewrite|armed_38                                                          ;        ;
; pifoEngines_3|deque_frontRewrite|pending_110                                                       ;        ;
; pifoEngines_3|deque_frontRewrite|armed_110                                                         ;        ;
; pifoEngines_3|deque_frontRewrite|pending_102                                                       ;        ;
; pifoEngines_3|deque_frontRewrite|armed_102                                                         ;        ;
; pifoEngines_3|deque_frontRewrite|pending_42                                                        ;        ;
; pifoEngines_3|deque_frontRewrite|armed_42                                                          ;        ;
; pifoEngines_3|deque_frontRewrite|pending_106                                                       ;        ;
; pifoEngines_3|deque_frontRewrite|armed_106                                                         ;        ;
; pifoEngines_3|deque_frontRewrite|pending_98                                                        ;        ;
; pifoEngines_0|deque_frontRewrite|armed_4                                                           ;        ;
; pifoEngines_3|deque_frontRewrite|armed_98                                                          ;        ;
; pifoEngines_3|deque_frontRewrite|pending_174                                                       ;        ;
; pifoEngines_3|deque_frontRewrite|armed_174                                                         ;        ;
; pifoEngines_3|deque_frontRewrite|pending_162                                                       ;        ;
; pifoEngines_3|deque_frontRewrite|armed_162                                                         ;        ;
; pifoEngines_3|deque_frontRewrite|pending_166                                                       ;        ;
; pifoEngines_3|deque_frontRewrite|armed_166                                                         ;        ;
; pifoEngines_3|deque_frontRewrite|pending_238                                                       ;        ;
; pifoEngines_3|deque_frontRewrite|armed_238                                                         ;        ;
; pifoEngines_3|deque_frontRewrite|pending_230                                                       ;        ;
; pifoEngines_0|deque_frontRewrite|pending_216                                                       ;        ;
; pifoEngines_3|deque_frontRewrite|armed_230                                                         ;        ;
; pifoEngines_3|deque_frontRewrite|pending_170                                                       ;        ;
; pifoEngines_3|deque_frontRewrite|armed_170                                                         ;        ;
; pifoEngines_3|deque_frontRewrite|pending_234                                                       ;        ;
; pifoEngines_3|deque_frontRewrite|armed_234                                                         ;        ;
; pifoEngines_3|deque_frontRewrite|pending_226                                                       ;        ;
; pifoEngines_3|deque_frontRewrite|armed_226                                                         ;        ;
; pifoEngines_3|deque_frontRewrite|pending_242                                                       ;        ;
; pifoEngines_3|deque_frontRewrite|armed_242                                                         ;        ;
; pifoEngines_3|deque_frontRewrite|pending_50                                                        ;        ;
; io_pop_haltWhen_fork2_outputs_0_fork2_outputs_1_takeWhen_haltWhen_fork|logic_linkEnable_2          ;        ;
; pifoEngines_0|deque_frontRewrite|armed_216                                                         ;        ;
; pifoEngines_3|deque_frontRewrite|armed_50                                                          ;        ;
; pifoEngines_3|deque_frontRewrite|pending_114                                                       ;        ;
; pifoEngines_3|deque_frontRewrite|armed_114                                                         ;        ;
; pifoEngines_3|deque_frontRewrite|pending_246                                                       ;        ;
; pifoEngines_3|deque_frontRewrite|armed_246                                                         ;        ;
; pifoEngines_3|deque_frontRewrite|pending_118                                                       ;        ;
; pifoEngines_3|deque_frontRewrite|armed_118                                                         ;        ;
; pifoEngines_3|deque_frontRewrite|pending_178                                                       ;        ;
; pifoEngines_3|deque_frontRewrite|armed_178                                                         ;        ;
; pifoEngines_3|deque_frontRewrite|pending_182                                                       ;        ;
; pifoEngines_0|deque_frontRewrite|pending_24                                                        ;        ;
; pifoEngines_3|deque_frontRewrite|armed_182                                                         ;        ;
; pifoEngines_3|deque_frontRewrite|pending_54                                                        ;        ;
; pifoEngines_3|deque_frontRewrite|armed_54                                                          ;        ;
; pifoEngines_3|deque_frontRewrite|pending_250                                                       ;        ;
; pifoEngines_3|deque_frontRewrite|armed_250                                                         ;        ;
; pifoEngines_3|deque_frontRewrite|pending_58                                                        ;        ;
; pifoEngines_3|deque_frontRewrite|armed_58                                                          ;        ;
; pifoEngines_3|deque_frontRewrite|pending_122                                                       ;        ;
; pifoEngines_3|deque_frontRewrite|armed_122                                                         ;        ;
; pifoEngines_3|deque_frontRewrite|pending_254                                                       ;        ;
; pifoEngines_0|deque_frontRewrite|armed_24                                                          ;        ;
; pifoEngines_3|deque_frontRewrite|armed_254                                                         ;        ;
; pifoEngines_3|deque_frontRewrite|pending_126                                                       ;        ;
; pifoEngines_3|deque_frontRewrite|armed_126                                                         ;        ;
; pifoEngines_3|deque_frontRewrite|pending_186                                                       ;        ;
; pifoEngines_3|deque_frontRewrite|armed_186                                                         ;        ;
; pifoEngines_3|deque_frontRewrite|pending_190                                                       ;        ;
; pifoEngines_3|deque_frontRewrite|armed_190                                                         ;        ;
; pifoEngines_3|deque_frontRewrite|pending_62                                                        ;        ;
; pifoEngines_3|deque_frontRewrite|armed_62                                                          ;        ;
; pifoEngines_3|deque_frontRewrite|pending_236                                                       ;        ;
; pifoEngines_0|deque_frontRewrite|pending_88                                                        ;        ;
; pifoEngines_3|deque_frontRewrite|armed_236                                                         ;        ;
; pifoEngines_3|deque_frontRewrite|pending_108                                                       ;        ;
; pifoEngines_3|deque_frontRewrite|armed_108                                                         ;        ;
; pifoEngines_3|deque_frontRewrite|pending_168                                                       ;        ;
; pifoEngines_3|deque_frontRewrite|armed_168                                                         ;        ;
; pifoEngines_3|deque_frontRewrite|pending_172                                                       ;        ;
; pifoEngines_3|deque_frontRewrite|armed_172                                                         ;        ;
; pifoEngines_3|deque_frontRewrite|pending_44                                                        ;        ;
; pifoEngines_3|deque_frontRewrite|armed_44                                                          ;        ;
; pifoEngines_3|deque_frontRewrite|pending_224                                                       ;        ;
; pifoEngines_0|deque_frontRewrite|armed_88                                                          ;        ;
; pifoEngines_3|deque_frontRewrite|armed_224                                                         ;        ;
; pifoEngines_3|deque_frontRewrite|pending_32                                                        ;        ;
; pifoEngines_3|deque_frontRewrite|armed_32                                                          ;        ;
; pifoEngines_3|deque_frontRewrite|pending_96                                                        ;        ;
; pifoEngines_3|deque_frontRewrite|armed_96                                                          ;        ;
; pifoEngines_3|deque_frontRewrite|pending_228                                                       ;        ;
; pifoEngines_3|deque_frontRewrite|armed_228                                                         ;        ;
; pifoEngines_3|deque_frontRewrite|pending_100                                                       ;        ;
; pifoEngines_3|deque_frontRewrite|armed_100                                                         ;        ;
; pifoEngines_3|deque_frontRewrite|pending_160                                                       ;        ;
; pifoEngines_0|deque_frontRewrite|pending_220                                                       ;        ;
; pifoEngines_3|deque_frontRewrite|armed_160                                                         ;        ;
; pifoEngines_3|deque_frontRewrite|pending_164                                                       ;        ;
; pifoEngines_3|deque_frontRewrite|armed_164                                                         ;        ;
; pifoEngines_3|deque_frontRewrite|pending_36                                                        ;        ;
; pifoEngines_3|deque_frontRewrite|armed_36                                                          ;        ;
; pifoEngines_3|deque_frontRewrite|pending_206                                                       ;        ;
; pifoEngines_3|deque_frontRewrite|armed_206                                                         ;        ;
; pifoEngines_3|deque_frontRewrite|pending_198                                                       ;        ;
; pifoEngines_3|deque_frontRewrite|armed_198                                                         ;        ;
; pifoEngines_3|deque_frontRewrite|pending_138                                                       ;        ;
; pifoEngines_0|deque_frontRewrite|armed_220                                                         ;        ;
; pifoEngines_3|deque_frontRewrite|armed_138                                                         ;        ;
; pifoEngines_3|deque_frontRewrite|pending_202                                                       ;        ;
; pifoEngines_3|deque_frontRewrite|armed_202                                                         ;        ;
; pifoEngines_3|deque_frontRewrite|pending_194                                                       ;        ;
; pifoEngines_3|deque_frontRewrite|armed_194                                                         ;        ;
; pifoEngines_3|deque_frontRewrite|pending_14                                                        ;        ;
; pifoEngines_3|deque_frontRewrite|armed_14                                                          ;        ;
; pifoEngines_3|deque_frontRewrite|pending_2                                                         ;        ;
; pifoEngines_3|deque_frontRewrite|armed_2                                                           ;        ;
; pifoEngines_3|deque_frontRewrite|pending_6                                                         ;        ;
; pifoEngines_0|deque_frontRewrite|pending_92                                                        ;        ;
; pifoEngines_3|deque_frontRewrite|armed_6                                                           ;        ;
; pifoEngines_3|deque_frontRewrite|pending_78                                                        ;        ;
; pifoEngines_3|deque_frontRewrite|armed_78                                                          ;        ;
; pifoEngines_3|deque_frontRewrite|pending_70                                                        ;        ;
; pifoEngines_3|deque_frontRewrite|armed_70                                                          ;        ;
; pifoEngines_3|deque_frontRewrite|pending_10                                                        ;        ;
; pifoEngines_3|deque_frontRewrite|armed_10                                                          ;        ;
; pifoEngines_3|deque_frontRewrite|pending_74                                                        ;        ;
; pifoEngines_3|deque_frontRewrite|armed_74                                                          ;        ;
; pifoEngines_3|deque_frontRewrite|pending_66                                                        ;        ;
; pifoEngines_0|deque_frontRewrite|armed_92                                                          ;        ;
; pifoEngines_3|deque_frontRewrite|armed_66                                                          ;        ;
; pifoEngines_3|deque_frontRewrite|pending_158                                                       ;        ;
; pifoEngines_3|deque_frontRewrite|armed_158                                                         ;        ;
; pifoEngines_3|deque_frontRewrite|pending_146                                                       ;        ;
; pifoEngines_3|deque_frontRewrite|armed_146                                                         ;        ;
; pifoEngines_3|deque_frontRewrite|pending_150                                                       ;        ;
; pifoEngines_3|deque_frontRewrite|armed_150                                                         ;        ;
; pifoEngines_3|deque_frontRewrite|pending_222                                                       ;        ;
; pifoEngines_3|deque_frontRewrite|armed_222                                                         ;        ;
; pifoEngines_3|deque_frontRewrite|pending_214                                                       ;        ;
; pifoEngines_0|deque_frontRewrite|pending_152                                                       ;        ;
; pifoEngines_3|deque_frontRewrite|armed_214                                                         ;        ;
; pifoEngines_3|deque_frontRewrite|pending_154                                                       ;        ;
; pifoEngines_3|deque_frontRewrite|armed_154                                                         ;        ;
; pifoEngines_3|deque_frontRewrite|pending_218                                                       ;        ;
; pifoEngines_3|deque_frontRewrite|armed_218                                                         ;        ;
; pifoEngines_3|deque_frontRewrite|pending_210                                                       ;        ;
; pifoEngines_3|deque_frontRewrite|armed_210                                                         ;        ;
; pifoEngines_3|deque_frontRewrite|pending_142                                                       ;        ;
; pifoEngines_3|deque_frontRewrite|armed_142                                                         ;        ;
; pifoEngines_3|deque_frontRewrite|pending_130                                                       ;        ;
; ingress_fifo|logic_pop_sync_popReg[0]                                                              ;        ;
; io_pop_haltWhen_fork2_outputs_0_fork2_outputs_1_takeWhen_haltWhen_fork|logic_linkEnable_3          ;        ;
; pifoEngines_0|deque_frontRewrite|armed_152                                                         ;        ;
; pifoEngines_3|deque_frontRewrite|armed_130                                                         ;        ;
; pifoEngines_3|deque_frontRewrite|pending_134                                                       ;        ;
; pifoEngines_3|deque_frontRewrite|armed_134                                                         ;        ;
; pifoEngines_3|deque_frontRewrite|pending_30                                                        ;        ;
; pifoEngines_3|deque_frontRewrite|armed_30                                                          ;        ;
; pifoEngines_3|deque_frontRewrite|pending_18                                                        ;        ;
; pifoEngines_3|deque_frontRewrite|armed_18                                                          ;        ;
; pifoEngines_3|deque_frontRewrite|pending_22                                                        ;        ;
; pifoEngines_3|deque_frontRewrite|armed_22                                                          ;        ;
; pifoEngines_3|deque_frontRewrite|pending_94                                                        ;        ;
; pifoEngines_0|deque_frontRewrite|pending_156                                                       ;        ;
; pifoEngines_3|deque_frontRewrite|armed_94                                                          ;        ;
; pifoEngines_3|deque_frontRewrite|pending_86                                                        ;        ;
; pifoEngines_3|deque_frontRewrite|armed_86                                                          ;        ;
; pifoEngines_3|deque_frontRewrite|pending_26                                                        ;        ;
; pifoEngines_3|deque_frontRewrite|armed_26                                                          ;        ;
; pifoEngines_3|deque_frontRewrite|pending_90                                                        ;        ;
; pifoEngines_3|deque_frontRewrite|armed_90                                                          ;        ;
; pifoEngines_3|deque_frontRewrite|pending_82                                                        ;        ;
; pifoEngines_3|deque_frontRewrite|armed_82                                                          ;        ;
; pifoEngines_3|deque_frontRewrite|pending_59                                                        ;        ;
; pifoEngines_0|deque_frontRewrite|armed_156                                                         ;        ;
; pifoEngines_3|deque_frontRewrite|armed_59                                                          ;        ;
; pifoEngines_3|deque_frontRewrite|pending_11                                                        ;        ;
; pifoEngines_3|deque_frontRewrite|armed_11                                                          ;        ;
; pifoEngines_3|deque_frontRewrite|pending_27                                                        ;        ;
; pifoEngines_3|deque_frontRewrite|armed_27                                                          ;        ;
; pifoEngines_3|deque_frontRewrite|pending_123                                                       ;        ;
; pifoEngines_3|deque_frontRewrite|armed_123                                                         ;        ;
; pifoEngines_3|deque_frontRewrite|pending_91                                                        ;        ;
; pifoEngines_3|deque_frontRewrite|armed_91                                                          ;        ;
; pifoEngines_3|deque_frontRewrite|pending_43                                                        ;        ;
; pifoEngines_0|deque_frontRewrite|pending_28                                                        ;        ;
; pifoEngines_3|deque_frontRewrite|armed_43                                                          ;        ;
; pifoEngines_3|deque_frontRewrite|pending_107                                                       ;        ;
; pifoEngines_3|deque_frontRewrite|armed_107                                                         ;        ;
; pifoEngines_3|deque_frontRewrite|pending_75                                                        ;        ;
; pifoEngines_3|deque_frontRewrite|armed_75                                                          ;        ;
; pifoEngines_3|deque_frontRewrite|pending_187                                                       ;        ;
; pifoEngines_3|deque_frontRewrite|armed_187                                                         ;        ;
; pifoEngines_3|deque_frontRewrite|pending_139                                                       ;        ;
; pifoEngines_3|deque_frontRewrite|armed_139                                                         ;        ;
; pifoEngines_3|deque_frontRewrite|pending_155                                                       ;        ;
; pifoEngines_0|deque_frontRewrite|armed_28                                                          ;        ;
; pifoEngines_3|deque_frontRewrite|armed_155                                                         ;        ;
; pifoEngines_3|deque_frontRewrite|pending_251                                                       ;        ;
; pifoEngines_3|deque_frontRewrite|armed_251                                                         ;        ;
; pifoEngines_3|deque_frontRewrite|pending_219                                                       ;        ;
; pifoEngines_3|deque_frontRewrite|armed_219                                                         ;        ;
; pifoEngines_3|deque_frontRewrite|pending_171                                                       ;        ;
; pifoEngines_3|deque_frontRewrite|armed_171                                                         ;        ;
; pifoEngines_3|deque_frontRewrite|pending_235                                                       ;        ;
; pifoEngines_3|deque_frontRewrite|armed_235                                                         ;        ;
; pifoEngines_3|deque_frontRewrite|pending_203                                                       ;        ;
; pifoEngines_0|deque_frontRewrite|pending_200                                                       ;        ;
; pifoEngines_3|deque_frontRewrite|armed_203                                                         ;        ;
; pifoEngines_3|deque_frontRewrite|pending_207                                                       ;        ;
; pifoEngines_3|deque_frontRewrite|armed_207                                                         ;        ;
; pifoEngines_3|deque_frontRewrite|pending_15                                                        ;        ;
; pifoEngines_3|deque_frontRewrite|armed_15                                                          ;        ;
; pifoEngines_3|deque_frontRewrite|pending_79                                                        ;        ;
; pifoEngines_3|deque_frontRewrite|armed_79                                                          ;        ;
; pifoEngines_3|deque_frontRewrite|pending_223                                                       ;        ;
; pifoEngines_3|deque_frontRewrite|armed_223                                                         ;        ;
; pifoEngines_3|deque_frontRewrite|pending_95                                                        ;        ;
; pifoEngines_0|deque_frontRewrite|armed_200                                                         ;        ;
; pifoEngines_3|deque_frontRewrite|armed_95                                                          ;        ;
; pifoEngines_3|deque_frontRewrite|pending_143                                                       ;        ;
; pifoEngines_3|deque_frontRewrite|armed_143                                                         ;        ;
; pifoEngines_3|deque_frontRewrite|pending_159                                                       ;        ;
; pifoEngines_3|deque_frontRewrite|armed_159                                                         ;        ;
; pifoEngines_3|deque_frontRewrite|pending_31                                                        ;        ;
; pifoEngines_3|deque_frontRewrite|armed_31                                                          ;        ;
; pifoEngines_3|deque_frontRewrite|pending_239                                                       ;        ;
; pifoEngines_3|deque_frontRewrite|armed_239                                                         ;        ;
; pifoEngines_3|deque_frontRewrite|pending_47                                                        ;        ;
; pifoEngines_0|deque_frontRewrite|pending_8                                                         ;        ;
; pifoEngines_3|deque_frontRewrite|armed_47                                                          ;        ;
; pifoEngines_3|deque_frontRewrite|pending_111                                                       ;        ;
; pifoEngines_3|deque_frontRewrite|armed_111                                                         ;        ;
; pifoEngines_3|deque_frontRewrite|pending_255                                                       ;        ;
; pifoEngines_3|deque_frontRewrite|armed_255                                                         ;        ;
; pifoEngines_3|deque_frontRewrite|pending_127                                                       ;        ;
; pifoEngines_3|deque_frontRewrite|armed_127                                                         ;        ;
; pifoEngines_3|deque_frontRewrite|pending_175                                                       ;        ;
; pifoEngines_3|deque_frontRewrite|armed_175                                                         ;        ;
; pifoEngines_3|deque_frontRewrite|pending_191                                                       ;        ;
; pifoEngines_0|deque_frontRewrite|armed_8                                                           ;        ;
; pifoEngines_3|deque_frontRewrite|armed_191                                                         ;        ;
; pifoEngines_3|deque_frontRewrite|pending_63                                                        ;        ;
; pifoEngines_3|deque_frontRewrite|armed_63                                                          ;        ;
; pifoEngines_3|deque_frontRewrite|pending_249                                                       ;        ;
; pifoEngines_3|deque_frontRewrite|armed_249                                                         ;        ;
; pifoEngines_3|deque_frontRewrite|pending_121                                                       ;        ;
; pifoEngines_3|deque_frontRewrite|armed_121                                                         ;        ;
; pifoEngines_3|deque_frontRewrite|pending_169                                                       ;        ;
; pifoEngines_3|deque_frontRewrite|armed_169                                                         ;        ;
; pifoEngines_3|deque_frontRewrite|pending_185                                                       ;        ;
; pifoEngines_0|deque_frontRewrite|pending_72                                                        ;        ;
; pifoEngines_3|deque_frontRewrite|armed_185                                                         ;        ;
; pifoEngines_3|deque_frontRewrite|pending_57                                                        ;        ;
; pifoEngines_3|deque_frontRewrite|armed_57                                                          ;        ;
; pifoEngines_3|deque_frontRewrite|pending_201                                                       ;        ;
; pifoEngines_3|deque_frontRewrite|armed_201                                                         ;        ;
; pifoEngines_3|deque_frontRewrite|pending_9                                                         ;        ;
; pifoEngines_3|deque_frontRewrite|armed_9                                                           ;        ;
; pifoEngines_3|deque_frontRewrite|pending_73                                                        ;        ;
; pifoEngines_3|deque_frontRewrite|armed_73                                                          ;        ;
; pifoEngines_3|deque_frontRewrite|pending_217                                                       ;        ;
; streamArbiter_22|maskLocked_0                                                                      ;        ;
; pifoEngines_0|deque_frontRewrite|armed_72                                                          ;        ;
; pifoEngines_3|deque_frontRewrite|armed_217                                                         ;        ;
; pifoEngines_3|deque_frontRewrite|pending_89                                                        ;        ;
; pifoEngines_3|deque_frontRewrite|armed_89                                                          ;        ;
; pifoEngines_3|deque_frontRewrite|pending_137                                                       ;        ;
; pifoEngines_3|deque_frontRewrite|armed_137                                                         ;        ;
; pifoEngines_3|deque_frontRewrite|pending_153                                                       ;        ;
; pifoEngines_3|deque_frontRewrite|armed_153                                                         ;        ;
; pifoEngines_3|deque_frontRewrite|pending_25                                                        ;        ;
; pifoEngines_3|deque_frontRewrite|armed_25                                                          ;        ;
; pifoEngines_3|deque_frontRewrite|pending_243                                                       ;        ;
; pifoEngines_0|deque_frontRewrite|pending_208                                                       ;        ;
; pifoEngines_3|deque_frontRewrite|armed_243                                                         ;        ;
; pifoEngines_3|deque_frontRewrite|pending_211                                                       ;        ;
; pifoEngines_3|deque_frontRewrite|armed_211                                                         ;        ;
; pifoEngines_3|deque_frontRewrite|pending_163                                                       ;        ;
; pifoEngines_3|deque_frontRewrite|armed_163                                                         ;        ;
; pifoEngines_3|deque_frontRewrite|pending_227                                                       ;        ;
; pifoEngines_3|deque_frontRewrite|armed_227                                                         ;        ;
; pifoEngines_3|deque_frontRewrite|pending_195                                                       ;        ;
; pifoEngines_3|deque_frontRewrite|armed_195                                                         ;        ;
; pifoEngines_3|deque_frontRewrite|pending_51                                                        ;        ;
; pifoEngines_0|deque_frontRewrite|armed_208                                                         ;        ;
; pifoEngines_3|deque_frontRewrite|armed_51                                                          ;        ;
; pifoEngines_3|deque_frontRewrite|pending_3                                                         ;        ;
; pifoEngines_3|deque_frontRewrite|armed_3                                                           ;        ;
; pifoEngines_3|deque_frontRewrite|pending_19                                                        ;        ;
; pifoEngines_3|deque_frontRewrite|armed_19                                                          ;        ;
; pifoEngines_3|deque_frontRewrite|pending_115                                                       ;        ;
; pifoEngines_3|deque_frontRewrite|armed_115                                                         ;        ;
; pifoEngines_3|deque_frontRewrite|pending_83                                                        ;        ;
; pifoEngines_3|deque_frontRewrite|armed_83                                                          ;        ;
; pifoEngines_3|deque_frontRewrite|pending_35                                                        ;        ;
; pifoEngines_0|deque_frontRewrite|pending_16                                                        ;        ;
; pifoEngines_3|deque_frontRewrite|armed_35                                                          ;        ;
; pifoEngines_3|deque_frontRewrite|pending_99                                                        ;        ;
; pifoEngines_3|deque_frontRewrite|armed_99                                                          ;        ;
; pifoEngines_3|deque_frontRewrite|pending_67                                                        ;        ;
; pifoEngines_3|deque_frontRewrite|armed_67                                                          ;        ;
; pifoEngines_3|deque_frontRewrite|pending_183                                                       ;        ;
; pifoEngines_3|deque_frontRewrite|armed_183                                                         ;        ;
; pifoEngines_3|deque_frontRewrite|pending_135                                                       ;        ;
; pifoEngines_3|deque_frontRewrite|armed_135                                                         ;        ;
; pifoEngines_3|deque_frontRewrite|pending_151                                                       ;        ;
; pifoEngines_0|deque_frontRewrite|armed_16                                                          ;        ;
; pifoEngines_3|deque_frontRewrite|armed_151                                                         ;        ;
; pifoEngines_3|deque_frontRewrite|pending_247                                                       ;        ;
; pifoEngines_3|deque_frontRewrite|armed_247                                                         ;        ;
; pifoEngines_3|deque_frontRewrite|pending_215                                                       ;        ;
; pifoEngines_3|deque_frontRewrite|armed_215                                                         ;        ;
; pifoEngines_3|deque_frontRewrite|pending_167                                                       ;        ;
; pifoEngines_3|deque_frontRewrite|armed_167                                                         ;        ;
; pifoEngines_3|deque_frontRewrite|pending_231                                                       ;        ;
; pifoEngines_3|deque_frontRewrite|armed_231                                                         ;        ;
; pifoEngines_3|deque_frontRewrite|pending_199                                                       ;        ;
; pifoEngines_0|deque_frontRewrite|pending_80                                                        ;        ;
; pifoEngines_3|deque_frontRewrite|armed_199                                                         ;        ;
; pifoEngines_3|deque_frontRewrite|pending_179                                                       ;        ;
; pifoEngines_3|deque_frontRewrite|armed_179                                                         ;        ;
; pifoEngines_3|deque_frontRewrite|pending_131                                                       ;        ;
; pifoEngines_3|deque_frontRewrite|armed_131                                                         ;        ;
; pifoEngines_3|deque_frontRewrite|pending_147                                                       ;        ;
; pifoEngines_3|deque_frontRewrite|armed_147                                                         ;        ;
; pifoEngines_3|deque_frontRewrite|pending_55                                                        ;        ;
; pifoEngines_3|deque_frontRewrite|armed_55                                                          ;        ;
; pifoEngines_3|deque_frontRewrite|pending_7                                                         ;        ;
; pifoEngines_0|deque_frontRewrite|armed_80                                                          ;        ;
; pifoEngines_3|deque_frontRewrite|armed_7                                                           ;        ;
; pifoEngines_3|deque_frontRewrite|pending_23                                                        ;        ;
; pifoEngines_3|deque_frontRewrite|armed_23                                                          ;        ;
; pifoEngines_3|deque_frontRewrite|pending_119                                                       ;        ;
; pifoEngines_3|deque_frontRewrite|armed_119                                                         ;        ;
; pifoEngines_3|deque_frontRewrite|pending_87                                                        ;        ;
; pifoEngines_3|deque_frontRewrite|armed_87                                                          ;        ;
; pifoEngines_3|deque_frontRewrite|pending_39                                                        ;        ;
; pifoEngines_3|deque_frontRewrite|armed_39                                                          ;        ;
; pifoEngines_3|deque_frontRewrite|pending_103                                                       ;        ;
; pifoEngines_0|deque_frontRewrite|pending_212                                                       ;        ;
; pifoEngines_3|deque_frontRewrite|armed_103                                                         ;        ;
; pifoEngines_3|deque_frontRewrite|pending_71                                                        ;        ;
; pifoEngines_3|deque_frontRewrite|armed_71                                                          ;        ;
; pifoEngines_4|deque_frontRewrite|pending_248                                                       ;        ;
; pifoEngines_4|deque_frontRewrite|armed_248                                                         ;        ;
; pifoEngines_4|deque_frontRewrite|pending_56                                                        ;        ;
; pifoEngines_4|deque_frontRewrite|armed_56                                                          ;        ;
; pifoEngines_4|deque_frontRewrite|pending_120                                                       ;        ;
; pifoEngines_4|deque_frontRewrite|armed_120                                                         ;        ;
; pifoEngines_4|deque_frontRewrite|pending_252                                                       ;        ;
; pifoEngines_0|deque_frontRewrite|armed_212                                                         ;        ;
; pifoEngines_4|deque_frontRewrite|armed_252                                                         ;        ;
; pifoEngines_4|deque_frontRewrite|pending_124                                                       ;        ;
; pifoEngines_4|deque_frontRewrite|armed_124                                                         ;        ;
; pifoEngines_4|deque_frontRewrite|pending_184                                                       ;        ;
; pifoEngines_4|deque_frontRewrite|armed_184                                                         ;        ;
; pifoEngines_4|deque_frontRewrite|pending_188                                                       ;        ;
; pifoEngines_4|deque_frontRewrite|armed_188                                                         ;        ;
; pifoEngines_4|deque_frontRewrite|pending_60                                                        ;        ;
; pifoEngines_4|deque_frontRewrite|armed_60                                                          ;        ;
; pifoEngines_4|deque_frontRewrite|pending_232                                                       ;        ;
; pifoEngines_0|deque_frontRewrite|pending_84                                                        ;        ;
; pifoEngines_4|deque_frontRewrite|armed_232                                                         ;        ;
; pifoEngines_4|deque_frontRewrite|pending_40                                                        ;        ;
; pifoEngines_4|deque_frontRewrite|armed_40                                                          ;        ;
; pifoEngines_4|deque_frontRewrite|pending_104                                                       ;        ;
; pifoEngines_4|deque_frontRewrite|armed_104                                                         ;        ;
; pifoEngines_4|deque_frontRewrite|pending_240                                                       ;        ;
; pifoEngines_4|deque_frontRewrite|armed_240                                                         ;        ;
; pifoEngines_4|deque_frontRewrite|pending_48                                                        ;        ;
; pifoEngines_4|deque_frontRewrite|armed_48                                                          ;        ;
; pifoEngines_4|deque_frontRewrite|pending_112                                                       ;        ;
; streamArbiter_22|maskLocked_1                                                                      ;        ;
; pifoEngines_0|deque_frontRewrite|armed_84                                                          ;        ;
; pifoEngines_4|deque_frontRewrite|armed_112                                                         ;        ;
; pifoEngines_4|deque_frontRewrite|pending_244                                                       ;        ;
; pifoEngines_4|deque_frontRewrite|armed_244                                                         ;        ;
; pifoEngines_4|deque_frontRewrite|pending_116                                                       ;        ;
; pifoEngines_4|deque_frontRewrite|armed_116                                                         ;        ;
; pifoEngines_4|deque_frontRewrite|pending_176                                                       ;        ;
; pifoEngines_4|deque_frontRewrite|armed_176                                                         ;        ;
; pifoEngines_4|deque_frontRewrite|pending_180                                                       ;        ;
; pifoEngines_4|deque_frontRewrite|armed_180                                                         ;        ;
; pifoEngines_4|deque_frontRewrite|pending_52                                                        ;        ;
; pifoEngines_0|deque_frontRewrite|pending_144                                                       ;        ;
; pifoEngines_4|deque_frontRewrite|armed_52                                                          ;        ;
; pifoEngines_4|deque_frontRewrite|pending_204                                                       ;        ;
; pifoEngines_4|deque_frontRewrite|armed_204                                                         ;        ;
; pifoEngines_4|deque_frontRewrite|pending_76                                                        ;        ;
; pifoEngines_4|deque_frontRewrite|armed_76                                                          ;        ;
; pifoEngines_4|deque_frontRewrite|pending_136                                                       ;        ;
; pifoEngines_4|deque_frontRewrite|armed_136                                                         ;        ;
; pifoEngines_4|deque_frontRewrite|pending_140                                                       ;        ;
; pifoEngines_4|deque_frontRewrite|armed_140                                                         ;        ;
; pifoEngines_4|deque_frontRewrite|pending_12                                                        ;        ;
; pifoEngines_0|deque_frontRewrite|armed_144                                                         ;        ;
; pifoEngines_4|deque_frontRewrite|armed_12                                                          ;        ;
; pifoEngines_4|deque_frontRewrite|pending_192                                                       ;        ;
; pifoEngines_4|deque_frontRewrite|armed_192                                                         ;        ;
; pifoEngines_4|deque_frontRewrite|pending_0                                                         ;        ;
; pifoEngines_4|deque_frontRewrite|armed_0                                                           ;        ;
; pifoEngines_4|deque_frontRewrite|pending_64                                                        ;        ;
; pifoEngines_4|deque_frontRewrite|armed_64                                                          ;        ;
; pifoEngines_4|deque_frontRewrite|pending_196                                                       ;        ;
; pifoEngines_4|deque_frontRewrite|armed_196                                                         ;        ;
; pifoEngines_4|deque_frontRewrite|pending_68                                                        ;        ;
; pifoEngines_0|deque_frontRewrite|pending_148                                                       ;        ;
; pifoEngines_4|deque_frontRewrite|armed_68                                                          ;        ;
; pifoEngines_4|deque_frontRewrite|pending_128                                                       ;        ;
; pifoEngines_4|deque_frontRewrite|armed_128                                                         ;        ;
; pifoEngines_4|deque_frontRewrite|pending_132                                                       ;        ;
; pifoEngines_4|deque_frontRewrite|armed_132                                                         ;        ;
; pifoEngines_4|deque_frontRewrite|pending_4                                                         ;        ;
; pifoEngines_4|deque_frontRewrite|armed_4                                                           ;        ;
; pifoEngines_4|deque_frontRewrite|pending_216                                                       ;        ;
; pifoEngines_4|deque_frontRewrite|armed_216                                                         ;        ;
; pifoEngines_4|deque_frontRewrite|pending_24                                                        ;        ;
; pifoEngines_0|deque_frontRewrite|armed_148                                                         ;        ;
; pifoEngines_4|deque_frontRewrite|armed_24                                                          ;        ;
; pifoEngines_4|deque_frontRewrite|pending_88                                                        ;        ;
; pifoEngines_4|deque_frontRewrite|armed_88                                                          ;        ;
; pifoEngines_4|deque_frontRewrite|pending_220                                                       ;        ;
; pifoEngines_4|deque_frontRewrite|armed_220                                                         ;        ;
; pifoEngines_4|deque_frontRewrite|pending_92                                                        ;        ;
; pifoEngines_4|deque_frontRewrite|armed_92                                                          ;        ;
; pifoEngines_4|deque_frontRewrite|pending_152                                                       ;        ;
; pifoEngines_4|deque_frontRewrite|armed_152                                                         ;        ;
; pifoEngines_4|deque_frontRewrite|pending_156                                                       ;        ;
; pifoEngines_0|deque_frontRewrite|pending_20                                                        ;        ;
; pifoEngines_4|deque_frontRewrite|armed_156                                                         ;        ;
; pifoEngines_4|deque_frontRewrite|pending_28                                                        ;        ;
; pifoEngines_4|deque_frontRewrite|armed_28                                                          ;        ;
; pifoEngines_4|deque_frontRewrite|pending_200                                                       ;        ;
; pifoEngines_4|deque_frontRewrite|armed_200                                                         ;        ;
; pifoEngines_4|deque_frontRewrite|pending_8                                                         ;        ;
; pifoEngines_4|deque_frontRewrite|armed_8                                                           ;        ;
; pifoEngines_4|deque_frontRewrite|pending_72                                                        ;        ;
; pifoEngines_4|deque_frontRewrite|armed_72                                                          ;        ;
; pifoEngines_4|deque_frontRewrite|pending_208                                                       ;        ;
; pifoEngines_0|deque_frontRewrite|armed_20                                                          ;        ;
; pifoEngines_4|deque_frontRewrite|armed_208                                                         ;        ;
; pifoEngines_4|deque_frontRewrite|pending_16                                                        ;        ;
; pifoEngines_4|deque_frontRewrite|armed_16                                                          ;        ;
; pifoEngines_4|deque_frontRewrite|pending_80                                                        ;        ;
; pifoEngines_4|deque_frontRewrite|armed_80                                                          ;        ;
; pifoEngines_4|deque_frontRewrite|pending_212                                                       ;        ;
; pifoEngines_4|deque_frontRewrite|armed_212                                                         ;        ;
; pifoEngines_4|deque_frontRewrite|pending_84                                                        ;        ;
; pifoEngines_4|deque_frontRewrite|armed_84                                                          ;        ;
; pifoEngines_4|deque_frontRewrite|pending_144                                                       ;        ;
; pifoEngines_0|deque_frontRewrite|pending_237                                                       ;        ;
; pifoEngines_4|deque_frontRewrite|armed_144                                                         ;        ;
; pifoEngines_4|deque_frontRewrite|pending_148                                                       ;        ;
; pifoEngines_4|deque_frontRewrite|armed_148                                                         ;        ;
; pifoEngines_4|deque_frontRewrite|pending_20                                                        ;        ;
; pifoEngines_4|deque_frontRewrite|armed_20                                                          ;        ;
; pifoEngines_4|deque_frontRewrite|pending_237                                                       ;        ;
; pifoEngines_4|deque_frontRewrite|armed_237                                                         ;        ;
; pifoEngines_4|deque_frontRewrite|pending_45                                                        ;        ;
; pifoEngines_4|deque_frontRewrite|armed_45                                                          ;        ;
; pifoEngines_4|deque_frontRewrite|pending_109                                                       ;        ;
; pifoEngines_0|deque_frontRewrite|armed_237                                                         ;        ;
; pifoEngines_4|deque_frontRewrite|armed_109                                                         ;        ;
; pifoEngines_4|deque_frontRewrite|pending_253                                                       ;        ;
; pifoEngines_4|deque_frontRewrite|armed_253                                                         ;        ;
; pifoEngines_4|deque_frontRewrite|pending_125                                                       ;        ;
; pifoEngines_4|deque_frontRewrite|armed_125                                                         ;        ;
; pifoEngines_4|deque_frontRewrite|pending_173                                                       ;        ;
; pifoEngines_4|deque_frontRewrite|armed_173                                                         ;        ;
; pifoEngines_4|deque_frontRewrite|pending_189                                                       ;        ;
; pifoEngines_4|deque_frontRewrite|armed_189                                                         ;        ;
; pifoEngines_4|deque_frontRewrite|pending_61                                                        ;        ;
; pifoEngines_0|deque_frontRewrite|pending_45                                                        ;        ;
; pifoEngines_4|deque_frontRewrite|armed_61                                                          ;        ;
; pifoEngines_4|deque_frontRewrite|pending_233                                                       ;        ;
; pifoEngines_4|deque_frontRewrite|armed_233                                                         ;        ;
; pifoEngines_4|deque_frontRewrite|pending_41                                                        ;        ;
; pifoEngines_4|deque_frontRewrite|armed_41                                                          ;        ;
; pifoEngines_4|deque_frontRewrite|pending_105                                                       ;        ;
; pifoEngines_4|deque_frontRewrite|armed_105                                                         ;        ;
; pifoEngines_4|deque_frontRewrite|pending_205                                                       ;        ;
; pifoEngines_4|deque_frontRewrite|armed_205                                                         ;        ;
; pifoEngines_4|deque_frontRewrite|pending_13                                                        ;        ;
; streamArbiter_22|locked                                                                            ;        ;
; pifoEngines_0|deque_frontRewrite|armed_45                                                          ;        ;
; pifoEngines_4|deque_frontRewrite|armed_13                                                          ;        ;
; pifoEngines_4|deque_frontRewrite|pending_77                                                        ;        ;
; pifoEngines_4|deque_frontRewrite|armed_77                                                          ;        ;
; pifoEngines_4|deque_frontRewrite|pending_221                                                       ;        ;
; pifoEngines_4|deque_frontRewrite|armed_221                                                         ;        ;
; pifoEngines_4|deque_frontRewrite|pending_93                                                        ;        ;
; pifoEngines_4|deque_frontRewrite|armed_93                                                          ;        ;
; pifoEngines_4|deque_frontRewrite|pending_141                                                       ;        ;
; pifoEngines_4|deque_frontRewrite|armed_141                                                         ;        ;
; pifoEngines_4|deque_frontRewrite|pending_157                                                       ;        ;
; pifoEngines_0|deque_frontRewrite|pending_109                                                       ;        ;
; pifoEngines_4|deque_frontRewrite|armed_157                                                         ;        ;
; pifoEngines_4|deque_frontRewrite|pending_29                                                        ;        ;
; pifoEngines_4|deque_frontRewrite|armed_29                                                          ;        ;
; pifoEngines_4|deque_frontRewrite|pending_241                                                       ;        ;
; pifoEngines_4|deque_frontRewrite|armed_241                                                         ;        ;
; pifoEngines_4|deque_frontRewrite|pending_113                                                       ;        ;
; pifoEngines_4|deque_frontRewrite|armed_113                                                         ;        ;
; pifoEngines_4|deque_frontRewrite|pending_161                                                       ;        ;
; pifoEngines_4|deque_frontRewrite|armed_161                                                         ;        ;
; pifoEngines_4|deque_frontRewrite|pending_177                                                       ;        ;
; pifoEngines_0|deque_frontRewrite|armed_109                                                         ;        ;
; pifoEngines_4|deque_frontRewrite|armed_177                                                         ;        ;
; pifoEngines_4|deque_frontRewrite|pending_49                                                        ;        ;
; pifoEngines_4|deque_frontRewrite|armed_49                                                          ;        ;
; pifoEngines_4|deque_frontRewrite|pending_193                                                       ;        ;
; pifoEngines_4|deque_frontRewrite|armed_193                                                         ;        ;
; pifoEngines_4|deque_frontRewrite|pending_1                                                         ;        ;
; pifoEngines_4|deque_frontRewrite|armed_1                                                           ;        ;
; pifoEngines_4|deque_frontRewrite|pending_65                                                        ;        ;
; pifoEngines_4|deque_frontRewrite|armed_65                                                          ;        ;
; pifoEngines_4|deque_frontRewrite|pending_209                                                       ;        ;
; pifoEngines_0|deque_frontRewrite|pending_253                                                       ;        ;
; pifoEngines_4|deque_frontRewrite|armed_209                                                         ;        ;
; pifoEngines_4|deque_frontRewrite|pending_81                                                        ;        ;
; pifoEngines_4|deque_frontRewrite|armed_81                                                          ;        ;
; pifoEngines_4|deque_frontRewrite|pending_129                                                       ;        ;
; pifoEngines_4|deque_frontRewrite|armed_129                                                         ;        ;
; pifoEngines_4|deque_frontRewrite|pending_145                                                       ;        ;
; pifoEngines_4|deque_frontRewrite|armed_145                                                         ;        ;
; pifoEngines_4|deque_frontRewrite|pending_17                                                        ;        ;
; pifoEngines_4|deque_frontRewrite|armed_17                                                          ;        ;
; pifoEngines_4|deque_frontRewrite|pending_229                                                       ;        ;
; pifoEngines_0|deque_frontRewrite|armed_253                                                         ;        ;
; pifoEngines_4|deque_frontRewrite|armed_229                                                         ;        ;
; pifoEngines_4|deque_frontRewrite|pending_37                                                        ;        ;
; pifoEngines_4|deque_frontRewrite|armed_37                                                          ;        ;
; pifoEngines_4|deque_frontRewrite|pending_101                                                       ;        ;
; pifoEngines_4|deque_frontRewrite|armed_101                                                         ;        ;
; pifoEngines_4|deque_frontRewrite|pending_245                                                       ;        ;
; pifoEngines_4|deque_frontRewrite|armed_245                                                         ;        ;
; pifoEngines_4|deque_frontRewrite|pending_117                                                       ;        ;
; pifoEngines_4|deque_frontRewrite|armed_117                                                         ;        ;
; pifoEngines_4|deque_frontRewrite|pending_165                                                       ;        ;
; pifoEngines_0|deque_frontRewrite|pending_125                                                       ;        ;
; pifoEngines_4|deque_frontRewrite|armed_165                                                         ;        ;
; pifoEngines_4|deque_frontRewrite|pending_181                                                       ;        ;
; pifoEngines_4|deque_frontRewrite|armed_181                                                         ;        ;
; pifoEngines_4|deque_frontRewrite|pending_53                                                        ;        ;
; pifoEngines_4|deque_frontRewrite|armed_53                                                          ;        ;
; pifoEngines_4|deque_frontRewrite|pending_225                                                       ;        ;
; pifoEngines_4|deque_frontRewrite|armed_225                                                         ;        ;
; pifoEngines_4|deque_frontRewrite|pending_33                                                        ;        ;
; pifoEngines_4|deque_frontRewrite|armed_33                                                          ;        ;
; pifoEngines_4|deque_frontRewrite|pending_97                                                        ;        ;
; pifoEngines_0|deque_frontRewrite|armed_125                                                         ;        ;
; pifoEngines_4|deque_frontRewrite|armed_97                                                          ;        ;
; pifoEngines_4|deque_frontRewrite|pending_197                                                       ;        ;
; pifoEngines_4|deque_frontRewrite|armed_197                                                         ;        ;
; pifoEngines_4|deque_frontRewrite|pending_5                                                         ;        ;
; pifoEngines_4|deque_frontRewrite|armed_5                                                           ;        ;
; pifoEngines_4|deque_frontRewrite|pending_69                                                        ;        ;
; pifoEngines_4|deque_frontRewrite|armed_69                                                          ;        ;
; pifoEngines_4|deque_frontRewrite|pending_213                                                       ;        ;
; pifoEngines_4|deque_frontRewrite|armed_213                                                         ;        ;
; pifoEngines_4|deque_frontRewrite|pending_85                                                        ;        ;
; pifoEngines_0|deque_frontRewrite|pending_173                                                       ;        ;
; pifoEngines_4|deque_frontRewrite|armed_85                                                          ;        ;
; pifoEngines_4|deque_frontRewrite|pending_133                                                       ;        ;
; pifoEngines_4|deque_frontRewrite|armed_133                                                         ;        ;
; pifoEngines_4|deque_frontRewrite|pending_149                                                       ;        ;
; pifoEngines_4|deque_frontRewrite|armed_149                                                         ;        ;
; pifoEngines_4|deque_frontRewrite|pending_21                                                        ;        ;
; pifoEngines_4|deque_frontRewrite|armed_21                                                          ;        ;
; pifoEngines_4|deque_frontRewrite|pending_46                                                        ;        ;
; pifoEngines_4|deque_frontRewrite|armed_46                                                          ;        ;
; pifoEngines_4|deque_frontRewrite|pending_34                                                        ;        ;
; pifoEngines_0|deque_frontRewrite|armed_173                                                         ;        ;
; pifoEngines_4|deque_frontRewrite|armed_34                                                          ;        ;
; pifoEngines_4|deque_frontRewrite|pending_38                                                        ;        ;
; pifoEngines_4|deque_frontRewrite|armed_38                                                          ;        ;
; pifoEngines_4|deque_frontRewrite|pending_110                                                       ;        ;
; pifoEngines_4|deque_frontRewrite|armed_110                                                         ;        ;
; pifoEngines_4|deque_frontRewrite|pending_102                                                       ;        ;
; pifoEngines_4|deque_frontRewrite|armed_102                                                         ;        ;
; pifoEngines_4|deque_frontRewrite|pending_42                                                        ;        ;
; pifoEngines_4|deque_frontRewrite|armed_42                                                          ;        ;
; pifoEngines_4|deque_frontRewrite|pending_106                                                       ;        ;
; pifoEngines_0|deque_frontRewrite|pending_189                                                       ;        ;
; pifoEngines_4|deque_frontRewrite|armed_106                                                         ;        ;
; pifoEngines_4|deque_frontRewrite|pending_98                                                        ;        ;
; pifoEngines_4|deque_frontRewrite|armed_98                                                          ;        ;
; pifoEngines_4|deque_frontRewrite|pending_174                                                       ;        ;
; pifoEngines_4|deque_frontRewrite|armed_174                                                         ;        ;
; pifoEngines_4|deque_frontRewrite|pending_162                                                       ;        ;
; pifoEngines_4|deque_frontRewrite|armed_162                                                         ;        ;
; pifoEngines_4|deque_frontRewrite|pending_166                                                       ;        ;
; pifoEngines_4|deque_frontRewrite|armed_166                                                         ;        ;
; pifoEngines_4|deque_frontRewrite|pending_238                                                       ;        ;
; streamFifo_53|logic_ram_rtl_0|auto_generated|altera_syncram_impl1|address_reg_b[0]                 ;        ;
; pifoEngines_0|deque_frontRewrite|armed_189                                                         ;        ;
; pifoEngines_4|deque_frontRewrite|armed_238                                                         ;        ;
; pifoEngines_4|deque_frontRewrite|pending_230                                                       ;        ;
; pifoEngines_4|deque_frontRewrite|armed_230                                                         ;        ;
; pifoEngines_4|deque_frontRewrite|pending_170                                                       ;        ;
; pifoEngines_4|deque_frontRewrite|armed_170                                                         ;        ;
; pifoEngines_4|deque_frontRewrite|pending_234                                                       ;        ;
; pifoEngines_4|deque_frontRewrite|armed_234                                                         ;        ;
; pifoEngines_4|deque_frontRewrite|pending_226                                                       ;        ;
; pifoEngines_4|deque_frontRewrite|armed_226                                                         ;        ;
; pifoEngines_4|deque_frontRewrite|pending_242                                                       ;        ;
; pifoEngines_0|deque_frontRewrite|pending_61                                                        ;        ;
; pifoEngines_4|deque_frontRewrite|armed_242                                                         ;        ;
; pifoEngines_4|deque_frontRewrite|pending_50                                                        ;        ;
; pifoEngines_4|deque_frontRewrite|armed_50                                                          ;        ;
; pifoEngines_4|deque_frontRewrite|pending_114                                                       ;        ;
; pifoEngines_4|deque_frontRewrite|armed_114                                                         ;        ;
; pifoEngines_4|deque_frontRewrite|pending_246                                                       ;        ;
; pifoEngines_4|deque_frontRewrite|armed_246                                                         ;        ;
; pifoEngines_4|deque_frontRewrite|pending_118                                                       ;        ;
; pifoEngines_4|deque_frontRewrite|armed_118                                                         ;        ;
; pifoEngines_4|deque_frontRewrite|pending_178                                                       ;        ;
; pifoEngines_0|deque_frontRewrite|armed_61                                                          ;        ;
; pifoEngines_4|deque_frontRewrite|armed_178                                                         ;        ;
; pifoEngines_4|deque_frontRewrite|pending_182                                                       ;        ;
; pifoEngines_4|deque_frontRewrite|armed_182                                                         ;        ;
; pifoEngines_4|deque_frontRewrite|pending_54                                                        ;        ;
; pifoEngines_4|deque_frontRewrite|armed_54                                                          ;        ;
; pifoEngines_4|deque_frontRewrite|pending_250                                                       ;        ;
; pifoEngines_4|deque_frontRewrite|armed_250                                                         ;        ;
; pifoEngines_4|deque_frontRewrite|pending_58                                                        ;        ;
; pifoEngines_4|deque_frontRewrite|armed_58                                                          ;        ;
; pifoEngines_4|deque_frontRewrite|pending_122                                                       ;        ;
; pifoEngines_0|deque_frontRewrite|pending_233                                                       ;        ;
; pifoEngines_4|deque_frontRewrite|armed_122                                                         ;        ;
; pifoEngines_4|deque_frontRewrite|pending_254                                                       ;        ;
; pifoEngines_4|deque_frontRewrite|armed_254                                                         ;        ;
; pifoEngines_4|deque_frontRewrite|pending_126                                                       ;        ;
; pifoEngines_4|deque_frontRewrite|armed_126                                                         ;        ;
; pifoEngines_4|deque_frontRewrite|pending_186                                                       ;        ;
; pifoEngines_4|deque_frontRewrite|armed_186                                                         ;        ;
; pifoEngines_4|deque_frontRewrite|pending_190                                                       ;        ;
; pifoEngines_4|deque_frontRewrite|armed_190                                                         ;        ;
; pifoEngines_4|deque_frontRewrite|pending_62                                                        ;        ;
; pifoEngines_0|deque_frontRewrite|armed_233                                                         ;        ;
; pifoEngines_4|deque_frontRewrite|armed_62                                                          ;        ;
; pifoEngines_4|deque_frontRewrite|pending_236                                                       ;        ;
; pifoEngines_4|deque_frontRewrite|armed_236                                                         ;        ;
; pifoEngines_4|deque_frontRewrite|pending_108                                                       ;        ;
; pifoEngines_4|deque_frontRewrite|armed_108                                                         ;        ;
; pifoEngines_4|deque_frontRewrite|pending_168                                                       ;        ;
; pifoEngines_4|deque_frontRewrite|armed_168                                                         ;        ;
; pifoEngines_4|deque_frontRewrite|pending_172                                                       ;        ;
; pifoEngines_4|deque_frontRewrite|armed_172                                                         ;        ;
; pifoEngines_4|deque_frontRewrite|pending_44                                                        ;        ;
; pifoEngines_0|deque_frontRewrite|pending_41                                                        ;        ;
; pifoEngines_4|deque_frontRewrite|armed_44                                                          ;        ;
; pifoEngines_4|deque_frontRewrite|pending_224                                                       ;        ;
; pifoEngines_4|deque_frontRewrite|armed_224                                                         ;        ;
; pifoEngines_4|deque_frontRewrite|pending_32                                                        ;        ;
; pifoEngines_4|deque_frontRewrite|armed_32                                                          ;        ;
; pifoEngines_4|deque_frontRewrite|pending_96                                                        ;        ;
; pifoEngines_4|deque_frontRewrite|armed_96                                                          ;        ;
; pifoEngines_4|deque_frontRewrite|pending_228                                                       ;        ;
; pifoEngines_4|deque_frontRewrite|armed_228                                                         ;        ;
; pifoEngines_4|deque_frontRewrite|pending_100                                                       ;        ;
; pifoEngines_0|deque_frontRewrite|armed_41                                                          ;        ;
; pifoEngines_4|deque_frontRewrite|armed_100                                                         ;        ;
; pifoEngines_4|deque_frontRewrite|pending_160                                                       ;        ;
; pifoEngines_4|deque_frontRewrite|armed_160                                                         ;        ;
; pifoEngines_4|deque_frontRewrite|pending_164                                                       ;        ;
; pifoEngines_4|deque_frontRewrite|armed_164                                                         ;        ;
; pifoEngines_4|deque_frontRewrite|pending_36                                                        ;        ;
; pifoEngines_4|deque_frontRewrite|armed_36                                                          ;        ;
; pifoEngines_4|deque_frontRewrite|pending_206                                                       ;        ;
; pifoEngines_4|deque_frontRewrite|armed_206                                                         ;        ;
; pifoEngines_4|deque_frontRewrite|pending_198                                                       ;        ;
; pifoEngines_0|deque_frontRewrite|pending_105                                                       ;        ;
; pifoEngines_4|deque_frontRewrite|armed_198                                                         ;        ;
; pifoEngines_4|deque_frontRewrite|pending_138                                                       ;        ;
; pifoEngines_4|deque_frontRewrite|armed_138                                                         ;        ;
; pifoEngines_4|deque_frontRewrite|pending_202                                                       ;        ;
; pifoEngines_4|deque_frontRewrite|armed_202                                                         ;        ;
; pifoEngines_4|deque_frontRewrite|pending_194                                                       ;        ;
; pifoEngines_4|deque_frontRewrite|armed_194                                                         ;        ;
; pifoEngines_4|deque_frontRewrite|pending_14                                                        ;        ;
; pifoEngines_4|deque_frontRewrite|armed_14                                                          ;        ;
; pifoEngines_4|deque_frontRewrite|pending_2                                                         ;        ;
; pifoEngines_0|deque_frontRewrite|armed_105                                                         ;        ;
; pifoEngines_4|deque_frontRewrite|armed_2                                                           ;        ;
; pifoEngines_4|deque_frontRewrite|pending_6                                                         ;        ;
; pifoEngines_4|deque_frontRewrite|armed_6                                                           ;        ;
; pifoEngines_4|deque_frontRewrite|pending_78                                                        ;        ;
; pifoEngines_4|deque_frontRewrite|armed_78                                                          ;        ;
; pifoEngines_4|deque_frontRewrite|pending_70                                                        ;        ;
; pifoEngines_4|deque_frontRewrite|armed_70                                                          ;        ;
; pifoEngines_4|deque_frontRewrite|pending_10                                                        ;        ;
; pifoEngines_4|deque_frontRewrite|armed_10                                                          ;        ;
; pifoEngines_4|deque_frontRewrite|pending_74                                                        ;        ;
; pifoEngines_0|deque_frontRewrite|pending_205                                                       ;        ;
; pifoEngines_4|deque_frontRewrite|armed_74                                                          ;        ;
; pifoEngines_4|deque_frontRewrite|pending_66                                                        ;        ;
; pifoEngines_4|deque_frontRewrite|armed_66                                                          ;        ;
; pifoEngines_4|deque_frontRewrite|pending_158                                                       ;        ;
; pifoEngines_4|deque_frontRewrite|armed_158                                                         ;        ;
; pifoEngines_4|deque_frontRewrite|pending_146                                                       ;        ;
; pifoEngines_4|deque_frontRewrite|armed_146                                                         ;        ;
; pifoEngines_4|deque_frontRewrite|pending_150                                                       ;        ;
; pifoEngines_4|deque_frontRewrite|armed_150                                                         ;        ;
; pifoEngines_4|deque_frontRewrite|pending_222                                                       ;        ;
; streamFifo_53|logic_ram_rtl_0|auto_generated|altera_syncram_impl1|address_reg_b[1]                 ;        ;
; pifoEngines_0|deque_frontRewrite|armed_205                                                         ;        ;
; pifoEngines_4|deque_frontRewrite|armed_222                                                         ;        ;
; pifoEngines_4|deque_frontRewrite|pending_214                                                       ;        ;
; pifoEngines_4|deque_frontRewrite|armed_214                                                         ;        ;
; pifoEngines_4|deque_frontRewrite|pending_154                                                       ;        ;
; pifoEngines_4|deque_frontRewrite|armed_154                                                         ;        ;
; pifoEngines_4|deque_frontRewrite|pending_218                                                       ;        ;
; pifoEngines_4|deque_frontRewrite|armed_218                                                         ;        ;
; pifoEngines_4|deque_frontRewrite|pending_210                                                       ;        ;
; pifoEngines_4|deque_frontRewrite|armed_210                                                         ;        ;
; pifoEngines_4|deque_frontRewrite|pending_142                                                       ;        ;
; pifoEngines_0|deque_frontRewrite|pending_13                                                        ;        ;
; pifoEngines_4|deque_frontRewrite|armed_142                                                         ;        ;
; pifoEngines_4|deque_frontRewrite|pending_130                                                       ;        ;
; pifoEngines_4|deque_frontRewrite|armed_130                                                         ;        ;
; pifoEngines_4|deque_frontRewrite|pending_134                                                       ;        ;
; pifoEngines_4|deque_frontRewrite|armed_134                                                         ;        ;
; pifoEngines_4|deque_frontRewrite|pending_30                                                        ;        ;
; pifoEngines_4|deque_frontRewrite|armed_30                                                          ;        ;
; pifoEngines_4|deque_frontRewrite|pending_18                                                        ;        ;
; pifoEngines_4|deque_frontRewrite|armed_18                                                          ;        ;
; pifoEngines_4|deque_frontRewrite|pending_22                                                        ;        ;
; pifoEngines_0|deque_frontRewrite|armed_13                                                          ;        ;
; pifoEngines_4|deque_frontRewrite|armed_22                                                          ;        ;
; pifoEngines_4|deque_frontRewrite|pending_94                                                        ;        ;
; pifoEngines_4|deque_frontRewrite|armed_94                                                          ;        ;
; pifoEngines_4|deque_frontRewrite|pending_86                                                        ;        ;
; pifoEngines_4|deque_frontRewrite|armed_86                                                          ;        ;
; pifoEngines_4|deque_frontRewrite|pending_26                                                        ;        ;
; pifoEngines_4|deque_frontRewrite|armed_26                                                          ;        ;
; pifoEngines_4|deque_frontRewrite|pending_90                                                        ;        ;
; pifoEngines_4|deque_frontRewrite|armed_90                                                          ;        ;
; pifoEngines_4|deque_frontRewrite|pending_82                                                        ;        ;
; pifoEngines_0|deque_frontRewrite|pending_77                                                        ;        ;
; pifoEngines_4|deque_frontRewrite|armed_82                                                          ;        ;
; pifoEngines_4|deque_frontRewrite|pending_59                                                        ;        ;
; pifoEngines_4|deque_frontRewrite|armed_59                                                          ;        ;
; pifoEngines_4|deque_frontRewrite|pending_11                                                        ;        ;
; pifoEngines_4|deque_frontRewrite|armed_11                                                          ;        ;
; pifoEngines_4|deque_frontRewrite|pending_27                                                        ;        ;
; pifoEngines_4|deque_frontRewrite|armed_27                                                          ;        ;
; pifoEngines_4|deque_frontRewrite|pending_123                                                       ;        ;
; pifoEngines_4|deque_frontRewrite|armed_123                                                         ;        ;
; pifoEngines_4|deque_frontRewrite|pending_91                                                        ;        ;
; pifoEngines_0|deque_frontRewrite|armed_77                                                          ;        ;
; pifoEngines_4|deque_frontRewrite|armed_91                                                          ;        ;
; pifoEngines_4|deque_frontRewrite|pending_43                                                        ;        ;
; pifoEngines_4|deque_frontRewrite|armed_43                                                          ;        ;
; pifoEngines_4|deque_frontRewrite|pending_107                                                       ;        ;
; pifoEngines_4|deque_frontRewrite|armed_107                                                         ;        ;
; pifoEngines_4|deque_frontRewrite|pending_75                                                        ;        ;
; pifoEngines_4|deque_frontRewrite|armed_75                                                          ;        ;
; pifoEngines_4|deque_frontRewrite|pending_187                                                       ;        ;
; pifoEngines_4|deque_frontRewrite|armed_187                                                         ;        ;
; pifoEngines_4|deque_frontRewrite|pending_139                                                       ;        ;
; pifoEngines_0|deque_frontRewrite|pending_221                                                       ;        ;
; pifoEngines_4|deque_frontRewrite|armed_139                                                         ;        ;
; pifoEngines_4|deque_frontRewrite|pending_155                                                       ;        ;
; pifoEngines_4|deque_frontRewrite|armed_155                                                         ;        ;
; pifoEngines_4|deque_frontRewrite|pending_251                                                       ;        ;
; pifoEngines_4|deque_frontRewrite|armed_251                                                         ;        ;
; pifoEngines_4|deque_frontRewrite|pending_219                                                       ;        ;
; pifoEngines_4|deque_frontRewrite|armed_219                                                         ;        ;
; pifoEngines_4|deque_frontRewrite|pending_171                                                       ;        ;
; pifoEngines_4|deque_frontRewrite|armed_171                                                         ;        ;
; pifoEngines_4|deque_frontRewrite|pending_235                                                       ;        ;
; pifoEngines_0|deque_frontRewrite|armed_221                                                         ;        ;
; pifoEngines_4|deque_frontRewrite|armed_235                                                         ;        ;
; pifoEngines_4|deque_frontRewrite|pending_203                                                       ;        ;
; pifoEngines_4|deque_frontRewrite|armed_203                                                         ;        ;
; pifoEngines_4|deque_frontRewrite|pending_207                                                       ;        ;
; pifoEngines_4|deque_frontRewrite|armed_207                                                         ;        ;
; pifoEngines_4|deque_frontRewrite|pending_15                                                        ;        ;
; pifoEngines_4|deque_frontRewrite|armed_15                                                          ;        ;
; pifoEngines_4|deque_frontRewrite|pending_79                                                        ;        ;
; pifoEngines_4|deque_frontRewrite|armed_79                                                          ;        ;
; pifoEngines_4|deque_frontRewrite|pending_223                                                       ;        ;
; pifoEngines_0|deque_frontRewrite|pending_93                                                        ;        ;
; pifoEngines_4|deque_frontRewrite|armed_223                                                         ;        ;
; pifoEngines_4|deque_frontRewrite|pending_95                                                        ;        ;
; pifoEngines_4|deque_frontRewrite|armed_95                                                          ;        ;
; pifoEngines_4|deque_frontRewrite|pending_143                                                       ;        ;
; pifoEngines_4|deque_frontRewrite|armed_143                                                         ;        ;
; pifoEngines_4|deque_frontRewrite|pending_159                                                       ;        ;
; pifoEngines_4|deque_frontRewrite|armed_159                                                         ;        ;
; pifoEngines_4|deque_frontRewrite|pending_31                                                        ;        ;
; pifoEngines_4|deque_frontRewrite|armed_31                                                          ;        ;
; pifoEngines_4|deque_frontRewrite|pending_239                                                       ;        ;
; pifoEngines_0|deque_frontRewrite|armed_93                                                          ;        ;
; pifoEngines_4|deque_frontRewrite|armed_239                                                         ;        ;
; pifoEngines_4|deque_frontRewrite|pending_47                                                        ;        ;
; pifoEngines_4|deque_frontRewrite|armed_47                                                          ;        ;
; pifoEngines_4|deque_frontRewrite|pending_111                                                       ;        ;
; pifoEngines_4|deque_frontRewrite|armed_111                                                         ;        ;
; pifoEngines_4|deque_frontRewrite|pending_255                                                       ;        ;
; pifoEngines_4|deque_frontRewrite|armed_255                                                         ;        ;
; pifoEngines_4|deque_frontRewrite|pending_127                                                       ;        ;
; pifoEngines_4|deque_frontRewrite|armed_127                                                         ;        ;
; pifoEngines_4|deque_frontRewrite|pending_175                                                       ;        ;
; pifoEngines_0|deque_frontRewrite|pending_141                                                       ;        ;
; pifoEngines_4|deque_frontRewrite|armed_175                                                         ;        ;
; pifoEngines_4|deque_frontRewrite|pending_191                                                       ;        ;
; pifoEngines_4|deque_frontRewrite|armed_191                                                         ;        ;
; pifoEngines_4|deque_frontRewrite|pending_63                                                        ;        ;
; pifoEngines_4|deque_frontRewrite|armed_63                                                          ;        ;
; pifoEngines_4|deque_frontRewrite|pending_249                                                       ;        ;
; pifoEngines_4|deque_frontRewrite|armed_249                                                         ;        ;
; pifoEngines_4|deque_frontRewrite|pending_121                                                       ;        ;
; pifoEngines_4|deque_frontRewrite|armed_121                                                         ;        ;
; pifoEngines_4|deque_frontRewrite|pending_169                                                       ;        ;
; io_pop_haltWhen_fork2_outputs_0_fork2_outputs_1_takeWhen_haltWhen_fork|logic_linkEnable_1          ;        ;
; pifoEngines_0|deque_frontRewrite|armed_141                                                         ;        ;
; pifoEngines_4|deque_frontRewrite|armed_169                                                         ;        ;
; pifoEngines_4|deque_frontRewrite|pending_185                                                       ;        ;
; pifoEngines_4|deque_frontRewrite|armed_185                                                         ;        ;
; pifoEngines_4|deque_frontRewrite|pending_57                                                        ;        ;
; pifoEngines_4|deque_frontRewrite|armed_57                                                          ;        ;
; pifoEngines_4|deque_frontRewrite|pending_201                                                       ;        ;
; pifoEngines_4|deque_frontRewrite|armed_201                                                         ;        ;
; pifoEngines_4|deque_frontRewrite|pending_9                                                         ;        ;
; pifoEngines_4|deque_frontRewrite|armed_9                                                           ;        ;
; pifoEngines_4|deque_frontRewrite|pending_73                                                        ;        ;
; pifoEngines_0|deque_frontRewrite|pending_157                                                       ;        ;
; pifoEngines_4|deque_frontRewrite|armed_73                                                          ;        ;
; pifoEngines_4|deque_frontRewrite|pending_217                                                       ;        ;
; pifoEngines_4|deque_frontRewrite|armed_217                                                         ;        ;
; pifoEngines_4|deque_frontRewrite|pending_89                                                        ;        ;
; pifoEngines_4|deque_frontRewrite|armed_89                                                          ;        ;
; pifoEngines_4|deque_frontRewrite|pending_137                                                       ;        ;
; pifoEngines_4|deque_frontRewrite|armed_137                                                         ;        ;
; pifoEngines_4|deque_frontRewrite|pending_153                                                       ;        ;
; pifoEngines_4|deque_frontRewrite|armed_153                                                         ;        ;
; pifoEngines_4|deque_frontRewrite|pending_25                                                        ;        ;
; pifoEngines_0|deque_frontRewrite|armed_157                                                         ;        ;
; pifoEngines_4|deque_frontRewrite|armed_25                                                          ;        ;
; pifoEngines_4|deque_frontRewrite|pending_243                                                       ;        ;
; pifoEngines_4|deque_frontRewrite|armed_243                                                         ;        ;
; pifoEngines_4|deque_frontRewrite|pending_211                                                       ;        ;
; pifoEngines_4|deque_frontRewrite|armed_211                                                         ;        ;
; pifoEngines_4|deque_frontRewrite|pending_163                                                       ;        ;
; pifoEngines_4|deque_frontRewrite|armed_163                                                         ;        ;
; pifoEngines_4|deque_frontRewrite|pending_227                                                       ;        ;
; pifoEngines_4|deque_frontRewrite|armed_227                                                         ;        ;
; pifoEngines_4|deque_frontRewrite|pending_195                                                       ;        ;
; pifoEngines_0|deque_frontRewrite|pending_29                                                        ;        ;
; pifoEngines_4|deque_frontRewrite|armed_195                                                         ;        ;
; pifoEngines_4|deque_frontRewrite|pending_51                                                        ;        ;
; pifoEngines_4|deque_frontRewrite|armed_51                                                          ;        ;
; pifoEngines_4|deque_frontRewrite|pending_3                                                         ;        ;
; pifoEngines_4|deque_frontRewrite|armed_3                                                           ;        ;
; pifoEngines_4|deque_frontRewrite|pending_19                                                        ;        ;
; pifoEngines_4|deque_frontRewrite|armed_19                                                          ;        ;
; pifoEngines_4|deque_frontRewrite|pending_115                                                       ;        ;
; pifoEngines_4|deque_frontRewrite|armed_115                                                         ;        ;
; pifoEngines_4|deque_frontRewrite|pending_83                                                        ;        ;
; pifoEngines_0|deque_frontRewrite|armed_29                                                          ;        ;
; pifoEngines_4|deque_frontRewrite|armed_83                                                          ;        ;
; pifoEngines_4|deque_frontRewrite|pending_35                                                        ;        ;
; pifoEngines_4|deque_frontRewrite|armed_35                                                          ;        ;
; pifoEngines_4|deque_frontRewrite|pending_99                                                        ;        ;
; pifoEngines_4|deque_frontRewrite|armed_99                                                          ;        ;
; pifoEngines_4|deque_frontRewrite|pending_67                                                        ;        ;
; pifoEngines_4|deque_frontRewrite|armed_67                                                          ;        ;
; pifoEngines_4|deque_frontRewrite|pending_183                                                       ;        ;
; pifoEngines_4|deque_frontRewrite|armed_183                                                         ;        ;
; pifoEngines_4|deque_frontRewrite|pending_135                                                       ;        ;
; pifoEngines_0|deque_frontRewrite|pending_241                                                       ;        ;
; pifoEngines_4|deque_frontRewrite|armed_135                                                         ;        ;
; pifoEngines_4|deque_frontRewrite|pending_151                                                       ;        ;
; pifoEngines_4|deque_frontRewrite|armed_151                                                         ;        ;
; pifoEngines_4|deque_frontRewrite|pending_247                                                       ;        ;
; pifoEngines_4|deque_frontRewrite|armed_247                                                         ;        ;
; pifoEngines_4|deque_frontRewrite|pending_215                                                       ;        ;
; pifoEngines_4|deque_frontRewrite|armed_215                                                         ;        ;
; pifoEngines_4|deque_frontRewrite|pending_167                                                       ;        ;
; pifoEngines_4|deque_frontRewrite|armed_167                                                         ;        ;
; pifoEngines_4|deque_frontRewrite|pending_231                                                       ;        ;
; pifoEngines_0|deque_frontRewrite|armed_241                                                         ;        ;
; pifoEngines_4|deque_frontRewrite|armed_231                                                         ;        ;
; pifoEngines_4|deque_frontRewrite|pending_199                                                       ;        ;
; pifoEngines_4|deque_frontRewrite|armed_199                                                         ;        ;
; pifoEngines_4|deque_frontRewrite|pending_179                                                       ;        ;
; pifoEngines_4|deque_frontRewrite|armed_179                                                         ;        ;
; pifoEngines_4|deque_frontRewrite|pending_131                                                       ;        ;
; pifoEngines_4|deque_frontRewrite|armed_131                                                         ;        ;
; pifoEngines_4|deque_frontRewrite|pending_147                                                       ;        ;
; pifoEngines_4|deque_frontRewrite|armed_147                                                         ;        ;
; pifoEngines_4|deque_frontRewrite|pending_55                                                        ;        ;
; pifoEngines_0|deque_frontRewrite|pending_113                                                       ;        ;
; pifoEngines_4|deque_frontRewrite|armed_55                                                          ;        ;
; pifoEngines_4|deque_frontRewrite|pending_7                                                         ;        ;
; pifoEngines_4|deque_frontRewrite|armed_7                                                           ;        ;
; pifoEngines_4|deque_frontRewrite|pending_23                                                        ;        ;
; pifoEngines_4|deque_frontRewrite|armed_23                                                          ;        ;
; pifoEngines_4|deque_frontRewrite|pending_119                                                       ;        ;
; pifoEngines_4|deque_frontRewrite|armed_119                                                         ;        ;
; pifoEngines_4|deque_frontRewrite|pending_87                                                        ;        ;
; pifoEngines_4|deque_frontRewrite|armed_87                                                          ;        ;
; pifoEngines_4|deque_frontRewrite|pending_39                                                        ;        ;
; pifoEngines_0|deque_frontRewrite|armed_113                                                         ;        ;
; pifoEngines_4|deque_frontRewrite|armed_39                                                          ;        ;
; pifoEngines_4|deque_frontRewrite|pending_103                                                       ;        ;
; pifoEngines_4|deque_frontRewrite|armed_103                                                         ;        ;
; pifoEngines_4|deque_frontRewrite|pending_71                                                        ;        ;
; pifoEngines_4|deque_frontRewrite|armed_71                                                          ;        ;
; pifoEngines_0|deque_dequeMapper|io_readReq_valid_regNext                                           ;        ;
; xbar|streamArbiter_22|maskLocked_1                                                                 ;        ;
; pifoEngines_3|deque_dequeMapper|io_readReq_valid_regNext                                           ;        ;
; xbar|streamArbiter_22|maskLocked_4                                                                 ;        ;
; pifoEngines_4|deque_dequeMapper|io_readReq_valid_regNext                                           ;        ;
; pifoEngines_0|deque_frontRewrite|pending_161                                                       ;        ;
; pifoEngines_1|deque_dequeMapper|io_readReq_valid_regNext                                           ;        ;
; xbar|io_inputs_1_fifo|fifo|logic_ram~13                                                            ;        ;
; xbar|io_inputs_1_fifo|fifo|logic_ram_rtl_0_bypass[8]                                               ;        ;
; xbar|streamArbiter_27|maskLocked_1                                                                 ;        ;
; xbar|streamArbiter_27|maskLocked_4                                                                 ;        ;
; xbar|io_inputs_0_fifo|fifo|logic_ram~14                                                            ;        ;
; xbar|streamArbiter_23|maskLocked_0                                                                 ;        ;
; xbar|io_inputs_0_fifo|fifo|logic_ram~13                                                            ;        ;
; xbar|io_inputs_0_fifo|fifo|logic_ram_rtl_0_bypass[6]                                               ;        ;
; xbar|io_inputs_0_fifo|fifo|logic_ram_rtl_0_bypass[5]                                               ;        ;
; io_pop_haltWhen_fork2_outputs_0_fork2_logic_linkEnable_0                                           ;        ;
; pifoEngines_0|deque_frontRewrite|armed_161                                                         ;        ;
; pifoEngines_4|deque_frontRewrite|enabled_23                                                        ;        ;
; pifoEngines_4|deque_frontRewrite|enabled_151                                                       ;        ;
; pifoEngines_4|deque_frontRewrite|enabled_135                                                       ;        ;
; pifoEngines_4|deque_frontRewrite|enabled_87                                                        ;        ;
; pifoEngines_4|deque_frontRewrite|enabled_215                                                       ;        ;
; pifoEngines_4|deque_frontRewrite|enabled_71                                                        ;        ;
; pifoEngines_4|deque_frontRewrite|enabled_7                                                         ;        ;
; pifoEngines_4|deque_frontRewrite|enabled_199                                                       ;        ;
; pifoEngines_4|deque_frontRewrite|enabled_99                                                        ;        ;
; pifoEngines_4|deque_frontRewrite|enabled_35                                                        ;        ;
; pifoEngines_0|deque_frontRewrite|pending_177                                                       ;        ;
; pifoEngines_4|deque_frontRewrite|enabled_227                                                       ;        ;
; pifoEngines_4|deque_frontRewrite|enabled_55                                                        ;        ;
; pifoEngines_4|deque_frontRewrite|enabled_183                                                       ;        ;
; pifoEngines_4|deque_frontRewrite|enabled_167                                                       ;        ;
; pifoEngines_4|deque_frontRewrite|enabled_119                                                       ;        ;
; pifoEngines_4|deque_frontRewrite|enabled_247                                                       ;        ;
; pifoEngines_4|deque_frontRewrite|enabled_103                                                       ;        ;
; pifoEngines_4|deque_frontRewrite|enabled_39                                                        ;        ;
; pifoEngines_4|deque_frontRewrite|enabled_231                                                       ;        ;
; pifoEngines_4|deque_frontRewrite|enabled_19                                                        ;        ;
; pifoEngines_0|deque_frontRewrite|armed_177                                                         ;        ;
; pifoEngines_4|deque_frontRewrite|enabled_147                                                       ;        ;
; pifoEngines_4|deque_frontRewrite|enabled_131                                                       ;        ;
; pifoEngines_4|deque_frontRewrite|enabled_83                                                        ;        ;
; pifoEngines_4|deque_frontRewrite|enabled_211                                                       ;        ;
; pifoEngines_4|deque_frontRewrite|enabled_67                                                        ;        ;
; pifoEngines_4|deque_frontRewrite|enabled_3                                                         ;        ;
; pifoEngines_4|deque_frontRewrite|enabled_195                                                       ;        ;
; pifoEngines_4|deque_frontRewrite|enabled_51                                                        ;        ;
; pifoEngines_4|deque_frontRewrite|enabled_179                                                       ;        ;
; pifoEngines_4|deque_frontRewrite|enabled_163                                                       ;        ;
; pifoEngines_0|deque_frontRewrite|pending_49                                                        ;        ;
; pifoEngines_4|deque_frontRewrite|enabled_115                                                       ;        ;
; pifoEngines_4|deque_frontRewrite|enabled_243                                                       ;        ;
; pifoEngines_4|deque_frontRewrite|enabled_25                                                        ;        ;
; pifoEngines_4|deque_frontRewrite|enabled_153                                                       ;        ;
; pifoEngines_4|deque_frontRewrite|enabled_137                                                       ;        ;
; pifoEngines_4|deque_frontRewrite|enabled_89                                                        ;        ;
; pifoEngines_4|deque_frontRewrite|enabled_217                                                       ;        ;
; pifoEngines_4|deque_frontRewrite|enabled_73                                                        ;        ;
; pifoEngines_4|deque_frontRewrite|enabled_9                                                         ;        ;
; pifoEngines_4|deque_frontRewrite|enabled_201                                                       ;        ;
; pifoEngines_0|deque_frontRewrite|armed_49                                                          ;        ;
; pifoEngines_4|deque_frontRewrite|enabled_57                                                        ;        ;
; pifoEngines_4|deque_frontRewrite|enabled_185                                                       ;        ;
; pifoEngines_4|deque_frontRewrite|enabled_169                                                       ;        ;
; pifoEngines_4|deque_frontRewrite|enabled_121                                                       ;        ;
; pifoEngines_4|deque_frontRewrite|enabled_249                                                       ;        ;
; pifoEngines_4|deque_frontRewrite|enabled_31                                                        ;        ;
; pifoEngines_4|deque_frontRewrite|enabled_159                                                       ;        ;
; pifoEngines_4|deque_frontRewrite|enabled_143                                                       ;        ;
; pifoEngines_4|deque_frontRewrite|enabled_95                                                        ;        ;
; pifoEngines_4|deque_frontRewrite|enabled_223                                                       ;        ;
; pifoEngines_0|deque_frontRewrite|pending_193                                                       ;        ;
; pifoEngines_4|deque_frontRewrite|enabled_79                                                        ;        ;
; pifoEngines_4|deque_frontRewrite|enabled_15                                                        ;        ;
; pifoEngines_4|deque_frontRewrite|enabled_207                                                       ;        ;
; pifoEngines_4|deque_frontRewrite|enabled_107                                                       ;        ;
; pifoEngines_4|deque_frontRewrite|enabled_43                                                        ;        ;
; pifoEngines_4|deque_frontRewrite|enabled_235                                                       ;        ;
; pifoEngines_4|deque_frontRewrite|enabled_63                                                        ;        ;
; pifoEngines_4|deque_frontRewrite|enabled_191                                                       ;        ;
; pifoEngines_4|deque_frontRewrite|enabled_175                                                       ;        ;
; pifoEngines_4|deque_frontRewrite|enabled_127                                                       ;        ;
; pifoEngines_0|deque_frontRewrite|armed_193                                                         ;        ;
; pifoEngines_4|deque_frontRewrite|enabled_255                                                       ;        ;
; pifoEngines_4|deque_frontRewrite|enabled_111                                                       ;        ;
; pifoEngines_4|deque_frontRewrite|enabled_47                                                        ;        ;
; pifoEngines_4|deque_frontRewrite|enabled_239                                                       ;        ;
; pifoEngines_4|deque_frontRewrite|enabled_27                                                        ;        ;
; pifoEngines_4|deque_frontRewrite|enabled_155                                                       ;        ;
; pifoEngines_4|deque_frontRewrite|enabled_139                                                       ;        ;
; pifoEngines_4|deque_frontRewrite|enabled_91                                                        ;        ;
; pifoEngines_4|deque_frontRewrite|enabled_219                                                       ;        ;
; pifoEngines_4|deque_frontRewrite|enabled_75                                                        ;        ;
; pifoEngines_0|deque_frontRewrite|pending_1                                                         ;        ;
; pifoEngines_4|deque_frontRewrite|enabled_11                                                        ;        ;
; pifoEngines_4|deque_frontRewrite|enabled_203                                                       ;        ;
; pifoEngines_4|deque_frontRewrite|enabled_59                                                        ;        ;
; pifoEngines_4|deque_frontRewrite|enabled_187                                                       ;        ;
; pifoEngines_4|deque_frontRewrite|enabled_171                                                       ;        ;
; pifoEngines_4|deque_frontRewrite|enabled_123                                                       ;        ;
; pifoEngines_4|deque_frontRewrite|enabled_251                                                       ;        ;
; pifoEngines_4|deque_frontRewrite|enabled_22                                                        ;        ;
; pifoEngines_4|deque_frontRewrite|enabled_150                                                       ;        ;
; pifoEngines_4|deque_frontRewrite|enabled_146                                                       ;        ;
; pifoEngines_0|deque_frontRewrite|armed_1                                                           ;        ;
; pifoEngines_4|deque_frontRewrite|enabled_86                                                        ;        ;
; pifoEngines_4|deque_frontRewrite|enabled_214                                                       ;        ;
; pifoEngines_4|deque_frontRewrite|enabled_82                                                        ;        ;
; pifoEngines_4|deque_frontRewrite|enabled_18                                                        ;        ;
; pifoEngines_4|deque_frontRewrite|enabled_210                                                       ;        ;
; pifoEngines_4|deque_frontRewrite|enabled_74                                                        ;        ;
; pifoEngines_4|deque_frontRewrite|enabled_10                                                        ;        ;
; pifoEngines_4|deque_frontRewrite|enabled_202                                                       ;        ;
; pifoEngines_4|deque_frontRewrite|enabled_30                                                        ;        ;
; pifoEngines_4|deque_frontRewrite|enabled_158                                                       ;        ;
; pifoEngines_0|deque_frontRewrite|pending_65                                                        ;        ;
; pifoEngines_4|deque_frontRewrite|enabled_154                                                       ;        ;
; pifoEngines_4|deque_frontRewrite|enabled_94                                                        ;        ;
; pifoEngines_4|deque_frontRewrite|enabled_222                                                       ;        ;
; pifoEngines_4|deque_frontRewrite|enabled_90                                                        ;        ;
; pifoEngines_4|deque_frontRewrite|enabled_26                                                        ;        ;
; pifoEngines_4|deque_frontRewrite|enabled_218                                                       ;        ;
; pifoEngines_4|deque_frontRewrite|enabled_6                                                         ;        ;
; pifoEngines_4|deque_frontRewrite|enabled_134                                                       ;        ;
; pifoEngines_4|deque_frontRewrite|enabled_130                                                       ;        ;
; pifoEngines_4|deque_frontRewrite|enabled_70                                                        ;        ;
; io_pop_haltWhen_fork2_outputs_0_fork2_logic_linkEnable_1                                           ;        ;
; pifoEngines_0|deque_frontRewrite|armed_65                                                          ;        ;
; pifoEngines_4|deque_frontRewrite|enabled_198                                                       ;        ;
; pifoEngines_4|deque_frontRewrite|enabled_66                                                        ;        ;
; pifoEngines_4|deque_frontRewrite|enabled_2                                                         ;        ;
; pifoEngines_4|deque_frontRewrite|enabled_194                                                       ;        ;
; pifoEngines_4|deque_frontRewrite|enabled_14                                                        ;        ;
; pifoEngines_4|deque_frontRewrite|enabled_142                                                       ;        ;
; pifoEngines_4|deque_frontRewrite|enabled_138                                                       ;        ;
; pifoEngines_4|deque_frontRewrite|enabled_78                                                        ;        ;
; pifoEngines_4|deque_frontRewrite|enabled_206                                                       ;        ;
; pifoEngines_4|deque_frontRewrite|enabled_36                                                        ;        ;
; pifoEngines_0|deque_frontRewrite|pending_209                                                       ;        ;
; pifoEngines_4|deque_frontRewrite|enabled_164                                                       ;        ;
; pifoEngines_4|deque_frontRewrite|enabled_160                                                       ;        ;
; pifoEngines_4|deque_frontRewrite|enabled_100                                                       ;        ;
; pifoEngines_4|deque_frontRewrite|enabled_228                                                       ;        ;
; pifoEngines_4|deque_frontRewrite|enabled_96                                                        ;        ;
; pifoEngines_4|deque_frontRewrite|enabled_32                                                        ;        ;
; pifoEngines_4|deque_frontRewrite|enabled_224                                                       ;        ;
; pifoEngines_4|deque_frontRewrite|enabled_44                                                        ;        ;
; pifoEngines_4|deque_frontRewrite|enabled_172                                                       ;        ;
; pifoEngines_4|deque_frontRewrite|enabled_168                                                       ;        ;
; pifoEngines_0|deque_frontRewrite|armed_209                                                         ;        ;
; pifoEngines_4|deque_frontRewrite|enabled_108                                                       ;        ;
; pifoEngines_4|deque_frontRewrite|enabled_236                                                       ;        ;
; pifoEngines_4|deque_frontRewrite|enabled_54                                                        ;        ;
; pifoEngines_4|deque_frontRewrite|enabled_182                                                       ;        ;
; pifoEngines_4|deque_frontRewrite|enabled_178                                                       ;        ;
; pifoEngines_4|deque_frontRewrite|enabled_118                                                       ;        ;
; pifoEngines_4|deque_frontRewrite|enabled_246                                                       ;        ;
; pifoEngines_4|deque_frontRewrite|enabled_114                                                       ;        ;
; pifoEngines_4|deque_frontRewrite|enabled_50                                                        ;        ;
; pifoEngines_4|deque_frontRewrite|enabled_242                                                       ;        ;
; pifoEngines_0|deque_frontRewrite|pending_81                                                        ;        ;
; pifoEngines_4|deque_frontRewrite|enabled_106                                                       ;        ;
; pifoEngines_4|deque_frontRewrite|enabled_42                                                        ;        ;
; pifoEngines_4|deque_frontRewrite|enabled_234                                                       ;        ;
; pifoEngines_4|deque_frontRewrite|enabled_62                                                        ;        ;
; pifoEngines_4|deque_frontRewrite|enabled_190                                                       ;        ;
; pifoEngines_4|deque_frontRewrite|enabled_186                                                       ;        ;
; pifoEngines_4|deque_frontRewrite|enabled_126                                                       ;        ;
; pifoEngines_4|deque_frontRewrite|enabled_254                                                       ;        ;
; pifoEngines_4|deque_frontRewrite|enabled_122                                                       ;        ;
; pifoEngines_4|deque_frontRewrite|enabled_58                                                        ;        ;
; pifoEngines_0|deque_frontRewrite|armed_81                                                          ;        ;
; pifoEngines_4|deque_frontRewrite|enabled_250                                                       ;        ;
; pifoEngines_4|deque_frontRewrite|enabled_38                                                        ;        ;
; pifoEngines_4|deque_frontRewrite|enabled_166                                                       ;        ;
; pifoEngines_4|deque_frontRewrite|enabled_162                                                       ;        ;
; pifoEngines_4|deque_frontRewrite|enabled_102                                                       ;        ;
; pifoEngines_4|deque_frontRewrite|enabled_230                                                       ;        ;
; pifoEngines_4|deque_frontRewrite|enabled_98                                                        ;        ;
; pifoEngines_4|deque_frontRewrite|enabled_34                                                        ;        ;
; pifoEngines_4|deque_frontRewrite|enabled_226                                                       ;        ;
; pifoEngines_4|deque_frontRewrite|enabled_46                                                        ;        ;
; pifoEngines_0|deque_frontRewrite|pending_129                                                       ;        ;
; pifoEngines_4|deque_frontRewrite|enabled_174                                                       ;        ;
; pifoEngines_4|deque_frontRewrite|enabled_170                                                       ;        ;
; pifoEngines_4|deque_frontRewrite|enabled_110                                                       ;        ;
; pifoEngines_4|deque_frontRewrite|enabled_238                                                       ;        ;
; pifoEngines_4|deque_frontRewrite|enabled_21                                                        ;        ;
; pifoEngines_4|deque_frontRewrite|enabled_149                                                       ;        ;
; pifoEngines_4|deque_frontRewrite|enabled_133                                                       ;        ;
; pifoEngines_4|deque_frontRewrite|enabled_85                                                        ;        ;
; pifoEngines_4|deque_frontRewrite|enabled_213                                                       ;        ;
; pifoEngines_4|deque_frontRewrite|enabled_69                                                        ;        ;
; pifoEngines_0|deque_frontRewrite|armed_129                                                         ;        ;
; pifoEngines_4|deque_frontRewrite|enabled_5                                                         ;        ;
; pifoEngines_4|deque_frontRewrite|enabled_197                                                       ;        ;
; pifoEngines_4|deque_frontRewrite|enabled_97                                                        ;        ;
; pifoEngines_4|deque_frontRewrite|enabled_33                                                        ;        ;
; pifoEngines_4|deque_frontRewrite|enabled_225                                                       ;        ;
; pifoEngines_4|deque_frontRewrite|enabled_53                                                        ;        ;
; pifoEngines_4|deque_frontRewrite|enabled_181                                                       ;        ;
; pifoEngines_4|deque_frontRewrite|enabled_165                                                       ;        ;
; pifoEngines_4|deque_frontRewrite|enabled_117                                                       ;        ;
; pifoEngines_4|deque_frontRewrite|enabled_245                                                       ;        ;
; pifoEngines_0|deque_frontRewrite|pending_145                                                       ;        ;
; pifoEngines_4|deque_frontRewrite|enabled_101                                                       ;        ;
; pifoEngines_4|deque_frontRewrite|enabled_37                                                        ;        ;
; pifoEngines_4|deque_frontRewrite|enabled_229                                                       ;        ;
; pifoEngines_4|deque_frontRewrite|enabled_17                                                        ;        ;
; pifoEngines_4|deque_frontRewrite|enabled_145                                                       ;        ;
; pifoEngines_4|deque_frontRewrite|enabled_129                                                       ;        ;
; pifoEngines_4|deque_frontRewrite|enabled_81                                                        ;        ;
; pifoEngines_4|deque_frontRewrite|enabled_209                                                       ;        ;
; pifoEngines_4|deque_frontRewrite|enabled_65                                                        ;        ;
; pifoEngines_4|deque_frontRewrite|enabled_1                                                         ;        ;
; pifoEngines_0|deque_frontRewrite|armed_145                                                         ;        ;
; pifoEngines_4|deque_frontRewrite|enabled_193                                                       ;        ;
; pifoEngines_4|deque_frontRewrite|enabled_49                                                        ;        ;
; pifoEngines_4|deque_frontRewrite|enabled_177                                                       ;        ;
; pifoEngines_4|deque_frontRewrite|enabled_161                                                       ;        ;
; pifoEngines_4|deque_frontRewrite|enabled_113                                                       ;        ;
; pifoEngines_4|deque_frontRewrite|enabled_241                                                       ;        ;
; pifoEngines_4|deque_frontRewrite|enabled_29                                                        ;        ;
; pifoEngines_4|deque_frontRewrite|enabled_157                                                       ;        ;
; pifoEngines_4|deque_frontRewrite|enabled_141                                                       ;        ;
; pifoEngines_4|deque_frontRewrite|enabled_93                                                        ;        ;
; pifoEngines_0|deque_frontRewrite|pending_17                                                        ;        ;
; pifoEngines_4|deque_frontRewrite|enabled_221                                                       ;        ;
; pifoEngines_4|deque_frontRewrite|enabled_77                                                        ;        ;
; pifoEngines_4|deque_frontRewrite|enabled_13                                                        ;        ;
; pifoEngines_4|deque_frontRewrite|enabled_205                                                       ;        ;
; pifoEngines_4|deque_frontRewrite|enabled_105                                                       ;        ;
; pifoEngines_4|deque_frontRewrite|enabled_41                                                        ;        ;
; pifoEngines_4|deque_frontRewrite|enabled_233                                                       ;        ;
; pifoEngines_4|deque_frontRewrite|enabled_61                                                        ;        ;
; pifoEngines_4|deque_frontRewrite|enabled_189                                                       ;        ;
; pifoEngines_4|deque_frontRewrite|enabled_173                                                       ;        ;
; ingress_fifo|logic_ptr_pop[1]                                                                      ;        ;
; pifoEngines_0|deque_frontRewrite|armed_17                                                          ;        ;
; pifoEngines_4|deque_frontRewrite|enabled_125                                                       ;        ;
; pifoEngines_4|deque_frontRewrite|enabled_253                                                       ;        ;
; pifoEngines_4|deque_frontRewrite|enabled_109                                                       ;        ;
; pifoEngines_4|deque_frontRewrite|enabled_45                                                        ;        ;
; pifoEngines_4|deque_frontRewrite|enabled_237                                                       ;        ;
; pifoEngines_4|deque_frontRewrite|enabled_20                                                        ;        ;
; pifoEngines_4|deque_frontRewrite|enabled_148                                                       ;        ;
; pifoEngines_4|deque_frontRewrite|enabled_144                                                       ;        ;
; pifoEngines_4|deque_frontRewrite|enabled_84                                                        ;        ;
; pifoEngines_4|deque_frontRewrite|enabled_212                                                       ;        ;
; pifoEngines_0|deque_frontRewrite|pending_229                                                       ;        ;
; pifoEngines_4|deque_frontRewrite|enabled_80                                                        ;        ;
; pifoEngines_4|deque_frontRewrite|enabled_16                                                        ;        ;
; pifoEngines_4|deque_frontRewrite|enabled_208                                                       ;        ;
; pifoEngines_4|deque_frontRewrite|enabled_72                                                        ;        ;
; pifoEngines_4|deque_frontRewrite|enabled_8                                                         ;        ;
; pifoEngines_4|deque_frontRewrite|enabled_200                                                       ;        ;
; pifoEngines_4|deque_frontRewrite|enabled_28                                                        ;        ;
; pifoEngines_4|deque_frontRewrite|enabled_156                                                       ;        ;
; pifoEngines_4|deque_frontRewrite|enabled_152                                                       ;        ;
; pifoEngines_4|deque_frontRewrite|enabled_92                                                        ;        ;
; pifoEngines_0|deque_frontRewrite|armed_229                                                         ;        ;
; pifoEngines_4|deque_frontRewrite|enabled_220                                                       ;        ;
; pifoEngines_4|deque_frontRewrite|enabled_88                                                        ;        ;
; pifoEngines_4|deque_frontRewrite|enabled_24                                                        ;        ;
; pifoEngines_4|deque_frontRewrite|enabled_216                                                       ;        ;
; pifoEngines_4|deque_frontRewrite|enabled_4                                                         ;        ;
; pifoEngines_4|deque_frontRewrite|enabled_132                                                       ;        ;
; pifoEngines_4|deque_frontRewrite|enabled_128                                                       ;        ;
; pifoEngines_4|deque_frontRewrite|enabled_68                                                        ;        ;
; pifoEngines_4|deque_frontRewrite|enabled_196                                                       ;        ;
; pifoEngines_4|deque_frontRewrite|enabled_64                                                        ;        ;
; pifoEngines_0|deque_frontRewrite|pending_37                                                        ;        ;
; pifoEngines_4|deque_frontRewrite|enabled_0                                                         ;        ;
; pifoEngines_4|deque_frontRewrite|enabled_192                                                       ;        ;
; pifoEngines_4|deque_frontRewrite|enabled_12                                                        ;        ;
; pifoEngines_4|deque_frontRewrite|enabled_140                                                       ;        ;
; pifoEngines_4|deque_frontRewrite|enabled_136                                                       ;        ;
; pifoEngines_4|deque_frontRewrite|enabled_76                                                        ;        ;
; pifoEngines_4|deque_frontRewrite|enabled_204                                                       ;        ;
; pifoEngines_4|deque_frontRewrite|enabled_52                                                        ;        ;
; pifoEngines_4|deque_frontRewrite|enabled_180                                                       ;        ;
; pifoEngines_4|deque_frontRewrite|enabled_176                                                       ;        ;
; pifoEngines_0|deque_frontRewrite|armed_37                                                          ;        ;
; pifoEngines_4|deque_frontRewrite|enabled_116                                                       ;        ;
; pifoEngines_4|deque_frontRewrite|enabled_244                                                       ;        ;
; pifoEngines_4|deque_frontRewrite|enabled_112                                                       ;        ;
; pifoEngines_4|deque_frontRewrite|enabled_48                                                        ;        ;
; pifoEngines_4|deque_frontRewrite|enabled_240                                                       ;        ;
; pifoEngines_4|deque_frontRewrite|enabled_104                                                       ;        ;
; pifoEngines_4|deque_frontRewrite|enabled_40                                                        ;        ;
; pifoEngines_4|deque_frontRewrite|enabled_232                                                       ;        ;
; pifoEngines_4|deque_frontRewrite|enabled_60                                                        ;        ;
; pifoEngines_4|deque_frontRewrite|enabled_188                                                       ;        ;
; pifoEngines_0|deque_frontRewrite|pending_101                                                       ;        ;
; pifoEngines_4|deque_frontRewrite|enabled_184                                                       ;        ;
; pifoEngines_4|deque_frontRewrite|enabled_124                                                       ;        ;
; pifoEngines_4|deque_frontRewrite|enabled_252                                                       ;        ;
; pifoEngines_4|deque_frontRewrite|enabled_120                                                       ;        ;
; pifoEngines_4|deque_frontRewrite|enabled_56                                                        ;        ;
; pifoEngines_4|deque_frontRewrite|enabled_248                                                       ;        ;
; xbar|_zz_io_outputs_5_payload_vPifoId[0]                                                           ;        ;
; xbar|_zz_io_outputs_5_payload_vPifoId[1]                                                           ;        ;
; xbar|_zz_io_outputs_5_payload_vPifoId[3]                                                           ;        ;
; xbar|_zz_io_outputs_5_payload_vPifoId[7]                                                           ;        ;
; pifoEngines_0|deque_frontRewrite|armed_101                                                         ;        ;
; xbar|_zz_io_outputs_5_payload_vPifoId[6]                                                           ;        ;
; xbar|_zz_io_outputs_5_payload_vPifoId[2]                                                           ;        ;
; xbar|_zz_io_outputs_5_payload_vPifoId[5]                                                           ;        ;
; xbar|streamArbiter_27|maskLocked_2                                                                 ;        ;
; pifoEngines_2|deque_dequeMapper|io_readReq_valid_regNext                                           ;        ;
; xbar|streamArbiter_26|maskLocked_3                                                                 ;        ;
; pifoEngines_3|deque_frontRewrite|enabled_23                                                        ;        ;
; pifoEngines_3|deque_frontRewrite|enabled_151                                                       ;        ;
; pifoEngines_3|deque_frontRewrite|enabled_135                                                       ;        ;
; pifoEngines_3|deque_frontRewrite|enabled_87                                                        ;        ;
; pifoEngines_0|deque_frontRewrite|pending_245                                                       ;        ;
; pifoEngines_3|deque_frontRewrite|enabled_215                                                       ;        ;
; pifoEngines_3|deque_frontRewrite|enabled_71                                                        ;        ;
; pifoEngines_3|deque_frontRewrite|enabled_7                                                         ;        ;
; pifoEngines_3|deque_frontRewrite|enabled_199                                                       ;        ;
; pifoEngines_3|deque_frontRewrite|enabled_99                                                        ;        ;
; pifoEngines_3|deque_frontRewrite|enabled_35                                                        ;        ;
; pifoEngines_3|deque_frontRewrite|enabled_227                                                       ;        ;
; pifoEngines_3|deque_frontRewrite|enabled_55                                                        ;        ;
; pifoEngines_3|deque_frontRewrite|enabled_183                                                       ;        ;
; pifoEngines_3|deque_frontRewrite|enabled_167                                                       ;        ;
; pifoEngines_0|deque_frontRewrite|armed_245                                                         ;        ;
; pifoEngines_3|deque_frontRewrite|enabled_119                                                       ;        ;
; pifoEngines_3|deque_frontRewrite|enabled_247                                                       ;        ;
; pifoEngines_3|deque_frontRewrite|enabled_103                                                       ;        ;
; pifoEngines_3|deque_frontRewrite|enabled_39                                                        ;        ;
; pifoEngines_3|deque_frontRewrite|enabled_231                                                       ;        ;
; pifoEngines_3|deque_frontRewrite|enabled_19                                                        ;        ;
; pifoEngines_3|deque_frontRewrite|enabled_147                                                       ;        ;
; pifoEngines_3|deque_frontRewrite|enabled_131                                                       ;        ;
; pifoEngines_3|deque_frontRewrite|enabled_83                                                        ;        ;
; pifoEngines_3|deque_frontRewrite|enabled_211                                                       ;        ;
; pifoEngines_0|deque_frontRewrite|pending_117                                                       ;        ;
; pifoEngines_3|deque_frontRewrite|enabled_67                                                        ;        ;
; pifoEngines_3|deque_frontRewrite|enabled_3                                                         ;        ;
; pifoEngines_3|deque_frontRewrite|enabled_195                                                       ;        ;
; pifoEngines_3|deque_frontRewrite|enabled_51                                                        ;        ;
; pifoEngines_3|deque_frontRewrite|enabled_179                                                       ;        ;
; pifoEngines_3|deque_frontRewrite|enabled_163                                                       ;        ;
; pifoEngines_3|deque_frontRewrite|enabled_115                                                       ;        ;
; pifoEngines_3|deque_frontRewrite|enabled_243                                                       ;        ;
; pifoEngines_3|deque_frontRewrite|enabled_25                                                        ;        ;
; pifoEngines_3|deque_frontRewrite|enabled_153                                                       ;        ;
; ingress_fifo|logic_pop_sync_popReg[2]                                                              ;        ;
; ingress_fifo|logic_ptr_pop[0]                                                                      ;        ;
; pifoEngines_0|deque_frontRewrite|armed_117                                                         ;        ;
; pifoEngines_3|deque_frontRewrite|enabled_137                                                       ;        ;
; pifoEngines_3|deque_frontRewrite|enabled_89                                                        ;        ;
; pifoEngines_3|deque_frontRewrite|enabled_217                                                       ;        ;
; pifoEngines_3|deque_frontRewrite|enabled_73                                                        ;        ;
; pifoEngines_3|deque_frontRewrite|enabled_9                                                         ;        ;
; pifoEngines_3|deque_frontRewrite|enabled_201                                                       ;        ;
; pifoEngines_3|deque_frontRewrite|enabled_57                                                        ;        ;
; pifoEngines_3|deque_frontRewrite|enabled_185                                                       ;        ;
; pifoEngines_3|deque_frontRewrite|enabled_169                                                       ;        ;
; pifoEngines_3|deque_frontRewrite|enabled_121                                                       ;        ;
; pifoEngines_0|deque_frontRewrite|pending_165                                                       ;        ;
; pifoEngines_3|deque_frontRewrite|enabled_249                                                       ;        ;
; pifoEngines_3|deque_frontRewrite|enabled_31                                                        ;        ;
; pifoEngines_3|deque_frontRewrite|enabled_159                                                       ;        ;
; pifoEngines_3|deque_frontRewrite|enabled_143                                                       ;        ;
; pifoEngines_3|deque_frontRewrite|enabled_95                                                        ;        ;
; pifoEngines_3|deque_frontRewrite|enabled_223                                                       ;        ;
; pifoEngines_3|deque_frontRewrite|enabled_79                                                        ;        ;
; pifoEngines_3|deque_frontRewrite|enabled_15                                                        ;        ;
; pifoEngines_3|deque_frontRewrite|enabled_207                                                       ;        ;
; pifoEngines_3|deque_frontRewrite|enabled_107                                                       ;        ;
; pifoEngines_0|deque_frontRewrite|armed_165                                                         ;        ;
; pifoEngines_3|deque_frontRewrite|enabled_43                                                        ;        ;
; pifoEngines_3|deque_frontRewrite|enabled_235                                                       ;        ;
; pifoEngines_3|deque_frontRewrite|enabled_63                                                        ;        ;
; pifoEngines_3|deque_frontRewrite|enabled_191                                                       ;        ;
; pifoEngines_3|deque_frontRewrite|enabled_175                                                       ;        ;
; pifoEngines_3|deque_frontRewrite|enabled_127                                                       ;        ;
; pifoEngines_3|deque_frontRewrite|enabled_255                                                       ;        ;
; pifoEngines_3|deque_frontRewrite|enabled_111                                                       ;        ;
; pifoEngines_3|deque_frontRewrite|enabled_47                                                        ;        ;
; pifoEngines_3|deque_frontRewrite|enabled_239                                                       ;        ;
; pifoEngines_0|deque_frontRewrite|pending_181                                                       ;        ;
; pifoEngines_3|deque_frontRewrite|enabled_27                                                        ;        ;
; pifoEngines_3|deque_frontRewrite|enabled_155                                                       ;        ;
; pifoEngines_3|deque_frontRewrite|enabled_139                                                       ;        ;
; pifoEngines_3|deque_frontRewrite|enabled_91                                                        ;        ;
; pifoEngines_3|deque_frontRewrite|enabled_219                                                       ;        ;
; pifoEngines_3|deque_frontRewrite|enabled_75                                                        ;        ;
; pifoEngines_3|deque_frontRewrite|enabled_11                                                        ;        ;
; pifoEngines_3|deque_frontRewrite|enabled_203                                                       ;        ;
; pifoEngines_3|deque_frontRewrite|enabled_59                                                        ;        ;
; pifoEngines_3|deque_frontRewrite|enabled_187                                                       ;        ;
; pifoEngines_0|deque_frontRewrite|armed_181                                                         ;        ;
; pifoEngines_3|deque_frontRewrite|enabled_171                                                       ;        ;
; pifoEngines_3|deque_frontRewrite|enabled_123                                                       ;        ;
; pifoEngines_3|deque_frontRewrite|enabled_251                                                       ;        ;
; pifoEngines_3|deque_frontRewrite|enabled_22                                                        ;        ;
; pifoEngines_3|deque_frontRewrite|enabled_150                                                       ;        ;
; pifoEngines_3|deque_frontRewrite|enabled_146                                                       ;        ;
; pifoEngines_3|deque_frontRewrite|enabled_86                                                        ;        ;
; pifoEngines_3|deque_frontRewrite|enabled_214                                                       ;        ;
; pifoEngines_3|deque_frontRewrite|enabled_82                                                        ;        ;
; pifoEngines_3|deque_frontRewrite|enabled_18                                                        ;        ;
; pifoEngines_0|deque_frontRewrite|pending_53                                                        ;        ;
; pifoEngines_3|deque_frontRewrite|enabled_210                                                       ;        ;
; pifoEngines_3|deque_frontRewrite|enabled_74                                                        ;        ;
; pifoEngines_3|deque_frontRewrite|enabled_10                                                        ;        ;
; pifoEngines_3|deque_frontRewrite|enabled_202                                                       ;        ;
; pifoEngines_3|deque_frontRewrite|enabled_30                                                        ;        ;
; pifoEngines_3|deque_frontRewrite|enabled_158                                                       ;        ;
; pifoEngines_3|deque_frontRewrite|enabled_154                                                       ;        ;
; pifoEngines_3|deque_frontRewrite|enabled_94                                                        ;        ;
; pifoEngines_3|deque_frontRewrite|enabled_222                                                       ;        ;
; pifoEngines_3|deque_frontRewrite|enabled_90                                                        ;        ;
; pifoEngines_0|deque_frontRewrite|armed_53                                                          ;        ;
; pifoEngines_3|deque_frontRewrite|enabled_26                                                        ;        ;
; pifoEngines_3|deque_frontRewrite|enabled_218                                                       ;        ;
; pifoEngines_3|deque_frontRewrite|enabled_6                                                         ;        ;
; pifoEngines_3|deque_frontRewrite|enabled_134                                                       ;        ;
; pifoEngines_3|deque_frontRewrite|enabled_130                                                       ;        ;
; pifoEngines_3|deque_frontRewrite|enabled_70                                                        ;        ;
; pifoEngines_3|deque_frontRewrite|enabled_198                                                       ;        ;
; pifoEngines_3|deque_frontRewrite|enabled_66                                                        ;        ;
; pifoEngines_3|deque_frontRewrite|enabled_2                                                         ;        ;
; pifoEngines_3|deque_frontRewrite|enabled_194                                                       ;        ;
; pifoEngines_0|deque_frontRewrite|pending_225                                                       ;        ;
; pifoEngines_3|deque_frontRewrite|enabled_14                                                        ;        ;
; pifoEngines_3|deque_frontRewrite|enabled_142                                                       ;        ;
; pifoEngines_3|deque_frontRewrite|enabled_138                                                       ;        ;
; pifoEngines_3|deque_frontRewrite|enabled_78                                                        ;        ;
; pifoEngines_3|deque_frontRewrite|enabled_206                                                       ;        ;
; pifoEngines_3|deque_frontRewrite|enabled_36                                                        ;        ;
; pifoEngines_3|deque_frontRewrite|enabled_164                                                       ;        ;
; pifoEngines_3|deque_frontRewrite|enabled_160                                                       ;        ;
; pifoEngines_3|deque_frontRewrite|enabled_100                                                       ;        ;
; pifoEngines_3|deque_frontRewrite|enabled_228                                                       ;        ;
; pifoEngines_0|deque_frontRewrite|armed_225                                                         ;        ;
; pifoEngines_3|deque_frontRewrite|enabled_96                                                        ;        ;
; pifoEngines_3|deque_frontRewrite|enabled_32                                                        ;        ;
; pifoEngines_3|deque_frontRewrite|enabled_224                                                       ;        ;
; pifoEngines_3|deque_frontRewrite|enabled_44                                                        ;        ;
; pifoEngines_3|deque_frontRewrite|enabled_172                                                       ;        ;
; pifoEngines_3|deque_frontRewrite|enabled_168                                                       ;        ;
; pifoEngines_3|deque_frontRewrite|enabled_108                                                       ;        ;
; pifoEngines_3|deque_frontRewrite|enabled_236                                                       ;        ;
; pifoEngines_3|deque_frontRewrite|enabled_54                                                        ;        ;
; pifoEngines_3|deque_frontRewrite|enabled_182                                                       ;        ;
; pifoEngines_0|deque_frontRewrite|pending_33                                                        ;        ;
; pifoEngines_3|deque_frontRewrite|enabled_178                                                       ;        ;
; pifoEngines_3|deque_frontRewrite|enabled_118                                                       ;        ;
; pifoEngines_3|deque_frontRewrite|enabled_246                                                       ;        ;
; pifoEngines_3|deque_frontRewrite|enabled_114                                                       ;        ;
; pifoEngines_3|deque_frontRewrite|enabled_50                                                        ;        ;
; pifoEngines_3|deque_frontRewrite|enabled_242                                                       ;        ;
; pifoEngines_3|deque_frontRewrite|enabled_106                                                       ;        ;
; pifoEngines_3|deque_frontRewrite|enabled_42                                                        ;        ;
; pifoEngines_3|deque_frontRewrite|enabled_234                                                       ;        ;
; pifoEngines_3|deque_frontRewrite|enabled_62                                                        ;        ;
; ingress_fifo|logic_ptr_push[1]                                                                     ;        ;
; pifoEngines_0|deque_frontRewrite|armed_33                                                          ;        ;
; pifoEngines_3|deque_frontRewrite|enabled_190                                                       ;        ;
; pifoEngines_3|deque_frontRewrite|enabled_186                                                       ;        ;
; pifoEngines_3|deque_frontRewrite|enabled_126                                                       ;        ;
; pifoEngines_3|deque_frontRewrite|enabled_254                                                       ;        ;
; pifoEngines_3|deque_frontRewrite|enabled_122                                                       ;        ;
; pifoEngines_3|deque_frontRewrite|enabled_58                                                        ;        ;
; pifoEngines_3|deque_frontRewrite|enabled_250                                                       ;        ;
; pifoEngines_3|deque_frontRewrite|enabled_38                                                        ;        ;
; pifoEngines_3|deque_frontRewrite|enabled_166                                                       ;        ;
; pifoEngines_3|deque_frontRewrite|enabled_162                                                       ;        ;
; pifoEngines_0|deque_frontRewrite|pending_97                                                        ;        ;
; pifoEngines_3|deque_frontRewrite|enabled_102                                                       ;        ;
; pifoEngines_3|deque_frontRewrite|enabled_230                                                       ;        ;
; pifoEngines_3|deque_frontRewrite|enabled_98                                                        ;        ;
; pifoEngines_3|deque_frontRewrite|enabled_34                                                        ;        ;
; pifoEngines_3|deque_frontRewrite|enabled_226                                                       ;        ;
; pifoEngines_3|deque_frontRewrite|enabled_46                                                        ;        ;
; pifoEngines_3|deque_frontRewrite|enabled_174                                                       ;        ;
; pifoEngines_3|deque_frontRewrite|enabled_170                                                       ;        ;
; pifoEngines_3|deque_frontRewrite|enabled_110                                                       ;        ;
; pifoEngines_3|deque_frontRewrite|enabled_238                                                       ;        ;
; pifoEngines_0|deque_frontRewrite|armed_97                                                          ;        ;
; pifoEngines_3|deque_frontRewrite|enabled_21                                                        ;        ;
; pifoEngines_3|deque_frontRewrite|enabled_149                                                       ;        ;
; pifoEngines_3|deque_frontRewrite|enabled_133                                                       ;        ;
; pifoEngines_3|deque_frontRewrite|enabled_85                                                        ;        ;
; pifoEngines_3|deque_frontRewrite|enabled_213                                                       ;        ;
; pifoEngines_3|deque_frontRewrite|enabled_69                                                        ;        ;
; pifoEngines_3|deque_frontRewrite|enabled_5                                                         ;        ;
; pifoEngines_3|deque_frontRewrite|enabled_197                                                       ;        ;
; pifoEngines_3|deque_frontRewrite|enabled_97                                                        ;        ;
; pifoEngines_3|deque_frontRewrite|enabled_33                                                        ;        ;
; pifoEngines_0|deque_frontRewrite|pending_197                                                       ;        ;
; pifoEngines_3|deque_frontRewrite|enabled_225                                                       ;        ;
; pifoEngines_3|deque_frontRewrite|enabled_53                                                        ;        ;
; pifoEngines_3|deque_frontRewrite|enabled_181                                                       ;        ;
; pifoEngines_3|deque_frontRewrite|enabled_165                                                       ;        ;
; pifoEngines_3|deque_frontRewrite|enabled_117                                                       ;        ;
; pifoEngines_3|deque_frontRewrite|enabled_245                                                       ;        ;
; pifoEngines_3|deque_frontRewrite|enabled_101                                                       ;        ;
; pifoEngines_3|deque_frontRewrite|enabled_37                                                        ;        ;
; pifoEngines_3|deque_frontRewrite|enabled_229                                                       ;        ;
; pifoEngines_3|deque_frontRewrite|enabled_17                                                        ;        ;
; pifoEngines_0|deque_frontRewrite|armed_197                                                         ;        ;
; pifoEngines_3|deque_frontRewrite|enabled_145                                                       ;        ;
; pifoEngines_3|deque_frontRewrite|enabled_129                                                       ;        ;
; pifoEngines_3|deque_frontRewrite|enabled_81                                                        ;        ;
; pifoEngines_3|deque_frontRewrite|enabled_209                                                       ;        ;
; pifoEngines_3|deque_frontRewrite|enabled_65                                                        ;        ;
; pifoEngines_3|deque_frontRewrite|enabled_1                                                         ;        ;
; pifoEngines_3|deque_frontRewrite|enabled_193                                                       ;        ;
; pifoEngines_3|deque_frontRewrite|enabled_49                                                        ;        ;
; pifoEngines_3|deque_frontRewrite|enabled_177                                                       ;        ;
; pifoEngines_3|deque_frontRewrite|enabled_161                                                       ;        ;
; pifoEngines_0|deque_frontRewrite|pending_5                                                         ;        ;
; pifoEngines_3|deque_frontRewrite|enabled_113                                                       ;        ;
; pifoEngines_3|deque_frontRewrite|enabled_241                                                       ;        ;
; pifoEngines_3|deque_frontRewrite|enabled_29                                                        ;        ;
; pifoEngines_3|deque_frontRewrite|enabled_157                                                       ;        ;
; pifoEngines_3|deque_frontRewrite|enabled_141                                                       ;        ;
; pifoEngines_3|deque_frontRewrite|enabled_93                                                        ;        ;
; pifoEngines_3|deque_frontRewrite|enabled_221                                                       ;        ;
; pifoEngines_3|deque_frontRewrite|enabled_77                                                        ;        ;
; pifoEngines_3|deque_frontRewrite|enabled_13                                                        ;        ;
; pifoEngines_3|deque_frontRewrite|enabled_205                                                       ;        ;
; pifoEngines_0|deque_frontRewrite|armed_5                                                           ;        ;
; pifoEngines_3|deque_frontRewrite|enabled_105                                                       ;        ;
; pifoEngines_3|deque_frontRewrite|enabled_41                                                        ;        ;
; pifoEngines_3|deque_frontRewrite|enabled_233                                                       ;        ;
; pifoEngines_3|deque_frontRewrite|enabled_61                                                        ;        ;
; pifoEngines_3|deque_frontRewrite|enabled_189                                                       ;        ;
; pifoEngines_3|deque_frontRewrite|enabled_173                                                       ;        ;
; pifoEngines_3|deque_frontRewrite|enabled_125                                                       ;        ;
; pifoEngines_3|deque_frontRewrite|enabled_253                                                       ;        ;
; pifoEngines_3|deque_frontRewrite|enabled_109                                                       ;        ;
; pifoEngines_3|deque_frontRewrite|enabled_45                                                        ;        ;
; pifoEngines_0|deque_frontRewrite|pending_69                                                        ;        ;
; pifoEngines_3|deque_frontRewrite|enabled_237                                                       ;        ;
; pifoEngines_3|deque_frontRewrite|enabled_20                                                        ;        ;
; pifoEngines_3|deque_frontRewrite|enabled_148                                                       ;        ;
; pifoEngines_3|deque_frontRewrite|enabled_144                                                       ;        ;
; pifoEngines_3|deque_frontRewrite|enabled_84                                                        ;        ;
; pifoEngines_3|deque_frontRewrite|enabled_212                                                       ;        ;
; pifoEngines_3|deque_frontRewrite|enabled_80                                                        ;        ;
; pifoEngines_3|deque_frontRewrite|enabled_16                                                        ;        ;
; pifoEngines_3|deque_frontRewrite|enabled_208                                                       ;        ;
; pifoEngines_3|deque_frontRewrite|enabled_72                                                        ;        ;
; pifoEngines_0|deque_frontRewrite|armed_69                                                          ;        ;
; pifoEngines_3|deque_frontRewrite|enabled_8                                                         ;        ;
; pifoEngines_3|deque_frontRewrite|enabled_200                                                       ;        ;
; pifoEngines_3|deque_frontRewrite|enabled_28                                                        ;        ;
; pifoEngines_3|deque_frontRewrite|enabled_156                                                       ;        ;
; pifoEngines_3|deque_frontRewrite|enabled_152                                                       ;        ;
; pifoEngines_3|deque_frontRewrite|enabled_92                                                        ;        ;
; pifoEngines_3|deque_frontRewrite|enabled_220                                                       ;        ;
; pifoEngines_3|deque_frontRewrite|enabled_88                                                        ;        ;
; pifoEngines_3|deque_frontRewrite|enabled_24                                                        ;        ;
; pifoEngines_3|deque_frontRewrite|enabled_216                                                       ;        ;
; pifoEngines_0|deque_frontRewrite|pending_213                                                       ;        ;
; pifoEngines_3|deque_frontRewrite|enabled_4                                                         ;        ;
; pifoEngines_3|deque_frontRewrite|enabled_132                                                       ;        ;
; pifoEngines_3|deque_frontRewrite|enabled_128                                                       ;        ;
; pifoEngines_3|deque_frontRewrite|enabled_68                                                        ;        ;
; pifoEngines_3|deque_frontRewrite|enabled_196                                                       ;        ;
; pifoEngines_3|deque_frontRewrite|enabled_64                                                        ;        ;
; pifoEngines_3|deque_frontRewrite|enabled_0                                                         ;        ;
; pifoEngines_3|deque_frontRewrite|enabled_192                                                       ;        ;
; pifoEngines_3|deque_frontRewrite|enabled_12                                                        ;        ;
; pifoEngines_3|deque_frontRewrite|enabled_140                                                       ;        ;
; ingress_fifo|logic_ptr_push[0]                                                                     ;        ;
; pifoEngines_0|deque_frontRewrite|armed_213                                                         ;        ;
; pifoEngines_3|deque_frontRewrite|enabled_136                                                       ;        ;
; pifoEngines_3|deque_frontRewrite|enabled_76                                                        ;        ;
; pifoEngines_3|deque_frontRewrite|enabled_204                                                       ;        ;
; pifoEngines_3|deque_frontRewrite|enabled_52                                                        ;        ;
; pifoEngines_3|deque_frontRewrite|enabled_180                                                       ;        ;
; pifoEngines_3|deque_frontRewrite|enabled_176                                                       ;        ;
; pifoEngines_3|deque_frontRewrite|enabled_116                                                       ;        ;
; pifoEngines_3|deque_frontRewrite|enabled_244                                                       ;        ;
; pifoEngines_3|deque_frontRewrite|enabled_112                                                       ;        ;
; pifoEngines_3|deque_frontRewrite|enabled_48                                                        ;        ;
; pifoEngines_0|deque_frontRewrite|pending_85                                                        ;        ;
; pifoEngines_3|deque_frontRewrite|enabled_240                                                       ;        ;
; pifoEngines_3|deque_frontRewrite|enabled_104                                                       ;        ;
; pifoEngines_3|deque_frontRewrite|enabled_40                                                        ;        ;
; pifoEngines_3|deque_frontRewrite|enabled_232                                                       ;        ;
; pifoEngines_3|deque_frontRewrite|enabled_60                                                        ;        ;
; pifoEngines_3|deque_frontRewrite|enabled_188                                                       ;        ;
; pifoEngines_3|deque_frontRewrite|enabled_184                                                       ;        ;
; pifoEngines_3|deque_frontRewrite|enabled_124                                                       ;        ;
; pifoEngines_3|deque_frontRewrite|enabled_252                                                       ;        ;
; pifoEngines_3|deque_frontRewrite|enabled_120                                                       ;        ;
; pifoEngines_0|deque_frontRewrite|armed_85                                                          ;        ;
; pifoEngines_3|deque_frontRewrite|enabled_56                                                        ;        ;
; pifoEngines_3|deque_frontRewrite|enabled_248                                                       ;        ;
; xbar|_zz_io_outputs_4_payload_vPifoId[0]                                                           ;        ;
; xbar|_zz_io_outputs_4_payload_vPifoId[1]                                                           ;        ;
; xbar|_zz_io_outputs_4_payload_vPifoId[3]                                                           ;        ;
; xbar|_zz_io_outputs_4_payload_vPifoId[7]                                                           ;        ;
; xbar|_zz_io_outputs_4_payload_vPifoId[6]                                                           ;        ;
; xbar|_zz_io_outputs_4_payload_vPifoId[2]                                                           ;        ;
; xbar|_zz_io_outputs_4_payload_vPifoId[5]                                                           ;        ;
; xbar|_zz_io_outputs_4_payload_vPifoId[4]                                                           ;        ;
; pifoEngines_0|deque_frontRewrite|pending_133                                                       ;        ;
; xbar|streamArbiter_26|maskLocked_1                                                                 ;        ;
; xbar|streamArbiter_26|maskLocked_0                                                                 ;        ;
; xbar|streamArbiter_26|maskLocked_2                                                                 ;        ;
; xbar|streamArbiter_26|maskLocked_5                                                                 ;        ;
; xbar|streamArbiter_26|maskLocked_4                                                                 ;        ;
; xbar|_zz_io_outputs_4_valid_1                                                                      ;        ;
; xbar|streamArbiter_26|locked                                                                       ;        ;
; xbar|streamArbiter_27|maskLocked_3                                                                 ;        ;
; xbar|streamArbiter_25|maskLocked_0                                                                 ;        ;
; pifoEngines_2|deque_frontRewrite|enabled_23                                                        ;        ;
; pifoEngines_0|deque_frontRewrite|armed_133                                                         ;        ;
; pifoEngines_2|deque_frontRewrite|enabled_151                                                       ;        ;
; pifoEngines_2|deque_frontRewrite|enabled_135                                                       ;        ;
; pifoEngines_2|deque_frontRewrite|enabled_87                                                        ;        ;
; pifoEngines_2|deque_frontRewrite|enabled_215                                                       ;        ;
; pifoEngines_2|deque_frontRewrite|enabled_71                                                        ;        ;
; pifoEngines_2|deque_frontRewrite|enabled_7                                                         ;        ;
; pifoEngines_2|deque_frontRewrite|enabled_199                                                       ;        ;
; pifoEngines_2|deque_frontRewrite|enabled_99                                                        ;        ;
; pifoEngines_2|deque_frontRewrite|enabled_35                                                        ;        ;
; pifoEngines_2|deque_frontRewrite|enabled_227                                                       ;        ;
; pifoEngines_0|deque_frontRewrite|pending_149                                                       ;        ;
; pifoEngines_2|deque_frontRewrite|enabled_55                                                        ;        ;
; pifoEngines_2|deque_frontRewrite|enabled_183                                                       ;        ;
; pifoEngines_2|deque_frontRewrite|enabled_167                                                       ;        ;
; pifoEngines_2|deque_frontRewrite|enabled_119                                                       ;        ;
; pifoEngines_2|deque_frontRewrite|enabled_247                                                       ;        ;
; pifoEngines_2|deque_frontRewrite|enabled_103                                                       ;        ;
; pifoEngines_2|deque_frontRewrite|enabled_39                                                        ;        ;
; pifoEngines_2|deque_frontRewrite|enabled_231                                                       ;        ;
; pifoEngines_2|deque_frontRewrite|enabled_19                                                        ;        ;
; pifoEngines_2|deque_frontRewrite|enabled_147                                                       ;        ;
; pifoEngines_0|deque_frontRewrite|armed_149                                                         ;        ;
; pifoEngines_2|deque_frontRewrite|enabled_131                                                       ;        ;
; pifoEngines_2|deque_frontRewrite|enabled_83                                                        ;        ;
; pifoEngines_2|deque_frontRewrite|enabled_211                                                       ;        ;
; pifoEngines_2|deque_frontRewrite|enabled_67                                                        ;        ;
; pifoEngines_2|deque_frontRewrite|enabled_3                                                         ;        ;
; pifoEngines_2|deque_frontRewrite|enabled_195                                                       ;        ;
; pifoEngines_2|deque_frontRewrite|enabled_51                                                        ;        ;
; pifoEngines_2|deque_frontRewrite|enabled_179                                                       ;        ;
; pifoEngines_2|deque_frontRewrite|enabled_163                                                       ;        ;
; pifoEngines_2|deque_frontRewrite|enabled_115                                                       ;        ;
; pifoEngines_0|deque_frontRewrite|pending_21                                                        ;        ;
; pifoEngines_2|deque_frontRewrite|enabled_243                                                       ;        ;
; pifoEngines_2|deque_frontRewrite|enabled_25                                                        ;        ;
; pifoEngines_2|deque_frontRewrite|enabled_153                                                       ;        ;
; pifoEngines_2|deque_frontRewrite|enabled_137                                                       ;        ;
; pifoEngines_2|deque_frontRewrite|enabled_89                                                        ;        ;
; pifoEngines_2|deque_frontRewrite|enabled_217                                                       ;        ;
; pifoEngines_2|deque_frontRewrite|enabled_73                                                        ;        ;
; pifoEngines_2|deque_frontRewrite|enabled_9                                                         ;        ;
; pifoEngines_2|deque_frontRewrite|enabled_201                                                       ;        ;
; pifoEngines_2|deque_frontRewrite|enabled_57                                                        ;        ;
; pifoEngines_0|deque_frontRewrite|armed_21                                                          ;        ;
; pifoEngines_2|deque_frontRewrite|enabled_185                                                       ;        ;
; pifoEngines_2|deque_frontRewrite|enabled_169                                                       ;        ;
; pifoEngines_2|deque_frontRewrite|enabled_121                                                       ;        ;
; pifoEngines_2|deque_frontRewrite|enabled_249                                                       ;        ;
; pifoEngines_2|deque_frontRewrite|enabled_31                                                        ;        ;
; pifoEngines_2|deque_frontRewrite|enabled_159                                                       ;        ;
; pifoEngines_2|deque_frontRewrite|enabled_143                                                       ;        ;
; pifoEngines_2|deque_frontRewrite|enabled_95                                                        ;        ;
; pifoEngines_2|deque_frontRewrite|enabled_223                                                       ;        ;
; pifoEngines_2|deque_frontRewrite|enabled_79                                                        ;        ;
; pifoEngines_0|deque_frontRewrite|pending_46                                                        ;        ;
; pifoEngines_2|deque_frontRewrite|enabled_15                                                        ;        ;
; pifoEngines_2|deque_frontRewrite|enabled_207                                                       ;        ;
; pifoEngines_2|deque_frontRewrite|enabled_107                                                       ;        ;
; pifoEngines_2|deque_frontRewrite|enabled_43                                                        ;        ;
; pifoEngines_2|deque_frontRewrite|enabled_235                                                       ;        ;
; pifoEngines_2|deque_frontRewrite|enabled_63                                                        ;        ;
; pifoEngines_2|deque_frontRewrite|enabled_191                                                       ;        ;
; pifoEngines_2|deque_frontRewrite|enabled_175                                                       ;        ;
; pifoEngines_2|deque_frontRewrite|enabled_127                                                       ;        ;
; pifoEngines_2|deque_frontRewrite|enabled_255                                                       ;        ;
; streamFifo_53|logic_pop_sync_popReg[13]                                                            ;        ;
; pifoEngines_0|deque_frontRewrite|armed_46                                                          ;        ;
; pifoEngines_2|deque_frontRewrite|enabled_111                                                       ;        ;
; pifoEngines_2|deque_frontRewrite|enabled_47                                                        ;        ;
; pifoEngines_2|deque_frontRewrite|enabled_239                                                       ;        ;
; pifoEngines_2|deque_frontRewrite|enabled_27                                                        ;        ;
; pifoEngines_2|deque_frontRewrite|enabled_155                                                       ;        ;
; pifoEngines_2|deque_frontRewrite|enabled_139                                                       ;        ;
; pifoEngines_2|deque_frontRewrite|enabled_91                                                        ;        ;
; pifoEngines_2|deque_frontRewrite|enabled_219                                                       ;        ;
; pifoEngines_2|deque_frontRewrite|enabled_75                                                        ;        ;
; pifoEngines_2|deque_frontRewrite|enabled_11                                                        ;        ;
; pifoEngines_0|deque_frontRewrite|pending_34                                                        ;        ;
; pifoEngines_2|deque_frontRewrite|enabled_203                                                       ;        ;
; pifoEngines_2|deque_frontRewrite|enabled_59                                                        ;        ;
; pifoEngines_2|deque_frontRewrite|enabled_187                                                       ;        ;
; pifoEngines_2|deque_frontRewrite|enabled_171                                                       ;        ;
; pifoEngines_2|deque_frontRewrite|enabled_123                                                       ;        ;
; pifoEngines_2|deque_frontRewrite|enabled_251                                                       ;        ;
; pifoEngines_2|deque_frontRewrite|enabled_22                                                        ;        ;
; pifoEngines_2|deque_frontRewrite|enabled_150                                                       ;        ;
; pifoEngines_2|deque_frontRewrite|enabled_146                                                       ;        ;
; pifoEngines_2|deque_frontRewrite|enabled_86                                                        ;        ;
; pifoEngines_0|deque_frontRewrite|armed_34                                                          ;        ;
; pifoEngines_2|deque_frontRewrite|enabled_214                                                       ;        ;
; pifoEngines_2|deque_frontRewrite|enabled_82                                                        ;        ;
; pifoEngines_2|deque_frontRewrite|enabled_18                                                        ;        ;
; pifoEngines_2|deque_frontRewrite|enabled_210                                                       ;        ;
; pifoEngines_2|deque_frontRewrite|enabled_74                                                        ;        ;
; pifoEngines_2|deque_frontRewrite|enabled_10                                                        ;        ;
; pifoEngines_2|deque_frontRewrite|enabled_202                                                       ;        ;
; pifoEngines_2|deque_frontRewrite|enabled_30                                                        ;        ;
; pifoEngines_2|deque_frontRewrite|enabled_158                                                       ;        ;
; pifoEngines_2|deque_frontRewrite|enabled_154                                                       ;        ;
; pifoEngines_0|deque_frontRewrite|pending_38                                                        ;        ;
; pifoEngines_2|deque_frontRewrite|enabled_94                                                        ;        ;
; pifoEngines_2|deque_frontRewrite|enabled_222                                                       ;        ;
; pifoEngines_2|deque_frontRewrite|enabled_90                                                        ;        ;
; pifoEngines_2|deque_frontRewrite|enabled_26                                                        ;        ;
; pifoEngines_2|deque_frontRewrite|enabled_218                                                       ;        ;
; pifoEngines_2|deque_frontRewrite|enabled_6                                                         ;        ;
; pifoEngines_2|deque_frontRewrite|enabled_134                                                       ;        ;
; pifoEngines_2|deque_frontRewrite|enabled_130                                                       ;        ;
; pifoEngines_2|deque_frontRewrite|enabled_70                                                        ;        ;
; pifoEngines_2|deque_frontRewrite|enabled_198                                                       ;        ;
; pifoEngines_0|deque_frontRewrite|armed_38                                                          ;        ;
; pifoEngines_2|deque_frontRewrite|enabled_66                                                        ;        ;
; pifoEngines_2|deque_frontRewrite|enabled_2                                                         ;        ;
; pifoEngines_2|deque_frontRewrite|enabled_194                                                       ;        ;
; pifoEngines_2|deque_frontRewrite|enabled_14                                                        ;        ;
; pifoEngines_2|deque_frontRewrite|enabled_142                                                       ;        ;
; pifoEngines_2|deque_frontRewrite|enabled_138                                                       ;        ;
; pifoEngines_2|deque_frontRewrite|enabled_78                                                        ;        ;
; pifoEngines_2|deque_frontRewrite|enabled_206                                                       ;        ;
; pifoEngines_2|deque_frontRewrite|enabled_36                                                        ;        ;
; pifoEngines_2|deque_frontRewrite|enabled_164                                                       ;        ;
; pifoEngines_0|deque_frontRewrite|pending_110                                                       ;        ;
; pifoEngines_2|deque_frontRewrite|enabled_160                                                       ;        ;
; pifoEngines_2|deque_frontRewrite|enabled_100                                                       ;        ;
; pifoEngines_2|deque_frontRewrite|enabled_228                                                       ;        ;
; pifoEngines_2|deque_frontRewrite|enabled_96                                                        ;        ;
; pifoEngines_2|deque_frontRewrite|enabled_32                                                        ;        ;
; pifoEngines_2|deque_frontRewrite|enabled_224                                                       ;        ;
; pifoEngines_2|deque_frontRewrite|enabled_44                                                        ;        ;
; pifoEngines_2|deque_frontRewrite|enabled_172                                                       ;        ;
; pifoEngines_2|deque_frontRewrite|enabled_168                                                       ;        ;
; pifoEngines_2|deque_frontRewrite|enabled_108                                                       ;        ;
; pifoEngines_0|deque_frontRewrite|armed_110                                                         ;        ;
; pifoEngines_2|deque_frontRewrite|enabled_236                                                       ;        ;
; pifoEngines_2|deque_frontRewrite|enabled_54                                                        ;        ;
; pifoEngines_2|deque_frontRewrite|enabled_182                                                       ;        ;
; pifoEngines_2|deque_frontRewrite|enabled_178                                                       ;        ;
; pifoEngines_2|deque_frontRewrite|enabled_118                                                       ;        ;
; pifoEngines_2|deque_frontRewrite|enabled_246                                                       ;        ;
; pifoEngines_2|deque_frontRewrite|enabled_114                                                       ;        ;
; pifoEngines_2|deque_frontRewrite|enabled_50                                                        ;        ;
; pifoEngines_2|deque_frontRewrite|enabled_242                                                       ;        ;
; pifoEngines_2|deque_frontRewrite|enabled_106                                                       ;        ;
; pifoEngines_0|deque_frontRewrite|pending_102                                                       ;        ;
; pifoEngines_2|deque_frontRewrite|enabled_42                                                        ;        ;
; pifoEngines_2|deque_frontRewrite|enabled_234                                                       ;        ;
; pifoEngines_2|deque_frontRewrite|enabled_62                                                        ;        ;
; pifoEngines_2|deque_frontRewrite|enabled_190                                                       ;        ;
; pifoEngines_2|deque_frontRewrite|enabled_186                                                       ;        ;
; pifoEngines_2|deque_frontRewrite|enabled_126                                                       ;        ;
; pifoEngines_2|deque_frontRewrite|enabled_254                                                       ;        ;
; pifoEngines_2|deque_frontRewrite|enabled_122                                                       ;        ;
; pifoEngines_2|deque_frontRewrite|enabled_58                                                        ;        ;
; pifoEngines_2|deque_frontRewrite|enabled_250                                                       ;        ;
; pifoEngines_0|deque_frontRewrite|armed_102                                                         ;        ;
; pifoEngines_2|deque_frontRewrite|enabled_38                                                        ;        ;
; pifoEngines_2|deque_frontRewrite|enabled_166                                                       ;        ;
; pifoEngines_2|deque_frontRewrite|enabled_162                                                       ;        ;
; pifoEngines_2|deque_frontRewrite|enabled_102                                                       ;        ;
; pifoEngines_2|deque_frontRewrite|enabled_230                                                       ;        ;
; pifoEngines_2|deque_frontRewrite|enabled_98                                                        ;        ;
; pifoEngines_2|deque_frontRewrite|enabled_34                                                        ;        ;
; pifoEngines_2|deque_frontRewrite|enabled_226                                                       ;        ;
; pifoEngines_2|deque_frontRewrite|enabled_46                                                        ;        ;
; pifoEngines_2|deque_frontRewrite|enabled_174                                                       ;        ;
; pifoEngines_0|deque_frontRewrite|pending_42                                                        ;        ;
; pifoEngines_2|deque_frontRewrite|enabled_170                                                       ;        ;
; pifoEngines_2|deque_frontRewrite|enabled_110                                                       ;        ;
; pifoEngines_2|deque_frontRewrite|enabled_238                                                       ;        ;
; pifoEngines_2|deque_frontRewrite|enabled_21                                                        ;        ;
; pifoEngines_2|deque_frontRewrite|enabled_149                                                       ;        ;
; pifoEngines_2|deque_frontRewrite|enabled_133                                                       ;        ;
; pifoEngines_2|deque_frontRewrite|enabled_85                                                        ;        ;
; pifoEngines_2|deque_frontRewrite|enabled_213                                                       ;        ;
; pifoEngines_2|deque_frontRewrite|enabled_69                                                        ;        ;
; pifoEngines_2|deque_frontRewrite|enabled_5                                                         ;        ;
; streamFifo_53|logic_pop_sync_popReg[12]                                                            ;        ;
; pifoEngines_0|deque_frontRewrite|armed_42                                                          ;        ;
; pifoEngines_2|deque_frontRewrite|enabled_197                                                       ;        ;
; pifoEngines_2|deque_frontRewrite|enabled_97                                                        ;        ;
; pifoEngines_2|deque_frontRewrite|enabled_33                                                        ;        ;
; pifoEngines_2|deque_frontRewrite|enabled_225                                                       ;        ;
; pifoEngines_2|deque_frontRewrite|enabled_53                                                        ;        ;
; pifoEngines_2|deque_frontRewrite|enabled_181                                                       ;        ;
; pifoEngines_2|deque_frontRewrite|enabled_165                                                       ;        ;
; pifoEngines_2|deque_frontRewrite|enabled_117                                                       ;        ;
; pifoEngines_2|deque_frontRewrite|enabled_245                                                       ;        ;
; pifoEngines_2|deque_frontRewrite|enabled_101                                                       ;        ;
; pifoEngines_0|deque_frontRewrite|pending_106                                                       ;        ;
; pifoEngines_2|deque_frontRewrite|enabled_37                                                        ;        ;
; pifoEngines_2|deque_frontRewrite|enabled_229                                                       ;        ;
; pifoEngines_2|deque_frontRewrite|enabled_17                                                        ;        ;
; pifoEngines_2|deque_frontRewrite|enabled_145                                                       ;        ;
; pifoEngines_2|deque_frontRewrite|enabled_129                                                       ;        ;
; pifoEngines_2|deque_frontRewrite|enabled_81                                                        ;        ;
; pifoEngines_2|deque_frontRewrite|enabled_209                                                       ;        ;
; pifoEngines_2|deque_frontRewrite|enabled_65                                                        ;        ;
; pifoEngines_2|deque_frontRewrite|enabled_1                                                         ;        ;
; pifoEngines_2|deque_frontRewrite|enabled_193                                                       ;        ;
; pifoEngines_0|deque_frontRewrite|armed_106                                                         ;        ;
; pifoEngines_2|deque_frontRewrite|enabled_49                                                        ;        ;
; pifoEngines_2|deque_frontRewrite|enabled_177                                                       ;        ;
; pifoEngines_2|deque_frontRewrite|enabled_161                                                       ;        ;
; pifoEngines_2|deque_frontRewrite|enabled_113                                                       ;        ;
; pifoEngines_2|deque_frontRewrite|enabled_241                                                       ;        ;
; pifoEngines_2|deque_frontRewrite|enabled_29                                                        ;        ;
; pifoEngines_2|deque_frontRewrite|enabled_157                                                       ;        ;
; pifoEngines_2|deque_frontRewrite|enabled_141                                                       ;        ;
; pifoEngines_2|deque_frontRewrite|enabled_93                                                        ;        ;
; pifoEngines_2|deque_frontRewrite|enabled_221                                                       ;        ;
; pifoEngines_0|deque_frontRewrite|pending_98                                                        ;        ;
; pifoEngines_2|deque_frontRewrite|enabled_77                                                        ;        ;
; pifoEngines_2|deque_frontRewrite|enabled_13                                                        ;        ;
; pifoEngines_2|deque_frontRewrite|enabled_205                                                       ;        ;
; pifoEngines_2|deque_frontRewrite|enabled_105                                                       ;        ;
; pifoEngines_2|deque_frontRewrite|enabled_41                                                        ;        ;
; pifoEngines_2|deque_frontRewrite|enabled_233                                                       ;        ;
; pifoEngines_2|deque_frontRewrite|enabled_61                                                        ;        ;
; pifoEngines_2|deque_frontRewrite|enabled_189                                                       ;        ;
; pifoEngines_2|deque_frontRewrite|enabled_173                                                       ;        ;
; pifoEngines_2|deque_frontRewrite|enabled_125                                                       ;        ;
; pifoEngines_0|deque_frontRewrite|armed_98                                                          ;        ;
; pifoEngines_2|deque_frontRewrite|enabled_253                                                       ;        ;
; pifoEngines_2|deque_frontRewrite|enabled_109                                                       ;        ;
; pifoEngines_2|deque_frontRewrite|enabled_45                                                        ;        ;
; pifoEngines_2|deque_frontRewrite|enabled_237                                                       ;        ;
; pifoEngines_2|deque_frontRewrite|enabled_20                                                        ;        ;
; pifoEngines_2|deque_frontRewrite|enabled_148                                                       ;        ;
; pifoEngines_2|deque_frontRewrite|enabled_144                                                       ;        ;
; pifoEngines_2|deque_frontRewrite|enabled_84                                                        ;        ;
; pifoEngines_2|deque_frontRewrite|enabled_212                                                       ;        ;
; pifoEngines_2|deque_frontRewrite|enabled_80                                                        ;        ;
; pifoEngines_0|deque_frontRewrite|pending_174                                                       ;        ;
; pifoEngines_2|deque_frontRewrite|enabled_16                                                        ;        ;
; pifoEngines_2|deque_frontRewrite|enabled_208                                                       ;        ;
; pifoEngines_2|deque_frontRewrite|enabled_72                                                        ;        ;
; pifoEngines_2|deque_frontRewrite|enabled_8                                                         ;        ;
; pifoEngines_2|deque_frontRewrite|enabled_200                                                       ;        ;
; pifoEngines_2|deque_frontRewrite|enabled_28                                                        ;        ;
; pifoEngines_2|deque_frontRewrite|enabled_156                                                       ;        ;
; pifoEngines_2|deque_frontRewrite|enabled_152                                                       ;        ;
; pifoEngines_2|deque_frontRewrite|enabled_92                                                        ;        ;
; pifoEngines_2|deque_frontRewrite|enabled_220                                                       ;        ;
; pifoEngines_0|deque_frontRewrite|armed_174                                                         ;        ;
; pifoEngines_2|deque_frontRewrite|enabled_88                                                        ;        ;
; pifoEngines_2|deque_frontRewrite|enabled_24                                                        ;        ;
; pifoEngines_2|deque_frontRewrite|enabled_216                                                       ;        ;
; pifoEngines_2|deque_frontRewrite|enabled_4                                                         ;        ;
; pifoEngines_2|deque_frontRewrite|enabled_132                                                       ;        ;
; pifoEngines_2|deque_frontRewrite|enabled_128                                                       ;        ;
; pifoEngines_2|deque_frontRewrite|enabled_68                                                        ;        ;
; pifoEngines_2|deque_frontRewrite|enabled_196                                                       ;        ;
; pifoEngines_2|deque_frontRewrite|enabled_64                                                        ;        ;
; pifoEngines_2|deque_frontRewrite|enabled_0                                                         ;        ;
; pifoEngines_0|deque_frontRewrite|pending_162                                                       ;        ;
; pifoEngines_2|deque_frontRewrite|enabled_192                                                       ;        ;
; pifoEngines_2|deque_frontRewrite|enabled_12                                                        ;        ;
; pifoEngines_2|deque_frontRewrite|enabled_140                                                       ;        ;
; pifoEngines_2|deque_frontRewrite|enabled_136                                                       ;        ;
; pifoEngines_2|deque_frontRewrite|enabled_76                                                        ;        ;
; pifoEngines_2|deque_frontRewrite|enabled_204                                                       ;        ;
; pifoEngines_2|deque_frontRewrite|enabled_52                                                        ;        ;
; pifoEngines_2|deque_frontRewrite|enabled_180                                                       ;        ;
; pifoEngines_2|deque_frontRewrite|enabled_176                                                       ;        ;
; pifoEngines_2|deque_frontRewrite|enabled_116                                                       ;        ;
; pifoEngines_0|deque_frontRewrite|armed_162                                                         ;        ;
; pifoEngines_2|deque_frontRewrite|enabled_244                                                       ;        ;
; pifoEngines_2|deque_frontRewrite|enabled_112                                                       ;        ;
; pifoEngines_2|deque_frontRewrite|enabled_48                                                        ;        ;
; pifoEngines_2|deque_frontRewrite|enabled_240                                                       ;        ;
; pifoEngines_2|deque_frontRewrite|enabled_104                                                       ;        ;
; pifoEngines_2|deque_frontRewrite|enabled_40                                                        ;        ;
; pifoEngines_2|deque_frontRewrite|enabled_232                                                       ;        ;
; pifoEngines_2|deque_frontRewrite|enabled_60                                                        ;        ;
; pifoEngines_2|deque_frontRewrite|enabled_188                                                       ;        ;
; pifoEngines_2|deque_frontRewrite|enabled_184                                                       ;        ;
; pifoEngines_0|deque_frontRewrite|pending_166                                                       ;        ;
; pifoEngines_2|deque_frontRewrite|enabled_124                                                       ;        ;
; pifoEngines_2|deque_frontRewrite|enabled_252                                                       ;        ;
; pifoEngines_2|deque_frontRewrite|enabled_120                                                       ;        ;
; pifoEngines_2|deque_frontRewrite|enabled_56                                                        ;        ;
; pifoEngines_2|deque_frontRewrite|enabled_248                                                       ;        ;
; xbar|_zz_io_outputs_3_payload_vPifoId[0]                                                           ;        ;
; xbar|_zz_io_outputs_3_payload_vPifoId[1]                                                           ;        ;
; xbar|_zz_io_outputs_3_payload_vPifoId[3]                                                           ;        ;
; xbar|_zz_io_outputs_3_payload_vPifoId[7]                                                           ;        ;
; xbar|_zz_io_outputs_3_payload_vPifoId[6]                                                           ;        ;
; streamFifo_53|logic_ptr_pop[11]                                                                    ;        ;
; pifoEngines_0|deque_frontRewrite|armed_166                                                         ;        ;
; xbar|_zz_io_outputs_3_payload_vPifoId[2]                                                           ;        ;
; xbar|_zz_io_outputs_3_payload_vPifoId[5]                                                           ;        ;
; xbar|streamArbiter_25|maskLocked_1                                                                 ;        ;
; xbar|streamArbiter_25|maskLocked_3                                                                 ;        ;
; xbar|streamArbiter_25|maskLocked_2                                                                 ;        ;
; xbar|streamArbiter_25|maskLocked_5                                                                 ;        ;
; xbar|_zz_io_outputs_3_payload_vPifoId[4]                                                           ;        ;
; xbar|streamArbiter_25|locked                                                                       ;        ;
; xbar|streamArbiter_25|maskLocked_4                                                                 ;        ;
; xbar|_zz_io_outputs_3_valid_1                                                                      ;        ;
; pifoEngines_0|deque_frontRewrite|pending_238                                                       ;        ;
; xbar|streamArbiter_24|maskLocked_0                                                                 ;        ;
; pifoEngines_1|deque_frontRewrite|enabled_23                                                        ;        ;
; pifoEngines_1|deque_frontRewrite|enabled_151                                                       ;        ;
; pifoEngines_1|deque_frontRewrite|enabled_135                                                       ;        ;
; pifoEngines_1|deque_frontRewrite|enabled_87                                                        ;        ;
; pifoEngines_1|deque_frontRewrite|enabled_215                                                       ;        ;
; pifoEngines_1|deque_frontRewrite|enabled_71                                                        ;        ;
; pifoEngines_1|deque_frontRewrite|enabled_7                                                         ;        ;
; pifoEngines_1|deque_frontRewrite|enabled_199                                                       ;        ;
; pifoEngines_1|deque_frontRewrite|enabled_99                                                        ;        ;
; pifoEngines_0|deque_frontRewrite|armed_238                                                         ;        ;
; pifoEngines_1|deque_frontRewrite|enabled_35                                                        ;        ;
; pifoEngines_1|deque_frontRewrite|enabled_227                                                       ;        ;
; pifoEngines_1|deque_frontRewrite|enabled_55                                                        ;        ;
; pifoEngines_1|deque_frontRewrite|enabled_183                                                       ;        ;
; pifoEngines_1|deque_frontRewrite|enabled_167                                                       ;        ;
; pifoEngines_1|deque_frontRewrite|enabled_119                                                       ;        ;
; pifoEngines_1|deque_frontRewrite|enabled_247                                                       ;        ;
; pifoEngines_1|deque_frontRewrite|enabled_103                                                       ;        ;
; pifoEngines_1|deque_frontRewrite|enabled_39                                                        ;        ;
; pifoEngines_1|deque_frontRewrite|enabled_231                                                       ;        ;
; pifoEngines_0|deque_frontRewrite|pending_230                                                       ;        ;
; pifoEngines_1|deque_frontRewrite|enabled_19                                                        ;        ;
; pifoEngines_1|deque_frontRewrite|enabled_147                                                       ;        ;
; pifoEngines_1|deque_frontRewrite|enabled_131                                                       ;        ;
; pifoEngines_1|deque_frontRewrite|enabled_83                                                        ;        ;
; pifoEngines_1|deque_frontRewrite|enabled_211                                                       ;        ;
; pifoEngines_1|deque_frontRewrite|enabled_67                                                        ;        ;
; pifoEngines_1|deque_frontRewrite|enabled_3                                                         ;        ;
; pifoEngines_1|deque_frontRewrite|enabled_195                                                       ;        ;
; pifoEngines_1|deque_frontRewrite|enabled_51                                                        ;        ;
; pifoEngines_1|deque_frontRewrite|enabled_179                                                       ;        ;
; pifoEngines_0|deque_frontRewrite|armed_230                                                         ;        ;
; pifoEngines_1|deque_frontRewrite|enabled_163                                                       ;        ;
; pifoEngines_1|deque_frontRewrite|enabled_115                                                       ;        ;
; pifoEngines_1|deque_frontRewrite|enabled_243                                                       ;        ;
; pifoEngines_1|deque_frontRewrite|enabled_25                                                        ;        ;
; pifoEngines_1|deque_frontRewrite|enabled_153                                                       ;        ;
; pifoEngines_1|deque_frontRewrite|enabled_137                                                       ;        ;
; pifoEngines_1|deque_frontRewrite|enabled_89                                                        ;        ;
; pifoEngines_1|deque_frontRewrite|enabled_217                                                       ;        ;
; pifoEngines_1|deque_frontRewrite|enabled_73                                                        ;        ;
; pifoEngines_1|deque_frontRewrite|enabled_9                                                         ;        ;
; pifoEngines_0|deque_frontRewrite|pending_170                                                       ;        ;
; pifoEngines_1|deque_frontRewrite|enabled_201                                                       ;        ;
; pifoEngines_1|deque_frontRewrite|enabled_57                                                        ;        ;
; pifoEngines_1|deque_frontRewrite|enabled_185                                                       ;        ;
; pifoEngines_1|deque_frontRewrite|enabled_169                                                       ;        ;
; pifoEngines_1|deque_frontRewrite|enabled_121                                                       ;        ;
; pifoEngines_1|deque_frontRewrite|enabled_249                                                       ;        ;
; pifoEngines_1|deque_frontRewrite|enabled_31                                                        ;        ;
; pifoEngines_1|deque_frontRewrite|enabled_159                                                       ;        ;
; pifoEngines_1|deque_frontRewrite|enabled_143                                                       ;        ;
; pifoEngines_1|deque_frontRewrite|enabled_95                                                        ;        ;
; pifoEngines_0|deque_frontRewrite|armed_170                                                         ;        ;
; pifoEngines_1|deque_frontRewrite|enabled_223                                                       ;        ;
; pifoEngines_1|deque_frontRewrite|enabled_79                                                        ;        ;
; pifoEngines_1|deque_frontRewrite|enabled_15                                                        ;        ;
; pifoEngines_1|deque_frontRewrite|enabled_207                                                       ;        ;
; pifoEngines_1|deque_frontRewrite|enabled_107                                                       ;        ;
; pifoEngines_1|deque_frontRewrite|enabled_43                                                        ;        ;
; pifoEngines_1|deque_frontRewrite|enabled_235                                                       ;        ;
; pifoEngines_1|deque_frontRewrite|enabled_63                                                        ;        ;
; pifoEngines_1|deque_frontRewrite|enabled_191                                                       ;        ;
; pifoEngines_1|deque_frontRewrite|enabled_175                                                       ;        ;
; pifoEngines_0|deque_frontRewrite|pending_234                                                       ;        ;
; pifoEngines_1|deque_frontRewrite|enabled_127                                                       ;        ;
; pifoEngines_1|deque_frontRewrite|enabled_255                                                       ;        ;
; pifoEngines_1|deque_frontRewrite|enabled_111                                                       ;        ;
; pifoEngines_1|deque_frontRewrite|enabled_47                                                        ;        ;
; pifoEngines_1|deque_frontRewrite|enabled_239                                                       ;        ;
; pifoEngines_1|deque_frontRewrite|enabled_27                                                        ;        ;
; pifoEngines_1|deque_frontRewrite|enabled_155                                                       ;        ;
; pifoEngines_1|deque_frontRewrite|enabled_139                                                       ;        ;
; pifoEngines_1|deque_frontRewrite|enabled_91                                                        ;        ;
; pifoEngines_1|deque_frontRewrite|enabled_219                                                       ;        ;
; pifoEngines_0|deque_frontRewrite|armed_234                                                         ;        ;
; pifoEngines_1|deque_frontRewrite|enabled_75                                                        ;        ;
; pifoEngines_1|deque_frontRewrite|enabled_11                                                        ;        ;
; pifoEngines_1|deque_frontRewrite|enabled_203                                                       ;        ;
; pifoEngines_1|deque_frontRewrite|enabled_59                                                        ;        ;
; pifoEngines_1|deque_frontRewrite|enabled_187                                                       ;        ;
; pifoEngines_1|deque_frontRewrite|enabled_171                                                       ;        ;
; pifoEngines_1|deque_frontRewrite|enabled_123                                                       ;        ;
; pifoEngines_1|deque_frontRewrite|enabled_251                                                       ;        ;
; pifoEngines_1|deque_frontRewrite|enabled_22                                                        ;        ;
; pifoEngines_1|deque_frontRewrite|enabled_150                                                       ;        ;
; pifoEngines_0|deque_frontRewrite|pending_226                                                       ;        ;
; pifoEngines_1|deque_frontRewrite|enabled_146                                                       ;        ;
; pifoEngines_1|deque_frontRewrite|enabled_86                                                        ;        ;
; pifoEngines_1|deque_frontRewrite|enabled_214                                                       ;        ;
; pifoEngines_1|deque_frontRewrite|enabled_82                                                        ;        ;
; pifoEngines_1|deque_frontRewrite|enabled_18                                                        ;        ;
; pifoEngines_1|deque_frontRewrite|enabled_210                                                       ;        ;
; pifoEngines_1|deque_frontRewrite|enabled_74                                                        ;        ;
; pifoEngines_1|deque_frontRewrite|enabled_10                                                        ;        ;
; pifoEngines_1|deque_frontRewrite|enabled_202                                                       ;        ;
; pifoEngines_1|deque_frontRewrite|enabled_30                                                        ;        ;
; streamFifo_53|logic_pop_sync_popReg[11]                                                            ;        ;
; pifoEngines_0|deque_frontRewrite|armed_226                                                         ;        ;
; pifoEngines_1|deque_frontRewrite|enabled_158                                                       ;        ;
; pifoEngines_1|deque_frontRewrite|enabled_154                                                       ;        ;
; pifoEngines_1|deque_frontRewrite|enabled_94                                                        ;        ;
; pifoEngines_1|deque_frontRewrite|enabled_222                                                       ;        ;
; pifoEngines_1|deque_frontRewrite|enabled_90                                                        ;        ;
; pifoEngines_1|deque_frontRewrite|enabled_26                                                        ;        ;
; pifoEngines_1|deque_frontRewrite|enabled_218                                                       ;        ;
; pifoEngines_1|deque_frontRewrite|enabled_6                                                         ;        ;
; pifoEngines_1|deque_frontRewrite|enabled_134                                                       ;        ;
; pifoEngines_1|deque_frontRewrite|enabled_130                                                       ;        ;
; pifoEngines_0|deque_frontRewrite|pending_242                                                       ;        ;
; pifoEngines_1|deque_frontRewrite|enabled_70                                                        ;        ;
; pifoEngines_1|deque_frontRewrite|enabled_198                                                       ;        ;
; pifoEngines_1|deque_frontRewrite|enabled_66                                                        ;        ;
; pifoEngines_1|deque_frontRewrite|enabled_2                                                         ;        ;
; pifoEngines_1|deque_frontRewrite|enabled_194                                                       ;        ;
; pifoEngines_1|deque_frontRewrite|enabled_14                                                        ;        ;
; pifoEngines_1|deque_frontRewrite|enabled_142                                                       ;        ;
; pifoEngines_1|deque_frontRewrite|enabled_138                                                       ;        ;
; pifoEngines_1|deque_frontRewrite|enabled_78                                                        ;        ;
; pifoEngines_1|deque_frontRewrite|enabled_206                                                       ;        ;
; pifoEngines_0|deque_frontRewrite|armed_242                                                         ;        ;
; pifoEngines_1|deque_frontRewrite|enabled_36                                                        ;        ;
; pifoEngines_1|deque_frontRewrite|enabled_164                                                       ;        ;
; pifoEngines_1|deque_frontRewrite|enabled_160                                                       ;        ;
; pifoEngines_1|deque_frontRewrite|enabled_100                                                       ;        ;
; pifoEngines_1|deque_frontRewrite|enabled_228                                                       ;        ;
; pifoEngines_1|deque_frontRewrite|enabled_96                                                        ;        ;
; pifoEngines_1|deque_frontRewrite|enabled_32                                                        ;        ;
; pifoEngines_1|deque_frontRewrite|enabled_224                                                       ;        ;
; pifoEngines_1|deque_frontRewrite|enabled_44                                                        ;        ;
; pifoEngines_1|deque_frontRewrite|enabled_172                                                       ;        ;
; pifoEngines_0|deque_frontRewrite|pending_50                                                        ;        ;
; pifoEngines_1|deque_frontRewrite|enabled_168                                                       ;        ;
; pifoEngines_1|deque_frontRewrite|enabled_108                                                       ;        ;
; pifoEngines_1|deque_frontRewrite|enabled_236                                                       ;        ;
; pifoEngines_1|deque_frontRewrite|enabled_54                                                        ;        ;
; pifoEngines_1|deque_frontRewrite|enabled_182                                                       ;        ;
; pifoEngines_1|deque_frontRewrite|enabled_178                                                       ;        ;
; pifoEngines_1|deque_frontRewrite|enabled_118                                                       ;        ;
; pifoEngines_1|deque_frontRewrite|enabled_246                                                       ;        ;
; pifoEngines_1|deque_frontRewrite|enabled_114                                                       ;        ;
; pifoEngines_1|deque_frontRewrite|enabled_50                                                        ;        ;
; pifoEngines_0|deque_frontRewrite|armed_50                                                          ;        ;
; pifoEngines_1|deque_frontRewrite|enabled_242                                                       ;        ;
; pifoEngines_1|deque_frontRewrite|enabled_106                                                       ;        ;
; pifoEngines_1|deque_frontRewrite|enabled_42                                                        ;        ;
; pifoEngines_1|deque_frontRewrite|enabled_234                                                       ;        ;
; pifoEngines_1|deque_frontRewrite|enabled_62                                                        ;        ;
; pifoEngines_1|deque_frontRewrite|enabled_190                                                       ;        ;
; pifoEngines_1|deque_frontRewrite|enabled_186                                                       ;        ;
; pifoEngines_1|deque_frontRewrite|enabled_126                                                       ;        ;
; pifoEngines_1|deque_frontRewrite|enabled_254                                                       ;        ;
; pifoEngines_1|deque_frontRewrite|enabled_122                                                       ;        ;
; pifoEngines_0|deque_frontRewrite|pending_114                                                       ;        ;
; pifoEngines_1|deque_frontRewrite|enabled_58                                                        ;        ;
; pifoEngines_1|deque_frontRewrite|enabled_250                                                       ;        ;
; pifoEngines_1|deque_frontRewrite|enabled_38                                                        ;        ;
; pifoEngines_1|deque_frontRewrite|enabled_166                                                       ;        ;
; pifoEngines_1|deque_frontRewrite|enabled_162                                                       ;        ;
; pifoEngines_1|deque_frontRewrite|enabled_102                                                       ;        ;
; pifoEngines_1|deque_frontRewrite|enabled_230                                                       ;        ;
; pifoEngines_1|deque_frontRewrite|enabled_98                                                        ;        ;
; pifoEngines_1|deque_frontRewrite|enabled_34                                                        ;        ;
; pifoEngines_1|deque_frontRewrite|enabled_226                                                       ;        ;
; pifoEngines_0|deque_frontRewrite|armed_114                                                         ;        ;
; pifoEngines_1|deque_frontRewrite|enabled_46                                                        ;        ;
; pifoEngines_1|deque_frontRewrite|enabled_174                                                       ;        ;
; pifoEngines_1|deque_frontRewrite|enabled_170                                                       ;        ;
; pifoEngines_1|deque_frontRewrite|enabled_110                                                       ;        ;
; pifoEngines_1|deque_frontRewrite|enabled_238                                                       ;        ;
; pifoEngines_1|deque_frontRewrite|enabled_21                                                        ;        ;
; pifoEngines_1|deque_frontRewrite|enabled_149                                                       ;        ;
; pifoEngines_1|deque_frontRewrite|enabled_133                                                       ;        ;
; pifoEngines_1|deque_frontRewrite|enabled_85                                                        ;        ;
; pifoEngines_1|deque_frontRewrite|enabled_213                                                       ;        ;
; pifoEngines_0|deque_frontRewrite|pending_246                                                       ;        ;
; pifoEngines_1|deque_frontRewrite|enabled_69                                                        ;        ;
; pifoEngines_1|deque_frontRewrite|enabled_5                                                         ;        ;
; pifoEngines_1|deque_frontRewrite|enabled_197                                                       ;        ;
; pifoEngines_1|deque_frontRewrite|enabled_97                                                        ;        ;
; pifoEngines_1|deque_frontRewrite|enabled_33                                                        ;        ;
; pifoEngines_1|deque_frontRewrite|enabled_225                                                       ;        ;
; pifoEngines_1|deque_frontRewrite|enabled_53                                                        ;        ;
; pifoEngines_1|deque_frontRewrite|enabled_181                                                       ;        ;
; pifoEngines_1|deque_frontRewrite|enabled_165                                                       ;        ;
; pifoEngines_1|deque_frontRewrite|enabled_117                                                       ;        ;
; pifoEngines_0|deque_frontRewrite|armed_246                                                         ;        ;
; pifoEngines_1|deque_frontRewrite|enabled_245                                                       ;        ;
; pifoEngines_1|deque_frontRewrite|enabled_101                                                       ;        ;
; pifoEngines_1|deque_frontRewrite|enabled_37                                                        ;        ;
; pifoEngines_1|deque_frontRewrite|enabled_229                                                       ;        ;
; pifoEngines_1|deque_frontRewrite|enabled_17                                                        ;        ;
; pifoEngines_1|deque_frontRewrite|enabled_145                                                       ;        ;
; pifoEngines_1|deque_frontRewrite|enabled_129                                                       ;        ;
; pifoEngines_1|deque_frontRewrite|enabled_81                                                        ;        ;
; pifoEngines_1|deque_frontRewrite|enabled_209                                                       ;        ;
; pifoEngines_1|deque_frontRewrite|enabled_65                                                        ;        ;
; pifoEngines_0|deque_frontRewrite|pending_118                                                       ;        ;
; pifoEngines_1|deque_frontRewrite|enabled_1                                                         ;        ;
; pifoEngines_1|deque_frontRewrite|enabled_193                                                       ;        ;
; pifoEngines_1|deque_frontRewrite|enabled_49                                                        ;        ;
; pifoEngines_1|deque_frontRewrite|enabled_177                                                       ;        ;
; pifoEngines_1|deque_frontRewrite|enabled_161                                                       ;        ;
; pifoEngines_1|deque_frontRewrite|enabled_113                                                       ;        ;
; pifoEngines_1|deque_frontRewrite|enabled_241                                                       ;        ;
; pifoEngines_1|deque_frontRewrite|enabled_29                                                        ;        ;
; pifoEngines_1|deque_frontRewrite|enabled_157                                                       ;        ;
; pifoEngines_1|deque_frontRewrite|enabled_141                                                       ;        ;
; streamFifo_53|logic_ptr_pop[10]                                                                    ;        ;
; pifoEngines_0|deque_frontRewrite|armed_118                                                         ;        ;
; pifoEngines_1|deque_frontRewrite|enabled_93                                                        ;        ;
; pifoEngines_1|deque_frontRewrite|enabled_221                                                       ;        ;
; pifoEngines_1|deque_frontRewrite|enabled_77                                                        ;        ;
; pifoEngines_1|deque_frontRewrite|enabled_13                                                        ;        ;
; pifoEngines_1|deque_frontRewrite|enabled_205                                                       ;        ;
; pifoEngines_1|deque_frontRewrite|enabled_105                                                       ;        ;
; pifoEngines_1|deque_frontRewrite|enabled_41                                                        ;        ;
; pifoEngines_1|deque_frontRewrite|enabled_233                                                       ;        ;
; pifoEngines_1|deque_frontRewrite|enabled_61                                                        ;        ;
; pifoEngines_1|deque_frontRewrite|enabled_189                                                       ;        ;
; pifoEngines_0|deque_frontRewrite|pending_178                                                       ;        ;
; pifoEngines_1|deque_frontRewrite|enabled_173                                                       ;        ;
; pifoEngines_1|deque_frontRewrite|enabled_125                                                       ;        ;
; pifoEngines_1|deque_frontRewrite|enabled_253                                                       ;        ;
; pifoEngines_1|deque_frontRewrite|enabled_109                                                       ;        ;
; pifoEngines_1|deque_frontRewrite|enabled_45                                                        ;        ;
; pifoEngines_1|deque_frontRewrite|enabled_237                                                       ;        ;
; pifoEngines_1|deque_frontRewrite|enabled_20                                                        ;        ;
; pifoEngines_1|deque_frontRewrite|enabled_148                                                       ;        ;
; pifoEngines_1|deque_frontRewrite|enabled_144                                                       ;        ;
; pifoEngines_1|deque_frontRewrite|enabled_84                                                        ;        ;
; pifoEngines_0|deque_frontRewrite|armed_178                                                         ;        ;
; pifoEngines_1|deque_frontRewrite|enabled_212                                                       ;        ;
; pifoEngines_1|deque_frontRewrite|enabled_80                                                        ;        ;
; pifoEngines_1|deque_frontRewrite|enabled_16                                                        ;        ;
; pifoEngines_1|deque_frontRewrite|enabled_208                                                       ;        ;
; pifoEngines_1|deque_frontRewrite|enabled_72                                                        ;        ;
; pifoEngines_1|deque_frontRewrite|enabled_8                                                         ;        ;
; pifoEngines_1|deque_frontRewrite|enabled_200                                                       ;        ;
; pifoEngines_1|deque_frontRewrite|enabled_28                                                        ;        ;
; pifoEngines_1|deque_frontRewrite|enabled_156                                                       ;        ;
; pifoEngines_1|deque_frontRewrite|enabled_152                                                       ;        ;
; pifoEngines_0|deque_frontRewrite|pending_182                                                       ;        ;
; pifoEngines_1|deque_frontRewrite|enabled_92                                                        ;        ;
; pifoEngines_1|deque_frontRewrite|enabled_220                                                       ;        ;
; pifoEngines_1|deque_frontRewrite|enabled_88                                                        ;        ;
; pifoEngines_1|deque_frontRewrite|enabled_24                                                        ;        ;
; pifoEngines_1|deque_frontRewrite|enabled_216                                                       ;        ;
; pifoEngines_1|deque_frontRewrite|enabled_4                                                         ;        ;
; pifoEngines_1|deque_frontRewrite|enabled_132                                                       ;        ;
; pifoEngines_1|deque_frontRewrite|enabled_128                                                       ;        ;
; pifoEngines_1|deque_frontRewrite|enabled_68                                                        ;        ;
; pifoEngines_1|deque_frontRewrite|enabled_196                                                       ;        ;
; pifoEngines_0|deque_frontRewrite|armed_182                                                         ;        ;
; pifoEngines_1|deque_frontRewrite|enabled_64                                                        ;        ;
; pifoEngines_1|deque_frontRewrite|enabled_0                                                         ;        ;
; pifoEngines_1|deque_frontRewrite|enabled_192                                                       ;        ;
; pifoEngines_1|deque_frontRewrite|enabled_12                                                        ;        ;
; pifoEngines_1|deque_frontRewrite|enabled_140                                                       ;        ;
; pifoEngines_1|deque_frontRewrite|enabled_136                                                       ;        ;
; pifoEngines_1|deque_frontRewrite|enabled_76                                                        ;        ;
; pifoEngines_1|deque_frontRewrite|enabled_204                                                       ;        ;
; pifoEngines_1|deque_frontRewrite|enabled_52                                                        ;        ;
; pifoEngines_1|deque_frontRewrite|enabled_180                                                       ;        ;
; pifoEngines_0|deque_frontRewrite|pending_54                                                        ;        ;
; pifoEngines_1|deque_frontRewrite|enabled_176                                                       ;        ;
; pifoEngines_1|deque_frontRewrite|enabled_116                                                       ;        ;
; pifoEngines_1|deque_frontRewrite|enabled_244                                                       ;        ;
; pifoEngines_1|deque_frontRewrite|enabled_112                                                       ;        ;
; pifoEngines_1|deque_frontRewrite|enabled_48                                                        ;        ;
; pifoEngines_1|deque_frontRewrite|enabled_240                                                       ;        ;
; pifoEngines_1|deque_frontRewrite|enabled_104                                                       ;        ;
; pifoEngines_1|deque_frontRewrite|enabled_40                                                        ;        ;
; pifoEngines_1|deque_frontRewrite|enabled_232                                                       ;        ;
; pifoEngines_1|deque_frontRewrite|enabled_60                                                        ;        ;
; pifoEngines_0|deque_frontRewrite|armed_54                                                          ;        ;
; pifoEngines_1|deque_frontRewrite|enabled_188                                                       ;        ;
; pifoEngines_1|deque_frontRewrite|enabled_184                                                       ;        ;
; pifoEngines_1|deque_frontRewrite|enabled_124                                                       ;        ;
; pifoEngines_1|deque_frontRewrite|enabled_252                                                       ;        ;
; pifoEngines_1|deque_frontRewrite|enabled_120                                                       ;        ;
; pifoEngines_1|deque_frontRewrite|enabled_56                                                        ;        ;
; pifoEngines_1|deque_frontRewrite|enabled_248                                                       ;        ;
; xbar|_zz_io_outputs_2_payload_vPifoId[0]                                                           ;        ;
; xbar|_zz_io_outputs_2_payload_vPifoId[1]                                                           ;        ;
; xbar|_zz_io_outputs_2_payload_vPifoId[3]                                                           ;        ;
; pifoEngines_0|deque_frontRewrite|pending_250                                                       ;        ;
; xbar|_zz_io_outputs_2_payload_vPifoId[7]                                                           ;        ;
; xbar|_zz_io_outputs_2_payload_vPifoId[6]                                                           ;        ;
; xbar|_zz_io_outputs_2_payload_vPifoId[2]                                                           ;        ;
; xbar|_zz_io_outputs_2_payload_vPifoId[5]                                                           ;        ;
; xbar|streamArbiter_24|maskLocked_1                                                                 ;        ;
; xbar|streamArbiter_24|maskLocked_3                                                                 ;        ;
; xbar|streamArbiter_24|maskLocked_2                                                                 ;        ;
; xbar|streamArbiter_24|maskLocked_5                                                                 ;        ;
; xbar|_zz_io_outputs_2_payload_vPifoId[4]                                                           ;        ;
; xbar|streamArbiter_24|locked                                                                       ;        ;
; pifoEngines_0|deque_frontRewrite|armed_250                                                         ;        ;
; xbar|streamArbiter_24|maskLocked_4                                                                 ;        ;
; xbar|_zz_io_outputs_2_valid_1                                                                      ;        ;
; pifoEngines_0|deque_frontRewrite|enabled_23                                                        ;        ;
; pifoEngines_0|deque_frontRewrite|enabled_151                                                       ;        ;
; pifoEngines_0|deque_frontRewrite|enabled_135                                                       ;        ;
; pifoEngines_0|deque_frontRewrite|enabled_87                                                        ;        ;
; pifoEngines_0|deque_frontRewrite|enabled_215                                                       ;        ;
; pifoEngines_0|deque_frontRewrite|enabled_71                                                        ;        ;
; pifoEngines_0|deque_frontRewrite|enabled_7                                                         ;        ;
; pifoEngines_0|deque_frontRewrite|enabled_199                                                       ;        ;
; pifoEngines_0|deque_frontRewrite|pending_58                                                        ;        ;
; pifoEngines_0|deque_frontRewrite|enabled_99                                                        ;        ;
; pifoEngines_0|deque_frontRewrite|enabled_35                                                        ;        ;
; pifoEngines_0|deque_frontRewrite|enabled_227                                                       ;        ;
; pifoEngines_0|deque_frontRewrite|enabled_55                                                        ;        ;
; pifoEngines_0|deque_frontRewrite|enabled_183                                                       ;        ;
; pifoEngines_0|deque_frontRewrite|enabled_167                                                       ;        ;
; pifoEngines_0|deque_frontRewrite|enabled_119                                                       ;        ;
; pifoEngines_0|deque_frontRewrite|enabled_247                                                       ;        ;
; pifoEngines_0|deque_frontRewrite|enabled_103                                                       ;        ;
; pifoEngines_0|deque_frontRewrite|enabled_39                                                        ;        ;
; streamFifo_53|logic_pop_sync_popReg[10]                                                            ;        ;
; pifoEngines_0|deque_frontRewrite|armed_58                                                          ;        ;
; pifoEngines_0|deque_frontRewrite|enabled_231                                                       ;        ;
; pifoEngines_0|deque_frontRewrite|enabled_19                                                        ;        ;
; pifoEngines_0|deque_frontRewrite|enabled_147                                                       ;        ;
; pifoEngines_0|deque_frontRewrite|enabled_131                                                       ;        ;
; pifoEngines_0|deque_frontRewrite|enabled_83                                                        ;        ;
; pifoEngines_0|deque_frontRewrite|enabled_211                                                       ;        ;
; pifoEngines_0|deque_frontRewrite|enabled_67                                                        ;        ;
; pifoEngines_0|deque_frontRewrite|enabled_3                                                         ;        ;
; pifoEngines_0|deque_frontRewrite|enabled_195                                                       ;        ;
; pifoEngines_0|deque_frontRewrite|enabled_51                                                        ;        ;
; pifoEngines_0|deque_frontRewrite|pending_122                                                       ;        ;
; pifoEngines_0|deque_frontRewrite|enabled_179                                                       ;        ;
; pifoEngines_0|deque_frontRewrite|enabled_163                                                       ;        ;
; pifoEngines_0|deque_frontRewrite|enabled_115                                                       ;        ;
; pifoEngines_0|deque_frontRewrite|enabled_243                                                       ;        ;
; pifoEngines_0|deque_frontRewrite|enabled_25                                                        ;        ;
; pifoEngines_0|deque_frontRewrite|enabled_153                                                       ;        ;
; pifoEngines_0|deque_frontRewrite|enabled_137                                                       ;        ;
; pifoEngines_0|deque_frontRewrite|enabled_89                                                        ;        ;
; pifoEngines_0|deque_frontRewrite|enabled_217                                                       ;        ;
; pifoEngines_0|deque_frontRewrite|enabled_73                                                        ;        ;
; pifoEngines_0|deque_frontRewrite|armed_122                                                         ;        ;
; pifoEngines_0|deque_frontRewrite|enabled_9                                                         ;        ;
; pifoEngines_0|deque_frontRewrite|enabled_201                                                       ;        ;
; pifoEngines_0|deque_frontRewrite|enabled_57                                                        ;        ;
; pifoEngines_0|deque_frontRewrite|enabled_185                                                       ;        ;
; pifoEngines_0|deque_frontRewrite|enabled_169                                                       ;        ;
; pifoEngines_0|deque_frontRewrite|enabled_121                                                       ;        ;
; pifoEngines_0|deque_frontRewrite|enabled_249                                                       ;        ;
; pifoEngines_0|deque_frontRewrite|enabled_31                                                        ;        ;
; pifoEngines_0|deque_frontRewrite|enabled_159                                                       ;        ;
; pifoEngines_0|deque_frontRewrite|enabled_143                                                       ;        ;
; pifoEngines_0|deque_frontRewrite|pending_254                                                       ;        ;
; pifoEngines_0|deque_frontRewrite|enabled_95                                                        ;        ;
; pifoEngines_0|deque_frontRewrite|enabled_223                                                       ;        ;
; pifoEngines_0|deque_frontRewrite|enabled_79                                                        ;        ;
; pifoEngines_0|deque_frontRewrite|enabled_15                                                        ;        ;
; pifoEngines_0|deque_frontRewrite|enabled_207                                                       ;        ;
; pifoEngines_0|deque_frontRewrite|enabled_107                                                       ;        ;
; pifoEngines_0|deque_frontRewrite|enabled_43                                                        ;        ;
; pifoEngines_0|deque_frontRewrite|enabled_235                                                       ;        ;
; pifoEngines_0|deque_frontRewrite|enabled_63                                                        ;        ;
; pifoEngines_0|deque_frontRewrite|enabled_191                                                       ;        ;
; pifoEngines_0|deque_frontRewrite|armed_254                                                         ;        ;
; pifoEngines_0|deque_frontRewrite|enabled_175                                                       ;        ;
; pifoEngines_0|deque_frontRewrite|enabled_127                                                       ;        ;
; pifoEngines_0|deque_frontRewrite|enabled_255                                                       ;        ;
; pifoEngines_0|deque_frontRewrite|enabled_111                                                       ;        ;
; pifoEngines_0|deque_frontRewrite|enabled_47                                                        ;        ;
; pifoEngines_0|deque_frontRewrite|enabled_239                                                       ;        ;
; pifoEngines_0|deque_frontRewrite|enabled_27                                                        ;        ;
; pifoEngines_0|deque_frontRewrite|enabled_155                                                       ;        ;
; pifoEngines_0|deque_frontRewrite|enabled_139                                                       ;        ;
; pifoEngines_0|deque_frontRewrite|enabled_91                                                        ;        ;
; pifoEngines_0|deque_frontRewrite|pending_126                                                       ;        ;
; pifoEngines_0|deque_frontRewrite|enabled_219                                                       ;        ;
; pifoEngines_0|deque_frontRewrite|enabled_75                                                        ;        ;
; pifoEngines_0|deque_frontRewrite|enabled_11                                                        ;        ;
; pifoEngines_0|deque_frontRewrite|enabled_203                                                       ;        ;
; pifoEngines_0|deque_frontRewrite|enabled_59                                                        ;        ;
; pifoEngines_0|deque_frontRewrite|enabled_187                                                       ;        ;
; pifoEngines_0|deque_frontRewrite|enabled_171                                                       ;        ;
; pifoEngines_0|deque_frontRewrite|enabled_123                                                       ;        ;
; pifoEngines_0|deque_frontRewrite|enabled_251                                                       ;        ;
; pifoEngines_0|deque_frontRewrite|enabled_22                                                        ;        ;
; pifoEngines_0|deque_frontRewrite|armed_126                                                         ;        ;
; pifoEngines_0|deque_frontRewrite|enabled_150                                                       ;        ;
; pifoEngines_0|deque_frontRewrite|enabled_146                                                       ;        ;
; pifoEngines_0|deque_frontRewrite|enabled_86                                                        ;        ;
; pifoEngines_0|deque_frontRewrite|enabled_214                                                       ;        ;
; pifoEngines_0|deque_frontRewrite|enabled_82                                                        ;        ;
; pifoEngines_0|deque_frontRewrite|enabled_18                                                        ;        ;
; pifoEngines_0|deque_frontRewrite|enabled_210                                                       ;        ;
; pifoEngines_0|deque_frontRewrite|enabled_74                                                        ;        ;
; pifoEngines_0|deque_frontRewrite|enabled_10                                                        ;        ;
; pifoEngines_0|deque_frontRewrite|enabled_202                                                       ;        ;
; pifoEngines_0|deque_frontRewrite|pending_186                                                       ;        ;
; pifoEngines_0|deque_frontRewrite|enabled_30                                                        ;        ;
; pifoEngines_0|deque_frontRewrite|enabled_158                                                       ;        ;
; pifoEngines_0|deque_frontRewrite|enabled_154                                                       ;        ;
; pifoEngines_0|deque_frontRewrite|enabled_94                                                        ;        ;
; pifoEngines_0|deque_frontRewrite|enabled_222                                                       ;        ;
; pifoEngines_0|deque_frontRewrite|enabled_90                                                        ;        ;
; pifoEngines_0|deque_frontRewrite|enabled_26                                                        ;        ;
; pifoEngines_0|deque_frontRewrite|enabled_218                                                       ;        ;
; pifoEngines_0|deque_frontRewrite|enabled_6                                                         ;        ;
; pifoEngines_0|deque_frontRewrite|enabled_134                                                       ;        ;
; pifoEngines_0|deque_frontRewrite|armed_186                                                         ;        ;
; pifoEngines_0|deque_frontRewrite|enabled_130                                                       ;        ;
; pifoEngines_0|deque_frontRewrite|enabled_70                                                        ;        ;
; pifoEngines_0|deque_frontRewrite|enabled_198                                                       ;        ;
; pifoEngines_0|deque_frontRewrite|enabled_66                                                        ;        ;
; pifoEngines_0|deque_frontRewrite|enabled_2                                                         ;        ;
; pifoEngines_0|deque_frontRewrite|enabled_194                                                       ;        ;
; pifoEngines_0|deque_frontRewrite|enabled_14                                                        ;        ;
; pifoEngines_0|deque_frontRewrite|enabled_142                                                       ;        ;
; pifoEngines_0|deque_frontRewrite|enabled_138                                                       ;        ;
; pifoEngines_0|deque_frontRewrite|enabled_78                                                        ;        ;
; pifoEngines_0|deque_frontRewrite|pending_190                                                       ;        ;
; pifoEngines_0|deque_frontRewrite|enabled_206                                                       ;        ;
; pifoEngines_0|deque_frontRewrite|enabled_36                                                        ;        ;
; pifoEngines_0|deque_frontRewrite|enabled_164                                                       ;        ;
; pifoEngines_0|deque_frontRewrite|enabled_160                                                       ;        ;
; pifoEngines_0|deque_frontRewrite|enabled_100                                                       ;        ;
; pifoEngines_0|deque_frontRewrite|enabled_228                                                       ;        ;
; pifoEngines_0|deque_frontRewrite|enabled_96                                                        ;        ;
; pifoEngines_0|deque_frontRewrite|enabled_32                                                        ;        ;
; pifoEngines_0|deque_frontRewrite|enabled_224                                                       ;        ;
; pifoEngines_0|deque_frontRewrite|enabled_44                                                        ;        ;
; streamFifo_53|logic_ptr_pop[9]                                                                     ;        ;
; pifoEngines_0|deque_frontRewrite|armed_190                                                         ;        ;
; pifoEngines_0|deque_frontRewrite|enabled_172                                                       ;        ;
; pifoEngines_0|deque_frontRewrite|enabled_168                                                       ;        ;
; pifoEngines_0|deque_frontRewrite|enabled_108                                                       ;        ;
; pifoEngines_0|deque_frontRewrite|enabled_236                                                       ;        ;
; pifoEngines_0|deque_frontRewrite|enabled_54                                                        ;        ;
; pifoEngines_0|deque_frontRewrite|enabled_182                                                       ;        ;
; pifoEngines_0|deque_frontRewrite|enabled_178                                                       ;        ;
; pifoEngines_0|deque_frontRewrite|enabled_118                                                       ;        ;
; pifoEngines_0|deque_frontRewrite|enabled_246                                                       ;        ;
; pifoEngines_0|deque_frontRewrite|enabled_114                                                       ;        ;
; pifoEngines_0|deque_frontRewrite|pending_62                                                        ;        ;
; pifoEngines_0|deque_frontRewrite|enabled_50                                                        ;        ;
; pifoEngines_0|deque_frontRewrite|enabled_242                                                       ;        ;
; pifoEngines_0|deque_frontRewrite|enabled_106                                                       ;        ;
; pifoEngines_0|deque_frontRewrite|enabled_42                                                        ;        ;
; pifoEngines_0|deque_frontRewrite|enabled_234                                                       ;        ;
; pifoEngines_0|deque_frontRewrite|enabled_62                                                        ;        ;
; pifoEngines_0|deque_frontRewrite|enabled_190                                                       ;        ;
; pifoEngines_0|deque_frontRewrite|enabled_186                                                       ;        ;
; pifoEngines_0|deque_frontRewrite|enabled_126                                                       ;        ;
; pifoEngines_0|deque_frontRewrite|enabled_254                                                       ;        ;
; pifoEngines_0|deque_frontRewrite|armed_62                                                          ;        ;
; pifoEngines_0|deque_frontRewrite|enabled_122                                                       ;        ;
; pifoEngines_0|deque_frontRewrite|enabled_58                                                        ;        ;
; pifoEngines_0|deque_frontRewrite|enabled_250                                                       ;        ;
; pifoEngines_0|deque_frontRewrite|enabled_38                                                        ;        ;
; pifoEngines_0|deque_frontRewrite|enabled_166                                                       ;        ;
; pifoEngines_0|deque_frontRewrite|enabled_162                                                       ;        ;
; pifoEngines_0|deque_frontRewrite|enabled_102                                                       ;        ;
; pifoEngines_0|deque_frontRewrite|enabled_230                                                       ;        ;
; pifoEngines_0|deque_frontRewrite|enabled_98                                                        ;        ;
; pifoEngines_0|deque_frontRewrite|enabled_34                                                        ;        ;
; pifoEngines_0|deque_frontRewrite|pending_236                                                       ;        ;
; pifoEngines_0|deque_frontRewrite|enabled_226                                                       ;        ;
; pifoEngines_0|deque_frontRewrite|enabled_46                                                        ;        ;
; pifoEngines_0|deque_frontRewrite|enabled_174                                                       ;        ;
; pifoEngines_0|deque_frontRewrite|enabled_170                                                       ;        ;
; pifoEngines_0|deque_frontRewrite|enabled_110                                                       ;        ;
; pifoEngines_0|deque_frontRewrite|enabled_238                                                       ;        ;
; pifoEngines_0|deque_frontRewrite|enabled_21                                                        ;        ;
; pifoEngines_0|deque_frontRewrite|enabled_149                                                       ;        ;
; pifoEngines_0|deque_frontRewrite|enabled_133                                                       ;        ;
; pifoEngines_0|deque_frontRewrite|enabled_85                                                        ;        ;
; pifoEngines_0|deque_frontRewrite|armed_236                                                         ;        ;
; pifoEngines_0|deque_frontRewrite|enabled_213                                                       ;        ;
; pifoEngines_0|deque_frontRewrite|enabled_69                                                        ;        ;
; pifoEngines_0|deque_frontRewrite|enabled_5                                                         ;        ;
; pifoEngines_0|deque_frontRewrite|enabled_197                                                       ;        ;
; pifoEngines_0|deque_frontRewrite|enabled_97                                                        ;        ;
; pifoEngines_0|deque_frontRewrite|enabled_33                                                        ;        ;
; pifoEngines_0|deque_frontRewrite|enabled_225                                                       ;        ;
; pifoEngines_0|deque_frontRewrite|enabled_53                                                        ;        ;
; pifoEngines_0|deque_frontRewrite|enabled_181                                                       ;        ;
; pifoEngines_0|deque_frontRewrite|enabled_165                                                       ;        ;
; pifoEngines_0|deque_frontRewrite|pending_108                                                       ;        ;
; pifoEngines_0|deque_frontRewrite|enabled_117                                                       ;        ;
; pifoEngines_0|deque_frontRewrite|enabled_245                                                       ;        ;
; pifoEngines_0|deque_frontRewrite|enabled_101                                                       ;        ;
; pifoEngines_0|deque_frontRewrite|enabled_37                                                        ;        ;
; pifoEngines_0|deque_frontRewrite|enabled_229                                                       ;        ;
; pifoEngines_0|deque_frontRewrite|enabled_17                                                        ;        ;
; pifoEngines_0|deque_frontRewrite|enabled_145                                                       ;        ;
; pifoEngines_0|deque_frontRewrite|enabled_129                                                       ;        ;
; pifoEngines_0|deque_frontRewrite|enabled_81                                                        ;        ;
; pifoEngines_0|deque_frontRewrite|enabled_209                                                       ;        ;
; pifoEngines_0|deque_frontRewrite|armed_108                                                         ;        ;
; pifoEngines_0|deque_frontRewrite|enabled_65                                                        ;        ;
; pifoEngines_0|deque_frontRewrite|enabled_1                                                         ;        ;
; pifoEngines_0|deque_frontRewrite|enabled_193                                                       ;        ;
; pifoEngines_0|deque_frontRewrite|enabled_49                                                        ;        ;
; pifoEngines_0|deque_frontRewrite|enabled_177                                                       ;        ;
; pifoEngines_0|deque_frontRewrite|enabled_161                                                       ;        ;
; pifoEngines_0|deque_frontRewrite|enabled_113                                                       ;        ;
; pifoEngines_0|deque_frontRewrite|enabled_241                                                       ;        ;
; pifoEngines_0|deque_frontRewrite|enabled_29                                                        ;        ;
; pifoEngines_0|deque_frontRewrite|enabled_157                                                       ;        ;
; pifoEngines_0|deque_frontRewrite|pending_168                                                       ;        ;
; pifoEngines_0|deque_frontRewrite|enabled_141                                                       ;        ;
; pifoEngines_0|deque_frontRewrite|enabled_93                                                        ;        ;
; pifoEngines_0|deque_frontRewrite|enabled_221                                                       ;        ;
; pifoEngines_0|deque_frontRewrite|enabled_77                                                        ;        ;
; pifoEngines_0|deque_frontRewrite|enabled_13                                                        ;        ;
; pifoEngines_0|deque_frontRewrite|enabled_205                                                       ;        ;
; pifoEngines_0|deque_frontRewrite|enabled_105                                                       ;        ;
; pifoEngines_0|deque_frontRewrite|enabled_41                                                        ;        ;
; pifoEngines_0|deque_frontRewrite|enabled_233                                                       ;        ;
; pifoEngines_0|deque_frontRewrite|enabled_61                                                        ;        ;
; pifoEngines_0|deque_frontRewrite|armed_168                                                         ;        ;
; pifoEngines_0|deque_frontRewrite|enabled_189                                                       ;        ;
; pifoEngines_0|deque_frontRewrite|enabled_173                                                       ;        ;
; pifoEngines_0|deque_frontRewrite|enabled_125                                                       ;        ;
; pifoEngines_0|deque_frontRewrite|enabled_253                                                       ;        ;
; pifoEngines_0|deque_frontRewrite|enabled_109                                                       ;        ;
; pifoEngines_0|deque_frontRewrite|enabled_45                                                        ;        ;
; pifoEngines_0|deque_frontRewrite|enabled_237                                                       ;        ;
; pifoEngines_0|deque_frontRewrite|enabled_20                                                        ;        ;
; pifoEngines_0|deque_frontRewrite|enabled_148                                                       ;        ;
; pifoEngines_0|deque_frontRewrite|enabled_144                                                       ;        ;
; pifoEngines_0|deque_frontRewrite|pending_172                                                       ;        ;
; pifoEngines_0|deque_frontRewrite|enabled_84                                                        ;        ;
; pifoEngines_0|deque_frontRewrite|enabled_212                                                       ;        ;
; pifoEngines_0|deque_frontRewrite|enabled_80                                                        ;        ;
; pifoEngines_0|deque_frontRewrite|enabled_16                                                        ;        ;
; pifoEngines_0|deque_frontRewrite|enabled_208                                                       ;        ;
; pifoEngines_0|deque_frontRewrite|enabled_72                                                        ;        ;
; pifoEngines_0|deque_frontRewrite|enabled_8                                                         ;        ;
; pifoEngines_0|deque_frontRewrite|enabled_200                                                       ;        ;
; pifoEngines_0|deque_frontRewrite|enabled_28                                                        ;        ;
; pifoEngines_0|deque_frontRewrite|enabled_156                                                       ;        ;
; reserved[14]                                                                                       ;        ;
; streamFifo_53|logic_pop_sync_popReg[9]                                                             ;        ;
; pifoEngines_0|deque_frontRewrite|armed_172                                                         ;        ;
; pifoEngines_0|deque_frontRewrite|enabled_152                                                       ;        ;
; pifoEngines_0|deque_frontRewrite|enabled_92                                                        ;        ;
; pifoEngines_0|deque_frontRewrite|enabled_220                                                       ;        ;
; pifoEngines_0|deque_frontRewrite|enabled_88                                                        ;        ;
; pifoEngines_0|deque_frontRewrite|enabled_24                                                        ;        ;
; pifoEngines_0|deque_frontRewrite|enabled_216                                                       ;        ;
; pifoEngines_0|deque_frontRewrite|enabled_4                                                         ;        ;
; pifoEngines_0|deque_frontRewrite|enabled_132                                                       ;        ;
; pifoEngines_0|deque_frontRewrite|enabled_128                                                       ;        ;
; pifoEngines_0|deque_frontRewrite|enabled_68                                                        ;        ;
; pifoEngines_0|deque_frontRewrite|pending_44                                                        ;        ;
; pifoEngines_0|deque_frontRewrite|enabled_196                                                       ;        ;
; pifoEngines_0|deque_frontRewrite|enabled_64                                                        ;        ;
; pifoEngines_0|deque_frontRewrite|enabled_0                                                         ;        ;
; pifoEngines_0|deque_frontRewrite|enabled_192                                                       ;        ;
; pifoEngines_0|deque_frontRewrite|enabled_12                                                        ;        ;
; pifoEngines_0|deque_frontRewrite|enabled_140                                                       ;        ;
; pifoEngines_0|deque_frontRewrite|enabled_136                                                       ;        ;
; pifoEngines_0|deque_frontRewrite|enabled_76                                                        ;        ;
; pifoEngines_0|deque_frontRewrite|enabled_204                                                       ;        ;
; pifoEngines_0|deque_frontRewrite|enabled_52                                                        ;        ;
; pifoEngines_0|deque_frontRewrite|armed_44                                                          ;        ;
; pifoEngines_0|deque_frontRewrite|enabled_180                                                       ;        ;
; pifoEngines_0|deque_frontRewrite|enabled_176                                                       ;        ;
; pifoEngines_0|deque_frontRewrite|enabled_116                                                       ;        ;
; pifoEngines_0|deque_frontRewrite|enabled_244                                                       ;        ;
; pifoEngines_0|deque_frontRewrite|enabled_112                                                       ;        ;
; pifoEngines_0|deque_frontRewrite|enabled_48                                                        ;        ;
; pifoEngines_0|deque_frontRewrite|enabled_240                                                       ;        ;
; pifoEngines_0|deque_frontRewrite|enabled_104                                                       ;        ;
; pifoEngines_0|deque_frontRewrite|enabled_40                                                        ;        ;
; pifoEngines_0|deque_frontRewrite|enabled_232                                                       ;        ;
; pifoEngines_0|deque_frontRewrite|pending_224                                                       ;        ;
; pifoEngines_0|deque_frontRewrite|enabled_60                                                        ;        ;
; pifoEngines_0|deque_frontRewrite|enabled_188                                                       ;        ;
; pifoEngines_0|deque_frontRewrite|enabled_184                                                       ;        ;
; pifoEngines_0|deque_frontRewrite|enabled_124                                                       ;        ;
; pifoEngines_0|deque_frontRewrite|enabled_252                                                       ;        ;
; pifoEngines_0|deque_frontRewrite|enabled_120                                                       ;        ;
; pifoEngines_0|deque_frontRewrite|enabled_56                                                        ;        ;
; pifoEngines_0|deque_frontRewrite|enabled_248                                                       ;        ;
; xbar|io_inputs_3_fifo|fifo|logic_ram~19                                                            ;        ;
; xbar|io_inputs_3_fifo|fifo|logic_ram_rtl_0_bypass[14]                                              ;        ;
; pifoEngines_0|deque_frontRewrite|armed_224                                                         ;        ;
; xbar|io_inputs_2_fifo|fifo|logic_ram~19                                                            ;        ;
; xbar|io_inputs_2_fifo|fifo|logic_ram_rtl_0_bypass[14]                                              ;        ;
; xbar|io_inputs_1_fifo|fifo|logic_ram~19                                                            ;        ;
; xbar|io_inputs_1_fifo|fifo|logic_ram_rtl_0_bypass[14]                                              ;        ;
; xbar|io_inputs_0_fifo|fifo|logic_ram~19                                                            ;        ;
; xbar|io_inputs_3_fifo|fifo|logic_ram~15                                                            ;        ;
; xbar|io_inputs_3_fifo|fifo|logic_ram_rtl_0_bypass[10]                                              ;        ;
; xbar|io_inputs_2_fifo|fifo|logic_ram~15                                                            ;        ;
; xbar|io_inputs_2_fifo|fifo|logic_ram_rtl_0_bypass[10]                                              ;        ;
; xbar|io_inputs_1_fifo|fifo|logic_ram~15                                                            ;        ;
; pifoEngines_0|deque_frontRewrite|pending_32                                                        ;        ;
; xbar|io_inputs_1_fifo|fifo|logic_ram_rtl_0_bypass[10]                                              ;        ;
; xbar|io_inputs_0_fifo|fifo|logic_ram~15                                                            ;        ;
; xbar|io_inputs_4_fifo|fifo|logic_ram~15                                                            ;        ;
; xbar|io_inputs_4_fifo|fifo|logic_ram_rtl_0_bypass[10]                                              ;        ;
; xbar|io_inputs_5_fifo|fifo|logic_ram~15                                                            ;        ;
; xbar|io_inputs_5_fifo|fifo|logic_ram_rtl_0_bypass[10]                                              ;        ;
; xbar|_zz_io_outputs_1_payload_vPifoId[0]                                                           ;        ;
; xbar|io_inputs_3_fifo|fifo|logic_ram~16                                                            ;        ;
; xbar|io_inputs_3_fifo|fifo|logic_ram_rtl_0_bypass[11]                                              ;        ;
; xbar|io_inputs_2_fifo|fifo|logic_ram~16                                                            ;        ;
; pifoEngines_0|deque_frontRewrite|armed_32                                                          ;        ;
; xbar|io_inputs_2_fifo|fifo|logic_ram_rtl_0_bypass[11]                                              ;        ;
; xbar|io_inputs_1_fifo|fifo|logic_ram~16                                                            ;        ;
; xbar|io_inputs_1_fifo|fifo|logic_ram_rtl_0_bypass[11]                                              ;        ;
; xbar|io_inputs_0_fifo|fifo|logic_ram~16                                                            ;        ;
; xbar|io_inputs_4_fifo|fifo|logic_ram~16                                                            ;        ;
; xbar|io_inputs_4_fifo|fifo|logic_ram_rtl_0_bypass[11]                                              ;        ;
; xbar|io_inputs_5_fifo|fifo|logic_ram~16                                                            ;        ;
; xbar|io_inputs_5_fifo|fifo|logic_ram_rtl_0_bypass[11]                                              ;        ;
; xbar|_zz_io_outputs_1_payload_vPifoId[1]                                                           ;        ;
; xbar|io_inputs_3_fifo|fifo|logic_ram~18                                                            ;        ;
; pifoEngines_0|deque_frontRewrite|pending_96                                                        ;        ;
; xbar|io_inputs_3_fifo|fifo|logic_ram_rtl_0_bypass[13]                                              ;        ;
; xbar|io_inputs_2_fifo|fifo|logic_ram~18                                                            ;        ;
; xbar|io_inputs_2_fifo|fifo|logic_ram_rtl_0_bypass[13]                                              ;        ;
; xbar|io_inputs_1_fifo|fifo|logic_ram~18                                                            ;        ;
; xbar|io_inputs_1_fifo|fifo|logic_ram_rtl_0_bypass[13]                                              ;        ;
; xbar|io_inputs_0_fifo|fifo|logic_ram~18                                                            ;        ;
; xbar|io_inputs_4_fifo|fifo|logic_ram~18                                                            ;        ;
; xbar|io_inputs_4_fifo|fifo|logic_ram_rtl_0_bypass[13]                                              ;        ;
; xbar|io_inputs_5_fifo|fifo|logic_ram~18                                                            ;        ;
; xbar|io_inputs_5_fifo|fifo|logic_ram_rtl_0_bypass[13]                                              ;        ;
; pifoEngines_0|deque_frontRewrite|armed_96                                                          ;        ;
; xbar|_zz_io_outputs_1_payload_vPifoId[3]                                                           ;        ;
; xbar|io_inputs_3_fifo|fifo|logic_ram~22                                                            ;        ;
; xbar|io_inputs_3_fifo|fifo|logic_ram_rtl_0_bypass[17]                                              ;        ;
; xbar|io_inputs_2_fifo|fifo|logic_ram~22                                                            ;        ;
; xbar|io_inputs_2_fifo|fifo|logic_ram_rtl_0_bypass[17]                                              ;        ;
; xbar|io_inputs_1_fifo|fifo|logic_ram~22                                                            ;        ;
; xbar|io_inputs_1_fifo|fifo|logic_ram_rtl_0_bypass[17]                                              ;        ;
; xbar|io_inputs_0_fifo|fifo|logic_ram~22                                                            ;        ;
; xbar|io_inputs_4_fifo|fifo|logic_ram~22                                                            ;        ;
; xbar|io_inputs_4_fifo|fifo|logic_ram_rtl_0_bypass[17]                                              ;        ;
; pifoEngines_0|deque_frontRewrite|pending_228                                                       ;        ;
; xbar|io_inputs_5_fifo|fifo|logic_ram~22                                                            ;        ;
; xbar|io_inputs_5_fifo|fifo|logic_ram_rtl_0_bypass[17]                                              ;        ;
; xbar|_zz_io_outputs_1_payload_vPifoId[7]                                                           ;        ;
; xbar|io_inputs_3_fifo|fifo|logic_ram~21                                                            ;        ;
; xbar|io_inputs_3_fifo|fifo|logic_ram_rtl_0_bypass[16]                                              ;        ;
; xbar|io_inputs_2_fifo|fifo|logic_ram~21                                                            ;        ;
; xbar|io_inputs_2_fifo|fifo|logic_ram_rtl_0_bypass[16]                                              ;        ;
; xbar|io_inputs_1_fifo|fifo|logic_ram~21                                                            ;        ;
; xbar|io_inputs_1_fifo|fifo|logic_ram_rtl_0_bypass[16]                                              ;        ;
; xbar|io_inputs_0_fifo|fifo|logic_ram~21                                                            ;        ;
; streamFifo_53|logic_ptr_pop[8]                                                                     ;        ;
; pifoEngines_0|deque_frontRewrite|armed_228                                                         ;        ;
; xbar|io_inputs_4_fifo|fifo|logic_ram~21                                                            ;        ;
; xbar|io_inputs_4_fifo|fifo|logic_ram_rtl_0_bypass[16]                                              ;        ;
; xbar|io_inputs_5_fifo|fifo|logic_ram~21                                                            ;        ;
; xbar|io_inputs_5_fifo|fifo|logic_ram_rtl_0_bypass[16]                                              ;        ;
; xbar|_zz_io_outputs_1_payload_vPifoId[6]                                                           ;        ;
; xbar|io_inputs_3_fifo|fifo|logic_ram~17                                                            ;        ;
; xbar|io_inputs_3_fifo|fifo|logic_ram_rtl_0_bypass[12]                                              ;        ;
; xbar|io_inputs_2_fifo|fifo|logic_ram~17                                                            ;        ;
; xbar|io_inputs_2_fifo|fifo|logic_ram_rtl_0_bypass[12]                                              ;        ;
; xbar|io_inputs_1_fifo|fifo|logic_ram~17                                                            ;        ;
; pifoEngines_0|deque_frontRewrite|pending_100                                                       ;        ;
; xbar|io_inputs_1_fifo|fifo|logic_ram_rtl_0_bypass[12]                                              ;        ;
; xbar|io_inputs_0_fifo|fifo|logic_ram~17                                                            ;        ;
; xbar|io_inputs_4_fifo|fifo|logic_ram~17                                                            ;        ;
; xbar|io_inputs_4_fifo|fifo|logic_ram_rtl_0_bypass[12]                                              ;        ;
; xbar|io_inputs_5_fifo|fifo|logic_ram~17                                                            ;        ;
; xbar|io_inputs_5_fifo|fifo|logic_ram_rtl_0_bypass[12]                                              ;        ;
; xbar|_zz_io_outputs_1_payload_vPifoId[2]                                                           ;        ;
; xbar|io_inputs_3_fifo|fifo|logic_ram~20                                                            ;        ;
; xbar|io_inputs_3_fifo|fifo|logic_ram_rtl_0_bypass[15]                                              ;        ;
; xbar|io_inputs_2_fifo|fifo|logic_ram~20                                                            ;        ;
; pifoEngines_0|deque_frontRewrite|armed_100                                                         ;        ;
; xbar|io_inputs_2_fifo|fifo|logic_ram_rtl_0_bypass[15]                                              ;        ;
; xbar|io_inputs_1_fifo|fifo|logic_ram~20                                                            ;        ;
; xbar|io_inputs_1_fifo|fifo|logic_ram_rtl_0_bypass[15]                                              ;        ;
; xbar|io_inputs_0_fifo|fifo|logic_ram~20                                                            ;        ;
; xbar|streamArbiter_23|maskLocked_1                                                                 ;        ;
; xbar|streamArbiter_23|maskLocked_5                                                                 ;        ;
; xbar|streamArbiter_23|maskLocked_3                                                                 ;        ;
; xbar|streamArbiter_23|maskLocked_2                                                                 ;        ;
; xbar|io_inputs_4_fifo|fifo|logic_ram~20                                                            ;        ;
; xbar|io_inputs_4_fifo|fifo|logic_ram_rtl_0_bypass[15]                                              ;        ;
; pifoEngines_0|deque_frontRewrite|pending_160                                                       ;        ;
; xbar|io_inputs_5_fifo|fifo|logic_ram~20                                                            ;        ;
; xbar|io_inputs_5_fifo|fifo|logic_ram_rtl_0_bypass[15]                                              ;        ;
; xbar|_zz_io_outputs_1_payload_vPifoId[5]                                                           ;        ;
; xbar|streamArbiter_23|locked                                                                       ;        ;
; xbar|streamArbiter_23|maskLocked_4                                                                 ;        ;
; xbar|_zz_io_outputs_1_payload_vPifoId[4]                                                           ;        ;
; xbar|io_inputs_0_fifo|fifo|logic_ram~11                                                            ;        ;
; xbar|io_inputs_0_fifo|fifo|logic_ram~12                                                            ;        ;
; xbar|io_inputs_0_fifo|fifo|logic_ptr_pop[2]                                                        ;        ;
; xbar|io_inputs_0_fifo|fifo|logic_ptr_push[2]                                                       ;        ;
; pifoEngines_0|deque_frontRewrite|armed_160                                                         ;        ;
; xbar|io_inputs_3_fifo|fifo|logic_ram~12                                                            ;        ;
; xbar|io_inputs_3_fifo|fifo|logic_ram_rtl_0_bypass[7]                                               ;        ;
; xbar|io_inputs_3_fifo|fifo|logic_ram~13                                                            ;        ;
; xbar|io_inputs_3_fifo|fifo|logic_ram_rtl_0_bypass[8]                                               ;        ;
; xbar|streamArbiter_22|maskLocked_3                                                                 ;        ;
; xbar|io_inputs_3_fifo|fifo|logic_ram~11                                                            ;        ;
; xbar|io_inputs_3_fifo|fifo|logic_ram~14                                                            ;        ;
; xbar|io_inputs_3_fifo|fifo|logic_ram_rtl_0_bypass[0]                                               ;        ;
; xbar|io_inputs_3_fifo|fifo|logic_ram_rtl_0_bypass[6]                                               ;        ;
; xbar|io_inputs_3_fifo|fifo|logic_ram_rtl_0_bypass[5]                                               ;        ;
; pifoEngines_0|deque_frontRewrite|pending_164                                                       ;        ;
; xbar|io_inputs_3_fifo|fifo|logic_ptr_pop[1]                                                        ;        ;
; xbar|io_inputs_3_fifo|fifo|logic_ram_rtl_0_bypass[4]                                               ;        ;
; xbar|io_inputs_3_fifo|fifo|logic_ptr_push[1]                                                       ;        ;
; xbar|io_inputs_3_fifo|fifo|logic_ram_rtl_0_bypass[3]                                               ;        ;
; pifoEngines_2|deque_dequeMapper|banks_0_rtl_0|auto_generated|altera_syncram_impl1|address_reg_b[2] ;        ;
; pifoEngines_2|deque_dequeMapper|banks_0_rtl_0|auto_generated|altera_syncram_impl1|address_reg_b[3] ;        ;
; pifoEngines_2|deque_dequeMapper|banks_0_rtl_0|auto_generated|altera_syncram_impl1|address_reg_b[1] ;        ;
; pifoEngines_2|deque_dequeMapper|banks_0_rtl_0|auto_generated|altera_syncram_impl1|address_reg_b[5] ;        ;
; pifoEngines_2|deque_dequeMapper|banks_0_rtl_0|auto_generated|altera_syncram_impl1|address_reg_b[4] ;        ;
; pifoEngines_2|deque_dequeMapper|banks_0_rtl_0|auto_generated|altera_syncram_impl1|address_reg_b[0] ;        ;
; pifoEngines_0|deque_frontRewrite|armed_164                                                         ;        ;
; pifoEngines_2|deque_dequeMapper|banks_0_rtl_0|auto_generated|altera_syncram_impl1|address_reg_b[7] ;        ;
; pifoEngines_2|deque_dequeMapper|banks_0_rtl_0|auto_generated|altera_syncram_impl1|address_reg_b[6] ;        ;
; pifoEngines_2|deque_dequeMapper|banks_1_rtl_0|auto_generated|altera_syncram_impl1|address_reg_b[2] ;        ;
; pifoEngines_2|deque_dequeMapper|banks_1_rtl_0|auto_generated|altera_syncram_impl1|address_reg_b[3] ;        ;
; pifoEngines_2|deque_dequeMapper|banks_1_rtl_0|auto_generated|altera_syncram_impl1|address_reg_b[7] ;        ;
; pifoEngines_2|deque_dequeMapper|banks_1_rtl_0|auto_generated|altera_syncram_impl1|address_reg_b[1] ;        ;
; pifoEngines_2|deque_dequeMapper|banks_1_rtl_0|auto_generated|altera_syncram_impl1|address_reg_b[0] ;        ;
; pifoEngines_2|deque_dequeMapper|banks_1_rtl_0|auto_generated|altera_syncram_impl1|address_reg_b[6] ;        ;
; pifoEngines_2|deque_dequeMapper|banks_1_rtl_0|auto_generated|altera_syncram_impl1|address_reg_b[5] ;        ;
; pifoEngines_2|deque_dequeMapper|banks_1_rtl_0|auto_generated|altera_syncram_impl1|address_reg_b[4] ;        ;
; pifoEngines_0|deque_frontRewrite|pending_36                                                        ;        ;
; pifoEngines_2|io_outputs_2_fifo|fifo|logic_ptr_pop[1]                                              ;        ;
; pifoEngines_2|io_outputs_2_fifo|fifo|logic_ptr_push[1]                                             ;        ;
; pifoEngines_2|io_outputs_2_fifo|fifo|logic_ptr_pop[0]                                              ;        ;
; pifoEngines_2|io_outputs_2_fifo|fifo|logic_ptr_push[0]                                             ;        ;
; pifoEngines_2|deque_existingPop_fork|logic_linkEnable_0                                            ;        ;
; pifoEngines_2|deque_dequeMapper|requestedBank                                                      ;        ;
; xbar|io_inputs_3_fifo|fifo|logic_ram_rtl_0_bypass[9]                                               ;        ;
; xbar|io_inputs_3_fifo|fifo|logic_ram_rtl_0_bypass[2]                                               ;        ;
; xbar|io_inputs_3_fifo|fifo|logic_ram_rtl_0_bypass[1]                                               ;        ;
; xbar|io_inputs_3_fifo|fifo|logic_ptr_pop[0]                                                        ;        ;
; pifoEngines_0|deque_frontRewrite|armed_36                                                          ;        ;
; xbar|io_inputs_3_fifo|fifo|logic_ptr_pop[2]                                                        ;        ;
; xbar|io_inputs_3_fifo|fifo|logic_ptr_pop[3]                                                        ;        ;
; xbar|io_inputs_3_fifo|fifo|logic_ptr_push[0]                                                       ;        ;
; xbar|io_inputs_3_fifo|fifo|logic_ptr_push[2]                                                       ;        ;
; xbar|io_inputs_3_fifo|fifo|logic_ptr_push[3]                                                       ;        ;
; xbar|io_inputs_1_fifo|fifo|logic_ram~14                                                            ;        ;
; xbar|io_inputs_1_fifo|fifo|logic_ram_rtl_0_bypass[9]                                               ;        ;
; xbar|io_inputs_1_fifo|fifo|logic_ram~11                                                            ;        ;
; xbar|io_inputs_1_fifo|fifo|logic_ram~12                                                            ;        ;
; xbar|io_inputs_1_fifo|fifo|logic_ram_rtl_0_bypass[0]                                               ;        ;
; pifoEngines_0|deque_frontRewrite|pending_206                                                       ;        ;
; xbar|io_inputs_1_fifo|fifo|logic_ptr_pop[2]                                                        ;        ;
; xbar|io_inputs_1_fifo|fifo|logic_ram_rtl_0_bypass[6]                                               ;        ;
; xbar|io_inputs_1_fifo|fifo|logic_ram_rtl_0_bypass[5]                                               ;        ;
; xbar|io_inputs_1_fifo|fifo|logic_ram_rtl_0_bypass[4]                                               ;        ;
; xbar|io_inputs_1_fifo|fifo|logic_ram_rtl_0_bypass[3]                                               ;        ;
; pifoEngines_0|deque_dequeMapper|banks_1_rtl_0|auto_generated|altera_syncram_impl1|address_reg_b[7] ;        ;
; pifoEngines_0|deque_dequeMapper|banks_1_rtl_0|auto_generated|altera_syncram_impl1|address_reg_b[6] ;        ;
; pifoEngines_0|deque_dequeMapper|banks_1_rtl_0|auto_generated|altera_syncram_impl1|address_reg_b[1] ;        ;
; pifoEngines_0|deque_dequeMapper|banks_1_rtl_0|auto_generated|altera_syncram_impl1|address_reg_b[0] ;        ;
; pifoEngines_0|deque_dequeMapper|banks_1_rtl_0|auto_generated|altera_syncram_impl1|address_reg_b[4] ;        ;
; streamFifo_53|logic_pop_sync_popReg[8]                                                             ;        ;
; pifoEngines_0|deque_frontRewrite|armed_206                                                         ;        ;
; pifoEngines_0|deque_dequeMapper|banks_1_rtl_0|auto_generated|altera_syncram_impl1|address_reg_b[5] ;        ;
; pifoEngines_0|deque_dequeMapper|banks_1_rtl_0|auto_generated|altera_syncram_impl1|address_reg_b[3] ;        ;
; pifoEngines_0|deque_dequeMapper|banks_1_rtl_0|auto_generated|altera_syncram_impl1|address_reg_b[2] ;        ;
; pifoEngines_0|deque_dequeMapper|banks_0_rtl_0|auto_generated|altera_syncram_impl1|address_reg_b[7] ;        ;
; pifoEngines_0|deque_dequeMapper|banks_0_rtl_0|auto_generated|altera_syncram_impl1|address_reg_b[6] ;        ;
; pifoEngines_0|deque_dequeMapper|banks_0_rtl_0|auto_generated|altera_syncram_impl1|address_reg_b[1] ;        ;
; pifoEngines_0|deque_dequeMapper|banks_0_rtl_0|auto_generated|altera_syncram_impl1|address_reg_b[0] ;        ;
; pifoEngines_0|deque_dequeMapper|banks_0_rtl_0|auto_generated|altera_syncram_impl1|address_reg_b[3] ;        ;
; pifoEngines_0|deque_dequeMapper|banks_0_rtl_0|auto_generated|altera_syncram_impl1|address_reg_b[2] ;        ;
; pifoEngines_0|deque_dequeMapper|banks_0_rtl_0|auto_generated|altera_syncram_impl1|address_reg_b[5] ;        ;
; pifoEngines_0|deque_frontRewrite|pending_198                                                       ;        ;
; pifoEngines_0|deque_dequeMapper|banks_0_rtl_0|auto_generated|altera_syncram_impl1|address_reg_b[4] ;        ;
; pifoEngines_0|deque_dequeMapper|requestedBank                                                      ;        ;
; xbar|io_inputs_1_fifo|fifo|logic_ram_rtl_0_bypass[7]                                               ;        ;
; xbar|io_inputs_2_fifo|fifo|logic_ram~12                                                            ;        ;
; xbar|io_inputs_2_fifo|fifo|logic_ram_rtl_0_bypass[7]                                               ;        ;
; xbar|io_inputs_2_fifo|fifo|logic_ram~13                                                            ;        ;
; xbar|io_inputs_2_fifo|fifo|logic_ram_rtl_0_bypass[8]                                               ;        ;
; xbar|streamArbiter_27|maskLocked_5                                                                 ;        ;
; xbar|io_inputs_4_fifo|fifo|logic_ram~19                                                            ;        ;
; xbar|io_inputs_4_fifo|fifo|logic_ram_rtl_0_bypass[14]                                              ;        ;
; pifoEngines_0|deque_frontRewrite|armed_198                                                         ;        ;
; xbar|io_inputs_5_fifo|fifo|logic_ram~19                                                            ;        ;
; xbar|io_inputs_5_fifo|fifo|logic_ram_rtl_0_bypass[14]                                              ;        ;
; xbar|_zz_io_outputs_5_payload_vPifoId[4]                                                           ;        ;
; xbar|streamArbiter_27|maskLocked_0                                                                 ;        ;
; xbar|io_inputs_0_fifo|fifo|logic_ptr_pop[1]                                                        ;        ;
; xbar|io_inputs_0_fifo|fifo|logic_ram_rtl_0_bypass[4]                                               ;        ;
; xbar|io_inputs_0_fifo|fifo|logic_ptr_push[1]                                                       ;        ;
; xbar|io_inputs_0_fifo|fifo|logic_ram_rtl_0_bypass[3]                                               ;        ;
; xbar|io_inputs_0_fifo|fifo|logic_ram_rtl_0_bypass[0]                                               ;        ;
; xbar|streamArbiter_22|maskLocked_0                                                                 ;        ;
; pifoEngines_0|deque_frontRewrite|pending_138                                                       ;        ;
; xbar|io_inputs_0_fifo|fifo|logic_ram_rtl_0_bypass[2]                                               ;        ;
; xbar|io_inputs_0_fifo|fifo|logic_ram_rtl_0_bypass[1]                                               ;        ;
; xbar|io_inputs_0_fifo|fifo|logic_ptr_pop[0]                                                        ;        ;
; xbar|io_inputs_0_fifo|fifo|logic_ptr_pop[3]                                                        ;        ;
; xbar|io_inputs_0_fifo|fifo|logic_ptr_push[0]                                                       ;        ;
; xbar|io_inputs_0_fifo|fifo|logic_ptr_push[3]                                                       ;        ;
; xbar|_zz_io_outputs_5_valid_1                                                                      ;        ;
; xbar|streamArbiter_27|locked                                                                       ;        ;
; xbar|io_inputs_1_fifo|fifo|logic_ram_rtl_0_bypass[2]                                               ;        ;
; xbar|io_inputs_1_fifo|fifo|logic_ram_rtl_0_bypass[1]                                               ;        ;
; pifoEngines_0|deque_frontRewrite|armed_138                                                         ;        ;
; xbar|streamArbiter_22|maskLocked_2                                                                 ;        ;
; xbar|io_inputs_2_fifo|fifo|logic_ram~11                                                            ;        ;
; xbar|io_inputs_2_fifo|fifo|logic_ram~14                                                            ;        ;
; xbar|io_inputs_2_fifo|fifo|logic_ram_rtl_0_bypass[0]                                               ;        ;
; xbar|io_inputs_2_fifo|fifo|logic_ram_rtl_0_bypass[6]                                               ;        ;
; xbar|io_inputs_2_fifo|fifo|logic_ram_rtl_0_bypass[5]                                               ;        ;
; xbar|io_inputs_2_fifo|fifo|logic_ptr_pop[1]                                                        ;        ;
; xbar|io_inputs_2_fifo|fifo|logic_ram_rtl_0_bypass[4]                                               ;        ;
; xbar|io_inputs_2_fifo|fifo|logic_ptr_push[1]                                                       ;        ;
; xbar|io_inputs_2_fifo|fifo|logic_ram_rtl_0_bypass[3]                                               ;        ;
; pifoEngines_0|deque_frontRewrite|pending_202                                                       ;        ;
; pifoEngines_1|deque_dequeMapper|banks_0_rtl_0|auto_generated|altera_syncram_impl1|address_reg_b[2] ;        ;
; pifoEngines_1|deque_dequeMapper|banks_0_rtl_0|auto_generated|altera_syncram_impl1|address_reg_b[3] ;        ;
; pifoEngines_1|deque_dequeMapper|banks_0_rtl_0|auto_generated|altera_syncram_impl1|address_reg_b[1] ;        ;
; pifoEngines_1|deque_dequeMapper|banks_0_rtl_0|auto_generated|altera_syncram_impl1|address_reg_b[5] ;        ;
; pifoEngines_1|deque_dequeMapper|banks_0_rtl_0|auto_generated|altera_syncram_impl1|address_reg_b[4] ;        ;
; pifoEngines_1|deque_dequeMapper|banks_0_rtl_0|auto_generated|altera_syncram_impl1|address_reg_b[0] ;        ;
; pifoEngines_1|deque_dequeMapper|banks_0_rtl_0|auto_generated|altera_syncram_impl1|address_reg_b[7] ;        ;
; pifoEngines_1|deque_dequeMapper|banks_0_rtl_0|auto_generated|altera_syncram_impl1|address_reg_b[6] ;        ;
; pifoEngines_1|deque_dequeMapper|banks_1_rtl_0|auto_generated|altera_syncram_impl1|address_reg_b[2] ;        ;
; pifoEngines_1|deque_dequeMapper|banks_1_rtl_0|auto_generated|altera_syncram_impl1|address_reg_b[3] ;        ;
; pifoEngines_0|deque_frontRewrite|armed_202                                                         ;        ;
; pifoEngines_1|deque_dequeMapper|banks_1_rtl_0|auto_generated|altera_syncram_impl1|address_reg_b[7] ;        ;
; pifoEngines_1|deque_dequeMapper|banks_1_rtl_0|auto_generated|altera_syncram_impl1|address_reg_b[1] ;        ;
; pifoEngines_1|deque_dequeMapper|banks_1_rtl_0|auto_generated|altera_syncram_impl1|address_reg_b[0] ;        ;
; pifoEngines_1|deque_dequeMapper|banks_1_rtl_0|auto_generated|altera_syncram_impl1|address_reg_b[6] ;        ;
; pifoEngines_1|deque_dequeMapper|banks_1_rtl_0|auto_generated|altera_syncram_impl1|address_reg_b[5] ;        ;
; pifoEngines_1|deque_dequeMapper|banks_1_rtl_0|auto_generated|altera_syncram_impl1|address_reg_b[4] ;        ;
; pifoEngines_1|io_outputs_2_fifo|fifo|logic_ptr_pop[1]                                              ;        ;
; pifoEngines_1|io_outputs_2_fifo|fifo|logic_ptr_push[1]                                             ;        ;
; pifoEngines_1|io_outputs_2_fifo|fifo|logic_ptr_pop[0]                                              ;        ;
; pifoEngines_1|io_outputs_2_fifo|fifo|logic_ptr_push[0]                                             ;        ;
; pifoEngines_0|deque_frontRewrite|pending_194                                                       ;        ;
; pifoEngines_1|deque_existingPop_fork|logic_linkEnable_0                                            ;        ;
; pifoEngines_1|deque_dequeMapper|requestedBank                                                      ;        ;
; xbar|io_inputs_2_fifo|fifo|logic_ram_rtl_0_bypass[9]                                               ;        ;
; xbar|io_inputs_2_fifo|fifo|logic_ram_rtl_0_bypass[2]                                               ;        ;
; xbar|io_inputs_2_fifo|fifo|logic_ram_rtl_0_bypass[1]                                               ;        ;
; xbar|io_inputs_2_fifo|fifo|logic_ptr_pop[0]                                                        ;        ;
; xbar|io_inputs_2_fifo|fifo|logic_ptr_pop[2]                                                        ;        ;
; xbar|io_inputs_2_fifo|fifo|logic_ptr_pop[3]                                                        ;        ;
; xbar|io_inputs_2_fifo|fifo|logic_ptr_push[0]                                                       ;        ;
; xbar|io_inputs_2_fifo|fifo|logic_ptr_push[2]                                                       ;        ;
; pifoEngines_0|deque_frontRewrite|armed_194                                                         ;        ;
; xbar|io_inputs_2_fifo|fifo|logic_ptr_push[3]                                                       ;        ;
; xbar|io_inputs_5_fifo|fifo|logic_ram~12                                                            ;        ;
; xbar|io_inputs_5_fifo|fifo|logic_ram_rtl_0_bypass[7]                                               ;        ;
; xbar|io_inputs_5_fifo|fifo|logic_ram~13                                                            ;        ;
; xbar|io_inputs_5_fifo|fifo|logic_ram_rtl_0_bypass[8]                                               ;        ;
; xbar|streamArbiter_22|maskLocked_5                                                                 ;        ;
; xbar|io_inputs_5_fifo|fifo|logic_ram~11                                                            ;        ;
; xbar|io_inputs_5_fifo|fifo|logic_ram~14                                                            ;        ;
; xbar|io_inputs_5_fifo|fifo|logic_ram_rtl_0_bypass[9]                                               ;        ;
; pifoEngines_4|deque_dequeMapper|banks_0_rtl_0|auto_generated|altera_syncram_impl1|address_reg_b[2] ;        ;
; pifoEngines_0|deque_frontRewrite|pending_14                                                        ;        ;
; pifoEngines_4|deque_dequeMapper|banks_0_rtl_0|auto_generated|altera_syncram_impl1|address_reg_b[3] ;        ;
; pifoEngines_4|deque_dequeMapper|banks_0_rtl_0|auto_generated|altera_syncram_impl1|address_reg_b[1] ;        ;
; pifoEngines_4|deque_dequeMapper|banks_0_rtl_0|auto_generated|altera_syncram_impl1|address_reg_b[5] ;        ;
; pifoEngines_4|deque_dequeMapper|banks_0_rtl_0|auto_generated|altera_syncram_impl1|address_reg_b[4] ;        ;
; pifoEngines_4|deque_dequeMapper|banks_0_rtl_0|auto_generated|altera_syncram_impl1|address_reg_b[0] ;        ;
; pifoEngines_4|deque_dequeMapper|banks_0_rtl_0|auto_generated|altera_syncram_impl1|address_reg_b[7] ;        ;
; pifoEngines_4|deque_dequeMapper|banks_0_rtl_0|auto_generated|altera_syncram_impl1|address_reg_b[6] ;        ;
; pifoEngines_4|deque_dequeMapper|banks_1_rtl_0|auto_generated|altera_syncram_impl1|address_reg_b[2] ;        ;
; pifoEngines_4|deque_dequeMapper|banks_1_rtl_0|auto_generated|altera_syncram_impl1|address_reg_b[3] ;        ;
; pifoEngines_4|deque_dequeMapper|banks_1_rtl_0|auto_generated|altera_syncram_impl1|address_reg_b[7] ;        ;
; streamFifo_53|logic_ptr_pop[14]                                                                    ;        ;
; pifoEngines_0|deque_frontRewrite|armed_14                                                          ;        ;
; pifoEngines_4|deque_dequeMapper|banks_1_rtl_0|auto_generated|altera_syncram_impl1|address_reg_b[1] ;        ;
; pifoEngines_4|deque_dequeMapper|banks_1_rtl_0|auto_generated|altera_syncram_impl1|address_reg_b[0] ;        ;
; pifoEngines_4|deque_dequeMapper|banks_1_rtl_0|auto_generated|altera_syncram_impl1|address_reg_b[6] ;        ;
; pifoEngines_4|deque_dequeMapper|banks_1_rtl_0|auto_generated|altera_syncram_impl1|address_reg_b[5] ;        ;
; pifoEngines_4|deque_dequeMapper|banks_1_rtl_0|auto_generated|altera_syncram_impl1|address_reg_b[4] ;        ;
; pifoEngines_4|io_outputs_2_fifo|fifo|logic_ptr_pop[1]                                              ;        ;
; pifoEngines_4|io_outputs_2_fifo|fifo|logic_ptr_push[1]                                             ;        ;
; pifoEngines_4|io_outputs_2_fifo|fifo|logic_ptr_pop[0]                                              ;        ;
; pifoEngines_4|io_outputs_2_fifo|fifo|logic_ptr_push[0]                                             ;        ;
; pifoEngines_4|deque_existingPop_fork|logic_linkEnable_0                                            ;        ;
; pifoEngines_0|deque_frontRewrite|pending_2                                                         ;        ;
; pifoEngines_4|deque_dequeMapper|requestedBank                                                      ;        ;
; xbar|io_inputs_5_fifo|fifo|logic_ptr_pop[1]                                                        ;        ;
; xbar|io_inputs_5_fifo|fifo|logic_ram_rtl_0_bypass[4]                                               ;        ;
; xbar|io_inputs_5_fifo|fifo|logic_ptr_push[1]                                                       ;        ;
; xbar|io_inputs_5_fifo|fifo|logic_ram_rtl_0_bypass[3]                                               ;        ;
; xbar|io_inputs_5_fifo|fifo|logic_ram_rtl_0_bypass[2]                                               ;        ;
; xbar|io_inputs_5_fifo|fifo|logic_ram_rtl_0_bypass[1]                                               ;        ;
; xbar|io_inputs_5_fifo|fifo|logic_ram_rtl_0_bypass[0]                                               ;        ;
; xbar|io_inputs_5_fifo|fifo|logic_ram_rtl_0_bypass[6]                                               ;        ;
; xbar|io_inputs_5_fifo|fifo|logic_ram_rtl_0_bypass[5]                                               ;        ;
; pifoEngines_0|deque_frontRewrite|armed_2                                                           ;        ;
; xbar|io_inputs_5_fifo|fifo|logic_ptr_pop[0]                                                        ;        ;
; xbar|io_inputs_5_fifo|fifo|logic_ptr_pop[2]                                                        ;        ;
; xbar|io_inputs_5_fifo|fifo|logic_ptr_pop[3]                                                        ;        ;
; xbar|io_inputs_5_fifo|fifo|logic_ptr_push[0]                                                       ;        ;
; xbar|io_inputs_5_fifo|fifo|logic_ptr_push[2]                                                       ;        ;
; xbar|io_inputs_5_fifo|fifo|logic_ptr_push[3]                                                       ;        ;
; xbar|io_inputs_4_fifo|fifo|logic_ram~12                                                            ;        ;
; xbar|io_inputs_4_fifo|fifo|logic_ram_rtl_0_bypass[7]                                               ;        ;
; xbar|io_inputs_4_fifo|fifo|logic_ram~13                                                            ;        ;
; xbar|io_inputs_4_fifo|fifo|logic_ram_rtl_0_bypass[8]                                               ;        ;
; pifoEngines_0|deque_frontRewrite|pending_6                                                         ;        ;
; xbar|_zz_io_outputs_1_valid_1                                                                      ;        ;
; xbar|io_inputs_4_fifo|fifo|logic_ram~11                                                            ;        ;
; xbar|io_inputs_4_fifo|fifo|logic_ram~14                                                            ;        ;
; xbar|io_inputs_4_fifo|fifo|logic_ram_rtl_0_bypass[0]                                               ;        ;
; xbar|io_inputs_4_fifo|fifo|logic_ptr_pop[1]                                                        ;        ;
; xbar|io_inputs_4_fifo|fifo|logic_ram_rtl_0_bypass[4]                                               ;        ;
; xbar|io_inputs_4_fifo|fifo|logic_ptr_push[1]                                                       ;        ;
; xbar|io_inputs_4_fifo|fifo|logic_ram_rtl_0_bypass[3]                                               ;        ;
; xbar|io_inputs_4_fifo|fifo|logic_ram_rtl_0_bypass[2]                                               ;        ;
; xbar|io_inputs_4_fifo|fifo|logic_ram_rtl_0_bypass[1]                                               ;        ;
; pifoEngines_0|deque_frontRewrite|armed_6                                                           ;        ;
; pifoEngines_3|deque_dequeMapper|banks_0_rtl_0|auto_generated|altera_syncram_impl1|address_reg_b[2] ;        ;
; pifoEngines_3|deque_dequeMapper|banks_0_rtl_0|auto_generated|altera_syncram_impl1|address_reg_b[3] ;        ;
; pifoEngines_3|deque_dequeMapper|banks_0_rtl_0|auto_generated|altera_syncram_impl1|address_reg_b[1] ;        ;
; pifoEngines_3|deque_dequeMapper|banks_0_rtl_0|auto_generated|altera_syncram_impl1|address_reg_b[5] ;        ;
; pifoEngines_3|deque_dequeMapper|banks_0_rtl_0|auto_generated|altera_syncram_impl1|address_reg_b[4] ;        ;
; pifoEngines_3|deque_dequeMapper|banks_0_rtl_0|auto_generated|altera_syncram_impl1|address_reg_b[0] ;        ;
; pifoEngines_3|deque_dequeMapper|banks_0_rtl_0|auto_generated|altera_syncram_impl1|address_reg_b[7] ;        ;
; pifoEngines_3|deque_dequeMapper|banks_0_rtl_0|auto_generated|altera_syncram_impl1|address_reg_b[6] ;        ;
; pifoEngines_3|deque_dequeMapper|banks_1_rtl_0|auto_generated|altera_syncram_impl1|address_reg_b[2] ;        ;
; pifoEngines_3|deque_dequeMapper|banks_1_rtl_0|auto_generated|altera_syncram_impl1|address_reg_b[3] ;        ;
; pifoEngines_0|deque_frontRewrite|pending_78                                                        ;        ;
; pifoEngines_3|deque_dequeMapper|banks_1_rtl_0|auto_generated|altera_syncram_impl1|address_reg_b[7] ;        ;
; pifoEngines_3|deque_dequeMapper|banks_1_rtl_0|auto_generated|altera_syncram_impl1|address_reg_b[1] ;        ;
; pifoEngines_3|deque_dequeMapper|banks_1_rtl_0|auto_generated|altera_syncram_impl1|address_reg_b[0] ;        ;
; pifoEngines_3|deque_dequeMapper|banks_1_rtl_0|auto_generated|altera_syncram_impl1|address_reg_b[6] ;        ;
; pifoEngines_3|deque_dequeMapper|banks_1_rtl_0|auto_generated|altera_syncram_impl1|address_reg_b[5] ;        ;
; pifoEngines_3|deque_dequeMapper|banks_1_rtl_0|auto_generated|altera_syncram_impl1|address_reg_b[4] ;        ;
; pifoEngines_3|io_outputs_2_fifo|fifo|logic_ptr_pop[1]                                              ;        ;
; pifoEngines_3|io_outputs_2_fifo|fifo|logic_ptr_push[1]                                             ;        ;
; pifoEngines_3|io_outputs_2_fifo|fifo|logic_ptr_pop[0]                                              ;        ;
; pifoEngines_3|io_outputs_2_fifo|fifo|logic_ptr_push[0]                                             ;        ;
; pifoEngines_0|deque_frontRewrite|armed_78                                                          ;        ;
; pifoEngines_3|deque_existingPop_fork|logic_linkEnable_0                                            ;        ;
; pifoEngines_3|deque_dequeMapper|requestedBank                                                      ;        ;
; xbar|io_inputs_4_fifo|fifo|logic_ram_rtl_0_bypass[9]                                               ;        ;
; xbar|io_inputs_4_fifo|fifo|logic_ram_rtl_0_bypass[6]                                               ;        ;
; xbar|io_inputs_4_fifo|fifo|logic_ram_rtl_0_bypass[5]                                               ;        ;
; xbar|io_inputs_4_fifo|fifo|logic_ptr_pop[0]                                                        ;        ;
; xbar|io_inputs_4_fifo|fifo|logic_ptr_pop[2]                                                        ;        ;
; xbar|io_inputs_4_fifo|fifo|logic_ptr_pop[3]                                                        ;        ;
; xbar|io_inputs_4_fifo|fifo|logic_ptr_push[0]                                                       ;        ;
; xbar|io_inputs_4_fifo|fifo|logic_ptr_push[2]                                                       ;        ;
; pifoEngines_0|deque_frontRewrite|pending_70                                                        ;        ;
; xbar|io_inputs_4_fifo|fifo|logic_ptr_push[3]                                                       ;        ;
; xbar|_zz_io_outputs_0_valid_1                                                                      ;        ;
; xbar|streamArbiter_22|locked                                                                       ;        ;
; xbar|io_inputs_1_fifo|fifo|logic_ptr_pop[1]                                                        ;        ;
; xbar|io_inputs_1_fifo|fifo|logic_ptr_pop[0]                                                        ;        ;
; xbar|io_inputs_1_fifo|fifo|logic_ptr_pop[3]                                                        ;        ;
; xbar|io_inputs_1_fifo|fifo|logic_ptr_push[2]                                                       ;        ;
; xbar|io_inputs_1_fifo|fifo|logic_ptr_push[1]                                                       ;        ;
; xbar|io_inputs_1_fifo|fifo|logic_ptr_push[0]                                                       ;        ;
; xbar|io_inputs_1_fifo|fifo|logic_ptr_push[3]                                                       ;        ;
; pifoEngines_0|deque_frontRewrite|armed_70                                                          ;        ;
; pifoEngines_0|io_outputs_2_fifo|fifo|logic_ptr_pop[1]                                              ;        ;
; pifoEngines_0|io_outputs_2_fifo|fifo|logic_ptr_push[1]                                             ;        ;
; pifoEngines_0|io_outputs_2_fifo|fifo|logic_ptr_pop[0]                                              ;        ;
; pifoEngines_0|io_outputs_2_fifo|fifo|logic_ptr_push[0]                                             ;        ;
; pifoEngines_0|deque_existingPop_fork|logic_linkEnable_0                                            ;        ;
; pifoEngines_0|enque_brain|brainStateUpdate_toStream_fifo|fifo|logic_ptr_pop[1]                     ;        ;
; pifoEngines_0|enque_brain|brainStateUpdate_toStream_fifo|fifo|logic_ptr_push[1]                    ;        ;
; pifoEngines_0|enque_brain|brainStateUpdate_toStream_fifo|fifo|logic_ptr_pop[0]                     ;        ;
; pifoEngines_0|enque_brain|brainStateUpdate_toStream_fifo|fifo|logic_ptr_push[0]                    ;        ;
; pifoEngines_0|enque_brain|brainStateUpdate_toStream_fifo|fifo|logic_ram~8                          ;        ;
; pifoEngines_0|deque_frontRewrite|pending_10                                                        ;        ;
; pifoEngines_0|enque_brain|brainStateUpdate_toStream_fifo|fifo|logic_ram~24                         ;        ;
; pifoEngines_0|enque_brain|brainStateMem_io_readRes_toStream_fifo|fifo|logic_ram~0                  ;        ;
; pifoEngines_0|enque_brain|brainStateMem_io_readRes_toStream_fifo|fifo|logic_ram~8                  ;        ;
; pifoEngines_0|enque_brain|flowStateUpdate_toStream_fifo|fifo|logic_ptr_pop[1]                      ;        ;
; pifoEngines_0|enque_brain|flowStateUpdate_toStream_fifo|fifo|logic_ptr_push[1]                     ;        ;
; pifoEngines_0|enque_brain|flowStateUpdate_toStream_fifo|fifo|logic_ptr_pop[0]                      ;        ;
; pifoEngines_0|enque_brain|flowStateUpdate_toStream_fifo|fifo|logic_ptr_push[0]                     ;        ;
; pifoEngines_0|enque_brain|flowStateUpdate_toStream_fifo|fifo|logic_ram~19                          ;        ;
; pifoEngines_0|enque_brain|flowStateUpdate_toStream_fifo|fifo|logic_ram~46                          ;        ;
; pifoEngines_0|enque_brain|flowStateUpdate_toStream_fifo|fifo|logic_ram~20                          ;        ;
; streamFifo_53|logic_pop_sync_popReg[14]                                                            ;        ;
; pifoEngines_0|deque_frontRewrite|armed_10                                                          ;        ;
; pifoEngines_0|enque_brain|flowStateUpdate_toStream_fifo|fifo|logic_ram~47                          ;        ;
; pifoEngines_0|enque_brain|engineCAM_io_readRes_toStream_fifo|fifo|logic_ram~1                      ;        ;
; pifoEngines_0|enque_brain|engineCAM_io_readRes_toStream_fifo|fifo|logic_ram~9                      ;        ;
; pifoEngines_0|enque_brain|engineCAM_io_readRes_toStream_fifo|fifo|logic_ram~2                      ;        ;
; pifoEngines_0|enque_brain|flowStateUpdate_toStream_fifo|fifo|logic_ram~21                          ;        ;
; pifoEngines_0|enque_brain|flowStateUpdate_toStream_fifo|fifo|logic_ram~48                          ;        ;
; pifoEngines_0|enque_brain|engineCAM_io_readRes_toStream_fifo|fifo|logic_ram~10                     ;        ;
; pifoEngines_0|enque_brain|flowStateUpdate_toStream_fifo|fifo|logic_ram~22                          ;        ;
; pifoEngines_0|enque_brain|flowStateUpdate_toStream_fifo|fifo|logic_ram~49                          ;        ;
; pifoEngines_0|enque_brain|engineCAM_io_readRes_toStream_fifo|fifo|logic_ram~3                      ;        ;
; pifoEngines_0|deque_frontRewrite|pending_74                                                        ;        ;
; pifoEngines_0|enque_brain|engineCAM_io_readRes_toStream_fifo|fifo|logic_ram~11                     ;        ;
; pifoEngines_0|enque_brain|flowStateUpdate_toStream_fifo|fifo|logic_ram~26                          ;        ;
; pifoEngines_0|enque_brain|flowStateUpdate_toStream_fifo|fifo|logic_ram~53                          ;        ;
; pifoEngines_0|enque_brain|engineCAM_io_readRes_toStream_fifo|fifo|logic_ram~7                      ;        ;
; pifoEngines_0|enque_brain|engineCAM_io_readRes_toStream_fifo|fifo|logic_ram~15                     ;        ;
; pifoEngines_0|enque_brain|engineCAM_io_readRes_toStream_fifo|fifo|logic_ram~6                      ;        ;
; pifoEngines_0|enque_brain|flowStateUpdate_toStream_fifo|fifo|logic_ram~25                          ;        ;
; pifoEngines_0|enque_brain|flowStateUpdate_toStream_fifo|fifo|logic_ram~52                          ;        ;
; pifoEngines_0|enque_brain|engineCAM_io_readRes_toStream_fifo|fifo|logic_ram~5                      ;        ;
; pifoEngines_0|enque_brain|flowStateUpdate_toStream_fifo|fifo|logic_ram~24                          ;        ;
; pifoEngines_0|deque_frontRewrite|armed_74                                                          ;        ;
; pifoEngines_0|enque_brain|flowStateUpdate_toStream_fifo|fifo|logic_ram~51                          ;        ;
; pifoEngines_0|enque_brain|engineCAM_io_readRes_toStream_fifo|fifo|logic_ram~13                     ;        ;
; pifoEngines_0|enque_brain|engineCAM_io_readRes_toStream_fifo|fifo|logic_ram~4                      ;        ;
; pifoEngines_0|enque_brain|flowStateUpdate_toStream_fifo|fifo|logic_ram~23                          ;        ;
; pifoEngines_0|enque_brain|flowStateUpdate_toStream_fifo|fifo|logic_ram~50                          ;        ;
; pifoEngines_0|enque_brain|engineCAM_io_readRes_toStream_fifo|fifo|logic_ram~12                     ;        ;
; pifoEngines_0|enque_brain|engineCAM_io_readRes_toStream_fifo|fifo|logic_ram~14                     ;        ;
; pifoEngines_0|enque_brain|engineCAM_io_readRes_toStream_fifo|fifo|logic_ram~0                      ;        ;
; pifoEngines_0|enque_brain|engineCAM_io_readRes_toStream_fifo|fifo|logic_ram~8                      ;        ;
; pifoEngines_0|enque_brain|brainStateMem_io_readRes_toStream_fifo|fifo|logic_ram~1                  ;        ;
; pifoEngines_0|deque_frontRewrite|pending_66                                                        ;        ;
; pifoEngines_0|enque_brain|brainStateMem_io_readRes_toStream_fifo|fifo|logic_ram~9                  ;        ;
; pifoEngines_0|enque_brain|brainStateUpdate_toStream_fifo|fifo|logic_ram~9                          ;        ;
; pifoEngines_0|enque_brain|brainStateUpdate_toStream_fifo|fifo|logic_ram~25                         ;        ;
; pifoEngines_0|enque_brain|brainStateMem_io_readRes_toStream_fifo|fifo|logic_ram~2                  ;        ;
; pifoEngines_0|enque_brain|brainStateMem_io_readRes_toStream_fifo|fifo|logic_ram~10                 ;        ;
; pifoEngines_0|enque_brain|brainStateUpdate_toStream_fifo|fifo|logic_ram~10                         ;        ;
; pifoEngines_0|enque_brain|brainStateUpdate_toStream_fifo|fifo|logic_ram~26                         ;        ;
; pifoEngines_0|enque_brain|brainStateMem_io_readRes_toStream_fifo|fifo|logic_ram~3                  ;        ;
; pifoEngines_0|enque_brain|brainStateMem_io_readRes_toStream_fifo|fifo|logic_ram~11                 ;        ;
; pifoEngines_0|enque_brain|brainStateUpdate_toStream_fifo|fifo|logic_ram~11                         ;        ;
; pifoEngines_0|deque_frontRewrite|armed_66                                                          ;        ;
; pifoEngines_0|enque_brain|brainStateUpdate_toStream_fifo|fifo|logic_ram~27                         ;        ;
; pifoEngines_0|enque_brain|brainStateMem_io_readRes_toStream_fifo|fifo|logic_ram~4                  ;        ;
; pifoEngines_0|enque_brain|brainStateMem_io_readRes_toStream_fifo|fifo|logic_ram~12                 ;        ;
; pifoEngines_0|enque_brain|brainStateUpdate_toStream_fifo|fifo|logic_ram~12                         ;        ;
; pifoEngines_0|enque_brain|brainStateUpdate_toStream_fifo|fifo|logic_ram~28                         ;        ;
; pifoEngines_0|enque_brain|brainStateUpdate_toStream_fifo|fifo|logic_ram~13                         ;        ;
; pifoEngines_0|enque_brain|brainStateUpdate_toStream_fifo|fifo|logic_ram~29                         ;        ;
; pifoEngines_0|enque_brain|brainStateMem_io_readRes_toStream_fifo|fifo|logic_ram~5                  ;        ;
; pifoEngines_0|enque_brain|brainStateMem_io_readRes_toStream_fifo|fifo|logic_ram~13                 ;        ;
; pifoEngines_0|enque_brain|brainStateUpdate_toStream_fifo|fifo|logic_ram~14                         ;        ;
; pifoEngines_0|deque_frontRewrite|pending_158                                                       ;        ;
; pifoEngines_0|enque_brain|brainStateUpdate_toStream_fifo|fifo|logic_ram~30                         ;        ;
; pifoEngines_0|enque_brain|brainStateMem_io_readRes_toStream_fifo|fifo|logic_ram~6                  ;        ;
; pifoEngines_0|enque_brain|brainStateMem_io_readRes_toStream_fifo|fifo|logic_ram~14                 ;        ;
; pifoEngines_0|enque_brain|brainStateMem_io_readRes_toStream_fifo|fifo|logic_ram~7                  ;        ;
; pifoEngines_0|enque_brain|brainStateMem_io_readRes_toStream_fifo|fifo|logic_ram~15                 ;        ;
; pifoEngines_0|enque_brain|brainStateUpdate_toStream_fifo|fifo|logic_ram~15                         ;        ;
; pifoEngines_0|enque_brain|brainStateUpdate_toStream_fifo|fifo|logic_ram~31                         ;        ;
; pifoEngines_1|enque_enqueMapper|activeBank                                                         ;        ;
; pifoEngines_1|enque_flowIdStream_fifo|fifo|logic_ptr_push[1]                                       ;        ;
; pifoEngines_1|enque_flowIdStream_fifo|fifo|logic_ptr_pop[1]                                        ;        ;
; pifoEngines_0|deque_frontRewrite|armed_158                                                         ;        ;
; pifoEngines_1|enque_brain|io_outputs_4_fifo|fifo|logic_ptr_pop[1]                                  ;        ;
; pifoEngines_1|enque_brain|io_outputs_4_fifo|fifo|logic_ptr_push[1]                                 ;        ;
; pifoEngines_1|enque_brain|lastVirtualMapper_io_readRes_toStream_fifo|fifo|logic_ptr_push[1]        ;        ;
; pifoEngines_1|enque_brain|lastVirtualMapper_io_readRes_toStream_fifo|fifo|logic_ptr_pop[1]         ;        ;
; pifoEngines_1|enque_brain|lastVirtualMapper_io_readRes_toStream_fifo|fifo|logic_ptr_pop[0]         ;        ;
; pifoEngines_1|enque_brain|lastVirtualMapper_io_readRes_toStream_fifo|fifo|logic_ptr_push[0]        ;        ;
; pifoEngines_1|enque_brain|engineMapper_io_readRes_toStream_fifo|fifo|logic_ptr_push[1]             ;        ;
; pifoEngines_1|enque_brain|engineMapper_io_readRes_toStream_fifo|fifo|logic_ptr_pop[1]              ;        ;
; pifoEngines_1|enque_brain|engineMapper_io_readRes_toStream_fifo|fifo|logic_ptr_pop[0]              ;        ;
; pifoEngines_1|enque_brain|engineMapper_io_readRes_toStream_fifo|fifo|logic_ptr_push[0]             ;        ;
; pifoEngines_0|deque_frontRewrite|pending_146                                                       ;        ;
; pifoEngines_1|enque_brain|engineMapper|io_readReq_valid_regNext                                    ;        ;
; pifoEngines_1|enque_brain|lastVirtualMapper|io_readReq_valid_regNext                               ;        ;
; pifoEngines_1|enque_brain|engineCAM_io_readRes_toStream_fifo|fifo|logic_ptr_pop[1]                 ;        ;
; pifoEngines_1|enque_brain|engineCAM_io_readRes_toStream_fifo|fifo|logic_ptr_push[1]                ;        ;
; pifoEngines_1|enque_brain|engineCAM_io_readRes_toStream_fifo|fifo|logic_ptr_push[0]                ;        ;
; pifoEngines_1|enque_brain|engineCAM_io_readRes_toStream_fifo|fifo|logic_ptr_pop[0]                 ;        ;
; pifoEngines_1|enque_brain|brainStateMem_io_readRes_toStream_fifo|fifo|logic_ptr_pop[1]             ;        ;
; pifoEngines_1|enque_brain|brainStateMem_io_readRes_toStream_fifo|fifo|logic_ptr_push[1]            ;        ;
; pifoEngines_1|enque_brain|brainStateMem_io_readRes_toStream_fifo|fifo|logic_ptr_push[0]            ;        ;
; pifoEngines_1|enque_brain|brainStateMem_io_readRes_toStream_fifo|fifo|logic_ptr_pop[0]             ;        ;
; pifoEngines_0|deque_frontRewrite|armed_146                                                         ;        ;
; pifoEngines_1|enque_brain|engineCAM|io_readReq_valid_regNext                                       ;        ;
; pifoEngines_1|enque_brain|io_request_fork|logic_linkEnable_0                                       ;        ;
; pifoEngines_1|enque_brain|brainStateMem|io_readReq_valid_regNext                                   ;        ;
; pifoEngines_1|enque_enqueMapper|io_readReq_valid_regNext                                           ;        ;
; pifoEngines_1|enque_brain|io_outputs_4_fifo|fifo|logic_ptr_pop[0]                                  ;        ;
; pifoEngines_1|enque_brain|io_outputs_4_fifo|fifo|logic_ptr_push[0]                                 ;        ;
; pifoEngines_1|enque_flowIdStream_fifo|fifo|logic_ptr_pop[0]                                        ;        ;
; pifoEngines_1|enque_flowIdStream_fifo|fifo|logic_ptr_push[0]                                       ;        ;
; pifoEngines_1|io_enqueRequest_fork2_logic_linkEnable_0                                             ;        ;
; pifoEngines_1|enque_brain|brainStateUpdate_toStream_fifo|fifo|logic_ptr_pop[1]                     ;        ;
; pifoEngines_0|deque_frontRewrite|pending_150                                                       ;        ;
; pifoEngines_1|enque_brain|brainStateUpdate_toStream_fifo|fifo|logic_ptr_push[1]                    ;        ;
; pifoEngines_1|enque_brain|brainStateUpdate_toStream_fifo|fifo|logic_ptr_pop[0]                     ;        ;
; pifoEngines_1|enque_brain|brainStateUpdate_toStream_fifo|fifo|logic_ptr_push[0]                    ;        ;
; pifoEngines_1|enque_brain|brainStateUpdate_toStream_fifo|fifo|logic_ram~8                          ;        ;
; pifoEngines_1|enque_brain|brainStateUpdate_toStream_fifo|fifo|logic_ram~24                         ;        ;
; pifoEngines_1|enque_brain|brainStateMem_io_readRes_toStream_fifo|fifo|logic_ram~0                  ;        ;
; pifoEngines_1|enque_brain|brainStateMem_io_readRes_toStream_fifo|fifo|logic_ram~8                  ;        ;
; pifoEngines_1|enque_brain|flowStateUpdate_toStream_fifo|fifo|logic_ptr_pop[1]                      ;        ;
; pifoEngines_1|enque_brain|flowStateUpdate_toStream_fifo|fifo|logic_ptr_push[1]                     ;        ;
; pifoEngines_1|enque_brain|flowStateUpdate_toStream_fifo|fifo|logic_ptr_pop[0]                      ;        ;
; streamFifo_53|logic_ptr_push[8]                                                                    ;        ;
; pifoEngines_0|deque_frontRewrite|armed_150                                                         ;        ;
; pifoEngines_1|enque_brain|flowStateUpdate_toStream_fifo|fifo|logic_ptr_push[0]                     ;        ;
; pifoEngines_1|enque_brain|flowStateUpdate_toStream_fifo|fifo|logic_ram~19                          ;        ;
; pifoEngines_1|enque_brain|flowStateUpdate_toStream_fifo|fifo|logic_ram~46                          ;        ;
; pifoEngines_1|enque_brain|flowStateUpdate_toStream_fifo|fifo|logic_ram~20                          ;        ;
; pifoEngines_1|enque_brain|flowStateUpdate_toStream_fifo|fifo|logic_ram~47                          ;        ;
; pifoEngines_1|enque_brain|engineCAM_io_readRes_toStream_fifo|fifo|logic_ram~1                      ;        ;
; pifoEngines_1|enque_brain|engineCAM_io_readRes_toStream_fifo|fifo|logic_ram~9                      ;        ;
; pifoEngines_1|enque_brain|engineCAM_io_readRes_toStream_fifo|fifo|logic_ram~2                      ;        ;
; pifoEngines_1|enque_brain|flowStateUpdate_toStream_fifo|fifo|logic_ram~21                          ;        ;
; pifoEngines_1|enque_brain|flowStateUpdate_toStream_fifo|fifo|logic_ram~48                          ;        ;
; pifoEngines_0|deque_frontRewrite|pending_222                                                       ;        ;
; pifoEngines_1|enque_brain|engineCAM_io_readRes_toStream_fifo|fifo|logic_ram~10                     ;        ;
; pifoEngines_1|enque_brain|flowStateUpdate_toStream_fifo|fifo|logic_ram~22                          ;        ;
; pifoEngines_1|enque_brain|flowStateUpdate_toStream_fifo|fifo|logic_ram~49                          ;        ;
; pifoEngines_1|enque_brain|engineCAM_io_readRes_toStream_fifo|fifo|logic_ram~3                      ;        ;
; pifoEngines_1|enque_brain|engineCAM_io_readRes_toStream_fifo|fifo|logic_ram~11                     ;        ;
; pifoEngines_1|enque_brain|flowStateUpdate_toStream_fifo|fifo|logic_ram~26                          ;        ;
; pifoEngines_1|enque_brain|flowStateUpdate_toStream_fifo|fifo|logic_ram~53                          ;        ;
; pifoEngines_1|enque_brain|engineCAM_io_readRes_toStream_fifo|fifo|logic_ram~7                      ;        ;
; pifoEngines_1|enque_brain|engineCAM_io_readRes_toStream_fifo|fifo|logic_ram~15                     ;        ;
; pifoEngines_1|enque_brain|engineCAM_io_readRes_toStream_fifo|fifo|logic_ram~6                      ;        ;
; pifoEngines_0|deque_frontRewrite|armed_222                                                         ;        ;
; pifoEngines_1|enque_brain|flowStateUpdate_toStream_fifo|fifo|logic_ram~25                          ;        ;
; pifoEngines_1|enque_brain|flowStateUpdate_toStream_fifo|fifo|logic_ram~52                          ;        ;
; pifoEngines_1|enque_brain|engineCAM_io_readRes_toStream_fifo|fifo|logic_ram~5                      ;        ;
; pifoEngines_1|enque_brain|flowStateUpdate_toStream_fifo|fifo|logic_ram~24                          ;        ;
; pifoEngines_1|enque_brain|flowStateUpdate_toStream_fifo|fifo|logic_ram~51                          ;        ;
; pifoEngines_1|enque_brain|engineCAM_io_readRes_toStream_fifo|fifo|logic_ram~13                     ;        ;
; pifoEngines_1|enque_brain|engineCAM_io_readRes_toStream_fifo|fifo|logic_ram~4                      ;        ;
; pifoEngines_1|enque_brain|flowStateUpdate_toStream_fifo|fifo|logic_ram~23                          ;        ;
; pifoEngines_1|enque_brain|flowStateUpdate_toStream_fifo|fifo|logic_ram~50                          ;        ;
; pifoEngines_1|enque_brain|engineCAM_io_readRes_toStream_fifo|fifo|logic_ram~12                     ;        ;
; pifoEngines_0|deque_frontRewrite|pending_214                                                       ;        ;
; pifoEngines_1|enque_brain|engineCAM_io_readRes_toStream_fifo|fifo|logic_ram~14                     ;        ;
; pifoEngines_1|enque_brain|engineCAM_io_readRes_toStream_fifo|fifo|logic_ram~0                      ;        ;
; pifoEngines_1|enque_brain|engineCAM_io_readRes_toStream_fifo|fifo|logic_ram~8                      ;        ;
; pifoEngines_1|enque_brain|brainStateMem_io_readRes_toStream_fifo|fifo|logic_ram~1                  ;        ;
; pifoEngines_1|enque_brain|brainStateMem_io_readRes_toStream_fifo|fifo|logic_ram~9                  ;        ;
; pifoEngines_1|enque_brain|brainStateUpdate_toStream_fifo|fifo|logic_ram~9                          ;        ;
; pifoEngines_1|enque_brain|brainStateUpdate_toStream_fifo|fifo|logic_ram~25                         ;        ;
; pifoEngines_1|enque_brain|brainStateMem_io_readRes_toStream_fifo|fifo|logic_ram~2                  ;        ;
; pifoEngines_1|enque_brain|brainStateMem_io_readRes_toStream_fifo|fifo|logic_ram~10                 ;        ;
; pifoEngines_1|enque_brain|brainStateUpdate_toStream_fifo|fifo|logic_ram~10                         ;        ;
; pifoEngines_0|deque_frontRewrite|armed_214                                                         ;        ;
; pifoEngines_1|enque_brain|brainStateUpdate_toStream_fifo|fifo|logic_ram~26                         ;        ;
; pifoEngines_1|enque_brain|brainStateMem_io_readRes_toStream_fifo|fifo|logic_ram~3                  ;        ;
; pifoEngines_1|enque_brain|brainStateMem_io_readRes_toStream_fifo|fifo|logic_ram~11                 ;        ;
; pifoEngines_1|enque_brain|brainStateUpdate_toStream_fifo|fifo|logic_ram~11                         ;        ;
; pifoEngines_1|enque_brain|brainStateUpdate_toStream_fifo|fifo|logic_ram~27                         ;        ;
; pifoEngines_1|enque_brain|brainStateMem_io_readRes_toStream_fifo|fifo|logic_ram~4                  ;        ;
; pifoEngines_1|enque_brain|brainStateMem_io_readRes_toStream_fifo|fifo|logic_ram~12                 ;        ;
; pifoEngines_1|enque_brain|brainStateUpdate_toStream_fifo|fifo|logic_ram~12                         ;        ;
; pifoEngines_1|enque_brain|brainStateUpdate_toStream_fifo|fifo|logic_ram~28                         ;        ;
; pifoEngines_1|enque_brain|brainStateUpdate_toStream_fifo|fifo|logic_ram~13                         ;        ;
; pifoEngines_0|deque_frontRewrite|pending_154                                                       ;        ;
; pifoEngines_1|enque_brain|brainStateUpdate_toStream_fifo|fifo|logic_ram~29                         ;        ;
; pifoEngines_1|enque_brain|brainStateMem_io_readRes_toStream_fifo|fifo|logic_ram~5                  ;        ;
; pifoEngines_1|enque_brain|brainStateMem_io_readRes_toStream_fifo|fifo|logic_ram~13                 ;        ;
; pifoEngines_1|enque_brain|brainStateUpdate_toStream_fifo|fifo|logic_ram~14                         ;        ;
; pifoEngines_1|enque_brain|brainStateUpdate_toStream_fifo|fifo|logic_ram~30                         ;        ;
; pifoEngines_1|enque_brain|brainStateMem_io_readRes_toStream_fifo|fifo|logic_ram~6                  ;        ;
; pifoEngines_1|enque_brain|brainStateMem_io_readRes_toStream_fifo|fifo|logic_ram~14                 ;        ;
; pifoEngines_1|enque_brain|brainStateMem_io_readRes_toStream_fifo|fifo|logic_ram~7                  ;        ;
; pifoEngines_1|enque_brain|brainStateMem_io_readRes_toStream_fifo|fifo|logic_ram~15                 ;        ;
; pifoEngines_1|enque_brain|brainStateUpdate_toStream_fifo|fifo|logic_ram~15                         ;        ;
; pifoEngines_0|deque_frontRewrite|armed_154                                                         ;        ;
; pifoEngines_1|enque_brain|brainStateUpdate_toStream_fifo|fifo|logic_ram~31                         ;        ;
; pifoEngines_2|enque_enqueMapper|activeBank                                                         ;        ;
; pifoEngines_2|enque_flowIdStream_fifo|fifo|logic_ptr_push[1]                                       ;        ;
; pifoEngines_2|enque_flowIdStream_fifo|fifo|logic_ptr_pop[1]                                        ;        ;
; pifoEngines_2|enque_brain|io_outputs_4_fifo|fifo|logic_ptr_pop[1]                                  ;        ;
; pifoEngines_2|enque_brain|io_outputs_4_fifo|fifo|logic_ptr_push[1]                                 ;        ;
; pifoEngines_2|enque_brain|lastVirtualMapper_io_readRes_toStream_fifo|fifo|logic_ptr_push[1]        ;        ;
; pifoEngines_2|enque_brain|lastVirtualMapper_io_readRes_toStream_fifo|fifo|logic_ptr_pop[1]         ;        ;
; pifoEngines_2|enque_brain|lastVirtualMapper_io_readRes_toStream_fifo|fifo|logic_ptr_push[0]        ;        ;
; pifoEngines_2|enque_brain|lastVirtualMapper_io_readRes_toStream_fifo|fifo|logic_ptr_pop[0]         ;        ;
; pifoEngines_0|deque_frontRewrite|pending_218                                                       ;        ;
; pifoEngines_2|enque_brain|engineMapper_io_readRes_toStream_fifo|fifo|logic_ptr_push[1]             ;        ;
; pifoEngines_2|enque_brain|engineMapper_io_readRes_toStream_fifo|fifo|logic_ptr_pop[1]              ;        ;
; pifoEngines_2|enque_brain|engineMapper_io_readRes_toStream_fifo|fifo|logic_ptr_push[0]             ;        ;
; pifoEngines_2|enque_brain|engineMapper_io_readRes_toStream_fifo|fifo|logic_ptr_pop[0]              ;        ;
; pifoEngines_2|enque_brain|engineMapper|io_readReq_valid_regNext                                    ;        ;
; pifoEngines_2|enque_brain|lastVirtualMapper|io_readReq_valid_regNext                               ;        ;
; pifoEngines_2|enque_brain|engineCAM_io_readRes_toStream_fifo|fifo|logic_ptr_pop[1]                 ;        ;
; pifoEngines_2|enque_brain|engineCAM_io_readRes_toStream_fifo|fifo|logic_ptr_push[1]                ;        ;
; pifoEngines_2|enque_brain|engineCAM_io_readRes_toStream_fifo|fifo|logic_ptr_push[0]                ;        ;
; pifoEngines_2|enque_brain|engineCAM_io_readRes_toStream_fifo|fifo|logic_ptr_pop[0]                 ;        ;
; pifoEngines_0|deque_frontRewrite|armed_218                                                         ;        ;
; pifoEngines_2|enque_brain|brainStateMem_io_readRes_toStream_fifo|fifo|logic_ptr_pop[1]             ;        ;
; pifoEngines_2|enque_brain|brainStateMem_io_readRes_toStream_fifo|fifo|logic_ptr_push[1]            ;        ;
; pifoEngines_2|enque_brain|brainStateMem_io_readRes_toStream_fifo|fifo|logic_ptr_push[0]            ;        ;
; pifoEngines_2|enque_brain|brainStateMem_io_readRes_toStream_fifo|fifo|logic_ptr_pop[0]             ;        ;
; pifoEngines_2|enque_brain|engineCAM|io_readReq_valid_regNext                                       ;        ;
; pifoEngines_2|enque_brain|io_request_fork|logic_linkEnable_0                                       ;        ;
; pifoEngines_2|enque_brain|brainStateMem|io_readReq_valid_regNext                                   ;        ;
; pifoEngines_2|enque_enqueMapper|io_readReq_valid_regNext                                           ;        ;
; pifoEngines_2|enque_brain|io_outputs_4_fifo|fifo|logic_ptr_pop[0]                                  ;        ;
; pifoEngines_2|enque_brain|io_outputs_4_fifo|fifo|logic_ptr_push[0]                                 ;        ;
; pifoEngines_0|deque_frontRewrite|pending_210                                                       ;        ;
; pifoEngines_2|enque_flowIdStream_fifo|fifo|logic_ptr_pop[0]                                        ;        ;
; pifoEngines_2|enque_flowIdStream_fifo|fifo|logic_ptr_push[0]                                       ;        ;
; pifoEngines_2|io_enqueRequest_fork2_logic_linkEnable_0                                             ;        ;
; pifoEngines_2|enque_brain|flowStateUpdate_toStream_fifo|fifo|logic_ptr_pop[1]                      ;        ;
; pifoEngines_2|enque_brain|flowStateUpdate_toStream_fifo|fifo|logic_ptr_push[1]                     ;        ;
; pifoEngines_2|enque_brain|flowStateUpdate_toStream_fifo|fifo|logic_ptr_pop[0]                      ;        ;
; pifoEngines_2|enque_brain|flowStateUpdate_toStream_fifo|fifo|logic_ptr_push[0]                     ;        ;
; pifoEngines_2|enque_brain|flowStateUpdate_toStream_fifo|fifo|logic_ram~22                          ;        ;
; pifoEngines_2|enque_brain|flowStateUpdate_toStream_fifo|fifo|logic_ram~49                          ;        ;
; pifoEngines_2|enque_brain|engineCAM_io_readRes_toStream_fifo|fifo|logic_ram~0                      ;        ;
; streamFifo_53|logic_ptr_push[9]                                                                    ;        ;
; pifoEngines_0|deque_frontRewrite|armed_210                                                         ;        ;
; pifoEngines_2|enque_brain|flowStateUpdate_toStream_fifo|fifo|logic_ram~19                          ;        ;
; pifoEngines_2|enque_brain|flowStateUpdate_toStream_fifo|fifo|logic_ram~46                          ;        ;
; pifoEngines_2|enque_brain|engineCAM_io_readRes_toStream_fifo|fifo|logic_ram~8                      ;        ;
; pifoEngines_2|enque_brain|flowStateUpdate_toStream_fifo|fifo|logic_ram~20                          ;        ;
; pifoEngines_2|enque_brain|flowStateUpdate_toStream_fifo|fifo|logic_ram~47                          ;        ;
; pifoEngines_2|enque_brain|engineCAM_io_readRes_toStream_fifo|fifo|logic_ram~1                      ;        ;
; pifoEngines_2|enque_brain|engineCAM_io_readRes_toStream_fifo|fifo|logic_ram~9                      ;        ;
; pifoEngines_2|enque_brain|engineCAM_io_readRes_toStream_fifo|fifo|logic_ram~2                      ;        ;
; pifoEngines_2|enque_brain|flowStateUpdate_toStream_fifo|fifo|logic_ram~21                          ;        ;
; pifoEngines_2|enque_brain|flowStateUpdate_toStream_fifo|fifo|logic_ram~48                          ;        ;
; pifoEngines_0|deque_frontRewrite|pending_142                                                       ;        ;
; pifoEngines_2|enque_brain|engineCAM_io_readRes_toStream_fifo|fifo|logic_ram~10                     ;        ;
; pifoEngines_2|enque_brain|flowStateUpdate_toStream_fifo|fifo|logic_ram~26                          ;        ;
; pifoEngines_2|enque_brain|flowStateUpdate_toStream_fifo|fifo|logic_ram~53                          ;        ;
; pifoEngines_2|enque_brain|engineCAM_io_readRes_toStream_fifo|fifo|logic_ram~7                      ;        ;
; pifoEngines_2|enque_brain|engineCAM_io_readRes_toStream_fifo|fifo|logic_ram~15                     ;        ;
; pifoEngines_2|enque_brain|engineCAM_io_readRes_toStream_fifo|fifo|logic_ram~6                      ;        ;
; pifoEngines_2|enque_brain|flowStateUpdate_toStream_fifo|fifo|logic_ram~25                          ;        ;
; pifoEngines_2|enque_brain|flowStateUpdate_toStream_fifo|fifo|logic_ram~52                          ;        ;
; pifoEngines_2|enque_brain|engineCAM_io_readRes_toStream_fifo|fifo|logic_ram~5                      ;        ;
; pifoEngines_2|enque_brain|flowStateUpdate_toStream_fifo|fifo|logic_ram~24                          ;        ;
; pifoEngines_0|deque_frontRewrite|armed_142                                                         ;        ;
; pifoEngines_2|enque_brain|flowStateUpdate_toStream_fifo|fifo|logic_ram~51                          ;        ;
; pifoEngines_2|enque_brain|engineCAM_io_readRes_toStream_fifo|fifo|logic_ram~13                     ;        ;
; pifoEngines_2|enque_brain|engineCAM_io_readRes_toStream_fifo|fifo|logic_ram~4                      ;        ;
; pifoEngines_2|enque_brain|flowStateUpdate_toStream_fifo|fifo|logic_ram~23                          ;        ;
; pifoEngines_2|enque_brain|flowStateUpdate_toStream_fifo|fifo|logic_ram~50                          ;        ;
; pifoEngines_2|enque_brain|engineCAM_io_readRes_toStream_fifo|fifo|logic_ram~12                     ;        ;
; pifoEngines_2|enque_brain|engineCAM_io_readRes_toStream_fifo|fifo|logic_ram~14                     ;        ;
; pifoEngines_2|enque_brain|engineCAM_io_readRes_toStream_fifo|fifo|logic_ram~3                      ;        ;
; pifoEngines_2|enque_brain|engineCAM_io_readRes_toStream_fifo|fifo|logic_ram~11                     ;        ;
; pifoEngines_2|enque_brain|brainStateUpdate_toStream_fifo|fifo|logic_ptr_pop[1]                     ;        ;
; pifoEngines_0|deque_frontRewrite|pending_130                                                       ;        ;
; pifoEngines_2|enque_brain|brainStateUpdate_toStream_fifo|fifo|logic_ptr_push[1]                    ;        ;
; pifoEngines_2|enque_brain|brainStateUpdate_toStream_fifo|fifo|logic_ptr_pop[0]                     ;        ;
; pifoEngines_2|enque_brain|brainStateUpdate_toStream_fifo|fifo|logic_ptr_push[0]                    ;        ;
; pifoEngines_2|enque_brain|brainStateUpdate_toStream_fifo|fifo|logic_ram~8                          ;        ;
; pifoEngines_2|enque_brain|brainStateUpdate_toStream_fifo|fifo|logic_ram~24                         ;        ;
; pifoEngines_2|enque_brain|brainStateMem_io_readRes_toStream_fifo|fifo|logic_ram~0                  ;        ;
; pifoEngines_2|enque_brain|brainStateMem_io_readRes_toStream_fifo|fifo|logic_ram~8                  ;        ;
; pifoEngines_2|enque_brain|brainStateUpdate_toStream_fifo|fifo|logic_ram~9                          ;        ;
; pifoEngines_2|enque_brain|brainStateUpdate_toStream_fifo|fifo|logic_ram~25                         ;        ;
; pifoEngines_2|enque_brain|brainStateMem_io_readRes_toStream_fifo|fifo|logic_ram~1                  ;        ;
; pifoEngines_0|deque_frontRewrite|armed_130                                                         ;        ;
; pifoEngines_2|enque_brain|brainStateMem_io_readRes_toStream_fifo|fifo|logic_ram~9                  ;        ;
; pifoEngines_2|enque_brain|brainStateUpdate_toStream_fifo|fifo|logic_ram~10                         ;        ;
; pifoEngines_2|enque_brain|brainStateUpdate_toStream_fifo|fifo|logic_ram~26                         ;        ;
; pifoEngines_2|enque_brain|brainStateMem_io_readRes_toStream_fifo|fifo|logic_ram~2                  ;        ;
; pifoEngines_2|enque_brain|brainStateMem_io_readRes_toStream_fifo|fifo|logic_ram~10                 ;        ;
; pifoEngines_2|enque_brain|brainStateUpdate_toStream_fifo|fifo|logic_ram~11                         ;        ;
; pifoEngines_2|enque_brain|brainStateUpdate_toStream_fifo|fifo|logic_ram~27                         ;        ;
; pifoEngines_2|enque_brain|brainStateMem_io_readRes_toStream_fifo|fifo|logic_ram~3                  ;        ;
; pifoEngines_2|enque_brain|brainStateMem_io_readRes_toStream_fifo|fifo|logic_ram~11                 ;        ;
; pifoEngines_2|enque_brain|brainStateMem_io_readRes_toStream_fifo|fifo|logic_ram~4                  ;        ;
; pifoEngines_0|deque_frontRewrite|pending_134                                                       ;        ;
; pifoEngines_2|enque_brain|brainStateMem_io_readRes_toStream_fifo|fifo|logic_ram~12                 ;        ;
; pifoEngines_2|enque_brain|brainStateUpdate_toStream_fifo|fifo|logic_ram~12                         ;        ;
; pifoEngines_2|enque_brain|brainStateUpdate_toStream_fifo|fifo|logic_ram~28                         ;        ;
; pifoEngines_2|enque_brain|brainStateUpdate_toStream_fifo|fifo|logic_ram~13                         ;        ;
; pifoEngines_2|enque_brain|brainStateUpdate_toStream_fifo|fifo|logic_ram~29                         ;        ;
; pifoEngines_2|enque_brain|brainStateMem_io_readRes_toStream_fifo|fifo|logic_ram~5                  ;        ;
; pifoEngines_2|enque_brain|brainStateMem_io_readRes_toStream_fifo|fifo|logic_ram~13                 ;        ;
; pifoEngines_2|enque_brain|brainStateUpdate_toStream_fifo|fifo|logic_ram~14                         ;        ;
; pifoEngines_2|enque_brain|brainStateUpdate_toStream_fifo|fifo|logic_ram~30                         ;        ;
; pifoEngines_2|enque_brain|brainStateMem_io_readRes_toStream_fifo|fifo|logic_ram~6                  ;        ;
; pifoEngines_0|deque_frontRewrite|armed_134                                                         ;        ;
; pifoEngines_2|enque_brain|brainStateMem_io_readRes_toStream_fifo|fifo|logic_ram~14                 ;        ;
; pifoEngines_2|enque_brain|brainStateMem_io_readRes_toStream_fifo|fifo|logic_ram~7                  ;        ;
; pifoEngines_2|enque_brain|brainStateMem_io_readRes_toStream_fifo|fifo|logic_ram~15                 ;        ;
; pifoEngines_2|enque_brain|brainStateUpdate_toStream_fifo|fifo|logic_ram~15                         ;        ;
; pifoEngines_2|enque_brain|brainStateUpdate_toStream_fifo|fifo|logic_ram~31                         ;        ;
; pifoEngines_3|enque_enqueMapper|activeBank                                                         ;        ;
; pifoEngines_3|enque_flowIdStream_fifo|fifo|logic_ptr_pop[1]                                        ;        ;
; pifoEngines_3|enque_flowIdStream_fifo|fifo|logic_ptr_push[1]                                       ;        ;
; pifoEngines_3|enque_brain|io_outputs_4_fifo|fifo|logic_ptr_pop[1]                                  ;        ;
; pifoEngines_3|enque_brain|io_outputs_4_fifo|fifo|logic_ptr_push[1]                                 ;        ;
; pifoEngines_0|deque_frontRewrite|pending_30                                                        ;        ;
; pifoEngines_3|enque_brain|brainStateMem|io_readReq_valid_regNext                                   ;        ;
; pifoEngines_3|enque_brain|brainStateMem_io_readRes_toStream_fifo|fifo|logic_ptr_pop[1]             ;        ;
; pifoEngines_3|enque_brain|brainStateMem_io_readRes_toStream_fifo|fifo|logic_ptr_push[1]            ;        ;
; pifoEngines_3|enque_brain|brainStateMem_io_readRes_toStream_fifo|fifo|logic_ptr_push[0]            ;        ;
; pifoEngines_3|enque_brain|brainStateMem_io_readRes_toStream_fifo|fifo|logic_ptr_pop[0]             ;        ;
; pifoEngines_3|enque_brain|engineCAM_io_readRes_toStream_fifo|fifo|logic_ptr_pop[1]                 ;        ;
; pifoEngines_3|enque_brain|engineCAM_io_readRes_toStream_fifo|fifo|logic_ptr_push[1]                ;        ;
; pifoEngines_3|enque_brain|engineCAM_io_readRes_toStream_fifo|fifo|logic_ptr_push[0]                ;        ;
; pifoEngines_3|enque_brain|engineCAM_io_readRes_toStream_fifo|fifo|logic_ptr_pop[0]                 ;        ;
; pifoEngines_3|enque_brain|engineCAM|io_readReq_valid_regNext                                       ;        ;
; pifoEngines_0|deque_frontRewrite|armed_30                                                          ;        ;
; pifoEngines_3|enque_brain|engineMapper|io_readReq_valid_regNext                                    ;        ;
; pifoEngines_3|enque_brain|engineMapper_io_readRes_toStream_fifo|fifo|logic_ptr_pop[1]              ;        ;
; pifoEngines_3|enque_brain|engineMapper_io_readRes_toStream_fifo|fifo|logic_ptr_push[1]             ;        ;
; pifoEngines_3|enque_brain|engineMapper_io_readRes_toStream_fifo|fifo|logic_ptr_push[0]             ;        ;
; pifoEngines_3|enque_brain|engineMapper_io_readRes_toStream_fifo|fifo|logic_ptr_pop[0]              ;        ;
; pifoEngines_3|enque_brain|lastVirtualMapper_io_readRes_toStream_fifo|fifo|logic_ptr_pop[1]         ;        ;
; pifoEngines_3|enque_brain|lastVirtualMapper_io_readRes_toStream_fifo|fifo|logic_ptr_push[1]        ;        ;
; pifoEngines_3|enque_brain|lastVirtualMapper_io_readRes_toStream_fifo|fifo|logic_ptr_push[0]        ;        ;
; pifoEngines_3|enque_brain|lastVirtualMapper_io_readRes_toStream_fifo|fifo|logic_ptr_pop[0]         ;        ;
; pifoEngines_3|enque_enqueMapper|io_readReq_valid_regNext                                           ;        ;
; pifoEngines_0|deque_frontRewrite|pending_18                                                        ;        ;
; pifoEngines_3|enque_brain|io_request_fork|logic_linkEnable_0                                       ;        ;
; pifoEngines_3|enque_brain|lastVirtualMapper|io_readReq_valid_regNext                               ;        ;
; pifoEngines_3|enque_brain|io_outputs_4_fifo|fifo|logic_ptr_pop[0]                                  ;        ;
; pifoEngines_3|enque_brain|io_outputs_4_fifo|fifo|logic_ptr_push[0]                                 ;        ;
; pifoEngines_3|enque_flowIdStream_fifo|fifo|logic_ptr_pop[0]                                        ;        ;
; pifoEngines_3|enque_flowIdStream_fifo|fifo|logic_ptr_push[0]                                       ;        ;
; pifoEngines_3|io_enqueRequest_fork2_logic_linkEnable_0                                             ;        ;
; pifoEngines_3|enque_brain|brainStateUpdate_toStream_fifo|fifo|logic_ptr_pop[1]                     ;        ;
; pifoEngines_3|enque_brain|brainStateUpdate_toStream_fifo|fifo|logic_ptr_push[1]                    ;        ;
; pifoEngines_3|enque_brain|brainStateUpdate_toStream_fifo|fifo|logic_ptr_pop[0]                     ;        ;
; streamFifo_53|logic_ptr_push[10]                                                                   ;        ;
; pifoEngines_0|deque_frontRewrite|armed_18                                                          ;        ;
; pifoEngines_3|enque_brain|brainStateUpdate_toStream_fifo|fifo|logic_ptr_push[0]                    ;        ;
; pifoEngines_3|enque_brain|brainStateUpdate_toStream_fifo|fifo|logic_ram~8                          ;        ;
; pifoEngines_3|enque_brain|brainStateUpdate_toStream_fifo|fifo|logic_ram~24                         ;        ;
; pifoEngines_3|enque_brain|brainStateMem_io_readRes_toStream_fifo|fifo|logic_ram~0                  ;        ;
; pifoEngines_3|enque_brain|brainStateMem_io_readRes_toStream_fifo|fifo|logic_ram~8                  ;        ;
; pifoEngines_3|enque_brain|flowStateUpdate_toStream_fifo|fifo|logic_ptr_pop[1]                      ;        ;
; pifoEngines_3|enque_brain|flowStateUpdate_toStream_fifo|fifo|logic_ptr_push[1]                     ;        ;
; pifoEngines_3|enque_brain|flowStateUpdate_toStream_fifo|fifo|logic_ptr_pop[0]                      ;        ;
; pifoEngines_3|enque_brain|flowStateUpdate_toStream_fifo|fifo|logic_ptr_push[0]                     ;        ;
; pifoEngines_3|enque_brain|flowStateUpdate_toStream_fifo|fifo|logic_ram~19                          ;        ;
; pifoEngines_0|deque_frontRewrite|pending_22                                                        ;        ;
; pifoEngines_3|enque_brain|flowStateUpdate_toStream_fifo|fifo|logic_ram~46                          ;        ;
; pifoEngines_3|enque_brain|flowStateUpdate_toStream_fifo|fifo|logic_ram~20                          ;        ;
; pifoEngines_3|enque_brain|flowStateUpdate_toStream_fifo|fifo|logic_ram~47                          ;        ;
; pifoEngines_3|enque_brain|engineCAM_io_readRes_toStream_fifo|fifo|logic_ram~1                      ;        ;
; pifoEngines_3|enque_brain|engineCAM_io_readRes_toStream_fifo|fifo|logic_ram~9                      ;        ;
; pifoEngines_3|enque_brain|engineCAM_io_readRes_toStream_fifo|fifo|logic_ram~2                      ;        ;
; pifoEngines_3|enque_brain|flowStateUpdate_toStream_fifo|fifo|logic_ram~21                          ;        ;
; pifoEngines_3|enque_brain|flowStateUpdate_toStream_fifo|fifo|logic_ram~48                          ;        ;
; pifoEngines_3|enque_brain|engineCAM_io_readRes_toStream_fifo|fifo|logic_ram~10                     ;        ;
; pifoEngines_3|enque_brain|flowStateUpdate_toStream_fifo|fifo|logic_ram~22                          ;        ;
; pifoEngines_0|deque_frontRewrite|armed_22                                                          ;        ;
; pifoEngines_3|enque_brain|flowStateUpdate_toStream_fifo|fifo|logic_ram~49                          ;        ;
; pifoEngines_3|enque_brain|engineCAM_io_readRes_toStream_fifo|fifo|logic_ram~3                      ;        ;
; pifoEngines_3|enque_brain|engineCAM_io_readRes_toStream_fifo|fifo|logic_ram~11                     ;        ;
; pifoEngines_3|enque_brain|flowStateUpdate_toStream_fifo|fifo|logic_ram~26                          ;        ;
; pifoEngines_3|enque_brain|flowStateUpdate_toStream_fifo|fifo|logic_ram~53                          ;        ;
; pifoEngines_3|enque_brain|engineCAM_io_readRes_toStream_fifo|fifo|logic_ram~7                      ;        ;
; pifoEngines_3|enque_brain|engineCAM_io_readRes_toStream_fifo|fifo|logic_ram~15                     ;        ;
; pifoEngines_3|enque_brain|engineCAM_io_readRes_toStream_fifo|fifo|logic_ram~6                      ;        ;
; pifoEngines_3|enque_brain|flowStateUpdate_toStream_fifo|fifo|logic_ram~25                          ;        ;
; pifoEngines_3|enque_brain|flowStateUpdate_toStream_fifo|fifo|logic_ram~52                          ;        ;
; pifoEngines_0|deque_frontRewrite|pending_94                                                        ;        ;
; pifoEngines_3|enque_brain|engineCAM_io_readRes_toStream_fifo|fifo|logic_ram~5                      ;        ;
; pifoEngines_3|enque_brain|flowStateUpdate_toStream_fifo|fifo|logic_ram~24                          ;        ;
; pifoEngines_3|enque_brain|flowStateUpdate_toStream_fifo|fifo|logic_ram~51                          ;        ;
; pifoEngines_3|enque_brain|engineCAM_io_readRes_toStream_fifo|fifo|logic_ram~13                     ;        ;
; pifoEngines_3|enque_brain|engineCAM_io_readRes_toStream_fifo|fifo|logic_ram~4                      ;        ;
; pifoEngines_3|enque_brain|flowStateUpdate_toStream_fifo|fifo|logic_ram~23                          ;        ;
; pifoEngines_3|enque_brain|flowStateUpdate_toStream_fifo|fifo|logic_ram~50                          ;        ;
; pifoEngines_3|enque_brain|engineCAM_io_readRes_toStream_fifo|fifo|logic_ram~12                     ;        ;
; pifoEngines_3|enque_brain|engineCAM_io_readRes_toStream_fifo|fifo|logic_ram~14                     ;        ;
; pifoEngines_3|enque_brain|engineCAM_io_readRes_toStream_fifo|fifo|logic_ram~0                      ;        ;
; pifoEngines_0|deque_frontRewrite|armed_94                                                          ;        ;
; pifoEngines_3|enque_brain|engineCAM_io_readRes_toStream_fifo|fifo|logic_ram~8                      ;        ;
; pifoEngines_3|enque_brain|brainStateMem_io_readRes_toStream_fifo|fifo|logic_ram~1                  ;        ;
; pifoEngines_3|enque_brain|brainStateMem_io_readRes_toStream_fifo|fifo|logic_ram~9                  ;        ;
; pifoEngines_3|enque_brain|brainStateUpdate_toStream_fifo|fifo|logic_ram~9                          ;        ;
; pifoEngines_3|enque_brain|brainStateUpdate_toStream_fifo|fifo|logic_ram~25                         ;        ;
; pifoEngines_3|enque_brain|brainStateMem_io_readRes_toStream_fifo|fifo|logic_ram~2                  ;        ;
; pifoEngines_3|enque_brain|brainStateMem_io_readRes_toStream_fifo|fifo|logic_ram~10                 ;        ;
; pifoEngines_3|enque_brain|brainStateUpdate_toStream_fifo|fifo|logic_ram~10                         ;        ;
; pifoEngines_3|enque_brain|brainStateUpdate_toStream_fifo|fifo|logic_ram~26                         ;        ;
; pifoEngines_3|enque_brain|brainStateMem_io_readRes_toStream_fifo|fifo|logic_ram~3                  ;        ;
; pifoEngines_0|deque_frontRewrite|pending_86                                                        ;        ;
; pifoEngines_3|enque_brain|brainStateMem_io_readRes_toStream_fifo|fifo|logic_ram~11                 ;        ;
; pifoEngines_3|enque_brain|brainStateUpdate_toStream_fifo|fifo|logic_ram~11                         ;        ;
; pifoEngines_3|enque_brain|brainStateUpdate_toStream_fifo|fifo|logic_ram~27                         ;        ;
; pifoEngines_3|enque_brain|brainStateMem_io_readRes_toStream_fifo|fifo|logic_ram~4                  ;        ;
; pifoEngines_3|enque_brain|brainStateMem_io_readRes_toStream_fifo|fifo|logic_ram~12                 ;        ;
; pifoEngines_3|enque_brain|brainStateUpdate_toStream_fifo|fifo|logic_ram~12                         ;        ;
; pifoEngines_3|enque_brain|brainStateUpdate_toStream_fifo|fifo|logic_ram~28                         ;        ;
; pifoEngines_3|enque_brain|brainStateUpdate_toStream_fifo|fifo|logic_ram~13                         ;        ;
; pifoEngines_3|enque_brain|brainStateUpdate_toStream_fifo|fifo|logic_ram~29                         ;        ;
; pifoEngines_3|enque_brain|brainStateMem_io_readRes_toStream_fifo|fifo|logic_ram~5                  ;        ;
; pifoEngines_0|deque_frontRewrite|armed_86                                                          ;        ;
; pifoEngines_3|enque_brain|brainStateMem_io_readRes_toStream_fifo|fifo|logic_ram~13                 ;        ;
; pifoEngines_3|enque_brain|brainStateUpdate_toStream_fifo|fifo|logic_ram~14                         ;        ;
; pifoEngines_3|enque_brain|brainStateUpdate_toStream_fifo|fifo|logic_ram~30                         ;        ;
; pifoEngines_3|enque_brain|brainStateMem_io_readRes_toStream_fifo|fifo|logic_ram~6                  ;        ;
; pifoEngines_3|enque_brain|brainStateMem_io_readRes_toStream_fifo|fifo|logic_ram~14                 ;        ;
; pifoEngines_3|enque_brain|brainStateMem_io_readRes_toStream_fifo|fifo|logic_ram~7                  ;        ;
; pifoEngines_3|enque_brain|brainStateMem_io_readRes_toStream_fifo|fifo|logic_ram~15                 ;        ;
; pifoEngines_3|enque_brain|brainStateUpdate_toStream_fifo|fifo|logic_ram~15                         ;        ;
; pifoEngines_3|enque_brain|brainStateUpdate_toStream_fifo|fifo|logic_ram~31                         ;        ;
; pifoEngines_4|enque_brain|engineCAM_io_readRes_toStream_fifo|fifo|logic_ptr_pop[1]                 ;        ;
; pifoEngines_0|deque_frontRewrite|pending_26                                                        ;        ;
; pifoEngines_4|enque_brain|engineCAM_io_readRes_toStream_fifo|fifo|logic_ptr_push[1]                ;        ;
; pifoEngines_4|enque_brain|engineCAM_io_readRes_toStream_fifo|fifo|logic_ptr_push[0]                ;        ;
; pifoEngines_4|enque_brain|brainStateMem|io_readReq_valid_regNext                                   ;        ;
; pifoEngines_4|enque_brain|brainStateMem_io_readRes_toStream_fifo|fifo|logic_ptr_pop[1]             ;        ;
; pifoEngines_4|enque_brain|brainStateMem_io_readRes_toStream_fifo|fifo|logic_ptr_push[1]            ;        ;
; pifoEngines_4|enque_brain|brainStateMem_io_readRes_toStream_fifo|fifo|logic_ptr_push[0]            ;        ;
; pifoEngines_4|enque_brain|brainStateMem_io_readRes_toStream_fifo|fifo|logic_ptr_pop[0]             ;        ;
; pifoEngines_4|enque_brain|engineCAM|io_readReq_valid_regNext                                       ;        ;
; pifoEngines_4|enque_brain|engineMapper|io_readReq_valid_regNext                                    ;        ;
; pifoEngines_4|enque_brain|engineMapper_io_readRes_toStream_fifo|fifo|logic_ptr_pop[1]              ;        ;
; pifoEngines_0|deque_frontRewrite|armed_26                                                          ;        ;
; pifoEngines_4|enque_brain|engineMapper_io_readRes_toStream_fifo|fifo|logic_ptr_push[1]             ;        ;
; pifoEngines_4|enque_brain|engineMapper_io_readRes_toStream_fifo|fifo|logic_ptr_push[0]             ;        ;
; pifoEngines_4|enque_brain|engineMapper_io_readRes_toStream_fifo|fifo|logic_ptr_pop[0]              ;        ;
; pifoEngines_4|enque_brain|lastVirtualMapper_io_readRes_toStream_fifo|fifo|logic_ptr_pop[1]         ;        ;
; pifoEngines_4|enque_brain|lastVirtualMapper_io_readRes_toStream_fifo|fifo|logic_ptr_push[1]        ;        ;
; pifoEngines_4|enque_brain|lastVirtualMapper_io_readRes_toStream_fifo|fifo|logic_ptr_push[0]        ;        ;
; pifoEngines_4|enque_brain|lastVirtualMapper_io_readRes_toStream_fifo|fifo|logic_ptr_pop[0]         ;        ;
; pifoEngines_4|enque_brain|io_outputs_4_fifo|fifo|logic_ptr_pop[1]                                  ;        ;
; pifoEngines_4|enque_flowIdStream_fifo|fifo|logic_ptr_pop[1]                                        ;        ;
; pifoEngines_4|enque_flowIdStream_fifo|fifo|logic_ptr_push[1]                                       ;        ;
; pifoEngines_0|deque_frontRewrite|pending_90                                                        ;        ;
; pifoEngines_4|enque_flowIdStream_fifo|fifo|logic_ptr_pop[0]                                        ;        ;
; pifoEngines_4|enque_flowIdStream_fifo|fifo|logic_ptr_push[0]                                       ;        ;
; pifoEngines_4|io_enqueRequest_fork2_logic_linkEnable_0                                             ;        ;
; pifoEngines_4|enque_enqueMapper|io_readReq_valid_regNext                                           ;        ;
; pifoEngines_4|enque_brain|io_outputs_4_fifo|fifo|logic_ptr_push[1]                                 ;        ;
; pifoEngines_4|enque_brain|io_outputs_4_fifo|fifo|logic_ptr_pop[0]                                  ;        ;
; pifoEngines_4|enque_brain|io_outputs_4_fifo|fifo|logic_ptr_push[0]                                 ;        ;
; pifoEngines_4|enque_brain|io_request_fork|logic_linkEnable_0                                       ;        ;
; pifoEngines_4|enque_brain|lastVirtualMapper|io_readReq_valid_regNext                               ;        ;
; pifoEngines_4|enque_brain|engineCAM_io_readRes_toStream_fifo|fifo|logic_ptr_pop[0]                 ;        ;
; streamFifo_53|logic_ptr_push[11]                                                                   ;        ;
; pifoEngines_0|deque_frontRewrite|armed_90                                                          ;        ;
; pifoEngines_4|enque_enqueMapper|activeBank                                                         ;        ;
; pifoEngines_4|enque_brain|flowStateUpdate_toStream_fifo|fifo|logic_ptr_pop[1]                      ;        ;
; pifoEngines_4|enque_brain|flowStateUpdate_toStream_fifo|fifo|logic_ptr_push[1]                     ;        ;
; pifoEngines_4|enque_brain|flowStateUpdate_toStream_fifo|fifo|logic_ptr_pop[0]                      ;        ;
; pifoEngines_4|enque_brain|flowStateUpdate_toStream_fifo|fifo|logic_ptr_push[0]                     ;        ;
; pifoEngines_4|enque_brain|engineCAM_io_readRes_toStream_fifo|fifo|logic_ram~0                      ;        ;
; pifoEngines_4|enque_brain|flowStateUpdate_toStream_fifo|fifo|logic_ram~19                          ;        ;
; pifoEngines_4|enque_brain|flowStateUpdate_toStream_fifo|fifo|logic_ram~46                          ;        ;
; pifoEngines_4|enque_brain|engineCAM_io_readRes_toStream_fifo|fifo|logic_ram~8                      ;        ;
; pifoEngines_4|enque_brain|flowStateUpdate_toStream_fifo|fifo|logic_ram~20                          ;        ;
; pifoEngines_0|deque_frontRewrite|pending_82                                                        ;        ;
; pifoEngines_4|enque_brain|flowStateUpdate_toStream_fifo|fifo|logic_ram~47                          ;        ;
; pifoEngines_4|enque_brain|engineCAM_io_readRes_toStream_fifo|fifo|logic_ram~1                      ;        ;
; pifoEngines_4|enque_brain|engineCAM_io_readRes_toStream_fifo|fifo|logic_ram~9                      ;        ;
; pifoEngines_4|enque_brain|engineCAM_io_readRes_toStream_fifo|fifo|logic_ram~2                      ;        ;
; pifoEngines_4|enque_brain|flowStateUpdate_toStream_fifo|fifo|logic_ram~21                          ;        ;
; pifoEngines_4|enque_brain|flowStateUpdate_toStream_fifo|fifo|logic_ram~48                          ;        ;
; pifoEngines_4|enque_brain|engineCAM_io_readRes_toStream_fifo|fifo|logic_ram~10                     ;        ;
; pifoEngines_4|enque_brain|flowStateUpdate_toStream_fifo|fifo|logic_ram~22                          ;        ;
; pifoEngines_4|enque_brain|flowStateUpdate_toStream_fifo|fifo|logic_ram~49                          ;        ;
; pifoEngines_4|enque_brain|engineCAM_io_readRes_toStream_fifo|fifo|logic_ram~3                      ;        ;
; pifoEngines_0|deque_frontRewrite|armed_82                                                          ;        ;
; pifoEngines_4|enque_brain|engineCAM_io_readRes_toStream_fifo|fifo|logic_ram~11                     ;        ;
; pifoEngines_4|enque_brain|flowStateUpdate_toStream_fifo|fifo|logic_ram~26                          ;        ;
; pifoEngines_4|enque_brain|flowStateUpdate_toStream_fifo|fifo|logic_ram~53                          ;        ;
; pifoEngines_4|enque_brain|engineCAM_io_readRes_toStream_fifo|fifo|logic_ram~7                      ;        ;
; pifoEngines_4|enque_brain|engineCAM_io_readRes_toStream_fifo|fifo|logic_ram~15                     ;        ;
; pifoEngines_4|enque_brain|engineCAM_io_readRes_toStream_fifo|fifo|logic_ram~6                      ;        ;
; pifoEngines_4|enque_brain|flowStateUpdate_toStream_fifo|fifo|logic_ram~25                          ;        ;
; pifoEngines_4|enque_brain|flowStateUpdate_toStream_fifo|fifo|logic_ram~52                          ;        ;
; pifoEngines_4|enque_brain|engineCAM_io_readRes_toStream_fifo|fifo|logic_ram~5                      ;        ;
; pifoEngines_4|enque_brain|flowStateUpdate_toStream_fifo|fifo|logic_ram~24                          ;        ;
; pifoEngines_0|deque_frontRewrite|pending_59                                                        ;        ;
; pifoEngines_4|enque_brain|flowStateUpdate_toStream_fifo|fifo|logic_ram~51                          ;        ;
; pifoEngines_4|enque_brain|engineCAM_io_readRes_toStream_fifo|fifo|logic_ram~13                     ;        ;
; pifoEngines_4|enque_brain|engineCAM_io_readRes_toStream_fifo|fifo|logic_ram~4                      ;        ;
; pifoEngines_4|enque_brain|flowStateUpdate_toStream_fifo|fifo|logic_ram~23                          ;        ;
; pifoEngines_4|enque_brain|flowStateUpdate_toStream_fifo|fifo|logic_ram~50                          ;        ;
; pifoEngines_4|enque_brain|engineCAM_io_readRes_toStream_fifo|fifo|logic_ram~12                     ;        ;
; pifoEngines_4|enque_brain|engineCAM_io_readRes_toStream_fifo|fifo|logic_ram~14                     ;        ;
; pifoEngines_4|enque_brain|brainStateUpdate_toStream_fifo|fifo|logic_ptr_pop[1]                     ;        ;
; pifoEngines_4|enque_brain|brainStateUpdate_toStream_fifo|fifo|logic_ptr_push[1]                    ;        ;
; pifoEngines_4|enque_brain|brainStateUpdate_toStream_fifo|fifo|logic_ptr_pop[0]                     ;        ;
; pifoEngines_0|deque_frontRewrite|armed_59                                                          ;        ;
; pifoEngines_4|enque_brain|brainStateUpdate_toStream_fifo|fifo|logic_ptr_push[0]                    ;        ;
; pifoEngines_4|enque_brain|brainStateMem_io_readRes_toStream_fifo|fifo|logic_ram~0                  ;        ;
; pifoEngines_4|enque_brain|brainStateMem_io_readRes_toStream_fifo|fifo|logic_ram~8                  ;        ;
; pifoEngines_4|enque_brain|brainStateUpdate_toStream_fifo|fifo|logic_ram~8                          ;        ;
; pifoEngines_4|enque_brain|brainStateUpdate_toStream_fifo|fifo|logic_ram~24                         ;        ;
; pifoEngines_4|enque_brain|brainStateMem_io_readRes_toStream_fifo|fifo|logic_ram~1                  ;        ;
; pifoEngines_4|enque_brain|brainStateMem_io_readRes_toStream_fifo|fifo|logic_ram~9                  ;        ;
; pifoEngines_4|enque_brain|brainStateUpdate_toStream_fifo|fifo|logic_ram~9                          ;        ;
; pifoEngines_4|enque_brain|brainStateUpdate_toStream_fifo|fifo|logic_ram~25                         ;        ;
; pifoEngines_4|enque_brain|brainStateMem_io_readRes_toStream_fifo|fifo|logic_ram~2                  ;        ;
; pifoEngines_0|deque_frontRewrite|pending_11                                                        ;        ;
; pifoEngines_4|enque_brain|brainStateMem_io_readRes_toStream_fifo|fifo|logic_ram~10                 ;        ;
; pifoEngines_4|enque_brain|brainStateUpdate_toStream_fifo|fifo|logic_ram~10                         ;        ;
; pifoEngines_4|enque_brain|brainStateUpdate_toStream_fifo|fifo|logic_ram~26                         ;        ;
; pifoEngines_4|enque_brain|brainStateMem_io_readRes_toStream_fifo|fifo|logic_ram~3                  ;        ;
; pifoEngines_4|enque_brain|brainStateMem_io_readRes_toStream_fifo|fifo|logic_ram~11                 ;        ;
; pifoEngines_4|enque_brain|brainStateUpdate_toStream_fifo|fifo|logic_ram~11                         ;        ;
; pifoEngines_4|enque_brain|brainStateUpdate_toStream_fifo|fifo|logic_ram~27                         ;        ;
; pifoEngines_4|enque_brain|brainStateMem_io_readRes_toStream_fifo|fifo|logic_ram~4                  ;        ;
; pifoEngines_4|enque_brain|brainStateMem_io_readRes_toStream_fifo|fifo|logic_ram~12                 ;        ;
; pifoEngines_4|enque_brain|brainStateUpdate_toStream_fifo|fifo|logic_ram~12                         ;        ;
; pifoEngines_0|deque_frontRewrite|armed_11                                                          ;        ;
; pifoEngines_4|enque_brain|brainStateUpdate_toStream_fifo|fifo|logic_ram~28                         ;        ;
; pifoEngines_4|enque_brain|brainStateUpdate_toStream_fifo|fifo|logic_ram~13                         ;        ;
; pifoEngines_4|enque_brain|brainStateUpdate_toStream_fifo|fifo|logic_ram~29                         ;        ;
; pifoEngines_4|enque_brain|brainStateMem_io_readRes_toStream_fifo|fifo|logic_ram~5                  ;        ;
; pifoEngines_4|enque_brain|brainStateMem_io_readRes_toStream_fifo|fifo|logic_ram~13                 ;        ;
; pifoEngines_4|enque_brain|brainStateUpdate_toStream_fifo|fifo|logic_ram~14                         ;        ;
; pifoEngines_4|enque_brain|brainStateUpdate_toStream_fifo|fifo|logic_ram~30                         ;        ;
; pifoEngines_4|enque_brain|brainStateMem_io_readRes_toStream_fifo|fifo|logic_ram~6                  ;        ;
; pifoEngines_4|enque_brain|brainStateMem_io_readRes_toStream_fifo|fifo|logic_ram~14                 ;        ;
; pifoEngines_4|enque_brain|brainStateMem_io_readRes_toStream_fifo|fifo|logic_ram~7                  ;        ;
; pifoEngines_0|deque_frontRewrite|pending_27                                                        ;        ;
; pifoEngines_4|enque_brain|brainStateMem_io_readRes_toStream_fifo|fifo|logic_ram~15                 ;        ;
; pifoEngines_4|enque_brain|brainStateUpdate_toStream_fifo|fifo|logic_ram~15                         ;        ;
; pifoEngines_4|enque_brain|brainStateUpdate_toStream_fifo|fifo|logic_ram~31                         ;        ;
; pifoEngines_0|deque_frontRewrite|armed_27                                                          ;        ;
; pifoEngines_0|deque_frontRewrite|pending_123                                                       ;        ;
; streamFifo_53|logic_ptr_push[12]                                                                   ;        ;
; pifoEngines_0|deque_frontRewrite|armed_123                                                         ;        ;
; pifoEngines_0|deque_frontRewrite|pending_91                                                        ;        ;
; pifoEngines_0|deque_frontRewrite|armed_91                                                          ;        ;
; pifoEngines_0|deque_frontRewrite|pending_43                                                        ;        ;
; pifoEngines_0|deque_frontRewrite|armed_43                                                          ;        ;
; pifoEngines_0|deque_frontRewrite|pending_107                                                       ;        ;
; pifoEngines_0|deque_frontRewrite|armed_107                                                         ;        ;
; pifoEngines_0|deque_frontRewrite|pending_75                                                        ;        ;
; pifoEngines_0|deque_frontRewrite|armed_75                                                          ;        ;
; pifoEngines_0|deque_frontRewrite|pending_187                                                       ;        ;
; reserved[13]                                                                                       ;        ;
; streamFifo_53|logic_ptr_push[13]                                                                   ;        ;
; pifoEngines_0|deque_frontRewrite|armed_187                                                         ;        ;
; pifoEngines_0|deque_frontRewrite|pending_139                                                       ;        ;
; pifoEngines_0|deque_frontRewrite|armed_139                                                         ;        ;
; pifoEngines_0|deque_frontRewrite|pending_155                                                       ;        ;
; pifoEngines_0|deque_frontRewrite|armed_155                                                         ;        ;
; pifoEngines_0|deque_frontRewrite|pending_251                                                       ;        ;
; pifoEngines_0|deque_frontRewrite|armed_251                                                         ;        ;
; pifoEngines_0|deque_frontRewrite|pending_219                                                       ;        ;
; pifoEngines_0|deque_frontRewrite|armed_219                                                         ;        ;
; pifoEngines_0|deque_frontRewrite|pending_171                                                       ;        ;
; streamFifo_53|logic_ptr_push[14]                                                                   ;        ;
; pifoEngines_0|deque_frontRewrite|armed_171                                                         ;        ;
; pifoEngines_0|deque_frontRewrite|pending_235                                                       ;        ;
; pifoEngines_0|deque_frontRewrite|armed_235                                                         ;        ;
; pifoEngines_0|deque_frontRewrite|pending_203                                                       ;        ;
; pifoEngines_0|deque_frontRewrite|armed_203                                                         ;        ;
; pifoEngines_0|deque_frontRewrite|pending_207                                                       ;        ;
; pifoEngines_0|deque_frontRewrite|armed_207                                                         ;        ;
; pifoEngines_0|deque_frontRewrite|pending_15                                                        ;        ;
; pifoEngines_0|deque_frontRewrite|armed_15                                                          ;        ;
; pifoEngines_0|deque_frontRewrite|pending_79                                                        ;        ;
; streamFifo_53|logic_pop_sync_popReg[1]                                                             ;        ;
; pifoEngines_0|deque_frontRewrite|armed_79                                                          ;        ;
; pifoEngines_0|deque_frontRewrite|pending_223                                                       ;        ;
; pifoEngines_0|deque_frontRewrite|armed_223                                                         ;        ;
; pifoEngines_0|deque_frontRewrite|pending_95                                                        ;        ;
; pifoEngines_0|deque_frontRewrite|armed_95                                                          ;        ;
; pifoEngines_0|deque_frontRewrite|pending_143                                                       ;        ;
; pifoEngines_0|deque_frontRewrite|armed_143                                                         ;        ;
; pifoEngines_0|deque_frontRewrite|pending_159                                                       ;        ;
; pifoEngines_0|deque_frontRewrite|armed_159                                                         ;        ;
; pifoEngines_0|deque_frontRewrite|pending_31                                                        ;        ;
; streamFifo_53|logic_pop_sync_popReg[0]                                                             ;        ;
; pifoEngines_0|deque_frontRewrite|armed_31                                                          ;        ;
; pifoEngines_0|deque_frontRewrite|pending_239                                                       ;        ;
; pifoEngines_0|deque_frontRewrite|armed_239                                                         ;        ;
; pifoEngines_0|deque_frontRewrite|pending_47                                                        ;        ;
; pifoEngines_0|deque_frontRewrite|armed_47                                                          ;        ;
; pifoEngines_0|deque_frontRewrite|pending_111                                                       ;        ;
; pifoEngines_0|deque_frontRewrite|armed_111                                                         ;        ;
; pifoEngines_0|deque_frontRewrite|pending_255                                                       ;        ;
; pifoEngines_0|deque_frontRewrite|armed_255                                                         ;        ;
; pifoEngines_0|deque_frontRewrite|pending_127                                                       ;        ;
; streamFifo_53|logic_ptr_push[0]                                                                    ;        ;
; pifoEngines_0|deque_frontRewrite|armed_127                                                         ;        ;
; pifoEngines_0|deque_frontRewrite|pending_175                                                       ;        ;
; pifoEngines_0|deque_frontRewrite|armed_175                                                         ;        ;
; pifoEngines_0|deque_frontRewrite|pending_191                                                       ;        ;
; pifoEngines_0|deque_frontRewrite|armed_191                                                         ;        ;
; pifoEngines_0|deque_frontRewrite|pending_63                                                        ;        ;
; pifoEngines_0|deque_frontRewrite|armed_63                                                          ;        ;
; pifoEngines_0|deque_frontRewrite|pending_249                                                       ;        ;
; pifoEngines_0|deque_frontRewrite|armed_249                                                         ;        ;
; pifoEngines_0|deque_frontRewrite|pending_121                                                       ;        ;
; streamFifo_53|logic_pop_sync_popReg[3]                                                             ;        ;
; pifoEngines_0|deque_frontRewrite|armed_121                                                         ;        ;
; pifoEngines_0|deque_frontRewrite|pending_169                                                       ;        ;
; pifoEngines_0|deque_frontRewrite|armed_169                                                         ;        ;
; pifoEngines_0|deque_frontRewrite|pending_185                                                       ;        ;
; pifoEngines_0|deque_frontRewrite|armed_185                                                         ;        ;
; pifoEngines_0|deque_frontRewrite|pending_57                                                        ;        ;
; pifoEngines_0|deque_frontRewrite|armed_57                                                          ;        ;
; pifoEngines_0|deque_frontRewrite|pending_201                                                       ;        ;
; pifoEngines_0|deque_frontRewrite|armed_201                                                         ;        ;
; pifoEngines_0|deque_frontRewrite|pending_9                                                         ;        ;
; streamFifo_53|logic_pop_sync_popReg[2]                                                             ;        ;
; pifoEngines_0|deque_frontRewrite|armed_9                                                           ;        ;
; pifoEngines_0|deque_frontRewrite|pending_73                                                        ;        ;
; pifoEngines_0|deque_frontRewrite|armed_73                                                          ;        ;
; pifoEngines_0|deque_frontRewrite|pending_217                                                       ;        ;
; pifoEngines_0|deque_frontRewrite|armed_217                                                         ;        ;
; pifoEngines_0|deque_frontRewrite|pending_89                                                        ;        ;
; pifoEngines_0|deque_frontRewrite|armed_89                                                          ;        ;
; pifoEngines_0|deque_frontRewrite|pending_137                                                       ;        ;
; pifoEngines_0|deque_frontRewrite|armed_137                                                         ;        ;
; pifoEngines_0|deque_frontRewrite|pending_153                                                       ;        ;
; io_pop_haltWhen_fork2_logic_linkEnable_1                                                           ;        ;
; pifoEngines_0|deque_frontRewrite|armed_153                                                         ;        ;
; pifoEngines_0|deque_frontRewrite|pending_25                                                        ;        ;
; pifoEngines_0|deque_frontRewrite|armed_25                                                          ;        ;
; pifoEngines_0|deque_frontRewrite|pending_243                                                       ;        ;
; pifoEngines_0|deque_frontRewrite|armed_243                                                         ;        ;
; pifoEngines_0|deque_frontRewrite|pending_211                                                       ;        ;
; pifoEngines_0|deque_frontRewrite|armed_211                                                         ;        ;
; pifoEngines_0|deque_frontRewrite|pending_163                                                       ;        ;
; pifoEngines_0|deque_frontRewrite|armed_163                                                         ;        ;
; pifoEngines_0|deque_frontRewrite|pending_227                                                       ;        ;
; ingress_fifo|logic_pop_addressGen_rValid                                                           ;        ;
; pifoEngines_0|deque_frontRewrite|armed_227                                                         ;        ;
; pifoEngines_0|deque_frontRewrite|pending_195                                                       ;        ;
; pifoEngines_0|deque_frontRewrite|armed_195                                                         ;        ;
; pifoEngines_0|deque_frontRewrite|pending_51                                                        ;        ;
; pifoEngines_0|deque_frontRewrite|armed_51                                                          ;        ;
; pifoEngines_0|deque_frontRewrite|pending_3                                                         ;        ;
; pifoEngines_0|deque_frontRewrite|armed_3                                                           ;        ;
; pifoEngines_0|deque_frontRewrite|pending_19                                                        ;        ;
; pifoEngines_0|deque_frontRewrite|armed_19                                                          ;        ;
; pifoEngines_0|deque_frontRewrite|pending_115                                                       ;        ;
; io_pop_haltWhen_fork2_logic_linkEnable_0                                                           ;        ;
; pifoEngines_0|deque_frontRewrite|armed_115                                                         ;        ;
; pifoEngines_0|deque_frontRewrite|pending_83                                                        ;        ;
; pifoEngines_0|deque_frontRewrite|armed_83                                                          ;        ;
; pifoEngines_0|deque_frontRewrite|pending_35                                                        ;        ;
; pifoEngines_0|deque_frontRewrite|armed_35                                                          ;        ;
; pifoEngines_0|deque_frontRewrite|pending_99                                                        ;        ;
; pifoEngines_0|deque_frontRewrite|armed_99                                                          ;        ;
; pifoEngines_0|deque_frontRewrite|pending_67                                                        ;        ;
; pifoEngines_0|deque_frontRewrite|armed_67                                                          ;        ;
; pifoEngines_0|deque_frontRewrite|pending_183                                                       ;        ;
; reserved[8]                                                                                        ;        ;
; streamFifo_53|logic_ptr_pop[7]                                                                     ;        ;
; pifoEngines_0|deque_frontRewrite|armed_183                                                         ;        ;
; pifoEngines_0|deque_frontRewrite|pending_135                                                       ;        ;
; pifoEngines_0|deque_frontRewrite|armed_135                                                         ;        ;
; pifoEngines_0|deque_frontRewrite|pending_151                                                       ;        ;
; pifoEngines_0|deque_frontRewrite|armed_151                                                         ;        ;
; pifoEngines_0|deque_frontRewrite|pending_247                                                       ;        ;
; pifoEngines_0|deque_frontRewrite|armed_247                                                         ;        ;
; pifoEngines_0|deque_frontRewrite|pending_215                                                       ;        ;
; pifoEngines_0|deque_frontRewrite|armed_215                                                         ;        ;
; pifoEngines_0|deque_frontRewrite|pending_167                                                       ;        ;
; streamFifo_53|logic_pop_sync_popReg[7]                                                             ;        ;
; pifoEngines_0|deque_frontRewrite|armed_167                                                         ;        ;
; pifoEngines_0|deque_frontRewrite|pending_231                                                       ;        ;
; pifoEngines_0|deque_frontRewrite|armed_231                                                         ;        ;
; pifoEngines_0|deque_frontRewrite|pending_199                                                       ;        ;
; pifoEngines_0|deque_frontRewrite|armed_199                                                         ;        ;
; pifoEngines_0|deque_frontRewrite|pending_179                                                       ;        ;
; pifoEngines_0|deque_frontRewrite|armed_179                                                         ;        ;
; pifoEngines_0|deque_frontRewrite|pending_131                                                       ;        ;
; pifoEngines_0|deque_frontRewrite|armed_131                                                         ;        ;
; pifoEngines_0|deque_frontRewrite|pending_147                                                       ;        ;
; streamFifo_53|logic_ptr_push[7]                                                                    ;        ;
; pifoEngines_0|deque_frontRewrite|armed_147                                                         ;        ;
; pifoEngines_0|deque_frontRewrite|pending_55                                                        ;        ;
; pifoEngines_0|deque_frontRewrite|armed_55                                                          ;        ;
; pifoEngines_0|deque_frontRewrite|pending_7                                                         ;        ;
; pifoEngines_0|deque_frontRewrite|armed_7                                                           ;        ;
; pifoEngines_0|deque_frontRewrite|pending_23                                                        ;        ;
; pifoEngines_0|deque_frontRewrite|armed_23                                                          ;        ;
; pifoEngines_0|deque_frontRewrite|pending_119                                                       ;        ;
; pifoEngines_0|deque_frontRewrite|armed_119                                                         ;        ;
; pifoEngines_0|deque_frontRewrite|pending_87                                                        ;        ;
; streamFifo_53|logic_ptr_pop[6]                                                                     ;        ;
; pifoEngines_0|deque_frontRewrite|armed_87                                                          ;        ;
; pifoEngines_0|deque_frontRewrite|pending_39                                                        ;        ;
; pifoEngines_0|deque_frontRewrite|armed_39                                                          ;        ;
; pifoEngines_0|deque_frontRewrite|pending_103                                                       ;        ;
; pifoEngines_0|deque_frontRewrite|armed_103                                                         ;        ;
; pifoEngines_0|deque_frontRewrite|pending_71                                                        ;        ;
; pifoEngines_0|deque_frontRewrite|armed_71                                                          ;        ;
; pifoEngines_1|deque_frontRewrite|pending_248                                                       ;        ;
; pifoEngines_1|deque_frontRewrite|armed_248                                                         ;        ;
; pifoEngines_1|deque_frontRewrite|pending_56                                                        ;        ;
; streamFifo_53|logic_pop_sync_popReg[6]                                                             ;        ;
; pifoEngines_1|deque_frontRewrite|armed_56                                                          ;        ;
; pifoEngines_1|deque_frontRewrite|pending_120                                                       ;        ;
; pifoEngines_1|deque_frontRewrite|armed_120                                                         ;        ;
; pifoEngines_1|deque_frontRewrite|pending_252                                                       ;        ;
; pifoEngines_1|deque_frontRewrite|armed_252                                                         ;        ;
; pifoEngines_1|deque_frontRewrite|pending_124                                                       ;        ;
; pifoEngines_1|deque_frontRewrite|armed_124                                                         ;        ;
; pifoEngines_1|deque_frontRewrite|pending_184                                                       ;        ;
; pifoEngines_1|deque_frontRewrite|armed_184                                                         ;        ;
; pifoEngines_1|deque_frontRewrite|pending_188                                                       ;        ;
; streamFifo_53|logic_ptr_push[6]                                                                    ;        ;
; pifoEngines_1|deque_frontRewrite|armed_188                                                         ;        ;
; pifoEngines_1|deque_frontRewrite|pending_60                                                        ;        ;
; pifoEngines_1|deque_frontRewrite|armed_60                                                          ;        ;
; pifoEngines_1|deque_frontRewrite|pending_232                                                       ;        ;
; pifoEngines_1|deque_frontRewrite|armed_232                                                         ;        ;
; pifoEngines_1|deque_frontRewrite|pending_40                                                        ;        ;
; pifoEngines_1|deque_frontRewrite|armed_40                                                          ;        ;
; pifoEngines_1|deque_frontRewrite|pending_104                                                       ;        ;
; pifoEngines_1|deque_frontRewrite|armed_104                                                         ;        ;
; pifoEngines_1|deque_frontRewrite|pending_240                                                       ;        ;
; streamFifo_53|logic_ptr_pop[5]                                                                     ;        ;
; pifoEngines_1|deque_frontRewrite|armed_240                                                         ;        ;
; pifoEngines_1|deque_frontRewrite|pending_48                                                        ;        ;
; pifoEngines_1|deque_frontRewrite|armed_48                                                          ;        ;
; pifoEngines_1|deque_frontRewrite|pending_112                                                       ;        ;
; pifoEngines_1|deque_frontRewrite|armed_112                                                         ;        ;
; pifoEngines_1|deque_frontRewrite|pending_244                                                       ;        ;
; pifoEngines_1|deque_frontRewrite|armed_244                                                         ;        ;
; pifoEngines_1|deque_frontRewrite|pending_116                                                       ;        ;
; pifoEngines_1|deque_frontRewrite|armed_116                                                         ;        ;
; pifoEngines_1|deque_frontRewrite|pending_176                                                       ;        ;
; streamFifo_53|logic_pop_sync_popReg[5]                                                             ;        ;
; pifoEngines_1|deque_frontRewrite|armed_176                                                         ;        ;
; pifoEngines_1|deque_frontRewrite|pending_180                                                       ;        ;
; pifoEngines_1|deque_frontRewrite|armed_180                                                         ;        ;
; pifoEngines_1|deque_frontRewrite|pending_52                                                        ;        ;
; pifoEngines_1|deque_frontRewrite|armed_52                                                          ;        ;
; pifoEngines_1|deque_frontRewrite|pending_204                                                       ;        ;
; pifoEngines_1|deque_frontRewrite|armed_204                                                         ;        ;
; pifoEngines_1|deque_frontRewrite|pending_76                                                        ;        ;
; pifoEngines_1|deque_frontRewrite|armed_76                                                          ;        ;
; pifoEngines_1|deque_frontRewrite|pending_136                                                       ;        ;
; streamFifo_53|logic_ptr_push[5]                                                                    ;        ;
; pifoEngines_1|deque_frontRewrite|armed_136                                                         ;        ;
; pifoEngines_1|deque_frontRewrite|pending_140                                                       ;        ;
; pifoEngines_1|deque_frontRewrite|armed_140                                                         ;        ;
; pifoEngines_1|deque_frontRewrite|pending_12                                                        ;        ;
; pifoEngines_1|deque_frontRewrite|armed_12                                                          ;        ;
; pifoEngines_1|deque_frontRewrite|pending_192                                                       ;        ;
; pifoEngines_1|deque_frontRewrite|armed_192                                                         ;        ;
; pifoEngines_1|deque_frontRewrite|pending_0                                                         ;        ;
; pifoEngines_1|deque_frontRewrite|armed_0                                                           ;        ;
; pifoEngines_1|deque_frontRewrite|pending_64                                                        ;        ;
; streamFifo_53|logic_ptr_pop[0]                                                                     ;        ;
; pifoEngines_1|deque_frontRewrite|armed_64                                                          ;        ;
; pifoEngines_1|deque_frontRewrite|pending_196                                                       ;        ;
; pifoEngines_1|deque_frontRewrite|armed_196                                                         ;        ;
; pifoEngines_1|deque_frontRewrite|pending_68                                                        ;        ;
; pifoEngines_1|deque_frontRewrite|armed_68                                                          ;        ;
; pifoEngines_1|deque_frontRewrite|pending_128                                                       ;        ;
; pifoEngines_1|deque_frontRewrite|armed_128                                                         ;        ;
; pifoEngines_1|deque_frontRewrite|pending_132                                                       ;        ;
; pifoEngines_1|deque_frontRewrite|armed_132                                                         ;        ;
; pifoEngines_1|deque_frontRewrite|pending_4                                                         ;        ;
; reserved[9]                                                                                        ;        ;
; streamFifo_53|logic_ptr_pop[1]                                                                     ;        ;
; pifoEngines_1|deque_frontRewrite|armed_4                                                           ;        ;
; pifoEngines_1|deque_frontRewrite|pending_216                                                       ;        ;
; pifoEngines_1|deque_frontRewrite|armed_216                                                         ;        ;
; pifoEngines_1|deque_frontRewrite|pending_24                                                        ;        ;
; pifoEngines_1|deque_frontRewrite|armed_24                                                          ;        ;
; pifoEngines_1|deque_frontRewrite|pending_88                                                        ;        ;
; pifoEngines_1|deque_frontRewrite|armed_88                                                          ;        ;
; pifoEngines_1|deque_frontRewrite|pending_220                                                       ;        ;
; pifoEngines_1|deque_frontRewrite|armed_220                                                         ;        ;
; pifoEngines_1|deque_frontRewrite|pending_92                                                        ;        ;
; streamFifo_53|logic_ptr_pop[2]                                                                     ;        ;
; pifoEngines_1|deque_frontRewrite|armed_92                                                          ;        ;
; pifoEngines_1|deque_frontRewrite|pending_152                                                       ;        ;
; pifoEngines_1|deque_frontRewrite|armed_152                                                         ;        ;
; pifoEngines_1|deque_frontRewrite|pending_156                                                       ;        ;
; pifoEngines_1|deque_frontRewrite|armed_156                                                         ;        ;
; pifoEngines_1|deque_frontRewrite|pending_28                                                        ;        ;
; pifoEngines_1|deque_frontRewrite|armed_28                                                          ;        ;
; pifoEngines_1|deque_frontRewrite|pending_200                                                       ;        ;
; pifoEngines_1|deque_frontRewrite|armed_200                                                         ;        ;
; pifoEngines_1|deque_frontRewrite|pending_8                                                         ;        ;
; streamFifo_53|logic_ptr_pop[3]                                                                     ;        ;
; pifoEngines_1|deque_frontRewrite|armed_8                                                           ;        ;
; pifoEngines_1|deque_frontRewrite|pending_72                                                        ;        ;
; pifoEngines_1|deque_frontRewrite|armed_72                                                          ;        ;
; pifoEngines_1|deque_frontRewrite|pending_208                                                       ;        ;
; pifoEngines_1|deque_frontRewrite|armed_208                                                         ;        ;
; pifoEngines_1|deque_frontRewrite|pending_16                                                        ;        ;
; pifoEngines_1|deque_frontRewrite|armed_16                                                          ;        ;
; pifoEngines_1|deque_frontRewrite|pending_80                                                        ;        ;
; pifoEngines_1|deque_frontRewrite|armed_80                                                          ;        ;
; pifoEngines_1|deque_frontRewrite|pending_212                                                       ;        ;
; streamFifo_53|logic_ptr_pop[4]                                                                     ;        ;
; pifoEngines_1|deque_frontRewrite|armed_212                                                         ;        ;
; pifoEngines_1|deque_frontRewrite|pending_84                                                        ;        ;
; pifoEngines_1|deque_frontRewrite|armed_84                                                          ;        ;
; pifoEngines_1|deque_frontRewrite|pending_144                                                       ;        ;
; pifoEngines_1|deque_frontRewrite|armed_144                                                         ;        ;
; pifoEngines_1|deque_frontRewrite|pending_148                                                       ;        ;
; pifoEngines_1|deque_frontRewrite|armed_148                                                         ;        ;
; pifoEngines_1|deque_frontRewrite|pending_20                                                        ;        ;
; pifoEngines_1|deque_frontRewrite|armed_20                                                          ;        ;
; pifoEngines_1|deque_frontRewrite|pending_237                                                       ;        ;
; streamFifo_53|logic_pop_sync_popReg[4]                                                             ;        ;
; pifoEngines_1|deque_frontRewrite|armed_237                                                         ;        ;
; pifoEngines_1|deque_frontRewrite|pending_45                                                        ;        ;
; pifoEngines_1|deque_frontRewrite|armed_45                                                          ;        ;
; pifoEngines_1|deque_frontRewrite|pending_109                                                       ;        ;
; pifoEngines_1|deque_frontRewrite|armed_109                                                         ;        ;
; pifoEngines_1|deque_frontRewrite|pending_253                                                       ;        ;
; pifoEngines_1|deque_frontRewrite|armed_253                                                         ;        ;
; pifoEngines_1|deque_frontRewrite|pending_125                                                       ;        ;
; pifoEngines_1|deque_frontRewrite|armed_125                                                         ;        ;
; pifoEngines_1|deque_frontRewrite|pending_173                                                       ;        ;
; streamFifo_53|logic_ptr_push[3]                                                                    ;        ;
; pifoEngines_1|deque_frontRewrite|armed_173                                                         ;        ;
; pifoEngines_1|deque_frontRewrite|pending_189                                                       ;        ;
; pifoEngines_1|deque_frontRewrite|armed_189                                                         ;        ;
; pifoEngines_1|deque_frontRewrite|pending_61                                                        ;        ;
; pifoEngines_1|deque_frontRewrite|armed_61                                                          ;        ;
; pifoEngines_1|deque_frontRewrite|pending_233                                                       ;        ;
; pifoEngines_1|deque_frontRewrite|armed_233                                                         ;        ;
; pifoEngines_1|deque_frontRewrite|pending_41                                                        ;        ;
; pifoEngines_1|deque_frontRewrite|armed_41                                                          ;        ;
; pifoEngines_1|deque_frontRewrite|pending_105                                                       ;        ;
; streamFifo_53|logic_ptr_push[4]                                                                    ;        ;
; pifoEngines_1|deque_frontRewrite|armed_105                                                         ;        ;
; pifoEngines_1|deque_frontRewrite|pending_205                                                       ;        ;
; pifoEngines_1|deque_frontRewrite|armed_205                                                         ;        ;
; pifoEngines_1|deque_frontRewrite|pending_13                                                        ;        ;
; pifoEngines_1|deque_frontRewrite|armed_13                                                          ;        ;
; pifoEngines_1|deque_frontRewrite|pending_77                                                        ;        ;
; pifoEngines_1|deque_frontRewrite|armed_77                                                          ;        ;
; pifoEngines_1|deque_frontRewrite|pending_221                                                       ;        ;
; pifoEngines_1|deque_frontRewrite|armed_221                                                         ;        ;
; pifoEngines_1|deque_frontRewrite|pending_93                                                        ;        ;
; streamFifo_53|logic_ptr_push[1]                                                                    ;        ;
; pifoEngines_1|deque_frontRewrite|armed_93                                                          ;        ;
; pifoEngines_1|deque_frontRewrite|pending_141                                                       ;        ;
; pifoEngines_1|deque_frontRewrite|armed_141                                                         ;        ;
; pifoEngines_1|deque_frontRewrite|pending_157                                                       ;        ;
; pifoEngines_1|deque_frontRewrite|armed_157                                                         ;        ;
; pifoEngines_1|deque_frontRewrite|pending_29                                                        ;        ;
; pifoEngines_1|deque_frontRewrite|armed_29                                                          ;        ;
; pifoEngines_1|deque_frontRewrite|pending_241                                                       ;        ;
; pifoEngines_1|deque_frontRewrite|armed_241                                                         ;        ;
; pifoEngines_1|deque_frontRewrite|pending_113                                                       ;        ;
; streamFifo_53|logic_ptr_push[2]                                                                    ;        ;
; pifoEngines_1|deque_frontRewrite|armed_113                                                         ;        ;
; pifoEngines_1|deque_frontRewrite|pending_161                                                       ;        ;
; pifoEngines_1|deque_frontRewrite|armed_161                                                         ;        ;
; pifoEngines_1|deque_frontRewrite|pending_177                                                       ;        ;
; pifoEngines_1|deque_frontRewrite|armed_177                                                         ;        ;
; pifoEngines_1|deque_frontRewrite|pending_49                                                        ;        ;
; pifoEngines_1|deque_frontRewrite|armed_49                                                          ;        ;
; pifoEngines_1|deque_frontRewrite|pending_193                                                       ;        ;
; pifoEngines_1|deque_frontRewrite|armed_193                                                         ;        ;
; pifoEngines_1|deque_frontRewrite|pending_1                                                         ;        ;
; streamFifo_53|logic_ptr_pop[12]                                                                    ;        ;
; pifoEngines_1|deque_frontRewrite|armed_1                                                           ;        ;
; pifoEngines_1|deque_frontRewrite|pending_65                                                        ;        ;
; pifoEngines_1|deque_frontRewrite|armed_65                                                          ;        ;
; pifoEngines_1|deque_frontRewrite|pending_209                                                       ;        ;
; pifoEngines_1|deque_frontRewrite|armed_209                                                         ;        ;
; pifoEngines_1|deque_frontRewrite|pending_81                                                        ;        ;
; pifoEngines_1|deque_frontRewrite|armed_81                                                          ;        ;
; pifoEngines_1|deque_frontRewrite|pending_129                                                       ;        ;
; pifoEngines_1|deque_frontRewrite|armed_129                                                         ;        ;
; pifoEngines_1|deque_frontRewrite|pending_145                                                       ;        ;
; reserved[10]                                                                                       ;        ;
; streamFifo_53|logic_ptr_pop[13]                                                                    ;        ;
; pifoEngines_1|deque_frontRewrite|armed_145                                                         ;        ;
; pifoEngines_1|deque_frontRewrite|pending_17                                                        ;        ;
; pifoEngines_1|deque_frontRewrite|armed_17                                                          ;        ;
; pifoEngines_1|deque_frontRewrite|pending_229                                                       ;        ;
; pifoEngines_1|deque_frontRewrite|armed_229                                                         ;        ;
; pifoEngines_1|deque_frontRewrite|pending_37                                                        ;        ;
; pifoEngines_1|deque_frontRewrite|armed_37                                                          ;        ;
; pifoEngines_1|deque_frontRewrite|pending_101                                                       ;        ;
; pifoEngines_1|deque_frontRewrite|armed_101                                                         ;        ;
; pifoEngines_1|deque_frontRewrite|pending_245                                                       ;        ;
; streamFifo_53|logic_ram_rtl_0|auto_generated|altera_syncram_impl1|address_reg_b[2]                 ;        ;
; pifoEngines_1|deque_frontRewrite|armed_245                                                         ;        ;
; pifoEngines_1|deque_frontRewrite|pending_117                                                       ;        ;
; pifoEngines_1|deque_frontRewrite|armed_117                                                         ;        ;
; pifoEngines_1|deque_frontRewrite|pending_165                                                       ;        ;
; pifoEngines_1|deque_frontRewrite|armed_165                                                         ;        ;
; pifoEngines_1|deque_frontRewrite|pending_181                                                       ;        ;
; pifoEngines_1|deque_frontRewrite|armed_181                                                         ;        ;
; pifoEngines_1|deque_frontRewrite|pending_53                                                        ;        ;
; pifoEngines_1|deque_frontRewrite|armed_53                                                          ;        ;
; pifoEngines_1|deque_frontRewrite|pending_225                                                       ;        ;
; io_pop_haltWhen_fork2_outputs_0_fork2_outputs_1_takeWhen_haltWhen_fork|logic_linkEnable_4          ;        ;
; pifoEngines_1|deque_frontRewrite|armed_225                                                         ;        ;
; pifoEngines_1|deque_frontRewrite|pending_33                                                        ;        ;
; pifoEngines_1|deque_frontRewrite|armed_33                                                          ;        ;
; pifoEngines_1|deque_frontRewrite|pending_97                                                        ;        ;
; pifoEngines_1|deque_frontRewrite|armed_97                                                          ;        ;
; pifoEngines_1|deque_frontRewrite|pending_197                                                       ;        ;
; pifoEngines_1|deque_frontRewrite|armed_197                                                         ;        ;
; pifoEngines_1|deque_frontRewrite|pending_5                                                         ;        ;
; pifoEngines_1|deque_frontRewrite|armed_5                                                           ;        ;
; pifoEngines_1|deque_frontRewrite|pending_69                                                        ;        ;
; replaying                                                                                          ;        ;
; pifoEngines_1|deque_frontRewrite|armed_69                                                          ;        ;
; pifoEngines_1|deque_frontRewrite|pending_213                                                       ;        ;
; pifoEngines_1|deque_frontRewrite|armed_213                                                         ;        ;
; pifoEngines_1|deque_frontRewrite|pending_85                                                        ;        ;
; pifoEngines_1|deque_frontRewrite|armed_85                                                          ;        ;
; pifoEngines_1|deque_frontRewrite|pending_133                                                       ;        ;
; pifoEngines_1|deque_frontRewrite|armed_133                                                         ;        ;
; pifoEngines_1|deque_frontRewrite|pending_149                                                       ;        ;
; pifoEngines_1|deque_frontRewrite|armed_149                                                         ;        ;
; pifoEngines_1|deque_frontRewrite|pending_21                                                        ;        ;
; streamFifo_53|logic_pop_addressGen_rValid                                                          ;        ;
; pifoEngines_1|deque_frontRewrite|armed_21                                                          ;        ;
; pifoEngines_1|deque_frontRewrite|pending_46                                                        ;        ;
; pifoEngines_1|deque_frontRewrite|armed_46                                                          ;        ;
; pifoEngines_1|deque_frontRewrite|pending_34                                                        ;        ;
; pifoEngines_1|deque_frontRewrite|armed_34                                                          ;        ;
; pifoEngines_1|deque_frontRewrite|pending_38                                                        ;        ;
; pifoEngines_1|deque_frontRewrite|armed_38                                                          ;        ;
; pifoEngines_1|deque_frontRewrite|pending_110                                                       ;        ;
; pifoEngines_1|deque_frontRewrite|armed_110                                                         ;        ;
; pifoEngines_1|deque_frontRewrite|pending_102                                                       ;        ;
; reserved[3]                                                                                        ;        ;
; pifoEngines_1|deque_frontRewrite|armed_102                                                         ;        ;
; pifoEngines_1|deque_frontRewrite|pending_42                                                        ;        ;
; pifoEngines_1|deque_frontRewrite|armed_42                                                          ;        ;
; pifoEngines_1|deque_frontRewrite|pending_106                                                       ;        ;
; pifoEngines_1|deque_frontRewrite|armed_106                                                         ;        ;
; pifoEngines_1|deque_frontRewrite|pending_98                                                        ;        ;
; pifoEngines_1|deque_frontRewrite|armed_98                                                          ;        ;
; pifoEngines_1|deque_frontRewrite|pending_174                                                       ;        ;
; pifoEngines_1|deque_frontRewrite|armed_174                                                         ;        ;
; pifoEngines_1|deque_frontRewrite|pending_162                                                       ;        ;
; reserved[4]                                                                                        ;        ;
; pifoEngines_1|deque_frontRewrite|armed_162                                                         ;        ;
; pifoEngines_1|deque_frontRewrite|pending_166                                                       ;        ;
; pifoEngines_1|deque_frontRewrite|armed_166                                                         ;        ;
; pifoEngines_1|deque_frontRewrite|pending_238                                                       ;        ;
; pifoEngines_1|deque_frontRewrite|armed_238                                                         ;        ;
; pifoEngines_1|deque_frontRewrite|pending_230                                                       ;        ;
; pifoEngines_1|deque_frontRewrite|armed_230                                                         ;        ;
; pifoEngines_1|deque_frontRewrite|pending_170                                                       ;        ;
; pifoEngines_1|deque_frontRewrite|armed_170                                                         ;        ;
; pifoEngines_1|deque_frontRewrite|pending_234                                                       ;        ;
; io_pop_haltWhen_fork2_outputs_0_fork2_outputs_1_takeWhen_haltWhen_fork|logic_linkEnable_0          ;        ;
; pifoEngines_1|deque_frontRewrite|armed_234                                                         ;        ;
; pifoEngines_1|deque_frontRewrite|pending_226                                                       ;        ;
; pifoEngines_1|deque_frontRewrite|armed_226                                                         ;        ;
; pifoEngines_1|deque_frontRewrite|pending_242                                                       ;        ;
; pifoEngines_1|deque_frontRewrite|armed_242                                                         ;        ;
; pifoEngines_1|deque_frontRewrite|pending_50                                                        ;        ;
; pifoEngines_1|deque_frontRewrite|armed_50                                                          ;        ;
; pifoEngines_1|deque_frontRewrite|pending_114                                                       ;        ;
; pifoEngines_1|deque_frontRewrite|armed_114                                                         ;        ;
; pifoEngines_1|deque_frontRewrite|pending_246                                                       ;        ;
; pifoEngines_0|enque_enqueMapper|activeBank                                                         ;        ;
; pifoEngines_1|deque_frontRewrite|armed_246                                                         ;        ;
; pifoEngines_1|deque_frontRewrite|pending_118                                                       ;        ;
; pifoEngines_1|deque_frontRewrite|armed_118                                                         ;        ;
; pifoEngines_1|deque_frontRewrite|pending_178                                                       ;        ;
; pifoEngines_1|deque_frontRewrite|armed_178                                                         ;        ;
; pifoEngines_1|deque_frontRewrite|pending_182                                                       ;        ;
; pifoEngines_1|deque_frontRewrite|armed_182                                                         ;        ;
; pifoEngines_1|deque_frontRewrite|pending_54                                                        ;        ;
; pifoEngines_1|deque_frontRewrite|armed_54                                                          ;        ;
; pifoEngines_1|deque_frontRewrite|pending_250                                                       ;        ;
; pifoEngines_0|enque_flowIdStream_fifo|fifo|logic_ptr_push[1]                                       ;        ;
; pifoEngines_1|deque_frontRewrite|armed_250                                                         ;        ;
; pifoEngines_1|deque_frontRewrite|pending_58                                                        ;        ;
; pifoEngines_1|deque_frontRewrite|armed_58                                                          ;        ;
; pifoEngines_1|deque_frontRewrite|pending_122                                                       ;        ;
; pifoEngines_1|deque_frontRewrite|armed_122                                                         ;        ;
; pifoEngines_1|deque_frontRewrite|pending_254                                                       ;        ;
; pifoEngines_1|deque_frontRewrite|armed_254                                                         ;        ;
; pifoEngines_1|deque_frontRewrite|pending_126                                                       ;        ;
; pifoEngines_1|deque_frontRewrite|armed_126                                                         ;        ;
; pifoEngines_1|deque_frontRewrite|pending_186                                                       ;        ;
; reserved[11]                                                                                       ;        ;
; pifoEngines_0|enque_flowIdStream_fifo|fifo|logic_ptr_pop[1]                                        ;        ;
; pifoEngines_1|deque_frontRewrite|armed_186                                                         ;        ;
; pifoEngines_1|deque_frontRewrite|pending_190                                                       ;        ;
; pifoEngines_1|deque_frontRewrite|armed_190                                                         ;        ;
; pifoEngines_1|deque_frontRewrite|pending_62                                                        ;        ;
; pifoEngines_1|deque_frontRewrite|armed_62                                                          ;        ;
; pifoEngines_1|deque_frontRewrite|pending_236                                                       ;        ;
; pifoEngines_1|deque_frontRewrite|armed_236                                                         ;        ;
; pifoEngines_1|deque_frontRewrite|pending_108                                                       ;        ;
; pifoEngines_1|deque_frontRewrite|armed_108                                                         ;        ;
; pifoEngines_1|deque_frontRewrite|pending_168                                                       ;        ;
; pifoEngines_0|enque_brain|io_outputs_4_fifo|fifo|logic_ptr_pop[1]                                  ;        ;
; pifoEngines_1|deque_frontRewrite|armed_168                                                         ;        ;
; pifoEngines_1|deque_frontRewrite|pending_172                                                       ;        ;
; pifoEngines_1|deque_frontRewrite|armed_172                                                         ;        ;
; pifoEngines_1|deque_frontRewrite|pending_44                                                        ;        ;
; pifoEngines_1|deque_frontRewrite|armed_44                                                          ;        ;
; pifoEngines_1|deque_frontRewrite|pending_224                                                       ;        ;
; pifoEngines_1|deque_frontRewrite|armed_224                                                         ;        ;
; pifoEngines_1|deque_frontRewrite|pending_32                                                        ;        ;
; pifoEngines_1|deque_frontRewrite|armed_32                                                          ;        ;
; pifoEngines_1|deque_frontRewrite|pending_96                                                        ;        ;
; pifoEngines_0|enque_brain|io_outputs_4_fifo|fifo|logic_ptr_push[1]                                 ;        ;
; pifoEngines_1|deque_frontRewrite|armed_96                                                          ;        ;
; pifoEngines_1|deque_frontRewrite|pending_228                                                       ;        ;
; pifoEngines_1|deque_frontRewrite|armed_228                                                         ;        ;
; pifoEngines_1|deque_frontRewrite|pending_100                                                       ;        ;
; pifoEngines_1|deque_frontRewrite|armed_100                                                         ;        ;
; pifoEngines_1|deque_frontRewrite|pending_160                                                       ;        ;
; pifoEngines_1|deque_frontRewrite|armed_160                                                         ;        ;
; pifoEngines_1|deque_frontRewrite|pending_164                                                       ;        ;
; pifoEngines_1|deque_frontRewrite|armed_164                                                         ;        ;
; pifoEngines_1|deque_frontRewrite|pending_36                                                        ;        ;
; pifoEngines_0|enque_brain|lastVirtualMapper_io_readRes_toStream_fifo|fifo|logic_ptr_push[1]        ;        ;
; pifoEngines_1|deque_frontRewrite|armed_36                                                          ;        ;
; pifoEngines_1|deque_frontRewrite|pending_206                                                       ;        ;
; pifoEngines_1|deque_frontRewrite|armed_206                                                         ;        ;
; pifoEngines_1|deque_frontRewrite|pending_198                                                       ;        ;
; pifoEngines_1|deque_frontRewrite|armed_198                                                         ;        ;
; pifoEngines_1|deque_frontRewrite|pending_138                                                       ;        ;
; pifoEngines_1|deque_frontRewrite|armed_138                                                         ;        ;
; pifoEngines_1|deque_frontRewrite|pending_202                                                       ;        ;
; pifoEngines_1|deque_frontRewrite|armed_202                                                         ;        ;
; pifoEngines_1|deque_frontRewrite|pending_194                                                       ;        ;
; pifoEngines_0|enque_brain|lastVirtualMapper_io_readRes_toStream_fifo|fifo|logic_ptr_pop[1]         ;        ;
; pifoEngines_1|deque_frontRewrite|armed_194                                                         ;        ;
; pifoEngines_1|deque_frontRewrite|pending_14                                                        ;        ;
; pifoEngines_1|deque_frontRewrite|armed_14                                                          ;        ;
; pifoEngines_1|deque_frontRewrite|pending_2                                                         ;        ;
; pifoEngines_1|deque_frontRewrite|armed_2                                                           ;        ;
; pifoEngines_1|deque_frontRewrite|pending_6                                                         ;        ;
; pifoEngines_1|deque_frontRewrite|armed_6                                                           ;        ;
; pifoEngines_1|deque_frontRewrite|pending_78                                                        ;        ;
; pifoEngines_1|deque_frontRewrite|armed_78                                                          ;        ;
; pifoEngines_1|deque_frontRewrite|pending_70                                                        ;        ;
; pifoEngines_0|enque_brain|lastVirtualMapper_io_readRes_toStream_fifo|fifo|logic_ptr_pop[0]         ;        ;
; pifoEngines_1|deque_frontRewrite|armed_70                                                          ;        ;
; pifoEngines_1|deque_frontRewrite|pending_10                                                        ;        ;
; pifoEngines_1|deque_frontRewrite|armed_10                                                          ;        ;
; pifoEngines_1|deque_frontRewrite|pending_74                                                        ;        ;
; pifoEngines_1|deque_frontRewrite|armed_74                                                          ;        ;
; pifoEngines_1|deque_frontRewrite|pending_66                                                        ;        ;
; pifoEngines_1|deque_frontRewrite|armed_66                                                          ;        ;
; pifoEngines_1|deque_frontRewrite|pending_158                                                       ;        ;
; pifoEngines_1|deque_frontRewrite|armed_158                                                         ;        ;
; pifoEngines_1|deque_frontRewrite|pending_146                                                       ;        ;
; pifoEngines_0|enque_brain|lastVirtualMapper_io_readRes_toStream_fifo|fifo|logic_ptr_push[0]        ;        ;
; pifoEngines_1|deque_frontRewrite|armed_146                                                         ;        ;
; pifoEngines_1|deque_frontRewrite|pending_150                                                       ;        ;
; pifoEngines_1|deque_frontRewrite|armed_150                                                         ;        ;
; pifoEngines_1|deque_frontRewrite|pending_222                                                       ;        ;
; pifoEngines_1|deque_frontRewrite|armed_222                                                         ;        ;
; pifoEngines_1|deque_frontRewrite|pending_214                                                       ;        ;
; pifoEngines_1|deque_frontRewrite|armed_214                                                         ;        ;
; pifoEngines_1|deque_frontRewrite|pending_154                                                       ;        ;
; pifoEngines_1|deque_frontRewrite|armed_154                                                         ;        ;
; pifoEngines_1|deque_frontRewrite|pending_218                                                       ;        ;
; pifoEngines_0|enque_brain|engineMapper_io_readRes_toStream_fifo|fifo|logic_ptr_push[1]             ;        ;
; pifoEngines_1|deque_frontRewrite|armed_218                                                         ;        ;
; pifoEngines_1|deque_frontRewrite|pending_210                                                       ;        ;
; pifoEngines_1|deque_frontRewrite|armed_210                                                         ;        ;
; pifoEngines_1|deque_frontRewrite|pending_142                                                       ;        ;
; pifoEngines_1|deque_frontRewrite|armed_142                                                         ;        ;
; pifoEngines_1|deque_frontRewrite|pending_130                                                       ;        ;
; pifoEngines_1|deque_frontRewrite|armed_130                                                         ;        ;
; pifoEngines_1|deque_frontRewrite|pending_134                                                       ;        ;
; pifoEngines_1|deque_frontRewrite|armed_134                                                         ;        ;
; pifoEngines_1|deque_frontRewrite|pending_30                                                        ;        ;
; pifoEngines_0|enque_brain|engineMapper_io_readRes_toStream_fifo|fifo|logic_ptr_pop[1]              ;        ;
; pifoEngines_1|deque_frontRewrite|armed_30                                                          ;        ;
; pifoEngines_1|deque_frontRewrite|pending_18                                                        ;        ;
; pifoEngines_1|deque_frontRewrite|armed_18                                                          ;        ;
; pifoEngines_1|deque_frontRewrite|pending_22                                                        ;        ;
; pifoEngines_1|deque_frontRewrite|armed_22                                                          ;        ;
; pifoEngines_1|deque_frontRewrite|pending_94                                                        ;        ;
; pifoEngines_1|deque_frontRewrite|armed_94                                                          ;        ;
; pifoEngines_1|deque_frontRewrite|pending_86                                                        ;        ;
; pifoEngines_1|deque_frontRewrite|armed_86                                                          ;        ;
; pifoEngines_1|deque_frontRewrite|pending_26                                                        ;        ;
; pifoEngines_0|enque_brain|engineMapper_io_readRes_toStream_fifo|fifo|logic_ptr_pop[0]              ;        ;
; pifoEngines_1|deque_frontRewrite|armed_26                                                          ;        ;
; pifoEngines_1|deque_frontRewrite|pending_90                                                        ;        ;
; pifoEngines_1|deque_frontRewrite|armed_90                                                          ;        ;
; pifoEngines_1|deque_frontRewrite|pending_82                                                        ;        ;
; pifoEngines_1|deque_frontRewrite|armed_82                                                          ;        ;
; pifoEngines_1|deque_frontRewrite|pending_59                                                        ;        ;
; pifoEngines_1|deque_frontRewrite|armed_59                                                          ;        ;
; pifoEngines_1|deque_frontRewrite|pending_11                                                        ;        ;
; pifoEngines_1|deque_frontRewrite|armed_11                                                          ;        ;
; pifoEngines_1|deque_frontRewrite|pending_27                                                        ;        ;
+----------------------------------------------------------------------------------------------------+--------+


Status:		PASS
Severity:		High
Number of violations: 	0
Rule Parameters:      	max_violations = 5000
+-------------------------------------------------+
; LNT-30011 - Design Contains Combinational Loops ;
+-------------------------------------------------+


Status:		PASS
Severity:		Medium
Number of violations: 	0
Rule Parameters:      	max_violations = 5000
+-----------------------------------------------------------------------------------------------------------------+
; LNT-30017 - Register Output Driving Its Own Asynchronous Control Signal Directly or Through Combinational Logic ;
+-----------------------------------------------------------------------------------------------------------------+


Status:		PASS
Severity:		Medium
Number of violations: 	0
Rule Parameters:      	max_violations = 5000
+-----------------------------------------------+
; LNT-30023 - Reset Nets with Polarity Conflict ;
+-----------------------------------------------+


Status:		PASS
Severity:		Medium
Number of violations: 	0
Rule Parameters:      	max_violations = 5000
+-------------------------------------------------+
; RES-30132 - Registers May Not Be Properly Reset ;
+-------------------------------------------------+


Status:		PASS
Severity:		Medium
Number of violations: 	0
Rule Parameters:      	
		max_violations = 5000
		exclude_ram_blocks_without_mif = True
+---------------------------------------------------------------------------------------------------------------------+
; RES-30133 - Embedded Memory Blocks with Initialized Content That Might be Modified Before the FPGA Enters User Mode ;
+---------------------------------------------------------------------------------------------------------------------+


Status:		PASS
Severity:		Medium
Number of violations: 	0
Rule Parameters:      	max_violations = 5000
+--------------------------------------------------------+
; TMC-20052 - Paths with Post Synthesis Inferred Latches ;
+--------------------------------------------------------+


Status:		PASS
Severity:		Low
Number of violations: 	0
Rule Parameters:      	max_violations = 5000
+------------------------------------------------+
; FLP-10500 - Non Driving Top Level Inputs Found ;
+------------------------------------------------+


Status:		PASS
Severity:		Low
Number of violations: 	0
Rule Parameters:      	max_violations = 5000
+--------------------------------------------------------------+
; LNT-30010 - Nets Driving both Reset and Clock Enable Signals ;
+--------------------------------------------------------------+


Status:		PASS
Severity:		Low
Number of violations: 	0
Rule Parameters:      	
		max_violations = 5000
		DSP_Chain_Threshold = 2
		DSP_Check_User_WYSIWYGs = True
+--------------------------------------------------------------+
; LNT-50006 - DSP Control Signal Registers Reset Mode Mismatch ;
+--------------------------------------------------------------+


Status:		PASS
Severity:		Low
Number of violations: 	0
Rule Parameters:      	
		max_violations = 5000
		DSP_High_Fanout_Net_Threshold = 500
		DSP_Chain_Threshold = 2
		DSP_Check_User_WYSIWYGs = True
+---------------------------------------------------+
; TMC-20053 - DSP Inputs Driven by High Fan-Out Net ;
+---------------------------------------------------+


Status:		PASS
Severity:		Low
Number of violations: 	0
Rule Parameters:      	max_violations = 5000
+-----------------------------------------------------------------------+
; TMC-20500 - Hierarchical Tree Duplication was Shallower than Possible ;
+-----------------------------------------------------------------------+


Status:		PASS
Severity:		Low
Number of violations: 	0
Rule Parameters:      	max_violations = 5000
+------------------------------------------------------------------------+
; TMC-20501 - Hierarchical Tree Duplication was Shallower than Requested ;
+------------------------------------------------------------------------+


