request_id,global_flow_id,size_bytes,arrival_cycle,admitted_cycle,completed_cycle,admission_delay_cycles,sojourn_cycles
1,1,48,0,1,24,1,24
5,1,48,11,13,27,2,16
3,3,48,5,6,30,1,25
2,2,48,3,4,33,1,30
4,4,48,8,9,36,1,28
9,1,48,22,23,39,1,17
6,2,48,14,15,42,1,28
7,3,48,16,18,45,2,29
13,1,48,33,35,48,2,15
10,2,48,25,26,51,1,26
8,4,48,19,20,54,1,35
17,1,48,44,46,57,2,13
11,3,48,27,29,60,2,33
14,2,48,36,38,63,2,27
18,2,48,47,48,66,1,19
12,4,48,30,32,69,2,39
21,1,48,55,56,72,1,17
22,2,48,58,59,75,1,17
15,3,48,38,39,78,1,40
25,1,48,65,66,81,1,16
16,4,48,41,42,84,1,43
26,2,48,68,69,87,1,19
19,3,48,49,51,90,2,41
29,1,48,76,77,93,1,17
30,2,48,79,80,96,1,17
20,4,48,52,53,99,1,47
23,3,48,60,62,102,2,42
33,1,48,87,89,105,2,18
34,2,48,90,92,108,2,18
24,4,48,63,65,111,2,48
27,3,48,70,72,114,2,44
37,1,48,98,100,117,2,19
38,2,48,101,102,120,1,19
28,4,48,73,74,123,1,50
41,1,48,109,110,126,1,17
42,2,48,112,113,129,1,17
31,3,48,81,83,132,2,51
32,4,48,84,86,135,2,51
45,1,48,120,122,138,2,18
46,2,48,123,125,141,2,18
35,3,48,92,93,144,1,52
36,4,48,95,96,147,1,52
49,1,48,131,133,150,2,19
50,2,48,134,135,153,1,19
39,3,48,103,105,156,2,53
53,1,48,142,143,159,1,17
54,2,48,145,146,162,1,17
40,4,48,106,107,165,1,59
43,3,48,114,116,168,2,54
57,1,48,153,155,171,2,18
58,2,48,156,158,174,2,18
44,4,48,117,119,177,2,60
47,3,48,125,126,180,1,55
61,1,48,164,166,183,2,19
62,2,48,167,168,186,1,19
48,4,48,128,129,189,1,61
65,1,48,175,176,192,1,17
66,2,48,178,179,195,1,17
51,3,48,136,138,198,2,62
69,1,48,185,186,201,1,16
52,4,48,139,140,204,1,65
70,2,48,188,189,207,1,19
55,3,48,147,149,210,2,63
73,1,48,196,197,213,1,17
74,2,48,199,200,216,1,17
56,4,48,150,152,219,2,69
59,3,48,158,159,222,1,64
77,1,48,207,209,225,2,18
78,2,48,210,212,228,2,18
60,4,48,161,162,231,1,70
63,3,48,169,171,234,2,65
81,1,48,218,220,237,2,19
82,2,48,221,222,240,1,19
64,4,48,172,173,243,1,71
85,1,48,229,230,246,1,17
86,2,48,232,233,249,1,17
67,3,48,180,182,252,2,72
68,4,48,183,185,255,2,72
89,1,48,240,242,258,2,18
90,2,48,243,245,261,2,18
71,3,48,190,192,264,2,74
72,4,48,193,194,267,1,74
93,1,48,251,253,270,2,19
94,2,48,254,255,273,1,19
75,3,48,201,203,276,2,75
97,1,48,262,263,279,1,17
98,2,48,265,266,282,1,17
76,4,48,204,206,285,2,81
79,3,48,212,213,288,1,76
101,1,48,273,275,291,2,18
102,2,48,276,278,294,2,18
80,4,48,215,216,297,1,82
83,3,48,223,225,300,2,77
105,1,48,284,286,303,2,19
106,2,48,287,288,306,1,19
84,4,48,226,227,309,1,83
109,1,48,295,296,312,1,17
110,2,48,298,299,315,1,17
87,3,48,234,236,318,2,84
113,1,48,305,306,321,1,16
88,4,48,237,239,324,2,87
114,2,48,308,309,327,1,19
91,3,48,245,246,330,1,85
117,1,48,316,317,333,1,17
118,2,48,319,320,336,1,17
92,4,48,248,249,339,1,91
95,3,48,256,258,342,2,86
121,1,48,327,329,345,2,18
122,2,48,330,332,348,2,18
96,4,48,259,260,351,1,92
99,3,48,267,269,354,2,87
125,1,48,338,340,357,2,19
126,2,48,341,342,360,1,19
100,4,48,270,272,363,2,93
129,1,48,349,350,366,1,17
130,2,48,352,353,369,1,17
103,3,48,278,279,372,1,94
104,4,48,281,282,375,1,94
133,1,48,360,362,378,2,18
134,2,48,363,365,381,2,18
107,3,48,289,291,384,2,95
108,4,48,292,293,387,1,95
137,1,48,371,373,390,2,19
138,2,48,374,375,393,1,19
111,3,48,300,302,396,2,96
141,1,48,382,383,399,1,17
142,2,48,385,386,402,1,17
112,4,48,303,305,405,2,102
115,3,48,310,312,408,2,98
145,1,48,393,395,411,2,18
146,2,48,396,398,414,2,18
116,4,48,313,314,417,1,104
119,3,48,321,323,420,2,99
149,1,48,404,406,423,2,19
150,2,48,407,408,426,1,19
120,4,48,324,326,429,2,105
153,1,48,415,416,432,1,17
154,2,48,418,419,435,1,17
123,3,48,332,333,438,1,106
157,1,48,425,426,441,1,16
124,4,48,335,336,444,1,109
158,2,48,428,429,447,1,19
127,3,48,343,345,450,2,107
161,1,48,436,437,453,1,17
162,2,48,439,440,456,1,17
128,4,48,346,347,459,1,113
131,3,48,354,356,462,2,108
165,1,48,447,449,465,2,18
166,2,48,450,452,468,2,18
132,4,48,357,359,471,2,114
135,3,48,365,366,474,1,109
169,1,48,458,460,477,2,19
170,2,48,461,462,480,1,19
136,4,48,368,369,483,1,115
173,1,48,469,470,486,1,17
174,2,48,472,473,489,1,17
139,3,48,376,378,492,2,116
140,4,48,379,380,495,1,116
177,1,48,480,482,498,2,18
178,2,48,483,485,501,2,18
143,3,48,387,389,504,2,117
144,4,48,390,392,507,2,117
181,1,48,491,493,510,2,19
182,2,48,494,495,513,1,19
147,3,48,398,399,516,1,118
185,1,48,502,503,519,1,17
186,2,48,505,506,522,1,17
148,4,48,401,402,525,1,124
151,3,48,409,411,528,2,119
189,1,48,513,515,531,2,18
190,2,48,516,518,534,2,18
152,4,48,412,413,537,1,125
155,3,48,420,422,540,2,120
193,1,48,524,526,543,2,19
194,2,48,527,528,546,1,19
156,4,48,423,425,549,2,126
197,1,48,535,536,552,1,17
198,2,48,538,539,555,1,17
159,3,48,430,432,558,2,128
201,1,48,545,546,561,1,16
160,4,48,433,434,564,1,131
202,2,48,548,549,567,1,19
163,3,48,441,443,570,2,129
205,1,48,556,557,573,1,17
206,2,48,559,560,576,1,17
164,4,48,444,446,579,2,135
167,3,48,452,453,582,1,130
209,1,48,567,569,585,2,18
210,2,48,570,572,588,2,18
168,4,48,455,456,591,1,136
171,3,48,463,465,594,2,131
213,1,48,578,580,597,2,19
214,2,48,581,582,600,1,19
172,4,48,466,467,603,1,137
217,1,48,589,590,606,1,17
218,2,48,592,593,609,1,17
175,3,48,474,476,612,2,138
176,4,48,477,479,615,2,138
221,1,48,600,602,618,2,18
222,2,48,603,605,621,2,18
179,3,48,485,486,624,1,139
180,4,48,488,489,627,1,139
225,1,48,611,613,630,2,19
226,2,48,614,615,633,1,19
183,3,48,496,498,636,2,140
229,1,48,622,623,639,1,17
230,2,48,625,626,642,1,17
184,4,48,499,500,645,1,146
187,3,48,507,509,648,2,141
233,1,48,633,635,651,2,18
234,2,48,636,638,654,2,18
188,4,48,510,512,657,2,147
191,3,48,518,519,660,1,142
237,1,48,644,646,663,2,19
238,2,48,647,648,666,1,19
192,4,48,521,522,669,1,148
241,1,48,655,656,672,1,17
242,2,48,658,659,675,1,17
195,3,48,529,531,678,2,149
245,1,48,665,666,681,1,16
196,4,48,532,533,684,1,152
246,2,48,668,669,687,1,19
199,3,48,540,542,690,2,150
249,1,48,676,677,693,1,17
250,2,48,679,680,696,1,17
200,4,48,543,545,699,2,156
203,3,48,550,552,702,2,152
253,1,48,687,689,705,2,18
254,2,48,690,692,708,2,18
204,4,48,553,554,711,1,158
207,3,48,561,563,714,2,153
257,1,48,698,700,717,2,19
258,2,48,701,702,720,1,19
208,4,48,564,566,723,2,159
261,1,48,709,710,726,1,17
262,2,48,712,713,729,1,17
211,3,48,572,573,732,1,160
212,4,48,575,576,735,1,160
265,1,48,720,722,738,2,18
266,2,48,723,725,741,2,18
215,3,48,583,585,744,2,161
216,4,48,586,587,747,1,161
269,1,48,731,733,750,2,19
270,2,48,734,735,753,1,19
219,3,48,594,596,756,2,162
273,1,48,742,743,759,1,17
274,2,48,745,746,762,1,17
220,4,48,597,599,765,2,168
223,3,48,605,606,768,1,163
277,1,48,753,755,771,2,18
278,2,48,756,758,774,2,18
224,4,48,608,609,777,1,169
227,3,48,616,618,780,2,164
281,1,48,764,766,783,2,19
282,2,48,767,768,786,1,19
228,4,48,619,620,789,1,170
285,1,48,775,776,792,1,17
286,2,48,778,779,795,1,17
231,3,48,627,629,798,2,171
289,1,48,785,786,801,1,16
232,4,48,630,632,804,2,174
290,2,48,788,789,807,1,19
235,3,48,638,639,810,1,172
293,1,48,796,797,813,1,17
294,2,48,799,800,816,1,17
236,4,48,641,642,819,1,178
239,3,48,649,651,822,2,173
297,1,48,807,809,825,2,18
298,2,48,810,812,828,2,18
240,4,48,652,653,831,1,179
243,3,48,660,662,834,2,174
301,1,48,818,820,837,2,19
302,2,48,821,822,840,1,19
244,4,48,663,665,843,2,180
305,1,48,829,830,846,1,17
306,2,48,832,833,849,1,17
247,3,48,670,672,852,2,182
248,4,48,673,674,855,1,182
309,1,48,840,842,858,2,18
310,2,48,843,845,861,2,18
251,3,48,681,683,864,2,183
252,4,48,684,686,867,2,183
313,1,48,851,853,870,2,19
314,2,48,854,855,873,1,19
255,3,48,692,693,876,1,184
317,1,48,862,863,879,1,17
318,2,48,865,866,882,1,17
256,4,48,695,696,885,1,190
259,3,48,703,705,888,2,185
321,1,48,873,875,891,2,18
322,2,48,876,878,894,2,18
260,4,48,706,707,897,1,191
263,3,48,714,716,900,2,186
325,1,48,884,886,903,2,19
326,2,48,887,888,906,1,19
264,4,48,717,719,909,2,192
329,1,48,895,896,912,1,17
330,2,48,898,899,915,1,17
267,3,48,725,726,918,1,193
333,1,48,905,906,921,1,16
268,4,48,728,729,924,1,196
334,2,48,908,909,927,1,19
271,3,48,736,738,930,2,194
337,1,48,916,917,933,1,17
338,2,48,919,920,936,1,17
272,4,48,739,740,939,1,200
275,3,48,747,749,942,2,195
341,1,48,927,929,945,2,18
342,2,48,930,932,948,2,18
276,4,48,750,752,951,2,201
279,3,48,758,759,954,1,196
345,1,48,938,940,957,2,19
346,2,48,941,942,960,1,19
280,4,48,761,762,963,1,202
349,1,48,949,950,966,1,17
350,2,48,952,953,969,1,17
283,3,48,769,771,972,2,203
284,4,48,772,773,975,1,203
353,1,48,960,962,978,2,18
354,2,48,963,965,981,2,18
287,3,48,780,782,984,2,204
288,4,48,783,785,987,2,204
357,1,48,971,973,990,2,19
358,2,48,974,975,993,1,19
291,3,48,790,792,996,2,206
361,1,48,982,983,999,1,17
362,2,48,985,986,1002,1,17
292,4,48,793,794,1005,1,212
295,3,48,801,803,1008,2,207
365,1,48,993,995,1011,2,18
366,2,48,996,998,1014,2,18
296,4,48,804,806,1017,2,213
299,3,48,812,813,1020,1,208
369,1,48,1004,1006,1023,2,19
370,2,48,1007,1008,1026,1,19
300,4,48,815,816,1029,1,214
373,1,48,1015,1016,1032,1,17
374,2,48,1018,1019,1035,1,17
303,3,48,823,825,1038,2,215
377,1,48,1025,1026,1041,1,16
304,4,48,826,827,1044,1,218
378,2,48,1028,1029,1047,1,19
307,3,48,834,836,1050,2,216
381,1,48,1036,1037,1053,1,17
382,2,48,1039,1040,1056,1,17
308,4,48,837,839,1059,2,222
311,3,48,845,846,1062,1,217
385,1,48,1047,1049,1065,2,18
386,2,48,1050,1052,1068,2,18
312,4,48,848,849,1071,1,223
315,3,48,856,858,1074,2,218
389,1,48,1058,1060,1077,2,19
390,2,48,1061,1062,1080,1,19
316,4,48,859,860,1083,1,224
393,1,48,1069,1070,1086,1,17
394,2,48,1072,1073,1089,1,17
319,3,48,867,869,1092,2,225
320,4,48,870,872,1095,2,225
397,1,48,1080,1082,1098,2,18
398,2,48,1083,1085,1101,2,18
323,3,48,878,879,1104,1,226
324,4,48,881,882,1107,1,226
401,1,48,1091,1093,1110,2,19
402,2,48,1094,1095,1113,1,19
327,3,48,889,891,1116,2,227
405,1,48,1102,1103,1119,1,17
406,2,48,1105,1106,1122,1,17
328,4,48,892,893,1125,1,233
331,3,48,900,902,1128,2,228
409,1,48,1113,1115,1131,2,18
410,2,48,1116,1118,1134,2,18
332,4,48,903,905,1137,2,234
335,3,48,910,912,1140,2,230
413,1,48,1124,1126,1143,2,19
414,2,48,1127,1128,1146,1,19
336,4,48,913,914,1149,1,236
417,1,48,1135,1136,1152,1,17
418,2,48,1138,1139,1155,1,17
339,3,48,921,923,1158,2,237
421,1,48,1145,1146,1161,1,16
340,4,48,924,926,1164,2,240
422,2,48,1148,1149,1167,1,19
343,3,48,932,933,1170,1,238
425,1,48,1156,1157,1173,1,17
426,2,48,1159,1160,1176,1,17
344,4,48,935,936,1179,1,244
347,3,48,943,945,1182,2,239
429,1,48,1167,1169,1185,2,18
430,2,48,1170,1172,1188,2,18
348,4,48,946,947,1191,1,245
351,3,48,954,956,1194,2,240
433,1,48,1178,1180,1197,2,19
434,2,48,1181,1182,1200,1,19
352,4,48,957,959,1203,2,246
437,1,48,1189,1190,1206,1,17
438,2,48,1192,1193,1209,1,17
355,3,48,965,966,1212,1,247
356,4,48,968,969,1215,1,247
441,1,48,1200,1202,1218,2,18
442,2,48,1203,1205,1221,2,18
359,3,48,976,978,1224,2,248
360,4,48,979,980,1227,1,248
445,1,48,1211,1213,1230,2,19
446,2,48,1214,1215,1233,1,19
363,3,48,987,989,1236,2,249
449,1,48,1222,1223,1239,1,17
450,2,48,1225,1226,1242,1,17
364,4,48,990,992,1245,2,255
367,3,48,998,999,1248,1,250
453,1,48,1233,1235,1251,2,18
454,2,48,1236,1238,1254,2,18
368,4,48,1001,1002,1257,1,256
371,3,48,1009,1011,1260,2,251
457,1,48,1244,1246,1263,2,19
458,2,48,1247,1248,1266,1,19
372,4,48,1012,1013,1269,1,257
461,1,48,1255,1256,1272,1,17
462,2,48,1258,1259,1275,1,17
375,3,48,1020,1022,1278,2,258
465,1,48,1265,1266,1281,1,16
376,4,48,1023,1025,1284,2,261
466,2,48,1268,1269,1287,1,19
379,3,48,1030,1032,1290,2,260
469,1,48,1276,1277,1293,1,17
470,2,48,1279,1280,1296,1,17
380,4,48,1033,1034,1299,1,266
383,3,48,1041,1043,1302,2,261
473,1,48,1287,1289,1305,2,18
474,2,48,1290,1292,1308,2,18
384,4,48,1044,1046,1311,2,267
387,3,48,1052,1053,1314,1,262
477,1,48,1298,1300,1317,2,19
478,2,48,1301,1302,1320,1,19
388,4,48,1055,1056,1323,1,268
481,1,48,1309,1310,1326,1,17
482,2,48,1312,1313,1329,1,17
391,3,48,1063,1065,1332,2,269
392,4,48,1066,1067,1335,1,269
485,1,48,1320,1322,1338,2,18
486,2,48,1323,1325,1341,2,18
395,3,48,1074,1076,1344,2,270
396,4,48,1077,1079,1347,2,270
489,1,48,1331,1333,1350,2,19
490,2,48,1334,1335,1353,1,19
399,3,48,1085,1086,1356,1,271
493,1,48,1342,1343,1359,1,17
494,2,48,1345,1346,1362,1,17
400,4,48,1088,1089,1365,1,277
403,3,48,1096,1098,1368,2,272
497,1,48,1353,1355,1371,2,18
498,2,48,1356,1358,1374,2,18
404,4,48,1099,1100,1377,1,278
407,3,48,1107,1109,1380,2,273
501,1,48,1364,1366,1383,2,19
502,2,48,1367,1368,1386,1,19
408,4,48,1110,1112,1389,2,279
505,1,48,1375,1376,1392,1,17
506,2,48,1378,1379,1395,1,17
411,3,48,1118,1119,1398,1,280
509,1,48,1385,1386,1401,1,16
412,4,48,1121,1122,1404,1,283
510,2,48,1388,1389,1407,1,19
415,3,48,1129,1131,1410,2,281
513,1,48,1396,1397,1413,1,17
514,2,48,1399,1400,1416,1,17
416,4,48,1132,1133,1419,1,287
419,3,48,1140,1142,1422,2,282
517,1,48,1407,1409,1425,2,18
518,2,48,1410,1412,1428,2,18
420,4,48,1143,1145,1431,2,288
423,3,48,1150,1152,1434,2,284
521,1,48,1418,1420,1437,2,19
522,2,48,1421,1422,1440,1,19
424,4,48,1153,1154,1443,1,290
525,1,48,1429,1430,1446,1,17
526,2,48,1432,1433,1449,1,17
427,3,48,1161,1163,1452,2,291
428,4,48,1164,1166,1455,2,291
529,1,48,1440,1442,1458,2,18
530,2,48,1443,1445,1461,2,18
431,3,48,1172,1173,1464,1,292
432,4,48,1175,1176,1467,1,292
533,1,48,1451,1453,1470,2,19
534,2,48,1454,1455,1473,1,19
435,3,48,1183,1185,1476,2,293
537,1,48,1462,1463,1479,1,17
538,2,48,1465,1466,1482,1,17
436,4,48,1186,1187,1485,1,299
439,3,48,1194,1196,1488,2,294
541,1,48,1473,1475,1491,2,18
542,2,48,1476,1478,1494,2,18
440,4,48,1197,1199,1497,2,300
443,3,48,1205,1206,1500,1,295
545,1,48,1484,1486,1503,2,19
546,2,48,1487,1488,1506,1,19
444,4,48,1208,1209,1509,1,301
549,1,48,1495,1496,1512,1,17
550,2,48,1498,1499,1515,1,17
447,3,48,1216,1218,1518,2,302
553,1,48,1505,1506,1521,1,16
448,4,48,1219,1220,1524,1,305
554,2,48,1508,1509,1527,1,19
451,3,48,1227,1229,1530,2,303
557,1,48,1516,1517,1533,1,17
558,2,48,1519,1520,1536,1,17
452,4,48,1230,1232,1539,2,309
455,3,48,1238,1239,1542,1,304
561,1,48,1527,1529,1545,2,18
562,2,48,1530,1532,1548,2,18
456,4,48,1241,1242,1551,1,310
459,3,48,1249,1251,1554,2,305
565,1,48,1538,1540,1557,2,19
566,2,48,1541,1542,1560,1,19
460,4,48,1252,1253,1563,1,311
569,1,48,1549,1550,1566,1,17
570,2,48,1552,1553,1569,1,17
463,3,48,1260,1262,1572,2,312
464,4,48,1263,1265,1575,2,312
573,1,48,1560,1562,1578,2,18
574,2,48,1563,1565,1581,2,18
467,3,48,1270,1272,1584,2,314
468,4,48,1273,1274,1587,1,314
577,1,48,1571,1573,1590,2,19
578,2,48,1574,1575,1593,1,19
471,3,48,1281,1283,1596,2,315
581,1,48,1582,1583,1599,1,17
582,2,48,1585,1586,1602,1,17
472,4,48,1284,1286,1605,2,321
475,3,48,1292,1293,1608,1,316
585,1,48,1593,1595,1611,2,18
586,2,48,1596,1598,1614,2,18
476,4,48,1295,1296,1617,1,322
479,3,48,1303,1305,1620,2,317
589,1,48,1604,1606,1623,2,19
590,2,48,1607,1608,1626,1,19
480,4,48,1306,1307,1629,1,323
593,1,48,1615,1616,1632,1,17
594,2,48,1618,1619,1635,1,17
483,3,48,1314,1316,1638,2,324
597,1,48,1625,1626,1641,1,16
484,4,48,1317,1319,1644,2,327
598,2,48,1628,1629,1647,1,19
487,3,48,1325,1326,1650,1,325
601,1,48,1636,1637,1653,1,17
602,2,48,1639,1640,1656,1,17
488,4,48,1328,1329,1659,1,331
491,3,48,1336,1338,1662,2,326
605,1,48,1647,1649,1665,2,18
606,2,48,1650,1652,1668,2,18
492,4,48,1339,1340,1671,1,332
495,3,48,1347,1349,1674,2,327
609,1,48,1658,1660,1677,2,19
610,2,48,1661,1662,1680,1,19
496,4,48,1350,1352,1683,2,333
613,1,48,1669,1670,1686,1,17
614,2,48,1672,1673,1689,1,17
499,3,48,1358,1359,1692,1,334
500,4,48,1361,1362,1695,1,334
617,1,48,1680,1682,1698,2,18
618,2,48,1683,1685,1701,2,18
503,3,48,1369,1371,1704,2,335
504,4,48,1372,1373,1707,1,335
621,1,48,1691,1693,1710,2,19
622,2,48,1694,1695,1713,1,19
507,3,48,1380,1382,1716,2,336
625,1,48,1702,1703,1719,1,17
626,2,48,1705,1706,1722,1,17
508,4,48,1383,1385,1725,2,342
511,3,48,1390,1392,1728,2,338
629,1,48,1713,1715,1731,2,18
630,2,48,1716,1718,1734,2,18
512,4,48,1393,1394,1737,1,344
515,3,48,1401,1403,1740,2,339
633,1,48,1724,1726,1743,2,19
634,2,48,1727,1728,1746,1,19
516,4,48,1404,1406,1749,2,345
637,1,48,1735,1736,1752,1,17
638,2,48,1738,1739,1755,1,17
519,3,48,1412,1413,1758,1,346
641,1,48,1745,1746,1761,1,16
520,4,48,1415,1416,1764,1,349
642,2,48,1748,1749,1767,1,19
523,3,48,1423,1425,1770,2,347
645,1,48,1756,1757,1773,1,17
646,2,48,1759,1760,1776,1,17
524,4,48,1426,1427,1779,1,353
527,3,48,1434,1436,1782,2,348
649,1,48,1767,1769,1785,2,18
650,2,48,1770,1772,1788,2,18
528,4,48,1437,1439,1791,2,354
531,3,48,1445,1446,1794,1,349
653,1,48,1778,1780,1797,2,19
654,2,48,1781,1782,1800,1,19
532,4,48,1448,1449,1803,1,355
657,1,48,1789,1790,1806,1,17
658,2,48,1792,1793,1809,1,17
535,3,48,1456,1458,1812,2,356
536,4,48,1459,1460,1815,1,356
661,1,48,1800,1802,1818,2,18
662,2,48,1803,1805,1821,2,18
539,3,48,1467,1469,1824,2,357
540,4,48,1470,1472,1827,2,357
665,1,48,1811,1813,1830,2,19
666,2,48,1814,1815,1833,1,19
543,3,48,1478,1479,1836,1,358
669,1,48,1822,1823,1839,1,17
670,2,48,1825,1826,1842,1,17
544,4,48,1481,1482,1845,1,364
547,3,48,1489,1491,1848,2,359
673,1,48,1833,1835,1851,2,18
674,2,48,1836,1838,1854,2,18
548,4,48,1492,1493,1857,1,365
551,3,48,1500,1502,1860,2,360
677,1,48,1844,1846,1863,2,19
678,2,48,1847,1848,1866,1,19
552,4,48,1503,1505,1869,2,366
681,1,48,1855,1856,1872,1,17
682,2,48,1858,1859,1875,1,17
555,3,48,1510,1512,1878,2,368
685,1,48,1865,1866,1881,1,16
556,4,48,1513,1514,1884,1,371
686,2,48,1868,1869,1887,1,19
559,3,48,1521,1523,1890,2,369
689,1,48,1876,1877,1893,1,17
690,2,48,1879,1880,1896,1,17
560,4,48,1524,1526,1899,2,375
563,3,48,1532,1533,1902,1,370
693,1,48,1887,1889,1905,2,18
694,2,48,1890,1892,1908,2,18
564,4,48,1535,1536,1911,1,376
567,3,48,1543,1545,1914,2,371
697,1,48,1898,1900,1917,2,19
698,2,48,1901,1902,1920,1,19
568,4,48,1546,1547,1923,1,377
701,1,48,1909,1910,1926,1,17
702,2,48,1912,1913,1929,1,17
571,3,48,1554,1556,1932,2,378
572,4,48,1557,1559,1935,2,378
705,1,48,1920,1922,1938,2,18
706,2,48,1923,1925,1941,2,18
575,3,48,1565,1566,1944,1,379
576,4,48,1568,1569,1947,1,379
709,1,48,1931,1933,1950,2,19
710,2,48,1934,1935,1953,1,19
579,3,48,1576,1578,1956,2,380
713,1,48,1942,1943,1959,1,17
714,2,48,1945,1946,1962,1,17
580,4,48,1579,1580,1965,1,386
583,3,48,1587,1589,1968,2,381
717,1,48,1953,1955,1971,2,18
718,2,48,1956,1958,1974,2,18
584,4,48,1590,1592,1977,2,387
587,3,48,1598,1599,1980,1,382
721,1,48,1964,1966,1983,2,19
722,2,48,1967,1968,1986,1,19
588,4,48,1601,1602,1989,1,388
725,1,48,1975,1976,1992,1,17
726,2,48,1978,1979,1995,1,17
591,3,48,1609,1611,1998,2,389
729,1,48,1985,1986,2001,1,16
592,4,48,1612,1613,2004,1,392
730,2,48,1988,1989,2007,1,19
595,3,48,1620,1622,2010,2,390
733,1,48,1996,1997,2013,1,17
735,1,48,2000,2001,2016,1,16
596,4,48,1623,1625,2019,2,396
734,2,48,1999,2000,2022,1,23
739,1,48,2011,2012,2025,1,14
599,3,48,1630,1632,2028,2,398
736,2,48,2003,2004,2031,1,28
740,2,48,2014,2015,2034,1,20
600,4,48,1633,1634,2037,1,404
743,1,48,2022,2024,2040,2,18
744,2,48,2025,2027,2043,2,18
603,3,48,1641,1643,2046,2,405
604,4,48,1644,1646,2049,2,405
747,1,48,2033,2035,2052,2,19
748,2,48,2036,2037,2055,1,19
607,3,48,1652,1653,2058,1,406
751,1,48,2044,2045,2061,1,17
752,2,48,2047,2048,2064,1,17
608,4,48,1655,1656,2067,1,412
611,3,48,1663,1665,2070,2,407
755,1,48,2055,2057,2073,2,18
756,2,48,2058,2060,2076,2,18
612,4,48,1666,1667,2079,1,413
759,1,48,2065,2067,2082,2,17
615,3,48,1674,1676,2085,2,411
760,2,48,2068,2069,2088,1,20
616,4,48,1677,1679,2091,2,414
763,1,48,2076,2078,2094,2,18
764,2,48,2079,2081,2097,2,18
619,3,48,1685,1686,2100,1,415
620,4,48,1688,1689,2103,1,415
767,1,48,2087,2089,2106,2,19
768,2,48,2090,2091,2109,1,19
623,3,48,1696,1698,2112,2,416
771,1,48,2098,2099,2115,1,17
772,2,48,2101,2102,2118,1,17
624,4,48,1699,1700,2121,1,422
627,3,48,1707,1709,2124,2,417
775,1,48,2109,2111,2127,2,18
776,2,48,2112,2114,2130,2,18
628,4,48,1710,1712,2133,2,423
631,3,48,1718,1719,2136,1,418
779,1,48,2120,2122,2139,2,19
780,2,48,2123,2124,2142,1,19
632,4,48,1721,1722,2145,1,424
783,1,48,2131,2132,2148,1,17
784,2,48,2134,2135,2151,1,17
635,3,48,1729,1731,2154,2,425
636,4,48,1732,1733,2157,1,425
787,1,48,2142,2144,2160,2,18
788,2,48,2145,2147,2163,2,18
639,3,48,1740,1742,2166,2,426
640,4,48,1743,1745,2169,2,426
791,1,48,2153,2155,2172,2,19
792,2,48,2156,2157,2175,1,19
643,3,48,1750,1752,2178,2,428
795,1,48,2164,2165,2181,1,17
796,2,48,2167,2168,2184,1,17
644,4,48,1753,1754,2187,1,434
647,3,48,1761,1763,2190,2,429
799,1,48,2175,2177,2193,2,18
800,2,48,2178,2180,2196,2,18
648,4,48,1764,1766,2199,2,435
803,1,48,2185,2187,2202,2,17
651,3,48,1772,1773,2205,1,433
804,2,48,2188,2189,2208,1,20
652,4,48,1775,1776,2211,1,436
807,1,48,2196,2198,2214,2,18
808,2,48,2199,2201,2217,2,18
655,3,48,1783,1785,2220,2,437
656,4,48,1786,1787,2223,1,437
811,1,48,2207,2209,2226,2,19
812,2,48,2210,2211,2229,1,19
659,3,48,1794,1796,2232,2,438
815,1,48,2218,2219,2235,1,17
816,2,48,2221,2222,2238,1,17
660,4,48,1797,1799,2241,2,444
663,3,48,1805,1806,2244,1,439
819,1,48,2229,2231,2247,2,18
820,2,48,2232,2234,2250,2,18
664,4,48,1808,1809,2253,1,445
667,3,48,1816,1818,2256,2,440
823,1,48,2240,2242,2259,2,19
824,2,48,2243,2244,2262,1,19
668,4,48,1819,1820,2265,1,446
827,1,48,2251,2252,2268,1,17
828,2,48,2254,2255,2271,1,17
671,3,48,1827,1829,2274,2,447
672,4,48,1830,1832,2277,2,447
831,1,48,2262,2264,2280,2,18
832,2,48,2265,2267,2283,2,18
675,3,48,1838,1839,2286,1,448
676,4,48,1841,1842,2289,1,448
835,1,48,2273,2275,2292,2,19
836,2,48,2276,2277,2295,1,19
679,3,48,1849,1851,2298,2,449
839,1,48,2284,2285,2301,1,17
840,2,48,2287,2288,2304,1,17
680,4,48,1852,1853,2307,1,455
683,3,48,1860,1862,2310,2,450
843,1,48,2295,2297,2313,2,18
844,2,48,2298,2300,2316,2,18
684,4,48,1863,1865,2319,2,456
847,1,48,2305,2307,2322,2,17
687,3,48,1870,1872,2325,2,455
848,2,48,2308,2309,2328,1,20
688,4,48,1873,1874,2331,1,458
851,1,48,2316,2318,2334,2,18
852,2,48,2319,2321,2337,2,18
691,3,48,1881,1883,2340,2,459
692,4,48,1884,1886,2343,2,459
855,1,48,2327,2329,2346,2,19
856,2,48,2330,2331,2349,1,19
695,3,48,1892,1893,2352,1,460
859,1,48,2338,2339,2355,1,17
860,2,48,2341,2342,2358,1,17
696,4,48,1895,1896,2361,1,466
699,3,48,1903,1905,2364,2,461
863,1,48,2349,2351,2367,2,18
864,2,48,2352,2354,2370,2,18
700,4,48,1906,1907,2373,1,467
703,3,48,1914,1916,2376,2,462
867,1,48,2360,2362,2379,2,19
868,2,48,2363,2364,2382,1,19
704,4,48,1917,1919,2385,2,468
871,1,48,2371,2372,2388,1,17
872,2,48,2374,2375,2391,1,17
707,3,48,1925,1926,2394,1,469
708,4,48,1928,1929,2397,1,469
875,1,48,2382,2384,2400,2,18
876,2,48,2385,2387,2403,2,18
711,3,48,1936,1938,2406,2,470
712,4,48,1939,1940,2409,1,470
879,1,48,2393,2395,2412,2,19
880,2,48,2396,2397,2415,1,19
715,3,48,1947,1949,2418,2,471
883,1,48,2404,2405,2421,1,17
884,2,48,2407,2408,2424,1,17
716,4,48,1950,1952,2427,2,477
719,3,48,1958,1959,2430,1,472
887,1,48,2415,2417,2433,2,18
888,2,48,2418,2420,2436,2,18
720,4,48,1961,1962,2439,1,478
891,1,48,2425,2427,2442,2,17
723,3,48,1969,1971,2445,2,476
892,2,48,2428,2429,2448,1,20
724,4,48,1972,1973,2451,1,479
895,1,48,2436,2438,2454,2,18
896,2,48,2439,2441,2457,2,18
727,3,48,1980,1982,2460,2,480
728,4,48,1983,1985,2463,2,480
899,1,48,2447,2449,2466,2,19
900,2,48,2450,2451,2469,1,19
731,3,48,1990,1992,2472,2,482
903,1,48,2458,2459,2475,1,17
904,2,48,2461,2462,2478,1,17
732,4,48,1993,1994,2481,1,488
737,3,48,2005,2007,2484,2,479
907,1,48,2469,2471,2487,2,18
908,2,48,2472,2474,2490,2,18
738,4,48,2008,2009,2493,1,485
741,3,48,2016,2018,2496,2,480
911,1,48,2480,2482,2499,2,19
912,2,48,2483,2484,2502,1,19
742,4,48,2019,2021,2505,2,486
915,1,48,2491,2492,2508,1,17
916,2,48,2494,2495,2511,1,17
745,3,48,2027,2028,2514,1,487
746,4,48,2030,2031,2517,1,487
919,1,48,2502,2504,2520,2,18
920,2,48,2505,2507,2523,2,18
749,3,48,2038,2040,2526,2,488
750,4,48,2041,2042,2529,1,488
923,1,48,2513,2515,2532,2,19
924,2,48,2516,2517,2535,1,19
753,3,48,2049,2051,2538,2,489
927,1,48,2524,2525,2541,1,17
928,2,48,2527,2528,2544,1,17
754,4,48,2052,2054,2547,2,495
757,3,48,2060,2061,2550,1,490
931,1,48,2535,2537,2553,2,18
932,2,48,2538,2540,2556,2,18
758,4,48,2063,2064,2559,1,496
935,1,48,2545,2547,2562,2,17
761,3,48,2070,2072,2565,2,495
936,2,48,2548,2549,2568,1,20
762,4,48,2073,2075,2571,2,498
939,1,48,2556,2558,2574,2,18
940,2,48,2559,2561,2577,2,18
765,3,48,2081,2082,2580,1,499
766,4,48,2084,2085,2583,1,499
943,1,48,2567,2569,2586,2,19
944,2,48,2570,2571,2589,1,19
769,3,48,2092,2094,2592,2,500
947,1,48,2578,2579,2595,1,17
948,2,48,2581,2582,2598,1,17
770,4,48,2095,2096,2601,1,506
773,3,48,2103,2105,2604,2,501
951,1,48,2589,2591,2607,2,18
952,2,48,2592,2594,2610,2,18
774,4,48,2106,2108,2613,2,507
777,3,48,2114,2115,2616,1,502
955,1,48,2600,2602,2619,2,19
956,2,48,2603,2604,2622,1,19
778,4,48,2117,2118,2625,1,508
959,1,48,2611,2612,2628,1,17
960,2,48,2614,2615,2631,1,17
781,3,48,2125,2127,2634,2,509
782,4,48,2128,2129,2637,1,509
963,1,48,2622,2624,2640,2,18
964,2,48,2625,2627,2643,2,18
785,3,48,2136,2138,2646,2,510
786,4,48,2139,2141,2649,2,510
967,1,48,2633,2635,2652,2,19
968,2,48,2636,2637,2655,1,19
789,3,48,2147,2148,2658,1,511
971,1,48,2644,2645,2661,1,17
972,2,48,2647,2648,2664,1,17
790,4,48,2150,2151,2667,1,517
793,3,48,2158,2160,2670,2,512
975,1,48,2655,2657,2673,2,18
976,2,48,2658,2660,2676,2,18
794,4,48,2161,2162,2679,1,518
979,1,48,2665,2667,2682,2,17
797,3,48,2169,2171,2685,2,516
980,2,48,2668,2669,2688,1,20
798,4,48,2172,2174,2691,2,519
983,1,48,2676,2678,2694,2,18
984,2,48,2679,2681,2697,2,18
801,3,48,2180,2181,2700,1,520
802,4,48,2183,2184,2703,1,520
987,1,48,2687,2689,2706,2,19
988,2,48,2690,2691,2709,1,19
805,3,48,2190,2192,2712,2,522
991,1,48,2698,2699,2715,1,17
992,2,48,2701,2702,2718,1,17
806,4,48,2193,2195,2721,2,528
809,3,48,2201,2202,2724,1,523
995,1,48,2709,2711,2727,2,18
996,2,48,2712,2714,2730,2,18
810,4,48,2204,2205,2733,1,529
813,3,48,2212,2214,2736,2,524
999,1,48,2720,2722,2739,2,19
1000,2,48,2723,2724,2742,1,19
814,4,48,2215,2216,2745,1,530
1003,1,48,2731,2732,2748,1,17
1004,2,48,2734,2735,2751,1,17
817,3,48,2223,2225,2754,2,531
818,4,48,2226,2228,2757,2,531
1007,1,48,2742,2744,2760,2,18
1008,2,48,2745,2747,2763,2,18
821,3,48,2234,2235,2766,1,532
822,4,48,2237,2238,2769,1,532
1011,1,48,2753,2755,2772,2,19
1012,2,48,2756,2757,2775,1,19
825,3,48,2245,2247,2778,2,533
1015,1,48,2764,2765,2781,1,17
1016,2,48,2767,2768,2784,1,17
826,4,48,2248,2249,2787,1,539
829,3,48,2256,2258,2790,2,534
1019,1,48,2775,2777,2793,2,18
1020,2,48,2778,2780,2796,2,18
830,4,48,2259,2261,2799,2,540
1023,1,48,2785,2787,2802,2,17
833,3,48,2267,2268,2805,1,538
1024,2,48,2788,2789,2808,1,20
834,4,48,2270,2271,2811,1,541
1027,1,48,2796,2798,2814,2,18
1028,2,48,2799,2801,2817,2,18
837,3,48,2278,2280,2820,2,542
838,4,48,2281,2282,2823,1,542
1031,1,48,2807,2809,2826,2,19
1032,2,48,2810,2811,2829,1,19
841,3,48,2289,2291,2832,2,543
1035,1,48,2818,2819,2835,1,17
1036,2,48,2821,2822,2838,1,17
842,4,48,2292,2294,2841,2,549
845,3,48,2300,2301,2844,1,544
1039,1,48,2829,2831,2847,2,18
1040,2,48,2832,2834,2850,2,18
846,4,48,2303,2304,2853,1,550
849,3,48,2310,2312,2856,2,546
1043,1,48,2840,2842,2859,2,19
1044,2,48,2843,2844,2862,1,19
850,4,48,2313,2315,2865,2,552
1047,1,48,2851,2852,2868,1,17
1048,2,48,2854,2855,2871,1,17
853,3,48,2321,2322,2874,1,553
854,4,48,2324,2325,2877,1,553
1051,1,48,2862,2864,2880,2,18
1052,2,48,2865,2867,2883,2,18
857,3,48,2332,2334,2886,2,554
858,4,48,2335,2336,2889,1,554
1055,1,48,2873,2875,2892,2,19
1056,2,48,2876,2877,2895,1,19
861,3,48,2343,2345,2898,2,555
1059,1,48,2884,2885,2901,1,17
1060,2,48,2887,2888,2904,1,17
862,4,48,2346,2348,2907,2,561
865,3,48,2354,2355,2910,1,556
1063,1,48,2895,2897,2913,2,18
1064,2,48,2898,2900,2916,2,18
866,4,48,2357,2358,2919,1,562
1067,1,48,2905,2907,2922,2,17
869,3,48,2365,2367,2925,2,560
1068,2,48,2908,2909,2928,1,20
870,4,48,2368,2369,2931,1,563
1071,1,48,2916,2918,2934,2,18
1072,2,48,2919,2921,2937,2,18
873,3,48,2376,2378,2940,2,564
874,4,48,2379,2381,2943,2,564
1075,1,48,2927,2929,2946,2,19
1076,2,48,2930,2931,2949,1,19
877,3,48,2387,2388,2952,1,565
1079,1,48,2938,2939,2955,1,17
1080,2,48,2941,2942,2958,1,17
878,4,48,2390,2391,2961,1,571
881,3,48,2398,2400,2964,2,566
1083,1,48,2949,2951,2967,2,18
1084,2,48,2952,2954,2970,2,18
882,4,48,2401,2402,2973,1,572
885,3,48,2409,2411,2976,2,567
1087,1,48,2960,2962,2979,2,19
1088,2,48,2963,2964,2982,1,19
886,4,48,2412,2414,2985,2,573
1091,1,48,2971,2972,2988,1,17
1092,2,48,2974,2975,2991,1,17
889,3,48,2420,2421,2994,1,574
890,4,48,2423,2424,2997,1,574
1095,1,48,2982,2984,3000,2,18
1096,2,48,2985,2987,3003,2,18
893,3,48,2430,2432,3006,2,576
894,4,48,2433,2435,3009,2,576
1099,1,48,2993,2995,3012,2,19
1100,2,48,2996,2997,3015,1,19
897,3,48,2441,2442,3018,1,577
1103,1,48,3004,3005,3021,1,17
1104,2,48,3007,3008,3024,1,17
898,4,48,2444,2445,3027,1,583
901,3,48,2452,2454,3030,2,578
1107,1,48,3015,3017,3033,2,18
1108,2,48,3018,3020,3036,2,18
902,4,48,2455,2456,3039,1,584
1111,1,48,3025,3027,3042,2,17
905,3,48,2463,2465,3045,2,582
1112,2,48,3028,3029,3048,1,20
906,4,48,2466,2468,3051,2,585
1115,1,48,3036,3038,3054,2,18
1116,2,48,3039,3041,3057,2,18
909,3,48,2474,2475,3060,1,586
910,4,48,2477,2478,3063,1,586
1119,1,48,3047,3049,3066,2,19
1120,2,48,3050,3051,3069,1,19
913,3,48,2485,2487,3072,2,587
1123,1,48,3058,3059,3075,1,17
1124,2,48,3061,3062,3078,1,17
914,4,48,2488,2489,3081,1,593
917,3,48,2496,2498,3084,2,588
1127,1,48,3069,3071,3087,2,18
1128,2,48,3072,3074,3090,2,18
918,4,48,2499,2501,3093,2,594
921,3,48,2507,2508,3096,1,589
1131,1,48,3080,3082,3099,2,19
1132,2,48,3083,3084,3102,1,19
922,4,48,2510,2511,3105,1,595
1135,1,48,3091,3092,3108,1,17
1136,2,48,3094,3095,3111,1,17
925,3,48,2518,2520,3114,2,596
926,4,48,2521,2522,3117,1,596
1139,1,48,3102,3104,3120,2,18
1140,2,48,3105,3107,3123,2,18
929,3,48,2529,2531,3126,2,597
930,4,48,2532,2534,3129,2,597
1143,1,48,3113,3115,3132,2,19
1144,2,48,3116,3117,3135,1,19
933,3,48,2540,2541,3138,1,598
1147,1,48,3124,3125,3141,1,17
1148,2,48,3127,3128,3144,1,17
934,4,48,2543,2544,3147,1,604
937,3,48,2550,2552,3150,2,600
1151,1,48,3135,3137,3153,2,18
1152,2,48,3138,3140,3156,2,18
938,4,48,2553,2555,3159,2,606
1155,1,48,3145,3147,3162,2,17
941,3,48,2561,2562,3165,1,604
1156,2,48,3148,3149,3168,1,20
942,4,48,2564,2565,3171,1,607
1159,1,48,3156,3158,3174,2,18
1160,2,48,3159,3161,3177,2,18
945,3,48,2572,2574,3180,2,608
946,4,48,2575,2576,3183,1,608
1163,1,48,3167,3169,3186,2,19
1164,2,48,3170,3171,3189,1,19
949,3,48,2583,2585,3192,2,609
1167,1,48,3178,3179,3195,1,17
1168,2,48,3181,3182,3198,1,17
950,4,48,2586,2588,3201,2,615
953,3,48,2594,2595,3204,1,610
1171,1,48,3189,3191,3207,2,18
1172,2,48,3192,3194,3210,2,18
954,4,48,2597,2598,3213,1,616
957,3,48,2605,2607,3216,2,611
1175,1,48,3200,3202,3219,2,19
1176,2,48,3203,3204,3222,1,19
958,4,48,2608,2609,3225,1,617
1179,1,48,3211,3212,3228,1,17
1180,2,48,3214,3215,3231,1,17
961,3,48,2616,2618,3234,2,618
962,4,48,2619,2621,3237,2,618
1183,1,48,3222,3224,3240,2,18
1184,2,48,3225,3227,3243,2,18
965,3,48,2627,2628,3246,1,619
966,4,48,2630,2631,3249,1,619
1187,1,48,3233,3235,3252,2,19
1188,2,48,3236,3237,3255,1,19
969,3,48,2638,2640,3258,2,620
1191,1,48,3244,3245,3261,1,17
1192,2,48,3247,3248,3264,1,17
970,4,48,2641,2642,3267,1,626
973,3,48,2649,2651,3270,2,621
1195,1,48,3255,3257,3273,2,18
1196,2,48,3258,3260,3276,2,18
974,4,48,2652,2654,3279,2,627
1199,1,48,3265,3267,3282,2,17
977,3,48,2660,2661,3285,1,625
1200,2,48,3268,3269,3288,1,20
978,4,48,2663,2664,3291,1,628
1203,1,48,3276,3278,3294,2,18
1204,2,48,3279,3281,3297,2,18
981,3,48,2670,2672,3300,2,630
982,4,48,2673,2675,3303,2,630
1207,1,48,3287,3289,3306,2,19
1208,2,48,3290,3291,3309,1,19
985,3,48,2681,2682,3312,1,631
1211,1,48,3298,3299,3315,1,17
1212,2,48,3301,3302,3318,1,17
986,4,48,2684,2685,3321,1,637
989,3,48,2692,2694,3324,2,632
1215,1,48,3309,3311,3327,2,18
1216,2,48,3312,3314,3330,2,18
990,4,48,2695,2696,3333,1,638
993,3,48,2703,2705,3336,2,633
1219,1,48,3320,3322,3339,2,19
1220,2,48,3323,3324,3342,1,19
994,4,48,2706,2708,3345,2,639
1223,1,48,3331,3332,3348,1,17
1224,2,48,3334,3335,3351,1,17
997,3,48,2714,2715,3354,1,640
998,4,48,2717,2718,3357,1,640
1227,1,48,3342,3344,3360,2,18
1228,2,48,3345,3347,3363,2,18
1001,3,48,2725,2727,3366,2,641
1002,4,48,2728,2729,3369,1,641
1231,1,48,3353,3355,3372,2,19
1232,2,48,3356,3357,3375,1,19
1005,3,48,2736,2738,3378,2,642
1235,1,48,3364,3365,3381,1,17
1236,2,48,3367,3368,3384,1,17
1006,4,48,2739,2741,3387,2,648
1009,3,48,2747,2748,3390,1,643
1239,1,48,3375,3377,3393,2,18
1240,2,48,3378,3380,3396,2,18
1010,4,48,2750,2751,3399,1,649
1243,1,48,3385,3387,3402,2,17
1013,3,48,2758,2760,3405,2,647
1244,2,48,3388,3389,3408,1,20
1014,4,48,2761,2762,3411,1,650
1247,1,48,3396,3398,3414,2,18
1248,2,48,3399,3401,3417,2,18
1017,3,48,2769,2771,3420,2,651
1018,4,48,2772,2774,3423,2,651
1251,1,48,3407,3409,3426,2,19
1252,2,48,3410,3411,3429,1,19
1021,3,48,2780,2781,3432,1,652
1255,1,48,3418,3419,3435,1,17
1256,2,48,3421,3422,3438,1,17
1022,4,48,2783,2784,3441,1,658
1025,3,48,2790,2792,3444,2,654
1259,1,48,3429,3431,3447,2,18
1260,2,48,3432,3434,3450,2,18
1026,4,48,2793,2795,3453,2,660
1029,3,48,2801,2802,3456,1,655
1263,1,48,3440,3442,3459,2,19
1264,2,48,3443,3444,3462,1,19
1030,4,48,2804,2805,3465,1,661
1267,1,48,3451,3452,3468,1,17
1268,2,48,3454,3455,3471,1,17
1033,3,48,2812,2814,3474,2,662
1034,4,48,2815,2816,3477,1,662
1271,1,48,3462,3464,3480,2,18
1272,2,48,3465,3467,3483,2,18
1037,3,48,2823,2825,3486,2,663
1038,4,48,2826,2828,3489,2,663
1275,1,48,3473,3475,3492,2,19
1276,2,48,3476,3477,3495,1,19
1041,3,48,2834,2835,3498,1,664
1279,1,48,3484,3485,3501,1,17
1280,2,48,3487,3488,3504,1,17
1042,4,48,2837,2838,3507,1,670
1045,3,48,2845,2847,3510,2,665
1283,1,48,3495,3497,3513,2,18
1284,2,48,3498,3500,3516,2,18
1046,4,48,2848,2849,3519,1,671
1287,1,48,3505,3507,3522,2,17
1049,3,48,2856,2858,3525,2,669
1288,2,48,3508,3509,3528,1,20
1050,4,48,2859,2861,3531,2,672
1291,1,48,3516,3518,3534,2,18
1292,2,48,3519,3521,3537,2,18
1053,3,48,2867,2868,3540,1,673
1054,4,48,2870,2871,3543,1,673
1295,1,48,3527,3529,3546,2,19
1296,2,48,3530,3531,3549,1,19
1057,3,48,2878,2880,3552,2,674
1299,1,48,3538,3539,3555,1,17
1300,2,48,3541,3542,3558,1,17
1058,4,48,2881,2882,3561,1,680
1061,3,48,2889,2891,3564,2,675
1303,1,48,3549,3551,3567,2,18
1304,2,48,3552,3554,3570,2,18
1062,4,48,2892,2894,3573,2,681
1065,3,48,2900,2901,3576,1,676
1307,1,48,3560,3562,3579,2,19
1308,2,48,3563,3564,3582,1,19
1066,4,48,2903,2904,3585,1,682
1311,1,48,3571,3572,3588,1,17
1312,2,48,3574,3575,3591,1,17
1069,3,48,2910,2912,3594,2,684
1070,4,48,2913,2915,3597,2,684
1315,1,48,3582,3584,3600,2,18
1316,2,48,3585,3587,3603,2,18
1073,3,48,2921,2922,3606,1,685
1074,4,48,2924,2925,3609,1,685
1319,1,48,3593,3595,3612,2,19
1320,2,48,3596,3597,3615,1,19
1077,3,48,2932,2934,3618,2,686
1323,1,48,3604,3605,3621,1,17
1324,2,48,3607,3608,3624,1,17
1078,4,48,2935,2936,3627,1,692
1081,3,48,2943,2945,3630,2,687
1327,1,48,3615,3617,3633,2,18
1328,2,48,3618,3620,3636,2,18
1082,4,48,2946,2948,3639,2,693
1331,1,48,3625,3627,3642,2,17
1085,3,48,2954,2955,3645,1,691
1332,2,48,3628,3629,3648,1,20
1086,4,48,2957,2958,3651,1,694
1335,1,48,3636,3638,3654,2,18
1336,2,48,3639,3641,3657,2,18
1089,3,48,2965,2967,3660,2,695
1090,4,48,2968,2969,3663,1,695
1339,1,48,3647,3649,3666,2,19
1340,2,48,3650,3651,3669,1,19
1093,3,48,2976,2978,3672,2,696
1343,1,48,3658,3659,3675,1,17
1344,2,48,3661,3662,3678,1,17
1094,4,48,2979,2981,3681,2,702
1097,3,48,2987,2988,3684,1,697
1347,1,48,3669,3671,3687,2,18
1348,2,48,3672,3674,3690,2,18
1098,4,48,2990,2991,3693,1,703
1101,3,48,2998,3000,3696,2,698
1351,1,48,3680,3682,3699,2,19
1352,2,48,3683,3684,3702,1,19
1102,4,48,3001,3002,3705,1,704
1355,1,48,3691,3692,3708,1,17
1356,2,48,3694,3695,3711,1,17
1105,3,48,3009,3011,3714,2,705
1106,4,48,3012,3014,3717,2,705
1359,1,48,3702,3704,3720,2,18
1360,2,48,3705,3707,3723,2,18
1109,3,48,3020,3021,3726,1,706
1110,4,48,3023,3024,3729,1,706
1363,1,48,3713,3715,3732,2,19
1364,2,48,3716,3717,3735,1,19
1113,3,48,3030,3032,3738,2,708
1367,1,48,3724,3725,3741,1,17
1368,2,48,3727,3728,3744,1,17
1114,4,48,3033,3035,3747,2,714
1117,3,48,3041,3042,3750,1,709
1371,1,48,3735,3737,3753,2,18
1372,2,48,3738,3740,3756,2,18
1118,4,48,3044,3045,3759,1,715
1375,1,48,3745,3747,3762,2,17
1121,3,48,3052,3054,3765,2,713
1376,2,48,3748,3749,3768,1,20
1122,4,48,3055,3056,3771,1,716
1379,1,48,3756,3758,3774,2,18
1380,2,48,3759,3761,3777,2,18
1125,3,48,3063,3065,3780,2,717
1126,4,48,3066,3068,3783,2,717
1383,1,48,3767,3769,3786,2,19
1384,2,48,3770,3771,3789,1,19
1129,3,48,3074,3075,3792,1,718
1387,1,48,3778,3779,3795,1,17
1388,2,48,3781,3782,3798,1,17
1130,4,48,3077,3078,3801,1,724
1133,3,48,3085,3087,3804,2,719
1391,1,48,3789,3791,3807,2,18
1392,2,48,3792,3794,3810,2,18
1134,4,48,3088,3089,3813,1,725
1137,3,48,3096,3098,3816,2,720
1395,1,48,3800,3802,3819,2,19
1396,2,48,3803,3804,3822,1,19
1138,4,48,3099,3101,3825,2,726
1399,1,48,3811,3812,3828,1,17
1400,2,48,3814,3815,3831,1,17
1141,3,48,3107,3108,3834,1,727
1142,4,48,3110,3111,3837,1,727
1403,1,48,3822,3824,3840,2,18
1404,2,48,3825,3827,3843,2,18
1145,3,48,3118,3120,3846,2,728
1146,4,48,3121,3122,3849,1,728
1407,1,48,3833,3835,3852,2,19
1408,2,48,3836,3837,3855,1,19
1149,3,48,3129,3131,3858,2,729
1411,1,48,3844,3845,3861,1,17
1412,2,48,3847,3848,3864,1,17
1150,4,48,3132,3134,3867,2,735
1153,3,48,3140,3141,3870,1,730
1415,1,48,3855,3857,3873,2,18
1416,2,48,3858,3860,3876,2,18
1154,4,48,3143,3144,3879,1,736
1419,1,48,3865,3867,3882,2,17
1157,3,48,3150,3152,3885,2,735
1420,2,48,3868,3869,3888,1,20
1158,4,48,3153,3155,3891,2,738
1423,1,48,3876,3878,3894,2,18
1424,2,48,3879,3881,3897,2,18
1161,3,48,3161,3162,3900,1,739
1162,4,48,3164,3165,3903,1,739
1427,1,48,3887,3889,3906,2,19
1428,2,48,3890,3891,3909,1,19
1165,3,48,3172,3174,3912,2,740
1431,1,48,3898,3899,3915,1,17
1432,2,48,3901,3902,3918,1,17
1166,4,48,3175,3176,3921,1,746
1169,3,48,3183,3185,3924,2,741
1435,1,48,3909,3911,3927,2,18
1436,2,48,3912,3914,3930,2,18
1170,4,48,3186,3188,3933,2,747
1173,3,48,3194,3195,3936,1,742
1439,1,48,3920,3922,3939,2,19
1440,2,48,3923,3924,3942,1,19
1174,4,48,3197,3198,3945,1,748
1443,1,48,3931,3932,3948,1,17
1444,2,48,3934,3935,3951,1,17
1177,3,48,3205,3207,3954,2,749
1178,4,48,3208,3209,3957,1,749
1447,1,48,3942,3944,3960,2,18
1448,2,48,3945,3947,3963,2,18
1181,3,48,3216,3218,3966,2,750
1182,4,48,3219,3221,3969,2,750
1451,1,48,3953,3955,3972,2,19
1452,2,48,3956,3957,3975,1,19
1185,3,48,3227,3228,3978,1,751
1455,1,48,3964,3965,3981,1,17
1456,2,48,3967,3968,3984,1,17
1186,4,48,3230,3231,3987,1,757
1189,3,48,3238,3240,3990,2,752
1459,1,48,3975,3977,3993,2,18
1460,2,48,3978,3980,3996,2,18
1190,4,48,3241,3242,3999,1,758
1463,1,48,3985,3987,4002,2,17
1193,3,48,3249,3251,4005,2,756
1464,2,48,3988,3989,4008,1,20
1194,4,48,3252,3254,4011,2,759
1467,1,48,3996,3998,4014,2,18
1468,2,48,3999,4001,4017,2,18
1197,3,48,3260,3261,4020,1,760
1198,4,48,3263,3264,4023,1,760
1471,1,48,4007,4009,4026,2,19
1472,2,48,4010,4011,4029,1,19
1201,3,48,3270,3272,4032,2,762
1475,1,48,4018,4019,4035,1,17
1476,2,48,4021,4022,4038,1,17
1202,4,48,3273,3275,4041,2,768
1205,3,48,3281,3282,4044,1,763
1479,1,48,4029,4031,4047,2,18
1480,2,48,4032,4034,4050,2,18
1206,4,48,3284,3285,4053,1,769
1209,3,48,3292,3294,4056,2,764
1483,1,48,4040,4042,4059,2,19
1484,2,48,4043,4044,4062,1,19
1210,4,48,3295,3296,4065,1,770
1487,1,48,4051,4052,4068,1,17
1488,2,48,4054,4055,4071,1,17
1213,3,48,3303,3305,4074,2,771
1214,4,48,3306,3308,4077,2,771
1491,1,48,4062,4064,4080,2,18
1492,2,48,4065,4067,4083,2,18
1217,3,48,3314,3315,4086,1,772
1218,4,48,3317,3318,4089,1,772
1495,1,48,4073,4075,4092,2,19
1496,2,48,4076,4077,4095,1,19
1221,3,48,3325,3327,4098,2,773
1499,1,48,4084,4085,4101,1,17
1500,2,48,4087,4088,4104,1,17
1222,4,48,3328,3329,4107,1,779
1225,3,48,3336,3338,4110,2,774
1503,1,48,4095,4097,4113,2,18
1504,2,48,4098,4100,4116,2,18
1226,4,48,3339,3341,4119,2,780
1507,1,48,4105,4107,4122,2,17
1229,3,48,3347,3348,4125,1,778
1508,2,48,4108,4109,4128,1,20
1230,4,48,3350,3351,4131,1,781
1511,1,48,4116,4118,4134,2,18
1512,2,48,4119,4121,4137,2,18
1233,3,48,3358,3360,4140,2,782
1234,4,48,3361,3362,4143,1,782
1515,1,48,4127,4129,4146,2,19
1516,2,48,4130,4131,4149,1,19
1237,3,48,3369,3371,4152,2,783
1519,1,48,4138,4139,4155,1,17
1520,2,48,4141,4142,4158,1,17
1238,4,48,3372,3374,4161,2,789
1241,3,48,3380,3381,4164,1,784
1523,1,48,4149,4151,4167,2,18
1524,2,48,4152,4154,4170,2,18
1242,4,48,3383,3384,4173,1,790
1245,3,48,3390,3392,4176,2,786
1527,1,48,4160,4162,4179,2,19
1528,2,48,4163,4164,4182,1,19
1246,4,48,3393,3395,4185,2,792
1531,1,48,4171,4172,4188,1,17
1532,2,48,4174,4175,4191,1,17
1249,3,48,3401,3402,4194,1,793
1250,4,48,3404,3405,4197,1,793
1535,1,48,4182,4184,4200,2,18
1536,2,48,4185,4187,4203,2,18
1253,3,48,3412,3414,4206,2,794
1254,4,48,3415,3416,4209,1,794
1539,1,48,4193,4195,4212,2,19
1540,2,48,4196,4197,4215,1,19
1257,3,48,3423,3425,4218,2,795
1543,1,48,4204,4205,4221,1,17
1544,2,48,4207,4208,4224,1,17
1258,4,48,3426,3428,4227,2,801
1261,3,48,3434,3435,4230,1,796
1547,1,48,4215,4217,4233,2,18
1548,2,48,4218,4220,4236,2,18
1262,4,48,3437,3438,4239,1,802
1551,1,48,4225,4227,4242,2,17
1265,3,48,3445,3447,4245,2,800
1552,2,48,4228,4229,4248,1,20
1266,4,48,3448,3449,4251,1,803
1555,1,48,4236,4238,4254,2,18
1556,2,48,4239,4241,4257,2,18
1269,3,48,3456,3458,4260,2,804
1270,4,48,3459,3461,4263,2,804
1559,1,48,4247,4249,4266,2,19
1560,2,48,4250,4251,4269,1,19
1273,3,48,3467,3468,4272,1,805
1563,1,48,4258,4259,4275,1,17
1564,2,48,4261,4262,4278,1,17
1274,4,48,3470,3471,4281,1,811
1277,3,48,3478,3480,4284,2,806
1567,1,48,4269,4271,4287,2,18
1568,2,48,4272,4274,4290,2,18
1278,4,48,3481,3482,4293,1,812
1281,3,48,3489,3491,4296,2,807
1571,1,48,4280,4282,4299,2,19
1572,2,48,4283,4284,4302,1,19
1282,4,48,3492,3494,4305,2,813
1575,1,48,4291,4292,4308,1,17
1576,2,48,4294,4295,4311,1,17
1285,3,48,3500,3501,4314,1,814
1286,4,48,3503,3504,4317,1,814
1579,1,48,4302,4304,4320,2,18
1580,2,48,4305,4307,4323,2,18
1289,3,48,3510,3512,4326,2,816
1290,4,48,3513,3515,4329,2,816
1583,1,48,4313,4315,4332,2,19
1584,2,48,4316,4317,4335,1,19
1293,3,48,3521,3522,4338,1,817
1587,1,48,4324,4325,4341,1,17
1588,2,48,4327,4328,4344,1,17
1294,4,48,3524,3525,4347,1,823
1297,3,48,3532,3534,4350,2,818
1591,1,48,4335,4337,4353,2,18
1592,2,48,4338,4340,4356,2,18
1298,4,48,3535,3536,4359,1,824
1595,1,48,4345,4347,4362,2,17
1301,3,48,3543,3545,4365,2,822
1596,2,48,4348,4349,4368,1,20
1302,4,48,3546,3548,4371,2,825
1599,1,48,4356,4358,4374,2,18
1600,2,48,4359,4361,4377,2,18
1305,3,48,3554,3555,4380,1,826
1306,4,48,3557,3558,4383,1,826
1603,1,48,4367,4369,4386,2,19
1604,2,48,4370,4371,4389,1,19
1309,3,48,3565,3567,4392,2,827
1607,1,48,4378,4379,4395,1,17
1608,2,48,4381,4382,4398,1,17
1310,4,48,3568,3569,4401,1,833
1313,3,48,3576,3578,4404,2,828
1611,1,48,4389,4391,4407,2,18
1612,2,48,4392,4394,4410,2,18
1314,4,48,3579,3581,4413,2,834
1317,3,48,3587,3588,4416,1,829
1615,1,48,4400,4402,4419,2,19
1616,2,48,4403,4404,4422,1,19
1318,4,48,3590,3591,4425,1,835
1619,1,48,4411,4412,4428,1,17
1620,2,48,4414,4415,4431,1,17
1321,3,48,3598,3600,4434,2,836
1322,4,48,3601,3602,4437,1,836
1623,1,48,4422,4424,4440,2,18
1624,2,48,4425,4427,4443,2,18
1325,3,48,3609,3611,4446,2,837
1326,4,48,3612,3614,4449,2,837
1627,1,48,4433,4435,4452,2,19
1628,2,48,4436,4437,4455,1,19
1329,3,48,3620,3621,4458,1,838
1631,1,48,4444,4445,4461,1,17
1632,2,48,4447,4448,4464,1,17
1330,4,48,3623,3624,4467,1,844
1333,3,48,3630,3632,4470,2,840
1635,1,48,4455,4457,4473,2,18
1636,2,48,4458,4460,4476,2,18
1334,4,48,3633,3635,4479,2,846
1639,1,48,4465,4467,4482,2,17
1337,3,48,3641,3642,4485,1,844
1640,2,48,4468,4469,4488,1,20
1338,4,48,3644,3645,4491,1,847
1643,1,48,4476,4478,4494,2,18
1644,2,48,4479,4481,4497,2,18
1341,3,48,3652,3654,4500,2,848
1342,4,48,3655,3656,4503,1,848
1647,1,48,4487,4489,4506,2,19
1648,2,48,4490,4491,4509,1,19
1345,3,48,3663,3665,4512,2,849
1651,1,48,4498,4499,4515,1,17
1652,2,48,4501,4502,4518,1,17
1346,4,48,3666,3668,4521,2,855
1349,3,48,3674,3675,4524,1,850
1655,1,48,4509,4511,4527,2,18
1656,2,48,4512,4514,4530,2,18
1350,4,48,3677,3678,4533,1,856
1353,3,48,3685,3687,4536,2,851
1659,1,48,4520,4522,4539,2,19
1660,2,48,4523,4524,4542,1,19
1354,4,48,3688,3689,4545,1,857
1663,1,48,4531,4532,4548,1,17
1664,2,48,4534,4535,4551,1,17
1357,3,48,3696,3698,4554,2,858
1358,4,48,3699,3701,4557,2,858
1667,1,48,4542,4544,4560,2,18
1668,2,48,4545,4547,4563,2,18
1361,3,48,3707,3708,4566,1,859
1362,4,48,3710,3711,4569,1,859
1671,1,48,4553,4555,4572,2,19
1672,2,48,4556,4557,4575,1,19
1365,3,48,3718,3720,4578,2,860
1675,1,48,4564,4565,4581,1,17
1676,2,48,4567,4568,4584,1,17
1366,4,48,3721,3722,4587,1,866
1369,3,48,3729,3731,4590,2,861
1679,1,48,4575,4577,4593,2,18
1680,2,48,4578,4580,4596,2,18
1370,4,48,3732,3734,4599,2,867
1683,1,48,4585,4587,4602,2,17
1373,3,48,3740,3741,4605,1,865
1684,2,48,4588,4589,4608,1,20
1374,4,48,3743,3744,4611,1,868
1687,1,48,4596,4598,4614,2,18
1688,2,48,4599,4601,4617,2,18
1377,3,48,3750,3752,4620,2,870
1378,4,48,3753,3755,4623,2,870
1691,1,48,4607,4609,4626,2,19
1692,2,48,4610,4611,4629,1,19
1381,3,48,3761,3762,4632,1,871
1695,1,48,4618,4619,4635,1,17
1696,2,48,4621,4622,4638,1,17
1382,4,48,3764,3765,4641,1,877
1385,3,48,3772,3774,4644,2,872
1699,1,48,4629,4631,4647,2,18
1700,2,48,4632,4634,4650,2,18
1386,4,48,3775,3776,4653,1,878
1389,3,48,3783,3785,4656,2,873
1703,1,48,4640,4642,4659,2,19
1704,2,48,4643,4644,4662,1,19
1390,4,48,3786,3788,4665,2,879
1707,1,48,4651,4652,4668,1,17
1708,2,48,4654,4655,4671,1,17
1393,3,48,3794,3795,4674,1,880
1394,4,48,3797,3798,4677,1,880
1711,1,48,4662,4664,4680,2,18
1712,2,48,4665,4667,4683,2,18
1397,3,48,3805,3807,4686,2,881
1398,4,48,3808,3809,4689,1,881
1715,1,48,4673,4675,4692,2,19
1716,2,48,4676,4677,4695,1,19
1401,3,48,3816,3818,4698,2,882
1719,1,48,4684,4685,4701,1,17
1720,2,48,4687,4688,4704,1,17
1402,4,48,3819,3821,4707,2,888
1405,3,48,3827,3828,4710,1,883
1723,1,48,4695,4697,4713,2,18
1724,2,48,4698,4700,4716,2,18
1406,4,48,3830,3831,4719,1,889
1727,1,48,4705,4707,4722,2,17
1409,3,48,3838,3840,4725,2,887
1728,2,48,4708,4709,4728,1,20
1410,4,48,3841,3842,4731,1,890
1731,1,48,4716,4718,4734,2,18
1732,2,48,4719,4721,4737,2,18
1413,3,48,3849,3851,4740,2,891
1414,4,48,3852,3854,4743,2,891
1735,1,48,4727,4729,4746,2,19
1736,2,48,4730,4731,4749,1,19
1417,3,48,3860,3861,4752,1,892
1739,1,48,4738,4739,4755,1,17
1740,2,48,4741,4742,4758,1,17
1418,4,48,3863,3864,4761,1,898
1421,3,48,3870,3872,4764,2,894
1743,1,48,4749,4751,4767,2,18
1744,2,48,4752,4754,4770,2,18
1422,4,48,3873,3875,4773,2,900
1425,3,48,3881,3882,4776,1,895
1747,1,48,4760,4762,4779,2,19
1748,2,48,4763,4764,4782,1,19
1426,4,48,3884,3885,4785,1,901
1751,1,48,4771,4772,4788,1,17
1752,2,48,4774,4775,4791,1,17
1429,3,48,3892,3894,4794,2,902
1430,4,48,3895,3896,4797,1,902
1755,1,48,4782,4784,4800,2,18
1756,2,48,4785,4787,4803,2,18
1433,3,48,3903,3905,4806,2,903
1434,4,48,3906,3908,4809,2,903
1759,1,48,4793,4795,4812,2,19
1760,2,48,4796,4797,4815,1,19
1437,3,48,3914,3915,4818,1,904
1763,1,48,4804,4805,4821,1,17
1764,2,48,4807,4808,4824,1,17
1438,4,48,3917,3918,4827,1,910
1441,3,48,3925,3927,4830,2,905
1767,1,48,4815,4817,4833,2,18
1768,2,48,4818,4820,4836,2,18
1442,4,48,3928,3929,4839,1,911
1771,1,48,4825,4827,4842,2,17
1445,3,48,3936,3938,4845,2,909
1772,2,48,4828,4829,4848,1,20
1446,4,48,3939,3941,4851,2,912
1775,1,48,4836,4838,4854,2,18
1776,2,48,4839,4841,4857,2,18
1449,3,48,3947,3948,4860,1,913
1450,4,48,3950,3951,4863,1,913
1779,1,48,4847,4849,4866,2,19
1780,2,48,4850,4851,4869,1,19
1453,3,48,3958,3960,4872,2,914
1783,1,48,4858,4859,4875,1,17
1784,2,48,4861,4862,4878,1,17
1454,4,48,3961,3962,4881,1,920
1457,3,48,3969,3971,4884,2,915
1787,1,48,4869,4871,4887,2,18
1788,2,48,4872,4874,4890,2,18
1458,4,48,3972,3974,4893,2,921
1461,3,48,3980,3981,4896,1,916
1791,1,48,4880,4882,4899,2,19
1792,2,48,4883,4884,4902,1,19
1462,4,48,3983,3984,4905,1,922
1795,1,48,4891,4892,4908,1,17
1796,2,48,4894,4895,4911,1,17
1465,3,48,3990,3992,4914,2,924
1466,4,48,3993,3995,4917,2,924
1799,1,48,4902,4904,4920,2,18
1800,2,48,4905,4907,4923,2,18
1469,3,48,4001,4002,4926,1,925
1470,4,48,4004,4005,4929,1,925
1803,1,48,4913,4915,4932,2,19
1804,2,48,4916,4917,4935,1,19
1473,3,48,4012,4014,4938,2,926
1807,1,48,4924,4925,4941,1,17
1808,2,48,4927,4928,4944,1,17
1474,4,48,4015,4016,4947,1,932
1477,3,48,4023,4025,4950,2,927
1811,1,48,4935,4937,4953,2,18
1812,2,48,4938,4940,4956,2,18
1478,4,48,4026,4028,4959,2,933
1815,1,48,4945,4947,4962,2,17
1481,3,48,4034,4035,4965,1,931
1816,2,48,4948,4949,4968,1,20
1482,4,48,4037,4038,4971,1,934
1819,1,48,4956,4958,4974,2,18
1820,2,48,4959,4961,4977,2,18
1485,3,48,4045,4047,4980,2,935
1486,4,48,4048,4049,4983,1,935
1823,1,48,4967,4969,4986,2,19
1824,2,48,4970,4971,4989,1,19
1489,3,48,4056,4058,4992,2,936
1827,1,48,4978,4979,4995,1,17
1828,2,48,4981,4982,4998,1,17
1490,4,48,4059,4061,5001,2,942
1493,3,48,4067,4068,5004,1,937
1831,1,48,4989,4991,5007,2,18
1832,2,48,4992,4994,5010,2,18
1494,4,48,4070,4071,5013,1,943
1497,3,48,4078,4080,5016,2,938
1835,1,48,5000,5002,5019,2,19
1836,2,48,5003,5004,5022,1,19
1498,4,48,4081,4082,5025,1,944
1839,1,48,5011,5012,5028,1,17
1840,2,48,5014,5015,5031,1,17
1501,3,48,4089,4091,5034,2,945
1502,4,48,4092,4094,5037,2,945
1843,1,48,5022,5024,5040,2,18
1844,2,48,5025,5027,5043,2,18
1505,3,48,4100,4101,5046,1,946
1506,4,48,4103,4104,5049,1,946
1847,1,48,5033,5035,5052,2,19
1848,2,48,5036,5037,5055,1,19
1509,3,48,4110,4112,5058,2,948
1851,1,48,5044,5045,5061,1,17
1852,2,48,5047,5048,5064,1,17
1510,4,48,4113,4115,5067,2,954
1513,3,48,4121,4122,5070,1,949
1855,1,48,5055,5057,5073,2,18
1856,2,48,5058,5060,5076,2,18
1514,4,48,4124,4125,5079,1,955
1859,1,48,5065,5067,5082,2,17
1517,3,48,4132,4134,5085,2,953
1860,2,48,5068,5069,5088,1,20
1518,4,48,4135,4136,5091,1,956
1863,1,48,5076,5078,5094,2,18
1864,2,48,5079,5081,5097,2,18
1521,3,48,4143,4145,5100,2,957
1522,4,48,4146,4148,5103,2,957
1867,1,48,5087,5089,5106,2,19
1868,2,48,5090,5091,5109,1,19
1525,3,48,4154,4155,5112,1,958
1871,1,48,5098,5099,5115,1,17
1872,2,48,5101,5102,5118,1,17
1526,4,48,4157,4158,5121,1,964
1529,3,48,4165,4167,5124,2,959
1875,1,48,5109,5111,5127,2,18
1876,2,48,5112,5114,5130,2,18
1530,4,48,4168,4169,5133,1,965
1533,3,48,4176,4178,5136,2,960
1879,1,48,5120,5122,5139,2,19
1880,2,48,5123,5124,5142,1,19
1534,4,48,4179,4181,5145,2,966
1883,1,48,5131,5132,5148,1,17
1884,2,48,5134,5135,5151,1,17
1537,3,48,4187,4188,5154,1,967
1538,4,48,4190,4191,5157,1,967
1887,1,48,5142,5144,5160,2,18
1888,2,48,5145,5147,5163,2,18
1541,3,48,4198,4200,5166,2,968
1542,4,48,4201,4202,5169,1,968
1891,1,48,5153,5155,5172,2,19
1892,2,48,5156,5157,5175,1,19
1545,3,48,4209,4211,5178,2,969
1895,1,48,5164,5165,5181,1,17
1896,2,48,5167,5168,5184,1,17
1546,4,48,4212,4214,5187,2,975
1549,3,48,4220,4221,5190,1,970
1899,1,48,5175,5177,5193,2,18
1900,2,48,5178,5180,5196,2,18
1550,4,48,4223,4224,5199,1,976
1903,1,48,5185,5187,5202,2,17
1553,3,48,4230,4232,5205,2,975
1904,2,48,5188,5189,5208,1,20
1554,4,48,4233,4235,5211,2,978
1907,1,48,5196,5198,5214,2,18
1908,2,48,5199,5201,5217,2,18
1557,3,48,4241,4242,5220,1,979
1558,4,48,4244,4245,5223,1,979
1911,1,48,5207,5209,5226,2,19
1912,2,48,5210,5211,5229,1,19
1561,3,48,4252,4254,5232,2,980
1915,1,48,5218,5219,5235,1,17
1916,2,48,5221,5222,5238,1,17
1562,4,48,4255,4256,5241,1,986
1565,3,48,4263,4265,5244,2,981
1919,1,48,5229,5231,5247,2,18
1920,2,48,5232,5234,5250,2,18
1566,4,48,4266,4268,5253,2,987
1569,3,48,4274,4275,5256,1,982
1923,1,48,5240,5242,5259,2,19
1924,2,48,5243,5244,5262,1,19
1570,4,48,4277,4278,5265,1,988
1927,1,48,5251,5252,5268,1,17
1928,2,48,5254,5255,5271,1,17
1573,3,48,4285,4287,5274,2,989
1574,4,48,4288,4289,5277,1,989
1931,1,48,5262,5264,5280,2,18
1932,2,48,5265,5267,5283,2,18
1577,3,48,4296,4298,5286,2,990
1578,4,48,4299,4301,5289,2,990
1935,1,48,5273,5275,5292,2,19
1936,2,48,5276,5277,5295,1,19
1581,3,48,4307,4308,5298,1,991
1939,1,48,5284,5285,5301,1,17
1940,2,48,5287,5288,5304,1,17
1582,4,48,4310,4311,5307,1,997
1585,3,48,4318,4320,5310,2,992
1943,1,48,5295,5297,5313,2,18
1944,2,48,5298,5300,5316,2,18
1586,4,48,4321,4322,5319,1,998
1947,1,48,5305,5307,5322,2,17
1589,3,48,4329,4331,5325,2,996
1948,2,48,5308,5309,5328,1,20
1590,4,48,4332,4334,5331,2,999
1951,1,48,5316,5318,5334,2,18
1952,2,48,5319,5321,5337,2,18
1593,3,48,4340,4341,5340,1,1000
1594,4,48,4343,4344,5343,1,1000
1955,1,48,5327,5329,5346,2,19
1956,2,48,5330,5331,5349,1,19
1597,3,48,4350,4352,5352,2,1002
1959,1,48,5338,5339,5355,1,17
1960,2,48,5341,5342,5358,1,17
1598,4,48,4353,4355,5361,2,1008
1601,3,48,4361,4362,5364,1,1003
1963,1,48,5349,5351,5367,2,18
1964,2,48,5352,5354,5370,2,18
1602,4,48,4364,4365,5373,1,1009
1605,3,48,4372,4374,5376,2,1004
1967,1,48,5360,5362,5379,2,19
1968,2,48,5363,5364,5382,1,19
1606,4,48,4375,4376,5385,1,1010
1971,1,48,5371,5372,5388,1,17
1972,2,48,5374,5375,5391,1,17
1609,3,48,4383,4385,5394,2,1011
1610,4,48,4386,4388,5397,2,1011
1975,1,48,5382,5384,5400,2,18
1976,2,48,5385,5387,5403,2,18
1613,3,48,4394,4395,5406,1,1012
1614,4,48,4397,4398,5409,1,1012
1979,1,48,5393,5395,5412,2,19
1980,2,48,5396,5397,5415,1,19
1617,3,48,4405,4407,5418,2,1013
1983,1,48,5404,5405,5421,1,17
1984,2,48,5407,5408,5424,1,17
1618,4,48,4408,4409,5427,1,1019
1621,3,48,4416,4418,5430,2,1014
1987,1,48,5415,5417,5433,2,18
1988,2,48,5418,5420,5436,2,18
1622,4,48,4419,4421,5439,2,1020
1991,1,48,5425,5427,5442,2,17
1625,3,48,4427,4428,5445,1,1018
1992,2,48,5428,5429,5448,1,20
1626,4,48,4430,4431,5451,1,1021
1995,1,48,5436,5438,5454,2,18
1996,2,48,5439,5441,5457,2,18
1629,3,48,4438,4440,5460,2,1022
1630,4,48,4441,4442,5463,1,1022
1999,1,48,5447,5449,5466,2,19
2000,2,48,5450,5451,5469,1,19
1633,3,48,4449,4451,5472,2,1023
2003,1,48,5458,5459,5475,1,17
2004,2,48,5461,5462,5478,1,17
1634,4,48,4452,4454,5481,2,1029
1637,3,48,4460,4461,5484,1,1024
2007,1,48,5469,5471,5487,2,18
2008,2,48,5472,5474,5490,2,18
1638,4,48,4463,4464,5493,1,1030
1641,3,48,4470,4472,5496,2,1026
2011,1,48,5480,5482,5499,2,19
2012,2,48,5483,5484,5502,1,19
1642,4,48,4473,4475,5505,2,1032
2015,1,48,5491,5492,5508,1,17
2016,2,48,5494,5495,5511,1,17
1645,3,48,4481,4482,5514,1,1033
1646,4,48,4484,4485,5517,1,1033
2019,1,48,5502,5504,5520,2,18
2020,2,48,5505,5507,5523,2,18
1649,3,48,4492,4494,5526,2,1034
1650,4,48,4495,4496,5529,1,1034
2023,1,48,5513,5515,5532,2,19
2024,2,48,5516,5517,5535,1,19
1653,3,48,4503,4505,5538,2,1035
2027,1,48,5524,5525,5541,1,17
2028,2,48,5527,5528,5544,1,17
1654,4,48,4506,4508,5547,2,1041
1657,3,48,4514,4515,5550,1,1036
2031,1,48,5535,5537,5553,2,18
2032,2,48,5538,5540,5556,2,18
1658,4,48,4517,4518,5559,1,1042
2035,1,48,5545,5547,5562,2,17
1661,3,48,4525,4527,5565,2,1040
2036,2,48,5548,5549,5568,1,20
1662,4,48,4528,4529,5571,1,1043
2039,1,48,5556,5558,5574,2,18
2040,2,48,5559,5561,5577,2,18
1665,3,48,4536,4538,5580,2,1044
1666,4,48,4539,4541,5583,2,1044
2043,1,48,5567,5569,5586,2,19
2044,2,48,5570,5571,5589,1,19
1669,3,48,4547,4548,5592,1,1045
2047,1,48,5578,5579,5595,1,17
2048,2,48,5581,5582,5598,1,17
1670,4,48,4550,4551,5601,1,1051
1673,3,48,4558,4560,5604,2,1046
2051,1,48,5589,5591,5607,2,18
2052,2,48,5592,5594,5610,2,18
1674,4,48,4561,4562,5613,1,1052
1677,3,48,4569,4571,5616,2,1047
2055,1,48,5600,5602,5619,2,19
2056,2,48,5603,5604,5622,1,19
1678,4,48,4572,4574,5625,2,1053
2059,1,48,5611,5612,5628,1,17
2060,2,48,5614,5615,5631,1,17
1681,3,48,4580,4581,5634,1,1054
1682,4,48,4583,4584,5637,1,1054
2063,1,48,5622,5624,5640,2,18
2064,2,48,5625,5627,5643,2,18
1685,3,48,4590,4592,5646,2,1056
1686,4,48,4593,4595,5649,2,1056
2067,1,48,5633,5635,5652,2,19
2068,2,48,5636,5637,5655,1,19
1689,3,48,4601,4602,5658,1,1057
2071,1,48,5644,5645,5661,1,17
2072,2,48,5647,5648,5664,1,17
1690,4,48,4604,4605,5667,1,1063
1693,3,48,4612,4614,5670,2,1058
2075,1,48,5655,5657,5673,2,18
2076,2,48,5658,5660,5676,2,18
1694,4,48,4615,4616,5679,1,1064
2079,1,48,5665,5667,5682,2,17
1697,3,48,4623,4625,5685,2,1062
2080,2,48,5668,5669,5688,1,20
1698,4,48,4626,4628,5691,2,1065
2083,1,48,5676,5678,5694,2,18
2084,2,48,5679,5681,5697,2,18
1701,3,48,4634,4635,5700,1,1066
1702,4,48,4637,4638,5703,1,1066
2087,1,48,5687,5689,5706,2,19
2088,2,48,5690,5691,5709,1,19
1705,3,48,4645,4647,5712,2,1067
2091,1,48,5698,5699,5715,1,17
2092,2,48,5701,5702,5718,1,17
1706,4,48,4648,4649,5721,1,1073
1709,3,48,4656,4658,5724,2,1068
2095,1,48,5709,5711,5727,2,18
2096,2,48,5712,5714,5730,2,18
1710,4,48,4659,4661,5733,2,1074
1713,3,48,4667,4668,5736,1,1069
2099,1,48,5720,5722,5739,2,19
2100,2,48,5723,5724,5742,1,19
1714,4,48,4670,4671,5745,1,1075
2103,1,48,5731,5732,5748,1,17
2104,2,48,5734,5735,5751,1,17
1717,3,48,4678,4680,5754,2,1076
1718,4,48,4681,4682,5757,1,1076
2107,1,48,5742,5744,5760,2,18
2108,2,48,5745,5747,5763,2,18
1721,3,48,4689,4691,5766,2,1077
1722,4,48,4692,4694,5769,2,1077
2111,1,48,5753,5755,5772,2,19
2112,2,48,5756,5757,5775,1,19
1725,3,48,4700,4701,5778,1,1078
2115,1,48,5764,5765,5781,1,17
2116,2,48,5767,5768,5784,1,17
1726,4,48,4703,4704,5787,1,1084
1729,3,48,4710,4712,5790,2,1080
2119,1,48,5775,5777,5793,2,18
2120,2,48,5778,5780,5796,2,18
1730,4,48,4713,4715,5799,2,1086
2123,1,48,5785,5787,5802,2,17
1733,3,48,4721,4722,5805,1,1084
2124,2,48,5788,5789,5808,1,20
1734,4,48,4724,4725,5811,1,1087
2127,1,48,5796,5798,5814,2,18
2128,2,48,5799,5801,5817,2,18
1737,3,48,4732,4734,5820,2,1088
1738,4,48,4735,4736,5823,1,1088
2131,1,48,5807,5809,5826,2,19
2132,2,48,5810,5811,5829,1,19
1741,3,48,4743,4745,5832,2,1089
2135,1,48,5818,5819,5835,1,17
2136,2,48,5821,5822,5838,1,17
1742,4,48,4746,4748,5841,2,1095
1745,3,48,4754,4755,5844,1,1090
2139,1,48,5829,5831,5847,2,18
2140,2,48,5832,5834,5850,2,18
1746,4,48,4757,4758,5853,1,1096
1749,3,48,4765,4767,5856,2,1091
2143,1,48,5840,5842,5859,2,19
2144,2,48,5843,5844,5862,1,19
1750,4,48,4768,4769,5865,1,1097
2147,1,48,5851,5852,5868,1,17
2148,2,48,5854,5855,5871,1,17
1753,3,48,4776,4778,5874,2,1098
1754,4,48,4779,4781,5877,2,1098
2151,1,48,5862,5864,5880,2,18
2152,2,48,5865,5867,5883,2,18
1757,3,48,4787,4788,5886,1,1099
1758,4,48,4790,4791,5889,1,1099
2155,1,48,5873,5875,5892,2,19
2156,2,48,5876,5877,5895,1,19
1761,3,48,4798,4800,5898,2,1100
2159,1,48,5884,5885,5901,1,17
2160,2,48,5887,5888,5904,1,17
1762,4,48,4801,4802,5907,1,1106
1765,3,48,4809,4811,5910,2,1101
2163,1,48,5895,5897,5913,2,18
2164,2,48,5898,5900,5916,2,18
1766,4,48,4812,4814,5919,2,1107
2167,1,48,5905,5907,5922,2,17
1769,3,48,4820,4821,5925,1,1105
2168,2,48,5908,5909,5928,1,20
1770,4,48,4823,4824,5931,1,1108
2171,1,48,5916,5918,5934,2,18
2172,2,48,5919,5921,5937,2,18
1773,3,48,4830,4832,5940,2,1110
1774,4,48,4833,4835,5943,2,1110
2175,1,48,5927,5929,5946,2,19
2176,2,48,5930,5931,5949,1,19
1777,3,48,4841,4842,5952,1,1111
2179,1,48,5938,5939,5955,1,17
2180,2,48,5941,5942,5958,1,17
1778,4,48,4844,4845,5961,1,1117
1781,3,48,4852,4854,5964,2,1112
2183,1,48,5949,5951,5967,2,18
2184,2,48,5952,5954,5970,2,18
1782,4,48,4855,4856,5973,1,1118
1785,3,48,4863,4865,5976,2,1113
2187,1,48,5960,5962,5979,2,19
2188,2,48,5963,5964,5982,1,19
1786,4,48,4866,4868,5985,2,1119
2191,1,48,5971,5972,5988,1,17
2192,2,48,5974,5975,5991,1,17
1789,3,48,4874,4875,5994,1,1120
1790,4,48,4877,4878,5997,1,1120
2195,1,48,5982,5984,6000,2,18
2196,2,48,5985,5987,6003,2,18
1793,3,48,4885,4887,6006,2,1121
1794,4,48,4888,4889,6009,1,1121
2199,1,48,5993,5995,6012,2,19
2200,2,48,5996,5997,6015,1,19
1797,3,48,4896,4898,6018,2,1122
2203,1,48,6004,6005,6021,1,17
2204,2,48,6007,6008,6024,1,17
1798,4,48,4899,4901,6027,2,1128
1801,3,48,4907,4908,6030,1,1123
2207,1,48,6015,6017,6033,2,18
2208,2,48,6018,6020,6036,2,18
1802,4,48,4910,4911,6039,1,1129
2211,1,48,6025,6027,6042,2,17
1805,3,48,4918,4920,6045,2,1127
2212,2,48,6028,6029,6048,1,20
1806,4,48,4921,4922,6051,1,1130
2215,1,48,6036,6038,6054,2,18
2216,2,48,6039,6041,6057,2,18
1809,3,48,4929,4931,6060,2,1131
1810,4,48,4932,4934,6063,2,1131
2219,1,48,6047,6049,6066,2,19
2220,2,48,6050,6051,6069,1,19
1813,3,48,4940,4941,6072,1,1132
2223,1,48,6058,6059,6075,1,17
2224,2,48,6061,6062,6078,1,17
1814,4,48,4943,4944,6081,1,1138
1817,3,48,4950,4952,6084,2,1134
2227,1,48,6069,6071,6087,2,18
2228,2,48,6072,6074,6090,2,18
1818,4,48,4953,4955,6093,2,1140
1821,3,48,4961,4962,6096,1,1135
2231,1,48,6080,6082,6099,2,19
2232,2,48,6083,6084,6102,1,19
1822,4,48,4964,4965,6105,1,1141
2235,1,48,6091,6092,6108,1,17
2236,2,48,6094,6095,6111,1,17
1825,3,48,4972,4974,6114,2,1142
1826,4,48,4975,4976,6117,1,1142
2239,1,48,6102,6104,6120,2,18
2240,2,48,6105,6107,6123,2,18
1829,3,48,4983,4985,6126,2,1143
1830,4,48,4986,4988,6129,2,1143
2243,1,48,6113,6115,6132,2,19
2244,2,48,6116,6117,6135,1,19
1833,3,48,4994,4995,6138,1,1144
2247,1,48,6124,6125,6141,1,17
2248,2,48,6127,6128,6144,1,17
1834,4,48,4997,4998,6147,1,1150
1837,3,48,5005,5007,6150,2,1145
2251,1,48,6135,6137,6153,2,18
2252,2,48,6138,6140,6156,2,18
1838,4,48,5008,5009,6159,1,1151
2255,1,48,6145,6147,6162,2,17
1841,3,48,5016,5018,6165,2,1149
2256,2,48,6148,6149,6168,1,20
1842,4,48,5019,5021,6171,2,1152
2259,1,48,6156,6158,6174,2,18
2260,2,48,6159,6161,6177,2,18
1845,3,48,5027,5028,6180,1,1153
1846,4,48,5030,5031,6183,1,1153
2263,1,48,6167,6169,6186,2,19
2264,2,48,6170,6171,6189,1,19
1849,3,48,5038,5040,6192,2,1154
2267,1,48,6178,6179,6195,1,17
2268,2,48,6181,6182,6198,1,17
1850,4,48,5041,5042,6201,1,1160
1853,3,48,5049,5051,6204,2,1155
2271,1,48,6189,6191,6207,2,18
2272,2,48,6192,6194,6210,2,18
1854,4,48,5052,5054,6213,2,1161
1857,3,48,5060,5061,6216,1,1156
2275,1,48,6200,6202,6219,2,19
2276,2,48,6203,6204,6222,1,19
1858,4,48,5063,5064,6225,1,1162
2279,1,48,6211,6212,6228,1,17
2280,2,48,6214,6215,6231,1,17
1861,3,48,5070,5072,6234,2,1164
1862,4,48,5073,5075,6237,2,1164
2283,1,48,6222,6224,6240,2,18
2284,2,48,6225,6227,6243,2,18
1865,3,48,5081,5082,6246,1,1165
1866,4,48,5084,5085,6249,1,1165
2287,1,48,6233,6235,6252,2,19
2288,2,48,6236,6237,6255,1,19
1869,3,48,5092,5094,6258,2,1166
2291,1,48,6244,6245,6261,1,17
2292,2,48,6247,6248,6264,1,17
1870,4,48,5095,5096,6267,1,1172
1873,3,48,5103,5105,6270,2,1167
2295,1,48,6255,6257,6273,2,18
2296,2,48,6258,6260,6276,2,18
1874,4,48,5106,5108,6279,2,1173
2299,1,48,6265,6267,6282,2,17
1877,3,48,5114,5115,6285,1,1171
2300,2,48,6268,6269,6288,1,20
1878,4,48,5117,5118,6291,1,1174
2303,1,48,6276,6278,6294,2,18
2304,2,48,6279,6281,6297,2,18
1881,3,48,5125,5127,6300,2,1175
1882,4,48,5128,5129,6303,1,1175
2307,1,48,6287,6289,6306,2,19
2308,2,48,6290,6291,6309,1,19
1885,3,48,5136,5138,6312,2,1176
2311,1,48,6298,6299,6315,1,17
2312,2,48,6301,6302,6318,1,17
1886,4,48,5139,5141,6321,2,1182
1889,3,48,5147,5148,6324,1,1177
2315,1,48,6309,6311,6327,2,18
2316,2,48,6312,6314,6330,2,18
1890,4,48,5150,5151,6333,1,1183
1893,3,48,5158,5160,6336,2,1178
2319,1,48,6320,6322,6339,2,19
2320,2,48,6323,6324,6342,1,19
1894,4,48,5161,5162,6345,1,1184
2323,1,48,6331,6332,6348,1,17
2324,2,48,6334,6335,6351,1,17
1897,3,48,5169,5171,6354,2,1185
1898,4,48,5172,5174,6357,2,1185
2327,1,48,6342,6344,6360,2,18
2328,2,48,6345,6347,6363,2,18
1901,3,48,5180,5181,6366,1,1186
1902,4,48,5183,5184,6369,1,1186
2331,1,48,6353,6355,6372,2,19
2332,2,48,6356,6357,6375,1,19
1905,3,48,5190,5192,6378,2,1188
2335,1,48,6364,6365,6381,1,17
2336,2,48,6367,6368,6384,1,17
1906,4,48,5193,5195,6387,2,1194
1909,3,48,5201,5202,6390,1,1189
2339,1,48,6375,6377,6393,2,18
2340,2,48,6378,6380,6396,2,18
1910,4,48,5204,5205,6399,1,1195
2343,1,48,6385,6387,6402,2,17
1913,3,48,5212,5214,6405,2,1193
2344,2,48,6388,6389,6408,1,20
1914,4,48,5215,5216,6411,1,1196
2347,1,48,6396,6398,6414,2,18
2348,2,48,6399,6401,6417,2,18
1917,3,48,5223,5225,6420,2,1197
1918,4,48,5226,5228,6423,2,1197
2351,1,48,6407,6409,6426,2,19
2352,2,48,6410,6411,6429,1,19
1921,3,48,5234,5235,6432,1,1198
2355,1,48,6418,6419,6435,1,17
2356,2,48,6421,6422,6438,1,17
1922,4,48,5237,5238,6441,1,1204
1925,3,48,5245,5247,6444,2,1199
2359,1,48,6429,6431,6447,2,18
2360,2,48,6432,6434,6450,2,18
1926,4,48,5248,5249,6453,1,1205
1929,3,48,5256,5258,6456,2,1200
2363,1,48,6440,6442,6459,2,19
2364,2,48,6443,6444,6462,1,19
1930,4,48,5259,5261,6465,2,1206
2367,1,48,6451,6452,6468,1,17
2368,2,48,6454,6455,6471,1,17
1933,3,48,5267,5268,6474,1,1207
1934,4,48,5270,5271,6477,1,1207
2371,1,48,6462,6464,6480,2,18
2372,2,48,6465,6467,6483,2,18
1937,3,48,5278,5280,6486,2,1208
1938,4,48,5281,5282,6489,1,1208
2375,1,48,6473,6475,6492,2,19
2376,2,48,6476,6477,6495,1,19
1941,3,48,5289,5291,6498,2,1209
2379,1,48,6484,6485,6501,1,17
2380,2,48,6487,6488,6504,1,17
1942,4,48,5292,5294,6507,2,1215
1945,3,48,5300,5301,6510,1,1210
2383,1,48,6495,6497,6513,2,18
2384,2,48,6498,6500,6516,2,18
1946,4,48,5303,5304,6519,1,1216
2387,1,48,6505,6507,6522,2,17
1949,3,48,5310,5312,6525,2,1215
2388,2,48,6508,6509,6528,1,20
1950,4,48,5313,5315,6531,2,1218
2391,1,48,6516,6518,6534,2,18
2392,2,48,6519,6521,6537,2,18
1953,3,48,5321,5322,6540,1,1219
1954,4,48,5324,5325,6543,1,1219
2395,1,48,6527,6529,6546,2,19
2396,2,48,6530,6531,6549,1,19
1957,3,48,5332,5334,6552,2,1220
2399,1,48,6538,6539,6555,1,17
2400,2,48,6541,6542,6558,1,17
1958,4,48,5335,5336,6561,1,1226
1961,3,48,5343,5345,6564,2,1221
2403,1,48,6549,6551,6567,2,18
2404,2,48,6552,6554,6570,2,18
1962,4,48,5346,5348,6573,2,1227
1965,3,48,5354,5355,6576,1,1222
2407,1,48,6560,6562,6579,2,19
2408,2,48,6563,6564,6582,1,19
1966,4,48,5357,5358,6585,1,1228
2411,1,48,6571,6572,6588,1,17
2412,2,48,6574,6575,6591,1,17
1969,3,48,5365,5367,6594,2,1229
1970,4,48,5368,5369,6597,1,1229
2415,1,48,6582,6584,6600,2,18
2416,2,48,6585,6587,6603,2,18
1973,3,48,5376,5378,6606,2,1230
1974,4,48,5379,5381,6609,2,1230
2419,1,48,6593,6595,6612,2,19
2420,2,48,6596,6597,6615,1,19
1977,3,48,5387,5388,6618,1,1231
2423,1,48,6604,6605,6621,1,17
2424,2,48,6607,6608,6624,1,17
1978,4,48,5390,5391,6627,1,1237
1981,3,48,5398,5400,6630,2,1232
2427,1,48,6615,6617,6633,2,18
2428,2,48,6618,6620,6636,2,18
1982,4,48,5401,5402,6639,1,1238
2431,1,48,6625,6627,6642,2,17
1985,3,48,5409,5411,6645,2,1236
2432,2,48,6628,6629,6648,1,20
1986,4,48,5412,5414,6651,2,1239
2435,1,48,6636,6638,6654,2,18
2436,2,48,6639,6641,6657,2,18
1989,3,48,5420,5421,6660,1,1240
1990,4,48,5423,5424,6663,1,1240
2439,1,48,6647,6649,6666,2,19
2440,2,48,6650,6651,6669,1,19
1993,3,48,5430,5432,6672,2,1242
2443,1,48,6658,6659,6675,1,17
2444,2,48,6661,6662,6678,1,17
1994,4,48,5433,5435,6681,2,1248
1997,3,48,5441,5442,6684,1,1243
2447,1,48,6669,6671,6687,2,18
2448,2,48,6672,6674,6690,2,18
1998,4,48,5444,5445,6693,1,1249
2001,3,48,5452,5454,6696,2,1244
2451,1,48,6680,6682,6699,2,19
2452,2,48,6683,6684,6702,1,19
2002,4,48,5455,5456,6705,1,1250
2455,1,48,6691,6692,6708,1,17
2456,2,48,6694,6695,6711,1,17
2005,3,48,5463,5465,6714,2,1251
2006,4,48,5466,5468,6717,2,1251
2459,1,48,6702,6704,6720,2,18
2460,2,48,6705,6707,6723,2,18
2009,3,48,5474,5475,6726,1,1252
2010,4,48,5477,5478,6729,1,1252
2463,1,48,6713,6715,6732,2,19
2464,2,48,6716,6717,6735,1,19
2013,3,48,5485,5487,6738,2,1253
2467,1,48,6724,6725,6741,1,17
2468,2,48,6727,6728,6744,1,17
2014,4,48,5488,5489,6747,1,1259
2017,3,48,5496,5498,6750,2,1254
2471,1,48,6735,6737,6753,2,18
2472,2,48,6738,6740,6756,2,18
2018,4,48,5499,5501,6759,2,1260
2475,1,48,6745,6747,6762,2,17
2021,3,48,5507,5508,6765,1,1258
2476,2,48,6748,6749,6768,1,20
2022,4,48,5510,5511,6771,1,1261
2479,1,48,6756,6758,6774,2,18
2480,2,48,6759,6761,6777,2,18
2025,3,48,5518,5520,6780,2,1262
2026,4,48,5521,5522,6783,1,1262
2483,1,48,6767,6769,6786,2,19
2484,2,48,6770,6771,6789,1,19
2029,3,48,5529,5531,6792,2,1263
2487,1,48,6778,6779,6795,1,17
2488,2,48,6781,6782,6798,1,17
2030,4,48,5532,5534,6801,2,1269
2033,3,48,5540,5541,6804,1,1264
2491,1,48,6789,6791,6807,2,18
2492,2,48,6792,6794,6810,2,18
2034,4,48,5543,5544,6813,1,1270
2037,3,48,5550,5552,6816,2,1266
2495,1,48,6800,6802,6819,2,19
2496,2,48,6803,6804,6822,1,19
2038,4,48,5553,5555,6825,2,1272
2499,1,48,6811,6812,6828,1,17
2500,2,48,6814,6815,6831,1,17
2041,3,48,5561,5562,6834,1,1273
2042,4,48,5564,5565,6837,1,1273
2503,1,48,6822,6824,6840,2,18
2504,2,48,6825,6827,6843,2,18
2045,3,48,5572,5574,6846,2,1274
2046,4,48,5575,5576,6849,1,1274
2507,1,48,6833,6835,6852,2,19
2508,2,48,6836,6837,6855,1,19
2049,3,48,5583,5585,6858,2,1275
2511,1,48,6844,6845,6861,1,17
2512,2,48,6847,6848,6864,1,17
2050,4,48,5586,5588,6867,2,1281
2053,3,48,5594,5595,6870,1,1276
2515,1,48,6855,6857,6873,2,18
2516,2,48,6858,6860,6876,2,18
2054,4,48,5597,5598,6879,1,1282
2519,1,48,6865,6867,6882,2,17
2057,3,48,5605,5607,6885,2,1280
2520,2,48,6868,6869,6888,1,20
2058,4,48,5608,5609,6891,1,1283
2523,1,48,6876,6878,6894,2,18
2524,2,48,6879,6881,6897,2,18
2061,3,48,5616,5618,6900,2,1284
2062,4,48,5619,5621,6903,2,1284
2527,1,48,6887,6889,6906,2,19
2528,2,48,6890,6891,6909,1,19
2065,3,48,5627,5628,6912,1,1285
2531,1,48,6898,6899,6915,1,17
2532,2,48,6901,6902,6918,1,17
2066,4,48,5630,5631,6921,1,1291
2069,3,48,5638,5640,6924,2,1286
2535,1,48,6909,6911,6927,2,18
2536,2,48,6912,6914,6930,2,18
2070,4,48,5641,5642,6933,1,1292
2073,3,48,5649,5651,6936,2,1287
2539,1,48,6920,6922,6939,2,19
2540,2,48,6923,6924,6942,1,19
2074,4,48,5652,5654,6945,2,1293
2543,1,48,6931,6932,6948,1,17
2544,2,48,6934,6935,6951,1,17
2077,3,48,5660,5661,6954,1,1294
2078,4,48,5663,5664,6957,1,1294
2547,1,48,6942,6944,6960,2,18
2548,2,48,6945,6947,6963,2,18
2081,3,48,5670,5672,6966,2,1296
2082,4,48,5673,5675,6969,2,1296
2551,1,48,6953,6955,6972,2,19
2552,2,48,6956,6957,6975,1,19
2085,3,48,5681,5682,6978,1,1297
2555,1,48,6964,6965,6981,1,17
2556,2,48,6967,6968,6984,1,17
2086,4,48,5684,5685,6987,1,1303
2089,3,48,5692,5694,6990,2,1298
2559,1,48,6975,6977,6993,2,18
2560,2,48,6978,6980,6996,2,18
2090,4,48,5695,5696,6999,1,1304
2563,1,48,6985,6987,7002,2,17
2093,3,48,5703,5705,7005,2,1302
2564,2,48,6988,6989,7008,1,20
2094,4,48,5706,5708,7011,2,1305
2567,1,48,6996,6998,7014,2,18
2568,2,48,6999,7001,7017,2,18
2097,3,48,5714,5715,7020,1,1306
2098,4,48,5717,5718,7023,1,1306
2571,1,48,7007,7009,7026,2,19
2572,2,48,7010,7011,7029,1,19
2101,3,48,5725,5727,7032,2,1307
2575,1,48,7018,7019,7035,1,17
2576,2,48,7021,7022,7038,1,17
2102,4,48,5728,5729,7041,1,1313
2105,3,48,5736,5738,7044,2,1308
2579,1,48,7029,7031,7047,2,18
2580,2,48,7032,7034,7050,2,18
2106,4,48,5739,5741,7053,2,1314
2109,3,48,5747,5748,7056,1,1309
2583,1,48,7040,7042,7059,2,19
2584,2,48,7043,7044,7062,1,19
2110,4,48,5750,5751,7065,1,1315
2587,1,48,7051,7052,7068,1,17
2588,2,48,7054,7055,7071,1,17
2113,3,48,5758,5760,7074,2,1316
2114,4,48,5761,5762,7077,1,1316
2591,1,48,7062,7064,7080,2,18
2592,2,48,7065,7067,7083,2,18
2117,3,48,5769,5771,7086,2,1317
2118,4,48,5772,5774,7089,2,1317
2595,1,48,7073,7075,7092,2,19
2596,2,48,7076,7077,7095,1,19
2121,3,48,5780,5781,7098,1,1318
2599,1,48,7084,7085,7101,1,17
2600,2,48,7087,7088,7104,1,17
2122,4,48,5783,5784,7107,1,1324
2125,3,48,5790,5792,7110,2,1320
2603,1,48,7095,7097,7113,2,18
2604,2,48,7098,7100,7116,2,18
2126,4,48,5793,5795,7119,2,1326
2607,1,48,7105,7107,7122,2,17
2129,3,48,5801,5802,7125,1,1324
2608,2,48,7108,7109,7128,1,20
2130,4,48,5804,5805,7131,1,1327
2611,1,48,7116,7118,7134,2,18
2612,2,48,7119,7121,7137,2,18
2133,3,48,5812,5814,7140,2,1328
2134,4,48,5815,5816,7143,1,1328
2615,1,48,7127,7129,7146,2,19
2616,2,48,7130,7131,7149,1,19
2137,3,48,5823,5825,7152,2,1329
2619,1,48,7138,7139,7155,1,17
2620,2,48,7141,7142,7158,1,17
2138,4,48,5826,5828,7161,2,1335
2141,3,48,5834,5835,7164,1,1330
2623,1,48,7149,7151,7167,2,18
2624,2,48,7152,7154,7170,2,18
2142,4,48,5837,5838,7173,1,1336
2145,3,48,5845,5847,7176,2,1331
2627,1,48,7160,7162,7179,2,19
2628,2,48,7163,7164,7182,1,19
2146,4,48,5848,5849,7185,1,1337
2631,1,48,7171,7172,7188,1,17
2632,2,48,7174,7175,7191,1,17
2149,3,48,5856,5858,7194,2,1338
2150,4,48,5859,5861,7197,2,1338
2635,1,48,7182,7184,7200,2,18
2636,2,48,7185,7187,7203,2,18
2153,3,48,5867,5868,7206,1,1339
2154,4,48,5870,5871,7209,1,1339
2639,1,48,7193,7195,7212,2,19
2640,2,48,7196,7197,7215,1,19
2157,3,48,5878,5880,7218,2,1340
2643,1,48,7204,7205,7221,1,17
2644,2,48,7207,7208,7224,1,17
2158,4,48,5881,5882,7227,1,1346
2161,3,48,5889,5891,7230,2,1341
2647,1,48,7215,7217,7233,2,18
2648,2,48,7218,7220,7236,2,18
2162,4,48,5892,5894,7239,2,1347
2651,1,48,7225,7227,7242,2,17
2165,3,48,5900,5901,7245,1,1345
2652,2,48,7228,7229,7248,1,20
2166,4,48,5903,5904,7251,1,1348
2655,1,48,7236,7238,7254,2,18
2656,2,48,7239,7241,7257,2,18
2169,3,48,5910,5912,7260,2,1350
2170,4,48,5913,5915,7263,2,1350
2659,1,48,7247,7249,7266,2,19
2660,2,48,7250,7251,7269,1,19
2173,3,48,5921,5922,7272,1,1351
2663,1,48,7258,7259,7275,1,17
2664,2,48,7261,7262,7278,1,17
2174,4,48,5924,5925,7281,1,1357
2177,3,48,5932,5934,7284,2,1352
2667,1,48,7269,7271,7287,2,18
2668,2,48,7272,7274,7290,2,18
2178,4,48,5935,5936,7293,1,1358
2181,3,48,5943,5945,7296,2,1353
2671,1,48,7280,7282,7299,2,19
2672,2,48,7283,7284,7302,1,19
2182,4,48,5946,5948,7305,2,1359
2675,1,48,7291,7292,7308,1,17
2676,2,48,7294,7295,7311,1,17
2185,3,48,5954,5955,7314,1,1360
2186,4,48,5957,5958,7317,1,1360
2679,1,48,7302,7304,7320,2,18
2680,2,48,7305,7307,7323,2,18
2189,3,48,5965,5967,7326,2,1361
2190,4,48,5968,5969,7329,1,1361
2683,1,48,7313,7315,7332,2,19
2684,2,48,7316,7317,7335,1,19
2193,3,48,5976,5978,7338,2,1362
2687,1,48,7324,7325,7341,1,17
2688,2,48,7327,7328,7344,1,17
2194,4,48,5979,5981,7347,2,1368
2197,3,48,5987,5988,7350,1,1363
2691,1,48,7335,7337,7353,2,18
2692,2,48,7338,7340,7356,2,18
2198,4,48,5990,5991,7359,1,1369
2695,1,48,7345,7347,7362,2,17
2201,3,48,5998,6000,7365,2,1367
2696,2,48,7348,7349,7368,1,20
2202,4,48,6001,6002,7371,1,1370
2699,1,48,7356,7358,7374,2,18
2700,2,48,7359,7361,7377,2,18
2205,3,48,6009,6011,7380,2,1371
2206,4,48,6012,6014,7383,2,1371
2703,1,48,7367,7369,7386,2,19
2704,2,48,7370,7371,7389,1,19
2209,3,48,6020,6021,7392,1,1372
2707,1,48,7378,7379,7395,1,17
2708,2,48,7381,7382,7398,1,17
2210,4,48,6023,6024,7401,1,1378
2213,3,48,6030,6032,7404,2,1374
2711,1,48,7389,7391,7407,2,18
2712,2,48,7392,7394,7410,2,18
2214,4,48,6033,6035,7413,2,1380
2217,3,48,6041,6042,7416,1,1375
2715,1,48,7400,7402,7419,2,19
2716,2,48,7403,7404,7422,1,19
2218,4,48,6044,6045,7425,1,1381
2719,1,48,7411,7412,7428,1,17
2720,2,48,7414,7415,7431,1,17
2221,3,48,6052,6054,7434,2,1382
2222,4,48,6055,6056,7437,1,1382
2723,1,48,7422,7424,7440,2,18
2724,2,48,7425,7427,7443,2,18
2225,3,48,6063,6065,7446,2,1383
2226,4,48,6066,6068,7449,2,1383
2727,1,48,7433,7435,7452,2,19
2728,2,48,7436,7437,7455,1,19
2229,3,48,6074,6075,7458,1,1384
2731,1,48,7444,7445,7461,1,17
2732,2,48,7447,7448,7464,1,17
2230,4,48,6077,6078,7467,1,1390
2233,3,48,6085,6087,7470,2,1385
2735,1,48,7455,7457,7473,2,18
2736,2,48,7458,7460,7476,2,18
2234,4,48,6088,6089,7479,1,1391
2739,1,48,7465,7467,7482,2,17
2237,3,48,6096,6098,7485,2,1389
2740,2,48,7468,7469,7488,1,20
2238,4,48,6099,6101,7491,2,1392
2743,1,48,7476,7478,7494,2,18
2744,2,48,7479,7481,7497,2,18
2241,3,48,6107,6108,7500,1,1393
2242,4,48,6110,6111,7503,1,1393
2747,1,48,7487,7489,7506,2,19
2748,2,48,7490,7491,7509,1,19
2245,3,48,6118,6120,7512,2,1394
2751,1,48,7498,7499,7515,1,17
2752,2,48,7501,7502,7518,1,17
2246,4,48,6121,6122,7521,1,1400
2249,3,48,6129,6131,7524,2,1395
2755,1,48,7509,7511,7527,2,18
2756,2,48,7512,7514,7530,2,18
2250,4,48,6132,6134,7533,2,1401
2253,3,48,6140,6141,7536,1,1396
2759,1,48,7520,7522,7539,2,19
2760,2,48,7523,7524,7542,1,19
2254,4,48,6143,6144,7545,1,1402
2763,1,48,7531,7532,7548,1,17
2764,2,48,7534,7535,7551,1,17
2257,3,48,6150,6152,7554,2,1404
2258,4,48,6153,6155,7557,2,1404
2767,1,48,7542,7544,7560,2,18
2768,2,48,7545,7547,7563,2,18
2261,3,48,6161,6162,7566,1,1405
2262,4,48,6164,6165,7569,1,1405
2771,1,48,7553,7555,7572,2,19
2772,2,48,7556,7557,7575,1,19
2265,3,48,6172,6174,7578,2,1406
2775,1,48,7564,7565,7581,1,17
2776,2,48,7567,7568,7584,1,17
2266,4,48,6175,6176,7587,1,1412
2269,3,48,6183,6185,7590,2,1407
2779,1,48,7575,7577,7593,2,18
2780,2,48,7578,7580,7596,2,18
2270,4,48,6186,6188,7599,2,1413
2783,1,48,7585,7587,7602,2,17
2273,3,48,6194,6195,7605,1,1411
2784,2,48,7588,7589,7608,1,20
2274,4,48,6197,6198,7611,1,1414
2787,1,48,7596,7598,7614,2,18
2788,2,48,7599,7601,7617,2,18
2277,3,48,6205,6207,7620,2,1415
2278,4,48,6208,6209,7623,1,1415
2791,1,48,7607,7609,7626,2,19
2792,2,48,7610,7611,7629,1,19
2281,3,48,6216,6218,7632,2,1416
2795,1,48,7618,7619,7635,1,17
2796,2,48,7621,7622,7638,1,17
2282,4,48,6219,6221,7641,2,1422
2285,3,48,6227,6228,7644,1,1417
2799,1,48,7629,7631,7647,2,18
2800,2,48,7632,7634,7650,2,18
2286,4,48,6230,6231,7653,1,1423
2289,3,48,6238,6240,7656,2,1418
2803,1,48,7640,7642,7659,2,19
2804,2,48,7643,7644,7662,1,19
2290,4,48,6241,6242,7665,1,1424
2807,1,48,7651,7652,7668,1,17
2808,2,48,7654,7655,7671,1,17
2293,3,48,6249,6251,7674,2,1425
2294,4,48,6252,6254,7677,2,1425
2811,1,48,7662,7664,7680,2,18
2812,2,48,7665,7667,7683,2,18
2297,3,48,6260,6261,7686,1,1426
2298,4,48,6263,6264,7689,1,1426
2815,1,48,7673,7675,7692,2,19
2816,2,48,7676,7677,7695,1,19
2301,3,48,6270,6272,7698,2,1428
2819,1,48,7684,7685,7701,1,17
2820,2,48,7687,7688,7704,1,17
2302,4,48,6273,6275,7707,2,1434
2305,3,48,6281,6282,7710,1,1429
2823,1,48,7695,7697,7713,2,18
2824,2,48,7698,7700,7716,2,18
2306,4,48,6284,6285,7719,1,1435
2827,1,48,7705,7707,7722,2,17
2309,3,48,6292,6294,7725,2,1433
2828,2,48,7708,7709,7728,1,20
2310,4,48,6295,6296,7731,1,1436
2831,1,48,7716,7718,7734,2,18
2832,2,48,7719,7721,7737,2,18
2313,3,48,6303,6305,7740,2,1437
2314,4,48,6306,6308,7743,2,1437
2835,1,48,7727,7729,7746,2,19
2836,2,48,7730,7731,7749,1,19
2317,3,48,6314,6315,7752,1,1438
2839,1,48,7738,7739,7755,1,17
2840,2,48,7741,7742,7758,1,17
2318,4,48,6317,6318,7761,1,1444
2321,3,48,6325,6327,7764,2,1439
2843,1,48,7749,7751,7767,2,18
2844,2,48,7752,7754,7770,2,18
2322,4,48,6328,6329,7773,1,1445
2325,3,48,6336,6338,7776,2,1440
2847,1,48,7760,7762,7779,2,19
2848,2,48,7763,7764,7782,1,19
2326,4,48,6339,6341,7785,2,1446
2851,1,48,7771,7772,7788,1,17
2852,2,48,7774,7775,7791,1,17
2329,3,48,6347,6348,7794,1,1447
2330,4,48,6350,6351,7797,1,1447
2855,1,48,7782,7784,7800,2,18
2856,2,48,7785,7787,7803,2,18
2333,3,48,6358,6360,7806,2,1448
2334,4,48,6361,6362,7809,1,1448
2859,1,48,7793,7795,7812,2,19
2860,2,48,7796,7797,7815,1,19
2337,3,48,6369,6371,7818,2,1449
2863,1,48,7804,7805,7821,1,17
2864,2,48,7807,7808,7824,1,17
2338,4,48,6372,6374,7827,2,1455
2341,3,48,6380,6381,7830,1,1450
2867,1,48,7815,7817,7833,2,18
2868,2,48,7818,7820,7836,2,18
2342,4,48,6383,6384,7839,1,1456
2871,1,48,7825,7827,7842,2,17
2345,3,48,6390,6392,7845,2,1455
2872,2,48,7828,7829,7848,1,20
2346,4,48,6393,6395,7851,2,1458
2875,1,48,7836,7838,7854,2,18
2876,2,48,7839,7841,7857,2,18
2349,3,48,6401,6402,7860,1,1459
2350,4,48,6404,6405,7863,1,1459
2879,1,48,7847,7849,7866,2,19
2880,2,48,7850,7851,7869,1,19
2353,3,48,6412,6414,7872,2,1460
2883,1,48,7858,7859,7875,1,17
2884,2,48,7861,7862,7878,1,17
2354,4,48,6415,6416,7881,1,1466
2357,3,48,6423,6425,7884,2,1461
2887,1,48,7869,7871,7887,2,18
2888,2,48,7872,7874,7890,2,18
2358,4,48,6426,6428,7893,2,1467
2361,3,48,6434,6435,7896,1,1462
2891,1,48,7880,7882,7899,2,19
2892,2,48,7883,7884,7902,1,19
2362,4,48,6437,6438,7905,1,1468
2895,1,48,7891,7892,7908,1,17
2896,2,48,7894,7895,7911,1,17
2365,3,48,6445,6447,7914,2,1469
2366,4,48,6448,6449,7917,1,1469
2899,1,48,7902,7904,7920,2,18
2900,2,48,7905,7907,7923,2,18
2369,3,48,6456,6458,7926,2,1470
2370,4,48,6459,6461,7929,2,1470
2903,1,48,7913,7915,7932,2,19
2904,2,48,7916,7917,7935,1,19
2373,3,48,6467,6468,7938,1,1471
2907,1,48,7924,7925,7941,1,17
2908,2,48,7927,7928,7944,1,17
2374,4,48,6470,6471,7947,1,1477
2377,3,48,6478,6480,7950,2,1472
2911,1,48,7935,7937,7953,2,18
2912,2,48,7938,7940,7956,2,18
2378,4,48,6481,6482,7959,1,1478
2915,1,48,7945,7947,7962,2,17
2381,3,48,6489,6491,7965,2,1476
2916,2,48,7948,7949,7968,1,20
2382,4,48,6492,6494,7971,2,1479
2919,1,48,7956,7958,7974,2,18
2920,2,48,7959,7961,7977,2,18
2385,3,48,6500,6501,7980,1,1480
2386,4,48,6503,6504,7983,1,1480
2923,1,48,7967,7969,7986,2,19
2924,2,48,7970,7971,7989,1,19
2389,3,48,6510,6512,7992,2,1482
2927,1,48,7978,7979,7995,1,17
2928,2,48,7981,7982,7998,1,17
2390,4,48,6513,6515,8001,2,1488
2393,3,48,6521,6522,8004,1,1483
2931,1,48,7989,7991,8007,2,18
2932,2,48,7992,7994,8010,2,18
2394,4,48,6524,6525,8013,1,1489
2397,3,48,6532,6534,8016,2,1484
2935,1,48,8000,8002,8019,2,19
2936,2,48,8003,8004,8022,1,19
2398,4,48,6535,6536,8025,1,1490
2939,1,48,8011,8012,8028,1,17
2940,2,48,8014,8015,8031,1,17
2401,3,48,6543,6545,8034,2,1491
2402,4,48,6546,6548,8037,2,1491
2943,1,48,8022,8024,8040,2,18
2944,2,48,8025,8027,8043,2,18
2405,3,48,6554,6555,8046,1,1492
2406,4,48,6557,6558,8049,1,1492
2947,1,48,8033,8035,8052,2,19
2948,2,48,8036,8037,8055,1,19
2409,3,48,6565,6567,8058,2,1493
2951,1,48,8044,8045,8061,1,17
2952,2,48,8047,8048,8064,1,17
2410,4,48,6568,6569,8067,1,1499
2413,3,48,6576,6578,8070,2,1494
2955,1,48,8055,8057,8073,2,18
2956,2,48,8058,8060,8076,2,18
2414,4,48,6579,6581,8079,2,1500
2959,1,48,8065,8067,8082,2,17
2417,3,48,6587,6588,8085,1,1498
2960,2,48,8068,8069,8088,1,20
2418,4,48,6590,6591,8091,1,1501
2963,1,48,8076,8078,8094,2,18
2964,2,48,8079,8081,8097,2,18
2421,3,48,6598,6600,8100,2,1502
2422,4,48,6601,6602,8103,1,1502
2967,1,48,8087,8089,8106,2,19
2968,2,48,8090,8091,8109,1,19
2425,3,48,6609,6611,8112,2,1503
2971,1,48,8098,8099,8115,1,17
2972,2,48,8101,8102,8118,1,17
2426,4,48,6612,6614,8121,2,1509
2429,3,48,6620,6621,8124,1,1504
2975,1,48,8109,8111,8127,2,18
2976,2,48,8112,8114,8130,2,18
2430,4,48,6623,6624,8133,1,1510
2433,3,48,6630,6632,8136,2,1506
2979,1,48,8120,8122,8139,2,19
2980,2,48,8123,8124,8142,1,19
2434,4,48,6633,6635,8145,2,1512
2983,1,48,8131,8132,8148,1,17
2984,2,48,8134,8135,8151,1,17
2437,3,48,6641,6642,8154,1,1513
2438,4,48,6644,6645,8157,1,1513
2987,1,48,8142,8144,8160,2,18
2988,2,48,8145,8147,8163,2,18
2441,3,48,6652,6654,8166,2,1514
2442,4,48,6655,6656,8169,1,1514
2991,1,48,8153,8155,8172,2,19
2992,2,48,8156,8157,8175,1,19
2445,3,48,6663,6665,8178,2,1515
2995,1,48,8164,8165,8181,1,17
2996,2,48,8167,8168,8184,1,17
2446,4,48,6666,6668,8187,2,1521
2449,3,48,6674,6675,8190,1,1516
2999,1,48,8175,8177,8193,2,18
3000,2,48,8178,8180,8196,2,18
2450,4,48,6677,6678,8199,1,1522
3003,1,48,8185,8187,8202,2,17
2453,3,48,6685,6687,8205,2,1520
3004,2,48,8188,8189,8208,1,20
2454,4,48,6688,6689,8211,1,1523
3007,1,48,8196,8198,8214,2,18
3008,2,48,8199,8201,8217,2,18
2457,3,48,6696,6698,8220,2,1524
2458,4,48,6699,6701,8223,2,1524
3011,1,48,8207,8209,8226,2,19
3012,2,48,8210,8211,8229,1,19
2461,3,48,6707,6708,8232,1,1525
3015,1,48,8218,8219,8235,1,17
3016,2,48,8221,8222,8238,1,17
2462,4,48,6710,6711,8241,1,1531
2465,3,48,6718,6720,8244,2,1526
3019,1,48,8229,8231,8247,2,18
3020,2,48,8232,8234,8250,2,18
2466,4,48,6721,6722,8253,1,1532
2469,3,48,6729,6731,8256,2,1527
3023,1,48,8240,8242,8259,2,19
3024,2,48,8243,8244,8262,1,19
2470,4,48,6732,6734,8265,2,1533
3027,1,48,8251,8252,8268,1,17
3028,2,48,8254,8255,8271,1,17
2473,3,48,6740,6741,8274,1,1534
2474,4,48,6743,6744,8277,1,1534
3031,1,48,8262,8264,8280,2,18
3032,2,48,8265,8267,8283,2,18
2477,3,48,6750,6752,8286,2,1536
2478,4,48,6753,6755,8289,2,1536
3035,1,48,8273,8275,8292,2,19
3036,2,48,8276,8277,8295,1,19
2481,3,48,6761,6762,8298,1,1537
3039,1,48,8284,8285,8301,1,17
3040,2,48,8287,8288,8304,1,17
2482,4,48,6764,6765,8307,1,1543
2485,3,48,6772,6774,8310,2,1538
3043,1,48,8295,8297,8313,2,18
3044,2,48,8298,8300,8316,2,18
2486,4,48,6775,6776,8319,1,1544
3047,1,48,8305,8307,8322,2,17
2489,3,48,6783,6785,8325,2,1542
3048,2,48,8308,8309,8328,1,20
2490,4,48,6786,6788,8331,2,1545
3051,1,48,8316,8318,8334,2,18
3052,2,48,8319,8321,8337,2,18
2493,3,48,6794,6795,8340,1,1546
2494,4,48,6797,6798,8343,1,1546
3055,1,48,8327,8329,8346,2,19
3056,2,48,8330,8331,8349,1,19
2497,3,48,6805,6807,8352,2,1547
3059,1,48,8338,8339,8355,1,17
3060,2,48,8341,8342,8358,1,17
2498,4,48,6808,6809,8361,1,1553
2501,3,48,6816,6818,8364,2,1548
3063,1,48,8349,8351,8367,2,18
3064,2,48,8352,8354,8370,2,18
2502,4,48,6819,6821,8373,2,1554
2505,3,48,6827,6828,8376,1,1549
3067,1,48,8360,8362,8379,2,19
3068,2,48,8363,8364,8382,1,19
2506,4,48,6830,6831,8385,1,1555
3071,1,48,8371,8372,8388,1,17
3072,2,48,8374,8375,8391,1,17
2509,3,48,6838,6840,8394,2,1556
2510,4,48,6841,6842,8397,1,1556
3075,1,48,8382,8384,8400,2,18
3076,2,48,8385,8387,8403,2,18
2513,3,48,6849,6851,8406,2,1557
2514,4,48,6852,6854,8409,2,1557
3079,1,48,8393,8395,8412,2,19
3080,2,48,8396,8397,8415,1,19
2517,3,48,6860,6861,8418,1,1558
3083,1,48,8404,8405,8421,1,17
3084,2,48,8407,8408,8424,1,17
2518,4,48,6863,6864,8427,1,1564
2521,3,48,6870,6872,8430,2,1560
3087,1,48,8415,8417,8433,2,18
3088,2,48,8418,8420,8436,2,18
2522,4,48,6873,6875,8439,2,1566
3091,1,48,8425,8427,8442,2,17
2525,3,48,6881,6882,8445,1,1564
3092,2,48,8428,8429,8448,1,20
2526,4,48,6884,6885,8451,1,1567
3095,1,48,8436,8438,8454,2,18
3096,2,48,8439,8441,8457,2,18
2529,3,48,6892,6894,8460,2,1568
2530,4,48,6895,6896,8463,1,1568
3099,1,48,8447,8449,8466,2,19
3100,2,48,8450,8451,8469,1,19
2533,3,48,6903,6905,8472,2,1569
3103,1,48,8458,8459,8475,1,17
3104,2,48,8461,8462,8478,1,17
2534,4,48,6906,6908,8481,2,1575
2537,3,48,6914,6915,8484,1,1570
3107,1,48,8469,8471,8487,2,18
3108,2,48,8472,8474,8490,2,18
2538,4,48,6917,6918,8493,1,1576
2541,3,48,6925,6927,8496,2,1571
3111,1,48,8480,8482,8499,2,19
3112,2,48,8483,8484,8502,1,19
2542,4,48,6928,6929,8505,1,1577
3115,1,48,8491,8492,8508,1,17
3116,2,48,8494,8495,8511,1,17
2545,3,48,6936,6938,8514,2,1578
2546,4,48,6939,6941,8517,2,1578
3119,1,48,8502,8504,8520,2,18
3120,2,48,8505,8507,8523,2,18
2549,3,48,6947,6948,8526,1,1579
2550,4,48,6950,6951,8529,1,1579
3123,1,48,8513,8515,8532,2,19
3124,2,48,8516,8517,8535,1,19
2553,3,48,6958,6960,8538,2,1580
3127,1,48,8524,8525,8541,1,17
3128,2,48,8527,8528,8544,1,17
2554,4,48,6961,6962,8547,1,1586
2557,3,48,6969,6971,8550,2,1581
3131,1,48,8535,8537,8553,2,18
3132,2,48,8538,8540,8556,2,18
2558,4,48,6972,6974,8559,2,1587
3135,1,48,8545,8547,8562,2,17
2561,3,48,6980,6981,8565,1,1585
3136,2,48,8548,8549,8568,1,20
2562,4,48,6983,6984,8571,1,1588
3139,1,48,8556,8558,8574,2,18
3140,2,48,8559,8561,8577,2,18
2565,3,48,6990,6992,8580,2,1590
2566,4,48,6993,6995,8583,2,1590
3143,1,48,8567,8569,8586,2,19
3144,2,48,8570,8571,8589,1,19
2569,3,48,7001,7002,8592,1,1591
3147,1,48,8578,8579,8595,1,17
3148,2,48,8581,8582,8598,1,17
2570,4,48,7004,7005,8601,1,1597
2573,3,48,7012,7014,8604,2,1592
3151,1,48,8589,8591,8607,2,18
3152,2,48,8592,8594,8610,2,18
2574,4,48,7015,7016,8613,1,1598
2577,3,48,7023,7025,8616,2,1593
3155,1,48,8600,8602,8619,2,19
3156,2,48,8603,8604,8622,1,19
2578,4,48,7026,7028,8625,2,1599
3159,1,48,8611,8612,8628,1,17
3160,2,48,8614,8615,8631,1,17
2581,3,48,7034,7035,8634,1,1600
2582,4,48,7037,7038,8637,1,1600
3163,1,48,8622,8624,8640,2,18
3164,2,48,8625,8627,8643,2,18
2585,3,48,7045,7047,8646,2,1601
2586,4,48,7048,7049,8649,1,1601
3167,1,48,8633,8635,8652,2,19
3168,2,48,8636,8637,8655,1,19
2589,3,48,7056,7058,8658,2,1602
3171,1,48,8644,8645,8661,1,17
3172,2,48,8647,8648,8664,1,17
2590,4,48,7059,7061,8667,2,1608
2593,3,48,7067,7068,8670,1,1603
3175,1,48,8655,8657,8673,2,18
3176,2,48,8658,8660,8676,2,18
2594,4,48,7070,7071,8679,1,1609
3179,1,48,8665,8667,8682,2,17
2597,3,48,7078,7080,8685,2,1607
3180,2,48,8668,8669,8688,1,20
2598,4,48,7081,7082,8691,1,1610
3183,1,48,8676,8678,8694,2,18
3184,2,48,8679,8681,8697,2,18
2601,3,48,7089,7091,8700,2,1611
2602,4,48,7092,7094,8703,2,1611
3187,1,48,8687,8689,8706,2,19
3188,2,48,8690,8691,8709,1,19
2605,3,48,7100,7101,8712,1,1612
3191,1,48,8698,8699,8715,1,17
3192,2,48,8701,8702,8718,1,17
2606,4,48,7103,7104,8721,1,1618
2609,3,48,7110,7112,8724,2,1614
3195,1,48,8709,8711,8727,2,18
3196,2,48,8712,8714,8730,2,18
2610,4,48,7113,7115,8733,2,1620
2613,3,48,7121,7122,8736,1,1615
3199,1,48,8720,8722,8739,2,19
3200,2,48,8723,8724,8742,1,19
2614,4,48,7124,7125,8745,1,1621
3203,1,48,8731,8732,8748,1,17
3204,2,48,8734,8735,8751,1,17
2617,3,48,7132,7134,8754,2,1622
2618,4,48,7135,7136,8757,1,1622
3207,1,48,8742,8744,8760,2,18
3208,2,48,8745,8747,8763,2,18
2621,3,48,7143,7145,8766,2,1623
2622,4,48,7146,7148,8769,2,1623
3211,1,48,8753,8755,8772,2,19
3212,2,48,8756,8757,8775,1,19
2625,3,48,7154,7155,8778,1,1624
3215,1,48,8764,8765,8781,1,17
3216,2,48,8767,8768,8784,1,17
2626,4,48,7157,7158,8787,1,1630
2629,3,48,7165,7167,8790,2,1625
3219,1,48,8775,8777,8793,2,18
3220,2,48,8778,8780,8796,2,18
2630,4,48,7168,7169,8799,1,1631
3223,1,48,8785,8787,8802,2,17
2633,3,48,7176,7178,8805,2,1629
3224,2,48,8788,8789,8808,1,20
2634,4,48,7179,7181,8811,2,1632
3227,1,48,8796,8798,8814,2,18
3228,2,48,8799,8801,8817,2,18
2637,3,48,7187,7188,8820,1,1633
2638,4,48,7190,7191,8823,1,1633
3231,1,48,8807,8809,8826,2,19
3232,2,48,8810,8811,8829,1,19
2641,3,48,7198,7200,8832,2,1634
3235,1,48,8818,8819,8835,1,17
3236,2,48,8821,8822,8838,1,17
2642,4,48,7201,7202,8841,1,1640
2645,3,48,7209,7211,8844,2,1635
3239,1,48,8829,8831,8847,2,18
3240,2,48,8832,8834,8850,2,18
2646,4,48,7212,7214,8853,2,1641
2649,3,48,7220,7221,8856,1,1636
3243,1,48,8840,8842,8859,2,19
3244,2,48,8843,8844,8862,1,19
2650,4,48,7223,7224,8865,1,1642
3247,1,48,8851,8852,8868,1,17
3248,2,48,8854,8855,8871,1,17
2653,3,48,7230,7232,8874,2,1644
2654,4,48,7233,7235,8877,2,1644
3251,1,48,8862,8864,8880,2,18
3252,2,48,8865,8867,8883,2,18
2657,3,48,7241,7242,8886,1,1645
2658,4,48,7244,7245,8889,1,1645
3255,1,48,8873,8875,8892,2,19
3256,2,48,8876,8877,8895,1,19
2661,3,48,7252,7254,8898,2,1646
3259,1,48,8884,8885,8901,1,17
3260,2,48,8887,8888,8904,1,17
2662,4,48,7255,7256,8907,1,1652
2665,3,48,7263,7265,8910,2,1647
3263,1,48,8895,8897,8913,2,18
3264,2,48,8898,8900,8916,2,18
2666,4,48,7266,7268,8919,2,1653
3267,1,48,8905,8907,8922,2,17
2669,3,48,7274,7275,8925,1,1651
3268,2,48,8908,8909,8928,1,20
2670,4,48,7277,7278,8931,1,1654
3271,1,48,8916,8918,8934,2,18
3272,2,48,8919,8921,8937,2,18
2673,3,48,7285,7287,8940,2,1655
2674,4,48,7288,7289,8943,1,1655
3275,1,48,8927,8929,8946,2,19
3276,2,48,8930,8931,8949,1,19
2677,3,48,7296,7298,8952,2,1656
3279,1,48,8938,8939,8955,1,17
3280,2,48,8941,8942,8958,1,17
2678,4,48,7299,7301,8961,2,1662
2681,3,48,7307,7308,8964,1,1657
3283,1,48,8949,8951,8967,2,18
3284,2,48,8952,8954,8970,2,18
2682,4,48,7310,7311,8973,1,1663
2685,3,48,7318,7320,8976,2,1658
3287,1,48,8960,8962,8979,2,19
3288,2,48,8963,8964,8982,1,19
2686,4,48,7321,7322,8985,1,1664
3291,1,48,8971,8972,8988,1,17
3292,2,48,8974,8975,8991,1,17
2689,3,48,7329,7331,8994,2,1665
2690,4,48,7332,7334,8997,2,1665
3295,1,48,8982,8984,9000,2,18
3296,2,48,8985,8987,9003,2,18
2693,3,48,7340,7341,9006,1,1666
2694,4,48,7343,7344,9009,1,1666
3299,1,48,8993,8995,9012,2,19
3300,2,48,8996,8997,9015,1,19
2697,3,48,7350,7352,9018,2,1668
3303,1,48,9004,9005,9021,1,17
3304,2,48,9007,9008,9024,1,17
2698,4,48,7353,7355,9027,2,1674
2701,3,48,7361,7362,9030,1,1669
3307,1,48,9015,9017,9033,2,18
3308,2,48,9018,9020,9036,2,18
2702,4,48,7364,7365,9039,1,1675
3311,1,48,9025,9027,9042,2,17
2705,3,48,7372,7374,9045,2,1673
3312,2,48,9028,9029,9048,1,20
2706,4,48,7375,7376,9051,1,1676
3315,1,48,9036,9038,9054,2,18
3316,2,48,9039,9041,9057,2,18
2709,3,48,7383,7385,9060,2,1677
2710,4,48,7386,7388,9063,2,1677
3319,1,48,9047,9049,9066,2,19
3320,2,48,9050,9051,9069,1,19
2713,3,48,7394,7395,9072,1,1678
3323,1,48,9058,9059,9075,1,17
3324,2,48,9061,9062,9078,1,17
2714,4,48,7397,7398,9081,1,1684
2717,3,48,7405,7407,9084,2,1679
3327,1,48,9069,9071,9087,2,18
3328,2,48,9072,9074,9090,2,18
2718,4,48,7408,7409,9093,1,1685
2721,3,48,7416,7418,9096,2,1680
3331,1,48,9080,9082,9099,2,19
3332,2,48,9083,9084,9102,1,19
2722,4,48,7419,7421,9105,2,1686
3335,1,48,9091,9092,9108,1,17
3336,2,48,9094,9095,9111,1,17
2725,3,48,7427,7428,9114,1,1687
2726,4,48,7430,7431,9117,1,1687
3339,1,48,9102,9104,9120,2,18
3340,2,48,9105,9107,9123,2,18
2729,3,48,7438,7440,9126,2,1688
2730,4,48,7441,7442,9129,1,1688
3343,1,48,9113,9115,9132,2,19
3344,2,48,9116,9117,9135,1,19
2733,3,48,7449,7451,9138,2,1689
3347,1,48,9124,9125,9141,1,17
3348,2,48,9127,9128,9144,1,17
2734,4,48,7452,7454,9147,2,1695
2737,3,48,7460,7461,9150,1,1690
3351,1,48,9135,9137,9153,2,18
3352,2,48,9138,9140,9156,2,18
2738,4,48,7463,7464,9159,1,1696
3355,1,48,9145,9147,9162,2,17
2741,3,48,7470,7472,9165,2,1695
3356,2,48,9148,9149,9168,1,20
2742,4,48,7473,7475,9171,2,1698
3359,1,48,9156,9158,9174,2,18
3360,2,48,9159,9161,9177,2,18
2745,3,48,7481,7482,9180,1,1699
2746,4,48,7484,7485,9183,1,1699
3363,1,48,9167,9169,9186,2,19
3364,2,48,9170,9171,9189,1,19
2749,3,48,7492,7494,9192,2,1700
3367,1,48,9178,9179,9195,1,17
3368,2,48,9181,9182,9198,1,17
2750,4,48,7495,7496,9201,1,1706
2753,3,48,7503,7505,9204,2,1701
3371,1,48,9189,9191,9207,2,18
3372,2,48,9192,9194,9210,2,18
2754,4,48,7506,7508,9213,2,1707
2757,3,48,7514,7515,9216,1,1702
3375,1,48,9200,9202,9219,2,19
3376,2,48,9203,9204,9222,1,19
2758,4,48,7517,7518,9225,1,1708
3379,1,48,9211,9212,9228,1,17
3380,2,48,9214,9215,9231,1,17
2761,3,48,7525,7527,9234,2,1709
2762,4,48,7528,7529,9237,1,1709
3383,1,48,9222,9224,9240,2,18
3384,2,48,9225,9227,9243,2,18
2765,3,48,7536,7538,9246,2,1710
2766,4,48,7539,7541,9249,2,1710
3387,1,48,9233,9235,9252,2,19
3388,2,48,9236,9237,9255,1,19
2769,3,48,7547,7548,9258,1,1711
3391,1,48,9244,9245,9261,1,17
3392,2,48,9247,9248,9264,1,17
2770,4,48,7550,7551,9267,1,1717
2773,3,48,7558,7560,9270,2,1712
3395,1,48,9255,9257,9273,2,18
3396,2,48,9258,9260,9276,2,18
2774,4,48,7561,7562,9279,1,1718
3399,1,48,9265,9267,9282,2,17
2777,3,48,7569,7571,9285,2,1716
3400,2,48,9268,9269,9288,1,20
2778,4,48,7572,7574,9291,2,1719
3403,1,48,9276,9278,9294,2,18
3404,2,48,9279,9281,9297,2,18
2781,3,48,7580,7581,9300,1,1720
2782,4,48,7583,7584,9303,1,1720
3407,1,48,9287,9289,9306,2,19
3408,2,48,9290,9291,9309,1,19
2785,3,48,7590,7592,9312,2,1722
3411,1,48,9298,9299,9315,1,17
3412,2,48,9301,9302,9318,1,17
2786,4,48,7593,7595,9321,2,1728
2789,3,48,7601,7602,9324,1,1723
3415,1,48,9309,9311,9327,2,18
3416,2,48,9312,9314,9330,2,18
2790,4,48,7604,7605,9333,1,1729
2793,3,48,7612,7614,9336,2,1724
3419,1,48,9320,9322,9339,2,19
3420,2,48,9323,9324,9342,1,19
2794,4,48,7615,7616,9345,1,1730
3423,1,48,9331,9332,9348,1,17
3424,2,48,9334,9335,9351,1,17
2797,3,48,7623,7625,9354,2,1731
2798,4,48,7626,7628,9357,2,1731
3427,1,48,9342,9344,9360,2,18
3428,2,48,9345,9347,9363,2,18
2801,3,48,7634,7635,9366,1,1732
2802,4,48,7637,7638,9369,1,1732
3431,1,48,9353,9355,9372,2,19
3432,2,48,9356,9357,9375,1,19
2805,3,48,7645,7647,9378,2,1733
3435,1,48,9364,9365,9381,1,17
3436,2,48,9367,9368,9384,1,17
2806,4,48,7648,7649,9387,1,1739
2809,3,48,7656,7658,9390,2,1734
3439,1,48,9375,9377,9393,2,18
3440,2,48,9378,9380,9396,2,18
2810,4,48,7659,7661,9399,2,1740
3443,1,48,9385,9387,9402,2,17
2813,3,48,7667,7668,9405,1,1738
3444,2,48,9388,9389,9408,1,20
2814,4,48,7670,7671,9411,1,1741
3447,1,48,9396,9398,9414,2,18
3448,2,48,9399,9401,9417,2,18
2817,3,48,7678,7680,9420,2,1742
2818,4,48,7681,7682,9423,1,1742
3451,1,48,9407,9409,9426,2,19
3452,2,48,9410,9411,9429,1,19
2821,3,48,7689,7691,9432,2,1743
3455,1,48,9418,9419,9435,1,17
3456,2,48,9421,9422,9438,1,17
2822,4,48,7692,7694,9441,2,1749
2825,3,48,7700,7701,9444,1,1744
3459,1,48,9429,9431,9447,2,18
3460,2,48,9432,9434,9450,2,18
2826,4,48,7703,7704,9453,1,1750
2829,3,48,7710,7712,9456,2,1746
3463,1,48,9440,9442,9459,2,19
3464,2,48,9443,9444,9462,1,19
2830,4,48,7713,7715,9465,2,1752
3467,1,48,9451,9452,9468,1,17
3468,2,48,9454,9455,9471,1,17
2833,3,48,7721,7722,9474,1,1753
2834,4,48,7724,7725,9477,1,1753
3471,1,48,9462,9464,9480,2,18
3472,2,48,9465,9467,9483,2,18
2837,3,48,7732,7734,9486,2,1754
2838,4,48,7735,7736,9489,1,1754
3475,1,48,9473,9475,9492,2,19
3476,2,48,9476,9477,9495,1,19
2841,3,48,7743,7745,9498,2,1755
3479,1,48,9484,9485,9501,1,17
3480,2,48,9487,9488,9504,1,17
2842,4,48,7746,7748,9507,2,1761
2845,3,48,7754,7755,9510,1,1756
3483,1,48,9495,9497,9513,2,18
3484,2,48,9498,9500,9516,2,18
2846,4,48,7757,7758,9519,1,1762
3487,1,48,9505,9507,9522,2,17
2849,3,48,7765,7767,9525,2,1760
3488,2,48,9508,9509,9528,1,20
2850,4,48,7768,7769,9531,1,1763
3491,1,48,9516,9518,9534,2,18
3492,2,48,9519,9521,9537,2,18
2853,3,48,7776,7778,9540,2,1764
2854,4,48,7779,7781,9543,2,1764
3495,1,48,9527,9529,9546,2,19
3496,2,48,9530,9531,9549,1,19
2857,3,48,7787,7788,9552,1,1765
3499,1,48,9538,9539,9555,1,17
3500,2,48,9541,9542,9558,1,17
2858,4,48,7790,7791,9561,1,1771
2861,3,48,7798,7800,9564,2,1766
3503,1,48,9549,9551,9567,2,18
3504,2,48,9552,9554,9570,2,18
2862,4,48,7801,7802,9573,1,1772
2865,3,48,7809,7811,9576,2,1767
3507,1,48,9560,9562,9579,2,19
3508,2,48,9563,9564,9582,1,19
2866,4,48,7812,7814,9585,2,1773
3511,1,48,9571,9572,9588,1,17
3512,2,48,9574,9575,9591,1,17
2869,3,48,7820,7821,9594,1,1774
2870,4,48,7823,7824,9597,1,1774
3515,1,48,9582,9584,9600,2,18
3516,2,48,9585,9587,9603,2,18
2873,3,48,7830,7832,9606,2,1776
2874,4,48,7833,7835,9609,2,1776
3519,1,48,9593,9595,9612,2,19
3520,2,48,9596,9597,9615,1,19
2877,3,48,7841,7842,9618,1,1777
3523,1,48,9604,9605,9621,1,17
3524,2,48,9607,9608,9624,1,17
2878,4,48,7844,7845,9627,1,1783
2881,3,48,7852,7854,9630,2,1778
3527,1,48,9615,9617,9633,2,18
3528,2,48,9618,9620,9636,2,18
2882,4,48,7855,7856,9639,1,1784
3531,1,48,9625,9627,9642,2,17
2885,3,48,7863,7865,9645,2,1782
3532,2,48,9628,9629,9648,1,20
2886,4,48,7866,7868,9651,2,1785
3535,1,48,9636,9638,9654,2,18
3536,2,48,9639,9641,9657,2,18
2889,3,48,7874,7875,9660,1,1786
2890,4,48,7877,7878,9663,1,1786
3539,1,48,9647,9649,9666,2,19
3540,2,48,9650,9651,9669,1,19
2893,3,48,7885,7887,9672,2,1787
3543,1,48,9658,9659,9675,1,17
3544,2,48,9661,9662,9678,1,17
2894,4,48,7888,7889,9681,1,1793
2897,3,48,7896,7898,9684,2,1788
3547,1,48,9669,9671,9687,2,18
3548,2,48,9672,9674,9690,2,18
2898,4,48,7899,7901,9693,2,1794
2901,3,48,7907,7908,9696,1,1789
3551,1,48,9680,9682,9699,2,19
3552,2,48,9683,9684,9702,1,19
2902,4,48,7910,7911,9705,1,1795
3555,1,48,9691,9692,9708,1,17
3556,2,48,9694,9695,9711,1,17
2905,3,48,7918,7920,9714,2,1796
2906,4,48,7921,7922,9717,1,1796
3559,1,48,9702,9704,9720,2,18
3560,2,48,9705,9707,9723,2,18
2909,3,48,7929,7931,9726,2,1797
2910,4,48,7932,7934,9729,2,1797
3563,1,48,9713,9715,9732,2,19
3564,2,48,9716,9717,9735,1,19
2913,3,48,7940,7941,9738,1,1798
3567,1,48,9724,9725,9741,1,17
3568,2,48,9727,9728,9744,1,17
2914,4,48,7943,7944,9747,1,1804
2917,3,48,7950,7952,9750,2,1800
3571,1,48,9735,9737,9753,2,18
3572,2,48,9738,9740,9756,2,18
2918,4,48,7953,7955,9759,2,1806
3575,1,48,9745,9747,9762,2,17
2921,3,48,7961,7962,9765,1,1804
3576,2,48,9748,9749,9768,1,20
2922,4,48,7964,7965,9771,1,1807
3579,1,48,9756,9758,9774,2,18
3580,2,48,9759,9761,9777,2,18
2925,3,48,7972,7974,9780,2,1808
2926,4,48,7975,7976,9783,1,1808
3583,1,48,9767,9769,9786,2,19
3584,2,48,9770,9771,9789,1,19
2929,3,48,7983,7985,9792,2,1809
3587,1,48,9778,9779,9795,1,17
3588,2,48,9781,9782,9798,1,17
2930,4,48,7986,7988,9801,2,1815
2933,3,48,7994,7995,9804,1,1810
3591,1,48,9789,9791,9807,2,18
3592,2,48,9792,9794,9810,2,18
2934,4,48,7997,7998,9813,1,1816
2937,3,48,8005,8007,9816,2,1811
3595,1,48,9800,9802,9819,2,19
3596,2,48,9803,9804,9822,1,19
2938,4,48,8008,8009,9825,1,1817
3599,1,48,9811,9812,9828,1,17
3600,2,48,9814,9815,9831,1,17
2941,3,48,8016,8018,9834,2,1818
2942,4,48,8019,8021,9837,2,1818
3603,1,48,9822,9824,9840,2,18
3604,2,48,9825,9827,9843,2,18
2945,3,48,8027,8028,9846,1,1819
2946,4,48,8030,8031,9849,1,1819
3607,1,48,9833,9835,9852,2,19
3608,2,48,9836,9837,9855,1,19
2949,3,48,8038,8040,9858,2,1820
3611,1,48,9844,9845,9861,1,17
3612,2,48,9847,9848,9864,1,17
2950,4,48,8041,8042,9867,1,1826
2953,3,48,8049,8051,9870,2,1821
3615,1,48,9855,9857,9873,2,18
3616,2,48,9858,9860,9876,2,18
2954,4,48,8052,8054,9879,2,1827
3619,1,48,9865,9867,9882,2,17
2957,3,48,8060,8061,9885,1,1825
3620,2,48,9868,9869,9888,1,20
2958,4,48,8063,8064,9891,1,1828
3623,1,48,9876,9878,9894,2,18
3624,2,48,9879,9881,9897,2,18
2961,3,48,8070,8072,9900,2,1830
2962,4,48,8073,8075,9903,2,1830
3627,1,48,9887,9889,9906,2,19
3628,2,48,9890,9891,9909,1,19
2965,3,48,8081,8082,9912,1,1831
3631,1,48,9898,9899,9915,1,17
3632,2,48,9901,9902,9918,1,17
2966,4,48,8084,8085,9921,1,1837
2969,3,48,8092,8094,9924,2,1832
3635,1,48,9909,9911,9927,2,18
3636,2,48,9912,9914,9930,2,18
2970,4,48,8095,8096,9933,1,1838
2973,3,48,8103,8105,9936,2,1833
3639,1,48,9920,9922,9939,2,19
3640,2,48,9923,9924,9942,1,19
2974,4,48,8106,8108,9945,2,1839
3643,1,48,9931,9932,9948,1,17
3644,2,48,9934,9935,9951,1,17
2977,3,48,8114,8115,9954,1,1840
2978,4,48,8117,8118,9957,1,1840
3647,1,48,9942,9944,9960,2,18
3648,2,48,9945,9947,9963,2,18
2981,3,48,8125,8127,9966,2,1841
2982,4,48,8128,8129,9969,1,1841
3651,1,48,9953,9955,9972,2,19
3652,2,48,9956,9957,9975,1,19
2985,3,48,8136,8138,9978,2,1842
3655,1,48,9964,9965,9981,1,17
3656,2,48,9967,9968,9984,1,17
2986,4,48,8139,8141,9987,2,1848
2989,3,48,8147,8148,9990,1,1843
3659,1,48,9975,9977,9993,2,18
3660,2,48,9978,9980,9996,2,18
2990,4,48,8150,8151,9999,1,1849
3663,1,48,9985,9987,10002,2,17
2993,3,48,8158,8160,10005,2,1847
3664,2,48,9988,9989,10008,1,20
2994,4,48,8161,8162,10011,1,1850
3667,1,48,9996,9998,10014,2,18
3668,2,48,9999,10001,10017,2,18
2997,3,48,8169,8171,10020,2,1851
2998,4,48,8172,8174,10023,2,1851
3001,3,48,8180,8181,10026,1,1846
3002,4,48,8183,8184,10029,1,1846
3005,3,48,8190,8192,10032,2,1842
3006,4,48,8193,8195,10035,2,1842
3009,3,48,8201,8202,10038,1,1837
3010,4,48,8204,8205,10041,1,1837
3013,3,48,8212,8214,10044,2,1832
3014,4,48,8215,8216,10047,1,1832
3017,3,48,8223,8225,10050,2,1827
3018,4,48,8226,8228,10053,2,1827
3021,3,48,8234,8235,10056,1,1822
3022,4,48,8237,8238,10059,1,1822
3025,3,48,8245,8247,10062,2,1817
3026,4,48,8248,8249,10065,1,1817
3029,3,48,8256,8258,10068,2,1812
3030,4,48,8259,8261,10071,2,1812
3033,3,48,8267,8268,10074,1,1807
3034,4,48,8270,8271,10077,1,1807
3037,3,48,8278,8280,10080,2,1802
3038,4,48,8281,8282,10083,1,1802
3041,3,48,8289,8291,10086,2,1797
3042,4,48,8292,8294,10089,2,1797
3045,3,48,8300,8301,10092,1,1792
3046,4,48,8303,8304,10095,1,1792
3049,3,48,8310,8312,10098,2,1788
3050,4,48,8313,8315,10101,2,1788
3053,3,48,8321,8322,10104,1,1783
3054,4,48,8324,8325,10107,1,1783
3057,3,48,8332,8334,10110,2,1778
3058,4,48,8335,8336,10113,1,1778
3061,3,48,8343,8345,10116,2,1773
3062,4,48,8346,8348,10119,2,1773
3065,3,48,8354,8355,10122,1,1768
3066,4,48,8357,8358,10125,1,1768
3069,3,48,8365,8367,10128,2,1763
3070,4,48,8368,8369,10131,1,1763
3073,3,48,8376,8378,10134,2,1758
3074,4,48,8379,8381,10137,2,1758
3077,3,48,8387,8388,10140,1,1753
3078,4,48,8390,8391,10143,1,1753
3081,3,48,8398,8400,10146,2,1748
3082,4,48,8401,8402,10149,1,1748
3085,3,48,8409,8411,10152,2,1743
3086,4,48,8412,8414,10155,2,1743
3089,3,48,8420,8421,10158,1,1738
3090,4,48,8423,8424,10161,1,1738
3093,3,48,8430,8432,10164,2,1734
3094,4,48,8433,8435,10167,2,1734
3097,3,48,8441,8442,10170,1,1729
3098,4,48,8444,8445,10173,1,1729
3101,3,48,8452,8454,10176,2,1724
3102,4,48,8455,8456,10179,1,1724
3105,3,48,8463,8465,10182,2,1719
3106,4,48,8466,8468,10185,2,1719
3109,3,48,8474,8475,10188,1,1714
3110,4,48,8477,8478,10191,1,1714
3113,3,48,8485,8487,10194,2,1709
3114,4,48,8488,8489,10197,1,1709
3117,3,48,8496,8498,10200,2,1704
3118,4,48,8499,8501,10203,2,1704
3121,3,48,8507,8508,10206,1,1699
3122,4,48,8510,8511,10209,1,1699
3125,3,48,8518,8520,10212,2,1694
3126,4,48,8521,8522,10215,1,1694
3129,3,48,8529,8531,10218,2,1689
3130,4,48,8532,8534,10221,2,1689
3133,3,48,8540,8541,10224,1,1684
3134,4,48,8543,8544,10227,1,1684
3137,3,48,8550,8552,10230,2,1680
3138,4,48,8553,8555,10233,2,1680
3141,3,48,8561,8562,10236,1,1675
3142,4,48,8564,8565,10239,1,1675
3145,3,48,8572,8574,10242,2,1670
3146,4,48,8575,8576,10245,1,1670
3149,3,48,8583,8585,10248,2,1665
3150,4,48,8586,8588,10251,2,1665
3153,3,48,8594,8595,10254,1,1660
3154,4,48,8597,8598,10257,1,1660
3157,3,48,8605,8607,10260,2,1655
3158,4,48,8608,8609,10263,1,1655
3161,3,48,8616,8618,10266,2,1650
3162,4,48,8619,8621,10269,2,1650
3165,3,48,8627,8628,10272,1,1645
3166,4,48,8630,8631,10275,1,1645
3169,3,48,8638,8640,10278,2,1640
3170,4,48,8641,8642,10281,1,1640
3173,3,48,8649,8651,10284,2,1635
3174,4,48,8652,8654,10287,2,1635
3177,3,48,8660,8661,10290,1,1630
3178,4,48,8663,8664,10293,1,1630
3181,3,48,8670,8672,10296,2,1626
3182,4,48,8673,8675,10299,2,1626
3185,3,48,8681,8682,10302,1,1621
3186,4,48,8684,8685,10305,1,1621
3189,3,48,8692,8694,10308,2,1616
3190,4,48,8695,8696,10311,1,1616
3193,3,48,8703,8705,10314,2,1611
3194,4,48,8706,8708,10317,2,1611
3197,3,48,8714,8715,10320,1,1606
3198,4,48,8717,8718,10323,1,1606
3201,3,48,8725,8727,10326,2,1601
3202,4,48,8728,8729,10329,1,1601
3205,3,48,8736,8738,10332,2,1596
3206,4,48,8739,8741,10335,2,1596
3209,3,48,8747,8748,10338,1,1591
3210,4,48,8750,8751,10341,1,1591
3213,3,48,8758,8760,10344,2,1586
3214,4,48,8761,8762,10347,1,1586
3217,3,48,8769,8771,10350,2,1581
3218,4,48,8772,8774,10353,2,1581
3221,3,48,8780,8781,10356,1,1576
3222,4,48,8783,8784,10359,1,1576
3225,3,48,8790,8792,10362,2,1572
3226,4,48,8793,8795,10365,2,1572
3229,3,48,8801,8802,10368,1,1567
3230,4,48,8804,8805,10371,1,1567
3233,3,48,8812,8814,10374,2,1562
3234,4,48,8815,8816,10377,1,1562
3237,3,48,8823,8825,10380,2,1557
3238,4,48,8826,8828,10383,2,1557
3241,3,48,8834,8835,10386,1,1552
3242,4,48,8837,8838,10389,1,1552
3245,3,48,8845,8847,10392,2,1547
3246,4,48,8848,8849,10395,1,1547
3249,3,48,8856,8858,10398,2,1542
3250,4,48,8859,8861,10401,2,1542
3253,3,48,8867,8868,10404,1,1537
3254,4,48,8870,8871,10407,1,1537
3257,3,48,8878,8880,10410,2,1532
3258,4,48,8881,8882,10413,1,1532
3261,3,48,8889,8891,10416,2,1527
3262,4,48,8892,8894,10419,2,1527
3265,3,48,8900,8901,10422,1,1522
3266,4,48,8903,8904,10425,1,1522
3269,3,48,8910,8912,10428,2,1518
3270,4,48,8913,8915,10431,2,1518
3273,3,48,8921,8922,10434,1,1513
3274,4,48,8924,8925,10437,1,1513
3277,3,48,8932,8934,10440,2,1508
3278,4,48,8935,8936,10443,1,1508
3281,3,48,8943,8945,10446,2,1503
3282,4,48,8946,8948,10449,2,1503
3285,3,48,8954,8955,10452,1,1498
3286,4,48,8957,8958,10455,1,1498
3289,3,48,8965,8967,10458,2,1493
3290,4,48,8968,8969,10461,1,1493
3293,3,48,8976,8978,10464,2,1488
3294,4,48,8979,8981,10467,2,1488
3297,3,48,8987,8988,10470,1,1483
3298,4,48,8990,8991,10473,1,1483
3301,3,48,8998,9000,10476,2,1478
3302,4,48,9001,9002,10479,1,1478
3305,3,48,9009,9011,10482,2,1473
3306,4,48,9012,9014,10485,2,1473
3309,3,48,9020,9021,10488,1,1468
3310,4,48,9023,9024,10491,1,1468
3313,3,48,9030,9032,10494,2,1464
3314,4,48,9033,9035,10497,2,1464
3317,3,48,9041,9042,10500,1,1459
3318,4,48,9044,9045,10503,1,1459
3321,3,48,9052,9054,10506,2,1454
3322,4,48,9055,9056,10509,1,1454
3325,3,48,9063,9065,10512,2,1449
3326,4,48,9066,9068,10515,2,1449
3329,3,48,9074,9075,10518,1,1444
3330,4,48,9077,9078,10521,1,1444
3333,3,48,9085,9087,10524,2,1439
3334,4,48,9088,9089,10527,1,1439
3337,3,48,9096,9098,10530,2,1434
3338,4,48,9099,9101,10533,2,1434
3341,3,48,9107,9108,10536,1,1429
3342,4,48,9110,9111,10539,1,1429
3345,3,48,9118,9120,10542,2,1424
3346,4,48,9121,9122,10545,1,1424
3349,3,48,9129,9131,10548,2,1419
3350,4,48,9132,9134,10551,2,1419
3353,3,48,9140,9141,10554,1,1414
3354,4,48,9143,9144,10557,1,1414
3357,3,48,9150,9152,10560,2,1410
3358,4,48,9153,9155,10563,2,1410
3361,3,48,9161,9162,10566,1,1405
3362,4,48,9164,9165,10569,1,1405
3365,3,48,9172,9174,10572,2,1400
3366,4,48,9175,9176,10575,1,1400
3369,3,48,9183,9185,10578,2,1395
3370,4,48,9186,9188,10581,2,1395
3373,3,48,9194,9195,10584,1,1390
3374,4,48,9197,9198,10587,1,1390
3377,3,48,9205,9207,10590,2,1385
3378,4,48,9208,9209,10593,1,1385
3381,3,48,9216,9218,10596,2,1380
3382,4,48,9219,9221,10599,2,1380
3385,3,48,9227,9228,10602,1,1375
3386,4,48,9230,9231,10605,1,1375
3389,3,48,9238,9240,10608,2,1370
3390,4,48,9241,9242,10611,1,1370
3393,3,48,9249,9251,10614,2,1365
3394,4,48,9252,9254,10617,2,1365
3397,3,48,9260,9261,10620,1,1360
3398,4,48,9263,9264,10623,1,1360
3401,3,48,9270,9272,10626,2,1356
3402,4,48,9273,9275,10629,2,1356
3405,3,48,9281,9282,10632,1,1351
3406,4,48,9284,9285,10635,1,1351
3409,3,48,9292,9294,10638,2,1346
3410,4,48,9295,9296,10641,1,1346
3413,3,48,9303,9305,10644,2,1341
3414,4,48,9306,9308,10647,2,1341
3417,3,48,9314,9315,10650,1,1336
3418,4,48,9317,9318,10653,1,1336
3421,3,48,9325,9327,10656,2,1331
3422,4,48,9328,9329,10659,1,1331
3425,3,48,9336,9338,10662,2,1326
3426,4,48,9339,9341,10665,2,1326
3429,3,48,9347,9348,10668,1,1321
3430,4,48,9350,9351,10671,1,1321
3433,3,48,9358,9360,10674,2,1316
3434,4,48,9361,9362,10677,1,1316
3437,3,48,9369,9371,10680,2,1311
3438,4,48,9372,9374,10683,2,1311
3441,3,48,9380,9381,10686,1,1306
3442,4,48,9383,9384,10689,1,1306
3445,3,48,9390,9392,10692,2,1302
3446,4,48,9393,9395,10695,2,1302
3449,3,48,9401,9402,10698,1,1297
3450,4,48,9404,9405,10701,1,1297
3453,3,48,9412,9414,10704,2,1292
3454,4,48,9415,9416,10707,1,1292
3457,3,48,9423,9425,10710,2,1287
3458,4,48,9426,9428,10713,2,1287
3461,3,48,9434,9435,10716,1,1282
3462,4,48,9437,9438,10719,1,1282
3465,3,48,9445,9447,10722,2,1277
3466,4,48,9448,9449,10725,1,1277
3469,3,48,9456,9458,10728,2,1272
3470,4,48,9459,9461,10731,2,1272
3473,3,48,9467,9468,10734,1,1267
3474,4,48,9470,9471,10737,1,1267
3477,3,48,9478,9480,10740,2,1262
3478,4,48,9481,9482,10743,1,1262
3481,3,48,9489,9491,10746,2,1257
3482,4,48,9492,9494,10749,2,1257
3485,3,48,9500,9501,10752,1,1252
3486,4,48,9503,9504,10755,1,1252
3489,3,48,9510,9512,10758,2,1248
3490,4,48,9513,9515,10761,2,1248
3493,3,48,9521,9522,10764,1,1243
3494,4,48,9524,9525,10767,1,1243
3497,3,48,9532,9534,10770,2,1238
3498,4,48,9535,9536,10773,1,1238
3501,3,48,9543,9545,10776,2,1233
3502,4,48,9546,9548,10779,2,1233
3505,3,48,9554,9555,10782,1,1228
3506,4,48,9557,9558,10785,1,1228
3509,3,48,9565,9567,10788,2,1223
3510,4,48,9568,9569,10791,1,1223
3513,3,48,9576,9578,10794,2,1218
3514,4,48,9579,9581,10797,2,1218
3517,3,48,9587,9588,10800,1,1213
3518,4,48,9590,9591,10803,1,1213
3521,3,48,9598,9600,10806,2,1208
3522,4,48,9601,9602,10809,1,1208
3525,3,48,9609,9611,10812,2,1203
3526,4,48,9612,9614,10815,2,1203
3529,3,48,9620,9621,10818,1,1198
3530,4,48,9623,9624,10821,1,1198
3533,3,48,9630,9632,10824,2,1194
3534,4,48,9633,9635,10827,2,1194
3537,3,48,9641,9642,10830,1,1189
3538,4,48,9644,9645,10833,1,1189
3541,3,48,9652,9654,10836,2,1184
3542,4,48,9655,9656,10839,1,1184
3545,3,48,9663,9665,10842,2,1179
3546,4,48,9666,9668,10845,2,1179
3549,3,48,9674,9675,10848,1,1174
3550,4,48,9677,9678,10851,1,1174
3553,3,48,9685,9687,10854,2,1169
3554,4,48,9688,9689,10857,1,1169
3557,3,48,9696,9698,10860,2,1164
3558,4,48,9699,9701,10863,2,1164
3561,3,48,9707,9708,10866,1,1159
3562,4,48,9710,9711,10869,1,1159
3565,3,48,9718,9720,10872,2,1154
3566,4,48,9721,9722,10875,1,1154
3569,3,48,9729,9731,10878,2,1149
3570,4,48,9732,9734,10881,2,1149
3573,3,48,9740,9741,10884,1,1144
3574,4,48,9743,9744,10887,1,1144
3577,3,48,9750,9752,10890,2,1140
3578,4,48,9753,9755,10893,2,1140
3581,3,48,9761,9762,10896,1,1135
3582,4,48,9764,9765,10899,1,1135
3585,3,48,9772,9774,10902,2,1130
3586,4,48,9775,9776,10905,1,1130
3589,3,48,9783,9785,10908,2,1125
3590,4,48,9786,9788,10911,2,1125
3593,3,48,9794,9795,10914,1,1120
3594,4,48,9797,9798,10917,1,1120
3597,3,48,9805,9807,10920,2,1115
3598,4,48,9808,9809,10923,1,1115
3601,3,48,9816,9818,10926,2,1110
3602,4,48,9819,9821,10929,2,1110
3605,3,48,9827,9828,10932,1,1105
3606,4,48,9830,9831,10935,1,1105
3609,3,48,9838,9840,10938,2,1100
3610,4,48,9841,9842,10941,1,1100
3613,3,48,9849,9851,10944,2,1095
3614,4,48,9852,9854,10947,2,1095
3617,3,48,9860,9861,10950,1,1090
3618,4,48,9863,9864,10953,1,1090
3621,3,48,9870,9872,10956,2,1086
3622,4,48,9873,9875,10959,2,1086
3625,3,48,9881,9882,10962,1,1081
3626,4,48,9884,9885,10965,1,1081
3629,3,48,9892,9894,10968,2,1076
3630,4,48,9895,9896,10971,1,1076
3633,3,48,9903,9905,10974,2,1071
3634,4,48,9906,9908,10977,2,1071
3637,3,48,9914,9915,10980,1,1066
3638,4,48,9917,9918,10983,1,1066
3641,3,48,9925,9927,10986,2,1061
3642,4,48,9928,9929,10989,1,1061
3645,3,48,9936,9938,10992,2,1056
3646,4,48,9939,9941,10995,2,1056
3649,3,48,9947,9948,10998,1,1051
3650,4,48,9950,9951,11001,1,1051
3653,3,48,9958,9960,11004,2,1046
3654,4,48,9961,9962,11007,1,1046
3657,3,48,9969,9971,11010,2,1041
3658,4,48,9972,9974,11013,2,1041
3661,3,48,9980,9981,11016,1,1036
3662,4,48,9983,9984,11019,1,1036
3665,3,48,9990,9992,11022,2,1032
3666,4,48,9993,9995,11025,2,1032
