Copyright 1986-2022 Xilinx, Inc. All Rights Reserved. Copyright 2022-2025 Advanced Micro Devices, Inc. All Rights Reserved.
---------------------------------------------------------------------------------------------------------------------------------------------------------
| Tool Version : Vivado v.2025.2 (lin64) Build 6299465 Fri Nov 14 12:34:56 MST 2025
| Date         : Mon Sep  7 14:21:17 2026
| Host         : netarch-cxl.ece.cornell.edu running 64-bit Ubuntu 24.04.4 LTS
| Command      : report_ram_utilization -file /data/work/rio-synthesis/shared-fifo-34e35d2/pe5-v128-c1024-q256-static-vivado/reports/ram-utilization.rpt
| Design       : PifoMesh
| Device       : xcku5p-ffvb676-2-e
| Speed File   : -2
---------------------------------------------------------------------------------------------------------------------------------------------------------

RAM Usage Information

Table of Contents
-----------------
1. Summary
2. Memory Description
3. Memory Utilization - Inferred
4. Memory Performance - Inferred
5. Block Ram / URAM Memory Power - Inferred

1. Summary
----------

+--------------------------+------------+-----------+--------+-----------+
| Memory Type              | Total Used | Available | Util%  | Inferred% |
+--------------------------+------------+-----------+--------+-----------+
| URAM                     |          0 |        64 |   0.00 |      0.00 |
| BlockRAM                 |        501 |       480 | 104.38 |    100.00 |
|  RAMB36E2                |        501 |           |        |    100.00 |
| LUTMs as Distributed RAM |        808 |     99840 |   0.81 |    100.00 |
|  LUTMs as RAM64X1D       |         20 |           |        |    100.00 |
|  LUTMs as RAM64M8        |        320 |           |        |    100.00 |
|  LUTMs as RAM32X1D       |         40 |           |        |    100.00 |
|  LUTMs as RAM32M16       |        368 |           |        |    100.00 |
|  LUTMs as RAM32M         |         20 |           |        |    100.00 |
|  LUTMs as RAM128X1D      |         40 |           |        |    100.00 |
+--------------------------+------------+-----------+--------+-----------+
*  Each RAMB18 is calculated as 0.5 BlockRAM
**  Tables 2, 3, 4 and 5 cover RAMs inferred by Vivado Synthesis using XPMs or RTL inference
***  XRAMs are not reported for detailed tables


2. Memory Description
---------------------

+------------------------------------------------------+------------+-----------+-------------+------------------------+------------------------+
| Memory Name                                          | Array Size | RAM_STYLE | Memory Type | Port 1 Dimension / Map | Port 2 Dimension / Map |
+------------------------------------------------------+------------+-----------+-------------+------------------------+------------------------+
| pifoEngines_0/enque_brain/engineCAM/ram              |    4194304 |           | RAM_SDP     | 131072x18              | 131072x18              |
|  pifoEngines_0/enque_brain/engineCAM/ram_reg_bram_0  |      36864 |      AUTO |             |  A:A:2048x18           |  B:B:2048x18           |
|  pifoEngines_0/enque_brain/engineCAM/ram_reg_bram_1  |      36864 |      AUTO |             |  A:A:2048x18           |  B:B:2048x18           |
|  pifoEngines_0/enque_brain/engineCAM/ram_reg_bram_2  |      36864 |      AUTO |             |  A:A:2048x18           |  B:B:2048x18           |
|  pifoEngines_0/enque_brain/engineCAM/ram_reg_bram_3  |      36864 |      AUTO |             |  A:A:2048x18           |  B:B:2048x18           |
|  pifoEngines_0/enque_brain/engineCAM/ram_reg_bram_4  |      36864 |      AUTO |             |  A:A:2048x18           |  B:B:2048x18           |
|  pifoEngines_0/enque_brain/engineCAM/ram_reg_bram_5  |      36864 |      AUTO |             |  A:A:2048x18           |  B:B:2048x18           |
|  pifoEngines_0/enque_brain/engineCAM/ram_reg_bram_6  |      36864 |      AUTO |             |  A:A:2048x18           |  B:B:2048x18           |
|  pifoEngines_0/enque_brain/engineCAM/ram_reg_bram_7  |      36864 |      AUTO |             |  A:A:2048x18           |  B:B:2048x18           |
|  pifoEngines_0/enque_brain/engineCAM/ram_reg_bram_8  |      36864 |      AUTO |             |  A:A:2048x18           |  B:B:2048x18           |
|  pifoEngines_0/enque_brain/engineCAM/ram_reg_bram_9  |      36864 |      AUTO |             |  A:A:2048x18           |  B:B:2048x18           |
|  pifoEngines_0/enque_brain/engineCAM/ram_reg_bram_10 |      36864 |      AUTO |             |  A:A:2048x18           |  B:B:2048x18           |
|  pifoEngines_0/enque_brain/engineCAM/ram_reg_bram_11 |      36864 |      AUTO |             |  A:A:2048x18           |  B:B:2048x18           |
|  pifoEngines_0/enque_brain/engineCAM/ram_reg_bram_12 |      36864 |      AUTO |             |  A:A:2048x18           |  B:B:2048x18           |
|  pifoEngines_0/enque_brain/engineCAM/ram_reg_bram_13 |      36864 |      AUTO |             |  A:A:2048x18           |  B:B:2048x18           |
|  pifoEngines_0/enque_brain/engineCAM/ram_reg_bram_14 |      36864 |      AUTO |             |  A:A:2048x18           |  B:B:2048x18           |
|  pifoEngines_0/enque_brain/engineCAM/ram_reg_bram_15 |      36864 |      AUTO |             |  A:A:2048x18           |  B:B:2048x18           |
|  pifoEngines_0/enque_brain/engineCAM/ram_reg_bram_16 |      36864 |      AUTO |             |  A:A:2048x18           |  B:B:2048x18           |
|  pifoEngines_0/enque_brain/engineCAM/ram_reg_bram_17 |      36864 |      AUTO |             |  A:A:2048x18           |  B:B:2048x18           |
|  pifoEngines_0/enque_brain/engineCAM/ram_reg_bram_18 |      36864 |      AUTO |             |  A:A:2048x18           |  B:B:2048x18           |
|  pifoEngines_0/enque_brain/engineCAM/ram_reg_bram_19 |      36864 |      AUTO |             |  A:A:2048x18           |  B:B:2048x18           |
|  pifoEngines_0/enque_brain/engineCAM/ram_reg_bram_20 |      36864 |      AUTO |             |  A:A:2048x18           |  B:B:2048x18           |
|  pifoEngines_0/enque_brain/engineCAM/ram_reg_bram_21 |      36864 |      AUTO |             |  A:A:2048x18           |  B:B:2048x18           |
|  pifoEngines_0/enque_brain/engineCAM/ram_reg_bram_22 |      36864 |      AUTO |             |  A:A:2048x18           |  B:B:2048x18           |
|  pifoEngines_0/enque_brain/engineCAM/ram_reg_bram_23 |      36864 |      AUTO |             |  A:A:2048x18           |  B:B:2048x18           |
|  pifoEngines_0/enque_brain/engineCAM/ram_reg_bram_24 |      36864 |      AUTO |             |  A:A:2048x18           |  B:B:2048x18           |
|  pifoEngines_0/enque_brain/engineCAM/ram_reg_bram_25 |      36864 |      AUTO |             |  A:A:2048x18           |  B:B:2048x18           |
|  pifoEngines_0/enque_brain/engineCAM/ram_reg_bram_26 |      36864 |      AUTO |             |  A:A:2048x18           |  B:B:2048x18           |
|  pifoEngines_0/enque_brain/engineCAM/ram_reg_bram_27 |      36864 |      AUTO |             |  A:A:2048x18           |  B:B:2048x18           |
|  pifoEngines_0/enque_brain/engineCAM/ram_reg_bram_28 |      36864 |      AUTO |             |  A:A:2048x18           |  B:B:2048x18           |
|  pifoEngines_0/enque_brain/engineCAM/ram_reg_bram_29 |      36864 |      AUTO |             |  A:A:2048x18           |  B:B:2048x18           |
|  pifoEngines_0/enque_brain/engineCAM/ram_reg_bram_30 |      36864 |      AUTO |             |  A:A:2048x18           |  B:B:2048x18           |
|  pifoEngines_0/enque_brain/engineCAM/ram_reg_bram_31 |      36864 |      AUTO |             |  A:A:2048x18           |  B:B:2048x18           |
|  pifoEngines_0/enque_brain/engineCAM/ram_reg_bram_32 |      36864 |      AUTO |             |  A:A:2048x18           |  B:B:2048x18           |
|  pifoEngines_0/enque_brain/engineCAM/ram_reg_bram_33 |      36864 |      AUTO |             |  A:A:2048x18           |  B:B:2048x18           |
|  pifoEngines_0/enque_brain/engineCAM/ram_reg_bram_34 |      36864 |      AUTO |             |  A:A:2048x18           |  B:B:2048x18           |
|  pifoEngines_0/enque_brain/engineCAM/ram_reg_bram_35 |      36864 |      AUTO |             |  A:A:2048x18           |  B:B:2048x18           |
|  pifoEngines_0/enque_brain/engineCAM/ram_reg_bram_36 |      36864 |      AUTO |             |  A:A:2048x18           |  B:B:2048x18           |
|  pifoEngines_0/enque_brain/engineCAM/ram_reg_bram_37 |      36864 |      AUTO |             |  A:A:2048x18           |  B:B:2048x18           |
|  pifoEngines_0/enque_brain/engineCAM/ram_reg_bram_38 |      36864 |      AUTO |             |  A:A:2048x18           |  B:B:2048x18           |
|  pifoEngines_0/enque_brain/engineCAM/ram_reg_bram_39 |      36864 |      AUTO |             |  A:A:2048x18           |  B:B:2048x18           |
|  pifoEngines_0/enque_brain/engineCAM/ram_reg_bram_40 |      36864 |      AUTO |             |  A:A:2048x18           |  B:B:2048x18           |
|  pifoEngines_0/enque_brain/engineCAM/ram_reg_bram_41 |      36864 |      AUTO |             |  A:A:2048x18           |  B:B:2048x18           |
|  pifoEngines_0/enque_brain/engineCAM/ram_reg_bram_42 |      36864 |      AUTO |             |  A:A:2048x18           |  B:B:2048x18           |
|  pifoEngines_0/enque_brain/engineCAM/ram_reg_bram_43 |      36864 |      AUTO |             |  A:A:2048x18           |  B:B:2048x18           |
|  pifoEngines_0/enque_brain/engineCAM/ram_reg_bram_44 |      36864 |      AUTO |             |  A:A:2048x18           |  B:B:2048x18           |
|  pifoEngines_0/enque_brain/engineCAM/ram_reg_bram_45 |      36864 |      AUTO |             |  A:A:2048x18           |  B:B:2048x18           |
|  pifoEngines_0/enque_brain/engineCAM/ram_reg_bram_46 |      36864 |      AUTO |             |  A:A:2048x18           |  B:B:2048x18           |
|  pifoEngines_0/enque_brain/engineCAM/ram_reg_bram_47 |      36864 |      AUTO |             |  A:A:2048x18           |  B:B:2048x18           |
|  pifoEngines_0/enque_brain/engineCAM/ram_reg_bram_48 |      36864 |      AUTO |             |  A:A:2048x18           |  B:B:2048x18           |
|  pifoEngines_0/enque_brain/engineCAM/ram_reg_bram_49 |      36864 |      AUTO |             |  A:A:2048x18           |  B:B:2048x18           |
|  pifoEngines_0/enque_brain/engineCAM/ram_reg_bram_50 |      36864 |      AUTO |             |  A:A:2048x18           |  B:B:2048x18           |
|  pifoEngines_0/enque_brain/engineCAM/ram_reg_bram_51 |      36864 |      AUTO |             |  A:A:2048x18           |  B:B:2048x18           |
|  pifoEngines_0/enque_brain/engineCAM/ram_reg_bram_52 |      36864 |      AUTO |             |  A:A:2048x18           |  B:B:2048x18           |
|  pifoEngines_0/enque_brain/engineCAM/ram_reg_bram_53 |      36864 |      AUTO |             |  A:A:2048x18           |  B:B:2048x18           |
|  pifoEngines_0/enque_brain/engineCAM/ram_reg_bram_54 |      36864 |      AUTO |             |  A:A:2048x18           |  B:B:2048x18           |
|  pifoEngines_0/enque_brain/engineCAM/ram_reg_bram_55 |      36864 |      AUTO |             |  A:A:2048x18           |  B:B:2048x18           |
|  pifoEngines_0/enque_brain/engineCAM/ram_reg_bram_56 |      36864 |      AUTO |             |  A:A:2048x18           |  B:B:2048x18           |
|  pifoEngines_0/enque_brain/engineCAM/ram_reg_bram_57 |      36864 |      AUTO |             |  A:A:2048x18           |  B:B:2048x18           |
|  pifoEngines_0/enque_brain/engineCAM/ram_reg_bram_58 |      36864 |      AUTO |             |  A:A:2048x18           |  B:B:2048x18           |
|  pifoEngines_0/enque_brain/engineCAM/ram_reg_bram_59 |      36864 |      AUTO |             |  A:A:2048x18           |  B:B:2048x18           |
|  pifoEngines_0/enque_brain/engineCAM/ram_reg_bram_60 |      36864 |      AUTO |             |  A:A:2048x18           |  B:B:2048x18           |
|  pifoEngines_0/enque_brain/engineCAM/ram_reg_bram_61 |      36864 |      AUTO |             |  A:A:2048x18           |  B:B:2048x18           |
|  pifoEngines_0/enque_brain/engineCAM/ram_reg_bram_62 |      36864 |      AUTO |             |  A:A:2048x18           |  B:B:2048x18           |
|  pifoEngines_0/enque_brain/engineCAM/ram_reg_bram_63 |      36864 |      AUTO |             |  A:A:2048x18           |  B:B:2048x18           |
| pifoEngines_1/enque_brain/engineCAM/ram              |    4194304 |           | RAM_SDP     | 131072x18              | 131072x18              |
|  pifoEngines_1/enque_brain/engineCAM/ram_reg_bram_0  |      36864 |      AUTO |             |  A:A:2048x18           |  B:B:2048x18           |
|  pifoEngines_1/enque_brain/engineCAM/ram_reg_bram_1  |      36864 |      AUTO |             |  A:A:2048x18           |  B:B:2048x18           |
|  pifoEngines_1/enque_brain/engineCAM/ram_reg_bram_2  |      36864 |      AUTO |             |  A:A:2048x18           |  B:B:2048x18           |
|  pifoEngines_1/enque_brain/engineCAM/ram_reg_bram_3  |      36864 |      AUTO |             |  A:A:2048x18           |  B:B:2048x18           |
|  pifoEngines_1/enque_brain/engineCAM/ram_reg_bram_4  |      36864 |      AUTO |             |  A:A:2048x18           |  B:B:2048x18           |
|  pifoEngines_1/enque_brain/engineCAM/ram_reg_bram_5  |      36864 |      AUTO |             |  A:A:2048x18           |  B:B:2048x18           |
|  pifoEngines_1/enque_brain/engineCAM/ram_reg_bram_6  |      36864 |      AUTO |             |  A:A:2048x18           |  B:B:2048x18           |
|  pifoEngines_1/enque_brain/engineCAM/ram_reg_bram_7  |      36864 |      AUTO |             |  A:A:2048x18           |  B:B:2048x18           |
|  pifoEngines_1/enque_brain/engineCAM/ram_reg_bram_8  |      36864 |      AUTO |             |  A:A:2048x18           |  B:B:2048x18           |
|  pifoEngines_1/enque_brain/engineCAM/ram_reg_bram_9  |      36864 |      AUTO |             |  A:A:2048x18           |  B:B:2048x18           |
|  pifoEngines_1/enque_brain/engineCAM/ram_reg_bram_10 |      36864 |      AUTO |             |  A:A:2048x18           |  B:B:2048x18           |
|  pifoEngines_1/enque_brain/engineCAM/ram_reg_bram_11 |      36864 |      AUTO |             |  A:A:2048x18           |  B:B:2048x18           |
|  pifoEngines_1/enque_brain/engineCAM/ram_reg_bram_12 |      36864 |      AUTO |             |  A:A:2048x18           |  B:B:2048x18           |
|  pifoEngines_1/enque_brain/engineCAM/ram_reg_bram_13 |      36864 |      AUTO |             |  A:A:2048x18           |  B:B:2048x18           |
|  pifoEngines_1/enque_brain/engineCAM/ram_reg_bram_14 |      36864 |      AUTO |             |  A:A:2048x18           |  B:B:2048x18           |
|  pifoEngines_1/enque_brain/engineCAM/ram_reg_bram_15 |      36864 |      AUTO |             |  A:A:2048x18           |  B:B:2048x18           |
|  pifoEngines_1/enque_brain/engineCAM/ram_reg_bram_16 |      36864 |      AUTO |             |  A:A:2048x18           |  B:B:2048x18           |
|  pifoEngines_1/enque_brain/engineCAM/ram_reg_bram_17 |      36864 |      AUTO |             |  A:A:2048x18           |  B:B:2048x18           |
|  pifoEngines_1/enque_brain/engineCAM/ram_reg_bram_18 |      36864 |      AUTO |             |  A:A:2048x18           |  B:B:2048x18           |
|  pifoEngines_1/enque_brain/engineCAM/ram_reg_bram_19 |      36864 |      AUTO |             |  A:A:2048x18           |  B:B:2048x18           |
|  pifoEngines_1/enque_brain/engineCAM/ram_reg_bram_20 |      36864 |      AUTO |             |  A:A:2048x18           |  B:B:2048x18           |
|  pifoEngines_1/enque_brain/engineCAM/ram_reg_bram_21 |      36864 |      AUTO |             |  A:A:2048x18           |  B:B:2048x18           |
|  pifoEngines_1/enque_brain/engineCAM/ram_reg_bram_22 |      36864 |      AUTO |             |  A:A:2048x18           |  B:B:2048x18           |
|  pifoEngines_1/enque_brain/engineCAM/ram_reg_bram_23 |      36864 |      AUTO |             |  A:A:2048x18           |  B:B:2048x18           |
|  pifoEngines_1/enque_brain/engineCAM/ram_reg_bram_24 |      36864 |      AUTO |             |  A:A:2048x18           |  B:B:2048x18           |
|  pifoEngines_1/enque_brain/engineCAM/ram_reg_bram_25 |      36864 |      AUTO |             |  A:A:2048x18           |  B:B:2048x18           |
|  pifoEngines_1/enque_brain/engineCAM/ram_reg_bram_26 |      36864 |      AUTO |             |  A:A:2048x18           |  B:B:2048x18           |
|  pifoEngines_1/enque_brain/engineCAM/ram_reg_bram_27 |      36864 |      AUTO |             |  A:A:2048x18           |  B:B:2048x18           |
|  pifoEngines_1/enque_brain/engineCAM/ram_reg_bram_28 |      36864 |      AUTO |             |  A:A:2048x18           |  B:B:2048x18           |
|  pifoEngines_1/enque_brain/engineCAM/ram_reg_bram_29 |      36864 |      AUTO |             |  A:A:2048x18           |  B:B:2048x18           |
|  pifoEngines_1/enque_brain/engineCAM/ram_reg_bram_30 |      36864 |      AUTO |             |  A:A:2048x18           |  B:B:2048x18           |
|  pifoEngines_1/enque_brain/engineCAM/ram_reg_bram_31 |      36864 |      AUTO |             |  A:A:2048x18           |  B:B:2048x18           |
|  pifoEngines_1/enque_brain/engineCAM/ram_reg_bram_32 |      36864 |      AUTO |             |  A:A:2048x18           |  B:B:2048x18           |
|  pifoEngines_1/enque_brain/engineCAM/ram_reg_bram_33 |      36864 |      AUTO |             |  A:A:2048x18           |  B:B:2048x18           |
|  pifoEngines_1/enque_brain/engineCAM/ram_reg_bram_34 |      36864 |      AUTO |             |  A:A:2048x18           |  B:B:2048x18           |
|  pifoEngines_1/enque_brain/engineCAM/ram_reg_bram_35 |      36864 |      AUTO |             |  A:A:2048x18           |  B:B:2048x18           |
|  pifoEngines_1/enque_brain/engineCAM/ram_reg_bram_36 |      36864 |      AUTO |             |  A:A:2048x18           |  B:B:2048x18           |
|  pifoEngines_1/enque_brain/engineCAM/ram_reg_bram_37 |      36864 |      AUTO |             |  A:A:2048x18           |  B:B:2048x18           |
|  pifoEngines_1/enque_brain/engineCAM/ram_reg_bram_38 |      36864 |      AUTO |             |  A:A:2048x18           |  B:B:2048x18           |
|  pifoEngines_1/enque_brain/engineCAM/ram_reg_bram_39 |      36864 |      AUTO |             |  A:A:2048x18           |  B:B:2048x18           |
|  pifoEngines_1/enque_brain/engineCAM/ram_reg_bram_40 |      36864 |      AUTO |             |  A:A:2048x18           |  B:B:2048x18           |
|  pifoEngines_1/enque_brain/engineCAM/ram_reg_bram_41 |      36864 |      AUTO |             |  A:A:2048x18           |  B:B:2048x18           |
|  pifoEngines_1/enque_brain/engineCAM/ram_reg_bram_42 |      36864 |      AUTO |             |  A:A:2048x18           |  B:B:2048x18           |
|  pifoEngines_1/enque_brain/engineCAM/ram_reg_bram_43 |      36864 |      AUTO |             |  A:A:2048x18           |  B:B:2048x18           |
|  pifoEngines_1/enque_brain/engineCAM/ram_reg_bram_44 |      36864 |      AUTO |             |  A:A:2048x18           |  B:B:2048x18           |
|  pifoEngines_1/enque_brain/engineCAM/ram_reg_bram_45 |      36864 |      AUTO |             |  A:A:2048x18           |  B:B:2048x18           |
|  pifoEngines_1/enque_brain/engineCAM/ram_reg_bram_46 |      36864 |      AUTO |             |  A:A:2048x18           |  B:B:2048x18           |
|  pifoEngines_1/enque_brain/engineCAM/ram_reg_bram_47 |      36864 |      AUTO |             |  A:A:2048x18           |  B:B:2048x18           |
|  pifoEngines_1/enque_brain/engineCAM/ram_reg_bram_48 |      36864 |      AUTO |             |  A:A:2048x18           |  B:B:2048x18           |
|  pifoEngines_1/enque_brain/engineCAM/ram_reg_bram_49 |      36864 |      AUTO |             |  A:A:2048x18           |  B:B:2048x18           |
|  pifoEngines_1/enque_brain/engineCAM/ram_reg_bram_50 |      36864 |      AUTO |             |  A:A:2048x18           |  B:B:2048x18           |
|  pifoEngines_1/enque_brain/engineCAM/ram_reg_bram_51 |      36864 |      AUTO |             |  A:A:2048x18           |  B:B:2048x18           |
|  pifoEngines_1/enque_brain/engineCAM/ram_reg_bram_52 |      36864 |      AUTO |             |  A:A:2048x18           |  B:B:2048x18           |
|  pifoEngines_1/enque_brain/engineCAM/ram_reg_bram_53 |      36864 |      AUTO |             |  A:A:2048x18           |  B:B:2048x18           |
|  pifoEngines_1/enque_brain/engineCAM/ram_reg_bram_54 |      36864 |      AUTO |             |  A:A:2048x18           |  B:B:2048x18           |
|  pifoEngines_1/enque_brain/engineCAM/ram_reg_bram_55 |      36864 |      AUTO |             |  A:A:2048x18           |  B:B:2048x18           |
|  pifoEngines_1/enque_brain/engineCAM/ram_reg_bram_56 |      36864 |      AUTO |             |  A:A:2048x18           |  B:B:2048x18           |
|  pifoEngines_1/enque_brain/engineCAM/ram_reg_bram_57 |      36864 |      AUTO |             |  A:A:2048x18           |  B:B:2048x18           |
|  pifoEngines_1/enque_brain/engineCAM/ram_reg_bram_58 |      36864 |      AUTO |             |  A:A:2048x18           |  B:B:2048x18           |
|  pifoEngines_1/enque_brain/engineCAM/ram_reg_bram_59 |      36864 |      AUTO |             |  A:A:2048x18           |  B:B:2048x18           |
|  pifoEngines_1/enque_brain/engineCAM/ram_reg_bram_60 |      36864 |      AUTO |             |  A:A:2048x18           |  B:B:2048x18           |
|  pifoEngines_1/enque_brain/engineCAM/ram_reg_bram_61 |      36864 |      AUTO |             |  A:A:2048x18           |  B:B:2048x18           |
|  pifoEngines_1/enque_brain/engineCAM/ram_reg_bram_62 |      36864 |      AUTO |             |  A:A:2048x18           |  B:B:2048x18           |
|  pifoEngines_1/enque_brain/engineCAM/ram_reg_bram_63 |      36864 |      AUTO |             |  A:A:2048x18           |  B:B:2048x18           |
| pifoEngines_2/enque_brain/engineCAM/ram              |    4194304 |           | RAM_SDP     | 131072x18              | 131072x18              |
|  pifoEngines_2/enque_brain/engineCAM/ram_reg_bram_0  |      36864 |      AUTO |             |  A:A:2048x18           |  B:B:2048x18           |
|  pifoEngines_2/enque_brain/engineCAM/ram_reg_bram_1  |      36864 |      AUTO |             |  A:A:2048x18           |  B:B:2048x18           |
|  pifoEngines_2/enque_brain/engineCAM/ram_reg_bram_2  |      36864 |      AUTO |             |  A:A:2048x18           |  B:B:2048x18           |
|  pifoEngines_2/enque_brain/engineCAM/ram_reg_bram_3  |      36864 |      AUTO |             |  A:A:2048x18           |  B:B:2048x18           |
|  pifoEngines_2/enque_brain/engineCAM/ram_reg_bram_4  |      36864 |      AUTO |             |  A:A:2048x18           |  B:B:2048x18           |
|  pifoEngines_2/enque_brain/engineCAM/ram_reg_bram_5  |      36864 |      AUTO |             |  A:A:2048x18           |  B:B:2048x18           |
|  pifoEngines_2/enque_brain/engineCAM/ram_reg_bram_6  |      36864 |      AUTO |             |  A:A:2048x18           |  B:B:2048x18           |
|  pifoEngines_2/enque_brain/engineCAM/ram_reg_bram_7  |      36864 |      AUTO |             |  A:A:2048x18           |  B:B:2048x18           |
|  pifoEngines_2/enque_brain/engineCAM/ram_reg_bram_8  |      36864 |      AUTO |             |  A:A:2048x18           |  B:B:2048x18           |
|  pifoEngines_2/enque_brain/engineCAM/ram_reg_bram_9  |      36864 |      AUTO |             |  A:A:2048x18           |  B:B:2048x18           |
|  pifoEngines_2/enque_brain/engineCAM/ram_reg_bram_10 |      36864 |      AUTO |             |  A:A:2048x18           |  B:B:2048x18           |
|  pifoEngines_2/enque_brain/engineCAM/ram_reg_bram_11 |      36864 |      AUTO |             |  A:A:2048x18           |  B:B:2048x18           |
|  pifoEngines_2/enque_brain/engineCAM/ram_reg_bram_12 |      36864 |      AUTO |             |  A:A:2048x18           |  B:B:2048x18           |
|  pifoEngines_2/enque_brain/engineCAM/ram_reg_bram_13 |      36864 |      AUTO |             |  A:A:2048x18           |  B:B:2048x18           |
|  pifoEngines_2/enque_brain/engineCAM/ram_reg_bram_14 |      36864 |      AUTO |             |  A:A:2048x18           |  B:B:2048x18           |
|  pifoEngines_2/enque_brain/engineCAM/ram_reg_bram_15 |      36864 |      AUTO |             |  A:A:2048x18           |  B:B:2048x18           |
|  pifoEngines_2/enque_brain/engineCAM/ram_reg_bram_16 |      36864 |      AUTO |             |  A:A:2048x18           |  B:B:2048x18           |
|  pifoEngines_2/enque_brain/engineCAM/ram_reg_bram_17 |      36864 |      AUTO |             |  A:A:2048x18           |  B:B:2048x18           |
|  pifoEngines_2/enque_brain/engineCAM/ram_reg_bram_18 |      36864 |      AUTO |             |  A:A:2048x18           |  B:B:2048x18           |
|  pifoEngines_2/enque_brain/engineCAM/ram_reg_bram_19 |      36864 |      AUTO |             |  A:A:2048x18           |  B:B:2048x18           |
|  pifoEngines_2/enque_brain/engineCAM/ram_reg_bram_20 |      36864 |      AUTO |             |  A:A:2048x18           |  B:B:2048x18           |
|  pifoEngines_2/enque_brain/engineCAM/ram_reg_bram_21 |      36864 |      AUTO |             |  A:A:2048x18           |  B:B:2048x18           |
|  pifoEngines_2/enque_brain/engineCAM/ram_reg_bram_22 |      36864 |      AUTO |             |  A:A:2048x18           |  B:B:2048x18           |
|  pifoEngines_2/enque_brain/engineCAM/ram_reg_bram_23 |      36864 |      AUTO |             |  A:A:2048x18           |  B:B:2048x18           |
|  pifoEngines_2/enque_brain/engineCAM/ram_reg_bram_24 |      36864 |      AUTO |             |  A:A:2048x18           |  B:B:2048x18           |
|  pifoEngines_2/enque_brain/engineCAM/ram_reg_bram_25 |      36864 |      AUTO |             |  A:A:2048x18           |  B:B:2048x18           |
|  pifoEngines_2/enque_brain/engineCAM/ram_reg_bram_26 |      36864 |      AUTO |             |  A:A:2048x18           |  B:B:2048x18           |
|  pifoEngines_2/enque_brain/engineCAM/ram_reg_bram_27 |      36864 |      AUTO |             |  A:A:2048x18           |  B:B:2048x18           |
|  pifoEngines_2/enque_brain/engineCAM/ram_reg_bram_28 |      36864 |      AUTO |             |  A:A:2048x18           |  B:B:2048x18           |
|  pifoEngines_2/enque_brain/engineCAM/ram_reg_bram_29 |      36864 |      AUTO |             |  A:A:2048x18           |  B:B:2048x18           |
|  pifoEngines_2/enque_brain/engineCAM/ram_reg_bram_30 |      36864 |      AUTO |             |  A:A:2048x18           |  B:B:2048x18           |
|  pifoEngines_2/enque_brain/engineCAM/ram_reg_bram_31 |      36864 |      AUTO |             |  A:A:2048x18           |  B:B:2048x18           |
|  pifoEngines_2/enque_brain/engineCAM/ram_reg_bram_32 |      36864 |      AUTO |             |  A:A:2048x18           |  B:B:2048x18           |
|  pifoEngines_2/enque_brain/engineCAM/ram_reg_bram_33 |      36864 |      AUTO |             |  A:A:2048x18           |  B:B:2048x18           |
|  pifoEngines_2/enque_brain/engineCAM/ram_reg_bram_34 |      36864 |      AUTO |             |  A:A:2048x18           |  B:B:2048x18           |
|  pifoEngines_2/enque_brain/engineCAM/ram_reg_bram_35 |      36864 |      AUTO |             |  A:A:2048x18           |  B:B:2048x18           |
|  pifoEngines_2/enque_brain/engineCAM/ram_reg_bram_36 |      36864 |      AUTO |             |  A:A:2048x18           |  B:B:2048x18           |
|  pifoEngines_2/enque_brain/engineCAM/ram_reg_bram_37 |      36864 |      AUTO |             |  A:A:2048x18           |  B:B:2048x18           |
|  pifoEngines_2/enque_brain/engineCAM/ram_reg_bram_38 |      36864 |      AUTO |             |  A:A:2048x18           |  B:B:2048x18           |
|  pifoEngines_2/enque_brain/engineCAM/ram_reg_bram_39 |      36864 |      AUTO |             |  A:A:2048x18           |  B:B:2048x18           |
|  pifoEngines_2/enque_brain/engineCAM/ram_reg_bram_40 |      36864 |      AUTO |             |  A:A:2048x18           |  B:B:2048x18           |
|  pifoEngines_2/enque_brain/engineCAM/ram_reg_bram_41 |      36864 |      AUTO |             |  A:A:2048x18           |  B:B:2048x18           |
|  pifoEngines_2/enque_brain/engineCAM/ram_reg_bram_42 |      36864 |      AUTO |             |  A:A:2048x18           |  B:B:2048x18           |
|  pifoEngines_2/enque_brain/engineCAM/ram_reg_bram_43 |      36864 |      AUTO |             |  A:A:2048x18           |  B:B:2048x18           |
|  pifoEngines_2/enque_brain/engineCAM/ram_reg_bram_44 |      36864 |      AUTO |             |  A:A:2048x18           |  B:B:2048x18           |
|  pifoEngines_2/enque_brain/engineCAM/ram_reg_bram_45 |      36864 |      AUTO |             |  A:A:2048x18           |  B:B:2048x18           |
|  pifoEngines_2/enque_brain/engineCAM/ram_reg_bram_46 |      36864 |      AUTO |             |  A:A:2048x18           |  B:B:2048x18           |
|  pifoEngines_2/enque_brain/engineCAM/ram_reg_bram_47 |      36864 |      AUTO |             |  A:A:2048x18           |  B:B:2048x18           |
|  pifoEngines_2/enque_brain/engineCAM/ram_reg_bram_48 |      36864 |      AUTO |             |  A:A:2048x18           |  B:B:2048x18           |
|  pifoEngines_2/enque_brain/engineCAM/ram_reg_bram_49 |      36864 |      AUTO |             |  A:A:2048x18           |  B:B:2048x18           |
|  pifoEngines_2/enque_brain/engineCAM/ram_reg_bram_50 |      36864 |      AUTO |             |  A:A:2048x18           |  B:B:2048x18           |
|  pifoEngines_2/enque_brain/engineCAM/ram_reg_bram_51 |      36864 |      AUTO |             |  A:A:2048x18           |  B:B:2048x18           |
|  pifoEngines_2/enque_brain/engineCAM/ram_reg_bram_52 |      36864 |      AUTO |             |  A:A:2048x18           |  B:B:2048x18           |
|  pifoEngines_2/enque_brain/engineCAM/ram_reg_bram_53 |      36864 |      AUTO |             |  A:A:2048x18           |  B:B:2048x18           |
|  pifoEngines_2/enque_brain/engineCAM/ram_reg_bram_54 |      36864 |      AUTO |             |  A:A:2048x18           |  B:B:2048x18           |
|  pifoEngines_2/enque_brain/engineCAM/ram_reg_bram_55 |      36864 |      AUTO |             |  A:A:2048x18           |  B:B:2048x18           |
|  pifoEngines_2/enque_brain/engineCAM/ram_reg_bram_56 |      36864 |      AUTO |             |  A:A:2048x18           |  B:B:2048x18           |
|  pifoEngines_2/enque_brain/engineCAM/ram_reg_bram_57 |      36864 |      AUTO |             |  A:A:2048x18           |  B:B:2048x18           |
|  pifoEngines_2/enque_brain/engineCAM/ram_reg_bram_58 |      36864 |      AUTO |             |  A:A:2048x18           |  B:B:2048x18           |
|  pifoEngines_2/enque_brain/engineCAM/ram_reg_bram_59 |      36864 |      AUTO |             |  A:A:2048x18           |  B:B:2048x18           |
|  pifoEngines_2/enque_brain/engineCAM/ram_reg_bram_60 |      36864 |      AUTO |             |  A:A:2048x18           |  B:B:2048x18           |
|  pifoEngines_2/enque_brain/engineCAM/ram_reg_bram_61 |      36864 |      AUTO |             |  A:A:2048x18           |  B:B:2048x18           |
|  pifoEngines_2/enque_brain/engineCAM/ram_reg_bram_62 |      36864 |      AUTO |             |  A:A:2048x18           |  B:B:2048x18           |
|  pifoEngines_2/enque_brain/engineCAM/ram_reg_bram_63 |      36864 |      AUTO |             |  A:A:2048x18           |  B:B:2048x18           |
| pifoEngines_3/enque_brain/engineCAM/ram              |    4194304 |           | RAM_SDP     | 131072x18              | 131072x18              |
|  pifoEngines_3/enque_brain/engineCAM/ram_reg_bram_0  |      36864 |      AUTO |             |  A:A:2048x18           |  B:B:2048x18           |
|  pifoEngines_3/enque_brain/engineCAM/ram_reg_bram_1  |      36864 |      AUTO |             |  A:A:2048x18           |  B:B:2048x18           |
|  pifoEngines_3/enque_brain/engineCAM/ram_reg_bram_2  |      36864 |      AUTO |             |  A:A:2048x18           |  B:B:2048x18           |
|  pifoEngines_3/enque_brain/engineCAM/ram_reg_bram_3  |      36864 |      AUTO |             |  A:A:2048x18           |  B:B:2048x18           |
|  pifoEngines_3/enque_brain/engineCAM/ram_reg_bram_4  |      36864 |      AUTO |             |  A:A:2048x18           |  B:B:2048x18           |
|  pifoEngines_3/enque_brain/engineCAM/ram_reg_bram_5  |      36864 |      AUTO |             |  A:A:2048x18           |  B:B:2048x18           |
|  pifoEngines_3/enque_brain/engineCAM/ram_reg_bram_6  |      36864 |      AUTO |             |  A:A:2048x18           |  B:B:2048x18           |
|  pifoEngines_3/enque_brain/engineCAM/ram_reg_bram_7  |      36864 |      AUTO |             |  A:A:2048x18           |  B:B:2048x18           |
|  pifoEngines_3/enque_brain/engineCAM/ram_reg_bram_8  |      36864 |      AUTO |             |  A:A:2048x18           |  B:B:2048x18           |
|  pifoEngines_3/enque_brain/engineCAM/ram_reg_bram_9  |      36864 |      AUTO |             |  A:A:2048x18           |  B:B:2048x18           |
|  pifoEngines_3/enque_brain/engineCAM/ram_reg_bram_10 |      36864 |      AUTO |             |  A:A:2048x18           |  B:B:2048x18           |
|  pifoEngines_3/enque_brain/engineCAM/ram_reg_bram_11 |      36864 |      AUTO |             |  A:A:2048x18           |  B:B:2048x18           |
|  pifoEngines_3/enque_brain/engineCAM/ram_reg_bram_12 |      36864 |      AUTO |             |  A:A:2048x18           |  B:B:2048x18           |
|  pifoEngines_3/enque_brain/engineCAM/ram_reg_bram_13 |      36864 |      AUTO |             |  A:A:2048x18           |  B:B:2048x18           |
|  pifoEngines_3/enque_brain/engineCAM/ram_reg_bram_14 |      36864 |      AUTO |             |  A:A:2048x18           |  B:B:2048x18           |
|  pifoEngines_3/enque_brain/engineCAM/ram_reg_bram_15 |      36864 |      AUTO |             |  A:A:2048x18           |  B:B:2048x18           |
|  pifoEngines_3/enque_brain/engineCAM/ram_reg_bram_16 |      36864 |      AUTO |             |  A:A:2048x18           |  B:B:2048x18           |
|  pifoEngines_3/enque_brain/engineCAM/ram_reg_bram_17 |      36864 |      AUTO |             |  A:A:2048x18           |  B:B:2048x18           |
|  pifoEngines_3/enque_brain/engineCAM/ram_reg_bram_18 |      36864 |      AUTO |             |  A:A:2048x18           |  B:B:2048x18           |
|  pifoEngines_3/enque_brain/engineCAM/ram_reg_bram_19 |      36864 |      AUTO |             |  A:A:2048x18           |  B:B:2048x18           |
|  pifoEngines_3/enque_brain/engineCAM/ram_reg_bram_20 |      36864 |      AUTO |             |  A:A:2048x18           |  B:B:2048x18           |
|  pifoEngines_3/enque_brain/engineCAM/ram_reg_bram_21 |      36864 |      AUTO |             |  A:A:2048x18           |  B:B:2048x18           |
|  pifoEngines_3/enque_brain/engineCAM/ram_reg_bram_22 |      36864 |      AUTO |             |  A:A:2048x18           |  B:B:2048x18           |
|  pifoEngines_3/enque_brain/engineCAM/ram_reg_bram_23 |      36864 |      AUTO |             |  A:A:2048x18           |  B:B:2048x18           |
|  pifoEngines_3/enque_brain/engineCAM/ram_reg_bram_24 |      36864 |      AUTO |             |  A:A:2048x18           |  B:B:2048x18           |
|  pifoEngines_3/enque_brain/engineCAM/ram_reg_bram_25 |      36864 |      AUTO |             |  A:A:2048x18           |  B:B:2048x18           |
|  pifoEngines_3/enque_brain/engineCAM/ram_reg_bram_26 |      36864 |      AUTO |             |  A:A:2048x18           |  B:B:2048x18           |
|  pifoEngines_3/enque_brain/engineCAM/ram_reg_bram_27 |      36864 |      AUTO |             |  A:A:2048x18           |  B:B:2048x18           |
|  pifoEngines_3/enque_brain/engineCAM/ram_reg_bram_28 |      36864 |      AUTO |             |  A:A:2048x18           |  B:B:2048x18           |
|  pifoEngines_3/enque_brain/engineCAM/ram_reg_bram_29 |      36864 |      AUTO |             |  A:A:2048x18           |  B:B:2048x18           |
|  pifoEngines_3/enque_brain/engineCAM/ram_reg_bram_30 |      36864 |      AUTO |             |  A:A:2048x18           |  B:B:2048x18           |
|  pifoEngines_3/enque_brain/engineCAM/ram_reg_bram_31 |      36864 |      AUTO |             |  A:A:2048x18           |  B:B:2048x18           |
|  pifoEngines_3/enque_brain/engineCAM/ram_reg_bram_32 |      36864 |      AUTO |             |  A:A:2048x18           |  B:B:2048x18           |
|  pifoEngines_3/enque_brain/engineCAM/ram_reg_bram_33 |      36864 |      AUTO |             |  A:A:2048x18           |  B:B:2048x18           |
|  pifoEngines_3/enque_brain/engineCAM/ram_reg_bram_34 |      36864 |      AUTO |             |  A:A:2048x18           |  B:B:2048x18           |
|  pifoEngines_3/enque_brain/engineCAM/ram_reg_bram_35 |      36864 |      AUTO |             |  A:A:2048x18           |  B:B:2048x18           |
|  pifoEngines_3/enque_brain/engineCAM/ram_reg_bram_36 |      36864 |      AUTO |             |  A:A:2048x18           |  B:B:2048x18           |
|  pifoEngines_3/enque_brain/engineCAM/ram_reg_bram_37 |      36864 |      AUTO |             |  A:A:2048x18           |  B:B:2048x18           |
|  pifoEngines_3/enque_brain/engineCAM/ram_reg_bram_38 |      36864 |      AUTO |             |  A:A:2048x18           |  B:B:2048x18           |
|  pifoEngines_3/enque_brain/engineCAM/ram_reg_bram_39 |      36864 |      AUTO |             |  A:A:2048x18           |  B:B:2048x18           |
|  pifoEngines_3/enque_brain/engineCAM/ram_reg_bram_40 |      36864 |      AUTO |             |  A:A:2048x18           |  B:B:2048x18           |
|  pifoEngines_3/enque_brain/engineCAM/ram_reg_bram_41 |      36864 |      AUTO |             |  A:A:2048x18           |  B:B:2048x18           |
|  pifoEngines_3/enque_brain/engineCAM/ram_reg_bram_42 |      36864 |      AUTO |             |  A:A:2048x18           |  B:B:2048x18           |
|  pifoEngines_3/enque_brain/engineCAM/ram_reg_bram_43 |      36864 |      AUTO |             |  A:A:2048x18           |  B:B:2048x18           |
|  pifoEngines_3/enque_brain/engineCAM/ram_reg_bram_44 |      36864 |      AUTO |             |  A:A:2048x18           |  B:B:2048x18           |
|  pifoEngines_3/enque_brain/engineCAM/ram_reg_bram_45 |      36864 |      AUTO |             |  A:A:2048x18           |  B:B:2048x18           |
|  pifoEngines_3/enque_brain/engineCAM/ram_reg_bram_46 |      36864 |      AUTO |             |  A:A:2048x18           |  B:B:2048x18           |
|  pifoEngines_3/enque_brain/engineCAM/ram_reg_bram_47 |      36864 |      AUTO |             |  A:A:2048x18           |  B:B:2048x18           |
|  pifoEngines_3/enque_brain/engineCAM/ram_reg_bram_48 |      36864 |      AUTO |             |  A:A:2048x18           |  B:B:2048x18           |
|  pifoEngines_3/enque_brain/engineCAM/ram_reg_bram_49 |      36864 |      AUTO |             |  A:A:2048x18           |  B:B:2048x18           |
|  pifoEngines_3/enque_brain/engineCAM/ram_reg_bram_50 |      36864 |      AUTO |             |  A:A:2048x18           |  B:B:2048x18           |
|  pifoEngines_3/enque_brain/engineCAM/ram_reg_bram_51 |      36864 |      AUTO |             |  A:A:2048x18           |  B:B:2048x18           |
|  pifoEngines_3/enque_brain/engineCAM/ram_reg_bram_52 |      36864 |      AUTO |             |  A:A:2048x18           |  B:B:2048x18           |
|  pifoEngines_3/enque_brain/engineCAM/ram_reg_bram_53 |      36864 |      AUTO |             |  A:A:2048x18           |  B:B:2048x18           |
|  pifoEngines_3/enque_brain/engineCAM/ram_reg_bram_54 |      36864 |      AUTO |             |  A:A:2048x18           |  B:B:2048x18           |
|  pifoEngines_3/enque_brain/engineCAM/ram_reg_bram_55 |      36864 |      AUTO |             |  A:A:2048x18           |  B:B:2048x18           |
|  pifoEngines_3/enque_brain/engineCAM/ram_reg_bram_56 |      36864 |      AUTO |             |  A:A:2048x18           |  B:B:2048x18           |
|  pifoEngines_3/enque_brain/engineCAM/ram_reg_bram_57 |      36864 |      AUTO |             |  A:A:2048x18           |  B:B:2048x18           |
|  pifoEngines_3/enque_brain/engineCAM/ram_reg_bram_58 |      36864 |      AUTO |             |  A:A:2048x18           |  B:B:2048x18           |
|  pifoEngines_3/enque_brain/engineCAM/ram_reg_bram_59 |      36864 |      AUTO |             |  A:A:2048x18           |  B:B:2048x18           |
|  pifoEngines_3/enque_brain/engineCAM/ram_reg_bram_60 |      36864 |      AUTO |             |  A:A:2048x18           |  B:B:2048x18           |
|  pifoEngines_3/enque_brain/engineCAM/ram_reg_bram_61 |      36864 |      AUTO |             |  A:A:2048x18           |  B:B:2048x18           |
|  pifoEngines_3/enque_brain/engineCAM/ram_reg_bram_62 |      36864 |      AUTO |             |  A:A:2048x18           |  B:B:2048x18           |
|  pifoEngines_3/enque_brain/engineCAM/ram_reg_bram_63 |      36864 |      AUTO |             |  A:A:2048x18           |  B:B:2048x18           |
| pifoEngines_4/enque_brain/engineCAM/ram              |    4194304 |           | RAM_SDP     | 131072x18              | 131072x18              |
|  pifoEngines_4/enque_brain/engineCAM/ram_reg_bram_0  |      36864 |      AUTO |             |  A:A:2048x18           |  B:B:2048x18           |
|  pifoEngines_4/enque_brain/engineCAM/ram_reg_bram_1  |      36864 |      AUTO |             |  A:A:2048x18           |  B:B:2048x18           |
|  pifoEngines_4/enque_brain/engineCAM/ram_reg_bram_2  |      36864 |      AUTO |             |  A:A:2048x18           |  B:B:2048x18           |
|  pifoEngines_4/enque_brain/engineCAM/ram_reg_bram_3  |      36864 |      AUTO |             |  A:A:2048x18           |  B:B:2048x18           |
|  pifoEngines_4/enque_brain/engineCAM/ram_reg_bram_4  |      36864 |      AUTO |             |  A:A:2048x18           |  B:B:2048x18           |
|  pifoEngines_4/enque_brain/engineCAM/ram_reg_bram_5  |      36864 |      AUTO |             |  A:A:2048x18           |  B:B:2048x18           |
|  pifoEngines_4/enque_brain/engineCAM/ram_reg_bram_6  |      36864 |      AUTO |             |  A:A:2048x18           |  B:B:2048x18           |
|  pifoEngines_4/enque_brain/engineCAM/ram_reg_bram_7  |      36864 |      AUTO |             |  A:A:2048x18           |  B:B:2048x18           |
|  pifoEngines_4/enque_brain/engineCAM/ram_reg_bram_8  |      36864 |      AUTO |             |  A:A:2048x18           |  B:B:2048x18           |
|  pifoEngines_4/enque_brain/engineCAM/ram_reg_bram_9  |      36864 |      AUTO |             |  A:A:2048x18           |  B:B:2048x18           |
|  pifoEngines_4/enque_brain/engineCAM/ram_reg_bram_10 |      36864 |      AUTO |             |  A:A:2048x18           |  B:B:2048x18           |
|  pifoEngines_4/enque_brain/engineCAM/ram_reg_bram_11 |      36864 |      AUTO |             |  A:A:2048x18           |  B:B:2048x18           |
|  pifoEngines_4/enque_brain/engineCAM/ram_reg_bram_12 |      36864 |      AUTO |             |  A:A:2048x18           |  B:B:2048x18           |
|  pifoEngines_4/enque_brain/engineCAM/ram_reg_bram_13 |      36864 |      AUTO |             |  A:A:2048x18           |  B:B:2048x18           |
|  pifoEngines_4/enque_brain/engineCAM/ram_reg_bram_14 |      36864 |      AUTO |             |  A:A:2048x18           |  B:B:2048x18           |
|  pifoEngines_4/enque_brain/engineCAM/ram_reg_bram_15 |      36864 |      AUTO |             |  A:A:2048x18           |  B:B:2048x18           |
|  pifoEngines_4/enque_brain/engineCAM/ram_reg_bram_16 |      36864 |      AUTO |             |  A:A:2048x18           |  B:B:2048x18           |
|  pifoEngines_4/enque_brain/engineCAM/ram_reg_bram_17 |      36864 |      AUTO |             |  A:A:2048x18           |  B:B:2048x18           |
|  pifoEngines_4/enque_brain/engineCAM/ram_reg_bram_18 |      36864 |      AUTO |             |  A:A:2048x18           |  B:B:2048x18           |
|  pifoEngines_4/enque_brain/engineCAM/ram_reg_bram_19 |      36864 |      AUTO |             |  A:A:2048x18           |  B:B:2048x18           |
|  pifoEngines_4/enque_brain/engineCAM/ram_reg_bram_20 |      36864 |      AUTO |             |  A:A:2048x18           |  B:B:2048x18           |
|  pifoEngines_4/enque_brain/engineCAM/ram_reg_bram_21 |      36864 |      AUTO |             |  A:A:2048x18           |  B:B:2048x18           |
|  pifoEngines_4/enque_brain/engineCAM/ram_reg_bram_22 |      36864 |      AUTO |             |  A:A:2048x18           |  B:B:2048x18           |
|  pifoEngines_4/enque_brain/engineCAM/ram_reg_bram_23 |      36864 |      AUTO |             |  A:A:2048x18           |  B:B:2048x18           |
|  pifoEngines_4/enque_brain/engineCAM/ram_reg_bram_24 |      36864 |      AUTO |             |  A:A:2048x18           |  B:B:2048x18           |
|  pifoEngines_4/enque_brain/engineCAM/ram_reg_bram_25 |      36864 |      AUTO |             |  A:A:2048x18           |  B:B:2048x18           |
|  pifoEngines_4/enque_brain/engineCAM/ram_reg_bram_26 |      36864 |      AUTO |             |  A:A:2048x18           |  B:B:2048x18           |
|  pifoEngines_4/enque_brain/engineCAM/ram_reg_bram_27 |      36864 |      AUTO |             |  A:A:2048x18           |  B:B:2048x18           |
|  pifoEngines_4/enque_brain/engineCAM/ram_reg_bram_28 |      36864 |      AUTO |             |  A:A:2048x18           |  B:B:2048x18           |
|  pifoEngines_4/enque_brain/engineCAM/ram_reg_bram_29 |      36864 |      AUTO |             |  A:A:2048x18           |  B:B:2048x18           |
|  pifoEngines_4/enque_brain/engineCAM/ram_reg_bram_30 |      36864 |      AUTO |             |  A:A:2048x18           |  B:B:2048x18           |
|  pifoEngines_4/enque_brain/engineCAM/ram_reg_bram_31 |      36864 |      AUTO |             |  A:A:2048x18           |  B:B:2048x18           |
|  pifoEngines_4/enque_brain/engineCAM/ram_reg_bram_32 |      36864 |      AUTO |             |  A:A:2048x18           |  B:B:2048x18           |
|  pifoEngines_4/enque_brain/engineCAM/ram_reg_bram_33 |      36864 |      AUTO |             |  A:A:2048x18           |  B:B:2048x18           |
|  pifoEngines_4/enque_brain/engineCAM/ram_reg_bram_34 |      36864 |      AUTO |             |  A:A:2048x18           |  B:B:2048x18           |
|  pifoEngines_4/enque_brain/engineCAM/ram_reg_bram_35 |      36864 |      AUTO |             |  A:A:2048x18           |  B:B:2048x18           |
|  pifoEngines_4/enque_brain/engineCAM/ram_reg_bram_36 |      36864 |      AUTO |             |  A:A:2048x18           |  B:B:2048x18           |
|  pifoEngines_4/enque_brain/engineCAM/ram_reg_bram_37 |      36864 |      AUTO |             |  A:A:2048x18           |  B:B:2048x18           |
|  pifoEngines_4/enque_brain/engineCAM/ram_reg_bram_38 |      36864 |      AUTO |             |  A:A:2048x18           |  B:B:2048x18           |
|  pifoEngines_4/enque_brain/engineCAM/ram_reg_bram_39 |      36864 |      AUTO |             |  A:A:2048x18           |  B:B:2048x18           |
|  pifoEngines_4/enque_brain/engineCAM/ram_reg_bram_40 |      36864 |      AUTO |             |  A:A:2048x18           |  B:B:2048x18           |
|  pifoEngines_4/enque_brain/engineCAM/ram_reg_bram_41 |      36864 |      AUTO |             |  A:A:2048x18           |  B:B:2048x18           |
|  pifoEngines_4/enque_brain/engineCAM/ram_reg_bram_42 |      36864 |      AUTO |             |  A:A:2048x18           |  B:B:2048x18           |
|  pifoEngines_4/enque_brain/engineCAM/ram_reg_bram_43 |      36864 |      AUTO |             |  A:A:2048x18           |  B:B:2048x18           |
|  pifoEngines_4/enque_brain/engineCAM/ram_reg_bram_44 |      36864 |      AUTO |             |  A:A:2048x18           |  B:B:2048x18           |
|  pifoEngines_4/enque_brain/engineCAM/ram_reg_bram_45 |      36864 |      AUTO |             |  A:A:2048x18           |  B:B:2048x18           |
|  pifoEngines_4/enque_brain/engineCAM/ram_reg_bram_46 |      36864 |      AUTO |             |  A:A:2048x18           |  B:B:2048x18           |
|  pifoEngines_4/enque_brain/engineCAM/ram_reg_bram_47 |      36864 |      AUTO |             |  A:A:2048x18           |  B:B:2048x18           |
|  pifoEngines_4/enque_brain/engineCAM/ram_reg_bram_48 |      36864 |      AUTO |             |  A:A:2048x18           |  B:B:2048x18           |
|  pifoEngines_4/enque_brain/engineCAM/ram_reg_bram_49 |      36864 |      AUTO |             |  A:A:2048x18           |  B:B:2048x18           |
|  pifoEngines_4/enque_brain/engineCAM/ram_reg_bram_50 |      36864 |      AUTO |             |  A:A:2048x18           |  B:B:2048x18           |
|  pifoEngines_4/enque_brain/engineCAM/ram_reg_bram_51 |      36864 |      AUTO |             |  A:A:2048x18           |  B:B:2048x18           |
|  pifoEngines_4/enque_brain/engineCAM/ram_reg_bram_52 |      36864 |      AUTO |             |  A:A:2048x18           |  B:B:2048x18           |
|  pifoEngines_4/enque_brain/engineCAM/ram_reg_bram_53 |      36864 |      AUTO |             |  A:A:2048x18           |  B:B:2048x18           |
|  pifoEngines_4/enque_brain/engineCAM/ram_reg_bram_54 |      36864 |      AUTO |             |  A:A:2048x18           |  B:B:2048x18           |
|  pifoEngines_4/enque_brain/engineCAM/ram_reg_bram_55 |      36864 |      AUTO |             |  A:A:2048x18           |  B:B:2048x18           |
|  pifoEngines_4/enque_brain/engineCAM/ram_reg_bram_56 |      36864 |      AUTO |             |  A:A:2048x18           |  B:B:2048x18           |
|  pifoEngines_4/enque_brain/engineCAM/ram_reg_bram_57 |      36864 |      AUTO |             |  A:A:2048x18           |  B:B:2048x18           |
|  pifoEngines_4/enque_brain/engineCAM/ram_reg_bram_58 |      36864 |      AUTO |             |  A:A:2048x18           |  B:B:2048x18           |
|  pifoEngines_4/enque_brain/engineCAM/ram_reg_bram_59 |      36864 |      AUTO |             |  A:A:2048x18           |  B:B:2048x18           |
|  pifoEngines_4/enque_brain/engineCAM/ram_reg_bram_60 |      36864 |      AUTO |             |  A:A:2048x18           |  B:B:2048x18           |
|  pifoEngines_4/enque_brain/engineCAM/ram_reg_bram_61 |      36864 |      AUTO |             |  A:A:2048x18           |  B:B:2048x18           |
|  pifoEngines_4/enque_brain/engineCAM/ram_reg_bram_62 |      36864 |      AUTO |             |  A:A:2048x18           |  B:B:2048x18           |
|  pifoEngines_4/enque_brain/engineCAM/ram_reg_bram_63 |      36864 |      AUTO |             |  A:A:2048x18           |  B:B:2048x18           |
| pifoEngines_0/deque_dequeMapper/ram                  |    1310720 |           | RAM_SDP     | 131072x10              | 131072x10              |
|  pifoEngines_0/deque_dequeMapper/ram_reg_bram_0      |      36864 |      AUTO |             |  A:A:4096x9            |  B:B:4096x9            |
|  pifoEngines_0/deque_dequeMapper/ram_reg_bram_1      |      36864 |      AUTO |             |  A:A:4096x9            |  B:B:4096x9            |
|  pifoEngines_0/deque_dequeMapper/ram_reg_bram_2      |      36864 |      AUTO |             |  A:A:4096x9            |  B:B:4096x9            |
|  pifoEngines_0/deque_dequeMapper/ram_reg_bram_3      |      36864 |      AUTO |             |  A:A:4096x9            |  B:B:4096x9            |
|  pifoEngines_0/deque_dequeMapper/ram_reg_bram_4      |      36864 |      AUTO |             |  A:A:4096x9            |  B:B:4096x9            |
|  pifoEngines_0/deque_dequeMapper/ram_reg_bram_5      |      36864 |      AUTO |             |  A:A:4096x9            |  B:B:4096x9            |
|  pifoEngines_0/deque_dequeMapper/ram_reg_bram_6      |      36864 |      AUTO |             |  A:A:4096x9            |  B:B:4096x9            |
|  pifoEngines_0/deque_dequeMapper/ram_reg_bram_7      |      36864 |      AUTO |             |  A:A:4096x9            |  B:B:4096x9            |
|  pifoEngines_0/deque_dequeMapper/ram_reg_bram_8      |      36864 |      AUTO |             |  A:A:4096x9            |  B:B:4096x9            |
|  pifoEngines_0/deque_dequeMapper/ram_reg_bram_9      |      36864 |      AUTO |             |  A:A:4096x9            |  B:B:4096x9            |
|  pifoEngines_0/deque_dequeMapper/ram_reg_bram_10     |      36864 |      AUTO |             |  A:A:4096x9            |  B:B:4096x9            |
|  pifoEngines_0/deque_dequeMapper/ram_reg_bram_11     |      36864 |      AUTO |             |  A:A:4096x9            |  B:B:4096x9            |
|  pifoEngines_0/deque_dequeMapper/ram_reg_bram_12     |      36864 |      AUTO |             |  A:A:4096x9            |  B:B:4096x9            |
|  pifoEngines_0/deque_dequeMapper/ram_reg_bram_13     |      36864 |      AUTO |             |  A:A:4096x9            |  B:B:4096x9            |
|  pifoEngines_0/deque_dequeMapper/ram_reg_bram_14     |      36864 |      AUTO |             |  A:A:4096x9            |  B:B:4096x9            |
|  pifoEngines_0/deque_dequeMapper/ram_reg_bram_15     |      36864 |      AUTO |             |  A:A:4096x9            |  B:B:4096x9            |
|  pifoEngines_0/deque_dequeMapper/ram_reg_bram_16     |      36864 |      AUTO |             |  A:A:4096x9            |  B:B:4096x9            |
|  pifoEngines_0/deque_dequeMapper/ram_reg_bram_17     |      36864 |      AUTO |             |  A:A:4096x9            |  B:B:4096x9            |
|  pifoEngines_0/deque_dequeMapper/ram_reg_bram_18     |      36864 |      AUTO |             |  A:A:4096x9            |  B:B:4096x9            |
|  pifoEngines_0/deque_dequeMapper/ram_reg_bram_19     |      36864 |      AUTO |             |  A:A:4096x9            |  B:B:4096x9            |
|  pifoEngines_0/deque_dequeMapper/ram_reg_bram_20     |      36864 |      AUTO |             |  A:A:4096x9            |  B:B:4096x9            |
|  pifoEngines_0/deque_dequeMapper/ram_reg_bram_21     |      36864 |      AUTO |             |  A:A:4096x9            |  B:B:4096x9            |
|  pifoEngines_0/deque_dequeMapper/ram_reg_bram_22     |      36864 |      AUTO |             |  A:A:4096x9            |  B:B:4096x9            |
|  pifoEngines_0/deque_dequeMapper/ram_reg_bram_23     |      36864 |      AUTO |             |  A:A:4096x9            |  B:B:4096x9            |
|  pifoEngines_0/deque_dequeMapper/ram_reg_bram_24     |      36864 |      AUTO |             |  A:A:4096x9            |  B:B:4096x9            |
|  pifoEngines_0/deque_dequeMapper/ram_reg_bram_25     |      36864 |      AUTO |             |  A:A:4096x9            |  B:B:4096x9            |
|  pifoEngines_0/deque_dequeMapper/ram_reg_bram_26     |      36864 |      AUTO |             |  A:A:4096x9            |  B:B:4096x9            |
|  pifoEngines_0/deque_dequeMapper/ram_reg_bram_27     |      36864 |      AUTO |             |  A:A:4096x9            |  B:B:4096x9            |
|  pifoEngines_0/deque_dequeMapper/ram_reg_bram_28     |      36864 |      AUTO |             |  A:A:4096x9            |  B:B:4096x9            |
|  pifoEngines_0/deque_dequeMapper/ram_reg_bram_29     |      36864 |      AUTO |             |  A:A:4096x9            |  B:B:4096x9            |
|  pifoEngines_0/deque_dequeMapper/ram_reg_bram_30     |      36864 |      AUTO |             |  A:A:4096x9            |  B:B:4096x9            |
|  pifoEngines_0/deque_dequeMapper/ram_reg_bram_31     |      36864 |      AUTO |             |  A:A:4096x9            |  B:B:4096x9            |
|  pifoEngines_0/deque_dequeMapper/ram_reg_bram_32     |      32768 |      AUTO |             |  A:A:32768x1           |  B:B:32768x1           |
|  pifoEngines_0/deque_dequeMapper/ram_reg_bram_33     |      32768 |      AUTO |             |  A:A:32768x1           |  B:B:32768x1           |
|  pifoEngines_0/deque_dequeMapper/ram_reg_bram_34     |      32768 |      AUTO |             |  A:A:32768x1           |  B:B:32768x1           |
|  pifoEngines_0/deque_dequeMapper/ram_reg_bram_35     |      32768 |      AUTO |             |  A:A:32768x1           |  B:B:32768x1           |
| pifoEngines_1/deque_dequeMapper/ram                  |    1310720 |           | RAM_SDP     | 131072x10              | 131072x10              |
|  pifoEngines_1/deque_dequeMapper/ram_reg_bram_0      |      36864 |      AUTO |             |  A:A:4096x9            |  B:B:4096x9            |
|  pifoEngines_1/deque_dequeMapper/ram_reg_bram_1      |      36864 |      AUTO |             |  A:A:4096x9            |  B:B:4096x9            |
|  pifoEngines_1/deque_dequeMapper/ram_reg_bram_2      |      36864 |      AUTO |             |  A:A:4096x9            |  B:B:4096x9            |
|  pifoEngines_1/deque_dequeMapper/ram_reg_bram_3      |      36864 |      AUTO |             |  A:A:4096x9            |  B:B:4096x9            |
|  pifoEngines_1/deque_dequeMapper/ram_reg_bram_4      |      36864 |      AUTO |             |  A:A:4096x9            |  B:B:4096x9            |
|  pifoEngines_1/deque_dequeMapper/ram_reg_bram_5      |      36864 |      AUTO |             |  A:A:4096x9            |  B:B:4096x9            |
|  pifoEngines_1/deque_dequeMapper/ram_reg_bram_6      |      36864 |      AUTO |             |  A:A:4096x9            |  B:B:4096x9            |
|  pifoEngines_1/deque_dequeMapper/ram_reg_bram_7      |      36864 |      AUTO |             |  A:A:4096x9            |  B:B:4096x9            |
|  pifoEngines_1/deque_dequeMapper/ram_reg_bram_8      |      36864 |      AUTO |             |  A:A:4096x9            |  B:B:4096x9            |
|  pifoEngines_1/deque_dequeMapper/ram_reg_bram_9      |      36864 |      AUTO |             |  A:A:4096x9            |  B:B:4096x9            |
|  pifoEngines_1/deque_dequeMapper/ram_reg_bram_10     |      36864 |      AUTO |             |  A:A:4096x9            |  B:B:4096x9            |
|  pifoEngines_1/deque_dequeMapper/ram_reg_bram_11     |      36864 |      AUTO |             |  A:A:4096x9            |  B:B:4096x9            |
|  pifoEngines_1/deque_dequeMapper/ram_reg_bram_12     |      36864 |      AUTO |             |  A:A:4096x9            |  B:B:4096x9            |
|  pifoEngines_1/deque_dequeMapper/ram_reg_bram_13     |      36864 |      AUTO |             |  A:A:4096x9            |  B:B:4096x9            |
|  pifoEngines_1/deque_dequeMapper/ram_reg_bram_14     |      36864 |      AUTO |             |  A:A:4096x9            |  B:B:4096x9            |
|  pifoEngines_1/deque_dequeMapper/ram_reg_bram_15     |      36864 |      AUTO |             |  A:A:4096x9            |  B:B:4096x9            |
|  pifoEngines_1/deque_dequeMapper/ram_reg_bram_16     |      36864 |      AUTO |             |  A:A:4096x9            |  B:B:4096x9            |
|  pifoEngines_1/deque_dequeMapper/ram_reg_bram_17     |      36864 |      AUTO |             |  A:A:4096x9            |  B:B:4096x9            |
|  pifoEngines_1/deque_dequeMapper/ram_reg_bram_18     |      36864 |      AUTO |             |  A:A:4096x9            |  B:B:4096x9            |
|  pifoEngines_1/deque_dequeMapper/ram_reg_bram_19     |      36864 |      AUTO |             |  A:A:4096x9            |  B:B:4096x9            |
|  pifoEngines_1/deque_dequeMapper/ram_reg_bram_20     |      36864 |      AUTO |             |  A:A:4096x9            |  B:B:4096x9            |
|  pifoEngines_1/deque_dequeMapper/ram_reg_bram_21     |      36864 |      AUTO |             |  A:A:4096x9            |  B:B:4096x9            |
|  pifoEngines_1/deque_dequeMapper/ram_reg_bram_22     |      36864 |      AUTO |             |  A:A:4096x9            |  B:B:4096x9            |
|  pifoEngines_1/deque_dequeMapper/ram_reg_bram_23     |      36864 |      AUTO |             |  A:A:4096x9            |  B:B:4096x9            |
|  pifoEngines_1/deque_dequeMapper/ram_reg_bram_24     |      36864 |      AUTO |             |  A:A:4096x9            |  B:B:4096x9            |
|  pifoEngines_1/deque_dequeMapper/ram_reg_bram_25     |      36864 |      AUTO |             |  A:A:4096x9            |  B:B:4096x9            |
|  pifoEngines_1/deque_dequeMapper/ram_reg_bram_26     |      36864 |      AUTO |             |  A:A:4096x9            |  B:B:4096x9            |
|  pifoEngines_1/deque_dequeMapper/ram_reg_bram_27     |      36864 |      AUTO |             |  A:A:4096x9            |  B:B:4096x9            |
|  pifoEngines_1/deque_dequeMapper/ram_reg_bram_28     |      36864 |      AUTO |             |  A:A:4096x9            |  B:B:4096x9            |
|  pifoEngines_1/deque_dequeMapper/ram_reg_bram_29     |      36864 |      AUTO |             |  A:A:4096x9            |  B:B:4096x9            |
|  pifoEngines_1/deque_dequeMapper/ram_reg_bram_30     |      36864 |      AUTO |             |  A:A:4096x9            |  B:B:4096x9            |
|  pifoEngines_1/deque_dequeMapper/ram_reg_bram_31     |      36864 |      AUTO |             |  A:A:4096x9            |  B:B:4096x9            |
|  pifoEngines_1/deque_dequeMapper/ram_reg_bram_32     |      32768 |      AUTO |             |  A:A:32768x1           |  B:B:32768x1           |
|  pifoEngines_1/deque_dequeMapper/ram_reg_bram_33     |      32768 |      AUTO |             |  A:A:32768x1           |  B:B:32768x1           |
|  pifoEngines_1/deque_dequeMapper/ram_reg_bram_34     |      32768 |      AUTO |             |  A:A:32768x1           |  B:B:32768x1           |
|  pifoEngines_1/deque_dequeMapper/ram_reg_bram_35     |      32768 |      AUTO |             |  A:A:32768x1           |  B:B:32768x1           |
| pifoEngines_2/deque_dequeMapper/ram                  |    1310720 |           | RAM_SDP     | 131072x10              | 131072x10              |
|  pifoEngines_2/deque_dequeMapper/ram_reg_bram_0      |      36864 |      AUTO |             |  A:A:4096x9            |  B:B:4096x9            |
|  pifoEngines_2/deque_dequeMapper/ram_reg_bram_1      |      36864 |      AUTO |             |  A:A:4096x9            |  B:B:4096x9            |
|  pifoEngines_2/deque_dequeMapper/ram_reg_bram_2      |      36864 |      AUTO |             |  A:A:4096x9            |  B:B:4096x9            |
|  pifoEngines_2/deque_dequeMapper/ram_reg_bram_3      |      36864 |      AUTO |             |  A:A:4096x9            |  B:B:4096x9            |
|  pifoEngines_2/deque_dequeMapper/ram_reg_bram_4      |      36864 |      AUTO |             |  A:A:4096x9            |  B:B:4096x9            |
|  pifoEngines_2/deque_dequeMapper/ram_reg_bram_5      |      36864 |      AUTO |             |  A:A:4096x9            |  B:B:4096x9            |
|  pifoEngines_2/deque_dequeMapper/ram_reg_bram_6      |      36864 |      AUTO |             |  A:A:4096x9            |  B:B:4096x9            |
|  pifoEngines_2/deque_dequeMapper/ram_reg_bram_7      |      36864 |      AUTO |             |  A:A:4096x9            |  B:B:4096x9            |
|  pifoEngines_2/deque_dequeMapper/ram_reg_bram_8      |      36864 |      AUTO |             |  A:A:4096x9            |  B:B:4096x9            |
|  pifoEngines_2/deque_dequeMapper/ram_reg_bram_9      |      36864 |      AUTO |             |  A:A:4096x9            |  B:B:4096x9            |
|  pifoEngines_2/deque_dequeMapper/ram_reg_bram_10     |      36864 |      AUTO |             |  A:A:4096x9            |  B:B:4096x9            |
|  pifoEngines_2/deque_dequeMapper/ram_reg_bram_11     |      36864 |      AUTO |             |  A:A:4096x9            |  B:B:4096x9            |
|  pifoEngines_2/deque_dequeMapper/ram_reg_bram_12     |      36864 |      AUTO |             |  A:A:4096x9            |  B:B:4096x9            |
|  pifoEngines_2/deque_dequeMapper/ram_reg_bram_13     |      36864 |      AUTO |             |  A:A:4096x9            |  B:B:4096x9            |
|  pifoEngines_2/deque_dequeMapper/ram_reg_bram_14     |      36864 |      AUTO |             |  A:A:4096x9            |  B:B:4096x9            |
|  pifoEngines_2/deque_dequeMapper/ram_reg_bram_15     |      36864 |      AUTO |             |  A:A:4096x9            |  B:B:4096x9            |
|  pifoEngines_2/deque_dequeMapper/ram_reg_bram_16     |      36864 |      AUTO |             |  A:A:4096x9            |  B:B:4096x9            |
|  pifoEngines_2/deque_dequeMapper/ram_reg_bram_17     |      36864 |      AUTO |             |  A:A:4096x9            |  B:B:4096x9            |
|  pifoEngines_2/deque_dequeMapper/ram_reg_bram_18     |      36864 |      AUTO |             |  A:A:4096x9            |  B:B:4096x9            |
|  pifoEngines_2/deque_dequeMapper/ram_reg_bram_19     |      36864 |      AUTO |             |  A:A:4096x9            |  B:B:4096x9            |
|  pifoEngines_2/deque_dequeMapper/ram_reg_bram_20     |      36864 |      AUTO |             |  A:A:4096x9            |  B:B:4096x9            |
|  pifoEngines_2/deque_dequeMapper/ram_reg_bram_21     |      36864 |      AUTO |             |  A:A:4096x9            |  B:B:4096x9            |
|  pifoEngines_2/deque_dequeMapper/ram_reg_bram_22     |      36864 |      AUTO |             |  A:A:4096x9            |  B:B:4096x9            |
|  pifoEngines_2/deque_dequeMapper/ram_reg_bram_23     |      36864 |      AUTO |             |  A:A:4096x9            |  B:B:4096x9            |
|  pifoEngines_2/deque_dequeMapper/ram_reg_bram_24     |      36864 |      AUTO |             |  A:A:4096x9            |  B:B:4096x9            |
|  pifoEngines_2/deque_dequeMapper/ram_reg_bram_25     |      36864 |      AUTO |             |  A:A:4096x9            |  B:B:4096x9            |
|  pifoEngines_2/deque_dequeMapper/ram_reg_bram_26     |      36864 |      AUTO |             |  A:A:4096x9            |  B:B:4096x9            |
|  pifoEngines_2/deque_dequeMapper/ram_reg_bram_27     |      36864 |      AUTO |             |  A:A:4096x9            |  B:B:4096x9            |
|  pifoEngines_2/deque_dequeMapper/ram_reg_bram_28     |      36864 |      AUTO |             |  A:A:4096x9            |  B:B:4096x9            |
|  pifoEngines_2/deque_dequeMapper/ram_reg_bram_29     |      36864 |      AUTO |             |  A:A:4096x9            |  B:B:4096x9            |
|  pifoEngines_2/deque_dequeMapper/ram_reg_bram_30     |      36864 |      AUTO |             |  A:A:4096x9            |  B:B:4096x9            |
|  pifoEngines_2/deque_dequeMapper/ram_reg_bram_31     |      36864 |      AUTO |             |  A:A:4096x9            |  B:B:4096x9            |
|  pifoEngines_2/deque_dequeMapper/ram_reg_bram_32     |      32768 |      AUTO |             |  A:A:32768x1           |  B:B:32768x1           |
|  pifoEngines_2/deque_dequeMapper/ram_reg_bram_33     |      32768 |      AUTO |             |  A:A:32768x1           |  B:B:32768x1           |
|  pifoEngines_2/deque_dequeMapper/ram_reg_bram_34     |      32768 |      AUTO |             |  A:A:32768x1           |  B:B:32768x1           |
|  pifoEngines_2/deque_dequeMapper/ram_reg_bram_35     |      32768 |      AUTO |             |  A:A:32768x1           |  B:B:32768x1           |
| pifoEngines_3/deque_dequeMapper/ram                  |    1310720 |           | RAM_SDP     | 131072x10              | 131072x10              |
|  pifoEngines_3/deque_dequeMapper/ram_reg_bram_0      |      36864 |      AUTO |             |  A:A:4096x9            |  B:B:4096x9            |
|  pifoEngines_3/deque_dequeMapper/ram_reg_bram_1      |      36864 |      AUTO |             |  A:A:4096x9            |  B:B:4096x9            |
|  pifoEngines_3/deque_dequeMapper/ram_reg_bram_2      |      36864 |      AUTO |             |  A:A:4096x9            |  B:B:4096x9            |
|  pifoEngines_3/deque_dequeMapper/ram_reg_bram_3      |      36864 |      AUTO |             |  A:A:4096x9            |  B:B:4096x9            |
|  pifoEngines_3/deque_dequeMapper/ram_reg_bram_4      |      36864 |      AUTO |             |  A:A:4096x9            |  B:B:4096x9            |
|  pifoEngines_3/deque_dequeMapper/ram_reg_bram_5      |      36864 |      AUTO |             |  A:A:4096x9            |  B:B:4096x9            |
|  pifoEngines_3/deque_dequeMapper/ram_reg_bram_6      |      36864 |      AUTO |             |  A:A:4096x9            |  B:B:4096x9            |
|  pifoEngines_3/deque_dequeMapper/ram_reg_bram_7      |      36864 |      AUTO |             |  A:A:4096x9            |  B:B:4096x9            |
|  pifoEngines_3/deque_dequeMapper/ram_reg_bram_8      |      36864 |      AUTO |             |  A:A:4096x9            |  B:B:4096x9            |
|  pifoEngines_3/deque_dequeMapper/ram_reg_bram_9      |      36864 |      AUTO |             |  A:A:4096x9            |  B:B:4096x9            |
|  pifoEngines_3/deque_dequeMapper/ram_reg_bram_10     |      36864 |      AUTO |             |  A:A:4096x9            |  B:B:4096x9            |
|  pifoEngines_3/deque_dequeMapper/ram_reg_bram_11     |      36864 |      AUTO |             |  A:A:4096x9            |  B:B:4096x9            |
|  pifoEngines_3/deque_dequeMapper/ram_reg_bram_12     |      36864 |      AUTO |             |  A:A:4096x9            |  B:B:4096x9            |
|  pifoEngines_3/deque_dequeMapper/ram_reg_bram_13     |      36864 |      AUTO |             |  A:A:4096x9            |  B:B:4096x9            |
|  pifoEngines_3/deque_dequeMapper/ram_reg_bram_14     |      36864 |      AUTO |             |  A:A:4096x9            |  B:B:4096x9            |
|  pifoEngines_3/deque_dequeMapper/ram_reg_bram_15     |      36864 |      AUTO |             |  A:A:4096x9            |  B:B:4096x9            |
|  pifoEngines_3/deque_dequeMapper/ram_reg_bram_16     |      36864 |      AUTO |             |  A:A:4096x9            |  B:B:4096x9            |
|  pifoEngines_3/deque_dequeMapper/ram_reg_bram_17     |      36864 |      AUTO |             |  A:A:4096x9            |  B:B:4096x9            |
|  pifoEngines_3/deque_dequeMapper/ram_reg_bram_18     |      36864 |      AUTO |             |  A:A:4096x9            |  B:B:4096x9            |
|  pifoEngines_3/deque_dequeMapper/ram_reg_bram_19     |      36864 |      AUTO |             |  A:A:4096x9            |  B:B:4096x9            |
|  pifoEngines_3/deque_dequeMapper/ram_reg_bram_20     |      36864 |      AUTO |             |  A:A:4096x9            |  B:B:4096x9            |
|  pifoEngines_3/deque_dequeMapper/ram_reg_bram_21     |      36864 |      AUTO |             |  A:A:4096x9            |  B:B:4096x9            |
|  pifoEngines_3/deque_dequeMapper/ram_reg_bram_22     |      36864 |      AUTO |             |  A:A:4096x9            |  B:B:4096x9            |
|  pifoEngines_3/deque_dequeMapper/ram_reg_bram_23     |      36864 |      AUTO |             |  A:A:4096x9            |  B:B:4096x9            |
|  pifoEngines_3/deque_dequeMapper/ram_reg_bram_24     |      36864 |      AUTO |             |  A:A:4096x9            |  B:B:4096x9            |
|  pifoEngines_3/deque_dequeMapper/ram_reg_bram_25     |      36864 |      AUTO |             |  A:A:4096x9            |  B:B:4096x9            |
|  pifoEngines_3/deque_dequeMapper/ram_reg_bram_26     |      36864 |      AUTO |             |  A:A:4096x9            |  B:B:4096x9            |
|  pifoEngines_3/deque_dequeMapper/ram_reg_bram_27     |      36864 |      AUTO |             |  A:A:4096x9            |  B:B:4096x9            |
|  pifoEngines_3/deque_dequeMapper/ram_reg_bram_28     |      36864 |      AUTO |             |  A:A:4096x9            |  B:B:4096x9            |
|  pifoEngines_3/deque_dequeMapper/ram_reg_bram_29     |      36864 |      AUTO |             |  A:A:4096x9            |  B:B:4096x9            |
|  pifoEngines_3/deque_dequeMapper/ram_reg_bram_30     |      36864 |      AUTO |             |  A:A:4096x9            |  B:B:4096x9            |
|  pifoEngines_3/deque_dequeMapper/ram_reg_bram_31     |      36864 |      AUTO |             |  A:A:4096x9            |  B:B:4096x9            |
|  pifoEngines_3/deque_dequeMapper/ram_reg_bram_32     |      32768 |      AUTO |             |  A:A:32768x1           |  B:B:32768x1           |
|  pifoEngines_3/deque_dequeMapper/ram_reg_bram_33     |      32768 |      AUTO |             |  A:A:32768x1           |  B:B:32768x1           |
|  pifoEngines_3/deque_dequeMapper/ram_reg_bram_34     |      32768 |      AUTO |             |  A:A:32768x1           |  B:B:32768x1           |
|  pifoEngines_3/deque_dequeMapper/ram_reg_bram_35     |      32768 |      AUTO |             |  A:A:32768x1           |  B:B:32768x1           |
| pifoEngines_4/deque_dequeMapper/ram                  |    1310720 |           | RAM_SDP     | 131072x10              | 131072x10              |
|  pifoEngines_4/deque_dequeMapper/ram_reg_bram_0      |      36864 |      AUTO |             |  A:A:4096x9            |  B:B:4096x9            |
|  pifoEngines_4/deque_dequeMapper/ram_reg_bram_1      |      36864 |      AUTO |             |  A:A:4096x9            |  B:B:4096x9            |
|  pifoEngines_4/deque_dequeMapper/ram_reg_bram_2      |      36864 |      AUTO |             |  A:A:4096x9            |  B:B:4096x9            |
|  pifoEngines_4/deque_dequeMapper/ram_reg_bram_3      |      36864 |      AUTO |             |  A:A:4096x9            |  B:B:4096x9            |
|  pifoEngines_4/deque_dequeMapper/ram_reg_bram_4      |      36864 |      AUTO |             |  A:A:4096x9            |  B:B:4096x9            |
|  pifoEngines_4/deque_dequeMapper/ram_reg_bram_5      |      36864 |      AUTO |             |  A:A:4096x9            |  B:B:4096x9            |
|  pifoEngines_4/deque_dequeMapper/ram_reg_bram_6      |      36864 |      AUTO |             |  A:A:4096x9            |  B:B:4096x9            |
|  pifoEngines_4/deque_dequeMapper/ram_reg_bram_7      |      36864 |      AUTO |             |  A:A:4096x9            |  B:B:4096x9            |
|  pifoEngines_4/deque_dequeMapper/ram_reg_bram_8      |      36864 |      AUTO |             |  A:A:4096x9            |  B:B:4096x9            |
|  pifoEngines_4/deque_dequeMapper/ram_reg_bram_9      |      36864 |      AUTO |             |  A:A:4096x9            |  B:B:4096x9            |
|  pifoEngines_4/deque_dequeMapper/ram_reg_bram_10     |      36864 |      AUTO |             |  A:A:4096x9            |  B:B:4096x9            |
|  pifoEngines_4/deque_dequeMapper/ram_reg_bram_11     |      36864 |      AUTO |             |  A:A:4096x9            |  B:B:4096x9            |
|  pifoEngines_4/deque_dequeMapper/ram_reg_bram_12     |      36864 |      AUTO |             |  A:A:4096x9            |  B:B:4096x9            |
|  pifoEngines_4/deque_dequeMapper/ram_reg_bram_13     |      36864 |      AUTO |             |  A:A:4096x9            |  B:B:4096x9            |
|  pifoEngines_4/deque_dequeMapper/ram_reg_bram_14     |      36864 |      AUTO |             |  A:A:4096x9            |  B:B:4096x9            |
|  pifoEngines_4/deque_dequeMapper/ram_reg_bram_15     |      36864 |      AUTO |             |  A:A:4096x9            |  B:B:4096x9            |
|  pifoEngines_4/deque_dequeMapper/ram_reg_bram_16     |      36864 |      AUTO |             |  A:A:4096x9            |  B:B:4096x9            |
|  pifoEngines_4/deque_dequeMapper/ram_reg_bram_17     |      36864 |      AUTO |             |  A:A:4096x9            |  B:B:4096x9            |
|  pifoEngines_4/deque_dequeMapper/ram_reg_bram_18     |      36864 |      AUTO |             |  A:A:4096x9            |  B:B:4096x9            |
|  pifoEngines_4/deque_dequeMapper/ram_reg_bram_19     |      36864 |      AUTO |             |  A:A:4096x9            |  B:B:4096x9            |
|  pifoEngines_4/deque_dequeMapper/ram_reg_bram_20     |      36864 |      AUTO |             |  A:A:4096x9            |  B:B:4096x9            |
|  pifoEngines_4/deque_dequeMapper/ram_reg_bram_21     |      36864 |      AUTO |             |  A:A:4096x9            |  B:B:4096x9            |
|  pifoEngines_4/deque_dequeMapper/ram_reg_bram_22     |      36864 |      AUTO |             |  A:A:4096x9            |  B:B:4096x9            |
|  pifoEngines_4/deque_dequeMapper/ram_reg_bram_23     |      36864 |      AUTO |             |  A:A:4096x9            |  B:B:4096x9            |
|  pifoEngines_4/deque_dequeMapper/ram_reg_bram_24     |      36864 |      AUTO |             |  A:A:4096x9            |  B:B:4096x9            |
|  pifoEngines_4/deque_dequeMapper/ram_reg_bram_25     |      36864 |      AUTO |             |  A:A:4096x9            |  B:B:4096x9            |
|  pifoEngines_4/deque_dequeMapper/ram_reg_bram_26     |      36864 |      AUTO |             |  A:A:4096x9            |  B:B:4096x9            |
|  pifoEngines_4/deque_dequeMapper/ram_reg_bram_27     |      36864 |      AUTO |             |  A:A:4096x9            |  B:B:4096x9            |
|  pifoEngines_4/deque_dequeMapper/ram_reg_bram_28     |      36864 |      AUTO |             |  A:A:4096x9            |  B:B:4096x9            |
|  pifoEngines_4/deque_dequeMapper/ram_reg_bram_29     |      36864 |      AUTO |             |  A:A:4096x9            |  B:B:4096x9            |
|  pifoEngines_4/deque_dequeMapper/ram_reg_bram_30     |      36864 |      AUTO |             |  A:A:4096x9            |  B:B:4096x9            |
|  pifoEngines_4/deque_dequeMapper/ram_reg_bram_31     |      36864 |      AUTO |             |  A:A:4096x9            |  B:B:4096x9            |
|  pifoEngines_4/deque_dequeMapper/ram_reg_bram_32     |      32768 |      AUTO |             |  A:A:32768x1           |  B:B:32768x1           |
|  pifoEngines_4/deque_dequeMapper/ram_reg_bram_33     |      32768 |      AUTO |             |  A:A:32768x1           |  B:B:32768x1           |
|  pifoEngines_4/deque_dequeMapper/ram_reg_bram_34     |      32768 |      AUTO |             |  A:A:32768x1           |  B:B:32768x1           |
|  pifoEngines_4/deque_dequeMapper/ram_reg_bram_35     |      32768 |      AUTO |             |  A:A:32768x1           |  B:B:32768x1           |
| io_controlRequest_fifo/logic_ram                     |      14080 |           | RAM_SDP     | 512x55                 | 512x55                 |
|  io_controlRequest_fifo/logic_ram_reg                |      28160 |      AUTO |             |  B:B:256x55            |  A:A:256x55            |
+------------------------------------------------------+------------+-----------+-------------+------------------------+------------------------+


3. Memory Utilization - Inferred
--------------------------------

+------------------------------------------------------+-----------+-----------+----------------+-----------+-----------+---------+---------------+---------------+---------+---------------+---------------+---------+---------------+---------------+---------+---------------+---------------+
| Memory Name                                          | Primitive | RAM STYLE | Available Bits | Used Bits | Bit Util% | A Depth | A Depth Avail | A Depth Util% | A Width | A Width Avail | A Width Util% | B Depth | B Depth Avail | B Depth Util% | B Width | B Width Avail | B Width Util% |
+------------------------------------------------------+-----------+-----------+----------------+-----------+-----------+---------+---------------+---------------+---------+---------------+---------------+---------+---------------+---------------+---------+---------------+---------------+
| pifoEngines_0/enque_brain/engineCAM/ram              |           |           |                |           |           |         |               |               |         |               |               |         |               |               |         |               |               |
|  pifoEngines_0/enque_brain/engineCAM/ram_reg_bram_0  | RAMB36E2  |      AUTO |          36864 |     36864 |    100.00 |    2048 |          2048 |        100.00 |      18 |            18 |        100.00 |    2048 |          2048 |        100.00 |      18 |            18 |        100.00 |
|  pifoEngines_0/enque_brain/engineCAM/ram_reg_bram_1  | RAMB36E2  |      AUTO |          36864 |     36864 |    100.00 |    2048 |          2048 |        100.00 |      18 |            18 |        100.00 |    2048 |          2048 |        100.00 |      18 |            18 |        100.00 |
|  pifoEngines_0/enque_brain/engineCAM/ram_reg_bram_2  | RAMB36E2  |      AUTO |          36864 |     36864 |    100.00 |    2048 |          2048 |        100.00 |      18 |            18 |        100.00 |    2048 |          2048 |        100.00 |      18 |            18 |        100.00 |
|  pifoEngines_0/enque_brain/engineCAM/ram_reg_bram_3  | RAMB36E2  |      AUTO |          36864 |     36864 |    100.00 |    2048 |          2048 |        100.00 |      18 |            18 |        100.00 |    2048 |          2048 |        100.00 |      18 |            18 |        100.00 |
|  pifoEngines_0/enque_brain/engineCAM/ram_reg_bram_4  | RAMB36E2  |      AUTO |          36864 |     36864 |    100.00 |    2048 |          2048 |        100.00 |      18 |            18 |        100.00 |    2048 |          2048 |        100.00 |      18 |            18 |        100.00 |
|  pifoEngines_0/enque_brain/engineCAM/ram_reg_bram_5  | RAMB36E2  |      AUTO |          36864 |     36864 |    100.00 |    2048 |          2048 |        100.00 |      18 |            18 |        100.00 |    2048 |          2048 |        100.00 |      18 |            18 |        100.00 |
|  pifoEngines_0/enque_brain/engineCAM/ram_reg_bram_6  | RAMB36E2  |      AUTO |          36864 |     36864 |    100.00 |    2048 |          2048 |        100.00 |      18 |            18 |        100.00 |    2048 |          2048 |        100.00 |      18 |            18 |        100.00 |
|  pifoEngines_0/enque_brain/engineCAM/ram_reg_bram_7  | RAMB36E2  |      AUTO |          36864 |     36864 |    100.00 |    2048 |          2048 |        100.00 |      18 |            18 |        100.00 |    2048 |          2048 |        100.00 |      18 |            18 |        100.00 |
|  pifoEngines_0/enque_brain/engineCAM/ram_reg_bram_8  | RAMB36E2  |      AUTO |          36864 |     36864 |    100.00 |    2048 |          2048 |        100.00 |      18 |            18 |        100.00 |    2048 |          2048 |        100.00 |      18 |            18 |        100.00 |
|  pifoEngines_0/enque_brain/engineCAM/ram_reg_bram_9  | RAMB36E2  |      AUTO |          36864 |     36864 |    100.00 |    2048 |          2048 |        100.00 |      18 |            18 |        100.00 |    2048 |          2048 |        100.00 |      18 |            18 |        100.00 |
|  pifoEngines_0/enque_brain/engineCAM/ram_reg_bram_10 | RAMB36E2  |      AUTO |          36864 |     36864 |    100.00 |    2048 |          2048 |        100.00 |      18 |            18 |        100.00 |    2048 |          2048 |        100.00 |      18 |            18 |        100.00 |
|  pifoEngines_0/enque_brain/engineCAM/ram_reg_bram_11 | RAMB36E2  |      AUTO |          36864 |     36864 |    100.00 |    2048 |          2048 |        100.00 |      18 |            18 |        100.00 |    2048 |          2048 |        100.00 |      18 |            18 |        100.00 |
|  pifoEngines_0/enque_brain/engineCAM/ram_reg_bram_12 | RAMB36E2  |      AUTO |          36864 |     36864 |    100.00 |    2048 |          2048 |        100.00 |      18 |            18 |        100.00 |    2048 |          2048 |        100.00 |      18 |            18 |        100.00 |
|  pifoEngines_0/enque_brain/engineCAM/ram_reg_bram_13 | RAMB36E2  |      AUTO |          36864 |     36864 |    100.00 |    2048 |          2048 |        100.00 |      18 |            18 |        100.00 |    2048 |          2048 |        100.00 |      18 |            18 |        100.00 |
|  pifoEngines_0/enque_brain/engineCAM/ram_reg_bram_14 | RAMB36E2  |      AUTO |          36864 |     36864 |    100.00 |    2048 |          2048 |        100.00 |      18 |            18 |        100.00 |    2048 |          2048 |        100.00 |      18 |            18 |        100.00 |
|  pifoEngines_0/enque_brain/engineCAM/ram_reg_bram_15 | RAMB36E2  |      AUTO |          36864 |     36864 |    100.00 |    2048 |          2048 |        100.00 |      18 |            18 |        100.00 |    2048 |          2048 |        100.00 |      18 |            18 |        100.00 |
|  pifoEngines_0/enque_brain/engineCAM/ram_reg_bram_16 | RAMB36E2  |      AUTO |          36864 |     36864 |    100.00 |    2048 |          2048 |        100.00 |      18 |            18 |        100.00 |    2048 |          2048 |        100.00 |      18 |            18 |        100.00 |
|  pifoEngines_0/enque_brain/engineCAM/ram_reg_bram_17 | RAMB36E2  |      AUTO |          36864 |     36864 |    100.00 |    2048 |          2048 |        100.00 |      18 |            18 |        100.00 |    2048 |          2048 |        100.00 |      18 |            18 |        100.00 |
|  pifoEngines_0/enque_brain/engineCAM/ram_reg_bram_18 | RAMB36E2  |      AUTO |          36864 |     36864 |    100.00 |    2048 |          2048 |        100.00 |      18 |            18 |        100.00 |    2048 |          2048 |        100.00 |      18 |            18 |        100.00 |
|  pifoEngines_0/enque_brain/engineCAM/ram_reg_bram_19 | RAMB36E2  |      AUTO |          36864 |     36864 |    100.00 |    2048 |          2048 |        100.00 |      18 |            18 |        100.00 |    2048 |          2048 |        100.00 |      18 |            18 |        100.00 |
|  pifoEngines_0/enque_brain/engineCAM/ram_reg_bram_20 | RAMB36E2  |      AUTO |          36864 |     36864 |    100.00 |    2048 |          2048 |        100.00 |      18 |            18 |        100.00 |    2048 |          2048 |        100.00 |      18 |            18 |        100.00 |
|  pifoEngines_0/enque_brain/engineCAM/ram_reg_bram_21 | RAMB36E2  |      AUTO |          36864 |     36864 |    100.00 |    2048 |          2048 |        100.00 |      18 |            18 |        100.00 |    2048 |          2048 |        100.00 |      18 |            18 |        100.00 |
|  pifoEngines_0/enque_brain/engineCAM/ram_reg_bram_22 | RAMB36E2  |      AUTO |          36864 |     36864 |    100.00 |    2048 |          2048 |        100.00 |      18 |            18 |        100.00 |    2048 |          2048 |        100.00 |      18 |            18 |        100.00 |
|  pifoEngines_0/enque_brain/engineCAM/ram_reg_bram_23 | RAMB36E2  |      AUTO |          36864 |     36864 |    100.00 |    2048 |          2048 |        100.00 |      18 |            18 |        100.00 |    2048 |          2048 |        100.00 |      18 |            18 |        100.00 |
|  pifoEngines_0/enque_brain/engineCAM/ram_reg_bram_24 | RAMB36E2  |      AUTO |          36864 |     36864 |    100.00 |    2048 |          2048 |        100.00 |      18 |            18 |        100.00 |    2048 |          2048 |        100.00 |      18 |            18 |        100.00 |
|  pifoEngines_0/enque_brain/engineCAM/ram_reg_bram_25 | RAMB36E2  |      AUTO |          36864 |     36864 |    100.00 |    2048 |          2048 |        100.00 |      18 |            18 |        100.00 |    2048 |          2048 |        100.00 |      18 |            18 |        100.00 |
|  pifoEngines_0/enque_brain/engineCAM/ram_reg_bram_26 | RAMB36E2  |      AUTO |          36864 |     36864 |    100.00 |    2048 |          2048 |        100.00 |      18 |            18 |        100.00 |    2048 |          2048 |        100.00 |      18 |            18 |        100.00 |
|  pifoEngines_0/enque_brain/engineCAM/ram_reg_bram_27 | RAMB36E2  |      AUTO |          36864 |     36864 |    100.00 |    2048 |          2048 |        100.00 |      18 |            18 |        100.00 |    2048 |          2048 |        100.00 |      18 |            18 |        100.00 |
|  pifoEngines_0/enque_brain/engineCAM/ram_reg_bram_28 | RAMB36E2  |      AUTO |          36864 |     36864 |    100.00 |    2048 |          2048 |        100.00 |      18 |            18 |        100.00 |    2048 |          2048 |        100.00 |      18 |            18 |        100.00 |
|  pifoEngines_0/enque_brain/engineCAM/ram_reg_bram_29 | RAMB36E2  |      AUTO |          36864 |     36864 |    100.00 |    2048 |          2048 |        100.00 |      18 |            18 |        100.00 |    2048 |          2048 |        100.00 |      18 |            18 |        100.00 |
|  pifoEngines_0/enque_brain/engineCAM/ram_reg_bram_30 | RAMB36E2  |      AUTO |          36864 |     36864 |    100.00 |    2048 |          2048 |        100.00 |      18 |            18 |        100.00 |    2048 |          2048 |        100.00 |      18 |            18 |        100.00 |
|  pifoEngines_0/enque_brain/engineCAM/ram_reg_bram_31 | RAMB36E2  |      AUTO |          36864 |     36864 |    100.00 |    2048 |          2048 |        100.00 |      18 |            18 |        100.00 |    2048 |          2048 |        100.00 |      18 |            18 |        100.00 |
|  pifoEngines_0/enque_brain/engineCAM/ram_reg_bram_32 | RAMB36E2  |      AUTO |          36864 |     36864 |    100.00 |    2048 |          2048 |        100.00 |      18 |            18 |        100.00 |    2048 |          2048 |        100.00 |      18 |            18 |        100.00 |
|  pifoEngines_0/enque_brain/engineCAM/ram_reg_bram_33 | RAMB36E2  |      AUTO |          36864 |     36864 |    100.00 |    2048 |          2048 |        100.00 |      18 |            18 |        100.00 |    2048 |          2048 |        100.00 |      18 |            18 |        100.00 |
|  pifoEngines_0/enque_brain/engineCAM/ram_reg_bram_34 | RAMB36E2  |      AUTO |          36864 |     36864 |    100.00 |    2048 |          2048 |        100.00 |      18 |            18 |        100.00 |    2048 |          2048 |        100.00 |      18 |            18 |        100.00 |
|  pifoEngines_0/enque_brain/engineCAM/ram_reg_bram_35 | RAMB36E2  |      AUTO |          36864 |     36864 |    100.00 |    2048 |          2048 |        100.00 |      18 |            18 |        100.00 |    2048 |          2048 |        100.00 |      18 |            18 |        100.00 |
|  pifoEngines_0/enque_brain/engineCAM/ram_reg_bram_36 | RAMB36E2  |      AUTO |          36864 |     36864 |    100.00 |    2048 |          2048 |        100.00 |      18 |            18 |        100.00 |    2048 |          2048 |        100.00 |      18 |            18 |        100.00 |
|  pifoEngines_0/enque_brain/engineCAM/ram_reg_bram_37 | RAMB36E2  |      AUTO |          36864 |     36864 |    100.00 |    2048 |          2048 |        100.00 |      18 |            18 |        100.00 |    2048 |          2048 |        100.00 |      18 |            18 |        100.00 |
|  pifoEngines_0/enque_brain/engineCAM/ram_reg_bram_38 | RAMB36E2  |      AUTO |          36864 |     36864 |    100.00 |    2048 |          2048 |        100.00 |      18 |            18 |        100.00 |    2048 |          2048 |        100.00 |      18 |            18 |        100.00 |
|  pifoEngines_0/enque_brain/engineCAM/ram_reg_bram_39 | RAMB36E2  |      AUTO |          36864 |     36864 |    100.00 |    2048 |          2048 |        100.00 |      18 |            18 |        100.00 |    2048 |          2048 |        100.00 |      18 |            18 |        100.00 |
|  pifoEngines_0/enque_brain/engineCAM/ram_reg_bram_40 | RAMB36E2  |      AUTO |          36864 |     36864 |    100.00 |    2048 |          2048 |        100.00 |      18 |            18 |        100.00 |    2048 |          2048 |        100.00 |      18 |            18 |        100.00 |
|  pifoEngines_0/enque_brain/engineCAM/ram_reg_bram_41 | RAMB36E2  |      AUTO |          36864 |     36864 |    100.00 |    2048 |          2048 |        100.00 |      18 |            18 |        100.00 |    2048 |          2048 |        100.00 |      18 |            18 |        100.00 |
|  pifoEngines_0/enque_brain/engineCAM/ram_reg_bram_42 | RAMB36E2  |      AUTO |          36864 |     36864 |    100.00 |    2048 |          2048 |        100.00 |      18 |            18 |        100.00 |    2048 |          2048 |        100.00 |      18 |            18 |        100.00 |
|  pifoEngines_0/enque_brain/engineCAM/ram_reg_bram_43 | RAMB36E2  |      AUTO |          36864 |     36864 |    100.00 |    2048 |          2048 |        100.00 |      18 |            18 |        100.00 |    2048 |          2048 |        100.00 |      18 |            18 |        100.00 |
|  pifoEngines_0/enque_brain/engineCAM/ram_reg_bram_44 | RAMB36E2  |      AUTO |          36864 |     36864 |    100.00 |    2048 |          2048 |        100.00 |      18 |            18 |        100.00 |    2048 |          2048 |        100.00 |      18 |            18 |        100.00 |
|  pifoEngines_0/enque_brain/engineCAM/ram_reg_bram_45 | RAMB36E2  |      AUTO |          36864 |     36864 |    100.00 |    2048 |          2048 |        100.00 |      18 |            18 |        100.00 |    2048 |          2048 |        100.00 |      18 |            18 |        100.00 |
|  pifoEngines_0/enque_brain/engineCAM/ram_reg_bram_46 | RAMB36E2  |      AUTO |          36864 |     36864 |    100.00 |    2048 |          2048 |        100.00 |      18 |            18 |        100.00 |    2048 |          2048 |        100.00 |      18 |            18 |        100.00 |
|  pifoEngines_0/enque_brain/engineCAM/ram_reg_bram_47 | RAMB36E2  |      AUTO |          36864 |     36864 |    100.00 |    2048 |          2048 |        100.00 |      18 |            18 |        100.00 |    2048 |          2048 |        100.00 |      18 |            18 |        100.00 |
|  pifoEngines_0/enque_brain/engineCAM/ram_reg_bram_48 | RAMB36E2  |      AUTO |          36864 |     36864 |    100.00 |    2048 |          2048 |        100.00 |      18 |            18 |        100.00 |    2048 |          2048 |        100.00 |      18 |            18 |        100.00 |
|  pifoEngines_0/enque_brain/engineCAM/ram_reg_bram_49 | RAMB36E2  |      AUTO |          36864 |     36864 |    100.00 |    2048 |          2048 |        100.00 |      18 |            18 |        100.00 |    2048 |          2048 |        100.00 |      18 |            18 |        100.00 |
|  pifoEngines_0/enque_brain/engineCAM/ram_reg_bram_50 | RAMB36E2  |      AUTO |          36864 |     36864 |    100.00 |    2048 |          2048 |        100.00 |      18 |            18 |        100.00 |    2048 |          2048 |        100.00 |      18 |            18 |        100.00 |
|  pifoEngines_0/enque_brain/engineCAM/ram_reg_bram_51 | RAMB36E2  |      AUTO |          36864 |     36864 |    100.00 |    2048 |          2048 |        100.00 |      18 |            18 |        100.00 |    2048 |          2048 |        100.00 |      18 |            18 |        100.00 |
|  pifoEngines_0/enque_brain/engineCAM/ram_reg_bram_52 | RAMB36E2  |      AUTO |          36864 |     36864 |    100.00 |    2048 |          2048 |        100.00 |      18 |            18 |        100.00 |    2048 |          2048 |        100.00 |      18 |            18 |        100.00 |
|  pifoEngines_0/enque_brain/engineCAM/ram_reg_bram_53 | RAMB36E2  |      AUTO |          36864 |     36864 |    100.00 |    2048 |          2048 |        100.00 |      18 |            18 |        100.00 |    2048 |          2048 |        100.00 |      18 |            18 |        100.00 |
|  pifoEngines_0/enque_brain/engineCAM/ram_reg_bram_54 | RAMB36E2  |      AUTO |          36864 |     36864 |    100.00 |    2048 |          2048 |        100.00 |      18 |            18 |        100.00 |    2048 |          2048 |        100.00 |      18 |            18 |        100.00 |
|  pifoEngines_0/enque_brain/engineCAM/ram_reg_bram_55 | RAMB36E2  |      AUTO |          36864 |     36864 |    100.00 |    2048 |          2048 |        100.00 |      18 |            18 |        100.00 |    2048 |          2048 |        100.00 |      18 |            18 |        100.00 |
|  pifoEngines_0/enque_brain/engineCAM/ram_reg_bram_56 | RAMB36E2  |      AUTO |          36864 |     36864 |    100.00 |    2048 |          2048 |        100.00 |      18 |            18 |        100.00 |    2048 |          2048 |        100.00 |      18 |            18 |        100.00 |
|  pifoEngines_0/enque_brain/engineCAM/ram_reg_bram_57 | RAMB36E2  |      AUTO |          36864 |     36864 |    100.00 |    2048 |          2048 |        100.00 |      18 |            18 |        100.00 |    2048 |          2048 |        100.00 |      18 |            18 |        100.00 |
|  pifoEngines_0/enque_brain/engineCAM/ram_reg_bram_58 | RAMB36E2  |      AUTO |          36864 |     36864 |    100.00 |    2048 |          2048 |        100.00 |      18 |            18 |        100.00 |    2048 |          2048 |        100.00 |      18 |            18 |        100.00 |
|  pifoEngines_0/enque_brain/engineCAM/ram_reg_bram_59 | RAMB36E2  |      AUTO |          36864 |     36864 |    100.00 |    2048 |          2048 |        100.00 |      18 |            18 |        100.00 |    2048 |          2048 |        100.00 |      18 |            18 |        100.00 |
|  pifoEngines_0/enque_brain/engineCAM/ram_reg_bram_60 | RAMB36E2  |      AUTO |          36864 |     36864 |    100.00 |    2048 |          2048 |        100.00 |      18 |            18 |        100.00 |    2048 |          2048 |        100.00 |      18 |            18 |        100.00 |
|  pifoEngines_0/enque_brain/engineCAM/ram_reg_bram_61 | RAMB36E2  |      AUTO |          36864 |     36864 |    100.00 |    2048 |          2048 |        100.00 |      18 |            18 |        100.00 |    2048 |          2048 |        100.00 |      18 |            18 |        100.00 |
|  pifoEngines_0/enque_brain/engineCAM/ram_reg_bram_62 | RAMB36E2  |      AUTO |          36864 |     36864 |    100.00 |    2048 |          2048 |        100.00 |      18 |            18 |        100.00 |    2048 |          2048 |        100.00 |      18 |            18 |        100.00 |
|  pifoEngines_0/enque_brain/engineCAM/ram_reg_bram_63 | RAMB36E2  |      AUTO |          36864 |     36864 |    100.00 |    2048 |          2048 |        100.00 |      18 |            18 |        100.00 |    2048 |          2048 |        100.00 |      18 |            18 |        100.00 |
| pifoEngines_1/enque_brain/engineCAM/ram              |           |           |                |           |           |         |               |               |         |               |               |         |               |               |         |               |               |
|  pifoEngines_1/enque_brain/engineCAM/ram_reg_bram_0  | RAMB36E2  |      AUTO |          36864 |     36864 |    100.00 |    2048 |          2048 |        100.00 |      18 |            18 |        100.00 |    2048 |          2048 |        100.00 |      18 |            18 |        100.00 |
|  pifoEngines_1/enque_brain/engineCAM/ram_reg_bram_1  | RAMB36E2  |      AUTO |          36864 |     36864 |    100.00 |    2048 |          2048 |        100.00 |      18 |            18 |        100.00 |    2048 |          2048 |        100.00 |      18 |            18 |        100.00 |
|  pifoEngines_1/enque_brain/engineCAM/ram_reg_bram_2  | RAMB36E2  |      AUTO |          36864 |     36864 |    100.00 |    2048 |          2048 |        100.00 |      18 |            18 |        100.00 |    2048 |          2048 |        100.00 |      18 |            18 |        100.00 |
|  pifoEngines_1/enque_brain/engineCAM/ram_reg_bram_3  | RAMB36E2  |      AUTO |          36864 |     36864 |    100.00 |    2048 |          2048 |        100.00 |      18 |            18 |        100.00 |    2048 |          2048 |        100.00 |      18 |            18 |        100.00 |
|  pifoEngines_1/enque_brain/engineCAM/ram_reg_bram_4  | RAMB36E2  |      AUTO |          36864 |     36864 |    100.00 |    2048 |          2048 |        100.00 |      18 |            18 |        100.00 |    2048 |          2048 |        100.00 |      18 |            18 |        100.00 |
|  pifoEngines_1/enque_brain/engineCAM/ram_reg_bram_5  | RAMB36E2  |      AUTO |          36864 |     36864 |    100.00 |    2048 |          2048 |        100.00 |      18 |            18 |        100.00 |    2048 |          2048 |        100.00 |      18 |            18 |        100.00 |
|  pifoEngines_1/enque_brain/engineCAM/ram_reg_bram_6  | RAMB36E2  |      AUTO |          36864 |     36864 |    100.00 |    2048 |          2048 |        100.00 |      18 |            18 |        100.00 |    2048 |          2048 |        100.00 |      18 |            18 |        100.00 |
|  pifoEngines_1/enque_brain/engineCAM/ram_reg_bram_7  | RAMB36E2  |      AUTO |          36864 |     36864 |    100.00 |    2048 |          2048 |        100.00 |      18 |            18 |        100.00 |    2048 |          2048 |        100.00 |      18 |            18 |        100.00 |
|  pifoEngines_1/enque_brain/engineCAM/ram_reg_bram_8  | RAMB36E2  |      AUTO |          36864 |     36864 |    100.00 |    2048 |          2048 |        100.00 |      18 |            18 |        100.00 |    2048 |          2048 |        100.00 |      18 |            18 |        100.00 |
|  pifoEngines_1/enque_brain/engineCAM/ram_reg_bram_9  | RAMB36E2  |      AUTO |          36864 |     36864 |    100.00 |    2048 |          2048 |        100.00 |      18 |            18 |        100.00 |    2048 |          2048 |        100.00 |      18 |            18 |        100.00 |
|  pifoEngines_1/enque_brain/engineCAM/ram_reg_bram_10 | RAMB36E2  |      AUTO |          36864 |     36864 |    100.00 |    2048 |          2048 |        100.00 |      18 |            18 |        100.00 |    2048 |          2048 |        100.00 |      18 |            18 |        100.00 |
|  pifoEngines_1/enque_brain/engineCAM/ram_reg_bram_11 | RAMB36E2  |      AUTO |          36864 |     36864 |    100.00 |    2048 |          2048 |        100.00 |      18 |            18 |        100.00 |    2048 |          2048 |        100.00 |      18 |            18 |        100.00 |
|  pifoEngines_1/enque_brain/engineCAM/ram_reg_bram_12 | RAMB36E2  |      AUTO |          36864 |     36864 |    100.00 |    2048 |          2048 |        100.00 |      18 |            18 |        100.00 |    2048 |          2048 |        100.00 |      18 |            18 |        100.00 |
|  pifoEngines_1/enque_brain/engineCAM/ram_reg_bram_13 | RAMB36E2  |      AUTO |          36864 |     36864 |    100.00 |    2048 |          2048 |        100.00 |      18 |            18 |        100.00 |    2048 |          2048 |        100.00 |      18 |            18 |        100.00 |
|  pifoEngines_1/enque_brain/engineCAM/ram_reg_bram_14 | RAMB36E2  |      AUTO |          36864 |     36864 |    100.00 |    2048 |          2048 |        100.00 |      18 |            18 |        100.00 |    2048 |          2048 |        100.00 |      18 |            18 |        100.00 |
|  pifoEngines_1/enque_brain/engineCAM/ram_reg_bram_15 | RAMB36E2  |      AUTO |          36864 |     36864 |    100.00 |    2048 |          2048 |        100.00 |      18 |            18 |        100.00 |    2048 |          2048 |        100.00 |      18 |            18 |        100.00 |
|  pifoEngines_1/enque_brain/engineCAM/ram_reg_bram_16 | RAMB36E2  |      AUTO |          36864 |     36864 |    100.00 |    2048 |          2048 |        100.00 |      18 |            18 |        100.00 |    2048 |          2048 |        100.00 |      18 |            18 |        100.00 |
|  pifoEngines_1/enque_brain/engineCAM/ram_reg_bram_17 | RAMB36E2  |      AUTO |          36864 |     36864 |    100.00 |    2048 |          2048 |        100.00 |      18 |            18 |        100.00 |    2048 |          2048 |        100.00 |      18 |            18 |        100.00 |
|  pifoEngines_1/enque_brain/engineCAM/ram_reg_bram_18 | RAMB36E2  |      AUTO |          36864 |     36864 |    100.00 |    2048 |          2048 |        100.00 |      18 |            18 |        100.00 |    2048 |          2048 |        100.00 |      18 |            18 |        100.00 |
|  pifoEngines_1/enque_brain/engineCAM/ram_reg_bram_19 | RAMB36E2  |      AUTO |          36864 |     36864 |    100.00 |    2048 |          2048 |        100.00 |      18 |            18 |        100.00 |    2048 |          2048 |        100.00 |      18 |            18 |        100.00 |
|  pifoEngines_1/enque_brain/engineCAM/ram_reg_bram_20 | RAMB36E2  |      AUTO |          36864 |     36864 |    100.00 |    2048 |          2048 |        100.00 |      18 |            18 |        100.00 |    2048 |          2048 |        100.00 |      18 |            18 |        100.00 |
|  pifoEngines_1/enque_brain/engineCAM/ram_reg_bram_21 | RAMB36E2  |      AUTO |          36864 |     36864 |    100.00 |    2048 |          2048 |        100.00 |      18 |            18 |        100.00 |    2048 |          2048 |        100.00 |      18 |            18 |        100.00 |
|  pifoEngines_1/enque_brain/engineCAM/ram_reg_bram_22 | RAMB36E2  |      AUTO |          36864 |     36864 |    100.00 |    2048 |          2048 |        100.00 |      18 |            18 |        100.00 |    2048 |          2048 |        100.00 |      18 |            18 |        100.00 |
|  pifoEngines_1/enque_brain/engineCAM/ram_reg_bram_23 | RAMB36E2  |      AUTO |          36864 |     36864 |    100.00 |    2048 |          2048 |        100.00 |      18 |            18 |        100.00 |    2048 |          2048 |        100.00 |      18 |            18 |        100.00 |
|  pifoEngines_1/enque_brain/engineCAM/ram_reg_bram_24 | RAMB36E2  |      AUTO |          36864 |     36864 |    100.00 |    2048 |          2048 |        100.00 |      18 |            18 |        100.00 |    2048 |          2048 |        100.00 |      18 |            18 |        100.00 |
|  pifoEngines_1/enque_brain/engineCAM/ram_reg_bram_25 | RAMB36E2  |      AUTO |          36864 |     36864 |    100.00 |    2048 |          2048 |        100.00 |      18 |            18 |        100.00 |    2048 |          2048 |        100.00 |      18 |            18 |        100.00 |
|  pifoEngines_1/enque_brain/engineCAM/ram_reg_bram_26 | RAMB36E2  |      AUTO |          36864 |     36864 |    100.00 |    2048 |          2048 |        100.00 |      18 |            18 |        100.00 |    2048 |          2048 |        100.00 |      18 |            18 |        100.00 |
|  pifoEngines_1/enque_brain/engineCAM/ram_reg_bram_27 | RAMB36E2  |      AUTO |          36864 |     36864 |    100.00 |    2048 |          2048 |        100.00 |      18 |            18 |        100.00 |    2048 |          2048 |        100.00 |      18 |            18 |        100.00 |
|  pifoEngines_1/enque_brain/engineCAM/ram_reg_bram_28 | RAMB36E2  |      AUTO |          36864 |     36864 |    100.00 |    2048 |          2048 |        100.00 |      18 |            18 |        100.00 |    2048 |          2048 |        100.00 |      18 |            18 |        100.00 |
|  pifoEngines_1/enque_brain/engineCAM/ram_reg_bram_29 | RAMB36E2  |      AUTO |          36864 |     36864 |    100.00 |    2048 |          2048 |        100.00 |      18 |            18 |        100.00 |    2048 |          2048 |        100.00 |      18 |            18 |        100.00 |
|  pifoEngines_1/enque_brain/engineCAM/ram_reg_bram_30 | RAMB36E2  |      AUTO |          36864 |     36864 |    100.00 |    2048 |          2048 |        100.00 |      18 |            18 |        100.00 |    2048 |          2048 |        100.00 |      18 |            18 |        100.00 |
|  pifoEngines_1/enque_brain/engineCAM/ram_reg_bram_31 | RAMB36E2  |      AUTO |          36864 |     36864 |    100.00 |    2048 |          2048 |        100.00 |      18 |            18 |        100.00 |    2048 |          2048 |        100.00 |      18 |            18 |        100.00 |
|  pifoEngines_1/enque_brain/engineCAM/ram_reg_bram_32 | RAMB36E2  |      AUTO |          36864 |     36864 |    100.00 |    2048 |          2048 |        100.00 |      18 |            18 |        100.00 |    2048 |          2048 |        100.00 |      18 |            18 |        100.00 |
|  pifoEngines_1/enque_brain/engineCAM/ram_reg_bram_33 | RAMB36E2  |      AUTO |          36864 |     36864 |    100.00 |    2048 |          2048 |        100.00 |      18 |            18 |        100.00 |    2048 |          2048 |        100.00 |      18 |            18 |        100.00 |
|  pifoEngines_1/enque_brain/engineCAM/ram_reg_bram_34 | RAMB36E2  |      AUTO |          36864 |     36864 |    100.00 |    2048 |          2048 |        100.00 |      18 |            18 |        100.00 |    2048 |          2048 |        100.00 |      18 |            18 |        100.00 |
|  pifoEngines_1/enque_brain/engineCAM/ram_reg_bram_35 | RAMB36E2  |      AUTO |          36864 |     36864 |    100.00 |    2048 |          2048 |        100.00 |      18 |            18 |        100.00 |    2048 |          2048 |        100.00 |      18 |            18 |        100.00 |
|  pifoEngines_1/enque_brain/engineCAM/ram_reg_bram_36 | RAMB36E2  |      AUTO |          36864 |     36864 |    100.00 |    2048 |          2048 |        100.00 |      18 |            18 |        100.00 |    2048 |          2048 |        100.00 |      18 |            18 |        100.00 |
|  pifoEngines_1/enque_brain/engineCAM/ram_reg_bram_37 | RAMB36E2  |      AUTO |          36864 |     36864 |    100.00 |    2048 |          2048 |        100.00 |      18 |            18 |        100.00 |    2048 |          2048 |        100.00 |      18 |            18 |        100.00 |
|  pifoEngines_1/enque_brain/engineCAM/ram_reg_bram_38 | RAMB36E2  |      AUTO |          36864 |     36864 |    100.00 |    2048 |          2048 |        100.00 |      18 |            18 |        100.00 |    2048 |          2048 |        100.00 |      18 |            18 |        100.00 |
|  pifoEngines_1/enque_brain/engineCAM/ram_reg_bram_39 | RAMB36E2  |      AUTO |          36864 |     36864 |    100.00 |    2048 |          2048 |        100.00 |      18 |            18 |        100.00 |    2048 |          2048 |        100.00 |      18 |            18 |        100.00 |
|  pifoEngines_1/enque_brain/engineCAM/ram_reg_bram_40 | RAMB36E2  |      AUTO |          36864 |     36864 |    100.00 |    2048 |          2048 |        100.00 |      18 |            18 |        100.00 |    2048 |          2048 |        100.00 |      18 |            18 |        100.00 |
|  pifoEngines_1/enque_brain/engineCAM/ram_reg_bram_41 | RAMB36E2  |      AUTO |          36864 |     36864 |    100.00 |    2048 |          2048 |        100.00 |      18 |            18 |        100.00 |    2048 |          2048 |        100.00 |      18 |            18 |        100.00 |
|  pifoEngines_1/enque_brain/engineCAM/ram_reg_bram_42 | RAMB36E2  |      AUTO |          36864 |     36864 |    100.00 |    2048 |          2048 |        100.00 |      18 |            18 |        100.00 |    2048 |          2048 |        100.00 |      18 |            18 |        100.00 |
|  pifoEngines_1/enque_brain/engineCAM/ram_reg_bram_43 | RAMB36E2  |      AUTO |          36864 |     36864 |    100.00 |    2048 |          2048 |        100.00 |      18 |            18 |        100.00 |    2048 |          2048 |        100.00 |      18 |            18 |        100.00 |
|  pifoEngines_1/enque_brain/engineCAM/ram_reg_bram_44 | RAMB36E2  |      AUTO |          36864 |     36864 |    100.00 |    2048 |          2048 |        100.00 |      18 |            18 |        100.00 |    2048 |          2048 |        100.00 |      18 |            18 |        100.00 |
|  pifoEngines_1/enque_brain/engineCAM/ram_reg_bram_45 | RAMB36E2  |      AUTO |          36864 |     36864 |    100.00 |    2048 |          2048 |        100.00 |      18 |            18 |        100.00 |    2048 |          2048 |        100.00 |      18 |            18 |        100.00 |
|  pifoEngines_1/enque_brain/engineCAM/ram_reg_bram_46 | RAMB36E2  |      AUTO |          36864 |     36864 |    100.00 |    2048 |          2048 |        100.00 |      18 |            18 |        100.00 |    2048 |          2048 |        100.00 |      18 |            18 |        100.00 |
|  pifoEngines_1/enque_brain/engineCAM/ram_reg_bram_47 | RAMB36E2  |      AUTO |          36864 |     36864 |    100.00 |    2048 |          2048 |        100.00 |      18 |            18 |        100.00 |    2048 |          2048 |        100.00 |      18 |            18 |        100.00 |
|  pifoEngines_1/enque_brain/engineCAM/ram_reg_bram_48 | RAMB36E2  |      AUTO |          36864 |     36864 |    100.00 |    2048 |          2048 |        100.00 |      18 |            18 |        100.00 |    2048 |          2048 |        100.00 |      18 |            18 |        100.00 |
|  pifoEngines_1/enque_brain/engineCAM/ram_reg_bram_49 | RAMB36E2  |      AUTO |          36864 |     36864 |    100.00 |    2048 |          2048 |        100.00 |      18 |            18 |        100.00 |    2048 |          2048 |        100.00 |      18 |            18 |        100.00 |
|  pifoEngines_1/enque_brain/engineCAM/ram_reg_bram_50 | RAMB36E2  |      AUTO |          36864 |     36864 |    100.00 |    2048 |          2048 |        100.00 |      18 |            18 |        100.00 |    2048 |          2048 |        100.00 |      18 |            18 |        100.00 |
|  pifoEngines_1/enque_brain/engineCAM/ram_reg_bram_51 | RAMB36E2  |      AUTO |          36864 |     36864 |    100.00 |    2048 |          2048 |        100.00 |      18 |            18 |        100.00 |    2048 |          2048 |        100.00 |      18 |            18 |        100.00 |
|  pifoEngines_1/enque_brain/engineCAM/ram_reg_bram_52 | RAMB36E2  |      AUTO |          36864 |     36864 |    100.00 |    2048 |          2048 |        100.00 |      18 |            18 |        100.00 |    2048 |          2048 |        100.00 |      18 |            18 |        100.00 |
|  pifoEngines_1/enque_brain/engineCAM/ram_reg_bram_53 | RAMB36E2  |      AUTO |          36864 |     36864 |    100.00 |    2048 |          2048 |        100.00 |      18 |            18 |        100.00 |    2048 |          2048 |        100.00 |      18 |            18 |        100.00 |
|  pifoEngines_1/enque_brain/engineCAM/ram_reg_bram_54 | RAMB36E2  |      AUTO |          36864 |     36864 |    100.00 |    2048 |          2048 |        100.00 |      18 |            18 |        100.00 |    2048 |          2048 |        100.00 |      18 |            18 |        100.00 |
|  pifoEngines_1/enque_brain/engineCAM/ram_reg_bram_55 | RAMB36E2  |      AUTO |          36864 |     36864 |    100.00 |    2048 |          2048 |        100.00 |      18 |            18 |        100.00 |    2048 |          2048 |        100.00 |      18 |            18 |        100.00 |
|  pifoEngines_1/enque_brain/engineCAM/ram_reg_bram_56 | RAMB36E2  |      AUTO |          36864 |     36864 |    100.00 |    2048 |          2048 |        100.00 |      18 |            18 |        100.00 |    2048 |          2048 |        100.00 |      18 |            18 |        100.00 |
|  pifoEngines_1/enque_brain/engineCAM/ram_reg_bram_57 | RAMB36E2  |      AUTO |          36864 |     36864 |    100.00 |    2048 |          2048 |        100.00 |      18 |            18 |        100.00 |    2048 |          2048 |        100.00 |      18 |            18 |        100.00 |
|  pifoEngines_1/enque_brain/engineCAM/ram_reg_bram_58 | RAMB36E2  |      AUTO |          36864 |     36864 |    100.00 |    2048 |          2048 |        100.00 |      18 |            18 |        100.00 |    2048 |          2048 |        100.00 |      18 |            18 |        100.00 |
|  pifoEngines_1/enque_brain/engineCAM/ram_reg_bram_59 | RAMB36E2  |      AUTO |          36864 |     36864 |    100.00 |    2048 |          2048 |        100.00 |      18 |            18 |        100.00 |    2048 |          2048 |        100.00 |      18 |            18 |        100.00 |
|  pifoEngines_1/enque_brain/engineCAM/ram_reg_bram_60 | RAMB36E2  |      AUTO |          36864 |     36864 |    100.00 |    2048 |          2048 |        100.00 |      18 |            18 |        100.00 |    2048 |          2048 |        100.00 |      18 |            18 |        100.00 |
|  pifoEngines_1/enque_brain/engineCAM/ram_reg_bram_61 | RAMB36E2  |      AUTO |          36864 |     36864 |    100.00 |    2048 |          2048 |        100.00 |      18 |            18 |        100.00 |    2048 |          2048 |        100.00 |      18 |            18 |        100.00 |
|  pifoEngines_1/enque_brain/engineCAM/ram_reg_bram_62 | RAMB36E2  |      AUTO |          36864 |     36864 |    100.00 |    2048 |          2048 |        100.00 |      18 |            18 |        100.00 |    2048 |          2048 |        100.00 |      18 |            18 |        100.00 |
|  pifoEngines_1/enque_brain/engineCAM/ram_reg_bram_63 | RAMB36E2  |      AUTO |          36864 |     36864 |    100.00 |    2048 |          2048 |        100.00 |      18 |            18 |        100.00 |    2048 |          2048 |        100.00 |      18 |            18 |        100.00 |
| pifoEngines_2/enque_brain/engineCAM/ram              |           |           |                |           |           |         |               |               |         |               |               |         |               |               |         |               |               |
|  pifoEngines_2/enque_brain/engineCAM/ram_reg_bram_0  | RAMB36E2  |      AUTO |          36864 |     36864 |    100.00 |    2048 |          2048 |        100.00 |      18 |            18 |        100.00 |    2048 |          2048 |        100.00 |      18 |            18 |        100.00 |
|  pifoEngines_2/enque_brain/engineCAM/ram_reg_bram_1  | RAMB36E2  |      AUTO |          36864 |     36864 |    100.00 |    2048 |          2048 |        100.00 |      18 |            18 |        100.00 |    2048 |          2048 |        100.00 |      18 |            18 |        100.00 |
|  pifoEngines_2/enque_brain/engineCAM/ram_reg_bram_2  | RAMB36E2  |      AUTO |          36864 |     36864 |    100.00 |    2048 |          2048 |        100.00 |      18 |            18 |        100.00 |    2048 |          2048 |        100.00 |      18 |            18 |        100.00 |
|  pifoEngines_2/enque_brain/engineCAM/ram_reg_bram_3  | RAMB36E2  |      AUTO |          36864 |     36864 |    100.00 |    2048 |          2048 |        100.00 |      18 |            18 |        100.00 |    2048 |          2048 |        100.00 |      18 |            18 |        100.00 |
|  pifoEngines_2/enque_brain/engineCAM/ram_reg_bram_4  | RAMB36E2  |      AUTO |          36864 |     36864 |    100.00 |    2048 |          2048 |        100.00 |      18 |            18 |        100.00 |    2048 |          2048 |        100.00 |      18 |            18 |        100.00 |
|  pifoEngines_2/enque_brain/engineCAM/ram_reg_bram_5  | RAMB36E2  |      AUTO |          36864 |     36864 |    100.00 |    2048 |          2048 |        100.00 |      18 |            18 |        100.00 |    2048 |          2048 |        100.00 |      18 |            18 |        100.00 |
|  pifoEngines_2/enque_brain/engineCAM/ram_reg_bram_6  | RAMB36E2  |      AUTO |          36864 |     36864 |    100.00 |    2048 |          2048 |        100.00 |      18 |            18 |        100.00 |    2048 |          2048 |        100.00 |      18 |            18 |        100.00 |
|  pifoEngines_2/enque_brain/engineCAM/ram_reg_bram_7  | RAMB36E2  |      AUTO |          36864 |     36864 |    100.00 |    2048 |          2048 |        100.00 |      18 |            18 |        100.00 |    2048 |          2048 |        100.00 |      18 |            18 |        100.00 |
|  pifoEngines_2/enque_brain/engineCAM/ram_reg_bram_8  | RAMB36E2  |      AUTO |          36864 |     36864 |    100.00 |    2048 |          2048 |        100.00 |      18 |            18 |        100.00 |    2048 |          2048 |        100.00 |      18 |            18 |        100.00 |
|  pifoEngines_2/enque_brain/engineCAM/ram_reg_bram_9  | RAMB36E2  |      AUTO |          36864 |     36864 |    100.00 |    2048 |          2048 |        100.00 |      18 |            18 |        100.00 |    2048 |          2048 |        100.00 |      18 |            18 |        100.00 |
|  pifoEngines_2/enque_brain/engineCAM/ram_reg_bram_10 | RAMB36E2  |      AUTO |          36864 |     36864 |    100.00 |    2048 |          2048 |        100.00 |      18 |            18 |        100.00 |    2048 |          2048 |        100.00 |      18 |            18 |        100.00 |
|  pifoEngines_2/enque_brain/engineCAM/ram_reg_bram_11 | RAMB36E2  |      AUTO |          36864 |     36864 |    100.00 |    2048 |          2048 |        100.00 |      18 |            18 |        100.00 |    2048 |          2048 |        100.00 |      18 |            18 |        100.00 |
|  pifoEngines_2/enque_brain/engineCAM/ram_reg_bram_12 | RAMB36E2  |      AUTO |          36864 |     36864 |    100.00 |    2048 |          2048 |        100.00 |      18 |            18 |        100.00 |    2048 |          2048 |        100.00 |      18 |            18 |        100.00 |
|  pifoEngines_2/enque_brain/engineCAM/ram_reg_bram_13 | RAMB36E2  |      AUTO |          36864 |     36864 |    100.00 |    2048 |          2048 |        100.00 |      18 |            18 |        100.00 |    2048 |          2048 |        100.00 |      18 |            18 |        100.00 |
|  pifoEngines_2/enque_brain/engineCAM/ram_reg_bram_14 | RAMB36E2  |      AUTO |          36864 |     36864 |    100.00 |    2048 |          2048 |        100.00 |      18 |            18 |        100.00 |    2048 |          2048 |        100.00 |      18 |            18 |        100.00 |
|  pifoEngines_2/enque_brain/engineCAM/ram_reg_bram_15 | RAMB36E2  |      AUTO |          36864 |     36864 |    100.00 |    2048 |          2048 |        100.00 |      18 |            18 |        100.00 |    2048 |          2048 |        100.00 |      18 |            18 |        100.00 |
|  pifoEngines_2/enque_brain/engineCAM/ram_reg_bram_16 | RAMB36E2  |      AUTO |          36864 |     36864 |    100.00 |    2048 |          2048 |        100.00 |      18 |            18 |        100.00 |    2048 |          2048 |        100.00 |      18 |            18 |        100.00 |
|  pifoEngines_2/enque_brain/engineCAM/ram_reg_bram_17 | RAMB36E2  |      AUTO |          36864 |     36864 |    100.00 |    2048 |          2048 |        100.00 |      18 |            18 |        100.00 |    2048 |          2048 |        100.00 |      18 |            18 |        100.00 |
|  pifoEngines_2/enque_brain/engineCAM/ram_reg_bram_18 | RAMB36E2  |      AUTO |          36864 |     36864 |    100.00 |    2048 |          2048 |        100.00 |      18 |            18 |        100.00 |    2048 |          2048 |        100.00 |      18 |            18 |        100.00 |
|  pifoEngines_2/enque_brain/engineCAM/ram_reg_bram_19 | RAMB36E2  |      AUTO |          36864 |     36864 |    100.00 |    2048 |          2048 |        100.00 |      18 |            18 |        100.00 |    2048 |          2048 |        100.00 |      18 |            18 |        100.00 |
|  pifoEngines_2/enque_brain/engineCAM/ram_reg_bram_20 | RAMB36E2  |      AUTO |          36864 |     36864 |    100.00 |    2048 |          2048 |        100.00 |      18 |            18 |        100.00 |    2048 |          2048 |        100.00 |      18 |            18 |        100.00 |
|  pifoEngines_2/enque_brain/engineCAM/ram_reg_bram_21 | RAMB36E2  |      AUTO |          36864 |     36864 |    100.00 |    2048 |          2048 |        100.00 |      18 |            18 |        100.00 |    2048 |          2048 |        100.00 |      18 |            18 |        100.00 |
|  pifoEngines_2/enque_brain/engineCAM/ram_reg_bram_22 | RAMB36E2  |      AUTO |          36864 |     36864 |    100.00 |    2048 |          2048 |        100.00 |      18 |            18 |        100.00 |    2048 |          2048 |        100.00 |      18 |            18 |        100.00 |
|  pifoEngines_2/enque_brain/engineCAM/ram_reg_bram_23 | RAMB36E2  |      AUTO |          36864 |     36864 |    100.00 |    2048 |          2048 |        100.00 |      18 |            18 |        100.00 |    2048 |          2048 |        100.00 |      18 |            18 |        100.00 |
|  pifoEngines_2/enque_brain/engineCAM/ram_reg_bram_24 | RAMB36E2  |      AUTO |          36864 |     36864 |    100.00 |    2048 |          2048 |        100.00 |      18 |            18 |        100.00 |    2048 |          2048 |        100.00 |      18 |            18 |        100.00 |
|  pifoEngines_2/enque_brain/engineCAM/ram_reg_bram_25 | RAMB36E2  |      AUTO |          36864 |     36864 |    100.00 |    2048 |          2048 |        100.00 |      18 |            18 |        100.00 |    2048 |          2048 |        100.00 |      18 |            18 |        100.00 |
|  pifoEngines_2/enque_brain/engineCAM/ram_reg_bram_26 | RAMB36E2  |      AUTO |          36864 |     36864 |    100.00 |    2048 |          2048 |        100.00 |      18 |            18 |        100.00 |    2048 |          2048 |        100.00 |      18 |            18 |        100.00 |
|  pifoEngines_2/enque_brain/engineCAM/ram_reg_bram_27 | RAMB36E2  |      AUTO |          36864 |     36864 |    100.00 |    2048 |          2048 |        100.00 |      18 |            18 |        100.00 |    2048 |          2048 |        100.00 |      18 |            18 |        100.00 |
|  pifoEngines_2/enque_brain/engineCAM/ram_reg_bram_28 | RAMB36E2  |      AUTO |          36864 |     36864 |    100.00 |    2048 |          2048 |        100.00 |      18 |            18 |        100.00 |    2048 |          2048 |        100.00 |      18 |            18 |        100.00 |
|  pifoEngines_2/enque_brain/engineCAM/ram_reg_bram_29 | RAMB36E2  |      AUTO |          36864 |     36864 |    100.00 |    2048 |          2048 |        100.00 |      18 |            18 |        100.00 |    2048 |          2048 |        100.00 |      18 |            18 |        100.00 |
|  pifoEngines_2/enque_brain/engineCAM/ram_reg_bram_30 | RAMB36E2  |      AUTO |          36864 |     36864 |    100.00 |    2048 |          2048 |        100.00 |      18 |            18 |        100.00 |    2048 |          2048 |        100.00 |      18 |            18 |        100.00 |
|  pifoEngines_2/enque_brain/engineCAM/ram_reg_bram_31 | RAMB36E2  |      AUTO |          36864 |     36864 |    100.00 |    2048 |          2048 |        100.00 |      18 |            18 |        100.00 |    2048 |          2048 |        100.00 |      18 |            18 |        100.00 |
|  pifoEngines_2/enque_brain/engineCAM/ram_reg_bram_32 | RAMB36E2  |      AUTO |          36864 |     36864 |    100.00 |    2048 |          2048 |        100.00 |      18 |            18 |        100.00 |    2048 |          2048 |        100.00 |      18 |            18 |        100.00 |
|  pifoEngines_2/enque_brain/engineCAM/ram_reg_bram_33 | RAMB36E2  |      AUTO |          36864 |     36864 |    100.00 |    2048 |          2048 |        100.00 |      18 |            18 |        100.00 |    2048 |          2048 |        100.00 |      18 |            18 |        100.00 |
|  pifoEngines_2/enque_brain/engineCAM/ram_reg_bram_34 | RAMB36E2  |      AUTO |          36864 |     36864 |    100.00 |    2048 |          2048 |        100.00 |      18 |            18 |        100.00 |    2048 |          2048 |        100.00 |      18 |            18 |        100.00 |
|  pifoEngines_2/enque_brain/engineCAM/ram_reg_bram_35 | RAMB36E2  |      AUTO |          36864 |     36864 |    100.00 |    2048 |          2048 |        100.00 |      18 |            18 |        100.00 |    2048 |          2048 |        100.00 |      18 |            18 |        100.00 |
|  pifoEngines_2/enque_brain/engineCAM/ram_reg_bram_36 | RAMB36E2  |      AUTO |          36864 |     36864 |    100.00 |    2048 |          2048 |        100.00 |      18 |            18 |        100.00 |    2048 |          2048 |        100.00 |      18 |            18 |        100.00 |
|  pifoEngines_2/enque_brain/engineCAM/ram_reg_bram_37 | RAMB36E2  |      AUTO |          36864 |     36864 |    100.00 |    2048 |          2048 |        100.00 |      18 |            18 |        100.00 |    2048 |          2048 |        100.00 |      18 |            18 |        100.00 |
|  pifoEngines_2/enque_brain/engineCAM/ram_reg_bram_38 | RAMB36E2  |      AUTO |          36864 |     36864 |    100.00 |    2048 |          2048 |        100.00 |      18 |            18 |        100.00 |    2048 |          2048 |        100.00 |      18 |            18 |        100.00 |
|  pifoEngines_2/enque_brain/engineCAM/ram_reg_bram_39 | RAMB36E2  |      AUTO |          36864 |     36864 |    100.00 |    2048 |          2048 |        100.00 |      18 |            18 |        100.00 |    2048 |          2048 |        100.00 |      18 |            18 |        100.00 |
|  pifoEngines_2/enque_brain/engineCAM/ram_reg_bram_40 | RAMB36E2  |      AUTO |          36864 |     36864 |    100.00 |    2048 |          2048 |        100.00 |      18 |            18 |        100.00 |    2048 |          2048 |        100.00 |      18 |            18 |        100.00 |
|  pifoEngines_2/enque_brain/engineCAM/ram_reg_bram_41 | RAMB36E2  |      AUTO |          36864 |     36864 |    100.00 |    2048 |          2048 |        100.00 |      18 |            18 |        100.00 |    2048 |          2048 |        100.00 |      18 |            18 |        100.00 |
|  pifoEngines_2/enque_brain/engineCAM/ram_reg_bram_42 | RAMB36E2  |      AUTO |          36864 |     36864 |    100.00 |    2048 |          2048 |        100.00 |      18 |            18 |        100.00 |    2048 |          2048 |        100.00 |      18 |            18 |        100.00 |
|  pifoEngines_2/enque_brain/engineCAM/ram_reg_bram_43 | RAMB36E2  |      AUTO |          36864 |     36864 |    100.00 |    2048 |          2048 |        100.00 |      18 |            18 |        100.00 |    2048 |          2048 |        100.00 |      18 |            18 |        100.00 |
|  pifoEngines_2/enque_brain/engineCAM/ram_reg_bram_44 | RAMB36E2  |      AUTO |          36864 |     36864 |    100.00 |    2048 |          2048 |        100.00 |      18 |            18 |        100.00 |    2048 |          2048 |        100.00 |      18 |            18 |        100.00 |
|  pifoEngines_2/enque_brain/engineCAM/ram_reg_bram_45 | RAMB36E2  |      AUTO |          36864 |     36864 |    100.00 |    2048 |          2048 |        100.00 |      18 |            18 |        100.00 |    2048 |          2048 |        100.00 |      18 |            18 |        100.00 |
|  pifoEngines_2/enque_brain/engineCAM/ram_reg_bram_46 | RAMB36E2  |      AUTO |          36864 |     36864 |    100.00 |    2048 |          2048 |        100.00 |      18 |            18 |        100.00 |    2048 |          2048 |        100.00 |      18 |            18 |        100.00 |
|  pifoEngines_2/enque_brain/engineCAM/ram_reg_bram_47 | RAMB36E2  |      AUTO |          36864 |     36864 |    100.00 |    2048 |          2048 |        100.00 |      18 |            18 |        100.00 |    2048 |          2048 |        100.00 |      18 |            18 |        100.00 |
|  pifoEngines_2/enque_brain/engineCAM/ram_reg_bram_48 | RAMB36E2  |      AUTO |          36864 |     36864 |    100.00 |    2048 |          2048 |        100.00 |      18 |            18 |        100.00 |    2048 |          2048 |        100.00 |      18 |            18 |        100.00 |
|  pifoEngines_2/enque_brain/engineCAM/ram_reg_bram_49 | RAMB36E2  |      AUTO |          36864 |     36864 |    100.00 |    2048 |          2048 |        100.00 |      18 |            18 |        100.00 |    2048 |          2048 |        100.00 |      18 |            18 |        100.00 |
|  pifoEngines_2/enque_brain/engineCAM/ram_reg_bram_50 | RAMB36E2  |      AUTO |          36864 |     36864 |    100.00 |    2048 |          2048 |        100.00 |      18 |            18 |        100.00 |    2048 |          2048 |        100.00 |      18 |            18 |        100.00 |
|  pifoEngines_2/enque_brain/engineCAM/ram_reg_bram_51 | RAMB36E2  |      AUTO |          36864 |     36864 |    100.00 |    2048 |          2048 |        100.00 |      18 |            18 |        100.00 |    2048 |          2048 |        100.00 |      18 |            18 |        100.00 |
|  pifoEngines_2/enque_brain/engineCAM/ram_reg_bram_52 | RAMB36E2  |      AUTO |          36864 |     36864 |    100.00 |    2048 |          2048 |        100.00 |      18 |            18 |        100.00 |    2048 |          2048 |        100.00 |      18 |            18 |        100.00 |
|  pifoEngines_2/enque_brain/engineCAM/ram_reg_bram_53 | RAMB36E2  |      AUTO |          36864 |     36864 |    100.00 |    2048 |          2048 |        100.00 |      18 |            18 |        100.00 |    2048 |          2048 |        100.00 |      18 |            18 |        100.00 |
|  pifoEngines_2/enque_brain/engineCAM/ram_reg_bram_54 | RAMB36E2  |      AUTO |          36864 |     36864 |    100.00 |    2048 |          2048 |        100.00 |      18 |            18 |        100.00 |    2048 |          2048 |        100.00 |      18 |            18 |        100.00 |
|  pifoEngines_2/enque_brain/engineCAM/ram_reg_bram_55 | RAMB36E2  |      AUTO |          36864 |     36864 |    100.00 |    2048 |          2048 |        100.00 |      18 |            18 |        100.00 |    2048 |          2048 |        100.00 |      18 |            18 |        100.00 |
|  pifoEngines_2/enque_brain/engineCAM/ram_reg_bram_56 | RAMB36E2  |      AUTO |          36864 |     36864 |    100.00 |    2048 |          2048 |        100.00 |      18 |            18 |        100.00 |    2048 |          2048 |        100.00 |      18 |            18 |        100.00 |
|  pifoEngines_2/enque_brain/engineCAM/ram_reg_bram_57 | RAMB36E2  |      AUTO |          36864 |     36864 |    100.00 |    2048 |          2048 |        100.00 |      18 |            18 |        100.00 |    2048 |          2048 |        100.00 |      18 |            18 |        100.00 |
|  pifoEngines_2/enque_brain/engineCAM/ram_reg_bram_58 | RAMB36E2  |      AUTO |          36864 |     36864 |    100.00 |    2048 |          2048 |        100.00 |      18 |            18 |        100.00 |    2048 |          2048 |        100.00 |      18 |            18 |        100.00 |
|  pifoEngines_2/enque_brain/engineCAM/ram_reg_bram_59 | RAMB36E2  |      AUTO |          36864 |     36864 |    100.00 |    2048 |          2048 |        100.00 |      18 |            18 |        100.00 |    2048 |          2048 |        100.00 |      18 |            18 |        100.00 |
|  pifoEngines_2/enque_brain/engineCAM/ram_reg_bram_60 | RAMB36E2  |      AUTO |          36864 |     36864 |    100.00 |    2048 |          2048 |        100.00 |      18 |            18 |        100.00 |    2048 |          2048 |        100.00 |      18 |            18 |        100.00 |
|  pifoEngines_2/enque_brain/engineCAM/ram_reg_bram_61 | RAMB36E2  |      AUTO |          36864 |     36864 |    100.00 |    2048 |          2048 |        100.00 |      18 |            18 |        100.00 |    2048 |          2048 |        100.00 |      18 |            18 |        100.00 |
|  pifoEngines_2/enque_brain/engineCAM/ram_reg_bram_62 | RAMB36E2  |      AUTO |          36864 |     36864 |    100.00 |    2048 |          2048 |        100.00 |      18 |            18 |        100.00 |    2048 |          2048 |        100.00 |      18 |            18 |        100.00 |
|  pifoEngines_2/enque_brain/engineCAM/ram_reg_bram_63 | RAMB36E2  |      AUTO |          36864 |     36864 |    100.00 |    2048 |          2048 |        100.00 |      18 |            18 |        100.00 |    2048 |          2048 |        100.00 |      18 |            18 |        100.00 |
| pifoEngines_3/enque_brain/engineCAM/ram              |           |           |                |           |           |         |               |               |         |               |               |         |               |               |         |               |               |
|  pifoEngines_3/enque_brain/engineCAM/ram_reg_bram_0  | RAMB36E2  |      AUTO |          36864 |     36864 |    100.00 |    2048 |          2048 |        100.00 |      18 |            18 |        100.00 |    2048 |          2048 |        100.00 |      18 |            18 |        100.00 |
|  pifoEngines_3/enque_brain/engineCAM/ram_reg_bram_1  | RAMB36E2  |      AUTO |          36864 |     36864 |    100.00 |    2048 |          2048 |        100.00 |      18 |            18 |        100.00 |    2048 |          2048 |        100.00 |      18 |            18 |        100.00 |
|  pifoEngines_3/enque_brain/engineCAM/ram_reg_bram_2  | RAMB36E2  |      AUTO |          36864 |     36864 |    100.00 |    2048 |          2048 |        100.00 |      18 |            18 |        100.00 |    2048 |          2048 |        100.00 |      18 |            18 |        100.00 |
|  pifoEngines_3/enque_brain/engineCAM/ram_reg_bram_3  | RAMB36E2  |      AUTO |          36864 |     36864 |    100.00 |    2048 |          2048 |        100.00 |      18 |            18 |        100.00 |    2048 |          2048 |        100.00 |      18 |            18 |        100.00 |
|  pifoEngines_3/enque_brain/engineCAM/ram_reg_bram_4  | RAMB36E2  |      AUTO |          36864 |     36864 |    100.00 |    2048 |          2048 |        100.00 |      18 |            18 |        100.00 |    2048 |          2048 |        100.00 |      18 |            18 |        100.00 |
|  pifoEngines_3/enque_brain/engineCAM/ram_reg_bram_5  | RAMB36E2  |      AUTO |          36864 |     36864 |    100.00 |    2048 |          2048 |        100.00 |      18 |            18 |        100.00 |    2048 |          2048 |        100.00 |      18 |            18 |        100.00 |
|  pifoEngines_3/enque_brain/engineCAM/ram_reg_bram_6  | RAMB36E2  |      AUTO |          36864 |     36864 |    100.00 |    2048 |          2048 |        100.00 |      18 |            18 |        100.00 |    2048 |          2048 |        100.00 |      18 |            18 |        100.00 |
|  pifoEngines_3/enque_brain/engineCAM/ram_reg_bram_7  | RAMB36E2  |      AUTO |          36864 |     36864 |    100.00 |    2048 |          2048 |        100.00 |      18 |            18 |        100.00 |    2048 |          2048 |        100.00 |      18 |            18 |        100.00 |
|  pifoEngines_3/enque_brain/engineCAM/ram_reg_bram_8  | RAMB36E2  |      AUTO |          36864 |     36864 |    100.00 |    2048 |          2048 |        100.00 |      18 |            18 |        100.00 |    2048 |          2048 |        100.00 |      18 |            18 |        100.00 |
|  pifoEngines_3/enque_brain/engineCAM/ram_reg_bram_9  | RAMB36E2  |      AUTO |          36864 |     36864 |    100.00 |    2048 |          2048 |        100.00 |      18 |            18 |        100.00 |    2048 |          2048 |        100.00 |      18 |            18 |        100.00 |
|  pifoEngines_3/enque_brain/engineCAM/ram_reg_bram_10 | RAMB36E2  |      AUTO |          36864 |     36864 |    100.00 |    2048 |          2048 |        100.00 |      18 |            18 |        100.00 |    2048 |          2048 |        100.00 |      18 |            18 |        100.00 |
|  pifoEngines_3/enque_brain/engineCAM/ram_reg_bram_11 | RAMB36E2  |      AUTO |          36864 |     36864 |    100.00 |    2048 |          2048 |        100.00 |      18 |            18 |        100.00 |    2048 |          2048 |        100.00 |      18 |            18 |        100.00 |
|  pifoEngines_3/enque_brain/engineCAM/ram_reg_bram_12 | RAMB36E2  |      AUTO |          36864 |     36864 |    100.00 |    2048 |          2048 |        100.00 |      18 |            18 |        100.00 |    2048 |          2048 |        100.00 |      18 |            18 |        100.00 |
|  pifoEngines_3/enque_brain/engineCAM/ram_reg_bram_13 | RAMB36E2  |      AUTO |          36864 |     36864 |    100.00 |    2048 |          2048 |        100.00 |      18 |            18 |        100.00 |    2048 |          2048 |        100.00 |      18 |            18 |        100.00 |
|  pifoEngines_3/enque_brain/engineCAM/ram_reg_bram_14 | RAMB36E2  |      AUTO |          36864 |     36864 |    100.00 |    2048 |          2048 |        100.00 |      18 |            18 |        100.00 |    2048 |          2048 |        100.00 |      18 |            18 |        100.00 |
|  pifoEngines_3/enque_brain/engineCAM/ram_reg_bram_15 | RAMB36E2  |      AUTO |          36864 |     36864 |    100.00 |    2048 |          2048 |        100.00 |      18 |            18 |        100.00 |    2048 |          2048 |        100.00 |      18 |            18 |        100.00 |
|  pifoEngines_3/enque_brain/engineCAM/ram_reg_bram_16 | RAMB36E2  |      AUTO |          36864 |     36864 |    100.00 |    2048 |          2048 |        100.00 |      18 |            18 |        100.00 |    2048 |          2048 |        100.00 |      18 |            18 |        100.00 |
|  pifoEngines_3/enque_brain/engineCAM/ram_reg_bram_17 | RAMB36E2  |      AUTO |          36864 |     36864 |    100.00 |    2048 |          2048 |        100.00 |      18 |            18 |        100.00 |    2048 |          2048 |        100.00 |      18 |            18 |        100.00 |
|  pifoEngines_3/enque_brain/engineCAM/ram_reg_bram_18 | RAMB36E2  |      AUTO |          36864 |     36864 |    100.00 |    2048 |          2048 |        100.00 |      18 |            18 |        100.00 |    2048 |          2048 |        100.00 |      18 |            18 |        100.00 |
|  pifoEngines_3/enque_brain/engineCAM/ram_reg_bram_19 | RAMB36E2  |      AUTO |          36864 |     36864 |    100.00 |    2048 |          2048 |        100.00 |      18 |            18 |        100.00 |    2048 |          2048 |        100.00 |      18 |            18 |        100.00 |
|  pifoEngines_3/enque_brain/engineCAM/ram_reg_bram_20 | RAMB36E2  |      AUTO |          36864 |     36864 |    100.00 |    2048 |          2048 |        100.00 |      18 |            18 |        100.00 |    2048 |          2048 |        100.00 |      18 |            18 |        100.00 |
|  pifoEngines_3/enque_brain/engineCAM/ram_reg_bram_21 | RAMB36E2  |      AUTO |          36864 |     36864 |    100.00 |    2048 |          2048 |        100.00 |      18 |            18 |        100.00 |    2048 |          2048 |        100.00 |      18 |            18 |        100.00 |
|  pifoEngines_3/enque_brain/engineCAM/ram_reg_bram_22 | RAMB36E2  |      AUTO |          36864 |     36864 |    100.00 |    2048 |          2048 |        100.00 |      18 |            18 |        100.00 |    2048 |          2048 |        100.00 |      18 |            18 |        100.00 |
|  pifoEngines_3/enque_brain/engineCAM/ram_reg_bram_23 | RAMB36E2  |      AUTO |          36864 |     36864 |    100.00 |    2048 |          2048 |        100.00 |      18 |            18 |        100.00 |    2048 |          2048 |        100.00 |      18 |            18 |        100.00 |
|  pifoEngines_3/enque_brain/engineCAM/ram_reg_bram_24 | RAMB36E2  |      AUTO |          36864 |     36864 |    100.00 |    2048 |          2048 |        100.00 |      18 |            18 |        100.00 |    2048 |          2048 |        100.00 |      18 |            18 |        100.00 |
|  pifoEngines_3/enque_brain/engineCAM/ram_reg_bram_25 | RAMB36E2  |      AUTO |          36864 |     36864 |    100.00 |    2048 |          2048 |        100.00 |      18 |            18 |        100.00 |    2048 |          2048 |        100.00 |      18 |            18 |        100.00 |
|  pifoEngines_3/enque_brain/engineCAM/ram_reg_bram_26 | RAMB36E2  |      AUTO |          36864 |     36864 |    100.00 |    2048 |          2048 |        100.00 |      18 |            18 |        100.00 |    2048 |          2048 |        100.00 |      18 |            18 |        100.00 |
|  pifoEngines_3/enque_brain/engineCAM/ram_reg_bram_27 | RAMB36E2  |      AUTO |          36864 |     36864 |    100.00 |    2048 |          2048 |        100.00 |      18 |            18 |        100.00 |    2048 |          2048 |        100.00 |      18 |            18 |        100.00 |
|  pifoEngines_3/enque_brain/engineCAM/ram_reg_bram_28 | RAMB36E2  |      AUTO |          36864 |     36864 |    100.00 |    2048 |          2048 |        100.00 |      18 |            18 |        100.00 |    2048 |          2048 |        100.00 |      18 |            18 |        100.00 |
|  pifoEngines_3/enque_brain/engineCAM/ram_reg_bram_29 | RAMB36E2  |      AUTO |          36864 |     36864 |    100.00 |    2048 |          2048 |        100.00 |      18 |            18 |        100.00 |    2048 |          2048 |        100.00 |      18 |            18 |        100.00 |
|  pifoEngines_3/enque_brain/engineCAM/ram_reg_bram_30 | RAMB36E2  |      AUTO |          36864 |     36864 |    100.00 |    2048 |          2048 |        100.00 |      18 |            18 |        100.00 |    2048 |          2048 |        100.00 |      18 |            18 |        100.00 |
|  pifoEngines_3/enque_brain/engineCAM/ram_reg_bram_31 | RAMB36E2  |      AUTO |          36864 |     36864 |    100.00 |    2048 |          2048 |        100.00 |      18 |            18 |        100.00 |    2048 |          2048 |        100.00 |      18 |            18 |        100.00 |
|  pifoEngines_3/enque_brain/engineCAM/ram_reg_bram_32 | RAMB36E2  |      AUTO |          36864 |     36864 |    100.00 |    2048 |          2048 |        100.00 |      18 |            18 |        100.00 |    2048 |          2048 |        100.00 |      18 |            18 |        100.00 |
|  pifoEngines_3/enque_brain/engineCAM/ram_reg_bram_33 | RAMB36E2  |      AUTO |          36864 |     36864 |    100.00 |    2048 |          2048 |        100.00 |      18 |            18 |        100.00 |    2048 |          2048 |        100.00 |      18 |            18 |        100.00 |
|  pifoEngines_3/enque_brain/engineCAM/ram_reg_bram_34 | RAMB36E2  |      AUTO |          36864 |     36864 |    100.00 |    2048 |          2048 |        100.00 |      18 |            18 |        100.00 |    2048 |          2048 |        100.00 |      18 |            18 |        100.00 |
|  pifoEngines_3/enque_brain/engineCAM/ram_reg_bram_35 | RAMB36E2  |      AUTO |          36864 |     36864 |    100.00 |    2048 |          2048 |        100.00 |      18 |            18 |        100.00 |    2048 |          2048 |        100.00 |      18 |            18 |        100.00 |
|  pifoEngines_3/enque_brain/engineCAM/ram_reg_bram_36 | RAMB36E2  |      AUTO |          36864 |     36864 |    100.00 |    2048 |          2048 |        100.00 |      18 |            18 |        100.00 |    2048 |          2048 |        100.00 |      18 |            18 |        100.00 |
|  pifoEngines_3/enque_brain/engineCAM/ram_reg_bram_37 | RAMB36E2  |      AUTO |          36864 |     36864 |    100.00 |    2048 |          2048 |        100.00 |      18 |            18 |        100.00 |    2048 |          2048 |        100.00 |      18 |            18 |        100.00 |
|  pifoEngines_3/enque_brain/engineCAM/ram_reg_bram_38 | RAMB36E2  |      AUTO |          36864 |     36864 |    100.00 |    2048 |          2048 |        100.00 |      18 |            18 |        100.00 |    2048 |          2048 |        100.00 |      18 |            18 |        100.00 |
|  pifoEngines_3/enque_brain/engineCAM/ram_reg_bram_39 | RAMB36E2  |      AUTO |          36864 |     36864 |    100.00 |    2048 |          2048 |        100.00 |      18 |            18 |        100.00 |    2048 |          2048 |        100.00 |      18 |            18 |        100.00 |
|  pifoEngines_3/enque_brain/engineCAM/ram_reg_bram_40 | RAMB36E2  |      AUTO |          36864 |     36864 |    100.00 |    2048 |          2048 |        100.00 |      18 |            18 |        100.00 |    2048 |          2048 |        100.00 |      18 |            18 |        100.00 |
|  pifoEngines_3/enque_brain/engineCAM/ram_reg_bram_41 | RAMB36E2  |      AUTO |          36864 |     36864 |    100.00 |    2048 |          2048 |        100.00 |      18 |            18 |        100.00 |    2048 |          2048 |        100.00 |      18 |            18 |        100.00 |
|  pifoEngines_3/enque_brain/engineCAM/ram_reg_bram_42 | RAMB36E2  |      AUTO |          36864 |     36864 |    100.00 |    2048 |          2048 |        100.00 |      18 |            18 |        100.00 |    2048 |          2048 |        100.00 |      18 |            18 |        100.00 |
|  pifoEngines_3/enque_brain/engineCAM/ram_reg_bram_43 | RAMB36E2  |      AUTO |          36864 |     36864 |    100.00 |    2048 |          2048 |        100.00 |      18 |            18 |        100.00 |    2048 |          2048 |        100.00 |      18 |            18 |        100.00 |
|  pifoEngines_3/enque_brain/engineCAM/ram_reg_bram_44 | RAMB36E2  |      AUTO |          36864 |     36864 |    100.00 |    2048 |          2048 |        100.00 |      18 |            18 |        100.00 |    2048 |          2048 |        100.00 |      18 |            18 |        100.00 |
|  pifoEngines_3/enque_brain/engineCAM/ram_reg_bram_45 | RAMB36E2  |      AUTO |          36864 |     36864 |    100.00 |    2048 |          2048 |        100.00 |      18 |            18 |        100.00 |    2048 |          2048 |        100.00 |      18 |            18 |        100.00 |
|  pifoEngines_3/enque_brain/engineCAM/ram_reg_bram_46 | RAMB36E2  |      AUTO |          36864 |     36864 |    100.00 |    2048 |          2048 |        100.00 |      18 |            18 |        100.00 |    2048 |          2048 |        100.00 |      18 |            18 |        100.00 |
|  pifoEngines_3/enque_brain/engineCAM/ram_reg_bram_47 | RAMB36E2  |      AUTO |          36864 |     36864 |    100.00 |    2048 |          2048 |        100.00 |      18 |            18 |        100.00 |    2048 |          2048 |        100.00 |      18 |            18 |        100.00 |
|  pifoEngines_3/enque_brain/engineCAM/ram_reg_bram_48 | RAMB36E2  |      AUTO |          36864 |     36864 |    100.00 |    2048 |          2048 |        100.00 |      18 |            18 |        100.00 |    2048 |          2048 |        100.00 |      18 |            18 |        100.00 |
|  pifoEngines_3/enque_brain/engineCAM/ram_reg_bram_49 | RAMB36E2  |      AUTO |          36864 |     36864 |    100.00 |    2048 |          2048 |        100.00 |      18 |            18 |        100.00 |    2048 |          2048 |        100.00 |      18 |            18 |        100.00 |
|  pifoEngines_3/enque_brain/engineCAM/ram_reg_bram_50 | RAMB36E2  |      AUTO |          36864 |     36864 |    100.00 |    2048 |          2048 |        100.00 |      18 |            18 |        100.00 |    2048 |          2048 |        100.00 |      18 |            18 |        100.00 |
|  pifoEngines_3/enque_brain/engineCAM/ram_reg_bram_51 | RAMB36E2  |      AUTO |          36864 |     36864 |    100.00 |    2048 |          2048 |        100.00 |      18 |            18 |        100.00 |    2048 |          2048 |        100.00 |      18 |            18 |        100.00 |
|  pifoEngines_3/enque_brain/engineCAM/ram_reg_bram_52 | RAMB36E2  |      AUTO |          36864 |     36864 |    100.00 |    2048 |          2048 |        100.00 |      18 |            18 |        100.00 |    2048 |          2048 |        100.00 |      18 |            18 |        100.00 |
|  pifoEngines_3/enque_brain/engineCAM/ram_reg_bram_53 | RAMB36E2  |      AUTO |          36864 |     36864 |    100.00 |    2048 |          2048 |        100.00 |      18 |            18 |        100.00 |    2048 |          2048 |        100.00 |      18 |            18 |        100.00 |
|  pifoEngines_3/enque_brain/engineCAM/ram_reg_bram_54 | RAMB36E2  |      AUTO |          36864 |     36864 |    100.00 |    2048 |          2048 |        100.00 |      18 |            18 |        100.00 |    2048 |          2048 |        100.00 |      18 |            18 |        100.00 |
|  pifoEngines_3/enque_brain/engineCAM/ram_reg_bram_55 | RAMB36E2  |      AUTO |          36864 |     36864 |    100.00 |    2048 |          2048 |        100.00 |      18 |            18 |        100.00 |    2048 |          2048 |        100.00 |      18 |            18 |        100.00 |
|  pifoEngines_3/enque_brain/engineCAM/ram_reg_bram_56 | RAMB36E2  |      AUTO |          36864 |     36864 |    100.00 |    2048 |          2048 |        100.00 |      18 |            18 |        100.00 |    2048 |          2048 |        100.00 |      18 |            18 |        100.00 |
|  pifoEngines_3/enque_brain/engineCAM/ram_reg_bram_57 | RAMB36E2  |      AUTO |          36864 |     36864 |    100.00 |    2048 |          2048 |        100.00 |      18 |            18 |        100.00 |    2048 |          2048 |        100.00 |      18 |            18 |        100.00 |
|  pifoEngines_3/enque_brain/engineCAM/ram_reg_bram_58 | RAMB36E2  |      AUTO |          36864 |     36864 |    100.00 |    2048 |          2048 |        100.00 |      18 |            18 |        100.00 |    2048 |          2048 |        100.00 |      18 |            18 |        100.00 |
|  pifoEngines_3/enque_brain/engineCAM/ram_reg_bram_59 | RAMB36E2  |      AUTO |          36864 |     36864 |    100.00 |    2048 |          2048 |        100.00 |      18 |            18 |        100.00 |    2048 |          2048 |        100.00 |      18 |            18 |        100.00 |
|  pifoEngines_3/enque_brain/engineCAM/ram_reg_bram_60 | RAMB36E2  |      AUTO |          36864 |     36864 |    100.00 |    2048 |          2048 |        100.00 |      18 |            18 |        100.00 |    2048 |          2048 |        100.00 |      18 |            18 |        100.00 |
|  pifoEngines_3/enque_brain/engineCAM/ram_reg_bram_61 | RAMB36E2  |      AUTO |          36864 |     36864 |    100.00 |    2048 |          2048 |        100.00 |      18 |            18 |        100.00 |    2048 |          2048 |        100.00 |      18 |            18 |        100.00 |
|  pifoEngines_3/enque_brain/engineCAM/ram_reg_bram_62 | RAMB36E2  |      AUTO |          36864 |     36864 |    100.00 |    2048 |          2048 |        100.00 |      18 |            18 |        100.00 |    2048 |          2048 |        100.00 |      18 |            18 |        100.00 |
|  pifoEngines_3/enque_brain/engineCAM/ram_reg_bram_63 | RAMB36E2  |      AUTO |          36864 |     36864 |    100.00 |    2048 |          2048 |        100.00 |      18 |            18 |        100.00 |    2048 |          2048 |        100.00 |      18 |            18 |        100.00 |
| pifoEngines_4/enque_brain/engineCAM/ram              |           |           |                |           |           |         |               |               |         |               |               |         |               |               |         |               |               |
|  pifoEngines_4/enque_brain/engineCAM/ram_reg_bram_0  | RAMB36E2  |      AUTO |          36864 |     36864 |    100.00 |    2048 |          2048 |        100.00 |      18 |            18 |        100.00 |    2048 |          2048 |        100.00 |      18 |            18 |        100.00 |
|  pifoEngines_4/enque_brain/engineCAM/ram_reg_bram_1  | RAMB36E2  |      AUTO |          36864 |     36864 |    100.00 |    2048 |          2048 |        100.00 |      18 |            18 |        100.00 |    2048 |          2048 |        100.00 |      18 |            18 |        100.00 |
|  pifoEngines_4/enque_brain/engineCAM/ram_reg_bram_2  | RAMB36E2  |      AUTO |          36864 |     36864 |    100.00 |    2048 |          2048 |        100.00 |      18 |            18 |        100.00 |    2048 |          2048 |        100.00 |      18 |            18 |        100.00 |
|  pifoEngines_4/enque_brain/engineCAM/ram_reg_bram_3  | RAMB36E2  |      AUTO |          36864 |     36864 |    100.00 |    2048 |          2048 |        100.00 |      18 |            18 |        100.00 |    2048 |          2048 |        100.00 |      18 |            18 |        100.00 |
|  pifoEngines_4/enque_brain/engineCAM/ram_reg_bram_4  | RAMB36E2  |      AUTO |          36864 |     36864 |    100.00 |    2048 |          2048 |        100.00 |      18 |            18 |        100.00 |    2048 |          2048 |        100.00 |      18 |            18 |        100.00 |
|  pifoEngines_4/enque_brain/engineCAM/ram_reg_bram_5  | RAMB36E2  |      AUTO |          36864 |     36864 |    100.00 |    2048 |          2048 |        100.00 |      18 |            18 |        100.00 |    2048 |          2048 |        100.00 |      18 |            18 |        100.00 |
|  pifoEngines_4/enque_brain/engineCAM/ram_reg_bram_6  | RAMB36E2  |      AUTO |          36864 |     36864 |    100.00 |    2048 |          2048 |        100.00 |      18 |            18 |        100.00 |    2048 |          2048 |        100.00 |      18 |            18 |        100.00 |
|  pifoEngines_4/enque_brain/engineCAM/ram_reg_bram_7  | RAMB36E2  |      AUTO |          36864 |     36864 |    100.00 |    2048 |          2048 |        100.00 |      18 |            18 |        100.00 |    2048 |          2048 |        100.00 |      18 |            18 |        100.00 |
|  pifoEngines_4/enque_brain/engineCAM/ram_reg_bram_8  | RAMB36E2  |      AUTO |          36864 |     36864 |    100.00 |    2048 |          2048 |        100.00 |      18 |            18 |        100.00 |    2048 |          2048 |        100.00 |      18 |            18 |        100.00 |
|  pifoEngines_4/enque_brain/engineCAM/ram_reg_bram_9  | RAMB36E2  |      AUTO |          36864 |     36864 |    100.00 |    2048 |          2048 |        100.00 |      18 |            18 |        100.00 |    2048 |          2048 |        100.00 |      18 |            18 |        100.00 |
|  pifoEngines_4/enque_brain/engineCAM/ram_reg_bram_10 | RAMB36E2  |      AUTO |          36864 |     36864 |    100.00 |    2048 |          2048 |        100.00 |      18 |            18 |        100.00 |    2048 |          2048 |        100.00 |      18 |            18 |        100.00 |
|  pifoEngines_4/enque_brain/engineCAM/ram_reg_bram_11 | RAMB36E2  |      AUTO |          36864 |     36864 |    100.00 |    2048 |          2048 |        100.00 |      18 |            18 |        100.00 |    2048 |          2048 |        100.00 |      18 |            18 |        100.00 |
|  pifoEngines_4/enque_brain/engineCAM/ram_reg_bram_12 | RAMB36E2  |      AUTO |          36864 |     36864 |    100.00 |    2048 |          2048 |        100.00 |      18 |            18 |        100.00 |    2048 |          2048 |        100.00 |      18 |            18 |        100.00 |
|  pifoEngines_4/enque_brain/engineCAM/ram_reg_bram_13 | RAMB36E2  |      AUTO |          36864 |     36864 |    100.00 |    2048 |          2048 |        100.00 |      18 |            18 |        100.00 |    2048 |          2048 |        100.00 |      18 |            18 |        100.00 |
|  pifoEngines_4/enque_brain/engineCAM/ram_reg_bram_14 | RAMB36E2  |      AUTO |          36864 |     36864 |    100.00 |    2048 |          2048 |        100.00 |      18 |            18 |        100.00 |    2048 |          2048 |        100.00 |      18 |            18 |        100.00 |
|  pifoEngines_4/enque_brain/engineCAM/ram_reg_bram_15 | RAMB36E2  |      AUTO |          36864 |     36864 |    100.00 |    2048 |          2048 |        100.00 |      18 |            18 |        100.00 |    2048 |          2048 |        100.00 |      18 |            18 |        100.00 |
|  pifoEngines_4/enque_brain/engineCAM/ram_reg_bram_16 | RAMB36E2  |      AUTO |          36864 |     36864 |    100.00 |    2048 |          2048 |        100.00 |      18 |            18 |        100.00 |    2048 |          2048 |        100.00 |      18 |            18 |        100.00 |
|  pifoEngines_4/enque_brain/engineCAM/ram_reg_bram_17 | RAMB36E2  |      AUTO |          36864 |     36864 |    100.00 |    2048 |          2048 |        100.00 |      18 |            18 |        100.00 |    2048 |          2048 |        100.00 |      18 |            18 |        100.00 |
|  pifoEngines_4/enque_brain/engineCAM/ram_reg_bram_18 | RAMB36E2  |      AUTO |          36864 |     36864 |    100.00 |    2048 |          2048 |        100.00 |      18 |            18 |        100.00 |    2048 |          2048 |        100.00 |      18 |            18 |        100.00 |
|  pifoEngines_4/enque_brain/engineCAM/ram_reg_bram_19 | RAMB36E2  |      AUTO |          36864 |     36864 |    100.00 |    2048 |          2048 |        100.00 |      18 |            18 |        100.00 |    2048 |          2048 |        100.00 |      18 |            18 |        100.00 |
|  pifoEngines_4/enque_brain/engineCAM/ram_reg_bram_20 | RAMB36E2  |      AUTO |          36864 |     36864 |    100.00 |    2048 |          2048 |        100.00 |      18 |            18 |        100.00 |    2048 |          2048 |        100.00 |      18 |            18 |        100.00 |
|  pifoEngines_4/enque_brain/engineCAM/ram_reg_bram_21 | RAMB36E2  |      AUTO |          36864 |     36864 |    100.00 |    2048 |          2048 |        100.00 |      18 |            18 |        100.00 |    2048 |          2048 |        100.00 |      18 |            18 |        100.00 |
|  pifoEngines_4/enque_brain/engineCAM/ram_reg_bram_22 | RAMB36E2  |      AUTO |          36864 |     36864 |    100.00 |    2048 |          2048 |        100.00 |      18 |            18 |        100.00 |    2048 |          2048 |        100.00 |      18 |            18 |        100.00 |
|  pifoEngines_4/enque_brain/engineCAM/ram_reg_bram_23 | RAMB36E2  |      AUTO |          36864 |     36864 |    100.00 |    2048 |          2048 |        100.00 |      18 |            18 |        100.00 |    2048 |          2048 |        100.00 |      18 |            18 |        100.00 |
|  pifoEngines_4/enque_brain/engineCAM/ram_reg_bram_24 | RAMB36E2  |      AUTO |          36864 |     36864 |    100.00 |    2048 |          2048 |        100.00 |      18 |            18 |        100.00 |    2048 |          2048 |        100.00 |      18 |            18 |        100.00 |
|  pifoEngines_4/enque_brain/engineCAM/ram_reg_bram_25 | RAMB36E2  |      AUTO |          36864 |     36864 |    100.00 |    2048 |          2048 |        100.00 |      18 |            18 |        100.00 |    2048 |          2048 |        100.00 |      18 |            18 |        100.00 |
|  pifoEngines_4/enque_brain/engineCAM/ram_reg_bram_26 | RAMB36E2  |      AUTO |          36864 |     36864 |    100.00 |    2048 |          2048 |        100.00 |      18 |            18 |        100.00 |    2048 |          2048 |        100.00 |      18 |            18 |        100.00 |
|  pifoEngines_4/enque_brain/engineCAM/ram_reg_bram_27 | RAMB36E2  |      AUTO |          36864 |     36864 |    100.00 |    2048 |          2048 |        100.00 |      18 |            18 |        100.00 |    2048 |          2048 |        100.00 |      18 |            18 |        100.00 |
|  pifoEngines_4/enque_brain/engineCAM/ram_reg_bram_28 | RAMB36E2  |      AUTO |          36864 |     36864 |    100.00 |    2048 |          2048 |        100.00 |      18 |            18 |        100.00 |    2048 |          2048 |        100.00 |      18 |            18 |        100.00 |
|  pifoEngines_4/enque_brain/engineCAM/ram_reg_bram_29 | RAMB36E2  |      AUTO |          36864 |     36864 |    100.00 |    2048 |          2048 |        100.00 |      18 |            18 |        100.00 |    2048 |          2048 |        100.00 |      18 |            18 |        100.00 |
|  pifoEngines_4/enque_brain/engineCAM/ram_reg_bram_30 | RAMB36E2  |      AUTO |          36864 |     36864 |    100.00 |    2048 |          2048 |        100.00 |      18 |            18 |        100.00 |    2048 |          2048 |        100.00 |      18 |            18 |        100.00 |
|  pifoEngines_4/enque_brain/engineCAM/ram_reg_bram_31 | RAMB36E2  |      AUTO |          36864 |     36864 |    100.00 |    2048 |          2048 |        100.00 |      18 |            18 |        100.00 |    2048 |          2048 |        100.00 |      18 |            18 |        100.00 |
|  pifoEngines_4/enque_brain/engineCAM/ram_reg_bram_32 | RAMB36E2  |      AUTO |          36864 |     36864 |    100.00 |    2048 |          2048 |        100.00 |      18 |            18 |        100.00 |    2048 |          2048 |        100.00 |      18 |            18 |        100.00 |
|  pifoEngines_4/enque_brain/engineCAM/ram_reg_bram_33 | RAMB36E2  |      AUTO |          36864 |     36864 |    100.00 |    2048 |          2048 |        100.00 |      18 |            18 |        100.00 |    2048 |          2048 |        100.00 |      18 |            18 |        100.00 |
|  pifoEngines_4/enque_brain/engineCAM/ram_reg_bram_34 | RAMB36E2  |      AUTO |          36864 |     36864 |    100.00 |    2048 |          2048 |        100.00 |      18 |            18 |        100.00 |    2048 |          2048 |        100.00 |      18 |            18 |        100.00 |
|  pifoEngines_4/enque_brain/engineCAM/ram_reg_bram_35 | RAMB36E2  |      AUTO |          36864 |     36864 |    100.00 |    2048 |          2048 |        100.00 |      18 |            18 |        100.00 |    2048 |          2048 |        100.00 |      18 |            18 |        100.00 |
|  pifoEngines_4/enque_brain/engineCAM/ram_reg_bram_36 | RAMB36E2  |      AUTO |          36864 |     36864 |    100.00 |    2048 |          2048 |        100.00 |      18 |            18 |        100.00 |    2048 |          2048 |        100.00 |      18 |            18 |        100.00 |
|  pifoEngines_4/enque_brain/engineCAM/ram_reg_bram_37 | RAMB36E2  |      AUTO |          36864 |     36864 |    100.00 |    2048 |          2048 |        100.00 |      18 |            18 |        100.00 |    2048 |          2048 |        100.00 |      18 |            18 |        100.00 |
|  pifoEngines_4/enque_brain/engineCAM/ram_reg_bram_38 | RAMB36E2  |      AUTO |          36864 |     36864 |    100.00 |    2048 |          2048 |        100.00 |      18 |            18 |        100.00 |    2048 |          2048 |        100.00 |      18 |            18 |        100.00 |
|  pifoEngines_4/enque_brain/engineCAM/ram_reg_bram_39 | RAMB36E2  |      AUTO |          36864 |     36864 |    100.00 |    2048 |          2048 |        100.00 |      18 |            18 |        100.00 |    2048 |          2048 |        100.00 |      18 |            18 |        100.00 |
|  pifoEngines_4/enque_brain/engineCAM/ram_reg_bram_40 | RAMB36E2  |      AUTO |          36864 |     36864 |    100.00 |    2048 |          2048 |        100.00 |      18 |            18 |        100.00 |    2048 |          2048 |        100.00 |      18 |            18 |        100.00 |
|  pifoEngines_4/enque_brain/engineCAM/ram_reg_bram_41 | RAMB36E2  |      AUTO |          36864 |     36864 |    100.00 |    2048 |          2048 |        100.00 |      18 |            18 |        100.00 |    2048 |          2048 |        100.00 |      18 |            18 |        100.00 |
|  pifoEngines_4/enque_brain/engineCAM/ram_reg_bram_42 | RAMB36E2  |      AUTO |          36864 |     36864 |    100.00 |    2048 |          2048 |        100.00 |      18 |            18 |        100.00 |    2048 |          2048 |        100.00 |      18 |            18 |        100.00 |
|  pifoEngines_4/enque_brain/engineCAM/ram_reg_bram_43 | RAMB36E2  |      AUTO |          36864 |     36864 |    100.00 |    2048 |          2048 |        100.00 |      18 |            18 |        100.00 |    2048 |          2048 |        100.00 |      18 |            18 |        100.00 |
|  pifoEngines_4/enque_brain/engineCAM/ram_reg_bram_44 | RAMB36E2  |      AUTO |          36864 |     36864 |    100.00 |    2048 |          2048 |        100.00 |      18 |            18 |        100.00 |    2048 |          2048 |        100.00 |      18 |            18 |        100.00 |
|  pifoEngines_4/enque_brain/engineCAM/ram_reg_bram_45 | RAMB36E2  |      AUTO |          36864 |     36864 |    100.00 |    2048 |          2048 |        100.00 |      18 |            18 |        100.00 |    2048 |          2048 |        100.00 |      18 |            18 |        100.00 |
|  pifoEngines_4/enque_brain/engineCAM/ram_reg_bram_46 | RAMB36E2  |      AUTO |          36864 |     36864 |    100.00 |    2048 |          2048 |        100.00 |      18 |            18 |        100.00 |    2048 |          2048 |        100.00 |      18 |            18 |        100.00 |
|  pifoEngines_4/enque_brain/engineCAM/ram_reg_bram_47 | RAMB36E2  |      AUTO |          36864 |     36864 |    100.00 |    2048 |          2048 |        100.00 |      18 |            18 |        100.00 |    2048 |          2048 |        100.00 |      18 |            18 |        100.00 |
|  pifoEngines_4/enque_brain/engineCAM/ram_reg_bram_48 | RAMB36E2  |      AUTO |          36864 |     36864 |    100.00 |    2048 |          2048 |        100.00 |      18 |            18 |        100.00 |    2048 |          2048 |        100.00 |      18 |            18 |        100.00 |
|  pifoEngines_4/enque_brain/engineCAM/ram_reg_bram_49 | RAMB36E2  |      AUTO |          36864 |     36864 |    100.00 |    2048 |          2048 |        100.00 |      18 |            18 |        100.00 |    2048 |          2048 |        100.00 |      18 |            18 |        100.00 |
|  pifoEngines_4/enque_brain/engineCAM/ram_reg_bram_50 | RAMB36E2  |      AUTO |          36864 |     36864 |    100.00 |    2048 |          2048 |        100.00 |      18 |            18 |        100.00 |    2048 |          2048 |        100.00 |      18 |            18 |        100.00 |
|  pifoEngines_4/enque_brain/engineCAM/ram_reg_bram_51 | RAMB36E2  |      AUTO |          36864 |     36864 |    100.00 |    2048 |          2048 |        100.00 |      18 |            18 |        100.00 |    2048 |          2048 |        100.00 |      18 |            18 |        100.00 |
|  pifoEngines_4/enque_brain/engineCAM/ram_reg_bram_52 | RAMB36E2  |      AUTO |          36864 |     36864 |    100.00 |    2048 |          2048 |        100.00 |      18 |            18 |        100.00 |    2048 |          2048 |        100.00 |      18 |            18 |        100.00 |
|  pifoEngines_4/enque_brain/engineCAM/ram_reg_bram_53 | RAMB36E2  |      AUTO |          36864 |     36864 |    100.00 |    2048 |          2048 |        100.00 |      18 |            18 |        100.00 |    2048 |          2048 |        100.00 |      18 |            18 |        100.00 |
|  pifoEngines_4/enque_brain/engineCAM/ram_reg_bram_54 | RAMB36E2  |      AUTO |          36864 |     36864 |    100.00 |    2048 |          2048 |        100.00 |      18 |            18 |        100.00 |    2048 |          2048 |        100.00 |      18 |            18 |        100.00 |
|  pifoEngines_4/enque_brain/engineCAM/ram_reg_bram_55 | RAMB36E2  |      AUTO |          36864 |     36864 |    100.00 |    2048 |          2048 |        100.00 |      18 |            18 |        100.00 |    2048 |          2048 |        100.00 |      18 |            18 |        100.00 |
|  pifoEngines_4/enque_brain/engineCAM/ram_reg_bram_56 | RAMB36E2  |      AUTO |          36864 |     36864 |    100.00 |    2048 |          2048 |        100.00 |      18 |            18 |        100.00 |    2048 |          2048 |        100.00 |      18 |            18 |        100.00 |
|  pifoEngines_4/enque_brain/engineCAM/ram_reg_bram_57 | RAMB36E2  |      AUTO |          36864 |     36864 |    100.00 |    2048 |          2048 |        100.00 |      18 |            18 |        100.00 |    2048 |          2048 |        100.00 |      18 |            18 |        100.00 |
|  pifoEngines_4/enque_brain/engineCAM/ram_reg_bram_58 | RAMB36E2  |      AUTO |          36864 |     36864 |    100.00 |    2048 |          2048 |        100.00 |      18 |            18 |        100.00 |    2048 |          2048 |        100.00 |      18 |            18 |        100.00 |
|  pifoEngines_4/enque_brain/engineCAM/ram_reg_bram_59 | RAMB36E2  |      AUTO |          36864 |     36864 |    100.00 |    2048 |          2048 |        100.00 |      18 |            18 |        100.00 |    2048 |          2048 |        100.00 |      18 |            18 |        100.00 |
|  pifoEngines_4/enque_brain/engineCAM/ram_reg_bram_60 | RAMB36E2  |      AUTO |          36864 |     36864 |    100.00 |    2048 |          2048 |        100.00 |      18 |            18 |        100.00 |    2048 |          2048 |        100.00 |      18 |            18 |        100.00 |
|  pifoEngines_4/enque_brain/engineCAM/ram_reg_bram_61 | RAMB36E2  |      AUTO |          36864 |     36864 |    100.00 |    2048 |          2048 |        100.00 |      18 |            18 |        100.00 |    2048 |          2048 |        100.00 |      18 |            18 |        100.00 |
|  pifoEngines_4/enque_brain/engineCAM/ram_reg_bram_62 | RAMB36E2  |      AUTO |          36864 |     36864 |    100.00 |    2048 |          2048 |        100.00 |      18 |            18 |        100.00 |    2048 |          2048 |        100.00 |      18 |            18 |        100.00 |
|  pifoEngines_4/enque_brain/engineCAM/ram_reg_bram_63 | RAMB36E2  |      AUTO |          36864 |     36864 |    100.00 |    2048 |          2048 |        100.00 |      18 |            18 |        100.00 |    2048 |          2048 |        100.00 |      18 |            18 |        100.00 |
| pifoEngines_0/deque_dequeMapper/ram                  |           |           |                |           |           |         |               |               |         |               |               |         |               |               |         |               |               |
|  pifoEngines_0/deque_dequeMapper/ram_reg_bram_0      | RAMB36E2  |      AUTO |          36864 |     36864 |    100.00 |    4096 |          4096 |        100.00 |       9 |             9 |        100.00 |    4096 |          4096 |        100.00 |       9 |             9 |        100.00 |
|  pifoEngines_0/deque_dequeMapper/ram_reg_bram_1      | RAMB36E2  |      AUTO |          36864 |     36864 |    100.00 |    4096 |          4096 |        100.00 |       9 |             9 |        100.00 |    4096 |          4096 |        100.00 |       9 |             9 |        100.00 |
|  pifoEngines_0/deque_dequeMapper/ram_reg_bram_2      | RAMB36E2  |      AUTO |          36864 |     36864 |    100.00 |    4096 |          4096 |        100.00 |       9 |             9 |        100.00 |    4096 |          4096 |        100.00 |       9 |             9 |        100.00 |
|  pifoEngines_0/deque_dequeMapper/ram_reg_bram_3      | RAMB36E2  |      AUTO |          36864 |     36864 |    100.00 |    4096 |          4096 |        100.00 |       9 |             9 |        100.00 |    4096 |          4096 |        100.00 |       9 |             9 |        100.00 |
|  pifoEngines_0/deque_dequeMapper/ram_reg_bram_4      | RAMB36E2  |      AUTO |          36864 |     36864 |    100.00 |    4096 |          4096 |        100.00 |       9 |             9 |        100.00 |    4096 |          4096 |        100.00 |       9 |             9 |        100.00 |
|  pifoEngines_0/deque_dequeMapper/ram_reg_bram_5      | RAMB36E2  |      AUTO |          36864 |     36864 |    100.00 |    4096 |          4096 |        100.00 |       9 |             9 |        100.00 |    4096 |          4096 |        100.00 |       9 |             9 |        100.00 |
|  pifoEngines_0/deque_dequeMapper/ram_reg_bram_6      | RAMB36E2  |      AUTO |          36864 |     36864 |    100.00 |    4096 |          4096 |        100.00 |       9 |             9 |        100.00 |    4096 |          4096 |        100.00 |       9 |             9 |        100.00 |
|  pifoEngines_0/deque_dequeMapper/ram_reg_bram_7      | RAMB36E2  |      AUTO |          36864 |     36864 |    100.00 |    4096 |          4096 |        100.00 |       9 |             9 |        100.00 |    4096 |          4096 |        100.00 |       9 |             9 |        100.00 |
|  pifoEngines_0/deque_dequeMapper/ram_reg_bram_8      | RAMB36E2  |      AUTO |          36864 |     36864 |    100.00 |    4096 |          4096 |        100.00 |       9 |             9 |        100.00 |    4096 |          4096 |        100.00 |       9 |             9 |        100.00 |
|  pifoEngines_0/deque_dequeMapper/ram_reg_bram_9      | RAMB36E2  |      AUTO |          36864 |     36864 |    100.00 |    4096 |          4096 |        100.00 |       9 |             9 |        100.00 |    4096 |          4096 |        100.00 |       9 |             9 |        100.00 |
|  pifoEngines_0/deque_dequeMapper/ram_reg_bram_10     | RAMB36E2  |      AUTO |          36864 |     36864 |    100.00 |    4096 |          4096 |        100.00 |       9 |             9 |        100.00 |    4096 |          4096 |        100.00 |       9 |             9 |        100.00 |
|  pifoEngines_0/deque_dequeMapper/ram_reg_bram_11     | RAMB36E2  |      AUTO |          36864 |     36864 |    100.00 |    4096 |          4096 |        100.00 |       9 |             9 |        100.00 |    4096 |          4096 |        100.00 |       9 |             9 |        100.00 |
|  pifoEngines_0/deque_dequeMapper/ram_reg_bram_12     | RAMB36E2  |      AUTO |          36864 |     36864 |    100.00 |    4096 |          4096 |        100.00 |       9 |             9 |        100.00 |    4096 |          4096 |        100.00 |       9 |             9 |        100.00 |
|  pifoEngines_0/deque_dequeMapper/ram_reg_bram_13     | RAMB36E2  |      AUTO |          36864 |     36864 |    100.00 |    4096 |          4096 |        100.00 |       9 |             9 |        100.00 |    4096 |          4096 |        100.00 |       9 |             9 |        100.00 |
|  pifoEngines_0/deque_dequeMapper/ram_reg_bram_14     | RAMB36E2  |      AUTO |          36864 |     36864 |    100.00 |    4096 |          4096 |        100.00 |       9 |             9 |        100.00 |    4096 |          4096 |        100.00 |       9 |             9 |        100.00 |
|  pifoEngines_0/deque_dequeMapper/ram_reg_bram_15     | RAMB36E2  |      AUTO |          36864 |     36864 |    100.00 |    4096 |          4096 |        100.00 |       9 |             9 |        100.00 |    4096 |          4096 |        100.00 |       9 |             9 |        100.00 |
|  pifoEngines_0/deque_dequeMapper/ram_reg_bram_16     | RAMB36E2  |      AUTO |          36864 |     36864 |    100.00 |    4096 |          4096 |        100.00 |       9 |             9 |        100.00 |    4096 |          4096 |        100.00 |       9 |             9 |        100.00 |
|  pifoEngines_0/deque_dequeMapper/ram_reg_bram_17     | RAMB36E2  |      AUTO |          36864 |     36864 |    100.00 |    4096 |          4096 |        100.00 |       9 |             9 |        100.00 |    4096 |          4096 |        100.00 |       9 |             9 |        100.00 |
|  pifoEngines_0/deque_dequeMapper/ram_reg_bram_18     | RAMB36E2  |      AUTO |          36864 |     36864 |    100.00 |    4096 |          4096 |        100.00 |       9 |             9 |        100.00 |    4096 |          4096 |        100.00 |       9 |             9 |        100.00 |
|  pifoEngines_0/deque_dequeMapper/ram_reg_bram_19     | RAMB36E2  |      AUTO |          36864 |     36864 |    100.00 |    4096 |          4096 |        100.00 |       9 |             9 |        100.00 |    4096 |          4096 |        100.00 |       9 |             9 |        100.00 |
|  pifoEngines_0/deque_dequeMapper/ram_reg_bram_20     | RAMB36E2  |      AUTO |          36864 |     36864 |    100.00 |    4096 |          4096 |        100.00 |       9 |             9 |        100.00 |    4096 |          4096 |        100.00 |       9 |             9 |        100.00 |
|  pifoEngines_0/deque_dequeMapper/ram_reg_bram_21     | RAMB36E2  |      AUTO |          36864 |     36864 |    100.00 |    4096 |          4096 |        100.00 |       9 |             9 |        100.00 |    4096 |          4096 |        100.00 |       9 |             9 |        100.00 |
|  pifoEngines_0/deque_dequeMapper/ram_reg_bram_22     | RAMB36E2  |      AUTO |          36864 |     36864 |    100.00 |    4096 |          4096 |        100.00 |       9 |             9 |        100.00 |    4096 |          4096 |        100.00 |       9 |             9 |        100.00 |
|  pifoEngines_0/deque_dequeMapper/ram_reg_bram_23     | RAMB36E2  |      AUTO |          36864 |     36864 |    100.00 |    4096 |          4096 |        100.00 |       9 |             9 |        100.00 |    4096 |          4096 |        100.00 |       9 |             9 |        100.00 |
|  pifoEngines_0/deque_dequeMapper/ram_reg_bram_24     | RAMB36E2  |      AUTO |          36864 |     36864 |    100.00 |    4096 |          4096 |        100.00 |       9 |             9 |        100.00 |    4096 |          4096 |        100.00 |       9 |             9 |        100.00 |
|  pifoEngines_0/deque_dequeMapper/ram_reg_bram_25     | RAMB36E2  |      AUTO |          36864 |     36864 |    100.00 |    4096 |          4096 |        100.00 |       9 |             9 |        100.00 |    4096 |          4096 |        100.00 |       9 |             9 |        100.00 |
|  pifoEngines_0/deque_dequeMapper/ram_reg_bram_26     | RAMB36E2  |      AUTO |          36864 |     36864 |    100.00 |    4096 |          4096 |        100.00 |       9 |             9 |        100.00 |    4096 |          4096 |        100.00 |       9 |             9 |        100.00 |
|  pifoEngines_0/deque_dequeMapper/ram_reg_bram_27     | RAMB36E2  |      AUTO |          36864 |     36864 |    100.00 |    4096 |          4096 |        100.00 |       9 |             9 |        100.00 |    4096 |          4096 |        100.00 |       9 |             9 |        100.00 |
|  pifoEngines_0/deque_dequeMapper/ram_reg_bram_28     | RAMB36E2  |      AUTO |          36864 |     36864 |    100.00 |    4096 |          4096 |        100.00 |       9 |             9 |        100.00 |    4096 |          4096 |        100.00 |       9 |             9 |        100.00 |
|  pifoEngines_0/deque_dequeMapper/ram_reg_bram_29     | RAMB36E2  |      AUTO |          36864 |     36864 |    100.00 |    4096 |          4096 |        100.00 |       9 |             9 |        100.00 |    4096 |          4096 |        100.00 |       9 |             9 |        100.00 |
|  pifoEngines_0/deque_dequeMapper/ram_reg_bram_30     | RAMB36E2  |      AUTO |          36864 |     36864 |    100.00 |    4096 |          4096 |        100.00 |       9 |             9 |        100.00 |    4096 |          4096 |        100.00 |       9 |             9 |        100.00 |
|  pifoEngines_0/deque_dequeMapper/ram_reg_bram_31     | RAMB36E2  |      AUTO |          36864 |     36864 |    100.00 |    4096 |          4096 |        100.00 |       9 |             9 |        100.00 |    4096 |          4096 |        100.00 |       9 |             9 |        100.00 |
|  pifoEngines_0/deque_dequeMapper/ram_reg_bram_32     | RAMB36E2  |      AUTO |          36864 |     32768 |     88.89 |   32768 |         32768 |        100.00 |       1 |             1 |        100.00 |   32768 |         32768 |        100.00 |       1 |             1 |        100.00 |
|  pifoEngines_0/deque_dequeMapper/ram_reg_bram_33     | RAMB36E2  |      AUTO |          36864 |     32768 |     88.89 |   32768 |         32768 |        100.00 |       1 |             1 |        100.00 |   32768 |         32768 |        100.00 |       1 |             1 |        100.00 |
|  pifoEngines_0/deque_dequeMapper/ram_reg_bram_34     | RAMB36E2  |      AUTO |          36864 |     32768 |     88.89 |   32768 |         32768 |        100.00 |       1 |             1 |        100.00 |   32768 |         32768 |        100.00 |       1 |             1 |        100.00 |
|  pifoEngines_0/deque_dequeMapper/ram_reg_bram_35     | RAMB36E2  |      AUTO |          36864 |     32768 |     88.89 |   32768 |         32768 |        100.00 |       1 |             1 |        100.00 |   32768 |         32768 |        100.00 |       1 |             1 |        100.00 |
| pifoEngines_1/deque_dequeMapper/ram                  |           |           |                |           |           |         |               |               |         |               |               |         |               |               |         |               |               |
|  pifoEngines_1/deque_dequeMapper/ram_reg_bram_0      | RAMB36E2  |      AUTO |          36864 |     36864 |    100.00 |    4096 |          4096 |        100.00 |       9 |             9 |        100.00 |    4096 |          4096 |        100.00 |       9 |             9 |        100.00 |
|  pifoEngines_1/deque_dequeMapper/ram_reg_bram_1      | RAMB36E2  |      AUTO |          36864 |     36864 |    100.00 |    4096 |          4096 |        100.00 |       9 |             9 |        100.00 |    4096 |          4096 |        100.00 |       9 |             9 |        100.00 |
|  pifoEngines_1/deque_dequeMapper/ram_reg_bram_2      | RAMB36E2  |      AUTO |          36864 |     36864 |    100.00 |    4096 |          4096 |        100.00 |       9 |             9 |        100.00 |    4096 |          4096 |        100.00 |       9 |             9 |        100.00 |
|  pifoEngines_1/deque_dequeMapper/ram_reg_bram_3      | RAMB36E2  |      AUTO |          36864 |     36864 |    100.00 |    4096 |          4096 |        100.00 |       9 |             9 |        100.00 |    4096 |          4096 |        100.00 |       9 |             9 |        100.00 |
|  pifoEngines_1/deque_dequeMapper/ram_reg_bram_4      | RAMB36E2  |      AUTO |          36864 |     36864 |    100.00 |    4096 |          4096 |        100.00 |       9 |             9 |        100.00 |    4096 |          4096 |        100.00 |       9 |             9 |        100.00 |
|  pifoEngines_1/deque_dequeMapper/ram_reg_bram_5      | RAMB36E2  |      AUTO |          36864 |     36864 |    100.00 |    4096 |          4096 |        100.00 |       9 |             9 |        100.00 |    4096 |          4096 |        100.00 |       9 |             9 |        100.00 |
|  pifoEngines_1/deque_dequeMapper/ram_reg_bram_6      | RAMB36E2  |      AUTO |          36864 |     36864 |    100.00 |    4096 |          4096 |        100.00 |       9 |             9 |        100.00 |    4096 |          4096 |        100.00 |       9 |             9 |        100.00 |
|  pifoEngines_1/deque_dequeMapper/ram_reg_bram_7      | RAMB36E2  |      AUTO |          36864 |     36864 |    100.00 |    4096 |          4096 |        100.00 |       9 |             9 |        100.00 |    4096 |          4096 |        100.00 |       9 |             9 |        100.00 |
|  pifoEngines_1/deque_dequeMapper/ram_reg_bram_8      | RAMB36E2  |      AUTO |          36864 |     36864 |    100.00 |    4096 |          4096 |        100.00 |       9 |             9 |        100.00 |    4096 |          4096 |        100.00 |       9 |             9 |        100.00 |
|  pifoEngines_1/deque_dequeMapper/ram_reg_bram_9      | RAMB36E2  |      AUTO |          36864 |     36864 |    100.00 |    4096 |          4096 |        100.00 |       9 |             9 |        100.00 |    4096 |          4096 |        100.00 |       9 |             9 |        100.00 |
|  pifoEngines_1/deque_dequeMapper/ram_reg_bram_10     | RAMB36E2  |      AUTO |          36864 |     36864 |    100.00 |    4096 |          4096 |        100.00 |       9 |             9 |        100.00 |    4096 |          4096 |        100.00 |       9 |             9 |        100.00 |
|  pifoEngines_1/deque_dequeMapper/ram_reg_bram_11     | RAMB36E2  |      AUTO |          36864 |     36864 |    100.00 |    4096 |          4096 |        100.00 |       9 |             9 |        100.00 |    4096 |          4096 |        100.00 |       9 |             9 |        100.00 |
|  pifoEngines_1/deque_dequeMapper/ram_reg_bram_12     | RAMB36E2  |      AUTO |          36864 |     36864 |    100.00 |    4096 |          4096 |        100.00 |       9 |             9 |        100.00 |    4096 |          4096 |        100.00 |       9 |             9 |        100.00 |
|  pifoEngines_1/deque_dequeMapper/ram_reg_bram_13     | RAMB36E2  |      AUTO |          36864 |     36864 |    100.00 |    4096 |          4096 |        100.00 |       9 |             9 |        100.00 |    4096 |          4096 |        100.00 |       9 |             9 |        100.00 |
|  pifoEngines_1/deque_dequeMapper/ram_reg_bram_14     | RAMB36E2  |      AUTO |          36864 |     36864 |    100.00 |    4096 |          4096 |        100.00 |       9 |             9 |        100.00 |    4096 |          4096 |        100.00 |       9 |             9 |        100.00 |
|  pifoEngines_1/deque_dequeMapper/ram_reg_bram_15     | RAMB36E2  |      AUTO |          36864 |     36864 |    100.00 |    4096 |          4096 |        100.00 |       9 |             9 |        100.00 |    4096 |          4096 |        100.00 |       9 |             9 |        100.00 |
|  pifoEngines_1/deque_dequeMapper/ram_reg_bram_16     | RAMB36E2  |      AUTO |          36864 |     36864 |    100.00 |    4096 |          4096 |        100.00 |       9 |             9 |        100.00 |    4096 |          4096 |        100.00 |       9 |             9 |        100.00 |
|  pifoEngines_1/deque_dequeMapper/ram_reg_bram_17     | RAMB36E2  |      AUTO |          36864 |     36864 |    100.00 |    4096 |          4096 |        100.00 |       9 |             9 |        100.00 |    4096 |          4096 |        100.00 |       9 |             9 |        100.00 |
|  pifoEngines_1/deque_dequeMapper/ram_reg_bram_18     | RAMB36E2  |      AUTO |          36864 |     36864 |    100.00 |    4096 |          4096 |        100.00 |       9 |             9 |        100.00 |    4096 |          4096 |        100.00 |       9 |             9 |        100.00 |
|  pifoEngines_1/deque_dequeMapper/ram_reg_bram_19     | RAMB36E2  |      AUTO |          36864 |     36864 |    100.00 |    4096 |          4096 |        100.00 |       9 |             9 |        100.00 |    4096 |          4096 |        100.00 |       9 |             9 |        100.00 |
|  pifoEngines_1/deque_dequeMapper/ram_reg_bram_20     | RAMB36E2  |      AUTO |          36864 |     36864 |    100.00 |    4096 |          4096 |        100.00 |       9 |             9 |        100.00 |    4096 |          4096 |        100.00 |       9 |             9 |        100.00 |
|  pifoEngines_1/deque_dequeMapper/ram_reg_bram_21     | RAMB36E2  |      AUTO |          36864 |     36864 |    100.00 |    4096 |          4096 |        100.00 |       9 |             9 |        100.00 |    4096 |          4096 |        100.00 |       9 |             9 |        100.00 |
|  pifoEngines_1/deque_dequeMapper/ram_reg_bram_22     | RAMB36E2  |      AUTO |          36864 |     36864 |    100.00 |    4096 |          4096 |        100.00 |       9 |             9 |        100.00 |    4096 |          4096 |        100.00 |       9 |             9 |        100.00 |
|  pifoEngines_1/deque_dequeMapper/ram_reg_bram_23     | RAMB36E2  |      AUTO |          36864 |     36864 |    100.00 |    4096 |          4096 |        100.00 |       9 |             9 |        100.00 |    4096 |          4096 |        100.00 |       9 |             9 |        100.00 |
|  pifoEngines_1/deque_dequeMapper/ram_reg_bram_24     | RAMB36E2  |      AUTO |          36864 |     36864 |    100.00 |    4096 |          4096 |        100.00 |       9 |             9 |        100.00 |    4096 |          4096 |        100.00 |       9 |             9 |        100.00 |
|  pifoEngines_1/deque_dequeMapper/ram_reg_bram_25     | RAMB36E2  |      AUTO |          36864 |     36864 |    100.00 |    4096 |          4096 |        100.00 |       9 |             9 |        100.00 |    4096 |          4096 |        100.00 |       9 |             9 |        100.00 |
|  pifoEngines_1/deque_dequeMapper/ram_reg_bram_26     | RAMB36E2  |      AUTO |          36864 |     36864 |    100.00 |    4096 |          4096 |        100.00 |       9 |             9 |        100.00 |    4096 |          4096 |        100.00 |       9 |             9 |        100.00 |
|  pifoEngines_1/deque_dequeMapper/ram_reg_bram_27     | RAMB36E2  |      AUTO |          36864 |     36864 |    100.00 |    4096 |          4096 |        100.00 |       9 |             9 |        100.00 |    4096 |          4096 |        100.00 |       9 |             9 |        100.00 |
|  pifoEngines_1/deque_dequeMapper/ram_reg_bram_28     | RAMB36E2  |      AUTO |          36864 |     36864 |    100.00 |    4096 |          4096 |        100.00 |       9 |             9 |        100.00 |    4096 |          4096 |        100.00 |       9 |             9 |        100.00 |
|  pifoEngines_1/deque_dequeMapper/ram_reg_bram_29     | RAMB36E2  |      AUTO |          36864 |     36864 |    100.00 |    4096 |          4096 |        100.00 |       9 |             9 |        100.00 |    4096 |          4096 |        100.00 |       9 |             9 |        100.00 |
|  pifoEngines_1/deque_dequeMapper/ram_reg_bram_30     | RAMB36E2  |      AUTO |          36864 |     36864 |    100.00 |    4096 |          4096 |        100.00 |       9 |             9 |        100.00 |    4096 |          4096 |        100.00 |       9 |             9 |        100.00 |
|  pifoEngines_1/deque_dequeMapper/ram_reg_bram_31     | RAMB36E2  |      AUTO |          36864 |     36864 |    100.00 |    4096 |          4096 |        100.00 |       9 |             9 |        100.00 |    4096 |          4096 |        100.00 |       9 |             9 |        100.00 |
|  pifoEngines_1/deque_dequeMapper/ram_reg_bram_32     | RAMB36E2  |      AUTO |          36864 |     32768 |     88.89 |   32768 |         32768 |        100.00 |       1 |             1 |        100.00 |   32768 |         32768 |        100.00 |       1 |             1 |        100.00 |
|  pifoEngines_1/deque_dequeMapper/ram_reg_bram_33     | RAMB36E2  |      AUTO |          36864 |     32768 |     88.89 |   32768 |         32768 |        100.00 |       1 |             1 |        100.00 |   32768 |         32768 |        100.00 |       1 |             1 |        100.00 |
|  pifoEngines_1/deque_dequeMapper/ram_reg_bram_34     | RAMB36E2  |      AUTO |          36864 |     32768 |     88.89 |   32768 |         32768 |        100.00 |       1 |             1 |        100.00 |   32768 |         32768 |        100.00 |       1 |             1 |        100.00 |
|  pifoEngines_1/deque_dequeMapper/ram_reg_bram_35     | RAMB36E2  |      AUTO |          36864 |     32768 |     88.89 |   32768 |         32768 |        100.00 |       1 |             1 |        100.00 |   32768 |         32768 |        100.00 |       1 |             1 |        100.00 |
| pifoEngines_2/deque_dequeMapper/ram                  |           |           |                |           |           |         |               |               |         |               |               |         |               |               |         |               |               |
|  pifoEngines_2/deque_dequeMapper/ram_reg_bram_0      | RAMB36E2  |      AUTO |          36864 |     36864 |    100.00 |    4096 |          4096 |        100.00 |       9 |             9 |        100.00 |    4096 |          4096 |        100.00 |       9 |             9 |        100.00 |
|  pifoEngines_2/deque_dequeMapper/ram_reg_bram_1      | RAMB36E2  |      AUTO |          36864 |     36864 |    100.00 |    4096 |          4096 |        100.00 |       9 |             9 |        100.00 |    4096 |          4096 |        100.00 |       9 |             9 |        100.00 |
|  pifoEngines_2/deque_dequeMapper/ram_reg_bram_2      | RAMB36E2  |      AUTO |          36864 |     36864 |    100.00 |    4096 |          4096 |        100.00 |       9 |             9 |        100.00 |    4096 |          4096 |        100.00 |       9 |             9 |        100.00 |
|  pifoEngines_2/deque_dequeMapper/ram_reg_bram_3      | RAMB36E2  |      AUTO |          36864 |     36864 |    100.00 |    4096 |          4096 |        100.00 |       9 |             9 |        100.00 |    4096 |          4096 |        100.00 |       9 |             9 |        100.00 |
|  pifoEngines_2/deque_dequeMapper/ram_reg_bram_4      | RAMB36E2  |      AUTO |          36864 |     36864 |    100.00 |    4096 |          4096 |        100.00 |       9 |             9 |        100.00 |    4096 |          4096 |        100.00 |       9 |             9 |        100.00 |
|  pifoEngines_2/deque_dequeMapper/ram_reg_bram_5      | RAMB36E2  |      AUTO |          36864 |     36864 |    100.00 |    4096 |          4096 |        100.00 |       9 |             9 |        100.00 |    4096 |          4096 |        100.00 |       9 |             9 |        100.00 |
|  pifoEngines_2/deque_dequeMapper/ram_reg_bram_6      | RAMB36E2  |      AUTO |          36864 |     36864 |    100.00 |    4096 |          4096 |        100.00 |       9 |             9 |        100.00 |    4096 |          4096 |        100.00 |       9 |             9 |        100.00 |
|  pifoEngines_2/deque_dequeMapper/ram_reg_bram_7      | RAMB36E2  |      AUTO |          36864 |     36864 |    100.00 |    4096 |          4096 |        100.00 |       9 |             9 |        100.00 |    4096 |          4096 |        100.00 |       9 |             9 |        100.00 |
|  pifoEngines_2/deque_dequeMapper/ram_reg_bram_8      | RAMB36E2  |      AUTO |          36864 |     36864 |    100.00 |    4096 |          4096 |        100.00 |       9 |             9 |        100.00 |    4096 |          4096 |        100.00 |       9 |             9 |        100.00 |
|  pifoEngines_2/deque_dequeMapper/ram_reg_bram_9      | RAMB36E2  |      AUTO |          36864 |     36864 |    100.00 |    4096 |          4096 |        100.00 |       9 |             9 |        100.00 |    4096 |          4096 |        100.00 |       9 |             9 |        100.00 |
|  pifoEngines_2/deque_dequeMapper/ram_reg_bram_10     | RAMB36E2  |      AUTO |          36864 |     36864 |    100.00 |    4096 |          4096 |        100.00 |       9 |             9 |        100.00 |    4096 |          4096 |        100.00 |       9 |             9 |        100.00 |
|  pifoEngines_2/deque_dequeMapper/ram_reg_bram_11     | RAMB36E2  |      AUTO |          36864 |     36864 |    100.00 |    4096 |          4096 |        100.00 |       9 |             9 |        100.00 |    4096 |          4096 |        100.00 |       9 |             9 |        100.00 |
|  pifoEngines_2/deque_dequeMapper/ram_reg_bram_12     | RAMB36E2  |      AUTO |          36864 |     36864 |    100.00 |    4096 |          4096 |        100.00 |       9 |             9 |        100.00 |    4096 |          4096 |        100.00 |       9 |             9 |        100.00 |
|  pifoEngines_2/deque_dequeMapper/ram_reg_bram_13     | RAMB36E2  |      AUTO |          36864 |     36864 |    100.00 |    4096 |          4096 |        100.00 |       9 |             9 |        100.00 |    4096 |          4096 |        100.00 |       9 |             9 |        100.00 |
|  pifoEngines_2/deque_dequeMapper/ram_reg_bram_14     | RAMB36E2  |      AUTO |          36864 |     36864 |    100.00 |    4096 |          4096 |        100.00 |       9 |             9 |        100.00 |    4096 |          4096 |        100.00 |       9 |             9 |        100.00 |
|  pifoEngines_2/deque_dequeMapper/ram_reg_bram_15     | RAMB36E2  |      AUTO |          36864 |     36864 |    100.00 |    4096 |          4096 |        100.00 |       9 |             9 |        100.00 |    4096 |          4096 |        100.00 |       9 |             9 |        100.00 |
|  pifoEngines_2/deque_dequeMapper/ram_reg_bram_16     | RAMB36E2  |      AUTO |          36864 |     36864 |    100.00 |    4096 |          4096 |        100.00 |       9 |             9 |        100.00 |    4096 |          4096 |        100.00 |       9 |             9 |        100.00 |
|  pifoEngines_2/deque_dequeMapper/ram_reg_bram_17     | RAMB36E2  |      AUTO |          36864 |     36864 |    100.00 |    4096 |          4096 |        100.00 |       9 |             9 |        100.00 |    4096 |          4096 |        100.00 |       9 |             9 |        100.00 |
|  pifoEngines_2/deque_dequeMapper/ram_reg_bram_18     | RAMB36E2  |      AUTO |          36864 |     36864 |    100.00 |    4096 |          4096 |        100.00 |       9 |             9 |        100.00 |    4096 |          4096 |        100.00 |       9 |             9 |        100.00 |
|  pifoEngines_2/deque_dequeMapper/ram_reg_bram_19     | RAMB36E2  |      AUTO |          36864 |     36864 |    100.00 |    4096 |          4096 |        100.00 |       9 |             9 |        100.00 |    4096 |          4096 |        100.00 |       9 |             9 |        100.00 |
|  pifoEngines_2/deque_dequeMapper/ram_reg_bram_20     | RAMB36E2  |      AUTO |          36864 |     36864 |    100.00 |    4096 |          4096 |        100.00 |       9 |             9 |        100.00 |    4096 |          4096 |        100.00 |       9 |             9 |        100.00 |
|  pifoEngines_2/deque_dequeMapper/ram_reg_bram_21     | RAMB36E2  |      AUTO |          36864 |     36864 |    100.00 |    4096 |          4096 |        100.00 |       9 |             9 |        100.00 |    4096 |          4096 |        100.00 |       9 |             9 |        100.00 |
|  pifoEngines_2/deque_dequeMapper/ram_reg_bram_22     | RAMB36E2  |      AUTO |          36864 |     36864 |    100.00 |    4096 |          4096 |        100.00 |       9 |             9 |        100.00 |    4096 |          4096 |        100.00 |       9 |             9 |        100.00 |
|  pifoEngines_2/deque_dequeMapper/ram_reg_bram_23     | RAMB36E2  |      AUTO |          36864 |     36864 |    100.00 |    4096 |          4096 |        100.00 |       9 |             9 |        100.00 |    4096 |          4096 |        100.00 |       9 |             9 |        100.00 |
|  pifoEngines_2/deque_dequeMapper/ram_reg_bram_24     | RAMB36E2  |      AUTO |          36864 |     36864 |    100.00 |    4096 |          4096 |        100.00 |       9 |             9 |        100.00 |    4096 |          4096 |        100.00 |       9 |             9 |        100.00 |
|  pifoEngines_2/deque_dequeMapper/ram_reg_bram_25     | RAMB36E2  |      AUTO |          36864 |     36864 |    100.00 |    4096 |          4096 |        100.00 |       9 |             9 |        100.00 |    4096 |          4096 |        100.00 |       9 |             9 |        100.00 |
|  pifoEngines_2/deque_dequeMapper/ram_reg_bram_26     | RAMB36E2  |      AUTO |          36864 |     36864 |    100.00 |    4096 |          4096 |        100.00 |       9 |             9 |        100.00 |    4096 |          4096 |        100.00 |       9 |             9 |        100.00 |
|  pifoEngines_2/deque_dequeMapper/ram_reg_bram_27     | RAMB36E2  |      AUTO |          36864 |     36864 |    100.00 |    4096 |          4096 |        100.00 |       9 |             9 |        100.00 |    4096 |          4096 |        100.00 |       9 |             9 |        100.00 |
|  pifoEngines_2/deque_dequeMapper/ram_reg_bram_28     | RAMB36E2  |      AUTO |          36864 |     36864 |    100.00 |    4096 |          4096 |        100.00 |       9 |             9 |        100.00 |    4096 |          4096 |        100.00 |       9 |             9 |        100.00 |
|  pifoEngines_2/deque_dequeMapper/ram_reg_bram_29     | RAMB36E2  |      AUTO |          36864 |     36864 |    100.00 |    4096 |          4096 |        100.00 |       9 |             9 |        100.00 |    4096 |          4096 |        100.00 |       9 |             9 |        100.00 |
|  pifoEngines_2/deque_dequeMapper/ram_reg_bram_30     | RAMB36E2  |      AUTO |          36864 |     36864 |    100.00 |    4096 |          4096 |        100.00 |       9 |             9 |        100.00 |    4096 |          4096 |        100.00 |       9 |             9 |        100.00 |
|  pifoEngines_2/deque_dequeMapper/ram_reg_bram_31     | RAMB36E2  |      AUTO |          36864 |     36864 |    100.00 |    4096 |          4096 |        100.00 |       9 |             9 |        100.00 |    4096 |          4096 |        100.00 |       9 |             9 |        100.00 |
|  pifoEngines_2/deque_dequeMapper/ram_reg_bram_32     | RAMB36E2  |      AUTO |          36864 |     32768 |     88.89 |   32768 |         32768 |        100.00 |       1 |             1 |        100.00 |   32768 |         32768 |        100.00 |       1 |             1 |        100.00 |
|  pifoEngines_2/deque_dequeMapper/ram_reg_bram_33     | RAMB36E2  |      AUTO |          36864 |     32768 |     88.89 |   32768 |         32768 |        100.00 |       1 |             1 |        100.00 |   32768 |         32768 |        100.00 |       1 |             1 |        100.00 |
|  pifoEngines_2/deque_dequeMapper/ram_reg_bram_34     | RAMB36E2  |      AUTO |          36864 |     32768 |     88.89 |   32768 |         32768 |        100.00 |       1 |             1 |        100.00 |   32768 |         32768 |        100.00 |       1 |             1 |        100.00 |
|  pifoEngines_2/deque_dequeMapper/ram_reg_bram_35     | RAMB36E2  |      AUTO |          36864 |     32768 |     88.89 |   32768 |         32768 |        100.00 |       1 |             1 |        100.00 |   32768 |         32768 |        100.00 |       1 |             1 |        100.00 |
| pifoEngines_3/deque_dequeMapper/ram                  |           |           |                |           |           |         |               |               |         |               |               |         |               |               |         |               |               |
|  pifoEngines_3/deque_dequeMapper/ram_reg_bram_0      | RAMB36E2  |      AUTO |          36864 |     36864 |    100.00 |    4096 |          4096 |        100.00 |       9 |             9 |        100.00 |    4096 |          4096 |        100.00 |       9 |             9 |        100.00 |
|  pifoEngines_3/deque_dequeMapper/ram_reg_bram_1      | RAMB36E2  |      AUTO |          36864 |     36864 |    100.00 |    4096 |          4096 |        100.00 |       9 |             9 |        100.00 |    4096 |          4096 |        100.00 |       9 |             9 |        100.00 |
|  pifoEngines_3/deque_dequeMapper/ram_reg_bram_2      | RAMB36E2  |      AUTO |          36864 |     36864 |    100.00 |    4096 |          4096 |        100.00 |       9 |             9 |        100.00 |    4096 |          4096 |        100.00 |       9 |             9 |        100.00 |
|  pifoEngines_3/deque_dequeMapper/ram_reg_bram_3      | RAMB36E2  |      AUTO |          36864 |     36864 |    100.00 |    4096 |          4096 |        100.00 |       9 |             9 |        100.00 |    4096 |          4096 |        100.00 |       9 |             9 |        100.00 |
|  pifoEngines_3/deque_dequeMapper/ram_reg_bram_4      | RAMB36E2  |      AUTO |          36864 |     36864 |    100.00 |    4096 |          4096 |        100.00 |       9 |             9 |        100.00 |    4096 |          4096 |        100.00 |       9 |             9 |        100.00 |
|  pifoEngines_3/deque_dequeMapper/ram_reg_bram_5      | RAMB36E2  |      AUTO |          36864 |     36864 |    100.00 |    4096 |          4096 |        100.00 |       9 |             9 |        100.00 |    4096 |          4096 |        100.00 |       9 |             9 |        100.00 |
|  pifoEngines_3/deque_dequeMapper/ram_reg_bram_6      | RAMB36E2  |      AUTO |          36864 |     36864 |    100.00 |    4096 |          4096 |        100.00 |       9 |             9 |        100.00 |    4096 |          4096 |        100.00 |       9 |             9 |        100.00 |
|  pifoEngines_3/deque_dequeMapper/ram_reg_bram_7      | RAMB36E2  |      AUTO |          36864 |     36864 |    100.00 |    4096 |          4096 |        100.00 |       9 |             9 |        100.00 |    4096 |          4096 |        100.00 |       9 |             9 |        100.00 |
|  pifoEngines_3/deque_dequeMapper/ram_reg_bram_8      | RAMB36E2  |      AUTO |          36864 |     36864 |    100.00 |    4096 |          4096 |        100.00 |       9 |             9 |        100.00 |    4096 |          4096 |        100.00 |       9 |             9 |        100.00 |
|  pifoEngines_3/deque_dequeMapper/ram_reg_bram_9      | RAMB36E2  |      AUTO |          36864 |     36864 |    100.00 |    4096 |          4096 |        100.00 |       9 |             9 |        100.00 |    4096 |          4096 |        100.00 |       9 |             9 |        100.00 |
|  pifoEngines_3/deque_dequeMapper/ram_reg_bram_10     | RAMB36E2  |      AUTO |          36864 |     36864 |    100.00 |    4096 |          4096 |        100.00 |       9 |             9 |        100.00 |    4096 |          4096 |        100.00 |       9 |             9 |        100.00 |
|  pifoEngines_3/deque_dequeMapper/ram_reg_bram_11     | RAMB36E2  |      AUTO |          36864 |     36864 |    100.00 |    4096 |          4096 |        100.00 |       9 |             9 |        100.00 |    4096 |          4096 |        100.00 |       9 |             9 |        100.00 |
|  pifoEngines_3/deque_dequeMapper/ram_reg_bram_12     | RAMB36E2  |      AUTO |          36864 |     36864 |    100.00 |    4096 |          4096 |        100.00 |       9 |             9 |        100.00 |    4096 |          4096 |        100.00 |       9 |             9 |        100.00 |
|  pifoEngines_3/deque_dequeMapper/ram_reg_bram_13     | RAMB36E2  |      AUTO |          36864 |     36864 |    100.00 |    4096 |          4096 |        100.00 |       9 |             9 |        100.00 |    4096 |          4096 |        100.00 |       9 |             9 |        100.00 |
|  pifoEngines_3/deque_dequeMapper/ram_reg_bram_14     | RAMB36E2  |      AUTO |          36864 |     36864 |    100.00 |    4096 |          4096 |        100.00 |       9 |             9 |        100.00 |    4096 |          4096 |        100.00 |       9 |             9 |        100.00 |
|  pifoEngines_3/deque_dequeMapper/ram_reg_bram_15     | RAMB36E2  |      AUTO |          36864 |     36864 |    100.00 |    4096 |          4096 |        100.00 |       9 |             9 |        100.00 |    4096 |          4096 |        100.00 |       9 |             9 |        100.00 |
|  pifoEngines_3/deque_dequeMapper/ram_reg_bram_16     | RAMB36E2  |      AUTO |          36864 |     36864 |    100.00 |    4096 |          4096 |        100.00 |       9 |             9 |        100.00 |    4096 |          4096 |        100.00 |       9 |             9 |        100.00 |
|  pifoEngines_3/deque_dequeMapper/ram_reg_bram_17     | RAMB36E2  |      AUTO |          36864 |     36864 |    100.00 |    4096 |          4096 |        100.00 |       9 |             9 |        100.00 |    4096 |          4096 |        100.00 |       9 |             9 |        100.00 |
|  pifoEngines_3/deque_dequeMapper/ram_reg_bram_18     | RAMB36E2  |      AUTO |          36864 |     36864 |    100.00 |    4096 |          4096 |        100.00 |       9 |             9 |        100.00 |    4096 |          4096 |        100.00 |       9 |             9 |        100.00 |
|  pifoEngines_3/deque_dequeMapper/ram_reg_bram_19     | RAMB36E2  |      AUTO |          36864 |     36864 |    100.00 |    4096 |          4096 |        100.00 |       9 |             9 |        100.00 |    4096 |          4096 |        100.00 |       9 |             9 |        100.00 |
|  pifoEngines_3/deque_dequeMapper/ram_reg_bram_20     | RAMB36E2  |      AUTO |          36864 |     36864 |    100.00 |    4096 |          4096 |        100.00 |       9 |             9 |        100.00 |    4096 |          4096 |        100.00 |       9 |             9 |        100.00 |
|  pifoEngines_3/deque_dequeMapper/ram_reg_bram_21     | RAMB36E2  |      AUTO |          36864 |     36864 |    100.00 |    4096 |          4096 |        100.00 |       9 |             9 |        100.00 |    4096 |          4096 |        100.00 |       9 |             9 |        100.00 |
|  pifoEngines_3/deque_dequeMapper/ram_reg_bram_22     | RAMB36E2  |      AUTO |          36864 |     36864 |    100.00 |    4096 |          4096 |        100.00 |       9 |             9 |        100.00 |    4096 |          4096 |        100.00 |       9 |             9 |        100.00 |
|  pifoEngines_3/deque_dequeMapper/ram_reg_bram_23     | RAMB36E2  |      AUTO |          36864 |     36864 |    100.00 |    4096 |          4096 |        100.00 |       9 |             9 |        100.00 |    4096 |          4096 |        100.00 |       9 |             9 |        100.00 |
|  pifoEngines_3/deque_dequeMapper/ram_reg_bram_24     | RAMB36E2  |      AUTO |          36864 |     36864 |    100.00 |    4096 |          4096 |        100.00 |       9 |             9 |        100.00 |    4096 |          4096 |        100.00 |       9 |             9 |        100.00 |
|  pifoEngines_3/deque_dequeMapper/ram_reg_bram_25     | RAMB36E2  |      AUTO |          36864 |     36864 |    100.00 |    4096 |          4096 |        100.00 |       9 |             9 |        100.00 |    4096 |          4096 |        100.00 |       9 |             9 |        100.00 |
|  pifoEngines_3/deque_dequeMapper/ram_reg_bram_26     | RAMB36E2  |      AUTO |          36864 |     36864 |    100.00 |    4096 |          4096 |        100.00 |       9 |             9 |        100.00 |    4096 |          4096 |        100.00 |       9 |             9 |        100.00 |
|  pifoEngines_3/deque_dequeMapper/ram_reg_bram_27     | RAMB36E2  |      AUTO |          36864 |     36864 |    100.00 |    4096 |          4096 |        100.00 |       9 |             9 |        100.00 |    4096 |          4096 |        100.00 |       9 |             9 |        100.00 |
|  pifoEngines_3/deque_dequeMapper/ram_reg_bram_28     | RAMB36E2  |      AUTO |          36864 |     36864 |    100.00 |    4096 |          4096 |        100.00 |       9 |             9 |        100.00 |    4096 |          4096 |        100.00 |       9 |             9 |        100.00 |
|  pifoEngines_3/deque_dequeMapper/ram_reg_bram_29     | RAMB36E2  |      AUTO |          36864 |     36864 |    100.00 |    4096 |          4096 |        100.00 |       9 |             9 |        100.00 |    4096 |          4096 |        100.00 |       9 |             9 |        100.00 |
|  pifoEngines_3/deque_dequeMapper/ram_reg_bram_30     | RAMB36E2  |      AUTO |          36864 |     36864 |    100.00 |    4096 |          4096 |        100.00 |       9 |             9 |        100.00 |    4096 |          4096 |        100.00 |       9 |             9 |        100.00 |
|  pifoEngines_3/deque_dequeMapper/ram_reg_bram_31     | RAMB36E2  |      AUTO |          36864 |     36864 |    100.00 |    4096 |          4096 |        100.00 |       9 |             9 |        100.00 |    4096 |          4096 |        100.00 |       9 |             9 |        100.00 |
|  pifoEngines_3/deque_dequeMapper/ram_reg_bram_32     | RAMB36E2  |      AUTO |          36864 |     32768 |     88.89 |   32768 |         32768 |        100.00 |       1 |             1 |        100.00 |   32768 |         32768 |        100.00 |       1 |             1 |        100.00 |
|  pifoEngines_3/deque_dequeMapper/ram_reg_bram_33     | RAMB36E2  |      AUTO |          36864 |     32768 |     88.89 |   32768 |         32768 |        100.00 |       1 |             1 |        100.00 |   32768 |         32768 |        100.00 |       1 |             1 |        100.00 |
|  pifoEngines_3/deque_dequeMapper/ram_reg_bram_34     | RAMB36E2  |      AUTO |          36864 |     32768 |     88.89 |   32768 |         32768 |        100.00 |       1 |             1 |        100.00 |   32768 |         32768 |        100.00 |       1 |             1 |        100.00 |
|  pifoEngines_3/deque_dequeMapper/ram_reg_bram_35     | RAMB36E2  |      AUTO |          36864 |     32768 |     88.89 |   32768 |         32768 |        100.00 |       1 |             1 |        100.00 |   32768 |         32768 |        100.00 |       1 |             1 |        100.00 |
| pifoEngines_4/deque_dequeMapper/ram                  |           |           |                |           |           |         |               |               |         |               |               |         |               |               |         |               |               |
|  pifoEngines_4/deque_dequeMapper/ram_reg_bram_0      | RAMB36E2  |      AUTO |          36864 |     36864 |    100.00 |    4096 |          4096 |        100.00 |       9 |             9 |        100.00 |    4096 |          4096 |        100.00 |       9 |             9 |        100.00 |
|  pifoEngines_4/deque_dequeMapper/ram_reg_bram_1      | RAMB36E2  |      AUTO |          36864 |     36864 |    100.00 |    4096 |          4096 |        100.00 |       9 |             9 |        100.00 |    4096 |          4096 |        100.00 |       9 |             9 |        100.00 |
|  pifoEngines_4/deque_dequeMapper/ram_reg_bram_2      | RAMB36E2  |      AUTO |          36864 |     36864 |    100.00 |    4096 |          4096 |        100.00 |       9 |             9 |        100.00 |    4096 |          4096 |        100.00 |       9 |             9 |        100.00 |
|  pifoEngines_4/deque_dequeMapper/ram_reg_bram_3      | RAMB36E2  |      AUTO |          36864 |     36864 |    100.00 |    4096 |          4096 |        100.00 |       9 |             9 |        100.00 |    4096 |          4096 |        100.00 |       9 |             9 |        100.00 |
|  pifoEngines_4/deque_dequeMapper/ram_reg_bram_4      | RAMB36E2  |      AUTO |          36864 |     36864 |    100.00 |    4096 |          4096 |        100.00 |       9 |             9 |        100.00 |    4096 |          4096 |        100.00 |       9 |             9 |        100.00 |
|  pifoEngines_4/deque_dequeMapper/ram_reg_bram_5      | RAMB36E2  |      AUTO |          36864 |     36864 |    100.00 |    4096 |          4096 |        100.00 |       9 |             9 |        100.00 |    4096 |          4096 |        100.00 |       9 |             9 |        100.00 |
|  pifoEngines_4/deque_dequeMapper/ram_reg_bram_6      | RAMB36E2  |      AUTO |          36864 |     36864 |    100.00 |    4096 |          4096 |        100.00 |       9 |             9 |        100.00 |    4096 |          4096 |        100.00 |       9 |             9 |        100.00 |
|  pifoEngines_4/deque_dequeMapper/ram_reg_bram_7      | RAMB36E2  |      AUTO |          36864 |     36864 |    100.00 |    4096 |          4096 |        100.00 |       9 |             9 |        100.00 |    4096 |          4096 |        100.00 |       9 |             9 |        100.00 |
|  pifoEngines_4/deque_dequeMapper/ram_reg_bram_8      | RAMB36E2  |      AUTO |          36864 |     36864 |    100.00 |    4096 |          4096 |        100.00 |       9 |             9 |        100.00 |    4096 |          4096 |        100.00 |       9 |             9 |        100.00 |
|  pifoEngines_4/deque_dequeMapper/ram_reg_bram_9      | RAMB36E2  |      AUTO |          36864 |     36864 |    100.00 |    4096 |          4096 |        100.00 |       9 |             9 |        100.00 |    4096 |          4096 |        100.00 |       9 |             9 |        100.00 |
|  pifoEngines_4/deque_dequeMapper/ram_reg_bram_10     | RAMB36E2  |      AUTO |          36864 |     36864 |    100.00 |    4096 |          4096 |        100.00 |       9 |             9 |        100.00 |    4096 |          4096 |        100.00 |       9 |             9 |        100.00 |
|  pifoEngines_4/deque_dequeMapper/ram_reg_bram_11     | RAMB36E2  |      AUTO |          36864 |     36864 |    100.00 |    4096 |          4096 |        100.00 |       9 |             9 |        100.00 |    4096 |          4096 |        100.00 |       9 |             9 |        100.00 |
|  pifoEngines_4/deque_dequeMapper/ram_reg_bram_12     | RAMB36E2  |      AUTO |          36864 |     36864 |    100.00 |    4096 |          4096 |        100.00 |       9 |             9 |        100.00 |    4096 |          4096 |        100.00 |       9 |             9 |        100.00 |
|  pifoEngines_4/deque_dequeMapper/ram_reg_bram_13     | RAMB36E2  |      AUTO |          36864 |     36864 |    100.00 |    4096 |          4096 |        100.00 |       9 |             9 |        100.00 |    4096 |          4096 |        100.00 |       9 |             9 |        100.00 |
|  pifoEngines_4/deque_dequeMapper/ram_reg_bram_14     | RAMB36E2  |      AUTO |          36864 |     36864 |    100.00 |    4096 |          4096 |        100.00 |       9 |             9 |        100.00 |    4096 |          4096 |        100.00 |       9 |             9 |        100.00 |
|  pifoEngines_4/deque_dequeMapper/ram_reg_bram_15     | RAMB36E2  |      AUTO |          36864 |     36864 |    100.00 |    4096 |          4096 |        100.00 |       9 |             9 |        100.00 |    4096 |          4096 |        100.00 |       9 |             9 |        100.00 |
|  pifoEngines_4/deque_dequeMapper/ram_reg_bram_16     | RAMB36E2  |      AUTO |          36864 |     36864 |    100.00 |    4096 |          4096 |        100.00 |       9 |             9 |        100.00 |    4096 |          4096 |        100.00 |       9 |             9 |        100.00 |
|  pifoEngines_4/deque_dequeMapper/ram_reg_bram_17     | RAMB36E2  |      AUTO |          36864 |     36864 |    100.00 |    4096 |          4096 |        100.00 |       9 |             9 |        100.00 |    4096 |          4096 |        100.00 |       9 |             9 |        100.00 |
|  pifoEngines_4/deque_dequeMapper/ram_reg_bram_18     | RAMB36E2  |      AUTO |          36864 |     36864 |    100.00 |    4096 |          4096 |        100.00 |       9 |             9 |        100.00 |    4096 |          4096 |        100.00 |       9 |             9 |        100.00 |
|  pifoEngines_4/deque_dequeMapper/ram_reg_bram_19     | RAMB36E2  |      AUTO |          36864 |     36864 |    100.00 |    4096 |          4096 |        100.00 |       9 |             9 |        100.00 |    4096 |          4096 |        100.00 |       9 |             9 |        100.00 |
|  pifoEngines_4/deque_dequeMapper/ram_reg_bram_20     | RAMB36E2  |      AUTO |          36864 |     36864 |    100.00 |    4096 |          4096 |        100.00 |       9 |             9 |        100.00 |    4096 |          4096 |        100.00 |       9 |             9 |        100.00 |
|  pifoEngines_4/deque_dequeMapper/ram_reg_bram_21     | RAMB36E2  |      AUTO |          36864 |     36864 |    100.00 |    4096 |          4096 |        100.00 |       9 |             9 |        100.00 |    4096 |          4096 |        100.00 |       9 |             9 |        100.00 |
|  pifoEngines_4/deque_dequeMapper/ram_reg_bram_22     | RAMB36E2  |      AUTO |          36864 |     36864 |    100.00 |    4096 |          4096 |        100.00 |       9 |             9 |        100.00 |    4096 |          4096 |        100.00 |       9 |             9 |        100.00 |
|  pifoEngines_4/deque_dequeMapper/ram_reg_bram_23     | RAMB36E2  |      AUTO |          36864 |     36864 |    100.00 |    4096 |          4096 |        100.00 |       9 |             9 |        100.00 |    4096 |          4096 |        100.00 |       9 |             9 |        100.00 |
|  pifoEngines_4/deque_dequeMapper/ram_reg_bram_24     | RAMB36E2  |      AUTO |          36864 |     36864 |    100.00 |    4096 |          4096 |        100.00 |       9 |             9 |        100.00 |    4096 |          4096 |        100.00 |       9 |             9 |        100.00 |
|  pifoEngines_4/deque_dequeMapper/ram_reg_bram_25     | RAMB36E2  |      AUTO |          36864 |     36864 |    100.00 |    4096 |          4096 |        100.00 |       9 |             9 |        100.00 |    4096 |          4096 |        100.00 |       9 |             9 |        100.00 |
|  pifoEngines_4/deque_dequeMapper/ram_reg_bram_26     | RAMB36E2  |      AUTO |          36864 |     36864 |    100.00 |    4096 |          4096 |        100.00 |       9 |             9 |        100.00 |    4096 |          4096 |        100.00 |       9 |             9 |        100.00 |
|  pifoEngines_4/deque_dequeMapper/ram_reg_bram_27     | RAMB36E2  |      AUTO |          36864 |     36864 |    100.00 |    4096 |          4096 |        100.00 |       9 |             9 |        100.00 |    4096 |          4096 |        100.00 |       9 |             9 |        100.00 |
|  pifoEngines_4/deque_dequeMapper/ram_reg_bram_28     | RAMB36E2  |      AUTO |          36864 |     36864 |    100.00 |    4096 |          4096 |        100.00 |       9 |             9 |        100.00 |    4096 |          4096 |        100.00 |       9 |             9 |        100.00 |
|  pifoEngines_4/deque_dequeMapper/ram_reg_bram_29     | RAMB36E2  |      AUTO |          36864 |     36864 |    100.00 |    4096 |          4096 |        100.00 |       9 |             9 |        100.00 |    4096 |          4096 |        100.00 |       9 |             9 |        100.00 |
|  pifoEngines_4/deque_dequeMapper/ram_reg_bram_30     | RAMB36E2  |      AUTO |          36864 |     36864 |    100.00 |    4096 |          4096 |        100.00 |       9 |             9 |        100.00 |    4096 |          4096 |        100.00 |       9 |             9 |        100.00 |
|  pifoEngines_4/deque_dequeMapper/ram_reg_bram_31     | RAMB36E2  |      AUTO |          36864 |     36864 |    100.00 |    4096 |          4096 |        100.00 |       9 |             9 |        100.00 |    4096 |          4096 |        100.00 |       9 |             9 |        100.00 |
|  pifoEngines_4/deque_dequeMapper/ram_reg_bram_32     | RAMB36E2  |      AUTO |          36864 |     32768 |     88.89 |   32768 |         32768 |        100.00 |       1 |             1 |        100.00 |   32768 |         32768 |        100.00 |       1 |             1 |        100.00 |
|  pifoEngines_4/deque_dequeMapper/ram_reg_bram_33     | RAMB36E2  |      AUTO |          36864 |     32768 |     88.89 |   32768 |         32768 |        100.00 |       1 |             1 |        100.00 |   32768 |         32768 |        100.00 |       1 |             1 |        100.00 |
|  pifoEngines_4/deque_dequeMapper/ram_reg_bram_34     | RAMB36E2  |      AUTO |          36864 |     32768 |     88.89 |   32768 |         32768 |        100.00 |       1 |             1 |        100.00 |   32768 |         32768 |        100.00 |       1 |             1 |        100.00 |
|  pifoEngines_4/deque_dequeMapper/ram_reg_bram_35     | RAMB36E2  |      AUTO |          36864 |     32768 |     88.89 |   32768 |         32768 |        100.00 |       1 |             1 |        100.00 |   32768 |         32768 |        100.00 |       1 |             1 |        100.00 |
| io_controlRequest_fifo/logic_ram                     |           |           |                |           |           |         |               |               |         |               |               |         |               |               |         |               |               |
|  io_controlRequest_fifo/logic_ram_reg                | RAMB36E2  |      AUTO |          36864 |     14080 |     38.19 |     256 |           512 |         50.00 |      55 |            72 |         76.39 |     256 |           512 |         50.00 |      55 |            72 |         76.39 |
+------------------------------------------------------+-----------+-----------+----------------+-----------+-----------+---------+---------------+---------------+---------+---------------+---------------+---------+---------------+---------------+---------+---------------+---------------+


4. Memory Performance - Inferred
--------------------------------

+------------------------------------------------------+-----------+------------------------+------------------------+-------------+-------------------------+-------------+-------------------------+-----------+--------+--------+---------+-----------+--------+--------+---------+
| Memory Name                                          | Primitive | Port 1 Dimension / Map | Port 2 Dimension / Map | Port A Type | Port A Requirement (ns) | Port B Type | Port B Requirement (ns) | A Cascade | IREG_A | OREG_A | DOA_REG | B Cascade | IREG_B | OREG_B | DOB_REG |
+------------------------------------------------------+-----------+------------------------+------------------------+-------------+-------------------------+-------------+-------------------------+-----------+--------+--------+---------+-----------+--------+--------+---------+
| pifoEngines_0/enque_brain/engineCAM/ram              |           | 131072x18              | 131072x18              |             |                         |             |                         |           |        |        |         |           |        |        |         |
|  pifoEngines_0/enque_brain/engineCAM/ram_reg_bram_0  | RAMB36E2  |  A:A:2048x18           |  B:B:2048x18           |       Write |                    10.0 |        Read |                    10.0 |      NONE |        |        |       0 |     FIRST |        |        |       0 |
|  pifoEngines_0/enque_brain/engineCAM/ram_reg_bram_1  | RAMB36E2  |  A:A:2048x18           |  B:B:2048x18           |       Write |                    10.0 |        Read |                    10.0 |      NONE |        |        |       0 |    MIDDLE |        |        |       0 |
|  pifoEngines_0/enque_brain/engineCAM/ram_reg_bram_2  | RAMB36E2  |  A:A:2048x18           |  B:B:2048x18           |       Write |                    10.0 |        Read |                    10.0 |      NONE |        |        |       0 |    MIDDLE |        |        |       0 |
|  pifoEngines_0/enque_brain/engineCAM/ram_reg_bram_3  | RAMB36E2  |  A:A:2048x18           |  B:B:2048x18           |       Write |                    10.0 |        Read |                    10.0 |      NONE |        |        |       0 |    MIDDLE |        |        |       0 |
|  pifoEngines_0/enque_brain/engineCAM/ram_reg_bram_4  | RAMB36E2  |  A:A:2048x18           |  B:B:2048x18           |       Write |                    10.0 |        Read |                    10.0 |      NONE |        |        |       0 |    MIDDLE |        |        |       0 |
|  pifoEngines_0/enque_brain/engineCAM/ram_reg_bram_5  | RAMB36E2  |  A:A:2048x18           |  B:B:2048x18           |       Write |                    10.0 |        Read |                    10.0 |      NONE |        |        |       0 |    MIDDLE |        |        |       0 |
|  pifoEngines_0/enque_brain/engineCAM/ram_reg_bram_6  | RAMB36E2  |  A:A:2048x18           |  B:B:2048x18           |       Write |                    10.0 |        Read |                    10.0 |      NONE |        |        |       0 |    MIDDLE |        |        |       0 |
|  pifoEngines_0/enque_brain/engineCAM/ram_reg_bram_7  | RAMB36E2  |  A:A:2048x18           |  B:B:2048x18           |       Write |                    10.0 |        Read |                    10.0 |      NONE |        |        |       0 |      LAST |        |        |       0 |
|  pifoEngines_0/enque_brain/engineCAM/ram_reg_bram_8  | RAMB36E2  |  A:A:2048x18           |  B:B:2048x18           |       Write |                    10.0 |        Read |                    10.0 |      NONE |        |        |       0 |     FIRST |        |        |       0 |
|  pifoEngines_0/enque_brain/engineCAM/ram_reg_bram_9  | RAMB36E2  |  A:A:2048x18           |  B:B:2048x18           |       Write |                    10.0 |        Read |                    10.0 |      NONE |        |        |       0 |    MIDDLE |        |        |       0 |
|  pifoEngines_0/enque_brain/engineCAM/ram_reg_bram_10 | RAMB36E2  |  A:A:2048x18           |  B:B:2048x18           |       Write |                    10.0 |        Read |                    10.0 |      NONE |        |        |       0 |    MIDDLE |        |        |       0 |
|  pifoEngines_0/enque_brain/engineCAM/ram_reg_bram_11 | RAMB36E2  |  A:A:2048x18           |  B:B:2048x18           |       Write |                    10.0 |        Read |                    10.0 |      NONE |        |        |       0 |    MIDDLE |        |        |       0 |
|  pifoEngines_0/enque_brain/engineCAM/ram_reg_bram_12 | RAMB36E2  |  A:A:2048x18           |  B:B:2048x18           |       Write |                    10.0 |        Read |                    10.0 |      NONE |        |        |       0 |    MIDDLE |        |        |       0 |
|  pifoEngines_0/enque_brain/engineCAM/ram_reg_bram_13 | RAMB36E2  |  A:A:2048x18           |  B:B:2048x18           |       Write |                    10.0 |        Read |                    10.0 |      NONE |        |        |       0 |    MIDDLE |        |        |       0 |
|  pifoEngines_0/enque_brain/engineCAM/ram_reg_bram_14 | RAMB36E2  |  A:A:2048x18           |  B:B:2048x18           |       Write |                    10.0 |        Read |                    10.0 |      NONE |        |        |       0 |    MIDDLE |        |        |       0 |
|  pifoEngines_0/enque_brain/engineCAM/ram_reg_bram_15 | RAMB36E2  |  A:A:2048x18           |  B:B:2048x18           |       Write |                    10.0 |        Read |                    10.0 |      NONE |        |        |       0 |      LAST |        |        |       0 |
|  pifoEngines_0/enque_brain/engineCAM/ram_reg_bram_16 | RAMB36E2  |  A:A:2048x18           |  B:B:2048x18           |       Write |                    10.0 |        Read |                    10.0 |      NONE |        |        |       0 |     FIRST |        |        |       0 |
|  pifoEngines_0/enque_brain/engineCAM/ram_reg_bram_17 | RAMB36E2  |  A:A:2048x18           |  B:B:2048x18           |       Write |                    10.0 |        Read |                    10.0 |      NONE |        |        |       0 |    MIDDLE |        |        |       0 |
|  pifoEngines_0/enque_brain/engineCAM/ram_reg_bram_18 | RAMB36E2  |  A:A:2048x18           |  B:B:2048x18           |       Write |                    10.0 |        Read |                    10.0 |      NONE |        |        |       0 |    MIDDLE |        |        |       0 |
|  pifoEngines_0/enque_brain/engineCAM/ram_reg_bram_19 | RAMB36E2  |  A:A:2048x18           |  B:B:2048x18           |       Write |                    10.0 |        Read |                    10.0 |      NONE |        |        |       0 |    MIDDLE |        |        |       0 |
|  pifoEngines_0/enque_brain/engineCAM/ram_reg_bram_20 | RAMB36E2  |  A:A:2048x18           |  B:B:2048x18           |       Write |                    10.0 |        Read |                    10.0 |      NONE |        |        |       0 |    MIDDLE |        |        |       0 |
|  pifoEngines_0/enque_brain/engineCAM/ram_reg_bram_21 | RAMB36E2  |  A:A:2048x18           |  B:B:2048x18           |       Write |                    10.0 |        Read |                    10.0 |      NONE |        |        |       0 |    MIDDLE |        |        |       0 |
|  pifoEngines_0/enque_brain/engineCAM/ram_reg_bram_22 | RAMB36E2  |  A:A:2048x18           |  B:B:2048x18           |       Write |                    10.0 |        Read |                    10.0 |      NONE |        |        |       0 |    MIDDLE |        |        |       0 |
|  pifoEngines_0/enque_brain/engineCAM/ram_reg_bram_23 | RAMB36E2  |  A:A:2048x18           |  B:B:2048x18           |       Write |                    10.0 |        Read |                    10.0 |      NONE |        |        |       0 |      LAST |        |        |       0 |
|  pifoEngines_0/enque_brain/engineCAM/ram_reg_bram_24 | RAMB36E2  |  A:A:2048x18           |  B:B:2048x18           |       Write |                    10.0 |        Read |                    10.0 |      NONE |        |        |       0 |     FIRST |        |        |       0 |
|  pifoEngines_0/enque_brain/engineCAM/ram_reg_bram_25 | RAMB36E2  |  A:A:2048x18           |  B:B:2048x18           |       Write |                    10.0 |        Read |                    10.0 |      NONE |        |        |       0 |    MIDDLE |        |        |       0 |
|  pifoEngines_0/enque_brain/engineCAM/ram_reg_bram_26 | RAMB36E2  |  A:A:2048x18           |  B:B:2048x18           |       Write |                    10.0 |        Read |                    10.0 |      NONE |        |        |       0 |    MIDDLE |        |        |       0 |
|  pifoEngines_0/enque_brain/engineCAM/ram_reg_bram_27 | RAMB36E2  |  A:A:2048x18           |  B:B:2048x18           |       Write |                    10.0 |        Read |                    10.0 |      NONE |        |        |       0 |    MIDDLE |        |        |       0 |
|  pifoEngines_0/enque_brain/engineCAM/ram_reg_bram_28 | RAMB36E2  |  A:A:2048x18           |  B:B:2048x18           |       Write |                    10.0 |        Read |                    10.0 |      NONE |        |        |       0 |    MIDDLE |        |        |       0 |
|  pifoEngines_0/enque_brain/engineCAM/ram_reg_bram_29 | RAMB36E2  |  A:A:2048x18           |  B:B:2048x18           |       Write |                    10.0 |        Read |                    10.0 |      NONE |        |        |       0 |    MIDDLE |        |        |       0 |
|  pifoEngines_0/enque_brain/engineCAM/ram_reg_bram_30 | RAMB36E2  |  A:A:2048x18           |  B:B:2048x18           |       Write |                    10.0 |        Read |                    10.0 |      NONE |        |        |       0 |    MIDDLE |        |        |       0 |
|  pifoEngines_0/enque_brain/engineCAM/ram_reg_bram_31 | RAMB36E2  |  A:A:2048x18           |  B:B:2048x18           |       Write |                    10.0 |        Read |                    10.0 |      NONE |        |        |       0 |      LAST |        |        |       0 |
|  pifoEngines_0/enque_brain/engineCAM/ram_reg_bram_32 | RAMB36E2  |  A:A:2048x18           |  B:B:2048x18           |       Write |                    10.0 |        Read |                    10.0 |      NONE |        |        |       0 |     FIRST |        |        |       0 |
|  pifoEngines_0/enque_brain/engineCAM/ram_reg_bram_33 | RAMB36E2  |  A:A:2048x18           |  B:B:2048x18           |       Write |                    10.0 |        Read |                    10.0 |      NONE |        |        |       0 |    MIDDLE |        |        |       0 |
|  pifoEngines_0/enque_brain/engineCAM/ram_reg_bram_34 | RAMB36E2  |  A:A:2048x18           |  B:B:2048x18           |       Write |                    10.0 |        Read |                    10.0 |      NONE |        |        |       0 |    MIDDLE |        |        |       0 |
|  pifoEngines_0/enque_brain/engineCAM/ram_reg_bram_35 | RAMB36E2  |  A:A:2048x18           |  B:B:2048x18           |       Write |                    10.0 |        Read |                    10.0 |      NONE |        |        |       0 |    MIDDLE |        |        |       0 |
|  pifoEngines_0/enque_brain/engineCAM/ram_reg_bram_36 | RAMB36E2  |  A:A:2048x18           |  B:B:2048x18           |       Write |                    10.0 |        Read |                    10.0 |      NONE |        |        |       0 |    MIDDLE |        |        |       0 |
|  pifoEngines_0/enque_brain/engineCAM/ram_reg_bram_37 | RAMB36E2  |  A:A:2048x18           |  B:B:2048x18           |       Write |                    10.0 |        Read |                    10.0 |      NONE |        |        |       0 |    MIDDLE |        |        |       0 |
|  pifoEngines_0/enque_brain/engineCAM/ram_reg_bram_38 | RAMB36E2  |  A:A:2048x18           |  B:B:2048x18           |       Write |                    10.0 |        Read |                    10.0 |      NONE |        |        |       0 |    MIDDLE |        |        |       0 |
|  pifoEngines_0/enque_brain/engineCAM/ram_reg_bram_39 | RAMB36E2  |  A:A:2048x18           |  B:B:2048x18           |       Write |                    10.0 |        Read |                    10.0 |      NONE |        |        |       0 |      LAST |        |        |       0 |
|  pifoEngines_0/enque_brain/engineCAM/ram_reg_bram_40 | RAMB36E2  |  A:A:2048x18           |  B:B:2048x18           |       Write |                    10.0 |        Read |                    10.0 |      NONE |        |        |       0 |     FIRST |        |        |       0 |
|  pifoEngines_0/enque_brain/engineCAM/ram_reg_bram_41 | RAMB36E2  |  A:A:2048x18           |  B:B:2048x18           |       Write |                    10.0 |        Read |                    10.0 |      NONE |        |        |       0 |    MIDDLE |        |        |       0 |
|  pifoEngines_0/enque_brain/engineCAM/ram_reg_bram_42 | RAMB36E2  |  A:A:2048x18           |  B:B:2048x18           |       Write |                    10.0 |        Read |                    10.0 |      NONE |        |        |       0 |    MIDDLE |        |        |       0 |
|  pifoEngines_0/enque_brain/engineCAM/ram_reg_bram_43 | RAMB36E2  |  A:A:2048x18           |  B:B:2048x18           |       Write |                    10.0 |        Read |                    10.0 |      NONE |        |        |       0 |    MIDDLE |        |        |       0 |
|  pifoEngines_0/enque_brain/engineCAM/ram_reg_bram_44 | RAMB36E2  |  A:A:2048x18           |  B:B:2048x18           |       Write |                    10.0 |        Read |                    10.0 |      NONE |        |        |       0 |    MIDDLE |        |        |       0 |
|  pifoEngines_0/enque_brain/engineCAM/ram_reg_bram_45 | RAMB36E2  |  A:A:2048x18           |  B:B:2048x18           |       Write |                    10.0 |        Read |                    10.0 |      NONE |        |        |       0 |    MIDDLE |        |        |       0 |
|  pifoEngines_0/enque_brain/engineCAM/ram_reg_bram_46 | RAMB36E2  |  A:A:2048x18           |  B:B:2048x18           |       Write |                    10.0 |        Read |                    10.0 |      NONE |        |        |       0 |    MIDDLE |        |        |       0 |
|  pifoEngines_0/enque_brain/engineCAM/ram_reg_bram_47 | RAMB36E2  |  A:A:2048x18           |  B:B:2048x18           |       Write |                    10.0 |        Read |                    10.0 |      NONE |        |        |       0 |      LAST |        |        |       0 |
|  pifoEngines_0/enque_brain/engineCAM/ram_reg_bram_48 | RAMB36E2  |  A:A:2048x18           |  B:B:2048x18           |       Write |                    10.0 |        Read |                    10.0 |      NONE |        |        |       0 |     FIRST |        |        |       0 |
|  pifoEngines_0/enque_brain/engineCAM/ram_reg_bram_49 | RAMB36E2  |  A:A:2048x18           |  B:B:2048x18           |       Write |                    10.0 |        Read |                    10.0 |      NONE |        |        |       0 |    MIDDLE |        |        |       0 |
|  pifoEngines_0/enque_brain/engineCAM/ram_reg_bram_50 | RAMB36E2  |  A:A:2048x18           |  B:B:2048x18           |       Write |                    10.0 |        Read |                    10.0 |      NONE |        |        |       0 |    MIDDLE |        |        |       0 |
|  pifoEngines_0/enque_brain/engineCAM/ram_reg_bram_51 | RAMB36E2  |  A:A:2048x18           |  B:B:2048x18           |       Write |                    10.0 |        Read |                    10.0 |      NONE |        |        |       0 |    MIDDLE |        |        |       0 |
|  pifoEngines_0/enque_brain/engineCAM/ram_reg_bram_52 | RAMB36E2  |  A:A:2048x18           |  B:B:2048x18           |       Write |                    10.0 |        Read |                    10.0 |      NONE |        |        |       0 |    MIDDLE |        |        |       0 |
|  pifoEngines_0/enque_brain/engineCAM/ram_reg_bram_53 | RAMB36E2  |  A:A:2048x18           |  B:B:2048x18           |       Write |                    10.0 |        Read |                    10.0 |      NONE |        |        |       0 |    MIDDLE |        |        |       0 |
|  pifoEngines_0/enque_brain/engineCAM/ram_reg_bram_54 | RAMB36E2  |  A:A:2048x18           |  B:B:2048x18           |       Write |                    10.0 |        Read |                    10.0 |      NONE |        |        |       0 |    MIDDLE |        |        |       0 |
|  pifoEngines_0/enque_brain/engineCAM/ram_reg_bram_55 | RAMB36E2  |  A:A:2048x18           |  B:B:2048x18           |       Write |                    10.0 |        Read |                    10.0 |      NONE |        |        |       0 |      LAST |        |        |       0 |
|  pifoEngines_0/enque_brain/engineCAM/ram_reg_bram_56 | RAMB36E2  |  A:A:2048x18           |  B:B:2048x18           |       Write |                    10.0 |        Read |                    10.0 |      NONE |        |        |       0 |     FIRST |        |        |       0 |
|  pifoEngines_0/enque_brain/engineCAM/ram_reg_bram_57 | RAMB36E2  |  A:A:2048x18           |  B:B:2048x18           |       Write |                    10.0 |        Read |                    10.0 |      NONE |        |        |       0 |    MIDDLE |        |        |       0 |
|  pifoEngines_0/enque_brain/engineCAM/ram_reg_bram_58 | RAMB36E2  |  A:A:2048x18           |  B:B:2048x18           |       Write |                    10.0 |        Read |                    10.0 |      NONE |        |        |       0 |    MIDDLE |        |        |       0 |
|  pifoEngines_0/enque_brain/engineCAM/ram_reg_bram_59 | RAMB36E2  |  A:A:2048x18           |  B:B:2048x18           |       Write |                    10.0 |        Read |                    10.0 |      NONE |        |        |       0 |    MIDDLE |        |        |       0 |
|  pifoEngines_0/enque_brain/engineCAM/ram_reg_bram_60 | RAMB36E2  |  A:A:2048x18           |  B:B:2048x18           |       Write |                    10.0 |        Read |                    10.0 |      NONE |        |        |       0 |    MIDDLE |        |        |       0 |
|  pifoEngines_0/enque_brain/engineCAM/ram_reg_bram_61 | RAMB36E2  |  A:A:2048x18           |  B:B:2048x18           |       Write |                    10.0 |        Read |                    10.0 |      NONE |        |        |       0 |    MIDDLE |        |        |       0 |
|  pifoEngines_0/enque_brain/engineCAM/ram_reg_bram_62 | RAMB36E2  |  A:A:2048x18           |  B:B:2048x18           |       Write |                    10.0 |        Read |                    10.0 |      NONE |        |        |       0 |    MIDDLE |        |        |       0 |
|  pifoEngines_0/enque_brain/engineCAM/ram_reg_bram_63 | RAMB36E2  |  A:A:2048x18           |  B:B:2048x18           |       Write |                    10.0 |        Read |                    10.0 |      NONE |        |        |       0 |      LAST |        |        |       0 |
| pifoEngines_1/enque_brain/engineCAM/ram              |           | 131072x18              | 131072x18              |             |                         |             |                         |           |        |        |         |           |        |        |         |
|  pifoEngines_1/enque_brain/engineCAM/ram_reg_bram_0  | RAMB36E2  |  A:A:2048x18           |  B:B:2048x18           |       Write |                    10.0 |        Read |                    10.0 |      NONE |        |        |       0 |     FIRST |        |        |       0 |
|  pifoEngines_1/enque_brain/engineCAM/ram_reg_bram_1  | RAMB36E2  |  A:A:2048x18           |  B:B:2048x18           |       Write |                    10.0 |        Read |                    10.0 |      NONE |        |        |       0 |    MIDDLE |        |        |       0 |
|  pifoEngines_1/enque_brain/engineCAM/ram_reg_bram_2  | RAMB36E2  |  A:A:2048x18           |  B:B:2048x18           |       Write |                    10.0 |        Read |                    10.0 |      NONE |        |        |       0 |    MIDDLE |        |        |       0 |
|  pifoEngines_1/enque_brain/engineCAM/ram_reg_bram_3  | RAMB36E2  |  A:A:2048x18           |  B:B:2048x18           |       Write |                    10.0 |        Read |                    10.0 |      NONE |        |        |       0 |    MIDDLE |        |        |       0 |
|  pifoEngines_1/enque_brain/engineCAM/ram_reg_bram_4  | RAMB36E2  |  A:A:2048x18           |  B:B:2048x18           |       Write |                    10.0 |        Read |                    10.0 |      NONE |        |        |       0 |    MIDDLE |        |        |       0 |
|  pifoEngines_1/enque_brain/engineCAM/ram_reg_bram_5  | RAMB36E2  |  A:A:2048x18           |  B:B:2048x18           |       Write |                    10.0 |        Read |                    10.0 |      NONE |        |        |       0 |    MIDDLE |        |        |       0 |
|  pifoEngines_1/enque_brain/engineCAM/ram_reg_bram_6  | RAMB36E2  |  A:A:2048x18           |  B:B:2048x18           |       Write |                    10.0 |        Read |                    10.0 |      NONE |        |        |       0 |    MIDDLE |        |        |       0 |
|  pifoEngines_1/enque_brain/engineCAM/ram_reg_bram_7  | RAMB36E2  |  A:A:2048x18           |  B:B:2048x18           |       Write |                    10.0 |        Read |                    10.0 |      NONE |        |        |       0 |      LAST |        |        |       0 |
|  pifoEngines_1/enque_brain/engineCAM/ram_reg_bram_8  | RAMB36E2  |  A:A:2048x18           |  B:B:2048x18           |       Write |                    10.0 |        Read |                    10.0 |      NONE |        |        |       0 |     FIRST |        |        |       0 |
|  pifoEngines_1/enque_brain/engineCAM/ram_reg_bram_9  | RAMB36E2  |  A:A:2048x18           |  B:B:2048x18           |       Write |                    10.0 |        Read |                    10.0 |      NONE |        |        |       0 |    MIDDLE |        |        |       0 |
|  pifoEngines_1/enque_brain/engineCAM/ram_reg_bram_10 | RAMB36E2  |  A:A:2048x18           |  B:B:2048x18           |       Write |                    10.0 |        Read |                    10.0 |      NONE |        |        |       0 |    MIDDLE |        |        |       0 |
|  pifoEngines_1/enque_brain/engineCAM/ram_reg_bram_11 | RAMB36E2  |  A:A:2048x18           |  B:B:2048x18           |       Write |                    10.0 |        Read |                    10.0 |      NONE |        |        |       0 |    MIDDLE |        |        |       0 |
|  pifoEngines_1/enque_brain/engineCAM/ram_reg_bram_12 | RAMB36E2  |  A:A:2048x18           |  B:B:2048x18           |       Write |                    10.0 |        Read |                    10.0 |      NONE |        |        |       0 |    MIDDLE |        |        |       0 |
|  pifoEngines_1/enque_brain/engineCAM/ram_reg_bram_13 | RAMB36E2  |  A:A:2048x18           |  B:B:2048x18           |       Write |                    10.0 |        Read |                    10.0 |      NONE |        |        |       0 |    MIDDLE |        |        |       0 |
|  pifoEngines_1/enque_brain/engineCAM/ram_reg_bram_14 | RAMB36E2  |  A:A:2048x18           |  B:B:2048x18           |       Write |                    10.0 |        Read |                    10.0 |      NONE |        |        |       0 |    MIDDLE |        |        |       0 |
|  pifoEngines_1/enque_brain/engineCAM/ram_reg_bram_15 | RAMB36E2  |  A:A:2048x18           |  B:B:2048x18           |       Write |                    10.0 |        Read |                    10.0 |      NONE |        |        |       0 |      LAST |        |        |       0 |
|  pifoEngines_1/enque_brain/engineCAM/ram_reg_bram_16 | RAMB36E2  |  A:A:2048x18           |  B:B:2048x18           |       Write |                    10.0 |        Read |                    10.0 |      NONE |        |        |       0 |     FIRST |        |        |       0 |
|  pifoEngines_1/enque_brain/engineCAM/ram_reg_bram_17 | RAMB36E2  |  A:A:2048x18           |  B:B:2048x18           |       Write |                    10.0 |        Read |                    10.0 |      NONE |        |        |       0 |    MIDDLE |        |        |       0 |
|  pifoEngines_1/enque_brain/engineCAM/ram_reg_bram_18 | RAMB36E2  |  A:A:2048x18           |  B:B:2048x18           |       Write |                    10.0 |        Read |                    10.0 |      NONE |        |        |       0 |    MIDDLE |        |        |       0 |
|  pifoEngines_1/enque_brain/engineCAM/ram_reg_bram_19 | RAMB36E2  |  A:A:2048x18           |  B:B:2048x18           |       Write |                    10.0 |        Read |                    10.0 |      NONE |        |        |       0 |    MIDDLE |        |        |       0 |
|  pifoEngines_1/enque_brain/engineCAM/ram_reg_bram_20 | RAMB36E2  |  A:A:2048x18           |  B:B:2048x18           |       Write |                    10.0 |        Read |                    10.0 |      NONE |        |        |       0 |    MIDDLE |        |        |       0 |
|  pifoEngines_1/enque_brain/engineCAM/ram_reg_bram_21 | RAMB36E2  |  A:A:2048x18           |  B:B:2048x18           |       Write |                    10.0 |        Read |                    10.0 |      NONE |        |        |       0 |    MIDDLE |        |        |       0 |
|  pifoEngines_1/enque_brain/engineCAM/ram_reg_bram_22 | RAMB36E2  |  A:A:2048x18           |  B:B:2048x18           |       Write |                    10.0 |        Read |                    10.0 |      NONE |        |        |       0 |    MIDDLE |        |        |       0 |
|  pifoEngines_1/enque_brain/engineCAM/ram_reg_bram_23 | RAMB36E2  |  A:A:2048x18           |  B:B:2048x18           |       Write |                    10.0 |        Read |                    10.0 |      NONE |        |        |       0 |      LAST |        |        |       0 |
|  pifoEngines_1/enque_brain/engineCAM/ram_reg_bram_24 | RAMB36E2  |  A:A:2048x18           |  B:B:2048x18           |       Write |                    10.0 |        Read |                    10.0 |      NONE |        |        |       0 |     FIRST |        |        |       0 |
|  pifoEngines_1/enque_brain/engineCAM/ram_reg_bram_25 | RAMB36E2  |  A:A:2048x18           |  B:B:2048x18           |       Write |                    10.0 |        Read |                    10.0 |      NONE |        |        |       0 |    MIDDLE |        |        |       0 |
|  pifoEngines_1/enque_brain/engineCAM/ram_reg_bram_26 | RAMB36E2  |  A:A:2048x18           |  B:B:2048x18           |       Write |                    10.0 |        Read |                    10.0 |      NONE |        |        |       0 |    MIDDLE |        |        |       0 |
|  pifoEngines_1/enque_brain/engineCAM/ram_reg_bram_27 | RAMB36E2  |  A:A:2048x18           |  B:B:2048x18           |       Write |                    10.0 |        Read |                    10.0 |      NONE |        |        |       0 |    MIDDLE |        |        |       0 |
|  pifoEngines_1/enque_brain/engineCAM/ram_reg_bram_28 | RAMB36E2  |  A:A:2048x18           |  B:B:2048x18           |       Write |                    10.0 |        Read |                    10.0 |      NONE |        |        |       0 |    MIDDLE |        |        |       0 |
|  pifoEngines_1/enque_brain/engineCAM/ram_reg_bram_29 | RAMB36E2  |  A:A:2048x18           |  B:B:2048x18           |       Write |                    10.0 |        Read |                    10.0 |      NONE |        |        |       0 |    MIDDLE |        |        |       0 |
|  pifoEngines_1/enque_brain/engineCAM/ram_reg_bram_30 | RAMB36E2  |  A:A:2048x18           |  B:B:2048x18           |       Write |                    10.0 |        Read |                    10.0 |      NONE |        |        |       0 |    MIDDLE |        |        |       0 |
|  pifoEngines_1/enque_brain/engineCAM/ram_reg_bram_31 | RAMB36E2  |  A:A:2048x18           |  B:B:2048x18           |       Write |                    10.0 |        Read |                    10.0 |      NONE |        |        |       0 |      LAST |        |        |       0 |
|  pifoEngines_1/enque_brain/engineCAM/ram_reg_bram_32 | RAMB36E2  |  A:A:2048x18           |  B:B:2048x18           |       Write |                    10.0 |        Read |                    10.0 |      NONE |        |        |       0 |     FIRST |        |        |       0 |
|  pifoEngines_1/enque_brain/engineCAM/ram_reg_bram_33 | RAMB36E2  |  A:A:2048x18           |  B:B:2048x18           |       Write |                    10.0 |        Read |                    10.0 |      NONE |        |        |       0 |    MIDDLE |        |        |       0 |
|  pifoEngines_1/enque_brain/engineCAM/ram_reg_bram_34 | RAMB36E2  |  A:A:2048x18           |  B:B:2048x18           |       Write |                    10.0 |        Read |                    10.0 |      NONE |        |        |       0 |    MIDDLE |        |        |       0 |
|  pifoEngines_1/enque_brain/engineCAM/ram_reg_bram_35 | RAMB36E2  |  A:A:2048x18           |  B:B:2048x18           |       Write |                    10.0 |        Read |                    10.0 |      NONE |        |        |       0 |    MIDDLE |        |        |       0 |
|  pifoEngines_1/enque_brain/engineCAM/ram_reg_bram_36 | RAMB36E2  |  A:A:2048x18           |  B:B:2048x18           |       Write |                    10.0 |        Read |                    10.0 |      NONE |        |        |       0 |    MIDDLE |        |        |       0 |
|  pifoEngines_1/enque_brain/engineCAM/ram_reg_bram_37 | RAMB36E2  |  A:A:2048x18           |  B:B:2048x18           |       Write |                    10.0 |        Read |                    10.0 |      NONE |        |        |       0 |    MIDDLE |        |        |       0 |
|  pifoEngines_1/enque_brain/engineCAM/ram_reg_bram_38 | RAMB36E2  |  A:A:2048x18           |  B:B:2048x18           |       Write |                    10.0 |        Read |                    10.0 |      NONE |        |        |       0 |    MIDDLE |        |        |       0 |
|  pifoEngines_1/enque_brain/engineCAM/ram_reg_bram_39 | RAMB36E2  |  A:A:2048x18           |  B:B:2048x18           |       Write |                    10.0 |        Read |                    10.0 |      NONE |        |        |       0 |      LAST |        |        |       0 |
|  pifoEngines_1/enque_brain/engineCAM/ram_reg_bram_40 | RAMB36E2  |  A:A:2048x18           |  B:B:2048x18           |       Write |                    10.0 |        Read |                    10.0 |      NONE |        |        |       0 |     FIRST |        |        |       0 |
|  pifoEngines_1/enque_brain/engineCAM/ram_reg_bram_41 | RAMB36E2  |  A:A:2048x18           |  B:B:2048x18           |       Write |                    10.0 |        Read |                    10.0 |      NONE |        |        |       0 |    MIDDLE |        |        |       0 |
|  pifoEngines_1/enque_brain/engineCAM/ram_reg_bram_42 | RAMB36E2  |  A:A:2048x18           |  B:B:2048x18           |       Write |                    10.0 |        Read |                    10.0 |      NONE |        |        |       0 |    MIDDLE |        |        |       0 |
|  pifoEngines_1/enque_brain/engineCAM/ram_reg_bram_43 | RAMB36E2  |  A:A:2048x18           |  B:B:2048x18           |       Write |                    10.0 |        Read |                    10.0 |      NONE |        |        |       0 |    MIDDLE |        |        |       0 |
|  pifoEngines_1/enque_brain/engineCAM/ram_reg_bram_44 | RAMB36E2  |  A:A:2048x18           |  B:B:2048x18           |       Write |                    10.0 |        Read |                    10.0 |      NONE |        |        |       0 |    MIDDLE |        |        |       0 |
|  pifoEngines_1/enque_brain/engineCAM/ram_reg_bram_45 | RAMB36E2  |  A:A:2048x18           |  B:B:2048x18           |       Write |                    10.0 |        Read |                    10.0 |      NONE |        |        |       0 |    MIDDLE |        |        |       0 |
|  pifoEngines_1/enque_brain/engineCAM/ram_reg_bram_46 | RAMB36E2  |  A:A:2048x18           |  B:B:2048x18           |       Write |                    10.0 |        Read |                    10.0 |      NONE |        |        |       0 |    MIDDLE |        |        |       0 |
|  pifoEngines_1/enque_brain/engineCAM/ram_reg_bram_47 | RAMB36E2  |  A:A:2048x18           |  B:B:2048x18           |       Write |                    10.0 |        Read |                    10.0 |      NONE |        |        |       0 |      LAST |        |        |       0 |
|  pifoEngines_1/enque_brain/engineCAM/ram_reg_bram_48 | RAMB36E2  |  A:A:2048x18           |  B:B:2048x18           |       Write |                    10.0 |        Read |                    10.0 |      NONE |        |        |       0 |     FIRST |        |        |       0 |
|  pifoEngines_1/enque_brain/engineCAM/ram_reg_bram_49 | RAMB36E2  |  A:A:2048x18           |  B:B:2048x18           |       Write |                    10.0 |        Read |                    10.0 |      NONE |        |        |       0 |    MIDDLE |        |        |       0 |
|  pifoEngines_1/enque_brain/engineCAM/ram_reg_bram_50 | RAMB36E2  |  A:A:2048x18           |  B:B:2048x18           |       Write |                    10.0 |        Read |                    10.0 |      NONE |        |        |       0 |    MIDDLE |        |        |       0 |
|  pifoEngines_1/enque_brain/engineCAM/ram_reg_bram_51 | RAMB36E2  |  A:A:2048x18           |  B:B:2048x18           |       Write |                    10.0 |        Read |                    10.0 |      NONE |        |        |       0 |    MIDDLE |        |        |       0 |
|  pifoEngines_1/enque_brain/engineCAM/ram_reg_bram_52 | RAMB36E2  |  A:A:2048x18           |  B:B:2048x18           |       Write |                    10.0 |        Read |                    10.0 |      NONE |        |        |       0 |    MIDDLE |        |        |       0 |
|  pifoEngines_1/enque_brain/engineCAM/ram_reg_bram_53 | RAMB36E2  |  A:A:2048x18           |  B:B:2048x18           |       Write |                    10.0 |        Read |                    10.0 |      NONE |        |        |       0 |    MIDDLE |        |        |       0 |
|  pifoEngines_1/enque_brain/engineCAM/ram_reg_bram_54 | RAMB36E2  |  A:A:2048x18           |  B:B:2048x18           |       Write |                    10.0 |        Read |                    10.0 |      NONE |        |        |       0 |    MIDDLE |        |        |       0 |
|  pifoEngines_1/enque_brain/engineCAM/ram_reg_bram_55 | RAMB36E2  |  A:A:2048x18           |  B:B:2048x18           |       Write |                    10.0 |        Read |                    10.0 |      NONE |        |        |       0 |      LAST |        |        |       0 |
|  pifoEngines_1/enque_brain/engineCAM/ram_reg_bram_56 | RAMB36E2  |  A:A:2048x18           |  B:B:2048x18           |       Write |                    10.0 |        Read |                    10.0 |      NONE |        |        |       0 |     FIRST |        |        |       0 |
|  pifoEngines_1/enque_brain/engineCAM/ram_reg_bram_57 | RAMB36E2  |  A:A:2048x18           |  B:B:2048x18           |       Write |                    10.0 |        Read |                    10.0 |      NONE |        |        |       0 |    MIDDLE |        |        |       0 |
|  pifoEngines_1/enque_brain/engineCAM/ram_reg_bram_58 | RAMB36E2  |  A:A:2048x18           |  B:B:2048x18           |       Write |                    10.0 |        Read |                    10.0 |      NONE |        |        |       0 |    MIDDLE |        |        |       0 |
|  pifoEngines_1/enque_brain/engineCAM/ram_reg_bram_59 | RAMB36E2  |  A:A:2048x18           |  B:B:2048x18           |       Write |                    10.0 |        Read |                    10.0 |      NONE |        |        |       0 |    MIDDLE |        |        |       0 |
|  pifoEngines_1/enque_brain/engineCAM/ram_reg_bram_60 | RAMB36E2  |  A:A:2048x18           |  B:B:2048x18           |       Write |                    10.0 |        Read |                    10.0 |      NONE |        |        |       0 |    MIDDLE |        |        |       0 |
|  pifoEngines_1/enque_brain/engineCAM/ram_reg_bram_61 | RAMB36E2  |  A:A:2048x18           |  B:B:2048x18           |       Write |                    10.0 |        Read |                    10.0 |      NONE |        |        |       0 |    MIDDLE |        |        |       0 |
|  pifoEngines_1/enque_brain/engineCAM/ram_reg_bram_62 | RAMB36E2  |  A:A:2048x18           |  B:B:2048x18           |       Write |                    10.0 |        Read |                    10.0 |      NONE |        |        |       0 |    MIDDLE |        |        |       0 |
|  pifoEngines_1/enque_brain/engineCAM/ram_reg_bram_63 | RAMB36E2  |  A:A:2048x18           |  B:B:2048x18           |       Write |                    10.0 |        Read |                    10.0 |      NONE |        |        |       0 |      LAST |        |        |       0 |
| pifoEngines_2/enque_brain/engineCAM/ram              |           | 131072x18              | 131072x18              |             |                         |             |                         |           |        |        |         |           |        |        |         |
|  pifoEngines_2/enque_brain/engineCAM/ram_reg_bram_0  | RAMB36E2  |  A:A:2048x18           |  B:B:2048x18           |       Write |                    10.0 |        Read |                    10.0 |      NONE |        |        |       0 |     FIRST |        |        |       0 |
|  pifoEngines_2/enque_brain/engineCAM/ram_reg_bram_1  | RAMB36E2  |  A:A:2048x18           |  B:B:2048x18           |       Write |                    10.0 |        Read |                    10.0 |      NONE |        |        |       0 |    MIDDLE |        |        |       0 |
|  pifoEngines_2/enque_brain/engineCAM/ram_reg_bram_2  | RAMB36E2  |  A:A:2048x18           |  B:B:2048x18           |       Write |                    10.0 |        Read |                    10.0 |      NONE |        |        |       0 |    MIDDLE |        |        |       0 |
|  pifoEngines_2/enque_brain/engineCAM/ram_reg_bram_3  | RAMB36E2  |  A:A:2048x18           |  B:B:2048x18           |       Write |                    10.0 |        Read |                    10.0 |      NONE |        |        |       0 |    MIDDLE |        |        |       0 |
|  pifoEngines_2/enque_brain/engineCAM/ram_reg_bram_4  | RAMB36E2  |  A:A:2048x18           |  B:B:2048x18           |       Write |                    10.0 |        Read |                    10.0 |      NONE |        |        |       0 |    MIDDLE |        |        |       0 |
|  pifoEngines_2/enque_brain/engineCAM/ram_reg_bram_5  | RAMB36E2  |  A:A:2048x18           |  B:B:2048x18           |       Write |                    10.0 |        Read |                    10.0 |      NONE |        |        |       0 |    MIDDLE |        |        |       0 |
|  pifoEngines_2/enque_brain/engineCAM/ram_reg_bram_6  | RAMB36E2  |  A:A:2048x18           |  B:B:2048x18           |       Write |                    10.0 |        Read |                    10.0 |      NONE |        |        |       0 |    MIDDLE |        |        |       0 |
|  pifoEngines_2/enque_brain/engineCAM/ram_reg_bram_7  | RAMB36E2  |  A:A:2048x18           |  B:B:2048x18           |       Write |                    10.0 |        Read |                    10.0 |      NONE |        |        |       0 |      LAST |        |        |       0 |
|  pifoEngines_2/enque_brain/engineCAM/ram_reg_bram_8  | RAMB36E2  |  A:A:2048x18           |  B:B:2048x18           |       Write |                    10.0 |        Read |                    10.0 |      NONE |        |        |       0 |     FIRST |        |        |       0 |
|  pifoEngines_2/enque_brain/engineCAM/ram_reg_bram_9  | RAMB36E2  |  A:A:2048x18           |  B:B:2048x18           |       Write |                    10.0 |        Read |                    10.0 |      NONE |        |        |       0 |    MIDDLE |        |        |       0 |
|  pifoEngines_2/enque_brain/engineCAM/ram_reg_bram_10 | RAMB36E2  |  A:A:2048x18           |  B:B:2048x18           |       Write |                    10.0 |        Read |                    10.0 |      NONE |        |        |       0 |    MIDDLE |        |        |       0 |
|  pifoEngines_2/enque_brain/engineCAM/ram_reg_bram_11 | RAMB36E2  |  A:A:2048x18           |  B:B:2048x18           |       Write |                    10.0 |        Read |                    10.0 |      NONE |        |        |       0 |    MIDDLE |        |        |       0 |
|  pifoEngines_2/enque_brain/engineCAM/ram_reg_bram_12 | RAMB36E2  |  A:A:2048x18           |  B:B:2048x18           |       Write |                    10.0 |        Read |                    10.0 |      NONE |        |        |       0 |    MIDDLE |        |        |       0 |
|  pifoEngines_2/enque_brain/engineCAM/ram_reg_bram_13 | RAMB36E2  |  A:A:2048x18           |  B:B:2048x18           |       Write |                    10.0 |        Read |                    10.0 |      NONE |        |        |       0 |    MIDDLE |        |        |       0 |
|  pifoEngines_2/enque_brain/engineCAM/ram_reg_bram_14 | RAMB36E2  |  A:A:2048x18           |  B:B:2048x18           |       Write |                    10.0 |        Read |                    10.0 |      NONE |        |        |       0 |    MIDDLE |        |        |       0 |
|  pifoEngines_2/enque_brain/engineCAM/ram_reg_bram_15 | RAMB36E2  |  A:A:2048x18           |  B:B:2048x18           |       Write |                    10.0 |        Read |                    10.0 |      NONE |        |        |       0 |      LAST |        |        |       0 |
|  pifoEngines_2/enque_brain/engineCAM/ram_reg_bram_16 | RAMB36E2  |  A:A:2048x18           |  B:B:2048x18           |       Write |                    10.0 |        Read |                    10.0 |      NONE |        |        |       0 |     FIRST |        |        |       0 |
|  pifoEngines_2/enque_brain/engineCAM/ram_reg_bram_17 | RAMB36E2  |  A:A:2048x18           |  B:B:2048x18           |       Write |                    10.0 |        Read |                    10.0 |      NONE |        |        |       0 |    MIDDLE |        |        |       0 |
|  pifoEngines_2/enque_brain/engineCAM/ram_reg_bram_18 | RAMB36E2  |  A:A:2048x18           |  B:B:2048x18           |       Write |                    10.0 |        Read |                    10.0 |      NONE |        |        |       0 |    MIDDLE |        |        |       0 |
|  pifoEngines_2/enque_brain/engineCAM/ram_reg_bram_19 | RAMB36E2  |  A:A:2048x18           |  B:B:2048x18           |       Write |                    10.0 |        Read |                    10.0 |      NONE |        |        |       0 |    MIDDLE |        |        |       0 |
|  pifoEngines_2/enque_brain/engineCAM/ram_reg_bram_20 | RAMB36E2  |  A:A:2048x18           |  B:B:2048x18           |       Write |                    10.0 |        Read |                    10.0 |      NONE |        |        |       0 |    MIDDLE |        |        |       0 |
|  pifoEngines_2/enque_brain/engineCAM/ram_reg_bram_21 | RAMB36E2  |  A:A:2048x18           |  B:B:2048x18           |       Write |                    10.0 |        Read |                    10.0 |      NONE |        |        |       0 |    MIDDLE |        |        |       0 |
|  pifoEngines_2/enque_brain/engineCAM/ram_reg_bram_22 | RAMB36E2  |  A:A:2048x18           |  B:B:2048x18           |       Write |                    10.0 |        Read |                    10.0 |      NONE |        |        |       0 |    MIDDLE |        |        |       0 |
|  pifoEngines_2/enque_brain/engineCAM/ram_reg_bram_23 | RAMB36E2  |  A:A:2048x18           |  B:B:2048x18           |       Write |                    10.0 |        Read |                    10.0 |      NONE |        |        |       0 |      LAST |        |        |       0 |
|  pifoEngines_2/enque_brain/engineCAM/ram_reg_bram_24 | RAMB36E2  |  A:A:2048x18           |  B:B:2048x18           |       Write |                    10.0 |        Read |                    10.0 |      NONE |        |        |       0 |     FIRST |        |        |       0 |
|  pifoEngines_2/enque_brain/engineCAM/ram_reg_bram_25 | RAMB36E2  |  A:A:2048x18           |  B:B:2048x18           |       Write |                    10.0 |        Read |                    10.0 |      NONE |        |        |       0 |    MIDDLE |        |        |       0 |
|  pifoEngines_2/enque_brain/engineCAM/ram_reg_bram_26 | RAMB36E2  |  A:A:2048x18           |  B:B:2048x18           |       Write |                    10.0 |        Read |                    10.0 |      NONE |        |        |       0 |    MIDDLE |        |        |       0 |
|  pifoEngines_2/enque_brain/engineCAM/ram_reg_bram_27 | RAMB36E2  |  A:A:2048x18           |  B:B:2048x18           |       Write |                    10.0 |        Read |                    10.0 |      NONE |        |        |       0 |    MIDDLE |        |        |       0 |
|  pifoEngines_2/enque_brain/engineCAM/ram_reg_bram_28 | RAMB36E2  |  A:A:2048x18           |  B:B:2048x18           |       Write |                    10.0 |        Read |                    10.0 |      NONE |        |        |       0 |    MIDDLE |        |        |       0 |
|  pifoEngines_2/enque_brain/engineCAM/ram_reg_bram_29 | RAMB36E2  |  A:A:2048x18           |  B:B:2048x18           |       Write |                    10.0 |        Read |                    10.0 |      NONE |        |        |       0 |    MIDDLE |        |        |       0 |
|  pifoEngines_2/enque_brain/engineCAM/ram_reg_bram_30 | RAMB36E2  |  A:A:2048x18           |  B:B:2048x18           |       Write |                    10.0 |        Read |                    10.0 |      NONE |        |        |       0 |    MIDDLE |        |        |       0 |
|  pifoEngines_2/enque_brain/engineCAM/ram_reg_bram_31 | RAMB36E2  |  A:A:2048x18           |  B:B:2048x18           |       Write |                    10.0 |        Read |                    10.0 |      NONE |        |        |       0 |      LAST |        |        |       0 |
|  pifoEngines_2/enque_brain/engineCAM/ram_reg_bram_32 | RAMB36E2  |  A:A:2048x18           |  B:B:2048x18           |       Write |                    10.0 |        Read |                    10.0 |      NONE |        |        |       0 |     FIRST |        |        |       0 |
|  pifoEngines_2/enque_brain/engineCAM/ram_reg_bram_33 | RAMB36E2  |  A:A:2048x18           |  B:B:2048x18           |       Write |                    10.0 |        Read |                    10.0 |      NONE |        |        |       0 |    MIDDLE |        |        |       0 |
|  pifoEngines_2/enque_brain/engineCAM/ram_reg_bram_34 | RAMB36E2  |  A:A:2048x18           |  B:B:2048x18           |       Write |                    10.0 |        Read |                    10.0 |      NONE |        |        |       0 |    MIDDLE |        |        |       0 |
|  pifoEngines_2/enque_brain/engineCAM/ram_reg_bram_35 | RAMB36E2  |  A:A:2048x18           |  B:B:2048x18           |       Write |                    10.0 |        Read |                    10.0 |      NONE |        |        |       0 |    MIDDLE |        |        |       0 |
|  pifoEngines_2/enque_brain/engineCAM/ram_reg_bram_36 | RAMB36E2  |  A:A:2048x18           |  B:B:2048x18           |       Write |                    10.0 |        Read |                    10.0 |      NONE |        |        |       0 |    MIDDLE |        |        |       0 |
|  pifoEngines_2/enque_brain/engineCAM/ram_reg_bram_37 | RAMB36E2  |  A:A:2048x18           |  B:B:2048x18           |       Write |                    10.0 |        Read |                    10.0 |      NONE |        |        |       0 |    MIDDLE |        |        |       0 |
|  pifoEngines_2/enque_brain/engineCAM/ram_reg_bram_38 | RAMB36E2  |  A:A:2048x18           |  B:B:2048x18           |       Write |                    10.0 |        Read |                    10.0 |      NONE |        |        |       0 |    MIDDLE |        |        |       0 |
|  pifoEngines_2/enque_brain/engineCAM/ram_reg_bram_39 | RAMB36E2  |  A:A:2048x18           |  B:B:2048x18           |       Write |                    10.0 |        Read |                    10.0 |      NONE |        |        |       0 |      LAST |        |        |       0 |
|  pifoEngines_2/enque_brain/engineCAM/ram_reg_bram_40 | RAMB36E2  |  A:A:2048x18           |  B:B:2048x18           |       Write |                    10.0 |        Read |                    10.0 |      NONE |        |        |       0 |     FIRST |        |        |       0 |
|  pifoEngines_2/enque_brain/engineCAM/ram_reg_bram_41 | RAMB36E2  |  A:A:2048x18           |  B:B:2048x18           |       Write |                    10.0 |        Read |                    10.0 |      NONE |        |        |       0 |    MIDDLE |        |        |       0 |
|  pifoEngines_2/enque_brain/engineCAM/ram_reg_bram_42 | RAMB36E2  |  A:A:2048x18           |  B:B:2048x18           |       Write |                    10.0 |        Read |                    10.0 |      NONE |        |        |       0 |    MIDDLE |        |        |       0 |
|  pifoEngines_2/enque_brain/engineCAM/ram_reg_bram_43 | RAMB36E2  |  A:A:2048x18           |  B:B:2048x18           |       Write |                    10.0 |        Read |                    10.0 |      NONE |        |        |       0 |    MIDDLE |        |        |       0 |
|  pifoEngines_2/enque_brain/engineCAM/ram_reg_bram_44 | RAMB36E2  |  A:A:2048x18           |  B:B:2048x18           |       Write |                    10.0 |        Read |                    10.0 |      NONE |        |        |       0 |    MIDDLE |        |        |       0 |
|  pifoEngines_2/enque_brain/engineCAM/ram_reg_bram_45 | RAMB36E2  |  A:A:2048x18           |  B:B:2048x18           |       Write |                    10.0 |        Read |                    10.0 |      NONE |        |        |       0 |    MIDDLE |        |        |       0 |
|  pifoEngines_2/enque_brain/engineCAM/ram_reg_bram_46 | RAMB36E2  |  A:A:2048x18           |  B:B:2048x18           |       Write |                    10.0 |        Read |                    10.0 |      NONE |        |        |       0 |    MIDDLE |        |        |       0 |
|  pifoEngines_2/enque_brain/engineCAM/ram_reg_bram_47 | RAMB36E2  |  A:A:2048x18           |  B:B:2048x18           |       Write |                    10.0 |        Read |                    10.0 |      NONE |        |        |       0 |      LAST |        |        |       0 |
|  pifoEngines_2/enque_brain/engineCAM/ram_reg_bram_48 | RAMB36E2  |  A:A:2048x18           |  B:B:2048x18           |       Write |                    10.0 |        Read |                    10.0 |      NONE |        |        |       0 |     FIRST |        |        |       0 |
|  pifoEngines_2/enque_brain/engineCAM/ram_reg_bram_49 | RAMB36E2  |  A:A:2048x18           |  B:B:2048x18           |       Write |                    10.0 |        Read |                    10.0 |      NONE |        |        |       0 |    MIDDLE |        |        |       0 |
|  pifoEngines_2/enque_brain/engineCAM/ram_reg_bram_50 | RAMB36E2  |  A:A:2048x18           |  B:B:2048x18           |       Write |                    10.0 |        Read |                    10.0 |      NONE |        |        |       0 |    MIDDLE |        |        |       0 |
|  pifoEngines_2/enque_brain/engineCAM/ram_reg_bram_51 | RAMB36E2  |  A:A:2048x18           |  B:B:2048x18           |       Write |                    10.0 |        Read |                    10.0 |      NONE |        |        |       0 |    MIDDLE |        |        |       0 |
|  pifoEngines_2/enque_brain/engineCAM/ram_reg_bram_52 | RAMB36E2  |  A:A:2048x18           |  B:B:2048x18           |       Write |                    10.0 |        Read |                    10.0 |      NONE |        |        |       0 |    MIDDLE |        |        |       0 |
|  pifoEngines_2/enque_brain/engineCAM/ram_reg_bram_53 | RAMB36E2  |  A:A:2048x18           |  B:B:2048x18           |       Write |                    10.0 |        Read |                    10.0 |      NONE |        |        |       0 |    MIDDLE |        |        |       0 |
|  pifoEngines_2/enque_brain/engineCAM/ram_reg_bram_54 | RAMB36E2  |  A:A:2048x18           |  B:B:2048x18           |       Write |                    10.0 |        Read |                    10.0 |      NONE |        |        |       0 |    MIDDLE |        |        |       0 |
|  pifoEngines_2/enque_brain/engineCAM/ram_reg_bram_55 | RAMB36E2  |  A:A:2048x18           |  B:B:2048x18           |       Write |                    10.0 |        Read |                    10.0 |      NONE |        |        |       0 |      LAST |        |        |       0 |
|  pifoEngines_2/enque_brain/engineCAM/ram_reg_bram_56 | RAMB36E2  |  A:A:2048x18           |  B:B:2048x18           |       Write |                    10.0 |        Read |                    10.0 |      NONE |        |        |       0 |     FIRST |        |        |       0 |
|  pifoEngines_2/enque_brain/engineCAM/ram_reg_bram_57 | RAMB36E2  |  A:A:2048x18           |  B:B:2048x18           |       Write |                    10.0 |        Read |                    10.0 |      NONE |        |        |       0 |    MIDDLE |        |        |       0 |
|  pifoEngines_2/enque_brain/engineCAM/ram_reg_bram_58 | RAMB36E2  |  A:A:2048x18           |  B:B:2048x18           |       Write |                    10.0 |        Read |                    10.0 |      NONE |        |        |       0 |    MIDDLE |        |        |       0 |
|  pifoEngines_2/enque_brain/engineCAM/ram_reg_bram_59 | RAMB36E2  |  A:A:2048x18           |  B:B:2048x18           |       Write |                    10.0 |        Read |                    10.0 |      NONE |        |        |       0 |    MIDDLE |        |        |       0 |
|  pifoEngines_2/enque_brain/engineCAM/ram_reg_bram_60 | RAMB36E2  |  A:A:2048x18           |  B:B:2048x18           |       Write |                    10.0 |        Read |                    10.0 |      NONE |        |        |       0 |    MIDDLE |        |        |       0 |
|  pifoEngines_2/enque_brain/engineCAM/ram_reg_bram_61 | RAMB36E2  |  A:A:2048x18           |  B:B:2048x18           |       Write |                    10.0 |        Read |                    10.0 |      NONE |        |        |       0 |    MIDDLE |        |        |       0 |
|  pifoEngines_2/enque_brain/engineCAM/ram_reg_bram_62 | RAMB36E2  |  A:A:2048x18           |  B:B:2048x18           |       Write |                    10.0 |        Read |                    10.0 |      NONE |        |        |       0 |    MIDDLE |        |        |       0 |
|  pifoEngines_2/enque_brain/engineCAM/ram_reg_bram_63 | RAMB36E2  |  A:A:2048x18           |  B:B:2048x18           |       Write |                    10.0 |        Read |                    10.0 |      NONE |        |        |       0 |      LAST |        |        |       0 |
| pifoEngines_3/enque_brain/engineCAM/ram              |           | 131072x18              | 131072x18              |             |                         |             |                         |           |        |        |         |           |        |        |         |
|  pifoEngines_3/enque_brain/engineCAM/ram_reg_bram_0  | RAMB36E2  |  A:A:2048x18           |  B:B:2048x18           |       Write |                    10.0 |        Read |                    10.0 |      NONE |        |        |       0 |     FIRST |        |        |       0 |
|  pifoEngines_3/enque_brain/engineCAM/ram_reg_bram_1  | RAMB36E2  |  A:A:2048x18           |  B:B:2048x18           |       Write |                    10.0 |        Read |                    10.0 |      NONE |        |        |       0 |    MIDDLE |        |        |       0 |
|  pifoEngines_3/enque_brain/engineCAM/ram_reg_bram_2  | RAMB36E2  |  A:A:2048x18           |  B:B:2048x18           |       Write |                    10.0 |        Read |                    10.0 |      NONE |        |        |       0 |    MIDDLE |        |        |       0 |
|  pifoEngines_3/enque_brain/engineCAM/ram_reg_bram_3  | RAMB36E2  |  A:A:2048x18           |  B:B:2048x18           |       Write |                    10.0 |        Read |                    10.0 |      NONE |        |        |       0 |    MIDDLE |        |        |       0 |
|  pifoEngines_3/enque_brain/engineCAM/ram_reg_bram_4  | RAMB36E2  |  A:A:2048x18           |  B:B:2048x18           |       Write |                    10.0 |        Read |                    10.0 |      NONE |        |        |       0 |    MIDDLE |        |        |       0 |
|  pifoEngines_3/enque_brain/engineCAM/ram_reg_bram_5  | RAMB36E2  |  A:A:2048x18           |  B:B:2048x18           |       Write |                    10.0 |        Read |                    10.0 |      NONE |        |        |       0 |    MIDDLE |        |        |       0 |
|  pifoEngines_3/enque_brain/engineCAM/ram_reg_bram_6  | RAMB36E2  |  A:A:2048x18           |  B:B:2048x18           |       Write |                    10.0 |        Read |                    10.0 |      NONE |        |        |       0 |    MIDDLE |        |        |       0 |
|  pifoEngines_3/enque_brain/engineCAM/ram_reg_bram_7  | RAMB36E2  |  A:A:2048x18           |  B:B:2048x18           |       Write |                    10.0 |        Read |                    10.0 |      NONE |        |        |       0 |      LAST |        |        |       0 |
|  pifoEngines_3/enque_brain/engineCAM/ram_reg_bram_8  | RAMB36E2  |  A:A:2048x18           |  B:B:2048x18           |       Write |                    10.0 |        Read |                    10.0 |      NONE |        |        |       0 |     FIRST |        |        |       0 |
|  pifoEngines_3/enque_brain/engineCAM/ram_reg_bram_9  | RAMB36E2  |  A:A:2048x18           |  B:B:2048x18           |       Write |                    10.0 |        Read |                    10.0 |      NONE |        |        |       0 |    MIDDLE |        |        |       0 |
|  pifoEngines_3/enque_brain/engineCAM/ram_reg_bram_10 | RAMB36E2  |  A:A:2048x18           |  B:B:2048x18           |       Write |                    10.0 |        Read |                    10.0 |      NONE |        |        |       0 |    MIDDLE |        |        |       0 |
|  pifoEngines_3/enque_brain/engineCAM/ram_reg_bram_11 | RAMB36E2  |  A:A:2048x18           |  B:B:2048x18           |       Write |                    10.0 |        Read |                    10.0 |      NONE |        |        |       0 |    MIDDLE |        |        |       0 |
|  pifoEngines_3/enque_brain/engineCAM/ram_reg_bram_12 | RAMB36E2  |  A:A:2048x18           |  B:B:2048x18           |       Write |                    10.0 |        Read |                    10.0 |      NONE |        |        |       0 |    MIDDLE |        |        |       0 |
|  pifoEngines_3/enque_brain/engineCAM/ram_reg_bram_13 | RAMB36E2  |  A:A:2048x18           |  B:B:2048x18           |       Write |                    10.0 |        Read |                    10.0 |      NONE |        |        |       0 |    MIDDLE |        |        |       0 |
|  pifoEngines_3/enque_brain/engineCAM/ram_reg_bram_14 | RAMB36E2  |  A:A:2048x18           |  B:B:2048x18           |       Write |                    10.0 |        Read |                    10.0 |      NONE |        |        |       0 |    MIDDLE |        |        |       0 |
|  pifoEngines_3/enque_brain/engineCAM/ram_reg_bram_15 | RAMB36E2  |  A:A:2048x18           |  B:B:2048x18           |       Write |                    10.0 |        Read |                    10.0 |      NONE |        |        |       0 |      LAST |        |        |       0 |
|  pifoEngines_3/enque_brain/engineCAM/ram_reg_bram_16 | RAMB36E2  |  A:A:2048x18           |  B:B:2048x18           |       Write |                    10.0 |        Read |                    10.0 |      NONE |        |        |       0 |     FIRST |        |        |       0 |
|  pifoEngines_3/enque_brain/engineCAM/ram_reg_bram_17 | RAMB36E2  |  A:A:2048x18           |  B:B:2048x18           |       Write |                    10.0 |        Read |                    10.0 |      NONE |        |        |       0 |    MIDDLE |        |        |       0 |
|  pifoEngines_3/enque_brain/engineCAM/ram_reg_bram_18 | RAMB36E2  |  A:A:2048x18           |  B:B:2048x18           |       Write |                    10.0 |        Read |                    10.0 |      NONE |        |        |       0 |    MIDDLE |        |        |       0 |
|  pifoEngines_3/enque_brain/engineCAM/ram_reg_bram_19 | RAMB36E2  |  A:A:2048x18           |  B:B:2048x18           |       Write |                    10.0 |        Read |                    10.0 |      NONE |        |        |       0 |    MIDDLE |        |        |       0 |
|  pifoEngines_3/enque_brain/engineCAM/ram_reg_bram_20 | RAMB36E2  |  A:A:2048x18           |  B:B:2048x18           |       Write |                    10.0 |        Read |                    10.0 |      NONE |        |        |       0 |    MIDDLE |        |        |       0 |
|  pifoEngines_3/enque_brain/engineCAM/ram_reg_bram_21 | RAMB36E2  |  A:A:2048x18           |  B:B:2048x18           |       Write |                    10.0 |        Read |                    10.0 |      NONE |        |        |       0 |    MIDDLE |        |        |       0 |
|  pifoEngines_3/enque_brain/engineCAM/ram_reg_bram_22 | RAMB36E2  |  A:A:2048x18           |  B:B:2048x18           |       Write |                    10.0 |        Read |                    10.0 |      NONE |        |        |       0 |    MIDDLE |        |        |       0 |
|  pifoEngines_3/enque_brain/engineCAM/ram_reg_bram_23 | RAMB36E2  |  A:A:2048x18           |  B:B:2048x18           |       Write |                    10.0 |        Read |                    10.0 |      NONE |        |        |       0 |      LAST |        |        |       0 |
|  pifoEngines_3/enque_brain/engineCAM/ram_reg_bram_24 | RAMB36E2  |  A:A:2048x18           |  B:B:2048x18           |       Write |                    10.0 |        Read |                    10.0 |      NONE |        |        |       0 |     FIRST |        |        |       0 |
|  pifoEngines_3/enque_brain/engineCAM/ram_reg_bram_25 | RAMB36E2  |  A:A:2048x18           |  B:B:2048x18           |       Write |                    10.0 |        Read |                    10.0 |      NONE |        |        |       0 |    MIDDLE |        |        |       0 |
|  pifoEngines_3/enque_brain/engineCAM/ram_reg_bram_26 | RAMB36E2  |  A:A:2048x18           |  B:B:2048x18           |       Write |                    10.0 |        Read |                    10.0 |      NONE |        |        |       0 |    MIDDLE |        |        |       0 |
|  pifoEngines_3/enque_brain/engineCAM/ram_reg_bram_27 | RAMB36E2  |  A:A:2048x18           |  B:B:2048x18           |       Write |                    10.0 |        Read |                    10.0 |      NONE |        |        |       0 |    MIDDLE |        |        |       0 |
|  pifoEngines_3/enque_brain/engineCAM/ram_reg_bram_28 | RAMB36E2  |  A:A:2048x18           |  B:B:2048x18           |       Write |                    10.0 |        Read |                    10.0 |      NONE |        |        |       0 |    MIDDLE |        |        |       0 |
|  pifoEngines_3/enque_brain/engineCAM/ram_reg_bram_29 | RAMB36E2  |  A:A:2048x18           |  B:B:2048x18           |       Write |                    10.0 |        Read |                    10.0 |      NONE |        |        |       0 |    MIDDLE |        |        |       0 |
|  pifoEngines_3/enque_brain/engineCAM/ram_reg_bram_30 | RAMB36E2  |  A:A:2048x18           |  B:B:2048x18           |       Write |                    10.0 |        Read |                    10.0 |      NONE |        |        |       0 |    MIDDLE |        |        |       0 |
|  pifoEngines_3/enque_brain/engineCAM/ram_reg_bram_31 | RAMB36E2  |  A:A:2048x18           |  B:B:2048x18           |       Write |                    10.0 |        Read |                    10.0 |      NONE |        |        |       0 |      LAST |        |        |       0 |
|  pifoEngines_3/enque_brain/engineCAM/ram_reg_bram_32 | RAMB36E2  |  A:A:2048x18           |  B:B:2048x18           |       Write |                    10.0 |        Read |                    10.0 |      NONE |        |        |       0 |     FIRST |        |        |       0 |
|  pifoEngines_3/enque_brain/engineCAM/ram_reg_bram_33 | RAMB36E2  |  A:A:2048x18           |  B:B:2048x18           |       Write |                    10.0 |        Read |                    10.0 |      NONE |        |        |       0 |    MIDDLE |        |        |       0 |
|  pifoEngines_3/enque_brain/engineCAM/ram_reg_bram_34 | RAMB36E2  |  A:A:2048x18           |  B:B:2048x18           |       Write |                    10.0 |        Read |                    10.0 |      NONE |        |        |       0 |    MIDDLE |        |        |       0 |
|  pifoEngines_3/enque_brain/engineCAM/ram_reg_bram_35 | RAMB36E2  |  A:A:2048x18           |  B:B:2048x18           |       Write |                    10.0 |        Read |                    10.0 |      NONE |        |        |       0 |    MIDDLE |        |        |       0 |
|  pifoEngines_3/enque_brain/engineCAM/ram_reg_bram_36 | RAMB36E2  |  A:A:2048x18           |  B:B:2048x18           |       Write |                    10.0 |        Read |                    10.0 |      NONE |        |        |       0 |    MIDDLE |        |        |       0 |
|  pifoEngines_3/enque_brain/engineCAM/ram_reg_bram_37 | RAMB36E2  |  A:A:2048x18           |  B:B:2048x18           |       Write |                    10.0 |        Read |                    10.0 |      NONE |        |        |       0 |    MIDDLE |        |        |       0 |
|  pifoEngines_3/enque_brain/engineCAM/ram_reg_bram_38 | RAMB36E2  |  A:A:2048x18           |  B:B:2048x18           |       Write |                    10.0 |        Read |                    10.0 |      NONE |        |        |       0 |    MIDDLE |        |        |       0 |
|  pifoEngines_3/enque_brain/engineCAM/ram_reg_bram_39 | RAMB36E2  |  A:A:2048x18           |  B:B:2048x18           |       Write |                    10.0 |        Read |                    10.0 |      NONE |        |        |       0 |      LAST |        |        |       0 |
|  pifoEngines_3/enque_brain/engineCAM/ram_reg_bram_40 | RAMB36E2  |  A:A:2048x18           |  B:B:2048x18           |       Write |                    10.0 |        Read |                    10.0 |      NONE |        |        |       0 |     FIRST |        |        |       0 |
|  pifoEngines_3/enque_brain/engineCAM/ram_reg_bram_41 | RAMB36E2  |  A:A:2048x18           |  B:B:2048x18           |       Write |                    10.0 |        Read |                    10.0 |      NONE |        |        |       0 |    MIDDLE |        |        |       0 |
|  pifoEngines_3/enque_brain/engineCAM/ram_reg_bram_42 | RAMB36E2  |  A:A:2048x18           |  B:B:2048x18           |       Write |                    10.0 |        Read |                    10.0 |      NONE |        |        |       0 |    MIDDLE |        |        |       0 |
|  pifoEngines_3/enque_brain/engineCAM/ram_reg_bram_43 | RAMB36E2  |  A:A:2048x18           |  B:B:2048x18           |       Write |                    10.0 |        Read |                    10.0 |      NONE |        |        |       0 |    MIDDLE |        |        |       0 |
|  pifoEngines_3/enque_brain/engineCAM/ram_reg_bram_44 | RAMB36E2  |  A:A:2048x18           |  B:B:2048x18           |       Write |                    10.0 |        Read |                    10.0 |      NONE |        |        |       0 |    MIDDLE |        |        |       0 |
|  pifoEngines_3/enque_brain/engineCAM/ram_reg_bram_45 | RAMB36E2  |  A:A:2048x18           |  B:B:2048x18           |       Write |                    10.0 |        Read |                    10.0 |      NONE |        |        |       0 |    MIDDLE |        |        |       0 |
|  pifoEngines_3/enque_brain/engineCAM/ram_reg_bram_46 | RAMB36E2  |  A:A:2048x18           |  B:B:2048x18           |       Write |                    10.0 |        Read |                    10.0 |      NONE |        |        |       0 |    MIDDLE |        |        |       0 |
|  pifoEngines_3/enque_brain/engineCAM/ram_reg_bram_47 | RAMB36E2  |  A:A:2048x18           |  B:B:2048x18           |       Write |                    10.0 |        Read |                    10.0 |      NONE |        |        |       0 |      LAST |        |        |       0 |
|  pifoEngines_3/enque_brain/engineCAM/ram_reg_bram_48 | RAMB36E2  |  A:A:2048x18           |  B:B:2048x18           |       Write |                    10.0 |        Read |                    10.0 |      NONE |        |        |       0 |     FIRST |        |        |       0 |
|  pifoEngines_3/enque_brain/engineCAM/ram_reg_bram_49 | RAMB36E2  |  A:A:2048x18           |  B:B:2048x18           |       Write |                    10.0 |        Read |                    10.0 |      NONE |        |        |       0 |    MIDDLE |        |        |       0 |
|  pifoEngines_3/enque_brain/engineCAM/ram_reg_bram_50 | RAMB36E2  |  A:A:2048x18           |  B:B:2048x18           |       Write |                    10.0 |        Read |                    10.0 |      NONE |        |        |       0 |    MIDDLE |        |        |       0 |
|  pifoEngines_3/enque_brain/engineCAM/ram_reg_bram_51 | RAMB36E2  |  A:A:2048x18           |  B:B:2048x18           |       Write |                    10.0 |        Read |                    10.0 |      NONE |        |        |       0 |    MIDDLE |        |        |       0 |
|  pifoEngines_3/enque_brain/engineCAM/ram_reg_bram_52 | RAMB36E2  |  A:A:2048x18           |  B:B:2048x18           |       Write |                    10.0 |        Read |                    10.0 |      NONE |        |        |       0 |    MIDDLE |        |        |       0 |
|  pifoEngines_3/enque_brain/engineCAM/ram_reg_bram_53 | RAMB36E2  |  A:A:2048x18           |  B:B:2048x18           |       Write |                    10.0 |        Read |                    10.0 |      NONE |        |        |       0 |    MIDDLE |        |        |       0 |
|  pifoEngines_3/enque_brain/engineCAM/ram_reg_bram_54 | RAMB36E2  |  A:A:2048x18           |  B:B:2048x18           |       Write |                    10.0 |        Read |                    10.0 |      NONE |        |        |       0 |    MIDDLE |        |        |       0 |
|  pifoEngines_3/enque_brain/engineCAM/ram_reg_bram_55 | RAMB36E2  |  A:A:2048x18           |  B:B:2048x18           |       Write |                    10.0 |        Read |                    10.0 |      NONE |        |        |       0 |      LAST |        |        |       0 |
|  pifoEngines_3/enque_brain/engineCAM/ram_reg_bram_56 | RAMB36E2  |  A:A:2048x18           |  B:B:2048x18           |       Write |                    10.0 |        Read |                    10.0 |      NONE |        |        |       0 |     FIRST |        |        |       0 |
|  pifoEngines_3/enque_brain/engineCAM/ram_reg_bram_57 | RAMB36E2  |  A:A:2048x18           |  B:B:2048x18           |       Write |                    10.0 |        Read |                    10.0 |      NONE |        |        |       0 |    MIDDLE |        |        |       0 |
|  pifoEngines_3/enque_brain/engineCAM/ram_reg_bram_58 | RAMB36E2  |  A:A:2048x18           |  B:B:2048x18           |       Write |                    10.0 |        Read |                    10.0 |      NONE |        |        |       0 |    MIDDLE |        |        |       0 |
|  pifoEngines_3/enque_brain/engineCAM/ram_reg_bram_59 | RAMB36E2  |  A:A:2048x18           |  B:B:2048x18           |       Write |                    10.0 |        Read |                    10.0 |      NONE |        |        |       0 |    MIDDLE |        |        |       0 |
|  pifoEngines_3/enque_brain/engineCAM/ram_reg_bram_60 | RAMB36E2  |  A:A:2048x18           |  B:B:2048x18           |       Write |                    10.0 |        Read |                    10.0 |      NONE |        |        |       0 |    MIDDLE |        |        |       0 |
|  pifoEngines_3/enque_brain/engineCAM/ram_reg_bram_61 | RAMB36E2  |  A:A:2048x18           |  B:B:2048x18           |       Write |                    10.0 |        Read |                    10.0 |      NONE |        |        |       0 |    MIDDLE |        |        |       0 |
|  pifoEngines_3/enque_brain/engineCAM/ram_reg_bram_62 | RAMB36E2  |  A:A:2048x18           |  B:B:2048x18           |       Write |                    10.0 |        Read |                    10.0 |      NONE |        |        |       0 |    MIDDLE |        |        |       0 |
|  pifoEngines_3/enque_brain/engineCAM/ram_reg_bram_63 | RAMB36E2  |  A:A:2048x18           |  B:B:2048x18           |       Write |                    10.0 |        Read |                    10.0 |      NONE |        |        |       0 |      LAST |        |        |       0 |
| pifoEngines_4/enque_brain/engineCAM/ram              |           | 131072x18              | 131072x18              |             |                         |             |                         |           |        |        |         |           |        |        |         |
|  pifoEngines_4/enque_brain/engineCAM/ram_reg_bram_0  | RAMB36E2  |  A:A:2048x18           |  B:B:2048x18           |       Write |                    10.0 |        Read |                    10.0 |      NONE |        |        |       0 |     FIRST |        |        |       0 |
|  pifoEngines_4/enque_brain/engineCAM/ram_reg_bram_1  | RAMB36E2  |  A:A:2048x18           |  B:B:2048x18           |       Write |                    10.0 |        Read |                    10.0 |      NONE |        |        |       0 |    MIDDLE |        |        |       0 |
|  pifoEngines_4/enque_brain/engineCAM/ram_reg_bram_2  | RAMB36E2  |  A:A:2048x18           |  B:B:2048x18           |       Write |                    10.0 |        Read |                    10.0 |      NONE |        |        |       0 |    MIDDLE |        |        |       0 |
|  pifoEngines_4/enque_brain/engineCAM/ram_reg_bram_3  | RAMB36E2  |  A:A:2048x18           |  B:B:2048x18           |       Write |                    10.0 |        Read |                    10.0 |      NONE |        |        |       0 |    MIDDLE |        |        |       0 |
|  pifoEngines_4/enque_brain/engineCAM/ram_reg_bram_4  | RAMB36E2  |  A:A:2048x18           |  B:B:2048x18           |       Write |                    10.0 |        Read |                    10.0 |      NONE |        |        |       0 |    MIDDLE |        |        |       0 |
|  pifoEngines_4/enque_brain/engineCAM/ram_reg_bram_5  | RAMB36E2  |  A:A:2048x18           |  B:B:2048x18           |       Write |                    10.0 |        Read |                    10.0 |      NONE |        |        |       0 |    MIDDLE |        |        |       0 |
|  pifoEngines_4/enque_brain/engineCAM/ram_reg_bram_6  | RAMB36E2  |  A:A:2048x18           |  B:B:2048x18           |       Write |                    10.0 |        Read |                    10.0 |      NONE |        |        |       0 |    MIDDLE |        |        |       0 |
|  pifoEngines_4/enque_brain/engineCAM/ram_reg_bram_7  | RAMB36E2  |  A:A:2048x18           |  B:B:2048x18           |       Write |                    10.0 |        Read |                    10.0 |      NONE |        |        |       0 |      LAST |        |        |       0 |
|  pifoEngines_4/enque_brain/engineCAM/ram_reg_bram_8  | RAMB36E2  |  A:A:2048x18           |  B:B:2048x18           |       Write |                    10.0 |        Read |                    10.0 |      NONE |        |        |       0 |     FIRST |        |        |       0 |
|  pifoEngines_4/enque_brain/engineCAM/ram_reg_bram_9  | RAMB36E2  |  A:A:2048x18           |  B:B:2048x18           |       Write |                    10.0 |        Read |                    10.0 |      NONE |        |        |       0 |    MIDDLE |        |        |       0 |
|  pifoEngines_4/enque_brain/engineCAM/ram_reg_bram_10 | RAMB36E2  |  A:A:2048x18           |  B:B:2048x18           |       Write |                    10.0 |        Read |                    10.0 |      NONE |        |        |       0 |    MIDDLE |        |        |       0 |
|  pifoEngines_4/enque_brain/engineCAM/ram_reg_bram_11 | RAMB36E2  |  A:A:2048x18           |  B:B:2048x18           |       Write |                    10.0 |        Read |                    10.0 |      NONE |        |        |       0 |    MIDDLE |        |        |       0 |
|  pifoEngines_4/enque_brain/engineCAM/ram_reg_bram_12 | RAMB36E2  |  A:A:2048x18           |  B:B:2048x18           |       Write |                    10.0 |        Read |                    10.0 |      NONE |        |        |       0 |    MIDDLE |        |        |       0 |
|  pifoEngines_4/enque_brain/engineCAM/ram_reg_bram_13 | RAMB36E2  |  A:A:2048x18           |  B:B:2048x18           |       Write |                    10.0 |        Read |                    10.0 |      NONE |        |        |       0 |    MIDDLE |        |        |       0 |
|  pifoEngines_4/enque_brain/engineCAM/ram_reg_bram_14 | RAMB36E2  |  A:A:2048x18           |  B:B:2048x18           |       Write |                    10.0 |        Read |                    10.0 |      NONE |        |        |       0 |    MIDDLE |        |        |       0 |
|  pifoEngines_4/enque_brain/engineCAM/ram_reg_bram_15 | RAMB36E2  |  A:A:2048x18           |  B:B:2048x18           |       Write |                    10.0 |        Read |                    10.0 |      NONE |        |        |       0 |      LAST |        |        |       0 |
|  pifoEngines_4/enque_brain/engineCAM/ram_reg_bram_16 | RAMB36E2  |  A:A:2048x18           |  B:B:2048x18           |       Write |                    10.0 |        Read |                    10.0 |      NONE |        |        |       0 |     FIRST |        |        |       0 |
|  pifoEngines_4/enque_brain/engineCAM/ram_reg_bram_17 | RAMB36E2  |  A:A:2048x18           |  B:B:2048x18           |       Write |                    10.0 |        Read |                    10.0 |      NONE |        |        |       0 |    MIDDLE |        |        |       0 |
|  pifoEngines_4/enque_brain/engineCAM/ram_reg_bram_18 | RAMB36E2  |  A:A:2048x18           |  B:B:2048x18           |       Write |                    10.0 |        Read |                    10.0 |      NONE |        |        |       0 |    MIDDLE |        |        |       0 |
|  pifoEngines_4/enque_brain/engineCAM/ram_reg_bram_19 | RAMB36E2  |  A:A:2048x18           |  B:B:2048x18           |       Write |                    10.0 |        Read |                    10.0 |      NONE |        |        |       0 |    MIDDLE |        |        |       0 |
|  pifoEngines_4/enque_brain/engineCAM/ram_reg_bram_20 | RAMB36E2  |  A:A:2048x18           |  B:B:2048x18           |       Write |                    10.0 |        Read |                    10.0 |      NONE |        |        |       0 |    MIDDLE |        |        |       0 |
|  pifoEngines_4/enque_brain/engineCAM/ram_reg_bram_21 | RAMB36E2  |  A:A:2048x18           |  B:B:2048x18           |       Write |                    10.0 |        Read |                    10.0 |      NONE |        |        |       0 |    MIDDLE |        |        |       0 |
|  pifoEngines_4/enque_brain/engineCAM/ram_reg_bram_22 | RAMB36E2  |  A:A:2048x18           |  B:B:2048x18           |       Write |                    10.0 |        Read |                    10.0 |      NONE |        |        |       0 |    MIDDLE |        |        |       0 |
|  pifoEngines_4/enque_brain/engineCAM/ram_reg_bram_23 | RAMB36E2  |  A:A:2048x18           |  B:B:2048x18           |       Write |                    10.0 |        Read |                    10.0 |      NONE |        |        |       0 |      LAST |        |        |       0 |
|  pifoEngines_4/enque_brain/engineCAM/ram_reg_bram_24 | RAMB36E2  |  A:A:2048x18           |  B:B:2048x18           |       Write |                    10.0 |        Read |                    10.0 |      NONE |        |        |       0 |     FIRST |        |        |       0 |
|  pifoEngines_4/enque_brain/engineCAM/ram_reg_bram_25 | RAMB36E2  |  A:A:2048x18           |  B:B:2048x18           |       Write |                    10.0 |        Read |                    10.0 |      NONE |        |        |       0 |    MIDDLE |        |        |       0 |
|  pifoEngines_4/enque_brain/engineCAM/ram_reg_bram_26 | RAMB36E2  |  A:A:2048x18           |  B:B:2048x18           |       Write |                    10.0 |        Read |                    10.0 |      NONE |        |        |       0 |    MIDDLE |        |        |       0 |
|  pifoEngines_4/enque_brain/engineCAM/ram_reg_bram_27 | RAMB36E2  |  A:A:2048x18           |  B:B:2048x18           |       Write |                    10.0 |        Read |                    10.0 |      NONE |        |        |       0 |    MIDDLE |        |        |       0 |
|  pifoEngines_4/enque_brain/engineCAM/ram_reg_bram_28 | RAMB36E2  |  A:A:2048x18           |  B:B:2048x18           |       Write |                    10.0 |        Read |                    10.0 |      NONE |        |        |       0 |    MIDDLE |        |        |       0 |
|  pifoEngines_4/enque_brain/engineCAM/ram_reg_bram_29 | RAMB36E2  |  A:A:2048x18           |  B:B:2048x18           |       Write |                    10.0 |        Read |                    10.0 |      NONE |        |        |       0 |    MIDDLE |        |        |       0 |
|  pifoEngines_4/enque_brain/engineCAM/ram_reg_bram_30 | RAMB36E2  |  A:A:2048x18           |  B:B:2048x18           |       Write |                    10.0 |        Read |                    10.0 |      NONE |        |        |       0 |    MIDDLE |        |        |       0 |
|  pifoEngines_4/enque_brain/engineCAM/ram_reg_bram_31 | RAMB36E2  |  A:A:2048x18           |  B:B:2048x18           |       Write |                    10.0 |        Read |                    10.0 |      NONE |        |        |       0 |      LAST |        |        |       0 |
|  pifoEngines_4/enque_brain/engineCAM/ram_reg_bram_32 | RAMB36E2  |  A:A:2048x18           |  B:B:2048x18           |       Write |                    10.0 |        Read |                    10.0 |      NONE |        |        |       0 |     FIRST |        |        |       0 |
|  pifoEngines_4/enque_brain/engineCAM/ram_reg_bram_33 | RAMB36E2  |  A:A:2048x18           |  B:B:2048x18           |       Write |                    10.0 |        Read |                    10.0 |      NONE |        |        |       0 |    MIDDLE |        |        |       0 |
|  pifoEngines_4/enque_brain/engineCAM/ram_reg_bram_34 | RAMB36E2  |  A:A:2048x18           |  B:B:2048x18           |       Write |                    10.0 |        Read |                    10.0 |      NONE |        |        |       0 |    MIDDLE |        |        |       0 |
|  pifoEngines_4/enque_brain/engineCAM/ram_reg_bram_35 | RAMB36E2  |  A:A:2048x18           |  B:B:2048x18           |       Write |                    10.0 |        Read |                    10.0 |      NONE |        |        |       0 |    MIDDLE |        |        |       0 |
|  pifoEngines_4/enque_brain/engineCAM/ram_reg_bram_36 | RAMB36E2  |  A:A:2048x18           |  B:B:2048x18           |       Write |                    10.0 |        Read |                    10.0 |      NONE |        |        |       0 |    MIDDLE |        |        |       0 |
|  pifoEngines_4/enque_brain/engineCAM/ram_reg_bram_37 | RAMB36E2  |  A:A:2048x18           |  B:B:2048x18           |       Write |                    10.0 |        Read |                    10.0 |      NONE |        |        |       0 |    MIDDLE |        |        |       0 |
|  pifoEngines_4/enque_brain/engineCAM/ram_reg_bram_38 | RAMB36E2  |  A:A:2048x18           |  B:B:2048x18           |       Write |                    10.0 |        Read |                    10.0 |      NONE |        |        |       0 |    MIDDLE |        |        |       0 |
|  pifoEngines_4/enque_brain/engineCAM/ram_reg_bram_39 | RAMB36E2  |  A:A:2048x18           |  B:B:2048x18           |       Write |                    10.0 |        Read |                    10.0 |      NONE |        |        |       0 |      LAST |        |        |       0 |
|  pifoEngines_4/enque_brain/engineCAM/ram_reg_bram_40 | RAMB36E2  |  A:A:2048x18           |  B:B:2048x18           |       Write |                    10.0 |        Read |                    10.0 |      NONE |        |        |       0 |     FIRST |        |        |       0 |
|  pifoEngines_4/enque_brain/engineCAM/ram_reg_bram_41 | RAMB36E2  |  A:A:2048x18           |  B:B:2048x18           |       Write |                    10.0 |        Read |                    10.0 |      NONE |        |        |       0 |    MIDDLE |        |        |       0 |
|  pifoEngines_4/enque_brain/engineCAM/ram_reg_bram_42 | RAMB36E2  |  A:A:2048x18           |  B:B:2048x18           |       Write |                    10.0 |        Read |                    10.0 |      NONE |        |        |       0 |    MIDDLE |        |        |       0 |
|  pifoEngines_4/enque_brain/engineCAM/ram_reg_bram_43 | RAMB36E2  |  A:A:2048x18           |  B:B:2048x18           |       Write |                    10.0 |        Read |                    10.0 |      NONE |        |        |       0 |    MIDDLE |        |        |       0 |
|  pifoEngines_4/enque_brain/engineCAM/ram_reg_bram_44 | RAMB36E2  |  A:A:2048x18           |  B:B:2048x18           |       Write |                    10.0 |        Read |                    10.0 |      NONE |        |        |       0 |    MIDDLE |        |        |       0 |
|  pifoEngines_4/enque_brain/engineCAM/ram_reg_bram_45 | RAMB36E2  |  A:A:2048x18           |  B:B:2048x18           |       Write |                    10.0 |        Read |                    10.0 |      NONE |        |        |       0 |    MIDDLE |        |        |       0 |
|  pifoEngines_4/enque_brain/engineCAM/ram_reg_bram_46 | RAMB36E2  |  A:A:2048x18           |  B:B:2048x18           |       Write |                    10.0 |        Read |                    10.0 |      NONE |        |        |       0 |    MIDDLE |        |        |       0 |
|  pifoEngines_4/enque_brain/engineCAM/ram_reg_bram_47 | RAMB36E2  |  A:A:2048x18           |  B:B:2048x18           |       Write |                    10.0 |        Read |                    10.0 |      NONE |        |        |       0 |      LAST |        |        |       0 |
|  pifoEngines_4/enque_brain/engineCAM/ram_reg_bram_48 | RAMB36E2  |  A:A:2048x18           |  B:B:2048x18           |       Write |                    10.0 |        Read |                    10.0 |      NONE |        |        |       0 |     FIRST |        |        |       0 |
|  pifoEngines_4/enque_brain/engineCAM/ram_reg_bram_49 | RAMB36E2  |  A:A:2048x18           |  B:B:2048x18           |       Write |                    10.0 |        Read |                    10.0 |      NONE |        |        |       0 |    MIDDLE |        |        |       0 |
|  pifoEngines_4/enque_brain/engineCAM/ram_reg_bram_50 | RAMB36E2  |  A:A:2048x18           |  B:B:2048x18           |       Write |                    10.0 |        Read |                    10.0 |      NONE |        |        |       0 |    MIDDLE |        |        |       0 |
|  pifoEngines_4/enque_brain/engineCAM/ram_reg_bram_51 | RAMB36E2  |  A:A:2048x18           |  B:B:2048x18           |       Write |                    10.0 |        Read |                    10.0 |      NONE |        |        |       0 |    MIDDLE |        |        |       0 |
|  pifoEngines_4/enque_brain/engineCAM/ram_reg_bram_52 | RAMB36E2  |  A:A:2048x18           |  B:B:2048x18           |       Write |                    10.0 |        Read |                    10.0 |      NONE |        |        |       0 |    MIDDLE |        |        |       0 |
|  pifoEngines_4/enque_brain/engineCAM/ram_reg_bram_53 | RAMB36E2  |  A:A:2048x18           |  B:B:2048x18           |       Write |                    10.0 |        Read |                    10.0 |      NONE |        |        |       0 |    MIDDLE |        |        |       0 |
|  pifoEngines_4/enque_brain/engineCAM/ram_reg_bram_54 | RAMB36E2  |  A:A:2048x18           |  B:B:2048x18           |       Write |                    10.0 |        Read |                    10.0 |      NONE |        |        |       0 |    MIDDLE |        |        |       0 |
|  pifoEngines_4/enque_brain/engineCAM/ram_reg_bram_55 | RAMB36E2  |  A:A:2048x18           |  B:B:2048x18           |       Write |                    10.0 |        Read |                    10.0 |      NONE |        |        |       0 |      LAST |        |        |       0 |
|  pifoEngines_4/enque_brain/engineCAM/ram_reg_bram_56 | RAMB36E2  |  A:A:2048x18           |  B:B:2048x18           |       Write |                    10.0 |        Read |                    10.0 |      NONE |        |        |       0 |     FIRST |        |        |       0 |
|  pifoEngines_4/enque_brain/engineCAM/ram_reg_bram_57 | RAMB36E2  |  A:A:2048x18           |  B:B:2048x18           |       Write |                    10.0 |        Read |                    10.0 |      NONE |        |        |       0 |    MIDDLE |        |        |       0 |
|  pifoEngines_4/enque_brain/engineCAM/ram_reg_bram_58 | RAMB36E2  |  A:A:2048x18           |  B:B:2048x18           |       Write |                    10.0 |        Read |                    10.0 |      NONE |        |        |       0 |    MIDDLE |        |        |       0 |
|  pifoEngines_4/enque_brain/engineCAM/ram_reg_bram_59 | RAMB36E2  |  A:A:2048x18           |  B:B:2048x18           |       Write |                    10.0 |        Read |                    10.0 |      NONE |        |        |       0 |    MIDDLE |        |        |       0 |
|  pifoEngines_4/enque_brain/engineCAM/ram_reg_bram_60 | RAMB36E2  |  A:A:2048x18           |  B:B:2048x18           |       Write |                    10.0 |        Read |                    10.0 |      NONE |        |        |       0 |    MIDDLE |        |        |       0 |
|  pifoEngines_4/enque_brain/engineCAM/ram_reg_bram_61 | RAMB36E2  |  A:A:2048x18           |  B:B:2048x18           |       Write |                    10.0 |        Read |                    10.0 |      NONE |        |        |       0 |    MIDDLE |        |        |       0 |
|  pifoEngines_4/enque_brain/engineCAM/ram_reg_bram_62 | RAMB36E2  |  A:A:2048x18           |  B:B:2048x18           |       Write |                    10.0 |        Read |                    10.0 |      NONE |        |        |       0 |    MIDDLE |        |        |       0 |
|  pifoEngines_4/enque_brain/engineCAM/ram_reg_bram_63 | RAMB36E2  |  A:A:2048x18           |  B:B:2048x18           |       Write |                    10.0 |        Read |                    10.0 |      NONE |        |        |       0 |      LAST |        |        |       0 |
| pifoEngines_0/deque_dequeMapper/ram                  |           | 131072x10              | 131072x10              |             |                         |             |                         |           |        |        |         |           |        |        |         |
|  pifoEngines_0/deque_dequeMapper/ram_reg_bram_0      | RAMB36E2  |  A:A:4096x9            |  B:B:4096x9            |       Write |                    10.0 |        Read |                    10.0 |      NONE |        |        |       0 |     FIRST |        |        |       0 |
|  pifoEngines_0/deque_dequeMapper/ram_reg_bram_1      | RAMB36E2  |  A:A:4096x9            |  B:B:4096x9            |       Write |                    10.0 |        Read |                    10.0 |      NONE |        |        |       0 |    MIDDLE |        |        |       0 |
|  pifoEngines_0/deque_dequeMapper/ram_reg_bram_2      | RAMB36E2  |  A:A:4096x9            |  B:B:4096x9            |       Write |                    10.0 |        Read |                    10.0 |      NONE |        |        |       0 |    MIDDLE |        |        |       0 |
|  pifoEngines_0/deque_dequeMapper/ram_reg_bram_3      | RAMB36E2  |  A:A:4096x9            |  B:B:4096x9            |       Write |                    10.0 |        Read |                    10.0 |      NONE |        |        |       0 |    MIDDLE |        |        |       0 |
|  pifoEngines_0/deque_dequeMapper/ram_reg_bram_4      | RAMB36E2  |  A:A:4096x9            |  B:B:4096x9            |       Write |                    10.0 |        Read |                    10.0 |      NONE |        |        |       0 |    MIDDLE |        |        |       0 |
|  pifoEngines_0/deque_dequeMapper/ram_reg_bram_5      | RAMB36E2  |  A:A:4096x9            |  B:B:4096x9            |       Write |                    10.0 |        Read |                    10.0 |      NONE |        |        |       0 |    MIDDLE |        |        |       0 |
|  pifoEngines_0/deque_dequeMapper/ram_reg_bram_6      | RAMB36E2  |  A:A:4096x9            |  B:B:4096x9            |       Write |                    10.0 |        Read |                    10.0 |      NONE |        |        |       0 |    MIDDLE |        |        |       0 |
|  pifoEngines_0/deque_dequeMapper/ram_reg_bram_7      | RAMB36E2  |  A:A:4096x9            |  B:B:4096x9            |       Write |                    10.0 |        Read |                    10.0 |      NONE |        |        |       0 |      LAST |        |        |       0 |
|  pifoEngines_0/deque_dequeMapper/ram_reg_bram_8      | RAMB36E2  |  A:A:4096x9            |  B:B:4096x9            |       Write |                    10.0 |        Read |                    10.0 |      NONE |        |        |       0 |     FIRST |        |        |       0 |
|  pifoEngines_0/deque_dequeMapper/ram_reg_bram_9      | RAMB36E2  |  A:A:4096x9            |  B:B:4096x9            |       Write |                    10.0 |        Read |                    10.0 |      NONE |        |        |       0 |    MIDDLE |        |        |       0 |
|  pifoEngines_0/deque_dequeMapper/ram_reg_bram_10     | RAMB36E2  |  A:A:4096x9            |  B:B:4096x9            |       Write |                    10.0 |        Read |                    10.0 |      NONE |        |        |       0 |    MIDDLE |        |        |       0 |
|  pifoEngines_0/deque_dequeMapper/ram_reg_bram_11     | RAMB36E2  |  A:A:4096x9            |  B:B:4096x9            |       Write |                    10.0 |        Read |                    10.0 |      NONE |        |        |       0 |    MIDDLE |        |        |       0 |
|  pifoEngines_0/deque_dequeMapper/ram_reg_bram_12     | RAMB36E2  |  A:A:4096x9            |  B:B:4096x9            |       Write |                    10.0 |        Read |                    10.0 |      NONE |        |        |       0 |    MIDDLE |        |        |       0 |
|  pifoEngines_0/deque_dequeMapper/ram_reg_bram_13     | RAMB36E2  |  A:A:4096x9            |  B:B:4096x9            |       Write |                    10.0 |        Read |                    10.0 |      NONE |        |        |       0 |    MIDDLE |        |        |       0 |
|  pifoEngines_0/deque_dequeMapper/ram_reg_bram_14     | RAMB36E2  |  A:A:4096x9            |  B:B:4096x9            |       Write |                    10.0 |        Read |                    10.0 |      NONE |        |        |       0 |    MIDDLE |        |        |       0 |
|  pifoEngines_0/deque_dequeMapper/ram_reg_bram_15     | RAMB36E2  |  A:A:4096x9            |  B:B:4096x9            |       Write |                    10.0 |        Read |                    10.0 |      NONE |        |        |       0 |      LAST |        |        |       0 |
|  pifoEngines_0/deque_dequeMapper/ram_reg_bram_16     | RAMB36E2  |  A:A:4096x9            |  B:B:4096x9            |       Write |                    10.0 |        Read |                    10.0 |      NONE |        |        |       0 |     FIRST |        |        |       0 |
|  pifoEngines_0/deque_dequeMapper/ram_reg_bram_17     | RAMB36E2  |  A:A:4096x9            |  B:B:4096x9            |       Write |                    10.0 |        Read |                    10.0 |      NONE |        |        |       0 |    MIDDLE |        |        |       0 |
|  pifoEngines_0/deque_dequeMapper/ram_reg_bram_18     | RAMB36E2  |  A:A:4096x9            |  B:B:4096x9            |       Write |                    10.0 |        Read |                    10.0 |      NONE |        |        |       0 |    MIDDLE |        |        |       0 |
|  pifoEngines_0/deque_dequeMapper/ram_reg_bram_19     | RAMB36E2  |  A:A:4096x9            |  B:B:4096x9            |       Write |                    10.0 |        Read |                    10.0 |      NONE |        |        |       0 |    MIDDLE |        |        |       0 |
|  pifoEngines_0/deque_dequeMapper/ram_reg_bram_20     | RAMB36E2  |  A:A:4096x9            |  B:B:4096x9            |       Write |                    10.0 |        Read |                    10.0 |      NONE |        |        |       0 |    MIDDLE |        |        |       0 |
|  pifoEngines_0/deque_dequeMapper/ram_reg_bram_21     | RAMB36E2  |  A:A:4096x9            |  B:B:4096x9            |       Write |                    10.0 |        Read |                    10.0 |      NONE |        |        |       0 |    MIDDLE |        |        |       0 |
|  pifoEngines_0/deque_dequeMapper/ram_reg_bram_22     | RAMB36E2  |  A:A:4096x9            |  B:B:4096x9            |       Write |                    10.0 |        Read |                    10.0 |      NONE |        |        |       0 |    MIDDLE |        |        |       0 |
|  pifoEngines_0/deque_dequeMapper/ram_reg_bram_23     | RAMB36E2  |  A:A:4096x9            |  B:B:4096x9            |       Write |                    10.0 |        Read |                    10.0 |      NONE |        |        |       0 |      LAST |        |        |       0 |
|  pifoEngines_0/deque_dequeMapper/ram_reg_bram_24     | RAMB36E2  |  A:A:4096x9            |  B:B:4096x9            |       Write |                    10.0 |        Read |                    10.0 |      NONE |        |        |       0 |     FIRST |        |        |       0 |
|  pifoEngines_0/deque_dequeMapper/ram_reg_bram_25     | RAMB36E2  |  A:A:4096x9            |  B:B:4096x9            |       Write |                    10.0 |        Read |                    10.0 |      NONE |        |        |       0 |    MIDDLE |        |        |       0 |
|  pifoEngines_0/deque_dequeMapper/ram_reg_bram_26     | RAMB36E2  |  A:A:4096x9            |  B:B:4096x9            |       Write |                    10.0 |        Read |                    10.0 |      NONE |        |        |       0 |    MIDDLE |        |        |       0 |
|  pifoEngines_0/deque_dequeMapper/ram_reg_bram_27     | RAMB36E2  |  A:A:4096x9            |  B:B:4096x9            |       Write |                    10.0 |        Read |                    10.0 |      NONE |        |        |       0 |    MIDDLE |        |        |       0 |
|  pifoEngines_0/deque_dequeMapper/ram_reg_bram_28     | RAMB36E2  |  A:A:4096x9            |  B:B:4096x9            |       Write |                    10.0 |        Read |                    10.0 |      NONE |        |        |       0 |    MIDDLE |        |        |       0 |
|  pifoEngines_0/deque_dequeMapper/ram_reg_bram_29     | RAMB36E2  |  A:A:4096x9            |  B:B:4096x9            |       Write |                    10.0 |        Read |                    10.0 |      NONE |        |        |       0 |    MIDDLE |        |        |       0 |
|  pifoEngines_0/deque_dequeMapper/ram_reg_bram_30     | RAMB36E2  |  A:A:4096x9            |  B:B:4096x9            |       Write |                    10.0 |        Read |                    10.0 |      NONE |        |        |       0 |    MIDDLE |        |        |       0 |
|  pifoEngines_0/deque_dequeMapper/ram_reg_bram_31     | RAMB36E2  |  A:A:4096x9            |  B:B:4096x9            |       Write |                    10.0 |        Read |                    10.0 |      NONE |        |        |       0 |      LAST |        |        |       0 |
|  pifoEngines_0/deque_dequeMapper/ram_reg_bram_32     | RAMB36E2  |  A:A:32768x1           |  B:B:32768x1           |       Write |                    10.0 |        Read |                    10.0 |      NONE |        |        |       0 |     FIRST |        |        |       0 |
|  pifoEngines_0/deque_dequeMapper/ram_reg_bram_33     | RAMB36E2  |  A:A:32768x1           |  B:B:32768x1           |       Write |                    10.0 |        Read |                    10.0 |      NONE |        |        |       0 |    MIDDLE |        |        |       0 |
|  pifoEngines_0/deque_dequeMapper/ram_reg_bram_34     | RAMB36E2  |  A:A:32768x1           |  B:B:32768x1           |       Write |                    10.0 |        Read |                    10.0 |      NONE |        |        |       0 |    MIDDLE |        |        |       0 |
|  pifoEngines_0/deque_dequeMapper/ram_reg_bram_35     | RAMB36E2  |  A:A:32768x1           |  B:B:32768x1           |       Write |                    10.0 |        Read |                    10.0 |      NONE |        |        |       0 |      LAST |        |        |       0 |
| pifoEngines_1/deque_dequeMapper/ram                  |           | 131072x10              | 131072x10              |             |                         |             |                         |           |        |        |         |           |        |        |         |
|  pifoEngines_1/deque_dequeMapper/ram_reg_bram_0      | RAMB36E2  |  A:A:4096x9            |  B:B:4096x9            |       Write |                    10.0 |        Read |                    10.0 |      NONE |        |        |       0 |     FIRST |        |        |       0 |
|  pifoEngines_1/deque_dequeMapper/ram_reg_bram_1      | RAMB36E2  |  A:A:4096x9            |  B:B:4096x9            |       Write |                    10.0 |        Read |                    10.0 |      NONE |        |        |       0 |    MIDDLE |        |        |       0 |
|  pifoEngines_1/deque_dequeMapper/ram_reg_bram_2      | RAMB36E2  |  A:A:4096x9            |  B:B:4096x9            |       Write |                    10.0 |        Read |                    10.0 |      NONE |        |        |       0 |    MIDDLE |        |        |       0 |
|  pifoEngines_1/deque_dequeMapper/ram_reg_bram_3      | RAMB36E2  |  A:A:4096x9            |  B:B:4096x9            |       Write |                    10.0 |        Read |                    10.0 |      NONE |        |        |       0 |    MIDDLE |        |        |       0 |
|  pifoEngines_1/deque_dequeMapper/ram_reg_bram_4      | RAMB36E2  |  A:A:4096x9            |  B:B:4096x9            |       Write |                    10.0 |        Read |                    10.0 |      NONE |        |        |       0 |    MIDDLE |        |        |       0 |
|  pifoEngines_1/deque_dequeMapper/ram_reg_bram_5      | RAMB36E2  |  A:A:4096x9            |  B:B:4096x9            |       Write |                    10.0 |        Read |                    10.0 |      NONE |        |        |       0 |    MIDDLE |        |        |       0 |
|  pifoEngines_1/deque_dequeMapper/ram_reg_bram_6      | RAMB36E2  |  A:A:4096x9            |  B:B:4096x9            |       Write |                    10.0 |        Read |                    10.0 |      NONE |        |        |       0 |    MIDDLE |        |        |       0 |
|  pifoEngines_1/deque_dequeMapper/ram_reg_bram_7      | RAMB36E2  |  A:A:4096x9            |  B:B:4096x9            |       Write |                    10.0 |        Read |                    10.0 |      NONE |        |        |       0 |      LAST |        |        |       0 |
|  pifoEngines_1/deque_dequeMapper/ram_reg_bram_8      | RAMB36E2  |  A:A:4096x9            |  B:B:4096x9            |       Write |                    10.0 |        Read |                    10.0 |      NONE |        |        |       0 |     FIRST |        |        |       0 |
|  pifoEngines_1/deque_dequeMapper/ram_reg_bram_9      | RAMB36E2  |  A:A:4096x9            |  B:B:4096x9            |       Write |                    10.0 |        Read |                    10.0 |      NONE |        |        |       0 |    MIDDLE |        |        |       0 |
|  pifoEngines_1/deque_dequeMapper/ram_reg_bram_10     | RAMB36E2  |  A:A:4096x9            |  B:B:4096x9            |       Write |                    10.0 |        Read |                    10.0 |      NONE |        |        |       0 |    MIDDLE |        |        |       0 |
|  pifoEngines_1/deque_dequeMapper/ram_reg_bram_11     | RAMB36E2  |  A:A:4096x9            |  B:B:4096x9            |       Write |                    10.0 |        Read |                    10.0 |      NONE |        |        |       0 |    MIDDLE |        |        |       0 |
|  pifoEngines_1/deque_dequeMapper/ram_reg_bram_12     | RAMB36E2  |  A:A:4096x9            |  B:B:4096x9            |       Write |                    10.0 |        Read |                    10.0 |      NONE |        |        |       0 |    MIDDLE |        |        |       0 |
|  pifoEngines_1/deque_dequeMapper/ram_reg_bram_13     | RAMB36E2  |  A:A:4096x9            |  B:B:4096x9            |       Write |                    10.0 |        Read |                    10.0 |      NONE |        |        |       0 |    MIDDLE |        |        |       0 |
|  pifoEngines_1/deque_dequeMapper/ram_reg_bram_14     | RAMB36E2  |  A:A:4096x9            |  B:B:4096x9            |       Write |                    10.0 |        Read |                    10.0 |      NONE |        |        |       0 |    MIDDLE |        |        |       0 |
|  pifoEngines_1/deque_dequeMapper/ram_reg_bram_15     | RAMB36E2  |  A:A:4096x9            |  B:B:4096x9            |       Write |                    10.0 |        Read |                    10.0 |      NONE |        |        |       0 |      LAST |        |        |       0 |
|  pifoEngines_1/deque_dequeMapper/ram_reg_bram_16     | RAMB36E2  |  A:A:4096x9            |  B:B:4096x9            |       Write |                    10.0 |        Read |                    10.0 |      NONE |        |        |       0 |     FIRST |        |        |       0 |
|  pifoEngines_1/deque_dequeMapper/ram_reg_bram_17     | RAMB36E2  |  A:A:4096x9            |  B:B:4096x9            |       Write |                    10.0 |        Read |                    10.0 |      NONE |        |        |       0 |    MIDDLE |        |        |       0 |
|  pifoEngines_1/deque_dequeMapper/ram_reg_bram_18     | RAMB36E2  |  A:A:4096x9            |  B:B:4096x9            |       Write |                    10.0 |        Read |                    10.0 |      NONE |        |        |       0 |    MIDDLE |        |        |       0 |
|  pifoEngines_1/deque_dequeMapper/ram_reg_bram_19     | RAMB36E2  |  A:A:4096x9            |  B:B:4096x9            |       Write |                    10.0 |        Read |                    10.0 |      NONE |        |        |       0 |    MIDDLE |        |        |       0 |
|  pifoEngines_1/deque_dequeMapper/ram_reg_bram_20     | RAMB36E2  |  A:A:4096x9            |  B:B:4096x9            |       Write |                    10.0 |        Read |                    10.0 |      NONE |        |        |       0 |    MIDDLE |        |        |       0 |
|  pifoEngines_1/deque_dequeMapper/ram_reg_bram_21     | RAMB36E2  |  A:A:4096x9            |  B:B:4096x9            |       Write |                    10.0 |        Read |                    10.0 |      NONE |        |        |       0 |    MIDDLE |        |        |       0 |
|  pifoEngines_1/deque_dequeMapper/ram_reg_bram_22     | RAMB36E2  |  A:A:4096x9            |  B:B:4096x9            |       Write |                    10.0 |        Read |                    10.0 |      NONE |        |        |       0 |    MIDDLE |        |        |       0 |
|  pifoEngines_1/deque_dequeMapper/ram_reg_bram_23     | RAMB36E2  |  A:A:4096x9            |  B:B:4096x9            |       Write |                    10.0 |        Read |                    10.0 |      NONE |        |        |       0 |      LAST |        |        |       0 |
|  pifoEngines_1/deque_dequeMapper/ram_reg_bram_24     | RAMB36E2  |  A:A:4096x9            |  B:B:4096x9            |       Write |                    10.0 |        Read |                    10.0 |      NONE |        |        |       0 |     FIRST |        |        |       0 |
|  pifoEngines_1/deque_dequeMapper/ram_reg_bram_25     | RAMB36E2  |  A:A:4096x9            |  B:B:4096x9            |       Write |                    10.0 |        Read |                    10.0 |      NONE |        |        |       0 |    MIDDLE |        |        |       0 |
|  pifoEngines_1/deque_dequeMapper/ram_reg_bram_26     | RAMB36E2  |  A:A:4096x9            |  B:B:4096x9            |       Write |                    10.0 |        Read |                    10.0 |      NONE |        |        |       0 |    MIDDLE |        |        |       0 |
|  pifoEngines_1/deque_dequeMapper/ram_reg_bram_27     | RAMB36E2  |  A:A:4096x9            |  B:B:4096x9            |       Write |                    10.0 |        Read |                    10.0 |      NONE |        |        |       0 |    MIDDLE |        |        |       0 |
|  pifoEngines_1/deque_dequeMapper/ram_reg_bram_28     | RAMB36E2  |  A:A:4096x9            |  B:B:4096x9            |       Write |                    10.0 |        Read |                    10.0 |      NONE |        |        |       0 |    MIDDLE |        |        |       0 |
|  pifoEngines_1/deque_dequeMapper/ram_reg_bram_29     | RAMB36E2  |  A:A:4096x9            |  B:B:4096x9            |       Write |                    10.0 |        Read |                    10.0 |      NONE |        |        |       0 |    MIDDLE |        |        |       0 |
|  pifoEngines_1/deque_dequeMapper/ram_reg_bram_30     | RAMB36E2  |  A:A:4096x9            |  B:B:4096x9            |       Write |                    10.0 |        Read |                    10.0 |      NONE |        |        |       0 |    MIDDLE |        |        |       0 |
|  pifoEngines_1/deque_dequeMapper/ram_reg_bram_31     | RAMB36E2  |  A:A:4096x9            |  B:B:4096x9            |       Write |                    10.0 |        Read |                    10.0 |      NONE |        |        |       0 |      LAST |        |        |       0 |
|  pifoEngines_1/deque_dequeMapper/ram_reg_bram_32     | RAMB36E2  |  A:A:32768x1           |  B:B:32768x1           |       Write |                    10.0 |        Read |                    10.0 |      NONE |        |        |       0 |     FIRST |        |        |       0 |
|  pifoEngines_1/deque_dequeMapper/ram_reg_bram_33     | RAMB36E2  |  A:A:32768x1           |  B:B:32768x1           |       Write |                    10.0 |        Read |                    10.0 |      NONE |        |        |       0 |    MIDDLE |        |        |       0 |
|  pifoEngines_1/deque_dequeMapper/ram_reg_bram_34     | RAMB36E2  |  A:A:32768x1           |  B:B:32768x1           |       Write |                    10.0 |        Read |                    10.0 |      NONE |        |        |       0 |    MIDDLE |        |        |       0 |
|  pifoEngines_1/deque_dequeMapper/ram_reg_bram_35     | RAMB36E2  |  A:A:32768x1           |  B:B:32768x1           |       Write |                    10.0 |        Read |                    10.0 |      NONE |        |        |       0 |      LAST |        |        |       0 |
| pifoEngines_2/deque_dequeMapper/ram                  |           | 131072x10              | 131072x10              |             |                         |             |                         |           |        |        |         |           |        |        |         |
|  pifoEngines_2/deque_dequeMapper/ram_reg_bram_0      | RAMB36E2  |  A:A:4096x9            |  B:B:4096x9            |       Write |                    10.0 |        Read |                    10.0 |      NONE |        |        |       0 |     FIRST |        |        |       0 |
|  pifoEngines_2/deque_dequeMapper/ram_reg_bram_1      | RAMB36E2  |  A:A:4096x9            |  B:B:4096x9            |       Write |                    10.0 |        Read |                    10.0 |      NONE |        |        |       0 |    MIDDLE |        |        |       0 |
|  pifoEngines_2/deque_dequeMapper/ram_reg_bram_2      | RAMB36E2  |  A:A:4096x9            |  B:B:4096x9            |       Write |                    10.0 |        Read |                    10.0 |      NONE |        |        |       0 |    MIDDLE |        |        |       0 |
|  pifoEngines_2/deque_dequeMapper/ram_reg_bram_3      | RAMB36E2  |  A:A:4096x9            |  B:B:4096x9            |       Write |                    10.0 |        Read |                    10.0 |      NONE |        |        |       0 |    MIDDLE |        |        |       0 |
|  pifoEngines_2/deque_dequeMapper/ram_reg_bram_4      | RAMB36E2  |  A:A:4096x9            |  B:B:4096x9            |       Write |                    10.0 |        Read |                    10.0 |      NONE |        |        |       0 |    MIDDLE |        |        |       0 |
|  pifoEngines_2/deque_dequeMapper/ram_reg_bram_5      | RAMB36E2  |  A:A:4096x9            |  B:B:4096x9            |       Write |                    10.0 |        Read |                    10.0 |      NONE |        |        |       0 |    MIDDLE |        |        |       0 |
|  pifoEngines_2/deque_dequeMapper/ram_reg_bram_6      | RAMB36E2  |  A:A:4096x9            |  B:B:4096x9            |       Write |                    10.0 |        Read |                    10.0 |      NONE |        |        |       0 |    MIDDLE |        |        |       0 |
|  pifoEngines_2/deque_dequeMapper/ram_reg_bram_7      | RAMB36E2  |  A:A:4096x9            |  B:B:4096x9            |       Write |                    10.0 |        Read |                    10.0 |      NONE |        |        |       0 |      LAST |        |        |       0 |
|  pifoEngines_2/deque_dequeMapper/ram_reg_bram_8      | RAMB36E2  |  A:A:4096x9            |  B:B:4096x9            |       Write |                    10.0 |        Read |                    10.0 |      NONE |        |        |       0 |     FIRST |        |        |       0 |
|  pifoEngines_2/deque_dequeMapper/ram_reg_bram_9      | RAMB36E2  |  A:A:4096x9            |  B:B:4096x9            |       Write |                    10.0 |        Read |                    10.0 |      NONE |        |        |       0 |    MIDDLE |        |        |       0 |
|  pifoEngines_2/deque_dequeMapper/ram_reg_bram_10     | RAMB36E2  |  A:A:4096x9            |  B:B:4096x9            |       Write |                    10.0 |        Read |                    10.0 |      NONE |        |        |       0 |    MIDDLE |        |        |       0 |
|  pifoEngines_2/deque_dequeMapper/ram_reg_bram_11     | RAMB36E2  |  A:A:4096x9            |  B:B:4096x9            |       Write |                    10.0 |        Read |                    10.0 |      NONE |        |        |       0 |    MIDDLE |        |        |       0 |
|  pifoEngines_2/deque_dequeMapper/ram_reg_bram_12     | RAMB36E2  |  A:A:4096x9            |  B:B:4096x9            |       Write |                    10.0 |        Read |                    10.0 |      NONE |        |        |       0 |    MIDDLE |        |        |       0 |
|  pifoEngines_2/deque_dequeMapper/ram_reg_bram_13     | RAMB36E2  |  A:A:4096x9            |  B:B:4096x9            |       Write |                    10.0 |        Read |                    10.0 |      NONE |        |        |       0 |    MIDDLE |        |        |       0 |
|  pifoEngines_2/deque_dequeMapper/ram_reg_bram_14     | RAMB36E2  |  A:A:4096x9            |  B:B:4096x9            |       Write |                    10.0 |        Read |                    10.0 |      NONE |        |        |       0 |    MIDDLE |        |        |       0 |
|  pifoEngines_2/deque_dequeMapper/ram_reg_bram_15     | RAMB36E2  |  A:A:4096x9            |  B:B:4096x9            |       Write |                    10.0 |        Read |                    10.0 |      NONE |        |        |       0 |      LAST |        |        |       0 |
|  pifoEngines_2/deque_dequeMapper/ram_reg_bram_16     | RAMB36E2  |  A:A:4096x9            |  B:B:4096x9            |       Write |                    10.0 |        Read |                    10.0 |      NONE |        |        |       0 |     FIRST |        |        |       0 |
|  pifoEngines_2/deque_dequeMapper/ram_reg_bram_17     | RAMB36E2  |  A:A:4096x9            |  B:B:4096x9            |       Write |                    10.0 |        Read |                    10.0 |      NONE |        |        |       0 |    MIDDLE |        |        |       0 |
|  pifoEngines_2/deque_dequeMapper/ram_reg_bram_18     | RAMB36E2  |  A:A:4096x9            |  B:B:4096x9            |       Write |                    10.0 |        Read |                    10.0 |      NONE |        |        |       0 |    MIDDLE |        |        |       0 |
|  pifoEngines_2/deque_dequeMapper/ram_reg_bram_19     | RAMB36E2  |  A:A:4096x9            |  B:B:4096x9            |       Write |                    10.0 |        Read |                    10.0 |      NONE |        |        |       0 |    MIDDLE |        |        |       0 |
|  pifoEngines_2/deque_dequeMapper/ram_reg_bram_20     | RAMB36E2  |  A:A:4096x9            |  B:B:4096x9            |       Write |                    10.0 |        Read |                    10.0 |      NONE |        |        |       0 |    MIDDLE |        |        |       0 |
|  pifoEngines_2/deque_dequeMapper/ram_reg_bram_21     | RAMB36E2  |  A:A:4096x9            |  B:B:4096x9            |       Write |                    10.0 |        Read |                    10.0 |      NONE |        |        |       0 |    MIDDLE |        |        |       0 |
|  pifoEngines_2/deque_dequeMapper/ram_reg_bram_22     | RAMB36E2  |  A:A:4096x9            |  B:B:4096x9            |       Write |                    10.0 |        Read |                    10.0 |      NONE |        |        |       0 |    MIDDLE |        |        |       0 |
|  pifoEngines_2/deque_dequeMapper/ram_reg_bram_23     | RAMB36E2  |  A:A:4096x9            |  B:B:4096x9            |       Write |                    10.0 |        Read |                    10.0 |      NONE |        |        |       0 |      LAST |        |        |       0 |
|  pifoEngines_2/deque_dequeMapper/ram_reg_bram_24     | RAMB36E2  |  A:A:4096x9            |  B:B:4096x9            |       Write |                    10.0 |        Read |                    10.0 |      NONE |        |        |       0 |     FIRST |        |        |       0 |
|  pifoEngines_2/deque_dequeMapper/ram_reg_bram_25     | RAMB36E2  |  A:A:4096x9            |  B:B:4096x9            |       Write |                    10.0 |        Read |                    10.0 |      NONE |        |        |       0 |    MIDDLE |        |        |       0 |
|  pifoEngines_2/deque_dequeMapper/ram_reg_bram_26     | RAMB36E2  |  A:A:4096x9            |  B:B:4096x9            |       Write |                    10.0 |        Read |                    10.0 |      NONE |        |        |       0 |    MIDDLE |        |        |       0 |
|  pifoEngines_2/deque_dequeMapper/ram_reg_bram_27     | RAMB36E2  |  A:A:4096x9            |  B:B:4096x9            |       Write |                    10.0 |        Read |                    10.0 |      NONE |        |        |       0 |    MIDDLE |        |        |       0 |
|  pifoEngines_2/deque_dequeMapper/ram_reg_bram_28     | RAMB36E2  |  A:A:4096x9            |  B:B:4096x9            |       Write |                    10.0 |        Read |                    10.0 |      NONE |        |        |       0 |    MIDDLE |        |        |       0 |
|  pifoEngines_2/deque_dequeMapper/ram_reg_bram_29     | RAMB36E2  |  A:A:4096x9            |  B:B:4096x9            |       Write |                    10.0 |        Read |                    10.0 |      NONE |        |        |       0 |    MIDDLE |        |        |       0 |
|  pifoEngines_2/deque_dequeMapper/ram_reg_bram_30     | RAMB36E2  |  A:A:4096x9            |  B:B:4096x9            |       Write |                    10.0 |        Read |                    10.0 |      NONE |        |        |       0 |    MIDDLE |        |        |       0 |
|  pifoEngines_2/deque_dequeMapper/ram_reg_bram_31     | RAMB36E2  |  A:A:4096x9            |  B:B:4096x9            |       Write |                    10.0 |        Read |                    10.0 |      NONE |        |        |       0 |      LAST |        |        |       0 |
|  pifoEngines_2/deque_dequeMapper/ram_reg_bram_32     | RAMB36E2  |  A:A:32768x1           |  B:B:32768x1           |       Write |                    10.0 |        Read |                    10.0 |      NONE |        |        |       0 |     FIRST |        |        |       0 |
|  pifoEngines_2/deque_dequeMapper/ram_reg_bram_33     | RAMB36E2  |  A:A:32768x1           |  B:B:32768x1           |       Write |                    10.0 |        Read |                    10.0 |      NONE |        |        |       0 |    MIDDLE |        |        |       0 |
|  pifoEngines_2/deque_dequeMapper/ram_reg_bram_34     | RAMB36E2  |  A:A:32768x1           |  B:B:32768x1           |       Write |                    10.0 |        Read |                    10.0 |      NONE |        |        |       0 |    MIDDLE |        |        |       0 |
|  pifoEngines_2/deque_dequeMapper/ram_reg_bram_35     | RAMB36E2  |  A:A:32768x1           |  B:B:32768x1           |       Write |                    10.0 |        Read |                    10.0 |      NONE |        |        |       0 |      LAST |        |        |       0 |
| pifoEngines_3/deque_dequeMapper/ram                  |           | 131072x10              | 131072x10              |             |                         |             |                         |           |        |        |         |           |        |        |         |
|  pifoEngines_3/deque_dequeMapper/ram_reg_bram_0      | RAMB36E2  |  A:A:4096x9            |  B:B:4096x9            |       Write |                    10.0 |        Read |                    10.0 |      NONE |        |        |       0 |     FIRST |        |        |       0 |
|  pifoEngines_3/deque_dequeMapper/ram_reg_bram_1      | RAMB36E2  |  A:A:4096x9            |  B:B:4096x9            |       Write |                    10.0 |        Read |                    10.0 |      NONE |        |        |       0 |    MIDDLE |        |        |       0 |
|  pifoEngines_3/deque_dequeMapper/ram_reg_bram_2      | RAMB36E2  |  A:A:4096x9            |  B:B:4096x9            |       Write |                    10.0 |        Read |                    10.0 |      NONE |        |        |       0 |    MIDDLE |        |        |       0 |
|  pifoEngines_3/deque_dequeMapper/ram_reg_bram_3      | RAMB36E2  |  A:A:4096x9            |  B:B:4096x9            |       Write |                    10.0 |        Read |                    10.0 |      NONE |        |        |       0 |    MIDDLE |        |        |       0 |
|  pifoEngines_3/deque_dequeMapper/ram_reg_bram_4      | RAMB36E2  |  A:A:4096x9            |  B:B:4096x9            |       Write |                    10.0 |        Read |                    10.0 |      NONE |        |        |       0 |    MIDDLE |        |        |       0 |
|  pifoEngines_3/deque_dequeMapper/ram_reg_bram_5      | RAMB36E2  |  A:A:4096x9            |  B:B:4096x9            |       Write |                    10.0 |        Read |                    10.0 |      NONE |        |        |       0 |    MIDDLE |        |        |       0 |
|  pifoEngines_3/deque_dequeMapper/ram_reg_bram_6      | RAMB36E2  |  A:A:4096x9            |  B:B:4096x9            |       Write |                    10.0 |        Read |                    10.0 |      NONE |        |        |       0 |    MIDDLE |        |        |       0 |
|  pifoEngines_3/deque_dequeMapper/ram_reg_bram_7      | RAMB36E2  |  A:A:4096x9            |  B:B:4096x9            |       Write |                    10.0 |        Read |                    10.0 |      NONE |        |        |       0 |      LAST |        |        |       0 |
|  pifoEngines_3/deque_dequeMapper/ram_reg_bram_8      | RAMB36E2  |  A:A:4096x9            |  B:B:4096x9            |       Write |                    10.0 |        Read |                    10.0 |      NONE |        |        |       0 |     FIRST |        |        |       0 |
|  pifoEngines_3/deque_dequeMapper/ram_reg_bram_9      | RAMB36E2  |  A:A:4096x9            |  B:B:4096x9            |       Write |                    10.0 |        Read |                    10.0 |      NONE |        |        |       0 |    MIDDLE |        |        |       0 |
|  pifoEngines_3/deque_dequeMapper/ram_reg_bram_10     | RAMB36E2  |  A:A:4096x9            |  B:B:4096x9            |       Write |                    10.0 |        Read |                    10.0 |      NONE |        |        |       0 |    MIDDLE |        |        |       0 |
|  pifoEngines_3/deque_dequeMapper/ram_reg_bram_11     | RAMB36E2  |  A:A:4096x9            |  B:B:4096x9            |       Write |                    10.0 |        Read |                    10.0 |      NONE |        |        |       0 |    MIDDLE |        |        |       0 |
|  pifoEngines_3/deque_dequeMapper/ram_reg_bram_12     | RAMB36E2  |  A:A:4096x9            |  B:B:4096x9            |       Write |                    10.0 |        Read |                    10.0 |      NONE |        |        |       0 |    MIDDLE |        |        |       0 |
|  pifoEngines_3/deque_dequeMapper/ram_reg_bram_13     | RAMB36E2  |  A:A:4096x9            |  B:B:4096x9            |       Write |                    10.0 |        Read |                    10.0 |      NONE |        |        |       0 |    MIDDLE |        |        |       0 |
|  pifoEngines_3/deque_dequeMapper/ram_reg_bram_14     | RAMB36E2  |  A:A:4096x9            |  B:B:4096x9            |       Write |                    10.0 |        Read |                    10.0 |      NONE |        |        |       0 |    MIDDLE |        |        |       0 |
|  pifoEngines_3/deque_dequeMapper/ram_reg_bram_15     | RAMB36E2  |  A:A:4096x9            |  B:B:4096x9            |       Write |                    10.0 |        Read |                    10.0 |      NONE |        |        |       0 |      LAST |        |        |       0 |
|  pifoEngines_3/deque_dequeMapper/ram_reg_bram_16     | RAMB36E2  |  A:A:4096x9            |  B:B:4096x9            |       Write |                    10.0 |        Read |                    10.0 |      NONE |        |        |       0 |     FIRST |        |        |       0 |
|  pifoEngines_3/deque_dequeMapper/ram_reg_bram_17     | RAMB36E2  |  A:A:4096x9            |  B:B:4096x9            |       Write |                    10.0 |        Read |                    10.0 |      NONE |        |        |       0 |    MIDDLE |        |        |       0 |
|  pifoEngines_3/deque_dequeMapper/ram_reg_bram_18     | RAMB36E2  |  A:A:4096x9            |  B:B:4096x9            |       Write |                    10.0 |        Read |                    10.0 |      NONE |        |        |       0 |    MIDDLE |        |        |       0 |
|  pifoEngines_3/deque_dequeMapper/ram_reg_bram_19     | RAMB36E2  |  A:A:4096x9            |  B:B:4096x9            |       Write |                    10.0 |        Read |                    10.0 |      NONE |        |        |       0 |    MIDDLE |        |        |       0 |
|  pifoEngines_3/deque_dequeMapper/ram_reg_bram_20     | RAMB36E2  |  A:A:4096x9            |  B:B:4096x9            |       Write |                    10.0 |        Read |                    10.0 |      NONE |        |        |       0 |    MIDDLE |        |        |       0 |
|  pifoEngines_3/deque_dequeMapper/ram_reg_bram_21     | RAMB36E2  |  A:A:4096x9            |  B:B:4096x9            |       Write |                    10.0 |        Read |                    10.0 |      NONE |        |        |       0 |    MIDDLE |        |        |       0 |
|  pifoEngines_3/deque_dequeMapper/ram_reg_bram_22     | RAMB36E2  |  A:A:4096x9            |  B:B:4096x9            |       Write |                    10.0 |        Read |                    10.0 |      NONE |        |        |       0 |    MIDDLE |        |        |       0 |
|  pifoEngines_3/deque_dequeMapper/ram_reg_bram_23     | RAMB36E2  |  A:A:4096x9            |  B:B:4096x9            |       Write |                    10.0 |        Read |                    10.0 |      NONE |        |        |       0 |      LAST |        |        |       0 |
|  pifoEngines_3/deque_dequeMapper/ram_reg_bram_24     | RAMB36E2  |  A:A:4096x9            |  B:B:4096x9            |       Write |                    10.0 |        Read |                    10.0 |      NONE |        |        |       0 |     FIRST |        |        |       0 |
|  pifoEngines_3/deque_dequeMapper/ram_reg_bram_25     | RAMB36E2  |  A:A:4096x9            |  B:B:4096x9            |       Write |                    10.0 |        Read |                    10.0 |      NONE |        |        |       0 |    MIDDLE |        |        |       0 |
|  pifoEngines_3/deque_dequeMapper/ram_reg_bram_26     | RAMB36E2  |  A:A:4096x9            |  B:B:4096x9            |       Write |                    10.0 |        Read |                    10.0 |      NONE |        |        |       0 |    MIDDLE |        |        |       0 |
|  pifoEngines_3/deque_dequeMapper/ram_reg_bram_27     | RAMB36E2  |  A:A:4096x9            |  B:B:4096x9            |       Write |                    10.0 |        Read |                    10.0 |      NONE |        |        |       0 |    MIDDLE |        |        |       0 |
|  pifoEngines_3/deque_dequeMapper/ram_reg_bram_28     | RAMB36E2  |  A:A:4096x9            |  B:B:4096x9            |       Write |                    10.0 |        Read |                    10.0 |      NONE |        |        |       0 |    MIDDLE |        |        |       0 |
|  pifoEngines_3/deque_dequeMapper/ram_reg_bram_29     | RAMB36E2  |  A:A:4096x9            |  B:B:4096x9            |       Write |                    10.0 |        Read |                    10.0 |      NONE |        |        |       0 |    MIDDLE |        |        |       0 |
|  pifoEngines_3/deque_dequeMapper/ram_reg_bram_30     | RAMB36E2  |  A:A:4096x9            |  B:B:4096x9            |       Write |                    10.0 |        Read |                    10.0 |      NONE |        |        |       0 |    MIDDLE |        |        |       0 |
|  pifoEngines_3/deque_dequeMapper/ram_reg_bram_31     | RAMB36E2  |  A:A:4096x9            |  B:B:4096x9            |       Write |                    10.0 |        Read |                    10.0 |      NONE |        |        |       0 |      LAST |        |        |       0 |
|  pifoEngines_3/deque_dequeMapper/ram_reg_bram_32     | RAMB36E2  |  A:A:32768x1           |  B:B:32768x1           |       Write |                    10.0 |        Read |                    10.0 |      NONE |        |        |       0 |     FIRST |        |        |       0 |
|  pifoEngines_3/deque_dequeMapper/ram_reg_bram_33     | RAMB36E2  |  A:A:32768x1           |  B:B:32768x1           |       Write |                    10.0 |        Read |                    10.0 |      NONE |        |        |       0 |    MIDDLE |        |        |       0 |
|  pifoEngines_3/deque_dequeMapper/ram_reg_bram_34     | RAMB36E2  |  A:A:32768x1           |  B:B:32768x1           |       Write |                    10.0 |        Read |                    10.0 |      NONE |        |        |       0 |    MIDDLE |        |        |       0 |
|  pifoEngines_3/deque_dequeMapper/ram_reg_bram_35     | RAMB36E2  |  A:A:32768x1           |  B:B:32768x1           |       Write |                    10.0 |        Read |                    10.0 |      NONE |        |        |       0 |      LAST |        |        |       0 |
| pifoEngines_4/deque_dequeMapper/ram                  |           | 131072x10              | 131072x10              |             |                         |             |                         |           |        |        |         |           |        |        |         |
|  pifoEngines_4/deque_dequeMapper/ram_reg_bram_0      | RAMB36E2  |  A:A:4096x9            |  B:B:4096x9            |       Write |                    10.0 |        Read |                    10.0 |      NONE |        |        |       0 |     FIRST |        |        |       0 |
|  pifoEngines_4/deque_dequeMapper/ram_reg_bram_1      | RAMB36E2  |  A:A:4096x9            |  B:B:4096x9            |       Write |                    10.0 |        Read |                    10.0 |      NONE |        |        |       0 |    MIDDLE |        |        |       0 |
|  pifoEngines_4/deque_dequeMapper/ram_reg_bram_2      | RAMB36E2  |  A:A:4096x9            |  B:B:4096x9            |       Write |                    10.0 |        Read |                    10.0 |      NONE |        |        |       0 |    MIDDLE |        |        |       0 |
|  pifoEngines_4/deque_dequeMapper/ram_reg_bram_3      | RAMB36E2  |  A:A:4096x9            |  B:B:4096x9            |       Write |                    10.0 |        Read |                    10.0 |      NONE |        |        |       0 |    MIDDLE |        |        |       0 |
|  pifoEngines_4/deque_dequeMapper/ram_reg_bram_4      | RAMB36E2  |  A:A:4096x9            |  B:B:4096x9            |       Write |                    10.0 |        Read |                    10.0 |      NONE |        |        |       0 |    MIDDLE |        |        |       0 |
|  pifoEngines_4/deque_dequeMapper/ram_reg_bram_5      | RAMB36E2  |  A:A:4096x9            |  B:B:4096x9            |       Write |                    10.0 |        Read |                    10.0 |      NONE |        |        |       0 |    MIDDLE |        |        |       0 |
|  pifoEngines_4/deque_dequeMapper/ram_reg_bram_6      | RAMB36E2  |  A:A:4096x9            |  B:B:4096x9            |       Write |                    10.0 |        Read |                    10.0 |      NONE |        |        |       0 |    MIDDLE |        |        |       0 |
|  pifoEngines_4/deque_dequeMapper/ram_reg_bram_7      | RAMB36E2  |  A:A:4096x9            |  B:B:4096x9            |       Write |                    10.0 |        Read |                    10.0 |      NONE |        |        |       0 |      LAST |        |        |       0 |
|  pifoEngines_4/deque_dequeMapper/ram_reg_bram_8      | RAMB36E2  |  A:A:4096x9            |  B:B:4096x9            |       Write |                    10.0 |        Read |                    10.0 |      NONE |        |        |       0 |     FIRST |        |        |       0 |
|  pifoEngines_4/deque_dequeMapper/ram_reg_bram_9      | RAMB36E2  |  A:A:4096x9            |  B:B:4096x9            |       Write |                    10.0 |        Read |                    10.0 |      NONE |        |        |       0 |    MIDDLE |        |        |       0 |
|  pifoEngines_4/deque_dequeMapper/ram_reg_bram_10     | RAMB36E2  |  A:A:4096x9            |  B:B:4096x9            |       Write |                    10.0 |        Read |                    10.0 |      NONE |        |        |       0 |    MIDDLE |        |        |       0 |
|  pifoEngines_4/deque_dequeMapper/ram_reg_bram_11     | RAMB36E2  |  A:A:4096x9            |  B:B:4096x9            |       Write |                    10.0 |        Read |                    10.0 |      NONE |        |        |       0 |    MIDDLE |        |        |       0 |
|  pifoEngines_4/deque_dequeMapper/ram_reg_bram_12     | RAMB36E2  |  A:A:4096x9            |  B:B:4096x9            |       Write |                    10.0 |        Read |                    10.0 |      NONE |        |        |       0 |    MIDDLE |        |        |       0 |
|  pifoEngines_4/deque_dequeMapper/ram_reg_bram_13     | RAMB36E2  |  A:A:4096x9            |  B:B:4096x9            |       Write |                    10.0 |        Read |                    10.0 |      NONE |        |        |       0 |    MIDDLE |        |        |       0 |
|  pifoEngines_4/deque_dequeMapper/ram_reg_bram_14     | RAMB36E2  |  A:A:4096x9            |  B:B:4096x9            |       Write |                    10.0 |        Read |                    10.0 |      NONE |        |        |       0 |    MIDDLE |        |        |       0 |
|  pifoEngines_4/deque_dequeMapper/ram_reg_bram_15     | RAMB36E2  |  A:A:4096x9            |  B:B:4096x9            |       Write |                    10.0 |        Read |                    10.0 |      NONE |        |        |       0 |      LAST |        |        |       0 |
|  pifoEngines_4/deque_dequeMapper/ram_reg_bram_16     | RAMB36E2  |  A:A:4096x9            |  B:B:4096x9            |       Write |                    10.0 |        Read |                    10.0 |      NONE |        |        |       0 |     FIRST |        |        |       0 |
|  pifoEngines_4/deque_dequeMapper/ram_reg_bram_17     | RAMB36E2  |  A:A:4096x9            |  B:B:4096x9            |       Write |                    10.0 |        Read |                    10.0 |      NONE |        |        |       0 |    MIDDLE |        |        |       0 |
|  pifoEngines_4/deque_dequeMapper/ram_reg_bram_18     | RAMB36E2  |  A:A:4096x9            |  B:B:4096x9            |       Write |                    10.0 |        Read |                    10.0 |      NONE |        |        |       0 |    MIDDLE |        |        |       0 |
|  pifoEngines_4/deque_dequeMapper/ram_reg_bram_19     | RAMB36E2  |  A:A:4096x9            |  B:B:4096x9            |       Write |                    10.0 |        Read |                    10.0 |      NONE |        |        |       0 |    MIDDLE |        |        |       0 |
|  pifoEngines_4/deque_dequeMapper/ram_reg_bram_20     | RAMB36E2  |  A:A:4096x9            |  B:B:4096x9            |       Write |                    10.0 |        Read |                    10.0 |      NONE |        |        |       0 |    MIDDLE |        |        |       0 |
|  pifoEngines_4/deque_dequeMapper/ram_reg_bram_21     | RAMB36E2  |  A:A:4096x9            |  B:B:4096x9            |       Write |                    10.0 |        Read |                    10.0 |      NONE |        |        |       0 |    MIDDLE |        |        |       0 |
|  pifoEngines_4/deque_dequeMapper/ram_reg_bram_22     | RAMB36E2  |  A:A:4096x9            |  B:B:4096x9            |       Write |                    10.0 |        Read |                    10.0 |      NONE |        |        |       0 |    MIDDLE |        |        |       0 |
|  pifoEngines_4/deque_dequeMapper/ram_reg_bram_23     | RAMB36E2  |  A:A:4096x9            |  B:B:4096x9            |       Write |                    10.0 |        Read |                    10.0 |      NONE |        |        |       0 |      LAST |        |        |       0 |
|  pifoEngines_4/deque_dequeMapper/ram_reg_bram_24     | RAMB36E2  |  A:A:4096x9            |  B:B:4096x9            |       Write |                    10.0 |        Read |                    10.0 |      NONE |        |        |       0 |     FIRST |        |        |       0 |
|  pifoEngines_4/deque_dequeMapper/ram_reg_bram_25     | RAMB36E2  |  A:A:4096x9            |  B:B:4096x9            |       Write |                    10.0 |        Read |                    10.0 |      NONE |        |        |       0 |    MIDDLE |        |        |       0 |
|  pifoEngines_4/deque_dequeMapper/ram_reg_bram_26     | RAMB36E2  |  A:A:4096x9            |  B:B:4096x9            |       Write |                    10.0 |        Read |                    10.0 |      NONE |        |        |       0 |    MIDDLE |        |        |       0 |
|  pifoEngines_4/deque_dequeMapper/ram_reg_bram_27     | RAMB36E2  |  A:A:4096x9            |  B:B:4096x9            |       Write |                    10.0 |        Read |                    10.0 |      NONE |        |        |       0 |    MIDDLE |        |        |       0 |
|  pifoEngines_4/deque_dequeMapper/ram_reg_bram_28     | RAMB36E2  |  A:A:4096x9            |  B:B:4096x9            |       Write |                    10.0 |        Read |                    10.0 |      NONE |        |        |       0 |    MIDDLE |        |        |       0 |
|  pifoEngines_4/deque_dequeMapper/ram_reg_bram_29     | RAMB36E2  |  A:A:4096x9            |  B:B:4096x9            |       Write |                    10.0 |        Read |                    10.0 |      NONE |        |        |       0 |    MIDDLE |        |        |       0 |
|  pifoEngines_4/deque_dequeMapper/ram_reg_bram_30     | RAMB36E2  |  A:A:4096x9            |  B:B:4096x9            |       Write |                    10.0 |        Read |                    10.0 |      NONE |        |        |       0 |    MIDDLE |        |        |       0 |
|  pifoEngines_4/deque_dequeMapper/ram_reg_bram_31     | RAMB36E2  |  A:A:4096x9            |  B:B:4096x9            |       Write |                    10.0 |        Read |                    10.0 |      NONE |        |        |       0 |      LAST |        |        |       0 |
|  pifoEngines_4/deque_dequeMapper/ram_reg_bram_32     | RAMB36E2  |  A:A:32768x1           |  B:B:32768x1           |       Write |                    10.0 |        Read |                    10.0 |      NONE |        |        |       0 |     FIRST |        |        |       0 |
|  pifoEngines_4/deque_dequeMapper/ram_reg_bram_33     | RAMB36E2  |  A:A:32768x1           |  B:B:32768x1           |       Write |                    10.0 |        Read |                    10.0 |      NONE |        |        |       0 |    MIDDLE |        |        |       0 |
|  pifoEngines_4/deque_dequeMapper/ram_reg_bram_34     | RAMB36E2  |  A:A:32768x1           |  B:B:32768x1           |       Write |                    10.0 |        Read |                    10.0 |      NONE |        |        |       0 |    MIDDLE |        |        |       0 |
|  pifoEngines_4/deque_dequeMapper/ram_reg_bram_35     | RAMB36E2  |  A:A:32768x1           |  B:B:32768x1           |       Write |                    10.0 |        Read |                    10.0 |      NONE |        |        |       0 |      LAST |        |        |       0 |
| io_controlRequest_fifo/logic_ram                     |           | 512x55                 | 512x55                 |             |                         |             |                         |           |        |        |         |           |        |        |         |
|  io_controlRequest_fifo/logic_ram_reg                | RAMB36E2  |  B:B:256x55            |  A:A:256x55            |        Read |                    10.0 |       Write |                    10.0 |      NONE |        |        |       0 |      NONE |        |        |       0 |
+------------------------------------------------------+-----------+------------------------+------------------------+-------------+-------------------------+-------------+-------------------------+-----------+--------+--------+---------+-----------+--------+--------+---------+


5. Block Ram / URAM Memory Power - Inferred
-------------------------------------------

+------------------------------------------------------+-----------+------------------------+------------------------+--------------------+---------------+-------------------+-----------+--------------------+---------------+-------------------+-----------+
| Memory Name                                          | Primitive | Port 1 Dimension / Map | Port 2 Dimension / Map | Port A Power Gated | Port A Enable | Port A WRITE_MODE | A Cascade | Port B Power Gated | Port B Enable | Port B WRITE_MODE | B Cascade |
+------------------------------------------------------+-----------+------------------------+------------------------+--------------------+---------------+-------------------+-----------+--------------------+---------------+-------------------+-----------+
| pifoEngines_0/enque_brain/engineCAM/ram              |           | 131072x18              | 131072x18              |                    |               |                   |           |                    |               |                   |           |
|  pifoEngines_0/enque_brain/engineCAM/ram_reg_bram_0  | RAMB36E2  |  A:A:2048x18           |  B:B:2048x18           |                    |        SIGNAL |        READ_FIRST |      NONE |                    |        SIGNAL |       WRITE_FIRST |     FIRST |
|  pifoEngines_0/enque_brain/engineCAM/ram_reg_bram_1  | RAMB36E2  |  A:A:2048x18           |  B:B:2048x18           |                    |        SIGNAL |        READ_FIRST |      NONE |                    |        SIGNAL |       WRITE_FIRST |    MIDDLE |
|  pifoEngines_0/enque_brain/engineCAM/ram_reg_bram_2  | RAMB36E2  |  A:A:2048x18           |  B:B:2048x18           |                    |        SIGNAL |        READ_FIRST |      NONE |                    |        SIGNAL |       WRITE_FIRST |    MIDDLE |
|  pifoEngines_0/enque_brain/engineCAM/ram_reg_bram_3  | RAMB36E2  |  A:A:2048x18           |  B:B:2048x18           |                    |        SIGNAL |        READ_FIRST |      NONE |                    |        SIGNAL |       WRITE_FIRST |    MIDDLE |
|  pifoEngines_0/enque_brain/engineCAM/ram_reg_bram_4  | RAMB36E2  |  A:A:2048x18           |  B:B:2048x18           |                    |        SIGNAL |        READ_FIRST |      NONE |                    |        SIGNAL |       WRITE_FIRST |    MIDDLE |
|  pifoEngines_0/enque_brain/engineCAM/ram_reg_bram_5  | RAMB36E2  |  A:A:2048x18           |  B:B:2048x18           |                    |        SIGNAL |        READ_FIRST |      NONE |                    |        SIGNAL |       WRITE_FIRST |    MIDDLE |
|  pifoEngines_0/enque_brain/engineCAM/ram_reg_bram_6  | RAMB36E2  |  A:A:2048x18           |  B:B:2048x18           |                    |        SIGNAL |        READ_FIRST |      NONE |                    |        SIGNAL |       WRITE_FIRST |    MIDDLE |
|  pifoEngines_0/enque_brain/engineCAM/ram_reg_bram_7  | RAMB36E2  |  A:A:2048x18           |  B:B:2048x18           |                    |        SIGNAL |        READ_FIRST |      NONE |                    |        SIGNAL |       WRITE_FIRST |      LAST |
|  pifoEngines_0/enque_brain/engineCAM/ram_reg_bram_8  | RAMB36E2  |  A:A:2048x18           |  B:B:2048x18           |                    |        SIGNAL |        READ_FIRST |      NONE |                    |        SIGNAL |       WRITE_FIRST |     FIRST |
|  pifoEngines_0/enque_brain/engineCAM/ram_reg_bram_9  | RAMB36E2  |  A:A:2048x18           |  B:B:2048x18           |                    |        SIGNAL |        READ_FIRST |      NONE |                    |        SIGNAL |       WRITE_FIRST |    MIDDLE |
|  pifoEngines_0/enque_brain/engineCAM/ram_reg_bram_10 | RAMB36E2  |  A:A:2048x18           |  B:B:2048x18           |                    |        SIGNAL |        READ_FIRST |      NONE |                    |        SIGNAL |       WRITE_FIRST |    MIDDLE |
|  pifoEngines_0/enque_brain/engineCAM/ram_reg_bram_11 | RAMB36E2  |  A:A:2048x18           |  B:B:2048x18           |                    |        SIGNAL |        READ_FIRST |      NONE |                    |        SIGNAL |       WRITE_FIRST |    MIDDLE |
|  pifoEngines_0/enque_brain/engineCAM/ram_reg_bram_12 | RAMB36E2  |  A:A:2048x18           |  B:B:2048x18           |                    |        SIGNAL |        READ_FIRST |      NONE |                    |        SIGNAL |       WRITE_FIRST |    MIDDLE |
|  pifoEngines_0/enque_brain/engineCAM/ram_reg_bram_13 | RAMB36E2  |  A:A:2048x18           |  B:B:2048x18           |                    |        SIGNAL |        READ_FIRST |      NONE |                    |        SIGNAL |       WRITE_FIRST |    MIDDLE |
|  pifoEngines_0/enque_brain/engineCAM/ram_reg_bram_14 | RAMB36E2  |  A:A:2048x18           |  B:B:2048x18           |                    |        SIGNAL |        READ_FIRST |      NONE |                    |        SIGNAL |       WRITE_FIRST |    MIDDLE |
|  pifoEngines_0/enque_brain/engineCAM/ram_reg_bram_15 | RAMB36E2  |  A:A:2048x18           |  B:B:2048x18           |                    |        SIGNAL |        READ_FIRST |      NONE |                    |        SIGNAL |       WRITE_FIRST |      LAST |
|  pifoEngines_0/enque_brain/engineCAM/ram_reg_bram_16 | RAMB36E2  |  A:A:2048x18           |  B:B:2048x18           |                    |        SIGNAL |        READ_FIRST |      NONE |                    |        SIGNAL |       WRITE_FIRST |     FIRST |
|  pifoEngines_0/enque_brain/engineCAM/ram_reg_bram_17 | RAMB36E2  |  A:A:2048x18           |  B:B:2048x18           |                    |        SIGNAL |        READ_FIRST |      NONE |                    |        SIGNAL |       WRITE_FIRST |    MIDDLE |
|  pifoEngines_0/enque_brain/engineCAM/ram_reg_bram_18 | RAMB36E2  |  A:A:2048x18           |  B:B:2048x18           |                    |        SIGNAL |        READ_FIRST |      NONE |                    |        SIGNAL |       WRITE_FIRST |    MIDDLE |
|  pifoEngines_0/enque_brain/engineCAM/ram_reg_bram_19 | RAMB36E2  |  A:A:2048x18           |  B:B:2048x18           |                    |        SIGNAL |        READ_FIRST |      NONE |                    |        SIGNAL |       WRITE_FIRST |    MIDDLE |
|  pifoEngines_0/enque_brain/engineCAM/ram_reg_bram_20 | RAMB36E2  |  A:A:2048x18           |  B:B:2048x18           |                    |        SIGNAL |        READ_FIRST |      NONE |                    |        SIGNAL |       WRITE_FIRST |    MIDDLE |
|  pifoEngines_0/enque_brain/engineCAM/ram_reg_bram_21 | RAMB36E2  |  A:A:2048x18           |  B:B:2048x18           |                    |        SIGNAL |        READ_FIRST |      NONE |                    |        SIGNAL |       WRITE_FIRST |    MIDDLE |
|  pifoEngines_0/enque_brain/engineCAM/ram_reg_bram_22 | RAMB36E2  |  A:A:2048x18           |  B:B:2048x18           |                    |        SIGNAL |        READ_FIRST |      NONE |                    |        SIGNAL |       WRITE_FIRST |    MIDDLE |
|  pifoEngines_0/enque_brain/engineCAM/ram_reg_bram_23 | RAMB36E2  |  A:A:2048x18           |  B:B:2048x18           |                    |        SIGNAL |        READ_FIRST |      NONE |                    |        SIGNAL |       WRITE_FIRST |      LAST |
|  pifoEngines_0/enque_brain/engineCAM/ram_reg_bram_24 | RAMB36E2  |  A:A:2048x18           |  B:B:2048x18           |                    |        SIGNAL |        READ_FIRST |      NONE |                    |        SIGNAL |       WRITE_FIRST |     FIRST |
|  pifoEngines_0/enque_brain/engineCAM/ram_reg_bram_25 | RAMB36E2  |  A:A:2048x18           |  B:B:2048x18           |                    |        SIGNAL |        READ_FIRST |      NONE |                    |        SIGNAL |       WRITE_FIRST |    MIDDLE |
|  pifoEngines_0/enque_brain/engineCAM/ram_reg_bram_26 | RAMB36E2  |  A:A:2048x18           |  B:B:2048x18           |                    |        SIGNAL |        READ_FIRST |      NONE |                    |        SIGNAL |       WRITE_FIRST |    MIDDLE |
|  pifoEngines_0/enque_brain/engineCAM/ram_reg_bram_27 | RAMB36E2  |  A:A:2048x18           |  B:B:2048x18           |                    |        SIGNAL |        READ_FIRST |      NONE |                    |        SIGNAL |       WRITE_FIRST |    MIDDLE |
|  pifoEngines_0/enque_brain/engineCAM/ram_reg_bram_28 | RAMB36E2  |  A:A:2048x18           |  B:B:2048x18           |                    |        SIGNAL |        READ_FIRST |      NONE |                    |        SIGNAL |       WRITE_FIRST |    MIDDLE |
|  pifoEngines_0/enque_brain/engineCAM/ram_reg_bram_29 | RAMB36E2  |  A:A:2048x18           |  B:B:2048x18           |                    |        SIGNAL |        READ_FIRST |      NONE |                    |        SIGNAL |       WRITE_FIRST |    MIDDLE |
|  pifoEngines_0/enque_brain/engineCAM/ram_reg_bram_30 | RAMB36E2  |  A:A:2048x18           |  B:B:2048x18           |                    |        SIGNAL |        READ_FIRST |      NONE |                    |        SIGNAL |       WRITE_FIRST |    MIDDLE |
|  pifoEngines_0/enque_brain/engineCAM/ram_reg_bram_31 | RAMB36E2  |  A:A:2048x18           |  B:B:2048x18           |                    |        SIGNAL |        READ_FIRST |      NONE |                    |        SIGNAL |       WRITE_FIRST |      LAST |
|  pifoEngines_0/enque_brain/engineCAM/ram_reg_bram_32 | RAMB36E2  |  A:A:2048x18           |  B:B:2048x18           |                    |        SIGNAL |        READ_FIRST |      NONE |                    |        SIGNAL |       WRITE_FIRST |     FIRST |
|  pifoEngines_0/enque_brain/engineCAM/ram_reg_bram_33 | RAMB36E2  |  A:A:2048x18           |  B:B:2048x18           |                    |        SIGNAL |        READ_FIRST |      NONE |                    |        SIGNAL |       WRITE_FIRST |    MIDDLE |
|  pifoEngines_0/enque_brain/engineCAM/ram_reg_bram_34 | RAMB36E2  |  A:A:2048x18           |  B:B:2048x18           |                    |        SIGNAL |        READ_FIRST |      NONE |                    |        SIGNAL |       WRITE_FIRST |    MIDDLE |
|  pifoEngines_0/enque_brain/engineCAM/ram_reg_bram_35 | RAMB36E2  |  A:A:2048x18           |  B:B:2048x18           |                    |        SIGNAL |        READ_FIRST |      NONE |                    |        SIGNAL |       WRITE_FIRST |    MIDDLE |
|  pifoEngines_0/enque_brain/engineCAM/ram_reg_bram_36 | RAMB36E2  |  A:A:2048x18           |  B:B:2048x18           |                    |        SIGNAL |        READ_FIRST |      NONE |                    |        SIGNAL |       WRITE_FIRST |    MIDDLE |
|  pifoEngines_0/enque_brain/engineCAM/ram_reg_bram_37 | RAMB36E2  |  A:A:2048x18           |  B:B:2048x18           |                    |        SIGNAL |        READ_FIRST |      NONE |                    |        SIGNAL |       WRITE_FIRST |    MIDDLE |
|  pifoEngines_0/enque_brain/engineCAM/ram_reg_bram_38 | RAMB36E2  |  A:A:2048x18           |  B:B:2048x18           |                    |        SIGNAL |        READ_FIRST |      NONE |                    |        SIGNAL |       WRITE_FIRST |    MIDDLE |
|  pifoEngines_0/enque_brain/engineCAM/ram_reg_bram_39 | RAMB36E2  |  A:A:2048x18           |  B:B:2048x18           |                    |        SIGNAL |        READ_FIRST |      NONE |                    |        SIGNAL |       WRITE_FIRST |      LAST |
|  pifoEngines_0/enque_brain/engineCAM/ram_reg_bram_40 | RAMB36E2  |  A:A:2048x18           |  B:B:2048x18           |                    |        SIGNAL |        READ_FIRST |      NONE |                    |        SIGNAL |       WRITE_FIRST |     FIRST |
|  pifoEngines_0/enque_brain/engineCAM/ram_reg_bram_41 | RAMB36E2  |  A:A:2048x18           |  B:B:2048x18           |                    |        SIGNAL |        READ_FIRST |      NONE |                    |        SIGNAL |       WRITE_FIRST |    MIDDLE |
|  pifoEngines_0/enque_brain/engineCAM/ram_reg_bram_42 | RAMB36E2  |  A:A:2048x18           |  B:B:2048x18           |                    |        SIGNAL |        READ_FIRST |      NONE |                    |        SIGNAL |       WRITE_FIRST |    MIDDLE |
|  pifoEngines_0/enque_brain/engineCAM/ram_reg_bram_43 | RAMB36E2  |  A:A:2048x18           |  B:B:2048x18           |                    |        SIGNAL |        READ_FIRST |      NONE |                    |        SIGNAL |       WRITE_FIRST |    MIDDLE |
|  pifoEngines_0/enque_brain/engineCAM/ram_reg_bram_44 | RAMB36E2  |  A:A:2048x18           |  B:B:2048x18           |                    |        SIGNAL |        READ_FIRST |      NONE |                    |        SIGNAL |       WRITE_FIRST |    MIDDLE |
|  pifoEngines_0/enque_brain/engineCAM/ram_reg_bram_45 | RAMB36E2  |  A:A:2048x18           |  B:B:2048x18           |                    |        SIGNAL |        READ_FIRST |      NONE |                    |        SIGNAL |       WRITE_FIRST |    MIDDLE |
|  pifoEngines_0/enque_brain/engineCAM/ram_reg_bram_46 | RAMB36E2  |  A:A:2048x18           |  B:B:2048x18           |                    |        SIGNAL |        READ_FIRST |      NONE |                    |        SIGNAL |       WRITE_FIRST |    MIDDLE |
|  pifoEngines_0/enque_brain/engineCAM/ram_reg_bram_47 | RAMB36E2  |  A:A:2048x18           |  B:B:2048x18           |                    |        SIGNAL |        READ_FIRST |      NONE |                    |        SIGNAL |       WRITE_FIRST |      LAST |
|  pifoEngines_0/enque_brain/engineCAM/ram_reg_bram_48 | RAMB36E2  |  A:A:2048x18           |  B:B:2048x18           |                    |        SIGNAL |        READ_FIRST |      NONE |                    |        SIGNAL |       WRITE_FIRST |     FIRST |
|  pifoEngines_0/enque_brain/engineCAM/ram_reg_bram_49 | RAMB36E2  |  A:A:2048x18           |  B:B:2048x18           |                    |        SIGNAL |        READ_FIRST |      NONE |                    |        SIGNAL |       WRITE_FIRST |    MIDDLE |
|  pifoEngines_0/enque_brain/engineCAM/ram_reg_bram_50 | RAMB36E2  |  A:A:2048x18           |  B:B:2048x18           |                    |        SIGNAL |        READ_FIRST |      NONE |                    |        SIGNAL |       WRITE_FIRST |    MIDDLE |
|  pifoEngines_0/enque_brain/engineCAM/ram_reg_bram_51 | RAMB36E2  |  A:A:2048x18           |  B:B:2048x18           |                    |        SIGNAL |        READ_FIRST |      NONE |                    |        SIGNAL |       WRITE_FIRST |    MIDDLE |
|  pifoEngines_0/enque_brain/engineCAM/ram_reg_bram_52 | RAMB36E2  |  A:A:2048x18           |  B:B:2048x18           |                    |        SIGNAL |        READ_FIRST |      NONE |                    |        SIGNAL |       WRITE_FIRST |    MIDDLE |
|  pifoEngines_0/enque_brain/engineCAM/ram_reg_bram_53 | RAMB36E2  |  A:A:2048x18           |  B:B:2048x18           |                    |        SIGNAL |        READ_FIRST |      NONE |                    |        SIGNAL |       WRITE_FIRST |    MIDDLE |
|  pifoEngines_0/enque_brain/engineCAM/ram_reg_bram_54 | RAMB36E2  |  A:A:2048x18           |  B:B:2048x18           |                    |        SIGNAL |        READ_FIRST |      NONE |                    |        SIGNAL |       WRITE_FIRST |    MIDDLE |
|  pifoEngines_0/enque_brain/engineCAM/ram_reg_bram_55 | RAMB36E2  |  A:A:2048x18           |  B:B:2048x18           |                    |        SIGNAL |        READ_FIRST |      NONE |                    |        SIGNAL |       WRITE_FIRST |      LAST |
|  pifoEngines_0/enque_brain/engineCAM/ram_reg_bram_56 | RAMB36E2  |  A:A:2048x18           |  B:B:2048x18           |                    |        SIGNAL |        READ_FIRST |      NONE |                    |        SIGNAL |       WRITE_FIRST |     FIRST |
|  pifoEngines_0/enque_brain/engineCAM/ram_reg_bram_57 | RAMB36E2  |  A:A:2048x18           |  B:B:2048x18           |                    |        SIGNAL |        READ_FIRST |      NONE |                    |        SIGNAL |       WRITE_FIRST |    MIDDLE |
|  pifoEngines_0/enque_brain/engineCAM/ram_reg_bram_58 | RAMB36E2  |  A:A:2048x18           |  B:B:2048x18           |                    |        SIGNAL |        READ_FIRST |      NONE |                    |        SIGNAL |       WRITE_FIRST |    MIDDLE |
|  pifoEngines_0/enque_brain/engineCAM/ram_reg_bram_59 | RAMB36E2  |  A:A:2048x18           |  B:B:2048x18           |                    |        SIGNAL |        READ_FIRST |      NONE |                    |        SIGNAL |       WRITE_FIRST |    MIDDLE |
|  pifoEngines_0/enque_brain/engineCAM/ram_reg_bram_60 | RAMB36E2  |  A:A:2048x18           |  B:B:2048x18           |                    |        SIGNAL |        READ_FIRST |      NONE |                    |        SIGNAL |       WRITE_FIRST |    MIDDLE |
|  pifoEngines_0/enque_brain/engineCAM/ram_reg_bram_61 | RAMB36E2  |  A:A:2048x18           |  B:B:2048x18           |                    |        SIGNAL |        READ_FIRST |      NONE |                    |        SIGNAL |       WRITE_FIRST |    MIDDLE |
|  pifoEngines_0/enque_brain/engineCAM/ram_reg_bram_62 | RAMB36E2  |  A:A:2048x18           |  B:B:2048x18           |                    |        SIGNAL |        READ_FIRST |      NONE |                    |        SIGNAL |       WRITE_FIRST |    MIDDLE |
|  pifoEngines_0/enque_brain/engineCAM/ram_reg_bram_63 | RAMB36E2  |  A:A:2048x18           |  B:B:2048x18           |                    |        SIGNAL |        READ_FIRST |      NONE |                    |        SIGNAL |       WRITE_FIRST |      LAST |
| pifoEngines_1/enque_brain/engineCAM/ram              |           | 131072x18              | 131072x18              |                    |               |                   |           |                    |               |                   |           |
|  pifoEngines_1/enque_brain/engineCAM/ram_reg_bram_0  | RAMB36E2  |  A:A:2048x18           |  B:B:2048x18           |                    |        SIGNAL |        READ_FIRST |      NONE |                    |        SIGNAL |       WRITE_FIRST |     FIRST |
|  pifoEngines_1/enque_brain/engineCAM/ram_reg_bram_1  | RAMB36E2  |  A:A:2048x18           |  B:B:2048x18           |                    |        SIGNAL |        READ_FIRST |      NONE |                    |        SIGNAL |       WRITE_FIRST |    MIDDLE |
|  pifoEngines_1/enque_brain/engineCAM/ram_reg_bram_2  | RAMB36E2  |  A:A:2048x18           |  B:B:2048x18           |                    |        SIGNAL |        READ_FIRST |      NONE |                    |        SIGNAL |       WRITE_FIRST |    MIDDLE |
|  pifoEngines_1/enque_brain/engineCAM/ram_reg_bram_3  | RAMB36E2  |  A:A:2048x18           |  B:B:2048x18           |                    |        SIGNAL |        READ_FIRST |      NONE |                    |        SIGNAL |       WRITE_FIRST |    MIDDLE |
|  pifoEngines_1/enque_brain/engineCAM/ram_reg_bram_4  | RAMB36E2  |  A:A:2048x18           |  B:B:2048x18           |                    |        SIGNAL |        READ_FIRST |      NONE |                    |        SIGNAL |       WRITE_FIRST |    MIDDLE |
|  pifoEngines_1/enque_brain/engineCAM/ram_reg_bram_5  | RAMB36E2  |  A:A:2048x18           |  B:B:2048x18           |                    |        SIGNAL |        READ_FIRST |      NONE |                    |        SIGNAL |       WRITE_FIRST |    MIDDLE |
|  pifoEngines_1/enque_brain/engineCAM/ram_reg_bram_6  | RAMB36E2  |  A:A:2048x18           |  B:B:2048x18           |                    |        SIGNAL |        READ_FIRST |      NONE |                    |        SIGNAL |       WRITE_FIRST |    MIDDLE |
|  pifoEngines_1/enque_brain/engineCAM/ram_reg_bram_7  | RAMB36E2  |  A:A:2048x18           |  B:B:2048x18           |                    |        SIGNAL |        READ_FIRST |      NONE |                    |        SIGNAL |       WRITE_FIRST |      LAST |
|  pifoEngines_1/enque_brain/engineCAM/ram_reg_bram_8  | RAMB36E2  |  A:A:2048x18           |  B:B:2048x18           |                    |        SIGNAL |        READ_FIRST |      NONE |                    |        SIGNAL |       WRITE_FIRST |     FIRST |
|  pifoEngines_1/enque_brain/engineCAM/ram_reg_bram_9  | RAMB36E2  |  A:A:2048x18           |  B:B:2048x18           |                    |        SIGNAL |        READ_FIRST |      NONE |                    |        SIGNAL |       WRITE_FIRST |    MIDDLE |
|  pifoEngines_1/enque_brain/engineCAM/ram_reg_bram_10 | RAMB36E2  |  A:A:2048x18           |  B:B:2048x18           |                    |        SIGNAL |        READ_FIRST |      NONE |                    |        SIGNAL |       WRITE_FIRST |    MIDDLE |
|  pifoEngines_1/enque_brain/engineCAM/ram_reg_bram_11 | RAMB36E2  |  A:A:2048x18           |  B:B:2048x18           |                    |        SIGNAL |        READ_FIRST |      NONE |                    |        SIGNAL |       WRITE_FIRST |    MIDDLE |
|  pifoEngines_1/enque_brain/engineCAM/ram_reg_bram_12 | RAMB36E2  |  A:A:2048x18           |  B:B:2048x18           |                    |        SIGNAL |        READ_FIRST |      NONE |                    |        SIGNAL |       WRITE_FIRST |    MIDDLE |
|  pifoEngines_1/enque_brain/engineCAM/ram_reg_bram_13 | RAMB36E2  |  A:A:2048x18           |  B:B:2048x18           |                    |        SIGNAL |        READ_FIRST |      NONE |                    |        SIGNAL |       WRITE_FIRST |    MIDDLE |
|  pifoEngines_1/enque_brain/engineCAM/ram_reg_bram_14 | RAMB36E2  |  A:A:2048x18           |  B:B:2048x18           |                    |        SIGNAL |        READ_FIRST |      NONE |                    |        SIGNAL |       WRITE_FIRST |    MIDDLE |
|  pifoEngines_1/enque_brain/engineCAM/ram_reg_bram_15 | RAMB36E2  |  A:A:2048x18           |  B:B:2048x18           |                    |        SIGNAL |        READ_FIRST |      NONE |                    |        SIGNAL |       WRITE_FIRST |      LAST |
|  pifoEngines_1/enque_brain/engineCAM/ram_reg_bram_16 | RAMB36E2  |  A:A:2048x18           |  B:B:2048x18           |                    |        SIGNAL |        READ_FIRST |      NONE |                    |        SIGNAL |       WRITE_FIRST |     FIRST |
|  pifoEngines_1/enque_brain/engineCAM/ram_reg_bram_17 | RAMB36E2  |  A:A:2048x18           |  B:B:2048x18           |                    |        SIGNAL |        READ_FIRST |      NONE |                    |        SIGNAL |       WRITE_FIRST |    MIDDLE |
|  pifoEngines_1/enque_brain/engineCAM/ram_reg_bram_18 | RAMB36E2  |  A:A:2048x18           |  B:B:2048x18           |                    |        SIGNAL |        READ_FIRST |      NONE |                    |        SIGNAL |       WRITE_FIRST |    MIDDLE |
|  pifoEngines_1/enque_brain/engineCAM/ram_reg_bram_19 | RAMB36E2  |  A:A:2048x18           |  B:B:2048x18           |                    |        SIGNAL |        READ_FIRST |      NONE |                    |        SIGNAL |       WRITE_FIRST |    MIDDLE |
|  pifoEngines_1/enque_brain/engineCAM/ram_reg_bram_20 | RAMB36E2  |  A:A:2048x18           |  B:B:2048x18           |                    |        SIGNAL |        READ_FIRST |      NONE |                    |        SIGNAL |       WRITE_FIRST |    MIDDLE |
|  pifoEngines_1/enque_brain/engineCAM/ram_reg_bram_21 | RAMB36E2  |  A:A:2048x18           |  B:B:2048x18           |                    |        SIGNAL |        READ_FIRST |      NONE |                    |        SIGNAL |       WRITE_FIRST |    MIDDLE |
|  pifoEngines_1/enque_brain/engineCAM/ram_reg_bram_22 | RAMB36E2  |  A:A:2048x18           |  B:B:2048x18           |                    |        SIGNAL |        READ_FIRST |      NONE |                    |        SIGNAL |       WRITE_FIRST |    MIDDLE |
|  pifoEngines_1/enque_brain/engineCAM/ram_reg_bram_23 | RAMB36E2  |  A:A:2048x18           |  B:B:2048x18           |                    |        SIGNAL |        READ_FIRST |      NONE |                    |        SIGNAL |       WRITE_FIRST |      LAST |
|  pifoEngines_1/enque_brain/engineCAM/ram_reg_bram_24 | RAMB36E2  |  A:A:2048x18           |  B:B:2048x18           |                    |        SIGNAL |        READ_FIRST |      NONE |                    |        SIGNAL |       WRITE_FIRST |     FIRST |
|  pifoEngines_1/enque_brain/engineCAM/ram_reg_bram_25 | RAMB36E2  |  A:A:2048x18           |  B:B:2048x18           |                    |        SIGNAL |        READ_FIRST |      NONE |                    |        SIGNAL |       WRITE_FIRST |    MIDDLE |
|  pifoEngines_1/enque_brain/engineCAM/ram_reg_bram_26 | RAMB36E2  |  A:A:2048x18           |  B:B:2048x18           |                    |        SIGNAL |        READ_FIRST |      NONE |                    |        SIGNAL |       WRITE_FIRST |    MIDDLE |
|  pifoEngines_1/enque_brain/engineCAM/ram_reg_bram_27 | RAMB36E2  |  A:A:2048x18           |  B:B:2048x18           |                    |        SIGNAL |        READ_FIRST |      NONE |                    |        SIGNAL |       WRITE_FIRST |    MIDDLE |
|  pifoEngines_1/enque_brain/engineCAM/ram_reg_bram_28 | RAMB36E2  |  A:A:2048x18           |  B:B:2048x18           |                    |        SIGNAL |        READ_FIRST |      NONE |                    |        SIGNAL |       WRITE_FIRST |    MIDDLE |
|  pifoEngines_1/enque_brain/engineCAM/ram_reg_bram_29 | RAMB36E2  |  A:A:2048x18           |  B:B:2048x18           |                    |        SIGNAL |        READ_FIRST |      NONE |                    |        SIGNAL |       WRITE_FIRST |    MIDDLE |
|  pifoEngines_1/enque_brain/engineCAM/ram_reg_bram_30 | RAMB36E2  |  A:A:2048x18           |  B:B:2048x18           |                    |        SIGNAL |        READ_FIRST |      NONE |                    |        SIGNAL |       WRITE_FIRST |    MIDDLE |
|  pifoEngines_1/enque_brain/engineCAM/ram_reg_bram_31 | RAMB36E2  |  A:A:2048x18           |  B:B:2048x18           |                    |        SIGNAL |        READ_FIRST |      NONE |                    |        SIGNAL |       WRITE_FIRST |      LAST |
|  pifoEngines_1/enque_brain/engineCAM/ram_reg_bram_32 | RAMB36E2  |  A:A:2048x18           |  B:B:2048x18           |                    |        SIGNAL |        READ_FIRST |      NONE |                    |        SIGNAL |       WRITE_FIRST |     FIRST |
|  pifoEngines_1/enque_brain/engineCAM/ram_reg_bram_33 | RAMB36E2  |  A:A:2048x18           |  B:B:2048x18           |                    |        SIGNAL |        READ_FIRST |      NONE |                    |        SIGNAL |       WRITE_FIRST |    MIDDLE |
|  pifoEngines_1/enque_brain/engineCAM/ram_reg_bram_34 | RAMB36E2  |  A:A:2048x18           |  B:B:2048x18           |                    |        SIGNAL |        READ_FIRST |      NONE |                    |        SIGNAL |       WRITE_FIRST |    MIDDLE |
|  pifoEngines_1/enque_brain/engineCAM/ram_reg_bram_35 | RAMB36E2  |  A:A:2048x18           |  B:B:2048x18           |                    |        SIGNAL |        READ_FIRST |      NONE |                    |        SIGNAL |       WRITE_FIRST |    MIDDLE |
|  pifoEngines_1/enque_brain/engineCAM/ram_reg_bram_36 | RAMB36E2  |  A:A:2048x18           |  B:B:2048x18           |                    |        SIGNAL |        READ_FIRST |      NONE |                    |        SIGNAL |       WRITE_FIRST |    MIDDLE |
|  pifoEngines_1/enque_brain/engineCAM/ram_reg_bram_37 | RAMB36E2  |  A:A:2048x18           |  B:B:2048x18           |                    |        SIGNAL |        READ_FIRST |      NONE |                    |        SIGNAL |       WRITE_FIRST |    MIDDLE |
|  pifoEngines_1/enque_brain/engineCAM/ram_reg_bram_38 | RAMB36E2  |  A:A:2048x18           |  B:B:2048x18           |                    |        SIGNAL |        READ_FIRST |      NONE |                    |        SIGNAL |       WRITE_FIRST |    MIDDLE |
|  pifoEngines_1/enque_brain/engineCAM/ram_reg_bram_39 | RAMB36E2  |  A:A:2048x18           |  B:B:2048x18           |                    |        SIGNAL |        READ_FIRST |      NONE |                    |        SIGNAL |       WRITE_FIRST |      LAST |
|  pifoEngines_1/enque_brain/engineCAM/ram_reg_bram_40 | RAMB36E2  |  A:A:2048x18           |  B:B:2048x18           |                    |        SIGNAL |        READ_FIRST |      NONE |                    |        SIGNAL |       WRITE_FIRST |     FIRST |
|  pifoEngines_1/enque_brain/engineCAM/ram_reg_bram_41 | RAMB36E2  |  A:A:2048x18           |  B:B:2048x18           |                    |        SIGNAL |        READ_FIRST |      NONE |                    |        SIGNAL |       WRITE_FIRST |    MIDDLE |
|  pifoEngines_1/enque_brain/engineCAM/ram_reg_bram_42 | RAMB36E2  |  A:A:2048x18           |  B:B:2048x18           |                    |        SIGNAL |        READ_FIRST |      NONE |                    |        SIGNAL |       WRITE_FIRST |    MIDDLE |
|  pifoEngines_1/enque_brain/engineCAM/ram_reg_bram_43 | RAMB36E2  |  A:A:2048x18           |  B:B:2048x18           |                    |        SIGNAL |        READ_FIRST |      NONE |                    |        SIGNAL |       WRITE_FIRST |    MIDDLE |
|  pifoEngines_1/enque_brain/engineCAM/ram_reg_bram_44 | RAMB36E2  |  A:A:2048x18           |  B:B:2048x18           |                    |        SIGNAL |        READ_FIRST |      NONE |                    |        SIGNAL |       WRITE_FIRST |    MIDDLE |
|  pifoEngines_1/enque_brain/engineCAM/ram_reg_bram_45 | RAMB36E2  |  A:A:2048x18           |  B:B:2048x18           |                    |        SIGNAL |        READ_FIRST |      NONE |                    |        SIGNAL |       WRITE_FIRST |    MIDDLE |
|  pifoEngines_1/enque_brain/engineCAM/ram_reg_bram_46 | RAMB36E2  |  A:A:2048x18           |  B:B:2048x18           |                    |        SIGNAL |        READ_FIRST |      NONE |                    |        SIGNAL |       WRITE_FIRST |    MIDDLE |
|  pifoEngines_1/enque_brain/engineCAM/ram_reg_bram_47 | RAMB36E2  |  A:A:2048x18           |  B:B:2048x18           |                    |        SIGNAL |        READ_FIRST |      NONE |                    |        SIGNAL |       WRITE_FIRST |      LAST |
|  pifoEngines_1/enque_brain/engineCAM/ram_reg_bram_48 | RAMB36E2  |  A:A:2048x18           |  B:B:2048x18           |                    |        SIGNAL |        READ_FIRST |      NONE |                    |        SIGNAL |       WRITE_FIRST |     FIRST |
|  pifoEngines_1/enque_brain/engineCAM/ram_reg_bram_49 | RAMB36E2  |  A:A:2048x18           |  B:B:2048x18           |                    |        SIGNAL |        READ_FIRST |      NONE |                    |        SIGNAL |       WRITE_FIRST |    MIDDLE |
|  pifoEngines_1/enque_brain/engineCAM/ram_reg_bram_50 | RAMB36E2  |  A:A:2048x18           |  B:B:2048x18           |                    |        SIGNAL |        READ_FIRST |      NONE |                    |        SIGNAL |       WRITE_FIRST |    MIDDLE |
|  pifoEngines_1/enque_brain/engineCAM/ram_reg_bram_51 | RAMB36E2  |  A:A:2048x18           |  B:B:2048x18           |                    |        SIGNAL |        READ_FIRST |      NONE |                    |        SIGNAL |       WRITE_FIRST |    MIDDLE |
|  pifoEngines_1/enque_brain/engineCAM/ram_reg_bram_52 | RAMB36E2  |  A:A:2048x18           |  B:B:2048x18           |                    |        SIGNAL |        READ_FIRST |      NONE |                    |        SIGNAL |       WRITE_FIRST |    MIDDLE |
|  pifoEngines_1/enque_brain/engineCAM/ram_reg_bram_53 | RAMB36E2  |  A:A:2048x18           |  B:B:2048x18           |                    |        SIGNAL |        READ_FIRST |      NONE |                    |        SIGNAL |       WRITE_FIRST |    MIDDLE |
|  pifoEngines_1/enque_brain/engineCAM/ram_reg_bram_54 | RAMB36E2  |  A:A:2048x18           |  B:B:2048x18           |                    |        SIGNAL |        READ_FIRST |      NONE |                    |        SIGNAL |       WRITE_FIRST |    MIDDLE |
|  pifoEngines_1/enque_brain/engineCAM/ram_reg_bram_55 | RAMB36E2  |  A:A:2048x18           |  B:B:2048x18           |                    |        SIGNAL |        READ_FIRST |      NONE |                    |        SIGNAL |       WRITE_FIRST |      LAST |
|  pifoEngines_1/enque_brain/engineCAM/ram_reg_bram_56 | RAMB36E2  |  A:A:2048x18           |  B:B:2048x18           |                    |        SIGNAL |        READ_FIRST |      NONE |                    |        SIGNAL |       WRITE_FIRST |     FIRST |
|  pifoEngines_1/enque_brain/engineCAM/ram_reg_bram_57 | RAMB36E2  |  A:A:2048x18           |  B:B:2048x18           |                    |        SIGNAL |        READ_FIRST |      NONE |                    |        SIGNAL |       WRITE_FIRST |    MIDDLE |
|  pifoEngines_1/enque_brain/engineCAM/ram_reg_bram_58 | RAMB36E2  |  A:A:2048x18           |  B:B:2048x18           |                    |        SIGNAL |        READ_FIRST |      NONE |                    |        SIGNAL |       WRITE_FIRST |    MIDDLE |
|  pifoEngines_1/enque_brain/engineCAM/ram_reg_bram_59 | RAMB36E2  |  A:A:2048x18           |  B:B:2048x18           |                    |        SIGNAL |        READ_FIRST |      NONE |                    |        SIGNAL |       WRITE_FIRST |    MIDDLE |
|  pifoEngines_1/enque_brain/engineCAM/ram_reg_bram_60 | RAMB36E2  |  A:A:2048x18           |  B:B:2048x18           |                    |        SIGNAL |        READ_FIRST |      NONE |                    |        SIGNAL |       WRITE_FIRST |    MIDDLE |
|  pifoEngines_1/enque_brain/engineCAM/ram_reg_bram_61 | RAMB36E2  |  A:A:2048x18           |  B:B:2048x18           |                    |        SIGNAL |        READ_FIRST |      NONE |                    |        SIGNAL |       WRITE_FIRST |    MIDDLE |
|  pifoEngines_1/enque_brain/engineCAM/ram_reg_bram_62 | RAMB36E2  |  A:A:2048x18           |  B:B:2048x18           |                    |        SIGNAL |        READ_FIRST |      NONE |                    |        SIGNAL |       WRITE_FIRST |    MIDDLE |
|  pifoEngines_1/enque_brain/engineCAM/ram_reg_bram_63 | RAMB36E2  |  A:A:2048x18           |  B:B:2048x18           |                    |        SIGNAL |        READ_FIRST |      NONE |                    |        SIGNAL |       WRITE_FIRST |      LAST |
| pifoEngines_2/enque_brain/engineCAM/ram              |           | 131072x18              | 131072x18              |                    |               |                   |           |                    |               |                   |           |
|  pifoEngines_2/enque_brain/engineCAM/ram_reg_bram_0  | RAMB36E2  |  A:A:2048x18           |  B:B:2048x18           |                    |        SIGNAL |        READ_FIRST |      NONE |                    |        SIGNAL |       WRITE_FIRST |     FIRST |
|  pifoEngines_2/enque_brain/engineCAM/ram_reg_bram_1  | RAMB36E2  |  A:A:2048x18           |  B:B:2048x18           |                    |        SIGNAL |        READ_FIRST |      NONE |                    |        SIGNAL |       WRITE_FIRST |    MIDDLE |
|  pifoEngines_2/enque_brain/engineCAM/ram_reg_bram_2  | RAMB36E2  |  A:A:2048x18           |  B:B:2048x18           |                    |        SIGNAL |        READ_FIRST |      NONE |                    |        SIGNAL |       WRITE_FIRST |    MIDDLE |
|  pifoEngines_2/enque_brain/engineCAM/ram_reg_bram_3  | RAMB36E2  |  A:A:2048x18           |  B:B:2048x18           |                    |        SIGNAL |        READ_FIRST |      NONE |                    |        SIGNAL |       WRITE_FIRST |    MIDDLE |
|  pifoEngines_2/enque_brain/engineCAM/ram_reg_bram_4  | RAMB36E2  |  A:A:2048x18           |  B:B:2048x18           |                    |        SIGNAL |        READ_FIRST |      NONE |                    |        SIGNAL |       WRITE_FIRST |    MIDDLE |
|  pifoEngines_2/enque_brain/engineCAM/ram_reg_bram_5  | RAMB36E2  |  A:A:2048x18           |  B:B:2048x18           |                    |        SIGNAL |        READ_FIRST |      NONE |                    |        SIGNAL |       WRITE_FIRST |    MIDDLE |
|  pifoEngines_2/enque_brain/engineCAM/ram_reg_bram_6  | RAMB36E2  |  A:A:2048x18           |  B:B:2048x18           |                    |        SIGNAL |        READ_FIRST |      NONE |                    |        SIGNAL |       WRITE_FIRST |    MIDDLE |
|  pifoEngines_2/enque_brain/engineCAM/ram_reg_bram_7  | RAMB36E2  |  A:A:2048x18           |  B:B:2048x18           |                    |        SIGNAL |        READ_FIRST |      NONE |                    |        SIGNAL |       WRITE_FIRST |      LAST |
|  pifoEngines_2/enque_brain/engineCAM/ram_reg_bram_8  | RAMB36E2  |  A:A:2048x18           |  B:B:2048x18           |                    |        SIGNAL |        READ_FIRST |      NONE |                    |        SIGNAL |       WRITE_FIRST |     FIRST |
|  pifoEngines_2/enque_brain/engineCAM/ram_reg_bram_9  | RAMB36E2  |  A:A:2048x18           |  B:B:2048x18           |                    |        SIGNAL |        READ_FIRST |      NONE |                    |        SIGNAL |       WRITE_FIRST |    MIDDLE |
|  pifoEngines_2/enque_brain/engineCAM/ram_reg_bram_10 | RAMB36E2  |  A:A:2048x18           |  B:B:2048x18           |                    |        SIGNAL |        READ_FIRST |      NONE |                    |        SIGNAL |       WRITE_FIRST |    MIDDLE |
|  pifoEngines_2/enque_brain/engineCAM/ram_reg_bram_11 | RAMB36E2  |  A:A:2048x18           |  B:B:2048x18           |                    |        SIGNAL |        READ_FIRST |      NONE |                    |        SIGNAL |       WRITE_FIRST |    MIDDLE |
|  pifoEngines_2/enque_brain/engineCAM/ram_reg_bram_12 | RAMB36E2  |  A:A:2048x18           |  B:B:2048x18           |                    |        SIGNAL |        READ_FIRST |      NONE |                    |        SIGNAL |       WRITE_FIRST |    MIDDLE |
|  pifoEngines_2/enque_brain/engineCAM/ram_reg_bram_13 | RAMB36E2  |  A:A:2048x18           |  B:B:2048x18           |                    |        SIGNAL |        READ_FIRST |      NONE |                    |        SIGNAL |       WRITE_FIRST |    MIDDLE |
|  pifoEngines_2/enque_brain/engineCAM/ram_reg_bram_14 | RAMB36E2  |  A:A:2048x18           |  B:B:2048x18           |                    |        SIGNAL |        READ_FIRST |      NONE |                    |        SIGNAL |       WRITE_FIRST |    MIDDLE |
|  pifoEngines_2/enque_brain/engineCAM/ram_reg_bram_15 | RAMB36E2  |  A:A:2048x18           |  B:B:2048x18           |                    |        SIGNAL |        READ_FIRST |      NONE |                    |        SIGNAL |       WRITE_FIRST |      LAST |
|  pifoEngines_2/enque_brain/engineCAM/ram_reg_bram_16 | RAMB36E2  |  A:A:2048x18           |  B:B:2048x18           |                    |        SIGNAL |        READ_FIRST |      NONE |                    |        SIGNAL |       WRITE_FIRST |     FIRST |
|  pifoEngines_2/enque_brain/engineCAM/ram_reg_bram_17 | RAMB36E2  |  A:A:2048x18           |  B:B:2048x18           |                    |        SIGNAL |        READ_FIRST |      NONE |                    |        SIGNAL |       WRITE_FIRST |    MIDDLE |
|  pifoEngines_2/enque_brain/engineCAM/ram_reg_bram_18 | RAMB36E2  |  A:A:2048x18           |  B:B:2048x18           |                    |        SIGNAL |        READ_FIRST |      NONE |                    |        SIGNAL |       WRITE_FIRST |    MIDDLE |
|  pifoEngines_2/enque_brain/engineCAM/ram_reg_bram_19 | RAMB36E2  |  A:A:2048x18           |  B:B:2048x18           |                    |        SIGNAL |        READ_FIRST |      NONE |                    |        SIGNAL |       WRITE_FIRST |    MIDDLE |
|  pifoEngines_2/enque_brain/engineCAM/ram_reg_bram_20 | RAMB36E2  |  A:A:2048x18           |  B:B:2048x18           |                    |        SIGNAL |        READ_FIRST |      NONE |                    |        SIGNAL |       WRITE_FIRST |    MIDDLE |
|  pifoEngines_2/enque_brain/engineCAM/ram_reg_bram_21 | RAMB36E2  |  A:A:2048x18           |  B:B:2048x18           |                    |        SIGNAL |        READ_FIRST |      NONE |                    |        SIGNAL |       WRITE_FIRST |    MIDDLE |
|  pifoEngines_2/enque_brain/engineCAM/ram_reg_bram_22 | RAMB36E2  |  A:A:2048x18           |  B:B:2048x18           |                    |        SIGNAL |        READ_FIRST |      NONE |                    |        SIGNAL |       WRITE_FIRST |    MIDDLE |
|  pifoEngines_2/enque_brain/engineCAM/ram_reg_bram_23 | RAMB36E2  |  A:A:2048x18           |  B:B:2048x18           |                    |        SIGNAL |        READ_FIRST |      NONE |                    |        SIGNAL |       WRITE_FIRST |      LAST |
|  pifoEngines_2/enque_brain/engineCAM/ram_reg_bram_24 | RAMB36E2  |  A:A:2048x18           |  B:B:2048x18           |                    |        SIGNAL |        READ_FIRST |      NONE |                    |        SIGNAL |       WRITE_FIRST |     FIRST |
|  pifoEngines_2/enque_brain/engineCAM/ram_reg_bram_25 | RAMB36E2  |  A:A:2048x18           |  B:B:2048x18           |                    |        SIGNAL |        READ_FIRST |      NONE |                    |        SIGNAL |       WRITE_FIRST |    MIDDLE |
|  pifoEngines_2/enque_brain/engineCAM/ram_reg_bram_26 | RAMB36E2  |  A:A:2048x18           |  B:B:2048x18           |                    |        SIGNAL |        READ_FIRST |      NONE |                    |        SIGNAL |       WRITE_FIRST |    MIDDLE |
|  pifoEngines_2/enque_brain/engineCAM/ram_reg_bram_27 | RAMB36E2  |  A:A:2048x18           |  B:B:2048x18           |                    |        SIGNAL |        READ_FIRST |      NONE |                    |        SIGNAL |       WRITE_FIRST |    MIDDLE |
|  pifoEngines_2/enque_brain/engineCAM/ram_reg_bram_28 | RAMB36E2  |  A:A:2048x18           |  B:B:2048x18           |                    |        SIGNAL |        READ_FIRST |      NONE |                    |        SIGNAL |       WRITE_FIRST |    MIDDLE |
|  pifoEngines_2/enque_brain/engineCAM/ram_reg_bram_29 | RAMB36E2  |  A:A:2048x18           |  B:B:2048x18           |                    |        SIGNAL |        READ_FIRST |      NONE |                    |        SIGNAL |       WRITE_FIRST |    MIDDLE |
|  pifoEngines_2/enque_brain/engineCAM/ram_reg_bram_30 | RAMB36E2  |  A:A:2048x18           |  B:B:2048x18           |                    |        SIGNAL |        READ_FIRST |      NONE |                    |        SIGNAL |       WRITE_FIRST |    MIDDLE |
|  pifoEngines_2/enque_brain/engineCAM/ram_reg_bram_31 | RAMB36E2  |  A:A:2048x18           |  B:B:2048x18           |                    |        SIGNAL |        READ_FIRST |      NONE |                    |        SIGNAL |       WRITE_FIRST |      LAST |
|  pifoEngines_2/enque_brain/engineCAM/ram_reg_bram_32 | RAMB36E2  |  A:A:2048x18           |  B:B:2048x18           |                    |        SIGNAL |        READ_FIRST |      NONE |                    |        SIGNAL |       WRITE_FIRST |     FIRST |
|  pifoEngines_2/enque_brain/engineCAM/ram_reg_bram_33 | RAMB36E2  |  A:A:2048x18           |  B:B:2048x18           |                    |        SIGNAL |        READ_FIRST |      NONE |                    |        SIGNAL |       WRITE_FIRST |    MIDDLE |
|  pifoEngines_2/enque_brain/engineCAM/ram_reg_bram_34 | RAMB36E2  |  A:A:2048x18           |  B:B:2048x18           |                    |        SIGNAL |        READ_FIRST |      NONE |                    |        SIGNAL |       WRITE_FIRST |    MIDDLE |
|  pifoEngines_2/enque_brain/engineCAM/ram_reg_bram_35 | RAMB36E2  |  A:A:2048x18           |  B:B:2048x18           |                    |        SIGNAL |        READ_FIRST |      NONE |                    |        SIGNAL |       WRITE_FIRST |    MIDDLE |
|  pifoEngines_2/enque_brain/engineCAM/ram_reg_bram_36 | RAMB36E2  |  A:A:2048x18           |  B:B:2048x18           |                    |        SIGNAL |        READ_FIRST |      NONE |                    |        SIGNAL |       WRITE_FIRST |    MIDDLE |
|  pifoEngines_2/enque_brain/engineCAM/ram_reg_bram_37 | RAMB36E2  |  A:A:2048x18           |  B:B:2048x18           |                    |        SIGNAL |        READ_FIRST |      NONE |                    |        SIGNAL |       WRITE_FIRST |    MIDDLE |
|  pifoEngines_2/enque_brain/engineCAM/ram_reg_bram_38 | RAMB36E2  |  A:A:2048x18           |  B:B:2048x18           |                    |        SIGNAL |        READ_FIRST |      NONE |                    |        SIGNAL |       WRITE_FIRST |    MIDDLE |
|  pifoEngines_2/enque_brain/engineCAM/ram_reg_bram_39 | RAMB36E2  |  A:A:2048x18           |  B:B:2048x18           |                    |        SIGNAL |        READ_FIRST |      NONE |                    |        SIGNAL |       WRITE_FIRST |      LAST |
|  pifoEngines_2/enque_brain/engineCAM/ram_reg_bram_40 | RAMB36E2  |  A:A:2048x18           |  B:B:2048x18           |                    |        SIGNAL |        READ_FIRST |      NONE |                    |        SIGNAL |       WRITE_FIRST |     FIRST |
|  pifoEngines_2/enque_brain/engineCAM/ram_reg_bram_41 | RAMB36E2  |  A:A:2048x18           |  B:B:2048x18           |                    |        SIGNAL |        READ_FIRST |      NONE |                    |        SIGNAL |       WRITE_FIRST |    MIDDLE |
|  pifoEngines_2/enque_brain/engineCAM/ram_reg_bram_42 | RAMB36E2  |  A:A:2048x18           |  B:B:2048x18           |                    |        SIGNAL |        READ_FIRST |      NONE |                    |        SIGNAL |       WRITE_FIRST |    MIDDLE |
|  pifoEngines_2/enque_brain/engineCAM/ram_reg_bram_43 | RAMB36E2  |  A:A:2048x18           |  B:B:2048x18           |                    |        SIGNAL |        READ_FIRST |      NONE |                    |        SIGNAL |       WRITE_FIRST |    MIDDLE |
|  pifoEngines_2/enque_brain/engineCAM/ram_reg_bram_44 | RAMB36E2  |  A:A:2048x18           |  B:B:2048x18           |                    |        SIGNAL |        READ_FIRST |      NONE |                    |        SIGNAL |       WRITE_FIRST |    MIDDLE |
|  pifoEngines_2/enque_brain/engineCAM/ram_reg_bram_45 | RAMB36E2  |  A:A:2048x18           |  B:B:2048x18           |                    |        SIGNAL |        READ_FIRST |      NONE |                    |        SIGNAL |       WRITE_FIRST |    MIDDLE |
|  pifoEngines_2/enque_brain/engineCAM/ram_reg_bram_46 | RAMB36E2  |  A:A:2048x18           |  B:B:2048x18           |                    |        SIGNAL |        READ_FIRST |      NONE |                    |        SIGNAL |       WRITE_FIRST |    MIDDLE |
|  pifoEngines_2/enque_brain/engineCAM/ram_reg_bram_47 | RAMB36E2  |  A:A:2048x18           |  B:B:2048x18           |                    |        SIGNAL |        READ_FIRST |      NONE |                    |        SIGNAL |       WRITE_FIRST |      LAST |
|  pifoEngines_2/enque_brain/engineCAM/ram_reg_bram_48 | RAMB36E2  |  A:A:2048x18           |  B:B:2048x18           |                    |        SIGNAL |        READ_FIRST |      NONE |                    |        SIGNAL |       WRITE_FIRST |     FIRST |
|  pifoEngines_2/enque_brain/engineCAM/ram_reg_bram_49 | RAMB36E2  |  A:A:2048x18           |  B:B:2048x18           |                    |        SIGNAL |        READ_FIRST |      NONE |                    |        SIGNAL |       WRITE_FIRST |    MIDDLE |
|  pifoEngines_2/enque_brain/engineCAM/ram_reg_bram_50 | RAMB36E2  |  A:A:2048x18           |  B:B:2048x18           |                    |        SIGNAL |        READ_FIRST |      NONE |                    |        SIGNAL |       WRITE_FIRST |    MIDDLE |
|  pifoEngines_2/enque_brain/engineCAM/ram_reg_bram_51 | RAMB36E2  |  A:A:2048x18           |  B:B:2048x18           |                    |        SIGNAL |        READ_FIRST |      NONE |                    |        SIGNAL |       WRITE_FIRST |    MIDDLE |
|  pifoEngines_2/enque_brain/engineCAM/ram_reg_bram_52 | RAMB36E2  |  A:A:2048x18           |  B:B:2048x18           |                    |        SIGNAL |        READ_FIRST |      NONE |                    |        SIGNAL |       WRITE_FIRST |    MIDDLE |
|  pifoEngines_2/enque_brain/engineCAM/ram_reg_bram_53 | RAMB36E2  |  A:A:2048x18           |  B:B:2048x18           |                    |        SIGNAL |        READ_FIRST |      NONE |                    |        SIGNAL |       WRITE_FIRST |    MIDDLE |
|  pifoEngines_2/enque_brain/engineCAM/ram_reg_bram_54 | RAMB36E2  |  A:A:2048x18           |  B:B:2048x18           |                    |        SIGNAL |        READ_FIRST |      NONE |                    |        SIGNAL |       WRITE_FIRST |    MIDDLE |
|  pifoEngines_2/enque_brain/engineCAM/ram_reg_bram_55 | RAMB36E2  |  A:A:2048x18           |  B:B:2048x18           |                    |        SIGNAL |        READ_FIRST |      NONE |                    |        SIGNAL |       WRITE_FIRST |      LAST |
|  pifoEngines_2/enque_brain/engineCAM/ram_reg_bram_56 | RAMB36E2  |  A:A:2048x18           |  B:B:2048x18           |                    |        SIGNAL |        READ_FIRST |      NONE |                    |        SIGNAL |       WRITE_FIRST |     FIRST |
|  pifoEngines_2/enque_brain/engineCAM/ram_reg_bram_57 | RAMB36E2  |  A:A:2048x18           |  B:B:2048x18           |                    |        SIGNAL |        READ_FIRST |      NONE |                    |        SIGNAL |       WRITE_FIRST |    MIDDLE |
|  pifoEngines_2/enque_brain/engineCAM/ram_reg_bram_58 | RAMB36E2  |  A:A:2048x18           |  B:B:2048x18           |                    |        SIGNAL |        READ_FIRST |      NONE |                    |        SIGNAL |       WRITE_FIRST |    MIDDLE |
|  pifoEngines_2/enque_brain/engineCAM/ram_reg_bram_59 | RAMB36E2  |  A:A:2048x18           |  B:B:2048x18           |                    |        SIGNAL |        READ_FIRST |      NONE |                    |        SIGNAL |       WRITE_FIRST |    MIDDLE |
|  pifoEngines_2/enque_brain/engineCAM/ram_reg_bram_60 | RAMB36E2  |  A:A:2048x18           |  B:B:2048x18           |                    |        SIGNAL |        READ_FIRST |      NONE |                    |        SIGNAL |       WRITE_FIRST |    MIDDLE |
|  pifoEngines_2/enque_brain/engineCAM/ram_reg_bram_61 | RAMB36E2  |  A:A:2048x18           |  B:B:2048x18           |                    |        SIGNAL |        READ_FIRST |      NONE |                    |        SIGNAL |       WRITE_FIRST |    MIDDLE |
|  pifoEngines_2/enque_brain/engineCAM/ram_reg_bram_62 | RAMB36E2  |  A:A:2048x18           |  B:B:2048x18           |                    |        SIGNAL |        READ_FIRST |      NONE |                    |        SIGNAL |       WRITE_FIRST |    MIDDLE |
|  pifoEngines_2/enque_brain/engineCAM/ram_reg_bram_63 | RAMB36E2  |  A:A:2048x18           |  B:B:2048x18           |                    |        SIGNAL |        READ_FIRST |      NONE |                    |        SIGNAL |       WRITE_FIRST |      LAST |
| pifoEngines_3/enque_brain/engineCAM/ram              |           | 131072x18              | 131072x18              |                    |               |                   |           |                    |               |                   |           |
|  pifoEngines_3/enque_brain/engineCAM/ram_reg_bram_0  | RAMB36E2  |  A:A:2048x18           |  B:B:2048x18           |                    |        SIGNAL |        READ_FIRST |      NONE |                    |        SIGNAL |       WRITE_FIRST |     FIRST |
|  pifoEngines_3/enque_brain/engineCAM/ram_reg_bram_1  | RAMB36E2  |  A:A:2048x18           |  B:B:2048x18           |                    |        SIGNAL |        READ_FIRST |      NONE |                    |        SIGNAL |       WRITE_FIRST |    MIDDLE |
|  pifoEngines_3/enque_brain/engineCAM/ram_reg_bram_2  | RAMB36E2  |  A:A:2048x18           |  B:B:2048x18           |                    |        SIGNAL |        READ_FIRST |      NONE |                    |        SIGNAL |       WRITE_FIRST |    MIDDLE |
|  pifoEngines_3/enque_brain/engineCAM/ram_reg_bram_3  | RAMB36E2  |  A:A:2048x18           |  B:B:2048x18           |                    |        SIGNAL |        READ_FIRST |      NONE |                    |        SIGNAL |       WRITE_FIRST |    MIDDLE |
|  pifoEngines_3/enque_brain/engineCAM/ram_reg_bram_4  | RAMB36E2  |  A:A:2048x18           |  B:B:2048x18           |                    |        SIGNAL |        READ_FIRST |      NONE |                    |        SIGNAL |       WRITE_FIRST |    MIDDLE |
|  pifoEngines_3/enque_brain/engineCAM/ram_reg_bram_5  | RAMB36E2  |  A:A:2048x18           |  B:B:2048x18           |                    |        SIGNAL |        READ_FIRST |      NONE |                    |        SIGNAL |       WRITE_FIRST |    MIDDLE |
|  pifoEngines_3/enque_brain/engineCAM/ram_reg_bram_6  | RAMB36E2  |  A:A:2048x18           |  B:B:2048x18           |                    |        SIGNAL |        READ_FIRST |      NONE |                    |        SIGNAL |       WRITE_FIRST |    MIDDLE |
|  pifoEngines_3/enque_brain/engineCAM/ram_reg_bram_7  | RAMB36E2  |  A:A:2048x18           |  B:B:2048x18           |                    |        SIGNAL |        READ_FIRST |      NONE |                    |        SIGNAL |       WRITE_FIRST |      LAST |
|  pifoEngines_3/enque_brain/engineCAM/ram_reg_bram_8  | RAMB36E2  |  A:A:2048x18           |  B:B:2048x18           |                    |        SIGNAL |        READ_FIRST |      NONE |                    |        SIGNAL |       WRITE_FIRST |     FIRST |
|  pifoEngines_3/enque_brain/engineCAM/ram_reg_bram_9  | RAMB36E2  |  A:A:2048x18           |  B:B:2048x18           |                    |        SIGNAL |        READ_FIRST |      NONE |                    |        SIGNAL |       WRITE_FIRST |    MIDDLE |
|  pifoEngines_3/enque_brain/engineCAM/ram_reg_bram_10 | RAMB36E2  |  A:A:2048x18           |  B:B:2048x18           |                    |        SIGNAL |        READ_FIRST |      NONE |                    |        SIGNAL |       WRITE_FIRST |    MIDDLE |
|  pifoEngines_3/enque_brain/engineCAM/ram_reg_bram_11 | RAMB36E2  |  A:A:2048x18           |  B:B:2048x18           |                    |        SIGNAL |        READ_FIRST |      NONE |                    |        SIGNAL |       WRITE_FIRST |    MIDDLE |
|  pifoEngines_3/enque_brain/engineCAM/ram_reg_bram_12 | RAMB36E2  |  A:A:2048x18           |  B:B:2048x18           |                    |        SIGNAL |        READ_FIRST |      NONE |                    |        SIGNAL |       WRITE_FIRST |    MIDDLE |
|  pifoEngines_3/enque_brain/engineCAM/ram_reg_bram_13 | RAMB36E2  |  A:A:2048x18           |  B:B:2048x18           |                    |        SIGNAL |        READ_FIRST |      NONE |                    |        SIGNAL |       WRITE_FIRST |    MIDDLE |
|  pifoEngines_3/enque_brain/engineCAM/ram_reg_bram_14 | RAMB36E2  |  A:A:2048x18           |  B:B:2048x18           |                    |        SIGNAL |        READ_FIRST |      NONE |                    |        SIGNAL |       WRITE_FIRST |    MIDDLE |
|  pifoEngines_3/enque_brain/engineCAM/ram_reg_bram_15 | RAMB36E2  |  A:A:2048x18           |  B:B:2048x18           |                    |        SIGNAL |        READ_FIRST |      NONE |                    |        SIGNAL |       WRITE_FIRST |      LAST |
|  pifoEngines_3/enque_brain/engineCAM/ram_reg_bram_16 | RAMB36E2  |  A:A:2048x18           |  B:B:2048x18           |                    |        SIGNAL |        READ_FIRST |      NONE |                    |        SIGNAL |       WRITE_FIRST |     FIRST |
|  pifoEngines_3/enque_brain/engineCAM/ram_reg_bram_17 | RAMB36E2  |  A:A:2048x18           |  B:B:2048x18           |                    |        SIGNAL |        READ_FIRST |      NONE |                    |        SIGNAL |       WRITE_FIRST |    MIDDLE |
|  pifoEngines_3/enque_brain/engineCAM/ram_reg_bram_18 | RAMB36E2  |  A:A:2048x18           |  B:B:2048x18           |                    |        SIGNAL |        READ_FIRST |      NONE |                    |        SIGNAL |       WRITE_FIRST |    MIDDLE |
|  pifoEngines_3/enque_brain/engineCAM/ram_reg_bram_19 | RAMB36E2  |  A:A:2048x18           |  B:B:2048x18           |                    |        SIGNAL |        READ_FIRST |      NONE |                    |        SIGNAL |       WRITE_FIRST |    MIDDLE |
|  pifoEngines_3/enque_brain/engineCAM/ram_reg_bram_20 | RAMB36E2  |  A:A:2048x18           |  B:B:2048x18           |                    |        SIGNAL |        READ_FIRST |      NONE |                    |        SIGNAL |       WRITE_FIRST |    MIDDLE |
|  pifoEngines_3/enque_brain/engineCAM/ram_reg_bram_21 | RAMB36E2  |  A:A:2048x18           |  B:B:2048x18           |                    |        SIGNAL |        READ_FIRST |      NONE |                    |        SIGNAL |       WRITE_FIRST |    MIDDLE |
|  pifoEngines_3/enque_brain/engineCAM/ram_reg_bram_22 | RAMB36E2  |  A:A:2048x18           |  B:B:2048x18           |                    |        SIGNAL |        READ_FIRST |      NONE |                    |        SIGNAL |       WRITE_FIRST |    MIDDLE |
|  pifoEngines_3/enque_brain/engineCAM/ram_reg_bram_23 | RAMB36E2  |  A:A:2048x18           |  B:B:2048x18           |                    |        SIGNAL |        READ_FIRST |      NONE |                    |        SIGNAL |       WRITE_FIRST |      LAST |
|  pifoEngines_3/enque_brain/engineCAM/ram_reg_bram_24 | RAMB36E2  |  A:A:2048x18           |  B:B:2048x18           |                    |        SIGNAL |        READ_FIRST |      NONE |                    |        SIGNAL |       WRITE_FIRST |     FIRST |
|  pifoEngines_3/enque_brain/engineCAM/ram_reg_bram_25 | RAMB36E2  |  A:A:2048x18           |  B:B:2048x18           |                    |        SIGNAL |        READ_FIRST |      NONE |                    |        SIGNAL |       WRITE_FIRST |    MIDDLE |
|  pifoEngines_3/enque_brain/engineCAM/ram_reg_bram_26 | RAMB36E2  |  A:A:2048x18           |  B:B:2048x18           |                    |        SIGNAL |        READ_FIRST |      NONE |                    |        SIGNAL |       WRITE_FIRST |    MIDDLE |
|  pifoEngines_3/enque_brain/engineCAM/ram_reg_bram_27 | RAMB36E2  |  A:A:2048x18           |  B:B:2048x18           |                    |        SIGNAL |        READ_FIRST |      NONE |                    |        SIGNAL |       WRITE_FIRST |    MIDDLE |
|  pifoEngines_3/enque_brain/engineCAM/ram_reg_bram_28 | RAMB36E2  |  A:A:2048x18           |  B:B:2048x18           |                    |        SIGNAL |        READ_FIRST |      NONE |                    |        SIGNAL |       WRITE_FIRST |    MIDDLE |
|  pifoEngines_3/enque_brain/engineCAM/ram_reg_bram_29 | RAMB36E2  |  A:A:2048x18           |  B:B:2048x18           |                    |        SIGNAL |        READ_FIRST |      NONE |                    |        SIGNAL |       WRITE_FIRST |    MIDDLE |
|  pifoEngines_3/enque_brain/engineCAM/ram_reg_bram_30 | RAMB36E2  |  A:A:2048x18           |  B:B:2048x18           |                    |        SIGNAL |        READ_FIRST |      NONE |                    |        SIGNAL |       WRITE_FIRST |    MIDDLE |
|  pifoEngines_3/enque_brain/engineCAM/ram_reg_bram_31 | RAMB36E2  |  A:A:2048x18           |  B:B:2048x18           |                    |        SIGNAL |        READ_FIRST |      NONE |                    |        SIGNAL |       WRITE_FIRST |      LAST |
|  pifoEngines_3/enque_brain/engineCAM/ram_reg_bram_32 | RAMB36E2  |  A:A:2048x18           |  B:B:2048x18           |                    |        SIGNAL |        READ_FIRST |      NONE |                    |        SIGNAL |       WRITE_FIRST |     FIRST |
|  pifoEngines_3/enque_brain/engineCAM/ram_reg_bram_33 | RAMB36E2  |  A:A:2048x18           |  B:B:2048x18           |                    |        SIGNAL |        READ_FIRST |      NONE |                    |        SIGNAL |       WRITE_FIRST |    MIDDLE |
|  pifoEngines_3/enque_brain/engineCAM/ram_reg_bram_34 | RAMB36E2  |  A:A:2048x18           |  B:B:2048x18           |                    |        SIGNAL |        READ_FIRST |      NONE |                    |        SIGNAL |       WRITE_FIRST |    MIDDLE |
|  pifoEngines_3/enque_brain/engineCAM/ram_reg_bram_35 | RAMB36E2  |  A:A:2048x18           |  B:B:2048x18           |                    |        SIGNAL |        READ_FIRST |      NONE |                    |        SIGNAL |       WRITE_FIRST |    MIDDLE |
|  pifoEngines_3/enque_brain/engineCAM/ram_reg_bram_36 | RAMB36E2  |  A:A:2048x18           |  B:B:2048x18           |                    |        SIGNAL |        READ_FIRST |      NONE |                    |        SIGNAL |       WRITE_FIRST |    MIDDLE |
|  pifoEngines_3/enque_brain/engineCAM/ram_reg_bram_37 | RAMB36E2  |  A:A:2048x18           |  B:B:2048x18           |                    |        SIGNAL |        READ_FIRST |      NONE |                    |        SIGNAL |       WRITE_FIRST |    MIDDLE |
|  pifoEngines_3/enque_brain/engineCAM/ram_reg_bram_38 | RAMB36E2  |  A:A:2048x18           |  B:B:2048x18           |                    |        SIGNAL |        READ_FIRST |      NONE |                    |        SIGNAL |       WRITE_FIRST |    MIDDLE |
|  pifoEngines_3/enque_brain/engineCAM/ram_reg_bram_39 | RAMB36E2  |  A:A:2048x18           |  B:B:2048x18           |                    |        SIGNAL |        READ_FIRST |      NONE |                    |        SIGNAL |       WRITE_FIRST |      LAST |
|  pifoEngines_3/enque_brain/engineCAM/ram_reg_bram_40 | RAMB36E2  |  A:A:2048x18           |  B:B:2048x18           |                    |        SIGNAL |        READ_FIRST |      NONE |                    |        SIGNAL |       WRITE_FIRST |     FIRST |
|  pifoEngines_3/enque_brain/engineCAM/ram_reg_bram_41 | RAMB36E2  |  A:A:2048x18           |  B:B:2048x18           |                    |        SIGNAL |        READ_FIRST |      NONE |                    |        SIGNAL |       WRITE_FIRST |    MIDDLE |
|  pifoEngines_3/enque_brain/engineCAM/ram_reg_bram_42 | RAMB36E2  |  A:A:2048x18           |  B:B:2048x18           |                    |        SIGNAL |        READ_FIRST |      NONE |                    |        SIGNAL |       WRITE_FIRST |    MIDDLE |
|  pifoEngines_3/enque_brain/engineCAM/ram_reg_bram_43 | RAMB36E2  |  A:A:2048x18           |  B:B:2048x18           |                    |        SIGNAL |        READ_FIRST |      NONE |                    |        SIGNAL |       WRITE_FIRST |    MIDDLE |
|  pifoEngines_3/enque_brain/engineCAM/ram_reg_bram_44 | RAMB36E2  |  A:A:2048x18           |  B:B:2048x18           |                    |        SIGNAL |        READ_FIRST |      NONE |                    |        SIGNAL |       WRITE_FIRST |    MIDDLE |
|  pifoEngines_3/enque_brain/engineCAM/ram_reg_bram_45 | RAMB36E2  |  A:A:2048x18           |  B:B:2048x18           |                    |        SIGNAL |        READ_FIRST |      NONE |                    |        SIGNAL |       WRITE_FIRST |    MIDDLE |
|  pifoEngines_3/enque_brain/engineCAM/ram_reg_bram_46 | RAMB36E2  |  A:A:2048x18           |  B:B:2048x18           |                    |        SIGNAL |        READ_FIRST |      NONE |                    |        SIGNAL |       WRITE_FIRST |    MIDDLE |
|  pifoEngines_3/enque_brain/engineCAM/ram_reg_bram_47 | RAMB36E2  |  A:A:2048x18           |  B:B:2048x18           |                    |        SIGNAL |        READ_FIRST |      NONE |                    |        SIGNAL |       WRITE_FIRST |      LAST |
|  pifoEngines_3/enque_brain/engineCAM/ram_reg_bram_48 | RAMB36E2  |  A:A:2048x18           |  B:B:2048x18           |                    |        SIGNAL |        READ_FIRST |      NONE |                    |        SIGNAL |       WRITE_FIRST |     FIRST |
|  pifoEngines_3/enque_brain/engineCAM/ram_reg_bram_49 | RAMB36E2  |  A:A:2048x18           |  B:B:2048x18           |                    |        SIGNAL |        READ_FIRST |      NONE |                    |        SIGNAL |       WRITE_FIRST |    MIDDLE |
|  pifoEngines_3/enque_brain/engineCAM/ram_reg_bram_50 | RAMB36E2  |  A:A:2048x18           |  B:B:2048x18           |                    |        SIGNAL |        READ_FIRST |      NONE |                    |        SIGNAL |       WRITE_FIRST |    MIDDLE |
|  pifoEngines_3/enque_brain/engineCAM/ram_reg_bram_51 | RAMB36E2  |  A:A:2048x18           |  B:B:2048x18           |                    |        SIGNAL |        READ_FIRST |      NONE |                    |        SIGNAL |       WRITE_FIRST |    MIDDLE |
|  pifoEngines_3/enque_brain/engineCAM/ram_reg_bram_52 | RAMB36E2  |  A:A:2048x18           |  B:B:2048x18           |                    |        SIGNAL |        READ_FIRST |      NONE |                    |        SIGNAL |       WRITE_FIRST |    MIDDLE |
|  pifoEngines_3/enque_brain/engineCAM/ram_reg_bram_53 | RAMB36E2  |  A:A:2048x18           |  B:B:2048x18           |                    |        SIGNAL |        READ_FIRST |      NONE |                    |        SIGNAL |       WRITE_FIRST |    MIDDLE |
|  pifoEngines_3/enque_brain/engineCAM/ram_reg_bram_54 | RAMB36E2  |  A:A:2048x18           |  B:B:2048x18           |                    |        SIGNAL |        READ_FIRST |      NONE |                    |        SIGNAL |       WRITE_FIRST |    MIDDLE |
|  pifoEngines_3/enque_brain/engineCAM/ram_reg_bram_55 | RAMB36E2  |  A:A:2048x18           |  B:B:2048x18           |                    |        SIGNAL |        READ_FIRST |      NONE |                    |        SIGNAL |       WRITE_FIRST |      LAST |
|  pifoEngines_3/enque_brain/engineCAM/ram_reg_bram_56 | RAMB36E2  |  A:A:2048x18           |  B:B:2048x18           |                    |        SIGNAL |        READ_FIRST |      NONE |                    |        SIGNAL |       WRITE_FIRST |     FIRST |
|  pifoEngines_3/enque_brain/engineCAM/ram_reg_bram_57 | RAMB36E2  |  A:A:2048x18           |  B:B:2048x18           |                    |        SIGNAL |        READ_FIRST |      NONE |                    |        SIGNAL |       WRITE_FIRST |    MIDDLE |
|  pifoEngines_3/enque_brain/engineCAM/ram_reg_bram_58 | RAMB36E2  |  A:A:2048x18           |  B:B:2048x18           |                    |        SIGNAL |        READ_FIRST |      NONE |                    |        SIGNAL |       WRITE_FIRST |    MIDDLE |
|  pifoEngines_3/enque_brain/engineCAM/ram_reg_bram_59 | RAMB36E2  |  A:A:2048x18           |  B:B:2048x18           |                    |        SIGNAL |        READ_FIRST |      NONE |                    |        SIGNAL |       WRITE_FIRST |    MIDDLE |
|  pifoEngines_3/enque_brain/engineCAM/ram_reg_bram_60 | RAMB36E2  |  A:A:2048x18           |  B:B:2048x18           |                    |        SIGNAL |        READ_FIRST |      NONE |                    |        SIGNAL |       WRITE_FIRST |    MIDDLE |
|  pifoEngines_3/enque_brain/engineCAM/ram_reg_bram_61 | RAMB36E2  |  A:A:2048x18           |  B:B:2048x18           |                    |        SIGNAL |        READ_FIRST |      NONE |                    |        SIGNAL |       WRITE_FIRST |    MIDDLE |
|  pifoEngines_3/enque_brain/engineCAM/ram_reg_bram_62 | RAMB36E2  |  A:A:2048x18           |  B:B:2048x18           |                    |        SIGNAL |        READ_FIRST |      NONE |                    |        SIGNAL |       WRITE_FIRST |    MIDDLE |
|  pifoEngines_3/enque_brain/engineCAM/ram_reg_bram_63 | RAMB36E2  |  A:A:2048x18           |  B:B:2048x18           |                    |        SIGNAL |        READ_FIRST |      NONE |                    |        SIGNAL |       WRITE_FIRST |      LAST |
| pifoEngines_4/enque_brain/engineCAM/ram              |           | 131072x18              | 131072x18              |                    |               |                   |           |                    |               |                   |           |
|  pifoEngines_4/enque_brain/engineCAM/ram_reg_bram_0  | RAMB36E2  |  A:A:2048x18           |  B:B:2048x18           |                    |        SIGNAL |        READ_FIRST |      NONE |                    |        SIGNAL |       WRITE_FIRST |     FIRST |
|  pifoEngines_4/enque_brain/engineCAM/ram_reg_bram_1  | RAMB36E2  |  A:A:2048x18           |  B:B:2048x18           |                    |        SIGNAL |        READ_FIRST |      NONE |                    |        SIGNAL |       WRITE_FIRST |    MIDDLE |
|  pifoEngines_4/enque_brain/engineCAM/ram_reg_bram_2  | RAMB36E2  |  A:A:2048x18           |  B:B:2048x18           |                    |        SIGNAL |        READ_FIRST |      NONE |                    |        SIGNAL |       WRITE_FIRST |    MIDDLE |
|  pifoEngines_4/enque_brain/engineCAM/ram_reg_bram_3  | RAMB36E2  |  A:A:2048x18           |  B:B:2048x18           |                    |        SIGNAL |        READ_FIRST |      NONE |                    |        SIGNAL |       WRITE_FIRST |    MIDDLE |
|  pifoEngines_4/enque_brain/engineCAM/ram_reg_bram_4  | RAMB36E2  |  A:A:2048x18           |  B:B:2048x18           |                    |        SIGNAL |        READ_FIRST |      NONE |                    |        SIGNAL |       WRITE_FIRST |    MIDDLE |
|  pifoEngines_4/enque_brain/engineCAM/ram_reg_bram_5  | RAMB36E2  |  A:A:2048x18           |  B:B:2048x18           |                    |        SIGNAL |        READ_FIRST |      NONE |                    |        SIGNAL |       WRITE_FIRST |    MIDDLE |
|  pifoEngines_4/enque_brain/engineCAM/ram_reg_bram_6  | RAMB36E2  |  A:A:2048x18           |  B:B:2048x18           |                    |        SIGNAL |        READ_FIRST |      NONE |                    |        SIGNAL |       WRITE_FIRST |    MIDDLE |
|  pifoEngines_4/enque_brain/engineCAM/ram_reg_bram_7  | RAMB36E2  |  A:A:2048x18           |  B:B:2048x18           |                    |        SIGNAL |        READ_FIRST |      NONE |                    |        SIGNAL |       WRITE_FIRST |      LAST |
|  pifoEngines_4/enque_brain/engineCAM/ram_reg_bram_8  | RAMB36E2  |  A:A:2048x18           |  B:B:2048x18           |                    |        SIGNAL |        READ_FIRST |      NONE |                    |        SIGNAL |       WRITE_FIRST |     FIRST |
|  pifoEngines_4/enque_brain/engineCAM/ram_reg_bram_9  | RAMB36E2  |  A:A:2048x18           |  B:B:2048x18           |                    |        SIGNAL |        READ_FIRST |      NONE |                    |        SIGNAL |       WRITE_FIRST |    MIDDLE |
|  pifoEngines_4/enque_brain/engineCAM/ram_reg_bram_10 | RAMB36E2  |  A:A:2048x18           |  B:B:2048x18           |                    |        SIGNAL |        READ_FIRST |      NONE |                    |        SIGNAL |       WRITE_FIRST |    MIDDLE |
|  pifoEngines_4/enque_brain/engineCAM/ram_reg_bram_11 | RAMB36E2  |  A:A:2048x18           |  B:B:2048x18           |                    |        SIGNAL |        READ_FIRST |      NONE |                    |        SIGNAL |       WRITE_FIRST |    MIDDLE |
|  pifoEngines_4/enque_brain/engineCAM/ram_reg_bram_12 | RAMB36E2  |  A:A:2048x18           |  B:B:2048x18           |                    |        SIGNAL |        READ_FIRST |      NONE |                    |        SIGNAL |       WRITE_FIRST |    MIDDLE |
|  pifoEngines_4/enque_brain/engineCAM/ram_reg_bram_13 | RAMB36E2  |  A:A:2048x18           |  B:B:2048x18           |                    |        SIGNAL |        READ_FIRST |      NONE |                    |        SIGNAL |       WRITE_FIRST |    MIDDLE |
|  pifoEngines_4/enque_brain/engineCAM/ram_reg_bram_14 | RAMB36E2  |  A:A:2048x18           |  B:B:2048x18           |                    |        SIGNAL |        READ_FIRST |      NONE |                    |        SIGNAL |       WRITE_FIRST |    MIDDLE |
|  pifoEngines_4/enque_brain/engineCAM/ram_reg_bram_15 | RAMB36E2  |  A:A:2048x18           |  B:B:2048x18           |                    |        SIGNAL |        READ_FIRST |      NONE |                    |        SIGNAL |       WRITE_FIRST |      LAST |
|  pifoEngines_4/enque_brain/engineCAM/ram_reg_bram_16 | RAMB36E2  |  A:A:2048x18           |  B:B:2048x18           |                    |        SIGNAL |        READ_FIRST |      NONE |                    |        SIGNAL |       WRITE_FIRST |     FIRST |
|  pifoEngines_4/enque_brain/engineCAM/ram_reg_bram_17 | RAMB36E2  |  A:A:2048x18           |  B:B:2048x18           |                    |        SIGNAL |        READ_FIRST |      NONE |                    |        SIGNAL |       WRITE_FIRST |    MIDDLE |
|  pifoEngines_4/enque_brain/engineCAM/ram_reg_bram_18 | RAMB36E2  |  A:A:2048x18           |  B:B:2048x18           |                    |        SIGNAL |        READ_FIRST |      NONE |                    |        SIGNAL |       WRITE_FIRST |    MIDDLE |
|  pifoEngines_4/enque_brain/engineCAM/ram_reg_bram_19 | RAMB36E2  |  A:A:2048x18           |  B:B:2048x18           |                    |        SIGNAL |        READ_FIRST |      NONE |                    |        SIGNAL |       WRITE_FIRST |    MIDDLE |
|  pifoEngines_4/enque_brain/engineCAM/ram_reg_bram_20 | RAMB36E2  |  A:A:2048x18           |  B:B:2048x18           |                    |        SIGNAL |        READ_FIRST |      NONE |                    |        SIGNAL |       WRITE_FIRST |    MIDDLE |
|  pifoEngines_4/enque_brain/engineCAM/ram_reg_bram_21 | RAMB36E2  |  A:A:2048x18           |  B:B:2048x18           |                    |        SIGNAL |        READ_FIRST |      NONE |                    |        SIGNAL |       WRITE_FIRST |    MIDDLE |
|  pifoEngines_4/enque_brain/engineCAM/ram_reg_bram_22 | RAMB36E2  |  A:A:2048x18           |  B:B:2048x18           |                    |        SIGNAL |        READ_FIRST |      NONE |                    |        SIGNAL |       WRITE_FIRST |    MIDDLE |
|  pifoEngines_4/enque_brain/engineCAM/ram_reg_bram_23 | RAMB36E2  |  A:A:2048x18           |  B:B:2048x18           |                    |        SIGNAL |        READ_FIRST |      NONE |                    |        SIGNAL |       WRITE_FIRST |      LAST |
|  pifoEngines_4/enque_brain/engineCAM/ram_reg_bram_24 | RAMB36E2  |  A:A:2048x18           |  B:B:2048x18           |                    |        SIGNAL |        READ_FIRST |      NONE |                    |        SIGNAL |       WRITE_FIRST |     FIRST |
|  pifoEngines_4/enque_brain/engineCAM/ram_reg_bram_25 | RAMB36E2  |  A:A:2048x18           |  B:B:2048x18           |                    |        SIGNAL |        READ_FIRST |      NONE |                    |        SIGNAL |       WRITE_FIRST |    MIDDLE |
|  pifoEngines_4/enque_brain/engineCAM/ram_reg_bram_26 | RAMB36E2  |  A:A:2048x18           |  B:B:2048x18           |                    |        SIGNAL |        READ_FIRST |      NONE |                    |        SIGNAL |       WRITE_FIRST |    MIDDLE |
|  pifoEngines_4/enque_brain/engineCAM/ram_reg_bram_27 | RAMB36E2  |  A:A:2048x18           |  B:B:2048x18           |                    |        SIGNAL |        READ_FIRST |      NONE |                    |        SIGNAL |       WRITE_FIRST |    MIDDLE |
|  pifoEngines_4/enque_brain/engineCAM/ram_reg_bram_28 | RAMB36E2  |  A:A:2048x18           |  B:B:2048x18           |                    |        SIGNAL |        READ_FIRST |      NONE |                    |        SIGNAL |       WRITE_FIRST |    MIDDLE |
|  pifoEngines_4/enque_brain/engineCAM/ram_reg_bram_29 | RAMB36E2  |  A:A:2048x18           |  B:B:2048x18           |                    |        SIGNAL |        READ_FIRST |      NONE |                    |        SIGNAL |       WRITE_FIRST |    MIDDLE |
|  pifoEngines_4/enque_brain/engineCAM/ram_reg_bram_30 | RAMB36E2  |  A:A:2048x18           |  B:B:2048x18           |                    |        SIGNAL |        READ_FIRST |      NONE |                    |        SIGNAL |       WRITE_FIRST |    MIDDLE |
|  pifoEngines_4/enque_brain/engineCAM/ram_reg_bram_31 | RAMB36E2  |  A:A:2048x18           |  B:B:2048x18           |                    |        SIGNAL |        READ_FIRST |      NONE |                    |        SIGNAL |       WRITE_FIRST |      LAST |
|  pifoEngines_4/enque_brain/engineCAM/ram_reg_bram_32 | RAMB36E2  |  A:A:2048x18           |  B:B:2048x18           |                    |        SIGNAL |        READ_FIRST |      NONE |                    |        SIGNAL |       WRITE_FIRST |     FIRST |
|  pifoEngines_4/enque_brain/engineCAM/ram_reg_bram_33 | RAMB36E2  |  A:A:2048x18           |  B:B:2048x18           |                    |        SIGNAL |        READ_FIRST |      NONE |                    |        SIGNAL |       WRITE_FIRST |    MIDDLE |
|  pifoEngines_4/enque_brain/engineCAM/ram_reg_bram_34 | RAMB36E2  |  A:A:2048x18           |  B:B:2048x18           |                    |        SIGNAL |        READ_FIRST |      NONE |                    |        SIGNAL |       WRITE_FIRST |    MIDDLE |
|  pifoEngines_4/enque_brain/engineCAM/ram_reg_bram_35 | RAMB36E2  |  A:A:2048x18           |  B:B:2048x18           |                    |        SIGNAL |        READ_FIRST |      NONE |                    |        SIGNAL |       WRITE_FIRST |    MIDDLE |
|  pifoEngines_4/enque_brain/engineCAM/ram_reg_bram_36 | RAMB36E2  |  A:A:2048x18           |  B:B:2048x18           |                    |        SIGNAL |        READ_FIRST |      NONE |                    |        SIGNAL |       WRITE_FIRST |    MIDDLE |
|  pifoEngines_4/enque_brain/engineCAM/ram_reg_bram_37 | RAMB36E2  |  A:A:2048x18           |  B:B:2048x18           |                    |        SIGNAL |        READ_FIRST |      NONE |                    |        SIGNAL |       WRITE_FIRST |    MIDDLE |
|  pifoEngines_4/enque_brain/engineCAM/ram_reg_bram_38 | RAMB36E2  |  A:A:2048x18           |  B:B:2048x18           |                    |        SIGNAL |        READ_FIRST |      NONE |                    |        SIGNAL |       WRITE_FIRST |    MIDDLE |
|  pifoEngines_4/enque_brain/engineCAM/ram_reg_bram_39 | RAMB36E2  |  A:A:2048x18           |  B:B:2048x18           |                    |        SIGNAL |        READ_FIRST |      NONE |                    |        SIGNAL |       WRITE_FIRST |      LAST |
|  pifoEngines_4/enque_brain/engineCAM/ram_reg_bram_40 | RAMB36E2  |  A:A:2048x18           |  B:B:2048x18           |                    |        SIGNAL |        READ_FIRST |      NONE |                    |        SIGNAL |       WRITE_FIRST |     FIRST |
|  pifoEngines_4/enque_brain/engineCAM/ram_reg_bram_41 | RAMB36E2  |  A:A:2048x18           |  B:B:2048x18           |                    |        SIGNAL |        READ_FIRST |      NONE |                    |        SIGNAL |       WRITE_FIRST |    MIDDLE |
|  pifoEngines_4/enque_brain/engineCAM/ram_reg_bram_42 | RAMB36E2  |  A:A:2048x18           |  B:B:2048x18           |                    |        SIGNAL |        READ_FIRST |      NONE |                    |        SIGNAL |       WRITE_FIRST |    MIDDLE |
|  pifoEngines_4/enque_brain/engineCAM/ram_reg_bram_43 | RAMB36E2  |  A:A:2048x18           |  B:B:2048x18           |                    |        SIGNAL |        READ_FIRST |      NONE |                    |        SIGNAL |       WRITE_FIRST |    MIDDLE |
|  pifoEngines_4/enque_brain/engineCAM/ram_reg_bram_44 | RAMB36E2  |  A:A:2048x18           |  B:B:2048x18           |                    |        SIGNAL |        READ_FIRST |      NONE |                    |        SIGNAL |       WRITE_FIRST |    MIDDLE |
|  pifoEngines_4/enque_brain/engineCAM/ram_reg_bram_45 | RAMB36E2  |  A:A:2048x18           |  B:B:2048x18           |                    |        SIGNAL |        READ_FIRST |      NONE |                    |        SIGNAL |       WRITE_FIRST |    MIDDLE |
|  pifoEngines_4/enque_brain/engineCAM/ram_reg_bram_46 | RAMB36E2  |  A:A:2048x18           |  B:B:2048x18           |                    |        SIGNAL |        READ_FIRST |      NONE |                    |        SIGNAL |       WRITE_FIRST |    MIDDLE |
|  pifoEngines_4/enque_brain/engineCAM/ram_reg_bram_47 | RAMB36E2  |  A:A:2048x18           |  B:B:2048x18           |                    |        SIGNAL |        READ_FIRST |      NONE |                    |        SIGNAL |       WRITE_FIRST |      LAST |
|  pifoEngines_4/enque_brain/engineCAM/ram_reg_bram_48 | RAMB36E2  |  A:A:2048x18           |  B:B:2048x18           |                    |        SIGNAL |        READ_FIRST |      NONE |                    |        SIGNAL |       WRITE_FIRST |     FIRST |
|  pifoEngines_4/enque_brain/engineCAM/ram_reg_bram_49 | RAMB36E2  |  A:A:2048x18           |  B:B:2048x18           |                    |        SIGNAL |        READ_FIRST |      NONE |                    |        SIGNAL |       WRITE_FIRST |    MIDDLE |
|  pifoEngines_4/enque_brain/engineCAM/ram_reg_bram_50 | RAMB36E2  |  A:A:2048x18           |  B:B:2048x18           |                    |        SIGNAL |        READ_FIRST |      NONE |                    |        SIGNAL |       WRITE_FIRST |    MIDDLE |
|  pifoEngines_4/enque_brain/engineCAM/ram_reg_bram_51 | RAMB36E2  |  A:A:2048x18           |  B:B:2048x18           |                    |        SIGNAL |        READ_FIRST |      NONE |                    |        SIGNAL |       WRITE_FIRST |    MIDDLE |
|  pifoEngines_4/enque_brain/engineCAM/ram_reg_bram_52 | RAMB36E2  |  A:A:2048x18           |  B:B:2048x18           |                    |        SIGNAL |        READ_FIRST |      NONE |                    |        SIGNAL |       WRITE_FIRST |    MIDDLE |
|  pifoEngines_4/enque_brain/engineCAM/ram_reg_bram_53 | RAMB36E2  |  A:A:2048x18           |  B:B:2048x18           |                    |        SIGNAL |        READ_FIRST |      NONE |                    |        SIGNAL |       WRITE_FIRST |    MIDDLE |
|  pifoEngines_4/enque_brain/engineCAM/ram_reg_bram_54 | RAMB36E2  |  A:A:2048x18           |  B:B:2048x18           |                    |        SIGNAL |        READ_FIRST |      NONE |                    |        SIGNAL |       WRITE_FIRST |    MIDDLE |
|  pifoEngines_4/enque_brain/engineCAM/ram_reg_bram_55 | RAMB36E2  |  A:A:2048x18           |  B:B:2048x18           |                    |        SIGNAL |        READ_FIRST |      NONE |                    |        SIGNAL |       WRITE_FIRST |      LAST |
|  pifoEngines_4/enque_brain/engineCAM/ram_reg_bram_56 | RAMB36E2  |  A:A:2048x18           |  B:B:2048x18           |                    |        SIGNAL |        READ_FIRST |      NONE |                    |        SIGNAL |       WRITE_FIRST |     FIRST |
|  pifoEngines_4/enque_brain/engineCAM/ram_reg_bram_57 | RAMB36E2  |  A:A:2048x18           |  B:B:2048x18           |                    |        SIGNAL |        READ_FIRST |      NONE |                    |        SIGNAL |       WRITE_FIRST |    MIDDLE |
|  pifoEngines_4/enque_brain/engineCAM/ram_reg_bram_58 | RAMB36E2  |  A:A:2048x18           |  B:B:2048x18           |                    |        SIGNAL |        READ_FIRST |      NONE |                    |        SIGNAL |       WRITE_FIRST |    MIDDLE |
|  pifoEngines_4/enque_brain/engineCAM/ram_reg_bram_59 | RAMB36E2  |  A:A:2048x18           |  B:B:2048x18           |                    |        SIGNAL |        READ_FIRST |      NONE |                    |        SIGNAL |       WRITE_FIRST |    MIDDLE |
|  pifoEngines_4/enque_brain/engineCAM/ram_reg_bram_60 | RAMB36E2  |  A:A:2048x18           |  B:B:2048x18           |                    |        SIGNAL |        READ_FIRST |      NONE |                    |        SIGNAL |       WRITE_FIRST |    MIDDLE |
|  pifoEngines_4/enque_brain/engineCAM/ram_reg_bram_61 | RAMB36E2  |  A:A:2048x18           |  B:B:2048x18           |                    |        SIGNAL |        READ_FIRST |      NONE |                    |        SIGNAL |       WRITE_FIRST |    MIDDLE |
|  pifoEngines_4/enque_brain/engineCAM/ram_reg_bram_62 | RAMB36E2  |  A:A:2048x18           |  B:B:2048x18           |                    |        SIGNAL |        READ_FIRST |      NONE |                    |        SIGNAL |       WRITE_FIRST |    MIDDLE |
|  pifoEngines_4/enque_brain/engineCAM/ram_reg_bram_63 | RAMB36E2  |  A:A:2048x18           |  B:B:2048x18           |                    |        SIGNAL |        READ_FIRST |      NONE |                    |        SIGNAL |       WRITE_FIRST |      LAST |
| pifoEngines_0/deque_dequeMapper/ram                  |           | 131072x10              | 131072x10              |                    |               |                   |           |                    |               |                   |           |
|  pifoEngines_0/deque_dequeMapper/ram_reg_bram_0      | RAMB36E2  |  A:A:4096x9            |  B:B:4096x9            |                    |        SIGNAL |        READ_FIRST |      NONE |                    |        SIGNAL |       WRITE_FIRST |     FIRST |
|  pifoEngines_0/deque_dequeMapper/ram_reg_bram_1      | RAMB36E2  |  A:A:4096x9            |  B:B:4096x9            |                    |        SIGNAL |        READ_FIRST |      NONE |                    |        SIGNAL |       WRITE_FIRST |    MIDDLE |
|  pifoEngines_0/deque_dequeMapper/ram_reg_bram_2      | RAMB36E2  |  A:A:4096x9            |  B:B:4096x9            |                    |        SIGNAL |        READ_FIRST |      NONE |                    |        SIGNAL |       WRITE_FIRST |    MIDDLE |
|  pifoEngines_0/deque_dequeMapper/ram_reg_bram_3      | RAMB36E2  |  A:A:4096x9            |  B:B:4096x9            |                    |        SIGNAL |        READ_FIRST |      NONE |                    |        SIGNAL |       WRITE_FIRST |    MIDDLE |
|  pifoEngines_0/deque_dequeMapper/ram_reg_bram_4      | RAMB36E2  |  A:A:4096x9            |  B:B:4096x9            |                    |        SIGNAL |        READ_FIRST |      NONE |                    |        SIGNAL |       WRITE_FIRST |    MIDDLE |
|  pifoEngines_0/deque_dequeMapper/ram_reg_bram_5      | RAMB36E2  |  A:A:4096x9            |  B:B:4096x9            |                    |        SIGNAL |        READ_FIRST |      NONE |                    |        SIGNAL |       WRITE_FIRST |    MIDDLE |
|  pifoEngines_0/deque_dequeMapper/ram_reg_bram_6      | RAMB36E2  |  A:A:4096x9            |  B:B:4096x9            |                    |        SIGNAL |        READ_FIRST |      NONE |                    |        SIGNAL |       WRITE_FIRST |    MIDDLE |
|  pifoEngines_0/deque_dequeMapper/ram_reg_bram_7      | RAMB36E2  |  A:A:4096x9            |  B:B:4096x9            |                    |        SIGNAL |        READ_FIRST |      NONE |                    |        SIGNAL |       WRITE_FIRST |      LAST |
|  pifoEngines_0/deque_dequeMapper/ram_reg_bram_8      | RAMB36E2  |  A:A:4096x9            |  B:B:4096x9            |                    |        SIGNAL |        READ_FIRST |      NONE |                    |        SIGNAL |       WRITE_FIRST |     FIRST |
|  pifoEngines_0/deque_dequeMapper/ram_reg_bram_9      | RAMB36E2  |  A:A:4096x9            |  B:B:4096x9            |                    |        SIGNAL |        READ_FIRST |      NONE |                    |        SIGNAL |       WRITE_FIRST |    MIDDLE |
|  pifoEngines_0/deque_dequeMapper/ram_reg_bram_10     | RAMB36E2  |  A:A:4096x9            |  B:B:4096x9            |                    |        SIGNAL |        READ_FIRST |      NONE |                    |        SIGNAL |       WRITE_FIRST |    MIDDLE |
|  pifoEngines_0/deque_dequeMapper/ram_reg_bram_11     | RAMB36E2  |  A:A:4096x9            |  B:B:4096x9            |                    |        SIGNAL |        READ_FIRST |      NONE |                    |        SIGNAL |       WRITE_FIRST |    MIDDLE |
|  pifoEngines_0/deque_dequeMapper/ram_reg_bram_12     | RAMB36E2  |  A:A:4096x9            |  B:B:4096x9            |                    |        SIGNAL |        READ_FIRST |      NONE |                    |        SIGNAL |       WRITE_FIRST |    MIDDLE |
|  pifoEngines_0/deque_dequeMapper/ram_reg_bram_13     | RAMB36E2  |  A:A:4096x9            |  B:B:4096x9            |                    |        SIGNAL |        READ_FIRST |      NONE |                    |        SIGNAL |       WRITE_FIRST |    MIDDLE |
|  pifoEngines_0/deque_dequeMapper/ram_reg_bram_14     | RAMB36E2  |  A:A:4096x9            |  B:B:4096x9            |                    |        SIGNAL |        READ_FIRST |      NONE |                    |        SIGNAL |       WRITE_FIRST |    MIDDLE |
|  pifoEngines_0/deque_dequeMapper/ram_reg_bram_15     | RAMB36E2  |  A:A:4096x9            |  B:B:4096x9            |                    |        SIGNAL |        READ_FIRST |      NONE |                    |        SIGNAL |       WRITE_FIRST |      LAST |
|  pifoEngines_0/deque_dequeMapper/ram_reg_bram_16     | RAMB36E2  |  A:A:4096x9            |  B:B:4096x9            |                    |        SIGNAL |        READ_FIRST |      NONE |                    |        SIGNAL |       WRITE_FIRST |     FIRST |
|  pifoEngines_0/deque_dequeMapper/ram_reg_bram_17     | RAMB36E2  |  A:A:4096x9            |  B:B:4096x9            |                    |        SIGNAL |        READ_FIRST |      NONE |                    |        SIGNAL |       WRITE_FIRST |    MIDDLE |
|  pifoEngines_0/deque_dequeMapper/ram_reg_bram_18     | RAMB36E2  |  A:A:4096x9            |  B:B:4096x9            |                    |        SIGNAL |        READ_FIRST |      NONE |                    |        SIGNAL |       WRITE_FIRST |    MIDDLE |
|  pifoEngines_0/deque_dequeMapper/ram_reg_bram_19     | RAMB36E2  |  A:A:4096x9            |  B:B:4096x9            |                    |        SIGNAL |        READ_FIRST |      NONE |                    |        SIGNAL |       WRITE_FIRST |    MIDDLE |
|  pifoEngines_0/deque_dequeMapper/ram_reg_bram_20     | RAMB36E2  |  A:A:4096x9            |  B:B:4096x9            |                    |        SIGNAL |        READ_FIRST |      NONE |                    |        SIGNAL |       WRITE_FIRST |    MIDDLE |
|  pifoEngines_0/deque_dequeMapper/ram_reg_bram_21     | RAMB36E2  |  A:A:4096x9            |  B:B:4096x9            |                    |        SIGNAL |        READ_FIRST |      NONE |                    |        SIGNAL |       WRITE_FIRST |    MIDDLE |
|  pifoEngines_0/deque_dequeMapper/ram_reg_bram_22     | RAMB36E2  |  A:A:4096x9            |  B:B:4096x9            |                    |        SIGNAL |        READ_FIRST |      NONE |                    |        SIGNAL |       WRITE_FIRST |    MIDDLE |
|  pifoEngines_0/deque_dequeMapper/ram_reg_bram_23     | RAMB36E2  |  A:A:4096x9            |  B:B:4096x9            |                    |        SIGNAL |        READ_FIRST |      NONE |                    |        SIGNAL |       WRITE_FIRST |      LAST |
|  pifoEngines_0/deque_dequeMapper/ram_reg_bram_24     | RAMB36E2  |  A:A:4096x9            |  B:B:4096x9            |                    |        SIGNAL |        READ_FIRST |      NONE |                    |        SIGNAL |       WRITE_FIRST |     FIRST |
|  pifoEngines_0/deque_dequeMapper/ram_reg_bram_25     | RAMB36E2  |  A:A:4096x9            |  B:B:4096x9            |                    |        SIGNAL |        READ_FIRST |      NONE |                    |        SIGNAL |       WRITE_FIRST |    MIDDLE |
|  pifoEngines_0/deque_dequeMapper/ram_reg_bram_26     | RAMB36E2  |  A:A:4096x9            |  B:B:4096x9            |                    |        SIGNAL |        READ_FIRST |      NONE |                    |        SIGNAL |       WRITE_FIRST |    MIDDLE |
|  pifoEngines_0/deque_dequeMapper/ram_reg_bram_27     | RAMB36E2  |  A:A:4096x9            |  B:B:4096x9            |                    |        SIGNAL |        READ_FIRST |      NONE |                    |        SIGNAL |       WRITE_FIRST |    MIDDLE |
|  pifoEngines_0/deque_dequeMapper/ram_reg_bram_28     | RAMB36E2  |  A:A:4096x9            |  B:B:4096x9            |                    |        SIGNAL |        READ_FIRST |      NONE |                    |        SIGNAL |       WRITE_FIRST |    MIDDLE |
|  pifoEngines_0/deque_dequeMapper/ram_reg_bram_29     | RAMB36E2  |  A:A:4096x9            |  B:B:4096x9            |                    |        SIGNAL |        READ_FIRST |      NONE |                    |        SIGNAL |       WRITE_FIRST |    MIDDLE |
|  pifoEngines_0/deque_dequeMapper/ram_reg_bram_30     | RAMB36E2  |  A:A:4096x9            |  B:B:4096x9            |                    |        SIGNAL |        READ_FIRST |      NONE |                    |        SIGNAL |       WRITE_FIRST |    MIDDLE |
|  pifoEngines_0/deque_dequeMapper/ram_reg_bram_31     | RAMB36E2  |  A:A:4096x9            |  B:B:4096x9            |                    |        SIGNAL |        READ_FIRST |      NONE |                    |        SIGNAL |       WRITE_FIRST |      LAST |
|  pifoEngines_0/deque_dequeMapper/ram_reg_bram_32     | RAMB36E2  |  A:A:32768x1           |  B:B:32768x1           |                    |        SIGNAL |        READ_FIRST |      NONE |                    |        SIGNAL |       WRITE_FIRST |     FIRST |
|  pifoEngines_0/deque_dequeMapper/ram_reg_bram_33     | RAMB36E2  |  A:A:32768x1           |  B:B:32768x1           |                    |        SIGNAL |        READ_FIRST |      NONE |                    |        SIGNAL |       WRITE_FIRST |    MIDDLE |
|  pifoEngines_0/deque_dequeMapper/ram_reg_bram_34     | RAMB36E2  |  A:A:32768x1           |  B:B:32768x1           |                    |        SIGNAL |        READ_FIRST |      NONE |                    |        SIGNAL |       WRITE_FIRST |    MIDDLE |
|  pifoEngines_0/deque_dequeMapper/ram_reg_bram_35     | RAMB36E2  |  A:A:32768x1           |  B:B:32768x1           |                    |        SIGNAL |        READ_FIRST |      NONE |                    |        SIGNAL |       WRITE_FIRST |      LAST |
| pifoEngines_1/deque_dequeMapper/ram                  |           | 131072x10              | 131072x10              |                    |               |                   |           |                    |               |                   |           |
|  pifoEngines_1/deque_dequeMapper/ram_reg_bram_0      | RAMB36E2  |  A:A:4096x9            |  B:B:4096x9            |                    |        SIGNAL |        READ_FIRST |      NONE |                    |        SIGNAL |       WRITE_FIRST |     FIRST |
|  pifoEngines_1/deque_dequeMapper/ram_reg_bram_1      | RAMB36E2  |  A:A:4096x9            |  B:B:4096x9            |                    |        SIGNAL |        READ_FIRST |      NONE |                    |        SIGNAL |       WRITE_FIRST |    MIDDLE |
|  pifoEngines_1/deque_dequeMapper/ram_reg_bram_2      | RAMB36E2  |  A:A:4096x9            |  B:B:4096x9            |                    |        SIGNAL |        READ_FIRST |      NONE |                    |        SIGNAL |       WRITE_FIRST |    MIDDLE |
|  pifoEngines_1/deque_dequeMapper/ram_reg_bram_3      | RAMB36E2  |  A:A:4096x9            |  B:B:4096x9            |                    |        SIGNAL |        READ_FIRST |      NONE |                    |        SIGNAL |       WRITE_FIRST |    MIDDLE |
|  pifoEngines_1/deque_dequeMapper/ram_reg_bram_4      | RAMB36E2  |  A:A:4096x9            |  B:B:4096x9            |                    |        SIGNAL |        READ_FIRST |      NONE |                    |        SIGNAL |       WRITE_FIRST |    MIDDLE |
|  pifoEngines_1/deque_dequeMapper/ram_reg_bram_5      | RAMB36E2  |  A:A:4096x9            |  B:B:4096x9            |                    |        SIGNAL |        READ_FIRST |      NONE |                    |        SIGNAL |       WRITE_FIRST |    MIDDLE |
|  pifoEngines_1/deque_dequeMapper/ram_reg_bram_6      | RAMB36E2  |  A:A:4096x9            |  B:B:4096x9            |                    |        SIGNAL |        READ_FIRST |      NONE |                    |        SIGNAL |       WRITE_FIRST |    MIDDLE |
|  pifoEngines_1/deque_dequeMapper/ram_reg_bram_7      | RAMB36E2  |  A:A:4096x9            |  B:B:4096x9            |                    |        SIGNAL |        READ_FIRST |      NONE |                    |        SIGNAL |       WRITE_FIRST |      LAST |
|  pifoEngines_1/deque_dequeMapper/ram_reg_bram_8      | RAMB36E2  |  A:A:4096x9            |  B:B:4096x9            |                    |        SIGNAL |        READ_FIRST |      NONE |                    |        SIGNAL |       WRITE_FIRST |     FIRST |
|  pifoEngines_1/deque_dequeMapper/ram_reg_bram_9      | RAMB36E2  |  A:A:4096x9            |  B:B:4096x9            |                    |        SIGNAL |        READ_FIRST |      NONE |                    |        SIGNAL |       WRITE_FIRST |    MIDDLE |
|  pifoEngines_1/deque_dequeMapper/ram_reg_bram_10     | RAMB36E2  |  A:A:4096x9            |  B:B:4096x9            |                    |        SIGNAL |        READ_FIRST |      NONE |                    |        SIGNAL |       WRITE_FIRST |    MIDDLE |
|  pifoEngines_1/deque_dequeMapper/ram_reg_bram_11     | RAMB36E2  |  A:A:4096x9            |  B:B:4096x9            |                    |        SIGNAL |        READ_FIRST |      NONE |                    |        SIGNAL |       WRITE_FIRST |    MIDDLE |
|  pifoEngines_1/deque_dequeMapper/ram_reg_bram_12     | RAMB36E2  |  A:A:4096x9            |  B:B:4096x9            |                    |        SIGNAL |        READ_FIRST |      NONE |                    |        SIGNAL |       WRITE_FIRST |    MIDDLE |
|  pifoEngines_1/deque_dequeMapper/ram_reg_bram_13     | RAMB36E2  |  A:A:4096x9            |  B:B:4096x9            |                    |        SIGNAL |        READ_FIRST |      NONE |                    |        SIGNAL |       WRITE_FIRST |    MIDDLE |
|  pifoEngines_1/deque_dequeMapper/ram_reg_bram_14     | RAMB36E2  |  A:A:4096x9            |  B:B:4096x9            |                    |        SIGNAL |        READ_FIRST |      NONE |                    |        SIGNAL |       WRITE_FIRST |    MIDDLE |
|  pifoEngines_1/deque_dequeMapper/ram_reg_bram_15     | RAMB36E2  |  A:A:4096x9            |  B:B:4096x9            |                    |        SIGNAL |        READ_FIRST |      NONE |                    |        SIGNAL |       WRITE_FIRST |      LAST |
|  pifoEngines_1/deque_dequeMapper/ram_reg_bram_16     | RAMB36E2  |  A:A:4096x9            |  B:B:4096x9            |                    |        SIGNAL |        READ_FIRST |      NONE |                    |        SIGNAL |       WRITE_FIRST |     FIRST |
|  pifoEngines_1/deque_dequeMapper/ram_reg_bram_17     | RAMB36E2  |  A:A:4096x9            |  B:B:4096x9            |                    |        SIGNAL |        READ_FIRST |      NONE |                    |        SIGNAL |       WRITE_FIRST |    MIDDLE |
|  pifoEngines_1/deque_dequeMapper/ram_reg_bram_18     | RAMB36E2  |  A:A:4096x9            |  B:B:4096x9            |                    |        SIGNAL |        READ_FIRST |      NONE |                    |        SIGNAL |       WRITE_FIRST |    MIDDLE |
|  pifoEngines_1/deque_dequeMapper/ram_reg_bram_19     | RAMB36E2  |  A:A:4096x9            |  B:B:4096x9            |                    |        SIGNAL |        READ_FIRST |      NONE |                    |        SIGNAL |       WRITE_FIRST |    MIDDLE |
|  pifoEngines_1/deque_dequeMapper/ram_reg_bram_20     | RAMB36E2  |  A:A:4096x9            |  B:B:4096x9            |                    |        SIGNAL |        READ_FIRST |      NONE |                    |        SIGNAL |       WRITE_FIRST |    MIDDLE |
|  pifoEngines_1/deque_dequeMapper/ram_reg_bram_21     | RAMB36E2  |  A:A:4096x9            |  B:B:4096x9            |                    |        SIGNAL |        READ_FIRST |      NONE |                    |        SIGNAL |       WRITE_FIRST |    MIDDLE |
|  pifoEngines_1/deque_dequeMapper/ram_reg_bram_22     | RAMB36E2  |  A:A:4096x9            |  B:B:4096x9            |                    |        SIGNAL |        READ_FIRST |      NONE |                    |        SIGNAL |       WRITE_FIRST |    MIDDLE |
|  pifoEngines_1/deque_dequeMapper/ram_reg_bram_23     | RAMB36E2  |  A:A:4096x9            |  B:B:4096x9            |                    |        SIGNAL |        READ_FIRST |      NONE |                    |        SIGNAL |       WRITE_FIRST |      LAST |
|  pifoEngines_1/deque_dequeMapper/ram_reg_bram_24     | RAMB36E2  |  A:A:4096x9            |  B:B:4096x9            |                    |        SIGNAL |        READ_FIRST |      NONE |                    |        SIGNAL |       WRITE_FIRST |     FIRST |
|  pifoEngines_1/deque_dequeMapper/ram_reg_bram_25     | RAMB36E2  |  A:A:4096x9            |  B:B:4096x9            |                    |        SIGNAL |        READ_FIRST |      NONE |                    |        SIGNAL |       WRITE_FIRST |    MIDDLE |
|  pifoEngines_1/deque_dequeMapper/ram_reg_bram_26     | RAMB36E2  |  A:A:4096x9            |  B:B:4096x9            |                    |        SIGNAL |        READ_FIRST |      NONE |                    |        SIGNAL |       WRITE_FIRST |    MIDDLE |
|  pifoEngines_1/deque_dequeMapper/ram_reg_bram_27     | RAMB36E2  |  A:A:4096x9            |  B:B:4096x9            |                    |        SIGNAL |        READ_FIRST |      NONE |                    |        SIGNAL |       WRITE_FIRST |    MIDDLE |
|  pifoEngines_1/deque_dequeMapper/ram_reg_bram_28     | RAMB36E2  |  A:A:4096x9            |  B:B:4096x9            |                    |        SIGNAL |        READ_FIRST |      NONE |                    |        SIGNAL |       WRITE_FIRST |    MIDDLE |
|  pifoEngines_1/deque_dequeMapper/ram_reg_bram_29     | RAMB36E2  |  A:A:4096x9            |  B:B:4096x9            |                    |        SIGNAL |        READ_FIRST |      NONE |                    |        SIGNAL |       WRITE_FIRST |    MIDDLE |
|  pifoEngines_1/deque_dequeMapper/ram_reg_bram_30     | RAMB36E2  |  A:A:4096x9            |  B:B:4096x9            |                    |        SIGNAL |        READ_FIRST |      NONE |                    |        SIGNAL |       WRITE_FIRST |    MIDDLE |
|  pifoEngines_1/deque_dequeMapper/ram_reg_bram_31     | RAMB36E2  |  A:A:4096x9            |  B:B:4096x9            |                    |        SIGNAL |        READ_FIRST |      NONE |                    |        SIGNAL |       WRITE_FIRST |      LAST |
|  pifoEngines_1/deque_dequeMapper/ram_reg_bram_32     | RAMB36E2  |  A:A:32768x1           |  B:B:32768x1           |                    |        SIGNAL |        READ_FIRST |      NONE |                    |        SIGNAL |       WRITE_FIRST |     FIRST |
|  pifoEngines_1/deque_dequeMapper/ram_reg_bram_33     | RAMB36E2  |  A:A:32768x1           |  B:B:32768x1           |                    |        SIGNAL |        READ_FIRST |      NONE |                    |        SIGNAL |       WRITE_FIRST |    MIDDLE |
|  pifoEngines_1/deque_dequeMapper/ram_reg_bram_34     | RAMB36E2  |  A:A:32768x1           |  B:B:32768x1           |                    |        SIGNAL |        READ_FIRST |      NONE |                    |        SIGNAL |       WRITE_FIRST |    MIDDLE |
|  pifoEngines_1/deque_dequeMapper/ram_reg_bram_35     | RAMB36E2  |  A:A:32768x1           |  B:B:32768x1           |                    |        SIGNAL |        READ_FIRST |      NONE |                    |        SIGNAL |       WRITE_FIRST |      LAST |
| pifoEngines_2/deque_dequeMapper/ram                  |           | 131072x10              | 131072x10              |                    |               |                   |           |                    |               |                   |           |
|  pifoEngines_2/deque_dequeMapper/ram_reg_bram_0      | RAMB36E2  |  A:A:4096x9            |  B:B:4096x9            |                    |        SIGNAL |        READ_FIRST |      NONE |                    |        SIGNAL |       WRITE_FIRST |     FIRST |
|  pifoEngines_2/deque_dequeMapper/ram_reg_bram_1      | RAMB36E2  |  A:A:4096x9            |  B:B:4096x9            |                    |        SIGNAL |        READ_FIRST |      NONE |                    |        SIGNAL |       WRITE_FIRST |    MIDDLE |
|  pifoEngines_2/deque_dequeMapper/ram_reg_bram_2      | RAMB36E2  |  A:A:4096x9            |  B:B:4096x9            |                    |        SIGNAL |        READ_FIRST |      NONE |                    |        SIGNAL |       WRITE_FIRST |    MIDDLE |
|  pifoEngines_2/deque_dequeMapper/ram_reg_bram_3      | RAMB36E2  |  A:A:4096x9            |  B:B:4096x9            |                    |        SIGNAL |        READ_FIRST |      NONE |                    |        SIGNAL |       WRITE_FIRST |    MIDDLE |
|  pifoEngines_2/deque_dequeMapper/ram_reg_bram_4      | RAMB36E2  |  A:A:4096x9            |  B:B:4096x9            |                    |        SIGNAL |        READ_FIRST |      NONE |                    |        SIGNAL |       WRITE_FIRST |    MIDDLE |
|  pifoEngines_2/deque_dequeMapper/ram_reg_bram_5      | RAMB36E2  |  A:A:4096x9            |  B:B:4096x9            |                    |        SIGNAL |        READ_FIRST |      NONE |                    |        SIGNAL |       WRITE_FIRST |    MIDDLE |
|  pifoEngines_2/deque_dequeMapper/ram_reg_bram_6      | RAMB36E2  |  A:A:4096x9            |  B:B:4096x9            |                    |        SIGNAL |        READ_FIRST |      NONE |                    |        SIGNAL |       WRITE_FIRST |    MIDDLE |
|  pifoEngines_2/deque_dequeMapper/ram_reg_bram_7      | RAMB36E2  |  A:A:4096x9            |  B:B:4096x9            |                    |        SIGNAL |        READ_FIRST |      NONE |                    |        SIGNAL |       WRITE_FIRST |      LAST |
|  pifoEngines_2/deque_dequeMapper/ram_reg_bram_8      | RAMB36E2  |  A:A:4096x9            |  B:B:4096x9            |                    |        SIGNAL |        READ_FIRST |      NONE |                    |        SIGNAL |       WRITE_FIRST |     FIRST |
|  pifoEngines_2/deque_dequeMapper/ram_reg_bram_9      | RAMB36E2  |  A:A:4096x9            |  B:B:4096x9            |                    |        SIGNAL |        READ_FIRST |      NONE |                    |        SIGNAL |       WRITE_FIRST |    MIDDLE |
|  pifoEngines_2/deque_dequeMapper/ram_reg_bram_10     | RAMB36E2  |  A:A:4096x9            |  B:B:4096x9            |                    |        SIGNAL |        READ_FIRST |      NONE |                    |        SIGNAL |       WRITE_FIRST |    MIDDLE |
|  pifoEngines_2/deque_dequeMapper/ram_reg_bram_11     | RAMB36E2  |  A:A:4096x9            |  B:B:4096x9            |                    |        SIGNAL |        READ_FIRST |      NONE |                    |        SIGNAL |       WRITE_FIRST |    MIDDLE |
|  pifoEngines_2/deque_dequeMapper/ram_reg_bram_12     | RAMB36E2  |  A:A:4096x9            |  B:B:4096x9            |                    |        SIGNAL |        READ_FIRST |      NONE |                    |        SIGNAL |       WRITE_FIRST |    MIDDLE |
|  pifoEngines_2/deque_dequeMapper/ram_reg_bram_13     | RAMB36E2  |  A:A:4096x9            |  B:B:4096x9            |                    |        SIGNAL |        READ_FIRST |      NONE |                    |        SIGNAL |       WRITE_FIRST |    MIDDLE |
|  pifoEngines_2/deque_dequeMapper/ram_reg_bram_14     | RAMB36E2  |  A:A:4096x9            |  B:B:4096x9            |                    |        SIGNAL |        READ_FIRST |      NONE |                    |        SIGNAL |       WRITE_FIRST |    MIDDLE |
|  pifoEngines_2/deque_dequeMapper/ram_reg_bram_15     | RAMB36E2  |  A:A:4096x9            |  B:B:4096x9            |                    |        SIGNAL |        READ_FIRST |      NONE |                    |        SIGNAL |       WRITE_FIRST |      LAST |
|  pifoEngines_2/deque_dequeMapper/ram_reg_bram_16     | RAMB36E2  |  A:A:4096x9            |  B:B:4096x9            |                    |        SIGNAL |        READ_FIRST |      NONE |                    |        SIGNAL |       WRITE_FIRST |     FIRST |
|  pifoEngines_2/deque_dequeMapper/ram_reg_bram_17     | RAMB36E2  |  A:A:4096x9            |  B:B:4096x9            |                    |        SIGNAL |        READ_FIRST |      NONE |                    |        SIGNAL |       WRITE_FIRST |    MIDDLE |
|  pifoEngines_2/deque_dequeMapper/ram_reg_bram_18     | RAMB36E2  |  A:A:4096x9            |  B:B:4096x9            |                    |        SIGNAL |        READ_FIRST |      NONE |                    |        SIGNAL |       WRITE_FIRST |    MIDDLE |
|  pifoEngines_2/deque_dequeMapper/ram_reg_bram_19     | RAMB36E2  |  A:A:4096x9            |  B:B:4096x9            |                    |        SIGNAL |        READ_FIRST |      NONE |                    |        SIGNAL |       WRITE_FIRST |    MIDDLE |
|  pifoEngines_2/deque_dequeMapper/ram_reg_bram_20     | RAMB36E2  |  A:A:4096x9            |  B:B:4096x9            |                    |        SIGNAL |        READ_FIRST |      NONE |                    |        SIGNAL |       WRITE_FIRST |    MIDDLE |
|  pifoEngines_2/deque_dequeMapper/ram_reg_bram_21     | RAMB36E2  |  A:A:4096x9            |  B:B:4096x9            |                    |        SIGNAL |        READ_FIRST |      NONE |                    |        SIGNAL |       WRITE_FIRST |    MIDDLE |
|  pifoEngines_2/deque_dequeMapper/ram_reg_bram_22     | RAMB36E2  |  A:A:4096x9            |  B:B:4096x9            |                    |        SIGNAL |        READ_FIRST |      NONE |                    |        SIGNAL |       WRITE_FIRST |    MIDDLE |
|  pifoEngines_2/deque_dequeMapper/ram_reg_bram_23     | RAMB36E2  |  A:A:4096x9            |  B:B:4096x9            |                    |        SIGNAL |        READ_FIRST |      NONE |                    |        SIGNAL |       WRITE_FIRST |      LAST |
|  pifoEngines_2/deque_dequeMapper/ram_reg_bram_24     | RAMB36E2  |  A:A:4096x9            |  B:B:4096x9            |                    |        SIGNAL |        READ_FIRST |      NONE |                    |        SIGNAL |       WRITE_FIRST |     FIRST |
|  pifoEngines_2/deque_dequeMapper/ram_reg_bram_25     | RAMB36E2  |  A:A:4096x9            |  B:B:4096x9            |                    |        SIGNAL |        READ_FIRST |      NONE |                    |        SIGNAL |       WRITE_FIRST |    MIDDLE |
|  pifoEngines_2/deque_dequeMapper/ram_reg_bram_26     | RAMB36E2  |  A:A:4096x9            |  B:B:4096x9            |                    |        SIGNAL |        READ_FIRST |      NONE |                    |        SIGNAL |       WRITE_FIRST |    MIDDLE |
|  pifoEngines_2/deque_dequeMapper/ram_reg_bram_27     | RAMB36E2  |  A:A:4096x9            |  B:B:4096x9            |                    |        SIGNAL |        READ_FIRST |      NONE |                    |        SIGNAL |       WRITE_FIRST |    MIDDLE |
|  pifoEngines_2/deque_dequeMapper/ram_reg_bram_28     | RAMB36E2  |  A:A:4096x9            |  B:B:4096x9            |                    |        SIGNAL |        READ_FIRST |      NONE |                    |        SIGNAL |       WRITE_FIRST |    MIDDLE |
|  pifoEngines_2/deque_dequeMapper/ram_reg_bram_29     | RAMB36E2  |  A:A:4096x9            |  B:B:4096x9            |                    |        SIGNAL |        READ_FIRST |      NONE |                    |        SIGNAL |       WRITE_FIRST |    MIDDLE |
|  pifoEngines_2/deque_dequeMapper/ram_reg_bram_30     | RAMB36E2  |  A:A:4096x9            |  B:B:4096x9            |                    |        SIGNAL |        READ_FIRST |      NONE |                    |        SIGNAL |       WRITE_FIRST |    MIDDLE |
|  pifoEngines_2/deque_dequeMapper/ram_reg_bram_31     | RAMB36E2  |  A:A:4096x9            |  B:B:4096x9            |                    |        SIGNAL |        READ_FIRST |      NONE |                    |        SIGNAL |       WRITE_FIRST |      LAST |
|  pifoEngines_2/deque_dequeMapper/ram_reg_bram_32     | RAMB36E2  |  A:A:32768x1           |  B:B:32768x1           |                    |        SIGNAL |        READ_FIRST |      NONE |                    |        SIGNAL |       WRITE_FIRST |     FIRST |
|  pifoEngines_2/deque_dequeMapper/ram_reg_bram_33     | RAMB36E2  |  A:A:32768x1           |  B:B:32768x1           |                    |        SIGNAL |        READ_FIRST |      NONE |                    |        SIGNAL |       WRITE_FIRST |    MIDDLE |
|  pifoEngines_2/deque_dequeMapper/ram_reg_bram_34     | RAMB36E2  |  A:A:32768x1           |  B:B:32768x1           |                    |        SIGNAL |        READ_FIRST |      NONE |                    |        SIGNAL |       WRITE_FIRST |    MIDDLE |
|  pifoEngines_2/deque_dequeMapper/ram_reg_bram_35     | RAMB36E2  |  A:A:32768x1           |  B:B:32768x1           |                    |        SIGNAL |        READ_FIRST |      NONE |                    |        SIGNAL |       WRITE_FIRST |      LAST |
| pifoEngines_3/deque_dequeMapper/ram                  |           | 131072x10              | 131072x10              |                    |               |                   |           |                    |               |                   |           |
|  pifoEngines_3/deque_dequeMapper/ram_reg_bram_0      | RAMB36E2  |  A:A:4096x9            |  B:B:4096x9            |                    |        SIGNAL |        READ_FIRST |      NONE |                    |        SIGNAL |       WRITE_FIRST |     FIRST |
|  pifoEngines_3/deque_dequeMapper/ram_reg_bram_1      | RAMB36E2  |  A:A:4096x9            |  B:B:4096x9            |                    |        SIGNAL |        READ_FIRST |      NONE |                    |        SIGNAL |       WRITE_FIRST |    MIDDLE |
|  pifoEngines_3/deque_dequeMapper/ram_reg_bram_2      | RAMB36E2  |  A:A:4096x9            |  B:B:4096x9            |                    |        SIGNAL |        READ_FIRST |      NONE |                    |        SIGNAL |       WRITE_FIRST |    MIDDLE |
|  pifoEngines_3/deque_dequeMapper/ram_reg_bram_3      | RAMB36E2  |  A:A:4096x9            |  B:B:4096x9            |                    |        SIGNAL |        READ_FIRST |      NONE |                    |        SIGNAL |       WRITE_FIRST |    MIDDLE |
|  pifoEngines_3/deque_dequeMapper/ram_reg_bram_4      | RAMB36E2  |  A:A:4096x9            |  B:B:4096x9            |                    |        SIGNAL |        READ_FIRST |      NONE |                    |        SIGNAL |       WRITE_FIRST |    MIDDLE |
|  pifoEngines_3/deque_dequeMapper/ram_reg_bram_5      | RAMB36E2  |  A:A:4096x9            |  B:B:4096x9            |                    |        SIGNAL |        READ_FIRST |      NONE |                    |        SIGNAL |       WRITE_FIRST |    MIDDLE |
|  pifoEngines_3/deque_dequeMapper/ram_reg_bram_6      | RAMB36E2  |  A:A:4096x9            |  B:B:4096x9            |                    |        SIGNAL |        READ_FIRST |      NONE |                    |        SIGNAL |       WRITE_FIRST |    MIDDLE |
|  pifoEngines_3/deque_dequeMapper/ram_reg_bram_7      | RAMB36E2  |  A:A:4096x9            |  B:B:4096x9            |                    |        SIGNAL |        READ_FIRST |      NONE |                    |        SIGNAL |       WRITE_FIRST |      LAST |
|  pifoEngines_3/deque_dequeMapper/ram_reg_bram_8      | RAMB36E2  |  A:A:4096x9            |  B:B:4096x9            |                    |        SIGNAL |        READ_FIRST |      NONE |                    |        SIGNAL |       WRITE_FIRST |     FIRST |
|  pifoEngines_3/deque_dequeMapper/ram_reg_bram_9      | RAMB36E2  |  A:A:4096x9            |  B:B:4096x9            |                    |        SIGNAL |        READ_FIRST |      NONE |                    |        SIGNAL |       WRITE_FIRST |    MIDDLE |
|  pifoEngines_3/deque_dequeMapper/ram_reg_bram_10     | RAMB36E2  |  A:A:4096x9            |  B:B:4096x9            |                    |        SIGNAL |        READ_FIRST |      NONE |                    |        SIGNAL |       WRITE_FIRST |    MIDDLE |
|  pifoEngines_3/deque_dequeMapper/ram_reg_bram_11     | RAMB36E2  |  A:A:4096x9            |  B:B:4096x9            |                    |        SIGNAL |        READ_FIRST |      NONE |                    |        SIGNAL |       WRITE_FIRST |    MIDDLE |
|  pifoEngines_3/deque_dequeMapper/ram_reg_bram_12     | RAMB36E2  |  A:A:4096x9            |  B:B:4096x9            |                    |        SIGNAL |        READ_FIRST |      NONE |                    |        SIGNAL |       WRITE_FIRST |    MIDDLE |
|  pifoEngines_3/deque_dequeMapper/ram_reg_bram_13     | RAMB36E2  |  A:A:4096x9            |  B:B:4096x9            |                    |        SIGNAL |        READ_FIRST |      NONE |                    |        SIGNAL |       WRITE_FIRST |    MIDDLE |
|  pifoEngines_3/deque_dequeMapper/ram_reg_bram_14     | RAMB36E2  |  A:A:4096x9            |  B:B:4096x9            |                    |        SIGNAL |        READ_FIRST |      NONE |                    |        SIGNAL |       WRITE_FIRST |    MIDDLE |
|  pifoEngines_3/deque_dequeMapper/ram_reg_bram_15     | RAMB36E2  |  A:A:4096x9            |  B:B:4096x9            |                    |        SIGNAL |        READ_FIRST |      NONE |                    |        SIGNAL |       WRITE_FIRST |      LAST |
|  pifoEngines_3/deque_dequeMapper/ram_reg_bram_16     | RAMB36E2  |  A:A:4096x9            |  B:B:4096x9            |                    |        SIGNAL |        READ_FIRST |      NONE |                    |        SIGNAL |       WRITE_FIRST |     FIRST |
|  pifoEngines_3/deque_dequeMapper/ram_reg_bram_17     | RAMB36E2  |  A:A:4096x9            |  B:B:4096x9            |                    |        SIGNAL |        READ_FIRST |      NONE |                    |        SIGNAL |       WRITE_FIRST |    MIDDLE |
|  pifoEngines_3/deque_dequeMapper/ram_reg_bram_18     | RAMB36E2  |  A:A:4096x9            |  B:B:4096x9            |                    |        SIGNAL |        READ_FIRST |      NONE |                    |        SIGNAL |       WRITE_FIRST |    MIDDLE |
|  pifoEngines_3/deque_dequeMapper/ram_reg_bram_19     | RAMB36E2  |  A:A:4096x9            |  B:B:4096x9            |                    |        SIGNAL |        READ_FIRST |      NONE |                    |        SIGNAL |       WRITE_FIRST |    MIDDLE |
|  pifoEngines_3/deque_dequeMapper/ram_reg_bram_20     | RAMB36E2  |  A:A:4096x9            |  B:B:4096x9            |                    |        SIGNAL |        READ_FIRST |      NONE |                    |        SIGNAL |       WRITE_FIRST |    MIDDLE |
|  pifoEngines_3/deque_dequeMapper/ram_reg_bram_21     | RAMB36E2  |  A:A:4096x9            |  B:B:4096x9            |                    |        SIGNAL |        READ_FIRST |      NONE |                    |        SIGNAL |       WRITE_FIRST |    MIDDLE |
|  pifoEngines_3/deque_dequeMapper/ram_reg_bram_22     | RAMB36E2  |  A:A:4096x9            |  B:B:4096x9            |                    |        SIGNAL |        READ_FIRST |      NONE |                    |        SIGNAL |       WRITE_FIRST |    MIDDLE |
|  pifoEngines_3/deque_dequeMapper/ram_reg_bram_23     | RAMB36E2  |  A:A:4096x9            |  B:B:4096x9            |                    |        SIGNAL |        READ_FIRST |      NONE |                    |        SIGNAL |       WRITE_FIRST |      LAST |
|  pifoEngines_3/deque_dequeMapper/ram_reg_bram_24     | RAMB36E2  |  A:A:4096x9            |  B:B:4096x9            |                    |        SIGNAL |        READ_FIRST |      NONE |                    |        SIGNAL |       WRITE_FIRST |     FIRST |
|  pifoEngines_3/deque_dequeMapper/ram_reg_bram_25     | RAMB36E2  |  A:A:4096x9            |  B:B:4096x9            |                    |        SIGNAL |        READ_FIRST |      NONE |                    |        SIGNAL |       WRITE_FIRST |    MIDDLE |
|  pifoEngines_3/deque_dequeMapper/ram_reg_bram_26     | RAMB36E2  |  A:A:4096x9            |  B:B:4096x9            |                    |        SIGNAL |        READ_FIRST |      NONE |                    |        SIGNAL |       WRITE_FIRST |    MIDDLE |
|  pifoEngines_3/deque_dequeMapper/ram_reg_bram_27     | RAMB36E2  |  A:A:4096x9            |  B:B:4096x9            |                    |        SIGNAL |        READ_FIRST |      NONE |                    |        SIGNAL |       WRITE_FIRST |    MIDDLE |
|  pifoEngines_3/deque_dequeMapper/ram_reg_bram_28     | RAMB36E2  |  A:A:4096x9            |  B:B:4096x9            |                    |        SIGNAL |        READ_FIRST |      NONE |                    |        SIGNAL |       WRITE_FIRST |    MIDDLE |
|  pifoEngines_3/deque_dequeMapper/ram_reg_bram_29     | RAMB36E2  |  A:A:4096x9            |  B:B:4096x9            |                    |        SIGNAL |        READ_FIRST |      NONE |                    |        SIGNAL |       WRITE_FIRST |    MIDDLE |
|  pifoEngines_3/deque_dequeMapper/ram_reg_bram_30     | RAMB36E2  |  A:A:4096x9            |  B:B:4096x9            |                    |        SIGNAL |        READ_FIRST |      NONE |                    |        SIGNAL |       WRITE_FIRST |    MIDDLE |
|  pifoEngines_3/deque_dequeMapper/ram_reg_bram_31     | RAMB36E2  |  A:A:4096x9            |  B:B:4096x9            |                    |        SIGNAL |        READ_FIRST |      NONE |                    |        SIGNAL |       WRITE_FIRST |      LAST |
|  pifoEngines_3/deque_dequeMapper/ram_reg_bram_32     | RAMB36E2  |  A:A:32768x1           |  B:B:32768x1           |                    |        SIGNAL |        READ_FIRST |      NONE |                    |        SIGNAL |       WRITE_FIRST |     FIRST |
|  pifoEngines_3/deque_dequeMapper/ram_reg_bram_33     | RAMB36E2  |  A:A:32768x1           |  B:B:32768x1           |                    |        SIGNAL |        READ_FIRST |      NONE |                    |        SIGNAL |       WRITE_FIRST |    MIDDLE |
|  pifoEngines_3/deque_dequeMapper/ram_reg_bram_34     | RAMB36E2  |  A:A:32768x1           |  B:B:32768x1           |                    |        SIGNAL |        READ_FIRST |      NONE |                    |        SIGNAL |       WRITE_FIRST |    MIDDLE |
|  pifoEngines_3/deque_dequeMapper/ram_reg_bram_35     | RAMB36E2  |  A:A:32768x1           |  B:B:32768x1           |                    |        SIGNAL |        READ_FIRST |      NONE |                    |        SIGNAL |       WRITE_FIRST |      LAST |
| pifoEngines_4/deque_dequeMapper/ram                  |           | 131072x10              | 131072x10              |                    |               |                   |           |                    |               |                   |           |
|  pifoEngines_4/deque_dequeMapper/ram_reg_bram_0      | RAMB36E2  |  A:A:4096x9            |  B:B:4096x9            |                    |        SIGNAL |        READ_FIRST |      NONE |                    |        SIGNAL |       WRITE_FIRST |     FIRST |
|  pifoEngines_4/deque_dequeMapper/ram_reg_bram_1      | RAMB36E2  |  A:A:4096x9            |  B:B:4096x9            |                    |        SIGNAL |        READ_FIRST |      NONE |                    |        SIGNAL |       WRITE_FIRST |    MIDDLE |
|  pifoEngines_4/deque_dequeMapper/ram_reg_bram_2      | RAMB36E2  |  A:A:4096x9            |  B:B:4096x9            |                    |        SIGNAL |        READ_FIRST |      NONE |                    |        SIGNAL |       WRITE_FIRST |    MIDDLE |
|  pifoEngines_4/deque_dequeMapper/ram_reg_bram_3      | RAMB36E2  |  A:A:4096x9            |  B:B:4096x9            |                    |        SIGNAL |        READ_FIRST |      NONE |                    |        SIGNAL |       WRITE_FIRST |    MIDDLE |
|  pifoEngines_4/deque_dequeMapper/ram_reg_bram_4      | RAMB36E2  |  A:A:4096x9            |  B:B:4096x9            |                    |        SIGNAL |        READ_FIRST |      NONE |                    |        SIGNAL |       WRITE_FIRST |    MIDDLE |
|  pifoEngines_4/deque_dequeMapper/ram_reg_bram_5      | RAMB36E2  |  A:A:4096x9            |  B:B:4096x9            |                    |        SIGNAL |        READ_FIRST |      NONE |                    |        SIGNAL |       WRITE_FIRST |    MIDDLE |
|  pifoEngines_4/deque_dequeMapper/ram_reg_bram_6      | RAMB36E2  |  A:A:4096x9            |  B:B:4096x9            |                    |        SIGNAL |        READ_FIRST |      NONE |                    |        SIGNAL |       WRITE_FIRST |    MIDDLE |
|  pifoEngines_4/deque_dequeMapper/ram_reg_bram_7      | RAMB36E2  |  A:A:4096x9            |  B:B:4096x9            |                    |        SIGNAL |        READ_FIRST |      NONE |                    |        SIGNAL |       WRITE_FIRST |      LAST |
|  pifoEngines_4/deque_dequeMapper/ram_reg_bram_8      | RAMB36E2  |  A:A:4096x9            |  B:B:4096x9            |                    |        SIGNAL |        READ_FIRST |      NONE |                    |        SIGNAL |       WRITE_FIRST |     FIRST |
|  pifoEngines_4/deque_dequeMapper/ram_reg_bram_9      | RAMB36E2  |  A:A:4096x9            |  B:B:4096x9            |                    |        SIGNAL |        READ_FIRST |      NONE |                    |        SIGNAL |       WRITE_FIRST |    MIDDLE |
|  pifoEngines_4/deque_dequeMapper/ram_reg_bram_10     | RAMB36E2  |  A:A:4096x9            |  B:B:4096x9            |                    |        SIGNAL |        READ_FIRST |      NONE |                    |        SIGNAL |       WRITE_FIRST |    MIDDLE |
|  pifoEngines_4/deque_dequeMapper/ram_reg_bram_11     | RAMB36E2  |  A:A:4096x9            |  B:B:4096x9            |                    |        SIGNAL |        READ_FIRST |      NONE |                    |        SIGNAL |       WRITE_FIRST |    MIDDLE |
|  pifoEngines_4/deque_dequeMapper/ram_reg_bram_12     | RAMB36E2  |  A:A:4096x9            |  B:B:4096x9            |                    |        SIGNAL |        READ_FIRST |      NONE |                    |        SIGNAL |       WRITE_FIRST |    MIDDLE |
|  pifoEngines_4/deque_dequeMapper/ram_reg_bram_13     | RAMB36E2  |  A:A:4096x9            |  B:B:4096x9            |                    |        SIGNAL |        READ_FIRST |      NONE |                    |        SIGNAL |       WRITE_FIRST |    MIDDLE |
|  pifoEngines_4/deque_dequeMapper/ram_reg_bram_14     | RAMB36E2  |  A:A:4096x9            |  B:B:4096x9            |                    |        SIGNAL |        READ_FIRST |      NONE |                    |        SIGNAL |       WRITE_FIRST |    MIDDLE |
|  pifoEngines_4/deque_dequeMapper/ram_reg_bram_15     | RAMB36E2  |  A:A:4096x9            |  B:B:4096x9            |                    |        SIGNAL |        READ_FIRST |      NONE |                    |        SIGNAL |       WRITE_FIRST |      LAST |
|  pifoEngines_4/deque_dequeMapper/ram_reg_bram_16     | RAMB36E2  |  A:A:4096x9            |  B:B:4096x9            |                    |        SIGNAL |        READ_FIRST |      NONE |                    |        SIGNAL |       WRITE_FIRST |     FIRST |
|  pifoEngines_4/deque_dequeMapper/ram_reg_bram_17     | RAMB36E2  |  A:A:4096x9            |  B:B:4096x9            |                    |        SIGNAL |        READ_FIRST |      NONE |                    |        SIGNAL |       WRITE_FIRST |    MIDDLE |
|  pifoEngines_4/deque_dequeMapper/ram_reg_bram_18     | RAMB36E2  |  A:A:4096x9            |  B:B:4096x9            |                    |        SIGNAL |        READ_FIRST |      NONE |                    |        SIGNAL |       WRITE_FIRST |    MIDDLE |
|  pifoEngines_4/deque_dequeMapper/ram_reg_bram_19     | RAMB36E2  |  A:A:4096x9            |  B:B:4096x9            |                    |        SIGNAL |        READ_FIRST |      NONE |                    |        SIGNAL |       WRITE_FIRST |    MIDDLE |
|  pifoEngines_4/deque_dequeMapper/ram_reg_bram_20     | RAMB36E2  |  A:A:4096x9            |  B:B:4096x9            |                    |        SIGNAL |        READ_FIRST |      NONE |                    |        SIGNAL |       WRITE_FIRST |    MIDDLE |
|  pifoEngines_4/deque_dequeMapper/ram_reg_bram_21     | RAMB36E2  |  A:A:4096x9            |  B:B:4096x9            |                    |        SIGNAL |        READ_FIRST |      NONE |                    |        SIGNAL |       WRITE_FIRST |    MIDDLE |
|  pifoEngines_4/deque_dequeMapper/ram_reg_bram_22     | RAMB36E2  |  A:A:4096x9            |  B:B:4096x9            |                    |        SIGNAL |        READ_FIRST |      NONE |                    |        SIGNAL |       WRITE_FIRST |    MIDDLE |
|  pifoEngines_4/deque_dequeMapper/ram_reg_bram_23     | RAMB36E2  |  A:A:4096x9            |  B:B:4096x9            |                    |        SIGNAL |        READ_FIRST |      NONE |                    |        SIGNAL |       WRITE_FIRST |      LAST |
|  pifoEngines_4/deque_dequeMapper/ram_reg_bram_24     | RAMB36E2  |  A:A:4096x9            |  B:B:4096x9            |                    |        SIGNAL |        READ_FIRST |      NONE |                    |        SIGNAL |       WRITE_FIRST |     FIRST |
|  pifoEngines_4/deque_dequeMapper/ram_reg_bram_25     | RAMB36E2  |  A:A:4096x9            |  B:B:4096x9            |                    |        SIGNAL |        READ_FIRST |      NONE |                    |        SIGNAL |       WRITE_FIRST |    MIDDLE |
|  pifoEngines_4/deque_dequeMapper/ram_reg_bram_26     | RAMB36E2  |  A:A:4096x9            |  B:B:4096x9            |                    |        SIGNAL |        READ_FIRST |      NONE |                    |        SIGNAL |       WRITE_FIRST |    MIDDLE |
|  pifoEngines_4/deque_dequeMapper/ram_reg_bram_27     | RAMB36E2  |  A:A:4096x9            |  B:B:4096x9            |                    |        SIGNAL |        READ_FIRST |      NONE |                    |        SIGNAL |       WRITE_FIRST |    MIDDLE |
|  pifoEngines_4/deque_dequeMapper/ram_reg_bram_28     | RAMB36E2  |  A:A:4096x9            |  B:B:4096x9            |                    |        SIGNAL |        READ_FIRST |      NONE |                    |        SIGNAL |       WRITE_FIRST |    MIDDLE |
|  pifoEngines_4/deque_dequeMapper/ram_reg_bram_29     | RAMB36E2  |  A:A:4096x9            |  B:B:4096x9            |                    |        SIGNAL |        READ_FIRST |      NONE |                    |        SIGNAL |       WRITE_FIRST |    MIDDLE |
|  pifoEngines_4/deque_dequeMapper/ram_reg_bram_30     | RAMB36E2  |  A:A:4096x9            |  B:B:4096x9            |                    |        SIGNAL |        READ_FIRST |      NONE |                    |        SIGNAL |       WRITE_FIRST |    MIDDLE |
|  pifoEngines_4/deque_dequeMapper/ram_reg_bram_31     | RAMB36E2  |  A:A:4096x9            |  B:B:4096x9            |                    |        SIGNAL |        READ_FIRST |      NONE |                    |        SIGNAL |       WRITE_FIRST |      LAST |
|  pifoEngines_4/deque_dequeMapper/ram_reg_bram_32     | RAMB36E2  |  A:A:32768x1           |  B:B:32768x1           |                    |        SIGNAL |        READ_FIRST |      NONE |                    |        SIGNAL |       WRITE_FIRST |     FIRST |
|  pifoEngines_4/deque_dequeMapper/ram_reg_bram_33     | RAMB36E2  |  A:A:32768x1           |  B:B:32768x1           |                    |        SIGNAL |        READ_FIRST |      NONE |                    |        SIGNAL |       WRITE_FIRST |    MIDDLE |
|  pifoEngines_4/deque_dequeMapper/ram_reg_bram_34     | RAMB36E2  |  A:A:32768x1           |  B:B:32768x1           |                    |        SIGNAL |        READ_FIRST |      NONE |                    |        SIGNAL |       WRITE_FIRST |    MIDDLE |
|  pifoEngines_4/deque_dequeMapper/ram_reg_bram_35     | RAMB36E2  |  A:A:32768x1           |  B:B:32768x1           |                    |        SIGNAL |        READ_FIRST |      NONE |                    |        SIGNAL |       WRITE_FIRST |      LAST |
| io_controlRequest_fifo/logic_ram                     |           | 512x55                 | 512x55                 |                    |               |                   |           |                    |               |                   |           |
|  io_controlRequest_fifo/logic_ram_reg                | RAMB36E2  |  B:B:256x55            |  A:A:256x55            |                    |        SIGNAL |        READ_FIRST |      NONE |                    |        SIGNAL |        READ_FIRST |      NONE |
+------------------------------------------------------+-----------+------------------------+------------------------+--------------------+---------------+-------------------+-----------+--------------------+---------------+-------------------+-----------+


