Info (22747): Value AUTO_DISCOVERY for QSF Assignment PWRMGT_VOLTAGE_OUTPUT_FORMAT is not supported. Hence changing the value to LINEAR_FORMAT
Info: *******************************************************************
Info: Running Quartus Prime Synthesis
    Info: Version 25.3.1 Build 100 12/19/2025 SC Pro Edition
    Info: Copyright (C) 2025  Altera Corporation. All rights reserved.
    Info: Your use of Altera Corporation's design tools, logic functions 
    Info: and other software and tools, and any partner logic 
    Info: functions, and any output files from any of the foregoing 
    Info: (including device programming or simulation files), and any 
    Info: associated documentation or information are expressly subject 
    Info: to the terms and conditions of the Altera Program License 
    Info: Subscription Agreement, the Altera Quartus Prime License Agreement,
    Info: the Altera IP License Agreement, or other applicable license
    Info: agreement, including, without limitation, that your use is for
    Info: the sole purpose of programming logic devices manufactured by
    Info: Altera and sold by Altera or its authorized distributors.  Please
    Info: refer to the Altera Software License Subscription Agreements 
    Info: on the Quartus Prime software download page.
    Info: Processing started: Sun Sep  6 22:47:24 2026
    Info: System process ID: 288635
Info: Command: quartus_syn pifo
Info: qis_default_flow_script.tcl version: #2
Info: Initializing Synthesis...
Info: Project = "pifo"
Info: Revision = "pifo"
Info (21958): Initialized Quartus Message Database
Info: Analyzing source files
Critical Warning (20759): Use the Reset Release IP in Agilex 7 designs to ensure a successful configuration. For more information about the Reset Release IP, refer to the Configuration User Guide.
Info: Elaborating from top-level entity "PifoMesh"
Info (22567): Verilog HDL info at PifoMesh.v(151291): extracting RAM for identifier 'logic_ram' File: /data/work/rio-synthesis/hardware-overhead/pe5-v128-c1024-dynamic-quartus/rtl/PifoMesh.v Line: 151291
Info (22567): Verilog HDL info at PifoMesh.v(20641): extracting RAM for identifier 'banks_0' File: /data/work/rio-synthesis/hardware-overhead/pe5-v128-c1024-dynamic-quartus/rtl/PifoMesh.v Line: 20641
Info (22567): Verilog HDL info at PifoMesh.v(20642): extracting RAM for identifier 'banks_1' File: /data/work/rio-synthesis/hardware-overhead/pe5-v128-c1024-dynamic-quartus/rtl/PifoMesh.v Line: 20642
Info (25395): Verilog HDL info at PifoMesh.v(20649): readmemb: reading from file 'PifoMesh.v_toplevel_pifoEngines_0_enque_enqueMapper_banks_0.bin' File: /data/work/rio-synthesis/hardware-overhead/pe5-v128-c1024-dynamic-quartus/rtl/PifoMesh.v Line: 20649
Info (25395): Verilog HDL info at PifoMesh.v(20670): readmemb: reading from file 'PifoMesh.v_toplevel_pifoEngines_0_enque_enqueMapper_banks_1.bin' File: /data/work/rio-synthesis/hardware-overhead/pe5-v128-c1024-dynamic-quartus/rtl/PifoMesh.v Line: 20670
Info (22567): Verilog HDL info at PifoMesh.v(151136): extracting RAM for identifier 'logic_ram' File: /data/work/rio-synthesis/hardware-overhead/pe5-v128-c1024-dynamic-quartus/rtl/PifoMesh.v Line: 151136
Info (22567): Verilog HDL info at PifoMesh.v(150931): extracting RAM for identifier 'ram' File: /data/work/rio-synthesis/hardware-overhead/pe5-v128-c1024-dynamic-quartus/rtl/PifoMesh.v Line: 150931
Info (25395): Verilog HDL info at PifoMesh.v(150936): readmemb: reading from file 'PifoMesh.v_toplevel_pifoEngines_0_enque_brain_engineMapper_ram.bin' File: /data/work/rio-synthesis/hardware-overhead/pe5-v128-c1024-dynamic-quartus/rtl/PifoMesh.v Line: 150936
Info (22567): Verilog HDL info at PifoMesh.v(150878): extracting RAM for identifier 'ram' File: /data/work/rio-synthesis/hardware-overhead/pe5-v128-c1024-dynamic-quartus/rtl/PifoMesh.v Line: 150878
Info (25395): Verilog HDL info at PifoMesh.v(150883): readmemb: reading from file 'PifoMesh.v_toplevel_pifoEngines_0_enque_brain_lastVirtualMapper_ram.bin' File: /data/work/rio-synthesis/hardware-overhead/pe5-v128-c1024-dynamic-quartus/rtl/PifoMesh.v Line: 150883
Info (22567): Verilog HDL info at PifoMesh.v(150825): extracting RAM for identifier 'ram' File: /data/work/rio-synthesis/hardware-overhead/pe5-v128-c1024-dynamic-quartus/rtl/PifoMesh.v Line: 150825
Info (25395): Verilog HDL info at PifoMesh.v(150830): readmemb: reading from file 'PifoMesh.v_toplevel_pifoEngines_0_enque_brain_engineCAM_ram.bin' File: /data/work/rio-synthesis/hardware-overhead/pe5-v128-c1024-dynamic-quartus/rtl/PifoMesh.v Line: 150830
Info (22567): Verilog HDL info at PifoMesh.v(152142): extracting RAM for identifier 'logic_ram' File: /data/work/rio-synthesis/hardware-overhead/pe5-v128-c1024-dynamic-quartus/rtl/PifoMesh.v Line: 152142
Info (22567): Verilog HDL info at PifoMesh.v(150654): extracting RAM for identifier 'ram' File: /data/work/rio-synthesis/hardware-overhead/pe5-v128-c1024-dynamic-quartus/rtl/PifoMesh.v Line: 150654
Info (25395): Verilog HDL info at PifoMesh.v(150659): readmemb: reading from file 'PifoMesh.v_toplevel_pifoEngines_0_enque_brain_brainStateMem_ram.bin' File: /data/work/rio-synthesis/hardware-overhead/pe5-v128-c1024-dynamic-quartus/rtl/PifoMesh.v Line: 150659
Info (22567): Verilog HDL info at PifoMesh.v(151997): extracting RAM for identifier 'logic_ram' File: /data/work/rio-synthesis/hardware-overhead/pe5-v128-c1024-dynamic-quartus/rtl/PifoMesh.v Line: 151997
Info (22567): Verilog HDL info at PifoMesh.v(151863): extracting RAM for identifier 'logic_ram' File: /data/work/rio-synthesis/hardware-overhead/pe5-v128-c1024-dynamic-quartus/rtl/PifoMesh.v Line: 151863
Info (22567): Verilog HDL info at PifoMesh.v(151735): extracting RAM for identifier 'logic_ram' File: /data/work/rio-synthesis/hardware-overhead/pe5-v128-c1024-dynamic-quartus/rtl/PifoMesh.v Line: 151735
Info (22567): Verilog HDL info at PifoMesh.v(151605): extracting RAM for identifier 'logic_ram' File: /data/work/rio-synthesis/hardware-overhead/pe5-v128-c1024-dynamic-quartus/rtl/PifoMesh.v Line: 151605
Info (22567): Verilog HDL info at PifoMesh.v(151466): extracting RAM for identifier 'logic_ram' File: /data/work/rio-synthesis/hardware-overhead/pe5-v128-c1024-dynamic-quartus/rtl/PifoMesh.v Line: 151466
Info (22567): Verilog HDL info at PifoMesh.v(19381): extracting RAM for identifier 'banks_0' File: /data/work/rio-synthesis/hardware-overhead/pe5-v128-c1024-dynamic-quartus/rtl/PifoMesh.v Line: 19381
Info (22567): Verilog HDL info at PifoMesh.v(19382): extracting RAM for identifier 'banks_1' File: /data/work/rio-synthesis/hardware-overhead/pe5-v128-c1024-dynamic-quartus/rtl/PifoMesh.v Line: 19382
Info (25395): Verilog HDL info at PifoMesh.v(19389): readmemb: reading from file 'PifoMesh.v_toplevel_pifoEngines_0_deque_dequeMapper_banks_0.bin' File: /data/work/rio-synthesis/hardware-overhead/pe5-v128-c1024-dynamic-quartus/rtl/PifoMesh.v Line: 19389
Info (25395): Verilog HDL info at PifoMesh.v(19410): readmemb: reading from file 'PifoMesh.v_toplevel_pifoEngines_0_deque_dequeMapper_banks_1.bin' File: /data/work/rio-synthesis/hardware-overhead/pe5-v128-c1024-dynamic-quartus/rtl/PifoMesh.v Line: 19410
Info (22567): Verilog HDL info at PifoMesh.v(150055): extracting RAM for identifier 'logic_ram' File: /data/work/rio-synthesis/hardware-overhead/pe5-v128-c1024-dynamic-quartus/rtl/PifoMesh.v Line: 150055
Info (22567): Verilog HDL info at PifoMesh.v(12321): extracting RAM for identifier 'banks_0' File: /data/work/rio-synthesis/hardware-overhead/pe5-v128-c1024-dynamic-quartus/rtl/PifoMesh.v Line: 12321
Info (22567): Verilog HDL info at PifoMesh.v(12322): extracting RAM for identifier 'banks_1' File: /data/work/rio-synthesis/hardware-overhead/pe5-v128-c1024-dynamic-quartus/rtl/PifoMesh.v Line: 12322
Info (25395): Verilog HDL info at PifoMesh.v(12329): readmemb: reading from file 'PifoMesh.v_toplevel_pifoEngines_1_enque_enqueMapper_banks_0.bin' File: /data/work/rio-synthesis/hardware-overhead/pe5-v128-c1024-dynamic-quartus/rtl/PifoMesh.v Line: 12329
Info (25395): Verilog HDL info at PifoMesh.v(12350): readmemb: reading from file 'PifoMesh.v_toplevel_pifoEngines_1_enque_enqueMapper_banks_1.bin' File: /data/work/rio-synthesis/hardware-overhead/pe5-v128-c1024-dynamic-quartus/rtl/PifoMesh.v Line: 12350
Info (22567): Verilog HDL info at PifoMesh.v(149961): extracting RAM for identifier 'ram' File: /data/work/rio-synthesis/hardware-overhead/pe5-v128-c1024-dynamic-quartus/rtl/PifoMesh.v Line: 149961
Info (25395): Verilog HDL info at PifoMesh.v(149966): readmemb: reading from file 'PifoMesh.v_toplevel_pifoEngines_1_enque_brain_engineMapper_ram.bin' File: /data/work/rio-synthesis/hardware-overhead/pe5-v128-c1024-dynamic-quartus/rtl/PifoMesh.v Line: 149966
Info (22567): Verilog HDL info at PifoMesh.v(149908): extracting RAM for identifier 'ram' File: /data/work/rio-synthesis/hardware-overhead/pe5-v128-c1024-dynamic-quartus/rtl/PifoMesh.v Line: 149908
Info (25395): Verilog HDL info at PifoMesh.v(149913): readmemb: reading from file 'PifoMesh.v_toplevel_pifoEngines_1_enque_brain_lastVirtualMapper_ram.bin' File: /data/work/rio-synthesis/hardware-overhead/pe5-v128-c1024-dynamic-quartus/rtl/PifoMesh.v Line: 149913
Info (22567): Verilog HDL info at PifoMesh.v(149855): extracting RAM for identifier 'ram' File: /data/work/rio-synthesis/hardware-overhead/pe5-v128-c1024-dynamic-quartus/rtl/PifoMesh.v Line: 149855
Info (25395): Verilog HDL info at PifoMesh.v(149860): readmemb: reading from file 'PifoMesh.v_toplevel_pifoEngines_1_enque_brain_engineCAM_ram.bin' File: /data/work/rio-synthesis/hardware-overhead/pe5-v128-c1024-dynamic-quartus/rtl/PifoMesh.v Line: 149860
Info (22567): Verilog HDL info at PifoMesh.v(149798): extracting RAM for identifier 'ram' File: /data/work/rio-synthesis/hardware-overhead/pe5-v128-c1024-dynamic-quartus/rtl/PifoMesh.v Line: 149798
Info (25395): Verilog HDL info at PifoMesh.v(149803): readmemb: reading from file 'PifoMesh.v_toplevel_pifoEngines_1_enque_brain_brainStateMem_ram.bin' File: /data/work/rio-synthesis/hardware-overhead/pe5-v128-c1024-dynamic-quartus/rtl/PifoMesh.v Line: 149803
Info (22567): Verilog HDL info at PifoMesh.v(11106): extracting RAM for identifier 'banks_0' File: /data/work/rio-synthesis/hardware-overhead/pe5-v128-c1024-dynamic-quartus/rtl/PifoMesh.v Line: 11106
Info (22567): Verilog HDL info at PifoMesh.v(11107): extracting RAM for identifier 'banks_1' File: /data/work/rio-synthesis/hardware-overhead/pe5-v128-c1024-dynamic-quartus/rtl/PifoMesh.v Line: 11107
Info (25395): Verilog HDL info at PifoMesh.v(11114): readmemb: reading from file 'PifoMesh.v_toplevel_pifoEngines_1_deque_dequeMapper_banks_0.bin' File: /data/work/rio-synthesis/hardware-overhead/pe5-v128-c1024-dynamic-quartus/rtl/PifoMesh.v Line: 11114
Info (25395): Verilog HDL info at PifoMesh.v(11135): readmemb: reading from file 'PifoMesh.v_toplevel_pifoEngines_1_deque_dequeMapper_banks_1.bin' File: /data/work/rio-synthesis/hardware-overhead/pe5-v128-c1024-dynamic-quartus/rtl/PifoMesh.v Line: 11135
Info (22567): Verilog HDL info at PifoMesh.v(10946): extracting RAM for identifier 'banks_0' File: /data/work/rio-synthesis/hardware-overhead/pe5-v128-c1024-dynamic-quartus/rtl/PifoMesh.v Line: 10946
Info (22567): Verilog HDL info at PifoMesh.v(10947): extracting RAM for identifier 'banks_1' File: /data/work/rio-synthesis/hardware-overhead/pe5-v128-c1024-dynamic-quartus/rtl/PifoMesh.v Line: 10947
Info (25395): Verilog HDL info at PifoMesh.v(10954): readmemb: reading from file 'PifoMesh.v_toplevel_pifoEngines_2_enque_enqueMapper_banks_0.bin' File: /data/work/rio-synthesis/hardware-overhead/pe5-v128-c1024-dynamic-quartus/rtl/PifoMesh.v Line: 10954
Info (25395): Verilog HDL info at PifoMesh.v(10975): readmemb: reading from file 'PifoMesh.v_toplevel_pifoEngines_2_enque_enqueMapper_banks_1.bin' File: /data/work/rio-synthesis/hardware-overhead/pe5-v128-c1024-dynamic-quartus/rtl/PifoMesh.v Line: 10975
Info (22567): Verilog HDL info at PifoMesh.v(149723): extracting RAM for identifier 'ram' File: /data/work/rio-synthesis/hardware-overhead/pe5-v128-c1024-dynamic-quartus/rtl/PifoMesh.v Line: 149723
Info (25395): Verilog HDL info at PifoMesh.v(149728): readmemb: reading from file 'PifoMesh.v_toplevel_pifoEngines_2_enque_brain_engineMapper_ram.bin' File: /data/work/rio-synthesis/hardware-overhead/pe5-v128-c1024-dynamic-quartus/rtl/PifoMesh.v Line: 149728
Info (22567): Verilog HDL info at PifoMesh.v(149670): extracting RAM for identifier 'ram' File: /data/work/rio-synthesis/hardware-overhead/pe5-v128-c1024-dynamic-quartus/rtl/PifoMesh.v Line: 149670
Info (25395): Verilog HDL info at PifoMesh.v(149675): readmemb: reading from file 'PifoMesh.v_toplevel_pifoEngines_2_enque_brain_lastVirtualMapper_ram.bin' File: /data/work/rio-synthesis/hardware-overhead/pe5-v128-c1024-dynamic-quartus/rtl/PifoMesh.v Line: 149675
Info (22567): Verilog HDL info at PifoMesh.v(149617): extracting RAM for identifier 'ram' File: /data/work/rio-synthesis/hardware-overhead/pe5-v128-c1024-dynamic-quartus/rtl/PifoMesh.v Line: 149617
Info (25395): Verilog HDL info at PifoMesh.v(149622): readmemb: reading from file 'PifoMesh.v_toplevel_pifoEngines_2_enque_brain_engineCAM_ram.bin' File: /data/work/rio-synthesis/hardware-overhead/pe5-v128-c1024-dynamic-quartus/rtl/PifoMesh.v Line: 149622
Info (22567): Verilog HDL info at PifoMesh.v(149560): extracting RAM for identifier 'ram' File: /data/work/rio-synthesis/hardware-overhead/pe5-v128-c1024-dynamic-quartus/rtl/PifoMesh.v Line: 149560
Info (25395): Verilog HDL info at PifoMesh.v(149565): readmemb: reading from file 'PifoMesh.v_toplevel_pifoEngines_2_enque_brain_brainStateMem_ram.bin' File: /data/work/rio-synthesis/hardware-overhead/pe5-v128-c1024-dynamic-quartus/rtl/PifoMesh.v Line: 149565
Info (22567): Verilog HDL info at PifoMesh.v(9731): extracting RAM for identifier 'banks_0' File: /data/work/rio-synthesis/hardware-overhead/pe5-v128-c1024-dynamic-quartus/rtl/PifoMesh.v Line: 9731
Info (22567): Verilog HDL info at PifoMesh.v(9732): extracting RAM for identifier 'banks_1' File: /data/work/rio-synthesis/hardware-overhead/pe5-v128-c1024-dynamic-quartus/rtl/PifoMesh.v Line: 9732
Info (25395): Verilog HDL info at PifoMesh.v(9739): readmemb: reading from file 'PifoMesh.v_toplevel_pifoEngines_2_deque_dequeMapper_banks_0.bin' File: /data/work/rio-synthesis/hardware-overhead/pe5-v128-c1024-dynamic-quartus/rtl/PifoMesh.v Line: 9739
Info (25395): Verilog HDL info at PifoMesh.v(9760): readmemb: reading from file 'PifoMesh.v_toplevel_pifoEngines_2_deque_dequeMapper_banks_1.bin' File: /data/work/rio-synthesis/hardware-overhead/pe5-v128-c1024-dynamic-quartus/rtl/PifoMesh.v Line: 9760
Info (22567): Verilog HDL info at PifoMesh.v(9571): extracting RAM for identifier 'banks_0' File: /data/work/rio-synthesis/hardware-overhead/pe5-v128-c1024-dynamic-quartus/rtl/PifoMesh.v Line: 9571
Info (22567): Verilog HDL info at PifoMesh.v(9572): extracting RAM for identifier 'banks_1' File: /data/work/rio-synthesis/hardware-overhead/pe5-v128-c1024-dynamic-quartus/rtl/PifoMesh.v Line: 9572
Info (25395): Verilog HDL info at PifoMesh.v(9579): readmemb: reading from file 'PifoMesh.v_toplevel_pifoEngines_3_enque_enqueMapper_banks_0.bin' File: /data/work/rio-synthesis/hardware-overhead/pe5-v128-c1024-dynamic-quartus/rtl/PifoMesh.v Line: 9579
Info (25395): Verilog HDL info at PifoMesh.v(9600): readmemb: reading from file 'PifoMesh.v_toplevel_pifoEngines_3_enque_enqueMapper_banks_1.bin' File: /data/work/rio-synthesis/hardware-overhead/pe5-v128-c1024-dynamic-quartus/rtl/PifoMesh.v Line: 9600
Info (22567): Verilog HDL info at PifoMesh.v(149485): extracting RAM for identifier 'ram' File: /data/work/rio-synthesis/hardware-overhead/pe5-v128-c1024-dynamic-quartus/rtl/PifoMesh.v Line: 149485
Info (25395): Verilog HDL info at PifoMesh.v(149490): readmemb: reading from file 'PifoMesh.v_toplevel_pifoEngines_3_enque_brain_engineMapper_ram.bin' File: /data/work/rio-synthesis/hardware-overhead/pe5-v128-c1024-dynamic-quartus/rtl/PifoMesh.v Line: 149490
Info (22567): Verilog HDL info at PifoMesh.v(149432): extracting RAM for identifier 'ram' File: /data/work/rio-synthesis/hardware-overhead/pe5-v128-c1024-dynamic-quartus/rtl/PifoMesh.v Line: 149432
Info (25395): Verilog HDL info at PifoMesh.v(149437): readmemb: reading from file 'PifoMesh.v_toplevel_pifoEngines_3_enque_brain_lastVirtualMapper_ram.bin' File: /data/work/rio-synthesis/hardware-overhead/pe5-v128-c1024-dynamic-quartus/rtl/PifoMesh.v Line: 149437
Info (22567): Verilog HDL info at PifoMesh.v(149379): extracting RAM for identifier 'ram' File: /data/work/rio-synthesis/hardware-overhead/pe5-v128-c1024-dynamic-quartus/rtl/PifoMesh.v Line: 149379
Info (25395): Verilog HDL info at PifoMesh.v(149384): readmemb: reading from file 'PifoMesh.v_toplevel_pifoEngines_3_enque_brain_engineCAM_ram.bin' File: /data/work/rio-synthesis/hardware-overhead/pe5-v128-c1024-dynamic-quartus/rtl/PifoMesh.v Line: 149384
Info (22567): Verilog HDL info at PifoMesh.v(149322): extracting RAM for identifier 'ram' File: /data/work/rio-synthesis/hardware-overhead/pe5-v128-c1024-dynamic-quartus/rtl/PifoMesh.v Line: 149322
Info (25395): Verilog HDL info at PifoMesh.v(149327): readmemb: reading from file 'PifoMesh.v_toplevel_pifoEngines_3_enque_brain_brainStateMem_ram.bin' File: /data/work/rio-synthesis/hardware-overhead/pe5-v128-c1024-dynamic-quartus/rtl/PifoMesh.v Line: 149327
Info (22567): Verilog HDL info at PifoMesh.v(8356): extracting RAM for identifier 'banks_0' File: /data/work/rio-synthesis/hardware-overhead/pe5-v128-c1024-dynamic-quartus/rtl/PifoMesh.v Line: 8356
Info (22567): Verilog HDL info at PifoMesh.v(8357): extracting RAM for identifier 'banks_1' File: /data/work/rio-synthesis/hardware-overhead/pe5-v128-c1024-dynamic-quartus/rtl/PifoMesh.v Line: 8357
Info (25395): Verilog HDL info at PifoMesh.v(8364): readmemb: reading from file 'PifoMesh.v_toplevel_pifoEngines_3_deque_dequeMapper_banks_0.bin' File: /data/work/rio-synthesis/hardware-overhead/pe5-v128-c1024-dynamic-quartus/rtl/PifoMesh.v Line: 8364
Info (25395): Verilog HDL info at PifoMesh.v(8385): readmemb: reading from file 'PifoMesh.v_toplevel_pifoEngines_3_deque_dequeMapper_banks_1.bin' File: /data/work/rio-synthesis/hardware-overhead/pe5-v128-c1024-dynamic-quartus/rtl/PifoMesh.v Line: 8385
Info (22567): Verilog HDL info at PifoMesh.v(8196): extracting RAM for identifier 'banks_0' File: /data/work/rio-synthesis/hardware-overhead/pe5-v128-c1024-dynamic-quartus/rtl/PifoMesh.v Line: 8196
Info (22567): Verilog HDL info at PifoMesh.v(8197): extracting RAM for identifier 'banks_1' File: /data/work/rio-synthesis/hardware-overhead/pe5-v128-c1024-dynamic-quartus/rtl/PifoMesh.v Line: 8197
Info (25395): Verilog HDL info at PifoMesh.v(8204): readmemb: reading from file 'PifoMesh.v_toplevel_pifoEngines_4_enque_enqueMapper_banks_0.bin' File: /data/work/rio-synthesis/hardware-overhead/pe5-v128-c1024-dynamic-quartus/rtl/PifoMesh.v Line: 8204
Info (25395): Verilog HDL info at PifoMesh.v(8225): readmemb: reading from file 'PifoMesh.v_toplevel_pifoEngines_4_enque_enqueMapper_banks_1.bin' File: /data/work/rio-synthesis/hardware-overhead/pe5-v128-c1024-dynamic-quartus/rtl/PifoMesh.v Line: 8225
Info (22567): Verilog HDL info at PifoMesh.v(149247): extracting RAM for identifier 'ram' File: /data/work/rio-synthesis/hardware-overhead/pe5-v128-c1024-dynamic-quartus/rtl/PifoMesh.v Line: 149247
Info (25395): Verilog HDL info at PifoMesh.v(149252): readmemb: reading from file 'PifoMesh.v_toplevel_pifoEngines_4_enque_brain_engineMapper_ram.bin' File: /data/work/rio-synthesis/hardware-overhead/pe5-v128-c1024-dynamic-quartus/rtl/PifoMesh.v Line: 149252
Info (22567): Verilog HDL info at PifoMesh.v(149194): extracting RAM for identifier 'ram' File: /data/work/rio-synthesis/hardware-overhead/pe5-v128-c1024-dynamic-quartus/rtl/PifoMesh.v Line: 149194
Info (25395): Verilog HDL info at PifoMesh.v(149199): readmemb: reading from file 'PifoMesh.v_toplevel_pifoEngines_4_enque_brain_lastVirtualMapper_ram.bin' File: /data/work/rio-synthesis/hardware-overhead/pe5-v128-c1024-dynamic-quartus/rtl/PifoMesh.v Line: 149199
Info (22567): Verilog HDL info at PifoMesh.v(149141): extracting RAM for identifier 'ram' File: /data/work/rio-synthesis/hardware-overhead/pe5-v128-c1024-dynamic-quartus/rtl/PifoMesh.v Line: 149141
Info (25395): Verilog HDL info at PifoMesh.v(149146): readmemb: reading from file 'PifoMesh.v_toplevel_pifoEngines_4_enque_brain_engineCAM_ram.bin' File: /data/work/rio-synthesis/hardware-overhead/pe5-v128-c1024-dynamic-quartus/rtl/PifoMesh.v Line: 149146
Info (22567): Verilog HDL info at PifoMesh.v(149084): extracting RAM for identifier 'ram' File: /data/work/rio-synthesis/hardware-overhead/pe5-v128-c1024-dynamic-quartus/rtl/PifoMesh.v Line: 149084
Info (25395): Verilog HDL info at PifoMesh.v(149089): readmemb: reading from file 'PifoMesh.v_toplevel_pifoEngines_4_enque_brain_brainStateMem_ram.bin' File: /data/work/rio-synthesis/hardware-overhead/pe5-v128-c1024-dynamic-quartus/rtl/PifoMesh.v Line: 149089
Info (22567): Verilog HDL info at PifoMesh.v(6981): extracting RAM for identifier 'banks_0' File: /data/work/rio-synthesis/hardware-overhead/pe5-v128-c1024-dynamic-quartus/rtl/PifoMesh.v Line: 6981
Info (22567): Verilog HDL info at PifoMesh.v(6982): extracting RAM for identifier 'banks_1' File: /data/work/rio-synthesis/hardware-overhead/pe5-v128-c1024-dynamic-quartus/rtl/PifoMesh.v Line: 6982
Info (25395): Verilog HDL info at PifoMesh.v(6989): readmemb: reading from file 'PifoMesh.v_toplevel_pifoEngines_4_deque_dequeMapper_banks_0.bin' File: /data/work/rio-synthesis/hardware-overhead/pe5-v128-c1024-dynamic-quartus/rtl/PifoMesh.v Line: 6989
Info (25395): Verilog HDL info at PifoMesh.v(7010): readmemb: reading from file 'PifoMesh.v_toplevel_pifoEngines_4_deque_dequeMapper_banks_1.bin' File: /data/work/rio-synthesis/hardware-overhead/pe5-v128-c1024-dynamic-quartus/rtl/PifoMesh.v Line: 7010
Info (22567): Verilog HDL info at PifoMesh.v(1793): extracting RAM for identifier 'logic_ram' File: /data/work/rio-synthesis/hardware-overhead/pe5-v128-c1024-dynamic-quartus/rtl/PifoMesh.v Line: 1793
Info: Found 74 design entities
Info: There are 219 partitions after elaboration.
Info: DA report generation in native DNI mode
Info (21615): Running Design Assistant Rules for snapshot 'partitioned'
Info: No waiver waived any violations
Info (22360): Design Assistant Results: 8 of 10 enabled rules passed, and 1 rules was disabled, in snapshot 'partitioned'
Warning (21620): Design Assistant Results: 1 of 1 High severity rules issued violations in snapshot 'partitioned'. Please refer to DRC report '/data/work/rio-synthesis/hardware-overhead/pe5-v128-c1024-dynamic-quartus/output_files/pifo.drc.partitioned.rpt' for more information
Info (21621): Design Assistant Results: 1 of 1 Medium severity rules issued violations in snapshot 'partitioned'. Please refer to DRC report '/data/work/rio-synthesis/hardware-overhead/pe5-v128-c1024-dynamic-quartus/output_files/pifo.drc.partitioned.rpt' for more information
Info (21622): Design Assistant Results: 0 of 8 Low severity rules issued violations in snapshot 'partitioned'
Warning (23762): Hierarchies were optimized away during sweep. For details, refer to " Hierarchies Optimized Away During Sweep " report.
Info: Synthesizing partition "root_partition"
Warning (276020): Inferred RAM node "xbar|io_inputs_0_fifo|fifo|logic_ram_rtl_0" from synchronous design logic.  Pass-through logic has been added to match the read-during-write behavior of the original design. File: /data/work/rio-synthesis/hardware-overhead/pe5-v128-c1024-dynamic-quartus/rtl/PifoMesh.v Line: 151291
Warning (276020): Inferred RAM node "xbar|io_inputs_1_fifo|fifo|logic_ram_rtl_0" from synchronous design logic.  Pass-through logic has been added to match the read-during-write behavior of the original design. File: /data/work/rio-synthesis/hardware-overhead/pe5-v128-c1024-dynamic-quartus/rtl/PifoMesh.v Line: 151291
Warning (276020): Inferred RAM node "xbar|io_inputs_2_fifo|fifo|logic_ram_rtl_0" from synchronous design logic.  Pass-through logic has been added to match the read-during-write behavior of the original design. File: /data/work/rio-synthesis/hardware-overhead/pe5-v128-c1024-dynamic-quartus/rtl/PifoMesh.v Line: 151291
Warning (276020): Inferred RAM node "xbar|io_inputs_3_fifo|fifo|logic_ram_rtl_0" from synchronous design logic.  Pass-through logic has been added to match the read-during-write behavior of the original design. File: /data/work/rio-synthesis/hardware-overhead/pe5-v128-c1024-dynamic-quartus/rtl/PifoMesh.v Line: 151291
Warning (276020): Inferred RAM node "xbar|io_inputs_4_fifo|fifo|logic_ram_rtl_0" from synchronous design logic.  Pass-through logic has been added to match the read-during-write behavior of the original design. File: /data/work/rio-synthesis/hardware-overhead/pe5-v128-c1024-dynamic-quartus/rtl/PifoMesh.v Line: 151291
Warning (276020): Inferred RAM node "xbar|io_inputs_5_fifo|fifo|logic_ram_rtl_0" from synchronous design logic.  Pass-through logic has been added to match the read-during-write behavior of the original design. File: /data/work/rio-synthesis/hardware-overhead/pe5-v128-c1024-dynamic-quartus/rtl/PifoMesh.v Line: 151291
Info (276014): Found 25 instances of uninferred RAM logic
    Info (276004): RAM logic "pifoEngines_0|enque_brain|flowStateUpdate_toStream_fifo|fifo|logic_ram" is uninferred due to inappropriate RAM size File: /data/work/rio-synthesis/hardware-overhead/pe5-v128-c1024-dynamic-quartus/rtl/PifoMesh.v Line: 152142
    Info (276004): RAM logic "pifoEngines_0|enque_brain|brainStateUpdate_toStream_fifo|fifo|logic_ram" is uninferred due to inappropriate RAM size File: /data/work/rio-synthesis/hardware-overhead/pe5-v128-c1024-dynamic-quartus/rtl/PifoMesh.v Line: 151997
    Info (276004): RAM logic "pifoEngines_0|enque_brain|brainStateMem_io_readRes_toStream_fifo|fifo|logic_ram" is uninferred due to inappropriate RAM size File: /data/work/rio-synthesis/hardware-overhead/pe5-v128-c1024-dynamic-quartus/rtl/PifoMesh.v Line: 151735
    Info (276004): RAM logic "pifoEngines_0|enque_brain|engineCAM_io_readRes_toStream_fifo|fifo|logic_ram" is uninferred due to inappropriate RAM size File: /data/work/rio-synthesis/hardware-overhead/pe5-v128-c1024-dynamic-quartus/rtl/PifoMesh.v Line: 151735
    Info (276004): RAM logic "pifoEngines_0|enque_brain|io_outputs_4_fifo|fifo|logic_ram" is uninferred due to inappropriate RAM size File: /data/work/rio-synthesis/hardware-overhead/pe5-v128-c1024-dynamic-quartus/rtl/PifoMesh.v Line: 151466
    Info (276004): RAM logic "pifoEngines_1|enque_brain|flowStateUpdate_toStream_fifo|fifo|logic_ram" is uninferred due to inappropriate RAM size File: /data/work/rio-synthesis/hardware-overhead/pe5-v128-c1024-dynamic-quartus/rtl/PifoMesh.v Line: 152142
    Info (276004): RAM logic "pifoEngines_1|enque_brain|brainStateUpdate_toStream_fifo|fifo|logic_ram" is uninferred due to inappropriate RAM size File: /data/work/rio-synthesis/hardware-overhead/pe5-v128-c1024-dynamic-quartus/rtl/PifoMesh.v Line: 151997
    Info (276004): RAM logic "pifoEngines_1|enque_brain|brainStateMem_io_readRes_toStream_fifo|fifo|logic_ram" is uninferred due to inappropriate RAM size File: /data/work/rio-synthesis/hardware-overhead/pe5-v128-c1024-dynamic-quartus/rtl/PifoMesh.v Line: 151735
    Info (276004): RAM logic "pifoEngines_1|enque_brain|engineCAM_io_readRes_toStream_fifo|fifo|logic_ram" is uninferred due to inappropriate RAM size File: /data/work/rio-synthesis/hardware-overhead/pe5-v128-c1024-dynamic-quartus/rtl/PifoMesh.v Line: 151735
    Info (276004): RAM logic "pifoEngines_1|enque_brain|io_outputs_4_fifo|fifo|logic_ram" is uninferred due to inappropriate RAM size File: /data/work/rio-synthesis/hardware-overhead/pe5-v128-c1024-dynamic-quartus/rtl/PifoMesh.v Line: 151466
    Info (276004): RAM logic "pifoEngines_2|enque_brain|flowStateUpdate_toStream_fifo|fifo|logic_ram" is uninferred due to inappropriate RAM size File: /data/work/rio-synthesis/hardware-overhead/pe5-v128-c1024-dynamic-quartus/rtl/PifoMesh.v Line: 152142
    Info (276004): RAM logic "pifoEngines_2|enque_brain|brainStateUpdate_toStream_fifo|fifo|logic_ram" is uninferred due to inappropriate RAM size File: /data/work/rio-synthesis/hardware-overhead/pe5-v128-c1024-dynamic-quartus/rtl/PifoMesh.v Line: 151997
    Info (276004): RAM logic "pifoEngines_2|enque_brain|brainStateMem_io_readRes_toStream_fifo|fifo|logic_ram" is uninferred due to inappropriate RAM size File: /data/work/rio-synthesis/hardware-overhead/pe5-v128-c1024-dynamic-quartus/rtl/PifoMesh.v Line: 151735
    Info (276004): RAM logic "pifoEngines_2|enque_brain|engineCAM_io_readRes_toStream_fifo|fifo|logic_ram" is uninferred due to inappropriate RAM size File: /data/work/rio-synthesis/hardware-overhead/pe5-v128-c1024-dynamic-quartus/rtl/PifoMesh.v Line: 151735
    Info (276004): RAM logic "pifoEngines_2|enque_brain|io_outputs_4_fifo|fifo|logic_ram" is uninferred due to inappropriate RAM size File: /data/work/rio-synthesis/hardware-overhead/pe5-v128-c1024-dynamic-quartus/rtl/PifoMesh.v Line: 151466
    Info (276004): RAM logic "pifoEngines_3|enque_brain|flowStateUpdate_toStream_fifo|fifo|logic_ram" is uninferred due to inappropriate RAM size File: /data/work/rio-synthesis/hardware-overhead/pe5-v128-c1024-dynamic-quartus/rtl/PifoMesh.v Line: 152142
    Info (276004): RAM logic "pifoEngines_3|enque_brain|brainStateUpdate_toStream_fifo|fifo|logic_ram" is uninferred due to inappropriate RAM size File: /data/work/rio-synthesis/hardware-overhead/pe5-v128-c1024-dynamic-quartus/rtl/PifoMesh.v Line: 151997
    Info (276004): RAM logic "pifoEngines_3|enque_brain|brainStateMem_io_readRes_toStream_fifo|fifo|logic_ram" is uninferred due to inappropriate RAM size File: /data/work/rio-synthesis/hardware-overhead/pe5-v128-c1024-dynamic-quartus/rtl/PifoMesh.v Line: 151735
    Info (276004): RAM logic "pifoEngines_3|enque_brain|engineCAM_io_readRes_toStream_fifo|fifo|logic_ram" is uninferred due to inappropriate RAM size File: /data/work/rio-synthesis/hardware-overhead/pe5-v128-c1024-dynamic-quartus/rtl/PifoMesh.v Line: 151735
    Info (276004): RAM logic "pifoEngines_3|enque_brain|io_outputs_4_fifo|fifo|logic_ram" is uninferred due to inappropriate RAM size File: /data/work/rio-synthesis/hardware-overhead/pe5-v128-c1024-dynamic-quartus/rtl/PifoMesh.v Line: 151466
    Info (276004): RAM logic "pifoEngines_4|enque_brain|flowStateUpdate_toStream_fifo|fifo|logic_ram" is uninferred due to inappropriate RAM size File: /data/work/rio-synthesis/hardware-overhead/pe5-v128-c1024-dynamic-quartus/rtl/PifoMesh.v Line: 152142
    Info (276004): RAM logic "pifoEngines_4|enque_brain|brainStateUpdate_toStream_fifo|fifo|logic_ram" is uninferred due to inappropriate RAM size File: /data/work/rio-synthesis/hardware-overhead/pe5-v128-c1024-dynamic-quartus/rtl/PifoMesh.v Line: 151997
    Info (276004): RAM logic "pifoEngines_4|enque_brain|brainStateMem_io_readRes_toStream_fifo|fifo|logic_ram" is uninferred due to inappropriate RAM size File: /data/work/rio-synthesis/hardware-overhead/pe5-v128-c1024-dynamic-quartus/rtl/PifoMesh.v Line: 151735
    Info (276004): RAM logic "pifoEngines_4|enque_brain|engineCAM_io_readRes_toStream_fifo|fifo|logic_ram" is uninferred due to inappropriate RAM size File: /data/work/rio-synthesis/hardware-overhead/pe5-v128-c1024-dynamic-quartus/rtl/PifoMesh.v Line: 151735
    Info (276004): RAM logic "pifoEngines_4|enque_brain|io_outputs_4_fifo|fifo|logic_ram" is uninferred due to inappropriate RAM size File: /data/work/rio-synthesis/hardware-overhead/pe5-v128-c1024-dynamic-quartus/rtl/PifoMesh.v Line: 151466
Info (19000): Inferred 67 megafunctions from design logic
    Info (276029): Inferred altsyncram megafunction from the following design logic: "io_controlRequest_fifo|logic_ram_rtl_0"  File: /data/work/rio-synthesis/hardware-overhead/pe5-v128-c1024-dynamic-quartus/rtl/PifoMesh.v Line: 1793
        Info (286033): Parameter OPERATION_MODE set to DUAL_PORT
        Info (286033): Parameter WIDTH_A set to 55
        Info (286033): Parameter WIDTHAD_A set to 2
        Info (286033): Parameter NUMWORDS_A set to 4
        Info (286033): Parameter WIDTH_B set to 55
        Info (286033): Parameter WIDTHAD_B set to 2
        Info (286033): Parameter NUMWORDS_B set to 4
        Info (286033): Parameter ADDRESS_ACLR_A set to NONE
        Info (286033): Parameter OUTDATA_REG_B set to UNREGISTERED
        Info (286033): Parameter ADDRESS_ACLR_B set to NONE
        Info (286033): Parameter OUTDATA_ACLR_B set to NONE
        Info (286033): Parameter ADDRESS_REG_B set to CLOCK0
        Info (286033): Parameter INDATA_ACLR_A set to NONE
        Info (286033): Parameter WRCONTROL_ACLR_A set to NONE
        Info (286033): Parameter READ_DURING_WRITE_MODE_MIXED_PORTS set to OLD_DATA
        Info (286033): Parameter RDCONTROL_REG_B set to CLOCK0
    Info (276029): Inferred altsyncram megafunction from the following design logic: "pifoEngines_0|enque_enqueMapper|banks_0_rtl_0"  File: /data/work/rio-synthesis/hardware-overhead/pe5-v128-c1024-dynamic-quartus/rtl/PifoMesh.v Line: 20641
        Info (286033): Parameter OPERATION_MODE set to DUAL_PORT
        Info (286033): Parameter WIDTH_A set to 7
        Info (286033): Parameter WIDTHAD_A set to 7
        Info (286033): Parameter NUMWORDS_A set to 128
        Info (286033): Parameter WIDTH_B set to 7
        Info (286033): Parameter WIDTHAD_B set to 7
        Info (286033): Parameter NUMWORDS_B set to 128
        Info (286033): Parameter ADDRESS_ACLR_A set to NONE
        Info (286033): Parameter OUTDATA_REG_B set to UNREGISTERED
        Info (286033): Parameter ADDRESS_ACLR_B set to NONE
        Info (286033): Parameter OUTDATA_ACLR_B set to NONE
        Info (286033): Parameter ADDRESS_REG_B set to CLOCK0
        Info (286033): Parameter INDATA_ACLR_A set to NONE
        Info (286033): Parameter WRCONTROL_ACLR_A set to NONE
        Info (286033): Parameter INIT_FILE set to qdb/_compiler/pifo/root_partition/25.3.1/partitioned/1/mifs/ram0_PifoMesh_a88d83e7.hdl.mif
        Info (286033): Parameter READ_DURING_WRITE_MODE_MIXED_PORTS set to OLD_DATA
        Info (286033): Parameter RDCONTROL_REG_B set to CLOCK0
    Info (276029): Inferred altsyncram megafunction from the following design logic: "pifoEngines_0|enque_enqueMapper|banks_0_rtl_1"  File: /data/work/rio-synthesis/hardware-overhead/pe5-v128-c1024-dynamic-quartus/rtl/PifoMesh.v Line: 20641
        Info (286033): Parameter OPERATION_MODE set to DUAL_PORT
        Info (286033): Parameter WIDTH_A set to 7
        Info (286033): Parameter WIDTHAD_A set to 7
        Info (286033): Parameter NUMWORDS_A set to 128
        Info (286033): Parameter WIDTH_B set to 7
        Info (286033): Parameter WIDTHAD_B set to 7
        Info (286033): Parameter NUMWORDS_B set to 128
        Info (286033): Parameter ADDRESS_ACLR_A set to NONE
        Info (286033): Parameter OUTDATA_REG_B set to UNREGISTERED
        Info (286033): Parameter ADDRESS_ACLR_B set to NONE
        Info (286033): Parameter OUTDATA_ACLR_B set to NONE
        Info (286033): Parameter ADDRESS_REG_B set to CLOCK0
        Info (286033): Parameter INDATA_ACLR_A set to NONE
        Info (286033): Parameter WRCONTROL_ACLR_A set to NONE
        Info (286033): Parameter INIT_FILE set to qdb/_compiler/pifo/root_partition/25.3.1/partitioned/1/mifs/ram0_PifoMesh_a88d83e7.hdl.mif
        Info (286033): Parameter READ_DURING_WRITE_MODE_MIXED_PORTS set to OLD_DATA
        Info (286033): Parameter RDCONTROL_REG_B set to CLOCK0
    Info (276029): Inferred altsyncram megafunction from the following design logic: "pifoEngines_0|enque_enqueMapper|banks_1_rtl_0"  File: /data/work/rio-synthesis/hardware-overhead/pe5-v128-c1024-dynamic-quartus/rtl/PifoMesh.v Line: 20642
        Info (286033): Parameter OPERATION_MODE set to DUAL_PORT
        Info (286033): Parameter WIDTH_A set to 7
        Info (286033): Parameter WIDTHAD_A set to 7
        Info (286033): Parameter NUMWORDS_A set to 128
        Info (286033): Parameter WIDTH_B set to 7
        Info (286033): Parameter WIDTHAD_B set to 7
        Info (286033): Parameter NUMWORDS_B set to 128
        Info (286033): Parameter ADDRESS_ACLR_A set to NONE
        Info (286033): Parameter OUTDATA_REG_B set to UNREGISTERED
        Info (286033): Parameter ADDRESS_ACLR_B set to NONE
        Info (286033): Parameter OUTDATA_ACLR_B set to NONE
        Info (286033): Parameter ADDRESS_REG_B set to CLOCK0
        Info (286033): Parameter INDATA_ACLR_A set to NONE
        Info (286033): Parameter WRCONTROL_ACLR_A set to NONE
        Info (286033): Parameter INIT_FILE set to qdb/_compiler/pifo/root_partition/25.3.1/partitioned/1/mifs/ram0_PifoMesh_a88d83e7.hdl.mif
        Info (286033): Parameter READ_DURING_WRITE_MODE_MIXED_PORTS set to OLD_DATA
        Info (286033): Parameter RDCONTROL_REG_B set to CLOCK0
    Info (276029): Inferred altsyncram megafunction from the following design logic: "pifoEngines_0|enque_enqueMapper|banks_1_rtl_1"  File: /data/work/rio-synthesis/hardware-overhead/pe5-v128-c1024-dynamic-quartus/rtl/PifoMesh.v Line: 20642
        Info (286033): Parameter OPERATION_MODE set to DUAL_PORT
        Info (286033): Parameter WIDTH_A set to 7
        Info (286033): Parameter WIDTHAD_A set to 7
        Info (286033): Parameter NUMWORDS_A set to 128
        Info (286033): Parameter WIDTH_B set to 7
        Info (286033): Parameter WIDTHAD_B set to 7
        Info (286033): Parameter NUMWORDS_B set to 128
        Info (286033): Parameter ADDRESS_ACLR_A set to NONE
        Info (286033): Parameter OUTDATA_REG_B set to UNREGISTERED
        Info (286033): Parameter ADDRESS_ACLR_B set to NONE
        Info (286033): Parameter OUTDATA_ACLR_B set to NONE
        Info (286033): Parameter ADDRESS_REG_B set to CLOCK0
        Info (286033): Parameter INDATA_ACLR_A set to NONE
        Info (286033): Parameter WRCONTROL_ACLR_A set to NONE
        Info (286033): Parameter INIT_FILE set to qdb/_compiler/pifo/root_partition/25.3.1/partitioned/1/mifs/ram0_PifoMesh_a88d83e7.hdl.mif
        Info (286033): Parameter READ_DURING_WRITE_MODE_MIXED_PORTS set to OLD_DATA
        Info (286033): Parameter RDCONTROL_REG_B set to CLOCK0
    Info (276029): Inferred altsyncram megafunction from the following design logic: "pifoEngines_0|deque_dequeMapper|banks_0_rtl_0"  File: /data/work/rio-synthesis/hardware-overhead/pe5-v128-c1024-dynamic-quartus/rtl/PifoMesh.v Line: 19381
        Info (286033): Parameter OPERATION_MODE set to DUAL_PORT
        Info (286033): Parameter WIDTH_A set to 10
        Info (286033): Parameter WIDTHAD_A set to 17
        Info (286033): Parameter NUMWORDS_A set to 131072
        Info (286033): Parameter WIDTH_B set to 10
        Info (286033): Parameter WIDTHAD_B set to 17
        Info (286033): Parameter NUMWORDS_B set to 131072
        Info (286033): Parameter ADDRESS_ACLR_A set to NONE
        Info (286033): Parameter OUTDATA_REG_B set to UNREGISTERED
        Info (286033): Parameter ADDRESS_ACLR_B set to NONE
        Info (286033): Parameter OUTDATA_ACLR_B set to NONE
        Info (286033): Parameter ADDRESS_REG_B set to CLOCK0
        Info (286033): Parameter INDATA_ACLR_A set to NONE
        Info (286033): Parameter WRCONTROL_ACLR_A set to NONE
        Info (286033): Parameter INIT_FILE set to qdb/_compiler/pifo/root_partition/25.3.1/partitioned/1/mifs/ram1_PifoMesh_a88d83e7.hdl.mif
        Info (286033): Parameter READ_DURING_WRITE_MODE_MIXED_PORTS set to OLD_DATA
        Info (286033): Parameter RDCONTROL_REG_B set to CLOCK0
    Info (276029): Inferred altsyncram megafunction from the following design logic: "pifoEngines_0|deque_dequeMapper|banks_0_rtl_1"  File: /data/work/rio-synthesis/hardware-overhead/pe5-v128-c1024-dynamic-quartus/rtl/PifoMesh.v Line: 19381
        Info (286033): Parameter OPERATION_MODE set to DUAL_PORT
        Info (286033): Parameter WIDTH_A set to 10
        Info (286033): Parameter WIDTHAD_A set to 17
        Info (286033): Parameter NUMWORDS_A set to 131072
        Info (286033): Parameter WIDTH_B set to 10
        Info (286033): Parameter WIDTHAD_B set to 17
        Info (286033): Parameter NUMWORDS_B set to 131072
        Info (286033): Parameter ADDRESS_ACLR_A set to NONE
        Info (286033): Parameter OUTDATA_REG_B set to UNREGISTERED
        Info (286033): Parameter ADDRESS_ACLR_B set to NONE
        Info (286033): Parameter OUTDATA_ACLR_B set to NONE
        Info (286033): Parameter ADDRESS_REG_B set to CLOCK0
        Info (286033): Parameter INDATA_ACLR_A set to NONE
        Info (286033): Parameter WRCONTROL_ACLR_A set to NONE
        Info (286033): Parameter INIT_FILE set to qdb/_compiler/pifo/root_partition/25.3.1/partitioned/1/mifs/ram1_PifoMesh_a88d83e7.hdl.mif
        Info (286033): Parameter READ_DURING_WRITE_MODE_MIXED_PORTS set to OLD_DATA
        Info (286033): Parameter RDCONTROL_REG_B set to CLOCK0
    Info (276029): Inferred altsyncram megafunction from the following design logic: "pifoEngines_0|deque_dequeMapper|banks_1_rtl_0"  File: /data/work/rio-synthesis/hardware-overhead/pe5-v128-c1024-dynamic-quartus/rtl/PifoMesh.v Line: 19382
        Info (286033): Parameter OPERATION_MODE set to DUAL_PORT
        Info (286033): Parameter WIDTH_A set to 10
        Info (286033): Parameter WIDTHAD_A set to 17
        Info (286033): Parameter NUMWORDS_A set to 131072
        Info (286033): Parameter WIDTH_B set to 10
        Info (286033): Parameter WIDTHAD_B set to 17
        Info (286033): Parameter NUMWORDS_B set to 131072
        Info (286033): Parameter ADDRESS_ACLR_A set to NONE
        Info (286033): Parameter OUTDATA_REG_B set to UNREGISTERED
        Info (286033): Parameter ADDRESS_ACLR_B set to NONE
        Info (286033): Parameter OUTDATA_ACLR_B set to NONE
        Info (286033): Parameter ADDRESS_REG_B set to CLOCK0
        Info (286033): Parameter INDATA_ACLR_A set to NONE
        Info (286033): Parameter WRCONTROL_ACLR_A set to NONE
        Info (286033): Parameter INIT_FILE set to qdb/_compiler/pifo/root_partition/25.3.1/partitioned/1/mifs/ram1_PifoMesh_a88d83e7.hdl.mif
        Info (286033): Parameter READ_DURING_WRITE_MODE_MIXED_PORTS set to OLD_DATA
        Info (286033): Parameter RDCONTROL_REG_B set to CLOCK0
    Info (276029): Inferred altsyncram megafunction from the following design logic: "pifoEngines_0|deque_dequeMapper|banks_1_rtl_1"  File: /data/work/rio-synthesis/hardware-overhead/pe5-v128-c1024-dynamic-quartus/rtl/PifoMesh.v Line: 19382
        Info (286033): Parameter OPERATION_MODE set to DUAL_PORT
        Info (286033): Parameter WIDTH_A set to 10
        Info (286033): Parameter WIDTHAD_A set to 17
        Info (286033): Parameter NUMWORDS_A set to 131072
        Info (286033): Parameter WIDTH_B set to 10
        Info (286033): Parameter WIDTHAD_B set to 17
        Info (286033): Parameter NUMWORDS_B set to 131072
        Info (286033): Parameter ADDRESS_ACLR_A set to NONE
        Info (286033): Parameter OUTDATA_REG_B set to UNREGISTERED
        Info (286033): Parameter ADDRESS_ACLR_B set to NONE
        Info (286033): Parameter OUTDATA_ACLR_B set to NONE
        Info (286033): Parameter ADDRESS_REG_B set to CLOCK0
        Info (286033): Parameter INDATA_ACLR_A set to NONE
        Info (286033): Parameter WRCONTROL_ACLR_A set to NONE
        Info (286033): Parameter INIT_FILE set to qdb/_compiler/pifo/root_partition/25.3.1/partitioned/1/mifs/ram1_PifoMesh_a88d83e7.hdl.mif
        Info (286033): Parameter READ_DURING_WRITE_MODE_MIXED_PORTS set to OLD_DATA
        Info (286033): Parameter RDCONTROL_REG_B set to CLOCK0
    Info (276029): Inferred altsyncram megafunction from the following design logic: "pifoEngines_1|enque_enqueMapper|banks_0_rtl_0"  File: /data/work/rio-synthesis/hardware-overhead/pe5-v128-c1024-dynamic-quartus/rtl/PifoMesh.v Line: 12321
        Info (286033): Parameter OPERATION_MODE set to DUAL_PORT
        Info (286033): Parameter WIDTH_A set to 7
        Info (286033): Parameter WIDTHAD_A set to 7
        Info (286033): Parameter NUMWORDS_A set to 128
        Info (286033): Parameter WIDTH_B set to 7
        Info (286033): Parameter WIDTHAD_B set to 7
        Info (286033): Parameter NUMWORDS_B set to 128
        Info (286033): Parameter ADDRESS_ACLR_A set to NONE
        Info (286033): Parameter OUTDATA_REG_B set to UNREGISTERED
        Info (286033): Parameter ADDRESS_ACLR_B set to NONE
        Info (286033): Parameter OUTDATA_ACLR_B set to NONE
        Info (286033): Parameter ADDRESS_REG_B set to CLOCK0
        Info (286033): Parameter INDATA_ACLR_A set to NONE
        Info (286033): Parameter WRCONTROL_ACLR_A set to NONE
        Info (286033): Parameter INIT_FILE set to qdb/_compiler/pifo/root_partition/25.3.1/partitioned/1/mifs/ram2_PifoMesh_a88d83e7.hdl.mif
        Info (286033): Parameter READ_DURING_WRITE_MODE_MIXED_PORTS set to OLD_DATA
        Info (286033): Parameter RDCONTROL_REG_B set to CLOCK0
    Info (276029): Inferred altsyncram megafunction from the following design logic: "pifoEngines_1|enque_enqueMapper|banks_0_rtl_1"  File: /data/work/rio-synthesis/hardware-overhead/pe5-v128-c1024-dynamic-quartus/rtl/PifoMesh.v Line: 12321
        Info (286033): Parameter OPERATION_MODE set to DUAL_PORT
        Info (286033): Parameter WIDTH_A set to 7
        Info (286033): Parameter WIDTHAD_A set to 7
        Info (286033): Parameter NUMWORDS_A set to 128
        Info (286033): Parameter WIDTH_B set to 7
        Info (286033): Parameter WIDTHAD_B set to 7
        Info (286033): Parameter NUMWORDS_B set to 128
        Info (286033): Parameter ADDRESS_ACLR_A set to NONE
        Info (286033): Parameter OUTDATA_REG_B set to UNREGISTERED
        Info (286033): Parameter ADDRESS_ACLR_B set to NONE
        Info (286033): Parameter OUTDATA_ACLR_B set to NONE
        Info (286033): Parameter ADDRESS_REG_B set to CLOCK0
        Info (286033): Parameter INDATA_ACLR_A set to NONE
        Info (286033): Parameter WRCONTROL_ACLR_A set to NONE
        Info (286033): Parameter INIT_FILE set to qdb/_compiler/pifo/root_partition/25.3.1/partitioned/1/mifs/ram2_PifoMesh_a88d83e7.hdl.mif
        Info (286033): Parameter READ_DURING_WRITE_MODE_MIXED_PORTS set to OLD_DATA
        Info (286033): Parameter RDCONTROL_REG_B set to CLOCK0
    Info (276029): Inferred altsyncram megafunction from the following design logic: "pifoEngines_1|enque_enqueMapper|banks_1_rtl_0"  File: /data/work/rio-synthesis/hardware-overhead/pe5-v128-c1024-dynamic-quartus/rtl/PifoMesh.v Line: 12322
        Info (286033): Parameter OPERATION_MODE set to DUAL_PORT
        Info (286033): Parameter WIDTH_A set to 7
        Info (286033): Parameter WIDTHAD_A set to 7
        Info (286033): Parameter NUMWORDS_A set to 128
        Info (286033): Parameter WIDTH_B set to 7
        Info (286033): Parameter WIDTHAD_B set to 7
        Info (286033): Parameter NUMWORDS_B set to 128
        Info (286033): Parameter ADDRESS_ACLR_A set to NONE
        Info (286033): Parameter OUTDATA_REG_B set to UNREGISTERED
        Info (286033): Parameter ADDRESS_ACLR_B set to NONE
        Info (286033): Parameter OUTDATA_ACLR_B set to NONE
        Info (286033): Parameter ADDRESS_REG_B set to CLOCK0
        Info (286033): Parameter INDATA_ACLR_A set to NONE
        Info (286033): Parameter WRCONTROL_ACLR_A set to NONE
        Info (286033): Parameter INIT_FILE set to qdb/_compiler/pifo/root_partition/25.3.1/partitioned/1/mifs/ram2_PifoMesh_a88d83e7.hdl.mif
        Info (286033): Parameter READ_DURING_WRITE_MODE_MIXED_PORTS set to OLD_DATA
        Info (286033): Parameter RDCONTROL_REG_B set to CLOCK0
    Info (276029): Inferred altsyncram megafunction from the following design logic: "pifoEngines_1|enque_enqueMapper|banks_1_rtl_1"  File: /data/work/rio-synthesis/hardware-overhead/pe5-v128-c1024-dynamic-quartus/rtl/PifoMesh.v Line: 12322
        Info (286033): Parameter OPERATION_MODE set to DUAL_PORT
        Info (286033): Parameter WIDTH_A set to 7
        Info (286033): Parameter WIDTHAD_A set to 7
        Info (286033): Parameter NUMWORDS_A set to 128
        Info (286033): Parameter WIDTH_B set to 7
        Info (286033): Parameter WIDTHAD_B set to 7
        Info (286033): Parameter NUMWORDS_B set to 128
        Info (286033): Parameter ADDRESS_ACLR_A set to NONE
        Info (286033): Parameter OUTDATA_REG_B set to UNREGISTERED
        Info (286033): Parameter ADDRESS_ACLR_B set to NONE
        Info (286033): Parameter OUTDATA_ACLR_B set to NONE
        Info (286033): Parameter ADDRESS_REG_B set to CLOCK0
        Info (286033): Parameter INDATA_ACLR_A set to NONE
        Info (286033): Parameter WRCONTROL_ACLR_A set to NONE
        Info (286033): Parameter INIT_FILE set to qdb/_compiler/pifo/root_partition/25.3.1/partitioned/1/mifs/ram2_PifoMesh_a88d83e7.hdl.mif
        Info (286033): Parameter READ_DURING_WRITE_MODE_MIXED_PORTS set to OLD_DATA
        Info (286033): Parameter RDCONTROL_REG_B set to CLOCK0
    Info (276029): Inferred altsyncram megafunction from the following design logic: "pifoEngines_1|deque_dequeMapper|banks_0_rtl_0"  File: /data/work/rio-synthesis/hardware-overhead/pe5-v128-c1024-dynamic-quartus/rtl/PifoMesh.v Line: 11106
        Info (286033): Parameter OPERATION_MODE set to DUAL_PORT
        Info (286033): Parameter WIDTH_A set to 10
        Info (286033): Parameter WIDTHAD_A set to 17
        Info (286033): Parameter NUMWORDS_A set to 131072
        Info (286033): Parameter WIDTH_B set to 10
        Info (286033): Parameter WIDTHAD_B set to 17
        Info (286033): Parameter NUMWORDS_B set to 131072
        Info (286033): Parameter ADDRESS_ACLR_A set to NONE
        Info (286033): Parameter OUTDATA_REG_B set to UNREGISTERED
        Info (286033): Parameter ADDRESS_ACLR_B set to NONE
        Info (286033): Parameter OUTDATA_ACLR_B set to NONE
        Info (286033): Parameter ADDRESS_REG_B set to CLOCK0
        Info (286033): Parameter INDATA_ACLR_A set to NONE
        Info (286033): Parameter WRCONTROL_ACLR_A set to NONE
        Info (286033): Parameter INIT_FILE set to qdb/_compiler/pifo/root_partition/25.3.1/partitioned/1/mifs/ram3_PifoMesh_a88d83e7.hdl.mif
        Info (286033): Parameter READ_DURING_WRITE_MODE_MIXED_PORTS set to OLD_DATA
        Info (286033): Parameter RDCONTROL_REG_B set to CLOCK0
    Info (276029): Inferred altsyncram megafunction from the following design logic: "pifoEngines_1|deque_dequeMapper|banks_0_rtl_1"  File: /data/work/rio-synthesis/hardware-overhead/pe5-v128-c1024-dynamic-quartus/rtl/PifoMesh.v Line: 11106
        Info (286033): Parameter OPERATION_MODE set to DUAL_PORT
        Info (286033): Parameter WIDTH_A set to 10
        Info (286033): Parameter WIDTHAD_A set to 17
        Info (286033): Parameter NUMWORDS_A set to 131072
        Info (286033): Parameter WIDTH_B set to 10
        Info (286033): Parameter WIDTHAD_B set to 17
        Info (286033): Parameter NUMWORDS_B set to 131072
        Info (286033): Parameter ADDRESS_ACLR_A set to NONE
        Info (286033): Parameter OUTDATA_REG_B set to UNREGISTERED
        Info (286033): Parameter ADDRESS_ACLR_B set to NONE
        Info (286033): Parameter OUTDATA_ACLR_B set to NONE
        Info (286033): Parameter ADDRESS_REG_B set to CLOCK0
        Info (286033): Parameter INDATA_ACLR_A set to NONE
        Info (286033): Parameter WRCONTROL_ACLR_A set to NONE
        Info (286033): Parameter INIT_FILE set to qdb/_compiler/pifo/root_partition/25.3.1/partitioned/1/mifs/ram3_PifoMesh_a88d83e7.hdl.mif
        Info (286033): Parameter READ_DURING_WRITE_MODE_MIXED_PORTS set to OLD_DATA
        Info (286033): Parameter RDCONTROL_REG_B set to CLOCK0
    Info (276029): Inferred altsyncram megafunction from the following design logic: "pifoEngines_1|deque_dequeMapper|banks_1_rtl_0"  File: /data/work/rio-synthesis/hardware-overhead/pe5-v128-c1024-dynamic-quartus/rtl/PifoMesh.v Line: 11107
        Info (286033): Parameter OPERATION_MODE set to DUAL_PORT
        Info (286033): Parameter WIDTH_A set to 10
        Info (286033): Parameter WIDTHAD_A set to 17
        Info (286033): Parameter NUMWORDS_A set to 131072
        Info (286033): Parameter WIDTH_B set to 10
        Info (286033): Parameter WIDTHAD_B set to 17
        Info (286033): Parameter NUMWORDS_B set to 131072
        Info (286033): Parameter ADDRESS_ACLR_A set to NONE
        Info (286033): Parameter OUTDATA_REG_B set to UNREGISTERED
        Info (286033): Parameter ADDRESS_ACLR_B set to NONE
        Info (286033): Parameter OUTDATA_ACLR_B set to NONE
        Info (286033): Parameter ADDRESS_REG_B set to CLOCK0
        Info (286033): Parameter INDATA_ACLR_A set to NONE
        Info (286033): Parameter WRCONTROL_ACLR_A set to NONE
        Info (286033): Parameter INIT_FILE set to qdb/_compiler/pifo/root_partition/25.3.1/partitioned/1/mifs/ram3_PifoMesh_a88d83e7.hdl.mif
        Info (286033): Parameter READ_DURING_WRITE_MODE_MIXED_PORTS set to OLD_DATA
        Info (286033): Parameter RDCONTROL_REG_B set to CLOCK0
    Info (276029): Inferred altsyncram megafunction from the following design logic: "pifoEngines_1|deque_dequeMapper|banks_1_rtl_1"  File: /data/work/rio-synthesis/hardware-overhead/pe5-v128-c1024-dynamic-quartus/rtl/PifoMesh.v Line: 11107
        Info (286033): Parameter OPERATION_MODE set to DUAL_PORT
        Info (286033): Parameter WIDTH_A set to 10
        Info (286033): Parameter WIDTHAD_A set to 17
        Info (286033): Parameter NUMWORDS_A set to 131072
        Info (286033): Parameter WIDTH_B set to 10
        Info (286033): Parameter WIDTHAD_B set to 17
        Info (286033): Parameter NUMWORDS_B set to 131072
        Info (286033): Parameter ADDRESS_ACLR_A set to NONE
        Info (286033): Parameter OUTDATA_REG_B set to UNREGISTERED
        Info (286033): Parameter ADDRESS_ACLR_B set to NONE
        Info (286033): Parameter OUTDATA_ACLR_B set to NONE
        Info (286033): Parameter ADDRESS_REG_B set to CLOCK0
        Info (286033): Parameter INDATA_ACLR_A set to NONE
        Info (286033): Parameter WRCONTROL_ACLR_A set to NONE
        Info (286033): Parameter INIT_FILE set to qdb/_compiler/pifo/root_partition/25.3.1/partitioned/1/mifs/ram3_PifoMesh_a88d83e7.hdl.mif
        Info (286033): Parameter READ_DURING_WRITE_MODE_MIXED_PORTS set to OLD_DATA
        Info (286033): Parameter RDCONTROL_REG_B set to CLOCK0
    Info (276029): Inferred altsyncram megafunction from the following design logic: "pifoEngines_2|enque_enqueMapper|banks_0_rtl_0"  File: /data/work/rio-synthesis/hardware-overhead/pe5-v128-c1024-dynamic-quartus/rtl/PifoMesh.v Line: 10946
        Info (286033): Parameter OPERATION_MODE set to DUAL_PORT
        Info (286033): Parameter WIDTH_A set to 7
        Info (286033): Parameter WIDTHAD_A set to 7
        Info (286033): Parameter NUMWORDS_A set to 128
        Info (286033): Parameter WIDTH_B set to 7
        Info (286033): Parameter WIDTHAD_B set to 7
        Info (286033): Parameter NUMWORDS_B set to 128
        Info (286033): Parameter ADDRESS_ACLR_A set to NONE
        Info (286033): Parameter OUTDATA_REG_B set to UNREGISTERED
        Info (286033): Parameter ADDRESS_ACLR_B set to NONE
        Info (286033): Parameter OUTDATA_ACLR_B set to NONE
        Info (286033): Parameter ADDRESS_REG_B set to CLOCK0
        Info (286033): Parameter INDATA_ACLR_A set to NONE
        Info (286033): Parameter WRCONTROL_ACLR_A set to NONE
        Info (286033): Parameter INIT_FILE set to qdb/_compiler/pifo/root_partition/25.3.1/partitioned/1/mifs/ram4_PifoMesh_a88d83e7.hdl.mif
        Info (286033): Parameter READ_DURING_WRITE_MODE_MIXED_PORTS set to OLD_DATA
        Info (286033): Parameter RDCONTROL_REG_B set to CLOCK0
    Info (276029): Inferred altsyncram megafunction from the following design logic: "pifoEngines_2|enque_enqueMapper|banks_0_rtl_1"  File: /data/work/rio-synthesis/hardware-overhead/pe5-v128-c1024-dynamic-quartus/rtl/PifoMesh.v Line: 10946
        Info (286033): Parameter OPERATION_MODE set to DUAL_PORT
        Info (286033): Parameter WIDTH_A set to 7
        Info (286033): Parameter WIDTHAD_A set to 7
        Info (286033): Parameter NUMWORDS_A set to 128
        Info (286033): Parameter WIDTH_B set to 7
        Info (286033): Parameter WIDTHAD_B set to 7
        Info (286033): Parameter NUMWORDS_B set to 128
        Info (286033): Parameter ADDRESS_ACLR_A set to NONE
        Info (286033): Parameter OUTDATA_REG_B set to UNREGISTERED
        Info (286033): Parameter ADDRESS_ACLR_B set to NONE
        Info (286033): Parameter OUTDATA_ACLR_B set to NONE
        Info (286033): Parameter ADDRESS_REG_B set to CLOCK0
        Info (286033): Parameter INDATA_ACLR_A set to NONE
        Info (286033): Parameter WRCONTROL_ACLR_A set to NONE
        Info (286033): Parameter INIT_FILE set to qdb/_compiler/pifo/root_partition/25.3.1/partitioned/1/mifs/ram4_PifoMesh_a88d83e7.hdl.mif
        Info (286033): Parameter READ_DURING_WRITE_MODE_MIXED_PORTS set to OLD_DATA
        Info (286033): Parameter RDCONTROL_REG_B set to CLOCK0
    Info (276029): Inferred altsyncram megafunction from the following design logic: "pifoEngines_2|enque_enqueMapper|banks_1_rtl_0"  File: /data/work/rio-synthesis/hardware-overhead/pe5-v128-c1024-dynamic-quartus/rtl/PifoMesh.v Line: 10947
        Info (286033): Parameter OPERATION_MODE set to DUAL_PORT
        Info (286033): Parameter WIDTH_A set to 7
        Info (286033): Parameter WIDTHAD_A set to 7
        Info (286033): Parameter NUMWORDS_A set to 128
        Info (286033): Parameter WIDTH_B set to 7
        Info (286033): Parameter WIDTHAD_B set to 7
        Info (286033): Parameter NUMWORDS_B set to 128
        Info (286033): Parameter ADDRESS_ACLR_A set to NONE
        Info (286033): Parameter OUTDATA_REG_B set to UNREGISTERED
        Info (286033): Parameter ADDRESS_ACLR_B set to NONE
        Info (286033): Parameter OUTDATA_ACLR_B set to NONE
        Info (286033): Parameter ADDRESS_REG_B set to CLOCK0
        Info (286033): Parameter INDATA_ACLR_A set to NONE
        Info (286033): Parameter WRCONTROL_ACLR_A set to NONE
        Info (286033): Parameter INIT_FILE set to qdb/_compiler/pifo/root_partition/25.3.1/partitioned/1/mifs/ram4_PifoMesh_a88d83e7.hdl.mif
        Info (286033): Parameter READ_DURING_WRITE_MODE_MIXED_PORTS set to OLD_DATA
        Info (286033): Parameter RDCONTROL_REG_B set to CLOCK0
    Info (276029): Inferred altsyncram megafunction from the following design logic: "pifoEngines_2|enque_enqueMapper|banks_1_rtl_1"  File: /data/work/rio-synthesis/hardware-overhead/pe5-v128-c1024-dynamic-quartus/rtl/PifoMesh.v Line: 10947
        Info (286033): Parameter OPERATION_MODE set to DUAL_PORT
        Info (286033): Parameter WIDTH_A set to 7
        Info (286033): Parameter WIDTHAD_A set to 7
        Info (286033): Parameter NUMWORDS_A set to 128
        Info (286033): Parameter WIDTH_B set to 7
        Info (286033): Parameter WIDTHAD_B set to 7
        Info (286033): Parameter NUMWORDS_B set to 128
        Info (286033): Parameter ADDRESS_ACLR_A set to NONE
        Info (286033): Parameter OUTDATA_REG_B set to UNREGISTERED
        Info (286033): Parameter ADDRESS_ACLR_B set to NONE
        Info (286033): Parameter OUTDATA_ACLR_B set to NONE
        Info (286033): Parameter ADDRESS_REG_B set to CLOCK0
        Info (286033): Parameter INDATA_ACLR_A set to NONE
        Info (286033): Parameter WRCONTROL_ACLR_A set to NONE
        Info (286033): Parameter INIT_FILE set to qdb/_compiler/pifo/root_partition/25.3.1/partitioned/1/mifs/ram4_PifoMesh_a88d83e7.hdl.mif
        Info (286033): Parameter READ_DURING_WRITE_MODE_MIXED_PORTS set to OLD_DATA
        Info (286033): Parameter RDCONTROL_REG_B set to CLOCK0
    Info (276029): Inferred altsyncram megafunction from the following design logic: "pifoEngines_2|deque_dequeMapper|banks_0_rtl_0"  File: /data/work/rio-synthesis/hardware-overhead/pe5-v128-c1024-dynamic-quartus/rtl/PifoMesh.v Line: 9731
        Info (286033): Parameter OPERATION_MODE set to DUAL_PORT
        Info (286033): Parameter WIDTH_A set to 10
        Info (286033): Parameter WIDTHAD_A set to 17
        Info (286033): Parameter NUMWORDS_A set to 131072
        Info (286033): Parameter WIDTH_B set to 10
        Info (286033): Parameter WIDTHAD_B set to 17
        Info (286033): Parameter NUMWORDS_B set to 131072
        Info (286033): Parameter ADDRESS_ACLR_A set to NONE
        Info (286033): Parameter OUTDATA_REG_B set to UNREGISTERED
        Info (286033): Parameter ADDRESS_ACLR_B set to NONE
        Info (286033): Parameter OUTDATA_ACLR_B set to NONE
        Info (286033): Parameter ADDRESS_REG_B set to CLOCK0
        Info (286033): Parameter INDATA_ACLR_A set to NONE
        Info (286033): Parameter WRCONTROL_ACLR_A set to NONE
        Info (286033): Parameter INIT_FILE set to qdb/_compiler/pifo/root_partition/25.3.1/partitioned/1/mifs/ram5_PifoMesh_a88d83e7.hdl.mif
        Info (286033): Parameter READ_DURING_WRITE_MODE_MIXED_PORTS set to OLD_DATA
        Info (286033): Parameter RDCONTROL_REG_B set to CLOCK0
    Info (276029): Inferred altsyncram megafunction from the following design logic: "pifoEngines_2|deque_dequeMapper|banks_0_rtl_1"  File: /data/work/rio-synthesis/hardware-overhead/pe5-v128-c1024-dynamic-quartus/rtl/PifoMesh.v Line: 9731
        Info (286033): Parameter OPERATION_MODE set to DUAL_PORT
        Info (286033): Parameter WIDTH_A set to 10
        Info (286033): Parameter WIDTHAD_A set to 17
        Info (286033): Parameter NUMWORDS_A set to 131072
        Info (286033): Parameter WIDTH_B set to 10
        Info (286033): Parameter WIDTHAD_B set to 17
        Info (286033): Parameter NUMWORDS_B set to 131072
        Info (286033): Parameter ADDRESS_ACLR_A set to NONE
        Info (286033): Parameter OUTDATA_REG_B set to UNREGISTERED
        Info (286033): Parameter ADDRESS_ACLR_B set to NONE
        Info (286033): Parameter OUTDATA_ACLR_B set to NONE
        Info (286033): Parameter ADDRESS_REG_B set to CLOCK0
        Info (286033): Parameter INDATA_ACLR_A set to NONE
        Info (286033): Parameter WRCONTROL_ACLR_A set to NONE
        Info (286033): Parameter INIT_FILE set to qdb/_compiler/pifo/root_partition/25.3.1/partitioned/1/mifs/ram5_PifoMesh_a88d83e7.hdl.mif
        Info (286033): Parameter READ_DURING_WRITE_MODE_MIXED_PORTS set to OLD_DATA
        Info (286033): Parameter RDCONTROL_REG_B set to CLOCK0
    Info (276029): Inferred altsyncram megafunction from the following design logic: "pifoEngines_2|deque_dequeMapper|banks_1_rtl_0"  File: /data/work/rio-synthesis/hardware-overhead/pe5-v128-c1024-dynamic-quartus/rtl/PifoMesh.v Line: 9732
        Info (286033): Parameter OPERATION_MODE set to DUAL_PORT
        Info (286033): Parameter WIDTH_A set to 10
        Info (286033): Parameter WIDTHAD_A set to 17
        Info (286033): Parameter NUMWORDS_A set to 131072
        Info (286033): Parameter WIDTH_B set to 10
        Info (286033): Parameter WIDTHAD_B set to 17
        Info (286033): Parameter NUMWORDS_B set to 131072
        Info (286033): Parameter ADDRESS_ACLR_A set to NONE
        Info (286033): Parameter OUTDATA_REG_B set to UNREGISTERED
        Info (286033): Parameter ADDRESS_ACLR_B set to NONE
        Info (286033): Parameter OUTDATA_ACLR_B set to NONE
        Info (286033): Parameter ADDRESS_REG_B set to CLOCK0
        Info (286033): Parameter INDATA_ACLR_A set to NONE
        Info (286033): Parameter WRCONTROL_ACLR_A set to NONE
        Info (286033): Parameter INIT_FILE set to qdb/_compiler/pifo/root_partition/25.3.1/partitioned/1/mifs/ram5_PifoMesh_a88d83e7.hdl.mif
        Info (286033): Parameter READ_DURING_WRITE_MODE_MIXED_PORTS set to OLD_DATA
        Info (286033): Parameter RDCONTROL_REG_B set to CLOCK0
    Info (276029): Inferred altsyncram megafunction from the following design logic: "pifoEngines_2|deque_dequeMapper|banks_1_rtl_1"  File: /data/work/rio-synthesis/hardware-overhead/pe5-v128-c1024-dynamic-quartus/rtl/PifoMesh.v Line: 9732
        Info (286033): Parameter OPERATION_MODE set to DUAL_PORT
        Info (286033): Parameter WIDTH_A set to 10
        Info (286033): Parameter WIDTHAD_A set to 17
        Info (286033): Parameter NUMWORDS_A set to 131072
        Info (286033): Parameter WIDTH_B set to 10
        Info (286033): Parameter WIDTHAD_B set to 17
        Info (286033): Parameter NUMWORDS_B set to 131072
        Info (286033): Parameter ADDRESS_ACLR_A set to NONE
        Info (286033): Parameter OUTDATA_REG_B set to UNREGISTERED
        Info (286033): Parameter ADDRESS_ACLR_B set to NONE
        Info (286033): Parameter OUTDATA_ACLR_B set to NONE
        Info (286033): Parameter ADDRESS_REG_B set to CLOCK0
        Info (286033): Parameter INDATA_ACLR_A set to NONE
        Info (286033): Parameter WRCONTROL_ACLR_A set to NONE
        Info (286033): Parameter INIT_FILE set to qdb/_compiler/pifo/root_partition/25.3.1/partitioned/1/mifs/ram5_PifoMesh_a88d83e7.hdl.mif
        Info (286033): Parameter READ_DURING_WRITE_MODE_MIXED_PORTS set to OLD_DATA
        Info (286033): Parameter RDCONTROL_REG_B set to CLOCK0
    Info (276029): Inferred altsyncram megafunction from the following design logic: "pifoEngines_3|enque_enqueMapper|banks_0_rtl_0"  File: /data/work/rio-synthesis/hardware-overhead/pe5-v128-c1024-dynamic-quartus/rtl/PifoMesh.v Line: 9571
        Info (286033): Parameter OPERATION_MODE set to DUAL_PORT
        Info (286033): Parameter WIDTH_A set to 7
        Info (286033): Parameter WIDTHAD_A set to 7
        Info (286033): Parameter NUMWORDS_A set to 128
        Info (286033): Parameter WIDTH_B set to 7
        Info (286033): Parameter WIDTHAD_B set to 7
        Info (286033): Parameter NUMWORDS_B set to 128
        Info (286033): Parameter ADDRESS_ACLR_A set to NONE
        Info (286033): Parameter OUTDATA_REG_B set to UNREGISTERED
        Info (286033): Parameter ADDRESS_ACLR_B set to NONE
        Info (286033): Parameter OUTDATA_ACLR_B set to NONE
        Info (286033): Parameter ADDRESS_REG_B set to CLOCK0
        Info (286033): Parameter INDATA_ACLR_A set to NONE
        Info (286033): Parameter WRCONTROL_ACLR_A set to NONE
        Info (286033): Parameter INIT_FILE set to qdb/_compiler/pifo/root_partition/25.3.1/partitioned/1/mifs/ram6_PifoMesh_a88d83e7.hdl.mif
        Info (286033): Parameter READ_DURING_WRITE_MODE_MIXED_PORTS set to OLD_DATA
        Info (286033): Parameter RDCONTROL_REG_B set to CLOCK0
    Info (276029): Inferred altsyncram megafunction from the following design logic: "pifoEngines_3|enque_enqueMapper|banks_0_rtl_1"  File: /data/work/rio-synthesis/hardware-overhead/pe5-v128-c1024-dynamic-quartus/rtl/PifoMesh.v Line: 9571
        Info (286033): Parameter OPERATION_MODE set to DUAL_PORT
        Info (286033): Parameter WIDTH_A set to 7
        Info (286033): Parameter WIDTHAD_A set to 7
        Info (286033): Parameter NUMWORDS_A set to 128
        Info (286033): Parameter WIDTH_B set to 7
        Info (286033): Parameter WIDTHAD_B set to 7
        Info (286033): Parameter NUMWORDS_B set to 128
        Info (286033): Parameter ADDRESS_ACLR_A set to NONE
        Info (286033): Parameter OUTDATA_REG_B set to UNREGISTERED
        Info (286033): Parameter ADDRESS_ACLR_B set to NONE
        Info (286033): Parameter OUTDATA_ACLR_B set to NONE
        Info (286033): Parameter ADDRESS_REG_B set to CLOCK0
        Info (286033): Parameter INDATA_ACLR_A set to NONE
        Info (286033): Parameter WRCONTROL_ACLR_A set to NONE
        Info (286033): Parameter INIT_FILE set to qdb/_compiler/pifo/root_partition/25.3.1/partitioned/1/mifs/ram6_PifoMesh_a88d83e7.hdl.mif
        Info (286033): Parameter READ_DURING_WRITE_MODE_MIXED_PORTS set to OLD_DATA
        Info (286033): Parameter RDCONTROL_REG_B set to CLOCK0
    Info (276029): Inferred altsyncram megafunction from the following design logic: "pifoEngines_3|enque_enqueMapper|banks_1_rtl_0"  File: /data/work/rio-synthesis/hardware-overhead/pe5-v128-c1024-dynamic-quartus/rtl/PifoMesh.v Line: 9572
        Info (286033): Parameter OPERATION_MODE set to DUAL_PORT
        Info (286033): Parameter WIDTH_A set to 7
        Info (286033): Parameter WIDTHAD_A set to 7
        Info (286033): Parameter NUMWORDS_A set to 128
        Info (286033): Parameter WIDTH_B set to 7
        Info (286033): Parameter WIDTHAD_B set to 7
        Info (286033): Parameter NUMWORDS_B set to 128
        Info (286033): Parameter ADDRESS_ACLR_A set to NONE
        Info (286033): Parameter OUTDATA_REG_B set to UNREGISTERED
        Info (286033): Parameter ADDRESS_ACLR_B set to NONE
        Info (286033): Parameter OUTDATA_ACLR_B set to NONE
        Info (286033): Parameter ADDRESS_REG_B set to CLOCK0
        Info (286033): Parameter INDATA_ACLR_A set to NONE
        Info (286033): Parameter WRCONTROL_ACLR_A set to NONE
        Info (286033): Parameter INIT_FILE set to qdb/_compiler/pifo/root_partition/25.3.1/partitioned/1/mifs/ram6_PifoMesh_a88d83e7.hdl.mif
        Info (286033): Parameter READ_DURING_WRITE_MODE_MIXED_PORTS set to OLD_DATA
        Info (286033): Parameter RDCONTROL_REG_B set to CLOCK0
    Info (276029): Inferred altsyncram megafunction from the following design logic: "pifoEngines_3|enque_enqueMapper|banks_1_rtl_1"  File: /data/work/rio-synthesis/hardware-overhead/pe5-v128-c1024-dynamic-quartus/rtl/PifoMesh.v Line: 9572
        Info (286033): Parameter OPERATION_MODE set to DUAL_PORT
        Info (286033): Parameter WIDTH_A set to 7
        Info (286033): Parameter WIDTHAD_A set to 7
        Info (286033): Parameter NUMWORDS_A set to 128
        Info (286033): Parameter WIDTH_B set to 7
        Info (286033): Parameter WIDTHAD_B set to 7
        Info (286033): Parameter NUMWORDS_B set to 128
        Info (286033): Parameter ADDRESS_ACLR_A set to NONE
        Info (286033): Parameter OUTDATA_REG_B set to UNREGISTERED
        Info (286033): Parameter ADDRESS_ACLR_B set to NONE
        Info (286033): Parameter OUTDATA_ACLR_B set to NONE
        Info (286033): Parameter ADDRESS_REG_B set to CLOCK0
        Info (286033): Parameter INDATA_ACLR_A set to NONE
        Info (286033): Parameter WRCONTROL_ACLR_A set to NONE
        Info (286033): Parameter INIT_FILE set to qdb/_compiler/pifo/root_partition/25.3.1/partitioned/1/mifs/ram6_PifoMesh_a88d83e7.hdl.mif
        Info (286033): Parameter READ_DURING_WRITE_MODE_MIXED_PORTS set to OLD_DATA
        Info (286033): Parameter RDCONTROL_REG_B set to CLOCK0
    Info (276029): Inferred altsyncram megafunction from the following design logic: "pifoEngines_3|deque_dequeMapper|banks_0_rtl_0"  File: /data/work/rio-synthesis/hardware-overhead/pe5-v128-c1024-dynamic-quartus/rtl/PifoMesh.v Line: 8356
        Info (286033): Parameter OPERATION_MODE set to DUAL_PORT
        Info (286033): Parameter WIDTH_A set to 10
        Info (286033): Parameter WIDTHAD_A set to 17
        Info (286033): Parameter NUMWORDS_A set to 131072
        Info (286033): Parameter WIDTH_B set to 10
        Info (286033): Parameter WIDTHAD_B set to 17
        Info (286033): Parameter NUMWORDS_B set to 131072
        Info (286033): Parameter ADDRESS_ACLR_A set to NONE
        Info (286033): Parameter OUTDATA_REG_B set to UNREGISTERED
        Info (286033): Parameter ADDRESS_ACLR_B set to NONE
        Info (286033): Parameter OUTDATA_ACLR_B set to NONE
        Info (286033): Parameter ADDRESS_REG_B set to CLOCK0
        Info (286033): Parameter INDATA_ACLR_A set to NONE
        Info (286033): Parameter WRCONTROL_ACLR_A set to NONE
        Info (286033): Parameter INIT_FILE set to qdb/_compiler/pifo/root_partition/25.3.1/partitioned/1/mifs/ram7_PifoMesh_a88d83e7.hdl.mif
        Info (286033): Parameter READ_DURING_WRITE_MODE_MIXED_PORTS set to OLD_DATA
        Info (286033): Parameter RDCONTROL_REG_B set to CLOCK0
    Info (276029): Inferred altsyncram megafunction from the following design logic: "pifoEngines_3|deque_dequeMapper|banks_0_rtl_1"  File: /data/work/rio-synthesis/hardware-overhead/pe5-v128-c1024-dynamic-quartus/rtl/PifoMesh.v Line: 8356
        Info (286033): Parameter OPERATION_MODE set to DUAL_PORT
        Info (286033): Parameter WIDTH_A set to 10
        Info (286033): Parameter WIDTHAD_A set to 17
        Info (286033): Parameter NUMWORDS_A set to 131072
        Info (286033): Parameter WIDTH_B set to 10
        Info (286033): Parameter WIDTHAD_B set to 17
        Info (286033): Parameter NUMWORDS_B set to 131072
        Info (286033): Parameter ADDRESS_ACLR_A set to NONE
        Info (286033): Parameter OUTDATA_REG_B set to UNREGISTERED
        Info (286033): Parameter ADDRESS_ACLR_B set to NONE
        Info (286033): Parameter OUTDATA_ACLR_B set to NONE
        Info (286033): Parameter ADDRESS_REG_B set to CLOCK0
        Info (286033): Parameter INDATA_ACLR_A set to NONE
        Info (286033): Parameter WRCONTROL_ACLR_A set to NONE
        Info (286033): Parameter INIT_FILE set to qdb/_compiler/pifo/root_partition/25.3.1/partitioned/1/mifs/ram7_PifoMesh_a88d83e7.hdl.mif
        Info (286033): Parameter READ_DURING_WRITE_MODE_MIXED_PORTS set to OLD_DATA
        Info (286033): Parameter RDCONTROL_REG_B set to CLOCK0
    Info (276029): Inferred altsyncram megafunction from the following design logic: "pifoEngines_3|deque_dequeMapper|banks_1_rtl_0"  File: /data/work/rio-synthesis/hardware-overhead/pe5-v128-c1024-dynamic-quartus/rtl/PifoMesh.v Line: 8357
        Info (286033): Parameter OPERATION_MODE set to DUAL_PORT
        Info (286033): Parameter WIDTH_A set to 10
        Info (286033): Parameter WIDTHAD_A set to 17
        Info (286033): Parameter NUMWORDS_A set to 131072
        Info (286033): Parameter WIDTH_B set to 10
        Info (286033): Parameter WIDTHAD_B set to 17
        Info (286033): Parameter NUMWORDS_B set to 131072
        Info (286033): Parameter ADDRESS_ACLR_A set to NONE
        Info (286033): Parameter OUTDATA_REG_B set to UNREGISTERED
        Info (286033): Parameter ADDRESS_ACLR_B set to NONE
        Info (286033): Parameter OUTDATA_ACLR_B set to NONE
        Info (286033): Parameter ADDRESS_REG_B set to CLOCK0
        Info (286033): Parameter INDATA_ACLR_A set to NONE
        Info (286033): Parameter WRCONTROL_ACLR_A set to NONE
        Info (286033): Parameter INIT_FILE set to qdb/_compiler/pifo/root_partition/25.3.1/partitioned/1/mifs/ram7_PifoMesh_a88d83e7.hdl.mif
        Info (286033): Parameter READ_DURING_WRITE_MODE_MIXED_PORTS set to OLD_DATA
        Info (286033): Parameter RDCONTROL_REG_B set to CLOCK0
    Info (276029): Inferred altsyncram megafunction from the following design logic: "pifoEngines_3|deque_dequeMapper|banks_1_rtl_1"  File: /data/work/rio-synthesis/hardware-overhead/pe5-v128-c1024-dynamic-quartus/rtl/PifoMesh.v Line: 8357
        Info (286033): Parameter OPERATION_MODE set to DUAL_PORT
        Info (286033): Parameter WIDTH_A set to 10
        Info (286033): Parameter WIDTHAD_A set to 17
        Info (286033): Parameter NUMWORDS_A set to 131072
        Info (286033): Parameter WIDTH_B set to 10
        Info (286033): Parameter WIDTHAD_B set to 17
        Info (286033): Parameter NUMWORDS_B set to 131072
        Info (286033): Parameter ADDRESS_ACLR_A set to NONE
        Info (286033): Parameter OUTDATA_REG_B set to UNREGISTERED
        Info (286033): Parameter ADDRESS_ACLR_B set to NONE
        Info (286033): Parameter OUTDATA_ACLR_B set to NONE
        Info (286033): Parameter ADDRESS_REG_B set to CLOCK0
        Info (286033): Parameter INDATA_ACLR_A set to NONE
        Info (286033): Parameter WRCONTROL_ACLR_A set to NONE
        Info (286033): Parameter INIT_FILE set to qdb/_compiler/pifo/root_partition/25.3.1/partitioned/1/mifs/ram7_PifoMesh_a88d83e7.hdl.mif
        Info (286033): Parameter READ_DURING_WRITE_MODE_MIXED_PORTS set to OLD_DATA
        Info (286033): Parameter RDCONTROL_REG_B set to CLOCK0
    Info (276029): Inferred altsyncram megafunction from the following design logic: "pifoEngines_4|enque_enqueMapper|banks_0_rtl_0"  File: /data/work/rio-synthesis/hardware-overhead/pe5-v128-c1024-dynamic-quartus/rtl/PifoMesh.v Line: 8196
        Info (286033): Parameter OPERATION_MODE set to DUAL_PORT
        Info (286033): Parameter WIDTH_A set to 7
        Info (286033): Parameter WIDTHAD_A set to 7
        Info (286033): Parameter NUMWORDS_A set to 128
        Info (286033): Parameter WIDTH_B set to 7
        Info (286033): Parameter WIDTHAD_B set to 7
        Info (286033): Parameter NUMWORDS_B set to 128
        Info (286033): Parameter ADDRESS_ACLR_A set to NONE
        Info (286033): Parameter OUTDATA_REG_B set to UNREGISTERED
        Info (286033): Parameter ADDRESS_ACLR_B set to NONE
        Info (286033): Parameter OUTDATA_ACLR_B set to NONE
        Info (286033): Parameter ADDRESS_REG_B set to CLOCK0
        Info (286033): Parameter INDATA_ACLR_A set to NONE
        Info (286033): Parameter WRCONTROL_ACLR_A set to NONE
        Info (286033): Parameter INIT_FILE set to qdb/_compiler/pifo/root_partition/25.3.1/partitioned/1/mifs/ram8_PifoMesh_a88d83e7.hdl.mif
        Info (286033): Parameter READ_DURING_WRITE_MODE_MIXED_PORTS set to OLD_DATA
        Info (286033): Parameter RDCONTROL_REG_B set to CLOCK0
    Info (276029): Inferred altsyncram megafunction from the following design logic: "pifoEngines_4|enque_enqueMapper|banks_0_rtl_1"  File: /data/work/rio-synthesis/hardware-overhead/pe5-v128-c1024-dynamic-quartus/rtl/PifoMesh.v Line: 8196
        Info (286033): Parameter OPERATION_MODE set to DUAL_PORT
        Info (286033): Parameter WIDTH_A set to 7
        Info (286033): Parameter WIDTHAD_A set to 7
        Info (286033): Parameter NUMWORDS_A set to 128
        Info (286033): Parameter WIDTH_B set to 7
        Info (286033): Parameter WIDTHAD_B set to 7
        Info (286033): Parameter NUMWORDS_B set to 128
        Info (286033): Parameter ADDRESS_ACLR_A set to NONE
        Info (286033): Parameter OUTDATA_REG_B set to UNREGISTERED
        Info (286033): Parameter ADDRESS_ACLR_B set to NONE
        Info (286033): Parameter OUTDATA_ACLR_B set to NONE
        Info (286033): Parameter ADDRESS_REG_B set to CLOCK0
        Info (286033): Parameter INDATA_ACLR_A set to NONE
        Info (286033): Parameter WRCONTROL_ACLR_A set to NONE
        Info (286033): Parameter INIT_FILE set to qdb/_compiler/pifo/root_partition/25.3.1/partitioned/1/mifs/ram8_PifoMesh_a88d83e7.hdl.mif
        Info (286033): Parameter READ_DURING_WRITE_MODE_MIXED_PORTS set to OLD_DATA
        Info (286033): Parameter RDCONTROL_REG_B set to CLOCK0
    Info (276029): Inferred altsyncram megafunction from the following design logic: "pifoEngines_4|enque_enqueMapper|banks_1_rtl_0"  File: /data/work/rio-synthesis/hardware-overhead/pe5-v128-c1024-dynamic-quartus/rtl/PifoMesh.v Line: 8197
        Info (286033): Parameter OPERATION_MODE set to DUAL_PORT
        Info (286033): Parameter WIDTH_A set to 7
        Info (286033): Parameter WIDTHAD_A set to 7
        Info (286033): Parameter NUMWORDS_A set to 128
        Info (286033): Parameter WIDTH_B set to 7
        Info (286033): Parameter WIDTHAD_B set to 7
        Info (286033): Parameter NUMWORDS_B set to 128
        Info (286033): Parameter ADDRESS_ACLR_A set to NONE
        Info (286033): Parameter OUTDATA_REG_B set to UNREGISTERED
        Info (286033): Parameter ADDRESS_ACLR_B set to NONE
        Info (286033): Parameter OUTDATA_ACLR_B set to NONE
        Info (286033): Parameter ADDRESS_REG_B set to CLOCK0
        Info (286033): Parameter INDATA_ACLR_A set to NONE
        Info (286033): Parameter WRCONTROL_ACLR_A set to NONE
        Info (286033): Parameter INIT_FILE set to qdb/_compiler/pifo/root_partition/25.3.1/partitioned/1/mifs/ram8_PifoMesh_a88d83e7.hdl.mif
        Info (286033): Parameter READ_DURING_WRITE_MODE_MIXED_PORTS set to OLD_DATA
        Info (286033): Parameter RDCONTROL_REG_B set to CLOCK0
    Info (276029): Inferred altsyncram megafunction from the following design logic: "pifoEngines_4|enque_enqueMapper|banks_1_rtl_1"  File: /data/work/rio-synthesis/hardware-overhead/pe5-v128-c1024-dynamic-quartus/rtl/PifoMesh.v Line: 8197
        Info (286033): Parameter OPERATION_MODE set to DUAL_PORT
        Info (286033): Parameter WIDTH_A set to 7
        Info (286033): Parameter WIDTHAD_A set to 7
        Info (286033): Parameter NUMWORDS_A set to 128
        Info (286033): Parameter WIDTH_B set to 7
        Info (286033): Parameter WIDTHAD_B set to 7
        Info (286033): Parameter NUMWORDS_B set to 128
        Info (286033): Parameter ADDRESS_ACLR_A set to NONE
        Info (286033): Parameter OUTDATA_REG_B set to UNREGISTERED
        Info (286033): Parameter ADDRESS_ACLR_B set to NONE
        Info (286033): Parameter OUTDATA_ACLR_B set to NONE
        Info (286033): Parameter ADDRESS_REG_B set to CLOCK0
        Info (286033): Parameter INDATA_ACLR_A set to NONE
        Info (286033): Parameter WRCONTROL_ACLR_A set to NONE
        Info (286033): Parameter INIT_FILE set to qdb/_compiler/pifo/root_partition/25.3.1/partitioned/1/mifs/ram8_PifoMesh_a88d83e7.hdl.mif
        Info (286033): Parameter READ_DURING_WRITE_MODE_MIXED_PORTS set to OLD_DATA
        Info (286033): Parameter RDCONTROL_REG_B set to CLOCK0
    Info (276029): Inferred altsyncram megafunction from the following design logic: "pifoEngines_4|deque_dequeMapper|banks_0_rtl_0"  File: /data/work/rio-synthesis/hardware-overhead/pe5-v128-c1024-dynamic-quartus/rtl/PifoMesh.v Line: 6981
        Info (286033): Parameter OPERATION_MODE set to DUAL_PORT
        Info (286033): Parameter WIDTH_A set to 10
        Info (286033): Parameter WIDTHAD_A set to 17
        Info (286033): Parameter NUMWORDS_A set to 131072
        Info (286033): Parameter WIDTH_B set to 10
        Info (286033): Parameter WIDTHAD_B set to 17
        Info (286033): Parameter NUMWORDS_B set to 131072
        Info (286033): Parameter ADDRESS_ACLR_A set to NONE
        Info (286033): Parameter OUTDATA_REG_B set to UNREGISTERED
        Info (286033): Parameter ADDRESS_ACLR_B set to NONE
        Info (286033): Parameter OUTDATA_ACLR_B set to NONE
        Info (286033): Parameter ADDRESS_REG_B set to CLOCK0
        Info (286033): Parameter INDATA_ACLR_A set to NONE
        Info (286033): Parameter WRCONTROL_ACLR_A set to NONE
        Info (286033): Parameter INIT_FILE set to qdb/_compiler/pifo/root_partition/25.3.1/partitioned/1/mifs/ram9_PifoMesh_a88d83e7.hdl.mif
        Info (286033): Parameter READ_DURING_WRITE_MODE_MIXED_PORTS set to OLD_DATA
        Info (286033): Parameter RDCONTROL_REG_B set to CLOCK0
    Info (276029): Inferred altsyncram megafunction from the following design logic: "pifoEngines_4|deque_dequeMapper|banks_0_rtl_1"  File: /data/work/rio-synthesis/hardware-overhead/pe5-v128-c1024-dynamic-quartus/rtl/PifoMesh.v Line: 6981
        Info (286033): Parameter OPERATION_MODE set to DUAL_PORT
        Info (286033): Parameter WIDTH_A set to 10
        Info (286033): Parameter WIDTHAD_A set to 17
        Info (286033): Parameter NUMWORDS_A set to 131072
        Info (286033): Parameter WIDTH_B set to 10
        Info (286033): Parameter WIDTHAD_B set to 17
        Info (286033): Parameter NUMWORDS_B set to 131072
        Info (286033): Parameter ADDRESS_ACLR_A set to NONE
        Info (286033): Parameter OUTDATA_REG_B set to UNREGISTERED
        Info (286033): Parameter ADDRESS_ACLR_B set to NONE
        Info (286033): Parameter OUTDATA_ACLR_B set to NONE
        Info (286033): Parameter ADDRESS_REG_B set to CLOCK0
        Info (286033): Parameter INDATA_ACLR_A set to NONE
        Info (286033): Parameter WRCONTROL_ACLR_A set to NONE
        Info (286033): Parameter INIT_FILE set to qdb/_compiler/pifo/root_partition/25.3.1/partitioned/1/mifs/ram9_PifoMesh_a88d83e7.hdl.mif
        Info (286033): Parameter READ_DURING_WRITE_MODE_MIXED_PORTS set to OLD_DATA
        Info (286033): Parameter RDCONTROL_REG_B set to CLOCK0
    Info (276029): Inferred altsyncram megafunction from the following design logic: "pifoEngines_4|deque_dequeMapper|banks_1_rtl_0"  File: /data/work/rio-synthesis/hardware-overhead/pe5-v128-c1024-dynamic-quartus/rtl/PifoMesh.v Line: 6982
        Info (286033): Parameter OPERATION_MODE set to DUAL_PORT
        Info (286033): Parameter WIDTH_A set to 10
        Info (286033): Parameter WIDTHAD_A set to 17
        Info (286033): Parameter NUMWORDS_A set to 131072
        Info (286033): Parameter WIDTH_B set to 10
        Info (286033): Parameter WIDTHAD_B set to 17
        Info (286033): Parameter NUMWORDS_B set to 131072
        Info (286033): Parameter ADDRESS_ACLR_A set to NONE
        Info (286033): Parameter OUTDATA_REG_B set to UNREGISTERED
        Info (286033): Parameter ADDRESS_ACLR_B set to NONE
        Info (286033): Parameter OUTDATA_ACLR_B set to NONE
        Info (286033): Parameter ADDRESS_REG_B set to CLOCK0
        Info (286033): Parameter INDATA_ACLR_A set to NONE
        Info (286033): Parameter WRCONTROL_ACLR_A set to NONE
        Info (286033): Parameter INIT_FILE set to qdb/_compiler/pifo/root_partition/25.3.1/partitioned/1/mifs/ram9_PifoMesh_a88d83e7.hdl.mif
        Info (286033): Parameter READ_DURING_WRITE_MODE_MIXED_PORTS set to OLD_DATA
        Info (286033): Parameter RDCONTROL_REG_B set to CLOCK0
    Info (276029): Inferred altsyncram megafunction from the following design logic: "pifoEngines_4|deque_dequeMapper|banks_1_rtl_1"  File: /data/work/rio-synthesis/hardware-overhead/pe5-v128-c1024-dynamic-quartus/rtl/PifoMesh.v Line: 6982
        Info (286033): Parameter OPERATION_MODE set to DUAL_PORT
        Info (286033): Parameter WIDTH_A set to 10
        Info (286033): Parameter WIDTHAD_A set to 17
        Info (286033): Parameter NUMWORDS_A set to 131072
        Info (286033): Parameter WIDTH_B set to 10
        Info (286033): Parameter WIDTHAD_B set to 17
        Info (286033): Parameter NUMWORDS_B set to 131072
        Info (286033): Parameter ADDRESS_ACLR_A set to NONE
        Info (286033): Parameter OUTDATA_REG_B set to UNREGISTERED
        Info (286033): Parameter ADDRESS_ACLR_B set to NONE
        Info (286033): Parameter OUTDATA_ACLR_B set to NONE
        Info (286033): Parameter ADDRESS_REG_B set to CLOCK0
        Info (286033): Parameter INDATA_ACLR_A set to NONE
        Info (286033): Parameter WRCONTROL_ACLR_A set to NONE
        Info (286033): Parameter INIT_FILE set to qdb/_compiler/pifo/root_partition/25.3.1/partitioned/1/mifs/ram9_PifoMesh_a88d83e7.hdl.mif
        Info (286033): Parameter READ_DURING_WRITE_MODE_MIXED_PORTS set to OLD_DATA
        Info (286033): Parameter RDCONTROL_REG_B set to CLOCK0
    Info (276029): Inferred altsyncram megafunction from the following design logic: "xbar|io_inputs_0_fifo|fifo|logic_ram_rtl_0"  File: /data/work/rio-synthesis/hardware-overhead/pe5-v128-c1024-dynamic-quartus/rtl/PifoMesh.v Line: 151291
        Info (286033): Parameter OPERATION_MODE set to DUAL_PORT
        Info (286033): Parameter WIDTH_A set to 10
        Info (286033): Parameter WIDTHAD_A set to 3
        Info (286033): Parameter NUMWORDS_A set to 8
        Info (286033): Parameter WIDTH_B set to 10
        Info (286033): Parameter WIDTHAD_B set to 3
        Info (286033): Parameter NUMWORDS_B set to 8
        Info (286033): Parameter ADDRESS_ACLR_A set to NONE
        Info (286033): Parameter OUTDATA_REG_B set to UNREGISTERED
        Info (286033): Parameter ADDRESS_ACLR_B set to CLEAR0
        Info (286033): Parameter OUTDATA_ACLR_B set to NONE
        Info (286033): Parameter ADDRESS_REG_B set to CLOCK0
        Info (286033): Parameter INDATA_ACLR_A set to NONE
        Info (286033): Parameter WRCONTROL_ACLR_A set to NONE
    Info (276029): Inferred altsyncram megafunction from the following design logic: "xbar|io_inputs_1_fifo|fifo|logic_ram_rtl_0"  File: /data/work/rio-synthesis/hardware-overhead/pe5-v128-c1024-dynamic-quartus/rtl/PifoMesh.v Line: 151291
        Info (286033): Parameter OPERATION_MODE set to DUAL_PORT
        Info (286033): Parameter WIDTH_A set to 10
        Info (286033): Parameter WIDTHAD_A set to 3
        Info (286033): Parameter NUMWORDS_A set to 8
        Info (286033): Parameter WIDTH_B set to 10
        Info (286033): Parameter WIDTHAD_B set to 3
        Info (286033): Parameter NUMWORDS_B set to 8
        Info (286033): Parameter ADDRESS_ACLR_A set to NONE
        Info (286033): Parameter OUTDATA_REG_B set to UNREGISTERED
        Info (286033): Parameter ADDRESS_ACLR_B set to CLEAR0
        Info (286033): Parameter OUTDATA_ACLR_B set to NONE
        Info (286033): Parameter ADDRESS_REG_B set to CLOCK0
        Info (286033): Parameter INDATA_ACLR_A set to NONE
        Info (286033): Parameter WRCONTROL_ACLR_A set to NONE
    Info (276029): Inferred altsyncram megafunction from the following design logic: "xbar|io_inputs_2_fifo|fifo|logic_ram_rtl_0"  File: /data/work/rio-synthesis/hardware-overhead/pe5-v128-c1024-dynamic-quartus/rtl/PifoMesh.v Line: 151291
        Info (286033): Parameter OPERATION_MODE set to DUAL_PORT
        Info (286033): Parameter WIDTH_A set to 10
        Info (286033): Parameter WIDTHAD_A set to 3
        Info (286033): Parameter NUMWORDS_A set to 8
        Info (286033): Parameter WIDTH_B set to 10
        Info (286033): Parameter WIDTHAD_B set to 3
        Info (286033): Parameter NUMWORDS_B set to 8
        Info (286033): Parameter ADDRESS_ACLR_A set to NONE
        Info (286033): Parameter OUTDATA_REG_B set to UNREGISTERED
        Info (286033): Parameter ADDRESS_ACLR_B set to CLEAR0
        Info (286033): Parameter OUTDATA_ACLR_B set to NONE
        Info (286033): Parameter ADDRESS_REG_B set to CLOCK0
        Info (286033): Parameter INDATA_ACLR_A set to NONE
        Info (286033): Parameter WRCONTROL_ACLR_A set to NONE
    Info (276029): Inferred altsyncram megafunction from the following design logic: "xbar|io_inputs_3_fifo|fifo|logic_ram_rtl_0"  File: /data/work/rio-synthesis/hardware-overhead/pe5-v128-c1024-dynamic-quartus/rtl/PifoMesh.v Line: 151291
        Info (286033): Parameter OPERATION_MODE set to DUAL_PORT
        Info (286033): Parameter WIDTH_A set to 10
        Info (286033): Parameter WIDTHAD_A set to 3
        Info (286033): Parameter NUMWORDS_A set to 8
        Info (286033): Parameter WIDTH_B set to 10
        Info (286033): Parameter WIDTHAD_B set to 3
        Info (286033): Parameter NUMWORDS_B set to 8
        Info (286033): Parameter ADDRESS_ACLR_A set to NONE
        Info (286033): Parameter OUTDATA_REG_B set to UNREGISTERED
        Info (286033): Parameter ADDRESS_ACLR_B set to CLEAR0
        Info (286033): Parameter OUTDATA_ACLR_B set to NONE
        Info (286033): Parameter ADDRESS_REG_B set to CLOCK0
        Info (286033): Parameter INDATA_ACLR_A set to NONE
        Info (286033): Parameter WRCONTROL_ACLR_A set to NONE
    Info (276029): Inferred altsyncram megafunction from the following design logic: "xbar|io_inputs_4_fifo|fifo|logic_ram_rtl_0"  File: /data/work/rio-synthesis/hardware-overhead/pe5-v128-c1024-dynamic-quartus/rtl/PifoMesh.v Line: 151291
        Info (286033): Parameter OPERATION_MODE set to DUAL_PORT
        Info (286033): Parameter WIDTH_A set to 10
        Info (286033): Parameter WIDTHAD_A set to 3
        Info (286033): Parameter NUMWORDS_A set to 8
        Info (286033): Parameter WIDTH_B set to 10
        Info (286033): Parameter WIDTHAD_B set to 3
        Info (286033): Parameter NUMWORDS_B set to 8
        Info (286033): Parameter ADDRESS_ACLR_A set to NONE
        Info (286033): Parameter OUTDATA_REG_B set to UNREGISTERED
        Info (286033): Parameter ADDRESS_ACLR_B set to CLEAR0
        Info (286033): Parameter OUTDATA_ACLR_B set to NONE
        Info (286033): Parameter ADDRESS_REG_B set to CLOCK0
        Info (286033): Parameter INDATA_ACLR_A set to NONE
        Info (286033): Parameter WRCONTROL_ACLR_A set to NONE
    Info (276029): Inferred altsyncram megafunction from the following design logic: "xbar|io_inputs_5_fifo|fifo|logic_ram_rtl_0"  File: /data/work/rio-synthesis/hardware-overhead/pe5-v128-c1024-dynamic-quartus/rtl/PifoMesh.v Line: 151291
        Info (286033): Parameter OPERATION_MODE set to DUAL_PORT
        Info (286033): Parameter WIDTH_A set to 10
        Info (286033): Parameter WIDTHAD_A set to 3
        Info (286033): Parameter NUMWORDS_A set to 8
        Info (286033): Parameter WIDTH_B set to 10
        Info (286033): Parameter WIDTHAD_B set to 3
        Info (286033): Parameter NUMWORDS_B set to 8
        Info (286033): Parameter ADDRESS_ACLR_A set to NONE
        Info (286033): Parameter OUTDATA_REG_B set to UNREGISTERED
        Info (286033): Parameter ADDRESS_ACLR_B set to CLEAR0
        Info (286033): Parameter OUTDATA_ACLR_B set to NONE
        Info (286033): Parameter ADDRESS_REG_B set to CLOCK0
        Info (286033): Parameter INDATA_ACLR_A set to NONE
        Info (286033): Parameter WRCONTROL_ACLR_A set to NONE
    Info (276029): Inferred altsyncram megafunction from the following design logic: "pifoEngines_0|enque_brain|engineMapper|ram_rtl_0"  File: /data/work/rio-synthesis/hardware-overhead/pe5-v128-c1024-dynamic-quartus/rtl/PifoMesh.v Line: 150931
        Info (286033): Parameter OPERATION_MODE set to DUAL_PORT
        Info (286033): Parameter WIDTH_A set to 2
        Info (286033): Parameter WIDTHAD_A set to 7
        Info (286033): Parameter NUMWORDS_A set to 128
        Info (286033): Parameter WIDTH_B set to 2
        Info (286033): Parameter WIDTHAD_B set to 7
        Info (286033): Parameter NUMWORDS_B set to 128
        Info (286033): Parameter ADDRESS_ACLR_A set to NONE
        Info (286033): Parameter OUTDATA_REG_B set to UNREGISTERED
        Info (286033): Parameter ADDRESS_ACLR_B set to NONE
        Info (286033): Parameter OUTDATA_ACLR_B set to NONE
        Info (286033): Parameter ADDRESS_REG_B set to CLOCK0
        Info (286033): Parameter INDATA_ACLR_A set to NONE
        Info (286033): Parameter WRCONTROL_ACLR_A set to NONE
        Info (286033): Parameter INIT_FILE set to qdb/_compiler/pifo/root_partition/25.3.1/partitioned/1/mifs/ram10_PifoMesh_a88d83e7.hdl.mif
        Info (286033): Parameter READ_DURING_WRITE_MODE_MIXED_PORTS set to OLD_DATA
    Info (276029): Inferred altsyncram megafunction from the following design logic: "pifoEngines_0|enque_brain|lastVirtualMapper|ram_rtl_0"  File: /data/work/rio-synthesis/hardware-overhead/pe5-v128-c1024-dynamic-quartus/rtl/PifoMesh.v Line: 150878
        Info (286033): Parameter OPERATION_MODE set to DUAL_PORT
        Info (286033): Parameter WIDTH_A set to 8
        Info (286033): Parameter WIDTHAD_A set to 7
        Info (286033): Parameter NUMWORDS_A set to 128
        Info (286033): Parameter WIDTH_B set to 8
        Info (286033): Parameter WIDTHAD_B set to 7
        Info (286033): Parameter NUMWORDS_B set to 128
        Info (286033): Parameter ADDRESS_ACLR_A set to NONE
        Info (286033): Parameter OUTDATA_REG_B set to UNREGISTERED
        Info (286033): Parameter ADDRESS_ACLR_B set to NONE
        Info (286033): Parameter OUTDATA_ACLR_B set to NONE
        Info (286033): Parameter ADDRESS_REG_B set to CLOCK0
        Info (286033): Parameter INDATA_ACLR_A set to NONE
        Info (286033): Parameter WRCONTROL_ACLR_A set to NONE
        Info (286033): Parameter INIT_FILE set to qdb/_compiler/pifo/root_partition/25.3.1/partitioned/1/mifs/ram11_PifoMesh_a88d83e7.hdl.mif
        Info (286033): Parameter READ_DURING_WRITE_MODE_MIXED_PORTS set to OLD_DATA
    Info (276029): Inferred altsyncram megafunction from the following design logic: "pifoEngines_0|enque_brain|engineCAM|ram_rtl_0"  File: /data/work/rio-synthesis/hardware-overhead/pe5-v128-c1024-dynamic-quartus/rtl/PifoMesh.v Line: 150825
        Info (286033): Parameter OPERATION_MODE set to DUAL_PORT
        Info (286033): Parameter WIDTH_A set to 32
        Info (286033): Parameter WIDTHAD_A set to 17
        Info (286033): Parameter NUMWORDS_A set to 131072
        Info (286033): Parameter WIDTH_B set to 32
        Info (286033): Parameter WIDTHAD_B set to 17
        Info (286033): Parameter NUMWORDS_B set to 131072
        Info (286033): Parameter ADDRESS_ACLR_A set to NONE
        Info (286033): Parameter OUTDATA_REG_B set to UNREGISTERED
        Info (286033): Parameter ADDRESS_ACLR_B set to NONE
        Info (286033): Parameter OUTDATA_ACLR_B set to NONE
        Info (286033): Parameter ADDRESS_REG_B set to CLOCK0
        Info (286033): Parameter INDATA_ACLR_A set to NONE
        Info (286033): Parameter WRCONTROL_ACLR_A set to NONE
        Info (286033): Parameter INIT_FILE set to qdb/_compiler/pifo/root_partition/25.3.1/partitioned/1/mifs/ram12_PifoMesh_a88d83e7.hdl.mif
        Info (286033): Parameter READ_DURING_WRITE_MODE_MIXED_PORTS set to OLD_DATA
    Info (276029): Inferred altsyncram megafunction from the following design logic: "pifoEngines_0|enque_brain|brainStateMem|ram_rtl_0"  File: /data/work/rio-synthesis/hardware-overhead/pe5-v128-c1024-dynamic-quartus/rtl/PifoMesh.v Line: 150654
        Info (286033): Parameter OPERATION_MODE set to DUAL_PORT
        Info (286033): Parameter WIDTH_A set to 32
        Info (286033): Parameter WIDTHAD_A set to 7
        Info (286033): Parameter NUMWORDS_A set to 128
        Info (286033): Parameter WIDTH_B set to 32
        Info (286033): Parameter WIDTHAD_B set to 7
        Info (286033): Parameter NUMWORDS_B set to 128
        Info (286033): Parameter ADDRESS_ACLR_A set to NONE
        Info (286033): Parameter OUTDATA_REG_B set to UNREGISTERED
        Info (286033): Parameter ADDRESS_ACLR_B set to NONE
        Info (286033): Parameter OUTDATA_ACLR_B set to NONE
        Info (286033): Parameter ADDRESS_REG_B set to CLOCK0
        Info (286033): Parameter INDATA_ACLR_A set to NONE
        Info (286033): Parameter WRCONTROL_ACLR_A set to NONE
        Info (286033): Parameter INIT_FILE set to qdb/_compiler/pifo/root_partition/25.3.1/partitioned/1/mifs/ram13_PifoMesh_a88d83e7.hdl.mif
        Info (286033): Parameter READ_DURING_WRITE_MODE_MIXED_PORTS set to OLD_DATA
    Info (276029): Inferred altsyncram megafunction from the following design logic: "pifoEngines_1|enque_brain|engineMapper|ram_rtl_0"  File: /data/work/rio-synthesis/hardware-overhead/pe5-v128-c1024-dynamic-quartus/rtl/PifoMesh.v Line: 149961
        Info (286033): Parameter OPERATION_MODE set to DUAL_PORT
        Info (286033): Parameter WIDTH_A set to 2
        Info (286033): Parameter WIDTHAD_A set to 7
        Info (286033): Parameter NUMWORDS_A set to 128
        Info (286033): Parameter WIDTH_B set to 2
        Info (286033): Parameter WIDTHAD_B set to 7
        Info (286033): Parameter NUMWORDS_B set to 128
        Info (286033): Parameter ADDRESS_ACLR_A set to NONE
        Info (286033): Parameter OUTDATA_REG_B set to UNREGISTERED
        Info (286033): Parameter ADDRESS_ACLR_B set to NONE
        Info (286033): Parameter OUTDATA_ACLR_B set to NONE
        Info (286033): Parameter ADDRESS_REG_B set to CLOCK0
        Info (286033): Parameter INDATA_ACLR_A set to NONE
        Info (286033): Parameter WRCONTROL_ACLR_A set to NONE
        Info (286033): Parameter INIT_FILE set to qdb/_compiler/pifo/root_partition/25.3.1/partitioned/1/mifs/ram14_PifoMesh_a88d83e7.hdl.mif
        Info (286033): Parameter READ_DURING_WRITE_MODE_MIXED_PORTS set to OLD_DATA
    Info (276029): Inferred altsyncram megafunction from the following design logic: "pifoEngines_1|enque_brain|lastVirtualMapper|ram_rtl_0"  File: /data/work/rio-synthesis/hardware-overhead/pe5-v128-c1024-dynamic-quartus/rtl/PifoMesh.v Line: 149908
        Info (286033): Parameter OPERATION_MODE set to DUAL_PORT
        Info (286033): Parameter WIDTH_A set to 8
        Info (286033): Parameter WIDTHAD_A set to 7
        Info (286033): Parameter NUMWORDS_A set to 128
        Info (286033): Parameter WIDTH_B set to 8
        Info (286033): Parameter WIDTHAD_B set to 7
        Info (286033): Parameter NUMWORDS_B set to 128
        Info (286033): Parameter ADDRESS_ACLR_A set to NONE
        Info (286033): Parameter OUTDATA_REG_B set to UNREGISTERED
        Info (286033): Parameter ADDRESS_ACLR_B set to NONE
        Info (286033): Parameter OUTDATA_ACLR_B set to NONE
        Info (286033): Parameter ADDRESS_REG_B set to CLOCK0
        Info (286033): Parameter INDATA_ACLR_A set to NONE
        Info (286033): Parameter WRCONTROL_ACLR_A set to NONE
        Info (286033): Parameter INIT_FILE set to qdb/_compiler/pifo/root_partition/25.3.1/partitioned/1/mifs/ram15_PifoMesh_a88d83e7.hdl.mif
        Info (286033): Parameter READ_DURING_WRITE_MODE_MIXED_PORTS set to OLD_DATA
    Info (276029): Inferred altsyncram megafunction from the following design logic: "pifoEngines_1|enque_brain|engineCAM|ram_rtl_0"  File: /data/work/rio-synthesis/hardware-overhead/pe5-v128-c1024-dynamic-quartus/rtl/PifoMesh.v Line: 149855
        Info (286033): Parameter OPERATION_MODE set to DUAL_PORT
        Info (286033): Parameter WIDTH_A set to 32
        Info (286033): Parameter WIDTHAD_A set to 17
        Info (286033): Parameter NUMWORDS_A set to 131072
        Info (286033): Parameter WIDTH_B set to 32
        Info (286033): Parameter WIDTHAD_B set to 17
        Info (286033): Parameter NUMWORDS_B set to 131072
        Info (286033): Parameter ADDRESS_ACLR_A set to NONE
        Info (286033): Parameter OUTDATA_REG_B set to UNREGISTERED
        Info (286033): Parameter ADDRESS_ACLR_B set to NONE
        Info (286033): Parameter OUTDATA_ACLR_B set to NONE
        Info (286033): Parameter ADDRESS_REG_B set to CLOCK0
        Info (286033): Parameter INDATA_ACLR_A set to NONE
        Info (286033): Parameter WRCONTROL_ACLR_A set to NONE
        Info (286033): Parameter INIT_FILE set to qdb/_compiler/pifo/root_partition/25.3.1/partitioned/1/mifs/ram16_PifoMesh_a88d83e7.hdl.mif
        Info (286033): Parameter READ_DURING_WRITE_MODE_MIXED_PORTS set to OLD_DATA
    Info (276029): Inferred altsyncram megafunction from the following design logic: "pifoEngines_1|enque_brain|brainStateMem|ram_rtl_0"  File: /data/work/rio-synthesis/hardware-overhead/pe5-v128-c1024-dynamic-quartus/rtl/PifoMesh.v Line: 149798
        Info (286033): Parameter OPERATION_MODE set to DUAL_PORT
        Info (286033): Parameter WIDTH_A set to 32
        Info (286033): Parameter WIDTHAD_A set to 7
        Info (286033): Parameter NUMWORDS_A set to 128
        Info (286033): Parameter WIDTH_B set to 32
        Info (286033): Parameter WIDTHAD_B set to 7
        Info (286033): Parameter NUMWORDS_B set to 128
        Info (286033): Parameter ADDRESS_ACLR_A set to NONE
        Info (286033): Parameter OUTDATA_REG_B set to UNREGISTERED
        Info (286033): Parameter ADDRESS_ACLR_B set to NONE
        Info (286033): Parameter OUTDATA_ACLR_B set to NONE
        Info (286033): Parameter ADDRESS_REG_B set to CLOCK0
        Info (286033): Parameter INDATA_ACLR_A set to NONE
        Info (286033): Parameter WRCONTROL_ACLR_A set to NONE
        Info (286033): Parameter INIT_FILE set to qdb/_compiler/pifo/root_partition/25.3.1/partitioned/1/mifs/ram17_PifoMesh_a88d83e7.hdl.mif
        Info (286033): Parameter READ_DURING_WRITE_MODE_MIXED_PORTS set to OLD_DATA
    Info (276029): Inferred altsyncram megafunction from the following design logic: "pifoEngines_2|enque_brain|engineMapper|ram_rtl_0"  File: /data/work/rio-synthesis/hardware-overhead/pe5-v128-c1024-dynamic-quartus/rtl/PifoMesh.v Line: 149723
        Info (286033): Parameter OPERATION_MODE set to DUAL_PORT
        Info (286033): Parameter WIDTH_A set to 2
        Info (286033): Parameter WIDTHAD_A set to 7
        Info (286033): Parameter NUMWORDS_A set to 128
        Info (286033): Parameter WIDTH_B set to 2
        Info (286033): Parameter WIDTHAD_B set to 7
        Info (286033): Parameter NUMWORDS_B set to 128
        Info (286033): Parameter ADDRESS_ACLR_A set to NONE
        Info (286033): Parameter OUTDATA_REG_B set to UNREGISTERED
        Info (286033): Parameter ADDRESS_ACLR_B set to NONE
        Info (286033): Parameter OUTDATA_ACLR_B set to NONE
        Info (286033): Parameter ADDRESS_REG_B set to CLOCK0
        Info (286033): Parameter INDATA_ACLR_A set to NONE
        Info (286033): Parameter WRCONTROL_ACLR_A set to NONE
        Info (286033): Parameter INIT_FILE set to qdb/_compiler/pifo/root_partition/25.3.1/partitioned/1/mifs/ram18_PifoMesh_a88d83e7.hdl.mif
        Info (286033): Parameter READ_DURING_WRITE_MODE_MIXED_PORTS set to OLD_DATA
    Info (276029): Inferred altsyncram megafunction from the following design logic: "pifoEngines_2|enque_brain|lastVirtualMapper|ram_rtl_0"  File: /data/work/rio-synthesis/hardware-overhead/pe5-v128-c1024-dynamic-quartus/rtl/PifoMesh.v Line: 149670
        Info (286033): Parameter OPERATION_MODE set to DUAL_PORT
        Info (286033): Parameter WIDTH_A set to 8
        Info (286033): Parameter WIDTHAD_A set to 7
        Info (286033): Parameter NUMWORDS_A set to 128
        Info (286033): Parameter WIDTH_B set to 8
        Info (286033): Parameter WIDTHAD_B set to 7
        Info (286033): Parameter NUMWORDS_B set to 128
        Info (286033): Parameter ADDRESS_ACLR_A set to NONE
        Info (286033): Parameter OUTDATA_REG_B set to UNREGISTERED
        Info (286033): Parameter ADDRESS_ACLR_B set to NONE
        Info (286033): Parameter OUTDATA_ACLR_B set to NONE
        Info (286033): Parameter ADDRESS_REG_B set to CLOCK0
        Info (286033): Parameter INDATA_ACLR_A set to NONE
        Info (286033): Parameter WRCONTROL_ACLR_A set to NONE
        Info (286033): Parameter INIT_FILE set to qdb/_compiler/pifo/root_partition/25.3.1/partitioned/1/mifs/ram19_PifoMesh_a88d83e7.hdl.mif
        Info (286033): Parameter READ_DURING_WRITE_MODE_MIXED_PORTS set to OLD_DATA
    Info (276029): Inferred altsyncram megafunction from the following design logic: "pifoEngines_2|enque_brain|engineCAM|ram_rtl_0"  File: /data/work/rio-synthesis/hardware-overhead/pe5-v128-c1024-dynamic-quartus/rtl/PifoMesh.v Line: 149617
        Info (286033): Parameter OPERATION_MODE set to DUAL_PORT
        Info (286033): Parameter WIDTH_A set to 32
        Info (286033): Parameter WIDTHAD_A set to 17
        Info (286033): Parameter NUMWORDS_A set to 131072
        Info (286033): Parameter WIDTH_B set to 32
        Info (286033): Parameter WIDTHAD_B set to 17
        Info (286033): Parameter NUMWORDS_B set to 131072
        Info (286033): Parameter ADDRESS_ACLR_A set to NONE
        Info (286033): Parameter OUTDATA_REG_B set to UNREGISTERED
        Info (286033): Parameter ADDRESS_ACLR_B set to NONE
        Info (286033): Parameter OUTDATA_ACLR_B set to NONE
        Info (286033): Parameter ADDRESS_REG_B set to CLOCK0
        Info (286033): Parameter INDATA_ACLR_A set to NONE
        Info (286033): Parameter WRCONTROL_ACLR_A set to NONE
        Info (286033): Parameter INIT_FILE set to qdb/_compiler/pifo/root_partition/25.3.1/partitioned/1/mifs/ram20_PifoMesh_a88d83e7.hdl.mif
        Info (286033): Parameter READ_DURING_WRITE_MODE_MIXED_PORTS set to OLD_DATA
    Info (276029): Inferred altsyncram megafunction from the following design logic: "pifoEngines_2|enque_brain|brainStateMem|ram_rtl_0"  File: /data/work/rio-synthesis/hardware-overhead/pe5-v128-c1024-dynamic-quartus/rtl/PifoMesh.v Line: 149560
        Info (286033): Parameter OPERATION_MODE set to DUAL_PORT
        Info (286033): Parameter WIDTH_A set to 32
        Info (286033): Parameter WIDTHAD_A set to 7
        Info (286033): Parameter NUMWORDS_A set to 128
        Info (286033): Parameter WIDTH_B set to 32
        Info (286033): Parameter WIDTHAD_B set to 7
        Info (286033): Parameter NUMWORDS_B set to 128
        Info (286033): Parameter ADDRESS_ACLR_A set to NONE
        Info (286033): Parameter OUTDATA_REG_B set to UNREGISTERED
        Info (286033): Parameter ADDRESS_ACLR_B set to NONE
        Info (286033): Parameter OUTDATA_ACLR_B set to NONE
        Info (286033): Parameter ADDRESS_REG_B set to CLOCK0
        Info (286033): Parameter INDATA_ACLR_A set to NONE
        Info (286033): Parameter WRCONTROL_ACLR_A set to NONE
        Info (286033): Parameter INIT_FILE set to qdb/_compiler/pifo/root_partition/25.3.1/partitioned/1/mifs/ram21_PifoMesh_a88d83e7.hdl.mif
        Info (286033): Parameter READ_DURING_WRITE_MODE_MIXED_PORTS set to OLD_DATA
    Info (276029): Inferred altsyncram megafunction from the following design logic: "pifoEngines_3|enque_brain|engineMapper|ram_rtl_0"  File: /data/work/rio-synthesis/hardware-overhead/pe5-v128-c1024-dynamic-quartus/rtl/PifoMesh.v Line: 149485
        Info (286033): Parameter OPERATION_MODE set to DUAL_PORT
        Info (286033): Parameter WIDTH_A set to 2
        Info (286033): Parameter WIDTHAD_A set to 7
        Info (286033): Parameter NUMWORDS_A set to 128
        Info (286033): Parameter WIDTH_B set to 2
        Info (286033): Parameter WIDTHAD_B set to 7
        Info (286033): Parameter NUMWORDS_B set to 128
        Info (286033): Parameter ADDRESS_ACLR_A set to NONE
        Info (286033): Parameter OUTDATA_REG_B set to UNREGISTERED
        Info (286033): Parameter ADDRESS_ACLR_B set to NONE
        Info (286033): Parameter OUTDATA_ACLR_B set to NONE
        Info (286033): Parameter ADDRESS_REG_B set to CLOCK0
        Info (286033): Parameter INDATA_ACLR_A set to NONE
        Info (286033): Parameter WRCONTROL_ACLR_A set to NONE
        Info (286033): Parameter INIT_FILE set to qdb/_compiler/pifo/root_partition/25.3.1/partitioned/1/mifs/ram22_PifoMesh_a88d83e7.hdl.mif
        Info (286033): Parameter READ_DURING_WRITE_MODE_MIXED_PORTS set to OLD_DATA
    Info (276029): Inferred altsyncram megafunction from the following design logic: "pifoEngines_3|enque_brain|lastVirtualMapper|ram_rtl_0"  File: /data/work/rio-synthesis/hardware-overhead/pe5-v128-c1024-dynamic-quartus/rtl/PifoMesh.v Line: 149432
        Info (286033): Parameter OPERATION_MODE set to DUAL_PORT
        Info (286033): Parameter WIDTH_A set to 8
        Info (286033): Parameter WIDTHAD_A set to 7
        Info (286033): Parameter NUMWORDS_A set to 128
        Info (286033): Parameter WIDTH_B set to 8
        Info (286033): Parameter WIDTHAD_B set to 7
        Info (286033): Parameter NUMWORDS_B set to 128
        Info (286033): Parameter ADDRESS_ACLR_A set to NONE
        Info (286033): Parameter OUTDATA_REG_B set to UNREGISTERED
        Info (286033): Parameter ADDRESS_ACLR_B set to NONE
        Info (286033): Parameter OUTDATA_ACLR_B set to NONE
        Info (286033): Parameter ADDRESS_REG_B set to CLOCK0
        Info (286033): Parameter INDATA_ACLR_A set to NONE
        Info (286033): Parameter WRCONTROL_ACLR_A set to NONE
        Info (286033): Parameter INIT_FILE set to qdb/_compiler/pifo/root_partition/25.3.1/partitioned/1/mifs/ram23_PifoMesh_a88d83e7.hdl.mif
        Info (286033): Parameter READ_DURING_WRITE_MODE_MIXED_PORTS set to OLD_DATA
    Info (276029): Inferred altsyncram megafunction from the following design logic: "pifoEngines_3|enque_brain|engineCAM|ram_rtl_0"  File: /data/work/rio-synthesis/hardware-overhead/pe5-v128-c1024-dynamic-quartus/rtl/PifoMesh.v Line: 149379
        Info (286033): Parameter OPERATION_MODE set to DUAL_PORT
        Info (286033): Parameter WIDTH_A set to 32
        Info (286033): Parameter WIDTHAD_A set to 17
        Info (286033): Parameter NUMWORDS_A set to 131072
        Info (286033): Parameter WIDTH_B set to 32
        Info (286033): Parameter WIDTHAD_B set to 17
        Info (286033): Parameter NUMWORDS_B set to 131072
        Info (286033): Parameter ADDRESS_ACLR_A set to NONE
        Info (286033): Parameter OUTDATA_REG_B set to UNREGISTERED
        Info (286033): Parameter ADDRESS_ACLR_B set to NONE
        Info (286033): Parameter OUTDATA_ACLR_B set to NONE
        Info (286033): Parameter ADDRESS_REG_B set to CLOCK0
        Info (286033): Parameter INDATA_ACLR_A set to NONE
        Info (286033): Parameter WRCONTROL_ACLR_A set to NONE
        Info (286033): Parameter INIT_FILE set to qdb/_compiler/pifo/root_partition/25.3.1/partitioned/1/mifs/ram24_PifoMesh_a88d83e7.hdl.mif
        Info (286033): Parameter READ_DURING_WRITE_MODE_MIXED_PORTS set to OLD_DATA
    Info (276029): Inferred altsyncram megafunction from the following design logic: "pifoEngines_3|enque_brain|brainStateMem|ram_rtl_0"  File: /data/work/rio-synthesis/hardware-overhead/pe5-v128-c1024-dynamic-quartus/rtl/PifoMesh.v Line: 149322
        Info (286033): Parameter OPERATION_MODE set to DUAL_PORT
        Info (286033): Parameter WIDTH_A set to 32
        Info (286033): Parameter WIDTHAD_A set to 7
        Info (286033): Parameter NUMWORDS_A set to 128
        Info (286033): Parameter WIDTH_B set to 32
        Info (286033): Parameter WIDTHAD_B set to 7
        Info (286033): Parameter NUMWORDS_B set to 128
        Info (286033): Parameter ADDRESS_ACLR_A set to NONE
        Info (286033): Parameter OUTDATA_REG_B set to UNREGISTERED
        Info (286033): Parameter ADDRESS_ACLR_B set to NONE
        Info (286033): Parameter OUTDATA_ACLR_B set to NONE
        Info (286033): Parameter ADDRESS_REG_B set to CLOCK0
        Info (286033): Parameter INDATA_ACLR_A set to NONE
        Info (286033): Parameter WRCONTROL_ACLR_A set to NONE
        Info (286033): Parameter INIT_FILE set to qdb/_compiler/pifo/root_partition/25.3.1/partitioned/1/mifs/ram25_PifoMesh_a88d83e7.hdl.mif
        Info (286033): Parameter READ_DURING_WRITE_MODE_MIXED_PORTS set to OLD_DATA
    Info (276029): Inferred altsyncram megafunction from the following design logic: "pifoEngines_4|enque_brain|engineMapper|ram_rtl_0"  File: /data/work/rio-synthesis/hardware-overhead/pe5-v128-c1024-dynamic-quartus/rtl/PifoMesh.v Line: 149247
        Info (286033): Parameter OPERATION_MODE set to DUAL_PORT
        Info (286033): Parameter WIDTH_A set to 2
        Info (286033): Parameter WIDTHAD_A set to 7
        Info (286033): Parameter NUMWORDS_A set to 128
        Info (286033): Parameter WIDTH_B set to 2
        Info (286033): Parameter WIDTHAD_B set to 7
        Info (286033): Parameter NUMWORDS_B set to 128
        Info (286033): Parameter ADDRESS_ACLR_A set to NONE
        Info (286033): Parameter OUTDATA_REG_B set to UNREGISTERED
        Info (286033): Parameter ADDRESS_ACLR_B set to NONE
        Info (286033): Parameter OUTDATA_ACLR_B set to NONE
        Info (286033): Parameter ADDRESS_REG_B set to CLOCK0
        Info (286033): Parameter INDATA_ACLR_A set to NONE
        Info (286033): Parameter WRCONTROL_ACLR_A set to NONE
        Info (286033): Parameter INIT_FILE set to qdb/_compiler/pifo/root_partition/25.3.1/partitioned/1/mifs/ram26_PifoMesh_a88d83e7.hdl.mif
        Info (286033): Parameter READ_DURING_WRITE_MODE_MIXED_PORTS set to OLD_DATA
    Info (276029): Inferred altsyncram megafunction from the following design logic: "pifoEngines_4|enque_brain|lastVirtualMapper|ram_rtl_0"  File: /data/work/rio-synthesis/hardware-overhead/pe5-v128-c1024-dynamic-quartus/rtl/PifoMesh.v Line: 149194
        Info (286033): Parameter OPERATION_MODE set to DUAL_PORT
        Info (286033): Parameter WIDTH_A set to 8
        Info (286033): Parameter WIDTHAD_A set to 7
        Info (286033): Parameter NUMWORDS_A set to 128
        Info (286033): Parameter WIDTH_B set to 8
        Info (286033): Parameter WIDTHAD_B set to 7
        Info (286033): Parameter NUMWORDS_B set to 128
        Info (286033): Parameter ADDRESS_ACLR_A set to NONE
        Info (286033): Parameter OUTDATA_REG_B set to UNREGISTERED
        Info (286033): Parameter ADDRESS_ACLR_B set to NONE
        Info (286033): Parameter OUTDATA_ACLR_B set to NONE
        Info (286033): Parameter ADDRESS_REG_B set to CLOCK0
        Info (286033): Parameter INDATA_ACLR_A set to NONE
        Info (286033): Parameter WRCONTROL_ACLR_A set to NONE
        Info (286033): Parameter INIT_FILE set to qdb/_compiler/pifo/root_partition/25.3.1/partitioned/1/mifs/ram27_PifoMesh_a88d83e7.hdl.mif
        Info (286033): Parameter READ_DURING_WRITE_MODE_MIXED_PORTS set to OLD_DATA
    Info (276029): Inferred altsyncram megafunction from the following design logic: "pifoEngines_4|enque_brain|engineCAM|ram_rtl_0"  File: /data/work/rio-synthesis/hardware-overhead/pe5-v128-c1024-dynamic-quartus/rtl/PifoMesh.v Line: 149141
        Info (286033): Parameter OPERATION_MODE set to DUAL_PORT
        Info (286033): Parameter WIDTH_A set to 32
        Info (286033): Parameter WIDTHAD_A set to 17
        Info (286033): Parameter NUMWORDS_A set to 131072
        Info (286033): Parameter WIDTH_B set to 32
        Info (286033): Parameter WIDTHAD_B set to 17
        Info (286033): Parameter NUMWORDS_B set to 131072
        Info (286033): Parameter ADDRESS_ACLR_A set to NONE
        Info (286033): Parameter OUTDATA_REG_B set to UNREGISTERED
        Info (286033): Parameter ADDRESS_ACLR_B set to NONE
        Info (286033): Parameter OUTDATA_ACLR_B set to NONE
        Info (286033): Parameter ADDRESS_REG_B set to CLOCK0
        Info (286033): Parameter INDATA_ACLR_A set to NONE
        Info (286033): Parameter WRCONTROL_ACLR_A set to NONE
        Info (286033): Parameter INIT_FILE set to qdb/_compiler/pifo/root_partition/25.3.1/partitioned/1/mifs/ram28_PifoMesh_a88d83e7.hdl.mif
        Info (286033): Parameter READ_DURING_WRITE_MODE_MIXED_PORTS set to OLD_DATA
    Info (276029): Inferred altsyncram megafunction from the following design logic: "pifoEngines_4|enque_brain|brainStateMem|ram_rtl_0"  File: /data/work/rio-synthesis/hardware-overhead/pe5-v128-c1024-dynamic-quartus/rtl/PifoMesh.v Line: 149084
        Info (286033): Parameter OPERATION_MODE set to DUAL_PORT
        Info (286033): Parameter WIDTH_A set to 32
        Info (286033): Parameter WIDTHAD_A set to 7
        Info (286033): Parameter NUMWORDS_A set to 128
        Info (286033): Parameter WIDTH_B set to 32
        Info (286033): Parameter WIDTHAD_B set to 7
        Info (286033): Parameter NUMWORDS_B set to 128
        Info (286033): Parameter ADDRESS_ACLR_A set to NONE
        Info (286033): Parameter OUTDATA_REG_B set to UNREGISTERED
        Info (286033): Parameter ADDRESS_ACLR_B set to NONE
        Info (286033): Parameter OUTDATA_ACLR_B set to NONE
        Info (286033): Parameter ADDRESS_REG_B set to CLOCK0
        Info (286033): Parameter INDATA_ACLR_A set to NONE
        Info (286033): Parameter WRCONTROL_ACLR_A set to NONE
        Info (286033): Parameter INIT_FILE set to qdb/_compiler/pifo/root_partition/25.3.1/partitioned/1/mifs/ram29_PifoMesh_a88d83e7.hdl.mif
        Info (286033): Parameter READ_DURING_WRITE_MODE_MIXED_PORTS set to OLD_DATA
Terminating backend processes...
Exiting (pid==288635)...
