run,source,flow,push_cycle,delay_cycles
rio,control,Gmail,0,31
rio,control,Gmail,25,42
rio,control,Gmail,50,47
rio,control,Gmail,75,54
rio,control,Gmail,100,65
rio,control,Gmail,125,69
rio,control,Gmail,150,64
rio,control,Gmail,175,73
rio,control,Gmail,200,80
rio,control,Gmail,225,90
rio,control,Gmail,250,76
rio,control,Gmail,275,87
rio,control,Gmail,300,92
rio,control,Gmail,325,100
rio,control,Gmail,350,110
rio,control,Gmail,375,102
rio,control,Gmail,400,112
rio,control,Gmail,425,113
rio,control,Gmail,450,124
rio,control,Gmail,475,134
rio,control,Gmail,500,118
rio,control,Gmail,525,131
rio,control,Gmail,550,136
rio,control,Gmail,575,130
rio,control,Gmail,600,137
rio,control,Gmail,625,145
rio,control,Gmail,650,156
rio,control,Gmail,675,160
rio,control,Gmail,700,151
rio,control,Gmail,725,155
rio,control,Gmail,750,162
rio,control,Gmail,775,157
rio,control,Gmail,800,165
rio,control,Gmail,825,177
rio,control,Gmail,850,178
rio,control,Gmail,875,188
rio,control,Gmail,900,198
rio,control,Gmail,925,204
rio,control,Gmail,950,195
rio,control,Gmail,975,199
rio,control,Gmail,1000,206
rio,control,Gmail,1025,201
rio,control,Gmail,1050,209
rio,control,Gmail,1075,221
rio,control,Gmail,1100,225
rio,control,Gmail,1125,229
rio,control,Gmail,1150,220
rio,control,Gmail,1175,227
rio,control,Gmail,1200,238
rio,control,Gmail,1225,242
rio,control,Gmail,1250,240
rio,control,Gmail,1275,240
rio,control,Gmail,1300,235
rio,control,Gmail,1325,240
rio,control,Gmail,1350,249
rio,control,Gmail,1375,259
rio,control,Gmail,1400,263
rio,control,Gmail,1425,270
rio,control,Gmail,1450,265
rio,control,Gmail,1475,273
rio,control,Gmail,1500,283
rio,control,Gmail,1525,287
rio,control,Gmail,1550,279
rio,control,Gmail,1575,284
rio,control,Gmail,1600,292
rio,control,Gmail,1625,303
rio,control,Gmail,1650,307
rio,control,Gmail,1675,305
rio,control,Gmail,1700,306
rio,control,Gmail,1725,316
rio,control,Gmail,1750,324
rio,control,Gmail,1775,326
rio,control,Gmail,1800,316
rio,control,Gmail,1825,319
rio,control,Gmail,1850,312
rio,control,Gmail,1875,300
rio,control,Gmail,1900,308
rio,control,Gmail,1925,296
rio,control,Gmail,1950,307
rio,control,Gmail,1975,291
rio,control,Gmail,2000,300
rio,control,Gmail,2033,282
rio,control,Gmail,2067,280
rio,control,Gmail,2100,262
rio,control,Gmail,2133,262
rio,control,Gmail,2167,237
rio,control,Gmail,2200,223
rio,control,Gmail,2233,217
rio,control,Gmail,2267,198
rio,control,Gmail,2300,196
rio,control,Gmail,2333,181
rio,control,Gmail,2367,178
rio,control,Gmail,2400,157
rio,control,Gmail,2433,143
rio,control,Gmail,2467,136
rio,control,Gmail,2500,126
rio,control,Gmail,2533,120
rio,control,Gmail,2567,101
rio,control,Gmail,2600,95
rio,control,Gmail,2633,83
rio,control,Gmail,2667,77
rio,control,Gmail,2700,59
rio,control,Gmail,2733,42
rio,control,Gmail,2767,38
rio,control,Gmail,2800,30
rio,control,Gmail,2833,27
rio,control,Gmail,2867,33
rio,control,Gmail,2900,32
rio,control,Gmail,2933,32
rio,control,Gmail,2967,28
rio,control,Gmail,3000,29
rio,control,Gmail,3033,26
rio,control,Gmail,3067,29
rio,control,Gmail,3100,27
rio,control,Gmail,3133,24
rio,control,Gmail,3167,27
rio,control,Gmail,3200,29
rio,control,Gmail,3233,29
rio,control,Gmail,3267,28
rio,control,Gmail,3300,29
rio,control,Gmail,3333,23
rio,control,Gmail,3367,26
rio,control,Gmail,3400,27
rio,control,Gmail,3433,24
rio,control,Gmail,3467,27
rio,control,Gmail,3500,22
rio,control,Gmail,3533,17
rio,control,Gmail,3567,19
rio,control,Gmail,3600,23
rio,control,Gmail,3633,20
rio,control,Gmail,3667,23
rio,control,Gmail,3700,24
rio,control,Gmail,3733,24
rio,control,Gmail,3767,24
rio,control,Gmail,3800,22
rio,control,Gmail,3833,17
rio,control,Gmail,3867,22
rio,control,Gmail,3900,23
rio,control,Gmail,3933,23
rio,control,Gmail,3967,23
rio,control,Gmail,4000,24
rio,control,Gmail,4033,24
rio,control,Gmail,4067,24
rio,control,Gmail,4100,29
rio,control,Gmail,4133,17
rio,control,Gmail,4167,16
rio,control,Gmail,4200,20
rio,control,Gmail,4233,17
rio,control,Gmail,4267,17
rio,control,Gmail,4300,21
rio,control,Gmail,4333,21
rio,control,Gmail,4367,21
rio,control,Gmail,4400,29
rio,control,Gmail,4433,17
rio,control,Gmail,4467,16
rio,control,Gmail,4500,20
rio,control,Gmail,4533,17
rio,control,Gmail,4567,17
rio,control,Gmail,4600,21
rio,control,Gmail,4633,21
rio,control,Gmail,4667,21
rio,control,Gmail,4700,29
rio,control,Gmail,4733,17
rio,control,Gmail,4767,16
rio,control,Gmail,4800,20
rio,control,Gmail,4833,17
rio,control,Gmail,4867,17
rio,control,Gmail,4900,21
rio,control,Gmail,4933,21
rio,control,Gmail,4967,21
rio,control,Gmail,5000,28
rio,control,Gmail,5033,24
rio,control,Gmail,5067,24
rio,control,Gmail,5100,28
rio,control,Gmail,5133,25
rio,control,Gmail,5167,25
rio,control,Gmail,5200,29
rio,control,Gmail,5233,26
rio,control,Gmail,5267,26
rio,control,Gmail,5300,27
rio,control,Gmail,5333,26
rio,control,Gmail,5367,25
rio,control,Gmail,5400,29
rio,control,Gmail,5433,24
rio,control,Gmail,5467,25
rio,control,Gmail,5500,29
rio,control,Gmail,5533,26
rio,control,Gmail,5567,26
rio,control,Gmail,5600,27
rio,control,Gmail,5633,26
rio,control,Gmail,5667,25
rio,control,Gmail,5700,29
rio,control,Gmail,5733,24
rio,control,Gmail,5767,25
rio,control,Gmail,5800,29
rio,control,Gmail,5833,26
rio,control,Gmail,5867,26
rio,control,Gmail,5900,27
rio,control,Gmail,5933,26
rio,control,Gmail,5967,25
rio,control,Gmail,6000,29
rio,control,Gmail,6033,24
rio,control,Gmail,6067,25
rio,control,Gmail,6100,29
rio,control,Gmail,6133,26
rio,control,Gmail,6167,26
rio,control,Gmail,6200,27
rio,control,Gmail,6233,26
rio,control,Gmail,6267,25
rio,control,Gmail,6300,29
rio,control,Gmail,6333,24
rio,control,Gmail,6367,25
rio,control,Gmail,6400,29
rio,control,Gmail,6433,26
rio,control,Gmail,6467,26
rio,control,Gmail,6500,27
rio,control,Gmail,6533,26
rio,control,Gmail,6567,25
rio,control,Gmail,6600,29
rio,control,Gmail,6633,24
rio,control,Gmail,6667,25
rio,control,Gmail,6700,29
rio,control,Gmail,6733,26
rio,control,Gmail,6767,26
rio,control,Gmail,6800,27
rio,control,Gmail,6833,26
rio,control,Gmail,6867,25
rio,control,Gmail,6900,29
rio,control,Gmail,6933,24
rio,control,Gmail,6967,25
rio,control,Gmail,7000,29
rio,control,Gmail,7033,26
rio,control,Gmail,7067,26
rio,control,Gmail,7100,27
rio,control,Gmail,7133,26
rio,control,Gmail,7167,25
rio,control,Gmail,7200,29
rio,control,Gmail,7233,24
rio,control,Gmail,7267,25
rio,control,Gmail,7300,29
rio,control,Gmail,7333,26
rio,control,Gmail,7367,26
rio,control,Gmail,7400,27
rio,control,Gmail,7433,26
rio,control,Gmail,7467,25
rio,control,Gmail,7500,29
rio,control,Gmail,7533,24
rio,control,Gmail,7567,25
rio,control,Gmail,7600,29
rio,control,Gmail,7633,26
rio,control,Gmail,7667,26
rio,control,Gmail,7700,27
rio,control,Gmail,7733,26
rio,control,Gmail,7767,25
rio,control,Gmail,7800,29
rio,control,Gmail,7833,24
rio,control,Gmail,7867,25
rio,control,Gmail,7900,29
rio,control,Gmail,7933,26
rio,control,Gmail,7967,26
rio,control,Gmail,8000,27
rio,control,Gmail,8033,26
rio,control,Gmail,8067,25
rio,control,Gmail,8100,29
rio,control,Gmail,8133,24
rio,control,Gmail,8167,25
rio,control,Gmail,8200,29
rio,control,Gmail,8233,26
rio,control,Gmail,8267,26
rio,control,Gmail,8300,27
rio,control,Gmail,8333,26
rio,control,Gmail,8367,25
rio,control,Gmail,8400,29
rio,control,Gmail,8433,24
rio,control,Gmail,8467,25
rio,control,Gmail,8500,29
rio,control,Gmail,8533,26
rio,control,Gmail,8567,26
rio,control,Gmail,8600,27
rio,control,Gmail,8633,26
rio,control,Gmail,8667,25
rio,control,Gmail,8700,29
rio,control,Gmail,8733,24
rio,control,Gmail,8767,25
rio,control,Gmail,8800,29
rio,control,Gmail,8833,26
rio,control,Gmail,8867,26
rio,control,Gmail,8900,27
rio,control,Gmail,8933,26
rio,control,Gmail,8967,25
rio,control,Gmail,9000,29
rio,control,Gmail,9033,24
rio,control,Gmail,9067,25
rio,control,Gmail,9100,29
rio,control,Gmail,9133,26
rio,control,Gmail,9167,26
rio,control,Gmail,9200,27
rio,control,Gmail,9233,26
rio,control,Gmail,9267,25
rio,control,Gmail,9300,29
rio,control,Gmail,9333,24
rio,control,Gmail,9367,25
rio,control,Gmail,9400,29
rio,control,Gmail,9433,26
rio,control,Gmail,9467,26
rio,control,Gmail,9500,27
rio,control,Gmail,9533,26
rio,control,Gmail,9567,25
rio,control,Gmail,9600,29
rio,control,Gmail,9633,24
rio,control,Gmail,9667,25
rio,control,Gmail,9700,29
rio,control,Gmail,9733,26
rio,control,Gmail,9767,26
rio,control,Gmail,9800,27
rio,control,Gmail,9833,26
rio,control,Gmail,9867,25
rio,control,Gmail,9900,29
rio,control,Gmail,9933,24
rio,control,Gmail,9967,25
rio,control,Gmail,10000,29
rio,control,Gmail,10033,26
rio,control,Gmail,10067,26
rio,control,Gmail,10100,27
rio,control,Gmail,10133,26
rio,control,Gmail,10167,25
rio,control,Gmail,10200,29
rio,control,Gmail,10233,24
rio,control,Gmail,10267,25
rio,control,Gmail,10300,29
rio,control,Gmail,10333,26
rio,control,Gmail,10367,26
rio,control,Gmail,10400,27
rio,control,Gmail,10433,26
rio,control,Gmail,10467,25
rio,control,Gmail,10500,29
rio,control,Gmail,10533,24
rio,control,Gmail,10567,25
rio,control,Gmail,10600,29
rio,control,Gmail,10633,26
rio,control,Gmail,10667,26
rio,control,Gmail,10700,27
rio,control,Gmail,10733,26
rio,control,Gmail,10767,25
rio,control,Gmail,10800,29
rio,control,Gmail,10833,24
rio,control,Gmail,10867,25
rio,control,Gmail,10900,29
rio,control,Gmail,10933,26
rio,control,Gmail,10967,26
rio,control,Gmail,11000,27
rio,control,Gmail,11033,26
rio,control,Gmail,11067,25
rio,control,Gmail,11100,29
rio,control,Gmail,11133,24
rio,control,Gmail,11167,25
rio,control,Gmail,11200,29
rio,control,Gmail,11233,26
rio,control,Gmail,11267,26
rio,control,Gmail,11300,27
rio,control,Gmail,11333,26
rio,control,Gmail,11367,25
rio,control,Gmail,11400,29
rio,control,Gmail,11433,24
rio,control,Gmail,11467,25
rio,control,Gmail,11500,29
rio,control,Gmail,11533,26
rio,control,Gmail,11567,26
rio,control,Gmail,11600,27
rio,control,Gmail,11633,26
rio,control,Gmail,11667,25
rio,control,Gmail,11700,29
rio,control,Gmail,11733,24
rio,control,Gmail,11767,25
rio,control,Gmail,11800,29
rio,control,Gmail,11833,26
rio,control,Gmail,11867,26
rio,control,Gmail,11900,27
rio,control,Gmail,11933,26
rio,control,Gmail,11967,25
rio,control,Gmail,12000,29
rio,control,Gmail,12033,24
rio,control,Gmail,12067,25
rio,control,Gmail,12100,29
rio,control,Gmail,12133,26
rio,control,Gmail,12167,26
rio,control,Gmail,12200,27
rio,control,Gmail,12233,26
rio,control,Gmail,12267,25
rio,control,Gmail,12300,29
rio,control,Gmail,12333,24
rio,control,Gmail,12367,25
rio,control,Gmail,12400,29
rio,control,Gmail,12433,26
rio,control,Gmail,12467,26
rio,control,Gmail,12500,27
rio,control,Gmail,12533,26
rio,control,Gmail,12567,25
rio,control,Gmail,12600,29
rio,control,Gmail,12633,24
rio,control,Gmail,12667,25
rio,control,Gmail,12700,29
rio,control,Gmail,12733,26
rio,control,Gmail,12767,26
rio,control,Gmail,12800,27
rio,control,Gmail,12833,26
rio,control,Gmail,12867,25
rio,control,Gmail,12900,29
rio,control,Gmail,12933,24
rio,control,Gmail,12967,25
rio,control,Gmail,13000,29
rio,control,Gmail,13033,26
rio,control,Gmail,13067,26
rio,control,Gmail,13100,27
rio,control,Gmail,13133,26
rio,control,Gmail,13167,25
rio,control,Gmail,13200,29
rio,control,Gmail,13233,24
rio,control,Gmail,13267,25
rio,control,Gmail,13300,29
rio,control,Gmail,13333,26
rio,control,Gmail,13367,26
rio,control,Gmail,13400,27
rio,control,Gmail,13433,26
rio,control,Gmail,13467,25
rio,control,Gmail,13500,29
rio,control,Gmail,13533,24
rio,control,Gmail,13567,25
rio,control,Gmail,13600,29
rio,control,Gmail,13633,26
rio,control,Gmail,13667,26
rio,control,Gmail,13700,27
rio,control,Gmail,13733,26
rio,control,Gmail,13767,25
rio,control,Gmail,13800,29
rio,control,Gmail,13833,24
rio,control,Gmail,13867,25
rio,control,Gmail,13900,29
rio,control,Gmail,13933,26
rio,control,Gmail,13967,26
rio,control,Gmail,14000,27
rio,control,Gmail,14033,26
rio,control,Gmail,14067,25
rio,control,Gmail,14100,29
rio,control,Gmail,14133,24
rio,control,Gmail,14167,25
rio,control,Gmail,14200,29
rio,control,Gmail,14233,26
rio,control,Gmail,14267,26
rio,control,Gmail,14300,27
rio,control,Gmail,14333,26
rio,control,Gmail,14367,25
rio,control,Gmail,14400,29
rio,control,Gmail,14433,24
rio,control,Gmail,14467,25
rio,control,Gmail,14500,29
rio,control,Gmail,14533,26
rio,control,Gmail,14567,26
rio,control,Gmail,14600,27
rio,control,Gmail,14633,26
rio,control,Gmail,14667,25
rio,control,Gmail,14700,29
rio,control,Gmail,14733,24
rio,control,Gmail,14767,25
rio,control,Gmail,14800,29
rio,control,Gmail,14833,26
rio,control,Gmail,14867,26
rio,control,Gmail,14900,27
rio,control,Gmail,14933,26
rio,control,Gmail,14967,25
rio,control,Gmail,15000,29
rio,control,Gmail,15033,24
rio,control,Gmail,15067,25
rio,control,Gmail,15100,29
rio,control,Gmail,15133,26
rio,control,Gmail,15167,26
rio,control,Gmail,15200,27
rio,control,Gmail,15233,26
rio,control,Gmail,15267,25
rio,control,Gmail,15300,29
rio,control,Gmail,15333,24
rio,control,Gmail,15367,25
rio,control,Gmail,15400,29
rio,control,Gmail,15433,26
rio,control,Gmail,15467,26
rio,control,Gmail,15500,27
rio,control,Gmail,15533,26
rio,control,Gmail,15567,25
rio,control,Gmail,15600,29
rio,control,Gmail,15633,24
rio,control,Gmail,15667,25
rio,control,Gmail,15700,29
rio,control,Gmail,15733,26
rio,control,Gmail,15767,26
rio,control,Gmail,15800,27
rio,control,Gmail,15833,26
rio,control,Gmail,15867,25
rio,control,Gmail,15900,29
rio,control,Gmail,15933,24
rio,control,Gmail,15967,25
rio,control,Gmail,16000,29
rio,control,Gmail,16033,26
rio,control,Gmail,16067,26
rio,control,Gmail,16100,27
rio,control,Gmail,16133,26
rio,control,Gmail,16167,25
rio,control,Gmail,16200,29
rio,control,Gmail,16233,24
rio,control,Gmail,16267,25
rio,control,Gmail,16300,29
rio,control,Gmail,16333,26
rio,control,Gmail,16367,26
rio,control,Gmail,16400,27
rio,control,Gmail,16433,26
rio,control,Gmail,16467,25
rio,control,Gmail,16500,29
rio,control,Gmail,16533,24
rio,control,Gmail,16567,25
rio,control,Gmail,16600,29
rio,control,Gmail,16633,26
rio,control,Gmail,16667,26
rio,control,Gmail,16700,27
rio,control,Gmail,16733,26
rio,control,Gmail,16767,25
rio,control,Gmail,16800,29
rio,control,Gmail,16833,24
rio,control,Gmail,16867,25
rio,control,Gmail,16900,29
rio,control,Gmail,16933,26
rio,control,Gmail,16967,26
rio,control,Gmail,17000,27
rio,control,Gmail,17033,26
rio,control,Gmail,17067,25
rio,control,Gmail,17100,29
rio,control,Gmail,17133,24
rio,control,Gmail,17167,25
rio,control,Gmail,17200,29
rio,control,Gmail,17233,26
rio,control,Gmail,17267,26
rio,control,Gmail,17300,27
rio,control,Gmail,17333,26
rio,control,Gmail,17367,25
rio,control,Gmail,17400,29
rio,control,Gmail,17433,24
rio,control,Gmail,17467,25
rio,control,Gmail,17500,29
rio,control,Gmail,17533,26
rio,control,Gmail,17567,26
rio,control,Gmail,17600,27
rio,control,Gmail,17633,26
rio,control,Gmail,17667,25
rio,control,Gmail,17700,29
rio,control,Gmail,17733,24
rio,control,Gmail,17767,25
rio,control,Gmail,17800,29
rio,control,Gmail,17833,26
rio,control,Gmail,17867,26
rio,control,Gmail,17900,27
rio,control,Gmail,17933,26
rio,control,Gmail,17967,25
rio,control,Gmail,18000,29
rio,control,Gmail,18033,24
rio,control,Gmail,18067,25
rio,control,Gmail,18100,29
rio,control,Gmail,18133,26
rio,control,Gmail,18167,26
rio,control,Gmail,18200,27
rio,control,Gmail,18233,26
rio,control,Gmail,18267,25
rio,control,Gmail,18300,29
rio,control,Gmail,18333,24
rio,control,Gmail,18367,25
rio,control,Gmail,18400,29
rio,control,Gmail,18433,26
rio,control,Gmail,18467,26
rio,control,Gmail,18500,27
rio,control,Gmail,18533,26
rio,control,Gmail,18567,25
rio,control,Gmail,18600,29
rio,control,Gmail,18633,24
rio,control,Gmail,18667,25
rio,control,Gmail,18700,29
rio,control,Gmail,18733,26
rio,control,Gmail,18767,26
rio,control,Gmail,18800,27
rio,control,Gmail,18833,26
rio,control,Gmail,18867,25
rio,control,Gmail,18900,29
rio,control,Gmail,18933,24
rio,control,Gmail,18967,25
rio,control,Gmail,19000,29
rio,control,Gmail,19033,26
rio,control,Gmail,19067,26
rio,control,Gmail,19100,27
rio,control,Gmail,19133,26
rio,control,Gmail,19167,25
rio,control,Gmail,19200,29
rio,control,Gmail,19233,24
rio,control,Gmail,19267,25
rio,control,Gmail,19300,29
rio,control,Gmail,19333,26
rio,control,Gmail,19367,26
rio,control,Gmail,19400,27
rio,control,Gmail,19433,26
rio,control,Gmail,19467,25
rio,control,Gmail,19500,29
rio,control,Gmail,19533,24
rio,control,Gmail,19567,25
rio,control,Gmail,19600,29
rio,control,Gmail,19633,26
rio,control,Gmail,19667,26
rio,control,Gmail,19700,27
rio,control,Gmail,19733,26
rio,control,Gmail,19767,25
rio,control,Gmail,19800,29
rio,control,Gmail,19833,24
rio,control,Gmail,19867,25
rio,control,Gmail,19900,29
rio,control,Gmail,19933,26
rio,control,Gmail,19967,26
rio,control,Gmail,20000,27
rio,control,Gmail,20033,26
rio,control,Gmail,20067,25
rio,control,Gmail,20100,29
rio,control,Gmail,20133,24
rio,control,Gmail,20167,25
rio,control,Gmail,20200,29
rio,control,Gmail,20233,26
rio,control,Gmail,20267,26
rio,control,Gmail,20300,27
rio,control,Gmail,20333,26
rio,control,Gmail,20367,25
rio,control,Gmail,20400,29
rio,control,Gmail,20433,24
rio,control,Gmail,20467,25
rio,control,Gmail,20500,29
rio,control,Gmail,20533,26
rio,control,Gmail,20567,26
rio,control,Gmail,20600,27
rio,control,Gmail,20633,26
rio,control,Gmail,20667,25
rio,control,Gmail,20700,29
rio,control,Gmail,20733,24
rio,control,Gmail,20767,25
rio,control,Gmail,20800,29
rio,control,Gmail,20833,26
rio,control,Gmail,20867,26
rio,control,Gmail,20900,27
rio,control,Gmail,20933,26
rio,control,Gmail,20967,25
rio,control,Gmail,21000,29
rio,control,Gmail,21033,24
rio,control,Gmail,21067,25
rio,control,Gmail,21100,29
rio,control,Gmail,21133,26
rio,control,Gmail,21167,26
rio,control,Gmail,21200,27
rio,control,Gmail,21233,26
rio,control,Gmail,21267,25
rio,control,Gmail,21300,29
rio,control,Gmail,21333,24
rio,control,Gmail,21367,25
rio,control,Gmail,21400,29
rio,control,Gmail,21433,26
rio,control,Gmail,21467,26
rio,control,Gmail,21500,27
rio,control,Gmail,21533,26
rio,control,Gmail,21567,25
rio,control,Gmail,21600,29
rio,control,Gmail,21633,24
rio,control,Gmail,21667,25
rio,control,Gmail,21700,29
rio,control,Gmail,21733,26
rio,control,Gmail,21767,26
rio,control,Gmail,21800,27
rio,control,Gmail,21833,26
rio,control,Gmail,21867,25
rio,control,Gmail,21900,29
rio,control,Gmail,21933,24
rio,control,Gmail,21967,25
rio,control,Gmail,22000,29
rio,control,Gmail,22033,26
rio,control,Gmail,22067,26
rio,control,Gmail,22100,27
rio,control,Gmail,22133,26
rio,control,Gmail,22167,25
rio,control,Gmail,22200,29
rio,control,Gmail,22233,24
rio,control,Gmail,22267,25
rio,control,Gmail,22300,29
rio,control,Gmail,22333,26
rio,control,Gmail,22367,26
rio,control,Gmail,22400,27
rio,control,Gmail,22433,26
rio,control,Gmail,22467,25
rio,control,Gmail,22500,29
rio,control,Gmail,22533,24
rio,control,Gmail,22567,25
rio,control,Gmail,22600,29
rio,control,Gmail,22633,26
rio,control,Gmail,22667,26
rio,control,Gmail,22700,27
rio,control,Gmail,22733,26
rio,control,Gmail,22767,25
rio,control,Gmail,22800,29
rio,control,Gmail,22833,24
rio,control,Gmail,22867,25
rio,control,Gmail,22900,29
rio,control,Gmail,22933,26
rio,control,Gmail,22967,26
rio,control,Gmail,23000,27
rio,control,Gmail,23033,26
rio,control,Gmail,23067,25
rio,control,Gmail,23100,29
rio,control,Gmail,23133,24
rio,control,Gmail,23167,25
rio,control,Gmail,23200,29
rio,control,Gmail,23233,26
rio,control,Gmail,23267,26
rio,control,Gmail,23300,27
rio,control,Gmail,23333,26
rio,control,Gmail,23367,25
rio,control,Gmail,23400,29
rio,control,Gmail,23433,24
rio,control,Gmail,23467,25
rio,control,Gmail,23500,29
rio,control,Gmail,23533,26
rio,control,Gmail,23567,26
rio,control,Gmail,23600,27
rio,control,Gmail,23633,26
rio,control,Gmail,23667,25
rio,control,Gmail,23700,29
rio,control,Gmail,23733,24
rio,control,Gmail,23767,25
rio,control,Gmail,23800,29
rio,control,Gmail,23833,26
rio,control,Gmail,23867,26
rio,control,Gmail,23900,27
rio,control,Gmail,23933,26
rio,control,Gmail,23967,25
rio,control,Gmail,24000,29
rio,control,Gmail,24033,24
rio,control,Gmail,24067,25
rio,control,Gmail,24100,29
rio,control,Gmail,24133,26
rio,control,Gmail,24167,26
rio,control,Gmail,24200,27
rio,control,Gmail,24233,26
rio,control,Gmail,24267,25
rio,control,Gmail,24300,29
rio,control,Gmail,24333,24
rio,control,Gmail,24367,25
rio,control,Gmail,24400,29
rio,control,Gmail,24433,26
rio,control,Gmail,24467,26
rio,control,Gmail,24500,27
rio,control,Gmail,24533,26
rio,control,Gmail,24567,25
rio,control,Gmail,24600,29
rio,control,Gmail,24633,24
rio,control,Gmail,24667,25
rio,control,Gmail,24700,29
rio,control,Gmail,24733,26
rio,control,Gmail,24767,26
rio,control,Gmail,24800,27
rio,control,Gmail,24833,26
rio,control,Gmail,24867,25
rio,control,Gmail,24900,29
rio,control,Gmail,24933,24
rio,control,Gmail,24967,25
rio,control,Gmail,25000,29
rio,control,Gmail,25033,26
rio,control,Gmail,25067,26
rio,control,Gmail,25100,27
rio,control,Gmail,25133,26
rio,control,Gmail,25167,25
rio,control,Gmail,25200,29
rio,control,Gmail,25233,24
rio,control,Gmail,25267,25
rio,control,Gmail,25300,29
rio,control,Gmail,25333,26
rio,control,Gmail,25367,26
rio,control,Gmail,25400,27
rio,control,Gmail,25433,26
rio,control,Gmail,25467,25
rio,control,Gmail,25500,29
rio,control,Gmail,25533,24
rio,control,Gmail,25567,25
rio,control,Gmail,25600,29
rio,control,Gmail,25633,26
rio,control,Gmail,25667,26
rio,control,Gmail,25700,27
rio,control,Gmail,25733,26
rio,control,Gmail,25767,25
rio,control,Gmail,25800,29
rio,control,Gmail,25833,24
rio,control,Gmail,25867,25
rio,control,Gmail,25900,29
rio,control,Gmail,25933,26
rio,control,Gmail,25967,26
rio,control,Gmail,26000,27
rio,control,Gmail,26033,26
rio,control,Gmail,26067,25
rio,control,Gmail,26100,29
rio,control,Gmail,26133,24
rio,control,Gmail,26167,25
rio,control,Gmail,26200,29
rio,control,Gmail,26233,26
rio,control,Gmail,26267,26
rio,control,Gmail,26300,27
rio,control,Gmail,26333,26
rio,control,Gmail,26367,25
rio,control,Gmail,26400,29
rio,control,Gmail,26433,24
rio,control,Gmail,26467,25
rio,control,Gmail,26500,29
rio,control,Gmail,26533,26
rio,control,Gmail,26567,26
rio,control,Gmail,26600,27
rio,control,Gmail,26633,26
rio,control,Gmail,26667,25
rio,control,Gmail,26700,29
rio,control,Gmail,26733,24
rio,control,Gmail,26767,25
rio,control,Gmail,26800,29
rio,control,Gmail,26833,26
rio,control,Gmail,26867,26
rio,control,Gmail,26900,27
rio,control,Gmail,26933,26
rio,control,Gmail,26967,25
rio,control,Gmail,27000,29
rio,control,Gmail,27033,24
rio,control,Gmail,27067,25
rio,control,Gmail,27100,29
rio,control,Gmail,27133,26
rio,control,Gmail,27167,26
rio,control,Gmail,27200,27
rio,control,Gmail,27233,26
rio,control,Gmail,27267,25
rio,control,Gmail,27300,29
rio,control,Gmail,27333,24
rio,control,Gmail,27367,25
rio,control,Gmail,27400,29
rio,control,Gmail,27433,26
rio,control,Gmail,27467,26
rio,control,Gmail,27500,27
rio,control,Gmail,27533,26
rio,control,Gmail,27567,25
rio,control,Gmail,27600,29
rio,control,Gmail,27633,24
rio,control,Gmail,27667,25
rio,control,Gmail,27700,29
rio,control,Gmail,27733,26
rio,control,Gmail,27767,26
rio,control,Gmail,27800,27
rio,control,Gmail,27833,26
rio,control,Gmail,27867,25
rio,control,Gmail,27900,29
rio,control,Gmail,27933,24
rio,control,Gmail,27967,25
rio,control,Gmail,28000,29
rio,control,Gmail,28033,26
rio,control,Gmail,28067,26
rio,control,Gmail,28100,27
rio,control,Gmail,28133,26
rio,control,Gmail,28167,25
rio,control,Gmail,28200,29
rio,control,Gmail,28233,24
rio,control,Gmail,28267,25
rio,control,Gmail,28300,29
rio,control,Gmail,28333,26
rio,control,Gmail,28367,26
rio,control,Gmail,28400,27
rio,control,Gmail,28433,26
rio,control,Gmail,28467,25
rio,control,Gmail,28500,29
rio,control,Gmail,28533,24
rio,control,Gmail,28567,25
rio,control,Gmail,28600,29
rio,control,Gmail,28633,26
rio,control,Gmail,28667,26
rio,control,Gmail,28700,27
rio,control,Gmail,28733,26
rio,control,Gmail,28767,25
rio,control,Gmail,28800,29
rio,control,Gmail,28833,24
rio,control,Gmail,28867,25
rio,control,Gmail,28900,29
rio,control,Gmail,28933,26
rio,control,Gmail,28967,26
rio,control,Gmail,29000,27
rio,control,Gmail,29033,26
rio,control,Gmail,29067,25
rio,control,Gmail,29100,29
rio,control,Gmail,29133,24
rio,control,Gmail,29167,25
rio,control,Gmail,29200,29
rio,control,Gmail,29233,26
rio,control,Gmail,29267,26
rio,control,Gmail,29300,27
rio,control,Gmail,29333,26
rio,control,Gmail,29367,25
rio,control,Gmail,29400,29
rio,control,Gmail,29433,24
rio,control,Gmail,29467,25
rio,control,Gmail,29500,29
rio,control,Gmail,29533,26
rio,control,Gmail,29567,26
rio,control,Gmail,29600,27
rio,control,Gmail,29633,26
rio,control,Gmail,29667,25
rio,control,Gmail,29700,29
rio,control,Gmail,29733,24
rio,control,Gmail,29767,25
rio,control,Gmail,29800,29
rio,control,Gmail,29833,26
rio,control,Gmail,29867,26
rio,control,Gmail,29900,27
rio,control,Gmail,29933,26
rio,control,Gmail,29967,25
rio,control,Gmail,30000,29
rio,control,Gmail,30033,24
rio,control,Gmail,30067,25
rio,control,Gmail,30100,29
rio,control,Gmail,30133,26
rio,control,Gmail,30167,26
rio,control,Gmail,30200,27
rio,control,Gmail,30233,26
rio,control,Gmail,30267,25
rio,control,Gmail,30300,29
rio,control,Gmail,30333,24
rio,control,Gmail,30367,25
rio,control,Gmail,30400,29
rio,control,Gmail,30433,26
rio,control,Gmail,30467,26
rio,control,Gmail,30500,27
rio,control,Gmail,30533,26
rio,control,Gmail,30567,25
rio,control,Gmail,30600,29
rio,control,Gmail,30633,24
rio,control,Gmail,30667,25
rio,control,Gmail,30700,29
rio,control,Gmail,30733,26
rio,control,Gmail,30767,26
rio,control,Gmail,30800,27
rio,control,Gmail,30833,26
rio,control,Gmail,30867,25
rio,control,Gmail,30900,29
rio,control,Gmail,30933,24
rio,control,Gmail,30967,25
rio,control,Gmail,31000,29
rio,control,Gmail,31033,26
rio,control,Gmail,31067,26
rio,control,Gmail,31100,27
rio,control,Gmail,31133,26
rio,control,Gmail,31167,25
rio,control,Gmail,31200,29
rio,control,Gmail,31233,24
rio,control,Gmail,31267,25
rio,control,Gmail,31300,29
rio,control,Gmail,31333,26
rio,control,Gmail,31367,26
rio,control,Gmail,31400,27
rio,control,Gmail,31433,26
rio,control,Gmail,31467,25
rio,control,Gmail,31500,29
rio,control,Gmail,31533,24
rio,control,Gmail,31567,25
rio,control,Gmail,31600,29
rio,control,Gmail,31633,26
rio,control,Gmail,31667,26
rio,control,Gmail,31700,27
rio,control,Gmail,31733,26
rio,control,Gmail,31767,25
rio,control,Gmail,31800,29
rio,control,Gmail,31833,24
rio,control,Gmail,31867,25
rio,control,Gmail,31900,29
rio,control,Gmail,31933,26
rio,control,Gmail,31967,26
rio,control,Gmail,32000,27
rio,control,Gmail,32033,26
rio,control,Gmail,32067,25
rio,control,Gmail,32100,29
rio,control,Gmail,32133,24
rio,control,Gmail,32167,25
rio,control,Gmail,32200,29
rio,control,Gmail,32233,26
rio,control,Gmail,32267,26
rio,control,Gmail,32300,27
rio,control,Gmail,32333,26
rio,control,Gmail,32367,25
rio,control,Gmail,32400,29
rio,control,Gmail,32433,24
rio,control,Gmail,32467,25
rio,control,Gmail,32500,29
rio,control,Gmail,32533,26
rio,control,Gmail,32567,26
rio,control,Gmail,32600,27
rio,control,Gmail,32633,26
rio,control,Gmail,32667,25
rio,control,Gmail,32700,29
rio,control,Gmail,32733,24
rio,control,Gmail,32767,25
rio,control,Gmail,32800,29
rio,control,Gmail,32833,26
rio,control,Gmail,32867,26
rio,control,Gmail,32900,27
rio,control,Gmail,32933,26
rio,control,Gmail,32967,25
rio,control,Gmail,33000,29
rio,control,Gmail,33033,24
rio,control,Gmail,33067,25
rio,control,Gmail,33100,29
rio,control,Gmail,33133,26
rio,control,Gmail,33167,26
rio,control,Gmail,33200,27
rio,control,Gmail,33233,26
rio,control,Gmail,33267,25
rio,control,Gmail,33300,29
rio,control,Gmail,33333,24
rio,control,Gmail,33367,25
rio,control,Gmail,33400,29
rio,control,Gmail,33433,26
rio,control,Gmail,33467,26
rio,control,Gmail,33500,27
rio,control,Gmail,33533,26
rio,control,Gmail,33567,25
rio,control,Gmail,33600,29
rio,control,Gmail,33633,24
rio,control,Gmail,33667,25
rio,control,Gmail,33700,29
rio,control,Gmail,33733,26
rio,control,Gmail,33767,26
rio,control,Gmail,33800,27
rio,control,Gmail,33833,26
rio,control,Gmail,33867,25
rio,control,Gmail,33900,29
rio,control,Gmail,33933,24
rio,control,Gmail,33967,25
rio,rio,Gmail,0,31
rio,rio,Gmail,25,42
rio,rio,Gmail,50,47
rio,rio,Gmail,75,54
rio,rio,Gmail,100,65
rio,rio,Gmail,125,69
rio,rio,Gmail,150,64
rio,rio,Gmail,175,73
rio,rio,Gmail,200,80
rio,rio,Gmail,225,90
rio,rio,Gmail,250,76
rio,rio,Gmail,275,87
rio,rio,Gmail,300,92
rio,rio,Gmail,325,100
rio,rio,Gmail,350,110
rio,rio,Gmail,375,102
rio,rio,Gmail,400,112
rio,rio,Gmail,425,113
rio,rio,Gmail,450,124
rio,rio,Gmail,475,134
rio,rio,Gmail,500,118
rio,rio,Gmail,525,131
rio,rio,Gmail,550,136
rio,rio,Gmail,575,130
rio,rio,Gmail,600,137
rio,rio,Gmail,625,145
rio,rio,Gmail,650,156
rio,rio,Gmail,675,160
rio,rio,Gmail,700,151
rio,rio,Gmail,725,155
rio,rio,Gmail,750,162
rio,rio,Gmail,775,157
rio,rio,Gmail,800,165
rio,rio,Gmail,825,177
rio,rio,Gmail,850,178
rio,rio,Gmail,875,188
rio,rio,Gmail,900,198
rio,rio,Gmail,925,204
rio,rio,Gmail,950,195
rio,rio,Gmail,975,199
rio,rio,Gmail,1000,206
rio,rio,Gmail,1025,201
rio,rio,Gmail,1050,209
rio,rio,Gmail,1075,221
rio,rio,Gmail,1100,225
rio,rio,Gmail,1125,229
rio,rio,Gmail,1150,220
rio,rio,Gmail,1175,227
rio,rio,Gmail,1200,238
rio,rio,Gmail,1225,242
rio,rio,Gmail,1250,240
rio,rio,Gmail,1275,240
rio,rio,Gmail,1300,235
rio,rio,Gmail,1325,240
rio,rio,Gmail,1350,249
rio,rio,Gmail,1375,259
rio,rio,Gmail,1400,263
rio,rio,Gmail,1425,270
rio,rio,Gmail,1450,265
rio,rio,Gmail,1475,273
rio,rio,Gmail,1500,283
rio,rio,Gmail,1525,287
rio,rio,Gmail,1550,279
rio,rio,Gmail,1575,284
rio,rio,Gmail,1600,292
rio,rio,Gmail,1625,303
rio,rio,Gmail,1650,307
rio,rio,Gmail,1675,305
rio,rio,Gmail,1700,306
rio,rio,Gmail,1725,316
rio,rio,Gmail,1750,325
rio,rio,Gmail,1775,309
rio,rio,Gmail,1800,323
rio,rio,Gmail,1825,334
rio,rio,Gmail,1850,330
rio,rio,Gmail,1875,344
rio,rio,Gmail,1900,355
rio,rio,Gmail,1925,348
rio,rio,Gmail,1950,362
rio,rio,Gmail,1975,358
rio,rio,Gmail,2000,372
rio,rio,Gmail,2033,375
rio,rio,Gmail,2067,362
rio,rio,Gmail,2100,368
rio,rio,Gmail,2133,371
rio,rio,Gmail,2167,355
rio,rio,Gmail,2200,358
rio,rio,Gmail,2233,349
rio,rio,Gmail,2267,351
rio,rio,Gmail,2300,357
rio,rio,Gmail,2333,339
rio,rio,Gmail,2367,347
rio,rio,Gmail,2400,353
rio,rio,Gmail,2433,335
rio,rio,Gmail,2467,340
rio,rio,Gmail,2500,325
rio,rio,Gmail,2533,334
rio,rio,Gmail,2567,336
rio,rio,Gmail,2600,321
rio,rio,Gmail,2633,327
rio,rio,Gmail,2667,317
rio,rio,Gmail,2700,326
rio,rio,Gmail,2733,338
rio,rio,Gmail,2767,349
rio,rio,Gmail,2800,358
rio,rio,Gmail,2833,352
rio,rio,Gmail,2867,360
rio,rio,Gmail,2900,372
rio,rio,Gmail,2933,381
rio,rio,Gmail,2967,389
rio,rio,Gmail,3000,383
rio,rio,Gmail,3033,392
rio,rio,Gmail,3067,400
rio,rio,Gmail,3100,415
rio,rio,Gmail,3133,424
rio,rio,Gmail,3167,411
rio,rio,Gmail,3200,420
rio,rio,Gmail,3233,435
rio,rio,Gmail,3267,446
rio,rio,Gmail,3300,455
rio,rio,Gmail,3333,443
rio,rio,Gmail,3367,451
rio,rio,Gmail,3400,463
rio,rio,Gmail,3433,475
rio,rio,Gmail,3467,465
rio,rio,Gmail,3500,474
rio,rio,Gmail,3533,483
rio,rio,Gmail,3567,494
rio,rio,Gmail,3600,506
rio,rio,Gmail,3633,494
rio,rio,Gmail,3667,499
rio,rio,Gmail,3700,504
rio,rio,Gmail,3733,487
rio,rio,Gmail,3767,490
rio,rio,Gmail,3800,477
rio,rio,Gmail,3833,480
rio,rio,Gmail,3867,486
rio,rio,Gmail,3900,475
rio,rio,Gmail,3933,472
rio,rio,Gmail,3967,458
rio,rio,Gmail,4000,462
rio,rio,Gmail,4033,467
rio,rio,Gmail,4067,455
rio,rio,Gmail,4100,455
rio,rio,Gmail,4133,445
rio,rio,Gmail,4167,447
rio,rio,Gmail,4200,453
rio,rio,Gmail,4233,435
rio,rio,Gmail,4267,438
rio,rio,Gmail,4300,429
rio,rio,Gmail,4333,432
rio,rio,Gmail,4367,436
rio,rio,Gmail,4400,418
rio,rio,Gmail,4433,425
rio,rio,Gmail,4467,400
rio,rio,Gmail,4500,402
rio,rio,Gmail,4533,388
rio,rio,Gmail,4567,382
rio,rio,Gmail,4600,365
rio,rio,Gmail,4633,366
rio,rio,Gmail,4667,347
rio,rio,Gmail,4700,350
rio,rio,Gmail,4733,329
rio,rio,Gmail,4767,326
rio,rio,Gmail,4800,309
rio,rio,Gmail,4833,295
rio,rio,Gmail,4867,291
rio,rio,Gmail,4900,271
rio,rio,Gmail,4933,266
rio,rio,Gmail,4967,254
rio,rio,Gmail,5000,246
rio,rio,Gmail,5033,226
rio,rio,Gmail,5067,211
rio,rio,Gmail,5100,205
rio,rio,Gmail,5133,181
rio,rio,Gmail,5167,174
rio,rio,Gmail,5200,153
rio,rio,Gmail,5233,142
rio,rio,Gmail,5267,133
rio,rio,Gmail,5300,118
rio,rio,Gmail,5333,116
rio,rio,Gmail,5367,94
rio,rio,Gmail,5400,64
rio,rio,Gmail,5433,63
rio,rio,Gmail,5467,44
rio,rio,Gmail,5500,24
rio,rio,Gmail,5533,26
rio,rio,Gmail,5567,23
rio,rio,Gmail,5600,38
rio,rio,Gmail,5633,26
rio,rio,Gmail,5667,17
rio,rio,Gmail,5700,34
rio,rio,Gmail,5733,16
rio,rio,Gmail,5767,29
rio,rio,Gmail,5800,27
rio,rio,Gmail,5833,20
rio,rio,Gmail,5867,23
rio,rio,Gmail,5900,38
rio,rio,Gmail,5933,26
rio,rio,Gmail,5967,17
rio,rio,Gmail,6000,34
rio,rio,Gmail,6033,16
rio,rio,Gmail,6067,29
rio,rio,Gmail,6100,27
rio,rio,Gmail,6133,20
rio,rio,Gmail,6167,23
rio,rio,Gmail,6200,38
rio,rio,Gmail,6233,26
rio,rio,Gmail,6267,17
rio,rio,Gmail,6300,34
rio,rio,Gmail,6333,16
rio,rio,Gmail,6367,29
rio,rio,Gmail,6400,27
rio,rio,Gmail,6433,20
rio,rio,Gmail,6467,23
rio,rio,Gmail,6500,38
rio,rio,Gmail,6533,26
rio,rio,Gmail,6567,17
rio,rio,Gmail,6600,34
rio,rio,Gmail,6633,16
rio,rio,Gmail,6667,29
rio,rio,Gmail,6700,27
rio,rio,Gmail,6733,20
rio,rio,Gmail,6767,23
rio,rio,Gmail,6800,38
rio,rio,Gmail,6833,26
rio,rio,Gmail,6867,17
rio,rio,Gmail,6900,34
rio,rio,Gmail,6933,16
rio,rio,Gmail,6967,29
rio,rio,Gmail,7000,27
rio,rio,Gmail,7033,20
rio,rio,Gmail,7067,23
rio,rio,Gmail,7100,38
rio,rio,Gmail,7133,26
rio,rio,Gmail,7167,17
rio,rio,Gmail,7200,34
rio,rio,Gmail,7233,16
rio,rio,Gmail,7267,29
rio,rio,Gmail,7300,27
rio,rio,Gmail,7333,20
rio,rio,Gmail,7367,23
rio,rio,Gmail,7400,38
rio,rio,Gmail,7433,26
rio,rio,Gmail,7467,17
rio,rio,Gmail,7500,34
rio,rio,Gmail,7533,16
rio,rio,Gmail,7567,29
rio,rio,Gmail,7600,27
rio,rio,Gmail,7633,20
rio,rio,Gmail,7667,23
rio,rio,Gmail,7700,38
rio,rio,Gmail,7733,26
rio,rio,Gmail,7767,17
rio,rio,Gmail,7800,34
rio,rio,Gmail,7833,16
rio,rio,Gmail,7867,29
rio,rio,Gmail,7900,27
rio,rio,Gmail,7933,20
rio,rio,Gmail,7967,23
rio,rio,Gmail,8000,38
rio,rio,Gmail,8033,26
rio,rio,Gmail,8067,17
rio,rio,Gmail,8100,34
rio,rio,Gmail,8133,16
rio,rio,Gmail,8167,29
rio,rio,Gmail,8200,27
rio,rio,Gmail,8233,20
rio,rio,Gmail,8267,23
rio,rio,Gmail,8300,38
rio,rio,Gmail,8333,26
rio,rio,Gmail,8367,17
rio,rio,Gmail,8400,34
rio,rio,Gmail,8433,16
rio,rio,Gmail,8467,29
rio,rio,Gmail,8500,27
rio,rio,Gmail,8533,20
rio,rio,Gmail,8567,23
rio,rio,Gmail,8600,38
rio,rio,Gmail,8633,26
rio,rio,Gmail,8667,17
rio,rio,Gmail,8700,34
rio,rio,Gmail,8733,16
rio,rio,Gmail,8767,29
rio,rio,Gmail,8800,27
rio,rio,Gmail,8833,20
rio,rio,Gmail,8867,23
rio,rio,Gmail,8900,38
rio,rio,Gmail,8933,26
rio,rio,Gmail,8967,17
rio,rio,Gmail,9000,34
rio,rio,Gmail,9033,16
rio,rio,Gmail,9067,29
rio,rio,Gmail,9100,27
rio,rio,Gmail,9133,20
rio,rio,Gmail,9167,23
rio,rio,Gmail,9200,38
rio,rio,Gmail,9233,26
rio,rio,Gmail,9267,17
rio,rio,Gmail,9300,34
rio,rio,Gmail,9333,16
rio,rio,Gmail,9367,29
rio,rio,Gmail,9400,27
rio,rio,Gmail,9433,20
rio,rio,Gmail,9467,23
rio,rio,Gmail,9500,38
rio,rio,Gmail,9533,26
rio,rio,Gmail,9567,17
rio,rio,Gmail,9600,34
rio,rio,Gmail,9633,16
rio,rio,Gmail,9667,29
rio,rio,Gmail,9700,27
rio,rio,Gmail,9733,20
rio,rio,Gmail,9767,23
rio,rio,Gmail,9800,38
rio,rio,Gmail,9833,26
rio,rio,Gmail,9867,17
rio,rio,Gmail,9900,34
rio,rio,Gmail,9933,16
rio,rio,Gmail,9967,29
rio,rio,Gmail,10000,27
rio,rio,Gmail,10033,20
rio,rio,Gmail,10067,23
rio,rio,Gmail,10100,47
rio,rio,Gmail,10133,29
rio,rio,Gmail,10167,20
rio,rio,Gmail,10200,37
rio,rio,Gmail,10233,19
rio,rio,Gmail,10267,25
rio,rio,Gmail,10300,24
rio,rio,Gmail,10333,26
rio,rio,Gmail,10367,31
rio,rio,Gmail,10400,31
rio,rio,Gmail,10433,28
rio,rio,Gmail,10467,23
rio,rio,Gmail,10500,37
rio,rio,Gmail,10533,19
rio,rio,Gmail,10567,25
rio,rio,Gmail,10600,24
rio,rio,Gmail,10633,26
rio,rio,Gmail,10667,31
rio,rio,Gmail,10700,31
rio,rio,Gmail,10733,28
rio,rio,Gmail,10767,23
rio,rio,Gmail,10800,37
rio,rio,Gmail,10833,19
rio,rio,Gmail,10867,25
rio,rio,Gmail,10900,24
rio,rio,Gmail,10933,26
rio,rio,Gmail,10967,31
rio,rio,Gmail,11000,31
rio,rio,Gmail,11033,28
rio,rio,Gmail,11067,23
rio,rio,Gmail,11100,37
rio,rio,Gmail,11133,19
rio,rio,Gmail,11167,25
rio,rio,Gmail,11200,24
rio,rio,Gmail,11233,26
rio,rio,Gmail,11267,31
rio,rio,Gmail,11300,31
rio,rio,Gmail,11333,28
rio,rio,Gmail,11367,23
rio,rio,Gmail,11400,37
rio,rio,Gmail,11433,19
rio,rio,Gmail,11467,25
rio,rio,Gmail,11500,24
rio,rio,Gmail,11533,26
rio,rio,Gmail,11567,31
rio,rio,Gmail,11600,31
rio,rio,Gmail,11633,28
rio,rio,Gmail,11667,23
rio,rio,Gmail,11700,37
rio,rio,Gmail,11733,19
rio,rio,Gmail,11767,25
rio,rio,Gmail,11800,24
rio,rio,Gmail,11833,26
rio,rio,Gmail,11867,31
rio,rio,Gmail,11900,31
rio,rio,Gmail,11933,28
rio,rio,Gmail,11967,23
rio,rio,Gmail,12000,37
rio,rio,Gmail,12033,19
rio,rio,Gmail,12067,25
rio,rio,Gmail,12100,24
rio,rio,Gmail,12133,26
rio,rio,Gmail,12167,31
rio,rio,Gmail,12200,31
rio,rio,Gmail,12233,28
rio,rio,Gmail,12267,23
rio,rio,Gmail,12300,37
rio,rio,Gmail,12333,19
rio,rio,Gmail,12367,25
rio,rio,Gmail,12400,24
rio,rio,Gmail,12433,26
rio,rio,Gmail,12467,31
rio,rio,Gmail,12500,31
rio,rio,Gmail,12533,28
rio,rio,Gmail,12567,23
rio,rio,Gmail,12600,37
rio,rio,Gmail,12633,19
rio,rio,Gmail,12667,25
rio,rio,Gmail,12700,24
rio,rio,Gmail,12733,26
rio,rio,Gmail,12767,31
rio,rio,Gmail,12800,31
rio,rio,Gmail,12833,28
rio,rio,Gmail,12867,23
rio,rio,Gmail,12900,37
rio,rio,Gmail,12933,19
rio,rio,Gmail,12967,25
rio,rio,Gmail,13000,24
rio,rio,Gmail,13033,26
rio,rio,Gmail,13067,31
rio,rio,Gmail,13100,31
rio,rio,Gmail,13133,28
rio,rio,Gmail,13167,23
rio,rio,Gmail,13200,37
rio,rio,Gmail,13233,19
rio,rio,Gmail,13267,25
rio,rio,Gmail,13300,24
rio,rio,Gmail,13333,26
rio,rio,Gmail,13367,31
rio,rio,Gmail,13400,31
rio,rio,Gmail,13433,28
rio,rio,Gmail,13467,23
rio,rio,Gmail,13500,37
rio,rio,Gmail,13533,19
rio,rio,Gmail,13567,25
rio,rio,Gmail,13600,24
rio,rio,Gmail,13633,26
rio,rio,Gmail,13667,31
rio,rio,Gmail,13700,31
rio,rio,Gmail,13733,28
rio,rio,Gmail,13767,23
rio,rio,Gmail,13800,37
rio,rio,Gmail,13833,19
rio,rio,Gmail,13867,25
rio,rio,Gmail,13900,24
rio,rio,Gmail,13933,26
rio,rio,Gmail,13967,31
rio,rio,Gmail,14000,31
rio,rio,Gmail,14033,28
rio,rio,Gmail,14067,23
rio,rio,Gmail,14100,37
rio,rio,Gmail,14133,19
rio,rio,Gmail,14167,25
rio,rio,Gmail,14200,24
rio,rio,Gmail,14233,26
rio,rio,Gmail,14267,31
rio,rio,Gmail,14300,31
rio,rio,Gmail,14333,28
rio,rio,Gmail,14367,23
rio,rio,Gmail,14400,37
rio,rio,Gmail,14433,19
rio,rio,Gmail,14467,25
rio,rio,Gmail,14500,24
rio,rio,Gmail,14533,26
rio,rio,Gmail,14567,31
rio,rio,Gmail,14600,31
rio,rio,Gmail,14633,28
rio,rio,Gmail,14667,23
rio,rio,Gmail,14700,37
rio,rio,Gmail,14733,19
rio,rio,Gmail,14767,25
rio,rio,Gmail,14800,24
rio,rio,Gmail,14833,26
rio,rio,Gmail,14867,31
rio,rio,Gmail,14900,31
rio,rio,Gmail,14933,28
rio,rio,Gmail,14967,23
rio,rio,Gmail,15000,37
rio,rio,Gmail,15033,19
rio,rio,Gmail,15067,25
rio,rio,Gmail,15100,24
rio,rio,Gmail,15133,26
rio,rio,Gmail,15167,31
rio,rio,Gmail,15200,31
rio,rio,Gmail,15233,28
rio,rio,Gmail,15267,23
rio,rio,Gmail,15300,37
rio,rio,Gmail,15333,19
rio,rio,Gmail,15367,25
rio,rio,Gmail,15400,24
rio,rio,Gmail,15433,26
rio,rio,Gmail,15467,31
rio,rio,Gmail,15500,31
rio,rio,Gmail,15533,28
rio,rio,Gmail,15567,23
rio,rio,Gmail,15600,37
rio,rio,Gmail,15633,19
rio,rio,Gmail,15667,25
rio,rio,Gmail,15700,24
rio,rio,Gmail,15733,26
rio,rio,Gmail,15767,31
rio,rio,Gmail,15800,31
rio,rio,Gmail,15833,28
rio,rio,Gmail,15867,23
rio,rio,Gmail,15900,37
rio,rio,Gmail,15933,19
rio,rio,Gmail,15967,25
rio,rio,Gmail,16000,24
rio,rio,Gmail,16033,26
rio,rio,Gmail,16067,31
rio,rio,Gmail,16100,31
rio,rio,Gmail,16133,28
rio,rio,Gmail,16167,23
rio,rio,Gmail,16200,37
rio,rio,Gmail,16233,19
rio,rio,Gmail,16267,25
rio,rio,Gmail,16300,24
rio,rio,Gmail,16333,26
rio,rio,Gmail,16367,31
rio,rio,Gmail,16400,31
rio,rio,Gmail,16433,28
rio,rio,Gmail,16467,23
rio,rio,Gmail,16500,37
rio,rio,Gmail,16533,19
rio,rio,Gmail,16567,25
rio,rio,Gmail,16600,24
rio,rio,Gmail,16633,26
rio,rio,Gmail,16667,31
rio,rio,Gmail,16700,31
rio,rio,Gmail,16733,28
rio,rio,Gmail,16767,23
rio,rio,Gmail,16800,37
rio,rio,Gmail,16833,19
rio,rio,Gmail,16867,25
rio,rio,Gmail,16900,24
rio,rio,Gmail,16933,26
rio,rio,Gmail,16967,31
rio,rio,Gmail,17000,31
rio,rio,Gmail,17033,28
rio,rio,Gmail,17067,23
rio,rio,Gmail,17100,37
rio,rio,Gmail,17133,19
rio,rio,Gmail,17167,25
rio,rio,Gmail,17200,24
rio,rio,Gmail,17233,26
rio,rio,Gmail,17267,31
rio,rio,Gmail,17300,31
rio,rio,Gmail,17333,28
rio,rio,Gmail,17367,23
rio,rio,Gmail,17400,37
rio,rio,Gmail,17433,19
rio,rio,Gmail,17467,25
rio,rio,Gmail,17500,24
rio,rio,Gmail,17533,26
rio,rio,Gmail,17567,31
rio,rio,Gmail,17600,31
rio,rio,Gmail,17633,28
rio,rio,Gmail,17667,23
rio,rio,Gmail,17700,37
rio,rio,Gmail,17733,19
rio,rio,Gmail,17767,25
rio,rio,Gmail,17800,24
rio,rio,Gmail,17833,26
rio,rio,Gmail,17867,31
rio,rio,Gmail,17900,31
rio,rio,Gmail,17933,28
rio,rio,Gmail,17967,23
rio,rio,Gmail,18000,37
rio,rio,Gmail,18033,19
rio,rio,Gmail,18067,25
rio,rio,Gmail,18100,24
rio,rio,Gmail,18133,26
rio,rio,Gmail,18167,31
rio,rio,Gmail,18200,31
rio,rio,Gmail,18233,28
rio,rio,Gmail,18267,23
rio,rio,Gmail,18300,37
rio,rio,Gmail,18333,19
rio,rio,Gmail,18367,25
rio,rio,Gmail,18400,24
rio,rio,Gmail,18433,26
rio,rio,Gmail,18467,31
rio,rio,Gmail,18500,31
rio,rio,Gmail,18533,28
rio,rio,Gmail,18567,23
rio,rio,Gmail,18600,37
rio,rio,Gmail,18633,19
rio,rio,Gmail,18667,25
rio,rio,Gmail,18700,24
rio,rio,Gmail,18733,26
rio,rio,Gmail,18767,31
rio,rio,Gmail,18800,31
rio,rio,Gmail,18833,28
rio,rio,Gmail,18867,23
rio,rio,Gmail,18900,37
rio,rio,Gmail,18933,19
rio,rio,Gmail,18967,25
rio,rio,Gmail,19000,24
rio,rio,Gmail,19033,26
rio,rio,Gmail,19067,31
rio,rio,Gmail,19100,31
rio,rio,Gmail,19133,28
rio,rio,Gmail,19167,23
rio,rio,Gmail,19200,37
rio,rio,Gmail,19233,19
rio,rio,Gmail,19267,25
rio,rio,Gmail,19300,24
rio,rio,Gmail,19333,26
rio,rio,Gmail,19367,31
rio,rio,Gmail,19400,31
rio,rio,Gmail,19433,28
rio,rio,Gmail,19467,23
rio,rio,Gmail,19500,37
rio,rio,Gmail,19533,19
rio,rio,Gmail,19567,25
rio,rio,Gmail,19600,24
rio,rio,Gmail,19633,26
rio,rio,Gmail,19667,31
rio,rio,Gmail,19700,31
rio,rio,Gmail,19733,28
rio,rio,Gmail,19767,23
rio,rio,Gmail,19800,37
rio,rio,Gmail,19833,19
rio,rio,Gmail,19867,25
rio,rio,Gmail,19900,24
rio,rio,Gmail,19933,26
rio,rio,Gmail,19967,31
rio,rio,Gmail,20000,31
rio,rio,Gmail,20033,28
rio,rio,Gmail,20067,23
rio,rio,Gmail,20100,37
rio,rio,Gmail,20133,19
rio,rio,Gmail,20167,25
rio,rio,Gmail,20200,24
rio,rio,Gmail,20233,26
rio,rio,Gmail,20267,31
rio,rio,Gmail,20300,31
rio,rio,Gmail,20333,28
rio,rio,Gmail,20367,23
rio,rio,Gmail,20400,37
rio,rio,Gmail,20433,19
rio,rio,Gmail,20467,25
rio,rio,Gmail,20500,24
rio,rio,Gmail,20533,26
rio,rio,Gmail,20567,31
rio,rio,Gmail,20600,31
rio,rio,Gmail,20633,28
rio,rio,Gmail,20667,23
rio,rio,Gmail,20700,37
rio,rio,Gmail,20733,19
rio,rio,Gmail,20767,25
rio,rio,Gmail,20800,24
rio,rio,Gmail,20833,26
rio,rio,Gmail,20867,31
rio,rio,Gmail,20900,31
rio,rio,Gmail,20933,28
rio,rio,Gmail,20967,23
rio,rio,Gmail,21000,37
rio,rio,Gmail,21033,19
rio,rio,Gmail,21067,25
rio,rio,Gmail,21100,24
rio,rio,Gmail,21133,26
rio,rio,Gmail,21167,31
rio,rio,Gmail,21200,31
rio,rio,Gmail,21233,28
rio,rio,Gmail,21267,23
rio,rio,Gmail,21300,37
rio,rio,Gmail,21333,19
rio,rio,Gmail,21367,25
rio,rio,Gmail,21400,24
rio,rio,Gmail,21433,26
rio,rio,Gmail,21467,31
rio,rio,Gmail,21500,31
rio,rio,Gmail,21533,28
rio,rio,Gmail,21567,23
rio,rio,Gmail,21600,37
rio,rio,Gmail,21633,19
rio,rio,Gmail,21667,25
rio,rio,Gmail,21700,24
rio,rio,Gmail,21733,26
rio,rio,Gmail,21767,31
rio,rio,Gmail,21800,31
rio,rio,Gmail,21833,28
rio,rio,Gmail,21867,23
rio,rio,Gmail,21900,37
rio,rio,Gmail,21933,19
rio,rio,Gmail,21967,25
rio,rio,Gmail,22000,24
rio,rio,Gmail,22033,26
rio,rio,Gmail,22067,31
rio,rio,Gmail,22100,31
rio,rio,Gmail,22133,28
rio,rio,Gmail,22167,23
rio,rio,Gmail,22200,37
rio,rio,Gmail,22233,19
rio,rio,Gmail,22267,25
rio,rio,Gmail,22300,24
rio,rio,Gmail,22333,26
rio,rio,Gmail,22367,31
rio,rio,Gmail,22400,31
rio,rio,Gmail,22433,28
rio,rio,Gmail,22467,23
rio,rio,Gmail,22500,37
rio,rio,Gmail,22533,19
rio,rio,Gmail,22567,25
rio,rio,Gmail,22600,24
rio,rio,Gmail,22633,26
rio,rio,Gmail,22667,31
rio,rio,Gmail,22700,31
rio,rio,Gmail,22733,28
rio,rio,Gmail,22767,23
rio,rio,Gmail,22800,37
rio,rio,Gmail,22833,19
rio,rio,Gmail,22867,25
rio,rio,Gmail,22900,24
rio,rio,Gmail,22933,26
rio,rio,Gmail,22967,31
rio,rio,Gmail,23000,31
rio,rio,Gmail,23033,28
rio,rio,Gmail,23067,23
rio,rio,Gmail,23100,37
rio,rio,Gmail,23133,19
rio,rio,Gmail,23167,25
rio,rio,Gmail,23200,24
rio,rio,Gmail,23233,26
rio,rio,Gmail,23267,31
rio,rio,Gmail,23300,31
rio,rio,Gmail,23333,28
rio,rio,Gmail,23367,23
rio,rio,Gmail,23400,37
rio,rio,Gmail,23433,19
rio,rio,Gmail,23467,25
rio,rio,Gmail,23500,24
rio,rio,Gmail,23533,26
rio,rio,Gmail,23567,31
rio,rio,Gmail,23600,31
rio,rio,Gmail,23633,28
rio,rio,Gmail,23667,23
rio,rio,Gmail,23700,37
rio,rio,Gmail,23733,19
rio,rio,Gmail,23767,25
rio,rio,Gmail,23800,24
rio,rio,Gmail,23833,26
rio,rio,Gmail,23867,31
rio,rio,Gmail,23900,31
rio,rio,Gmail,23933,28
rio,rio,Gmail,23967,23
rio,rio,Gmail,24000,37
rio,rio,Gmail,24033,19
rio,rio,Gmail,24067,25
rio,rio,Gmail,24100,24
rio,rio,Gmail,24133,26
rio,rio,Gmail,24167,31
rio,rio,Gmail,24200,31
rio,rio,Gmail,24233,28
rio,rio,Gmail,24267,23
rio,rio,Gmail,24300,37
rio,rio,Gmail,24333,19
rio,rio,Gmail,24367,25
rio,rio,Gmail,24400,24
rio,rio,Gmail,24433,26
rio,rio,Gmail,24467,31
rio,rio,Gmail,24500,31
rio,rio,Gmail,24533,28
rio,rio,Gmail,24567,23
rio,rio,Gmail,24600,37
rio,rio,Gmail,24633,19
rio,rio,Gmail,24667,25
rio,rio,Gmail,24700,24
rio,rio,Gmail,24733,26
rio,rio,Gmail,24767,31
rio,rio,Gmail,24800,31
rio,rio,Gmail,24833,28
rio,rio,Gmail,24867,23
rio,rio,Gmail,24900,37
rio,rio,Gmail,24933,19
rio,rio,Gmail,24967,25
rio,rio,Gmail,25000,24
rio,rio,Gmail,25033,26
rio,rio,Gmail,25067,31
rio,rio,Gmail,25100,31
rio,rio,Gmail,25133,28
rio,rio,Gmail,25167,23
rio,rio,Gmail,25200,37
rio,rio,Gmail,25233,19
rio,rio,Gmail,25267,25
rio,rio,Gmail,25300,24
rio,rio,Gmail,25333,26
rio,rio,Gmail,25367,31
rio,rio,Gmail,25400,31
rio,rio,Gmail,25433,28
rio,rio,Gmail,25467,23
rio,rio,Gmail,25500,37
rio,rio,Gmail,25533,19
rio,rio,Gmail,25567,25
rio,rio,Gmail,25600,24
rio,rio,Gmail,25633,26
rio,rio,Gmail,25667,31
rio,rio,Gmail,25700,31
rio,rio,Gmail,25733,28
rio,rio,Gmail,25767,23
rio,rio,Gmail,25800,37
rio,rio,Gmail,25833,19
rio,rio,Gmail,25867,25
rio,rio,Gmail,25900,24
rio,rio,Gmail,25933,26
rio,rio,Gmail,25967,31
rio,rio,Gmail,26000,31
rio,rio,Gmail,26033,28
rio,rio,Gmail,26067,23
rio,rio,Gmail,26100,37
rio,rio,Gmail,26133,19
rio,rio,Gmail,26167,25
rio,rio,Gmail,26200,24
rio,rio,Gmail,26233,26
rio,rio,Gmail,26267,31
rio,rio,Gmail,26300,31
rio,rio,Gmail,26333,28
rio,rio,Gmail,26367,23
rio,rio,Gmail,26400,37
rio,rio,Gmail,26433,19
rio,rio,Gmail,26467,25
rio,rio,Gmail,26500,24
rio,rio,Gmail,26533,26
rio,rio,Gmail,26567,31
rio,rio,Gmail,26600,31
rio,rio,Gmail,26633,28
rio,rio,Gmail,26667,23
rio,rio,Gmail,26700,37
rio,rio,Gmail,26733,19
rio,rio,Gmail,26767,25
rio,rio,Gmail,26800,24
rio,rio,Gmail,26833,26
rio,rio,Gmail,26867,31
rio,rio,Gmail,26900,31
rio,rio,Gmail,26933,28
rio,rio,Gmail,26967,23
rio,rio,Gmail,27000,37
rio,rio,Gmail,27033,19
rio,rio,Gmail,27067,25
rio,rio,Gmail,27100,24
rio,rio,Gmail,27133,26
rio,rio,Gmail,27167,31
rio,rio,Gmail,27200,31
rio,rio,Gmail,27233,28
rio,rio,Gmail,27267,23
rio,rio,Gmail,27300,37
rio,rio,Gmail,27333,19
rio,rio,Gmail,27367,25
rio,rio,Gmail,27400,24
rio,rio,Gmail,27433,26
rio,rio,Gmail,27467,31
rio,rio,Gmail,27500,31
rio,rio,Gmail,27533,28
rio,rio,Gmail,27567,23
rio,rio,Gmail,27600,37
rio,rio,Gmail,27633,19
rio,rio,Gmail,27667,25
rio,rio,Gmail,27700,24
rio,rio,Gmail,27733,26
rio,rio,Gmail,27767,31
rio,rio,Gmail,27800,31
rio,rio,Gmail,27833,28
rio,rio,Gmail,27867,23
rio,rio,Gmail,27900,37
rio,rio,Gmail,27933,19
rio,rio,Gmail,27967,25
rio,rio,Gmail,28000,24
rio,rio,Gmail,28033,26
rio,rio,Gmail,28067,31
rio,rio,Gmail,28100,31
rio,rio,Gmail,28133,28
rio,rio,Gmail,28167,23
rio,rio,Gmail,28200,37
rio,rio,Gmail,28233,19
rio,rio,Gmail,28267,25
rio,rio,Gmail,28300,24
rio,rio,Gmail,28333,26
rio,rio,Gmail,28367,31
rio,rio,Gmail,28400,31
rio,rio,Gmail,28433,28
rio,rio,Gmail,28467,23
rio,rio,Gmail,28500,37
rio,rio,Gmail,28533,19
rio,rio,Gmail,28567,25
rio,rio,Gmail,28600,24
rio,rio,Gmail,28633,26
rio,rio,Gmail,28667,31
rio,rio,Gmail,28700,31
rio,rio,Gmail,28733,28
rio,rio,Gmail,28767,23
rio,rio,Gmail,28800,37
rio,rio,Gmail,28833,19
rio,rio,Gmail,28867,25
rio,rio,Gmail,28900,24
rio,rio,Gmail,28933,26
rio,rio,Gmail,28967,31
rio,rio,Gmail,29000,31
rio,rio,Gmail,29033,28
rio,rio,Gmail,29067,23
rio,rio,Gmail,29100,37
rio,rio,Gmail,29133,19
rio,rio,Gmail,29167,25
rio,rio,Gmail,29200,24
rio,rio,Gmail,29233,26
rio,rio,Gmail,29267,31
rio,rio,Gmail,29300,31
rio,rio,Gmail,29333,28
rio,rio,Gmail,29367,23
rio,rio,Gmail,29400,37
rio,rio,Gmail,29433,19
rio,rio,Gmail,29467,25
rio,rio,Gmail,29500,24
rio,rio,Gmail,29533,26
rio,rio,Gmail,29567,31
rio,rio,Gmail,29600,31
rio,rio,Gmail,29633,28
rio,rio,Gmail,29667,23
rio,rio,Gmail,29700,37
rio,rio,Gmail,29733,19
rio,rio,Gmail,29767,25
rio,rio,Gmail,29800,24
rio,rio,Gmail,29833,26
rio,rio,Gmail,29867,31
rio,rio,Gmail,29900,31
rio,rio,Gmail,29933,28
rio,rio,Gmail,29967,23
rio,rio,Gmail,30000,37
rio,rio,Gmail,30033,19
rio,rio,Gmail,30067,25
rio,rio,Gmail,30100,24
rio,rio,Gmail,30133,26
rio,rio,Gmail,30167,31
rio,rio,Gmail,30200,31
rio,rio,Gmail,30233,28
rio,rio,Gmail,30267,23
rio,rio,Gmail,30300,37
rio,rio,Gmail,30333,19
rio,rio,Gmail,30367,25
rio,rio,Gmail,30400,24
rio,rio,Gmail,30433,26
rio,rio,Gmail,30467,31
rio,rio,Gmail,30500,31
rio,rio,Gmail,30533,28
rio,rio,Gmail,30567,23
rio,rio,Gmail,30600,37
rio,rio,Gmail,30633,19
rio,rio,Gmail,30667,25
rio,rio,Gmail,30700,24
rio,rio,Gmail,30733,26
rio,rio,Gmail,30767,31
rio,rio,Gmail,30800,31
rio,rio,Gmail,30833,28
rio,rio,Gmail,30867,23
rio,rio,Gmail,30900,37
rio,rio,Gmail,30933,19
rio,rio,Gmail,30967,25
rio,rio,Gmail,31000,24
rio,rio,Gmail,31033,26
rio,rio,Gmail,31067,31
rio,rio,Gmail,31100,31
rio,rio,Gmail,31133,28
rio,rio,Gmail,31167,23
rio,rio,Gmail,31200,37
rio,rio,Gmail,31233,19
rio,rio,Gmail,31267,25
rio,rio,Gmail,31300,24
rio,rio,Gmail,31333,26
rio,rio,Gmail,31367,31
rio,rio,Gmail,31400,31
rio,rio,Gmail,31433,28
rio,rio,Gmail,31467,23
rio,rio,Gmail,31500,37
rio,rio,Gmail,31533,19
rio,rio,Gmail,31567,25
rio,rio,Gmail,31600,24
rio,rio,Gmail,31633,26
rio,rio,Gmail,31667,31
rio,rio,Gmail,31700,31
rio,rio,Gmail,31733,28
rio,rio,Gmail,31767,23
rio,rio,Gmail,31800,37
rio,rio,Gmail,31833,19
rio,rio,Gmail,31867,25
rio,rio,Gmail,31900,24
rio,rio,Gmail,31933,26
rio,rio,Gmail,31967,31
rio,rio,Gmail,32000,31
rio,rio,Gmail,32033,28
rio,rio,Gmail,32067,23
rio,rio,Gmail,32100,37
rio,rio,Gmail,32133,19
rio,rio,Gmail,32167,25
rio,rio,Gmail,32200,24
rio,rio,Gmail,32233,26
rio,rio,Gmail,32267,31
rio,rio,Gmail,32300,31
rio,rio,Gmail,32333,28
rio,rio,Gmail,32367,23
rio,rio,Gmail,32400,37
rio,rio,Gmail,32433,19
rio,rio,Gmail,32467,25
rio,rio,Gmail,32500,24
rio,rio,Gmail,32533,26
rio,rio,Gmail,32567,31
rio,rio,Gmail,32600,31
rio,rio,Gmail,32633,28
rio,rio,Gmail,32667,23
rio,rio,Gmail,32700,37
rio,rio,Gmail,32733,19
rio,rio,Gmail,32767,25
rio,rio,Gmail,32800,24
rio,rio,Gmail,32833,26
rio,rio,Gmail,32867,31
rio,rio,Gmail,32900,31
rio,rio,Gmail,32933,28
rio,rio,Gmail,32967,23
rio,rio,Gmail,33000,37
rio,rio,Gmail,33033,19
rio,rio,Gmail,33067,25
rio,rio,Gmail,33100,24
rio,rio,Gmail,33133,26
rio,rio,Gmail,33167,31
rio,rio,Gmail,33200,31
rio,rio,Gmail,33233,28
rio,rio,Gmail,33267,23
rio,rio,Gmail,33300,37
rio,rio,Gmail,33333,19
rio,rio,Gmail,33367,25
rio,rio,Gmail,33400,24
rio,rio,Gmail,33433,26
rio,rio,Gmail,33467,31
rio,rio,Gmail,33500,31
rio,rio,Gmail,33533,28
rio,rio,Gmail,33567,23
rio,rio,Gmail,33600,37
rio,rio,Gmail,33633,19
rio,rio,Gmail,33667,25
rio,rio,Gmail,33700,24
rio,rio,Gmail,33733,26
rio,rio,Gmail,33767,31
rio,rio,Gmail,33800,31
rio,rio,Gmail,33833,28
rio,rio,Gmail,33867,23
rio,rio,Gmail,33900,37
rio,rio,Gmail,33933,19
rio,rio,Gmail,33967,25
rio,control,Ssh,0,47
rio,control,Ssh,38,46
rio,control,Ssh,75,45
rio,control,Ssh,112,37
rio,control,Ssh,150,32
rio,control,Ssh,188,39
rio,control,Ssh,225,39
rio,control,Ssh,262,32
rio,control,Ssh,300,45
rio,control,Ssh,338,37
rio,control,Ssh,375,40
rio,control,Ssh,412,33
rio,control,Ssh,450,39
rio,control,Ssh,488,34
rio,control,Ssh,525,32
rio,control,Ssh,562,24
rio,control,Ssh,600,38
rio,control,Ssh,638,34
rio,control,Ssh,675,44
rio,control,Ssh,712,42
rio,control,Ssh,750,33
rio,control,Ssh,788,27
rio,control,Ssh,825,39
rio,control,Ssh,862,41
rio,control,Ssh,900,49
rio,control,Ssh,938,41
rio,control,Ssh,975,37
rio,control,Ssh,1012,36
rio,control,Ssh,1050,27
rio,control,Ssh,1088,21
rio,control,Ssh,1125,36
rio,control,Ssh,1162,32
rio,control,Ssh,1200,41
rio,control,Ssh,1238,34
rio,control,Ssh,1275,30
rio,control,Ssh,1312,29
rio,control,Ssh,1350,42
rio,control,Ssh,1388,34
rio,control,Ssh,1425,29
rio,control,Ssh,1462,38
rio,control,Ssh,1500,52
rio,control,Ssh,1538,51
rio,control,Ssh,1575,44
rio,control,Ssh,1612,39
rio,control,Ssh,1650,33
rio,control,Ssh,1688,44
rio,control,Ssh,1725,36
rio,control,Ssh,1762,32
rio,control,Ssh,1800,41
rio,control,Ssh,1838,45
rio,control,Ssh,1875,37
rio,control,Ssh,1912,33
rio,control,Ssh,1950,39
rio,control,Ssh,1988,38
rio,control,Ssh,2000,53
rio,control,Ssh,2050,33
rio,control,Ssh,2100,32
rio,control,Ssh,2150,43
rio,control,Ssh,2200,36
rio,control,Ssh,2250,35
rio,control,Ssh,2300,29
rio,control,Ssh,2350,24
rio,control,Ssh,2400,38
rio,control,Ssh,2450,37
rio,control,Ssh,2500,30
rio,control,Ssh,2550,41
rio,control,Ssh,2600,35
rio,control,Ssh,2650,30
rio,control,Ssh,2700,26
rio,control,Ssh,2750,37
rio,control,Ssh,2800,45
rio,control,Ssh,2850,26
rio,control,Ssh,2900,47
rio,control,Ssh,2950,27
rio,control,Ssh,3000,44
rio,control,Ssh,3050,25
rio,control,Ssh,3100,42
rio,control,Ssh,3150,26
rio,control,Ssh,3200,44
rio,control,Ssh,3250,36
rio,control,Ssh,3300,41
rio,control,Ssh,3350,25
rio,control,Ssh,3400,42
rio,control,Ssh,3450,23
rio,control,Ssh,3500,35
rio,control,Ssh,3550,24
rio,control,Ssh,3600,29
rio,control,Ssh,3650,22
rio,control,Ssh,3700,33
rio,control,Ssh,3750,20
rio,control,Ssh,3800,32
rio,control,Ssh,3850,24
rio,control,Ssh,3900,32
rio,control,Ssh,3950,25
rio,control,Ssh,4000,33
rio,control,Ssh,4050,20
rio,control,Ssh,4100,38
rio,control,Ssh,4150,24
rio,control,Ssh,4200,26
rio,control,Ssh,4250,25
rio,control,Ssh,4300,27
rio,control,Ssh,4350,20
rio,control,Ssh,4400,38
rio,control,Ssh,4450,24
rio,control,Ssh,4500,26
rio,control,Ssh,4550,25
rio,control,Ssh,4600,27
rio,control,Ssh,4650,20
rio,control,Ssh,4700,38
rio,control,Ssh,4750,24
rio,control,Ssh,4800,26
rio,control,Ssh,4850,25
rio,control,Ssh,4900,27
rio,control,Ssh,4950,20
rio,control,Ssh,5000,40
rio,control,Ssh,5050,28
rio,control,Ssh,5100,34
rio,control,Ssh,5150,28
rio,control,Ssh,5200,35
rio,control,Ssh,5250,28
rio,control,Ssh,5300,39
rio,control,Ssh,5350,29
rio,control,Ssh,5400,35
rio,control,Ssh,5450,29
rio,control,Ssh,5500,35
rio,control,Ssh,5550,28
rio,control,Ssh,5600,39
rio,control,Ssh,5650,29
rio,control,Ssh,5700,35
rio,control,Ssh,5750,29
rio,control,Ssh,5800,35
rio,control,Ssh,5850,28
rio,control,Ssh,5900,39
rio,control,Ssh,5950,29
rio,control,Ssh,6000,35
rio,control,Ssh,6050,29
rio,control,Ssh,6100,35
rio,control,Ssh,6150,28
rio,control,Ssh,6200,39
rio,control,Ssh,6250,29
rio,control,Ssh,6300,35
rio,control,Ssh,6350,29
rio,control,Ssh,6400,35
rio,control,Ssh,6450,28
rio,control,Ssh,6500,39
rio,control,Ssh,6550,29
rio,control,Ssh,6600,35
rio,control,Ssh,6650,29
rio,control,Ssh,6700,35
rio,control,Ssh,6750,28
rio,control,Ssh,6800,39
rio,control,Ssh,6850,29
rio,control,Ssh,6900,35
rio,control,Ssh,6950,29
rio,control,Ssh,7000,35
rio,control,Ssh,7050,28
rio,control,Ssh,7100,39
rio,control,Ssh,7150,29
rio,control,Ssh,7200,35
rio,control,Ssh,7250,29
rio,control,Ssh,7300,35
rio,control,Ssh,7350,28
rio,control,Ssh,7400,39
rio,control,Ssh,7450,29
rio,control,Ssh,7500,35
rio,control,Ssh,7550,29
rio,control,Ssh,7600,35
rio,control,Ssh,7650,28
rio,control,Ssh,7700,39
rio,control,Ssh,7750,29
rio,control,Ssh,7800,35
rio,control,Ssh,7850,29
rio,control,Ssh,7900,35
rio,control,Ssh,7950,28
rio,control,Ssh,8000,39
rio,control,Ssh,8050,29
rio,control,Ssh,8100,35
rio,control,Ssh,8150,29
rio,control,Ssh,8200,35
rio,control,Ssh,8250,28
rio,control,Ssh,8300,39
rio,control,Ssh,8350,29
rio,control,Ssh,8400,35
rio,control,Ssh,8450,29
rio,control,Ssh,8500,35
rio,control,Ssh,8550,28
rio,control,Ssh,8600,39
rio,control,Ssh,8650,29
rio,control,Ssh,8700,35
rio,control,Ssh,8750,29
rio,control,Ssh,8800,35
rio,control,Ssh,8850,28
rio,control,Ssh,8900,39
rio,control,Ssh,8950,29
rio,control,Ssh,9000,35
rio,control,Ssh,9050,29
rio,control,Ssh,9100,35
rio,control,Ssh,9150,28
rio,control,Ssh,9200,39
rio,control,Ssh,9250,29
rio,control,Ssh,9300,35
rio,control,Ssh,9350,29
rio,control,Ssh,9400,35
rio,control,Ssh,9450,28
rio,control,Ssh,9500,39
rio,control,Ssh,9550,29
rio,control,Ssh,9600,35
rio,control,Ssh,9650,29
rio,control,Ssh,9700,35
rio,control,Ssh,9750,28
rio,control,Ssh,9800,39
rio,control,Ssh,9850,29
rio,control,Ssh,9900,35
rio,control,Ssh,9950,29
rio,control,Ssh,10000,35
rio,control,Ssh,10050,28
rio,control,Ssh,10100,39
rio,control,Ssh,10150,29
rio,control,Ssh,10200,35
rio,control,Ssh,10250,29
rio,control,Ssh,10300,35
rio,control,Ssh,10350,28
rio,control,Ssh,10400,39
rio,control,Ssh,10450,29
rio,control,Ssh,10500,35
rio,control,Ssh,10550,29
rio,control,Ssh,10600,35
rio,control,Ssh,10650,28
rio,control,Ssh,10700,39
rio,control,Ssh,10750,29
rio,control,Ssh,10800,35
rio,control,Ssh,10850,29
rio,control,Ssh,10900,35
rio,control,Ssh,10950,28
rio,control,Ssh,11000,39
rio,control,Ssh,11050,29
rio,control,Ssh,11100,35
rio,control,Ssh,11150,29
rio,control,Ssh,11200,35
rio,control,Ssh,11250,28
rio,control,Ssh,11300,39
rio,control,Ssh,11350,29
rio,control,Ssh,11400,35
rio,control,Ssh,11450,29
rio,control,Ssh,11500,35
rio,control,Ssh,11550,28
rio,control,Ssh,11600,39
rio,control,Ssh,11650,29
rio,control,Ssh,11700,35
rio,control,Ssh,11750,29
rio,control,Ssh,11800,35
rio,control,Ssh,11850,28
rio,control,Ssh,11900,39
rio,control,Ssh,11950,29
rio,control,Ssh,12000,35
rio,control,Ssh,12050,29
rio,control,Ssh,12100,35
rio,control,Ssh,12150,28
rio,control,Ssh,12200,39
rio,control,Ssh,12250,29
rio,control,Ssh,12300,35
rio,control,Ssh,12350,29
rio,control,Ssh,12400,35
rio,control,Ssh,12450,28
rio,control,Ssh,12500,39
rio,control,Ssh,12550,29
rio,control,Ssh,12600,35
rio,control,Ssh,12650,29
rio,control,Ssh,12700,35
rio,control,Ssh,12750,28
rio,control,Ssh,12800,39
rio,control,Ssh,12850,29
rio,control,Ssh,12900,35
rio,control,Ssh,12950,29
rio,control,Ssh,13000,35
rio,control,Ssh,13050,28
rio,control,Ssh,13100,39
rio,control,Ssh,13150,29
rio,control,Ssh,13200,35
rio,control,Ssh,13250,29
rio,control,Ssh,13300,35
rio,control,Ssh,13350,28
rio,control,Ssh,13400,39
rio,control,Ssh,13450,29
rio,control,Ssh,13500,35
rio,control,Ssh,13550,29
rio,control,Ssh,13600,35
rio,control,Ssh,13650,28
rio,control,Ssh,13700,39
rio,control,Ssh,13750,29
rio,control,Ssh,13800,35
rio,control,Ssh,13850,29
rio,control,Ssh,13900,35
rio,control,Ssh,13950,28
rio,control,Ssh,14000,39
rio,control,Ssh,14050,29
rio,control,Ssh,14100,35
rio,control,Ssh,14150,29
rio,control,Ssh,14200,35
rio,control,Ssh,14250,28
rio,control,Ssh,14300,39
rio,control,Ssh,14350,29
rio,control,Ssh,14400,35
rio,control,Ssh,14450,29
rio,control,Ssh,14500,35
rio,control,Ssh,14550,28
rio,control,Ssh,14600,39
rio,control,Ssh,14650,29
rio,control,Ssh,14700,35
rio,control,Ssh,14750,29
rio,control,Ssh,14800,35
rio,control,Ssh,14850,28
rio,control,Ssh,14900,39
rio,control,Ssh,14950,29
rio,control,Ssh,15000,35
rio,control,Ssh,15050,29
rio,control,Ssh,15100,35
rio,control,Ssh,15150,28
rio,control,Ssh,15200,39
rio,control,Ssh,15250,29
rio,control,Ssh,15300,35
rio,control,Ssh,15350,29
rio,control,Ssh,15400,35
rio,control,Ssh,15450,28
rio,control,Ssh,15500,39
rio,control,Ssh,15550,29
rio,control,Ssh,15600,35
rio,control,Ssh,15650,29
rio,control,Ssh,15700,35
rio,control,Ssh,15750,28
rio,control,Ssh,15800,39
rio,control,Ssh,15850,29
rio,control,Ssh,15900,35
rio,control,Ssh,15950,29
rio,control,Ssh,16000,35
rio,control,Ssh,16050,28
rio,control,Ssh,16100,39
rio,control,Ssh,16150,29
rio,control,Ssh,16200,35
rio,control,Ssh,16250,29
rio,control,Ssh,16300,35
rio,control,Ssh,16350,28
rio,control,Ssh,16400,39
rio,control,Ssh,16450,29
rio,control,Ssh,16500,35
rio,control,Ssh,16550,29
rio,control,Ssh,16600,35
rio,control,Ssh,16650,28
rio,control,Ssh,16700,39
rio,control,Ssh,16750,29
rio,control,Ssh,16800,35
rio,control,Ssh,16850,29
rio,control,Ssh,16900,35
rio,control,Ssh,16950,28
rio,control,Ssh,17000,39
rio,control,Ssh,17050,29
rio,control,Ssh,17100,35
rio,control,Ssh,17150,29
rio,control,Ssh,17200,35
rio,control,Ssh,17250,28
rio,control,Ssh,17300,39
rio,control,Ssh,17350,29
rio,control,Ssh,17400,35
rio,control,Ssh,17450,29
rio,control,Ssh,17500,35
rio,control,Ssh,17550,28
rio,control,Ssh,17600,39
rio,control,Ssh,17650,29
rio,control,Ssh,17700,35
rio,control,Ssh,17750,29
rio,control,Ssh,17800,35
rio,control,Ssh,17850,28
rio,control,Ssh,17900,39
rio,control,Ssh,17950,29
rio,control,Ssh,18000,35
rio,control,Ssh,18050,29
rio,control,Ssh,18100,35
rio,control,Ssh,18150,28
rio,control,Ssh,18200,39
rio,control,Ssh,18250,29
rio,control,Ssh,18300,35
rio,control,Ssh,18350,29
rio,control,Ssh,18400,35
rio,control,Ssh,18450,28
rio,control,Ssh,18500,39
rio,control,Ssh,18550,29
rio,control,Ssh,18600,35
rio,control,Ssh,18650,29
rio,control,Ssh,18700,35
rio,control,Ssh,18750,28
rio,control,Ssh,18800,39
rio,control,Ssh,18850,29
rio,control,Ssh,18900,35
rio,control,Ssh,18950,29
rio,control,Ssh,19000,35
rio,control,Ssh,19050,28
rio,control,Ssh,19100,39
rio,control,Ssh,19150,29
rio,control,Ssh,19200,35
rio,control,Ssh,19250,29
rio,control,Ssh,19300,35
rio,control,Ssh,19350,28
rio,control,Ssh,19400,39
rio,control,Ssh,19450,29
rio,control,Ssh,19500,35
rio,control,Ssh,19550,29
rio,control,Ssh,19600,35
rio,control,Ssh,19650,28
rio,control,Ssh,19700,39
rio,control,Ssh,19750,29
rio,control,Ssh,19800,35
rio,control,Ssh,19850,29
rio,control,Ssh,19900,35
rio,control,Ssh,19950,28
rio,control,Ssh,20000,39
rio,control,Ssh,20050,29
rio,control,Ssh,20100,35
rio,control,Ssh,20150,29
rio,control,Ssh,20200,35
rio,control,Ssh,20250,28
rio,control,Ssh,20300,39
rio,control,Ssh,20350,29
rio,control,Ssh,20400,35
rio,control,Ssh,20450,29
rio,control,Ssh,20500,35
rio,control,Ssh,20550,28
rio,control,Ssh,20600,39
rio,control,Ssh,20650,29
rio,control,Ssh,20700,35
rio,control,Ssh,20750,29
rio,control,Ssh,20800,35
rio,control,Ssh,20850,28
rio,control,Ssh,20900,39
rio,control,Ssh,20950,29
rio,control,Ssh,21000,35
rio,control,Ssh,21050,29
rio,control,Ssh,21100,35
rio,control,Ssh,21150,28
rio,control,Ssh,21200,39
rio,control,Ssh,21250,29
rio,control,Ssh,21300,35
rio,control,Ssh,21350,29
rio,control,Ssh,21400,35
rio,control,Ssh,21450,28
rio,control,Ssh,21500,39
rio,control,Ssh,21550,29
rio,control,Ssh,21600,35
rio,control,Ssh,21650,29
rio,control,Ssh,21700,35
rio,control,Ssh,21750,28
rio,control,Ssh,21800,39
rio,control,Ssh,21850,29
rio,control,Ssh,21900,35
rio,control,Ssh,21950,29
rio,control,Ssh,22000,35
rio,control,Ssh,22050,28
rio,control,Ssh,22100,39
rio,control,Ssh,22150,29
rio,control,Ssh,22200,35
rio,control,Ssh,22250,29
rio,control,Ssh,22300,35
rio,control,Ssh,22350,28
rio,control,Ssh,22400,39
rio,control,Ssh,22450,29
rio,control,Ssh,22500,35
rio,control,Ssh,22550,29
rio,control,Ssh,22600,35
rio,control,Ssh,22650,28
rio,control,Ssh,22700,39
rio,control,Ssh,22750,29
rio,control,Ssh,22800,35
rio,control,Ssh,22850,29
rio,control,Ssh,22900,35
rio,control,Ssh,22950,28
rio,control,Ssh,23000,39
rio,control,Ssh,23050,29
rio,control,Ssh,23100,35
rio,control,Ssh,23150,29
rio,control,Ssh,23200,35
rio,control,Ssh,23250,28
rio,control,Ssh,23300,39
rio,control,Ssh,23350,29
rio,control,Ssh,23400,35
rio,control,Ssh,23450,29
rio,control,Ssh,23500,35
rio,control,Ssh,23550,28
rio,control,Ssh,23600,39
rio,control,Ssh,23650,29
rio,control,Ssh,23700,35
rio,control,Ssh,23750,29
rio,control,Ssh,23800,35
rio,control,Ssh,23850,28
rio,control,Ssh,23900,39
rio,control,Ssh,23950,29
rio,control,Ssh,24000,35
rio,control,Ssh,24050,29
rio,control,Ssh,24100,35
rio,control,Ssh,24150,28
rio,control,Ssh,24200,39
rio,control,Ssh,24250,29
rio,control,Ssh,24300,35
rio,control,Ssh,24350,29
rio,control,Ssh,24400,35
rio,control,Ssh,24450,28
rio,control,Ssh,24500,39
rio,control,Ssh,24550,29
rio,control,Ssh,24600,35
rio,control,Ssh,24650,29
rio,control,Ssh,24700,35
rio,control,Ssh,24750,28
rio,control,Ssh,24800,39
rio,control,Ssh,24850,29
rio,control,Ssh,24900,35
rio,control,Ssh,24950,29
rio,control,Ssh,25000,35
rio,control,Ssh,25050,28
rio,control,Ssh,25100,39
rio,control,Ssh,25150,29
rio,control,Ssh,25200,35
rio,control,Ssh,25250,29
rio,control,Ssh,25300,35
rio,control,Ssh,25350,28
rio,control,Ssh,25400,39
rio,control,Ssh,25450,29
rio,control,Ssh,25500,35
rio,control,Ssh,25550,29
rio,control,Ssh,25600,35
rio,control,Ssh,25650,28
rio,control,Ssh,25700,39
rio,control,Ssh,25750,29
rio,control,Ssh,25800,35
rio,control,Ssh,25850,29
rio,control,Ssh,25900,35
rio,control,Ssh,25950,28
rio,control,Ssh,26000,39
rio,control,Ssh,26050,29
rio,control,Ssh,26100,35
rio,control,Ssh,26150,29
rio,control,Ssh,26200,35
rio,control,Ssh,26250,28
rio,control,Ssh,26300,39
rio,control,Ssh,26350,29
rio,control,Ssh,26400,35
rio,control,Ssh,26450,29
rio,control,Ssh,26500,35
rio,control,Ssh,26550,28
rio,control,Ssh,26600,39
rio,control,Ssh,26650,29
rio,control,Ssh,26700,35
rio,control,Ssh,26750,29
rio,control,Ssh,26800,35
rio,control,Ssh,26850,28
rio,control,Ssh,26900,39
rio,control,Ssh,26950,29
rio,control,Ssh,27000,35
rio,control,Ssh,27050,29
rio,control,Ssh,27100,35
rio,control,Ssh,27150,28
rio,control,Ssh,27200,39
rio,control,Ssh,27250,29
rio,control,Ssh,27300,35
rio,control,Ssh,27350,29
rio,control,Ssh,27400,35
rio,control,Ssh,27450,28
rio,control,Ssh,27500,39
rio,control,Ssh,27550,29
rio,control,Ssh,27600,35
rio,control,Ssh,27650,29
rio,control,Ssh,27700,35
rio,control,Ssh,27750,28
rio,control,Ssh,27800,39
rio,control,Ssh,27850,29
rio,control,Ssh,27900,35
rio,control,Ssh,27950,29
rio,control,Ssh,28000,35
rio,control,Ssh,28050,28
rio,control,Ssh,28100,39
rio,control,Ssh,28150,29
rio,control,Ssh,28200,35
rio,control,Ssh,28250,29
rio,control,Ssh,28300,35
rio,control,Ssh,28350,28
rio,control,Ssh,28400,39
rio,control,Ssh,28450,29
rio,control,Ssh,28500,35
rio,control,Ssh,28550,29
rio,control,Ssh,28600,35
rio,control,Ssh,28650,28
rio,control,Ssh,28700,39
rio,control,Ssh,28750,29
rio,control,Ssh,28800,35
rio,control,Ssh,28850,29
rio,control,Ssh,28900,35
rio,control,Ssh,28950,28
rio,control,Ssh,29000,39
rio,control,Ssh,29050,29
rio,control,Ssh,29100,35
rio,control,Ssh,29150,29
rio,control,Ssh,29200,35
rio,control,Ssh,29250,28
rio,control,Ssh,29300,39
rio,control,Ssh,29350,29
rio,control,Ssh,29400,35
rio,control,Ssh,29450,29
rio,control,Ssh,29500,35
rio,control,Ssh,29550,28
rio,control,Ssh,29600,39
rio,control,Ssh,29650,29
rio,control,Ssh,29700,35
rio,control,Ssh,29750,29
rio,control,Ssh,29800,35
rio,control,Ssh,29850,28
rio,control,Ssh,29900,39
rio,control,Ssh,29950,29
rio,control,Ssh,30000,35
rio,control,Ssh,30050,29
rio,control,Ssh,30100,35
rio,control,Ssh,30150,28
rio,control,Ssh,30200,39
rio,control,Ssh,30250,29
rio,control,Ssh,30300,35
rio,control,Ssh,30350,29
rio,control,Ssh,30400,35
rio,control,Ssh,30450,28
rio,control,Ssh,30500,39
rio,control,Ssh,30550,29
rio,control,Ssh,30600,35
rio,control,Ssh,30650,29
rio,control,Ssh,30700,35
rio,control,Ssh,30750,28
rio,control,Ssh,30800,39
rio,control,Ssh,30850,29
rio,control,Ssh,30900,35
rio,control,Ssh,30950,29
rio,control,Ssh,31000,35
rio,control,Ssh,31050,28
rio,control,Ssh,31100,39
rio,control,Ssh,31150,29
rio,control,Ssh,31200,35
rio,control,Ssh,31250,29
rio,control,Ssh,31300,35
rio,control,Ssh,31350,28
rio,control,Ssh,31400,39
rio,control,Ssh,31450,29
rio,control,Ssh,31500,35
rio,control,Ssh,31550,29
rio,control,Ssh,31600,35
rio,control,Ssh,31650,28
rio,control,Ssh,31700,39
rio,control,Ssh,31750,29
rio,control,Ssh,31800,35
rio,control,Ssh,31850,29
rio,control,Ssh,31900,35
rio,control,Ssh,31950,28
rio,control,Ssh,32000,39
rio,control,Ssh,32050,29
rio,control,Ssh,32100,35
rio,control,Ssh,32150,29
rio,control,Ssh,32200,35
rio,control,Ssh,32250,28
rio,control,Ssh,32300,39
rio,control,Ssh,32350,29
rio,control,Ssh,32400,35
rio,control,Ssh,32450,29
rio,control,Ssh,32500,35
rio,control,Ssh,32550,28
rio,control,Ssh,32600,39
rio,control,Ssh,32650,29
rio,control,Ssh,32700,35
rio,control,Ssh,32750,29
rio,control,Ssh,32800,35
rio,control,Ssh,32850,28
rio,control,Ssh,32900,39
rio,control,Ssh,32950,29
rio,control,Ssh,33000,35
rio,control,Ssh,33050,29
rio,control,Ssh,33100,35
rio,control,Ssh,33150,28
rio,control,Ssh,33200,39
rio,control,Ssh,33250,29
rio,control,Ssh,33300,35
rio,control,Ssh,33350,29
rio,control,Ssh,33400,35
rio,control,Ssh,33450,28
rio,control,Ssh,33500,39
rio,control,Ssh,33550,29
rio,control,Ssh,33600,35
rio,control,Ssh,33650,29
rio,control,Ssh,33700,35
rio,control,Ssh,33750,28
rio,control,Ssh,33800,39
rio,control,Ssh,33850,29
rio,control,Ssh,33900,35
rio,control,Ssh,33950,29
rio,rio,Ssh,0,47
rio,rio,Ssh,38,46
rio,rio,Ssh,75,45
rio,rio,Ssh,112,37
rio,rio,Ssh,150,32
rio,rio,Ssh,188,39
rio,rio,Ssh,225,39
rio,rio,Ssh,262,32
rio,rio,Ssh,300,45
rio,rio,Ssh,338,37
rio,rio,Ssh,375,40
rio,rio,Ssh,412,33
rio,rio,Ssh,450,39
rio,rio,Ssh,488,34
rio,rio,Ssh,525,32
rio,rio,Ssh,562,24
rio,rio,Ssh,600,38
rio,rio,Ssh,638,34
rio,rio,Ssh,675,44
rio,rio,Ssh,712,42
rio,rio,Ssh,750,33
rio,rio,Ssh,788,27
rio,rio,Ssh,825,39
rio,rio,Ssh,862,41
rio,rio,Ssh,900,49
rio,rio,Ssh,938,41
rio,rio,Ssh,975,37
rio,rio,Ssh,1012,36
rio,rio,Ssh,1050,27
rio,rio,Ssh,1088,21
rio,rio,Ssh,1125,36
rio,rio,Ssh,1162,32
rio,rio,Ssh,1200,41
rio,rio,Ssh,1238,34
rio,rio,Ssh,1275,30
rio,rio,Ssh,1312,29
rio,rio,Ssh,1350,42
rio,rio,Ssh,1388,34
rio,rio,Ssh,1425,29
rio,rio,Ssh,1462,38
rio,rio,Ssh,1500,52
rio,rio,Ssh,1538,51
rio,rio,Ssh,1575,44
rio,rio,Ssh,1612,39
rio,rio,Ssh,1650,33
rio,rio,Ssh,1688,44
rio,rio,Ssh,1725,36
rio,rio,Ssh,1762,32
rio,rio,Ssh,1800,41
rio,rio,Ssh,1838,45
rio,rio,Ssh,1875,37
rio,rio,Ssh,1912,33
rio,rio,Ssh,1950,39
rio,rio,Ssh,1988,38
rio,rio,Ssh,2000,53
rio,rio,Ssh,2050,55
rio,rio,Ssh,2100,44
rio,rio,Ssh,2150,48
rio,rio,Ssh,2200,37
rio,rio,Ssh,2250,47
rio,rio,Ssh,2300,51
rio,rio,Ssh,2350,37
rio,rio,Ssh,2400,44
rio,rio,Ssh,2450,33
rio,rio,Ssh,2500,40
rio,rio,Ssh,2550,47
rio,rio,Ssh,2600,36
rio,rio,Ssh,2650,43
rio,rio,Ssh,2700,29
rio,rio,Ssh,2750,39
rio,rio,Ssh,2800,43
rio,rio,Ssh,2850,32
rio,rio,Ssh,2900,42
rio,rio,Ssh,2950,58
rio,rio,Ssh,3000,53
rio,rio,Ssh,3050,45
rio,rio,Ssh,3100,37
rio,rio,Ssh,3150,53
rio,rio,Ssh,3200,48
rio,rio,Ssh,3250,40
rio,rio,Ssh,3300,38
rio,rio,Ssh,3350,51
rio,rio,Ssh,3400,46
rio,rio,Ssh,3450,38
rio,rio,Ssh,3500,33
rio,rio,Ssh,3550,52
rio,rio,Ssh,3600,44
rio,rio,Ssh,3650,36
rio,rio,Ssh,3700,31
rio,rio,Ssh,3750,47
rio,rio,Ssh,3800,45
rio,rio,Ssh,3850,37
rio,rio,Ssh,3900,50
rio,rio,Ssh,3950,48
rio,rio,Ssh,4000,43
rio,rio,Ssh,4050,35
rio,rio,Ssh,4100,45
rio,rio,Ssh,4150,32
rio,rio,Ssh,4200,42
rio,rio,Ssh,4250,48
rio,rio,Ssh,4300,36
rio,rio,Ssh,4350,40
rio,rio,Ssh,4400,47
rio,rio,Ssh,4450,34
rio,rio,Ssh,4500,37
rio,rio,Ssh,4550,43
rio,rio,Ssh,4600,30
rio,rio,Ssh,4650,37
rio,rio,Ssh,4700,44
rio,rio,Ssh,4750,31
rio,rio,Ssh,4800,37
rio,rio,Ssh,4850,40
rio,rio,Ssh,4900,33
rio,rio,Ssh,4950,37
rio,rio,Ssh,5000,29
rio,rio,Ssh,5050,28
rio,rio,Ssh,5100,40
rio,rio,Ssh,5150,31
rio,rio,Ssh,5200,27
rio,rio,Ssh,5250,40
rio,rio,Ssh,5300,25
rio,rio,Ssh,5350,34
rio,rio,Ssh,5400,37
rio,rio,Ssh,5450,31
rio,rio,Ssh,5500,30
rio,rio,Ssh,5550,34
rio,rio,Ssh,5600,50
rio,rio,Ssh,5650,25
rio,rio,Ssh,5700,37
rio,rio,Ssh,5750,37
rio,rio,Ssh,5800,30
rio,rio,Ssh,5850,34
rio,rio,Ssh,5900,50
rio,rio,Ssh,5950,25
rio,rio,Ssh,6000,37
rio,rio,Ssh,6050,37
rio,rio,Ssh,6100,30
rio,rio,Ssh,6150,34
rio,rio,Ssh,6200,50
rio,rio,Ssh,6250,25
rio,rio,Ssh,6300,37
rio,rio,Ssh,6350,37
rio,rio,Ssh,6400,30
rio,rio,Ssh,6450,34
rio,rio,Ssh,6500,50
rio,rio,Ssh,6550,25
rio,rio,Ssh,6600,37
rio,rio,Ssh,6650,37
rio,rio,Ssh,6700,30
rio,rio,Ssh,6750,34
rio,rio,Ssh,6800,50
rio,rio,Ssh,6850,25
rio,rio,Ssh,6900,37
rio,rio,Ssh,6950,37
rio,rio,Ssh,7000,30
rio,rio,Ssh,7050,34
rio,rio,Ssh,7100,50
rio,rio,Ssh,7150,25
rio,rio,Ssh,7200,37
rio,rio,Ssh,7250,37
rio,rio,Ssh,7300,30
rio,rio,Ssh,7350,34
rio,rio,Ssh,7400,50
rio,rio,Ssh,7450,25
rio,rio,Ssh,7500,37
rio,rio,Ssh,7550,37
rio,rio,Ssh,7600,30
rio,rio,Ssh,7650,34
rio,rio,Ssh,7700,50
rio,rio,Ssh,7750,25
rio,rio,Ssh,7800,37
rio,rio,Ssh,7850,37
rio,rio,Ssh,7900,30
rio,rio,Ssh,7950,34
rio,rio,Ssh,8000,50
rio,rio,Ssh,8050,25
rio,rio,Ssh,8100,37
rio,rio,Ssh,8150,37
rio,rio,Ssh,8200,30
rio,rio,Ssh,8250,34
rio,rio,Ssh,8300,50
rio,rio,Ssh,8350,25
rio,rio,Ssh,8400,37
rio,rio,Ssh,8450,37
rio,rio,Ssh,8500,30
rio,rio,Ssh,8550,34
rio,rio,Ssh,8600,50
rio,rio,Ssh,8650,25
rio,rio,Ssh,8700,37
rio,rio,Ssh,8750,37
rio,rio,Ssh,8800,30
rio,rio,Ssh,8850,34
rio,rio,Ssh,8900,50
rio,rio,Ssh,8950,25
rio,rio,Ssh,9000,37
rio,rio,Ssh,9050,37
rio,rio,Ssh,9100,30
rio,rio,Ssh,9150,34
rio,rio,Ssh,9200,50
rio,rio,Ssh,9250,25
rio,rio,Ssh,9300,37
rio,rio,Ssh,9350,37
rio,rio,Ssh,9400,30
rio,rio,Ssh,9450,34
rio,rio,Ssh,9500,50
rio,rio,Ssh,9550,25
rio,rio,Ssh,9600,37
rio,rio,Ssh,9650,37
rio,rio,Ssh,9700,30
rio,rio,Ssh,9750,34
rio,rio,Ssh,9800,50
rio,rio,Ssh,9850,25
rio,rio,Ssh,9900,37
rio,rio,Ssh,9950,37
rio,rio,Ssh,10000,30
rio,rio,Ssh,10050,34
rio,rio,Ssh,10100,53
rio,rio,Ssh,10150,25
rio,rio,Ssh,10200,40
rio,rio,Ssh,10250,30
rio,rio,Ssh,10300,30
rio,rio,Ssh,10350,39
rio,rio,Ssh,10400,43
rio,rio,Ssh,10450,24
rio,rio,Ssh,10500,40
rio,rio,Ssh,10550,30
rio,rio,Ssh,10600,30
rio,rio,Ssh,10650,39
rio,rio,Ssh,10700,43
rio,rio,Ssh,10750,24
rio,rio,Ssh,10800,40
rio,rio,Ssh,10850,30
rio,rio,Ssh,10900,30
rio,rio,Ssh,10950,39
rio,rio,Ssh,11000,43
rio,rio,Ssh,11050,24
rio,rio,Ssh,11100,40
rio,rio,Ssh,11150,30
rio,rio,Ssh,11200,30
rio,rio,Ssh,11250,39
rio,rio,Ssh,11300,43
rio,rio,Ssh,11350,24
rio,rio,Ssh,11400,40
rio,rio,Ssh,11450,30
rio,rio,Ssh,11500,30
rio,rio,Ssh,11550,39
rio,rio,Ssh,11600,43
rio,rio,Ssh,11650,24
rio,rio,Ssh,11700,40
rio,rio,Ssh,11750,30
rio,rio,Ssh,11800,30
rio,rio,Ssh,11850,39
rio,rio,Ssh,11900,43
rio,rio,Ssh,11950,24
rio,rio,Ssh,12000,40
rio,rio,Ssh,12050,30
rio,rio,Ssh,12100,30
rio,rio,Ssh,12150,39
rio,rio,Ssh,12200,43
rio,rio,Ssh,12250,24
rio,rio,Ssh,12300,40
rio,rio,Ssh,12350,30
rio,rio,Ssh,12400,30
rio,rio,Ssh,12450,39
rio,rio,Ssh,12500,43
rio,rio,Ssh,12550,24
rio,rio,Ssh,12600,40
rio,rio,Ssh,12650,30
rio,rio,Ssh,12700,30
rio,rio,Ssh,12750,39
rio,rio,Ssh,12800,43
rio,rio,Ssh,12850,24
rio,rio,Ssh,12900,40
rio,rio,Ssh,12950,30
rio,rio,Ssh,13000,30
rio,rio,Ssh,13050,39
rio,rio,Ssh,13100,43
rio,rio,Ssh,13150,24
rio,rio,Ssh,13200,40
rio,rio,Ssh,13250,30
rio,rio,Ssh,13300,30
rio,rio,Ssh,13350,39
rio,rio,Ssh,13400,43
rio,rio,Ssh,13450,24
rio,rio,Ssh,13500,40
rio,rio,Ssh,13550,30
rio,rio,Ssh,13600,30
rio,rio,Ssh,13650,39
rio,rio,Ssh,13700,43
rio,rio,Ssh,13750,24
rio,rio,Ssh,13800,40
rio,rio,Ssh,13850,30
rio,rio,Ssh,13900,30
rio,rio,Ssh,13950,39
rio,rio,Ssh,14000,43
rio,rio,Ssh,14050,24
rio,rio,Ssh,14100,40
rio,rio,Ssh,14150,30
rio,rio,Ssh,14200,30
rio,rio,Ssh,14250,39
rio,rio,Ssh,14300,43
rio,rio,Ssh,14350,24
rio,rio,Ssh,14400,40
rio,rio,Ssh,14450,30
rio,rio,Ssh,14500,30
rio,rio,Ssh,14550,39
rio,rio,Ssh,14600,43
rio,rio,Ssh,14650,24
rio,rio,Ssh,14700,40
rio,rio,Ssh,14750,30
rio,rio,Ssh,14800,30
rio,rio,Ssh,14850,39
rio,rio,Ssh,14900,43
rio,rio,Ssh,14950,24
rio,rio,Ssh,15000,40
rio,rio,Ssh,15050,30
rio,rio,Ssh,15100,30
rio,rio,Ssh,15150,39
rio,rio,Ssh,15200,43
rio,rio,Ssh,15250,24
rio,rio,Ssh,15300,40
rio,rio,Ssh,15350,30
rio,rio,Ssh,15400,30
rio,rio,Ssh,15450,39
rio,rio,Ssh,15500,43
rio,rio,Ssh,15550,24
rio,rio,Ssh,15600,40
rio,rio,Ssh,15650,30
rio,rio,Ssh,15700,30
rio,rio,Ssh,15750,39
rio,rio,Ssh,15800,43
rio,rio,Ssh,15850,24
rio,rio,Ssh,15900,40
rio,rio,Ssh,15950,30
rio,rio,Ssh,16000,30
rio,rio,Ssh,16050,39
rio,rio,Ssh,16100,43
rio,rio,Ssh,16150,24
rio,rio,Ssh,16200,40
rio,rio,Ssh,16250,30
rio,rio,Ssh,16300,30
rio,rio,Ssh,16350,39
rio,rio,Ssh,16400,43
rio,rio,Ssh,16450,24
rio,rio,Ssh,16500,40
rio,rio,Ssh,16550,30
rio,rio,Ssh,16600,30
rio,rio,Ssh,16650,39
rio,rio,Ssh,16700,43
rio,rio,Ssh,16750,24
rio,rio,Ssh,16800,40
rio,rio,Ssh,16850,30
rio,rio,Ssh,16900,30
rio,rio,Ssh,16950,39
rio,rio,Ssh,17000,43
rio,rio,Ssh,17050,24
rio,rio,Ssh,17100,40
rio,rio,Ssh,17150,30
rio,rio,Ssh,17200,30
rio,rio,Ssh,17250,39
rio,rio,Ssh,17300,43
rio,rio,Ssh,17350,24
rio,rio,Ssh,17400,40
rio,rio,Ssh,17450,30
rio,rio,Ssh,17500,30
rio,rio,Ssh,17550,39
rio,rio,Ssh,17600,43
rio,rio,Ssh,17650,24
rio,rio,Ssh,17700,40
rio,rio,Ssh,17750,30
rio,rio,Ssh,17800,30
rio,rio,Ssh,17850,39
rio,rio,Ssh,17900,43
rio,rio,Ssh,17950,24
rio,rio,Ssh,18000,40
rio,rio,Ssh,18050,30
rio,rio,Ssh,18100,30
rio,rio,Ssh,18150,39
rio,rio,Ssh,18200,43
rio,rio,Ssh,18250,24
rio,rio,Ssh,18300,40
rio,rio,Ssh,18350,30
rio,rio,Ssh,18400,30
rio,rio,Ssh,18450,39
rio,rio,Ssh,18500,43
rio,rio,Ssh,18550,24
rio,rio,Ssh,18600,40
rio,rio,Ssh,18650,30
rio,rio,Ssh,18700,30
rio,rio,Ssh,18750,39
rio,rio,Ssh,18800,43
rio,rio,Ssh,18850,24
rio,rio,Ssh,18900,40
rio,rio,Ssh,18950,30
rio,rio,Ssh,19000,30
rio,rio,Ssh,19050,39
rio,rio,Ssh,19100,43
rio,rio,Ssh,19150,24
rio,rio,Ssh,19200,40
rio,rio,Ssh,19250,30
rio,rio,Ssh,19300,30
rio,rio,Ssh,19350,39
rio,rio,Ssh,19400,43
rio,rio,Ssh,19450,24
rio,rio,Ssh,19500,40
rio,rio,Ssh,19550,30
rio,rio,Ssh,19600,30
rio,rio,Ssh,19650,39
rio,rio,Ssh,19700,43
rio,rio,Ssh,19750,24
rio,rio,Ssh,19800,40
rio,rio,Ssh,19850,30
rio,rio,Ssh,19900,30
rio,rio,Ssh,19950,39
rio,rio,Ssh,20000,43
rio,rio,Ssh,20050,24
rio,rio,Ssh,20100,40
rio,rio,Ssh,20150,30
rio,rio,Ssh,20200,30
rio,rio,Ssh,20250,39
rio,rio,Ssh,20300,43
rio,rio,Ssh,20350,24
rio,rio,Ssh,20400,40
rio,rio,Ssh,20450,30
rio,rio,Ssh,20500,30
rio,rio,Ssh,20550,39
rio,rio,Ssh,20600,43
rio,rio,Ssh,20650,24
rio,rio,Ssh,20700,40
rio,rio,Ssh,20750,30
rio,rio,Ssh,20800,30
rio,rio,Ssh,20850,39
rio,rio,Ssh,20900,43
rio,rio,Ssh,20950,24
rio,rio,Ssh,21000,40
rio,rio,Ssh,21050,30
rio,rio,Ssh,21100,30
rio,rio,Ssh,21150,39
rio,rio,Ssh,21200,43
rio,rio,Ssh,21250,24
rio,rio,Ssh,21300,40
rio,rio,Ssh,21350,30
rio,rio,Ssh,21400,30
rio,rio,Ssh,21450,39
rio,rio,Ssh,21500,43
rio,rio,Ssh,21550,24
rio,rio,Ssh,21600,40
rio,rio,Ssh,21650,30
rio,rio,Ssh,21700,30
rio,rio,Ssh,21750,39
rio,rio,Ssh,21800,43
rio,rio,Ssh,21850,24
rio,rio,Ssh,21900,40
rio,rio,Ssh,21950,30
rio,rio,Ssh,22000,30
rio,rio,Ssh,22050,39
rio,rio,Ssh,22100,43
rio,rio,Ssh,22150,24
rio,rio,Ssh,22200,40
rio,rio,Ssh,22250,30
rio,rio,Ssh,22300,30
rio,rio,Ssh,22350,39
rio,rio,Ssh,22400,43
rio,rio,Ssh,22450,24
rio,rio,Ssh,22500,40
rio,rio,Ssh,22550,30
rio,rio,Ssh,22600,30
rio,rio,Ssh,22650,39
rio,rio,Ssh,22700,43
rio,rio,Ssh,22750,24
rio,rio,Ssh,22800,40
rio,rio,Ssh,22850,30
rio,rio,Ssh,22900,30
rio,rio,Ssh,22950,39
rio,rio,Ssh,23000,43
rio,rio,Ssh,23050,24
rio,rio,Ssh,23100,40
rio,rio,Ssh,23150,30
rio,rio,Ssh,23200,30
rio,rio,Ssh,23250,39
rio,rio,Ssh,23300,43
rio,rio,Ssh,23350,24
rio,rio,Ssh,23400,40
rio,rio,Ssh,23450,30
rio,rio,Ssh,23500,30
rio,rio,Ssh,23550,39
rio,rio,Ssh,23600,43
rio,rio,Ssh,23650,24
rio,rio,Ssh,23700,40
rio,rio,Ssh,23750,30
rio,rio,Ssh,23800,30
rio,rio,Ssh,23850,39
rio,rio,Ssh,23900,43
rio,rio,Ssh,23950,24
rio,rio,Ssh,24000,40
rio,rio,Ssh,24050,30
rio,rio,Ssh,24100,30
rio,rio,Ssh,24150,39
rio,rio,Ssh,24200,43
rio,rio,Ssh,24250,24
rio,rio,Ssh,24300,40
rio,rio,Ssh,24350,30
rio,rio,Ssh,24400,30
rio,rio,Ssh,24450,39
rio,rio,Ssh,24500,43
rio,rio,Ssh,24550,24
rio,rio,Ssh,24600,40
rio,rio,Ssh,24650,30
rio,rio,Ssh,24700,30
rio,rio,Ssh,24750,39
rio,rio,Ssh,24800,43
rio,rio,Ssh,24850,24
rio,rio,Ssh,24900,40
rio,rio,Ssh,24950,30
rio,rio,Ssh,25000,30
rio,rio,Ssh,25050,39
rio,rio,Ssh,25100,43
rio,rio,Ssh,25150,24
rio,rio,Ssh,25200,40
rio,rio,Ssh,25250,30
rio,rio,Ssh,25300,30
rio,rio,Ssh,25350,39
rio,rio,Ssh,25400,43
rio,rio,Ssh,25450,24
rio,rio,Ssh,25500,40
rio,rio,Ssh,25550,30
rio,rio,Ssh,25600,30
rio,rio,Ssh,25650,39
rio,rio,Ssh,25700,43
rio,rio,Ssh,25750,24
rio,rio,Ssh,25800,40
rio,rio,Ssh,25850,30
rio,rio,Ssh,25900,30
rio,rio,Ssh,25950,39
rio,rio,Ssh,26000,43
rio,rio,Ssh,26050,24
rio,rio,Ssh,26100,40
rio,rio,Ssh,26150,30
rio,rio,Ssh,26200,30
rio,rio,Ssh,26250,39
rio,rio,Ssh,26300,43
rio,rio,Ssh,26350,24
rio,rio,Ssh,26400,40
rio,rio,Ssh,26450,30
rio,rio,Ssh,26500,30
rio,rio,Ssh,26550,39
rio,rio,Ssh,26600,43
rio,rio,Ssh,26650,24
rio,rio,Ssh,26700,40
rio,rio,Ssh,26750,30
rio,rio,Ssh,26800,30
rio,rio,Ssh,26850,39
rio,rio,Ssh,26900,43
rio,rio,Ssh,26950,24
rio,rio,Ssh,27000,40
rio,rio,Ssh,27050,30
rio,rio,Ssh,27100,30
rio,rio,Ssh,27150,39
rio,rio,Ssh,27200,43
rio,rio,Ssh,27250,24
rio,rio,Ssh,27300,40
rio,rio,Ssh,27350,30
rio,rio,Ssh,27400,30
rio,rio,Ssh,27450,39
rio,rio,Ssh,27500,43
rio,rio,Ssh,27550,24
rio,rio,Ssh,27600,40
rio,rio,Ssh,27650,30
rio,rio,Ssh,27700,30
rio,rio,Ssh,27750,39
rio,rio,Ssh,27800,43
rio,rio,Ssh,27850,24
rio,rio,Ssh,27900,40
rio,rio,Ssh,27950,30
rio,rio,Ssh,28000,30
rio,rio,Ssh,28050,39
rio,rio,Ssh,28100,43
rio,rio,Ssh,28150,24
rio,rio,Ssh,28200,40
rio,rio,Ssh,28250,30
rio,rio,Ssh,28300,30
rio,rio,Ssh,28350,39
rio,rio,Ssh,28400,43
rio,rio,Ssh,28450,24
rio,rio,Ssh,28500,40
rio,rio,Ssh,28550,30
rio,rio,Ssh,28600,30
rio,rio,Ssh,28650,39
rio,rio,Ssh,28700,43
rio,rio,Ssh,28750,24
rio,rio,Ssh,28800,40
rio,rio,Ssh,28850,30
rio,rio,Ssh,28900,30
rio,rio,Ssh,28950,39
rio,rio,Ssh,29000,43
rio,rio,Ssh,29050,24
rio,rio,Ssh,29100,40
rio,rio,Ssh,29150,30
rio,rio,Ssh,29200,30
rio,rio,Ssh,29250,39
rio,rio,Ssh,29300,43
rio,rio,Ssh,29350,24
rio,rio,Ssh,29400,40
rio,rio,Ssh,29450,30
rio,rio,Ssh,29500,30
rio,rio,Ssh,29550,39
rio,rio,Ssh,29600,43
rio,rio,Ssh,29650,24
rio,rio,Ssh,29700,40
rio,rio,Ssh,29750,30
rio,rio,Ssh,29800,30
rio,rio,Ssh,29850,39
rio,rio,Ssh,29900,43
rio,rio,Ssh,29950,24
rio,rio,Ssh,30000,40
rio,rio,Ssh,30050,30
rio,rio,Ssh,30100,30
rio,rio,Ssh,30150,39
rio,rio,Ssh,30200,43
rio,rio,Ssh,30250,24
rio,rio,Ssh,30300,40
rio,rio,Ssh,30350,30
rio,rio,Ssh,30400,30
rio,rio,Ssh,30450,39
rio,rio,Ssh,30500,43
rio,rio,Ssh,30550,24
rio,rio,Ssh,30600,40
rio,rio,Ssh,30650,30
rio,rio,Ssh,30700,30
rio,rio,Ssh,30750,39
rio,rio,Ssh,30800,43
rio,rio,Ssh,30850,24
rio,rio,Ssh,30900,40
rio,rio,Ssh,30950,30
rio,rio,Ssh,31000,30
rio,rio,Ssh,31050,39
rio,rio,Ssh,31100,43
rio,rio,Ssh,31150,24
rio,rio,Ssh,31200,40
rio,rio,Ssh,31250,30
rio,rio,Ssh,31300,30
rio,rio,Ssh,31350,39
rio,rio,Ssh,31400,43
rio,rio,Ssh,31450,24
rio,rio,Ssh,31500,40
rio,rio,Ssh,31550,30
rio,rio,Ssh,31600,30
rio,rio,Ssh,31650,39
rio,rio,Ssh,31700,43
rio,rio,Ssh,31750,24
rio,rio,Ssh,31800,40
rio,rio,Ssh,31850,30
rio,rio,Ssh,31900,30
rio,rio,Ssh,31950,39
rio,rio,Ssh,32000,43
rio,rio,Ssh,32050,24
rio,rio,Ssh,32100,40
rio,rio,Ssh,32150,30
rio,rio,Ssh,32200,30
rio,rio,Ssh,32250,39
rio,rio,Ssh,32300,43
rio,rio,Ssh,32350,24
rio,rio,Ssh,32400,40
rio,rio,Ssh,32450,30
rio,rio,Ssh,32500,30
rio,rio,Ssh,32550,39
rio,rio,Ssh,32600,43
rio,rio,Ssh,32650,24
rio,rio,Ssh,32700,40
rio,rio,Ssh,32750,30
rio,rio,Ssh,32800,30
rio,rio,Ssh,32850,39
rio,rio,Ssh,32900,43
rio,rio,Ssh,32950,24
rio,rio,Ssh,33000,40
rio,rio,Ssh,33050,30
rio,rio,Ssh,33100,30
rio,rio,Ssh,33150,39
rio,rio,Ssh,33200,43
rio,rio,Ssh,33250,24
rio,rio,Ssh,33300,40
rio,rio,Ssh,33350,30
rio,rio,Ssh,33400,30
rio,rio,Ssh,33450,39
rio,rio,Ssh,33500,43
rio,rio,Ssh,33550,24
rio,rio,Ssh,33600,40
rio,rio,Ssh,33650,30
rio,rio,Ssh,33700,30
rio,rio,Ssh,33750,39
rio,rio,Ssh,33800,43
rio,rio,Ssh,33850,24
rio,rio,Ssh,33900,40
rio,rio,Ssh,33950,30
rio,control,Http,0,51
rio,control,Http,30,70
rio,control,Http,60,72
rio,control,Http,90,78
rio,control,Http,120,77
rio,control,Http,150,95
rio,control,Http,180,97
rio,control,Http,210,102
rio,control,Http,240,101
rio,control,Http,270,109
rio,control,Http,300,128
rio,control,Http,330,133
rio,control,Http,360,132
rio,control,Http,390,135
rio,control,Http,420,151
rio,control,Http,450,156
rio,control,Http,480,155
rio,control,Http,510,159
rio,control,Http,540,168
rio,control,Http,570,164
rio,control,Http,600,166
rio,control,Http,630,188
rio,control,Http,660,194
rio,control,Http,690,193
rio,control,Http,720,195
rio,control,Http,750,202
rio,control,Http,780,219
rio,control,Http,810,221
rio,control,Http,840,220
rio,control,Http,870,225
rio,control,Http,900,225
rio,control,Http,930,247
rio,control,Http,960,249
rio,control,Http,990,255
rio,control,Http,1020,255
rio,control,Http,1050,272
rio,control,Http,1080,277
rio,control,Http,1110,279
rio,control,Http,1140,278
rio,control,Http,1170,281
rio,control,Http,1200,286
rio,control,Http,1230,288
rio,control,Http,1260,309
rio,control,Http,1290,312
rio,control,Http,1320,317
rio,control,Http,1350,316
rio,control,Http,1380,332
rio,control,Http,1410,335
rio,control,Http,1440,340
rio,control,Http,1470,339
rio,control,Http,1500,345
rio,control,Http,1530,366
rio,control,Http,1560,371
rio,control,Http,1590,370
rio,control,Http,1620,372
rio,control,Http,1650,379
rio,control,Http,1680,391
rio,control,Http,1710,376
rio,control,Http,1740,358
rio,control,Http,1770,359
rio,control,Http,1800,365
rio,control,Http,1830,348
rio,control,Http,1860,351
rio,control,Http,1890,334
rio,control,Http,1920,334
rio,control,Http,1950,332
rio,control,Http,1980,323
rio,control,Http,2000,312
rio,control,Http,2038,312
rio,control,Http,2075,302
rio,control,Http,2112,280
rio,control,Http,2150,270
rio,control,Http,2188,253
rio,control,Http,2225,243
rio,control,Http,2262,237
rio,control,Http,2300,211
rio,control,Http,2338,204
rio,control,Http,2375,185
rio,control,Http,2412,176
rio,control,Http,2450,156
rio,control,Http,2488,150
rio,control,Http,2525,125
rio,control,Http,2562,121
rio,control,Http,2600,98
rio,control,Http,2638,91
rio,control,Http,2675,66
rio,control,Http,2712,60
rio,control,Http,2750,58
rio,control,Http,2788,29
rio,control,Http,2825,32
rio,control,Http,2862,35
rio,control,Http,2900,50
rio,control,Http,2938,42
rio,control,Http,2975,41
rio,control,Http,3012,44
rio,control,Http,3050,28
rio,control,Http,3088,26
rio,control,Http,3125,29
rio,control,Http,3162,35
rio,control,Http,3200,47
rio,control,Http,3238,45
rio,control,Http,3275,38
rio,control,Http,3312,41
rio,control,Http,3350,28
rio,control,Http,3388,26
rio,control,Http,3425,29
rio,control,Http,3462,35
rio,control,Http,3500,41
rio,control,Http,3538,33
rio,control,Http,3575,20
rio,control,Http,3612,26
rio,control,Http,3650,25
rio,control,Http,3688,23
rio,control,Http,3725,23
rio,control,Http,3762,26
rio,control,Http,3800,44
rio,control,Http,3838,30
rio,control,Http,3875,20
rio,control,Http,3912,26
rio,control,Http,3950,28
rio,control,Http,3988,23
rio,control,Http,4025,23
rio,control,Http,4062,26
rio,control,Http,4100,35
rio,control,Http,4138,27
rio,control,Http,4175,23
rio,control,Http,4212,23
rio,control,Http,4250,28
rio,control,Http,4288,20
rio,control,Http,4325,23
rio,control,Http,4362,23
rio,control,Http,4400,35
rio,control,Http,4438,27
rio,control,Http,4475,23
rio,control,Http,4512,23
rio,control,Http,4550,28
rio,control,Http,4588,20
rio,control,Http,4625,23
rio,control,Http,4662,23
rio,control,Http,4700,35
rio,control,Http,4738,27
rio,control,Http,4775,23
rio,control,Http,4812,23
rio,control,Http,4850,28
rio,control,Http,4888,20
rio,control,Http,4925,23
rio,control,Http,4962,23
rio,control,Http,5000,43
rio,control,Http,5038,32
rio,control,Http,5075,36
rio,control,Http,5112,28
rio,control,Http,5150,31
rio,control,Http,5188,27
rio,control,Http,5225,28
rio,control,Http,5262,28
rio,control,Http,5300,42
rio,control,Http,5338,33
rio,control,Http,5375,37
rio,control,Http,5412,29
rio,control,Http,5450,32
rio,control,Http,5488,27
rio,control,Http,5525,28
rio,control,Http,5562,28
rio,control,Http,5600,42
rio,control,Http,5638,33
rio,control,Http,5675,37
rio,control,Http,5712,29
rio,control,Http,5750,32
rio,control,Http,5788,27
rio,control,Http,5825,28
rio,control,Http,5862,28
rio,control,Http,5900,42
rio,control,Http,5938,33
rio,control,Http,5975,37
rio,control,Http,6012,29
rio,control,Http,6050,32
rio,control,Http,6088,27
rio,control,Http,6125,28
rio,control,Http,6162,28
rio,control,Http,6200,42
rio,control,Http,6238,33
rio,control,Http,6275,37
rio,control,Http,6312,29
rio,control,Http,6350,32
rio,control,Http,6388,27
rio,control,Http,6425,28
rio,control,Http,6462,28
rio,control,Http,6500,42
rio,control,Http,6538,33
rio,control,Http,6575,37
rio,control,Http,6612,29
rio,control,Http,6650,32
rio,control,Http,6688,27
rio,control,Http,6725,28
rio,control,Http,6762,28
rio,control,Http,6800,42
rio,control,Http,6838,33
rio,control,Http,6875,37
rio,control,Http,6912,29
rio,control,Http,6950,32
rio,control,Http,6988,27
rio,control,Http,7025,28
rio,control,Http,7062,28
rio,control,Http,7100,42
rio,control,Http,7138,33
rio,control,Http,7175,37
rio,control,Http,7212,29
rio,control,Http,7250,32
rio,control,Http,7288,27
rio,control,Http,7325,28
rio,control,Http,7362,28
rio,control,Http,7400,42
rio,control,Http,7438,33
rio,control,Http,7475,37
rio,control,Http,7512,29
rio,control,Http,7550,32
rio,control,Http,7588,27
rio,control,Http,7625,28
rio,control,Http,7662,28
rio,control,Http,7700,42
rio,control,Http,7738,33
rio,control,Http,7775,37
rio,control,Http,7812,29
rio,control,Http,7850,32
rio,control,Http,7888,27
rio,control,Http,7925,28
rio,control,Http,7962,28
rio,control,Http,8000,42
rio,control,Http,8038,33
rio,control,Http,8075,37
rio,control,Http,8112,29
rio,control,Http,8150,32
rio,control,Http,8188,27
rio,control,Http,8225,28
rio,control,Http,8262,28
rio,control,Http,8300,42
rio,control,Http,8338,33
rio,control,Http,8375,37
rio,control,Http,8412,29
rio,control,Http,8450,32
rio,control,Http,8488,27
rio,control,Http,8525,28
rio,control,Http,8562,28
rio,control,Http,8600,42
rio,control,Http,8638,33
rio,control,Http,8675,37
rio,control,Http,8712,29
rio,control,Http,8750,32
rio,control,Http,8788,27
rio,control,Http,8825,28
rio,control,Http,8862,28
rio,control,Http,8900,42
rio,control,Http,8938,33
rio,control,Http,8975,37
rio,control,Http,9012,29
rio,control,Http,9050,32
rio,control,Http,9088,27
rio,control,Http,9125,28
rio,control,Http,9162,28
rio,control,Http,9200,42
rio,control,Http,9238,33
rio,control,Http,9275,37
rio,control,Http,9312,29
rio,control,Http,9350,32
rio,control,Http,9388,27
rio,control,Http,9425,28
rio,control,Http,9462,28
rio,control,Http,9500,42
rio,control,Http,9538,33
rio,control,Http,9575,37
rio,control,Http,9612,29
rio,control,Http,9650,32
rio,control,Http,9688,27
rio,control,Http,9725,28
rio,control,Http,9762,28
rio,control,Http,9800,42
rio,control,Http,9838,33
rio,control,Http,9875,37
rio,control,Http,9912,29
rio,control,Http,9950,32
rio,control,Http,9988,27
rio,control,Http,10025,28
rio,control,Http,10062,28
rio,control,Http,10100,42
rio,control,Http,10138,33
rio,control,Http,10175,37
rio,control,Http,10212,29
rio,control,Http,10250,32
rio,control,Http,10288,27
rio,control,Http,10325,28
rio,control,Http,10362,28
rio,control,Http,10400,42
rio,control,Http,10438,33
rio,control,Http,10475,37
rio,control,Http,10512,29
rio,control,Http,10550,32
rio,control,Http,10588,27
rio,control,Http,10625,28
rio,control,Http,10662,28
rio,control,Http,10700,42
rio,control,Http,10738,33
rio,control,Http,10775,37
rio,control,Http,10812,29
rio,control,Http,10850,32
rio,control,Http,10888,27
rio,control,Http,10925,28
rio,control,Http,10962,28
rio,control,Http,11000,42
rio,control,Http,11038,33
rio,control,Http,11075,37
rio,control,Http,11112,29
rio,control,Http,11150,32
rio,control,Http,11188,27
rio,control,Http,11225,28
rio,control,Http,11262,28
rio,control,Http,11300,42
rio,control,Http,11338,33
rio,control,Http,11375,37
rio,control,Http,11412,29
rio,control,Http,11450,32
rio,control,Http,11488,27
rio,control,Http,11525,28
rio,control,Http,11562,28
rio,control,Http,11600,42
rio,control,Http,11638,33
rio,control,Http,11675,37
rio,control,Http,11712,29
rio,control,Http,11750,32
rio,control,Http,11788,27
rio,control,Http,11825,28
rio,control,Http,11862,28
rio,control,Http,11900,42
rio,control,Http,11938,33
rio,control,Http,11975,37
rio,control,Http,12012,29
rio,control,Http,12050,32
rio,control,Http,12088,27
rio,control,Http,12125,28
rio,control,Http,12162,28
rio,control,Http,12200,42
rio,control,Http,12238,33
rio,control,Http,12275,37
rio,control,Http,12312,29
rio,control,Http,12350,32
rio,control,Http,12388,27
rio,control,Http,12425,28
rio,control,Http,12462,28
rio,control,Http,12500,42
rio,control,Http,12538,33
rio,control,Http,12575,37
rio,control,Http,12612,29
rio,control,Http,12650,32
rio,control,Http,12688,27
rio,control,Http,12725,28
rio,control,Http,12762,28
rio,control,Http,12800,42
rio,control,Http,12838,33
rio,control,Http,12875,37
rio,control,Http,12912,29
rio,control,Http,12950,32
rio,control,Http,12988,27
rio,control,Http,13025,28
rio,control,Http,13062,28
rio,control,Http,13100,42
rio,control,Http,13138,33
rio,control,Http,13175,37
rio,control,Http,13212,29
rio,control,Http,13250,32
rio,control,Http,13288,27
rio,control,Http,13325,28
rio,control,Http,13362,28
rio,control,Http,13400,42
rio,control,Http,13438,33
rio,control,Http,13475,37
rio,control,Http,13512,29
rio,control,Http,13550,32
rio,control,Http,13588,27
rio,control,Http,13625,28
rio,control,Http,13662,28
rio,control,Http,13700,42
rio,control,Http,13738,33
rio,control,Http,13775,37
rio,control,Http,13812,29
rio,control,Http,13850,32
rio,control,Http,13888,27
rio,control,Http,13925,28
rio,control,Http,13962,28
rio,control,Http,14000,42
rio,control,Http,14038,33
rio,control,Http,14075,37
rio,control,Http,14112,29
rio,control,Http,14150,32
rio,control,Http,14188,27
rio,control,Http,14225,28
rio,control,Http,14262,28
rio,control,Http,14300,42
rio,control,Http,14338,33
rio,control,Http,14375,37
rio,control,Http,14412,29
rio,control,Http,14450,32
rio,control,Http,14488,27
rio,control,Http,14525,28
rio,control,Http,14562,28
rio,control,Http,14600,42
rio,control,Http,14638,33
rio,control,Http,14675,37
rio,control,Http,14712,29
rio,control,Http,14750,32
rio,control,Http,14788,27
rio,control,Http,14825,28
rio,control,Http,14862,28
rio,control,Http,14900,42
rio,control,Http,14938,33
rio,control,Http,14975,37
rio,control,Http,15012,29
rio,control,Http,15050,32
rio,control,Http,15088,27
rio,control,Http,15125,28
rio,control,Http,15162,28
rio,control,Http,15200,42
rio,control,Http,15238,33
rio,control,Http,15275,37
rio,control,Http,15312,29
rio,control,Http,15350,32
rio,control,Http,15388,27
rio,control,Http,15425,28
rio,control,Http,15462,28
rio,control,Http,15500,42
rio,control,Http,15538,33
rio,control,Http,15575,37
rio,control,Http,15612,29
rio,control,Http,15650,32
rio,control,Http,15688,27
rio,control,Http,15725,28
rio,control,Http,15762,28
rio,control,Http,15800,42
rio,control,Http,15838,33
rio,control,Http,15875,37
rio,control,Http,15912,29
rio,control,Http,15950,32
rio,control,Http,15988,27
rio,control,Http,16025,28
rio,control,Http,16062,28
rio,control,Http,16100,42
rio,control,Http,16138,33
rio,control,Http,16175,37
rio,control,Http,16212,29
rio,control,Http,16250,32
rio,control,Http,16288,27
rio,control,Http,16325,28
rio,control,Http,16362,28
rio,control,Http,16400,42
rio,control,Http,16438,33
rio,control,Http,16475,37
rio,control,Http,16512,29
rio,control,Http,16550,32
rio,control,Http,16588,27
rio,control,Http,16625,28
rio,control,Http,16662,28
rio,control,Http,16700,42
rio,control,Http,16738,33
rio,control,Http,16775,37
rio,control,Http,16812,29
rio,control,Http,16850,32
rio,control,Http,16888,27
rio,control,Http,16925,28
rio,control,Http,16962,28
rio,control,Http,17000,42
rio,control,Http,17038,33
rio,control,Http,17075,37
rio,control,Http,17112,29
rio,control,Http,17150,32
rio,control,Http,17188,27
rio,control,Http,17225,28
rio,control,Http,17262,28
rio,control,Http,17300,42
rio,control,Http,17338,33
rio,control,Http,17375,37
rio,control,Http,17412,29
rio,control,Http,17450,32
rio,control,Http,17488,27
rio,control,Http,17525,28
rio,control,Http,17562,28
rio,control,Http,17600,42
rio,control,Http,17638,33
rio,control,Http,17675,37
rio,control,Http,17712,29
rio,control,Http,17750,32
rio,control,Http,17788,27
rio,control,Http,17825,28
rio,control,Http,17862,28
rio,control,Http,17900,42
rio,control,Http,17938,33
rio,control,Http,17975,37
rio,control,Http,18012,29
rio,control,Http,18050,32
rio,control,Http,18088,27
rio,control,Http,18125,28
rio,control,Http,18162,28
rio,control,Http,18200,42
rio,control,Http,18238,33
rio,control,Http,18275,37
rio,control,Http,18312,29
rio,control,Http,18350,32
rio,control,Http,18388,27
rio,control,Http,18425,28
rio,control,Http,18462,28
rio,control,Http,18500,42
rio,control,Http,18538,33
rio,control,Http,18575,37
rio,control,Http,18612,29
rio,control,Http,18650,32
rio,control,Http,18688,27
rio,control,Http,18725,28
rio,control,Http,18762,28
rio,control,Http,18800,42
rio,control,Http,18838,33
rio,control,Http,18875,37
rio,control,Http,18912,29
rio,control,Http,18950,32
rio,control,Http,18988,27
rio,control,Http,19025,28
rio,control,Http,19062,28
rio,control,Http,19100,42
rio,control,Http,19138,33
rio,control,Http,19175,37
rio,control,Http,19212,29
rio,control,Http,19250,32
rio,control,Http,19288,27
rio,control,Http,19325,28
rio,control,Http,19362,28
rio,control,Http,19400,42
rio,control,Http,19438,33
rio,control,Http,19475,37
rio,control,Http,19512,29
rio,control,Http,19550,32
rio,control,Http,19588,27
rio,control,Http,19625,28
rio,control,Http,19662,28
rio,control,Http,19700,42
rio,control,Http,19738,33
rio,control,Http,19775,37
rio,control,Http,19812,29
rio,control,Http,19850,32
rio,control,Http,19888,27
rio,control,Http,19925,28
rio,control,Http,19962,28
rio,control,Http,20000,42
rio,control,Http,20038,33
rio,control,Http,20075,37
rio,control,Http,20112,29
rio,control,Http,20150,32
rio,control,Http,20188,27
rio,control,Http,20225,28
rio,control,Http,20262,28
rio,control,Http,20300,42
rio,control,Http,20338,33
rio,control,Http,20375,37
rio,control,Http,20412,29
rio,control,Http,20450,32
rio,control,Http,20488,27
rio,control,Http,20525,28
rio,control,Http,20562,28
rio,control,Http,20600,42
rio,control,Http,20638,33
rio,control,Http,20675,37
rio,control,Http,20712,29
rio,control,Http,20750,32
rio,control,Http,20788,27
rio,control,Http,20825,28
rio,control,Http,20862,28
rio,control,Http,20900,42
rio,control,Http,20938,33
rio,control,Http,20975,37
rio,control,Http,21012,29
rio,control,Http,21050,32
rio,control,Http,21088,27
rio,control,Http,21125,28
rio,control,Http,21162,28
rio,control,Http,21200,42
rio,control,Http,21238,33
rio,control,Http,21275,37
rio,control,Http,21312,29
rio,control,Http,21350,32
rio,control,Http,21388,27
rio,control,Http,21425,28
rio,control,Http,21462,28
rio,control,Http,21500,42
rio,control,Http,21538,33
rio,control,Http,21575,37
rio,control,Http,21612,29
rio,control,Http,21650,32
rio,control,Http,21688,27
rio,control,Http,21725,28
rio,control,Http,21762,28
rio,control,Http,21800,42
rio,control,Http,21838,33
rio,control,Http,21875,37
rio,control,Http,21912,29
rio,control,Http,21950,32
rio,control,Http,21988,27
rio,control,Http,22025,28
rio,control,Http,22062,28
rio,control,Http,22100,42
rio,control,Http,22138,33
rio,control,Http,22175,37
rio,control,Http,22212,29
rio,control,Http,22250,32
rio,control,Http,22288,27
rio,control,Http,22325,28
rio,control,Http,22362,28
rio,control,Http,22400,42
rio,control,Http,22438,33
rio,control,Http,22475,37
rio,control,Http,22512,29
rio,control,Http,22550,32
rio,control,Http,22588,27
rio,control,Http,22625,28
rio,control,Http,22662,28
rio,control,Http,22700,42
rio,control,Http,22738,33
rio,control,Http,22775,37
rio,control,Http,22812,29
rio,control,Http,22850,32
rio,control,Http,22888,27
rio,control,Http,22925,28
rio,control,Http,22962,28
rio,control,Http,23000,42
rio,control,Http,23038,33
rio,control,Http,23075,37
rio,control,Http,23112,29
rio,control,Http,23150,32
rio,control,Http,23188,27
rio,control,Http,23225,28
rio,control,Http,23262,28
rio,control,Http,23300,42
rio,control,Http,23338,33
rio,control,Http,23375,37
rio,control,Http,23412,29
rio,control,Http,23450,32
rio,control,Http,23488,27
rio,control,Http,23525,28
rio,control,Http,23562,28
rio,control,Http,23600,42
rio,control,Http,23638,33
rio,control,Http,23675,37
rio,control,Http,23712,29
rio,control,Http,23750,32
rio,control,Http,23788,27
rio,control,Http,23825,28
rio,control,Http,23862,28
rio,control,Http,23900,42
rio,control,Http,23938,33
rio,control,Http,23975,37
rio,control,Http,24012,29
rio,control,Http,24050,32
rio,control,Http,24088,27
rio,control,Http,24125,28
rio,control,Http,24162,28
rio,control,Http,24200,42
rio,control,Http,24238,33
rio,control,Http,24275,37
rio,control,Http,24312,29
rio,control,Http,24350,32
rio,control,Http,24388,27
rio,control,Http,24425,28
rio,control,Http,24462,28
rio,control,Http,24500,42
rio,control,Http,24538,33
rio,control,Http,24575,37
rio,control,Http,24612,29
rio,control,Http,24650,32
rio,control,Http,24688,27
rio,control,Http,24725,28
rio,control,Http,24762,28
rio,control,Http,24800,42
rio,control,Http,24838,33
rio,control,Http,24875,37
rio,control,Http,24912,29
rio,control,Http,24950,32
rio,control,Http,24988,27
rio,control,Http,25025,28
rio,control,Http,25062,28
rio,control,Http,25100,42
rio,control,Http,25138,33
rio,control,Http,25175,37
rio,control,Http,25212,29
rio,control,Http,25250,32
rio,control,Http,25288,27
rio,control,Http,25325,28
rio,control,Http,25362,28
rio,control,Http,25400,42
rio,control,Http,25438,33
rio,control,Http,25475,37
rio,control,Http,25512,29
rio,control,Http,25550,32
rio,control,Http,25588,27
rio,control,Http,25625,28
rio,control,Http,25662,28
rio,control,Http,25700,42
rio,control,Http,25738,33
rio,control,Http,25775,37
rio,control,Http,25812,29
rio,control,Http,25850,32
rio,control,Http,25888,27
rio,control,Http,25925,28
rio,control,Http,25962,28
rio,control,Http,26000,42
rio,control,Http,26038,33
rio,control,Http,26075,37
rio,control,Http,26112,29
rio,control,Http,26150,32
rio,control,Http,26188,27
rio,control,Http,26225,28
rio,control,Http,26262,28
rio,control,Http,26300,42
rio,control,Http,26338,33
rio,control,Http,26375,37
rio,control,Http,26412,29
rio,control,Http,26450,32
rio,control,Http,26488,27
rio,control,Http,26525,28
rio,control,Http,26562,28
rio,control,Http,26600,42
rio,control,Http,26638,33
rio,control,Http,26675,37
rio,control,Http,26712,29
rio,control,Http,26750,32
rio,control,Http,26788,27
rio,control,Http,26825,28
rio,control,Http,26862,28
rio,control,Http,26900,42
rio,control,Http,26938,33
rio,control,Http,26975,37
rio,control,Http,27012,29
rio,control,Http,27050,32
rio,control,Http,27088,27
rio,control,Http,27125,28
rio,control,Http,27162,28
rio,control,Http,27200,42
rio,control,Http,27238,33
rio,control,Http,27275,37
rio,control,Http,27312,29
rio,control,Http,27350,32
rio,control,Http,27388,27
rio,control,Http,27425,28
rio,control,Http,27462,28
rio,control,Http,27500,42
rio,control,Http,27538,33
rio,control,Http,27575,37
rio,control,Http,27612,29
rio,control,Http,27650,32
rio,control,Http,27688,27
rio,control,Http,27725,28
rio,control,Http,27762,28
rio,control,Http,27800,42
rio,control,Http,27838,33
rio,control,Http,27875,37
rio,control,Http,27912,29
rio,control,Http,27950,32
rio,control,Http,27988,27
rio,control,Http,28025,28
rio,control,Http,28062,28
rio,control,Http,28100,42
rio,control,Http,28138,33
rio,control,Http,28175,37
rio,control,Http,28212,29
rio,control,Http,28250,32
rio,control,Http,28288,27
rio,control,Http,28325,28
rio,control,Http,28362,28
rio,control,Http,28400,42
rio,control,Http,28438,33
rio,control,Http,28475,37
rio,control,Http,28512,29
rio,control,Http,28550,32
rio,control,Http,28588,27
rio,control,Http,28625,28
rio,control,Http,28662,28
rio,control,Http,28700,42
rio,control,Http,28738,33
rio,control,Http,28775,37
rio,control,Http,28812,29
rio,control,Http,28850,32
rio,control,Http,28888,27
rio,control,Http,28925,28
rio,control,Http,28962,28
rio,control,Http,29000,42
rio,control,Http,29038,33
rio,control,Http,29075,37
rio,control,Http,29112,29
rio,control,Http,29150,32
rio,control,Http,29188,27
rio,control,Http,29225,28
rio,control,Http,29262,28
rio,control,Http,29300,42
rio,control,Http,29338,33
rio,control,Http,29375,37
rio,control,Http,29412,29
rio,control,Http,29450,32
rio,control,Http,29488,27
rio,control,Http,29525,28
rio,control,Http,29562,28
rio,control,Http,29600,42
rio,control,Http,29638,33
rio,control,Http,29675,37
rio,control,Http,29712,29
rio,control,Http,29750,32
rio,control,Http,29788,27
rio,control,Http,29825,28
rio,control,Http,29862,28
rio,control,Http,29900,42
rio,control,Http,29938,33
rio,control,Http,29975,37
rio,control,Http,30012,29
rio,control,Http,30050,32
rio,control,Http,30088,27
rio,control,Http,30125,28
rio,control,Http,30162,28
rio,control,Http,30200,42
rio,control,Http,30238,33
rio,control,Http,30275,37
rio,control,Http,30312,29
rio,control,Http,30350,32
rio,control,Http,30388,27
rio,control,Http,30425,28
rio,control,Http,30462,28
rio,control,Http,30500,42
rio,control,Http,30538,33
rio,control,Http,30575,37
rio,control,Http,30612,29
rio,control,Http,30650,32
rio,control,Http,30688,27
rio,control,Http,30725,28
rio,control,Http,30762,28
rio,control,Http,30800,42
rio,control,Http,30838,33
rio,control,Http,30875,37
rio,control,Http,30912,29
rio,control,Http,30950,32
rio,control,Http,30988,27
rio,control,Http,31025,28
rio,control,Http,31062,28
rio,control,Http,31100,42
rio,control,Http,31138,33
rio,control,Http,31175,37
rio,control,Http,31212,29
rio,control,Http,31250,32
rio,control,Http,31288,27
rio,control,Http,31325,28
rio,control,Http,31362,28
rio,control,Http,31400,42
rio,control,Http,31438,33
rio,control,Http,31475,37
rio,control,Http,31512,29
rio,control,Http,31550,32
rio,control,Http,31588,27
rio,control,Http,31625,28
rio,control,Http,31662,28
rio,control,Http,31700,42
rio,control,Http,31738,33
rio,control,Http,31775,37
rio,control,Http,31812,29
rio,control,Http,31850,32
rio,control,Http,31888,27
rio,control,Http,31925,28
rio,control,Http,31962,28
rio,control,Http,32000,42
rio,control,Http,32038,33
rio,control,Http,32075,37
rio,control,Http,32112,29
rio,control,Http,32150,32
rio,control,Http,32188,27
rio,control,Http,32225,28
rio,control,Http,32262,28
rio,control,Http,32300,42
rio,control,Http,32338,33
rio,control,Http,32375,37
rio,control,Http,32412,29
rio,control,Http,32450,32
rio,control,Http,32488,27
rio,control,Http,32525,28
rio,control,Http,32562,28
rio,control,Http,32600,42
rio,control,Http,32638,33
rio,control,Http,32675,37
rio,control,Http,32712,29
rio,control,Http,32750,32
rio,control,Http,32788,27
rio,control,Http,32825,28
rio,control,Http,32862,28
rio,control,Http,32900,42
rio,control,Http,32938,33
rio,control,Http,32975,37
rio,control,Http,33012,29
rio,control,Http,33050,32
rio,control,Http,33088,27
rio,control,Http,33125,28
rio,control,Http,33162,28
rio,control,Http,33200,42
rio,control,Http,33238,33
rio,control,Http,33275,37
rio,control,Http,33312,29
rio,control,Http,33350,32
rio,control,Http,33388,27
rio,control,Http,33425,28
rio,control,Http,33462,28
rio,control,Http,33500,42
rio,control,Http,33538,33
rio,control,Http,33575,37
rio,control,Http,33612,29
rio,control,Http,33650,32
rio,control,Http,33688,27
rio,control,Http,33725,28
rio,control,Http,33762,28
rio,control,Http,33800,42
rio,control,Http,33838,33
rio,control,Http,33875,37
rio,control,Http,33912,29
rio,control,Http,33950,32
rio,control,Http,33988,27
rio,rio,Http,0,51
rio,rio,Http,30,70
rio,rio,Http,60,72
rio,rio,Http,90,78
rio,rio,Http,120,77
rio,rio,Http,150,95
rio,rio,Http,180,97
rio,rio,Http,210,102
rio,rio,Http,240,101
rio,rio,Http,270,109
rio,rio,Http,300,128
rio,rio,Http,330,133
rio,rio,Http,360,132
rio,rio,Http,390,135
rio,rio,Http,420,151
rio,rio,Http,450,156
rio,rio,Http,480,155
rio,rio,Http,510,159
rio,rio,Http,540,168
rio,rio,Http,570,164
rio,rio,Http,600,166
rio,rio,Http,630,188
rio,rio,Http,660,194
rio,rio,Http,690,193
rio,rio,Http,720,195
rio,rio,Http,750,202
rio,rio,Http,780,219
rio,rio,Http,810,221
rio,rio,Http,840,220
rio,rio,Http,870,225
rio,rio,Http,900,225
rio,rio,Http,930,247
rio,rio,Http,960,249
rio,rio,Http,990,255
rio,rio,Http,1020,255
rio,rio,Http,1050,272
rio,rio,Http,1080,277
rio,rio,Http,1110,279
rio,rio,Http,1140,278
rio,rio,Http,1170,281
rio,rio,Http,1200,286
rio,rio,Http,1230,288
rio,rio,Http,1260,309
rio,rio,Http,1290,312
rio,rio,Http,1320,317
rio,rio,Http,1350,316
rio,rio,Http,1380,332
rio,rio,Http,1410,335
rio,rio,Http,1440,340
rio,rio,Http,1470,339
rio,rio,Http,1500,345
rio,rio,Http,1530,366
rio,rio,Http,1560,371
rio,rio,Http,1590,370
rio,rio,Http,1620,372
rio,rio,Http,1650,379
rio,rio,Http,1680,392
rio,rio,Http,1710,377
rio,rio,Http,1740,386
rio,rio,Http,1770,392
rio,rio,Http,1800,401
rio,rio,Http,1830,386
rio,rio,Http,1860,398
rio,rio,Http,1890,404
rio,rio,Http,1920,395
rio,rio,Http,1950,404
rio,rio,Http,1980,410
rio,rio,Http,2000,426
rio,rio,Http,2038,427
rio,rio,Http,2075,426
rio,rio,Http,2112,413
rio,rio,Http,2150,411
rio,rio,Http,2188,412
rio,rio,Http,2225,390
rio,rio,Http,2262,392
rio,rio,Http,2300,396
rio,rio,Http,2338,394
rio,rio,Http,2375,396
rio,rio,Http,2412,398
rio,rio,Http,2450,396
rio,rio,Http,2488,376
rio,rio,Http,2525,375
rio,rio,Http,2562,377
rio,rio,Http,2600,387
rio,rio,Http,2638,391
rio,rio,Http,2675,399
rio,rio,Http,2712,407
rio,rio,Http,2750,411
rio,rio,Http,2788,418
rio,rio,Http,2825,426
rio,rio,Http,2862,431
rio,rio,Http,2900,435
rio,rio,Http,2938,442
rio,rio,Http,2975,447
rio,rio,Http,3012,458
rio,rio,Http,3050,462
rio,rio,Http,3088,466
rio,rio,Http,3125,498
rio,rio,Http,3162,503
rio,rio,Http,3200,510
rio,rio,Http,3238,514
rio,rio,Http,3275,525
rio,rio,Http,3312,530
rio,rio,Http,3350,534
rio,rio,Http,3388,541
rio,rio,Http,3425,552
rio,rio,Http,3462,557
rio,rio,Http,3500,564
rio,rio,Http,3538,571
rio,rio,Http,3575,573
rio,rio,Http,3612,573
rio,rio,Http,3650,574
rio,rio,Http,3688,551
rio,rio,Http,3725,555
rio,rio,Http,3762,554
rio,rio,Http,3800,556
rio,rio,Http,3838,555
rio,rio,Http,3875,533
rio,rio,Http,3912,532
rio,rio,Http,3950,531
rio,rio,Http,3988,530
rio,rio,Http,4025,515
rio,rio,Http,4062,513
rio,rio,Http,4100,511
rio,rio,Http,4138,511
rio,rio,Http,4175,515
rio,rio,Http,4212,496
rio,rio,Http,4250,497
rio,rio,Http,4288,496
rio,rio,Http,4325,497
rio,rio,Http,4362,478
rio,rio,Http,4400,471
rio,rio,Http,4438,467
rio,rio,Http,4475,442
rio,rio,Http,4512,441
rio,rio,Http,4550,418
rio,rio,Http,4588,414
rio,rio,Http,4625,386
rio,rio,Http,4662,385
rio,rio,Http,4700,381
rio,rio,Http,4738,352
rio,rio,Http,4775,350
rio,rio,Http,4812,343
rio,rio,Http,4850,325
rio,rio,Http,4888,314
rio,rio,Http,4925,292
rio,rio,Http,4962,280
rio,rio,Http,5000,262
rio,rio,Http,5038,255
rio,rio,Http,5075,233
rio,rio,Http,5112,199
rio,rio,Http,5150,188
rio,rio,Http,5188,184
rio,rio,Http,5225,162
rio,rio,Http,5262,160
rio,rio,Http,5300,134
rio,rio,Http,5338,120
rio,rio,Http,5375,96
rio,rio,Http,5412,66
rio,rio,Http,5450,64
rio,rio,Http,5488,33
rio,rio,Http,5525,24
rio,rio,Http,5562,19
rio,rio,Http,5600,25
rio,rio,Http,5638,27
rio,rio,Http,5675,34
rio,rio,Http,5712,19
rio,rio,Http,5750,49
rio,rio,Http,5788,20
rio,rio,Http,5825,31
rio,rio,Http,5862,19
rio,rio,Http,5900,25
rio,rio,Http,5938,27
rio,rio,Http,5975,34
rio,rio,Http,6012,19
rio,rio,Http,6050,49
rio,rio,Http,6088,20
rio,rio,Http,6125,31
rio,rio,Http,6162,19
rio,rio,Http,6200,25
rio,rio,Http,6238,27
rio,rio,Http,6275,34
rio,rio,Http,6312,19
rio,rio,Http,6350,49
rio,rio,Http,6388,20
rio,rio,Http,6425,31
rio,rio,Http,6462,19
rio,rio,Http,6500,25
rio,rio,Http,6538,27
rio,rio,Http,6575,34
rio,rio,Http,6612,19
rio,rio,Http,6650,49
rio,rio,Http,6688,20
rio,rio,Http,6725,31
rio,rio,Http,6762,19
rio,rio,Http,6800,25
rio,rio,Http,6838,27
rio,rio,Http,6875,34
rio,rio,Http,6912,19
rio,rio,Http,6950,49
rio,rio,Http,6988,20
rio,rio,Http,7025,31
rio,rio,Http,7062,19
rio,rio,Http,7100,25
rio,rio,Http,7138,27
rio,rio,Http,7175,34
rio,rio,Http,7212,19
rio,rio,Http,7250,49
rio,rio,Http,7288,20
rio,rio,Http,7325,31
rio,rio,Http,7362,19
rio,rio,Http,7400,25
rio,rio,Http,7438,27
rio,rio,Http,7475,34
rio,rio,Http,7512,19
rio,rio,Http,7550,49
rio,rio,Http,7588,20
rio,rio,Http,7625,31
rio,rio,Http,7662,19
rio,rio,Http,7700,25
rio,rio,Http,7738,27
rio,rio,Http,7775,34
rio,rio,Http,7812,19
rio,rio,Http,7850,49
rio,rio,Http,7888,20
rio,rio,Http,7925,31
rio,rio,Http,7962,19
rio,rio,Http,8000,25
rio,rio,Http,8038,27
rio,rio,Http,8075,34
rio,rio,Http,8112,19
rio,rio,Http,8150,49
rio,rio,Http,8188,20
rio,rio,Http,8225,31
rio,rio,Http,8262,19
rio,rio,Http,8300,25
rio,rio,Http,8338,27
rio,rio,Http,8375,34
rio,rio,Http,8412,19
rio,rio,Http,8450,49
rio,rio,Http,8488,20
rio,rio,Http,8525,31
rio,rio,Http,8562,19
rio,rio,Http,8600,25
rio,rio,Http,8638,27
rio,rio,Http,8675,34
rio,rio,Http,8712,19
rio,rio,Http,8750,49
rio,rio,Http,8788,20
rio,rio,Http,8825,31
rio,rio,Http,8862,19
rio,rio,Http,8900,25
rio,rio,Http,8938,27
rio,rio,Http,8975,34
rio,rio,Http,9012,19
rio,rio,Http,9050,49
rio,rio,Http,9088,20
rio,rio,Http,9125,31
rio,rio,Http,9162,19
rio,rio,Http,9200,25
rio,rio,Http,9238,27
rio,rio,Http,9275,34
rio,rio,Http,9312,19
rio,rio,Http,9350,49
rio,rio,Http,9388,20
rio,rio,Http,9425,31
rio,rio,Http,9462,19
rio,rio,Http,9500,25
rio,rio,Http,9538,27
rio,rio,Http,9575,34
rio,rio,Http,9612,19
rio,rio,Http,9650,49
rio,rio,Http,9688,20
rio,rio,Http,9725,31
rio,rio,Http,9762,19
rio,rio,Http,9800,25
rio,rio,Http,9838,27
rio,rio,Http,9875,34
rio,rio,Http,9912,19
rio,rio,Http,9950,49
rio,rio,Http,9988,20
rio,rio,Http,10025,31
rio,rio,Http,10062,19
rio,rio,Http,10100,35
rio,rio,Http,10138,34
rio,rio,Http,10175,34
rio,rio,Http,10212,22
rio,rio,Http,10250,45
rio,rio,Http,10288,25
rio,rio,Http,10325,24
rio,rio,Http,10362,24
rio,rio,Http,10400,46
rio,rio,Http,10438,39
rio,rio,Http,10475,34
rio,rio,Http,10512,22
rio,rio,Http,10550,45
rio,rio,Http,10588,25
rio,rio,Http,10625,24
rio,rio,Http,10662,24
rio,rio,Http,10700,46
rio,rio,Http,10738,39
rio,rio,Http,10775,34
rio,rio,Http,10812,22
rio,rio,Http,10850,45
rio,rio,Http,10888,25
rio,rio,Http,10925,24
rio,rio,Http,10962,24
rio,rio,Http,11000,46
rio,rio,Http,11038,39
rio,rio,Http,11075,34
rio,rio,Http,11112,22
rio,rio,Http,11150,45
rio,rio,Http,11188,25
rio,rio,Http,11225,24
rio,rio,Http,11262,24
rio,rio,Http,11300,46
rio,rio,Http,11338,39
rio,rio,Http,11375,34
rio,rio,Http,11412,22
rio,rio,Http,11450,45
rio,rio,Http,11488,25
rio,rio,Http,11525,24
rio,rio,Http,11562,24
rio,rio,Http,11600,46
rio,rio,Http,11638,39
rio,rio,Http,11675,34
rio,rio,Http,11712,22
rio,rio,Http,11750,45
rio,rio,Http,11788,25
rio,rio,Http,11825,24
rio,rio,Http,11862,24
rio,rio,Http,11900,46
rio,rio,Http,11938,39
rio,rio,Http,11975,34
rio,rio,Http,12012,22
rio,rio,Http,12050,45
rio,rio,Http,12088,25
rio,rio,Http,12125,24
rio,rio,Http,12162,24
rio,rio,Http,12200,46
rio,rio,Http,12238,39
rio,rio,Http,12275,34
rio,rio,Http,12312,22
rio,rio,Http,12350,45
rio,rio,Http,12388,25
rio,rio,Http,12425,24
rio,rio,Http,12462,24
rio,rio,Http,12500,46
rio,rio,Http,12538,39
rio,rio,Http,12575,34
rio,rio,Http,12612,22
rio,rio,Http,12650,45
rio,rio,Http,12688,25
rio,rio,Http,12725,24
rio,rio,Http,12762,24
rio,rio,Http,12800,46
rio,rio,Http,12838,39
rio,rio,Http,12875,34
rio,rio,Http,12912,22
rio,rio,Http,12950,45
rio,rio,Http,12988,25
rio,rio,Http,13025,24
rio,rio,Http,13062,24
rio,rio,Http,13100,46
rio,rio,Http,13138,39
rio,rio,Http,13175,34
rio,rio,Http,13212,22
rio,rio,Http,13250,45
rio,rio,Http,13288,25
rio,rio,Http,13325,24
rio,rio,Http,13362,24
rio,rio,Http,13400,46
rio,rio,Http,13438,39
rio,rio,Http,13475,34
rio,rio,Http,13512,22
rio,rio,Http,13550,45
rio,rio,Http,13588,25
rio,rio,Http,13625,24
rio,rio,Http,13662,24
rio,rio,Http,13700,46
rio,rio,Http,13738,39
rio,rio,Http,13775,34
rio,rio,Http,13812,22
rio,rio,Http,13850,45
rio,rio,Http,13888,25
rio,rio,Http,13925,24
rio,rio,Http,13962,24
rio,rio,Http,14000,46
rio,rio,Http,14038,39
rio,rio,Http,14075,34
rio,rio,Http,14112,22
rio,rio,Http,14150,45
rio,rio,Http,14188,25
rio,rio,Http,14225,24
rio,rio,Http,14262,24
rio,rio,Http,14300,46
rio,rio,Http,14338,39
rio,rio,Http,14375,34
rio,rio,Http,14412,22
rio,rio,Http,14450,45
rio,rio,Http,14488,25
rio,rio,Http,14525,24
rio,rio,Http,14562,24
rio,rio,Http,14600,46
rio,rio,Http,14638,39
rio,rio,Http,14675,34
rio,rio,Http,14712,22
rio,rio,Http,14750,45
rio,rio,Http,14788,25
rio,rio,Http,14825,24
rio,rio,Http,14862,24
rio,rio,Http,14900,46
rio,rio,Http,14938,39
rio,rio,Http,14975,34
rio,rio,Http,15012,22
rio,rio,Http,15050,45
rio,rio,Http,15088,25
rio,rio,Http,15125,24
rio,rio,Http,15162,24
rio,rio,Http,15200,46
rio,rio,Http,15238,39
rio,rio,Http,15275,34
rio,rio,Http,15312,22
rio,rio,Http,15350,45
rio,rio,Http,15388,25
rio,rio,Http,15425,24
rio,rio,Http,15462,24
rio,rio,Http,15500,46
rio,rio,Http,15538,39
rio,rio,Http,15575,34
rio,rio,Http,15612,22
rio,rio,Http,15650,45
rio,rio,Http,15688,25
rio,rio,Http,15725,24
rio,rio,Http,15762,24
rio,rio,Http,15800,46
rio,rio,Http,15838,39
rio,rio,Http,15875,34
rio,rio,Http,15912,22
rio,rio,Http,15950,45
rio,rio,Http,15988,25
rio,rio,Http,16025,24
rio,rio,Http,16062,24
rio,rio,Http,16100,46
rio,rio,Http,16138,39
rio,rio,Http,16175,34
rio,rio,Http,16212,22
rio,rio,Http,16250,45
rio,rio,Http,16288,25
rio,rio,Http,16325,24
rio,rio,Http,16362,24
rio,rio,Http,16400,46
rio,rio,Http,16438,39
rio,rio,Http,16475,34
rio,rio,Http,16512,22
rio,rio,Http,16550,45
rio,rio,Http,16588,25
rio,rio,Http,16625,24
rio,rio,Http,16662,24
rio,rio,Http,16700,46
rio,rio,Http,16738,39
rio,rio,Http,16775,34
rio,rio,Http,16812,22
rio,rio,Http,16850,45
rio,rio,Http,16888,25
rio,rio,Http,16925,24
rio,rio,Http,16962,24
rio,rio,Http,17000,46
rio,rio,Http,17038,39
rio,rio,Http,17075,34
rio,rio,Http,17112,22
rio,rio,Http,17150,45
rio,rio,Http,17188,25
rio,rio,Http,17225,24
rio,rio,Http,17262,24
rio,rio,Http,17300,46
rio,rio,Http,17338,39
rio,rio,Http,17375,34
rio,rio,Http,17412,22
rio,rio,Http,17450,45
rio,rio,Http,17488,25
rio,rio,Http,17525,24
rio,rio,Http,17562,24
rio,rio,Http,17600,46
rio,rio,Http,17638,39
rio,rio,Http,17675,34
rio,rio,Http,17712,22
rio,rio,Http,17750,45
rio,rio,Http,17788,25
rio,rio,Http,17825,24
rio,rio,Http,17862,24
rio,rio,Http,17900,46
rio,rio,Http,17938,39
rio,rio,Http,17975,34
rio,rio,Http,18012,22
rio,rio,Http,18050,45
rio,rio,Http,18088,25
rio,rio,Http,18125,24
rio,rio,Http,18162,24
rio,rio,Http,18200,46
rio,rio,Http,18238,39
rio,rio,Http,18275,34
rio,rio,Http,18312,22
rio,rio,Http,18350,45
rio,rio,Http,18388,25
rio,rio,Http,18425,24
rio,rio,Http,18462,24
rio,rio,Http,18500,46
rio,rio,Http,18538,39
rio,rio,Http,18575,34
rio,rio,Http,18612,22
rio,rio,Http,18650,45
rio,rio,Http,18688,25
rio,rio,Http,18725,24
rio,rio,Http,18762,24
rio,rio,Http,18800,46
rio,rio,Http,18838,39
rio,rio,Http,18875,34
rio,rio,Http,18912,22
rio,rio,Http,18950,45
rio,rio,Http,18988,25
rio,rio,Http,19025,24
rio,rio,Http,19062,24
rio,rio,Http,19100,46
rio,rio,Http,19138,39
rio,rio,Http,19175,34
rio,rio,Http,19212,22
rio,rio,Http,19250,45
rio,rio,Http,19288,25
rio,rio,Http,19325,24
rio,rio,Http,19362,24
rio,rio,Http,19400,46
rio,rio,Http,19438,39
rio,rio,Http,19475,34
rio,rio,Http,19512,22
rio,rio,Http,19550,45
rio,rio,Http,19588,25
rio,rio,Http,19625,24
rio,rio,Http,19662,24
rio,rio,Http,19700,46
rio,rio,Http,19738,39
rio,rio,Http,19775,34
rio,rio,Http,19812,22
rio,rio,Http,19850,45
rio,rio,Http,19888,25
rio,rio,Http,19925,24
rio,rio,Http,19962,24
rio,rio,Http,20000,46
rio,rio,Http,20038,39
rio,rio,Http,20075,34
rio,rio,Http,20112,22
rio,rio,Http,20150,45
rio,rio,Http,20188,25
rio,rio,Http,20225,24
rio,rio,Http,20262,24
rio,rio,Http,20300,46
rio,rio,Http,20338,39
rio,rio,Http,20375,34
rio,rio,Http,20412,22
rio,rio,Http,20450,45
rio,rio,Http,20488,25
rio,rio,Http,20525,24
rio,rio,Http,20562,24
rio,rio,Http,20600,46
rio,rio,Http,20638,39
rio,rio,Http,20675,34
rio,rio,Http,20712,22
rio,rio,Http,20750,45
rio,rio,Http,20788,25
rio,rio,Http,20825,24
rio,rio,Http,20862,24
rio,rio,Http,20900,46
rio,rio,Http,20938,39
rio,rio,Http,20975,34
rio,rio,Http,21012,22
rio,rio,Http,21050,45
rio,rio,Http,21088,25
rio,rio,Http,21125,24
rio,rio,Http,21162,24
rio,rio,Http,21200,46
rio,rio,Http,21238,39
rio,rio,Http,21275,34
rio,rio,Http,21312,22
rio,rio,Http,21350,45
rio,rio,Http,21388,25
rio,rio,Http,21425,24
rio,rio,Http,21462,24
rio,rio,Http,21500,46
rio,rio,Http,21538,39
rio,rio,Http,21575,34
rio,rio,Http,21612,22
rio,rio,Http,21650,45
rio,rio,Http,21688,25
rio,rio,Http,21725,24
rio,rio,Http,21762,24
rio,rio,Http,21800,46
rio,rio,Http,21838,39
rio,rio,Http,21875,34
rio,rio,Http,21912,22
rio,rio,Http,21950,45
rio,rio,Http,21988,25
rio,rio,Http,22025,24
rio,rio,Http,22062,24
rio,rio,Http,22100,46
rio,rio,Http,22138,39
rio,rio,Http,22175,34
rio,rio,Http,22212,22
rio,rio,Http,22250,45
rio,rio,Http,22288,25
rio,rio,Http,22325,24
rio,rio,Http,22362,24
rio,rio,Http,22400,46
rio,rio,Http,22438,39
rio,rio,Http,22475,34
rio,rio,Http,22512,22
rio,rio,Http,22550,45
rio,rio,Http,22588,25
rio,rio,Http,22625,24
rio,rio,Http,22662,24
rio,rio,Http,22700,46
rio,rio,Http,22738,39
rio,rio,Http,22775,34
rio,rio,Http,22812,22
rio,rio,Http,22850,45
rio,rio,Http,22888,25
rio,rio,Http,22925,24
rio,rio,Http,22962,24
rio,rio,Http,23000,46
rio,rio,Http,23038,39
rio,rio,Http,23075,34
rio,rio,Http,23112,22
rio,rio,Http,23150,45
rio,rio,Http,23188,25
rio,rio,Http,23225,24
rio,rio,Http,23262,24
rio,rio,Http,23300,46
rio,rio,Http,23338,39
rio,rio,Http,23375,34
rio,rio,Http,23412,22
rio,rio,Http,23450,45
rio,rio,Http,23488,25
rio,rio,Http,23525,24
rio,rio,Http,23562,24
rio,rio,Http,23600,46
rio,rio,Http,23638,39
rio,rio,Http,23675,34
rio,rio,Http,23712,22
rio,rio,Http,23750,45
rio,rio,Http,23788,25
rio,rio,Http,23825,24
rio,rio,Http,23862,24
rio,rio,Http,23900,46
rio,rio,Http,23938,39
rio,rio,Http,23975,34
rio,rio,Http,24012,22
rio,rio,Http,24050,45
rio,rio,Http,24088,25
rio,rio,Http,24125,24
rio,rio,Http,24162,24
rio,rio,Http,24200,46
rio,rio,Http,24238,39
rio,rio,Http,24275,34
rio,rio,Http,24312,22
rio,rio,Http,24350,45
rio,rio,Http,24388,25
rio,rio,Http,24425,24
rio,rio,Http,24462,24
rio,rio,Http,24500,46
rio,rio,Http,24538,39
rio,rio,Http,24575,34
rio,rio,Http,24612,22
rio,rio,Http,24650,45
rio,rio,Http,24688,25
rio,rio,Http,24725,24
rio,rio,Http,24762,24
rio,rio,Http,24800,46
rio,rio,Http,24838,39
rio,rio,Http,24875,34
rio,rio,Http,24912,22
rio,rio,Http,24950,45
rio,rio,Http,24988,25
rio,rio,Http,25025,24
rio,rio,Http,25062,24
rio,rio,Http,25100,46
rio,rio,Http,25138,39
rio,rio,Http,25175,34
rio,rio,Http,25212,22
rio,rio,Http,25250,45
rio,rio,Http,25288,25
rio,rio,Http,25325,24
rio,rio,Http,25362,24
rio,rio,Http,25400,46
rio,rio,Http,25438,39
rio,rio,Http,25475,34
rio,rio,Http,25512,22
rio,rio,Http,25550,45
rio,rio,Http,25588,25
rio,rio,Http,25625,24
rio,rio,Http,25662,24
rio,rio,Http,25700,46
rio,rio,Http,25738,39
rio,rio,Http,25775,34
rio,rio,Http,25812,22
rio,rio,Http,25850,45
rio,rio,Http,25888,25
rio,rio,Http,25925,24
rio,rio,Http,25962,24
rio,rio,Http,26000,46
rio,rio,Http,26038,39
rio,rio,Http,26075,34
rio,rio,Http,26112,22
rio,rio,Http,26150,45
rio,rio,Http,26188,25
rio,rio,Http,26225,24
rio,rio,Http,26262,24
rio,rio,Http,26300,46
rio,rio,Http,26338,39
rio,rio,Http,26375,34
rio,rio,Http,26412,22
rio,rio,Http,26450,45
rio,rio,Http,26488,25
rio,rio,Http,26525,24
rio,rio,Http,26562,24
rio,rio,Http,26600,46
rio,rio,Http,26638,39
rio,rio,Http,26675,34
rio,rio,Http,26712,22
rio,rio,Http,26750,45
rio,rio,Http,26788,25
rio,rio,Http,26825,24
rio,rio,Http,26862,24
rio,rio,Http,26900,46
rio,rio,Http,26938,39
rio,rio,Http,26975,34
rio,rio,Http,27012,22
rio,rio,Http,27050,45
rio,rio,Http,27088,25
rio,rio,Http,27125,24
rio,rio,Http,27162,24
rio,rio,Http,27200,46
rio,rio,Http,27238,39
rio,rio,Http,27275,34
rio,rio,Http,27312,22
rio,rio,Http,27350,45
rio,rio,Http,27388,25
rio,rio,Http,27425,24
rio,rio,Http,27462,24
rio,rio,Http,27500,46
rio,rio,Http,27538,39
rio,rio,Http,27575,34
rio,rio,Http,27612,22
rio,rio,Http,27650,45
rio,rio,Http,27688,25
rio,rio,Http,27725,24
rio,rio,Http,27762,24
rio,rio,Http,27800,46
rio,rio,Http,27838,39
rio,rio,Http,27875,34
rio,rio,Http,27912,22
rio,rio,Http,27950,45
rio,rio,Http,27988,25
rio,rio,Http,28025,24
rio,rio,Http,28062,24
rio,rio,Http,28100,46
rio,rio,Http,28138,39
rio,rio,Http,28175,34
rio,rio,Http,28212,22
rio,rio,Http,28250,45
rio,rio,Http,28288,25
rio,rio,Http,28325,24
rio,rio,Http,28362,24
rio,rio,Http,28400,46
rio,rio,Http,28438,39
rio,rio,Http,28475,34
rio,rio,Http,28512,22
rio,rio,Http,28550,45
rio,rio,Http,28588,25
rio,rio,Http,28625,24
rio,rio,Http,28662,24
rio,rio,Http,28700,46
rio,rio,Http,28738,39
rio,rio,Http,28775,34
rio,rio,Http,28812,22
rio,rio,Http,28850,45
rio,rio,Http,28888,25
rio,rio,Http,28925,24
rio,rio,Http,28962,24
rio,rio,Http,29000,46
rio,rio,Http,29038,39
rio,rio,Http,29075,34
rio,rio,Http,29112,22
rio,rio,Http,29150,45
rio,rio,Http,29188,25
rio,rio,Http,29225,24
rio,rio,Http,29262,24
rio,rio,Http,29300,46
rio,rio,Http,29338,39
rio,rio,Http,29375,34
rio,rio,Http,29412,22
rio,rio,Http,29450,45
rio,rio,Http,29488,25
rio,rio,Http,29525,24
rio,rio,Http,29562,24
rio,rio,Http,29600,46
rio,rio,Http,29638,39
rio,rio,Http,29675,34
rio,rio,Http,29712,22
rio,rio,Http,29750,45
rio,rio,Http,29788,25
rio,rio,Http,29825,24
rio,rio,Http,29862,24
rio,rio,Http,29900,46
rio,rio,Http,29938,39
rio,rio,Http,29975,34
rio,rio,Http,30012,22
rio,rio,Http,30050,45
rio,rio,Http,30088,25
rio,rio,Http,30125,24
rio,rio,Http,30162,24
rio,rio,Http,30200,46
rio,rio,Http,30238,39
rio,rio,Http,30275,34
rio,rio,Http,30312,22
rio,rio,Http,30350,45
rio,rio,Http,30388,25
rio,rio,Http,30425,24
rio,rio,Http,30462,24
rio,rio,Http,30500,46
rio,rio,Http,30538,39
rio,rio,Http,30575,34
rio,rio,Http,30612,22
rio,rio,Http,30650,45
rio,rio,Http,30688,25
rio,rio,Http,30725,24
rio,rio,Http,30762,24
rio,rio,Http,30800,46
rio,rio,Http,30838,39
rio,rio,Http,30875,34
rio,rio,Http,30912,22
rio,rio,Http,30950,45
rio,rio,Http,30988,25
rio,rio,Http,31025,24
rio,rio,Http,31062,24
rio,rio,Http,31100,46
rio,rio,Http,31138,39
rio,rio,Http,31175,34
rio,rio,Http,31212,22
rio,rio,Http,31250,45
rio,rio,Http,31288,25
rio,rio,Http,31325,24
rio,rio,Http,31362,24
rio,rio,Http,31400,46
rio,rio,Http,31438,39
rio,rio,Http,31475,34
rio,rio,Http,31512,22
rio,rio,Http,31550,45
rio,rio,Http,31588,25
rio,rio,Http,31625,24
rio,rio,Http,31662,24
rio,rio,Http,31700,46
rio,rio,Http,31738,39
rio,rio,Http,31775,34
rio,rio,Http,31812,22
rio,rio,Http,31850,45
rio,rio,Http,31888,25
rio,rio,Http,31925,24
rio,rio,Http,31962,24
rio,rio,Http,32000,46
rio,rio,Http,32038,39
rio,rio,Http,32075,34
rio,rio,Http,32112,22
rio,rio,Http,32150,45
rio,rio,Http,32188,25
rio,rio,Http,32225,24
rio,rio,Http,32262,24
rio,rio,Http,32300,46
rio,rio,Http,32338,39
rio,rio,Http,32375,34
rio,rio,Http,32412,22
rio,rio,Http,32450,45
rio,rio,Http,32488,25
rio,rio,Http,32525,24
rio,rio,Http,32562,24
rio,rio,Http,32600,46
rio,rio,Http,32638,39
rio,rio,Http,32675,34
rio,rio,Http,32712,22
rio,rio,Http,32750,45
rio,rio,Http,32788,25
rio,rio,Http,32825,24
rio,rio,Http,32862,24
rio,rio,Http,32900,46
rio,rio,Http,32938,39
rio,rio,Http,32975,34
rio,rio,Http,33012,22
rio,rio,Http,33050,45
rio,rio,Http,33088,25
rio,rio,Http,33125,24
rio,rio,Http,33162,24
rio,rio,Http,33200,46
rio,rio,Http,33238,39
rio,rio,Http,33275,34
rio,rio,Http,33312,22
rio,rio,Http,33350,45
rio,rio,Http,33388,25
rio,rio,Http,33425,24
rio,rio,Http,33462,24
rio,rio,Http,33500,46
rio,rio,Http,33538,39
rio,rio,Http,33575,34
rio,rio,Http,33612,22
rio,rio,Http,33650,45
rio,rio,Http,33688,25
rio,rio,Http,33725,24
rio,rio,Http,33762,24
rio,rio,Http,33800,46
rio,rio,Http,33838,39
rio,rio,Http,33875,34
rio,rio,Http,33912,22
rio,rio,Http,33950,45
rio,rio,Http,33988,25
rio,control,Https,0,34
rio,control,Https,30,41
rio,control,Https,60,21
rio,control,Https,90,26
rio,control,Https,120,26
rio,control,Https,150,29
rio,control,Https,180,37
rio,control,Https,210,21
rio,control,Https,240,27
rio,control,Https,270,27
rio,control,Https,300,29
rio,control,Https,330,35
rio,control,Https,360,36
rio,control,Https,390,22
rio,control,Https,420,21
rio,control,Https,450,24
rio,control,Https,480,29
rio,control,Https,510,31
rio,control,Https,540,21
rio,control,Https,570,20
rio,control,Https,600,22
rio,control,Https,630,29
rio,control,Https,660,29
rio,control,Https,690,32
rio,control,Https,720,37
rio,control,Https,750,36
rio,control,Https,780,22
rio,control,Https,810,22
rio,control,Https,840,27
rio,control,Https,870,30
rio,control,Https,900,29
rio,control,Https,930,32
rio,control,Https,960,23
rio,control,Https,990,25
rio,control,Https,1020,31
rio,control,Https,1050,30
rio,control,Https,1080,32
rio,control,Https,1110,38
rio,control,Https,1140,17
rio,control,Https,1170,27
rio,control,Https,1200,22
rio,control,Https,1230,26
rio,control,Https,1260,32
rio,control,Https,1290,18
rio,control,Https,1320,25
rio,control,Https,1350,24
rio,control,Https,1380,26
rio,control,Https,1410,31
rio,control,Https,1440,31
rio,control,Https,1470,33
rio,control,Https,1500,38
rio,control,Https,1530,19
rio,control,Https,1560,26
rio,control,Https,1590,25
rio,control,Https,1620,28
rio,control,Https,1650,36
rio,control,Https,1680,18
rio,control,Https,1710,25
rio,control,Https,1740,24
rio,control,Https,1770,27
rio,control,Https,1800,32
rio,control,Https,1830,32
rio,control,Https,1860,19
rio,control,Https,1890,18
rio,control,Https,1920,21
rio,control,Https,1950,27
rio,control,Https,1980,29
rio,control,Https,2000,38
rio,control,Https,2043,13
rio,control,Https,2086,34
rio,control,Https,2129,18
rio,control,Https,2171,19
rio,control,Https,2214,25
rio,control,Https,2257,13
rio,control,Https,2300,32
rio,control,Https,2343,16
rio,control,Https,2386,21
rio,control,Https,2429,24
rio,control,Https,2471,13
rio,control,Https,2514,19
rio,control,Https,2557,22
rio,control,Https,2600,22
rio,control,Https,2643,28
rio,control,Https,2686,27
rio,control,Https,2729,33
rio,control,Https,2771,19
rio,control,Https,2814,34
rio,control,Https,2857,31
rio,control,Https,2900,35
rio,control,Https,2943,25
rio,control,Https,2986,21
rio,control,Https,3029,18
rio,control,Https,3071,28
rio,control,Https,3114,31
rio,control,Https,3157,28
rio,control,Https,3200,32
rio,control,Https,3243,25
rio,control,Https,3286,18
rio,control,Https,3329,15
rio,control,Https,3371,25
rio,control,Https,3414,31
rio,control,Https,3457,28
rio,control,Https,3500,32
rio,control,Https,3543,19
rio,control,Https,3586,21
rio,control,Https,3629,21
rio,control,Https,3671,25
rio,control,Https,3714,25
rio,control,Https,3757,22
rio,control,Https,3800,35
rio,control,Https,3843,16
rio,control,Https,3886,18
rio,control,Https,3929,18
rio,control,Https,3971,22
rio,control,Https,4014,22
rio,control,Https,4057,22
rio,control,Https,4100,22
rio,control,Https,4143,16
rio,control,Https,4186,18
rio,control,Https,4229,18
rio,control,Https,4271,19
rio,control,Https,4314,19
rio,control,Https,4357,19
rio,control,Https,4400,22
rio,control,Https,4443,16
rio,control,Https,4486,18
rio,control,Https,4529,18
rio,control,Https,4571,19
rio,control,Https,4614,19
rio,control,Https,4657,19
rio,control,Https,4700,22
rio,control,Https,4743,16
rio,control,Https,4786,18
rio,control,Https,4829,18
rio,control,Https,4871,19
rio,control,Https,4914,19
rio,control,Https,4957,19
rio,control,Https,5000,31
rio,control,Https,5043,20
rio,control,Https,5086,14
rio,control,Https,5129,24
rio,control,Https,5171,24
rio,control,Https,5214,24
rio,control,Https,5257,24
rio,control,Https,5300,30
rio,control,Https,5343,22
rio,control,Https,5386,15
rio,control,Https,5429,25
rio,control,Https,5471,24
rio,control,Https,5514,24
rio,control,Https,5557,24
rio,control,Https,5600,30
rio,control,Https,5643,22
rio,control,Https,5686,15
rio,control,Https,5729,25
rio,control,Https,5771,24
rio,control,Https,5814,24
rio,control,Https,5857,24
rio,control,Https,5900,30
rio,control,Https,5943,22
rio,control,Https,5986,15
rio,control,Https,6029,25
rio,control,Https,6071,24
rio,control,Https,6114,24
rio,control,Https,6157,24
rio,control,Https,6200,30
rio,control,Https,6243,22
rio,control,Https,6286,15
rio,control,Https,6329,25
rio,control,Https,6371,24
rio,control,Https,6414,24
rio,control,Https,6457,24
rio,control,Https,6500,30
rio,control,Https,6543,22
rio,control,Https,6586,15
rio,control,Https,6629,25
rio,control,Https,6671,24
rio,control,Https,6714,24
rio,control,Https,6757,24
rio,control,Https,6800,30
rio,control,Https,6843,22
rio,control,Https,6886,15
rio,control,Https,6929,25
rio,control,Https,6971,24
rio,control,Https,7014,24
rio,control,Https,7057,24
rio,control,Https,7100,30
rio,control,Https,7143,22
rio,control,Https,7186,15
rio,control,Https,7229,25
rio,control,Https,7271,24
rio,control,Https,7314,24
rio,control,Https,7357,24
rio,control,Https,7400,30
rio,control,Https,7443,22
rio,control,Https,7486,15
rio,control,Https,7529,25
rio,control,Https,7571,24
rio,control,Https,7614,24
rio,control,Https,7657,24
rio,control,Https,7700,30
rio,control,Https,7743,22
rio,control,Https,7786,15
rio,control,Https,7829,25
rio,control,Https,7871,24
rio,control,Https,7914,24
rio,control,Https,7957,24
rio,control,Https,8000,30
rio,control,Https,8043,22
rio,control,Https,8086,15
rio,control,Https,8129,25
rio,control,Https,8171,24
rio,control,Https,8214,24
rio,control,Https,8257,24
rio,control,Https,8300,30
rio,control,Https,8343,22
rio,control,Https,8386,15
rio,control,Https,8429,25
rio,control,Https,8471,24
rio,control,Https,8514,24
rio,control,Https,8557,24
rio,control,Https,8600,30
rio,control,Https,8643,22
rio,control,Https,8686,15
rio,control,Https,8729,25
rio,control,Https,8771,24
rio,control,Https,8814,24
rio,control,Https,8857,24
rio,control,Https,8900,30
rio,control,Https,8943,22
rio,control,Https,8986,15
rio,control,Https,9029,25
rio,control,Https,9071,24
rio,control,Https,9114,24
rio,control,Https,9157,24
rio,control,Https,9200,30
rio,control,Https,9243,22
rio,control,Https,9286,15
rio,control,Https,9329,25
rio,control,Https,9371,24
rio,control,Https,9414,24
rio,control,Https,9457,24
rio,control,Https,9500,30
rio,control,Https,9543,22
rio,control,Https,9586,15
rio,control,Https,9629,25
rio,control,Https,9671,24
rio,control,Https,9714,24
rio,control,Https,9757,24
rio,control,Https,9800,30
rio,control,Https,9843,22
rio,control,Https,9886,15
rio,control,Https,9929,25
rio,control,Https,9971,24
rio,control,Https,10014,24
rio,control,Https,10057,24
rio,control,Https,10100,30
rio,control,Https,10143,22
rio,control,Https,10186,15
rio,control,Https,10229,25
rio,control,Https,10271,24
rio,control,Https,10314,24
rio,control,Https,10357,24
rio,control,Https,10400,30
rio,control,Https,10443,22
rio,control,Https,10486,15
rio,control,Https,10529,25
rio,control,Https,10571,24
rio,control,Https,10614,24
rio,control,Https,10657,24
rio,control,Https,10700,30
rio,control,Https,10743,22
rio,control,Https,10786,15
rio,control,Https,10829,25
rio,control,Https,10871,24
rio,control,Https,10914,24
rio,control,Https,10957,24
rio,control,Https,11000,30
rio,control,Https,11043,22
rio,control,Https,11086,15
rio,control,Https,11129,25
rio,control,Https,11171,24
rio,control,Https,11214,24
rio,control,Https,11257,24
rio,control,Https,11300,30
rio,control,Https,11343,22
rio,control,Https,11386,15
rio,control,Https,11429,25
rio,control,Https,11471,24
rio,control,Https,11514,24
rio,control,Https,11557,24
rio,control,Https,11600,30
rio,control,Https,11643,22
rio,control,Https,11686,15
rio,control,Https,11729,25
rio,control,Https,11771,24
rio,control,Https,11814,24
rio,control,Https,11857,24
rio,control,Https,11900,30
rio,control,Https,11943,22
rio,control,Https,11986,15
rio,control,Https,12029,25
rio,control,Https,12071,24
rio,control,Https,12114,24
rio,control,Https,12157,24
rio,control,Https,12200,30
rio,control,Https,12243,22
rio,control,Https,12286,15
rio,control,Https,12329,25
rio,control,Https,12371,24
rio,control,Https,12414,24
rio,control,Https,12457,24
rio,control,Https,12500,30
rio,control,Https,12543,22
rio,control,Https,12586,15
rio,control,Https,12629,25
rio,control,Https,12671,24
rio,control,Https,12714,24
rio,control,Https,12757,24
rio,control,Https,12800,30
rio,control,Https,12843,22
rio,control,Https,12886,15
rio,control,Https,12929,25
rio,control,Https,12971,24
rio,control,Https,13014,24
rio,control,Https,13057,24
rio,control,Https,13100,30
rio,control,Https,13143,22
rio,control,Https,13186,15
rio,control,Https,13229,25
rio,control,Https,13271,24
rio,control,Https,13314,24
rio,control,Https,13357,24
rio,control,Https,13400,30
rio,control,Https,13443,22
rio,control,Https,13486,15
rio,control,Https,13529,25
rio,control,Https,13571,24
rio,control,Https,13614,24
rio,control,Https,13657,24
rio,control,Https,13700,30
rio,control,Https,13743,22
rio,control,Https,13786,15
rio,control,Https,13829,25
rio,control,Https,13871,24
rio,control,Https,13914,24
rio,control,Https,13957,24
rio,control,Https,14000,30
rio,control,Https,14043,22
rio,control,Https,14086,15
rio,control,Https,14129,25
rio,control,Https,14171,24
rio,control,Https,14214,24
rio,control,Https,14257,24
rio,control,Https,14300,30
rio,control,Https,14343,22
rio,control,Https,14386,15
rio,control,Https,14429,25
rio,control,Https,14471,24
rio,control,Https,14514,24
rio,control,Https,14557,24
rio,control,Https,14600,30
rio,control,Https,14643,22
rio,control,Https,14686,15
rio,control,Https,14729,25
rio,control,Https,14771,24
rio,control,Https,14814,24
rio,control,Https,14857,24
rio,control,Https,14900,30
rio,control,Https,14943,22
rio,control,Https,14986,15
rio,control,Https,15029,25
rio,control,Https,15071,24
rio,control,Https,15114,24
rio,control,Https,15157,24
rio,control,Https,15200,30
rio,control,Https,15243,22
rio,control,Https,15286,15
rio,control,Https,15329,25
rio,control,Https,15371,24
rio,control,Https,15414,24
rio,control,Https,15457,24
rio,control,Https,15500,30
rio,control,Https,15543,22
rio,control,Https,15586,15
rio,control,Https,15629,25
rio,control,Https,15671,24
rio,control,Https,15714,24
rio,control,Https,15757,24
rio,control,Https,15800,30
rio,control,Https,15843,22
rio,control,Https,15886,15
rio,control,Https,15929,25
rio,control,Https,15971,24
rio,control,Https,16014,24
rio,control,Https,16057,24
rio,control,Https,16100,30
rio,control,Https,16143,22
rio,control,Https,16186,15
rio,control,Https,16229,25
rio,control,Https,16271,24
rio,control,Https,16314,24
rio,control,Https,16357,24
rio,control,Https,16400,30
rio,control,Https,16443,22
rio,control,Https,16486,15
rio,control,Https,16529,25
rio,control,Https,16571,24
rio,control,Https,16614,24
rio,control,Https,16657,24
rio,control,Https,16700,30
rio,control,Https,16743,22
rio,control,Https,16786,15
rio,control,Https,16829,25
rio,control,Https,16871,24
rio,control,Https,16914,24
rio,control,Https,16957,24
rio,control,Https,17000,30
rio,control,Https,17043,22
rio,control,Https,17086,15
rio,control,Https,17129,25
rio,control,Https,17171,24
rio,control,Https,17214,24
rio,control,Https,17257,24
rio,control,Https,17300,30
rio,control,Https,17343,22
rio,control,Https,17386,15
rio,control,Https,17429,25
rio,control,Https,17471,24
rio,control,Https,17514,24
rio,control,Https,17557,24
rio,control,Https,17600,30
rio,control,Https,17643,22
rio,control,Https,17686,15
rio,control,Https,17729,25
rio,control,Https,17771,24
rio,control,Https,17814,24
rio,control,Https,17857,24
rio,control,Https,17900,30
rio,control,Https,17943,22
rio,control,Https,17986,15
rio,control,Https,18029,25
rio,control,Https,18071,24
rio,control,Https,18114,24
rio,control,Https,18157,24
rio,control,Https,18200,30
rio,control,Https,18243,22
rio,control,Https,18286,15
rio,control,Https,18329,25
rio,control,Https,18371,24
rio,control,Https,18414,24
rio,control,Https,18457,24
rio,control,Https,18500,30
rio,control,Https,18543,22
rio,control,Https,18586,15
rio,control,Https,18629,25
rio,control,Https,18671,24
rio,control,Https,18714,24
rio,control,Https,18757,24
rio,control,Https,18800,30
rio,control,Https,18843,22
rio,control,Https,18886,15
rio,control,Https,18929,25
rio,control,Https,18971,24
rio,control,Https,19014,24
rio,control,Https,19057,24
rio,control,Https,19100,30
rio,control,Https,19143,22
rio,control,Https,19186,15
rio,control,Https,19229,25
rio,control,Https,19271,24
rio,control,Https,19314,24
rio,control,Https,19357,24
rio,control,Https,19400,30
rio,control,Https,19443,22
rio,control,Https,19486,15
rio,control,Https,19529,25
rio,control,Https,19571,24
rio,control,Https,19614,24
rio,control,Https,19657,24
rio,control,Https,19700,30
rio,control,Https,19743,22
rio,control,Https,19786,15
rio,control,Https,19829,25
rio,control,Https,19871,24
rio,control,Https,19914,24
rio,control,Https,19957,24
rio,control,Https,20000,30
rio,control,Https,20043,22
rio,control,Https,20086,15
rio,control,Https,20129,25
rio,control,Https,20171,24
rio,control,Https,20214,24
rio,control,Https,20257,24
rio,control,Https,20300,30
rio,control,Https,20343,22
rio,control,Https,20386,15
rio,control,Https,20429,25
rio,control,Https,20471,24
rio,control,Https,20514,24
rio,control,Https,20557,24
rio,control,Https,20600,30
rio,control,Https,20643,22
rio,control,Https,20686,15
rio,control,Https,20729,25
rio,control,Https,20771,24
rio,control,Https,20814,24
rio,control,Https,20857,24
rio,control,Https,20900,30
rio,control,Https,20943,22
rio,control,Https,20986,15
rio,control,Https,21029,25
rio,control,Https,21071,24
rio,control,Https,21114,24
rio,control,Https,21157,24
rio,control,Https,21200,30
rio,control,Https,21243,22
rio,control,Https,21286,15
rio,control,Https,21329,25
rio,control,Https,21371,24
rio,control,Https,21414,24
rio,control,Https,21457,24
rio,control,Https,21500,30
rio,control,Https,21543,22
rio,control,Https,21586,15
rio,control,Https,21629,25
rio,control,Https,21671,24
rio,control,Https,21714,24
rio,control,Https,21757,24
rio,control,Https,21800,30
rio,control,Https,21843,22
rio,control,Https,21886,15
rio,control,Https,21929,25
rio,control,Https,21971,24
rio,control,Https,22014,24
rio,control,Https,22057,24
rio,control,Https,22100,30
rio,control,Https,22143,22
rio,control,Https,22186,15
rio,control,Https,22229,25
rio,control,Https,22271,24
rio,control,Https,22314,24
rio,control,Https,22357,24
rio,control,Https,22400,30
rio,control,Https,22443,22
rio,control,Https,22486,15
rio,control,Https,22529,25
rio,control,Https,22571,24
rio,control,Https,22614,24
rio,control,Https,22657,24
rio,control,Https,22700,30
rio,control,Https,22743,22
rio,control,Https,22786,15
rio,control,Https,22829,25
rio,control,Https,22871,24
rio,control,Https,22914,24
rio,control,Https,22957,24
rio,control,Https,23000,30
rio,control,Https,23043,22
rio,control,Https,23086,15
rio,control,Https,23129,25
rio,control,Https,23171,24
rio,control,Https,23214,24
rio,control,Https,23257,24
rio,control,Https,23300,30
rio,control,Https,23343,22
rio,control,Https,23386,15
rio,control,Https,23429,25
rio,control,Https,23471,24
rio,control,Https,23514,24
rio,control,Https,23557,24
rio,control,Https,23600,30
rio,control,Https,23643,22
rio,control,Https,23686,15
rio,control,Https,23729,25
rio,control,Https,23771,24
rio,control,Https,23814,24
rio,control,Https,23857,24
rio,control,Https,23900,30
rio,control,Https,23943,22
rio,control,Https,23986,15
rio,control,Https,24029,25
rio,control,Https,24071,24
rio,control,Https,24114,24
rio,control,Https,24157,24
rio,control,Https,24200,30
rio,control,Https,24243,22
rio,control,Https,24286,15
rio,control,Https,24329,25
rio,control,Https,24371,24
rio,control,Https,24414,24
rio,control,Https,24457,24
rio,control,Https,24500,30
rio,control,Https,24543,22
rio,control,Https,24586,15
rio,control,Https,24629,25
rio,control,Https,24671,24
rio,control,Https,24714,24
rio,control,Https,24757,24
rio,control,Https,24800,30
rio,control,Https,24843,22
rio,control,Https,24886,15
rio,control,Https,24929,25
rio,control,Https,24971,24
rio,control,Https,25014,24
rio,control,Https,25057,24
rio,control,Https,25100,30
rio,control,Https,25143,22
rio,control,Https,25186,15
rio,control,Https,25229,25
rio,control,Https,25271,24
rio,control,Https,25314,24
rio,control,Https,25357,24
rio,control,Https,25400,30
rio,control,Https,25443,22
rio,control,Https,25486,15
rio,control,Https,25529,25
rio,control,Https,25571,24
rio,control,Https,25614,24
rio,control,Https,25657,24
rio,control,Https,25700,30
rio,control,Https,25743,22
rio,control,Https,25786,15
rio,control,Https,25829,25
rio,control,Https,25871,24
rio,control,Https,25914,24
rio,control,Https,25957,24
rio,control,Https,26000,30
rio,control,Https,26043,22
rio,control,Https,26086,15
rio,control,Https,26129,25
rio,control,Https,26171,24
rio,control,Https,26214,24
rio,control,Https,26257,24
rio,control,Https,26300,30
rio,control,Https,26343,22
rio,control,Https,26386,15
rio,control,Https,26429,25
rio,control,Https,26471,24
rio,control,Https,26514,24
rio,control,Https,26557,24
rio,control,Https,26600,30
rio,control,Https,26643,22
rio,control,Https,26686,15
rio,control,Https,26729,25
rio,control,Https,26771,24
rio,control,Https,26814,24
rio,control,Https,26857,24
rio,control,Https,26900,30
rio,control,Https,26943,22
rio,control,Https,26986,15
rio,control,Https,27029,25
rio,control,Https,27071,24
rio,control,Https,27114,24
rio,control,Https,27157,24
rio,control,Https,27200,30
rio,control,Https,27243,22
rio,control,Https,27286,15
rio,control,Https,27329,25
rio,control,Https,27371,24
rio,control,Https,27414,24
rio,control,Https,27457,24
rio,control,Https,27500,30
rio,control,Https,27543,22
rio,control,Https,27586,15
rio,control,Https,27629,25
rio,control,Https,27671,24
rio,control,Https,27714,24
rio,control,Https,27757,24
rio,control,Https,27800,30
rio,control,Https,27843,22
rio,control,Https,27886,15
rio,control,Https,27929,25
rio,control,Https,27971,24
rio,control,Https,28014,24
rio,control,Https,28057,24
rio,control,Https,28100,30
rio,control,Https,28143,22
rio,control,Https,28186,15
rio,control,Https,28229,25
rio,control,Https,28271,24
rio,control,Https,28314,24
rio,control,Https,28357,24
rio,control,Https,28400,30
rio,control,Https,28443,22
rio,control,Https,28486,15
rio,control,Https,28529,25
rio,control,Https,28571,24
rio,control,Https,28614,24
rio,control,Https,28657,24
rio,control,Https,28700,30
rio,control,Https,28743,22
rio,control,Https,28786,15
rio,control,Https,28829,25
rio,control,Https,28871,24
rio,control,Https,28914,24
rio,control,Https,28957,24
rio,control,Https,29000,30
rio,control,Https,29043,22
rio,control,Https,29086,15
rio,control,Https,29129,25
rio,control,Https,29171,24
rio,control,Https,29214,24
rio,control,Https,29257,24
rio,control,Https,29300,30
rio,control,Https,29343,22
rio,control,Https,29386,15
rio,control,Https,29429,25
rio,control,Https,29471,24
rio,control,Https,29514,24
rio,control,Https,29557,24
rio,control,Https,29600,30
rio,control,Https,29643,22
rio,control,Https,29686,15
rio,control,Https,29729,25
rio,control,Https,29771,24
rio,control,Https,29814,24
rio,control,Https,29857,24
rio,control,Https,29900,30
rio,control,Https,29943,22
rio,control,Https,29986,15
rio,control,Https,30029,25
rio,control,Https,30071,24
rio,control,Https,30114,24
rio,control,Https,30157,24
rio,control,Https,30200,30
rio,control,Https,30243,22
rio,control,Https,30286,15
rio,control,Https,30329,25
rio,control,Https,30371,24
rio,control,Https,30414,24
rio,control,Https,30457,24
rio,control,Https,30500,30
rio,control,Https,30543,22
rio,control,Https,30586,15
rio,control,Https,30629,25
rio,control,Https,30671,24
rio,control,Https,30714,24
rio,control,Https,30757,24
rio,control,Https,30800,30
rio,control,Https,30843,22
rio,control,Https,30886,15
rio,control,Https,30929,25
rio,control,Https,30971,24
rio,control,Https,31014,24
rio,control,Https,31057,24
rio,control,Https,31100,30
rio,control,Https,31143,22
rio,control,Https,31186,15
rio,control,Https,31229,25
rio,control,Https,31271,24
rio,control,Https,31314,24
rio,control,Https,31357,24
rio,control,Https,31400,30
rio,control,Https,31443,22
rio,control,Https,31486,15
rio,control,Https,31529,25
rio,control,Https,31571,24
rio,control,Https,31614,24
rio,control,Https,31657,24
rio,control,Https,31700,30
rio,control,Https,31743,22
rio,control,Https,31786,15
rio,control,Https,31829,25
rio,control,Https,31871,24
rio,control,Https,31914,24
rio,control,Https,31957,24
rio,control,Https,32000,30
rio,control,Https,32043,22
rio,control,Https,32086,15
rio,control,Https,32129,25
rio,control,Https,32171,24
rio,control,Https,32214,24
rio,control,Https,32257,24
rio,control,Https,32300,30
rio,control,Https,32343,22
rio,control,Https,32386,15
rio,control,Https,32429,25
rio,control,Https,32471,24
rio,control,Https,32514,24
rio,control,Https,32557,24
rio,control,Https,32600,30
rio,control,Https,32643,22
rio,control,Https,32686,15
rio,control,Https,32729,25
rio,control,Https,32771,24
rio,control,Https,32814,24
rio,control,Https,32857,24
rio,control,Https,32900,30
rio,control,Https,32943,22
rio,control,Https,32986,15
rio,control,Https,33029,25
rio,control,Https,33071,24
rio,control,Https,33114,24
rio,control,Https,33157,24
rio,control,Https,33200,30
rio,control,Https,33243,22
rio,control,Https,33286,15
rio,control,Https,33329,25
rio,control,Https,33371,24
rio,control,Https,33414,24
rio,control,Https,33457,24
rio,control,Https,33500,30
rio,control,Https,33543,22
rio,control,Https,33586,15
rio,control,Https,33629,25
rio,control,Https,33671,24
rio,control,Https,33714,24
rio,control,Https,33757,24
rio,control,Https,33800,30
rio,control,Https,33843,22
rio,control,Https,33886,15
rio,control,Https,33929,25
rio,control,Https,33971,24
rio,rio,Https,0,34
rio,rio,Https,30,41
rio,rio,Https,60,21
rio,rio,Https,90,26
rio,rio,Https,120,26
rio,rio,Https,150,29
rio,rio,Https,180,37
rio,rio,Https,210,21
rio,rio,Https,240,27
rio,rio,Https,270,27
rio,rio,Https,300,29
rio,rio,Https,330,35
rio,rio,Https,360,36
rio,rio,Https,390,22
rio,rio,Https,420,21
rio,rio,Https,450,24
rio,rio,Https,480,29
rio,rio,Https,510,31
rio,rio,Https,540,21
rio,rio,Https,570,20
rio,rio,Https,600,22
rio,rio,Https,630,29
rio,rio,Https,660,29
rio,rio,Https,690,32
rio,rio,Https,720,37
rio,rio,Https,750,36
rio,rio,Https,780,22
rio,rio,Https,810,22
rio,rio,Https,840,27
rio,rio,Https,870,30
rio,rio,Https,900,29
rio,rio,Https,930,32
rio,rio,Https,960,23
rio,rio,Https,990,25
rio,rio,Https,1020,31
rio,rio,Https,1050,30
rio,rio,Https,1080,32
rio,rio,Https,1110,38
rio,rio,Https,1140,17
rio,rio,Https,1170,27
rio,rio,Https,1200,22
rio,rio,Https,1230,26
rio,rio,Https,1260,32
rio,rio,Https,1290,18
rio,rio,Https,1320,25
rio,rio,Https,1350,24
rio,rio,Https,1380,26
rio,rio,Https,1410,31
rio,rio,Https,1440,31
rio,rio,Https,1470,33
rio,rio,Https,1500,38
rio,rio,Https,1530,19
rio,rio,Https,1560,26
rio,rio,Https,1590,25
rio,rio,Https,1620,28
rio,rio,Https,1650,36
rio,rio,Https,1680,18
rio,rio,Https,1710,25
rio,rio,Https,1740,24
rio,rio,Https,1770,27
rio,rio,Https,1800,32
rio,rio,Https,1830,32
rio,rio,Https,1860,19
rio,rio,Https,1890,18
rio,rio,Https,1920,21
rio,rio,Https,1950,27
rio,rio,Https,1980,29
rio,rio,Https,2000,38
rio,rio,Https,2043,14
rio,rio,Https,2086,16
rio,rio,Https,2129,12
rio,rio,Https,2171,12
rio,rio,Https,2214,26
rio,rio,Https,2257,19
rio,rio,Https,2300,30
rio,rio,Https,2343,26
rio,rio,Https,2386,25
rio,rio,Https,2429,18
rio,rio,Https,2471,15
rio,rio,Https,2514,29
rio,rio,Https,2557,22
rio,rio,Https,2600,39
rio,rio,Https,2643,32
rio,rio,Https,2686,25
rio,rio,Https,2729,21
rio,rio,Https,2771,15
rio,rio,Https,2814,14
rio,rio,Https,2857,28
rio,rio,Https,2900,24
rio,rio,Https,2943,20
rio,rio,Https,2986,19
rio,rio,Https,3029,21
rio,rio,Https,3071,21
rio,rio,Https,3114,26
rio,rio,Https,3157,25
rio,rio,Https,3200,24
rio,rio,Https,3243,26
rio,rio,Https,3286,31
rio,rio,Https,3329,30
rio,rio,Https,3371,33
rio,rio,Https,3414,35
rio,rio,Https,3457,34
rio,rio,Https,3500,36
rio,rio,Https,3543,38
rio,rio,Https,3586,13
rio,rio,Https,3629,18
rio,rio,Https,3671,18
rio,rio,Https,3714,20
rio,rio,Https,3757,22
rio,rio,Https,3800,21
rio,rio,Https,3843,23
rio,rio,Https,3886,25
rio,rio,Https,3929,24
rio,rio,Https,3971,24
rio,rio,Https,4014,26
rio,rio,Https,4057,25
rio,rio,Https,4100,30
rio,rio,Https,4143,20
rio,rio,Https,4186,15
rio,rio,Https,4229,31
rio,rio,Https,4271,24
rio,rio,Https,4314,19
rio,rio,Https,4357,15
rio,rio,Https,4400,29
rio,rio,Https,4443,22
rio,rio,Https,4486,17
rio,rio,Https,4529,29
rio,rio,Https,4571,25
rio,rio,Https,4614,19
rio,rio,Https,4657,15
rio,rio,Https,4700,25
rio,rio,Https,4743,19
rio,rio,Https,4786,14
rio,rio,Https,4829,26
rio,rio,Https,4871,16
rio,rio,Https,4914,22
rio,rio,Https,4957,27
rio,rio,Https,5000,32
rio,rio,Https,5043,22
rio,rio,Https,5086,26
rio,rio,Https,5129,14
rio,rio,Https,5171,13
rio,rio,Https,5214,16
rio,rio,Https,5257,18
rio,rio,Https,5300,29
rio,rio,Https,5343,13
rio,rio,Https,5386,17
rio,rio,Https,5429,23
rio,rio,Https,5471,28
rio,rio,Https,5514,25
rio,rio,Https,5557,18
rio,rio,Https,5600,21
rio,rio,Https,5643,19
rio,rio,Https,5686,17
rio,rio,Https,5729,17
rio,rio,Https,5771,19
rio,rio,Https,5814,19
rio,rio,Https,5857,18
rio,rio,Https,5900,21
rio,rio,Https,5943,19
rio,rio,Https,5986,17
rio,rio,Https,6029,17
rio,rio,Https,6071,19
rio,rio,Https,6114,19
rio,rio,Https,6157,18
rio,rio,Https,6200,21
rio,rio,Https,6243,19
rio,rio,Https,6286,17
rio,rio,Https,6329,17
rio,rio,Https,6371,19
rio,rio,Https,6414,19
rio,rio,Https,6457,18
rio,rio,Https,6500,21
rio,rio,Https,6543,19
rio,rio,Https,6586,17
rio,rio,Https,6629,17
rio,rio,Https,6671,19
rio,rio,Https,6714,19
rio,rio,Https,6757,18
rio,rio,Https,6800,21
rio,rio,Https,6843,19
rio,rio,Https,6886,17
rio,rio,Https,6929,17
rio,rio,Https,6971,19
rio,rio,Https,7014,19
rio,rio,Https,7057,18
rio,rio,Https,7100,21
rio,rio,Https,7143,19
rio,rio,Https,7186,17
rio,rio,Https,7229,17
rio,rio,Https,7271,19
rio,rio,Https,7314,19
rio,rio,Https,7357,18
rio,rio,Https,7400,21
rio,rio,Https,7443,19
rio,rio,Https,7486,17
rio,rio,Https,7529,17
rio,rio,Https,7571,19
rio,rio,Https,7614,19
rio,rio,Https,7657,18
rio,rio,Https,7700,21
rio,rio,Https,7743,19
rio,rio,Https,7786,17
rio,rio,Https,7829,17
rio,rio,Https,7871,19
rio,rio,Https,7914,19
rio,rio,Https,7957,18
rio,rio,Https,8000,21
rio,rio,Https,8043,19
rio,rio,Https,8086,17
rio,rio,Https,8129,17
rio,rio,Https,8171,19
rio,rio,Https,8214,19
rio,rio,Https,8257,18
rio,rio,Https,8300,21
rio,rio,Https,8343,19
rio,rio,Https,8386,17
rio,rio,Https,8429,17
rio,rio,Https,8471,19
rio,rio,Https,8514,19
rio,rio,Https,8557,18
rio,rio,Https,8600,21
rio,rio,Https,8643,19
rio,rio,Https,8686,17
rio,rio,Https,8729,17
rio,rio,Https,8771,19
rio,rio,Https,8814,19
rio,rio,Https,8857,18
rio,rio,Https,8900,21
rio,rio,Https,8943,19
rio,rio,Https,8986,17
rio,rio,Https,9029,17
rio,rio,Https,9071,19
rio,rio,Https,9114,19
rio,rio,Https,9157,18
rio,rio,Https,9200,21
rio,rio,Https,9243,19
rio,rio,Https,9286,17
rio,rio,Https,9329,17
rio,rio,Https,9371,19
rio,rio,Https,9414,19
rio,rio,Https,9457,18
rio,rio,Https,9500,21
rio,rio,Https,9543,19
rio,rio,Https,9586,17
rio,rio,Https,9629,17
rio,rio,Https,9671,19
rio,rio,Https,9714,19
rio,rio,Https,9757,18
rio,rio,Https,9800,21
rio,rio,Https,9843,19
rio,rio,Https,9886,17
rio,rio,Https,9929,17
rio,rio,Https,9971,19
rio,rio,Https,10014,19
rio,rio,Https,10057,18
rio,rio,Https,10100,25
rio,rio,Https,10143,22
rio,rio,Https,10186,17
rio,rio,Https,10229,20
rio,rio,Https,10271,12
rio,rio,Https,10314,25
rio,rio,Https,10357,19
rio,rio,Https,10400,34
rio,rio,Https,10443,24
rio,rio,Https,10486,14
rio,rio,Https,10529,20
rio,rio,Https,10571,12
rio,rio,Https,10614,25
rio,rio,Https,10657,19
rio,rio,Https,10700,34
rio,rio,Https,10743,24
rio,rio,Https,10786,14
rio,rio,Https,10829,20
rio,rio,Https,10871,12
rio,rio,Https,10914,25
rio,rio,Https,10957,19
rio,rio,Https,11000,34
rio,rio,Https,11043,24
rio,rio,Https,11086,14
rio,rio,Https,11129,20
rio,rio,Https,11171,12
rio,rio,Https,11214,25
rio,rio,Https,11257,19
rio,rio,Https,11300,34
rio,rio,Https,11343,24
rio,rio,Https,11386,14
rio,rio,Https,11429,20
rio,rio,Https,11471,12
rio,rio,Https,11514,25
rio,rio,Https,11557,19
rio,rio,Https,11600,34
rio,rio,Https,11643,24
rio,rio,Https,11686,14
rio,rio,Https,11729,20
rio,rio,Https,11771,12
rio,rio,Https,11814,25
rio,rio,Https,11857,19
rio,rio,Https,11900,34
rio,rio,Https,11943,24
rio,rio,Https,11986,14
rio,rio,Https,12029,20
rio,rio,Https,12071,12
rio,rio,Https,12114,25
rio,rio,Https,12157,19
rio,rio,Https,12200,34
rio,rio,Https,12243,24
rio,rio,Https,12286,14
rio,rio,Https,12329,20
rio,rio,Https,12371,12
rio,rio,Https,12414,25
rio,rio,Https,12457,19
rio,rio,Https,12500,34
rio,rio,Https,12543,24
rio,rio,Https,12586,14
rio,rio,Https,12629,20
rio,rio,Https,12671,12
rio,rio,Https,12714,25
rio,rio,Https,12757,19
rio,rio,Https,12800,34
rio,rio,Https,12843,24
rio,rio,Https,12886,14
rio,rio,Https,12929,20
rio,rio,Https,12971,12
rio,rio,Https,13014,25
rio,rio,Https,13057,19
rio,rio,Https,13100,34
rio,rio,Https,13143,24
rio,rio,Https,13186,14
rio,rio,Https,13229,20
rio,rio,Https,13271,12
rio,rio,Https,13314,25
rio,rio,Https,13357,19
rio,rio,Https,13400,34
rio,rio,Https,13443,24
rio,rio,Https,13486,14
rio,rio,Https,13529,20
rio,rio,Https,13571,12
rio,rio,Https,13614,25
rio,rio,Https,13657,19
rio,rio,Https,13700,34
rio,rio,Https,13743,24
rio,rio,Https,13786,14
rio,rio,Https,13829,20
rio,rio,Https,13871,12
rio,rio,Https,13914,25
rio,rio,Https,13957,19
rio,rio,Https,14000,34
rio,rio,Https,14043,24
rio,rio,Https,14086,14
rio,rio,Https,14129,20
rio,rio,Https,14171,12
rio,rio,Https,14214,25
rio,rio,Https,14257,19
rio,rio,Https,14300,34
rio,rio,Https,14343,24
rio,rio,Https,14386,14
rio,rio,Https,14429,20
rio,rio,Https,14471,12
rio,rio,Https,14514,25
rio,rio,Https,14557,19
rio,rio,Https,14600,34
rio,rio,Https,14643,24
rio,rio,Https,14686,14
rio,rio,Https,14729,20
rio,rio,Https,14771,12
rio,rio,Https,14814,25
rio,rio,Https,14857,19
rio,rio,Https,14900,34
rio,rio,Https,14943,24
rio,rio,Https,14986,14
rio,rio,Https,15029,20
rio,rio,Https,15071,12
rio,rio,Https,15114,25
rio,rio,Https,15157,19
rio,rio,Https,15200,34
rio,rio,Https,15243,24
rio,rio,Https,15286,14
rio,rio,Https,15329,20
rio,rio,Https,15371,12
rio,rio,Https,15414,25
rio,rio,Https,15457,19
rio,rio,Https,15500,34
rio,rio,Https,15543,24
rio,rio,Https,15586,14
rio,rio,Https,15629,20
rio,rio,Https,15671,12
rio,rio,Https,15714,25
rio,rio,Https,15757,19
rio,rio,Https,15800,34
rio,rio,Https,15843,24
rio,rio,Https,15886,14
rio,rio,Https,15929,20
rio,rio,Https,15971,12
rio,rio,Https,16014,25
rio,rio,Https,16057,19
rio,rio,Https,16100,34
rio,rio,Https,16143,24
rio,rio,Https,16186,14
rio,rio,Https,16229,20
rio,rio,Https,16271,12
rio,rio,Https,16314,25
rio,rio,Https,16357,19
rio,rio,Https,16400,34
rio,rio,Https,16443,24
rio,rio,Https,16486,14
rio,rio,Https,16529,20
rio,rio,Https,16571,12
rio,rio,Https,16614,25
rio,rio,Https,16657,19
rio,rio,Https,16700,34
rio,rio,Https,16743,24
rio,rio,Https,16786,14
rio,rio,Https,16829,20
rio,rio,Https,16871,12
rio,rio,Https,16914,25
rio,rio,Https,16957,19
rio,rio,Https,17000,34
rio,rio,Https,17043,24
rio,rio,Https,17086,14
rio,rio,Https,17129,20
rio,rio,Https,17171,12
rio,rio,Https,17214,25
rio,rio,Https,17257,19
rio,rio,Https,17300,34
rio,rio,Https,17343,24
rio,rio,Https,17386,14
rio,rio,Https,17429,20
rio,rio,Https,17471,12
rio,rio,Https,17514,25
rio,rio,Https,17557,19
rio,rio,Https,17600,34
rio,rio,Https,17643,24
rio,rio,Https,17686,14
rio,rio,Https,17729,20
rio,rio,Https,17771,12
rio,rio,Https,17814,25
rio,rio,Https,17857,19
rio,rio,Https,17900,34
rio,rio,Https,17943,24
rio,rio,Https,17986,14
rio,rio,Https,18029,20
rio,rio,Https,18071,12
rio,rio,Https,18114,25
rio,rio,Https,18157,19
rio,rio,Https,18200,34
rio,rio,Https,18243,24
rio,rio,Https,18286,14
rio,rio,Https,18329,20
rio,rio,Https,18371,12
rio,rio,Https,18414,25
rio,rio,Https,18457,19
rio,rio,Https,18500,34
rio,rio,Https,18543,24
rio,rio,Https,18586,14
rio,rio,Https,18629,20
rio,rio,Https,18671,12
rio,rio,Https,18714,25
rio,rio,Https,18757,19
rio,rio,Https,18800,34
rio,rio,Https,18843,24
rio,rio,Https,18886,14
rio,rio,Https,18929,20
rio,rio,Https,18971,12
rio,rio,Https,19014,25
rio,rio,Https,19057,19
rio,rio,Https,19100,34
rio,rio,Https,19143,24
rio,rio,Https,19186,14
rio,rio,Https,19229,20
rio,rio,Https,19271,12
rio,rio,Https,19314,25
rio,rio,Https,19357,19
rio,rio,Https,19400,34
rio,rio,Https,19443,24
rio,rio,Https,19486,14
rio,rio,Https,19529,20
rio,rio,Https,19571,12
rio,rio,Https,19614,25
rio,rio,Https,19657,19
rio,rio,Https,19700,34
rio,rio,Https,19743,24
rio,rio,Https,19786,14
rio,rio,Https,19829,20
rio,rio,Https,19871,12
rio,rio,Https,19914,25
rio,rio,Https,19957,19
rio,rio,Https,20000,34
rio,rio,Https,20043,24
rio,rio,Https,20086,14
rio,rio,Https,20129,20
rio,rio,Https,20171,12
rio,rio,Https,20214,25
rio,rio,Https,20257,19
rio,rio,Https,20300,34
rio,rio,Https,20343,24
rio,rio,Https,20386,14
rio,rio,Https,20429,20
rio,rio,Https,20471,12
rio,rio,Https,20514,25
rio,rio,Https,20557,19
rio,rio,Https,20600,34
rio,rio,Https,20643,24
rio,rio,Https,20686,14
rio,rio,Https,20729,20
rio,rio,Https,20771,12
rio,rio,Https,20814,25
rio,rio,Https,20857,19
rio,rio,Https,20900,34
rio,rio,Https,20943,24
rio,rio,Https,20986,14
rio,rio,Https,21029,20
rio,rio,Https,21071,12
rio,rio,Https,21114,25
rio,rio,Https,21157,19
rio,rio,Https,21200,34
rio,rio,Https,21243,24
rio,rio,Https,21286,14
rio,rio,Https,21329,20
rio,rio,Https,21371,12
rio,rio,Https,21414,25
rio,rio,Https,21457,19
rio,rio,Https,21500,34
rio,rio,Https,21543,24
rio,rio,Https,21586,14
rio,rio,Https,21629,20
rio,rio,Https,21671,12
rio,rio,Https,21714,25
rio,rio,Https,21757,19
rio,rio,Https,21800,34
rio,rio,Https,21843,24
rio,rio,Https,21886,14
rio,rio,Https,21929,20
rio,rio,Https,21971,12
rio,rio,Https,22014,25
rio,rio,Https,22057,19
rio,rio,Https,22100,34
rio,rio,Https,22143,24
rio,rio,Https,22186,14
rio,rio,Https,22229,20
rio,rio,Https,22271,12
rio,rio,Https,22314,25
rio,rio,Https,22357,19
rio,rio,Https,22400,34
rio,rio,Https,22443,24
rio,rio,Https,22486,14
rio,rio,Https,22529,20
rio,rio,Https,22571,12
rio,rio,Https,22614,25
rio,rio,Https,22657,19
rio,rio,Https,22700,34
rio,rio,Https,22743,24
rio,rio,Https,22786,14
rio,rio,Https,22829,20
rio,rio,Https,22871,12
rio,rio,Https,22914,25
rio,rio,Https,22957,19
rio,rio,Https,23000,34
rio,rio,Https,23043,24
rio,rio,Https,23086,14
rio,rio,Https,23129,20
rio,rio,Https,23171,12
rio,rio,Https,23214,25
rio,rio,Https,23257,19
rio,rio,Https,23300,34
rio,rio,Https,23343,24
rio,rio,Https,23386,14
rio,rio,Https,23429,20
rio,rio,Https,23471,12
rio,rio,Https,23514,25
rio,rio,Https,23557,19
rio,rio,Https,23600,34
rio,rio,Https,23643,24
rio,rio,Https,23686,14
rio,rio,Https,23729,20
rio,rio,Https,23771,12
rio,rio,Https,23814,25
rio,rio,Https,23857,19
rio,rio,Https,23900,34
rio,rio,Https,23943,24
rio,rio,Https,23986,14
rio,rio,Https,24029,20
rio,rio,Https,24071,12
rio,rio,Https,24114,25
rio,rio,Https,24157,19
rio,rio,Https,24200,34
rio,rio,Https,24243,24
rio,rio,Https,24286,14
rio,rio,Https,24329,20
rio,rio,Https,24371,12
rio,rio,Https,24414,25
rio,rio,Https,24457,19
rio,rio,Https,24500,34
rio,rio,Https,24543,24
rio,rio,Https,24586,14
rio,rio,Https,24629,20
rio,rio,Https,24671,12
rio,rio,Https,24714,25
rio,rio,Https,24757,19
rio,rio,Https,24800,34
rio,rio,Https,24843,24
rio,rio,Https,24886,14
rio,rio,Https,24929,20
rio,rio,Https,24971,12
rio,rio,Https,25014,25
rio,rio,Https,25057,19
rio,rio,Https,25100,34
rio,rio,Https,25143,24
rio,rio,Https,25186,14
rio,rio,Https,25229,20
rio,rio,Https,25271,12
rio,rio,Https,25314,25
rio,rio,Https,25357,19
rio,rio,Https,25400,34
rio,rio,Https,25443,24
rio,rio,Https,25486,14
rio,rio,Https,25529,20
rio,rio,Https,25571,12
rio,rio,Https,25614,25
rio,rio,Https,25657,19
rio,rio,Https,25700,34
rio,rio,Https,25743,24
rio,rio,Https,25786,14
rio,rio,Https,25829,20
rio,rio,Https,25871,12
rio,rio,Https,25914,25
rio,rio,Https,25957,19
rio,rio,Https,26000,34
rio,rio,Https,26043,24
rio,rio,Https,26086,14
rio,rio,Https,26129,20
rio,rio,Https,26171,12
rio,rio,Https,26214,25
rio,rio,Https,26257,19
rio,rio,Https,26300,34
rio,rio,Https,26343,24
rio,rio,Https,26386,14
rio,rio,Https,26429,20
rio,rio,Https,26471,12
rio,rio,Https,26514,25
rio,rio,Https,26557,19
rio,rio,Https,26600,34
rio,rio,Https,26643,24
rio,rio,Https,26686,14
rio,rio,Https,26729,20
rio,rio,Https,26771,12
rio,rio,Https,26814,25
rio,rio,Https,26857,19
rio,rio,Https,26900,34
rio,rio,Https,26943,24
rio,rio,Https,26986,14
rio,rio,Https,27029,20
rio,rio,Https,27071,12
rio,rio,Https,27114,25
rio,rio,Https,27157,19
rio,rio,Https,27200,34
rio,rio,Https,27243,24
rio,rio,Https,27286,14
rio,rio,Https,27329,20
rio,rio,Https,27371,12
rio,rio,Https,27414,25
rio,rio,Https,27457,19
rio,rio,Https,27500,34
rio,rio,Https,27543,24
rio,rio,Https,27586,14
rio,rio,Https,27629,20
rio,rio,Https,27671,12
rio,rio,Https,27714,25
rio,rio,Https,27757,19
rio,rio,Https,27800,34
rio,rio,Https,27843,24
rio,rio,Https,27886,14
rio,rio,Https,27929,20
rio,rio,Https,27971,12
rio,rio,Https,28014,25
rio,rio,Https,28057,19
rio,rio,Https,28100,34
rio,rio,Https,28143,24
rio,rio,Https,28186,14
rio,rio,Https,28229,20
rio,rio,Https,28271,12
rio,rio,Https,28314,25
rio,rio,Https,28357,19
rio,rio,Https,28400,34
rio,rio,Https,28443,24
rio,rio,Https,28486,14
rio,rio,Https,28529,20
rio,rio,Https,28571,12
rio,rio,Https,28614,25
rio,rio,Https,28657,19
rio,rio,Https,28700,34
rio,rio,Https,28743,24
rio,rio,Https,28786,14
rio,rio,Https,28829,20
rio,rio,Https,28871,12
rio,rio,Https,28914,25
rio,rio,Https,28957,19
rio,rio,Https,29000,34
rio,rio,Https,29043,24
rio,rio,Https,29086,14
rio,rio,Https,29129,20
rio,rio,Https,29171,12
rio,rio,Https,29214,25
rio,rio,Https,29257,19
rio,rio,Https,29300,34
rio,rio,Https,29343,24
rio,rio,Https,29386,14
rio,rio,Https,29429,20
rio,rio,Https,29471,12
rio,rio,Https,29514,25
rio,rio,Https,29557,19
rio,rio,Https,29600,34
rio,rio,Https,29643,24
rio,rio,Https,29686,14
rio,rio,Https,29729,20
rio,rio,Https,29771,12
rio,rio,Https,29814,25
rio,rio,Https,29857,19
rio,rio,Https,29900,34
rio,rio,Https,29943,24
rio,rio,Https,29986,14
rio,rio,Https,30029,20
rio,rio,Https,30071,12
rio,rio,Https,30114,25
rio,rio,Https,30157,19
rio,rio,Https,30200,34
rio,rio,Https,30243,24
rio,rio,Https,30286,14
rio,rio,Https,30329,20
rio,rio,Https,30371,12
rio,rio,Https,30414,25
rio,rio,Https,30457,19
rio,rio,Https,30500,34
rio,rio,Https,30543,24
rio,rio,Https,30586,14
rio,rio,Https,30629,20
rio,rio,Https,30671,12
rio,rio,Https,30714,25
rio,rio,Https,30757,19
rio,rio,Https,30800,34
rio,rio,Https,30843,24
rio,rio,Https,30886,14
rio,rio,Https,30929,20
rio,rio,Https,30971,12
rio,rio,Https,31014,25
rio,rio,Https,31057,19
rio,rio,Https,31100,34
rio,rio,Https,31143,24
rio,rio,Https,31186,14
rio,rio,Https,31229,20
rio,rio,Https,31271,12
rio,rio,Https,31314,25
rio,rio,Https,31357,19
rio,rio,Https,31400,34
rio,rio,Https,31443,24
rio,rio,Https,31486,14
rio,rio,Https,31529,20
rio,rio,Https,31571,12
rio,rio,Https,31614,25
rio,rio,Https,31657,19
rio,rio,Https,31700,34
rio,rio,Https,31743,24
rio,rio,Https,31786,14
rio,rio,Https,31829,20
rio,rio,Https,31871,12
rio,rio,Https,31914,25
rio,rio,Https,31957,19
rio,rio,Https,32000,34
rio,rio,Https,32043,24
rio,rio,Https,32086,14
rio,rio,Https,32129,20
rio,rio,Https,32171,12
rio,rio,Https,32214,25
rio,rio,Https,32257,19
rio,rio,Https,32300,34
rio,rio,Https,32343,24
rio,rio,Https,32386,14
rio,rio,Https,32429,20
rio,rio,Https,32471,12
rio,rio,Https,32514,25
rio,rio,Https,32557,19
rio,rio,Https,32600,34
rio,rio,Https,32643,24
rio,rio,Https,32686,14
rio,rio,Https,32729,20
rio,rio,Https,32771,12
rio,rio,Https,32814,25
rio,rio,Https,32857,19
rio,rio,Https,32900,34
rio,rio,Https,32943,24
rio,rio,Https,32986,14
rio,rio,Https,33029,20
rio,rio,Https,33071,12
rio,rio,Https,33114,25
rio,rio,Https,33157,19
rio,rio,Https,33200,34
rio,rio,Https,33243,24
rio,rio,Https,33286,14
rio,rio,Https,33329,20
rio,rio,Https,33371,12
rio,rio,Https,33414,25
rio,rio,Https,33457,19
rio,rio,Https,33500,34
rio,rio,Https,33543,24
rio,rio,Https,33586,14
rio,rio,Https,33629,20
rio,rio,Https,33671,12
rio,rio,Https,33714,25
rio,rio,Https,33757,19
rio,rio,Https,33800,34
rio,rio,Https,33843,24
rio,rio,Https,33886,14
rio,rio,Https,33929,20
rio,rio,Https,33971,12
prefill,control,Gmail,0,31
prefill,control,Gmail,25,42
prefill,control,Gmail,50,47
prefill,control,Gmail,75,54
prefill,control,Gmail,100,65
prefill,control,Gmail,125,69
prefill,control,Gmail,150,64
prefill,control,Gmail,175,73
prefill,control,Gmail,200,80
prefill,control,Gmail,225,90
prefill,control,Gmail,250,76
prefill,control,Gmail,275,87
prefill,control,Gmail,300,92
prefill,control,Gmail,325,100
prefill,control,Gmail,350,110
prefill,control,Gmail,375,102
prefill,control,Gmail,400,112
prefill,control,Gmail,425,113
prefill,control,Gmail,450,124
prefill,control,Gmail,475,134
prefill,control,Gmail,500,118
prefill,control,Gmail,525,131
prefill,control,Gmail,550,136
prefill,control,Gmail,575,130
prefill,control,Gmail,600,137
prefill,control,Gmail,625,145
prefill,control,Gmail,650,156
prefill,control,Gmail,675,160
prefill,control,Gmail,700,151
prefill,control,Gmail,725,155
prefill,control,Gmail,750,162
prefill,control,Gmail,775,157
prefill,control,Gmail,800,165
prefill,control,Gmail,825,177
prefill,control,Gmail,850,178
prefill,control,Gmail,875,188
prefill,control,Gmail,900,198
prefill,control,Gmail,925,204
prefill,control,Gmail,950,195
prefill,control,Gmail,975,199
prefill,control,Gmail,1000,206
prefill,control,Gmail,1025,201
prefill,control,Gmail,1050,209
prefill,control,Gmail,1075,221
prefill,control,Gmail,1100,225
prefill,control,Gmail,1125,229
prefill,control,Gmail,1150,220
prefill,control,Gmail,1175,227
prefill,control,Gmail,1200,238
prefill,control,Gmail,1225,242
prefill,control,Gmail,1250,240
prefill,control,Gmail,1275,240
prefill,control,Gmail,1300,235
prefill,control,Gmail,1325,240
prefill,control,Gmail,1350,249
prefill,control,Gmail,1375,259
prefill,control,Gmail,1400,263
prefill,control,Gmail,1425,270
prefill,control,Gmail,1450,265
prefill,control,Gmail,1475,273
prefill,control,Gmail,1500,283
prefill,control,Gmail,1525,287
prefill,control,Gmail,1550,279
prefill,control,Gmail,1575,284
prefill,control,Gmail,1600,292
prefill,control,Gmail,1625,303
prefill,control,Gmail,1650,307
prefill,control,Gmail,1675,305
prefill,control,Gmail,1700,306
prefill,control,Gmail,1725,316
prefill,control,Gmail,1750,324
prefill,control,Gmail,1775,326
prefill,control,Gmail,1800,316
prefill,control,Gmail,1825,319
prefill,control,Gmail,1850,312
prefill,control,Gmail,1875,300
prefill,control,Gmail,1900,308
prefill,control,Gmail,1925,296
prefill,control,Gmail,1950,307
prefill,control,Gmail,1975,291
prefill,control,Gmail,2000,300
prefill,control,Gmail,2033,282
prefill,control,Gmail,2067,280
prefill,control,Gmail,2100,262
prefill,control,Gmail,2133,262
prefill,control,Gmail,2167,237
prefill,control,Gmail,2200,223
prefill,control,Gmail,2233,217
prefill,control,Gmail,2267,198
prefill,control,Gmail,2300,196
prefill,control,Gmail,2333,181
prefill,control,Gmail,2367,178
prefill,control,Gmail,2400,157
prefill,control,Gmail,2433,143
prefill,control,Gmail,2467,136
prefill,control,Gmail,2500,126
prefill,control,Gmail,2533,120
prefill,control,Gmail,2567,101
prefill,control,Gmail,2600,95
prefill,control,Gmail,2633,83
prefill,control,Gmail,2667,77
prefill,control,Gmail,2700,59
prefill,control,Gmail,2733,42
prefill,control,Gmail,2767,38
prefill,control,Gmail,2800,30
prefill,control,Gmail,2833,27
prefill,control,Gmail,2867,33
prefill,control,Gmail,2900,32
prefill,control,Gmail,2933,32
prefill,control,Gmail,2967,28
prefill,control,Gmail,3000,29
prefill,control,Gmail,3033,26
prefill,control,Gmail,3067,29
prefill,control,Gmail,3100,27
prefill,control,Gmail,3133,24
prefill,control,Gmail,3167,27
prefill,control,Gmail,3200,29
prefill,control,Gmail,3233,29
prefill,control,Gmail,3267,28
prefill,control,Gmail,3300,29
prefill,control,Gmail,3333,23
prefill,control,Gmail,3367,26
prefill,control,Gmail,3400,27
prefill,control,Gmail,3433,24
prefill,control,Gmail,3467,27
prefill,control,Gmail,3500,22
prefill,control,Gmail,3533,17
prefill,control,Gmail,3567,19
prefill,control,Gmail,3600,23
prefill,control,Gmail,3633,20
prefill,control,Gmail,3667,23
prefill,control,Gmail,3700,24
prefill,control,Gmail,3733,24
prefill,control,Gmail,3767,24
prefill,control,Gmail,3800,22
prefill,control,Gmail,3833,17
prefill,control,Gmail,3867,22
prefill,control,Gmail,3900,23
prefill,control,Gmail,3933,23
prefill,control,Gmail,3967,23
prefill,control,Gmail,4000,24
prefill,control,Gmail,4033,24
prefill,control,Gmail,4067,24
prefill,control,Gmail,4100,29
prefill,control,Gmail,4133,17
prefill,control,Gmail,4167,16
prefill,control,Gmail,4200,20
prefill,control,Gmail,4233,17
prefill,control,Gmail,4267,17
prefill,control,Gmail,4300,21
prefill,control,Gmail,4333,21
prefill,control,Gmail,4367,21
prefill,control,Gmail,4400,29
prefill,control,Gmail,4433,17
prefill,control,Gmail,4467,16
prefill,control,Gmail,4500,20
prefill,control,Gmail,4533,17
prefill,control,Gmail,4567,17
prefill,control,Gmail,4600,21
prefill,control,Gmail,4633,21
prefill,control,Gmail,4667,21
prefill,control,Gmail,4700,29
prefill,control,Gmail,4733,17
prefill,control,Gmail,4767,16
prefill,control,Gmail,4800,20
prefill,control,Gmail,4833,17
prefill,control,Gmail,4867,17
prefill,control,Gmail,4900,21
prefill,control,Gmail,4933,21
prefill,control,Gmail,4967,21
prefill,control,Gmail,5000,28
prefill,control,Gmail,5033,24
prefill,control,Gmail,5067,24
prefill,control,Gmail,5100,28
prefill,control,Gmail,5133,25
prefill,control,Gmail,5167,25
prefill,control,Gmail,5200,29
prefill,control,Gmail,5233,26
prefill,control,Gmail,5267,26
prefill,control,Gmail,5300,27
prefill,control,Gmail,5333,26
prefill,control,Gmail,5367,25
prefill,control,Gmail,5400,29
prefill,control,Gmail,5433,24
prefill,control,Gmail,5467,25
prefill,control,Gmail,5500,29
prefill,control,Gmail,5533,26
prefill,control,Gmail,5567,26
prefill,control,Gmail,5600,27
prefill,control,Gmail,5633,26
prefill,control,Gmail,5667,25
prefill,control,Gmail,5700,29
prefill,control,Gmail,5733,24
prefill,control,Gmail,5767,25
prefill,control,Gmail,5800,29
prefill,control,Gmail,5833,26
prefill,control,Gmail,5867,26
prefill,control,Gmail,5900,27
prefill,control,Gmail,5933,26
prefill,control,Gmail,5967,25
prefill,control,Gmail,6000,29
prefill,control,Gmail,6033,24
prefill,control,Gmail,6067,25
prefill,control,Gmail,6100,29
prefill,control,Gmail,6133,26
prefill,control,Gmail,6167,26
prefill,control,Gmail,6200,27
prefill,control,Gmail,6233,26
prefill,control,Gmail,6267,25
prefill,control,Gmail,6300,29
prefill,control,Gmail,6333,24
prefill,control,Gmail,6367,25
prefill,control,Gmail,6400,29
prefill,control,Gmail,6433,26
prefill,control,Gmail,6467,26
prefill,control,Gmail,6500,27
prefill,control,Gmail,6533,26
prefill,control,Gmail,6567,25
prefill,control,Gmail,6600,29
prefill,control,Gmail,6633,24
prefill,control,Gmail,6667,25
prefill,control,Gmail,6700,29
prefill,control,Gmail,6733,26
prefill,control,Gmail,6767,26
prefill,control,Gmail,6800,27
prefill,control,Gmail,6833,26
prefill,control,Gmail,6867,25
prefill,control,Gmail,6900,29
prefill,control,Gmail,6933,24
prefill,control,Gmail,6967,25
prefill,control,Gmail,7000,29
prefill,control,Gmail,7033,26
prefill,control,Gmail,7067,26
prefill,control,Gmail,7100,27
prefill,control,Gmail,7133,26
prefill,control,Gmail,7167,25
prefill,control,Gmail,7200,29
prefill,control,Gmail,7233,24
prefill,control,Gmail,7267,25
prefill,control,Gmail,7300,29
prefill,control,Gmail,7333,26
prefill,control,Gmail,7367,26
prefill,control,Gmail,7400,27
prefill,control,Gmail,7433,26
prefill,control,Gmail,7467,25
prefill,control,Gmail,7500,29
prefill,control,Gmail,7533,24
prefill,control,Gmail,7567,25
prefill,control,Gmail,7600,29
prefill,control,Gmail,7633,26
prefill,control,Gmail,7667,26
prefill,control,Gmail,7700,27
prefill,control,Gmail,7733,26
prefill,control,Gmail,7767,25
prefill,control,Gmail,7800,29
prefill,control,Gmail,7833,24
prefill,control,Gmail,7867,25
prefill,control,Gmail,7900,29
prefill,control,Gmail,7933,26
prefill,control,Gmail,7967,26
prefill,control,Gmail,8000,27
prefill,control,Gmail,8033,26
prefill,control,Gmail,8067,25
prefill,control,Gmail,8100,29
prefill,control,Gmail,8133,24
prefill,control,Gmail,8167,25
prefill,control,Gmail,8200,29
prefill,control,Gmail,8233,26
prefill,control,Gmail,8267,26
prefill,control,Gmail,8300,27
prefill,control,Gmail,8333,26
prefill,control,Gmail,8367,25
prefill,control,Gmail,8400,29
prefill,control,Gmail,8433,24
prefill,control,Gmail,8467,25
prefill,control,Gmail,8500,29
prefill,control,Gmail,8533,26
prefill,control,Gmail,8567,26
prefill,control,Gmail,8600,27
prefill,control,Gmail,8633,26
prefill,control,Gmail,8667,25
prefill,control,Gmail,8700,29
prefill,control,Gmail,8733,24
prefill,control,Gmail,8767,25
prefill,control,Gmail,8800,29
prefill,control,Gmail,8833,26
prefill,control,Gmail,8867,26
prefill,control,Gmail,8900,27
prefill,control,Gmail,8933,26
prefill,control,Gmail,8967,25
prefill,control,Gmail,9000,29
prefill,control,Gmail,9033,24
prefill,control,Gmail,9067,25
prefill,control,Gmail,9100,29
prefill,control,Gmail,9133,26
prefill,control,Gmail,9167,26
prefill,control,Gmail,9200,27
prefill,control,Gmail,9233,26
prefill,control,Gmail,9267,25
prefill,control,Gmail,9300,29
prefill,control,Gmail,9333,24
prefill,control,Gmail,9367,25
prefill,control,Gmail,9400,29
prefill,control,Gmail,9433,26
prefill,control,Gmail,9467,26
prefill,control,Gmail,9500,27
prefill,control,Gmail,9533,26
prefill,control,Gmail,9567,25
prefill,control,Gmail,9600,29
prefill,control,Gmail,9633,24
prefill,control,Gmail,9667,25
prefill,control,Gmail,9700,29
prefill,control,Gmail,9733,26
prefill,control,Gmail,9767,26
prefill,control,Gmail,9800,27
prefill,control,Gmail,9833,26
prefill,control,Gmail,9867,25
prefill,control,Gmail,9900,29
prefill,control,Gmail,9933,24
prefill,control,Gmail,9967,25
prefill,control,Gmail,10000,29
prefill,control,Gmail,10033,26
prefill,control,Gmail,10067,26
prefill,control,Gmail,10100,27
prefill,control,Gmail,10133,26
prefill,control,Gmail,10167,25
prefill,control,Gmail,10200,29
prefill,control,Gmail,10233,24
prefill,control,Gmail,10267,25
prefill,control,Gmail,10300,29
prefill,control,Gmail,10333,26
prefill,control,Gmail,10367,26
prefill,control,Gmail,10400,27
prefill,control,Gmail,10433,26
prefill,control,Gmail,10467,25
prefill,control,Gmail,10500,29
prefill,control,Gmail,10533,24
prefill,control,Gmail,10567,25
prefill,control,Gmail,10600,29
prefill,control,Gmail,10633,26
prefill,control,Gmail,10667,26
prefill,control,Gmail,10700,27
prefill,control,Gmail,10733,26
prefill,control,Gmail,10767,25
prefill,control,Gmail,10800,29
prefill,control,Gmail,10833,24
prefill,control,Gmail,10867,25
prefill,control,Gmail,10900,29
prefill,control,Gmail,10933,26
prefill,control,Gmail,10967,26
prefill,control,Gmail,11000,27
prefill,control,Gmail,11033,26
prefill,control,Gmail,11067,25
prefill,control,Gmail,11100,29
prefill,control,Gmail,11133,24
prefill,control,Gmail,11167,25
prefill,control,Gmail,11200,29
prefill,control,Gmail,11233,26
prefill,control,Gmail,11267,26
prefill,control,Gmail,11300,27
prefill,control,Gmail,11333,26
prefill,control,Gmail,11367,25
prefill,control,Gmail,11400,29
prefill,control,Gmail,11433,24
prefill,control,Gmail,11467,25
prefill,control,Gmail,11500,29
prefill,control,Gmail,11533,26
prefill,control,Gmail,11567,26
prefill,control,Gmail,11600,27
prefill,control,Gmail,11633,26
prefill,control,Gmail,11667,25
prefill,control,Gmail,11700,29
prefill,control,Gmail,11733,24
prefill,control,Gmail,11767,25
prefill,control,Gmail,11800,29
prefill,control,Gmail,11833,26
prefill,control,Gmail,11867,26
prefill,control,Gmail,11900,27
prefill,control,Gmail,11933,26
prefill,control,Gmail,11967,25
prefill,control,Gmail,12000,29
prefill,control,Gmail,12033,24
prefill,control,Gmail,12067,25
prefill,control,Gmail,12100,29
prefill,control,Gmail,12133,26
prefill,control,Gmail,12167,26
prefill,control,Gmail,12200,27
prefill,control,Gmail,12233,26
prefill,control,Gmail,12267,25
prefill,control,Gmail,12300,29
prefill,control,Gmail,12333,24
prefill,control,Gmail,12367,25
prefill,control,Gmail,12400,29
prefill,control,Gmail,12433,26
prefill,control,Gmail,12467,26
prefill,control,Gmail,12500,27
prefill,control,Gmail,12533,26
prefill,control,Gmail,12567,25
prefill,control,Gmail,12600,29
prefill,control,Gmail,12633,24
prefill,control,Gmail,12667,25
prefill,control,Gmail,12700,29
prefill,control,Gmail,12733,26
prefill,control,Gmail,12767,26
prefill,control,Gmail,12800,27
prefill,control,Gmail,12833,26
prefill,control,Gmail,12867,25
prefill,control,Gmail,12900,29
prefill,control,Gmail,12933,24
prefill,control,Gmail,12967,25
prefill,control,Gmail,13000,29
prefill,control,Gmail,13033,26
prefill,control,Gmail,13067,26
prefill,control,Gmail,13100,27
prefill,control,Gmail,13133,26
prefill,control,Gmail,13167,25
prefill,control,Gmail,13200,29
prefill,control,Gmail,13233,24
prefill,control,Gmail,13267,25
prefill,control,Gmail,13300,29
prefill,control,Gmail,13333,26
prefill,control,Gmail,13367,26
prefill,control,Gmail,13400,27
prefill,control,Gmail,13433,26
prefill,control,Gmail,13467,25
prefill,control,Gmail,13500,29
prefill,control,Gmail,13533,24
prefill,control,Gmail,13567,25
prefill,control,Gmail,13600,29
prefill,control,Gmail,13633,26
prefill,control,Gmail,13667,26
prefill,control,Gmail,13700,27
prefill,control,Gmail,13733,26
prefill,control,Gmail,13767,25
prefill,control,Gmail,13800,29
prefill,control,Gmail,13833,24
prefill,control,Gmail,13867,25
prefill,control,Gmail,13900,29
prefill,control,Gmail,13933,26
prefill,control,Gmail,13967,26
prefill,control,Gmail,14000,27
prefill,control,Gmail,14033,26
prefill,control,Gmail,14067,25
prefill,control,Gmail,14100,29
prefill,control,Gmail,14133,24
prefill,control,Gmail,14167,25
prefill,control,Gmail,14200,29
prefill,control,Gmail,14233,26
prefill,control,Gmail,14267,26
prefill,control,Gmail,14300,27
prefill,control,Gmail,14333,26
prefill,control,Gmail,14367,25
prefill,control,Gmail,14400,29
prefill,control,Gmail,14433,24
prefill,control,Gmail,14467,25
prefill,control,Gmail,14500,29
prefill,control,Gmail,14533,26
prefill,control,Gmail,14567,26
prefill,control,Gmail,14600,27
prefill,control,Gmail,14633,26
prefill,control,Gmail,14667,25
prefill,control,Gmail,14700,29
prefill,control,Gmail,14733,24
prefill,control,Gmail,14767,25
prefill,control,Gmail,14800,29
prefill,control,Gmail,14833,26
prefill,control,Gmail,14867,26
prefill,control,Gmail,14900,27
prefill,control,Gmail,14933,26
prefill,control,Gmail,14967,25
prefill,control,Gmail,15000,29
prefill,control,Gmail,15033,24
prefill,control,Gmail,15067,25
prefill,control,Gmail,15100,29
prefill,control,Gmail,15133,26
prefill,control,Gmail,15167,26
prefill,control,Gmail,15200,27
prefill,control,Gmail,15233,26
prefill,control,Gmail,15267,25
prefill,control,Gmail,15300,29
prefill,control,Gmail,15333,24
prefill,control,Gmail,15367,25
prefill,control,Gmail,15400,29
prefill,control,Gmail,15433,26
prefill,control,Gmail,15467,26
prefill,control,Gmail,15500,27
prefill,control,Gmail,15533,26
prefill,control,Gmail,15567,25
prefill,control,Gmail,15600,29
prefill,control,Gmail,15633,24
prefill,control,Gmail,15667,25
prefill,control,Gmail,15700,29
prefill,control,Gmail,15733,26
prefill,control,Gmail,15767,26
prefill,control,Gmail,15800,27
prefill,control,Gmail,15833,26
prefill,control,Gmail,15867,25
prefill,control,Gmail,15900,29
prefill,control,Gmail,15933,24
prefill,control,Gmail,15967,25
prefill,control,Gmail,16000,29
prefill,control,Gmail,16033,26
prefill,control,Gmail,16067,26
prefill,control,Gmail,16100,27
prefill,control,Gmail,16133,26
prefill,control,Gmail,16167,25
prefill,control,Gmail,16200,29
prefill,control,Gmail,16233,24
prefill,control,Gmail,16267,25
prefill,control,Gmail,16300,29
prefill,control,Gmail,16333,26
prefill,control,Gmail,16367,26
prefill,control,Gmail,16400,27
prefill,control,Gmail,16433,26
prefill,control,Gmail,16467,25
prefill,control,Gmail,16500,29
prefill,control,Gmail,16533,24
prefill,control,Gmail,16567,25
prefill,control,Gmail,16600,29
prefill,control,Gmail,16633,26
prefill,control,Gmail,16667,26
prefill,control,Gmail,16700,27
prefill,control,Gmail,16733,26
prefill,control,Gmail,16767,25
prefill,control,Gmail,16800,29
prefill,control,Gmail,16833,24
prefill,control,Gmail,16867,25
prefill,control,Gmail,16900,29
prefill,control,Gmail,16933,26
prefill,control,Gmail,16967,26
prefill,control,Gmail,17000,27
prefill,control,Gmail,17033,26
prefill,control,Gmail,17067,25
prefill,control,Gmail,17100,29
prefill,control,Gmail,17133,24
prefill,control,Gmail,17167,25
prefill,control,Gmail,17200,29
prefill,control,Gmail,17233,26
prefill,control,Gmail,17267,26
prefill,control,Gmail,17300,27
prefill,control,Gmail,17333,26
prefill,control,Gmail,17367,25
prefill,control,Gmail,17400,29
prefill,control,Gmail,17433,24
prefill,control,Gmail,17467,25
prefill,control,Gmail,17500,29
prefill,control,Gmail,17533,26
prefill,control,Gmail,17567,26
prefill,control,Gmail,17600,27
prefill,control,Gmail,17633,26
prefill,control,Gmail,17667,25
prefill,control,Gmail,17700,29
prefill,control,Gmail,17733,24
prefill,control,Gmail,17767,25
prefill,control,Gmail,17800,29
prefill,control,Gmail,17833,26
prefill,control,Gmail,17867,26
prefill,control,Gmail,17900,27
prefill,control,Gmail,17933,26
prefill,control,Gmail,17967,25
prefill,control,Gmail,18000,29
prefill,control,Gmail,18033,24
prefill,control,Gmail,18067,25
prefill,control,Gmail,18100,29
prefill,control,Gmail,18133,26
prefill,control,Gmail,18167,26
prefill,control,Gmail,18200,27
prefill,control,Gmail,18233,26
prefill,control,Gmail,18267,25
prefill,control,Gmail,18300,29
prefill,control,Gmail,18333,24
prefill,control,Gmail,18367,25
prefill,control,Gmail,18400,29
prefill,control,Gmail,18433,26
prefill,control,Gmail,18467,26
prefill,control,Gmail,18500,27
prefill,control,Gmail,18533,26
prefill,control,Gmail,18567,25
prefill,control,Gmail,18600,29
prefill,control,Gmail,18633,24
prefill,control,Gmail,18667,25
prefill,control,Gmail,18700,29
prefill,control,Gmail,18733,26
prefill,control,Gmail,18767,26
prefill,control,Gmail,18800,27
prefill,control,Gmail,18833,26
prefill,control,Gmail,18867,25
prefill,control,Gmail,18900,29
prefill,control,Gmail,18933,24
prefill,control,Gmail,18967,25
prefill,control,Gmail,19000,29
prefill,control,Gmail,19033,26
prefill,control,Gmail,19067,26
prefill,control,Gmail,19100,27
prefill,control,Gmail,19133,26
prefill,control,Gmail,19167,25
prefill,control,Gmail,19200,29
prefill,control,Gmail,19233,24
prefill,control,Gmail,19267,25
prefill,control,Gmail,19300,29
prefill,control,Gmail,19333,26
prefill,control,Gmail,19367,26
prefill,control,Gmail,19400,27
prefill,control,Gmail,19433,26
prefill,control,Gmail,19467,25
prefill,control,Gmail,19500,29
prefill,control,Gmail,19533,24
prefill,control,Gmail,19567,25
prefill,control,Gmail,19600,29
prefill,control,Gmail,19633,26
prefill,control,Gmail,19667,26
prefill,control,Gmail,19700,27
prefill,control,Gmail,19733,26
prefill,control,Gmail,19767,25
prefill,control,Gmail,19800,29
prefill,control,Gmail,19833,24
prefill,control,Gmail,19867,25
prefill,control,Gmail,19900,29
prefill,control,Gmail,19933,26
prefill,control,Gmail,19967,26
prefill,control,Gmail,20000,27
prefill,control,Gmail,20033,26
prefill,control,Gmail,20067,25
prefill,control,Gmail,20100,29
prefill,control,Gmail,20133,24
prefill,control,Gmail,20167,25
prefill,control,Gmail,20200,29
prefill,control,Gmail,20233,26
prefill,control,Gmail,20267,26
prefill,control,Gmail,20300,27
prefill,control,Gmail,20333,26
prefill,control,Gmail,20367,25
prefill,control,Gmail,20400,29
prefill,control,Gmail,20433,24
prefill,control,Gmail,20467,25
prefill,control,Gmail,20500,29
prefill,control,Gmail,20533,26
prefill,control,Gmail,20567,26
prefill,control,Gmail,20600,27
prefill,control,Gmail,20633,26
prefill,control,Gmail,20667,25
prefill,control,Gmail,20700,29
prefill,control,Gmail,20733,24
prefill,control,Gmail,20767,25
prefill,control,Gmail,20800,29
prefill,control,Gmail,20833,26
prefill,control,Gmail,20867,26
prefill,control,Gmail,20900,27
prefill,control,Gmail,20933,26
prefill,control,Gmail,20967,25
prefill,control,Gmail,21000,29
prefill,control,Gmail,21033,24
prefill,control,Gmail,21067,25
prefill,control,Gmail,21100,29
prefill,control,Gmail,21133,26
prefill,control,Gmail,21167,26
prefill,control,Gmail,21200,27
prefill,control,Gmail,21233,26
prefill,control,Gmail,21267,25
prefill,control,Gmail,21300,29
prefill,control,Gmail,21333,24
prefill,control,Gmail,21367,25
prefill,control,Gmail,21400,29
prefill,control,Gmail,21433,26
prefill,control,Gmail,21467,26
prefill,control,Gmail,21500,27
prefill,control,Gmail,21533,26
prefill,control,Gmail,21567,25
prefill,control,Gmail,21600,29
prefill,control,Gmail,21633,24
prefill,control,Gmail,21667,25
prefill,control,Gmail,21700,29
prefill,control,Gmail,21733,26
prefill,control,Gmail,21767,26
prefill,control,Gmail,21800,27
prefill,control,Gmail,21833,26
prefill,control,Gmail,21867,25
prefill,control,Gmail,21900,29
prefill,control,Gmail,21933,24
prefill,control,Gmail,21967,25
prefill,control,Gmail,22000,29
prefill,control,Gmail,22033,26
prefill,control,Gmail,22067,26
prefill,control,Gmail,22100,27
prefill,control,Gmail,22133,26
prefill,control,Gmail,22167,25
prefill,control,Gmail,22200,29
prefill,control,Gmail,22233,24
prefill,control,Gmail,22267,25
prefill,control,Gmail,22300,29
prefill,control,Gmail,22333,26
prefill,control,Gmail,22367,26
prefill,control,Gmail,22400,27
prefill,control,Gmail,22433,26
prefill,control,Gmail,22467,25
prefill,control,Gmail,22500,29
prefill,control,Gmail,22533,24
prefill,control,Gmail,22567,25
prefill,control,Gmail,22600,29
prefill,control,Gmail,22633,26
prefill,control,Gmail,22667,26
prefill,control,Gmail,22700,27
prefill,control,Gmail,22733,26
prefill,control,Gmail,22767,25
prefill,control,Gmail,22800,29
prefill,control,Gmail,22833,24
prefill,control,Gmail,22867,25
prefill,control,Gmail,22900,29
prefill,control,Gmail,22933,26
prefill,control,Gmail,22967,26
prefill,control,Gmail,23000,27
prefill,control,Gmail,23033,26
prefill,control,Gmail,23067,25
prefill,control,Gmail,23100,29
prefill,control,Gmail,23133,24
prefill,control,Gmail,23167,25
prefill,control,Gmail,23200,29
prefill,control,Gmail,23233,26
prefill,control,Gmail,23267,26
prefill,control,Gmail,23300,27
prefill,control,Gmail,23333,26
prefill,control,Gmail,23367,25
prefill,control,Gmail,23400,29
prefill,control,Gmail,23433,24
prefill,control,Gmail,23467,25
prefill,control,Gmail,23500,29
prefill,control,Gmail,23533,26
prefill,control,Gmail,23567,26
prefill,control,Gmail,23600,27
prefill,control,Gmail,23633,26
prefill,control,Gmail,23667,25
prefill,control,Gmail,23700,29
prefill,control,Gmail,23733,24
prefill,control,Gmail,23767,25
prefill,control,Gmail,23800,29
prefill,control,Gmail,23833,26
prefill,control,Gmail,23867,26
prefill,control,Gmail,23900,27
prefill,control,Gmail,23933,26
prefill,control,Gmail,23967,25
prefill,control,Gmail,24000,29
prefill,control,Gmail,24033,24
prefill,control,Gmail,24067,25
prefill,control,Gmail,24100,29
prefill,control,Gmail,24133,26
prefill,control,Gmail,24167,26
prefill,control,Gmail,24200,27
prefill,control,Gmail,24233,26
prefill,control,Gmail,24267,25
prefill,control,Gmail,24300,29
prefill,control,Gmail,24333,24
prefill,control,Gmail,24367,25
prefill,control,Gmail,24400,29
prefill,control,Gmail,24433,26
prefill,control,Gmail,24467,26
prefill,control,Gmail,24500,27
prefill,control,Gmail,24533,26
prefill,control,Gmail,24567,25
prefill,control,Gmail,24600,29
prefill,control,Gmail,24633,24
prefill,control,Gmail,24667,25
prefill,control,Gmail,24700,29
prefill,control,Gmail,24733,26
prefill,control,Gmail,24767,26
prefill,control,Gmail,24800,27
prefill,control,Gmail,24833,26
prefill,control,Gmail,24867,25
prefill,control,Gmail,24900,29
prefill,control,Gmail,24933,24
prefill,control,Gmail,24967,25
prefill,control,Gmail,25000,29
prefill,control,Gmail,25033,26
prefill,control,Gmail,25067,26
prefill,control,Gmail,25100,27
prefill,control,Gmail,25133,26
prefill,control,Gmail,25167,25
prefill,control,Gmail,25200,29
prefill,control,Gmail,25233,24
prefill,control,Gmail,25267,25
prefill,control,Gmail,25300,29
prefill,control,Gmail,25333,26
prefill,control,Gmail,25367,26
prefill,control,Gmail,25400,27
prefill,control,Gmail,25433,26
prefill,control,Gmail,25467,25
prefill,control,Gmail,25500,29
prefill,control,Gmail,25533,24
prefill,control,Gmail,25567,25
prefill,control,Gmail,25600,29
prefill,control,Gmail,25633,26
prefill,control,Gmail,25667,26
prefill,control,Gmail,25700,27
prefill,control,Gmail,25733,26
prefill,control,Gmail,25767,25
prefill,control,Gmail,25800,29
prefill,control,Gmail,25833,24
prefill,control,Gmail,25867,25
prefill,control,Gmail,25900,29
prefill,control,Gmail,25933,26
prefill,control,Gmail,25967,26
prefill,control,Gmail,26000,27
prefill,control,Gmail,26033,26
prefill,control,Gmail,26067,25
prefill,control,Gmail,26100,29
prefill,control,Gmail,26133,24
prefill,control,Gmail,26167,25
prefill,control,Gmail,26200,29
prefill,control,Gmail,26233,26
prefill,control,Gmail,26267,26
prefill,control,Gmail,26300,27
prefill,control,Gmail,26333,26
prefill,control,Gmail,26367,25
prefill,control,Gmail,26400,29
prefill,control,Gmail,26433,24
prefill,control,Gmail,26467,25
prefill,control,Gmail,26500,29
prefill,control,Gmail,26533,26
prefill,control,Gmail,26567,26
prefill,control,Gmail,26600,27
prefill,control,Gmail,26633,26
prefill,control,Gmail,26667,25
prefill,control,Gmail,26700,29
prefill,control,Gmail,26733,24
prefill,control,Gmail,26767,25
prefill,control,Gmail,26800,29
prefill,control,Gmail,26833,26
prefill,control,Gmail,26867,26
prefill,control,Gmail,26900,27
prefill,control,Gmail,26933,26
prefill,control,Gmail,26967,25
prefill,control,Gmail,27000,29
prefill,control,Gmail,27033,24
prefill,control,Gmail,27067,25
prefill,control,Gmail,27100,29
prefill,control,Gmail,27133,26
prefill,control,Gmail,27167,26
prefill,control,Gmail,27200,27
prefill,control,Gmail,27233,26
prefill,control,Gmail,27267,25
prefill,control,Gmail,27300,29
prefill,control,Gmail,27333,24
prefill,control,Gmail,27367,25
prefill,control,Gmail,27400,29
prefill,control,Gmail,27433,26
prefill,control,Gmail,27467,26
prefill,control,Gmail,27500,27
prefill,control,Gmail,27533,26
prefill,control,Gmail,27567,25
prefill,control,Gmail,27600,29
prefill,control,Gmail,27633,24
prefill,control,Gmail,27667,25
prefill,control,Gmail,27700,29
prefill,control,Gmail,27733,26
prefill,control,Gmail,27767,26
prefill,control,Gmail,27800,27
prefill,control,Gmail,27833,26
prefill,control,Gmail,27867,25
prefill,control,Gmail,27900,29
prefill,control,Gmail,27933,24
prefill,control,Gmail,27967,25
prefill,control,Gmail,28000,29
prefill,control,Gmail,28033,26
prefill,control,Gmail,28067,26
prefill,control,Gmail,28100,27
prefill,control,Gmail,28133,26
prefill,control,Gmail,28167,25
prefill,control,Gmail,28200,29
prefill,control,Gmail,28233,24
prefill,control,Gmail,28267,25
prefill,control,Gmail,28300,29
prefill,control,Gmail,28333,26
prefill,control,Gmail,28367,26
prefill,control,Gmail,28400,27
prefill,control,Gmail,28433,26
prefill,control,Gmail,28467,25
prefill,control,Gmail,28500,29
prefill,control,Gmail,28533,24
prefill,control,Gmail,28567,25
prefill,control,Gmail,28600,29
prefill,control,Gmail,28633,26
prefill,control,Gmail,28667,26
prefill,control,Gmail,28700,27
prefill,control,Gmail,28733,26
prefill,control,Gmail,28767,25
prefill,control,Gmail,28800,29
prefill,control,Gmail,28833,24
prefill,control,Gmail,28867,25
prefill,control,Gmail,28900,29
prefill,control,Gmail,28933,26
prefill,control,Gmail,28967,26
prefill,control,Gmail,29000,27
prefill,control,Gmail,29033,26
prefill,control,Gmail,29067,25
prefill,control,Gmail,29100,29
prefill,control,Gmail,29133,24
prefill,control,Gmail,29167,25
prefill,control,Gmail,29200,29
prefill,control,Gmail,29233,26
prefill,control,Gmail,29267,26
prefill,control,Gmail,29300,27
prefill,control,Gmail,29333,26
prefill,control,Gmail,29367,25
prefill,control,Gmail,29400,29
prefill,control,Gmail,29433,24
prefill,control,Gmail,29467,25
prefill,control,Gmail,29500,29
prefill,control,Gmail,29533,26
prefill,control,Gmail,29567,26
prefill,control,Gmail,29600,27
prefill,control,Gmail,29633,26
prefill,control,Gmail,29667,25
prefill,control,Gmail,29700,29
prefill,control,Gmail,29733,24
prefill,control,Gmail,29767,25
prefill,control,Gmail,29800,29
prefill,control,Gmail,29833,26
prefill,control,Gmail,29867,26
prefill,control,Gmail,29900,27
prefill,control,Gmail,29933,26
prefill,control,Gmail,29967,25
prefill,control,Gmail,30000,29
prefill,control,Gmail,30033,24
prefill,control,Gmail,30067,25
prefill,control,Gmail,30100,29
prefill,control,Gmail,30133,26
prefill,control,Gmail,30167,26
prefill,control,Gmail,30200,27
prefill,control,Gmail,30233,26
prefill,control,Gmail,30267,25
prefill,control,Gmail,30300,29
prefill,control,Gmail,30333,24
prefill,control,Gmail,30367,25
prefill,control,Gmail,30400,29
prefill,control,Gmail,30433,26
prefill,control,Gmail,30467,26
prefill,control,Gmail,30500,27
prefill,control,Gmail,30533,26
prefill,control,Gmail,30567,25
prefill,control,Gmail,30600,29
prefill,control,Gmail,30633,24
prefill,control,Gmail,30667,25
prefill,control,Gmail,30700,29
prefill,control,Gmail,30733,26
prefill,control,Gmail,30767,26
prefill,control,Gmail,30800,27
prefill,control,Gmail,30833,26
prefill,control,Gmail,30867,25
prefill,control,Gmail,30900,29
prefill,control,Gmail,30933,24
prefill,control,Gmail,30967,25
prefill,control,Gmail,31000,29
prefill,control,Gmail,31033,26
prefill,control,Gmail,31067,26
prefill,control,Gmail,31100,27
prefill,control,Gmail,31133,26
prefill,control,Gmail,31167,25
prefill,control,Gmail,31200,29
prefill,control,Gmail,31233,24
prefill,control,Gmail,31267,25
prefill,control,Gmail,31300,29
prefill,control,Gmail,31333,26
prefill,control,Gmail,31367,26
prefill,control,Gmail,31400,27
prefill,control,Gmail,31433,26
prefill,control,Gmail,31467,25
prefill,control,Gmail,31500,29
prefill,control,Gmail,31533,24
prefill,control,Gmail,31567,25
prefill,control,Gmail,31600,29
prefill,control,Gmail,31633,26
prefill,control,Gmail,31667,26
prefill,control,Gmail,31700,27
prefill,control,Gmail,31733,26
prefill,control,Gmail,31767,25
prefill,control,Gmail,31800,29
prefill,control,Gmail,31833,24
prefill,control,Gmail,31867,25
prefill,control,Gmail,31900,29
prefill,control,Gmail,31933,26
prefill,control,Gmail,31967,26
prefill,control,Gmail,32000,27
prefill,control,Gmail,32033,26
prefill,control,Gmail,32067,25
prefill,control,Gmail,32100,29
prefill,control,Gmail,32133,24
prefill,control,Gmail,32167,25
prefill,control,Gmail,32200,29
prefill,control,Gmail,32233,26
prefill,control,Gmail,32267,26
prefill,control,Gmail,32300,27
prefill,control,Gmail,32333,26
prefill,control,Gmail,32367,25
prefill,control,Gmail,32400,29
prefill,control,Gmail,32433,24
prefill,control,Gmail,32467,25
prefill,control,Gmail,32500,29
prefill,control,Gmail,32533,26
prefill,control,Gmail,32567,26
prefill,control,Gmail,32600,27
prefill,control,Gmail,32633,26
prefill,control,Gmail,32667,25
prefill,control,Gmail,32700,29
prefill,control,Gmail,32733,24
prefill,control,Gmail,32767,25
prefill,control,Gmail,32800,29
prefill,control,Gmail,32833,26
prefill,control,Gmail,32867,26
prefill,control,Gmail,32900,27
prefill,control,Gmail,32933,26
prefill,control,Gmail,32967,25
prefill,control,Gmail,33000,29
prefill,control,Gmail,33033,24
prefill,control,Gmail,33067,25
prefill,control,Gmail,33100,29
prefill,control,Gmail,33133,26
prefill,control,Gmail,33167,26
prefill,control,Gmail,33200,27
prefill,control,Gmail,33233,26
prefill,control,Gmail,33267,25
prefill,control,Gmail,33300,29
prefill,control,Gmail,33333,24
prefill,control,Gmail,33367,25
prefill,control,Gmail,33400,29
prefill,control,Gmail,33433,26
prefill,control,Gmail,33467,26
prefill,control,Gmail,33500,27
prefill,control,Gmail,33533,26
prefill,control,Gmail,33567,25
prefill,control,Gmail,33600,29
prefill,control,Gmail,33633,24
prefill,control,Gmail,33667,25
prefill,control,Gmail,33700,29
prefill,control,Gmail,33733,26
prefill,control,Gmail,33767,26
prefill,control,Gmail,33800,27
prefill,control,Gmail,33833,26
prefill,control,Gmail,33867,25
prefill,control,Gmail,33900,29
prefill,control,Gmail,33933,24
prefill,control,Gmail,33967,25
prefill,prefill,Gmail,0,31
prefill,prefill,Gmail,25,42
prefill,prefill,Gmail,50,47
prefill,prefill,Gmail,75,54
prefill,prefill,Gmail,100,65
prefill,prefill,Gmail,125,69
prefill,prefill,Gmail,150,64
prefill,prefill,Gmail,175,73
prefill,prefill,Gmail,200,80
prefill,prefill,Gmail,225,90
prefill,prefill,Gmail,250,76
prefill,prefill,Gmail,275,87
prefill,prefill,Gmail,300,92
prefill,prefill,Gmail,325,100
prefill,prefill,Gmail,350,110
prefill,prefill,Gmail,375,102
prefill,prefill,Gmail,400,112
prefill,prefill,Gmail,425,113
prefill,prefill,Gmail,450,124
prefill,prefill,Gmail,475,134
prefill,prefill,Gmail,500,118
prefill,prefill,Gmail,525,131
prefill,prefill,Gmail,550,136
prefill,prefill,Gmail,575,130
prefill,prefill,Gmail,600,137
prefill,prefill,Gmail,625,145
prefill,prefill,Gmail,650,156
prefill,prefill,Gmail,675,160
prefill,prefill,Gmail,700,151
prefill,prefill,Gmail,725,155
prefill,prefill,Gmail,750,162
prefill,prefill,Gmail,775,157
prefill,prefill,Gmail,800,165
prefill,prefill,Gmail,825,177
prefill,prefill,Gmail,850,178
prefill,prefill,Gmail,875,188
prefill,prefill,Gmail,900,198
prefill,prefill,Gmail,925,204
prefill,prefill,Gmail,950,195
prefill,prefill,Gmail,975,199
prefill,prefill,Gmail,1000,206
prefill,prefill,Gmail,1025,201
prefill,prefill,Gmail,1050,209
prefill,prefill,Gmail,1075,221
prefill,prefill,Gmail,1100,225
prefill,prefill,Gmail,1125,229
prefill,prefill,Gmail,1150,220
prefill,prefill,Gmail,1175,227
prefill,prefill,Gmail,1200,238
prefill,prefill,Gmail,1225,242
prefill,prefill,Gmail,1250,240
prefill,prefill,Gmail,1275,240
prefill,prefill,Gmail,1300,235
prefill,prefill,Gmail,1325,240
prefill,prefill,Gmail,1350,249
prefill,prefill,Gmail,1375,259
prefill,prefill,Gmail,1400,263
prefill,prefill,Gmail,1425,270
prefill,prefill,Gmail,1450,265
prefill,prefill,Gmail,1475,273
prefill,prefill,Gmail,1500,283
prefill,prefill,Gmail,1525,287
prefill,prefill,Gmail,1550,279
prefill,prefill,Gmail,1575,284
prefill,prefill,Gmail,1600,292
prefill,prefill,Gmail,1625,303
prefill,prefill,Gmail,1650,307
prefill,prefill,Gmail,1675,305
prefill,prefill,Gmail,1700,306
prefill,prefill,Gmail,1725,891
prefill,prefill,Gmail,1750,878
prefill,prefill,Gmail,1775,874
prefill,prefill,Gmail,1800,858
prefill,prefill,Gmail,1825,851
prefill,prefill,Gmail,1850,841
prefill,prefill,Gmail,1875,831
prefill,prefill,Gmail,1900,818
prefill,prefill,Gmail,1925,811
prefill,prefill,Gmail,1950,798
prefill,prefill,Gmail,1975,791
prefill,prefill,Gmail,2000,1576
prefill,prefill,Gmail,2033,1579
prefill,prefill,Gmail,2067,1575
prefill,prefill,Gmail,2100,1575
prefill,prefill,Gmail,2133,1575
prefill,prefill,Gmail,2167,1580
prefill,prefill,Gmail,2200,1580
prefill,prefill,Gmail,2233,1586
prefill,prefill,Gmail,2267,1579
prefill,prefill,Gmail,2300,1582
prefill,prefill,Gmail,2333,1588
prefill,prefill,Gmail,2367,1584
prefill,prefill,Gmail,2400,1581
prefill,prefill,Gmail,2433,1581
prefill,prefill,Gmail,2467,1583
prefill,prefill,Gmail,2500,1583
prefill,prefill,Gmail,2533,1589
prefill,prefill,Gmail,2567,1585
prefill,prefill,Gmail,2600,1585
prefill,prefill,Gmail,2633,1585
prefill,prefill,Gmail,2667,1590
prefill,prefill,Gmail,2700,1590
prefill,prefill,Gmail,2733,1596
prefill,prefill,Gmail,2767,1589
prefill,prefill,Gmail,2800,1592
prefill,prefill,Gmail,2833,1598
prefill,prefill,Gmail,2867,1594
prefill,prefill,Gmail,2900,1591
prefill,prefill,Gmail,2933,1591
prefill,prefill,Gmail,2967,1593
prefill,prefill,Gmail,3000,1593
prefill,prefill,Gmail,3033,1599
prefill,prefill,Gmail,3067,1596
prefill,prefill,Gmail,3100,1596
prefill,prefill,Gmail,3133,1597
prefill,prefill,Gmail,3167,1603
prefill,prefill,Gmail,3200,1604
prefill,prefill,Gmail,3233,1612
prefill,prefill,Gmail,3267,1607
prefill,prefill,Gmail,3300,1610
prefill,prefill,Gmail,3333,1620
prefill,prefill,Gmail,3367,1617
prefill,prefill,Gmail,3400,1614
prefill,prefill,Gmail,3433,1617
prefill,prefill,Gmail,3467,1620
prefill,prefill,Gmail,3500,1622
prefill,prefill,Gmail,3533,1628
prefill,prefill,Gmail,3567,1626
prefill,prefill,Gmail,3600,1627
prefill,prefill,Gmail,3633,1629
prefill,prefill,Gmail,3667,1635
prefill,prefill,Gmail,3700,1638
prefill,prefill,Gmail,3733,1645
prefill,prefill,Gmail,3767,1639
prefill,prefill,Gmail,3800,1643
prefill,prefill,Gmail,3833,1651
prefill,prefill,Gmail,3867,1647
prefill,prefill,Gmail,3900,1646
prefill,prefill,Gmail,3933,1648
prefill,prefill,Gmail,3967,1650
prefill,prefill,Gmail,4000,1653
prefill,prefill,Gmail,4033,1660
prefill,prefill,Gmail,4067,1651
prefill,prefill,Gmail,4100,1649
prefill,prefill,Gmail,4133,1642
prefill,prefill,Gmail,4167,1641
prefill,prefill,Gmail,4200,1636
prefill,prefill,Gmail,4233,1639
prefill,prefill,Gmail,4267,1626
prefill,prefill,Gmail,4300,1625
prefill,prefill,Gmail,4333,1626
prefill,prefill,Gmail,4367,1617
prefill,prefill,Gmail,4400,1606
prefill,prefill,Gmail,4433,1604
prefill,prefill,Gmail,4467,1597
prefill,prefill,Gmail,4500,1596
prefill,prefill,Gmail,4533,1597
prefill,prefill,Gmail,4567,1586
prefill,prefill,Gmail,4600,1581
prefill,prefill,Gmail,4633,1575
prefill,prefill,Gmail,4667,1577
prefill,prefill,Gmail,4700,1572
prefill,prefill,Gmail,4733,1573
prefill,prefill,Gmail,4767,1561
prefill,prefill,Gmail,4800,1558
prefill,prefill,Gmail,4833,1560
prefill,prefill,Gmail,4867,1550
prefill,prefill,Gmail,4900,1539
prefill,prefill,Gmail,4933,1539
prefill,prefill,Gmail,4967,1535
prefill,prefill,Gmail,5000,1529
prefill,prefill,Gmail,5033,1532
prefill,prefill,Gmail,5067,1520
prefill,prefill,Gmail,5100,1509
prefill,prefill,Gmail,5133,1482
prefill,prefill,Gmail,5167,1479
prefill,prefill,Gmail,5200,1458
prefill,prefill,Gmail,5233,1445
prefill,prefill,Gmail,5267,1438
prefill,prefill,Gmail,5300,1417
prefill,prefill,Gmail,5333,1413
prefill,prefill,Gmail,5367,1395
prefill,prefill,Gmail,5400,1393
prefill,prefill,Gmail,5433,1372
prefill,prefill,Gmail,5467,1358
prefill,prefill,Gmail,5500,1353
prefill,prefill,Gmail,5533,1329
prefill,prefill,Gmail,5567,1326
prefill,prefill,Gmail,5600,1306
prefill,prefill,Gmail,5633,1292
prefill,prefill,Gmail,5667,1291
prefill,prefill,Gmail,5700,1261
prefill,prefill,Gmail,5733,1245
prefill,prefill,Gmail,5767,1241
prefill,prefill,Gmail,5800,1224
prefill,prefill,Gmail,5833,1216
prefill,prefill,Gmail,5867,1201
prefill,prefill,Gmail,5900,1193
prefill,prefill,Gmail,5933,1178
prefill,prefill,Gmail,5967,1154
prefill,prefill,Gmail,6000,1153
prefill,prefill,Gmail,6033,1142
prefill,prefill,Gmail,6067,1126
prefill,prefill,Gmail,6100,1115
prefill,prefill,Gmail,6133,1107
prefill,prefill,Gmail,6167,1094
prefill,prefill,Gmail,6200,1064
prefill,prefill,Gmail,6233,1063
prefill,prefill,Gmail,6267,1044
prefill,prefill,Gmail,6300,1030
prefill,prefill,Gmail,6333,1023
prefill,prefill,Gmail,6367,1001
prefill,prefill,Gmail,6400,999
prefill,prefill,Gmail,6433,978
prefill,prefill,Gmail,6467,965
prefill,prefill,Gmail,6500,956
prefill,prefill,Gmail,6533,948
prefill,prefill,Gmail,6567,936
prefill,prefill,Gmail,6600,912
prefill,prefill,Gmail,6633,895
prefill,prefill,Gmail,6667,888
prefill,prefill,Gmail,6700,875
prefill,prefill,Gmail,6733,875
prefill,prefill,Gmail,6767,847
prefill,prefill,Gmail,6800,846
prefill,prefill,Gmail,6833,826
prefill,prefill,Gmail,6867,808
prefill,prefill,Gmail,6900,802
prefill,prefill,Gmail,6933,784
prefill,prefill,Gmail,6967,780
prefill,prefill,Gmail,7000,765
prefill,prefill,Gmail,7033,757
prefill,prefill,Gmail,7067,736
prefill,prefill,Gmail,7100,725
prefill,prefill,Gmail,7133,716
prefill,prefill,Gmail,7167,697
prefill,prefill,Gmail,7200,690
prefill,prefill,Gmail,7233,678
prefill,prefill,Gmail,7267,650
prefill,prefill,Gmail,7300,646
prefill,prefill,Gmail,7333,629
prefill,prefill,Gmail,7367,623
prefill,prefill,Gmail,7400,608
prefill,prefill,Gmail,7433,584
prefill,prefill,Gmail,7467,583
prefill,prefill,Gmail,7500,565
prefill,prefill,Gmail,7533,564
prefill,prefill,Gmail,7567,542
prefill,prefill,Gmail,7600,531
prefill,prefill,Gmail,7633,522
prefill,prefill,Gmail,7667,494
prefill,prefill,Gmail,7700,478
prefill,prefill,Gmail,7733,475
prefill,prefill,Gmail,7767,460
prefill,prefill,Gmail,7800,459
prefill,prefill,Gmail,7833,432
prefill,prefill,Gmail,7867,435
prefill,prefill,Gmail,7900,411
prefill,prefill,Gmail,7933,392
prefill,prefill,Gmail,7967,386
prefill,prefill,Gmail,8000,372
prefill,prefill,Gmail,8033,364
prefill,prefill,Gmail,8067,348
prefill,prefill,Gmail,8100,343
prefill,prefill,Gmail,8133,322
prefill,prefill,Gmail,8167,308
prefill,prefill,Gmail,8200,299
prefill,prefill,Gmail,8233,284
prefill,prefill,Gmail,8267,272
prefill,prefill,Gmail,8300,265
prefill,prefill,Gmail,8333,257
prefill,prefill,Gmail,8367,232
prefill,prefill,Gmail,8400,211
prefill,prefill,Gmail,8433,199
prefill,prefill,Gmail,8467,192
prefill,prefill,Gmail,8500,175
prefill,prefill,Gmail,8533,167
prefill,prefill,Gmail,8567,148
prefill,prefill,Gmail,8600,146
prefill,prefill,Gmail,8633,125
prefill,prefill,Gmail,8667,114
prefill,prefill,Gmail,8700,105
prefill,prefill,Gmail,8733,81
prefill,prefill,Gmail,8767,79
prefill,prefill,Gmail,8800,59
prefill,prefill,Gmail,8833,45
prefill,prefill,Gmail,8867,44
prefill,prefill,Gmail,8900,38
prefill,prefill,Gmail,8933,26
prefill,prefill,Gmail,8967,17
prefill,prefill,Gmail,9000,34
prefill,prefill,Gmail,9033,16
prefill,prefill,Gmail,9067,29
prefill,prefill,Gmail,9100,27
prefill,prefill,Gmail,9133,20
prefill,prefill,Gmail,9167,23
prefill,prefill,Gmail,9200,38
prefill,prefill,Gmail,9233,26
prefill,prefill,Gmail,9267,17
prefill,prefill,Gmail,9300,34
prefill,prefill,Gmail,9333,16
prefill,prefill,Gmail,9367,29
prefill,prefill,Gmail,9400,27
prefill,prefill,Gmail,9433,20
prefill,prefill,Gmail,9467,23
prefill,prefill,Gmail,9500,38
prefill,prefill,Gmail,9533,26
prefill,prefill,Gmail,9567,17
prefill,prefill,Gmail,9600,34
prefill,prefill,Gmail,9633,16
prefill,prefill,Gmail,9667,29
prefill,prefill,Gmail,9700,27
prefill,prefill,Gmail,9733,20
prefill,prefill,Gmail,9767,23
prefill,prefill,Gmail,9800,38
prefill,prefill,Gmail,9833,26
prefill,prefill,Gmail,9867,17
prefill,prefill,Gmail,9900,34
prefill,prefill,Gmail,9933,16
prefill,prefill,Gmail,9967,29
prefill,prefill,Gmail,10000,27
prefill,prefill,Gmail,10033,20
prefill,prefill,Gmail,10067,23
prefill,prefill,Gmail,10100,38
prefill,prefill,Gmail,10133,26
prefill,prefill,Gmail,10167,17
prefill,prefill,Gmail,10200,34
prefill,prefill,Gmail,10233,16
prefill,prefill,Gmail,10267,29
prefill,prefill,Gmail,10300,27
prefill,prefill,Gmail,10333,20
prefill,prefill,Gmail,10367,23
prefill,prefill,Gmail,10400,38
prefill,prefill,Gmail,10433,26
prefill,prefill,Gmail,10467,17
prefill,prefill,Gmail,10500,34
prefill,prefill,Gmail,10533,16
prefill,prefill,Gmail,10567,29
prefill,prefill,Gmail,10600,27
prefill,prefill,Gmail,10633,20
prefill,prefill,Gmail,10667,23
prefill,prefill,Gmail,10700,38
prefill,prefill,Gmail,10733,26
prefill,prefill,Gmail,10767,17
prefill,prefill,Gmail,10800,34
prefill,prefill,Gmail,10833,16
prefill,prefill,Gmail,10867,29
prefill,prefill,Gmail,10900,27
prefill,prefill,Gmail,10933,20
prefill,prefill,Gmail,10967,23
prefill,prefill,Gmail,11000,38
prefill,prefill,Gmail,11033,26
prefill,prefill,Gmail,11067,17
prefill,prefill,Gmail,11100,34
prefill,prefill,Gmail,11133,16
prefill,prefill,Gmail,11167,29
prefill,prefill,Gmail,11200,27
prefill,prefill,Gmail,11233,20
prefill,prefill,Gmail,11267,23
prefill,prefill,Gmail,11300,38
prefill,prefill,Gmail,11333,26
prefill,prefill,Gmail,11367,17
prefill,prefill,Gmail,11400,34
prefill,prefill,Gmail,11433,16
prefill,prefill,Gmail,11467,29
prefill,prefill,Gmail,11500,27
prefill,prefill,Gmail,11533,20
prefill,prefill,Gmail,11567,23
prefill,prefill,Gmail,11600,38
prefill,prefill,Gmail,11633,26
prefill,prefill,Gmail,11667,17
prefill,prefill,Gmail,11700,34
prefill,prefill,Gmail,11733,16
prefill,prefill,Gmail,11767,29
prefill,prefill,Gmail,11800,27
prefill,prefill,Gmail,11833,20
prefill,prefill,Gmail,11867,23
prefill,prefill,Gmail,11900,38
prefill,prefill,Gmail,11933,26
prefill,prefill,Gmail,11967,17
prefill,prefill,Gmail,12000,34
prefill,prefill,Gmail,12033,16
prefill,prefill,Gmail,12067,29
prefill,prefill,Gmail,12100,27
prefill,prefill,Gmail,12133,20
prefill,prefill,Gmail,12167,23
prefill,prefill,Gmail,12200,38
prefill,prefill,Gmail,12233,26
prefill,prefill,Gmail,12267,17
prefill,prefill,Gmail,12300,34
prefill,prefill,Gmail,12333,16
prefill,prefill,Gmail,12367,29
prefill,prefill,Gmail,12400,27
prefill,prefill,Gmail,12433,20
prefill,prefill,Gmail,12467,23
prefill,prefill,Gmail,12500,38
prefill,prefill,Gmail,12533,26
prefill,prefill,Gmail,12567,17
prefill,prefill,Gmail,12600,34
prefill,prefill,Gmail,12633,16
prefill,prefill,Gmail,12667,29
prefill,prefill,Gmail,12700,27
prefill,prefill,Gmail,12733,20
prefill,prefill,Gmail,12767,23
prefill,prefill,Gmail,12800,38
prefill,prefill,Gmail,12833,26
prefill,prefill,Gmail,12867,17
prefill,prefill,Gmail,12900,34
prefill,prefill,Gmail,12933,16
prefill,prefill,Gmail,12967,29
prefill,prefill,Gmail,13000,27
prefill,prefill,Gmail,13033,20
prefill,prefill,Gmail,13067,23
prefill,prefill,Gmail,13100,38
prefill,prefill,Gmail,13133,26
prefill,prefill,Gmail,13167,17
prefill,prefill,Gmail,13200,34
prefill,prefill,Gmail,13233,16
prefill,prefill,Gmail,13267,29
prefill,prefill,Gmail,13300,27
prefill,prefill,Gmail,13333,20
prefill,prefill,Gmail,13367,23
prefill,prefill,Gmail,13400,38
prefill,prefill,Gmail,13433,26
prefill,prefill,Gmail,13467,17
prefill,prefill,Gmail,13500,34
prefill,prefill,Gmail,13533,16
prefill,prefill,Gmail,13567,29
prefill,prefill,Gmail,13600,27
prefill,prefill,Gmail,13633,20
prefill,prefill,Gmail,13667,23
prefill,prefill,Gmail,13700,38
prefill,prefill,Gmail,13733,26
prefill,prefill,Gmail,13767,17
prefill,prefill,Gmail,13800,34
prefill,prefill,Gmail,13833,16
prefill,prefill,Gmail,13867,29
prefill,prefill,Gmail,13900,27
prefill,prefill,Gmail,13933,20
prefill,prefill,Gmail,13967,23
prefill,prefill,Gmail,14000,38
prefill,prefill,Gmail,14033,26
prefill,prefill,Gmail,14067,17
prefill,prefill,Gmail,14100,34
prefill,prefill,Gmail,14133,16
prefill,prefill,Gmail,14167,29
prefill,prefill,Gmail,14200,27
prefill,prefill,Gmail,14233,20
prefill,prefill,Gmail,14267,23
prefill,prefill,Gmail,14300,38
prefill,prefill,Gmail,14333,26
prefill,prefill,Gmail,14367,17
prefill,prefill,Gmail,14400,34
prefill,prefill,Gmail,14433,16
prefill,prefill,Gmail,14467,29
prefill,prefill,Gmail,14500,27
prefill,prefill,Gmail,14533,20
prefill,prefill,Gmail,14567,23
prefill,prefill,Gmail,14600,38
prefill,prefill,Gmail,14633,26
prefill,prefill,Gmail,14667,17
prefill,prefill,Gmail,14700,34
prefill,prefill,Gmail,14733,16
prefill,prefill,Gmail,14767,29
prefill,prefill,Gmail,14800,27
prefill,prefill,Gmail,14833,20
prefill,prefill,Gmail,14867,23
prefill,prefill,Gmail,14900,38
prefill,prefill,Gmail,14933,26
prefill,prefill,Gmail,14967,17
prefill,prefill,Gmail,15000,34
prefill,prefill,Gmail,15033,16
prefill,prefill,Gmail,15067,29
prefill,prefill,Gmail,15100,27
prefill,prefill,Gmail,15133,20
prefill,prefill,Gmail,15167,23
prefill,prefill,Gmail,15200,32
prefill,prefill,Gmail,15233,32
prefill,prefill,Gmail,15267,23
prefill,prefill,Gmail,15300,37
prefill,prefill,Gmail,15333,19
prefill,prefill,Gmail,15367,25
prefill,prefill,Gmail,15400,24
prefill,prefill,Gmail,15433,26
prefill,prefill,Gmail,15467,31
prefill,prefill,Gmail,15500,31
prefill,prefill,Gmail,15533,28
prefill,prefill,Gmail,15567,23
prefill,prefill,Gmail,15600,37
prefill,prefill,Gmail,15633,19
prefill,prefill,Gmail,15667,25
prefill,prefill,Gmail,15700,24
prefill,prefill,Gmail,15733,26
prefill,prefill,Gmail,15767,31
prefill,prefill,Gmail,15800,31
prefill,prefill,Gmail,15833,28
prefill,prefill,Gmail,15867,23
prefill,prefill,Gmail,15900,37
prefill,prefill,Gmail,15933,19
prefill,prefill,Gmail,15967,25
prefill,prefill,Gmail,16000,24
prefill,prefill,Gmail,16033,26
prefill,prefill,Gmail,16067,31
prefill,prefill,Gmail,16100,31
prefill,prefill,Gmail,16133,28
prefill,prefill,Gmail,16167,23
prefill,prefill,Gmail,16200,37
prefill,prefill,Gmail,16233,19
prefill,prefill,Gmail,16267,25
prefill,prefill,Gmail,16300,24
prefill,prefill,Gmail,16333,26
prefill,prefill,Gmail,16367,31
prefill,prefill,Gmail,16400,31
prefill,prefill,Gmail,16433,28
prefill,prefill,Gmail,16467,23
prefill,prefill,Gmail,16500,37
prefill,prefill,Gmail,16533,19
prefill,prefill,Gmail,16567,25
prefill,prefill,Gmail,16600,24
prefill,prefill,Gmail,16633,26
prefill,prefill,Gmail,16667,31
prefill,prefill,Gmail,16700,31
prefill,prefill,Gmail,16733,28
prefill,prefill,Gmail,16767,23
prefill,prefill,Gmail,16800,37
prefill,prefill,Gmail,16833,19
prefill,prefill,Gmail,16867,25
prefill,prefill,Gmail,16900,24
prefill,prefill,Gmail,16933,26
prefill,prefill,Gmail,16967,31
prefill,prefill,Gmail,17000,31
prefill,prefill,Gmail,17033,28
prefill,prefill,Gmail,17067,23
prefill,prefill,Gmail,17100,37
prefill,prefill,Gmail,17133,19
prefill,prefill,Gmail,17167,25
prefill,prefill,Gmail,17200,24
prefill,prefill,Gmail,17233,26
prefill,prefill,Gmail,17267,31
prefill,prefill,Gmail,17300,31
prefill,prefill,Gmail,17333,28
prefill,prefill,Gmail,17367,23
prefill,prefill,Gmail,17400,37
prefill,prefill,Gmail,17433,19
prefill,prefill,Gmail,17467,25
prefill,prefill,Gmail,17500,24
prefill,prefill,Gmail,17533,26
prefill,prefill,Gmail,17567,31
prefill,prefill,Gmail,17600,31
prefill,prefill,Gmail,17633,28
prefill,prefill,Gmail,17667,23
prefill,prefill,Gmail,17700,37
prefill,prefill,Gmail,17733,19
prefill,prefill,Gmail,17767,25
prefill,prefill,Gmail,17800,24
prefill,prefill,Gmail,17833,26
prefill,prefill,Gmail,17867,31
prefill,prefill,Gmail,17900,31
prefill,prefill,Gmail,17933,28
prefill,prefill,Gmail,17967,23
prefill,prefill,Gmail,18000,37
prefill,prefill,Gmail,18033,19
prefill,prefill,Gmail,18067,25
prefill,prefill,Gmail,18100,24
prefill,prefill,Gmail,18133,26
prefill,prefill,Gmail,18167,31
prefill,prefill,Gmail,18200,31
prefill,prefill,Gmail,18233,28
prefill,prefill,Gmail,18267,23
prefill,prefill,Gmail,18300,37
prefill,prefill,Gmail,18333,19
prefill,prefill,Gmail,18367,25
prefill,prefill,Gmail,18400,24
prefill,prefill,Gmail,18433,26
prefill,prefill,Gmail,18467,31
prefill,prefill,Gmail,18500,31
prefill,prefill,Gmail,18533,28
prefill,prefill,Gmail,18567,23
prefill,prefill,Gmail,18600,37
prefill,prefill,Gmail,18633,19
prefill,prefill,Gmail,18667,25
prefill,prefill,Gmail,18700,24
prefill,prefill,Gmail,18733,26
prefill,prefill,Gmail,18767,31
prefill,prefill,Gmail,18800,31
prefill,prefill,Gmail,18833,28
prefill,prefill,Gmail,18867,23
prefill,prefill,Gmail,18900,37
prefill,prefill,Gmail,18933,19
prefill,prefill,Gmail,18967,25
prefill,prefill,Gmail,19000,24
prefill,prefill,Gmail,19033,26
prefill,prefill,Gmail,19067,31
prefill,prefill,Gmail,19100,31
prefill,prefill,Gmail,19133,28
prefill,prefill,Gmail,19167,23
prefill,prefill,Gmail,19200,37
prefill,prefill,Gmail,19233,19
prefill,prefill,Gmail,19267,25
prefill,prefill,Gmail,19300,24
prefill,prefill,Gmail,19333,26
prefill,prefill,Gmail,19367,31
prefill,prefill,Gmail,19400,31
prefill,prefill,Gmail,19433,28
prefill,prefill,Gmail,19467,23
prefill,prefill,Gmail,19500,37
prefill,prefill,Gmail,19533,19
prefill,prefill,Gmail,19567,25
prefill,prefill,Gmail,19600,24
prefill,prefill,Gmail,19633,26
prefill,prefill,Gmail,19667,31
prefill,prefill,Gmail,19700,31
prefill,prefill,Gmail,19733,28
prefill,prefill,Gmail,19767,23
prefill,prefill,Gmail,19800,37
prefill,prefill,Gmail,19833,19
prefill,prefill,Gmail,19867,25
prefill,prefill,Gmail,19900,24
prefill,prefill,Gmail,19933,26
prefill,prefill,Gmail,19967,31
prefill,prefill,Gmail,20000,31
prefill,prefill,Gmail,20033,28
prefill,prefill,Gmail,20067,23
prefill,prefill,Gmail,20100,37
prefill,prefill,Gmail,20133,19
prefill,prefill,Gmail,20167,25
prefill,prefill,Gmail,20200,24
prefill,prefill,Gmail,20233,26
prefill,prefill,Gmail,20267,31
prefill,prefill,Gmail,20300,31
prefill,prefill,Gmail,20333,28
prefill,prefill,Gmail,20367,23
prefill,prefill,Gmail,20400,37
prefill,prefill,Gmail,20433,19
prefill,prefill,Gmail,20467,25
prefill,prefill,Gmail,20500,24
prefill,prefill,Gmail,20533,26
prefill,prefill,Gmail,20567,31
prefill,prefill,Gmail,20600,31
prefill,prefill,Gmail,20633,28
prefill,prefill,Gmail,20667,23
prefill,prefill,Gmail,20700,37
prefill,prefill,Gmail,20733,19
prefill,prefill,Gmail,20767,25
prefill,prefill,Gmail,20800,24
prefill,prefill,Gmail,20833,26
prefill,prefill,Gmail,20867,31
prefill,prefill,Gmail,20900,31
prefill,prefill,Gmail,20933,28
prefill,prefill,Gmail,20967,23
prefill,prefill,Gmail,21000,37
prefill,prefill,Gmail,21033,19
prefill,prefill,Gmail,21067,25
prefill,prefill,Gmail,21100,24
prefill,prefill,Gmail,21133,26
prefill,prefill,Gmail,21167,31
prefill,prefill,Gmail,21200,31
prefill,prefill,Gmail,21233,28
prefill,prefill,Gmail,21267,23
prefill,prefill,Gmail,21300,37
prefill,prefill,Gmail,21333,19
prefill,prefill,Gmail,21367,25
prefill,prefill,Gmail,21400,24
prefill,prefill,Gmail,21433,26
prefill,prefill,Gmail,21467,31
prefill,prefill,Gmail,21500,31
prefill,prefill,Gmail,21533,28
prefill,prefill,Gmail,21567,23
prefill,prefill,Gmail,21600,37
prefill,prefill,Gmail,21633,19
prefill,prefill,Gmail,21667,25
prefill,prefill,Gmail,21700,24
prefill,prefill,Gmail,21733,26
prefill,prefill,Gmail,21767,31
prefill,prefill,Gmail,21800,31
prefill,prefill,Gmail,21833,28
prefill,prefill,Gmail,21867,23
prefill,prefill,Gmail,21900,37
prefill,prefill,Gmail,21933,19
prefill,prefill,Gmail,21967,25
prefill,prefill,Gmail,22000,24
prefill,prefill,Gmail,22033,26
prefill,prefill,Gmail,22067,31
prefill,prefill,Gmail,22100,31
prefill,prefill,Gmail,22133,28
prefill,prefill,Gmail,22167,23
prefill,prefill,Gmail,22200,37
prefill,prefill,Gmail,22233,19
prefill,prefill,Gmail,22267,25
prefill,prefill,Gmail,22300,24
prefill,prefill,Gmail,22333,26
prefill,prefill,Gmail,22367,31
prefill,prefill,Gmail,22400,31
prefill,prefill,Gmail,22433,28
prefill,prefill,Gmail,22467,23
prefill,prefill,Gmail,22500,37
prefill,prefill,Gmail,22533,19
prefill,prefill,Gmail,22567,25
prefill,prefill,Gmail,22600,24
prefill,prefill,Gmail,22633,26
prefill,prefill,Gmail,22667,31
prefill,prefill,Gmail,22700,31
prefill,prefill,Gmail,22733,28
prefill,prefill,Gmail,22767,23
prefill,prefill,Gmail,22800,37
prefill,prefill,Gmail,22833,19
prefill,prefill,Gmail,22867,25
prefill,prefill,Gmail,22900,24
prefill,prefill,Gmail,22933,26
prefill,prefill,Gmail,22967,31
prefill,prefill,Gmail,23000,31
prefill,prefill,Gmail,23033,28
prefill,prefill,Gmail,23067,23
prefill,prefill,Gmail,23100,37
prefill,prefill,Gmail,23133,19
prefill,prefill,Gmail,23167,25
prefill,prefill,Gmail,23200,24
prefill,prefill,Gmail,23233,26
prefill,prefill,Gmail,23267,31
prefill,prefill,Gmail,23300,31
prefill,prefill,Gmail,23333,28
prefill,prefill,Gmail,23367,23
prefill,prefill,Gmail,23400,37
prefill,prefill,Gmail,23433,19
prefill,prefill,Gmail,23467,25
prefill,prefill,Gmail,23500,24
prefill,prefill,Gmail,23533,26
prefill,prefill,Gmail,23567,31
prefill,prefill,Gmail,23600,31
prefill,prefill,Gmail,23633,28
prefill,prefill,Gmail,23667,23
prefill,prefill,Gmail,23700,37
prefill,prefill,Gmail,23733,19
prefill,prefill,Gmail,23767,25
prefill,prefill,Gmail,23800,24
prefill,prefill,Gmail,23833,26
prefill,prefill,Gmail,23867,31
prefill,prefill,Gmail,23900,31
prefill,prefill,Gmail,23933,28
prefill,prefill,Gmail,23967,23
prefill,prefill,Gmail,24000,37
prefill,prefill,Gmail,24033,19
prefill,prefill,Gmail,24067,25
prefill,prefill,Gmail,24100,24
prefill,prefill,Gmail,24133,26
prefill,prefill,Gmail,24167,31
prefill,prefill,Gmail,24200,31
prefill,prefill,Gmail,24233,28
prefill,prefill,Gmail,24267,23
prefill,prefill,Gmail,24300,37
prefill,prefill,Gmail,24333,19
prefill,prefill,Gmail,24367,25
prefill,prefill,Gmail,24400,24
prefill,prefill,Gmail,24433,26
prefill,prefill,Gmail,24467,31
prefill,prefill,Gmail,24500,31
prefill,prefill,Gmail,24533,28
prefill,prefill,Gmail,24567,23
prefill,prefill,Gmail,24600,37
prefill,prefill,Gmail,24633,19
prefill,prefill,Gmail,24667,25
prefill,prefill,Gmail,24700,24
prefill,prefill,Gmail,24733,26
prefill,prefill,Gmail,24767,31
prefill,prefill,Gmail,24800,31
prefill,prefill,Gmail,24833,28
prefill,prefill,Gmail,24867,23
prefill,prefill,Gmail,24900,37
prefill,prefill,Gmail,24933,19
prefill,prefill,Gmail,24967,25
prefill,prefill,Gmail,25000,24
prefill,prefill,Gmail,25033,26
prefill,prefill,Gmail,25067,31
prefill,prefill,Gmail,25100,31
prefill,prefill,Gmail,25133,28
prefill,prefill,Gmail,25167,23
prefill,prefill,Gmail,25200,37
prefill,prefill,Gmail,25233,19
prefill,prefill,Gmail,25267,25
prefill,prefill,Gmail,25300,24
prefill,prefill,Gmail,25333,26
prefill,prefill,Gmail,25367,31
prefill,prefill,Gmail,25400,31
prefill,prefill,Gmail,25433,28
prefill,prefill,Gmail,25467,23
prefill,prefill,Gmail,25500,37
prefill,prefill,Gmail,25533,19
prefill,prefill,Gmail,25567,25
prefill,prefill,Gmail,25600,24
prefill,prefill,Gmail,25633,26
prefill,prefill,Gmail,25667,31
prefill,prefill,Gmail,25700,31
prefill,prefill,Gmail,25733,28
prefill,prefill,Gmail,25767,23
prefill,prefill,Gmail,25800,37
prefill,prefill,Gmail,25833,19
prefill,prefill,Gmail,25867,25
prefill,prefill,Gmail,25900,24
prefill,prefill,Gmail,25933,26
prefill,prefill,Gmail,25967,31
prefill,prefill,Gmail,26000,31
prefill,prefill,Gmail,26033,28
prefill,prefill,Gmail,26067,23
prefill,prefill,Gmail,26100,37
prefill,prefill,Gmail,26133,19
prefill,prefill,Gmail,26167,25
prefill,prefill,Gmail,26200,24
prefill,prefill,Gmail,26233,26
prefill,prefill,Gmail,26267,31
prefill,prefill,Gmail,26300,31
prefill,prefill,Gmail,26333,28
prefill,prefill,Gmail,26367,23
prefill,prefill,Gmail,26400,37
prefill,prefill,Gmail,26433,19
prefill,prefill,Gmail,26467,25
prefill,prefill,Gmail,26500,24
prefill,prefill,Gmail,26533,26
prefill,prefill,Gmail,26567,31
prefill,prefill,Gmail,26600,31
prefill,prefill,Gmail,26633,28
prefill,prefill,Gmail,26667,23
prefill,prefill,Gmail,26700,37
prefill,prefill,Gmail,26733,19
prefill,prefill,Gmail,26767,25
prefill,prefill,Gmail,26800,24
prefill,prefill,Gmail,26833,26
prefill,prefill,Gmail,26867,31
prefill,prefill,Gmail,26900,31
prefill,prefill,Gmail,26933,28
prefill,prefill,Gmail,26967,23
prefill,prefill,Gmail,27000,37
prefill,prefill,Gmail,27033,19
prefill,prefill,Gmail,27067,25
prefill,prefill,Gmail,27100,24
prefill,prefill,Gmail,27133,26
prefill,prefill,Gmail,27167,31
prefill,prefill,Gmail,27200,31
prefill,prefill,Gmail,27233,28
prefill,prefill,Gmail,27267,23
prefill,prefill,Gmail,27300,37
prefill,prefill,Gmail,27333,19
prefill,prefill,Gmail,27367,25
prefill,prefill,Gmail,27400,24
prefill,prefill,Gmail,27433,26
prefill,prefill,Gmail,27467,31
prefill,prefill,Gmail,27500,31
prefill,prefill,Gmail,27533,28
prefill,prefill,Gmail,27567,23
prefill,prefill,Gmail,27600,37
prefill,prefill,Gmail,27633,19
prefill,prefill,Gmail,27667,25
prefill,prefill,Gmail,27700,24
prefill,prefill,Gmail,27733,26
prefill,prefill,Gmail,27767,31
prefill,prefill,Gmail,27800,31
prefill,prefill,Gmail,27833,28
prefill,prefill,Gmail,27867,23
prefill,prefill,Gmail,27900,37
prefill,prefill,Gmail,27933,19
prefill,prefill,Gmail,27967,25
prefill,prefill,Gmail,28000,24
prefill,prefill,Gmail,28033,26
prefill,prefill,Gmail,28067,31
prefill,prefill,Gmail,28100,31
prefill,prefill,Gmail,28133,28
prefill,prefill,Gmail,28167,23
prefill,prefill,Gmail,28200,37
prefill,prefill,Gmail,28233,19
prefill,prefill,Gmail,28267,25
prefill,prefill,Gmail,28300,24
prefill,prefill,Gmail,28333,26
prefill,prefill,Gmail,28367,31
prefill,prefill,Gmail,28400,31
prefill,prefill,Gmail,28433,28
prefill,prefill,Gmail,28467,23
prefill,prefill,Gmail,28500,37
prefill,prefill,Gmail,28533,19
prefill,prefill,Gmail,28567,25
prefill,prefill,Gmail,28600,24
prefill,prefill,Gmail,28633,26
prefill,prefill,Gmail,28667,31
prefill,prefill,Gmail,28700,31
prefill,prefill,Gmail,28733,28
prefill,prefill,Gmail,28767,23
prefill,prefill,Gmail,28800,37
prefill,prefill,Gmail,28833,19
prefill,prefill,Gmail,28867,25
prefill,prefill,Gmail,28900,24
prefill,prefill,Gmail,28933,26
prefill,prefill,Gmail,28967,31
prefill,prefill,Gmail,29000,31
prefill,prefill,Gmail,29033,28
prefill,prefill,Gmail,29067,23
prefill,prefill,Gmail,29100,37
prefill,prefill,Gmail,29133,19
prefill,prefill,Gmail,29167,25
prefill,prefill,Gmail,29200,24
prefill,prefill,Gmail,29233,26
prefill,prefill,Gmail,29267,31
prefill,prefill,Gmail,29300,31
prefill,prefill,Gmail,29333,28
prefill,prefill,Gmail,29367,23
prefill,prefill,Gmail,29400,37
prefill,prefill,Gmail,29433,19
prefill,prefill,Gmail,29467,25
prefill,prefill,Gmail,29500,24
prefill,prefill,Gmail,29533,26
prefill,prefill,Gmail,29567,31
prefill,prefill,Gmail,29600,31
prefill,prefill,Gmail,29633,28
prefill,prefill,Gmail,29667,23
prefill,prefill,Gmail,29700,37
prefill,prefill,Gmail,29733,19
prefill,prefill,Gmail,29767,25
prefill,prefill,Gmail,29800,24
prefill,prefill,Gmail,29833,26
prefill,prefill,Gmail,29867,31
prefill,prefill,Gmail,29900,31
prefill,prefill,Gmail,29933,28
prefill,prefill,Gmail,29967,23
prefill,prefill,Gmail,30000,37
prefill,prefill,Gmail,30033,19
prefill,prefill,Gmail,30067,25
prefill,prefill,Gmail,30100,24
prefill,prefill,Gmail,30133,26
prefill,prefill,Gmail,30167,31
prefill,prefill,Gmail,30200,31
prefill,prefill,Gmail,30233,28
prefill,prefill,Gmail,30267,23
prefill,prefill,Gmail,30300,37
prefill,prefill,Gmail,30333,19
prefill,prefill,Gmail,30367,25
prefill,prefill,Gmail,30400,24
prefill,prefill,Gmail,30433,26
prefill,prefill,Gmail,30467,31
prefill,prefill,Gmail,30500,31
prefill,prefill,Gmail,30533,28
prefill,prefill,Gmail,30567,23
prefill,prefill,Gmail,30600,37
prefill,prefill,Gmail,30633,19
prefill,prefill,Gmail,30667,25
prefill,prefill,Gmail,30700,24
prefill,prefill,Gmail,30733,26
prefill,prefill,Gmail,30767,31
prefill,prefill,Gmail,30800,31
prefill,prefill,Gmail,30833,28
prefill,prefill,Gmail,30867,23
prefill,prefill,Gmail,30900,37
prefill,prefill,Gmail,30933,19
prefill,prefill,Gmail,30967,25
prefill,prefill,Gmail,31000,24
prefill,prefill,Gmail,31033,26
prefill,prefill,Gmail,31067,31
prefill,prefill,Gmail,31100,31
prefill,prefill,Gmail,31133,28
prefill,prefill,Gmail,31167,23
prefill,prefill,Gmail,31200,37
prefill,prefill,Gmail,31233,19
prefill,prefill,Gmail,31267,25
prefill,prefill,Gmail,31300,24
prefill,prefill,Gmail,31333,26
prefill,prefill,Gmail,31367,31
prefill,prefill,Gmail,31400,31
prefill,prefill,Gmail,31433,28
prefill,prefill,Gmail,31467,23
prefill,prefill,Gmail,31500,37
prefill,prefill,Gmail,31533,19
prefill,prefill,Gmail,31567,25
prefill,prefill,Gmail,31600,24
prefill,prefill,Gmail,31633,26
prefill,prefill,Gmail,31667,31
prefill,prefill,Gmail,31700,31
prefill,prefill,Gmail,31733,28
prefill,prefill,Gmail,31767,23
prefill,prefill,Gmail,31800,37
prefill,prefill,Gmail,31833,19
prefill,prefill,Gmail,31867,25
prefill,prefill,Gmail,31900,24
prefill,prefill,Gmail,31933,26
prefill,prefill,Gmail,31967,31
prefill,prefill,Gmail,32000,31
prefill,prefill,Gmail,32033,28
prefill,prefill,Gmail,32067,23
prefill,prefill,Gmail,32100,37
prefill,prefill,Gmail,32133,19
prefill,prefill,Gmail,32167,25
prefill,prefill,Gmail,32200,24
prefill,prefill,Gmail,32233,26
prefill,prefill,Gmail,32267,31
prefill,prefill,Gmail,32300,31
prefill,prefill,Gmail,32333,28
prefill,prefill,Gmail,32367,23
prefill,prefill,Gmail,32400,37
prefill,prefill,Gmail,32433,19
prefill,prefill,Gmail,32467,25
prefill,prefill,Gmail,32500,24
prefill,prefill,Gmail,32533,26
prefill,prefill,Gmail,32567,31
prefill,prefill,Gmail,32600,31
prefill,prefill,Gmail,32633,28
prefill,prefill,Gmail,32667,23
prefill,prefill,Gmail,32700,37
prefill,prefill,Gmail,32733,19
prefill,prefill,Gmail,32767,25
prefill,prefill,Gmail,32800,24
prefill,prefill,Gmail,32833,26
prefill,prefill,Gmail,32867,31
prefill,prefill,Gmail,32900,31
prefill,prefill,Gmail,32933,28
prefill,prefill,Gmail,32967,23
prefill,prefill,Gmail,33000,37
prefill,prefill,Gmail,33033,19
prefill,prefill,Gmail,33067,25
prefill,prefill,Gmail,33100,24
prefill,prefill,Gmail,33133,26
prefill,prefill,Gmail,33167,31
prefill,prefill,Gmail,33200,31
prefill,prefill,Gmail,33233,28
prefill,prefill,Gmail,33267,23
prefill,prefill,Gmail,33300,37
prefill,prefill,Gmail,33333,19
prefill,prefill,Gmail,33367,25
prefill,prefill,Gmail,33400,24
prefill,prefill,Gmail,33433,26
prefill,prefill,Gmail,33467,31
prefill,prefill,Gmail,33500,31
prefill,prefill,Gmail,33533,28
prefill,prefill,Gmail,33567,23
prefill,prefill,Gmail,33600,37
prefill,prefill,Gmail,33633,19
prefill,prefill,Gmail,33667,25
prefill,prefill,Gmail,33700,24
prefill,prefill,Gmail,33733,26
prefill,prefill,Gmail,33767,31
prefill,prefill,Gmail,33800,31
prefill,prefill,Gmail,33833,28
prefill,prefill,Gmail,33867,23
prefill,prefill,Gmail,33900,37
prefill,prefill,Gmail,33933,19
prefill,prefill,Gmail,33967,25
prefill,control,Ssh,0,47
prefill,control,Ssh,38,46
prefill,control,Ssh,75,45
prefill,control,Ssh,112,37
prefill,control,Ssh,150,32
prefill,control,Ssh,188,39
prefill,control,Ssh,225,39
prefill,control,Ssh,262,32
prefill,control,Ssh,300,45
prefill,control,Ssh,338,37
prefill,control,Ssh,375,40
prefill,control,Ssh,412,33
prefill,control,Ssh,450,39
prefill,control,Ssh,488,34
prefill,control,Ssh,525,32
prefill,control,Ssh,562,24
prefill,control,Ssh,600,38
prefill,control,Ssh,638,34
prefill,control,Ssh,675,44
prefill,control,Ssh,712,42
prefill,control,Ssh,750,33
prefill,control,Ssh,788,27
prefill,control,Ssh,825,39
prefill,control,Ssh,862,41
prefill,control,Ssh,900,49
prefill,control,Ssh,938,41
prefill,control,Ssh,975,37
prefill,control,Ssh,1012,36
prefill,control,Ssh,1050,27
prefill,control,Ssh,1088,21
prefill,control,Ssh,1125,36
prefill,control,Ssh,1162,32
prefill,control,Ssh,1200,41
prefill,control,Ssh,1238,34
prefill,control,Ssh,1275,30
prefill,control,Ssh,1312,29
prefill,control,Ssh,1350,42
prefill,control,Ssh,1388,34
prefill,control,Ssh,1425,29
prefill,control,Ssh,1462,38
prefill,control,Ssh,1500,52
prefill,control,Ssh,1538,51
prefill,control,Ssh,1575,44
prefill,control,Ssh,1612,39
prefill,control,Ssh,1650,33
prefill,control,Ssh,1688,44
prefill,control,Ssh,1725,36
prefill,control,Ssh,1762,32
prefill,control,Ssh,1800,41
prefill,control,Ssh,1838,45
prefill,control,Ssh,1875,37
prefill,control,Ssh,1912,33
prefill,control,Ssh,1950,39
prefill,control,Ssh,1988,38
prefill,control,Ssh,2000,53
prefill,control,Ssh,2050,33
prefill,control,Ssh,2100,32
prefill,control,Ssh,2150,43
prefill,control,Ssh,2200,36
prefill,control,Ssh,2250,35
prefill,control,Ssh,2300,29
prefill,control,Ssh,2350,24
prefill,control,Ssh,2400,38
prefill,control,Ssh,2450,37
prefill,control,Ssh,2500,30
prefill,control,Ssh,2550,41
prefill,control,Ssh,2600,35
prefill,control,Ssh,2650,30
prefill,control,Ssh,2700,26
prefill,control,Ssh,2750,37
prefill,control,Ssh,2800,45
prefill,control,Ssh,2850,26
prefill,control,Ssh,2900,47
prefill,control,Ssh,2950,27
prefill,control,Ssh,3000,44
prefill,control,Ssh,3050,25
prefill,control,Ssh,3100,42
prefill,control,Ssh,3150,26
prefill,control,Ssh,3200,44
prefill,control,Ssh,3250,36
prefill,control,Ssh,3300,41
prefill,control,Ssh,3350,25
prefill,control,Ssh,3400,42
prefill,control,Ssh,3450,23
prefill,control,Ssh,3500,35
prefill,control,Ssh,3550,24
prefill,control,Ssh,3600,29
prefill,control,Ssh,3650,22
prefill,control,Ssh,3700,33
prefill,control,Ssh,3750,20
prefill,control,Ssh,3800,32
prefill,control,Ssh,3850,24
prefill,control,Ssh,3900,32
prefill,control,Ssh,3950,25
prefill,control,Ssh,4000,33
prefill,control,Ssh,4050,20
prefill,control,Ssh,4100,38
prefill,control,Ssh,4150,24
prefill,control,Ssh,4200,26
prefill,control,Ssh,4250,25
prefill,control,Ssh,4300,27
prefill,control,Ssh,4350,20
prefill,control,Ssh,4400,38
prefill,control,Ssh,4450,24
prefill,control,Ssh,4500,26
prefill,control,Ssh,4550,25
prefill,control,Ssh,4600,27
prefill,control,Ssh,4650,20
prefill,control,Ssh,4700,38
prefill,control,Ssh,4750,24
prefill,control,Ssh,4800,26
prefill,control,Ssh,4850,25
prefill,control,Ssh,4900,27
prefill,control,Ssh,4950,20
prefill,control,Ssh,5000,40
prefill,control,Ssh,5050,28
prefill,control,Ssh,5100,34
prefill,control,Ssh,5150,28
prefill,control,Ssh,5200,35
prefill,control,Ssh,5250,28
prefill,control,Ssh,5300,39
prefill,control,Ssh,5350,29
prefill,control,Ssh,5400,35
prefill,control,Ssh,5450,29
prefill,control,Ssh,5500,35
prefill,control,Ssh,5550,28
prefill,control,Ssh,5600,39
prefill,control,Ssh,5650,29
prefill,control,Ssh,5700,35
prefill,control,Ssh,5750,29
prefill,control,Ssh,5800,35
prefill,control,Ssh,5850,28
prefill,control,Ssh,5900,39
prefill,control,Ssh,5950,29
prefill,control,Ssh,6000,35
prefill,control,Ssh,6050,29
prefill,control,Ssh,6100,35
prefill,control,Ssh,6150,28
prefill,control,Ssh,6200,39
prefill,control,Ssh,6250,29
prefill,control,Ssh,6300,35
prefill,control,Ssh,6350,29
prefill,control,Ssh,6400,35
prefill,control,Ssh,6450,28
prefill,control,Ssh,6500,39
prefill,control,Ssh,6550,29
prefill,control,Ssh,6600,35
prefill,control,Ssh,6650,29
prefill,control,Ssh,6700,35
prefill,control,Ssh,6750,28
prefill,control,Ssh,6800,39
prefill,control,Ssh,6850,29
prefill,control,Ssh,6900,35
prefill,control,Ssh,6950,29
prefill,control,Ssh,7000,35
prefill,control,Ssh,7050,28
prefill,control,Ssh,7100,39
prefill,control,Ssh,7150,29
prefill,control,Ssh,7200,35
prefill,control,Ssh,7250,29
prefill,control,Ssh,7300,35
prefill,control,Ssh,7350,28
prefill,control,Ssh,7400,39
prefill,control,Ssh,7450,29
prefill,control,Ssh,7500,35
prefill,control,Ssh,7550,29
prefill,control,Ssh,7600,35
prefill,control,Ssh,7650,28
prefill,control,Ssh,7700,39
prefill,control,Ssh,7750,29
prefill,control,Ssh,7800,35
prefill,control,Ssh,7850,29
prefill,control,Ssh,7900,35
prefill,control,Ssh,7950,28
prefill,control,Ssh,8000,39
prefill,control,Ssh,8050,29
prefill,control,Ssh,8100,35
prefill,control,Ssh,8150,29
prefill,control,Ssh,8200,35
prefill,control,Ssh,8250,28
prefill,control,Ssh,8300,39
prefill,control,Ssh,8350,29
prefill,control,Ssh,8400,35
prefill,control,Ssh,8450,29
prefill,control,Ssh,8500,35
prefill,control,Ssh,8550,28
prefill,control,Ssh,8600,39
prefill,control,Ssh,8650,29
prefill,control,Ssh,8700,35
prefill,control,Ssh,8750,29
prefill,control,Ssh,8800,35
prefill,control,Ssh,8850,28
prefill,control,Ssh,8900,39
prefill,control,Ssh,8950,29
prefill,control,Ssh,9000,35
prefill,control,Ssh,9050,29
prefill,control,Ssh,9100,35
prefill,control,Ssh,9150,28
prefill,control,Ssh,9200,39
prefill,control,Ssh,9250,29
prefill,control,Ssh,9300,35
prefill,control,Ssh,9350,29
prefill,control,Ssh,9400,35
prefill,control,Ssh,9450,28
prefill,control,Ssh,9500,39
prefill,control,Ssh,9550,29
prefill,control,Ssh,9600,35
prefill,control,Ssh,9650,29
prefill,control,Ssh,9700,35
prefill,control,Ssh,9750,28
prefill,control,Ssh,9800,39
prefill,control,Ssh,9850,29
prefill,control,Ssh,9900,35
prefill,control,Ssh,9950,29
prefill,control,Ssh,10000,35
prefill,control,Ssh,10050,28
prefill,control,Ssh,10100,39
prefill,control,Ssh,10150,29
prefill,control,Ssh,10200,35
prefill,control,Ssh,10250,29
prefill,control,Ssh,10300,35
prefill,control,Ssh,10350,28
prefill,control,Ssh,10400,39
prefill,control,Ssh,10450,29
prefill,control,Ssh,10500,35
prefill,control,Ssh,10550,29
prefill,control,Ssh,10600,35
prefill,control,Ssh,10650,28
prefill,control,Ssh,10700,39
prefill,control,Ssh,10750,29
prefill,control,Ssh,10800,35
prefill,control,Ssh,10850,29
prefill,control,Ssh,10900,35
prefill,control,Ssh,10950,28
prefill,control,Ssh,11000,39
prefill,control,Ssh,11050,29
prefill,control,Ssh,11100,35
prefill,control,Ssh,11150,29
prefill,control,Ssh,11200,35
prefill,control,Ssh,11250,28
prefill,control,Ssh,11300,39
prefill,control,Ssh,11350,29
prefill,control,Ssh,11400,35
prefill,control,Ssh,11450,29
prefill,control,Ssh,11500,35
prefill,control,Ssh,11550,28
prefill,control,Ssh,11600,39
prefill,control,Ssh,11650,29
prefill,control,Ssh,11700,35
prefill,control,Ssh,11750,29
prefill,control,Ssh,11800,35
prefill,control,Ssh,11850,28
prefill,control,Ssh,11900,39
prefill,control,Ssh,11950,29
prefill,control,Ssh,12000,35
prefill,control,Ssh,12050,29
prefill,control,Ssh,12100,35
prefill,control,Ssh,12150,28
prefill,control,Ssh,12200,39
prefill,control,Ssh,12250,29
prefill,control,Ssh,12300,35
prefill,control,Ssh,12350,29
prefill,control,Ssh,12400,35
prefill,control,Ssh,12450,28
prefill,control,Ssh,12500,39
prefill,control,Ssh,12550,29
prefill,control,Ssh,12600,35
prefill,control,Ssh,12650,29
prefill,control,Ssh,12700,35
prefill,control,Ssh,12750,28
prefill,control,Ssh,12800,39
prefill,control,Ssh,12850,29
prefill,control,Ssh,12900,35
prefill,control,Ssh,12950,29
prefill,control,Ssh,13000,35
prefill,control,Ssh,13050,28
prefill,control,Ssh,13100,39
prefill,control,Ssh,13150,29
prefill,control,Ssh,13200,35
prefill,control,Ssh,13250,29
prefill,control,Ssh,13300,35
prefill,control,Ssh,13350,28
prefill,control,Ssh,13400,39
prefill,control,Ssh,13450,29
prefill,control,Ssh,13500,35
prefill,control,Ssh,13550,29
prefill,control,Ssh,13600,35
prefill,control,Ssh,13650,28
prefill,control,Ssh,13700,39
prefill,control,Ssh,13750,29
prefill,control,Ssh,13800,35
prefill,control,Ssh,13850,29
prefill,control,Ssh,13900,35
prefill,control,Ssh,13950,28
prefill,control,Ssh,14000,39
prefill,control,Ssh,14050,29
prefill,control,Ssh,14100,35
prefill,control,Ssh,14150,29
prefill,control,Ssh,14200,35
prefill,control,Ssh,14250,28
prefill,control,Ssh,14300,39
prefill,control,Ssh,14350,29
prefill,control,Ssh,14400,35
prefill,control,Ssh,14450,29
prefill,control,Ssh,14500,35
prefill,control,Ssh,14550,28
prefill,control,Ssh,14600,39
prefill,control,Ssh,14650,29
prefill,control,Ssh,14700,35
prefill,control,Ssh,14750,29
prefill,control,Ssh,14800,35
prefill,control,Ssh,14850,28
prefill,control,Ssh,14900,39
prefill,control,Ssh,14950,29
prefill,control,Ssh,15000,35
prefill,control,Ssh,15050,29
prefill,control,Ssh,15100,35
prefill,control,Ssh,15150,28
prefill,control,Ssh,15200,39
prefill,control,Ssh,15250,29
prefill,control,Ssh,15300,35
prefill,control,Ssh,15350,29
prefill,control,Ssh,15400,35
prefill,control,Ssh,15450,28
prefill,control,Ssh,15500,39
prefill,control,Ssh,15550,29
prefill,control,Ssh,15600,35
prefill,control,Ssh,15650,29
prefill,control,Ssh,15700,35
prefill,control,Ssh,15750,28
prefill,control,Ssh,15800,39
prefill,control,Ssh,15850,29
prefill,control,Ssh,15900,35
prefill,control,Ssh,15950,29
prefill,control,Ssh,16000,35
prefill,control,Ssh,16050,28
prefill,control,Ssh,16100,39
prefill,control,Ssh,16150,29
prefill,control,Ssh,16200,35
prefill,control,Ssh,16250,29
prefill,control,Ssh,16300,35
prefill,control,Ssh,16350,28
prefill,control,Ssh,16400,39
prefill,control,Ssh,16450,29
prefill,control,Ssh,16500,35
prefill,control,Ssh,16550,29
prefill,control,Ssh,16600,35
prefill,control,Ssh,16650,28
prefill,control,Ssh,16700,39
prefill,control,Ssh,16750,29
prefill,control,Ssh,16800,35
prefill,control,Ssh,16850,29
prefill,control,Ssh,16900,35
prefill,control,Ssh,16950,28
prefill,control,Ssh,17000,39
prefill,control,Ssh,17050,29
prefill,control,Ssh,17100,35
prefill,control,Ssh,17150,29
prefill,control,Ssh,17200,35
prefill,control,Ssh,17250,28
prefill,control,Ssh,17300,39
prefill,control,Ssh,17350,29
prefill,control,Ssh,17400,35
prefill,control,Ssh,17450,29
prefill,control,Ssh,17500,35
prefill,control,Ssh,17550,28
prefill,control,Ssh,17600,39
prefill,control,Ssh,17650,29
prefill,control,Ssh,17700,35
prefill,control,Ssh,17750,29
prefill,control,Ssh,17800,35
prefill,control,Ssh,17850,28
prefill,control,Ssh,17900,39
prefill,control,Ssh,17950,29
prefill,control,Ssh,18000,35
prefill,control,Ssh,18050,29
prefill,control,Ssh,18100,35
prefill,control,Ssh,18150,28
prefill,control,Ssh,18200,39
prefill,control,Ssh,18250,29
prefill,control,Ssh,18300,35
prefill,control,Ssh,18350,29
prefill,control,Ssh,18400,35
prefill,control,Ssh,18450,28
prefill,control,Ssh,18500,39
prefill,control,Ssh,18550,29
prefill,control,Ssh,18600,35
prefill,control,Ssh,18650,29
prefill,control,Ssh,18700,35
prefill,control,Ssh,18750,28
prefill,control,Ssh,18800,39
prefill,control,Ssh,18850,29
prefill,control,Ssh,18900,35
prefill,control,Ssh,18950,29
prefill,control,Ssh,19000,35
prefill,control,Ssh,19050,28
prefill,control,Ssh,19100,39
prefill,control,Ssh,19150,29
prefill,control,Ssh,19200,35
prefill,control,Ssh,19250,29
prefill,control,Ssh,19300,35
prefill,control,Ssh,19350,28
prefill,control,Ssh,19400,39
prefill,control,Ssh,19450,29
prefill,control,Ssh,19500,35
prefill,control,Ssh,19550,29
prefill,control,Ssh,19600,35
prefill,control,Ssh,19650,28
prefill,control,Ssh,19700,39
prefill,control,Ssh,19750,29
prefill,control,Ssh,19800,35
prefill,control,Ssh,19850,29
prefill,control,Ssh,19900,35
prefill,control,Ssh,19950,28
prefill,control,Ssh,20000,39
prefill,control,Ssh,20050,29
prefill,control,Ssh,20100,35
prefill,control,Ssh,20150,29
prefill,control,Ssh,20200,35
prefill,control,Ssh,20250,28
prefill,control,Ssh,20300,39
prefill,control,Ssh,20350,29
prefill,control,Ssh,20400,35
prefill,control,Ssh,20450,29
prefill,control,Ssh,20500,35
prefill,control,Ssh,20550,28
prefill,control,Ssh,20600,39
prefill,control,Ssh,20650,29
prefill,control,Ssh,20700,35
prefill,control,Ssh,20750,29
prefill,control,Ssh,20800,35
prefill,control,Ssh,20850,28
prefill,control,Ssh,20900,39
prefill,control,Ssh,20950,29
prefill,control,Ssh,21000,35
prefill,control,Ssh,21050,29
prefill,control,Ssh,21100,35
prefill,control,Ssh,21150,28
prefill,control,Ssh,21200,39
prefill,control,Ssh,21250,29
prefill,control,Ssh,21300,35
prefill,control,Ssh,21350,29
prefill,control,Ssh,21400,35
prefill,control,Ssh,21450,28
prefill,control,Ssh,21500,39
prefill,control,Ssh,21550,29
prefill,control,Ssh,21600,35
prefill,control,Ssh,21650,29
prefill,control,Ssh,21700,35
prefill,control,Ssh,21750,28
prefill,control,Ssh,21800,39
prefill,control,Ssh,21850,29
prefill,control,Ssh,21900,35
prefill,control,Ssh,21950,29
prefill,control,Ssh,22000,35
prefill,control,Ssh,22050,28
prefill,control,Ssh,22100,39
prefill,control,Ssh,22150,29
prefill,control,Ssh,22200,35
prefill,control,Ssh,22250,29
prefill,control,Ssh,22300,35
prefill,control,Ssh,22350,28
prefill,control,Ssh,22400,39
prefill,control,Ssh,22450,29
prefill,control,Ssh,22500,35
prefill,control,Ssh,22550,29
prefill,control,Ssh,22600,35
prefill,control,Ssh,22650,28
prefill,control,Ssh,22700,39
prefill,control,Ssh,22750,29
prefill,control,Ssh,22800,35
prefill,control,Ssh,22850,29
prefill,control,Ssh,22900,35
prefill,control,Ssh,22950,28
prefill,control,Ssh,23000,39
prefill,control,Ssh,23050,29
prefill,control,Ssh,23100,35
prefill,control,Ssh,23150,29
prefill,control,Ssh,23200,35
prefill,control,Ssh,23250,28
prefill,control,Ssh,23300,39
prefill,control,Ssh,23350,29
prefill,control,Ssh,23400,35
prefill,control,Ssh,23450,29
prefill,control,Ssh,23500,35
prefill,control,Ssh,23550,28
prefill,control,Ssh,23600,39
prefill,control,Ssh,23650,29
prefill,control,Ssh,23700,35
prefill,control,Ssh,23750,29
prefill,control,Ssh,23800,35
prefill,control,Ssh,23850,28
prefill,control,Ssh,23900,39
prefill,control,Ssh,23950,29
prefill,control,Ssh,24000,35
prefill,control,Ssh,24050,29
prefill,control,Ssh,24100,35
prefill,control,Ssh,24150,28
prefill,control,Ssh,24200,39
prefill,control,Ssh,24250,29
prefill,control,Ssh,24300,35
prefill,control,Ssh,24350,29
prefill,control,Ssh,24400,35
prefill,control,Ssh,24450,28
prefill,control,Ssh,24500,39
prefill,control,Ssh,24550,29
prefill,control,Ssh,24600,35
prefill,control,Ssh,24650,29
prefill,control,Ssh,24700,35
prefill,control,Ssh,24750,28
prefill,control,Ssh,24800,39
prefill,control,Ssh,24850,29
prefill,control,Ssh,24900,35
prefill,control,Ssh,24950,29
prefill,control,Ssh,25000,35
prefill,control,Ssh,25050,28
prefill,control,Ssh,25100,39
prefill,control,Ssh,25150,29
prefill,control,Ssh,25200,35
prefill,control,Ssh,25250,29
prefill,control,Ssh,25300,35
prefill,control,Ssh,25350,28
prefill,control,Ssh,25400,39
prefill,control,Ssh,25450,29
prefill,control,Ssh,25500,35
prefill,control,Ssh,25550,29
prefill,control,Ssh,25600,35
prefill,control,Ssh,25650,28
prefill,control,Ssh,25700,39
prefill,control,Ssh,25750,29
prefill,control,Ssh,25800,35
prefill,control,Ssh,25850,29
prefill,control,Ssh,25900,35
prefill,control,Ssh,25950,28
prefill,control,Ssh,26000,39
prefill,control,Ssh,26050,29
prefill,control,Ssh,26100,35
prefill,control,Ssh,26150,29
prefill,control,Ssh,26200,35
prefill,control,Ssh,26250,28
prefill,control,Ssh,26300,39
prefill,control,Ssh,26350,29
prefill,control,Ssh,26400,35
prefill,control,Ssh,26450,29
prefill,control,Ssh,26500,35
prefill,control,Ssh,26550,28
prefill,control,Ssh,26600,39
prefill,control,Ssh,26650,29
prefill,control,Ssh,26700,35
prefill,control,Ssh,26750,29
prefill,control,Ssh,26800,35
prefill,control,Ssh,26850,28
prefill,control,Ssh,26900,39
prefill,control,Ssh,26950,29
prefill,control,Ssh,27000,35
prefill,control,Ssh,27050,29
prefill,control,Ssh,27100,35
prefill,control,Ssh,27150,28
prefill,control,Ssh,27200,39
prefill,control,Ssh,27250,29
prefill,control,Ssh,27300,35
prefill,control,Ssh,27350,29
prefill,control,Ssh,27400,35
prefill,control,Ssh,27450,28
prefill,control,Ssh,27500,39
prefill,control,Ssh,27550,29
prefill,control,Ssh,27600,35
prefill,control,Ssh,27650,29
prefill,control,Ssh,27700,35
prefill,control,Ssh,27750,28
prefill,control,Ssh,27800,39
prefill,control,Ssh,27850,29
prefill,control,Ssh,27900,35
prefill,control,Ssh,27950,29
prefill,control,Ssh,28000,35
prefill,control,Ssh,28050,28
prefill,control,Ssh,28100,39
prefill,control,Ssh,28150,29
prefill,control,Ssh,28200,35
prefill,control,Ssh,28250,29
prefill,control,Ssh,28300,35
prefill,control,Ssh,28350,28
prefill,control,Ssh,28400,39
prefill,control,Ssh,28450,29
prefill,control,Ssh,28500,35
prefill,control,Ssh,28550,29
prefill,control,Ssh,28600,35
prefill,control,Ssh,28650,28
prefill,control,Ssh,28700,39
prefill,control,Ssh,28750,29
prefill,control,Ssh,28800,35
prefill,control,Ssh,28850,29
prefill,control,Ssh,28900,35
prefill,control,Ssh,28950,28
prefill,control,Ssh,29000,39
prefill,control,Ssh,29050,29
prefill,control,Ssh,29100,35
prefill,control,Ssh,29150,29
prefill,control,Ssh,29200,35
prefill,control,Ssh,29250,28
prefill,control,Ssh,29300,39
prefill,control,Ssh,29350,29
prefill,control,Ssh,29400,35
prefill,control,Ssh,29450,29
prefill,control,Ssh,29500,35
prefill,control,Ssh,29550,28
prefill,control,Ssh,29600,39
prefill,control,Ssh,29650,29
prefill,control,Ssh,29700,35
prefill,control,Ssh,29750,29
prefill,control,Ssh,29800,35
prefill,control,Ssh,29850,28
prefill,control,Ssh,29900,39
prefill,control,Ssh,29950,29
prefill,control,Ssh,30000,35
prefill,control,Ssh,30050,29
prefill,control,Ssh,30100,35
prefill,control,Ssh,30150,28
prefill,control,Ssh,30200,39
prefill,control,Ssh,30250,29
prefill,control,Ssh,30300,35
prefill,control,Ssh,30350,29
prefill,control,Ssh,30400,35
prefill,control,Ssh,30450,28
prefill,control,Ssh,30500,39
prefill,control,Ssh,30550,29
prefill,control,Ssh,30600,35
prefill,control,Ssh,30650,29
prefill,control,Ssh,30700,35
prefill,control,Ssh,30750,28
prefill,control,Ssh,30800,39
prefill,control,Ssh,30850,29
prefill,control,Ssh,30900,35
prefill,control,Ssh,30950,29
prefill,control,Ssh,31000,35
prefill,control,Ssh,31050,28
prefill,control,Ssh,31100,39
prefill,control,Ssh,31150,29
prefill,control,Ssh,31200,35
prefill,control,Ssh,31250,29
prefill,control,Ssh,31300,35
prefill,control,Ssh,31350,28
prefill,control,Ssh,31400,39
prefill,control,Ssh,31450,29
prefill,control,Ssh,31500,35
prefill,control,Ssh,31550,29
prefill,control,Ssh,31600,35
prefill,control,Ssh,31650,28
prefill,control,Ssh,31700,39
prefill,control,Ssh,31750,29
prefill,control,Ssh,31800,35
prefill,control,Ssh,31850,29
prefill,control,Ssh,31900,35
prefill,control,Ssh,31950,28
prefill,control,Ssh,32000,39
prefill,control,Ssh,32050,29
prefill,control,Ssh,32100,35
prefill,control,Ssh,32150,29
prefill,control,Ssh,32200,35
prefill,control,Ssh,32250,28
prefill,control,Ssh,32300,39
prefill,control,Ssh,32350,29
prefill,control,Ssh,32400,35
prefill,control,Ssh,32450,29
prefill,control,Ssh,32500,35
prefill,control,Ssh,32550,28
prefill,control,Ssh,32600,39
prefill,control,Ssh,32650,29
prefill,control,Ssh,32700,35
prefill,control,Ssh,32750,29
prefill,control,Ssh,32800,35
prefill,control,Ssh,32850,28
prefill,control,Ssh,32900,39
prefill,control,Ssh,32950,29
prefill,control,Ssh,33000,35
prefill,control,Ssh,33050,29
prefill,control,Ssh,33100,35
prefill,control,Ssh,33150,28
prefill,control,Ssh,33200,39
prefill,control,Ssh,33250,29
prefill,control,Ssh,33300,35
prefill,control,Ssh,33350,29
prefill,control,Ssh,33400,35
prefill,control,Ssh,33450,28
prefill,control,Ssh,33500,39
prefill,control,Ssh,33550,29
prefill,control,Ssh,33600,35
prefill,control,Ssh,33650,29
prefill,control,Ssh,33700,35
prefill,control,Ssh,33750,28
prefill,control,Ssh,33800,39
prefill,control,Ssh,33850,29
prefill,control,Ssh,33900,35
prefill,control,Ssh,33950,29
prefill,prefill,Ssh,0,47
prefill,prefill,Ssh,38,46
prefill,prefill,Ssh,75,45
prefill,prefill,Ssh,112,37
prefill,prefill,Ssh,150,32
prefill,prefill,Ssh,188,39
prefill,prefill,Ssh,225,39
prefill,prefill,Ssh,262,32
prefill,prefill,Ssh,300,45
prefill,prefill,Ssh,338,37
prefill,prefill,Ssh,375,40
prefill,prefill,Ssh,412,33
prefill,prefill,Ssh,450,39
prefill,prefill,Ssh,488,34
prefill,prefill,Ssh,525,32
prefill,prefill,Ssh,562,24
prefill,prefill,Ssh,600,38
prefill,prefill,Ssh,638,34
prefill,prefill,Ssh,675,44
prefill,prefill,Ssh,712,42
prefill,prefill,Ssh,750,33
prefill,prefill,Ssh,788,27
prefill,prefill,Ssh,825,39
prefill,prefill,Ssh,862,41
prefill,prefill,Ssh,900,49
prefill,prefill,Ssh,938,41
prefill,prefill,Ssh,975,37
prefill,prefill,Ssh,1012,36
prefill,prefill,Ssh,1050,27
prefill,prefill,Ssh,1088,21
prefill,prefill,Ssh,1125,36
prefill,prefill,Ssh,1162,32
prefill,prefill,Ssh,1200,41
prefill,prefill,Ssh,1238,34
prefill,prefill,Ssh,1275,30
prefill,prefill,Ssh,1312,29
prefill,prefill,Ssh,1350,42
prefill,prefill,Ssh,1388,34
prefill,prefill,Ssh,1425,29
prefill,prefill,Ssh,1462,38
prefill,prefill,Ssh,1500,52
prefill,prefill,Ssh,1538,51
prefill,prefill,Ssh,1575,44
prefill,prefill,Ssh,1612,39
prefill,prefill,Ssh,1650,33
prefill,prefill,Ssh,1688,44
prefill,prefill,Ssh,1725,36
prefill,prefill,Ssh,1762,32
prefill,prefill,Ssh,1800,41
prefill,prefill,Ssh,1838,45
prefill,prefill,Ssh,1875,37
prefill,prefill,Ssh,1912,33
prefill,prefill,Ssh,1950,39
prefill,prefill,Ssh,1988,613
prefill,prefill,Ssh,2000,1591
prefill,prefill,Ssh,2050,1577
prefill,prefill,Ssh,2100,1566
prefill,prefill,Ssh,2150,1546
prefill,prefill,Ssh,2200,1526
prefill,prefill,Ssh,2250,1509
prefill,prefill,Ssh,2300,1495
prefill,prefill,Ssh,2350,1478
prefill,prefill,Ssh,2400,1467
prefill,prefill,Ssh,2450,1447
prefill,prefill,Ssh,2500,1430
prefill,prefill,Ssh,2550,1413
prefill,prefill,Ssh,2600,1402
prefill,prefill,Ssh,2650,1385
prefill,prefill,Ssh,2700,1374
prefill,prefill,Ssh,2750,1351
prefill,prefill,Ssh,2800,1337
prefill,prefill,Ssh,2850,1326
prefill,prefill,Ssh,2900,1306
prefill,prefill,Ssh,2950,1286
prefill,prefill,Ssh,3000,1269
prefill,prefill,Ssh,3050,1255
prefill,prefill,Ssh,3100,1238
prefill,prefill,Ssh,3150,1227
prefill,prefill,Ssh,3200,1207
prefill,prefill,Ssh,3250,1190
prefill,prefill,Ssh,3300,1173
prefill,prefill,Ssh,3350,1162
prefill,prefill,Ssh,3400,1145
prefill,prefill,Ssh,3450,1134
prefill,prefill,Ssh,3500,1111
prefill,prefill,Ssh,3550,1098
prefill,prefill,Ssh,3600,1087
prefill,prefill,Ssh,3650,1067
prefill,prefill,Ssh,3700,1048
prefill,prefill,Ssh,3750,1032
prefill,prefill,Ssh,3800,1020
prefill,prefill,Ssh,3850,1004
prefill,prefill,Ssh,3900,995
prefill,prefill,Ssh,3950,977
prefill,prefill,Ssh,4000,962
prefill,prefill,Ssh,4050,946
prefill,prefill,Ssh,4100,938
prefill,prefill,Ssh,4150,922
prefill,prefill,Ssh,4200,912
prefill,prefill,Ssh,4250,890
prefill,prefill,Ssh,4300,878
prefill,prefill,Ssh,4350,867
prefill,prefill,Ssh,4400,849
prefill,prefill,Ssh,4450,831
prefill,prefill,Ssh,4500,814
prefill,prefill,Ssh,4550,803
prefill,prefill,Ssh,4600,787
prefill,prefill,Ssh,4650,778
prefill,prefill,Ssh,4700,758
prefill,prefill,Ssh,4750,743
prefill,prefill,Ssh,4800,727
prefill,prefill,Ssh,4850,718
prefill,prefill,Ssh,4900,702
prefill,prefill,Ssh,4950,694
prefill,prefill,Ssh,5000,672
prefill,prefill,Ssh,5050,656
prefill,prefill,Ssh,5100,643
prefill,prefill,Ssh,5150,614
prefill,prefill,Ssh,5200,590
prefill,prefill,Ssh,5250,571
prefill,prefill,Ssh,5300,549
prefill,prefill,Ssh,5350,528
prefill,prefill,Ssh,5400,511
prefill,prefill,Ssh,5450,488
prefill,prefill,Ssh,5500,465
prefill,prefill,Ssh,5550,440
prefill,prefill,Ssh,5600,428
prefill,prefill,Ssh,5650,405
prefill,prefill,Ssh,5700,390
prefill,prefill,Ssh,5750,361
prefill,prefill,Ssh,5800,339
prefill,prefill,Ssh,5850,325
prefill,prefill,Ssh,5900,302
prefill,prefill,Ssh,5950,275
prefill,prefill,Ssh,6000,253
prefill,prefill,Ssh,6050,234
prefill,prefill,Ssh,6100,212
prefill,prefill,Ssh,6150,196
prefill,prefill,Ssh,6200,167
prefill,prefill,Ssh,6250,149
prefill,prefill,Ssh,6300,127
prefill,prefill,Ssh,6350,112
prefill,prefill,Ssh,6400,90
prefill,prefill,Ssh,6450,71
prefill,prefill,Ssh,6500,44
prefill,prefill,Ssh,6550,28
prefill,prefill,Ssh,6600,34
prefill,prefill,Ssh,6650,37
prefill,prefill,Ssh,6700,39
prefill,prefill,Ssh,6750,31
prefill,prefill,Ssh,6800,32
prefill,prefill,Ssh,6850,28
prefill,prefill,Ssh,6900,37
prefill,prefill,Ssh,6950,46
prefill,prefill,Ssh,7000,42
prefill,prefill,Ssh,7050,28
prefill,prefill,Ssh,7100,41
prefill,prefill,Ssh,7150,31
prefill,prefill,Ssh,7200,28
prefill,prefill,Ssh,7250,37
prefill,prefill,Ssh,7300,36
prefill,prefill,Ssh,7350,43
prefill,prefill,Ssh,7400,47
prefill,prefill,Ssh,7450,34
prefill,prefill,Ssh,7500,46
prefill,prefill,Ssh,7550,37
prefill,prefill,Ssh,7600,30
prefill,prefill,Ssh,7650,46
prefill,prefill,Ssh,7700,32
prefill,prefill,Ssh,7750,25
prefill,prefill,Ssh,7800,31
prefill,prefill,Ssh,7850,28
prefill,prefill,Ssh,7900,36
prefill,prefill,Ssh,7950,31
prefill,prefill,Ssh,8000,44
prefill,prefill,Ssh,8050,34
prefill,prefill,Ssh,8100,37
prefill,prefill,Ssh,8150,46
prefill,prefill,Ssh,8200,36
prefill,prefill,Ssh,8250,31
prefill,prefill,Ssh,8300,47
prefill,prefill,Ssh,8350,31
prefill,prefill,Ssh,8400,25
prefill,prefill,Ssh,8450,31
prefill,prefill,Ssh,8500,30
prefill,prefill,Ssh,8550,22
prefill,prefill,Ssh,8600,41
prefill,prefill,Ssh,8650,43
prefill,prefill,Ssh,8700,34
prefill,prefill,Ssh,8750,37
prefill,prefill,Ssh,8800,30
prefill,prefill,Ssh,8850,40
prefill,prefill,Ssh,8900,50
prefill,prefill,Ssh,8950,25
prefill,prefill,Ssh,9000,37
prefill,prefill,Ssh,9050,37
prefill,prefill,Ssh,9100,30
prefill,prefill,Ssh,9150,34
prefill,prefill,Ssh,9200,50
prefill,prefill,Ssh,9250,25
prefill,prefill,Ssh,9300,37
prefill,prefill,Ssh,9350,37
prefill,prefill,Ssh,9400,30
prefill,prefill,Ssh,9450,34
prefill,prefill,Ssh,9500,50
prefill,prefill,Ssh,9550,25
prefill,prefill,Ssh,9600,37
prefill,prefill,Ssh,9650,37
prefill,prefill,Ssh,9700,30
prefill,prefill,Ssh,9750,34
prefill,prefill,Ssh,9800,50
prefill,prefill,Ssh,9850,25
prefill,prefill,Ssh,9900,37
prefill,prefill,Ssh,9950,37
prefill,prefill,Ssh,10000,30
prefill,prefill,Ssh,10050,34
prefill,prefill,Ssh,10100,50
prefill,prefill,Ssh,10150,25
prefill,prefill,Ssh,10200,37
prefill,prefill,Ssh,10250,37
prefill,prefill,Ssh,10300,30
prefill,prefill,Ssh,10350,34
prefill,prefill,Ssh,10400,50
prefill,prefill,Ssh,10450,25
prefill,prefill,Ssh,10500,37
prefill,prefill,Ssh,10550,37
prefill,prefill,Ssh,10600,30
prefill,prefill,Ssh,10650,34
prefill,prefill,Ssh,10700,50
prefill,prefill,Ssh,10750,25
prefill,prefill,Ssh,10800,37
prefill,prefill,Ssh,10850,37
prefill,prefill,Ssh,10900,30
prefill,prefill,Ssh,10950,34
prefill,prefill,Ssh,11000,50
prefill,prefill,Ssh,11050,25
prefill,prefill,Ssh,11100,37
prefill,prefill,Ssh,11150,37
prefill,prefill,Ssh,11200,30
prefill,prefill,Ssh,11250,34
prefill,prefill,Ssh,11300,50
prefill,prefill,Ssh,11350,25
prefill,prefill,Ssh,11400,37
prefill,prefill,Ssh,11450,37
prefill,prefill,Ssh,11500,30
prefill,prefill,Ssh,11550,34
prefill,prefill,Ssh,11600,50
prefill,prefill,Ssh,11650,25
prefill,prefill,Ssh,11700,37
prefill,prefill,Ssh,11750,37
prefill,prefill,Ssh,11800,30
prefill,prefill,Ssh,11850,34
prefill,prefill,Ssh,11900,50
prefill,prefill,Ssh,11950,25
prefill,prefill,Ssh,12000,37
prefill,prefill,Ssh,12050,37
prefill,prefill,Ssh,12100,30
prefill,prefill,Ssh,12150,34
prefill,prefill,Ssh,12200,50
prefill,prefill,Ssh,12250,25
prefill,prefill,Ssh,12300,37
prefill,prefill,Ssh,12350,37
prefill,prefill,Ssh,12400,30
prefill,prefill,Ssh,12450,34
prefill,prefill,Ssh,12500,50
prefill,prefill,Ssh,12550,25
prefill,prefill,Ssh,12600,37
prefill,prefill,Ssh,12650,37
prefill,prefill,Ssh,12700,30
prefill,prefill,Ssh,12750,34
prefill,prefill,Ssh,12800,50
prefill,prefill,Ssh,12850,25
prefill,prefill,Ssh,12900,37
prefill,prefill,Ssh,12950,37
prefill,prefill,Ssh,13000,30
prefill,prefill,Ssh,13050,34
prefill,prefill,Ssh,13100,50
prefill,prefill,Ssh,13150,25
prefill,prefill,Ssh,13200,37
prefill,prefill,Ssh,13250,37
prefill,prefill,Ssh,13300,30
prefill,prefill,Ssh,13350,34
prefill,prefill,Ssh,13400,50
prefill,prefill,Ssh,13450,25
prefill,prefill,Ssh,13500,37
prefill,prefill,Ssh,13550,37
prefill,prefill,Ssh,13600,30
prefill,prefill,Ssh,13650,34
prefill,prefill,Ssh,13700,50
prefill,prefill,Ssh,13750,25
prefill,prefill,Ssh,13800,37
prefill,prefill,Ssh,13850,37
prefill,prefill,Ssh,13900,30
prefill,prefill,Ssh,13950,34
prefill,prefill,Ssh,14000,50
prefill,prefill,Ssh,14050,25
prefill,prefill,Ssh,14100,37
prefill,prefill,Ssh,14150,37
prefill,prefill,Ssh,14200,30
prefill,prefill,Ssh,14250,34
prefill,prefill,Ssh,14300,50
prefill,prefill,Ssh,14350,25
prefill,prefill,Ssh,14400,37
prefill,prefill,Ssh,14450,37
prefill,prefill,Ssh,14500,30
prefill,prefill,Ssh,14550,34
prefill,prefill,Ssh,14600,50
prefill,prefill,Ssh,14650,25
prefill,prefill,Ssh,14700,37
prefill,prefill,Ssh,14750,37
prefill,prefill,Ssh,14800,30
prefill,prefill,Ssh,14850,34
prefill,prefill,Ssh,14900,50
prefill,prefill,Ssh,14950,25
prefill,prefill,Ssh,15000,37
prefill,prefill,Ssh,15050,37
prefill,prefill,Ssh,15100,30
prefill,prefill,Ssh,15150,34
prefill,prefill,Ssh,15200,44
prefill,prefill,Ssh,15250,25
prefill,prefill,Ssh,15300,40
prefill,prefill,Ssh,15350,30
prefill,prefill,Ssh,15400,30
prefill,prefill,Ssh,15450,39
prefill,prefill,Ssh,15500,43
prefill,prefill,Ssh,15550,24
prefill,prefill,Ssh,15600,40
prefill,prefill,Ssh,15650,30
prefill,prefill,Ssh,15700,30
prefill,prefill,Ssh,15750,39
prefill,prefill,Ssh,15800,43
prefill,prefill,Ssh,15850,24
prefill,prefill,Ssh,15900,40
prefill,prefill,Ssh,15950,30
prefill,prefill,Ssh,16000,30
prefill,prefill,Ssh,16050,39
prefill,prefill,Ssh,16100,43
prefill,prefill,Ssh,16150,24
prefill,prefill,Ssh,16200,40
prefill,prefill,Ssh,16250,30
prefill,prefill,Ssh,16300,30
prefill,prefill,Ssh,16350,39
prefill,prefill,Ssh,16400,43
prefill,prefill,Ssh,16450,24
prefill,prefill,Ssh,16500,40
prefill,prefill,Ssh,16550,30
prefill,prefill,Ssh,16600,30
prefill,prefill,Ssh,16650,39
prefill,prefill,Ssh,16700,43
prefill,prefill,Ssh,16750,24
prefill,prefill,Ssh,16800,40
prefill,prefill,Ssh,16850,30
prefill,prefill,Ssh,16900,30
prefill,prefill,Ssh,16950,39
prefill,prefill,Ssh,17000,43
prefill,prefill,Ssh,17050,24
prefill,prefill,Ssh,17100,40
prefill,prefill,Ssh,17150,30
prefill,prefill,Ssh,17200,30
prefill,prefill,Ssh,17250,39
prefill,prefill,Ssh,17300,43
prefill,prefill,Ssh,17350,24
prefill,prefill,Ssh,17400,40
prefill,prefill,Ssh,17450,30
prefill,prefill,Ssh,17500,30
prefill,prefill,Ssh,17550,39
prefill,prefill,Ssh,17600,43
prefill,prefill,Ssh,17650,24
prefill,prefill,Ssh,17700,40
prefill,prefill,Ssh,17750,30
prefill,prefill,Ssh,17800,30
prefill,prefill,Ssh,17850,39
prefill,prefill,Ssh,17900,43
prefill,prefill,Ssh,17950,24
prefill,prefill,Ssh,18000,40
prefill,prefill,Ssh,18050,30
prefill,prefill,Ssh,18100,30
prefill,prefill,Ssh,18150,39
prefill,prefill,Ssh,18200,43
prefill,prefill,Ssh,18250,24
prefill,prefill,Ssh,18300,40
prefill,prefill,Ssh,18350,30
prefill,prefill,Ssh,18400,30
prefill,prefill,Ssh,18450,39
prefill,prefill,Ssh,18500,43
prefill,prefill,Ssh,18550,24
prefill,prefill,Ssh,18600,40
prefill,prefill,Ssh,18650,30
prefill,prefill,Ssh,18700,30
prefill,prefill,Ssh,18750,39
prefill,prefill,Ssh,18800,43
prefill,prefill,Ssh,18850,24
prefill,prefill,Ssh,18900,40
prefill,prefill,Ssh,18950,30
prefill,prefill,Ssh,19000,30
prefill,prefill,Ssh,19050,39
prefill,prefill,Ssh,19100,43
prefill,prefill,Ssh,19150,24
prefill,prefill,Ssh,19200,40
prefill,prefill,Ssh,19250,30
prefill,prefill,Ssh,19300,30
prefill,prefill,Ssh,19350,39
prefill,prefill,Ssh,19400,43
prefill,prefill,Ssh,19450,24
prefill,prefill,Ssh,19500,40
prefill,prefill,Ssh,19550,30
prefill,prefill,Ssh,19600,30
prefill,prefill,Ssh,19650,39
prefill,prefill,Ssh,19700,43
prefill,prefill,Ssh,19750,24
prefill,prefill,Ssh,19800,40
prefill,prefill,Ssh,19850,30
prefill,prefill,Ssh,19900,30
prefill,prefill,Ssh,19950,39
prefill,prefill,Ssh,20000,43
prefill,prefill,Ssh,20050,24
prefill,prefill,Ssh,20100,40
prefill,prefill,Ssh,20150,30
prefill,prefill,Ssh,20200,30
prefill,prefill,Ssh,20250,39
prefill,prefill,Ssh,20300,43
prefill,prefill,Ssh,20350,24
prefill,prefill,Ssh,20400,40
prefill,prefill,Ssh,20450,30
prefill,prefill,Ssh,20500,30
prefill,prefill,Ssh,20550,39
prefill,prefill,Ssh,20600,43
prefill,prefill,Ssh,20650,24
prefill,prefill,Ssh,20700,40
prefill,prefill,Ssh,20750,30
prefill,prefill,Ssh,20800,30
prefill,prefill,Ssh,20850,39
prefill,prefill,Ssh,20900,43
prefill,prefill,Ssh,20950,24
prefill,prefill,Ssh,21000,40
prefill,prefill,Ssh,21050,30
prefill,prefill,Ssh,21100,30
prefill,prefill,Ssh,21150,39
prefill,prefill,Ssh,21200,43
prefill,prefill,Ssh,21250,24
prefill,prefill,Ssh,21300,40
prefill,prefill,Ssh,21350,30
prefill,prefill,Ssh,21400,30
prefill,prefill,Ssh,21450,39
prefill,prefill,Ssh,21500,43
prefill,prefill,Ssh,21550,24
prefill,prefill,Ssh,21600,40
prefill,prefill,Ssh,21650,30
prefill,prefill,Ssh,21700,30
prefill,prefill,Ssh,21750,39
prefill,prefill,Ssh,21800,43
prefill,prefill,Ssh,21850,24
prefill,prefill,Ssh,21900,40
prefill,prefill,Ssh,21950,30
prefill,prefill,Ssh,22000,30
prefill,prefill,Ssh,22050,39
prefill,prefill,Ssh,22100,43
prefill,prefill,Ssh,22150,24
prefill,prefill,Ssh,22200,40
prefill,prefill,Ssh,22250,30
prefill,prefill,Ssh,22300,30
prefill,prefill,Ssh,22350,39
prefill,prefill,Ssh,22400,43
prefill,prefill,Ssh,22450,24
prefill,prefill,Ssh,22500,40
prefill,prefill,Ssh,22550,30
prefill,prefill,Ssh,22600,30
prefill,prefill,Ssh,22650,39
prefill,prefill,Ssh,22700,43
prefill,prefill,Ssh,22750,24
prefill,prefill,Ssh,22800,40
prefill,prefill,Ssh,22850,30
prefill,prefill,Ssh,22900,30
prefill,prefill,Ssh,22950,39
prefill,prefill,Ssh,23000,43
prefill,prefill,Ssh,23050,24
prefill,prefill,Ssh,23100,40
prefill,prefill,Ssh,23150,30
prefill,prefill,Ssh,23200,30
prefill,prefill,Ssh,23250,39
prefill,prefill,Ssh,23300,43
prefill,prefill,Ssh,23350,24
prefill,prefill,Ssh,23400,40
prefill,prefill,Ssh,23450,30
prefill,prefill,Ssh,23500,30
prefill,prefill,Ssh,23550,39
prefill,prefill,Ssh,23600,43
prefill,prefill,Ssh,23650,24
prefill,prefill,Ssh,23700,40
prefill,prefill,Ssh,23750,30
prefill,prefill,Ssh,23800,30
prefill,prefill,Ssh,23850,39
prefill,prefill,Ssh,23900,43
prefill,prefill,Ssh,23950,24
prefill,prefill,Ssh,24000,40
prefill,prefill,Ssh,24050,30
prefill,prefill,Ssh,24100,30
prefill,prefill,Ssh,24150,39
prefill,prefill,Ssh,24200,43
prefill,prefill,Ssh,24250,24
prefill,prefill,Ssh,24300,40
prefill,prefill,Ssh,24350,30
prefill,prefill,Ssh,24400,30
prefill,prefill,Ssh,24450,39
prefill,prefill,Ssh,24500,43
prefill,prefill,Ssh,24550,24
prefill,prefill,Ssh,24600,40
prefill,prefill,Ssh,24650,30
prefill,prefill,Ssh,24700,30
prefill,prefill,Ssh,24750,39
prefill,prefill,Ssh,24800,43
prefill,prefill,Ssh,24850,24
prefill,prefill,Ssh,24900,40
prefill,prefill,Ssh,24950,30
prefill,prefill,Ssh,25000,30
prefill,prefill,Ssh,25050,39
prefill,prefill,Ssh,25100,43
prefill,prefill,Ssh,25150,24
prefill,prefill,Ssh,25200,40
prefill,prefill,Ssh,25250,30
prefill,prefill,Ssh,25300,30
prefill,prefill,Ssh,25350,39
prefill,prefill,Ssh,25400,43
prefill,prefill,Ssh,25450,24
prefill,prefill,Ssh,25500,40
prefill,prefill,Ssh,25550,30
prefill,prefill,Ssh,25600,30
prefill,prefill,Ssh,25650,39
prefill,prefill,Ssh,25700,43
prefill,prefill,Ssh,25750,24
prefill,prefill,Ssh,25800,40
prefill,prefill,Ssh,25850,30
prefill,prefill,Ssh,25900,30
prefill,prefill,Ssh,25950,39
prefill,prefill,Ssh,26000,43
prefill,prefill,Ssh,26050,24
prefill,prefill,Ssh,26100,40
prefill,prefill,Ssh,26150,30
prefill,prefill,Ssh,26200,30
prefill,prefill,Ssh,26250,39
prefill,prefill,Ssh,26300,43
prefill,prefill,Ssh,26350,24
prefill,prefill,Ssh,26400,40
prefill,prefill,Ssh,26450,30
prefill,prefill,Ssh,26500,30
prefill,prefill,Ssh,26550,39
prefill,prefill,Ssh,26600,43
prefill,prefill,Ssh,26650,24
prefill,prefill,Ssh,26700,40
prefill,prefill,Ssh,26750,30
prefill,prefill,Ssh,26800,30
prefill,prefill,Ssh,26850,39
prefill,prefill,Ssh,26900,43
prefill,prefill,Ssh,26950,24
prefill,prefill,Ssh,27000,40
prefill,prefill,Ssh,27050,30
prefill,prefill,Ssh,27100,30
prefill,prefill,Ssh,27150,39
prefill,prefill,Ssh,27200,43
prefill,prefill,Ssh,27250,24
prefill,prefill,Ssh,27300,40
prefill,prefill,Ssh,27350,30
prefill,prefill,Ssh,27400,30
prefill,prefill,Ssh,27450,39
prefill,prefill,Ssh,27500,43
prefill,prefill,Ssh,27550,24
prefill,prefill,Ssh,27600,40
prefill,prefill,Ssh,27650,30
prefill,prefill,Ssh,27700,30
prefill,prefill,Ssh,27750,39
prefill,prefill,Ssh,27800,43
prefill,prefill,Ssh,27850,24
prefill,prefill,Ssh,27900,40
prefill,prefill,Ssh,27950,30
prefill,prefill,Ssh,28000,30
prefill,prefill,Ssh,28050,39
prefill,prefill,Ssh,28100,43
prefill,prefill,Ssh,28150,24
prefill,prefill,Ssh,28200,40
prefill,prefill,Ssh,28250,30
prefill,prefill,Ssh,28300,30
prefill,prefill,Ssh,28350,39
prefill,prefill,Ssh,28400,43
prefill,prefill,Ssh,28450,24
prefill,prefill,Ssh,28500,40
prefill,prefill,Ssh,28550,30
prefill,prefill,Ssh,28600,30
prefill,prefill,Ssh,28650,39
prefill,prefill,Ssh,28700,43
prefill,prefill,Ssh,28750,24
prefill,prefill,Ssh,28800,40
prefill,prefill,Ssh,28850,30
prefill,prefill,Ssh,28900,30
prefill,prefill,Ssh,28950,39
prefill,prefill,Ssh,29000,43
prefill,prefill,Ssh,29050,24
prefill,prefill,Ssh,29100,40
prefill,prefill,Ssh,29150,30
prefill,prefill,Ssh,29200,30
prefill,prefill,Ssh,29250,39
prefill,prefill,Ssh,29300,43
prefill,prefill,Ssh,29350,24
prefill,prefill,Ssh,29400,40
prefill,prefill,Ssh,29450,30
prefill,prefill,Ssh,29500,30
prefill,prefill,Ssh,29550,39
prefill,prefill,Ssh,29600,43
prefill,prefill,Ssh,29650,24
prefill,prefill,Ssh,29700,40
prefill,prefill,Ssh,29750,30
prefill,prefill,Ssh,29800,30
prefill,prefill,Ssh,29850,39
prefill,prefill,Ssh,29900,43
prefill,prefill,Ssh,29950,24
prefill,prefill,Ssh,30000,40
prefill,prefill,Ssh,30050,30
prefill,prefill,Ssh,30100,30
prefill,prefill,Ssh,30150,39
prefill,prefill,Ssh,30200,43
prefill,prefill,Ssh,30250,24
prefill,prefill,Ssh,30300,40
prefill,prefill,Ssh,30350,30
prefill,prefill,Ssh,30400,30
prefill,prefill,Ssh,30450,39
prefill,prefill,Ssh,30500,43
prefill,prefill,Ssh,30550,24
prefill,prefill,Ssh,30600,40
prefill,prefill,Ssh,30650,30
prefill,prefill,Ssh,30700,30
prefill,prefill,Ssh,30750,39
prefill,prefill,Ssh,30800,43
prefill,prefill,Ssh,30850,24
prefill,prefill,Ssh,30900,40
prefill,prefill,Ssh,30950,30
prefill,prefill,Ssh,31000,30
prefill,prefill,Ssh,31050,39
prefill,prefill,Ssh,31100,43
prefill,prefill,Ssh,31150,24
prefill,prefill,Ssh,31200,40
prefill,prefill,Ssh,31250,30
prefill,prefill,Ssh,31300,30
prefill,prefill,Ssh,31350,39
prefill,prefill,Ssh,31400,43
prefill,prefill,Ssh,31450,24
prefill,prefill,Ssh,31500,40
prefill,prefill,Ssh,31550,30
prefill,prefill,Ssh,31600,30
prefill,prefill,Ssh,31650,39
prefill,prefill,Ssh,31700,43
prefill,prefill,Ssh,31750,24
prefill,prefill,Ssh,31800,40
prefill,prefill,Ssh,31850,30
prefill,prefill,Ssh,31900,30
prefill,prefill,Ssh,31950,39
prefill,prefill,Ssh,32000,43
prefill,prefill,Ssh,32050,24
prefill,prefill,Ssh,32100,40
prefill,prefill,Ssh,32150,30
prefill,prefill,Ssh,32200,30
prefill,prefill,Ssh,32250,39
prefill,prefill,Ssh,32300,43
prefill,prefill,Ssh,32350,24
prefill,prefill,Ssh,32400,40
prefill,prefill,Ssh,32450,30
prefill,prefill,Ssh,32500,30
prefill,prefill,Ssh,32550,39
prefill,prefill,Ssh,32600,43
prefill,prefill,Ssh,32650,24
prefill,prefill,Ssh,32700,40
prefill,prefill,Ssh,32750,30
prefill,prefill,Ssh,32800,30
prefill,prefill,Ssh,32850,39
prefill,prefill,Ssh,32900,43
prefill,prefill,Ssh,32950,24
prefill,prefill,Ssh,33000,40
prefill,prefill,Ssh,33050,30
prefill,prefill,Ssh,33100,30
prefill,prefill,Ssh,33150,39
prefill,prefill,Ssh,33200,43
prefill,prefill,Ssh,33250,24
prefill,prefill,Ssh,33300,40
prefill,prefill,Ssh,33350,30
prefill,prefill,Ssh,33400,30
prefill,prefill,Ssh,33450,39
prefill,prefill,Ssh,33500,43
prefill,prefill,Ssh,33550,24
prefill,prefill,Ssh,33600,40
prefill,prefill,Ssh,33650,30
prefill,prefill,Ssh,33700,30
prefill,prefill,Ssh,33750,39
prefill,prefill,Ssh,33800,43
prefill,prefill,Ssh,33850,24
prefill,prefill,Ssh,33900,40
prefill,prefill,Ssh,33950,30
prefill,control,Http,0,51
prefill,control,Http,30,70
prefill,control,Http,60,72
prefill,control,Http,90,78
prefill,control,Http,120,77
prefill,control,Http,150,95
prefill,control,Http,180,97
prefill,control,Http,210,102
prefill,control,Http,240,101
prefill,control,Http,270,109
prefill,control,Http,300,128
prefill,control,Http,330,133
prefill,control,Http,360,132
prefill,control,Http,390,135
prefill,control,Http,420,151
prefill,control,Http,450,156
prefill,control,Http,480,155
prefill,control,Http,510,159
prefill,control,Http,540,168
prefill,control,Http,570,164
prefill,control,Http,600,166
prefill,control,Http,630,188
prefill,control,Http,660,194
prefill,control,Http,690,193
prefill,control,Http,720,195
prefill,control,Http,750,202
prefill,control,Http,780,219
prefill,control,Http,810,221
prefill,control,Http,840,220
prefill,control,Http,870,225
prefill,control,Http,900,225
prefill,control,Http,930,247
prefill,control,Http,960,249
prefill,control,Http,990,255
prefill,control,Http,1020,255
prefill,control,Http,1050,272
prefill,control,Http,1080,277
prefill,control,Http,1110,279
prefill,control,Http,1140,278
prefill,control,Http,1170,281
prefill,control,Http,1200,286
prefill,control,Http,1230,288
prefill,control,Http,1260,309
prefill,control,Http,1290,312
prefill,control,Http,1320,317
prefill,control,Http,1350,316
prefill,control,Http,1380,332
prefill,control,Http,1410,335
prefill,control,Http,1440,340
prefill,control,Http,1470,339
prefill,control,Http,1500,345
prefill,control,Http,1530,366
prefill,control,Http,1560,371
prefill,control,Http,1590,370
prefill,control,Http,1620,372
prefill,control,Http,1650,379
prefill,control,Http,1680,391
prefill,control,Http,1710,376
prefill,control,Http,1740,358
prefill,control,Http,1770,359
prefill,control,Http,1800,365
prefill,control,Http,1830,348
prefill,control,Http,1860,351
prefill,control,Http,1890,334
prefill,control,Http,1920,334
prefill,control,Http,1950,332
prefill,control,Http,1980,323
prefill,control,Http,2000,312
prefill,control,Http,2038,312
prefill,control,Http,2075,302
prefill,control,Http,2112,280
prefill,control,Http,2150,270
prefill,control,Http,2188,253
prefill,control,Http,2225,243
prefill,control,Http,2262,237
prefill,control,Http,2300,211
prefill,control,Http,2338,204
prefill,control,Http,2375,185
prefill,control,Http,2412,176
prefill,control,Http,2450,156
prefill,control,Http,2488,150
prefill,control,Http,2525,125
prefill,control,Http,2562,121
prefill,control,Http,2600,98
prefill,control,Http,2638,91
prefill,control,Http,2675,66
prefill,control,Http,2712,60
prefill,control,Http,2750,58
prefill,control,Http,2788,29
prefill,control,Http,2825,32
prefill,control,Http,2862,35
prefill,control,Http,2900,50
prefill,control,Http,2938,42
prefill,control,Http,2975,41
prefill,control,Http,3012,44
prefill,control,Http,3050,28
prefill,control,Http,3088,26
prefill,control,Http,3125,29
prefill,control,Http,3162,35
prefill,control,Http,3200,47
prefill,control,Http,3238,45
prefill,control,Http,3275,38
prefill,control,Http,3312,41
prefill,control,Http,3350,28
prefill,control,Http,3388,26
prefill,control,Http,3425,29
prefill,control,Http,3462,35
prefill,control,Http,3500,41
prefill,control,Http,3538,33
prefill,control,Http,3575,20
prefill,control,Http,3612,26
prefill,control,Http,3650,25
prefill,control,Http,3688,23
prefill,control,Http,3725,23
prefill,control,Http,3762,26
prefill,control,Http,3800,44
prefill,control,Http,3838,30
prefill,control,Http,3875,20
prefill,control,Http,3912,26
prefill,control,Http,3950,28
prefill,control,Http,3988,23
prefill,control,Http,4025,23
prefill,control,Http,4062,26
prefill,control,Http,4100,35
prefill,control,Http,4138,27
prefill,control,Http,4175,23
prefill,control,Http,4212,23
prefill,control,Http,4250,28
prefill,control,Http,4288,20
prefill,control,Http,4325,23
prefill,control,Http,4362,23
prefill,control,Http,4400,35
prefill,control,Http,4438,27
prefill,control,Http,4475,23
prefill,control,Http,4512,23
prefill,control,Http,4550,28
prefill,control,Http,4588,20
prefill,control,Http,4625,23
prefill,control,Http,4662,23
prefill,control,Http,4700,35
prefill,control,Http,4738,27
prefill,control,Http,4775,23
prefill,control,Http,4812,23
prefill,control,Http,4850,28
prefill,control,Http,4888,20
prefill,control,Http,4925,23
prefill,control,Http,4962,23
prefill,control,Http,5000,43
prefill,control,Http,5038,32
prefill,control,Http,5075,36
prefill,control,Http,5112,28
prefill,control,Http,5150,31
prefill,control,Http,5188,27
prefill,control,Http,5225,28
prefill,control,Http,5262,28
prefill,control,Http,5300,42
prefill,control,Http,5338,33
prefill,control,Http,5375,37
prefill,control,Http,5412,29
prefill,control,Http,5450,32
prefill,control,Http,5488,27
prefill,control,Http,5525,28
prefill,control,Http,5562,28
prefill,control,Http,5600,42
prefill,control,Http,5638,33
prefill,control,Http,5675,37
prefill,control,Http,5712,29
prefill,control,Http,5750,32
prefill,control,Http,5788,27
prefill,control,Http,5825,28
prefill,control,Http,5862,28
prefill,control,Http,5900,42
prefill,control,Http,5938,33
prefill,control,Http,5975,37
prefill,control,Http,6012,29
prefill,control,Http,6050,32
prefill,control,Http,6088,27
prefill,control,Http,6125,28
prefill,control,Http,6162,28
prefill,control,Http,6200,42
prefill,control,Http,6238,33
prefill,control,Http,6275,37
prefill,control,Http,6312,29
prefill,control,Http,6350,32
prefill,control,Http,6388,27
prefill,control,Http,6425,28
prefill,control,Http,6462,28
prefill,control,Http,6500,42
prefill,control,Http,6538,33
prefill,control,Http,6575,37
prefill,control,Http,6612,29
prefill,control,Http,6650,32
prefill,control,Http,6688,27
prefill,control,Http,6725,28
prefill,control,Http,6762,28
prefill,control,Http,6800,42
prefill,control,Http,6838,33
prefill,control,Http,6875,37
prefill,control,Http,6912,29
prefill,control,Http,6950,32
prefill,control,Http,6988,27
prefill,control,Http,7025,28
prefill,control,Http,7062,28
prefill,control,Http,7100,42
prefill,control,Http,7138,33
prefill,control,Http,7175,37
prefill,control,Http,7212,29
prefill,control,Http,7250,32
prefill,control,Http,7288,27
prefill,control,Http,7325,28
prefill,control,Http,7362,28
prefill,control,Http,7400,42
prefill,control,Http,7438,33
prefill,control,Http,7475,37
prefill,control,Http,7512,29
prefill,control,Http,7550,32
prefill,control,Http,7588,27
prefill,control,Http,7625,28
prefill,control,Http,7662,28
prefill,control,Http,7700,42
prefill,control,Http,7738,33
prefill,control,Http,7775,37
prefill,control,Http,7812,29
prefill,control,Http,7850,32
prefill,control,Http,7888,27
prefill,control,Http,7925,28
prefill,control,Http,7962,28
prefill,control,Http,8000,42
prefill,control,Http,8038,33
prefill,control,Http,8075,37
prefill,control,Http,8112,29
prefill,control,Http,8150,32
prefill,control,Http,8188,27
prefill,control,Http,8225,28
prefill,control,Http,8262,28
prefill,control,Http,8300,42
prefill,control,Http,8338,33
prefill,control,Http,8375,37
prefill,control,Http,8412,29
prefill,control,Http,8450,32
prefill,control,Http,8488,27
prefill,control,Http,8525,28
prefill,control,Http,8562,28
prefill,control,Http,8600,42
prefill,control,Http,8638,33
prefill,control,Http,8675,37
prefill,control,Http,8712,29
prefill,control,Http,8750,32
prefill,control,Http,8788,27
prefill,control,Http,8825,28
prefill,control,Http,8862,28
prefill,control,Http,8900,42
prefill,control,Http,8938,33
prefill,control,Http,8975,37
prefill,control,Http,9012,29
prefill,control,Http,9050,32
prefill,control,Http,9088,27
prefill,control,Http,9125,28
prefill,control,Http,9162,28
prefill,control,Http,9200,42
prefill,control,Http,9238,33
prefill,control,Http,9275,37
prefill,control,Http,9312,29
prefill,control,Http,9350,32
prefill,control,Http,9388,27
prefill,control,Http,9425,28
prefill,control,Http,9462,28
prefill,control,Http,9500,42
prefill,control,Http,9538,33
prefill,control,Http,9575,37
prefill,control,Http,9612,29
prefill,control,Http,9650,32
prefill,control,Http,9688,27
prefill,control,Http,9725,28
prefill,control,Http,9762,28
prefill,control,Http,9800,42
prefill,control,Http,9838,33
prefill,control,Http,9875,37
prefill,control,Http,9912,29
prefill,control,Http,9950,32
prefill,control,Http,9988,27
prefill,control,Http,10025,28
prefill,control,Http,10062,28
prefill,control,Http,10100,42
prefill,control,Http,10138,33
prefill,control,Http,10175,37
prefill,control,Http,10212,29
prefill,control,Http,10250,32
prefill,control,Http,10288,27
prefill,control,Http,10325,28
prefill,control,Http,10362,28
prefill,control,Http,10400,42
prefill,control,Http,10438,33
prefill,control,Http,10475,37
prefill,control,Http,10512,29
prefill,control,Http,10550,32
prefill,control,Http,10588,27
prefill,control,Http,10625,28
prefill,control,Http,10662,28
prefill,control,Http,10700,42
prefill,control,Http,10738,33
prefill,control,Http,10775,37
prefill,control,Http,10812,29
prefill,control,Http,10850,32
prefill,control,Http,10888,27
prefill,control,Http,10925,28
prefill,control,Http,10962,28
prefill,control,Http,11000,42
prefill,control,Http,11038,33
prefill,control,Http,11075,37
prefill,control,Http,11112,29
prefill,control,Http,11150,32
prefill,control,Http,11188,27
prefill,control,Http,11225,28
prefill,control,Http,11262,28
prefill,control,Http,11300,42
prefill,control,Http,11338,33
prefill,control,Http,11375,37
prefill,control,Http,11412,29
prefill,control,Http,11450,32
prefill,control,Http,11488,27
prefill,control,Http,11525,28
prefill,control,Http,11562,28
prefill,control,Http,11600,42
prefill,control,Http,11638,33
prefill,control,Http,11675,37
prefill,control,Http,11712,29
prefill,control,Http,11750,32
prefill,control,Http,11788,27
prefill,control,Http,11825,28
prefill,control,Http,11862,28
prefill,control,Http,11900,42
prefill,control,Http,11938,33
prefill,control,Http,11975,37
prefill,control,Http,12012,29
prefill,control,Http,12050,32
prefill,control,Http,12088,27
prefill,control,Http,12125,28
prefill,control,Http,12162,28
prefill,control,Http,12200,42
prefill,control,Http,12238,33
prefill,control,Http,12275,37
prefill,control,Http,12312,29
prefill,control,Http,12350,32
prefill,control,Http,12388,27
prefill,control,Http,12425,28
prefill,control,Http,12462,28
prefill,control,Http,12500,42
prefill,control,Http,12538,33
prefill,control,Http,12575,37
prefill,control,Http,12612,29
prefill,control,Http,12650,32
prefill,control,Http,12688,27
prefill,control,Http,12725,28
prefill,control,Http,12762,28
prefill,control,Http,12800,42
prefill,control,Http,12838,33
prefill,control,Http,12875,37
prefill,control,Http,12912,29
prefill,control,Http,12950,32
prefill,control,Http,12988,27
prefill,control,Http,13025,28
prefill,control,Http,13062,28
prefill,control,Http,13100,42
prefill,control,Http,13138,33
prefill,control,Http,13175,37
prefill,control,Http,13212,29
prefill,control,Http,13250,32
prefill,control,Http,13288,27
prefill,control,Http,13325,28
prefill,control,Http,13362,28
prefill,control,Http,13400,42
prefill,control,Http,13438,33
prefill,control,Http,13475,37
prefill,control,Http,13512,29
prefill,control,Http,13550,32
prefill,control,Http,13588,27
prefill,control,Http,13625,28
prefill,control,Http,13662,28
prefill,control,Http,13700,42
prefill,control,Http,13738,33
prefill,control,Http,13775,37
prefill,control,Http,13812,29
prefill,control,Http,13850,32
prefill,control,Http,13888,27
prefill,control,Http,13925,28
prefill,control,Http,13962,28
prefill,control,Http,14000,42
prefill,control,Http,14038,33
prefill,control,Http,14075,37
prefill,control,Http,14112,29
prefill,control,Http,14150,32
prefill,control,Http,14188,27
prefill,control,Http,14225,28
prefill,control,Http,14262,28
prefill,control,Http,14300,42
prefill,control,Http,14338,33
prefill,control,Http,14375,37
prefill,control,Http,14412,29
prefill,control,Http,14450,32
prefill,control,Http,14488,27
prefill,control,Http,14525,28
prefill,control,Http,14562,28
prefill,control,Http,14600,42
prefill,control,Http,14638,33
prefill,control,Http,14675,37
prefill,control,Http,14712,29
prefill,control,Http,14750,32
prefill,control,Http,14788,27
prefill,control,Http,14825,28
prefill,control,Http,14862,28
prefill,control,Http,14900,42
prefill,control,Http,14938,33
prefill,control,Http,14975,37
prefill,control,Http,15012,29
prefill,control,Http,15050,32
prefill,control,Http,15088,27
prefill,control,Http,15125,28
prefill,control,Http,15162,28
prefill,control,Http,15200,42
prefill,control,Http,15238,33
prefill,control,Http,15275,37
prefill,control,Http,15312,29
prefill,control,Http,15350,32
prefill,control,Http,15388,27
prefill,control,Http,15425,28
prefill,control,Http,15462,28
prefill,control,Http,15500,42
prefill,control,Http,15538,33
prefill,control,Http,15575,37
prefill,control,Http,15612,29
prefill,control,Http,15650,32
prefill,control,Http,15688,27
prefill,control,Http,15725,28
prefill,control,Http,15762,28
prefill,control,Http,15800,42
prefill,control,Http,15838,33
prefill,control,Http,15875,37
prefill,control,Http,15912,29
prefill,control,Http,15950,32
prefill,control,Http,15988,27
prefill,control,Http,16025,28
prefill,control,Http,16062,28
prefill,control,Http,16100,42
prefill,control,Http,16138,33
prefill,control,Http,16175,37
prefill,control,Http,16212,29
prefill,control,Http,16250,32
prefill,control,Http,16288,27
prefill,control,Http,16325,28
prefill,control,Http,16362,28
prefill,control,Http,16400,42
prefill,control,Http,16438,33
prefill,control,Http,16475,37
prefill,control,Http,16512,29
prefill,control,Http,16550,32
prefill,control,Http,16588,27
prefill,control,Http,16625,28
prefill,control,Http,16662,28
prefill,control,Http,16700,42
prefill,control,Http,16738,33
prefill,control,Http,16775,37
prefill,control,Http,16812,29
prefill,control,Http,16850,32
prefill,control,Http,16888,27
prefill,control,Http,16925,28
prefill,control,Http,16962,28
prefill,control,Http,17000,42
prefill,control,Http,17038,33
prefill,control,Http,17075,37
prefill,control,Http,17112,29
prefill,control,Http,17150,32
prefill,control,Http,17188,27
prefill,control,Http,17225,28
prefill,control,Http,17262,28
prefill,control,Http,17300,42
prefill,control,Http,17338,33
prefill,control,Http,17375,37
prefill,control,Http,17412,29
prefill,control,Http,17450,32
prefill,control,Http,17488,27
prefill,control,Http,17525,28
prefill,control,Http,17562,28
prefill,control,Http,17600,42
prefill,control,Http,17638,33
prefill,control,Http,17675,37
prefill,control,Http,17712,29
prefill,control,Http,17750,32
prefill,control,Http,17788,27
prefill,control,Http,17825,28
prefill,control,Http,17862,28
prefill,control,Http,17900,42
prefill,control,Http,17938,33
prefill,control,Http,17975,37
prefill,control,Http,18012,29
prefill,control,Http,18050,32
prefill,control,Http,18088,27
prefill,control,Http,18125,28
prefill,control,Http,18162,28
prefill,control,Http,18200,42
prefill,control,Http,18238,33
prefill,control,Http,18275,37
prefill,control,Http,18312,29
prefill,control,Http,18350,32
prefill,control,Http,18388,27
prefill,control,Http,18425,28
prefill,control,Http,18462,28
prefill,control,Http,18500,42
prefill,control,Http,18538,33
prefill,control,Http,18575,37
prefill,control,Http,18612,29
prefill,control,Http,18650,32
prefill,control,Http,18688,27
prefill,control,Http,18725,28
prefill,control,Http,18762,28
prefill,control,Http,18800,42
prefill,control,Http,18838,33
prefill,control,Http,18875,37
prefill,control,Http,18912,29
prefill,control,Http,18950,32
prefill,control,Http,18988,27
prefill,control,Http,19025,28
prefill,control,Http,19062,28
prefill,control,Http,19100,42
prefill,control,Http,19138,33
prefill,control,Http,19175,37
prefill,control,Http,19212,29
prefill,control,Http,19250,32
prefill,control,Http,19288,27
prefill,control,Http,19325,28
prefill,control,Http,19362,28
prefill,control,Http,19400,42
prefill,control,Http,19438,33
prefill,control,Http,19475,37
prefill,control,Http,19512,29
prefill,control,Http,19550,32
prefill,control,Http,19588,27
prefill,control,Http,19625,28
prefill,control,Http,19662,28
prefill,control,Http,19700,42
prefill,control,Http,19738,33
prefill,control,Http,19775,37
prefill,control,Http,19812,29
prefill,control,Http,19850,32
prefill,control,Http,19888,27
prefill,control,Http,19925,28
prefill,control,Http,19962,28
prefill,control,Http,20000,42
prefill,control,Http,20038,33
prefill,control,Http,20075,37
prefill,control,Http,20112,29
prefill,control,Http,20150,32
prefill,control,Http,20188,27
prefill,control,Http,20225,28
prefill,control,Http,20262,28
prefill,control,Http,20300,42
prefill,control,Http,20338,33
prefill,control,Http,20375,37
prefill,control,Http,20412,29
prefill,control,Http,20450,32
prefill,control,Http,20488,27
prefill,control,Http,20525,28
prefill,control,Http,20562,28
prefill,control,Http,20600,42
prefill,control,Http,20638,33
prefill,control,Http,20675,37
prefill,control,Http,20712,29
prefill,control,Http,20750,32
prefill,control,Http,20788,27
prefill,control,Http,20825,28
prefill,control,Http,20862,28
prefill,control,Http,20900,42
prefill,control,Http,20938,33
prefill,control,Http,20975,37
prefill,control,Http,21012,29
prefill,control,Http,21050,32
prefill,control,Http,21088,27
prefill,control,Http,21125,28
prefill,control,Http,21162,28
prefill,control,Http,21200,42
prefill,control,Http,21238,33
prefill,control,Http,21275,37
prefill,control,Http,21312,29
prefill,control,Http,21350,32
prefill,control,Http,21388,27
prefill,control,Http,21425,28
prefill,control,Http,21462,28
prefill,control,Http,21500,42
prefill,control,Http,21538,33
prefill,control,Http,21575,37
prefill,control,Http,21612,29
prefill,control,Http,21650,32
prefill,control,Http,21688,27
prefill,control,Http,21725,28
prefill,control,Http,21762,28
prefill,control,Http,21800,42
prefill,control,Http,21838,33
prefill,control,Http,21875,37
prefill,control,Http,21912,29
prefill,control,Http,21950,32
prefill,control,Http,21988,27
prefill,control,Http,22025,28
prefill,control,Http,22062,28
prefill,control,Http,22100,42
prefill,control,Http,22138,33
prefill,control,Http,22175,37
prefill,control,Http,22212,29
prefill,control,Http,22250,32
prefill,control,Http,22288,27
prefill,control,Http,22325,28
prefill,control,Http,22362,28
prefill,control,Http,22400,42
prefill,control,Http,22438,33
prefill,control,Http,22475,37
prefill,control,Http,22512,29
prefill,control,Http,22550,32
prefill,control,Http,22588,27
prefill,control,Http,22625,28
prefill,control,Http,22662,28
prefill,control,Http,22700,42
prefill,control,Http,22738,33
prefill,control,Http,22775,37
prefill,control,Http,22812,29
prefill,control,Http,22850,32
prefill,control,Http,22888,27
prefill,control,Http,22925,28
prefill,control,Http,22962,28
prefill,control,Http,23000,42
prefill,control,Http,23038,33
prefill,control,Http,23075,37
prefill,control,Http,23112,29
prefill,control,Http,23150,32
prefill,control,Http,23188,27
prefill,control,Http,23225,28
prefill,control,Http,23262,28
prefill,control,Http,23300,42
prefill,control,Http,23338,33
prefill,control,Http,23375,37
prefill,control,Http,23412,29
prefill,control,Http,23450,32
prefill,control,Http,23488,27
prefill,control,Http,23525,28
prefill,control,Http,23562,28
prefill,control,Http,23600,42
prefill,control,Http,23638,33
prefill,control,Http,23675,37
prefill,control,Http,23712,29
prefill,control,Http,23750,32
prefill,control,Http,23788,27
prefill,control,Http,23825,28
prefill,control,Http,23862,28
prefill,control,Http,23900,42
prefill,control,Http,23938,33
prefill,control,Http,23975,37
prefill,control,Http,24012,29
prefill,control,Http,24050,32
prefill,control,Http,24088,27
prefill,control,Http,24125,28
prefill,control,Http,24162,28
prefill,control,Http,24200,42
prefill,control,Http,24238,33
prefill,control,Http,24275,37
prefill,control,Http,24312,29
prefill,control,Http,24350,32
prefill,control,Http,24388,27
prefill,control,Http,24425,28
prefill,control,Http,24462,28
prefill,control,Http,24500,42
prefill,control,Http,24538,33
prefill,control,Http,24575,37
prefill,control,Http,24612,29
prefill,control,Http,24650,32
prefill,control,Http,24688,27
prefill,control,Http,24725,28
prefill,control,Http,24762,28
prefill,control,Http,24800,42
prefill,control,Http,24838,33
prefill,control,Http,24875,37
prefill,control,Http,24912,29
prefill,control,Http,24950,32
prefill,control,Http,24988,27
prefill,control,Http,25025,28
prefill,control,Http,25062,28
prefill,control,Http,25100,42
prefill,control,Http,25138,33
prefill,control,Http,25175,37
prefill,control,Http,25212,29
prefill,control,Http,25250,32
prefill,control,Http,25288,27
prefill,control,Http,25325,28
prefill,control,Http,25362,28
prefill,control,Http,25400,42
prefill,control,Http,25438,33
prefill,control,Http,25475,37
prefill,control,Http,25512,29
prefill,control,Http,25550,32
prefill,control,Http,25588,27
prefill,control,Http,25625,28
prefill,control,Http,25662,28
prefill,control,Http,25700,42
prefill,control,Http,25738,33
prefill,control,Http,25775,37
prefill,control,Http,25812,29
prefill,control,Http,25850,32
prefill,control,Http,25888,27
prefill,control,Http,25925,28
prefill,control,Http,25962,28
prefill,control,Http,26000,42
prefill,control,Http,26038,33
prefill,control,Http,26075,37
prefill,control,Http,26112,29
prefill,control,Http,26150,32
prefill,control,Http,26188,27
prefill,control,Http,26225,28
prefill,control,Http,26262,28
prefill,control,Http,26300,42
prefill,control,Http,26338,33
prefill,control,Http,26375,37
prefill,control,Http,26412,29
prefill,control,Http,26450,32
prefill,control,Http,26488,27
prefill,control,Http,26525,28
prefill,control,Http,26562,28
prefill,control,Http,26600,42
prefill,control,Http,26638,33
prefill,control,Http,26675,37
prefill,control,Http,26712,29
prefill,control,Http,26750,32
prefill,control,Http,26788,27
prefill,control,Http,26825,28
prefill,control,Http,26862,28
prefill,control,Http,26900,42
prefill,control,Http,26938,33
prefill,control,Http,26975,37
prefill,control,Http,27012,29
prefill,control,Http,27050,32
prefill,control,Http,27088,27
prefill,control,Http,27125,28
prefill,control,Http,27162,28
prefill,control,Http,27200,42
prefill,control,Http,27238,33
prefill,control,Http,27275,37
prefill,control,Http,27312,29
prefill,control,Http,27350,32
prefill,control,Http,27388,27
prefill,control,Http,27425,28
prefill,control,Http,27462,28
prefill,control,Http,27500,42
prefill,control,Http,27538,33
prefill,control,Http,27575,37
prefill,control,Http,27612,29
prefill,control,Http,27650,32
prefill,control,Http,27688,27
prefill,control,Http,27725,28
prefill,control,Http,27762,28
prefill,control,Http,27800,42
prefill,control,Http,27838,33
prefill,control,Http,27875,37
prefill,control,Http,27912,29
prefill,control,Http,27950,32
prefill,control,Http,27988,27
prefill,control,Http,28025,28
prefill,control,Http,28062,28
prefill,control,Http,28100,42
prefill,control,Http,28138,33
prefill,control,Http,28175,37
prefill,control,Http,28212,29
prefill,control,Http,28250,32
prefill,control,Http,28288,27
prefill,control,Http,28325,28
prefill,control,Http,28362,28
prefill,control,Http,28400,42
prefill,control,Http,28438,33
prefill,control,Http,28475,37
prefill,control,Http,28512,29
prefill,control,Http,28550,32
prefill,control,Http,28588,27
prefill,control,Http,28625,28
prefill,control,Http,28662,28
prefill,control,Http,28700,42
prefill,control,Http,28738,33
prefill,control,Http,28775,37
prefill,control,Http,28812,29
prefill,control,Http,28850,32
prefill,control,Http,28888,27
prefill,control,Http,28925,28
prefill,control,Http,28962,28
prefill,control,Http,29000,42
prefill,control,Http,29038,33
prefill,control,Http,29075,37
prefill,control,Http,29112,29
prefill,control,Http,29150,32
prefill,control,Http,29188,27
prefill,control,Http,29225,28
prefill,control,Http,29262,28
prefill,control,Http,29300,42
prefill,control,Http,29338,33
prefill,control,Http,29375,37
prefill,control,Http,29412,29
prefill,control,Http,29450,32
prefill,control,Http,29488,27
prefill,control,Http,29525,28
prefill,control,Http,29562,28
prefill,control,Http,29600,42
prefill,control,Http,29638,33
prefill,control,Http,29675,37
prefill,control,Http,29712,29
prefill,control,Http,29750,32
prefill,control,Http,29788,27
prefill,control,Http,29825,28
prefill,control,Http,29862,28
prefill,control,Http,29900,42
prefill,control,Http,29938,33
prefill,control,Http,29975,37
prefill,control,Http,30012,29
prefill,control,Http,30050,32
prefill,control,Http,30088,27
prefill,control,Http,30125,28
prefill,control,Http,30162,28
prefill,control,Http,30200,42
prefill,control,Http,30238,33
prefill,control,Http,30275,37
prefill,control,Http,30312,29
prefill,control,Http,30350,32
prefill,control,Http,30388,27
prefill,control,Http,30425,28
prefill,control,Http,30462,28
prefill,control,Http,30500,42
prefill,control,Http,30538,33
prefill,control,Http,30575,37
prefill,control,Http,30612,29
prefill,control,Http,30650,32
prefill,control,Http,30688,27
prefill,control,Http,30725,28
prefill,control,Http,30762,28
prefill,control,Http,30800,42
prefill,control,Http,30838,33
prefill,control,Http,30875,37
prefill,control,Http,30912,29
prefill,control,Http,30950,32
prefill,control,Http,30988,27
prefill,control,Http,31025,28
prefill,control,Http,31062,28
prefill,control,Http,31100,42
prefill,control,Http,31138,33
prefill,control,Http,31175,37
prefill,control,Http,31212,29
prefill,control,Http,31250,32
prefill,control,Http,31288,27
prefill,control,Http,31325,28
prefill,control,Http,31362,28
prefill,control,Http,31400,42
prefill,control,Http,31438,33
prefill,control,Http,31475,37
prefill,control,Http,31512,29
prefill,control,Http,31550,32
prefill,control,Http,31588,27
prefill,control,Http,31625,28
prefill,control,Http,31662,28
prefill,control,Http,31700,42
prefill,control,Http,31738,33
prefill,control,Http,31775,37
prefill,control,Http,31812,29
prefill,control,Http,31850,32
prefill,control,Http,31888,27
prefill,control,Http,31925,28
prefill,control,Http,31962,28
prefill,control,Http,32000,42
prefill,control,Http,32038,33
prefill,control,Http,32075,37
prefill,control,Http,32112,29
prefill,control,Http,32150,32
prefill,control,Http,32188,27
prefill,control,Http,32225,28
prefill,control,Http,32262,28
prefill,control,Http,32300,42
prefill,control,Http,32338,33
prefill,control,Http,32375,37
prefill,control,Http,32412,29
prefill,control,Http,32450,32
prefill,control,Http,32488,27
prefill,control,Http,32525,28
prefill,control,Http,32562,28
prefill,control,Http,32600,42
prefill,control,Http,32638,33
prefill,control,Http,32675,37
prefill,control,Http,32712,29
prefill,control,Http,32750,32
prefill,control,Http,32788,27
prefill,control,Http,32825,28
prefill,control,Http,32862,28
prefill,control,Http,32900,42
prefill,control,Http,32938,33
prefill,control,Http,32975,37
prefill,control,Http,33012,29
prefill,control,Http,33050,32
prefill,control,Http,33088,27
prefill,control,Http,33125,28
prefill,control,Http,33162,28
prefill,control,Http,33200,42
prefill,control,Http,33238,33
prefill,control,Http,33275,37
prefill,control,Http,33312,29
prefill,control,Http,33350,32
prefill,control,Http,33388,27
prefill,control,Http,33425,28
prefill,control,Http,33462,28
prefill,control,Http,33500,42
prefill,control,Http,33538,33
prefill,control,Http,33575,37
prefill,control,Http,33612,29
prefill,control,Http,33650,32
prefill,control,Http,33688,27
prefill,control,Http,33725,28
prefill,control,Http,33762,28
prefill,control,Http,33800,42
prefill,control,Http,33838,33
prefill,control,Http,33875,37
prefill,control,Http,33912,29
prefill,control,Http,33950,32
prefill,control,Http,33988,27
prefill,prefill,Http,0,51
prefill,prefill,Http,30,70
prefill,prefill,Http,60,72
prefill,prefill,Http,90,78
prefill,prefill,Http,120,77
prefill,prefill,Http,150,95
prefill,prefill,Http,180,97
prefill,prefill,Http,210,102
prefill,prefill,Http,240,101
prefill,prefill,Http,270,109
prefill,prefill,Http,300,128
prefill,prefill,Http,330,133
prefill,prefill,Http,360,132
prefill,prefill,Http,390,135
prefill,prefill,Http,420,151
prefill,prefill,Http,450,156
prefill,prefill,Http,480,155
prefill,prefill,Http,510,159
prefill,prefill,Http,540,168
prefill,prefill,Http,570,164
prefill,prefill,Http,600,166
prefill,prefill,Http,630,188
prefill,prefill,Http,660,194
prefill,prefill,Http,690,193
prefill,prefill,Http,720,195
prefill,prefill,Http,750,202
prefill,prefill,Http,780,219
prefill,prefill,Http,810,221
prefill,prefill,Http,840,220
prefill,prefill,Http,870,225
prefill,prefill,Http,900,225
prefill,prefill,Http,930,247
prefill,prefill,Http,960,249
prefill,prefill,Http,990,255
prefill,prefill,Http,1020,255
prefill,prefill,Http,1050,272
prefill,prefill,Http,1080,277
prefill,prefill,Http,1110,279
prefill,prefill,Http,1140,278
prefill,prefill,Http,1170,281
prefill,prefill,Http,1200,286
prefill,prefill,Http,1230,288
prefill,prefill,Http,1260,309
prefill,prefill,Http,1290,312
prefill,prefill,Http,1320,317
prefill,prefill,Http,1350,316
prefill,prefill,Http,1380,332
prefill,prefill,Http,1410,335
prefill,prefill,Http,1440,340
prefill,prefill,Http,1470,339
prefill,prefill,Http,1500,345
prefill,prefill,Http,1530,366
prefill,prefill,Http,1560,371
prefill,prefill,Http,1590,370
prefill,prefill,Http,1620,372
prefill,prefill,Http,1650,954
prefill,prefill,Http,1680,933
prefill,prefill,Http,1710,921
prefill,prefill,Http,1740,906
prefill,prefill,Http,1770,891
prefill,prefill,Http,1800,873
prefill,prefill,Http,1830,864
prefill,prefill,Http,1860,843
prefill,prefill,Http,1890,831
prefill,prefill,Http,1920,819
prefill,prefill,Http,1950,801
prefill,prefill,Http,1980,783
prefill,prefill,Http,2000,1594
prefill,prefill,Http,2038,1607
prefill,prefill,Http,2075,1618
prefill,prefill,Http,2112,1632
prefill,prefill,Http,2150,1648
prefill,prefill,Http,2188,1661
prefill,prefill,Http,2225,1675
prefill,prefill,Http,2262,1686
prefill,prefill,Http,2300,1699
prefill,prefill,Http,2338,1715
prefill,prefill,Http,2375,1729
prefill,prefill,Http,2412,1743
prefill,prefill,Http,2450,1753
prefill,prefill,Http,2488,1766
prefill,prefill,Http,2525,1783
prefill,prefill,Http,2562,1797
prefill,prefill,Http,2600,1810
prefill,prefill,Http,2638,1820
prefill,prefill,Http,2675,1834
prefill,prefill,Http,2712,1851
prefill,prefill,Http,2750,1864
prefill,prefill,Http,2788,1878
prefill,prefill,Http,2825,1889
prefill,prefill,Http,2862,1904
prefill,prefill,Http,2900,1924
prefill,prefill,Http,2938,1939
prefill,prefill,Http,2975,1955
prefill,prefill,Http,3012,1969
prefill,prefill,Http,3050,1985
prefill,prefill,Http,3088,2002
prefill,prefill,Http,3125,2018
prefill,prefill,Http,3162,2034
prefill,prefill,Http,3200,2046
prefill,prefill,Http,3238,2061
prefill,prefill,Http,3275,2081
prefill,prefill,Http,3312,2097
prefill,prefill,Http,3350,2111
prefill,prefill,Http,3388,2123
prefill,prefill,Http,3425,2140
prefill,prefill,Http,3462,2159
prefill,prefill,Http,3500,2175
prefill,prefill,Http,3538,2184
prefill,prefill,Http,3575,2186
prefill,prefill,Http,3612,2193
prefill,prefill,Http,3650,2203
prefill,prefill,Http,3688,2208
prefill,prefill,Http,3725,2189
prefill,prefill,Http,3762,2179
prefill,prefill,Http,3800,2168
prefill,prefill,Http,3838,2143
prefill,prefill,Http,3875,2118
prefill,prefill,Http,3912,2113
prefill,prefill,Http,3950,2102
prefill,prefill,Http,3988,2079
prefill,prefill,Http,4025,2074
prefill,prefill,Http,4062,2052
prefill,prefill,Http,4100,2036
prefill,prefill,Http,4138,2018
prefill,prefill,Http,4175,2009
prefill,prefill,Http,4212,1987
prefill,prefill,Http,4250,1961
prefill,prefill,Http,4288,1953
prefill,prefill,Http,4325,1943
prefill,prefill,Http,4362,1925
prefill,prefill,Http,4400,1915
prefill,prefill,Http,4438,1893
prefill,prefill,Http,4475,1880
prefill,prefill,Http,4512,1859
prefill,prefill,Http,4550,1852
prefill,prefill,Http,4588,1826
prefill,prefill,Http,4625,1821
prefill,prefill,Http,4662,1797
prefill,prefill,Http,4700,1787
prefill,prefill,Http,4738,1767
prefill,prefill,Http,4775,1757
prefill,prefill,Http,4812,1735
prefill,prefill,Http,4850,1725
prefill,prefill,Http,4888,1702
prefill,prefill,Http,4925,1697
prefill,prefill,Http,4962,1669
prefill,prefill,Http,5000,1661
prefill,prefill,Http,5038,1637
prefill,prefill,Http,5075,1627
prefill,prefill,Http,5112,1608
prefill,prefill,Http,5150,1599
prefill,prefill,Http,5188,1577
prefill,prefill,Http,5225,1565
prefill,prefill,Http,5262,1546
prefill,prefill,Http,5300,1535
prefill,prefill,Http,5338,1512
prefill,prefill,Http,5375,1506
prefill,prefill,Http,5412,1478
prefill,prefill,Http,5450,1472
prefill,prefill,Http,5488,1452
prefill,prefill,Http,5525,1439
prefill,prefill,Http,5562,1419
prefill,prefill,Http,5600,1405
prefill,prefill,Http,5638,1401
prefill,prefill,Http,5675,1378
prefill,prefill,Http,5712,1353
prefill,prefill,Http,5750,1346
prefill,prefill,Http,5788,1320
prefill,prefill,Http,5825,1313
prefill,prefill,Http,5862,1310
prefill,prefill,Http,5900,1284
prefill,prefill,Http,5938,1259
prefill,prefill,Http,5975,1250
prefill,prefill,Http,6012,1246
prefill,prefill,Http,6050,1221
prefill,prefill,Http,6088,1211
prefill,prefill,Http,6125,1189
prefill,prefill,Http,6162,1184
prefill,prefill,Http,6200,1153
prefill,prefill,Http,6238,1152
prefill,prefill,Http,6275,1127
prefill,prefill,Http,6312,1102
prefill,prefill,Http,6350,1094
prefill,prefill,Http,6388,1090
prefill,prefill,Http,6425,1062
prefill,prefill,Http,6462,1053
prefill,prefill,Http,6500,1031
prefill,prefill,Http,6538,1026
prefill,prefill,Http,6575,996
prefill,prefill,Http,6612,993
prefill,prefill,Http,6650,967
prefill,prefill,Http,6688,961
prefill,prefill,Http,6725,931
prefill,prefill,Http,6762,931
prefill,prefill,Http,6800,905
prefill,prefill,Http,6838,876
prefill,prefill,Http,6875,875
prefill,prefill,Http,6912,872
prefill,prefill,Http,6950,837
prefill,prefill,Http,6988,834
prefill,prefill,Http,7025,809
prefill,prefill,Http,7062,805
prefill,prefill,Http,7100,775
prefill,prefill,Http,7138,770
prefill,prefill,Http,7175,746
prefill,prefill,Http,7212,737
prefill,prefill,Http,7250,715
prefill,prefill,Http,7288,711
prefill,prefill,Http,7325,680
prefill,prefill,Http,7362,679
prefill,prefill,Http,7400,653
prefill,prefill,Http,7438,649
prefill,prefill,Http,7475,615
prefill,prefill,Http,7512,616
prefill,prefill,Http,7550,590
prefill,prefill,Http,7588,576
prefill,prefill,Http,7625,556
prefill,prefill,Http,7662,555
prefill,prefill,Http,7700,524
prefill,prefill,Http,7738,518
prefill,prefill,Http,7775,509
prefill,prefill,Http,7812,493
prefill,prefill,Http,7850,458
prefill,prefill,Http,7888,456
prefill,prefill,Http,7925,443
prefill,prefill,Http,7962,422
prefill,prefill,Http,8000,412
prefill,prefill,Http,8038,396
prefill,prefill,Http,8075,365
prefill,prefill,Http,8112,359
prefill,prefill,Http,8150,352
prefill,prefill,Http,8188,333
prefill,prefill,Http,8225,317
prefill,prefill,Http,8262,300
prefill,prefill,Http,8300,287
prefill,prefill,Http,8338,264
prefill,prefill,Http,8375,239
prefill,prefill,Http,8412,238
prefill,prefill,Http,8450,228
prefill,prefill,Http,8488,202
prefill,prefill,Http,8525,193
prefill,prefill,Http,8562,175
prefill,prefill,Http,8600,161
prefill,prefill,Http,8638,140
prefill,prefill,Http,8675,127
prefill,prefill,Http,8712,105
prefill,prefill,Http,8750,92
prefill,prefill,Http,8788,80
prefill,prefill,Http,8825,68
prefill,prefill,Http,8862,46
prefill,prefill,Http,8900,25
prefill,prefill,Http,8938,27
prefill,prefill,Http,8975,34
prefill,prefill,Http,9012,19
prefill,prefill,Http,9050,49
prefill,prefill,Http,9088,20
prefill,prefill,Http,9125,31
prefill,prefill,Http,9162,19
prefill,prefill,Http,9200,25
prefill,prefill,Http,9238,27
prefill,prefill,Http,9275,34
prefill,prefill,Http,9312,19
prefill,prefill,Http,9350,49
prefill,prefill,Http,9388,20
prefill,prefill,Http,9425,31
prefill,prefill,Http,9462,19
prefill,prefill,Http,9500,25
prefill,prefill,Http,9538,27
prefill,prefill,Http,9575,34
prefill,prefill,Http,9612,19
prefill,prefill,Http,9650,49
prefill,prefill,Http,9688,20
prefill,prefill,Http,9725,31
prefill,prefill,Http,9762,19
prefill,prefill,Http,9800,25
prefill,prefill,Http,9838,27
prefill,prefill,Http,9875,34
prefill,prefill,Http,9912,19
prefill,prefill,Http,9950,49
prefill,prefill,Http,9988,20
prefill,prefill,Http,10025,31
prefill,prefill,Http,10062,19
prefill,prefill,Http,10100,25
prefill,prefill,Http,10138,27
prefill,prefill,Http,10175,34
prefill,prefill,Http,10212,19
prefill,prefill,Http,10250,49
prefill,prefill,Http,10288,20
prefill,prefill,Http,10325,31
prefill,prefill,Http,10362,19
prefill,prefill,Http,10400,25
prefill,prefill,Http,10438,27
prefill,prefill,Http,10475,34
prefill,prefill,Http,10512,19
prefill,prefill,Http,10550,49
prefill,prefill,Http,10588,20
prefill,prefill,Http,10625,31
prefill,prefill,Http,10662,19
prefill,prefill,Http,10700,25
prefill,prefill,Http,10738,27
prefill,prefill,Http,10775,34
prefill,prefill,Http,10812,19
prefill,prefill,Http,10850,49
prefill,prefill,Http,10888,20
prefill,prefill,Http,10925,31
prefill,prefill,Http,10962,19
prefill,prefill,Http,11000,25
prefill,prefill,Http,11038,27
prefill,prefill,Http,11075,34
prefill,prefill,Http,11112,19
prefill,prefill,Http,11150,49
prefill,prefill,Http,11188,20
prefill,prefill,Http,11225,31
prefill,prefill,Http,11262,19
prefill,prefill,Http,11300,25
prefill,prefill,Http,11338,27
prefill,prefill,Http,11375,34
prefill,prefill,Http,11412,19
prefill,prefill,Http,11450,49
prefill,prefill,Http,11488,20
prefill,prefill,Http,11525,31
prefill,prefill,Http,11562,19
prefill,prefill,Http,11600,25
prefill,prefill,Http,11638,27
prefill,prefill,Http,11675,34
prefill,prefill,Http,11712,19
prefill,prefill,Http,11750,49
prefill,prefill,Http,11788,20
prefill,prefill,Http,11825,31
prefill,prefill,Http,11862,19
prefill,prefill,Http,11900,25
prefill,prefill,Http,11938,27
prefill,prefill,Http,11975,34
prefill,prefill,Http,12012,19
prefill,prefill,Http,12050,49
prefill,prefill,Http,12088,20
prefill,prefill,Http,12125,31
prefill,prefill,Http,12162,19
prefill,prefill,Http,12200,25
prefill,prefill,Http,12238,27
prefill,prefill,Http,12275,34
prefill,prefill,Http,12312,19
prefill,prefill,Http,12350,49
prefill,prefill,Http,12388,20
prefill,prefill,Http,12425,31
prefill,prefill,Http,12462,19
prefill,prefill,Http,12500,25
prefill,prefill,Http,12538,27
prefill,prefill,Http,12575,34
prefill,prefill,Http,12612,19
prefill,prefill,Http,12650,49
prefill,prefill,Http,12688,20
prefill,prefill,Http,12725,31
prefill,prefill,Http,12762,19
prefill,prefill,Http,12800,25
prefill,prefill,Http,12838,27
prefill,prefill,Http,12875,34
prefill,prefill,Http,12912,19
prefill,prefill,Http,12950,49
prefill,prefill,Http,12988,20
prefill,prefill,Http,13025,31
prefill,prefill,Http,13062,19
prefill,prefill,Http,13100,25
prefill,prefill,Http,13138,27
prefill,prefill,Http,13175,34
prefill,prefill,Http,13212,19
prefill,prefill,Http,13250,49
prefill,prefill,Http,13288,20
prefill,prefill,Http,13325,31
prefill,prefill,Http,13362,19
prefill,prefill,Http,13400,25
prefill,prefill,Http,13438,27
prefill,prefill,Http,13475,34
prefill,prefill,Http,13512,19
prefill,prefill,Http,13550,49
prefill,prefill,Http,13588,20
prefill,prefill,Http,13625,31
prefill,prefill,Http,13662,19
prefill,prefill,Http,13700,25
prefill,prefill,Http,13738,27
prefill,prefill,Http,13775,34
prefill,prefill,Http,13812,19
prefill,prefill,Http,13850,49
prefill,prefill,Http,13888,20
prefill,prefill,Http,13925,31
prefill,prefill,Http,13962,19
prefill,prefill,Http,14000,25
prefill,prefill,Http,14038,27
prefill,prefill,Http,14075,34
prefill,prefill,Http,14112,19
prefill,prefill,Http,14150,49
prefill,prefill,Http,14188,20
prefill,prefill,Http,14225,31
prefill,prefill,Http,14262,19
prefill,prefill,Http,14300,25
prefill,prefill,Http,14338,27
prefill,prefill,Http,14375,34
prefill,prefill,Http,14412,19
prefill,prefill,Http,14450,49
prefill,prefill,Http,14488,20
prefill,prefill,Http,14525,31
prefill,prefill,Http,14562,19
prefill,prefill,Http,14600,25
prefill,prefill,Http,14638,27
prefill,prefill,Http,14675,34
prefill,prefill,Http,14712,19
prefill,prefill,Http,14750,49
prefill,prefill,Http,14788,20
prefill,prefill,Http,14825,31
prefill,prefill,Http,14862,19
prefill,prefill,Http,14900,25
prefill,prefill,Http,14938,27
prefill,prefill,Http,14975,34
prefill,prefill,Http,15012,19
prefill,prefill,Http,15050,49
prefill,prefill,Http,15088,20
prefill,prefill,Http,15125,31
prefill,prefill,Http,15162,19
prefill,prefill,Http,15200,47
prefill,prefill,Http,15238,43
prefill,prefill,Http,15275,34
prefill,prefill,Http,15312,22
prefill,prefill,Http,15350,45
prefill,prefill,Http,15388,25
prefill,prefill,Http,15425,24
prefill,prefill,Http,15462,24
prefill,prefill,Http,15500,46
prefill,prefill,Http,15538,39
prefill,prefill,Http,15575,34
prefill,prefill,Http,15612,22
prefill,prefill,Http,15650,45
prefill,prefill,Http,15688,25
prefill,prefill,Http,15725,24
prefill,prefill,Http,15762,24
prefill,prefill,Http,15800,46
prefill,prefill,Http,15838,39
prefill,prefill,Http,15875,34
prefill,prefill,Http,15912,22
prefill,prefill,Http,15950,45
prefill,prefill,Http,15988,25
prefill,prefill,Http,16025,24
prefill,prefill,Http,16062,24
prefill,prefill,Http,16100,46
prefill,prefill,Http,16138,39
prefill,prefill,Http,16175,34
prefill,prefill,Http,16212,22
prefill,prefill,Http,16250,45
prefill,prefill,Http,16288,25
prefill,prefill,Http,16325,24
prefill,prefill,Http,16362,24
prefill,prefill,Http,16400,46
prefill,prefill,Http,16438,39
prefill,prefill,Http,16475,34
prefill,prefill,Http,16512,22
prefill,prefill,Http,16550,45
prefill,prefill,Http,16588,25
prefill,prefill,Http,16625,24
prefill,prefill,Http,16662,24
prefill,prefill,Http,16700,46
prefill,prefill,Http,16738,39
prefill,prefill,Http,16775,34
prefill,prefill,Http,16812,22
prefill,prefill,Http,16850,45
prefill,prefill,Http,16888,25
prefill,prefill,Http,16925,24
prefill,prefill,Http,16962,24
prefill,prefill,Http,17000,46
prefill,prefill,Http,17038,39
prefill,prefill,Http,17075,34
prefill,prefill,Http,17112,22
prefill,prefill,Http,17150,45
prefill,prefill,Http,17188,25
prefill,prefill,Http,17225,24
prefill,prefill,Http,17262,24
prefill,prefill,Http,17300,46
prefill,prefill,Http,17338,39
prefill,prefill,Http,17375,34
prefill,prefill,Http,17412,22
prefill,prefill,Http,17450,45
prefill,prefill,Http,17488,25
prefill,prefill,Http,17525,24
prefill,prefill,Http,17562,24
prefill,prefill,Http,17600,46
prefill,prefill,Http,17638,39
prefill,prefill,Http,17675,34
prefill,prefill,Http,17712,22
prefill,prefill,Http,17750,45
prefill,prefill,Http,17788,25
prefill,prefill,Http,17825,24
prefill,prefill,Http,17862,24
prefill,prefill,Http,17900,46
prefill,prefill,Http,17938,39
prefill,prefill,Http,17975,34
prefill,prefill,Http,18012,22
prefill,prefill,Http,18050,45
prefill,prefill,Http,18088,25
prefill,prefill,Http,18125,24
prefill,prefill,Http,18162,24
prefill,prefill,Http,18200,46
prefill,prefill,Http,18238,39
prefill,prefill,Http,18275,34
prefill,prefill,Http,18312,22
prefill,prefill,Http,18350,45
prefill,prefill,Http,18388,25
prefill,prefill,Http,18425,24
prefill,prefill,Http,18462,24
prefill,prefill,Http,18500,46
prefill,prefill,Http,18538,39
prefill,prefill,Http,18575,34
prefill,prefill,Http,18612,22
prefill,prefill,Http,18650,45
prefill,prefill,Http,18688,25
prefill,prefill,Http,18725,24
prefill,prefill,Http,18762,24
prefill,prefill,Http,18800,46
prefill,prefill,Http,18838,39
prefill,prefill,Http,18875,34
prefill,prefill,Http,18912,22
prefill,prefill,Http,18950,45
prefill,prefill,Http,18988,25
prefill,prefill,Http,19025,24
prefill,prefill,Http,19062,24
prefill,prefill,Http,19100,46
prefill,prefill,Http,19138,39
prefill,prefill,Http,19175,34
prefill,prefill,Http,19212,22
prefill,prefill,Http,19250,45
prefill,prefill,Http,19288,25
prefill,prefill,Http,19325,24
prefill,prefill,Http,19362,24
prefill,prefill,Http,19400,46
prefill,prefill,Http,19438,39
prefill,prefill,Http,19475,34
prefill,prefill,Http,19512,22
prefill,prefill,Http,19550,45
prefill,prefill,Http,19588,25
prefill,prefill,Http,19625,24
prefill,prefill,Http,19662,24
prefill,prefill,Http,19700,46
prefill,prefill,Http,19738,39
prefill,prefill,Http,19775,34
prefill,prefill,Http,19812,22
prefill,prefill,Http,19850,45
prefill,prefill,Http,19888,25
prefill,prefill,Http,19925,24
prefill,prefill,Http,19962,24
prefill,prefill,Http,20000,46
prefill,prefill,Http,20038,39
prefill,prefill,Http,20075,34
prefill,prefill,Http,20112,22
prefill,prefill,Http,20150,45
prefill,prefill,Http,20188,25
prefill,prefill,Http,20225,24
prefill,prefill,Http,20262,24
prefill,prefill,Http,20300,46
prefill,prefill,Http,20338,39
prefill,prefill,Http,20375,34
prefill,prefill,Http,20412,22
prefill,prefill,Http,20450,45
prefill,prefill,Http,20488,25
prefill,prefill,Http,20525,24
prefill,prefill,Http,20562,24
prefill,prefill,Http,20600,46
prefill,prefill,Http,20638,39
prefill,prefill,Http,20675,34
prefill,prefill,Http,20712,22
prefill,prefill,Http,20750,45
prefill,prefill,Http,20788,25
prefill,prefill,Http,20825,24
prefill,prefill,Http,20862,24
prefill,prefill,Http,20900,46
prefill,prefill,Http,20938,39
prefill,prefill,Http,20975,34
prefill,prefill,Http,21012,22
prefill,prefill,Http,21050,45
prefill,prefill,Http,21088,25
prefill,prefill,Http,21125,24
prefill,prefill,Http,21162,24
prefill,prefill,Http,21200,46
prefill,prefill,Http,21238,39
prefill,prefill,Http,21275,34
prefill,prefill,Http,21312,22
prefill,prefill,Http,21350,45
prefill,prefill,Http,21388,25
prefill,prefill,Http,21425,24
prefill,prefill,Http,21462,24
prefill,prefill,Http,21500,46
prefill,prefill,Http,21538,39
prefill,prefill,Http,21575,34
prefill,prefill,Http,21612,22
prefill,prefill,Http,21650,45
prefill,prefill,Http,21688,25
prefill,prefill,Http,21725,24
prefill,prefill,Http,21762,24
prefill,prefill,Http,21800,46
prefill,prefill,Http,21838,39
prefill,prefill,Http,21875,34
prefill,prefill,Http,21912,22
prefill,prefill,Http,21950,45
prefill,prefill,Http,21988,25
prefill,prefill,Http,22025,24
prefill,prefill,Http,22062,24
prefill,prefill,Http,22100,46
prefill,prefill,Http,22138,39
prefill,prefill,Http,22175,34
prefill,prefill,Http,22212,22
prefill,prefill,Http,22250,45
prefill,prefill,Http,22288,25
prefill,prefill,Http,22325,24
prefill,prefill,Http,22362,24
prefill,prefill,Http,22400,46
prefill,prefill,Http,22438,39
prefill,prefill,Http,22475,34
prefill,prefill,Http,22512,22
prefill,prefill,Http,22550,45
prefill,prefill,Http,22588,25
prefill,prefill,Http,22625,24
prefill,prefill,Http,22662,24
prefill,prefill,Http,22700,46
prefill,prefill,Http,22738,39
prefill,prefill,Http,22775,34
prefill,prefill,Http,22812,22
prefill,prefill,Http,22850,45
prefill,prefill,Http,22888,25
prefill,prefill,Http,22925,24
prefill,prefill,Http,22962,24
prefill,prefill,Http,23000,46
prefill,prefill,Http,23038,39
prefill,prefill,Http,23075,34
prefill,prefill,Http,23112,22
prefill,prefill,Http,23150,45
prefill,prefill,Http,23188,25
prefill,prefill,Http,23225,24
prefill,prefill,Http,23262,24
prefill,prefill,Http,23300,46
prefill,prefill,Http,23338,39
prefill,prefill,Http,23375,34
prefill,prefill,Http,23412,22
prefill,prefill,Http,23450,45
prefill,prefill,Http,23488,25
prefill,prefill,Http,23525,24
prefill,prefill,Http,23562,24
prefill,prefill,Http,23600,46
prefill,prefill,Http,23638,39
prefill,prefill,Http,23675,34
prefill,prefill,Http,23712,22
prefill,prefill,Http,23750,45
prefill,prefill,Http,23788,25
prefill,prefill,Http,23825,24
prefill,prefill,Http,23862,24
prefill,prefill,Http,23900,46
prefill,prefill,Http,23938,39
prefill,prefill,Http,23975,34
prefill,prefill,Http,24012,22
prefill,prefill,Http,24050,45
prefill,prefill,Http,24088,25
prefill,prefill,Http,24125,24
prefill,prefill,Http,24162,24
prefill,prefill,Http,24200,46
prefill,prefill,Http,24238,39
prefill,prefill,Http,24275,34
prefill,prefill,Http,24312,22
prefill,prefill,Http,24350,45
prefill,prefill,Http,24388,25
prefill,prefill,Http,24425,24
prefill,prefill,Http,24462,24
prefill,prefill,Http,24500,46
prefill,prefill,Http,24538,39
prefill,prefill,Http,24575,34
prefill,prefill,Http,24612,22
prefill,prefill,Http,24650,45
prefill,prefill,Http,24688,25
prefill,prefill,Http,24725,24
prefill,prefill,Http,24762,24
prefill,prefill,Http,24800,46
prefill,prefill,Http,24838,39
prefill,prefill,Http,24875,34
prefill,prefill,Http,24912,22
prefill,prefill,Http,24950,45
prefill,prefill,Http,24988,25
prefill,prefill,Http,25025,24
prefill,prefill,Http,25062,24
prefill,prefill,Http,25100,46
prefill,prefill,Http,25138,39
prefill,prefill,Http,25175,34
prefill,prefill,Http,25212,22
prefill,prefill,Http,25250,45
prefill,prefill,Http,25288,25
prefill,prefill,Http,25325,24
prefill,prefill,Http,25362,24
prefill,prefill,Http,25400,46
prefill,prefill,Http,25438,39
prefill,prefill,Http,25475,34
prefill,prefill,Http,25512,22
prefill,prefill,Http,25550,45
prefill,prefill,Http,25588,25
prefill,prefill,Http,25625,24
prefill,prefill,Http,25662,24
prefill,prefill,Http,25700,46
prefill,prefill,Http,25738,39
prefill,prefill,Http,25775,34
prefill,prefill,Http,25812,22
prefill,prefill,Http,25850,45
prefill,prefill,Http,25888,25
prefill,prefill,Http,25925,24
prefill,prefill,Http,25962,24
prefill,prefill,Http,26000,46
prefill,prefill,Http,26038,39
prefill,prefill,Http,26075,34
prefill,prefill,Http,26112,22
prefill,prefill,Http,26150,45
prefill,prefill,Http,26188,25
prefill,prefill,Http,26225,24
prefill,prefill,Http,26262,24
prefill,prefill,Http,26300,46
prefill,prefill,Http,26338,39
prefill,prefill,Http,26375,34
prefill,prefill,Http,26412,22
prefill,prefill,Http,26450,45
prefill,prefill,Http,26488,25
prefill,prefill,Http,26525,24
prefill,prefill,Http,26562,24
prefill,prefill,Http,26600,46
prefill,prefill,Http,26638,39
prefill,prefill,Http,26675,34
prefill,prefill,Http,26712,22
prefill,prefill,Http,26750,45
prefill,prefill,Http,26788,25
prefill,prefill,Http,26825,24
prefill,prefill,Http,26862,24
prefill,prefill,Http,26900,46
prefill,prefill,Http,26938,39
prefill,prefill,Http,26975,34
prefill,prefill,Http,27012,22
prefill,prefill,Http,27050,45
prefill,prefill,Http,27088,25
prefill,prefill,Http,27125,24
prefill,prefill,Http,27162,24
prefill,prefill,Http,27200,46
prefill,prefill,Http,27238,39
prefill,prefill,Http,27275,34
prefill,prefill,Http,27312,22
prefill,prefill,Http,27350,45
prefill,prefill,Http,27388,25
prefill,prefill,Http,27425,24
prefill,prefill,Http,27462,24
prefill,prefill,Http,27500,46
prefill,prefill,Http,27538,39
prefill,prefill,Http,27575,34
prefill,prefill,Http,27612,22
prefill,prefill,Http,27650,45
prefill,prefill,Http,27688,25
prefill,prefill,Http,27725,24
prefill,prefill,Http,27762,24
prefill,prefill,Http,27800,46
prefill,prefill,Http,27838,39
prefill,prefill,Http,27875,34
prefill,prefill,Http,27912,22
prefill,prefill,Http,27950,45
prefill,prefill,Http,27988,25
prefill,prefill,Http,28025,24
prefill,prefill,Http,28062,24
prefill,prefill,Http,28100,46
prefill,prefill,Http,28138,39
prefill,prefill,Http,28175,34
prefill,prefill,Http,28212,22
prefill,prefill,Http,28250,45
prefill,prefill,Http,28288,25
prefill,prefill,Http,28325,24
prefill,prefill,Http,28362,24
prefill,prefill,Http,28400,46
prefill,prefill,Http,28438,39
prefill,prefill,Http,28475,34
prefill,prefill,Http,28512,22
prefill,prefill,Http,28550,45
prefill,prefill,Http,28588,25
prefill,prefill,Http,28625,24
prefill,prefill,Http,28662,24
prefill,prefill,Http,28700,46
prefill,prefill,Http,28738,39
prefill,prefill,Http,28775,34
prefill,prefill,Http,28812,22
prefill,prefill,Http,28850,45
prefill,prefill,Http,28888,25
prefill,prefill,Http,28925,24
prefill,prefill,Http,28962,24
prefill,prefill,Http,29000,46
prefill,prefill,Http,29038,39
prefill,prefill,Http,29075,34
prefill,prefill,Http,29112,22
prefill,prefill,Http,29150,45
prefill,prefill,Http,29188,25
prefill,prefill,Http,29225,24
prefill,prefill,Http,29262,24
prefill,prefill,Http,29300,46
prefill,prefill,Http,29338,39
prefill,prefill,Http,29375,34
prefill,prefill,Http,29412,22
prefill,prefill,Http,29450,45
prefill,prefill,Http,29488,25
prefill,prefill,Http,29525,24
prefill,prefill,Http,29562,24
prefill,prefill,Http,29600,46
prefill,prefill,Http,29638,39
prefill,prefill,Http,29675,34
prefill,prefill,Http,29712,22
prefill,prefill,Http,29750,45
prefill,prefill,Http,29788,25
prefill,prefill,Http,29825,24
prefill,prefill,Http,29862,24
prefill,prefill,Http,29900,46
prefill,prefill,Http,29938,39
prefill,prefill,Http,29975,34
prefill,prefill,Http,30012,22
prefill,prefill,Http,30050,45
prefill,prefill,Http,30088,25
prefill,prefill,Http,30125,24
prefill,prefill,Http,30162,24
prefill,prefill,Http,30200,46
prefill,prefill,Http,30238,39
prefill,prefill,Http,30275,34
prefill,prefill,Http,30312,22
prefill,prefill,Http,30350,45
prefill,prefill,Http,30388,25
prefill,prefill,Http,30425,24
prefill,prefill,Http,30462,24
prefill,prefill,Http,30500,46
prefill,prefill,Http,30538,39
prefill,prefill,Http,30575,34
prefill,prefill,Http,30612,22
prefill,prefill,Http,30650,45
prefill,prefill,Http,30688,25
prefill,prefill,Http,30725,24
prefill,prefill,Http,30762,24
prefill,prefill,Http,30800,46
prefill,prefill,Http,30838,39
prefill,prefill,Http,30875,34
prefill,prefill,Http,30912,22
prefill,prefill,Http,30950,45
prefill,prefill,Http,30988,25
prefill,prefill,Http,31025,24
prefill,prefill,Http,31062,24
prefill,prefill,Http,31100,46
prefill,prefill,Http,31138,39
prefill,prefill,Http,31175,34
prefill,prefill,Http,31212,22
prefill,prefill,Http,31250,45
prefill,prefill,Http,31288,25
prefill,prefill,Http,31325,24
prefill,prefill,Http,31362,24
prefill,prefill,Http,31400,46
prefill,prefill,Http,31438,39
prefill,prefill,Http,31475,34
prefill,prefill,Http,31512,22
prefill,prefill,Http,31550,45
prefill,prefill,Http,31588,25
prefill,prefill,Http,31625,24
prefill,prefill,Http,31662,24
prefill,prefill,Http,31700,46
prefill,prefill,Http,31738,39
prefill,prefill,Http,31775,34
prefill,prefill,Http,31812,22
prefill,prefill,Http,31850,45
prefill,prefill,Http,31888,25
prefill,prefill,Http,31925,24
prefill,prefill,Http,31962,24
prefill,prefill,Http,32000,46
prefill,prefill,Http,32038,39
prefill,prefill,Http,32075,34
prefill,prefill,Http,32112,22
prefill,prefill,Http,32150,45
prefill,prefill,Http,32188,25
prefill,prefill,Http,32225,24
prefill,prefill,Http,32262,24
prefill,prefill,Http,32300,46
prefill,prefill,Http,32338,39
prefill,prefill,Http,32375,34
prefill,prefill,Http,32412,22
prefill,prefill,Http,32450,45
prefill,prefill,Http,32488,25
prefill,prefill,Http,32525,24
prefill,prefill,Http,32562,24
prefill,prefill,Http,32600,46
prefill,prefill,Http,32638,39
prefill,prefill,Http,32675,34
prefill,prefill,Http,32712,22
prefill,prefill,Http,32750,45
prefill,prefill,Http,32788,25
prefill,prefill,Http,32825,24
prefill,prefill,Http,32862,24
prefill,prefill,Http,32900,46
prefill,prefill,Http,32938,39
prefill,prefill,Http,32975,34
prefill,prefill,Http,33012,22
prefill,prefill,Http,33050,45
prefill,prefill,Http,33088,25
prefill,prefill,Http,33125,24
prefill,prefill,Http,33162,24
prefill,prefill,Http,33200,46
prefill,prefill,Http,33238,39
prefill,prefill,Http,33275,34
prefill,prefill,Http,33312,22
prefill,prefill,Http,33350,45
prefill,prefill,Http,33388,25
prefill,prefill,Http,33425,24
prefill,prefill,Http,33462,24
prefill,prefill,Http,33500,46
prefill,prefill,Http,33538,39
prefill,prefill,Http,33575,34
prefill,prefill,Http,33612,22
prefill,prefill,Http,33650,45
prefill,prefill,Http,33688,25
prefill,prefill,Http,33725,24
prefill,prefill,Http,33762,24
prefill,prefill,Http,33800,46
prefill,prefill,Http,33838,39
prefill,prefill,Http,33875,34
prefill,prefill,Http,33912,22
prefill,prefill,Http,33950,45
prefill,prefill,Http,33988,25
prefill,control,Https,0,34
prefill,control,Https,30,41
prefill,control,Https,60,21
prefill,control,Https,90,26
prefill,control,Https,120,26
prefill,control,Https,150,29
prefill,control,Https,180,37
prefill,control,Https,210,21
prefill,control,Https,240,27
prefill,control,Https,270,27
prefill,control,Https,300,29
prefill,control,Https,330,35
prefill,control,Https,360,36
prefill,control,Https,390,22
prefill,control,Https,420,21
prefill,control,Https,450,24
prefill,control,Https,480,29
prefill,control,Https,510,31
prefill,control,Https,540,21
prefill,control,Https,570,20
prefill,control,Https,600,22
prefill,control,Https,630,29
prefill,control,Https,660,29
prefill,control,Https,690,32
prefill,control,Https,720,37
prefill,control,Https,750,36
prefill,control,Https,780,22
prefill,control,Https,810,22
prefill,control,Https,840,27
prefill,control,Https,870,30
prefill,control,Https,900,29
prefill,control,Https,930,32
prefill,control,Https,960,23
prefill,control,Https,990,25
prefill,control,Https,1020,31
prefill,control,Https,1050,30
prefill,control,Https,1080,32
prefill,control,Https,1110,38
prefill,control,Https,1140,17
prefill,control,Https,1170,27
prefill,control,Https,1200,22
prefill,control,Https,1230,26
prefill,control,Https,1260,32
prefill,control,Https,1290,18
prefill,control,Https,1320,25
prefill,control,Https,1350,24
prefill,control,Https,1380,26
prefill,control,Https,1410,31
prefill,control,Https,1440,31
prefill,control,Https,1470,33
prefill,control,Https,1500,38
prefill,control,Https,1530,19
prefill,control,Https,1560,26
prefill,control,Https,1590,25
prefill,control,Https,1620,28
prefill,control,Https,1650,36
prefill,control,Https,1680,18
prefill,control,Https,1710,25
prefill,control,Https,1740,24
prefill,control,Https,1770,27
prefill,control,Https,1800,32
prefill,control,Https,1830,32
prefill,control,Https,1860,19
prefill,control,Https,1890,18
prefill,control,Https,1920,21
prefill,control,Https,1950,27
prefill,control,Https,1980,29
prefill,control,Https,2000,38
prefill,control,Https,2043,13
prefill,control,Https,2086,34
prefill,control,Https,2129,18
prefill,control,Https,2171,19
prefill,control,Https,2214,25
prefill,control,Https,2257,13
prefill,control,Https,2300,32
prefill,control,Https,2343,16
prefill,control,Https,2386,21
prefill,control,Https,2429,24
prefill,control,Https,2471,13
prefill,control,Https,2514,19
prefill,control,Https,2557,22
prefill,control,Https,2600,22
prefill,control,Https,2643,28
prefill,control,Https,2686,27
prefill,control,Https,2729,33
prefill,control,Https,2771,19
prefill,control,Https,2814,34
prefill,control,Https,2857,31
prefill,control,Https,2900,35
prefill,control,Https,2943,25
prefill,control,Https,2986,21
prefill,control,Https,3029,18
prefill,control,Https,3071,28
prefill,control,Https,3114,31
prefill,control,Https,3157,28
prefill,control,Https,3200,32
prefill,control,Https,3243,25
prefill,control,Https,3286,18
prefill,control,Https,3329,15
prefill,control,Https,3371,25
prefill,control,Https,3414,31
prefill,control,Https,3457,28
prefill,control,Https,3500,32
prefill,control,Https,3543,19
prefill,control,Https,3586,21
prefill,control,Https,3629,21
prefill,control,Https,3671,25
prefill,control,Https,3714,25
prefill,control,Https,3757,22
prefill,control,Https,3800,35
prefill,control,Https,3843,16
prefill,control,Https,3886,18
prefill,control,Https,3929,18
prefill,control,Https,3971,22
prefill,control,Https,4014,22
prefill,control,Https,4057,22
prefill,control,Https,4100,22
prefill,control,Https,4143,16
prefill,control,Https,4186,18
prefill,control,Https,4229,18
prefill,control,Https,4271,19
prefill,control,Https,4314,19
prefill,control,Https,4357,19
prefill,control,Https,4400,22
prefill,control,Https,4443,16
prefill,control,Https,4486,18
prefill,control,Https,4529,18
prefill,control,Https,4571,19
prefill,control,Https,4614,19
prefill,control,Https,4657,19
prefill,control,Https,4700,22
prefill,control,Https,4743,16
prefill,control,Https,4786,18
prefill,control,Https,4829,18
prefill,control,Https,4871,19
prefill,control,Https,4914,19
prefill,control,Https,4957,19
prefill,control,Https,5000,31
prefill,control,Https,5043,20
prefill,control,Https,5086,14
prefill,control,Https,5129,24
prefill,control,Https,5171,24
prefill,control,Https,5214,24
prefill,control,Https,5257,24
prefill,control,Https,5300,30
prefill,control,Https,5343,22
prefill,control,Https,5386,15
prefill,control,Https,5429,25
prefill,control,Https,5471,24
prefill,control,Https,5514,24
prefill,control,Https,5557,24
prefill,control,Https,5600,30
prefill,control,Https,5643,22
prefill,control,Https,5686,15
prefill,control,Https,5729,25
prefill,control,Https,5771,24
prefill,control,Https,5814,24
prefill,control,Https,5857,24
prefill,control,Https,5900,30
prefill,control,Https,5943,22
prefill,control,Https,5986,15
prefill,control,Https,6029,25
prefill,control,Https,6071,24
prefill,control,Https,6114,24
prefill,control,Https,6157,24
prefill,control,Https,6200,30
prefill,control,Https,6243,22
prefill,control,Https,6286,15
prefill,control,Https,6329,25
prefill,control,Https,6371,24
prefill,control,Https,6414,24
prefill,control,Https,6457,24
prefill,control,Https,6500,30
prefill,control,Https,6543,22
prefill,control,Https,6586,15
prefill,control,Https,6629,25
prefill,control,Https,6671,24
prefill,control,Https,6714,24
prefill,control,Https,6757,24
prefill,control,Https,6800,30
prefill,control,Https,6843,22
prefill,control,Https,6886,15
prefill,control,Https,6929,25
prefill,control,Https,6971,24
prefill,control,Https,7014,24
prefill,control,Https,7057,24
prefill,control,Https,7100,30
prefill,control,Https,7143,22
prefill,control,Https,7186,15
prefill,control,Https,7229,25
prefill,control,Https,7271,24
prefill,control,Https,7314,24
prefill,control,Https,7357,24
prefill,control,Https,7400,30
prefill,control,Https,7443,22
prefill,control,Https,7486,15
prefill,control,Https,7529,25
prefill,control,Https,7571,24
prefill,control,Https,7614,24
prefill,control,Https,7657,24
prefill,control,Https,7700,30
prefill,control,Https,7743,22
prefill,control,Https,7786,15
prefill,control,Https,7829,25
prefill,control,Https,7871,24
prefill,control,Https,7914,24
prefill,control,Https,7957,24
prefill,control,Https,8000,30
prefill,control,Https,8043,22
prefill,control,Https,8086,15
prefill,control,Https,8129,25
prefill,control,Https,8171,24
prefill,control,Https,8214,24
prefill,control,Https,8257,24
prefill,control,Https,8300,30
prefill,control,Https,8343,22
prefill,control,Https,8386,15
prefill,control,Https,8429,25
prefill,control,Https,8471,24
prefill,control,Https,8514,24
prefill,control,Https,8557,24
prefill,control,Https,8600,30
prefill,control,Https,8643,22
prefill,control,Https,8686,15
prefill,control,Https,8729,25
prefill,control,Https,8771,24
prefill,control,Https,8814,24
prefill,control,Https,8857,24
prefill,control,Https,8900,30
prefill,control,Https,8943,22
prefill,control,Https,8986,15
prefill,control,Https,9029,25
prefill,control,Https,9071,24
prefill,control,Https,9114,24
prefill,control,Https,9157,24
prefill,control,Https,9200,30
prefill,control,Https,9243,22
prefill,control,Https,9286,15
prefill,control,Https,9329,25
prefill,control,Https,9371,24
prefill,control,Https,9414,24
prefill,control,Https,9457,24
prefill,control,Https,9500,30
prefill,control,Https,9543,22
prefill,control,Https,9586,15
prefill,control,Https,9629,25
prefill,control,Https,9671,24
prefill,control,Https,9714,24
prefill,control,Https,9757,24
prefill,control,Https,9800,30
prefill,control,Https,9843,22
prefill,control,Https,9886,15
prefill,control,Https,9929,25
prefill,control,Https,9971,24
prefill,control,Https,10014,24
prefill,control,Https,10057,24
prefill,control,Https,10100,30
prefill,control,Https,10143,22
prefill,control,Https,10186,15
prefill,control,Https,10229,25
prefill,control,Https,10271,24
prefill,control,Https,10314,24
prefill,control,Https,10357,24
prefill,control,Https,10400,30
prefill,control,Https,10443,22
prefill,control,Https,10486,15
prefill,control,Https,10529,25
prefill,control,Https,10571,24
prefill,control,Https,10614,24
prefill,control,Https,10657,24
prefill,control,Https,10700,30
prefill,control,Https,10743,22
prefill,control,Https,10786,15
prefill,control,Https,10829,25
prefill,control,Https,10871,24
prefill,control,Https,10914,24
prefill,control,Https,10957,24
prefill,control,Https,11000,30
prefill,control,Https,11043,22
prefill,control,Https,11086,15
prefill,control,Https,11129,25
prefill,control,Https,11171,24
prefill,control,Https,11214,24
prefill,control,Https,11257,24
prefill,control,Https,11300,30
prefill,control,Https,11343,22
prefill,control,Https,11386,15
prefill,control,Https,11429,25
prefill,control,Https,11471,24
prefill,control,Https,11514,24
prefill,control,Https,11557,24
prefill,control,Https,11600,30
prefill,control,Https,11643,22
prefill,control,Https,11686,15
prefill,control,Https,11729,25
prefill,control,Https,11771,24
prefill,control,Https,11814,24
prefill,control,Https,11857,24
prefill,control,Https,11900,30
prefill,control,Https,11943,22
prefill,control,Https,11986,15
prefill,control,Https,12029,25
prefill,control,Https,12071,24
prefill,control,Https,12114,24
prefill,control,Https,12157,24
prefill,control,Https,12200,30
prefill,control,Https,12243,22
prefill,control,Https,12286,15
prefill,control,Https,12329,25
prefill,control,Https,12371,24
prefill,control,Https,12414,24
prefill,control,Https,12457,24
prefill,control,Https,12500,30
prefill,control,Https,12543,22
prefill,control,Https,12586,15
prefill,control,Https,12629,25
prefill,control,Https,12671,24
prefill,control,Https,12714,24
prefill,control,Https,12757,24
prefill,control,Https,12800,30
prefill,control,Https,12843,22
prefill,control,Https,12886,15
prefill,control,Https,12929,25
prefill,control,Https,12971,24
prefill,control,Https,13014,24
prefill,control,Https,13057,24
prefill,control,Https,13100,30
prefill,control,Https,13143,22
prefill,control,Https,13186,15
prefill,control,Https,13229,25
prefill,control,Https,13271,24
prefill,control,Https,13314,24
prefill,control,Https,13357,24
prefill,control,Https,13400,30
prefill,control,Https,13443,22
prefill,control,Https,13486,15
prefill,control,Https,13529,25
prefill,control,Https,13571,24
prefill,control,Https,13614,24
prefill,control,Https,13657,24
prefill,control,Https,13700,30
prefill,control,Https,13743,22
prefill,control,Https,13786,15
prefill,control,Https,13829,25
prefill,control,Https,13871,24
prefill,control,Https,13914,24
prefill,control,Https,13957,24
prefill,control,Https,14000,30
prefill,control,Https,14043,22
prefill,control,Https,14086,15
prefill,control,Https,14129,25
prefill,control,Https,14171,24
prefill,control,Https,14214,24
prefill,control,Https,14257,24
prefill,control,Https,14300,30
prefill,control,Https,14343,22
prefill,control,Https,14386,15
prefill,control,Https,14429,25
prefill,control,Https,14471,24
prefill,control,Https,14514,24
prefill,control,Https,14557,24
prefill,control,Https,14600,30
prefill,control,Https,14643,22
prefill,control,Https,14686,15
prefill,control,Https,14729,25
prefill,control,Https,14771,24
prefill,control,Https,14814,24
prefill,control,Https,14857,24
prefill,control,Https,14900,30
prefill,control,Https,14943,22
prefill,control,Https,14986,15
prefill,control,Https,15029,25
prefill,control,Https,15071,24
prefill,control,Https,15114,24
prefill,control,Https,15157,24
prefill,control,Https,15200,30
prefill,control,Https,15243,22
prefill,control,Https,15286,15
prefill,control,Https,15329,25
prefill,control,Https,15371,24
prefill,control,Https,15414,24
prefill,control,Https,15457,24
prefill,control,Https,15500,30
prefill,control,Https,15543,22
prefill,control,Https,15586,15
prefill,control,Https,15629,25
prefill,control,Https,15671,24
prefill,control,Https,15714,24
prefill,control,Https,15757,24
prefill,control,Https,15800,30
prefill,control,Https,15843,22
prefill,control,Https,15886,15
prefill,control,Https,15929,25
prefill,control,Https,15971,24
prefill,control,Https,16014,24
prefill,control,Https,16057,24
prefill,control,Https,16100,30
prefill,control,Https,16143,22
prefill,control,Https,16186,15
prefill,control,Https,16229,25
prefill,control,Https,16271,24
prefill,control,Https,16314,24
prefill,control,Https,16357,24
prefill,control,Https,16400,30
prefill,control,Https,16443,22
prefill,control,Https,16486,15
prefill,control,Https,16529,25
prefill,control,Https,16571,24
prefill,control,Https,16614,24
prefill,control,Https,16657,24
prefill,control,Https,16700,30
prefill,control,Https,16743,22
prefill,control,Https,16786,15
prefill,control,Https,16829,25
prefill,control,Https,16871,24
prefill,control,Https,16914,24
prefill,control,Https,16957,24
prefill,control,Https,17000,30
prefill,control,Https,17043,22
prefill,control,Https,17086,15
prefill,control,Https,17129,25
prefill,control,Https,17171,24
prefill,control,Https,17214,24
prefill,control,Https,17257,24
prefill,control,Https,17300,30
prefill,control,Https,17343,22
prefill,control,Https,17386,15
prefill,control,Https,17429,25
prefill,control,Https,17471,24
prefill,control,Https,17514,24
prefill,control,Https,17557,24
prefill,control,Https,17600,30
prefill,control,Https,17643,22
prefill,control,Https,17686,15
prefill,control,Https,17729,25
prefill,control,Https,17771,24
prefill,control,Https,17814,24
prefill,control,Https,17857,24
prefill,control,Https,17900,30
prefill,control,Https,17943,22
prefill,control,Https,17986,15
prefill,control,Https,18029,25
prefill,control,Https,18071,24
prefill,control,Https,18114,24
prefill,control,Https,18157,24
prefill,control,Https,18200,30
prefill,control,Https,18243,22
prefill,control,Https,18286,15
prefill,control,Https,18329,25
prefill,control,Https,18371,24
prefill,control,Https,18414,24
prefill,control,Https,18457,24
prefill,control,Https,18500,30
prefill,control,Https,18543,22
prefill,control,Https,18586,15
prefill,control,Https,18629,25
prefill,control,Https,18671,24
prefill,control,Https,18714,24
prefill,control,Https,18757,24
prefill,control,Https,18800,30
prefill,control,Https,18843,22
prefill,control,Https,18886,15
prefill,control,Https,18929,25
prefill,control,Https,18971,24
prefill,control,Https,19014,24
prefill,control,Https,19057,24
prefill,control,Https,19100,30
prefill,control,Https,19143,22
prefill,control,Https,19186,15
prefill,control,Https,19229,25
prefill,control,Https,19271,24
prefill,control,Https,19314,24
prefill,control,Https,19357,24
prefill,control,Https,19400,30
prefill,control,Https,19443,22
prefill,control,Https,19486,15
prefill,control,Https,19529,25
prefill,control,Https,19571,24
prefill,control,Https,19614,24
prefill,control,Https,19657,24
prefill,control,Https,19700,30
prefill,control,Https,19743,22
prefill,control,Https,19786,15
prefill,control,Https,19829,25
prefill,control,Https,19871,24
prefill,control,Https,19914,24
prefill,control,Https,19957,24
prefill,control,Https,20000,30
prefill,control,Https,20043,22
prefill,control,Https,20086,15
prefill,control,Https,20129,25
prefill,control,Https,20171,24
prefill,control,Https,20214,24
prefill,control,Https,20257,24
prefill,control,Https,20300,30
prefill,control,Https,20343,22
prefill,control,Https,20386,15
prefill,control,Https,20429,25
prefill,control,Https,20471,24
prefill,control,Https,20514,24
prefill,control,Https,20557,24
prefill,control,Https,20600,30
prefill,control,Https,20643,22
prefill,control,Https,20686,15
prefill,control,Https,20729,25
prefill,control,Https,20771,24
prefill,control,Https,20814,24
prefill,control,Https,20857,24
prefill,control,Https,20900,30
prefill,control,Https,20943,22
prefill,control,Https,20986,15
prefill,control,Https,21029,25
prefill,control,Https,21071,24
prefill,control,Https,21114,24
prefill,control,Https,21157,24
prefill,control,Https,21200,30
prefill,control,Https,21243,22
prefill,control,Https,21286,15
prefill,control,Https,21329,25
prefill,control,Https,21371,24
prefill,control,Https,21414,24
prefill,control,Https,21457,24
prefill,control,Https,21500,30
prefill,control,Https,21543,22
prefill,control,Https,21586,15
prefill,control,Https,21629,25
prefill,control,Https,21671,24
prefill,control,Https,21714,24
prefill,control,Https,21757,24
prefill,control,Https,21800,30
prefill,control,Https,21843,22
prefill,control,Https,21886,15
prefill,control,Https,21929,25
prefill,control,Https,21971,24
prefill,control,Https,22014,24
prefill,control,Https,22057,24
prefill,control,Https,22100,30
prefill,control,Https,22143,22
prefill,control,Https,22186,15
prefill,control,Https,22229,25
prefill,control,Https,22271,24
prefill,control,Https,22314,24
prefill,control,Https,22357,24
prefill,control,Https,22400,30
prefill,control,Https,22443,22
prefill,control,Https,22486,15
prefill,control,Https,22529,25
prefill,control,Https,22571,24
prefill,control,Https,22614,24
prefill,control,Https,22657,24
prefill,control,Https,22700,30
prefill,control,Https,22743,22
prefill,control,Https,22786,15
prefill,control,Https,22829,25
prefill,control,Https,22871,24
prefill,control,Https,22914,24
prefill,control,Https,22957,24
prefill,control,Https,23000,30
prefill,control,Https,23043,22
prefill,control,Https,23086,15
prefill,control,Https,23129,25
prefill,control,Https,23171,24
prefill,control,Https,23214,24
prefill,control,Https,23257,24
prefill,control,Https,23300,30
prefill,control,Https,23343,22
prefill,control,Https,23386,15
prefill,control,Https,23429,25
prefill,control,Https,23471,24
prefill,control,Https,23514,24
prefill,control,Https,23557,24
prefill,control,Https,23600,30
prefill,control,Https,23643,22
prefill,control,Https,23686,15
prefill,control,Https,23729,25
prefill,control,Https,23771,24
prefill,control,Https,23814,24
prefill,control,Https,23857,24
prefill,control,Https,23900,30
prefill,control,Https,23943,22
prefill,control,Https,23986,15
prefill,control,Https,24029,25
prefill,control,Https,24071,24
prefill,control,Https,24114,24
prefill,control,Https,24157,24
prefill,control,Https,24200,30
prefill,control,Https,24243,22
prefill,control,Https,24286,15
prefill,control,Https,24329,25
prefill,control,Https,24371,24
prefill,control,Https,24414,24
prefill,control,Https,24457,24
prefill,control,Https,24500,30
prefill,control,Https,24543,22
prefill,control,Https,24586,15
prefill,control,Https,24629,25
prefill,control,Https,24671,24
prefill,control,Https,24714,24
prefill,control,Https,24757,24
prefill,control,Https,24800,30
prefill,control,Https,24843,22
prefill,control,Https,24886,15
prefill,control,Https,24929,25
prefill,control,Https,24971,24
prefill,control,Https,25014,24
prefill,control,Https,25057,24
prefill,control,Https,25100,30
prefill,control,Https,25143,22
prefill,control,Https,25186,15
prefill,control,Https,25229,25
prefill,control,Https,25271,24
prefill,control,Https,25314,24
prefill,control,Https,25357,24
prefill,control,Https,25400,30
prefill,control,Https,25443,22
prefill,control,Https,25486,15
prefill,control,Https,25529,25
prefill,control,Https,25571,24
prefill,control,Https,25614,24
prefill,control,Https,25657,24
prefill,control,Https,25700,30
prefill,control,Https,25743,22
prefill,control,Https,25786,15
prefill,control,Https,25829,25
prefill,control,Https,25871,24
prefill,control,Https,25914,24
prefill,control,Https,25957,24
prefill,control,Https,26000,30
prefill,control,Https,26043,22
prefill,control,Https,26086,15
prefill,control,Https,26129,25
prefill,control,Https,26171,24
prefill,control,Https,26214,24
prefill,control,Https,26257,24
prefill,control,Https,26300,30
prefill,control,Https,26343,22
prefill,control,Https,26386,15
prefill,control,Https,26429,25
prefill,control,Https,26471,24
prefill,control,Https,26514,24
prefill,control,Https,26557,24
prefill,control,Https,26600,30
prefill,control,Https,26643,22
prefill,control,Https,26686,15
prefill,control,Https,26729,25
prefill,control,Https,26771,24
prefill,control,Https,26814,24
prefill,control,Https,26857,24
prefill,control,Https,26900,30
prefill,control,Https,26943,22
prefill,control,Https,26986,15
prefill,control,Https,27029,25
prefill,control,Https,27071,24
prefill,control,Https,27114,24
prefill,control,Https,27157,24
prefill,control,Https,27200,30
prefill,control,Https,27243,22
prefill,control,Https,27286,15
prefill,control,Https,27329,25
prefill,control,Https,27371,24
prefill,control,Https,27414,24
prefill,control,Https,27457,24
prefill,control,Https,27500,30
prefill,control,Https,27543,22
prefill,control,Https,27586,15
prefill,control,Https,27629,25
prefill,control,Https,27671,24
prefill,control,Https,27714,24
prefill,control,Https,27757,24
prefill,control,Https,27800,30
prefill,control,Https,27843,22
prefill,control,Https,27886,15
prefill,control,Https,27929,25
prefill,control,Https,27971,24
prefill,control,Https,28014,24
prefill,control,Https,28057,24
prefill,control,Https,28100,30
prefill,control,Https,28143,22
prefill,control,Https,28186,15
prefill,control,Https,28229,25
prefill,control,Https,28271,24
prefill,control,Https,28314,24
prefill,control,Https,28357,24
prefill,control,Https,28400,30
prefill,control,Https,28443,22
prefill,control,Https,28486,15
prefill,control,Https,28529,25
prefill,control,Https,28571,24
prefill,control,Https,28614,24
prefill,control,Https,28657,24
prefill,control,Https,28700,30
prefill,control,Https,28743,22
prefill,control,Https,28786,15
prefill,control,Https,28829,25
prefill,control,Https,28871,24
prefill,control,Https,28914,24
prefill,control,Https,28957,24
prefill,control,Https,29000,30
prefill,control,Https,29043,22
prefill,control,Https,29086,15
prefill,control,Https,29129,25
prefill,control,Https,29171,24
prefill,control,Https,29214,24
prefill,control,Https,29257,24
prefill,control,Https,29300,30
prefill,control,Https,29343,22
prefill,control,Https,29386,15
prefill,control,Https,29429,25
prefill,control,Https,29471,24
prefill,control,Https,29514,24
prefill,control,Https,29557,24
prefill,control,Https,29600,30
prefill,control,Https,29643,22
prefill,control,Https,29686,15
prefill,control,Https,29729,25
prefill,control,Https,29771,24
prefill,control,Https,29814,24
prefill,control,Https,29857,24
prefill,control,Https,29900,30
prefill,control,Https,29943,22
prefill,control,Https,29986,15
prefill,control,Https,30029,25
prefill,control,Https,30071,24
prefill,control,Https,30114,24
prefill,control,Https,30157,24
prefill,control,Https,30200,30
prefill,control,Https,30243,22
prefill,control,Https,30286,15
prefill,control,Https,30329,25
prefill,control,Https,30371,24
prefill,control,Https,30414,24
prefill,control,Https,30457,24
prefill,control,Https,30500,30
prefill,control,Https,30543,22
prefill,control,Https,30586,15
prefill,control,Https,30629,25
prefill,control,Https,30671,24
prefill,control,Https,30714,24
prefill,control,Https,30757,24
prefill,control,Https,30800,30
prefill,control,Https,30843,22
prefill,control,Https,30886,15
prefill,control,Https,30929,25
prefill,control,Https,30971,24
prefill,control,Https,31014,24
prefill,control,Https,31057,24
prefill,control,Https,31100,30
prefill,control,Https,31143,22
prefill,control,Https,31186,15
prefill,control,Https,31229,25
prefill,control,Https,31271,24
prefill,control,Https,31314,24
prefill,control,Https,31357,24
prefill,control,Https,31400,30
prefill,control,Https,31443,22
prefill,control,Https,31486,15
prefill,control,Https,31529,25
prefill,control,Https,31571,24
prefill,control,Https,31614,24
prefill,control,Https,31657,24
prefill,control,Https,31700,30
prefill,control,Https,31743,22
prefill,control,Https,31786,15
prefill,control,Https,31829,25
prefill,control,Https,31871,24
prefill,control,Https,31914,24
prefill,control,Https,31957,24
prefill,control,Https,32000,30
prefill,control,Https,32043,22
prefill,control,Https,32086,15
prefill,control,Https,32129,25
prefill,control,Https,32171,24
prefill,control,Https,32214,24
prefill,control,Https,32257,24
prefill,control,Https,32300,30
prefill,control,Https,32343,22
prefill,control,Https,32386,15
prefill,control,Https,32429,25
prefill,control,Https,32471,24
prefill,control,Https,32514,24
prefill,control,Https,32557,24
prefill,control,Https,32600,30
prefill,control,Https,32643,22
prefill,control,Https,32686,15
prefill,control,Https,32729,25
prefill,control,Https,32771,24
prefill,control,Https,32814,24
prefill,control,Https,32857,24
prefill,control,Https,32900,30
prefill,control,Https,32943,22
prefill,control,Https,32986,15
prefill,control,Https,33029,25
prefill,control,Https,33071,24
prefill,control,Https,33114,24
prefill,control,Https,33157,24
prefill,control,Https,33200,30
prefill,control,Https,33243,22
prefill,control,Https,33286,15
prefill,control,Https,33329,25
prefill,control,Https,33371,24
prefill,control,Https,33414,24
prefill,control,Https,33457,24
prefill,control,Https,33500,30
prefill,control,Https,33543,22
prefill,control,Https,33586,15
prefill,control,Https,33629,25
prefill,control,Https,33671,24
prefill,control,Https,33714,24
prefill,control,Https,33757,24
prefill,control,Https,33800,30
prefill,control,Https,33843,22
prefill,control,Https,33886,15
prefill,control,Https,33929,25
prefill,control,Https,33971,24
prefill,prefill,Https,0,34
prefill,prefill,Https,30,41
prefill,prefill,Https,60,21
prefill,prefill,Https,90,26
prefill,prefill,Https,120,26
prefill,prefill,Https,150,29
prefill,prefill,Https,180,37
prefill,prefill,Https,210,21
prefill,prefill,Https,240,27
prefill,prefill,Https,270,27
prefill,prefill,Https,300,29
prefill,prefill,Https,330,35
prefill,prefill,Https,360,36
prefill,prefill,Https,390,22
prefill,prefill,Https,420,21
prefill,prefill,Https,450,24
prefill,prefill,Https,480,29
prefill,prefill,Https,510,31
prefill,prefill,Https,540,21
prefill,prefill,Https,570,20
prefill,prefill,Https,600,22
prefill,prefill,Https,630,29
prefill,prefill,Https,660,29
prefill,prefill,Https,690,32
prefill,prefill,Https,720,37
prefill,prefill,Https,750,36
prefill,prefill,Https,780,22
prefill,prefill,Https,810,22
prefill,prefill,Https,840,27
prefill,prefill,Https,870,30
prefill,prefill,Https,900,29
prefill,prefill,Https,930,32
prefill,prefill,Https,960,23
prefill,prefill,Https,990,25
prefill,prefill,Https,1020,31
prefill,prefill,Https,1050,30
prefill,prefill,Https,1080,32
prefill,prefill,Https,1110,38
prefill,prefill,Https,1140,17
prefill,prefill,Https,1170,27
prefill,prefill,Https,1200,22
prefill,prefill,Https,1230,26
prefill,prefill,Https,1260,32
prefill,prefill,Https,1290,18
prefill,prefill,Https,1320,25
prefill,prefill,Https,1350,24
prefill,prefill,Https,1380,26
prefill,prefill,Https,1410,31
prefill,prefill,Https,1440,31
prefill,prefill,Https,1470,33
prefill,prefill,Https,1500,38
prefill,prefill,Https,1530,19
prefill,prefill,Https,1560,26
prefill,prefill,Https,1590,25
prefill,prefill,Https,1620,28
prefill,prefill,Https,1650,36
prefill,prefill,Https,1680,18
prefill,prefill,Https,1710,25
prefill,prefill,Https,1740,24
prefill,prefill,Https,1770,27
prefill,prefill,Https,1800,32
prefill,prefill,Https,1830,32
prefill,prefill,Https,1860,19
prefill,prefill,Https,1890,18
prefill,prefill,Https,1920,21
prefill,prefill,Https,1950,27
prefill,prefill,Https,1980,29
prefill,prefill,Https,2000,1579
prefill,prefill,Https,2043,1572
prefill,prefill,Https,2086,1538
prefill,prefill,Https,2129,1534
prefill,prefill,Https,2171,1507
prefill,prefill,Https,2214,1497
prefill,prefill,Https,2257,1472
prefill,prefill,Https,2300,1468
prefill,prefill,Https,2343,1434
prefill,prefill,Https,2386,1430
prefill,prefill,Https,2429,1402
prefill,prefill,Https,2471,1399
prefill,prefill,Https,2514,1365
prefill,prefill,Https,2557,1361
prefill,prefill,Https,2600,1333
prefill,prefill,Https,2643,1323
prefill,prefill,Https,2686,1298
prefill,prefill,Https,2729,1294
prefill,prefill,Https,2771,1261
prefill,prefill,Https,2814,1257
prefill,prefill,Https,2857,1229
prefill,prefill,Https,2900,1225
prefill,prefill,Https,2943,1191
prefill,prefill,Https,2986,1187
prefill,prefill,Https,3029,1159
prefill,prefill,Https,3071,1150
prefill,prefill,Https,3114,1125
prefill,prefill,Https,3157,1121
prefill,prefill,Https,3200,1087
prefill,prefill,Https,3243,1083
prefill,prefill,Https,3286,1055
prefill,prefill,Https,3329,1051
prefill,prefill,Https,3371,1018
prefill,prefill,Https,3414,1014
prefill,prefill,Https,3457,986
prefill,prefill,Https,3500,976
prefill,prefill,Https,3543,951
prefill,prefill,Https,3586,947
prefill,prefill,Https,3629,913
prefill,prefill,Https,3671,910
prefill,prefill,Https,3714,882
prefill,prefill,Https,3757,878
prefill,prefill,Https,3800,845
prefill,prefill,Https,3843,841
prefill,prefill,Https,3886,813
prefill,prefill,Https,3929,804
prefill,prefill,Https,3971,780
prefill,prefill,Https,4014,777
prefill,prefill,Https,4057,744
prefill,prefill,Https,4100,742
prefill,prefill,Https,4143,714
prefill,prefill,Https,4186,712
prefill,prefill,Https,4229,678
prefill,prefill,Https,4271,678
prefill,prefill,Https,4314,651
prefill,prefill,Https,4357,642
prefill,prefill,Https,4400,617
prefill,prefill,Https,4443,616
prefill,prefill,Https,4486,582
prefill,prefill,Https,4529,580
prefill,prefill,Https,4571,554
prefill,prefill,Https,4614,550
prefill,prefill,Https,4657,518
prefill,prefill,Https,4700,514
prefill,prefill,Https,4743,487
prefill,prefill,Https,4786,479
prefill,prefill,Https,4829,455
prefill,prefill,Https,4871,454
prefill,prefill,Https,4914,421
prefill,prefill,Https,4957,418
prefill,prefill,Https,5000,390
prefill,prefill,Https,5043,388
prefill,prefill,Https,5086,354
prefill,prefill,Https,5129,352
prefill,prefill,Https,5171,325
prefill,prefill,Https,5214,316
prefill,prefill,Https,5257,292
prefill,prefill,Https,5300,290
prefill,prefill,Https,5343,256
prefill,prefill,Https,5386,255
prefill,prefill,Https,5429,227
prefill,prefill,Https,5471,226
prefill,prefill,Https,5514,189
prefill,prefill,Https,5557,183
prefill,prefill,Https,5600,152
prefill,prefill,Https,5643,135
prefill,prefill,Https,5686,110
prefill,prefill,Https,5729,101
prefill,prefill,Https,5771,62
prefill,prefill,Https,5814,54
prefill,prefill,Https,5857,24
prefill,prefill,Https,5900,21
prefill,prefill,Https,5943,13
prefill,prefill,Https,5986,23
prefill,prefill,Https,6029,17
prefill,prefill,Https,6071,16
prefill,prefill,Https,6114,19
prefill,prefill,Https,6157,15
prefill,prefill,Https,6200,29
prefill,prefill,Https,6243,19
prefill,prefill,Https,6286,17
prefill,prefill,Https,6329,20
prefill,prefill,Https,6371,19
prefill,prefill,Https,6414,16
prefill,prefill,Https,6457,24
prefill,prefill,Https,6500,17
prefill,prefill,Https,6543,25
prefill,prefill,Https,6586,20
prefill,prefill,Https,6629,20
prefill,prefill,Https,6671,25
prefill,prefill,Https,6714,22
prefill,prefill,Https,6757,27
prefill,prefill,Https,6800,21
prefill,prefill,Https,6843,22
prefill,prefill,Https,6886,29
prefill,prefill,Https,6929,26
prefill,prefill,Https,6971,28
prefill,prefill,Https,7014,13
prefill,prefill,Https,7057,24
prefill,prefill,Https,7100,32
prefill,prefill,Https,7143,13
prefill,prefill,Https,7186,32
prefill,prefill,Https,7229,14
prefill,prefill,Https,7271,13
prefill,prefill,Https,7314,13
prefill,prefill,Https,7357,15
prefill,prefill,Https,7400,35
prefill,prefill,Https,7443,16
prefill,prefill,Https,7486,14
prefill,prefill,Https,7529,14
prefill,prefill,Https,7571,19
prefill,prefill,Https,7614,19
prefill,prefill,Https,7657,21
prefill,prefill,Https,7700,35
prefill,prefill,Https,7743,19
prefill,prefill,Https,7786,20
prefill,prefill,Https,7829,23
prefill,prefill,Https,7871,22
prefill,prefill,Https,7914,19
prefill,prefill,Https,7957,21
prefill,prefill,Https,8000,21
prefill,prefill,Https,8043,25
prefill,prefill,Https,8086,26
prefill,prefill,Https,8129,23
prefill,prefill,Https,8171,22
prefill,prefill,Https,8214,25
prefill,prefill,Https,8257,15
prefill,prefill,Https,8300,29
prefill,prefill,Https,8343,13
prefill,prefill,Https,8386,14
prefill,prefill,Https,8429,29
prefill,prefill,Https,8471,13
prefill,prefill,Https,8514,13
prefill,prefill,Https,8557,18
prefill,prefill,Https,8600,29
prefill,prefill,Https,8643,13
prefill,prefill,Https,8686,17
prefill,prefill,Https,8729,14
prefill,prefill,Https,8771,19
prefill,prefill,Https,8814,19
prefill,prefill,Https,8857,18
prefill,prefill,Https,8900,21
prefill,prefill,Https,8943,19
prefill,prefill,Https,8986,17
prefill,prefill,Https,9029,17
prefill,prefill,Https,9071,19
prefill,prefill,Https,9114,19
prefill,prefill,Https,9157,18
prefill,prefill,Https,9200,21
prefill,prefill,Https,9243,19
prefill,prefill,Https,9286,17
prefill,prefill,Https,9329,17
prefill,prefill,Https,9371,19
prefill,prefill,Https,9414,19
prefill,prefill,Https,9457,18
prefill,prefill,Https,9500,21
prefill,prefill,Https,9543,19
prefill,prefill,Https,9586,17
prefill,prefill,Https,9629,17
prefill,prefill,Https,9671,19
prefill,prefill,Https,9714,19
prefill,prefill,Https,9757,18
prefill,prefill,Https,9800,21
prefill,prefill,Https,9843,19
prefill,prefill,Https,9886,17
prefill,prefill,Https,9929,17
prefill,prefill,Https,9971,19
prefill,prefill,Https,10014,19
prefill,prefill,Https,10057,18
prefill,prefill,Https,10100,21
prefill,prefill,Https,10143,19
prefill,prefill,Https,10186,17
prefill,prefill,Https,10229,17
prefill,prefill,Https,10271,19
prefill,prefill,Https,10314,19
prefill,prefill,Https,10357,18
prefill,prefill,Https,10400,21
prefill,prefill,Https,10443,19
prefill,prefill,Https,10486,17
prefill,prefill,Https,10529,17
prefill,prefill,Https,10571,19
prefill,prefill,Https,10614,19
prefill,prefill,Https,10657,18
prefill,prefill,Https,10700,21
prefill,prefill,Https,10743,19
prefill,prefill,Https,10786,17
prefill,prefill,Https,10829,17
prefill,prefill,Https,10871,19
prefill,prefill,Https,10914,19
prefill,prefill,Https,10957,18
prefill,prefill,Https,11000,21
prefill,prefill,Https,11043,19
prefill,prefill,Https,11086,17
prefill,prefill,Https,11129,17
prefill,prefill,Https,11171,19
prefill,prefill,Https,11214,19
prefill,prefill,Https,11257,18
prefill,prefill,Https,11300,21
prefill,prefill,Https,11343,19
prefill,prefill,Https,11386,17
prefill,prefill,Https,11429,17
prefill,prefill,Https,11471,19
prefill,prefill,Https,11514,19
prefill,prefill,Https,11557,18
prefill,prefill,Https,11600,21
prefill,prefill,Https,11643,19
prefill,prefill,Https,11686,17
prefill,prefill,Https,11729,17
prefill,prefill,Https,11771,19
prefill,prefill,Https,11814,19
prefill,prefill,Https,11857,18
prefill,prefill,Https,11900,21
prefill,prefill,Https,11943,19
prefill,prefill,Https,11986,17
prefill,prefill,Https,12029,17
prefill,prefill,Https,12071,19
prefill,prefill,Https,12114,19
prefill,prefill,Https,12157,18
prefill,prefill,Https,12200,21
prefill,prefill,Https,12243,19
prefill,prefill,Https,12286,17
prefill,prefill,Https,12329,17
prefill,prefill,Https,12371,19
prefill,prefill,Https,12414,19
prefill,prefill,Https,12457,18
prefill,prefill,Https,12500,21
prefill,prefill,Https,12543,19
prefill,prefill,Https,12586,17
prefill,prefill,Https,12629,17
prefill,prefill,Https,12671,19
prefill,prefill,Https,12714,19
prefill,prefill,Https,12757,18
prefill,prefill,Https,12800,21
prefill,prefill,Https,12843,19
prefill,prefill,Https,12886,17
prefill,prefill,Https,12929,17
prefill,prefill,Https,12971,19
prefill,prefill,Https,13014,19
prefill,prefill,Https,13057,18
prefill,prefill,Https,13100,21
prefill,prefill,Https,13143,19
prefill,prefill,Https,13186,17
prefill,prefill,Https,13229,17
prefill,prefill,Https,13271,19
prefill,prefill,Https,13314,19
prefill,prefill,Https,13357,18
prefill,prefill,Https,13400,21
prefill,prefill,Https,13443,19
prefill,prefill,Https,13486,17
prefill,prefill,Https,13529,17
prefill,prefill,Https,13571,19
prefill,prefill,Https,13614,19
prefill,prefill,Https,13657,18
prefill,prefill,Https,13700,21
prefill,prefill,Https,13743,19
prefill,prefill,Https,13786,17
prefill,prefill,Https,13829,17
prefill,prefill,Https,13871,19
prefill,prefill,Https,13914,19
prefill,prefill,Https,13957,18
prefill,prefill,Https,14000,21
prefill,prefill,Https,14043,19
prefill,prefill,Https,14086,17
prefill,prefill,Https,14129,17
prefill,prefill,Https,14171,19
prefill,prefill,Https,14214,19
prefill,prefill,Https,14257,18
prefill,prefill,Https,14300,21
prefill,prefill,Https,14343,19
prefill,prefill,Https,14386,17
prefill,prefill,Https,14429,17
prefill,prefill,Https,14471,19
prefill,prefill,Https,14514,19
prefill,prefill,Https,14557,18
prefill,prefill,Https,14600,21
prefill,prefill,Https,14643,19
prefill,prefill,Https,14686,17
prefill,prefill,Https,14729,17
prefill,prefill,Https,14771,19
prefill,prefill,Https,14814,19
prefill,prefill,Https,14857,18
prefill,prefill,Https,14900,21
prefill,prefill,Https,14943,19
prefill,prefill,Https,14986,17
prefill,prefill,Https,15029,17
prefill,prefill,Https,15071,19
prefill,prefill,Https,15114,19
prefill,prefill,Https,15157,18
prefill,prefill,Https,15200,35
prefill,prefill,Https,15243,29
prefill,prefill,Https,15286,14
prefill,prefill,Https,15329,20
prefill,prefill,Https,15371,12
prefill,prefill,Https,15414,25
prefill,prefill,Https,15457,19
prefill,prefill,Https,15500,34
prefill,prefill,Https,15543,24
prefill,prefill,Https,15586,14
prefill,prefill,Https,15629,20
prefill,prefill,Https,15671,12
prefill,prefill,Https,15714,25
prefill,prefill,Https,15757,19
prefill,prefill,Https,15800,34
prefill,prefill,Https,15843,24
prefill,prefill,Https,15886,14
prefill,prefill,Https,15929,20
prefill,prefill,Https,15971,12
prefill,prefill,Https,16014,25
prefill,prefill,Https,16057,19
prefill,prefill,Https,16100,34
prefill,prefill,Https,16143,24
prefill,prefill,Https,16186,14
prefill,prefill,Https,16229,20
prefill,prefill,Https,16271,12
prefill,prefill,Https,16314,25
prefill,prefill,Https,16357,19
prefill,prefill,Https,16400,34
prefill,prefill,Https,16443,24
prefill,prefill,Https,16486,14
prefill,prefill,Https,16529,20
prefill,prefill,Https,16571,12
prefill,prefill,Https,16614,25
prefill,prefill,Https,16657,19
prefill,prefill,Https,16700,34
prefill,prefill,Https,16743,24
prefill,prefill,Https,16786,14
prefill,prefill,Https,16829,20
prefill,prefill,Https,16871,12
prefill,prefill,Https,16914,25
prefill,prefill,Https,16957,19
prefill,prefill,Https,17000,34
prefill,prefill,Https,17043,24
prefill,prefill,Https,17086,14
prefill,prefill,Https,17129,20
prefill,prefill,Https,17171,12
prefill,prefill,Https,17214,25
prefill,prefill,Https,17257,19
prefill,prefill,Https,17300,34
prefill,prefill,Https,17343,24
prefill,prefill,Https,17386,14
prefill,prefill,Https,17429,20
prefill,prefill,Https,17471,12
prefill,prefill,Https,17514,25
prefill,prefill,Https,17557,19
prefill,prefill,Https,17600,34
prefill,prefill,Https,17643,24
prefill,prefill,Https,17686,14
prefill,prefill,Https,17729,20
prefill,prefill,Https,17771,12
prefill,prefill,Https,17814,25
prefill,prefill,Https,17857,19
prefill,prefill,Https,17900,34
prefill,prefill,Https,17943,24
prefill,prefill,Https,17986,14
prefill,prefill,Https,18029,20
prefill,prefill,Https,18071,12
prefill,prefill,Https,18114,25
prefill,prefill,Https,18157,19
prefill,prefill,Https,18200,34
prefill,prefill,Https,18243,24
prefill,prefill,Https,18286,14
prefill,prefill,Https,18329,20
prefill,prefill,Https,18371,12
prefill,prefill,Https,18414,25
prefill,prefill,Https,18457,19
prefill,prefill,Https,18500,34
prefill,prefill,Https,18543,24
prefill,prefill,Https,18586,14
prefill,prefill,Https,18629,20
prefill,prefill,Https,18671,12
prefill,prefill,Https,18714,25
prefill,prefill,Https,18757,19
prefill,prefill,Https,18800,34
prefill,prefill,Https,18843,24
prefill,prefill,Https,18886,14
prefill,prefill,Https,18929,20
prefill,prefill,Https,18971,12
prefill,prefill,Https,19014,25
prefill,prefill,Https,19057,19
prefill,prefill,Https,19100,34
prefill,prefill,Https,19143,24
prefill,prefill,Https,19186,14
prefill,prefill,Https,19229,20
prefill,prefill,Https,19271,12
prefill,prefill,Https,19314,25
prefill,prefill,Https,19357,19
prefill,prefill,Https,19400,34
prefill,prefill,Https,19443,24
prefill,prefill,Https,19486,14
prefill,prefill,Https,19529,20
prefill,prefill,Https,19571,12
prefill,prefill,Https,19614,25
prefill,prefill,Https,19657,19
prefill,prefill,Https,19700,34
prefill,prefill,Https,19743,24
prefill,prefill,Https,19786,14
prefill,prefill,Https,19829,20
prefill,prefill,Https,19871,12
prefill,prefill,Https,19914,25
prefill,prefill,Https,19957,19
prefill,prefill,Https,20000,34
prefill,prefill,Https,20043,24
prefill,prefill,Https,20086,14
prefill,prefill,Https,20129,20
prefill,prefill,Https,20171,12
prefill,prefill,Https,20214,25
prefill,prefill,Https,20257,19
prefill,prefill,Https,20300,34
prefill,prefill,Https,20343,24
prefill,prefill,Https,20386,14
prefill,prefill,Https,20429,20
prefill,prefill,Https,20471,12
prefill,prefill,Https,20514,25
prefill,prefill,Https,20557,19
prefill,prefill,Https,20600,34
prefill,prefill,Https,20643,24
prefill,prefill,Https,20686,14
prefill,prefill,Https,20729,20
prefill,prefill,Https,20771,12
prefill,prefill,Https,20814,25
prefill,prefill,Https,20857,19
prefill,prefill,Https,20900,34
prefill,prefill,Https,20943,24
prefill,prefill,Https,20986,14
prefill,prefill,Https,21029,20
prefill,prefill,Https,21071,12
prefill,prefill,Https,21114,25
prefill,prefill,Https,21157,19
prefill,prefill,Https,21200,34
prefill,prefill,Https,21243,24
prefill,prefill,Https,21286,14
prefill,prefill,Https,21329,20
prefill,prefill,Https,21371,12
prefill,prefill,Https,21414,25
prefill,prefill,Https,21457,19
prefill,prefill,Https,21500,34
prefill,prefill,Https,21543,24
prefill,prefill,Https,21586,14
prefill,prefill,Https,21629,20
prefill,prefill,Https,21671,12
prefill,prefill,Https,21714,25
prefill,prefill,Https,21757,19
prefill,prefill,Https,21800,34
prefill,prefill,Https,21843,24
prefill,prefill,Https,21886,14
prefill,prefill,Https,21929,20
prefill,prefill,Https,21971,12
prefill,prefill,Https,22014,25
prefill,prefill,Https,22057,19
prefill,prefill,Https,22100,34
prefill,prefill,Https,22143,24
prefill,prefill,Https,22186,14
prefill,prefill,Https,22229,20
prefill,prefill,Https,22271,12
prefill,prefill,Https,22314,25
prefill,prefill,Https,22357,19
prefill,prefill,Https,22400,34
prefill,prefill,Https,22443,24
prefill,prefill,Https,22486,14
prefill,prefill,Https,22529,20
prefill,prefill,Https,22571,12
prefill,prefill,Https,22614,25
prefill,prefill,Https,22657,19
prefill,prefill,Https,22700,34
prefill,prefill,Https,22743,24
prefill,prefill,Https,22786,14
prefill,prefill,Https,22829,20
prefill,prefill,Https,22871,12
prefill,prefill,Https,22914,25
prefill,prefill,Https,22957,19
prefill,prefill,Https,23000,34
prefill,prefill,Https,23043,24
prefill,prefill,Https,23086,14
prefill,prefill,Https,23129,20
prefill,prefill,Https,23171,12
prefill,prefill,Https,23214,25
prefill,prefill,Https,23257,19
prefill,prefill,Https,23300,34
prefill,prefill,Https,23343,24
prefill,prefill,Https,23386,14
prefill,prefill,Https,23429,20
prefill,prefill,Https,23471,12
prefill,prefill,Https,23514,25
prefill,prefill,Https,23557,19
prefill,prefill,Https,23600,34
prefill,prefill,Https,23643,24
prefill,prefill,Https,23686,14
prefill,prefill,Https,23729,20
prefill,prefill,Https,23771,12
prefill,prefill,Https,23814,25
prefill,prefill,Https,23857,19
prefill,prefill,Https,23900,34
prefill,prefill,Https,23943,24
prefill,prefill,Https,23986,14
prefill,prefill,Https,24029,20
prefill,prefill,Https,24071,12
prefill,prefill,Https,24114,25
prefill,prefill,Https,24157,19
prefill,prefill,Https,24200,34
prefill,prefill,Https,24243,24
prefill,prefill,Https,24286,14
prefill,prefill,Https,24329,20
prefill,prefill,Https,24371,12
prefill,prefill,Https,24414,25
prefill,prefill,Https,24457,19
prefill,prefill,Https,24500,34
prefill,prefill,Https,24543,24
prefill,prefill,Https,24586,14
prefill,prefill,Https,24629,20
prefill,prefill,Https,24671,12
prefill,prefill,Https,24714,25
prefill,prefill,Https,24757,19
prefill,prefill,Https,24800,34
prefill,prefill,Https,24843,24
prefill,prefill,Https,24886,14
prefill,prefill,Https,24929,20
prefill,prefill,Https,24971,12
prefill,prefill,Https,25014,25
prefill,prefill,Https,25057,19
prefill,prefill,Https,25100,34
prefill,prefill,Https,25143,24
prefill,prefill,Https,25186,14
prefill,prefill,Https,25229,20
prefill,prefill,Https,25271,12
prefill,prefill,Https,25314,25
prefill,prefill,Https,25357,19
prefill,prefill,Https,25400,34
prefill,prefill,Https,25443,24
prefill,prefill,Https,25486,14
prefill,prefill,Https,25529,20
prefill,prefill,Https,25571,12
prefill,prefill,Https,25614,25
prefill,prefill,Https,25657,19
prefill,prefill,Https,25700,34
prefill,prefill,Https,25743,24
prefill,prefill,Https,25786,14
prefill,prefill,Https,25829,20
prefill,prefill,Https,25871,12
prefill,prefill,Https,25914,25
prefill,prefill,Https,25957,19
prefill,prefill,Https,26000,34
prefill,prefill,Https,26043,24
prefill,prefill,Https,26086,14
prefill,prefill,Https,26129,20
prefill,prefill,Https,26171,12
prefill,prefill,Https,26214,25
prefill,prefill,Https,26257,19
prefill,prefill,Https,26300,34
prefill,prefill,Https,26343,24
prefill,prefill,Https,26386,14
prefill,prefill,Https,26429,20
prefill,prefill,Https,26471,12
prefill,prefill,Https,26514,25
prefill,prefill,Https,26557,19
prefill,prefill,Https,26600,34
prefill,prefill,Https,26643,24
prefill,prefill,Https,26686,14
prefill,prefill,Https,26729,20
prefill,prefill,Https,26771,12
prefill,prefill,Https,26814,25
prefill,prefill,Https,26857,19
prefill,prefill,Https,26900,34
prefill,prefill,Https,26943,24
prefill,prefill,Https,26986,14
prefill,prefill,Https,27029,20
prefill,prefill,Https,27071,12
prefill,prefill,Https,27114,25
prefill,prefill,Https,27157,19
prefill,prefill,Https,27200,34
prefill,prefill,Https,27243,24
prefill,prefill,Https,27286,14
prefill,prefill,Https,27329,20
prefill,prefill,Https,27371,12
prefill,prefill,Https,27414,25
prefill,prefill,Https,27457,19
prefill,prefill,Https,27500,34
prefill,prefill,Https,27543,24
prefill,prefill,Https,27586,14
prefill,prefill,Https,27629,20
prefill,prefill,Https,27671,12
prefill,prefill,Https,27714,25
prefill,prefill,Https,27757,19
prefill,prefill,Https,27800,34
prefill,prefill,Https,27843,24
prefill,prefill,Https,27886,14
prefill,prefill,Https,27929,20
prefill,prefill,Https,27971,12
prefill,prefill,Https,28014,25
prefill,prefill,Https,28057,19
prefill,prefill,Https,28100,34
prefill,prefill,Https,28143,24
prefill,prefill,Https,28186,14
prefill,prefill,Https,28229,20
prefill,prefill,Https,28271,12
prefill,prefill,Https,28314,25
prefill,prefill,Https,28357,19
prefill,prefill,Https,28400,34
prefill,prefill,Https,28443,24
prefill,prefill,Https,28486,14
prefill,prefill,Https,28529,20
prefill,prefill,Https,28571,12
prefill,prefill,Https,28614,25
prefill,prefill,Https,28657,19
prefill,prefill,Https,28700,34
prefill,prefill,Https,28743,24
prefill,prefill,Https,28786,14
prefill,prefill,Https,28829,20
prefill,prefill,Https,28871,12
prefill,prefill,Https,28914,25
prefill,prefill,Https,28957,19
prefill,prefill,Https,29000,34
prefill,prefill,Https,29043,24
prefill,prefill,Https,29086,14
prefill,prefill,Https,29129,20
prefill,prefill,Https,29171,12
prefill,prefill,Https,29214,25
prefill,prefill,Https,29257,19
prefill,prefill,Https,29300,34
prefill,prefill,Https,29343,24
prefill,prefill,Https,29386,14
prefill,prefill,Https,29429,20
prefill,prefill,Https,29471,12
prefill,prefill,Https,29514,25
prefill,prefill,Https,29557,19
prefill,prefill,Https,29600,34
prefill,prefill,Https,29643,24
prefill,prefill,Https,29686,14
prefill,prefill,Https,29729,20
prefill,prefill,Https,29771,12
prefill,prefill,Https,29814,25
prefill,prefill,Https,29857,19
prefill,prefill,Https,29900,34
prefill,prefill,Https,29943,24
prefill,prefill,Https,29986,14
prefill,prefill,Https,30029,20
prefill,prefill,Https,30071,12
prefill,prefill,Https,30114,25
prefill,prefill,Https,30157,19
prefill,prefill,Https,30200,34
prefill,prefill,Https,30243,24
prefill,prefill,Https,30286,14
prefill,prefill,Https,30329,20
prefill,prefill,Https,30371,12
prefill,prefill,Https,30414,25
prefill,prefill,Https,30457,19
prefill,prefill,Https,30500,34
prefill,prefill,Https,30543,24
prefill,prefill,Https,30586,14
prefill,prefill,Https,30629,20
prefill,prefill,Https,30671,12
prefill,prefill,Https,30714,25
prefill,prefill,Https,30757,19
prefill,prefill,Https,30800,34
prefill,prefill,Https,30843,24
prefill,prefill,Https,30886,14
prefill,prefill,Https,30929,20
prefill,prefill,Https,30971,12
prefill,prefill,Https,31014,25
prefill,prefill,Https,31057,19
prefill,prefill,Https,31100,34
prefill,prefill,Https,31143,24
prefill,prefill,Https,31186,14
prefill,prefill,Https,31229,20
prefill,prefill,Https,31271,12
prefill,prefill,Https,31314,25
prefill,prefill,Https,31357,19
prefill,prefill,Https,31400,34
prefill,prefill,Https,31443,24
prefill,prefill,Https,31486,14
prefill,prefill,Https,31529,20
prefill,prefill,Https,31571,12
prefill,prefill,Https,31614,25
prefill,prefill,Https,31657,19
prefill,prefill,Https,31700,34
prefill,prefill,Https,31743,24
prefill,prefill,Https,31786,14
prefill,prefill,Https,31829,20
prefill,prefill,Https,31871,12
prefill,prefill,Https,31914,25
prefill,prefill,Https,31957,19
prefill,prefill,Https,32000,34
prefill,prefill,Https,32043,24
prefill,prefill,Https,32086,14
prefill,prefill,Https,32129,20
prefill,prefill,Https,32171,12
prefill,prefill,Https,32214,25
prefill,prefill,Https,32257,19
prefill,prefill,Https,32300,34
prefill,prefill,Https,32343,24
prefill,prefill,Https,32386,14
prefill,prefill,Https,32429,20
prefill,prefill,Https,32471,12
prefill,prefill,Https,32514,25
prefill,prefill,Https,32557,19
prefill,prefill,Https,32600,34
prefill,prefill,Https,32643,24
prefill,prefill,Https,32686,14
prefill,prefill,Https,32729,20
prefill,prefill,Https,32771,12
prefill,prefill,Https,32814,25
prefill,prefill,Https,32857,19
prefill,prefill,Https,32900,34
prefill,prefill,Https,32943,24
prefill,prefill,Https,32986,14
prefill,prefill,Https,33029,20
prefill,prefill,Https,33071,12
prefill,prefill,Https,33114,25
prefill,prefill,Https,33157,19
prefill,prefill,Https,33200,34
prefill,prefill,Https,33243,24
prefill,prefill,Https,33286,14
prefill,prefill,Https,33329,20
prefill,prefill,Https,33371,12
prefill,prefill,Https,33414,25
prefill,prefill,Https,33457,19
prefill,prefill,Https,33500,34
prefill,prefill,Https,33543,24
prefill,prefill,Https,33586,14
prefill,prefill,Https,33629,20
prefill,prefill,Https,33671,12
prefill,prefill,Https,33714,25
prefill,prefill,Https,33757,19
prefill,prefill,Https,33800,34
prefill,prefill,Https,33843,24
prefill,prefill,Https,33886,14
prefill,prefill,Https,33929,20
prefill,prefill,Https,33971,12
reset,control,Gmail,0,31
reset,control,Gmail,25,42
reset,control,Gmail,50,47
reset,control,Gmail,75,54
reset,control,Gmail,100,65
reset,control,Gmail,125,69
reset,control,Gmail,150,64
reset,control,Gmail,175,73
reset,control,Gmail,200,80
reset,control,Gmail,225,90
reset,control,Gmail,250,76
reset,control,Gmail,275,87
reset,control,Gmail,300,92
reset,control,Gmail,325,100
reset,control,Gmail,350,110
reset,control,Gmail,375,102
reset,control,Gmail,400,112
reset,control,Gmail,425,113
reset,control,Gmail,450,124
reset,control,Gmail,475,134
reset,control,Gmail,500,118
reset,control,Gmail,525,131
reset,control,Gmail,550,136
reset,control,Gmail,575,130
reset,control,Gmail,600,137
reset,control,Gmail,625,145
reset,control,Gmail,650,156
reset,control,Gmail,675,160
reset,control,Gmail,700,151
reset,control,Gmail,725,155
reset,control,Gmail,750,162
reset,control,Gmail,775,157
reset,control,Gmail,800,165
reset,control,Gmail,825,177
reset,control,Gmail,850,178
reset,control,Gmail,875,188
reset,control,Gmail,900,198
reset,control,Gmail,925,204
reset,control,Gmail,950,195
reset,control,Gmail,975,199
reset,control,Gmail,1000,206
reset,control,Gmail,1025,201
reset,control,Gmail,1050,209
reset,control,Gmail,1075,221
reset,control,Gmail,1100,225
reset,control,Gmail,1125,229
reset,control,Gmail,1150,220
reset,control,Gmail,1175,227
reset,control,Gmail,1200,238
reset,control,Gmail,1225,242
reset,control,Gmail,1250,240
reset,control,Gmail,1275,240
reset,control,Gmail,1300,235
reset,control,Gmail,1325,240
reset,control,Gmail,1350,249
reset,control,Gmail,1375,259
reset,control,Gmail,1400,263
reset,control,Gmail,1425,270
reset,control,Gmail,1450,265
reset,control,Gmail,1475,273
reset,control,Gmail,1500,283
reset,control,Gmail,1525,287
reset,control,Gmail,1550,279
reset,control,Gmail,1575,284
reset,control,Gmail,1600,292
reset,control,Gmail,1625,303
reset,control,Gmail,1650,307
reset,control,Gmail,1675,305
reset,control,Gmail,1700,306
reset,control,Gmail,1725,316
reset,control,Gmail,1750,324
reset,control,Gmail,1775,326
reset,control,Gmail,1800,316
reset,control,Gmail,1825,319
reset,control,Gmail,1850,312
reset,control,Gmail,1875,300
reset,control,Gmail,1900,308
reset,control,Gmail,1925,296
reset,control,Gmail,1950,307
reset,control,Gmail,1975,291
reset,control,Gmail,2000,300
reset,control,Gmail,2033,282
reset,control,Gmail,2067,280
reset,control,Gmail,2100,262
reset,control,Gmail,2133,262
reset,control,Gmail,2167,237
reset,control,Gmail,2200,223
reset,control,Gmail,2233,217
reset,control,Gmail,2267,198
reset,control,Gmail,2300,196
reset,control,Gmail,2333,181
reset,control,Gmail,2367,178
reset,control,Gmail,2400,157
reset,control,Gmail,2433,143
reset,control,Gmail,2467,136
reset,control,Gmail,2500,126
reset,control,Gmail,2533,120
reset,control,Gmail,2567,101
reset,control,Gmail,2600,95
reset,control,Gmail,2633,83
reset,control,Gmail,2667,77
reset,control,Gmail,2700,59
reset,control,Gmail,2733,42
reset,control,Gmail,2767,38
reset,control,Gmail,2800,30
reset,control,Gmail,2833,27
reset,control,Gmail,2867,33
reset,control,Gmail,2900,32
reset,control,Gmail,2933,32
reset,control,Gmail,2967,28
reset,control,Gmail,3000,29
reset,control,Gmail,3033,26
reset,control,Gmail,3067,29
reset,control,Gmail,3100,27
reset,control,Gmail,3133,24
reset,control,Gmail,3167,27
reset,control,Gmail,3200,29
reset,control,Gmail,3233,29
reset,control,Gmail,3267,28
reset,control,Gmail,3300,29
reset,control,Gmail,3333,23
reset,control,Gmail,3367,26
reset,control,Gmail,3400,27
reset,control,Gmail,3433,24
reset,control,Gmail,3467,27
reset,control,Gmail,3500,22
reset,control,Gmail,3533,17
reset,control,Gmail,3567,19
reset,control,Gmail,3600,23
reset,control,Gmail,3633,20
reset,control,Gmail,3667,23
reset,control,Gmail,3700,24
reset,control,Gmail,3733,24
reset,control,Gmail,3767,24
reset,control,Gmail,3800,22
reset,control,Gmail,3833,17
reset,control,Gmail,3867,22
reset,control,Gmail,3900,23
reset,control,Gmail,3933,23
reset,control,Gmail,3967,23
reset,control,Gmail,4000,24
reset,control,Gmail,4033,24
reset,control,Gmail,4067,24
reset,control,Gmail,4100,29
reset,control,Gmail,4133,17
reset,control,Gmail,4167,16
reset,control,Gmail,4200,20
reset,control,Gmail,4233,17
reset,control,Gmail,4267,17
reset,control,Gmail,4300,21
reset,control,Gmail,4333,21
reset,control,Gmail,4367,21
reset,control,Gmail,4400,29
reset,control,Gmail,4433,17
reset,control,Gmail,4467,16
reset,control,Gmail,4500,20
reset,control,Gmail,4533,17
reset,control,Gmail,4567,17
reset,control,Gmail,4600,21
reset,control,Gmail,4633,21
reset,control,Gmail,4667,21
reset,control,Gmail,4700,29
reset,control,Gmail,4733,17
reset,control,Gmail,4767,16
reset,control,Gmail,4800,20
reset,control,Gmail,4833,17
reset,control,Gmail,4867,17
reset,control,Gmail,4900,21
reset,control,Gmail,4933,21
reset,control,Gmail,4967,21
reset,control,Gmail,5000,28
reset,control,Gmail,5033,24
reset,control,Gmail,5067,24
reset,control,Gmail,5100,28
reset,control,Gmail,5133,25
reset,control,Gmail,5167,25
reset,control,Gmail,5200,29
reset,control,Gmail,5233,26
reset,control,Gmail,5267,26
reset,control,Gmail,5300,27
reset,control,Gmail,5333,26
reset,control,Gmail,5367,25
reset,control,Gmail,5400,29
reset,control,Gmail,5433,24
reset,control,Gmail,5467,25
reset,control,Gmail,5500,29
reset,control,Gmail,5533,26
reset,control,Gmail,5567,26
reset,control,Gmail,5600,27
reset,control,Gmail,5633,26
reset,control,Gmail,5667,25
reset,control,Gmail,5700,29
reset,control,Gmail,5733,24
reset,control,Gmail,5767,25
reset,control,Gmail,5800,29
reset,control,Gmail,5833,26
reset,control,Gmail,5867,26
reset,control,Gmail,5900,27
reset,control,Gmail,5933,26
reset,control,Gmail,5967,25
reset,control,Gmail,6000,29
reset,control,Gmail,6033,24
reset,control,Gmail,6067,25
reset,control,Gmail,6100,29
reset,control,Gmail,6133,26
reset,control,Gmail,6167,26
reset,control,Gmail,6200,27
reset,control,Gmail,6233,26
reset,control,Gmail,6267,25
reset,control,Gmail,6300,29
reset,control,Gmail,6333,24
reset,control,Gmail,6367,25
reset,control,Gmail,6400,29
reset,control,Gmail,6433,26
reset,control,Gmail,6467,26
reset,control,Gmail,6500,27
reset,control,Gmail,6533,26
reset,control,Gmail,6567,25
reset,control,Gmail,6600,29
reset,control,Gmail,6633,24
reset,control,Gmail,6667,25
reset,control,Gmail,6700,29
reset,control,Gmail,6733,26
reset,control,Gmail,6767,26
reset,control,Gmail,6800,27
reset,control,Gmail,6833,26
reset,control,Gmail,6867,25
reset,control,Gmail,6900,29
reset,control,Gmail,6933,24
reset,control,Gmail,6967,25
reset,control,Gmail,7000,29
reset,control,Gmail,7033,26
reset,control,Gmail,7067,26
reset,control,Gmail,7100,27
reset,control,Gmail,7133,26
reset,control,Gmail,7167,25
reset,control,Gmail,7200,29
reset,control,Gmail,7233,24
reset,control,Gmail,7267,25
reset,control,Gmail,7300,29
reset,control,Gmail,7333,26
reset,control,Gmail,7367,26
reset,control,Gmail,7400,27
reset,control,Gmail,7433,26
reset,control,Gmail,7467,25
reset,control,Gmail,7500,29
reset,control,Gmail,7533,24
reset,control,Gmail,7567,25
reset,control,Gmail,7600,29
reset,control,Gmail,7633,26
reset,control,Gmail,7667,26
reset,control,Gmail,7700,27
reset,control,Gmail,7733,26
reset,control,Gmail,7767,25
reset,control,Gmail,7800,29
reset,control,Gmail,7833,24
reset,control,Gmail,7867,25
reset,control,Gmail,7900,29
reset,control,Gmail,7933,26
reset,control,Gmail,7967,26
reset,control,Gmail,8000,27
reset,control,Gmail,8033,26
reset,control,Gmail,8067,25
reset,control,Gmail,8100,29
reset,control,Gmail,8133,24
reset,control,Gmail,8167,25
reset,control,Gmail,8200,29
reset,control,Gmail,8233,26
reset,control,Gmail,8267,26
reset,control,Gmail,8300,27
reset,control,Gmail,8333,26
reset,control,Gmail,8367,25
reset,control,Gmail,8400,29
reset,control,Gmail,8433,24
reset,control,Gmail,8467,25
reset,control,Gmail,8500,29
reset,control,Gmail,8533,26
reset,control,Gmail,8567,26
reset,control,Gmail,8600,27
reset,control,Gmail,8633,26
reset,control,Gmail,8667,25
reset,control,Gmail,8700,29
reset,control,Gmail,8733,24
reset,control,Gmail,8767,25
reset,control,Gmail,8800,29
reset,control,Gmail,8833,26
reset,control,Gmail,8867,26
reset,control,Gmail,8900,27
reset,control,Gmail,8933,26
reset,control,Gmail,8967,25
reset,control,Gmail,9000,29
reset,control,Gmail,9033,24
reset,control,Gmail,9067,25
reset,control,Gmail,9100,29
reset,control,Gmail,9133,26
reset,control,Gmail,9167,26
reset,control,Gmail,9200,27
reset,control,Gmail,9233,26
reset,control,Gmail,9267,25
reset,control,Gmail,9300,29
reset,control,Gmail,9333,24
reset,control,Gmail,9367,25
reset,control,Gmail,9400,29
reset,control,Gmail,9433,26
reset,control,Gmail,9467,26
reset,control,Gmail,9500,27
reset,control,Gmail,9533,26
reset,control,Gmail,9567,25
reset,control,Gmail,9600,29
reset,control,Gmail,9633,24
reset,control,Gmail,9667,25
reset,control,Gmail,9700,29
reset,control,Gmail,9733,26
reset,control,Gmail,9767,26
reset,control,Gmail,9800,27
reset,control,Gmail,9833,26
reset,control,Gmail,9867,25
reset,control,Gmail,9900,29
reset,control,Gmail,9933,24
reset,control,Gmail,9967,25
reset,control,Gmail,10000,29
reset,control,Gmail,10033,26
reset,control,Gmail,10067,26
reset,control,Gmail,10100,27
reset,control,Gmail,10133,26
reset,control,Gmail,10167,25
reset,control,Gmail,10200,29
reset,control,Gmail,10233,24
reset,control,Gmail,10267,25
reset,control,Gmail,10300,29
reset,control,Gmail,10333,26
reset,control,Gmail,10367,26
reset,control,Gmail,10400,27
reset,control,Gmail,10433,26
reset,control,Gmail,10467,25
reset,control,Gmail,10500,29
reset,control,Gmail,10533,24
reset,control,Gmail,10567,25
reset,control,Gmail,10600,29
reset,control,Gmail,10633,26
reset,control,Gmail,10667,26
reset,control,Gmail,10700,27
reset,control,Gmail,10733,26
reset,control,Gmail,10767,25
reset,control,Gmail,10800,29
reset,control,Gmail,10833,24
reset,control,Gmail,10867,25
reset,control,Gmail,10900,29
reset,control,Gmail,10933,26
reset,control,Gmail,10967,26
reset,control,Gmail,11000,27
reset,control,Gmail,11033,26
reset,control,Gmail,11067,25
reset,control,Gmail,11100,29
reset,control,Gmail,11133,24
reset,control,Gmail,11167,25
reset,control,Gmail,11200,29
reset,control,Gmail,11233,26
reset,control,Gmail,11267,26
reset,control,Gmail,11300,27
reset,control,Gmail,11333,26
reset,control,Gmail,11367,25
reset,control,Gmail,11400,29
reset,control,Gmail,11433,24
reset,control,Gmail,11467,25
reset,control,Gmail,11500,29
reset,control,Gmail,11533,26
reset,control,Gmail,11567,26
reset,control,Gmail,11600,27
reset,control,Gmail,11633,26
reset,control,Gmail,11667,25
reset,control,Gmail,11700,29
reset,control,Gmail,11733,24
reset,control,Gmail,11767,25
reset,control,Gmail,11800,29
reset,control,Gmail,11833,26
reset,control,Gmail,11867,26
reset,control,Gmail,11900,27
reset,control,Gmail,11933,26
reset,control,Gmail,11967,25
reset,control,Gmail,12000,29
reset,control,Gmail,12033,24
reset,control,Gmail,12067,25
reset,control,Gmail,12100,29
reset,control,Gmail,12133,26
reset,control,Gmail,12167,26
reset,control,Gmail,12200,27
reset,control,Gmail,12233,26
reset,control,Gmail,12267,25
reset,control,Gmail,12300,29
reset,control,Gmail,12333,24
reset,control,Gmail,12367,25
reset,control,Gmail,12400,29
reset,control,Gmail,12433,26
reset,control,Gmail,12467,26
reset,control,Gmail,12500,27
reset,control,Gmail,12533,26
reset,control,Gmail,12567,25
reset,control,Gmail,12600,29
reset,control,Gmail,12633,24
reset,control,Gmail,12667,25
reset,control,Gmail,12700,29
reset,control,Gmail,12733,26
reset,control,Gmail,12767,26
reset,control,Gmail,12800,27
reset,control,Gmail,12833,26
reset,control,Gmail,12867,25
reset,control,Gmail,12900,29
reset,control,Gmail,12933,24
reset,control,Gmail,12967,25
reset,control,Gmail,13000,29
reset,control,Gmail,13033,26
reset,control,Gmail,13067,26
reset,control,Gmail,13100,27
reset,control,Gmail,13133,26
reset,control,Gmail,13167,25
reset,control,Gmail,13200,29
reset,control,Gmail,13233,24
reset,control,Gmail,13267,25
reset,control,Gmail,13300,29
reset,control,Gmail,13333,26
reset,control,Gmail,13367,26
reset,control,Gmail,13400,27
reset,control,Gmail,13433,26
reset,control,Gmail,13467,25
reset,control,Gmail,13500,29
reset,control,Gmail,13533,24
reset,control,Gmail,13567,25
reset,control,Gmail,13600,29
reset,control,Gmail,13633,26
reset,control,Gmail,13667,26
reset,control,Gmail,13700,27
reset,control,Gmail,13733,26
reset,control,Gmail,13767,25
reset,control,Gmail,13800,29
reset,control,Gmail,13833,24
reset,control,Gmail,13867,25
reset,control,Gmail,13900,29
reset,control,Gmail,13933,26
reset,control,Gmail,13967,26
reset,control,Gmail,14000,27
reset,control,Gmail,14033,26
reset,control,Gmail,14067,25
reset,control,Gmail,14100,29
reset,control,Gmail,14133,24
reset,control,Gmail,14167,25
reset,control,Gmail,14200,29
reset,control,Gmail,14233,26
reset,control,Gmail,14267,26
reset,control,Gmail,14300,27
reset,control,Gmail,14333,26
reset,control,Gmail,14367,25
reset,control,Gmail,14400,29
reset,control,Gmail,14433,24
reset,control,Gmail,14467,25
reset,control,Gmail,14500,29
reset,control,Gmail,14533,26
reset,control,Gmail,14567,26
reset,control,Gmail,14600,27
reset,control,Gmail,14633,26
reset,control,Gmail,14667,25
reset,control,Gmail,14700,29
reset,control,Gmail,14733,24
reset,control,Gmail,14767,25
reset,control,Gmail,14800,29
reset,control,Gmail,14833,26
reset,control,Gmail,14867,26
reset,control,Gmail,14900,27
reset,control,Gmail,14933,26
reset,control,Gmail,14967,25
reset,control,Gmail,15000,29
reset,control,Gmail,15033,24
reset,control,Gmail,15067,25
reset,control,Gmail,15100,29
reset,control,Gmail,15133,26
reset,control,Gmail,15167,26
reset,control,Gmail,15200,27
reset,control,Gmail,15233,26
reset,control,Gmail,15267,25
reset,control,Gmail,15300,29
reset,control,Gmail,15333,24
reset,control,Gmail,15367,25
reset,control,Gmail,15400,29
reset,control,Gmail,15433,26
reset,control,Gmail,15467,26
reset,control,Gmail,15500,27
reset,control,Gmail,15533,26
reset,control,Gmail,15567,25
reset,control,Gmail,15600,29
reset,control,Gmail,15633,24
reset,control,Gmail,15667,25
reset,control,Gmail,15700,29
reset,control,Gmail,15733,26
reset,control,Gmail,15767,26
reset,control,Gmail,15800,27
reset,control,Gmail,15833,26
reset,control,Gmail,15867,25
reset,control,Gmail,15900,29
reset,control,Gmail,15933,24
reset,control,Gmail,15967,25
reset,control,Gmail,16000,29
reset,control,Gmail,16033,26
reset,control,Gmail,16067,26
reset,control,Gmail,16100,27
reset,control,Gmail,16133,26
reset,control,Gmail,16167,25
reset,control,Gmail,16200,29
reset,control,Gmail,16233,24
reset,control,Gmail,16267,25
reset,control,Gmail,16300,29
reset,control,Gmail,16333,26
reset,control,Gmail,16367,26
reset,control,Gmail,16400,27
reset,control,Gmail,16433,26
reset,control,Gmail,16467,25
reset,control,Gmail,16500,29
reset,control,Gmail,16533,24
reset,control,Gmail,16567,25
reset,control,Gmail,16600,29
reset,control,Gmail,16633,26
reset,control,Gmail,16667,26
reset,control,Gmail,16700,27
reset,control,Gmail,16733,26
reset,control,Gmail,16767,25
reset,control,Gmail,16800,29
reset,control,Gmail,16833,24
reset,control,Gmail,16867,25
reset,control,Gmail,16900,29
reset,control,Gmail,16933,26
reset,control,Gmail,16967,26
reset,control,Gmail,17000,27
reset,control,Gmail,17033,26
reset,control,Gmail,17067,25
reset,control,Gmail,17100,29
reset,control,Gmail,17133,24
reset,control,Gmail,17167,25
reset,control,Gmail,17200,29
reset,control,Gmail,17233,26
reset,control,Gmail,17267,26
reset,control,Gmail,17300,27
reset,control,Gmail,17333,26
reset,control,Gmail,17367,25
reset,control,Gmail,17400,29
reset,control,Gmail,17433,24
reset,control,Gmail,17467,25
reset,control,Gmail,17500,29
reset,control,Gmail,17533,26
reset,control,Gmail,17567,26
reset,control,Gmail,17600,27
reset,control,Gmail,17633,26
reset,control,Gmail,17667,25
reset,control,Gmail,17700,29
reset,control,Gmail,17733,24
reset,control,Gmail,17767,25
reset,control,Gmail,17800,29
reset,control,Gmail,17833,26
reset,control,Gmail,17867,26
reset,control,Gmail,17900,27
reset,control,Gmail,17933,26
reset,control,Gmail,17967,25
reset,control,Gmail,18000,29
reset,control,Gmail,18033,24
reset,control,Gmail,18067,25
reset,control,Gmail,18100,29
reset,control,Gmail,18133,26
reset,control,Gmail,18167,26
reset,control,Gmail,18200,27
reset,control,Gmail,18233,26
reset,control,Gmail,18267,25
reset,control,Gmail,18300,29
reset,control,Gmail,18333,24
reset,control,Gmail,18367,25
reset,control,Gmail,18400,29
reset,control,Gmail,18433,26
reset,control,Gmail,18467,26
reset,control,Gmail,18500,27
reset,control,Gmail,18533,26
reset,control,Gmail,18567,25
reset,control,Gmail,18600,29
reset,control,Gmail,18633,24
reset,control,Gmail,18667,25
reset,control,Gmail,18700,29
reset,control,Gmail,18733,26
reset,control,Gmail,18767,26
reset,control,Gmail,18800,27
reset,control,Gmail,18833,26
reset,control,Gmail,18867,25
reset,control,Gmail,18900,29
reset,control,Gmail,18933,24
reset,control,Gmail,18967,25
reset,control,Gmail,19000,29
reset,control,Gmail,19033,26
reset,control,Gmail,19067,26
reset,control,Gmail,19100,27
reset,control,Gmail,19133,26
reset,control,Gmail,19167,25
reset,control,Gmail,19200,29
reset,control,Gmail,19233,24
reset,control,Gmail,19267,25
reset,control,Gmail,19300,29
reset,control,Gmail,19333,26
reset,control,Gmail,19367,26
reset,control,Gmail,19400,27
reset,control,Gmail,19433,26
reset,control,Gmail,19467,25
reset,control,Gmail,19500,29
reset,control,Gmail,19533,24
reset,control,Gmail,19567,25
reset,control,Gmail,19600,29
reset,control,Gmail,19633,26
reset,control,Gmail,19667,26
reset,control,Gmail,19700,27
reset,control,Gmail,19733,26
reset,control,Gmail,19767,25
reset,control,Gmail,19800,29
reset,control,Gmail,19833,24
reset,control,Gmail,19867,25
reset,control,Gmail,19900,29
reset,control,Gmail,19933,26
reset,control,Gmail,19967,26
reset,control,Gmail,20000,27
reset,control,Gmail,20033,26
reset,control,Gmail,20067,25
reset,control,Gmail,20100,29
reset,control,Gmail,20133,24
reset,control,Gmail,20167,25
reset,control,Gmail,20200,29
reset,control,Gmail,20233,26
reset,control,Gmail,20267,26
reset,control,Gmail,20300,27
reset,control,Gmail,20333,26
reset,control,Gmail,20367,25
reset,control,Gmail,20400,29
reset,control,Gmail,20433,24
reset,control,Gmail,20467,25
reset,control,Gmail,20500,29
reset,control,Gmail,20533,26
reset,control,Gmail,20567,26
reset,control,Gmail,20600,27
reset,control,Gmail,20633,26
reset,control,Gmail,20667,25
reset,control,Gmail,20700,29
reset,control,Gmail,20733,24
reset,control,Gmail,20767,25
reset,control,Gmail,20800,29
reset,control,Gmail,20833,26
reset,control,Gmail,20867,26
reset,control,Gmail,20900,27
reset,control,Gmail,20933,26
reset,control,Gmail,20967,25
reset,control,Gmail,21000,29
reset,control,Gmail,21033,24
reset,control,Gmail,21067,25
reset,control,Gmail,21100,29
reset,control,Gmail,21133,26
reset,control,Gmail,21167,26
reset,control,Gmail,21200,27
reset,control,Gmail,21233,26
reset,control,Gmail,21267,25
reset,control,Gmail,21300,29
reset,control,Gmail,21333,24
reset,control,Gmail,21367,25
reset,control,Gmail,21400,29
reset,control,Gmail,21433,26
reset,control,Gmail,21467,26
reset,control,Gmail,21500,27
reset,control,Gmail,21533,26
reset,control,Gmail,21567,25
reset,control,Gmail,21600,29
reset,control,Gmail,21633,24
reset,control,Gmail,21667,25
reset,control,Gmail,21700,29
reset,control,Gmail,21733,26
reset,control,Gmail,21767,26
reset,control,Gmail,21800,27
reset,control,Gmail,21833,26
reset,control,Gmail,21867,25
reset,control,Gmail,21900,29
reset,control,Gmail,21933,24
reset,control,Gmail,21967,25
reset,control,Gmail,22000,29
reset,control,Gmail,22033,26
reset,control,Gmail,22067,26
reset,control,Gmail,22100,27
reset,control,Gmail,22133,26
reset,control,Gmail,22167,25
reset,control,Gmail,22200,29
reset,control,Gmail,22233,24
reset,control,Gmail,22267,25
reset,control,Gmail,22300,29
reset,control,Gmail,22333,26
reset,control,Gmail,22367,26
reset,control,Gmail,22400,27
reset,control,Gmail,22433,26
reset,control,Gmail,22467,25
reset,control,Gmail,22500,29
reset,control,Gmail,22533,24
reset,control,Gmail,22567,25
reset,control,Gmail,22600,29
reset,control,Gmail,22633,26
reset,control,Gmail,22667,26
reset,control,Gmail,22700,27
reset,control,Gmail,22733,26
reset,control,Gmail,22767,25
reset,control,Gmail,22800,29
reset,control,Gmail,22833,24
reset,control,Gmail,22867,25
reset,control,Gmail,22900,29
reset,control,Gmail,22933,26
reset,control,Gmail,22967,26
reset,control,Gmail,23000,27
reset,control,Gmail,23033,26
reset,control,Gmail,23067,25
reset,control,Gmail,23100,29
reset,control,Gmail,23133,24
reset,control,Gmail,23167,25
reset,control,Gmail,23200,29
reset,control,Gmail,23233,26
reset,control,Gmail,23267,26
reset,control,Gmail,23300,27
reset,control,Gmail,23333,26
reset,control,Gmail,23367,25
reset,control,Gmail,23400,29
reset,control,Gmail,23433,24
reset,control,Gmail,23467,25
reset,control,Gmail,23500,29
reset,control,Gmail,23533,26
reset,control,Gmail,23567,26
reset,control,Gmail,23600,27
reset,control,Gmail,23633,26
reset,control,Gmail,23667,25
reset,control,Gmail,23700,29
reset,control,Gmail,23733,24
reset,control,Gmail,23767,25
reset,control,Gmail,23800,29
reset,control,Gmail,23833,26
reset,control,Gmail,23867,26
reset,control,Gmail,23900,27
reset,control,Gmail,23933,26
reset,control,Gmail,23967,25
reset,control,Gmail,24000,29
reset,control,Gmail,24033,24
reset,control,Gmail,24067,25
reset,control,Gmail,24100,29
reset,control,Gmail,24133,26
reset,control,Gmail,24167,26
reset,control,Gmail,24200,27
reset,control,Gmail,24233,26
reset,control,Gmail,24267,25
reset,control,Gmail,24300,29
reset,control,Gmail,24333,24
reset,control,Gmail,24367,25
reset,control,Gmail,24400,29
reset,control,Gmail,24433,26
reset,control,Gmail,24467,26
reset,control,Gmail,24500,27
reset,control,Gmail,24533,26
reset,control,Gmail,24567,25
reset,control,Gmail,24600,29
reset,control,Gmail,24633,24
reset,control,Gmail,24667,25
reset,control,Gmail,24700,29
reset,control,Gmail,24733,26
reset,control,Gmail,24767,26
reset,control,Gmail,24800,27
reset,control,Gmail,24833,26
reset,control,Gmail,24867,25
reset,control,Gmail,24900,29
reset,control,Gmail,24933,24
reset,control,Gmail,24967,25
reset,control,Gmail,25000,29
reset,control,Gmail,25033,26
reset,control,Gmail,25067,26
reset,control,Gmail,25100,27
reset,control,Gmail,25133,26
reset,control,Gmail,25167,25
reset,control,Gmail,25200,29
reset,control,Gmail,25233,24
reset,control,Gmail,25267,25
reset,control,Gmail,25300,29
reset,control,Gmail,25333,26
reset,control,Gmail,25367,26
reset,control,Gmail,25400,27
reset,control,Gmail,25433,26
reset,control,Gmail,25467,25
reset,control,Gmail,25500,29
reset,control,Gmail,25533,24
reset,control,Gmail,25567,25
reset,control,Gmail,25600,29
reset,control,Gmail,25633,26
reset,control,Gmail,25667,26
reset,control,Gmail,25700,27
reset,control,Gmail,25733,26
reset,control,Gmail,25767,25
reset,control,Gmail,25800,29
reset,control,Gmail,25833,24
reset,control,Gmail,25867,25
reset,control,Gmail,25900,29
reset,control,Gmail,25933,26
reset,control,Gmail,25967,26
reset,control,Gmail,26000,27
reset,control,Gmail,26033,26
reset,control,Gmail,26067,25
reset,control,Gmail,26100,29
reset,control,Gmail,26133,24
reset,control,Gmail,26167,25
reset,control,Gmail,26200,29
reset,control,Gmail,26233,26
reset,control,Gmail,26267,26
reset,control,Gmail,26300,27
reset,control,Gmail,26333,26
reset,control,Gmail,26367,25
reset,control,Gmail,26400,29
reset,control,Gmail,26433,24
reset,control,Gmail,26467,25
reset,control,Gmail,26500,29
reset,control,Gmail,26533,26
reset,control,Gmail,26567,26
reset,control,Gmail,26600,27
reset,control,Gmail,26633,26
reset,control,Gmail,26667,25
reset,control,Gmail,26700,29
reset,control,Gmail,26733,24
reset,control,Gmail,26767,25
reset,control,Gmail,26800,29
reset,control,Gmail,26833,26
reset,control,Gmail,26867,26
reset,control,Gmail,26900,27
reset,control,Gmail,26933,26
reset,control,Gmail,26967,25
reset,control,Gmail,27000,29
reset,control,Gmail,27033,24
reset,control,Gmail,27067,25
reset,control,Gmail,27100,29
reset,control,Gmail,27133,26
reset,control,Gmail,27167,26
reset,control,Gmail,27200,27
reset,control,Gmail,27233,26
reset,control,Gmail,27267,25
reset,control,Gmail,27300,29
reset,control,Gmail,27333,24
reset,control,Gmail,27367,25
reset,control,Gmail,27400,29
reset,control,Gmail,27433,26
reset,control,Gmail,27467,26
reset,control,Gmail,27500,27
reset,control,Gmail,27533,26
reset,control,Gmail,27567,25
reset,control,Gmail,27600,29
reset,control,Gmail,27633,24
reset,control,Gmail,27667,25
reset,control,Gmail,27700,29
reset,control,Gmail,27733,26
reset,control,Gmail,27767,26
reset,control,Gmail,27800,27
reset,control,Gmail,27833,26
reset,control,Gmail,27867,25
reset,control,Gmail,27900,29
reset,control,Gmail,27933,24
reset,control,Gmail,27967,25
reset,control,Gmail,28000,29
reset,control,Gmail,28033,26
reset,control,Gmail,28067,26
reset,control,Gmail,28100,27
reset,control,Gmail,28133,26
reset,control,Gmail,28167,25
reset,control,Gmail,28200,29
reset,control,Gmail,28233,24
reset,control,Gmail,28267,25
reset,control,Gmail,28300,29
reset,control,Gmail,28333,26
reset,control,Gmail,28367,26
reset,control,Gmail,28400,27
reset,control,Gmail,28433,26
reset,control,Gmail,28467,25
reset,control,Gmail,28500,29
reset,control,Gmail,28533,24
reset,control,Gmail,28567,25
reset,control,Gmail,28600,29
reset,control,Gmail,28633,26
reset,control,Gmail,28667,26
reset,control,Gmail,28700,27
reset,control,Gmail,28733,26
reset,control,Gmail,28767,25
reset,control,Gmail,28800,29
reset,control,Gmail,28833,24
reset,control,Gmail,28867,25
reset,control,Gmail,28900,29
reset,control,Gmail,28933,26
reset,control,Gmail,28967,26
reset,control,Gmail,29000,27
reset,control,Gmail,29033,26
reset,control,Gmail,29067,25
reset,control,Gmail,29100,29
reset,control,Gmail,29133,24
reset,control,Gmail,29167,25
reset,control,Gmail,29200,29
reset,control,Gmail,29233,26
reset,control,Gmail,29267,26
reset,control,Gmail,29300,27
reset,control,Gmail,29333,26
reset,control,Gmail,29367,25
reset,control,Gmail,29400,29
reset,control,Gmail,29433,24
reset,control,Gmail,29467,25
reset,control,Gmail,29500,29
reset,control,Gmail,29533,26
reset,control,Gmail,29567,26
reset,control,Gmail,29600,27
reset,control,Gmail,29633,26
reset,control,Gmail,29667,25
reset,control,Gmail,29700,29
reset,control,Gmail,29733,24
reset,control,Gmail,29767,25
reset,control,Gmail,29800,29
reset,control,Gmail,29833,26
reset,control,Gmail,29867,26
reset,control,Gmail,29900,27
reset,control,Gmail,29933,26
reset,control,Gmail,29967,25
reset,control,Gmail,30000,29
reset,control,Gmail,30033,24
reset,control,Gmail,30067,25
reset,control,Gmail,30100,29
reset,control,Gmail,30133,26
reset,control,Gmail,30167,26
reset,control,Gmail,30200,27
reset,control,Gmail,30233,26
reset,control,Gmail,30267,25
reset,control,Gmail,30300,29
reset,control,Gmail,30333,24
reset,control,Gmail,30367,25
reset,control,Gmail,30400,29
reset,control,Gmail,30433,26
reset,control,Gmail,30467,26
reset,control,Gmail,30500,27
reset,control,Gmail,30533,26
reset,control,Gmail,30567,25
reset,control,Gmail,30600,29
reset,control,Gmail,30633,24
reset,control,Gmail,30667,25
reset,control,Gmail,30700,29
reset,control,Gmail,30733,26
reset,control,Gmail,30767,26
reset,control,Gmail,30800,27
reset,control,Gmail,30833,26
reset,control,Gmail,30867,25
reset,control,Gmail,30900,29
reset,control,Gmail,30933,24
reset,control,Gmail,30967,25
reset,control,Gmail,31000,29
reset,control,Gmail,31033,26
reset,control,Gmail,31067,26
reset,control,Gmail,31100,27
reset,control,Gmail,31133,26
reset,control,Gmail,31167,25
reset,control,Gmail,31200,29
reset,control,Gmail,31233,24
reset,control,Gmail,31267,25
reset,control,Gmail,31300,29
reset,control,Gmail,31333,26
reset,control,Gmail,31367,26
reset,control,Gmail,31400,27
reset,control,Gmail,31433,26
reset,control,Gmail,31467,25
reset,control,Gmail,31500,29
reset,control,Gmail,31533,24
reset,control,Gmail,31567,25
reset,control,Gmail,31600,29
reset,control,Gmail,31633,26
reset,control,Gmail,31667,26
reset,control,Gmail,31700,27
reset,control,Gmail,31733,26
reset,control,Gmail,31767,25
reset,control,Gmail,31800,29
reset,control,Gmail,31833,24
reset,control,Gmail,31867,25
reset,control,Gmail,31900,29
reset,control,Gmail,31933,26
reset,control,Gmail,31967,26
reset,control,Gmail,32000,27
reset,control,Gmail,32033,26
reset,control,Gmail,32067,25
reset,control,Gmail,32100,29
reset,control,Gmail,32133,24
reset,control,Gmail,32167,25
reset,control,Gmail,32200,29
reset,control,Gmail,32233,26
reset,control,Gmail,32267,26
reset,control,Gmail,32300,27
reset,control,Gmail,32333,26
reset,control,Gmail,32367,25
reset,control,Gmail,32400,29
reset,control,Gmail,32433,24
reset,control,Gmail,32467,25
reset,control,Gmail,32500,29
reset,control,Gmail,32533,26
reset,control,Gmail,32567,26
reset,control,Gmail,32600,27
reset,control,Gmail,32633,26
reset,control,Gmail,32667,25
reset,control,Gmail,32700,29
reset,control,Gmail,32733,24
reset,control,Gmail,32767,25
reset,control,Gmail,32800,29
reset,control,Gmail,32833,26
reset,control,Gmail,32867,26
reset,control,Gmail,32900,27
reset,control,Gmail,32933,26
reset,control,Gmail,32967,25
reset,control,Gmail,33000,29
reset,control,Gmail,33033,24
reset,control,Gmail,33067,25
reset,control,Gmail,33100,29
reset,control,Gmail,33133,26
reset,control,Gmail,33167,26
reset,control,Gmail,33200,27
reset,control,Gmail,33233,26
reset,control,Gmail,33267,25
reset,control,Gmail,33300,29
reset,control,Gmail,33333,24
reset,control,Gmail,33367,25
reset,control,Gmail,33400,29
reset,control,Gmail,33433,26
reset,control,Gmail,33467,26
reset,control,Gmail,33500,27
reset,control,Gmail,33533,26
reset,control,Gmail,33567,25
reset,control,Gmail,33600,29
reset,control,Gmail,33633,24
reset,control,Gmail,33667,25
reset,control,Gmail,33700,29
reset,control,Gmail,33733,26
reset,control,Gmail,33767,26
reset,control,Gmail,33800,27
reset,control,Gmail,33833,26
reset,control,Gmail,33867,25
reset,control,Gmail,33900,29
reset,control,Gmail,33933,24
reset,control,Gmail,33967,25
reset,reset,Gmail,0,31
reset,reset,Gmail,25,42
reset,reset,Gmail,50,47
reset,reset,Gmail,75,54
reset,reset,Gmail,100,65
reset,reset,Gmail,125,69
reset,reset,Gmail,150,64
reset,reset,Gmail,175,73
reset,reset,Gmail,200,80
reset,reset,Gmail,225,90
reset,reset,Gmail,250,76
reset,reset,Gmail,275,87
reset,reset,Gmail,300,92
reset,reset,Gmail,325,100
reset,reset,Gmail,350,110
reset,reset,Gmail,375,102
reset,reset,Gmail,400,112
reset,reset,Gmail,425,113
reset,reset,Gmail,450,124
reset,reset,Gmail,475,134
reset,reset,Gmail,500,118
reset,reset,Gmail,525,131
reset,reset,Gmail,550,136
reset,reset,Gmail,575,130
reset,reset,Gmail,600,137
reset,reset,Gmail,625,145
reset,reset,Gmail,650,156
reset,reset,Gmail,675,160
reset,reset,Gmail,700,151
reset,reset,Gmail,725,155
reset,reset,Gmail,750,162
reset,reset,Gmail,775,157
reset,reset,Gmail,800,165
reset,reset,Gmail,825,177
reset,reset,Gmail,850,178
reset,reset,Gmail,875,188
reset,reset,Gmail,900,198
reset,reset,Gmail,925,204
reset,reset,Gmail,950,195
reset,reset,Gmail,975,199
reset,reset,Gmail,1000,206
reset,reset,Gmail,1025,201
reset,reset,Gmail,1050,209
reset,reset,Gmail,1075,221
reset,reset,Gmail,1100,225
reset,reset,Gmail,1125,229
reset,reset,Gmail,1150,220
reset,reset,Gmail,1175,227
reset,reset,Gmail,1200,238
reset,reset,Gmail,1225,242
reset,reset,Gmail,1250,240
reset,reset,Gmail,1275,240
reset,reset,Gmail,1300,235
reset,reset,Gmail,1325,240
reset,reset,Gmail,1350,249
reset,reset,Gmail,1375,259
reset,reset,Gmail,1400,263
reset,reset,Gmail,1425,270
reset,reset,Gmail,1450,265
reset,reset,Gmail,1475,273
reset,reset,Gmail,1500,283
reset,reset,Gmail,1525,287
reset,reset,Gmail,1550,279
reset,reset,Gmail,1575,284
reset,reset,Gmail,1600,292
reset,reset,Gmail,1625,303
reset,reset,Gmail,1650,307
reset,reset,Gmail,1675,305
reset,reset,Gmail,1700,306
reset,reset,Gmail,1725,2994
reset,reset,Gmail,1750,2989
reset,reset,Gmail,1775,2996
reset,reset,Gmail,1800,2999
reset,reset,Gmail,1825,2997
reset,reset,Gmail,1850,2990
reset,reset,Gmail,1875,2986
reset,reset,Gmail,1900,2979
reset,reset,Gmail,1925,2975
reset,reset,Gmail,1950,2971
reset,reset,Gmail,1975,2964
reset,reset,Gmail,2000,2954
reset,reset,Gmail,2033,2951
reset,reset,Gmail,2067,2932
reset,reset,Gmail,2100,2932
reset,reset,Gmail,2133,2914
reset,reset,Gmail,2167,2910
reset,reset,Gmail,2200,2910
reset,reset,Gmail,2233,2892
reset,reset,Gmail,2267,2894
reset,reset,Gmail,2300,2873
reset,reset,Gmail,2333,2873
reset,reset,Gmail,2367,2872
reset,reset,Gmail,2400,2854
reset,reset,Gmail,2433,2854
reset,reset,Gmail,2467,2838
reset,reset,Gmail,2500,2838
reset,reset,Gmail,2533,2832
reset,reset,Gmail,2567,2816
reset,reset,Gmail,2600,2813
reset,reset,Gmail,2633,2801
reset,reset,Gmail,2667,2797
reset,reset,Gmail,2700,2794
reset,reset,Gmail,2733,2779
reset,reset,Gmail,2767,2778
reset,reset,Gmail,2800,2778
reset,reset,Gmail,2833,2757
reset,reset,Gmail,2867,2756
reset,reset,Gmail,2900,2741
reset,reset,Gmail,2933,2741
reset,reset,Gmail,2967,2737
reset,reset,Gmail,3000,2719
reset,reset,Gmail,3033,2719
reset,reset,Gmail,3067,2700
reset,reset,Gmail,3100,2697
reset,reset,Gmail,3133,2685
reset,reset,Gmail,3167,2678
reset,reset,Gmail,3200,2681
reset,reset,Gmail,3233,2684
reset,reset,Gmail,3267,2668
reset,reset,Gmail,3300,2674
reset,reset,Gmail,3333,2683
reset,reset,Gmail,3367,2691
reset,reset,Gmail,3400,2697
reset,reset,Gmail,3433,2700
reset,reset,Gmail,3467,2687
reset,reset,Gmail,3500,2693
reset,reset,Gmail,3533,2702
reset,reset,Gmail,3567,2707
reset,reset,Gmail,3600,2716
reset,reset,Gmail,3633,2725
reset,reset,Gmail,3667,2730
reset,reset,Gmail,3700,2733
reset,reset,Gmail,3733,2721
reset,reset,Gmail,3767,2726
reset,reset,Gmail,3800,2735
reset,reset,Gmail,3833,2741
reset,reset,Gmail,3867,2749
reset,reset,Gmail,3900,2758
reset,reset,Gmail,3933,2764
reset,reset,Gmail,3967,2766
reset,reset,Gmail,4000,2754
reset,reset,Gmail,4033,2760
reset,reset,Gmail,4067,2768
reset,reset,Gmail,4100,2774
reset,reset,Gmail,4133,2783
reset,reset,Gmail,4167,2788
reset,reset,Gmail,4200,2794
reset,reset,Gmail,4233,2797
reset,reset,Gmail,4267,2808
reset,reset,Gmail,4300,2814
reset,reset,Gmail,4333,2799
reset,reset,Gmail,4367,2804
reset,reset,Gmail,4400,2813
reset,reset,Gmail,4433,2822
reset,reset,Gmail,4467,2827
reset,reset,Gmail,4500,2830
reset,reset,Gmail,4533,2842
reset,reset,Gmail,4567,2847
reset,reset,Gmail,4600,2856
reset,reset,Gmail,4633,2841
reset,reset,Gmail,4667,2852
reset,reset,Gmail,4700,2864
reset,reset,Gmail,4733,2870
reset,reset,Gmail,4767,2875
reset,reset,Gmail,4800,2890
reset,reset,Gmail,4833,2896
reset,reset,Gmail,4867,2904
reset,reset,Gmail,4900,2913
reset,reset,Gmail,4933,2919
reset,reset,Gmail,4967,2927
reset,reset,Gmail,5000,2939
reset,reset,Gmail,5033,2945
reset,reset,Gmail,5067,2948
reset,reset,Gmail,5100,2951
reset,reset,Gmail,5133,2951
reset,reset,Gmail,5167,2935
reset,reset,Gmail,5200,2935
reset,reset,Gmail,5233,2923
reset,reset,Gmail,5267,2922
reset,reset,Gmail,5300,2919
reset,reset,Gmail,5333,2904
reset,reset,Gmail,5367,2903
reset,reset,Gmail,5400,2906
reset,reset,Gmail,5433,2906
reset,reset,Gmail,5467,2890
reset,reset,Gmail,5500,2890
reset,reset,Gmail,5533,2878
reset,reset,Gmail,5567,2877
reset,reset,Gmail,5600,2874
reset,reset,Gmail,5633,2859
reset,reset,Gmail,5667,2858
reset,reset,Gmail,5700,2861
reset,reset,Gmail,5733,2861
reset,reset,Gmail,5767,2845
reset,reset,Gmail,5800,2845
reset,reset,Gmail,5833,2833
reset,reset,Gmail,5867,2826
reset,reset,Gmail,5900,2817
reset,reset,Gmail,5933,2802
reset,reset,Gmail,5967,2795
reset,reset,Gmail,6000,2783
reset,reset,Gmail,6033,2774
reset,reset,Gmail,6067,2755
reset,reset,Gmail,6100,2749
reset,reset,Gmail,6133,2728
reset,reset,Gmail,6167,2724
reset,reset,Gmail,6200,2712
reset,reset,Gmail,6233,2700
reset,reset,Gmail,6267,2684
reset,reset,Gmail,6300,2678
reset,reset,Gmail,6333,2663
reset,reset,Gmail,6367,2656
reset,reset,Gmail,6400,2638
reset,reset,Gmail,6433,2632
reset,reset,Gmail,6467,2613
reset,reset,Gmail,6500,2604
reset,reset,Gmail,6533,2592
reset,reset,Gmail,6567,2582
reset,reset,Gmail,6600,2567
reset,reset,Gmail,6633,2561
reset,reset,Gmail,6667,2548
reset,reset,Gmail,6700,2539
reset,reset,Gmail,6733,2521
reset,reset,Gmail,6767,2514
reset,reset,Gmail,6800,2496
reset,reset,Gmail,6833,2490
reset,reset,Gmail,6867,2477
reset,reset,Gmail,6900,2465
reset,reset,Gmail,6933,2450
reset,reset,Gmail,6967,2443
reset,reset,Gmail,7000,2428
reset,reset,Gmail,7033,2422
reset,reset,Gmail,7067,2415
reset,reset,Gmail,7100,2397
reset,reset,Gmail,7133,2379
reset,reset,Gmail,7167,2372
reset,reset,Gmail,7200,2357
reset,reset,Gmail,7233,2351
reset,reset,Gmail,7267,2347
reset,reset,Gmail,7300,2323
reset,reset,Gmail,7333,2311
reset,reset,Gmail,7367,2307
reset,reset,Gmail,7400,2298
reset,reset,Gmail,7433,2280
reset,reset,Gmail,7467,2276
reset,reset,Gmail,7500,2255
reset,reset,Gmail,7533,2252
reset,reset,Gmail,7567,2233
reset,reset,Gmail,7600,2230
reset,reset,Gmail,7633,2209
reset,reset,Gmail,7667,2202
reset,reset,Gmail,7700,2184
reset,reset,Gmail,7733,2181
reset,reset,Gmail,7767,2165
reset,reset,Gmail,7800,2159
reset,reset,Gmail,7833,2138
reset,reset,Gmail,7867,2134
reset,reset,Gmail,7900,2113
reset,reset,Gmail,7933,2113
reset,reset,Gmail,7967,2091
reset,reset,Gmail,8000,2088
reset,reset,Gmail,8033,2070
reset,reset,Gmail,8067,2060
reset,reset,Gmail,8100,2045
reset,reset,Gmail,8133,2045
reset,reset,Gmail,8167,2038
reset,reset,Gmail,8200,2017
reset,reset,Gmail,8233,2011
reset,reset,Gmail,8267,1995
reset,reset,Gmail,8300,1974
reset,reset,Gmail,8333,1971
reset,reset,Gmail,8367,1952
reset,reset,Gmail,8400,1946
reset,reset,Gmail,8433,1940
reset,reset,Gmail,8467,1924
reset,reset,Gmail,8500,1921
reset,reset,Gmail,8533,1900
reset,reset,Gmail,8567,1893
reset,reset,Gmail,8600,1878
reset,reset,Gmail,8633,1872
reset,reset,Gmail,8667,1853
reset,reset,Gmail,8700,1847
reset,reset,Gmail,8733,1829
reset,reset,Gmail,8767,1822
reset,reset,Gmail,8800,1810
reset,reset,Gmail,8833,1801
reset,reset,Gmail,8867,1779
reset,reset,Gmail,8900,1776
reset,reset,Gmail,8933,1761
reset,reset,Gmail,8967,1754
reset,reset,Gmail,9000,1736
reset,reset,Gmail,9033,1730
reset,reset,Gmail,9067,1711
reset,reset,Gmail,9100,1705
reset,reset,Gmail,9133,1693
reset,reset,Gmail,9167,1683
reset,reset,Gmail,9200,1665
reset,reset,Gmail,9233,1656
reset,reset,Gmail,9267,1643
reset,reset,Gmail,9300,1637
reset,reset,Gmail,9333,1619
reset,reset,Gmail,9367,1612
reset,reset,Gmail,9400,1597
reset,reset,Gmail,9433,1588
reset,reset,Gmail,9467,1575
reset,reset,Gmail,9500,1566
reset,reset,Gmail,9533,1548
reset,reset,Gmail,9567,1541
reset,reset,Gmail,9600,1529
reset,reset,Gmail,9633,1520
reset,reset,Gmail,9667,1501
reset,reset,Gmail,9700,1495
reset,reset,Gmail,9733,1477
reset,reset,Gmail,9767,1470
reset,reset,Gmail,9800,1464
reset,reset,Gmail,9833,1449
reset,reset,Gmail,9867,1430
reset,reset,Gmail,9900,1424
reset,reset,Gmail,9933,1409
reset,reset,Gmail,9967,1405
reset,reset,Gmail,10000,1396
reset,reset,Gmail,10033,1375
reset,reset,Gmail,10067,1359
reset,reset,Gmail,10100,1353
reset,reset,Gmail,10133,1347
reset,reset,Gmail,10167,1331
reset,reset,Gmail,10200,1322
reset,reset,Gmail,10233,1307
reset,reset,Gmail,10267,1300
reset,reset,Gmail,10300,1288
reset,reset,Gmail,10333,1279
reset,reset,Gmail,10367,1260
reset,reset,Gmail,10400,1254
reset,reset,Gmail,10433,1233
reset,reset,Gmail,10467,1229
reset,reset,Gmail,10500,1217
reset,reset,Gmail,10533,1205
reset,reset,Gmail,10567,1189
reset,reset,Gmail,10600,1183
reset,reset,Gmail,10633,1168
reset,reset,Gmail,10667,1161
reset,reset,Gmail,10700,1143
reset,reset,Gmail,10733,1137
reset,reset,Gmail,10767,1118
reset,reset,Gmail,10800,1109
reset,reset,Gmail,10833,1094
reset,reset,Gmail,10867,1087
reset,reset,Gmail,10900,1069
reset,reset,Gmail,10933,1066
reset,reset,Gmail,10967,1050
reset,reset,Gmail,11000,1035
reset,reset,Gmail,11033,1014
reset,reset,Gmail,11067,995
reset,reset,Gmail,11100,989
reset,reset,Gmail,11133,974
reset,reset,Gmail,11167,967
reset,reset,Gmail,11200,952
reset,reset,Gmail,11233,931
reset,reset,Gmail,11267,918
reset,reset,Gmail,11300,912
reset,reset,Gmail,11333,891
reset,reset,Gmail,11367,884
reset,reset,Gmail,11400,866
reset,reset,Gmail,11433,851
reset,reset,Gmail,11467,835
reset,reset,Gmail,11500,814
reset,reset,Gmail,11533,808
reset,reset,Gmail,11567,786
reset,reset,Gmail,11600,789
reset,reset,Gmail,11633,774
reset,reset,Gmail,11667,752
reset,reset,Gmail,11700,734
reset,reset,Gmail,11733,728
reset,reset,Gmail,11767,712
reset,reset,Gmail,11800,703
reset,reset,Gmail,11833,682
reset,reset,Gmail,11867,669
reset,reset,Gmail,11900,648
reset,reset,Gmail,11933,630
reset,reset,Gmail,11967,623
reset,reset,Gmail,12000,611
reset,reset,Gmail,12033,605
reset,reset,Gmail,12067,604
reset,reset,Gmail,12100,592
reset,reset,Gmail,12133,595
reset,reset,Gmail,12167,591
reset,reset,Gmail,12200,570
reset,reset,Gmail,12233,573
reset,reset,Gmail,12267,566
reset,reset,Gmail,12300,563
reset,reset,Gmail,12333,557
reset,reset,Gmail,12367,556
reset,reset,Gmail,12400,547
reset,reset,Gmail,12433,547
reset,reset,Gmail,12467,546
reset,reset,Gmail,12500,525
reset,reset,Gmail,12533,528
reset,reset,Gmail,12567,521
reset,reset,Gmail,12600,518
reset,reset,Gmail,12633,512
reset,reset,Gmail,12667,511
reset,reset,Gmail,12700,502
reset,reset,Gmail,12733,502
reset,reset,Gmail,12767,501
reset,reset,Gmail,12800,480
reset,reset,Gmail,12833,483
reset,reset,Gmail,12867,476
reset,reset,Gmail,12900,473
reset,reset,Gmail,12933,467
reset,reset,Gmail,12967,466
reset,reset,Gmail,13000,457
reset,reset,Gmail,13033,457
reset,reset,Gmail,13067,456
reset,reset,Gmail,13100,435
reset,reset,Gmail,13133,438
reset,reset,Gmail,13167,431
reset,reset,Gmail,13200,428
reset,reset,Gmail,13233,422
reset,reset,Gmail,13267,421
reset,reset,Gmail,13300,412
reset,reset,Gmail,13333,412
reset,reset,Gmail,13367,411
reset,reset,Gmail,13400,390
reset,reset,Gmail,13433,393
reset,reset,Gmail,13467,386
reset,reset,Gmail,13500,383
reset,reset,Gmail,13533,377
reset,reset,Gmail,13567,376
reset,reset,Gmail,13600,367
reset,reset,Gmail,13633,367
reset,reset,Gmail,13667,366
reset,reset,Gmail,13700,345
reset,reset,Gmail,13733,348
reset,reset,Gmail,13767,341
reset,reset,Gmail,13800,338
reset,reset,Gmail,13833,332
reset,reset,Gmail,13867,331
reset,reset,Gmail,13900,322
reset,reset,Gmail,13933,322
reset,reset,Gmail,13967,321
reset,reset,Gmail,14000,300
reset,reset,Gmail,14033,303
reset,reset,Gmail,14067,296
reset,reset,Gmail,14100,293
reset,reset,Gmail,14133,287
reset,reset,Gmail,14167,286
reset,reset,Gmail,14200,277
reset,reset,Gmail,14233,277
reset,reset,Gmail,14267,276
reset,reset,Gmail,14300,255
reset,reset,Gmail,14333,258
reset,reset,Gmail,14367,251
reset,reset,Gmail,14400,248
reset,reset,Gmail,14433,242
reset,reset,Gmail,14467,241
reset,reset,Gmail,14500,232
reset,reset,Gmail,14533,232
reset,reset,Gmail,14567,231
reset,reset,Gmail,14600,210
reset,reset,Gmail,14633,213
reset,reset,Gmail,14667,206
reset,reset,Gmail,14700,203
reset,reset,Gmail,14733,197
reset,reset,Gmail,14767,196
reset,reset,Gmail,14800,187
reset,reset,Gmail,14833,187
reset,reset,Gmail,14867,186
reset,reset,Gmail,14900,165
reset,reset,Gmail,14933,168
reset,reset,Gmail,14967,161
reset,reset,Gmail,15000,158
reset,reset,Gmail,15033,152
reset,reset,Gmail,15067,151
reset,reset,Gmail,15100,142
reset,reset,Gmail,15133,142
reset,reset,Gmail,15167,141
reset,reset,Gmail,15200,120
reset,reset,Gmail,15233,123
reset,reset,Gmail,15267,116
reset,reset,Gmail,15300,113
reset,reset,Gmail,15333,107
reset,reset,Gmail,15367,106
reset,reset,Gmail,15400,97
reset,reset,Gmail,15433,97
reset,reset,Gmail,15467,96
reset,reset,Gmail,15500,75
reset,reset,Gmail,15533,78
reset,reset,Gmail,15567,71
reset,reset,Gmail,15600,68
reset,reset,Gmail,15633,62
reset,reset,Gmail,15667,61
reset,reset,Gmail,15700,52
reset,reset,Gmail,15733,52
reset,reset,Gmail,15767,51
reset,reset,Gmail,15800,30
reset,reset,Gmail,15833,33
reset,reset,Gmail,15867,26
reset,reset,Gmail,15900,23
reset,reset,Gmail,15933,20
reset,reset,Gmail,15967,29
reset,reset,Gmail,16000,27
reset,reset,Gmail,16033,20
reset,reset,Gmail,16067,23
reset,reset,Gmail,16100,38
reset,reset,Gmail,16133,26
reset,reset,Gmail,16167,17
reset,reset,Gmail,16200,34
reset,reset,Gmail,16233,16
reset,reset,Gmail,16267,29
reset,reset,Gmail,16300,27
reset,reset,Gmail,16333,20
reset,reset,Gmail,16367,23
reset,reset,Gmail,16400,38
reset,reset,Gmail,16433,26
reset,reset,Gmail,16467,17
reset,reset,Gmail,16500,34
reset,reset,Gmail,16533,16
reset,reset,Gmail,16567,29
reset,reset,Gmail,16600,27
reset,reset,Gmail,16633,20
reset,reset,Gmail,16667,23
reset,reset,Gmail,16700,38
reset,reset,Gmail,16733,26
reset,reset,Gmail,16767,17
reset,reset,Gmail,16800,34
reset,reset,Gmail,16833,16
reset,reset,Gmail,16867,29
reset,reset,Gmail,16900,27
reset,reset,Gmail,16933,20
reset,reset,Gmail,16967,23
reset,reset,Gmail,17000,38
reset,reset,Gmail,17033,26
reset,reset,Gmail,17067,17
reset,reset,Gmail,17100,34
reset,reset,Gmail,17133,16
reset,reset,Gmail,17167,29
reset,reset,Gmail,17200,27
reset,reset,Gmail,17233,20
reset,reset,Gmail,17267,23
reset,reset,Gmail,17300,38
reset,reset,Gmail,17333,26
reset,reset,Gmail,17367,17
reset,reset,Gmail,17400,34
reset,reset,Gmail,17433,16
reset,reset,Gmail,17467,29
reset,reset,Gmail,17500,27
reset,reset,Gmail,17533,20
reset,reset,Gmail,17567,23
reset,reset,Gmail,17600,38
reset,reset,Gmail,17633,26
reset,reset,Gmail,17667,17
reset,reset,Gmail,17700,34
reset,reset,Gmail,17733,16
reset,reset,Gmail,17767,29
reset,reset,Gmail,17800,27
reset,reset,Gmail,17833,20
reset,reset,Gmail,17867,23
reset,reset,Gmail,17900,38
reset,reset,Gmail,17933,26
reset,reset,Gmail,17967,17
reset,reset,Gmail,18000,34
reset,reset,Gmail,18033,16
reset,reset,Gmail,18067,29
reset,reset,Gmail,18100,27
reset,reset,Gmail,18133,20
reset,reset,Gmail,18167,23
reset,reset,Gmail,18200,38
reset,reset,Gmail,18233,26
reset,reset,Gmail,18267,17
reset,reset,Gmail,18300,34
reset,reset,Gmail,18333,16
reset,reset,Gmail,18367,29
reset,reset,Gmail,18400,27
reset,reset,Gmail,18433,20
reset,reset,Gmail,18467,23
reset,reset,Gmail,18500,38
reset,reset,Gmail,18533,26
reset,reset,Gmail,18567,17
reset,reset,Gmail,18600,34
reset,reset,Gmail,18633,16
reset,reset,Gmail,18667,29
reset,reset,Gmail,18700,27
reset,reset,Gmail,18733,20
reset,reset,Gmail,18767,23
reset,reset,Gmail,18800,38
reset,reset,Gmail,18833,26
reset,reset,Gmail,18867,17
reset,reset,Gmail,18900,34
reset,reset,Gmail,18933,16
reset,reset,Gmail,18967,29
reset,reset,Gmail,19000,27
reset,reset,Gmail,19033,20
reset,reset,Gmail,19067,23
reset,reset,Gmail,19100,38
reset,reset,Gmail,19133,26
reset,reset,Gmail,19167,17
reset,reset,Gmail,19200,34
reset,reset,Gmail,19233,16
reset,reset,Gmail,19267,29
reset,reset,Gmail,19300,27
reset,reset,Gmail,19333,20
reset,reset,Gmail,19367,23
reset,reset,Gmail,19400,38
reset,reset,Gmail,19433,26
reset,reset,Gmail,19467,17
reset,reset,Gmail,19500,34
reset,reset,Gmail,19533,16
reset,reset,Gmail,19567,29
reset,reset,Gmail,19600,27
reset,reset,Gmail,19633,20
reset,reset,Gmail,19667,23
reset,reset,Gmail,19700,38
reset,reset,Gmail,19733,26
reset,reset,Gmail,19767,17
reset,reset,Gmail,19800,34
reset,reset,Gmail,19833,16
reset,reset,Gmail,19867,29
reset,reset,Gmail,19900,27
reset,reset,Gmail,19933,20
reset,reset,Gmail,19967,23
reset,reset,Gmail,20000,38
reset,reset,Gmail,20033,26
reset,reset,Gmail,20067,17
reset,reset,Gmail,20100,34
reset,reset,Gmail,20133,16
reset,reset,Gmail,20167,29
reset,reset,Gmail,20200,27
reset,reset,Gmail,20233,20
reset,reset,Gmail,20267,23
reset,reset,Gmail,20300,38
reset,reset,Gmail,20333,26
reset,reset,Gmail,20367,17
reset,reset,Gmail,20400,34
reset,reset,Gmail,20433,16
reset,reset,Gmail,20467,29
reset,reset,Gmail,20500,27
reset,reset,Gmail,20533,20
reset,reset,Gmail,20567,23
reset,reset,Gmail,20600,38
reset,reset,Gmail,20633,26
reset,reset,Gmail,20667,17
reset,reset,Gmail,20700,34
reset,reset,Gmail,20733,16
reset,reset,Gmail,20767,29
reset,reset,Gmail,20800,27
reset,reset,Gmail,20833,20
reset,reset,Gmail,20867,23
reset,reset,Gmail,20900,38
reset,reset,Gmail,20933,26
reset,reset,Gmail,20967,17
reset,reset,Gmail,21000,34
reset,reset,Gmail,21033,16
reset,reset,Gmail,21067,29
reset,reset,Gmail,21100,27
reset,reset,Gmail,21133,20
reset,reset,Gmail,21167,23
reset,reset,Gmail,21200,38
reset,reset,Gmail,21233,26
reset,reset,Gmail,21267,17
reset,reset,Gmail,21300,34
reset,reset,Gmail,21333,16
reset,reset,Gmail,21367,29
reset,reset,Gmail,21400,27
reset,reset,Gmail,21433,20
reset,reset,Gmail,21467,23
reset,reset,Gmail,21500,38
reset,reset,Gmail,21533,26
reset,reset,Gmail,21567,17
reset,reset,Gmail,21600,34
reset,reset,Gmail,21633,16
reset,reset,Gmail,21667,29
reset,reset,Gmail,21700,27
reset,reset,Gmail,21733,20
reset,reset,Gmail,21767,23
reset,reset,Gmail,21800,38
reset,reset,Gmail,21833,26
reset,reset,Gmail,21867,17
reset,reset,Gmail,21900,34
reset,reset,Gmail,21933,16
reset,reset,Gmail,21967,29
reset,reset,Gmail,22000,27
reset,reset,Gmail,22033,20
reset,reset,Gmail,22067,23
reset,reset,Gmail,22100,38
reset,reset,Gmail,22133,26
reset,reset,Gmail,22167,17
reset,reset,Gmail,22200,34
reset,reset,Gmail,22233,16
reset,reset,Gmail,22267,29
reset,reset,Gmail,22300,27
reset,reset,Gmail,22333,20
reset,reset,Gmail,22367,23
reset,reset,Gmail,22400,38
reset,reset,Gmail,22433,26
reset,reset,Gmail,22467,17
reset,reset,Gmail,22500,34
reset,reset,Gmail,22533,16
reset,reset,Gmail,22567,29
reset,reset,Gmail,22600,27
reset,reset,Gmail,22633,20
reset,reset,Gmail,22667,23
reset,reset,Gmail,22700,38
reset,reset,Gmail,22733,26
reset,reset,Gmail,22767,17
reset,reset,Gmail,22800,34
reset,reset,Gmail,22833,16
reset,reset,Gmail,22867,29
reset,reset,Gmail,22900,27
reset,reset,Gmail,22933,20
reset,reset,Gmail,22967,23
reset,reset,Gmail,23000,38
reset,reset,Gmail,23033,26
reset,reset,Gmail,23067,17
reset,reset,Gmail,23100,34
reset,reset,Gmail,23133,16
reset,reset,Gmail,23167,29
reset,reset,Gmail,23200,27
reset,reset,Gmail,23233,20
reset,reset,Gmail,23267,23
reset,reset,Gmail,23300,38
reset,reset,Gmail,23333,26
reset,reset,Gmail,23367,17
reset,reset,Gmail,23400,34
reset,reset,Gmail,23433,16
reset,reset,Gmail,23467,29
reset,reset,Gmail,23500,27
reset,reset,Gmail,23533,20
reset,reset,Gmail,23567,23
reset,reset,Gmail,23600,38
reset,reset,Gmail,23633,26
reset,reset,Gmail,23667,17
reset,reset,Gmail,23700,34
reset,reset,Gmail,23733,16
reset,reset,Gmail,23767,29
reset,reset,Gmail,23800,27
reset,reset,Gmail,23833,20
reset,reset,Gmail,23867,23
reset,reset,Gmail,23900,38
reset,reset,Gmail,23933,26
reset,reset,Gmail,23967,17
reset,reset,Gmail,24000,34
reset,reset,Gmail,24033,16
reset,reset,Gmail,24067,29
reset,reset,Gmail,24100,27
reset,reset,Gmail,24133,20
reset,reset,Gmail,24167,23
reset,reset,Gmail,24200,38
reset,reset,Gmail,24233,26
reset,reset,Gmail,24267,17
reset,reset,Gmail,24300,34
reset,reset,Gmail,24333,16
reset,reset,Gmail,24367,29
reset,reset,Gmail,24400,27
reset,reset,Gmail,24433,20
reset,reset,Gmail,24467,23
reset,reset,Gmail,24500,38
reset,reset,Gmail,24533,26
reset,reset,Gmail,24567,17
reset,reset,Gmail,24600,34
reset,reset,Gmail,24633,16
reset,reset,Gmail,24667,29
reset,reset,Gmail,24700,27
reset,reset,Gmail,24733,20
reset,reset,Gmail,24767,23
reset,reset,Gmail,24800,38
reset,reset,Gmail,24833,26
reset,reset,Gmail,24867,17
reset,reset,Gmail,24900,34
reset,reset,Gmail,24933,16
reset,reset,Gmail,24967,29
reset,reset,Gmail,25000,27
reset,reset,Gmail,25033,20
reset,reset,Gmail,25067,23
reset,reset,Gmail,25100,38
reset,reset,Gmail,25133,26
reset,reset,Gmail,25167,17
reset,reset,Gmail,25200,34
reset,reset,Gmail,25233,16
reset,reset,Gmail,25267,29
reset,reset,Gmail,25300,27
reset,reset,Gmail,25333,20
reset,reset,Gmail,25367,23
reset,reset,Gmail,25400,38
reset,reset,Gmail,25433,26
reset,reset,Gmail,25467,17
reset,reset,Gmail,25500,34
reset,reset,Gmail,25533,16
reset,reset,Gmail,25567,29
reset,reset,Gmail,25600,27
reset,reset,Gmail,25633,20
reset,reset,Gmail,25667,23
reset,reset,Gmail,25700,38
reset,reset,Gmail,25733,26
reset,reset,Gmail,25767,17
reset,reset,Gmail,25800,34
reset,reset,Gmail,25833,16
reset,reset,Gmail,25867,29
reset,reset,Gmail,25900,27
reset,reset,Gmail,25933,20
reset,reset,Gmail,25967,23
reset,reset,Gmail,26000,38
reset,reset,Gmail,26033,26
reset,reset,Gmail,26067,17
reset,reset,Gmail,26100,34
reset,reset,Gmail,26133,16
reset,reset,Gmail,26167,29
reset,reset,Gmail,26200,27
reset,reset,Gmail,26233,20
reset,reset,Gmail,26267,23
reset,reset,Gmail,26300,38
reset,reset,Gmail,26333,26
reset,reset,Gmail,26367,17
reset,reset,Gmail,26400,34
reset,reset,Gmail,26433,16
reset,reset,Gmail,26467,29
reset,reset,Gmail,26500,27
reset,reset,Gmail,26533,20
reset,reset,Gmail,26567,23
reset,reset,Gmail,26600,38
reset,reset,Gmail,26633,26
reset,reset,Gmail,26667,17
reset,reset,Gmail,26700,34
reset,reset,Gmail,26733,16
reset,reset,Gmail,26767,29
reset,reset,Gmail,26800,27
reset,reset,Gmail,26833,20
reset,reset,Gmail,26867,23
reset,reset,Gmail,26900,38
reset,reset,Gmail,26933,26
reset,reset,Gmail,26967,17
reset,reset,Gmail,27000,34
reset,reset,Gmail,27033,16
reset,reset,Gmail,27067,29
reset,reset,Gmail,27100,27
reset,reset,Gmail,27133,20
reset,reset,Gmail,27167,23
reset,reset,Gmail,27200,38
reset,reset,Gmail,27233,26
reset,reset,Gmail,27267,17
reset,reset,Gmail,27300,34
reset,reset,Gmail,27333,16
reset,reset,Gmail,27367,29
reset,reset,Gmail,27400,27
reset,reset,Gmail,27433,20
reset,reset,Gmail,27467,23
reset,reset,Gmail,27500,38
reset,reset,Gmail,27533,26
reset,reset,Gmail,27567,17
reset,reset,Gmail,27600,34
reset,reset,Gmail,27633,16
reset,reset,Gmail,27667,29
reset,reset,Gmail,27700,27
reset,reset,Gmail,27733,20
reset,reset,Gmail,27767,23
reset,reset,Gmail,27800,38
reset,reset,Gmail,27833,26
reset,reset,Gmail,27867,17
reset,reset,Gmail,27900,34
reset,reset,Gmail,27933,16
reset,reset,Gmail,27967,29
reset,reset,Gmail,28000,27
reset,reset,Gmail,28033,20
reset,reset,Gmail,28067,23
reset,reset,Gmail,28100,38
reset,reset,Gmail,28133,26
reset,reset,Gmail,28167,17
reset,reset,Gmail,28200,34
reset,reset,Gmail,28233,16
reset,reset,Gmail,28267,29
reset,reset,Gmail,28300,27
reset,reset,Gmail,28333,20
reset,reset,Gmail,28367,23
reset,reset,Gmail,28400,38
reset,reset,Gmail,28433,26
reset,reset,Gmail,28467,17
reset,reset,Gmail,28500,34
reset,reset,Gmail,28533,16
reset,reset,Gmail,28567,29
reset,reset,Gmail,28600,27
reset,reset,Gmail,28633,20
reset,reset,Gmail,28667,23
reset,reset,Gmail,28700,38
reset,reset,Gmail,28733,26
reset,reset,Gmail,28767,17
reset,reset,Gmail,28800,34
reset,reset,Gmail,28833,16
reset,reset,Gmail,28867,29
reset,reset,Gmail,28900,27
reset,reset,Gmail,28933,20
reset,reset,Gmail,28967,23
reset,reset,Gmail,29000,38
reset,reset,Gmail,29033,26
reset,reset,Gmail,29067,17
reset,reset,Gmail,29100,34
reset,reset,Gmail,29133,16
reset,reset,Gmail,29167,29
reset,reset,Gmail,29200,27
reset,reset,Gmail,29233,20
reset,reset,Gmail,29267,23
reset,reset,Gmail,29300,38
reset,reset,Gmail,29333,26
reset,reset,Gmail,29367,17
reset,reset,Gmail,29400,34
reset,reset,Gmail,29433,16
reset,reset,Gmail,29467,29
reset,reset,Gmail,29500,27
reset,reset,Gmail,29533,20
reset,reset,Gmail,29567,23
reset,reset,Gmail,29600,31
reset,reset,Gmail,29633,28
reset,reset,Gmail,29667,23
reset,reset,Gmail,29700,37
reset,reset,Gmail,29733,19
reset,reset,Gmail,29767,25
reset,reset,Gmail,29800,24
reset,reset,Gmail,29833,26
reset,reset,Gmail,29867,31
reset,reset,Gmail,29900,31
reset,reset,Gmail,29933,28
reset,reset,Gmail,29967,23
reset,reset,Gmail,30000,37
reset,reset,Gmail,30033,19
reset,reset,Gmail,30067,25
reset,reset,Gmail,30100,24
reset,reset,Gmail,30133,26
reset,reset,Gmail,30167,31
reset,reset,Gmail,30200,31
reset,reset,Gmail,30233,28
reset,reset,Gmail,30267,23
reset,reset,Gmail,30300,37
reset,reset,Gmail,30333,19
reset,reset,Gmail,30367,25
reset,reset,Gmail,30400,24
reset,reset,Gmail,30433,26
reset,reset,Gmail,30467,31
reset,reset,Gmail,30500,31
reset,reset,Gmail,30533,28
reset,reset,Gmail,30567,23
reset,reset,Gmail,30600,37
reset,reset,Gmail,30633,19
reset,reset,Gmail,30667,25
reset,reset,Gmail,30700,24
reset,reset,Gmail,30733,26
reset,reset,Gmail,30767,31
reset,reset,Gmail,30800,31
reset,reset,Gmail,30833,28
reset,reset,Gmail,30867,23
reset,reset,Gmail,30900,37
reset,reset,Gmail,30933,19
reset,reset,Gmail,30967,25
reset,reset,Gmail,31000,24
reset,reset,Gmail,31033,26
reset,reset,Gmail,31067,31
reset,reset,Gmail,31100,31
reset,reset,Gmail,31133,28
reset,reset,Gmail,31167,23
reset,reset,Gmail,31200,37
reset,reset,Gmail,31233,19
reset,reset,Gmail,31267,25
reset,reset,Gmail,31300,24
reset,reset,Gmail,31333,26
reset,reset,Gmail,31367,31
reset,reset,Gmail,31400,31
reset,reset,Gmail,31433,28
reset,reset,Gmail,31467,23
reset,reset,Gmail,31500,37
reset,reset,Gmail,31533,19
reset,reset,Gmail,31567,25
reset,reset,Gmail,31600,24
reset,reset,Gmail,31633,26
reset,reset,Gmail,31667,31
reset,reset,Gmail,31700,31
reset,reset,Gmail,31733,28
reset,reset,Gmail,31767,23
reset,reset,Gmail,31800,37
reset,reset,Gmail,31833,19
reset,reset,Gmail,31867,25
reset,reset,Gmail,31900,24
reset,reset,Gmail,31933,26
reset,reset,Gmail,31967,31
reset,reset,Gmail,32000,31
reset,reset,Gmail,32033,28
reset,reset,Gmail,32067,23
reset,reset,Gmail,32100,37
reset,reset,Gmail,32133,19
reset,reset,Gmail,32167,25
reset,reset,Gmail,32200,24
reset,reset,Gmail,32233,26
reset,reset,Gmail,32267,31
reset,reset,Gmail,32300,31
reset,reset,Gmail,32333,28
reset,reset,Gmail,32367,23
reset,reset,Gmail,32400,37
reset,reset,Gmail,32433,19
reset,reset,Gmail,32467,25
reset,reset,Gmail,32500,24
reset,reset,Gmail,32533,26
reset,reset,Gmail,32567,31
reset,reset,Gmail,32600,31
reset,reset,Gmail,32633,28
reset,reset,Gmail,32667,23
reset,reset,Gmail,32700,37
reset,reset,Gmail,32733,19
reset,reset,Gmail,32767,25
reset,reset,Gmail,32800,24
reset,reset,Gmail,32833,26
reset,reset,Gmail,32867,31
reset,reset,Gmail,32900,31
reset,reset,Gmail,32933,28
reset,reset,Gmail,32967,23
reset,reset,Gmail,33000,37
reset,reset,Gmail,33033,19
reset,reset,Gmail,33067,25
reset,reset,Gmail,33100,24
reset,reset,Gmail,33133,26
reset,reset,Gmail,33167,31
reset,reset,Gmail,33200,31
reset,reset,Gmail,33233,28
reset,reset,Gmail,33267,23
reset,reset,Gmail,33300,37
reset,reset,Gmail,33333,19
reset,reset,Gmail,33367,25
reset,reset,Gmail,33400,24
reset,reset,Gmail,33433,26
reset,reset,Gmail,33467,31
reset,reset,Gmail,33500,31
reset,reset,Gmail,33533,28
reset,reset,Gmail,33567,23
reset,reset,Gmail,33600,37
reset,reset,Gmail,33633,19
reset,reset,Gmail,33667,25
reset,reset,Gmail,33700,24
reset,reset,Gmail,33733,26
reset,reset,Gmail,33767,31
reset,reset,Gmail,33800,31
reset,reset,Gmail,33833,28
reset,reset,Gmail,33867,23
reset,reset,Gmail,33900,37
reset,reset,Gmail,33933,19
reset,reset,Gmail,33967,25
reset,control,Ssh,0,47
reset,control,Ssh,38,46
reset,control,Ssh,75,45
reset,control,Ssh,112,37
reset,control,Ssh,150,32
reset,control,Ssh,188,39
reset,control,Ssh,225,39
reset,control,Ssh,262,32
reset,control,Ssh,300,45
reset,control,Ssh,338,37
reset,control,Ssh,375,40
reset,control,Ssh,412,33
reset,control,Ssh,450,39
reset,control,Ssh,488,34
reset,control,Ssh,525,32
reset,control,Ssh,562,24
reset,control,Ssh,600,38
reset,control,Ssh,638,34
reset,control,Ssh,675,44
reset,control,Ssh,712,42
reset,control,Ssh,750,33
reset,control,Ssh,788,27
reset,control,Ssh,825,39
reset,control,Ssh,862,41
reset,control,Ssh,900,49
reset,control,Ssh,938,41
reset,control,Ssh,975,37
reset,control,Ssh,1012,36
reset,control,Ssh,1050,27
reset,control,Ssh,1088,21
reset,control,Ssh,1125,36
reset,control,Ssh,1162,32
reset,control,Ssh,1200,41
reset,control,Ssh,1238,34
reset,control,Ssh,1275,30
reset,control,Ssh,1312,29
reset,control,Ssh,1350,42
reset,control,Ssh,1388,34
reset,control,Ssh,1425,29
reset,control,Ssh,1462,38
reset,control,Ssh,1500,52
reset,control,Ssh,1538,51
reset,control,Ssh,1575,44
reset,control,Ssh,1612,39
reset,control,Ssh,1650,33
reset,control,Ssh,1688,44
reset,control,Ssh,1725,36
reset,control,Ssh,1762,32
reset,control,Ssh,1800,41
reset,control,Ssh,1838,45
reset,control,Ssh,1875,37
reset,control,Ssh,1912,33
reset,control,Ssh,1950,39
reset,control,Ssh,1988,38
reset,control,Ssh,2000,53
reset,control,Ssh,2050,33
reset,control,Ssh,2100,32
reset,control,Ssh,2150,43
reset,control,Ssh,2200,36
reset,control,Ssh,2250,35
reset,control,Ssh,2300,29
reset,control,Ssh,2350,24
reset,control,Ssh,2400,38
reset,control,Ssh,2450,37
reset,control,Ssh,2500,30
reset,control,Ssh,2550,41
reset,control,Ssh,2600,35
reset,control,Ssh,2650,30
reset,control,Ssh,2700,26
reset,control,Ssh,2750,37
reset,control,Ssh,2800,45
reset,control,Ssh,2850,26
reset,control,Ssh,2900,47
reset,control,Ssh,2950,27
reset,control,Ssh,3000,44
reset,control,Ssh,3050,25
reset,control,Ssh,3100,42
reset,control,Ssh,3150,26
reset,control,Ssh,3200,44
reset,control,Ssh,3250,36
reset,control,Ssh,3300,41
reset,control,Ssh,3350,25
reset,control,Ssh,3400,42
reset,control,Ssh,3450,23
reset,control,Ssh,3500,35
reset,control,Ssh,3550,24
reset,control,Ssh,3600,29
reset,control,Ssh,3650,22
reset,control,Ssh,3700,33
reset,control,Ssh,3750,20
reset,control,Ssh,3800,32
reset,control,Ssh,3850,24
reset,control,Ssh,3900,32
reset,control,Ssh,3950,25
reset,control,Ssh,4000,33
reset,control,Ssh,4050,20
reset,control,Ssh,4100,38
reset,control,Ssh,4150,24
reset,control,Ssh,4200,26
reset,control,Ssh,4250,25
reset,control,Ssh,4300,27
reset,control,Ssh,4350,20
reset,control,Ssh,4400,38
reset,control,Ssh,4450,24
reset,control,Ssh,4500,26
reset,control,Ssh,4550,25
reset,control,Ssh,4600,27
reset,control,Ssh,4650,20
reset,control,Ssh,4700,38
reset,control,Ssh,4750,24
reset,control,Ssh,4800,26
reset,control,Ssh,4850,25
reset,control,Ssh,4900,27
reset,control,Ssh,4950,20
reset,control,Ssh,5000,40
reset,control,Ssh,5050,28
reset,control,Ssh,5100,34
reset,control,Ssh,5150,28
reset,control,Ssh,5200,35
reset,control,Ssh,5250,28
reset,control,Ssh,5300,39
reset,control,Ssh,5350,29
reset,control,Ssh,5400,35
reset,control,Ssh,5450,29
reset,control,Ssh,5500,35
reset,control,Ssh,5550,28
reset,control,Ssh,5600,39
reset,control,Ssh,5650,29
reset,control,Ssh,5700,35
reset,control,Ssh,5750,29
reset,control,Ssh,5800,35
reset,control,Ssh,5850,28
reset,control,Ssh,5900,39
reset,control,Ssh,5950,29
reset,control,Ssh,6000,35
reset,control,Ssh,6050,29
reset,control,Ssh,6100,35
reset,control,Ssh,6150,28
reset,control,Ssh,6200,39
reset,control,Ssh,6250,29
reset,control,Ssh,6300,35
reset,control,Ssh,6350,29
reset,control,Ssh,6400,35
reset,control,Ssh,6450,28
reset,control,Ssh,6500,39
reset,control,Ssh,6550,29
reset,control,Ssh,6600,35
reset,control,Ssh,6650,29
reset,control,Ssh,6700,35
reset,control,Ssh,6750,28
reset,control,Ssh,6800,39
reset,control,Ssh,6850,29
reset,control,Ssh,6900,35
reset,control,Ssh,6950,29
reset,control,Ssh,7000,35
reset,control,Ssh,7050,28
reset,control,Ssh,7100,39
reset,control,Ssh,7150,29
reset,control,Ssh,7200,35
reset,control,Ssh,7250,29
reset,control,Ssh,7300,35
reset,control,Ssh,7350,28
reset,control,Ssh,7400,39
reset,control,Ssh,7450,29
reset,control,Ssh,7500,35
reset,control,Ssh,7550,29
reset,control,Ssh,7600,35
reset,control,Ssh,7650,28
reset,control,Ssh,7700,39
reset,control,Ssh,7750,29
reset,control,Ssh,7800,35
reset,control,Ssh,7850,29
reset,control,Ssh,7900,35
reset,control,Ssh,7950,28
reset,control,Ssh,8000,39
reset,control,Ssh,8050,29
reset,control,Ssh,8100,35
reset,control,Ssh,8150,29
reset,control,Ssh,8200,35
reset,control,Ssh,8250,28
reset,control,Ssh,8300,39
reset,control,Ssh,8350,29
reset,control,Ssh,8400,35
reset,control,Ssh,8450,29
reset,control,Ssh,8500,35
reset,control,Ssh,8550,28
reset,control,Ssh,8600,39
reset,control,Ssh,8650,29
reset,control,Ssh,8700,35
reset,control,Ssh,8750,29
reset,control,Ssh,8800,35
reset,control,Ssh,8850,28
reset,control,Ssh,8900,39
reset,control,Ssh,8950,29
reset,control,Ssh,9000,35
reset,control,Ssh,9050,29
reset,control,Ssh,9100,35
reset,control,Ssh,9150,28
reset,control,Ssh,9200,39
reset,control,Ssh,9250,29
reset,control,Ssh,9300,35
reset,control,Ssh,9350,29
reset,control,Ssh,9400,35
reset,control,Ssh,9450,28
reset,control,Ssh,9500,39
reset,control,Ssh,9550,29
reset,control,Ssh,9600,35
reset,control,Ssh,9650,29
reset,control,Ssh,9700,35
reset,control,Ssh,9750,28
reset,control,Ssh,9800,39
reset,control,Ssh,9850,29
reset,control,Ssh,9900,35
reset,control,Ssh,9950,29
reset,control,Ssh,10000,35
reset,control,Ssh,10050,28
reset,control,Ssh,10100,39
reset,control,Ssh,10150,29
reset,control,Ssh,10200,35
reset,control,Ssh,10250,29
reset,control,Ssh,10300,35
reset,control,Ssh,10350,28
reset,control,Ssh,10400,39
reset,control,Ssh,10450,29
reset,control,Ssh,10500,35
reset,control,Ssh,10550,29
reset,control,Ssh,10600,35
reset,control,Ssh,10650,28
reset,control,Ssh,10700,39
reset,control,Ssh,10750,29
reset,control,Ssh,10800,35
reset,control,Ssh,10850,29
reset,control,Ssh,10900,35
reset,control,Ssh,10950,28
reset,control,Ssh,11000,39
reset,control,Ssh,11050,29
reset,control,Ssh,11100,35
reset,control,Ssh,11150,29
reset,control,Ssh,11200,35
reset,control,Ssh,11250,28
reset,control,Ssh,11300,39
reset,control,Ssh,11350,29
reset,control,Ssh,11400,35
reset,control,Ssh,11450,29
reset,control,Ssh,11500,35
reset,control,Ssh,11550,28
reset,control,Ssh,11600,39
reset,control,Ssh,11650,29
reset,control,Ssh,11700,35
reset,control,Ssh,11750,29
reset,control,Ssh,11800,35
reset,control,Ssh,11850,28
reset,control,Ssh,11900,39
reset,control,Ssh,11950,29
reset,control,Ssh,12000,35
reset,control,Ssh,12050,29
reset,control,Ssh,12100,35
reset,control,Ssh,12150,28
reset,control,Ssh,12200,39
reset,control,Ssh,12250,29
reset,control,Ssh,12300,35
reset,control,Ssh,12350,29
reset,control,Ssh,12400,35
reset,control,Ssh,12450,28
reset,control,Ssh,12500,39
reset,control,Ssh,12550,29
reset,control,Ssh,12600,35
reset,control,Ssh,12650,29
reset,control,Ssh,12700,35
reset,control,Ssh,12750,28
reset,control,Ssh,12800,39
reset,control,Ssh,12850,29
reset,control,Ssh,12900,35
reset,control,Ssh,12950,29
reset,control,Ssh,13000,35
reset,control,Ssh,13050,28
reset,control,Ssh,13100,39
reset,control,Ssh,13150,29
reset,control,Ssh,13200,35
reset,control,Ssh,13250,29
reset,control,Ssh,13300,35
reset,control,Ssh,13350,28
reset,control,Ssh,13400,39
reset,control,Ssh,13450,29
reset,control,Ssh,13500,35
reset,control,Ssh,13550,29
reset,control,Ssh,13600,35
reset,control,Ssh,13650,28
reset,control,Ssh,13700,39
reset,control,Ssh,13750,29
reset,control,Ssh,13800,35
reset,control,Ssh,13850,29
reset,control,Ssh,13900,35
reset,control,Ssh,13950,28
reset,control,Ssh,14000,39
reset,control,Ssh,14050,29
reset,control,Ssh,14100,35
reset,control,Ssh,14150,29
reset,control,Ssh,14200,35
reset,control,Ssh,14250,28
reset,control,Ssh,14300,39
reset,control,Ssh,14350,29
reset,control,Ssh,14400,35
reset,control,Ssh,14450,29
reset,control,Ssh,14500,35
reset,control,Ssh,14550,28
reset,control,Ssh,14600,39
reset,control,Ssh,14650,29
reset,control,Ssh,14700,35
reset,control,Ssh,14750,29
reset,control,Ssh,14800,35
reset,control,Ssh,14850,28
reset,control,Ssh,14900,39
reset,control,Ssh,14950,29
reset,control,Ssh,15000,35
reset,control,Ssh,15050,29
reset,control,Ssh,15100,35
reset,control,Ssh,15150,28
reset,control,Ssh,15200,39
reset,control,Ssh,15250,29
reset,control,Ssh,15300,35
reset,control,Ssh,15350,29
reset,control,Ssh,15400,35
reset,control,Ssh,15450,28
reset,control,Ssh,15500,39
reset,control,Ssh,15550,29
reset,control,Ssh,15600,35
reset,control,Ssh,15650,29
reset,control,Ssh,15700,35
reset,control,Ssh,15750,28
reset,control,Ssh,15800,39
reset,control,Ssh,15850,29
reset,control,Ssh,15900,35
reset,control,Ssh,15950,29
reset,control,Ssh,16000,35
reset,control,Ssh,16050,28
reset,control,Ssh,16100,39
reset,control,Ssh,16150,29
reset,control,Ssh,16200,35
reset,control,Ssh,16250,29
reset,control,Ssh,16300,35
reset,control,Ssh,16350,28
reset,control,Ssh,16400,39
reset,control,Ssh,16450,29
reset,control,Ssh,16500,35
reset,control,Ssh,16550,29
reset,control,Ssh,16600,35
reset,control,Ssh,16650,28
reset,control,Ssh,16700,39
reset,control,Ssh,16750,29
reset,control,Ssh,16800,35
reset,control,Ssh,16850,29
reset,control,Ssh,16900,35
reset,control,Ssh,16950,28
reset,control,Ssh,17000,39
reset,control,Ssh,17050,29
reset,control,Ssh,17100,35
reset,control,Ssh,17150,29
reset,control,Ssh,17200,35
reset,control,Ssh,17250,28
reset,control,Ssh,17300,39
reset,control,Ssh,17350,29
reset,control,Ssh,17400,35
reset,control,Ssh,17450,29
reset,control,Ssh,17500,35
reset,control,Ssh,17550,28
reset,control,Ssh,17600,39
reset,control,Ssh,17650,29
reset,control,Ssh,17700,35
reset,control,Ssh,17750,29
reset,control,Ssh,17800,35
reset,control,Ssh,17850,28
reset,control,Ssh,17900,39
reset,control,Ssh,17950,29
reset,control,Ssh,18000,35
reset,control,Ssh,18050,29
reset,control,Ssh,18100,35
reset,control,Ssh,18150,28
reset,control,Ssh,18200,39
reset,control,Ssh,18250,29
reset,control,Ssh,18300,35
reset,control,Ssh,18350,29
reset,control,Ssh,18400,35
reset,control,Ssh,18450,28
reset,control,Ssh,18500,39
reset,control,Ssh,18550,29
reset,control,Ssh,18600,35
reset,control,Ssh,18650,29
reset,control,Ssh,18700,35
reset,control,Ssh,18750,28
reset,control,Ssh,18800,39
reset,control,Ssh,18850,29
reset,control,Ssh,18900,35
reset,control,Ssh,18950,29
reset,control,Ssh,19000,35
reset,control,Ssh,19050,28
reset,control,Ssh,19100,39
reset,control,Ssh,19150,29
reset,control,Ssh,19200,35
reset,control,Ssh,19250,29
reset,control,Ssh,19300,35
reset,control,Ssh,19350,28
reset,control,Ssh,19400,39
reset,control,Ssh,19450,29
reset,control,Ssh,19500,35
reset,control,Ssh,19550,29
reset,control,Ssh,19600,35
reset,control,Ssh,19650,28
reset,control,Ssh,19700,39
reset,control,Ssh,19750,29
reset,control,Ssh,19800,35
reset,control,Ssh,19850,29
reset,control,Ssh,19900,35
reset,control,Ssh,19950,28
reset,control,Ssh,20000,39
reset,control,Ssh,20050,29
reset,control,Ssh,20100,35
reset,control,Ssh,20150,29
reset,control,Ssh,20200,35
reset,control,Ssh,20250,28
reset,control,Ssh,20300,39
reset,control,Ssh,20350,29
reset,control,Ssh,20400,35
reset,control,Ssh,20450,29
reset,control,Ssh,20500,35
reset,control,Ssh,20550,28
reset,control,Ssh,20600,39
reset,control,Ssh,20650,29
reset,control,Ssh,20700,35
reset,control,Ssh,20750,29
reset,control,Ssh,20800,35
reset,control,Ssh,20850,28
reset,control,Ssh,20900,39
reset,control,Ssh,20950,29
reset,control,Ssh,21000,35
reset,control,Ssh,21050,29
reset,control,Ssh,21100,35
reset,control,Ssh,21150,28
reset,control,Ssh,21200,39
reset,control,Ssh,21250,29
reset,control,Ssh,21300,35
reset,control,Ssh,21350,29
reset,control,Ssh,21400,35
reset,control,Ssh,21450,28
reset,control,Ssh,21500,39
reset,control,Ssh,21550,29
reset,control,Ssh,21600,35
reset,control,Ssh,21650,29
reset,control,Ssh,21700,35
reset,control,Ssh,21750,28
reset,control,Ssh,21800,39
reset,control,Ssh,21850,29
reset,control,Ssh,21900,35
reset,control,Ssh,21950,29
reset,control,Ssh,22000,35
reset,control,Ssh,22050,28
reset,control,Ssh,22100,39
reset,control,Ssh,22150,29
reset,control,Ssh,22200,35
reset,control,Ssh,22250,29
reset,control,Ssh,22300,35
reset,control,Ssh,22350,28
reset,control,Ssh,22400,39
reset,control,Ssh,22450,29
reset,control,Ssh,22500,35
reset,control,Ssh,22550,29
reset,control,Ssh,22600,35
reset,control,Ssh,22650,28
reset,control,Ssh,22700,39
reset,control,Ssh,22750,29
reset,control,Ssh,22800,35
reset,control,Ssh,22850,29
reset,control,Ssh,22900,35
reset,control,Ssh,22950,28
reset,control,Ssh,23000,39
reset,control,Ssh,23050,29
reset,control,Ssh,23100,35
reset,control,Ssh,23150,29
reset,control,Ssh,23200,35
reset,control,Ssh,23250,28
reset,control,Ssh,23300,39
reset,control,Ssh,23350,29
reset,control,Ssh,23400,35
reset,control,Ssh,23450,29
reset,control,Ssh,23500,35
reset,control,Ssh,23550,28
reset,control,Ssh,23600,39
reset,control,Ssh,23650,29
reset,control,Ssh,23700,35
reset,control,Ssh,23750,29
reset,control,Ssh,23800,35
reset,control,Ssh,23850,28
reset,control,Ssh,23900,39
reset,control,Ssh,23950,29
reset,control,Ssh,24000,35
reset,control,Ssh,24050,29
reset,control,Ssh,24100,35
reset,control,Ssh,24150,28
reset,control,Ssh,24200,39
reset,control,Ssh,24250,29
reset,control,Ssh,24300,35
reset,control,Ssh,24350,29
reset,control,Ssh,24400,35
reset,control,Ssh,24450,28
reset,control,Ssh,24500,39
reset,control,Ssh,24550,29
reset,control,Ssh,24600,35
reset,control,Ssh,24650,29
reset,control,Ssh,24700,35
reset,control,Ssh,24750,28
reset,control,Ssh,24800,39
reset,control,Ssh,24850,29
reset,control,Ssh,24900,35
reset,control,Ssh,24950,29
reset,control,Ssh,25000,35
reset,control,Ssh,25050,28
reset,control,Ssh,25100,39
reset,control,Ssh,25150,29
reset,control,Ssh,25200,35
reset,control,Ssh,25250,29
reset,control,Ssh,25300,35
reset,control,Ssh,25350,28
reset,control,Ssh,25400,39
reset,control,Ssh,25450,29
reset,control,Ssh,25500,35
reset,control,Ssh,25550,29
reset,control,Ssh,25600,35
reset,control,Ssh,25650,28
reset,control,Ssh,25700,39
reset,control,Ssh,25750,29
reset,control,Ssh,25800,35
reset,control,Ssh,25850,29
reset,control,Ssh,25900,35
reset,control,Ssh,25950,28
reset,control,Ssh,26000,39
reset,control,Ssh,26050,29
reset,control,Ssh,26100,35
reset,control,Ssh,26150,29
reset,control,Ssh,26200,35
reset,control,Ssh,26250,28
reset,control,Ssh,26300,39
reset,control,Ssh,26350,29
reset,control,Ssh,26400,35
reset,control,Ssh,26450,29
reset,control,Ssh,26500,35
reset,control,Ssh,26550,28
reset,control,Ssh,26600,39
reset,control,Ssh,26650,29
reset,control,Ssh,26700,35
reset,control,Ssh,26750,29
reset,control,Ssh,26800,35
reset,control,Ssh,26850,28
reset,control,Ssh,26900,39
reset,control,Ssh,26950,29
reset,control,Ssh,27000,35
reset,control,Ssh,27050,29
reset,control,Ssh,27100,35
reset,control,Ssh,27150,28
reset,control,Ssh,27200,39
reset,control,Ssh,27250,29
reset,control,Ssh,27300,35
reset,control,Ssh,27350,29
reset,control,Ssh,27400,35
reset,control,Ssh,27450,28
reset,control,Ssh,27500,39
reset,control,Ssh,27550,29
reset,control,Ssh,27600,35
reset,control,Ssh,27650,29
reset,control,Ssh,27700,35
reset,control,Ssh,27750,28
reset,control,Ssh,27800,39
reset,control,Ssh,27850,29
reset,control,Ssh,27900,35
reset,control,Ssh,27950,29
reset,control,Ssh,28000,35
reset,control,Ssh,28050,28
reset,control,Ssh,28100,39
reset,control,Ssh,28150,29
reset,control,Ssh,28200,35
reset,control,Ssh,28250,29
reset,control,Ssh,28300,35
reset,control,Ssh,28350,28
reset,control,Ssh,28400,39
reset,control,Ssh,28450,29
reset,control,Ssh,28500,35
reset,control,Ssh,28550,29
reset,control,Ssh,28600,35
reset,control,Ssh,28650,28
reset,control,Ssh,28700,39
reset,control,Ssh,28750,29
reset,control,Ssh,28800,35
reset,control,Ssh,28850,29
reset,control,Ssh,28900,35
reset,control,Ssh,28950,28
reset,control,Ssh,29000,39
reset,control,Ssh,29050,29
reset,control,Ssh,29100,35
reset,control,Ssh,29150,29
reset,control,Ssh,29200,35
reset,control,Ssh,29250,28
reset,control,Ssh,29300,39
reset,control,Ssh,29350,29
reset,control,Ssh,29400,35
reset,control,Ssh,29450,29
reset,control,Ssh,29500,35
reset,control,Ssh,29550,28
reset,control,Ssh,29600,39
reset,control,Ssh,29650,29
reset,control,Ssh,29700,35
reset,control,Ssh,29750,29
reset,control,Ssh,29800,35
reset,control,Ssh,29850,28
reset,control,Ssh,29900,39
reset,control,Ssh,29950,29
reset,control,Ssh,30000,35
reset,control,Ssh,30050,29
reset,control,Ssh,30100,35
reset,control,Ssh,30150,28
reset,control,Ssh,30200,39
reset,control,Ssh,30250,29
reset,control,Ssh,30300,35
reset,control,Ssh,30350,29
reset,control,Ssh,30400,35
reset,control,Ssh,30450,28
reset,control,Ssh,30500,39
reset,control,Ssh,30550,29
reset,control,Ssh,30600,35
reset,control,Ssh,30650,29
reset,control,Ssh,30700,35
reset,control,Ssh,30750,28
reset,control,Ssh,30800,39
reset,control,Ssh,30850,29
reset,control,Ssh,30900,35
reset,control,Ssh,30950,29
reset,control,Ssh,31000,35
reset,control,Ssh,31050,28
reset,control,Ssh,31100,39
reset,control,Ssh,31150,29
reset,control,Ssh,31200,35
reset,control,Ssh,31250,29
reset,control,Ssh,31300,35
reset,control,Ssh,31350,28
reset,control,Ssh,31400,39
reset,control,Ssh,31450,29
reset,control,Ssh,31500,35
reset,control,Ssh,31550,29
reset,control,Ssh,31600,35
reset,control,Ssh,31650,28
reset,control,Ssh,31700,39
reset,control,Ssh,31750,29
reset,control,Ssh,31800,35
reset,control,Ssh,31850,29
reset,control,Ssh,31900,35
reset,control,Ssh,31950,28
reset,control,Ssh,32000,39
reset,control,Ssh,32050,29
reset,control,Ssh,32100,35
reset,control,Ssh,32150,29
reset,control,Ssh,32200,35
reset,control,Ssh,32250,28
reset,control,Ssh,32300,39
reset,control,Ssh,32350,29
reset,control,Ssh,32400,35
reset,control,Ssh,32450,29
reset,control,Ssh,32500,35
reset,control,Ssh,32550,28
reset,control,Ssh,32600,39
reset,control,Ssh,32650,29
reset,control,Ssh,32700,35
reset,control,Ssh,32750,29
reset,control,Ssh,32800,35
reset,control,Ssh,32850,28
reset,control,Ssh,32900,39
reset,control,Ssh,32950,29
reset,control,Ssh,33000,35
reset,control,Ssh,33050,29
reset,control,Ssh,33100,35
reset,control,Ssh,33150,28
reset,control,Ssh,33200,39
reset,control,Ssh,33250,29
reset,control,Ssh,33300,35
reset,control,Ssh,33350,29
reset,control,Ssh,33400,35
reset,control,Ssh,33450,28
reset,control,Ssh,33500,39
reset,control,Ssh,33550,29
reset,control,Ssh,33600,35
reset,control,Ssh,33650,29
reset,control,Ssh,33700,35
reset,control,Ssh,33750,28
reset,control,Ssh,33800,39
reset,control,Ssh,33850,29
reset,control,Ssh,33900,35
reset,control,Ssh,33950,29
reset,reset,Ssh,0,47
reset,reset,Ssh,38,46
reset,reset,Ssh,75,45
reset,reset,Ssh,112,37
reset,reset,Ssh,150,32
reset,reset,Ssh,188,39
reset,reset,Ssh,225,39
reset,reset,Ssh,262,32
reset,reset,Ssh,300,45
reset,reset,Ssh,338,37
reset,reset,Ssh,375,40
reset,reset,Ssh,412,33
reset,reset,Ssh,450,39
reset,reset,Ssh,488,34
reset,reset,Ssh,525,32
reset,reset,Ssh,562,24
reset,reset,Ssh,600,38
reset,reset,Ssh,638,34
reset,reset,Ssh,675,44
reset,reset,Ssh,712,42
reset,reset,Ssh,750,33
reset,reset,Ssh,788,27
reset,reset,Ssh,825,39
reset,reset,Ssh,862,41
reset,reset,Ssh,900,49
reset,reset,Ssh,938,41
reset,reset,Ssh,975,37
reset,reset,Ssh,1012,36
reset,reset,Ssh,1050,27
reset,reset,Ssh,1088,21
reset,reset,Ssh,1125,36
reset,reset,Ssh,1162,32
reset,reset,Ssh,1200,41
reset,reset,Ssh,1238,34
reset,reset,Ssh,1275,30
reset,reset,Ssh,1312,29
reset,reset,Ssh,1350,42
reset,reset,Ssh,1388,34
reset,reset,Ssh,1425,29
reset,reset,Ssh,1462,38
reset,reset,Ssh,1500,52
reset,reset,Ssh,1538,51
reset,reset,Ssh,1575,44
reset,reset,Ssh,1612,39
reset,reset,Ssh,1650,33
reset,reset,Ssh,1688,44
reset,reset,Ssh,1725,36
reset,reset,Ssh,1762,32
reset,reset,Ssh,1800,41
reset,reset,Ssh,1838,45
reset,reset,Ssh,1875,37
reset,reset,Ssh,1912,33
reset,reset,Ssh,1950,39
reset,reset,Ssh,1988,2591
reset,reset,Ssh,2000,2587
reset,reset,Ssh,2050,2549
reset,reset,Ssh,2100,2511
reset,reset,Ssh,2150,2473
reset,reset,Ssh,2200,2439
reset,reset,Ssh,2250,2401
reset,reset,Ssh,2300,2363
reset,reset,Ssh,2350,2329
reset,reset,Ssh,2400,2291
reset,reset,Ssh,2450,2253
reset,reset,Ssh,2500,2227
reset,reset,Ssh,2550,2205
reset,reset,Ssh,2600,2179
reset,reset,Ssh,2650,2157
reset,reset,Ssh,2700,2131
reset,reset,Ssh,2750,2102
reset,reset,Ssh,2800,2073
reset,reset,Ssh,2850,2044
reset,reset,Ssh,2900,2009
reset,reset,Ssh,2950,1983
reset,reset,Ssh,3000,1966
reset,reset,Ssh,3050,1964
reset,reset,Ssh,3100,1965
reset,reset,Ssh,3150,1948
reset,reset,Ssh,3200,1943
reset,reset,Ssh,3250,1944
reset,reset,Ssh,3300,1924
reset,reset,Ssh,3350,1922
reset,reset,Ssh,3400,1917
reset,reset,Ssh,3450,1900
reset,reset,Ssh,3500,1901
reset,reset,Ssh,3550,1896
reset,reset,Ssh,3600,1879
reset,reset,Ssh,3650,1877
reset,reset,Ssh,3700,1857
reset,reset,Ssh,3750,1855
reset,reset,Ssh,3800,1853
reset,reset,Ssh,3850,1836
reset,reset,Ssh,3900,1834
reset,reset,Ssh,3950,1835
reset,reset,Ssh,4000,1830
reset,reset,Ssh,4050,1813
reset,reset,Ssh,4100,1793
reset,reset,Ssh,4150,1806
reset,reset,Ssh,4200,1795
reset,reset,Ssh,4250,1784
reset,reset,Ssh,4300,1773
reset,reset,Ssh,4350,1765
reset,reset,Ssh,4400,1778
reset,reset,Ssh,4450,1767
reset,reset,Ssh,4500,1756
reset,reset,Ssh,4550,1745
reset,reset,Ssh,4600,1734
reset,reset,Ssh,4650,1723
reset,reset,Ssh,4700,1715
reset,reset,Ssh,4750,1728
reset,reset,Ssh,4800,1717
reset,reset,Ssh,4850,1706
reset,reset,Ssh,4900,1695
reset,reset,Ssh,4950,1684
reset,reset,Ssh,5000,1673
reset,reset,Ssh,5050,1665
reset,reset,Ssh,5100,1678
reset,reset,Ssh,5150,1667
reset,reset,Ssh,5200,1656
reset,reset,Ssh,5250,1642
reset,reset,Ssh,5300,1631
reset,reset,Ssh,5350,1620
reset,reset,Ssh,5400,1612
reset,reset,Ssh,5450,1601
reset,reset,Ssh,5500,1590
reset,reset,Ssh,5550,1603
reset,reset,Ssh,5600,1592
reset,reset,Ssh,5650,1581
reset,reset,Ssh,5700,1570
reset,reset,Ssh,5750,1562
reset,reset,Ssh,5800,1551
reset,reset,Ssh,5850,1540
reset,reset,Ssh,5900,1535
reset,reset,Ssh,5950,1548
reset,reset,Ssh,6000,1537
reset,reset,Ssh,6050,1529
reset,reset,Ssh,6100,1524
reset,reset,Ssh,6150,1513
reset,reset,Ssh,6200,1505
reset,reset,Ssh,6250,1500
reset,reset,Ssh,6300,1489
reset,reset,Ssh,6350,1484
reset,reset,Ssh,6400,1479
reset,reset,Ssh,6450,1468
reset,reset,Ssh,6500,1457
reset,reset,Ssh,6550,1452
reset,reset,Ssh,6600,1436
reset,reset,Ssh,6650,1419
reset,reset,Ssh,6700,1420
reset,reset,Ssh,6750,1418
reset,reset,Ssh,6800,1404
reset,reset,Ssh,6850,1408
reset,reset,Ssh,6900,1391
reset,reset,Ssh,6950,1374
reset,reset,Ssh,7000,1375
reset,reset,Ssh,7050,1373
reset,reset,Ssh,7100,1359
reset,reset,Ssh,7150,1363
reset,reset,Ssh,7200,1346
reset,reset,Ssh,7250,1329
reset,reset,Ssh,7300,1330
reset,reset,Ssh,7350,1325
reset,reset,Ssh,7400,1308
reset,reset,Ssh,7450,1303
reset,reset,Ssh,7500,1292
reset,reset,Ssh,7550,1287
reset,reset,Ssh,7600,1282
reset,reset,Ssh,7650,1271
reset,reset,Ssh,7700,1269
reset,reset,Ssh,7750,1258
reset,reset,Ssh,7800,1250
reset,reset,Ssh,7850,1248
reset,reset,Ssh,7900,1237
reset,reset,Ssh,7950,1232
reset,reset,Ssh,8000,1224
reset,reset,Ssh,8050,1216
reset,reset,Ssh,8100,1211
reset,reset,Ssh,8150,1203
reset,reset,Ssh,8200,1198
reset,reset,Ssh,8250,1190
reset,reset,Ssh,8300,1170
reset,reset,Ssh,8350,1177
reset,reset,Ssh,8400,1169
reset,reset,Ssh,8450,1149
reset,reset,Ssh,8500,1156
reset,reset,Ssh,8550,1133
reset,reset,Ssh,8600,1128
reset,reset,Ssh,8650,1123
reset,reset,Ssh,8700,1112
reset,reset,Ssh,8750,1110
reset,reset,Ssh,8800,1099
reset,reset,Ssh,8850,1091
reset,reset,Ssh,8900,1089
reset,reset,Ssh,8950,1078
reset,reset,Ssh,9000,1073
reset,reset,Ssh,9050,1065
reset,reset,Ssh,9100,1057
reset,reset,Ssh,9150,1037
reset,reset,Ssh,9200,1032
reset,reset,Ssh,9250,1039
reset,reset,Ssh,9300,1031
reset,reset,Ssh,9350,1014
reset,reset,Ssh,9400,1003
reset,reset,Ssh,9450,995
reset,reset,Ssh,9500,990
reset,reset,Ssh,9550,985
reset,reset,Ssh,9600,977
reset,reset,Ssh,9650,969
reset,reset,Ssh,9700,961
reset,reset,Ssh,9750,953
reset,reset,Ssh,9800,951
reset,reset,Ssh,9850,943
reset,reset,Ssh,9900,932
reset,reset,Ssh,9950,927
reset,reset,Ssh,10000,919
reset,reset,Ssh,10050,917
reset,reset,Ssh,10100,909
reset,reset,Ssh,10150,898
reset,reset,Ssh,10200,890
reset,reset,Ssh,10250,885
reset,reset,Ssh,10300,883
reset,reset,Ssh,10350,875
reset,reset,Ssh,10400,858
reset,reset,Ssh,10450,856
reset,reset,Ssh,10500,851
reset,reset,Ssh,10550,834
reset,reset,Ssh,10600,841
reset,reset,Ssh,10650,821
reset,reset,Ssh,10700,813
reset,reset,Ssh,10750,808
reset,reset,Ssh,10800,797
reset,reset,Ssh,10850,792
reset,reset,Ssh,10900,787
reset,reset,Ssh,10950,776
reset,reset,Ssh,11000,774
reset,reset,Ssh,11050,763
reset,reset,Ssh,11100,755
reset,reset,Ssh,11150,753
reset,reset,Ssh,11200,742
reset,reset,Ssh,11250,737
reset,reset,Ssh,11300,723
reset,reset,Ssh,11350,727
reset,reset,Ssh,11400,716
reset,reset,Ssh,11450,696
reset,reset,Ssh,11500,694
reset,reset,Ssh,11550,692
reset,reset,Ssh,11600,678
reset,reset,Ssh,11650,676
reset,reset,Ssh,11700,665
reset,reset,Ssh,11750,648
reset,reset,Ssh,11800,646
reset,reset,Ssh,11850,638
reset,reset,Ssh,11900,630
reset,reset,Ssh,11950,631
reset,reset,Ssh,12000,620
reset,reset,Ssh,12050,603
reset,reset,Ssh,12100,598
reset,reset,Ssh,12150,584
reset,reset,Ssh,12200,576
reset,reset,Ssh,12250,574
reset,reset,Ssh,12300,566
reset,reset,Ssh,12350,552
reset,reset,Ssh,12400,550
reset,reset,Ssh,12450,539
reset,reset,Ssh,12500,531
reset,reset,Ssh,12550,529
reset,reset,Ssh,12600,521
reset,reset,Ssh,12650,507
reset,reset,Ssh,12700,505
reset,reset,Ssh,12750,494
reset,reset,Ssh,12800,486
reset,reset,Ssh,12850,484
reset,reset,Ssh,12900,476
reset,reset,Ssh,12950,462
reset,reset,Ssh,13000,460
reset,reset,Ssh,13050,449
reset,reset,Ssh,13100,441
reset,reset,Ssh,13150,439
reset,reset,Ssh,13200,431
reset,reset,Ssh,13250,417
reset,reset,Ssh,13300,415
reset,reset,Ssh,13350,404
reset,reset,Ssh,13400,396
reset,reset,Ssh,13450,394
reset,reset,Ssh,13500,386
reset,reset,Ssh,13550,372
reset,reset,Ssh,13600,370
reset,reset,Ssh,13650,359
reset,reset,Ssh,13700,351
reset,reset,Ssh,13750,349
reset,reset,Ssh,13800,341
reset,reset,Ssh,13850,327
reset,reset,Ssh,13900,325
reset,reset,Ssh,13950,314
reset,reset,Ssh,14000,306
reset,reset,Ssh,14050,304
reset,reset,Ssh,14100,296
reset,reset,Ssh,14150,282
reset,reset,Ssh,14200,280
reset,reset,Ssh,14250,269
reset,reset,Ssh,14300,261
reset,reset,Ssh,14350,259
reset,reset,Ssh,14400,251
reset,reset,Ssh,14450,237
reset,reset,Ssh,14500,235
reset,reset,Ssh,14550,224
reset,reset,Ssh,14600,216
reset,reset,Ssh,14650,214
reset,reset,Ssh,14700,206
reset,reset,Ssh,14750,192
reset,reset,Ssh,14800,190
reset,reset,Ssh,14850,179
reset,reset,Ssh,14900,171
reset,reset,Ssh,14950,169
reset,reset,Ssh,15000,161
reset,reset,Ssh,15050,147
reset,reset,Ssh,15100,145
reset,reset,Ssh,15150,134
reset,reset,Ssh,15200,126
reset,reset,Ssh,15250,124
reset,reset,Ssh,15300,116
reset,reset,Ssh,15350,102
reset,reset,Ssh,15400,100
reset,reset,Ssh,15450,89
reset,reset,Ssh,15500,81
reset,reset,Ssh,15550,79
reset,reset,Ssh,15600,71
reset,reset,Ssh,15650,57
reset,reset,Ssh,15700,55
reset,reset,Ssh,15750,44
reset,reset,Ssh,15800,36
reset,reset,Ssh,15850,34
reset,reset,Ssh,15900,26
reset,reset,Ssh,15950,34
reset,reset,Ssh,16000,30
reset,reset,Ssh,16050,34
reset,reset,Ssh,16100,50
reset,reset,Ssh,16150,25
reset,reset,Ssh,16200,37
reset,reset,Ssh,16250,37
reset,reset,Ssh,16300,30
reset,reset,Ssh,16350,34
reset,reset,Ssh,16400,50
reset,reset,Ssh,16450,25
reset,reset,Ssh,16500,37
reset,reset,Ssh,16550,37
reset,reset,Ssh,16600,30
reset,reset,Ssh,16650,34
reset,reset,Ssh,16700,50
reset,reset,Ssh,16750,25
reset,reset,Ssh,16800,37
reset,reset,Ssh,16850,37
reset,reset,Ssh,16900,30
reset,reset,Ssh,16950,34
reset,reset,Ssh,17000,50
reset,reset,Ssh,17050,25
reset,reset,Ssh,17100,37
reset,reset,Ssh,17150,37
reset,reset,Ssh,17200,30
reset,reset,Ssh,17250,34
reset,reset,Ssh,17300,50
reset,reset,Ssh,17350,25
reset,reset,Ssh,17400,37
reset,reset,Ssh,17450,37
reset,reset,Ssh,17500,30
reset,reset,Ssh,17550,34
reset,reset,Ssh,17600,50
reset,reset,Ssh,17650,25
reset,reset,Ssh,17700,37
reset,reset,Ssh,17750,37
reset,reset,Ssh,17800,30
reset,reset,Ssh,17850,34
reset,reset,Ssh,17900,50
reset,reset,Ssh,17950,25
reset,reset,Ssh,18000,37
reset,reset,Ssh,18050,37
reset,reset,Ssh,18100,30
reset,reset,Ssh,18150,34
reset,reset,Ssh,18200,50
reset,reset,Ssh,18250,25
reset,reset,Ssh,18300,37
reset,reset,Ssh,18350,37
reset,reset,Ssh,18400,30
reset,reset,Ssh,18450,34
reset,reset,Ssh,18500,50
reset,reset,Ssh,18550,25
reset,reset,Ssh,18600,37
reset,reset,Ssh,18650,37
reset,reset,Ssh,18700,30
reset,reset,Ssh,18750,34
reset,reset,Ssh,18800,50
reset,reset,Ssh,18850,25
reset,reset,Ssh,18900,37
reset,reset,Ssh,18950,37
reset,reset,Ssh,19000,30
reset,reset,Ssh,19050,34
reset,reset,Ssh,19100,50
reset,reset,Ssh,19150,25
reset,reset,Ssh,19200,37
reset,reset,Ssh,19250,37
reset,reset,Ssh,19300,30
reset,reset,Ssh,19350,34
reset,reset,Ssh,19400,50
reset,reset,Ssh,19450,25
reset,reset,Ssh,19500,37
reset,reset,Ssh,19550,37
reset,reset,Ssh,19600,30
reset,reset,Ssh,19650,34
reset,reset,Ssh,19700,50
reset,reset,Ssh,19750,25
reset,reset,Ssh,19800,37
reset,reset,Ssh,19850,37
reset,reset,Ssh,19900,30
reset,reset,Ssh,19950,34
reset,reset,Ssh,20000,50
reset,reset,Ssh,20050,25
reset,reset,Ssh,20100,37
reset,reset,Ssh,20150,37
reset,reset,Ssh,20200,30
reset,reset,Ssh,20250,34
reset,reset,Ssh,20300,50
reset,reset,Ssh,20350,25
reset,reset,Ssh,20400,37
reset,reset,Ssh,20450,37
reset,reset,Ssh,20500,30
reset,reset,Ssh,20550,34
reset,reset,Ssh,20600,50
reset,reset,Ssh,20650,25
reset,reset,Ssh,20700,37
reset,reset,Ssh,20750,37
reset,reset,Ssh,20800,30
reset,reset,Ssh,20850,34
reset,reset,Ssh,20900,50
reset,reset,Ssh,20950,25
reset,reset,Ssh,21000,37
reset,reset,Ssh,21050,37
reset,reset,Ssh,21100,30
reset,reset,Ssh,21150,34
reset,reset,Ssh,21200,50
reset,reset,Ssh,21250,25
reset,reset,Ssh,21300,37
reset,reset,Ssh,21350,37
reset,reset,Ssh,21400,30
reset,reset,Ssh,21450,34
reset,reset,Ssh,21500,50
reset,reset,Ssh,21550,25
reset,reset,Ssh,21600,37
reset,reset,Ssh,21650,37
reset,reset,Ssh,21700,30
reset,reset,Ssh,21750,34
reset,reset,Ssh,21800,50
reset,reset,Ssh,21850,25
reset,reset,Ssh,21900,37
reset,reset,Ssh,21950,37
reset,reset,Ssh,22000,30
reset,reset,Ssh,22050,34
reset,reset,Ssh,22100,50
reset,reset,Ssh,22150,25
reset,reset,Ssh,22200,37
reset,reset,Ssh,22250,37
reset,reset,Ssh,22300,30
reset,reset,Ssh,22350,34
reset,reset,Ssh,22400,50
reset,reset,Ssh,22450,25
reset,reset,Ssh,22500,37
reset,reset,Ssh,22550,37
reset,reset,Ssh,22600,30
reset,reset,Ssh,22650,34
reset,reset,Ssh,22700,50
reset,reset,Ssh,22750,25
reset,reset,Ssh,22800,37
reset,reset,Ssh,22850,37
reset,reset,Ssh,22900,30
reset,reset,Ssh,22950,34
reset,reset,Ssh,23000,50
reset,reset,Ssh,23050,25
reset,reset,Ssh,23100,37
reset,reset,Ssh,23150,37
reset,reset,Ssh,23200,30
reset,reset,Ssh,23250,34
reset,reset,Ssh,23300,50
reset,reset,Ssh,23350,25
reset,reset,Ssh,23400,37
reset,reset,Ssh,23450,37
reset,reset,Ssh,23500,30
reset,reset,Ssh,23550,34
reset,reset,Ssh,23600,50
reset,reset,Ssh,23650,25
reset,reset,Ssh,23700,37
reset,reset,Ssh,23750,37
reset,reset,Ssh,23800,30
reset,reset,Ssh,23850,34
reset,reset,Ssh,23900,50
reset,reset,Ssh,23950,25
reset,reset,Ssh,24000,37
reset,reset,Ssh,24050,37
reset,reset,Ssh,24100,30
reset,reset,Ssh,24150,34
reset,reset,Ssh,24200,50
reset,reset,Ssh,24250,25
reset,reset,Ssh,24300,37
reset,reset,Ssh,24350,37
reset,reset,Ssh,24400,30
reset,reset,Ssh,24450,34
reset,reset,Ssh,24500,50
reset,reset,Ssh,24550,25
reset,reset,Ssh,24600,37
reset,reset,Ssh,24650,37
reset,reset,Ssh,24700,30
reset,reset,Ssh,24750,34
reset,reset,Ssh,24800,50
reset,reset,Ssh,24850,25
reset,reset,Ssh,24900,37
reset,reset,Ssh,24950,37
reset,reset,Ssh,25000,30
reset,reset,Ssh,25050,34
reset,reset,Ssh,25100,50
reset,reset,Ssh,25150,25
reset,reset,Ssh,25200,37
reset,reset,Ssh,25250,37
reset,reset,Ssh,25300,30
reset,reset,Ssh,25350,34
reset,reset,Ssh,25400,50
reset,reset,Ssh,25450,25
reset,reset,Ssh,25500,37
reset,reset,Ssh,25550,37
reset,reset,Ssh,25600,30
reset,reset,Ssh,25650,34
reset,reset,Ssh,25700,50
reset,reset,Ssh,25750,25
reset,reset,Ssh,25800,37
reset,reset,Ssh,25850,37
reset,reset,Ssh,25900,30
reset,reset,Ssh,25950,34
reset,reset,Ssh,26000,50
reset,reset,Ssh,26050,25
reset,reset,Ssh,26100,37
reset,reset,Ssh,26150,37
reset,reset,Ssh,26200,30
reset,reset,Ssh,26250,34
reset,reset,Ssh,26300,50
reset,reset,Ssh,26350,25
reset,reset,Ssh,26400,37
reset,reset,Ssh,26450,37
reset,reset,Ssh,26500,30
reset,reset,Ssh,26550,34
reset,reset,Ssh,26600,50
reset,reset,Ssh,26650,25
reset,reset,Ssh,26700,37
reset,reset,Ssh,26750,37
reset,reset,Ssh,26800,30
reset,reset,Ssh,26850,34
reset,reset,Ssh,26900,50
reset,reset,Ssh,26950,25
reset,reset,Ssh,27000,37
reset,reset,Ssh,27050,37
reset,reset,Ssh,27100,30
reset,reset,Ssh,27150,34
reset,reset,Ssh,27200,50
reset,reset,Ssh,27250,25
reset,reset,Ssh,27300,37
reset,reset,Ssh,27350,37
reset,reset,Ssh,27400,30
reset,reset,Ssh,27450,34
reset,reset,Ssh,27500,50
reset,reset,Ssh,27550,25
reset,reset,Ssh,27600,37
reset,reset,Ssh,27650,37
reset,reset,Ssh,27700,30
reset,reset,Ssh,27750,34
reset,reset,Ssh,27800,50
reset,reset,Ssh,27850,25
reset,reset,Ssh,27900,37
reset,reset,Ssh,27950,37
reset,reset,Ssh,28000,30
reset,reset,Ssh,28050,34
reset,reset,Ssh,28100,50
reset,reset,Ssh,28150,25
reset,reset,Ssh,28200,37
reset,reset,Ssh,28250,37
reset,reset,Ssh,28300,30
reset,reset,Ssh,28350,34
reset,reset,Ssh,28400,50
reset,reset,Ssh,28450,25
reset,reset,Ssh,28500,37
reset,reset,Ssh,28550,37
reset,reset,Ssh,28600,30
reset,reset,Ssh,28650,34
reset,reset,Ssh,28700,50
reset,reset,Ssh,28750,25
reset,reset,Ssh,28800,37
reset,reset,Ssh,28850,37
reset,reset,Ssh,28900,30
reset,reset,Ssh,28950,34
reset,reset,Ssh,29000,50
reset,reset,Ssh,29050,25
reset,reset,Ssh,29100,37
reset,reset,Ssh,29150,37
reset,reset,Ssh,29200,30
reset,reset,Ssh,29250,34
reset,reset,Ssh,29300,50
reset,reset,Ssh,29350,25
reset,reset,Ssh,29400,37
reset,reset,Ssh,29450,37
reset,reset,Ssh,29500,30
reset,reset,Ssh,29550,34
reset,reset,Ssh,29600,43
reset,reset,Ssh,29650,24
reset,reset,Ssh,29700,40
reset,reset,Ssh,29750,30
reset,reset,Ssh,29800,30
reset,reset,Ssh,29850,39
reset,reset,Ssh,29900,43
reset,reset,Ssh,29950,24
reset,reset,Ssh,30000,40
reset,reset,Ssh,30050,30
reset,reset,Ssh,30100,30
reset,reset,Ssh,30150,39
reset,reset,Ssh,30200,43
reset,reset,Ssh,30250,24
reset,reset,Ssh,30300,40
reset,reset,Ssh,30350,30
reset,reset,Ssh,30400,30
reset,reset,Ssh,30450,39
reset,reset,Ssh,30500,43
reset,reset,Ssh,30550,24
reset,reset,Ssh,30600,40
reset,reset,Ssh,30650,30
reset,reset,Ssh,30700,30
reset,reset,Ssh,30750,39
reset,reset,Ssh,30800,43
reset,reset,Ssh,30850,24
reset,reset,Ssh,30900,40
reset,reset,Ssh,30950,30
reset,reset,Ssh,31000,30
reset,reset,Ssh,31050,39
reset,reset,Ssh,31100,43
reset,reset,Ssh,31150,24
reset,reset,Ssh,31200,40
reset,reset,Ssh,31250,30
reset,reset,Ssh,31300,30
reset,reset,Ssh,31350,39
reset,reset,Ssh,31400,43
reset,reset,Ssh,31450,24
reset,reset,Ssh,31500,40
reset,reset,Ssh,31550,30
reset,reset,Ssh,31600,30
reset,reset,Ssh,31650,39
reset,reset,Ssh,31700,43
reset,reset,Ssh,31750,24
reset,reset,Ssh,31800,40
reset,reset,Ssh,31850,30
reset,reset,Ssh,31900,30
reset,reset,Ssh,31950,39
reset,reset,Ssh,32000,43
reset,reset,Ssh,32050,24
reset,reset,Ssh,32100,40
reset,reset,Ssh,32150,30
reset,reset,Ssh,32200,30
reset,reset,Ssh,32250,39
reset,reset,Ssh,32300,43
reset,reset,Ssh,32350,24
reset,reset,Ssh,32400,40
reset,reset,Ssh,32450,30
reset,reset,Ssh,32500,30
reset,reset,Ssh,32550,39
reset,reset,Ssh,32600,43
reset,reset,Ssh,32650,24
reset,reset,Ssh,32700,40
reset,reset,Ssh,32750,30
reset,reset,Ssh,32800,30
reset,reset,Ssh,32850,39
reset,reset,Ssh,32900,43
reset,reset,Ssh,32950,24
reset,reset,Ssh,33000,40
reset,reset,Ssh,33050,30
reset,reset,Ssh,33100,30
reset,reset,Ssh,33150,39
reset,reset,Ssh,33200,43
reset,reset,Ssh,33250,24
reset,reset,Ssh,33300,40
reset,reset,Ssh,33350,30
reset,reset,Ssh,33400,30
reset,reset,Ssh,33450,39
reset,reset,Ssh,33500,43
reset,reset,Ssh,33550,24
reset,reset,Ssh,33600,40
reset,reset,Ssh,33650,30
reset,reset,Ssh,33700,30
reset,reset,Ssh,33750,39
reset,reset,Ssh,33800,43
reset,reset,Ssh,33850,24
reset,reset,Ssh,33900,40
reset,reset,Ssh,33950,30
reset,control,Http,0,51
reset,control,Http,30,70
reset,control,Http,60,72
reset,control,Http,90,78
reset,control,Http,120,77
reset,control,Http,150,95
reset,control,Http,180,97
reset,control,Http,210,102
reset,control,Http,240,101
reset,control,Http,270,109
reset,control,Http,300,128
reset,control,Http,330,133
reset,control,Http,360,132
reset,control,Http,390,135
reset,control,Http,420,151
reset,control,Http,450,156
reset,control,Http,480,155
reset,control,Http,510,159
reset,control,Http,540,168
reset,control,Http,570,164
reset,control,Http,600,166
reset,control,Http,630,188
reset,control,Http,660,194
reset,control,Http,690,193
reset,control,Http,720,195
reset,control,Http,750,202
reset,control,Http,780,219
reset,control,Http,810,221
reset,control,Http,840,220
reset,control,Http,870,225
reset,control,Http,900,225
reset,control,Http,930,247
reset,control,Http,960,249
reset,control,Http,990,255
reset,control,Http,1020,255
reset,control,Http,1050,272
reset,control,Http,1080,277
reset,control,Http,1110,279
reset,control,Http,1140,278
reset,control,Http,1170,281
reset,control,Http,1200,286
reset,control,Http,1230,288
reset,control,Http,1260,309
reset,control,Http,1290,312
reset,control,Http,1320,317
reset,control,Http,1350,316
reset,control,Http,1380,332
reset,control,Http,1410,335
reset,control,Http,1440,340
reset,control,Http,1470,339
reset,control,Http,1500,345
reset,control,Http,1530,366
reset,control,Http,1560,371
reset,control,Http,1590,370
reset,control,Http,1620,372
reset,control,Http,1650,379
reset,control,Http,1680,391
reset,control,Http,1710,376
reset,control,Http,1740,358
reset,control,Http,1770,359
reset,control,Http,1800,365
reset,control,Http,1830,348
reset,control,Http,1860,351
reset,control,Http,1890,334
reset,control,Http,1920,334
reset,control,Http,1950,332
reset,control,Http,1980,323
reset,control,Http,2000,312
reset,control,Http,2038,312
reset,control,Http,2075,302
reset,control,Http,2112,280
reset,control,Http,2150,270
reset,control,Http,2188,253
reset,control,Http,2225,243
reset,control,Http,2262,237
reset,control,Http,2300,211
reset,control,Http,2338,204
reset,control,Http,2375,185
reset,control,Http,2412,176
reset,control,Http,2450,156
reset,control,Http,2488,150
reset,control,Http,2525,125
reset,control,Http,2562,121
reset,control,Http,2600,98
reset,control,Http,2638,91
reset,control,Http,2675,66
reset,control,Http,2712,60
reset,control,Http,2750,58
reset,control,Http,2788,29
reset,control,Http,2825,32
reset,control,Http,2862,35
reset,control,Http,2900,50
reset,control,Http,2938,42
reset,control,Http,2975,41
reset,control,Http,3012,44
reset,control,Http,3050,28
reset,control,Http,3088,26
reset,control,Http,3125,29
reset,control,Http,3162,35
reset,control,Http,3200,47
reset,control,Http,3238,45
reset,control,Http,3275,38
reset,control,Http,3312,41
reset,control,Http,3350,28
reset,control,Http,3388,26
reset,control,Http,3425,29
reset,control,Http,3462,35
reset,control,Http,3500,41
reset,control,Http,3538,33
reset,control,Http,3575,20
reset,control,Http,3612,26
reset,control,Http,3650,25
reset,control,Http,3688,23
reset,control,Http,3725,23
reset,control,Http,3762,26
reset,control,Http,3800,44
reset,control,Http,3838,30
reset,control,Http,3875,20
reset,control,Http,3912,26
reset,control,Http,3950,28
reset,control,Http,3988,23
reset,control,Http,4025,23
reset,control,Http,4062,26
reset,control,Http,4100,35
reset,control,Http,4138,27
reset,control,Http,4175,23
reset,control,Http,4212,23
reset,control,Http,4250,28
reset,control,Http,4288,20
reset,control,Http,4325,23
reset,control,Http,4362,23
reset,control,Http,4400,35
reset,control,Http,4438,27
reset,control,Http,4475,23
reset,control,Http,4512,23
reset,control,Http,4550,28
reset,control,Http,4588,20
reset,control,Http,4625,23
reset,control,Http,4662,23
reset,control,Http,4700,35
reset,control,Http,4738,27
reset,control,Http,4775,23
reset,control,Http,4812,23
reset,control,Http,4850,28
reset,control,Http,4888,20
reset,control,Http,4925,23
reset,control,Http,4962,23
reset,control,Http,5000,43
reset,control,Http,5038,32
reset,control,Http,5075,36
reset,control,Http,5112,28
reset,control,Http,5150,31
reset,control,Http,5188,27
reset,control,Http,5225,28
reset,control,Http,5262,28
reset,control,Http,5300,42
reset,control,Http,5338,33
reset,control,Http,5375,37
reset,control,Http,5412,29
reset,control,Http,5450,32
reset,control,Http,5488,27
reset,control,Http,5525,28
reset,control,Http,5562,28
reset,control,Http,5600,42
reset,control,Http,5638,33
reset,control,Http,5675,37
reset,control,Http,5712,29
reset,control,Http,5750,32
reset,control,Http,5788,27
reset,control,Http,5825,28
reset,control,Http,5862,28
reset,control,Http,5900,42
reset,control,Http,5938,33
reset,control,Http,5975,37
reset,control,Http,6012,29
reset,control,Http,6050,32
reset,control,Http,6088,27
reset,control,Http,6125,28
reset,control,Http,6162,28
reset,control,Http,6200,42
reset,control,Http,6238,33
reset,control,Http,6275,37
reset,control,Http,6312,29
reset,control,Http,6350,32
reset,control,Http,6388,27
reset,control,Http,6425,28
reset,control,Http,6462,28
reset,control,Http,6500,42
reset,control,Http,6538,33
reset,control,Http,6575,37
reset,control,Http,6612,29
reset,control,Http,6650,32
reset,control,Http,6688,27
reset,control,Http,6725,28
reset,control,Http,6762,28
reset,control,Http,6800,42
reset,control,Http,6838,33
reset,control,Http,6875,37
reset,control,Http,6912,29
reset,control,Http,6950,32
reset,control,Http,6988,27
reset,control,Http,7025,28
reset,control,Http,7062,28
reset,control,Http,7100,42
reset,control,Http,7138,33
reset,control,Http,7175,37
reset,control,Http,7212,29
reset,control,Http,7250,32
reset,control,Http,7288,27
reset,control,Http,7325,28
reset,control,Http,7362,28
reset,control,Http,7400,42
reset,control,Http,7438,33
reset,control,Http,7475,37
reset,control,Http,7512,29
reset,control,Http,7550,32
reset,control,Http,7588,27
reset,control,Http,7625,28
reset,control,Http,7662,28
reset,control,Http,7700,42
reset,control,Http,7738,33
reset,control,Http,7775,37
reset,control,Http,7812,29
reset,control,Http,7850,32
reset,control,Http,7888,27
reset,control,Http,7925,28
reset,control,Http,7962,28
reset,control,Http,8000,42
reset,control,Http,8038,33
reset,control,Http,8075,37
reset,control,Http,8112,29
reset,control,Http,8150,32
reset,control,Http,8188,27
reset,control,Http,8225,28
reset,control,Http,8262,28
reset,control,Http,8300,42
reset,control,Http,8338,33
reset,control,Http,8375,37
reset,control,Http,8412,29
reset,control,Http,8450,32
reset,control,Http,8488,27
reset,control,Http,8525,28
reset,control,Http,8562,28
reset,control,Http,8600,42
reset,control,Http,8638,33
reset,control,Http,8675,37
reset,control,Http,8712,29
reset,control,Http,8750,32
reset,control,Http,8788,27
reset,control,Http,8825,28
reset,control,Http,8862,28
reset,control,Http,8900,42
reset,control,Http,8938,33
reset,control,Http,8975,37
reset,control,Http,9012,29
reset,control,Http,9050,32
reset,control,Http,9088,27
reset,control,Http,9125,28
reset,control,Http,9162,28
reset,control,Http,9200,42
reset,control,Http,9238,33
reset,control,Http,9275,37
reset,control,Http,9312,29
reset,control,Http,9350,32
reset,control,Http,9388,27
reset,control,Http,9425,28
reset,control,Http,9462,28
reset,control,Http,9500,42
reset,control,Http,9538,33
reset,control,Http,9575,37
reset,control,Http,9612,29
reset,control,Http,9650,32
reset,control,Http,9688,27
reset,control,Http,9725,28
reset,control,Http,9762,28
reset,control,Http,9800,42
reset,control,Http,9838,33
reset,control,Http,9875,37
reset,control,Http,9912,29
reset,control,Http,9950,32
reset,control,Http,9988,27
reset,control,Http,10025,28
reset,control,Http,10062,28
reset,control,Http,10100,42
reset,control,Http,10138,33
reset,control,Http,10175,37
reset,control,Http,10212,29
reset,control,Http,10250,32
reset,control,Http,10288,27
reset,control,Http,10325,28
reset,control,Http,10362,28
reset,control,Http,10400,42
reset,control,Http,10438,33
reset,control,Http,10475,37
reset,control,Http,10512,29
reset,control,Http,10550,32
reset,control,Http,10588,27
reset,control,Http,10625,28
reset,control,Http,10662,28
reset,control,Http,10700,42
reset,control,Http,10738,33
reset,control,Http,10775,37
reset,control,Http,10812,29
reset,control,Http,10850,32
reset,control,Http,10888,27
reset,control,Http,10925,28
reset,control,Http,10962,28
reset,control,Http,11000,42
reset,control,Http,11038,33
reset,control,Http,11075,37
reset,control,Http,11112,29
reset,control,Http,11150,32
reset,control,Http,11188,27
reset,control,Http,11225,28
reset,control,Http,11262,28
reset,control,Http,11300,42
reset,control,Http,11338,33
reset,control,Http,11375,37
reset,control,Http,11412,29
reset,control,Http,11450,32
reset,control,Http,11488,27
reset,control,Http,11525,28
reset,control,Http,11562,28
reset,control,Http,11600,42
reset,control,Http,11638,33
reset,control,Http,11675,37
reset,control,Http,11712,29
reset,control,Http,11750,32
reset,control,Http,11788,27
reset,control,Http,11825,28
reset,control,Http,11862,28
reset,control,Http,11900,42
reset,control,Http,11938,33
reset,control,Http,11975,37
reset,control,Http,12012,29
reset,control,Http,12050,32
reset,control,Http,12088,27
reset,control,Http,12125,28
reset,control,Http,12162,28
reset,control,Http,12200,42
reset,control,Http,12238,33
reset,control,Http,12275,37
reset,control,Http,12312,29
reset,control,Http,12350,32
reset,control,Http,12388,27
reset,control,Http,12425,28
reset,control,Http,12462,28
reset,control,Http,12500,42
reset,control,Http,12538,33
reset,control,Http,12575,37
reset,control,Http,12612,29
reset,control,Http,12650,32
reset,control,Http,12688,27
reset,control,Http,12725,28
reset,control,Http,12762,28
reset,control,Http,12800,42
reset,control,Http,12838,33
reset,control,Http,12875,37
reset,control,Http,12912,29
reset,control,Http,12950,32
reset,control,Http,12988,27
reset,control,Http,13025,28
reset,control,Http,13062,28
reset,control,Http,13100,42
reset,control,Http,13138,33
reset,control,Http,13175,37
reset,control,Http,13212,29
reset,control,Http,13250,32
reset,control,Http,13288,27
reset,control,Http,13325,28
reset,control,Http,13362,28
reset,control,Http,13400,42
reset,control,Http,13438,33
reset,control,Http,13475,37
reset,control,Http,13512,29
reset,control,Http,13550,32
reset,control,Http,13588,27
reset,control,Http,13625,28
reset,control,Http,13662,28
reset,control,Http,13700,42
reset,control,Http,13738,33
reset,control,Http,13775,37
reset,control,Http,13812,29
reset,control,Http,13850,32
reset,control,Http,13888,27
reset,control,Http,13925,28
reset,control,Http,13962,28
reset,control,Http,14000,42
reset,control,Http,14038,33
reset,control,Http,14075,37
reset,control,Http,14112,29
reset,control,Http,14150,32
reset,control,Http,14188,27
reset,control,Http,14225,28
reset,control,Http,14262,28
reset,control,Http,14300,42
reset,control,Http,14338,33
reset,control,Http,14375,37
reset,control,Http,14412,29
reset,control,Http,14450,32
reset,control,Http,14488,27
reset,control,Http,14525,28
reset,control,Http,14562,28
reset,control,Http,14600,42
reset,control,Http,14638,33
reset,control,Http,14675,37
reset,control,Http,14712,29
reset,control,Http,14750,32
reset,control,Http,14788,27
reset,control,Http,14825,28
reset,control,Http,14862,28
reset,control,Http,14900,42
reset,control,Http,14938,33
reset,control,Http,14975,37
reset,control,Http,15012,29
reset,control,Http,15050,32
reset,control,Http,15088,27
reset,control,Http,15125,28
reset,control,Http,15162,28
reset,control,Http,15200,42
reset,control,Http,15238,33
reset,control,Http,15275,37
reset,control,Http,15312,29
reset,control,Http,15350,32
reset,control,Http,15388,27
reset,control,Http,15425,28
reset,control,Http,15462,28
reset,control,Http,15500,42
reset,control,Http,15538,33
reset,control,Http,15575,37
reset,control,Http,15612,29
reset,control,Http,15650,32
reset,control,Http,15688,27
reset,control,Http,15725,28
reset,control,Http,15762,28
reset,control,Http,15800,42
reset,control,Http,15838,33
reset,control,Http,15875,37
reset,control,Http,15912,29
reset,control,Http,15950,32
reset,control,Http,15988,27
reset,control,Http,16025,28
reset,control,Http,16062,28
reset,control,Http,16100,42
reset,control,Http,16138,33
reset,control,Http,16175,37
reset,control,Http,16212,29
reset,control,Http,16250,32
reset,control,Http,16288,27
reset,control,Http,16325,28
reset,control,Http,16362,28
reset,control,Http,16400,42
reset,control,Http,16438,33
reset,control,Http,16475,37
reset,control,Http,16512,29
reset,control,Http,16550,32
reset,control,Http,16588,27
reset,control,Http,16625,28
reset,control,Http,16662,28
reset,control,Http,16700,42
reset,control,Http,16738,33
reset,control,Http,16775,37
reset,control,Http,16812,29
reset,control,Http,16850,32
reset,control,Http,16888,27
reset,control,Http,16925,28
reset,control,Http,16962,28
reset,control,Http,17000,42
reset,control,Http,17038,33
reset,control,Http,17075,37
reset,control,Http,17112,29
reset,control,Http,17150,32
reset,control,Http,17188,27
reset,control,Http,17225,28
reset,control,Http,17262,28
reset,control,Http,17300,42
reset,control,Http,17338,33
reset,control,Http,17375,37
reset,control,Http,17412,29
reset,control,Http,17450,32
reset,control,Http,17488,27
reset,control,Http,17525,28
reset,control,Http,17562,28
reset,control,Http,17600,42
reset,control,Http,17638,33
reset,control,Http,17675,37
reset,control,Http,17712,29
reset,control,Http,17750,32
reset,control,Http,17788,27
reset,control,Http,17825,28
reset,control,Http,17862,28
reset,control,Http,17900,42
reset,control,Http,17938,33
reset,control,Http,17975,37
reset,control,Http,18012,29
reset,control,Http,18050,32
reset,control,Http,18088,27
reset,control,Http,18125,28
reset,control,Http,18162,28
reset,control,Http,18200,42
reset,control,Http,18238,33
reset,control,Http,18275,37
reset,control,Http,18312,29
reset,control,Http,18350,32
reset,control,Http,18388,27
reset,control,Http,18425,28
reset,control,Http,18462,28
reset,control,Http,18500,42
reset,control,Http,18538,33
reset,control,Http,18575,37
reset,control,Http,18612,29
reset,control,Http,18650,32
reset,control,Http,18688,27
reset,control,Http,18725,28
reset,control,Http,18762,28
reset,control,Http,18800,42
reset,control,Http,18838,33
reset,control,Http,18875,37
reset,control,Http,18912,29
reset,control,Http,18950,32
reset,control,Http,18988,27
reset,control,Http,19025,28
reset,control,Http,19062,28
reset,control,Http,19100,42
reset,control,Http,19138,33
reset,control,Http,19175,37
reset,control,Http,19212,29
reset,control,Http,19250,32
reset,control,Http,19288,27
reset,control,Http,19325,28
reset,control,Http,19362,28
reset,control,Http,19400,42
reset,control,Http,19438,33
reset,control,Http,19475,37
reset,control,Http,19512,29
reset,control,Http,19550,32
reset,control,Http,19588,27
reset,control,Http,19625,28
reset,control,Http,19662,28
reset,control,Http,19700,42
reset,control,Http,19738,33
reset,control,Http,19775,37
reset,control,Http,19812,29
reset,control,Http,19850,32
reset,control,Http,19888,27
reset,control,Http,19925,28
reset,control,Http,19962,28
reset,control,Http,20000,42
reset,control,Http,20038,33
reset,control,Http,20075,37
reset,control,Http,20112,29
reset,control,Http,20150,32
reset,control,Http,20188,27
reset,control,Http,20225,28
reset,control,Http,20262,28
reset,control,Http,20300,42
reset,control,Http,20338,33
reset,control,Http,20375,37
reset,control,Http,20412,29
reset,control,Http,20450,32
reset,control,Http,20488,27
reset,control,Http,20525,28
reset,control,Http,20562,28
reset,control,Http,20600,42
reset,control,Http,20638,33
reset,control,Http,20675,37
reset,control,Http,20712,29
reset,control,Http,20750,32
reset,control,Http,20788,27
reset,control,Http,20825,28
reset,control,Http,20862,28
reset,control,Http,20900,42
reset,control,Http,20938,33
reset,control,Http,20975,37
reset,control,Http,21012,29
reset,control,Http,21050,32
reset,control,Http,21088,27
reset,control,Http,21125,28
reset,control,Http,21162,28
reset,control,Http,21200,42
reset,control,Http,21238,33
reset,control,Http,21275,37
reset,control,Http,21312,29
reset,control,Http,21350,32
reset,control,Http,21388,27
reset,control,Http,21425,28
reset,control,Http,21462,28
reset,control,Http,21500,42
reset,control,Http,21538,33
reset,control,Http,21575,37
reset,control,Http,21612,29
reset,control,Http,21650,32
reset,control,Http,21688,27
reset,control,Http,21725,28
reset,control,Http,21762,28
reset,control,Http,21800,42
reset,control,Http,21838,33
reset,control,Http,21875,37
reset,control,Http,21912,29
reset,control,Http,21950,32
reset,control,Http,21988,27
reset,control,Http,22025,28
reset,control,Http,22062,28
reset,control,Http,22100,42
reset,control,Http,22138,33
reset,control,Http,22175,37
reset,control,Http,22212,29
reset,control,Http,22250,32
reset,control,Http,22288,27
reset,control,Http,22325,28
reset,control,Http,22362,28
reset,control,Http,22400,42
reset,control,Http,22438,33
reset,control,Http,22475,37
reset,control,Http,22512,29
reset,control,Http,22550,32
reset,control,Http,22588,27
reset,control,Http,22625,28
reset,control,Http,22662,28
reset,control,Http,22700,42
reset,control,Http,22738,33
reset,control,Http,22775,37
reset,control,Http,22812,29
reset,control,Http,22850,32
reset,control,Http,22888,27
reset,control,Http,22925,28
reset,control,Http,22962,28
reset,control,Http,23000,42
reset,control,Http,23038,33
reset,control,Http,23075,37
reset,control,Http,23112,29
reset,control,Http,23150,32
reset,control,Http,23188,27
reset,control,Http,23225,28
reset,control,Http,23262,28
reset,control,Http,23300,42
reset,control,Http,23338,33
reset,control,Http,23375,37
reset,control,Http,23412,29
reset,control,Http,23450,32
reset,control,Http,23488,27
reset,control,Http,23525,28
reset,control,Http,23562,28
reset,control,Http,23600,42
reset,control,Http,23638,33
reset,control,Http,23675,37
reset,control,Http,23712,29
reset,control,Http,23750,32
reset,control,Http,23788,27
reset,control,Http,23825,28
reset,control,Http,23862,28
reset,control,Http,23900,42
reset,control,Http,23938,33
reset,control,Http,23975,37
reset,control,Http,24012,29
reset,control,Http,24050,32
reset,control,Http,24088,27
reset,control,Http,24125,28
reset,control,Http,24162,28
reset,control,Http,24200,42
reset,control,Http,24238,33
reset,control,Http,24275,37
reset,control,Http,24312,29
reset,control,Http,24350,32
reset,control,Http,24388,27
reset,control,Http,24425,28
reset,control,Http,24462,28
reset,control,Http,24500,42
reset,control,Http,24538,33
reset,control,Http,24575,37
reset,control,Http,24612,29
reset,control,Http,24650,32
reset,control,Http,24688,27
reset,control,Http,24725,28
reset,control,Http,24762,28
reset,control,Http,24800,42
reset,control,Http,24838,33
reset,control,Http,24875,37
reset,control,Http,24912,29
reset,control,Http,24950,32
reset,control,Http,24988,27
reset,control,Http,25025,28
reset,control,Http,25062,28
reset,control,Http,25100,42
reset,control,Http,25138,33
reset,control,Http,25175,37
reset,control,Http,25212,29
reset,control,Http,25250,32
reset,control,Http,25288,27
reset,control,Http,25325,28
reset,control,Http,25362,28
reset,control,Http,25400,42
reset,control,Http,25438,33
reset,control,Http,25475,37
reset,control,Http,25512,29
reset,control,Http,25550,32
reset,control,Http,25588,27
reset,control,Http,25625,28
reset,control,Http,25662,28
reset,control,Http,25700,42
reset,control,Http,25738,33
reset,control,Http,25775,37
reset,control,Http,25812,29
reset,control,Http,25850,32
reset,control,Http,25888,27
reset,control,Http,25925,28
reset,control,Http,25962,28
reset,control,Http,26000,42
reset,control,Http,26038,33
reset,control,Http,26075,37
reset,control,Http,26112,29
reset,control,Http,26150,32
reset,control,Http,26188,27
reset,control,Http,26225,28
reset,control,Http,26262,28
reset,control,Http,26300,42
reset,control,Http,26338,33
reset,control,Http,26375,37
reset,control,Http,26412,29
reset,control,Http,26450,32
reset,control,Http,26488,27
reset,control,Http,26525,28
reset,control,Http,26562,28
reset,control,Http,26600,42
reset,control,Http,26638,33
reset,control,Http,26675,37
reset,control,Http,26712,29
reset,control,Http,26750,32
reset,control,Http,26788,27
reset,control,Http,26825,28
reset,control,Http,26862,28
reset,control,Http,26900,42
reset,control,Http,26938,33
reset,control,Http,26975,37
reset,control,Http,27012,29
reset,control,Http,27050,32
reset,control,Http,27088,27
reset,control,Http,27125,28
reset,control,Http,27162,28
reset,control,Http,27200,42
reset,control,Http,27238,33
reset,control,Http,27275,37
reset,control,Http,27312,29
reset,control,Http,27350,32
reset,control,Http,27388,27
reset,control,Http,27425,28
reset,control,Http,27462,28
reset,control,Http,27500,42
reset,control,Http,27538,33
reset,control,Http,27575,37
reset,control,Http,27612,29
reset,control,Http,27650,32
reset,control,Http,27688,27
reset,control,Http,27725,28
reset,control,Http,27762,28
reset,control,Http,27800,42
reset,control,Http,27838,33
reset,control,Http,27875,37
reset,control,Http,27912,29
reset,control,Http,27950,32
reset,control,Http,27988,27
reset,control,Http,28025,28
reset,control,Http,28062,28
reset,control,Http,28100,42
reset,control,Http,28138,33
reset,control,Http,28175,37
reset,control,Http,28212,29
reset,control,Http,28250,32
reset,control,Http,28288,27
reset,control,Http,28325,28
reset,control,Http,28362,28
reset,control,Http,28400,42
reset,control,Http,28438,33
reset,control,Http,28475,37
reset,control,Http,28512,29
reset,control,Http,28550,32
reset,control,Http,28588,27
reset,control,Http,28625,28
reset,control,Http,28662,28
reset,control,Http,28700,42
reset,control,Http,28738,33
reset,control,Http,28775,37
reset,control,Http,28812,29
reset,control,Http,28850,32
reset,control,Http,28888,27
reset,control,Http,28925,28
reset,control,Http,28962,28
reset,control,Http,29000,42
reset,control,Http,29038,33
reset,control,Http,29075,37
reset,control,Http,29112,29
reset,control,Http,29150,32
reset,control,Http,29188,27
reset,control,Http,29225,28
reset,control,Http,29262,28
reset,control,Http,29300,42
reset,control,Http,29338,33
reset,control,Http,29375,37
reset,control,Http,29412,29
reset,control,Http,29450,32
reset,control,Http,29488,27
reset,control,Http,29525,28
reset,control,Http,29562,28
reset,control,Http,29600,42
reset,control,Http,29638,33
reset,control,Http,29675,37
reset,control,Http,29712,29
reset,control,Http,29750,32
reset,control,Http,29788,27
reset,control,Http,29825,28
reset,control,Http,29862,28
reset,control,Http,29900,42
reset,control,Http,29938,33
reset,control,Http,29975,37
reset,control,Http,30012,29
reset,control,Http,30050,32
reset,control,Http,30088,27
reset,control,Http,30125,28
reset,control,Http,30162,28
reset,control,Http,30200,42
reset,control,Http,30238,33
reset,control,Http,30275,37
reset,control,Http,30312,29
reset,control,Http,30350,32
reset,control,Http,30388,27
reset,control,Http,30425,28
reset,control,Http,30462,28
reset,control,Http,30500,42
reset,control,Http,30538,33
reset,control,Http,30575,37
reset,control,Http,30612,29
reset,control,Http,30650,32
reset,control,Http,30688,27
reset,control,Http,30725,28
reset,control,Http,30762,28
reset,control,Http,30800,42
reset,control,Http,30838,33
reset,control,Http,30875,37
reset,control,Http,30912,29
reset,control,Http,30950,32
reset,control,Http,30988,27
reset,control,Http,31025,28
reset,control,Http,31062,28
reset,control,Http,31100,42
reset,control,Http,31138,33
reset,control,Http,31175,37
reset,control,Http,31212,29
reset,control,Http,31250,32
reset,control,Http,31288,27
reset,control,Http,31325,28
reset,control,Http,31362,28
reset,control,Http,31400,42
reset,control,Http,31438,33
reset,control,Http,31475,37
reset,control,Http,31512,29
reset,control,Http,31550,32
reset,control,Http,31588,27
reset,control,Http,31625,28
reset,control,Http,31662,28
reset,control,Http,31700,42
reset,control,Http,31738,33
reset,control,Http,31775,37
reset,control,Http,31812,29
reset,control,Http,31850,32
reset,control,Http,31888,27
reset,control,Http,31925,28
reset,control,Http,31962,28
reset,control,Http,32000,42
reset,control,Http,32038,33
reset,control,Http,32075,37
reset,control,Http,32112,29
reset,control,Http,32150,32
reset,control,Http,32188,27
reset,control,Http,32225,28
reset,control,Http,32262,28
reset,control,Http,32300,42
reset,control,Http,32338,33
reset,control,Http,32375,37
reset,control,Http,32412,29
reset,control,Http,32450,32
reset,control,Http,32488,27
reset,control,Http,32525,28
reset,control,Http,32562,28
reset,control,Http,32600,42
reset,control,Http,32638,33
reset,control,Http,32675,37
reset,control,Http,32712,29
reset,control,Http,32750,32
reset,control,Http,32788,27
reset,control,Http,32825,28
reset,control,Http,32862,28
reset,control,Http,32900,42
reset,control,Http,32938,33
reset,control,Http,32975,37
reset,control,Http,33012,29
reset,control,Http,33050,32
reset,control,Http,33088,27
reset,control,Http,33125,28
reset,control,Http,33162,28
reset,control,Http,33200,42
reset,control,Http,33238,33
reset,control,Http,33275,37
reset,control,Http,33312,29
reset,control,Http,33350,32
reset,control,Http,33388,27
reset,control,Http,33425,28
reset,control,Http,33462,28
reset,control,Http,33500,42
reset,control,Http,33538,33
reset,control,Http,33575,37
reset,control,Http,33612,29
reset,control,Http,33650,32
reset,control,Http,33688,27
reset,control,Http,33725,28
reset,control,Http,33762,28
reset,control,Http,33800,42
reset,control,Http,33838,33
reset,control,Http,33875,37
reset,control,Http,33912,29
reset,control,Http,33950,32
reset,control,Http,33988,27
reset,reset,Http,0,51
reset,reset,Http,30,70
reset,reset,Http,60,72
reset,reset,Http,90,78
reset,reset,Http,120,77
reset,reset,Http,150,95
reset,reset,Http,180,97
reset,reset,Http,210,102
reset,reset,Http,240,101
reset,reset,Http,270,109
reset,reset,Http,300,128
reset,reset,Http,330,133
reset,reset,Http,360,132
reset,reset,Http,390,135
reset,reset,Http,420,151
reset,reset,Http,450,156
reset,reset,Http,480,155
reset,reset,Http,510,159
reset,reset,Http,540,168
reset,reset,Http,570,164
reset,reset,Http,600,166
reset,reset,Http,630,188
reset,reset,Http,660,194
reset,reset,Http,690,193
reset,reset,Http,720,195
reset,reset,Http,750,202
reset,reset,Http,780,219
reset,reset,Http,810,221
reset,reset,Http,840,220
reset,reset,Http,870,225
reset,reset,Http,900,225
reset,reset,Http,930,247
reset,reset,Http,960,249
reset,reset,Http,990,255
reset,reset,Http,1020,255
reset,reset,Http,1050,272
reset,reset,Http,1080,277
reset,reset,Http,1110,279
reset,reset,Http,1140,278
reset,reset,Http,1170,281
reset,reset,Http,1200,286
reset,reset,Http,1230,288
reset,reset,Http,1260,309
reset,reset,Http,1290,312
reset,reset,Http,1320,317
reset,reset,Http,1350,316
reset,reset,Http,1380,332
reset,reset,Http,1410,335
reset,reset,Http,1440,340
reset,reset,Http,1470,339
reset,reset,Http,1500,345
reset,reset,Http,1530,366
reset,reset,Http,1560,371
reset,reset,Http,1590,370
reset,reset,Http,1620,372
reset,reset,Http,1650,2925
reset,reset,Http,1680,3169
reset,reset,Http,1710,3154
reset,reset,Http,1740,3142
reset,reset,Http,1770,3121
reset,reset,Http,1800,3103
reset,reset,Http,1830,3094
reset,reset,Http,1860,3070
reset,reset,Http,1890,3052
reset,reset,Http,1920,3049
reset,reset,Http,1950,3052
reset,reset,Http,1980,3037
reset,reset,Http,2000,3050
reset,reset,Http,2038,3042
reset,reset,Http,2075,3038
reset,reset,Http,2112,3034
reset,reset,Http,2150,3008
reset,reset,Http,2188,3003
reset,reset,Http,2225,2996
reset,reset,Http,2262,2995
reset,reset,Http,2300,2969
reset,reset,Http,2338,2964
reset,reset,Http,2375,2960
reset,reset,Http,2412,2956
reset,reset,Http,2450,2948
reset,reset,Http,2488,2943
reset,reset,Http,2525,2924
reset,reset,Http,2562,2920
reset,reset,Http,2600,2909
reset,reset,Http,2638,2904
reset,reset,Http,2675,2885
reset,reset,Http,2712,2881
reset,reset,Http,2750,2876
reset,reset,Http,2788,2868
reset,reset,Http,2825,2864
reset,reset,Http,2862,2839
reset,reset,Http,2900,2837
reset,reset,Http,2938,2832
reset,reset,Http,2975,2807
reset,reset,Http,3012,2803
reset,reset,Http,3050,2798
reset,reset,Http,3088,2790
reset,reset,Http,3125,2789
reset,reset,Http,3162,2791
reset,reset,Http,3200,2798
reset,reset,Http,3238,2799
reset,reset,Http,3275,2819
reset,reset,Http,3312,2824
reset,reset,Http,3350,2825
reset,reset,Http,3388,2826
reset,reset,Http,3425,2828
reset,reset,Http,3462,2851
reset,reset,Http,3500,2855
reset,reset,Http,3538,2856
reset,reset,Http,3575,2861
reset,reset,Http,3612,2884
reset,reset,Http,3650,2888
reset,reset,Http,3688,2889
reset,reset,Http,3725,2888
reset,reset,Http,3762,2893
reset,reset,Http,3800,2918
reset,reset,Http,3838,2919
reset,reset,Http,3875,2921
reset,reset,Http,3912,2926
reset,reset,Http,3950,2945
reset,reset,Http,3988,2946
reset,reset,Http,4025,2948
reset,reset,Http,4062,2953
reset,reset,Http,4100,2954
reset,reset,Http,4138,2955
reset,reset,Http,4175,2975
reset,reset,Http,4212,2983
reset,reset,Http,4250,2984
reset,reset,Http,4288,2985
reset,reset,Http,4325,3008
reset,reset,Http,4362,3010
reset,reset,Http,4400,3011
reset,reset,Http,4438,3015
reset,reset,Http,4475,3041
reset,reset,Http,4512,3049
reset,reset,Http,4550,3050
reset,reset,Http,4588,3078
reset,reset,Http,4625,3083
reset,reset,Http,4662,3106
reset,reset,Http,4700,3116
reset,reset,Http,4738,3117
reset,reset,Http,4775,3140
reset,reset,Http,4812,3148
reset,reset,Http,4850,3149
reset,reset,Http,4888,3145
reset,reset,Http,4925,3141
reset,reset,Http,4962,3143
reset,reset,Http,5000,3138
reset,reset,Http,5038,3133
reset,reset,Http,5075,3132
reset,reset,Http,5112,3128
reset,reset,Http,5150,3105
reset,reset,Http,5188,3100
reset,reset,Http,5225,3096
reset,reset,Http,5262,3098
reset,reset,Http,5300,3093
reset,reset,Http,5338,3088
reset,reset,Http,5375,3087
reset,reset,Http,5412,3083
reset,reset,Http,5450,3060
reset,reset,Http,5488,3055
reset,reset,Http,5525,3051
reset,reset,Http,5562,3053
reset,reset,Http,5600,3048
reset,reset,Http,5638,3040
reset,reset,Http,5675,3015
reset,reset,Http,5712,3011
reset,reset,Http,5750,3000
reset,reset,Http,5788,2977
reset,reset,Http,5825,2970
reset,reset,Http,5862,2963
reset,reset,Http,5900,2940
reset,reset,Http,5938,2926
reset,reset,Http,5975,2919
reset,reset,Http,6012,2897
reset,reset,Http,6050,2886
reset,reset,Http,6088,2878
reset,reset,Http,6125,2856
reset,reset,Http,6162,2849
reset,reset,Http,6200,2820
reset,reset,Http,6238,2815
reset,reset,Http,6275,2808
reset,reset,Http,6312,2783
reset,reset,Http,6350,2772
reset,reset,Http,6388,2764
reset,reset,Http,6425,2754
reset,reset,Http,6462,2735
reset,reset,Http,6500,2727
reset,reset,Http,6538,2698
reset,reset,Http,6575,2694
reset,reset,Http,6612,2687
reset,reset,Http,6650,2658
reset,reset,Http,6688,2653
reset,reset,Http,6725,2643
reset,reset,Http,6762,2633
reset,reset,Http,6800,2613
reset,reset,Http,6838,2605
reset,reset,Http,6875,2577
reset,reset,Http,6912,2573
reset,reset,Http,6950,2565
reset,reset,Http,6988,2536
reset,reset,Http,7025,2529
reset,reset,Http,7062,2525
reset,reset,Http,7100,2502
reset,reset,Http,7138,2488
reset,reset,Http,7175,2484
reset,reset,Http,7212,2456
reset,reset,Http,7250,2451
reset,reset,Http,7288,2422
reset,reset,Http,7325,2415
reset,reset,Http,7362,2408
reset,reset,Http,7400,2403
reset,reset,Http,7438,2377
reset,reset,Http,7475,2370
reset,reset,Http,7512,2345
reset,reset,Http,7550,2331
reset,reset,Http,7588,2329
reset,reset,Http,7625,2304
reset,reset,Http,7662,2294
reset,reset,Http,7700,2286
reset,reset,Http,7738,2278
reset,reset,Http,7775,2256
reset,reset,Http,7812,2249
reset,reset,Http,7850,2220
reset,reset,Http,7888,2212
reset,reset,Http,7925,2205
reset,reset,Http,7962,2180
reset,reset,Http,8000,2175
reset,reset,Http,8038,2164
reset,reset,Http,8075,2145
reset,reset,Http,8112,2135
reset,reset,Http,8150,2127
reset,reset,Http,8188,2098
reset,reset,Http,8225,2091
reset,reset,Http,8262,2087
reset,reset,Http,8300,2061
reset,reset,Http,8338,2050
reset,reset,Http,8375,2043
reset,reset,Http,8412,2024
reset,reset,Http,8450,2013
reset,reset,Http,8488,1987
reset,reset,Http,8525,1977
reset,reset,Http,8562,1970
reset,reset,Http,8600,1950
reset,reset,Http,8638,1936
reset,reset,Http,8675,1932
reset,reset,Http,8712,1910
reset,reset,Http,8750,1899
reset,reset,Http,8788,1891
reset,reset,Http,8825,1866
reset,reset,Http,8862,1856
reset,reset,Http,8900,1848
reset,reset,Http,8938,1828
reset,reset,Http,8975,1815
reset,reset,Http,9012,1811
reset,reset,Http,9050,1785
reset,reset,Http,9088,1780
reset,reset,Http,9125,1755
reset,reset,Http,9162,1745
reset,reset,Http,9200,1734
reset,reset,Http,9238,1723
reset,reset,Http,9275,1707
reset,reset,Http,9312,1694
reset,reset,Http,9350,1689
reset,reset,Http,9388,1663
reset,reset,Http,9425,1659
reset,reset,Http,9462,1649
reset,reset,Http,9500,1626
reset,reset,Http,9538,1612
reset,reset,Http,9575,1602
reset,reset,Http,9612,1586
reset,reset,Http,9650,1572
reset,reset,Http,9688,1552
reset,reset,Http,9725,1542
reset,reset,Http,9762,1538
reset,reset,Http,9800,1512
reset,reset,Http,9838,1501
reset,reset,Http,9875,1494
reset,reset,Http,9912,1475
reset,reset,Http,9950,1461
reset,reset,Http,9988,1450
reset,reset,Http,10025,1431
reset,reset,Http,10062,1421
reset,reset,Http,10100,1395
reset,reset,Http,10138,1390
reset,reset,Http,10175,1380
reset,reset,Http,10212,1358
reset,reset,Http,10250,1350
reset,reset,Http,10288,1342
reset,reset,Http,10325,1320
reset,reset,Http,10362,1307
reset,reset,Http,10400,1299
reset,reset,Http,10438,1276
reset,reset,Http,10475,1266
reset,reset,Http,10512,1259
reset,reset,Http,10550,1236
reset,reset,Http,10588,1228
reset,reset,Http,10625,1200
reset,reset,Http,10662,1196
reset,reset,Http,10700,1188
reset,reset,Http,10738,1162
reset,reset,Http,10775,1149
reset,reset,Http,10812,1145
reset,reset,Http,10850,1122
reset,reset,Http,10888,1114
reset,reset,Http,10925,1101
reset,reset,Http,10962,1070
reset,reset,Http,11000,1065
reset,reset,Http,11038,1033
reset,reset,Http,11075,1029
reset,reset,Http,11112,1019
reset,reset,Http,11150,999
reset,reset,Http,11188,967
reset,reset,Http,11225,957
reset,reset,Http,11262,947
reset,reset,Http,11300,927
reset,reset,Http,11338,916
reset,reset,Http,11375,900
reset,reset,Http,11412,875
reset,reset,Http,11450,867
reset,reset,Http,11488,835
reset,reset,Http,11525,831
reset,reset,Http,11562,824
reset,reset,Http,11600,801
reset,reset,Http,11638,766
reset,reset,Http,11675,756
reset,reset,Http,11712,752
reset,reset,Http,11750,723
reset,reset,Http,11788,712
reset,reset,Http,11825,702
reset,reset,Http,11862,677
reset,reset,Http,11900,651
reset,reset,Http,11938,640
reset,reset,Http,11975,633
reset,reset,Http,12012,632
reset,reset,Http,12050,606
reset,reset,Http,12088,601
reset,reset,Http,12125,594
reset,reset,Http,12162,593
reset,reset,Http,12200,582
reset,reset,Http,12238,583
reset,reset,Http,12275,570
reset,reset,Http,12312,581
reset,reset,Http,12350,555
reset,reset,Http,12388,550
reset,reset,Http,12425,549
reset,reset,Http,12462,548
reset,reset,Http,12500,537
reset,reset,Http,12538,538
reset,reset,Http,12575,525
reset,reset,Http,12612,536
reset,reset,Http,12650,510
reset,reset,Http,12688,505
reset,reset,Http,12725,504
reset,reset,Http,12762,503
reset,reset,Http,12800,492
reset,reset,Http,12838,493
reset,reset,Http,12875,480
reset,reset,Http,12912,491
reset,reset,Http,12950,465
reset,reset,Http,12988,460
reset,reset,Http,13025,459
reset,reset,Http,13062,458
reset,reset,Http,13100,447
reset,reset,Http,13138,448
reset,reset,Http,13175,435
reset,reset,Http,13212,446
reset,reset,Http,13250,420
reset,reset,Http,13288,415
reset,reset,Http,13325,414
reset,reset,Http,13362,413
reset,reset,Http,13400,402
reset,reset,Http,13438,403
reset,reset,Http,13475,390
reset,reset,Http,13512,401
reset,reset,Http,13550,375
reset,reset,Http,13588,370
reset,reset,Http,13625,369
reset,reset,Http,13662,368
reset,reset,Http,13700,357
reset,reset,Http,13738,358
reset,reset,Http,13775,345
reset,reset,Http,13812,356
reset,reset,Http,13850,330
reset,reset,Http,13888,325
reset,reset,Http,13925,324
reset,reset,Http,13962,323
reset,reset,Http,14000,312
reset,reset,Http,14038,313
reset,reset,Http,14075,300
reset,reset,Http,14112,311
reset,reset,Http,14150,285
reset,reset,Http,14188,280
reset,reset,Http,14225,279
reset,reset,Http,14262,278
reset,reset,Http,14300,267
reset,reset,Http,14338,268
reset,reset,Http,14375,255
reset,reset,Http,14412,266
reset,reset,Http,14450,240
reset,reset,Http,14488,235
reset,reset,Http,14525,234
reset,reset,Http,14562,233
reset,reset,Http,14600,222
reset,reset,Http,14638,223
reset,reset,Http,14675,210
reset,reset,Http,14712,221
reset,reset,Http,14750,195
reset,reset,Http,14788,190
reset,reset,Http,14825,189
reset,reset,Http,14862,188
reset,reset,Http,14900,177
reset,reset,Http,14938,178
reset,reset,Http,14975,165
reset,reset,Http,15012,176
reset,reset,Http,15050,150
reset,reset,Http,15088,145
reset,reset,Http,15125,144
reset,reset,Http,15162,143
reset,reset,Http,15200,132
reset,reset,Http,15238,133
reset,reset,Http,15275,120
reset,reset,Http,15312,131
reset,reset,Http,15350,105
reset,reset,Http,15388,100
reset,reset,Http,15425,99
reset,reset,Http,15462,98
reset,reset,Http,15500,87
reset,reset,Http,15538,88
reset,reset,Http,15575,75
reset,reset,Http,15612,86
reset,reset,Http,15650,60
reset,reset,Http,15688,55
reset,reset,Http,15725,54
reset,reset,Http,15762,53
reset,reset,Http,15800,42
reset,reset,Http,15838,43
reset,reset,Http,15875,30
reset,reset,Http,15912,38
reset,reset,Http,15950,49
reset,reset,Http,15988,20
reset,reset,Http,16025,31
reset,reset,Http,16062,19
reset,reset,Http,16100,25
reset,reset,Http,16138,27
reset,reset,Http,16175,34
reset,reset,Http,16212,19
reset,reset,Http,16250,49
reset,reset,Http,16288,20
reset,reset,Http,16325,31
reset,reset,Http,16362,19
reset,reset,Http,16400,25
reset,reset,Http,16438,27
reset,reset,Http,16475,34
reset,reset,Http,16512,19
reset,reset,Http,16550,49
reset,reset,Http,16588,20
reset,reset,Http,16625,31
reset,reset,Http,16662,19
reset,reset,Http,16700,25
reset,reset,Http,16738,27
reset,reset,Http,16775,34
reset,reset,Http,16812,19
reset,reset,Http,16850,49
reset,reset,Http,16888,20
reset,reset,Http,16925,31
reset,reset,Http,16962,19
reset,reset,Http,17000,25
reset,reset,Http,17038,27
reset,reset,Http,17075,34
reset,reset,Http,17112,19
reset,reset,Http,17150,49
reset,reset,Http,17188,20
reset,reset,Http,17225,31
reset,reset,Http,17262,19
reset,reset,Http,17300,25
reset,reset,Http,17338,27
reset,reset,Http,17375,34
reset,reset,Http,17412,19
reset,reset,Http,17450,49
reset,reset,Http,17488,20
reset,reset,Http,17525,31
reset,reset,Http,17562,19
reset,reset,Http,17600,25
reset,reset,Http,17638,27
reset,reset,Http,17675,34
reset,reset,Http,17712,19
reset,reset,Http,17750,49
reset,reset,Http,17788,20
reset,reset,Http,17825,31
reset,reset,Http,17862,19
reset,reset,Http,17900,25
reset,reset,Http,17938,27
reset,reset,Http,17975,34
reset,reset,Http,18012,19
reset,reset,Http,18050,49
reset,reset,Http,18088,20
reset,reset,Http,18125,31
reset,reset,Http,18162,19
reset,reset,Http,18200,25
reset,reset,Http,18238,27
reset,reset,Http,18275,34
reset,reset,Http,18312,19
reset,reset,Http,18350,49
reset,reset,Http,18388,20
reset,reset,Http,18425,31
reset,reset,Http,18462,19
reset,reset,Http,18500,25
reset,reset,Http,18538,27
reset,reset,Http,18575,34
reset,reset,Http,18612,19
reset,reset,Http,18650,49
reset,reset,Http,18688,20
reset,reset,Http,18725,31
reset,reset,Http,18762,19
reset,reset,Http,18800,25
reset,reset,Http,18838,27
reset,reset,Http,18875,34
reset,reset,Http,18912,19
reset,reset,Http,18950,49
reset,reset,Http,18988,20
reset,reset,Http,19025,31
reset,reset,Http,19062,19
reset,reset,Http,19100,25
reset,reset,Http,19138,27
reset,reset,Http,19175,34
reset,reset,Http,19212,19
reset,reset,Http,19250,49
reset,reset,Http,19288,20
reset,reset,Http,19325,31
reset,reset,Http,19362,19
reset,reset,Http,19400,25
reset,reset,Http,19438,27
reset,reset,Http,19475,34
reset,reset,Http,19512,19
reset,reset,Http,19550,49
reset,reset,Http,19588,20
reset,reset,Http,19625,31
reset,reset,Http,19662,19
reset,reset,Http,19700,25
reset,reset,Http,19738,27
reset,reset,Http,19775,34
reset,reset,Http,19812,19
reset,reset,Http,19850,49
reset,reset,Http,19888,20
reset,reset,Http,19925,31
reset,reset,Http,19962,19
reset,reset,Http,20000,25
reset,reset,Http,20038,27
reset,reset,Http,20075,34
reset,reset,Http,20112,19
reset,reset,Http,20150,49
reset,reset,Http,20188,20
reset,reset,Http,20225,31
reset,reset,Http,20262,19
reset,reset,Http,20300,25
reset,reset,Http,20338,27
reset,reset,Http,20375,34
reset,reset,Http,20412,19
reset,reset,Http,20450,49
reset,reset,Http,20488,20
reset,reset,Http,20525,31
reset,reset,Http,20562,19
reset,reset,Http,20600,25
reset,reset,Http,20638,27
reset,reset,Http,20675,34
reset,reset,Http,20712,19
reset,reset,Http,20750,49
reset,reset,Http,20788,20
reset,reset,Http,20825,31
reset,reset,Http,20862,19
reset,reset,Http,20900,25
reset,reset,Http,20938,27
reset,reset,Http,20975,34
reset,reset,Http,21012,19
reset,reset,Http,21050,49
reset,reset,Http,21088,20
reset,reset,Http,21125,31
reset,reset,Http,21162,19
reset,reset,Http,21200,25
reset,reset,Http,21238,27
reset,reset,Http,21275,34
reset,reset,Http,21312,19
reset,reset,Http,21350,49
reset,reset,Http,21388,20
reset,reset,Http,21425,31
reset,reset,Http,21462,19
reset,reset,Http,21500,25
reset,reset,Http,21538,27
reset,reset,Http,21575,34
reset,reset,Http,21612,19
reset,reset,Http,21650,49
reset,reset,Http,21688,20
reset,reset,Http,21725,31
reset,reset,Http,21762,19
reset,reset,Http,21800,25
reset,reset,Http,21838,27
reset,reset,Http,21875,34
reset,reset,Http,21912,19
reset,reset,Http,21950,49
reset,reset,Http,21988,20
reset,reset,Http,22025,31
reset,reset,Http,22062,19
reset,reset,Http,22100,25
reset,reset,Http,22138,27
reset,reset,Http,22175,34
reset,reset,Http,22212,19
reset,reset,Http,22250,49
reset,reset,Http,22288,20
reset,reset,Http,22325,31
reset,reset,Http,22362,19
reset,reset,Http,22400,25
reset,reset,Http,22438,27
reset,reset,Http,22475,34
reset,reset,Http,22512,19
reset,reset,Http,22550,49
reset,reset,Http,22588,20
reset,reset,Http,22625,31
reset,reset,Http,22662,19
reset,reset,Http,22700,25
reset,reset,Http,22738,27
reset,reset,Http,22775,34
reset,reset,Http,22812,19
reset,reset,Http,22850,49
reset,reset,Http,22888,20
reset,reset,Http,22925,31
reset,reset,Http,22962,19
reset,reset,Http,23000,25
reset,reset,Http,23038,27
reset,reset,Http,23075,34
reset,reset,Http,23112,19
reset,reset,Http,23150,49
reset,reset,Http,23188,20
reset,reset,Http,23225,31
reset,reset,Http,23262,19
reset,reset,Http,23300,25
reset,reset,Http,23338,27
reset,reset,Http,23375,34
reset,reset,Http,23412,19
reset,reset,Http,23450,49
reset,reset,Http,23488,20
reset,reset,Http,23525,31
reset,reset,Http,23562,19
reset,reset,Http,23600,25
reset,reset,Http,23638,27
reset,reset,Http,23675,34
reset,reset,Http,23712,19
reset,reset,Http,23750,49
reset,reset,Http,23788,20
reset,reset,Http,23825,31
reset,reset,Http,23862,19
reset,reset,Http,23900,25
reset,reset,Http,23938,27
reset,reset,Http,23975,34
reset,reset,Http,24012,19
reset,reset,Http,24050,49
reset,reset,Http,24088,20
reset,reset,Http,24125,31
reset,reset,Http,24162,19
reset,reset,Http,24200,25
reset,reset,Http,24238,27
reset,reset,Http,24275,34
reset,reset,Http,24312,19
reset,reset,Http,24350,49
reset,reset,Http,24388,20
reset,reset,Http,24425,31
reset,reset,Http,24462,19
reset,reset,Http,24500,25
reset,reset,Http,24538,27
reset,reset,Http,24575,34
reset,reset,Http,24612,19
reset,reset,Http,24650,49
reset,reset,Http,24688,20
reset,reset,Http,24725,31
reset,reset,Http,24762,19
reset,reset,Http,24800,25
reset,reset,Http,24838,27
reset,reset,Http,24875,34
reset,reset,Http,24912,19
reset,reset,Http,24950,49
reset,reset,Http,24988,20
reset,reset,Http,25025,31
reset,reset,Http,25062,19
reset,reset,Http,25100,25
reset,reset,Http,25138,27
reset,reset,Http,25175,34
reset,reset,Http,25212,19
reset,reset,Http,25250,49
reset,reset,Http,25288,20
reset,reset,Http,25325,31
reset,reset,Http,25362,19
reset,reset,Http,25400,25
reset,reset,Http,25438,27
reset,reset,Http,25475,34
reset,reset,Http,25512,19
reset,reset,Http,25550,49
reset,reset,Http,25588,20
reset,reset,Http,25625,31
reset,reset,Http,25662,19
reset,reset,Http,25700,25
reset,reset,Http,25738,27
reset,reset,Http,25775,34
reset,reset,Http,25812,19
reset,reset,Http,25850,49
reset,reset,Http,25888,20
reset,reset,Http,25925,31
reset,reset,Http,25962,19
reset,reset,Http,26000,25
reset,reset,Http,26038,27
reset,reset,Http,26075,34
reset,reset,Http,26112,19
reset,reset,Http,26150,49
reset,reset,Http,26188,20
reset,reset,Http,26225,31
reset,reset,Http,26262,19
reset,reset,Http,26300,25
reset,reset,Http,26338,27
reset,reset,Http,26375,34
reset,reset,Http,26412,19
reset,reset,Http,26450,49
reset,reset,Http,26488,20
reset,reset,Http,26525,31
reset,reset,Http,26562,19
reset,reset,Http,26600,25
reset,reset,Http,26638,27
reset,reset,Http,26675,34
reset,reset,Http,26712,19
reset,reset,Http,26750,49
reset,reset,Http,26788,20
reset,reset,Http,26825,31
reset,reset,Http,26862,19
reset,reset,Http,26900,25
reset,reset,Http,26938,27
reset,reset,Http,26975,34
reset,reset,Http,27012,19
reset,reset,Http,27050,49
reset,reset,Http,27088,20
reset,reset,Http,27125,31
reset,reset,Http,27162,19
reset,reset,Http,27200,25
reset,reset,Http,27238,27
reset,reset,Http,27275,34
reset,reset,Http,27312,19
reset,reset,Http,27350,49
reset,reset,Http,27388,20
reset,reset,Http,27425,31
reset,reset,Http,27462,19
reset,reset,Http,27500,25
reset,reset,Http,27538,27
reset,reset,Http,27575,34
reset,reset,Http,27612,19
reset,reset,Http,27650,49
reset,reset,Http,27688,20
reset,reset,Http,27725,31
reset,reset,Http,27762,19
reset,reset,Http,27800,25
reset,reset,Http,27838,27
reset,reset,Http,27875,34
reset,reset,Http,27912,19
reset,reset,Http,27950,49
reset,reset,Http,27988,20
reset,reset,Http,28025,31
reset,reset,Http,28062,19
reset,reset,Http,28100,25
reset,reset,Http,28138,27
reset,reset,Http,28175,34
reset,reset,Http,28212,19
reset,reset,Http,28250,49
reset,reset,Http,28288,20
reset,reset,Http,28325,31
reset,reset,Http,28362,19
reset,reset,Http,28400,25
reset,reset,Http,28438,27
reset,reset,Http,28475,34
reset,reset,Http,28512,19
reset,reset,Http,28550,49
reset,reset,Http,28588,20
reset,reset,Http,28625,31
reset,reset,Http,28662,19
reset,reset,Http,28700,25
reset,reset,Http,28738,27
reset,reset,Http,28775,34
reset,reset,Http,28812,19
reset,reset,Http,28850,49
reset,reset,Http,28888,20
reset,reset,Http,28925,31
reset,reset,Http,28962,19
reset,reset,Http,29000,25
reset,reset,Http,29038,27
reset,reset,Http,29075,34
reset,reset,Http,29112,19
reset,reset,Http,29150,49
reset,reset,Http,29188,20
reset,reset,Http,29225,31
reset,reset,Http,29262,19
reset,reset,Http,29300,25
reset,reset,Http,29338,27
reset,reset,Http,29375,34
reset,reset,Http,29412,19
reset,reset,Http,29450,49
reset,reset,Http,29488,20
reset,reset,Http,29525,31
reset,reset,Http,29562,19
reset,reset,Http,29600,46
reset,reset,Http,29638,39
reset,reset,Http,29675,34
reset,reset,Http,29712,22
reset,reset,Http,29750,45
reset,reset,Http,29788,25
reset,reset,Http,29825,24
reset,reset,Http,29862,24
reset,reset,Http,29900,46
reset,reset,Http,29938,39
reset,reset,Http,29975,34
reset,reset,Http,30012,22
reset,reset,Http,30050,45
reset,reset,Http,30088,25
reset,reset,Http,30125,24
reset,reset,Http,30162,24
reset,reset,Http,30200,46
reset,reset,Http,30238,39
reset,reset,Http,30275,34
reset,reset,Http,30312,22
reset,reset,Http,30350,45
reset,reset,Http,30388,25
reset,reset,Http,30425,24
reset,reset,Http,30462,24
reset,reset,Http,30500,46
reset,reset,Http,30538,39
reset,reset,Http,30575,34
reset,reset,Http,30612,22
reset,reset,Http,30650,45
reset,reset,Http,30688,25
reset,reset,Http,30725,24
reset,reset,Http,30762,24
reset,reset,Http,30800,46
reset,reset,Http,30838,39
reset,reset,Http,30875,34
reset,reset,Http,30912,22
reset,reset,Http,30950,45
reset,reset,Http,30988,25
reset,reset,Http,31025,24
reset,reset,Http,31062,24
reset,reset,Http,31100,46
reset,reset,Http,31138,39
reset,reset,Http,31175,34
reset,reset,Http,31212,22
reset,reset,Http,31250,45
reset,reset,Http,31288,25
reset,reset,Http,31325,24
reset,reset,Http,31362,24
reset,reset,Http,31400,46
reset,reset,Http,31438,39
reset,reset,Http,31475,34
reset,reset,Http,31512,22
reset,reset,Http,31550,45
reset,reset,Http,31588,25
reset,reset,Http,31625,24
reset,reset,Http,31662,24
reset,reset,Http,31700,46
reset,reset,Http,31738,39
reset,reset,Http,31775,34
reset,reset,Http,31812,22
reset,reset,Http,31850,45
reset,reset,Http,31888,25
reset,reset,Http,31925,24
reset,reset,Http,31962,24
reset,reset,Http,32000,46
reset,reset,Http,32038,39
reset,reset,Http,32075,34
reset,reset,Http,32112,22
reset,reset,Http,32150,45
reset,reset,Http,32188,25
reset,reset,Http,32225,24
reset,reset,Http,32262,24
reset,reset,Http,32300,46
reset,reset,Http,32338,39
reset,reset,Http,32375,34
reset,reset,Http,32412,22
reset,reset,Http,32450,45
reset,reset,Http,32488,25
reset,reset,Http,32525,24
reset,reset,Http,32562,24
reset,reset,Http,32600,46
reset,reset,Http,32638,39
reset,reset,Http,32675,34
reset,reset,Http,32712,22
reset,reset,Http,32750,45
reset,reset,Http,32788,25
reset,reset,Http,32825,24
reset,reset,Http,32862,24
reset,reset,Http,32900,46
reset,reset,Http,32938,39
reset,reset,Http,32975,34
reset,reset,Http,33012,22
reset,reset,Http,33050,45
reset,reset,Http,33088,25
reset,reset,Http,33125,24
reset,reset,Http,33162,24
reset,reset,Http,33200,46
reset,reset,Http,33238,39
reset,reset,Http,33275,34
reset,reset,Http,33312,22
reset,reset,Http,33350,45
reset,reset,Http,33388,25
reset,reset,Http,33425,24
reset,reset,Http,33462,24
reset,reset,Http,33500,46
reset,reset,Http,33538,39
reset,reset,Http,33575,34
reset,reset,Http,33612,22
reset,reset,Http,33650,45
reset,reset,Http,33688,25
reset,reset,Http,33725,24
reset,reset,Http,33762,24
reset,reset,Http,33800,46
reset,reset,Http,33838,39
reset,reset,Http,33875,34
reset,reset,Http,33912,22
reset,reset,Http,33950,45
reset,reset,Http,33988,25
reset,control,Https,0,34
reset,control,Https,30,41
reset,control,Https,60,21
reset,control,Https,90,26
reset,control,Https,120,26
reset,control,Https,150,29
reset,control,Https,180,37
reset,control,Https,210,21
reset,control,Https,240,27
reset,control,Https,270,27
reset,control,Https,300,29
reset,control,Https,330,35
reset,control,Https,360,36
reset,control,Https,390,22
reset,control,Https,420,21
reset,control,Https,450,24
reset,control,Https,480,29
reset,control,Https,510,31
reset,control,Https,540,21
reset,control,Https,570,20
reset,control,Https,600,22
reset,control,Https,630,29
reset,control,Https,660,29
reset,control,Https,690,32
reset,control,Https,720,37
reset,control,Https,750,36
reset,control,Https,780,22
reset,control,Https,810,22
reset,control,Https,840,27
reset,control,Https,870,30
reset,control,Https,900,29
reset,control,Https,930,32
reset,control,Https,960,23
reset,control,Https,990,25
reset,control,Https,1020,31
reset,control,Https,1050,30
reset,control,Https,1080,32
reset,control,Https,1110,38
reset,control,Https,1140,17
reset,control,Https,1170,27
reset,control,Https,1200,22
reset,control,Https,1230,26
reset,control,Https,1260,32
reset,control,Https,1290,18
reset,control,Https,1320,25
reset,control,Https,1350,24
reset,control,Https,1380,26
reset,control,Https,1410,31
reset,control,Https,1440,31
reset,control,Https,1470,33
reset,control,Https,1500,38
reset,control,Https,1530,19
reset,control,Https,1560,26
reset,control,Https,1590,25
reset,control,Https,1620,28
reset,control,Https,1650,36
reset,control,Https,1680,18
reset,control,Https,1710,25
reset,control,Https,1740,24
reset,control,Https,1770,27
reset,control,Https,1800,32
reset,control,Https,1830,32
reset,control,Https,1860,19
reset,control,Https,1890,18
reset,control,Https,1920,21
reset,control,Https,1950,27
reset,control,Https,1980,29
reset,control,Https,2000,38
reset,control,Https,2043,13
reset,control,Https,2086,34
reset,control,Https,2129,18
reset,control,Https,2171,19
reset,control,Https,2214,25
reset,control,Https,2257,13
reset,control,Https,2300,32
reset,control,Https,2343,16
reset,control,Https,2386,21
reset,control,Https,2429,24
reset,control,Https,2471,13
reset,control,Https,2514,19
reset,control,Https,2557,22
reset,control,Https,2600,22
reset,control,Https,2643,28
reset,control,Https,2686,27
reset,control,Https,2729,33
reset,control,Https,2771,19
reset,control,Https,2814,34
reset,control,Https,2857,31
reset,control,Https,2900,35
reset,control,Https,2943,25
reset,control,Https,2986,21
reset,control,Https,3029,18
reset,control,Https,3071,28
reset,control,Https,3114,31
reset,control,Https,3157,28
reset,control,Https,3200,32
reset,control,Https,3243,25
reset,control,Https,3286,18
reset,control,Https,3329,15
reset,control,Https,3371,25
reset,control,Https,3414,31
reset,control,Https,3457,28
reset,control,Https,3500,32
reset,control,Https,3543,19
reset,control,Https,3586,21
reset,control,Https,3629,21
reset,control,Https,3671,25
reset,control,Https,3714,25
reset,control,Https,3757,22
reset,control,Https,3800,35
reset,control,Https,3843,16
reset,control,Https,3886,18
reset,control,Https,3929,18
reset,control,Https,3971,22
reset,control,Https,4014,22
reset,control,Https,4057,22
reset,control,Https,4100,22
reset,control,Https,4143,16
reset,control,Https,4186,18
reset,control,Https,4229,18
reset,control,Https,4271,19
reset,control,Https,4314,19
reset,control,Https,4357,19
reset,control,Https,4400,22
reset,control,Https,4443,16
reset,control,Https,4486,18
reset,control,Https,4529,18
reset,control,Https,4571,19
reset,control,Https,4614,19
reset,control,Https,4657,19
reset,control,Https,4700,22
reset,control,Https,4743,16
reset,control,Https,4786,18
reset,control,Https,4829,18
reset,control,Https,4871,19
reset,control,Https,4914,19
reset,control,Https,4957,19
reset,control,Https,5000,31
reset,control,Https,5043,20
reset,control,Https,5086,14
reset,control,Https,5129,24
reset,control,Https,5171,24
reset,control,Https,5214,24
reset,control,Https,5257,24
reset,control,Https,5300,30
reset,control,Https,5343,22
reset,control,Https,5386,15
reset,control,Https,5429,25
reset,control,Https,5471,24
reset,control,Https,5514,24
reset,control,Https,5557,24
reset,control,Https,5600,30
reset,control,Https,5643,22
reset,control,Https,5686,15
reset,control,Https,5729,25
reset,control,Https,5771,24
reset,control,Https,5814,24
reset,control,Https,5857,24
reset,control,Https,5900,30
reset,control,Https,5943,22
reset,control,Https,5986,15
reset,control,Https,6029,25
reset,control,Https,6071,24
reset,control,Https,6114,24
reset,control,Https,6157,24
reset,control,Https,6200,30
reset,control,Https,6243,22
reset,control,Https,6286,15
reset,control,Https,6329,25
reset,control,Https,6371,24
reset,control,Https,6414,24
reset,control,Https,6457,24
reset,control,Https,6500,30
reset,control,Https,6543,22
reset,control,Https,6586,15
reset,control,Https,6629,25
reset,control,Https,6671,24
reset,control,Https,6714,24
reset,control,Https,6757,24
reset,control,Https,6800,30
reset,control,Https,6843,22
reset,control,Https,6886,15
reset,control,Https,6929,25
reset,control,Https,6971,24
reset,control,Https,7014,24
reset,control,Https,7057,24
reset,control,Https,7100,30
reset,control,Https,7143,22
reset,control,Https,7186,15
reset,control,Https,7229,25
reset,control,Https,7271,24
reset,control,Https,7314,24
reset,control,Https,7357,24
reset,control,Https,7400,30
reset,control,Https,7443,22
reset,control,Https,7486,15
reset,control,Https,7529,25
reset,control,Https,7571,24
reset,control,Https,7614,24
reset,control,Https,7657,24
reset,control,Https,7700,30
reset,control,Https,7743,22
reset,control,Https,7786,15
reset,control,Https,7829,25
reset,control,Https,7871,24
reset,control,Https,7914,24
reset,control,Https,7957,24
reset,control,Https,8000,30
reset,control,Https,8043,22
reset,control,Https,8086,15
reset,control,Https,8129,25
reset,control,Https,8171,24
reset,control,Https,8214,24
reset,control,Https,8257,24
reset,control,Https,8300,30
reset,control,Https,8343,22
reset,control,Https,8386,15
reset,control,Https,8429,25
reset,control,Https,8471,24
reset,control,Https,8514,24
reset,control,Https,8557,24
reset,control,Https,8600,30
reset,control,Https,8643,22
reset,control,Https,8686,15
reset,control,Https,8729,25
reset,control,Https,8771,24
reset,control,Https,8814,24
reset,control,Https,8857,24
reset,control,Https,8900,30
reset,control,Https,8943,22
reset,control,Https,8986,15
reset,control,Https,9029,25
reset,control,Https,9071,24
reset,control,Https,9114,24
reset,control,Https,9157,24
reset,control,Https,9200,30
reset,control,Https,9243,22
reset,control,Https,9286,15
reset,control,Https,9329,25
reset,control,Https,9371,24
reset,control,Https,9414,24
reset,control,Https,9457,24
reset,control,Https,9500,30
reset,control,Https,9543,22
reset,control,Https,9586,15
reset,control,Https,9629,25
reset,control,Https,9671,24
reset,control,Https,9714,24
reset,control,Https,9757,24
reset,control,Https,9800,30
reset,control,Https,9843,22
reset,control,Https,9886,15
reset,control,Https,9929,25
reset,control,Https,9971,24
reset,control,Https,10014,24
reset,control,Https,10057,24
reset,control,Https,10100,30
reset,control,Https,10143,22
reset,control,Https,10186,15
reset,control,Https,10229,25
reset,control,Https,10271,24
reset,control,Https,10314,24
reset,control,Https,10357,24
reset,control,Https,10400,30
reset,control,Https,10443,22
reset,control,Https,10486,15
reset,control,Https,10529,25
reset,control,Https,10571,24
reset,control,Https,10614,24
reset,control,Https,10657,24
reset,control,Https,10700,30
reset,control,Https,10743,22
reset,control,Https,10786,15
reset,control,Https,10829,25
reset,control,Https,10871,24
reset,control,Https,10914,24
reset,control,Https,10957,24
reset,control,Https,11000,30
reset,control,Https,11043,22
reset,control,Https,11086,15
reset,control,Https,11129,25
reset,control,Https,11171,24
reset,control,Https,11214,24
reset,control,Https,11257,24
reset,control,Https,11300,30
reset,control,Https,11343,22
reset,control,Https,11386,15
reset,control,Https,11429,25
reset,control,Https,11471,24
reset,control,Https,11514,24
reset,control,Https,11557,24
reset,control,Https,11600,30
reset,control,Https,11643,22
reset,control,Https,11686,15
reset,control,Https,11729,25
reset,control,Https,11771,24
reset,control,Https,11814,24
reset,control,Https,11857,24
reset,control,Https,11900,30
reset,control,Https,11943,22
reset,control,Https,11986,15
reset,control,Https,12029,25
reset,control,Https,12071,24
reset,control,Https,12114,24
reset,control,Https,12157,24
reset,control,Https,12200,30
reset,control,Https,12243,22
reset,control,Https,12286,15
reset,control,Https,12329,25
reset,control,Https,12371,24
reset,control,Https,12414,24
reset,control,Https,12457,24
reset,control,Https,12500,30
reset,control,Https,12543,22
reset,control,Https,12586,15
reset,control,Https,12629,25
reset,control,Https,12671,24
reset,control,Https,12714,24
reset,control,Https,12757,24
reset,control,Https,12800,30
reset,control,Https,12843,22
reset,control,Https,12886,15
reset,control,Https,12929,25
reset,control,Https,12971,24
reset,control,Https,13014,24
reset,control,Https,13057,24
reset,control,Https,13100,30
reset,control,Https,13143,22
reset,control,Https,13186,15
reset,control,Https,13229,25
reset,control,Https,13271,24
reset,control,Https,13314,24
reset,control,Https,13357,24
reset,control,Https,13400,30
reset,control,Https,13443,22
reset,control,Https,13486,15
reset,control,Https,13529,25
reset,control,Https,13571,24
reset,control,Https,13614,24
reset,control,Https,13657,24
reset,control,Https,13700,30
reset,control,Https,13743,22
reset,control,Https,13786,15
reset,control,Https,13829,25
reset,control,Https,13871,24
reset,control,Https,13914,24
reset,control,Https,13957,24
reset,control,Https,14000,30
reset,control,Https,14043,22
reset,control,Https,14086,15
reset,control,Https,14129,25
reset,control,Https,14171,24
reset,control,Https,14214,24
reset,control,Https,14257,24
reset,control,Https,14300,30
reset,control,Https,14343,22
reset,control,Https,14386,15
reset,control,Https,14429,25
reset,control,Https,14471,24
reset,control,Https,14514,24
reset,control,Https,14557,24
reset,control,Https,14600,30
reset,control,Https,14643,22
reset,control,Https,14686,15
reset,control,Https,14729,25
reset,control,Https,14771,24
reset,control,Https,14814,24
reset,control,Https,14857,24
reset,control,Https,14900,30
reset,control,Https,14943,22
reset,control,Https,14986,15
reset,control,Https,15029,25
reset,control,Https,15071,24
reset,control,Https,15114,24
reset,control,Https,15157,24
reset,control,Https,15200,30
reset,control,Https,15243,22
reset,control,Https,15286,15
reset,control,Https,15329,25
reset,control,Https,15371,24
reset,control,Https,15414,24
reset,control,Https,15457,24
reset,control,Https,15500,30
reset,control,Https,15543,22
reset,control,Https,15586,15
reset,control,Https,15629,25
reset,control,Https,15671,24
reset,control,Https,15714,24
reset,control,Https,15757,24
reset,control,Https,15800,30
reset,control,Https,15843,22
reset,control,Https,15886,15
reset,control,Https,15929,25
reset,control,Https,15971,24
reset,control,Https,16014,24
reset,control,Https,16057,24
reset,control,Https,16100,30
reset,control,Https,16143,22
reset,control,Https,16186,15
reset,control,Https,16229,25
reset,control,Https,16271,24
reset,control,Https,16314,24
reset,control,Https,16357,24
reset,control,Https,16400,30
reset,control,Https,16443,22
reset,control,Https,16486,15
reset,control,Https,16529,25
reset,control,Https,16571,24
reset,control,Https,16614,24
reset,control,Https,16657,24
reset,control,Https,16700,30
reset,control,Https,16743,22
reset,control,Https,16786,15
reset,control,Https,16829,25
reset,control,Https,16871,24
reset,control,Https,16914,24
reset,control,Https,16957,24
reset,control,Https,17000,30
reset,control,Https,17043,22
reset,control,Https,17086,15
reset,control,Https,17129,25
reset,control,Https,17171,24
reset,control,Https,17214,24
reset,control,Https,17257,24
reset,control,Https,17300,30
reset,control,Https,17343,22
reset,control,Https,17386,15
reset,control,Https,17429,25
reset,control,Https,17471,24
reset,control,Https,17514,24
reset,control,Https,17557,24
reset,control,Https,17600,30
reset,control,Https,17643,22
reset,control,Https,17686,15
reset,control,Https,17729,25
reset,control,Https,17771,24
reset,control,Https,17814,24
reset,control,Https,17857,24
reset,control,Https,17900,30
reset,control,Https,17943,22
reset,control,Https,17986,15
reset,control,Https,18029,25
reset,control,Https,18071,24
reset,control,Https,18114,24
reset,control,Https,18157,24
reset,control,Https,18200,30
reset,control,Https,18243,22
reset,control,Https,18286,15
reset,control,Https,18329,25
reset,control,Https,18371,24
reset,control,Https,18414,24
reset,control,Https,18457,24
reset,control,Https,18500,30
reset,control,Https,18543,22
reset,control,Https,18586,15
reset,control,Https,18629,25
reset,control,Https,18671,24
reset,control,Https,18714,24
reset,control,Https,18757,24
reset,control,Https,18800,30
reset,control,Https,18843,22
reset,control,Https,18886,15
reset,control,Https,18929,25
reset,control,Https,18971,24
reset,control,Https,19014,24
reset,control,Https,19057,24
reset,control,Https,19100,30
reset,control,Https,19143,22
reset,control,Https,19186,15
reset,control,Https,19229,25
reset,control,Https,19271,24
reset,control,Https,19314,24
reset,control,Https,19357,24
reset,control,Https,19400,30
reset,control,Https,19443,22
reset,control,Https,19486,15
reset,control,Https,19529,25
reset,control,Https,19571,24
reset,control,Https,19614,24
reset,control,Https,19657,24
reset,control,Https,19700,30
reset,control,Https,19743,22
reset,control,Https,19786,15
reset,control,Https,19829,25
reset,control,Https,19871,24
reset,control,Https,19914,24
reset,control,Https,19957,24
reset,control,Https,20000,30
reset,control,Https,20043,22
reset,control,Https,20086,15
reset,control,Https,20129,25
reset,control,Https,20171,24
reset,control,Https,20214,24
reset,control,Https,20257,24
reset,control,Https,20300,30
reset,control,Https,20343,22
reset,control,Https,20386,15
reset,control,Https,20429,25
reset,control,Https,20471,24
reset,control,Https,20514,24
reset,control,Https,20557,24
reset,control,Https,20600,30
reset,control,Https,20643,22
reset,control,Https,20686,15
reset,control,Https,20729,25
reset,control,Https,20771,24
reset,control,Https,20814,24
reset,control,Https,20857,24
reset,control,Https,20900,30
reset,control,Https,20943,22
reset,control,Https,20986,15
reset,control,Https,21029,25
reset,control,Https,21071,24
reset,control,Https,21114,24
reset,control,Https,21157,24
reset,control,Https,21200,30
reset,control,Https,21243,22
reset,control,Https,21286,15
reset,control,Https,21329,25
reset,control,Https,21371,24
reset,control,Https,21414,24
reset,control,Https,21457,24
reset,control,Https,21500,30
reset,control,Https,21543,22
reset,control,Https,21586,15
reset,control,Https,21629,25
reset,control,Https,21671,24
reset,control,Https,21714,24
reset,control,Https,21757,24
reset,control,Https,21800,30
reset,control,Https,21843,22
reset,control,Https,21886,15
reset,control,Https,21929,25
reset,control,Https,21971,24
reset,control,Https,22014,24
reset,control,Https,22057,24
reset,control,Https,22100,30
reset,control,Https,22143,22
reset,control,Https,22186,15
reset,control,Https,22229,25
reset,control,Https,22271,24
reset,control,Https,22314,24
reset,control,Https,22357,24
reset,control,Https,22400,30
reset,control,Https,22443,22
reset,control,Https,22486,15
reset,control,Https,22529,25
reset,control,Https,22571,24
reset,control,Https,22614,24
reset,control,Https,22657,24
reset,control,Https,22700,30
reset,control,Https,22743,22
reset,control,Https,22786,15
reset,control,Https,22829,25
reset,control,Https,22871,24
reset,control,Https,22914,24
reset,control,Https,22957,24
reset,control,Https,23000,30
reset,control,Https,23043,22
reset,control,Https,23086,15
reset,control,Https,23129,25
reset,control,Https,23171,24
reset,control,Https,23214,24
reset,control,Https,23257,24
reset,control,Https,23300,30
reset,control,Https,23343,22
reset,control,Https,23386,15
reset,control,Https,23429,25
reset,control,Https,23471,24
reset,control,Https,23514,24
reset,control,Https,23557,24
reset,control,Https,23600,30
reset,control,Https,23643,22
reset,control,Https,23686,15
reset,control,Https,23729,25
reset,control,Https,23771,24
reset,control,Https,23814,24
reset,control,Https,23857,24
reset,control,Https,23900,30
reset,control,Https,23943,22
reset,control,Https,23986,15
reset,control,Https,24029,25
reset,control,Https,24071,24
reset,control,Https,24114,24
reset,control,Https,24157,24
reset,control,Https,24200,30
reset,control,Https,24243,22
reset,control,Https,24286,15
reset,control,Https,24329,25
reset,control,Https,24371,24
reset,control,Https,24414,24
reset,control,Https,24457,24
reset,control,Https,24500,30
reset,control,Https,24543,22
reset,control,Https,24586,15
reset,control,Https,24629,25
reset,control,Https,24671,24
reset,control,Https,24714,24
reset,control,Https,24757,24
reset,control,Https,24800,30
reset,control,Https,24843,22
reset,control,Https,24886,15
reset,control,Https,24929,25
reset,control,Https,24971,24
reset,control,Https,25014,24
reset,control,Https,25057,24
reset,control,Https,25100,30
reset,control,Https,25143,22
reset,control,Https,25186,15
reset,control,Https,25229,25
reset,control,Https,25271,24
reset,control,Https,25314,24
reset,control,Https,25357,24
reset,control,Https,25400,30
reset,control,Https,25443,22
reset,control,Https,25486,15
reset,control,Https,25529,25
reset,control,Https,25571,24
reset,control,Https,25614,24
reset,control,Https,25657,24
reset,control,Https,25700,30
reset,control,Https,25743,22
reset,control,Https,25786,15
reset,control,Https,25829,25
reset,control,Https,25871,24
reset,control,Https,25914,24
reset,control,Https,25957,24
reset,control,Https,26000,30
reset,control,Https,26043,22
reset,control,Https,26086,15
reset,control,Https,26129,25
reset,control,Https,26171,24
reset,control,Https,26214,24
reset,control,Https,26257,24
reset,control,Https,26300,30
reset,control,Https,26343,22
reset,control,Https,26386,15
reset,control,Https,26429,25
reset,control,Https,26471,24
reset,control,Https,26514,24
reset,control,Https,26557,24
reset,control,Https,26600,30
reset,control,Https,26643,22
reset,control,Https,26686,15
reset,control,Https,26729,25
reset,control,Https,26771,24
reset,control,Https,26814,24
reset,control,Https,26857,24
reset,control,Https,26900,30
reset,control,Https,26943,22
reset,control,Https,26986,15
reset,control,Https,27029,25
reset,control,Https,27071,24
reset,control,Https,27114,24
reset,control,Https,27157,24
reset,control,Https,27200,30
reset,control,Https,27243,22
reset,control,Https,27286,15
reset,control,Https,27329,25
reset,control,Https,27371,24
reset,control,Https,27414,24
reset,control,Https,27457,24
reset,control,Https,27500,30
reset,control,Https,27543,22
reset,control,Https,27586,15
reset,control,Https,27629,25
reset,control,Https,27671,24
reset,control,Https,27714,24
reset,control,Https,27757,24
reset,control,Https,27800,30
reset,control,Https,27843,22
reset,control,Https,27886,15
reset,control,Https,27929,25
reset,control,Https,27971,24
reset,control,Https,28014,24
reset,control,Https,28057,24
reset,control,Https,28100,30
reset,control,Https,28143,22
reset,control,Https,28186,15
reset,control,Https,28229,25
reset,control,Https,28271,24
reset,control,Https,28314,24
reset,control,Https,28357,24
reset,control,Https,28400,30
reset,control,Https,28443,22
reset,control,Https,28486,15
reset,control,Https,28529,25
reset,control,Https,28571,24
reset,control,Https,28614,24
reset,control,Https,28657,24
reset,control,Https,28700,30
reset,control,Https,28743,22
reset,control,Https,28786,15
reset,control,Https,28829,25
reset,control,Https,28871,24
reset,control,Https,28914,24
reset,control,Https,28957,24
reset,control,Https,29000,30
reset,control,Https,29043,22
reset,control,Https,29086,15
reset,control,Https,29129,25
reset,control,Https,29171,24
reset,control,Https,29214,24
reset,control,Https,29257,24
reset,control,Https,29300,30
reset,control,Https,29343,22
reset,control,Https,29386,15
reset,control,Https,29429,25
reset,control,Https,29471,24
reset,control,Https,29514,24
reset,control,Https,29557,24
reset,control,Https,29600,30
reset,control,Https,29643,22
reset,control,Https,29686,15
reset,control,Https,29729,25
reset,control,Https,29771,24
reset,control,Https,29814,24
reset,control,Https,29857,24
reset,control,Https,29900,30
reset,control,Https,29943,22
reset,control,Https,29986,15
reset,control,Https,30029,25
reset,control,Https,30071,24
reset,control,Https,30114,24
reset,control,Https,30157,24
reset,control,Https,30200,30
reset,control,Https,30243,22
reset,control,Https,30286,15
reset,control,Https,30329,25
reset,control,Https,30371,24
reset,control,Https,30414,24
reset,control,Https,30457,24
reset,control,Https,30500,30
reset,control,Https,30543,22
reset,control,Https,30586,15
reset,control,Https,30629,25
reset,control,Https,30671,24
reset,control,Https,30714,24
reset,control,Https,30757,24
reset,control,Https,30800,30
reset,control,Https,30843,22
reset,control,Https,30886,15
reset,control,Https,30929,25
reset,control,Https,30971,24
reset,control,Https,31014,24
reset,control,Https,31057,24
reset,control,Https,31100,30
reset,control,Https,31143,22
reset,control,Https,31186,15
reset,control,Https,31229,25
reset,control,Https,31271,24
reset,control,Https,31314,24
reset,control,Https,31357,24
reset,control,Https,31400,30
reset,control,Https,31443,22
reset,control,Https,31486,15
reset,control,Https,31529,25
reset,control,Https,31571,24
reset,control,Https,31614,24
reset,control,Https,31657,24
reset,control,Https,31700,30
reset,control,Https,31743,22
reset,control,Https,31786,15
reset,control,Https,31829,25
reset,control,Https,31871,24
reset,control,Https,31914,24
reset,control,Https,31957,24
reset,control,Https,32000,30
reset,control,Https,32043,22
reset,control,Https,32086,15
reset,control,Https,32129,25
reset,control,Https,32171,24
reset,control,Https,32214,24
reset,control,Https,32257,24
reset,control,Https,32300,30
reset,control,Https,32343,22
reset,control,Https,32386,15
reset,control,Https,32429,25
reset,control,Https,32471,24
reset,control,Https,32514,24
reset,control,Https,32557,24
reset,control,Https,32600,30
reset,control,Https,32643,22
reset,control,Https,32686,15
reset,control,Https,32729,25
reset,control,Https,32771,24
reset,control,Https,32814,24
reset,control,Https,32857,24
reset,control,Https,32900,30
reset,control,Https,32943,22
reset,control,Https,32986,15
reset,control,Https,33029,25
reset,control,Https,33071,24
reset,control,Https,33114,24
reset,control,Https,33157,24
reset,control,Https,33200,30
reset,control,Https,33243,22
reset,control,Https,33286,15
reset,control,Https,33329,25
reset,control,Https,33371,24
reset,control,Https,33414,24
reset,control,Https,33457,24
reset,control,Https,33500,30
reset,control,Https,33543,22
reset,control,Https,33586,15
reset,control,Https,33629,25
reset,control,Https,33671,24
reset,control,Https,33714,24
reset,control,Https,33757,24
reset,control,Https,33800,30
reset,control,Https,33843,22
reset,control,Https,33886,15
reset,control,Https,33929,25
reset,control,Https,33971,24
reset,reset,Https,0,34
reset,reset,Https,30,41
reset,reset,Https,60,21
reset,reset,Https,90,26
reset,reset,Https,120,26
reset,reset,Https,150,29
reset,reset,Https,180,37
reset,reset,Https,210,21
reset,reset,Https,240,27
reset,reset,Https,270,27
reset,reset,Https,300,29
reset,reset,Https,330,35
reset,reset,Https,360,36
reset,reset,Https,390,22
reset,reset,Https,420,21
reset,reset,Https,450,24
reset,reset,Https,480,29
reset,reset,Https,510,31
reset,reset,Https,540,21
reset,reset,Https,570,20
reset,reset,Https,600,22
reset,reset,Https,630,29
reset,reset,Https,660,29
reset,reset,Https,690,32
reset,reset,Https,720,37
reset,reset,Https,750,36
reset,reset,Https,780,22
reset,reset,Https,810,22
reset,reset,Https,840,27
reset,reset,Https,870,30
reset,reset,Https,900,29
reset,reset,Https,930,32
reset,reset,Https,960,23
reset,reset,Https,990,25
reset,reset,Https,1020,31
reset,reset,Https,1050,30
reset,reset,Https,1080,32
reset,reset,Https,1110,38
reset,reset,Https,1140,17
reset,reset,Https,1170,27
reset,reset,Https,1200,22
reset,reset,Https,1230,26
reset,reset,Https,1260,32
reset,reset,Https,1290,18
reset,reset,Https,1320,25
reset,reset,Https,1350,24
reset,reset,Https,1380,26
reset,reset,Https,1410,31
reset,reset,Https,1440,31
reset,reset,Https,1470,33
reset,reset,Https,1500,38
reset,reset,Https,1530,19
reset,reset,Https,1560,26
reset,reset,Https,1590,25
reset,reset,Https,1620,28
reset,reset,Https,1650,36
reset,reset,Https,1680,18
reset,reset,Https,1710,25
reset,reset,Https,1740,24
reset,reset,Https,1770,27
reset,reset,Https,1800,32
reset,reset,Https,1830,32
reset,reset,Https,1860,19
reset,reset,Https,1890,18
reset,reset,Https,1920,21
reset,reset,Https,1950,27
reset,reset,Https,1980,29
reset,reset,Https,2000,2583
reset,reset,Https,2043,2552
reset,reset,Https,2086,2521
reset,reset,Https,2129,2490
reset,reset,Https,2171,2464
reset,reset,Https,2214,2433
reset,reset,Https,2257,2402
reset,reset,Https,2300,2375
reset,reset,Https,2343,2344
reset,reset,Https,2386,2313
reset,reset,Https,2429,2286
reset,reset,Https,2471,2260
reset,reset,Https,2514,2229
reset,reset,Https,2557,2202
reset,reset,Https,2600,2167
reset,reset,Https,2643,2140
reset,reset,Https,2686,2109
reset,reset,Https,2729,2082
reset,reset,Https,2771,2048
reset,reset,Https,2814,2020
reset,reset,Https,2857,1986
reset,reset,Https,2900,1970
reset,reset,Https,2943,1969
reset,reset,Https,2986,1965
reset,reset,Https,3029,1952
reset,reset,Https,3071,1958
reset,reset,Https,3114,1948
reset,reset,Https,3157,1938
reset,reset,Https,3200,1928
reset,reset,Https,3243,1933
reset,reset,Https,3286,1923
reset,reset,Https,3329,1913
reset,reset,Https,3371,1919
reset,reset,Https,3414,1906
reset,reset,Https,3457,1896
reset,reset,Https,3500,1886
reset,reset,Https,3543,1873
reset,reset,Https,3586,1875
reset,reset,Https,3629,1868
reset,reset,Https,3671,1859
reset,reset,Https,3714,1861
reset,reset,Https,3757,1851
reset,reset,Https,3800,1838
reset,reset,Https,3843,1828
reset,reset,Https,3886,1836
reset,reset,Https,3929,1820
reset,reset,Https,3971,1829
reset,reset,Https,4014,1819
reset,reset,Https,4057,1809
reset,reset,Https,4100,1796
reset,reset,Https,4143,1795
reset,reset,Https,4186,1791
reset,reset,Https,4229,1784
reset,reset,Https,4271,1784
reset,reset,Https,4314,1762
reset,reset,Https,4357,1761
reset,reset,Https,4400,1757
reset,reset,Https,4443,1753
reset,reset,Https,4486,1752
reset,reset,Https,4529,1748
reset,reset,Https,4571,1727
reset,reset,Https,4614,1723
reset,reset,Https,4657,1719
reset,reset,Https,4700,1718
reset,reset,Https,4743,1714
reset,reset,Https,4786,1689
reset,reset,Https,4829,1685
reset,reset,Https,4871,1682
reset,reset,Https,4914,1684
reset,reset,Https,4957,1680
reset,reset,Https,5000,1676
reset,reset,Https,5043,1651
reset,reset,Https,5086,1650
reset,reset,Https,5129,1646
reset,reset,Https,5171,1643
reset,reset,Https,5214,1639
reset,reset,Https,5257,1620
reset,reset,Https,5300,1610
reset,reset,Https,5343,1609
reset,reset,Https,5386,1605
reset,reset,Https,5429,1604
reset,reset,Https,5471,1601
reset,reset,Https,5514,1597
reset,reset,Https,5557,1578
reset,reset,Https,5600,1574
reset,reset,Https,5643,1567
reset,reset,Https,5686,1566
reset,reset,Https,5729,1562
reset,reset,Https,5771,1544
reset,reset,Https,5814,1540
reset,reset,Https,5857,1536
reset,reset,Https,5900,1538
reset,reset,Https,5943,1534
reset,reset,Https,5986,1515
reset,reset,Https,6029,1511
reset,reset,Https,6071,1511
reset,reset,Https,6114,1513
reset,reset,Https,6157,1488
reset,reset,Https,6200,1487
reset,reset,Https,6243,1483
reset,reset,Https,6286,1467
reset,reset,Https,6329,1463
reset,reset,Https,6371,1460
reset,reset,Https,6414,1462
reset,reset,Https,6457,1440
reset,reset,Https,6500,1442
reset,reset,Https,6543,1438
reset,reset,Https,6586,1432
reset,reset,Https,6629,1425
reset,reset,Https,6671,1416
reset,reset,Https,6714,1403
reset,reset,Https,6757,1396
reset,reset,Https,6800,1386
reset,reset,Https,6843,1379
reset,reset,Https,6886,1387
reset,reset,Https,6929,1380
reset,reset,Https,6971,1371
reset,reset,Https,7014,1358
reset,reset,Https,7057,1351
reset,reset,Https,7100,1341
reset,reset,Https,7143,1334
reset,reset,Https,7186,1342
reset,reset,Https,7229,1335
reset,reset,Https,7271,1326
reset,reset,Https,7314,1313
reset,reset,Https,7357,1306
reset,reset,Https,7400,1311
reset,reset,Https,7443,1295
reset,reset,Https,7486,1294
reset,reset,Https,7529,1275
reset,reset,Https,7571,1275
reset,reset,Https,7614,1265
reset,reset,Https,7657,1267
reset,reset,Https,7700,1254
reset,reset,Https,7743,1250
reset,reset,Https,7786,1255
reset,reset,Https,7829,1233
reset,reset,Https,7871,1239
reset,reset,Https,7914,1226
reset,reset,Https,7957,1213
reset,reset,Https,8000,1212
reset,reset,Https,8043,1214
reset,reset,Https,8086,1192
reset,reset,Https,8129,1197
reset,reset,Https,8171,1185
reset,reset,Https,8214,1172
reset,reset,Https,8257,1168
reset,reset,Https,8300,1173
reset,reset,Https,8343,1151
reset,reset,Https,8386,1156
reset,reset,Https,8429,1143
reset,reset,Https,8471,1140
reset,reset,Https,8514,1127
reset,reset,Https,8557,1129
reset,reset,Https,8600,1131
reset,reset,Https,8643,1115
reset,reset,Https,8686,1102
reset,reset,Https,8729,1098
reset,reset,Https,8771,1101
reset,reset,Https,8814,1088
reset,reset,Https,8857,1087
reset,reset,Https,8900,1074
reset,reset,Https,8943,1061
reset,reset,Https,8986,1057
reset,reset,Https,9029,1062
reset,reset,Https,9071,1047
reset,reset,Https,9114,1046
reset,reset,Https,9157,1033
reset,reset,Https,9200,1035
reset,reset,Https,9243,1016
reset,reset,Https,9286,1021
reset,reset,Https,9329,1005
reset,reset,Https,9371,1005
reset,reset,Https,9414,992
reset,reset,Https,9457,991
reset,reset,Https,9500,993
reset,reset,Https,9543,980
reset,reset,Https,9586,979
reset,reset,Https,9629,963
reset,reset,Https,9671,960
reset,reset,Https,9714,950
reset,reset,Https,9757,949
reset,reset,Https,9800,939
reset,reset,Https,9843,938
reset,reset,Https,9886,922
reset,reset,Https,9929,918
reset,reset,Https,9971,921
reset,reset,Https,10014,908
reset,reset,Https,10057,898
reset,reset,Https,10100,900
reset,reset,Https,10143,881
reset,reset,Https,10186,877
reset,reset,Https,10229,867
reset,reset,Https,10271,867
reset,reset,Https,10314,857
reset,reset,Https,10357,856
reset,reset,Https,10400,855
reset,reset,Https,10443,836
reset,reset,Https,10486,841
reset,reset,Https,10529,825
reset,reset,Https,10571,822
reset,reset,Https,10614,815
reset,reset,Https,10657,811
reset,reset,Https,10700,816
reset,reset,Https,10743,800
reset,reset,Https,10786,799
reset,reset,Https,10829,780
reset,reset,Https,10871,780
reset,reset,Https,10914,770
reset,reset,Https,10957,772
reset,reset,Https,11000,759
reset,reset,Https,11043,755
reset,reset,Https,11086,760
reset,reset,Https,11129,738
reset,reset,Https,11171,741
reset,reset,Https,11214,731
reset,reset,Https,11257,727
reset,reset,Https,11300,714
reset,reset,Https,11343,707
reset,reset,Https,11386,706
reset,reset,Https,11429,690
reset,reset,Https,11471,696
reset,reset,Https,11514,683
reset,reset,Https,11557,679
reset,reset,Https,11600,669
reset,reset,Https,11643,656
reset,reset,Https,11686,658
reset,reset,Https,11729,642
reset,reset,Https,11771,651
reset,reset,Https,11814,635
reset,reset,Https,11857,634
reset,reset,Https,11900,618
reset,reset,Https,11943,623
reset,reset,Https,11986,613
reset,reset,Https,12029,606
reset,reset,Https,12071,609
reset,reset,Https,12114,593
reset,reset,Https,12157,589
reset,reset,Https,12200,579
reset,reset,Https,12243,569
reset,reset,Https,12286,571
reset,reset,Https,12329,552
reset,reset,Https,12371,558
reset,reset,Https,12414,548
reset,reset,Https,12457,544
reset,reset,Https,12500,534
reset,reset,Https,12543,524
reset,reset,Https,12586,526
reset,reset,Https,12629,507
reset,reset,Https,12671,513
reset,reset,Https,12714,503
reset,reset,Https,12757,499
reset,reset,Https,12800,489
reset,reset,Https,12843,479
reset,reset,Https,12886,481
reset,reset,Https,12929,462
reset,reset,Https,12971,468
reset,reset,Https,13014,458
reset,reset,Https,13057,454
reset,reset,Https,13100,444
reset,reset,Https,13143,434
reset,reset,Https,13186,436
reset,reset,Https,13229,417
reset,reset,Https,13271,423
reset,reset,Https,13314,413
reset,reset,Https,13357,409
reset,reset,Https,13400,399
reset,reset,Https,13443,389
reset,reset,Https,13486,391
reset,reset,Https,13529,372
reset,reset,Https,13571,378
reset,reset,Https,13614,368
reset,reset,Https,13657,364
reset,reset,Https,13700,354
reset,reset,Https,13743,344
reset,reset,Https,13786,346
reset,reset,Https,13829,327
reset,reset,Https,13871,333
reset,reset,Https,13914,323
reset,reset,Https,13957,319
reset,reset,Https,14000,309
reset,reset,Https,14043,299
reset,reset,Https,14086,301
reset,reset,Https,14129,282
reset,reset,Https,14171,288
reset,reset,Https,14214,278
reset,reset,Https,14257,274
reset,reset,Https,14300,264
reset,reset,Https,14343,254
reset,reset,Https,14386,256
reset,reset,Https,14429,237
reset,reset,Https,14471,243
reset,reset,Https,14514,233
reset,reset,Https,14557,229
reset,reset,Https,14600,219
reset,reset,Https,14643,209
reset,reset,Https,14686,211
reset,reset,Https,14729,192
reset,reset,Https,14771,198
reset,reset,Https,14814,188
reset,reset,Https,14857,184
reset,reset,Https,14900,174
reset,reset,Https,14943,164
reset,reset,Https,14986,166
reset,reset,Https,15029,147
reset,reset,Https,15071,153
reset,reset,Https,15114,143
reset,reset,Https,15157,139
reset,reset,Https,15200,129
reset,reset,Https,15243,119
reset,reset,Https,15286,121
reset,reset,Https,15329,102
reset,reset,Https,15371,108
reset,reset,Https,15414,98
reset,reset,Https,15457,94
reset,reset,Https,15500,84
reset,reset,Https,15543,74
reset,reset,Https,15586,76
reset,reset,Https,15629,57
reset,reset,Https,15671,63
reset,reset,Https,15714,53
reset,reset,Https,15757,49
reset,reset,Https,15800,39
reset,reset,Https,15843,29
reset,reset,Https,15886,31
reset,reset,Https,15929,12
reset,reset,Https,15971,16
reset,reset,Https,16014,19
reset,reset,Https,16057,18
reset,reset,Https,16100,21
reset,reset,Https,16143,19
reset,reset,Https,16186,17
reset,reset,Https,16229,17
reset,reset,Https,16271,19
reset,reset,Https,16314,19
reset,reset,Https,16357,18
reset,reset,Https,16400,21
reset,reset,Https,16443,19
reset,reset,Https,16486,17
reset,reset,Https,16529,17
reset,reset,Https,16571,19
reset,reset,Https,16614,19
reset,reset,Https,16657,18
reset,reset,Https,16700,21
reset,reset,Https,16743,19
reset,reset,Https,16786,17
reset,reset,Https,16829,17
reset,reset,Https,16871,19
reset,reset,Https,16914,19
reset,reset,Https,16957,18
reset,reset,Https,17000,21
reset,reset,Https,17043,19
reset,reset,Https,17086,17
reset,reset,Https,17129,17
reset,reset,Https,17171,19
reset,reset,Https,17214,19
reset,reset,Https,17257,18
reset,reset,Https,17300,21
reset,reset,Https,17343,19
reset,reset,Https,17386,17
reset,reset,Https,17429,17
reset,reset,Https,17471,19
reset,reset,Https,17514,19
reset,reset,Https,17557,18
reset,reset,Https,17600,21
reset,reset,Https,17643,19
reset,reset,Https,17686,17
reset,reset,Https,17729,17
reset,reset,Https,17771,19
reset,reset,Https,17814,19
reset,reset,Https,17857,18
reset,reset,Https,17900,21
reset,reset,Https,17943,19
reset,reset,Https,17986,17
reset,reset,Https,18029,17
reset,reset,Https,18071,19
reset,reset,Https,18114,19
reset,reset,Https,18157,18
reset,reset,Https,18200,21
reset,reset,Https,18243,19
reset,reset,Https,18286,17
reset,reset,Https,18329,17
reset,reset,Https,18371,19
reset,reset,Https,18414,19
reset,reset,Https,18457,18
reset,reset,Https,18500,21
reset,reset,Https,18543,19
reset,reset,Https,18586,17
reset,reset,Https,18629,17
reset,reset,Https,18671,19
reset,reset,Https,18714,19
reset,reset,Https,18757,18
reset,reset,Https,18800,21
reset,reset,Https,18843,19
reset,reset,Https,18886,17
reset,reset,Https,18929,17
reset,reset,Https,18971,19
reset,reset,Https,19014,19
reset,reset,Https,19057,18
reset,reset,Https,19100,21
reset,reset,Https,19143,19
reset,reset,Https,19186,17
reset,reset,Https,19229,17
reset,reset,Https,19271,19
reset,reset,Https,19314,19
reset,reset,Https,19357,18
reset,reset,Https,19400,21
reset,reset,Https,19443,19
reset,reset,Https,19486,17
reset,reset,Https,19529,17
reset,reset,Https,19571,19
reset,reset,Https,19614,19
reset,reset,Https,19657,18
reset,reset,Https,19700,21
reset,reset,Https,19743,19
reset,reset,Https,19786,17
reset,reset,Https,19829,17
reset,reset,Https,19871,19
reset,reset,Https,19914,19
reset,reset,Https,19957,18
reset,reset,Https,20000,21
reset,reset,Https,20043,19
reset,reset,Https,20086,17
reset,reset,Https,20129,17
reset,reset,Https,20171,19
reset,reset,Https,20214,19
reset,reset,Https,20257,18
reset,reset,Https,20300,21
reset,reset,Https,20343,19
reset,reset,Https,20386,17
reset,reset,Https,20429,17
reset,reset,Https,20471,19
reset,reset,Https,20514,19
reset,reset,Https,20557,18
reset,reset,Https,20600,21
reset,reset,Https,20643,19
reset,reset,Https,20686,17
reset,reset,Https,20729,17
reset,reset,Https,20771,19
reset,reset,Https,20814,19
reset,reset,Https,20857,18
reset,reset,Https,20900,21
reset,reset,Https,20943,19
reset,reset,Https,20986,17
reset,reset,Https,21029,17
reset,reset,Https,21071,19
reset,reset,Https,21114,19
reset,reset,Https,21157,18
reset,reset,Https,21200,21
reset,reset,Https,21243,19
reset,reset,Https,21286,17
reset,reset,Https,21329,17
reset,reset,Https,21371,19
reset,reset,Https,21414,19
reset,reset,Https,21457,18
reset,reset,Https,21500,21
reset,reset,Https,21543,19
reset,reset,Https,21586,17
reset,reset,Https,21629,17
reset,reset,Https,21671,19
reset,reset,Https,21714,19
reset,reset,Https,21757,18
reset,reset,Https,21800,21
reset,reset,Https,21843,19
reset,reset,Https,21886,17
reset,reset,Https,21929,17
reset,reset,Https,21971,19
reset,reset,Https,22014,19
reset,reset,Https,22057,18
reset,reset,Https,22100,21
reset,reset,Https,22143,19
reset,reset,Https,22186,17
reset,reset,Https,22229,17
reset,reset,Https,22271,19
reset,reset,Https,22314,19
reset,reset,Https,22357,18
reset,reset,Https,22400,21
reset,reset,Https,22443,19
reset,reset,Https,22486,17
reset,reset,Https,22529,17
reset,reset,Https,22571,19
reset,reset,Https,22614,19
reset,reset,Https,22657,18
reset,reset,Https,22700,21
reset,reset,Https,22743,19
reset,reset,Https,22786,17
reset,reset,Https,22829,17
reset,reset,Https,22871,19
reset,reset,Https,22914,19
reset,reset,Https,22957,18
reset,reset,Https,23000,21
reset,reset,Https,23043,19
reset,reset,Https,23086,17
reset,reset,Https,23129,17
reset,reset,Https,23171,19
reset,reset,Https,23214,19
reset,reset,Https,23257,18
reset,reset,Https,23300,21
reset,reset,Https,23343,19
reset,reset,Https,23386,17
reset,reset,Https,23429,17
reset,reset,Https,23471,19
reset,reset,Https,23514,19
reset,reset,Https,23557,18
reset,reset,Https,23600,21
reset,reset,Https,23643,19
reset,reset,Https,23686,17
reset,reset,Https,23729,17
reset,reset,Https,23771,19
reset,reset,Https,23814,19
reset,reset,Https,23857,18
reset,reset,Https,23900,21
reset,reset,Https,23943,19
reset,reset,Https,23986,17
reset,reset,Https,24029,17
reset,reset,Https,24071,19
reset,reset,Https,24114,19
reset,reset,Https,24157,18
reset,reset,Https,24200,21
reset,reset,Https,24243,19
reset,reset,Https,24286,17
reset,reset,Https,24329,17
reset,reset,Https,24371,19
reset,reset,Https,24414,19
reset,reset,Https,24457,18
reset,reset,Https,24500,21
reset,reset,Https,24543,19
reset,reset,Https,24586,17
reset,reset,Https,24629,17
reset,reset,Https,24671,19
reset,reset,Https,24714,19
reset,reset,Https,24757,18
reset,reset,Https,24800,21
reset,reset,Https,24843,19
reset,reset,Https,24886,17
reset,reset,Https,24929,17
reset,reset,Https,24971,19
reset,reset,Https,25014,19
reset,reset,Https,25057,18
reset,reset,Https,25100,21
reset,reset,Https,25143,19
reset,reset,Https,25186,17
reset,reset,Https,25229,17
reset,reset,Https,25271,19
reset,reset,Https,25314,19
reset,reset,Https,25357,18
reset,reset,Https,25400,21
reset,reset,Https,25443,19
reset,reset,Https,25486,17
reset,reset,Https,25529,17
reset,reset,Https,25571,19
reset,reset,Https,25614,19
reset,reset,Https,25657,18
reset,reset,Https,25700,21
reset,reset,Https,25743,19
reset,reset,Https,25786,17
reset,reset,Https,25829,17
reset,reset,Https,25871,19
reset,reset,Https,25914,19
reset,reset,Https,25957,18
reset,reset,Https,26000,21
reset,reset,Https,26043,19
reset,reset,Https,26086,17
reset,reset,Https,26129,17
reset,reset,Https,26171,19
reset,reset,Https,26214,19
reset,reset,Https,26257,18
reset,reset,Https,26300,21
reset,reset,Https,26343,19
reset,reset,Https,26386,17
reset,reset,Https,26429,17
reset,reset,Https,26471,19
reset,reset,Https,26514,19
reset,reset,Https,26557,18
reset,reset,Https,26600,21
reset,reset,Https,26643,19
reset,reset,Https,26686,17
reset,reset,Https,26729,17
reset,reset,Https,26771,19
reset,reset,Https,26814,19
reset,reset,Https,26857,18
reset,reset,Https,26900,21
reset,reset,Https,26943,19
reset,reset,Https,26986,17
reset,reset,Https,27029,17
reset,reset,Https,27071,19
reset,reset,Https,27114,19
reset,reset,Https,27157,18
reset,reset,Https,27200,21
reset,reset,Https,27243,19
reset,reset,Https,27286,17
reset,reset,Https,27329,17
reset,reset,Https,27371,19
reset,reset,Https,27414,19
reset,reset,Https,27457,18
reset,reset,Https,27500,21
reset,reset,Https,27543,19
reset,reset,Https,27586,17
reset,reset,Https,27629,17
reset,reset,Https,27671,19
reset,reset,Https,27714,19
reset,reset,Https,27757,18
reset,reset,Https,27800,21
reset,reset,Https,27843,19
reset,reset,Https,27886,17
reset,reset,Https,27929,17
reset,reset,Https,27971,19
reset,reset,Https,28014,19
reset,reset,Https,28057,18
reset,reset,Https,28100,21
reset,reset,Https,28143,19
reset,reset,Https,28186,17
reset,reset,Https,28229,17
reset,reset,Https,28271,19
reset,reset,Https,28314,19
reset,reset,Https,28357,18
reset,reset,Https,28400,21
reset,reset,Https,28443,19
reset,reset,Https,28486,17
reset,reset,Https,28529,17
reset,reset,Https,28571,19
reset,reset,Https,28614,19
reset,reset,Https,28657,18
reset,reset,Https,28700,21
reset,reset,Https,28743,19
reset,reset,Https,28786,17
reset,reset,Https,28829,17
reset,reset,Https,28871,19
reset,reset,Https,28914,19
reset,reset,Https,28957,18
reset,reset,Https,29000,21
reset,reset,Https,29043,19
reset,reset,Https,29086,17
reset,reset,Https,29129,17
reset,reset,Https,29171,19
reset,reset,Https,29214,19
reset,reset,Https,29257,18
reset,reset,Https,29300,21
reset,reset,Https,29343,19
reset,reset,Https,29386,17
reset,reset,Https,29429,17
reset,reset,Https,29471,19
reset,reset,Https,29514,19
reset,reset,Https,29557,18
reset,reset,Https,29600,34
reset,reset,Https,29643,24
reset,reset,Https,29686,14
reset,reset,Https,29729,20
reset,reset,Https,29771,12
reset,reset,Https,29814,25
reset,reset,Https,29857,19
reset,reset,Https,29900,34
reset,reset,Https,29943,24
reset,reset,Https,29986,14
reset,reset,Https,30029,20
reset,reset,Https,30071,12
reset,reset,Https,30114,25
reset,reset,Https,30157,19
reset,reset,Https,30200,34
reset,reset,Https,30243,24
reset,reset,Https,30286,14
reset,reset,Https,30329,20
reset,reset,Https,30371,12
reset,reset,Https,30414,25
reset,reset,Https,30457,19
reset,reset,Https,30500,34
reset,reset,Https,30543,24
reset,reset,Https,30586,14
reset,reset,Https,30629,20
reset,reset,Https,30671,12
reset,reset,Https,30714,25
reset,reset,Https,30757,19
reset,reset,Https,30800,34
reset,reset,Https,30843,24
reset,reset,Https,30886,14
reset,reset,Https,30929,20
reset,reset,Https,30971,12
reset,reset,Https,31014,25
reset,reset,Https,31057,19
reset,reset,Https,31100,34
reset,reset,Https,31143,24
reset,reset,Https,31186,14
reset,reset,Https,31229,20
reset,reset,Https,31271,12
reset,reset,Https,31314,25
reset,reset,Https,31357,19
reset,reset,Https,31400,34
reset,reset,Https,31443,24
reset,reset,Https,31486,14
reset,reset,Https,31529,20
reset,reset,Https,31571,12
reset,reset,Https,31614,25
reset,reset,Https,31657,19
reset,reset,Https,31700,34
reset,reset,Https,31743,24
reset,reset,Https,31786,14
reset,reset,Https,31829,20
reset,reset,Https,31871,12
reset,reset,Https,31914,25
reset,reset,Https,31957,19
reset,reset,Https,32000,34
reset,reset,Https,32043,24
reset,reset,Https,32086,14
reset,reset,Https,32129,20
reset,reset,Https,32171,12
reset,reset,Https,32214,25
reset,reset,Https,32257,19
reset,reset,Https,32300,34
reset,reset,Https,32343,24
reset,reset,Https,32386,14
reset,reset,Https,32429,20
reset,reset,Https,32471,12
reset,reset,Https,32514,25
reset,reset,Https,32557,19
reset,reset,Https,32600,34
reset,reset,Https,32643,24
reset,reset,Https,32686,14
reset,reset,Https,32729,20
reset,reset,Https,32771,12
reset,reset,Https,32814,25
reset,reset,Https,32857,19
reset,reset,Https,32900,34
reset,reset,Https,32943,24
reset,reset,Https,32986,14
reset,reset,Https,33029,20
reset,reset,Https,33071,12
reset,reset,Https,33114,25
reset,reset,Https,33157,19
reset,reset,Https,33200,34
reset,reset,Https,33243,24
reset,reset,Https,33286,14
reset,reset,Https,33329,20
reset,reset,Https,33371,12
reset,reset,Https,33414,25
reset,reset,Https,33457,19
reset,reset,Https,33500,34
reset,reset,Https,33543,24
reset,reset,Https,33586,14
reset,reset,Https,33629,20
reset,reset,Https,33671,12
reset,reset,Https,33714,25
reset,reset,Https,33757,19
reset,reset,Https,33800,34
reset,reset,Https,33843,24
reset,reset,Https,33886,14
reset,reset,Https,33929,20
reset,reset,Https,33971,12
