request_id,global_flow_id,size_bytes,arrival_cycle,admitted_cycle,completed_cycle,admission_delay_cycles,sojourn_cycles
1,1,48,0,1,24,1,24
3,3,48,5,6,27,1,22
2,2,48,3,4,30,1,27
4,4,48,8,9,33,1,25
6,6,48,14,15,36,1,22
5,5,48,11,13,39,2,28
7,7,48,16,18,42,2,26
9,9,48,22,23,45,1,23
8,8,48,19,20,48,1,29
10,10,48,25,26,51,1,26
12,12,48,30,32,54,2,24
13,13,48,33,35,57,2,24
11,11,48,27,29,60,2,33
14,14,48,35,36,63,1,28
15,15,48,38,39,66,1,28
17,1,48,44,45,69,1,25
16,16,48,41,43,72,2,31
18,2,48,47,49,75,2,28
19,3,48,49,50,78,1,29
22,6,48,58,59,81,1,23
20,4,48,52,53,84,1,32
21,5,48,55,56,87,1,32
23,7,48,60,62,90,2,30
25,9,48,66,68,93,2,27
24,8,48,63,65,96,2,33
26,10,48,69,71,99,2,30
28,12,48,74,75,102,1,28
29,13,48,77,79,105,2,28
31,15,48,82,83,108,1,26
27,11,48,71,72,111,1,40
30,14,48,79,80,114,1,35
32,16,48,85,86,117,1,32
33,1,48,87,89,120,2,33
35,3,48,92,93,123,1,31
34,2,48,90,92,126,2,36
36,4,48,95,96,129,1,34
38,6,48,101,102,132,1,31
39,7,48,103,105,135,2,32
41,9,48,109,110,138,1,29
37,5,48,98,100,141,2,43
40,8,48,106,107,144,1,38
42,10,48,112,113,147,1,35
44,12,48,117,119,150,2,33
45,13,48,120,122,153,2,33
47,15,48,125,126,156,1,31
43,11,48,114,116,159,2,45
46,14,48,122,123,162,1,40
48,16,48,128,130,165,2,37
49,1,48,131,132,168,1,37
51,3,48,136,137,171,1,35
54,6,48,145,146,174,1,29
50,2,48,134,136,177,2,43
52,4,48,139,140,180,1,41
53,5,48,142,143,183,1,41
55,7,48,147,149,186,2,39
57,9,48,153,155,189,2,36
60,12,48,161,162,192,1,31
56,8,48,150,152,195,2,45
58,10,48,156,158,198,2,42
59,11,48,158,159,201,1,43
61,13,48,164,166,204,2,40
63,15,48,169,170,207,1,38
65,1,48,175,176,210,1,35
67,3,48,180,182,213,2,33
62,14,48,166,167,216,1,50
64,16,48,172,173,219,1,47
66,2,48,178,179,222,1,44
68,4,48,183,185,225,2,42
70,6,48,189,191,228,2,39
71,7,48,191,192,231,1,40
73,9,48,197,199,234,2,37
69,5,48,186,188,237,2,51
72,8,48,194,195,240,1,46
74,10,48,200,201,243,1,43
76,12,48,205,206,246,1,41
77,13,48,208,209,249,1,41
79,15,48,213,215,252,2,39
81,1,48,218,219,255,1,37
75,11,48,202,204,258,2,56
78,14,48,210,212,261,2,51
80,16,48,216,218,264,2,48
82,2,48,221,222,267,1,46
83,3,48,223,225,270,2,47
86,6,48,232,233,273,1,41
87,7,48,234,236,276,2,42
89,9,48,240,242,279,2,39
84,4,48,226,227,282,1,56
85,5,48,229,230,285,1,56
88,8,48,237,239,288,2,51
90,10,48,243,245,291,2,48
92,12,48,248,249,294,1,46
93,13,48,251,253,297,2,46
95,15,48,256,257,300,1,44
97,1,48,262,263,303,1,41
108,12,48,292,293,306,1,14
109,13,48,295,296,309,1,14
96,16,48,259,260,312,1,53
98,2,48,265,266,315,1,50
99,3,48,267,269,318,2,51
102,6,48,276,278,321,2,45
103,7,48,278,279,324,1,46
105,9,48,284,286,327,2,43
100,4,48,270,272,330,2,60
101,5,48,273,275,333,2,60
119,7,48,321,323,336,2,15
106,10,48,287,288,339,1,52
91,11,48,245,246,342,1,97
94,14,48,253,254,345,1,92
111,15,48,300,302,348,2,48
113,1,48,305,306,351,1,46
124,12,48,335,336,354,1,19
125,13,48,338,340,357,2,19
112,16,48,303,305,360,2,57
129,1,48,349,350,363,1,14
115,3,48,310,312,366,2,56
118,6,48,319,320,369,1,50
104,8,48,281,282,372,1,91
121,9,48,327,329,375,2,48
116,4,48,313,314,378,1,65
134,6,48,363,365,381,2,18
135,7,48,365,366,384,1,19
122,10,48,330,332,387,2,57
107,11,48,289,291,390,2,101
110,14,48,297,299,393,2,96
127,15,48,343,344,396,1,53
114,2,48,308,309,399,1,91
140,12,48,379,380,402,1,23
141,13,48,382,383,405,1,23
128,16,48,346,347,408,1,62
145,1,48,393,395,411,2,18
131,3,48,354,356,414,2,60
117,5,48,316,317,417,1,101
120,8,48,324,326,420,2,96
137,9,48,371,373,423,2,52
132,4,48,357,359,426,2,69
150,6,48,407,408,429,1,22
151,7,48,409,411,432,2,23
138,10,48,374,375,435,1,61
156,12,48,423,425,438,2,15
157,13,48,426,428,441,2,15
143,15,48,387,389,444,2,57
130,2,48,352,353,447,1,95
123,11,48,332,333,450,1,118
126,14,48,340,341,453,1,113
144,16,48,390,392,456,2,66
161,1,48,436,437,459,1,23
147,3,48,398,399,462,1,64
166,6,48,450,452,465,2,15
167,7,48,452,453,468,1,16
153,9,48,415,416,471,1,56
148,4,48,401,402,474,1,73
133,5,48,360,362,477,2,117
136,8,48,368,369,480,1,112
154,10,48,418,419,483,1,65
172,12,48,466,467,486,1,20
173,13,48,469,470,489,1,20
159,15,48,431,432,492,1,61
177,1,48,480,482,495,2,15
139,11,48,376,378,498,2,122
142,14,48,384,386,501,2,117
160,16,48,434,436,504,2,70
146,2,48,396,398,507,2,111
163,3,48,441,443,510,2,69
182,6,48,494,495,513,1,19
183,7,48,496,498,516,2,20
169,9,48,458,460,519,2,61
164,4,48,444,446,522,2,78
149,5,48,404,406,525,2,121
152,8,48,412,413,528,1,116
170,10,48,461,462,531,1,70
188,12,48,510,512,534,2,24
189,13,48,513,515,537,2,24
175,15,48,474,476,540,2,66
193,1,48,524,525,543,1,19
155,11,48,420,422,546,2,126
158,14,48,428,429,549,1,121
176,16,48,477,479,552,2,75
162,2,48,439,440,555,1,116
179,3,48,485,486,558,1,73
198,6,48,538,539,561,1,23
199,7,48,540,542,564,2,24
185,9,48,502,503,567,1,65
180,4,48,488,489,570,1,82
165,5,48,447,449,573,2,126
168,8,48,455,456,576,1,121
186,10,48,505,506,579,1,74
204,12,48,554,555,582,1,28
205,13,48,557,559,585,2,28
191,15,48,518,519,588,1,70
209,1,48,567,569,591,2,24
171,11,48,463,465,594,2,131
174,14,48,471,473,597,2,126
192,16,48,521,523,600,2,79
178,2,48,483,485,603,2,120
195,3,48,529,530,606,1,77
214,6,48,581,582,609,1,28
215,7,48,583,585,612,2,29
201,9,48,546,548,615,2,69
196,4,48,532,533,618,1,86
181,5,48,491,493,621,2,130
184,8,48,499,500,624,1,125
202,10,48,549,551,627,2,78
220,12,48,597,599,630,2,33
221,13,48,600,602,633,2,33
207,15,48,562,563,636,1,74
225,1,48,611,612,639,1,28
187,11,48,507,509,642,2,135
190,14,48,515,516,645,1,130
208,16,48,565,566,648,1,83
194,2,48,527,529,651,2,124
211,3,48,572,573,654,1,82
230,6,48,625,626,657,1,32
231,7,48,627,629,660,2,33
217,9,48,589,590,663,1,74
212,4,48,575,576,666,1,91
197,5,48,535,536,669,1,134
200,8,48,543,545,672,2,129
218,10,48,592,593,675,1,83
236,12,48,641,642,678,1,37
237,13,48,644,646,681,2,37
223,15,48,605,606,684,1,79
241,1,48,655,656,687,1,32
203,11,48,551,552,690,1,139
206,14,48,559,560,693,1,134
224,16,48,608,610,696,2,88
210,2,48,570,572,699,2,129
227,3,48,616,617,702,1,86
246,6,48,669,671,705,2,36
247,7,48,671,672,708,1,37
233,9,48,633,635,711,2,78
228,4,48,619,620,714,1,95
213,5,48,578,580,717,2,139
216,8,48,586,587,720,1,134
234,10,48,636,638,723,2,87
252,12,48,685,686,726,1,41
253,13,48,688,689,729,1,41
239,15,48,649,650,732,1,83
257,1,48,698,699,735,1,37
219,11,48,594,596,738,2,144
222,14,48,602,603,741,1,139
240,16,48,652,653,744,1,92
226,2,48,614,616,747,2,133
243,3,48,660,662,750,2,90
262,6,48,712,713,753,1,41
263,7,48,714,716,756,2,42
249,9,48,677,679,759,2,82
244,4,48,663,665,762,2,99
229,5,48,622,623,765,1,143
232,8,48,630,632,768,2,138
250,10,48,680,681,771,1,91
268,12,48,728,729,774,1,46
269,13,48,731,733,777,2,46
255,15,48,693,695,780,2,87
273,1,48,742,743,783,1,41
284,12,48,772,773,786,1,14
285,13,48,775,776,789,1,14
256,16,48,696,698,792,2,96
242,2,48,658,659,795,1,137
259,3,48,703,705,798,2,95
278,6,48,756,758,801,2,45
279,7,48,758,759,804,1,46
265,9,48,720,722,807,2,87
260,4,48,706,707,810,1,104
245,5,48,666,668,813,2,147
295,7,48,801,803,816,2,15
266,10,48,723,725,819,2,96
235,11,48,638,639,822,1,184
238,14,48,646,647,825,1,179
271,15,48,736,737,828,1,92
289,1,48,785,786,831,1,46
300,12,48,815,816,834,1,19
301,13,48,818,820,837,2,19
272,16,48,739,740,840,1,101
305,1,48,829,830,843,1,14
275,3,48,747,749,846,2,99
294,6,48,799,800,849,1,50
248,8,48,674,675,852,1,178
281,9,48,764,766,855,2,91
276,4,48,750,752,858,2,108
310,6,48,843,845,861,2,18
311,7,48,845,846,864,1,19
282,10,48,767,768,867,1,100
251,11,48,682,684,870,2,188
254,14,48,690,692,873,2,183
287,15,48,780,782,876,2,96
258,2,48,701,702,879,1,178
316,12,48,859,860,882,1,23
317,13,48,862,863,885,1,23
288,16,48,783,785,888,2,105
321,1,48,873,875,891,2,18
291,3,48,790,792,894,2,104
261,5,48,709,710,897,1,188
264,8,48,717,719,900,2,183
297,9,48,807,809,903,2,96
292,4,48,793,794,906,1,113
326,6,48,887,888,909,1,22
327,7,48,889,891,912,2,23
298,10,48,810,812,915,2,105
332,12,48,903,905,918,2,15
333,13,48,906,908,921,2,15
303,15,48,823,824,924,1,101
274,2,48,745,746,927,1,182
267,11,48,725,726,930,1,205
270,14,48,733,734,933,1,200
304,16,48,826,827,936,1,110
337,1,48,916,917,939,1,23
307,3,48,834,836,942,2,108
342,6,48,930,932,945,2,15
343,7,48,932,933,948,1,16
313,9,48,851,853,951,2,100
308,4,48,837,839,954,2,117
277,5,48,753,755,957,2,204
280,8,48,761,762,960,1,199
314,10,48,854,855,963,1,109
348,12,48,946,947,966,1,20
349,13,48,949,950,969,1,20
319,15,48,867,869,972,2,105
353,1,48,960,962,975,2,15
283,11,48,769,771,978,2,209
286,14,48,777,779,981,2,204
320,16,48,870,872,984,2,114
290,2,48,788,789,987,1,199
323,3,48,878,879,990,1,112
358,6,48,974,975,993,1,19
359,7,48,976,978,996,2,20
329,9,48,895,896,999,1,104
324,4,48,881,882,1002,1,121
293,5,48,796,797,1005,1,209
296,8,48,804,806,1008,2,204
330,10,48,898,899,1011,1,113
364,12,48,990,992,1014,2,24
365,13,48,993,995,1017,2,24
335,15,48,911,912,1020,1,109
369,1,48,1004,1005,1023,1,19
299,11,48,812,813,1026,1,214
302,14,48,820,821,1029,1,209
336,16,48,914,916,1032,2,118
306,2,48,832,833,1035,1,203
339,3,48,921,923,1038,2,117
374,6,48,1018,1019,1041,1,23
375,7,48,1020,1022,1044,2,24
345,9,48,938,940,1047,2,109
340,4,48,924,926,1050,2,126
309,5,48,840,842,1053,2,213
312,8,48,848,849,1056,1,208
346,10,48,941,942,1059,1,118
380,12,48,1034,1035,1062,1,28
381,13,48,1037,1039,1065,2,28
351,15,48,954,956,1068,2,114
385,1,48,1047,1049,1071,2,24
315,11,48,856,858,1074,2,218
318,14,48,864,866,1077,2,213
352,16,48,957,959,1080,2,123
322,2,48,876,878,1083,2,207
355,3,48,965,966,1086,1,121
390,6,48,1061,1062,1089,1,28
391,7,48,1063,1065,1092,2,29
361,9,48,982,983,1095,1,113
356,4,48,968,969,1098,1,130
325,5,48,884,886,1101,2,217
328,8,48,892,893,1104,1,212
362,10,48,985,986,1107,1,122
396,12,48,1077,1079,1110,2,33
397,13,48,1080,1082,1113,2,33
367,15,48,998,999,1116,1,118
401,1,48,1091,1092,1119,1,28
331,11,48,900,902,1122,2,222
334,14,48,908,909,1125,1,217
368,16,48,1001,1003,1128,2,127
338,2,48,919,920,1131,1,212
371,3,48,1009,1010,1134,1,125
406,6,48,1105,1106,1137,1,32
407,7,48,1107,1109,1140,2,33
377,9,48,1026,1028,1143,2,117
372,4,48,1012,1013,1146,1,134
341,5,48,927,929,1149,2,222
344,8,48,935,936,1152,1,217
378,10,48,1029,1031,1155,2,126
412,12,48,1121,1122,1158,1,37
413,13,48,1124,1126,1161,2,37
383,15,48,1042,1043,1164,1,122
417,1,48,1135,1136,1167,1,32
347,11,48,943,945,1170,2,227
350,14,48,951,953,1173,2,222
384,16,48,1045,1046,1176,1,131
354,2,48,963,965,1179,2,216
387,3,48,1052,1053,1182,1,130
422,6,48,1149,1151,1185,2,36
423,7,48,1151,1152,1188,1,37
393,9,48,1069,1070,1191,1,122
388,4,48,1055,1056,1194,1,139
357,5,48,971,973,1197,2,226
360,8,48,979,980,1200,1,221
394,10,48,1072,1073,1203,1,131
428,12,48,1165,1166,1206,1,41
429,13,48,1168,1169,1209,1,41
399,15,48,1085,1086,1212,1,127
433,1,48,1178,1179,1215,1,37
363,11,48,987,989,1218,2,231
366,14,48,995,996,1221,1,226
400,16,48,1088,1090,1224,2,136
370,2,48,1007,1009,1227,2,220
403,3,48,1096,1097,1230,1,134
438,6,48,1192,1193,1233,1,41
439,7,48,1194,1196,1236,2,42
409,9,48,1113,1115,1239,2,126
404,4,48,1099,1100,1242,1,143
373,5,48,1015,1016,1245,1,230
376,8,48,1023,1025,1248,2,225
410,10,48,1116,1118,1251,2,135
444,12,48,1208,1209,1254,1,46
445,13,48,1211,1213,1257,2,46
415,15,48,1129,1130,1260,1,131
449,1,48,1222,1223,1263,1,41
460,12,48,1252,1253,1266,1,14
461,13,48,1255,1256,1269,1,14
416,16,48,1132,1133,1272,1,140
386,2,48,1050,1052,1275,2,225
419,3,48,1140,1142,1278,2,138
454,6,48,1236,1238,1281,2,45
455,7,48,1238,1239,1284,1,46
425,9,48,1157,1159,1287,2,130
420,4,48,1143,1145,1290,2,147
389,5,48,1058,1060,1293,2,235
471,7,48,1281,1283,1296,2,15
426,10,48,1160,1161,1299,1,139
379,11,48,1031,1032,1302,1,271
382,14,48,1039,1040,1305,1,266
431,15,48,1173,1175,1308,2,135
465,1,48,1265,1266,1311,1,46
476,12,48,1295,1296,1314,1,19
477,13,48,1298,1300,1317,2,19
432,16,48,1176,1178,1320,2,144
481,1,48,1309,1310,1323,1,14
435,3,48,1183,1185,1326,2,143
470,6,48,1279,1280,1329,1,50
392,8,48,1066,1067,1332,1,266
441,9,48,1200,1202,1335,2,135
436,4,48,1186,1187,1338,1,152
486,6,48,1323,1325,1341,2,18
487,7,48,1325,1326,1344,1,19
442,10,48,1203,1205,1347,2,144
395,11,48,1074,1076,1350,2,276
398,14,48,1082,1083,1353,1,271
447,15,48,1216,1217,1356,1,140
402,2,48,1094,1096,1359,2,265
492,12,48,1339,1340,1362,1,23
493,13,48,1342,1343,1365,1,23
448,16,48,1219,1220,1368,1,149
497,1,48,1353,1355,1371,2,18
451,3,48,1227,1229,1374,2,147
405,5,48,1102,1103,1377,1,275
408,8,48,1110,1112,1380,2,270
457,9,48,1244,1246,1383,2,139
452,4,48,1230,1232,1386,2,156
502,6,48,1367,1368,1389,1,22
503,7,48,1369,1371,1392,2,23
458,10,48,1247,1248,1395,1,148
508,12,48,1383,1385,1398,2,15
509,13,48,1386,1388,1401,2,15
463,15,48,1260,1262,1404,2,144
418,2,48,1138,1139,1407,1,269
411,11,48,1118,1119,1410,1,292
414,14,48,1126,1127,1413,1,287
464,16,48,1263,1265,1416,2,153
513,1,48,1396,1397,1419,1,23
467,3,48,1270,1272,1422,2,152
518,6,48,1410,1412,1425,2,15
519,7,48,1412,1413,1428,1,16
473,9,48,1287,1289,1431,2,144
468,4,48,1273,1274,1434,1,161
421,5,48,1146,1148,1437,2,291
424,8,48,1154,1155,1440,1,286
474,10,48,1290,1292,1443,2,153
524,12,48,1426,1427,1446,1,20
525,13,48,1429,1430,1449,1,20
479,15,48,1303,1304,1452,1,149
529,1,48,1440,1442,1455,2,15
427,11,48,1162,1164,1458,2,296
430,14,48,1170,1172,1461,2,291
480,16,48,1306,1307,1464,1,158
434,2,48,1181,1182,1467,1,286
483,3,48,1314,1316,1470,2,156
534,6,48,1454,1455,1473,1,19
535,7,48,1456,1458,1476,2,20
489,9,48,1331,1333,1479,2,148
484,4,48,1317,1319,1482,2,165
437,5,48,1189,1190,1485,1,296
440,8,48,1197,1199,1488,2,291
490,10,48,1334,1335,1491,1,157
540,12,48,1470,1472,1494,2,24
541,13,48,1473,1475,1497,2,24
495,15,48,1347,1349,1500,2,153
545,1,48,1484,1485,1503,1,19
443,11,48,1205,1206,1506,1,301
446,14,48,1213,1214,1509,1,296
496,16,48,1350,1352,1512,2,162
450,2,48,1225,1226,1515,1,290
499,3,48,1358,1359,1518,1,160
550,6,48,1498,1499,1521,1,23
551,7,48,1500,1502,1524,2,24
505,9,48,1375,1376,1527,1,152
500,4,48,1361,1362,1530,1,169
453,5,48,1233,1235,1533,2,300
456,8,48,1241,1242,1536,1,295
506,10,48,1378,1379,1539,1,161
556,12,48,1514,1515,1542,1,28
557,13,48,1517,1519,1545,2,28
511,15,48,1391,1392,1548,1,157
561,1,48,1527,1529,1551,2,24
459,11,48,1249,1251,1554,2,305
462,14,48,1257,1259,1557,2,300
512,16,48,1394,1396,1560,2,166
466,2,48,1268,1269,1563,1,295
515,3,48,1401,1403,1566,2,165
566,6,48,1541,1542,1569,1,28
567,7,48,1543,1545,1572,2,29
521,9,48,1418,1420,1575,2,157
516,4,48,1404,1406,1578,2,174
469,5,48,1276,1277,1581,1,305
472,8,48,1284,1286,1584,2,300
522,10,48,1421,1422,1587,1,166
572,12,48,1557,1559,1590,2,33
573,13,48,1560,1562,1593,2,33
527,15,48,1434,1436,1596,2,162
577,1,48,1571,1572,1599,1,28
475,11,48,1292,1293,1602,1,310
478,14,48,1300,1301,1605,1,305
528,16,48,1437,1439,1608,2,171
482,2,48,1312,1313,1611,1,299
531,3,48,1445,1446,1614,1,169
582,6,48,1585,1586,1617,1,32
583,7,48,1587,1589,1620,2,33
537,9,48,1462,1463,1623,1,161
532,4,48,1448,1449,1626,1,178
485,5,48,1320,1322,1629,2,309
488,8,48,1328,1329,1632,1,304
538,10,48,1465,1466,1635,1,170
588,12,48,1601,1602,1638,1,37
589,13,48,1604,1606,1641,2,37
543,15,48,1478,1479,1644,1,166
593,1,48,1615,1616,1647,1,32
491,11,48,1336,1338,1650,2,314
494,14,48,1344,1346,1653,2,309
544,16,48,1481,1483,1656,2,175
498,2,48,1356,1358,1659,2,303
547,3,48,1489,1490,1662,1,173
598,6,48,1629,1631,1665,2,36
599,7,48,1631,1632,1668,1,37
553,9,48,1506,1508,1671,2,165
548,4,48,1492,1493,1674,1,182
501,5,48,1364,1366,1677,2,313
504,8,48,1372,1373,1680,1,308
554,10,48,1509,1511,1683,2,174
604,12,48,1645,1646,1686,1,41
605,13,48,1648,1649,1689,1,41
559,15,48,1522,1523,1692,1,170
609,1,48,1658,1659,1695,1,37
507,11,48,1380,1382,1698,2,318
510,14,48,1388,1389,1701,1,313
560,16,48,1525,1526,1704,1,179
514,2,48,1399,1400,1707,1,308
563,3,48,1532,1533,1710,1,178
614,6,48,1672,1673,1713,1,41
615,7,48,1674,1676,1716,2,42
569,9,48,1549,1550,1719,1,170
564,4,48,1535,1536,1722,1,187
517,5,48,1407,1409,1725,2,318
520,8,48,1415,1416,1728,1,313
570,10,48,1552,1553,1731,1,179
620,12,48,1688,1689,1734,1,46
621,13,48,1691,1693,1737,2,46
575,15,48,1565,1566,1740,1,175
625,1,48,1702,1703,1743,1,41
636,12,48,1732,1733,1746,1,14
637,13,48,1735,1736,1749,1,14
576,16,48,1568,1570,1752,2,184
530,2,48,1443,1445,1755,2,312
579,3,48,1576,1577,1758,1,182
630,6,48,1716,1718,1761,2,45
631,7,48,1718,1719,1764,1,46
585,9,48,1593,1595,1767,2,174
580,4,48,1579,1580,1770,1,191
533,5,48,1451,1453,1773,2,322
647,7,48,1761,1763,1776,2,15
586,10,48,1596,1598,1779,2,183
523,11,48,1423,1425,1782,2,359
526,14,48,1431,1433,1785,2,354
591,15,48,1609,1610,1788,1,179
641,1,48,1745,1746,1791,1,46
652,12,48,1775,1776,1794,1,19
653,13,48,1778,1780,1797,2,19
592,16,48,1612,1613,1800,1,188
657,1,48,1789,1790,1803,1,14
595,3,48,1620,1622,1806,2,186
646,6,48,1759,1760,1809,1,50
536,8,48,1459,1460,1812,1,353
601,9,48,1637,1639,1815,2,178
596,4,48,1623,1625,1818,2,195
662,6,48,1803,1805,1821,2,18
663,7,48,1805,1806,1824,1,19
602,10,48,1640,1641,1827,1,187
539,11,48,1467,1469,1830,2,363
542,14,48,1475,1476,1833,1,358
607,15,48,1653,1655,1836,2,183
546,2,48,1487,1489,1839,2,352
668,12,48,1819,1820,1842,1,23
669,13,48,1822,1823,1845,1,23
608,16,48,1656,1658,1848,2,192
673,1,48,1833,1835,1851,2,18
611,3,48,1663,1665,1854,2,191
549,5,48,1495,1496,1857,1,362
552,8,48,1503,1505,1860,2,357
617,9,48,1680,1682,1863,2,183
612,4,48,1666,1667,1866,1,200
678,6,48,1847,1848,1869,1,22
679,7,48,1849,1851,1872,2,23
618,10,48,1683,1685,1875,2,192
684,12,48,1863,1865,1878,2,15
685,13,48,1866,1868,1881,2,15
623,15,48,1696,1697,1884,1,188
562,2,48,1530,1532,1887,2,357
555,11,48,1511,1512,1890,1,379
558,14,48,1519,1520,1893,1,374
624,16,48,1699,1700,1896,1,197
689,1,48,1876,1877,1899,1,23
627,3,48,1707,1709,1902,2,195
694,6,48,1890,1892,1905,2,15
695,7,48,1892,1893,1908,1,16
633,9,48,1724,1726,1911,2,187
628,4,48,1710,1712,1914,2,204
565,5,48,1538,1540,1917,2,379
568,8,48,1546,1547,1920,1,374
634,10,48,1727,1728,1923,1,196
700,12,48,1906,1907,1926,1,20
701,13,48,1909,1910,1929,1,20
639,15,48,1740,1742,1932,2,192
705,1,48,1920,1922,1935,2,15
571,11,48,1554,1556,1938,2,384
574,14,48,1562,1563,1941,1,379
640,16,48,1743,1745,1944,2,201
578,2,48,1574,1576,1947,2,373
643,3,48,1750,1752,1950,2,200
710,6,48,1934,1935,1953,1,19
711,7,48,1936,1938,1956,2,20
649,9,48,1767,1769,1959,2,192
644,4,48,1753,1754,1962,1,209
581,5,48,1582,1583,1965,1,383
584,8,48,1590,1592,1968,2,378
650,10,48,1770,1772,1971,2,201
716,12,48,1950,1952,1974,2,24
717,13,48,1953,1955,1977,2,24
655,15,48,1783,1784,1980,1,197
721,1,48,1964,1965,1983,1,19
587,11,48,1598,1599,1986,1,388
590,14,48,1606,1607,1989,1,383
656,16,48,1786,1787,1992,1,206
594,2,48,1618,1619,1995,1,377
659,3,48,1794,1796,1998,2,204
726,6,48,1978,1979,2001,1,23
727,7,48,1980,1982,2004,2,24
665,9,48,1811,1813,2007,2,196
660,4,48,1797,1799,2010,2,213
597,5,48,1626,1628,2013,2,387
600,8,48,1634,1635,2016,1,382
666,10,48,1814,1815,2019,1,205
732,12,48,1994,1995,2022,1,28
733,13,48,1997,1999,2025,2,28
671,15,48,1827,1829,2028,2,201
735,1,48,2000,2001,2031,1,31
603,11,48,1642,1644,2034,2,392
606,14,48,1650,1652,2037,2,387
672,16,48,1830,1832,2040,2,210
610,2,48,1661,1662,2043,1,382
675,3,48,1838,1839,2046,1,208
740,6,48,2014,2015,2049,1,35
741,7,48,2016,2018,2052,2,36
681,9,48,1855,1856,2055,1,200
676,4,48,1841,1842,2058,1,217
613,5,48,1669,1670,2061,1,392
616,8,48,1677,1679,2064,2,387
682,10,48,1858,1859,2067,1,209
746,12,48,2030,2031,2070,1,40
747,13,48,2033,2035,2073,2,40
687,15,48,1871,1872,2076,1,205
753,1,48,2049,2051,2079,2,30
751,17,48,2044,2045,2082,1,38
619,11,48,1685,1686,2085,1,400
622,14,48,1693,1694,2088,1,395
688,16,48,1874,1876,2091,2,217
626,2,48,1705,1706,2094,1,389
691,3,48,1881,1883,2097,2,216
758,6,48,2063,2064,2100,1,37
759,7,48,2065,2067,2103,2,38
697,9,48,1898,1900,2106,2,208
769,17,48,2093,2094,2109,1,16
692,4,48,1884,1886,2112,2,228
629,5,48,1713,1715,2115,2,402
632,8,48,1721,1722,2118,1,397
698,10,48,1901,1902,2121,1,220
764,12,48,2079,2081,2124,2,45
765,13,48,2082,2084,2127,2,45
703,15,48,1914,1916,2130,2,216
771,1,48,2098,2099,2133,1,35
752,18,48,2046,2048,2136,2,90
635,11,48,1729,1731,2139,2,410
638,14,48,1737,1739,2142,2,405
704,16,48,1917,1919,2145,2,228
642,2,48,1748,1749,2148,1,400
707,3,48,1925,1926,2151,1,226
776,6,48,2112,2114,2154,2,42
777,7,48,2114,2115,2157,1,43
713,9,48,1942,1943,2160,1,218
787,17,48,2142,2144,2163,2,21
708,4,48,1928,1929,2166,1,238
645,5,48,1756,1757,2169,1,413
648,8,48,1764,1766,2172,2,408
714,10,48,1945,1946,2175,1,230
782,12,48,2128,2129,2178,1,50
783,13,48,2131,2132,2181,1,50
719,15,48,1958,1959,2184,1,226
789,1,48,2147,2148,2187,1,40
770,18,48,2095,2097,2190,2,95
800,12,48,2177,2178,2193,1,16
801,13,48,2180,2182,2196,2,16
720,16,48,1961,1963,2199,2,238
658,2,48,1792,1793,2202,1,410
723,3,48,1969,1970,2205,1,236
794,6,48,2161,2162,2208,1,47
795,7,48,2163,2165,2211,2,48
729,9,48,1986,1988,2214,2,228
805,17,48,2191,2192,2217,1,26
724,4,48,1972,1973,2220,1,248
661,5,48,1800,1802,2223,2,423
813,7,48,2212,2214,2226,2,14
730,10,48,1989,1991,2229,2,240
651,11,48,1772,1773,2232,1,460
654,14,48,1780,1781,2235,1,455
807,1,48,2196,2198,2238,2,42
749,15,48,2038,2039,2241,1,203
788,18,48,2144,2145,2244,1,100
818,12,48,2226,2228,2247,2,21
819,13,48,2229,2231,2250,2,21
674,2,48,1836,1838,2253,2,417
737,3,48,2005,2007,2256,2,251
812,6,48,2210,2211,2259,1,49
664,8,48,1808,1809,2262,1,454
743,9,48,2022,2024,2265,2,243
750,16,48,2041,2042,2268,1,227
823,17,48,2240,2241,2271,1,31
738,4,48,2008,2009,2274,1,266
830,6,48,2259,2261,2277,2,18
831,7,48,2261,2262,2280,1,19
744,10,48,2025,2027,2283,2,258
667,11,48,1816,1818,2286,2,470
670,14,48,1824,1826,2289,2,465
825,1,48,2245,2246,2292,1,47
767,15,48,2087,2088,2295,1,208
806,18,48,2193,2195,2298,2,105
836,12,48,2275,2276,2301,1,26
837,13,48,2278,2279,2304,1,26
843,1,48,2295,2296,2307,1,12
755,3,48,2054,2055,2310,1,256
677,5,48,1844,1846,2313,2,469
680,8,48,1852,1853,2316,1,464
761,9,48,2071,2072,2319,1,248
768,16,48,2090,2092,2322,2,232
841,17,48,2289,2291,2325,2,36
756,4,48,2057,2058,2328,1,271
848,6,48,2309,2311,2331,2,22
849,7,48,2311,2312,2334,1,23
762,10,48,2074,2075,2337,1,263
854,12,48,2325,2327,2340,2,15
855,13,48,2328,2330,2343,2,15
690,2,48,1879,1880,2346,1,467
785,15,48,2136,2138,2349,2,213
859,17,48,2339,2340,2352,1,13
683,11,48,1860,1862,2355,2,495
686,14,48,1868,1869,2358,1,490
861,1,48,2344,2345,2361,1,17
773,3,48,2103,2105,2364,2,261
693,5,48,1887,1889,2367,2,480
696,8,48,1895,1896,2370,1,475
779,9,48,2120,2122,2373,2,253
786,16,48,2139,2141,2376,2,237
824,18,48,2242,2244,2379,2,137
774,4,48,2106,2108,2382,2,276
866,6,48,2358,2360,2385,2,27
867,7,48,2360,2361,2388,1,28
780,10,48,2123,2124,2391,1,268
872,12,48,2374,2375,2394,1,20
873,13,48,2377,2378,2397,1,20
706,2,48,1923,1925,2400,2,477
803,15,48,2185,2186,2403,1,218
877,17,48,2388,2390,2406,2,18
699,11,48,1903,1905,2409,2,506
702,14,48,1911,1913,2412,2,501
879,1,48,2393,2394,2415,1,22
791,3,48,2152,2153,2418,1,266
709,5,48,1931,1933,2421,2,490
885,7,48,2409,2411,2424,2,15
797,9,48,2169,2171,2427,2,258
804,16,48,2188,2189,2430,1,242
842,18,48,2291,2292,2433,1,142
792,4,48,2155,2156,2436,1,281
884,6,48,2407,2408,2439,1,32
712,8,48,1939,1940,2442,1,503
798,10,48,2172,2174,2445,2,273
890,12,48,2423,2424,2448,1,25
891,13,48,2426,2428,2451,2,25
722,2,48,1967,1969,2454,2,487
821,15,48,2234,2235,2457,1,223
895,17,48,2437,2438,2460,1,23
715,11,48,1947,1949,2463,2,516
718,14,48,1955,1956,2466,1,511
897,1,48,2442,2444,2469,2,27
809,3,48,2201,2202,2472,1,271
902,6,48,2456,2457,2475,1,19
903,7,48,2458,2460,2478,2,20
815,9,48,2218,2219,2481,1,263
822,16,48,2237,2239,2484,2,247
860,18,48,2341,2343,2487,2,146
810,4,48,2204,2205,2490,1,286
725,5,48,1975,1976,2493,1,518
728,8,48,1983,1985,2496,2,513
816,10,48,2221,2222,2499,1,278
908,12,48,2472,2474,2502,2,30
909,13,48,2475,2477,2505,2,30
915,1,48,2491,2492,2508,1,17
839,15,48,2283,2285,2511,2,228
913,17,48,2486,2487,2514,1,28
731,11,48,1991,1992,2517,1,526
734,14,48,1999,2000,2520,1,521
736,2,48,2003,2004,2523,1,520
827,3,48,2250,2252,2526,2,276
920,6,48,2505,2507,2529,2,24
921,7,48,2507,2508,2532,1,25
833,9,48,2267,2269,2535,2,268
840,16,48,2286,2288,2538,2,252
878,18,48,2390,2391,2541,1,151
828,4,48,2253,2255,2544,2,291
739,5,48,2011,2012,2547,1,536
742,8,48,2019,2021,2550,2,531
834,10,48,2270,2271,2553,1,283
926,12,48,2521,2522,2556,1,35
927,13,48,2524,2525,2559,1,35
933,1,48,2540,2541,2562,1,22
857,15,48,2333,2334,2565,1,232
931,17,48,2535,2537,2568,2,33
745,11,48,2027,2028,2571,1,544
748,14,48,2035,2036,2574,1,539
754,2,48,2052,2054,2577,2,525
845,3,48,2300,2301,2580,1,280
938,6,48,2554,2555,2583,1,29
939,7,48,2556,2558,2586,2,30
851,9,48,2317,2318,2589,1,272
858,16,48,2336,2338,2592,2,256
896,18,48,2439,2441,2595,2,156
846,4,48,2303,2305,2598,2,295
757,5,48,2060,2062,2601,2,541
760,8,48,2068,2069,2604,1,536
852,10,48,2320,2321,2607,1,287
944,12,48,2570,2571,2610,1,40
945,13,48,2573,2575,2613,2,40
951,1,48,2589,2591,2616,2,27
875,15,48,2382,2384,2619,2,237
949,17,48,2584,2585,2622,1,38
763,11,48,2076,2078,2625,2,549
766,14,48,2084,2085,2628,1,544
772,2,48,2101,2102,2631,1,530
863,3,48,2349,2351,2634,2,285
956,6,48,2603,2604,2637,1,34
957,7,48,2605,2607,2640,2,35
869,9,48,2366,2368,2643,2,277
876,16,48,2385,2387,2646,2,261
967,17,48,2633,2634,2649,1,16
864,4,48,2352,2354,2652,2,300
775,5,48,2109,2111,2655,2,546
778,8,48,2117,2118,2658,1,541
870,10,48,2369,2370,2661,1,292
962,12,48,2619,2621,2664,2,45
963,13,48,2622,2624,2667,2,45
969,1,48,2638,2639,2670,1,32
893,15,48,2431,2432,2673,1,242
914,18,48,2488,2490,2676,2,188
781,11,48,2125,2127,2679,2,554
784,14,48,2133,2135,2682,2,549
790,2,48,2150,2152,2685,2,535
881,3,48,2398,2399,2688,1,290
974,6,48,2652,2654,2691,2,39
975,7,48,2654,2655,2694,1,40
887,9,48,2415,2417,2697,2,282
894,16,48,2434,2435,2700,1,266
985,17,48,2682,2684,2703,2,21
882,4,48,2401,2402,2706,1,305
793,5,48,2158,2159,2709,1,551
796,8,48,2166,2168,2712,2,546
888,10,48,2418,2420,2715,2,297
980,12,48,2668,2669,2718,1,50
981,13,48,2671,2672,2721,1,50
987,1,48,2687,2688,2724,1,37
911,15,48,2480,2481,2727,1,247
932,18,48,2537,2538,2730,1,193
998,12,48,2717,2718,2733,1,16
999,13,48,2720,2722,2736,2,16
808,2,48,2199,2201,2739,2,540
899,3,48,2447,2448,2742,1,295
992,6,48,2701,2702,2745,1,44
993,7,48,2703,2705,2748,2,45
905,9,48,2464,2465,2751,1,287
912,16,48,2483,2485,2754,2,271
1003,17,48,2731,2732,2757,1,26
900,4,48,2450,2451,2760,1,310
811,5,48,2207,2209,2763,2,556
1011,7,48,2752,2754,2766,2,14
906,10,48,2467,2468,2769,1,302
799,11,48,2174,2175,2772,1,598
802,14,48,2182,2183,2775,1,593
1005,1,48,2736,2738,2778,2,42
929,15,48,2529,2531,2781,2,252
950,18,48,2586,2588,2784,2,198
1016,12,48,2766,2768,2787,2,21
1017,13,48,2769,2771,2790,2,21
826,2,48,2248,2249,2793,1,545
917,3,48,2496,2498,2796,2,300
1010,6,48,2750,2751,2799,1,49
814,8,48,2215,2216,2802,1,587
923,9,48,2513,2515,2805,2,292
930,16,48,2532,2534,2808,2,276
1021,17,48,2780,2781,2811,1,31
918,4,48,2499,2501,2814,2,315
1028,6,48,2799,2801,2817,2,18
1029,7,48,2801,2802,2820,1,19
924,10,48,2516,2517,2823,1,307
817,11,48,2223,2225,2826,2,603
820,14,48,2231,2232,2829,1,598
1023,1,48,2785,2786,2832,1,47
947,15,48,2578,2579,2835,1,257
968,18,48,2635,2637,2838,2,203
1034,12,48,2815,2816,2841,1,26
1035,13,48,2818,2819,2844,1,26
1041,1,48,2835,2836,2847,1,12
935,3,48,2545,2546,2850,1,305
829,5,48,2256,2258,2853,2,597
832,8,48,2264,2265,2856,1,592
941,9,48,2562,2564,2859,2,297
948,16,48,2581,2582,2862,1,281
1039,17,48,2829,2831,2865,2,36
936,4,48,2548,2549,2868,1,320
1046,6,48,2849,2851,2871,2,22
1047,7,48,2851,2852,2874,1,23
942,10,48,2565,2567,2877,2,312
1052,12,48,2865,2867,2880,2,15
1053,13,48,2868,2870,2883,2,15
844,2,48,2298,2299,2886,1,588
965,15,48,2627,2628,2889,1,262
1057,17,48,2879,2880,2892,1,13
835,11,48,2272,2274,2895,2,623
838,14,48,2280,2282,2898,2,618
1059,1,48,2884,2885,2901,1,17
953,3,48,2594,2595,2904,1,310
847,5,48,2306,2307,2907,1,601
850,8,48,2314,2315,2910,1,596
959,9,48,2611,2612,2913,1,302
966,16,48,2630,2632,2916,2,286
986,18,48,2684,2685,2919,1,235
954,4,48,2597,2598,2922,1,325
1064,6,48,2898,2900,2925,2,27
1065,7,48,2900,2901,2928,1,28
960,10,48,2614,2615,2931,1,317
1070,12,48,2914,2915,2934,1,20
1071,13,48,2917,2918,2937,1,20
862,2,48,2347,2348,2940,1,593
983,15,48,2676,2678,2943,2,267
1075,17,48,2928,2930,2946,2,18
853,11,48,2322,2324,2949,2,627
856,14,48,2330,2331,2952,1,622
1077,1,48,2933,2934,2955,1,22
971,3,48,2643,2645,2958,2,315
865,5,48,2355,2357,2961,2,606
1083,7,48,2949,2951,2964,2,15
977,9,48,2660,2662,2967,2,307
984,16,48,2679,2681,2970,2,291
1004,18,48,2733,2735,2973,2,240
972,4,48,2646,2648,2976,2,330
1082,6,48,2947,2948,2979,1,32
868,8,48,2363,2364,2982,1,619
978,10,48,2663,2664,2985,1,322
1088,12,48,2963,2964,2988,1,25
1089,13,48,2966,2968,2991,2,25
880,2,48,2396,2398,2994,2,598
1001,15,48,2725,2726,2997,1,272
1093,17,48,2977,2978,3000,1,23
871,11,48,2371,2373,3003,2,632
874,14,48,2379,2381,3006,2,627
1095,1,48,2982,2984,3009,2,27
989,3,48,2692,2693,3012,1,320
1100,6,48,2996,2997,3015,1,19
1101,7,48,2998,3000,3018,2,20
995,9,48,2709,2711,3021,2,312
1002,16,48,2728,2729,3024,1,296
1022,18,48,2782,2784,3027,2,245
990,4,48,2695,2696,3030,1,335
883,5,48,2404,2405,3033,1,629
886,8,48,2412,2414,3036,2,624
996,10,48,2712,2714,3039,2,327
1106,12,48,3012,3014,3042,2,30
1107,13,48,3015,3017,3045,2,30
1113,1,48,3031,3032,3048,1,17
1019,15,48,2774,2775,3051,1,277
1111,17,48,3026,3027,3054,1,28
889,11,48,2420,2421,3057,1,637
892,14,48,2428,2429,3060,1,632
898,2,48,2445,2447,3063,2,618
1007,3,48,2741,2742,3066,1,325
1118,6,48,3045,3047,3069,2,24
1119,7,48,3047,3048,3072,1,25
1013,9,48,2758,2759,3075,1,317
1020,16,48,2777,2779,3078,2,301
1040,18,48,2831,2832,3081,1,250
1008,4,48,2744,2745,3084,1,340
901,5,48,2453,2455,3087,2,634
904,8,48,2461,2462,3090,1,629
1014,10,48,2761,2762,3093,1,332
1124,12,48,3061,3062,3096,1,35
1125,13,48,3064,3065,3099,1,35
1131,1,48,3080,3081,3102,1,22
1037,15,48,2823,2825,3105,2,282
1129,17,48,3075,3077,3108,2,33
907,11,48,2469,2471,3111,2,642
910,14,48,2477,2478,3114,1,637
916,2,48,2494,2495,3117,1,623
1025,3,48,2790,2792,3120,2,330
1136,6,48,3094,3095,3123,1,29
1137,7,48,3096,3098,3126,2,30
1031,9,48,2807,2809,3129,2,322
1038,16,48,2826,2828,3132,2,306
1058,18,48,2881,2883,3135,2,254
1026,4,48,2793,2795,3138,2,345
919,5,48,2502,2504,3141,2,639
922,8,48,2510,2511,3144,1,634
1032,10,48,2810,2811,3147,1,337
1142,12,48,3110,3111,3150,1,40
1143,13,48,3113,3115,3153,2,40
1149,1,48,3129,3131,3156,2,27
1055,15,48,2873,2874,3159,1,286
1147,17,48,3124,3125,3162,1,38
925,11,48,2518,2520,3165,2,647
928,14,48,2526,2528,3168,2,642
934,2,48,2543,2545,3171,2,628
1043,3,48,2840,2841,3174,1,334
1154,6,48,3143,3144,3177,1,34
1155,7,48,3145,3147,3180,2,35
1049,9,48,2857,2858,3183,1,326
1056,16,48,2876,2878,3186,2,310
1165,17,48,3173,3174,3189,1,16
1044,4,48,2843,2845,3192,2,349
937,5,48,2551,2552,3195,1,644
940,8,48,2559,2561,3198,2,639
1050,10,48,2860,2861,3201,1,341
1160,12,48,3159,3161,3204,2,45
1161,13,48,3162,3164,3207,2,45
1167,1,48,3178,3179,3210,1,32
1073,15,48,2922,2924,3213,2,291
1076,18,48,2930,2931,3216,1,286
943,11,48,2567,2568,3219,1,652
946,14,48,2575,2576,3222,1,647
952,2,48,2592,2594,3225,2,633
1061,3,48,2889,2891,3228,2,339
1172,6,48,3192,3194,3231,2,39
1173,7,48,3194,3195,3234,1,40
1067,9,48,2906,2908,3237,2,331
1074,16,48,2925,2927,3240,2,315
1183,17,48,3222,3224,3243,2,21
1062,4,48,2892,2894,3246,2,354
955,5,48,2600,2602,3249,2,649
958,8,48,2608,2609,3252,1,644
1068,10,48,2909,2910,3255,1,346
1178,12,48,3208,3209,3258,1,50
1179,13,48,3211,3212,3261,1,50
1185,1,48,3227,3228,3264,1,37
1091,15,48,2971,2972,3267,1,296
1094,18,48,2979,2981,3270,2,291
1196,12,48,3257,3258,3273,1,16
1197,13,48,3260,3262,3276,2,16
970,2,48,2641,2642,3279,1,638
1079,3,48,2938,2939,3282,1,344
1190,6,48,3241,3242,3285,1,44
1191,7,48,3243,3245,3288,2,45
1085,9,48,2955,2957,3291,2,336
1092,16,48,2974,2975,3294,1,320
1201,17,48,3271,3272,3297,1,26
1080,4,48,2941,2942,3300,1,359
973,5,48,2649,2651,3303,2,654
1209,7,48,3292,3294,3306,2,14
1086,10,48,2958,2960,3309,2,351
961,11,48,2616,2618,3312,2,696
964,14,48,2624,2625,3315,1,691
1203,1,48,3276,3278,3318,2,42
1109,15,48,3020,3021,3321,1,301
1112,18,48,3028,3030,3324,2,296
1214,12,48,3306,3308,3327,2,21
1215,13,48,3309,3311,3330,2,21
988,2,48,2690,2692,3333,2,643
1097,3,48,2987,2988,3336,1,349
1208,6,48,3290,3291,3339,1,49
976,8,48,2657,2658,3342,1,685
1103,9,48,3004,3005,3345,1,341
1110,16,48,3023,3025,3348,2,325
1219,17,48,3320,3321,3351,1,31
1098,4,48,2990,2991,3354,1,364
1226,6,48,3339,3341,3357,2,18
1227,7,48,3341,3342,3360,1,19
1104,10,48,3007,3008,3363,1,356
979,11,48,2665,2667,3366,2,701
982,14,48,2673,2675,3369,2,696
1221,1,48,3325,3326,3372,1,47
1127,15,48,3069,3071,3375,2,306
1130,18,48,3077,3078,3378,1,301
1232,12,48,3355,3356,3381,1,26
1233,13,48,3358,3359,3384,1,26
1239,1,48,3375,3376,3387,1,12
1115,3,48,3036,3038,3390,2,354
991,5,48,2698,2699,3393,1,695
994,8,48,2706,2708,3396,2,690
1121,9,48,3053,3055,3399,2,346
1128,16,48,3072,3074,3402,2,330
1237,17,48,3369,3371,3405,2,36
1116,4,48,3039,3041,3408,2,369
1244,6,48,3389,3391,3411,2,22
1245,7,48,3391,3392,3414,1,23
1122,10,48,3056,3057,3417,1,361
1250,12,48,3405,3407,3420,2,15
1251,13,48,3408,3410,3423,2,15
1006,2,48,2739,2741,3426,2,687
1145,15,48,3118,3119,3429,1,311
1255,17,48,3419,3420,3432,1,13
997,11,48,2714,2715,3435,1,721
1000,14,48,2722,2723,3438,1,716
1257,1,48,3424,3425,3441,1,17
1133,3,48,3085,3086,3444,1,359
1009,5,48,2747,2749,3447,2,700
1012,8,48,2755,2756,3450,1,695
1139,9,48,3102,3104,3453,2,351
1146,16,48,3121,3122,3456,1,335
1148,18,48,3126,3128,3459,2,333
1134,4,48,3088,3089,3462,1,374
1262,6,48,3438,3440,3465,2,27
1263,7,48,3440,3441,3468,1,28
1140,10,48,3105,3107,3471,2,366
1268,12,48,3454,3455,3474,1,20
1269,13,48,3457,3458,3477,1,20
1024,2,48,2788,2789,3480,1,692
1163,15,48,3167,3168,3483,1,316
1273,17,48,3468,3470,3486,2,18
1015,11,48,2763,2765,3489,2,726
1018,14,48,2771,2772,3492,1,721
1275,1,48,3473,3474,3495,1,22
1151,3,48,3134,3135,3498,1,364
1027,5,48,2796,2798,3501,2,705
1281,7,48,3489,3491,3504,2,15
1157,9,48,3151,3152,3507,1,356
1164,16,48,3170,3172,3510,2,340
1166,18,48,3175,3177,3513,2,338
1152,4,48,3137,3138,3516,1,379
1280,6,48,3487,3488,3519,1,32
1030,8,48,2804,2805,3522,1,718
1158,10,48,3154,3155,3525,1,371
1286,12,48,3503,3504,3528,1,25
1287,13,48,3506,3508,3531,2,25
1042,2,48,2838,2839,3534,1,696
1181,15,48,3216,3218,3537,2,321
1291,17,48,3517,3518,3540,1,23
1033,11,48,2812,2814,3543,2,731
1036,14,48,2820,2822,3546,2,726
1293,1,48,3522,3524,3549,2,27
1169,3,48,3183,3185,3552,2,369
1298,6,48,3536,3537,3555,1,19
1299,7,48,3538,3540,3558,2,20
1175,9,48,3200,3202,3561,2,361
1182,16,48,3219,3221,3564,2,345
1184,18,48,3224,3225,3567,1,343
1170,4,48,3186,3188,3570,2,384
1045,5,48,2846,2847,3573,1,727
1048,8,48,2854,2855,3576,1,722
1176,10,48,3203,3204,3579,1,376
1304,12,48,3552,3554,3582,2,30
1305,13,48,3555,3557,3585,2,30
1311,1,48,3571,3572,3588,1,17
1199,15,48,3265,3266,3591,1,326
1309,17,48,3566,3567,3594,1,28
1051,11,48,2862,2864,3597,2,735
1054,14,48,2870,2871,3600,1,730
1060,2,48,2887,2888,3603,1,716
1187,3,48,3232,3233,3606,1,374
1316,6,48,3585,3587,3609,2,24
1317,7,48,3587,3588,3612,1,25
1193,9,48,3249,3251,3615,2,366
1200,16,48,3268,3269,3618,1,350
1202,18,48,3273,3275,3621,2,348
1188,4,48,3235,3236,3624,1,389
1063,5,48,2895,2897,3627,2,732
1066,8,48,2903,2904,3630,1,727
1194,10,48,3252,3254,3633,2,381
1322,12,48,3601,3602,3636,1,35
1323,13,48,3604,3605,3639,1,35
1329,1,48,3620,3621,3642,1,22
1217,15,48,3314,3315,3645,1,331
1327,17,48,3615,3617,3648,2,33
1069,11,48,2911,2913,3651,2,740
1072,14,48,2919,2921,3654,2,735
1078,2,48,2936,2938,3657,2,721
1205,3,48,3281,3282,3660,1,379
1334,6,48,3634,3635,3663,1,29
1335,7,48,3636,3638,3666,2,30
1211,9,48,3298,3299,3669,1,371
1218,16,48,3317,3319,3672,2,355
1220,18,48,3322,3324,3675,2,353
1206,4,48,3284,3285,3678,1,394
1081,5,48,2944,2945,3681,1,737
1084,8,48,2952,2954,3684,2,732
1212,10,48,3301,3302,3687,1,386
1340,12,48,3650,3651,3690,1,40
1341,13,48,3653,3655,3693,2,40
1347,1,48,3669,3671,3696,2,27
1235,15,48,3363,3365,3699,2,336
1345,17,48,3664,3665,3702,1,38
1087,11,48,2960,2961,3705,1,745
1090,14,48,2968,2969,3708,1,740
1096,2,48,2985,2987,3711,2,726
1223,3,48,3330,3332,3714,2,384
1352,6,48,3683,3684,3717,1,34
1353,7,48,3685,3687,3720,2,35
1229,9,48,3347,3349,3723,2,376
1236,16,48,3366,3368,3726,2,360
1363,17,48,3713,3714,3729,1,16
1224,4,48,3333,3335,3732,2,399
1099,5,48,2993,2995,3735,2,742
1102,8,48,3001,3002,3738,1,737
1230,10,48,3350,3351,3741,1,391
1358,12,48,3699,3701,3744,2,45
1359,13,48,3702,3704,3747,2,45
1365,1,48,3718,3719,3750,1,32
1253,15,48,3413,3414,3753,1,340
1238,18,48,3371,3372,3756,1,385
1105,11,48,3009,3011,3759,2,750
1108,14,48,3017,3018,3762,1,745
1114,2,48,3034,3035,3765,1,731
1241,3,48,3380,3381,3768,1,388
1370,6,48,3732,3734,3771,2,39
1371,7,48,3734,3735,3774,1,40
1247,9,48,3397,3398,3777,1,380
1254,16,48,3416,3418,3780,2,364
1381,17,48,3762,3764,3783,2,21
1242,4,48,3383,3385,3786,2,403
1117,5,48,3042,3044,3789,2,747
1120,8,48,3050,3051,3792,1,742
1248,10,48,3400,3401,3795,1,395
1376,12,48,3748,3749,3798,1,50
1377,13,48,3751,3752,3801,1,50
1383,1,48,3767,3768,3804,1,37
1271,15,48,3462,3464,3807,2,345
1256,18,48,3421,3423,3810,2,389
1394,12,48,3797,3798,3813,1,16
1395,13,48,3800,3802,3816,2,16
1132,2,48,3083,3085,3819,2,736
1259,3,48,3429,3431,3822,2,393
1388,6,48,3781,3782,3825,1,44
1389,7,48,3783,3785,3828,2,45
1265,9,48,3446,3448,3831,2,385
1272,16,48,3465,3467,3834,2,369
1399,17,48,3811,3812,3837,1,26
1260,4,48,3432,3434,3840,2,408
1135,5,48,3091,3092,3843,1,752
1407,7,48,3832,3834,3846,2,14
1266,10,48,3449,3450,3849,1,400
1123,11,48,3058,3060,3852,2,794
1126,14,48,3066,3068,3855,2,789
1401,1,48,3816,3818,3858,2,42
1289,15,48,3511,3512,3861,1,350
1274,18,48,3470,3471,3864,1,394
1412,12,48,3846,3848,3867,2,21
1413,13,48,3849,3851,3870,2,21
1150,2,48,3132,3134,3873,2,741
1277,3,48,3478,3479,3876,1,398
1406,6,48,3830,3831,3879,1,49
1138,8,48,3099,3101,3882,2,783
1283,9,48,3495,3497,3885,2,390
1290,16,48,3514,3515,3888,1,374
1417,17,48,3860,3861,3891,1,31
1278,4,48,3481,3482,3894,1,413
1424,6,48,3879,3881,3897,2,18
1425,7,48,3881,3882,3900,1,19
1284,10,48,3498,3500,3903,2,405
1141,11,48,3107,3108,3906,1,799
1144,14,48,3115,3116,3909,1,794
1419,1,48,3865,3866,3912,1,47
1307,15,48,3560,3561,3915,1,355
1292,18,48,3519,3521,3918,2,399
1430,12,48,3895,3896,3921,1,26
1431,13,48,3898,3899,3924,1,26
1437,1,48,3915,3916,3927,1,12
1295,3,48,3527,3528,3930,1,403
1153,5,48,3140,3142,3933,2,793
1156,8,48,3148,3149,3936,1,788
1301,9,48,3544,3545,3939,1,395
1308,16,48,3563,3565,3942,2,379
1435,17,48,3909,3911,3945,2,36
1296,4,48,3530,3531,3948,1,418
1442,6,48,3929,3931,3951,2,22
1443,7,48,3931,3932,3954,1,23
1302,10,48,3547,3548,3957,1,410
1448,12,48,3945,3947,3960,2,15
1449,13,48,3948,3950,3963,2,15
1168,2,48,3181,3182,3966,1,785
1325,15,48,3609,3611,3969,2,360
1453,17,48,3959,3960,3972,1,13
1159,11,48,3156,3158,3975,2,819
1162,14,48,3164,3165,3978,1,814
1455,1,48,3964,3965,3981,1,17
1313,3,48,3576,3578,3984,2,408
1171,5,48,3189,3191,3987,2,798
1174,8,48,3197,3198,3990,1,793
1319,9,48,3593,3595,3993,2,400
1326,16,48,3612,3614,3996,2,384
1310,18,48,3568,3570,3999,2,431
1314,4,48,3579,3581,4002,2,423
1460,6,48,3978,3980,4005,2,27
1461,7,48,3980,3981,4008,1,28
1320,10,48,3596,3597,4011,1,415
1466,12,48,3994,3995,4014,1,20
1467,13,48,3997,3998,4017,1,20
1186,2,48,3230,3232,4020,2,790
1343,15,48,3658,3659,4023,1,365
1471,17,48,4008,4010,4026,2,18
1177,11,48,3205,3207,4029,2,824
1180,14,48,3213,3215,4032,2,819
1473,1,48,4013,4014,4035,1,22
1331,3,48,3625,3626,4038,1,413
1189,5,48,3238,3239,4041,1,803
1479,7,48,4029,4031,4044,2,15
1337,9,48,3642,3644,4047,2,405
1344,16,48,3661,3662,4050,1,389
1328,18,48,3617,3618,4053,1,436
1332,4,48,3628,3629,4056,1,428
1478,6,48,4027,4028,4059,1,32
1192,8,48,3246,3248,4062,2,816
1338,10,48,3645,3647,4065,2,420
1484,12,48,4043,4044,4068,1,25
1485,13,48,4046,4048,4071,2,25
1204,2,48,3279,3281,4074,2,795
1361,15,48,3707,3708,4077,1,370
1489,17,48,4057,4058,4080,1,23
1195,11,48,3254,3255,4083,1,829
1198,14,48,3262,3263,4086,1,824
1491,1,48,4062,4064,4089,2,27
1349,3,48,3674,3675,4092,1,418
1496,6,48,4076,4077,4095,1,19
1497,7,48,4078,4080,4098,2,20
1355,9,48,3691,3692,4101,1,410
1362,16,48,3710,3712,4104,2,394
1346,18,48,3666,3668,4107,2,441
1350,4,48,3677,3678,4110,1,433
1207,5,48,3287,3289,4113,2,826
1210,8,48,3295,3296,4116,1,821
1356,10,48,3694,3695,4119,1,425
1502,12,48,4092,4094,4122,2,30
1503,13,48,4095,4097,4125,2,30
1509,1,48,4111,4112,4128,1,17
1379,15,48,3756,3758,4131,2,375
1507,17,48,4106,4107,4134,1,28
1213,11,48,3303,3305,4137,2,834
1216,14,48,3311,3312,4140,1,829
1222,2,48,3328,3329,4143,1,815
1367,3,48,3723,3725,4146,2,423
1514,6,48,4125,4127,4149,2,24
1515,7,48,4127,4128,4152,1,25
1373,9,48,3740,3742,4155,2,415
1380,16,48,3759,3761,4158,2,399
1364,18,48,3715,3717,4161,2,446
1368,4,48,3726,3728,4164,2,438
1225,5,48,3336,3338,4167,2,831
1228,8,48,3344,3345,4170,1,826
1374,10,48,3743,3744,4173,1,430
1520,12,48,4141,4142,4176,1,35
1521,13,48,4144,4145,4179,1,35
1527,1,48,4160,4161,4182,1,22
1397,15,48,3805,3806,4185,1,380
1525,17,48,4155,4157,4188,2,33
1231,11,48,3352,3354,4191,2,839
1234,14,48,3360,3362,4194,2,834
1240,2,48,3378,3379,4197,1,819
1385,3,48,3772,3773,4200,1,428
1532,6,48,4174,4175,4203,1,29
1533,7,48,4176,4178,4206,2,30
1391,9,48,3789,3791,4209,2,420
1398,16,48,3808,3809,4212,1,404
1382,18,48,3764,3765,4215,1,451
1386,4,48,3775,3776,4218,1,443
1243,5,48,3386,3387,4221,1,835
1246,8,48,3394,3395,4224,1,830
1392,10,48,3792,3794,4227,2,435
1538,12,48,4190,4191,4230,1,40
1539,13,48,4193,4195,4233,2,40
1545,1,48,4209,4211,4236,2,27
1415,15,48,3854,3855,4239,1,385
1543,17,48,4204,4205,4242,1,38
1249,11,48,3402,3404,4245,2,843
1252,14,48,3410,3411,4248,1,838
1258,2,48,3427,3428,4251,1,824
1403,3,48,3821,3822,4254,1,433
1550,6,48,4223,4224,4257,1,34
1551,7,48,4225,4227,4260,2,35
1409,9,48,3838,3839,4263,1,425
1416,16,48,3857,3859,4266,2,409
1561,17,48,4253,4254,4269,1,16
1404,4,48,3824,3825,4272,1,448
1261,5,48,3435,3437,4275,2,840
1264,8,48,3443,3444,4278,1,835
1410,10,48,3841,3842,4281,1,440
1556,12,48,4239,4241,4284,2,45
1557,13,48,4242,4244,4287,2,45
1563,1,48,4258,4259,4290,1,32
1433,15,48,3903,3905,4293,2,390
1400,18,48,3813,3815,4296,2,483
1267,11,48,3451,3453,4299,2,848
1270,14,48,3459,3461,4302,2,843
1276,2,48,3476,3478,4305,2,829
1421,3,48,3870,3872,4308,2,438
1568,6,48,4272,4274,4311,2,39
1569,7,48,4274,4275,4314,1,40
1427,9,48,3887,3889,4317,2,430
1434,16,48,3906,3908,4320,2,414
1579,17,48,4302,4304,4323,2,21
1422,4,48,3873,3875,4326,2,453
1279,5,48,3484,3485,4329,1,845
1282,8,48,3492,3494,4332,2,840
1428,10,48,3890,3891,4335,1,445
1574,12,48,4288,4289,4338,1,50
1575,13,48,4291,4292,4341,1,50
1581,1,48,4307,4308,4344,1,37
1451,15,48,3953,3954,4347,1,394
1418,18,48,3862,3864,4350,2,488
1592,12,48,4337,4338,4353,1,16
1593,13,48,4340,4342,4356,2,16
1294,2,48,3525,3527,4359,2,834
1439,3,48,3920,3921,4362,1,442
1586,6,48,4321,4322,4365,1,44
1587,7,48,4323,4325,4368,2,45
1445,9,48,3937,3938,4371,1,434
1452,16,48,3956,3958,4374,2,418
1597,17,48,4351,4352,4377,1,26
1440,4,48,3923,3925,4380,2,457
1297,5,48,3533,3535,4383,2,850
1605,7,48,4372,4374,4386,2,14
1446,10,48,3940,3941,4389,1,449
1285,11,48,3500,3501,4392,1,892
1288,14,48,3508,3509,4395,1,887
1599,1,48,4356,4358,4398,2,42
1469,15,48,4002,4004,4401,2,399
1436,18,48,3911,3912,4404,1,493
1610,12,48,4386,4388,4407,2,21
1611,13,48,4389,4391,4410,2,21
1312,2,48,3574,3575,4413,1,839
1457,3,48,3969,3971,4416,2,447
1604,6,48,4370,4371,4419,1,49
1300,8,48,3541,3542,4422,1,881
1463,9,48,3986,3988,4425,2,439
1470,16,48,4005,4007,4428,2,423
1615,17,48,4400,4401,4431,1,31
1458,4,48,3972,3974,4434,2,462
1622,6,48,4419,4421,4437,2,18
1623,7,48,4421,4422,4440,1,19
1464,10,48,3989,3990,4443,1,454
1303,11,48,3549,3551,4446,2,897
1306,14,48,3557,3558,4449,1,892
1617,1,48,4405,4406,4452,1,47
1487,15,48,4051,4052,4455,1,404
1454,18,48,3961,3963,4458,2,497
1628,12,48,4435,4436,4461,1,26
1629,13,48,4438,4439,4464,1,26
1635,1,48,4455,4456,4467,1,12
1475,3,48,4018,4019,4470,1,452
1315,5,48,3582,3584,4473,2,891
1318,8,48,3590,3591,4476,1,886
1481,9,48,4035,4037,4479,2,444
1488,16,48,4054,4055,4482,1,428
1633,17,48,4449,4451,4485,2,36
1476,4,48,4021,4022,4488,1,467
1640,6,48,4469,4471,4491,2,22
1641,7,48,4471,4472,4494,1,23
1482,10,48,4038,4040,4497,2,459
1646,12,48,4485,4487,4500,2,15
1647,13,48,4488,4490,4503,2,15
1330,2,48,3623,3625,4506,2,883
1505,15,48,4100,4101,4509,1,409
1651,17,48,4499,4500,4512,1,13
1321,11,48,3598,3600,4515,2,917
1324,14,48,3606,3608,4518,2,912
1653,1,48,4504,4505,4521,1,17
1493,3,48,4067,4068,4524,1,457
1333,5,48,3631,3632,4527,1,896
1336,8,48,3639,3641,4530,2,891
1499,9,48,4084,4085,4533,1,449
1506,16,48,4103,4105,4536,2,433
1472,18,48,4010,4011,4539,1,529
1494,4,48,4070,4071,4542,1,472
1658,6,48,4518,4520,4545,2,27
1659,7,48,4520,4521,4548,1,28
1500,10,48,4087,4088,4551,1,464
1664,12,48,4534,4535,4554,1,20
1665,13,48,4537,4538,4557,1,20
1348,2,48,3672,3674,4560,2,888
1523,15,48,4149,4151,4563,2,414
1669,17,48,4548,4550,4566,2,18
1339,11,48,3647,3648,4569,1,922
1342,14,48,3655,3656,4572,1,917
1671,1,48,4553,4554,4575,1,22
1511,3,48,4116,4118,4578,2,462
1351,5,48,3680,3682,4581,2,901
1677,7,48,4569,4571,4584,2,15
1517,9,48,4133,4135,4587,2,454
1524,16,48,4152,4154,4590,2,438
1490,18,48,4059,4061,4593,2,534
1512,4,48,4119,4121,4596,2,477
1676,6,48,4567,4568,4599,1,32
1354,8,48,3688,3689,4602,1,914
1518,10,48,4136,4137,4605,1,469
1682,12,48,4583,4584,4608,1,25
1683,13,48,4586,4588,4611,2,25
1366,2,48,3721,3722,4614,1,893
1541,15,48,4198,4199,4617,1,419
1687,17,48,4597,4598,4620,1,23
1357,11,48,3696,3698,4623,2,927
1360,14,48,3704,3705,4626,1,922
1689,1,48,4602,4604,4629,2,27
1529,3,48,4165,4166,4632,1,467
1694,6,48,4616,4617,4635,1,19
1695,7,48,4618,4620,4638,2,20
1535,9,48,4182,4184,4641,2,459
1542,16,48,4201,4202,4644,1,443
1508,18,48,4108,4110,4647,2,539
1530,4,48,4168,4169,4650,1,482
1369,5,48,3729,3731,4653,2,924
1372,8,48,3737,3738,4656,1,919
1536,10,48,4185,4187,4659,2,474
1700,12,48,4632,4634,4662,2,30
1701,13,48,4635,4637,4665,2,30
1707,1,48,4651,4652,4668,1,17
1559,15,48,4247,4248,4671,1,424
1705,17,48,4646,4647,4674,1,28
1375,11,48,3745,3747,4677,2,932
1378,14,48,3753,3755,4680,2,927
1384,2,48,3770,3772,4683,2,913
1547,3,48,4214,4215,4686,1,472
1712,6,48,4665,4667,4689,2,24
1713,7,48,4667,4668,4692,1,25
1553,9,48,4231,4232,4695,1,464
1560,16,48,4250,4252,4698,2,448
1526,18,48,4157,4158,4701,1,544
1548,4,48,4217,4218,4704,1,487
1387,5,48,3778,3779,4707,1,929
1390,8,48,3786,3788,4710,2,924
1554,10,48,4234,4235,4713,1,479
1718,12,48,4681,4682,4716,1,35
1719,13,48,4684,4685,4719,1,35
1725,1,48,4700,4701,4722,1,22
1577,15,48,4296,4298,4725,2,429
1723,17,48,4695,4697,4728,2,33
1393,11,48,3794,3795,4731,1,937
1396,14,48,3802,3803,4734,1,932
1402,2,48,3819,3821,4737,2,918
1565,3,48,4263,4265,4740,2,477
1730,6,48,4714,4715,4743,1,29
1731,7,48,4716,4718,4746,2,30
1571,9,48,4280,4282,4749,2,469
1578,16,48,4299,4301,4752,2,453
1544,18,48,4206,4208,4755,2,549
1566,4,48,4266,4268,4758,2,492
1405,5,48,3827,3829,4761,2,934
1408,8,48,3835,3836,4764,1,929
1572,10,48,4283,4284,4767,1,484
1736,12,48,4730,4731,4770,1,40
1737,13,48,4733,4735,4773,2,40
1743,1,48,4749,4751,4776,2,27
1595,15,48,4345,4346,4779,1,434
1741,17,48,4744,4745,4782,1,38
1411,11,48,3843,3845,4785,2,942
1414,14,48,3851,3852,4788,1,937
1420,2,48,3868,3869,4791,1,923
1583,3,48,4312,4313,4794,1,482
1748,6,48,4763,4764,4797,1,34
1749,7,48,4765,4767,4800,2,35
1589,9,48,4329,4331,4803,2,474
1596,16,48,4348,4349,4806,1,458
1759,17,48,4793,4794,4809,1,16
1584,4,48,4315,4316,4812,1,497
1423,5,48,3876,3878,4815,2,939
1426,8,48,3884,3885,4818,1,934
1590,10,48,4332,4334,4821,2,489
1754,12,48,4779,4781,4824,2,45
1755,13,48,4782,4784,4827,2,45
1761,1,48,4798,4799,4830,1,32
1613,15,48,4394,4395,4833,1,439
1562,18,48,4255,4257,4836,2,581
1429,11,48,3892,3894,4839,2,947
1432,14,48,3900,3902,4842,2,942
1438,2,48,3918,3919,4845,1,927
1601,3,48,4361,4362,4848,1,487
1766,6,48,4812,4814,4851,2,39
1767,7,48,4814,4815,4854,1,40
1607,9,48,4378,4379,4857,1,479
1614,16,48,4397,4399,4860,2,463
1777,17,48,4842,4844,4863,2,21
1602,4,48,4364,4365,4866,1,502
1441,5,48,3926,3927,4869,1,943
1444,8,48,3934,3935,4872,1,938
1608,10,48,4381,4382,4875,1,494
1772,12,48,4828,4829,4878,1,50
1773,13,48,4831,4832,4881,1,50
1779,1,48,4847,4848,4884,1,37
1631,15,48,4443,4445,4887,2,444
1580,18,48,4304,4305,4890,1,586
1790,12,48,4877,4878,4893,1,16
1791,13,48,4880,4882,4896,2,16
1456,2,48,3967,3968,4899,1,932
1619,3,48,4410,4412,4902,2,492
1784,6,48,4861,4862,4905,1,44
1785,7,48,4863,4865,4908,2,45
1625,9,48,4427,4429,4911,2,484
1632,16,48,4446,4448,4914,2,468
1795,17,48,4891,4892,4917,1,26
1620,4,48,4413,4415,4920,2,507
1459,5,48,3975,3977,4923,2,948
1803,7,48,4912,4914,4926,2,14
1626,10,48,4430,4431,4929,1,499
1447,11,48,3942,3944,4932,2,990
1450,14,48,3950,3951,4935,1,985
1797,1,48,4896,4898,4938,2,42
1649,15,48,4493,4494,4941,1,448
1598,18,48,4353,4355,4944,2,591
1808,12,48,4926,4928,4947,2,21
1809,13,48,4929,4931,4950,2,21
1474,2,48,4016,4018,4953,2,937
1637,3,48,4460,4461,4956,1,496
1802,6,48,4910,4911,4959,1,49
1462,8,48,3983,3984,4962,1,979
1643,9,48,4477,4478,4965,1,488
1650,16,48,4496,4498,4968,2,472
1813,17,48,4940,4941,4971,1,31
1638,4,48,4463,4465,4974,2,511
1820,6,48,4959,4961,4977,2,18
1821,7,48,4961,4962,4980,1,19
1644,10,48,4480,4481,4983,1,503
1465,11,48,3991,3993,4986,2,995
1468,14,48,3999,4001,4989,2,990
1815,1,48,4945,4946,4992,1,47
1667,15,48,4542,4544,4995,2,453
1616,18,48,4402,4404,4998,2,596
1826,12,48,4975,4976,5001,1,26
1827,13,48,4978,4979,5004,1,26
1833,1,48,4995,4996,5007,1,12
1655,3,48,4509,4511,5010,2,501
1477,5,48,4024,4025,5013,1,989
1480,8,48,4032,4034,5016,2,984
1661,9,48,4526,4528,5019,2,493
1668,16,48,4545,4547,5022,2,477
1831,17,48,4989,4991,5025,2,36
1656,4,48,4512,4514,5028,2,516
1838,6,48,5009,5011,5031,2,22
1839,7,48,5011,5012,5034,1,23
1662,10,48,4529,4530,5037,1,508
1844,12,48,5025,5027,5040,2,15
1845,13,48,5028,5030,5043,2,15
1492,2,48,4065,4067,5046,2,981
1685,15,48,4591,4592,5049,1,458
1849,17,48,5039,5040,5052,1,13
1483,11,48,4040,4041,5055,1,1015
1486,14,48,4048,4049,5058,1,1010
1851,1,48,5044,5045,5061,1,17
1673,3,48,4558,4559,5064,1,506
1495,5,48,4073,4075,5067,2,994
1498,8,48,4081,4082,5070,1,989
1679,9,48,4575,4577,5073,2,498
1686,16,48,4594,4595,5076,1,482
1634,18,48,4451,4452,5079,1,628
1674,4,48,4561,4562,5082,1,521
1856,6,48,5058,5060,5085,2,27
1857,7,48,5060,5061,5088,1,28
1680,10,48,4578,4580,5091,2,513
1862,12,48,5074,5075,5094,1,20
1863,13,48,5077,5078,5097,1,20
1510,2,48,4114,4115,5100,1,986
1703,15,48,4640,4641,5103,1,463
1867,17,48,5088,5090,5106,2,18
1501,11,48,4089,4091,5109,2,1020
1504,14,48,4097,4098,5112,1,1015
1869,1,48,5093,5094,5115,1,22
1691,3,48,4607,4608,5118,1,511
1513,5,48,4122,4124,5121,2,999
1875,7,48,5109,5111,5124,2,15
1697,9,48,4624,4625,5127,1,503
1704,16,48,4643,4645,5130,2,487
1652,18,48,4501,4503,5133,2,632
1692,4,48,4610,4611,5136,1,526
1874,6,48,5107,5108,5139,1,32
1516,8,48,4130,4131,5142,1,1012
1698,10,48,4627,4628,5145,1,518
1880,12,48,5123,5124,5148,1,25
1881,13,48,5126,5128,5151,2,25
1528,2,48,4163,4165,5154,2,991
1721,15,48,4689,4691,5157,2,468
1885,17,48,5137,5138,5160,1,23
1519,11,48,4138,4140,5163,2,1025
1522,14,48,4146,4148,5166,2,1020
1887,1,48,5142,5144,5169,2,27
1709,3,48,4656,4658,5172,2,516
1892,6,48,5156,5157,5175,1,19
1893,7,48,5158,5160,5178,2,20
1715,9,48,4673,4675,5181,2,508
1722,16,48,4692,4694,5184,2,492
1670,18,48,4550,4551,5187,1,637
1710,4,48,4659,4661,5190,2,531
1531,5,48,4171,4172,5193,1,1022
1534,8,48,4179,4181,5196,2,1017
1716,10,48,4676,4677,5199,1,523
1898,12,48,5172,5174,5202,2,30
1899,13,48,5175,5177,5205,2,30
1905,1,48,5191,5192,5208,1,17
1739,15,48,4738,4739,5211,1,473
1903,17,48,5186,5187,5214,1,28
1537,11,48,4187,4188,5217,1,1030
1540,14,48,4195,4196,5220,1,1025
1546,2,48,4212,4214,5223,2,1011
1727,3,48,4705,4706,5226,1,521
1910,6,48,5205,5207,5229,2,24
1911,7,48,5207,5208,5232,1,25
1733,9,48,4722,4724,5235,2,513
1740,16,48,4741,4742,5238,1,497
1688,18,48,4599,4601,5241,2,642
1728,4,48,4708,4709,5244,1,536
1549,5,48,4220,4222,5247,2,1027
1552,8,48,4228,4229,5250,1,1022
1734,10,48,4725,4727,5253,2,528
1916,12,48,5221,5222,5256,1,35
1917,13,48,5224,5225,5259,1,35
1923,1,48,5240,5241,5262,1,22
1757,15,48,4787,4788,5265,1,478
1921,17,48,5235,5237,5268,2,33
1555,11,48,4236,4238,5271,2,1035
1558,14,48,4244,4245,5274,1,1030
1564,2,48,4261,4262,5277,1,1016
1745,3,48,4754,4755,5280,1,526
1928,6,48,5254,5255,5283,1,29
1929,7,48,5256,5258,5286,2,30
1751,9,48,4771,4772,5289,1,518
1758,16,48,4790,4792,5292,2,502
1706,18,48,4648,4650,5295,2,647
1746,4,48,4757,4758,5298,1,541
1567,5,48,4269,4271,5301,2,1032
1570,8,48,4277,4278,5304,1,1027
1752,10,48,4774,4775,5307,1,533
1934,12,48,5270,5271,5310,1,40
1935,13,48,5273,5275,5313,2,40
1941,1,48,5289,5291,5316,2,27
1775,15,48,4836,4838,5319,2,483
1939,17,48,5284,5285,5322,1,38
1573,11,48,4285,4287,5325,2,1040
1576,14,48,4293,4295,5328,2,1035
1582,2,48,4310,4312,5331,2,1021
1763,3,48,4803,4805,5334,2,531
1946,6,48,5303,5304,5337,1,34
1947,7,48,5305,5307,5340,2,35
1769,9,48,4820,4822,5343,2,523
1776,16,48,4839,4841,5346,2,507
1957,17,48,5333,5334,5349,1,16
1764,4,48,4806,4808,5352,2,546
1585,5,48,4318,4319,5355,1,1037
1588,8,48,4326,4328,5358,2,1032
1770,10,48,4823,4824,5361,1,538
1952,12,48,5319,5321,5364,2,45
1953,13,48,5322,5324,5367,2,45
1959,1,48,5338,5339,5370,1,32
1793,15,48,4885,4886,5373,1,488
1724,18,48,4697,4698,5376,1,679
1591,11,48,4334,4335,5379,1,1045
1594,14,48,4342,4343,5382,1,1040
1600,2,48,4359,4361,5385,2,1026
1781,3,48,4852,4853,5388,1,536
1964,6,48,5352,5354,5391,2,39
1965,7,48,5354,5355,5394,1,40
1787,9,48,4869,4871,5397,2,528
1794,16,48,4888,4889,5400,1,512
1975,17,48,5382,5384,5403,2,21
1782,4,48,4855,4856,5406,1,551
1603,5,48,4367,4369,5409,2,1042
1606,8,48,4375,4376,5412,1,1037
1788,10,48,4872,4874,5415,2,543
1970,12,48,5368,5369,5418,1,50
1971,13,48,5371,5372,5421,1,50
1977,1,48,5387,5388,5424,1,37
1811,15,48,4934,4935,5427,1,493
1742,18,48,4746,4748,5430,2,684
1988,12,48,5417,5418,5433,1,16
1989,13,48,5420,5422,5436,2,16
1618,2,48,4408,4409,5439,1,1031
1799,3,48,4901,4902,5442,1,541
1982,6,48,5401,5402,5445,1,44
1983,7,48,5403,5405,5448,2,45
1805,9,48,4918,4919,5451,1,533
1812,16,48,4937,4939,5454,2,517
1993,17,48,5431,5432,5457,1,26
1800,4,48,4904,4905,5460,1,556
1621,5,48,4416,4418,5463,2,1047
2001,7,48,5452,5454,5466,2,14
1806,10,48,4921,4922,5469,1,548
1609,11,48,4383,4385,5472,2,1089
1612,14,48,4391,4392,5475,1,1084
1995,1,48,5436,5438,5478,2,42
1829,15,48,4983,4985,5481,2,498
1760,18,48,4795,4797,5484,2,689
2006,12,48,5466,5468,5487,2,21
2007,13,48,5469,5471,5490,2,21
1636,2,48,4458,4459,5493,1,1035
1817,3,48,4950,4952,5496,2,546
2000,6,48,5450,5451,5499,1,49
1624,8,48,4424,4425,5502,1,1078
1823,9,48,4967,4969,5505,2,538
1830,16,48,4986,4988,5508,2,522
2011,17,48,5480,5481,5511,1,31
1818,4,48,4953,4955,5514,2,561
2018,6,48,5499,5501,5517,2,18
2019,7,48,5501,5502,5520,1,19
1824,10,48,4970,4971,5523,1,553
1627,11,48,4432,4434,5526,2,1094
1630,14,48,4440,4442,5529,2,1089
2013,1,48,5485,5486,5532,1,47
1847,15,48,5033,5034,5535,1,502
1778,18,48,4844,4845,5538,1,694
2024,12,48,5515,5516,5541,1,26
2025,13,48,5518,5519,5544,1,26
2031,1,48,5535,5536,5547,1,12
1835,3,48,5000,5001,5550,1,550
1639,5,48,4466,4467,5553,1,1087
1642,8,48,4474,4475,5556,1,1082
1841,9,48,5017,5018,5559,1,542
1848,16,48,5036,5038,5562,2,526
2029,17,48,5529,5531,5565,2,36
1836,4,48,5003,5005,5568,2,565
2036,6,48,5549,5551,5571,2,22
2037,7,48,5551,5552,5574,1,23
1842,10,48,5020,5021,5577,1,557
2042,12,48,5565,5567,5580,2,15
2043,13,48,5568,5570,5583,2,15
1654,2,48,4507,4508,5586,1,1079
1865,15,48,5082,5084,5589,2,507
2047,17,48,5579,5580,5592,1,13
1645,11,48,4482,4484,5595,2,1113
1648,14,48,4490,4491,5598,1,1108
2049,1,48,5584,5585,5601,1,17
1853,3,48,5049,5051,5604,2,555
1657,5,48,4515,4517,5607,2,1092
1660,8,48,4523,4524,5610,1,1087
1859,9,48,5066,5068,5613,2,547
1866,16,48,5085,5087,5616,2,531
1796,18,48,4893,4895,5619,2,726
1854,4,48,5052,5054,5622,2,570
2054,6,48,5598,5600,5625,2,27
2055,7,48,5600,5601,5628,1,28
1860,10,48,5069,5070,5631,1,562
2060,12,48,5614,5615,5634,1,20
2061,13,48,5617,5618,5637,1,20
1672,2,48,4556,4558,5640,2,1084
1883,15,48,5131,5132,5643,1,512
2065,17,48,5628,5630,5646,2,18
1663,11,48,4531,4533,5649,2,1118
1666,14,48,4539,4541,5652,2,1113
2067,1,48,5633,5634,5655,1,22
1871,3,48,5098,5099,5658,1,560
1675,5,48,4564,4565,5661,1,1097
2073,7,48,5649,5651,5664,2,15
1877,9,48,5115,5117,5667,2,552
1884,16,48,5134,5135,5670,1,536
1814,18,48,4942,4944,5673,2,731
1872,4,48,5101,5102,5676,1,575
2072,6,48,5647,5648,5679,1,32
1678,8,48,4572,4574,5682,2,1110
1878,10,48,5118,5120,5685,2,567
2078,12,48,5663,5664,5688,1,25
2079,13,48,5666,5668,5691,2,25
1690,2,48,4605,4607,5694,2,1089
1901,15,48,5180,5181,5697,1,517
2083,17,48,5677,5678,5700,1,23
1681,11,48,4580,4581,5703,1,1123
1684,14,48,4588,4589,5706,1,1118
2085,1,48,5682,5684,5709,2,27
1889,3,48,5147,5148,5712,1,565
2090,6,48,5696,5697,5715,1,19
2091,7,48,5698,5700,5718,2,20
1895,9,48,5164,5165,5721,1,557
1902,16,48,5183,5185,5724,2,541
1832,18,48,4991,4992,5727,1,736
1890,4,48,5150,5151,5730,1,580
1693,5,48,4613,4615,5733,2,1120
1696,8,48,4621,4622,5736,1,1115
1896,10,48,5167,5168,5739,1,572
2096,12,48,5712,5714,5742,2,30
2097,13,48,5715,5717,5745,2,30
2103,1,48,5731,5732,5748,1,17
1919,15,48,5229,5231,5751,2,522
2101,17,48,5726,5727,5754,1,28
1699,11,48,4629,4631,5757,2,1128
1702,14,48,4637,4638,5760,1,1123
1708,2,48,4654,4655,5763,1,1109
1907,3,48,5196,5198,5766,2,570
2108,6,48,5745,5747,5769,2,24
2109,7,48,5747,5748,5772,1,25
1913,9,48,5213,5215,5775,2,562
1920,16,48,5232,5234,5778,2,546
1850,18,48,5041,5043,5781,2,740
1908,4,48,5199,5201,5784,2,585
1711,5,48,4662,4664,5787,2,1125
1714,8,48,4670,4671,5790,1,1120
1914,10,48,5216,5217,5793,1,577
2114,12,48,5761,5762,5796,1,35
2115,13,48,5764,5765,5799,1,35
2121,1,48,5780,5781,5802,1,22
1937,15,48,5278,5279,5805,1,527
2119,17,48,5775,5777,5808,2,33
1717,11,48,4678,4680,5811,2,1133
1720,14,48,4686,4688,5814,2,1128
1726,2,48,4703,4705,5817,2,1114
1925,3,48,5245,5246,5820,1,575
2126,6,48,5794,5795,5823,1,29
2127,7,48,5796,5798,5826,2,30
1931,9,48,5262,5264,5829,2,567
1938,16,48,5281,5282,5832,1,551
1868,18,48,5090,5091,5835,1,745
1926,4,48,5248,5249,5838,1,590
1729,5,48,4711,4712,5841,1,1130
1732,8,48,4719,4721,5844,2,1125
1932,10,48,5265,5267,5847,2,582
2132,12,48,5810,5811,5850,1,40
2133,13,48,5813,5815,5853,2,40
2139,1,48,5829,5831,5856,2,27
1955,15,48,5327,5328,5859,1,532
2137,17,48,5824,5825,5862,1,38
1735,11,48,4727,4728,5865,1,1138
1738,14,48,4735,4736,5868,1,1133
1744,2,48,4752,4754,5871,2,1119
1943,3,48,5294,5295,5874,1,580
2144,6,48,5843,5844,5877,1,34
2145,7,48,5845,5847,5880,2,35
1949,9,48,5311,5312,5883,1,572
1956,16,48,5330,5332,5886,2,556
2155,17,48,5873,5874,5889,1,16
1944,4,48,5297,5298,5892,1,595
1747,5,48,4760,4762,5895,2,1135
1750,8,48,4768,4769,5898,1,1130
1950,10,48,5314,5315,5901,1,587
2150,12,48,5859,5861,5904,2,45
2151,13,48,5862,5864,5907,2,45
2157,1,48,5878,5879,5910,1,32
1973,15,48,5376,5378,5913,2,537
1886,18,48,5139,5141,5916,2,777
1753,11,48,4776,4778,5919,2,1143
1756,14,48,4784,4785,5922,1,1138
1762,2,48,4801,4802,5925,1,1124
1961,3,48,5343,5345,5928,2,585
2162,6,48,5892,5894,5931,2,39
2163,7,48,5894,5895,5934,1,40
1967,9,48,5360,5362,5937,2,577
1974,16,48,5379,5381,5940,2,561
2173,17,48,5922,5924,5943,2,21
1962,4,48,5346,5348,5946,2,600
1765,5,48,4809,4811,5949,2,1140
1768,8,48,4817,4818,5952,1,1135
1968,10,48,5363,5364,5955,1,592
2168,12,48,5908,5909,5958,1,50
2169,13,48,5911,5912,5961,1,50
2175,1,48,5927,5928,5964,1,37
1991,15,48,5425,5426,5967,1,542
1904,18,48,5188,5190,5970,2,782
2186,12,48,5957,5958,5973,1,16
2187,13,48,5960,5962,5976,2,16
1780,2,48,4850,4852,5979,2,1129
1979,3,48,5392,5393,5982,1,590
2180,6,48,5941,5942,5985,1,44
2181,7,48,5943,5945,5988,2,45
1985,9,48,5409,5411,5991,2,582
1992,16,48,5428,5429,5994,1,566
2191,17,48,5971,5972,5997,1,26
1980,4,48,5395,5396,6000,1,605
1783,5,48,4858,4859,6003,1,1145
2199,7,48,5992,5994,6006,2,14
1986,10,48,5412,5414,6009,2,597
1771,11,48,4825,4827,6012,2,1187
1774,14,48,4833,4835,6015,2,1182
2193,1,48,5976,5978,6018,2,42
2009,15,48,5474,5475,6021,1,547
1922,18,48,5237,5238,6024,1,787
2204,12,48,6006,6008,6027,2,21
2205,13,48,6009,6011,6030,2,21
1798,2,48,4899,4901,6033,2,1134
1997,3,48,5441,5442,6036,1,595
2198,6,48,5990,5991,6039,1,49
1786,8,48,4866,4868,6042,2,1176
2003,9,48,5458,5459,6045,1,587
2010,16,48,5477,5479,6048,2,571
2209,17,48,6020,6021,6051,1,31
1998,4,48,5444,5445,6054,1,610
2216,6,48,6039,6041,6057,2,18
2217,7,48,6041,6042,6060,1,19
2004,10,48,5461,5462,6063,1,602
1789,11,48,4874,4875,6066,1,1192
1792,14,48,4882,4883,6069,1,1187
2211,1,48,6025,6026,6072,1,47
2027,15,48,5523,5525,6075,2,552
1940,18,48,5286,5288,6078,2,792
2222,12,48,6055,6056,6081,1,26
2223,13,48,6058,6059,6084,1,26
2229,1,48,6075,6076,6087,1,12
2015,3,48,5490,5492,6090,2,600
1801,5,48,4907,4909,6093,2,1186
1804,8,48,4915,4916,6096,1,1181
2021,9,48,5507,5509,6099,2,592
2028,16,48,5526,5528,6102,2,576
2227,17,48,6069,6071,6105,2,36
2016,4,48,5493,5495,6108,2,615
2234,6,48,6089,6091,6111,2,22
2235,7,48,6091,6092,6114,1,23
2022,10,48,5510,5511,6117,1,607
2240,12,48,6105,6107,6120,2,15
2241,13,48,6108,6110,6123,2,15
1816,2,48,4948,4949,6126,1,1178
2045,15,48,5573,5574,6129,1,556
2245,17,48,6119,6120,6132,1,13
1807,11,48,4923,4925,6135,2,1212
1810,14,48,4931,4932,6138,1,1207
2247,1,48,6124,6125,6141,1,17
2033,3,48,5540,5541,6144,1,604
1819,5,48,4956,4958,6147,2,1191
1822,8,48,4964,4965,6150,1,1186
2039,9,48,5557,5558,6153,1,596
2046,16,48,5576,5578,6156,2,580
1958,18,48,5335,5337,6159,2,824
2034,4,48,5543,5545,6162,2,619
2252,6,48,6138,6140,6165,2,27
2253,7,48,6140,6141,6168,1,28
2040,10,48,5560,5561,6171,1,611
2258,12,48,6154,6155,6174,1,20
2259,13,48,6157,6158,6177,1,20
1834,2,48,4998,4999,6180,1,1182
2063,15,48,5622,5624,6183,2,561
2263,17,48,6168,6170,6186,2,18
1825,11,48,4972,4974,6189,2,1217
1828,14,48,4980,4982,6192,2,1212
2265,1,48,6173,6174,6195,1,22
2051,3,48,5589,5591,6198,2,609
1837,5,48,5006,5007,6201,1,1195
2271,7,48,6189,6191,6204,2,15
2057,9,48,5606,5608,6207,2,601
2064,16,48,5625,5627,6210,2,585
1976,18,48,5384,5385,6213,1,829
2052,4,48,5592,5594,6216,2,624
2270,6,48,6187,6188,6219,1,32
1840,8,48,5014,5015,6222,1,1208
2058,10,48,5609,5610,6225,1,616
2276,12,48,6203,6204,6228,1,25
2277,13,48,6206,6208,6231,2,25
1852,2,48,5047,5048,6234,1,1187
2081,15,48,5671,5672,6237,1,566
2281,17,48,6217,6218,6240,1,23
1843,11,48,5022,5024,6243,2,1221
1846,14,48,5030,5031,6246,1,1216
2283,1,48,6222,6224,6249,2,27
2069,3,48,5638,5639,6252,1,614
2288,6,48,6236,6237,6255,1,19
2289,7,48,6238,6240,6258,2,20
2075,9,48,5655,5657,6261,2,606
2082,16,48,5674,5675,6264,1,590
1994,18,48,5433,5435,6267,2,834
2070,4,48,5641,5642,6270,1,629
1855,5,48,5055,5057,6273,2,1218
1858,8,48,5063,5064,6276,1,1213
2076,10,48,5658,5660,6279,2,621
2294,12,48,6252,6254,6282,2,30
2295,13,48,6255,6257,6285,2,30
2301,1,48,6271,6272,6288,1,17
2099,15,48,5720,5721,6291,1,571
2299,17,48,6266,6267,6294,1,28
1861,11,48,5071,5073,6297,2,1226
1864,14,48,5079,5081,6300,2,1221
1870,2,48,5096,5098,6303,2,1207
2087,3,48,5687,5688,6306,1,619
2306,6,48,6285,6287,6309,2,24
2307,7,48,6287,6288,6312,1,25
2093,9,48,5704,5705,6315,1,611
2100,16,48,5723,5725,6318,2,595
2012,18,48,5482,5484,6321,2,839
2088,4,48,5690,5691,6324,1,634
1873,5,48,5104,5105,6327,1,1223
1876,8,48,5112,5114,6330,2,1218
2094,10,48,5707,5708,6333,1,626
2312,12,48,6301,6302,6336,1,35
2313,13,48,6304,6305,6339,1,35
2319,1,48,6320,6321,6342,1,22
2117,15,48,5769,5771,6345,2,576
2317,17,48,6315,6317,6348,2,33
1879,11,48,5120,5121,6351,1,1231
1882,14,48,5128,5129,6354,1,1226
1888,2,48,5145,5147,6357,2,1212
2105,3,48,5736,5738,6360,2,624
2324,6,48,6334,6335,6363,1,29
2325,7,48,6336,6338,6366,2,30
2111,9,48,5753,5755,6369,2,616
2118,16,48,5772,5774,6372,2,600
2030,18,48,5531,5532,6375,1,844
2106,4,48,5739,5741,6378,2,639
1891,5,48,5153,5155,6381,2,1228
1894,8,48,5161,5162,6384,1,1223
2112,10,48,5756,5757,6387,1,631
2330,12,48,6350,6351,6390,1,40
2331,13,48,6353,6355,6393,2,40
2337,1,48,6369,6371,6396,2,27
2135,15,48,5818,5819,6399,1,581
2335,17,48,6364,6365,6402,1,38
1897,11,48,5169,5171,6405,2,1236
1900,14,48,5177,5178,6408,1,1231
1906,2,48,5194,5195,6411,1,1217
2123,3,48,5785,5786,6414,1,629
2342,6,48,6383,6384,6417,1,34
2343,7,48,6385,6387,6420,2,35
2129,9,48,5802,5804,6423,2,621
2136,16,48,5821,5822,6426,1,605
2353,17,48,6413,6414,6429,1,16
2124,4,48,5788,5789,6432,1,644
1909,5,48,5202,5204,6435,2,1233
1912,8,48,5210,5211,6438,1,1228
2130,10,48,5805,5807,6441,2,636
2348,12,48,6399,6401,6444,2,45
2349,13,48,6402,6404,6447,2,45
2355,1,48,6418,6419,6450,1,32
2153,15,48,5867,5868,6453,1,586
2048,18,48,5581,5583,6456,2,875
1915,11,48,5218,5220,6459,2,1241
1918,14,48,5226,5228,6462,2,1236
1924,2,48,5243,5245,6465,2,1222
2141,3,48,5834,5835,6468,1,634
2360,6,48,6432,6434,6471,2,39
2361,7,48,6434,6435,6474,1,40
2147,9,48,5851,5852,6477,1,626
2154,16,48,5870,5872,6480,2,610
2371,17,48,6462,6464,6483,2,21
2142,4,48,5837,5838,6486,1,649
1927,5,48,5251,5252,6489,1,1238
1930,8,48,5259,5261,6492,2,1233
2148,10,48,5854,5855,6495,1,641
2366,12,48,6448,6449,6498,1,50
2367,13,48,6451,6452,6501,1,50
2373,1,48,6467,6468,6504,1,37
2171,15,48,5916,5918,6507,2,591
2066,18,48,5630,5631,6510,1,880
2384,12,48,6497,6498,6513,1,16
2385,13,48,6500,6502,6516,2,16
1942,2,48,5292,5294,6519,2,1227
2159,3,48,5883,5885,6522,2,639
2378,6,48,6481,6482,6525,1,44
2379,7,48,6483,6485,6528,2,45
2165,9,48,5900,5902,6531,2,631
2172,16,48,5919,5921,6534,2,615
2389,17,48,6511,6512,6537,1,26
2160,4,48,5886,5888,6540,2,654
1945,5,48,5300,5302,6543,2,1243
2397,7,48,6532,6534,6546,2,14
2166,10,48,5903,5904,6549,1,646
1933,11,48,5267,5268,6552,1,1285
1936,14,48,5275,5276,6555,1,1280
2391,1,48,6516,6518,6558,2,42
2189,15,48,5965,5966,6561,1,596
2084,18,48,5679,5681,6564,2,885
2402,12,48,6546,6548,6567,2,21
2403,13,48,6549,6551,6570,2,21
1960,2,48,5341,5342,6573,1,1232
2177,3,48,5932,5933,6576,1,644
2396,6,48,6530,6531,6579,1,49
1948,8,48,5308,5309,6582,1,1274
2183,9,48,5949,5951,6585,2,636
2190,16,48,5968,5969,6588,1,620
2407,17,48,6560,6561,6591,1,31
2178,4,48,5935,5936,6594,1,659
2414,6,48,6579,6581,6597,2,18
2415,7,48,6581,6582,6600,1,19
2184,10,48,5952,5954,6603,2,651
1951,11,48,5316,5318,6606,2,1290
1954,14,48,5324,5325,6609,1,1285
2409,1,48,6565,6566,6612,1,47
2207,15,48,6014,6015,6615,1,601
2102,18,48,5728,5730,6618,2,890
2420,12,48,6595,6596,6621,1,26
2421,13,48,6598,6599,6624,1,26
2427,1,48,6615,6616,6627,1,12
2195,3,48,5981,5982,6630,1,649
1963,5,48,5349,5351,6633,2,1284
1966,8,48,5357,5358,6636,1,1279
2201,9,48,5998,5999,6639,1,641
2208,16,48,6017,6019,6642,2,625
2425,17,48,6609,6611,6645,2,36
2196,4,48,5984,5985,6648,1,664
2432,6,48,6629,6631,6651,2,22
2433,7,48,6631,6632,6654,1,23
2202,10,48,6001,6002,6657,1,656
2438,12,48,6645,6647,6660,2,15
2439,13,48,6648,6650,6663,2,15
1978,2,48,5390,5392,6666,2,1276
2225,15,48,6063,6065,6669,2,606
2443,17,48,6659,6660,6672,1,13
1969,11,48,5365,5367,6675,2,1310
1972,14,48,5373,5375,6678,2,1305
2445,1,48,6664,6665,6681,1,17
2213,3,48,6030,6032,6684,2,654
1981,5,48,5398,5399,6687,1,1289
1984,8,48,5406,5408,6690,2,1284
2219,9,48,6047,6049,6693,2,646
2226,16,48,6066,6068,6696,2,630
2120,18,48,5777,5778,6699,1,922
2214,4,48,6033,6035,6702,2,669
2450,6,48,6678,6680,6705,2,27
2451,7,48,6680,6681,6708,1,28
2220,10,48,6050,6051,6711,1,661
2456,12,48,6694,6695,6714,1,20
2457,13,48,6697,6698,6717,1,20
1996,2,48,5439,5441,6720,2,1281
2243,15,48,6113,6114,6723,1,610
2461,17,48,6708,6710,6726,2,18
1987,11,48,5414,5415,6729,1,1315
1990,14,48,5422,5423,6732,1,1310
2463,1,48,6713,6714,6735,1,22
2231,3,48,6080,6081,6738,1,658
1999,5,48,5447,5449,6741,2,1294
2469,7,48,6729,6731,6744,2,15
2237,9,48,6097,6098,6747,1,650
2244,16,48,6116,6118,6750,2,634
2138,18,48,5826,5828,6753,2,927
2232,4,48,6083,6085,6756,2,673
2468,6,48,6727,6728,6759,1,32
2002,8,48,5455,5456,6762,1,1307
2238,10,48,6100,6101,6765,1,665
2474,12,48,6743,6744,6768,1,25
2475,13,48,6746,6748,6771,2,25
2014,2,48,5488,5489,6774,1,1286
2261,15,48,6162,6164,6777,2,615
2479,17,48,6757,6758,6780,1,23
2005,11,48,5463,5465,6783,2,1320
2008,14,48,5471,5472,6786,1,1315
2481,1,48,6762,6764,6789,2,27
2249,3,48,6129,6131,6792,2,663
2486,6,48,6776,6777,6795,1,19
2487,7,48,6778,6780,6798,2,20
2255,9,48,6146,6148,6801,2,655
2262,16,48,6165,6167,6804,2,639
2156,18,48,5875,5877,6807,2,932
2250,4,48,6132,6134,6810,2,678
2017,5,48,5496,5498,6813,2,1317
2020,8,48,5504,5505,6816,1,1312
2256,10,48,6149,6150,6819,1,670
2492,12,48,6792,6794,6822,2,30
2493,13,48,6795,6797,6825,2,30
2499,1,48,6811,6812,6828,1,17
2279,15,48,6211,6212,6831,1,620
2497,17,48,6806,6807,6834,1,28
2023,11,48,5512,5514,6837,2,1325
2026,14,48,5520,5522,6840,2,1320
2032,2,48,5538,5539,6843,1,1305
2267,3,48,6178,6179,6846,1,668
2504,6,48,6825,6827,6849,2,24
2505,7,48,6827,6828,6852,1,25
2273,9,48,6195,6197,6855,2,660
2280,16,48,6214,6215,6858,1,644
2174,18,48,5924,5925,6861,1,937
2268,4,48,6181,6182,6864,1,683
2035,5,48,5546,5547,6867,1,1321
2038,8,48,5554,5555,6870,1,1316
2274,10,48,6198,6200,6873,2,675
2510,12,48,6841,6842,6876,1,35
2511,13,48,6844,6845,6879,1,35
2517,1,48,6860,6861,6882,1,22
2297,15,48,6260,6261,6885,1,625
2515,17,48,6855,6857,6888,2,33
2041,11,48,5562,5564,6891,2,1329
2044,14,48,5570,5571,6894,1,1324
2050,2,48,5587,5588,6897,1,1310
2285,3,48,6227,6228,6900,1,673
2522,6,48,6874,6875,6903,1,29
2523,7,48,6876,6878,6906,2,30
2291,9,48,6244,6245,6909,1,665
2298,16,48,6263,6265,6912,2,649
2192,18,48,5973,5975,6915,2,942
2286,4,48,6230,6231,6918,1,688
2053,5,48,5595,5597,6921,2,1326
2056,8,48,5603,5604,6924,1,1321
2292,10,48,6247,6248,6927,1,680
2528,12,48,6890,6891,6930,1,40
2529,13,48,6893,6895,6933,2,40
2535,1,48,6909,6911,6936,2,27
2315,15,48,6309,6311,6939,2,630
2533,17,48,6904,6905,6942,1,38
2059,11,48,5611,5613,6945,2,1334
2062,14,48,5619,5621,6948,2,1329
2068,2,48,5636,5638,6951,2,1315
2303,3,48,6276,6278,6954,2,678
2540,6,48,6923,6924,6957,1,34
2541,7,48,6925,6927,6960,2,35
2309,9,48,6293,6295,6963,2,670
2316,16,48,6312,6314,6966,2,654
2551,17,48,6953,6954,6969,1,16
2304,4,48,6279,6281,6972,2,693
2071,5,48,5644,5645,6975,1,1331
2074,8,48,5652,5654,6978,2,1326
2310,10,48,6296,6297,6981,1,685
2546,12,48,6939,6941,6984,2,45
2547,13,48,6942,6944,6987,2,45
2553,1,48,6958,6959,6990,1,32
2333,15,48,6358,6359,6993,1,635
2210,18,48,6022,6024,6996,2,974
2077,11,48,5660,5661,6999,1,1339
2080,14,48,5668,5669,7002,1,1334
2086,2,48,5685,5687,7005,2,1320
2321,3,48,6325,6326,7008,1,683
2558,6,48,6972,6974,7011,2,39
2559,7,48,6974,6975,7014,1,40
2327,9,48,6342,6344,7017,2,675
2334,16,48,6361,6362,7020,1,659
2569,17,48,7002,7004,7023,2,21
2322,4,48,6328,6329,7026,1,698
2089,5,48,5693,5695,7029,2,1336
2092,8,48,5701,5702,7032,1,1331
2328,10,48,6345,6347,7035,2,690
2564,12,48,6988,6989,7038,1,50
2565,13,48,6991,6992,7041,1,50
2571,1,48,7007,7008,7044,1,37
2351,15,48,6407,6408,7047,1,640
2228,18,48,6071,6072,7050,1,979
2582,12,48,7037,7038,7053,1,16
2583,13,48,7040,7042,7056,2,16
2104,2,48,5734,5735,7059,1,1325
2339,3,48,6374,6375,7062,1,688
2576,6,48,7021,7022,7065,1,44
2577,7,48,7023,7025,7068,2,45
2345,9,48,6391,6392,7071,1,680
2352,16,48,6410,6412,7074,2,664
2587,17,48,7051,7052,7077,1,26
2340,4,48,6377,6378,7080,1,703
2107,5,48,5742,5744,7083,2,1341
2595,7,48,7072,7074,7086,2,14
2346,10,48,6394,6395,7089,1,695
2095,11,48,5709,5711,7092,2,1383
2098,14,48,5717,5718,7095,1,1378
2589,1,48,7056,7058,7098,2,42
2369,15,48,6456,6458,7101,2,645
2246,18,48,6121,6123,7104,2,983
2600,12,48,7086,7088,7107,2,21
2601,13,48,7089,7091,7110,2,21
2122,2,48,5783,5785,7113,2,1330
2357,3,48,6423,6425,7116,2,693
2594,6,48,7070,7071,7119,1,49
2110,8,48,5750,5751,7122,1,1372
2363,9,48,6440,6442,7125,2,685
2370,16,48,6459,6461,7128,2,669
2605,17,48,7100,7101,7131,1,31
2358,4,48,6426,6428,7134,2,708
2612,6,48,7119,7121,7137,2,18
2613,7,48,7121,7122,7140,1,19
2364,10,48,6443,6444,7143,1,700
2113,11,48,5758,5760,7146,2,1388
2116,14,48,5766,5768,7149,2,1383
2607,1,48,7105,7106,7152,1,47
2387,15,48,6505,6506,7155,1,650
2264,18,48,6170,6171,7158,1,988
2618,12,48,7135,7136,7161,1,26
2619,13,48,7138,7139,7164,1,26
2625,1,48,7155,7156,7167,1,12
2375,3,48,6472,6473,7170,1,698
2125,5,48,5791,5792,7173,1,1382
2128,8,48,5799,5801,7176,2,1377
2381,9,48,6489,6491,7179,2,690
2388,16,48,6508,6509,7182,1,674
2623,17,48,7149,7151,7185,2,36
2376,4,48,6475,6476,7188,1,713
2630,6,48,7169,7171,7191,2,22
2631,7,48,7171,7172,7194,1,23
2382,10,48,6492,6494,7197,2,705
2636,12,48,7185,7187,7200,2,15
2637,13,48,7188,7190,7203,2,15
2140,2,48,5832,5834,7206,2,1374
2405,15,48,6554,6555,7209,1,655
2641,17,48,7199,7200,7212,1,13
2131,11,48,5807,5808,7215,1,1408
2134,14,48,5815,5816,7218,1,1403
2643,1,48,7204,7205,7221,1,17
2393,3,48,6521,6522,7224,1,703
2143,5,48,5840,5842,7227,2,1387
2146,8,48,5848,5849,7230,1,1382
2399,9,48,6538,6539,7233,1,695
2406,16,48,6557,6559,7236,2,679
2282,18,48,6219,6221,7239,2,1020
2394,4,48,6524,6525,7242,1,718
2648,6,48,7218,7220,7245,2,27
2649,7,48,7220,7221,7248,1,28
2400,10,48,6541,6542,7251,1,710
2654,12,48,7234,7235,7254,1,20
2655,13,48,7237,7238,7257,1,20
2158,2,48,5881,5882,7260,1,1379
2423,15,48,6603,6605,7263,2,660
2659,17,48,7248,7250,7266,2,18
2149,11,48,5856,5858,7269,2,1413
2152,14,48,5864,5865,7272,1,1408
2661,1,48,7253,7254,7275,1,22
2411,3,48,6570,6572,7278,2,708
2161,5,48,5889,5891,7281,2,1392
2667,7,48,7269,7271,7284,2,15
2417,9,48,6587,6589,7287,2,700
2424,16,48,6606,6608,7290,2,684
2300,18,48,6268,6270,7293,2,1025
2412,4,48,6573,6575,7296,2,723
2666,6,48,7267,7268,7299,1,32
2164,8,48,5897,5898,7302,1,1405
2418,10,48,6590,6591,7305,1,715
2672,12,48,7283,7284,7308,1,25
2673,13,48,7286,7288,7311,2,25
2176,2,48,5930,5932,7314,2,1384
2441,15,48,6653,6654,7317,1,664
2677,17,48,7297,7298,7320,1,23
2167,11,48,5905,5907,7323,2,1418
2170,14,48,5913,5915,7326,2,1413
2679,1,48,7302,7304,7329,2,27
2429,3,48,6620,6621,7332,1,712
2684,6,48,7316,7317,7335,1,19
2685,7,48,7318,7320,7338,2,20
2435,9,48,6637,6638,7341,1,704
2442,16,48,6656,6658,7344,2,688
2318,18,48,6317,6318,7347,1,1030
2430,4,48,6623,6625,7350,2,727
2179,5,48,5938,5939,7353,1,1415
2182,8,48,5946,5948,7356,2,1410
2436,10,48,6640,6641,7359,1,719
2690,12,48,7332,7334,7362,2,30
2691,13,48,7335,7337,7365,2,30
2697,1,48,7351,7352,7368,1,17
2459,15,48,6702,6704,7371,2,669
2695,17,48,7346,7347,7374,1,28
2185,11,48,5954,5955,7377,1,1423
2188,14,48,5962,5963,7380,1,1418
2194,2,48,5979,5981,7383,2,1404
2447,3,48,6669,6671,7386,2,717
2702,6,48,7365,7367,7389,2,24
2703,7,48,7367,7368,7392,1,25
2453,9,48,6686,6688,7395,2,709
2460,16,48,6705,6707,7398,2,693
2336,18,48,6366,6368,7401,2,1035
2448,4,48,6672,6674,7404,2,732
2197,5,48,5987,5989,7407,2,1420
2200,8,48,5995,5996,7410,1,1415
2454,10,48,6689,6690,7413,1,724
2708,12,48,7381,7382,7416,1,35
2709,13,48,7384,7385,7419,1,35
2715,1,48,7400,7401,7422,1,22
2477,15,48,6751,6752,7425,1,674
2713,17,48,7395,7397,7428,2,33
2203,11,48,6003,6005,7431,2,1428
2206,14,48,6011,6012,7434,1,1423
2212,2,48,6028,6029,7437,1,1409
2465,3,48,6718,6719,7440,1,722
2720,6,48,7414,7415,7443,1,29
2721,7,48,7416,7418,7446,2,30
2471,9,48,6735,6737,7449,2,714
2478,16,48,6754,6755,7452,1,698
2354,18,48,6415,6417,7455,2,1040
2466,4,48,6721,6722,7458,1,737
2215,5,48,6036,6038,7461,2,1425
2218,8,48,6044,6045,7464,1,1420
2472,10,48,6738,6740,7467,2,729
2726,12,48,7430,7431,7470,1,40
2727,13,48,7433,7435,7473,2,40
2733,1,48,7449,7451,7476,2,27
2495,15,48,6800,6801,7479,1,679
2731,17,48,7444,7445,7482,1,38
2221,11,48,6052,6054,7485,2,1433
2224,14,48,6060,6062,7488,2,1428
2230,2,48,6078,6079,7491,1,1413
2483,3,48,6767,6768,7494,1,727
2738,6,48,7463,7464,7497,1,34
2739,7,48,7465,7467,7500,2,35
2489,9,48,6784,6785,7503,1,719
2496,16,48,6803,6805,7506,2,703
2749,17,48,7493,7494,7509,1,16
2484,4,48,6770,6771,7512,1,742
2233,5,48,6086,6087,7515,1,1429
2236,8,48,6094,6095,7518,1,1424
2490,10,48,6787,6788,7521,1,734
2744,12,48,7479,7481,7524,2,45
2745,13,48,7482,7484,7527,2,45
2751,1,48,7498,7499,7530,1,32
2513,15,48,6849,6851,7533,2,684
2372,18,48,6464,6465,7536,1,1072
2239,11,48,6102,6104,7539,2,1437
2242,14,48,6110,6111,7542,1,1432
2248,2,48,6127,6128,7545,1,1418
2501,3,48,6816,6818,7548,2,732
2756,6,48,7512,7514,7551,2,39
2757,7,48,7514,7515,7554,1,40
2507,9,48,6833,6835,7557,2,724
2514,16,48,6852,6854,7560,2,708
2767,17,48,7542,7544,7563,2,21
2502,4,48,6819,6821,7566,2,747
2251,5,48,6135,6137,7569,2,1434
2254,8,48,6143,6144,7572,1,1429
2508,10,48,6836,6837,7575,1,739
2762,12,48,7528,7529,7578,1,50
2763,13,48,7531,7532,7581,1,50
2769,1,48,7547,7548,7584,1,37
2531,15,48,6898,6899,7587,1,689
2390,18,48,6513,6515,7590,2,1077
2780,12,48,7577,7578,7593,1,16
2781,13,48,7580,7582,7596,2,16
2266,2,48,6176,6178,7599,2,1423
2519,3,48,6865,6866,7602,1,737
2774,6,48,7561,7562,7605,1,44
2775,7,48,7563,7565,7608,2,45
2525,9,48,6882,6884,7611,2,729
2532,16,48,6901,6902,7614,1,713
2785,17,48,7591,7592,7617,1,26
2520,4,48,6868,6869,7620,1,752
2269,5,48,6184,6185,7623,1,1439
2793,7,48,7612,7614,7626,2,14
2526,10,48,6885,6887,7629,2,744
2257,11,48,6151,6153,7632,2,1481
2260,14,48,6159,6161,7635,2,1476
2787,1,48,7596,7598,7638,2,42
2549,15,48,6947,6948,7641,1,694
2408,18,48,6562,6564,7644,2,1082
2798,12,48,7626,7628,7647,2,21
2799,13,48,7629,7631,7650,2,21
2284,2,48,6225,6227,7653,2,1428
2537,3,48,6914,6915,7656,1,742
2792,6,48,7610,7611,7659,1,49
2272,8,48,6192,6194,7662,2,1470
2543,9,48,6931,6932,7665,1,734
2550,16,48,6950,6952,7668,2,718
2803,17,48,7640,7641,7671,1,31
2538,4,48,6917,6918,7674,1,757
2810,6,48,7659,7661,7677,2,18
2811,7,48,7661,7662,7680,1,19
2544,10,48,6934,6935,7683,1,749
2275,11,48,6200,6201,7686,1,1486
2278,14,48,6208,6209,7689,1,1481
2805,1,48,7645,7646,7692,1,47
2567,15,48,6996,6998,7695,2,699
2426,18,48,6611,6612,7698,1,1087
2816,12,48,7675,7676,7701,1,26
2817,13,48,7678,7679,7704,1,26
2823,1,48,7695,7696,7707,1,12
2555,3,48,6963,6965,7710,2,747
2287,5,48,6233,6235,7713,2,1480
2290,8,48,6241,6242,7716,1,1475
2561,9,48,6980,6982,7719,2,739
2568,16,48,6999,7001,7722,2,723
2821,17,48,7689,7691,7725,2,36
2556,4,48,6966,6968,7728,2,762
2828,6,48,7709,7711,7731,2,22
2829,7,48,7711,7712,7734,1,23
2562,10,48,6983,6984,7737,1,754
2834,12,48,7725,7727,7740,2,15
2835,13,48,7728,7730,7743,2,15
2302,2,48,6274,6275,7746,1,1472
2585,15,48,7045,7046,7749,1,704
2839,17,48,7739,7740,7752,1,13
2293,11,48,6249,6251,7755,2,1506
2296,14,48,6257,6258,7758,1,1501
2841,1,48,7744,7745,7761,1,17
2573,3,48,7012,7013,7764,1,752
2305,5,48,6282,6284,7767,2,1485
2308,8,48,6290,6291,7770,1,1480
2579,9,48,7029,7031,7773,2,744
2586,16,48,7048,7049,7776,1,728
2444,18,48,6661,6663,7779,2,1118
2574,4,48,7015,7016,7782,1,767
2846,6,48,7758,7760,7785,2,27
2847,7,48,7760,7761,7788,1,28
2580,10,48,7032,7034,7791,2,759
2852,12,48,7774,7775,7794,1,20
2853,13,48,7777,7778,7797,1,20
2320,2,48,6323,6325,7800,2,1477
2603,15,48,7094,7095,7803,1,709
2857,17,48,7788,7790,7806,2,18
2311,11,48,6298,6300,7809,2,1511
2314,14,48,6306,6308,7812,2,1506
2859,1,48,7793,7794,7815,1,22
2591,3,48,7061,7062,7818,1,757
2323,5,48,6331,6332,7821,1,1490
2865,7,48,7809,7811,7824,2,15
2597,9,48,7078,7079,7827,1,749
2604,16,48,7097,7099,7830,2,733
2462,18,48,6710,6711,7833,1,1123
2592,4,48,7064,7065,7836,1,772
2864,6,48,7807,7808,7839,1,32
2326,8,48,6339,6341,7842,2,1503
2598,10,48,7081,7082,7845,1,764
2870,12,48,7823,7824,7848,1,25
2871,13,48,7826,7828,7851,2,25
2338,2,48,6372,6374,7854,2,1482
2621,15,48,7143,7145,7857,2,714
2875,17,48,7837,7838,7860,1,23
2329,11,48,6347,6348,7863,1,1516
2332,14,48,6355,6356,7866,1,1511
2877,1,48,7842,7844,7869,2,27
2609,3,48,7110,7112,7872,2,762
2882,6,48,7856,7857,7875,1,19
2883,7,48,7858,7860,7878,2,20
2615,9,48,7127,7129,7881,2,754
2622,16,48,7146,7148,7884,2,738
2480,18,48,6759,6761,7887,2,1128
2610,4,48,7113,7115,7890,2,777
2341,5,48,6380,6382,7893,2,1513
2344,8,48,6388,6389,7896,1,1508
2616,10,48,7130,7131,7899,1,769
2888,12,48,7872,7874,7902,2,30
2889,13,48,7875,7877,7905,2,30
2895,1,48,7891,7892,7908,1,17
2639,15,48,7193,7194,7911,1,718
2893,17,48,7886,7887,7914,1,28
2347,11,48,6396,6398,7917,2,1521
2350,14,48,6404,6405,7920,1,1516
2356,2,48,6421,6422,7923,1,1502
2627,3,48,7160,7161,7926,1,766
2900,6,48,7905,7907,7929,2,24
2901,7,48,7907,7908,7932,1,25
2633,9,48,7177,7178,7935,1,758
2640,16,48,7196,7198,7938,2,742
2498,18,48,6808,6810,7941,2,1133
2628,4,48,7163,7165,7944,2,781
2359,5,48,6429,6431,7947,2,1518
2362,8,48,6437,6438,7950,1,1513
2634,10,48,7180,7181,7953,1,773
2906,12,48,7921,7922,7956,1,35
2907,13,48,7924,7925,7959,1,35
2913,1,48,7940,7941,7962,1,22
2657,15,48,7242,7244,7965,2,723
2911,17,48,7935,7937,7968,2,33
2365,11,48,6445,6447,7971,2,1526
2368,14,48,6453,6455,7974,2,1521
2374,2,48,6470,6472,7977,2,1507
2645,3,48,7209,7211,7980,2,771
2918,6,48,7954,7955,7983,1,29
2919,7,48,7956,7958,7986,2,30
2651,9,48,7226,7228,7989,2,763
2658,16,48,7245,7247,7992,2,747
2516,18,48,6857,6858,7995,1,1138
2646,4,48,7212,7214,7998,2,786
2377,5,48,6478,6479,8001,1,1523
2380,8,48,6486,6488,8004,2,1518
2652,10,48,7229,7230,8007,1,778
2924,12,48,7970,7971,8010,1,40
2925,13,48,7973,7975,8013,2,40
2931,1,48,7989,7991,8016,2,27
2675,15,48,7291,7292,8019,1,728
2929,17,48,7984,7985,8022,1,38
2383,11,48,6494,6495,8025,1,1531
2386,14,48,6502,6503,8028,1,1526
2392,2,48,6519,6521,8031,2,1512
2663,3,48,7258,7259,8034,1,776
2936,6,48,8003,8004,8037,1,34
2937,7,48,8005,8007,8040,2,35
2669,9,48,7275,7277,8043,2,768
2676,16,48,7294,7295,8046,1,752
2947,17,48,8033,8034,8049,1,16
2664,4,48,7261,7262,8052,1,791
2395,5,48,6527,6529,8055,2,1528
2398,8,48,6535,6536,8058,1,1523
2670,10,48,7278,7280,8061,2,783
2942,12,48,8019,8021,8064,2,45
2943,13,48,8022,8024,8067,2,45
2949,1,48,8038,8039,8070,1,32
2693,15,48,7340,7341,8073,1,733
2534,18,48,6906,6908,8076,2,1170
2401,11,48,6543,6545,8079,2,1536
2404,14,48,6551,6552,8082,1,1531
2410,2,48,6568,6569,8085,1,1517
2681,3,48,7307,7308,8088,1,781
2954,6,48,8052,8054,8091,2,39
2955,7,48,8054,8055,8094,1,40
2687,9,48,7324,7325,8097,1,773
2694,16,48,7343,7345,8100,2,757
2965,17,48,8082,8084,8103,2,21
2682,4,48,7310,7311,8106,1,796
2413,5,48,6576,6578,8109,2,1533
2416,8,48,6584,6585,8112,1,1528
2688,10,48,7327,7328,8115,1,788
2960,12,48,8068,8069,8118,1,50
2961,13,48,8071,8072,8121,1,50
2967,1,48,8087,8088,8124,1,37
2711,15,48,7389,7391,8127,2,738
2552,18,48,6955,6957,8130,2,1175
2978,12,48,8117,8118,8133,1,16
2979,13,48,8120,8122,8136,2,16
2428,2,48,6618,6619,8139,1,1521
2699,3,48,7356,7358,8142,2,786
2972,6,48,8101,8102,8145,1,44
2973,7,48,8103,8105,8148,2,45
2705,9,48,7373,7375,8151,2,778
2712,16,48,7392,7394,8154,2,762
2983,17,48,8131,8132,8157,1,26
2700,4,48,7359,7361,8160,2,801
2431,5,48,6626,6627,8163,1,1537
2991,7,48,8152,8154,8166,2,14
2706,10,48,7376,7377,8169,1,793
2419,11,48,6592,6594,8172,2,1580
2422,14,48,6600,6602,8175,2,1575
2985,1,48,8136,8138,8178,2,42
2729,15,48,7438,7439,8181,1,743
2570,18,48,7004,7005,8184,1,1180
2996,12,48,8166,8168,8187,2,21
2997,13,48,8169,8171,8190,2,21
2446,2,48,6667,6668,8193,1,1526
2717,3,48,7405,7406,8196,1,791
2990,6,48,8150,8151,8199,1,49
2434,8,48,6634,6635,8202,1,1568
2723,9,48,7422,7424,8205,2,783
2730,16,48,7441,7442,8208,1,767
3001,17,48,8180,8181,8211,1,31
2718,4,48,7408,7409,8214,1,806
3008,6,48,8199,8201,8217,2,18
3009,7,48,8201,8202,8220,1,19
2724,10,48,7425,7427,8223,2,798
2437,11,48,6642,6644,8226,2,1584
2440,14,48,6650,6651,8229,1,1579
3003,1,48,8185,8186,8232,1,47
2747,15,48,7487,7488,8235,1,748
2588,18,48,7053,7055,8238,2,1185
3014,12,48,8215,8216,8241,1,26
3015,13,48,8218,8219,8244,1,26
3021,1,48,8235,8236,8247,1,12
2735,3,48,7454,7455,8250,1,796
2449,5,48,6675,6677,8253,2,1578
2452,8,48,6683,6684,8256,1,1573
2741,9,48,7471,7472,8259,1,788
2748,16,48,7490,7492,8262,2,772
3019,17,48,8229,8231,8265,2,36
2736,4,48,7457,7458,8268,1,811
3026,6,48,8249,8251,8271,2,22
3027,7,48,8251,8252,8274,1,23
2742,10,48,7474,7475,8277,1,803
3032,12,48,8265,8267,8280,2,15
3033,13,48,8268,8270,8283,2,15
2464,2,48,6716,6718,8286,2,1570
2765,15,48,7536,7538,8289,2,753
3037,17,48,8279,8280,8292,1,13
2455,11,48,6691,6693,8295,2,1604
2458,14,48,6699,6701,8298,2,1599
3039,1,48,8284,8285,8301,1,17
2753,3,48,7503,7505,8304,2,801
2467,5,48,6724,6725,8307,1,1583
2470,8,48,6732,6734,8310,2,1578
2759,9,48,7520,7522,8313,2,793
2766,16,48,7539,7541,8316,2,777
2606,18,48,7102,7104,8319,2,1217
2754,4,48,7506,7508,8322,2,816
3044,6,48,8298,8300,8325,2,27
3045,7,48,8300,8301,8328,1,28
2760,10,48,7523,7524,8331,1,808
3050,12,48,8314,8315,8334,1,20
3051,13,48,8317,8318,8337,1,20
2482,2,48,6765,6767,8340,2,1575
2783,15,48,7585,7586,8343,1,758
3055,17,48,8328,8330,8346,2,18
2473,11,48,6740,6741,8349,1,1609
2476,14,48,6748,6749,8352,1,1604
3057,1,48,8333,8334,8355,1,22
2771,3,48,7552,7553,8358,1,806
2485,5,48,6773,6775,8361,2,1588
3063,7,48,8349,8351,8364,2,15
2777,9,48,7569,7571,8367,2,798
2784,16,48,7588,7589,8370,1,782
2624,18,48,7151,7152,8373,1,1222
2772,4,48,7555,7556,8376,1,821
3062,6,48,8347,8348,8379,1,32
2488,8,48,6781,6782,8382,1,1601
2778,10,48,7572,7574,8385,2,813
3068,12,48,8363,8364,8388,1,25
3069,13,48,8366,8368,8391,2,25
2500,2,48,6814,6815,8394,1,1580
2801,15,48,7634,7635,8397,1,763
3073,17,48,8377,8378,8400,1,23
2491,11,48,6789,6791,8403,2,1614
2494,14,48,6797,6798,8406,1,1609
3075,1,48,8382,8384,8409,2,27
2789,3,48,7601,7602,8412,1,811
3080,6,48,8396,8397,8415,1,19
3081,7,48,8398,8400,8418,2,20
2795,9,48,7618,7619,8421,1,803
2802,16,48,7637,7639,8424,2,787
2642,18,48,7201,7203,8427,2,1226
2790,4,48,7604,7605,8430,1,826
2503,5,48,6822,6824,8433,2,1611
2506,8,48,6830,6831,8436,1,1606
2796,10,48,7621,7622,8439,1,818
3086,12,48,8412,8414,8442,2,30
3087,13,48,8415,8417,8445,2,30
3093,1,48,8431,8432,8448,1,17
2819,15,48,7683,7685,8451,2,768
3091,17,48,8426,8427,8454,1,28
2509,11,48,6838,6840,8457,2,1619
2512,14,48,6846,6848,8460,2,1614
2518,2,48,6863,6865,8463,2,1600
2807,3,48,7650,7652,8466,2,816
3098,6,48,8445,8447,8469,2,24
3099,7,48,8447,8448,8472,1,25
2813,9,48,7667,7669,8475,2,808
2820,16,48,7686,7688,8478,2,792
2660,18,48,7250,7251,8481,1,1231
2808,4,48,7653,7655,8484,2,831
2521,5,48,6871,6872,8487,1,1616
2524,8,48,6879,6881,8490,2,1611
2814,10,48,7670,7671,8493,1,823
3104,12,48,8461,8462,8496,1,35
3105,13,48,8464,8465,8499,1,35
3111,1,48,8480,8481,8502,1,22
2837,15,48,7733,7734,8505,1,772
3109,17,48,8475,8477,8508,2,33
2527,11,48,6887,6888,8511,1,1624
2530,14,48,6895,6896,8514,1,1619
2536,2,48,6912,6914,8517,2,1605
2825,3,48,7700,7701,8520,1,820
3116,6,48,8494,8495,8523,1,29
3117,7,48,8496,8498,8526,2,30
2831,9,48,7717,7718,8529,1,812
2838,16,48,7736,7738,8532,2,796
2678,18,48,7299,7301,8535,2,1236
2826,4,48,7703,7705,8538,2,835
2539,5,48,6920,6922,8541,2,1621
2542,8,48,6928,6929,8544,1,1616
2832,10,48,7720,7721,8547,1,827
3122,12,48,8510,8511,8550,1,40
3123,13,48,8513,8515,8553,2,40
3129,1,48,8529,8531,8556,2,27
2855,15,48,7782,7784,8559,2,777
3127,17,48,8524,8525,8562,1,38
2545,11,48,6936,6938,8565,2,1629
2548,14,48,6944,6945,8568,1,1624
2554,2,48,6961,6962,8571,1,1610
2843,3,48,7749,7751,8574,2,825
3134,6,48,8543,8544,8577,1,34
3135,7,48,8545,8547,8580,2,35
2849,9,48,7766,7768,8583,2,817
2856,16,48,7785,7787,8586,2,801
3145,17,48,8573,8574,8589,1,16
2844,4,48,7752,7754,8592,2,840
2557,5,48,6969,6971,8595,2,1626
2560,8,48,6977,6978,8598,1,1621
2850,10,48,7769,7770,8601,1,832
3140,12,48,8559,8561,8604,2,45
3141,13,48,8562,8564,8607,2,45
3147,1,48,8578,8579,8610,1,32
2873,15,48,7831,7832,8613,1,782
2696,18,48,7348,7350,8616,2,1268
2563,11,48,6985,6987,8619,2,1634
2566,14,48,6993,6995,8622,2,1629
2572,2,48,7010,7012,8625,2,1615
2861,3,48,7798,7799,8628,1,830
3152,6,48,8592,8594,8631,2,39
3153,7,48,8594,8595,8634,1,40
2867,9,48,7815,7817,8637,2,822
2874,16,48,7834,7835,8640,1,806
3163,17,48,8622,8624,8643,2,21
2862,4,48,7801,7802,8646,1,845
2575,5,48,7018,7019,8649,1,1631
2578,8,48,7026,7028,8652,2,1626
2868,10,48,7818,7820,8655,2,837
3158,12,48,8608,8609,8658,1,50
3159,13,48,8611,8612,8661,1,50
3165,1,48,8627,8628,8664,1,37
2891,15,48,7880,7881,8667,1,787
2714,18,48,7397,7398,8670,1,1273
3176,12,48,8657,8658,8673,1,16
3177,13,48,8660,8662,8676,2,16
2590,2,48,7059,7061,8679,2,1620
2879,3,48,7847,7848,8682,1,835
3170,6,48,8641,8642,8685,1,44
3171,7,48,8643,8645,8688,2,45
2885,9,48,7864,7865,8691,1,827
2892,16,48,7883,7885,8694,2,811
3181,17,48,8671,8672,8697,1,26
2880,4,48,7850,7851,8700,1,850
2593,5,48,7067,7069,8703,2,1636
3189,7,48,8692,8694,8706,2,14
2886,10,48,7867,7868,8709,1,842
2581,11,48,7034,7035,8712,1,1678
2584,14,48,7042,7043,8715,1,1673
3183,1,48,8676,8678,8718,2,42
2909,15,48,7929,7931,8721,2,792
2732,18,48,7446,7448,8724,2,1278
3194,12,48,8706,8708,8727,2,21
3195,13,48,8709,8711,8730,2,21
2608,2,48,7108,7109,8733,1,1625
2897,3,48,7896,7898,8736,2,840
3188,6,48,8690,8691,8739,1,49
2596,8,48,7075,7076,8742,1,1667
2903,9,48,7913,7915,8745,2,832
2910,16,48,7932,7934,8748,2,816
3199,17,48,8720,8721,8751,1,31
2898,4,48,7899,7901,8754,2,855
3206,6,48,8739,8741,8757,2,18
3207,7,48,8741,8742,8760,1,19
2904,10,48,7916,7917,8763,1,847
2599,11,48,7083,7085,8766,2,1683
2602,14,48,7091,7092,8769,1,1678
3201,1,48,8725,8726,8772,1,47
2927,15,48,7978,7979,8775,1,797
2750,18,48,7495,7497,8778,2,1283
3212,12,48,8755,8756,8781,1,26
3213,13,48,8758,8759,8784,1,26
3219,1,48,8775,8776,8787,1,12
2915,3,48,7945,7946,8790,1,845
2611,5,48,7116,7118,8793,2,1677
2614,8,48,7124,7125,8796,1,1672
2921,9,48,7962,7964,8799,2,837
2928,16,48,7981,7982,8802,1,821
3217,17,48,8769,8771,8805,2,36
2916,4,48,7948,7949,8808,1,860
3224,6,48,8789,8791,8811,2,22
3225,7,48,8791,8792,8814,1,23
2922,10,48,7965,7967,8817,2,852
3230,12,48,8805,8807,8820,2,15
3231,13,48,8808,8810,8823,2,15
2626,2,48,7158,7159,8826,1,1668
2945,15,48,8027,8028,8829,1,802
3235,17,48,8819,8820,8832,1,13
2617,11,48,7132,7134,8835,2,1703
2620,14,48,7140,7142,8838,2,1698
3237,1,48,8824,8825,8841,1,17
2933,3,48,7994,7995,8844,1,850
2629,5,48,7166,7167,8847,1,1681
2632,8,48,7174,7175,8850,1,1676
2939,9,48,8011,8012,8853,1,842
2946,16,48,8030,8032,8856,2,826
2768,18,48,7544,7545,8859,1,1315
2934,4,48,7997,7998,8862,1,865
3242,6,48,8838,8840,8865,2,27
3243,7,48,8840,8841,8868,1,28
2940,10,48,8014,8015,8871,1,857
3248,12,48,8854,8855,8874,1,20
3249,13,48,8857,8858,8877,1,20
2644,2,48,7207,7208,8880,1,1673
2963,15,48,8076,8078,8883,2,807
3253,17,48,8868,8870,8886,2,18
2635,11,48,7182,7184,8889,2,1707
2638,14,48,7190,7191,8892,1,1702
3255,1,48,8873,8874,8895,1,22
2951,3,48,8043,8045,8898,2,855
2647,5,48,7215,7217,8901,2,1686
3261,7,48,8889,8891,8904,2,15
2957,9,48,8060,8062,8907,2,847
2964,16,48,8079,8081,8910,2,831
2786,18,48,7593,7595,8913,2,1320
2952,4,48,8046,8048,8916,2,870
3260,6,48,8887,8888,8919,1,32
2650,8,48,7223,7224,8922,1,1699
2958,10,48,8063,8064,8925,1,862
3266,12,48,8903,8904,8928,1,25
3267,13,48,8906,8908,8931,2,25
2662,2,48,7256,7258,8934,2,1678
2981,15,48,8125,8126,8937,1,812
3271,17,48,8917,8918,8940,1,23
2653,11,48,7231,7233,8943,2,1712
2656,14,48,7239,7241,8946,2,1707
3273,1,48,8922,8924,8949,2,27
2969,3,48,8092,8093,8952,1,860
3278,6,48,8936,8937,8955,1,19
3279,7,48,8938,8940,8958,2,20
2975,9,48,8109,8111,8961,2,852
2982,16,48,8128,8129,8964,1,836
2804,18,48,7642,7644,8967,2,1325
2970,4,48,8095,8096,8970,1,875
2665,5,48,7264,7265,8973,1,1709
2668,8,48,7272,7274,8976,2,1704
2976,10,48,8112,8114,8979,2,867
3284,12,48,8952,8954,8982,2,30
3285,13,48,8955,8957,8985,2,30
3291,1,48,8971,8972,8988,1,17
2999,15,48,8174,8175,8991,1,817
3289,17,48,8966,8967,8994,1,28
2671,11,48,7280,7281,8997,1,1717
2674,14,48,7288,7289,9000,1,1712
2680,2,48,7305,7307,9003,2,1698
2987,3,48,8141,8142,9006,1,865
3296,6,48,8985,8987,9009,2,24
3297,7,48,8987,8988,9012,1,25
2993,9,48,8158,8159,9015,1,857
3000,16,48,8177,8179,9018,2,841
2822,18,48,7691,7692,9021,1,1330
2988,4,48,8144,8145,9024,1,880
2683,5,48,7313,7315,9027,2,1714
2686,8,48,7321,7322,9030,1,1709
2994,10,48,8161,8162,9033,1,872
3302,12,48,9001,9002,9036,1,35
3303,13,48,9004,9005,9039,1,35
3309,1,48,9020,9021,9042,1,22
3017,15,48,8223,8225,9045,2,822
3307,17,48,9015,9017,9048,2,33
2689,11,48,7329,7331,9051,2,1722
2692,14,48,7337,7338,9054,1,1717
2698,2,48,7354,7355,9057,1,1703
3005,3,48,8190,8192,9060,2,870
3314,6,48,9034,9035,9063,1,29
3315,7,48,9036,9038,9066,2,30
3011,9,48,8207,8209,9069,2,862
3018,16,48,8226,8228,9072,2,846
2840,18,48,7741,7743,9075,2,1334
3006,4,48,8193,8195,9078,2,885
2701,5,48,7362,7364,9081,2,1719
2704,8,48,7370,7371,9084,1,1714
3012,10,48,8210,8211,9087,1,877
3320,12,48,9050,9051,9090,1,40
3321,13,48,9053,9055,9093,2,40
3327,1,48,9069,9071,9096,2,27
3035,15,48,8273,8274,9099,1,826
3325,17,48,9064,9065,9102,1,38
2707,11,48,7378,7380,9105,2,1727
2710,14,48,7386,7388,9108,2,1722
2716,2,48,7403,7405,9111,2,1708
3023,3,48,8240,8241,9114,1,874
3332,6,48,9083,9084,9117,1,34
3333,7,48,9085,9087,9120,2,35
3029,9,48,8257,8258,9123,1,866
3036,16,48,8276,8278,9126,2,850
3343,17,48,9113,9114,9129,1,16
3024,4,48,8243,8245,9132,2,889
2719,5,48,7411,7412,9135,1,1724
2722,8,48,7419,7421,9138,2,1719
3030,10,48,8260,8261,9141,1,881
3338,12,48,9099,9101,9144,2,45
3339,13,48,9102,9104,9147,2,45
3345,1,48,9118,9119,9150,1,32
3053,15,48,8322,8324,9153,2,831
2858,18,48,7790,7791,9156,1,1366
2725,11,48,7427,7428,9159,1,1732
2728,14,48,7435,7436,9162,1,1727
2734,2,48,7452,7454,9165,2,1713
3041,3,48,8289,8291,9168,2,879
3350,6,48,9132,9134,9171,2,39
3351,7,48,9134,9135,9174,1,40
3047,9,48,8306,8308,9177,2,871
3054,16,48,8325,8327,9180,2,855
3361,17,48,9162,9164,9183,2,21
3042,4,48,8292,8294,9186,2,894
2737,5,48,7460,7462,9189,2,1729
2740,8,48,7468,7469,9192,1,1724
3048,10,48,8309,8310,9195,1,886
3356,12,48,9148,9149,9198,1,50
3357,13,48,9151,9152,9201,1,50
3363,1,48,9167,9168,9204,1,37
3071,15,48,8371,8372,9207,1,836
2876,18,48,7839,7841,9210,2,1371
3374,12,48,9197,9198,9213,1,16
3375,13,48,9200,9202,9216,2,16
2752,2,48,7501,7502,9219,1,1718
3059,3,48,8338,8339,9222,1,884
3368,6,48,9181,9182,9225,1,44
3369,7,48,9183,9185,9228,2,45
3065,9,48,8355,8357,9231,2,876
3072,16,48,8374,8375,9234,1,860
3379,17,48,9211,9212,9237,1,26
3060,4,48,8341,8342,9240,1,899
2755,5,48,7509,7511,9243,2,1734
3387,7,48,9232,9234,9246,2,14
3066,10,48,8358,8360,9249,2,891
2743,11,48,7476,7478,9252,2,1776
2746,14,48,7484,7485,9255,1,1771
3381,1,48,9216,9218,9258,2,42
3089,15,48,8420,8421,9261,1,841
2894,18,48,7888,7890,9264,2,1376
3392,12,48,9246,9248,9267,2,21
3393,13,48,9249,9251,9270,2,21
2770,2,48,7550,7552,9273,2,1723
3077,3,48,8387,8388,9276,1,889
3386,6,48,9230,9231,9279,1,49
2758,8,48,7517,7518,9282,1,1765
3083,9,48,8404,8405,9285,1,881
3090,16,48,8423,8425,9288,2,865
3397,17,48,9260,9261,9291,1,31
3078,4,48,8390,8391,9294,1,904
3404,6,48,9279,9281,9297,2,18
3405,7,48,9281,9282,9300,1,19
3084,10,48,8407,8408,9303,1,896
2761,11,48,7525,7527,9306,2,1781
2764,14,48,7533,7535,9309,2,1776
3399,1,48,9265,9266,9312,1,47
3107,15,48,8469,8471,9315,2,846
2912,18,48,7937,7938,9318,1,1381
3410,12,48,9295,9296,9321,1,26
3411,13,48,9298,9299,9324,1,26
3417,1,48,9315,9316,9327,1,12
3095,3,48,8436,8438,9330,2,894
2773,5,48,7558,7559,9333,1,1775
2776,8,48,7566,7568,9336,2,1770
3101,9,48,8453,8455,9339,2,886
3108,16,48,8472,8474,9342,2,870
3415,17,48,9309,9311,9345,2,36
3096,4,48,8439,8441,9348,2,909
3422,6,48,9329,9331,9351,2,22
3423,7,48,9331,9332,9354,1,23
3102,10,48,8456,8457,9357,1,901
3428,12,48,9345,9347,9360,2,15
3429,13,48,9348,9350,9363,2,15
2788,2,48,7599,7601,9366,2,1767
3125,15,48,8518,8519,9369,1,851
3433,17,48,9359,9360,9372,1,13
2779,11,48,7574,7575,9375,1,1801
2782,14,48,7582,7583,9378,1,1796
3435,1,48,9364,9365,9381,1,17
3113,3,48,8485,8486,9384,1,899
2791,5,48,7607,7609,9387,2,1780
2794,8,48,7615,7616,9390,1,1775
3119,9,48,8502,8504,9393,2,891
3126,16,48,8521,8522,9396,1,875
2930,18,48,7986,7988,9399,2,1413
3114,4,48,8488,8489,9402,1,914
3440,6,48,9378,9380,9405,2,27
3441,7,48,9380,9381,9408,1,28
3120,10,48,8505,8507,9411,2,906
3446,12,48,9394,9395,9414,1,20
3447,13,48,9397,9398,9417,1,20
2806,2,48,7648,7649,9420,1,1772
3143,15,48,8567,8568,9423,1,856
3451,17,48,9408,9410,9426,2,18
2797,11,48,7623,7625,9429,2,1806
2800,14,48,7631,7632,9432,1,1801
3453,1,48,9413,9414,9435,1,22
3131,3,48,8534,8535,9438,1,904
2809,5,48,7656,7658,9441,2,1785
3459,7,48,9429,9431,9444,2,15
3137,9,48,8551,8552,9447,1,896
3144,16,48,8570,8572,9450,2,880
2948,18,48,8035,8037,9453,2,1418
3132,4,48,8537,8538,9456,1,919
3458,6,48,9427,9428,9459,1,32
2812,8,48,7664,7665,9462,1,1798
3138,10,48,8554,8555,9465,1,911
3464,12,48,9443,9444,9468,1,25
3465,13,48,9446,9448,9471,2,25
2824,2,48,7698,7699,9474,1,1776
3161,15,48,8616,8618,9477,2,861
3469,17,48,9457,9458,9480,1,23
2815,11,48,7672,7674,9483,2,1811
2818,14,48,7680,7682,9486,2,1806
3471,1,48,9462,9464,9489,2,27
3149,3,48,8583,8585,9492,2,909
3476,6,48,9476,9477,9495,1,19
3477,7,48,9478,9480,9498,2,20
3155,9,48,8600,8602,9501,2,901
3162,16,48,8619,8621,9504,2,885
2966,18,48,8084,8085,9507,1,1423
3150,4,48,8586,8588,9510,2,924
2827,5,48,7706,7707,9513,1,1807
2830,8,48,7714,7715,9516,1,1802
3156,10,48,8603,8604,9519,1,916
3482,12,48,9492,9494,9522,2,30
3483,13,48,9495,9497,9525,2,30
3489,1,48,9511,9512,9528,1,17
3179,15,48,8665,8666,9531,1,866
3487,17,48,9506,9507,9534,1,28
2833,11,48,7722,7724,9537,2,1815
2836,14,48,7730,7731,9540,1,1810
2842,2,48,7747,7748,9543,1,1796
3167,3,48,8632,8633,9546,1,914
3494,6,48,9525,9527,9549,2,24
3495,7,48,9527,9528,9552,1,25
3173,9,48,8649,8651,9555,2,906
3180,16,48,8668,8669,9558,1,890
2984,18,48,8133,8135,9561,2,1428
3168,4,48,8635,8636,9564,1,929
2845,5,48,7755,7757,9567,2,1812
2848,8,48,7763,7764,9570,1,1807
3174,10,48,8652,8654,9573,2,921
3500,12,48,9541,9542,9576,1,35
3501,13,48,9544,9545,9579,1,35
3507,1,48,9560,9561,9582,1,22
3197,15,48,8714,8715,9585,1,871
3505,17,48,9555,9557,9588,2,33
2851,11,48,7771,7773,9591,2,1820
2854,14,48,7779,7781,9594,2,1815
2860,2,48,7796,7798,9597,2,1801
3185,3,48,8681,8682,9600,1,919
3512,6,48,9574,9575,9603,1,29
3513,7,48,9576,9578,9606,2,30
3191,9,48,8698,8699,9609,1,911
3198,16,48,8717,8719,9612,2,895
3002,18,48,8182,8184,9615,2,1433
3186,4,48,8684,8685,9618,1,934
2863,5,48,7804,7805,9621,1,1817
2866,8,48,7812,7814,9624,2,1812
3192,10,48,8701,8702,9627,1,926
3518,12,48,9590,9591,9630,1,40
3519,13,48,9593,9595,9633,2,40
3525,1,48,9609,9611,9636,2,27
3215,15,48,8763,8765,9639,2,876
3523,17,48,9604,9605,9642,1,38
2869,11,48,7820,7821,9645,1,1825
2872,14,48,7828,7829,9648,1,1820
2878,2,48,7845,7847,9651,2,1806
3203,3,48,8730,8732,9654,2,924
3530,6,48,9623,9624,9657,1,34
3531,7,48,9625,9627,9660,2,35
3209,9,48,8747,8749,9663,2,916
3216,16,48,8766,8768,9666,2,900
3541,17,48,9653,9654,9669,1,16
3204,4,48,8733,8735,9672,2,939
2881,5,48,7853,7855,9675,2,1822
2884,8,48,7861,7862,9678,1,1817
3210,10,48,8750,8751,9681,1,931
3536,12,48,9639,9641,9684,2,45
3537,13,48,9642,9644,9687,2,45
3543,1,48,9658,9659,9690,1,32
3233,15,48,8813,8814,9693,1,880
3020,18,48,8231,8232,9696,1,1465
2887,11,48,7869,7871,9699,2,1830
2890,14,48,7877,7878,9702,1,1825
2896,2,48,7894,7895,9705,1,1811
3221,3,48,8780,8781,9708,1,928
3548,6,48,9672,9674,9711,2,39
3549,7,48,9674,9675,9714,1,40
3227,9,48,8797,8798,9717,1,920
3234,16,48,8816,8818,9720,2,904
3559,17,48,9702,9704,9723,2,21
3222,4,48,8783,8785,9726,2,943
2899,5,48,7902,7904,9729,2,1827
2902,8,48,7910,7911,9732,1,1822
3228,10,48,8800,8801,9735,1,935
3554,12,48,9688,9689,9738,1,50
3555,13,48,9691,9692,9741,1,50
3561,1,48,9707,9708,9744,1,37
3251,15,48,8862,8864,9747,2,885
3038,18,48,8281,8283,9750,2,1469
3572,12,48,9737,9738,9753,1,16
3573,13,48,9740,9742,9756,2,16
2914,2,48,7943,7945,9759,2,1816
3239,3,48,8829,8831,9762,2,933
3566,6,48,9721,9722,9765,1,44
3567,7,48,9723,9725,9768,2,45
3245,9,48,8846,8848,9771,2,925
3252,16,48,8865,8867,9774,2,909
3577,17,48,9751,9752,9777,1,26
3240,4,48,8832,8834,9780,2,948
2917,5,48,7951,7952,9783,1,1832
3585,7,48,9772,9774,9786,2,14
3246,10,48,8849,8850,9789,1,940
2905,11,48,7918,7920,9792,2,1874
2908,14,48,7926,7928,9795,2,1869
3579,1,48,9756,9758,9798,2,42
3269,15,48,8911,8912,9801,1,890
3056,18,48,8330,8331,9804,1,1474
3590,12,48,9786,9788,9807,2,21
3591,13,48,9789,9791,9810,2,21
2932,2,48,7992,7994,9813,2,1821
3257,3,48,8878,8879,9816,1,938
3584,6,48,9770,9771,9819,1,49
2920,8,48,7959,7961,9822,2,1863
3263,9,48,8895,8897,9825,2,930
3270,16,48,8914,8915,9828,1,914
3595,17,48,9800,9801,9831,1,31
3258,4,48,8881,8882,9834,1,953
3602,6,48,9819,9821,9837,2,18
3603,7,48,9821,9822,9840,1,19
3264,10,48,8898,8900,9843,2,945
2923,11,48,7967,7968,9846,1,1879
2926,14,48,7975,7976,9849,1,1874
3597,1,48,9805,9806,9852,1,47
3287,15,48,8960,8961,9855,1,895
3074,18,48,8379,8381,9858,2,1479
3608,12,48,9835,9836,9861,1,26
3609,13,48,9838,9839,9864,1,26
3615,1,48,9855,9856,9867,1,12
3275,3,48,8927,8928,9870,1,943
2935,5,48,8000,8002,9873,2,1873
2938,8,48,8008,8009,9876,1,1868
3281,9,48,8944,8945,9879,1,935
3288,16,48,8963,8965,9882,2,919
3613,17,48,9849,9851,9885,2,36
3276,4,48,8930,8931,9888,1,958
3620,6,48,9869,9871,9891,2,22
3621,7,48,9871,9872,9894,1,23
3282,10,48,8947,8948,9897,1,950
3626,12,48,9885,9887,9900,2,15
3627,13,48,9888,9890,9903,2,15
2950,2,48,8041,8042,9906,1,1865
3305,15,48,9009,9011,9909,2,900
3631,17,48,9899,9900,9912,1,13
2941,11,48,8016,8018,9915,2,1899
2944,14,48,8024,8025,9918,1,1894
3633,1,48,9904,9905,9921,1,17
3293,3,48,8976,8978,9924,2,948
2953,5,48,8049,8051,9927,2,1878
2956,8,48,8057,8058,9930,1,1873
3299,9,48,8993,8995,9933,2,940
3306,16,48,9012,9014,9936,2,924
3092,18,48,8428,8430,9939,2,1511
3294,4,48,8979,8981,9942,2,963
3638,6,48,9918,9920,9945,2,27
3639,7,48,9920,9921,9948,1,28
3300,10,48,8996,8997,9951,1,955
3644,12,48,9934,9935,9954,1,20
3645,13,48,9937,9938,9957,1,20
2968,2,48,8090,8092,9960,2,1870
3323,15,48,9058,9059,9963,1,905
3649,17,48,9948,9950,9966,2,18
2959,11,48,8065,8067,9969,2,1904
2962,14,48,8073,8075,9972,2,1899
3651,1,48,9953,9954,9975,1,22
3311,3,48,9025,9026,9978,1,953
2971,5,48,8098,8099,9981,1,1883
3657,7,48,9969,9971,9984,2,15
3317,9,48,9042,9044,9987,2,945
3324,16,48,9061,9062,9990,1,929
3110,18,48,8477,8478,9993,1,1516
3312,4,48,9028,9029,9996,1,968
3656,6,48,9967,9968,9999,1,32
2974,8,48,8106,8108,10002,2,1896
3318,10,48,9045,9047,10005,2,960
3662,12,48,9983,9984,10008,1,25
3663,13,48,9986,9988,10011,2,25
2986,2,48,8139,8141,10014,2,1875
3341,15,48,9107,9108,10017,1,910
3667,17,48,9997,9998,10020,1,23
2977,11,48,8114,8115,10023,1,1909
2980,14,48,8122,8123,10026,1,1904
3004,2,48,8188,8189,10029,1,1841
3329,3,48,9074,9075,10032,1,958
2989,5,48,8147,8149,10035,2,1888
2992,8,48,8155,8156,10038,1,1883
3335,9,48,9091,9092,10041,1,950
3342,16,48,9110,9112,10044,2,934
3128,18,48,8526,8528,10047,2,1521
3330,4,48,9077,9078,10050,1,973
3007,5,48,8196,8198,10053,2,1857
3010,8,48,8204,8205,10056,1,1852
3336,10,48,9094,9095,10059,1,965
2995,11,48,8163,8165,10062,2,1899
2998,14,48,8171,8172,10065,1,1894
3022,2,48,8238,8239,10068,1,1830
3359,15,48,9156,9158,10071,2,915
3146,18,48,8575,8577,10074,2,1499
3013,11,48,8212,8214,10077,2,1865
3016,14,48,8220,8222,10080,2,1860
3040,2,48,8287,8288,10083,1,1796
3347,3,48,9123,9125,10086,2,963
3025,5,48,8246,8247,10089,1,1843
3028,8,48,8254,8255,10092,1,1838
3353,9,48,9140,9142,10095,2,955
3360,16,48,9159,9161,10098,2,939
3164,18,48,8624,8625,10101,1,1477
3348,4,48,9126,9128,10104,2,978
3043,5,48,8295,8297,10107,2,1812
3046,8,48,8303,8304,10110,1,1807
3354,10,48,9143,9144,10113,1,970
3031,11,48,8262,8264,10116,2,1854
3034,14,48,8270,8271,10119,1,1849
3058,2,48,8336,8338,10122,2,1786
3377,15,48,9205,9206,10125,1,920
3182,18,48,8673,8675,10128,2,1455
3049,11,48,8311,8313,10131,2,1820
3052,14,48,8319,8321,10134,2,1815
3076,2,48,8385,8387,10137,2,1752
3365,3,48,9172,9173,10140,1,968
3061,5,48,8344,8345,10143,1,1799
3064,8,48,8352,8354,10146,2,1794
3371,9,48,9189,9191,10149,2,960
3378,16,48,9208,9209,10152,1,944
3200,18,48,8722,8724,10155,2,1433
3366,4,48,9175,9176,10158,1,983
3079,5,48,8393,8395,10161,2,1768
3082,8,48,8401,8402,10164,1,1763
3372,10,48,9192,9194,10167,2,975
3067,11,48,8360,8361,10170,1,1810
3070,14,48,8368,8369,10173,1,1805
3094,2,48,8434,8435,10176,1,1742
3395,15,48,9254,9255,10179,1,925
3218,18,48,8771,8772,10182,1,1411
3085,11,48,8409,8411,10185,2,1776
3088,14,48,8417,8418,10188,1,1771
3112,2,48,8483,8485,10191,2,1708
3383,3,48,9221,9222,10194,1,973
3097,5,48,8442,8444,10197,2,1755
3100,8,48,8450,8451,10200,1,1750
3389,9,48,9238,9239,10203,1,965
3396,16,48,9257,9259,10206,2,949
3236,18,48,8821,8823,10209,2,1388
3384,4,48,9224,9225,10212,1,988
3115,5,48,8491,8492,10215,1,1724
3118,8,48,8499,8501,10218,2,1719
3390,10,48,9241,9242,10221,1,980
3103,11,48,8458,8460,10224,2,1766
3106,14,48,8466,8468,10227,2,1761
3130,2,48,8532,8534,10230,2,1698
3413,15,48,9303,9305,10233,2,930
3254,18,48,8870,8871,10236,1,1366
3121,11,48,8507,8508,10239,1,1732
3124,14,48,8515,8516,10242,1,1727
3148,2,48,8581,8582,10245,1,1664
3401,3,48,9270,9272,10248,2,978
3133,5,48,8540,8542,10251,2,1711
3136,8,48,8548,8549,10254,1,1706
3407,9,48,9287,9289,10257,2,970
3414,16,48,9306,9308,10260,2,954
3272,18,48,8919,8921,10263,2,1344
3402,4,48,9273,9275,10266,2,993
3151,5,48,8589,8591,10269,2,1680
3154,8,48,8597,8598,10272,1,1675
3408,10,48,9290,9291,10275,1,985
3139,11,48,8556,8558,10278,2,1722
3142,14,48,8564,8565,10281,1,1717
3166,2,48,8630,8632,10284,2,1654
3431,15,48,9353,9354,10287,1,934
3290,18,48,8968,8970,10290,2,1322
3157,11,48,8605,8607,10293,2,1688
3160,14,48,8613,8615,10296,2,1683
3184,2,48,8679,8681,10299,2,1620
3419,3,48,9320,9321,10302,1,982
3169,5,48,8638,8639,10305,1,1667
3172,8,48,8646,8648,10308,2,1662
3425,9,48,9337,9338,10311,1,974
3432,16,48,9356,9358,10314,2,958
3308,18,48,9017,9018,10317,1,1300
3420,4,48,9323,9325,10320,2,997
3187,5,48,8687,8689,10323,2,1636
3190,8,48,8695,8696,10326,1,1631
3426,10,48,9340,9341,10329,1,989
3175,11,48,8654,8655,10332,1,1678
3178,14,48,8662,8663,10335,1,1673
3202,2,48,8728,8729,10338,1,1610
3449,15,48,9402,9404,10341,2,939
3326,18,48,9066,9068,10344,2,1278
3193,11,48,8703,8705,10347,2,1644
3196,14,48,8711,8712,10350,1,1639
3220,2,48,8778,8779,10353,1,1575
3437,3,48,9369,9371,10356,2,987
3205,5,48,8736,8738,10359,2,1623
3208,8,48,8744,8745,10362,1,1618
3443,9,48,9386,9388,10365,2,979
3450,16,48,9405,9407,10368,2,963
3344,18,48,9115,9117,10371,2,1256
3438,4,48,9372,9374,10374,2,1002
3223,5,48,8786,8787,10377,1,1591
3226,8,48,8794,8795,10380,1,1586
3444,10,48,9389,9390,10383,1,994
3211,11,48,8752,8754,10386,2,1634
3214,14,48,8760,8762,10389,2,1629
3238,2,48,8827,8828,10392,1,1565
3467,15,48,9451,9452,10395,1,944
3362,18,48,9164,9165,10398,1,1234
3229,11,48,8802,8804,10401,2,1599
3232,14,48,8810,8811,10404,1,1594
3256,2,48,8876,8878,10407,2,1531
3455,3,48,9418,9419,10410,1,992
3241,5,48,8835,8837,10413,2,1578
3244,8,48,8843,8844,10416,1,1573
3461,9,48,9435,9437,10419,2,984
3468,16,48,9454,9455,10422,1,968
3380,18,48,9213,9215,10425,2,1212
3456,4,48,9421,9422,10428,1,1007
3259,5,48,8884,8885,10431,1,1547
3262,8,48,8892,8894,10434,2,1542
3462,10,48,9438,9440,10437,2,999
3247,11,48,8851,8853,10440,2,1589
3250,14,48,8859,8861,10443,2,1584
3274,2,48,8925,8927,10446,2,1521
3485,15,48,9500,9501,10449,1,949
3398,18,48,9262,9264,10452,2,1190
3265,11,48,8900,8901,10455,1,1555
3268,14,48,8908,8909,10458,1,1550
3292,2,48,8974,8975,10461,1,1487
3473,3,48,9467,9468,10464,1,997
3277,5,48,8933,8935,10467,2,1534
3280,8,48,8941,8942,10470,1,1529
3479,9,48,9484,9485,10473,1,989
3486,16,48,9503,9505,10476,2,973
3416,18,48,9311,9312,10479,1,1168
3474,4,48,9470,9471,10482,1,1012
3295,5,48,8982,8984,10485,2,1503
3298,8,48,8990,8991,10488,1,1498
3480,10,48,9487,9488,10491,1,1004
3283,11,48,8949,8951,10494,2,1545
3286,14,48,8957,8958,10497,1,1540
3310,2,48,9023,9025,10500,2,1477
3503,15,48,9549,9551,10503,2,954
3434,18,48,9361,9363,10506,2,1145
3301,11,48,8998,9000,10509,2,1511
3304,14,48,9006,9008,10512,2,1506
3328,2,48,9072,9074,10515,2,1443
3491,3,48,9516,9518,10518,2,1002
3313,5,48,9031,9032,10521,1,1490
3316,8,48,9039,9041,10524,2,1485
3497,9,48,9533,9535,10527,2,994
3504,16,48,9552,9554,10530,2,978
3452,18,48,9410,9411,10533,1,1123
3492,4,48,9519,9521,10536,2,1017
3331,5,48,9080,9082,10539,2,1459
3334,8,48,9088,9089,10542,1,1454
3498,10,48,9536,9537,10545,1,1009
3319,11,48,9047,9048,10548,1,1501
3322,14,48,9055,9056,10551,1,1496
3346,2,48,9121,9122,10554,1,1433
3521,15,48,9598,9599,10557,1,959
3470,18,48,9459,9461,10560,2,1101
3337,11,48,9096,9098,10563,2,1467
3340,14,48,9104,9105,10566,1,1462
3364,2,48,9170,9172,10569,2,1399
3509,3,48,9565,9566,10572,1,1007
3349,5,48,9129,9131,10575,2,1446
3352,8,48,9137,9138,10578,1,1441
3515,9,48,9582,9584,10581,2,999
3522,16,48,9601,9602,10584,1,983
3488,18,48,9508,9510,10587,2,1079
3510,4,48,9568,9569,10590,1,1022
3367,5,48,9178,9179,10593,1,1415
3370,8,48,9186,9188,10596,2,1410
3516,10,48,9585,9587,10599,2,1014
3355,11,48,9145,9147,10602,2,1457
3358,14,48,9153,9155,10605,2,1452
3382,2,48,9219,9221,10608,2,1389
3539,15,48,9647,9648,10611,1,964
3506,18,48,9557,9558,10614,1,1057
3373,11,48,9194,9195,10617,1,1423
3376,14,48,9202,9203,10620,1,1418
3400,2,48,9268,9269,10623,1,1355
3527,3,48,9614,9615,10626,1,1012
3385,5,48,9227,9229,10629,2,1402
3388,8,48,9235,9236,10632,1,1397
3533,9,48,9631,9632,10635,1,1004
3540,16,48,9650,9652,10638,2,988
3524,18,48,9606,9608,10641,2,1035
3528,4,48,9617,9618,10644,1,1027
3403,5,48,9276,9278,10647,2,1371
3406,8,48,9284,9285,10650,1,1366
3534,10,48,9634,9635,10653,1,1019
3391,11,48,9243,9245,10656,2,1413
3394,14,48,9251,9252,10659,1,1408
3418,2,48,9318,9319,10662,1,1344
3557,15,48,9696,9698,10665,2,969
3542,18,48,9655,9657,10668,2,1013
3409,11,48,9292,9294,10671,2,1379
3412,14,48,9300,9302,10674,2,1374
3436,2,48,9367,9368,10677,1,1310
3545,3,48,9663,9665,10680,2,1017
3421,5,48,9326,9327,10683,1,1357
3424,8,48,9334,9335,10686,1,1352
3551,9,48,9680,9682,10689,2,1009
3558,16,48,9699,9701,10692,2,993
3560,18,48,9704,9705,10695,1,991
3546,4,48,9666,9668,10698,2,1032
3439,5,48,9375,9377,10701,2,1326
3442,8,48,9383,9384,10704,1,1321
3552,10,48,9683,9684,10707,1,1024
3427,11,48,9342,9344,10710,2,1368
3430,14,48,9350,9351,10713,1,1363
3454,2,48,9416,9418,10716,2,1300
3575,15,48,9745,9746,10719,1,974
3578,18,48,9753,9755,10722,2,969
3445,11,48,9391,9393,10725,2,1334
3448,14,48,9399,9401,10728,2,1329
3472,2,48,9465,9467,10731,2,1266
3563,3,48,9712,9713,10734,1,1022
3457,5,48,9424,9425,10737,1,1313
3460,8,48,9432,9434,10740,2,1308
3569,9,48,9729,9731,10743,2,1014
3576,16,48,9748,9749,10746,1,998
3596,18,48,9802,9804,10749,2,947
3564,4,48,9715,9716,10752,1,1037
3475,5,48,9473,9475,10755,2,1282
3478,8,48,9481,9482,10758,1,1277
3570,10,48,9732,9734,10761,2,1029
3463,11,48,9440,9441,10764,1,1324
3466,14,48,9448,9449,10767,1,1319
3490,2,48,9514,9515,10770,1,1256
3593,15,48,9794,9795,10773,1,979
3614,18,48,9851,9852,10776,1,925
3481,11,48,9489,9491,10779,2,1290
3484,14,48,9497,9498,10782,1,1285
3508,2,48,9563,9565,10785,2,1222
3581,3,48,9761,9762,10788,1,1027
3493,5,48,9522,9524,10791,2,1269
3496,8,48,9530,9531,10794,1,1264
3587,9,48,9778,9779,10797,1,1019
3594,16,48,9797,9799,10800,2,1003
3632,18,48,9901,9903,10803,2,902
3582,4,48,9764,9765,10806,1,1042
3511,5,48,9571,9572,10809,1,1238
3514,8,48,9579,9581,10812,2,1233
3588,10,48,9781,9782,10815,1,1034
3499,11,48,9538,9540,10818,2,1280
3502,14,48,9546,9548,10821,2,1275
3526,2,48,9612,9614,10824,2,1212
3611,15,48,9843,9845,10827,2,984
3650,18,48,9950,9951,10830,1,880
3517,11,48,9587,9588,10833,1,1246
3520,14,48,9595,9596,10836,1,1241
3544,2,48,9661,9662,10839,1,1178
3599,3,48,9810,9812,10842,2,1032
3529,5,48,9620,9622,10845,2,1225
3532,8,48,9628,9629,10848,1,1220
3605,9,48,9827,9829,10851,2,1024
3612,16,48,9846,9848,10854,2,1008
3668,18,48,9999,10001,10857,2,858
3600,4,48,9813,9815,10860,2,1047
3547,5,48,9669,9671,10863,2,1194
3550,8,48,9677,9678,10866,1,1189
3606,10,48,9830,9831,10869,1,1039
3535,11,48,9636,9638,10872,2,1236
3538,14,48,9644,9645,10875,1,1231
3562,2,48,9710,9712,10878,2,1168
3629,15,48,9893,9894,10881,1,988
3553,11,48,9685,9687,10884,2,1199
3556,14,48,9693,9695,10887,2,1194
3580,2,48,9759,9761,10890,2,1131
3617,3,48,9860,9861,10893,1,1033
3565,5,48,9718,9719,10896,1,1178
3568,8,48,9726,9728,10899,2,1173
3623,9,48,9877,9878,10902,1,1025
3630,16,48,9896,9898,10905,2,1009
3618,4,48,9863,9865,10908,2,1045
3583,5,48,9767,9769,10911,2,1144
3586,8,48,9775,9776,10914,1,1139
3624,10,48,9880,9881,10917,1,1037
3571,11,48,9734,9735,10920,1,1186
3574,14,48,9742,9743,10923,1,1181
3598,2,48,9808,9809,10926,1,1118
3647,15,48,9942,9944,10929,2,987
3589,11,48,9783,9785,10932,2,1149
3592,14,48,9791,9792,10935,1,1144
3616,2,48,9858,9859,10938,1,1080
3635,3,48,9909,9911,10941,2,1032
3601,5,48,9816,9818,10944,2,1128
3604,8,48,9824,9825,10947,1,1123
3641,9,48,9926,9928,10950,2,1024
3648,16,48,9945,9947,10953,2,1008
3636,4,48,9912,9914,10956,2,1044
3619,5,48,9866,9867,10959,1,1093
3622,8,48,9874,9875,10962,1,1088
3642,10,48,9929,9930,10965,1,1036
3607,11,48,9832,9834,10968,2,1136
3610,14,48,9840,9842,10971,2,1131
3634,2,48,9907,9908,10974,1,1067
3665,15,48,9991,9992,10977,1,986
3625,11,48,9882,9884,10980,2,1098
3628,14,48,9890,9891,10983,1,1093
3652,2,48,9956,9958,10986,2,1030
3653,3,48,9958,9959,10989,1,1031
3637,5,48,9915,9917,10992,2,1077
3640,8,48,9923,9924,10995,1,1072
3659,9,48,9975,9977,10998,2,1023
3666,16,48,9994,9995,11001,1,1007
3654,4,48,9961,9962,11004,1,1043
3655,5,48,9964,9965,11007,1,1043
3658,8,48,9972,9974,11010,2,1038
3660,10,48,9978,9980,11013,2,1035
3643,11,48,9931,9933,11016,2,1085
3646,14,48,9939,9941,11019,2,1080
3661,11,48,9980,9981,11022,1,1042
3664,14,48,9988,9989,11025,1,1037
