request_id,global_flow_id,size_bytes,arrival_cycle,admitted_cycle,completed_cycle,admission_delay_cycles,sojourn_cycles
1,1,48,0,1,24,1,24
3,3,48,5,7,27,2,22
5,1,48,11,12,30,1,19
4,4,48,8,10,33,2,25
9,1,48,22,23,36,1,14
7,3,48,16,17,39,1,23
2,2,48,3,4,42,1,39
8,4,48,19,21,45,2,26
13,1,48,33,34,48,1,15
11,3,48,27,28,51,1,24
6,2,48,14,16,54,2,40
12,4,48,30,31,57,1,27
17,1,48,44,46,60,2,16
15,3,48,38,39,63,1,25
10,2,48,25,26,66,1,41
16,4,48,41,43,69,2,28
21,1,48,55,56,72,1,17
19,3,48,49,51,75,2,26
25,1,48,65,67,78,2,13
20,4,48,52,53,81,1,29
14,2,48,36,37,84,1,48
23,3,48,60,61,87,1,27
29,1,48,76,78,90,2,14
24,4,48,63,64,93,1,30
18,2,48,47,48,96,1,49
27,3,48,70,71,99,1,29
33,1,48,87,88,102,1,15
28,4,48,73,74,105,1,32
22,2,48,58,60,108,2,50
31,3,48,81,83,111,2,30
37,1,48,98,100,114,2,16
32,4,48,84,85,117,1,33
26,2,48,68,70,120,2,52
35,3,48,92,94,123,2,31
41,1,48,109,111,126,2,17
36,4,48,95,96,129,1,34
45,1,48,120,121,132,1,12
39,3,48,103,104,135,1,32
30,2,48,79,80,138,1,59
40,4,48,106,107,141,1,35
49,1,48,131,133,144,2,13
43,3,48,114,116,147,2,33
34,2,48,90,91,150,1,60
44,4,48,117,118,153,1,36
53,1,48,142,144,156,2,14
47,3,48,125,127,159,2,34
38,2,48,101,103,162,2,61
48,4,48,128,129,165,1,37
57,1,48,153,154,168,1,15
51,3,48,136,137,171,1,35
42,2,48,112,113,174,1,62
52,4,48,139,140,177,1,38
61,1,48,164,166,180,2,16
55,3,48,147,149,183,2,36
46,2,48,123,124,186,1,63
56,4,48,150,151,189,1,39
65,1,48,175,177,192,2,17
59,3,48,158,160,195,2,37
69,1,48,185,186,198,1,13
60,4,48,161,162,201,1,40
50,2,48,134,136,204,2,70
63,3,48,169,170,207,1,38
73,1,48,196,197,210,1,14
64,4,48,172,173,213,1,41
54,2,48,145,146,216,1,71
67,3,48,180,182,219,2,39
77,1,48,207,208,222,1,15
68,4,48,183,184,225,1,42
58,2,48,156,157,228,1,72
71,3,48,190,191,231,1,41
81,1,48,218,220,234,2,16
72,4,48,193,195,237,2,44
62,2,48,167,169,240,2,73
75,3,48,201,202,243,1,42
85,1,48,229,230,246,1,17
76,4,48,204,205,249,1,45
89,1,48,240,241,252,1,12
79,3,48,212,213,255,1,43
66,2,48,178,179,258,1,80
80,4,48,215,217,261,2,46
93,1,48,251,253,264,2,13
83,3,48,223,225,267,2,44
70,2,48,188,190,270,2,82
84,4,48,226,227,273,1,47
97,1,48,262,263,276,1,14
87,3,48,234,235,279,1,45
74,2,48,199,200,282,1,83
88,4,48,237,238,285,1,48
101,1,48,273,274,288,1,15
91,3,48,245,246,291,1,46
78,2,48,210,211,294,1,84
92,4,48,248,250,297,2,49
105,1,48,284,286,300,2,16
95,3,48,256,258,303,2,47
82,2,48,221,222,306,1,85
96,4,48,259,260,309,1,50
109,1,48,295,296,312,1,17
99,3,48,267,268,315,1,48
113,1,48,305,307,318,2,13
100,4,48,270,271,321,1,51
86,2,48,232,234,324,2,92
103,3,48,278,279,327,1,49
117,1,48,316,318,330,2,14
104,4,48,281,283,333,2,52
90,2,48,243,244,336,1,93
107,3,48,289,291,339,2,50
121,1,48,327,328,342,1,15
108,4,48,292,293,345,1,53
94,2,48,254,255,348,1,94
111,3,48,300,301,351,1,51
125,1,48,338,340,354,2,16
112,4,48,303,304,357,1,54
98,2,48,265,267,360,2,95
115,3,48,310,311,363,1,53
129,1,48,349,351,366,2,17
116,4,48,313,314,369,1,56
133,1,48,360,361,372,1,12
119,3,48,321,323,375,2,54
102,2,48,276,277,378,1,102
120,4,48,324,325,381,1,57
137,1,48,371,373,384,2,13
123,3,48,332,334,387,2,55
106,2,48,287,288,390,1,103
124,4,48,335,336,393,1,58
141,1,48,382,384,396,2,14
127,3,48,343,344,399,1,56
110,2,48,298,300,402,2,104
128,4,48,346,347,405,1,59
145,1,48,393,394,408,1,15
131,3,48,354,356,411,2,57
114,2,48,308,310,414,2,106
132,4,48,357,358,417,1,60
149,1,48,404,406,420,2,16
135,3,48,365,367,423,2,58
118,2,48,319,320,426,1,107
136,4,48,368,369,429,1,61
153,1,48,415,417,432,2,17
139,3,48,376,377,435,1,59
157,1,48,425,426,438,1,13
140,4,48,379,380,441,1,62
122,2,48,330,331,444,1,114
143,3,48,387,389,447,2,60
161,1,48,436,437,450,1,14
144,4,48,390,391,453,1,63
126,2,48,341,343,456,2,115
147,3,48,398,400,459,2,61
165,1,48,447,448,462,1,15
148,4,48,401,402,465,1,64
130,2,48,352,353,468,1,116
151,3,48,409,410,471,1,62
169,1,48,458,460,474,2,16
152,4,48,412,413,477,1,65
134,2,48,363,364,480,1,117
155,3,48,420,422,483,2,63
173,1,48,469,470,486,1,17
156,4,48,423,424,489,1,66
177,1,48,480,481,492,1,12
159,3,48,430,431,495,1,65
138,2,48,374,376,498,2,124
160,4,48,433,435,501,2,68
181,1,48,491,493,504,2,13
163,3,48,441,442,507,1,66
142,2,48,385,386,510,1,125
164,4,48,444,445,513,1,69
185,1,48,502,503,516,1,14
167,3,48,452,453,519,1,67
146,2,48,396,397,522,1,126
168,4,48,455,457,525,2,70
189,1,48,513,514,528,1,15
171,3,48,463,465,531,2,68
150,2,48,407,409,534,2,127
172,4,48,466,467,537,1,71
193,1,48,524,526,540,2,16
175,3,48,474,475,543,1,69
154,2,48,418,419,546,1,128
176,4,48,477,478,549,1,72
197,1,48,535,536,552,1,17
179,3,48,485,486,555,1,70
201,1,48,545,547,558,2,13
180,4,48,488,490,561,2,73
158,2,48,428,430,564,2,136
183,3,48,496,498,567,2,71
205,1,48,556,558,570,2,14
184,4,48,499,500,573,1,74
162,2,48,439,440,576,1,137
187,3,48,507,508,579,1,72
209,1,48,567,568,582,1,15
188,4,48,510,511,585,1,75
166,2,48,450,451,588,1,138
191,3,48,518,519,591,1,73
213,1,48,578,580,594,2,16
192,4,48,521,523,597,2,76
170,2,48,461,462,600,1,139
195,3,48,529,531,603,2,74
217,1,48,589,591,606,2,17
196,4,48,532,533,609,1,77
221,1,48,600,601,612,1,12
199,3,48,540,541,615,1,75
174,2,48,472,474,618,2,146
200,4,48,543,544,621,1,78
225,1,48,611,613,624,2,13
203,3,48,550,551,627,1,77
178,2,48,483,484,630,1,147
204,4,48,553,554,633,1,80
229,1,48,622,624,636,2,14
207,3,48,561,563,639,2,78
182,2,48,494,495,642,1,148
208,4,48,564,565,645,1,81
233,1,48,633,634,648,1,15
211,3,48,572,574,651,2,79
186,2,48,505,507,654,2,149
212,4,48,575,576,657,1,82
237,1,48,644,646,660,2,16
215,3,48,583,584,663,1,80
190,2,48,516,517,666,1,150
216,4,48,586,587,669,1,83
241,1,48,655,657,672,2,17
219,3,48,594,596,675,2,81
245,1,48,665,666,678,1,13
220,4,48,597,598,681,1,84
194,2,48,527,528,684,1,157
223,3,48,605,607,687,2,82
249,1,48,676,677,690,1,14
224,4,48,608,609,693,1,85
198,2,48,538,540,696,2,158
227,3,48,616,617,699,1,83
253,1,48,687,688,702,1,15
228,4,48,619,620,705,1,86
202,2,48,548,550,708,2,160
231,3,48,627,629,711,2,84
257,1,48,698,700,714,2,16
232,4,48,630,631,717,1,87
206,2,48,559,560,720,1,161
235,3,48,638,640,723,2,85
261,1,48,709,710,726,1,17
236,4,48,641,642,729,1,88
265,1,48,720,721,732,1,12
239,3,48,649,650,735,1,86
210,2,48,570,571,738,1,168
240,4,48,652,653,741,1,89
269,1,48,731,733,744,2,13
243,3,48,660,662,747,2,87
214,2,48,581,583,750,2,169
244,4,48,663,664,753,1,90
273,1,48,742,743,756,1,14
247,3,48,670,671,759,1,89
218,2,48,592,593,762,1,170
248,4,48,673,675,765,2,92
277,1,48,753,754,768,1,15
251,3,48,681,682,771,1,90
222,2,48,603,604,774,1,171
252,4,48,684,685,777,1,93
281,1,48,764,766,780,2,16
255,3,48,692,693,783,1,91
226,2,48,614,616,786,2,172
256,4,48,695,697,789,2,94
285,1,48,775,776,792,1,17
259,3,48,703,705,795,2,92
289,1,48,785,787,798,2,13
260,4,48,706,707,801,1,95
230,2,48,625,626,804,1,179
263,3,48,714,715,807,1,93
293,1,48,796,798,810,2,14
264,4,48,717,718,813,1,96
234,2,48,636,637,816,1,180
267,3,48,725,726,819,1,94
297,1,48,807,808,822,1,15
268,4,48,728,730,825,2,97
238,2,48,647,649,828,2,181
271,3,48,736,738,831,2,95
301,1,48,818,820,834,2,16
272,4,48,739,740,837,1,98
242,2,48,658,659,840,1,182
275,3,48,747,748,843,1,96
305,1,48,829,831,846,2,17
276,4,48,750,751,849,1,99
309,1,48,840,841,852,1,12
279,3,48,758,759,855,1,97
246,2,48,668,670,858,2,190
280,4,48,761,763,861,2,100
313,1,48,851,853,864,2,13
283,3,48,769,771,867,2,98
250,2,48,679,680,870,1,191
284,4,48,772,773,873,1,101
317,1,48,862,864,876,2,14
287,3,48,780,781,879,1,99
254,2,48,690,691,882,1,192
288,4,48,783,784,885,1,102
321,1,48,873,874,888,1,15
291,3,48,790,791,891,1,101
258,2,48,701,702,894,1,193
292,4,48,793,794,897,1,104
325,1,48,884,886,900,2,16
295,3,48,801,803,903,2,102
262,2,48,712,714,906,2,194
296,4,48,804,805,909,1,105
329,1,48,895,897,912,2,17
299,3,48,812,814,915,2,103
333,1,48,905,906,918,1,13
300,4,48,815,816,921,1,106
266,2,48,723,724,924,1,201
303,3,48,823,824,927,1,104
337,1,48,916,917,930,1,14
304,4,48,826,827,933,1,107
270,2,48,734,735,936,1,202
307,3,48,834,836,939,2,105
341,1,48,927,928,942,1,15
308,4,48,837,838,945,1,108
274,2,48,745,747,948,2,203
311,3,48,845,847,951,2,106
345,1,48,938,940,954,2,16
312,4,48,848,849,957,1,109
278,2,48,756,757,960,1,204
315,3,48,856,857,963,1,107
349,1,48,949,950,966,1,17
316,4,48,859,860,969,1,110
353,1,48,960,961,972,1,12
319,3,48,867,869,975,2,108
282,2,48,767,768,978,1,211
320,4,48,870,871,981,1,111
357,1,48,971,973,984,2,13
323,3,48,878,880,987,2,109
286,2,48,778,780,990,2,212
324,4,48,881,882,993,1,112
361,1,48,982,983,996,1,14
327,3,48,889,890,999,1,110
290,2,48,788,790,1002,2,214
328,4,48,892,893,1005,1,113
365,1,48,993,994,1008,1,15
331,3,48,900,902,1011,2,111
294,2,48,799,800,1014,1,215
332,4,48,903,904,1017,1,114
369,1,48,1004,1006,1020,2,16
335,3,48,910,911,1023,1,113
298,2,48,810,811,1026,1,216
336,4,48,913,915,1029,2,116
373,1,48,1015,1016,1032,1,17
339,3,48,921,922,1035,1,114
377,1,48,1025,1027,1038,2,13
340,4,48,924,925,1041,1,117
302,2,48,821,823,1044,2,223
343,3,48,932,933,1047,1,115
381,1,48,1036,1038,1050,2,14
344,4,48,935,937,1053,2,118
306,2,48,832,833,1056,1,224
347,3,48,943,945,1059,2,116
385,1,48,1047,1048,1062,1,15
348,4,48,946,947,1065,1,119
310,2,48,843,844,1068,1,225
351,3,48,954,955,1071,1,117
389,1,48,1058,1060,1074,2,16
352,4,48,957,958,1077,1,120
314,2,48,854,856,1080,2,226
355,3,48,965,966,1083,1,118
393,1,48,1069,1071,1086,2,17
356,4,48,968,970,1089,2,121
397,1,48,1080,1081,1092,1,12
359,3,48,976,978,1095,2,119
318,2,48,865,866,1098,1,233
360,4,48,979,980,1101,1,122
401,1,48,1091,1093,1104,2,13
363,3,48,987,988,1107,1,120
322,2,48,876,877,1110,1,234
364,4,48,990,991,1113,1,123
405,1,48,1102,1104,1116,2,14
367,3,48,998,999,1119,1,121
326,2,48,887,889,1122,2,235
368,4,48,1001,1003,1125,2,124
409,1,48,1113,1114,1128,1,15
371,3,48,1009,1011,1131,2,122
330,2,48,898,899,1134,1,236
372,4,48,1012,1013,1137,1,125
413,1,48,1124,1126,1140,2,16
375,3,48,1020,1021,1143,1,123
334,2,48,908,910,1146,2,238
376,4,48,1023,1024,1149,1,126
417,1,48,1135,1137,1152,2,17
379,3,48,1030,1031,1155,1,125
421,1,48,1145,1146,1158,1,13
380,4,48,1033,1034,1161,1,128
338,2,48,919,920,1164,1,245
383,3,48,1041,1043,1167,2,126
425,1,48,1156,1157,1170,1,14
384,4,48,1044,1045,1173,1,129
342,2,48,930,931,1176,1,246
387,3,48,1052,1054,1179,2,127
429,1,48,1167,1168,1182,1,15
388,4,48,1055,1056,1185,1,130
346,2,48,941,942,1188,1,247
391,3,48,1063,1064,1191,1,128
433,1,48,1178,1180,1194,2,16
392,4,48,1066,1067,1197,1,131
350,2,48,952,954,1200,2,248
395,3,48,1074,1076,1203,2,129
437,1,48,1189,1190,1206,1,17
396,4,48,1077,1078,1209,1,132
441,1,48,1200,1201,1212,1,12
399,3,48,1085,1087,1215,2,130
354,2,48,963,964,1218,1,255
400,4,48,1088,1089,1221,1,133
445,1,48,1211,1213,1224,2,13
403,3,48,1096,1097,1227,1,131
358,2,48,974,975,1230,1,256
404,4,48,1099,1100,1233,1,134
449,1,48,1222,1223,1236,1,14
407,3,48,1107,1109,1239,2,132
362,2,48,985,987,1242,2,257
408,4,48,1110,1111,1245,1,135
453,1,48,1233,1234,1248,1,15
411,3,48,1118,1120,1251,2,133
366,2,48,996,997,1254,1,258
412,4,48,1121,1122,1257,1,136
457,1,48,1244,1246,1260,2,16
415,3,48,1129,1130,1263,1,134
370,2,48,1007,1008,1266,1,259
416,4,48,1132,1133,1269,1,137
461,1,48,1255,1256,1272,1,17
419,3,48,1140,1142,1275,2,135
465,1,48,1265,1267,1278,2,13
420,4,48,1143,1144,1281,1,138
374,2,48,1018,1020,1284,2,266
423,3,48,1150,1151,1287,1,137
469,1,48,1276,1278,1290,2,14
424,4,48,1153,1155,1293,2,140
378,2,48,1028,1030,1296,2,268
427,3,48,1161,1162,1299,1,138
473,1,48,1287,1288,1302,1,15
428,4,48,1164,1165,1305,1,141
382,2,48,1039,1040,1308,1,269
431,3,48,1172,1173,1311,1,139
477,1,48,1298,1300,1314,2,16
432,4,48,1175,1177,1317,2,142
386,2,48,1050,1051,1320,1,270
435,3,48,1183,1185,1323,2,140
481,1,48,1309,1311,1326,2,17
436,4,48,1186,1187,1329,1,143
485,1,48,1320,1321,1332,1,12
439,3,48,1194,1195,1335,1,141
390,2,48,1061,1063,1338,2,277
440,4,48,1197,1198,1341,1,144
489,1,48,1331,1333,1344,2,13
443,3,48,1205,1206,1347,1,142
394,2,48,1072,1073,1350,1,278
444,4,48,1208,1210,1353,2,145
493,1,48,1342,1344,1356,2,14
447,3,48,1216,1218,1359,2,143
398,2,48,1083,1084,1362,1,279
448,4,48,1219,1220,1365,1,146
497,1,48,1353,1354,1368,1,15
451,3,48,1227,1228,1371,1,144
402,2,48,1094,1096,1374,2,280
452,4,48,1230,1231,1377,1,147
501,1,48,1364,1366,1380,2,16
455,3,48,1238,1239,1383,1,145
406,2,48,1105,1106,1386,1,281
456,4,48,1241,1243,1389,2,148
505,1,48,1375,1377,1392,2,17
459,3,48,1249,1251,1395,2,146
509,1,48,1385,1386,1398,1,13
460,4,48,1252,1253,1401,1,149
410,2,48,1116,1117,1404,1,288
463,3,48,1260,1261,1407,1,147
513,1,48,1396,1397,1410,1,14
464,4,48,1263,1264,1413,1,150
414,2,48,1127,1129,1416,2,289
467,3,48,1270,1271,1419,1,149
517,1,48,1407,1408,1422,1,15
468,4,48,1273,1274,1425,1,152
418,2,48,1138,1139,1428,1,290
471,3,48,1281,1283,1431,2,150
521,1,48,1418,1420,1434,2,16
472,4,48,1284,1285,1437,1,153
422,2,48,1148,1150,1440,2,292
475,3,48,1292,1294,1443,2,151
525,1,48,1429,1430,1446,1,17
476,4,48,1295,1296,1449,1,154
529,1,48,1440,1441,1452,1,12
479,3,48,1303,1304,1455,1,152
426,2,48,1159,1160,1458,1,299
480,4,48,1306,1307,1461,1,155
533,1,48,1451,1453,1464,2,13
483,3,48,1314,1316,1467,2,153
430,2,48,1170,1171,1470,1,300
484,4,48,1317,1318,1473,1,156
537,1,48,1462,1463,1476,1,14
487,3,48,1325,1327,1479,2,154
434,2,48,1181,1182,1482,1,301
488,4,48,1328,1329,1485,1,157
541,1,48,1473,1474,1488,1,15
491,3,48,1336,1337,1491,1,155
438,2,48,1192,1194,1494,2,302
492,4,48,1339,1340,1497,1,158
545,1,48,1484,1486,1500,2,16
495,3,48,1347,1349,1503,2,156
442,2,48,1203,1204,1506,1,303
496,4,48,1350,1351,1509,1,159
549,1,48,1495,1496,1512,1,17
499,3,48,1358,1360,1515,2,157
553,1,48,1505,1507,1518,2,13
500,4,48,1361,1362,1521,1,160
446,2,48,1214,1215,1524,1,310
503,3,48,1369,1370,1527,1,158
557,1,48,1516,1518,1530,2,14
504,4,48,1372,1373,1533,1,161
450,2,48,1225,1227,1536,2,311
507,3,48,1380,1382,1539,2,159
561,1,48,1527,1528,1542,1,15
508,4,48,1383,1384,1545,1,162
454,2,48,1236,1237,1548,1,312
511,3,48,1390,1391,1551,1,161
565,1,48,1538,1540,1554,2,16
512,4,48,1393,1395,1557,2,164
458,2,48,1247,1248,1560,1,313
515,3,48,1401,1402,1563,1,162
569,1,48,1549,1551,1566,2,17
516,4,48,1404,1405,1569,1,165
573,1,48,1560,1561,1572,1,12
519,3,48,1412,1413,1575,1,163
462,2,48,1258,1260,1578,2,320
520,4,48,1415,1417,1581,2,166
577,1,48,1571,1573,1584,2,13
523,3,48,1423,1425,1587,2,164
466,2,48,1268,1270,1590,2,322
524,4,48,1426,1427,1593,1,167
581,1,48,1582,1584,1596,2,14
527,3,48,1434,1435,1599,1,165
470,2,48,1279,1280,1602,1,323
528,4,48,1437,1438,1605,1,168
585,1,48,1593,1594,1608,1,15
531,3,48,1445,1446,1611,1,166
474,2,48,1290,1291,1614,1,324
532,4,48,1448,1450,1617,2,169
589,1,48,1604,1606,1620,2,16
535,3,48,1456,1458,1623,2,167
478,2,48,1301,1303,1626,2,325
536,4,48,1459,1460,1629,1,170
593,1,48,1615,1617,1632,2,17
539,3,48,1467,1468,1635,1,168
597,1,48,1625,1626,1638,1,13
540,4,48,1470,1471,1641,1,171
482,2,48,1312,1313,1644,1,332
543,3,48,1478,1479,1647,1,169
601,1,48,1636,1637,1650,1,14
544,4,48,1481,1483,1653,2,172
486,2,48,1323,1324,1656,1,333
547,3,48,1489,1491,1659,2,170
605,1,48,1647,1648,1662,1,15
548,4,48,1492,1493,1665,1,173
490,2,48,1334,1336,1668,2,334
551,3,48,1500,1501,1671,1,171
609,1,48,1658,1660,1674,2,16
552,4,48,1503,1504,1677,1,174
494,2,48,1345,1346,1680,1,335
555,3,48,1510,1511,1683,1,173
613,1,48,1669,1670,1686,1,17
556,4,48,1513,1514,1689,1,176
617,1,48,1680,1681,1692,1,12
559,3,48,1521,1523,1695,2,174
498,2,48,1356,1357,1698,1,342
560,4,48,1524,1525,1701,1,177
621,1,48,1691,1693,1704,2,13
563,3,48,1532,1534,1707,2,175
502,2,48,1367,1369,1710,2,343
564,4,48,1535,1536,1713,1,178
625,1,48,1702,1703,1716,1,14
567,3,48,1543,1544,1719,1,176
506,2,48,1378,1379,1722,1,344
568,4,48,1546,1547,1725,1,179
629,1,48,1713,1714,1728,1,15
571,3,48,1554,1556,1731,2,177
510,2,48,1388,1390,1734,2,346
572,4,48,1557,1558,1737,1,180
633,1,48,1724,1726,1740,2,16
575,3,48,1565,1567,1743,2,178
514,2,48,1399,1400,1746,1,347
576,4,48,1568,1569,1749,1,181
637,1,48,1735,1736,1752,1,17
579,3,48,1576,1577,1755,1,179
641,1,48,1745,1747,1758,2,13
580,4,48,1579,1580,1761,1,182
518,2,48,1410,1411,1764,1,354
583,3,48,1587,1589,1767,2,180
645,1,48,1756,1758,1770,2,14
584,4,48,1590,1591,1773,1,183
522,2,48,1421,1422,1776,1,355
587,3,48,1598,1600,1779,2,181
649,1,48,1767,1768,1782,1,15
588,4,48,1601,1602,1785,1,184
526,2,48,1432,1434,1788,2,356
591,3,48,1609,1610,1791,1,182
653,1,48,1778,1780,1794,2,16
592,4,48,1612,1613,1797,1,185
530,2,48,1443,1444,1800,1,357
595,3,48,1620,1622,1803,2,183
657,1,48,1789,1791,1806,2,17
596,4,48,1623,1624,1809,1,186
661,1,48,1800,1801,1812,1,12
599,3,48,1630,1631,1815,1,185
534,2,48,1454,1455,1818,1,364
600,4,48,1633,1635,1821,2,188
665,1,48,1811,1813,1824,2,13
603,3,48,1641,1642,1827,1,186
538,2,48,1465,1467,1830,2,365
604,4,48,1644,1645,1833,1,189
669,1,48,1822,1824,1836,2,14
607,3,48,1652,1653,1839,1,187
542,2,48,1476,1477,1842,1,366
608,4,48,1655,1657,1845,2,190
673,1,48,1833,1834,1848,1,15
611,3,48,1663,1665,1851,2,188
546,2,48,1487,1488,1854,1,367
612,4,48,1666,1667,1857,1,191
677,1,48,1844,1846,1860,2,16
615,3,48,1674,1675,1863,1,189
550,2,48,1498,1500,1866,2,368
616,4,48,1677,1678,1869,1,192
681,1,48,1855,1857,1872,2,17
619,3,48,1685,1686,1875,1,190
685,1,48,1865,1866,1878,1,13
620,4,48,1688,1690,1881,2,193
554,2,48,1508,1510,1884,2,376
623,3,48,1696,1698,1887,2,191
689,1,48,1876,1877,1890,1,14
624,4,48,1699,1700,1893,1,194
558,2,48,1519,1520,1896,1,377
627,3,48,1707,1708,1899,1,192
693,1,48,1887,1888,1902,1,15
628,4,48,1710,1711,1905,1,195
562,2,48,1530,1531,1908,1,378
631,3,48,1718,1719,1911,1,193
697,1,48,1898,1900,1914,2,16
632,4,48,1721,1723,1917,2,196
566,2,48,1541,1543,1920,2,379
635,3,48,1729,1731,1923,2,194
701,1,48,1909,1910,1926,1,17
636,4,48,1732,1733,1929,1,197
705,1,48,1920,1921,1932,1,12
639,3,48,1740,1741,1935,1,195
570,2,48,1552,1553,1938,1,386
640,4,48,1743,1744,1941,1,198
709,1,48,1931,1933,1944,2,13
643,3,48,1750,1751,1947,1,197
574,2,48,1563,1564,1950,1,387
644,4,48,1753,1754,1953,1,200
713,1,48,1942,1943,1956,1,14
647,3,48,1761,1763,1959,2,198
578,2,48,1574,1576,1962,2,388
648,4,48,1764,1765,1965,1,201
717,1,48,1953,1954,1968,1,15
651,3,48,1772,1774,1971,2,199
582,2,48,1585,1586,1974,1,389
652,4,48,1775,1776,1977,1,202
721,1,48,1964,1966,1980,2,16
655,3,48,1783,1784,1983,1,200
586,2,48,1596,1597,1986,1,390
656,4,48,1786,1787,1989,1,203
725,1,48,1975,1976,1992,1,17
659,3,48,1794,1796,1995,2,201
729,1,48,1985,1987,1998,2,13
660,4,48,1797,1798,2001,1,204
590,2,48,1607,1609,2004,2,397
663,3,48,1805,1807,2007,2,202
733,1,48,1996,1998,2010,2,14
664,4,48,1808,1809,2013,1,205
667,3,48,1816,1817,3057,1,1241
668,4,48,1819,1820,3060,1,1241
735,1,48,2000,3044,3063,1044,1063
739,1,48,2011,3048,3066,1037,1055
671,3,48,1827,1829,3069,2,1242
743,1,48,2022,3052,3072,1030,1050
747,1,48,2033,3056,3075,1023,1042
672,4,48,1830,1831,3078,1,1248
751,1,48,2044,3060,3081,1016,1037
755,1,48,2055,3064,3084,1009,1029
675,3,48,1838,1840,3087,2,1249
759,1,48,2065,3068,3090,1003,1025
763,1,48,2076,3072,3093,996,1017
676,4,48,1841,1842,3096,1,1255
767,1,48,2087,3076,3099,989,1012
771,1,48,2098,3080,3102,982,1004
679,3,48,1849,1850,3105,1,1256
775,1,48,2109,3084,3108,975,999
779,1,48,2120,3088,3111,968,991
680,4,48,1852,1853,3114,1,1262
783,1,48,2131,3092,3117,961,986
787,1,48,2142,3096,3120,954,978
683,3,48,1860,1862,3123,2,1263
791,1,48,2153,3100,3126,947,973
795,1,48,2164,3104,3129,940,965
684,4,48,1863,1864,3132,1,1269
799,1,48,2175,3108,3135,933,960
803,1,48,2185,3112,3138,927,953
687,3,48,1870,1871,3141,1,1271
807,1,48,2196,3116,3144,920,948
811,1,48,2207,3120,3147,913,940
688,4,48,1873,1875,3150,2,1277
815,1,48,2218,3124,3153,906,935
819,1,48,2229,3128,3156,899,927
691,3,48,1881,1882,3159,1,1278
823,1,48,2240,3132,3162,892,922
827,1,48,2251,3136,3165,885,914
692,4,48,1884,1885,3168,1,1284
831,1,48,2262,3140,3171,878,909
835,1,48,2273,3144,3174,871,901
695,3,48,1892,1893,3177,1,1285
839,1,48,2284,3148,3180,864,896
696,4,48,1895,1897,3183,2,1288
843,1,48,2295,3152,3186,857,891
847,1,48,2305,3156,3189,851,884
699,3,48,1903,1905,3192,2,1289
851,1,48,2316,3160,3195,844,879
855,1,48,2327,3164,3198,837,871
700,4,48,1906,1907,3201,1,1295
859,1,48,2338,3168,3204,830,866
863,1,48,2349,3172,3207,823,858
703,3,48,1914,1915,3210,1,1296
867,1,48,2360,3176,3213,816,853
871,1,48,2371,3180,3216,809,845
704,4,48,1917,1918,3219,1,1302
875,1,48,2382,3184,3222,802,840
879,1,48,2393,3188,3225,795,832
707,3,48,1925,1926,3228,1,1303
883,1,48,2404,3192,3231,788,827
887,1,48,2415,3196,3234,781,819
708,4,48,1928,1930,3237,2,1309
891,1,48,2425,3200,3240,775,815
895,1,48,2436,3204,3243,768,807
711,3,48,1936,1938,3246,2,1310
899,1,48,2447,3208,3249,761,802
903,1,48,2458,3212,3252,754,794
712,4,48,1939,1940,3255,1,1316
907,1,48,2469,3216,3258,747,789
911,1,48,2480,3220,3261,740,781
715,3,48,1947,1948,3264,1,1317
915,1,48,2491,3224,3267,733,776
919,1,48,2502,3228,3270,726,768
716,4,48,1950,1951,3273,1,1323
923,1,48,2513,3232,3276,719,763
927,1,48,2524,3236,3279,712,755
719,3,48,1958,1959,3282,1,1324
931,1,48,2535,3240,3285,705,750
935,1,48,2545,3244,3288,699,743
720,4,48,1961,1963,3291,2,1330
939,1,48,2556,3248,3294,692,738
943,1,48,2567,3252,3297,685,730
723,3,48,1969,1971,3300,2,1331
947,1,48,2578,3256,3303,678,725
951,1,48,2589,3260,3306,671,717
724,4,48,1972,1973,3309,1,1337
955,1,48,2600,3264,3312,664,712
959,1,48,2611,3268,3315,657,704
727,3,48,1980,1981,3318,1,1338
963,1,48,2622,3272,3321,650,699
967,1,48,2633,3276,3324,643,691
728,4,48,1983,1984,3327,1,1344
971,1,48,2644,3280,3330,636,686
975,1,48,2655,3284,3333,629,678
731,3,48,1990,1991,3336,1,1346
979,1,48,2665,3288,3339,623,674
983,1,48,2676,3292,3342,616,666
732,4,48,1993,1994,3345,1,1352
987,1,48,2687,3296,3348,609,661
991,1,48,2698,3300,3351,602,653
737,3,48,2005,3046,3354,1041,1349
995,1,48,2709,3304,3357,595,648
999,1,48,2720,3308,3360,588,640
738,4,48,2008,3047,3363,1039,1355
1003,1,48,2731,3312,3366,581,635
1007,1,48,2742,3316,3369,574,627
741,3,48,2016,3050,3372,1034,1356
1011,1,48,2753,3320,3375,567,622
1015,1,48,2764,3324,3378,560,614
742,4,48,2019,3051,3381,1032,1362
1019,1,48,2775,3328,3384,553,609
1023,1,48,2785,3332,3387,547,602
745,3,48,2027,3054,3390,1027,1363
1027,1,48,2796,3336,3393,540,597
1031,1,48,2807,3340,3396,533,589
746,4,48,2030,3055,3399,1025,1369
1035,1,48,2818,3344,3402,526,584
1039,1,48,2829,3348,3405,519,576
749,3,48,2038,3058,3408,1020,1370
1043,1,48,2840,3352,3411,512,571
1047,1,48,2851,3356,3414,505,563
750,4,48,2041,3059,3417,1018,1376
1051,1,48,2862,3360,3420,498,558
1055,1,48,2873,3364,3423,491,550
753,3,48,2049,3062,3426,1013,1377
1059,1,48,2884,3368,3429,484,545
1063,1,48,2895,3372,3432,477,537
754,4,48,2052,3063,3435,1011,1383
1067,1,48,2905,3376,3438,471,533
1071,1,48,2916,3380,3441,464,525
757,3,48,2060,3066,3444,1006,1384
1075,1,48,2927,3384,3447,457,520
1079,1,48,2938,3388,3450,450,512
758,4,48,2063,3067,3453,1004,1390
1083,1,48,2949,3392,3456,443,507
1087,1,48,2960,3396,3459,436,499
761,3,48,2070,3070,3462,1000,1392
1091,1,48,2971,3400,3465,429,494
1095,1,48,2982,3404,3468,422,486
762,4,48,2073,3071,3471,998,1398
1099,1,48,2993,3408,3474,415,481
1103,1,48,3004,3412,3477,408,473
765,3,48,2081,3074,3480,993,1399
1107,1,48,3015,3416,3483,401,468
1111,1,48,3025,3420,3486,395,461
766,4,48,2084,3075,3489,991,1405
1115,1,48,3036,3424,3492,388,456
1119,1,48,3047,3428,3495,381,448
769,3,48,2092,3078,3498,986,1406
1123,1,48,3058,3432,3501,374,443
1127,1,48,3069,3436,3504,367,435
770,4,48,2095,3079,3507,984,1412
1131,1,48,3080,3440,3510,360,430
1135,1,48,3091,3444,3513,353,422
773,3,48,2103,3082,3516,979,1413
1139,1,48,3102,3448,3519,346,417
1143,1,48,3113,3452,3522,339,409
774,4,48,2106,3083,3525,977,1419
1147,1,48,3124,3456,3528,332,404
1151,1,48,3135,3460,3531,325,396
777,3,48,2114,3086,3534,972,1420
1155,1,48,3145,3464,3537,319,392
1159,1,48,3156,3468,3540,312,384
778,4,48,2117,3087,3543,970,1426
1163,1,48,3167,3472,3546,305,379
1167,1,48,3178,3476,3549,298,371
781,3,48,2125,3090,3552,965,1427
1171,1,48,3189,3480,3555,291,366
1175,1,48,3200,3484,3558,284,358
782,4,48,2128,3091,3561,963,1433
1179,1,48,3211,3488,3564,277,353
1183,1,48,3222,3492,3567,270,345
785,3,48,2136,3094,3570,958,1434
1187,1,48,3233,3496,3573,263,340
1191,1,48,3244,3500,3576,256,332
786,4,48,2139,3095,3579,956,1440
1195,1,48,3255,3504,3582,249,327
1199,1,48,3265,3508,3585,243,320
789,3,48,2147,3098,3588,951,1441
1203,1,48,3276,3512,3591,236,315
1207,1,48,3287,3516,3594,229,307
790,4,48,2150,3099,3597,949,1447
1211,1,48,3298,3520,3600,222,302
1215,1,48,3309,3524,3603,215,294
793,3,48,2158,3102,3606,944,1448
1219,1,48,3320,3528,3609,208,289
1223,1,48,3331,3532,3612,201,281
794,4,48,2161,3103,3615,942,1454
1227,1,48,3342,3536,3618,194,276
1231,1,48,3353,3540,3621,187,268
797,3,48,2169,3106,3624,937,1455
1235,1,48,3364,3544,3627,180,263
1239,1,48,3375,3548,3630,173,255
798,4,48,2172,3107,3633,935,1461
1243,1,48,3385,3552,3636,167,251
1247,1,48,3396,3556,3639,160,243
801,3,48,2180,3110,3642,930,1462
1251,1,48,3407,3560,3645,153,238
1255,1,48,3418,3564,3648,146,230
802,4,48,2183,3111,3651,928,1468
1259,1,48,3429,3568,3654,139,225
1263,1,48,3440,3572,3657,132,217
805,3,48,2190,3114,3660,924,1470
1267,1,48,3451,3576,3663,125,212
1271,1,48,3462,3580,3666,118,204
806,4,48,2193,3115,3669,922,1476
1275,1,48,3473,3584,3672,111,199
1279,1,48,3484,3588,3675,104,191
809,3,48,2201,3118,3678,917,1477
1283,1,48,3495,3592,3681,97,186
1287,1,48,3505,3596,3684,91,179
810,4,48,2204,3119,3687,915,1483
1291,1,48,3516,3600,3690,84,174
1295,1,48,3527,3604,3693,77,166
813,3,48,2212,3122,3696,910,1484
1299,1,48,3538,3608,3699,70,161
1303,1,48,3549,3612,3702,63,153
814,4,48,2215,3123,3705,908,1490
1307,1,48,3560,3616,3708,56,148
1311,1,48,3571,3620,3711,49,140
817,3,48,2223,3126,3714,903,1491
1315,1,48,3582,3624,3717,42,135
1319,1,48,3593,3628,3720,35,127
818,4,48,2226,3127,3723,901,1497
1323,1,48,3604,3632,3726,28,122
1327,1,48,3615,3636,3729,21,114
821,3,48,2234,3130,3732,896,1498
1331,1,48,3625,3640,3735,15,110
1335,1,48,3636,3644,3738,8,102
822,4,48,2237,3131,3741,894,1504
1339,1,48,3647,3648,3744,1,97
1343,1,48,3658,3659,3747,1,89
825,3,48,2245,3134,3750,889,1505
1347,1,48,3669,3670,3753,1,84
1351,1,48,3680,3682,3756,2,76
826,4,48,2248,3135,3759,887,1511
1355,1,48,3691,3692,3762,1,71
1359,1,48,3702,3703,3765,1,63
829,3,48,2256,3138,3768,882,1512
1363,1,48,3713,3715,3771,2,58
1367,1,48,3724,3725,3774,1,50
830,4,48,2259,3139,3777,880,1518
1371,1,48,3735,3736,3780,1,45
1375,1,48,3745,3746,3783,1,38
833,3,48,2267,3142,3786,875,1519
1379,1,48,3756,3757,3789,1,33
1383,1,48,3767,3769,3792,2,25
834,4,48,2270,3143,3795,873,1525
1387,1,48,3778,3779,3798,1,20
1391,1,48,3789,3790,3801,1,12
837,3,48,2278,3146,3804,868,1526
594,2,48,1618,1619,3807,1,2189
598,2,48,1628,1630,3810,2,2182
838,4,48,2281,3147,3813,866,1532
1395,1,48,3800,3802,3816,2,16
602,2,48,1639,1640,3819,1,2180
841,3,48,2289,3150,3822,861,1533
1399,1,48,3811,3812,3825,1,14
606,2,48,1650,1651,3828,1,2178
842,4,48,2292,3151,3831,859,1539
1403,1,48,3822,3823,3834,1,12
610,2,48,1661,1662,3837,1,2176
845,3,48,2300,3154,3840,854,1540
614,2,48,1672,1674,3843,2,2171
1407,1,48,3833,3835,3846,2,13
846,4,48,2303,3155,3849,852,1546
618,2,48,1683,1684,3852,1,2169
622,2,48,1694,1695,3855,1,2161
849,3,48,2310,3158,3858,848,1548
1411,1,48,3844,3845,3861,1,17
626,2,48,1705,1707,3864,2,2159
850,4,48,2313,3159,3867,846,1554
1415,1,48,3855,3856,3870,1,15
630,2,48,1716,1717,3873,1,2157
853,3,48,2321,3162,3876,841,1555
1419,1,48,3865,3866,3879,1,14
634,2,48,1727,1728,3882,1,2155
854,4,48,2324,3163,3885,839,1561
1423,1,48,3876,3877,3888,1,12
638,2,48,1738,1740,3891,2,2153
857,3,48,2332,3166,3894,834,1562
642,2,48,1748,1750,3897,2,2149
1427,1,48,3887,3889,3900,2,13
858,4,48,2335,3167,3903,832,1568
646,2,48,1759,1760,3906,1,2147
650,2,48,1770,1771,3909,1,2139
861,3,48,2343,3170,3912,827,1569
1431,1,48,3898,3899,3915,1,17
654,2,48,1781,1783,3918,2,2137
862,4,48,2346,3171,3921,825,1575
1435,1,48,3909,3910,3924,1,15
658,2,48,1792,1793,3927,1,2135
865,3,48,2354,3174,3930,820,1576
1439,1,48,3920,3922,3933,2,13
662,2,48,1803,1804,3936,1,2133
866,4,48,2357,3175,3939,818,1582
666,2,48,1814,1816,3942,2,2128
1443,1,48,3931,3932,3945,1,14
869,3,48,2365,3178,3948,813,1583
670,2,48,1825,1826,3951,1,2126
1447,1,48,3942,3943,3954,1,12
870,4,48,2368,3179,3957,811,1589
674,2,48,1836,1837,3960,1,2124
678,2,48,1847,1849,3963,2,2116
873,3,48,2376,3182,3966,806,1590
1451,1,48,3953,3955,3969,2,16
682,2,48,1858,1859,3972,1,2114
874,4,48,2379,3183,3975,804,1596
1455,1,48,3964,3965,3978,1,14
686,2,48,1868,1870,3981,2,2113
877,3,48,2387,3186,3984,799,1597
1459,1,48,3975,3976,3987,1,12
690,2,48,1879,1880,3990,1,2111
878,4,48,2390,3187,3993,797,1603
694,2,48,1890,1891,3996,1,2106
1463,1,48,3985,3986,3999,1,14
881,3,48,2398,3190,4002,792,1604
698,2,48,1901,1902,4005,1,2104
1467,1,48,3996,3997,4008,1,12
882,4,48,2401,3191,4011,790,1610
702,2,48,1912,1914,4014,2,2102
706,2,48,1923,1924,4017,1,2094
885,3,48,2409,3194,4020,785,1611
1471,1,48,4007,4009,4023,2,16
710,2,48,1934,1935,4026,1,2092
886,4,48,2412,3195,4029,783,1617
1475,1,48,4018,4019,4032,1,14
714,2,48,1945,1947,4035,2,2090
889,3,48,2420,3198,4038,778,1618
1479,1,48,4029,4030,4041,1,12
718,2,48,1956,1957,4044,1,2088
890,4,48,2423,3199,4047,776,1624
722,2,48,1967,1968,4050,1,2083
1483,1,48,4040,4042,4053,2,13
893,3,48,2430,3202,4056,772,1626
726,2,48,1978,1980,4059,2,2081
730,2,48,1988,1990,4062,2,2074
894,4,48,2433,3203,4065,770,1632
1487,1,48,4051,4052,4068,1,17
734,2,48,1999,2000,4071,1,2072
897,3,48,2441,3206,4074,765,1633
1491,1,48,4062,4063,4077,1,15
736,2,48,2003,3045,4080,1042,2077
898,4,48,2444,3207,4083,763,1639
1495,1,48,4073,4075,4086,2,13
740,2,48,2014,3049,4089,1035,2075
901,3,48,2452,3210,4092,758,1640
744,2,48,2025,3053,4095,1028,2070
1499,1,48,4084,4085,4098,1,14
902,4,48,2455,3211,4101,756,1646
748,2,48,2036,3057,4104,1021,2068
1503,1,48,4095,4096,4107,1,12
905,3,48,2463,3214,4110,751,1647
752,2,48,2047,3061,4113,1014,2066
756,2,48,2058,3065,4116,1007,2058
906,4,48,2466,3215,4119,749,1653
1507,1,48,4105,4106,4122,1,17
760,2,48,2068,3069,4125,1001,2057
909,3,48,2474,3218,4128,744,1654
1511,1,48,4116,4117,4131,1,15
764,2,48,2079,3073,4134,994,2055
910,4,48,2477,3219,4137,742,1660
1515,1,48,4127,4129,4140,2,13
768,2,48,2090,3077,4143,987,2053
913,3,48,2485,3222,4146,737,1661
772,2,48,2101,3081,4149,980,2048
1519,1,48,4138,4139,4152,1,14
914,4,48,2488,3223,4155,735,1667
776,2,48,2112,3085,4158,973,2046
1523,1,48,4149,4150,4161,1,12
917,3,48,2496,3226,4164,730,1668
780,2,48,2123,3089,4167,966,2044
784,2,48,2134,3093,4170,959,2036
918,4,48,2499,3227,4173,728,1674
1527,1,48,4160,4162,4176,2,16
788,2,48,2145,3097,4179,952,2034
921,3,48,2507,3230,4182,723,1675
1531,1,48,4171,4172,4185,1,14
792,2,48,2156,3101,4188,945,2032
922,4,48,2510,3231,4191,721,1681
1535,1,48,4182,4183,4194,1,12
796,2,48,2167,3105,4197,938,2030
925,3,48,2518,3234,4200,716,1682
800,2,48,2178,3109,4203,931,2025
1539,1,48,4193,4195,4206,2,13
926,4,48,2521,3235,4209,714,1688
804,2,48,2188,3113,4212,925,2024
808,2,48,2199,3117,4215,918,2016
929,3,48,2529,3238,4218,709,1689
1543,1,48,4204,4205,4221,1,17
812,2,48,2210,3121,4224,911,2014
930,4,48,2532,3239,4227,707,1695
1547,1,48,4215,4216,4230,1,15
816,2,48,2221,3125,4233,904,2012
933,3,48,2540,3242,4236,702,1696
1551,1,48,4225,4226,4239,1,14
820,2,48,2232,3129,4242,897,2010
934,4,48,2543,3243,4245,700,1702
1555,1,48,4236,4237,4248,1,12
824,2,48,2243,3133,4251,890,2008
937,3,48,2550,3246,4254,696,1704
828,2,48,2254,3137,4257,883,2003
1559,1,48,4247,4249,4260,2,13
938,4,48,2553,3247,4263,694,1710
832,2,48,2265,3141,4266,876,2001
836,2,48,2276,3145,4269,869,1993
941,3,48,2561,3250,4272,689,1711
1563,1,48,4258,4259,4275,1,17
840,2,48,2287,3149,4278,862,1991
942,4,48,2564,3251,4281,687,1717
1567,1,48,4269,4270,4284,1,15
844,2,48,2298,3153,4287,855,1989
945,3,48,2572,3254,4290,682,1718
1571,1,48,4280,4282,4293,2,13
848,2,48,2308,3157,4296,849,1988
946,4,48,2575,3255,4299,680,1724
852,2,48,2319,3161,4302,842,1983
1575,1,48,4291,4292,4305,1,14
949,3,48,2583,3258,4308,675,1725
856,2,48,2330,3165,4311,835,1981
1579,1,48,4302,4303,4314,1,12
950,4,48,2586,3259,4317,673,1731
860,2,48,2341,3169,4320,828,1979
864,2,48,2352,3173,4323,821,1971
953,3,48,2594,3262,4326,668,1732
1583,1,48,4313,4315,4329,2,16
868,2,48,2363,3177,4332,814,1969
954,4,48,2597,3263,4335,666,1738
1587,1,48,4324,4325,4338,1,14
872,2,48,2374,3181,4341,807,1967
957,3,48,2605,3266,4344,661,1739
1591,1,48,4335,4336,4347,1,12
876,2,48,2385,3185,4350,800,1965
958,4,48,2608,3267,4353,659,1745
880,2,48,2396,3189,4356,793,1960
1595,1,48,4345,4346,4359,1,14
961,3,48,2616,3270,4362,654,1746
884,2,48,2407,3193,4365,786,1958
1599,1,48,4356,4357,4368,1,12
962,4,48,2619,3271,4371,652,1752
888,2,48,2418,3197,4374,779,1956
892,2,48,2428,3201,4377,773,1949
965,3,48,2627,3274,4380,647,1753
1603,1,48,4367,4369,4383,2,16
896,2,48,2439,3205,4386,766,1947
966,4,48,2630,3275,4389,645,1759
1607,1,48,4378,4379,4392,1,14
900,2,48,2450,3209,4395,759,1945
969,3,48,2638,3278,4398,640,1760
1611,1,48,4389,4390,4401,1,12
904,2,48,2461,3213,4404,752,1943
970,4,48,2641,3279,4407,638,1766
908,2,48,2472,3217,4410,745,1938
1615,1,48,4400,4402,4413,2,13
973,3,48,2649,3282,4416,633,1767
912,2,48,2483,3221,4419,738,1936
916,2,48,2494,3225,4422,731,1928
974,4,48,2652,3283,4425,631,1773
1619,1,48,4411,4412,4428,1,17
920,2,48,2505,3229,4431,724,1926
977,3,48,2660,3286,4434,626,1774
1623,1,48,4422,4423,4437,1,15
924,2,48,2516,3233,4440,717,1924
978,4,48,2663,3287,4443,624,1780
1627,1,48,4433,4435,4446,2,13
928,2,48,2527,3237,4449,710,1922
981,3,48,2670,3290,4452,620,1782
932,2,48,2538,3241,4455,703,1917
1631,1,48,4444,4445,4458,1,14
982,4,48,2673,3291,4461,618,1788
936,2,48,2548,3245,4464,697,1916
1635,1,48,4455,4456,4467,1,12
985,3,48,2681,3294,4470,613,1789
940,2,48,2559,3249,4473,690,1914
944,2,48,2570,3253,4476,683,1906
986,4,48,2684,3295,4479,611,1795
1639,1,48,4465,4466,4482,1,17
948,2,48,2581,3257,4485,676,1904
989,3,48,2692,3298,4488,606,1796
1643,1,48,4476,4477,4491,1,15
952,2,48,2592,3261,4494,669,1902
990,4,48,2695,3299,4497,604,1802
1647,1,48,4487,4489,4500,2,13
956,2,48,2603,3265,4503,662,1900
993,3,48,2703,3302,4506,599,1803
960,2,48,2614,3269,4509,655,1895
1651,1,48,4498,4499,4512,1,14
994,4,48,2706,3303,4515,597,1809
964,2,48,2625,3273,4518,648,1893
1655,1,48,4509,4510,4521,1,12
997,3,48,2714,3306,4524,592,1810
968,2,48,2636,3277,4527,641,1891
972,2,48,2647,3281,4530,634,1883
998,4,48,2717,3307,4533,590,1816
1659,1,48,4520,4522,4536,2,16
976,2,48,2658,3285,4539,627,1881
1001,3,48,2725,3310,4542,585,1817
1663,1,48,4531,4532,4545,1,14
980,2,48,2668,3289,4548,621,1880
1002,4,48,2728,3311,4551,583,1823
1667,1,48,4542,4543,4554,1,12
984,2,48,2679,3293,4557,614,1878
1005,3,48,2736,3314,4560,578,1824
988,2,48,2690,3297,4563,607,1873
1671,1,48,4553,4555,4566,2,13
1006,4,48,2739,3315,4569,576,1830
992,2,48,2701,3301,4572,600,1871
996,2,48,2712,3305,4575,593,1863
1009,3,48,2747,3318,4578,571,1831
1675,1,48,4564,4565,4581,1,17
1000,2,48,2723,3309,4584,586,1861
1010,4,48,2750,3319,4587,569,1837
1679,1,48,4575,4576,4590,1,15
1004,2,48,2734,3313,4593,579,1859
1013,3,48,2758,3322,4596,564,1838
1683,1,48,4585,4586,4599,1,14
1008,2,48,2745,3317,4602,572,1857
1014,4,48,2761,3323,4605,562,1844
1687,1,48,4596,4597,4608,1,12
1012,2,48,2756,3321,4611,565,1855
1017,3,48,2769,3326,4614,557,1845
1016,2,48,2767,3325,4617,558,1850
1691,1,48,4607,4609,4620,2,13
1018,4,48,2772,3327,4623,555,1851
1020,2,48,2778,3329,4626,551,1848
1024,2,48,2788,3333,4629,545,1841
1021,3,48,2780,3330,4632,550,1852
1695,1,48,4618,4619,4635,1,17
1028,2,48,2799,3337,4638,538,1839
1022,4,48,2783,3331,4641,548,1858
1699,1,48,4629,4630,4644,1,15
1032,2,48,2810,3341,4647,531,1837
1025,3,48,2790,3334,4650,544,1860
1703,1,48,4640,4642,4653,2,13
1036,2,48,2821,3345,4656,524,1835
1026,4,48,2793,3335,4659,542,1866
1040,2,48,2832,3349,4662,517,1830
1707,1,48,4651,4652,4665,1,14
1029,3,48,2801,3338,4668,537,1867
1044,2,48,2843,3353,4671,510,1828
1711,1,48,4662,4663,4674,1,12
1030,4,48,2804,3339,4677,535,1873
1048,2,48,2854,3357,4680,503,1826
1052,2,48,2865,3361,4683,496,1818
1033,3,48,2812,3342,4686,530,1874
1715,1,48,4673,4675,4689,2,16
1056,2,48,2876,3365,4692,489,1816
1034,4,48,2815,3343,4695,528,1880
1719,1,48,4684,4685,4698,1,14
1060,2,48,2887,3369,4701,482,1814
1037,3,48,2823,3346,4704,523,1881
1723,1,48,4695,4696,4707,1,12
1064,2,48,2898,3373,4710,475,1812
1038,4,48,2826,3347,4713,521,1887
1068,2,48,2908,3377,4716,469,1808
1727,1,48,4705,4708,4719,3,14
1041,3,48,2834,3350,4722,516,1888
1072,2,48,2919,3381,4725,462,1806
1076,2,48,2930,3385,4728,455,1798
1042,4,48,2837,3351,4731,514,1894
1731,1,48,4716,4720,4734,4,18
1080,2,48,2941,3389,4737,448,1796
1045,3,48,2845,3354,4740,509,1895
1735,1,48,4727,4732,4743,5,16
1084,2,48,2952,3393,4746,441,1794
1046,4,48,2848,3355,4749,507,1901
1088,2,48,2963,3397,4752,434,1789
1739,1,48,4738,4744,4755,6,17
1049,3,48,2856,3358,4758,502,1902
1092,2,48,2974,3401,4761,427,1787
1096,2,48,2985,3405,4764,420,1779
1050,4,48,2859,3359,4767,500,1908
1743,1,48,4749,4756,4770,7,21
1100,2,48,2996,3409,4773,413,1777
1053,3,48,2867,3362,4776,495,1909
1747,1,48,4760,4768,4779,8,19
1104,2,48,3007,3413,4782,406,1775
1054,4,48,2870,3363,4785,493,1915
1108,2,48,3018,3417,4788,399,1770
1751,1,48,4771,4780,4791,9,20
1057,3,48,2878,3366,4794,488,1916
1112,2,48,3028,3421,4797,393,1769
1116,2,48,3039,3425,4800,386,1761
1058,4,48,2881,3367,4803,486,1922
1755,1,48,4782,4792,4806,10,24
1120,2,48,3050,3429,4809,379,1759
1061,3,48,2889,3370,4812,481,1923
1759,1,48,4793,4804,4815,11,22
1124,2,48,3061,3433,4818,372,1757
1062,4,48,2892,3371,4821,479,1929
1128,2,48,3072,3437,4824,365,1752
1763,1,48,4804,4816,4827,12,23
1065,3,48,2900,3374,4830,474,1930
1132,2,48,3083,3441,4833,358,1750
1136,2,48,3094,3445,4836,351,1742
1066,4,48,2903,3375,4839,472,1936
1767,1,48,4815,4828,4842,13,27
1140,2,48,3105,3449,4845,344,1740
1069,3,48,2910,3378,4848,468,1938
1771,1,48,4825,4840,4851,15,26
1144,2,48,3116,3453,4854,337,1738
1070,4,48,2913,3379,4857,466,1944
1148,2,48,3127,3457,4860,330,1733
1775,1,48,4836,4852,4863,16,27
1073,3,48,2921,3382,4866,461,1945
1152,2,48,3138,3461,4869,323,1731
1156,2,48,3148,3465,4872,317,1724
1074,4,48,2924,3383,4875,459,1951
1779,1,48,4847,4864,4878,17,31
1160,2,48,3159,3469,4881,310,1722
1077,3,48,2932,3386,4884,454,1952
1783,1,48,4858,4876,4887,18,29
1164,2,48,3170,3473,4890,303,1720
1078,4,48,2935,3387,4893,452,1958
1168,2,48,3181,3477,4896,296,1715
1787,1,48,4869,4888,4899,19,30
1081,3,48,2943,3390,4902,447,1959
1172,2,48,3192,3481,4905,289,1713
1176,2,48,3203,3485,4908,282,1705
1082,4,48,2946,3391,4911,445,1965
1791,1,48,4880,4900,4914,20,34
1180,2,48,3214,3489,4917,275,1703
1085,3,48,2954,3394,4920,440,1966
1795,1,48,4891,4912,4923,21,32
1184,2,48,3225,3493,4926,268,1701
1086,4,48,2957,3395,4929,438,1972
1188,2,48,3236,3497,4932,261,1696
1799,1,48,4902,4924,4935,22,33
1089,3,48,2965,3398,4938,433,1973
1192,2,48,3247,3501,4941,254,1694
1196,2,48,3258,3505,4944,247,1686
1090,4,48,2968,3399,4947,431,1979
1803,1,48,4913,4936,4950,23,37
1200,2,48,3268,3509,4953,241,1685
1093,3,48,2976,3402,4956,426,1980
1807,1,48,4924,4948,4959,24,35
1204,2,48,3279,3513,4962,234,1683
1094,4,48,2979,3403,4965,424,1986
1208,2,48,3290,3517,4968,227,1678
1811,1,48,4935,4960,4971,25,36
1097,3,48,2987,3406,4974,419,1987
1212,2,48,3301,3521,4977,220,1676
1216,2,48,3312,3525,4980,213,1668
1098,4,48,2990,3407,4983,417,1993
1815,1,48,4945,4972,4986,27,41
1220,2,48,3323,3529,4989,206,1666
1101,3,48,2998,3410,4992,412,1994
1819,1,48,4956,4984,4995,28,39
1224,2,48,3334,3533,4998,199,1664
1102,4,48,3001,3411,5001,410,2000
1228,2,48,3345,3537,5004,192,1659
1823,1,48,4967,4996,5007,29,40
1105,3,48,3009,3414,5010,405,2001
1232,2,48,3356,3541,5013,185,1657
1236,2,48,3367,3545,5016,178,1649
1106,4,48,3012,3415,5019,403,2007
1827,1,48,4978,5008,5022,30,44
1240,2,48,3378,3549,5025,171,1647
1109,3,48,3020,3418,5028,398,2008
1831,1,48,4989,5020,5031,31,42
1244,2,48,3388,3553,5034,165,1646
1110,4,48,3023,3419,5037,396,2014
1248,2,48,3399,3557,5040,158,1641
1835,1,48,5000,5032,5043,32,43
1113,3,48,3030,3422,5046,392,2016
1252,2,48,3410,3561,5049,151,1639
1256,2,48,3421,3565,5052,144,1631
1114,4,48,3033,3423,5055,390,2022
1839,1,48,5011,5044,5058,33,47
1260,2,48,3432,3569,5061,137,1629
1117,3,48,3041,3426,5064,385,2023
1843,1,48,5022,5056,5067,34,45
1264,2,48,3443,3573,5070,130,1627
1118,4,48,3044,3427,5073,383,2029
1268,2,48,3454,3577,5076,123,1622
1847,1,48,5033,5068,5079,35,46
1121,3,48,3052,3430,5082,378,2030
1272,2,48,3465,3581,5085,116,1620
1276,2,48,3476,3585,5088,109,1612
1122,4,48,3055,3431,5091,376,2036
1851,1,48,5044,5080,5094,36,50
1280,2,48,3487,3589,5097,102,1610
1125,3,48,3063,3434,5100,371,2037
1855,1,48,5055,5092,5103,37,48
1284,2,48,3498,3593,5106,95,1608
1126,4,48,3066,3435,5109,369,2043
1288,2,48,3508,3597,5112,89,1604
1859,1,48,5065,5104,5115,39,50
1129,3,48,3074,3438,5118,364,2044
1292,2,48,3519,3601,5121,82,1602
1296,2,48,3530,3605,5124,75,1594
1130,4,48,3077,3439,5127,362,2050
1863,1,48,5076,5116,5130,40,54
1300,2,48,3541,3609,5133,68,1592
1133,3,48,3085,3442,5136,357,2051
1867,1,48,5087,5128,5139,41,52
1304,2,48,3552,3613,5142,61,1590
1134,4,48,3088,3443,5145,355,2057
1308,2,48,3563,3617,5148,54,1585
1871,1,48,5098,5140,5151,42,53
1137,3,48,3096,3446,5154,350,2058
1312,2,48,3574,3621,5157,47,1583
1316,2,48,3585,3625,5160,40,1575
1138,4,48,3099,3447,5163,348,2064
1875,1,48,5109,5152,5166,43,57
1320,2,48,3596,3629,5169,33,1573
1141,3,48,3107,3450,5172,343,2065
1879,1,48,5120,5164,5175,44,55
1324,2,48,3607,3633,5178,26,1571
1142,4,48,3110,3451,5181,341,2071
1328,2,48,3618,3637,5184,19,1566
1883,1,48,5131,5176,5187,45,56
1145,3,48,3118,3454,5190,336,2072
1332,2,48,3628,3641,5193,13,1565
1336,2,48,3639,3645,5196,6,1557
1146,4,48,3121,3455,5199,334,2078
1887,1,48,5142,5188,5202,46,60
1340,2,48,3650,3652,5205,2,1555
1149,3,48,3129,3458,5208,329,2079
1891,1,48,5153,5200,5211,47,58
1344,2,48,3661,3662,5214,1,1553
1150,4,48,3132,3459,5217,327,2085
1348,2,48,3672,3673,5220,1,1548
1895,1,48,5164,5212,5223,48,59
1153,3,48,3140,3462,5226,322,2086
1352,2,48,3683,3684,5229,1,1546
1356,2,48,3694,3696,5232,2,1538
1154,4,48,3143,3463,5235,320,2092
1899,1,48,5175,5224,5238,49,63
1360,2,48,3705,3706,5241,1,1536
1157,3,48,3150,3466,5244,316,2094
1903,1,48,5185,5236,5247,51,62
1364,2,48,3716,3717,5250,1,1534
1158,4,48,3153,3467,5253,314,2100
1368,2,48,3727,3729,5256,2,1529
1907,1,48,5196,5248,5259,52,63
1161,3,48,3161,3470,5262,309,2101
1372,2,48,3738,3739,5265,1,1527
1376,2,48,3748,3750,5268,2,1520
1162,4,48,3164,3471,5271,307,2107
1911,1,48,5207,5260,5274,53,67
1380,2,48,3759,3760,5277,1,1518
1165,3,48,3172,3474,5280,302,2108
1915,1,48,5218,5272,5283,54,65
1384,2,48,3770,3771,5286,1,1516
1166,4,48,3175,3475,5289,300,2114
1388,2,48,3781,3783,5292,2,1511
1919,1,48,5229,5284,5295,55,66
1169,3,48,3183,3478,5298,295,2115
1392,2,48,3792,3793,5301,1,1509
1396,2,48,3803,3804,5304,1,1501
1170,4,48,3186,3479,5307,293,2121
1923,1,48,5240,5296,5310,56,70
1400,2,48,3814,3816,5313,2,1499
1173,3,48,3194,3482,5316,288,2122
1927,1,48,5251,5308,5319,57,68
1404,2,48,3825,3826,5322,1,1497
1174,4,48,3197,3483,5325,286,2128
1408,2,48,3836,3837,5328,1,1492
1931,1,48,5262,5320,5331,58,69
1177,3,48,3205,3486,5334,281,2129
1412,2,48,3847,3849,5337,2,1490
1416,2,48,3858,3859,5340,1,1482
1178,4,48,3208,3487,5343,279,2135
1935,1,48,5273,5332,5346,59,73
1420,2,48,3868,3870,5349,2,1481
1181,3,48,3216,3490,5352,274,2136
1939,1,48,5284,5344,5355,60,71
1424,2,48,3879,3880,5358,1,1479
1182,4,48,3219,3491,5361,272,2142
1428,2,48,3890,3891,5364,1,1474
1943,1,48,5295,5356,5367,61,72
1185,3,48,3227,3494,5370,267,2143
1432,2,48,3901,3903,5373,2,1472
1436,2,48,3912,3913,5376,1,1464
1186,4,48,3230,3495,5379,265,2149
1947,1,48,5305,5368,5382,63,77
1440,2,48,3923,3924,5385,1,1462
1189,3,48,3238,3498,5388,260,2150
1951,1,48,5316,5380,5391,64,75
1444,2,48,3934,3936,5394,2,1460
1190,4,48,3241,3499,5397,258,2156
1448,2,48,3945,3946,5400,1,1455
1955,1,48,5327,5392,5403,65,76
1193,3,48,3249,3502,5406,253,2157
1452,2,48,3956,3957,5409,1,1453
1456,2,48,3967,3969,5412,2,1445
1194,4,48,3252,3503,5415,251,2163
1959,1,48,5338,5404,5418,66,80
1460,2,48,3978,3979,5421,1,1443
1197,3,48,3260,3506,5424,246,2164
1963,1,48,5349,5416,5427,67,78
1464,2,48,3988,3990,5430,2,1442
1198,4,48,3263,3507,5433,244,2170
1468,2,48,3999,4000,5436,1,1437
1967,1,48,5360,5428,5439,68,79
1201,3,48,3270,3510,5442,240,2172
1472,2,48,4010,4011,5445,1,1435
1476,2,48,4021,4023,5448,2,1427
1202,4,48,3273,3511,5451,238,2178
1971,1,48,5371,5440,5454,69,83
1480,2,48,4032,4033,5457,1,1425
1205,3,48,3281,3514,5460,233,2179
1975,1,48,5382,5452,5463,70,81
1484,2,48,4043,4044,5466,1,1423
1206,4,48,3284,3515,5469,231,2185
1488,2,48,4054,4056,5472,2,1418
1979,1,48,5393,5464,5475,71,82
1209,3,48,3292,3518,5478,226,2186
1492,2,48,4065,4066,5481,1,1416
1496,2,48,4076,4077,5484,1,1408
1210,4,48,3295,3519,5487,224,2192
1983,1,48,5404,5476,5490,72,86
1500,2,48,4087,4089,5493,2,1406
1213,3,48,3303,3522,5496,219,2193
1987,1,48,5415,5488,5499,73,84
1504,2,48,4098,4099,5502,1,1404
1214,4,48,3306,3523,5505,217,2199
1508,2,48,4108,4110,5508,2,1400
1991,1,48,5425,5500,5511,75,86
1217,3,48,3314,3526,5514,212,2200
1512,2,48,4119,4120,5517,1,1398
1516,2,48,4130,4131,5520,1,1390
1218,4,48,3317,3527,5523,210,2206
1995,1,48,5436,5512,5526,76,90
1520,2,48,4141,4143,5529,2,1388
1221,3,48,3325,3530,5532,205,2207
1999,1,48,5447,5524,5535,77,88
1524,2,48,4152,4153,5538,1,1386
1222,4,48,3328,3531,5541,203,2213
1528,2,48,4163,4164,5544,1,1381
2003,1,48,5458,5536,5547,78,89
1225,3,48,3336,3534,5550,198,2214
1532,2,48,4174,4176,5553,2,1379
1536,2,48,4185,4186,5556,1,1371
1226,4,48,3339,3535,5559,196,2220
2007,1,48,5469,5548,5562,79,93
1540,2,48,4196,4197,5565,1,1369
1229,3,48,3347,3538,5568,191,2221
2011,1,48,5480,5560,5571,80,91
1544,2,48,4207,4209,5574,2,1367
1230,4,48,3350,3539,5577,189,2227
1548,2,48,4218,4219,5580,1,1362
2015,1,48,5491,5572,5583,81,92
1233,3,48,3358,3542,5586,184,2228
1552,2,48,4228,4230,5589,2,1361
1556,2,48,4239,4240,5592,1,1353
1234,4,48,3361,3543,5595,182,2234
2019,1,48,5502,5584,5598,82,96
1560,2,48,4250,4251,5601,1,1351
1237,3,48,3369,3546,5604,177,2235
2023,1,48,5513,5596,5607,83,94
1564,2,48,4261,4263,5610,2,1349
1238,4,48,3372,3547,5613,175,2241
1568,2,48,4272,4273,5616,1,1344
2027,1,48,5524,5608,5619,84,95
1241,3,48,3380,3550,5622,170,2242
1572,2,48,4283,4284,5625,1,1342
1576,2,48,4294,4296,5628,2,1334
1242,4,48,3383,3551,5631,168,2248
2031,1,48,5535,5620,5634,85,99
1580,2,48,4305,4306,5637,1,1332
1245,3,48,3390,3554,5640,164,2250
2035,1,48,5545,5632,5643,87,98
1584,2,48,4316,4317,5646,1,1330
1246,4,48,3393,3555,5649,162,2256
1588,2,48,4327,4329,5652,2,1325
2039,1,48,5556,5644,5655,88,99
1249,3,48,3401,3558,5658,157,2257
1592,2,48,4338,4339,5661,1,1323
1596,2,48,4348,4350,5664,2,1316
1250,4,48,3404,3559,5667,155,2263
2043,1,48,5567,5656,5670,89,103
1600,2,48,4359,4360,5673,1,1314
1253,3,48,3412,3562,5676,150,2264
2047,1,48,5578,5668,5679,90,101
1604,2,48,4370,4371,5682,1,1312
1254,4,48,3415,3563,5685,148,2270
1608,2,48,4381,4383,5688,2,1307
2051,1,48,5589,5680,5691,91,102
1257,3,48,3423,3566,5694,143,2271
1612,2,48,4392,4393,5697,1,1305
1616,2,48,4403,4404,5700,1,1297
1258,4,48,3426,3567,5703,141,2277
2055,1,48,5600,5692,5706,92,106
1620,2,48,4414,4416,5709,2,1295
1261,3,48,3434,3570,5712,136,2278
2059,1,48,5611,5704,5715,93,104
1624,2,48,4425,4426,5718,1,1293
1262,4,48,3437,3571,5721,134,2284
1628,2,48,4436,4437,5724,1,1288
2063,1,48,5622,5716,5727,94,105
1265,3,48,3445,3574,5730,129,2285
1632,2,48,4447,4449,5733,2,1286
1636,2,48,4458,4459,5736,1,1278
1266,4,48,3448,3575,5739,127,2291
2067,1,48,5633,5728,5742,95,109
1640,2,48,4468,4470,5745,2,1277
1269,3,48,3456,3578,5748,122,2292
2071,1,48,5644,5740,5751,96,107
1644,2,48,4479,4480,5754,1,1275
1270,4,48,3459,3579,5757,120,2298
1648,2,48,4490,4491,5760,1,1270
2075,1,48,5655,5752,5763,97,108
1273,3,48,3467,3582,5766,115,2299
1652,2,48,4501,4503,5769,2,1268
1656,2,48,4512,4513,5772,1,1260
1274,4,48,3470,3583,5775,113,2305
2079,1,48,5665,5764,5778,99,113
1660,2,48,4523,4524,5781,1,1258
1277,3,48,3478,3586,5784,108,2306
2083,1,48,5676,5776,5787,100,111
1664,2,48,4534,4536,5790,2,1256
1278,4,48,3481,3587,5793,106,2312
1668,2,48,4545,4546,5796,1,1251
2087,1,48,5687,5788,5799,101,112
1281,3,48,3489,3590,5802,101,2313
1672,2,48,4556,4557,5805,1,1249
1676,2,48,4567,4569,5808,2,1241
1282,4,48,3492,3591,5811,99,2319
2091,1,48,5698,5800,5814,102,116
1680,2,48,4578,4579,5817,1,1239
1285,3,48,3500,3594,5820,94,2320
2095,1,48,5709,5812,5823,103,114
1684,2,48,4588,4590,5826,2,1238
1286,4,48,3503,3595,5829,92,2326
1688,2,48,4599,4600,5832,1,1233
2099,1,48,5720,5824,5835,104,115
1289,3,48,3510,3598,5838,88,2328
1692,2,48,4610,4611,5841,1,1231
1696,2,48,4621,4623,5844,2,1223
1290,4,48,3513,3599,5847,86,2334
2103,1,48,5731,5836,5850,105,119
1700,2,48,4632,4633,5853,1,1221
1293,3,48,3521,3602,5856,81,2335
2107,1,48,5742,5848,5859,106,117
1704,2,48,4643,4644,5862,1,1219
1294,4,48,3524,3603,5865,79,2341
1708,2,48,4654,4656,5868,2,1214
2111,1,48,5753,5860,5871,107,118
1297,3,48,3532,3606,5874,74,2342
1712,2,48,4665,4666,5877,1,1212
1716,2,48,4676,4677,5880,1,1204
1298,4,48,3535,3607,5883,72,2348
2115,1,48,5764,5872,5886,108,122
1720,2,48,4687,4689,5889,2,1202
1301,3,48,3543,3610,5892,67,2349
2119,1,48,5775,5884,5895,109,120
1724,2,48,4698,4699,5898,1,1200
1302,4,48,3546,3611,5901,65,2355
1728,2,48,4708,4711,5904,3,1196
2123,1,48,5785,5896,5907,111,122
1305,3,48,3554,3614,5910,60,2356
1732,2,48,4719,4723,5913,4,1194
1736,2,48,4730,4735,5916,5,1186
1306,4,48,3557,3615,5919,58,2362
2127,1,48,5796,5908,5922,112,126
1740,2,48,4741,4747,5925,6,1184
1309,3,48,3565,3618,5928,53,2363
2131,1,48,5807,5920,5931,113,124
1744,2,48,4752,4759,5934,7,1182
1310,4,48,3568,3619,5937,51,2369
1748,2,48,4763,4771,5940,8,1177
2135,1,48,5818,5932,5943,114,125
1313,3,48,3576,3622,5946,46,2370
1752,2,48,4774,4783,5949,9,1175
1756,2,48,4785,4795,5952,10,1167
1314,4,48,3579,3623,5955,44,2376
2139,1,48,5829,5944,5958,115,129
1760,2,48,4796,4807,5961,11,1165
1317,3,48,3587,3626,5964,39,2377
2143,1,48,5840,5956,5967,116,127
1764,2,48,4807,4819,5970,12,1163
1318,4,48,3590,3627,5973,37,2383
1768,2,48,4818,4831,5976,13,1158
2147,1,48,5851,5968,5979,117,128
1321,3,48,3598,3630,5982,32,2384
1772,2,48,4828,4843,5985,15,1157
1776,2,48,4839,4855,5988,16,1149
1322,4,48,3601,3631,5991,30,2390
2151,1,48,5862,5980,5994,118,132
1780,2,48,4850,4867,5997,17,1147
1325,3,48,3609,3634,6000,25,2391
2155,1,48,5873,5992,6003,119,130
1784,2,48,4861,4879,6006,18,1145
1326,4,48,3612,3635,6009,23,2397
1788,2,48,4872,4891,6012,19,1140
2159,1,48,5884,6004,6015,120,131
1329,3,48,3620,3638,6018,18,2398
1792,2,48,4883,4903,6021,20,1138
1796,2,48,4894,4915,6024,21,1130
1330,4,48,3623,3639,6027,16,2404
2163,1,48,5895,6016,6030,121,135
1800,2,48,4905,4927,6033,22,1128
1333,3,48,3630,3642,6036,12,2406
2167,1,48,5905,6028,6039,123,134
1804,2,48,4916,4939,6042,23,1126
1334,4,48,3633,3643,6045,10,2412
1808,2,48,4927,4951,6048,24,1121
2171,1,48,5916,6040,6051,124,135
1337,3,48,3641,3646,6054,5,2413
1812,2,48,4938,4963,6057,25,1119
1816,2,48,4948,4975,6060,27,1112
1338,4,48,3644,3647,6063,3,2419
2175,1,48,5927,6052,6066,125,139
1820,2,48,4959,4987,6069,28,1110
1341,3,48,3652,3653,6072,1,2420
2179,1,48,5938,6064,6075,126,137
1824,2,48,4970,4999,6078,29,1108
1342,4,48,3655,3657,6081,2,2426
1828,2,48,4981,5011,6084,30,1103
2183,1,48,5949,6076,6087,127,138
1345,3,48,3663,3664,6090,1,2427
1832,2,48,4992,5023,6093,31,1101
1836,2,48,5003,5035,6096,32,1093
1346,4,48,3666,3667,6099,1,2433
2187,1,48,5960,6088,6102,128,142
1840,2,48,5014,5047,6105,33,1091
1349,3,48,3674,3675,6108,1,2434
2191,1,48,5971,6100,6111,129,140
1844,2,48,5025,5059,6114,34,1089
1350,4,48,3677,3679,6117,2,2440
1848,2,48,5036,5071,6120,35,1084
2195,1,48,5982,6112,6123,130,141
1353,3,48,3685,3687,6126,2,2441
1852,2,48,5047,5083,6129,36,1082
1856,2,48,5058,5095,6132,37,1074
1354,4,48,3688,3689,6135,1,2447
2199,1,48,5993,6124,6138,131,145
1860,2,48,5068,5107,6141,39,1073
1357,3,48,3696,3697,6144,1,2448
2203,1,48,6004,6136,6147,132,143
1864,2,48,5079,5119,6150,40,1071
1358,4,48,3699,3700,6153,1,2454
1868,2,48,5090,5131,6156,41,1066
2207,1,48,6015,6148,6159,133,144
1361,3,48,3707,3708,6162,1,2455
1872,2,48,5101,5143,6165,42,1064
1876,2,48,5112,5155,6168,43,1056
1362,4,48,3710,3712,6171,2,2461
2211,1,48,6025,6160,6174,135,149
1880,2,48,5123,5167,6177,44,1054
1365,3,48,3718,3720,6180,2,2462
2215,1,48,6036,6172,6183,136,147
1884,2,48,5134,5179,6186,45,1052
1366,4,48,3721,3722,6189,1,2468
1888,2,48,5145,5191,6192,46,1047
2219,1,48,6047,6184,6195,137,148
1369,3,48,3729,3730,6198,1,2469
1892,2,48,5156,5203,6201,47,1045
1896,2,48,5167,5215,6204,48,1037
1370,4,48,3732,3733,6207,1,2475
2223,1,48,6058,6196,6210,138,152
1900,2,48,5178,5227,6213,49,1035
1373,3,48,3740,3741,6216,1,2476
2227,1,48,6069,6208,6219,139,150
1904,2,48,5188,5239,6222,51,1034
1374,4,48,3743,3745,6225,2,2482
1908,2,48,5199,5251,6228,52,1029
2231,1,48,6080,6220,6231,140,151
1377,3,48,3750,3751,6234,1,2484
1912,2,48,5210,5263,6237,53,1027
1916,2,48,5221,5275,6240,54,1019
1378,4,48,3753,3754,6243,1,2490
2235,1,48,6091,6232,6246,141,155
1920,2,48,5232,5287,6249,55,1017
1381,3,48,3761,3762,6252,1,2491
2239,1,48,6102,6244,6255,142,153
1924,2,48,5243,5299,6258,56,1015
1382,4,48,3764,3766,6261,2,2497
1928,2,48,5254,5311,6264,57,1010
2243,1,48,6113,6256,6267,143,154
1385,3,48,3772,3774,6270,2,2498
1932,2,48,5265,5323,6273,58,1008
1936,2,48,5276,5335,6276,59,1000
1386,4,48,3775,3776,6279,1,2504
2247,1,48,6124,6268,6282,144,158
1940,2,48,5287,5347,6285,60,998
1389,3,48,3783,3784,6288,1,2505
2251,1,48,6135,6280,6291,145,156
1944,2,48,5298,5359,6294,61,996
1390,4,48,3786,3787,6297,1,2511
1948,2,48,5308,5371,6300,63,992
2255,1,48,6145,6292,6303,147,158
1393,3,48,3794,3795,6306,1,2512
1952,2,48,5319,5383,6309,64,990
1956,2,48,5330,5395,6312,65,982
1394,4,48,3797,3799,6315,2,2518
2259,1,48,6156,6304,6318,148,162
1960,2,48,5341,5407,6321,66,980
1397,3,48,3805,3807,6324,2,2519
2263,1,48,6167,6316,6327,149,160
1964,2,48,5352,5419,6330,67,978
1398,4,48,3808,3809,6333,1,2525
1968,2,48,5363,5431,6336,68,973
2267,1,48,6178,6328,6339,150,161
1401,3,48,3816,3817,6342,1,2526
1972,2,48,5374,5443,6345,69,971
1976,2,48,5385,5455,6348,70,963
1402,4,48,3819,3820,6351,1,2532
2271,1,48,6189,6340,6354,151,165
1980,2,48,5396,5467,6357,71,961
1405,3,48,3827,3828,6360,1,2533
2275,1,48,6200,6352,6363,152,163
1984,2,48,5407,5479,6366,72,959
1406,4,48,3830,3832,6369,2,2539
1988,2,48,5418,5491,6372,73,954
2279,1,48,6211,6364,6375,153,164
1409,3,48,3838,3840,6378,2,2540
1992,2,48,5428,5503,6381,75,953
1996,2,48,5439,5515,6384,76,945
1410,4,48,3841,3842,6387,1,2546
2283,1,48,6222,6376,6390,154,168
2000,2,48,5450,5527,6393,77,943
1413,3,48,3849,3850,6396,1,2547
2287,1,48,6233,6388,6399,155,166
2004,2,48,5461,5539,6402,78,941
1414,4,48,3852,3853,6405,1,2553
2008,2,48,5472,5551,6408,79,936
2291,1,48,6244,6400,6411,156,167
1417,3,48,3860,3861,6414,1,2554
2012,2,48,5483,5563,6417,80,934
2016,2,48,5494,5575,6420,81,926
1418,4,48,3863,3865,6423,2,2560
2295,1,48,6255,6412,6426,157,171
2020,2,48,5505,5587,6429,82,924
1421,3,48,3870,3871,6432,1,2562
2299,1,48,6265,6424,6435,159,170
2024,2,48,5516,5599,6438,83,922
1422,4,48,3873,3874,6441,1,2568
2028,2,48,5527,5611,6444,84,917
2303,1,48,6276,6436,6447,160,171
1425,3,48,3881,3882,6450,1,2569
2032,2,48,5538,5623,6453,85,915
2036,2,48,5548,5635,6456,87,908
1426,4,48,3884,3886,6459,2,2575
2307,1,48,6287,6448,6462,161,175
2040,2,48,5559,5647,6465,88,906
1429,3,48,3892,3894,6468,2,2576
2311,1,48,6298,6460,6471,162,173
2044,2,48,5570,5659,6474,89,904
1430,4,48,3895,3896,6477,1,2582
2048,2,48,5581,5671,6480,90,899
2315,1,48,6309,6472,6483,163,174
1433,3,48,3903,3904,6486,1,2583
2052,2,48,5592,5683,6489,91,897
2056,2,48,5603,5695,6492,92,889
1434,4,48,3906,3907,6495,1,2589
2319,1,48,6320,6484,6498,164,178
2060,2,48,5614,5707,6501,93,887
1437,3,48,3914,3915,6504,1,2590
2323,1,48,6331,6496,6507,165,176
2064,2,48,5625,5719,6510,94,885
1438,4,48,3917,3919,6513,2,2596
2068,2,48,5636,5731,6516,95,880
2327,1,48,6342,6508,6519,166,177
1441,3,48,3925,3927,6522,2,2597
2072,2,48,5647,5743,6525,96,878
2076,2,48,5658,5755,6528,97,870
1442,4,48,3928,3929,6531,1,2603
2331,1,48,6353,6520,6534,167,181
2080,2,48,5668,5767,6537,99,869
1445,3,48,3936,3937,6540,1,2604
2335,1,48,6364,6532,6543,168,179
2084,2,48,5679,5779,6546,100,867
1446,4,48,3939,3940,6549,1,2610
2088,2,48,5690,5791,6552,101,862
2339,1,48,6375,6544,6555,169,180
1449,3,48,3947,3948,6558,1,2611
2092,2,48,5701,5803,6561,102,860
2096,2,48,5712,5815,6564,103,852
1450,4,48,3950,3952,6567,2,2617
2343,1,48,6385,6556,6570,171,185
2100,2,48,5723,5827,6573,104,850
1453,3,48,3958,3960,6576,2,2618
2347,1,48,6396,6568,6579,172,183
2104,2,48,5734,5839,6582,105,848
1454,4,48,3961,3962,6585,1,2624
2108,2,48,5745,5851,6588,106,843
2351,1,48,6407,6580,6591,173,184
1457,3,48,3969,3970,6594,1,2625
2112,2,48,5756,5863,6597,107,841
2116,2,48,5767,5875,6600,108,833
1458,4,48,3972,3973,6603,1,2631
2355,1,48,6418,6592,6606,174,188
2120,2,48,5778,5887,6609,109,831
1461,3,48,3980,3981,6612,1,2632
2359,1,48,6429,6604,6615,175,186
2124,2,48,5788,5899,6618,111,830
1462,4,48,3983,3985,6621,2,2638
2128,2,48,5799,5911,6624,112,825
2363,1,48,6440,6616,6627,176,187
1465,3,48,3990,3991,6630,1,2640
2132,2,48,5810,5923,6633,113,823
2136,2,48,5821,5935,6636,114,815
1466,4,48,3993,3994,6639,1,2646
2367,1,48,6451,6628,6642,177,191
2140,2,48,5832,5947,6645,115,813
1469,3,48,4001,4002,6648,1,2647
2371,1,48,6462,6640,6651,178,189
2144,2,48,5843,5959,6654,116,811
1470,4,48,4004,4006,6657,2,2653
2148,2,48,5854,5971,6660,117,806
2375,1,48,6473,6652,6663,179,190
1473,3,48,4012,4014,6666,2,2654
2152,2,48,5865,5983,6669,118,804
2156,2,48,5876,5995,6672,119,796
1474,4,48,4015,4016,6675,1,2660
2379,1,48,6484,6664,6678,180,194
2160,2,48,5887,6007,6681,120,794
1477,3,48,4023,4024,6684,1,2661
2383,1,48,6495,6676,6687,181,192
2164,2,48,5898,6019,6690,121,792
1478,4,48,4026,4027,6693,1,2667
2168,2,48,5908,6031,6696,123,788
2387,1,48,6505,6688,6699,183,194
1481,3,48,4034,4035,6702,1,2668
2172,2,48,5919,6043,6705,124,786
2176,2,48,5930,6055,6708,125,778
1482,4,48,4037,4039,6711,2,2674
2391,1,48,6516,6700,6714,184,198
2180,2,48,5941,6067,6717,126,776
1485,3,48,4045,4047,6720,2,2675
2395,1,48,6527,6712,6723,185,196
2184,2,48,5952,6079,6726,127,774
1486,4,48,4048,4049,6729,1,2681
2188,2,48,5963,6091,6732,128,769
2399,1,48,6538,6724,6735,186,197
1489,3,48,4056,4057,6738,1,2682
2192,2,48,5974,6103,6741,129,767
2196,2,48,5985,6115,6744,130,759
1490,4,48,4059,4060,6747,1,2688
2403,1,48,6549,6736,6750,187,201
2200,2,48,5996,6127,6753,131,757
1493,3,48,4067,4068,6756,1,2689
2407,1,48,6560,6748,6759,188,199
2204,2,48,6007,6139,6762,132,755
1494,4,48,4070,4072,6765,2,2695
2208,2,48,6018,6151,6768,133,750
2411,1,48,6571,6760,6771,189,200
1497,3,48,4078,4080,6774,2,2696
2212,2,48,6028,6163,6777,135,749
2216,2,48,6039,6175,6780,136,741
1498,4,48,4081,4082,6783,1,2702
2415,1,48,6582,6772,6786,190,204
2220,2,48,6050,6187,6789,137,739
1501,3,48,4089,4090,6792,1,2703
2419,1,48,6593,6784,6795,191,202
2224,2,48,6061,6199,6798,138,737
1502,4,48,4092,4093,6801,1,2709
2228,2,48,6072,6211,6804,139,732
2423,1,48,6604,6796,6807,192,203
1505,3,48,4100,4101,6810,1,2710
2232,2,48,6083,6223,6813,140,730
2236,2,48,6094,6235,6816,141,722
1506,4,48,4103,4105,6819,2,2716
2427,1,48,6615,6808,6822,193,207
2240,2,48,6105,6247,6825,142,720
1509,3,48,4110,4111,6828,1,2718
2431,1,48,6625,6820,6831,195,206
2244,2,48,6116,6259,6834,143,718
1510,4,48,4113,4114,6837,1,2724
2248,2,48,6127,6271,6840,144,713
2435,1,48,6636,6832,6843,196,207
1513,3,48,4121,4122,6846,1,2725
2252,2,48,6138,6283,6849,145,711
2256,2,48,6148,6295,6852,147,704
1514,4,48,4124,4126,6855,2,2731
2439,1,48,6647,6844,6858,197,211
2260,2,48,6159,6307,6861,148,702
1517,3,48,4132,4134,6864,2,2732
2443,1,48,6658,6856,6867,198,209
2264,2,48,6170,6319,6870,149,700
1518,4,48,4135,4136,6873,1,2738
2268,2,48,6181,6331,6876,150,695
2447,1,48,6669,6868,6879,199,210
1521,3,48,4143,4144,6882,1,2739
2272,2,48,6192,6343,6885,151,693
2276,2,48,6203,6355,6888,152,685
1522,4,48,4146,4147,6891,1,2745
2451,1,48,6680,6880,6894,200,214
2280,2,48,6214,6367,6897,153,683
1525,3,48,4154,4155,6900,1,2746
2455,1,48,6691,6892,6903,201,212
2284,2,48,6225,6379,6906,154,681
1526,4,48,4157,4159,6909,2,2752
2288,2,48,6236,6391,6912,155,676
2459,1,48,6702,6904,6915,202,213
1529,3,48,4165,4167,6918,2,2753
2292,2,48,6247,6403,6921,156,674
2296,2,48,6258,6415,6924,157,666
1530,4,48,4168,4169,6927,1,2759
2463,1,48,6713,6916,6930,203,217
2300,2,48,6268,6427,6933,159,665
1533,3,48,4176,4177,6936,1,2760
2467,1,48,6724,6928,6939,204,215
2304,2,48,6279,6439,6942,160,663
1534,4,48,4179,4180,6945,1,2766
2308,2,48,6290,6451,6948,161,658
2471,1,48,6735,6940,6951,205,216
1537,3,48,4187,4188,6954,1,2767
2312,2,48,6301,6463,6957,162,656
2316,2,48,6312,6475,6960,163,648
1538,4,48,4190,4192,6963,2,2773
2475,1,48,6745,6952,6966,207,221
2320,2,48,6323,6487,6969,164,646
1541,3,48,4198,4200,6972,2,2774
2479,1,48,6756,6964,6975,208,219
2324,2,48,6334,6499,6978,165,644
1542,4,48,4201,4202,6981,1,2780
2328,2,48,6345,6511,6984,166,639
2483,1,48,6767,6976,6987,209,220
1545,3,48,4209,4210,6990,1,2781
2332,2,48,6356,6523,6993,167,637
2336,2,48,6367,6535,6996,168,629
1546,4,48,4212,4213,6999,1,2787
2487,1,48,6778,6988,7002,210,224
2340,2,48,6378,6547,7005,169,627
1549,3,48,4220,4221,7008,1,2788
2491,1,48,6789,7000,7011,211,222
2344,2,48,6388,6559,7014,171,626
1550,4,48,4223,4225,7017,2,2794
2348,2,48,6399,6571,7020,172,621
2495,1,48,6800,7012,7023,212,223
1553,3,48,4230,4231,7026,1,2796
2352,2,48,6410,6583,7029,173,619
2356,2,48,6421,6595,7032,174,611
1554,4,48,4233,4234,7035,1,2802
2499,1,48,6811,7024,7038,213,227
2360,2,48,6432,6607,7041,175,609
1557,3,48,4241,4242,7044,1,2803
2503,1,48,6822,7036,7047,214,225
2364,2,48,6443,6619,7050,176,607
1558,4,48,4244,4246,7053,2,2809
2368,2,48,6454,6631,7056,177,602
2507,1,48,6833,7048,7059,215,226
1561,3,48,4252,4254,7062,2,2810
2372,2,48,6465,6643,7065,178,600
2376,2,48,6476,6655,7068,179,592
1562,4,48,4255,4256,7071,1,2816
2511,1,48,6844,7060,7074,216,230
2380,2,48,6487,6667,7077,180,590
1565,3,48,4263,4264,7080,1,2817
2515,1,48,6855,7072,7083,217,228
2384,2,48,6498,6679,7086,181,588
1566,4,48,4266,4267,7089,1,2823
2388,2,48,6508,6691,7092,183,584
2519,1,48,6865,7084,7095,219,230
1569,3,48,4274,4275,7098,1,2824
2392,2,48,6519,6703,7101,184,582
2396,2,48,6530,6715,7104,185,574
1570,4,48,4277,4279,7107,2,2830
2523,1,48,6876,7096,7110,220,234
2400,2,48,6541,6727,7113,186,572
1573,3,48,4285,4287,7116,2,2831
2527,1,48,6887,7108,7119,221,232
2404,2,48,6552,6739,7122,187,570
1574,4,48,4288,4289,7125,1,2837
2408,2,48,6563,6751,7128,188,565
2531,1,48,6898,7120,7131,222,233
1577,3,48,4296,4297,7134,1,2838
2412,2,48,6574,6763,7137,189,563
2416,2,48,6585,6775,7140,190,555
1578,4,48,4299,4300,7143,1,2844
2535,1,48,6909,7132,7146,223,237
2420,2,48,6596,6787,7149,191,553
1581,3,48,4307,4308,7152,1,2845
2539,1,48,6920,7144,7155,224,235
2424,2,48,6607,6799,7158,192,551
1582,4,48,4310,4312,7161,2,2851
2428,2,48,6618,6811,7164,193,546
2543,1,48,6931,7156,7167,225,236
1585,3,48,4318,4320,7170,2,2852
2432,2,48,6628,6823,7173,195,545
2436,2,48,6639,6835,7176,196,537
1586,4,48,4321,4322,7179,1,2858
2547,1,48,6942,7168,7182,226,240
2440,2,48,6650,6847,7185,197,535
1589,3,48,4329,4330,7188,1,2859
2551,1,48,6953,7180,7191,227,238
2444,2,48,6661,6859,7194,198,533
1590,4,48,4332,4333,7197,1,2865
2448,2,48,6672,6871,7200,199,528
2555,1,48,6964,7192,7203,228,239
1593,3,48,4340,4341,7206,1,2866
2452,2,48,6683,6883,7209,200,526
2456,2,48,6694,6895,7212,201,518
1594,4,48,4343,4345,7215,2,2872
2559,1,48,6975,7204,7218,229,243
2460,2,48,6705,6907,7221,202,516
1597,3,48,4350,4351,7224,1,2874
2563,1,48,6985,7216,7227,231,242
2464,2,48,6716,6919,7230,203,514
1598,4,48,4353,4354,7233,1,2880
2468,2,48,6727,6931,7236,204,509
2567,1,48,6996,7228,7239,232,243
1601,3,48,4361,4362,7242,1,2881
2472,2,48,6738,6943,7245,205,507
2476,2,48,6748,6955,7248,207,500
1602,4,48,4364,4366,7251,2,2887
2571,1,48,7007,7240,7254,233,247
2480,2,48,6759,6967,7257,208,498
1605,3,48,4372,4374,7260,2,2888
2575,1,48,7018,7252,7263,234,245
2484,2,48,6770,6979,7266,209,496
1606,4,48,4375,4376,7269,1,2894
2488,2,48,6781,6991,7272,210,491
2579,1,48,7029,7264,7275,235,246
1609,3,48,4383,4384,7278,1,2895
2492,2,48,6792,7003,7281,211,489
2496,2,48,6803,7015,7284,212,481
1610,4,48,4386,4387,7287,1,2901
2583,1,48,7040,7276,7290,236,250
2500,2,48,6814,7027,7293,213,479
1613,3,48,4394,4395,7296,1,2902
2587,1,48,7051,7288,7299,237,248
2504,2,48,6825,7039,7302,214,477
1614,4,48,4397,4399,7305,2,2908
2508,2,48,6836,7051,7308,215,472
2591,1,48,7062,7300,7311,238,249
1617,3,48,4405,4407,7314,2,2909
2512,2,48,6847,7063,7317,216,470
2516,2,48,6858,7075,7320,217,462
1618,4,48,4408,4409,7323,1,2915
2595,1,48,7073,7312,7326,239,253
2520,2,48,6868,7087,7329,219,461
1621,3,48,4416,4417,7332,1,2916
2599,1,48,7084,7324,7335,240,251
2524,2,48,6879,7099,7338,220,459
1622,4,48,4419,4420,7341,1,2922
2528,2,48,6890,7111,7344,221,454
2603,1,48,7095,7336,7347,241,252
1625,3,48,4427,4428,7350,1,2923
2532,2,48,6901,7123,7353,222,452
2536,2,48,6912,7135,7356,223,444
1626,4,48,4430,4432,7359,2,2929
2607,1,48,7105,7348,7362,243,257
2540,2,48,6923,7147,7365,224,442
1629,3,48,4438,4440,7368,2,2930
2611,1,48,7116,7360,7371,244,255
2544,2,48,6934,7159,7374,225,440
1630,4,48,4441,4442,7377,1,2936
2548,2,48,6945,7171,7380,226,435
2615,1,48,7127,7372,7383,245,256
1633,3,48,4449,4450,7386,1,2937
2552,2,48,6956,7183,7389,227,433
2556,2,48,6967,7195,7392,228,425
1634,4,48,4452,4453,7395,1,2943
2619,1,48,7138,7384,7398,246,260
2560,2,48,6978,7207,7401,229,423
1637,3,48,4460,4461,7404,1,2944
2623,1,48,7149,7396,7407,247,258
2564,2,48,6988,7219,7410,231,422
1638,4,48,4463,4465,7413,2,2950
2568,2,48,6999,7231,7416,232,417
2627,1,48,7160,7408,7419,248,259
1641,3,48,4470,4471,7422,1,2952
2572,2,48,7010,7243,7425,233,415
2576,2,48,7021,7255,7428,234,407
1642,4,48,4473,4474,7431,1,2958
2631,1,48,7171,7420,7434,249,263
2580,2,48,7032,7267,7437,235,405
1645,3,48,4481,4482,7440,1,2959
2635,1,48,7182,7432,7443,250,261
2584,2,48,7043,7279,7446,236,403
1646,4,48,4484,4486,7449,2,2965
2588,2,48,7054,7291,7452,237,398
2639,1,48,7193,7444,7455,251,262
1649,3,48,4492,4494,7458,2,2966
2592,2,48,7065,7303,7461,238,396
2596,2,48,7076,7315,7464,239,388
1650,4,48,4495,4496,7467,1,2972
2643,1,48,7204,7456,7470,252,266
2600,2,48,7087,7327,7473,240,386
1653,3,48,4503,4504,7476,1,2973
2647,1,48,7215,7468,7479,253,264
2604,2,48,7098,7339,7482,241,384
1654,4,48,4506,4507,7485,1,2979
2608,2,48,7108,7351,7488,243,380
2651,1,48,7225,7480,7491,255,266
1657,3,48,4514,4515,7494,1,2980
2612,2,48,7119,7363,7497,244,378
2616,2,48,7130,7375,7500,245,370
1658,4,48,4517,4519,7503,2,2986
2655,1,48,7236,7492,7506,256,270
2620,2,48,7141,7387,7509,246,368
1661,3,48,4525,4527,7512,2,2987
2659,1,48,7247,7504,7515,257,268
2624,2,48,7152,7399,7518,247,366
1662,4,48,4528,4529,7521,1,2993
2628,2,48,7163,7411,7524,248,361
2663,1,48,7258,7516,7527,258,269
1665,3,48,4536,4537,7530,1,2994
2632,2,48,7174,7423,7533,249,359
2636,2,48,7185,7435,7536,250,351
1666,4,48,4539,4540,7539,1,3000
2667,1,48,7269,7528,7542,259,273
2640,2,48,7196,7447,7545,251,349
1669,3,48,4547,4548,7548,1,3001
2671,1,48,7280,7540,7551,260,271
2644,2,48,7207,7459,7554,252,347
1670,4,48,4550,4552,7557,2,3007
2648,2,48,7218,7471,7560,253,342
2675,1,48,7291,7552,7563,261,272
1673,3,48,4558,4560,7566,2,3008
2652,2,48,7228,7483,7569,255,341
2656,2,48,7239,7495,7572,256,333
1674,4,48,4561,4562,7575,1,3014
2679,1,48,7302,7564,7578,262,276
2660,2,48,7250,7507,7581,257,331
1677,3,48,4569,4570,7584,1,3015
2683,1,48,7313,7576,7587,263,274
2664,2,48,7261,7519,7590,258,329
1678,4,48,4572,4573,7593,1,3021
2668,2,48,7272,7531,7596,259,324
2687,1,48,7324,7588,7599,264,275
1681,3,48,4580,4581,7602,1,3022
2672,2,48,7283,7543,7605,260,322
2676,2,48,7294,7555,7608,261,314
1682,4,48,4583,4585,7611,2,3028
2691,1,48,7335,7600,7614,265,279
2680,2,48,7305,7567,7617,262,312
1685,3,48,4590,4591,7620,1,3030
2695,1,48,7345,7612,7623,267,278
2684,2,48,7316,7579,7626,263,310
1686,4,48,4593,4594,7629,1,3036
2688,2,48,7327,7591,7632,264,305
2699,1,48,7356,7624,7635,268,279
1689,3,48,4601,4602,7638,1,3037
2692,2,48,7338,7603,7641,265,303
2696,2,48,7348,7615,7644,267,296
1690,4,48,4604,4606,7647,2,3043
2703,1,48,7367,7636,7650,269,283
2700,2,48,7359,7627,7653,268,294
1693,3,48,4612,4614,7656,2,3044
2707,1,48,7378,7648,7659,270,281
1694,4,48,4615,4616,7662,1,3047
2704,2,48,7370,7639,7665,269,295
2708,2,48,7381,7651,7668,270,287
1697,3,48,4623,4624,7671,1,3048
1698,4,48,4626,4627,7674,1,3048
2711,1,48,7389,7660,7677,271,288
2712,2,48,7392,7663,7680,271,288
1701,3,48,4634,4635,7683,1,3049
1702,4,48,4637,4639,7686,2,3049
2715,1,48,7400,7672,7689,272,289
2716,2,48,7403,7675,7692,272,289
1705,3,48,4645,4647,7695,2,3050
1706,4,48,4648,4649,7698,1,3050
2719,1,48,7411,7684,7701,273,290
2720,2,48,7414,7687,7704,273,290
1709,3,48,4656,4657,7707,1,3051
1710,4,48,4659,4660,7710,1,3051
2723,1,48,7422,7696,7713,274,291
2724,2,48,7425,7699,7716,274,291
1713,3,48,4667,4668,7719,1,3052
1714,4,48,4670,4672,7722,2,3052
2727,1,48,7433,7708,7725,275,292
2728,2,48,7436,7711,7728,275,292
1717,3,48,4678,4680,7731,2,3053
1718,4,48,4681,4682,7734,1,3053
2731,1,48,7444,7720,7737,276,293
2732,2,48,7447,7723,7740,276,293
1721,3,48,4689,4690,7743,1,3054
1722,4,48,4692,4693,7746,1,3054
2735,1,48,7455,7732,7749,277,294
2736,2,48,7458,7735,7752,277,294
1725,3,48,4700,4702,7755,2,3055
1726,4,48,4703,4705,7758,2,3055
2739,1,48,7465,7744,7761,279,296
2740,2,48,7468,7747,7764,279,296
1729,3,48,4710,4714,7767,4,3057
1730,4,48,4713,4717,7770,4,3057
2743,1,48,7476,7756,7773,280,297
2744,2,48,7479,7759,7776,280,297
1733,3,48,4721,4726,7779,5,3058
1734,4,48,4724,4729,7782,5,3058
2747,1,48,7487,7768,7785,281,298
2748,2,48,7490,7771,7788,281,298
1737,3,48,4732,4738,7791,6,3059
1738,4,48,4735,4741,7794,6,3059
2751,1,48,7498,7780,7797,282,299
2752,2,48,7501,7783,7800,282,299
1741,3,48,4743,4750,7803,7,3060
1742,4,48,4746,4753,7806,7,3060
2755,1,48,7509,7792,7809,283,300
2756,2,48,7512,7795,7812,283,300
1745,3,48,4754,4762,7815,8,3061
1746,4,48,4757,4765,7818,8,3061
2759,1,48,7520,7804,7821,284,301
2760,2,48,7523,7807,7824,284,301
1749,3,48,4765,4774,7827,9,3062
1750,4,48,4768,4777,7830,9,3062
2763,1,48,7531,7816,7833,285,302
2764,2,48,7534,7819,7836,285,302
1753,3,48,4776,4786,7839,10,3063
1754,4,48,4779,4789,7842,10,3063
2767,1,48,7542,7828,7845,286,303
2768,2,48,7545,7831,7848,286,303
1757,3,48,4787,4798,7851,11,3064
1758,4,48,4790,4801,7854,11,3064
2771,1,48,7553,7840,7857,287,304
2772,2,48,7556,7843,7860,287,304
1761,3,48,4798,4810,7863,12,3065
1762,4,48,4801,4813,7866,12,3065
2775,1,48,7564,7852,7869,288,305
2776,2,48,7567,7855,7872,288,305
1765,3,48,4809,4822,7875,13,3066
1766,4,48,4812,4825,7878,13,3066
2779,1,48,7575,7864,7881,289,306
2780,2,48,7578,7867,7884,289,306
1769,3,48,4820,4834,7887,14,3067
1770,4,48,4823,4837,7890,14,3067
2783,1,48,7585,7876,7893,291,308
2784,2,48,7588,7879,7896,291,308
1773,3,48,4830,4846,7899,16,3069
1774,4,48,4833,4849,7902,16,3069
2787,1,48,7596,7888,7905,292,309
2788,2,48,7599,7891,7908,292,309
1777,3,48,4841,4858,7911,17,3070
1778,4,48,4844,4861,7914,17,3070
2791,1,48,7607,7900,7917,293,310
2792,2,48,7610,7903,7920,293,310
1781,3,48,4852,4870,7923,18,3071
1782,4,48,4855,4873,7926,18,3071
2795,1,48,7618,7912,7929,294,311
2796,2,48,7621,7915,7932,294,311
1785,3,48,4863,4882,7935,19,3072
1786,4,48,4866,4885,7938,19,3072
2799,1,48,7629,7924,7941,295,312
2800,2,48,7632,7927,7944,295,312
1789,3,48,4874,4894,7947,20,3073
1790,4,48,4877,4897,7950,20,3073
2803,1,48,7640,7936,7953,296,313
2804,2,48,7643,7939,7956,296,313
1793,3,48,4885,4906,7959,21,3074
1794,4,48,4888,4909,7962,21,3074
2807,1,48,7651,7948,7965,297,314
2808,2,48,7654,7951,7968,297,314
1797,3,48,4896,4918,7971,22,3075
1798,4,48,4899,4921,7974,22,3075
2811,1,48,7662,7960,7977,298,315
2812,2,48,7665,7963,7980,298,315
1801,3,48,4907,4930,7983,23,3076
1802,4,48,4910,4933,7986,23,3076
2815,1,48,7673,7972,7989,299,316
2816,2,48,7676,7975,7992,299,316
1805,3,48,4918,4942,7995,24,3077
1806,4,48,4921,4945,7998,24,3077
2819,1,48,7684,7984,8001,300,317
2820,2,48,7687,7987,8004,300,317
1809,3,48,4929,4954,8007,25,3078
1810,4,48,4932,4957,8010,25,3078
2823,1,48,7695,7996,8013,301,318
2824,2,48,7698,7999,8016,301,318
1813,3,48,4940,4966,8019,26,3079
1814,4,48,4943,4969,8022,26,3079
2827,1,48,7705,8008,8025,303,320
2828,2,48,7708,8011,8028,303,320
1817,3,48,4950,4978,8031,28,3081
1818,4,48,4953,4981,8034,28,3081
2831,1,48,7716,8020,8037,304,321
2832,2,48,7719,8023,8040,304,321
1821,3,48,4961,4990,8043,29,3082
1822,4,48,4964,4993,8046,29,3082
2835,1,48,7727,8032,8049,305,322
2836,2,48,7730,8035,8052,305,322
1825,3,48,4972,5002,8055,30,3083
1826,4,48,4975,5005,8058,30,3083
2839,1,48,7738,8044,8061,306,323
2840,2,48,7741,8047,8064,306,323
1829,3,48,4983,5014,8067,31,3084
1830,4,48,4986,5017,8070,31,3084
2843,1,48,7749,8056,8073,307,324
2844,2,48,7752,8059,8076,307,324
1833,3,48,4994,5026,8079,32,3085
1834,4,48,4997,5029,8082,32,3085
2847,1,48,7760,8068,8085,308,325
2848,2,48,7763,8071,8088,308,325
1837,3,48,5005,5038,8091,33,3086
1838,4,48,5008,5041,8094,33,3086
2851,1,48,7771,8080,8097,309,326
2852,2,48,7774,8083,8100,309,326
1841,3,48,5016,5050,8103,34,3087
1842,4,48,5019,5053,8106,34,3087
2855,1,48,7782,8092,8109,310,327
2856,2,48,7785,8095,8112,310,327
1845,3,48,5027,5062,8115,35,3088
1846,4,48,5030,5065,8118,35,3088
2859,1,48,7793,8104,8121,311,328
2860,2,48,7796,8107,8124,311,328
1849,3,48,5038,5074,8127,36,3089
1850,4,48,5041,5077,8130,36,3089
2863,1,48,7804,8116,8133,312,329
2864,2,48,7807,8119,8136,312,329
1853,3,48,5049,5086,8139,37,3090
1854,4,48,5052,5089,8142,37,3090
2867,1,48,7815,8128,8145,313,330
2868,2,48,7818,8131,8148,313,330
1857,3,48,5060,5098,8151,38,3091
1858,4,48,5063,5101,8154,38,3091
2871,1,48,7825,8140,8157,315,332
2872,2,48,7828,8143,8160,315,332
1861,3,48,5070,5110,8163,40,3093
1862,4,48,5073,5113,8166,40,3093
2875,1,48,7836,8152,8169,316,333
2876,2,48,7839,8155,8172,316,333
1865,3,48,5081,5122,8175,41,3094
1866,4,48,5084,5125,8178,41,3094
2879,1,48,7847,8164,8181,317,334
2880,2,48,7850,8167,8184,317,334
1869,3,48,5092,5134,8187,42,3095
1870,4,48,5095,5137,8190,42,3095
2883,1,48,7858,8176,8193,318,335
2884,2,48,7861,8179,8196,318,335
1873,3,48,5103,5146,8199,43,3096
1874,4,48,5106,5149,8202,43,3096
2887,1,48,7869,8188,8205,319,336
2888,2,48,7872,8191,8208,319,336
1877,3,48,5114,5158,8211,44,3097
1878,4,48,5117,5161,8214,44,3097
2891,1,48,7880,8200,8217,320,337
2892,2,48,7883,8203,8220,320,337
1881,3,48,5125,5170,8223,45,3098
1882,4,48,5128,5173,8226,45,3098
2895,1,48,7891,8212,8229,321,338
2896,2,48,7894,8215,8232,321,338
1885,3,48,5136,5182,8235,46,3099
1886,4,48,5139,5185,8238,46,3099
2899,1,48,7902,8224,8241,322,339
2900,2,48,7905,8227,8244,322,339
1889,3,48,5147,5194,8247,47,3100
1890,4,48,5150,5197,8250,47,3100
2903,1,48,7913,8236,8253,323,340
2904,2,48,7916,8239,8256,323,340
1893,3,48,5158,5206,8259,48,3101
1894,4,48,5161,5209,8262,48,3101
2907,1,48,7924,8248,8265,324,341
2908,2,48,7927,8251,8268,324,341
1897,3,48,5169,5218,8271,49,3102
1898,4,48,5172,5221,8274,49,3102
2911,1,48,7935,8260,8277,325,342
2912,2,48,7938,8263,8280,325,342
1901,3,48,5180,5230,8283,50,3103
1902,4,48,5183,5233,8286,50,3103
2915,1,48,7945,8272,8289,327,344
2916,2,48,7948,8275,8292,327,344
1905,3,48,5190,5242,8295,52,3105
1906,4,48,5193,5245,8298,52,3105
2919,1,48,7956,8284,8301,328,345
2920,2,48,7959,8287,8304,328,345
1909,3,48,5201,5254,8307,53,3106
1910,4,48,5204,5257,8310,53,3106
2923,1,48,7967,8296,8313,329,346
2924,2,48,7970,8299,8316,329,346
1913,3,48,5212,5266,8319,54,3107
1914,4,48,5215,5269,8322,54,3107
2927,1,48,7978,8308,8325,330,347
2928,2,48,7981,8311,8328,330,347
1917,3,48,5223,5278,8331,55,3108
1918,4,48,5226,5281,8334,55,3108
2931,1,48,7989,8320,8337,331,348
2932,2,48,7992,8323,8340,331,348
1921,3,48,5234,5290,8343,56,3109
1922,4,48,5237,5293,8346,56,3109
2935,1,48,8000,8332,8349,332,349
2936,2,48,8003,8335,8352,332,349
1925,3,48,5245,5302,8355,57,3110
1926,4,48,5248,5305,8358,57,3110
2939,1,48,8011,8344,8361,333,350
2940,2,48,8014,8347,8364,333,350
1929,3,48,5256,5314,8367,58,3111
1930,4,48,5259,5317,8370,58,3111
2943,1,48,8022,8356,8373,334,351
2944,2,48,8025,8359,8376,334,351
1933,3,48,5267,5326,8379,59,3112
1934,4,48,5270,5329,8382,59,3112
2947,1,48,8033,8368,8385,335,352
2948,2,48,8036,8371,8388,335,352
1937,3,48,5278,5338,8391,60,3113
1938,4,48,5281,5341,8394,60,3113
2951,1,48,8044,8380,8397,336,353
2952,2,48,8047,8383,8400,336,353
1941,3,48,5289,5350,8403,61,3114
1942,4,48,5292,5353,8406,61,3114
2955,1,48,8055,8392,8409,337,354
2956,2,48,8058,8395,8412,337,354
1945,3,48,5300,5362,8415,62,3115
1946,4,48,5303,5365,8418,62,3115
2959,1,48,8065,8404,8421,339,356
2960,2,48,8068,8407,8424,339,356
1949,3,48,5310,5374,8427,64,3117
1950,4,48,5313,5377,8430,64,3117
2963,1,48,8076,8416,8433,340,357
2964,2,48,8079,8419,8436,340,357
1953,3,48,5321,5386,8439,65,3118
1954,4,48,5324,5389,8442,65,3118
2967,1,48,8087,8428,8445,341,358
2968,2,48,8090,8431,8448,341,358
1957,3,48,5332,5398,8451,66,3119
1958,4,48,5335,5401,8454,66,3119
2971,1,48,8098,8440,8457,342,359
2972,2,48,8101,8443,8460,342,359
1961,3,48,5343,5410,8463,67,3120
1962,4,48,5346,5413,8466,67,3120
2975,1,48,8109,8452,8469,343,360
2976,2,48,8112,8455,8472,343,360
1965,3,48,5354,5422,8475,68,3121
1966,4,48,5357,5425,8478,68,3121
2979,1,48,8120,8464,8481,344,361
2980,2,48,8123,8467,8484,344,361
1969,3,48,5365,5434,8487,69,3122
1970,4,48,5368,5437,8490,69,3122
2983,1,48,8131,8476,8493,345,362
2984,2,48,8134,8479,8496,345,362
1973,3,48,5376,5446,8499,70,3123
1974,4,48,5379,5449,8502,70,3123
2987,1,48,8142,8488,8505,346,363
2988,2,48,8145,8491,8508,346,363
1977,3,48,5387,5458,8511,71,3124
1978,4,48,5390,5461,8514,71,3124
2991,1,48,8153,8500,8517,347,364
2992,2,48,8156,8503,8520,347,364
1981,3,48,5398,5470,8523,72,3125
1982,4,48,5401,5473,8526,72,3125
2995,1,48,8164,8512,8529,348,365
2996,2,48,8167,8515,8532,348,365
1985,3,48,5409,5482,8535,73,3126
1986,4,48,5412,5485,8538,73,3126
2999,1,48,8175,8524,8541,349,366
3000,2,48,8178,8527,8544,349,366
1989,3,48,5420,5494,8547,74,3127
1990,4,48,5423,5497,8550,74,3127
3003,1,48,8185,8536,8553,351,368
3004,2,48,8188,8539,8556,351,368
1993,3,48,5430,5506,8559,76,3129
1994,4,48,5433,5509,8562,76,3129
3007,1,48,8196,8548,8565,352,369
3008,2,48,8199,8551,8568,352,369
1997,3,48,5441,5518,8571,77,3130
1998,4,48,5444,5521,8574,77,3130
3011,1,48,8207,8560,8577,353,370
3012,2,48,8210,8563,8580,353,370
2001,3,48,5452,5530,8583,78,3131
2002,4,48,5455,5533,8586,78,3131
3015,1,48,8218,8572,8589,354,371
3016,2,48,8221,8575,8592,354,371
2005,3,48,5463,5542,8595,79,3132
2006,4,48,5466,5545,8598,79,3132
3019,1,48,8229,8584,8601,355,372
3020,2,48,8232,8587,8604,355,372
2009,3,48,5474,5554,8607,80,3133
2010,4,48,5477,5557,8610,80,3133
3023,1,48,8240,8596,8613,356,373
3024,2,48,8243,8599,8616,356,373
2013,3,48,5485,5566,8619,81,3134
2014,4,48,5488,5569,8622,81,3134
3027,1,48,8251,8608,8625,357,374
3028,2,48,8254,8611,8628,357,374
2017,3,48,5496,5578,8631,82,3135
2018,4,48,5499,5581,8634,82,3135
3031,1,48,8262,8620,8637,358,375
3032,2,48,8265,8623,8640,358,375
2021,3,48,5507,5590,8643,83,3136
2022,4,48,5510,5593,8646,83,3136
3035,1,48,8273,8632,8649,359,376
3036,2,48,8276,8635,8652,359,376
2025,3,48,5518,5602,8655,84,3137
2026,4,48,5521,5605,8658,84,3137
3039,1,48,8284,8644,8661,360,377
3040,2,48,8287,8647,8664,360,377
2029,3,48,5529,5614,8667,85,3138
2030,4,48,5532,5617,8670,85,3138
3043,1,48,8295,8656,8673,361,378
3044,2,48,8298,8659,8676,361,378
2033,3,48,5540,5626,8679,86,3139
2034,4,48,5543,5629,8682,86,3139
3047,1,48,8305,8668,8685,363,380
3048,2,48,8308,8671,8688,363,380
2037,3,48,5550,5638,8691,88,3141
2038,4,48,5553,5641,8694,88,3141
3051,1,48,8316,8680,8697,364,381
3052,2,48,8319,8683,8700,364,381
2041,3,48,5561,5650,8703,89,3142
2042,4,48,5564,5653,8706,89,3142
3055,1,48,8327,8692,8709,365,382
3056,2,48,8330,8695,8712,365,382
2045,3,48,5572,5662,8715,90,3143
2046,4,48,5575,5665,8718,90,3143
3059,1,48,8338,8704,8721,366,383
3060,2,48,8341,8707,8724,366,383
2049,3,48,5583,5674,8727,91,3144
2050,4,48,5586,5677,8730,91,3144
3063,1,48,8349,8716,8733,367,384
3064,2,48,8352,8719,8736,367,384
2053,3,48,5594,5686,8739,92,3145
2054,4,48,5597,5689,8742,92,3145
3067,1,48,8360,8728,8745,368,385
3068,2,48,8363,8731,8748,368,385
2057,3,48,5605,5698,8751,93,3146
2058,4,48,5608,5701,8754,93,3146
3071,1,48,8371,8740,8757,369,386
3072,2,48,8374,8743,8760,369,386
2061,3,48,5616,5710,8763,94,3147
2062,4,48,5619,5713,8766,94,3147
3075,1,48,8382,8752,8769,370,387
3076,2,48,8385,8755,8772,370,387
2065,3,48,5627,5722,8775,95,3148
2066,4,48,5630,5725,8778,95,3148
3079,1,48,8393,8764,8781,371,388
3080,2,48,8396,8767,8784,371,388
2069,3,48,5638,5734,8787,96,3149
2070,4,48,5641,5737,8790,96,3149
3083,1,48,8404,8776,8793,372,389
3084,2,48,8407,8779,8796,372,389
2073,3,48,5649,5746,8799,97,3150
2074,4,48,5652,5749,8802,97,3150
3087,1,48,8415,8788,8805,373,390
3088,2,48,8418,8791,8808,373,390
2077,3,48,5660,5758,8811,98,3151
2078,4,48,5663,5761,8814,98,3151
3091,1,48,8425,8800,8817,375,392
3092,2,48,8428,8803,8820,375,392
2081,3,48,5670,5770,8823,100,3153
2082,4,48,5673,5773,8826,100,3153
3095,1,48,8436,8812,8829,376,393
3096,2,48,8439,8815,8832,376,393
2085,3,48,5681,5782,8835,101,3154
2086,4,48,5684,5785,8838,101,3154
3099,1,48,8447,8824,8841,377,394
3100,2,48,8450,8827,8844,377,394
2089,3,48,5692,5794,8847,102,3155
2090,4,48,5695,5797,8850,102,3155
3103,1,48,8458,8836,8853,378,395
3104,2,48,8461,8839,8856,378,395
2093,3,48,5703,5806,8859,103,3156
2094,4,48,5706,5809,8862,103,3156
3107,1,48,8469,8848,8865,379,396
3108,2,48,8472,8851,8868,379,396
2097,3,48,5714,5818,8871,104,3157
2098,4,48,5717,5821,8874,104,3157
3111,1,48,8480,8860,8877,380,397
3112,2,48,8483,8863,8880,380,397
2101,3,48,5725,5830,8883,105,3158
2102,4,48,5728,5833,8886,105,3158
3115,1,48,8491,8872,8889,381,398
3116,2,48,8494,8875,8892,381,398
2105,3,48,5736,5842,8895,106,3159
2106,4,48,5739,5845,8898,106,3159
3119,1,48,8502,8884,8901,382,399
3120,2,48,8505,8887,8904,382,399
2109,3,48,5747,5854,8907,107,3160
2110,4,48,5750,5857,8910,107,3160
3123,1,48,8513,8896,8913,383,400
3124,2,48,8516,8899,8916,383,400
2113,3,48,5758,5866,8919,108,3161
2114,4,48,5761,5869,8922,108,3161
3127,1,48,8524,8908,8925,384,401
3128,2,48,8527,8911,8928,384,401
2117,3,48,5769,5878,8931,109,3162
2118,4,48,5772,5881,8934,109,3162
3131,1,48,8535,8920,8937,385,402
3132,2,48,8538,8923,8940,385,402
2121,3,48,5780,5890,8943,110,3163
2122,4,48,5783,5893,8946,110,3163
3135,1,48,8545,8932,8949,387,404
3136,2,48,8548,8935,8952,387,404
2125,3,48,5790,5902,8955,112,3165
2126,4,48,5793,5905,8958,112,3165
3139,1,48,8556,8944,8961,388,405
3140,2,48,8559,8947,8964,388,405
2129,3,48,5801,5914,8967,113,3166
2130,4,48,5804,5917,8970,113,3166
3143,1,48,8567,8956,8973,389,406
3144,2,48,8570,8959,8976,389,406
2133,3,48,5812,5926,8979,114,3167
2134,4,48,5815,5929,8982,114,3167
3147,1,48,8578,8968,8985,390,407
3148,2,48,8581,8971,8988,390,407
2137,3,48,5823,5938,8991,115,3168
2138,4,48,5826,5941,8994,115,3168
3151,1,48,8589,8980,8997,391,408
3152,2,48,8592,8983,9000,391,408
2141,3,48,5834,5950,9003,116,3169
2142,4,48,5837,5953,9006,116,3169
3155,1,48,8600,8992,9009,392,409
3156,2,48,8603,8995,9012,392,409
2145,3,48,5845,5962,9015,117,3170
2146,4,48,5848,5965,9018,117,3170
3159,1,48,8611,9004,9021,393,410
3160,2,48,8614,9007,9024,393,410
2149,3,48,5856,5974,9027,118,3171
2150,4,48,5859,5977,9030,118,3171
3163,1,48,8622,9016,9033,394,411
3164,2,48,8625,9019,9036,394,411
2153,3,48,5867,5986,9039,119,3172
2154,4,48,5870,5989,9042,119,3172
3167,1,48,8633,9028,9045,395,412
3168,2,48,8636,9031,9048,395,412
2157,3,48,5878,5998,9051,120,3173
2158,4,48,5881,6001,9054,120,3173
3171,1,48,8644,9040,9057,396,413
3172,2,48,8647,9043,9060,396,413
2161,3,48,5889,6010,9063,121,3174
2162,4,48,5892,6013,9066,121,3174
3175,1,48,8655,9052,9069,397,414
3176,2,48,8658,9055,9072,397,414
2165,3,48,5900,6022,9075,122,3175
2166,4,48,5903,6025,9078,122,3175
3179,1,48,8665,9064,9081,399,416
3180,2,48,8668,9067,9084,399,416
2169,3,48,5910,6034,9087,124,3177
2170,4,48,5913,6037,9090,124,3177
3183,1,48,8676,9076,9093,400,417
3184,2,48,8679,9079,9096,400,417
2173,3,48,5921,6046,9099,125,3178
2174,4,48,5924,6049,9102,125,3178
3187,1,48,8687,9088,9105,401,418
3188,2,48,8690,9091,9108,401,418
2177,3,48,5932,6058,9111,126,3179
2178,4,48,5935,6061,9114,126,3179
3191,1,48,8698,9100,9117,402,419
3192,2,48,8701,9103,9120,402,419
2181,3,48,5943,6070,9123,127,3180
2182,4,48,5946,6073,9126,127,3180
3195,1,48,8709,9112,9129,403,420
3196,2,48,8712,9115,9132,403,420
2185,3,48,5954,6082,9135,128,3181
2186,4,48,5957,6085,9138,128,3181
3199,1,48,8720,9124,9141,404,421
3200,2,48,8723,9127,9144,404,421
2189,3,48,5965,6094,9147,129,3182
2190,4,48,5968,6097,9150,129,3182
3203,1,48,8731,9136,9153,405,422
3204,2,48,8734,9139,9156,405,422
2193,3,48,5976,6106,9159,130,3183
2194,4,48,5979,6109,9162,130,3183
3207,1,48,8742,9148,9165,406,423
3208,2,48,8745,9151,9168,406,423
2197,3,48,5987,6118,9171,131,3184
2198,4,48,5990,6121,9174,131,3184
3211,1,48,8753,9160,9177,407,424
3212,2,48,8756,9163,9180,407,424
2201,3,48,5998,6130,9183,132,3185
2202,4,48,6001,6133,9186,132,3185
3215,1,48,8764,9172,9189,408,425
3216,2,48,8767,9175,9192,408,425
2205,3,48,6009,6142,9195,133,3186
2206,4,48,6012,6145,9198,133,3186
3219,1,48,8775,9184,9201,409,426
3220,2,48,8778,9187,9204,409,426
2209,3,48,6020,6154,9207,134,3187
2210,4,48,6023,6157,9210,134,3187
3223,1,48,8785,9196,9213,411,428
3224,2,48,8788,9199,9216,411,428
2213,3,48,6030,6166,9219,136,3189
2214,4,48,6033,6169,9222,136,3189
3227,1,48,8796,9208,9225,412,429
3228,2,48,8799,9211,9228,412,429
2217,3,48,6041,6178,9231,137,3190
2218,4,48,6044,6181,9234,137,3190
3231,1,48,8807,9220,9237,413,430
3232,2,48,8810,9223,9240,413,430
2221,3,48,6052,6190,9243,138,3191
2222,4,48,6055,6193,9246,138,3191
3235,1,48,8818,9232,9249,414,431
3236,2,48,8821,9235,9252,414,431
2225,3,48,6063,6202,9255,139,3192
2226,4,48,6066,6205,9258,139,3192
3239,1,48,8829,9244,9261,415,432
3240,2,48,8832,9247,9264,415,432
2229,3,48,6074,6214,9267,140,3193
2230,4,48,6077,6217,9270,140,3193
3243,1,48,8840,9256,9273,416,433
3244,2,48,8843,9259,9276,416,433
2233,3,48,6085,6226,9279,141,3194
2234,4,48,6088,6229,9282,141,3194
3247,1,48,8851,9268,9285,417,434
3248,2,48,8854,9271,9288,417,434
2237,3,48,6096,6238,9291,142,3195
2238,4,48,6099,6241,9294,142,3195
3251,1,48,8862,9280,9297,418,435
3252,2,48,8865,9283,9300,418,435
2241,3,48,6107,6250,9303,143,3196
2242,4,48,6110,6253,9306,143,3196
3255,1,48,8873,9292,9309,419,436
3256,2,48,8876,9295,9312,419,436
2245,3,48,6118,6262,9315,144,3197
2246,4,48,6121,6265,9318,144,3197
3259,1,48,8884,9304,9321,420,437
3260,2,48,8887,9307,9324,420,437
2249,3,48,6129,6274,9327,145,3198
2250,4,48,6132,6277,9330,145,3198
3263,1,48,8895,9316,9333,421,438
3264,2,48,8898,9319,9336,421,438
2253,3,48,6140,6286,9339,146,3199
2254,4,48,6143,6289,9342,146,3199
3267,1,48,8905,9328,9345,423,440
3268,2,48,8908,9331,9348,423,440
2257,3,48,6150,6298,9351,148,3201
2258,4,48,6153,6301,9354,148,3201
3271,1,48,8916,9340,9357,424,441
3272,2,48,8919,9343,9360,424,441
2261,3,48,6161,6310,9363,149,3202
2262,4,48,6164,6313,9366,149,3202
3275,1,48,8927,9352,9369,425,442
3276,2,48,8930,9355,9372,425,442
2265,3,48,6172,6322,9375,150,3203
2266,4,48,6175,6325,9378,150,3203
3279,1,48,8938,9364,9381,426,443
3280,2,48,8941,9367,9384,426,443
2269,3,48,6183,6334,9387,151,3204
2270,4,48,6186,6337,9390,151,3204
3283,1,48,8949,9376,9393,427,444
3284,2,48,8952,9379,9396,427,444
2273,3,48,6194,6346,9399,152,3205
2274,4,48,6197,6349,9402,152,3205
3287,1,48,8960,9388,9405,428,445
3288,2,48,8963,9391,9408,428,445
2277,3,48,6205,6358,9411,153,3206
2278,4,48,6208,6361,9414,153,3206
3291,1,48,8971,9400,9417,429,446
3292,2,48,8974,9403,9420,429,446
2281,3,48,6216,6370,9423,154,3207
2282,4,48,6219,6373,9426,154,3207
3295,1,48,8982,9412,9429,430,447
3296,2,48,8985,9415,9432,430,447
2285,3,48,6227,6382,9435,155,3208
2286,4,48,6230,6385,9438,155,3208
3299,1,48,8993,9424,9441,431,448
3300,2,48,8996,9427,9444,431,448
2289,3,48,6238,6394,9447,156,3209
2290,4,48,6241,6397,9450,156,3209
3303,1,48,9004,9436,9453,432,449
3304,2,48,9007,9439,9456,432,449
2293,3,48,6249,6406,9459,157,3210
2294,4,48,6252,6409,9462,157,3210
3307,1,48,9015,9448,9465,433,450
3308,2,48,9018,9451,9468,433,450
2297,3,48,6260,6418,9471,158,3211
2298,4,48,6263,6421,9474,158,3211
3311,1,48,9025,9460,9477,435,452
3312,2,48,9028,9463,9480,435,452
2301,3,48,6270,6430,9483,160,3213
2302,4,48,6273,6433,9486,160,3213
3315,1,48,9036,9472,9489,436,453
3316,2,48,9039,9475,9492,436,453
2305,3,48,6281,6442,9495,161,3214
2306,4,48,6284,6445,9498,161,3214
3319,1,48,9047,9484,9501,437,454
3320,2,48,9050,9487,9504,437,454
2309,3,48,6292,6454,9507,162,3215
2310,4,48,6295,6457,9510,162,3215
3323,1,48,9058,9496,9513,438,455
3324,2,48,9061,9499,9516,438,455
2313,3,48,6303,6466,9519,163,3216
2314,4,48,6306,6469,9522,163,3216
3327,1,48,9069,9508,9525,439,456
3328,2,48,9072,9511,9528,439,456
2317,3,48,6314,6478,9531,164,3217
2318,4,48,6317,6481,9534,164,3217
3331,1,48,9080,9520,9537,440,457
3332,2,48,9083,9523,9540,440,457
2321,3,48,6325,6490,9543,165,3218
2322,4,48,6328,6493,9546,165,3218
3335,1,48,9091,9532,9549,441,458
3336,2,48,9094,9535,9552,441,458
2325,3,48,6336,6502,9555,166,3219
2326,4,48,6339,6505,9558,166,3219
3339,1,48,9102,9544,9561,442,459
3340,2,48,9105,9547,9564,442,459
2329,3,48,6347,6514,9567,167,3220
2330,4,48,6350,6517,9570,167,3220
3343,1,48,9113,9556,9573,443,460
3344,2,48,9116,9559,9576,443,460
2333,3,48,6358,6526,9579,168,3221
2334,4,48,6361,6529,9582,168,3221
3347,1,48,9124,9568,9585,444,461
3348,2,48,9127,9571,9588,444,461
2337,3,48,6369,6538,9591,169,3222
2338,4,48,6372,6541,9594,169,3222
3351,1,48,9135,9580,9597,445,462
3352,2,48,9138,9583,9600,445,462
2341,3,48,6380,6550,9603,170,3223
2342,4,48,6383,6553,9606,170,3223
3355,1,48,9145,9592,9609,447,464
3356,2,48,9148,9595,9612,447,464
2345,3,48,6390,6562,9615,172,3225
2346,4,48,6393,6565,9618,172,3225
3359,1,48,9156,9604,9621,448,465
3360,2,48,9159,9607,9624,448,465
2349,3,48,6401,6574,9627,173,3226
2350,4,48,6404,6577,9630,173,3226
3363,1,48,9167,9616,9633,449,466
3364,2,48,9170,9619,9636,449,466
2353,3,48,6412,6586,9639,174,3227
2354,4,48,6415,6589,9642,174,3227
3367,1,48,9178,9628,9645,450,467
3368,2,48,9181,9631,9648,450,467
2357,3,48,6423,6598,9651,175,3228
2358,4,48,6426,6601,9654,175,3228
3371,1,48,9189,9640,9657,451,468
3372,2,48,9192,9643,9660,451,468
2361,3,48,6434,6610,9663,176,3229
2362,4,48,6437,6613,9666,176,3229
3375,1,48,9200,9652,9669,452,469
3376,2,48,9203,9655,9672,452,469
2365,3,48,6445,6622,9675,177,3230
2366,4,48,6448,6625,9678,177,3230
3379,1,48,9211,9664,9681,453,470
3380,2,48,9214,9667,9684,453,470
2369,3,48,6456,6634,9687,178,3231
2370,4,48,6459,6637,9690,178,3231
3383,1,48,9222,9676,9693,454,471
3384,2,48,9225,9679,9696,454,471
2373,3,48,6467,6646,9699,179,3232
2374,4,48,6470,6649,9702,179,3232
3387,1,48,9233,9688,9705,455,472
3388,2,48,9236,9691,9708,455,472
2377,3,48,6478,6658,9711,180,3233
2378,4,48,6481,6661,9714,180,3233
3391,1,48,9244,9700,9717,456,473
3392,2,48,9247,9703,9720,456,473
2381,3,48,6489,6670,9723,181,3234
2382,4,48,6492,6673,9726,181,3234
3395,1,48,9255,9712,9729,457,474
3396,2,48,9258,9715,9732,457,474
2385,3,48,6500,6682,9735,182,3235
2386,4,48,6503,6685,9738,182,3235
3399,1,48,9265,9724,9741,459,476
3400,2,48,9268,9727,9744,459,476
2389,3,48,6510,6694,9747,184,3237
2390,4,48,6513,6697,9750,184,3237
3403,1,48,9276,9736,9753,460,477
3404,2,48,9279,9739,9756,460,477
2393,3,48,6521,6706,9759,185,3238
2394,4,48,6524,6709,9762,185,3238
3407,1,48,9287,9748,9765,461,478
3408,2,48,9290,9751,9768,461,478
2397,3,48,6532,6718,9771,186,3239
2398,4,48,6535,6721,9774,186,3239
3411,1,48,9298,9760,9777,462,479
3412,2,48,9301,9763,9780,462,479
2401,3,48,6543,6730,9783,187,3240
2402,4,48,6546,6733,9786,187,3240
3415,1,48,9309,9772,9789,463,480
3416,2,48,9312,9775,9792,463,480
2405,3,48,6554,6742,9795,188,3241
2406,4,48,6557,6745,9798,188,3241
3419,1,48,9320,9784,9801,464,481
3420,2,48,9323,9787,9804,464,481
2409,3,48,6565,6754,9807,189,3242
2410,4,48,6568,6757,9810,189,3242
3423,1,48,9331,9796,9813,465,482
3424,2,48,9334,9799,9816,465,482
2413,3,48,6576,6766,9819,190,3243
2414,4,48,6579,6769,9822,190,3243
3427,1,48,9342,9808,9825,466,483
3428,2,48,9345,9811,9828,466,483
2417,3,48,6587,6778,9831,191,3244
2418,4,48,6590,6781,9834,191,3244
3431,1,48,9353,9820,9837,467,484
3432,2,48,9356,9823,9840,467,484
2421,3,48,6598,6790,9843,192,3245
2422,4,48,6601,6793,9846,192,3245
3435,1,48,9364,9832,9849,468,485
3436,2,48,9367,9835,9852,468,485
2425,3,48,6609,6802,9855,193,3246
2426,4,48,6612,6805,9858,193,3246
3439,1,48,9375,9844,9861,469,486
3440,2,48,9378,9847,9864,469,486
2429,3,48,6620,6814,9867,194,3247
2430,4,48,6623,6817,9870,194,3247
3443,1,48,9385,9856,9873,471,488
3444,2,48,9388,9859,9876,471,488
2433,3,48,6630,6826,9879,196,3249
2434,4,48,6633,6829,9882,196,3249
3447,1,48,9396,9868,9885,472,489
3448,2,48,9399,9871,9888,472,489
2437,3,48,6641,6838,9891,197,3250
2438,4,48,6644,6841,9894,197,3250
3451,1,48,9407,9880,9897,473,490
3452,2,48,9410,9883,9900,473,490
2441,3,48,6652,6850,9903,198,3251
2442,4,48,6655,6853,9906,198,3251
3455,1,48,9418,9892,9909,474,491
3456,2,48,9421,9895,9912,474,491
2445,3,48,6663,6862,9915,199,3252
2446,4,48,6666,6865,9918,199,3252
3459,1,48,9429,9904,9921,475,492
3460,2,48,9432,9907,9924,475,492
2449,3,48,6674,6874,9927,200,3253
2450,4,48,6677,6877,9930,200,3253
3463,1,48,9440,9916,9933,476,493
3464,2,48,9443,9919,9936,476,493
2453,3,48,6685,6886,9939,201,3254
2454,4,48,6688,6889,9942,201,3254
3467,1,48,9451,9928,9945,477,494
3468,2,48,9454,9931,9948,477,494
2457,3,48,6696,6898,9951,202,3255
2458,4,48,6699,6901,9954,202,3255
3471,1,48,9462,9940,9957,478,495
3472,2,48,9465,9943,9960,478,495
2461,3,48,6707,6910,9963,203,3256
2462,4,48,6710,6913,9966,203,3256
3475,1,48,9473,9952,9969,479,496
3476,2,48,9476,9955,9972,479,496
2465,3,48,6718,6922,9975,204,3257
2466,4,48,6721,6925,9978,204,3257
3479,1,48,9484,9964,9981,480,497
3480,2,48,9487,9967,9984,480,497
2469,3,48,6729,6934,9987,205,3258
2470,4,48,6732,6937,9990,205,3258
3483,1,48,9495,9976,9993,481,498
3484,2,48,9498,9979,9996,481,498
2473,3,48,6740,6946,9999,206,3259
2474,4,48,6743,6949,10002,206,3259
3487,1,48,9505,9988,10005,483,500
3488,2,48,9508,9991,10008,483,500
2477,3,48,6750,6958,10011,208,3261
2478,4,48,6753,6961,10014,208,3261
3491,1,48,9516,10000,10017,484,501
3492,2,48,9519,10003,10020,484,501
2481,3,48,6761,6970,10023,209,3262
2482,4,48,6764,6973,10026,209,3262
3495,1,48,9527,10012,10029,485,502
3496,2,48,9530,10015,10032,485,502
2485,3,48,6772,6982,10035,210,3263
2486,4,48,6775,6985,10038,210,3263
3499,1,48,9538,10024,10041,486,503
3500,2,48,9541,10027,10044,486,503
2489,3,48,6783,6994,10047,211,3264
2490,4,48,6786,6997,10050,211,3264
3503,1,48,9549,10036,10053,487,504
3504,2,48,9552,10039,10056,487,504
2493,3,48,6794,7006,10059,212,3265
2494,4,48,6797,7009,10062,212,3265
3507,1,48,9560,10048,10065,488,505
3508,2,48,9563,10051,10068,488,505
2497,3,48,6805,7018,10071,213,3266
2498,4,48,6808,7021,10074,213,3266
3511,1,48,9571,10060,10077,489,506
3512,2,48,9574,10063,10080,489,506
2501,3,48,6816,7030,10083,214,3267
2502,4,48,6819,7033,10086,214,3267
3515,1,48,9582,10072,10089,490,507
3516,2,48,9585,10075,10092,490,507
2505,3,48,6827,7042,10095,215,3268
2506,4,48,6830,7045,10098,215,3268
3519,1,48,9593,10084,10101,491,508
3520,2,48,9596,10087,10104,491,508
2509,3,48,6838,7054,10107,216,3269
2510,4,48,6841,7057,10110,216,3269
3523,1,48,9604,10096,10113,492,509
3524,2,48,9607,10099,10116,492,509
2513,3,48,6849,7066,10119,217,3270
2514,4,48,6852,7069,10122,217,3270
3527,1,48,9615,10108,10125,493,510
3528,2,48,9618,10111,10128,493,510
2517,3,48,6860,7078,10131,218,3271
2518,4,48,6863,7081,10134,218,3271
3531,1,48,9625,10120,10137,495,512
3532,2,48,9628,10123,10140,495,512
2521,3,48,6870,7090,10143,220,3273
2522,4,48,6873,7093,10146,220,3273
3535,1,48,9636,10132,10149,496,513
3536,2,48,9639,10135,10152,496,513
2525,3,48,6881,7102,10155,221,3274
2526,4,48,6884,7105,10158,221,3274
3539,1,48,9647,10144,10161,497,514
3540,2,48,9650,10147,10164,497,514
2529,3,48,6892,7114,10167,222,3275
2530,4,48,6895,7117,10170,222,3275
3543,1,48,9658,10156,10173,498,515
3544,2,48,9661,10159,10176,498,515
2533,3,48,6903,7126,10179,223,3276
2534,4,48,6906,7129,10182,223,3276
3547,1,48,9669,10168,10185,499,516
3548,2,48,9672,10171,10188,499,516
2537,3,48,6914,7138,10191,224,3277
2538,4,48,6917,7141,10194,224,3277
3551,1,48,9680,10180,10197,500,517
3552,2,48,9683,10183,10200,500,517
2541,3,48,6925,7150,10203,225,3278
2542,4,48,6928,7153,10206,225,3278
3555,1,48,9691,10192,10209,501,518
3556,2,48,9694,10195,10212,501,518
2545,3,48,6936,7162,10215,226,3279
2546,4,48,6939,7165,10218,226,3279
3559,1,48,9702,10204,10221,502,519
3560,2,48,9705,10207,10224,502,519
2549,3,48,6947,7174,10227,227,3280
2550,4,48,6950,7177,10230,227,3280
3563,1,48,9713,10216,10233,503,520
3564,2,48,9716,10219,10236,503,520
2553,3,48,6958,7186,10239,228,3281
2554,4,48,6961,7189,10242,228,3281
3567,1,48,9724,10228,10245,504,521
3568,2,48,9727,10231,10248,504,521
2557,3,48,6969,7198,10251,229,3282
2558,4,48,6972,7201,10254,229,3282
3571,1,48,9735,10240,10257,505,522
3572,2,48,9738,10243,10260,505,522
2561,3,48,6980,7210,10263,230,3283
2562,4,48,6983,7213,10266,230,3283
3575,1,48,9745,10252,10269,507,524
3576,2,48,9748,10255,10272,507,524
2565,3,48,6990,7222,10275,232,3285
2566,4,48,6993,7225,10278,232,3285
3579,1,48,9756,10264,10281,508,525
3580,2,48,9759,10267,10284,508,525
2569,3,48,7001,7234,10287,233,3286
2570,4,48,7004,7237,10290,233,3286
3583,1,48,9767,10276,10293,509,526
3584,2,48,9770,10279,10296,509,526
2573,3,48,7012,7246,10299,234,3287
2574,4,48,7015,7249,10302,234,3287
3587,1,48,9778,10288,10305,510,527
3588,2,48,9781,10291,10308,510,527
2577,3,48,7023,7258,10311,235,3288
2578,4,48,7026,7261,10314,235,3288
3591,1,48,9789,10300,10317,511,528
3592,2,48,9792,10303,10320,511,528
2581,3,48,7034,7270,10323,236,3289
2582,4,48,7037,7273,10326,236,3289
3595,1,48,9800,10312,10329,512,529
3596,2,48,9803,10315,10332,512,529
2585,3,48,7045,7282,10335,237,3290
2586,4,48,7048,7285,10338,237,3290
3599,1,48,9811,10324,10341,513,530
3600,2,48,9814,10327,10344,513,530
2589,3,48,7056,7294,10347,238,3291
2590,4,48,7059,7297,10350,238,3291
3603,1,48,9822,10336,10353,514,531
3604,2,48,9825,10339,10356,514,531
2593,3,48,7067,7306,10359,239,3292
2594,4,48,7070,7309,10362,239,3292
3607,1,48,9833,10348,10365,515,532
3608,2,48,9836,10351,10368,515,532
2597,3,48,7078,7318,10371,240,3293
2598,4,48,7081,7321,10374,240,3293
3611,1,48,9844,10360,10377,516,533
3612,2,48,9847,10363,10380,516,533
2601,3,48,7089,7330,10383,241,3294
2602,4,48,7092,7333,10386,241,3294
3615,1,48,9855,10372,10389,517,534
3616,2,48,9858,10375,10392,517,534
2605,3,48,7100,7342,10395,242,3295
2606,4,48,7103,7345,10398,242,3295
3619,1,48,9865,10384,10401,519,536
3620,2,48,9868,10387,10404,519,536
2609,3,48,7110,7354,10407,244,3297
2610,4,48,7113,7357,10410,244,3297
3623,1,48,9876,10396,10413,520,537
3624,2,48,9879,10399,10416,520,537
2613,3,48,7121,7366,10419,245,3298
2614,4,48,7124,7369,10422,245,3298
3627,1,48,9887,10408,10425,521,538
3628,2,48,9890,10411,10428,521,538
2617,3,48,7132,7378,10431,246,3299
2618,4,48,7135,7381,10434,246,3299
3631,1,48,9898,10420,10437,522,539
3632,2,48,9901,10423,10440,522,539
2621,3,48,7143,7390,10443,247,3300
2622,4,48,7146,7393,10446,247,3300
3635,1,48,9909,10432,10449,523,540
3636,2,48,9912,10435,10452,523,540
2625,3,48,7154,7402,10455,248,3301
2626,4,48,7157,7405,10458,248,3301
3639,1,48,9920,10444,10461,524,541
3640,2,48,9923,10447,10464,524,541
2629,3,48,7165,7414,10467,249,3302
2630,4,48,7168,7417,10470,249,3302
3643,1,48,9931,10456,10473,525,542
3644,2,48,9934,10459,10476,525,542
2633,3,48,7176,7426,10479,250,3303
2634,4,48,7179,7429,10482,250,3303
3647,1,48,9942,10468,10485,526,543
3648,2,48,9945,10471,10488,526,543
2637,3,48,7187,7438,10491,251,3304
2638,4,48,7190,7441,10494,251,3304
3651,1,48,9953,10480,10497,527,544
3652,2,48,9956,10483,10500,527,544
2641,3,48,7198,7450,10503,252,3305
2642,4,48,7201,7453,10506,252,3305
3655,1,48,9964,10492,10509,528,545
3656,2,48,9967,10495,10512,528,545
2645,3,48,7209,7462,10515,253,3306
2646,4,48,7212,7465,10518,253,3306
3659,1,48,9975,10504,10521,529,546
3660,2,48,9978,10507,10524,529,546
2649,3,48,7220,7474,10527,254,3307
2650,4,48,7223,7477,10530,254,3307
3663,1,48,9985,10516,10533,531,548
3664,2,48,9988,10519,10536,531,548
2653,3,48,7230,7486,10539,256,3309
2654,4,48,7233,7489,10542,256,3309
3667,1,48,9996,10528,10545,532,549
3668,2,48,9999,10531,10548,532,549
2657,3,48,7241,7498,10551,257,3310
2658,4,48,7244,7501,10554,257,3310
2661,3,48,7252,7510,10557,258,3305
2662,4,48,7255,7513,10560,258,3305
2665,3,48,7263,7522,10563,259,3300
2666,4,48,7266,7525,10566,259,3300
2669,3,48,7274,7534,10569,260,3295
2670,4,48,7277,7537,10572,260,3295
2673,3,48,7285,7546,10575,261,3290
2674,4,48,7288,7549,10578,261,3290
2677,3,48,7296,7558,10581,262,3285
2678,4,48,7299,7561,10584,262,3285
2681,3,48,7307,7570,10587,263,3280
2682,4,48,7310,7573,10590,263,3280
2685,3,48,7318,7582,10593,264,3275
2686,4,48,7321,7585,10596,264,3275
2689,3,48,7329,7594,10599,265,3270
2690,4,48,7332,7597,10602,265,3270
2693,3,48,7340,7606,10605,266,3265
2694,4,48,7343,7609,10608,266,3265
2697,3,48,7350,7618,10611,268,3261
2698,4,48,7353,7621,10614,268,3261
2701,3,48,7361,7630,10617,269,3256
2702,4,48,7364,7633,10620,269,3256
2705,3,48,7372,7642,10623,270,3251
2706,4,48,7375,7645,10626,270,3251
2709,3,48,7383,7654,10629,271,3246
2710,4,48,7386,7657,10632,271,3246
2713,3,48,7394,7666,10635,272,3241
2714,4,48,7397,7669,10638,272,3241
2717,3,48,7405,7678,10641,273,3236
2718,4,48,7408,7681,10644,273,3236
2721,3,48,7416,7690,10647,274,3231
2722,4,48,7419,7693,10650,274,3231
2725,3,48,7427,7702,10653,275,3226
2726,4,48,7430,7705,10656,275,3226
2729,3,48,7438,7714,10659,276,3221
2730,4,48,7441,7717,10662,276,3221
2733,3,48,7449,7726,10665,277,3216
2734,4,48,7452,7729,10668,277,3216
2737,3,48,7460,7738,10671,278,3211
2738,4,48,7463,7741,10674,278,3211
2741,3,48,7470,7750,10677,280,3207
2742,4,48,7473,7753,10680,280,3207
2745,3,48,7481,7762,10683,281,3202
2746,4,48,7484,7765,10686,281,3202
2749,3,48,7492,7774,10689,282,3197
2750,4,48,7495,7777,10692,282,3197
2753,3,48,7503,7786,10695,283,3192
2754,4,48,7506,7789,10698,283,3192
2757,3,48,7514,7798,10701,284,3187
2758,4,48,7517,7801,10704,284,3187
2761,3,48,7525,7810,10707,285,3182
2762,4,48,7528,7813,10710,285,3182
2765,3,48,7536,7822,10713,286,3177
2766,4,48,7539,7825,10716,286,3177
2769,3,48,7547,7834,10719,287,3172
2770,4,48,7550,7837,10722,287,3172
2773,3,48,7558,7846,10725,288,3167
2774,4,48,7561,7849,10728,288,3167
2777,3,48,7569,7858,10731,289,3162
2778,4,48,7572,7861,10734,289,3162
2781,3,48,7580,7870,10737,290,3157
2782,4,48,7583,7873,10740,290,3157
2785,3,48,7590,7882,10743,292,3153
2786,4,48,7593,7885,10746,292,3153
2789,3,48,7601,7894,10749,293,3148
2790,4,48,7604,7897,10752,293,3148
2793,3,48,7612,7906,10755,294,3143
2794,4,48,7615,7909,10758,294,3143
2797,3,48,7623,7918,10761,295,3138
2798,4,48,7626,7921,10764,295,3138
2801,3,48,7634,7930,10767,296,3133
2802,4,48,7637,7933,10770,296,3133
2805,3,48,7645,7942,10773,297,3128
2806,4,48,7648,7945,10776,297,3128
2809,3,48,7656,7954,10779,298,3123
2810,4,48,7659,7957,10782,298,3123
2813,3,48,7667,7966,10785,299,3118
2814,4,48,7670,7969,10788,299,3118
2817,3,48,7678,7978,10791,300,3113
2818,4,48,7681,7981,10794,300,3113
2821,3,48,7689,7990,10797,301,3108
2822,4,48,7692,7993,10800,301,3108
2825,3,48,7700,8002,10803,302,3103
2826,4,48,7703,8005,10806,302,3103
2829,3,48,7710,8014,10809,304,3099
2830,4,48,7713,8017,10812,304,3099
2833,3,48,7721,8026,10815,305,3094
2834,4,48,7724,8029,10818,305,3094
2837,3,48,7732,8038,10821,306,3089
2838,4,48,7735,8041,10824,306,3089
2841,3,48,7743,8050,10827,307,3084
2842,4,48,7746,8053,10830,307,3084
2845,3,48,7754,8062,10833,308,3079
2846,4,48,7757,8065,10836,308,3079
2849,3,48,7765,8074,10839,309,3074
2850,4,48,7768,8077,10842,309,3074
2853,3,48,7776,8086,10845,310,3069
2854,4,48,7779,8089,10848,310,3069
2857,3,48,7787,8098,10851,311,3064
2858,4,48,7790,8101,10854,311,3064
2861,3,48,7798,8110,10857,312,3059
2862,4,48,7801,8113,10860,312,3059
2865,3,48,7809,8122,10863,313,3054
2866,4,48,7812,8125,10866,313,3054
2869,3,48,7820,8134,10869,314,3049
2870,4,48,7823,8137,10872,314,3049
2873,3,48,7830,8146,10875,316,3045
2874,4,48,7833,8149,10878,316,3045
2877,3,48,7841,8158,10881,317,3040
2878,4,48,7844,8161,10884,317,3040
2881,3,48,7852,8170,10887,318,3035
2882,4,48,7855,8173,10890,318,3035
2885,3,48,7863,8182,10893,319,3030
2886,4,48,7866,8185,10896,319,3030
2889,3,48,7874,8194,10899,320,3025
2890,4,48,7877,8197,10902,320,3025
2893,3,48,7885,8206,10905,321,3020
2894,4,48,7888,8209,10908,321,3020
2897,3,48,7896,8218,10911,322,3015
2898,4,48,7899,8221,10914,322,3015
2901,3,48,7907,8230,10917,323,3010
2902,4,48,7910,8233,10920,323,3010
2905,3,48,7918,8242,10923,324,3005
2906,4,48,7921,8245,10926,324,3005
2909,3,48,7929,8254,10929,325,3000
2910,4,48,7932,8257,10932,325,3000
2913,3,48,7940,8266,10935,326,2995
2914,4,48,7943,8269,10938,326,2995
2917,3,48,7950,8278,10941,328,2991
2918,4,48,7953,8281,10944,328,2991
2921,3,48,7961,8290,10947,329,2986
2922,4,48,7964,8293,10950,329,2986
2925,3,48,7972,8302,10953,330,2981
2926,4,48,7975,8305,10956,330,2981
2929,3,48,7983,8314,10959,331,2976
2930,4,48,7986,8317,10962,331,2976
2933,3,48,7994,8326,10965,332,2971
2934,4,48,7997,8329,10968,332,2971
2937,3,48,8005,8338,10971,333,2966
2938,4,48,8008,8341,10974,333,2966
2941,3,48,8016,8350,10977,334,2961
2942,4,48,8019,8353,10980,334,2961
2945,3,48,8027,8362,10983,335,2956
2946,4,48,8030,8365,10986,335,2956
2949,3,48,8038,8374,10989,336,2951
2950,4,48,8041,8377,10992,336,2951
2953,3,48,8049,8386,10995,337,2946
2954,4,48,8052,8389,10998,337,2946
2957,3,48,8060,8398,11001,338,2941
2958,4,48,8063,8401,11004,338,2941
2961,3,48,8070,8410,11007,340,2937
2962,4,48,8073,8413,11010,340,2937
2965,3,48,8081,8422,11013,341,2932
2966,4,48,8084,8425,11016,341,2932
2969,3,48,8092,8434,11019,342,2927
2970,4,48,8095,8437,11022,342,2927
2973,3,48,8103,8446,11025,343,2922
2974,4,48,8106,8449,11028,343,2922
2977,3,48,8114,8458,11031,344,2917
2978,4,48,8117,8461,11034,344,2917
2981,3,48,8125,8470,11037,345,2912
2982,4,48,8128,8473,11040,345,2912
2985,3,48,8136,8482,11043,346,2907
2986,4,48,8139,8485,11046,346,2907
2989,3,48,8147,8494,11049,347,2902
2990,4,48,8150,8497,11052,347,2902
2993,3,48,8158,8506,11055,348,2897
2994,4,48,8161,8509,11058,348,2897
2997,3,48,8169,8518,11061,349,2892
2998,4,48,8172,8521,11064,349,2892
3001,3,48,8180,8530,11067,350,2887
3002,4,48,8183,8533,11070,350,2887
3005,3,48,8190,8542,11073,352,2883
3006,4,48,8193,8545,11076,352,2883
3009,3,48,8201,8554,11079,353,2878
3010,4,48,8204,8557,11082,353,2878
3013,3,48,8212,8566,11085,354,2873
3014,4,48,8215,8569,11088,354,2873
3017,3,48,8223,8578,11091,355,2868
3018,4,48,8226,8581,11094,355,2868
3021,3,48,8234,8590,11097,356,2863
3022,4,48,8237,8593,11100,356,2863
3025,3,48,8245,8602,11103,357,2858
3026,4,48,8248,8605,11106,357,2858
3029,3,48,8256,8614,11109,358,2853
3030,4,48,8259,8617,11112,358,2853
3033,3,48,8267,8626,11115,359,2848
3034,4,48,8270,8629,11118,359,2848
3037,3,48,8278,8638,11121,360,2843
3038,4,48,8281,8641,11124,360,2843
3041,3,48,8289,8650,11127,361,2838
3042,4,48,8292,8653,11130,361,2838
3045,3,48,8300,8662,11133,362,2833
3046,4,48,8303,8665,11136,362,2833
3049,3,48,8310,8674,11139,364,2829
3050,4,48,8313,8677,11142,364,2829
3053,3,48,8321,8686,11145,365,2824
3054,4,48,8324,8689,11148,365,2824
3057,3,48,8332,8698,11151,366,2819
3058,4,48,8335,8701,11154,366,2819
3061,3,48,8343,8710,11157,367,2814
3062,4,48,8346,8713,11160,367,2814
3065,3,48,8354,8722,11163,368,2809
3066,4,48,8357,8725,11166,368,2809
3069,3,48,8365,8734,11169,369,2804
3070,4,48,8368,8737,11172,369,2804
3073,3,48,8376,8746,11175,370,2799
3074,4,48,8379,8749,11178,370,2799
3077,3,48,8387,8758,11181,371,2794
3078,4,48,8390,8761,11184,371,2794
3081,3,48,8398,8770,11187,372,2789
3082,4,48,8401,8773,11190,372,2789
3085,3,48,8409,8782,11193,373,2784
3086,4,48,8412,8785,11196,373,2784
3089,3,48,8420,8794,11199,374,2779
3090,4,48,8423,8797,11202,374,2779
3093,3,48,8430,8806,11205,376,2775
3094,4,48,8433,8809,11208,376,2775
3097,3,48,8441,8818,11211,377,2770
3098,4,48,8444,8821,11214,377,2770
3101,3,48,8452,8830,11217,378,2765
3102,4,48,8455,8833,11220,378,2765
3105,3,48,8463,8842,11223,379,2760
3106,4,48,8466,8845,11226,379,2760
3109,3,48,8474,8854,11229,380,2755
3110,4,48,8477,8857,11232,380,2755
3113,3,48,8485,8866,11235,381,2750
3114,4,48,8488,8869,11238,381,2750
3117,3,48,8496,8878,11241,382,2745
3118,4,48,8499,8881,11244,382,2745
3121,3,48,8507,8890,11247,383,2740
3122,4,48,8510,8893,11250,383,2740
3125,3,48,8518,8902,11253,384,2735
3126,4,48,8521,8905,11256,384,2735
3129,3,48,8529,8914,11259,385,2730
3130,4,48,8532,8917,11262,385,2730
3133,3,48,8540,8926,11265,386,2725
3134,4,48,8543,8929,11268,386,2725
3137,3,48,8550,8938,11271,388,2721
3138,4,48,8553,8941,11274,388,2721
3141,3,48,8561,8950,11277,389,2716
3142,4,48,8564,8953,11280,389,2716
3145,3,48,8572,8962,11283,390,2711
3146,4,48,8575,8965,11286,390,2711
3149,3,48,8583,8974,11289,391,2706
3150,4,48,8586,8977,11292,391,2706
3153,3,48,8594,8986,11295,392,2701
3154,4,48,8597,8989,11298,392,2701
3157,3,48,8605,8998,11301,393,2696
3158,4,48,8608,9001,11304,393,2696
3161,3,48,8616,9010,11307,394,2691
3162,4,48,8619,9013,11310,394,2691
3165,3,48,8627,9022,11313,395,2686
3166,4,48,8630,9025,11316,395,2686
3169,3,48,8638,9034,11319,396,2681
3170,4,48,8641,9037,11322,396,2681
3173,3,48,8649,9046,11325,397,2676
3174,4,48,8652,9049,11328,397,2676
3177,3,48,8660,9058,11331,398,2671
3178,4,48,8663,9061,11334,398,2671
3181,3,48,8670,9070,11337,400,2667
3182,4,48,8673,9073,11340,400,2667
3185,3,48,8681,9082,11343,401,2662
3186,4,48,8684,9085,11346,401,2662
3189,3,48,8692,9094,11349,402,2657
3190,4,48,8695,9097,11352,402,2657
3193,3,48,8703,9106,11355,403,2652
3194,4,48,8706,9109,11358,403,2652
3197,3,48,8714,9118,11361,404,2647
3198,4,48,8717,9121,11364,404,2647
3201,3,48,8725,9130,11367,405,2642
3202,4,48,8728,9133,11370,405,2642
3205,3,48,8736,9142,11373,406,2637
3206,4,48,8739,9145,11376,406,2637
3209,3,48,8747,9154,11379,407,2632
3210,4,48,8750,9157,11382,407,2632
3213,3,48,8758,9166,11385,408,2627
3214,4,48,8761,9169,11388,408,2627
3217,3,48,8769,9178,11391,409,2622
3218,4,48,8772,9181,11394,409,2622
3221,3,48,8780,9190,11397,410,2617
3222,4,48,8783,9193,11400,410,2617
3225,3,48,8790,9202,11403,412,2613
3226,4,48,8793,9205,11406,412,2613
3229,3,48,8801,9214,11409,413,2608
3230,4,48,8804,9217,11412,413,2608
3233,3,48,8812,9226,11415,414,2603
3234,4,48,8815,9229,11418,414,2603
3237,3,48,8823,9238,11421,415,2598
3238,4,48,8826,9241,11424,415,2598
3241,3,48,8834,9250,11427,416,2593
3242,4,48,8837,9253,11430,416,2593
3245,3,48,8845,9262,11433,417,2588
3246,4,48,8848,9265,11436,417,2588
3249,3,48,8856,9274,11439,418,2583
3250,4,48,8859,9277,11442,418,2583
3253,3,48,8867,9286,11445,419,2578
3254,4,48,8870,9289,11448,419,2578
3257,3,48,8878,9298,11451,420,2573
3258,4,48,8881,9301,11454,420,2573
3261,3,48,8889,9310,11457,421,2568
3262,4,48,8892,9313,11460,421,2568
3265,3,48,8900,9322,11463,422,2563
3266,4,48,8903,9325,11466,422,2563
3269,3,48,8910,9334,11469,424,2559
3270,4,48,8913,9337,11472,424,2559
3273,3,48,8921,9346,11475,425,2554
3274,4,48,8924,9349,11478,425,2554
3277,3,48,8932,9358,11481,426,2549
3278,4,48,8935,9361,11484,426,2549
3281,3,48,8943,9370,11487,427,2544
3282,4,48,8946,9373,11490,427,2544
3285,3,48,8954,9382,11493,428,2539
3286,4,48,8957,9385,11496,428,2539
3289,3,48,8965,9394,11499,429,2534
3290,4,48,8968,9397,11502,429,2534
3293,3,48,8976,9406,11505,430,2529
3294,4,48,8979,9409,11508,430,2529
3297,3,48,8987,9418,11511,431,2524
3298,4,48,8990,9421,11514,431,2524
3301,3,48,8998,9430,11517,432,2519
3302,4,48,9001,9433,11520,432,2519
3305,3,48,9009,9442,11523,433,2514
3306,4,48,9012,9445,11526,433,2514
3309,3,48,9020,9454,11529,434,2509
3310,4,48,9023,9457,11532,434,2509
3313,3,48,9030,9466,11535,436,2505
3314,4,48,9033,9469,11538,436,2505
3317,3,48,9041,9478,11541,437,2500
3318,4,48,9044,9481,11544,437,2500
3321,3,48,9052,9490,11547,438,2495
3322,4,48,9055,9493,11550,438,2495
3325,3,48,9063,9502,11553,439,2490
3326,4,48,9066,9505,11556,439,2490
3329,3,48,9074,9514,11559,440,2485
3330,4,48,9077,9517,11562,440,2485
3333,3,48,9085,9526,11565,441,2480
3334,4,48,9088,9529,11568,441,2480
3337,3,48,9096,9538,11571,442,2475
3338,4,48,9099,9541,11574,442,2475
3341,3,48,9107,9550,11577,443,2470
3342,4,48,9110,9553,11580,443,2470
3345,3,48,9118,9562,11583,444,2465
3346,4,48,9121,9565,11586,444,2465
3349,3,48,9129,9574,11589,445,2460
3350,4,48,9132,9577,11592,445,2460
3353,3,48,9140,9586,11595,446,2455
3354,4,48,9143,9589,11598,446,2455
3357,3,48,9150,9598,11601,448,2451
3358,4,48,9153,9601,11604,448,2451
3361,3,48,9161,9610,11607,449,2446
3362,4,48,9164,9613,11610,449,2446
3365,3,48,9172,9622,11613,450,2441
3366,4,48,9175,9625,11616,450,2441
3369,3,48,9183,9634,11619,451,2436
3370,4,48,9186,9637,11622,451,2436
3373,3,48,9194,9646,11625,452,2431
3374,4,48,9197,9649,11628,452,2431
3377,3,48,9205,9658,11631,453,2426
3378,4,48,9208,9661,11634,453,2426
3381,3,48,9216,9670,11637,454,2421
3382,4,48,9219,9673,11640,454,2421
3385,3,48,9227,9682,11643,455,2416
3386,4,48,9230,9685,11646,455,2416
3389,3,48,9238,9694,11649,456,2411
3390,4,48,9241,9697,11652,456,2411
3393,3,48,9249,9706,11655,457,2406
3394,4,48,9252,9709,11658,457,2406
3397,3,48,9260,9718,11661,458,2401
3398,4,48,9263,9721,11664,458,2401
3401,3,48,9270,9730,11667,460,2397
3402,4,48,9273,9733,11670,460,2397
3405,3,48,9281,9742,11673,461,2392
3406,4,48,9284,9745,11676,461,2392
3409,3,48,9292,9754,11679,462,2387
3410,4,48,9295,9757,11682,462,2387
3413,3,48,9303,9766,11685,463,2382
3414,4,48,9306,9769,11688,463,2382
3417,3,48,9314,9778,11691,464,2377
3418,4,48,9317,9781,11694,464,2377
3421,3,48,9325,9790,11697,465,2372
3422,4,48,9328,9793,11700,465,2372
3425,3,48,9336,9802,11703,466,2367
3426,4,48,9339,9805,11706,466,2367
3429,3,48,9347,9814,11709,467,2362
3430,4,48,9350,9817,11712,467,2362
3433,3,48,9358,9826,11715,468,2357
3434,4,48,9361,9829,11718,468,2357
3437,3,48,9369,9838,11721,469,2352
3438,4,48,9372,9841,11724,469,2352
3441,3,48,9380,9850,11727,470,2347
3442,4,48,9383,9853,11730,470,2347
3445,3,48,9390,9862,11733,472,2343
3446,4,48,9393,9865,11736,472,2343
3449,3,48,9401,9874,11739,473,2338
3450,4,48,9404,9877,11742,473,2338
3453,3,48,9412,9886,11745,474,2333
3454,4,48,9415,9889,11748,474,2333
3457,3,48,9423,9898,11751,475,2328
3458,4,48,9426,9901,11754,475,2328
3461,3,48,9434,9910,11757,476,2323
3462,4,48,9437,9913,11760,476,2323
3465,3,48,9445,9922,11763,477,2318
3466,4,48,9448,9925,11766,477,2318
3469,3,48,9456,9934,11769,478,2313
3470,4,48,9459,9937,11772,478,2313
3473,3,48,9467,9946,11775,479,2308
3474,4,48,9470,9949,11778,479,2308
3477,3,48,9478,9958,11781,480,2303
3478,4,48,9481,9961,11784,480,2303
3481,3,48,9489,9970,11787,481,2298
3482,4,48,9492,9973,11790,481,2298
3485,3,48,9500,9982,11793,482,2293
3486,4,48,9503,9985,11796,482,2293
3489,3,48,9510,9994,11799,484,2289
3490,4,48,9513,9997,11802,484,2289
3493,3,48,9521,10006,11805,485,2284
3494,4,48,9524,10009,11808,485,2284
3497,3,48,9532,10018,11811,486,2279
3498,4,48,9535,10021,11814,486,2279
3501,3,48,9543,10030,11817,487,2274
3502,4,48,9546,10033,11820,487,2274
3505,3,48,9554,10042,11823,488,2269
3506,4,48,9557,10045,11826,488,2269
3509,3,48,9565,10054,11829,489,2264
3510,4,48,9568,10057,11832,489,2264
3513,3,48,9576,10066,11835,490,2259
3514,4,48,9579,10069,11838,490,2259
3517,3,48,9587,10078,11841,491,2254
3518,4,48,9590,10081,11844,491,2254
3521,3,48,9598,10090,11847,492,2249
3522,4,48,9601,10093,11850,492,2249
3525,3,48,9609,10102,11853,493,2244
3526,4,48,9612,10105,11856,493,2244
3529,3,48,9620,10114,11859,494,2239
3530,4,48,9623,10117,11862,494,2239
3533,3,48,9630,10126,11865,496,2235
3534,4,48,9633,10129,11868,496,2235
3537,3,48,9641,10138,11871,497,2230
3538,4,48,9644,10141,11874,497,2230
3541,3,48,9652,10150,11877,498,2225
3542,4,48,9655,10153,11880,498,2225
3545,3,48,9663,10162,11883,499,2220
3546,4,48,9666,10165,11886,499,2220
3549,3,48,9674,10174,11889,500,2215
3550,4,48,9677,10177,11892,500,2215
3553,3,48,9685,10186,11895,501,2210
3554,4,48,9688,10189,11898,501,2210
3557,3,48,9696,10198,11901,502,2205
3558,4,48,9699,10201,11904,502,2205
3561,3,48,9707,10210,11907,503,2200
3562,4,48,9710,10213,11910,503,2200
3565,3,48,9718,10222,11913,504,2195
3566,4,48,9721,10225,11916,504,2195
3569,3,48,9729,10234,11919,505,2190
3570,4,48,9732,10237,11922,505,2190
3573,3,48,9740,10246,11925,506,2185
3574,4,48,9743,10249,11928,506,2185
3577,3,48,9750,10258,11931,508,2181
3578,4,48,9753,10261,11934,508,2181
3581,3,48,9761,10270,11937,509,2176
3582,4,48,9764,10273,11940,509,2176
3585,3,48,9772,10282,11943,510,2171
3586,4,48,9775,10285,11946,510,2171
3589,3,48,9783,10294,11949,511,2166
3590,4,48,9786,10297,11952,511,2166
3593,3,48,9794,10306,11955,512,2161
3594,4,48,9797,10309,11958,512,2161
3597,3,48,9805,10318,11961,513,2156
3598,4,48,9808,10321,11964,513,2156
3601,3,48,9816,10330,11967,514,2151
3602,4,48,9819,10333,11970,514,2151
3605,3,48,9827,10342,11973,515,2146
3606,4,48,9830,10345,11976,515,2146
3609,3,48,9838,10354,11979,516,2141
3610,4,48,9841,10357,11982,516,2141
3613,3,48,9849,10366,11985,517,2136
3614,4,48,9852,10369,11988,517,2136
3617,3,48,9860,10378,11991,518,2131
3618,4,48,9863,10381,11994,518,2131
3621,3,48,9870,10390,11997,520,2127
3622,4,48,9873,10393,12000,520,2127
3625,3,48,9881,10402,12003,521,2122
3626,4,48,9884,10405,12006,521,2122
3629,3,48,9892,10414,12009,522,2117
3630,4,48,9895,10417,12012,522,2117
3633,3,48,9903,10426,12015,523,2112
3634,4,48,9906,10429,12018,523,2112
3637,3,48,9914,10438,12021,524,2107
3638,4,48,9917,10441,12024,524,2107
3641,3,48,9925,10450,12027,525,2102
3642,4,48,9928,10453,12030,525,2102
3645,3,48,9936,10462,12033,526,2097
3646,4,48,9939,10465,12036,526,2097
3649,3,48,9947,10474,12039,527,2092
3650,4,48,9950,10477,12042,527,2092
3653,3,48,9958,10486,12045,528,2087
3654,4,48,9961,10489,12048,528,2087
3657,3,48,9969,10498,12051,529,2082
3658,4,48,9972,10501,12054,529,2082
3661,3,48,9980,10510,12057,530,2077
3662,4,48,9983,10513,12060,530,2077
3665,3,48,9990,10522,12063,532,2073
3666,4,48,9993,10525,12066,532,2073
