run,time_relative_to_start,total_link_fraction,flow_1_link_fraction,flow_2_link_fraction,flow_3_link_fraction
R3: whole-tree replace,-2100,0.0,0.0,0.0,0.0
R3: whole-tree replace,-2088,0.0011640299486804218,0.0010081970545758484,0.00015583289410457337,0.0
R3: whole-tree replace,-2076,0.00778833006562408,0.005594639241819847,0.0021936908238042335,0.0
R3: whole-tree replace,-2064,0.024174774050043465,0.015320860054895255,0.008853913995148212,0.0
R3: whole-tree replace,-2052,0.0536617022392235,0.03120134659457364,0.02246035564464986,0.0
R3: whole-tree replace,-2040,0.09829442407886932,0.05368072469667949,0.044613699382189835,0.0
R3: whole-tree replace,-2028,0.15862334403549244,0.08251473208431635,0.07610861195117608,0.0
R3: whole-tree replace,-2016,0.23364963612515782,0.11683262444897971,0.11681701167617811,0.0
R3: whole-tree replace,-2004,0.32092382903693106,0.15522239255101153,0.1657014364859195,0.0
R3: whole-tree replace,-1992,0.4167875714007545,0.1958694027100287,0.2209181686907258,0.0
R3: whole-tree replace,-1980,0.5167347147260477,0.23677380011394122,0.2799609146121065,0.0
R3: whole-tree replace,-1968,0.6158560747639057,0.2758727546556248,0.339983320108281,0.0
R3: whole-tree replace,-1956,0.7093239729016817,0.31128236147745586,0.39804161142422584,0.0
R3: whole-tree replace,-1944,0.7928687328697659,0.3414828580311326,0.45138587483863324,0.0
R3: whole-tree replace,-1932,0.8632001020591001,0.3654678999274193,0.49773220213168085,0.0
R3: whole-tree replace,-1920,0.9183320027439665,0.38288218528383533,0.5354498174601312,0.0
R3: whole-tree replace,-1908,0.9577785599396058,0.39398138154260937,0.5637971783969964,0.0
R3: whole-tree replace,-1896,0.9826020577490913,0.3996451879885827,0.5829568697605085,0.0
R3: whole-tree replace,-1884,0.9953080908600644,0.4012897823165456,0.5940183085435188,0.0
R3: whole-tree replace,-1872,0.999598259843455,0.4007273162430293,0.5988709436004256,0.0
R3: whole-tree replace,-1860,1.0000004820474928,0.40002101404183116,0.5999794680056617,0.0
R3: whole-tree replace,-1848,1.0000004820474928,0.40000107331481655,0.5999994087326763,0.0
R3: whole-tree replace,-1836,1.000000482047493,0.4000045402330881,0.5999959418144049,0.0
R3: whole-tree replace,-1824,1.0000004820474928,0.39999671180213825,0.6000037702453546,0.0
R3: whole-tree replace,-1812,1.000000482047493,0.3999949714175692,0.6000055106299238,0.0
R3: whole-tree replace,-1800,1.0000004820474928,0.4000036673273736,0.5999968147201192,0.0
R3: whole-tree replace,-1788,1.0000004820474928,0.40000107331481655,0.5999994087326763,0.0
R3: whole-tree replace,-1776,1.000000482047493,0.4000045402330881,0.5999959418144049,0.0
R3: whole-tree replace,-1764,1.0000004820474928,0.39999671180213825,0.6000037702453546,0.0
R3: whole-tree replace,-1752,1.000000482047493,0.3999949714175692,0.6000055106299238,0.0
R3: whole-tree replace,-1740,1.0000004820474928,0.4000036673273736,0.5999968147201192,0.0
R3: whole-tree replace,-1728,1.0000004820474928,0.40000107331481655,0.5999994087326763,0.0
R3: whole-tree replace,-1716,1.000000482047493,0.4000045402330881,0.5999959418144049,0.0
R3: whole-tree replace,-1704,1.0000004820474928,0.39999671180213825,0.6000037702453546,0.0
R3: whole-tree replace,-1692,1.000000482047493,0.3999949714175692,0.6000055106299238,0.0
R3: whole-tree replace,-1680,1.0000004820474928,0.4000036673273736,0.5999968147201192,0.0
R3: whole-tree replace,-1668,1.0000004820474928,0.40000107331481655,0.5999994087326763,0.0
R3: whole-tree replace,-1656,1.000000482047493,0.4000045402330881,0.5999959418144049,0.0
R3: whole-tree replace,-1644,1.0000004820474928,0.39999671180213825,0.6000037702453546,0.0
R3: whole-tree replace,-1632,1.000000482047493,0.3999949714175692,0.6000055106299238,0.0
R3: whole-tree replace,-1620,1.0000004820474928,0.4000036673273736,0.5999968147201192,0.0
R3: whole-tree replace,-1608,1.0000004820474928,0.40000107331481655,0.5999994087326763,0.0
R3: whole-tree replace,-1596,1.000000482047493,0.4000045402330881,0.5999959418144049,0.0
R3: whole-tree replace,-1584,1.0000004820474928,0.39999671180213825,0.6000037702453546,0.0
R3: whole-tree replace,-1572,1.000000482047493,0.3999949714175692,0.6000055106299238,0.0
R3: whole-tree replace,-1560,1.0000004820474928,0.4000036673273736,0.5999968147201192,0.0
R3: whole-tree replace,-1548,1.0000004820474928,0.40000107331481655,0.5999994087326763,0.0
R3: whole-tree replace,-1536,1.000000482047493,0.4000045402330881,0.5999959418144049,0.0
R3: whole-tree replace,-1524,1.0000004820474928,0.39999671180213825,0.6000037702453546,0.0
R3: whole-tree replace,-1512,1.000000482047493,0.3999949714175692,0.6000055106299238,0.0
R3: whole-tree replace,-1500,1.0000004820474928,0.4000036673273736,0.5999968147201192,0.0
R3: whole-tree replace,-1488,1.0000004820474928,0.40000107331481655,0.5999994087326763,0.0
R3: whole-tree replace,-1476,1.000000482047493,0.4000045402330881,0.5999959418144049,0.0
R3: whole-tree replace,-1464,1.0000004820474928,0.39999671180213825,0.6000037702453546,0.0
R3: whole-tree replace,-1452,1.000000482047493,0.3999949714175692,0.6000055106299238,0.0
R3: whole-tree replace,-1440,1.0000004820474928,0.4000036673273736,0.5999968147201192,0.0
R3: whole-tree replace,-1428,1.0000004820474928,0.40000107331481655,0.5999994087326763,0.0
R3: whole-tree replace,-1416,1.000000482047493,0.4000045402330881,0.5999959418144049,0.0
R3: whole-tree replace,-1404,1.0000004820474928,0.39999671180213825,0.6000037702453546,0.0
R3: whole-tree replace,-1392,1.000000482047493,0.3999949714175692,0.6000055106299238,0.0
R3: whole-tree replace,-1380,1.0000004820474928,0.4000036673273736,0.5999968147201192,0.0
R3: whole-tree replace,-1368,1.0000004820474928,0.40000107331481655,0.5999994087326763,0.0
R3: whole-tree replace,-1356,1.000000482047493,0.4000045402330881,0.5999959418144049,0.0
R3: whole-tree replace,-1344,1.0000004820474928,0.39999671180213825,0.6000037702453546,0.0
R3: whole-tree replace,-1332,1.000000482047493,0.3999949714175692,0.6000055106299238,0.0
R3: whole-tree replace,-1320,1.0000004820474928,0.4000036673273736,0.5999968147201192,0.0
R3: whole-tree replace,-1308,1.0000004820474928,0.40000107331481655,0.5999994087326763,0.0
R3: whole-tree replace,-1296,1.000000482047493,0.4000045402330881,0.5999959418144049,0.0
R3: whole-tree replace,-1284,1.0000004820474928,0.39999671180213825,0.6000037702453546,0.0
R3: whole-tree replace,-1272,1.000000482047493,0.3999949714175692,0.6000055106299238,0.0
R3: whole-tree replace,-1260,1.0000004820474928,0.4000036673273736,0.5999968147201192,0.0
R3: whole-tree replace,-1248,1.0000004820474928,0.40000107331481655,0.5999994087326763,0.0
R3: whole-tree replace,-1236,1.000000482047493,0.4000045402330881,0.5999959418144049,0.0
R3: whole-tree replace,-1224,1.0000004820474928,0.39999671180213825,0.6000037702453546,0.0
R3: whole-tree replace,-1212,1.000000482047493,0.3999949714175692,0.6000055106299238,0.0
R3: whole-tree replace,-1200,1.0000004820474928,0.4000036673273736,0.5999968147201192,0.0
R3: whole-tree replace,-1188,1.0000004820474928,0.40000107331481655,0.5999994087326763,0.0
R3: whole-tree replace,-1176,1.000000482047493,0.4000045402330881,0.5999959418144049,0.0
R3: whole-tree replace,-1164,1.0000004820474928,0.39999671180213825,0.6000037702453546,0.0
R3: whole-tree replace,-1152,1.000000482047493,0.3999949714175692,0.6000055106299238,0.0
R3: whole-tree replace,-1140,1.0000004820474928,0.4000036673273736,0.5999968147201192,0.0
R3: whole-tree replace,-1128,1.0000004820474928,0.40000107331481655,0.5999994087326763,0.0
R3: whole-tree replace,-1116,1.000000482047493,0.4000045402330881,0.5999959418144049,0.0
R3: whole-tree replace,-1104,1.0000004820474928,0.39999671180213825,0.6000037702453546,0.0
R3: whole-tree replace,-1092,1.000000482047493,0.3999949714175692,0.6000055106299238,0.0
R3: whole-tree replace,-1080,1.0000004820474928,0.4000036673273736,0.5999968147201192,0.0
R3: whole-tree replace,-1068,1.0000004820474928,0.40000107331481655,0.5999994087326763,0.0
R3: whole-tree replace,-1056,1.000000482047493,0.4000045402330881,0.5999959418144049,0.0
R3: whole-tree replace,-1044,1.0000004820474928,0.39999671180213825,0.6000037702453546,0.0
R3: whole-tree replace,-1032,1.000000482047493,0.3999949714175692,0.6000055106299238,0.0
R3: whole-tree replace,-1020,1.0000004820474928,0.4000036673273736,0.5999968147201192,0.0
R3: whole-tree replace,-1008,1.0000004820474928,0.40000107331481655,0.5999994087326763,0.0
R3: whole-tree replace,-996,1.000000482047493,0.4000045402330881,0.5999959418144049,0.0
R3: whole-tree replace,-984,1.0000004820474928,0.39999671180213825,0.6000037702453546,0.0
R3: whole-tree replace,-972,1.000000482047493,0.3999949714175692,0.6000055106299238,0.0
R3: whole-tree replace,-960,1.0000004820474928,0.4000036673273736,0.5999968147201192,0.0
R3: whole-tree replace,-948,1.0000004820474928,0.40000107331481655,0.5999994087326763,0.0
R3: whole-tree replace,-936,1.000000482047493,0.4000045402330881,0.5999959418144049,0.0
R3: whole-tree replace,-924,1.0000004820474928,0.39999671180213825,0.6000037702453546,0.0
R3: whole-tree replace,-912,1.000000482047493,0.3999949714175692,0.6000055106299238,0.0
R3: whole-tree replace,-900,1.0000004820474928,0.4000036673273736,0.5999968147201192,0.0
R3: whole-tree replace,-888,1.0000004820474928,0.40000107331481655,0.5999994087326763,0.0
R3: whole-tree replace,-876,1.000000482047493,0.4000045402330881,0.5999959418144049,0.0
R3: whole-tree replace,-864,1.0000004820474928,0.39999671180213825,0.6000037702453546,0.0
R3: whole-tree replace,-852,1.000000482047493,0.3999949714175692,0.6000055106299238,0.0
R3: whole-tree replace,-840,1.0000004820474928,0.4000036673273736,0.5999968147201192,0.0
R3: whole-tree replace,-828,1.0000004820474928,0.40000107331481655,0.5999994087326763,0.0
R3: whole-tree replace,-816,1.000000482047493,0.4000045402330881,0.5999959418144049,0.0
R3: whole-tree replace,-804,1.0000004820474928,0.39999671180213825,0.6000037702453546,0.0
R3: whole-tree replace,-792,1.000000482047493,0.3999949714175692,0.6000055106299238,0.0
R3: whole-tree replace,-780,1.0000004820474928,0.4000036673273736,0.5999968147201192,0.0
R3: whole-tree replace,-768,1.0000004820474928,0.40000107331481655,0.5999994087326763,0.0
R3: whole-tree replace,-756,1.000000482047493,0.4000045402330881,0.5999959418144049,0.0
R3: whole-tree replace,-744,1.0000004820474928,0.39999671180213825,0.6000037702453546,0.0
R3: whole-tree replace,-732,1.000000482047493,0.3999949714175692,0.6000055106299238,0.0
R3: whole-tree replace,-720,1.0000004820474928,0.4000036673273736,0.5999968147201192,0.0
R3: whole-tree replace,-708,1.0000004820474928,0.40000107331481655,0.5999994087326763,0.0
R3: whole-tree replace,-696,1.000000482047493,0.4000045402330881,0.5999959418144049,0.0
R3: whole-tree replace,-684,1.0000004820474928,0.39999671180213825,0.6000037702453546,0.0
R3: whole-tree replace,-672,1.000000482047493,0.3999949714175692,0.6000055106299238,0.0
R3: whole-tree replace,-660,1.0000004820474928,0.4000036673273736,0.5999968147201192,0.0
R3: whole-tree replace,-648,1.0000004820474928,0.40000107331481655,0.5999994087326763,0.0
R3: whole-tree replace,-636,1.000000482047493,0.4000045402330881,0.5999959418144049,0.0
R3: whole-tree replace,-624,1.0000004820474928,0.39999671180213825,0.6000037702453546,0.0
R3: whole-tree replace,-612,1.000000482047493,0.3999949714175692,0.6000055106299238,0.0
R3: whole-tree replace,-600,1.0000004820474928,0.4000036673273736,0.5999968147201192,0.0
R3: whole-tree replace,-588,1.0000004820474928,0.40000107331481655,0.5999994087326763,0.0
R3: whole-tree replace,-576,1.000000482047493,0.4000045402330881,0.5999959418144049,0.0
R3: whole-tree replace,-564,1.0000004820474928,0.39999671180213825,0.6000037702453546,0.0
R3: whole-tree replace,-552,1.000000482047493,0.3999949714175692,0.6000055106299238,0.0
R3: whole-tree replace,-540,1.0000004820474928,0.4000036673273736,0.5999968147201192,0.0
R3: whole-tree replace,-528,1.0000004820474928,0.40000107331481655,0.5999994087326763,0.0
R3: whole-tree replace,-516,1.000000482047493,0.4000045402330881,0.5999959418144049,0.0
R3: whole-tree replace,-504,1.0000004820474928,0.39999671180213825,0.6000037702453546,0.0
R3: whole-tree replace,-492,1.000000482047493,0.3999949714175692,0.6000055106299238,0.0
R3: whole-tree replace,-480,1.0000004820474928,0.4000036673273736,0.5999968147201192,0.0
R3: whole-tree replace,-468,1.0000004820474928,0.40000107331481655,0.5999994087326763,0.0
R3: whole-tree replace,-456,1.000000482047493,0.4000045402330881,0.5999959418144049,0.0
R3: whole-tree replace,-444,1.0000004820474928,0.39999671180213825,0.6000037702453546,0.0
R3: whole-tree replace,-432,1.000000482047493,0.3999949714175692,0.6000055106299238,0.0
R3: whole-tree replace,-420,1.0000004820474928,0.4000036673273736,0.5999968147201192,0.0
R3: whole-tree replace,-408,1.0000004820474928,0.40000107331481655,0.5999994087326763,0.0
R3: whole-tree replace,-396,1.000000482047493,0.4000045402330881,0.5999959418144049,0.0
R3: whole-tree replace,-384,1.0000004820474928,0.39999671180213825,0.6000037702453546,0.0
R3: whole-tree replace,-372,1.000000482047493,0.3999949714175692,0.6000055106299238,0.0
R3: whole-tree replace,-360,1.0000004820474928,0.4000036673273736,0.5999968147201192,0.0
R3: whole-tree replace,-348,1.0000004820474928,0.40000107331481655,0.5999994087326763,0.0
R3: whole-tree replace,-336,1.000000482047493,0.4000045402330881,0.5999959418144049,0.0
R3: whole-tree replace,-324,1.0000004820474928,0.39999671180213825,0.6000037702453546,0.0
R3: whole-tree replace,-312,1.000000482047493,0.3999949714175692,0.6000055106299238,0.0
R3: whole-tree replace,-300,1.0000004820474928,0.4000036673273736,0.5999968147201192,0.0
R3: whole-tree replace,-288,1.0000004820474928,0.40000107331481655,0.5999994087326763,0.0
R3: whole-tree replace,-276,1.000000482047493,0.4000045402330881,0.5999959418144049,0.0
R3: whole-tree replace,-264,1.0000004820474928,0.39999671180213825,0.6000037702453546,0.0
R3: whole-tree replace,-252,1.000000482047493,0.3999949714175692,0.6000055106299238,0.0
R3: whole-tree replace,-240,1.0000004820474928,0.4000036673273736,0.5999968147201192,0.0
R3: whole-tree replace,-228,1.0000004820474928,0.40000107331481655,0.5999994087326763,0.0
R3: whole-tree replace,-216,1.000000482047493,0.4000045402330881,0.5999959418144049,0.0
R3: whole-tree replace,-204,1.0000004820474928,0.39999671180213825,0.6000037702453546,0.0
R3: whole-tree replace,-192,1.000000482047493,0.3999949714175692,0.6000055106299238,0.0
R3: whole-tree replace,-180,1.0000004820474928,0.4000036673273736,0.5999968147201192,0.0
R3: whole-tree replace,-168,1.0000004820474928,0.40000107331481655,0.5999994087326763,0.0
R3: whole-tree replace,-156,1.000000482047493,0.4000045402330881,0.5999959418144049,0.0
R3: whole-tree replace,-144,1.0000004820474928,0.39999671180213825,0.6000037702453546,0.0
R3: whole-tree replace,-132,1.000000482047493,0.3999949714175692,0.6000055106299238,0.0
R3: whole-tree replace,-120,1.0000004820474928,0.4000036673273736,0.5999968147201192,0.0
R3: whole-tree replace,-108,1.0000004820474928,0.40000107331481655,0.5999994087326763,0.0
R3: whole-tree replace,-96,1.000000482047493,0.4000435591017534,0.5999569229457395,0.0
R3: whole-tree replace,-84,1.0000004820474926,0.40053452778714504,0.5994659542603477,0.0
R3: whole-tree replace,-72,1.000000482047493,0.40132604320051607,0.598674438846977,0.0
R3: whole-tree replace,-60,1.000000482047493,0.40099059392326236,0.5990098881242306,0.0
R3: whole-tree replace,-48,1.0000004820474928,0.397565946391453,0.6024345356560398,0.0
R3: whole-tree replace,-36,1.000000482047493,0.3894320105078528,0.6105684715396401,0.0
R3: whole-tree replace,-24,1.0000004820474928,0.3753993987315612,0.6246010833159316,0.0
R3: whole-tree replace,-12,1.000000482047493,0.35489527977793456,0.6451052022695584,0.0
R3: whole-tree replace,0,1.0000004820474928,0.3279355614243626,0.6720649206231303,0.0
R3: whole-tree replace,12,1.0000004820474926,0.29518585208919,0.7048146299583027,0.0
R3: whole-tree replace,24,1.0000004820474928,0.2579204746004276,0.7420800074470653,0.0
R3: whole-tree replace,36,1.0000004820474928,0.21782534383523594,0.7821751382122569,0.0
R3: whole-tree replace,48,1.000000482047493,0.17690002519586556,0.8231004568516274,0.0
R3: whole-tree replace,60,1.0000004820474928,0.1371760192900224,0.8628244627574705,0.0
R3: whole-tree replace,72,1.0000004820474928,0.10057878248183122,0.8994216995656616,0.0
R3: whole-tree replace,84,1.0000004820474928,0.06876239240844242,0.9312380896390504,0.0
R3: whole-tree replace,96,1.0000004820474928,0.042874943440096146,0.9571255386073967,0.0
R3: whole-tree replace,108,1.0000004820474928,0.02351368857791966,0.9764867934695732,0.0
R3: whole-tree replace,120,1.0000004820474928,0.010581733770604864,0.989418748276888,0.0
R3: whole-tree replace,132,1.0000004820474928,0.00336013314662558,0.9966403489008673,0.0
R3: whole-tree replace,144,1.0000004820474928,0.0005385581908567721,0.9994619238566361,0.0
R3: whole-tree replace,156,1.0000004820474928,0.0,1.0000004820474928,0.0
R3: whole-tree replace,168,1.0000004820474928,0.0,1.0000004820474928,0.0
R3: whole-tree replace,180,1.0000004820474928,0.0,1.0000004820474928,0.0
R3: whole-tree replace,192,1.0000004820474928,0.0,1.0000004820474928,0.0
R3: whole-tree replace,204,1.0000004820474928,0.0,1.0000004820474928,0.0
R3: whole-tree replace,216,1.0000004820474928,0.0,1.0000004820474928,0.0
R3: whole-tree replace,228,1.0000004820474928,0.0,1.0000004820474928,0.0
R3: whole-tree replace,240,1.0000004820474928,0.0,1.0000004820474928,0.0
R3: whole-tree replace,252,1.0000004820474928,0.0,1.0000004820474928,0.0
R3: whole-tree replace,264,1.0000004820474928,0.0,1.0000004820474928,0.0
R3: whole-tree replace,276,1.0000004820474928,0.0,1.0000004820474928,0.0
R3: whole-tree replace,288,1.0000004820474928,0.0,1.0000004820474928,0.0
R3: whole-tree replace,300,1.0000004820474928,0.0,1.0000004820474928,0.0
R3: whole-tree replace,312,1.0000004820474928,0.0,1.0000004820474928,0.0
R3: whole-tree replace,324,1.0000004820474928,3.901886866526864e-05,0.9999614631788276,0.0
R3: whole-tree replace,336,1.0000004820474928,0.0021274253281558463,0.997873056719337,0.0
R3: whole-tree replace,348,1.0000004820474928,0.010819938554828323,0.9891805434926645,0.0
R3: whole-tree replace,360,1.0000004820474928,0.030214297545738324,0.9697861845017546,0.0
R3: whole-tree replace,372,1.0000004820474928,0.06335195841909545,0.9366485236283975,0.0
R3: whole-tree replace,384,1.0000004820474928,0.11191789965392003,0.8880825823935729,0.0
R3: whole-tree replace,396,1.0000004820474928,0.17607431302917428,0.8239261690183186,0.0
R3: whole-tree replace,408,1.0000004820474928,0.25444459513298584,0.745555886914507,0.0
R3: whole-tree replace,420,1.0000004820474928,0.34424921949601206,0.6557512625514808,0.0
R3: whole-tree replace,432,1.0000004820474928,0.4415800786335089,0.5584204034139839,0.0
R3: whole-tree replace,444,1.0000004820474926,0.5417862181622077,0.45821426388528497,0.0
R3: whole-tree replace,456,1.0000004820474928,0.6399328906489298,0.3600675913985631,0.0
R3: whole-tree replace,468,1.000000482047493,0.731288620117019,0.2687118619304739,0.0
R3: whole-tree replace,480,1.0000004820474928,0.8117922034567463,0.18820827859074657,0.0
R3: whole-tree replace,492,1.0000004820474928,0.8784535552334691,0.12154692681402374,0.0
R3: whole-tree replace,504,1.0000004820474928,0.9296488321101354,0.0703516499373575,0.0
R3: whole-tree replace,516,1.0000004820474928,0.9652807078085046,0.03471977423898823,0.0
R3: whole-tree replace,528,1.0000004820474928,0.9867879793101374,0.01321250273735547,0.0
R3: whole-tree replace,540,1.0000004820474928,0.9970035561555086,0.002996925891984266,0.0
R3: whole-tree replace,552,1.0000004820474928,0.9998748494394347,0.00012563260805815044,0.0
R3: whole-tree replace,564,1.0000004820474928,1.0000004820474928,0.0,0.0
R3: whole-tree replace,576,1.0000004820474928,1.0000004820474928,0.0,0.0
R3: whole-tree replace,588,1.0000004820474928,1.0000004820474928,0.0,0.0
R3: whole-tree replace,600,0.9993593475501479,0.9991861679415858,0.0,0.00017317960856212358
R3: whole-tree replace,612,0.9972204132990199,0.9947064695516246,0.0002765895959798448,0.002237354151415436
R3: whole-tree replace,624,0.9937040226103232,0.9842574834223847,0.0019720548914240106,0.007474484296514462
R3: whole-tree replace,636,0.9891572467614462,0.965743085061011,0.006419945047347264,0.016994216653087934
R3: whole-tree replace,648,0.9840288570754782,0.9380187671489362,0.01477161298059092,0.031238476945951034
R3: whole-tree replace,660,0.9788250307428477,0.9009858530140025,0.027536942007848984,0.050302235720996194
R3: whole-tree replace,672,0.9740593906264455,0.8550826075996193,0.045082537980433,0.07389424504639319
R3: whole-tree replace,684,0.9702023101714321,0.8021239930101008,0.06705816585834176,0.10102015130298944
R3: whole-tree replace,696,0.9676344870758226,0.7442096275915274,0.09279570247540557,0.13062915700888958
R3: whole-tree replace,708,0.9666093680469939,0.6840838201741029,0.12134519135296547,0.16118035651992557
R3: whole-tree replace,720,0.9672281333582171,0.6248459535015485,0.15122297068255838,0.1911592091741103
R3: whole-tree replace,732,0.9694297102545049,0.5691259435378346,0.18110663035809313,0.2191971363585771
R3: whole-tree replace,744,0.9729968008946026,0.5197076768651232,0.20942815611394303,0.24386096791553635
R3: whole-tree replace,756,0.9775773298652185,0.4783413359497347,0.23489307831744607,0.2643429155980377
R3: whole-tree replace,768,0.9827191943763938,0.44613792305527555,0.25657834780517796,0.2800029235159402
R3: whole-tree replace,780,0.9879148872589774,0.4234408526634735,0.27367780808671593,0.290796226508788
R3: whole-tree replace,792,0.9926515884297316,0.4092734276043535,0.2861302819244144,0.29724787890096366
R3: whole-tree replace,804,0.9964617807463705,0.40231825277713695,0.2940882305261411,0.3000552974430925
R3: whole-tree replace,816,0.998969394417025,0.40013436101962474,0.29826708968805626,0.300567943709344
R3: whole-tree replace,828,0.9999312628927812,0.39996974510884553,0.2998447659551426,0.30011675182879305
R3: whole-tree replace,840,1.0000004820474928,0.4000045574031864,0.29999974239557975,0.29999618224872665
R3: whole-tree replace,852,1.0000004820474928,0.40000631976958545,0.29999356342866024,0.3000005988492472
R3: whole-tree replace,864,1.0000004820474928,0.39999227371672064,0.3000084659351924,0.29999974239557975
R3: whole-tree replace,876,1.0000004820474928,0.400010736370106,0.29999618224872665,0.29999356342866024
R3: whole-tree replace,888,1.0000004820474928,0.39999141726305326,0.3000005988492472,0.3000084659351924
R3: whole-tree replace,900,1.0000004820474928,0.4000045574031864,0.29999974239557975,0.29999618224872665
R3: whole-tree replace,912,1.0000004820474928,0.40000631976958545,0.29999356342866024,0.3000005988492472
R3: whole-tree replace,924,1.0000004820474928,0.39999227371672064,0.3000084659351924,0.29999974239557975
R3: whole-tree replace,936,1.0000004820474928,0.400010736370106,0.29999618224872665,0.29999356342866024
R3: whole-tree replace,948,1.0000004820474928,0.39999141726305326,0.3000005988492472,0.3000084659351924
R3: whole-tree replace,960,1.0000004820474928,0.4000045574031864,0.29999974239557975,0.29999618224872665
R3: whole-tree replace,972,1.0000004820474928,0.40000631976958545,0.29999356342866024,0.3000005988492472
R3: whole-tree replace,984,1.0000004820474928,0.39999227371672064,0.3000084659351924,0.29999974239557975
R3: whole-tree replace,996,1.0000004820474928,0.400010736370106,0.29999618224872665,0.29999356342866024
R3: whole-tree replace,1008,1.0000004820474928,0.39999141726305326,0.3000005988492472,0.3000084659351924
R3: whole-tree replace,1020,1.0000004820474928,0.4000045574031864,0.29999974239557975,0.29999618224872665
R3: whole-tree replace,1032,1.0000004820474928,0.40000631976958545,0.29999356342866024,0.3000005988492472
R3: whole-tree replace,1044,1.0000004820474928,0.39999227371672064,0.3000084659351924,0.29999974239557975
R3: whole-tree replace,1056,1.0000004820474928,0.400010736370106,0.29999618224872665,0.29999356342866024
R3: whole-tree replace,1068,1.0000004820474928,0.39999141726305326,0.3000005988492472,0.3000084659351924
R3: whole-tree replace,1080,1.0000004820474928,0.4000045574031864,0.29999974239557975,0.29999618224872665
R3: whole-tree replace,1092,1.0000004820474928,0.40000631976958545,0.29999356342866024,0.3000005988492472
R3: whole-tree replace,1104,1.0000004820474928,0.39999227371672064,0.3000084659351924,0.29999974239557975
R3: whole-tree replace,1116,1.0000004820474928,0.400010736370106,0.29999618224872665,0.29999356342866024
R3: whole-tree replace,1128,1.0000004820474928,0.39999141726305326,0.3000005988492472,0.3000084659351924
R3: whole-tree replace,1140,1.0000004820474928,0.4000045574031864,0.29999974239557975,0.29999618224872665
R3: whole-tree replace,1152,1.0000004820474928,0.40000631976958545,0.29999356342866024,0.3000005988492472
R3: whole-tree replace,1164,1.0000004820474928,0.39999227371672064,0.3000084659351924,0.29999974239557975
R3: whole-tree replace,1176,1.0000004820474928,0.400010736370106,0.29999618224872665,0.29999356342866024
R3: whole-tree replace,1188,1.0000004820474928,0.39999141726305326,0.3000005988492472,0.3000084659351924
R3: whole-tree replace,1200,1.0000004820474928,0.4000045574031864,0.29999974239557975,0.29999618224872665
R3: whole-tree replace,1212,1.0000004820474928,0.40000631976958545,0.29999356342866024,0.3000005988492472
R3: whole-tree replace,1224,1.0000004820474928,0.39999227371672064,0.3000084659351924,0.29999974239557975
R3: whole-tree replace,1236,1.0000004820474928,0.400010736370106,0.29999618224872665,0.29999356342866024
R3: whole-tree replace,1248,1.0000004820474928,0.39999141726305326,0.3000005988492472,0.3000084659351924
R3: whole-tree replace,1260,1.0000004820474928,0.4000045574031864,0.29999974239557975,0.29999618224872665
R3: whole-tree replace,1272,1.0000004820474928,0.40000631976958545,0.29999356342866024,0.3000005988492472
R3: whole-tree replace,1284,1.0000004820474928,0.39999227371672064,0.3000084659351924,0.29999974239557975
R3: whole-tree replace,1296,1.0000004820474928,0.400010736370106,0.29999618224872665,0.29999356342866024
R3: whole-tree replace,1308,1.0000004820474928,0.39999141726305326,0.3000005988492472,0.3000084659351924
R3: whole-tree replace,1320,1.0000004820474928,0.4000045574031864,0.29999974239557975,0.29999618224872665
R3: whole-tree replace,1332,1.0000004820474928,0.40000631976958545,0.29999356342866024,0.3000005988492472
R3: whole-tree replace,1344,1.0000004820474928,0.39999227371672064,0.3000084659351924,0.29999974239557975
R3: whole-tree replace,1356,1.0000004820474928,0.400010736370106,0.29999618224872665,0.29999356342866024
R3: whole-tree replace,1368,1.0000004820474928,0.39999141726305326,0.3000005988492472,0.3000084659351924
R3: whole-tree replace,1380,1.0000004820474928,0.4000045574031864,0.29999974239557975,0.29999618224872665
R3: whole-tree replace,1392,1.0000004820474928,0.40000631976958545,0.29999356342866024,0.3000005988492472
R3: whole-tree replace,1404,1.0000004820474928,0.39999227371672064,0.3000084659351924,0.29999974239557975
R3: whole-tree replace,1416,1.0000004820474928,0.400010736370106,0.29999618224872665,0.29999356342866024
R3: whole-tree replace,1428,1.0000004820474928,0.39999141726305326,0.3000005988492472,0.3000084659351924
R3: whole-tree replace,1440,1.0000004820474928,0.4000045574031864,0.29999974239557975,0.29999618224872665
R3: whole-tree replace,1452,1.0000004820474928,0.40000631976958545,0.29999356342866024,0.3000005988492472
R3: whole-tree replace,1464,1.0000004820474928,0.39999227371672064,0.3000084659351924,0.29999974239557975
R3: whole-tree replace,1476,1.0000004820474928,0.400010736370106,0.29999618224872665,0.29999356342866024
R3: whole-tree replace,1488,1.0000004820474928,0.39999141726305326,0.3000005988492472,0.3000084659351924
R3: whole-tree replace,1500,1.0000004820474928,0.4000045574031864,0.29999974239557975,0.29999618224872665
R3: whole-tree replace,1512,1.0000004820474928,0.40000631976958545,0.29999356342866024,0.3000005988492472
R3: whole-tree replace,1524,1.0000004820474928,0.39999227371672064,0.3000084659351924,0.29999974239557975
R3: whole-tree replace,1536,1.0000004820474928,0.400010736370106,0.29999618224872665,0.29999356342866024
R3: whole-tree replace,1548,1.0000004820474928,0.39999141726305326,0.3000005988492472,0.3000084659351924
R3: whole-tree replace,1560,1.0000004820474928,0.4000045574031864,0.29999974239557975,0.29999618224872665
R3: whole-tree replace,1572,1.0000004820474928,0.40000631976958545,0.29999356342866024,0.3000005988492472
R3: whole-tree replace,1584,1.0000004820474928,0.39999227371672064,0.3000084659351924,0.29999974239557975
R3: whole-tree replace,1596,1.0000004820474928,0.400010736370106,0.29999618224872665,0.29999356342866024
R3: whole-tree replace,1608,1.0000004820474928,0.39999141726305326,0.3000005988492472,0.3000084659351924
R3: whole-tree replace,1620,1.0000004820474928,0.4000045574031864,0.29999974239557975,0.29999618224872665
R3: whole-tree replace,1632,1.0000004820474928,0.40000631976958545,0.29999356342866024,0.3000005988492472
R3: whole-tree replace,1644,1.0000004820474928,0.39999227371672064,0.3000084659351924,0.29999974239557975
R3: whole-tree replace,1656,1.0000004820474928,0.400010736370106,0.29999618224872665,0.29999356342866024
R3: whole-tree replace,1668,1.0000004820474928,0.39999141726305326,0.3000005988492472,0.3000084659351924
R3: whole-tree replace,1680,1.0000004820474928,0.4000045574031864,0.29999974239557975,0.29999618224872665
R3: whole-tree replace,1692,1.0000004820474928,0.40000631976958545,0.29999356342866024,0.3000005988492472
R3: whole-tree replace,1704,1.0000004820474928,0.39999227371672064,0.3000084659351924,0.29999974239557975
R3: whole-tree replace,1716,1.0000004820474928,0.400010736370106,0.29999618224872665,0.29999356342866024
R3: whole-tree replace,1728,1.0000004820474928,0.39999141726305326,0.3000005988492472,0.3000084659351924
R3: whole-tree replace,1740,1.0000004820474928,0.4000045574031864,0.29999974239557975,0.29999618224872665
R3: whole-tree replace,1752,1.0000004820474928,0.40000631976958545,0.29999356342866024,0.3000005988492472
R3: whole-tree replace,1764,1.0000004820474928,0.39999227371672064,0.3000084659351924,0.29999974239557975
R3: whole-tree replace,1776,1.0000004820474928,0.400010736370106,0.29999618224872665,0.29999356342866024
R3: whole-tree replace,1788,1.0000004820474928,0.39999141726305326,0.3000005988492472,0.3000084659351924
R3: whole-tree replace,1800,1.0000004820474928,0.4000045574031864,0.29999974239557975,0.29999618224872665
R3: whole-tree replace,1812,1.0000004820474928,0.40000631976958545,0.29999356342866024,0.3000005988492472
R3: whole-tree replace,1824,1.0000004820474928,0.39999227371672064,0.3000084659351924,0.29999974239557975
R3: whole-tree replace,1836,1.0000004820474928,0.400010736370106,0.29999618224872665,0.29999356342866024
R3: whole-tree replace,1848,1.0000004820474928,0.39999141726305326,0.3000005988492472,0.3000084659351924
R3: whole-tree replace,1860,1.0000004820474928,0.4000045574031864,0.29999974239557975,0.29999618224872665
R3: whole-tree replace,1872,1.0000004820474928,0.40000631976958545,0.29999356342866024,0.3000005988492472
R3: whole-tree replace,1884,1.0000004820474928,0.39999227371672064,0.3000084659351924,0.29999974239557975
R3: whole-tree replace,1896,1.0000004820474928,0.400010736370106,0.29999618224872665,0.29999356342866024
R3: whole-tree replace,1908,1.0000004820474928,0.39999141726305326,0.3000005988492472,0.3000084659351924
R3: whole-tree replace,1920,1.0000004820474928,0.4000045574031864,0.29999974239557975,0.29999618224872665
R3: whole-tree replace,1932,0.9999831353330353,0.40000631976958545,0.29999356342866024,0.2999832521347896
R3: whole-tree replace,1944,0.9991598513284321,0.3997476518363013,0.2998401622328132,0.2995720372593176
R3: whole-tree replace,1956,0.9966594022537626,0.3994806355484227,0.2990123669693695,0.29816639973597037
R3: whole-tree replace,1968,0.9917386195553171,0.39913721980216754,0.2970464415720844,0.2955549581810651
R3: whole-tree replace,1980,0.9838775699074169,0.3986912452436301,0.2937331728663585,0.29145315179742826
R3: whole-tree replace,1992,0.9728467694062086,0.39836351813482745,0.28876285858097056,0.2857203926904106
R3: whole-tree replace,2004,0.9587327193232775,0.39793750689050467,0.282275954493351,0.2785192579394219
R3: whole-tree replace,2016,0.9419760037814873,0.3976818104078943,0.2743704118337934,0.2699237815397995
R3: whole-tree replace,2028,0.9232405619837921,0.39752726030711444,0.26528107528184275,0.26043222639483493
R3: whole-tree replace,2040,0.9033699812723593,0.3974290560061841,0.2555018194673232,0.25043910579885204
R3: whole-tree replace,2052,0.8833201304689156,0.397573678494922,0.24536114151268054,0.240385310461313
R3: whole-tree replace,2064,0.864067700128986,0.3976979748104431,0.23550981725989856,0.23085990805864431
R3: whole-tree replace,2076,0.8465604376452137,0.3980162279435125,0.22637786957401398,0.2221663401276872
R3: whole-tree replace,2088,0.8315363619542789,0.398402620113227,0.21832119053708382,0.2148125513039681
R3: whole-tree replace,2100,0.819472744852221,0.3987589591945624,0.21173173044953514,0.20898205520812352
R3: whole-tree replace,2112,0.8105549000455066,0.399226862290961,0.20662315040574522,0.20470488734880032
R3: whole-tree replace,2124,0.8046607779657049,0.3995112683202792,0.2031495531517658,0.20199995649365987
R3: whole-tree replace,2136,0.8014196476217887,0.39981065728441956,0.20111147352008313,0.20049751681728606
R3: whole-tree replace,2148,0.8001614464420094,0.4000010733148165,0.20016463172189003,0.19999574140530285
R3: whole-tree replace,2160,0.80000474064219,0.4000036673273736,0.19999923001226644,0.20000184330255
R3: whole-tree replace,2172,0.7999986387449427,0.39999497141756923,0.19999486849958809,0.20000879882778544
R3: whole-tree replace,2184,0.7999916832197075,0.3999967118021382,0.19999574140530285,0.19999923001226644
R3: whole-tree replace,2196,0.8000012520352264,0.4000045402330883,0.20000184330255,0.19999486849958809
R3: whole-tree replace,2208,0.8000056135479048,0.4000010733148165,0.20000879882778544,0.19999574140530285
R3: whole-tree replace,2220,0.80000474064219,0.4000036673273736,0.19999923001226644,0.20000184330255
R3: whole-tree replace,2232,0.7999986387449427,0.39999497141756923,0.19999486849958809,0.20000879882778544
R3: whole-tree replace,2244,0.7999916832197075,0.3999967118021382,0.19999574140530285,0.19999923001226644
R3: whole-tree replace,2256,0.8000012520352264,0.4000045402330883,0.20000184330255,0.19999486849958809
R3: whole-tree replace,2268,0.8000056135479048,0.4000010733148165,0.20000879882778544,0.19999574140530285
R3: whole-tree replace,2280,0.80000474064219,0.4000036673273736,0.19999923001226644,0.20000184330255
R3: whole-tree replace,2292,0.7999986387449427,0.39999497141756923,0.19999486849958809,0.20000879882778544
R3: whole-tree replace,2304,0.7999916832197075,0.3999967118021382,0.19999574140530285,0.19999923001226644
R3: whole-tree replace,2316,0.8000012520352264,0.4000045402330883,0.20000184330255,0.19999486849958809
R3: whole-tree replace,2328,0.8000056135479048,0.4000010733148165,0.20000879882778544,0.19999574140530285
R3: whole-tree replace,2340,0.80000474064219,0.4000036673273736,0.19999923001226644,0.20000184330255
R3: whole-tree replace,2352,0.7999986387449427,0.39999497141756923,0.19999486849958809,0.20000879882778544
R3: whole-tree replace,2364,0.7999916832197075,0.3999967118021382,0.19999574140530285,0.19999923001226644
R3: whole-tree replace,2376,0.8000012520352264,0.4000045402330883,0.20000184330255,0.19999486849958809
R3: whole-tree replace,2388,0.8000056135479048,0.4000010733148165,0.20000879882778544,0.19999574140530285
R3: whole-tree replace,2400,0.80000474064219,0.4000036673273736,0.19999923001226644,0.20000184330255
R3: whole-tree replace,2412,0.7999986387449427,0.39999497141756923,0.19999486849958809,0.20000879882778544
R3: whole-tree replace,2424,0.7999916832197075,0.3999967118021382,0.19999574140530285,0.19999923001226644
R3: whole-tree replace,2436,0.8000012520352264,0.4000045402330883,0.20000184330255,0.19999486849958809
R3: whole-tree replace,2448,0.8000056135479048,0.4000010733148165,0.20000879882778544,0.19999574140530285
R3: whole-tree replace,2460,0.80000474064219,0.4000036673273736,0.19999923001226644,0.20000184330255
R3: whole-tree replace,2472,0.7999986387449427,0.39999497141756923,0.19999486849958809,0.20000879882778544
R3: whole-tree replace,2484,0.7999916832197075,0.3999967118021382,0.19999574140530285,0.19999923001226644
R3: whole-tree replace,2496,0.8000012520352264,0.4000045402330883,0.20000184330255,0.19999486849958809
R3: whole-tree replace,2508,0.8000056135479048,0.4000010733148165,0.20000879882778544,0.19999574140530285
R3: whole-tree replace,2520,0.80000474064219,0.4000036673273736,0.19999923001226644,0.20000184330255
R3: whole-tree replace,2532,0.7999986387449427,0.39999497141756923,0.19999486849958809,0.20000879882778544
R3: whole-tree replace,2544,0.7999916832197075,0.3999967118021382,0.19999574140530285,0.19999923001226644
R3: whole-tree replace,2556,0.8000012520352264,0.4000045402330883,0.20000184330255,0.19999486849958809
R3: whole-tree replace,2568,0.8000056135479048,0.4000010733148165,0.20000879882778544,0.19999574140530285
R3: whole-tree replace,2580,0.80000474064219,0.4000036673273736,0.19999923001226644,0.20000184330255
R3: whole-tree replace,2592,0.7999986387449427,0.39999497141756923,0.19999486849958809,0.20000879882778544
R3: whole-tree replace,2604,0.7999916832197075,0.3999967118021382,0.19999574140530285,0.19999923001226644
R3: whole-tree replace,2616,0.8000012520352264,0.4000045402330883,0.20000184330255,0.19999486849958809
R3: whole-tree replace,2628,0.8000056135479048,0.4000010733148165,0.20000879882778544,0.19999574140530285
R3: whole-tree replace,2640,0.80000474064219,0.4000036673273736,0.19999923001226644,0.20000184330255
R3: whole-tree replace,2652,0.7999986387449427,0.39999497141756923,0.19999486849958809,0.20000879882778544
R3: whole-tree replace,2664,0.7999916832197075,0.3999967118021382,0.19999574140530285,0.19999923001226644
R3: whole-tree replace,2676,0.8000012520352264,0.4000045402330883,0.20000184330255,0.19999486849958809
R3: whole-tree replace,2688,0.8000056135479048,0.4000010733148165,0.20000879882778544,0.19999574140530285
R3: whole-tree replace,2700,0.80000474064219,0.4000036673273736,0.19999923001226644,0.20000184330255
R3: whole-tree replace,2712,0.7999986387449427,0.39999497141756923,0.19999486849958809,0.20000879882778544
R3: whole-tree replace,2724,0.7999916832197075,0.3999967118021382,0.19999574140530285,0.19999923001226644
R3: whole-tree replace,2736,0.8000012520352264,0.4000045402330883,0.20000184330255,0.19999486849958809
R3: whole-tree replace,2748,0.8000056135479048,0.4000010733148165,0.20000879882778544,0.19999574140530285
R3: whole-tree replace,2760,0.80000474064219,0.4000036673273736,0.19999923001226644,0.20000184330255
R3: whole-tree replace,2772,0.7999986387449427,0.39999497141756923,0.19999486849958809,0.20000879882778544
R3: whole-tree replace,2784,0.7999916832197075,0.3999967118021382,0.19999574140530285,0.19999923001226644
R3: whole-tree replace,2796,0.8000012520352264,0.4000045402330883,0.20000184330255,0.19999486849958809
R3: whole-tree replace,2808,0.8000056135479048,0.4000010733148165,0.20000879882778544,0.19999574140530285
R3: whole-tree replace,2820,0.80000474064219,0.4000036673273736,0.19999923001226644,0.20000184330255
R3: whole-tree replace,2832,0.7999986387449427,0.39999497141756923,0.19999486849958809,0.20000879882778544
R3: whole-tree replace,2844,0.7999916832197075,0.3999967118021382,0.19999574140530285,0.19999923001226644
R3: whole-tree replace,2856,0.8000012520352264,0.4000045402330883,0.20000184330255,0.19999486849958809
R3: whole-tree replace,2868,0.8000056135479048,0.4000010733148165,0.20000879882778544,0.19999574140530285
R3: whole-tree replace,2880,0.80000474064219,0.4000036673273736,0.19999923001226644,0.20000184330255
R3: whole-tree replace,2892,0.7999986387449427,0.39999497141756923,0.19999486849958809,0.20000879882778544
R3: whole-tree replace,2904,0.7999916832197075,0.3999967118021382,0.19999574140530285,0.19999923001226644
R3: whole-tree replace,2916,0.8000012520352264,0.4000045402330883,0.20000184330255,0.19999486849958809
R3: whole-tree replace,2928,0.8000056135479048,0.4000010733148165,0.20000879882778544,0.19999574140530285
R3: whole-tree replace,2940,0.80000474064219,0.4000036673273736,0.19999923001226644,0.20000184330255
R3: whole-tree replace,2952,0.7999986387449427,0.39999497141756923,0.19999486849958809,0.20000879882778544
R3: whole-tree replace,2964,0.7999916832197075,0.3999967118021382,0.19999574140530285,0.19999923001226644
R3: whole-tree replace,2976,0.8000012520352264,0.4000045402330883,0.20000184330255,0.19999486849958809
R3: whole-tree replace,2988,0.8000056135479048,0.4000010733148165,0.20000879882778544,0.19999574140530285
R3: whole-tree replace,3000,0.80000474064219,0.4000036673273736,0.19999923001226644,0.20000184330255
R3: whole-tree replace,3012,0.7999986387449427,0.39999497141756923,0.19999486849958809,0.20000879882778544
R3: whole-tree replace,3024,0.7999916832197075,0.3999967118021382,0.19999574140530285,0.19999923001226644
R3: whole-tree replace,3036,0.8000012520352264,0.4000045402330883,0.20000184330255,0.19999486849958809
R3: whole-tree replace,3048,0.8000056135479048,0.4000010733148165,0.20000879882778544,0.19999574140530285
R3: whole-tree replace,3060,0.80000474064219,0.4000036673273736,0.19999923001226644,0.20000184330255
R3: whole-tree replace,3072,0.7999986387449427,0.39999497141756923,0.19999486849958809,0.20000879882778544
R3: whole-tree replace,3084,0.7999916832197075,0.3999967118021382,0.19999574140530285,0.19999923001226644
R3: whole-tree replace,3096,0.8000012520352264,0.4000045402330883,0.20000184330255,0.19999486849958809
R3: whole-tree replace,3108,0.8000056135479048,0.4000010733148165,0.20000879882778544,0.19999574140530285
R3: whole-tree replace,3120,0.80000474064219,0.4000036673273736,0.19999923001226644,0.20000184330255
R3: whole-tree replace,3132,0.7999986387449427,0.39999497141756923,0.19999486849958809,0.20000879882778544
R3: whole-tree replace,3144,0.7999916832197075,0.3999967118021382,0.19999574140530285,0.19999923001226644
R3: whole-tree replace,3156,0.8000012520352264,0.4000045402330883,0.20000184330255,0.19999486849958809
R3: whole-tree replace,3168,0.8000056135479048,0.4000010733148165,0.20000879882778544,0.19999574140530285
R3: whole-tree replace,3180,0.80000474064219,0.4000036673273736,0.19999923001226644,0.20000184330255
R3: whole-tree replace,3192,0.7999986387449427,0.39999497141756923,0.19999486849958809,0.20000879882778544
R3: whole-tree replace,3204,0.7999916832197075,0.3999967118021382,0.19999574140530285,0.19999923001226644
R3: whole-tree replace,3216,0.8000012520352264,0.4000045402330883,0.20000184330255,0.19999486849958809
R3: whole-tree replace,3228,0.8000056135479048,0.4000010733148165,0.20000879882778544,0.19999574140530285
R3: whole-tree replace,3240,0.80000474064219,0.4000036673273736,0.19999923001226644,0.20000184330255
R3: whole-tree replace,3252,0.7999986387449427,0.39999497141756923,0.19999486849958809,0.20000879882778544
R3: whole-tree replace,3264,0.7999916832197075,0.3999967118021382,0.19999574140530285,0.19999923001226644
R3: whole-tree replace,3276,0.8000012520352264,0.4000045402330883,0.20000184330255,0.19999486849958809
R3: whole-tree replace,3288,0.8000056135479048,0.4000010733148165,0.20000879882778544,0.19999574140530285
R3: whole-tree replace,3300,0.80000474064219,0.4000036673273736,0.19999923001226644,0.20000184330255
R3: whole-tree replace,3312,0.7999986387449427,0.39999497141756923,0.19999486849958809,0.20000879882778544
R3: whole-tree replace,3324,0.7999916832197075,0.3999967118021382,0.19999574140530285,0.19999923001226644
R3: whole-tree replace,3336,0.8000012520352264,0.4000045402330883,0.20000184330255,0.19999486849958809
R3: whole-tree replace,3348,0.8000056135479048,0.4000010733148165,0.20000879882778544,0.19999574140530285
R3: whole-tree replace,3360,0.80000474064219,0.4000036673273736,0.19999923001226644,0.20000184330255
R3: whole-tree replace,3372,0.7999986387449427,0.39999497141756923,0.19999486849958809,0.20000879882778544
R3: whole-tree replace,3384,0.7999916832197075,0.3999967118021382,0.19999574140530285,0.19999923001226644
R3: whole-tree replace,3396,0.8000012520352264,0.4000045402330883,0.20000184330255,0.19999486849958809
R3: whole-tree replace,3408,0.8000056135479048,0.4000010733148165,0.20000879882778544,0.19999574140530285
R3: whole-tree replace,3420,0.80000474064219,0.4000036673273736,0.19999923001226644,0.20000184330255
R3: whole-tree replace,3432,0.7999986387449427,0.39999497141756923,0.19999486849958809,0.20000879882778544
R3: whole-tree replace,3444,0.7999916832197075,0.3999967118021382,0.19999574140530285,0.19999923001226644
R3: whole-tree replace,3456,0.8000012520352264,0.4000045402330883,0.20000184330255,0.19999486849958809
R3: whole-tree replace,3468,0.8000056135479048,0.4000010733148165,0.20000879882778544,0.19999574140530285
R3: whole-tree replace,3480,0.80000474064219,0.4000036673273736,0.19999923001226644,0.20000184330255
R3: whole-tree replace,3492,0.7999986387449427,0.39999497141756923,0.19999486849958809,0.20000879882778544
R3: whole-tree replace,3504,0.7999916832197075,0.3999967118021382,0.19999574140530285,0.19999923001226644
R3: whole-tree replace,3516,0.8000012520352264,0.4000045402330883,0.20000184330255,0.19999486849958809
R3: whole-tree replace,3528,0.8000056135479048,0.4000010733148165,0.20000879882778544,0.19999574140530285
R3: whole-tree replace,3540,0.80000474064219,0.4000036673273736,0.19999923001226644,0.20000184330255
R3: whole-tree replace,3552,0.7999986387449427,0.39999497141756923,0.19999486849958809,0.20000879882778544
R3: whole-tree replace,3564,0.7999916832197075,0.3999967118021382,0.19999574140530285,0.19999923001226644
R3: whole-tree replace,3576,0.8000012520352264,0.4000045402330883,0.20000184330255,0.19999486849958809
R3: whole-tree replace,3588,0.8000056135479048,0.4000010733148165,0.20000879882778544,0.19999574140530285
R3: whole-tree replace,3600,0.80000474064219,0.4000036673273736,0.19999923001226644,0.20000184330255
R3: whole-tree replace,3612,0.7999986387449427,0.39999497141756923,0.19999486849958809,0.20000879882778544
R3: whole-tree replace,3624,0.7999916832197075,0.3999967118021382,0.19999574140530285,0.19999923001226644
R3: whole-tree replace,3636,0.8000012520352264,0.4000045402330883,0.20000184330255,0.19999486849958809
R3: whole-tree replace,3648,0.8000056135479048,0.4000010733148165,0.20000879882778544,0.19999574140530285
R3: whole-tree replace,3660,0.80000474064219,0.4000036673273736,0.19999923001226644,0.20000184330255
R3: whole-tree replace,3672,0.7999986387449427,0.39999497141756923,0.19999486849958809,0.20000879882778544
R3: whole-tree replace,3684,0.7999916832197075,0.3999967118021382,0.19999574140530285,0.19999923001226644
R3: whole-tree replace,3696,0.8000012520352264,0.4000045402330883,0.20000184330255,0.19999486849958809
R3: whole-tree replace,3708,0.8000056135479048,0.4000010733148165,0.20000879882778544,0.19999574140530285
R3: whole-tree replace,3720,0.80000474064219,0.4000036673273736,0.19999923001226644,0.20000184330255
R3: whole-tree replace,3732,0.7999986387449427,0.39999497141756923,0.19999486849958809,0.20000879882778544
R3: whole-tree replace,3744,0.7999916832197075,0.3999967118021382,0.19999574140530285,0.19999923001226644
R3: whole-tree replace,3756,0.8000012520352264,0.4000045402330883,0.20000184330255,0.19999486849958809
R3: whole-tree replace,3768,0.8000056135479048,0.4000010733148165,0.20000879882778544,0.19999574140530285
R3: whole-tree replace,3780,0.80000474064219,0.4000036673273736,0.19999923001226644,0.20000184330255
R3: whole-tree replace,3792,0.7999986387449427,0.39999497141756923,0.19999486849958809,0.20000879882778544
R3: whole-tree replace,3804,0.7999916832197075,0.3999967118021382,0.19999574140530285,0.19999923001226644
R3: whole-tree replace,3816,0.8000012520352264,0.4000045402330883,0.20000184330255,0.19999486849958809
R3: whole-tree replace,3828,0.8000056135479048,0.4000010733148165,0.20000879882778544,0.19999574140530285
R3: whole-tree replace,3840,0.80000474064219,0.4000036673273736,0.19999923001226644,0.20000184330255
R3: whole-tree replace,3852,0.7999986387449427,0.39999497141756923,0.19999486849958809,0.20000879882778544
R3: whole-tree replace,3864,0.7999916832197075,0.3999967118021382,0.19999574140530285,0.19999923001226644
R3: whole-tree replace,3876,0.8000012520352264,0.4000045402330883,0.20000184330255,0.19999486849958809
R3: whole-tree replace,3888,0.8000056135479048,0.4000010733148165,0.20000879882778544,0.19999574140530285
R3: whole-tree replace,3900,0.80000474064219,0.4000036673273736,0.19999923001226644,0.20000184330255
R3: whole-tree replace,3912,0.7999986387449427,0.39999497141756923,0.19999486849958809,0.20000879882778544
R3: whole-tree replace,3924,0.7999916832197075,0.3999967118021382,0.19999574140530285,0.19999923001226644
R3: whole-tree replace,3936,0.8000012520352264,0.4000045402330883,0.20000184330255,0.19999486849958809
R3: whole-tree replace,3948,0.8000056135479048,0.4000010733148165,0.20000879882778544,0.19999574140530285
R3: whole-tree replace,3960,0.80000474064219,0.4000036673273736,0.19999923001226644,0.20000184330255
R3: whole-tree replace,3972,0.7999986387449427,0.39999497141756923,0.19999486849958809,0.20000879882778544
R3: whole-tree replace,3984,0.7999916832197075,0.3999967118021382,0.19999574140530285,0.19999923001226644
R3: whole-tree replace,3996,0.8000012520352264,0.4000045402330883,0.20000184330255,0.19999486849958809
R3: whole-tree replace,4008,0.8000056135479048,0.4000010733148165,0.20000879882778544,0.19999574140530285
R3: whole-tree replace,4020,0.80000474064219,0.4000036673273736,0.19999923001226644,0.20000184330255
R3: whole-tree replace,4032,0.7999986387449427,0.39999497141756923,0.19999486849958809,0.20000879882778544
R3: whole-tree replace,4044,0.7999916832197075,0.3999967118021382,0.19999574140530285,0.19999923001226644
R3: whole-tree replace,4056,0.8000012520352264,0.4000045402330883,0.20000184330255,0.19999486849958809
R3: whole-tree replace,4068,0.8000056135479048,0.4000010733148165,0.20000879882778544,0.19999574140530285
R3: whole-tree replace,4080,0.80000474064219,0.4000036673273736,0.19999923001226644,0.20000184330255
R3: whole-tree replace,4092,0.7999986387449427,0.39999497141756923,0.19999486849958809,0.20000879882778544
R3: whole-tree replace,4104,0.7999916832197075,0.3999967118021382,0.19999574140530285,0.19999923001226644
R3: whole-tree replace,4116,0.8000012520352264,0.4000045402330883,0.20000184330255,0.19999486849958809
R3: whole-tree replace,4128,0.8000056135479048,0.4000010733148165,0.20000879882778544,0.19999574140530285
R3: whole-tree replace,4140,0.80000474064219,0.4000036673273736,0.19999923001226644,0.20000184330255
R3: whole-tree replace,4152,0.7999986387449427,0.39999497141756923,0.19999486849958809,0.20000879882778544
R3: whole-tree replace,4164,0.7999916832197075,0.3999967118021382,0.19999574140530285,0.19999923001226644
R3: whole-tree replace,4176,0.8000012520352264,0.4000045402330883,0.20000184330255,0.19999486849958809
R3: whole-tree replace,4188,0.8000056135479048,0.4000010733148165,0.20000879882778544,0.19999574140530285
R3: whole-tree replace,4200,0.80000474064219,0.4000036673273736,0.19999923001226644,0.20000184330255
R3: whole-tree replace,4212,0.7999986387449427,0.39999497141756923,0.19999486849958809,0.20000879882778544
R3: whole-tree replace,4224,0.7999916832197075,0.3999967118021382,0.19999574140530285,0.19999923001226644
R3: whole-tree replace,4236,0.8000012520352264,0.4000045402330883,0.20000184330255,0.19999486849958809
R3: whole-tree replace,4248,0.8000056135479048,0.4000010733148165,0.20000879882778544,0.19999574140530285
R3: whole-tree replace,4260,0.80000474064219,0.4000036673273736,0.19999923001226644,0.20000184330255
R3: whole-tree replace,4272,0.7999986387449427,0.39999497141756923,0.19999486849958809,0.20000879882778544
R3: whole-tree replace,4284,0.7999916832197075,0.3999967118021382,0.19999574140530285,0.19999923001226644
R3: whole-tree replace,4296,0.8000012520352264,0.4000045402330883,0.20000184330255,0.19999486849958809
R3: whole-tree replace,4308,0.8000056135479048,0.4000010733148165,0.20000879882778544,0.19999574140530285
R3: whole-tree replace,4320,0.80000474064219,0.4000036673273736,0.19999923001226644,0.20000184330255
R3: whole-tree replace,4332,0.7999986387449427,0.39999497141756923,0.19999486849958809,0.20000879882778544
R3: whole-tree replace,4344,0.7999916832197075,0.3999967118021382,0.19999574140530285,0.19999923001226644
R3: whole-tree replace,4356,0.8000012520352264,0.4000045402330883,0.20000184330255,0.19999486849958809
R3: whole-tree replace,4368,0.8000056135479048,0.4000010733148165,0.20000879882778544,0.19999574140530285
R3: whole-tree replace,4380,0.80000474064219,0.4000036673273736,0.19999923001226644,0.20000184330255
R3: whole-tree replace,4392,0.7999986387449427,0.39999497141756923,0.19999486849958809,0.20000879882778544
R3: whole-tree replace,4404,0.7999916832197075,0.3999967118021382,0.19999574140530285,0.19999923001226644
R3: whole-tree replace,4416,0.8000012520352264,0.4000045402330883,0.20000184330255,0.19999486849958809
R3: whole-tree replace,4428,0.8000056135479048,0.4000010733148165,0.20000879882778544,0.19999574140530285
R3: whole-tree replace,4440,0.80000474064219,0.4000036673273736,0.19999923001226644,0.20000184330255
R3: whole-tree replace,4452,0.7999986387449427,0.39999497141756923,0.19999486849958809,0.20000879882778544
R3: whole-tree replace,4464,0.7999916832197075,0.3999967118021382,0.19999574140530285,0.19999923001226644
R3: whole-tree replace,4476,0.8000012520352264,0.4000045402330883,0.20000184330255,0.19999486849958809
R3: whole-tree replace,4488,0.8000056135479048,0.4000010733148165,0.20000879882778544,0.19999574140530285
R3: whole-tree replace,4500,0.80000474064219,0.4000036673273736,0.19999923001226644,0.20000184330255
R3: whole-tree replace,4512,0.7999986387449427,0.39999497141756923,0.19999486849958809,0.20000879882778544
R3: whole-tree replace,4524,0.7999916832197075,0.3999967118021382,0.19999574140530285,0.19999923001226644
R3: whole-tree replace,4536,0.8000012520352264,0.4000045402330883,0.20000184330255,0.19999486849958809
R3: whole-tree replace,4548,0.8000056135479048,0.4000010733148165,0.20000879882778544,0.19999574140530285
R3: whole-tree replace,4560,0.80000474064219,0.4000036673273736,0.19999923001226644,0.20000184330255
R3: whole-tree replace,4572,0.7999986387449427,0.39999497141756923,0.19999486849958809,0.20000879882778544
R3: whole-tree replace,4584,0.7999916832197075,0.3999967118021382,0.19999574140530285,0.19999923001226644
R3: whole-tree replace,4596,0.8000012520352264,0.4000045402330883,0.20000184330255,0.19999486849958809
R3: whole-tree replace,4608,0.8000056135479048,0.4000010733148165,0.20000879882778544,0.19999574140530285
R3: whole-tree replace,4620,0.80000474064219,0.4000036673273736,0.19999923001226644,0.20000184330255
R3: whole-tree replace,4632,0.7999986387449427,0.39999497141756923,0.19999486849958809,0.20000879882778544
R3: whole-tree replace,4644,0.7999916832197075,0.3999967118021382,0.19999574140530285,0.19999923001226644
R3: whole-tree replace,4656,0.8000012520352264,0.4000045402330883,0.20000184330255,0.19999486849958809
R3: whole-tree replace,4668,0.8000056135479048,0.4000010733148165,0.20000879882778544,0.19999574140530285
R3: whole-tree replace,4680,0.80000474064219,0.4000036673273736,0.19999923001226644,0.20000184330255
R3: whole-tree replace,4692,0.7999986387449427,0.39999497141756923,0.19999486849958809,0.20000879882778544
R3: whole-tree replace,4704,0.7999916832197075,0.3999967118021382,0.19999574140530285,0.19999923001226644
R3: whole-tree replace,4716,0.8000012520352264,0.4000045402330883,0.20000184330255,0.19999486849958809
R3: whole-tree replace,4728,0.8000056135479048,0.4000010733148165,0.20000879882778544,0.19999574140530285
R3: whole-tree replace,4740,0.80000474064219,0.4000036673273736,0.19999923001226644,0.20000184330255
R3: whole-tree replace,4752,0.7999986387449427,0.39999497141756923,0.19999486849958809,0.20000879882778544
R3: whole-tree replace,4764,0.7999916832197075,0.3999967118021382,0.19999574140530285,0.19999923001226644
R3: whole-tree replace,4776,0.8000012520352264,0.4000045402330883,0.20000184330255,0.19999486849958809
R3: whole-tree replace,4788,0.8000056135479048,0.4000010733148165,0.20000879882778544,0.19999574140530285
R3: whole-tree replace,4800,0.80000474064219,0.4000036673273736,0.19999923001226644,0.20000184330255
R3: whole-tree replace,4812,0.7999986387449427,0.39999497141756923,0.19999486849958809,0.20000879882778544
R3: whole-tree replace,4824,0.7999916832197075,0.3999967118021382,0.19999574140530285,0.19999923001226644
R3: whole-tree replace,4836,0.8000012520352264,0.4000045402330883,0.20000184330255,0.19999486849958809
R3: whole-tree replace,4848,0.8000056135479048,0.4000010733148165,0.20000879882778544,0.19999574140530285
R3: whole-tree replace,4860,0.80000474064219,0.4000036673273736,0.19999923001226644,0.20000184330255
R3: whole-tree replace,4872,0.7999986387449427,0.39999497141756923,0.19999486849958809,0.20000879882778544
R3: whole-tree replace,4884,0.7999916832197075,0.3999967118021382,0.19999574140530285,0.19999923001226644
R3: whole-tree replace,4896,0.8000012520352264,0.4000045402330883,0.20000184330255,0.19999486849958809
R3: whole-tree replace,4908,0.7997609916674854,0.3994625151239597,0.20011708472138603,0.20018139182213965
R3: whole-tree replace,4920,0.7986594920336701,0.3966608808952055,0.2007108800283535,0.20128773111011114
R3: whole-tree replace,4932,0.7935676313655879,0.38990096059200513,0.2009673899019494,0.20269928087163347
R3: whole-tree replace,4944,0.7810383055269151,0.37787549028694245,0.1998552736921979,0.20330754154777475
R3: whole-tree replace,4956,0.7583216509481483,0.359759350186795,0.19647900174572872,0.20208329901562452
R3: whole-tree replace,4968,0.7236733035938274,0.33536614661439923,0.19016579261101207,0.19814136436841615
R3: whole-tree replace,4980,0.6765634141202401,0.30512831210086255,0.18056958815698418,0.19086551386239334
R3: whole-tree replace,4992,0.6176913736189249,0.2700551500958524,0.16766836517361428,0.17996785834945828
R3: whole-tree replace,5004,0.5489182354836295,0.23163394194134798,0.1517294644017278,0.16555482914055378
R3: whole-tree replace,5016,0.47304545666270764,0.1916448535657772,0.1333207746511189,0.14807982844581152
R3: whole-tree replace,5028,0.39357523573987185,0.15206037315985227,0.1132532291400424,0.12826163343997715
R3: whole-tree replace,5040,0.3144016871147889,0.11481232746952615,0.09253833649220763,0.10705102315305508
R3: whole-tree replace,5052,0.23938891710111865,0.0816019347978722,0.07225149914107348,0.08553548316217296
R3: whole-tree replace,5064,0.1719910852363134,0.053732619290886,0.053389025351226346,0.06486944059420105
R3: whole-tree replace,5076,0.11487390436451433,0.031943064520723714,0.03680736351292534,0.04612347633086528
R3: whole-tree replace,5088,0.06968837679613482,0.016409446511591135,0.023137117362440465,0.030141812922103214
R3: whole-tree replace,5100,0.03694468341183932,0.006689747839858066,0.012758375679249605,0.017496559892731647
R3: whole-tree replace,5112,0.015924257382863013,0.001768111429335668,0.005726352460382639,0.008429793493144705
R3: whole-tree replace,5124,0.00475215990267171,0.00015583289410457478,0.0017290925606703994,0.002867234447896735
R3: whole-tree replace,5136,0.000544567605543137,0.0,0.00015583289410457478,0.00038873471143856226
R3: whole-tree replace,5148,0.0,0.0,0.0,0.0
R4: confined replace,-2100,0.0,0.0,0.0,0.0
R4: confined replace,-2088,0.0011640299486804218,0.0010081970545758484,0.00015583289410457337,0.0
R4: confined replace,-2076,0.00778833006562408,0.005594639241819847,0.0021936908238042335,0.0
R4: confined replace,-2064,0.024174774050043465,0.015320860054895255,0.008853913995148212,0.0
R4: confined replace,-2052,0.0536617022392235,0.03120134659457364,0.02246035564464986,0.0
R4: confined replace,-2040,0.09829442407886932,0.05368072469667949,0.044613699382189835,0.0
R4: confined replace,-2028,0.15862334403549244,0.08251473208431635,0.07610861195117608,0.0
R4: confined replace,-2016,0.23364963612515782,0.11683262444897971,0.11681701167617811,0.0
R4: confined replace,-2004,0.32092382903693106,0.15522239255101153,0.1657014364859195,0.0
R4: confined replace,-1992,0.4167875714007545,0.1958694027100287,0.2209181686907258,0.0
R4: confined replace,-1980,0.5167347147260477,0.23677380011394122,0.2799609146121065,0.0
R4: confined replace,-1968,0.6158560747639057,0.2758727546556248,0.339983320108281,0.0
R4: confined replace,-1956,0.7093239729016817,0.31128236147745586,0.39804161142422584,0.0
R4: confined replace,-1944,0.7928687328697659,0.3414828580311326,0.45138587483863324,0.0
R4: confined replace,-1932,0.8632001020591001,0.3654678999274193,0.49773220213168085,0.0
R4: confined replace,-1920,0.9183320027439665,0.38288218528383533,0.5354498174601312,0.0
R4: confined replace,-1908,0.9577785599396058,0.39398138154260937,0.5637971783969964,0.0
R4: confined replace,-1896,0.9826020577490913,0.3996451879885827,0.5829568697605085,0.0
R4: confined replace,-1884,0.9953080908600644,0.4012897823165456,0.5940183085435188,0.0
R4: confined replace,-1872,0.999598259843455,0.4007273162430293,0.5988709436004256,0.0
R4: confined replace,-1860,1.0000004820474928,0.40002101404183116,0.5999794680056617,0.0
R4: confined replace,-1848,1.0000004820474928,0.40000107331481655,0.5999994087326763,0.0
R4: confined replace,-1836,1.000000482047493,0.4000045402330881,0.5999959418144049,0.0
R4: confined replace,-1824,1.0000004820474928,0.39999671180213825,0.6000037702453546,0.0
R4: confined replace,-1812,1.000000482047493,0.3999949714175692,0.6000055106299238,0.0
R4: confined replace,-1800,1.0000004820474928,0.4000036673273736,0.5999968147201192,0.0
R4: confined replace,-1788,1.0000004820474928,0.40000107331481655,0.5999994087326763,0.0
R4: confined replace,-1776,1.000000482047493,0.4000045402330881,0.5999959418144049,0.0
R4: confined replace,-1764,1.0000004820474928,0.39999671180213825,0.6000037702453546,0.0
R4: confined replace,-1752,1.000000482047493,0.3999949714175692,0.6000055106299238,0.0
R4: confined replace,-1740,1.0000004820474928,0.4000036673273736,0.5999968147201192,0.0
R4: confined replace,-1728,1.0000004820474928,0.40000107331481655,0.5999994087326763,0.0
R4: confined replace,-1716,1.000000482047493,0.4000045402330881,0.5999959418144049,0.0
R4: confined replace,-1704,1.0000004820474928,0.39999671180213825,0.6000037702453546,0.0
R4: confined replace,-1692,1.000000482047493,0.3999949714175692,0.6000055106299238,0.0
R4: confined replace,-1680,1.0000004820474928,0.4000036673273736,0.5999968147201192,0.0
R4: confined replace,-1668,1.0000004820474928,0.40000107331481655,0.5999994087326763,0.0
R4: confined replace,-1656,1.000000482047493,0.4000045402330881,0.5999959418144049,0.0
R4: confined replace,-1644,1.0000004820474928,0.39999671180213825,0.6000037702453546,0.0
R4: confined replace,-1632,1.000000482047493,0.3999949714175692,0.6000055106299238,0.0
R4: confined replace,-1620,1.0000004820474928,0.4000036673273736,0.5999968147201192,0.0
R4: confined replace,-1608,1.0000004820474928,0.40000107331481655,0.5999994087326763,0.0
R4: confined replace,-1596,1.000000482047493,0.4000045402330881,0.5999959418144049,0.0
R4: confined replace,-1584,1.0000004820474928,0.39999671180213825,0.6000037702453546,0.0
R4: confined replace,-1572,1.000000482047493,0.3999949714175692,0.6000055106299238,0.0
R4: confined replace,-1560,1.0000004820474928,0.4000036673273736,0.5999968147201192,0.0
R4: confined replace,-1548,1.0000004820474928,0.40000107331481655,0.5999994087326763,0.0
R4: confined replace,-1536,1.000000482047493,0.4000045402330881,0.5999959418144049,0.0
R4: confined replace,-1524,1.0000004820474928,0.39999671180213825,0.6000037702453546,0.0
R4: confined replace,-1512,1.000000482047493,0.3999949714175692,0.6000055106299238,0.0
R4: confined replace,-1500,1.0000004820474928,0.4000036673273736,0.5999968147201192,0.0
R4: confined replace,-1488,1.0000004820474928,0.40000107331481655,0.5999994087326763,0.0
R4: confined replace,-1476,1.000000482047493,0.4000045402330881,0.5999959418144049,0.0
R4: confined replace,-1464,1.0000004820474928,0.39999671180213825,0.6000037702453546,0.0
R4: confined replace,-1452,1.000000482047493,0.3999949714175692,0.6000055106299238,0.0
R4: confined replace,-1440,1.0000004820474928,0.4000036673273736,0.5999968147201192,0.0
R4: confined replace,-1428,1.0000004820474928,0.40000107331481655,0.5999994087326763,0.0
R4: confined replace,-1416,1.000000482047493,0.4000045402330881,0.5999959418144049,0.0
R4: confined replace,-1404,1.0000004820474928,0.39999671180213825,0.6000037702453546,0.0
R4: confined replace,-1392,1.000000482047493,0.3999949714175692,0.6000055106299238,0.0
R4: confined replace,-1380,1.0000004820474928,0.4000036673273736,0.5999968147201192,0.0
R4: confined replace,-1368,1.0000004820474928,0.40000107331481655,0.5999994087326763,0.0
R4: confined replace,-1356,1.000000482047493,0.4000045402330881,0.5999959418144049,0.0
R4: confined replace,-1344,1.0000004820474928,0.39999671180213825,0.6000037702453546,0.0
R4: confined replace,-1332,1.000000482047493,0.3999949714175692,0.6000055106299238,0.0
R4: confined replace,-1320,1.0000004820474928,0.4000036673273736,0.5999968147201192,0.0
R4: confined replace,-1308,1.0000004820474928,0.40000107331481655,0.5999994087326763,0.0
R4: confined replace,-1296,1.000000482047493,0.4000045402330881,0.5999959418144049,0.0
R4: confined replace,-1284,1.0000004820474928,0.39999671180213825,0.6000037702453546,0.0
R4: confined replace,-1272,1.000000482047493,0.3999949714175692,0.6000055106299238,0.0
R4: confined replace,-1260,1.0000004820474928,0.4000036673273736,0.5999968147201192,0.0
R4: confined replace,-1248,1.0000004820474928,0.40000107331481655,0.5999994087326763,0.0
R4: confined replace,-1236,1.000000482047493,0.4000045402330881,0.5999959418144049,0.0
R4: confined replace,-1224,1.0000004820474928,0.39999671180213825,0.6000037702453546,0.0
R4: confined replace,-1212,1.000000482047493,0.3999949714175692,0.6000055106299238,0.0
R4: confined replace,-1200,1.0000004820474928,0.4000036673273736,0.5999968147201192,0.0
R4: confined replace,-1188,1.0000004820474928,0.40000107331481655,0.5999994087326763,0.0
R4: confined replace,-1176,1.000000482047493,0.4000045402330881,0.5999959418144049,0.0
R4: confined replace,-1164,1.0000004820474928,0.39999671180213825,0.6000037702453546,0.0
R4: confined replace,-1152,1.000000482047493,0.3999949714175692,0.6000055106299238,0.0
R4: confined replace,-1140,1.0000004820474928,0.4000036673273736,0.5999968147201192,0.0
R4: confined replace,-1128,1.0000004820474928,0.40000107331481655,0.5999994087326763,0.0
R4: confined replace,-1116,1.000000482047493,0.4000045402330881,0.5999959418144049,0.0
R4: confined replace,-1104,1.0000004820474928,0.39999671180213825,0.6000037702453546,0.0
R4: confined replace,-1092,1.000000482047493,0.3999949714175692,0.6000055106299238,0.0
R4: confined replace,-1080,1.0000004820474928,0.4000036673273736,0.5999968147201192,0.0
R4: confined replace,-1068,1.0000004820474928,0.40000107331481655,0.5999994087326763,0.0
R4: confined replace,-1056,1.000000482047493,0.4000045402330881,0.5999959418144049,0.0
R4: confined replace,-1044,1.0000004820474928,0.39999671180213825,0.6000037702453546,0.0
R4: confined replace,-1032,1.000000482047493,0.3999949714175692,0.6000055106299238,0.0
R4: confined replace,-1020,1.0000004820474928,0.4000036673273736,0.5999968147201192,0.0
R4: confined replace,-1008,1.0000004820474928,0.40000107331481655,0.5999994087326763,0.0
R4: confined replace,-996,1.000000482047493,0.4000045402330881,0.5999959418144049,0.0
R4: confined replace,-984,1.0000004820474928,0.39999671180213825,0.6000037702453546,0.0
R4: confined replace,-972,1.000000482047493,0.3999949714175692,0.6000055106299238,0.0
R4: confined replace,-960,1.0000004820474928,0.4000036673273736,0.5999968147201192,0.0
R4: confined replace,-948,1.0000004820474928,0.40000107331481655,0.5999994087326763,0.0
R4: confined replace,-936,1.000000482047493,0.4000045402330881,0.5999959418144049,0.0
R4: confined replace,-924,1.0000004820474928,0.39999671180213825,0.6000037702453546,0.0
R4: confined replace,-912,1.000000482047493,0.3999949714175692,0.6000055106299238,0.0
R4: confined replace,-900,1.0000004820474928,0.4000036673273736,0.5999968147201192,0.0
R4: confined replace,-888,1.0000004820474928,0.40000107331481655,0.5999994087326763,0.0
R4: confined replace,-876,1.000000482047493,0.4000045402330881,0.5999959418144049,0.0
R4: confined replace,-864,1.0000004820474928,0.39999671180213825,0.6000037702453546,0.0
R4: confined replace,-852,1.000000482047493,0.3999949714175692,0.6000055106299238,0.0
R4: confined replace,-840,1.0000004820474928,0.4000036673273736,0.5999968147201192,0.0
R4: confined replace,-828,1.0000004820474928,0.40000107331481655,0.5999994087326763,0.0
R4: confined replace,-816,1.000000482047493,0.4000045402330881,0.5999959418144049,0.0
R4: confined replace,-804,1.0000004820474928,0.39999671180213825,0.6000037702453546,0.0
R4: confined replace,-792,1.000000482047493,0.3999949714175692,0.6000055106299238,0.0
R4: confined replace,-780,1.0000004820474928,0.4000036673273736,0.5999968147201192,0.0
R4: confined replace,-768,1.0000004820474928,0.40000107331481655,0.5999994087326763,0.0
R4: confined replace,-756,1.000000482047493,0.4000045402330881,0.5999959418144049,0.0
R4: confined replace,-744,1.0000004820474928,0.39999671180213825,0.6000037702453546,0.0
R4: confined replace,-732,1.000000482047493,0.3999949714175692,0.6000055106299238,0.0
R4: confined replace,-720,1.0000004820474928,0.4000036673273736,0.5999968147201192,0.0
R4: confined replace,-708,1.0000004820474928,0.40000107331481655,0.5999994087326763,0.0
R4: confined replace,-696,1.000000482047493,0.4000045402330881,0.5999959418144049,0.0
R4: confined replace,-684,1.0000004820474928,0.39999671180213825,0.6000037702453546,0.0
R4: confined replace,-672,1.000000482047493,0.3999949714175692,0.6000055106299238,0.0
R4: confined replace,-660,1.0000004820474928,0.4000036673273736,0.5999968147201192,0.0
R4: confined replace,-648,1.0000004820474928,0.40000107331481655,0.5999994087326763,0.0
R4: confined replace,-636,1.000000482047493,0.4000045402330881,0.5999959418144049,0.0
R4: confined replace,-624,1.0000004820474928,0.39999671180213825,0.6000037702453546,0.0
R4: confined replace,-612,1.000000482047493,0.3999949714175692,0.6000055106299238,0.0
R4: confined replace,-600,1.0000004820474928,0.4000036673273736,0.5999968147201192,0.0
R4: confined replace,-588,1.0000004820474928,0.40000107331481655,0.5999994087326763,0.0
R4: confined replace,-576,1.000000482047493,0.4000045402330881,0.5999959418144049,0.0
R4: confined replace,-564,1.0000004820474928,0.39999671180213825,0.6000037702453546,0.0
R4: confined replace,-552,1.000000482047493,0.3999949714175692,0.6000055106299238,0.0
R4: confined replace,-540,1.0000004820474928,0.4000036673273736,0.5999968147201192,0.0
R4: confined replace,-528,1.0000004820474928,0.40000107331481655,0.5999994087326763,0.0
R4: confined replace,-516,1.000000482047493,0.4000045402330881,0.5999959418144049,0.0
R4: confined replace,-504,1.0000004820474928,0.39999671180213825,0.6000037702453546,0.0
R4: confined replace,-492,1.000000482047493,0.3999949714175692,0.6000055106299238,0.0
R4: confined replace,-480,1.0000004820474928,0.4000036673273736,0.5999968147201192,0.0
R4: confined replace,-468,1.0000004820474928,0.40000107331481655,0.5999994087326763,0.0
R4: confined replace,-456,1.000000482047493,0.4000045402330881,0.5999959418144049,0.0
R4: confined replace,-444,1.0000004820474928,0.39999671180213825,0.6000037702453546,0.0
R4: confined replace,-432,1.000000482047493,0.3999949714175692,0.6000055106299238,0.0
R4: confined replace,-420,1.0000004820474928,0.4000036673273736,0.5999968147201192,0.0
R4: confined replace,-408,1.0000004820474928,0.40000107331481655,0.5999994087326763,0.0
R4: confined replace,-396,1.000000482047493,0.4000045402330881,0.5999959418144049,0.0
R4: confined replace,-384,1.0000004820474928,0.39999671180213825,0.6000037702453546,0.0
R4: confined replace,-372,1.000000482047493,0.3999949714175692,0.6000055106299238,0.0
R4: confined replace,-360,1.0000004820474928,0.4000036673273736,0.5999968147201192,0.0
R4: confined replace,-348,1.0000004820474928,0.40000107331481655,0.5999994087326763,0.0
R4: confined replace,-336,1.000000482047493,0.4000045402330881,0.5999959418144049,0.0
R4: confined replace,-324,1.0000004820474928,0.39999671180213825,0.6000037702453546,0.0
R4: confined replace,-312,1.000000482047493,0.3999949714175692,0.6000055106299238,0.0
R4: confined replace,-300,1.0000004820474928,0.4000036673273736,0.5999968147201192,0.0
R4: confined replace,-288,1.0000004820474928,0.40000107331481655,0.5999994087326763,0.0
R4: confined replace,-276,1.000000482047493,0.4000045402330881,0.5999959418144049,0.0
R4: confined replace,-264,1.0000004820474928,0.39999671180213825,0.6000037702453546,0.0
R4: confined replace,-252,1.000000482047493,0.3999949714175692,0.6000055106299238,0.0
R4: confined replace,-240,1.0000004820474928,0.4000036673273736,0.5999968147201192,0.0
R4: confined replace,-228,1.0000004820474928,0.40000107331481655,0.5999994087326763,0.0
R4: confined replace,-216,1.000000482047493,0.4000045402330881,0.5999959418144049,0.0
R4: confined replace,-204,1.0000004820474928,0.39999671180213825,0.6000037702453546,0.0
R4: confined replace,-192,1.000000482047493,0.3999949714175692,0.6000055106299238,0.0
R4: confined replace,-180,1.0000004820474928,0.4000036673273736,0.5999968147201192,0.0
R4: confined replace,-168,1.0000004820474928,0.40000107331481655,0.5999994087326763,0.0
R4: confined replace,-156,1.000000482047493,0.4000045402330881,0.5999959418144049,0.0
R4: confined replace,-144,1.0000004820474928,0.39999671180213825,0.6000037702453546,0.0
R4: confined replace,-132,1.000000482047493,0.3999949714175692,0.6000055106299238,0.0
R4: confined replace,-120,1.0000004820474928,0.4000036673273736,0.5999968147201192,0.0
R4: confined replace,-108,1.0000004820474928,0.40000107331481655,0.5999994087326763,0.0
R4: confined replace,-96,1.000000482047493,0.4000435591017534,0.5999569229457395,0.0
R4: confined replace,-84,1.0000004820474926,0.40053452778714504,0.5994659542603477,0.0
R4: confined replace,-72,1.000000482047493,0.400745599726044,0.599254882321449,0.0
R4: confined replace,-60,1.000000482047493,0.4005064596688333,0.5994940223786597,0.0
R4: confined replace,-48,1.0000004820474928,0.40044003163324215,0.5995604504142507,0.0
R4: confined replace,-36,1.000000482047493,0.4008389872211878,0.5991614948263052,0.0
R4: confined replace,-24,1.0000004820474928,0.40145305207676324,0.5985474299707295,0.0
R4: confined replace,-12,1.0000004820474928,0.40231602326306776,0.5976844587844251,0.0
R4: confined replace,0,1.000000482047493,0.40338712537153043,0.5966133566759625,0.0
R4: confined replace,12,1.0000004820474928,0.40434661491607193,0.5956538671314209,0.0
R4: confined replace,24,1.000000482047493,0.40538590440752625,0.5946145776399667,0.0
R4: confined replace,36,1.0000004820474928,0.4061915178933716,0.5938089641541212,0.0
R4: confined replace,48,1.0000004820474928,0.40677834639535015,0.5932221356521427,0.0
R4: confined replace,60,1.0000004820474928,0.40713287006397814,0.5928676119835147,0.0
R4: confined replace,72,1.0000004820474928,0.40700607242177134,0.5929944096257215,0.0
R4: confined replace,84,1.000000482047493,0.4066965836111898,0.5933038984363033,0.0
R4: confined replace,96,1.000000482047493,0.40602405344690995,0.593976428600583,0.0
R4: confined replace,108,1.000000482047493,0.40514926720709465,0.5948512148403983,0.0
R4: confined replace,120,1.000000482047493,0.4042029678788994,0.5957975141685935,0.0
R4: confined replace,132,1.0000004820474928,0.4030645315154579,0.5969359505320349,0.0
R4: confined replace,144,1.000000482047493,0.4020674365275962,0.5979330455198968,0.0
R4: confined replace,156,1.000000482047493,0.40070025154888433,0.5993002304986086,0.0
R4: confined replace,168,1.0000004820474928,0.39999227371672075,0.6000082083307721,0.0
R4: confined replace,180,1.0000004820474928,0.40000631976958534,0.5999941622779075,0.0
R4: confined replace,192,1.0000004820474928,0.40000455740318647,0.5999959246443063,0.0
R4: confined replace,204,1.000000482047493,0.39999141726305315,0.6000090647844398,0.0
R4: confined replace,216,1.000000482047493,0.40001073637010587,0.599989745677387,0.0
R4: confined replace,228,1.0000004820474928,0.39999227371672075,0.6000082083307721,0.0
R4: confined replace,240,1.0000004820474928,0.40000631976958534,0.5999941622779075,0.0
R4: confined replace,252,1.0000004820474928,0.40000455740318647,0.5999959246443063,0.0
R4: confined replace,264,1.000000482047493,0.39999141726305315,0.6000090647844398,0.0
R4: confined replace,276,1.000000482047493,0.40001073637010587,0.599989745677387,0.0
R4: confined replace,288,1.0000004820474928,0.39999227371672075,0.6000082083307721,0.0
R4: confined replace,300,1.0000004820474928,0.40000631976958534,0.5999941622779075,0.0
R4: confined replace,312,1.0000004820474928,0.40000455740318647,0.5999959246443063,0.0
R4: confined replace,324,1.000000482047493,0.39999141726305315,0.6000090647844398,0.0
R4: confined replace,336,1.000000482047493,0.40001073637010587,0.599989745677387,0.0
R4: confined replace,348,1.0000004820474928,0.39999227371672075,0.6000082083307721,0.0
R4: confined replace,360,1.0000004820474928,0.40000631976958534,0.5999941622779075,0.0
R4: confined replace,372,1.0000004820474928,0.40000455740318647,0.5999959246443063,0.0
R4: confined replace,384,1.000000482047493,0.39999141726305315,0.6000090647844398,0.0
R4: confined replace,396,1.000000482047493,0.40001073637010587,0.599989745677387,0.0
R4: confined replace,408,1.0000004820474928,0.39999227371672075,0.6000082083307721,0.0
R4: confined replace,420,1.0000004820474928,0.40000631976958534,0.5999941622779075,0.0
R4: confined replace,432,1.0000004820474928,0.40000455740318647,0.5999959246443063,0.0
R4: confined replace,444,1.000000482047493,0.39999141726305315,0.6000090647844398,0.0
R4: confined replace,456,1.000000482047493,0.40001073637010587,0.599989745677387,0.0
R4: confined replace,468,1.0000004820474928,0.39999227371672075,0.6000082083307721,0.0
R4: confined replace,480,1.0000004820474928,0.40000631976958534,0.5999941622779075,0.0
R4: confined replace,492,1.0000004820474928,0.40000455740318647,0.5999959246443063,0.0
R4: confined replace,504,1.000000482047493,0.39999141726305315,0.6000090647844398,0.0
R4: confined replace,516,1.000000482047493,0.40001073637010587,0.599989745677387,0.0
R4: confined replace,528,1.0000004820474928,0.39999227371672075,0.6000082083307721,0.0
R4: confined replace,540,1.0000004820474928,0.40000631976958534,0.5999941622779075,0.0
R4: confined replace,552,1.0000004820474928,0.40000455740318647,0.5999959246443063,0.0
R4: confined replace,564,1.000000482047493,0.39999141726305315,0.6000090647844398,0.0
R4: confined replace,576,1.000000482047493,0.40001073637010587,0.599989745677387,0.0
R4: confined replace,588,0.9999614631788275,0.39999227371672075,0.5999691894621068,0.0
R4: confined replace,600,0.9987964903997741,0.3999505402372495,0.5983247386861255,0.0005212114763992176
R4: confined replace,612,0.9960985007972202,0.4000088238742941,0.5933255526149419,0.0027641243079841735
R4: confined replace,624,0.9921337886429454,0.3996346495703745,0.5843754764999931,0.008123662572577796
R4: confined replace,636,0.9872936749913143,0.39912970251280694,0.5704622439748914,0.017701728503615895
R4: confined replace,648,0.982055883899888,0.39838108141027156,0.5517403122458364,0.03193449024378002
R4: confined replace,660,0.9769373905872163,0.3974710892670713,0.5285482480625323,0.050918053257612644
R4: confined replace,672,0.9724433954617864,0.3966194005788004,0.5014549098678744,0.07436908501511151
R4: confined replace,684,0.9690174603365027,0.395665455990266,0.47204485782218264,0.10130714652405404
R4: confined replace,696,0.9669977284341881,0.3949725020236597,0.4413252456435441,0.13069998076698428
R4: confined replace,708,0.9665835493133463,0.39444619385759205,0.4111093370164521,0.16102801843930223
R4: confined replace,720,0.9678158028673864,0.3941468919872226,0.38287016570449833,0.1907987451756655
R4: confined replace,732,0.9705728644382626,0.39423399516752233,0.3576747446713166,0.2186641245994237
R4: confined replace,744,0.9745826092918504,0.3944542843470727,0.33692030775545956,0.24320801718931806
R4: confined replace,756,0.9794492716013291,0.39505510800091415,0.3207596908060278,0.2636344727943872
R4: confined replace,768,0.9846925069300592,0.3958144241627325,0.3095691701193014,0.27930891264802526
R4: confined replace,780,0.9897948027078253,0.3966657009208925,0.30294395464364554,0.29018514714328725
R4: confined replace,792,0.9942525572390329,0.39765477376914304,0.2998177382875545,0.2967800451823354
R4: confined replace,804,0.9976257856936681,0.3984393983478633,0.2994095023186027,0.2997768850272021
R4: confined replace,816,0.999581547050008,0.39921122266385656,0.2998638922060974,0.300506432180054
R4: confined replace,828,1.0000004820474928,0.39973132681445245,0.29999094279748395,0.30027821243555647
R4: confined replace,840,1.0000004820474928,0.4000036673273736,0.30000063247139264,0.29999618224872665
R4: confined replace,852,1.0000004820474928,0.39999497141756923,0.30000491178067645,0.3000005988492472
R4: confined replace,864,1.0000004820474928,0.3999967118021382,0.3000040278497749,0.29999974239557975
R4: confined replace,876,1.000000482047493,0.4000045402330883,0.3000023783857444,0.29999356342866024
R4: confined replace,888,1.0000004820474928,0.4000010733148165,0.29999094279748395,0.3000084659351924
R4: confined replace,900,1.0000004820474928,0.4000036673273736,0.30000063247139264,0.29999618224872665
R4: confined replace,912,1.0000004820474928,0.39999497141756923,0.30000491178067645,0.3000005988492472
R4: confined replace,924,1.0000004820474928,0.3999967118021382,0.3000040278497749,0.29999974239557975
R4: confined replace,936,1.000000482047493,0.4000045402330883,0.3000023783857444,0.29999356342866024
R4: confined replace,948,1.0000004820474928,0.4000010733148165,0.29999094279748395,0.3000084659351924
R4: confined replace,960,1.0000004820474928,0.4000036673273736,0.30000063247139264,0.29999618224872665
R4: confined replace,972,1.0000004820474928,0.39999497141756923,0.30000491178067645,0.3000005988492472
R4: confined replace,984,1.0000004820474928,0.3999967118021382,0.3000040278497749,0.29999974239557975
R4: confined replace,996,1.000000482047493,0.4000045402330883,0.3000023783857444,0.29999356342866024
R4: confined replace,1008,1.0000004820474928,0.4000010733148165,0.29999094279748395,0.3000084659351924
R4: confined replace,1020,1.0000004820474928,0.4000036673273736,0.30000063247139264,0.29999618224872665
R4: confined replace,1032,1.0000004820474928,0.39999497141756923,0.30000491178067645,0.3000005988492472
R4: confined replace,1044,1.0000004820474928,0.3999967118021382,0.3000040278497749,0.29999974239557975
R4: confined replace,1056,1.000000482047493,0.4000045402330883,0.3000023783857444,0.29999356342866024
R4: confined replace,1068,1.0000004820474928,0.4000010733148165,0.29999094279748395,0.3000084659351924
R4: confined replace,1080,1.0000004820474928,0.4000036673273736,0.30000063247139264,0.29999618224872665
R4: confined replace,1092,1.0000004820474928,0.39999497141756923,0.30000491178067645,0.3000005988492472
R4: confined replace,1104,1.0000004820474928,0.3999967118021382,0.3000040278497749,0.29999974239557975
R4: confined replace,1116,1.000000482047493,0.4000045402330883,0.3000023783857444,0.29999356342866024
R4: confined replace,1128,1.0000004820474928,0.4000010733148165,0.29999094279748395,0.3000084659351924
R4: confined replace,1140,1.0000004820474928,0.4000036673273736,0.30000063247139264,0.29999618224872665
R4: confined replace,1152,1.0000004820474928,0.39999497141756923,0.30000491178067645,0.3000005988492472
R4: confined replace,1164,1.0000004820474928,0.3999967118021382,0.3000040278497749,0.29999974239557975
R4: confined replace,1176,1.000000482047493,0.4000045402330883,0.3000023783857444,0.29999356342866024
R4: confined replace,1188,1.0000004820474928,0.4000010733148165,0.29999094279748395,0.3000084659351924
R4: confined replace,1200,1.0000004820474928,0.4000036673273736,0.30000063247139264,0.29999618224872665
R4: confined replace,1212,1.0000004820474928,0.39999497141756923,0.30000491178067645,0.3000005988492472
R4: confined replace,1224,1.0000004820474928,0.3999967118021382,0.3000040278497749,0.29999974239557975
R4: confined replace,1236,1.000000482047493,0.4000045402330883,0.3000023783857444,0.29999356342866024
R4: confined replace,1248,1.0000004820474928,0.4000010733148165,0.29999094279748395,0.3000084659351924
R4: confined replace,1260,1.0000004820474928,0.4000036673273736,0.30000063247139264,0.29999618224872665
R4: confined replace,1272,1.0000004820474928,0.39999497141756923,0.30000491178067645,0.3000005988492472
R4: confined replace,1284,1.0000004820474928,0.3999967118021382,0.3000040278497749,0.29999974239557975
R4: confined replace,1296,1.000000482047493,0.4000045402330883,0.3000023783857444,0.29999356342866024
R4: confined replace,1308,1.0000004820474928,0.4000010733148165,0.29999094279748395,0.3000084659351924
R4: confined replace,1320,1.0000004820474928,0.4000036673273736,0.30000063247139264,0.29999618224872665
R4: confined replace,1332,1.0000004820474928,0.39999497141756923,0.30000491178067645,0.3000005988492472
R4: confined replace,1344,1.0000004820474928,0.3999967118021382,0.3000040278497749,0.29999974239557975
R4: confined replace,1356,1.000000482047493,0.4000045402330883,0.3000023783857444,0.29999356342866024
R4: confined replace,1368,1.0000004820474928,0.4000010733148165,0.29999094279748395,0.3000084659351924
R4: confined replace,1380,1.0000004820474928,0.4000036673273736,0.30000063247139264,0.29999618224872665
R4: confined replace,1392,1.0000004820474928,0.39999497141756923,0.30000491178067645,0.3000005988492472
R4: confined replace,1404,1.0000004820474928,0.3999967118021382,0.3000040278497749,0.29999974239557975
R4: confined replace,1416,1.000000482047493,0.4000045402330883,0.3000023783857444,0.29999356342866024
R4: confined replace,1428,1.0000004820474928,0.4000010733148165,0.29999094279748395,0.3000084659351924
R4: confined replace,1440,1.0000004820474928,0.4000036673273736,0.30000063247139264,0.29999618224872665
R4: confined replace,1452,1.0000004820474928,0.39999497141756923,0.30000491178067645,0.3000005988492472
R4: confined replace,1464,1.0000004820474928,0.3999967118021382,0.3000040278497749,0.29999974239557975
R4: confined replace,1476,1.000000482047493,0.4000045402330883,0.3000023783857444,0.29999356342866024
R4: confined replace,1488,1.0000004820474928,0.4000010733148165,0.29999094279748395,0.3000084659351924
R4: confined replace,1500,1.0000004820474928,0.4000036673273736,0.30000063247139264,0.29999618224872665
R4: confined replace,1512,1.0000004820474928,0.39999497141756923,0.30000491178067645,0.3000005988492472
R4: confined replace,1524,1.0000004820474928,0.3999967118021382,0.3000040278497749,0.29999974239557975
R4: confined replace,1536,1.000000482047493,0.4000045402330883,0.3000023783857444,0.29999356342866024
R4: confined replace,1548,1.0000004820474928,0.4000010733148165,0.29999094279748395,0.3000084659351924
R4: confined replace,1560,1.0000004820474928,0.4000036673273736,0.30000063247139264,0.29999618224872665
R4: confined replace,1572,1.0000004820474928,0.39999497141756923,0.30000491178067645,0.3000005988492472
R4: confined replace,1584,1.0000004820474928,0.3999967118021382,0.3000040278497749,0.29999974239557975
R4: confined replace,1596,1.000000482047493,0.4000045402330883,0.3000023783857444,0.29999356342866024
R4: confined replace,1608,1.0000004820474928,0.4000010733148165,0.29999094279748395,0.3000084659351924
R4: confined replace,1620,1.0000004820474928,0.4000036673273736,0.30000063247139264,0.29999618224872665
R4: confined replace,1632,1.0000004820474928,0.39999497141756923,0.30000491178067645,0.3000005988492472
R4: confined replace,1644,1.0000004820474928,0.3999967118021382,0.3000040278497749,0.29999974239557975
R4: confined replace,1656,1.000000482047493,0.4000045402330883,0.3000023783857444,0.29999356342866024
R4: confined replace,1668,1.0000004820474928,0.4000010733148165,0.29999094279748395,0.3000084659351924
R4: confined replace,1680,1.0000004820474928,0.4000036673273736,0.30000063247139264,0.29999618224872665
R4: confined replace,1692,1.0000004820474928,0.39999497141756923,0.30000491178067645,0.3000005988492472
R4: confined replace,1704,1.0000004820474928,0.3999967118021382,0.3000040278497749,0.29999974239557975
R4: confined replace,1716,1.000000482047493,0.4000045402330883,0.3000023783857444,0.29999356342866024
R4: confined replace,1728,1.0000004820474928,0.4000010733148165,0.29999094279748395,0.3000084659351924
R4: confined replace,1740,1.0000004820474928,0.4000036673273736,0.30000063247139264,0.29999618224872665
R4: confined replace,1752,1.0000004820474928,0.39999497141756923,0.30000491178067645,0.3000005988492472
R4: confined replace,1764,1.0000004820474928,0.3999967118021382,0.3000040278497749,0.29999974239557975
R4: confined replace,1776,1.000000482047493,0.4000045402330883,0.3000023783857444,0.29999356342866024
R4: confined replace,1788,1.0000004820474928,0.4000010733148165,0.29999094279748395,0.3000084659351924
R4: confined replace,1800,1.0000004820474928,0.4000036673273736,0.30000063247139264,0.29999618224872665
R4: confined replace,1812,1.0000004820474928,0.39999497141756923,0.30000491178067645,0.3000005988492472
R4: confined replace,1824,1.0000004820474928,0.3999967118021382,0.3000040278497749,0.29999974239557975
R4: confined replace,1836,1.000000482047493,0.4000045402330883,0.3000023783857444,0.29999356342866024
R4: confined replace,1848,1.0000004820474928,0.4000010733148165,0.29999094279748395,0.3000084659351924
R4: confined replace,1860,1.0000004820474928,0.4000036673273736,0.30000063247139264,0.29999618224872665
R4: confined replace,1872,1.0000004820474928,0.39999497141756923,0.30000491178067645,0.3000005988492472
R4: confined replace,1884,1.0000004820474928,0.3999967118021382,0.3000040278497749,0.29999974239557975
R4: confined replace,1896,1.000000482047493,0.4000045402330883,0.3000023783857444,0.29999356342866024
R4: confined replace,1908,1.0000004820474928,0.4000010733148165,0.29999094279748395,0.3000084659351924
R4: confined replace,1920,1.0000004820474928,0.4000036673273736,0.30000063247139264,0.29999618224872665
R4: confined replace,1932,0.9999831353330353,0.39999497141756923,0.30000491178067645,0.2999832521347896
R4: confined replace,1944,0.9993312284419635,0.40033958454929564,0.29959110226697633,0.29940054162569163
R4: confined replace,1956,0.9971622442622672,0.40077332975796315,0.29851013443891167,0.29787878006539237
R4: confined replace,1968,0.9928587590917619,0.40129593650435486,0.2963053527198501,0.2952574698675569
R4: confined replace,1980,0.9858178361971414,0.4018558229799916,0.2927307418212264,0.29123127139592336
R4: confined replace,1992,0.9754503136985582,0.4022519299625961,0.2876023637175427,0.2855960200184193
R4: confined replace,2004,0.9619139463065676,0.4027785819213638,0.28080219131478645,0.2783331730704173
R4: confined replace,2016,0.9455979260451444,0.40315363447743624,0.27271149552513146,0.2697327960425767
R4: confined replace,2028,0.9272811558204996,0.40338261011510057,0.26356548793152823,0.2603330577738708
R4: confined replace,2040,0.9077438241475468,0.40344290870994187,0.2538032591805,0.250497656257105
R4: confined replace,2052,0.8876301771893512,0.40318278086310905,0.24385159531623962,0.24059580101000252
R4: confined replace,2064,0.8680599218868192,0.4029613220777017,0.23406853237262065,0.23103006743649696
R4: confined replace,2076,0.8500178010346241,0.402570227253427,0.2251297555411103,0.22231781824008676
R4: confined replace,2088,0.8344530853933974,0.4020906383871651,0.2173541828515766,0.21500826415465568
R4: confined replace,2100,0.821874332938597,0.4015698913796076,0.21104564165506726,0.2092587999039222
R4: confined replace,2112,0.8122389711058318,0.40091358661390947,0.2062900355804341,0.20503534891148814
R4: confined replace,2124,0.8056324896157745,0.40051992265124187,0.20293254456162263,0.20218002240290994
R4: confined replace,2136,0.8017600938239484,0.4001975912145141,0.2010146434155076,0.2005478591939267
R4: confined replace,2148,0.8001724884577089,0.4000209472854912,0.20016228272088682,0.19998925845133092
R4: confined replace,2160,0.7999986767311713,0.40000742579661264,0.19999596188165303,0.19999528905290562
R4: confined replace,2172,0.8000063874656977,0.40000822603710073,0.19999534123513432,0.2000028201934627
R4: confined replace,2184,0.8000040465972502,0.39999302970781486,0.19999990834753745,0.20001110854189796
R4: confined replace,2196,0.8000000094629358,0.400001700307306,0.20000064527990513,0.19999766387572473
R4: confined replace,2208,0.7999949834093966,0.3999992751312834,0.20000644982678223,0.19998925845133092
R4: confined replace,2220,0.7999986767311713,0.40000742579661264,0.19999596188165303,0.19999528905290562
R4: confined replace,2232,0.8000063874656977,0.40000822603710073,0.19999534123513432,0.2000028201934627
R4: confined replace,2244,0.8000040465972502,0.39999302970781486,0.19999990834753745,0.20001110854189796
R4: confined replace,2256,0.8000000094629358,0.400001700307306,0.20000064527990513,0.19999766387572473
R4: confined replace,2268,0.7999949834093966,0.3999992751312834,0.20000644982678223,0.19998925845133092
R4: confined replace,2280,0.7999986767311713,0.40000742579661264,0.19999596188165303,0.19999528905290562
R4: confined replace,2292,0.8000063874656977,0.40000822603710073,0.19999534123513432,0.2000028201934627
R4: confined replace,2304,0.8000040465972502,0.39999302970781486,0.19999990834753745,0.20001110854189796
R4: confined replace,2316,0.8000000094629358,0.400001700307306,0.20000064527990513,0.19999766387572473
R4: confined replace,2328,0.7999949834093966,0.3999992751312834,0.20000644982678223,0.19998925845133092
R4: confined replace,2340,0.7999986767311713,0.40000742579661264,0.19999596188165303,0.19999528905290562
R4: confined replace,2352,0.8000063874656977,0.40000822603710073,0.19999534123513432,0.2000028201934627
R4: confined replace,2364,0.8000040465972502,0.39999302970781486,0.19999990834753745,0.20001110854189796
R4: confined replace,2376,0.8000000094629358,0.400001700307306,0.20000064527990513,0.19999766387572473
R4: confined replace,2388,0.7999949834093966,0.3999992751312834,0.20000644982678223,0.19998925845133092
R4: confined replace,2400,0.7999986767311713,0.40000742579661264,0.19999596188165303,0.19999528905290562
R4: confined replace,2412,0.8000063874656977,0.40000822603710073,0.19999534123513432,0.2000028201934627
R4: confined replace,2424,0.8000040465972502,0.39999302970781486,0.19999990834753745,0.20001110854189796
R4: confined replace,2436,0.8000000094629358,0.400001700307306,0.20000064527990513,0.19999766387572473
R4: confined replace,2448,0.7999949834093966,0.3999992751312834,0.20000644982678223,0.19998925845133092
R4: confined replace,2460,0.7999986767311713,0.40000742579661264,0.19999596188165303,0.19999528905290562
R4: confined replace,2472,0.8000063874656977,0.40000822603710073,0.19999534123513432,0.2000028201934627
R4: confined replace,2484,0.8000040465972502,0.39999302970781486,0.19999990834753745,0.20001110854189796
R4: confined replace,2496,0.8000000094629358,0.400001700307306,0.20000064527990513,0.19999766387572473
R4: confined replace,2508,0.7999949834093966,0.3999992751312834,0.20000644982678223,0.19998925845133092
R4: confined replace,2520,0.7999986767311713,0.40000742579661264,0.19999596188165303,0.19999528905290562
R4: confined replace,2532,0.8000063874656977,0.40000822603710073,0.19999534123513432,0.2000028201934627
R4: confined replace,2544,0.8000040465972502,0.39999302970781486,0.19999990834753745,0.20001110854189796
R4: confined replace,2556,0.8000000094629358,0.400001700307306,0.20000064527990513,0.19999766387572473
R4: confined replace,2568,0.7999949834093966,0.3999992751312834,0.20000644982678223,0.19998925845133092
R4: confined replace,2580,0.7999986767311713,0.40000742579661264,0.19999596188165303,0.19999528905290562
R4: confined replace,2592,0.8000063874656977,0.40000822603710073,0.19999534123513432,0.2000028201934627
R4: confined replace,2604,0.8000040465972502,0.39999302970781486,0.19999990834753745,0.20001110854189796
R4: confined replace,2616,0.8000000094629358,0.400001700307306,0.20000064527990513,0.19999766387572473
R4: confined replace,2628,0.7999949834093966,0.3999992751312834,0.20000644982678223,0.19998925845133092
R4: confined replace,2640,0.7999986767311713,0.40000742579661264,0.19999596188165303,0.19999528905290562
R4: confined replace,2652,0.8000063874656977,0.40000822603710073,0.19999534123513432,0.2000028201934627
R4: confined replace,2664,0.8000040465972502,0.39999302970781486,0.19999990834753745,0.20001110854189796
R4: confined replace,2676,0.8000000094629358,0.400001700307306,0.20000064527990513,0.19999766387572473
R4: confined replace,2688,0.7999949834093966,0.3999992751312834,0.20000644982678223,0.19998925845133092
R4: confined replace,2700,0.7999986767311713,0.40000742579661264,0.19999596188165303,0.19999528905290562
R4: confined replace,2712,0.8000063874656977,0.40000822603710073,0.19999534123513432,0.2000028201934627
R4: confined replace,2724,0.8000040465972502,0.39999302970781486,0.19999990834753745,0.20001110854189796
R4: confined replace,2736,0.8000000094629358,0.400001700307306,0.20000064527990513,0.19999766387572473
R4: confined replace,2748,0.7999949834093966,0.3999992751312834,0.20000644982678223,0.19998925845133092
R4: confined replace,2760,0.7999986767311713,0.40000742579661264,0.19999596188165303,0.19999528905290562
R4: confined replace,2772,0.8000063874656977,0.40000822603710073,0.19999534123513432,0.2000028201934627
R4: confined replace,2784,0.8000040465972502,0.39999302970781486,0.19999990834753745,0.20001110854189796
R4: confined replace,2796,0.8000000094629358,0.400001700307306,0.20000064527990513,0.19999766387572473
R4: confined replace,2808,0.7999949834093966,0.3999992751312834,0.20000644982678223,0.19998925845133092
R4: confined replace,2820,0.7999986767311713,0.40000742579661264,0.19999596188165303,0.19999528905290562
R4: confined replace,2832,0.8000063874656977,0.40000822603710073,0.19999534123513432,0.2000028201934627
R4: confined replace,2844,0.8000040465972502,0.39999302970781486,0.19999990834753745,0.20001110854189796
R4: confined replace,2856,0.8000000094629358,0.400001700307306,0.20000064527990513,0.19999766387572473
R4: confined replace,2868,0.7999949834093966,0.3999992751312834,0.20000644982678223,0.19998925845133092
R4: confined replace,2880,0.7999986767311713,0.40000742579661264,0.19999596188165303,0.19999528905290562
R4: confined replace,2892,0.8000063874656977,0.40000822603710073,0.19999534123513432,0.2000028201934627
R4: confined replace,2904,0.8000040465972502,0.39999302970781486,0.19999990834753745,0.20001110854189796
R4: confined replace,2916,0.8000000094629358,0.400001700307306,0.20000064527990513,0.19999766387572473
R4: confined replace,2928,0.7999949834093966,0.3999992751312834,0.20000644982678223,0.19998925845133092
R4: confined replace,2940,0.7999986767311713,0.40000742579661264,0.19999596188165303,0.19999528905290562
R4: confined replace,2952,0.8000063874656977,0.40000822603710073,0.19999534123513432,0.2000028201934627
R4: confined replace,2964,0.8000040465972502,0.39999302970781486,0.19999990834753745,0.20001110854189796
R4: confined replace,2976,0.8000000094629358,0.400001700307306,0.20000064527990513,0.19999766387572473
R4: confined replace,2988,0.7999949834093966,0.3999992751312834,0.20000644982678223,0.19998925845133092
R4: confined replace,3000,0.7999986767311713,0.40000742579661264,0.19999596188165303,0.19999528905290562
R4: confined replace,3012,0.8000063874656977,0.40000822603710073,0.19999534123513432,0.2000028201934627
R4: confined replace,3024,0.8000040465972502,0.39999302970781486,0.19999990834753745,0.20001110854189796
R4: confined replace,3036,0.8000000094629358,0.400001700307306,0.20000064527990513,0.19999766387572473
R4: confined replace,3048,0.7999949834093966,0.3999992751312834,0.20000644982678223,0.19998925845133092
R4: confined replace,3060,0.7999986767311713,0.40000742579661264,0.19999596188165303,0.19999528905290562
R4: confined replace,3072,0.8000063874656977,0.40000822603710073,0.19999534123513432,0.2000028201934627
R4: confined replace,3084,0.8000040465972502,0.39999302970781486,0.19999990834753745,0.20001110854189796
R4: confined replace,3096,0.8000000094629358,0.400001700307306,0.20000064527990513,0.19999766387572473
R4: confined replace,3108,0.7999949834093966,0.3999992751312834,0.20000644982678223,0.19998925845133092
R4: confined replace,3120,0.7999986767311713,0.40000742579661264,0.19999596188165303,0.19999528905290562
R4: confined replace,3132,0.8000063874656977,0.40000822603710073,0.19999534123513432,0.2000028201934627
R4: confined replace,3144,0.8000040465972502,0.39999302970781486,0.19999990834753745,0.20001110854189796
R4: confined replace,3156,0.8000000094629358,0.400001700307306,0.20000064527990513,0.19999766387572473
R4: confined replace,3168,0.7999949834093966,0.3999992751312834,0.20000644982678223,0.19998925845133092
R4: confined replace,3180,0.7999986767311713,0.40000742579661264,0.19999596188165303,0.19999528905290562
R4: confined replace,3192,0.8000063874656977,0.40000822603710073,0.19999534123513432,0.2000028201934627
R4: confined replace,3204,0.8000040465972502,0.39999302970781486,0.19999990834753745,0.20001110854189796
R4: confined replace,3216,0.8000000094629358,0.400001700307306,0.20000064527990513,0.19999766387572473
R4: confined replace,3228,0.7999949834093966,0.3999992751312834,0.20000644982678223,0.19998925845133092
R4: confined replace,3240,0.7999986767311713,0.40000742579661264,0.19999596188165303,0.19999528905290562
R4: confined replace,3252,0.8000063874656977,0.40000822603710073,0.19999534123513432,0.2000028201934627
R4: confined replace,3264,0.8000040465972502,0.39999302970781486,0.19999990834753745,0.20001110854189796
R4: confined replace,3276,0.8000000094629358,0.400001700307306,0.20000064527990513,0.19999766387572473
R4: confined replace,3288,0.7999949834093966,0.3999992751312834,0.20000644982678223,0.19998925845133092
R4: confined replace,3300,0.7999986767311713,0.40000742579661264,0.19999596188165303,0.19999528905290562
R4: confined replace,3312,0.8000063874656977,0.40000822603710073,0.19999534123513432,0.2000028201934627
R4: confined replace,3324,0.8000040465972502,0.39999302970781486,0.19999990834753745,0.20001110854189796
R4: confined replace,3336,0.8000000094629358,0.400001700307306,0.20000064527990513,0.19999766387572473
R4: confined replace,3348,0.7999949834093966,0.3999992751312834,0.20000644982678223,0.19998925845133092
R4: confined replace,3360,0.7999986767311713,0.40000742579661264,0.19999596188165303,0.19999528905290562
R4: confined replace,3372,0.8000063874656977,0.40000822603710073,0.19999534123513432,0.2000028201934627
R4: confined replace,3384,0.8000040465972502,0.39999302970781486,0.19999990834753745,0.20001110854189796
R4: confined replace,3396,0.8000000094629358,0.400001700307306,0.20000064527990513,0.19999766387572473
R4: confined replace,3408,0.7999949834093966,0.3999992751312834,0.20000644982678223,0.19998925845133092
R4: confined replace,3420,0.7999986767311713,0.40000742579661264,0.19999596188165303,0.19999528905290562
R4: confined replace,3432,0.8000063874656977,0.40000822603710073,0.19999534123513432,0.2000028201934627
R4: confined replace,3444,0.8000040465972502,0.39999302970781486,0.19999990834753745,0.20001110854189796
R4: confined replace,3456,0.8000000094629358,0.400001700307306,0.20000064527990513,0.19999766387572473
R4: confined replace,3468,0.7999949834093966,0.3999992751312834,0.20000644982678223,0.19998925845133092
R4: confined replace,3480,0.7999986767311713,0.40000742579661264,0.19999596188165303,0.19999528905290562
R4: confined replace,3492,0.8000063874656977,0.40000822603710073,0.19999534123513432,0.2000028201934627
R4: confined replace,3504,0.8000040465972502,0.39999302970781486,0.19999990834753745,0.20001110854189796
R4: confined replace,3516,0.8000000094629358,0.400001700307306,0.20000064527990513,0.19999766387572473
R4: confined replace,3528,0.7999949834093966,0.3999992751312834,0.20000644982678223,0.19998925845133092
R4: confined replace,3540,0.7999986767311713,0.40000742579661264,0.19999596188165303,0.19999528905290562
R4: confined replace,3552,0.8000063874656977,0.40000822603710073,0.19999534123513432,0.2000028201934627
R4: confined replace,3564,0.8000040465972502,0.39999302970781486,0.19999990834753745,0.20001110854189796
R4: confined replace,3576,0.8000000094629358,0.400001700307306,0.20000064527990513,0.19999766387572473
R4: confined replace,3588,0.7999949834093966,0.3999992751312834,0.20000644982678223,0.19998925845133092
R4: confined replace,3600,0.7999986767311713,0.40000742579661264,0.19999596188165303,0.19999528905290562
R4: confined replace,3612,0.8000063874656977,0.40000822603710073,0.19999534123513432,0.2000028201934627
R4: confined replace,3624,0.8000040465972502,0.39999302970781486,0.19999990834753745,0.20001110854189796
R4: confined replace,3636,0.8000000094629358,0.400001700307306,0.20000064527990513,0.19999766387572473
R4: confined replace,3648,0.7999949834093966,0.3999992751312834,0.20000644982678223,0.19998925845133092
R4: confined replace,3660,0.7999986767311713,0.40000742579661264,0.19999596188165303,0.19999528905290562
R4: confined replace,3672,0.8000063874656977,0.40000822603710073,0.19999534123513432,0.2000028201934627
R4: confined replace,3684,0.8000040465972502,0.39999302970781486,0.19999990834753745,0.20001110854189796
R4: confined replace,3696,0.8000000094629358,0.400001700307306,0.20000064527990513,0.19999766387572473
R4: confined replace,3708,0.7999949834093966,0.3999992751312834,0.20000644982678223,0.19998925845133092
R4: confined replace,3720,0.7999986767311713,0.40000742579661264,0.19999596188165303,0.19999528905290562
R4: confined replace,3732,0.8000063874656977,0.40000822603710073,0.19999534123513432,0.2000028201934627
R4: confined replace,3744,0.8000040465972502,0.39999302970781486,0.19999990834753745,0.20001110854189796
R4: confined replace,3756,0.8000000094629358,0.400001700307306,0.20000064527990513,0.19999766387572473
R4: confined replace,3768,0.7999949834093966,0.3999992751312834,0.20000644982678223,0.19998925845133092
R4: confined replace,3780,0.7999986767311713,0.40000742579661264,0.19999596188165303,0.19999528905290562
R4: confined replace,3792,0.8000063874656977,0.40000822603710073,0.19999534123513432,0.2000028201934627
R4: confined replace,3804,0.8000040465972502,0.39999302970781486,0.19999990834753745,0.20001110854189796
R4: confined replace,3816,0.8000000094629358,0.400001700307306,0.20000064527990513,0.19999766387572473
R4: confined replace,3828,0.7999949834093966,0.3999992751312834,0.20000644982678223,0.19998925845133092
R4: confined replace,3840,0.7999986767311713,0.40000742579661264,0.19999596188165303,0.19999528905290562
R4: confined replace,3852,0.8000063874656977,0.40000822603710073,0.19999534123513432,0.2000028201934627
R4: confined replace,3864,0.8000040465972502,0.39999302970781486,0.19999990834753745,0.20001110854189796
R4: confined replace,3876,0.8000000094629358,0.400001700307306,0.20000064527990513,0.19999766387572473
R4: confined replace,3888,0.7999949834093966,0.3999992751312834,0.20000644982678223,0.19998925845133092
R4: confined replace,3900,0.7999986767311713,0.40000742579661264,0.19999596188165303,0.19999528905290562
R4: confined replace,3912,0.8000063874656977,0.40000822603710073,0.19999534123513432,0.2000028201934627
R4: confined replace,3924,0.8000040465972502,0.39999302970781486,0.19999990834753745,0.20001110854189796
R4: confined replace,3936,0.8000000094629358,0.400001700307306,0.20000064527990513,0.19999766387572473
R4: confined replace,3948,0.7999949834093966,0.3999992751312834,0.20000644982678223,0.19998925845133092
R4: confined replace,3960,0.7999986767311713,0.40000742579661264,0.19999596188165303,0.19999528905290562
R4: confined replace,3972,0.8000063874656977,0.40000822603710073,0.19999534123513432,0.2000028201934627
R4: confined replace,3984,0.8000040465972502,0.39999302970781486,0.19999990834753745,0.20001110854189796
R4: confined replace,3996,0.8000000094629358,0.400001700307306,0.20000064527990513,0.19999766387572473
R4: confined replace,4008,0.7999949834093966,0.3999992751312834,0.20000644982678223,0.19998925845133092
R4: confined replace,4020,0.7999986767311713,0.40000742579661264,0.19999596188165303,0.19999528905290562
R4: confined replace,4032,0.8000063874656977,0.40000822603710073,0.19999534123513432,0.2000028201934627
R4: confined replace,4044,0.8000040465972502,0.39999302970781486,0.19999990834753745,0.20001110854189796
R4: confined replace,4056,0.8000000094629358,0.400001700307306,0.20000064527990513,0.19999766387572473
R4: confined replace,4068,0.7999949834093966,0.3999992751312834,0.20000644982678223,0.19998925845133092
R4: confined replace,4080,0.7999986767311713,0.40000742579661264,0.19999596188165303,0.19999528905290562
R4: confined replace,4092,0.8000063874656977,0.40000822603710073,0.19999534123513432,0.2000028201934627
R4: confined replace,4104,0.8000040465972502,0.39999302970781486,0.19999990834753745,0.20001110854189796
R4: confined replace,4116,0.8000000094629358,0.400001700307306,0.20000064527990513,0.19999766387572473
R4: confined replace,4128,0.7999949834093966,0.3999992751312834,0.20000644982678223,0.19998925845133092
R4: confined replace,4140,0.7999986767311713,0.40000742579661264,0.19999596188165303,0.19999528905290562
R4: confined replace,4152,0.8000063874656977,0.40000822603710073,0.19999534123513432,0.2000028201934627
R4: confined replace,4164,0.8000040465972502,0.39999302970781486,0.19999990834753745,0.20001110854189796
R4: confined replace,4176,0.8000000094629358,0.400001700307306,0.20000064527990513,0.19999766387572473
R4: confined replace,4188,0.7999949834093966,0.3999992751312834,0.20000644982678223,0.19998925845133092
R4: confined replace,4200,0.7999986767311713,0.40000742579661264,0.19999596188165303,0.19999528905290562
R4: confined replace,4212,0.8000063874656977,0.40000822603710073,0.19999534123513432,0.2000028201934627
R4: confined replace,4224,0.8000040465972502,0.39999302970781486,0.19999990834753745,0.20001110854189796
R4: confined replace,4236,0.8000000094629358,0.400001700307306,0.20000064527990513,0.19999766387572473
R4: confined replace,4248,0.7999949834093966,0.3999992751312834,0.20000644982678223,0.19998925845133092
R4: confined replace,4260,0.7999986767311713,0.40000742579661264,0.19999596188165303,0.19999528905290562
R4: confined replace,4272,0.8000063874656977,0.40000822603710073,0.19999534123513432,0.2000028201934627
R4: confined replace,4284,0.8000040465972502,0.39999302970781486,0.19999990834753745,0.20001110854189796
R4: confined replace,4296,0.8000000094629358,0.400001700307306,0.20000064527990513,0.19999766387572473
R4: confined replace,4308,0.7999949834093966,0.3999992751312834,0.20000644982678223,0.19998925845133092
R4: confined replace,4320,0.7999986767311713,0.40000742579661264,0.19999596188165303,0.19999528905290562
R4: confined replace,4332,0.8000063874656977,0.40000822603710073,0.19999534123513432,0.2000028201934627
R4: confined replace,4344,0.8000040465972502,0.39999302970781486,0.19999990834753745,0.20001110854189796
R4: confined replace,4356,0.8000000094629358,0.400001700307306,0.20000064527990513,0.19999766387572473
R4: confined replace,4368,0.7999949834093966,0.3999992751312834,0.20000644982678223,0.19998925845133092
R4: confined replace,4380,0.7999986767311713,0.40000742579661264,0.19999596188165303,0.19999528905290562
R4: confined replace,4392,0.8000063874656977,0.40000822603710073,0.19999534123513432,0.2000028201934627
R4: confined replace,4404,0.8000040465972502,0.39999302970781486,0.19999990834753745,0.20001110854189796
R4: confined replace,4416,0.8000000094629358,0.400001700307306,0.20000064527990513,0.19999766387572473
R4: confined replace,4428,0.7999949834093966,0.3999992751312834,0.20000644982678223,0.19998925845133092
R4: confined replace,4440,0.7999986767311713,0.40000742579661264,0.19999596188165303,0.19999528905290562
R4: confined replace,4452,0.8000063874656977,0.40000822603710073,0.19999534123513432,0.2000028201934627
R4: confined replace,4464,0.8000040465972502,0.39999302970781486,0.19999990834753745,0.20001110854189796
R4: confined replace,4476,0.8000000094629358,0.400001700307306,0.20000064527990513,0.19999766387572473
R4: confined replace,4488,0.7999949834093966,0.3999992751312834,0.20000644982678223,0.19998925845133092
R4: confined replace,4500,0.7999986767311713,0.40000742579661264,0.19999596188165303,0.19999528905290562
R4: confined replace,4512,0.8000063874656977,0.40000822603710073,0.19999534123513432,0.2000028201934627
R4: confined replace,4524,0.8000040465972502,0.39999302970781486,0.19999990834753745,0.20001110854189796
R4: confined replace,4536,0.8000000094629358,0.400001700307306,0.20000064527990513,0.19999766387572473
R4: confined replace,4548,0.7999949834093966,0.3999992751312834,0.20000644982678223,0.19998925845133092
R4: confined replace,4560,0.7999986767311713,0.40000742579661264,0.19999596188165303,0.19999528905290562
R4: confined replace,4572,0.8000063874656977,0.40000822603710073,0.19999534123513432,0.2000028201934627
R4: confined replace,4584,0.8000040465972502,0.39999302970781486,0.19999990834753745,0.20001110854189796
R4: confined replace,4596,0.8000000094629358,0.400001700307306,0.20000064527990513,0.19999766387572473
R4: confined replace,4608,0.7999949834093966,0.3999992751312834,0.20000644982678223,0.19998925845133092
R4: confined replace,4620,0.7999986767311713,0.40000742579661264,0.19999596188165303,0.19999528905290562
R4: confined replace,4632,0.8000063874656977,0.40000822603710073,0.19999534123513432,0.2000028201934627
R4: confined replace,4644,0.8000040465972502,0.39999302970781486,0.19999990834753745,0.20001110854189796
R4: confined replace,4656,0.8000000094629358,0.400001700307306,0.20000064527990513,0.19999766387572473
R4: confined replace,4668,0.7999949834093966,0.3999992751312834,0.20000644982678223,0.19998925845133092
R4: confined replace,4680,0.7999986767311713,0.40000742579661264,0.19999596188165303,0.19999528905290562
R4: confined replace,4692,0.8000063874656977,0.40000822603710073,0.19999534123513432,0.2000028201934627
R4: confined replace,4704,0.8000040465972502,0.39999302970781486,0.19999990834753745,0.20001110854189796
R4: confined replace,4716,0.8000000094629358,0.400001700307306,0.20000064527990513,0.19999766387572473
R4: confined replace,4728,0.7999949834093966,0.3999992751312834,0.20000644982678223,0.19998925845133092
R4: confined replace,4740,0.7999986767311713,0.40000742579661264,0.19999596188165303,0.19999528905290562
R4: confined replace,4752,0.8000063874656977,0.40000822603710073,0.19999534123513432,0.2000028201934627
R4: confined replace,4764,0.8000040465972502,0.39999302970781486,0.19999990834753745,0.20001110854189796
R4: confined replace,4776,0.8000000094629358,0.400001700307306,0.20000064527990513,0.19999766387572473
R4: confined replace,4788,0.7999949834093966,0.3999992751312834,0.20000644982678223,0.19998925845133092
R4: confined replace,4800,0.7999986767311713,0.40000742579661264,0.19999596188165303,0.19999528905290562
R4: confined replace,4812,0.8000063874656977,0.40000822603710073,0.19999534123513432,0.2000028201934627
R4: confined replace,4824,0.8000040465972502,0.39999302970781486,0.19999990834753745,0.20001110854189796
R4: confined replace,4836,0.8000000094629358,0.400001700307306,0.20000064527990513,0.19999766387572473
R4: confined replace,4848,0.7999949834093966,0.3999992751312834,0.20000644982678223,0.19998925845133092
R4: confined replace,4860,0.7999986767311713,0.40000742579661264,0.19999596188165303,0.19999528905290562
R4: confined replace,4872,0.8000063874656977,0.40000822603710073,0.19999534123513432,0.2000028201934627
R4: confined replace,4884,0.8000040465972502,0.39999302970781486,0.19999990834753745,0.20001110854189796
R4: confined replace,4896,0.8000000094629358,0.400001700307306,0.20000064527990513,0.19999766387572473
R4: confined replace,4908,0.7997252369090326,0.39934079391948085,0.2001622827208868,0.20022216026866493
R4: confined replace,4920,0.7984602642107441,0.3962776067545489,0.20075587625641286,0.2014267811997824
R4: confined replace,4932,0.7931985848813231,0.3892679534739125,0.2010077431858614,0.20292288822154916
R4: confined replace,4944,0.780356055356327,0.3766872312598787,0.19988700112248678,0.20378182297396155
R4: confined replace,4956,0.757199532662509,0.35803365114742264,0.19646865174888725,0.20269722976619906
R4: confined replace,4968,0.7218907034884915,0.33309721787196245,0.19003692306727488,0.19875656254925417
R4: confined replace,4980,0.6739957930788889,0.3023854135290983,0.1802366677524505,0.19137371179734008
R4: confined replace,4992,0.6145661488237598,0.2670829989444925,0.1671642534851342,0.18031889639413315
R4: confined replace,5004,0.5453640594651485,0.22835789513410007,0.15110391775706922,0.1659022465739792
R4: confined replace,5016,0.4692191269453144,0.1882887897410096,0.13260521508525028,0.14832512211905455
R4: confined replace,5028,0.38952304699146423,0.14877942126150306,0.11244081942287552,0.12830280630708565
R4: confined replace,5040,0.3102231108877228,0.11177563506885053,0.09161101140850389,0.10683646441036837
R4: confined replace,5052,0.2354703734653912,0.07908321688931128,0.07130078660392555,0.08508636997215438
R4: confined replace,5064,0.1685395280853103,0.05161247848364706,0.05250876163876952,0.06441828796289373
R4: confined replace,5076,0.11203600263779954,0.030331290375060604,0.036054111489438365,0.045650600773300576
R4: confined replace,5088,0.06741286633049186,0.015289004835813217,0.02250776008109489,0.029616101413583756
R4: confined replace,5100,0.03515567583642522,0.006016541685728403,0.012216780466337541,0.01692235368435927
R4: confined replace,5112,0.0147723199521726,0.0015825773352595677,0.005325975305017309,0.007863767311895723
R4: confined replace,5124,0.004171179711029212,0.00010828589360059883,0.0015094510884661174,0.0025534427289624954
R4: confined replace,5136,0.0004022222040379938,0.0,0.00010828589360059883,0.000293936310437395
R4: confined replace,5148,0.0,0.0,0.0,0.0
