Design Assistant report for pifo
Mon Sep  7 11:29:28 2026
Quartus Prime Version 25.3.1 Build 100 12/19/2025 SC Pro Edition


---------------------
; Table of Contents ;
---------------------
  1. Legal Notice
  2. Design Assistant (Synthesized) Results - 1 of 13 Rules Failed
  3. RES-30134 - Registers Not Reachable from Reset Release IP
  4. LNT-30011 - Design Contains Combinational Loops
  5. LNT-30017 - Register Output Driving Its Own Asynchronous Control Signal Directly or Through Combinational Logic
  6. LNT-30023 - Reset Nets with Polarity Conflict
  7. RES-30132 - Registers May Not Be Properly Reset
  8. RES-30133 - Embedded Memory Blocks with Initialized Content That Might be Modified Before the FPGA Enters User Mode
  9. TMC-20052 - Paths with Post Synthesis Inferred Latches
 10. FLP-10500 - Non Driving Top Level Inputs Found
 11. LNT-30010 - Nets Driving both Reset and Clock Enable Signals
 12. LNT-50006 - DSP Control Signal Registers Reset Mode Mismatch
 13. TMC-20053 - DSP Inputs Driven by High Fan-Out Net
 14. TMC-20500 - Hierarchical Tree Duplication was Shallower than Possible
 15. TMC-20501 - Hierarchical Tree Duplication was Shallower than Requested



----------------
; Legal Notice ;
----------------
Copyright (C) 2025  Altera Corporation. All rights reserved.
Your use of Altera Corporation's design tools, logic functions 
and other software and tools, and any partner logic 
functions, and any output files from any of the foregoing 
(including device programming or simulation files), and any 
associated documentation or information are expressly subject 
to the terms and conditions of the Altera Program License 
Subscription Agreement, the Altera Quartus Prime License Agreement,
the Altera IP License Agreement, or other applicable license
agreement, including, without limitation, that your use is for
the sole purpose of programming logic devices manufactured by
Altera and sold by Altera or its authorized distributors.  Please
refer to the Altera Software License Subscription Agreements 
on the Quartus Prime software download page.



+----------------------------------------------------------------------------------------------------------------------------------------------------------------------------------------+
; Design Assistant (Synthesized) Results - 1 of 13 Rules Failed                                                                                                                          ;
+---------------------------------------------------------------------------------------------------------------------+----------+------------+--------+---------------------------------+
; Rule                                                                                                                ; Severity ; Violations ; Waived ; Tags                            ;
+---------------------------------------------------------------------------------------------------------------------+----------+------------+--------+---------------------------------+
; RES-30134 - Registers Not Reachable from Reset Release IP                                                           ; Medium   ; 1,920      ; 0      ; reset-usage, reset-reachability ;
; LNT-30011 - Design Contains Combinational Loops                                                                     ; High     ; 0          ; 0      ; nonstandard-timing              ;
; LNT-30017 - Register Output Driving Its Own Asynchronous Control Signal Directly or Through Combinational Logic     ; Medium   ; 0          ; 0      ; nonstandard-timing              ;
; LNT-30023 - Reset Nets with Polarity Conflict                                                                       ; Medium   ; 0          ; 0      ; reset-usage                     ;
; RES-30132 - Registers May Not Be Properly Reset                                                                     ; Medium   ; 0          ; 0      ; reset-usage, reset-reachability ;
; RES-30133 - Embedded Memory Blocks with Initialized Content That Might be Modified Before the FPGA Enters User Mode ; Medium   ; 0          ; 0      ; ram, reset-usage                ;
; TMC-20052 - Paths with Post Synthesis Inferred Latches                                                              ; Medium   ; 0          ; 0      ; nonstandard-timing, latch       ;
; FLP-10500 - Non Driving Top Level Inputs Found                                                                      ; Low      ; 0          ; 0      ; system                          ;
; LNT-30010 - Nets Driving both Reset and Clock Enable Signals                                                        ; Low      ; 0          ; 0      ; reset-usage                     ;
; LNT-50006 - DSP Control Signal Registers Reset Mode Mismatch                                                        ; Low      ; 0          ; 0      ; dsp, reset-usage                ;
; TMC-20053 - DSP Inputs Driven by High Fan-Out Net                                                                   ; Low      ; 0          ; 0      ; dsp                             ;
; TMC-20500 - Hierarchical Tree Duplication was Shallower than Possible                                               ; Low      ; 0          ; 0      ; register-duplication, synthesis ;
; TMC-20501 - Hierarchical Tree Duplication was Shallower than Requested                                              ; Low      ; 0          ; 0      ; register-duplication, synthesis ;
+---------------------------------------------------------------------------------------------------------------------+----------+------------+--------+---------------------------------+


Status:		FAIL
Severity:		Medium
Number of violations: 	1,920
Rule Parameters:      	max_violations = 5000
+-------------------------------------------------------------------------------------------------------------+
; RES-30134 - Registers Not Reachable from Reset Release IP                                                   ;
+----------------------------------------------------------------------------------------------------+--------+
; Register Node                                                                                      ; Waived ;
+----------------------------------------------------------------------------------------------------+--------+
; ingress_fifo|logic_pop_sync_popReg[1]                                                              ;        ;
; reserved[12]                                                                                       ;        ;
; pifoEngines_0|enque_brain|engineCAM_io_readRes_toStream_fifo|fifo|logic_ptr_push[0]                ;        ;
; pifoEngines_1|deque_frontRewrite|enabled_32                                                        ;        ;
; pifoEngines_1|deque_frontRewrite|enabled_20                                                        ;        ;
; pifoEngines_1|deque_frontRewrite|enabled_52                                                        ;        ;
; pifoEngines_1|deque_frontRewrite|enabled_16                                                        ;        ;
; pifoEngines_1|deque_frontRewrite|enabled_0                                                         ;        ;
; pifoEngines_1|deque_frontRewrite|enabled_48                                                        ;        ;
; pifoEngines_1|deque_frontRewrite|enabled_12                                                        ;        ;
; pifoEngines_1|deque_frontRewrite|enabled_44                                                        ;        ;
; pifoEngines_1|deque_frontRewrite|enabled_40                                                        ;        ;
; pifoEngines_1|deque_frontRewrite|enabled_28                                                        ;        ;
; pifoEngines_0|enque_brain|engineCAM|io_readReq_valid_regNext                                       ;        ;
; pifoEngines_1|deque_frontRewrite|enabled_60                                                        ;        ;
; xbar|_zz_io_outputs_2_payload_vPifoId[3]                                                           ;        ;
; xbar|_zz_io_outputs_2_payload_vPifoId[4]                                                           ;        ;
; xbar|_zz_io_outputs_2_payload_vPifoId[5]                                                           ;        ;
; xbar|_zz_io_outputs_2_payload_vPifoId[1]                                                           ;        ;
; xbar|_zz_io_outputs_2_payload_vPifoId[0]                                                           ;        ;
; xbar|streamArbiter_24|maskLocked_1                                                                 ;        ;
; xbar|streamArbiter_24|maskLocked_4                                                                 ;        ;
; xbar|streamArbiter_24|maskLocked_2                                                                 ;        ;
; xbar|streamArbiter_24|maskLocked_3                                                                 ;        ;
; pifoEngines_0|enque_brain|brainStateMem|io_readReq_valid_regNext                                   ;        ;
; xbar|_zz_io_outputs_2_payload_vPifoId[2]                                                           ;        ;
; xbar|streamArbiter_24|locked                                                                       ;        ;
; xbar|_zz_io_outputs_2_valid_1                                                                      ;        ;
; xbar|_zz_io_outputs_1_payload_vPifoId[3]                                                           ;        ;
; xbar|_zz_io_outputs_1_payload_vPifoId[4]                                                           ;        ;
; xbar|_zz_io_outputs_1_payload_vPifoId[5]                                                           ;        ;
; xbar|_zz_io_outputs_1_payload_vPifoId[1]                                                           ;        ;
; xbar|streamArbiter_23|maskLocked_1                                                                 ;        ;
; xbar|io_inputs_5_fifo|fifo|logic_ram~12                                                            ;        ;
; xbar|io_inputs_5_fifo|fifo|logic_ram_rtl_0_bypass[9]                                               ;        ;
; pifoEngines_0|enque_brain|lastVirtualMapper_io_readRes_toStream_fifo|fifo|logic_ptr_pop[1]         ;        ;
; xbar|streamArbiter_23|maskLocked_2                                                                 ;        ;
; xbar|streamArbiter_23|maskLocked_3                                                                 ;        ;
; xbar|_zz_io_outputs_1_payload_vPifoId[0]                                                           ;        ;
; xbar|streamArbiter_23|maskLocked_0                                                                 ;        ;
; xbar|io_inputs_0_fifo|fifo|logic_ram~10                                                            ;        ;
; xbar|io_inputs_0_fifo|fifo|logic_ram_rtl_0_bypass[6]                                               ;        ;
; xbar|io_inputs_0_fifo|fifo|logic_ram_rtl_0_bypass[5]                                               ;        ;
; xbar|streamArbiter_26|maskLocked_0                                                                 ;        ;
; pifoEngines_4|deque_frontRewrite|enabled_13                                                        ;        ;
; pifoEngines_4|deque_frontRewrite|enabled_45                                                        ;        ;
; pifoEngines_0|enque_brain|lastVirtualMapper_io_readRes_toStream_fifo|fifo|logic_ptr_push[1]        ;        ;
; pifoEngines_4|deque_frontRewrite|enabled_44                                                        ;        ;
; pifoEngines_4|deque_frontRewrite|enabled_29                                                        ;        ;
; pifoEngines_4|deque_frontRewrite|enabled_61                                                        ;        ;
; pifoEngines_4|deque_frontRewrite|enabled_28                                                        ;        ;
; pifoEngines_4|deque_frontRewrite|enabled_12                                                        ;        ;
; pifoEngines_4|deque_frontRewrite|enabled_60                                                        ;        ;
; pifoEngines_4|deque_frontRewrite|enabled_26                                                        ;        ;
; pifoEngines_4|deque_frontRewrite|enabled_10                                                        ;        ;
; pifoEngines_4|deque_frontRewrite|enabled_58                                                        ;        ;
; pifoEngines_4|deque_frontRewrite|enabled_15                                                        ;        ;
; pifoEngines_0|enque_brain|lastVirtualMapper_io_readRes_toStream_fifo|fifo|logic_ptr_pop[0]         ;        ;
; pifoEngines_4|deque_frontRewrite|enabled_47                                                        ;        ;
; pifoEngines_4|deque_frontRewrite|enabled_46                                                        ;        ;
; pifoEngines_4|deque_frontRewrite|enabled_31                                                        ;        ;
; pifoEngines_4|deque_frontRewrite|enabled_63                                                        ;        ;
; pifoEngines_4|deque_frontRewrite|enabled_30                                                        ;        ;
; pifoEngines_4|deque_frontRewrite|enabled_14                                                        ;        ;
; pifoEngines_4|deque_frontRewrite|enabled_62                                                        ;        ;
; pifoEngines_4|deque_frontRewrite|enabled_9                                                         ;        ;
; pifoEngines_4|deque_frontRewrite|enabled_41                                                        ;        ;
; pifoEngines_4|deque_frontRewrite|enabled_40                                                        ;        ;
; pifoEngines_0|enque_brain|lastVirtualMapper_io_readRes_toStream_fifo|fifo|logic_ptr_push[0]        ;        ;
; pifoEngines_4|deque_frontRewrite|enabled_25                                                        ;        ;
; pifoEngines_4|deque_frontRewrite|enabled_57                                                        ;        ;
; pifoEngines_4|deque_frontRewrite|enabled_24                                                        ;        ;
; pifoEngines_4|deque_frontRewrite|enabled_8                                                         ;        ;
; pifoEngines_4|deque_frontRewrite|enabled_56                                                        ;        ;
; pifoEngines_4|deque_frontRewrite|enabled_11                                                        ;        ;
; pifoEngines_4|deque_frontRewrite|enabled_43                                                        ;        ;
; pifoEngines_4|deque_frontRewrite|enabled_42                                                        ;        ;
; pifoEngines_4|deque_frontRewrite|enabled_27                                                        ;        ;
; pifoEngines_4|deque_frontRewrite|enabled_59                                                        ;        ;
; pifoEngines_0|enque_brain|engineMapper_io_readRes_toStream_fifo|fifo|logic_ptr_pop[1]              ;        ;
; pifoEngines_4|deque_frontRewrite|enabled_5                                                         ;        ;
; pifoEngines_4|deque_frontRewrite|enabled_37                                                        ;        ;
; pifoEngines_4|deque_frontRewrite|enabled_36                                                        ;        ;
; pifoEngines_4|deque_frontRewrite|enabled_21                                                        ;        ;
; pifoEngines_4|deque_frontRewrite|enabled_53                                                        ;        ;
; pifoEngines_4|deque_frontRewrite|enabled_20                                                        ;        ;
; pifoEngines_4|deque_frontRewrite|enabled_4                                                         ;        ;
; pifoEngines_4|deque_frontRewrite|enabled_52                                                        ;        ;
; pifoEngines_4|deque_frontRewrite|enabled_18                                                        ;        ;
; pifoEngines_4|deque_frontRewrite|enabled_2                                                         ;        ;
; pifoEngines_0|enque_brain|engineMapper_io_readRes_toStream_fifo|fifo|logic_ptr_push[1]             ;        ;
; pifoEngines_4|deque_frontRewrite|enabled_50                                                        ;        ;
; pifoEngines_4|deque_frontRewrite|enabled_7                                                         ;        ;
; pifoEngines_4|deque_frontRewrite|enabled_39                                                        ;        ;
; pifoEngines_4|deque_frontRewrite|enabled_38                                                        ;        ;
; pifoEngines_4|deque_frontRewrite|enabled_23                                                        ;        ;
; pifoEngines_4|deque_frontRewrite|enabled_55                                                        ;        ;
; pifoEngines_4|deque_frontRewrite|enabled_22                                                        ;        ;
; pifoEngines_4|deque_frontRewrite|enabled_6                                                         ;        ;
; pifoEngines_4|deque_frontRewrite|enabled_54                                                        ;        ;
; pifoEngines_4|deque_frontRewrite|enabled_1                                                         ;        ;
; pifoEngines_0|enque_brain|engineMapper_io_readRes_toStream_fifo|fifo|logic_ptr_pop[0]              ;        ;
; pifoEngines_4|deque_frontRewrite|enabled_33                                                        ;        ;
; pifoEngines_4|deque_frontRewrite|enabled_32                                                        ;        ;
; pifoEngines_4|deque_frontRewrite|enabled_17                                                        ;        ;
; pifoEngines_4|deque_frontRewrite|enabled_49                                                        ;        ;
; pifoEngines_4|deque_frontRewrite|enabled_16                                                        ;        ;
; pifoEngines_4|deque_frontRewrite|enabled_0                                                         ;        ;
; pifoEngines_4|deque_frontRewrite|enabled_48                                                        ;        ;
; pifoEngines_4|deque_frontRewrite|enabled_3                                                         ;        ;
; pifoEngines_4|deque_frontRewrite|enabled_35                                                        ;        ;
; pifoEngines_4|deque_frontRewrite|enabled_34                                                        ;        ;
; reserved[7]                                                                                        ;        ;
; pifoEngines_0|enque_brain|engineMapper_io_readRes_toStream_fifo|fifo|logic_ptr_push[0]             ;        ;
; pifoEngines_4|deque_frontRewrite|enabled_19                                                        ;        ;
; pifoEngines_4|deque_frontRewrite|enabled_51                                                        ;        ;
; xbar|_zz_io_outputs_5_payload_vPifoId[1]                                                           ;        ;
; xbar|_zz_io_outputs_5_payload_vPifoId[0]                                                           ;        ;
; xbar|_zz_io_outputs_5_payload_vPifoId[4]                                                           ;        ;
; xbar|_zz_io_outputs_5_payload_vPifoId[5]                                                           ;        ;
; xbar|_zz_io_outputs_5_payload_vPifoId[3]                                                           ;        ;
; xbar|streamArbiter_27|maskLocked_1                                                                 ;        ;
; xbar|streamArbiter_27|maskLocked_0                                                                 ;        ;
; xbar|streamArbiter_27|maskLocked_2                                                                 ;        ;
; pifoEngines_0|enque_brain|engineMapper|io_readReq_valid_regNext                                    ;        ;
; xbar|io_inputs_4_fifo|fifo|logic_ram~12                                                            ;        ;
; xbar|io_inputs_4_fifo|fifo|logic_ram_rtl_0_bypass[9]                                               ;        ;
; xbar|io_inputs_4_fifo|fifo|logic_ram~11                                                            ;        ;
; xbar|io_inputs_4_fifo|fifo|logic_ram_rtl_0_bypass[6]                                               ;        ;
; xbar|io_inputs_4_fifo|fifo|logic_ram_rtl_0_bypass[5]                                               ;        ;
; pifoEngines_3|deque_frontRewrite|enabled_7                                                         ;        ;
; pifoEngines_3|deque_frontRewrite|enabled_39                                                        ;        ;
; pifoEngines_3|deque_frontRewrite|enabled_35                                                        ;        ;
; pifoEngines_3|deque_frontRewrite|enabled_23                                                        ;        ;
; pifoEngines_3|deque_frontRewrite|enabled_55                                                        ;        ;
; pifoEngines_0|enque_brain|io_request_fork|logic_linkEnable_0                                       ;        ;
; pifoEngines_3|deque_frontRewrite|enabled_19                                                        ;        ;
; pifoEngines_3|deque_frontRewrite|enabled_3                                                         ;        ;
; pifoEngines_3|deque_frontRewrite|enabled_51                                                        ;        ;
; pifoEngines_3|deque_frontRewrite|enabled_26                                                        ;        ;
; pifoEngines_3|deque_frontRewrite|enabled_10                                                        ;        ;
; pifoEngines_3|deque_frontRewrite|enabled_58                                                        ;        ;
; pifoEngines_3|deque_frontRewrite|enabled_15                                                        ;        ;
; pifoEngines_3|deque_frontRewrite|enabled_47                                                        ;        ;
; pifoEngines_3|deque_frontRewrite|enabled_43                                                        ;        ;
; pifoEngines_3|deque_frontRewrite|enabled_31                                                        ;        ;
; pifoEngines_0|enque_brain|lastVirtualMapper|io_readReq_valid_regNext                               ;        ;
; pifoEngines_3|deque_frontRewrite|enabled_63                                                        ;        ;
; pifoEngines_3|deque_frontRewrite|enabled_27                                                        ;        ;
; pifoEngines_3|deque_frontRewrite|enabled_11                                                        ;        ;
; pifoEngines_3|deque_frontRewrite|enabled_59                                                        ;        ;
; pifoEngines_3|deque_frontRewrite|enabled_6                                                         ;        ;
; pifoEngines_3|deque_frontRewrite|enabled_38                                                        ;        ;
; pifoEngines_3|deque_frontRewrite|enabled_34                                                        ;        ;
; pifoEngines_3|deque_frontRewrite|enabled_22                                                        ;        ;
; pifoEngines_3|deque_frontRewrite|enabled_54                                                        ;        ;
; pifoEngines_3|deque_frontRewrite|enabled_18                                                        ;        ;
; pifoEngines_0|enque_brain|io_outputs_4_fifo|fifo|logic_ptr_pop[0]                                  ;        ;
; pifoEngines_3|deque_frontRewrite|enabled_2                                                         ;        ;
; pifoEngines_3|deque_frontRewrite|enabled_50                                                        ;        ;
; pifoEngines_3|deque_frontRewrite|enabled_14                                                        ;        ;
; pifoEngines_3|deque_frontRewrite|enabled_46                                                        ;        ;
; pifoEngines_3|deque_frontRewrite|enabled_42                                                        ;        ;
; pifoEngines_3|deque_frontRewrite|enabled_30                                                        ;        ;
; pifoEngines_3|deque_frontRewrite|enabled_62                                                        ;        ;
; pifoEngines_3|deque_frontRewrite|enabled_5                                                         ;        ;
; pifoEngines_3|deque_frontRewrite|enabled_37                                                        ;        ;
; pifoEngines_3|deque_frontRewrite|enabled_33                                                        ;        ;
; pifoEngines_0|enque_brain|io_outputs_4_fifo|fifo|logic_ptr_push[0]                                 ;        ;
; pifoEngines_3|deque_frontRewrite|enabled_21                                                        ;        ;
; pifoEngines_3|deque_frontRewrite|enabled_53                                                        ;        ;
; pifoEngines_3|deque_frontRewrite|enabled_17                                                        ;        ;
; pifoEngines_3|deque_frontRewrite|enabled_1                                                         ;        ;
; pifoEngines_3|deque_frontRewrite|enabled_49                                                        ;        ;
; pifoEngines_3|deque_frontRewrite|enabled_24                                                        ;        ;
; pifoEngines_3|deque_frontRewrite|enabled_8                                                         ;        ;
; pifoEngines_3|deque_frontRewrite|enabled_56                                                        ;        ;
; pifoEngines_3|deque_frontRewrite|enabled_13                                                        ;        ;
; pifoEngines_3|deque_frontRewrite|enabled_45                                                        ;        ;
; pifoEngines_0|enque_enqueMapper|io_readReq_valid_regNext                                           ;        ;
; pifoEngines_3|deque_frontRewrite|enabled_41                                                        ;        ;
; pifoEngines_3|deque_frontRewrite|enabled_29                                                        ;        ;
; pifoEngines_3|deque_frontRewrite|enabled_61                                                        ;        ;
; pifoEngines_3|deque_frontRewrite|enabled_25                                                        ;        ;
; pifoEngines_3|deque_frontRewrite|enabled_9                                                         ;        ;
; pifoEngines_3|deque_frontRewrite|enabled_57                                                        ;        ;
; pifoEngines_3|deque_frontRewrite|enabled_4                                                         ;        ;
; pifoEngines_3|deque_frontRewrite|enabled_36                                                        ;        ;
; pifoEngines_3|deque_frontRewrite|enabled_32                                                        ;        ;
; pifoEngines_3|deque_frontRewrite|enabled_20                                                        ;        ;
; pifoEngines_0|enque_flowIdStream_fifo|fifo|logic_ptr_pop[0]                                        ;        ;
; pifoEngines_3|deque_frontRewrite|enabled_52                                                        ;        ;
; pifoEngines_3|deque_frontRewrite|enabled_16                                                        ;        ;
; pifoEngines_3|deque_frontRewrite|enabled_0                                                         ;        ;
; pifoEngines_3|deque_frontRewrite|enabled_48                                                        ;        ;
; pifoEngines_3|deque_frontRewrite|enabled_12                                                        ;        ;
; pifoEngines_3|deque_frontRewrite|enabled_44                                                        ;        ;
; pifoEngines_3|deque_frontRewrite|enabled_40                                                        ;        ;
; pifoEngines_3|deque_frontRewrite|enabled_28                                                        ;        ;
; xbar|io_inputs_2_fifo|fifo|logic_ram~14                                                            ;        ;
; xbar|io_inputs_2_fifo|fifo|logic_ram_rtl_0_bypass[11]                                              ;        ;
; pifoEngines_0|enque_flowIdStream_fifo|fifo|logic_ptr_push[0]                                       ;        ;
; xbar|io_inputs_0_fifo|fifo|logic_ram~14                                                            ;        ;
; xbar|io_inputs_5_fifo|fifo|logic_ram~14                                                            ;        ;
; xbar|io_inputs_5_fifo|fifo|logic_ram_rtl_0_bypass[11]                                              ;        ;
; xbar|io_inputs_3_fifo|fifo|logic_ram~14                                                            ;        ;
; xbar|io_inputs_3_fifo|fifo|logic_ram_rtl_0_bypass[11]                                              ;        ;
; xbar|io_inputs_1_fifo|fifo|logic_ram~14                                                            ;        ;
; xbar|io_inputs_1_fifo|fifo|logic_ram_rtl_0_bypass[11]                                              ;        ;
; xbar|io_inputs_4_fifo|fifo|logic_ram~14                                                            ;        ;
; xbar|io_inputs_4_fifo|fifo|logic_ram_rtl_0_bypass[11]                                              ;        ;
; xbar|_zz_io_outputs_4_payload_vPifoId[1]                                                           ;        ;
; pifoEngines_0|io_enqueRequest_fork2_logic_linkEnable_0                                             ;        ;
; xbar|io_inputs_2_fifo|fifo|logic_ram~13                                                            ;        ;
; xbar|io_inputs_2_fifo|fifo|logic_ram_rtl_0_bypass[10]                                              ;        ;
; xbar|io_inputs_0_fifo|fifo|logic_ram~13                                                            ;        ;
; xbar|io_inputs_5_fifo|fifo|logic_ram~13                                                            ;        ;
; xbar|io_inputs_5_fifo|fifo|logic_ram_rtl_0_bypass[10]                                              ;        ;
; xbar|io_inputs_3_fifo|fifo|logic_ram~13                                                            ;        ;
; xbar|io_inputs_3_fifo|fifo|logic_ram_rtl_0_bypass[10]                                              ;        ;
; xbar|io_inputs_1_fifo|fifo|logic_ram~13                                                            ;        ;
; xbar|io_inputs_1_fifo|fifo|logic_ram_rtl_0_bypass[10]                                              ;        ;
; xbar|io_inputs_4_fifo|fifo|logic_ram~13                                                            ;        ;
; reserved[6]                                                                                        ;        ;
; pifoEngines_0|enque_brain|flowStateUpdate_toStream_fifo|fifo|logic_ptr_pop[1]                      ;        ;
; xbar|io_inputs_4_fifo|fifo|logic_ram_rtl_0_bypass[10]                                              ;        ;
; xbar|_zz_io_outputs_4_payload_vPifoId[0]                                                           ;        ;
; xbar|io_inputs_2_fifo|fifo|logic_ram~17                                                            ;        ;
; xbar|io_inputs_2_fifo|fifo|logic_ram_rtl_0_bypass[14]                                              ;        ;
; xbar|io_inputs_0_fifo|fifo|logic_ram~17                                                            ;        ;
; xbar|io_inputs_5_fifo|fifo|logic_ram~17                                                            ;        ;
; xbar|io_inputs_5_fifo|fifo|logic_ram_rtl_0_bypass[14]                                              ;        ;
; xbar|io_inputs_3_fifo|fifo|logic_ram~17                                                            ;        ;
; xbar|io_inputs_3_fifo|fifo|logic_ram_rtl_0_bypass[14]                                              ;        ;
; xbar|io_inputs_1_fifo|fifo|logic_ram~17                                                            ;        ;
; pifoEngines_0|enque_brain|flowStateUpdate_toStream_fifo|fifo|logic_ptr_push[1]                     ;        ;
; xbar|io_inputs_1_fifo|fifo|logic_ram_rtl_0_bypass[14]                                              ;        ;
; xbar|io_inputs_4_fifo|fifo|logic_ram~17                                                            ;        ;
; xbar|io_inputs_4_fifo|fifo|logic_ram_rtl_0_bypass[14]                                              ;        ;
; xbar|_zz_io_outputs_4_payload_vPifoId[4]                                                           ;        ;
; pifoEngines_3|deque_frontRewrite|enabled_60                                                        ;        ;
; xbar|io_inputs_2_fifo|fifo|logic_ram~18                                                            ;        ;
; xbar|io_inputs_2_fifo|fifo|logic_ram_rtl_0_bypass[15]                                              ;        ;
; xbar|io_inputs_0_fifo|fifo|logic_ram~18                                                            ;        ;
; xbar|io_inputs_5_fifo|fifo|logic_ram~18                                                            ;        ;
; xbar|io_inputs_5_fifo|fifo|logic_ram_rtl_0_bypass[15]                                              ;        ;
; pifoEngines_0|enque_brain|flowStateUpdate_toStream_fifo|fifo|logic_ptr_pop[0]                      ;        ;
; xbar|io_inputs_3_fifo|fifo|logic_ram~18                                                            ;        ;
; xbar|io_inputs_3_fifo|fifo|logic_ram_rtl_0_bypass[15]                                              ;        ;
; xbar|io_inputs_1_fifo|fifo|logic_ram~18                                                            ;        ;
; xbar|io_inputs_1_fifo|fifo|logic_ram_rtl_0_bypass[15]                                              ;        ;
; xbar|io_inputs_4_fifo|fifo|logic_ram~18                                                            ;        ;
; xbar|io_inputs_4_fifo|fifo|logic_ram_rtl_0_bypass[15]                                              ;        ;
; xbar|_zz_io_outputs_4_payload_vPifoId[5]                                                           ;        ;
; xbar|io_inputs_2_fifo|fifo|logic_ram~16                                                            ;        ;
; xbar|io_inputs_2_fifo|fifo|logic_ram_rtl_0_bypass[13]                                              ;        ;
; xbar|io_inputs_0_fifo|fifo|logic_ram~16                                                            ;        ;
; pifoEngines_0|enque_brain|flowStateUpdate_toStream_fifo|fifo|logic_ptr_push[0]                     ;        ;
; xbar|io_inputs_5_fifo|fifo|logic_ram~16                                                            ;        ;
; xbar|io_inputs_5_fifo|fifo|logic_ram_rtl_0_bypass[13]                                              ;        ;
; xbar|io_inputs_3_fifo|fifo|logic_ram~16                                                            ;        ;
; xbar|io_inputs_3_fifo|fifo|logic_ram_rtl_0_bypass[13]                                              ;        ;
; xbar|io_inputs_1_fifo|fifo|logic_ram~16                                                            ;        ;
; xbar|io_inputs_1_fifo|fifo|logic_ram_rtl_0_bypass[13]                                              ;        ;
; xbar|io_inputs_4_fifo|fifo|logic_ram~16                                                            ;        ;
; xbar|io_inputs_4_fifo|fifo|logic_ram_rtl_0_bypass[13]                                              ;        ;
; xbar|_zz_io_outputs_4_payload_vPifoId[3]                                                           ;        ;
; xbar|io_inputs_2_fifo|fifo|logic_ram~15                                                            ;        ;
; pifoEngines_0|deque_dequeMapper|activeBank                                                         ;        ;
; xbar|io_inputs_2_fifo|fifo|logic_ram_rtl_0_bypass[12]                                              ;        ;
; xbar|io_inputs_0_fifo|fifo|logic_ram~15                                                            ;        ;
; xbar|io_inputs_5_fifo|fifo|logic_ram_rtl_0_bypass[0]                                               ;        ;
; xbar|io_inputs_5_fifo|fifo|logic_ram~15                                                            ;        ;
; xbar|streamArbiter_27|maskLocked_5                                                                 ;        ;
; xbar|io_inputs_5_fifo|fifo|logic_ptr_pop[2]                                                        ;        ;
; xbar|io_inputs_5_fifo|fifo|logic_ram_rtl_0_bypass[12]                                              ;        ;
; xbar|io_inputs_5_fifo|fifo|logic_ram~9                                                             ;        ;
; xbar|io_inputs_3_fifo|fifo|logic_ram~15                                                            ;        ;
; xbar|io_inputs_3_fifo|fifo|logic_ram_rtl_0_bypass[12]                                              ;        ;
; pifoEngines_4|deque_dequeMapper|activeBank                                                         ;        ;
; xbar|io_inputs_1_fifo|fifo|logic_ram~15                                                            ;        ;
; xbar|io_inputs_1_fifo|fifo|logic_ram_rtl_0_bypass[12]                                              ;        ;
; xbar|_zz_io_outputs_4_payload_vPifoId[2]                                                           ;        ;
; xbar|streamArbiter_27|maskLocked_4                                                                 ;        ;
; xbar|streamArbiter_26|maskLocked_4                                                                 ;        ;
; xbar|io_inputs_4_fifo|fifo|logic_ram~10                                                            ;        ;
; xbar|io_inputs_4_fifo|fifo|logic_ram_rtl_0_bypass[0]                                               ;        ;
; xbar|io_inputs_4_fifo|fifo|logic_ptr_pop[2]                                                        ;        ;
; xbar|io_inputs_4_fifo|fifo|logic_ptr_push[2]                                                       ;        ;
; xbar|io_inputs_4_fifo|fifo|logic_ram_rtl_0_bypass[7]                                               ;        ;
; pifoEngines_1|deque_dequeMapper|activeBank                                                         ;        ;
; xbar|io_inputs_4_fifo|fifo|logic_ptr_pop[1]                                                        ;        ;
; xbar|io_inputs_4_fifo|fifo|logic_ram_rtl_0_bypass[4]                                               ;        ;
; xbar|io_inputs_4_fifo|fifo|logic_ptr_push[1]                                                       ;        ;
; xbar|io_inputs_4_fifo|fifo|logic_ram_rtl_0_bypass[3]                                               ;        ;
; pifoEngines_3|deque_dequeMapper|banks_1_rtl_0|auto_generated|altera_syncram_impl1|address_reg_b[1] ;        ;
; pifoEngines_3|deque_dequeMapper|banks_1_rtl_0|auto_generated|altera_syncram_impl1|address_reg_b[0] ;        ;
; pifoEngines_3|deque_dequeMapper|banks_1_rtl_0|auto_generated|altera_syncram_impl1|address_reg_b[3] ;        ;
; pifoEngines_3|deque_dequeMapper|banks_1_rtl_0|auto_generated|altera_syncram_impl1|address_reg_b[2] ;        ;
; pifoEngines_3|deque_dequeMapper|banks_0_rtl_0|auto_generated|altera_syncram_impl1|address_reg_b[1] ;        ;
; pifoEngines_3|deque_dequeMapper|banks_0_rtl_0|auto_generated|altera_syncram_impl1|address_reg_b[0] ;        ;
; pifoEngines_2|deque_dequeMapper|activeBank                                                         ;        ;
; pifoEngines_3|deque_dequeMapper|banks_0_rtl_0|auto_generated|altera_syncram_impl1|address_reg_b[3] ;        ;
; pifoEngines_3|deque_dequeMapper|banks_0_rtl_0|auto_generated|altera_syncram_impl1|address_reg_b[2] ;        ;
; pifoEngines_3|io_outputs_2_fifo|fifo|logic_ptr_pop[1]                                              ;        ;
; pifoEngines_3|io_outputs_2_fifo|fifo|logic_ptr_push[1]                                             ;        ;
; pifoEngines_3|io_outputs_2_fifo|fifo|logic_ptr_pop[0]                                              ;        ;
; pifoEngines_3|io_outputs_2_fifo|fifo|logic_ptr_push[0]                                             ;        ;
; pifoEngines_3|deque_existingPop_fork|logic_linkEnable_0                                            ;        ;
; pifoEngines_3|deque_dequeMapper|requestedBank                                                      ;        ;
; xbar|io_inputs_4_fifo|fifo|logic_ram_rtl_0_bypass[8]                                               ;        ;
; xbar|io_inputs_4_fifo|fifo|logic_ptr_pop[0]                                                        ;        ;
; pifoEngines_4|deque_frontRewrite|pending_15                                                        ;        ;
; xbar|io_inputs_4_fifo|fifo|logic_ram_rtl_0_bypass[2]                                               ;        ;
; xbar|io_inputs_4_fifo|fifo|logic_ram_rtl_0_bypass[1]                                               ;        ;
; xbar|io_inputs_0_fifo|fifo|logic_ram~9                                                             ;        ;
; xbar|io_inputs_0_fifo|fifo|logic_ram~11                                                            ;        ;
; xbar|io_inputs_0_fifo|fifo|logic_ram_rtl_0_bypass[0]                                               ;        ;
; xbar|io_inputs_0_fifo|fifo|logic_ptr_pop[2]                                                        ;        ;
; xbar|io_inputs_0_fifo|fifo|logic_ptr_push[2]                                                       ;        ;
; xbar|streamArbiter_27|maskLocked_3                                                                 ;        ;
; xbar|_zz_io_outputs_5_payload_vPifoId[2]                                                           ;        ;
; xbar|streamArbiter_27|locked                                                                       ;        ;
; pifoEngines_4|deque_frontRewrite|pending_13                                                        ;        ;
; xbar|_zz_io_outputs_5_valid_1                                                                      ;        ;
; xbar|io_inputs_0_fifo|fifo|logic_ptr_pop[1]                                                        ;        ;
; xbar|io_inputs_0_fifo|fifo|logic_ram_rtl_0_bypass[4]                                               ;        ;
; xbar|io_inputs_0_fifo|fifo|logic_ptr_push[1]                                                       ;        ;
; xbar|io_inputs_0_fifo|fifo|logic_ram_rtl_0_bypass[3]                                               ;        ;
; xbar|streamArbiter_22|maskLocked_0                                                                 ;        ;
; xbar|io_inputs_0_fifo|fifo|logic_ram_rtl_0_bypass[2]                                               ;        ;
; xbar|io_inputs_0_fifo|fifo|logic_ram_rtl_0_bypass[1]                                               ;        ;
; xbar|io_inputs_0_fifo|fifo|logic_ptr_pop[0]                                                        ;        ;
; xbar|io_inputs_0_fifo|fifo|logic_ptr_pop[3]                                                        ;        ;
; reserved[5]                                                                                        ;        ;
; pifoEngines_4|deque_frontRewrite|pending_10                                                        ;        ;
; xbar|io_inputs_0_fifo|fifo|logic_ptr_push[0]                                                       ;        ;
; xbar|io_inputs_0_fifo|fifo|logic_ptr_push[3]                                                       ;        ;
; xbar|streamArbiter_26|maskLocked_3                                                                 ;        ;
; xbar|io_inputs_3_fifo|fifo|logic_ram~9                                                             ;        ;
; xbar|io_inputs_3_fifo|fifo|logic_ram~10                                                            ;        ;
; xbar|io_inputs_3_fifo|fifo|logic_ram_rtl_0_bypass[0]                                               ;        ;
; xbar|io_inputs_3_fifo|fifo|logic_ptr_pop[2]                                                        ;        ;
; xbar|io_inputs_3_fifo|fifo|logic_ptr_push[2]                                                       ;        ;
; xbar|io_inputs_3_fifo|fifo|logic_ram_rtl_0_bypass[7]                                               ;        ;
; xbar|io_inputs_3_fifo|fifo|logic_ptr_pop[1]                                                        ;        ;
; pifoEngines_4|deque_frontRewrite|pending_14                                                        ;        ;
; xbar|io_inputs_3_fifo|fifo|logic_ram_rtl_0_bypass[4]                                               ;        ;
; xbar|io_inputs_3_fifo|fifo|logic_ptr_push[1]                                                       ;        ;
; xbar|io_inputs_3_fifo|fifo|logic_ram_rtl_0_bypass[3]                                               ;        ;
; pifoEngines_2|deque_dequeMapper|banks_1_rtl_0|auto_generated|altera_syncram_impl1|address_reg_b[1] ;        ;
; pifoEngines_2|deque_dequeMapper|banks_1_rtl_0|auto_generated|altera_syncram_impl1|address_reg_b[0] ;        ;
; pifoEngines_2|deque_dequeMapper|banks_1_rtl_0|auto_generated|altera_syncram_impl1|address_reg_b[3] ;        ;
; pifoEngines_2|deque_dequeMapper|banks_1_rtl_0|auto_generated|altera_syncram_impl1|address_reg_b[2] ;        ;
; pifoEngines_2|deque_dequeMapper|banks_0_rtl_0|auto_generated|altera_syncram_impl1|address_reg_b[1] ;        ;
; pifoEngines_2|deque_dequeMapper|banks_0_rtl_0|auto_generated|altera_syncram_impl1|address_reg_b[0] ;        ;
; pifoEngines_2|deque_dequeMapper|banks_0_rtl_0|auto_generated|altera_syncram_impl1|address_reg_b[3] ;        ;
; pifoEngines_4|deque_frontRewrite|pending_12                                                        ;        ;
; pifoEngines_2|deque_dequeMapper|banks_0_rtl_0|auto_generated|altera_syncram_impl1|address_reg_b[2] ;        ;
; pifoEngines_2|io_outputs_2_fifo|fifo|logic_ptr_pop[1]                                              ;        ;
; pifoEngines_2|io_outputs_2_fifo|fifo|logic_ptr_push[1]                                             ;        ;
; pifoEngines_2|io_outputs_2_fifo|fifo|logic_ptr_pop[0]                                              ;        ;
; pifoEngines_2|io_outputs_2_fifo|fifo|logic_ptr_push[0]                                             ;        ;
; pifoEngines_2|deque_existingPop_fork|logic_linkEnable_0                                            ;        ;
; pifoEngines_2|deque_dequeMapper|requestedBank                                                      ;        ;
; xbar|io_inputs_3_fifo|fifo|logic_ram_rtl_0_bypass[8]                                               ;        ;
; xbar|io_inputs_3_fifo|fifo|logic_ptr_pop[0]                                                        ;        ;
; xbar|io_inputs_3_fifo|fifo|logic_ram_rtl_0_bypass[2]                                               ;        ;
; pifoEngines_4|deque_frontRewrite|pending_3                                                         ;        ;
; xbar|io_inputs_3_fifo|fifo|logic_ram_rtl_0_bypass[1]                                               ;        ;
; xbar|streamArbiter_22|maskLocked_3                                                                 ;        ;
; xbar|io_inputs_3_fifo|fifo|logic_ptr_pop[3]                                                        ;        ;
; xbar|io_inputs_3_fifo|fifo|logic_ptr_push[0]                                                       ;        ;
; xbar|io_inputs_3_fifo|fifo|logic_ptr_push[3]                                                       ;        ;
; xbar|streamArbiter_26|maskLocked_2                                                                 ;        ;
; xbar|io_inputs_2_fifo|fifo|logic_ram~9                                                             ;        ;
; xbar|io_inputs_2_fifo|fifo|logic_ram~10                                                            ;        ;
; xbar|io_inputs_2_fifo|fifo|logic_ram_rtl_0_bypass[0]                                               ;        ;
; xbar|io_inputs_2_fifo|fifo|logic_ptr_pop[2]                                                        ;        ;
; pifoEngines_4|deque_frontRewrite|pending_0                                                         ;        ;
; xbar|io_inputs_2_fifo|fifo|logic_ptr_push[2]                                                       ;        ;
; xbar|io_inputs_2_fifo|fifo|logic_ram_rtl_0_bypass[7]                                               ;        ;
; xbar|io_inputs_2_fifo|fifo|logic_ptr_pop[1]                                                        ;        ;
; xbar|io_inputs_2_fifo|fifo|logic_ram_rtl_0_bypass[4]                                               ;        ;
; xbar|io_inputs_2_fifo|fifo|logic_ptr_push[1]                                                       ;        ;
; xbar|io_inputs_2_fifo|fifo|logic_ram_rtl_0_bypass[3]                                               ;        ;
; pifoEngines_1|deque_dequeMapper|banks_1_rtl_0|auto_generated|altera_syncram_impl1|address_reg_b[1] ;        ;
; pifoEngines_1|deque_dequeMapper|banks_1_rtl_0|auto_generated|altera_syncram_impl1|address_reg_b[0] ;        ;
; pifoEngines_1|deque_dequeMapper|banks_1_rtl_0|auto_generated|altera_syncram_impl1|address_reg_b[3] ;        ;
; pifoEngines_1|deque_dequeMapper|banks_1_rtl_0|auto_generated|altera_syncram_impl1|address_reg_b[2] ;        ;
; pifoEngines_4|deque_frontRewrite|pending_1                                                         ;        ;
; pifoEngines_1|deque_dequeMapper|banks_0_rtl_0|auto_generated|altera_syncram_impl1|address_reg_b[1] ;        ;
; pifoEngines_1|deque_dequeMapper|banks_0_rtl_0|auto_generated|altera_syncram_impl1|address_reg_b[0] ;        ;
; pifoEngines_1|deque_dequeMapper|banks_0_rtl_0|auto_generated|altera_syncram_impl1|address_reg_b[3] ;        ;
; pifoEngines_1|deque_dequeMapper|banks_0_rtl_0|auto_generated|altera_syncram_impl1|address_reg_b[2] ;        ;
; pifoEngines_1|io_outputs_2_fifo|fifo|logic_ptr_pop[1]                                              ;        ;
; pifoEngines_1|io_outputs_2_fifo|fifo|logic_ptr_push[1]                                             ;        ;
; pifoEngines_1|io_outputs_2_fifo|fifo|logic_ptr_pop[0]                                              ;        ;
; pifoEngines_1|io_outputs_2_fifo|fifo|logic_ptr_push[0]                                             ;        ;
; pifoEngines_1|deque_existingPop_fork|logic_linkEnable_0                                            ;        ;
; pifoEngines_1|deque_dequeMapper|requestedBank                                                      ;        ;
; pifoEngines_4|deque_frontRewrite|pending_7                                                         ;        ;
; xbar|io_inputs_2_fifo|fifo|logic_ram_rtl_0_bypass[8]                                               ;        ;
; xbar|io_inputs_2_fifo|fifo|logic_ptr_pop[0]                                                        ;        ;
; xbar|io_inputs_2_fifo|fifo|logic_ram_rtl_0_bypass[2]                                               ;        ;
; xbar|io_inputs_2_fifo|fifo|logic_ram_rtl_0_bypass[1]                                               ;        ;
; xbar|streamArbiter_22|maskLocked_2                                                                 ;        ;
; xbar|io_inputs_2_fifo|fifo|logic_ptr_pop[3]                                                        ;        ;
; xbar|io_inputs_2_fifo|fifo|logic_ptr_push[0]                                                       ;        ;
; xbar|io_inputs_2_fifo|fifo|logic_ptr_push[3]                                                       ;        ;
; xbar|io_inputs_4_fifo|fifo|logic_ptr_pop[3]                                                        ;        ;
; xbar|io_inputs_4_fifo|fifo|logic_ptr_push[0]                                                       ;        ;
; pifoEngines_4|deque_frontRewrite|pending_5                                                         ;        ;
; xbar|io_inputs_4_fifo|fifo|logic_ptr_push[3]                                                       ;        ;
; xbar|io_inputs_4_fifo|fifo|logic_ram~9                                                             ;        ;
; xbar|_zz_io_outputs_1_payload_vPifoId[2]                                                           ;        ;
; xbar|streamArbiter_23|locked                                                                       ;        ;
; xbar|_zz_io_outputs_1_valid_1                                                                      ;        ;
; xbar|io_inputs_5_fifo|fifo|logic_ram_rtl_0_bypass[4]                                               ;        ;
; xbar|io_inputs_5_fifo|fifo|logic_ram_rtl_0_bypass[3]                                               ;        ;
; pifoEngines_4|deque_dequeMapper|banks_1_rtl_0|auto_generated|altera_syncram_impl1|address_reg_b[1] ;        ;
; pifoEngines_4|deque_dequeMapper|banks_1_rtl_0|auto_generated|altera_syncram_impl1|address_reg_b[0] ;        ;
; pifoEngines_4|deque_dequeMapper|banks_1_rtl_0|auto_generated|altera_syncram_impl1|address_reg_b[3] ;        ;
; pifoEngines_4|deque_frontRewrite|pending_2                                                         ;        ;
; pifoEngines_4|deque_dequeMapper|banks_1_rtl_0|auto_generated|altera_syncram_impl1|address_reg_b[2] ;        ;
; pifoEngines_4|deque_dequeMapper|banks_0_rtl_0|auto_generated|altera_syncram_impl1|address_reg_b[1] ;        ;
; pifoEngines_4|deque_dequeMapper|banks_0_rtl_0|auto_generated|altera_syncram_impl1|address_reg_b[0] ;        ;
; pifoEngines_4|deque_dequeMapper|banks_0_rtl_0|auto_generated|altera_syncram_impl1|address_reg_b[3] ;        ;
; pifoEngines_4|deque_dequeMapper|banks_0_rtl_0|auto_generated|altera_syncram_impl1|address_reg_b[2] ;        ;
; pifoEngines_4|io_outputs_2_fifo|fifo|logic_ptr_pop[1]                                              ;        ;
; pifoEngines_4|io_outputs_2_fifo|fifo|logic_ptr_push[1]                                             ;        ;
; pifoEngines_4|io_outputs_2_fifo|fifo|logic_ptr_pop[0]                                              ;        ;
; pifoEngines_4|io_outputs_2_fifo|fifo|logic_ptr_push[0]                                             ;        ;
; pifoEngines_4|deque_existingPop_fork|logic_linkEnable_0                                            ;        ;
; pifoEngines_4|deque_frontRewrite|pending_6                                                         ;        ;
; pifoEngines_4|deque_dequeMapper|requestedBank                                                      ;        ;
; xbar|io_inputs_5_fifo|fifo|logic_ram_rtl_0_bypass[8]                                               ;        ;
; xbar|io_inputs_5_fifo|fifo|logic_ptr_pop[1]                                                        ;        ;
; xbar|io_inputs_5_fifo|fifo|logic_ptr_pop[0]                                                        ;        ;
; xbar|io_inputs_5_fifo|fifo|logic_ptr_pop[3]                                                        ;        ;
; xbar|io_inputs_5_fifo|fifo|logic_ptr_push[2]                                                       ;        ;
; xbar|io_inputs_5_fifo|fifo|logic_ptr_push[1]                                                       ;        ;
; xbar|io_inputs_5_fifo|fifo|logic_ptr_push[3]                                                       ;        ;
; xbar|io_inputs_5_fifo|fifo|logic_ptr_push[0]                                                       ;        ;
; xbar|io_inputs_5_fifo|fifo|logic_ram_rtl_0_bypass[1]                                               ;        ;
; reserved[0]                                                                                        ;        ;
; pifoEngines_4|deque_frontRewrite|pending_4                                                         ;        ;
; xbar|streamArbiter_26|maskLocked_5                                                                 ;        ;
; xbar|_zz_io_outputs_4_valid_1                                                                      ;        ;
; xbar|streamArbiter_26|locked                                                                       ;        ;
; xbar|io_inputs_1_fifo|fifo|logic_ram~9                                                             ;        ;
; xbar|io_inputs_1_fifo|fifo|logic_ram~10                                                            ;        ;
; xbar|io_inputs_1_fifo|fifo|logic_ram_rtl_0_bypass[0]                                               ;        ;
; xbar|io_inputs_1_fifo|fifo|logic_ptr_pop[2]                                                        ;        ;
; xbar|io_inputs_1_fifo|fifo|logic_ram_rtl_0_bypass[7]                                               ;        ;
; xbar|io_inputs_1_fifo|fifo|logic_ptr_pop[1]                                                        ;        ;
; xbar|io_inputs_1_fifo|fifo|logic_ram_rtl_0_bypass[4]                                               ;        ;
; pifoEngines_4|deque_frontRewrite|pending_31                                                        ;        ;
; xbar|io_inputs_1_fifo|fifo|logic_ram_rtl_0_bypass[3]                                               ;        ;
; pifoEngines_0|deque_dequeMapper|banks_1_rtl_0|auto_generated|altera_syncram_impl1|address_reg_b[1] ;        ;
; pifoEngines_0|deque_dequeMapper|banks_1_rtl_0|auto_generated|altera_syncram_impl1|address_reg_b[0] ;        ;
; pifoEngines_0|deque_dequeMapper|banks_1_rtl_0|auto_generated|altera_syncram_impl1|address_reg_b[3] ;        ;
; pifoEngines_0|deque_dequeMapper|banks_1_rtl_0|auto_generated|altera_syncram_impl1|address_reg_b[2] ;        ;
; pifoEngines_0|deque_dequeMapper|banks_0_rtl_0|auto_generated|altera_syncram_impl1|address_reg_b[1] ;        ;
; pifoEngines_0|deque_dequeMapper|banks_0_rtl_0|auto_generated|altera_syncram_impl1|address_reg_b[0] ;        ;
; pifoEngines_0|deque_dequeMapper|banks_0_rtl_0|auto_generated|altera_syncram_impl1|address_reg_b[3] ;        ;
; pifoEngines_0|deque_dequeMapper|banks_0_rtl_0|auto_generated|altera_syncram_impl1|address_reg_b[2] ;        ;
; pifoEngines_0|deque_dequeMapper|requestedBank                                                      ;        ;
; pifoEngines_4|deque_frontRewrite|pending_23                                                        ;        ;
; xbar|io_inputs_1_fifo|fifo|logic_ram_rtl_0_bypass[8]                                               ;        ;
; xbar|io_inputs_1_fifo|fifo|logic_ram_rtl_0_bypass[2]                                               ;        ;
; xbar|io_inputs_1_fifo|fifo|logic_ram_rtl_0_bypass[1]                                               ;        ;
; xbar|io_inputs_1_fifo|fifo|logic_ptr_pop[0]                                                        ;        ;
; xbar|streamArbiter_22|maskLocked_5                                                                 ;        ;
; xbar|streamArbiter_22|locked                                                                       ;        ;
; xbar|_zz_io_outputs_0_valid_1                                                                      ;        ;
; xbar|io_inputs_1_fifo|fifo|logic_ptr_pop[3]                                                        ;        ;
; xbar|io_inputs_1_fifo|fifo|logic_ptr_push[2]                                                       ;        ;
; xbar|io_inputs_1_fifo|fifo|logic_ptr_push[1]                                                       ;        ;
; pifoEngines_4|deque_frontRewrite|pending_26                                                        ;        ;
; xbar|io_inputs_1_fifo|fifo|logic_ptr_push[0]                                                       ;        ;
; xbar|io_inputs_1_fifo|fifo|logic_ptr_push[3]                                                       ;        ;
; pifoEngines_0|io_outputs_2_fifo|fifo|logic_ptr_pop[1]                                              ;        ;
; pifoEngines_0|io_outputs_2_fifo|fifo|logic_ptr_push[1]                                             ;        ;
; pifoEngines_0|io_outputs_2_fifo|fifo|logic_ptr_pop[0]                                              ;        ;
; pifoEngines_0|io_outputs_2_fifo|fifo|logic_ptr_push[0]                                             ;        ;
; pifoEngines_0|deque_existingPop_fork|logic_linkEnable_0                                            ;        ;
; pifoEngines_0|enque_brain|flowStateUpdate_toStream_fifo|fifo|logic_ram~20                          ;        ;
; pifoEngines_0|enque_brain|flowStateUpdate_toStream_fifo|fifo|logic_ram~43                          ;        ;
; pifoEngines_0|enque_brain|engineCAM_io_readRes_toStream_fifo|fifo|logic_ram~4                      ;        ;
; pifoEngines_4|deque_frontRewrite|pending_27                                                        ;        ;
; pifoEngines_0|enque_brain|flowStateUpdate_toStream_fifo|fifo|logic_ram~19                          ;        ;
; pifoEngines_0|enque_brain|flowStateUpdate_toStream_fifo|fifo|logic_ram~42                          ;        ;
; pifoEngines_0|enque_brain|engineCAM_io_readRes_toStream_fifo|fifo|logic_ram~0                      ;        ;
; pifoEngines_0|enque_brain|flowStateUpdate_toStream_fifo|fifo|logic_ram~15                          ;        ;
; pifoEngines_0|enque_brain|flowStateUpdate_toStream_fifo|fifo|logic_ram~38                          ;        ;
; pifoEngines_0|enque_brain|engineCAM_io_readRes_toStream_fifo|fifo|logic_ram~8                      ;        ;
; pifoEngines_0|enque_brain|flowStateUpdate_toStream_fifo|fifo|logic_ram~16                          ;        ;
; pifoEngines_0|enque_brain|flowStateUpdate_toStream_fifo|fifo|logic_ram~39                          ;        ;
; pifoEngines_0|enque_brain|engineCAM_io_readRes_toStream_fifo|fifo|logic_ram~1                      ;        ;
; pifoEngines_0|enque_brain|engineCAM_io_readRes_toStream_fifo|fifo|logic_ram~9                      ;        ;
; pifoEngines_4|deque_frontRewrite|pending_19                                                        ;        ;
; pifoEngines_0|enque_brain|engineCAM_io_readRes_toStream_fifo|fifo|logic_ram~2                      ;        ;
; pifoEngines_0|enque_brain|flowStateUpdate_toStream_fifo|fifo|logic_ram~17                          ;        ;
; pifoEngines_0|enque_brain|flowStateUpdate_toStream_fifo|fifo|logic_ram~40                          ;        ;
; pifoEngines_0|enque_brain|engineCAM_io_readRes_toStream_fifo|fifo|logic_ram~10                     ;        ;
; pifoEngines_0|enque_brain|flowStateUpdate_toStream_fifo|fifo|logic_ram~18                          ;        ;
; pifoEngines_0|enque_brain|flowStateUpdate_toStream_fifo|fifo|logic_ram~41                          ;        ;
; pifoEngines_0|enque_brain|engineCAM_io_readRes_toStream_fifo|fifo|logic_ram~3                      ;        ;
; pifoEngines_0|enque_brain|engineCAM_io_readRes_toStream_fifo|fifo|logic_ram~11                     ;        ;
; pifoEngines_0|enque_brain|flowStateUpdate_toStream_fifo|fifo|logic_ram~22                          ;        ;
; pifoEngines_0|enque_brain|flowStateUpdate_toStream_fifo|fifo|logic_ram~45                          ;        ;
; pifoEngines_4|deque_frontRewrite|pending_28                                                        ;        ;
; pifoEngines_0|enque_brain|engineCAM_io_readRes_toStream_fifo|fifo|logic_ram~7                      ;        ;
; pifoEngines_0|enque_brain|engineCAM_io_readRes_toStream_fifo|fifo|logic_ram~15                     ;        ;
; pifoEngines_0|enque_brain|engineCAM_io_readRes_toStream_fifo|fifo|logic_ram~6                      ;        ;
; pifoEngines_0|enque_brain|flowStateUpdate_toStream_fifo|fifo|logic_ram~21                          ;        ;
; pifoEngines_0|enque_brain|flowStateUpdate_toStream_fifo|fifo|logic_ram~44                          ;        ;
; pifoEngines_0|enque_brain|engineCAM_io_readRes_toStream_fifo|fifo|logic_ram~5                      ;        ;
; pifoEngines_0|enque_brain|engineCAM_io_readRes_toStream_fifo|fifo|logic_ram~13                     ;        ;
; pifoEngines_0|enque_brain|engineCAM_io_readRes_toStream_fifo|fifo|logic_ram~14                     ;        ;
; pifoEngines_0|enque_brain|engineCAM_io_readRes_toStream_fifo|fifo|logic_ram~12                     ;        ;
; pifoEngines_0|enque_brain|brainStateUpdate_toStream_fifo|fifo|logic_ptr_pop[1]                     ;        ;
; pifoEngines_4|deque_frontRewrite|pending_16                                                        ;        ;
; pifoEngines_0|enque_brain|brainStateUpdate_toStream_fifo|fifo|logic_ptr_push[1]                    ;        ;
; pifoEngines_0|enque_brain|brainStateUpdate_toStream_fifo|fifo|logic_ptr_pop[0]                     ;        ;
; pifoEngines_0|enque_brain|brainStateUpdate_toStream_fifo|fifo|logic_ptr_push[0]                    ;        ;
; pifoEngines_0|enque_brain|brainStateMem_io_readRes_toStream_fifo|fifo|logic_ram~0                  ;        ;
; pifoEngines_0|enque_brain|brainStateMem_io_readRes_toStream_fifo|fifo|logic_ram~8                  ;        ;
; pifoEngines_0|enque_brain|brainStateUpdate_toStream_fifo|fifo|logic_ram~6                          ;        ;
; pifoEngines_0|enque_brain|brainStateUpdate_toStream_fifo|fifo|logic_ram~20                         ;        ;
; pifoEngines_0|enque_brain|brainStateMem_io_readRes_toStream_fifo|fifo|logic_ram~1                  ;        ;
; pifoEngines_0|enque_brain|brainStateMem_io_readRes_toStream_fifo|fifo|logic_ram~9                  ;        ;
; pifoEngines_0|enque_brain|brainStateUpdate_toStream_fifo|fifo|logic_ram~7                          ;        ;
; pifoEngines_4|deque_frontRewrite|pending_20                                                        ;        ;
; pifoEngines_0|enque_brain|brainStateUpdate_toStream_fifo|fifo|logic_ram~21                         ;        ;
; pifoEngines_0|enque_brain|brainStateMem_io_readRes_toStream_fifo|fifo|logic_ram~2                  ;        ;
; pifoEngines_0|enque_brain|brainStateMem_io_readRes_toStream_fifo|fifo|logic_ram~10                 ;        ;
; pifoEngines_0|enque_brain|brainStateUpdate_toStream_fifo|fifo|logic_ram~8                          ;        ;
; pifoEngines_0|enque_brain|brainStateUpdate_toStream_fifo|fifo|logic_ram~22                         ;        ;
; pifoEngines_0|enque_brain|brainStateMem_io_readRes_toStream_fifo|fifo|logic_ram~3                  ;        ;
; pifoEngines_0|enque_brain|brainStateMem_io_readRes_toStream_fifo|fifo|logic_ram~11                 ;        ;
; pifoEngines_0|enque_brain|brainStateUpdate_toStream_fifo|fifo|logic_ram~9                          ;        ;
; pifoEngines_0|enque_brain|brainStateUpdate_toStream_fifo|fifo|logic_ram~23                         ;        ;
; pifoEngines_0|enque_brain|brainStateMem_io_readRes_toStream_fifo|fifo|logic_ram~4                  ;        ;
; pifoEngines_4|deque_frontRewrite|pending_29                                                        ;        ;
; pifoEngines_0|enque_brain|brainStateMem_io_readRes_toStream_fifo|fifo|logic_ram~12                 ;        ;
; pifoEngines_0|enque_brain|brainStateUpdate_toStream_fifo|fifo|logic_ram~10                         ;        ;
; pifoEngines_0|enque_brain|brainStateUpdate_toStream_fifo|fifo|logic_ram~24                         ;        ;
; pifoEngines_0|enque_brain|brainStateUpdate_toStream_fifo|fifo|logic_ram~11                         ;        ;
; pifoEngines_0|enque_brain|brainStateUpdate_toStream_fifo|fifo|logic_ram~25                         ;        ;
; pifoEngines_0|enque_brain|brainStateMem_io_readRes_toStream_fifo|fifo|logic_ram~5                  ;        ;
; pifoEngines_0|enque_brain|brainStateMem_io_readRes_toStream_fifo|fifo|logic_ram~13                 ;        ;
; pifoEngines_0|enque_brain|brainStateUpdate_toStream_fifo|fifo|logic_ram~12                         ;        ;
; pifoEngines_0|enque_brain|brainStateUpdate_toStream_fifo|fifo|logic_ram~26                         ;        ;
; pifoEngines_0|enque_brain|brainStateMem_io_readRes_toStream_fifo|fifo|logic_ram~6                  ;        ;
; reserved[1]                                                                                        ;        ;
; pifoEngines_4|deque_frontRewrite|pending_21                                                        ;        ;
; pifoEngines_0|enque_brain|brainStateMem_io_readRes_toStream_fifo|fifo|logic_ram~14                 ;        ;
; pifoEngines_0|enque_brain|brainStateMem_io_readRes_toStream_fifo|fifo|logic_ram~7                  ;        ;
; pifoEngines_0|enque_brain|brainStateMem_io_readRes_toStream_fifo|fifo|logic_ram~15                 ;        ;
; pifoEngines_0|enque_brain|brainStateUpdate_toStream_fifo|fifo|logic_ram~13                         ;        ;
; pifoEngines_0|enque_brain|brainStateUpdate_toStream_fifo|fifo|logic_ram~27                         ;        ;
; pifoEngines_1|enque_enqueMapper|activeBank                                                         ;        ;
; pifoEngines_1|enque_flowIdStream_fifo|fifo|logic_ptr_pop[1]                                        ;        ;
; pifoEngines_1|enque_flowIdStream_fifo|fifo|logic_ptr_push[1]                                       ;        ;
; pifoEngines_1|enque_brain|io_outputs_4_fifo|fifo|logic_ptr_pop[1]                                  ;        ;
; pifoEngines_1|enque_brain|io_outputs_4_fifo|fifo|logic_ptr_push[1]                                 ;        ;
; pifoEngines_4|deque_frontRewrite|pending_24                                                        ;        ;
; pifoEngines_1|enque_brain|brainStateMem_io_readRes_toStream_fifo|fifo|logic_ptr_pop[1]             ;        ;
; pifoEngines_1|enque_brain|brainStateMem_io_readRes_toStream_fifo|fifo|logic_ptr_push[1]            ;        ;
; pifoEngines_1|enque_brain|brainStateMem_io_readRes_toStream_fifo|fifo|logic_ptr_pop[0]             ;        ;
; pifoEngines_1|enque_brain|brainStateMem_io_readRes_toStream_fifo|fifo|logic_ptr_push[0]            ;        ;
; pifoEngines_1|enque_brain|engineCAM_io_readRes_toStream_fifo|fifo|logic_ptr_pop[1]                 ;        ;
; pifoEngines_1|enque_brain|engineCAM_io_readRes_toStream_fifo|fifo|logic_ptr_push[1]                ;        ;
; pifoEngines_1|enque_brain|engineCAM_io_readRes_toStream_fifo|fifo|logic_ptr_pop[0]                 ;        ;
; pifoEngines_1|enque_brain|engineCAM_io_readRes_toStream_fifo|fifo|logic_ptr_push[0]                ;        ;
; pifoEngines_1|enque_brain|engineCAM|io_readReq_valid_regNext                                       ;        ;
; pifoEngines_1|enque_brain|brainStateMem|io_readReq_valid_regNext                                   ;        ;
; pifoEngines_4|deque_frontRewrite|pending_25                                                        ;        ;
; pifoEngines_1|enque_brain|lastVirtualMapper_io_readRes_toStream_fifo|fifo|logic_ptr_pop[1]         ;        ;
; pifoEngines_1|enque_brain|lastVirtualMapper_io_readRes_toStream_fifo|fifo|logic_ptr_push[1]        ;        ;
; pifoEngines_1|enque_brain|lastVirtualMapper_io_readRes_toStream_fifo|fifo|logic_ptr_pop[0]         ;        ;
; pifoEngines_1|enque_brain|lastVirtualMapper_io_readRes_toStream_fifo|fifo|logic_ptr_push[0]        ;        ;
; pifoEngines_1|enque_brain|engineMapper_io_readRes_toStream_fifo|fifo|logic_ptr_pop[1]              ;        ;
; pifoEngines_1|enque_brain|engineMapper_io_readRes_toStream_fifo|fifo|logic_ptr_push[1]             ;        ;
; pifoEngines_1|enque_brain|engineMapper_io_readRes_toStream_fifo|fifo|logic_ptr_pop[0]              ;        ;
; pifoEngines_1|enque_brain|engineMapper_io_readRes_toStream_fifo|fifo|logic_ptr_push[0]             ;        ;
; pifoEngines_1|enque_brain|engineMapper|io_readReq_valid_regNext                                    ;        ;
; pifoEngines_1|enque_brain|io_request_fork|logic_linkEnable_0                                       ;        ;
; pifoEngines_4|deque_frontRewrite|pending_17                                                        ;        ;
; pifoEngines_1|enque_brain|lastVirtualMapper|io_readReq_valid_regNext                               ;        ;
; pifoEngines_1|enque_brain|io_outputs_4_fifo|fifo|logic_ptr_pop[0]                                  ;        ;
; pifoEngines_1|enque_brain|io_outputs_4_fifo|fifo|logic_ptr_push[0]                                 ;        ;
; pifoEngines_1|enque_enqueMapper|io_readReq_valid_regNext                                           ;        ;
; pifoEngines_1|enque_flowIdStream_fifo|fifo|logic_ptr_pop[0]                                        ;        ;
; pifoEngines_1|enque_flowIdStream_fifo|fifo|logic_ptr_push[0]                                       ;        ;
; pifoEngines_1|io_enqueRequest_fork2_logic_linkEnable_0                                             ;        ;
; pifoEngines_1|enque_brain|flowStateUpdate_toStream_fifo|fifo|logic_ptr_pop[1]                      ;        ;
; pifoEngines_1|enque_brain|flowStateUpdate_toStream_fifo|fifo|logic_ptr_push[1]                     ;        ;
; pifoEngines_1|enque_brain|flowStateUpdate_toStream_fifo|fifo|logic_ptr_pop[0]                      ;        ;
; pifoEngines_4|deque_frontRewrite|pending_43                                                        ;        ;
; pifoEngines_1|enque_brain|flowStateUpdate_toStream_fifo|fifo|logic_ptr_push[0]                     ;        ;
; pifoEngines_1|enque_brain|flowStateUpdate_toStream_fifo|fifo|logic_ram~20                          ;        ;
; pifoEngines_1|enque_brain|flowStateUpdate_toStream_fifo|fifo|logic_ram~43                          ;        ;
; pifoEngines_1|enque_brain|engineCAM_io_readRes_toStream_fifo|fifo|logic_ram~4                      ;        ;
; pifoEngines_1|enque_brain|flowStateUpdate_toStream_fifo|fifo|logic_ram~19                          ;        ;
; pifoEngines_1|enque_brain|flowStateUpdate_toStream_fifo|fifo|logic_ram~42                          ;        ;
; pifoEngines_1|enque_brain|engineCAM_io_readRes_toStream_fifo|fifo|logic_ram~0                      ;        ;
; pifoEngines_1|enque_brain|flowStateUpdate_toStream_fifo|fifo|logic_ram~15                          ;        ;
; pifoEngines_1|enque_brain|flowStateUpdate_toStream_fifo|fifo|logic_ram~38                          ;        ;
; pifoEngines_1|enque_brain|engineCAM_io_readRes_toStream_fifo|fifo|logic_ram~8                      ;        ;
; pifoEngines_4|deque_frontRewrite|pending_40                                                        ;        ;
; pifoEngines_1|enque_brain|flowStateUpdate_toStream_fifo|fifo|logic_ram~16                          ;        ;
; pifoEngines_1|enque_brain|flowStateUpdate_toStream_fifo|fifo|logic_ram~39                          ;        ;
; pifoEngines_1|enque_brain|engineCAM_io_readRes_toStream_fifo|fifo|logic_ram~1                      ;        ;
; pifoEngines_1|enque_brain|engineCAM_io_readRes_toStream_fifo|fifo|logic_ram~9                      ;        ;
; pifoEngines_1|enque_brain|engineCAM_io_readRes_toStream_fifo|fifo|logic_ram~2                      ;        ;
; pifoEngines_1|enque_brain|flowStateUpdate_toStream_fifo|fifo|logic_ram~17                          ;        ;
; pifoEngines_1|enque_brain|flowStateUpdate_toStream_fifo|fifo|logic_ram~40                          ;        ;
; pifoEngines_1|enque_brain|engineCAM_io_readRes_toStream_fifo|fifo|logic_ram~10                     ;        ;
; pifoEngines_1|enque_brain|flowStateUpdate_toStream_fifo|fifo|logic_ram~18                          ;        ;
; pifoEngines_1|enque_brain|flowStateUpdate_toStream_fifo|fifo|logic_ram~41                          ;        ;
; pifoEngines_4|deque_frontRewrite|pending_41                                                        ;        ;
; pifoEngines_1|enque_brain|engineCAM_io_readRes_toStream_fifo|fifo|logic_ram~3                      ;        ;
; pifoEngines_1|enque_brain|engineCAM_io_readRes_toStream_fifo|fifo|logic_ram~11                     ;        ;
; pifoEngines_1|enque_brain|flowStateUpdate_toStream_fifo|fifo|logic_ram~22                          ;        ;
; pifoEngines_1|enque_brain|flowStateUpdate_toStream_fifo|fifo|logic_ram~45                          ;        ;
; pifoEngines_1|enque_brain|engineCAM_io_readRes_toStream_fifo|fifo|logic_ram~7                      ;        ;
; pifoEngines_1|enque_brain|engineCAM_io_readRes_toStream_fifo|fifo|logic_ram~15                     ;        ;
; pifoEngines_1|enque_brain|engineCAM_io_readRes_toStream_fifo|fifo|logic_ram~6                      ;        ;
; pifoEngines_1|enque_brain|flowStateUpdate_toStream_fifo|fifo|logic_ram~21                          ;        ;
; pifoEngines_1|enque_brain|flowStateUpdate_toStream_fifo|fifo|logic_ram~44                          ;        ;
; pifoEngines_1|enque_brain|engineCAM_io_readRes_toStream_fifo|fifo|logic_ram~5                      ;        ;
; pifoEngines_4|deque_frontRewrite|pending_47                                                        ;        ;
; pifoEngines_1|enque_brain|engineCAM_io_readRes_toStream_fifo|fifo|logic_ram~13                     ;        ;
; pifoEngines_1|enque_brain|engineCAM_io_readRes_toStream_fifo|fifo|logic_ram~14                     ;        ;
; pifoEngines_1|enque_brain|engineCAM_io_readRes_toStream_fifo|fifo|logic_ram~12                     ;        ;
; pifoEngines_1|enque_brain|brainStateUpdate_toStream_fifo|fifo|logic_ptr_pop[1]                     ;        ;
; pifoEngines_1|enque_brain|brainStateUpdate_toStream_fifo|fifo|logic_ptr_push[1]                    ;        ;
; pifoEngines_1|enque_brain|brainStateUpdate_toStream_fifo|fifo|logic_ptr_pop[0]                     ;        ;
; pifoEngines_1|enque_brain|brainStateUpdate_toStream_fifo|fifo|logic_ptr_push[0]                    ;        ;
; pifoEngines_1|enque_brain|brainStateMem_io_readRes_toStream_fifo|fifo|logic_ram~0                  ;        ;
; pifoEngines_1|enque_brain|brainStateMem_io_readRes_toStream_fifo|fifo|logic_ram~8                  ;        ;
; pifoEngines_1|enque_brain|brainStateUpdate_toStream_fifo|fifo|logic_ram~6                          ;        ;
; pifoEngines_4|deque_frontRewrite|pending_45                                                        ;        ;
; pifoEngines_1|enque_brain|brainStateUpdate_toStream_fifo|fifo|logic_ram~20                         ;        ;
; pifoEngines_1|enque_brain|brainStateMem_io_readRes_toStream_fifo|fifo|logic_ram~1                  ;        ;
; pifoEngines_1|enque_brain|brainStateMem_io_readRes_toStream_fifo|fifo|logic_ram~9                  ;        ;
; pifoEngines_1|enque_brain|brainStateUpdate_toStream_fifo|fifo|logic_ram~7                          ;        ;
; pifoEngines_1|enque_brain|brainStateUpdate_toStream_fifo|fifo|logic_ram~21                         ;        ;
; pifoEngines_1|enque_brain|brainStateMem_io_readRes_toStream_fifo|fifo|logic_ram~2                  ;        ;
; pifoEngines_1|enque_brain|brainStateMem_io_readRes_toStream_fifo|fifo|logic_ram~10                 ;        ;
; pifoEngines_1|enque_brain|brainStateUpdate_toStream_fifo|fifo|logic_ram~8                          ;        ;
; pifoEngines_1|enque_brain|brainStateUpdate_toStream_fifo|fifo|logic_ram~22                         ;        ;
; pifoEngines_1|enque_brain|brainStateMem_io_readRes_toStream_fifo|fifo|logic_ram~3                  ;        ;
; pifoEngines_4|deque_frontRewrite|pending_42                                                        ;        ;
; pifoEngines_1|enque_brain|brainStateMem_io_readRes_toStream_fifo|fifo|logic_ram~11                 ;        ;
; pifoEngines_1|enque_brain|brainStateUpdate_toStream_fifo|fifo|logic_ram~9                          ;        ;
; pifoEngines_1|enque_brain|brainStateUpdate_toStream_fifo|fifo|logic_ram~23                         ;        ;
; pifoEngines_1|enque_brain|brainStateMem_io_readRes_toStream_fifo|fifo|logic_ram~4                  ;        ;
; pifoEngines_1|enque_brain|brainStateMem_io_readRes_toStream_fifo|fifo|logic_ram~12                 ;        ;
; pifoEngines_1|enque_brain|brainStateUpdate_toStream_fifo|fifo|logic_ram~10                         ;        ;
; pifoEngines_1|enque_brain|brainStateUpdate_toStream_fifo|fifo|logic_ram~24                         ;        ;
; pifoEngines_1|enque_brain|brainStateUpdate_toStream_fifo|fifo|logic_ram~11                         ;        ;
; pifoEngines_1|enque_brain|brainStateUpdate_toStream_fifo|fifo|logic_ram~25                         ;        ;
; pifoEngines_1|enque_brain|brainStateMem_io_readRes_toStream_fifo|fifo|logic_ram~5                  ;        ;
; reserved[2]                                                                                        ;        ;
; pifoEngines_4|deque_frontRewrite|pending_46                                                        ;        ;
; pifoEngines_1|enque_brain|brainStateMem_io_readRes_toStream_fifo|fifo|logic_ram~13                 ;        ;
; pifoEngines_1|enque_brain|brainStateUpdate_toStream_fifo|fifo|logic_ram~12                         ;        ;
; pifoEngines_1|enque_brain|brainStateUpdate_toStream_fifo|fifo|logic_ram~26                         ;        ;
; pifoEngines_1|enque_brain|brainStateMem_io_readRes_toStream_fifo|fifo|logic_ram~6                  ;        ;
; pifoEngines_1|enque_brain|brainStateMem_io_readRes_toStream_fifo|fifo|logic_ram~14                 ;        ;
; pifoEngines_1|enque_brain|brainStateMem_io_readRes_toStream_fifo|fifo|logic_ram~7                  ;        ;
; pifoEngines_1|enque_brain|brainStateMem_io_readRes_toStream_fifo|fifo|logic_ram~15                 ;        ;
; pifoEngines_1|enque_brain|brainStateUpdate_toStream_fifo|fifo|logic_ram~13                         ;        ;
; pifoEngines_1|enque_brain|brainStateUpdate_toStream_fifo|fifo|logic_ram~27                         ;        ;
; pifoEngines_2|enque_enqueMapper|activeBank                                                         ;        ;
; pifoEngines_4|deque_frontRewrite|pending_44                                                        ;        ;
; pifoEngines_2|enque_flowIdStream_fifo|fifo|logic_ptr_pop[1]                                        ;        ;
; pifoEngines_2|enque_flowIdStream_fifo|fifo|logic_ptr_push[1]                                       ;        ;
; pifoEngines_2|enque_brain|io_outputs_4_fifo|fifo|logic_ptr_pop[1]                                  ;        ;
; pifoEngines_2|enque_brain|io_outputs_4_fifo|fifo|logic_ptr_push[1]                                 ;        ;
; pifoEngines_2|enque_brain|brainStateMem_io_readRes_toStream_fifo|fifo|logic_ptr_pop[1]             ;        ;
; pifoEngines_2|enque_brain|brainStateMem_io_readRes_toStream_fifo|fifo|logic_ptr_push[1]            ;        ;
; pifoEngines_2|enque_brain|brainStateMem_io_readRes_toStream_fifo|fifo|logic_ptr_pop[0]             ;        ;
; pifoEngines_2|enque_brain|brainStateMem_io_readRes_toStream_fifo|fifo|logic_ptr_push[0]            ;        ;
; pifoEngines_2|enque_brain|engineCAM_io_readRes_toStream_fifo|fifo|logic_ptr_pop[1]                 ;        ;
; pifoEngines_2|enque_brain|engineCAM_io_readRes_toStream_fifo|fifo|logic_ptr_push[1]                ;        ;
; pifoEngines_4|deque_frontRewrite|pending_11                                                        ;        ;
; pifoEngines_2|enque_brain|engineCAM_io_readRes_toStream_fifo|fifo|logic_ptr_pop[0]                 ;        ;
; pifoEngines_2|enque_brain|engineCAM_io_readRes_toStream_fifo|fifo|logic_ptr_push[0]                ;        ;
; pifoEngines_2|enque_brain|engineCAM|io_readReq_valid_regNext                                       ;        ;
; pifoEngines_2|enque_brain|brainStateMem|io_readReq_valid_regNext                                   ;        ;
; pifoEngines_2|enque_brain|lastVirtualMapper_io_readRes_toStream_fifo|fifo|logic_ptr_pop[1]         ;        ;
; pifoEngines_2|enque_brain|lastVirtualMapper_io_readRes_toStream_fifo|fifo|logic_ptr_push[1]        ;        ;
; pifoEngines_2|enque_brain|lastVirtualMapper_io_readRes_toStream_fifo|fifo|logic_ptr_pop[0]         ;        ;
; pifoEngines_2|enque_brain|lastVirtualMapper_io_readRes_toStream_fifo|fifo|logic_ptr_push[0]        ;        ;
; pifoEngines_2|enque_brain|engineMapper_io_readRes_toStream_fifo|fifo|logic_ptr_pop[1]              ;        ;
; pifoEngines_2|enque_brain|engineMapper_io_readRes_toStream_fifo|fifo|logic_ptr_push[1]             ;        ;
; pifoEngines_4|deque_frontRewrite|pending_8                                                         ;        ;
; pifoEngines_2|enque_brain|engineMapper_io_readRes_toStream_fifo|fifo|logic_ptr_pop[0]              ;        ;
; pifoEngines_2|enque_brain|engineMapper_io_readRes_toStream_fifo|fifo|logic_ptr_push[0]             ;        ;
; pifoEngines_2|enque_brain|engineMapper|io_readReq_valid_regNext                                    ;        ;
; pifoEngines_2|enque_brain|io_request_fork|logic_linkEnable_0                                       ;        ;
; pifoEngines_2|enque_brain|lastVirtualMapper|io_readReq_valid_regNext                               ;        ;
; pifoEngines_2|enque_brain|io_outputs_4_fifo|fifo|logic_ptr_pop[0]                                  ;        ;
; pifoEngines_2|enque_brain|io_outputs_4_fifo|fifo|logic_ptr_push[0]                                 ;        ;
; pifoEngines_2|enque_enqueMapper|io_readReq_valid_regNext                                           ;        ;
; pifoEngines_2|enque_flowIdStream_fifo|fifo|logic_ptr_pop[0]                                        ;        ;
; pifoEngines_2|enque_flowIdStream_fifo|fifo|logic_ptr_push[0]                                       ;        ;
; pifoEngines_4|deque_frontRewrite|pending_9                                                         ;        ;
; pifoEngines_2|io_enqueRequest_fork2_logic_linkEnable_0                                             ;        ;
; pifoEngines_2|enque_brain|flowStateUpdate_toStream_fifo|fifo|logic_ptr_pop[1]                      ;        ;
; pifoEngines_2|enque_brain|flowStateUpdate_toStream_fifo|fifo|logic_ptr_push[1]                     ;        ;
; pifoEngines_2|enque_brain|flowStateUpdate_toStream_fifo|fifo|logic_ptr_pop[0]                      ;        ;
; pifoEngines_2|enque_brain|flowStateUpdate_toStream_fifo|fifo|logic_ptr_push[0]                     ;        ;
; pifoEngines_2|enque_brain|flowStateUpdate_toStream_fifo|fifo|logic_ram~20                          ;        ;
; pifoEngines_2|enque_brain|flowStateUpdate_toStream_fifo|fifo|logic_ram~43                          ;        ;
; pifoEngines_2|enque_brain|engineCAM_io_readRes_toStream_fifo|fifo|logic_ram~4                      ;        ;
; pifoEngines_2|enque_brain|flowStateUpdate_toStream_fifo|fifo|logic_ram~19                          ;        ;
; pifoEngines_2|enque_brain|flowStateUpdate_toStream_fifo|fifo|logic_ram~42                          ;        ;
; pifoEngines_4|deque_frontRewrite|pending_35                                                        ;        ;
; pifoEngines_2|enque_brain|engineCAM_io_readRes_toStream_fifo|fifo|logic_ram~0                      ;        ;
; pifoEngines_2|enque_brain|flowStateUpdate_toStream_fifo|fifo|logic_ram~15                          ;        ;
; pifoEngines_2|enque_brain|flowStateUpdate_toStream_fifo|fifo|logic_ram~38                          ;        ;
; pifoEngines_2|enque_brain|engineCAM_io_readRes_toStream_fifo|fifo|logic_ram~8                      ;        ;
; pifoEngines_2|enque_brain|flowStateUpdate_toStream_fifo|fifo|logic_ram~16                          ;        ;
; pifoEngines_2|enque_brain|flowStateUpdate_toStream_fifo|fifo|logic_ram~39                          ;        ;
; pifoEngines_2|enque_brain|engineCAM_io_readRes_toStream_fifo|fifo|logic_ram~1                      ;        ;
; pifoEngines_2|enque_brain|engineCAM_io_readRes_toStream_fifo|fifo|logic_ram~9                      ;        ;
; pifoEngines_2|enque_brain|engineCAM_io_readRes_toStream_fifo|fifo|logic_ram~2                      ;        ;
; pifoEngines_2|enque_brain|flowStateUpdate_toStream_fifo|fifo|logic_ram~17                          ;        ;
; pifoEngines_4|deque_frontRewrite|pending_32                                                        ;        ;
; pifoEngines_2|enque_brain|flowStateUpdate_toStream_fifo|fifo|logic_ram~40                          ;        ;
; pifoEngines_2|enque_brain|engineCAM_io_readRes_toStream_fifo|fifo|logic_ram~10                     ;        ;
; pifoEngines_2|enque_brain|flowStateUpdate_toStream_fifo|fifo|logic_ram~18                          ;        ;
; pifoEngines_2|enque_brain|flowStateUpdate_toStream_fifo|fifo|logic_ram~41                          ;        ;
; pifoEngines_2|enque_brain|engineCAM_io_readRes_toStream_fifo|fifo|logic_ram~3                      ;        ;
; pifoEngines_2|enque_brain|engineCAM_io_readRes_toStream_fifo|fifo|logic_ram~11                     ;        ;
; pifoEngines_2|enque_brain|flowStateUpdate_toStream_fifo|fifo|logic_ram~22                          ;        ;
; pifoEngines_2|enque_brain|flowStateUpdate_toStream_fifo|fifo|logic_ram~45                          ;        ;
; pifoEngines_2|enque_brain|engineCAM_io_readRes_toStream_fifo|fifo|logic_ram~7                      ;        ;
; pifoEngines_2|enque_brain|engineCAM_io_readRes_toStream_fifo|fifo|logic_ram~15                     ;        ;
; pifoEngines_4|deque_frontRewrite|pending_33                                                        ;        ;
; pifoEngines_2|enque_brain|engineCAM_io_readRes_toStream_fifo|fifo|logic_ram~6                      ;        ;
; pifoEngines_2|enque_brain|flowStateUpdate_toStream_fifo|fifo|logic_ram~21                          ;        ;
; pifoEngines_2|enque_brain|flowStateUpdate_toStream_fifo|fifo|logic_ram~44                          ;        ;
; pifoEngines_2|enque_brain|engineCAM_io_readRes_toStream_fifo|fifo|logic_ram~5                      ;        ;
; pifoEngines_2|enque_brain|engineCAM_io_readRes_toStream_fifo|fifo|logic_ram~13                     ;        ;
; pifoEngines_2|enque_brain|engineCAM_io_readRes_toStream_fifo|fifo|logic_ram~14                     ;        ;
; pifoEngines_2|enque_brain|engineCAM_io_readRes_toStream_fifo|fifo|logic_ram~12                     ;        ;
; pifoEngines_2|enque_brain|brainStateUpdate_toStream_fifo|fifo|logic_ptr_pop[1]                     ;        ;
; pifoEngines_2|enque_brain|brainStateUpdate_toStream_fifo|fifo|logic_ptr_push[1]                    ;        ;
; pifoEngines_2|enque_brain|brainStateUpdate_toStream_fifo|fifo|logic_ptr_pop[0]                     ;        ;
; pifoEngines_4|deque_frontRewrite|pending_39                                                        ;        ;
; pifoEngines_2|enque_brain|brainStateUpdate_toStream_fifo|fifo|logic_ptr_push[0]                    ;        ;
; pifoEngines_2|enque_brain|brainStateMem_io_readRes_toStream_fifo|fifo|logic_ram~0                  ;        ;
; pifoEngines_2|enque_brain|brainStateMem_io_readRes_toStream_fifo|fifo|logic_ram~8                  ;        ;
; pifoEngines_2|enque_brain|brainStateUpdate_toStream_fifo|fifo|logic_ram~6                          ;        ;
; pifoEngines_2|enque_brain|brainStateUpdate_toStream_fifo|fifo|logic_ram~20                         ;        ;
; pifoEngines_2|enque_brain|brainStateMem_io_readRes_toStream_fifo|fifo|logic_ram~1                  ;        ;
; pifoEngines_2|enque_brain|brainStateMem_io_readRes_toStream_fifo|fifo|logic_ram~9                  ;        ;
; pifoEngines_2|enque_brain|brainStateUpdate_toStream_fifo|fifo|logic_ram~7                          ;        ;
; pifoEngines_2|enque_brain|brainStateUpdate_toStream_fifo|fifo|logic_ram~21                         ;        ;
; pifoEngines_2|enque_brain|brainStateMem_io_readRes_toStream_fifo|fifo|logic_ram~2                  ;        ;
; pifoEngines_4|deque_frontRewrite|pending_37                                                        ;        ;
; pifoEngines_2|enque_brain|brainStateMem_io_readRes_toStream_fifo|fifo|logic_ram~10                 ;        ;
; pifoEngines_2|enque_brain|brainStateUpdate_toStream_fifo|fifo|logic_ram~8                          ;        ;
; pifoEngines_2|enque_brain|brainStateUpdate_toStream_fifo|fifo|logic_ram~22                         ;        ;
; pifoEngines_2|enque_brain|brainStateMem_io_readRes_toStream_fifo|fifo|logic_ram~3                  ;        ;
; pifoEngines_2|enque_brain|brainStateMem_io_readRes_toStream_fifo|fifo|logic_ram~11                 ;        ;
; pifoEngines_2|enque_brain|brainStateUpdate_toStream_fifo|fifo|logic_ram~9                          ;        ;
; pifoEngines_2|enque_brain|brainStateUpdate_toStream_fifo|fifo|logic_ram~23                         ;        ;
; pifoEngines_2|enque_brain|brainStateMem_io_readRes_toStream_fifo|fifo|logic_ram~4                  ;        ;
; pifoEngines_2|enque_brain|brainStateMem_io_readRes_toStream_fifo|fifo|logic_ram~12                 ;        ;
; pifoEngines_2|enque_brain|brainStateUpdate_toStream_fifo|fifo|logic_ram~10                         ;        ;
; io_pop_haltWhen_fork2_outputs_0_fork2_outputs_1_takeWhen_haltWhen_fork|logic_linkEnable_4          ;        ;
; pifoEngines_4|deque_frontRewrite|pending_34                                                        ;        ;
; pifoEngines_2|enque_brain|brainStateUpdate_toStream_fifo|fifo|logic_ram~24                         ;        ;
; pifoEngines_2|enque_brain|brainStateUpdate_toStream_fifo|fifo|logic_ram~11                         ;        ;
; pifoEngines_2|enque_brain|brainStateUpdate_toStream_fifo|fifo|logic_ram~25                         ;        ;
; pifoEngines_2|enque_brain|brainStateMem_io_readRes_toStream_fifo|fifo|logic_ram~5                  ;        ;
; pifoEngines_2|enque_brain|brainStateMem_io_readRes_toStream_fifo|fifo|logic_ram~13                 ;        ;
; pifoEngines_2|enque_brain|brainStateUpdate_toStream_fifo|fifo|logic_ram~12                         ;        ;
; pifoEngines_2|enque_brain|brainStateUpdate_toStream_fifo|fifo|logic_ram~26                         ;        ;
; pifoEngines_2|enque_brain|brainStateMem_io_readRes_toStream_fifo|fifo|logic_ram~6                  ;        ;
; pifoEngines_2|enque_brain|brainStateMem_io_readRes_toStream_fifo|fifo|logic_ram~14                 ;        ;
; pifoEngines_2|enque_brain|brainStateMem_io_readRes_toStream_fifo|fifo|logic_ram~7                  ;        ;
; pifoEngines_4|deque_frontRewrite|pending_38                                                        ;        ;
; pifoEngines_2|enque_brain|brainStateMem_io_readRes_toStream_fifo|fifo|logic_ram~15                 ;        ;
; pifoEngines_2|enque_brain|brainStateUpdate_toStream_fifo|fifo|logic_ram~13                         ;        ;
; pifoEngines_2|enque_brain|brainStateUpdate_toStream_fifo|fifo|logic_ram~27                         ;        ;
; pifoEngines_3|enque_brain|brainStateMem_io_readRes_toStream_fifo|fifo|logic_ptr_pop[1]             ;        ;
; pifoEngines_3|enque_brain|engineCAM_io_readRes_toStream_fifo|fifo|logic_ptr_pop[1]                 ;        ;
; pifoEngines_3|enque_brain|engineCAM_io_readRes_toStream_fifo|fifo|logic_ptr_push[1]                ;        ;
; pifoEngines_3|enque_brain|engineCAM_io_readRes_toStream_fifo|fifo|logic_ptr_pop[0]                 ;        ;
; pifoEngines_3|enque_brain|engineCAM_io_readRes_toStream_fifo|fifo|logic_ptr_push[0]                ;        ;
; pifoEngines_3|enque_brain|engineCAM|io_readReq_valid_regNext                                       ;        ;
; pifoEngines_3|enque_brain|brainStateMem|io_readReq_valid_regNext                                   ;        ;
; pifoEngines_4|deque_frontRewrite|pending_36                                                        ;        ;
; pifoEngines_3|enque_brain|lastVirtualMapper_io_readRes_toStream_fifo|fifo|logic_ptr_pop[1]         ;        ;
; pifoEngines_3|enque_brain|lastVirtualMapper_io_readRes_toStream_fifo|fifo|logic_ptr_push[1]        ;        ;
; pifoEngines_3|enque_brain|lastVirtualMapper_io_readRes_toStream_fifo|fifo|logic_ptr_pop[0]         ;        ;
; pifoEngines_3|enque_brain|lastVirtualMapper_io_readRes_toStream_fifo|fifo|logic_ptr_push[0]        ;        ;
; pifoEngines_3|enque_brain|engineMapper_io_readRes_toStream_fifo|fifo|logic_ptr_pop[1]              ;        ;
; pifoEngines_3|enque_brain|engineMapper_io_readRes_toStream_fifo|fifo|logic_ptr_push[1]             ;        ;
; pifoEngines_3|enque_brain|engineMapper_io_readRes_toStream_fifo|fifo|logic_ptr_pop[0]              ;        ;
; pifoEngines_3|enque_brain|engineMapper_io_readRes_toStream_fifo|fifo|logic_ptr_push[0]             ;        ;
; pifoEngines_3|enque_brain|engineMapper|io_readReq_valid_regNext                                    ;        ;
; pifoEngines_3|enque_brain|io_request_fork|logic_linkEnable_0                                       ;        ;
; pifoEngines_4|deque_frontRewrite|pending_62                                                        ;        ;
; pifoEngines_3|enque_brain|lastVirtualMapper|io_readReq_valid_regNext                               ;        ;
; pifoEngines_3|enque_flowIdStream_fifo|fifo|logic_ptr_pop[1]                                        ;        ;
; pifoEngines_3|enque_flowIdStream_fifo|fifo|logic_ptr_push[1]                                       ;        ;
; pifoEngines_3|enque_brain|io_outputs_4_fifo|fifo|logic_ptr_pop[1]                                  ;        ;
; pifoEngines_3|enque_brain|io_outputs_4_fifo|fifo|logic_ptr_push[1]                                 ;        ;
; pifoEngines_3|enque_brain|io_outputs_4_fifo|fifo|logic_ptr_pop[0]                                  ;        ;
; pifoEngines_3|enque_brain|io_outputs_4_fifo|fifo|logic_ptr_push[0]                                 ;        ;
; pifoEngines_3|enque_flowIdStream_fifo|fifo|logic_ptr_pop[0]                                        ;        ;
; pifoEngines_3|enque_flowIdStream_fifo|fifo|logic_ptr_push[0]                                       ;        ;
; pifoEngines_3|io_enqueRequest_fork2_logic_linkEnable_0                                             ;        ;
; pifoEngines_4|deque_frontRewrite|pending_50                                                        ;        ;
; pifoEngines_3|enque_enqueMapper|io_readReq_valid_regNext                                           ;        ;
; pifoEngines_3|enque_brain|brainStateMem_io_readRes_toStream_fifo|fifo|logic_ptr_push[1]            ;        ;
; pifoEngines_3|enque_brain|brainStateMem_io_readRes_toStream_fifo|fifo|logic_ptr_push[0]            ;        ;
; pifoEngines_3|enque_brain|brainStateMem_io_readRes_toStream_fifo|fifo|logic_ptr_pop[0]             ;        ;
; pifoEngines_3|enque_enqueMapper|activeBank                                                         ;        ;
; pifoEngines_3|enque_brain|brainStateUpdate_toStream_fifo|fifo|logic_ptr_pop[1]                     ;        ;
; pifoEngines_3|enque_brain|brainStateUpdate_toStream_fifo|fifo|logic_ptr_push[1]                    ;        ;
; pifoEngines_3|enque_brain|brainStateUpdate_toStream_fifo|fifo|logic_ptr_pop[0]                     ;        ;
; pifoEngines_3|enque_brain|brainStateUpdate_toStream_fifo|fifo|logic_ptr_push[0]                    ;        ;
; pifoEngines_3|enque_brain|brainStateMem_io_readRes_toStream_fifo|fifo|logic_ram~0                  ;        ;
; pifoEngines_4|deque_frontRewrite|pending_54                                                        ;        ;
; pifoEngines_3|enque_brain|brainStateMem_io_readRes_toStream_fifo|fifo|logic_ram~8                  ;        ;
; pifoEngines_3|enque_brain|brainStateUpdate_toStream_fifo|fifo|logic_ram~6                          ;        ;
; pifoEngines_3|enque_brain|brainStateUpdate_toStream_fifo|fifo|logic_ram~20                         ;        ;
; pifoEngines_3|enque_brain|brainStateMem_io_readRes_toStream_fifo|fifo|logic_ram~1                  ;        ;
; pifoEngines_3|enque_brain|brainStateMem_io_readRes_toStream_fifo|fifo|logic_ram~9                  ;        ;
; pifoEngines_3|enque_brain|brainStateUpdate_toStream_fifo|fifo|logic_ram~7                          ;        ;
; pifoEngines_3|enque_brain|brainStateUpdate_toStream_fifo|fifo|logic_ram~21                         ;        ;
; pifoEngines_3|enque_brain|brainStateMem_io_readRes_toStream_fifo|fifo|logic_ram~2                  ;        ;
; pifoEngines_3|enque_brain|brainStateMem_io_readRes_toStream_fifo|fifo|logic_ram~10                 ;        ;
; pifoEngines_3|enque_brain|brainStateUpdate_toStream_fifo|fifo|logic_ram~8                          ;        ;
; pifoEngines_4|deque_frontRewrite|pending_63                                                        ;        ;
; pifoEngines_3|enque_brain|brainStateUpdate_toStream_fifo|fifo|logic_ram~22                         ;        ;
; pifoEngines_3|enque_brain|brainStateMem_io_readRes_toStream_fifo|fifo|logic_ram~3                  ;        ;
; pifoEngines_3|enque_brain|brainStateMem_io_readRes_toStream_fifo|fifo|logic_ram~11                 ;        ;
; pifoEngines_3|enque_brain|brainStateUpdate_toStream_fifo|fifo|logic_ram~9                          ;        ;
; pifoEngines_3|enque_brain|brainStateUpdate_toStream_fifo|fifo|logic_ram~23                         ;        ;
; pifoEngines_3|enque_brain|brainStateMem_io_readRes_toStream_fifo|fifo|logic_ram~4                  ;        ;
; pifoEngines_3|enque_brain|brainStateMem_io_readRes_toStream_fifo|fifo|logic_ram~12                 ;        ;
; pifoEngines_3|enque_brain|brainStateUpdate_toStream_fifo|fifo|logic_ram~10                         ;        ;
; pifoEngines_3|enque_brain|brainStateUpdate_toStream_fifo|fifo|logic_ram~24                         ;        ;
; pifoEngines_3|enque_brain|brainStateMem_io_readRes_toStream_fifo|fifo|logic_ram~5                  ;        ;
; pifoEngines_4|deque_frontRewrite|pending_55                                                        ;        ;
; pifoEngines_3|enque_brain|brainStateMem_io_readRes_toStream_fifo|fifo|logic_ram~13                 ;        ;
; pifoEngines_3|enque_brain|brainStateUpdate_toStream_fifo|fifo|logic_ram~11                         ;        ;
; pifoEngines_3|enque_brain|brainStateUpdate_toStream_fifo|fifo|logic_ram~25                         ;        ;
; pifoEngines_3|enque_brain|flowStateUpdate_toStream_fifo|fifo|logic_ptr_pop[1]                      ;        ;
; pifoEngines_3|enque_brain|flowStateUpdate_toStream_fifo|fifo|logic_ptr_push[1]                     ;        ;
; pifoEngines_3|enque_brain|flowStateUpdate_toStream_fifo|fifo|logic_ptr_pop[0]                      ;        ;
; pifoEngines_3|enque_brain|flowStateUpdate_toStream_fifo|fifo|logic_ptr_push[0]                     ;        ;
; pifoEngines_3|enque_brain|engineCAM_io_readRes_toStream_fifo|fifo|logic_ram~0                      ;        ;
; pifoEngines_3|enque_brain|flowStateUpdate_toStream_fifo|fifo|logic_ram~15                          ;        ;
; pifoEngines_3|enque_brain|flowStateUpdate_toStream_fifo|fifo|logic_ram~38                          ;        ;
; pifoEngines_4|deque_frontRewrite|pending_58                                                        ;        ;
; pifoEngines_3|enque_brain|engineCAM_io_readRes_toStream_fifo|fifo|logic_ram~8                      ;        ;
; pifoEngines_3|enque_brain|flowStateUpdate_toStream_fifo|fifo|logic_ram~16                          ;        ;
; pifoEngines_3|enque_brain|flowStateUpdate_toStream_fifo|fifo|logic_ram~39                          ;        ;
; pifoEngines_3|enque_brain|engineCAM_io_readRes_toStream_fifo|fifo|logic_ram~1                      ;        ;
; pifoEngines_3|enque_brain|engineCAM_io_readRes_toStream_fifo|fifo|logic_ram~9                      ;        ;
; pifoEngines_3|enque_brain|engineCAM_io_readRes_toStream_fifo|fifo|logic_ram~2                      ;        ;
; pifoEngines_3|enque_brain|flowStateUpdate_toStream_fifo|fifo|logic_ram~17                          ;        ;
; pifoEngines_3|enque_brain|flowStateUpdate_toStream_fifo|fifo|logic_ram~40                          ;        ;
; pifoEngines_3|enque_brain|engineCAM_io_readRes_toStream_fifo|fifo|logic_ram~10                     ;        ;
; pifoEngines_3|enque_brain|flowStateUpdate_toStream_fifo|fifo|logic_ram~18                          ;        ;
; pifoEngines_4|deque_frontRewrite|pending_59                                                        ;        ;
; pifoEngines_3|enque_brain|flowStateUpdate_toStream_fifo|fifo|logic_ram~41                          ;        ;
; pifoEngines_3|enque_brain|engineCAM_io_readRes_toStream_fifo|fifo|logic_ram~3                      ;        ;
; pifoEngines_3|enque_brain|engineCAM_io_readRes_toStream_fifo|fifo|logic_ram~11                     ;        ;
; pifoEngines_3|enque_brain|flowStateUpdate_toStream_fifo|fifo|logic_ram~22                          ;        ;
; pifoEngines_3|enque_brain|flowStateUpdate_toStream_fifo|fifo|logic_ram~45                          ;        ;
; pifoEngines_3|enque_brain|engineCAM_io_readRes_toStream_fifo|fifo|logic_ram~7                      ;        ;
; pifoEngines_3|enque_brain|engineCAM_io_readRes_toStream_fifo|fifo|logic_ram~15                     ;        ;
; pifoEngines_3|enque_brain|engineCAM_io_readRes_toStream_fifo|fifo|logic_ram~6                      ;        ;
; pifoEngines_3|enque_brain|flowStateUpdate_toStream_fifo|fifo|logic_ram~21                          ;        ;
; pifoEngines_3|enque_brain|flowStateUpdate_toStream_fifo|fifo|logic_ram~44                          ;        ;
; io_pop_haltWhen_fork2_outputs_0_fork2_outputs_1_takeWhen_haltWhen_fork|logic_linkEnable_2          ;        ;
; pifoEngines_4|deque_frontRewrite|pending_51                                                        ;        ;
; pifoEngines_3|enque_brain|engineCAM_io_readRes_toStream_fifo|fifo|logic_ram~5                      ;        ;
; pifoEngines_3|enque_brain|flowStateUpdate_toStream_fifo|fifo|logic_ram~20                          ;        ;
; pifoEngines_3|enque_brain|flowStateUpdate_toStream_fifo|fifo|logic_ram~43                          ;        ;
; pifoEngines_3|enque_brain|engineCAM_io_readRes_toStream_fifo|fifo|logic_ram~4                      ;        ;
; pifoEngines_3|enque_brain|flowStateUpdate_toStream_fifo|fifo|logic_ram~19                          ;        ;
; pifoEngines_3|enque_brain|flowStateUpdate_toStream_fifo|fifo|logic_ram~42                          ;        ;
; pifoEngines_3|enque_brain|engineCAM_io_readRes_toStream_fifo|fifo|logic_ram~12                     ;        ;
; pifoEngines_3|enque_brain|engineCAM_io_readRes_toStream_fifo|fifo|logic_ram~13                     ;        ;
; pifoEngines_3|enque_brain|engineCAM_io_readRes_toStream_fifo|fifo|logic_ram~14                     ;        ;
; pifoEngines_3|enque_brain|brainStateUpdate_toStream_fifo|fifo|logic_ram~12                         ;        ;
; pifoEngines_4|deque_frontRewrite|pending_30                                                        ;        ;
; pifoEngines_3|enque_brain|brainStateUpdate_toStream_fifo|fifo|logic_ram~26                         ;        ;
; pifoEngines_3|enque_brain|brainStateMem_io_readRes_toStream_fifo|fifo|logic_ram~6                  ;        ;
; pifoEngines_3|enque_brain|brainStateMem_io_readRes_toStream_fifo|fifo|logic_ram~14                 ;        ;
; pifoEngines_3|enque_brain|brainStateMem_io_readRes_toStream_fifo|fifo|logic_ram~7                  ;        ;
; pifoEngines_3|enque_brain|brainStateMem_io_readRes_toStream_fifo|fifo|logic_ram~15                 ;        ;
; pifoEngines_3|enque_brain|brainStateUpdate_toStream_fifo|fifo|logic_ram~13                         ;        ;
; pifoEngines_3|enque_brain|brainStateUpdate_toStream_fifo|fifo|logic_ram~27                         ;        ;
; pifoEngines_4|enque_enqueMapper|activeBank                                                         ;        ;
; pifoEngines_4|enque_flowIdStream_fifo|fifo|logic_ptr_pop[1]                                        ;        ;
; pifoEngines_4|enque_flowIdStream_fifo|fifo|logic_ptr_push[1]                                       ;        ;
; pifoEngines_4|deque_frontRewrite|pending_18                                                        ;        ;
; pifoEngines_4|enque_brain|io_outputs_4_fifo|fifo|logic_ptr_pop[1]                                  ;        ;
; pifoEngines_4|enque_brain|io_outputs_4_fifo|fifo|logic_ptr_push[1]                                 ;        ;
; pifoEngines_4|enque_brain|brainStateMem_io_readRes_toStream_fifo|fifo|logic_ptr_pop[1]             ;        ;
; pifoEngines_4|enque_brain|brainStateMem_io_readRes_toStream_fifo|fifo|logic_ptr_push[1]            ;        ;
; pifoEngines_4|enque_brain|brainStateMem_io_readRes_toStream_fifo|fifo|logic_ptr_pop[0]             ;        ;
; pifoEngines_4|enque_brain|brainStateMem_io_readRes_toStream_fifo|fifo|logic_ptr_push[0]            ;        ;
; pifoEngines_4|enque_brain|engineCAM_io_readRes_toStream_fifo|fifo|logic_ptr_pop[1]                 ;        ;
; pifoEngines_4|enque_brain|engineCAM_io_readRes_toStream_fifo|fifo|logic_ptr_push[1]                ;        ;
; pifoEngines_4|enque_brain|engineCAM_io_readRes_toStream_fifo|fifo|logic_ptr_pop[0]                 ;        ;
; pifoEngines_4|enque_brain|engineCAM_io_readRes_toStream_fifo|fifo|logic_ptr_push[0]                ;        ;
; pifoEngines_4|deque_frontRewrite|pending_22                                                        ;        ;
; pifoEngines_4|enque_brain|engineCAM|io_readReq_valid_regNext                                       ;        ;
; pifoEngines_4|enque_brain|brainStateMem|io_readReq_valid_regNext                                   ;        ;
; pifoEngines_4|enque_brain|lastVirtualMapper_io_readRes_toStream_fifo|fifo|logic_ptr_pop[1]         ;        ;
; pifoEngines_4|enque_brain|lastVirtualMapper_io_readRes_toStream_fifo|fifo|logic_ptr_push[1]        ;        ;
; pifoEngines_4|enque_brain|lastVirtualMapper_io_readRes_toStream_fifo|fifo|logic_ptr_pop[0]         ;        ;
; pifoEngines_4|enque_brain|lastVirtualMapper_io_readRes_toStream_fifo|fifo|logic_ptr_push[0]        ;        ;
; pifoEngines_4|enque_brain|engineMapper_io_readRes_toStream_fifo|fifo|logic_ptr_pop[1]              ;        ;
; pifoEngines_4|enque_brain|engineMapper_io_readRes_toStream_fifo|fifo|logic_ptr_push[1]             ;        ;
; pifoEngines_4|enque_brain|engineMapper_io_readRes_toStream_fifo|fifo|logic_ptr_pop[0]              ;        ;
; pifoEngines_4|enque_brain|engineMapper_io_readRes_toStream_fifo|fifo|logic_ptr_push[0]             ;        ;
; pifoEngines_4|deque_frontRewrite|pending_60                                                        ;        ;
; pifoEngines_4|enque_brain|engineMapper|io_readReq_valid_regNext                                    ;        ;
; pifoEngines_4|enque_brain|io_request_fork|logic_linkEnable_0                                       ;        ;
; pifoEngines_4|enque_brain|lastVirtualMapper|io_readReq_valid_regNext                               ;        ;
; pifoEngines_4|enque_brain|io_outputs_4_fifo|fifo|logic_ptr_pop[0]                                  ;        ;
; pifoEngines_4|enque_brain|io_outputs_4_fifo|fifo|logic_ptr_push[0]                                 ;        ;
; pifoEngines_4|enque_enqueMapper|io_readReq_valid_regNext                                           ;        ;
; pifoEngines_4|enque_flowIdStream_fifo|fifo|logic_ptr_pop[0]                                        ;        ;
; pifoEngines_4|enque_flowIdStream_fifo|fifo|logic_ptr_push[0]                                       ;        ;
; pifoEngines_4|io_enqueRequest_fork2_logic_linkEnable_0                                             ;        ;
; pifoEngines_4|enque_brain|flowStateUpdate_toStream_fifo|fifo|logic_ptr_pop[1]                      ;        ;
; pifoEngines_4|deque_frontRewrite|pending_48                                                        ;        ;
; pifoEngines_4|enque_brain|flowStateUpdate_toStream_fifo|fifo|logic_ptr_push[1]                     ;        ;
; pifoEngines_4|enque_brain|flowStateUpdate_toStream_fifo|fifo|logic_ptr_pop[0]                      ;        ;
; pifoEngines_4|enque_brain|flowStateUpdate_toStream_fifo|fifo|logic_ptr_push[0]                     ;        ;
; pifoEngines_4|enque_brain|flowStateUpdate_toStream_fifo|fifo|logic_ram~18                          ;        ;
; pifoEngines_4|enque_brain|flowStateUpdate_toStream_fifo|fifo|logic_ram~41                          ;        ;
; pifoEngines_4|enque_brain|engineCAM_io_readRes_toStream_fifo|fifo|logic_ram~0                      ;        ;
; pifoEngines_4|enque_brain|flowStateUpdate_toStream_fifo|fifo|logic_ram~15                          ;        ;
; pifoEngines_4|enque_brain|flowStateUpdate_toStream_fifo|fifo|logic_ram~38                          ;        ;
; pifoEngines_4|enque_brain|engineCAM_io_readRes_toStream_fifo|fifo|logic_ram~8                      ;        ;
; pifoEngines_4|enque_brain|flowStateUpdate_toStream_fifo|fifo|logic_ram~16                          ;        ;
; pifoEngines_4|deque_frontRewrite|pending_52                                                        ;        ;
; pifoEngines_4|enque_brain|flowStateUpdate_toStream_fifo|fifo|logic_ram~39                          ;        ;
; pifoEngines_4|enque_brain|engineCAM_io_readRes_toStream_fifo|fifo|logic_ram~1                      ;        ;
; pifoEngines_4|enque_brain|engineCAM_io_readRes_toStream_fifo|fifo|logic_ram~9                      ;        ;
; pifoEngines_4|enque_brain|engineCAM_io_readRes_toStream_fifo|fifo|logic_ram~2                      ;        ;
; pifoEngines_4|enque_brain|flowStateUpdate_toStream_fifo|fifo|logic_ram~17                          ;        ;
; pifoEngines_4|enque_brain|flowStateUpdate_toStream_fifo|fifo|logic_ram~40                          ;        ;
; pifoEngines_4|enque_brain|engineCAM_io_readRes_toStream_fifo|fifo|logic_ram~10                     ;        ;
; pifoEngines_4|enque_brain|flowStateUpdate_toStream_fifo|fifo|logic_ram~22                          ;        ;
; pifoEngines_4|enque_brain|flowStateUpdate_toStream_fifo|fifo|logic_ram~45                          ;        ;
; pifoEngines_4|enque_brain|engineCAM_io_readRes_toStream_fifo|fifo|logic_ram~7                      ;        ;
; pifoEngines_4|deque_frontRewrite|pending_61                                                        ;        ;
; pifoEngines_4|enque_brain|engineCAM_io_readRes_toStream_fifo|fifo|logic_ram~15                     ;        ;
; pifoEngines_4|enque_brain|engineCAM_io_readRes_toStream_fifo|fifo|logic_ram~6                      ;        ;
; pifoEngines_4|enque_brain|flowStateUpdate_toStream_fifo|fifo|logic_ram~21                          ;        ;
; pifoEngines_4|enque_brain|flowStateUpdate_toStream_fifo|fifo|logic_ram~44                          ;        ;
; pifoEngines_4|enque_brain|engineCAM_io_readRes_toStream_fifo|fifo|logic_ram~5                      ;        ;
; pifoEngines_4|enque_brain|engineCAM_io_readRes_toStream_fifo|fifo|logic_ram~13                     ;        ;
; pifoEngines_4|enque_brain|flowStateUpdate_toStream_fifo|fifo|logic_ram~20                          ;        ;
; pifoEngines_4|enque_brain|flowStateUpdate_toStream_fifo|fifo|logic_ram~43                          ;        ;
; pifoEngines_4|enque_brain|engineCAM_io_readRes_toStream_fifo|fifo|logic_ram~4                      ;        ;
; pifoEngines_4|enque_brain|flowStateUpdate_toStream_fifo|fifo|logic_ram~19                          ;        ;
; pifoEngines_4|deque_frontRewrite|pending_53                                                        ;        ;
; pifoEngines_4|enque_brain|flowStateUpdate_toStream_fifo|fifo|logic_ram~42                          ;        ;
; pifoEngines_4|enque_brain|engineCAM_io_readRes_toStream_fifo|fifo|logic_ram~12                     ;        ;
; pifoEngines_4|enque_brain|engineCAM_io_readRes_toStream_fifo|fifo|logic_ram~14                     ;        ;
; pifoEngines_4|enque_brain|engineCAM_io_readRes_toStream_fifo|fifo|logic_ram~3                      ;        ;
; pifoEngines_4|enque_brain|engineCAM_io_readRes_toStream_fifo|fifo|logic_ram~11                     ;        ;
; pifoEngines_4|enque_brain|brainStateUpdate_toStream_fifo|fifo|logic_ptr_pop[1]                     ;        ;
; pifoEngines_4|enque_brain|brainStateUpdate_toStream_fifo|fifo|logic_ptr_push[1]                    ;        ;
; pifoEngines_4|enque_brain|brainStateUpdate_toStream_fifo|fifo|logic_ptr_pop[0]                     ;        ;
; pifoEngines_4|enque_brain|brainStateUpdate_toStream_fifo|fifo|logic_ptr_push[0]                    ;        ;
; pifoEngines_4|enque_brain|brainStateUpdate_toStream_fifo|fifo|logic_ram~6                          ;        ;
; pifoEngines_4|deque_frontRewrite|pending_56                                                        ;        ;
; pifoEngines_4|enque_brain|brainStateUpdate_toStream_fifo|fifo|logic_ram~20                         ;        ;
; pifoEngines_4|enque_brain|brainStateMem_io_readRes_toStream_fifo|fifo|logic_ram~0                  ;        ;
; pifoEngines_4|enque_brain|brainStateMem_io_readRes_toStream_fifo|fifo|logic_ram~8                  ;        ;
; pifoEngines_4|enque_brain|brainStateUpdate_toStream_fifo|fifo|logic_ram~7                          ;        ;
; pifoEngines_4|enque_brain|brainStateUpdate_toStream_fifo|fifo|logic_ram~21                         ;        ;
; pifoEngines_4|enque_brain|brainStateMem_io_readRes_toStream_fifo|fifo|logic_ram~1                  ;        ;
; pifoEngines_4|enque_brain|brainStateMem_io_readRes_toStream_fifo|fifo|logic_ram~9                  ;        ;
; pifoEngines_4|enque_brain|brainStateUpdate_toStream_fifo|fifo|logic_ram~8                          ;        ;
; pifoEngines_4|enque_brain|brainStateUpdate_toStream_fifo|fifo|logic_ram~22                         ;        ;
; pifoEngines_4|enque_brain|brainStateMem_io_readRes_toStream_fifo|fifo|logic_ram~2                  ;        ;
; io_pop_haltWhen_fork2_outputs_0_fork2_outputs_1_takeWhen_haltWhen_fork|logic_linkEnable_1          ;        ;
; pifoEngines_4|deque_frontRewrite|pending_57                                                        ;        ;
; pifoEngines_4|enque_brain|brainStateMem_io_readRes_toStream_fifo|fifo|logic_ram~10                 ;        ;
; pifoEngines_4|enque_brain|brainStateUpdate_toStream_fifo|fifo|logic_ram~9                          ;        ;
; pifoEngines_4|enque_brain|brainStateUpdate_toStream_fifo|fifo|logic_ram~23                         ;        ;
; pifoEngines_4|enque_brain|brainStateMem_io_readRes_toStream_fifo|fifo|logic_ram~3                  ;        ;
; pifoEngines_4|enque_brain|brainStateMem_io_readRes_toStream_fifo|fifo|logic_ram~11                 ;        ;
; pifoEngines_4|enque_brain|brainStateMem_io_readRes_toStream_fifo|fifo|logic_ram~4                  ;        ;
; pifoEngines_4|enque_brain|brainStateMem_io_readRes_toStream_fifo|fifo|logic_ram~12                 ;        ;
; pifoEngines_4|enque_brain|brainStateUpdate_toStream_fifo|fifo|logic_ram~10                         ;        ;
; pifoEngines_4|enque_brain|brainStateUpdate_toStream_fifo|fifo|logic_ram~24                         ;        ;
; pifoEngines_4|enque_brain|brainStateUpdate_toStream_fifo|fifo|logic_ram~11                         ;        ;
; pifoEngines_4|deque_frontRewrite|pending_49                                                        ;        ;
; pifoEngines_4|enque_brain|brainStateUpdate_toStream_fifo|fifo|logic_ram~25                         ;        ;
; pifoEngines_4|enque_brain|brainStateMem_io_readRes_toStream_fifo|fifo|logic_ram~5                  ;        ;
; pifoEngines_4|enque_brain|brainStateMem_io_readRes_toStream_fifo|fifo|logic_ram~13                 ;        ;
; pifoEngines_4|enque_brain|brainStateUpdate_toStream_fifo|fifo|logic_ram~12                         ;        ;
; pifoEngines_4|enque_brain|brainStateUpdate_toStream_fifo|fifo|logic_ram~26                         ;        ;
; pifoEngines_4|enque_brain|brainStateMem_io_readRes_toStream_fifo|fifo|logic_ram~6                  ;        ;
; pifoEngines_4|enque_brain|brainStateMem_io_readRes_toStream_fifo|fifo|logic_ram~14                 ;        ;
; pifoEngines_4|enque_brain|brainStateMem_io_readRes_toStream_fifo|fifo|logic_ram~7                  ;        ;
; pifoEngines_4|enque_brain|brainStateMem_io_readRes_toStream_fifo|fifo|logic_ram~15                 ;        ;
; pifoEngines_4|enque_brain|brainStateUpdate_toStream_fifo|fifo|logic_ram~13                         ;        ;
; pifoEngines_4|deque_frontRewrite|armed_60                                                          ;        ;
; pifoEngines_4|enque_brain|brainStateUpdate_toStream_fifo|fifo|logic_ram~27                         ;        ;
; pifoEngines_4|deque_frontRewrite|armed_28                                                          ;        ;
; pifoEngines_4|deque_frontRewrite|armed_40                                                          ;        ;
; pifoEngines_4|deque_frontRewrite|armed_44                                                          ;        ;
; pifoEngines_4|deque_frontRewrite|armed_12                                                          ;        ;
; pifoEngines_4|deque_frontRewrite|armed_48                                                          ;        ;
; pifoEngines_4|deque_frontRewrite|armed_0                                                           ;        ;
; pifoEngines_4|deque_frontRewrite|armed_16                                                          ;        ;
; ingress_fifo|logic_pop_sync_popReg[0]                                                              ;        ;
; ingress_fifo|logic_ptr_pop[2]                                                                      ;        ;
; pifoEngines_4|deque_frontRewrite|armed_52                                                          ;        ;
; pifoEngines_4|deque_frontRewrite|armed_20                                                          ;        ;
; pifoEngines_4|deque_frontRewrite|armed_32                                                          ;        ;
; pifoEngines_4|deque_frontRewrite|armed_36                                                          ;        ;
; pifoEngines_4|deque_frontRewrite|armed_4                                                           ;        ;
; pifoEngines_4|deque_frontRewrite|armed_57                                                          ;        ;
; pifoEngines_4|deque_frontRewrite|armed_9                                                           ;        ;
; pifoEngines_4|deque_frontRewrite|armed_25                                                          ;        ;
; pifoEngines_4|deque_frontRewrite|armed_61                                                          ;        ;
; pifoEngines_4|deque_frontRewrite|armed_29                                                          ;        ;
; streamFifo_53|logic_pop_sync_popReg[5]                                                             ;        ;
; pifoEngines_4|deque_frontRewrite|armed_41                                                          ;        ;
; pifoEngines_4|deque_frontRewrite|armed_45                                                          ;        ;
; pifoEngines_4|deque_frontRewrite|armed_13                                                          ;        ;
; pifoEngines_4|deque_frontRewrite|armed_56                                                          ;        ;
; pifoEngines_4|deque_frontRewrite|armed_8                                                           ;        ;
; pifoEngines_4|deque_frontRewrite|armed_24                                                          ;        ;
; pifoEngines_4|deque_frontRewrite|armed_49                                                          ;        ;
; pifoEngines_4|deque_frontRewrite|armed_1                                                           ;        ;
; pifoEngines_4|deque_frontRewrite|armed_17                                                          ;        ;
; pifoEngines_4|deque_frontRewrite|armed_53                                                          ;        ;
; io_pop_haltWhen_fork2_outputs_0_fork2_logic_linkEnable_1                                           ;        ;
; pifoEngines_4|deque_frontRewrite|armed_21                                                          ;        ;
; pifoEngines_4|deque_frontRewrite|armed_33                                                          ;        ;
; pifoEngines_4|deque_frontRewrite|armed_37                                                          ;        ;
; pifoEngines_4|deque_frontRewrite|armed_5                                                           ;        ;
; pifoEngines_4|deque_frontRewrite|armed_62                                                          ;        ;
; pifoEngines_4|deque_frontRewrite|armed_30                                                          ;        ;
; pifoEngines_4|deque_frontRewrite|armed_42                                                          ;        ;
; pifoEngines_4|deque_frontRewrite|armed_46                                                          ;        ;
; pifoEngines_4|deque_frontRewrite|armed_14                                                          ;        ;
; pifoEngines_4|deque_frontRewrite|armed_50                                                          ;        ;
; io_pop_haltWhen_fork2_outputs_0_fork2_logic_linkEnable_0                                           ;        ;
; pifoEngines_4|deque_frontRewrite|armed_2                                                           ;        ;
; pifoEngines_4|deque_frontRewrite|armed_18                                                          ;        ;
; pifoEngines_4|deque_frontRewrite|armed_54                                                          ;        ;
; pifoEngines_4|deque_frontRewrite|armed_22                                                          ;        ;
; pifoEngines_4|deque_frontRewrite|armed_34                                                          ;        ;
; pifoEngines_4|deque_frontRewrite|armed_38                                                          ;        ;
; pifoEngines_4|deque_frontRewrite|armed_6                                                           ;        ;
; pifoEngines_4|deque_frontRewrite|armed_59                                                          ;        ;
; pifoEngines_4|deque_frontRewrite|armed_11                                                          ;        ;
; pifoEngines_4|deque_frontRewrite|armed_27                                                          ;        ;
; streamFifo_53|logic_ram_rtl_0|auto_generated|altera_syncram_impl1|address_reg_b[0]                 ;        ;
; pifoEngines_4|deque_frontRewrite|armed_63                                                          ;        ;
; pifoEngines_4|deque_frontRewrite|armed_31                                                          ;        ;
; pifoEngines_4|deque_frontRewrite|armed_43                                                          ;        ;
; pifoEngines_4|deque_frontRewrite|armed_47                                                          ;        ;
; pifoEngines_4|deque_frontRewrite|armed_15                                                          ;        ;
; pifoEngines_4|deque_frontRewrite|armed_58                                                          ;        ;
; pifoEngines_4|deque_frontRewrite|armed_10                                                          ;        ;
; pifoEngines_4|deque_frontRewrite|armed_26                                                          ;        ;
; pifoEngines_4|deque_frontRewrite|armed_51                                                          ;        ;
; pifoEngines_4|deque_frontRewrite|armed_3                                                           ;        ;
; streamFifo_53|logic_pop_sync_popReg[13]                                                            ;        ;
; pifoEngines_4|deque_frontRewrite|armed_19                                                          ;        ;
; pifoEngines_4|deque_frontRewrite|armed_55                                                          ;        ;
; pifoEngines_4|deque_frontRewrite|armed_23                                                          ;        ;
; pifoEngines_4|deque_frontRewrite|armed_35                                                          ;        ;
; pifoEngines_4|deque_frontRewrite|armed_39                                                          ;        ;
; pifoEngines_4|deque_frontRewrite|armed_7                                                           ;        ;
; pifoEngines_3|deque_dequeMapper|activeBank                                                         ;        ;
; pifoEngines_3|deque_frontRewrite|pending_60                                                        ;        ;
; pifoEngines_3|deque_frontRewrite|armed_60                                                          ;        ;
; pifoEngines_3|deque_frontRewrite|pending_28                                                        ;        ;
; streamFifo_53|logic_pop_sync_popReg[12]                                                            ;        ;
; pifoEngines_3|deque_frontRewrite|armed_28                                                          ;        ;
; pifoEngines_3|deque_frontRewrite|pending_40                                                        ;        ;
; pifoEngines_3|deque_frontRewrite|armed_40                                                          ;        ;
; pifoEngines_3|deque_frontRewrite|pending_44                                                        ;        ;
; pifoEngines_3|deque_frontRewrite|armed_44                                                          ;        ;
; pifoEngines_3|deque_frontRewrite|pending_12                                                        ;        ;
; pifoEngines_3|deque_frontRewrite|armed_12                                                          ;        ;
; pifoEngines_3|deque_frontRewrite|pending_48                                                        ;        ;
; pifoEngines_3|deque_frontRewrite|armed_48                                                          ;        ;
; pifoEngines_3|deque_frontRewrite|pending_0                                                         ;        ;
; streamFifo_53|logic_pop_sync_popReg[11]                                                            ;        ;
; pifoEngines_3|deque_frontRewrite|armed_0                                                           ;        ;
; pifoEngines_3|deque_frontRewrite|pending_16                                                        ;        ;
; pifoEngines_3|deque_frontRewrite|armed_16                                                          ;        ;
; pifoEngines_3|deque_frontRewrite|pending_52                                                        ;        ;
; pifoEngines_3|deque_frontRewrite|armed_52                                                          ;        ;
; pifoEngines_3|deque_frontRewrite|pending_20                                                        ;        ;
; pifoEngines_3|deque_frontRewrite|armed_20                                                          ;        ;
; pifoEngines_3|deque_frontRewrite|pending_32                                                        ;        ;
; pifoEngines_3|deque_frontRewrite|armed_32                                                          ;        ;
; pifoEngines_3|deque_frontRewrite|pending_36                                                        ;        ;
; streamFifo_53|logic_pop_sync_popReg[10]                                                            ;        ;
; pifoEngines_3|deque_frontRewrite|armed_36                                                          ;        ;
; pifoEngines_3|deque_frontRewrite|pending_4                                                         ;        ;
; pifoEngines_3|deque_frontRewrite|armed_4                                                           ;        ;
; pifoEngines_3|deque_frontRewrite|pending_57                                                        ;        ;
; pifoEngines_3|deque_frontRewrite|armed_57                                                          ;        ;
; pifoEngines_3|deque_frontRewrite|pending_9                                                         ;        ;
; pifoEngines_3|deque_frontRewrite|armed_9                                                           ;        ;
; pifoEngines_3|deque_frontRewrite|pending_25                                                        ;        ;
; pifoEngines_3|deque_frontRewrite|armed_25                                                          ;        ;
; pifoEngines_3|deque_frontRewrite|pending_61                                                        ;        ;
; streamFifo_53|logic_ptr_push[9]                                                                    ;        ;
; pifoEngines_3|deque_frontRewrite|armed_61                                                          ;        ;
; pifoEngines_3|deque_frontRewrite|pending_29                                                        ;        ;
; pifoEngines_3|deque_frontRewrite|armed_29                                                          ;        ;
; pifoEngines_3|deque_frontRewrite|pending_41                                                        ;        ;
; pifoEngines_3|deque_frontRewrite|armed_41                                                          ;        ;
; pifoEngines_3|deque_frontRewrite|pending_45                                                        ;        ;
; pifoEngines_3|deque_frontRewrite|armed_45                                                          ;        ;
; pifoEngines_3|deque_frontRewrite|pending_13                                                        ;        ;
; pifoEngines_3|deque_frontRewrite|armed_13                                                          ;        ;
; pifoEngines_3|deque_frontRewrite|pending_56                                                        ;        ;
; ingress_fifo|logic_pop_sync_popReg[2]                                                              ;        ;
; streamFifo_53|logic_pop_sync_popReg[9]                                                             ;        ;
; pifoEngines_3|deque_frontRewrite|armed_56                                                          ;        ;
; pifoEngines_3|deque_frontRewrite|pending_8                                                         ;        ;
; pifoEngines_3|deque_frontRewrite|armed_8                                                           ;        ;
; pifoEngines_3|deque_frontRewrite|pending_24                                                        ;        ;
; pifoEngines_3|deque_frontRewrite|armed_24                                                          ;        ;
; pifoEngines_3|deque_frontRewrite|pending_49                                                        ;        ;
; pifoEngines_3|deque_frontRewrite|armed_49                                                          ;        ;
; pifoEngines_3|deque_frontRewrite|pending_1                                                         ;        ;
; pifoEngines_3|deque_frontRewrite|armed_1                                                           ;        ;
; pifoEngines_3|deque_frontRewrite|pending_17                                                        ;        ;
; streamFifo_53|logic_ptr_push[8]                                                                    ;        ;
; pifoEngines_3|deque_frontRewrite|armed_17                                                          ;        ;
; pifoEngines_3|deque_frontRewrite|pending_53                                                        ;        ;
; pifoEngines_3|deque_frontRewrite|armed_53                                                          ;        ;
; pifoEngines_3|deque_frontRewrite|pending_21                                                        ;        ;
; pifoEngines_3|deque_frontRewrite|armed_21                                                          ;        ;
; pifoEngines_3|deque_frontRewrite|pending_33                                                        ;        ;
; pifoEngines_3|deque_frontRewrite|armed_33                                                          ;        ;
; pifoEngines_3|deque_frontRewrite|pending_37                                                        ;        ;
; pifoEngines_3|deque_frontRewrite|armed_37                                                          ;        ;
; pifoEngines_3|deque_frontRewrite|pending_5                                                         ;        ;
; streamFifo_53|logic_pop_sync_popReg[8]                                                             ;        ;
; pifoEngines_3|deque_frontRewrite|armed_5                                                           ;        ;
; pifoEngines_3|deque_frontRewrite|pending_62                                                        ;        ;
; pifoEngines_3|deque_frontRewrite|armed_62                                                          ;        ;
; pifoEngines_3|deque_frontRewrite|pending_30                                                        ;        ;
; pifoEngines_3|deque_frontRewrite|armed_30                                                          ;        ;
; pifoEngines_3|deque_frontRewrite|pending_42                                                        ;        ;
; pifoEngines_3|deque_frontRewrite|armed_42                                                          ;        ;
; pifoEngines_3|deque_frontRewrite|pending_46                                                        ;        ;
; pifoEngines_3|deque_frontRewrite|armed_46                                                          ;        ;
; pifoEngines_3|deque_frontRewrite|pending_14                                                        ;        ;
; streamFifo_53|logic_ptr_push[12]                                                                   ;        ;
; pifoEngines_3|deque_frontRewrite|armed_14                                                          ;        ;
; pifoEngines_3|deque_frontRewrite|pending_50                                                        ;        ;
; pifoEngines_3|deque_frontRewrite|armed_50                                                          ;        ;
; pifoEngines_3|deque_frontRewrite|pending_2                                                         ;        ;
; pifoEngines_3|deque_frontRewrite|armed_2                                                           ;        ;
; pifoEngines_3|deque_frontRewrite|pending_18                                                        ;        ;
; pifoEngines_3|deque_frontRewrite|armed_18                                                          ;        ;
; pifoEngines_3|deque_frontRewrite|pending_54                                                        ;        ;
; pifoEngines_3|deque_frontRewrite|armed_54                                                          ;        ;
; pifoEngines_3|deque_frontRewrite|pending_22                                                        ;        ;
; streamFifo_53|logic_ptr_push[13]                                                                   ;        ;
; pifoEngines_3|deque_frontRewrite|armed_22                                                          ;        ;
; pifoEngines_3|deque_frontRewrite|pending_34                                                        ;        ;
; pifoEngines_3|deque_frontRewrite|armed_34                                                          ;        ;
; pifoEngines_3|deque_frontRewrite|pending_38                                                        ;        ;
; pifoEngines_3|deque_frontRewrite|armed_38                                                          ;        ;
; pifoEngines_3|deque_frontRewrite|pending_6                                                         ;        ;
; pifoEngines_3|deque_frontRewrite|armed_6                                                           ;        ;
; pifoEngines_3|deque_frontRewrite|pending_59                                                        ;        ;
; pifoEngines_3|deque_frontRewrite|armed_59                                                          ;        ;
; pifoEngines_3|deque_frontRewrite|pending_11                                                        ;        ;
; streamFifo_53|logic_ptr_push[14]                                                                   ;        ;
; pifoEngines_3|deque_frontRewrite|armed_11                                                          ;        ;
; pifoEngines_3|deque_frontRewrite|pending_27                                                        ;        ;
; pifoEngines_3|deque_frontRewrite|armed_27                                                          ;        ;
; pifoEngines_3|deque_frontRewrite|pending_63                                                        ;        ;
; pifoEngines_3|deque_frontRewrite|armed_63                                                          ;        ;
; pifoEngines_3|deque_frontRewrite|pending_31                                                        ;        ;
; pifoEngines_3|deque_frontRewrite|armed_31                                                          ;        ;
; pifoEngines_3|deque_frontRewrite|pending_43                                                        ;        ;
; pifoEngines_3|deque_frontRewrite|armed_43                                                          ;        ;
; pifoEngines_3|deque_frontRewrite|pending_47                                                        ;        ;
; streamFifo_53|logic_ptr_pop[14]                                                                    ;        ;
; pifoEngines_3|deque_frontRewrite|armed_47                                                          ;        ;
; pifoEngines_3|deque_frontRewrite|pending_15                                                        ;        ;
; pifoEngines_3|deque_frontRewrite|armed_15                                                          ;        ;
; pifoEngines_3|deque_frontRewrite|pending_58                                                        ;        ;
; pifoEngines_3|deque_frontRewrite|armed_58                                                          ;        ;
; pifoEngines_3|deque_frontRewrite|pending_10                                                        ;        ;
; pifoEngines_3|deque_frontRewrite|armed_10                                                          ;        ;
; pifoEngines_3|deque_frontRewrite|pending_26                                                        ;        ;
; pifoEngines_3|deque_frontRewrite|armed_26                                                          ;        ;
; pifoEngines_3|deque_frontRewrite|pending_51                                                        ;        ;
; streamFifo_53|logic_pop_sync_popReg[14]                                                            ;        ;
; pifoEngines_3|deque_frontRewrite|armed_51                                                          ;        ;
; pifoEngines_3|deque_frontRewrite|pending_3                                                         ;        ;
; pifoEngines_3|deque_frontRewrite|armed_3                                                           ;        ;
; pifoEngines_3|deque_frontRewrite|pending_19                                                        ;        ;
; pifoEngines_3|deque_frontRewrite|armed_19                                                          ;        ;
; pifoEngines_3|deque_frontRewrite|pending_55                                                        ;        ;
; pifoEngines_3|deque_frontRewrite|armed_55                                                          ;        ;
; pifoEngines_3|deque_frontRewrite|pending_23                                                        ;        ;
; pifoEngines_3|deque_frontRewrite|armed_23                                                          ;        ;
; pifoEngines_3|deque_frontRewrite|pending_35                                                        ;        ;
; streamFifo_53|logic_pop_sync_popReg[1]                                                             ;        ;
; pifoEngines_3|deque_frontRewrite|armed_35                                                          ;        ;
; pifoEngines_3|deque_frontRewrite|pending_39                                                        ;        ;
; pifoEngines_3|deque_frontRewrite|armed_39                                                          ;        ;
; pifoEngines_3|deque_frontRewrite|pending_7                                                         ;        ;
; pifoEngines_3|deque_frontRewrite|armed_7                                                           ;        ;
; pifoEngines_0|deque_frontRewrite|pending_60                                                        ;        ;
; pifoEngines_0|deque_frontRewrite|armed_60                                                          ;        ;
; pifoEngines_0|deque_frontRewrite|pending_28                                                        ;        ;
; pifoEngines_0|deque_frontRewrite|armed_28                                                          ;        ;
; pifoEngines_0|deque_frontRewrite|pending_40                                                        ;        ;
; streamFifo_53|logic_pop_sync_popReg[0]                                                             ;        ;
; pifoEngines_0|deque_frontRewrite|armed_40                                                          ;        ;
; pifoEngines_0|deque_frontRewrite|pending_44                                                        ;        ;
; pifoEngines_0|deque_frontRewrite|armed_44                                                          ;        ;
; pifoEngines_0|deque_frontRewrite|pending_12                                                        ;        ;
; pifoEngines_0|deque_frontRewrite|armed_12                                                          ;        ;
; pifoEngines_0|deque_frontRewrite|pending_48                                                        ;        ;
; pifoEngines_0|deque_frontRewrite|armed_48                                                          ;        ;
; pifoEngines_0|deque_frontRewrite|pending_0                                                         ;        ;
; pifoEngines_0|deque_frontRewrite|armed_0                                                           ;        ;
; pifoEngines_0|deque_frontRewrite|pending_16                                                        ;        ;
; reserved[14]                                                                                       ;        ;
; streamFifo_53|logic_pop_sync_popReg[3]                                                             ;        ;
; pifoEngines_0|deque_frontRewrite|armed_16                                                          ;        ;
; pifoEngines_0|deque_frontRewrite|pending_52                                                        ;        ;
; pifoEngines_0|deque_frontRewrite|armed_52                                                          ;        ;
; pifoEngines_0|deque_frontRewrite|pending_20                                                        ;        ;
; pifoEngines_0|deque_frontRewrite|armed_20                                                          ;        ;
; pifoEngines_0|deque_frontRewrite|pending_32                                                        ;        ;
; pifoEngines_0|deque_frontRewrite|armed_32                                                          ;        ;
; pifoEngines_0|deque_frontRewrite|pending_36                                                        ;        ;
; pifoEngines_0|deque_frontRewrite|armed_36                                                          ;        ;
; pifoEngines_0|deque_frontRewrite|pending_4                                                         ;        ;
; streamFifo_53|logic_ptr_pop[0]                                                                     ;        ;
; pifoEngines_0|deque_frontRewrite|armed_4                                                           ;        ;
; pifoEngines_0|deque_frontRewrite|pending_57                                                        ;        ;
; pifoEngines_0|deque_frontRewrite|armed_57                                                          ;        ;
; pifoEngines_0|deque_frontRewrite|pending_9                                                         ;        ;
; pifoEngines_0|deque_frontRewrite|armed_9                                                           ;        ;
; pifoEngines_0|deque_frontRewrite|pending_25                                                        ;        ;
; pifoEngines_0|deque_frontRewrite|armed_25                                                          ;        ;
; pifoEngines_0|deque_frontRewrite|pending_61                                                        ;        ;
; pifoEngines_0|deque_frontRewrite|armed_61                                                          ;        ;
; pifoEngines_0|deque_frontRewrite|pending_29                                                        ;        ;
; streamFifo_53|logic_ptr_pop[1]                                                                     ;        ;
; pifoEngines_0|deque_frontRewrite|armed_29                                                          ;        ;
; pifoEngines_0|deque_frontRewrite|pending_41                                                        ;        ;
; pifoEngines_0|deque_frontRewrite|armed_41                                                          ;        ;
; pifoEngines_0|deque_frontRewrite|pending_45                                                        ;        ;
; pifoEngines_0|deque_frontRewrite|armed_45                                                          ;        ;
; pifoEngines_0|deque_frontRewrite|pending_13                                                        ;        ;
; pifoEngines_0|deque_frontRewrite|armed_13                                                          ;        ;
; pifoEngines_0|deque_frontRewrite|pending_56                                                        ;        ;
; pifoEngines_0|deque_frontRewrite|armed_56                                                          ;        ;
; pifoEngines_0|deque_frontRewrite|pending_8                                                         ;        ;
; streamFifo_53|logic_ptr_pop[2]                                                                     ;        ;
; pifoEngines_0|deque_frontRewrite|armed_8                                                           ;        ;
; pifoEngines_0|deque_frontRewrite|pending_24                                                        ;        ;
; pifoEngines_0|deque_frontRewrite|armed_24                                                          ;        ;
; pifoEngines_0|deque_frontRewrite|pending_49                                                        ;        ;
; pifoEngines_0|deque_frontRewrite|armed_49                                                          ;        ;
; pifoEngines_0|deque_frontRewrite|pending_1                                                         ;        ;
; pifoEngines_0|deque_frontRewrite|armed_1                                                           ;        ;
; pifoEngines_0|deque_frontRewrite|pending_17                                                        ;        ;
; pifoEngines_0|deque_frontRewrite|armed_17                                                          ;        ;
; pifoEngines_0|deque_frontRewrite|pending_53                                                        ;        ;
; streamFifo_53|logic_pop_sync_popReg[2]                                                             ;        ;
; pifoEngines_0|deque_frontRewrite|armed_53                                                          ;        ;
; pifoEngines_0|deque_frontRewrite|pending_21                                                        ;        ;
; pifoEngines_0|deque_frontRewrite|armed_21                                                          ;        ;
; pifoEngines_0|deque_frontRewrite|pending_33                                                        ;        ;
; pifoEngines_0|deque_frontRewrite|armed_33                                                          ;        ;
; pifoEngines_0|deque_frontRewrite|pending_37                                                        ;        ;
; pifoEngines_0|deque_frontRewrite|armed_37                                                          ;        ;
; pifoEngines_0|deque_frontRewrite|pending_5                                                         ;        ;
; pifoEngines_0|deque_frontRewrite|armed_5                                                           ;        ;
; pifoEngines_0|deque_frontRewrite|pending_62                                                        ;        ;
; streamFifo_53|logic_ptr_push[7]                                                                    ;        ;
; pifoEngines_0|deque_frontRewrite|armed_62                                                          ;        ;
; pifoEngines_0|deque_frontRewrite|pending_30                                                        ;        ;
; pifoEngines_0|deque_frontRewrite|armed_30                                                          ;        ;
; pifoEngines_0|deque_frontRewrite|pending_42                                                        ;        ;
; pifoEngines_0|deque_frontRewrite|armed_42                                                          ;        ;
; pifoEngines_0|deque_frontRewrite|pending_46                                                        ;        ;
; pifoEngines_0|deque_frontRewrite|armed_46                                                          ;        ;
; pifoEngines_0|deque_frontRewrite|pending_14                                                        ;        ;
; pifoEngines_0|deque_frontRewrite|armed_14                                                          ;        ;
; pifoEngines_0|deque_frontRewrite|pending_50                                                        ;        ;
; streamFifo_53|logic_pop_sync_popReg[7]                                                             ;        ;
; pifoEngines_0|deque_frontRewrite|armed_50                                                          ;        ;
; pifoEngines_0|deque_frontRewrite|pending_2                                                         ;        ;
; pifoEngines_0|deque_frontRewrite|armed_2                                                           ;        ;
; pifoEngines_0|deque_frontRewrite|pending_18                                                        ;        ;
; pifoEngines_0|deque_frontRewrite|armed_18                                                          ;        ;
; pifoEngines_0|deque_frontRewrite|pending_54                                                        ;        ;
; pifoEngines_0|deque_frontRewrite|armed_54                                                          ;        ;
; pifoEngines_0|deque_frontRewrite|pending_22                                                        ;        ;
; pifoEngines_0|deque_frontRewrite|armed_22                                                          ;        ;
; pifoEngines_0|deque_frontRewrite|pending_34                                                        ;        ;
; streamFifo_53|logic_ptr_push[0]                                                                    ;        ;
; pifoEngines_0|deque_frontRewrite|armed_34                                                          ;        ;
; pifoEngines_0|deque_frontRewrite|pending_38                                                        ;        ;
; pifoEngines_0|deque_frontRewrite|armed_38                                                          ;        ;
; pifoEngines_0|deque_frontRewrite|pending_6                                                         ;        ;
; pifoEngines_0|deque_frontRewrite|armed_6                                                           ;        ;
; pifoEngines_0|deque_frontRewrite|pending_59                                                        ;        ;
; pifoEngines_0|deque_frontRewrite|armed_59                                                          ;        ;
; pifoEngines_0|deque_frontRewrite|pending_11                                                        ;        ;
; pifoEngines_0|deque_frontRewrite|armed_11                                                          ;        ;
; pifoEngines_0|deque_frontRewrite|pending_27                                                        ;        ;
; streamFifo_53|logic_ptr_push[1]                                                                    ;        ;
; pifoEngines_0|deque_frontRewrite|armed_27                                                          ;        ;
; pifoEngines_0|deque_frontRewrite|pending_63                                                        ;        ;
; pifoEngines_0|deque_frontRewrite|armed_63                                                          ;        ;
; pifoEngines_0|deque_frontRewrite|pending_31                                                        ;        ;
; pifoEngines_0|deque_frontRewrite|armed_31                                                          ;        ;
; pifoEngines_0|deque_frontRewrite|pending_43                                                        ;        ;
; pifoEngines_0|deque_frontRewrite|armed_43                                                          ;        ;
; pifoEngines_0|deque_frontRewrite|pending_47                                                        ;        ;
; pifoEngines_0|deque_frontRewrite|armed_47                                                          ;        ;
; pifoEngines_0|deque_frontRewrite|pending_15                                                        ;        ;
; streamFifo_53|logic_ptr_push[2]                                                                    ;        ;
; pifoEngines_0|deque_frontRewrite|armed_15                                                          ;        ;
; pifoEngines_0|deque_frontRewrite|pending_58                                                        ;        ;
; pifoEngines_0|deque_frontRewrite|armed_58                                                          ;        ;
; pifoEngines_0|deque_frontRewrite|pending_10                                                        ;        ;
; pifoEngines_0|deque_frontRewrite|armed_10                                                          ;        ;
; pifoEngines_0|deque_frontRewrite|pending_26                                                        ;        ;
; pifoEngines_0|deque_frontRewrite|armed_26                                                          ;        ;
; pifoEngines_0|deque_frontRewrite|pending_51                                                        ;        ;
; pifoEngines_0|deque_frontRewrite|armed_51                                                          ;        ;
; pifoEngines_0|deque_frontRewrite|pending_3                                                         ;        ;
; reserved[13]                                                                                       ;        ;
; streamFifo_53|logic_ptr_push[3]                                                                    ;        ;
; pifoEngines_0|deque_frontRewrite|armed_3                                                           ;        ;
; pifoEngines_0|deque_frontRewrite|pending_19                                                        ;        ;
; pifoEngines_0|deque_frontRewrite|armed_19                                                          ;        ;
; pifoEngines_0|deque_frontRewrite|pending_55                                                        ;        ;
; pifoEngines_0|deque_frontRewrite|armed_55                                                          ;        ;
; pifoEngines_0|deque_frontRewrite|pending_23                                                        ;        ;
; pifoEngines_0|deque_frontRewrite|armed_23                                                          ;        ;
; pifoEngines_0|deque_frontRewrite|pending_35                                                        ;        ;
; pifoEngines_0|deque_frontRewrite|armed_35                                                          ;        ;
; pifoEngines_0|deque_frontRewrite|pending_39                                                        ;        ;
; streamFifo_53|logic_ptr_push[4]                                                                    ;        ;
; pifoEngines_0|deque_frontRewrite|armed_39                                                          ;        ;
; pifoEngines_0|deque_frontRewrite|pending_7                                                         ;        ;
; pifoEngines_0|deque_frontRewrite|armed_7                                                           ;        ;
; pifoEngines_1|deque_frontRewrite|pending_60                                                        ;        ;
; pifoEngines_1|deque_frontRewrite|armed_60                                                          ;        ;
; pifoEngines_1|deque_frontRewrite|pending_28                                                        ;        ;
; pifoEngines_1|deque_frontRewrite|armed_28                                                          ;        ;
; pifoEngines_1|deque_frontRewrite|pending_40                                                        ;        ;
; pifoEngines_1|deque_frontRewrite|armed_40                                                          ;        ;
; pifoEngines_1|deque_frontRewrite|pending_44                                                        ;        ;
; streamFifo_53|logic_ptr_push[5]                                                                    ;        ;
; pifoEngines_1|deque_frontRewrite|armed_44                                                          ;        ;
; pifoEngines_1|deque_frontRewrite|pending_12                                                        ;        ;
; pifoEngines_1|deque_frontRewrite|armed_12                                                          ;        ;
; pifoEngines_1|deque_frontRewrite|pending_48                                                        ;        ;
; pifoEngines_1|deque_frontRewrite|armed_48                                                          ;        ;
; pifoEngines_1|deque_frontRewrite|pending_0                                                         ;        ;
; pifoEngines_1|deque_frontRewrite|armed_0                                                           ;        ;
; pifoEngines_1|deque_frontRewrite|pending_16                                                        ;        ;
; pifoEngines_1|deque_frontRewrite|armed_16                                                          ;        ;
; pifoEngines_1|deque_frontRewrite|pending_52                                                        ;        ;
; streamFifo_53|logic_ptr_push[6]                                                                    ;        ;
; pifoEngines_1|deque_frontRewrite|armed_52                                                          ;        ;
; pifoEngines_1|deque_frontRewrite|pending_20                                                        ;        ;
; pifoEngines_1|deque_frontRewrite|armed_20                                                          ;        ;
; pifoEngines_1|deque_frontRewrite|pending_32                                                        ;        ;
; pifoEngines_1|deque_frontRewrite|armed_32                                                          ;        ;
; pifoEngines_1|deque_frontRewrite|pending_36                                                        ;        ;
; pifoEngines_1|deque_frontRewrite|armed_36                                                          ;        ;
; pifoEngines_1|deque_frontRewrite|pending_4                                                         ;        ;
; pifoEngines_1|deque_frontRewrite|armed_4                                                           ;        ;
; pifoEngines_1|deque_frontRewrite|pending_57                                                        ;        ;
; streamFifo_53|logic_pop_sync_popReg[6]                                                             ;        ;
; pifoEngines_1|deque_frontRewrite|armed_57                                                          ;        ;
; pifoEngines_1|deque_frontRewrite|pending_9                                                         ;        ;
; pifoEngines_1|deque_frontRewrite|armed_9                                                           ;        ;
; pifoEngines_1|deque_frontRewrite|pending_25                                                        ;        ;
; pifoEngines_1|deque_frontRewrite|armed_25                                                          ;        ;
; pifoEngines_1|deque_frontRewrite|pending_61                                                        ;        ;
; pifoEngines_1|deque_frontRewrite|armed_61                                                          ;        ;
; pifoEngines_1|deque_frontRewrite|pending_29                                                        ;        ;
; pifoEngines_1|deque_frontRewrite|armed_29                                                          ;        ;
; pifoEngines_1|deque_frontRewrite|pending_41                                                        ;        ;
; streamFifo_53|logic_ptr_push[10]                                                                   ;        ;
; pifoEngines_1|deque_frontRewrite|armed_41                                                          ;        ;
; pifoEngines_1|deque_frontRewrite|pending_45                                                        ;        ;
; pifoEngines_1|deque_frontRewrite|armed_45                                                          ;        ;
; pifoEngines_1|deque_frontRewrite|pending_13                                                        ;        ;
; pifoEngines_1|deque_frontRewrite|armed_13                                                          ;        ;
; pifoEngines_1|deque_frontRewrite|pending_56                                                        ;        ;
; pifoEngines_1|deque_frontRewrite|armed_56                                                          ;        ;
; pifoEngines_1|deque_frontRewrite|pending_8                                                         ;        ;
; pifoEngines_1|deque_frontRewrite|armed_8                                                           ;        ;
; pifoEngines_1|deque_frontRewrite|pending_24                                                        ;        ;
; streamFifo_53|logic_ptr_push[11]                                                                   ;        ;
; pifoEngines_1|deque_frontRewrite|armed_24                                                          ;        ;
; pifoEngines_1|deque_frontRewrite|pending_49                                                        ;        ;
; pifoEngines_1|deque_frontRewrite|armed_49                                                          ;        ;
; pifoEngines_1|deque_frontRewrite|pending_1                                                         ;        ;
; pifoEngines_1|deque_frontRewrite|armed_1                                                           ;        ;
; pifoEngines_1|deque_frontRewrite|pending_17                                                        ;        ;
; pifoEngines_1|deque_frontRewrite|armed_17                                                          ;        ;
; pifoEngines_1|deque_frontRewrite|pending_53                                                        ;        ;
; pifoEngines_1|deque_frontRewrite|armed_53                                                          ;        ;
; pifoEngines_1|deque_frontRewrite|pending_21                                                        ;        ;
; streamFifo_53|logic_ram_rtl_0|auto_generated|altera_syncram_impl1|address_reg_b[1]                 ;        ;
; pifoEngines_1|deque_frontRewrite|armed_21                                                          ;        ;
; pifoEngines_1|deque_frontRewrite|pending_33                                                        ;        ;
; pifoEngines_1|deque_frontRewrite|armed_33                                                          ;        ;
; pifoEngines_1|deque_frontRewrite|pending_37                                                        ;        ;
; pifoEngines_1|deque_frontRewrite|armed_37                                                          ;        ;
; pifoEngines_1|deque_frontRewrite|pending_5                                                         ;        ;
; pifoEngines_1|deque_frontRewrite|armed_5                                                           ;        ;
; pifoEngines_1|deque_frontRewrite|pending_62                                                        ;        ;
; pifoEngines_1|deque_frontRewrite|armed_62                                                          ;        ;
; pifoEngines_1|deque_frontRewrite|pending_30                                                        ;        ;
; streamFifo_53|logic_ptr_pop[5]                                                                     ;        ;
; pifoEngines_1|deque_frontRewrite|armed_30                                                          ;        ;
; pifoEngines_1|deque_frontRewrite|pending_42                                                        ;        ;
; pifoEngines_1|deque_frontRewrite|armed_42                                                          ;        ;
; pifoEngines_1|deque_frontRewrite|pending_46                                                        ;        ;
; pifoEngines_1|deque_frontRewrite|armed_46                                                          ;        ;
; pifoEngines_1|deque_frontRewrite|pending_14                                                        ;        ;
; pifoEngines_1|deque_frontRewrite|armed_14                                                          ;        ;
; pifoEngines_1|deque_frontRewrite|pending_50                                                        ;        ;
; pifoEngines_1|deque_frontRewrite|armed_50                                                          ;        ;
; pifoEngines_1|deque_frontRewrite|pending_2                                                         ;        ;
; streamFifo_53|logic_ptr_pop[6]                                                                     ;        ;
; pifoEngines_1|deque_frontRewrite|armed_2                                                           ;        ;
; pifoEngines_1|deque_frontRewrite|pending_18                                                        ;        ;
; pifoEngines_1|deque_frontRewrite|armed_18                                                          ;        ;
; pifoEngines_1|deque_frontRewrite|pending_54                                                        ;        ;
; pifoEngines_1|deque_frontRewrite|armed_54                                                          ;        ;
; pifoEngines_1|deque_frontRewrite|pending_22                                                        ;        ;
; pifoEngines_1|deque_frontRewrite|armed_22                                                          ;        ;
; pifoEngines_1|deque_frontRewrite|pending_34                                                        ;        ;
; pifoEngines_1|deque_frontRewrite|armed_34                                                          ;        ;
; pifoEngines_1|deque_frontRewrite|pending_38                                                        ;        ;
; reserved[8]                                                                                        ;        ;
; streamFifo_53|logic_ptr_pop[7]                                                                     ;        ;
; pifoEngines_1|deque_frontRewrite|armed_38                                                          ;        ;
; pifoEngines_1|deque_frontRewrite|pending_6                                                         ;        ;
; pifoEngines_1|deque_frontRewrite|armed_6                                                           ;        ;
; pifoEngines_1|deque_frontRewrite|pending_59                                                        ;        ;
; pifoEngines_1|deque_frontRewrite|armed_59                                                          ;        ;
; pifoEngines_1|deque_frontRewrite|pending_11                                                        ;        ;
; pifoEngines_1|deque_frontRewrite|armed_11                                                          ;        ;
; pifoEngines_1|deque_frontRewrite|pending_27                                                        ;        ;
; pifoEngines_1|deque_frontRewrite|armed_27                                                          ;        ;
; pifoEngines_1|deque_frontRewrite|pending_63                                                        ;        ;
; streamFifo_53|logic_ptr_pop[8]                                                                     ;        ;
; pifoEngines_1|deque_frontRewrite|armed_63                                                          ;        ;
; pifoEngines_1|deque_frontRewrite|pending_31                                                        ;        ;
; pifoEngines_1|deque_frontRewrite|armed_31                                                          ;        ;
; pifoEngines_1|deque_frontRewrite|pending_43                                                        ;        ;
; pifoEngines_1|deque_frontRewrite|armed_43                                                          ;        ;
; pifoEngines_1|deque_frontRewrite|pending_47                                                        ;        ;
; pifoEngines_1|deque_frontRewrite|armed_47                                                          ;        ;
; pifoEngines_1|deque_frontRewrite|pending_15                                                        ;        ;
; pifoEngines_1|deque_frontRewrite|armed_15                                                          ;        ;
; pifoEngines_1|deque_frontRewrite|pending_58                                                        ;        ;
; streamFifo_53|logic_ptr_pop[9]                                                                     ;        ;
; pifoEngines_1|deque_frontRewrite|armed_58                                                          ;        ;
; pifoEngines_1|deque_frontRewrite|pending_10                                                        ;        ;
; pifoEngines_1|deque_frontRewrite|armed_10                                                          ;        ;
; pifoEngines_1|deque_frontRewrite|pending_26                                                        ;        ;
; pifoEngines_1|deque_frontRewrite|armed_26                                                          ;        ;
; pifoEngines_1|deque_frontRewrite|pending_51                                                        ;        ;
; pifoEngines_1|deque_frontRewrite|armed_51                                                          ;        ;
; pifoEngines_1|deque_frontRewrite|pending_3                                                         ;        ;
; pifoEngines_1|deque_frontRewrite|armed_3                                                           ;        ;
; pifoEngines_1|deque_frontRewrite|pending_19                                                        ;        ;
; streamFifo_53|logic_ptr_pop[10]                                                                    ;        ;
; pifoEngines_1|deque_frontRewrite|armed_19                                                          ;        ;
; pifoEngines_1|deque_frontRewrite|pending_55                                                        ;        ;
; pifoEngines_1|deque_frontRewrite|armed_55                                                          ;        ;
; pifoEngines_1|deque_frontRewrite|pending_23                                                        ;        ;
; pifoEngines_1|deque_frontRewrite|armed_23                                                          ;        ;
; pifoEngines_1|deque_frontRewrite|pending_35                                                        ;        ;
; pifoEngines_1|deque_frontRewrite|armed_35                                                          ;        ;
; pifoEngines_1|deque_frontRewrite|pending_39                                                        ;        ;
; pifoEngines_1|deque_frontRewrite|armed_39                                                          ;        ;
; pifoEngines_1|deque_frontRewrite|pending_7                                                         ;        ;
; streamFifo_53|logic_ptr_pop[11]                                                                    ;        ;
; pifoEngines_1|deque_frontRewrite|armed_7                                                           ;        ;
; pifoEngines_2|deque_frontRewrite|pending_60                                                        ;        ;
; pifoEngines_2|deque_frontRewrite|armed_60                                                          ;        ;
; pifoEngines_2|deque_frontRewrite|pending_28                                                        ;        ;
; pifoEngines_2|deque_frontRewrite|armed_28                                                          ;        ;
; pifoEngines_2|deque_frontRewrite|pending_40                                                        ;        ;
; pifoEngines_2|deque_frontRewrite|armed_40                                                          ;        ;
; pifoEngines_2|deque_frontRewrite|pending_44                                                        ;        ;
; pifoEngines_2|deque_frontRewrite|armed_44                                                          ;        ;
; pifoEngines_2|deque_frontRewrite|pending_12                                                        ;        ;
; streamFifo_53|logic_ptr_pop[12]                                                                    ;        ;
; pifoEngines_2|deque_frontRewrite|armed_12                                                          ;        ;
; pifoEngines_2|deque_frontRewrite|pending_48                                                        ;        ;
; pifoEngines_2|deque_frontRewrite|armed_48                                                          ;        ;
; pifoEngines_2|deque_frontRewrite|pending_0                                                         ;        ;
; pifoEngines_2|deque_frontRewrite|armed_0                                                           ;        ;
; pifoEngines_2|deque_frontRewrite|pending_16                                                        ;        ;
; pifoEngines_2|deque_frontRewrite|armed_16                                                          ;        ;
; pifoEngines_2|deque_frontRewrite|pending_52                                                        ;        ;
; pifoEngines_2|deque_frontRewrite|armed_52                                                          ;        ;
; pifoEngines_2|deque_frontRewrite|pending_20                                                        ;        ;
; streamFifo_53|logic_ptr_pop[13]                                                                    ;        ;
; pifoEngines_2|deque_frontRewrite|armed_20                                                          ;        ;
; pifoEngines_2|deque_frontRewrite|pending_32                                                        ;        ;
; pifoEngines_2|deque_frontRewrite|armed_32                                                          ;        ;
; pifoEngines_2|deque_frontRewrite|pending_36                                                        ;        ;
; pifoEngines_2|deque_frontRewrite|armed_36                                                          ;        ;
; pifoEngines_2|deque_frontRewrite|pending_4                                                         ;        ;
; pifoEngines_2|deque_frontRewrite|armed_4                                                           ;        ;
; pifoEngines_2|deque_frontRewrite|pending_57                                                        ;        ;
; pifoEngines_2|deque_frontRewrite|armed_57                                                          ;        ;
; pifoEngines_2|deque_frontRewrite|pending_9                                                         ;        ;
; streamFifo_53|logic_ram_rtl_0|auto_generated|altera_syncram_impl1|address_reg_b[2]                 ;        ;
; pifoEngines_2|deque_frontRewrite|armed_9                                                           ;        ;
; pifoEngines_2|deque_frontRewrite|pending_25                                                        ;        ;
; pifoEngines_2|deque_frontRewrite|armed_25                                                          ;        ;
; pifoEngines_2|deque_frontRewrite|pending_61                                                        ;        ;
; pifoEngines_2|deque_frontRewrite|armed_61                                                          ;        ;
; pifoEngines_2|deque_frontRewrite|pending_29                                                        ;        ;
; pifoEngines_2|deque_frontRewrite|armed_29                                                          ;        ;
; pifoEngines_2|deque_frontRewrite|pending_41                                                        ;        ;
; pifoEngines_2|deque_frontRewrite|armed_41                                                          ;        ;
; pifoEngines_2|deque_frontRewrite|pending_45                                                        ;        ;
; streamArbiter_22|locked                                                                            ;        ;
; pifoEngines_2|deque_frontRewrite|armed_45                                                          ;        ;
; pifoEngines_2|deque_frontRewrite|pending_13                                                        ;        ;
; pifoEngines_2|deque_frontRewrite|armed_13                                                          ;        ;
; pifoEngines_2|deque_frontRewrite|pending_56                                                        ;        ;
; pifoEngines_2|deque_frontRewrite|armed_56                                                          ;        ;
; pifoEngines_2|deque_frontRewrite|pending_8                                                         ;        ;
; pifoEngines_2|deque_frontRewrite|armed_8                                                           ;        ;
; pifoEngines_2|deque_frontRewrite|pending_24                                                        ;        ;
; pifoEngines_2|deque_frontRewrite|armed_24                                                          ;        ;
; pifoEngines_2|deque_frontRewrite|pending_49                                                        ;        ;
; streamArbiter_22|maskLocked_1                                                                      ;        ;
; pifoEngines_2|deque_frontRewrite|armed_49                                                          ;        ;
; pifoEngines_2|deque_frontRewrite|pending_1                                                         ;        ;
; pifoEngines_2|deque_frontRewrite|armed_1                                                           ;        ;
; pifoEngines_2|deque_frontRewrite|pending_17                                                        ;        ;
; pifoEngines_2|deque_frontRewrite|armed_17                                                          ;        ;
; pifoEngines_2|deque_frontRewrite|pending_53                                                        ;        ;
; pifoEngines_2|deque_frontRewrite|armed_53                                                          ;        ;
; pifoEngines_2|deque_frontRewrite|pending_21                                                        ;        ;
; pifoEngines_2|deque_frontRewrite|armed_21                                                          ;        ;
; pifoEngines_2|deque_frontRewrite|pending_33                                                        ;        ;
; reserved[9]                                                                                        ;        ;
; streamArbiter_22|maskLocked_0                                                                      ;        ;
; pifoEngines_2|deque_frontRewrite|armed_33                                                          ;        ;
; pifoEngines_2|deque_frontRewrite|pending_37                                                        ;        ;
; pifoEngines_2|deque_frontRewrite|armed_37                                                          ;        ;
; pifoEngines_2|deque_frontRewrite|pending_5                                                         ;        ;
; pifoEngines_2|deque_frontRewrite|armed_5                                                           ;        ;
; pifoEngines_2|deque_frontRewrite|pending_62                                                        ;        ;
; pifoEngines_2|deque_frontRewrite|armed_62                                                          ;        ;
; pifoEngines_2|deque_frontRewrite|pending_30                                                        ;        ;
; pifoEngines_2|deque_frontRewrite|armed_30                                                          ;        ;
; pifoEngines_2|deque_frontRewrite|pending_42                                                        ;        ;
; streamFifo_53|logic_pop_addressGen_rValid                                                          ;        ;
; pifoEngines_2|deque_frontRewrite|armed_42                                                          ;        ;
; pifoEngines_2|deque_frontRewrite|pending_46                                                        ;        ;
; pifoEngines_2|deque_frontRewrite|armed_46                                                          ;        ;
; pifoEngines_2|deque_frontRewrite|pending_14                                                        ;        ;
; pifoEngines_2|deque_frontRewrite|armed_14                                                          ;        ;
; pifoEngines_2|deque_frontRewrite|pending_50                                                        ;        ;
; pifoEngines_2|deque_frontRewrite|armed_50                                                          ;        ;
; pifoEngines_2|deque_frontRewrite|pending_2                                                         ;        ;
; pifoEngines_2|deque_frontRewrite|armed_2                                                           ;        ;
; pifoEngines_2|deque_frontRewrite|pending_18                                                        ;        ;
; streamFifo_53|logic_ptr_pop[3]                                                                     ;        ;
; pifoEngines_2|deque_frontRewrite|armed_18                                                          ;        ;
; pifoEngines_2|deque_frontRewrite|pending_54                                                        ;        ;
; pifoEngines_2|deque_frontRewrite|armed_54                                                          ;        ;
; pifoEngines_2|deque_frontRewrite|pending_22                                                        ;        ;
; pifoEngines_2|deque_frontRewrite|armed_22                                                          ;        ;
; pifoEngines_2|deque_frontRewrite|pending_34                                                        ;        ;
; pifoEngines_2|deque_frontRewrite|armed_34                                                          ;        ;
; pifoEngines_2|deque_frontRewrite|pending_38                                                        ;        ;
; pifoEngines_2|deque_frontRewrite|armed_38                                                          ;        ;
; pifoEngines_2|deque_frontRewrite|pending_6                                                         ;        ;
; streamFifo_53|logic_ptr_pop[4]                                                                     ;        ;
; pifoEngines_2|deque_frontRewrite|armed_6                                                           ;        ;
; pifoEngines_2|deque_frontRewrite|pending_59                                                        ;        ;
; pifoEngines_2|deque_frontRewrite|armed_59                                                          ;        ;
; pifoEngines_2|deque_frontRewrite|pending_11                                                        ;        ;
; pifoEngines_2|deque_frontRewrite|armed_11                                                          ;        ;
; pifoEngines_2|deque_frontRewrite|pending_27                                                        ;        ;
; pifoEngines_2|deque_frontRewrite|armed_27                                                          ;        ;
; pifoEngines_2|deque_frontRewrite|pending_63                                                        ;        ;
; pifoEngines_2|deque_frontRewrite|armed_63                                                          ;        ;
; pifoEngines_2|deque_frontRewrite|pending_31                                                        ;        ;
; streamFifo_53|logic_pop_sync_popReg[4]                                                             ;        ;
; pifoEngines_2|deque_frontRewrite|armed_31                                                          ;        ;
; pifoEngines_2|deque_frontRewrite|pending_43                                                        ;        ;
; pifoEngines_2|deque_frontRewrite|armed_43                                                          ;        ;
; pifoEngines_2|deque_frontRewrite|pending_47                                                        ;        ;
; pifoEngines_2|deque_frontRewrite|armed_47                                                          ;        ;
; pifoEngines_2|deque_frontRewrite|pending_15                                                        ;        ;
; pifoEngines_2|deque_frontRewrite|armed_15                                                          ;        ;
; pifoEngines_2|deque_frontRewrite|pending_58                                                        ;        ;
; pifoEngines_2|deque_frontRewrite|armed_58                                                          ;        ;
; pifoEngines_2|deque_frontRewrite|pending_10                                                        ;        ;
; ingress_fifo|logic_ptr_pop[1]                                                                      ;        ;
; pifoEngines_2|deque_frontRewrite|armed_10                                                          ;        ;
; pifoEngines_2|deque_frontRewrite|pending_26                                                        ;        ;
; pifoEngines_2|deque_frontRewrite|armed_26                                                          ;        ;
; pifoEngines_2|deque_frontRewrite|pending_51                                                        ;        ;
; pifoEngines_2|deque_frontRewrite|armed_51                                                          ;        ;
; pifoEngines_2|deque_frontRewrite|pending_3                                                         ;        ;
; pifoEngines_2|deque_frontRewrite|armed_3                                                           ;        ;
; pifoEngines_2|deque_frontRewrite|pending_19                                                        ;        ;
; pifoEngines_2|deque_frontRewrite|armed_19                                                          ;        ;
; pifoEngines_2|deque_frontRewrite|pending_55                                                        ;        ;
; io_pop_haltWhen_fork2_logic_linkEnable_1                                                           ;        ;
; pifoEngines_2|deque_frontRewrite|armed_55                                                          ;        ;
; pifoEngines_2|deque_frontRewrite|pending_23                                                        ;        ;
; pifoEngines_2|deque_frontRewrite|armed_23                                                          ;        ;
; pifoEngines_2|deque_frontRewrite|pending_35                                                        ;        ;
; pifoEngines_2|deque_frontRewrite|armed_35                                                          ;        ;
; pifoEngines_2|deque_frontRewrite|pending_39                                                        ;        ;
; pifoEngines_2|deque_frontRewrite|armed_39                                                          ;        ;
; pifoEngines_2|deque_frontRewrite|pending_7                                                         ;        ;
; pifoEngines_2|deque_frontRewrite|armed_7                                                           ;        ;
; pifoEngines_0|deque_dequeMapper|io_readReq_valid_regNext                                           ;        ;
; io_pop_haltWhen_fork2_logic_linkEnable_0                                                           ;        ;
; xbar|streamArbiter_22|maskLocked_1                                                                 ;        ;
; xbar|io_inputs_1_fifo|fifo|logic_ram~12                                                            ;        ;
; xbar|io_inputs_1_fifo|fifo|logic_ram_rtl_0_bypass[9]                                               ;        ;
; xbar|io_inputs_1_fifo|fifo|logic_ram~11                                                            ;        ;
; xbar|io_inputs_1_fifo|fifo|logic_ram_rtl_0_bypass[6]                                               ;        ;
; xbar|io_inputs_1_fifo|fifo|logic_ram_rtl_0_bypass[5]                                               ;        ;
; xbar|io_inputs_5_fifo|fifo|logic_ram~10                                                            ;        ;
; xbar|io_inputs_5_fifo|fifo|logic_ram_rtl_0_bypass[7]                                               ;        ;
; xbar|io_inputs_5_fifo|fifo|logic_ram_rtl_0_bypass[2]                                               ;        ;
; pifoEngines_4|deque_dequeMapper|io_readReq_valid_regNext                                           ;        ;
; ingress_fifo|logic_ptr_pop[0]                                                                      ;        ;
; xbar|io_inputs_5_fifo|fifo|logic_ram~11                                                            ;        ;
; xbar|io_inputs_5_fifo|fifo|logic_ram_rtl_0_bypass[6]                                               ;        ;
; xbar|io_inputs_5_fifo|fifo|logic_ram_rtl_0_bypass[5]                                               ;        ;
; xbar|streamArbiter_23|maskLocked_5                                                                 ;        ;
; pifoEngines_0|deque_frontRewrite|enabled_7                                                         ;        ;
; pifoEngines_0|deque_frontRewrite|enabled_39                                                        ;        ;
; pifoEngines_0|deque_frontRewrite|enabled_35                                                        ;        ;
; pifoEngines_0|deque_frontRewrite|enabled_23                                                        ;        ;
; pifoEngines_0|deque_frontRewrite|enabled_55                                                        ;        ;
; pifoEngines_0|deque_frontRewrite|enabled_19                                                        ;        ;
; ingress_fifo|logic_ptr_push[2]                                                                     ;        ;
; pifoEngines_0|deque_frontRewrite|enabled_3                                                         ;        ;
; pifoEngines_0|deque_frontRewrite|enabled_51                                                        ;        ;
; pifoEngines_0|deque_frontRewrite|enabled_26                                                        ;        ;
; pifoEngines_0|deque_frontRewrite|enabled_10                                                        ;        ;
; pifoEngines_0|deque_frontRewrite|enabled_58                                                        ;        ;
; pifoEngines_0|deque_frontRewrite|enabled_15                                                        ;        ;
; pifoEngines_0|deque_frontRewrite|enabled_47                                                        ;        ;
; pifoEngines_0|deque_frontRewrite|enabled_43                                                        ;        ;
; pifoEngines_0|deque_frontRewrite|enabled_31                                                        ;        ;
; pifoEngines_0|deque_frontRewrite|enabled_63                                                        ;        ;
; reserved[10]                                                                                       ;        ;
; ingress_fifo|logic_ptr_push[1]                                                                     ;        ;
; pifoEngines_0|deque_frontRewrite|enabled_27                                                        ;        ;
; pifoEngines_0|deque_frontRewrite|enabled_11                                                        ;        ;
; pifoEngines_0|deque_frontRewrite|enabled_59                                                        ;        ;
; pifoEngines_0|deque_frontRewrite|enabled_6                                                         ;        ;
; pifoEngines_0|deque_frontRewrite|enabled_38                                                        ;        ;
; pifoEngines_0|deque_frontRewrite|enabled_34                                                        ;        ;
; pifoEngines_0|deque_frontRewrite|enabled_22                                                        ;        ;
; pifoEngines_0|deque_frontRewrite|enabled_54                                                        ;        ;
; pifoEngines_0|deque_frontRewrite|enabled_18                                                        ;        ;
; pifoEngines_0|deque_frontRewrite|enabled_2                                                         ;        ;
; ingress_fifo|logic_ptr_push[0]                                                                     ;        ;
; pifoEngines_0|deque_frontRewrite|enabled_50                                                        ;        ;
; pifoEngines_0|deque_frontRewrite|enabled_14                                                        ;        ;
; pifoEngines_0|deque_frontRewrite|enabled_46                                                        ;        ;
; pifoEngines_0|deque_frontRewrite|enabled_42                                                        ;        ;
; pifoEngines_0|deque_frontRewrite|enabled_30                                                        ;        ;
; pifoEngines_0|deque_frontRewrite|enabled_62                                                        ;        ;
; pifoEngines_0|deque_frontRewrite|enabled_5                                                         ;        ;
; pifoEngines_0|deque_frontRewrite|enabled_37                                                        ;        ;
; pifoEngines_0|deque_frontRewrite|enabled_33                                                        ;        ;
; pifoEngines_0|deque_frontRewrite|enabled_21                                                        ;        ;
; ingress_fifo|logic_pop_addressGen_rValid                                                           ;        ;
; pifoEngines_0|deque_frontRewrite|enabled_53                                                        ;        ;
; pifoEngines_0|deque_frontRewrite|enabled_17                                                        ;        ;
; pifoEngines_0|deque_frontRewrite|enabled_1                                                         ;        ;
; pifoEngines_0|deque_frontRewrite|enabled_49                                                        ;        ;
; pifoEngines_0|deque_frontRewrite|enabled_24                                                        ;        ;
; pifoEngines_0|deque_frontRewrite|enabled_8                                                         ;        ;
; pifoEngines_0|deque_frontRewrite|enabled_56                                                        ;        ;
; pifoEngines_0|deque_frontRewrite|enabled_13                                                        ;        ;
; pifoEngines_0|deque_frontRewrite|enabled_45                                                        ;        ;
; pifoEngines_0|deque_frontRewrite|enabled_41                                                        ;        ;
; io_pop_haltWhen_fork2_outputs_0_fork2_outputs_1_takeWhen_haltWhen_fork|logic_linkEnable_3          ;        ;
; pifoEngines_0|deque_frontRewrite|enabled_29                                                        ;        ;
; pifoEngines_0|deque_frontRewrite|enabled_61                                                        ;        ;
; pifoEngines_0|deque_frontRewrite|enabled_25                                                        ;        ;
; pifoEngines_0|deque_frontRewrite|enabled_9                                                         ;        ;
; pifoEngines_0|deque_frontRewrite|enabled_57                                                        ;        ;
; pifoEngines_0|deque_frontRewrite|enabled_4                                                         ;        ;
; pifoEngines_0|deque_frontRewrite|enabled_36                                                        ;        ;
; pifoEngines_0|deque_frontRewrite|enabled_32                                                        ;        ;
; pifoEngines_0|deque_frontRewrite|enabled_20                                                        ;        ;
; pifoEngines_0|deque_frontRewrite|enabled_52                                                        ;        ;
; io_pop_haltWhen_fork2_outputs_0_fork2_outputs_1_takeWhen_haltWhen_fork|logic_linkEnable_0          ;        ;
; pifoEngines_0|deque_frontRewrite|enabled_16                                                        ;        ;
; pifoEngines_0|deque_frontRewrite|enabled_0                                                         ;        ;
; pifoEngines_0|deque_frontRewrite|enabled_48                                                        ;        ;
; pifoEngines_0|deque_frontRewrite|enabled_12                                                        ;        ;
; pifoEngines_0|deque_frontRewrite|enabled_44                                                        ;        ;
; pifoEngines_0|deque_frontRewrite|enabled_40                                                        ;        ;
; pifoEngines_0|deque_frontRewrite|enabled_28                                                        ;        ;
; pifoEngines_0|deque_frontRewrite|enabled_60                                                        ;        ;
; xbar|io_inputs_4_fifo|fifo|logic_ram~15                                                            ;        ;
; xbar|io_inputs_4_fifo|fifo|logic_ram_rtl_0_bypass[12]                                              ;        ;
; replaying                                                                                          ;        ;
; pifoEngines_3|deque_dequeMapper|io_readReq_valid_regNext                                           ;        ;
; xbar|streamArbiter_22|maskLocked_4                                                                 ;        ;
; xbar|streamArbiter_23|maskLocked_4                                                                 ;        ;
; pifoEngines_1|deque_dequeMapper|io_readReq_valid_regNext                                           ;        ;
; xbar|io_inputs_2_fifo|fifo|logic_ram~12                                                            ;        ;
; xbar|io_inputs_2_fifo|fifo|logic_ram_rtl_0_bypass[9]                                               ;        ;
; xbar|io_inputs_2_fifo|fifo|logic_ram~11                                                            ;        ;
; xbar|io_inputs_2_fifo|fifo|logic_ram_rtl_0_bypass[6]                                               ;        ;
; xbar|io_inputs_2_fifo|fifo|logic_ram_rtl_0_bypass[5]                                               ;        ;
; xbar|streamArbiter_26|maskLocked_1                                                                 ;        ;
; reserved[3]                                                                                        ;        ;
; pifoEngines_2|deque_dequeMapper|io_readReq_valid_regNext                                           ;        ;
; xbar|io_inputs_3_fifo|fifo|logic_ram~12                                                            ;        ;
; xbar|io_inputs_3_fifo|fifo|logic_ram_rtl_0_bypass[9]                                               ;        ;
; xbar|io_inputs_3_fifo|fifo|logic_ram~11                                                            ;        ;
; xbar|io_inputs_3_fifo|fifo|logic_ram_rtl_0_bypass[6]                                               ;        ;
; xbar|io_inputs_3_fifo|fifo|logic_ram_rtl_0_bypass[5]                                               ;        ;
; xbar|io_inputs_0_fifo|fifo|logic_ram~12                                                            ;        ;
; xbar|streamArbiter_25|maskLocked_0                                                                 ;        ;
; xbar|streamArbiter_25|maskLocked_5                                                                 ;        ;
; pifoEngines_2|deque_frontRewrite|enabled_7                                                         ;        ;
; reserved[4]                                                                                        ;        ;
; pifoEngines_2|deque_frontRewrite|enabled_39                                                        ;        ;
; pifoEngines_2|deque_frontRewrite|enabled_35                                                        ;        ;
; pifoEngines_2|deque_frontRewrite|enabled_23                                                        ;        ;
; pifoEngines_2|deque_frontRewrite|enabled_55                                                        ;        ;
; pifoEngines_2|deque_frontRewrite|enabled_19                                                        ;        ;
; pifoEngines_2|deque_frontRewrite|enabled_3                                                         ;        ;
; pifoEngines_2|deque_frontRewrite|enabled_51                                                        ;        ;
; pifoEngines_2|deque_frontRewrite|enabled_26                                                        ;        ;
; pifoEngines_2|deque_frontRewrite|enabled_10                                                        ;        ;
; pifoEngines_2|deque_frontRewrite|enabled_58                                                        ;        ;
; pifoEngines_0|enque_enqueMapper|activeBank                                                         ;        ;
; pifoEngines_2|deque_frontRewrite|enabled_15                                                        ;        ;
; pifoEngines_2|deque_frontRewrite|enabled_47                                                        ;        ;
; pifoEngines_2|deque_frontRewrite|enabled_43                                                        ;        ;
; pifoEngines_2|deque_frontRewrite|enabled_31                                                        ;        ;
; pifoEngines_2|deque_frontRewrite|enabled_63                                                        ;        ;
; pifoEngines_2|deque_frontRewrite|enabled_27                                                        ;        ;
; pifoEngines_2|deque_frontRewrite|enabled_11                                                        ;        ;
; pifoEngines_2|deque_frontRewrite|enabled_59                                                        ;        ;
; pifoEngines_2|deque_frontRewrite|enabled_6                                                         ;        ;
; pifoEngines_2|deque_frontRewrite|enabled_38                                                        ;        ;
; pifoEngines_0|enque_flowIdStream_fifo|fifo|logic_ptr_pop[1]                                        ;        ;
; pifoEngines_2|deque_frontRewrite|enabled_34                                                        ;        ;
; pifoEngines_2|deque_frontRewrite|enabled_22                                                        ;        ;
; pifoEngines_2|deque_frontRewrite|enabled_54                                                        ;        ;
; pifoEngines_2|deque_frontRewrite|enabled_18                                                        ;        ;
; pifoEngines_2|deque_frontRewrite|enabled_2                                                         ;        ;
; pifoEngines_2|deque_frontRewrite|enabled_50                                                        ;        ;
; pifoEngines_2|deque_frontRewrite|enabled_14                                                        ;        ;
; pifoEngines_2|deque_frontRewrite|enabled_46                                                        ;        ;
; pifoEngines_2|deque_frontRewrite|enabled_42                                                        ;        ;
; pifoEngines_2|deque_frontRewrite|enabled_30                                                        ;        ;
; reserved[11]                                                                                       ;        ;
; pifoEngines_0|enque_flowIdStream_fifo|fifo|logic_ptr_push[1]                                       ;        ;
; pifoEngines_2|deque_frontRewrite|enabled_62                                                        ;        ;
; pifoEngines_2|deque_frontRewrite|enabled_5                                                         ;        ;
; pifoEngines_2|deque_frontRewrite|enabled_37                                                        ;        ;
; pifoEngines_2|deque_frontRewrite|enabled_33                                                        ;        ;
; pifoEngines_2|deque_frontRewrite|enabled_21                                                        ;        ;
; pifoEngines_2|deque_frontRewrite|enabled_53                                                        ;        ;
; pifoEngines_2|deque_frontRewrite|enabled_17                                                        ;        ;
; pifoEngines_2|deque_frontRewrite|enabled_1                                                         ;        ;
; pifoEngines_2|deque_frontRewrite|enabled_49                                                        ;        ;
; pifoEngines_2|deque_frontRewrite|enabled_24                                                        ;        ;
; pifoEngines_0|enque_brain|io_outputs_4_fifo|fifo|logic_ptr_pop[1]                                  ;        ;
; pifoEngines_2|deque_frontRewrite|enabled_8                                                         ;        ;
; pifoEngines_2|deque_frontRewrite|enabled_56                                                        ;        ;
; pifoEngines_2|deque_frontRewrite|enabled_13                                                        ;        ;
; pifoEngines_2|deque_frontRewrite|enabled_45                                                        ;        ;
; pifoEngines_2|deque_frontRewrite|enabled_41                                                        ;        ;
; pifoEngines_2|deque_frontRewrite|enabled_29                                                        ;        ;
; pifoEngines_2|deque_frontRewrite|enabled_61                                                        ;        ;
; pifoEngines_2|deque_frontRewrite|enabled_25                                                        ;        ;
; pifoEngines_2|deque_frontRewrite|enabled_9                                                         ;        ;
; pifoEngines_2|deque_frontRewrite|enabled_57                                                        ;        ;
; pifoEngines_0|enque_brain|io_outputs_4_fifo|fifo|logic_ptr_push[1]                                 ;        ;
; pifoEngines_2|deque_frontRewrite|enabled_4                                                         ;        ;
; pifoEngines_2|deque_frontRewrite|enabled_36                                                        ;        ;
; pifoEngines_2|deque_frontRewrite|enabled_32                                                        ;        ;
; pifoEngines_2|deque_frontRewrite|enabled_20                                                        ;        ;
; pifoEngines_2|deque_frontRewrite|enabled_52                                                        ;        ;
; pifoEngines_2|deque_frontRewrite|enabled_16                                                        ;        ;
; pifoEngines_2|deque_frontRewrite|enabled_0                                                         ;        ;
; pifoEngines_2|deque_frontRewrite|enabled_48                                                        ;        ;
; pifoEngines_2|deque_frontRewrite|enabled_12                                                        ;        ;
; pifoEngines_2|deque_frontRewrite|enabled_44                                                        ;        ;
; pifoEngines_0|enque_brain|brainStateMem_io_readRes_toStream_fifo|fifo|logic_ptr_pop[1]             ;        ;
; pifoEngines_2|deque_frontRewrite|enabled_40                                                        ;        ;
; pifoEngines_2|deque_frontRewrite|enabled_28                                                        ;        ;
; pifoEngines_2|deque_frontRewrite|enabled_60                                                        ;        ;
; xbar|_zz_io_outputs_3_payload_vPifoId[3]                                                           ;        ;
; xbar|_zz_io_outputs_3_payload_vPifoId[4]                                                           ;        ;
; xbar|_zz_io_outputs_3_payload_vPifoId[5]                                                           ;        ;
; xbar|_zz_io_outputs_3_payload_vPifoId[1]                                                           ;        ;
; xbar|_zz_io_outputs_3_payload_vPifoId[0]                                                           ;        ;
; xbar|streamArbiter_25|maskLocked_1                                                                 ;        ;
; xbar|streamArbiter_25|maskLocked_4                                                                 ;        ;
; pifoEngines_0|enque_brain|brainStateMem_io_readRes_toStream_fifo|fifo|logic_ptr_push[1]            ;        ;
; xbar|streamArbiter_25|maskLocked_2                                                                 ;        ;
; xbar|streamArbiter_25|maskLocked_3                                                                 ;        ;
; xbar|_zz_io_outputs_3_payload_vPifoId[2]                                                           ;        ;
; xbar|streamArbiter_25|locked                                                                       ;        ;
; xbar|_zz_io_outputs_3_valid_1                                                                      ;        ;
; xbar|streamArbiter_24|maskLocked_0                                                                 ;        ;
; xbar|streamArbiter_24|maskLocked_5                                                                 ;        ;
; pifoEngines_1|deque_frontRewrite|enabled_7                                                         ;        ;
; pifoEngines_1|deque_frontRewrite|enabled_39                                                        ;        ;
; pifoEngines_1|deque_frontRewrite|enabled_35                                                        ;        ;
; pifoEngines_0|enque_brain|brainStateMem_io_readRes_toStream_fifo|fifo|logic_ptr_pop[0]             ;        ;
; pifoEngines_1|deque_frontRewrite|enabled_23                                                        ;        ;
; pifoEngines_1|deque_frontRewrite|enabled_55                                                        ;        ;
; pifoEngines_1|deque_frontRewrite|enabled_19                                                        ;        ;
; pifoEngines_1|deque_frontRewrite|enabled_3                                                         ;        ;
; pifoEngines_1|deque_frontRewrite|enabled_51                                                        ;        ;
; pifoEngines_1|deque_frontRewrite|enabled_26                                                        ;        ;
; pifoEngines_1|deque_frontRewrite|enabled_10                                                        ;        ;
; pifoEngines_1|deque_frontRewrite|enabled_58                                                        ;        ;
; pifoEngines_1|deque_frontRewrite|enabled_15                                                        ;        ;
; pifoEngines_1|deque_frontRewrite|enabled_47                                                        ;        ;
; pifoEngines_0|enque_brain|brainStateMem_io_readRes_toStream_fifo|fifo|logic_ptr_push[0]            ;        ;
; pifoEngines_1|deque_frontRewrite|enabled_43                                                        ;        ;
; pifoEngines_1|deque_frontRewrite|enabled_31                                                        ;        ;
; pifoEngines_1|deque_frontRewrite|enabled_63                                                        ;        ;
; pifoEngines_1|deque_frontRewrite|enabled_27                                                        ;        ;
; pifoEngines_1|deque_frontRewrite|enabled_11                                                        ;        ;
; pifoEngines_1|deque_frontRewrite|enabled_59                                                        ;        ;
; pifoEngines_1|deque_frontRewrite|enabled_6                                                         ;        ;
; pifoEngines_1|deque_frontRewrite|enabled_38                                                        ;        ;
; pifoEngines_1|deque_frontRewrite|enabled_34                                                        ;        ;
; pifoEngines_1|deque_frontRewrite|enabled_22                                                        ;        ;
; pifoEngines_0|enque_brain|engineCAM_io_readRes_toStream_fifo|fifo|logic_ptr_pop[1]                 ;        ;
; pifoEngines_1|deque_frontRewrite|enabled_54                                                        ;        ;
; pifoEngines_1|deque_frontRewrite|enabled_18                                                        ;        ;
; pifoEngines_1|deque_frontRewrite|enabled_2                                                         ;        ;
; pifoEngines_1|deque_frontRewrite|enabled_50                                                        ;        ;
; pifoEngines_1|deque_frontRewrite|enabled_14                                                        ;        ;
; pifoEngines_1|deque_frontRewrite|enabled_46                                                        ;        ;
; pifoEngines_1|deque_frontRewrite|enabled_42                                                        ;        ;
; pifoEngines_1|deque_frontRewrite|enabled_30                                                        ;        ;
; pifoEngines_1|deque_frontRewrite|enabled_62                                                        ;        ;
; pifoEngines_1|deque_frontRewrite|enabled_5                                                         ;        ;
; pifoEngines_0|enque_brain|engineCAM_io_readRes_toStream_fifo|fifo|logic_ptr_push[1]                ;        ;
; pifoEngines_1|deque_frontRewrite|enabled_37                                                        ;        ;
; pifoEngines_1|deque_frontRewrite|enabled_33                                                        ;        ;
; pifoEngines_1|deque_frontRewrite|enabled_21                                                        ;        ;
; pifoEngines_1|deque_frontRewrite|enabled_53                                                        ;        ;
; pifoEngines_1|deque_frontRewrite|enabled_17                                                        ;        ;
; pifoEngines_1|deque_frontRewrite|enabled_1                                                         ;        ;
; pifoEngines_1|deque_frontRewrite|enabled_49                                                        ;        ;
; pifoEngines_1|deque_frontRewrite|enabled_24                                                        ;        ;
; pifoEngines_1|deque_frontRewrite|enabled_8                                                         ;        ;
; pifoEngines_1|deque_frontRewrite|enabled_56                                                        ;        ;
; pifoEngines_0|enque_brain|engineCAM_io_readRes_toStream_fifo|fifo|logic_ptr_pop[0]                 ;        ;
; pifoEngines_1|deque_frontRewrite|enabled_13                                                        ;        ;
; pifoEngines_1|deque_frontRewrite|enabled_45                                                        ;        ;
; pifoEngines_1|deque_frontRewrite|enabled_41                                                        ;        ;
; pifoEngines_1|deque_frontRewrite|enabled_29                                                        ;        ;
; pifoEngines_1|deque_frontRewrite|enabled_61                                                        ;        ;
; pifoEngines_1|deque_frontRewrite|enabled_25                                                        ;        ;
; pifoEngines_1|deque_frontRewrite|enabled_9                                                         ;        ;
; pifoEngines_1|deque_frontRewrite|enabled_57                                                        ;        ;
; pifoEngines_1|deque_frontRewrite|enabled_4                                                         ;        ;
; pifoEngines_1|deque_frontRewrite|enabled_36                                                        ;        ;
+----------------------------------------------------------------------------------------------------+--------+


Status:		PASS
Severity:		High
Number of violations: 	0
Rule Parameters:      	max_violations = 5000
+-------------------------------------------------+
; LNT-30011 - Design Contains Combinational Loops ;
+-------------------------------------------------+


Status:		PASS
Severity:		Medium
Number of violations: 	0
Rule Parameters:      	max_violations = 5000
+-----------------------------------------------------------------------------------------------------------------+
; LNT-30017 - Register Output Driving Its Own Asynchronous Control Signal Directly or Through Combinational Logic ;
+-----------------------------------------------------------------------------------------------------------------+


Status:		PASS
Severity:		Medium
Number of violations: 	0
Rule Parameters:      	max_violations = 5000
+-----------------------------------------------+
; LNT-30023 - Reset Nets with Polarity Conflict ;
+-----------------------------------------------+


Status:		PASS
Severity:		Medium
Number of violations: 	0
Rule Parameters:      	max_violations = 5000
+-------------------------------------------------+
; RES-30132 - Registers May Not Be Properly Reset ;
+-------------------------------------------------+


Status:		PASS
Severity:		Medium
Number of violations: 	0
Rule Parameters:      	
		max_violations = 5000
		exclude_ram_blocks_without_mif = True
+---------------------------------------------------------------------------------------------------------------------+
; RES-30133 - Embedded Memory Blocks with Initialized Content That Might be Modified Before the FPGA Enters User Mode ;
+---------------------------------------------------------------------------------------------------------------------+


Status:		PASS
Severity:		Medium
Number of violations: 	0
Rule Parameters:      	max_violations = 5000
+--------------------------------------------------------+
; TMC-20052 - Paths with Post Synthesis Inferred Latches ;
+--------------------------------------------------------+


Status:		PASS
Severity:		Low
Number of violations: 	0
Rule Parameters:      	max_violations = 5000
+------------------------------------------------+
; FLP-10500 - Non Driving Top Level Inputs Found ;
+------------------------------------------------+


Status:		PASS
Severity:		Low
Number of violations: 	0
Rule Parameters:      	max_violations = 5000
+--------------------------------------------------------------+
; LNT-30010 - Nets Driving both Reset and Clock Enable Signals ;
+--------------------------------------------------------------+


Status:		PASS
Severity:		Low
Number of violations: 	0
Rule Parameters:      	
		max_violations = 5000
		DSP_Chain_Threshold = 2
		DSP_Check_User_WYSIWYGs = True
+--------------------------------------------------------------+
; LNT-50006 - DSP Control Signal Registers Reset Mode Mismatch ;
+--------------------------------------------------------------+


Status:		PASS
Severity:		Low
Number of violations: 	0
Rule Parameters:      	
		max_violations = 5000
		DSP_High_Fanout_Net_Threshold = 500
		DSP_Chain_Threshold = 2
		DSP_Check_User_WYSIWYGs = True
+---------------------------------------------------+
; TMC-20053 - DSP Inputs Driven by High Fan-Out Net ;
+---------------------------------------------------+


Status:		PASS
Severity:		Low
Number of violations: 	0
Rule Parameters:      	max_violations = 5000
+-----------------------------------------------------------------------+
; TMC-20500 - Hierarchical Tree Duplication was Shallower than Possible ;
+-----------------------------------------------------------------------+


Status:		PASS
Severity:		Low
Number of violations: 	0
Rule Parameters:      	max_violations = 5000
+------------------------------------------------------------------------+
; TMC-20501 - Hierarchical Tree Duplication was Shallower than Requested ;
+------------------------------------------------------------------------+


