request_id,global_flow_id,size_bytes,arrival_cycle,admitted_cycle,completed_cycle,admission_delay_cycles,sojourn_cycles
1,1,48,0,1,24,1,24
3,3,48,5,7,27,2,22
2,2,48,3,4,30,1,27
4,4,48,8,10,33,2,25
6,6,48,14,16,36,2,22
7,7,48,16,17,39,1,23
5,5,48,11,12,42,1,31
8,8,48,19,21,45,2,26
9,9,48,22,23,48,1,26
12,12,48,30,31,51,1,21
10,10,48,25,26,54,1,29
11,11,48,27,28,57,1,30
13,13,48,33,34,60,1,27
15,15,48,38,39,63,1,25
14,14,48,35,37,66,2,31
16,16,48,41,43,69,2,28
18,18,48,46,47,72,1,26
19,19,48,49,50,75,1,26
17,17,48,44,46,78,2,34
20,20,48,52,54,81,2,29
21,21,48,55,56,84,1,29
24,24,48,63,64,87,1,24
22,22,48,57,59,90,2,33
23,23,48,60,61,93,1,33
25,25,48,65,67,96,2,31
27,27,48,71,72,99,1,28
30,30,48,79,81,102,2,23
26,26,48,68,70,105,2,37
28,28,48,74,76,108,2,34
29,29,48,76,77,111,1,35
31,31,48,82,83,114,1,32
33,33,48,87,88,117,1,30
32,32,48,85,86,120,1,35
34,34,48,90,91,123,1,33
36,36,48,95,97,126,2,31
37,37,48,98,99,129,1,31
39,39,48,104,106,132,2,28
35,35,48,93,94,135,1,42
38,38,48,101,103,138,2,37
40,40,48,106,107,141,1,35
42,42,48,112,114,144,2,32
43,43,48,115,116,147,1,32
45,45,48,120,121,150,1,30
41,41,48,109,110,153,1,44
44,44,48,117,119,156,2,39
46,46,48,123,124,159,1,36
48,48,48,128,130,162,2,34
49,49,48,131,132,165,1,34
51,51,48,136,137,168,1,32
47,47,48,125,127,171,2,46
50,50,48,134,136,174,2,40
52,52,48,139,141,177,2,38
54,54,48,145,146,180,1,35
55,55,48,147,148,183,1,36
57,57,48,153,154,186,1,33
53,53,48,142,143,189,1,47
56,56,48,150,151,192,1,42
58,58,48,155,157,195,2,40
60,60,48,161,163,198,2,37
61,61,48,164,166,201,2,37
63,63,48,169,170,204,1,35
65,1,48,175,176,207,1,32
59,59,48,158,159,210,1,52
62,62,48,166,167,213,1,47
64,64,48,172,174,216,2,44
66,2,48,178,179,219,1,41
67,3,48,180,181,222,1,42
70,6,48,189,190,225,1,36
71,7,48,191,192,228,1,37
68,4,48,183,184,231,1,48
69,5,48,186,187,234,1,48
72,8,48,194,196,237,2,43
73,9,48,197,199,240,2,43
76,12,48,205,206,243,1,38
77,13,48,208,209,246,1,38
79,15,48,213,214,249,1,36
74,10,48,200,201,252,1,52
75,11,48,202,204,255,2,53
78,14,48,210,211,258,1,48
80,16,48,216,217,261,1,45
82,18,48,221,222,264,1,43
83,19,48,224,226,267,2,43
85,21,48,230,231,270,1,40
88,24,48,238,239,273,1,35
81,17,48,219,220,276,1,57
84,20,48,227,229,279,2,52
86,22,48,232,234,282,2,50
87,23,48,235,236,285,1,50
89,25,48,240,241,288,1,48
91,27,48,246,247,291,1,45
94,30,48,254,256,294,2,40
95,31,48,257,259,297,2,40
90,26,48,243,244,300,1,57
92,28,48,249,250,303,1,54
93,29,48,251,252,306,1,55
96,32,48,260,261,309,1,49
97,33,48,262,264,312,2,50
100,36,48,270,271,315,1,45
101,37,48,273,274,318,1,45
103,39,48,279,280,321,1,42
106,42,48,287,289,324,2,37
98,34,48,265,266,327,1,62
99,35,48,268,269,330,1,62
102,38,48,276,277,333,1,57
104,40,48,281,282,336,1,55
105,41,48,284,286,339,2,55
107,43,48,290,291,342,1,52
109,45,48,295,296,345,1,50
112,48,48,303,304,348,1,45
113,49,48,306,307,351,1,45
115,51,48,311,312,354,1,43
108,44,48,292,294,357,2,65
110,46,48,298,299,360,1,62
111,47,48,300,301,363,1,63
114,50,48,309,310,366,1,57
116,52,48,314,316,369,2,55
118,54,48,320,321,372,1,52
119,55,48,322,324,375,2,53
121,57,48,328,329,378,1,50
124,60,48,336,337,381,1,45
125,61,48,339,340,384,1,45
117,53,48,317,319,387,2,70
120,56,48,325,326,390,1,65
122,58,48,330,331,393,1,63
123,59,48,333,334,396,1,63
126,62,48,341,342,399,1,58
127,63,48,344,346,402,2,58
129,1,48,349,350,405,1,56
131,3,48,354,355,408,1,54
134,6,48,363,364,411,1,48
135,7,48,365,366,414,1,49
137,9,48,371,373,417,2,46
128,64,48,347,349,420,2,73
130,2,48,352,353,423,1,71
132,4,48,357,358,426,1,69
133,5,48,360,361,429,1,69
136,8,48,368,370,432,2,64
138,10,48,374,375,435,1,61
140,12,48,379,380,438,1,59
141,13,48,382,383,441,1,59
143,15,48,387,388,444,1,57
146,18,48,395,396,447,1,52
147,19,48,398,400,450,2,52
149,21,48,404,405,453,1,49
139,11,48,376,378,456,2,80
142,14,48,384,385,459,1,75
144,16,48,390,391,462,1,72
145,17,48,393,394,465,1,72
148,20,48,401,403,468,2,67
150,22,48,406,408,471,2,65
152,24,48,412,413,474,1,62
153,25,48,414,415,477,1,63
155,27,48,420,421,480,1,60
158,30,48,428,430,483,2,55
159,31,48,431,433,486,2,55
161,33,48,436,438,489,2,53
164,36,48,444,445,492,1,48
151,23,48,409,410,495,1,86
154,26,48,417,418,498,1,81
156,28,48,423,424,501,1,78
157,29,48,425,426,504,1,79
160,32,48,434,435,507,1,73
162,34,48,439,440,510,1,71
163,35,48,442,443,513,1,71
165,37,48,447,448,516,1,69
167,39,48,453,454,519,1,66
170,42,48,461,463,522,2,61
171,43,48,464,465,525,1,61
173,45,48,469,470,528,1,59
176,48,48,477,478,531,1,54
177,49,48,480,481,534,1,54
166,38,48,450,451,537,1,87
168,40,48,455,456,540,1,85
169,41,48,458,460,543,2,85
172,44,48,466,468,546,2,80
174,46,48,472,473,549,1,77
175,47,48,474,475,552,1,78
178,50,48,483,484,555,1,72
179,51,48,485,486,558,1,73
182,54,48,494,495,561,1,67
183,55,48,496,498,564,2,68
185,57,48,502,503,567,1,65
188,60,48,510,511,570,1,60
189,61,48,513,514,573,1,60
191,63,48,518,520,576,2,58
180,52,48,488,490,579,2,91
181,53,48,491,493,582,2,91
184,56,48,499,500,585,1,86
186,58,48,504,505,588,1,84
187,59,48,507,508,591,1,84
190,62,48,515,516,594,1,79
192,64,48,521,523,597,2,76
193,1,48,524,525,600,1,76
195,3,48,529,530,603,1,74
198,6,48,538,539,606,1,68
199,7,48,540,541,609,1,69
201,9,48,546,547,612,1,66
204,12,48,554,556,615,2,61
205,13,48,557,559,618,2,61
207,15,48,562,563,621,1,59
194,2,48,527,529,624,2,97
196,4,48,532,534,627,2,95
197,5,48,535,536,630,1,95
200,8,48,543,544,633,1,90
202,10,48,549,550,636,1,87
203,11,48,551,552,639,1,88
206,14,48,559,560,642,1,83
208,16,48,565,567,645,2,80
210,18,48,570,572,648,2,78
211,19,48,573,574,651,1,78
213,21,48,579,580,654,1,75
216,24,48,587,589,657,2,70
217,25,48,589,590,660,1,71
219,27,48,595,596,663,1,68
222,30,48,603,604,666,1,63
223,31,48,606,607,669,1,63
209,17,48,568,569,672,1,104
212,20,48,576,577,675,1,99
214,22,48,581,583,678,2,97
215,23,48,584,585,681,1,97
218,26,48,592,594,684,2,92
220,28,48,598,599,687,1,89
221,29,48,600,601,690,1,90
224,32,48,609,610,693,1,84
225,33,48,611,612,696,1,85
228,36,48,619,620,699,1,80
229,37,48,622,623,702,1,80
231,39,48,628,629,705,1,77
234,42,48,636,637,708,1,72
235,43,48,639,640,711,1,72
237,45,48,644,645,714,1,70
240,48,48,652,654,717,2,65
241,49,48,655,656,720,1,65
226,34,48,614,616,723,2,109
227,35,48,617,619,726,2,109
230,38,48,625,627,729,2,104
232,40,48,630,632,732,2,102
233,41,48,633,634,735,1,102
236,44,48,641,643,738,2,97
238,46,48,647,649,741,2,94
239,47,48,649,650,744,1,95
242,50,48,658,659,747,1,89
243,51,48,660,661,750,1,90
246,54,48,669,670,753,1,84
247,55,48,671,672,756,1,85
249,57,48,677,679,759,2,82
252,60,48,685,687,762,2,77
253,61,48,688,689,765,1,77
255,63,48,693,694,768,1,75
257,1,48,698,700,771,2,73
259,3,48,703,704,774,1,71
244,52,48,663,664,777,1,114
245,53,48,666,667,780,1,114
248,56,48,674,676,783,2,109
250,58,48,679,680,786,1,107
251,59,48,682,683,789,1,107
254,62,48,690,692,792,2,102
256,64,48,696,697,795,1,99
258,2,48,701,703,798,2,97
260,4,48,706,707,801,1,95
262,6,48,712,713,804,1,92
263,7,48,714,716,807,2,93
265,9,48,720,721,810,1,90
268,12,48,728,729,813,1,85
269,13,48,731,733,816,2,85
271,15,48,736,738,819,2,83
274,18,48,744,745,822,1,78
275,19,48,747,748,825,1,78
277,21,48,753,754,828,1,75
280,24,48,761,763,831,2,70
281,25,48,763,764,834,1,71
261,5,48,709,711,837,2,128
264,8,48,717,718,840,1,123
266,10,48,723,724,843,1,120
267,11,48,725,727,846,2,121
270,14,48,733,734,849,1,116
272,16,48,739,740,852,1,113
273,17,48,742,743,855,1,113
276,20,48,750,751,858,1,108
278,22,48,755,756,861,1,106
279,23,48,758,760,864,2,106
282,26,48,766,767,867,1,101
283,27,48,769,771,870,2,101
286,30,48,777,778,873,1,96
287,31,48,780,781,876,1,96
289,33,48,785,787,879,2,94
292,36,48,793,794,882,1,89
293,37,48,796,798,885,2,89
295,39,48,802,803,888,1,86
298,42,48,810,811,891,1,81
299,43,48,813,814,894,1,81
301,45,48,818,820,897,2,79
304,48,48,826,827,900,1,74
284,28,48,772,773,903,1,131
285,29,48,774,776,906,2,132
288,32,48,783,784,909,1,126
290,34,48,788,789,912,1,124
291,35,48,791,793,915,2,124
294,38,48,799,800,918,1,119
296,40,48,804,805,921,1,117
297,41,48,807,808,924,1,117
300,44,48,815,816,927,1,112
302,46,48,821,823,930,2,109
303,47,48,823,824,933,1,110
305,49,48,829,831,936,2,107
307,51,48,834,836,939,2,105
310,54,48,843,844,942,1,99
311,55,48,845,847,945,2,100
313,57,48,851,853,948,2,97
316,60,48,859,860,951,1,92
317,61,48,862,863,954,1,92
319,63,48,867,868,957,1,90
321,1,48,873,874,960,1,87
323,3,48,878,880,963,2,85
326,6,48,887,889,966,2,79
327,7,48,889,890,969,1,80
306,50,48,832,833,972,1,140
308,52,48,837,838,975,1,138
309,53,48,840,841,978,1,138
312,56,48,848,849,981,1,133
314,58,48,853,854,984,1,131
315,59,48,856,858,987,2,131
318,62,48,864,865,990,1,126
320,64,48,870,871,993,1,123
322,2,48,876,877,996,1,120
324,4,48,881,883,999,2,118
325,5,48,884,885,1002,1,118
328,8,48,892,894,1005,2,113
329,9,48,895,896,1008,1,113
332,12,48,903,904,1011,1,108
333,13,48,906,907,1014,1,108
335,15,48,911,912,1017,1,106
338,18,48,919,920,1020,1,101
339,19,48,922,923,1023,1,101
341,21,48,928,929,1026,1,98
344,24,48,936,937,1029,1,93
345,25,48,938,940,1032,2,94
347,27,48,944,945,1035,1,91
350,30,48,952,954,1038,2,86
351,31,48,955,956,1041,1,86
330,10,48,898,899,1044,1,146
331,11,48,900,901,1047,1,147
334,14,48,908,910,1050,2,142
336,16,48,914,916,1053,2,139
337,17,48,917,919,1056,2,139
340,20,48,925,927,1059,2,134
342,22,48,930,932,1062,2,132
343,23,48,933,934,1065,1,132
346,26,48,941,943,1068,2,127
348,28,48,947,949,1071,2,124
349,29,48,949,950,1074,1,125
352,32,48,958,959,1077,1,119
353,33,48,960,961,1080,1,120
356,36,48,968,970,1083,2,115
357,37,48,971,972,1086,1,115
359,39,48,977,979,1089,2,112
362,42,48,985,987,1092,2,107
363,43,48,988,989,1095,1,107
365,45,48,993,994,1098,1,105
368,48,48,1001,1003,1101,2,100
369,49,48,1004,1005,1104,1,100
371,51,48,1009,1010,1107,1,98
374,54,48,1018,1019,1110,1,92
375,55,48,1020,1021,1113,1,93
377,57,48,1026,1027,1116,1,90
354,34,48,963,964,1119,1,156
355,35,48,966,967,1122,1,156
358,38,48,974,976,1125,2,151
360,40,48,979,980,1128,1,149
361,41,48,982,983,1131,1,149
364,44,48,990,992,1134,2,144
366,46,48,996,997,1137,1,141
367,47,48,998,1000,1140,2,142
370,50,48,1007,1009,1143,2,136
372,52,48,1012,1014,1146,2,134
373,53,48,1015,1016,1149,1,134
376,56,48,1023,1024,1152,1,129
378,58,48,1028,1030,1155,2,127
380,60,48,1034,1036,1158,2,124
381,61,48,1037,1039,1161,2,124
383,63,48,1042,1043,1164,1,122
385,1,48,1047,1048,1167,1,120
387,3,48,1052,1054,1170,2,118
390,6,48,1061,1063,1173,2,112
391,7,48,1063,1064,1176,1,113
393,9,48,1069,1070,1179,1,110
396,12,48,1077,1078,1182,1,105
397,13,48,1080,1081,1185,1,105
399,15,48,1085,1086,1188,1,103
402,18,48,1093,1094,1191,1,98
403,19,48,1096,1097,1194,1,98
405,21,48,1102,1103,1197,1,95
379,59,48,1031,1032,1200,1,169
382,62,48,1039,1040,1203,1,164
384,64,48,1045,1047,1206,2,161
386,2,48,1050,1051,1209,1,159
388,4,48,1055,1057,1212,2,157
389,5,48,1058,1059,1215,1,157
392,8,48,1066,1068,1218,2,152
394,10,48,1072,1073,1221,1,149
395,11,48,1074,1075,1224,1,150
398,14,48,1082,1084,1227,2,145
400,16,48,1088,1090,1230,2,142
401,17,48,1091,1093,1233,2,142
404,20,48,1099,1101,1236,2,137
406,22,48,1104,1106,1239,2,135
408,24,48,1110,1111,1242,1,132
409,25,48,1112,1114,1245,2,133
411,27,48,1118,1119,1248,1,130
414,30,48,1126,1128,1251,2,125
415,31,48,1129,1130,1254,1,125
417,33,48,1134,1135,1257,1,123
420,36,48,1142,1144,1260,2,118
421,37,48,1145,1146,1263,1,118
423,39,48,1151,1153,1266,2,115
426,42,48,1159,1161,1269,2,110
427,43,48,1162,1163,1272,1,110
429,45,48,1167,1168,1275,1,108
432,48,48,1175,1177,1278,2,103
433,49,48,1178,1179,1281,1,103
435,51,48,1183,1184,1284,1,101
407,23,48,1107,1108,1287,1,180
410,26,48,1115,1117,1290,2,175
412,28,48,1121,1123,1293,2,172
413,29,48,1123,1124,1296,1,173
416,32,48,1132,1133,1299,1,167
418,34,48,1137,1138,1302,1,165
419,35,48,1140,1141,1305,1,165
422,38,48,1148,1150,1308,2,160
424,40,48,1153,1154,1311,1,158
425,41,48,1156,1157,1314,1,158
428,44,48,1164,1166,1317,2,153
430,46,48,1170,1171,1320,1,150
431,47,48,1172,1174,1323,2,151
434,50,48,1181,1183,1326,2,145
436,52,48,1186,1188,1329,2,143
438,54,48,1192,1193,1332,1,140
439,55,48,1194,1195,1335,1,141
441,57,48,1200,1201,1338,1,138
444,60,48,1208,1210,1341,2,133
445,61,48,1211,1213,1344,2,133
447,63,48,1216,1217,1347,1,131
449,1,48,1222,1223,1350,1,128
451,3,48,1227,1228,1353,1,126
454,6,48,1236,1237,1356,1,120
455,7,48,1238,1239,1359,1,121
457,9,48,1244,1246,1362,2,118
460,12,48,1252,1253,1365,1,113
461,13,48,1255,1256,1368,1,113
463,15,48,1260,1261,1371,1,111
466,18,48,1268,1269,1374,1,106
467,19,48,1271,1273,1377,2,106
437,53,48,1189,1190,1380,1,191
503,55,48,1369,1371,1383,2,14
442,58,48,1202,1204,1386,2,184
443,59,48,1205,1206,1389,1,184
446,62,48,1213,1214,1392,1,179
448,64,48,1219,1221,1395,2,176
450,2,48,1225,1226,1398,1,173
452,4,48,1230,1231,1401,1,171
453,5,48,1233,1234,1404,1,171
456,8,48,1241,1243,1407,2,166
458,10,48,1247,1248,1410,1,163
459,11,48,1249,1251,1413,2,164
462,14,48,1257,1258,1416,1,159
464,16,48,1263,1264,1419,1,156
465,17,48,1266,1267,1422,1,156
468,20,48,1274,1276,1425,2,151
469,21,48,1277,1278,1428,1,151
472,24,48,1285,1286,1431,1,146
473,25,48,1287,1288,1434,1,147
475,27,48,1293,1294,1437,1,144
478,30,48,1301,1303,1440,2,139
479,31,48,1304,1306,1443,2,139
481,33,48,1309,1311,1446,2,137
484,36,48,1317,1318,1449,1,132
485,37,48,1320,1321,1452,1,132
487,39,48,1326,1327,1455,1,129
490,42,48,1334,1336,1458,2,124
491,43,48,1337,1338,1461,1,124
493,45,48,1342,1343,1464,1,122
496,48,48,1350,1351,1467,1,117
497,49,48,1353,1354,1470,1,117
499,51,48,1358,1359,1473,1,115
470,22,48,1279,1281,1476,2,197
471,23,48,1282,1283,1479,1,197
537,25,48,1461,1462,1482,1,21
476,28,48,1296,1297,1485,1,189
477,29,48,1298,1299,1488,1,190
543,31,48,1478,1480,1491,2,13
482,34,48,1312,1313,1494,1,182
483,35,48,1315,1316,1497,1,182
486,38,48,1323,1324,1500,1,177
488,40,48,1328,1329,1503,1,175
489,41,48,1331,1333,1506,2,175
492,44,48,1339,1341,1509,2,170
494,46,48,1345,1346,1512,1,167
495,47,48,1347,1348,1515,1,168
498,50,48,1356,1357,1518,1,162
500,52,48,1361,1363,1521,2,160
502,54,48,1367,1368,1524,1,157
440,56,48,1197,1198,1527,1,330
505,57,48,1375,1376,1530,1,155
508,60,48,1383,1384,1533,1,150
509,61,48,1386,1387,1536,1,150
511,63,48,1391,1393,1539,2,148
513,1,48,1396,1397,1542,1,146
515,3,48,1401,1402,1545,1,144
518,6,48,1410,1411,1548,1,138
519,7,48,1412,1413,1551,1,139
521,9,48,1418,1420,1554,2,136
524,12,48,1426,1427,1557,1,131
525,13,48,1429,1430,1560,1,131
527,15,48,1434,1435,1563,1,129
530,18,48,1442,1443,1566,1,124
531,19,48,1445,1447,1569,2,124
566,54,48,1541,1542,1572,1,31
567,55,48,1543,1545,1575,2,32
506,58,48,1377,1378,1578,1,201
507,59,48,1380,1381,1581,1,201
573,61,48,1560,1561,1584,1,24
512,64,48,1394,1396,1587,2,193
577,1,48,1571,1572,1590,1,19
516,4,48,1404,1405,1593,1,189
517,5,48,1407,1408,1596,1,189
583,7,48,1587,1588,1599,1,12
522,10,48,1421,1422,1602,1,181
523,11,48,1423,1425,1605,2,182
526,14,48,1431,1432,1608,1,177
528,16,48,1437,1438,1611,1,174
529,17,48,1440,1441,1614,1,174
532,20,48,1448,1450,1617,2,169
533,21,48,1451,1452,1620,1,169
536,24,48,1459,1460,1623,1,164
474,26,48,1290,1291,1626,1,336
539,27,48,1467,1468,1629,1,162
542,30,48,1475,1477,1632,2,157
480,32,48,1307,1308,1635,1,328
545,33,48,1483,1485,1638,2,155
548,36,48,1491,1492,1641,1,150
549,37,48,1494,1495,1644,1,150
551,39,48,1500,1501,1647,1,147
554,42,48,1508,1510,1650,2,142
555,43,48,1511,1512,1653,1,142
557,45,48,1516,1517,1656,1,140
560,48,48,1524,1525,1659,1,135
561,49,48,1527,1528,1662,1,135
563,51,48,1532,1533,1665,1,133
534,22,48,1453,1455,1668,2,215
600,24,48,1634,1636,1671,2,37
601,25,48,1636,1637,1674,1,38
540,28,48,1470,1471,1677,1,207
606,30,48,1650,1651,1680,1,30
607,31,48,1653,1654,1683,1,30
546,34,48,1486,1487,1686,1,200
547,35,48,1489,1490,1689,1,200
613,37,48,1669,1670,1692,1,23
552,40,48,1502,1503,1695,1,193
553,41,48,1505,1507,1698,2,193
619,43,48,1686,1687,1701,1,15
558,46,48,1519,1520,1704,1,185
559,47,48,1521,1522,1707,1,186
562,50,48,1530,1531,1710,1,180
564,52,48,1535,1537,1713,2,178
501,53,48,1364,1366,1716,2,352
504,56,48,1372,1373,1719,1,347
569,57,48,1549,1550,1722,1,173
572,60,48,1557,1558,1725,1,168
510,62,48,1388,1389,1728,1,340
575,63,48,1565,1567,1731,2,166
514,2,48,1399,1400,1734,1,335
579,3,48,1576,1577,1737,1,161
582,6,48,1585,1586,1740,1,155
520,8,48,1415,1417,1743,2,328
585,9,48,1593,1594,1746,1,153
588,12,48,1601,1603,1749,2,148
589,13,48,1604,1606,1752,2,148
591,15,48,1609,1610,1755,1,146
594,18,48,1617,1619,1758,2,141
595,19,48,1620,1621,1761,1,141
630,54,48,1716,1717,1764,1,48
631,55,48,1718,1719,1767,1,49
570,58,48,1551,1552,1770,1,219
636,60,48,1732,1734,1773,2,41
637,61,48,1735,1736,1776,1,41
576,64,48,1568,1570,1779,2,211
641,1,48,1745,1747,1782,2,37
580,4,48,1579,1581,1785,2,206
646,6,48,1759,1760,1788,1,29
647,7,48,1761,1763,1791,2,30
586,10,48,1596,1597,1794,1,198
587,11,48,1598,1599,1797,1,199
653,13,48,1778,1780,1800,2,22
592,16,48,1612,1614,1803,2,191
593,17,48,1615,1616,1806,1,191
659,19,48,1794,1795,1809,1,15
597,21,48,1626,1627,1812,1,186
535,23,48,1456,1457,1815,1,359
538,26,48,1464,1465,1818,1,354
603,27,48,1642,1643,1821,1,179
541,29,48,1472,1473,1824,1,352
544,32,48,1481,1482,1827,1,346
609,33,48,1658,1659,1830,1,172
612,36,48,1666,1667,1833,1,167
550,38,48,1497,1498,1836,1,339
615,39,48,1675,1676,1839,1,164
618,42,48,1683,1684,1842,1,159
556,44,48,1513,1515,1845,2,332
621,45,48,1691,1692,1848,1,157
624,48,48,1699,1701,1851,2,152
625,49,48,1702,1703,1854,1,152
627,51,48,1707,1708,1857,1,150
598,22,48,1628,1630,1860,2,232
664,24,48,1808,1810,1863,2,55
665,25,48,1810,1811,1866,1,56
604,28,48,1645,1646,1869,1,224
670,30,48,1824,1825,1872,1,48
671,31,48,1827,1828,1875,1,48
610,34,48,1661,1663,1878,2,217
676,36,48,1840,1841,1881,1,41
677,37,48,1843,1845,1884,2,41
616,40,48,1677,1679,1887,2,210
682,42,48,1857,1858,1890,1,33
683,43,48,1860,1861,1893,1,33
622,46,48,1694,1696,1896,2,202
623,47,48,1696,1697,1899,1,203
689,49,48,1876,1878,1902,2,26
628,52,48,1710,1711,1905,1,195
565,53,48,1538,1540,1908,2,370
695,55,48,1892,1894,1911,2,19
633,57,48,1724,1726,1914,2,190
571,59,48,1554,1555,1917,1,363
574,62,48,1562,1563,1920,1,358
639,63,48,1740,1741,1923,1,183
578,2,48,1574,1576,1926,2,352
643,3,48,1750,1751,1929,1,179
581,5,48,1582,1583,1932,1,350
584,8,48,1590,1591,1935,1,345
649,9,48,1767,1768,1938,1,171
652,12,48,1775,1776,1941,1,166
590,14,48,1606,1607,1944,1,338
655,15,48,1783,1785,1947,2,164
658,18,48,1791,1792,1950,1,159
596,20,48,1623,1624,1953,1,330
694,54,48,1890,1891,1956,1,66
568,56,48,1546,1547,1959,1,413
634,58,48,1726,1727,1962,1,236
700,60,48,1906,1907,1965,1,59
701,61,48,1909,1910,1968,1,59
640,64,48,1743,1744,1971,1,228
705,1,48,1920,1921,1974,1,54
644,4,48,1753,1754,1977,1,224
710,6,48,1934,1936,1980,2,46
711,7,48,1936,1937,1983,1,47
650,10,48,1770,1771,1986,1,216
716,12,48,1950,1951,1989,1,39
717,13,48,1953,1954,1992,1,39
656,16,48,1786,1787,1995,1,209
722,18,48,1966,1967,1998,1,32
723,19,48,1969,1970,2001,1,32
661,21,48,1800,1801,2004,1,204
599,23,48,1631,1632,2007,1,376
729,25,48,1985,1987,2010,2,25
667,27,48,1816,1818,2013,2,197
605,29,48,1647,1648,2016,1,369
608,32,48,1656,1657,2019,1,363
673,33,48,1832,1834,2022,2,190
611,35,48,1664,1666,2025,2,361
614,38,48,1672,1674,2028,2,356
679,39,48,1849,1850,2031,1,182
617,41,48,1680,1681,2034,1,354
620,44,48,1688,1690,2037,2,349
685,45,48,1865,1867,2040,2,175
688,48,48,1873,1874,2043,1,170
626,50,48,1705,1706,2046,1,341
691,51,48,1881,1883,2049,2,168
662,22,48,1802,1803,2052,1,250
728,24,48,1983,1984,2055,1,72
602,26,48,1639,1641,2058,2,419
668,28,48,1819,1820,2061,1,242
734,30,48,1999,2001,2064,2,65
672,32,48,1830,1831,2067,1,237
674,34,48,1835,1836,2070,1,235
675,35,48,1838,1840,2073,2,235
678,38,48,1846,1847,2076,1,230
680,40,48,1851,1852,2079,1,228
681,41,48,1854,1855,2082,1,228
684,44,48,1862,1863,2085,1,223
686,46,48,1868,1870,2088,2,220
687,47,48,1870,1871,2091,1,221
690,50,48,1879,1880,2094,1,215
692,52,48,1884,1885,2097,1,213
629,53,48,1713,1714,2100,1,387
632,56,48,1721,1723,2103,2,382
697,57,48,1898,1900,2106,2,208
635,59,48,1729,1730,2109,1,380
638,62,48,1737,1739,2112,2,375
703,63,48,1914,1915,2115,1,201
735,1,48,2000,2002,2118,2,118
707,3,48,1925,1927,2121,2,196
645,5,48,1756,1758,2124,2,368
741,7,48,2016,2018,2127,2,111
713,9,48,1942,1943,2130,1,188
651,11,48,1772,1774,2133,2,361
747,13,48,2033,2039,2136,6,103
719,15,48,1958,1959,2139,1,181
657,17,48,1789,1790,2142,1,353
753,19,48,2049,2050,2145,1,96
693,53,48,1887,1888,2148,1,261
696,56,48,1895,1896,2151,1,256
698,58,48,1900,1901,2154,1,254
699,59,48,1903,1905,2157,2,254
702,62,48,1911,1912,2160,1,249
704,64,48,1917,1918,2163,1,246
642,2,48,1748,1750,2166,2,418
708,4,48,1928,1930,2169,2,241
740,6,48,2014,2015,2172,1,158
648,8,48,1764,1765,2175,1,411
714,10,48,1945,1946,2178,1,233
746,12,48,2030,2038,2181,8,151
654,14,48,1780,1781,2184,1,404
720,16,48,1961,1963,2187,2,226
752,18,48,2046,2047,2190,1,144
660,20,48,1797,1798,2193,1,396
725,21,48,1975,1976,2196,1,221
758,24,48,2063,2065,2199,2,136
759,25,48,2065,2066,2202,1,137
731,27,48,1991,1992,2205,1,214
764,30,48,2079,2080,2208,1,129
765,31,48,2082,2083,2211,1,129
767,33,48,2087,2088,2214,1,127
770,36,48,2095,2096,2217,1,122
771,37,48,2098,2099,2220,1,122
773,39,48,2104,2105,2223,1,119
776,42,48,2112,2113,2226,1,114
777,43,48,2115,2116,2229,1,114
779,45,48,2120,2121,2232,1,112
782,48,48,2128,2130,2235,2,107
783,49,48,2131,2132,2238,1,107
726,22,48,1977,1979,2241,2,264
663,23,48,1805,1807,2244,2,439
666,26,48,1813,1814,2247,1,434
732,28,48,1994,1996,2250,2,256
669,29,48,1821,1823,2253,2,432
801,1,48,2180,2181,2256,1,76
737,3,48,2005,2007,2259,2,254
806,6,48,2194,2195,2262,1,68
807,7,48,2196,2197,2265,1,69
743,9,48,2022,2035,2268,13,246
812,12,48,2210,2212,2271,2,61
813,13,48,2213,2215,2274,2,61
749,15,48,2038,2041,2277,3,239
818,18,48,2226,2228,2280,2,54
819,19,48,2229,2230,2283,1,54
831,31,48,2262,2263,2286,1,24
768,34,48,2090,2092,2289,2,199
769,35,48,2093,2095,2292,2,199
837,37,48,2278,2279,2295,1,17
774,40,48,2106,2108,2298,2,192
775,41,48,2109,2110,2301,1,192
778,44,48,2117,2119,2304,2,187
780,46,48,2123,2125,2307,2,184
781,47,48,2125,2126,2310,1,185
784,50,48,2134,2135,2313,1,179
785,51,48,2136,2137,2316,1,180
788,54,48,2145,2146,2319,1,174
789,55,48,2147,2148,2322,1,175
791,57,48,2153,2155,2325,2,172
794,60,48,2161,2163,2328,2,167
795,61,48,2164,2165,2331,1,167
797,63,48,2169,2170,2334,1,165
799,65,48,2175,2176,2337,1,162
706,2,48,1923,1924,2340,1,417
738,4,48,2008,2009,2343,1,335
709,5,48,1931,1932,2346,1,415
712,8,48,1939,1941,2349,2,410
744,10,48,2025,2036,2352,11,327
715,11,48,1947,1948,2355,1,408
718,14,48,1955,1957,2358,2,403
750,16,48,2041,2042,2361,1,320
721,17,48,1964,1966,2364,2,400
724,20,48,1972,1974,2367,2,395
755,21,48,2055,2056,2370,1,315
824,24,48,2243,2245,2373,2,130
825,25,48,2245,2246,2376,1,131
761,27,48,2071,2072,2379,1,308
830,30,48,2259,2260,2382,1,123
786,52,48,2139,2140,2385,1,246
787,53,48,2142,2143,2388,1,246
855,55,48,2327,2328,2391,1,64
792,58,48,2155,2156,2394,1,239
793,59,48,2158,2159,2397,1,239
861,61,48,2344,2345,2400,1,56
798,64,48,2172,2173,2403,1,231
865,65,48,2355,2356,2406,1,51
766,32,48,2085,2086,2409,1,324
833,33,48,2267,2268,2412,1,145
836,36,48,2275,2276,2415,1,140
772,38,48,2101,2103,2418,2,317
839,39,48,2284,2285,2421,1,137
842,42,48,2292,2293,2424,1,132
843,43,48,2295,2296,2427,1,132
845,45,48,2300,2301,2430,1,130
848,48,48,2308,2310,2433,2,125
849,49,48,2311,2312,2436,1,125
756,22,48,2057,2059,2439,2,382
727,23,48,1980,1981,2442,1,462
891,25,48,2425,2426,2445,1,20
762,28,48,2074,2075,2448,1,374
733,29,48,1996,1997,2451,1,455
867,1,48,2360,2361,2454,1,94
803,3,48,2185,2186,2457,1,272
872,6,48,2374,2375,2460,1,86
873,7,48,2376,2377,2463,1,87
809,9,48,2202,2203,2466,1,264
878,12,48,2390,2392,2469,2,79
879,13,48,2393,2395,2472,2,79
815,15,48,2218,2219,2475,1,257
884,18,48,2406,2408,2478,2,72
885,19,48,2409,2410,2481,1,72
897,31,48,2442,2443,2484,1,42
834,34,48,2270,2272,2487,2,217
902,36,48,2455,2456,2490,1,35
903,37,48,2458,2459,2493,1,35
840,40,48,2286,2288,2496,2,210
841,41,48,2289,2290,2499,1,210
909,43,48,2475,2476,2502,1,27
846,46,48,2303,2305,2505,2,202
847,47,48,2305,2306,2508,1,203
915,49,48,2491,2492,2511,1,20
851,51,48,2316,2317,2514,1,198
854,54,48,2325,2326,2517,1,192
921,55,48,2507,2508,2520,1,13
857,57,48,2333,2335,2523,2,190
860,60,48,2341,2343,2526,2,185
796,62,48,2166,2168,2529,2,363
863,63,48,2349,2350,2532,1,183
800,66,48,2177,2179,2535,2,358
736,2,48,2003,2004,2538,1,535
804,4,48,2188,2190,2541,2,353
739,5,48,2011,2012,2544,1,533
742,8,48,2019,2021,2547,2,528
810,10,48,2205,2206,2550,1,345
745,11,48,2027,2037,2553,10,526
748,14,48,2035,2040,2556,5,521
816,16,48,2221,2223,2559,2,338
751,17,48,2044,2046,2562,2,518
754,20,48,2052,2053,2565,1,513
821,21,48,2235,2236,2568,1,333
890,24,48,2423,2425,2571,2,148
730,26,48,1988,1990,2574,2,586
827,27,48,2251,2252,2577,1,326
896,30,48,2439,2440,2580,1,141
852,52,48,2319,2320,2583,1,264
920,54,48,2505,2506,2586,1,81
790,56,48,2150,2152,2589,2,439
858,58,48,2335,2336,2592,1,257
926,60,48,2521,2523,2595,2,74
927,61,48,2524,2525,2598,1,74
864,64,48,2352,2353,2601,1,249
931,65,48,2535,2536,2604,1,69
832,32,48,2265,2266,2607,1,342
899,33,48,2447,2448,2610,1,163
835,35,48,2273,2275,2613,2,340
838,38,48,2281,2283,2616,2,335
905,39,48,2464,2465,2619,1,155
908,42,48,2472,2473,2622,1,150
844,44,48,2297,2299,2625,2,328
911,45,48,2480,2481,2628,1,148
914,48,48,2488,2490,2631,2,143
850,50,48,2314,2315,2634,1,320
822,22,48,2237,2239,2637,2,400
956,24,48,2603,2605,2640,2,37
957,25,48,2605,2606,2643,1,38
828,28,48,2254,2255,2646,1,392
962,30,48,2619,2620,2649,1,30
933,1,48,2540,2541,2652,1,112
869,3,48,2365,2366,2655,1,290
938,6,48,2554,2555,2658,1,104
939,7,48,2556,2557,2661,1,105
875,9,48,2382,2383,2664,1,282
944,12,48,2570,2572,2667,2,97
945,13,48,2573,2575,2670,2,97
881,15,48,2398,2399,2673,1,275
950,18,48,2586,2588,2676,2,90
951,19,48,2589,2590,2679,1,90
963,31,48,2622,2623,2682,1,60
900,34,48,2450,2452,2685,2,235
968,36,48,2635,2636,2688,1,53
969,37,48,2638,2639,2691,1,53
906,40,48,2466,2468,2694,2,228
974,42,48,2652,2653,2697,1,45
975,43,48,2655,2656,2700,1,45
912,46,48,2483,2485,2703,2,220
980,48,48,2668,2670,2706,2,38
981,49,48,2671,2672,2709,1,38
917,51,48,2496,2497,2712,1,216
853,53,48,2322,2323,2715,1,393
987,55,48,2687,2688,2718,1,31
923,57,48,2513,2515,2721,2,208
859,59,48,2338,2339,2724,1,386
993,61,48,2704,2705,2727,1,23
929,63,48,2529,2530,2730,1,201
997,65,48,2715,2716,2733,1,18
999,1,48,2720,2721,2736,1,16
870,4,48,2368,2370,2739,2,371
805,5,48,2191,2192,2742,1,551
808,8,48,2199,2200,2745,1,546
876,10,48,2385,2386,2748,1,363
811,11,48,2207,2208,2751,1,544
814,14,48,2215,2216,2754,1,539
882,16,48,2401,2403,2757,2,356
817,17,48,2224,2225,2760,1,536
820,20,48,2232,2233,2763,1,531
887,21,48,2415,2416,2766,1,351
757,23,48,2060,2061,2769,1,709
760,26,48,2068,2070,2772,2,704
893,27,48,2431,2432,2775,1,344
763,29,48,2076,2077,2778,1,702
918,52,48,2499,2500,2781,1,282
986,54,48,2685,2686,2784,1,99
856,56,48,2330,2332,2787,2,457
924,58,48,2515,2516,2790,1,275
992,60,48,2701,2703,2793,2,92
862,62,48,2346,2348,2796,2,450
930,64,48,2532,2533,2799,1,267
866,66,48,2357,2359,2802,2,445
898,32,48,2445,2446,2805,1,360
965,33,48,2627,2628,2808,1,181
901,35,48,2453,2455,2811,2,358
904,38,48,2461,2463,2814,2,353
971,39,48,2644,2645,2817,1,173
907,41,48,2469,2470,2820,1,351
910,44,48,2477,2479,2823,2,346
977,45,48,2660,2661,2826,1,166
913,47,48,2485,2486,2829,1,344
916,50,48,2494,2495,2832,1,338
888,22,48,2417,2419,2835,2,418
1022,24,48,2783,2785,2838,2,55
1023,25,48,2785,2786,2841,1,56
894,28,48,2434,2435,2844,1,410
1028,30,48,2799,2800,2847,1,48
802,2,48,2183,2185,2850,2,667
935,3,48,2545,2546,2853,1,308
1004,6,48,2734,2735,2856,1,122
1005,7,48,2736,2737,2859,1,123
941,9,48,2562,2563,2862,1,300
1010,12,48,2750,2752,2865,2,115
1011,13,48,2753,2755,2868,2,115
947,15,48,2578,2579,2871,1,293
1016,18,48,2766,2768,2874,2,108
1017,19,48,2769,2770,2877,1,108
1029,31,48,2802,2803,2880,1,78
966,34,48,2630,2632,2883,2,253
1034,36,48,2815,2816,2886,1,71
1035,37,48,2818,2819,2889,1,71
972,40,48,2646,2648,2892,2,246
1040,42,48,2832,2833,2895,1,63
1041,43,48,2835,2836,2898,1,63
978,46,48,2663,2665,2901,2,238
1046,48,48,2848,2850,2904,2,56
1047,49,48,2851,2852,2907,1,56
983,51,48,2676,2677,2910,1,234
1052,54,48,2865,2866,2913,1,48
1053,55,48,2867,2868,2916,1,49
989,57,48,2693,2695,2919,2,226
1058,60,48,2881,2883,2922,2,41
1059,61,48,2884,2885,2925,1,41
995,63,48,2709,2710,2928,1,219
1063,65,48,2895,2896,2931,1,36
1065,1,48,2900,2901,2934,1,34
936,4,48,2548,2550,2937,2,389
871,5,48,2371,2372,2940,1,569
1071,7,48,2916,2917,2943,1,27
942,10,48,2565,2566,2946,1,381
877,11,48,2387,2388,2949,1,562
1077,13,48,2933,2935,2952,2,19
948,16,48,2581,2583,2955,2,374
883,17,48,2404,2405,2958,1,554
1083,19,48,2949,2950,2961,1,12
953,21,48,2595,2596,2964,1,369
823,23,48,2240,2241,2967,1,727
826,26,48,2248,2250,2970,2,722
959,27,48,2611,2612,2973,1,362
829,29,48,2256,2257,2976,1,720
984,52,48,2679,2680,2979,1,300
919,53,48,2502,2503,2982,1,480
922,56,48,2510,2512,2985,2,475
990,58,48,2695,2696,2988,1,293
925,59,48,2518,2519,2991,1,473
928,62,48,2526,2528,2994,2,468
996,64,48,2712,2713,2997,1,285
932,66,48,2537,2539,3000,2,463
1095,31,48,2982,2983,3003,1,21
1031,33,48,2807,2808,3006,1,199
967,35,48,2633,2635,3009,2,376
1101,37,48,2998,2999,3012,1,14
1037,39,48,2824,2825,3015,1,191
973,41,48,2649,2650,3018,1,369
976,44,48,2657,2659,3021,2,364
1043,45,48,2840,2841,3024,1,184
979,47,48,2665,2666,3027,1,362
982,50,48,2674,2675,3030,1,356
954,22,48,2597,2599,3033,2,436
1088,24,48,2963,2965,3036,2,73
1089,25,48,2965,2966,3039,1,74
960,28,48,2614,2615,3042,1,428
1094,30,48,2979,2980,3045,1,66
868,2,48,2363,2365,3048,2,685
1001,3,48,2725,2726,3051,1,326
1070,6,48,2914,2915,3054,1,140
874,8,48,2379,2380,3057,1,678
1007,9,48,2742,2743,3060,1,318
1076,12,48,2930,2932,3063,2,133
880,14,48,2395,2396,3066,1,671
1013,15,48,2758,2759,3069,1,311
1082,18,48,2946,2948,3072,2,126
886,20,48,2412,2413,3075,1,663
964,32,48,2625,2626,3078,1,453
1032,34,48,2810,2812,3081,2,271
1100,36,48,2995,2996,3084,1,89
970,38,48,2641,2643,3087,2,446
1038,40,48,2826,2828,3090,2,264
1106,42,48,3012,3013,3093,1,81
1107,43,48,3015,3016,3096,1,81
1044,46,48,2843,2845,3099,2,256
1112,48,48,3028,3030,3102,2,74
1113,49,48,3031,3032,3105,1,74
1049,51,48,2856,2857,3108,1,252
1118,54,48,3045,3046,3111,1,66
1119,55,48,3047,3048,3114,1,67
1055,57,48,2873,2875,3117,2,244
1124,60,48,3061,3063,3120,2,59
1125,61,48,3064,3065,3123,1,59
1061,63,48,2889,2890,3126,1,237
1129,65,48,3075,3076,3129,1,54
1131,1,48,3080,3081,3132,1,52
1002,4,48,2728,2730,3135,2,407
1136,6,48,3094,3095,3138,1,44
1137,7,48,3096,3097,3141,1,45
1008,10,48,2745,2746,3144,1,399
1142,12,48,3110,3112,3147,2,37
1143,13,48,3113,3115,3150,2,37
1014,16,48,2761,2763,3153,2,392
1148,18,48,3126,3128,3156,2,30
1149,19,48,3129,3130,3159,1,30
1019,21,48,2775,2776,3162,1,387
889,23,48,2420,2421,3165,1,745
1155,25,48,3145,3146,3168,1,23
1025,27,48,2791,2792,3171,1,380
895,29,48,2436,2437,3174,1,738
1050,52,48,2859,2860,3177,1,318
985,53,48,2682,2683,3180,1,498
988,56,48,2690,2692,3183,2,493
1056,58,48,2875,2876,3186,1,311
991,59,48,2698,2699,3189,1,491
994,62,48,2706,2708,3192,2,486
1062,64,48,2892,2893,3195,1,303
998,66,48,2717,2719,3198,2,481
1161,31,48,3162,3163,3201,1,39
1097,33,48,2987,2988,3204,1,217
1166,36,48,3175,3176,3207,1,32
1167,37,48,3178,3179,3210,1,32
1103,39,48,3004,3005,3213,1,209
1039,41,48,2829,2830,3216,1,387
1173,43,48,3195,3196,3219,1,24
1109,45,48,3020,3021,3222,1,202
1045,47,48,2845,2846,3225,1,380
1179,49,48,3211,3212,3228,1,17
1020,22,48,2777,2779,3231,2,454
1154,24,48,3143,3145,3234,2,91
892,26,48,2428,2430,3237,2,809
1026,28,48,2794,2795,3240,1,446
1160,30,48,3159,3160,3243,1,84
934,2,48,2543,2545,3246,2,703
1067,3,48,2905,2906,3249,1,344
937,5,48,2551,2552,3252,1,701
940,8,48,2559,2560,3255,1,696
1073,9,48,2922,2923,3258,1,336
943,11,48,2567,2568,3261,1,694
946,14,48,2575,2576,3264,1,689
1079,15,48,2938,2939,3267,1,329
949,17,48,2584,2585,3270,1,686
952,20,48,2592,2593,3273,1,681
1030,32,48,2805,2806,3276,1,471
1098,34,48,2990,2992,3279,2,289
1033,35,48,2813,2815,3282,2,469
1036,38,48,2821,2823,3285,2,464
1104,40,48,3006,3008,3288,2,282
1172,42,48,3192,3193,3291,1,99
1042,44,48,2837,2839,3294,2,457
1110,46,48,3023,3025,3297,2,274
1178,48,48,3208,3210,3300,2,92
1048,50,48,2854,2855,3303,1,449
1115,51,48,3036,3037,3306,1,270
1184,54,48,3225,3226,3309,1,84
1185,55,48,3227,3228,3312,1,85
1121,57,48,3053,3055,3315,2,262
1190,60,48,3241,3243,3318,2,77
1191,61,48,3244,3245,3321,1,77
1127,63,48,3069,3070,3324,1,255
1195,65,48,3255,3256,3327,1,72
1197,1,48,3260,3261,3330,1,70
1068,4,48,2908,2910,3333,2,425
1202,6,48,3274,3275,3336,1,62
1203,7,48,3276,3277,3339,1,63
1074,10,48,2925,2926,3342,1,417
1208,12,48,3290,3292,3345,2,55
1209,13,48,3293,3295,3348,2,55
1080,16,48,2941,2943,3351,2,410
1214,18,48,3306,3308,3354,2,48
1215,19,48,3309,3310,3357,1,48
1085,21,48,2955,2956,3360,1,405
1220,24,48,3323,3325,3363,2,40
1221,25,48,3325,3326,3366,1,41
1091,27,48,2971,2972,3369,1,398
1226,30,48,3339,3340,3372,1,33
1116,52,48,3039,3040,3375,1,336
1051,53,48,2862,2863,3378,1,516
1054,56,48,2870,2872,3381,2,511
1122,58,48,3055,3056,3384,1,329
1057,59,48,2878,2879,3387,1,509
1060,62,48,2886,2888,3390,2,504
1128,64,48,3072,3073,3393,1,321
1064,66,48,2897,2899,3396,2,499
1227,31,48,3342,3343,3399,1,57
1163,33,48,3167,3168,3402,1,235
1232,36,48,3355,3356,3405,1,50
1233,37,48,3358,3359,3408,1,50
1169,39,48,3184,3185,3411,1,227
1238,42,48,3372,3373,3414,1,42
1239,43,48,3375,3376,3417,1,42
1175,45,48,3200,3201,3420,1,220
1244,48,48,3388,3390,3423,2,35
1245,49,48,3391,3392,3426,1,35
1086,22,48,2957,2959,3429,2,472
955,23,48,2600,2601,3432,1,832
958,26,48,2608,2610,3435,2,827
1092,28,48,2974,2975,3438,1,464
961,29,48,2616,2617,3441,1,825
1000,2,48,2723,2725,3444,2,721
1133,3,48,3085,3086,3447,1,362
1003,5,48,2731,2732,3450,1,719
1006,8,48,2739,2740,3453,1,714
1139,9,48,3102,3103,3456,1,354
1009,11,48,2747,2748,3459,1,712
1012,14,48,2755,2756,3462,1,707
1145,15,48,3118,3119,3465,1,347
1015,17,48,2764,2765,3468,1,704
1018,20,48,2772,2773,3471,1,699
1096,32,48,2985,2986,3474,1,489
1164,34,48,3170,3172,3477,2,307
1099,35,48,2993,2995,3480,2,487
1102,38,48,3001,3003,3483,2,482
1170,40,48,3186,3188,3486,2,300
1105,41,48,3009,3010,3489,1,480
1108,44,48,3017,3019,3492,2,475
1176,46,48,3203,3205,3495,2,292
1111,47,48,3025,3026,3498,1,473
1114,50,48,3034,3035,3501,1,467
1181,51,48,3216,3217,3504,1,288
1250,54,48,3405,3406,3507,1,102
1251,55,48,3407,3408,3510,1,103
1187,57,48,3233,3235,3513,2,280
1256,60,48,3421,3423,3516,2,95
1257,61,48,3424,3425,3519,1,95
1193,63,48,3249,3250,3522,1,273
1261,65,48,3435,3436,3525,1,90
1263,1,48,3440,3441,3528,1,88
1134,4,48,3088,3090,3531,2,443
1268,6,48,3454,3455,3534,1,80
1269,7,48,3456,3457,3537,1,81
1140,10,48,3105,3106,3540,1,435
1274,12,48,3470,3472,3543,2,73
1275,13,48,3473,3475,3546,2,73
1146,16,48,3121,3123,3549,2,428
1280,18,48,3486,3488,3552,2,66
1281,19,48,3489,3490,3555,1,66
1151,21,48,3135,3136,3558,1,423
1286,24,48,3503,3505,3561,2,58
1287,25,48,3505,3506,3564,1,59
1157,27,48,3151,3152,3567,1,416
1292,30,48,3519,3520,3570,1,51
1182,52,48,3219,3220,3573,1,354
1117,53,48,3042,3043,3576,1,534
1120,56,48,3050,3052,3579,2,529
1188,58,48,3235,3236,3582,1,347
1123,59,48,3058,3059,3585,1,527
1126,62,48,3066,3068,3588,2,522
1194,64,48,3252,3253,3591,1,339
1130,66,48,3077,3079,3594,2,517
1293,31,48,3522,3523,3597,1,75
1229,33,48,3347,3348,3600,1,253
1298,36,48,3535,3536,3603,1,68
1299,37,48,3538,3539,3606,1,68
1235,39,48,3364,3365,3609,1,245
1304,42,48,3552,3553,3612,1,60
1305,43,48,3555,3556,3615,1,60
1241,45,48,3380,3381,3618,1,238
1310,48,48,3568,3570,3621,2,53
1311,49,48,3571,3572,3624,1,53
1152,22,48,3137,3139,3627,2,490
1021,23,48,2780,2781,3630,1,850
1024,26,48,2788,2790,3633,2,845
1158,28,48,3154,3155,3636,1,482
1027,29,48,2796,2797,3639,1,843
1329,1,48,3620,3621,3642,1,22
1199,3,48,3265,3266,3645,1,380
1069,5,48,2911,2912,3648,1,737
1335,7,48,3636,3637,3651,1,15
1205,9,48,3282,3283,3654,1,372
1075,11,48,2927,2928,3657,1,730
1078,14,48,2935,2936,3660,1,725
1211,15,48,3298,3299,3663,1,365
1081,17,48,2944,2945,3666,1,722
1084,20,48,2952,2953,3669,1,717
1162,32,48,3165,3166,3672,1,507
1230,34,48,3350,3352,3675,2,325
1165,35,48,3173,3175,3678,2,505
1168,38,48,3181,3183,3681,2,500
1236,40,48,3366,3368,3684,2,318
1171,41,48,3189,3190,3687,1,498
1174,44,48,3197,3199,3690,2,493
1242,46,48,3383,3385,3693,2,310
1177,47,48,3205,3206,3696,1,491
1180,50,48,3214,3215,3699,1,485
1247,51,48,3396,3397,3702,1,306
1316,54,48,3585,3586,3705,1,120
1317,55,48,3587,3588,3708,1,121
1253,57,48,3413,3415,3711,2,298
1322,60,48,3601,3603,3714,2,113
1323,61,48,3604,3605,3717,1,113
1259,63,48,3429,3430,3720,1,291
1327,65,48,3615,3616,3723,1,108
1066,2,48,2903,2905,3726,2,823
1200,4,48,3268,3270,3729,2,461
1334,6,48,3634,3635,3732,1,98
1072,8,48,2919,2920,3735,1,816
1206,10,48,3285,3286,3738,1,453
1340,12,48,3650,3652,3741,2,91
1341,13,48,3653,3655,3744,2,91
1212,16,48,3301,3303,3747,2,446
1346,18,48,3666,3668,3750,2,84
1347,19,48,3669,3670,3753,1,84
1217,21,48,3315,3316,3756,1,441
1352,24,48,3683,3685,3759,2,76
1353,25,48,3685,3686,3762,1,77
1223,27,48,3331,3332,3765,1,434
1358,30,48,3699,3700,3768,1,69
1248,52,48,3399,3400,3771,1,372
1183,53,48,3222,3223,3774,1,552
1186,56,48,3230,3232,3777,2,547
1254,58,48,3415,3416,3780,1,365
1189,59,48,3238,3239,3783,1,545
1192,62,48,3246,3248,3786,2,540
1260,64,48,3432,3433,3789,1,357
1196,66,48,3257,3259,3792,2,535
1359,31,48,3702,3703,3795,1,93
1295,33,48,3527,3528,3798,1,271
1364,36,48,3715,3716,3801,1,86
1365,37,48,3718,3719,3804,1,86
1301,39,48,3544,3545,3807,1,263
1370,42,48,3732,3733,3810,1,78
1371,43,48,3735,3736,3813,1,78
1307,45,48,3560,3561,3816,1,256
1376,48,48,3748,3750,3819,2,71
1377,49,48,3751,3752,3822,1,71
1218,22,48,3317,3319,3825,2,508
1087,23,48,2960,2961,3828,1,868
1090,26,48,2968,2970,3831,2,863
1224,28,48,3334,3335,3834,1,500
1093,29,48,2976,2977,3837,1,861
1395,1,48,3800,3801,3840,1,40
1265,3,48,3445,3446,3843,1,398
1400,6,48,3814,3815,3846,1,32
1401,7,48,3816,3817,3849,1,33
1271,9,48,3462,3463,3852,1,390
1141,11,48,3107,3108,3855,1,748
1407,13,48,3833,3835,3858,2,25
1277,15,48,3478,3479,3861,1,383
1147,17,48,3124,3125,3864,1,740
1413,19,48,3849,3850,3867,1,18
1228,32,48,3345,3346,3870,1,525
1296,34,48,3530,3532,3873,2,343
1231,35,48,3353,3355,3876,2,523
1234,38,48,3361,3363,3879,2,518
1302,40,48,3546,3548,3882,2,336
1237,41,48,3369,3370,3885,1,516
1240,44,48,3377,3379,3888,2,511
1308,46,48,3563,3565,3891,2,328
1243,47,48,3385,3386,3894,1,509
1246,50,48,3394,3395,3897,1,503
1313,51,48,3576,3577,3900,1,324
1382,54,48,3765,3766,3903,1,138
1383,55,48,3767,3768,3906,1,139
1319,57,48,3593,3595,3909,2,316
1388,60,48,3781,3783,3912,2,131
1389,61,48,3784,3785,3915,1,131
1325,63,48,3609,3610,3918,1,309
1393,65,48,3795,3796,3921,1,126
1132,2,48,3083,3085,3924,2,841
1266,4,48,3448,3450,3927,2,479
1135,5,48,3091,3092,3930,1,839
1138,8,48,3099,3100,3933,1,834
1272,10,48,3465,3466,3936,1,471
1406,12,48,3830,3832,3939,2,109
1144,14,48,3115,3116,3942,1,827
1278,16,48,3481,3483,3945,2,464
1412,18,48,3846,3848,3948,2,102
1150,20,48,3132,3133,3951,1,819
1283,21,48,3495,3496,3954,1,459
1418,24,48,3863,3865,3957,2,94
1419,25,48,3865,3866,3960,1,95
1289,27,48,3511,3512,3963,1,452
1424,30,48,3879,3880,3966,1,87
1314,52,48,3579,3580,3969,1,390
1249,53,48,3402,3403,3972,1,570
1449,55,48,3947,3948,3975,1,28
1320,58,48,3595,3596,3978,1,383
1255,59,48,3418,3419,3981,1,563
1455,61,48,3964,3965,3984,1,20
1326,64,48,3612,3613,3987,1,375
1459,65,48,3975,3976,3990,1,15
1425,31,48,3882,3883,3993,1,111
1361,33,48,3707,3708,3996,1,289
1430,36,48,3895,3896,3999,1,104
1431,37,48,3898,3899,4002,1,104
1367,39,48,3724,3725,4005,1,281
1436,42,48,3912,3913,4008,1,96
1437,43,48,3915,3916,4011,1,96
1373,45,48,3740,3741,4014,1,274
1442,48,48,3928,3930,4017,2,89
1443,49,48,3931,3932,4020,1,89
1284,22,48,3497,3499,4023,2,526
1153,23,48,3140,3141,4026,1,886
1156,26,48,3148,3150,4029,2,881
1290,28,48,3514,3515,4032,1,518
1159,29,48,3156,3157,4035,1,879
1461,1,48,3980,3981,4038,1,58
1331,3,48,3625,3626,4041,1,416
1466,6,48,3994,3995,4044,1,50
1467,7,48,3996,3997,4047,1,51
1337,9,48,3642,3643,4050,1,408
1472,12,48,4010,4012,4053,2,43
1473,13,48,4013,4015,4056,2,43
1343,15,48,3658,3659,4059,1,401
1478,18,48,4026,4028,4062,2,36
1479,19,48,4029,4030,4065,1,36
1294,32,48,3525,3526,4068,1,543
1362,34,48,3710,3712,4071,2,361
1297,35,48,3533,3535,4074,2,541
1300,38,48,3541,3543,4077,2,536
1368,40,48,3726,3728,4080,2,354
1303,41,48,3549,3550,4083,1,534
1306,44,48,3557,3559,4086,2,529
1374,46,48,3743,3745,4089,2,346
1309,47,48,3565,3566,4092,1,527
1312,50,48,3574,3575,4095,1,521
1379,51,48,3756,3757,4098,1,342
1448,54,48,3945,3946,4101,1,156
1252,56,48,3410,3412,4104,2,694
1385,57,48,3773,3775,4107,2,334
1454,60,48,3961,3963,4110,2,149
1258,62,48,3426,3428,4113,2,687
1391,63,48,3789,3790,4116,1,327
1262,66,48,3437,3439,4119,2,682
1198,2,48,3263,3265,4122,2,859
1332,4,48,3628,3630,4125,2,497
1201,5,48,3271,3272,4128,1,857
1204,8,48,3279,3280,4131,1,852
1338,10,48,3645,3646,4134,1,489
1207,11,48,3287,3288,4137,1,850
1210,14,48,3295,3296,4140,1,845
1344,16,48,3661,3663,4143,2,482
1213,17,48,3304,3305,4146,1,842
1216,20,48,3312,3313,4149,1,837
1349,21,48,3675,3676,4152,1,477
1484,24,48,4043,4045,4155,2,112
1485,25,48,4045,4046,4158,1,113
1355,27,48,3691,3692,4161,1,470
1490,30,48,4059,4060,4164,1,105
1380,52,48,3759,3760,4167,1,408
1514,54,48,4125,4126,4170,1,45
1515,55,48,4127,4128,4173,1,46
1386,58,48,3775,3776,4176,1,401
1520,60,48,4141,4143,4179,2,38
1521,61,48,4144,4145,4182,1,38
1392,64,48,3792,3793,4185,1,393
1525,65,48,4155,4156,4188,1,33
1491,31,48,4062,4063,4191,1,129
1427,33,48,3887,3888,4194,1,307
1496,36,48,4075,4076,4197,1,122
1497,37,48,4078,4079,4200,1,122
1433,39,48,3904,3905,4203,1,299
1502,42,48,4092,4093,4206,1,114
1503,43,48,4095,4096,4209,1,114
1439,45,48,3920,3921,4212,1,292
1508,48,48,4108,4110,4215,2,107
1509,49,48,4111,4112,4218,1,107
1350,22,48,3677,3679,4221,2,544
1219,23,48,3320,3321,4224,1,904
1222,26,48,3328,3330,4227,2,899
1356,28,48,3694,3695,4230,1,536
1225,29,48,3336,3337,4233,1,897
1527,1,48,4160,4161,4236,1,76
1397,3,48,3805,3806,4239,1,434
1532,6,48,4174,4175,4242,1,68
1533,7,48,4176,4177,4245,1,69
1403,9,48,3822,3823,4248,1,426
1538,12,48,4190,4192,4251,2,61
1539,13,48,4193,4195,4254,2,61
1409,15,48,3838,3839,4257,1,419
1544,18,48,4206,4208,4260,2,54
1545,19,48,4209,4210,4263,1,54
1557,31,48,4242,4243,4266,1,24
1428,34,48,3890,3892,4269,2,379
1363,35,48,3713,3715,4272,2,559
1563,37,48,4258,4259,4275,1,17
1434,40,48,3906,3908,4278,2,372
1369,41,48,3729,3730,4281,1,552
1372,44,48,3737,3739,4284,2,547
1440,46,48,3923,3925,4287,2,364
1375,47,48,3745,3746,4290,1,545
1378,50,48,3754,3755,4293,1,539
1445,51,48,3936,3937,4296,1,360
1315,53,48,3582,3583,4299,1,717
1318,56,48,3590,3592,4302,2,712
1451,57,48,3953,3955,4305,2,352
1321,59,48,3598,3599,4308,1,710
1324,62,48,3606,3608,4311,2,705
1457,63,48,3969,3970,4314,1,345
1328,66,48,3617,3619,4317,2,700
1264,2,48,3443,3445,4320,2,877
1398,4,48,3808,3810,4323,2,515
1267,5,48,3451,3452,4326,1,875
1270,8,48,3459,3460,4329,1,870
1404,10,48,3825,3826,4332,1,507
1273,11,48,3467,3468,4335,1,868
1276,14,48,3475,3476,4338,1,863
1410,16,48,3841,3843,4341,2,500
1279,17,48,3484,3485,4344,1,860
1282,20,48,3492,3493,4347,1,855
1415,21,48,3855,3856,4350,1,495
1550,24,48,4223,4225,4353,2,130
1551,25,48,4225,4226,4356,1,131
1421,27,48,3871,3872,4359,1,488
1556,30,48,4239,4240,4362,1,123
1446,52,48,3939,3940,4365,1,426
1580,54,48,4305,4306,4368,1,63
1581,55,48,4307,4308,4371,1,64
1452,58,48,3955,3956,4374,1,419
1586,60,48,4321,4323,4377,2,56
1587,61,48,4324,4325,4380,1,56
1458,64,48,3972,3973,4383,1,411
1591,65,48,4335,4336,4386,1,51
1360,32,48,3705,3706,4389,1,684
1493,33,48,4067,4068,4392,1,325
1562,36,48,4255,4256,4395,1,140
1366,38,48,3721,3723,4398,2,677
1499,39,48,4084,4085,4401,1,317
1568,42,48,4272,4273,4404,1,132
1569,43,48,4275,4276,4407,1,132
1505,45,48,4100,4101,4410,1,310
1574,48,48,4288,4290,4413,2,125
1575,49,48,4291,4292,4416,1,125
1416,22,48,3857,3859,4419,2,562
1285,23,48,3500,3501,4422,1,922
1617,25,48,4405,4406,4425,1,20
1422,28,48,3874,3875,4428,1,554
1291,29,48,3516,3517,4431,1,915
1593,1,48,4340,4341,4434,1,94
1463,3,48,3985,3986,4437,1,452
1598,6,48,4354,4355,4440,1,86
1599,7,48,4356,4357,4443,1,87
1469,9,48,4002,4003,4446,1,444
1604,12,48,4370,4372,4449,2,79
1605,13,48,4373,4375,4452,2,79
1475,15,48,4018,4019,4455,1,437
1610,18,48,4386,4388,4458,2,72
1611,19,48,4389,4390,4461,1,72
1623,31,48,4422,4423,4464,1,42
1494,34,48,4070,4072,4467,2,397
1628,36,48,4435,4436,4470,1,35
1629,37,48,4438,4439,4473,1,35
1500,40,48,4086,4088,4476,2,390
1435,41,48,3909,3910,4479,1,570
1635,43,48,4455,4456,4482,1,27
1506,46,48,4103,4105,4485,2,382
1441,47,48,3925,3926,4488,1,563
1641,49,48,4471,4472,4491,1,20
1511,51,48,4116,4117,4494,1,378
1381,53,48,3762,3763,4497,1,735
1647,55,48,4487,4488,4500,1,13
1517,57,48,4133,4135,4503,2,370
1387,59,48,3778,3779,4506,1,728
1390,62,48,3786,3788,4509,2,723
1523,63,48,4149,4150,4512,1,363
1394,66,48,3797,3799,4515,2,718
1330,2,48,3623,3625,4518,2,895
1464,4,48,3988,3990,4521,2,533
1333,5,48,3631,3632,4524,1,893
1336,8,48,3639,3640,4527,1,888
1470,10,48,4005,4006,4530,1,525
1339,11,48,3647,3648,4533,1,886
1342,14,48,3655,3656,4536,1,881
1476,16,48,4021,4023,4539,2,518
1345,17,48,3664,3665,4542,1,878
1348,20,48,3672,3673,4545,1,873
1481,21,48,4035,4036,4548,1,513
1616,24,48,4403,4405,4551,2,148
1288,26,48,3508,3510,4554,2,1046
1487,27,48,4051,4052,4557,1,506
1622,30,48,4419,4420,4560,1,141
1512,52,48,4119,4120,4563,1,444
1646,54,48,4485,4486,4566,1,81
1384,56,48,3770,3772,4569,2,799
1518,58,48,4135,4136,4572,1,437
1652,60,48,4501,4503,4575,2,74
1653,61,48,4504,4505,4578,1,74
1524,64,48,4152,4153,4581,1,429
1657,65,48,4515,4516,4584,1,69
1426,32,48,3885,3886,4587,1,702
1559,33,48,4247,4248,4590,1,343
1429,35,48,3893,3895,4593,2,700
1432,38,48,3901,3903,4596,2,695
1565,39,48,4264,4265,4599,1,335
1634,42,48,4452,4453,4602,1,150
1438,44,48,3917,3919,4605,2,688
1571,45,48,4280,4281,4608,1,328
1640,48,48,4468,4470,4611,2,143
1444,50,48,3934,3935,4614,1,680
1482,22,48,4037,4039,4617,2,580
1682,24,48,4583,4585,4620,2,37
1683,25,48,4585,4586,4623,1,38
1488,28,48,4054,4055,4626,1,572
1688,30,48,4599,4600,4629,1,30
1659,1,48,4520,4521,4632,1,112
1529,3,48,4165,4166,4635,1,470
1664,6,48,4534,4535,4638,1,104
1665,7,48,4536,4537,4641,1,105
1535,9,48,4182,4183,4644,1,462
1670,12,48,4550,4552,4647,2,97
1671,13,48,4553,4555,4650,2,97
1541,15,48,4198,4199,4653,1,455
1676,18,48,4566,4568,4656,2,90
1677,19,48,4569,4570,4659,1,90
1689,31,48,4602,4603,4662,1,60
1560,34,48,4250,4252,4665,2,415
1694,36,48,4615,4616,4668,1,53
1695,37,48,4618,4619,4671,1,53
1566,40,48,4266,4268,4674,2,408
1700,42,48,4632,4633,4677,1,45
1701,43,48,4635,4636,4680,1,45
1572,46,48,4283,4285,4683,2,400
1706,48,48,4648,4650,4686,2,38
1707,49,48,4651,4652,4689,1,38
1577,51,48,4296,4297,4692,1,396
1712,54,48,4665,4666,4695,1,30
1713,55,48,4667,4668,4698,1,31
1583,57,48,4313,4315,4701,2,388
1453,59,48,3958,3959,4704,1,746
1719,61,48,4684,4685,4707,1,23
1589,63,48,4329,4330,4710,1,381
1723,65,48,4695,4696,4713,1,18
1725,1,48,4700,4701,4716,1,16
1530,4,48,4168,4170,4719,2,551
1399,5,48,3811,3812,4722,1,911
1402,8,48,3819,3820,4725,1,906
1536,10,48,4185,4186,4728,1,543
1405,11,48,3827,3828,4731,1,904
1408,14,48,3835,3836,4734,1,899
1542,16,48,4201,4203,4737,2,536
1411,17,48,3844,3845,4740,1,896
1414,20,48,3852,3853,4743,1,891
1547,21,48,4215,4216,4746,1,531
1351,23,48,3680,3681,4749,1,1069
1354,26,48,3688,3690,4752,2,1064
1553,27,48,4231,4232,4755,1,524
1357,29,48,3696,3697,4758,1,1062
1578,52,48,4299,4300,4761,1,462
1447,53,48,3942,3943,4764,1,822
1450,56,48,3950,3952,4767,2,817
1584,58,48,4315,4316,4770,1,455
1718,60,48,4681,4683,4773,2,92
1456,62,48,3966,3968,4776,2,810
1590,64,48,4332,4333,4779,1,447
1460,66,48,3977,3979,4782,2,805
1492,32,48,4065,4066,4785,1,720
1625,33,48,4427,4428,4788,1,361
1495,35,48,4073,4075,4791,2,718
1498,38,48,4081,4083,4794,2,713
1631,39,48,4444,4445,4797,1,353
1501,41,48,4089,4090,4800,1,711
1504,44,48,4097,4099,4803,2,706
1637,45,48,4460,4461,4806,1,346
1507,47,48,4105,4106,4809,1,704
1510,50,48,4114,4115,4812,1,698
1548,22,48,4217,4219,4815,2,598
1748,24,48,4763,4765,4818,2,55
1749,25,48,4765,4766,4821,1,56
1554,28,48,4234,4235,4824,1,590
1754,30,48,4779,4780,4827,1,48
1396,2,48,3803,3805,4830,2,1027
1595,3,48,4345,4346,4833,1,488
1730,6,48,4714,4715,4836,1,122
1731,7,48,4716,4717,4839,1,123
1601,9,48,4362,4363,4842,1,480
1736,12,48,4730,4732,4845,2,115
1737,13,48,4733,4735,4848,2,115
1607,15,48,4378,4379,4851,1,473
1742,18,48,4746,4748,4854,2,108
1743,19,48,4749,4750,4857,1,108
1755,31,48,4782,4783,4860,1,78
1626,34,48,4430,4432,4863,2,433
1760,36,48,4795,4796,4866,1,71
1761,37,48,4798,4799,4869,1,71
1632,40,48,4446,4448,4872,2,426
1766,42,48,4812,4813,4875,1,63
1767,43,48,4815,4816,4878,1,63
1638,46,48,4463,4465,4881,2,418
1772,48,48,4828,4830,4884,2,56
1773,49,48,4831,4832,4887,1,56
1643,51,48,4476,4477,4890,1,414
1778,54,48,4845,4846,4893,1,48
1779,55,48,4847,4848,4896,1,49
1649,57,48,4493,4495,4899,2,406
1784,60,48,4861,4863,4902,2,41
1785,61,48,4864,4865,4905,1,41
1655,63,48,4509,4510,4908,1,399
1789,65,48,4875,4876,4911,1,36
1791,1,48,4880,4881,4914,1,34
1596,4,48,4348,4350,4917,2,569
1465,5,48,3991,3992,4920,1,929
1797,7,48,4896,4897,4923,1,27
1602,10,48,4365,4366,4926,1,561
1471,11,48,4007,4008,4929,1,922
1803,13,48,4913,4915,4932,2,19
1608,16,48,4381,4383,4935,2,554
1477,17,48,4024,4025,4938,1,914
1809,19,48,4929,4930,4941,1,12
1613,21,48,4395,4396,4944,1,549
1417,23,48,3860,3861,4947,1,1087
1420,26,48,3868,3870,4950,2,1082
1619,27,48,4411,4412,4953,1,542
1423,29,48,3876,3877,4956,1,1080
1644,52,48,4479,4480,4959,1,480
1513,53,48,4122,4123,4962,1,840
1516,56,48,4130,4132,4965,2,835
1650,58,48,4495,4496,4968,1,473
1519,59,48,4138,4139,4971,1,833
1522,62,48,4146,4148,4974,2,828
1656,64,48,4512,4513,4977,1,465
1526,66,48,4157,4159,4980,2,823
1821,31,48,4962,4963,4983,1,21
1691,33,48,4607,4608,4986,1,379
1561,35,48,4253,4255,4989,2,736
1827,37,48,4978,4979,4992,1,14
1697,39,48,4624,4625,4995,1,371
1567,41,48,4269,4270,4998,1,729
1570,44,48,4277,4279,5001,2,724
1703,45,48,4640,4641,5004,1,364
1573,47,48,4285,4286,5007,1,722
1576,50,48,4294,4295,5010,1,716
1614,22,48,4397,4399,5013,2,616
1814,24,48,4943,4945,5016,2,73
1815,25,48,4945,4946,5019,1,74
1620,28,48,4414,4415,5022,1,608
1820,30,48,4959,4960,5025,1,66
1462,2,48,3983,3985,5028,2,1045
1661,3,48,4525,4526,5031,1,506
1796,6,48,4894,4895,5034,1,140
1468,8,48,3999,4000,5037,1,1038
1667,9,48,4542,4543,5040,1,498
1802,12,48,4910,4912,5043,2,133
1474,14,48,4015,4016,5046,1,1031
1673,15,48,4558,4559,5049,1,491
1808,18,48,4926,4928,5052,2,126
1480,20,48,4032,4033,5055,1,1023
1558,32,48,4245,4246,5058,1,813
1692,34,48,4610,4612,5061,2,451
1826,36,48,4975,4976,5064,1,89
1564,38,48,4261,4263,5067,2,806
1698,40,48,4626,4628,5070,2,444
1832,42,48,4992,4993,5073,1,81
1833,43,48,4995,4996,5076,1,81
1704,46,48,4643,4645,5079,2,436
1838,48,48,5008,5010,5082,2,74
1839,49,48,5011,5012,5085,1,74
1709,51,48,4656,4657,5088,1,432
1844,54,48,5025,5026,5091,1,66
1845,55,48,5027,5028,5094,1,67
1715,57,48,4673,4675,5097,2,424
1850,60,48,5041,5043,5100,2,59
1851,61,48,5044,5045,5103,1,59
1721,63,48,4689,4690,5106,1,417
1855,65,48,5055,5056,5109,1,54
1857,1,48,5060,5061,5112,1,52
1662,4,48,4528,4530,5115,2,587
1862,6,48,5074,5075,5118,1,44
1863,7,48,5076,5077,5121,1,45
1668,10,48,4545,4546,5124,1,579
1868,12,48,5090,5092,5127,2,37
1869,13,48,5093,5095,5130,2,37
1674,16,48,4561,4563,5133,2,572
1874,18,48,5106,5108,5136,2,30
1875,19,48,5109,5110,5139,1,30
1679,21,48,4575,4576,5142,1,567
1483,23,48,4040,4041,5145,1,1105
1881,25,48,5125,5126,5148,1,23
1685,27,48,4591,4592,5151,1,560
1489,29,48,4056,4057,5154,1,1098
1710,52,48,4659,4660,5157,1,498
1579,53,48,4302,4303,5160,1,858
1582,56,48,4310,4312,5163,2,853
1716,58,48,4675,4676,5166,1,491
1585,59,48,4318,4319,5169,1,851
1588,62,48,4326,4328,5172,2,846
1722,64,48,4692,4693,5175,1,483
1592,66,48,4337,4339,5178,2,841
1887,31,48,5142,5143,5181,1,39
1757,33,48,4787,4788,5184,1,397
1892,36,48,5155,5156,5187,1,32
1893,37,48,5158,5159,5190,1,32
1763,39,48,4804,4805,5193,1,389
1633,41,48,4449,4450,5196,1,747
1899,43,48,5175,5176,5199,1,24
1769,45,48,4820,4821,5202,1,382
1639,47,48,4465,4466,5205,1,740
1905,49,48,5191,5192,5208,1,17
1680,22,48,4577,4579,5211,2,634
1880,24,48,5123,5125,5214,2,91
1486,26,48,4048,4050,5217,2,1169
1686,28,48,4594,4595,5220,1,626
1886,30,48,5139,5140,5223,1,84
1528,2,48,4163,4165,5226,2,1063
1727,3,48,4705,4706,5229,1,524
1531,5,48,4171,4172,5232,1,1061
1534,8,48,4179,4180,5235,1,1056
1733,9,48,4722,4723,5238,1,516
1537,11,48,4187,4188,5241,1,1054
1540,14,48,4195,4196,5244,1,1049
1739,15,48,4738,4739,5247,1,509
1543,17,48,4204,4205,5250,1,1046
1546,20,48,4212,4213,5253,1,1041
1624,32,48,4425,4426,5256,1,831
1758,34,48,4790,4792,5259,2,469
1627,35,48,4433,4435,5262,2,829
1630,38,48,4441,4443,5265,2,824
1764,40,48,4806,4808,5268,2,462
1898,42,48,5172,5173,5271,1,99
1636,44,48,4457,4459,5274,2,817
1770,46,48,4823,4825,5277,2,454
1904,48,48,5188,5190,5280,2,92
1642,50,48,4474,4475,5283,1,809
1775,51,48,4836,4837,5286,1,450
1910,54,48,5205,5206,5289,1,84
1911,55,48,5207,5208,5292,1,85
1781,57,48,4853,4855,5295,2,442
1916,60,48,5221,5223,5298,2,77
1917,61,48,5224,5225,5301,1,77
1787,63,48,4869,4870,5304,1,435
1921,65,48,5235,5236,5307,1,72
1923,1,48,5240,5241,5310,1,70
1728,4,48,4708,4710,5313,2,605
1928,6,48,5254,5255,5316,1,62
1929,7,48,5256,5257,5319,1,63
1734,10,48,4725,4726,5322,1,597
1934,12,48,5270,5272,5325,2,55
1935,13,48,5273,5275,5328,2,55
1740,16,48,4741,4743,5331,2,590
1940,18,48,5286,5288,5334,2,48
1941,19,48,5289,5290,5337,1,48
1745,21,48,4755,4756,5340,1,585
1946,24,48,5303,5305,5343,2,40
1947,25,48,5305,5306,5346,1,41
1751,27,48,4771,4772,5349,1,578
1952,30,48,5319,5320,5352,1,33
1776,52,48,4839,4840,5355,1,516
1645,53,48,4482,4483,5358,1,876
1648,56,48,4490,4492,5361,2,871
1782,58,48,4855,4856,5364,1,509
1651,59,48,4498,4499,5367,1,869
1654,62,48,4506,4508,5370,2,864
1788,64,48,4872,4873,5373,1,501
1658,66,48,4517,4519,5376,2,859
1953,31,48,5322,5323,5379,1,57
1823,33,48,4967,4968,5382,1,415
1958,36,48,5335,5336,5385,1,50
1959,37,48,5338,5339,5388,1,50
1829,39,48,4984,4985,5391,1,407
1964,42,48,5352,5353,5394,1,42
1965,43,48,5355,5356,5397,1,42
1835,45,48,5000,5001,5400,1,400
1970,48,48,5368,5370,5403,2,35
1971,49,48,5371,5372,5406,1,35
1746,22,48,4757,4759,5409,2,652
1549,23,48,4220,4221,5412,1,1192
1552,26,48,4228,4230,5415,2,1187
1752,28,48,4774,4775,5418,1,644
1555,29,48,4236,4237,5421,1,1185
1594,2,48,4343,4345,5424,2,1081
1793,3,48,4885,4886,5427,1,542
1597,5,48,4351,4352,5430,1,1079
1600,8,48,4359,4360,5433,1,1074
1799,9,48,4902,4903,5436,1,534
1603,11,48,4367,4368,5439,1,1072
1606,14,48,4375,4376,5442,1,1067
1805,15,48,4918,4919,5445,1,527
1609,17,48,4384,4385,5448,1,1064
1612,20,48,4392,4393,5451,1,1059
1690,32,48,4605,4606,5454,1,849
1824,34,48,4970,4972,5457,2,487
1693,35,48,4613,4615,5460,2,847
1696,38,48,4621,4623,5463,2,842
1830,40,48,4986,4988,5466,2,480
1699,41,48,4629,4630,5469,1,840
1702,44,48,4637,4639,5472,2,835
1836,46,48,5003,5005,5475,2,472
1705,47,48,4645,4646,5478,1,833
1708,50,48,4654,4655,5481,1,827
1841,51,48,5016,5017,5484,1,468
1976,54,48,5385,5386,5487,1,102
1977,55,48,5387,5388,5490,1,103
1847,57,48,5033,5035,5493,2,460
1982,60,48,5401,5403,5496,2,95
1983,61,48,5404,5405,5499,1,95
1853,63,48,5049,5050,5502,1,453
1987,65,48,5415,5416,5505,1,90
1989,1,48,5420,5421,5508,1,88
1794,4,48,4888,4890,5511,2,623
1994,6,48,5434,5435,5514,1,80
1995,7,48,5436,5437,5517,1,81
1800,10,48,4905,4906,5520,1,615
2000,12,48,5450,5452,5523,2,73
2001,13,48,5453,5455,5526,2,73
1806,16,48,4921,4923,5529,2,608
2006,18,48,5466,5468,5532,2,66
2007,19,48,5469,5470,5535,1,66
1811,21,48,4935,4936,5538,1,603
2012,24,48,5483,5485,5541,2,58
2013,25,48,5485,5486,5544,1,59
1817,27,48,4951,4952,5547,1,596
2018,30,48,5499,5500,5550,1,51
1842,52,48,5019,5020,5553,1,534
1711,53,48,4662,4663,5556,1,894
1714,56,48,4670,4672,5559,2,889
1848,58,48,5035,5036,5562,1,527
1717,59,48,4678,4679,5565,1,887
1720,62,48,4686,4688,5568,2,882
1854,64,48,5052,5053,5571,1,519
1724,66,48,4697,4699,5574,2,877
2019,31,48,5502,5503,5577,1,75
1889,33,48,5147,5148,5580,1,433
2024,36,48,5515,5516,5583,1,68
2025,37,48,5518,5519,5586,1,68
1895,39,48,5164,5165,5589,1,425
2030,42,48,5532,5533,5592,1,60
2031,43,48,5535,5536,5595,1,60
1901,45,48,5180,5181,5598,1,418
2036,48,48,5548,5550,5601,2,53
2037,49,48,5551,5552,5604,1,53
1812,22,48,4937,4939,5607,2,670
1615,23,48,4400,4401,5610,1,1210
1618,26,48,4408,4410,5613,2,1205
1818,28,48,4954,4955,5616,1,662
1621,29,48,4416,4417,5619,1,1203
2055,1,48,5600,5601,5622,1,22
1859,3,48,5065,5066,5625,1,560
1663,5,48,4531,4532,5628,1,1097
2061,7,48,5616,5617,5631,1,15
1865,9,48,5082,5083,5634,1,552
1669,11,48,4547,4548,5637,1,1090
1672,14,48,4555,4556,5640,1,1085
1871,15,48,5098,5099,5643,1,545
1675,17,48,4564,4565,5646,1,1082
1678,20,48,4572,4573,5649,1,1077
1756,32,48,4785,4786,5652,1,867
1890,34,48,5150,5152,5655,2,505
1759,35,48,4793,4795,5658,2,865
1762,38,48,4801,4803,5661,2,860
1896,40,48,5166,5168,5664,2,498
1765,41,48,4809,4810,5667,1,858
1768,44,48,4817,4819,5670,2,853
1902,46,48,5183,5185,5673,2,490
1771,47,48,4825,4826,5676,1,851
1774,50,48,4834,4835,5679,1,845
1907,51,48,5196,5197,5682,1,486
2042,54,48,5565,5566,5685,1,120
2043,55,48,5567,5568,5688,1,121
1913,57,48,5213,5215,5691,2,478
2048,60,48,5581,5583,5694,2,113
2049,61,48,5584,5585,5697,1,113
1919,63,48,5229,5230,5700,1,471
2053,65,48,5595,5596,5703,1,108
1660,2,48,4523,4525,5706,2,1183
1860,4,48,5068,5070,5709,2,641
2060,6,48,5614,5615,5712,1,98
1666,8,48,4539,4540,5715,1,1176
1866,10,48,5085,5086,5718,1,633
2066,12,48,5630,5632,5721,2,91
2067,13,48,5633,5635,5724,2,91
1872,16,48,5101,5103,5727,2,626
2072,18,48,5646,5648,5730,2,84
2073,19,48,5649,5650,5733,1,84
1877,21,48,5115,5116,5736,1,621
2078,24,48,5663,5665,5739,2,76
2079,25,48,5665,5666,5742,1,77
1883,27,48,5131,5132,5745,1,614
2084,30,48,5679,5680,5748,1,69
1908,52,48,5199,5200,5751,1,552
1777,53,48,4842,4843,5754,1,912
1780,56,48,4850,4852,5757,2,907
1914,58,48,5215,5216,5760,1,545
1783,59,48,4858,4859,5763,1,905
1786,62,48,4866,4868,5766,2,900
1920,64,48,5232,5233,5769,1,537
1790,66,48,4877,4879,5772,2,895
2085,31,48,5682,5683,5775,1,93
1955,33,48,5327,5328,5778,1,451
2090,36,48,5695,5696,5781,1,86
2091,37,48,5698,5699,5784,1,86
1961,39,48,5344,5345,5787,1,443
2096,42,48,5712,5713,5790,1,78
2097,43,48,5715,5716,5793,1,78
1967,45,48,5360,5361,5796,1,436
2102,48,48,5728,5730,5799,2,71
2103,49,48,5731,5732,5802,1,71
1878,22,48,5117,5119,5805,2,688
1681,23,48,4580,4581,5808,1,1228
1684,26,48,4588,4590,5811,2,1223
1884,28,48,5134,5135,5814,1,680
1687,29,48,4596,4597,5817,1,1221
2121,1,48,5780,5781,5820,1,40
1925,3,48,5245,5246,5823,1,578
2126,6,48,5794,5795,5826,1,32
2127,7,48,5796,5797,5829,1,33
1931,9,48,5262,5263,5832,1,570
1735,11,48,4727,4728,5835,1,1108
2133,13,48,5813,5815,5838,2,25
1937,15,48,5278,5279,5841,1,563
1741,17,48,4744,4745,5844,1,1100
2139,19,48,5829,5830,5847,1,18
1822,32,48,4965,4966,5850,1,885
1956,34,48,5330,5332,5853,2,523
1825,35,48,4973,4975,5856,2,883
1828,38,48,4981,4983,5859,2,878
1962,40,48,5346,5348,5862,2,516
1831,41,48,4989,4990,5865,1,876
1834,44,48,4997,4999,5868,2,871
1968,46,48,5363,5365,5871,2,508
1837,47,48,5005,5006,5874,1,869
1840,50,48,5014,5015,5877,1,863
1973,51,48,5376,5377,5880,1,504
2108,54,48,5745,5746,5883,1,138
2109,55,48,5747,5748,5886,1,139
1979,57,48,5393,5395,5889,2,496
2114,60,48,5761,5763,5892,2,131
2115,61,48,5764,5765,5895,1,131
1985,63,48,5409,5410,5898,1,489
2119,65,48,5775,5776,5901,1,126
1726,2,48,4703,4705,5904,2,1201
1926,4,48,5248,5250,5907,2,659
1729,5,48,4711,4712,5910,1,1199
1732,8,48,4719,4720,5913,1,1194
1932,10,48,5265,5266,5916,1,651
2132,12,48,5810,5812,5919,2,109
1738,14,48,4735,4736,5922,1,1187
1938,16,48,5281,5283,5925,2,644
2138,18,48,5826,5828,5928,2,102
1744,20,48,4752,4753,5931,1,1179
1943,21,48,5295,5296,5934,1,639
2144,24,48,5843,5845,5937,2,94
2145,25,48,5845,5846,5940,1,95
1949,27,48,5311,5312,5943,1,632
2150,30,48,5859,5860,5946,1,87
1974,52,48,5379,5380,5949,1,570
1843,53,48,5022,5023,5952,1,930
2175,55,48,5927,5928,5955,1,28
1980,58,48,5395,5396,5958,1,563
1849,59,48,5038,5039,5961,1,923
2181,61,48,5944,5945,5964,1,20
1986,64,48,5412,5413,5967,1,555
2185,65,48,5955,5956,5970,1,15
2151,31,48,5862,5863,5973,1,111
2021,33,48,5507,5508,5976,1,469
2156,36,48,5875,5876,5979,1,104
2157,37,48,5878,5879,5982,1,104
2027,39,48,5524,5525,5985,1,461
2162,42,48,5892,5893,5988,1,96
2163,43,48,5895,5896,5991,1,96
2033,45,48,5540,5541,5994,1,454
2168,48,48,5908,5910,5997,2,89
2169,49,48,5911,5912,6000,1,89
1944,22,48,5297,5299,6003,2,706
1747,23,48,4760,4761,6006,1,1246
1750,26,48,4768,4770,6009,2,1241
1950,28,48,5314,5315,6012,1,698
1753,29,48,4776,4777,6015,1,1239
2187,1,48,5960,5961,6018,1,58
1991,3,48,5425,5426,6021,1,596
2192,6,48,5974,5975,6024,1,50
2193,7,48,5976,5977,6027,1,51
1997,9,48,5442,5443,6030,1,588
2198,12,48,5990,5992,6033,2,43
2199,13,48,5993,5995,6036,2,43
2003,15,48,5458,5459,6039,1,581
2204,18,48,6006,6008,6042,2,36
2205,19,48,6009,6010,6045,1,36
1888,32,48,5145,5146,6048,1,903
2022,34,48,5510,5512,6051,2,541
1891,35,48,5153,5155,6054,2,901
1894,38,48,5161,5163,6057,2,896
2028,40,48,5526,5528,6060,2,534
1897,41,48,5169,5170,6063,1,894
1900,44,48,5177,5179,6066,2,889
2034,46,48,5543,5545,6069,2,526
1903,47,48,5185,5186,6072,1,887
1906,50,48,5194,5195,6075,1,881
2039,51,48,5556,5557,6078,1,522
2174,54,48,5925,5926,6081,1,156
1846,56,48,5030,5032,6084,2,1054
2045,57,48,5573,5575,6087,2,514
2180,60,48,5941,5943,6090,2,149
1852,62,48,5046,5048,6093,2,1047
2051,63,48,5589,5590,6096,1,507
1856,66,48,5057,5059,6099,2,1042
1792,2,48,4883,4885,6102,2,1219
1992,4,48,5428,5430,6105,2,677
1795,5,48,4891,4892,6108,1,1217
1798,8,48,4899,4900,6111,1,1212
1998,10,48,5445,5446,6114,1,669
1801,11,48,4907,4908,6117,1,1210
1804,14,48,4915,4916,6120,1,1205
2004,16,48,5461,5463,6123,2,662
1807,17,48,4924,4925,6126,1,1202
1810,20,48,4932,4933,6129,1,1197
2009,21,48,5475,5476,6132,1,657
2210,24,48,6023,6025,6135,2,112
2211,25,48,6025,6026,6138,1,113
2015,27,48,5491,5492,6141,1,650
2216,30,48,6039,6040,6144,1,105
2040,52,48,5559,5560,6147,1,588
2240,54,48,6105,6106,6150,1,45
2241,55,48,6107,6108,6153,1,46
2046,58,48,5575,5576,6156,1,581
2246,60,48,6121,6123,6159,2,38
2247,61,48,6124,6125,6162,1,38
2052,64,48,5592,5593,6165,1,573
2251,65,48,6135,6136,6168,1,33
2217,31,48,6042,6043,6171,1,129
2087,33,48,5687,5688,6174,1,487
2222,36,48,6055,6056,6177,1,122
2223,37,48,6058,6059,6180,1,122
2093,39,48,5704,5705,6183,1,479
2228,42,48,6072,6073,6186,1,114
2229,43,48,6075,6076,6189,1,114
2099,45,48,5720,5721,6192,1,472
2234,48,48,6088,6090,6195,2,107
2235,49,48,6091,6092,6198,1,107
2010,22,48,5477,5479,6201,2,724
1813,23,48,4940,4941,6204,1,1264
1816,26,48,4948,4950,6207,2,1259
2016,28,48,5494,5495,6210,1,716
1819,29,48,4956,4957,6213,1,1257
2253,1,48,6140,6141,6216,1,76
2057,3,48,5605,5606,6219,1,614
2258,6,48,6154,6155,6222,1,68
2259,7,48,6156,6157,6225,1,69
2063,9,48,5622,5623,6228,1,606
2264,12,48,6170,6172,6231,2,61
2265,13,48,6173,6175,6234,2,61
2069,15,48,5638,5639,6237,1,599
2270,18,48,6186,6188,6240,2,54
2271,19,48,6189,6190,6243,1,54
2283,31,48,6222,6223,6246,1,24
2088,34,48,5690,5692,6249,2,559
1957,35,48,5333,5335,6252,2,919
2289,37,48,6238,6239,6255,1,17
2094,40,48,5706,5708,6258,2,552
1963,41,48,5349,5350,6261,1,912
1966,44,48,5357,5359,6264,2,907
2100,46,48,5723,5725,6267,2,544
1969,47,48,5365,5366,6270,1,905
1972,50,48,5374,5375,6273,1,899
2105,51,48,5736,5737,6276,1,540
1909,53,48,5202,5203,6279,1,1077
1912,56,48,5210,5212,6282,2,1072
2111,57,48,5753,5755,6285,2,532
1915,59,48,5218,5219,6288,1,1070
1918,62,48,5226,5228,6291,2,1065
2117,63,48,5769,5770,6294,1,525
1922,66,48,5237,5239,6297,2,1060
1858,2,48,5063,5065,6300,2,1237
2058,4,48,5608,5610,6303,2,695
1861,5,48,5071,5072,6306,1,1235
1864,8,48,5079,5080,6309,1,1230
2064,10,48,5625,5626,6312,1,687
1867,11,48,5087,5088,6315,1,1228
1870,14,48,5095,5096,6318,1,1223
2070,16,48,5641,5643,6321,2,680
1873,17,48,5104,5105,6324,1,1220
1876,20,48,5112,5113,6327,1,1215
2075,21,48,5655,5656,6330,1,675
2276,24,48,6203,6205,6333,2,130
2277,25,48,6205,6206,6336,1,131
2081,27,48,5671,5672,6339,1,668
2282,30,48,6219,6220,6342,1,123
2106,52,48,5739,5740,6345,1,606
2306,54,48,6285,6286,6348,1,63
2307,55,48,6287,6288,6351,1,64
2112,58,48,5755,5756,6354,1,599
2312,60,48,6301,6303,6357,2,56
2313,61,48,6304,6305,6360,1,56
2118,64,48,5772,5773,6363,1,591
2317,65,48,6315,6316,6366,1,51
1954,32,48,5325,5326,6369,1,1044
2153,33,48,5867,5868,6372,1,505
2288,36,48,6235,6236,6375,1,140
1960,38,48,5341,5343,6378,2,1037
2159,39,48,5884,5885,6381,1,497
2294,42,48,6252,6253,6384,1,132
2295,43,48,6255,6256,6387,1,132
2165,45,48,5900,5901,6390,1,490
2300,48,48,6268,6270,6393,2,125
2301,49,48,6271,6272,6396,1,125
2076,22,48,5657,5659,6399,2,742
1879,23,48,5120,5121,6402,1,1282
2343,25,48,6385,6386,6405,1,20
2082,28,48,5674,5675,6408,1,734
1885,29,48,5136,5137,6411,1,1275
2319,1,48,6320,6321,6414,1,94
2123,3,48,5785,5786,6417,1,632
2324,6,48,6334,6335,6420,1,86
2325,7,48,6336,6337,6423,1,87
2129,9,48,5802,5803,6426,1,624
2330,12,48,6350,6352,6429,2,79
2331,13,48,6353,6355,6432,2,79
2135,15,48,5818,5819,6435,1,617
2336,18,48,6366,6368,6438,2,72
2337,19,48,6369,6370,6441,1,72
2349,31,48,6402,6403,6444,1,42
2154,34,48,5870,5872,6447,2,577
2354,36,48,6415,6416,6450,1,35
2355,37,48,6418,6419,6453,1,35
2160,40,48,5886,5888,6456,2,570
2029,41,48,5529,5530,6459,1,930
2361,43,48,6435,6436,6462,1,27
2166,46,48,5903,5905,6465,2,562
2035,47,48,5545,5546,6468,1,923
2367,49,48,6451,6452,6471,1,20
2171,51,48,5916,5917,6474,1,558
1975,53,48,5382,5383,6477,1,1095
2373,55,48,6467,6468,6480,1,13
2177,57,48,5933,5935,6483,2,550
1981,59,48,5398,5399,6486,1,1088
1984,62,48,5406,5408,6489,2,1083
2183,63,48,5949,5950,6492,1,543
1988,66,48,5417,5419,6495,2,1078
1924,2,48,5243,5245,6498,2,1255
2124,4,48,5788,5790,6501,2,713
1927,5,48,5251,5252,6504,1,1253
1930,8,48,5259,5260,6507,1,1248
2130,10,48,5805,5806,6510,1,705
1933,11,48,5267,5268,6513,1,1246
1936,14,48,5275,5276,6516,1,1241
2136,16,48,5821,5823,6519,2,698
1939,17,48,5284,5285,6522,1,1238
1942,20,48,5292,5293,6525,1,1233
2141,21,48,5835,5836,6528,1,693
2342,24,48,6383,6385,6531,2,148
1882,26,48,5128,5130,6534,2,1406
2147,27,48,5851,5852,6537,1,686
2348,30,48,6399,6400,6540,1,141
2172,52,48,5919,5920,6543,1,624
2372,54,48,6465,6466,6546,1,81
1978,56,48,5390,5392,6549,2,1159
2178,58,48,5935,5936,6552,1,617
2378,60,48,6481,6483,6555,2,74
2379,61,48,6484,6485,6558,1,74
2184,64,48,5952,5953,6561,1,609
2383,65,48,6495,6496,6564,1,69
2020,32,48,5505,5506,6567,1,1062
2219,33,48,6047,6048,6570,1,523
2023,35,48,5513,5515,6573,2,1060
2026,38,48,5521,5523,6576,2,1055
2225,39,48,6064,6065,6579,1,515
2360,42,48,6432,6433,6582,1,150
2032,44,48,5537,5539,6585,2,1048
2231,45,48,6080,6081,6588,1,508
2366,48,48,6448,6450,6591,2,143
2038,50,48,5554,5555,6594,1,1040
2142,22,48,5837,5839,6597,2,760
2408,24,48,6563,6565,6600,2,37
2409,25,48,6565,6566,6603,1,38
2148,28,48,5854,5855,6606,1,752
2414,30,48,6579,6580,6609,1,30
2385,1,48,6500,6501,6612,1,112
2189,3,48,5965,5966,6615,1,650
2390,6,48,6514,6515,6618,1,104
2391,7,48,6516,6517,6621,1,105
2195,9,48,5982,5983,6624,1,642
2396,12,48,6530,6532,6627,2,97
2397,13,48,6533,6535,6630,2,97
2201,15,48,5998,5999,6633,1,635
2402,18,48,6546,6548,6636,2,90
2403,19,48,6549,6550,6639,1,90
2415,31,48,6582,6583,6642,1,60
2220,34,48,6050,6052,6645,2,595
2420,36,48,6595,6596,6648,1,53
2421,37,48,6598,6599,6651,1,53
2226,40,48,6066,6068,6654,2,588
2426,42,48,6612,6613,6657,1,45
2427,43,48,6615,6616,6660,1,45
2232,46,48,6083,6085,6663,2,580
2432,48,48,6628,6630,6666,2,38
2433,49,48,6631,6632,6669,1,38
2237,51,48,6096,6097,6672,1,576
2438,54,48,6645,6646,6675,1,30
2439,55,48,6647,6648,6678,1,31
2243,57,48,6113,6115,6681,2,568
2047,59,48,5578,5579,6684,1,1106
2445,61,48,6664,6665,6687,1,23
2249,63,48,6129,6130,6690,1,561
2449,65,48,6675,6676,6693,1,18
2451,1,48,6680,6681,6696,1,16
2190,4,48,5968,5970,6699,2,731
1993,5,48,5431,5432,6702,1,1271
1996,8,48,5439,5440,6705,1,1266
2196,10,48,5985,5986,6708,1,723
1999,11,48,5447,5448,6711,1,1264
2002,14,48,5455,5456,6714,1,1259
2202,16,48,6001,6003,6717,2,716
2005,17,48,5464,5465,6720,1,1256
2008,20,48,5472,5473,6723,1,1251
2207,21,48,6015,6016,6726,1,711
1945,23,48,5300,5301,6729,1,1429
1948,26,48,5308,5310,6732,2,1424
2213,27,48,6031,6032,6735,1,704
1951,29,48,5316,5317,6738,1,1422
2238,52,48,6099,6100,6741,1,642
2041,53,48,5562,5563,6744,1,1182
2044,56,48,5570,5572,6747,2,1177
2244,58,48,6115,6116,6750,1,635
2444,60,48,6661,6663,6753,2,92
2050,62,48,5586,5588,6756,2,1170
2250,64,48,6132,6133,6759,1,627
2054,66,48,5597,5599,6762,2,1165
2086,32,48,5685,5686,6765,1,1080
2285,33,48,6227,6228,6768,1,541
2089,35,48,5693,5695,6771,2,1078
2092,38,48,5701,5703,6774,2,1073
2291,39,48,6244,6245,6777,1,533
2095,41,48,5709,5710,6780,1,1071
2098,44,48,5717,5719,6783,2,1066
2297,45,48,6260,6261,6786,1,526
2101,47,48,5725,5726,6789,1,1064
2104,50,48,5734,5735,6792,1,1058
2208,22,48,6017,6019,6795,2,778
2474,24,48,6743,6745,6798,2,55
2475,25,48,6745,6746,6801,1,56
2214,28,48,6034,6035,6804,1,770
2480,30,48,6759,6760,6807,1,48
1990,2,48,5423,5425,6810,2,1387
2255,3,48,6145,6146,6813,1,668
2456,6,48,6694,6695,6816,1,122
2457,7,48,6696,6697,6819,1,123
2261,9,48,6162,6163,6822,1,660
2462,12,48,6710,6712,6825,2,115
2463,13,48,6713,6715,6828,2,115
2267,15,48,6178,6179,6831,1,653
2468,18,48,6726,6728,6834,2,108
2469,19,48,6729,6730,6837,1,108
2481,31,48,6762,6763,6840,1,78
2286,34,48,6230,6232,6843,2,613
2486,36,48,6775,6776,6846,1,71
2487,37,48,6778,6779,6849,1,71
2292,40,48,6246,6248,6852,2,606
2492,42,48,6792,6793,6855,1,63
2493,43,48,6795,6796,6858,1,63
2298,46,48,6263,6265,6861,2,598
2498,48,48,6808,6810,6864,2,56
2499,49,48,6811,6812,6867,1,56
2303,51,48,6276,6277,6870,1,594
2504,54,48,6825,6826,6873,1,48
2505,55,48,6827,6828,6876,1,49
2309,57,48,6293,6295,6879,2,586
2510,60,48,6841,6843,6882,2,41
2511,61,48,6844,6845,6885,1,41
2315,63,48,6309,6310,6888,1,579
2515,65,48,6855,6856,6891,1,36
2517,1,48,6860,6861,6894,1,34
2256,4,48,6148,6150,6897,2,749
2059,5,48,5611,5612,6900,1,1289
2523,7,48,6876,6877,6903,1,27
2262,10,48,6165,6166,6906,1,741
2065,11,48,5627,5628,6909,1,1282
2529,13,48,6893,6895,6912,2,19
2268,16,48,6181,6183,6915,2,734
2071,17,48,5644,5645,6918,1,1274
2535,19,48,6909,6910,6921,1,12
2273,21,48,6195,6196,6924,1,729
2011,23,48,5480,5481,6927,1,1447
2014,26,48,5488,5490,6930,2,1442
2279,27,48,6211,6212,6933,1,722
2017,29,48,5496,5497,6936,1,1440
2304,52,48,6279,6280,6939,1,660
2107,53,48,5742,5743,6942,1,1200
2110,56,48,5750,5752,6945,2,1195
2310,58,48,6295,6296,6948,1,653
2113,59,48,5758,5759,6951,1,1193
2116,62,48,5766,5768,6954,2,1188
2316,64,48,6312,6313,6957,1,645
2120,66,48,5777,5779,6960,2,1183
2547,31,48,6942,6943,6963,1,21
2351,33,48,6407,6408,6966,1,559
2155,35,48,5873,5875,6969,2,1096
2553,37,48,6958,6959,6972,1,14
2357,39,48,6424,6425,6975,1,551
2161,41,48,5889,5890,6978,1,1089
2164,44,48,5897,5899,6981,2,1084
2363,45,48,6440,6441,6984,1,544
2167,47,48,5905,5906,6987,1,1082
2170,50,48,5914,5915,6990,1,1076
2274,22,48,6197,6199,6993,2,796
2540,24,48,6923,6925,6996,2,73
2541,25,48,6925,6926,6999,1,74
2280,28,48,6214,6215,7002,1,788
2546,30,48,6939,6940,7005,1,66
2056,2,48,5603,5605,7008,2,1405
2321,3,48,6325,6326,7011,1,686
2522,6,48,6874,6875,7014,1,140
2062,8,48,5619,5620,7017,1,1398
2327,9,48,6342,6343,7020,1,678
2528,12,48,6890,6892,7023,2,133
2068,14,48,5635,5636,7026,1,1391
2333,15,48,6358,6359,7029,1,671
2534,18,48,6906,6908,7032,2,126
2074,20,48,5652,5653,7035,1,1383
2152,32,48,5865,5866,7038,1,1173
2352,34,48,6410,6412,7041,2,631
2552,36,48,6955,6956,7044,1,89
2158,38,48,5881,5883,7047,2,1166
2358,40,48,6426,6428,7050,2,624
2558,42,48,6972,6973,7053,1,81
2559,43,48,6975,6976,7056,1,81
2364,46,48,6443,6445,7059,2,616
2564,48,48,6988,6990,7062,2,74
2565,49,48,6991,6992,7065,1,74
2369,51,48,6456,6457,7068,1,612
2570,54,48,7005,7006,7071,1,66
2571,55,48,7007,7008,7074,1,67
2375,57,48,6473,6475,7077,2,604
2576,60,48,7021,7023,7080,2,59
2577,61,48,7024,7025,7083,1,59
2381,63,48,6489,6490,7086,1,597
2581,65,48,7035,7036,7089,1,54
2583,1,48,7040,7041,7092,1,52
2322,4,48,6328,6330,7095,2,767
2588,6,48,7054,7055,7098,1,44
2589,7,48,7056,7057,7101,1,45
2328,10,48,6345,6346,7104,1,759
2594,12,48,7070,7072,7107,2,37
2595,13,48,7073,7075,7110,2,37
2334,16,48,6361,6363,7113,2,752
2600,18,48,7086,7088,7116,2,30
2601,19,48,7089,7090,7119,1,30
2339,21,48,6375,6376,7122,1,747
2077,23,48,5660,5661,7125,1,1465
2607,25,48,7105,7106,7128,1,23
2345,27,48,6391,6392,7131,1,740
2083,29,48,5676,5677,7134,1,1458
2370,52,48,6459,6460,7137,1,678
2173,53,48,5922,5923,7140,1,1218
2176,56,48,5930,5932,7143,2,1213
2376,58,48,6475,6476,7146,1,671
2179,59,48,5938,5939,7149,1,1211
2182,62,48,5946,5948,7152,2,1206
2382,64,48,6492,6493,7155,1,663
2186,66,48,5957,5959,7158,2,1201
2613,31,48,7122,7123,7161,1,39
2417,33,48,6587,6588,7164,1,577
2618,36,48,7135,7136,7167,1,32
2619,37,48,7138,7139,7170,1,32
2423,39,48,6604,6605,7173,1,569
2227,41,48,6069,6070,7176,1,1107
2625,43,48,7155,7156,7179,1,24
2429,45,48,6620,6621,7182,1,562
2233,47,48,6085,6086,7185,1,1100
2631,49,48,7171,7172,7188,1,17
2340,22,48,6377,6379,7191,2,814
2606,24,48,7103,7105,7194,2,91
2080,26,48,5668,5670,7197,2,1529
2346,28,48,6394,6395,7200,1,806
2612,30,48,7119,7120,7203,1,84
2122,2,48,5783,5785,7206,2,1423
2387,3,48,6505,6506,7209,1,704
2125,5,48,5791,5792,7212,1,1421
2128,8,48,5799,5800,7215,1,1416
2393,9,48,6522,6523,7218,1,696
2131,11,48,5807,5808,7221,1,1414
2134,14,48,5815,5816,7224,1,1409
2399,15,48,6538,6539,7227,1,689
2137,17,48,5824,5825,7230,1,1406
2140,20,48,5832,5833,7233,1,1401
2218,32,48,6045,6046,7236,1,1191
2418,34,48,6590,6592,7239,2,649
2221,35,48,6053,6055,7242,2,1189
2224,38,48,6061,6063,7245,2,1184
2424,40,48,6606,6608,7248,2,642
2624,42,48,7152,7153,7251,1,99
2230,44,48,6077,6079,7254,2,1177
2430,46,48,6623,6625,7257,2,634
2630,48,48,7168,7170,7260,2,92
2236,50,48,6094,6095,7263,1,1169
2435,51,48,6636,6637,7266,1,630
2636,54,48,7185,7186,7269,1,84
2637,55,48,7187,7188,7272,1,85
2441,57,48,6653,6655,7275,2,622
2642,60,48,7201,7203,7278,2,77
2643,61,48,7204,7205,7281,1,77
2447,63,48,6669,6670,7284,1,615
2647,65,48,7215,7216,7287,1,72
2649,1,48,7220,7221,7290,1,70
2388,4,48,6508,6510,7293,2,785
2654,6,48,7234,7235,7296,1,62
2655,7,48,7236,7237,7299,1,63
2394,10,48,6525,6526,7302,1,777
2660,12,48,7250,7252,7305,2,55
2661,13,48,7253,7255,7308,2,55
2400,16,48,6541,6543,7311,2,770
2666,18,48,7266,7268,7314,2,48
2667,19,48,7269,7270,7317,1,48
2405,21,48,6555,6556,7320,1,765
2672,24,48,7283,7285,7323,2,40
2673,25,48,7285,7286,7326,1,41
2411,27,48,6571,6572,7329,1,758
2678,30,48,7299,7300,7332,1,33
2436,52,48,6639,6640,7335,1,696
2239,53,48,6102,6103,7338,1,1236
2242,56,48,6110,6112,7341,2,1231
2442,58,48,6655,6656,7344,1,689
2245,59,48,6118,6119,7347,1,1229
2248,62,48,6126,6128,7350,2,1224
2448,64,48,6672,6673,7353,1,681
2252,66,48,6137,6139,7356,2,1219
2679,31,48,7302,7303,7359,1,57
2483,33,48,6767,6768,7362,1,595
2684,36,48,7315,7316,7365,1,50
2685,37,48,7318,7319,7368,1,50
2489,39,48,6784,6785,7371,1,587
2690,42,48,7332,7333,7374,1,42
2691,43,48,7335,7336,7377,1,42
2495,45,48,6800,6801,7380,1,580
2696,48,48,7348,7350,7383,2,35
2697,49,48,7351,7352,7386,1,35
2406,22,48,6557,6559,7389,2,832
2143,23,48,5840,5841,7392,1,1552
2146,26,48,5848,5850,7395,2,1547
2412,28,48,6574,6575,7398,1,824
2149,29,48,5856,5857,7401,1,1545
2188,2,48,5963,5965,7404,2,1441
2453,3,48,6685,6686,7407,1,722
2191,5,48,5971,5972,7410,1,1439
2194,8,48,5979,5980,7413,1,1434
2459,9,48,6702,6703,7416,1,714
2197,11,48,5987,5988,7419,1,1432
2200,14,48,5995,5996,7422,1,1427
2465,15,48,6718,6719,7425,1,707
2203,17,48,6004,6005,7428,1,1424
2206,20,48,6012,6013,7431,1,1419
2284,32,48,6225,6226,7434,1,1209
2484,34,48,6770,6772,7437,2,667
2287,35,48,6233,6235,7440,2,1207
2290,38,48,6241,6243,7443,2,1202
2490,40,48,6786,6788,7446,2,660
2293,41,48,6249,6250,7449,1,1200
2296,44,48,6257,6259,7452,2,1195
2496,46,48,6803,6805,7455,2,652
2299,47,48,6265,6266,7458,1,1193
2302,50,48,6274,6275,7461,1,1187
2501,51,48,6816,6817,7464,1,648
2702,54,48,7365,7366,7467,1,102
2703,55,48,7367,7368,7470,1,103
2507,57,48,6833,6835,7473,2,640
2708,60,48,7381,7383,7476,2,95
2709,61,48,7384,7385,7479,1,95
2513,63,48,6849,6850,7482,1,633
2713,65,48,7395,7396,7485,1,90
2715,1,48,7400,7401,7488,1,88
2454,4,48,6688,6690,7491,2,803
2720,6,48,7414,7415,7494,1,80
2721,7,48,7416,7417,7497,1,81
2460,10,48,6705,6706,7500,1,795
2726,12,48,7430,7432,7503,2,73
2727,13,48,7433,7435,7506,2,73
2466,16,48,6721,6723,7509,2,788
2732,18,48,7446,7448,7512,2,66
2733,19,48,7449,7450,7515,1,66
2471,21,48,6735,6736,7518,1,783
2738,24,48,7463,7465,7521,2,58
2739,25,48,7465,7466,7524,1,59
2477,27,48,6751,6752,7527,1,776
2744,30,48,7479,7480,7530,1,51
2502,52,48,6819,6820,7533,1,714
2305,53,48,6282,6283,7536,1,1254
2308,56,48,6290,6292,7539,2,1249
2508,58,48,6835,6836,7542,1,707
2311,59,48,6298,6299,7545,1,1247
2314,62,48,6306,6308,7548,2,1242
2514,64,48,6852,6853,7551,1,699
2318,66,48,6317,6319,7554,2,1237
2745,31,48,7482,7483,7557,1,75
2549,33,48,6947,6948,7560,1,613
2750,36,48,7495,7496,7563,1,68
2751,37,48,7498,7499,7566,1,68
2555,39,48,6964,6965,7569,1,605
2756,42,48,7512,7513,7572,1,60
2757,43,48,7515,7516,7575,1,60
2561,45,48,6980,6981,7578,1,598
2762,48,48,7528,7530,7581,2,53
2763,49,48,7531,7532,7584,1,53
2472,22,48,6737,6739,7587,2,850
2209,23,48,6020,6021,7590,1,1570
2212,26,48,6028,6030,7593,2,1565
2478,28,48,6754,6755,7596,1,842
2215,29,48,6036,6037,7599,1,1563
2781,1,48,7580,7581,7602,1,22
2519,3,48,6865,6866,7605,1,740
2257,5,48,6151,6152,7608,1,1457
2787,7,48,7596,7597,7611,1,15
2525,9,48,6882,6883,7614,1,732
2263,11,48,6167,6168,7617,1,1450
2266,14,48,6175,6176,7620,1,1445
2531,15,48,6898,6899,7623,1,725
2269,17,48,6184,6185,7626,1,1442
2272,20,48,6192,6193,7629,1,1437
2350,32,48,6405,6406,7632,1,1227
2550,34,48,6950,6952,7635,2,685
2353,35,48,6413,6415,7638,2,1225
2356,38,48,6421,6423,7641,2,1220
2556,40,48,6966,6968,7644,2,678
2359,41,48,6429,6430,7647,1,1218
2362,44,48,6437,6439,7650,2,1213
2562,46,48,6983,6985,7653,2,670
2365,47,48,6445,6446,7656,1,1211
2368,50,48,6454,6455,7659,1,1205
2567,51,48,6996,6997,7662,1,666
2768,54,48,7545,7546,7665,1,120
2769,55,48,7547,7548,7668,1,121
2573,57,48,7013,7015,7671,2,658
2774,60,48,7561,7563,7674,2,113
2775,61,48,7564,7565,7677,1,113
2579,63,48,7029,7030,7680,1,651
2779,65,48,7575,7576,7683,1,108
2254,2,48,6143,6145,7686,2,1543
2520,4,48,6868,6870,7689,2,821
2786,6,48,7594,7595,7692,1,98
2260,8,48,6159,6160,7695,1,1536
2526,10,48,6885,6886,7698,1,813
2792,12,48,7610,7612,7701,2,91
2793,13,48,7613,7615,7704,2,91
2532,16,48,6901,6903,7707,2,806
2798,18,48,7626,7628,7710,2,84
2799,19,48,7629,7630,7713,1,84
2537,21,48,6915,6916,7716,1,801
2804,24,48,7643,7645,7719,2,76
2805,25,48,7645,7646,7722,1,77
2543,27,48,6931,6932,7725,1,794
2810,30,48,7659,7660,7728,1,69
2568,52,48,6999,7000,7731,1,732
2371,53,48,6462,6463,7734,1,1272
2374,56,48,6470,6472,7737,2,1267
2574,58,48,7015,7016,7740,1,725
2377,59,48,6478,6479,7743,1,1265
2380,62,48,6486,6488,7746,2,1260
2580,64,48,7032,7033,7749,1,717
2384,66,48,6497,6499,7752,2,1255
2811,31,48,7662,7663,7755,1,93
2615,33,48,7127,7128,7758,1,631
2816,36,48,7675,7676,7761,1,86
2817,37,48,7678,7679,7764,1,86
2621,39,48,7144,7145,7767,1,623
2822,42,48,7692,7693,7770,1,78
2823,43,48,7695,7696,7773,1,78
2627,45,48,7160,7161,7776,1,616
2828,48,48,7708,7710,7779,2,71
2829,49,48,7711,7712,7782,1,71
2538,22,48,6917,6919,7785,2,868
2275,23,48,6200,6201,7788,1,1588
2278,26,48,6208,6210,7791,2,1583
2544,28,48,6934,6935,7794,1,860
2281,29,48,6216,6217,7797,1,1581
2847,1,48,7760,7761,7800,1,40
2585,3,48,7045,7046,7803,1,758
2852,6,48,7774,7775,7806,1,32
2853,7,48,7776,7777,7809,1,33
2591,9,48,7062,7063,7812,1,750
2329,11,48,6347,6348,7815,1,1468
2859,13,48,7793,7795,7818,2,25
2597,15,48,7078,7079,7821,1,743
2335,17,48,6364,6365,7824,1,1460
2865,19,48,7809,7810,7827,1,18
2416,32,48,6585,6586,7830,1,1245
2616,34,48,7130,7132,7833,2,703
2419,35,48,6593,6595,7836,2,1243
2422,38,48,6601,6603,7839,2,1238
2622,40,48,7146,7148,7842,2,696
2425,41,48,6609,6610,7845,1,1236
2428,44,48,6617,6619,7848,2,1231
2628,46,48,7163,7165,7851,2,688
2431,47,48,6625,6626,7854,1,1229
2434,50,48,6634,6635,7857,1,1223
2633,51,48,7176,7177,7860,1,684
2834,54,48,7725,7726,7863,1,138
2835,55,48,7727,7728,7866,1,139
2639,57,48,7193,7195,7869,2,676
2840,60,48,7741,7743,7872,2,131
2841,61,48,7744,7745,7875,1,131
2645,63,48,7209,7210,7878,1,669
2845,65,48,7755,7756,7881,1,126
2320,2,48,6323,6325,7884,2,1561
2586,4,48,7048,7050,7887,2,839
2323,5,48,6331,6332,7890,1,1559
2326,8,48,6339,6340,7893,1,1554
2592,10,48,7065,7066,7896,1,831
2858,12,48,7790,7792,7899,2,109
2332,14,48,6355,6356,7902,1,1547
2598,16,48,7081,7083,7905,2,824
2864,18,48,7806,7808,7908,2,102
2338,20,48,6372,6373,7911,1,1539
2603,21,48,7095,7096,7914,1,819
2870,24,48,7823,7825,7917,2,94
2871,25,48,7825,7826,7920,1,95
2609,27,48,7111,7112,7923,1,812
2876,30,48,7839,7840,7926,1,87
2634,52,48,7179,7180,7929,1,750
2437,53,48,6642,6643,7932,1,1290
2901,55,48,7907,7908,7935,1,28
2640,58,48,7195,7196,7938,1,743
2443,59,48,6658,6659,7941,1,1283
2907,61,48,7924,7925,7944,1,20
2646,64,48,7212,7213,7947,1,735
2911,65,48,7935,7936,7950,1,15
2877,31,48,7842,7843,7953,1,111
2681,33,48,7307,7308,7956,1,649
2882,36,48,7855,7856,7959,1,104
2883,37,48,7858,7859,7962,1,104
2687,39,48,7324,7325,7965,1,641
2888,42,48,7872,7873,7968,1,96
2889,43,48,7875,7876,7971,1,96
2693,45,48,7340,7341,7974,1,634
2894,48,48,7888,7890,7977,2,89
2895,49,48,7891,7892,7980,1,89
2604,22,48,7097,7099,7983,2,886
2341,23,48,6380,6381,7986,1,1606
2344,26,48,6388,6390,7989,2,1601
2610,28,48,7114,7115,7992,1,878
2347,29,48,6396,6397,7995,1,1599
2913,1,48,7940,7941,7998,1,58
2651,3,48,7225,7226,8001,1,776
2918,6,48,7954,7955,8004,1,50
2919,7,48,7956,7957,8007,1,51
2657,9,48,7242,7243,8010,1,768
2924,12,48,7970,7972,8013,2,43
2925,13,48,7973,7975,8016,2,43
2663,15,48,7258,7259,8019,1,761
2930,18,48,7986,7988,8022,2,36
2931,19,48,7989,7990,8025,1,36
2482,32,48,6765,6766,8028,1,1263
2682,34,48,7310,7312,8031,2,721
2485,35,48,6773,6775,8034,2,1261
2488,38,48,6781,6783,8037,2,1256
2688,40,48,7326,7328,8040,2,714
2491,41,48,6789,6790,8043,1,1254
2494,44,48,6797,6799,8046,2,1249
2694,46,48,7343,7345,8049,2,706
2497,47,48,6805,6806,8052,1,1247
2500,50,48,6814,6815,8055,1,1241
2699,51,48,7356,7357,8058,1,702
2900,54,48,7905,7906,8061,1,156
2440,56,48,6650,6652,8064,2,1414
2705,57,48,7373,7375,8067,2,694
2906,60,48,7921,7923,8070,2,149
2446,62,48,6666,6668,8073,2,1407
2711,63,48,7389,7390,8076,1,687
2450,66,48,6677,6679,8079,2,1402
2386,2,48,6503,6505,8082,2,1579
2652,4,48,7228,7230,8085,2,857
2389,5,48,6511,6512,8088,1,1577
2392,8,48,6519,6520,8091,1,1572
2658,10,48,7245,7246,8094,1,849
2395,11,48,6527,6528,8097,1,1570
2398,14,48,6535,6536,8100,1,1565
2664,16,48,7261,7263,8103,2,842
2401,17,48,6544,6545,8106,1,1562
2404,20,48,6552,6553,8109,1,1557
2669,21,48,7275,7276,8112,1,837
2936,24,48,8003,8005,8115,2,112
2937,25,48,8005,8006,8118,1,113
2675,27,48,7291,7292,8121,1,830
2942,30,48,8019,8020,8124,1,105
2700,52,48,7359,7360,8127,1,768
2966,54,48,8085,8086,8130,1,45
2967,55,48,8087,8088,8133,1,46
2706,58,48,7375,7376,8136,1,761
2972,60,48,8101,8103,8139,2,38
2973,61,48,8104,8105,8142,1,38
2712,64,48,7392,7393,8145,1,753
2977,65,48,8115,8116,8148,1,33
2943,31,48,8022,8023,8151,1,129
2747,33,48,7487,7488,8154,1,667
2948,36,48,8035,8036,8157,1,122
2949,37,48,8038,8039,8160,1,122
2753,39,48,7504,7505,8163,1,659
2954,42,48,8052,8053,8166,1,114
2955,43,48,8055,8056,8169,1,114
2759,45,48,7520,7521,8172,1,652
2960,48,48,8068,8070,8175,2,107
2961,49,48,8071,8072,8178,1,107
2670,22,48,7277,7279,8181,2,904
2407,23,48,6560,6561,8184,1,1624
2410,26,48,6568,6570,8187,2,1619
2676,28,48,7294,7295,8190,1,896
2413,29,48,6576,6577,8193,1,1617
2979,1,48,8120,8121,8196,1,76
2717,3,48,7405,7406,8199,1,794
2984,6,48,8134,8135,8202,1,68
2985,7,48,8136,8137,8205,1,69
2723,9,48,7422,7423,8208,1,786
2990,12,48,8150,8152,8211,2,61
2991,13,48,8153,8155,8214,2,61
2729,15,48,7438,7439,8217,1,779
2996,18,48,8166,8168,8220,2,54
2997,19,48,8169,8170,8223,1,54
3009,31,48,8202,8203,8226,1,24
2748,34,48,7490,7492,8229,2,739
2551,35,48,6953,6955,8232,2,1279
3015,37,48,8218,8219,8235,1,17
2754,40,48,7506,7508,8238,2,732
2557,41,48,6969,6970,8241,1,1272
2560,44,48,6977,6979,8244,2,1267
2760,46,48,7523,7525,8247,2,724
2563,47,48,6985,6986,8250,1,1265
2566,50,48,6994,6995,8253,1,1259
2765,51,48,7536,7537,8256,1,720
2503,53,48,6822,6823,8259,1,1437
2506,56,48,6830,6832,8262,2,1432
2771,57,48,7553,7555,8265,2,712
2509,59,48,6838,6839,8268,1,1430
2512,62,48,6846,6848,8271,2,1425
2777,63,48,7569,7570,8274,1,705
2516,66,48,6857,6859,8277,2,1420
2452,2,48,6683,6685,8280,2,1597
2718,4,48,7408,7410,8283,2,875
2455,5,48,6691,6692,8286,1,1595
2458,8,48,6699,6700,8289,1,1590
2724,10,48,7425,7426,8292,1,867
2461,11,48,6707,6708,8295,1,1588
2464,14,48,6715,6716,8298,1,1583
2730,16,48,7441,7443,8301,2,860
2467,17,48,6724,6725,8304,1,1580
2470,20,48,6732,6733,8307,1,1575
2735,21,48,7455,7456,8310,1,855
3002,24,48,8183,8185,8313,2,130
3003,25,48,8185,8186,8316,1,131
2741,27,48,7471,7472,8319,1,848
3008,30,48,8199,8200,8322,1,123
2766,52,48,7539,7540,8325,1,786
3032,54,48,8265,8266,8328,1,63
3033,55,48,8267,8268,8331,1,64
2772,58,48,7555,7556,8334,1,779
3038,60,48,8281,8283,8337,2,56
3039,61,48,8284,8285,8340,1,56
2778,64,48,7572,7573,8343,1,771
3043,65,48,8295,8296,8346,1,51
2548,32,48,6945,6946,8349,1,1404
2813,33,48,7667,7668,8352,1,685
3014,36,48,8215,8216,8355,1,140
2554,38,48,6961,6963,8358,2,1397
2819,39,48,7684,7685,8361,1,677
3020,42,48,8232,8233,8364,1,132
3021,43,48,8235,8236,8367,1,132
2825,45,48,7700,7701,8370,1,670
3026,48,48,8248,8250,8373,2,125
3027,49,48,8251,8252,8376,1,125
2736,22,48,7457,7459,8379,2,922
2473,23,48,6740,6741,8382,1,1642
3069,25,48,8365,8366,8385,1,20
2742,28,48,7474,7475,8388,1,914
2479,29,48,6756,6757,8391,1,1635
3045,1,48,8300,8301,8394,1,94
2783,3,48,7585,7586,8397,1,812
3050,6,48,8314,8315,8400,1,86
3051,7,48,8316,8317,8403,1,87
2789,9,48,7602,7603,8406,1,804
3056,12,48,8330,8332,8409,2,79
3057,13,48,8333,8335,8412,2,79
2795,15,48,7618,7619,8415,1,797
3062,18,48,8346,8348,8418,2,72
3063,19,48,8349,8350,8421,1,72
3075,31,48,8382,8383,8424,1,42
2814,34,48,7670,7672,8427,2,757
3080,36,48,8395,8396,8430,1,35
3081,37,48,8398,8399,8433,1,35
2820,40,48,7686,7688,8436,2,750
2623,41,48,7149,7150,8439,1,1290
3087,43,48,8415,8416,8442,1,27
2826,46,48,7703,7705,8445,2,742
2629,47,48,7165,7166,8448,1,1283
3093,49,48,8431,8432,8451,1,20
2831,51,48,7716,7717,8454,1,738
2569,53,48,7002,7003,8457,1,1455
3099,55,48,8447,8448,8460,1,13
2837,57,48,7733,7735,8463,2,730
2575,59,48,7018,7019,8466,1,1448
2578,62,48,7026,7028,8469,2,1443
2843,63,48,7749,7750,8472,1,723
2582,66,48,7037,7039,8475,2,1438
2518,2,48,6863,6865,8478,2,1615
2784,4,48,7588,7590,8481,2,893
2521,5,48,6871,6872,8484,1,1613
2524,8,48,6879,6880,8487,1,1608
2790,10,48,7605,7606,8490,1,885
2527,11,48,6887,6888,8493,1,1606
2530,14,48,6895,6896,8496,1,1601
2796,16,48,7621,7623,8499,2,878
2533,17,48,6904,6905,8502,1,1598
2536,20,48,6912,6913,8505,1,1593
2801,21,48,7635,7636,8508,1,873
3068,24,48,8363,8365,8511,2,148
2476,26,48,6748,6750,8514,2,1766
2807,27,48,7651,7652,8517,1,866
3074,30,48,8379,8380,8520,1,141
2832,52,48,7719,7720,8523,1,804
3098,54,48,8445,8446,8526,1,81
2572,56,48,7010,7012,8529,2,1519
2838,58,48,7735,7736,8532,1,797
3104,60,48,8461,8463,8535,2,74
3105,61,48,8464,8465,8538,1,74
2844,64,48,7752,7753,8541,1,789
3109,65,48,8475,8476,8544,1,69
2614,32,48,7125,7126,8547,1,1422
2879,33,48,7847,7848,8550,1,703
2617,35,48,7133,7135,8553,2,1420
2620,38,48,7141,7143,8556,2,1415
2885,39,48,7864,7865,8559,1,695
3086,42,48,8412,8413,8562,1,150
2626,44,48,7157,7159,8565,2,1408
2891,45,48,7880,7881,8568,1,688
3092,48,48,8428,8430,8571,2,143
2632,50,48,7174,7175,8574,1,1400
2802,22,48,7637,7639,8577,2,940
3134,24,48,8543,8545,8580,2,37
3135,25,48,8545,8546,8583,1,38
2808,28,48,7654,7655,8586,1,932
3140,30,48,8559,8560,8589,1,30
3111,1,48,8480,8481,8592,1,112
2849,3,48,7765,7766,8595,1,830
3116,6,48,8494,8495,8598,1,104
3117,7,48,8496,8497,8601,1,105
2855,9,48,7782,7783,8604,1,822
3122,12,48,8510,8512,8607,2,97
3123,13,48,8513,8515,8610,2,97
2861,15,48,7798,7799,8613,1,815
3128,18,48,8526,8528,8616,2,90
3129,19,48,8529,8530,8619,1,90
3141,31,48,8562,8563,8622,1,60
2880,34,48,7850,7852,8625,2,775
3146,36,48,8575,8576,8628,1,53
3147,37,48,8578,8579,8631,1,53
2886,40,48,7866,7868,8634,2,768
3152,42,48,8592,8593,8637,1,45
3153,43,48,8595,8596,8640,1,45
2892,46,48,7883,7885,8643,2,760
3158,48,48,8608,8610,8646,2,38
3159,49,48,8611,8612,8649,1,38
2897,51,48,7896,7897,8652,1,756
3164,54,48,8625,8626,8655,1,30
3165,55,48,8627,8628,8658,1,31
2903,57,48,7913,7915,8661,2,748
2641,59,48,7198,7199,8664,1,1466
3171,61,48,8644,8645,8667,1,23
2909,63,48,7929,7930,8670,1,741
3175,65,48,8655,8656,8673,1,18
3177,1,48,8660,8661,8676,1,16
2850,4,48,7768,7770,8679,2,911
2587,5,48,7051,7052,8682,1,1631
2590,8,48,7059,7060,8685,1,1626
2856,10,48,7785,7786,8688,1,903
2593,11,48,7067,7068,8691,1,1624
2596,14,48,7075,7076,8694,1,1619
2862,16,48,7801,7803,8697,2,896
2599,17,48,7084,7085,8700,1,1616
2602,20,48,7092,7093,8703,1,1611
2867,21,48,7815,7816,8706,1,891
2539,23,48,6920,6921,8709,1,1789
2542,26,48,6928,6930,8712,2,1784
2873,27,48,7831,7832,8715,1,884
2545,29,48,6936,6937,8718,1,1782
2898,52,48,7899,7900,8721,1,822
2635,53,48,7182,7183,8724,1,1542
2638,56,48,7190,7192,8727,2,1537
2904,58,48,7915,7916,8730,1,815
3170,60,48,8641,8643,8733,2,92
2644,62,48,7206,7208,8736,2,1530
2910,64,48,7932,7933,8739,1,807
2648,66,48,7217,7219,8742,2,1525
2680,32,48,7305,7306,8745,1,1440
2945,33,48,8027,8028,8748,1,721
2683,35,48,7313,7315,8751,2,1438
2686,38,48,7321,7323,8754,2,1433
2951,39,48,8044,8045,8757,1,713
2689,41,48,7329,7330,8760,1,1431
2692,44,48,7337,7339,8763,2,1426
2957,45,48,8060,8061,8766,1,706
2695,47,48,7345,7346,8769,1,1424
2698,50,48,7354,7355,8772,1,1418
2868,22,48,7817,7819,8775,2,958
3200,24,48,8723,8725,8778,2,55
3201,25,48,8725,8726,8781,1,56
2874,28,48,7834,7835,8784,1,950
3206,30,48,8739,8740,8787,1,48
2584,2,48,7043,7045,8790,2,1747
2915,3,48,7945,7946,8793,1,848
3182,6,48,8674,8675,8796,1,122
3183,7,48,8676,8677,8799,1,123
2921,9,48,7962,7963,8802,1,840
3188,12,48,8690,8692,8805,2,115
3189,13,48,8693,8695,8808,2,115
2927,15,48,7978,7979,8811,1,833
3194,18,48,8706,8708,8814,2,108
3195,19,48,8709,8710,8817,1,108
3207,31,48,8742,8743,8820,1,78
2946,34,48,8030,8032,8823,2,793
3212,36,48,8755,8756,8826,1,71
3213,37,48,8758,8759,8829,1,71
2952,40,48,8046,8048,8832,2,786
3218,42,48,8772,8773,8835,1,63
3219,43,48,8775,8776,8838,1,63
2958,46,48,8063,8065,8841,2,778
3224,48,48,8788,8790,8844,2,56
3225,49,48,8791,8792,8847,1,56
2963,51,48,8076,8077,8850,1,774
3230,54,48,8805,8806,8853,1,48
3231,55,48,8807,8808,8856,1,49
2969,57,48,8093,8095,8859,2,766
3236,60,48,8821,8823,8862,2,41
3237,61,48,8824,8825,8865,1,41
2975,63,48,8109,8110,8868,1,759
3241,65,48,8835,8836,8871,1,36
3243,1,48,8840,8841,8874,1,34
2916,4,48,7948,7950,8877,2,929
2653,5,48,7231,7232,8880,1,1649
3249,7,48,8856,8857,8883,1,27
2922,10,48,7965,7966,8886,1,921
2659,11,48,7247,7248,8889,1,1642
3255,13,48,8873,8875,8892,2,19
2928,16,48,7981,7983,8895,2,914
2665,17,48,7264,7265,8898,1,1634
3261,19,48,8889,8890,8901,1,12
2933,21,48,7995,7996,8904,1,909
2605,23,48,7100,7101,8907,1,1807
2608,26,48,7108,7110,8910,2,1802
2939,27,48,8011,8012,8913,1,902
2611,29,48,7116,7117,8916,1,1800
2964,52,48,8079,8080,8919,1,840
2701,53,48,7362,7363,8922,1,1560
2704,56,48,7370,7372,8925,2,1555
2970,58,48,8095,8096,8928,1,833
2707,59,48,7378,7379,8931,1,1553
2710,62,48,7386,7388,8934,2,1548
2976,64,48,8112,8113,8937,1,825
2714,66,48,7397,7399,8940,2,1543
3273,31,48,8922,8923,8943,1,21
3011,33,48,8207,8208,8946,1,739
2749,35,48,7493,7495,8949,2,1456
3279,37,48,8938,8939,8952,1,14
3017,39,48,8224,8225,8955,1,731
2755,41,48,7509,7510,8958,1,1449
2758,44,48,7517,7519,8961,2,1444
3023,45,48,8240,8241,8964,1,724
2761,47,48,7525,7526,8967,1,1442
2764,50,48,7534,7535,8970,1,1436
2934,22,48,7997,7999,8973,2,976
3266,24,48,8903,8905,8976,2,73
3267,25,48,8905,8906,8979,1,74
2940,28,48,8014,8015,8982,1,968
3272,30,48,8919,8920,8985,1,66
2650,2,48,7223,7225,8988,2,1765
2981,3,48,8125,8126,8991,1,866
3248,6,48,8854,8855,8994,1,140
2656,8,48,7239,7240,8997,1,1758
2987,9,48,8142,8143,9000,1,858
3254,12,48,8870,8872,9003,2,133
2662,14,48,7255,7256,9006,1,1751
2993,15,48,8158,8159,9009,1,851
3260,18,48,8886,8888,9012,2,126
2668,20,48,7272,7273,9015,1,1743
2746,32,48,7485,7486,9018,1,1533
3012,34,48,8210,8212,9021,2,811
3278,36,48,8935,8936,9024,1,89
2752,38,48,7501,7503,9027,2,1526
3018,40,48,8226,8228,9030,2,804
3284,42,48,8952,8953,9033,1,81
3285,43,48,8955,8956,9036,1,81
3024,46,48,8243,8245,9039,2,796
3290,48,48,8968,8970,9042,2,74
3291,49,48,8971,8972,9045,1,74
3029,51,48,8256,8257,9048,1,792
3296,54,48,8985,8986,9051,1,66
3297,55,48,8987,8988,9054,1,67
3035,57,48,8273,8275,9057,2,784
3302,60,48,9001,9003,9060,2,59
3303,61,48,9004,9005,9063,1,59
3041,63,48,8289,8290,9066,1,777
3307,65,48,9015,9016,9069,1,54
3309,1,48,9020,9021,9072,1,52
2982,4,48,8128,8130,9075,2,947
3314,6,48,9034,9035,9078,1,44
3315,7,48,9036,9037,9081,1,45
2988,10,48,8145,8146,9084,1,939
3320,12,48,9050,9052,9087,2,37
3321,13,48,9053,9055,9090,2,37
2994,16,48,8161,8163,9093,2,932
3326,18,48,9066,9068,9096,2,30
3327,19,48,9069,9070,9099,1,30
2999,21,48,8175,8176,9102,1,927
2671,23,48,7280,7281,9105,1,1825
3333,25,48,9085,9086,9108,1,23
3005,27,48,8191,8192,9111,1,920
2677,29,48,7296,7297,9114,1,1818
3030,52,48,8259,8260,9117,1,858
2767,53,48,7542,7543,9120,1,1578
2770,56,48,7550,7552,9123,2,1573
3036,58,48,8275,8276,9126,1,851
2773,59,48,7558,7559,9129,1,1571
2776,62,48,7566,7568,9132,2,1566
3042,64,48,8292,8293,9135,1,843
2780,66,48,7577,7579,9138,2,1561
3339,31,48,9102,9103,9141,1,39
3077,33,48,8387,8388,9144,1,757
3344,36,48,9115,9116,9147,1,32
3345,37,48,9118,9119,9150,1,32
3083,39,48,8404,8405,9153,1,749
2821,41,48,7689,7690,9156,1,1467
3351,43,48,9135,9136,9159,1,24
3089,45,48,8420,8421,9162,1,742
2827,47,48,7705,7706,9165,1,1460
3357,49,48,9151,9152,9168,1,17
3000,22,48,8177,8179,9171,2,994
3332,24,48,9083,9085,9174,2,91
2674,26,48,7288,7290,9177,2,1889
3006,28,48,8194,8195,9180,1,986
3338,30,48,9099,9100,9183,1,84
2716,2,48,7403,7405,9186,2,1783
3047,3,48,8305,8306,9189,1,884
2719,5,48,7411,7412,9192,1,1781
2722,8,48,7419,7420,9195,1,1776
3053,9,48,8322,8323,9198,1,876
2725,11,48,7427,7428,9201,1,1774
2728,14,48,7435,7436,9204,1,1769
3059,15,48,8338,8339,9207,1,869
2731,17,48,7444,7445,9210,1,1766
2734,20,48,7452,7453,9213,1,1761
2812,32,48,7665,7666,9216,1,1551
3078,34,48,8390,8392,9219,2,829
2815,35,48,7673,7675,9222,2,1549
2818,38,48,7681,7683,9225,2,1544
3084,40,48,8406,8408,9228,2,822
3350,42,48,9132,9133,9231,1,99
2824,44,48,7697,7699,9234,2,1537
3090,46,48,8423,8425,9237,2,814
3356,48,48,9148,9150,9240,2,92
2830,50,48,7714,7715,9243,1,1529
3095,51,48,8436,8437,9246,1,810
3362,54,48,9165,9166,9249,1,84
3363,55,48,9167,9168,9252,1,85
3101,57,48,8453,8455,9255,2,802
3368,60,48,9181,9183,9258,2,77
3369,61,48,9184,9185,9261,1,77
3107,63,48,8469,8470,9264,1,795
3373,65,48,9195,9196,9267,1,72
3375,1,48,9200,9201,9270,1,70
3048,4,48,8308,8310,9273,2,965
3380,6,48,9214,9215,9276,1,62
3381,7,48,9216,9217,9279,1,63
3054,10,48,8325,8326,9282,1,957
3386,12,48,9230,9232,9285,2,55
3387,13,48,9233,9235,9288,2,55
3060,16,48,8341,8343,9291,2,950
3392,18,48,9246,9248,9294,2,48
3393,19,48,9249,9250,9297,1,48
3065,21,48,8355,8356,9300,1,945
3398,24,48,9263,9265,9303,2,40
3399,25,48,9265,9266,9306,1,41
3071,27,48,8371,8372,9309,1,938
3404,30,48,9279,9280,9312,1,33
3096,52,48,8439,8440,9315,1,876
2833,53,48,7722,7723,9318,1,1596
2836,56,48,7730,7732,9321,2,1591
3102,58,48,8455,8456,9324,1,869
2839,59,48,7738,7739,9327,1,1589
2842,62,48,7746,7748,9330,2,1584
3108,64,48,8472,8473,9333,1,861
2846,66,48,7757,7759,9336,2,1579
3405,31,48,9282,9283,9339,1,57
3143,33,48,8567,8568,9342,1,775
3410,36,48,9295,9296,9345,1,50
3411,37,48,9298,9299,9348,1,50
3149,39,48,8584,8585,9351,1,767
3416,42,48,9312,9313,9354,1,42
3417,43,48,9315,9316,9357,1,42
3155,45,48,8600,8601,9360,1,760
3422,48,48,9328,9330,9363,2,35
3423,49,48,9331,9332,9366,1,35
3066,22,48,8357,8359,9369,2,1012
2737,23,48,7460,7461,9372,1,1912
2740,26,48,7468,7470,9375,2,1907
3072,28,48,8374,8375,9378,1,1004
2743,29,48,7476,7477,9381,1,1905
2782,2,48,7583,7585,9384,2,1801
3113,3,48,8485,8486,9387,1,902
2785,5,48,7591,7592,9390,1,1799
2788,8,48,7599,7600,9393,1,1794
3119,9,48,8502,8503,9396,1,894
2791,11,48,7607,7608,9399,1,1792
2794,14,48,7615,7616,9402,1,1787
3125,15,48,8518,8519,9405,1,887
2797,17,48,7624,7625,9408,1,1784
2800,20,48,7632,7633,9411,1,1779
2878,32,48,7845,7846,9414,1,1569
3144,34,48,8570,8572,9417,2,847
2881,35,48,7853,7855,9420,2,1567
2884,38,48,7861,7863,9423,2,1562
3150,40,48,8586,8588,9426,2,840
2887,41,48,7869,7870,9429,1,1560
2890,44,48,7877,7879,9432,2,1555
3156,46,48,8603,8605,9435,2,832
2893,47,48,7885,7886,9438,1,1553
2896,50,48,7894,7895,9441,1,1547
3161,51,48,8616,8617,9444,1,828
3428,54,48,9345,9346,9447,1,102
3429,55,48,9347,9348,9450,1,103
3167,57,48,8633,8635,9453,2,820
3434,60,48,9361,9363,9456,2,95
3435,61,48,9364,9365,9459,1,95
3173,63,48,8649,8650,9462,1,813
3439,65,48,9375,9376,9465,1,90
3441,1,48,9380,9381,9468,1,88
3114,4,48,8488,8490,9471,2,983
3446,6,48,9394,9395,9474,1,80
3447,7,48,9396,9397,9477,1,81
3120,10,48,8505,8506,9480,1,975
3452,12,48,9410,9412,9483,2,73
3453,13,48,9413,9415,9486,2,73
3126,16,48,8521,8523,9489,2,968
3458,18,48,9426,9428,9492,2,66
3459,19,48,9429,9430,9495,1,66
3131,21,48,8535,8536,9498,1,963
3464,24,48,9443,9445,9501,2,58
3465,25,48,9445,9446,9504,1,59
3137,27,48,8551,8552,9507,1,956
3470,30,48,9459,9460,9510,1,51
3162,52,48,8619,8620,9513,1,894
2899,53,48,7902,7903,9516,1,1614
2902,56,48,7910,7912,9519,2,1609
3168,58,48,8635,8636,9522,1,887
2905,59,48,7918,7919,9525,1,1607
2908,62,48,7926,7928,9528,2,1602
3174,64,48,8652,8653,9531,1,879
2912,66,48,7937,7939,9534,2,1597
3471,31,48,9462,9463,9537,1,75
3209,33,48,8747,8748,9540,1,793
3476,36,48,9475,9476,9543,1,68
3477,37,48,9478,9479,9546,1,68
3215,39,48,8764,8765,9549,1,785
3482,42,48,9492,9493,9552,1,60
3483,43,48,9495,9496,9555,1,60
3221,45,48,8780,8781,9558,1,778
3488,48,48,9508,9510,9561,2,53
3489,49,48,9511,9512,9564,1,53
3132,22,48,8537,8539,9567,2,1030
2803,23,48,7640,7641,9570,1,1930
2806,26,48,7648,7650,9573,2,1925
3138,28,48,8554,8555,9576,1,1022
2809,29,48,7656,7657,9579,1,1923
3507,1,48,9560,9561,9582,1,22
3179,3,48,8665,8666,9585,1,920
2851,5,48,7771,7772,9588,1,1817
3513,7,48,9576,9577,9591,1,15
3185,9,48,8682,8683,9594,1,912
2857,11,48,7787,7788,9597,1,1810
2860,14,48,7795,7796,9600,1,1805
3191,15,48,8698,8699,9603,1,905
2863,17,48,7804,7805,9606,1,1802
2866,20,48,7812,7813,9609,1,1797
2944,32,48,8025,8026,9612,1,1587
3210,34,48,8750,8752,9615,2,865
2947,35,48,8033,8035,9618,2,1585
2950,38,48,8041,8043,9621,2,1580
3216,40,48,8766,8768,9624,2,858
2953,41,48,8049,8050,9627,1,1578
2956,44,48,8057,8059,9630,2,1573
3222,46,48,8783,8785,9633,2,850
2959,47,48,8065,8066,9636,1,1571
2962,50,48,8074,8075,9639,1,1565
3227,51,48,8796,8797,9642,1,846
3494,54,48,9525,9526,9645,1,120
3495,55,48,9527,9528,9648,1,121
3233,57,48,8813,8815,9651,2,838
3500,60,48,9541,9543,9654,2,113
3501,61,48,9544,9545,9657,1,113
3239,63,48,8829,8830,9660,1,831
3505,65,48,9555,9556,9663,1,108
2848,2,48,7763,7765,9666,2,1903
3180,4,48,8668,8670,9669,2,1001
3512,6,48,9574,9575,9672,1,98
2854,8,48,7779,7780,9675,1,1896
3186,10,48,8685,8686,9678,1,993
3518,12,48,9590,9592,9681,2,91
3519,13,48,9593,9595,9684,2,91
3192,16,48,8701,8703,9687,2,986
3524,18,48,9606,9608,9690,2,84
3525,19,48,9609,9610,9693,1,84
3197,21,48,8715,8716,9696,1,981
3530,24,48,9623,9625,9699,2,76
3531,25,48,9625,9626,9702,1,77
3203,27,48,8731,8732,9705,1,974
3536,30,48,9639,9640,9708,1,69
3228,52,48,8799,8800,9711,1,912
2965,53,48,8082,8083,9714,1,1632
2968,56,48,8090,8092,9717,2,1627
3234,58,48,8815,8816,9720,1,905
2971,59,48,8098,8099,9723,1,1625
2974,62,48,8106,8108,9726,2,1620
3240,64,48,8832,8833,9729,1,897
2978,66,48,8117,8119,9732,2,1615
3537,31,48,9642,9643,9735,1,93
3275,33,48,8927,8928,9738,1,811
3542,36,48,9655,9656,9741,1,86
3543,37,48,9658,9659,9744,1,86
3281,39,48,8944,8945,9747,1,803
3548,42,48,9672,9673,9750,1,78
3549,43,48,9675,9676,9753,1,78
3287,45,48,8960,8961,9756,1,796
3554,48,48,9688,9690,9759,2,71
3555,49,48,9691,9692,9762,1,71
3198,22,48,8717,8719,9765,2,1048
2869,23,48,7820,7821,9768,1,1948
2872,26,48,7828,7830,9771,2,1943
3204,28,48,8734,8735,9774,1,1040
2875,29,48,7836,7837,9777,1,1941
3573,1,48,9740,9741,9780,1,40
3245,3,48,8845,8846,9783,1,938
3578,6,48,9754,9755,9786,1,32
3579,7,48,9756,9757,9789,1,33
3251,9,48,8862,8863,9792,1,930
2923,11,48,7967,7968,9795,1,1828
3585,13,48,9773,9775,9798,2,25
3257,15,48,8878,8879,9801,1,923
2929,17,48,7984,7985,9804,1,1820
3591,19,48,9789,9790,9807,1,18
3010,32,48,8205,8206,9810,1,1605
3276,34,48,8930,8932,9813,2,883
3013,35,48,8213,8215,9816,2,1603
3016,38,48,8221,8223,9819,2,1598
3282,40,48,8946,8948,9822,2,876
3019,41,48,8229,8230,9825,1,1596
3022,44,48,8237,8239,9828,2,1591
3288,46,48,8963,8965,9831,2,868
3025,47,48,8245,8246,9834,1,1589
3028,50,48,8254,8255,9837,1,1583
3293,51,48,8976,8977,9840,1,864
3560,54,48,9705,9706,9843,1,138
3561,55,48,9707,9708,9846,1,139
3299,57,48,8993,8995,9849,2,856
3566,60,48,9721,9723,9852,2,131
3567,61,48,9724,9725,9855,1,131
3305,63,48,9009,9010,9858,1,849
3571,65,48,9735,9736,9861,1,126
2914,2,48,7943,7945,9864,2,1921
3246,4,48,8848,8850,9867,2,1019
2917,5,48,7951,7952,9870,1,1919
2920,8,48,7959,7960,9873,1,1914
3252,10,48,8865,8866,9876,1,1011
3584,12,48,9770,9772,9879,2,109
2926,14,48,7975,7976,9882,1,1907
3258,16,48,8881,8883,9885,2,1004
3590,18,48,9786,9788,9888,2,102
2932,20,48,7992,7993,9891,1,1899
3263,21,48,8895,8896,9894,1,999
3596,24,48,9803,9805,9897,2,94
3597,25,48,9805,9806,9900,1,95
3269,27,48,8911,8912,9903,1,992
3602,30,48,9819,9820,9906,1,87
3294,52,48,8979,8980,9909,1,930
3031,53,48,8262,8263,9912,1,1650
3627,55,48,9887,9888,9915,1,28
3300,58,48,8995,8996,9918,1,923
3037,59,48,8278,8279,9921,1,1643
3633,61,48,9904,9905,9924,1,20
3306,64,48,9012,9013,9927,1,915
3637,65,48,9915,9916,9930,1,15
3603,31,48,9822,9823,9933,1,111
3341,33,48,9107,9108,9936,1,829
3608,36,48,9835,9836,9939,1,104
3609,37,48,9838,9839,9942,1,104
3347,39,48,9124,9125,9945,1,821
3614,42,48,9852,9853,9948,1,96
3615,43,48,9855,9856,9951,1,96
3353,45,48,9140,9141,9954,1,814
3620,48,48,9868,9870,9957,2,89
3621,49,48,9871,9872,9960,1,89
3264,22,48,8897,8899,9963,2,1066
2935,23,48,8000,8001,9966,1,1966
2938,26,48,8008,8010,9969,2,1961
3270,28,48,8914,8915,9972,1,1058
2941,29,48,8016,8017,9975,1,1959
3639,1,48,9920,9921,9978,1,58
3311,3,48,9025,9026,9981,1,956
3644,6,48,9934,9935,9984,1,50
3645,7,48,9936,9937,9987,1,51
3317,9,48,9042,9043,9990,1,948
3650,12,48,9950,9952,9993,2,43
3651,13,48,9953,9955,9996,2,43
3323,15,48,9058,9059,9999,1,941
3656,18,48,9966,9968,10002,2,36
3657,19,48,9969,9970,10005,1,36
3076,32,48,8385,8386,10008,1,1623
3342,34,48,9110,9112,10011,2,901
3079,35,48,8393,8395,10014,2,1621
3082,38,48,8401,8403,10017,2,1616
3348,40,48,9126,9128,10020,2,894
3085,41,48,8409,8410,10023,1,1614
3088,44,48,8417,8419,10026,2,1609
3354,46,48,9143,9145,10029,2,886
3091,47,48,8425,8426,10032,1,1607
3094,50,48,8434,8435,10035,1,1601
3359,51,48,9156,9157,10038,1,882
3626,54,48,9885,9886,10041,1,156
3034,56,48,8270,8272,10044,2,1774
3365,57,48,9173,9175,10047,2,874
3632,60,48,9901,9903,10050,2,149
3040,62,48,8286,8288,10053,2,1767
3371,63,48,9189,9190,10056,1,867
3044,66,48,8297,8299,10059,2,1762
2980,2,48,8123,8125,10062,2,1939
3312,4,48,9028,9030,10065,2,1037
2983,5,48,8131,8132,10068,1,1937
2986,8,48,8139,8140,10071,1,1932
3318,10,48,9045,9046,10074,1,1029
2989,11,48,8147,8148,10077,1,1930
2992,14,48,8155,8156,10080,1,1925
3324,16,48,9061,9063,10083,2,1022
2995,17,48,8164,8165,10086,1,1922
2998,20,48,8172,8173,10089,1,1917
3329,21,48,9075,9076,10092,1,1017
3662,24,48,9983,9985,10095,2,112
3663,25,48,9985,9986,10098,1,113
3335,27,48,9091,9092,10101,1,1010
3668,30,48,9999,10000,10104,1,105
3360,52,48,9159,9160,10107,1,948
3097,53,48,8442,8443,10110,1,1668
3100,56,48,8450,8452,10113,2,1663
3366,58,48,9175,9176,10116,1,941
3103,59,48,8458,8459,10119,1,1661
3106,62,48,8466,8468,10122,2,1656
3372,64,48,9192,9193,10125,1,933
3110,66,48,8477,8479,10128,2,1651
3142,32,48,8565,8566,10131,1,1566
3407,33,48,9287,9288,10134,1,847
3145,35,48,8573,8575,10137,2,1564
3148,38,48,8581,8583,10140,2,1559
3413,39,48,9304,9305,10143,1,839
3151,41,48,8589,8590,10146,1,1557
3154,44,48,8597,8599,10149,2,1552
3419,45,48,9320,9321,10152,1,832
3157,47,48,8605,8606,10155,1,1550
3160,50,48,8614,8615,10158,1,1544
3330,22,48,9077,9079,10161,2,1084
3001,23,48,8180,8181,10164,1,1984
3004,26,48,8188,8190,10167,2,1979
3336,28,48,9094,9095,10170,1,1076
3007,29,48,8196,8197,10173,1,1977
3046,2,48,8303,8305,10176,2,1873
3377,3,48,9205,9206,10179,1,974
3049,5,48,8311,8312,10182,1,1871
3052,8,48,8319,8320,10185,1,1866
3383,9,48,9222,9223,10188,1,966
3055,11,48,8327,8328,10191,1,1864
3058,14,48,8335,8336,10194,1,1859
3389,15,48,9238,9239,10197,1,959
3061,17,48,8344,8345,10200,1,1856
3064,20,48,8352,8353,10203,1,1851
3208,32,48,8745,8746,10206,1,1461
3408,34,48,9290,9292,10209,2,919
3211,35,48,8753,8755,10212,2,1459
3214,38,48,8761,8763,10215,2,1454
3414,40,48,9306,9308,10218,2,912
3217,41,48,8769,8770,10221,1,1452
3220,44,48,8777,8779,10224,2,1447
3420,46,48,9323,9325,10227,2,904
3223,47,48,8785,8786,10230,1,1445
3226,50,48,8794,8795,10233,1,1439
3425,51,48,9336,9337,10236,1,900
3163,53,48,8622,8623,10239,1,1617
3166,56,48,8630,8632,10242,2,1612
3431,57,48,9353,9355,10245,2,892
3169,59,48,8638,8639,10248,1,1610
3172,62,48,8646,8648,10251,2,1605
3437,63,48,9369,9370,10254,1,885
3176,66,48,8657,8659,10257,2,1600
3112,2,48,8483,8485,10260,2,1777
3378,4,48,9208,9210,10263,2,1055
3115,5,48,8491,8492,10266,1,1775
3118,8,48,8499,8500,10269,1,1770
3384,10,48,9225,9226,10272,1,1047
3121,11,48,8507,8508,10275,1,1768
3124,14,48,8515,8516,10278,1,1763
3390,16,48,9241,9243,10281,2,1040
3127,17,48,8524,8525,10284,1,1760
3130,20,48,8532,8533,10287,1,1755
3395,21,48,9255,9256,10290,1,1035
3067,23,48,8360,8361,10293,1,1933
3070,26,48,8368,8370,10296,2,1928
3401,27,48,9271,9272,10299,1,1028
3073,29,48,8376,8377,10302,1,1926
3426,52,48,9339,9340,10305,1,966
3229,53,48,8802,8803,10308,1,1506
3232,56,48,8810,8812,10311,2,1501
3432,58,48,9355,9356,10314,1,959
3235,59,48,8818,8819,10317,1,1499
3238,62,48,8826,8828,10320,2,1494
3438,64,48,9372,9373,10323,1,951
3242,66,48,8837,8839,10326,2,1489
3274,32,48,8925,8926,10329,1,1404
3473,33,48,9467,9468,10332,1,865
3277,35,48,8933,8935,10335,2,1402
3280,38,48,8941,8943,10338,2,1397
3479,39,48,9484,9485,10341,1,857
3283,41,48,8949,8950,10344,1,1395
3286,44,48,8957,8959,10347,2,1390
3485,45,48,9500,9501,10350,1,850
3289,47,48,8965,8966,10353,1,1388
3292,50,48,8974,8975,10356,1,1382
3396,22,48,9257,9259,10359,2,1102
3133,23,48,8540,8541,10362,1,1822
3136,26,48,8548,8550,10365,2,1817
3402,28,48,9274,9275,10368,1,1094
3139,29,48,8556,8557,10371,1,1815
3178,2,48,8663,8665,10374,2,1711
3443,3,48,9385,9386,10377,1,992
3181,5,48,8671,8672,10380,1,1709
3184,8,48,8679,8680,10383,1,1704
3449,9,48,9402,9403,10386,1,984
3187,11,48,8687,8688,10389,1,1702
3190,14,48,8695,8696,10392,1,1697
3455,15,48,9418,9419,10395,1,977
3193,17,48,8704,8705,10398,1,1694
3196,20,48,8712,8713,10401,1,1689
3340,32,48,9105,9106,10404,1,1299
3474,34,48,9470,9472,10407,2,937
3343,35,48,9113,9115,10410,2,1297
3346,38,48,9121,9123,10413,2,1292
3480,40,48,9486,9488,10416,2,930
3349,41,48,9129,9130,10419,1,1290
3352,44,48,9137,9139,10422,2,1285
3486,46,48,9503,9505,10425,2,922
3355,47,48,9145,9146,10428,1,1283
3358,50,48,9154,9155,10431,1,1277
3491,51,48,9516,9517,10434,1,918
3295,53,48,8982,8983,10437,1,1455
3298,56,48,8990,8992,10440,2,1450
3497,57,48,9533,9535,10443,2,910
3301,59,48,8998,8999,10446,1,1448
3304,62,48,9006,9008,10449,2,1443
3503,63,48,9549,9550,10452,1,903
3308,66,48,9017,9019,10455,2,1438
3244,2,48,8843,8845,10458,2,1615
3444,4,48,9388,9390,10461,2,1073
3247,5,48,8851,8852,10464,1,1613
3250,8,48,8859,8860,10467,1,1608
3450,10,48,9405,9406,10470,1,1065
3253,11,48,8867,8868,10473,1,1606
3256,14,48,8875,8876,10476,1,1601
3456,16,48,9421,9423,10479,2,1058
3259,17,48,8884,8885,10482,1,1598
3262,20,48,8892,8893,10485,1,1593
3461,21,48,9435,9436,10488,1,1053
3199,23,48,8720,8721,10491,1,1771
3202,26,48,8728,8730,10494,2,1766
3467,27,48,9451,9452,10497,1,1046
3205,29,48,8736,8737,10500,1,1764
3492,52,48,9519,9520,10503,1,984
3361,53,48,9162,9163,10506,1,1344
3364,56,48,9170,9172,10509,2,1339
3498,58,48,9535,9536,10512,1,977
3367,59,48,9178,9179,10515,1,1337
3370,62,48,9186,9188,10518,2,1332
3504,64,48,9552,9553,10521,1,969
3374,66,48,9197,9199,10524,2,1327
3406,32,48,9285,9286,10527,1,1242
3539,33,48,9647,9648,10530,1,883
3409,35,48,9293,9295,10533,2,1240
3412,38,48,9301,9303,10536,2,1235
3545,39,48,9664,9665,10539,1,875
3415,41,48,9309,9310,10542,1,1233
3418,44,48,9317,9319,10545,2,1228
3551,45,48,9680,9681,10548,1,868
3421,47,48,9325,9326,10551,1,1226
3424,50,48,9334,9335,10554,1,1220
3462,22,48,9437,9439,10557,2,1120
3265,23,48,8900,8901,10560,1,1660
3268,26,48,8908,8910,10563,2,1655
3468,28,48,9454,9455,10566,1,1112
3271,29,48,8916,8917,10569,1,1653
3310,2,48,9023,9025,10572,2,1549
3509,3,48,9565,9566,10575,1,1010
3313,5,48,9031,9032,10578,1,1547
3316,8,48,9039,9040,10581,1,1542
3515,9,48,9582,9583,10584,1,1002
3319,11,48,9047,9048,10587,1,1540
3322,14,48,9055,9056,10590,1,1535
3521,15,48,9598,9599,10593,1,995
3325,17,48,9064,9065,10596,1,1532
3328,20,48,9072,9073,10599,1,1527
3472,32,48,9465,9466,10602,1,1137
3540,34,48,9650,9652,10605,2,955
3475,35,48,9473,9475,10608,2,1135
3478,38,48,9481,9483,10611,2,1130
3546,40,48,9666,9668,10614,2,948
3481,41,48,9489,9490,10617,1,1128
3484,44,48,9497,9499,10620,2,1123
3552,46,48,9683,9685,10623,2,940
3487,47,48,9505,9506,10626,1,1121
3490,50,48,9514,9515,10629,1,1115
3557,51,48,9696,9697,10632,1,936
3427,53,48,9342,9343,10635,1,1293
3430,56,48,9350,9352,10638,2,1288
3563,57,48,9713,9715,10641,2,928
3433,59,48,9358,9359,10644,1,1286
3436,62,48,9366,9368,10647,2,1281
3569,63,48,9729,9730,10650,1,921
3440,66,48,9377,9379,10653,2,1276
3376,2,48,9203,9205,10656,2,1453
3510,4,48,9568,9570,10659,2,1091
3379,5,48,9211,9212,10662,1,1451
3382,8,48,9219,9220,10665,1,1446
3516,10,48,9585,9586,10668,1,1083
3385,11,48,9227,9228,10671,1,1444
3388,14,48,9235,9236,10674,1,1439
3522,16,48,9601,9603,10677,2,1076
3391,17,48,9244,9245,10680,1,1436
3394,20,48,9252,9253,10683,1,1431
3527,21,48,9615,9616,10686,1,1071
3331,23,48,9080,9081,10689,1,1609
3334,26,48,9088,9090,10692,2,1604
3533,27,48,9631,9632,10695,1,1064
3337,29,48,9096,9097,10698,1,1602
3558,52,48,9699,9700,10701,1,1002
3493,53,48,9522,9523,10704,1,1182
3496,56,48,9530,9532,10707,2,1177
3564,58,48,9715,9716,10710,1,995
3499,59,48,9538,9539,10713,1,1175
3502,62,48,9546,9548,10716,2,1170
3570,64,48,9732,9733,10719,1,987
3506,66,48,9557,9559,10722,2,1165
3538,32,48,9645,9646,10725,1,1080
3605,33,48,9827,9828,10728,1,901
3541,35,48,9653,9655,10731,2,1078
3544,38,48,9661,9663,10734,2,1073
3611,39,48,9844,9845,10737,1,893
3547,41,48,9669,9670,10740,1,1071
3550,44,48,9677,9679,10743,2,1066
3617,45,48,9860,9861,10746,1,886
3553,47,48,9685,9686,10749,1,1064
3556,50,48,9694,9695,10752,1,1058
3528,22,48,9617,9619,10755,2,1138
3397,23,48,9260,9261,10758,1,1498
3400,26,48,9268,9270,10761,2,1493
3534,28,48,9634,9635,10764,1,1130
3403,29,48,9276,9277,10767,1,1491
3442,2,48,9383,9385,10770,2,1387
3575,3,48,9745,9746,10773,1,1028
3445,5,48,9391,9392,10776,1,1385
3448,8,48,9399,9400,10779,1,1380
3581,9,48,9762,9763,10782,1,1020
3451,11,48,9407,9408,10785,1,1378
3454,14,48,9415,9416,10788,1,1373
3587,15,48,9778,9779,10791,1,1013
3457,17,48,9424,9425,10794,1,1370
3460,20,48,9432,9433,10797,1,1365
3604,32,48,9825,9826,10800,1,975
3606,34,48,9830,9832,10803,2,973
3607,35,48,9833,9835,10806,2,973
3610,38,48,9841,9843,10809,2,968
3612,40,48,9846,9848,10812,2,966
3613,41,48,9849,9850,10815,1,966
3616,44,48,9857,9859,10818,2,961
3618,46,48,9863,9865,10821,2,958
3619,47,48,9865,9866,10824,1,959
3622,50,48,9874,9875,10827,1,953
3623,51,48,9876,9877,10830,1,954
3559,53,48,9702,9703,10833,1,1131
3562,56,48,9710,9712,10836,2,1126
3629,57,48,9893,9895,10839,2,946
3565,59,48,9718,9719,10842,1,1124
3568,62,48,9726,9728,10845,2,1119
3635,63,48,9909,9910,10848,1,939
3572,66,48,9737,9739,10851,2,1114
3508,2,48,9563,9565,10854,2,1291
3576,4,48,9748,9750,10857,2,1109
3511,5,48,9571,9572,10860,1,1289
3514,8,48,9579,9580,10863,1,1284
3582,10,48,9765,9766,10866,1,1101
3517,11,48,9587,9588,10869,1,1282
3520,14,48,9595,9596,10872,1,1277
3588,16,48,9781,9783,10875,2,1094
3523,17,48,9604,9605,10878,1,1274
3526,20,48,9612,9613,10881,1,1269
3593,21,48,9795,9796,10884,1,1089
3463,23,48,9440,9441,10887,1,1447
3466,26,48,9448,9450,10890,2,1442
3599,27,48,9811,9812,10893,1,1082
3469,29,48,9456,9457,10896,1,1440
3624,52,48,9879,9880,10899,1,1020
3625,53,48,9882,9883,10902,1,1020
3628,56,48,9890,9892,10905,2,1015
3630,58,48,9895,9896,10908,1,1013
3631,59,48,9898,9899,10911,1,1013
3634,62,48,9906,9908,10914,2,1008
3636,64,48,9912,9913,10917,1,1005
3638,66,48,9917,9919,10920,2,1003
3594,22,48,9797,9799,10923,2,1126
3529,23,48,9620,9621,10926,1,1306
3532,26,48,9628,9630,10929,2,1301
3600,28,48,9814,9815,10932,1,1118
3535,29,48,9636,9637,10935,1,1299
3574,2,48,9743,9745,10938,2,1195
3641,3,48,9925,9926,10941,1,1016
3577,5,48,9751,9752,10944,1,1193
3580,8,48,9759,9760,10947,1,1188
3647,9,48,9942,9943,10950,1,1008
3583,11,48,9767,9768,10953,1,1186
3586,14,48,9775,9776,10956,1,1181
3653,15,48,9958,9959,10959,1,1001
3589,17,48,9784,9785,10962,1,1178
3592,20,48,9792,9793,10965,1,1173
3640,2,48,9923,9925,10968,2,1045
3642,4,48,9928,9930,10971,2,1043
3643,5,48,9931,9932,10974,1,1043
3646,8,48,9939,9940,10977,1,1038
3648,10,48,9945,9946,10980,1,1035
3649,11,48,9947,9948,10983,1,1036
3652,14,48,9955,9956,10986,1,1031
3654,16,48,9961,9963,10989,2,1028
3655,17,48,9964,9965,10992,1,1028
3658,20,48,9972,9973,10995,1,1023
3659,21,48,9975,9976,10998,1,1023
3595,23,48,9800,9801,11001,1,1201
3598,26,48,9808,9810,11004,2,1196
3665,27,48,9991,9992,11007,1,1016
3601,29,48,9816,9817,11010,1,1194
3660,22,48,9977,9979,11013,2,1036
3661,23,48,9980,9981,11016,1,1036
3664,26,48,9988,9990,11019,2,1031
3666,28,48,9994,9995,11022,1,1028
3667,29,48,9996,9997,11025,1,1029
