cycle,request_id,global_flow_id,size_bytes
0,1,1,48
0,2,2,48
0,3,3,48
0,4,4,48
0,5,5,48
0,6,6,48
0,7,7,48
0,8,8,48
0,9,9,48
0,10,10,48
12,11,3,48
15,12,4,48
17,13,9,48
20,14,1,48
24,15,3,48
25,16,5,48
25,17,10,48
30,18,2,48
30,19,4,48
30,20,7,48
30,21,8,48
33,22,9,48
36,23,3,48
38,24,6,48
40,25,1,48
45,26,4,48
48,27,3,48
50,28,5,48
50,29,9,48
50,30,10,48
60,31,1,48
60,32,2,48
60,33,3,48
60,34,4,48
60,35,7,48
60,36,8,48
67,37,9,48
72,38,3,48
75,39,4,48
75,40,5,48
75,41,6,48
75,42,10,48
80,43,1,48
83,44,9,48
84,45,3,48
90,46,2,48
90,47,4,48
90,48,7,48
90,49,8,48
96,50,3,48
100,51,1,48
100,52,5,48
100,53,9,48
100,54,10,48
105,55,4,48
108,56,3,48
112,57,6,48
117,58,9,48
120,59,1,48
120,60,2,48
120,61,3,48
120,62,4,48
120,63,7,48
120,64,8,48
125,65,5,48
125,66,10,48
132,67,3,48
133,68,9,48
135,69,4,48
140,70,1,48
144,71,3,48
150,72,2,48
150,73,4,48
150,74,5,48
150,75,6,48
150,76,7,48
150,77,8,48
150,78,9,48
150,79,10,48
156,80,3,48
160,81,1,48
165,82,4,48
167,83,9,48
168,84,3,48
175,85,5,48
175,86,10,48
180,87,1,48
180,88,2,48
180,89,3,48
180,90,4,48
180,91,7,48
180,92,8,48
183,93,9,48
188,94,6,48
192,95,3,48
195,96,4,48
200,97,1,48
200,98,5,48
200,99,9,48
200,100,10,48
204,101,3,48
210,102,2,48
210,103,4,48
210,104,7,48
210,105,8,48
216,106,3,48
217,107,9,48
220,108,1,48
225,109,4,48
225,110,5,48
225,111,6,48
225,112,10,48
228,113,3,48
233,114,9,48
240,115,1,48
240,116,2,48
240,117,3,48
240,118,4,48
240,119,7,48
240,120,8,48
250,121,5,48
250,122,9,48
250,123,10,48
252,124,3,48
255,125,4,48
260,126,1,48
262,127,6,48
264,128,3,48
267,129,9,48
270,130,2,48
270,131,4,48
270,132,7,48
270,133,8,48
275,134,5,48
275,135,10,48
276,136,3,48
280,137,1,48
283,138,9,48
285,139,4,48
288,140,3,48
300,141,1,48
300,142,2,48
300,143,3,48
300,144,4,48
300,145,5,48
300,146,6,48
300,147,7,48
300,148,8,48
300,149,9,48
300,150,10,48
312,151,3,48
315,152,4,48
317,153,9,48
320,154,1,48
324,155,3,48
325,156,5,48
325,157,10,48
330,158,2,48
330,159,4,48
330,160,7,48
330,161,8,48
333,162,9,48
336,163,3,48
338,164,6,48
340,165,1,48
345,166,4,48
348,167,3,48
350,168,5,48
350,169,9,48
350,170,10,48
360,171,1,48
360,172,2,48
360,173,3,48
360,174,4,48
360,175,7,48
360,176,8,48
367,177,9,48
372,178,3,48
375,179,4,48
375,180,5,48
375,181,6,48
375,182,10,48
380,183,1,48
383,184,9,48
384,185,3,48
390,186,2,48
390,187,4,48
390,188,7,48
390,189,8,48
396,190,3,48
400,191,1,48
400,192,5,48
400,193,9,48
400,194,10,48
405,195,4,48
408,196,3,48
412,197,6,48
417,198,9,48
420,199,1,48
420,200,2,48
420,201,3,48
420,202,4,48
420,203,7,48
420,204,8,48
425,205,5,48
425,206,10,48
432,207,3,48
433,208,9,48
435,209,4,48
440,210,1,48
444,211,3,48
450,212,2,48
450,213,4,48
450,214,5,48
450,215,6,48
450,216,7,48
450,217,8,48
450,218,9,48
450,219,10,48
456,220,3,48
460,221,1,48
465,222,4,48
467,223,9,48
468,224,3,48
475,225,5,48
475,226,10,48
480,227,1,48
480,228,2,48
480,229,3,48
480,230,4,48
480,231,7,48
480,232,8,48
483,233,9,48
488,234,6,48
492,235,3,48
495,236,4,48
500,237,1,48
500,238,5,48
500,239,9,48
500,240,10,48
504,241,3,48
510,242,2,48
510,243,4,48
510,244,7,48
510,245,8,48
516,246,3,48
517,247,9,48
520,248,1,48
525,249,4,48
525,250,5,48
525,251,6,48
525,252,10,48
528,253,3,48
533,254,9,48
540,255,1,48
540,256,2,48
540,257,3,48
540,258,4,48
540,259,7,48
540,260,8,48
550,261,5,48
550,262,9,48
550,263,10,48
552,264,3,48
555,265,4,48
560,266,1,48
562,267,6,48
564,268,3,48
567,269,9,48
570,270,2,48
570,271,4,48
570,272,7,48
570,273,8,48
575,274,5,48
575,275,10,48
576,276,3,48
580,277,1,48
583,278,9,48
585,279,4,48
588,280,3,48
600,281,1,48
600,282,2,48
600,283,3,48
600,284,4,48
600,285,5,48
600,286,6,48
600,287,7,48
600,288,8,48
600,289,9,48
600,290,10,48
612,291,3,48
615,292,4,48
617,293,9,48
620,294,1,48
624,295,3,48
625,296,5,48
625,297,10,48
630,298,2,48
630,299,4,48
630,300,7,48
630,301,8,48
633,302,9,48
636,303,3,48
638,304,6,48
640,305,1,48
645,306,4,48
648,307,3,48
650,308,5,48
650,309,9,48
650,310,10,48
660,311,1,48
660,312,2,48
660,313,3,48
660,314,4,48
660,315,7,48
660,316,8,48
667,317,9,48
672,318,3,48
675,319,4,48
675,320,5,48
675,321,6,48
675,322,10,48
680,323,1,48
683,324,9,48
684,325,3,48
690,326,2,48
690,327,4,48
690,328,7,48
690,329,8,48
696,330,3,48
700,331,1,48
700,332,5,48
700,333,9,48
700,334,10,48
705,335,4,48
708,336,3,48
712,337,6,48
717,338,9,48
720,339,1,48
720,340,2,48
720,341,3,48
720,342,4,48
720,343,7,48
720,344,8,48
725,345,5,48
725,346,10,48
732,347,3,48
733,348,9,48
735,349,4,48
740,350,1,48
744,351,3,48
750,352,2,48
750,353,4,48
750,354,5,48
750,355,6,48
750,356,7,48
750,357,8,48
750,358,9,48
750,359,10,48
756,360,3,48
760,361,1,48
765,362,4,48
767,363,9,48
768,364,3,48
775,365,5,48
775,366,10,48
780,367,1,48
780,368,2,48
780,369,3,48
780,370,4,48
780,371,7,48
780,372,8,48
783,373,9,48
788,374,6,48
792,375,3,48
795,376,4,48
800,377,1,48
800,378,5,48
800,379,9,48
800,380,10,48
804,381,3,48
810,382,2,48
810,383,4,48
810,384,7,48
810,385,8,48
816,386,3,48
817,387,9,48
820,388,1,48
825,389,4,48
825,390,5,48
825,391,6,48
825,392,10,48
828,393,3,48
833,394,9,48
840,395,1,48
840,396,2,48
840,397,3,48
840,398,4,48
840,399,7,48
840,400,8,48
850,401,5,48
850,402,9,48
850,403,10,48
852,404,3,48
855,405,4,48
860,406,1,48
862,407,6,48
864,408,3,48
867,409,9,48
870,410,2,48
870,411,4,48
870,412,7,48
870,413,8,48
875,414,5,48
875,415,10,48
876,416,3,48
880,417,1,48
883,418,9,48
885,419,4,48
888,420,3,48
900,421,1,48
900,422,2,48
900,423,3,48
900,424,4,48
900,425,5,48
900,426,6,48
900,427,7,48
900,428,8,48
900,429,9,48
900,430,10,48
912,431,3,48
915,432,4,48
917,433,9,48
920,434,1,48
924,435,3,48
925,436,5,48
925,437,10,48
930,438,2,48
930,439,4,48
930,440,7,48
930,441,8,48
933,442,9,48
936,443,3,48
938,444,6,48
940,445,1,48
945,446,4,48
948,447,3,48
950,448,5,48
950,449,9,48
950,450,10,48
960,451,1,48
960,452,2,48
960,453,3,48
960,454,4,48
960,455,7,48
960,456,8,48
967,457,9,48
972,458,3,48
975,459,4,48
975,460,5,48
975,461,6,48
975,462,10,48
980,463,1,48
983,464,9,48
984,465,3,48
990,466,2,48
990,467,4,48
990,468,7,48
990,469,8,48
996,470,3,48
1000,471,1,48
1000,472,5,48
1000,473,9,48
1000,474,10,48
1005,475,4,48
1008,476,3,48
1012,477,6,48
1017,478,9,48
1020,479,1,48
1020,480,2,48
1020,481,3,48
1020,482,4,48
1020,483,7,48
1020,484,8,48
1025,485,5,48
1025,486,10,48
1032,487,3,48
1033,488,9,48
1035,489,4,48
1040,490,1,48
1044,491,3,48
1050,492,2,48
1050,493,4,48
1050,494,5,48
1050,495,6,48
1050,496,7,48
1050,497,8,48
1050,498,9,48
1050,499,10,48
1056,500,3,48
1060,501,1,48
1065,502,4,48
1067,503,9,48
1068,504,3,48
1075,505,5,48
1075,506,10,48
1080,507,1,48
1080,508,2,48
1080,509,3,48
1080,510,4,48
1080,511,7,48
1080,512,8,48
1083,513,9,48
1088,514,6,48
1092,515,3,48
1095,516,4,48
1100,517,1,48
1100,518,5,48
1100,519,9,48
1100,520,10,48
1104,521,3,48
1110,522,2,48
1110,523,4,48
1110,524,7,48
1110,525,8,48
1116,526,3,48
1117,527,9,48
1120,528,1,48
1125,529,4,48
1125,530,5,48
1125,531,6,48
1125,532,10,48
1128,533,3,48
1133,534,9,48
1140,535,1,48
1140,536,2,48
1140,537,3,48
1140,538,4,48
1140,539,7,48
1140,540,8,48
1150,541,5,48
1150,542,9,48
1150,543,10,48
1152,544,3,48
1155,545,4,48
1160,546,1,48
1162,547,6,48
1164,548,3,48
1167,549,9,48
1170,550,2,48
1170,551,4,48
1170,552,7,48
1170,553,8,48
1175,554,5,48
1175,555,10,48
1176,556,3,48
1180,557,1,48
1183,558,9,48
1185,559,4,48
1188,560,3,48
1200,561,1,48
1200,562,2,48
1200,563,3,48
1200,564,4,48
1200,565,5,48
1200,566,6,48
1200,567,7,48
1200,568,8,48
1200,569,9,48
1200,570,10,48
1212,571,3,48
1215,572,4,48
1217,573,9,48
1220,574,1,48
1224,575,3,48
1225,576,5,48
1225,577,10,48
1230,578,2,48
1230,579,4,48
1230,580,7,48
1230,581,8,48
1233,582,9,48
1236,583,3,48
1238,584,6,48
1240,585,1,48
1245,586,4,48
1248,587,3,48
1250,588,5,48
1250,589,9,48
1250,590,10,48
1260,591,1,48
1260,592,2,48
1260,593,3,48
1260,594,4,48
1260,595,7,48
1260,596,8,48
1267,597,9,48
1272,598,3,48
1275,599,4,48
1275,600,5,48
1275,601,6,48
1275,602,10,48
1280,603,1,48
1283,604,9,48
1284,605,3,48
1290,606,2,48
1290,607,4,48
1290,608,7,48
1290,609,8,48
1296,610,3,48
1300,611,1,48
1300,612,5,48
1300,613,9,48
1300,614,10,48
1305,615,4,48
1308,616,3,48
1312,617,6,48
1317,618,9,48
1320,619,1,48
1320,620,2,48
1320,621,3,48
1320,622,4,48
1320,623,7,48
1320,624,8,48
1325,625,5,48
1325,626,10,48
1332,627,3,48
1333,628,9,48
1335,629,4,48
1340,630,1,48
1344,631,3,48
1350,632,2,48
1350,633,4,48
1350,634,5,48
1350,635,6,48
1350,636,7,48
1350,637,8,48
1350,638,9,48
1350,639,10,48
1356,640,3,48
1360,641,1,48
1365,642,4,48
1367,643,9,48
1368,644,3,48
1375,645,5,48
1375,646,10,48
1380,647,1,48
1380,648,2,48
1380,649,3,48
1380,650,4,48
1380,651,7,48
1380,652,8,48
1383,653,9,48
1388,654,6,48
1392,655,3,48
1395,656,4,48
1400,657,1,48
1400,658,5,48
1400,659,9,48
1400,660,10,48
1404,661,3,48
1410,662,2,48
1410,663,4,48
1410,664,7,48
1410,665,8,48
1416,666,3,48
1417,667,9,48
1420,668,1,48
1425,669,4,48
1425,670,5,48
1425,671,6,48
1425,672,10,48
1428,673,3,48
1433,674,9,48
1440,675,1,48
1440,676,2,48
1440,677,3,48
1440,678,4,48
1440,679,7,48
1440,680,8,48
1450,681,5,48
1450,682,9,48
1450,683,10,48
1452,684,3,48
1455,685,4,48
1460,686,1,48
1462,687,6,48
1464,688,3,48
1467,689,9,48
1470,690,2,48
1470,691,4,48
1470,692,7,48
1470,693,8,48
1475,694,5,48
1475,695,10,48
1476,696,3,48
1480,697,1,48
1483,698,9,48
1485,699,4,48
1488,700,3,48
1500,701,1,48
1500,702,2,48
1500,703,3,48
1500,704,4,48
1500,705,5,48
1500,706,6,48
1500,707,7,48
1500,708,8,48
1500,709,9,48
1500,710,10,48
1512,711,3,48
1515,712,4,48
1517,713,9,48
1520,714,1,48
1524,715,3,48
1525,716,5,48
1525,717,10,48
1530,718,2,48
1530,719,4,48
1530,720,7,48
1530,721,8,48
1533,722,9,48
1536,723,3,48
1538,724,6,48
1540,725,1,48
1545,726,4,48
1548,727,3,48
1550,728,5,48
1550,729,9,48
1550,730,10,48
1560,731,1,48
1560,732,2,48
1560,733,3,48
1560,734,4,48
1560,735,7,48
1560,736,8,48
1567,737,9,48
1572,738,3,48
1575,739,4,48
1575,740,5,48
1575,741,6,48
1575,742,10,48
1580,743,1,48
1583,744,9,48
1584,745,3,48
1590,746,2,48
1590,747,4,48
1590,748,7,48
1590,749,8,48
1596,750,3,48
1600,751,1,48
1600,752,5,48
1600,753,9,48
1600,754,10,48
1605,755,4,48
1608,756,3,48
1612,757,6,48
1617,758,9,48
1620,759,1,48
1620,760,2,48
1620,761,3,48
1620,762,4,48
1620,763,7,48
1620,764,8,48
1625,765,5,48
1625,766,10,48
1632,767,3,48
1633,768,9,48
1635,769,4,48
1640,770,1,48
1644,771,3,48
1650,772,2,48
1650,773,4,48
1650,774,5,48
1650,775,6,48
1650,776,7,48
1650,777,8,48
1650,778,9,48
1650,779,10,48
1656,780,3,48
1660,781,1,48
1665,782,4,48
1667,783,9,48
1668,784,3,48
1675,785,5,48
1675,786,10,48
1680,787,1,48
1680,788,2,48
1680,789,3,48
1680,790,4,48
1680,791,7,48
1680,792,8,48
1683,793,9,48
1688,794,6,48
1692,795,3,48
1695,796,4,48
1700,797,1,48
1700,798,5,48
1700,799,9,48
1700,800,10,48
1704,801,3,48
1710,802,2,48
1710,803,4,48
1710,804,7,48
1710,805,8,48
1716,806,3,48
1717,807,9,48
1720,808,1,48
1725,809,4,48
1725,810,5,48
1725,811,6,48
1725,812,10,48
1728,813,3,48
1733,814,9,48
1740,815,1,48
1740,816,2,48
1740,817,3,48
1740,818,4,48
1740,819,7,48
1740,820,8,48
1750,821,5,48
1750,822,9,48
1750,823,10,48
1752,824,3,48
1755,825,4,48
1760,826,1,48
1762,827,6,48
1764,828,3,48
1767,829,9,48
1770,830,2,48
1770,831,4,48
1770,832,7,48
1770,833,8,48
1775,834,5,48
1775,835,10,48
1776,836,3,48
1780,837,1,48
1783,838,9,48
1785,839,4,48
1788,840,3,48
1800,841,1,48
1800,842,2,48
1800,843,3,48
1800,844,4,48
1800,845,5,48
1800,846,6,48
1800,847,7,48
1800,848,8,48
1800,849,9,48
1800,850,10,48
1812,851,3,48
1815,852,4,48
1817,853,9,48
1820,854,1,48
1824,855,3,48
1825,856,5,48
1825,857,10,48
1830,858,2,48
1830,859,4,48
1830,860,7,48
1830,861,8,48
1833,862,9,48
1836,863,3,48
1838,864,6,48
1840,865,1,48
1845,866,4,48
1848,867,3,48
1850,868,5,48
1850,869,9,48
1850,870,10,48
1860,871,1,48
1860,872,2,48
1860,873,3,48
1860,874,4,48
1860,875,7,48
1860,876,8,48
1867,877,9,48
1872,878,3,48
1875,879,4,48
1875,880,5,48
1875,881,6,48
1875,882,10,48
1880,883,1,48
1883,884,9,48
1884,885,3,48
1890,886,2,48
1890,887,4,48
1890,888,7,48
1890,889,8,48
1896,890,3,48
1900,891,1,48
1900,892,5,48
1900,893,9,48
1900,894,10,48
1905,895,4,48
1908,896,3,48
1912,897,6,48
1917,898,9,48
1920,899,1,48
1920,900,2,48
1920,901,3,48
1920,902,4,48
1920,903,7,48
1920,904,8,48
1925,905,5,48
1925,906,10,48
1932,907,3,48
1933,908,9,48
1935,909,4,48
1940,910,1,48
1944,911,3,48
1950,912,2,48
1950,913,4,48
1950,914,5,48
1950,915,6,48
1950,916,7,48
1950,917,8,48
1950,918,9,48
1950,919,10,48
1956,920,3,48
1960,921,1,48
1965,922,4,48
1967,923,9,48
1968,924,3,48
1975,925,5,48
1975,926,10,48
1980,927,1,48
1980,928,2,48
1980,929,3,48
1980,930,4,48
1980,931,7,48
1980,932,8,48
1983,933,9,48
1988,934,6,48
1992,935,3,48
1995,936,4,48
2000,937,1,48
2000,938,2,48
2000,939,5,48
2000,940,6,48
2000,941,7,48
2000,942,8,48
2000,943,9,48
2000,944,10,48
2000,945,11,48
2000,946,12,48
2000,947,13,48
2000,948,14,48
2025,949,1,48
2033,950,5,48
2033,951,9,48
2038,952,2,48
2038,953,7,48
2043,954,8,48
2050,955,1,48
2050,956,6,48
2050,957,10,48
2050,958,11,48
2050,959,13,48
2067,960,5,48
2067,961,9,48
2075,962,1,48
2075,963,2,48
2075,964,7,48
2075,965,12,48
2075,966,14,48
2086,967,8,48
2100,968,1,48
2100,969,5,48
2100,970,6,48
2100,971,9,48
2100,972,10,48
2100,973,11,48
2100,974,13,48
2112,975,2,48
2112,976,7,48
2125,977,1,48
2129,978,8,48
2133,979,5,48
2133,980,9,48
2150,981,1,48
2150,982,2,48
2150,983,6,48
2150,984,7,48
2150,985,10,48
2150,986,11,48
2150,987,12,48
2150,988,13,48
2150,989,14,48
2167,990,5,48
2167,991,9,48
2171,992,8,48
2175,993,1,48
2188,994,2,48
2188,995,7,48
2200,996,1,48
2200,997,5,48
2200,998,6,48
2200,999,9,48
2200,1000,10,48
2200,1001,11,48
2200,1002,13,48
2214,1003,8,48
2225,1004,1,48
2225,1005,2,48
2225,1006,7,48
2225,1007,12,48
2225,1008,14,48
2233,1009,5,48
2233,1010,9,48
2250,1011,1,48
2250,1012,6,48
2250,1013,10,48
2250,1014,11,48
2250,1015,13,48
2257,1016,8,48
2262,1017,2,48
2262,1018,7,48
2267,1019,5,48
2267,1020,9,48
2275,1021,1,48
2300,1022,1,48
2300,1023,2,48
2300,1024,5,48
2300,1025,6,48
2300,1026,7,48
2300,1027,8,48
2300,1028,9,48
2300,1029,10,48
2300,1030,11,48
2300,1031,12,48
2300,1032,13,48
2300,1033,14,48
2325,1034,1,48
2333,1035,5,48
2333,1036,9,48
2338,1037,2,48
2338,1038,7,48
2343,1039,8,48
2350,1040,1,48
2350,1041,6,48
2350,1042,10,48
2350,1043,11,48
2350,1044,13,48
2367,1045,5,48
2367,1046,9,48
2375,1047,1,48
2375,1048,2,48
2375,1049,7,48
2375,1050,12,48
2375,1051,14,48
2386,1052,8,48
2400,1053,1,48
2400,1054,5,48
2400,1055,6,48
2400,1056,9,48
2400,1057,10,48
2400,1058,11,48
2400,1059,13,48
2412,1060,2,48
2412,1061,7,48
2425,1062,1,48
2429,1063,8,48
2433,1064,5,48
2433,1065,9,48
2450,1066,1,48
2450,1067,2,48
2450,1068,6,48
2450,1069,7,48
2450,1070,10,48
2450,1071,11,48
2450,1072,12,48
2450,1073,13,48
2450,1074,14,48
2467,1075,5,48
2467,1076,9,48
2471,1077,8,48
2475,1078,1,48
2488,1079,2,48
2488,1080,7,48
2500,1081,1,48
2500,1082,5,48
2500,1083,6,48
2500,1084,9,48
2500,1085,10,48
2500,1086,11,48
2500,1087,13,48
2514,1088,8,48
2525,1089,1,48
2525,1090,2,48
2525,1091,7,48
2525,1092,12,48
2525,1093,14,48
2533,1094,5,48
2533,1095,9,48
2550,1096,1,48
2550,1097,6,48
2550,1098,10,48
2550,1099,11,48
2550,1100,13,48
2557,1101,8,48
2562,1102,2,48
2562,1103,7,48
2567,1104,5,48
2567,1105,9,48
2575,1106,1,48
2600,1107,1,48
2600,1108,2,48
2600,1109,5,48
2600,1110,6,48
2600,1111,7,48
2600,1112,8,48
2600,1113,9,48
2600,1114,10,48
2600,1115,11,48
2600,1116,12,48
2600,1117,13,48
2600,1118,14,48
2625,1119,1,48
2633,1120,5,48
2633,1121,9,48
2638,1122,2,48
2638,1123,7,48
2643,1124,8,48
2650,1125,1,48
2650,1126,6,48
2650,1127,10,48
2650,1128,11,48
2650,1129,13,48
2667,1130,5,48
2667,1131,9,48
2675,1132,1,48
2675,1133,2,48
2675,1134,7,48
2675,1135,12,48
2675,1136,14,48
2686,1137,8,48
2700,1138,1,48
2700,1139,5,48
2700,1140,6,48
2700,1141,9,48
2700,1142,10,48
2700,1143,11,48
2700,1144,13,48
2712,1145,2,48
2712,1146,7,48
2725,1147,1,48
2729,1148,8,48
2733,1149,5,48
2733,1150,9,48
2750,1151,1,48
2750,1152,2,48
2750,1153,6,48
2750,1154,7,48
2750,1155,10,48
2750,1156,11,48
2750,1157,12,48
2750,1158,13,48
2750,1159,14,48
2767,1160,5,48
2767,1161,9,48
2771,1162,8,48
2775,1163,1,48
2788,1164,2,48
2788,1165,7,48
2800,1166,1,48
2800,1167,5,48
2800,1168,6,48
2800,1169,9,48
2800,1170,10,48
2800,1171,11,48
2800,1172,13,48
2814,1173,8,48
2825,1174,1,48
2825,1175,2,48
2825,1176,7,48
2825,1177,12,48
2825,1178,14,48
2833,1179,5,48
2833,1180,9,48
2850,1181,1,48
2850,1182,6,48
2850,1183,10,48
2850,1184,11,48
2850,1185,13,48
2857,1186,8,48
2862,1187,2,48
2862,1188,7,48
2867,1189,5,48
2867,1190,9,48
2875,1191,1,48
2900,1192,1,48
2900,1193,2,48
2900,1194,5,48
2900,1195,6,48
2900,1196,7,48
2900,1197,8,48
2900,1198,9,48
2900,1199,10,48
2900,1200,11,48
2900,1201,12,48
2900,1202,13,48
2900,1203,14,48
2925,1204,1,48
2933,1205,5,48
2933,1206,9,48
2938,1207,2,48
2938,1208,7,48
2943,1209,8,48
2950,1210,1,48
2950,1211,6,48
2950,1212,10,48
2950,1213,11,48
2950,1214,13,48
2967,1215,5,48
2967,1216,9,48
2975,1217,1,48
2975,1218,2,48
2975,1219,7,48
2975,1220,12,48
2975,1221,14,48
2986,1222,8,48
3000,1223,1,48
3000,1224,5,48
3000,1225,6,48
3000,1226,9,48
3000,1227,10,48
3000,1228,11,48
3000,1229,13,48
3012,1230,2,48
3012,1231,7,48
3025,1232,1,48
3029,1233,8,48
3033,1234,5,48
3033,1235,9,48
3050,1236,1,48
3050,1237,2,48
3050,1238,6,48
3050,1239,7,48
3050,1240,10,48
3050,1241,11,48
3050,1242,12,48
3050,1243,13,48
3050,1244,14,48
3067,1245,5,48
3067,1246,9,48
3071,1247,8,48
3075,1248,1,48
3088,1249,2,48
3088,1250,7,48
3100,1251,1,48
3100,1252,5,48
3100,1253,6,48
3100,1254,9,48
3100,1255,10,48
3100,1256,11,48
3100,1257,13,48
3114,1258,8,48
3125,1259,1,48
3125,1260,2,48
3125,1261,7,48
3125,1262,12,48
3125,1263,14,48
3133,1264,5,48
3133,1265,9,48
3150,1266,1,48
3150,1267,6,48
3150,1268,10,48
3150,1269,11,48
3150,1270,13,48
3157,1271,8,48
3162,1272,2,48
3162,1273,7,48
3167,1274,5,48
3167,1275,9,48
3175,1276,1,48
3200,1277,1,48
3200,1278,2,48
3200,1279,5,48
3200,1280,6,48
3200,1281,7,48
3200,1282,8,48
3200,1283,9,48
3200,1284,10,48
3200,1285,11,48
3200,1286,12,48
3200,1287,13,48
3200,1288,14,48
3225,1289,1,48
3233,1290,5,48
3233,1291,9,48
3238,1292,2,48
3238,1293,7,48
3243,1294,8,48
3250,1295,1,48
3250,1296,6,48
3250,1297,10,48
3250,1298,11,48
3250,1299,13,48
3267,1300,5,48
3267,1301,9,48
3275,1302,1,48
3275,1303,2,48
3275,1304,7,48
3275,1305,12,48
3275,1306,14,48
3286,1307,8,48
3300,1308,1,48
3300,1309,5,48
3300,1310,6,48
3300,1311,9,48
3300,1312,10,48
3300,1313,11,48
3300,1314,13,48
3312,1315,2,48
3312,1316,7,48
3325,1317,1,48
3329,1318,8,48
3333,1319,5,48
3333,1320,9,48
3350,1321,1,48
3350,1322,2,48
3350,1323,6,48
3350,1324,7,48
3350,1325,10,48
3350,1326,11,48
3350,1327,12,48
3350,1328,13,48
3350,1329,14,48
3367,1330,5,48
3367,1331,9,48
3371,1332,8,48
3375,1333,1,48
3388,1334,2,48
3388,1335,7,48
3400,1336,1,48
3400,1337,5,48
3400,1338,6,48
3400,1339,9,48
3400,1340,10,48
3400,1341,11,48
3400,1342,13,48
3414,1343,8,48
3425,1344,1,48
3425,1345,2,48
3425,1346,7,48
3425,1347,12,48
3425,1348,14,48
3433,1349,5,48
3433,1350,9,48
3450,1351,1,48
3450,1352,6,48
3450,1353,10,48
3450,1354,11,48
3450,1355,13,48
3457,1356,8,48
3462,1357,2,48
3462,1358,7,48
3467,1359,5,48
3467,1360,9,48
3475,1361,1,48
3500,1362,1,48
3500,1363,2,48
3500,1364,5,48
3500,1365,6,48
3500,1366,7,48
3500,1367,8,48
3500,1368,9,48
3500,1369,10,48
3500,1370,11,48
3500,1371,12,48
3500,1372,13,48
3500,1373,14,48
3525,1374,1,48
3533,1375,5,48
3533,1376,9,48
3538,1377,2,48
3538,1378,7,48
3543,1379,8,48
3550,1380,1,48
3550,1381,6,48
3550,1382,10,48
3550,1383,11,48
3550,1384,13,48
3567,1385,5,48
3567,1386,9,48
3575,1387,1,48
3575,1388,2,48
3575,1389,7,48
3575,1390,12,48
3575,1391,14,48
3586,1392,8,48
3600,1393,1,48
3600,1394,5,48
3600,1395,6,48
3600,1396,9,48
3600,1397,10,48
3600,1398,11,48
3600,1399,13,48
3612,1400,2,48
3612,1401,7,48
3625,1402,1,48
3629,1403,8,48
3633,1404,5,48
3633,1405,9,48
3650,1406,1,48
3650,1407,2,48
3650,1408,6,48
3650,1409,7,48
3650,1410,10,48
3650,1411,11,48
3650,1412,12,48
3650,1413,13,48
3650,1414,14,48
3667,1415,5,48
3667,1416,9,48
3671,1417,8,48
3675,1418,1,48
3688,1419,2,48
3688,1420,7,48
3700,1421,1,48
3700,1422,5,48
3700,1423,6,48
3700,1424,9,48
3700,1425,10,48
3700,1426,11,48
3700,1427,13,48
3714,1428,8,48
3725,1429,1,48
3725,1430,2,48
3725,1431,7,48
3725,1432,12,48
3725,1433,14,48
3733,1434,5,48
3733,1435,9,48
3750,1436,1,48
3750,1437,6,48
3750,1438,10,48
3750,1439,11,48
3750,1440,13,48
3757,1441,8,48
3762,1442,2,48
3762,1443,7,48
3767,1444,5,48
3767,1445,9,48
3775,1446,1,48
3800,1447,1,48
3800,1448,2,48
3800,1449,5,48
3800,1450,6,48
3800,1451,7,48
3800,1452,8,48
3800,1453,9,48
3800,1454,10,48
3800,1455,11,48
3800,1456,12,48
3800,1457,13,48
3800,1458,14,48
3825,1459,1,48
3833,1460,5,48
3833,1461,9,48
3838,1462,2,48
3838,1463,7,48
3843,1464,8,48
3850,1465,1,48
3850,1466,6,48
3850,1467,10,48
3850,1468,11,48
3850,1469,13,48
3867,1470,5,48
3867,1471,9,48
3875,1472,1,48
3875,1473,2,48
3875,1474,7,48
3875,1475,12,48
3875,1476,14,48
3886,1477,8,48
3900,1478,1,48
3900,1479,5,48
3900,1480,6,48
3900,1481,9,48
3900,1482,10,48
3900,1483,11,48
3900,1484,13,48
3912,1485,2,48
3912,1486,7,48
3925,1487,1,48
3929,1488,8,48
3933,1489,5,48
3933,1490,9,48
3950,1491,1,48
3950,1492,2,48
3950,1493,6,48
3950,1494,7,48
3950,1495,10,48
3950,1496,11,48
3950,1497,12,48
3950,1498,13,48
3950,1499,14,48
3967,1500,5,48
3967,1501,9,48
3971,1502,8,48
3975,1503,1,48
3988,1504,2,48
3988,1505,7,48
4000,1506,1,48
4000,1507,5,48
4000,1508,6,48
4000,1509,9,48
4000,1510,10,48
4000,1511,11,48
4000,1512,13,48
4014,1513,8,48
4025,1514,1,48
4025,1515,2,48
4025,1516,7,48
4025,1517,12,48
4025,1518,14,48
4033,1519,5,48
4033,1520,9,48
4050,1521,1,48
4050,1522,6,48
4050,1523,10,48
4050,1524,11,48
4050,1525,13,48
4057,1526,8,48
4062,1527,2,48
4062,1528,7,48
4067,1529,5,48
4067,1530,9,48
4075,1531,1,48
4100,1532,1,48
4100,1533,2,48
4100,1534,5,48
4100,1535,6,48
4100,1536,7,48
4100,1537,8,48
4100,1538,9,48
4100,1539,10,48
4100,1540,11,48
4100,1541,12,48
4100,1542,13,48
4100,1543,14,48
4125,1544,1,48
4133,1545,5,48
4133,1546,9,48
4138,1547,2,48
4138,1548,7,48
4143,1549,8,48
4150,1550,1,48
4150,1551,6,48
4150,1552,10,48
4150,1553,11,48
4150,1554,13,48
4167,1555,5,48
4167,1556,9,48
4175,1557,1,48
4175,1558,2,48
4175,1559,7,48
4175,1560,12,48
4175,1561,14,48
4186,1562,8,48
4200,1563,1,48
4200,1564,5,48
4200,1565,6,48
4200,1566,9,48
4200,1567,10,48
4200,1568,11,48
4200,1569,13,48
4212,1570,2,48
4212,1571,7,48
4225,1572,1,48
4229,1573,8,48
4233,1574,5,48
4233,1575,9,48
4250,1576,1,48
4250,1577,2,48
4250,1578,6,48
4250,1579,7,48
4250,1580,10,48
4250,1581,11,48
4250,1582,12,48
4250,1583,13,48
4250,1584,14,48
4267,1585,5,48
4267,1586,9,48
4271,1587,8,48
4275,1588,1,48
4288,1589,2,48
4288,1590,7,48
4300,1591,1,48
4300,1592,5,48
4300,1593,6,48
4300,1594,9,48
4300,1595,10,48
4300,1596,11,48
4300,1597,13,48
4314,1598,8,48
4325,1599,1,48
4325,1600,2,48
4325,1601,7,48
4325,1602,12,48
4325,1603,14,48
4333,1604,5,48
4333,1605,9,48
4350,1606,1,48
4350,1607,6,48
4350,1608,10,48
4350,1609,11,48
4350,1610,13,48
4357,1611,8,48
4362,1612,2,48
4362,1613,7,48
4367,1614,5,48
4367,1615,9,48
4375,1616,1,48
4400,1617,1,48
4400,1618,2,48
4400,1619,5,48
4400,1620,6,48
4400,1621,7,48
4400,1622,8,48
4400,1623,9,48
4400,1624,10,48
4400,1625,11,48
4400,1626,12,48
4400,1627,13,48
4400,1628,14,48
4425,1629,1,48
4433,1630,5,48
4433,1631,9,48
4438,1632,2,48
4438,1633,7,48
4443,1634,8,48
4450,1635,1,48
4450,1636,6,48
4450,1637,10,48
4450,1638,11,48
4450,1639,13,48
4467,1640,5,48
4467,1641,9,48
4475,1642,1,48
4475,1643,2,48
4475,1644,7,48
4475,1645,12,48
4475,1646,14,48
4486,1647,8,48
4500,1648,1,48
4500,1649,5,48
4500,1650,6,48
4500,1651,9,48
4500,1652,10,48
4500,1653,11,48
4500,1654,13,48
4512,1655,2,48
4512,1656,7,48
4525,1657,1,48
4529,1658,8,48
4533,1659,5,48
4533,1660,9,48
4550,1661,1,48
4550,1662,2,48
4550,1663,6,48
4550,1664,7,48
4550,1665,10,48
4550,1666,11,48
4550,1667,12,48
4550,1668,13,48
4550,1669,14,48
4567,1670,5,48
4567,1671,9,48
4571,1672,8,48
4575,1673,1,48
4588,1674,2,48
4588,1675,7,48
4600,1676,1,48
4600,1677,5,48
4600,1678,6,48
4600,1679,9,48
4600,1680,10,48
4600,1681,11,48
4600,1682,13,48
4614,1683,8,48
4625,1684,1,48
4625,1685,2,48
4625,1686,7,48
4625,1687,12,48
4625,1688,14,48
4633,1689,5,48
4633,1690,9,48
4650,1691,1,48
4650,1692,6,48
4650,1693,10,48
4650,1694,11,48
4650,1695,13,48
4657,1696,8,48
4662,1697,2,48
4662,1698,7,48
4667,1699,5,48
4667,1700,9,48
4675,1701,1,48
4700,1702,1,48
4700,1703,2,48
4700,1704,5,48
4700,1705,6,48
4700,1706,7,48
4700,1707,8,48
4700,1708,9,48
4700,1709,10,48
4700,1710,11,48
4700,1711,12,48
4700,1712,13,48
4700,1713,14,48
4725,1714,1,48
4733,1715,5,48
4733,1716,9,48
4738,1717,2,48
4738,1718,7,48
4743,1719,8,48
4750,1720,1,48
4750,1721,6,48
4750,1722,10,48
4750,1723,11,48
4750,1724,13,48
4767,1725,5,48
4767,1726,9,48
4775,1727,1,48
4775,1728,2,48
4775,1729,7,48
4775,1730,12,48
4775,1731,14,48
4786,1732,8,48
4800,1733,1,48
4800,1734,5,48
4800,1735,6,48
4800,1736,9,48
4800,1737,10,48
4800,1738,11,48
4800,1739,13,48
4812,1740,2,48
4812,1741,7,48
4825,1742,1,48
4829,1743,8,48
4833,1744,5,48
4833,1745,9,48
4850,1746,1,48
4850,1747,2,48
4850,1748,6,48
4850,1749,7,48
4850,1750,10,48
4850,1751,11,48
4850,1752,12,48
4850,1753,13,48
4850,1754,14,48
4867,1755,5,48
4867,1756,9,48
4871,1757,8,48
4875,1758,1,48
4888,1759,2,48
4888,1760,7,48
4900,1761,1,48
4900,1762,5,48
4900,1763,6,48
4900,1764,9,48
4900,1765,10,48
4900,1766,11,48
4900,1767,13,48
4914,1768,8,48
4925,1769,1,48
4925,1770,2,48
4925,1771,7,48
4925,1772,12,48
4925,1773,14,48
4933,1774,5,48
4933,1775,9,48
4950,1776,1,48
4950,1777,6,48
4950,1778,10,48
4950,1779,11,48
4950,1780,13,48
4957,1781,8,48
4962,1782,2,48
4962,1783,7,48
4967,1784,5,48
4967,1785,9,48
4975,1786,1,48
5000,1787,1,48
5000,1788,2,48
5000,1789,5,48
5000,1790,6,48
5000,1791,7,48
5000,1792,8,48
5000,1793,9,48
5000,1794,10,48
5000,1795,11,48
5000,1796,12,48
5000,1797,13,48
5000,1798,14,48
5025,1799,1,48
5033,1800,5,48
5033,1801,9,48
5038,1802,2,48
5038,1803,7,48
5043,1804,8,48
5050,1805,1,48
5050,1806,6,48
5050,1807,10,48
5050,1808,11,48
5050,1809,13,48
5067,1810,5,48
5067,1811,9,48
5075,1812,1,48
5075,1813,2,48
5075,1814,7,48
5075,1815,12,48
5075,1816,14,48
5086,1817,8,48
5100,1818,1,48
5100,1819,5,48
5100,1820,6,48
5100,1821,9,48
5100,1822,10,48
5100,1823,11,48
5100,1824,13,48
5112,1825,2,48
5112,1826,7,48
5125,1827,1,48
5129,1828,8,48
5133,1829,5,48
5133,1830,9,48
5150,1831,1,48
5150,1832,2,48
5150,1833,6,48
5150,1834,7,48
5150,1835,10,48
5150,1836,11,48
5150,1837,12,48
5150,1838,13,48
5150,1839,14,48
5167,1840,5,48
5167,1841,9,48
5171,1842,8,48
5175,1843,1,48
5188,1844,2,48
5188,1845,7,48
5200,1846,1,48
5200,1847,5,48
5200,1848,6,48
5200,1849,9,48
5200,1850,10,48
5200,1851,11,48
5200,1852,13,48
5214,1853,8,48
5225,1854,1,48
5225,1855,2,48
5225,1856,7,48
5225,1857,12,48
5225,1858,14,48
5233,1859,5,48
5233,1860,9,48
5250,1861,1,48
5250,1862,6,48
5250,1863,10,48
5250,1864,11,48
5250,1865,13,48
5257,1866,8,48
5262,1867,2,48
5262,1868,7,48
5267,1869,5,48
5267,1870,9,48
5275,1871,1,48
5300,1872,1,48
5300,1873,2,48
5300,1874,5,48
5300,1875,6,48
5300,1876,7,48
5300,1877,8,48
5300,1878,9,48
5300,1879,10,48
5300,1880,11,48
5300,1881,12,48
5300,1882,13,48
5300,1883,14,48
5325,1884,1,48
5333,1885,5,48
5333,1886,9,48
5338,1887,2,48
5338,1888,7,48
5343,1889,8,48
5350,1890,1,48
5350,1891,6,48
5350,1892,10,48
5350,1893,11,48
5350,1894,13,48
5367,1895,5,48
5367,1896,9,48
5375,1897,1,48
5375,1898,2,48
5375,1899,7,48
5375,1900,12,48
5375,1901,14,48
5386,1902,8,48
5400,1903,1,48
5400,1904,5,48
5400,1905,6,48
5400,1906,9,48
5400,1907,10,48
5400,1908,11,48
5400,1909,13,48
5412,1910,2,48
5412,1911,7,48
5425,1912,1,48
5429,1913,8,48
5433,1914,5,48
5433,1915,9,48
5450,1916,1,48
5450,1917,2,48
5450,1918,6,48
5450,1919,7,48
5450,1920,10,48
5450,1921,11,48
5450,1922,12,48
5450,1923,13,48
5450,1924,14,48
5467,1925,5,48
5467,1926,9,48
5471,1927,8,48
5475,1928,1,48
5488,1929,2,48
5488,1930,7,48
5500,1931,1,48
5500,1932,5,48
5500,1933,6,48
5500,1934,9,48
5500,1935,10,48
5500,1936,11,48
5500,1937,13,48
5514,1938,8,48
5525,1939,1,48
5525,1940,2,48
5525,1941,7,48
5525,1942,12,48
5525,1943,14,48
5533,1944,5,48
5533,1945,9,48
5550,1946,1,48
5550,1947,6,48
5550,1948,10,48
5550,1949,11,48
5550,1950,13,48
5557,1951,8,48
5562,1952,2,48
5562,1953,7,48
5567,1954,5,48
5567,1955,9,48
5575,1956,1,48
5600,1957,1,48
5600,1958,2,48
5600,1959,5,48
5600,1960,6,48
5600,1961,7,48
5600,1962,8,48
5600,1963,9,48
5600,1964,10,48
5600,1965,11,48
5600,1966,12,48
5600,1967,13,48
5600,1968,14,48
5625,1969,1,48
5633,1970,5,48
5633,1971,9,48
5638,1972,2,48
5638,1973,7,48
5643,1974,8,48
5650,1975,1,48
5650,1976,6,48
5650,1977,10,48
5650,1978,11,48
5650,1979,13,48
5667,1980,5,48
5667,1981,9,48
5675,1982,1,48
5675,1983,2,48
5675,1984,7,48
5675,1985,12,48
5675,1986,14,48
5686,1987,8,48
5700,1988,1,48
5700,1989,5,48
5700,1990,6,48
5700,1991,9,48
5700,1992,10,48
5700,1993,11,48
5700,1994,13,48
5712,1995,2,48
5712,1996,7,48
5725,1997,1,48
5729,1998,8,48
5733,1999,5,48
5733,2000,9,48
5750,2001,1,48
5750,2002,2,48
5750,2003,6,48
5750,2004,7,48
5750,2005,10,48
5750,2006,11,48
5750,2007,12,48
5750,2008,13,48
5750,2009,14,48
5767,2010,5,48
5767,2011,9,48
5771,2012,8,48
5775,2013,1,48
5788,2014,2,48
5788,2015,7,48
5800,2016,1,48
5800,2017,5,48
5800,2018,6,48
5800,2019,9,48
5800,2020,10,48
5800,2021,11,48
5800,2022,13,48
5814,2023,8,48
5825,2024,1,48
5825,2025,2,48
5825,2026,7,48
5825,2027,12,48
5825,2028,14,48
5833,2029,5,48
5833,2030,9,48
5850,2031,1,48
5850,2032,6,48
5850,2033,10,48
5850,2034,11,48
5850,2035,13,48
5857,2036,8,48
5862,2037,2,48
5862,2038,7,48
5867,2039,5,48
5867,2040,9,48
5875,2041,1,48
5900,2042,1,48
5900,2043,2,48
5900,2044,5,48
5900,2045,6,48
5900,2046,7,48
5900,2047,8,48
5900,2048,9,48
5900,2049,10,48
5900,2050,11,48
5900,2051,12,48
5900,2052,13,48
5900,2053,14,48
5925,2054,1,48
5933,2055,5,48
5933,2056,9,48
5938,2057,2,48
5938,2058,7,48
5943,2059,8,48
5950,2060,1,48
5950,2061,6,48
5950,2062,10,48
5950,2063,11,48
5950,2064,13,48
5967,2065,5,48
5967,2066,9,48
5975,2067,1,48
5975,2068,2,48
5975,2069,7,48
5975,2070,12,48
5975,2071,14,48
5986,2072,8,48
6000,2073,1,48
6000,2074,5,48
6000,2075,6,48
6000,2076,9,48
6000,2077,10,48
6000,2078,11,48
6000,2079,13,48
6012,2080,2,48
6012,2081,7,48
6025,2082,1,48
6029,2083,8,48
6033,2084,5,48
6033,2085,9,48
6050,2086,1,48
6050,2087,2,48
6050,2088,6,48
6050,2089,7,48
6050,2090,10,48
6050,2091,11,48
6050,2092,12,48
6050,2093,13,48
6050,2094,14,48
6067,2095,5,48
6067,2096,9,48
6071,2097,8,48
6075,2098,1,48
6088,2099,2,48
6088,2100,7,48
6100,2101,1,48
6100,2102,5,48
6100,2103,6,48
6100,2104,9,48
6100,2105,10,48
6100,2106,11,48
6100,2107,13,48
6114,2108,8,48
6125,2109,1,48
6125,2110,2,48
6125,2111,7,48
6125,2112,12,48
6125,2113,14,48
6133,2114,5,48
6133,2115,9,48
6150,2116,1,48
6150,2117,6,48
6150,2118,10,48
6150,2119,11,48
6150,2120,13,48
6157,2121,8,48
6162,2122,2,48
6162,2123,7,48
6167,2124,5,48
6167,2125,9,48
6175,2126,1,48
6200,2127,1,48
6200,2128,2,48
6200,2129,5,48
6200,2130,6,48
6200,2131,7,48
6200,2132,8,48
6200,2133,9,48
6200,2134,10,48
6200,2135,11,48
6200,2136,12,48
6200,2137,13,48
6200,2138,14,48
6225,2139,1,48
6233,2140,5,48
6233,2141,9,48
6238,2142,2,48
6238,2143,7,48
6243,2144,8,48
6250,2145,1,48
6250,2146,6,48
6250,2147,10,48
6250,2148,11,48
6250,2149,13,48
6267,2150,5,48
6267,2151,9,48
6275,2152,1,48
6275,2153,2,48
6275,2154,7,48
6275,2155,12,48
6275,2156,14,48
6286,2157,8,48
6300,2158,1,48
6300,2159,5,48
6300,2160,6,48
6300,2161,9,48
6300,2162,10,48
6300,2163,11,48
6300,2164,13,48
6312,2165,2,48
6312,2166,7,48
6325,2167,1,48
6329,2168,8,48
6333,2169,5,48
6333,2170,9,48
6350,2171,1,48
6350,2172,2,48
6350,2173,6,48
6350,2174,7,48
6350,2175,10,48
6350,2176,11,48
6350,2177,12,48
6350,2178,13,48
6350,2179,14,48
6367,2180,5,48
6367,2181,9,48
6371,2182,8,48
6375,2183,1,48
6388,2184,2,48
6388,2185,7,48
6400,2186,1,48
6400,2187,5,48
6400,2188,6,48
6400,2189,9,48
6400,2190,10,48
6400,2191,11,48
6400,2192,13,48
6414,2193,8,48
6425,2194,1,48
6425,2195,2,48
6425,2196,7,48
6425,2197,12,48
6425,2198,14,48
6433,2199,5,48
6433,2200,9,48
6450,2201,1,48
6450,2202,6,48
6450,2203,10,48
6450,2204,11,48
6450,2205,13,48
6457,2206,8,48
6462,2207,2,48
6462,2208,7,48
6467,2209,5,48
6467,2210,9,48
6475,2211,1,48
6500,2212,1,48
6500,2213,2,48
6500,2214,5,48
6500,2215,6,48
6500,2216,7,48
6500,2217,8,48
6500,2218,9,48
6500,2219,10,48
6500,2220,11,48
6500,2221,12,48
6500,2222,13,48
6500,2223,14,48
6525,2224,1,48
6533,2225,5,48
6533,2226,9,48
6538,2227,2,48
6538,2228,7,48
6543,2229,8,48
6550,2230,1,48
6550,2231,6,48
6550,2232,10,48
6550,2233,11,48
6550,2234,13,48
6567,2235,5,48
6567,2236,9,48
6575,2237,1,48
6575,2238,2,48
6575,2239,7,48
6575,2240,12,48
6575,2241,14,48
6586,2242,8,48
6600,2243,1,48
6600,2244,5,48
6600,2245,6,48
6600,2246,9,48
6600,2247,10,48
6600,2248,11,48
6600,2249,13,48
6612,2250,2,48
6612,2251,7,48
6625,2252,1,48
6629,2253,8,48
6633,2254,5,48
6633,2255,9,48
6650,2256,1,48
6650,2257,2,48
6650,2258,6,48
6650,2259,7,48
6650,2260,10,48
6650,2261,11,48
6650,2262,12,48
6650,2263,13,48
6650,2264,14,48
6667,2265,5,48
6667,2266,9,48
6671,2267,8,48
6675,2268,1,48
6688,2269,2,48
6688,2270,7,48
6700,2271,1,48
6700,2272,5,48
6700,2273,6,48
6700,2274,9,48
6700,2275,10,48
6700,2276,11,48
6700,2277,13,48
6714,2278,8,48
6725,2279,1,48
6725,2280,2,48
6725,2281,7,48
6725,2282,12,48
6725,2283,14,48
6733,2284,5,48
6733,2285,9,48
6750,2286,1,48
6750,2287,6,48
6750,2288,10,48
6750,2289,11,48
6750,2290,13,48
6757,2291,8,48
6762,2292,2,48
6762,2293,7,48
6767,2294,5,48
6767,2295,9,48
6775,2296,1,48
6800,2297,1,48
6800,2298,2,48
6800,2299,5,48
6800,2300,6,48
6800,2301,7,48
6800,2302,8,48
6800,2303,9,48
6800,2304,10,48
6800,2305,11,48
6800,2306,12,48
6800,2307,13,48
6800,2308,14,48
6825,2309,1,48
6833,2310,5,48
6833,2311,9,48
6838,2312,2,48
6838,2313,7,48
6843,2314,8,48
6850,2315,1,48
6850,2316,6,48
6850,2317,10,48
6850,2318,11,48
6850,2319,13,48
6867,2320,5,48
6867,2321,9,48
6875,2322,1,48
6875,2323,2,48
6875,2324,7,48
6875,2325,12,48
6875,2326,14,48
6886,2327,8,48
6900,2328,1,48
6900,2329,5,48
6900,2330,6,48
6900,2331,9,48
6900,2332,10,48
6900,2333,11,48
6900,2334,13,48
6912,2335,2,48
6912,2336,7,48
6925,2337,1,48
6929,2338,8,48
6933,2339,5,48
6933,2340,9,48
6950,2341,1,48
6950,2342,2,48
6950,2343,6,48
6950,2344,7,48
6950,2345,10,48
6950,2346,11,48
6950,2347,12,48
6950,2348,13,48
6950,2349,14,48
6967,2350,5,48
6967,2351,9,48
6971,2352,8,48
6975,2353,1,48
6988,2354,2,48
6988,2355,7,48
7000,2356,1,48
7000,2357,5,48
7000,2358,6,48
7000,2359,9,48
7000,2360,10,48
7000,2361,11,48
7000,2362,13,48
7014,2363,8,48
7025,2364,1,48
7025,2365,2,48
7025,2366,7,48
7025,2367,12,48
7025,2368,14,48
7033,2369,5,48
7033,2370,9,48
7050,2371,1,48
7050,2372,6,48
7050,2373,10,48
7050,2374,11,48
7050,2375,13,48
7057,2376,8,48
7062,2377,2,48
7062,2378,7,48
7067,2379,5,48
7067,2380,9,48
7075,2381,1,48
7100,2382,1,48
7100,2383,2,48
7100,2384,5,48
7100,2385,6,48
7100,2386,7,48
7100,2387,8,48
7100,2388,9,48
7100,2389,10,48
7100,2390,11,48
7100,2391,12,48
7100,2392,13,48
7100,2393,14,48
7125,2394,1,48
7133,2395,5,48
7133,2396,9,48
7138,2397,2,48
7138,2398,7,48
7143,2399,8,48
7150,2400,1,48
7150,2401,6,48
7150,2402,10,48
7150,2403,11,48
7150,2404,13,48
7167,2405,5,48
7167,2406,9,48
7175,2407,1,48
7175,2408,2,48
7175,2409,7,48
7175,2410,12,48
7175,2411,14,48
7186,2412,8,48
7200,2413,1,48
7200,2414,5,48
7200,2415,6,48
7200,2416,9,48
7200,2417,10,48
7200,2418,11,48
7200,2419,13,48
7212,2420,2,48
7212,2421,7,48
7225,2422,1,48
7229,2423,8,48
7233,2424,5,48
7233,2425,9,48
7250,2426,1,48
7250,2427,2,48
7250,2428,6,48
7250,2429,7,48
7250,2430,10,48
7250,2431,11,48
7250,2432,12,48
7250,2433,13,48
7250,2434,14,48
7267,2435,5,48
7267,2436,9,48
7271,2437,8,48
7275,2438,1,48
7288,2439,2,48
7288,2440,7,48
7300,2441,1,48
7300,2442,5,48
7300,2443,6,48
7300,2444,9,48
7300,2445,10,48
7300,2446,11,48
7300,2447,13,48
7314,2448,8,48
7325,2449,1,48
7325,2450,2,48
7325,2451,7,48
7325,2452,12,48
7325,2453,14,48
7333,2454,5,48
7333,2455,9,48
7350,2456,1,48
7350,2457,6,48
7350,2458,10,48
7350,2459,11,48
7350,2460,13,48
7357,2461,8,48
7362,2462,2,48
7362,2463,7,48
7367,2464,5,48
7367,2465,9,48
7375,2466,1,48
7400,2467,1,48
7400,2468,2,48
7400,2469,5,48
7400,2470,6,48
7400,2471,7,48
7400,2472,8,48
7400,2473,9,48
7400,2474,10,48
7400,2475,11,48
7400,2476,12,48
7400,2477,13,48
7400,2478,14,48
7425,2479,1,48
7433,2480,5,48
7433,2481,9,48
7438,2482,2,48
7438,2483,7,48
7443,2484,8,48
7450,2485,1,48
7450,2486,6,48
7450,2487,10,48
7450,2488,11,48
7450,2489,13,48
7467,2490,5,48
7467,2491,9,48
7475,2492,1,48
7475,2493,2,48
7475,2494,7,48
7475,2495,12,48
7475,2496,14,48
7486,2497,8,48
7500,2498,1,48
7500,2499,5,48
7500,2500,6,48
7500,2501,9,48
7500,2502,10,48
7500,2503,11,48
7500,2504,13,48
7512,2505,2,48
7512,2506,7,48
7525,2507,1,48
7529,2508,8,48
7533,2509,5,48
7533,2510,9,48
7550,2511,1,48
7550,2512,2,48
7550,2513,6,48
7550,2514,7,48
7550,2515,10,48
7550,2516,11,48
7550,2517,12,48
7550,2518,13,48
7550,2519,14,48
7567,2520,5,48
7567,2521,9,48
7571,2522,8,48
7575,2523,1,48
7588,2524,2,48
7588,2525,7,48
7600,2526,1,48
7600,2527,5,48
7600,2528,6,48
7600,2529,9,48
7600,2530,10,48
7600,2531,11,48
7600,2532,13,48
7614,2533,8,48
7625,2534,1,48
7625,2535,2,48
7625,2536,7,48
7625,2537,12,48
7625,2538,14,48
7633,2539,5,48
7633,2540,9,48
7650,2541,1,48
7650,2542,6,48
7650,2543,10,48
7650,2544,11,48
7650,2545,13,48
7657,2546,8,48
7662,2547,2,48
7662,2548,7,48
7667,2549,5,48
7667,2550,9,48
7675,2551,1,48
7700,2552,1,48
7700,2553,2,48
7700,2554,5,48
7700,2555,6,48
7700,2556,7,48
7700,2557,8,48
7700,2558,9,48
7700,2559,10,48
7700,2560,11,48
7700,2561,12,48
7700,2562,13,48
7700,2563,14,48
7725,2564,1,48
7733,2565,5,48
7733,2566,9,48
7738,2567,2,48
7738,2568,7,48
7743,2569,8,48
7750,2570,1,48
7750,2571,6,48
7750,2572,10,48
7750,2573,11,48
7750,2574,13,48
7767,2575,5,48
7767,2576,9,48
7775,2577,1,48
7775,2578,2,48
7775,2579,7,48
7775,2580,12,48
7775,2581,14,48
7786,2582,8,48
7800,2583,1,48
7800,2584,5,48
7800,2585,6,48
7800,2586,9,48
7800,2587,10,48
7800,2588,11,48
7800,2589,13,48
7812,2590,2,48
7812,2591,7,48
7825,2592,1,48
7829,2593,8,48
7833,2594,5,48
7833,2595,9,48
7850,2596,1,48
7850,2597,2,48
7850,2598,6,48
7850,2599,7,48
7850,2600,10,48
7850,2601,11,48
7850,2602,12,48
7850,2603,13,48
7850,2604,14,48
7867,2605,5,48
7867,2606,9,48
7871,2607,8,48
7875,2608,1,48
7888,2609,2,48
7888,2610,7,48
7900,2611,1,48
7900,2612,5,48
7900,2613,6,48
7900,2614,9,48
7900,2615,10,48
7900,2616,11,48
7900,2617,13,48
7914,2618,8,48
7925,2619,1,48
7925,2620,2,48
7925,2621,7,48
7925,2622,12,48
7925,2623,14,48
7933,2624,5,48
7933,2625,9,48
7950,2626,1,48
7950,2627,6,48
7950,2628,10,48
7950,2629,11,48
7950,2630,13,48
7957,2631,8,48
7962,2632,2,48
7962,2633,7,48
7967,2634,5,48
7967,2635,9,48
7975,2636,1,48
8000,2637,1,48
8000,2638,2,48
8000,2639,5,48
8000,2640,6,48
8000,2641,7,48
8000,2642,8,48
8000,2643,9,48
8000,2644,10,48
8000,2645,11,48
8000,2646,12,48
8000,2647,13,48
8000,2648,14,48
8025,2649,1,48
8033,2650,5,48
8033,2651,9,48
8038,2652,2,48
8038,2653,7,48
8043,2654,8,48
8050,2655,1,48
8050,2656,6,48
8050,2657,10,48
8050,2658,11,48
8050,2659,13,48
8067,2660,5,48
8067,2661,9,48
8075,2662,1,48
8075,2663,2,48
8075,2664,7,48
8075,2665,12,48
8075,2666,14,48
8086,2667,8,48
8100,2668,1,48
8100,2669,5,48
8100,2670,6,48
8100,2671,9,48
8100,2672,10,48
8100,2673,11,48
8100,2674,13,48
8112,2675,2,48
8112,2676,7,48
8125,2677,1,48
8129,2678,8,48
8133,2679,5,48
8133,2680,9,48
8150,2681,1,48
8150,2682,2,48
8150,2683,6,48
8150,2684,7,48
8150,2685,10,48
8150,2686,11,48
8150,2687,12,48
8150,2688,13,48
8150,2689,14,48
8167,2690,5,48
8167,2691,9,48
8171,2692,8,48
8175,2693,1,48
8188,2694,2,48
8188,2695,7,48
8200,2696,1,48
8200,2697,5,48
8200,2698,6,48
8200,2699,9,48
8200,2700,10,48
8200,2701,11,48
8200,2702,13,48
8214,2703,8,48
8225,2704,1,48
8225,2705,2,48
8225,2706,7,48
8225,2707,12,48
8225,2708,14,48
8233,2709,5,48
8233,2710,9,48
8250,2711,1,48
8250,2712,6,48
8250,2713,10,48
8250,2714,11,48
8250,2715,13,48
8257,2716,8,48
8262,2717,2,48
8262,2718,7,48
8267,2719,5,48
8267,2720,9,48
8275,2721,1,48
8300,2722,1,48
8300,2723,2,48
8300,2724,5,48
8300,2725,6,48
8300,2726,7,48
8300,2727,8,48
8300,2728,9,48
8300,2729,10,48
8300,2730,11,48
8300,2731,12,48
8300,2732,13,48
8300,2733,14,48
8325,2734,1,48
8333,2735,5,48
8333,2736,9,48
8338,2737,2,48
8338,2738,7,48
8343,2739,8,48
8350,2740,1,48
8350,2741,6,48
8350,2742,10,48
8350,2743,11,48
8350,2744,13,48
8367,2745,5,48
8367,2746,9,48
8375,2747,1,48
8375,2748,2,48
8375,2749,7,48
8375,2750,12,48
8375,2751,14,48
8386,2752,8,48
8400,2753,1,48
8400,2754,5,48
8400,2755,6,48
8400,2756,9,48
8400,2757,10,48
8400,2758,11,48
8400,2759,13,48
8412,2760,2,48
8412,2761,7,48
8425,2762,1,48
8429,2763,8,48
8433,2764,5,48
8433,2765,9,48
8450,2766,1,48
8450,2767,2,48
8450,2768,6,48
8450,2769,7,48
8450,2770,10,48
8450,2771,11,48
8450,2772,12,48
8450,2773,13,48
8450,2774,14,48
8467,2775,5,48
8467,2776,9,48
8471,2777,8,48
8475,2778,1,48
8488,2779,2,48
8488,2780,7,48
8500,2781,1,48
8500,2782,5,48
8500,2783,6,48
8500,2784,9,48
8500,2785,10,48
8500,2786,11,48
8500,2787,13,48
8514,2788,8,48
8525,2789,1,48
8525,2790,2,48
8525,2791,7,48
8525,2792,12,48
8525,2793,14,48
8533,2794,5,48
8533,2795,9,48
8550,2796,1,48
8550,2797,6,48
8550,2798,10,48
8550,2799,11,48
8550,2800,13,48
8557,2801,8,48
8562,2802,2,48
8562,2803,7,48
8567,2804,5,48
8567,2805,9,48
8575,2806,1,48
8600,2807,1,48
8600,2808,2,48
8600,2809,5,48
8600,2810,6,48
8600,2811,7,48
8600,2812,8,48
8600,2813,9,48
8600,2814,10,48
8600,2815,11,48
8600,2816,12,48
8600,2817,13,48
8600,2818,14,48
8625,2819,1,48
8633,2820,5,48
8633,2821,9,48
8638,2822,2,48
8638,2823,7,48
8643,2824,8,48
8650,2825,1,48
8650,2826,6,48
8650,2827,10,48
8650,2828,11,48
8650,2829,13,48
8667,2830,5,48
8667,2831,9,48
8675,2832,1,48
8675,2833,2,48
8675,2834,7,48
8675,2835,12,48
8675,2836,14,48
8686,2837,8,48
8700,2838,1,48
8700,2839,5,48
8700,2840,6,48
8700,2841,9,48
8700,2842,10,48
8700,2843,11,48
8700,2844,13,48
8712,2845,2,48
8712,2846,7,48
8725,2847,1,48
8729,2848,8,48
8733,2849,5,48
8733,2850,9,48
8750,2851,1,48
8750,2852,2,48
8750,2853,6,48
8750,2854,7,48
8750,2855,10,48
8750,2856,11,48
8750,2857,12,48
8750,2858,13,48
8750,2859,14,48
8767,2860,5,48
8767,2861,9,48
8771,2862,8,48
8775,2863,1,48
8788,2864,2,48
8788,2865,7,48
8800,2866,1,48
8800,2867,5,48
8800,2868,6,48
8800,2869,9,48
8800,2870,10,48
8800,2871,11,48
8800,2872,13,48
8814,2873,8,48
8825,2874,1,48
8825,2875,2,48
8825,2876,7,48
8825,2877,12,48
8825,2878,14,48
8833,2879,5,48
8833,2880,9,48
8850,2881,1,48
8850,2882,6,48
8850,2883,10,48
8850,2884,11,48
8850,2885,13,48
8857,2886,8,48
8862,2887,2,48
8862,2888,7,48
8867,2889,5,48
8867,2890,9,48
8875,2891,1,48
8900,2892,1,48
8900,2893,2,48
8900,2894,5,48
8900,2895,6,48
8900,2896,7,48
8900,2897,8,48
8900,2898,9,48
8900,2899,10,48
8900,2900,11,48
8900,2901,12,48
8900,2902,13,48
8900,2903,14,48
8925,2904,1,48
8933,2905,5,48
8933,2906,9,48
8938,2907,2,48
8938,2908,7,48
8943,2909,8,48
8950,2910,1,48
8950,2911,6,48
8950,2912,10,48
8950,2913,11,48
8950,2914,13,48
8967,2915,5,48
8967,2916,9,48
8975,2917,1,48
8975,2918,2,48
8975,2919,7,48
8975,2920,12,48
8975,2921,14,48
8986,2922,8,48
9000,2923,1,48
9000,2924,5,48
9000,2925,6,48
9000,2926,9,48
9000,2927,10,48
9000,2928,11,48
9000,2929,13,48
9012,2930,2,48
9012,2931,7,48
9025,2932,1,48
9029,2933,8,48
9033,2934,5,48
9033,2935,9,48
9050,2936,1,48
9050,2937,2,48
9050,2938,6,48
9050,2939,7,48
9050,2940,10,48
9050,2941,11,48
9050,2942,12,48
9050,2943,13,48
9050,2944,14,48
9067,2945,5,48
9067,2946,9,48
9071,2947,8,48
9075,2948,1,48
9088,2949,2,48
9088,2950,7,48
9100,2951,1,48
9100,2952,5,48
9100,2953,6,48
9100,2954,9,48
9100,2955,10,48
9100,2956,11,48
9100,2957,13,48
9114,2958,8,48
9125,2959,1,48
9125,2960,2,48
9125,2961,7,48
9125,2962,12,48
9125,2963,14,48
9133,2964,5,48
9133,2965,9,48
9150,2966,1,48
9150,2967,6,48
9150,2968,10,48
9150,2969,11,48
9150,2970,13,48
9157,2971,8,48
9162,2972,2,48
9162,2973,7,48
9167,2974,5,48
9167,2975,9,48
9175,2976,1,48
9200,2977,1,48
9200,2978,2,48
9200,2979,5,48
9200,2980,6,48
9200,2981,7,48
9200,2982,8,48
9200,2983,9,48
9200,2984,10,48
9200,2985,11,48
9200,2986,12,48
9200,2987,13,48
9200,2988,14,48
9225,2989,1,48
9233,2990,5,48
9233,2991,9,48
9238,2992,2,48
9238,2993,7,48
9243,2994,8,48
9250,2995,1,48
9250,2996,6,48
9250,2997,10,48
9250,2998,11,48
9250,2999,13,48
9267,3000,5,48
9267,3001,9,48
9275,3002,1,48
9275,3003,2,48
9275,3004,7,48
9275,3005,12,48
9275,3006,14,48
9286,3007,8,48
9300,3008,1,48
9300,3009,5,48
9300,3010,6,48
9300,3011,9,48
9300,3012,10,48
9300,3013,11,48
9300,3014,13,48
9312,3015,2,48
9312,3016,7,48
9325,3017,1,48
9329,3018,8,48
9333,3019,5,48
9333,3020,9,48
9350,3021,1,48
9350,3022,2,48
9350,3023,6,48
9350,3024,7,48
9350,3025,10,48
9350,3026,11,48
9350,3027,12,48
9350,3028,13,48
9350,3029,14,48
9367,3030,5,48
9367,3031,9,48
9371,3032,8,48
9375,3033,1,48
9388,3034,2,48
9388,3035,7,48
9400,3036,1,48
9400,3037,5,48
9400,3038,6,48
9400,3039,9,48
9400,3040,10,48
9400,3041,11,48
9400,3042,13,48
9414,3043,8,48
9425,3044,1,48
9425,3045,2,48
9425,3046,7,48
9425,3047,12,48
9425,3048,14,48
9433,3049,5,48
9433,3050,9,48
9450,3051,1,48
9450,3052,6,48
9450,3053,10,48
9450,3054,11,48
9450,3055,13,48
9457,3056,8,48
9462,3057,2,48
9462,3058,7,48
9467,3059,5,48
9467,3060,9,48
9475,3061,1,48
9500,3062,1,48
9500,3063,2,48
9500,3064,5,48
9500,3065,6,48
9500,3066,7,48
9500,3067,8,48
9500,3068,9,48
9500,3069,10,48
9500,3070,11,48
9500,3071,12,48
9500,3072,13,48
9500,3073,14,48
9525,3074,1,48
9533,3075,5,48
9533,3076,9,48
9538,3077,2,48
9538,3078,7,48
9543,3079,8,48
9550,3080,1,48
9550,3081,6,48
9550,3082,10,48
9550,3083,11,48
9550,3084,13,48
9567,3085,5,48
9567,3086,9,48
9575,3087,1,48
9575,3088,2,48
9575,3089,7,48
9575,3090,12,48
9575,3091,14,48
9586,3092,8,48
9600,3093,1,48
9600,3094,5,48
9600,3095,6,48
9600,3096,9,48
9600,3097,10,48
9600,3098,11,48
9600,3099,13,48
9612,3100,2,48
9612,3101,7,48
9625,3102,1,48
9629,3103,8,48
9633,3104,5,48
9633,3105,9,48
9650,3106,1,48
9650,3107,2,48
9650,3108,6,48
9650,3109,7,48
9650,3110,10,48
9650,3111,11,48
9650,3112,12,48
9650,3113,13,48
9650,3114,14,48
9667,3115,5,48
9667,3116,9,48
9671,3117,8,48
9675,3118,1,48
9688,3119,2,48
9688,3120,7,48
9700,3121,1,48
9700,3122,5,48
9700,3123,6,48
9700,3124,9,48
9700,3125,10,48
9700,3126,11,48
9700,3127,13,48
9714,3128,8,48
9725,3129,1,48
9725,3130,2,48
9725,3131,7,48
9725,3132,12,48
9725,3133,14,48
9733,3134,5,48
9733,3135,9,48
9750,3136,1,48
9750,3137,6,48
9750,3138,10,48
9750,3139,11,48
9750,3140,13,48
9757,3141,8,48
9762,3142,2,48
9762,3143,7,48
9767,3144,5,48
9767,3145,9,48
9775,3146,1,48
9800,3147,1,48
9800,3148,2,48
9800,3149,5,48
9800,3150,6,48
9800,3151,7,48
9800,3152,8,48
9800,3153,9,48
9800,3154,10,48
9800,3155,11,48
9800,3156,12,48
9800,3157,13,48
9800,3158,14,48
9825,3159,1,48
9833,3160,5,48
9833,3161,9,48
9838,3162,2,48
9838,3163,7,48
9843,3164,8,48
9850,3165,1,48
9850,3166,6,48
9850,3167,10,48
9850,3168,11,48
9850,3169,13,48
9867,3170,5,48
9867,3171,9,48
9875,3172,1,48
9875,3173,2,48
9875,3174,7,48
9875,3175,12,48
9875,3176,14,48
9886,3177,8,48
9900,3178,1,48
9900,3179,5,48
9900,3180,6,48
9900,3181,9,48
9900,3182,10,48
9900,3183,11,48
9900,3184,13,48
9912,3185,2,48
9912,3186,7,48
9925,3187,1,48
9929,3188,8,48
9933,3189,5,48
9933,3190,9,48
9950,3191,1,48
9950,3192,2,48
9950,3193,6,48
9950,3194,7,48
9950,3195,10,48
9950,3196,11,48
9950,3197,12,48
9950,3198,13,48
9950,3199,14,48
9967,3200,5,48
9967,3201,9,48
9971,3202,8,48
9975,3203,1,48
9988,3204,2,48
9988,3205,7,48
10000,3206,1,48
10000,3207,5,48
10000,3208,6,48
10000,3209,9,48
10000,3210,10,48
10000,3211,11,48
10000,3212,13,48
10014,3213,8,48
10025,3214,1,48
10025,3215,2,48
10025,3216,7,48
10025,3217,12,48
10025,3218,14,48
10033,3219,5,48
10033,3220,9,48
10050,3221,1,48
10050,3222,6,48
10050,3223,10,48
10050,3224,11,48
10050,3225,13,48
10057,3226,8,48
10062,3227,2,48
10062,3228,7,48
10067,3229,5,48
10067,3230,9,48
10075,3231,1,48
10100,3232,1,48
10100,3233,2,48
10100,3234,5,48
10100,3235,6,48
10100,3236,7,48
10100,3237,8,48
10100,3238,9,48
10100,3239,10,48
10100,3240,11,48
10100,3241,12,48
10100,3242,13,48
10100,3243,14,48
10125,3244,1,48
10133,3245,5,48
10133,3246,9,48
10138,3247,2,48
10138,3248,7,48
10143,3249,8,48
10150,3250,1,48
10150,3251,6,48
10150,3252,10,48
10150,3253,11,48
10150,3254,13,48
10167,3255,5,48
10167,3256,9,48
10175,3257,1,48
10175,3258,2,48
10175,3259,7,48
10175,3260,12,48
10175,3261,14,48
10186,3262,8,48
10200,3263,1,48
10200,3264,5,48
10200,3265,6,48
10200,3266,9,48
10200,3267,10,48
10200,3268,11,48
10200,3269,13,48
10212,3270,2,48
10212,3271,7,48
10225,3272,1,48
10229,3273,8,48
10233,3274,5,48
10233,3275,9,48
10250,3276,1,48
10250,3277,2,48
10250,3278,6,48
10250,3279,7,48
10250,3280,10,48
10250,3281,11,48
10250,3282,12,48
10250,3283,13,48
10250,3284,14,48
10267,3285,5,48
10267,3286,9,48
10271,3287,8,48
10275,3288,1,48
10288,3289,2,48
10288,3290,7,48
10300,3291,1,48
10300,3292,5,48
10300,3293,6,48
10300,3294,9,48
10300,3295,10,48
10300,3296,11,48
10300,3297,13,48
10314,3298,8,48
10325,3299,1,48
10325,3300,2,48
10325,3301,7,48
10325,3302,12,48
10325,3303,14,48
10333,3304,5,48
10333,3305,9,48
10350,3306,1,48
10350,3307,6,48
10350,3308,10,48
10350,3309,11,48
10350,3310,13,48
10357,3311,8,48
10362,3312,2,48
10362,3313,7,48
10367,3314,5,48
10367,3315,9,48
10375,3316,1,48
10400,3317,1,48
10400,3318,2,48
10400,3319,5,48
10400,3320,6,48
10400,3321,7,48
10400,3322,8,48
10400,3323,9,48
10400,3324,10,48
10400,3325,11,48
10400,3326,12,48
10400,3327,13,48
10400,3328,14,48
10425,3329,1,48
10433,3330,5,48
10433,3331,9,48
10438,3332,2,48
10438,3333,7,48
10443,3334,8,48
10450,3335,1,48
10450,3336,6,48
10450,3337,10,48
10450,3338,11,48
10450,3339,13,48
10467,3340,5,48
10467,3341,9,48
10475,3342,1,48
10475,3343,2,48
10475,3344,7,48
10475,3345,12,48
10475,3346,14,48
10486,3347,8,48
10500,3348,1,48
10500,3349,5,48
10500,3350,6,48
10500,3351,9,48
10500,3352,10,48
10500,3353,11,48
10500,3354,13,48
10512,3355,2,48
10512,3356,7,48
10525,3357,1,48
10529,3358,8,48
10533,3359,5,48
10533,3360,9,48
10550,3361,1,48
10550,3362,2,48
10550,3363,6,48
10550,3364,7,48
10550,3365,10,48
10550,3366,11,48
10550,3367,12,48
10550,3368,13,48
10550,3369,14,48
10567,3370,5,48
10567,3371,9,48
10571,3372,8,48
10575,3373,1,48
10588,3374,2,48
10588,3375,7,48
10600,3376,1,48
10600,3377,5,48
10600,3378,6,48
10600,3379,9,48
10600,3380,10,48
10600,3381,11,48
10600,3382,13,48
10614,3383,8,48
10625,3384,1,48
10625,3385,2,48
10625,3386,7,48
10625,3387,12,48
10625,3388,14,48
10633,3389,5,48
10633,3390,9,48
10650,3391,1,48
10650,3392,6,48
10650,3393,10,48
10650,3394,11,48
10650,3395,13,48
10657,3396,8,48
10662,3397,2,48
10662,3398,7,48
10667,3399,5,48
10667,3400,9,48
10675,3401,1,48
10700,3402,1,48
10700,3403,2,48
10700,3404,5,48
10700,3405,6,48
10700,3406,7,48
10700,3407,8,48
10700,3408,9,48
10700,3409,10,48
10700,3410,11,48
10700,3411,12,48
10700,3412,13,48
10700,3413,14,48
10725,3414,1,48
10733,3415,5,48
10733,3416,9,48
10738,3417,2,48
10738,3418,7,48
10743,3419,8,48
10750,3420,1,48
10750,3421,6,48
10750,3422,10,48
10750,3423,11,48
10750,3424,13,48
10767,3425,5,48
10767,3426,9,48
10775,3427,1,48
10775,3428,2,48
10775,3429,7,48
10775,3430,12,48
10775,3431,14,48
10786,3432,8,48
10800,3433,1,48
10800,3434,5,48
10800,3435,6,48
10800,3436,9,48
10800,3437,10,48
10800,3438,11,48
10800,3439,13,48
10812,3440,2,48
10812,3441,7,48
10825,3442,1,48
10829,3443,8,48
10833,3444,5,48
10833,3445,9,48
10850,3446,1,48
10850,3447,2,48
10850,3448,6,48
10850,3449,7,48
10850,3450,10,48
10850,3451,11,48
10850,3452,12,48
10850,3453,13,48
10850,3454,14,48
10867,3455,5,48
10867,3456,9,48
10871,3457,8,48
10875,3458,1,48
10888,3459,2,48
10888,3460,7,48
10900,3461,1,48
10900,3462,5,48
10900,3463,6,48
10900,3464,9,48
10900,3465,10,48
10900,3466,11,48
10900,3467,13,48
10914,3468,8,48
10925,3469,1,48
10925,3470,2,48
10925,3471,7,48
10925,3472,12,48
10925,3473,14,48
10933,3474,5,48
10933,3475,9,48
10950,3476,1,48
10950,3477,6,48
10950,3478,10,48
10950,3479,11,48
10950,3480,13,48
10957,3481,8,48
10962,3482,2,48
10962,3483,7,48
10967,3484,5,48
10967,3485,9,48
10975,3486,1,48
11000,3487,1,48
11000,3488,2,48
11000,3489,5,48
11000,3490,6,48
11000,3491,7,48
11000,3492,8,48
11000,3493,9,48
11000,3494,10,48
11000,3495,11,48
11000,3496,12,48
11000,3497,13,48
11000,3498,14,48
11025,3499,1,48
11033,3500,5,48
11033,3501,9,48
11038,3502,2,48
11038,3503,7,48
11043,3504,8,48
11050,3505,1,48
11050,3506,6,48
11050,3507,10,48
11050,3508,11,48
11050,3509,13,48
11067,3510,5,48
11067,3511,9,48
11075,3512,1,48
11075,3513,2,48
11075,3514,7,48
11075,3515,12,48
11075,3516,14,48
11086,3517,8,48
11100,3518,1,48
11100,3519,5,48
11100,3520,6,48
11100,3521,9,48
11100,3522,10,48
11100,3523,11,48
11100,3524,13,48
11112,3525,2,48
11112,3526,7,48
11125,3527,1,48
11129,3528,8,48
11133,3529,5,48
11133,3530,9,48
11150,3531,1,48
11150,3532,2,48
11150,3533,6,48
11150,3534,7,48
11150,3535,10,48
11150,3536,11,48
11150,3537,12,48
11150,3538,13,48
11150,3539,14,48
11167,3540,5,48
11167,3541,9,48
11171,3542,8,48
11175,3543,1,48
11188,3544,2,48
11188,3545,7,48
11200,3546,1,48
11200,3547,5,48
11200,3548,6,48
11200,3549,9,48
11200,3550,10,48
11200,3551,11,48
11200,3552,13,48
11214,3553,8,48
11225,3554,1,48
11225,3555,2,48
11225,3556,7,48
11225,3557,12,48
11225,3558,14,48
11233,3559,5,48
11233,3560,9,48
11250,3561,1,48
11250,3562,6,48
11250,3563,10,48
11250,3564,11,48
11250,3565,13,48
11257,3566,8,48
11262,3567,2,48
11262,3568,7,48
11267,3569,5,48
11267,3570,9,48
11275,3571,1,48
11300,3572,1,48
11300,3573,2,48
11300,3574,5,48
11300,3575,6,48
11300,3576,7,48
11300,3577,8,48
11300,3578,9,48
11300,3579,10,48
11300,3580,11,48
11300,3581,12,48
11300,3582,13,48
11300,3583,14,48
11325,3584,1,48
11333,3585,5,48
11333,3586,9,48
11338,3587,2,48
11338,3588,7,48
11343,3589,8,48
11350,3590,1,48
11350,3591,6,48
11350,3592,10,48
11350,3593,11,48
11350,3594,13,48
11367,3595,5,48
11367,3596,9,48
11375,3597,1,48
11375,3598,2,48
11375,3599,7,48
11375,3600,12,48
11375,3601,14,48
11386,3602,8,48
11400,3603,1,48
11400,3604,5,48
11400,3605,6,48
11400,3606,9,48
11400,3607,10,48
11400,3608,11,48
11400,3609,13,48
11412,3610,2,48
11412,3611,7,48
11425,3612,1,48
11429,3613,8,48
11433,3614,5,48
11433,3615,9,48
11450,3616,1,48
11450,3617,2,48
11450,3618,6,48
11450,3619,7,48
11450,3620,10,48
11450,3621,11,48
11450,3622,12,48
11450,3623,13,48
11450,3624,14,48
11467,3625,5,48
11467,3626,9,48
11471,3627,8,48
11475,3628,1,48
11488,3629,2,48
11488,3630,7,48
11500,3631,1,48
11500,3632,5,48
11500,3633,6,48
11500,3634,9,48
11500,3635,10,48
11500,3636,11,48
11500,3637,13,48
11514,3638,8,48
11525,3639,1,48
11525,3640,2,48
11525,3641,7,48
11525,3642,12,48
11525,3643,14,48
11533,3644,5,48
11533,3645,9,48
11550,3646,1,48
11550,3647,6,48
11550,3648,10,48
11550,3649,11,48
11550,3650,13,48
11557,3651,8,48
11562,3652,2,48
11562,3653,7,48
11567,3654,5,48
11567,3655,9,48
11575,3656,1,48
11600,3657,1,48
11600,3658,2,48
11600,3659,5,48
11600,3660,6,48
11600,3661,7,48
11600,3662,8,48
11600,3663,9,48
11600,3664,10,48
11600,3665,11,48
11600,3666,12,48
11600,3667,13,48
11600,3668,14,48
11625,3669,1,48
11633,3670,5,48
11633,3671,9,48
11638,3672,2,48
11638,3673,7,48
11643,3674,8,48
11650,3675,1,48
11650,3676,6,48
11650,3677,10,48
11650,3678,11,48
11650,3679,13,48
11667,3680,5,48
11667,3681,9,48
11675,3682,1,48
11675,3683,2,48
11675,3684,7,48
11675,3685,12,48
11675,3686,14,48
11686,3687,8,48
11700,3688,1,48
11700,3689,5,48
11700,3690,6,48
11700,3691,9,48
11700,3692,10,48
11700,3693,11,48
11700,3694,13,48
11712,3695,2,48
11712,3696,7,48
11725,3697,1,48
11729,3698,8,48
11733,3699,5,48
11733,3700,9,48
11750,3701,1,48
11750,3702,2,48
11750,3703,6,48
11750,3704,7,48
11750,3705,10,48
11750,3706,11,48
11750,3707,12,48
11750,3708,13,48
11750,3709,14,48
11767,3710,5,48
11767,3711,9,48
11771,3712,8,48
11775,3713,1,48
11788,3714,2,48
11788,3715,7,48
11800,3716,1,48
11800,3717,5,48
11800,3718,6,48
11800,3719,9,48
11800,3720,10,48
11800,3721,11,48
11800,3722,13,48
11814,3723,8,48
11825,3724,1,48
11825,3725,2,48
11825,3726,7,48
11825,3727,12,48
11825,3728,14,48
11833,3729,5,48
11833,3730,9,48
11850,3731,1,48
11850,3732,6,48
11850,3733,10,48
11850,3734,11,48
11850,3735,13,48
11857,3736,8,48
11862,3737,2,48
11862,3738,7,48
11867,3739,5,48
11867,3740,9,48
11875,3741,1,48
11900,3742,1,48
11900,3743,2,48
11900,3744,5,48
11900,3745,6,48
11900,3746,7,48
11900,3747,8,48
11900,3748,9,48
11900,3749,10,48
11900,3750,11,48
11900,3751,12,48
11900,3752,13,48
11900,3753,14,48
11925,3754,1,48
11933,3755,5,48
11933,3756,9,48
11938,3757,2,48
11938,3758,7,48
11943,3759,8,48
11950,3760,1,48
11950,3761,6,48
11950,3762,10,48
11950,3763,11,48
11950,3764,13,48
11967,3765,5,48
11967,3766,9,48
11975,3767,1,48
11975,3768,2,48
11975,3769,7,48
11975,3770,12,48
11975,3771,14,48
11986,3772,8,48
12000,3773,1,48
12000,3774,5,48
12000,3775,6,48
12000,3776,9,48
12000,3777,10,48
12000,3778,11,48
12000,3779,13,48
12012,3780,2,48
12012,3781,7,48
12025,3782,1,48
12029,3783,8,48
12033,3784,5,48
12033,3785,9,48
12050,3786,1,48
12050,3787,2,48
12050,3788,6,48
12050,3789,7,48
12050,3790,10,48
12050,3791,11,48
12050,3792,12,48
12050,3793,13,48
12050,3794,14,48
12067,3795,5,48
12067,3796,9,48
12071,3797,8,48
12075,3798,1,48
12088,3799,2,48
12088,3800,7,48
12100,3801,1,48
12100,3802,5,48
12100,3803,6,48
12100,3804,9,48
12100,3805,10,48
12100,3806,11,48
12100,3807,13,48
12114,3808,8,48
12125,3809,1,48
12125,3810,2,48
12125,3811,7,48
12125,3812,12,48
12125,3813,14,48
12133,3814,5,48
12133,3815,9,48
12150,3816,1,48
12150,3817,6,48
12150,3818,10,48
12150,3819,11,48
12150,3820,13,48
12157,3821,8,48
12162,3822,2,48
12162,3823,7,48
12167,3824,5,48
12167,3825,9,48
12175,3826,1,48
12200,3827,1,48
12200,3828,2,48
12200,3829,5,48
12200,3830,6,48
12200,3831,7,48
12200,3832,8,48
12200,3833,9,48
12200,3834,10,48
12200,3835,11,48
12200,3836,12,48
12200,3837,13,48
12200,3838,14,48
12225,3839,1,48
12233,3840,5,48
12233,3841,9,48
12238,3842,2,48
12238,3843,7,48
12243,3844,8,48
12250,3845,1,48
12250,3846,6,48
12250,3847,10,48
12250,3848,11,48
12250,3849,13,48
12267,3850,5,48
12267,3851,9,48
12275,3852,1,48
12275,3853,2,48
12275,3854,7,48
12275,3855,12,48
12275,3856,14,48
12286,3857,8,48
12300,3858,1,48
12300,3859,5,48
12300,3860,6,48
12300,3861,9,48
12300,3862,10,48
12300,3863,11,48
12300,3864,13,48
12312,3865,2,48
12312,3866,7,48
12325,3867,1,48
12329,3868,8,48
12333,3869,5,48
12333,3870,9,48
12350,3871,1,48
12350,3872,2,48
12350,3873,6,48
12350,3874,7,48
12350,3875,10,48
12350,3876,11,48
12350,3877,12,48
12350,3878,13,48
12350,3879,14,48
12367,3880,5,48
12367,3881,9,48
12371,3882,8,48
12375,3883,1,48
12388,3884,2,48
12388,3885,7,48
12400,3886,1,48
12400,3887,5,48
12400,3888,6,48
12400,3889,9,48
12400,3890,10,48
12400,3891,11,48
12400,3892,13,48
12414,3893,8,48
12425,3894,1,48
12425,3895,2,48
12425,3896,7,48
12425,3897,12,48
12425,3898,14,48
12433,3899,5,48
12433,3900,9,48
12450,3901,1,48
12450,3902,6,48
12450,3903,10,48
12450,3904,11,48
12450,3905,13,48
12457,3906,8,48
12462,3907,2,48
12462,3908,7,48
12467,3909,5,48
12467,3910,9,48
12475,3911,1,48
12500,3912,1,48
12500,3913,2,48
12500,3914,5,48
12500,3915,6,48
12500,3916,7,48
12500,3917,8,48
12500,3918,9,48
12500,3919,10,48
12500,3920,11,48
12500,3921,12,48
12500,3922,13,48
12500,3923,14,48
12525,3924,1,48
12533,3925,5,48
12533,3926,9,48
12538,3927,2,48
12538,3928,7,48
12543,3929,8,48
12550,3930,1,48
12550,3931,6,48
12550,3932,10,48
12550,3933,11,48
12550,3934,13,48
12567,3935,5,48
12567,3936,9,48
12575,3937,1,48
12575,3938,2,48
12575,3939,7,48
12575,3940,12,48
12575,3941,14,48
12586,3942,8,48
12600,3943,1,48
12600,3944,5,48
12600,3945,6,48
12600,3946,9,48
12600,3947,10,48
12600,3948,11,48
12600,3949,13,48
12612,3950,2,48
12612,3951,7,48
12625,3952,1,48
12629,3953,8,48
12633,3954,5,48
12633,3955,9,48
12650,3956,1,48
12650,3957,2,48
12650,3958,6,48
12650,3959,7,48
12650,3960,10,48
12650,3961,11,48
12650,3962,12,48
12650,3963,13,48
12650,3964,14,48
12667,3965,5,48
12667,3966,9,48
12671,3967,8,48
12675,3968,1,48
12688,3969,2,48
12688,3970,7,48
12700,3971,1,48
12700,3972,5,48
12700,3973,6,48
12700,3974,9,48
12700,3975,10,48
12700,3976,11,48
12700,3977,13,48
12714,3978,8,48
12725,3979,1,48
12725,3980,2,48
12725,3981,7,48
12725,3982,12,48
12725,3983,14,48
12733,3984,5,48
12733,3985,9,48
12750,3986,1,48
12750,3987,6,48
12750,3988,10,48
12750,3989,11,48
12750,3990,13,48
12757,3991,8,48
12762,3992,2,48
12762,3993,7,48
12767,3994,5,48
12767,3995,9,48
12775,3996,1,48
12800,3997,1,48
12800,3998,2,48
12800,3999,5,48
12800,4000,6,48
12800,4001,7,48
12800,4002,8,48
12800,4003,9,48
12800,4004,10,48
12800,4005,11,48
12800,4006,12,48
12800,4007,13,48
12800,4008,14,48
12825,4009,1,48
12833,4010,5,48
12833,4011,9,48
12838,4012,2,48
12838,4013,7,48
12843,4014,8,48
12850,4015,1,48
12850,4016,6,48
12850,4017,10,48
12850,4018,11,48
12850,4019,13,48
12867,4020,5,48
12867,4021,9,48
12875,4022,1,48
12875,4023,2,48
12875,4024,7,48
12875,4025,12,48
12875,4026,14,48
12886,4027,8,48
12900,4028,1,48
12900,4029,5,48
12900,4030,6,48
12900,4031,9,48
12900,4032,10,48
12900,4033,11,48
12900,4034,13,48
12912,4035,2,48
12912,4036,7,48
12925,4037,1,48
12929,4038,8,48
12933,4039,5,48
12933,4040,9,48
12950,4041,1,48
12950,4042,2,48
12950,4043,6,48
12950,4044,7,48
12950,4045,10,48
12950,4046,11,48
12950,4047,12,48
12950,4048,13,48
12950,4049,14,48
12967,4050,5,48
12967,4051,9,48
12971,4052,8,48
12975,4053,1,48
12988,4054,2,48
12988,4055,7,48
13000,4056,1,48
13000,4057,5,48
13000,4058,6,48
13000,4059,9,48
13000,4060,10,48
13000,4061,11,48
13000,4062,13,48
13014,4063,8,48
13025,4064,1,48
13025,4065,2,48
13025,4066,7,48
13025,4067,12,48
13025,4068,14,48
13033,4069,5,48
13033,4070,9,48
13050,4071,1,48
13050,4072,6,48
13050,4073,10,48
13050,4074,11,48
13050,4075,13,48
13057,4076,8,48
13062,4077,2,48
13062,4078,7,48
13067,4079,5,48
13067,4080,9,48
13075,4081,1,48
13100,4082,1,48
13100,4083,2,48
13100,4084,5,48
13100,4085,6,48
13100,4086,7,48
13100,4087,8,48
13100,4088,9,48
13100,4089,10,48
13100,4090,11,48
13100,4091,12,48
13100,4092,13,48
13100,4093,14,48
13125,4094,1,48
13133,4095,5,48
13133,4096,9,48
13138,4097,2,48
13138,4098,7,48
13143,4099,8,48
13150,4100,1,48
13150,4101,6,48
13150,4102,10,48
13150,4103,11,48
13150,4104,13,48
13167,4105,5,48
13167,4106,9,48
13175,4107,1,48
13175,4108,2,48
13175,4109,7,48
13175,4110,12,48
13175,4111,14,48
13186,4112,8,48
13200,4113,1,48
13200,4114,5,48
13200,4115,6,48
13200,4116,9,48
13200,4117,10,48
13200,4118,11,48
13200,4119,13,48
13212,4120,2,48
13212,4121,7,48
13225,4122,1,48
13229,4123,8,48
13233,4124,5,48
13233,4125,9,48
13250,4126,1,48
13250,4127,2,48
13250,4128,6,48
13250,4129,7,48
13250,4130,10,48
13250,4131,11,48
13250,4132,12,48
13250,4133,13,48
13250,4134,14,48
13267,4135,5,48
13267,4136,9,48
13271,4137,8,48
13275,4138,1,48
13288,4139,2,48
13288,4140,7,48
13300,4141,1,48
13300,4142,5,48
13300,4143,6,48
13300,4144,9,48
13300,4145,10,48
13300,4146,11,48
13300,4147,13,48
13314,4148,8,48
13325,4149,1,48
13325,4150,2,48
13325,4151,7,48
13325,4152,12,48
13325,4153,14,48
13333,4154,5,48
13333,4155,9,48
13350,4156,1,48
13350,4157,6,48
13350,4158,10,48
13350,4159,11,48
13350,4160,13,48
13357,4161,8,48
13362,4162,2,48
13362,4163,7,48
13367,4164,5,48
13367,4165,9,48
13375,4166,1,48
13400,4167,1,48
13400,4168,2,48
13400,4169,5,48
13400,4170,6,48
13400,4171,7,48
13400,4172,8,48
13400,4173,9,48
13400,4174,10,48
13400,4175,11,48
13400,4176,12,48
13400,4177,13,48
13400,4178,14,48
13425,4179,1,48
13433,4180,5,48
13433,4181,9,48
13438,4182,2,48
13438,4183,7,48
13443,4184,8,48
13450,4185,1,48
13450,4186,6,48
13450,4187,10,48
13450,4188,11,48
13450,4189,13,48
13467,4190,5,48
13467,4191,9,48
13475,4192,1,48
13475,4193,2,48
13475,4194,7,48
13475,4195,12,48
13475,4196,14,48
13486,4197,8,48
13500,4198,1,48
13500,4199,5,48
13500,4200,6,48
13500,4201,9,48
13500,4202,10,48
13500,4203,11,48
13500,4204,13,48
13512,4205,2,48
13512,4206,7,48
13525,4207,1,48
13529,4208,8,48
13533,4209,5,48
13533,4210,9,48
13550,4211,1,48
13550,4212,2,48
13550,4213,6,48
13550,4214,7,48
13550,4215,10,48
13550,4216,11,48
13550,4217,12,48
13550,4218,13,48
13550,4219,14,48
13567,4220,5,48
13567,4221,9,48
13571,4222,8,48
13575,4223,1,48
13588,4224,2,48
13588,4225,7,48
13600,4226,1,48
13600,4227,5,48
13600,4228,6,48
13600,4229,9,48
13600,4230,10,48
13600,4231,11,48
13600,4232,13,48
13614,4233,8,48
13625,4234,1,48
13625,4235,2,48
13625,4236,7,48
13625,4237,12,48
13625,4238,14,48
13633,4239,5,48
13633,4240,9,48
13650,4241,1,48
13650,4242,6,48
13650,4243,10,48
13650,4244,11,48
13650,4245,13,48
13657,4246,8,48
13662,4247,2,48
13662,4248,7,48
13667,4249,5,48
13667,4250,9,48
13675,4251,1,48
13700,4252,1,48
13700,4253,2,48
13700,4254,5,48
13700,4255,6,48
13700,4256,7,48
13700,4257,8,48
13700,4258,9,48
13700,4259,10,48
13700,4260,11,48
13700,4261,12,48
13700,4262,13,48
13700,4263,14,48
13725,4264,1,48
13733,4265,5,48
13733,4266,9,48
13738,4267,2,48
13738,4268,7,48
13743,4269,8,48
13750,4270,1,48
13750,4271,6,48
13750,4272,10,48
13750,4273,11,48
13750,4274,13,48
13767,4275,5,48
13767,4276,9,48
13775,4277,1,48
13775,4278,2,48
13775,4279,7,48
13775,4280,12,48
13775,4281,14,48
13786,4282,8,48
13800,4283,1,48
13800,4284,5,48
13800,4285,6,48
13800,4286,9,48
13800,4287,10,48
13800,4288,11,48
13800,4289,13,48
13812,4290,2,48
13812,4291,7,48
13825,4292,1,48
13829,4293,8,48
13833,4294,5,48
13833,4295,9,48
13850,4296,1,48
13850,4297,2,48
13850,4298,6,48
13850,4299,7,48
13850,4300,10,48
13850,4301,11,48
13850,4302,12,48
13850,4303,13,48
13850,4304,14,48
13867,4305,5,48
13867,4306,9,48
13871,4307,8,48
13875,4308,1,48
13888,4309,2,48
13888,4310,7,48
13900,4311,1,48
13900,4312,5,48
13900,4313,6,48
13900,4314,9,48
13900,4315,10,48
13900,4316,11,48
13900,4317,13,48
13914,4318,8,48
13925,4319,1,48
13925,4320,2,48
13925,4321,7,48
13925,4322,12,48
13925,4323,14,48
13933,4324,5,48
13933,4325,9,48
13950,4326,1,48
13950,4327,6,48
13950,4328,10,48
13950,4329,11,48
13950,4330,13,48
13957,4331,8,48
13962,4332,2,48
13962,4333,7,48
13967,4334,5,48
13967,4335,9,48
13975,4336,1,48
14000,4337,1,48
14000,4338,2,48
14000,4339,5,48
14000,4340,6,48
14000,4341,7,48
14000,4342,8,48
14000,4343,9,48
14000,4344,10,48
14000,4345,11,48
14000,4346,12,48
14000,4347,13,48
14000,4348,14,48
14025,4349,1,48
14033,4350,5,48
14033,4351,9,48
14038,4352,2,48
14038,4353,7,48
14043,4354,8,48
14050,4355,1,48
14050,4356,6,48
14050,4357,10,48
14050,4358,11,48
14050,4359,13,48
14067,4360,5,48
14067,4361,9,48
14075,4362,1,48
14075,4363,2,48
14075,4364,7,48
14075,4365,12,48
14075,4366,14,48
14086,4367,8,48
14100,4368,1,48
14100,4369,5,48
14100,4370,6,48
14100,4371,9,48
14100,4372,10,48
14100,4373,11,48
14100,4374,13,48
14112,4375,2,48
14112,4376,7,48
14125,4377,1,48
14129,4378,8,48
14133,4379,5,48
14133,4380,9,48
14150,4381,1,48
14150,4382,2,48
14150,4383,6,48
14150,4384,7,48
14150,4385,10,48
14150,4386,11,48
14150,4387,12,48
14150,4388,13,48
14150,4389,14,48
14167,4390,5,48
14167,4391,9,48
14171,4392,8,48
14175,4393,1,48
14188,4394,2,48
14188,4395,7,48
14200,4396,1,48
14200,4397,5,48
14200,4398,6,48
14200,4399,9,48
14200,4400,10,48
14200,4401,11,48
14200,4402,13,48
14214,4403,8,48
14225,4404,1,48
14225,4405,2,48
14225,4406,7,48
14225,4407,12,48
14225,4408,14,48
14233,4409,5,48
14233,4410,9,48
14250,4411,1,48
14250,4412,6,48
14250,4413,10,48
14250,4414,11,48
14250,4415,13,48
14257,4416,8,48
14262,4417,2,48
14262,4418,7,48
14267,4419,5,48
14267,4420,9,48
14275,4421,1,48
14300,4422,1,48
14300,4423,2,48
14300,4424,5,48
14300,4425,6,48
14300,4426,7,48
14300,4427,8,48
14300,4428,9,48
14300,4429,10,48
14300,4430,11,48
14300,4431,12,48
14300,4432,13,48
14300,4433,14,48
14325,4434,1,48
14333,4435,5,48
14333,4436,9,48
14338,4437,2,48
14338,4438,7,48
14343,4439,8,48
14350,4440,1,48
14350,4441,6,48
14350,4442,10,48
14350,4443,11,48
14350,4444,13,48
14367,4445,5,48
14367,4446,9,48
14375,4447,1,48
14375,4448,2,48
14375,4449,7,48
14375,4450,12,48
14375,4451,14,48
14386,4452,8,48
14400,4453,1,48
14400,4454,5,48
14400,4455,6,48
14400,4456,9,48
14400,4457,10,48
14400,4458,11,48
14400,4459,13,48
14412,4460,2,48
14412,4461,7,48
14425,4462,1,48
14429,4463,8,48
14433,4464,5,48
14433,4465,9,48
14450,4466,1,48
14450,4467,2,48
14450,4468,6,48
14450,4469,7,48
14450,4470,10,48
14450,4471,11,48
14450,4472,12,48
14450,4473,13,48
14450,4474,14,48
14467,4475,5,48
14467,4476,9,48
14471,4477,8,48
14475,4478,1,48
14488,4479,2,48
14488,4480,7,48
14500,4481,1,48
14500,4482,5,48
14500,4483,6,48
14500,4484,9,48
14500,4485,10,48
14500,4486,11,48
14500,4487,13,48
14514,4488,8,48
14525,4489,1,48
14525,4490,2,48
14525,4491,7,48
14525,4492,12,48
14525,4493,14,48
14533,4494,5,48
14533,4495,9,48
14550,4496,1,48
14550,4497,6,48
14550,4498,10,48
14550,4499,11,48
14550,4500,13,48
14557,4501,8,48
14562,4502,2,48
14562,4503,7,48
14567,4504,5,48
14567,4505,9,48
14575,4506,1,48
14600,4507,1,48
14600,4508,2,48
14600,4509,5,48
14600,4510,6,48
14600,4511,7,48
14600,4512,8,48
14600,4513,9,48
14600,4514,10,48
14600,4515,11,48
14600,4516,12,48
14600,4517,13,48
14600,4518,14,48
14625,4519,1,48
14633,4520,5,48
14633,4521,9,48
14638,4522,2,48
14638,4523,7,48
14643,4524,8,48
14650,4525,1,48
14650,4526,6,48
14650,4527,10,48
14650,4528,11,48
14650,4529,13,48
14667,4530,5,48
14667,4531,9,48
14675,4532,1,48
14675,4533,2,48
14675,4534,7,48
14675,4535,12,48
14675,4536,14,48
14686,4537,8,48
14700,4538,1,48
14700,4539,5,48
14700,4540,6,48
14700,4541,9,48
14700,4542,10,48
14700,4543,11,48
14700,4544,13,48
14712,4545,2,48
14712,4546,7,48
14725,4547,1,48
14729,4548,8,48
14733,4549,5,48
14733,4550,9,48
14750,4551,1,48
14750,4552,2,48
14750,4553,6,48
14750,4554,7,48
14750,4555,10,48
14750,4556,11,48
14750,4557,12,48
14750,4558,13,48
14750,4559,14,48
14767,4560,5,48
14767,4561,9,48
14771,4562,8,48
14775,4563,1,48
14788,4564,2,48
14788,4565,7,48
14800,4566,1,48
14800,4567,5,48
14800,4568,6,48
14800,4569,9,48
14800,4570,10,48
14800,4571,11,48
14800,4572,13,48
14814,4573,8,48
14825,4574,1,48
14825,4575,2,48
14825,4576,7,48
14825,4577,12,48
14825,4578,14,48
14833,4579,5,48
14833,4580,9,48
14850,4581,1,48
14850,4582,6,48
14850,4583,10,48
14850,4584,11,48
14850,4585,13,48
14857,4586,8,48
14862,4587,2,48
14862,4588,7,48
14867,4589,5,48
14867,4590,9,48
14875,4591,1,48
14900,4592,1,48
14900,4593,2,48
14900,4594,5,48
14900,4595,6,48
14900,4596,7,48
14900,4597,8,48
14900,4598,9,48
14900,4599,10,48
14900,4600,11,48
14900,4601,12,48
14900,4602,13,48
14900,4603,14,48
14925,4604,1,48
14933,4605,5,48
14933,4606,9,48
14938,4607,2,48
14938,4608,7,48
14943,4609,8,48
14950,4610,1,48
14950,4611,6,48
14950,4612,10,48
14950,4613,11,48
14950,4614,13,48
14967,4615,5,48
14967,4616,9,48
14975,4617,1,48
14975,4618,2,48
14975,4619,7,48
14975,4620,12,48
14975,4621,14,48
14986,4622,8,48
15000,4623,1,48
15000,4624,5,48
15000,4625,6,48
15000,4626,9,48
15000,4627,10,48
15000,4628,11,48
15000,4629,13,48
15012,4630,2,48
15012,4631,7,48
15025,4632,1,48
15029,4633,8,48
15033,4634,5,48
15033,4635,9,48
15050,4636,1,48
15050,4637,2,48
15050,4638,6,48
15050,4639,7,48
15050,4640,10,48
15050,4641,11,48
15050,4642,12,48
15050,4643,13,48
15050,4644,14,48
15067,4645,5,48
15067,4646,9,48
15071,4647,8,48
15075,4648,1,48
15088,4649,2,48
15088,4650,7,48
15100,4651,1,48
15100,4652,5,48
15100,4653,6,48
15100,4654,9,48
15100,4655,10,48
15100,4656,11,48
15100,4657,13,48
15114,4658,8,48
15125,4659,1,48
15125,4660,2,48
15125,4661,7,48
15125,4662,12,48
15125,4663,14,48
15133,4664,5,48
15133,4665,9,48
15150,4666,1,48
15150,4667,6,48
15150,4668,10,48
15150,4669,11,48
15150,4670,13,48
15157,4671,8,48
15162,4672,2,48
15162,4673,7,48
15167,4674,5,48
15167,4675,9,48
15175,4676,1,48
15200,4677,1,48
15200,4678,2,48
15200,4679,5,48
15200,4680,6,48
15200,4681,7,48
15200,4682,8,48
15200,4683,9,48
15200,4684,10,48
15200,4685,11,48
15200,4686,12,48
15200,4687,13,48
15200,4688,14,48
15225,4689,1,48
15233,4690,5,48
15233,4691,9,48
15238,4692,2,48
15238,4693,7,48
15243,4694,8,48
15250,4695,1,48
15250,4696,6,48
15250,4697,10,48
15250,4698,11,48
15250,4699,13,48
15267,4700,5,48
15267,4701,9,48
15275,4702,1,48
15275,4703,2,48
15275,4704,7,48
15275,4705,12,48
15275,4706,14,48
15286,4707,8,48
15300,4708,1,48
15300,4709,5,48
15300,4710,6,48
15300,4711,9,48
15300,4712,10,48
15300,4713,11,48
15300,4714,13,48
15312,4715,2,48
15312,4716,7,48
15325,4717,1,48
15329,4718,8,48
15333,4719,5,48
15333,4720,9,48
15350,4721,1,48
15350,4722,2,48
15350,4723,6,48
15350,4724,7,48
15350,4725,10,48
15350,4726,11,48
15350,4727,12,48
15350,4728,13,48
15350,4729,14,48
15367,4730,5,48
15367,4731,9,48
15371,4732,8,48
15375,4733,1,48
15388,4734,2,48
15388,4735,7,48
15400,4736,1,48
15400,4737,5,48
15400,4738,6,48
15400,4739,9,48
15400,4740,10,48
15400,4741,11,48
15400,4742,13,48
15414,4743,8,48
15425,4744,1,48
15425,4745,2,48
15425,4746,7,48
15425,4747,12,48
15425,4748,14,48
15433,4749,5,48
15433,4750,9,48
15450,4751,1,48
15450,4752,6,48
15450,4753,10,48
15450,4754,11,48
15450,4755,13,48
15457,4756,8,48
15462,4757,2,48
15462,4758,7,48
15467,4759,5,48
15467,4760,9,48
15475,4761,1,48
15500,4762,1,48
15500,4763,2,48
15500,4764,5,48
15500,4765,6,48
15500,4766,7,48
15500,4767,8,48
15500,4768,9,48
15500,4769,10,48
15500,4770,11,48
15500,4771,12,48
15500,4772,13,48
15500,4773,14,48
15525,4774,1,48
15533,4775,5,48
15533,4776,9,48
15538,4777,2,48
15538,4778,7,48
15543,4779,8,48
15550,4780,1,48
15550,4781,6,48
15550,4782,10,48
15550,4783,11,48
15550,4784,13,48
15567,4785,5,48
15567,4786,9,48
15575,4787,1,48
15575,4788,2,48
15575,4789,7,48
15575,4790,12,48
15575,4791,14,48
15586,4792,8,48
15600,4793,1,48
15600,4794,5,48
15600,4795,6,48
15600,4796,9,48
15600,4797,10,48
15600,4798,11,48
15600,4799,13,48
15612,4800,2,48
15612,4801,7,48
15625,4802,1,48
15629,4803,8,48
15633,4804,5,48
15633,4805,9,48
15650,4806,1,48
15650,4807,2,48
15650,4808,6,48
15650,4809,7,48
15650,4810,10,48
15650,4811,11,48
15650,4812,12,48
15650,4813,13,48
15650,4814,14,48
15667,4815,5,48
15667,4816,9,48
15671,4817,8,48
15675,4818,1,48
15688,4819,2,48
15688,4820,7,48
15700,4821,1,48
15700,4822,5,48
15700,4823,6,48
15700,4824,9,48
15700,4825,10,48
15700,4826,11,48
15700,4827,13,48
15714,4828,8,48
15725,4829,1,48
15725,4830,2,48
15725,4831,7,48
15725,4832,12,48
15725,4833,14,48
15733,4834,5,48
15733,4835,9,48
15750,4836,1,48
15750,4837,6,48
15750,4838,10,48
15750,4839,11,48
15750,4840,13,48
15757,4841,8,48
15762,4842,2,48
15762,4843,7,48
15767,4844,5,48
15767,4845,9,48
15775,4846,1,48
15800,4847,1,48
15800,4848,2,48
15800,4849,5,48
15800,4850,6,48
15800,4851,7,48
15800,4852,8,48
15800,4853,9,48
15800,4854,10,48
15800,4855,11,48
15800,4856,12,48
15800,4857,13,48
15800,4858,14,48
15825,4859,1,48
15833,4860,5,48
15833,4861,9,48
15838,4862,2,48
15838,4863,7,48
15843,4864,8,48
15850,4865,1,48
15850,4866,6,48
15850,4867,10,48
15850,4868,11,48
15850,4869,13,48
15867,4870,5,48
15867,4871,9,48
15875,4872,1,48
15875,4873,2,48
15875,4874,7,48
15875,4875,12,48
15875,4876,14,48
15886,4877,8,48
15900,4878,1,48
15900,4879,5,48
15900,4880,6,48
15900,4881,9,48
15900,4882,10,48
15900,4883,11,48
15900,4884,13,48
15912,4885,2,48
15912,4886,7,48
15925,4887,1,48
15929,4888,8,48
15933,4889,5,48
15933,4890,9,48
15950,4891,1,48
15950,4892,2,48
15950,4893,6,48
15950,4894,7,48
15950,4895,10,48
15950,4896,11,48
15950,4897,12,48
15950,4898,13,48
15950,4899,14,48
15967,4900,5,48
15967,4901,9,48
15971,4902,8,48
15975,4903,1,48
15988,4904,2,48
15988,4905,7,48
16000,4906,1,48
16000,4907,5,48
16000,4908,6,48
16000,4909,9,48
16000,4910,10,48
16000,4911,11,48
16000,4912,13,48
16014,4913,8,48
16025,4914,1,48
16025,4915,2,48
16025,4916,7,48
16025,4917,12,48
16025,4918,14,48
16033,4919,5,48
16033,4920,9,48
16050,4921,1,48
16050,4922,6,48
16050,4923,10,48
16050,4924,11,48
16050,4925,13,48
16057,4926,8,48
16062,4927,2,48
16062,4928,7,48
16067,4929,5,48
16067,4930,9,48
16075,4931,1,48
16100,4932,1,48
16100,4933,2,48
16100,4934,5,48
16100,4935,6,48
16100,4936,7,48
16100,4937,8,48
16100,4938,9,48
16100,4939,10,48
16100,4940,11,48
16100,4941,12,48
16100,4942,13,48
16100,4943,14,48
16125,4944,1,48
16133,4945,5,48
16133,4946,9,48
16138,4947,2,48
16138,4948,7,48
16143,4949,8,48
16150,4950,1,48
16150,4951,6,48
16150,4952,10,48
16150,4953,11,48
16150,4954,13,48
16167,4955,5,48
16167,4956,9,48
16175,4957,1,48
16175,4958,2,48
16175,4959,7,48
16175,4960,12,48
16175,4961,14,48
16186,4962,8,48
16200,4963,1,48
16200,4964,5,48
16200,4965,6,48
16200,4966,9,48
16200,4967,10,48
16200,4968,11,48
16200,4969,13,48
16212,4970,2,48
16212,4971,7,48
16225,4972,1,48
16229,4973,8,48
16233,4974,5,48
16233,4975,9,48
16250,4976,1,48
16250,4977,2,48
16250,4978,6,48
16250,4979,7,48
16250,4980,10,48
16250,4981,11,48
16250,4982,12,48
16250,4983,13,48
16250,4984,14,48
16267,4985,5,48
16267,4986,9,48
16271,4987,8,48
16275,4988,1,48
16288,4989,2,48
16288,4990,7,48
16300,4991,1,48
16300,4992,5,48
16300,4993,6,48
16300,4994,9,48
16300,4995,10,48
16300,4996,11,48
16300,4997,13,48
16314,4998,8,48
16325,4999,1,48
16325,5000,2,48
16325,5001,7,48
16325,5002,12,48
16325,5003,14,48
16333,5004,5,48
16333,5005,9,48
16350,5006,1,48
16350,5007,6,48
16350,5008,10,48
16350,5009,11,48
16350,5010,13,48
16357,5011,8,48
16362,5012,2,48
16362,5013,7,48
16367,5014,5,48
16367,5015,9,48
16375,5016,1,48
16400,5017,1,48
16400,5018,2,48
16400,5019,5,48
16400,5020,6,48
16400,5021,7,48
16400,5022,8,48
16400,5023,9,48
16400,5024,10,48
16400,5025,11,48
16400,5026,12,48
16400,5027,13,48
16400,5028,14,48
16425,5029,1,48
16433,5030,5,48
16433,5031,9,48
16438,5032,2,48
16438,5033,7,48
16443,5034,8,48
16450,5035,1,48
16450,5036,6,48
16450,5037,10,48
16450,5038,11,48
16450,5039,13,48
16467,5040,5,48
16467,5041,9,48
16475,5042,1,48
16475,5043,2,48
16475,5044,7,48
16475,5045,12,48
16475,5046,14,48
16486,5047,8,48
16500,5048,1,48
16500,5049,5,48
16500,5050,6,48
16500,5051,9,48
16500,5052,10,48
16500,5053,11,48
16500,5054,13,48
16512,5055,2,48
16512,5056,7,48
16525,5057,1,48
16529,5058,8,48
16533,5059,5,48
16533,5060,9,48
16550,5061,1,48
16550,5062,2,48
16550,5063,6,48
16550,5064,7,48
16550,5065,10,48
16550,5066,11,48
16550,5067,12,48
16550,5068,13,48
16550,5069,14,48
16567,5070,5,48
16567,5071,9,48
16571,5072,8,48
16575,5073,1,48
16588,5074,2,48
16588,5075,7,48
16600,5076,1,48
16600,5077,5,48
16600,5078,6,48
16600,5079,9,48
16600,5080,10,48
16600,5081,11,48
16600,5082,13,48
16614,5083,8,48
16625,5084,1,48
16625,5085,2,48
16625,5086,7,48
16625,5087,12,48
16625,5088,14,48
16633,5089,5,48
16633,5090,9,48
16650,5091,1,48
16650,5092,6,48
16650,5093,10,48
16650,5094,11,48
16650,5095,13,48
16657,5096,8,48
16662,5097,2,48
16662,5098,7,48
16667,5099,5,48
16667,5100,9,48
16675,5101,1,48
16700,5102,1,48
16700,5103,2,48
16700,5104,5,48
16700,5105,6,48
16700,5106,7,48
16700,5107,8,48
16700,5108,9,48
16700,5109,10,48
16700,5110,11,48
16700,5111,12,48
16700,5112,13,48
16700,5113,14,48
16725,5114,1,48
16733,5115,5,48
16733,5116,9,48
16738,5117,2,48
16738,5118,7,48
16743,5119,8,48
16750,5120,1,48
16750,5121,6,48
16750,5122,10,48
16750,5123,11,48
16750,5124,13,48
16767,5125,5,48
16767,5126,9,48
16775,5127,1,48
16775,5128,2,48
16775,5129,7,48
16775,5130,12,48
16775,5131,14,48
16786,5132,8,48
16800,5133,1,48
16800,5134,5,48
16800,5135,6,48
16800,5136,9,48
16800,5137,10,48
16800,5138,11,48
16800,5139,13,48
16812,5140,2,48
16812,5141,7,48
16825,5142,1,48
16829,5143,8,48
16833,5144,5,48
16833,5145,9,48
16850,5146,1,48
16850,5147,2,48
16850,5148,6,48
16850,5149,7,48
16850,5150,10,48
16850,5151,11,48
16850,5152,12,48
16850,5153,13,48
16850,5154,14,48
16867,5155,5,48
16867,5156,9,48
16871,5157,8,48
16875,5158,1,48
16888,5159,2,48
16888,5160,7,48
16900,5161,1,48
16900,5162,5,48
16900,5163,6,48
16900,5164,9,48
16900,5165,10,48
16900,5166,11,48
16900,5167,13,48
16914,5168,8,48
16925,5169,1,48
16925,5170,2,48
16925,5171,7,48
16925,5172,12,48
16925,5173,14,48
16933,5174,5,48
16933,5175,9,48
16950,5176,1,48
16950,5177,6,48
16950,5178,10,48
16950,5179,11,48
16950,5180,13,48
16957,5181,8,48
16962,5182,2,48
16962,5183,7,48
16967,5184,5,48
16967,5185,9,48
16975,5186,1,48
17000,5187,1,48
17000,5188,2,48
17000,5189,5,48
17000,5190,6,48
17000,5191,7,48
17000,5192,8,48
17000,5193,9,48
17000,5194,10,48
17000,5195,11,48
17000,5196,12,48
17000,5197,13,48
17000,5198,14,48
17025,5199,1,48
17033,5200,5,48
17033,5201,9,48
17038,5202,2,48
17038,5203,7,48
17043,5204,8,48
17050,5205,1,48
17050,5206,6,48
17050,5207,10,48
17050,5208,11,48
17050,5209,13,48
17067,5210,5,48
17067,5211,9,48
17075,5212,1,48
17075,5213,2,48
17075,5214,7,48
17075,5215,12,48
17075,5216,14,48
17086,5217,8,48
17100,5218,1,48
17100,5219,5,48
17100,5220,6,48
17100,5221,9,48
17100,5222,10,48
17100,5223,11,48
17100,5224,13,48
17112,5225,2,48
17112,5226,7,48
17125,5227,1,48
17129,5228,8,48
17133,5229,5,48
17133,5230,9,48
17150,5231,1,48
17150,5232,2,48
17150,5233,6,48
17150,5234,7,48
17150,5235,10,48
17150,5236,11,48
17150,5237,12,48
17150,5238,13,48
17150,5239,14,48
17167,5240,5,48
17167,5241,9,48
17171,5242,8,48
17175,5243,1,48
17188,5244,2,48
17188,5245,7,48
17200,5246,1,48
17200,5247,5,48
17200,5248,6,48
17200,5249,9,48
17200,5250,10,48
17200,5251,11,48
17200,5252,13,48
17214,5253,8,48
17225,5254,1,48
17225,5255,2,48
17225,5256,7,48
17225,5257,12,48
17225,5258,14,48
17233,5259,5,48
17233,5260,9,48
17250,5261,1,48
17250,5262,6,48
17250,5263,10,48
17250,5264,11,48
17250,5265,13,48
17257,5266,8,48
17262,5267,2,48
17262,5268,7,48
17267,5269,5,48
17267,5270,9,48
17275,5271,1,48
17300,5272,1,48
17300,5273,2,48
17300,5274,5,48
17300,5275,6,48
17300,5276,7,48
17300,5277,8,48
17300,5278,9,48
17300,5279,10,48
17300,5280,11,48
17300,5281,12,48
17300,5282,13,48
17300,5283,14,48
17325,5284,1,48
17333,5285,5,48
17333,5286,9,48
17338,5287,2,48
17338,5288,7,48
17343,5289,8,48
17350,5290,1,48
17350,5291,6,48
17350,5292,10,48
17350,5293,11,48
17350,5294,13,48
17367,5295,5,48
17367,5296,9,48
17375,5297,1,48
17375,5298,2,48
17375,5299,7,48
17375,5300,12,48
17375,5301,14,48
17386,5302,8,48
17400,5303,1,48
17400,5304,5,48
17400,5305,6,48
17400,5306,9,48
17400,5307,10,48
17400,5308,11,48
17400,5309,13,48
17412,5310,2,48
17412,5311,7,48
17425,5312,1,48
17429,5313,8,48
17433,5314,5,48
17433,5315,9,48
17450,5316,1,48
17450,5317,2,48
17450,5318,6,48
17450,5319,7,48
17450,5320,10,48
17450,5321,11,48
17450,5322,12,48
17450,5323,13,48
17450,5324,14,48
17467,5325,5,48
17467,5326,9,48
17471,5327,8,48
17475,5328,1,48
17488,5329,2,48
17488,5330,7,48
17500,5331,1,48
17500,5332,5,48
17500,5333,6,48
17500,5334,9,48
17500,5335,10,48
17500,5336,11,48
17500,5337,13,48
17514,5338,8,48
17525,5339,1,48
17525,5340,2,48
17525,5341,7,48
17525,5342,12,48
17525,5343,14,48
17533,5344,5,48
17533,5345,9,48
17550,5346,1,48
17550,5347,6,48
17550,5348,10,48
17550,5349,11,48
17550,5350,13,48
17557,5351,8,48
17562,5352,2,48
17562,5353,7,48
17567,5354,5,48
17567,5355,9,48
17575,5356,1,48
17600,5357,1,48
17600,5358,2,48
17600,5359,5,48
17600,5360,6,48
17600,5361,7,48
17600,5362,8,48
17600,5363,9,48
17600,5364,10,48
17600,5365,11,48
17600,5366,12,48
17600,5367,13,48
17600,5368,14,48
17625,5369,1,48
17633,5370,5,48
17633,5371,9,48
17638,5372,2,48
17638,5373,7,48
17643,5374,8,48
17650,5375,1,48
17650,5376,6,48
17650,5377,10,48
17650,5378,11,48
17650,5379,13,48
17667,5380,5,48
17667,5381,9,48
17675,5382,1,48
17675,5383,2,48
17675,5384,7,48
17675,5385,12,48
17675,5386,14,48
17686,5387,8,48
17700,5388,1,48
17700,5389,5,48
17700,5390,6,48
17700,5391,9,48
17700,5392,10,48
17700,5393,11,48
17700,5394,13,48
17712,5395,2,48
17712,5396,7,48
17725,5397,1,48
17729,5398,8,48
17733,5399,5,48
17733,5400,9,48
17750,5401,1,48
17750,5402,2,48
17750,5403,6,48
17750,5404,7,48
17750,5405,10,48
17750,5406,11,48
17750,5407,12,48
17750,5408,13,48
17750,5409,14,48
17767,5410,5,48
17767,5411,9,48
17771,5412,8,48
17775,5413,1,48
17788,5414,2,48
17788,5415,7,48
17800,5416,1,48
17800,5417,5,48
17800,5418,6,48
17800,5419,9,48
17800,5420,10,48
17800,5421,11,48
17800,5422,13,48
17814,5423,8,48
17825,5424,1,48
17825,5425,2,48
17825,5426,7,48
17825,5427,12,48
17825,5428,14,48
17833,5429,5,48
17833,5430,9,48
17850,5431,1,48
17850,5432,6,48
17850,5433,10,48
17850,5434,11,48
17850,5435,13,48
17857,5436,8,48
17862,5437,2,48
17862,5438,7,48
17867,5439,5,48
17867,5440,9,48
17875,5441,1,48
17900,5442,1,48
17900,5443,2,48
17900,5444,5,48
17900,5445,6,48
17900,5446,7,48
17900,5447,8,48
17900,5448,9,48
17900,5449,10,48
17900,5450,11,48
17900,5451,12,48
17900,5452,13,48
17900,5453,14,48
17925,5454,1,48
17933,5455,5,48
17933,5456,9,48
17938,5457,2,48
17938,5458,7,48
17943,5459,8,48
17950,5460,1,48
17950,5461,6,48
17950,5462,10,48
17950,5463,11,48
17950,5464,13,48
17967,5465,5,48
17967,5466,9,48
17975,5467,1,48
17975,5468,2,48
17975,5469,7,48
17975,5470,12,48
17975,5471,14,48
17986,5472,8,48
18000,5473,1,48
18000,5474,5,48
18000,5475,6,48
18000,5476,9,48
18000,5477,10,48
18000,5478,11,48
18000,5479,13,48
18012,5480,2,48
18012,5481,7,48
18025,5482,1,48
18029,5483,8,48
18033,5484,5,48
18033,5485,9,48
18050,5486,1,48
18050,5487,2,48
18050,5488,6,48
18050,5489,7,48
18050,5490,10,48
18050,5491,11,48
18050,5492,12,48
18050,5493,13,48
18050,5494,14,48
18067,5495,5,48
18067,5496,9,48
18071,5497,8,48
18075,5498,1,48
18088,5499,2,48
18088,5500,7,48
18100,5501,1,48
18100,5502,5,48
18100,5503,6,48
18100,5504,9,48
18100,5505,10,48
18100,5506,11,48
18100,5507,13,48
18114,5508,8,48
18125,5509,1,48
18125,5510,2,48
18125,5511,7,48
18125,5512,12,48
18125,5513,14,48
18133,5514,5,48
18133,5515,9,48
18150,5516,1,48
18150,5517,6,48
18150,5518,10,48
18150,5519,11,48
18150,5520,13,48
18157,5521,8,48
18162,5522,2,48
18162,5523,7,48
18167,5524,5,48
18167,5525,9,48
18175,5526,1,48
18200,5527,1,48
18200,5528,2,48
18200,5529,5,48
18200,5530,6,48
18200,5531,7,48
18200,5532,8,48
18200,5533,9,48
18200,5534,10,48
18200,5535,11,48
18200,5536,12,48
18200,5537,13,48
18200,5538,14,48
18225,5539,1,48
18233,5540,5,48
18233,5541,9,48
18238,5542,2,48
18238,5543,7,48
18243,5544,8,48
18250,5545,1,48
18250,5546,6,48
18250,5547,10,48
18250,5548,11,48
18250,5549,13,48
18267,5550,5,48
18267,5551,9,48
18275,5552,1,48
18275,5553,2,48
18275,5554,7,48
18275,5555,12,48
18275,5556,14,48
18286,5557,8,48
18300,5558,1,48
18300,5559,5,48
18300,5560,6,48
18300,5561,9,48
18300,5562,10,48
18300,5563,11,48
18300,5564,13,48
18312,5565,2,48
18312,5566,7,48
18325,5567,1,48
18329,5568,8,48
18333,5569,5,48
18333,5570,9,48
18350,5571,1,48
18350,5572,2,48
18350,5573,6,48
18350,5574,7,48
18350,5575,10,48
18350,5576,11,48
18350,5577,12,48
18350,5578,13,48
18350,5579,14,48
18367,5580,5,48
18367,5581,9,48
18371,5582,8,48
18375,5583,1,48
18388,5584,2,48
18388,5585,7,48
18400,5586,1,48
18400,5587,5,48
18400,5588,6,48
18400,5589,9,48
18400,5590,10,48
18400,5591,11,48
18400,5592,13,48
18414,5593,8,48
18425,5594,1,48
18425,5595,2,48
18425,5596,7,48
18425,5597,12,48
18425,5598,14,48
18433,5599,5,48
18433,5600,9,48
18450,5601,1,48
18450,5602,6,48
18450,5603,10,48
18450,5604,11,48
18450,5605,13,48
18457,5606,8,48
18462,5607,2,48
18462,5608,7,48
18467,5609,5,48
18467,5610,9,48
18475,5611,1,48
18500,5612,1,48
18500,5613,2,48
18500,5614,5,48
18500,5615,6,48
18500,5616,7,48
18500,5617,8,48
18500,5618,9,48
18500,5619,10,48
18500,5620,11,48
18500,5621,12,48
18500,5622,13,48
18500,5623,14,48
18525,5624,1,48
18533,5625,5,48
18533,5626,9,48
18538,5627,2,48
18538,5628,7,48
18543,5629,8,48
18550,5630,1,48
18550,5631,6,48
18550,5632,10,48
18550,5633,11,48
18550,5634,13,48
18567,5635,5,48
18567,5636,9,48
18575,5637,1,48
18575,5638,2,48
18575,5639,7,48
18575,5640,12,48
18575,5641,14,48
18586,5642,8,48
18600,5643,1,48
18600,5644,5,48
18600,5645,6,48
18600,5646,9,48
18600,5647,10,48
18600,5648,11,48
18600,5649,13,48
18612,5650,2,48
18612,5651,7,48
18625,5652,1,48
18629,5653,8,48
18633,5654,5,48
18633,5655,9,48
18650,5656,1,48
18650,5657,2,48
18650,5658,6,48
18650,5659,7,48
18650,5660,10,48
18650,5661,11,48
18650,5662,12,48
18650,5663,13,48
18650,5664,14,48
18667,5665,5,48
18667,5666,9,48
18671,5667,8,48
18675,5668,1,48
18688,5669,2,48
18688,5670,7,48
18700,5671,1,48
18700,5672,5,48
18700,5673,6,48
18700,5674,9,48
18700,5675,10,48
18700,5676,11,48
18700,5677,13,48
18714,5678,8,48
18725,5679,1,48
18725,5680,2,48
18725,5681,7,48
18725,5682,12,48
18725,5683,14,48
18733,5684,5,48
18733,5685,9,48
18750,5686,1,48
18750,5687,6,48
18750,5688,10,48
18750,5689,11,48
18750,5690,13,48
18757,5691,8,48
18762,5692,2,48
18762,5693,7,48
18767,5694,5,48
18767,5695,9,48
18775,5696,1,48
18800,5697,1,48
18800,5698,2,48
18800,5699,5,48
18800,5700,6,48
18800,5701,7,48
18800,5702,8,48
18800,5703,9,48
18800,5704,10,48
18800,5705,11,48
18800,5706,12,48
18800,5707,13,48
18800,5708,14,48
18825,5709,1,48
18833,5710,5,48
18833,5711,9,48
18838,5712,2,48
18838,5713,7,48
18843,5714,8,48
18850,5715,1,48
18850,5716,6,48
18850,5717,10,48
18850,5718,11,48
18850,5719,13,48
18867,5720,5,48
18867,5721,9,48
18875,5722,1,48
18875,5723,2,48
18875,5724,7,48
18875,5725,12,48
18875,5726,14,48
18886,5727,8,48
18900,5728,1,48
18900,5729,5,48
18900,5730,6,48
18900,5731,9,48
18900,5732,10,48
18900,5733,11,48
18900,5734,13,48
18912,5735,2,48
18912,5736,7,48
18925,5737,1,48
18929,5738,8,48
18933,5739,5,48
18933,5740,9,48
18950,5741,1,48
18950,5742,2,48
18950,5743,6,48
18950,5744,7,48
18950,5745,10,48
18950,5746,11,48
18950,5747,12,48
18950,5748,13,48
18950,5749,14,48
18967,5750,5,48
18967,5751,9,48
18971,5752,8,48
18975,5753,1,48
18988,5754,2,48
18988,5755,7,48
19000,5756,1,48
19000,5757,5,48
19000,5758,6,48
19000,5759,9,48
19000,5760,10,48
19000,5761,11,48
19000,5762,13,48
19014,5763,8,48
19025,5764,1,48
19025,5765,2,48
19025,5766,7,48
19025,5767,12,48
19025,5768,14,48
19033,5769,5,48
19033,5770,9,48
19050,5771,1,48
19050,5772,6,48
19050,5773,10,48
19050,5774,11,48
19050,5775,13,48
19057,5776,8,48
19062,5777,2,48
19062,5778,7,48
19067,5779,5,48
19067,5780,9,48
19075,5781,1,48
19100,5782,1,48
19100,5783,2,48
19100,5784,5,48
19100,5785,6,48
19100,5786,7,48
19100,5787,8,48
19100,5788,9,48
19100,5789,10,48
19100,5790,11,48
19100,5791,12,48
19100,5792,13,48
19100,5793,14,48
19125,5794,1,48
19133,5795,5,48
19133,5796,9,48
19138,5797,2,48
19138,5798,7,48
19143,5799,8,48
19150,5800,1,48
19150,5801,6,48
19150,5802,10,48
19150,5803,11,48
19150,5804,13,48
19167,5805,5,48
19167,5806,9,48
19175,5807,1,48
19175,5808,2,48
19175,5809,7,48
19175,5810,12,48
19175,5811,14,48
19186,5812,8,48
19200,5813,1,48
19200,5814,5,48
19200,5815,6,48
19200,5816,9,48
19200,5817,10,48
19200,5818,11,48
19200,5819,13,48
19212,5820,2,48
19212,5821,7,48
19225,5822,1,48
19229,5823,8,48
19233,5824,5,48
19233,5825,9,48
19250,5826,1,48
19250,5827,2,48
19250,5828,6,48
19250,5829,7,48
19250,5830,10,48
19250,5831,11,48
19250,5832,12,48
19250,5833,13,48
19250,5834,14,48
19267,5835,5,48
19267,5836,9,48
19271,5837,8,48
19275,5838,1,48
19288,5839,2,48
19288,5840,7,48
19300,5841,1,48
19300,5842,5,48
19300,5843,6,48
19300,5844,9,48
19300,5845,10,48
19300,5846,11,48
19300,5847,13,48
19314,5848,8,48
19325,5849,1,48
19325,5850,2,48
19325,5851,7,48
19325,5852,12,48
19325,5853,14,48
19333,5854,5,48
19333,5855,9,48
19350,5856,1,48
19350,5857,6,48
19350,5858,10,48
19350,5859,11,48
19350,5860,13,48
19357,5861,8,48
19362,5862,2,48
19362,5863,7,48
19367,5864,5,48
19367,5865,9,48
19375,5866,1,48
19400,5867,1,48
19400,5868,2,48
19400,5869,5,48
19400,5870,6,48
19400,5871,7,48
19400,5872,8,48
19400,5873,9,48
19400,5874,10,48
19400,5875,11,48
19400,5876,12,48
19400,5877,13,48
19400,5878,14,48
19425,5879,1,48
19433,5880,5,48
19433,5881,9,48
19438,5882,2,48
19438,5883,7,48
19443,5884,8,48
19450,5885,1,48
19450,5886,6,48
19450,5887,10,48
19450,5888,11,48
19450,5889,13,48
19467,5890,5,48
19467,5891,9,48
19475,5892,1,48
19475,5893,2,48
19475,5894,7,48
19475,5895,12,48
19475,5896,14,48
19486,5897,8,48
19500,5898,1,48
19500,5899,5,48
19500,5900,6,48
19500,5901,9,48
19500,5902,10,48
19500,5903,11,48
19500,5904,13,48
19512,5905,2,48
19512,5906,7,48
19525,5907,1,48
19529,5908,8,48
19533,5909,5,48
19533,5910,9,48
19550,5911,1,48
19550,5912,2,48
19550,5913,6,48
19550,5914,7,48
19550,5915,10,48
19550,5916,11,48
19550,5917,12,48
19550,5918,13,48
19550,5919,14,48
19567,5920,5,48
19567,5921,9,48
19571,5922,8,48
19575,5923,1,48
19588,5924,2,48
19588,5925,7,48
19600,5926,1,48
19600,5927,5,48
19600,5928,6,48
19600,5929,9,48
19600,5930,10,48
19600,5931,11,48
19600,5932,13,48
19614,5933,8,48
19625,5934,1,48
19625,5935,2,48
19625,5936,7,48
19625,5937,12,48
19625,5938,14,48
19633,5939,5,48
19633,5940,9,48
19650,5941,1,48
19650,5942,6,48
19650,5943,10,48
19650,5944,11,48
19650,5945,13,48
19657,5946,8,48
19662,5947,2,48
19662,5948,7,48
19667,5949,5,48
19667,5950,9,48
19675,5951,1,48
19700,5952,1,48
19700,5953,2,48
19700,5954,5,48
19700,5955,6,48
19700,5956,7,48
19700,5957,8,48
19700,5958,9,48
19700,5959,10,48
19700,5960,11,48
19700,5961,12,48
19700,5962,13,48
19700,5963,14,48
19725,5964,1,48
19733,5965,5,48
19733,5966,9,48
19738,5967,2,48
19738,5968,7,48
19743,5969,8,48
19750,5970,1,48
19750,5971,6,48
19750,5972,10,48
19750,5973,11,48
19750,5974,13,48
19767,5975,5,48
19767,5976,9,48
19775,5977,1,48
19775,5978,2,48
19775,5979,7,48
19775,5980,12,48
19775,5981,14,48
19786,5982,8,48
19800,5983,1,48
19800,5984,5,48
19800,5985,6,48
19800,5986,9,48
19800,5987,10,48
19800,5988,11,48
19800,5989,13,48
19812,5990,2,48
19812,5991,7,48
19825,5992,1,48
19829,5993,8,48
19833,5994,5,48
19833,5995,9,48
19850,5996,1,48
19850,5997,2,48
19850,5998,6,48
19850,5999,7,48
19850,6000,10,48
19850,6001,11,48
19850,6002,12,48
19850,6003,13,48
19850,6004,14,48
19867,6005,5,48
19867,6006,9,48
19871,6007,8,48
19875,6008,1,48
19888,6009,2,48
19888,6010,7,48
19900,6011,1,48
19900,6012,5,48
19900,6013,6,48
19900,6014,9,48
19900,6015,10,48
19900,6016,11,48
19900,6017,13,48
19914,6018,8,48
19925,6019,1,48
19925,6020,2,48
19925,6021,7,48
19925,6022,12,48
19925,6023,14,48
19933,6024,5,48
19933,6025,9,48
19950,6026,1,48
19950,6027,6,48
19950,6028,10,48
19950,6029,11,48
19950,6030,13,48
19957,6031,8,48
19962,6032,2,48
19962,6033,7,48
19967,6034,5,48
19967,6035,9,48
19975,6036,1,48
20000,6037,1,48
20000,6038,2,48
20000,6039,5,48
20000,6040,6,48
20000,6041,7,48
20000,6042,8,48
20000,6043,9,48
20000,6044,10,48
20000,6045,11,48
20000,6046,12,48
20000,6047,13,48
20000,6048,14,48
20025,6049,1,48
20033,6050,5,48
20033,6051,9,48
20038,6052,2,48
20038,6053,7,48
20043,6054,8,48
20050,6055,1,48
20050,6056,6,48
20050,6057,10,48
20050,6058,11,48
20050,6059,13,48
20067,6060,5,48
20067,6061,9,48
20075,6062,1,48
20075,6063,2,48
20075,6064,7,48
20075,6065,12,48
20075,6066,14,48
20086,6067,8,48
20100,6068,1,48
20100,6069,5,48
20100,6070,6,48
20100,6071,9,48
20100,6072,10,48
20100,6073,11,48
20100,6074,13,48
20112,6075,2,48
20112,6076,7,48
20125,6077,1,48
20129,6078,8,48
20133,6079,5,48
20133,6080,9,48
20150,6081,1,48
20150,6082,2,48
20150,6083,6,48
20150,6084,7,48
20150,6085,10,48
20150,6086,11,48
20150,6087,12,48
20150,6088,13,48
20150,6089,14,48
20167,6090,5,48
20167,6091,9,48
20171,6092,8,48
20175,6093,1,48
20188,6094,2,48
20188,6095,7,48
20200,6096,1,48
20200,6097,5,48
20200,6098,6,48
20200,6099,9,48
20200,6100,10,48
20200,6101,11,48
20200,6102,13,48
20214,6103,8,48
20225,6104,1,48
20225,6105,2,48
20225,6106,7,48
20225,6107,12,48
20225,6108,14,48
20233,6109,5,48
20233,6110,9,48
20250,6111,1,48
20250,6112,6,48
20250,6113,10,48
20250,6114,11,48
20250,6115,13,48
20257,6116,8,48
20262,6117,2,48
20262,6118,7,48
20267,6119,5,48
20267,6120,9,48
20275,6121,1,48
20300,6122,1,48
20300,6123,2,48
20300,6124,5,48
20300,6125,6,48
20300,6126,7,48
20300,6127,8,48
20300,6128,9,48
20300,6129,10,48
20300,6130,11,48
20300,6131,12,48
20300,6132,13,48
20300,6133,14,48
20325,6134,1,48
20333,6135,5,48
20333,6136,9,48
20338,6137,2,48
20338,6138,7,48
20343,6139,8,48
20350,6140,1,48
20350,6141,6,48
20350,6142,10,48
20350,6143,11,48
20350,6144,13,48
20367,6145,5,48
20367,6146,9,48
20375,6147,1,48
20375,6148,2,48
20375,6149,7,48
20375,6150,12,48
20375,6151,14,48
20386,6152,8,48
20400,6153,1,48
20400,6154,5,48
20400,6155,6,48
20400,6156,9,48
20400,6157,10,48
20400,6158,11,48
20400,6159,13,48
20412,6160,2,48
20412,6161,7,48
20425,6162,1,48
20429,6163,8,48
20433,6164,5,48
20433,6165,9,48
20450,6166,1,48
20450,6167,2,48
20450,6168,6,48
20450,6169,7,48
20450,6170,10,48
20450,6171,11,48
20450,6172,12,48
20450,6173,13,48
20450,6174,14,48
20467,6175,5,48
20467,6176,9,48
20471,6177,8,48
20475,6178,1,48
20488,6179,2,48
20488,6180,7,48
20500,6181,1,48
20500,6182,5,48
20500,6183,6,48
20500,6184,9,48
20500,6185,10,48
20500,6186,11,48
20500,6187,13,48
20514,6188,8,48
20525,6189,1,48
20525,6190,2,48
20525,6191,7,48
20525,6192,12,48
20525,6193,14,48
20533,6194,5,48
20533,6195,9,48
20550,6196,1,48
20550,6197,6,48
20550,6198,10,48
20550,6199,11,48
20550,6200,13,48
20557,6201,8,48
20562,6202,2,48
20562,6203,7,48
20567,6204,5,48
20567,6205,9,48
20575,6206,1,48
20600,6207,1,48
20600,6208,2,48
20600,6209,5,48
20600,6210,6,48
20600,6211,7,48
20600,6212,8,48
20600,6213,9,48
20600,6214,10,48
20600,6215,11,48
20600,6216,12,48
20600,6217,13,48
20600,6218,14,48
20625,6219,1,48
20633,6220,5,48
20633,6221,9,48
20638,6222,2,48
20638,6223,7,48
20643,6224,8,48
20650,6225,1,48
20650,6226,6,48
20650,6227,10,48
20650,6228,11,48
20650,6229,13,48
20667,6230,5,48
20667,6231,9,48
20675,6232,1,48
20675,6233,2,48
20675,6234,7,48
20675,6235,12,48
20675,6236,14,48
20686,6237,8,48
20700,6238,1,48
20700,6239,5,48
20700,6240,6,48
20700,6241,9,48
20700,6242,10,48
20700,6243,11,48
20700,6244,13,48
20712,6245,2,48
20712,6246,7,48
20725,6247,1,48
20729,6248,8,48
20733,6249,5,48
20733,6250,9,48
20750,6251,1,48
20750,6252,2,48
20750,6253,6,48
20750,6254,7,48
20750,6255,10,48
20750,6256,11,48
20750,6257,12,48
20750,6258,13,48
20750,6259,14,48
20767,6260,5,48
20767,6261,9,48
20771,6262,8,48
20775,6263,1,48
20788,6264,2,48
20788,6265,7,48
20800,6266,1,48
20800,6267,5,48
20800,6268,6,48
20800,6269,9,48
20800,6270,10,48
20800,6271,11,48
20800,6272,13,48
20814,6273,8,48
20825,6274,1,48
20825,6275,2,48
20825,6276,7,48
20825,6277,12,48
20825,6278,14,48
20833,6279,5,48
20833,6280,9,48
20850,6281,1,48
20850,6282,6,48
20850,6283,10,48
20850,6284,11,48
20850,6285,13,48
20857,6286,8,48
20862,6287,2,48
20862,6288,7,48
20867,6289,5,48
20867,6290,9,48
20875,6291,1,48
20900,6292,1,48
20900,6293,2,48
20900,6294,5,48
20900,6295,6,48
20900,6296,7,48
20900,6297,8,48
20900,6298,9,48
20900,6299,10,48
20900,6300,11,48
20900,6301,12,48
20900,6302,13,48
20900,6303,14,48
20925,6304,1,48
20933,6305,5,48
20933,6306,9,48
20938,6307,2,48
20938,6308,7,48
20943,6309,8,48
20950,6310,1,48
20950,6311,6,48
20950,6312,10,48
20950,6313,11,48
20950,6314,13,48
20967,6315,5,48
20967,6316,9,48
20975,6317,1,48
20975,6318,2,48
20975,6319,7,48
20975,6320,12,48
20975,6321,14,48
20986,6322,8,48
21000,6323,1,48
21000,6324,5,48
21000,6325,6,48
21000,6326,9,48
21000,6327,10,48
21000,6328,11,48
21000,6329,13,48
21012,6330,2,48
21012,6331,7,48
21025,6332,1,48
21029,6333,8,48
21033,6334,5,48
21033,6335,9,48
21050,6336,1,48
21050,6337,2,48
21050,6338,6,48
21050,6339,7,48
21050,6340,10,48
21050,6341,11,48
21050,6342,12,48
21050,6343,13,48
21050,6344,14,48
21067,6345,5,48
21067,6346,9,48
21071,6347,8,48
21075,6348,1,48
21088,6349,2,48
21088,6350,7,48
21100,6351,1,48
21100,6352,5,48
21100,6353,6,48
21100,6354,9,48
21100,6355,10,48
21100,6356,11,48
21100,6357,13,48
21114,6358,8,48
21125,6359,1,48
21125,6360,2,48
21125,6361,7,48
21125,6362,12,48
21125,6363,14,48
21133,6364,5,48
21133,6365,9,48
21150,6366,1,48
21150,6367,6,48
21150,6368,10,48
21150,6369,11,48
21150,6370,13,48
21157,6371,8,48
21162,6372,2,48
21162,6373,7,48
21167,6374,5,48
21167,6375,9,48
21175,6376,1,48
21200,6377,1,48
21200,6378,2,48
21200,6379,5,48
21200,6380,6,48
21200,6381,7,48
21200,6382,8,48
21200,6383,9,48
21200,6384,10,48
21200,6385,11,48
21200,6386,12,48
21200,6387,13,48
21200,6388,14,48
21225,6389,1,48
21233,6390,5,48
21233,6391,9,48
21238,6392,2,48
21238,6393,7,48
21243,6394,8,48
21250,6395,1,48
21250,6396,6,48
21250,6397,10,48
21250,6398,11,48
21250,6399,13,48
21267,6400,5,48
21267,6401,9,48
21275,6402,1,48
21275,6403,2,48
21275,6404,7,48
21275,6405,12,48
21275,6406,14,48
21286,6407,8,48
21300,6408,1,48
21300,6409,5,48
21300,6410,6,48
21300,6411,9,48
21300,6412,10,48
21300,6413,11,48
21300,6414,13,48
21312,6415,2,48
21312,6416,7,48
21325,6417,1,48
21329,6418,8,48
21333,6419,5,48
21333,6420,9,48
21350,6421,1,48
21350,6422,2,48
21350,6423,6,48
21350,6424,7,48
21350,6425,10,48
21350,6426,11,48
21350,6427,12,48
21350,6428,13,48
21350,6429,14,48
21367,6430,5,48
21367,6431,9,48
21371,6432,8,48
21375,6433,1,48
21388,6434,2,48
21388,6435,7,48
21400,6436,1,48
21400,6437,5,48
21400,6438,6,48
21400,6439,9,48
21400,6440,10,48
21400,6441,11,48
21400,6442,13,48
21414,6443,8,48
21425,6444,1,48
21425,6445,2,48
21425,6446,7,48
21425,6447,12,48
21425,6448,14,48
21433,6449,5,48
21433,6450,9,48
21450,6451,1,48
21450,6452,6,48
21450,6453,10,48
21450,6454,11,48
21450,6455,13,48
21457,6456,8,48
21462,6457,2,48
21462,6458,7,48
21467,6459,5,48
21467,6460,9,48
21475,6461,1,48
21500,6462,1,48
21500,6463,2,48
21500,6464,5,48
21500,6465,6,48
21500,6466,7,48
21500,6467,8,48
21500,6468,9,48
21500,6469,10,48
21500,6470,11,48
21500,6471,12,48
21500,6472,13,48
21500,6473,14,48
21525,6474,1,48
21533,6475,5,48
21533,6476,9,48
21538,6477,2,48
21538,6478,7,48
21543,6479,8,48
21550,6480,1,48
21550,6481,6,48
21550,6482,10,48
21550,6483,11,48
21550,6484,13,48
21567,6485,5,48
21567,6486,9,48
21575,6487,1,48
21575,6488,2,48
21575,6489,7,48
21575,6490,12,48
21575,6491,14,48
21586,6492,8,48
21600,6493,1,48
21600,6494,5,48
21600,6495,6,48
21600,6496,9,48
21600,6497,10,48
21600,6498,11,48
21600,6499,13,48
21612,6500,2,48
21612,6501,7,48
21625,6502,1,48
21629,6503,8,48
21633,6504,5,48
21633,6505,9,48
21650,6506,1,48
21650,6507,2,48
21650,6508,6,48
21650,6509,7,48
21650,6510,10,48
21650,6511,11,48
21650,6512,12,48
21650,6513,13,48
21650,6514,14,48
21667,6515,5,48
21667,6516,9,48
21671,6517,8,48
21675,6518,1,48
21688,6519,2,48
21688,6520,7,48
21700,6521,1,48
21700,6522,5,48
21700,6523,6,48
21700,6524,9,48
21700,6525,10,48
21700,6526,11,48
21700,6527,13,48
21714,6528,8,48
21725,6529,1,48
21725,6530,2,48
21725,6531,7,48
21725,6532,12,48
21725,6533,14,48
21733,6534,5,48
21733,6535,9,48
21750,6536,1,48
21750,6537,6,48
21750,6538,10,48
21750,6539,11,48
21750,6540,13,48
21757,6541,8,48
21762,6542,2,48
21762,6543,7,48
21767,6544,5,48
21767,6545,9,48
21775,6546,1,48
21800,6547,1,48
21800,6548,2,48
21800,6549,5,48
21800,6550,6,48
21800,6551,7,48
21800,6552,8,48
21800,6553,9,48
21800,6554,10,48
21800,6555,11,48
21800,6556,12,48
21800,6557,13,48
21800,6558,14,48
21825,6559,1,48
21833,6560,5,48
21833,6561,9,48
21838,6562,2,48
21838,6563,7,48
21843,6564,8,48
21850,6565,1,48
21850,6566,6,48
21850,6567,10,48
21850,6568,11,48
21850,6569,13,48
21867,6570,5,48
21867,6571,9,48
21875,6572,1,48
21875,6573,2,48
21875,6574,7,48
21875,6575,12,48
21875,6576,14,48
21886,6577,8,48
21900,6578,1,48
21900,6579,5,48
21900,6580,6,48
21900,6581,9,48
21900,6582,10,48
21900,6583,11,48
21900,6584,13,48
21912,6585,2,48
21912,6586,7,48
21925,6587,1,48
21929,6588,8,48
21933,6589,5,48
21933,6590,9,48
21950,6591,1,48
21950,6592,2,48
21950,6593,6,48
21950,6594,7,48
21950,6595,10,48
21950,6596,11,48
21950,6597,12,48
21950,6598,13,48
21950,6599,14,48
21967,6600,5,48
21967,6601,9,48
21971,6602,8,48
21975,6603,1,48
21988,6604,2,48
21988,6605,7,48
22000,6606,1,48
22000,6607,5,48
22000,6608,6,48
22000,6609,9,48
22000,6610,10,48
22000,6611,11,48
22000,6612,13,48
22014,6613,8,48
22025,6614,1,48
22025,6615,2,48
22025,6616,7,48
22025,6617,12,48
22025,6618,14,48
22033,6619,5,48
22033,6620,9,48
22050,6621,1,48
22050,6622,6,48
22050,6623,10,48
22050,6624,11,48
22050,6625,13,48
22057,6626,8,48
22062,6627,2,48
22062,6628,7,48
22067,6629,5,48
22067,6630,9,48
22075,6631,1,48
22100,6632,1,48
22100,6633,2,48
22100,6634,5,48
22100,6635,6,48
22100,6636,7,48
22100,6637,8,48
22100,6638,9,48
22100,6639,10,48
22100,6640,11,48
22100,6641,12,48
22100,6642,13,48
22100,6643,14,48
22125,6644,1,48
22133,6645,5,48
22133,6646,9,48
22138,6647,2,48
22138,6648,7,48
22143,6649,8,48
22150,6650,1,48
22150,6651,6,48
22150,6652,10,48
22150,6653,11,48
22150,6654,13,48
22167,6655,5,48
22167,6656,9,48
22175,6657,1,48
22175,6658,2,48
22175,6659,7,48
22175,6660,12,48
22175,6661,14,48
22186,6662,8,48
22200,6663,1,48
22200,6664,5,48
22200,6665,6,48
22200,6666,9,48
22200,6667,10,48
22200,6668,11,48
22200,6669,13,48
22212,6670,2,48
22212,6671,7,48
22225,6672,1,48
22229,6673,8,48
22233,6674,5,48
22233,6675,9,48
22250,6676,1,48
22250,6677,2,48
22250,6678,6,48
22250,6679,7,48
22250,6680,10,48
22250,6681,11,48
22250,6682,12,48
22250,6683,13,48
22250,6684,14,48
22267,6685,5,48
22267,6686,9,48
22271,6687,8,48
22275,6688,1,48
22288,6689,2,48
22288,6690,7,48
22300,6691,1,48
22300,6692,5,48
22300,6693,6,48
22300,6694,9,48
22300,6695,10,48
22300,6696,11,48
22300,6697,13,48
22314,6698,8,48
22325,6699,1,48
22325,6700,2,48
22325,6701,7,48
22325,6702,12,48
22325,6703,14,48
22333,6704,5,48
22333,6705,9,48
22350,6706,1,48
22350,6707,6,48
22350,6708,10,48
22350,6709,11,48
22350,6710,13,48
22357,6711,8,48
22362,6712,2,48
22362,6713,7,48
22367,6714,5,48
22367,6715,9,48
22375,6716,1,48
22400,6717,1,48
22400,6718,2,48
22400,6719,5,48
22400,6720,6,48
22400,6721,7,48
22400,6722,8,48
22400,6723,9,48
22400,6724,10,48
22400,6725,11,48
22400,6726,12,48
22400,6727,13,48
22400,6728,14,48
22425,6729,1,48
22433,6730,5,48
22433,6731,9,48
22438,6732,2,48
22438,6733,7,48
22443,6734,8,48
22450,6735,1,48
22450,6736,6,48
22450,6737,10,48
22450,6738,11,48
22450,6739,13,48
22467,6740,5,48
22467,6741,9,48
22475,6742,1,48
22475,6743,2,48
22475,6744,7,48
22475,6745,12,48
22475,6746,14,48
22486,6747,8,48
22500,6748,1,48
22500,6749,5,48
22500,6750,6,48
22500,6751,9,48
22500,6752,10,48
22500,6753,11,48
22500,6754,13,48
22512,6755,2,48
22512,6756,7,48
22525,6757,1,48
22529,6758,8,48
22533,6759,5,48
22533,6760,9,48
22550,6761,1,48
22550,6762,2,48
22550,6763,6,48
22550,6764,7,48
22550,6765,10,48
22550,6766,11,48
22550,6767,12,48
22550,6768,13,48
22550,6769,14,48
22567,6770,5,48
22567,6771,9,48
22571,6772,8,48
22575,6773,1,48
22588,6774,2,48
22588,6775,7,48
22600,6776,1,48
22600,6777,5,48
22600,6778,6,48
22600,6779,9,48
22600,6780,10,48
22600,6781,11,48
22600,6782,13,48
22614,6783,8,48
22625,6784,1,48
22625,6785,2,48
22625,6786,7,48
22625,6787,12,48
22625,6788,14,48
22633,6789,5,48
22633,6790,9,48
22650,6791,1,48
22650,6792,6,48
22650,6793,10,48
22650,6794,11,48
22650,6795,13,48
22657,6796,8,48
22662,6797,2,48
22662,6798,7,48
22667,6799,5,48
22667,6800,9,48
22675,6801,1,48
22700,6802,1,48
22700,6803,2,48
22700,6804,5,48
22700,6805,6,48
22700,6806,7,48
22700,6807,8,48
22700,6808,9,48
22700,6809,10,48
22700,6810,11,48
22700,6811,12,48
22700,6812,13,48
22700,6813,14,48
22725,6814,1,48
22733,6815,5,48
22733,6816,9,48
22738,6817,2,48
22738,6818,7,48
22743,6819,8,48
22750,6820,1,48
22750,6821,6,48
22750,6822,10,48
22750,6823,11,48
22750,6824,13,48
22767,6825,5,48
22767,6826,9,48
22775,6827,1,48
22775,6828,2,48
22775,6829,7,48
22775,6830,12,48
22775,6831,14,48
22786,6832,8,48
22800,6833,1,48
22800,6834,5,48
22800,6835,6,48
22800,6836,9,48
22800,6837,10,48
22800,6838,11,48
22800,6839,13,48
22812,6840,2,48
22812,6841,7,48
22825,6842,1,48
22829,6843,8,48
22833,6844,5,48
22833,6845,9,48
22850,6846,1,48
22850,6847,2,48
22850,6848,6,48
22850,6849,7,48
22850,6850,10,48
22850,6851,11,48
22850,6852,12,48
22850,6853,13,48
22850,6854,14,48
22867,6855,5,48
22867,6856,9,48
22871,6857,8,48
22875,6858,1,48
22888,6859,2,48
22888,6860,7,48
22900,6861,1,48
22900,6862,5,48
22900,6863,6,48
22900,6864,9,48
22900,6865,10,48
22900,6866,11,48
22900,6867,13,48
22914,6868,8,48
22925,6869,1,48
22925,6870,2,48
22925,6871,7,48
22925,6872,12,48
22925,6873,14,48
22933,6874,5,48
22933,6875,9,48
22950,6876,1,48
22950,6877,6,48
22950,6878,10,48
22950,6879,11,48
22950,6880,13,48
22957,6881,8,48
22962,6882,2,48
22962,6883,7,48
22967,6884,5,48
22967,6885,9,48
22975,6886,1,48
23000,6887,1,48
23000,6888,2,48
23000,6889,5,48
23000,6890,6,48
23000,6891,7,48
23000,6892,8,48
23000,6893,9,48
23000,6894,10,48
23000,6895,11,48
23000,6896,12,48
23000,6897,13,48
23000,6898,14,48
23025,6899,1,48
23033,6900,5,48
23033,6901,9,48
23038,6902,2,48
23038,6903,7,48
23043,6904,8,48
23050,6905,1,48
23050,6906,6,48
23050,6907,10,48
23050,6908,11,48
23050,6909,13,48
23067,6910,5,48
23067,6911,9,48
23075,6912,1,48
23075,6913,2,48
23075,6914,7,48
23075,6915,12,48
23075,6916,14,48
23086,6917,8,48
23100,6918,1,48
23100,6919,5,48
23100,6920,6,48
23100,6921,9,48
23100,6922,10,48
23100,6923,11,48
23100,6924,13,48
23112,6925,2,48
23112,6926,7,48
23125,6927,1,48
23129,6928,8,48
23133,6929,5,48
23133,6930,9,48
23150,6931,1,48
23150,6932,2,48
23150,6933,6,48
23150,6934,7,48
23150,6935,10,48
23150,6936,11,48
23150,6937,12,48
23150,6938,13,48
23150,6939,14,48
23167,6940,5,48
23167,6941,9,48
23171,6942,8,48
23175,6943,1,48
23188,6944,2,48
23188,6945,7,48
23200,6946,1,48
23200,6947,5,48
23200,6948,6,48
23200,6949,9,48
23200,6950,10,48
23200,6951,11,48
23200,6952,13,48
23214,6953,8,48
23225,6954,1,48
23225,6955,2,48
23225,6956,7,48
23225,6957,12,48
23225,6958,14,48
23233,6959,5,48
23233,6960,9,48
23250,6961,1,48
23250,6962,6,48
23250,6963,10,48
23250,6964,11,48
23250,6965,13,48
23257,6966,8,48
23262,6967,2,48
23262,6968,7,48
23267,6969,5,48
23267,6970,9,48
23275,6971,1,48
23300,6972,1,48
23300,6973,2,48
23300,6974,5,48
23300,6975,6,48
23300,6976,7,48
23300,6977,8,48
23300,6978,9,48
23300,6979,10,48
23300,6980,11,48
23300,6981,12,48
23300,6982,13,48
23300,6983,14,48
23325,6984,1,48
23333,6985,5,48
23333,6986,9,48
23338,6987,2,48
23338,6988,7,48
23343,6989,8,48
23350,6990,1,48
23350,6991,6,48
23350,6992,10,48
23350,6993,11,48
23350,6994,13,48
23367,6995,5,48
23367,6996,9,48
23375,6997,1,48
23375,6998,2,48
23375,6999,7,48
23375,7000,12,48
23375,7001,14,48
23386,7002,8,48
23400,7003,1,48
23400,7004,5,48
23400,7005,6,48
23400,7006,9,48
23400,7007,10,48
23400,7008,11,48
23400,7009,13,48
23412,7010,2,48
23412,7011,7,48
23425,7012,1,48
23429,7013,8,48
23433,7014,5,48
23433,7015,9,48
23450,7016,1,48
23450,7017,2,48
23450,7018,6,48
23450,7019,7,48
23450,7020,10,48
23450,7021,11,48
23450,7022,12,48
23450,7023,13,48
23450,7024,14,48
23467,7025,5,48
23467,7026,9,48
23471,7027,8,48
23475,7028,1,48
23488,7029,2,48
23488,7030,7,48
23500,7031,1,48
23500,7032,5,48
23500,7033,6,48
23500,7034,9,48
23500,7035,10,48
23500,7036,11,48
23500,7037,13,48
23514,7038,8,48
23525,7039,1,48
23525,7040,2,48
23525,7041,7,48
23525,7042,12,48
23525,7043,14,48
23533,7044,5,48
23533,7045,9,48
23550,7046,1,48
23550,7047,6,48
23550,7048,10,48
23550,7049,11,48
23550,7050,13,48
23557,7051,8,48
23562,7052,2,48
23562,7053,7,48
23567,7054,5,48
23567,7055,9,48
23575,7056,1,48
23600,7057,1,48
23600,7058,2,48
23600,7059,5,48
23600,7060,6,48
23600,7061,7,48
23600,7062,8,48
23600,7063,9,48
23600,7064,10,48
23600,7065,11,48
23600,7066,12,48
23600,7067,13,48
23600,7068,14,48
23625,7069,1,48
23633,7070,5,48
23633,7071,9,48
23638,7072,2,48
23638,7073,7,48
23643,7074,8,48
23650,7075,1,48
23650,7076,6,48
23650,7077,10,48
23650,7078,11,48
23650,7079,13,48
23667,7080,5,48
23667,7081,9,48
23675,7082,1,48
23675,7083,2,48
23675,7084,7,48
23675,7085,12,48
23675,7086,14,48
23686,7087,8,48
23700,7088,1,48
23700,7089,5,48
23700,7090,6,48
23700,7091,9,48
23700,7092,10,48
23700,7093,11,48
23700,7094,13,48
23712,7095,2,48
23712,7096,7,48
23725,7097,1,48
23729,7098,8,48
23733,7099,5,48
23733,7100,9,48
23750,7101,1,48
23750,7102,2,48
23750,7103,6,48
23750,7104,7,48
23750,7105,10,48
23750,7106,11,48
23750,7107,12,48
23750,7108,13,48
23750,7109,14,48
23767,7110,5,48
23767,7111,9,48
23771,7112,8,48
23775,7113,1,48
23788,7114,2,48
23788,7115,7,48
23800,7116,1,48
23800,7117,5,48
23800,7118,6,48
23800,7119,9,48
23800,7120,10,48
23800,7121,11,48
23800,7122,13,48
23814,7123,8,48
23825,7124,1,48
23825,7125,2,48
23825,7126,7,48
23825,7127,12,48
23825,7128,14,48
23833,7129,5,48
23833,7130,9,48
23850,7131,1,48
23850,7132,6,48
23850,7133,10,48
23850,7134,11,48
23850,7135,13,48
23857,7136,8,48
23862,7137,2,48
23862,7138,7,48
23867,7139,5,48
23867,7140,9,48
23875,7141,1,48
23900,7142,1,48
23900,7143,2,48
23900,7144,5,48
23900,7145,6,48
23900,7146,7,48
23900,7147,8,48
23900,7148,9,48
23900,7149,10,48
23900,7150,11,48
23900,7151,12,48
23900,7152,13,48
23900,7153,14,48
23925,7154,1,48
23933,7155,5,48
23933,7156,9,48
23938,7157,2,48
23938,7158,7,48
23943,7159,8,48
23950,7160,1,48
23950,7161,6,48
23950,7162,10,48
23950,7163,11,48
23950,7164,13,48
23967,7165,5,48
23967,7166,9,48
23975,7167,1,48
23975,7168,2,48
23975,7169,7,48
23975,7170,12,48
23975,7171,14,48
23986,7172,8,48
24000,7173,1,48
24000,7174,5,48
24000,7175,6,48
24000,7176,9,48
24000,7177,10,48
24000,7178,11,48
24000,7179,13,48
24012,7180,2,48
24012,7181,7,48
24025,7182,1,48
24029,7183,8,48
24033,7184,5,48
24033,7185,9,48
24050,7186,1,48
24050,7187,2,48
24050,7188,6,48
24050,7189,7,48
24050,7190,10,48
24050,7191,11,48
24050,7192,12,48
24050,7193,13,48
24050,7194,14,48
24067,7195,5,48
24067,7196,9,48
24071,7197,8,48
24075,7198,1,48
24088,7199,2,48
24088,7200,7,48
24100,7201,1,48
24100,7202,5,48
24100,7203,6,48
24100,7204,9,48
24100,7205,10,48
24100,7206,11,48
24100,7207,13,48
24114,7208,8,48
24125,7209,1,48
24125,7210,2,48
24125,7211,7,48
24125,7212,12,48
24125,7213,14,48
24133,7214,5,48
24133,7215,9,48
24150,7216,1,48
24150,7217,6,48
24150,7218,10,48
24150,7219,11,48
24150,7220,13,48
24157,7221,8,48
24162,7222,2,48
24162,7223,7,48
24167,7224,5,48
24167,7225,9,48
24175,7226,1,48
24200,7227,1,48
24200,7228,2,48
24200,7229,5,48
24200,7230,6,48
24200,7231,7,48
24200,7232,8,48
24200,7233,9,48
24200,7234,10,48
24200,7235,11,48
24200,7236,12,48
24200,7237,13,48
24200,7238,14,48
24225,7239,1,48
24233,7240,5,48
24233,7241,9,48
24238,7242,2,48
24238,7243,7,48
24243,7244,8,48
24250,7245,1,48
24250,7246,6,48
24250,7247,10,48
24250,7248,11,48
24250,7249,13,48
24267,7250,5,48
24267,7251,9,48
24275,7252,1,48
24275,7253,2,48
24275,7254,7,48
24275,7255,12,48
24275,7256,14,48
24286,7257,8,48
24300,7258,1,48
24300,7259,5,48
24300,7260,6,48
24300,7261,9,48
24300,7262,10,48
24300,7263,11,48
24300,7264,13,48
24312,7265,2,48
24312,7266,7,48
24325,7267,1,48
24329,7268,8,48
24333,7269,5,48
24333,7270,9,48
24350,7271,1,48
24350,7272,2,48
24350,7273,6,48
24350,7274,7,48
24350,7275,10,48
24350,7276,11,48
24350,7277,12,48
24350,7278,13,48
24350,7279,14,48
24367,7280,5,48
24367,7281,9,48
24371,7282,8,48
24375,7283,1,48
24388,7284,2,48
24388,7285,7,48
24400,7286,1,48
24400,7287,5,48
24400,7288,6,48
24400,7289,9,48
24400,7290,10,48
24400,7291,11,48
24400,7292,13,48
24414,7293,8,48
24425,7294,1,48
24425,7295,2,48
24425,7296,7,48
24425,7297,12,48
24425,7298,14,48
24433,7299,5,48
24433,7300,9,48
24450,7301,1,48
24450,7302,6,48
24450,7303,10,48
24450,7304,11,48
24450,7305,13,48
24457,7306,8,48
24462,7307,2,48
24462,7308,7,48
24467,7309,5,48
24467,7310,9,48
24475,7311,1,48
24500,7312,1,48
24500,7313,2,48
24500,7314,5,48
24500,7315,6,48
24500,7316,7,48
24500,7317,8,48
24500,7318,9,48
24500,7319,10,48
24500,7320,11,48
24500,7321,12,48
24500,7322,13,48
24500,7323,14,48
24525,7324,1,48
24533,7325,5,48
24533,7326,9,48
24538,7327,2,48
24538,7328,7,48
24543,7329,8,48
24550,7330,1,48
24550,7331,6,48
24550,7332,10,48
24550,7333,11,48
24550,7334,13,48
24567,7335,5,48
24567,7336,9,48
24575,7337,1,48
24575,7338,2,48
24575,7339,7,48
24575,7340,12,48
24575,7341,14,48
24586,7342,8,48
24600,7343,1,48
24600,7344,5,48
24600,7345,6,48
24600,7346,9,48
24600,7347,10,48
24600,7348,11,48
24600,7349,13,48
24612,7350,2,48
24612,7351,7,48
24625,7352,1,48
24629,7353,8,48
24633,7354,5,48
24633,7355,9,48
24650,7356,1,48
24650,7357,2,48
24650,7358,6,48
24650,7359,7,48
24650,7360,10,48
24650,7361,11,48
24650,7362,12,48
24650,7363,13,48
24650,7364,14,48
24667,7365,5,48
24667,7366,9,48
24671,7367,8,48
24675,7368,1,48
24688,7369,2,48
24688,7370,7,48
24700,7371,1,48
24700,7372,5,48
24700,7373,6,48
24700,7374,9,48
24700,7375,10,48
24700,7376,11,48
24700,7377,13,48
24714,7378,8,48
24725,7379,1,48
24725,7380,2,48
24725,7381,7,48
24725,7382,12,48
24725,7383,14,48
24733,7384,5,48
24733,7385,9,48
24750,7386,1,48
24750,7387,6,48
24750,7388,10,48
24750,7389,11,48
24750,7390,13,48
24757,7391,8,48
24762,7392,2,48
24762,7393,7,48
24767,7394,5,48
24767,7395,9,48
24775,7396,1,48
24800,7397,1,48
24800,7398,2,48
24800,7399,5,48
24800,7400,6,48
24800,7401,7,48
24800,7402,8,48
24800,7403,9,48
24800,7404,10,48
24800,7405,11,48
24800,7406,12,48
24800,7407,13,48
24800,7408,14,48
24825,7409,1,48
24833,7410,5,48
24833,7411,9,48
24838,7412,2,48
24838,7413,7,48
24843,7414,8,48
24850,7415,1,48
24850,7416,6,48
24850,7417,10,48
24850,7418,11,48
24850,7419,13,48
24867,7420,5,48
24867,7421,9,48
24875,7422,1,48
24875,7423,2,48
24875,7424,7,48
24875,7425,12,48
24875,7426,14,48
24886,7427,8,48
24900,7428,1,48
24900,7429,5,48
24900,7430,6,48
24900,7431,9,48
24900,7432,10,48
24900,7433,11,48
24900,7434,13,48
24912,7435,2,48
24912,7436,7,48
24925,7437,1,48
24929,7438,8,48
24933,7439,5,48
24933,7440,9,48
24950,7441,1,48
24950,7442,2,48
24950,7443,6,48
24950,7444,7,48
24950,7445,10,48
24950,7446,11,48
24950,7447,12,48
24950,7448,13,48
24950,7449,14,48
24967,7450,5,48
24967,7451,9,48
24971,7452,8,48
24975,7453,1,48
24988,7454,2,48
24988,7455,7,48
25000,7456,1,48
25000,7457,5,48
25000,7458,6,48
25000,7459,9,48
25000,7460,10,48
25000,7461,11,48
25000,7462,13,48
25014,7463,8,48
25025,7464,1,48
25025,7465,2,48
25025,7466,7,48
25025,7467,12,48
25025,7468,14,48
25033,7469,5,48
25033,7470,9,48
25050,7471,1,48
25050,7472,6,48
25050,7473,10,48
25050,7474,11,48
25050,7475,13,48
25057,7476,8,48
25062,7477,2,48
25062,7478,7,48
25067,7479,5,48
25067,7480,9,48
25075,7481,1,48
25100,7482,1,48
25100,7483,2,48
25100,7484,5,48
25100,7485,6,48
25100,7486,7,48
25100,7487,8,48
25100,7488,9,48
25100,7489,10,48
25100,7490,11,48
25100,7491,12,48
25100,7492,13,48
25100,7493,14,48
25125,7494,1,48
25133,7495,5,48
25133,7496,9,48
25138,7497,2,48
25138,7498,7,48
25143,7499,8,48
25150,7500,1,48
25150,7501,6,48
25150,7502,10,48
25150,7503,11,48
25150,7504,13,48
25167,7505,5,48
25167,7506,9,48
25175,7507,1,48
25175,7508,2,48
25175,7509,7,48
25175,7510,12,48
25175,7511,14,48
25186,7512,8,48
25200,7513,1,48
25200,7514,5,48
25200,7515,6,48
25200,7516,9,48
25200,7517,10,48
25200,7518,11,48
25200,7519,13,48
25212,7520,2,48
25212,7521,7,48
25225,7522,1,48
25229,7523,8,48
25233,7524,5,48
25233,7525,9,48
25250,7526,1,48
25250,7527,2,48
25250,7528,6,48
25250,7529,7,48
25250,7530,10,48
25250,7531,11,48
25250,7532,12,48
25250,7533,13,48
25250,7534,14,48
25267,7535,5,48
25267,7536,9,48
25271,7537,8,48
25275,7538,1,48
25288,7539,2,48
25288,7540,7,48
25300,7541,1,48
25300,7542,5,48
25300,7543,6,48
25300,7544,9,48
25300,7545,10,48
25300,7546,11,48
25300,7547,13,48
25314,7548,8,48
25325,7549,1,48
25325,7550,2,48
25325,7551,7,48
25325,7552,12,48
25325,7553,14,48
25333,7554,5,48
25333,7555,9,48
25350,7556,1,48
25350,7557,6,48
25350,7558,10,48
25350,7559,11,48
25350,7560,13,48
25357,7561,8,48
25362,7562,2,48
25362,7563,7,48
25367,7564,5,48
25367,7565,9,48
25375,7566,1,48
25400,7567,1,48
25400,7568,2,48
25400,7569,5,48
25400,7570,6,48
25400,7571,7,48
25400,7572,8,48
25400,7573,9,48
25400,7574,10,48
25400,7575,11,48
25400,7576,12,48
25400,7577,13,48
25400,7578,14,48
25425,7579,1,48
25433,7580,5,48
25433,7581,9,48
25438,7582,2,48
25438,7583,7,48
25443,7584,8,48
25450,7585,1,48
25450,7586,6,48
25450,7587,10,48
25450,7588,11,48
25450,7589,13,48
25467,7590,5,48
25467,7591,9,48
25475,7592,1,48
25475,7593,2,48
25475,7594,7,48
25475,7595,12,48
25475,7596,14,48
25486,7597,8,48
25500,7598,1,48
25500,7599,5,48
25500,7600,6,48
25500,7601,9,48
25500,7602,10,48
25500,7603,11,48
25500,7604,13,48
25512,7605,2,48
25512,7606,7,48
25525,7607,1,48
25529,7608,8,48
25533,7609,5,48
25533,7610,9,48
25550,7611,1,48
25550,7612,2,48
25550,7613,6,48
25550,7614,7,48
25550,7615,10,48
25550,7616,11,48
25550,7617,12,48
25550,7618,13,48
25550,7619,14,48
25567,7620,5,48
25567,7621,9,48
25571,7622,8,48
25575,7623,1,48
25588,7624,2,48
25588,7625,7,48
25600,7626,1,48
25600,7627,5,48
25600,7628,6,48
25600,7629,9,48
25600,7630,10,48
25600,7631,11,48
25600,7632,13,48
25614,7633,8,48
25625,7634,1,48
25625,7635,2,48
25625,7636,7,48
25625,7637,12,48
25625,7638,14,48
25633,7639,5,48
25633,7640,9,48
25650,7641,1,48
25650,7642,6,48
25650,7643,10,48
25650,7644,11,48
25650,7645,13,48
25657,7646,8,48
25662,7647,2,48
25662,7648,7,48
25667,7649,5,48
25667,7650,9,48
25675,7651,1,48
25700,7652,1,48
25700,7653,2,48
25700,7654,5,48
25700,7655,6,48
25700,7656,7,48
25700,7657,8,48
25700,7658,9,48
25700,7659,10,48
25700,7660,11,48
25700,7661,12,48
25700,7662,13,48
25700,7663,14,48
25725,7664,1,48
25733,7665,5,48
25733,7666,9,48
25738,7667,2,48
25738,7668,7,48
25743,7669,8,48
25750,7670,1,48
25750,7671,6,48
25750,7672,10,48
25750,7673,11,48
25750,7674,13,48
25767,7675,5,48
25767,7676,9,48
25775,7677,1,48
25775,7678,2,48
25775,7679,7,48
25775,7680,12,48
25775,7681,14,48
25786,7682,8,48
25800,7683,1,48
25800,7684,5,48
25800,7685,6,48
25800,7686,9,48
25800,7687,10,48
25800,7688,11,48
25800,7689,13,48
25812,7690,2,48
25812,7691,7,48
25825,7692,1,48
25829,7693,8,48
25833,7694,5,48
25833,7695,9,48
25850,7696,1,48
25850,7697,2,48
25850,7698,6,48
25850,7699,7,48
25850,7700,10,48
25850,7701,11,48
25850,7702,12,48
25850,7703,13,48
25850,7704,14,48
25867,7705,5,48
25867,7706,9,48
25871,7707,8,48
25875,7708,1,48
25888,7709,2,48
25888,7710,7,48
25900,7711,1,48
25900,7712,5,48
25900,7713,6,48
25900,7714,9,48
25900,7715,10,48
25900,7716,11,48
25900,7717,13,48
25914,7718,8,48
25925,7719,1,48
25925,7720,2,48
25925,7721,7,48
25925,7722,12,48
25925,7723,14,48
25933,7724,5,48
25933,7725,9,48
25950,7726,1,48
25950,7727,6,48
25950,7728,10,48
25950,7729,11,48
25950,7730,13,48
25957,7731,8,48
25962,7732,2,48
25962,7733,7,48
25967,7734,5,48
25967,7735,9,48
25975,7736,1,48
26000,7737,1,48
26000,7738,2,48
26000,7739,5,48
26000,7740,6,48
26000,7741,7,48
26000,7742,8,48
26000,7743,9,48
26000,7744,10,48
26000,7745,11,48
26000,7746,12,48
26000,7747,13,48
26000,7748,14,48
26025,7749,1,48
26033,7750,5,48
26033,7751,9,48
26038,7752,2,48
26038,7753,7,48
26043,7754,8,48
26050,7755,1,48
26050,7756,6,48
26050,7757,10,48
26050,7758,11,48
26050,7759,13,48
26067,7760,5,48
26067,7761,9,48
26075,7762,1,48
26075,7763,2,48
26075,7764,7,48
26075,7765,12,48
26075,7766,14,48
26086,7767,8,48
26100,7768,1,48
26100,7769,5,48
26100,7770,6,48
26100,7771,9,48
26100,7772,10,48
26100,7773,11,48
26100,7774,13,48
26112,7775,2,48
26112,7776,7,48
26125,7777,1,48
26129,7778,8,48
26133,7779,5,48
26133,7780,9,48
26150,7781,1,48
26150,7782,2,48
26150,7783,6,48
26150,7784,7,48
26150,7785,10,48
26150,7786,11,48
26150,7787,12,48
26150,7788,13,48
26150,7789,14,48
26167,7790,5,48
26167,7791,9,48
26171,7792,8,48
26175,7793,1,48
26188,7794,2,48
26188,7795,7,48
26200,7796,1,48
26200,7797,5,48
26200,7798,6,48
26200,7799,9,48
26200,7800,10,48
26200,7801,11,48
26200,7802,13,48
26214,7803,8,48
26225,7804,1,48
26225,7805,2,48
26225,7806,7,48
26225,7807,12,48
26225,7808,14,48
26233,7809,5,48
26233,7810,9,48
26250,7811,1,48
26250,7812,6,48
26250,7813,10,48
26250,7814,11,48
26250,7815,13,48
26257,7816,8,48
26262,7817,2,48
26262,7818,7,48
26267,7819,5,48
26267,7820,9,48
26275,7821,1,48
26300,7822,1,48
26300,7823,2,48
26300,7824,5,48
26300,7825,6,48
26300,7826,7,48
26300,7827,8,48
26300,7828,9,48
26300,7829,10,48
26300,7830,11,48
26300,7831,12,48
26300,7832,13,48
26300,7833,14,48
26325,7834,1,48
26333,7835,5,48
26333,7836,9,48
26338,7837,2,48
26338,7838,7,48
26343,7839,8,48
26350,7840,1,48
26350,7841,6,48
26350,7842,10,48
26350,7843,11,48
26350,7844,13,48
26367,7845,5,48
26367,7846,9,48
26375,7847,1,48
26375,7848,2,48
26375,7849,7,48
26375,7850,12,48
26375,7851,14,48
26386,7852,8,48
26400,7853,1,48
26400,7854,5,48
26400,7855,6,48
26400,7856,9,48
26400,7857,10,48
26400,7858,11,48
26400,7859,13,48
26412,7860,2,48
26412,7861,7,48
26425,7862,1,48
26429,7863,8,48
26433,7864,5,48
26433,7865,9,48
26450,7866,1,48
26450,7867,2,48
26450,7868,6,48
26450,7869,7,48
26450,7870,10,48
26450,7871,11,48
26450,7872,12,48
26450,7873,13,48
26450,7874,14,48
26467,7875,5,48
26467,7876,9,48
26471,7877,8,48
26475,7878,1,48
26488,7879,2,48
26488,7880,7,48
26500,7881,1,48
26500,7882,5,48
26500,7883,6,48
26500,7884,9,48
26500,7885,10,48
26500,7886,11,48
26500,7887,13,48
26514,7888,8,48
26525,7889,1,48
26525,7890,2,48
26525,7891,7,48
26525,7892,12,48
26525,7893,14,48
26533,7894,5,48
26533,7895,9,48
26550,7896,1,48
26550,7897,6,48
26550,7898,10,48
26550,7899,11,48
26550,7900,13,48
26557,7901,8,48
26562,7902,2,48
26562,7903,7,48
26567,7904,5,48
26567,7905,9,48
26575,7906,1,48
26600,7907,1,48
26600,7908,2,48
26600,7909,5,48
26600,7910,6,48
26600,7911,7,48
26600,7912,8,48
26600,7913,9,48
26600,7914,10,48
26600,7915,11,48
26600,7916,12,48
26600,7917,13,48
26600,7918,14,48
26625,7919,1,48
26633,7920,5,48
26633,7921,9,48
26638,7922,2,48
26638,7923,7,48
26643,7924,8,48
26650,7925,1,48
26650,7926,6,48
26650,7927,10,48
26650,7928,11,48
26650,7929,13,48
26667,7930,5,48
26667,7931,9,48
26675,7932,1,48
26675,7933,2,48
26675,7934,7,48
26675,7935,12,48
26675,7936,14,48
26686,7937,8,48
26700,7938,1,48
26700,7939,5,48
26700,7940,6,48
26700,7941,9,48
26700,7942,10,48
26700,7943,11,48
26700,7944,13,48
26712,7945,2,48
26712,7946,7,48
26725,7947,1,48
26729,7948,8,48
26733,7949,5,48
26733,7950,9,48
26750,7951,1,48
26750,7952,2,48
26750,7953,6,48
26750,7954,7,48
26750,7955,10,48
26750,7956,11,48
26750,7957,12,48
26750,7958,13,48
26750,7959,14,48
26767,7960,5,48
26767,7961,9,48
26771,7962,8,48
26775,7963,1,48
26788,7964,2,48
26788,7965,7,48
26800,7966,1,48
26800,7967,5,48
26800,7968,6,48
26800,7969,9,48
26800,7970,10,48
26800,7971,11,48
26800,7972,13,48
26814,7973,8,48
26825,7974,1,48
26825,7975,2,48
26825,7976,7,48
26825,7977,12,48
26825,7978,14,48
26833,7979,5,48
26833,7980,9,48
26850,7981,1,48
26850,7982,6,48
26850,7983,10,48
26850,7984,11,48
26850,7985,13,48
26857,7986,8,48
26862,7987,2,48
26862,7988,7,48
26867,7989,5,48
26867,7990,9,48
26875,7991,1,48
26900,7992,1,48
26900,7993,2,48
26900,7994,5,48
26900,7995,6,48
26900,7996,7,48
26900,7997,8,48
26900,7998,9,48
26900,7999,10,48
26900,8000,11,48
26900,8001,12,48
26900,8002,13,48
26900,8003,14,48
26925,8004,1,48
26933,8005,5,48
26933,8006,9,48
26938,8007,2,48
26938,8008,7,48
26943,8009,8,48
26950,8010,1,48
26950,8011,6,48
26950,8012,10,48
26950,8013,11,48
26950,8014,13,48
26967,8015,5,48
26967,8016,9,48
26975,8017,1,48
26975,8018,2,48
26975,8019,7,48
26975,8020,12,48
26975,8021,14,48
26986,8022,8,48
27000,8023,1,48
27000,8024,5,48
27000,8025,6,48
27000,8026,9,48
27000,8027,10,48
27000,8028,11,48
27000,8029,13,48
27012,8030,2,48
27012,8031,7,48
27025,8032,1,48
27029,8033,8,48
27033,8034,5,48
27033,8035,9,48
27050,8036,1,48
27050,8037,2,48
27050,8038,6,48
27050,8039,7,48
27050,8040,10,48
27050,8041,11,48
27050,8042,12,48
27050,8043,13,48
27050,8044,14,48
27067,8045,5,48
27067,8046,9,48
27071,8047,8,48
27075,8048,1,48
27088,8049,2,48
27088,8050,7,48
27100,8051,1,48
27100,8052,5,48
27100,8053,6,48
27100,8054,9,48
27100,8055,10,48
27100,8056,11,48
27100,8057,13,48
27114,8058,8,48
27125,8059,1,48
27125,8060,2,48
27125,8061,7,48
27125,8062,12,48
27125,8063,14,48
27133,8064,5,48
27133,8065,9,48
27150,8066,1,48
27150,8067,6,48
27150,8068,10,48
27150,8069,11,48
27150,8070,13,48
27157,8071,8,48
27162,8072,2,48
27162,8073,7,48
27167,8074,5,48
27167,8075,9,48
27175,8076,1,48
27200,8077,1,48
27200,8078,2,48
27200,8079,5,48
27200,8080,6,48
27200,8081,7,48
27200,8082,8,48
27200,8083,9,48
27200,8084,10,48
27200,8085,11,48
27200,8086,12,48
27200,8087,13,48
27200,8088,14,48
27225,8089,1,48
27233,8090,5,48
27233,8091,9,48
27238,8092,2,48
27238,8093,7,48
27243,8094,8,48
27250,8095,1,48
27250,8096,6,48
27250,8097,10,48
27250,8098,11,48
27250,8099,13,48
27267,8100,5,48
27267,8101,9,48
27275,8102,1,48
27275,8103,2,48
27275,8104,7,48
27275,8105,12,48
27275,8106,14,48
27286,8107,8,48
27300,8108,1,48
27300,8109,5,48
27300,8110,6,48
27300,8111,9,48
27300,8112,10,48
27300,8113,11,48
27300,8114,13,48
27312,8115,2,48
27312,8116,7,48
27325,8117,1,48
27329,8118,8,48
27333,8119,5,48
27333,8120,9,48
27350,8121,1,48
27350,8122,2,48
27350,8123,6,48
27350,8124,7,48
27350,8125,10,48
27350,8126,11,48
27350,8127,12,48
27350,8128,13,48
27350,8129,14,48
27367,8130,5,48
27367,8131,9,48
27371,8132,8,48
27375,8133,1,48
27388,8134,2,48
27388,8135,7,48
27400,8136,1,48
27400,8137,5,48
27400,8138,6,48
27400,8139,9,48
27400,8140,10,48
27400,8141,11,48
27400,8142,13,48
27414,8143,8,48
27425,8144,1,48
27425,8145,2,48
27425,8146,7,48
27425,8147,12,48
27425,8148,14,48
27433,8149,5,48
27433,8150,9,48
27450,8151,1,48
27450,8152,6,48
27450,8153,10,48
27450,8154,11,48
27450,8155,13,48
27457,8156,8,48
27462,8157,2,48
27462,8158,7,48
27467,8159,5,48
27467,8160,9,48
27475,8161,1,48
27500,8162,1,48
27500,8163,2,48
27500,8164,5,48
27500,8165,6,48
27500,8166,7,48
27500,8167,8,48
27500,8168,9,48
27500,8169,10,48
27500,8170,11,48
27500,8171,12,48
27500,8172,13,48
27500,8173,14,48
27525,8174,1,48
27533,8175,5,48
27533,8176,9,48
27538,8177,2,48
27538,8178,7,48
27543,8179,8,48
27550,8180,1,48
27550,8181,6,48
27550,8182,10,48
27550,8183,11,48
27550,8184,13,48
27567,8185,5,48
27567,8186,9,48
27575,8187,1,48
27575,8188,2,48
27575,8189,7,48
27575,8190,12,48
27575,8191,14,48
27586,8192,8,48
27600,8193,1,48
27600,8194,5,48
27600,8195,6,48
27600,8196,9,48
27600,8197,10,48
27600,8198,11,48
27600,8199,13,48
27612,8200,2,48
27612,8201,7,48
27625,8202,1,48
27629,8203,8,48
27633,8204,5,48
27633,8205,9,48
27650,8206,1,48
27650,8207,2,48
27650,8208,6,48
27650,8209,7,48
27650,8210,10,48
27650,8211,11,48
27650,8212,12,48
27650,8213,13,48
27650,8214,14,48
27667,8215,5,48
27667,8216,9,48
27671,8217,8,48
27675,8218,1,48
27688,8219,2,48
27688,8220,7,48
27700,8221,1,48
27700,8222,5,48
27700,8223,6,48
27700,8224,9,48
27700,8225,10,48
27700,8226,11,48
27700,8227,13,48
27714,8228,8,48
27725,8229,1,48
27725,8230,2,48
27725,8231,7,48
27725,8232,12,48
27725,8233,14,48
27733,8234,5,48
27733,8235,9,48
27750,8236,1,48
27750,8237,6,48
27750,8238,10,48
27750,8239,11,48
27750,8240,13,48
27757,8241,8,48
27762,8242,2,48
27762,8243,7,48
27767,8244,5,48
27767,8245,9,48
27775,8246,1,48
27800,8247,1,48
27800,8248,2,48
27800,8249,5,48
27800,8250,6,48
27800,8251,7,48
27800,8252,8,48
27800,8253,9,48
27800,8254,10,48
27800,8255,11,48
27800,8256,12,48
27800,8257,13,48
27800,8258,14,48
27825,8259,1,48
27833,8260,5,48
27833,8261,9,48
27838,8262,2,48
27838,8263,7,48
27843,8264,8,48
27850,8265,1,48
27850,8266,6,48
27850,8267,10,48
27850,8268,11,48
27850,8269,13,48
27867,8270,5,48
27867,8271,9,48
27875,8272,1,48
27875,8273,2,48
27875,8274,7,48
27875,8275,12,48
27875,8276,14,48
27886,8277,8,48
27900,8278,1,48
27900,8279,5,48
27900,8280,6,48
27900,8281,9,48
27900,8282,10,48
27900,8283,11,48
27900,8284,13,48
27912,8285,2,48
27912,8286,7,48
27925,8287,1,48
27929,8288,8,48
27933,8289,5,48
27933,8290,9,48
27950,8291,1,48
27950,8292,2,48
27950,8293,6,48
27950,8294,7,48
27950,8295,10,48
27950,8296,11,48
27950,8297,12,48
27950,8298,13,48
27950,8299,14,48
27967,8300,5,48
27967,8301,9,48
27971,8302,8,48
27975,8303,1,48
27988,8304,2,48
27988,8305,7,48
28000,8306,1,48
28000,8307,5,48
28000,8308,6,48
28000,8309,9,48
28000,8310,10,48
28000,8311,11,48
28000,8312,13,48
28014,8313,8,48
28025,8314,1,48
28025,8315,2,48
28025,8316,7,48
28025,8317,12,48
28025,8318,14,48
28033,8319,5,48
28033,8320,9,48
28050,8321,1,48
28050,8322,6,48
28050,8323,10,48
28050,8324,11,48
28050,8325,13,48
28057,8326,8,48
28062,8327,2,48
28062,8328,7,48
28067,8329,5,48
28067,8330,9,48
28075,8331,1,48
28100,8332,1,48
28100,8333,2,48
28100,8334,5,48
28100,8335,6,48
28100,8336,7,48
28100,8337,8,48
28100,8338,9,48
28100,8339,10,48
28100,8340,11,48
28100,8341,12,48
28100,8342,13,48
28100,8343,14,48
28125,8344,1,48
28133,8345,5,48
28133,8346,9,48
28138,8347,2,48
28138,8348,7,48
28143,8349,8,48
28150,8350,1,48
28150,8351,6,48
28150,8352,10,48
28150,8353,11,48
28150,8354,13,48
28167,8355,5,48
28167,8356,9,48
28175,8357,1,48
28175,8358,2,48
28175,8359,7,48
28175,8360,12,48
28175,8361,14,48
28186,8362,8,48
28200,8363,1,48
28200,8364,5,48
28200,8365,6,48
28200,8366,9,48
28200,8367,10,48
28200,8368,11,48
28200,8369,13,48
28212,8370,2,48
28212,8371,7,48
28225,8372,1,48
28229,8373,8,48
28233,8374,5,48
28233,8375,9,48
28250,8376,1,48
28250,8377,2,48
28250,8378,6,48
28250,8379,7,48
28250,8380,10,48
28250,8381,11,48
28250,8382,12,48
28250,8383,13,48
28250,8384,14,48
28267,8385,5,48
28267,8386,9,48
28271,8387,8,48
28275,8388,1,48
28288,8389,2,48
28288,8390,7,48
28300,8391,1,48
28300,8392,5,48
28300,8393,6,48
28300,8394,9,48
28300,8395,10,48
28300,8396,11,48
28300,8397,13,48
28314,8398,8,48
28325,8399,1,48
28325,8400,2,48
28325,8401,7,48
28325,8402,12,48
28325,8403,14,48
28333,8404,5,48
28333,8405,9,48
28350,8406,1,48
28350,8407,6,48
28350,8408,10,48
28350,8409,11,48
28350,8410,13,48
28357,8411,8,48
28362,8412,2,48
28362,8413,7,48
28367,8414,5,48
28367,8415,9,48
28375,8416,1,48
28400,8417,1,48
28400,8418,2,48
28400,8419,5,48
28400,8420,6,48
28400,8421,7,48
28400,8422,8,48
28400,8423,9,48
28400,8424,10,48
28400,8425,11,48
28400,8426,12,48
28400,8427,13,48
28400,8428,14,48
28425,8429,1,48
28433,8430,5,48
28433,8431,9,48
28438,8432,2,48
28438,8433,7,48
28443,8434,8,48
28450,8435,1,48
28450,8436,6,48
28450,8437,10,48
28450,8438,11,48
28450,8439,13,48
28467,8440,5,48
28467,8441,9,48
28475,8442,1,48
28475,8443,2,48
28475,8444,7,48
28475,8445,12,48
28475,8446,14,48
28486,8447,8,48
28500,8448,1,48
28500,8449,5,48
28500,8450,6,48
28500,8451,9,48
28500,8452,10,48
28500,8453,11,48
28500,8454,13,48
28512,8455,2,48
28512,8456,7,48
28525,8457,1,48
28529,8458,8,48
28533,8459,5,48
28533,8460,9,48
28550,8461,1,48
28550,8462,2,48
28550,8463,6,48
28550,8464,7,48
28550,8465,10,48
28550,8466,11,48
28550,8467,12,48
28550,8468,13,48
28550,8469,14,48
28567,8470,5,48
28567,8471,9,48
28571,8472,8,48
28575,8473,1,48
28588,8474,2,48
28588,8475,7,48
28600,8476,1,48
28600,8477,5,48
28600,8478,6,48
28600,8479,9,48
28600,8480,10,48
28600,8481,11,48
28600,8482,13,48
28614,8483,8,48
28625,8484,1,48
28625,8485,2,48
28625,8486,7,48
28625,8487,12,48
28625,8488,14,48
28633,8489,5,48
28633,8490,9,48
28650,8491,1,48
28650,8492,6,48
28650,8493,10,48
28650,8494,11,48
28650,8495,13,48
28657,8496,8,48
28662,8497,2,48
28662,8498,7,48
28667,8499,5,48
28667,8500,9,48
28675,8501,1,48
28700,8502,1,48
28700,8503,2,48
28700,8504,5,48
28700,8505,6,48
28700,8506,7,48
28700,8507,8,48
28700,8508,9,48
28700,8509,10,48
28700,8510,11,48
28700,8511,12,48
28700,8512,13,48
28700,8513,14,48
28725,8514,1,48
28733,8515,5,48
28733,8516,9,48
28738,8517,2,48
28738,8518,7,48
28743,8519,8,48
28750,8520,1,48
28750,8521,6,48
28750,8522,10,48
28750,8523,11,48
28750,8524,13,48
28767,8525,5,48
28767,8526,9,48
28775,8527,1,48
28775,8528,2,48
28775,8529,7,48
28775,8530,12,48
28775,8531,14,48
28786,8532,8,48
28800,8533,1,48
28800,8534,5,48
28800,8535,6,48
28800,8536,9,48
28800,8537,10,48
28800,8538,11,48
28800,8539,13,48
28812,8540,2,48
28812,8541,7,48
28825,8542,1,48
28829,8543,8,48
28833,8544,5,48
28833,8545,9,48
28850,8546,1,48
28850,8547,2,48
28850,8548,6,48
28850,8549,7,48
28850,8550,10,48
28850,8551,11,48
28850,8552,12,48
28850,8553,13,48
28850,8554,14,48
28867,8555,5,48
28867,8556,9,48
28871,8557,8,48
28875,8558,1,48
28888,8559,2,48
28888,8560,7,48
28900,8561,1,48
28900,8562,5,48
28900,8563,6,48
28900,8564,9,48
28900,8565,10,48
28900,8566,11,48
28900,8567,13,48
28914,8568,8,48
28925,8569,1,48
28925,8570,2,48
28925,8571,7,48
28925,8572,12,48
28925,8573,14,48
28933,8574,5,48
28933,8575,9,48
28950,8576,1,48
28950,8577,6,48
28950,8578,10,48
28950,8579,11,48
28950,8580,13,48
28957,8581,8,48
28962,8582,2,48
28962,8583,7,48
28967,8584,5,48
28967,8585,9,48
28975,8586,1,48
29000,8587,1,48
29000,8588,2,48
29000,8589,5,48
29000,8590,6,48
29000,8591,7,48
29000,8592,8,48
29000,8593,9,48
29000,8594,10,48
29000,8595,11,48
29000,8596,12,48
29000,8597,13,48
29000,8598,14,48
29025,8599,1,48
29033,8600,5,48
29033,8601,9,48
29038,8602,2,48
29038,8603,7,48
29043,8604,8,48
29050,8605,1,48
29050,8606,6,48
29050,8607,10,48
29050,8608,11,48
29050,8609,13,48
29067,8610,5,48
29067,8611,9,48
29075,8612,1,48
29075,8613,2,48
29075,8614,7,48
29075,8615,12,48
29075,8616,14,48
29086,8617,8,48
29100,8618,1,48
29100,8619,5,48
29100,8620,6,48
29100,8621,9,48
29100,8622,10,48
29100,8623,11,48
29100,8624,13,48
29112,8625,2,48
29112,8626,7,48
29125,8627,1,48
29129,8628,8,48
29133,8629,5,48
29133,8630,9,48
29150,8631,1,48
29150,8632,2,48
29150,8633,6,48
29150,8634,7,48
29150,8635,10,48
29150,8636,11,48
29150,8637,12,48
29150,8638,13,48
29150,8639,14,48
29167,8640,5,48
29167,8641,9,48
29171,8642,8,48
29175,8643,1,48
29188,8644,2,48
29188,8645,7,48
29200,8646,1,48
29200,8647,5,48
29200,8648,6,48
29200,8649,9,48
29200,8650,10,48
29200,8651,11,48
29200,8652,13,48
29214,8653,8,48
29225,8654,1,48
29225,8655,2,48
29225,8656,7,48
29225,8657,12,48
29225,8658,14,48
29233,8659,5,48
29233,8660,9,48
29250,8661,1,48
29250,8662,6,48
29250,8663,10,48
29250,8664,11,48
29250,8665,13,48
29257,8666,8,48
29262,8667,2,48
29262,8668,7,48
29267,8669,5,48
29267,8670,9,48
29275,8671,1,48
29300,8672,1,48
29300,8673,2,48
29300,8674,5,48
29300,8675,6,48
29300,8676,7,48
29300,8677,8,48
29300,8678,9,48
29300,8679,10,48
29300,8680,11,48
29300,8681,12,48
29300,8682,13,48
29300,8683,14,48
29325,8684,1,48
29333,8685,5,48
29333,8686,9,48
29338,8687,2,48
29338,8688,7,48
29343,8689,8,48
29350,8690,1,48
29350,8691,6,48
29350,8692,10,48
29350,8693,11,48
29350,8694,13,48
29367,8695,5,48
29367,8696,9,48
29375,8697,1,48
29375,8698,2,48
29375,8699,7,48
29375,8700,12,48
29375,8701,14,48
29386,8702,8,48
29400,8703,1,48
29400,8704,5,48
29400,8705,6,48
29400,8706,9,48
29400,8707,10,48
29400,8708,11,48
29400,8709,13,48
29412,8710,2,48
29412,8711,7,48
29425,8712,1,48
29429,8713,8,48
29433,8714,5,48
29433,8715,9,48
29450,8716,1,48
29450,8717,2,48
29450,8718,6,48
29450,8719,7,48
29450,8720,10,48
29450,8721,11,48
29450,8722,12,48
29450,8723,13,48
29450,8724,14,48
29467,8725,5,48
29467,8726,9,48
29471,8727,8,48
29475,8728,1,48
29488,8729,2,48
29488,8730,7,48
29500,8731,1,48
29500,8732,5,48
29500,8733,6,48
29500,8734,9,48
29500,8735,10,48
29500,8736,11,48
29500,8737,13,48
29514,8738,8,48
29525,8739,1,48
29525,8740,2,48
29525,8741,7,48
29525,8742,12,48
29525,8743,14,48
29533,8744,5,48
29533,8745,9,48
29550,8746,1,48
29550,8747,6,48
29550,8748,10,48
29550,8749,11,48
29550,8750,13,48
29557,8751,8,48
29562,8752,2,48
29562,8753,7,48
29567,8754,5,48
29567,8755,9,48
29575,8756,1,48
29600,8757,1,48
29600,8758,2,48
29600,8759,5,48
29600,8760,6,48
29600,8761,7,48
29600,8762,8,48
29600,8763,9,48
29600,8764,10,48
29600,8765,11,48
29600,8766,12,48
29600,8767,13,48
29600,8768,14,48
29625,8769,1,48
29633,8770,5,48
29633,8771,9,48
29638,8772,2,48
29638,8773,7,48
29643,8774,8,48
29650,8775,1,48
29650,8776,6,48
29650,8777,10,48
29650,8778,11,48
29650,8779,13,48
29667,8780,5,48
29667,8781,9,48
29675,8782,1,48
29675,8783,2,48
29675,8784,7,48
29675,8785,12,48
29675,8786,14,48
29686,8787,8,48
29700,8788,1,48
29700,8789,5,48
29700,8790,6,48
29700,8791,9,48
29700,8792,10,48
29700,8793,11,48
29700,8794,13,48
29712,8795,2,48
29712,8796,7,48
29725,8797,1,48
29729,8798,8,48
29733,8799,5,48
29733,8800,9,48
29750,8801,1,48
29750,8802,2,48
29750,8803,6,48
29750,8804,7,48
29750,8805,10,48
29750,8806,11,48
29750,8807,12,48
29750,8808,13,48
29750,8809,14,48
29767,8810,5,48
29767,8811,9,48
29771,8812,8,48
29775,8813,1,48
29788,8814,2,48
29788,8815,7,48
29800,8816,1,48
29800,8817,5,48
29800,8818,6,48
29800,8819,9,48
29800,8820,10,48
29800,8821,11,48
29800,8822,13,48
29814,8823,8,48
29825,8824,1,48
29825,8825,2,48
29825,8826,7,48
29825,8827,12,48
29825,8828,14,48
29833,8829,5,48
29833,8830,9,48
29850,8831,1,48
29850,8832,6,48
29850,8833,10,48
29850,8834,11,48
29850,8835,13,48
29857,8836,8,48
29862,8837,2,48
29862,8838,7,48
29867,8839,5,48
29867,8840,9,48
29875,8841,1,48
29900,8842,1,48
29900,8843,2,48
29900,8844,5,48
29900,8845,6,48
29900,8846,7,48
29900,8847,8,48
29900,8848,9,48
29900,8849,10,48
29900,8850,11,48
29900,8851,12,48
29900,8852,13,48
29900,8853,14,48
29925,8854,1,48
29933,8855,5,48
29933,8856,9,48
29938,8857,2,48
29938,8858,7,48
29943,8859,8,48
29950,8860,1,48
29950,8861,6,48
29950,8862,10,48
29950,8863,11,48
29950,8864,13,48
29967,8865,5,48
29967,8866,9,48
29975,8867,1,48
29975,8868,2,48
29975,8869,7,48
29975,8870,12,48
29975,8871,14,48
29986,8872,8,48
30000,8873,1,48
30000,8874,5,48
30000,8875,6,48
30000,8876,9,48
30000,8877,10,48
30000,8878,11,48
30000,8879,13,48
30012,8880,2,48
30012,8881,7,48
30025,8882,1,48
30029,8883,8,48
30033,8884,5,48
30033,8885,9,48
30050,8886,1,48
30050,8887,2,48
30050,8888,6,48
30050,8889,7,48
30050,8890,10,48
30050,8891,11,48
30050,8892,12,48
30050,8893,13,48
30050,8894,14,48
30067,8895,5,48
30067,8896,9,48
30071,8897,8,48
30075,8898,1,48
30088,8899,2,48
30088,8900,7,48
30100,8901,1,48
30100,8902,5,48
30100,8903,6,48
30100,8904,9,48
30100,8905,10,48
30100,8906,11,48
30100,8907,13,48
30114,8908,8,48
30125,8909,1,48
30125,8910,2,48
30125,8911,7,48
30125,8912,12,48
30125,8913,14,48
30133,8914,5,48
30133,8915,9,48
30150,8916,1,48
30150,8917,6,48
30150,8918,10,48
30150,8919,11,48
30150,8920,13,48
30157,8921,8,48
30162,8922,2,48
30162,8923,7,48
30167,8924,5,48
30167,8925,9,48
30175,8926,1,48
30200,8927,1,48
30200,8928,2,48
30200,8929,5,48
30200,8930,6,48
30200,8931,7,48
30200,8932,8,48
30200,8933,9,48
30200,8934,10,48
30200,8935,11,48
30200,8936,12,48
30200,8937,13,48
30200,8938,14,48
30225,8939,1,48
30233,8940,5,48
30233,8941,9,48
30238,8942,2,48
30238,8943,7,48
30243,8944,8,48
30250,8945,1,48
30250,8946,6,48
30250,8947,10,48
30250,8948,11,48
30250,8949,13,48
30267,8950,5,48
30267,8951,9,48
30275,8952,1,48
30275,8953,2,48
30275,8954,7,48
30275,8955,12,48
30275,8956,14,48
30286,8957,8,48
30300,8958,1,48
30300,8959,5,48
30300,8960,6,48
30300,8961,9,48
30300,8962,10,48
30300,8963,11,48
30300,8964,13,48
30312,8965,2,48
30312,8966,7,48
30325,8967,1,48
30329,8968,8,48
30333,8969,5,48
30333,8970,9,48
30350,8971,1,48
30350,8972,2,48
30350,8973,6,48
30350,8974,7,48
30350,8975,10,48
30350,8976,11,48
30350,8977,12,48
30350,8978,13,48
30350,8979,14,48
30367,8980,5,48
30367,8981,9,48
30371,8982,8,48
30375,8983,1,48
30388,8984,2,48
30388,8985,7,48
30400,8986,1,48
30400,8987,5,48
30400,8988,6,48
30400,8989,9,48
30400,8990,10,48
30400,8991,11,48
30400,8992,13,48
30414,8993,8,48
30425,8994,1,48
30425,8995,2,48
30425,8996,7,48
30425,8997,12,48
30425,8998,14,48
30433,8999,5,48
30433,9000,9,48
30450,9001,1,48
30450,9002,6,48
30450,9003,10,48
30450,9004,11,48
30450,9005,13,48
30457,9006,8,48
30462,9007,2,48
30462,9008,7,48
30467,9009,5,48
30467,9010,9,48
30475,9011,1,48
30500,9012,1,48
30500,9013,2,48
30500,9014,5,48
30500,9015,6,48
30500,9016,7,48
30500,9017,8,48
30500,9018,9,48
30500,9019,10,48
30500,9020,11,48
30500,9021,12,48
30500,9022,13,48
30500,9023,14,48
30525,9024,1,48
30533,9025,5,48
30533,9026,9,48
30538,9027,2,48
30538,9028,7,48
30543,9029,8,48
30550,9030,1,48
30550,9031,6,48
30550,9032,10,48
30550,9033,11,48
30550,9034,13,48
30567,9035,5,48
30567,9036,9,48
30575,9037,1,48
30575,9038,2,48
30575,9039,7,48
30575,9040,12,48
30575,9041,14,48
30586,9042,8,48
30600,9043,1,48
30600,9044,5,48
30600,9045,6,48
30600,9046,9,48
30600,9047,10,48
30600,9048,11,48
30600,9049,13,48
30612,9050,2,48
30612,9051,7,48
30625,9052,1,48
30629,9053,8,48
30633,9054,5,48
30633,9055,9,48
30650,9056,1,48
30650,9057,2,48
30650,9058,6,48
30650,9059,7,48
30650,9060,10,48
30650,9061,11,48
30650,9062,12,48
30650,9063,13,48
30650,9064,14,48
30667,9065,5,48
30667,9066,9,48
30671,9067,8,48
30675,9068,1,48
30688,9069,2,48
30688,9070,7,48
30700,9071,1,48
30700,9072,5,48
30700,9073,6,48
30700,9074,9,48
30700,9075,10,48
30700,9076,11,48
30700,9077,13,48
30714,9078,8,48
30725,9079,1,48
30725,9080,2,48
30725,9081,7,48
30725,9082,12,48
30725,9083,14,48
30733,9084,5,48
30733,9085,9,48
30750,9086,1,48
30750,9087,6,48
30750,9088,10,48
30750,9089,11,48
30750,9090,13,48
30757,9091,8,48
30762,9092,2,48
30762,9093,7,48
30767,9094,5,48
30767,9095,9,48
30775,9096,1,48
30800,9097,1,48
30800,9098,2,48
30800,9099,5,48
30800,9100,6,48
30800,9101,7,48
30800,9102,8,48
30800,9103,9,48
30800,9104,10,48
30800,9105,11,48
30800,9106,12,48
30800,9107,13,48
30800,9108,14,48
30825,9109,1,48
30833,9110,5,48
30833,9111,9,48
30838,9112,2,48
30838,9113,7,48
30843,9114,8,48
30850,9115,1,48
30850,9116,6,48
30850,9117,10,48
30850,9118,11,48
30850,9119,13,48
30867,9120,5,48
30867,9121,9,48
30875,9122,1,48
30875,9123,2,48
30875,9124,7,48
30875,9125,12,48
30875,9126,14,48
30886,9127,8,48
30900,9128,1,48
30900,9129,5,48
30900,9130,6,48
30900,9131,9,48
30900,9132,10,48
30900,9133,11,48
30900,9134,13,48
30912,9135,2,48
30912,9136,7,48
30925,9137,1,48
30929,9138,8,48
30933,9139,5,48
30933,9140,9,48
30950,9141,1,48
30950,9142,2,48
30950,9143,6,48
30950,9144,7,48
30950,9145,10,48
30950,9146,11,48
30950,9147,12,48
30950,9148,13,48
30950,9149,14,48
30967,9150,5,48
30967,9151,9,48
30971,9152,8,48
30975,9153,1,48
30988,9154,2,48
30988,9155,7,48
31000,9156,1,48
31000,9157,5,48
31000,9158,6,48
31000,9159,9,48
31000,9160,10,48
31000,9161,11,48
31000,9162,13,48
31014,9163,8,48
31025,9164,1,48
31025,9165,2,48
31025,9166,7,48
31025,9167,12,48
31025,9168,14,48
31033,9169,5,48
31033,9170,9,48
31050,9171,1,48
31050,9172,6,48
31050,9173,10,48
31050,9174,11,48
31050,9175,13,48
31057,9176,8,48
31062,9177,2,48
31062,9178,7,48
31067,9179,5,48
31067,9180,9,48
31075,9181,1,48
31100,9182,1,48
31100,9183,2,48
31100,9184,5,48
31100,9185,6,48
31100,9186,7,48
31100,9187,8,48
31100,9188,9,48
31100,9189,10,48
31100,9190,11,48
31100,9191,12,48
31100,9192,13,48
31100,9193,14,48
31125,9194,1,48
31133,9195,5,48
31133,9196,9,48
31138,9197,2,48
31138,9198,7,48
31143,9199,8,48
31150,9200,1,48
31150,9201,6,48
31150,9202,10,48
31150,9203,11,48
31150,9204,13,48
31167,9205,5,48
31167,9206,9,48
31175,9207,1,48
31175,9208,2,48
31175,9209,7,48
31175,9210,12,48
31175,9211,14,48
31186,9212,8,48
31200,9213,1,48
31200,9214,5,48
31200,9215,6,48
31200,9216,9,48
31200,9217,10,48
31200,9218,11,48
31200,9219,13,48
31212,9220,2,48
31212,9221,7,48
31225,9222,1,48
31229,9223,8,48
31233,9224,5,48
31233,9225,9,48
31250,9226,1,48
31250,9227,2,48
31250,9228,6,48
31250,9229,7,48
31250,9230,10,48
31250,9231,11,48
31250,9232,12,48
31250,9233,13,48
31250,9234,14,48
31267,9235,5,48
31267,9236,9,48
31271,9237,8,48
31275,9238,1,48
31288,9239,2,48
31288,9240,7,48
31300,9241,1,48
31300,9242,5,48
31300,9243,6,48
31300,9244,9,48
31300,9245,10,48
31300,9246,11,48
31300,9247,13,48
31314,9248,8,48
31325,9249,1,48
31325,9250,2,48
31325,9251,7,48
31325,9252,12,48
31325,9253,14,48
31333,9254,5,48
31333,9255,9,48
31350,9256,1,48
31350,9257,6,48
31350,9258,10,48
31350,9259,11,48
31350,9260,13,48
31357,9261,8,48
31362,9262,2,48
31362,9263,7,48
31367,9264,5,48
31367,9265,9,48
31375,9266,1,48
31400,9267,1,48
31400,9268,2,48
31400,9269,5,48
31400,9270,6,48
31400,9271,7,48
31400,9272,8,48
31400,9273,9,48
31400,9274,10,48
31400,9275,11,48
31400,9276,12,48
31400,9277,13,48
31400,9278,14,48
31425,9279,1,48
31433,9280,5,48
31433,9281,9,48
31438,9282,2,48
31438,9283,7,48
31443,9284,8,48
31450,9285,1,48
31450,9286,6,48
31450,9287,10,48
31450,9288,11,48
31450,9289,13,48
31467,9290,5,48
31467,9291,9,48
31475,9292,1,48
31475,9293,2,48
31475,9294,7,48
31475,9295,12,48
31475,9296,14,48
31486,9297,8,48
31500,9298,1,48
31500,9299,5,48
31500,9300,6,48
31500,9301,9,48
31500,9302,10,48
31500,9303,11,48
31500,9304,13,48
31512,9305,2,48
31512,9306,7,48
31525,9307,1,48
31529,9308,8,48
31533,9309,5,48
31533,9310,9,48
31550,9311,1,48
31550,9312,2,48
31550,9313,6,48
31550,9314,7,48
31550,9315,10,48
31550,9316,11,48
31550,9317,12,48
31550,9318,13,48
31550,9319,14,48
31567,9320,5,48
31567,9321,9,48
31571,9322,8,48
31575,9323,1,48
31588,9324,2,48
31588,9325,7,48
31600,9326,1,48
31600,9327,5,48
31600,9328,6,48
31600,9329,9,48
31600,9330,10,48
31600,9331,11,48
31600,9332,13,48
31614,9333,8,48
31625,9334,1,48
31625,9335,2,48
31625,9336,7,48
31625,9337,12,48
31625,9338,14,48
31633,9339,5,48
31633,9340,9,48
31650,9341,1,48
31650,9342,6,48
31650,9343,10,48
31650,9344,11,48
31650,9345,13,48
31657,9346,8,48
31662,9347,2,48
31662,9348,7,48
31667,9349,5,48
31667,9350,9,48
31675,9351,1,48
31700,9352,1,48
31700,9353,2,48
31700,9354,5,48
31700,9355,6,48
31700,9356,7,48
31700,9357,8,48
31700,9358,9,48
31700,9359,10,48
31700,9360,11,48
31700,9361,12,48
31700,9362,13,48
31700,9363,14,48
31725,9364,1,48
31733,9365,5,48
31733,9366,9,48
31738,9367,2,48
31738,9368,7,48
31743,9369,8,48
31750,9370,1,48
31750,9371,6,48
31750,9372,10,48
31750,9373,11,48
31750,9374,13,48
31767,9375,5,48
31767,9376,9,48
31775,9377,1,48
31775,9378,2,48
31775,9379,7,48
31775,9380,12,48
31775,9381,14,48
31786,9382,8,48
31800,9383,1,48
31800,9384,5,48
31800,9385,6,48
31800,9386,9,48
31800,9387,10,48
31800,9388,11,48
31800,9389,13,48
31812,9390,2,48
31812,9391,7,48
31825,9392,1,48
31829,9393,8,48
31833,9394,5,48
31833,9395,9,48
31850,9396,1,48
31850,9397,2,48
31850,9398,6,48
31850,9399,7,48
31850,9400,10,48
31850,9401,11,48
31850,9402,12,48
31850,9403,13,48
31850,9404,14,48
31867,9405,5,48
31867,9406,9,48
31871,9407,8,48
31875,9408,1,48
31888,9409,2,48
31888,9410,7,48
31900,9411,1,48
31900,9412,5,48
31900,9413,6,48
31900,9414,9,48
31900,9415,10,48
31900,9416,11,48
31900,9417,13,48
31914,9418,8,48
31925,9419,1,48
31925,9420,2,48
31925,9421,7,48
31925,9422,12,48
31925,9423,14,48
31933,9424,5,48
31933,9425,9,48
31950,9426,1,48
31950,9427,6,48
31950,9428,10,48
31950,9429,11,48
31950,9430,13,48
31957,9431,8,48
31962,9432,2,48
31962,9433,7,48
31967,9434,5,48
31967,9435,9,48
31975,9436,1,48
32000,9437,1,48
32000,9438,2,48
32000,9439,5,48
32000,9440,6,48
32000,9441,7,48
32000,9442,8,48
32000,9443,9,48
32000,9444,10,48
32000,9445,11,48
32000,9446,12,48
32000,9447,13,48
32000,9448,14,48
32025,9449,1,48
32033,9450,5,48
32033,9451,9,48
32038,9452,2,48
32038,9453,7,48
32043,9454,8,48
32050,9455,1,48
32050,9456,6,48
32050,9457,10,48
32050,9458,11,48
32050,9459,13,48
32067,9460,5,48
32067,9461,9,48
32075,9462,1,48
32075,9463,2,48
32075,9464,7,48
32075,9465,12,48
32075,9466,14,48
32086,9467,8,48
32100,9468,1,48
32100,9469,5,48
32100,9470,6,48
32100,9471,9,48
32100,9472,10,48
32100,9473,11,48
32100,9474,13,48
32112,9475,2,48
32112,9476,7,48
32125,9477,1,48
32129,9478,8,48
32133,9479,5,48
32133,9480,9,48
32150,9481,1,48
32150,9482,2,48
32150,9483,6,48
32150,9484,7,48
32150,9485,10,48
32150,9486,11,48
32150,9487,12,48
32150,9488,13,48
32150,9489,14,48
32167,9490,5,48
32167,9491,9,48
32171,9492,8,48
32175,9493,1,48
32188,9494,2,48
32188,9495,7,48
32200,9496,1,48
32200,9497,5,48
32200,9498,6,48
32200,9499,9,48
32200,9500,10,48
32200,9501,11,48
32200,9502,13,48
32214,9503,8,48
32225,9504,1,48
32225,9505,2,48
32225,9506,7,48
32225,9507,12,48
32225,9508,14,48
32233,9509,5,48
32233,9510,9,48
32250,9511,1,48
32250,9512,6,48
32250,9513,10,48
32250,9514,11,48
32250,9515,13,48
32257,9516,8,48
32262,9517,2,48
32262,9518,7,48
32267,9519,5,48
32267,9520,9,48
32275,9521,1,48
32300,9522,1,48
32300,9523,2,48
32300,9524,5,48
32300,9525,6,48
32300,9526,7,48
32300,9527,8,48
32300,9528,9,48
32300,9529,10,48
32300,9530,11,48
32300,9531,12,48
32300,9532,13,48
32300,9533,14,48
32325,9534,1,48
32333,9535,5,48
32333,9536,9,48
32338,9537,2,48
32338,9538,7,48
32343,9539,8,48
32350,9540,1,48
32350,9541,6,48
32350,9542,10,48
32350,9543,11,48
32350,9544,13,48
32367,9545,5,48
32367,9546,9,48
32375,9547,1,48
32375,9548,2,48
32375,9549,7,48
32375,9550,12,48
32375,9551,14,48
32386,9552,8,48
32400,9553,1,48
32400,9554,5,48
32400,9555,6,48
32400,9556,9,48
32400,9557,10,48
32400,9558,11,48
32400,9559,13,48
32412,9560,2,48
32412,9561,7,48
32425,9562,1,48
32429,9563,8,48
32433,9564,5,48
32433,9565,9,48
32450,9566,1,48
32450,9567,2,48
32450,9568,6,48
32450,9569,7,48
32450,9570,10,48
32450,9571,11,48
32450,9572,12,48
32450,9573,13,48
32450,9574,14,48
32467,9575,5,48
32467,9576,9,48
32471,9577,8,48
32475,9578,1,48
32488,9579,2,48
32488,9580,7,48
32500,9581,1,48
32500,9582,5,48
32500,9583,6,48
32500,9584,9,48
32500,9585,10,48
32500,9586,11,48
32500,9587,13,48
32514,9588,8,48
32525,9589,1,48
32525,9590,2,48
32525,9591,7,48
32525,9592,12,48
32525,9593,14,48
32533,9594,5,48
32533,9595,9,48
32550,9596,1,48
32550,9597,6,48
32550,9598,10,48
32550,9599,11,48
32550,9600,13,48
32557,9601,8,48
32562,9602,2,48
32562,9603,7,48
32567,9604,5,48
32567,9605,9,48
32575,9606,1,48
32600,9607,1,48
32600,9608,2,48
32600,9609,5,48
32600,9610,6,48
32600,9611,7,48
32600,9612,8,48
32600,9613,9,48
32600,9614,10,48
32600,9615,11,48
32600,9616,12,48
32600,9617,13,48
32600,9618,14,48
32625,9619,1,48
32633,9620,5,48
32633,9621,9,48
32638,9622,2,48
32638,9623,7,48
32643,9624,8,48
32650,9625,1,48
32650,9626,6,48
32650,9627,10,48
32650,9628,11,48
32650,9629,13,48
32667,9630,5,48
32667,9631,9,48
32675,9632,1,48
32675,9633,2,48
32675,9634,7,48
32675,9635,12,48
32675,9636,14,48
32686,9637,8,48
32700,9638,1,48
32700,9639,5,48
32700,9640,6,48
32700,9641,9,48
32700,9642,10,48
32700,9643,11,48
32700,9644,13,48
32712,9645,2,48
32712,9646,7,48
32725,9647,1,48
32729,9648,8,48
32733,9649,5,48
32733,9650,9,48
32750,9651,1,48
32750,9652,2,48
32750,9653,6,48
32750,9654,7,48
32750,9655,10,48
32750,9656,11,48
32750,9657,12,48
32750,9658,13,48
32750,9659,14,48
32767,9660,5,48
32767,9661,9,48
32771,9662,8,48
32775,9663,1,48
32788,9664,2,48
32788,9665,7,48
32800,9666,1,48
32800,9667,5,48
32800,9668,6,48
32800,9669,9,48
32800,9670,10,48
32800,9671,11,48
32800,9672,13,48
32814,9673,8,48
32825,9674,1,48
32825,9675,2,48
32825,9676,7,48
32825,9677,12,48
32825,9678,14,48
32833,9679,5,48
32833,9680,9,48
32850,9681,1,48
32850,9682,6,48
32850,9683,10,48
32850,9684,11,48
32850,9685,13,48
32857,9686,8,48
32862,9687,2,48
32862,9688,7,48
32867,9689,5,48
32867,9690,9,48
32875,9691,1,48
32900,9692,1,48
32900,9693,2,48
32900,9694,5,48
32900,9695,6,48
32900,9696,7,48
32900,9697,8,48
32900,9698,9,48
32900,9699,10,48
32900,9700,11,48
32900,9701,12,48
32900,9702,13,48
32900,9703,14,48
32925,9704,1,48
32933,9705,5,48
32933,9706,9,48
32938,9707,2,48
32938,9708,7,48
32943,9709,8,48
32950,9710,1,48
32950,9711,6,48
32950,9712,10,48
32950,9713,11,48
32950,9714,13,48
32967,9715,5,48
32967,9716,9,48
32975,9717,1,48
32975,9718,2,48
32975,9719,7,48
32975,9720,12,48
32975,9721,14,48
32986,9722,8,48
33000,9723,1,48
33000,9724,5,48
33000,9725,6,48
33000,9726,9,48
33000,9727,10,48
33000,9728,11,48
33000,9729,13,48
33012,9730,2,48
33012,9731,7,48
33025,9732,1,48
33029,9733,8,48
33033,9734,5,48
33033,9735,9,48
33050,9736,1,48
33050,9737,2,48
33050,9738,6,48
33050,9739,7,48
33050,9740,10,48
33050,9741,11,48
33050,9742,12,48
33050,9743,13,48
33050,9744,14,48
33067,9745,5,48
33067,9746,9,48
33071,9747,8,48
33075,9748,1,48
33088,9749,2,48
33088,9750,7,48
33100,9751,1,48
33100,9752,5,48
33100,9753,6,48
33100,9754,9,48
33100,9755,10,48
33100,9756,11,48
33100,9757,13,48
33114,9758,8,48
33125,9759,1,48
33125,9760,2,48
33125,9761,7,48
33125,9762,12,48
33125,9763,14,48
33133,9764,5,48
33133,9765,9,48
33150,9766,1,48
33150,9767,6,48
33150,9768,10,48
33150,9769,11,48
33150,9770,13,48
33157,9771,8,48
33162,9772,2,48
33162,9773,7,48
33167,9774,5,48
33167,9775,9,48
33175,9776,1,48
33200,9777,1,48
33200,9778,2,48
33200,9779,5,48
33200,9780,6,48
33200,9781,7,48
33200,9782,8,48
33200,9783,9,48
33200,9784,10,48
33200,9785,11,48
33200,9786,12,48
33200,9787,13,48
33200,9788,14,48
33225,9789,1,48
33233,9790,5,48
33233,9791,9,48
33238,9792,2,48
33238,9793,7,48
33243,9794,8,48
33250,9795,1,48
33250,9796,6,48
33250,9797,10,48
33250,9798,11,48
33250,9799,13,48
33267,9800,5,48
33267,9801,9,48
33275,9802,1,48
33275,9803,2,48
33275,9804,7,48
33275,9805,12,48
33275,9806,14,48
33286,9807,8,48
33300,9808,1,48
33300,9809,5,48
33300,9810,6,48
33300,9811,9,48
33300,9812,10,48
33300,9813,11,48
33300,9814,13,48
33312,9815,2,48
33312,9816,7,48
33325,9817,1,48
33329,9818,8,48
33333,9819,5,48
33333,9820,9,48
33350,9821,1,48
33350,9822,2,48
33350,9823,6,48
33350,9824,7,48
33350,9825,10,48
33350,9826,11,48
33350,9827,12,48
33350,9828,13,48
33350,9829,14,48
33367,9830,5,48
33367,9831,9,48
33371,9832,8,48
33375,9833,1,48
33388,9834,2,48
33388,9835,7,48
33400,9836,1,48
33400,9837,5,48
33400,9838,6,48
33400,9839,9,48
33400,9840,10,48
33400,9841,11,48
33400,9842,13,48
33414,9843,8,48
33425,9844,1,48
33425,9845,2,48
33425,9846,7,48
33425,9847,12,48
33425,9848,14,48
33433,9849,5,48
33433,9850,9,48
33450,9851,1,48
33450,9852,6,48
33450,9853,10,48
33450,9854,11,48
33450,9855,13,48
33457,9856,8,48
33462,9857,2,48
33462,9858,7,48
33467,9859,5,48
33467,9860,9,48
33475,9861,1,48
33500,9862,1,48
33500,9863,2,48
33500,9864,5,48
33500,9865,6,48
33500,9866,7,48
33500,9867,8,48
33500,9868,9,48
33500,9869,10,48
33500,9870,11,48
33500,9871,12,48
33500,9872,13,48
33500,9873,14,48
33525,9874,1,48
33533,9875,5,48
33533,9876,9,48
33538,9877,2,48
33538,9878,7,48
33543,9879,8,48
33550,9880,1,48
33550,9881,6,48
33550,9882,10,48
33550,9883,11,48
33550,9884,13,48
33567,9885,5,48
33567,9886,9,48
33575,9887,1,48
33575,9888,2,48
33575,9889,7,48
33575,9890,12,48
33575,9891,14,48
33586,9892,8,48
33600,9893,1,48
33600,9894,5,48
33600,9895,6,48
33600,9896,9,48
33600,9897,10,48
33600,9898,11,48
33600,9899,13,48
33612,9900,2,48
33612,9901,7,48
33625,9902,1,48
33629,9903,8,48
33633,9904,5,48
33633,9905,9,48
33650,9906,1,48
33650,9907,2,48
33650,9908,6,48
33650,9909,7,48
33650,9910,10,48
33650,9911,11,48
33650,9912,12,48
33650,9913,13,48
33650,9914,14,48
33667,9915,5,48
33667,9916,9,48
33671,9917,8,48
33675,9918,1,48
33688,9919,2,48
33688,9920,7,48
33700,9921,1,48
33700,9922,5,48
33700,9923,6,48
33700,9924,9,48
33700,9925,10,48
33700,9926,11,48
33700,9927,13,48
33714,9928,8,48
33725,9929,1,48
33725,9930,2,48
33725,9931,7,48
33725,9932,12,48
33725,9933,14,48
33733,9934,5,48
33733,9935,9,48
33750,9936,1,48
33750,9937,6,48
33750,9938,10,48
33750,9939,11,48
33750,9940,13,48
33757,9941,8,48
33762,9942,2,48
33762,9943,7,48
33767,9944,5,48
33767,9945,9,48
33775,9946,1,48
33800,9947,1,48
33800,9948,2,48
33800,9949,5,48
33800,9950,6,48
33800,9951,7,48
33800,9952,8,48
33800,9953,9,48
33800,9954,10,48
33800,9955,11,48
33800,9956,12,48
33800,9957,13,48
33800,9958,14,48
33825,9959,1,48
33833,9960,5,48
33833,9961,9,48
33838,9962,2,48
33838,9963,7,48
33843,9964,8,48
33850,9965,1,48
33850,9966,6,48
33850,9967,10,48
33850,9968,11,48
33850,9969,13,48
33867,9970,5,48
33867,9971,9,48
33875,9972,1,48
33875,9973,2,48
33875,9974,7,48
33875,9975,12,48
33875,9976,14,48
33886,9977,8,48
33900,9978,1,48
33900,9979,5,48
33900,9980,6,48
33900,9981,9,48
33900,9982,10,48
33900,9983,11,48
33900,9984,13,48
33912,9985,2,48
33912,9986,7,48
33925,9987,1,48
33929,9988,8,48
33933,9989,5,48
33933,9990,9,48
33950,9991,1,48
33950,9992,2,48
33950,9993,6,48
33950,9994,7,48
33950,9995,10,48
33950,9996,11,48
33950,9997,12,48
33950,9998,13,48
33950,9999,14,48
33967,10000,5,48
33967,10001,9,48
33971,10002,8,48
33975,10003,1,48
33988,10004,2,48
33988,10005,7,48
