request_id,global_flow_id,size_bytes,arrival_cycle,admitted_cycle,completed_cycle,admission_delay_cycles,sojourn_cycles
1,1,48,0,1,24,1,24
2,2,48,0,2,27,2,27
5,5,48,0,3,30,3,30
8,8,48,0,6,33,6,33
6,6,48,0,4,36,4,36
14,1,48,20,22,39,2,19
7,7,48,0,5,42,5,42
9,9,48,0,7,45,7,45
18,2,48,30,31,48,1,18
16,5,48,25,27,51,2,26
21,8,48,30,33,54,3,24
25,1,48,40,41,57,1,17
20,7,48,30,32,60,2,30
24,6,48,38,40,63,2,25
10,10,48,0,8,66,8,66
28,5,48,50,52,69,2,19
13,9,48,17,19,72,2,55
17,10,48,25,28,75,3,50
31,1,48,60,61,78,1,18
32,2,48,60,62,81,2,21
36,8,48,60,64,84,4,24
35,7,48,60,63,87,3,27
22,9,48,33,34,90,1,57
40,5,48,75,76,93,1,18
43,1,48,80,81,96,1,16
41,6,48,75,77,99,2,24
30,10,48,50,54,102,4,52
29,9,48,50,53,105,3,55
46,2,48,90,91,108,1,18
49,8,48,90,93,111,3,21
48,7,48,90,92,114,2,24
51,1,48,100,102,117,2,17
52,5,48,100,103,120,3,20
42,10,48,75,78,123,3,48
37,9,48,67,69,126,2,59
57,6,48,112,114,129,2,17
54,10,48,100,105,132,5,32
44,9,48,83,85,135,2,52
59,1,48,120,121,138,1,18
60,2,48,120,122,141,2,21
65,5,48,125,126,144,1,19
64,8,48,120,124,147,4,27
63,7,48,120,123,150,3,30
53,9,48,100,104,153,4,53
66,10,48,125,127,156,2,31
70,1,48,140,142,159,2,19
58,9,48,117,118,162,1,45
68,9,48,133,134,165,1,32
81,1,48,160,161,175,1,15
72,2,48,150,152,178,2,28
74,5,48,150,153,181,3,31
77,8,48,150,156,184,6,34
75,6,48,150,154,187,4,37
76,7,48,150,155,190,5,40
78,9,48,150,157,193,7,43
85,5,48,175,176,196,1,21
87,1,48,180,181,199,1,19
88,2,48,180,182,202,2,22
92,8,48,180,184,205,4,25
91,7,48,180,183,208,3,28
94,6,48,188,190,211,2,23
79,10,48,150,158,214,8,64
97,1,48,200,201,217,1,17
98,5,48,200,202,220,2,20
83,9,48,167,169,223,2,56
102,2,48,210,211,226,1,16
105,8,48,210,213,229,3,19
104,7,48,210,212,232,2,22
86,10,48,175,177,235,2,60
108,1,48,220,222,238,2,18
110,5,48,225,226,241,1,16
111,6,48,225,227,244,2,19
93,9,48,183,185,247,2,64
100,10,48,200,204,250,4,50
99,9,48,200,203,253,3,53
112,10,48,225,228,256,3,31
115,1,48,240,242,259,2,19
116,2,48,240,243,262,3,22
120,8,48,240,245,265,5,25
121,5,48,250,251,268,1,18
119,7,48,240,244,271,4,31
107,9,48,217,219,274,2,57
126,1,48,260,262,277,2,17
127,6,48,262,263,280,1,18
123,10,48,250,253,283,3,33
130,2,48,270,271,286,1,16
133,8,48,270,273,289,3,19
132,7,48,270,272,292,2,22
134,5,48,275,277,295,2,20
137,1,48,280,281,298,1,18
114,9,48,233,234,301,1,68
135,10,48,275,278,304,3,29
122,9,48,250,252,307,2,57
129,9,48,267,269,310,2,43
138,9,48,283,284,313,1,30
141,1,48,300,301,324,1,24
142,2,48,300,302,327,2,27
145,5,48,300,303,330,3,30
148,8,48,300,306,333,6,33
146,6,48,300,304,336,4,36
154,1,48,320,322,339,2,19
147,7,48,300,305,342,5,42
149,9,48,300,307,345,7,45
158,2,48,330,331,348,1,18
156,5,48,325,327,351,2,26
161,8,48,330,333,354,3,24
165,1,48,340,341,357,1,17
160,7,48,330,332,360,2,30
164,6,48,338,340,363,2,25
150,10,48,300,308,366,8,66
168,5,48,350,352,369,2,19
153,9,48,317,319,372,2,55
157,10,48,325,328,375,3,50
171,1,48,360,361,378,1,18
172,2,48,360,362,381,2,21
176,8,48,360,364,384,4,24
175,7,48,360,363,387,3,27
162,9,48,333,334,390,1,57
180,5,48,375,376,393,1,18
183,1,48,380,381,396,1,16
181,6,48,375,377,399,2,24
170,10,48,350,354,402,4,52
169,9,48,350,353,405,3,55
186,2,48,390,391,408,1,18
189,8,48,390,393,411,3,21
188,7,48,390,392,414,2,24
191,1,48,400,402,417,2,17
192,5,48,400,403,420,3,20
182,10,48,375,378,423,3,48
177,9,48,367,369,426,2,59
197,6,48,412,414,429,2,17
194,10,48,400,405,432,5,32
184,9,48,383,385,435,2,52
199,1,48,420,421,438,1,18
200,2,48,420,422,441,2,21
205,5,48,425,426,444,1,19
204,8,48,420,424,447,4,27
203,7,48,420,423,450,3,30
193,9,48,400,404,453,4,53
206,10,48,425,427,456,2,31
210,1,48,440,442,459,2,19
198,9,48,417,418,462,1,45
208,9,48,433,434,465,1,32
221,1,48,460,461,475,1,15
212,2,48,450,452,478,2,28
214,5,48,450,453,481,3,31
217,8,48,450,456,484,6,34
215,6,48,450,454,487,4,37
216,7,48,450,455,490,5,40
218,9,48,450,457,493,7,43
225,5,48,475,476,496,1,21
227,1,48,480,481,499,1,19
228,2,48,480,482,502,2,22
232,8,48,480,484,505,4,25
231,7,48,480,483,508,3,28
234,6,48,488,490,511,2,23
219,10,48,450,458,514,8,64
237,1,48,500,501,517,1,17
238,5,48,500,502,520,2,20
223,9,48,467,469,523,2,56
242,2,48,510,511,526,1,16
245,8,48,510,513,529,3,19
244,7,48,510,512,532,2,22
226,10,48,475,477,535,2,60
248,1,48,520,522,538,2,18
250,5,48,525,526,541,1,16
251,6,48,525,527,544,2,19
233,9,48,483,485,547,2,64
240,10,48,500,504,550,4,50
239,9,48,500,503,553,3,53
252,10,48,525,528,556,3,31
255,1,48,540,542,559,2,19
256,2,48,540,543,562,3,22
260,8,48,540,545,565,5,25
261,5,48,550,551,568,1,18
259,7,48,540,544,571,4,31
247,9,48,517,519,574,2,57
266,1,48,560,562,577,2,17
267,6,48,562,563,580,1,18
263,10,48,550,553,583,3,33
270,2,48,570,571,586,1,16
273,8,48,570,573,589,3,19
272,7,48,570,572,592,2,22
274,5,48,575,577,595,2,20
277,1,48,580,581,598,1,18
254,9,48,533,534,601,1,68
275,10,48,575,578,604,3,29
262,9,48,550,552,607,2,57
269,9,48,567,569,610,2,43
278,9,48,583,584,613,1,30
281,1,48,600,601,624,1,24
282,2,48,600,602,627,2,27
285,5,48,600,603,630,3,30
288,8,48,600,606,633,6,33
286,6,48,600,604,636,4,36
294,1,48,620,622,639,2,19
287,7,48,600,605,642,5,42
289,9,48,600,607,645,7,45
298,2,48,630,631,648,1,18
296,5,48,625,627,651,2,26
301,8,48,630,633,654,3,24
305,1,48,640,641,657,1,17
300,7,48,630,632,660,2,30
304,6,48,638,640,663,2,25
290,10,48,600,608,666,8,66
308,5,48,650,652,669,2,19
293,9,48,617,619,672,2,55
297,10,48,625,628,675,3,50
311,1,48,660,661,678,1,18
312,2,48,660,662,681,2,21
316,8,48,660,664,684,4,24
315,7,48,660,663,687,3,27
302,9,48,633,634,690,1,57
320,5,48,675,676,693,1,18
323,1,48,680,681,696,1,16
321,6,48,675,677,699,2,24
310,10,48,650,654,702,4,52
309,9,48,650,653,705,3,55
326,2,48,690,691,708,1,18
329,8,48,690,693,711,3,21
328,7,48,690,692,714,2,24
331,1,48,700,702,717,2,17
332,5,48,700,703,720,3,20
322,10,48,675,678,723,3,48
317,9,48,667,669,726,2,59
337,6,48,712,714,729,2,17
334,10,48,700,705,732,5,32
324,9,48,683,685,735,2,52
339,1,48,720,721,738,1,18
340,2,48,720,722,741,2,21
345,5,48,725,726,744,1,19
344,8,48,720,724,747,4,27
343,7,48,720,723,750,3,30
333,9,48,700,704,753,4,53
346,10,48,725,727,756,2,31
350,1,48,740,742,759,2,19
338,9,48,717,718,762,1,45
348,9,48,733,734,765,1,32
361,1,48,760,761,775,1,15
352,2,48,750,752,778,2,28
354,5,48,750,753,781,3,31
357,8,48,750,756,784,6,34
355,6,48,750,754,787,4,37
356,7,48,750,755,790,5,40
358,9,48,750,757,793,7,43
365,5,48,775,776,796,1,21
367,1,48,780,781,799,1,19
368,2,48,780,782,802,2,22
372,8,48,780,784,805,4,25
371,7,48,780,783,808,3,28
374,6,48,788,790,811,2,23
359,10,48,750,758,814,8,64
377,1,48,800,801,817,1,17
378,5,48,800,802,820,2,20
363,9,48,767,769,823,2,56
382,2,48,810,811,826,1,16
385,8,48,810,813,829,3,19
384,7,48,810,812,832,2,22
366,10,48,775,777,835,2,60
388,1,48,820,822,838,2,18
390,5,48,825,826,841,1,16
391,6,48,825,827,844,2,19
373,9,48,783,785,847,2,64
380,10,48,800,804,850,4,50
379,9,48,800,803,853,3,53
392,10,48,825,828,856,3,31
395,1,48,840,842,859,2,19
396,2,48,840,843,862,3,22
400,8,48,840,845,865,5,25
401,5,48,850,851,868,1,18
399,7,48,840,844,871,4,31
387,9,48,817,819,874,2,57
406,1,48,860,862,877,2,17
407,6,48,862,863,880,1,18
403,10,48,850,853,883,3,33
410,2,48,870,871,886,1,16
413,8,48,870,873,889,3,19
412,7,48,870,872,892,2,22
414,5,48,875,877,895,2,20
417,1,48,880,881,898,1,18
394,9,48,833,834,901,1,68
415,10,48,875,878,904,3,29
402,9,48,850,852,907,2,57
409,9,48,867,869,910,2,43
418,9,48,883,884,913,1,30
421,1,48,900,901,924,1,24
422,2,48,900,902,927,2,27
425,5,48,900,903,930,3,30
428,8,48,900,906,933,6,33
426,6,48,900,904,936,4,36
434,1,48,920,922,939,2,19
427,7,48,900,905,942,5,42
429,9,48,900,907,945,7,45
438,2,48,930,931,948,1,18
436,5,48,925,927,951,2,26
441,8,48,930,933,954,3,24
445,1,48,940,941,957,1,17
440,7,48,930,932,960,2,30
444,6,48,938,940,963,2,25
430,10,48,900,908,966,8,66
448,5,48,950,952,969,2,19
433,9,48,917,919,972,2,55
437,10,48,925,928,975,3,50
451,1,48,960,961,978,1,18
452,2,48,960,962,981,2,21
456,8,48,960,964,984,4,24
455,7,48,960,963,987,3,27
442,9,48,933,934,990,1,57
460,5,48,975,976,993,1,18
463,1,48,980,981,996,1,16
461,6,48,975,977,999,2,24
450,10,48,950,954,1002,4,52
449,9,48,950,953,1005,3,55
466,2,48,990,991,1008,1,18
469,8,48,990,993,1011,3,21
468,7,48,990,992,1014,2,24
471,1,48,1000,1002,1017,2,17
472,5,48,1000,1003,1020,3,20
462,10,48,975,978,1023,3,48
457,9,48,967,969,1026,2,59
477,6,48,1012,1014,1029,2,17
474,10,48,1000,1005,1032,5,32
464,9,48,983,985,1035,2,52
479,1,48,1020,1021,1038,1,18
480,2,48,1020,1022,1041,2,21
485,5,48,1025,1026,1044,1,19
484,8,48,1020,1024,1047,4,27
483,7,48,1020,1023,1050,3,30
473,9,48,1000,1004,1053,4,53
486,10,48,1025,1027,1056,2,31
490,1,48,1040,1042,1059,2,19
478,9,48,1017,1018,1062,1,45
488,9,48,1033,1034,1065,1,32
501,1,48,1060,1061,1075,1,15
492,2,48,1050,1052,1078,2,28
494,5,48,1050,1053,1081,3,31
497,8,48,1050,1056,1084,6,34
495,6,48,1050,1054,1087,4,37
496,7,48,1050,1055,1090,5,40
498,9,48,1050,1057,1093,7,43
505,5,48,1075,1076,1096,1,21
507,1,48,1080,1081,1099,1,19
508,2,48,1080,1082,1102,2,22
512,8,48,1080,1084,1105,4,25
511,7,48,1080,1083,1108,3,28
514,6,48,1088,1090,1111,2,23
499,10,48,1050,1058,1114,8,64
517,1,48,1100,1101,1117,1,17
518,5,48,1100,1102,1120,2,20
503,9,48,1067,1069,1123,2,56
522,2,48,1110,1111,1126,1,16
525,8,48,1110,1113,1129,3,19
524,7,48,1110,1112,1132,2,22
506,10,48,1075,1077,1135,2,60
528,1,48,1120,1122,1138,2,18
530,5,48,1125,1126,1141,1,16
531,6,48,1125,1127,1144,2,19
513,9,48,1083,1085,1147,2,64
520,10,48,1100,1104,1150,4,50
519,9,48,1100,1103,1153,3,53
532,10,48,1125,1128,1156,3,31
535,1,48,1140,1142,1159,2,19
536,2,48,1140,1143,1162,3,22
540,8,48,1140,1145,1165,5,25
541,5,48,1150,1151,1168,1,18
539,7,48,1140,1144,1171,4,31
527,9,48,1117,1119,1174,2,57
546,1,48,1160,1162,1177,2,17
547,6,48,1162,1163,1180,1,18
543,10,48,1150,1153,1183,3,33
550,2,48,1170,1171,1186,1,16
553,8,48,1170,1173,1189,3,19
552,7,48,1170,1172,1192,2,22
554,5,48,1175,1177,1195,2,20
557,1,48,1180,1181,1198,1,18
534,9,48,1133,1134,1201,1,68
555,10,48,1175,1178,1204,3,29
542,9,48,1150,1152,1207,2,57
549,9,48,1167,1169,1210,2,43
558,9,48,1183,1184,1213,1,30
561,1,48,1200,1201,1224,1,24
562,2,48,1200,1202,1227,2,27
565,5,48,1200,1203,1230,3,30
568,8,48,1200,1206,1233,6,33
566,6,48,1200,1204,1236,4,36
574,1,48,1220,1222,1239,2,19
567,7,48,1200,1205,1242,5,42
569,9,48,1200,1207,1245,7,45
578,2,48,1230,1231,1248,1,18
576,5,48,1225,1227,1251,2,26
581,8,48,1230,1233,1254,3,24
585,1,48,1240,1241,1257,1,17
580,7,48,1230,1232,1260,2,30
584,6,48,1238,1240,1263,2,25
570,10,48,1200,1208,1266,8,66
588,5,48,1250,1252,1269,2,19
573,9,48,1217,1219,1272,2,55
577,10,48,1225,1228,1275,3,50
591,1,48,1260,1261,1278,1,18
592,2,48,1260,1262,1281,2,21
596,8,48,1260,1264,1284,4,24
595,7,48,1260,1263,1287,3,27
582,9,48,1233,1234,1290,1,57
600,5,48,1275,1276,1293,1,18
603,1,48,1280,1281,1296,1,16
601,6,48,1275,1277,1299,2,24
590,10,48,1250,1254,1302,4,52
589,9,48,1250,1253,1305,3,55
606,2,48,1290,1291,1308,1,18
609,8,48,1290,1293,1311,3,21
608,7,48,1290,1292,1314,2,24
611,1,48,1300,1302,1317,2,17
612,5,48,1300,1303,1320,3,20
602,10,48,1275,1278,1323,3,48
597,9,48,1267,1269,1326,2,59
617,6,48,1312,1314,1329,2,17
614,10,48,1300,1305,1332,5,32
604,9,48,1283,1285,1335,2,52
619,1,48,1320,1321,1338,1,18
620,2,48,1320,1322,1341,2,21
625,5,48,1325,1326,1344,1,19
624,8,48,1320,1324,1347,4,27
623,7,48,1320,1323,1350,3,30
613,9,48,1300,1304,1353,4,53
626,10,48,1325,1327,1356,2,31
630,1,48,1340,1342,1359,2,19
618,9,48,1317,1318,1362,1,45
628,9,48,1333,1334,1365,1,32
641,1,48,1360,1361,1375,1,15
632,2,48,1350,1352,1378,2,28
634,5,48,1350,1353,1381,3,31
637,8,48,1350,1356,1384,6,34
635,6,48,1350,1354,1387,4,37
636,7,48,1350,1355,1390,5,40
638,9,48,1350,1357,1393,7,43
645,5,48,1375,1376,1396,1,21
647,1,48,1380,1381,1399,1,19
648,2,48,1380,1382,1402,2,22
652,8,48,1380,1384,1405,4,25
651,7,48,1380,1383,1408,3,28
654,6,48,1388,1390,1411,2,23
639,10,48,1350,1358,1414,8,64
657,1,48,1400,1401,1417,1,17
658,5,48,1400,1402,1420,2,20
643,9,48,1367,1369,1423,2,56
662,2,48,1410,1411,1426,1,16
665,8,48,1410,1413,1429,3,19
664,7,48,1410,1412,1432,2,22
646,10,48,1375,1377,1435,2,60
668,1,48,1420,1422,1438,2,18
670,5,48,1425,1426,1441,1,16
671,6,48,1425,1427,1444,2,19
653,9,48,1383,1385,1447,2,64
660,10,48,1400,1404,1450,4,50
659,9,48,1400,1403,1453,3,53
672,10,48,1425,1428,1456,3,31
675,1,48,1440,1442,1459,2,19
676,2,48,1440,1443,1462,3,22
680,8,48,1440,1445,1465,5,25
681,5,48,1450,1451,1468,1,18
679,7,48,1440,1444,1471,4,31
667,9,48,1417,1419,1474,2,57
686,1,48,1460,1462,1477,2,17
687,6,48,1462,1463,1480,1,18
683,10,48,1450,1453,1483,3,33
690,2,48,1470,1471,1486,1,16
693,8,48,1470,1473,1489,3,19
692,7,48,1470,1472,1492,2,22
694,5,48,1475,1477,1495,2,20
697,1,48,1480,1481,1498,1,18
674,9,48,1433,1434,1501,1,68
695,10,48,1475,1478,1504,3,29
682,9,48,1450,1452,1507,2,57
689,9,48,1467,1469,1510,2,43
698,9,48,1483,1484,1513,1,30
701,1,48,1500,1501,1524,1,24
702,2,48,1500,1502,1527,2,27
705,5,48,1500,1503,1530,3,30
708,8,48,1500,1506,1533,6,33
706,6,48,1500,1504,1536,4,36
714,1,48,1520,1522,1539,2,19
707,7,48,1500,1505,1542,5,42
709,9,48,1500,1507,1545,7,45
718,2,48,1530,1531,1548,1,18
716,5,48,1525,1527,1551,2,26
721,8,48,1530,1533,1554,3,24
725,1,48,1540,1541,1557,1,17
720,7,48,1530,1532,1560,2,30
724,6,48,1538,1540,1563,2,25
710,10,48,1500,1508,1566,8,66
728,5,48,1550,1552,1569,2,19
713,9,48,1517,1519,1572,2,55
717,10,48,1525,1528,1575,3,50
731,1,48,1560,1561,1578,1,18
732,2,48,1560,1562,1581,2,21
736,8,48,1560,1564,1584,4,24
735,7,48,1560,1563,1587,3,27
722,9,48,1533,1534,1590,1,57
740,5,48,1575,1576,1593,1,18
743,1,48,1580,1581,1596,1,16
741,6,48,1575,1577,1599,2,24
730,10,48,1550,1554,1602,4,52
729,9,48,1550,1553,1605,3,55
746,2,48,1590,1591,1608,1,18
749,8,48,1590,1593,1611,3,21
748,7,48,1590,1592,1614,2,24
751,1,48,1600,1602,1617,2,17
752,5,48,1600,1603,1620,3,20
742,10,48,1575,1578,1623,3,48
737,9,48,1567,1569,1626,2,59
757,6,48,1612,1614,1629,2,17
754,10,48,1600,1605,1632,5,32
744,9,48,1583,1585,1635,2,52
759,1,48,1620,1621,1638,1,18
760,2,48,1620,1622,1641,2,21
765,5,48,1625,1626,1644,1,19
764,8,48,1620,1624,1647,4,27
763,7,48,1620,1623,1650,3,30
753,9,48,1600,1604,1653,4,53
766,10,48,1625,1627,1656,2,31
770,1,48,1640,1642,1659,2,19
758,9,48,1617,1618,1662,1,45
768,9,48,1633,1634,1665,1,32
781,1,48,1660,1661,1675,1,15
772,2,48,1650,1652,1678,2,28
774,5,48,1650,1653,1681,3,31
777,8,48,1650,1656,1684,6,34
775,6,48,1650,1654,1687,4,37
776,7,48,1650,1655,1690,5,40
778,9,48,1650,1657,1693,7,43
785,5,48,1675,1676,1696,1,21
787,1,48,1680,1681,1699,1,19
788,2,48,1680,1682,1702,2,22
792,8,48,1680,1684,1705,4,25
791,7,48,1680,1683,1708,3,28
794,6,48,1688,1690,1711,2,23
779,10,48,1650,1658,1714,8,64
797,1,48,1700,1701,1717,1,17
798,5,48,1700,1702,1720,2,20
783,9,48,1667,1669,1723,2,56
802,2,48,1710,1711,1726,1,16
805,8,48,1710,1713,1729,3,19
804,7,48,1710,1712,1732,2,22
786,10,48,1675,1677,1735,2,60
808,1,48,1720,1722,1738,2,18
810,5,48,1725,1726,1741,1,16
811,6,48,1725,1727,1744,2,19
793,9,48,1683,1685,1747,2,64
800,10,48,1700,1704,1750,4,50
799,9,48,1700,1703,1753,3,53
812,10,48,1725,1728,1756,3,31
815,1,48,1740,1742,1759,2,19
816,2,48,1740,1743,1762,3,22
820,8,48,1740,1745,1765,5,25
821,5,48,1750,1751,1768,1,18
819,7,48,1740,1744,1771,4,31
807,9,48,1717,1719,1774,2,57
826,1,48,1760,1762,1777,2,17
827,6,48,1762,1763,1780,1,18
823,10,48,1750,1753,1783,3,33
830,2,48,1770,1771,1786,1,16
833,8,48,1770,1773,1789,3,19
832,7,48,1770,1772,1792,2,22
834,5,48,1775,1777,1795,2,20
837,1,48,1780,1781,1798,1,18
814,9,48,1733,1734,1801,1,68
835,10,48,1775,1778,1804,3,29
822,9,48,1750,1752,1807,2,57
829,9,48,1767,1769,1810,2,43
838,9,48,1783,1784,1813,1,30
841,1,48,1800,1801,1824,1,24
842,2,48,1800,1802,1827,2,27
845,5,48,1800,1803,1830,3,30
848,8,48,1800,1806,1833,6,33
846,6,48,1800,1804,1836,4,36
854,1,48,1820,1822,1839,2,19
847,7,48,1800,1805,1842,5,42
849,9,48,1800,1807,1845,7,45
858,2,48,1830,1831,1848,1,18
856,5,48,1825,1827,1851,2,26
861,8,48,1830,1833,1854,3,24
865,1,48,1840,1841,1857,1,17
860,7,48,1830,1832,1860,2,30
864,6,48,1838,1840,1863,2,25
850,10,48,1800,1808,1866,8,66
868,5,48,1850,1852,1869,2,19
853,9,48,1817,1819,1872,2,55
857,10,48,1825,1828,1875,3,50
871,1,48,1860,1861,1878,1,18
872,2,48,1860,1862,1881,2,21
876,8,48,1860,1864,1884,4,24
875,7,48,1860,1863,1887,3,27
862,9,48,1833,1834,1890,1,57
880,5,48,1875,1876,1893,1,18
883,1,48,1880,1881,1896,1,16
881,6,48,1875,1877,1899,2,24
870,10,48,1850,1854,1902,4,52
869,9,48,1850,1853,1905,3,55
886,2,48,1890,1891,1908,1,18
889,8,48,1890,1893,1911,3,21
888,7,48,1890,1892,1914,2,24
891,1,48,1900,1902,1917,2,17
892,5,48,1900,1903,1920,3,20
882,10,48,1875,1878,1923,3,48
877,9,48,1867,1869,1926,2,59
897,6,48,1912,1914,1929,2,17
894,10,48,1900,1905,1932,5,32
884,9,48,1883,1885,1935,2,52
899,1,48,1920,1921,1938,1,18
900,2,48,1920,1922,1941,2,21
905,5,48,1925,1926,1944,1,19
904,8,48,1920,1924,1947,4,27
903,7,48,1920,1923,1950,3,30
893,9,48,1900,1904,1953,4,53
906,10,48,1925,1927,1956,2,31
910,1,48,1940,1942,1959,2,19
898,9,48,1917,1918,1962,1,45
908,9,48,1933,1934,1965,1,32
921,1,48,1960,1961,1975,1,15
912,2,48,1950,1952,1978,2,28
914,5,48,1950,1953,1981,3,31
917,8,48,1950,1956,1984,6,34
915,6,48,1950,1954,1987,4,37
916,7,48,1950,1955,1990,5,40
918,9,48,1950,1957,1993,7,43
925,5,48,1975,1976,1996,1,21
927,1,48,1980,1981,1999,1,19
928,2,48,1980,1982,2002,2,22
932,8,48,1980,1984,2005,4,25
931,7,48,1980,1983,2008,3,28
934,6,48,1988,1990,2011,2,23
919,10,48,1950,1958,2014,8,64
937,1,48,2000,2001,2017,1,17
938,2,48,2000,2002,2020,2,20
942,8,48,2000,2006,2023,6,23
939,5,48,2000,2003,2026,3,26
941,7,48,2000,2005,2029,5,29
940,6,48,2000,2004,2032,4,32
945,11,48,2000,2009,2035,9,35
947,13,48,2000,2011,2038,11,38
923,9,48,1967,1969,2041,2,74
949,1,48,2025,2027,2044,2,19
946,12,48,2000,2010,2047,10,47
948,14,48,2000,2012,2050,12,50
950,5,48,2033,2034,2053,1,20
952,2,48,2038,2039,2056,1,18
954,8,48,2043,2044,2059,1,16
953,7,48,2038,2040,2062,2,24
926,10,48,1975,1977,2065,2,90
955,1,48,2050,2051,2068,1,18
956,6,48,2050,2052,2071,2,21
958,11,48,2050,2054,2074,4,24
959,13,48,2050,2055,2077,5,27
933,9,48,1983,1985,2080,2,97
960,5,48,2067,2068,2083,1,16
944,10,48,2000,2008,2086,8,86
943,9,48,2000,2007,2089,7,89
962,1,48,2075,2076,2092,1,17
966,14,48,2075,2080,2095,5,20
963,2,48,2075,2077,2098,2,23
967,8,48,2086,2087,2101,1,15
965,12,48,2075,2079,2104,4,29
964,7,48,2075,2078,2107,3,32
957,10,48,2050,2053,2110,3,60
951,9,48,2033,2035,2113,2,80
961,9,48,2067,2069,2116,2,49
968,1,48,2100,2102,2125,2,25
969,5,48,2100,2103,2128,3,28
975,2,48,2112,2114,2131,2,19
976,7,48,2112,2115,2134,3,22
970,6,48,2100,2104,2137,4,37
973,11,48,2100,2107,2140,7,40
974,13,48,2100,2108,2143,8,43
977,1,48,2125,2127,2146,2,21
978,8,48,2129,2130,2149,1,20
979,5,48,2133,2134,2152,1,19
972,10,48,2100,2106,2155,6,55
971,9,48,2100,2105,2158,5,58
980,9,48,2133,2135,2161,2,28
981,1,48,2150,2151,2174,1,24
982,2,48,2150,2152,2177,2,27
983,6,48,2150,2153,2180,3,30
992,8,48,2171,2172,2183,1,12
986,11,48,2150,2156,2186,6,36
988,13,48,2150,2158,2189,8,39
990,5,48,2167,2168,2192,1,25
984,7,48,2150,2154,2195,4,45
993,1,48,2175,2177,2198,2,23
985,10,48,2150,2155,2201,5,51
987,12,48,2150,2157,2204,7,54
989,14,48,2150,2159,2207,9,57
994,2,48,2188,2189,2210,1,22
995,7,48,2188,2190,2213,2,25
991,9,48,2167,2169,2216,2,49
996,1,48,2200,2202,2225,2,25
997,5,48,2200,2203,2228,3,28
1003,8,48,2214,2216,2231,2,17
998,6,48,2200,2204,2234,4,34
1001,11,48,2200,2207,2237,7,37
1002,13,48,2200,2208,2240,8,40
1004,1,48,2225,2227,2243,2,18
1005,2,48,2225,2228,2246,3,21
1006,7,48,2225,2229,2250,4,25
999,9,48,2200,2205,2253,5,53
1007,12,48,2225,2230,2256,5,31
1008,14,48,2225,2231,2259,6,34
1009,5,48,2233,2234,2262,1,29
1000,10,48,2200,2206,2265,6,65
1011,1,48,2250,2251,2268,1,18
1012,6,48,2250,2252,2274,2,24
1016,8,48,2257,2258,2277,1,20
1017,2,48,2262,2264,2280,2,18
1018,7,48,2262,2265,2283,3,21
1019,5,48,2267,2269,2286,2,19
1014,11,48,2250,2254,2289,4,39
1021,1,48,2275,2276,2292,1,17
1015,13,48,2250,2255,2295,5,45
1010,9,48,2233,2235,2298,2,65
1013,10,48,2250,2253,2301,3,51
1020,9,48,2267,2270,2304,3,37
1022,1,48,2300,2301,2324,1,24
1023,2,48,2300,2302,2327,2,27
1024,5,48,2300,2303,2330,3,30
1027,8,48,2300,2306,2333,6,33
1030,11,48,2300,2309,2336,9,36
1032,13,48,2300,2311,2339,11,39
1025,6,48,2300,2304,2342,4,42
1026,7,48,2300,2305,2345,5,45
1034,1,48,2325,2327,2348,2,23
1028,9,48,2300,2307,2351,7,51
1031,12,48,2300,2310,2354,10,54
1033,14,48,2300,2312,2357,12,57
1035,5,48,2333,2335,2360,2,27
1040,1,48,2350,2352,2363,2,13
1039,8,48,2343,2345,2366,2,23
1037,2,48,2338,2339,2369,1,31
1041,6,48,2350,2353,2372,3,22
1038,7,48,2338,2340,2375,2,37
1043,11,48,2350,2355,2378,5,28
1044,13,48,2350,2356,2381,6,31
1029,10,48,2300,2308,2384,8,84
1045,5,48,2367,2369,2387,2,20
1036,9,48,2333,2336,2390,3,57
1047,1,48,2375,2376,2393,1,18
1048,2,48,2375,2377,2396,2,21
1052,8,48,2386,2388,2399,2,13
1050,12,48,2375,2379,2402,4,27
1051,14,48,2375,2380,2405,5,30
1049,7,48,2375,2378,2408,3,33
1042,10,48,2350,2354,2411,4,61
1046,9,48,2367,2370,2414,3,47
1053,1,48,2400,2402,2425,2,25
1054,5,48,2400,2403,2428,3,28
1060,2,48,2412,2414,2431,2,19
1058,11,48,2400,2407,2434,7,34
1059,13,48,2400,2408,2437,8,37
1061,7,48,2412,2415,2440,3,28
1055,6,48,2400,2404,2443,4,43
1062,1,48,2425,2427,2446,2,21
1063,8,48,2429,2430,2449,1,20
1056,9,48,2400,2405,2452,5,52
1064,5,48,2433,2434,2455,1,22
1057,10,48,2400,2406,2458,6,58
1065,9,48,2433,2435,2461,2,28
1066,1,48,2450,2451,2474,1,24
1067,2,48,2450,2452,2477,2,27
1068,6,48,2450,2453,2480,3,30
1077,8,48,2471,2472,2483,1,12
1071,11,48,2450,2456,2486,6,36
1073,13,48,2450,2458,2489,8,39
1075,5,48,2467,2468,2492,1,25
1069,7,48,2450,2454,2495,4,45
1078,1,48,2475,2477,2498,2,23
1070,10,48,2450,2455,2501,5,51
1072,12,48,2450,2457,2504,7,54
1074,14,48,2450,2459,2507,9,57
1079,2,48,2488,2489,2510,1,22
1080,7,48,2488,2490,2513,2,25
1076,9,48,2467,2469,2516,2,49
1081,1,48,2500,2502,2525,2,25
1082,5,48,2500,2503,2528,3,28
1088,8,48,2514,2516,2531,2,17
1083,6,48,2500,2504,2534,4,34
1086,11,48,2500,2507,2537,7,37
1087,13,48,2500,2508,2540,8,40
1089,1,48,2525,2527,2543,2,18
1090,2,48,2525,2528,2546,3,21
1091,7,48,2525,2529,2550,4,25
1084,9,48,2500,2505,2553,5,53
1092,12,48,2525,2530,2556,5,31
1093,14,48,2525,2531,2559,6,34
1094,5,48,2533,2534,2562,1,29
1085,10,48,2500,2506,2565,6,65
1096,1,48,2550,2551,2568,1,18
1097,6,48,2550,2552,2574,2,24
1101,8,48,2557,2558,2577,1,20
1102,2,48,2562,2564,2580,2,18
1103,7,48,2562,2565,2583,3,21
1104,5,48,2567,2569,2586,2,19
1099,11,48,2550,2554,2589,4,39
1106,1,48,2575,2576,2592,1,17
1100,13,48,2550,2555,2595,5,45
1095,9,48,2533,2535,2598,2,65
1098,10,48,2550,2553,2601,3,51
1105,9,48,2567,2570,2604,3,37
1107,1,48,2600,2601,2624,1,24
1108,2,48,2600,2602,2627,2,27
1109,5,48,2600,2603,2630,3,30
1112,8,48,2600,2606,2633,6,33
1115,11,48,2600,2609,2636,9,36
1117,13,48,2600,2611,2639,11,39
1110,6,48,2600,2604,2642,4,42
1111,7,48,2600,2605,2645,5,45
1119,1,48,2625,2627,2648,2,23
1113,9,48,2600,2607,2651,7,51
1116,12,48,2600,2610,2654,10,54
1118,14,48,2600,2612,2657,12,57
1120,5,48,2633,2635,2660,2,27
1125,1,48,2650,2652,2663,2,13
1124,8,48,2643,2645,2666,2,23
1122,2,48,2638,2639,2669,1,31
1126,6,48,2650,2653,2672,3,22
1123,7,48,2638,2640,2675,2,37
1128,11,48,2650,2655,2678,5,28
1129,13,48,2650,2656,2681,6,31
1114,10,48,2600,2608,2684,8,84
1130,5,48,2667,2669,2687,2,20
1121,9,48,2633,2636,2690,3,57
1132,1,48,2675,2676,2693,1,18
1133,2,48,2675,2677,2696,2,21
1137,8,48,2686,2688,2699,2,13
1135,12,48,2675,2679,2702,4,27
1136,14,48,2675,2680,2705,5,30
1134,7,48,2675,2678,2708,3,33
1127,10,48,2650,2654,2711,4,61
1131,9,48,2667,2670,2714,3,47
1138,1,48,2700,2702,2725,2,25
1139,5,48,2700,2703,2728,3,28
1145,2,48,2712,2714,2731,2,19
1143,11,48,2700,2707,2734,7,34
1144,13,48,2700,2708,2737,8,37
1146,7,48,2712,2715,2740,3,28
1140,6,48,2700,2704,2743,4,43
1147,1,48,2725,2727,2746,2,21
1148,8,48,2729,2730,2749,1,20
1141,9,48,2700,2705,2752,5,52
1149,5,48,2733,2734,2755,1,22
1142,10,48,2700,2706,2758,6,58
1150,9,48,2733,2735,2761,2,28
1151,1,48,2750,2751,2774,1,24
1152,2,48,2750,2752,2777,2,27
1153,6,48,2750,2753,2780,3,30
1162,8,48,2771,2772,2783,1,12
1156,11,48,2750,2756,2786,6,36
1158,13,48,2750,2758,2789,8,39
1160,5,48,2767,2768,2792,1,25
1154,7,48,2750,2754,2795,4,45
1163,1,48,2775,2777,2798,2,23
1155,10,48,2750,2755,2801,5,51
1157,12,48,2750,2757,2804,7,54
1159,14,48,2750,2759,2807,9,57
1164,2,48,2788,2789,2810,1,22
1165,7,48,2788,2790,2813,2,25
1161,9,48,2767,2769,2816,2,49
1166,1,48,2800,2802,2825,2,25
1167,5,48,2800,2803,2828,3,28
1173,8,48,2814,2816,2831,2,17
1168,6,48,2800,2804,2834,4,34
1171,11,48,2800,2807,2837,7,37
1172,13,48,2800,2808,2840,8,40
1174,1,48,2825,2827,2843,2,18
1175,2,48,2825,2828,2846,3,21
1176,7,48,2825,2829,2850,4,25
1169,9,48,2800,2805,2853,5,53
1177,12,48,2825,2830,2856,5,31
1178,14,48,2825,2831,2859,6,34
1179,5,48,2833,2834,2862,1,29
1170,10,48,2800,2806,2865,6,65
1181,1,48,2850,2851,2868,1,18
1182,6,48,2850,2852,2874,2,24
1186,8,48,2857,2858,2877,1,20
1187,2,48,2862,2864,2880,2,18
1188,7,48,2862,2865,2883,3,21
1189,5,48,2867,2869,2886,2,19
1184,11,48,2850,2854,2889,4,39
1191,1,48,2875,2876,2892,1,17
1185,13,48,2850,2855,2895,5,45
1180,9,48,2833,2835,2898,2,65
1183,10,48,2850,2853,2901,3,51
1190,9,48,2867,2870,2904,3,37
1192,1,48,2900,2901,2924,1,24
1193,2,48,2900,2902,2927,2,27
1194,5,48,2900,2903,2930,3,30
1197,8,48,2900,2906,2933,6,33
1200,11,48,2900,2909,2936,9,36
1202,13,48,2900,2911,2939,11,39
1195,6,48,2900,2904,2942,4,42
1196,7,48,2900,2905,2945,5,45
1204,1,48,2925,2927,2948,2,23
1198,9,48,2900,2907,2951,7,51
1201,12,48,2900,2910,2954,10,54
1203,14,48,2900,2912,2957,12,57
1205,5,48,2933,2935,2960,2,27
1210,1,48,2950,2952,2963,2,13
1209,8,48,2943,2945,2966,2,23
1207,2,48,2938,2939,2969,1,31
1211,6,48,2950,2953,2972,3,22
1208,7,48,2938,2940,2975,2,37
1213,11,48,2950,2955,2978,5,28
1214,13,48,2950,2956,2981,6,31
1199,10,48,2900,2908,2984,8,84
1215,5,48,2967,2969,2987,2,20
1206,9,48,2933,2936,2990,3,57
1217,1,48,2975,2976,2993,1,18
1218,2,48,2975,2977,2996,2,21
1222,8,48,2986,2988,2999,2,13
1220,12,48,2975,2979,3002,4,27
1221,14,48,2975,2980,3005,5,30
1219,7,48,2975,2978,3008,3,33
1212,10,48,2950,2954,3011,4,61
1216,9,48,2967,2970,3014,3,47
1223,1,48,3000,3002,3025,2,25
1224,5,48,3000,3003,3028,3,28
1230,2,48,3012,3014,3031,2,19
1228,11,48,3000,3007,3034,7,34
1229,13,48,3000,3008,3037,8,37
1231,7,48,3012,3015,3040,3,28
1225,6,48,3000,3004,3043,4,43
1232,1,48,3025,3027,3046,2,21
1233,8,48,3029,3030,3049,1,20
1226,9,48,3000,3005,3052,5,52
1234,5,48,3033,3034,3055,1,22
1227,10,48,3000,3006,3058,6,58
1235,9,48,3033,3035,3061,2,28
1236,1,48,3050,3051,3074,1,24
1237,2,48,3050,3052,3077,2,27
1238,6,48,3050,3053,3080,3,30
1247,8,48,3071,3072,3083,1,12
1241,11,48,3050,3056,3086,6,36
1243,13,48,3050,3058,3089,8,39
1245,5,48,3067,3068,3092,1,25
1239,7,48,3050,3054,3095,4,45
1248,1,48,3075,3077,3098,2,23
1240,10,48,3050,3055,3101,5,51
1242,12,48,3050,3057,3104,7,54
1244,14,48,3050,3059,3107,9,57
1249,2,48,3088,3089,3110,1,22
1250,7,48,3088,3090,3113,2,25
1246,9,48,3067,3069,3116,2,49
1251,1,48,3100,3102,3125,2,25
1252,5,48,3100,3103,3128,3,28
1258,8,48,3114,3116,3131,2,17
1253,6,48,3100,3104,3134,4,34
1256,11,48,3100,3107,3137,7,37
1257,13,48,3100,3108,3140,8,40
1259,1,48,3125,3127,3143,2,18
1260,2,48,3125,3128,3146,3,21
1261,7,48,3125,3129,3150,4,25
1254,9,48,3100,3105,3153,5,53
1262,12,48,3125,3130,3156,5,31
1263,14,48,3125,3131,3159,6,34
1264,5,48,3133,3134,3162,1,29
1255,10,48,3100,3106,3165,6,65
1266,1,48,3150,3151,3168,1,18
1267,6,48,3150,3152,3174,2,24
1271,8,48,3157,3158,3177,1,20
1272,2,48,3162,3164,3180,2,18
1273,7,48,3162,3165,3183,3,21
1274,5,48,3167,3169,3186,2,19
1269,11,48,3150,3154,3189,4,39
1276,1,48,3175,3176,3192,1,17
1270,13,48,3150,3155,3195,5,45
1265,9,48,3133,3135,3198,2,65
1268,10,48,3150,3153,3201,3,51
1275,9,48,3167,3170,3204,3,37
1277,1,48,3200,3201,3224,1,24
1278,2,48,3200,3202,3227,2,27
1279,5,48,3200,3203,3230,3,30
1282,8,48,3200,3206,3233,6,33
1285,11,48,3200,3209,3236,9,36
1287,13,48,3200,3211,3239,11,39
1280,6,48,3200,3204,3242,4,42
1281,7,48,3200,3205,3245,5,45
1289,1,48,3225,3227,3248,2,23
1283,9,48,3200,3207,3251,7,51
1286,12,48,3200,3210,3254,10,54
1288,14,48,3200,3212,3257,12,57
1290,5,48,3233,3235,3260,2,27
1295,1,48,3250,3252,3263,2,13
1294,8,48,3243,3245,3266,2,23
1292,2,48,3238,3239,3269,1,31
1296,6,48,3250,3253,3272,3,22
1293,7,48,3238,3240,3275,2,37
1298,11,48,3250,3255,3278,5,28
1299,13,48,3250,3256,3281,6,31
1284,10,48,3200,3208,3284,8,84
1300,5,48,3267,3269,3287,2,20
1291,9,48,3233,3236,3290,3,57
1302,1,48,3275,3276,3293,1,18
1303,2,48,3275,3277,3296,2,21
1307,8,48,3286,3288,3299,2,13
1305,12,48,3275,3279,3302,4,27
1306,14,48,3275,3280,3305,5,30
1304,7,48,3275,3278,3308,3,33
1297,10,48,3250,3254,3311,4,61
1301,9,48,3267,3270,3314,3,47
1308,1,48,3300,3302,3325,2,25
1309,5,48,3300,3303,3328,3,28
1315,2,48,3312,3314,3331,2,19
1313,11,48,3300,3307,3334,7,34
1314,13,48,3300,3308,3337,8,37
1316,7,48,3312,3315,3340,3,28
1310,6,48,3300,3304,3343,4,43
1317,1,48,3325,3327,3346,2,21
1318,8,48,3329,3330,3349,1,20
1311,9,48,3300,3305,3352,5,52
1319,5,48,3333,3334,3355,1,22
1312,10,48,3300,3306,3358,6,58
1320,9,48,3333,3335,3361,2,28
1321,1,48,3350,3351,3374,1,24
1322,2,48,3350,3352,3377,2,27
1323,6,48,3350,3353,3380,3,30
1332,8,48,3371,3372,3383,1,12
1326,11,48,3350,3356,3386,6,36
1328,13,48,3350,3358,3389,8,39
1330,5,48,3367,3368,3392,1,25
1324,7,48,3350,3354,3395,4,45
1333,1,48,3375,3377,3398,2,23
1325,10,48,3350,3355,3401,5,51
1327,12,48,3350,3357,3404,7,54
1329,14,48,3350,3359,3407,9,57
1334,2,48,3388,3389,3410,1,22
1335,7,48,3388,3390,3413,2,25
1331,9,48,3367,3369,3416,2,49
1336,1,48,3400,3402,3425,2,25
1337,5,48,3400,3403,3428,3,28
1343,8,48,3414,3416,3431,2,17
1338,6,48,3400,3404,3434,4,34
1341,11,48,3400,3407,3437,7,37
1342,13,48,3400,3408,3440,8,40
1344,1,48,3425,3427,3443,2,18
1345,2,48,3425,3428,3446,3,21
1346,7,48,3425,3429,3450,4,25
1339,9,48,3400,3405,3453,5,53
1347,12,48,3425,3430,3456,5,31
1348,14,48,3425,3431,3459,6,34
1349,5,48,3433,3434,3462,1,29
1340,10,48,3400,3406,3465,6,65
1351,1,48,3450,3451,3468,1,18
1352,6,48,3450,3452,3474,2,24
1356,8,48,3457,3458,3477,1,20
1357,2,48,3462,3464,3480,2,18
1358,7,48,3462,3465,3483,3,21
1359,5,48,3467,3469,3486,2,19
1354,11,48,3450,3454,3489,4,39
1361,1,48,3475,3476,3492,1,17
1355,13,48,3450,3455,3495,5,45
1350,9,48,3433,3435,3498,2,65
1353,10,48,3450,3453,3501,3,51
1360,9,48,3467,3470,3504,3,37
1362,1,48,3500,3501,3524,1,24
1363,2,48,3500,3502,3527,2,27
1364,5,48,3500,3503,3530,3,30
1367,8,48,3500,3506,3533,6,33
1370,11,48,3500,3509,3536,9,36
1372,13,48,3500,3511,3539,11,39
1365,6,48,3500,3504,3542,4,42
1366,7,48,3500,3505,3545,5,45
1374,1,48,3525,3527,3548,2,23
1368,9,48,3500,3507,3551,7,51
1371,12,48,3500,3510,3554,10,54
1373,14,48,3500,3512,3557,12,57
1375,5,48,3533,3535,3560,2,27
1380,1,48,3550,3552,3563,2,13
1379,8,48,3543,3545,3566,2,23
1377,2,48,3538,3539,3569,1,31
1381,6,48,3550,3553,3572,3,22
1378,7,48,3538,3540,3575,2,37
1383,11,48,3550,3555,3578,5,28
1384,13,48,3550,3556,3581,6,31
1369,10,48,3500,3508,3584,8,84
1385,5,48,3567,3569,3587,2,20
1376,9,48,3533,3536,3590,3,57
1387,1,48,3575,3576,3593,1,18
1388,2,48,3575,3577,3596,2,21
1392,8,48,3586,3588,3599,2,13
1390,12,48,3575,3579,3602,4,27
1391,14,48,3575,3580,3605,5,30
1389,7,48,3575,3578,3608,3,33
1382,10,48,3550,3554,3611,4,61
1386,9,48,3567,3570,3614,3,47
1393,1,48,3600,3602,3625,2,25
1394,5,48,3600,3603,3628,3,28
1400,2,48,3612,3614,3631,2,19
1398,11,48,3600,3607,3634,7,34
1399,13,48,3600,3608,3637,8,37
1401,7,48,3612,3615,3640,3,28
1395,6,48,3600,3604,3643,4,43
1402,1,48,3625,3627,3646,2,21
1403,8,48,3629,3630,3649,1,20
1396,9,48,3600,3605,3652,5,52
1404,5,48,3633,3634,3655,1,22
1397,10,48,3600,3606,3658,6,58
1405,9,48,3633,3635,3661,2,28
1406,1,48,3650,3651,3674,1,24
1407,2,48,3650,3652,3677,2,27
1408,6,48,3650,3653,3680,3,30
1417,8,48,3671,3672,3683,1,12
1411,11,48,3650,3656,3686,6,36
1413,13,48,3650,3658,3689,8,39
1415,5,48,3667,3668,3692,1,25
1409,7,48,3650,3654,3695,4,45
1418,1,48,3675,3677,3698,2,23
1410,10,48,3650,3655,3701,5,51
1412,12,48,3650,3657,3704,7,54
1414,14,48,3650,3659,3707,9,57
1419,2,48,3688,3689,3710,1,22
1420,7,48,3688,3690,3713,2,25
1416,9,48,3667,3669,3716,2,49
1421,1,48,3700,3702,3725,2,25
1422,5,48,3700,3703,3728,3,28
1428,8,48,3714,3716,3731,2,17
1423,6,48,3700,3704,3734,4,34
1426,11,48,3700,3707,3737,7,37
1427,13,48,3700,3708,3740,8,40
1429,1,48,3725,3727,3743,2,18
1430,2,48,3725,3728,3746,3,21
1431,7,48,3725,3729,3750,4,25
1424,9,48,3700,3705,3753,5,53
1432,12,48,3725,3730,3756,5,31
1433,14,48,3725,3731,3759,6,34
1434,5,48,3733,3734,3762,1,29
1425,10,48,3700,3706,3765,6,65
1436,1,48,3750,3751,3768,1,18
1437,6,48,3750,3752,3774,2,24
1441,8,48,3757,3758,3777,1,20
1442,2,48,3762,3764,3780,2,18
1443,7,48,3762,3765,3783,3,21
1444,5,48,3767,3769,3786,2,19
1439,11,48,3750,3754,3789,4,39
1446,1,48,3775,3776,3792,1,17
1440,13,48,3750,3755,3795,5,45
1435,9,48,3733,3735,3798,2,65
1438,10,48,3750,3753,3801,3,51
1445,9,48,3767,3770,3804,3,37
1447,1,48,3800,3801,3824,1,24
1448,2,48,3800,3802,3827,2,27
1449,5,48,3800,3803,3830,3,30
1452,8,48,3800,3806,3833,6,33
1455,11,48,3800,3809,3836,9,36
1457,13,48,3800,3811,3839,11,39
1450,6,48,3800,3804,3842,4,42
1451,7,48,3800,3805,3845,5,45
1459,1,48,3825,3827,3848,2,23
1453,9,48,3800,3807,3851,7,51
1456,12,48,3800,3810,3854,10,54
1458,14,48,3800,3812,3857,12,57
1460,5,48,3833,3835,3860,2,27
1465,1,48,3850,3852,3863,2,13
1464,8,48,3843,3845,3866,2,23
1462,2,48,3838,3839,3869,1,31
1466,6,48,3850,3853,3872,3,22
1463,7,48,3838,3840,3875,2,37
1468,11,48,3850,3855,3878,5,28
1469,13,48,3850,3856,3881,6,31
1454,10,48,3800,3808,3884,8,84
1470,5,48,3867,3869,3887,2,20
1461,9,48,3833,3836,3890,3,57
1472,1,48,3875,3876,3893,1,18
1473,2,48,3875,3877,3896,2,21
1477,8,48,3886,3888,3899,2,13
1475,12,48,3875,3879,3902,4,27
1476,14,48,3875,3880,3905,5,30
1474,7,48,3875,3878,3908,3,33
1467,10,48,3850,3854,3911,4,61
1471,9,48,3867,3870,3914,3,47
1478,1,48,3900,3902,3925,2,25
1479,5,48,3900,3903,3928,3,28
1485,2,48,3912,3914,3931,2,19
1483,11,48,3900,3907,3934,7,34
1484,13,48,3900,3908,3937,8,37
1486,7,48,3912,3915,3940,3,28
1480,6,48,3900,3904,3943,4,43
1487,1,48,3925,3927,3946,2,21
1488,8,48,3929,3930,3949,1,20
1481,9,48,3900,3905,3952,5,52
1489,5,48,3933,3934,3955,1,22
1482,10,48,3900,3906,3958,6,58
1490,9,48,3933,3935,3961,2,28
1491,1,48,3950,3951,3974,1,24
1492,2,48,3950,3952,3977,2,27
1493,6,48,3950,3953,3980,3,30
1502,8,48,3971,3972,3983,1,12
1496,11,48,3950,3956,3986,6,36
1498,13,48,3950,3958,3989,8,39
1500,5,48,3967,3968,3992,1,25
1494,7,48,3950,3954,3995,4,45
1503,1,48,3975,3977,3998,2,23
1495,10,48,3950,3955,4001,5,51
1497,12,48,3950,3957,4004,7,54
1499,14,48,3950,3959,4007,9,57
1504,2,48,3988,3989,4010,1,22
1505,7,48,3988,3990,4013,2,25
1501,9,48,3967,3969,4016,2,49
1506,1,48,4000,4002,4025,2,25
1507,5,48,4000,4003,4028,3,28
1513,8,48,4014,4016,4031,2,17
1508,6,48,4000,4004,4034,4,34
1511,11,48,4000,4007,4037,7,37
1512,13,48,4000,4008,4040,8,40
1514,1,48,4025,4027,4043,2,18
1515,2,48,4025,4028,4046,3,21
1516,7,48,4025,4029,4050,4,25
1509,9,48,4000,4005,4053,5,53
1517,12,48,4025,4030,4056,5,31
1518,14,48,4025,4031,4059,6,34
1519,5,48,4033,4034,4062,1,29
1510,10,48,4000,4006,4065,6,65
1521,1,48,4050,4051,4068,1,18
1522,6,48,4050,4052,4074,2,24
1526,8,48,4057,4058,4077,1,20
1527,2,48,4062,4064,4080,2,18
1528,7,48,4062,4065,4083,3,21
1529,5,48,4067,4069,4086,2,19
1524,11,48,4050,4054,4089,4,39
1531,1,48,4075,4076,4092,1,17
1525,13,48,4050,4055,4095,5,45
1520,9,48,4033,4035,4098,2,65
1523,10,48,4050,4053,4101,3,51
1530,9,48,4067,4070,4104,3,37
1532,1,48,4100,4101,4124,1,24
1533,2,48,4100,4102,4127,2,27
1534,5,48,4100,4103,4130,3,30
1537,8,48,4100,4106,4133,6,33
1540,11,48,4100,4109,4136,9,36
1542,13,48,4100,4111,4139,11,39
1535,6,48,4100,4104,4142,4,42
1536,7,48,4100,4105,4145,5,45
1544,1,48,4125,4127,4148,2,23
1538,9,48,4100,4107,4151,7,51
1541,12,48,4100,4110,4154,10,54
1543,14,48,4100,4112,4157,12,57
1545,5,48,4133,4135,4160,2,27
1550,1,48,4150,4152,4163,2,13
1549,8,48,4143,4145,4166,2,23
1547,2,48,4138,4139,4169,1,31
1551,6,48,4150,4153,4172,3,22
1548,7,48,4138,4140,4175,2,37
1553,11,48,4150,4155,4178,5,28
1554,13,48,4150,4156,4181,6,31
1539,10,48,4100,4108,4184,8,84
1555,5,48,4167,4169,4187,2,20
1546,9,48,4133,4136,4190,3,57
1557,1,48,4175,4176,4193,1,18
1558,2,48,4175,4177,4196,2,21
1562,8,48,4186,4188,4199,2,13
1560,12,48,4175,4179,4202,4,27
1561,14,48,4175,4180,4205,5,30
1559,7,48,4175,4178,4208,3,33
1552,10,48,4150,4154,4211,4,61
1556,9,48,4167,4170,4214,3,47
1563,1,48,4200,4202,4225,2,25
1564,5,48,4200,4203,4228,3,28
1570,2,48,4212,4214,4231,2,19
1568,11,48,4200,4207,4234,7,34
1569,13,48,4200,4208,4237,8,37
1571,7,48,4212,4215,4240,3,28
1565,6,48,4200,4204,4243,4,43
1572,1,48,4225,4227,4246,2,21
1573,8,48,4229,4230,4249,1,20
1566,9,48,4200,4205,4252,5,52
1574,5,48,4233,4234,4255,1,22
1567,10,48,4200,4206,4258,6,58
1575,9,48,4233,4235,4261,2,28
1576,1,48,4250,4251,4274,1,24
1577,2,48,4250,4252,4277,2,27
1578,6,48,4250,4253,4280,3,30
1587,8,48,4271,4272,4283,1,12
1581,11,48,4250,4256,4286,6,36
1583,13,48,4250,4258,4289,8,39
1585,5,48,4267,4268,4292,1,25
1579,7,48,4250,4254,4295,4,45
1588,1,48,4275,4277,4298,2,23
1580,10,48,4250,4255,4301,5,51
1582,12,48,4250,4257,4304,7,54
1584,14,48,4250,4259,4307,9,57
1589,2,48,4288,4289,4310,1,22
1590,7,48,4288,4290,4313,2,25
1586,9,48,4267,4269,4316,2,49
1591,1,48,4300,4302,4325,2,25
1592,5,48,4300,4303,4328,3,28
1598,8,48,4314,4316,4331,2,17
1593,6,48,4300,4304,4334,4,34
1596,11,48,4300,4307,4337,7,37
1597,13,48,4300,4308,4340,8,40
1599,1,48,4325,4327,4343,2,18
1600,2,48,4325,4328,4346,3,21
1601,7,48,4325,4329,4350,4,25
1594,9,48,4300,4305,4353,5,53
1602,12,48,4325,4330,4356,5,31
1603,14,48,4325,4331,4359,6,34
1604,5,48,4333,4334,4362,1,29
1595,10,48,4300,4306,4365,6,65
1606,1,48,4350,4351,4368,1,18
1607,6,48,4350,4352,4374,2,24
1611,8,48,4357,4358,4377,1,20
1612,2,48,4362,4364,4380,2,18
1613,7,48,4362,4365,4383,3,21
1614,5,48,4367,4369,4386,2,19
1609,11,48,4350,4354,4389,4,39
1616,1,48,4375,4376,4392,1,17
1610,13,48,4350,4355,4395,5,45
1605,9,48,4333,4335,4398,2,65
1608,10,48,4350,4353,4401,3,51
1615,9,48,4367,4370,4404,3,37
1617,1,48,4400,4401,4424,1,24
1618,2,48,4400,4402,4427,2,27
1619,5,48,4400,4403,4430,3,30
1622,8,48,4400,4406,4433,6,33
1625,11,48,4400,4409,4436,9,36
1627,13,48,4400,4411,4439,11,39
1620,6,48,4400,4404,4442,4,42
1621,7,48,4400,4405,4445,5,45
1629,1,48,4425,4427,4448,2,23
1623,9,48,4400,4407,4451,7,51
1626,12,48,4400,4410,4454,10,54
1628,14,48,4400,4412,4457,12,57
1630,5,48,4433,4435,4460,2,27
1635,1,48,4450,4452,4463,2,13
1634,8,48,4443,4445,4466,2,23
1632,2,48,4438,4439,4469,1,31
1636,6,48,4450,4453,4472,3,22
1633,7,48,4438,4440,4475,2,37
1638,11,48,4450,4455,4478,5,28
1639,13,48,4450,4456,4481,6,31
1624,10,48,4400,4408,4484,8,84
1640,5,48,4467,4469,4487,2,20
1631,9,48,4433,4436,4490,3,57
1642,1,48,4475,4476,4493,1,18
1643,2,48,4475,4477,4496,2,21
1647,8,48,4486,4488,4499,2,13
1645,12,48,4475,4479,4502,4,27
1646,14,48,4475,4480,4505,5,30
1644,7,48,4475,4478,4508,3,33
1637,10,48,4450,4454,4511,4,61
1641,9,48,4467,4470,4514,3,47
1648,1,48,4500,4502,4525,2,25
1649,5,48,4500,4503,4528,3,28
1655,2,48,4512,4514,4531,2,19
1653,11,48,4500,4507,4534,7,34
1654,13,48,4500,4508,4537,8,37
1656,7,48,4512,4515,4540,3,28
1650,6,48,4500,4504,4543,4,43
1657,1,48,4525,4527,4546,2,21
1658,8,48,4529,4530,4549,1,20
1651,9,48,4500,4505,4552,5,52
1659,5,48,4533,4534,4555,1,22
1652,10,48,4500,4506,4558,6,58
1660,9,48,4533,4535,4561,2,28
1661,1,48,4550,4551,4574,1,24
1662,2,48,4550,4552,4577,2,27
1663,6,48,4550,4553,4580,3,30
1672,8,48,4571,4572,4583,1,12
1666,11,48,4550,4556,4586,6,36
1668,13,48,4550,4558,4589,8,39
1670,5,48,4567,4568,4592,1,25
1664,7,48,4550,4554,4595,4,45
1673,1,48,4575,4577,4598,2,23
1665,10,48,4550,4555,4601,5,51
1667,12,48,4550,4557,4604,7,54
1669,14,48,4550,4559,4607,9,57
1674,2,48,4588,4589,4610,1,22
1675,7,48,4588,4590,4613,2,25
1671,9,48,4567,4569,4616,2,49
1676,1,48,4600,4602,4625,2,25
1677,5,48,4600,4603,4628,3,28
1683,8,48,4614,4616,4631,2,17
1678,6,48,4600,4604,4634,4,34
1681,11,48,4600,4607,4637,7,37
1682,13,48,4600,4608,4640,8,40
1684,1,48,4625,4627,4643,2,18
1685,2,48,4625,4628,4646,3,21
1686,7,48,4625,4629,4650,4,25
1679,9,48,4600,4605,4653,5,53
1687,12,48,4625,4630,4656,5,31
1688,14,48,4625,4631,4659,6,34
1689,5,48,4633,4634,4662,1,29
1680,10,48,4600,4606,4665,6,65
1691,1,48,4650,4651,4668,1,18
1692,6,48,4650,4652,4674,2,24
1696,8,48,4657,4658,4677,1,20
1697,2,48,4662,4664,4680,2,18
1698,7,48,4662,4665,4683,3,21
1699,5,48,4667,4669,4686,2,19
1694,11,48,4650,4654,4689,4,39
1701,1,48,4675,4676,4692,1,17
1695,13,48,4650,4655,4695,5,45
1690,9,48,4633,4635,4698,2,65
1693,10,48,4650,4653,4701,3,51
1700,9,48,4667,4670,4704,3,37
1702,1,48,4700,4701,4724,1,24
1703,2,48,4700,4702,4727,2,27
1704,5,48,4700,4703,4730,3,30
1707,8,48,4700,4706,4733,6,33
1710,11,48,4700,4709,4736,9,36
1712,13,48,4700,4711,4739,11,39
1705,6,48,4700,4704,4742,4,42
1706,7,48,4700,4705,4745,5,45
1714,1,48,4725,4727,4748,2,23
1708,9,48,4700,4707,4751,7,51
1711,12,48,4700,4710,4754,10,54
1713,14,48,4700,4712,4757,12,57
1715,5,48,4733,4735,4760,2,27
1720,1,48,4750,4752,4763,2,13
1719,8,48,4743,4745,4766,2,23
1717,2,48,4738,4739,4769,1,31
1721,6,48,4750,4753,4772,3,22
1718,7,48,4738,4740,4775,2,37
1723,11,48,4750,4755,4778,5,28
1724,13,48,4750,4756,4781,6,31
1709,10,48,4700,4708,4784,8,84
1725,5,48,4767,4769,4787,2,20
1716,9,48,4733,4736,4790,3,57
1727,1,48,4775,4776,4793,1,18
1728,2,48,4775,4777,4796,2,21
1732,8,48,4786,4788,4799,2,13
1730,12,48,4775,4779,4802,4,27
1731,14,48,4775,4780,4805,5,30
1729,7,48,4775,4778,4808,3,33
1722,10,48,4750,4754,4811,4,61
1726,9,48,4767,4770,4814,3,47
1733,1,48,4800,4802,4825,2,25
1734,5,48,4800,4803,4828,3,28
1740,2,48,4812,4814,4831,2,19
1738,11,48,4800,4807,4834,7,34
1739,13,48,4800,4808,4837,8,37
1741,7,48,4812,4815,4840,3,28
1735,6,48,4800,4804,4843,4,43
1742,1,48,4825,4827,4846,2,21
1743,8,48,4829,4830,4849,1,20
1736,9,48,4800,4805,4852,5,52
1744,5,48,4833,4834,4855,1,22
1737,10,48,4800,4806,4858,6,58
1745,9,48,4833,4835,4861,2,28
1746,1,48,4850,4851,4874,1,24
1747,2,48,4850,4852,4877,2,27
1748,6,48,4850,4853,4880,3,30
1757,8,48,4871,4872,4883,1,12
1751,11,48,4850,4856,4886,6,36
1753,13,48,4850,4858,4889,8,39
1755,5,48,4867,4868,4892,1,25
1749,7,48,4850,4854,4895,4,45
1758,1,48,4875,4877,4898,2,23
1750,10,48,4850,4855,4901,5,51
1752,12,48,4850,4857,4904,7,54
1754,14,48,4850,4859,4907,9,57
1759,2,48,4888,4889,4910,1,22
1760,7,48,4888,4890,4913,2,25
1756,9,48,4867,4869,4916,2,49
1761,1,48,4900,4902,4925,2,25
1762,5,48,4900,4903,4928,3,28
1768,8,48,4914,4916,4931,2,17
1763,6,48,4900,4904,4934,4,34
1766,11,48,4900,4907,4937,7,37
1767,13,48,4900,4908,4940,8,40
1769,1,48,4925,4927,4943,2,18
1770,2,48,4925,4928,4946,3,21
1771,7,48,4925,4929,4950,4,25
1764,9,48,4900,4905,4953,5,53
1772,12,48,4925,4930,4956,5,31
1773,14,48,4925,4931,4959,6,34
1774,5,48,4933,4934,4962,1,29
1765,10,48,4900,4906,4965,6,65
1776,1,48,4950,4951,4968,1,18
1777,6,48,4950,4952,4974,2,24
1781,8,48,4957,4958,4977,1,20
1782,2,48,4962,4964,4980,2,18
1783,7,48,4962,4965,4983,3,21
1784,5,48,4967,4969,4986,2,19
1779,11,48,4950,4954,4989,4,39
1786,1,48,4975,4976,4992,1,17
1780,13,48,4950,4955,4995,5,45
1775,9,48,4933,4935,4998,2,65
1778,10,48,4950,4953,5001,3,51
1785,9,48,4967,4970,5004,3,37
1787,1,48,5000,5001,5024,1,24
1788,2,48,5000,5002,5027,2,27
1789,5,48,5000,5003,5030,3,30
1792,8,48,5000,5006,5033,6,33
1795,11,48,5000,5009,5036,9,36
1797,13,48,5000,5011,5039,11,39
1790,6,48,5000,5004,5042,4,42
1791,7,48,5000,5005,5045,5,45
1799,1,48,5025,5027,5048,2,23
1793,9,48,5000,5007,5051,7,51
1796,12,48,5000,5010,5054,10,54
1798,14,48,5000,5012,5057,12,57
1800,5,48,5033,5035,5060,2,27
1805,1,48,5050,5052,5063,2,13
1804,8,48,5043,5045,5066,2,23
1802,2,48,5038,5039,5069,1,31
1806,6,48,5050,5053,5072,3,22
1803,7,48,5038,5040,5075,2,37
1808,11,48,5050,5055,5078,5,28
1809,13,48,5050,5056,5081,6,31
1794,10,48,5000,5008,5084,8,84
1810,5,48,5067,5069,5087,2,20
1801,9,48,5033,5036,5090,3,57
1812,1,48,5075,5076,5093,1,18
1813,2,48,5075,5077,5096,2,21
1817,8,48,5086,5088,5099,2,13
1815,12,48,5075,5079,5102,4,27
1816,14,48,5075,5080,5105,5,30
1814,7,48,5075,5078,5108,3,33
1807,10,48,5050,5054,5111,4,61
1811,9,48,5067,5070,5114,3,47
1818,1,48,5100,5102,5125,2,25
1819,5,48,5100,5103,5128,3,28
1825,2,48,5112,5114,5131,2,19
1823,11,48,5100,5107,5134,7,34
1824,13,48,5100,5108,5137,8,37
1826,7,48,5112,5115,5140,3,28
1820,6,48,5100,5104,5143,4,43
1827,1,48,5125,5127,5146,2,21
1828,8,48,5129,5130,5149,1,20
1821,9,48,5100,5105,5152,5,52
1829,5,48,5133,5134,5155,1,22
1822,10,48,5100,5106,5158,6,58
1830,9,48,5133,5135,5161,2,28
1831,1,48,5150,5151,5174,1,24
1832,2,48,5150,5152,5177,2,27
1833,6,48,5150,5153,5180,3,30
1842,8,48,5171,5172,5183,1,12
1836,11,48,5150,5156,5186,6,36
1838,13,48,5150,5158,5189,8,39
1840,5,48,5167,5168,5192,1,25
1834,7,48,5150,5154,5195,4,45
1843,1,48,5175,5177,5198,2,23
1835,10,48,5150,5155,5201,5,51
1837,12,48,5150,5157,5204,7,54
1839,14,48,5150,5159,5207,9,57
1844,2,48,5188,5189,5210,1,22
1845,7,48,5188,5190,5213,2,25
1841,9,48,5167,5169,5216,2,49
1846,1,48,5200,5202,5225,2,25
1847,5,48,5200,5203,5228,3,28
1853,8,48,5214,5216,5231,2,17
1848,6,48,5200,5204,5234,4,34
1851,11,48,5200,5207,5237,7,37
1852,13,48,5200,5208,5240,8,40
1854,1,48,5225,5227,5243,2,18
1855,2,48,5225,5228,5246,3,21
1856,7,48,5225,5229,5250,4,25
1849,9,48,5200,5205,5253,5,53
1857,12,48,5225,5230,5256,5,31
1858,14,48,5225,5231,5259,6,34
1859,5,48,5233,5234,5262,1,29
1850,10,48,5200,5206,5265,6,65
1861,1,48,5250,5251,5268,1,18
1862,6,48,5250,5252,5274,2,24
1866,8,48,5257,5258,5277,1,20
1867,2,48,5262,5264,5280,2,18
1868,7,48,5262,5265,5283,3,21
1869,5,48,5267,5269,5286,2,19
1864,11,48,5250,5254,5289,4,39
1871,1,48,5275,5276,5292,1,17
1865,13,48,5250,5255,5295,5,45
1860,9,48,5233,5235,5298,2,65
1863,10,48,5250,5253,5301,3,51
1870,9,48,5267,5270,5304,3,37
1872,1,48,5300,5301,5324,1,24
1873,2,48,5300,5302,5327,2,27
1874,5,48,5300,5303,5330,3,30
1877,8,48,5300,5306,5333,6,33
1880,11,48,5300,5309,5336,9,36
1882,13,48,5300,5311,5339,11,39
1875,6,48,5300,5304,5342,4,42
1876,7,48,5300,5305,5345,5,45
1884,1,48,5325,5327,5348,2,23
1878,9,48,5300,5307,5351,7,51
1881,12,48,5300,5310,5354,10,54
1883,14,48,5300,5312,5357,12,57
1885,5,48,5333,5335,5360,2,27
1890,1,48,5350,5352,5363,2,13
1889,8,48,5343,5345,5366,2,23
1887,2,48,5338,5339,5369,1,31
1891,6,48,5350,5353,5372,3,22
1888,7,48,5338,5340,5375,2,37
1893,11,48,5350,5355,5378,5,28
1894,13,48,5350,5356,5381,6,31
1879,10,48,5300,5308,5384,8,84
1895,5,48,5367,5369,5387,2,20
1886,9,48,5333,5336,5390,3,57
1897,1,48,5375,5376,5393,1,18
1898,2,48,5375,5377,5396,2,21
1902,8,48,5386,5388,5399,2,13
1900,12,48,5375,5379,5402,4,27
1901,14,48,5375,5380,5405,5,30
1899,7,48,5375,5378,5408,3,33
1892,10,48,5350,5354,5411,4,61
1896,9,48,5367,5370,5414,3,47
1903,1,48,5400,5402,5425,2,25
1904,5,48,5400,5403,5428,3,28
1910,2,48,5412,5414,5431,2,19
1908,11,48,5400,5407,5434,7,34
1909,13,48,5400,5408,5437,8,37
1911,7,48,5412,5415,5440,3,28
1905,6,48,5400,5404,5443,4,43
1912,1,48,5425,5427,5446,2,21
1913,8,48,5429,5430,5449,1,20
1906,9,48,5400,5405,5452,5,52
1914,5,48,5433,5434,5455,1,22
1907,10,48,5400,5406,5458,6,58
1915,9,48,5433,5435,5461,2,28
1916,1,48,5450,5451,5474,1,24
1917,2,48,5450,5452,5477,2,27
1918,6,48,5450,5453,5480,3,30
1927,8,48,5471,5472,5483,1,12
1921,11,48,5450,5456,5486,6,36
1923,13,48,5450,5458,5489,8,39
1925,5,48,5467,5468,5492,1,25
1919,7,48,5450,5454,5495,4,45
1928,1,48,5475,5477,5498,2,23
1920,10,48,5450,5455,5501,5,51
1922,12,48,5450,5457,5504,7,54
1924,14,48,5450,5459,5507,9,57
1929,2,48,5488,5489,5510,1,22
1930,7,48,5488,5490,5513,2,25
1926,9,48,5467,5469,5516,2,49
1931,1,48,5500,5502,5525,2,25
1932,5,48,5500,5503,5528,3,28
1938,8,48,5514,5516,5531,2,17
1933,6,48,5500,5504,5534,4,34
1936,11,48,5500,5507,5537,7,37
1937,13,48,5500,5508,5540,8,40
1939,1,48,5525,5527,5543,2,18
1940,2,48,5525,5528,5546,3,21
1941,7,48,5525,5529,5550,4,25
1934,9,48,5500,5505,5553,5,53
1942,12,48,5525,5530,5556,5,31
1943,14,48,5525,5531,5559,6,34
1944,5,48,5533,5534,5562,1,29
1935,10,48,5500,5506,5565,6,65
1946,1,48,5550,5551,5568,1,18
1947,6,48,5550,5552,5574,2,24
1951,8,48,5557,5558,5577,1,20
1952,2,48,5562,5564,5580,2,18
1953,7,48,5562,5565,5583,3,21
1954,5,48,5567,5569,5586,2,19
1949,11,48,5550,5554,5589,4,39
1956,1,48,5575,5576,5592,1,17
1950,13,48,5550,5555,5595,5,45
1945,9,48,5533,5535,5598,2,65
1948,10,48,5550,5553,5601,3,51
1955,9,48,5567,5570,5604,3,37
1957,1,48,5600,5601,5624,1,24
1958,2,48,5600,5602,5627,2,27
1959,5,48,5600,5603,5630,3,30
1962,8,48,5600,5606,5633,6,33
1965,11,48,5600,5609,5636,9,36
1967,13,48,5600,5611,5639,11,39
1960,6,48,5600,5604,5642,4,42
1961,7,48,5600,5605,5645,5,45
1969,1,48,5625,5627,5648,2,23
1963,9,48,5600,5607,5651,7,51
1966,12,48,5600,5610,5654,10,54
1968,14,48,5600,5612,5657,12,57
1970,5,48,5633,5635,5660,2,27
1975,1,48,5650,5652,5663,2,13
1974,8,48,5643,5645,5666,2,23
1972,2,48,5638,5639,5669,1,31
1976,6,48,5650,5653,5672,3,22
1973,7,48,5638,5640,5675,2,37
1978,11,48,5650,5655,5678,5,28
1979,13,48,5650,5656,5681,6,31
1964,10,48,5600,5608,5684,8,84
1980,5,48,5667,5669,5687,2,20
1971,9,48,5633,5636,5690,3,57
1982,1,48,5675,5676,5693,1,18
1983,2,48,5675,5677,5696,2,21
1987,8,48,5686,5688,5699,2,13
1985,12,48,5675,5679,5702,4,27
1986,14,48,5675,5680,5705,5,30
1984,7,48,5675,5678,5708,3,33
1977,10,48,5650,5654,5711,4,61
1981,9,48,5667,5670,5714,3,47
1988,1,48,5700,5702,5725,2,25
1989,5,48,5700,5703,5728,3,28
1995,2,48,5712,5714,5731,2,19
1993,11,48,5700,5707,5734,7,34
1994,13,48,5700,5708,5737,8,37
1996,7,48,5712,5715,5740,3,28
1990,6,48,5700,5704,5743,4,43
1997,1,48,5725,5727,5746,2,21
1998,8,48,5729,5730,5749,1,20
1991,9,48,5700,5705,5752,5,52
1999,5,48,5733,5734,5755,1,22
1992,10,48,5700,5706,5758,6,58
2000,9,48,5733,5735,5761,2,28
2001,1,48,5750,5751,5774,1,24
2002,2,48,5750,5752,5777,2,27
2003,6,48,5750,5753,5780,3,30
2012,8,48,5771,5772,5783,1,12
2006,11,48,5750,5756,5786,6,36
2008,13,48,5750,5758,5789,8,39
2010,5,48,5767,5768,5792,1,25
2004,7,48,5750,5754,5795,4,45
2013,1,48,5775,5777,5798,2,23
2005,10,48,5750,5755,5801,5,51
2007,12,48,5750,5757,5804,7,54
2009,14,48,5750,5759,5807,9,57
2014,2,48,5788,5789,5810,1,22
2015,7,48,5788,5790,5813,2,25
2011,9,48,5767,5769,5816,2,49
2016,1,48,5800,5802,5825,2,25
2017,5,48,5800,5803,5828,3,28
2023,8,48,5814,5816,5831,2,17
2018,6,48,5800,5804,5834,4,34
2021,11,48,5800,5807,5837,7,37
2022,13,48,5800,5808,5840,8,40
2024,1,48,5825,5827,5843,2,18
2025,2,48,5825,5828,5846,3,21
2026,7,48,5825,5829,5850,4,25
2019,9,48,5800,5805,5853,5,53
2027,12,48,5825,5830,5856,5,31
2028,14,48,5825,5831,5859,6,34
2029,5,48,5833,5834,5862,1,29
2020,10,48,5800,5806,5865,6,65
2031,1,48,5850,5851,5868,1,18
2032,6,48,5850,5852,5874,2,24
2036,8,48,5857,5858,5877,1,20
2037,2,48,5862,5864,5880,2,18
2038,7,48,5862,5865,5883,3,21
2039,5,48,5867,5869,5886,2,19
2034,11,48,5850,5854,5889,4,39
2041,1,48,5875,5876,5892,1,17
2035,13,48,5850,5855,5895,5,45
2030,9,48,5833,5835,5898,2,65
2033,10,48,5850,5853,5901,3,51
2040,9,48,5867,5870,5904,3,37
2042,1,48,5900,5901,5924,1,24
2043,2,48,5900,5902,5927,2,27
2044,5,48,5900,5903,5930,3,30
2047,8,48,5900,5906,5933,6,33
2050,11,48,5900,5909,5936,9,36
2052,13,48,5900,5911,5939,11,39
2045,6,48,5900,5904,5942,4,42
2046,7,48,5900,5905,5945,5,45
2054,1,48,5925,5927,5948,2,23
2048,9,48,5900,5907,5951,7,51
2051,12,48,5900,5910,5954,10,54
2053,14,48,5900,5912,5957,12,57
2055,5,48,5933,5935,5960,2,27
2060,1,48,5950,5952,5963,2,13
2059,8,48,5943,5945,5966,2,23
2057,2,48,5938,5939,5969,1,31
2061,6,48,5950,5953,5972,3,22
2058,7,48,5938,5940,5975,2,37
2063,11,48,5950,5955,5978,5,28
2064,13,48,5950,5956,5981,6,31
2049,10,48,5900,5908,5984,8,84
2065,5,48,5967,5969,5987,2,20
2056,9,48,5933,5936,5990,3,57
2067,1,48,5975,5976,5993,1,18
2068,2,48,5975,5977,5996,2,21
2072,8,48,5986,5988,5999,2,13
2070,12,48,5975,5979,6002,4,27
2071,14,48,5975,5980,6005,5,30
2069,7,48,5975,5978,6008,3,33
2062,10,48,5950,5954,6011,4,61
2066,9,48,5967,5970,6014,3,47
2073,1,48,6000,6002,6025,2,25
2074,5,48,6000,6003,6028,3,28
2080,2,48,6012,6014,6031,2,19
2078,11,48,6000,6007,6034,7,34
2079,13,48,6000,6008,6037,8,37
2081,7,48,6012,6015,6040,3,28
2075,6,48,6000,6004,6043,4,43
2082,1,48,6025,6027,6046,2,21
2083,8,48,6029,6030,6049,1,20
2076,9,48,6000,6005,6052,5,52
2084,5,48,6033,6034,6055,1,22
2077,10,48,6000,6006,6058,6,58
2085,9,48,6033,6035,6061,2,28
2086,1,48,6050,6051,6074,1,24
2087,2,48,6050,6052,6077,2,27
2088,6,48,6050,6053,6080,3,30
2097,8,48,6071,6072,6083,1,12
2091,11,48,6050,6056,6086,6,36
2093,13,48,6050,6058,6089,8,39
2095,5,48,6067,6068,6092,1,25
2089,7,48,6050,6054,6095,4,45
2098,1,48,6075,6077,6098,2,23
2090,10,48,6050,6055,6101,5,51
2092,12,48,6050,6057,6104,7,54
2094,14,48,6050,6059,6107,9,57
2099,2,48,6088,6089,6110,1,22
2100,7,48,6088,6090,6113,2,25
2096,9,48,6067,6069,6116,2,49
2101,1,48,6100,6102,6125,2,25
2102,5,48,6100,6103,6128,3,28
2108,8,48,6114,6116,6131,2,17
2103,6,48,6100,6104,6134,4,34
2106,11,48,6100,6107,6137,7,37
2107,13,48,6100,6108,6140,8,40
2109,1,48,6125,6127,6143,2,18
2110,2,48,6125,6128,6146,3,21
2111,7,48,6125,6129,6150,4,25
2104,9,48,6100,6105,6153,5,53
2112,12,48,6125,6130,6156,5,31
2113,14,48,6125,6131,6159,6,34
2114,5,48,6133,6134,6162,1,29
2105,10,48,6100,6106,6165,6,65
2116,1,48,6150,6151,6168,1,18
2117,6,48,6150,6152,6174,2,24
2121,8,48,6157,6158,6177,1,20
2122,2,48,6162,6164,6180,2,18
2123,7,48,6162,6165,6183,3,21
2124,5,48,6167,6169,6186,2,19
2119,11,48,6150,6154,6189,4,39
2126,1,48,6175,6176,6192,1,17
2120,13,48,6150,6155,6195,5,45
2115,9,48,6133,6135,6198,2,65
2118,10,48,6150,6153,6201,3,51
2125,9,48,6167,6170,6204,3,37
2127,1,48,6200,6201,6224,1,24
2128,2,48,6200,6202,6227,2,27
2129,5,48,6200,6203,6230,3,30
2132,8,48,6200,6206,6233,6,33
2135,11,48,6200,6209,6236,9,36
2137,13,48,6200,6211,6239,11,39
2130,6,48,6200,6204,6242,4,42
2131,7,48,6200,6205,6245,5,45
2139,1,48,6225,6227,6248,2,23
2133,9,48,6200,6207,6251,7,51
2136,12,48,6200,6210,6254,10,54
2138,14,48,6200,6212,6257,12,57
2140,5,48,6233,6235,6260,2,27
2145,1,48,6250,6252,6263,2,13
2144,8,48,6243,6245,6266,2,23
2142,2,48,6238,6239,6269,1,31
2146,6,48,6250,6253,6272,3,22
2143,7,48,6238,6240,6275,2,37
2148,11,48,6250,6255,6278,5,28
2149,13,48,6250,6256,6281,6,31
2134,10,48,6200,6208,6284,8,84
2150,5,48,6267,6269,6287,2,20
2141,9,48,6233,6236,6290,3,57
2152,1,48,6275,6276,6293,1,18
2153,2,48,6275,6277,6296,2,21
2157,8,48,6286,6288,6299,2,13
2155,12,48,6275,6279,6302,4,27
2156,14,48,6275,6280,6305,5,30
2154,7,48,6275,6278,6308,3,33
2147,10,48,6250,6254,6311,4,61
2151,9,48,6267,6270,6314,3,47
2158,1,48,6300,6302,6325,2,25
2159,5,48,6300,6303,6328,3,28
2165,2,48,6312,6314,6331,2,19
2163,11,48,6300,6307,6334,7,34
2164,13,48,6300,6308,6337,8,37
2166,7,48,6312,6315,6340,3,28
2160,6,48,6300,6304,6343,4,43
2167,1,48,6325,6327,6346,2,21
2168,8,48,6329,6330,6349,1,20
2161,9,48,6300,6305,6352,5,52
2169,5,48,6333,6334,6355,1,22
2162,10,48,6300,6306,6358,6,58
2170,9,48,6333,6335,6361,2,28
2171,1,48,6350,6351,6374,1,24
2172,2,48,6350,6352,6377,2,27
2173,6,48,6350,6353,6380,3,30
2182,8,48,6371,6372,6383,1,12
2176,11,48,6350,6356,6386,6,36
2178,13,48,6350,6358,6389,8,39
2180,5,48,6367,6368,6392,1,25
2174,7,48,6350,6354,6395,4,45
2183,1,48,6375,6377,6398,2,23
2175,10,48,6350,6355,6401,5,51
2177,12,48,6350,6357,6404,7,54
2179,14,48,6350,6359,6407,9,57
2184,2,48,6388,6389,6410,1,22
2185,7,48,6388,6390,6413,2,25
2181,9,48,6367,6369,6416,2,49
2186,1,48,6400,6402,6425,2,25
2187,5,48,6400,6403,6428,3,28
2193,8,48,6414,6416,6431,2,17
2188,6,48,6400,6404,6434,4,34
2191,11,48,6400,6407,6437,7,37
2192,13,48,6400,6408,6440,8,40
2194,1,48,6425,6427,6443,2,18
2195,2,48,6425,6428,6446,3,21
2196,7,48,6425,6429,6450,4,25
2189,9,48,6400,6405,6453,5,53
2197,12,48,6425,6430,6456,5,31
2198,14,48,6425,6431,6459,6,34
2199,5,48,6433,6434,6462,1,29
2190,10,48,6400,6406,6465,6,65
2201,1,48,6450,6451,6468,1,18
2202,6,48,6450,6452,6474,2,24
2206,8,48,6457,6458,6477,1,20
2207,2,48,6462,6464,6480,2,18
2208,7,48,6462,6465,6483,3,21
2209,5,48,6467,6469,6486,2,19
2204,11,48,6450,6454,6489,4,39
2211,1,48,6475,6476,6492,1,17
2205,13,48,6450,6455,6495,5,45
2200,9,48,6433,6435,6498,2,65
2203,10,48,6450,6453,6501,3,51
2210,9,48,6467,6470,6504,3,37
2212,1,48,6500,6501,6524,1,24
2213,2,48,6500,6502,6527,2,27
2214,5,48,6500,6503,6530,3,30
2217,8,48,6500,6506,6533,6,33
2220,11,48,6500,6509,6536,9,36
2222,13,48,6500,6511,6539,11,39
2215,6,48,6500,6504,6542,4,42
2216,7,48,6500,6505,6545,5,45
2224,1,48,6525,6527,6548,2,23
2218,9,48,6500,6507,6551,7,51
2221,12,48,6500,6510,6554,10,54
2223,14,48,6500,6512,6557,12,57
2225,5,48,6533,6535,6560,2,27
2230,1,48,6550,6552,6563,2,13
2229,8,48,6543,6545,6566,2,23
2227,2,48,6538,6539,6569,1,31
2231,6,48,6550,6553,6572,3,22
2228,7,48,6538,6540,6575,2,37
2233,11,48,6550,6555,6578,5,28
2234,13,48,6550,6556,6581,6,31
2219,10,48,6500,6508,6584,8,84
2235,5,48,6567,6569,6587,2,20
2226,9,48,6533,6536,6590,3,57
2237,1,48,6575,6576,6593,1,18
2238,2,48,6575,6577,6596,2,21
2242,8,48,6586,6588,6599,2,13
2240,12,48,6575,6579,6602,4,27
2241,14,48,6575,6580,6605,5,30
2239,7,48,6575,6578,6608,3,33
2232,10,48,6550,6554,6611,4,61
2236,9,48,6567,6570,6614,3,47
2243,1,48,6600,6602,6625,2,25
2244,5,48,6600,6603,6628,3,28
2250,2,48,6612,6614,6631,2,19
2248,11,48,6600,6607,6634,7,34
2249,13,48,6600,6608,6637,8,37
2251,7,48,6612,6615,6640,3,28
2245,6,48,6600,6604,6643,4,43
2252,1,48,6625,6627,6646,2,21
2253,8,48,6629,6630,6649,1,20
2246,9,48,6600,6605,6652,5,52
2254,5,48,6633,6634,6655,1,22
2247,10,48,6600,6606,6658,6,58
2255,9,48,6633,6635,6661,2,28
2256,1,48,6650,6651,6674,1,24
2257,2,48,6650,6652,6677,2,27
2258,6,48,6650,6653,6680,3,30
2267,8,48,6671,6672,6683,1,12
2261,11,48,6650,6656,6686,6,36
2263,13,48,6650,6658,6689,8,39
2265,5,48,6667,6668,6692,1,25
2259,7,48,6650,6654,6695,4,45
2268,1,48,6675,6677,6698,2,23
2260,10,48,6650,6655,6701,5,51
2262,12,48,6650,6657,6704,7,54
2264,14,48,6650,6659,6707,9,57
2269,2,48,6688,6689,6710,1,22
2270,7,48,6688,6690,6713,2,25
2266,9,48,6667,6669,6716,2,49
2271,1,48,6700,6702,6725,2,25
2272,5,48,6700,6703,6728,3,28
2278,8,48,6714,6716,6731,2,17
2273,6,48,6700,6704,6734,4,34
2276,11,48,6700,6707,6737,7,37
2277,13,48,6700,6708,6740,8,40
2279,1,48,6725,6727,6743,2,18
2280,2,48,6725,6728,6746,3,21
2281,7,48,6725,6729,6750,4,25
2274,9,48,6700,6705,6753,5,53
2282,12,48,6725,6730,6756,5,31
2283,14,48,6725,6731,6759,6,34
2284,5,48,6733,6734,6762,1,29
2275,10,48,6700,6706,6765,6,65
2286,1,48,6750,6751,6768,1,18
2287,6,48,6750,6752,6774,2,24
2291,8,48,6757,6758,6777,1,20
2292,2,48,6762,6764,6780,2,18
2293,7,48,6762,6765,6783,3,21
2294,5,48,6767,6769,6786,2,19
2289,11,48,6750,6754,6789,4,39
2296,1,48,6775,6776,6792,1,17
2290,13,48,6750,6755,6795,5,45
2285,9,48,6733,6735,6798,2,65
2288,10,48,6750,6753,6801,3,51
2295,9,48,6767,6770,6804,3,37
2297,1,48,6800,6801,6824,1,24
2298,2,48,6800,6802,6827,2,27
2299,5,48,6800,6803,6830,3,30
2302,8,48,6800,6806,6833,6,33
2305,11,48,6800,6809,6836,9,36
2307,13,48,6800,6811,6839,11,39
2300,6,48,6800,6804,6842,4,42
2301,7,48,6800,6805,6845,5,45
2309,1,48,6825,6827,6848,2,23
2303,9,48,6800,6807,6851,7,51
2306,12,48,6800,6810,6854,10,54
2308,14,48,6800,6812,6857,12,57
2310,5,48,6833,6835,6860,2,27
2315,1,48,6850,6852,6863,2,13
2314,8,48,6843,6845,6866,2,23
2312,2,48,6838,6839,6869,1,31
2316,6,48,6850,6853,6872,3,22
2313,7,48,6838,6840,6875,2,37
2318,11,48,6850,6855,6878,5,28
2319,13,48,6850,6856,6881,6,31
2304,10,48,6800,6808,6884,8,84
2320,5,48,6867,6869,6887,2,20
2311,9,48,6833,6836,6890,3,57
2322,1,48,6875,6876,6893,1,18
2323,2,48,6875,6877,6896,2,21
2327,8,48,6886,6888,6899,2,13
2325,12,48,6875,6879,6902,4,27
2326,14,48,6875,6880,6905,5,30
2324,7,48,6875,6878,6908,3,33
2317,10,48,6850,6854,6911,4,61
2321,9,48,6867,6870,6914,3,47
2328,1,48,6900,6902,6925,2,25
2329,5,48,6900,6903,6928,3,28
2335,2,48,6912,6914,6931,2,19
2333,11,48,6900,6907,6934,7,34
2334,13,48,6900,6908,6937,8,37
2336,7,48,6912,6915,6940,3,28
2330,6,48,6900,6904,6943,4,43
2337,1,48,6925,6927,6946,2,21
2338,8,48,6929,6930,6949,1,20
2331,9,48,6900,6905,6952,5,52
2339,5,48,6933,6934,6955,1,22
2332,10,48,6900,6906,6958,6,58
2340,9,48,6933,6935,6961,2,28
2341,1,48,6950,6951,6974,1,24
2342,2,48,6950,6952,6977,2,27
2343,6,48,6950,6953,6980,3,30
2352,8,48,6971,6972,6983,1,12
2346,11,48,6950,6956,6986,6,36
2348,13,48,6950,6958,6989,8,39
2350,5,48,6967,6968,6992,1,25
2344,7,48,6950,6954,6995,4,45
2353,1,48,6975,6977,6998,2,23
2345,10,48,6950,6955,7001,5,51
2347,12,48,6950,6957,7004,7,54
2349,14,48,6950,6959,7007,9,57
2354,2,48,6988,6989,7010,1,22
2355,7,48,6988,6990,7013,2,25
2351,9,48,6967,6969,7016,2,49
2356,1,48,7000,7002,7025,2,25
2357,5,48,7000,7003,7028,3,28
2363,8,48,7014,7016,7031,2,17
2358,6,48,7000,7004,7034,4,34
2361,11,48,7000,7007,7037,7,37
2362,13,48,7000,7008,7040,8,40
2364,1,48,7025,7027,7043,2,18
2365,2,48,7025,7028,7046,3,21
2366,7,48,7025,7029,7050,4,25
2359,9,48,7000,7005,7053,5,53
2367,12,48,7025,7030,7056,5,31
2368,14,48,7025,7031,7059,6,34
2369,5,48,7033,7034,7062,1,29
2360,10,48,7000,7006,7065,6,65
2371,1,48,7050,7051,7068,1,18
2372,6,48,7050,7052,7074,2,24
2376,8,48,7057,7058,7077,1,20
2377,2,48,7062,7064,7080,2,18
2378,7,48,7062,7065,7083,3,21
2379,5,48,7067,7069,7086,2,19
2374,11,48,7050,7054,7089,4,39
2381,1,48,7075,7076,7092,1,17
2375,13,48,7050,7055,7095,5,45
2370,9,48,7033,7035,7098,2,65
2373,10,48,7050,7053,7101,3,51
2380,9,48,7067,7070,7104,3,37
2382,1,48,7100,7101,7124,1,24
2383,2,48,7100,7102,7127,2,27
2384,5,48,7100,7103,7130,3,30
2387,8,48,7100,7106,7133,6,33
2390,11,48,7100,7109,7136,9,36
2392,13,48,7100,7111,7139,11,39
2385,6,48,7100,7104,7142,4,42
2386,7,48,7100,7105,7145,5,45
2394,1,48,7125,7127,7148,2,23
2388,9,48,7100,7107,7151,7,51
2391,12,48,7100,7110,7154,10,54
2393,14,48,7100,7112,7157,12,57
2395,5,48,7133,7135,7160,2,27
2400,1,48,7150,7152,7163,2,13
2399,8,48,7143,7145,7166,2,23
2397,2,48,7138,7139,7169,1,31
2401,6,48,7150,7153,7172,3,22
2398,7,48,7138,7140,7175,2,37
2403,11,48,7150,7155,7178,5,28
2404,13,48,7150,7156,7181,6,31
2389,10,48,7100,7108,7184,8,84
2405,5,48,7167,7169,7187,2,20
2396,9,48,7133,7136,7190,3,57
2407,1,48,7175,7176,7193,1,18
2408,2,48,7175,7177,7196,2,21
2412,8,48,7186,7188,7199,2,13
2410,12,48,7175,7179,7202,4,27
2411,14,48,7175,7180,7205,5,30
2409,7,48,7175,7178,7208,3,33
2402,10,48,7150,7154,7211,4,61
2406,9,48,7167,7170,7214,3,47
2413,1,48,7200,7202,7225,2,25
2414,5,48,7200,7203,7228,3,28
2420,2,48,7212,7214,7231,2,19
2418,11,48,7200,7207,7234,7,34
2419,13,48,7200,7208,7237,8,37
2421,7,48,7212,7215,7240,3,28
2415,6,48,7200,7204,7243,4,43
2422,1,48,7225,7227,7246,2,21
2423,8,48,7229,7230,7249,1,20
2416,9,48,7200,7205,7252,5,52
2424,5,48,7233,7234,7255,1,22
2417,10,48,7200,7206,7258,6,58
2425,9,48,7233,7235,7261,2,28
2426,1,48,7250,7251,7274,1,24
2427,2,48,7250,7252,7277,2,27
2428,6,48,7250,7253,7280,3,30
2437,8,48,7271,7272,7283,1,12
2431,11,48,7250,7256,7286,6,36
2433,13,48,7250,7258,7289,8,39
2435,5,48,7267,7268,7292,1,25
2429,7,48,7250,7254,7295,4,45
2438,1,48,7275,7277,7298,2,23
2430,10,48,7250,7255,7301,5,51
2432,12,48,7250,7257,7304,7,54
2434,14,48,7250,7259,7307,9,57
2439,2,48,7288,7289,7310,1,22
2440,7,48,7288,7290,7313,2,25
2436,9,48,7267,7269,7316,2,49
2441,1,48,7300,7302,7325,2,25
2442,5,48,7300,7303,7328,3,28
2448,8,48,7314,7316,7331,2,17
2443,6,48,7300,7304,7334,4,34
2446,11,48,7300,7307,7337,7,37
2447,13,48,7300,7308,7340,8,40
2449,1,48,7325,7327,7343,2,18
2450,2,48,7325,7328,7346,3,21
2451,7,48,7325,7329,7350,4,25
2444,9,48,7300,7305,7353,5,53
2452,12,48,7325,7330,7356,5,31
2453,14,48,7325,7331,7359,6,34
2454,5,48,7333,7334,7362,1,29
2445,10,48,7300,7306,7365,6,65
2456,1,48,7350,7351,7368,1,18
2457,6,48,7350,7352,7374,2,24
2461,8,48,7357,7358,7377,1,20
2462,2,48,7362,7364,7380,2,18
2463,7,48,7362,7365,7383,3,21
2464,5,48,7367,7369,7386,2,19
2459,11,48,7350,7354,7389,4,39
2466,1,48,7375,7376,7392,1,17
2460,13,48,7350,7355,7395,5,45
2455,9,48,7333,7335,7398,2,65
2458,10,48,7350,7353,7401,3,51
2465,9,48,7367,7370,7404,3,37
2467,1,48,7400,7401,7424,1,24
2468,2,48,7400,7402,7427,2,27
2469,5,48,7400,7403,7430,3,30
2472,8,48,7400,7406,7433,6,33
2475,11,48,7400,7409,7436,9,36
2477,13,48,7400,7411,7439,11,39
2470,6,48,7400,7404,7442,4,42
2471,7,48,7400,7405,7445,5,45
2479,1,48,7425,7427,7448,2,23
2473,9,48,7400,7407,7451,7,51
2476,12,48,7400,7410,7454,10,54
2478,14,48,7400,7412,7457,12,57
2480,5,48,7433,7435,7460,2,27
2485,1,48,7450,7452,7463,2,13
2484,8,48,7443,7445,7466,2,23
2482,2,48,7438,7439,7469,1,31
2486,6,48,7450,7453,7472,3,22
2483,7,48,7438,7440,7475,2,37
2488,11,48,7450,7455,7478,5,28
2489,13,48,7450,7456,7481,6,31
2474,10,48,7400,7408,7484,8,84
2490,5,48,7467,7469,7487,2,20
2481,9,48,7433,7436,7490,3,57
2492,1,48,7475,7476,7493,1,18
2493,2,48,7475,7477,7496,2,21
2497,8,48,7486,7488,7499,2,13
2495,12,48,7475,7479,7502,4,27
2496,14,48,7475,7480,7505,5,30
2494,7,48,7475,7478,7508,3,33
2487,10,48,7450,7454,7511,4,61
2491,9,48,7467,7470,7514,3,47
2498,1,48,7500,7502,7525,2,25
2499,5,48,7500,7503,7528,3,28
2505,2,48,7512,7514,7531,2,19
2503,11,48,7500,7507,7534,7,34
2504,13,48,7500,7508,7537,8,37
2506,7,48,7512,7515,7540,3,28
2500,6,48,7500,7504,7543,4,43
2507,1,48,7525,7527,7546,2,21
2508,8,48,7529,7530,7549,1,20
2501,9,48,7500,7505,7552,5,52
2509,5,48,7533,7534,7555,1,22
2502,10,48,7500,7506,7558,6,58
2510,9,48,7533,7535,7561,2,28
2511,1,48,7550,7551,7574,1,24
2512,2,48,7550,7552,7577,2,27
2513,6,48,7550,7553,7580,3,30
2522,8,48,7571,7572,7583,1,12
2516,11,48,7550,7556,7586,6,36
2518,13,48,7550,7558,7589,8,39
2520,5,48,7567,7568,7592,1,25
2514,7,48,7550,7554,7595,4,45
2523,1,48,7575,7577,7598,2,23
2515,10,48,7550,7555,7601,5,51
2517,12,48,7550,7557,7604,7,54
2519,14,48,7550,7559,7607,9,57
2524,2,48,7588,7589,7610,1,22
2525,7,48,7588,7590,7613,2,25
2521,9,48,7567,7569,7616,2,49
2526,1,48,7600,7602,7625,2,25
2527,5,48,7600,7603,7628,3,28
2533,8,48,7614,7616,7631,2,17
2528,6,48,7600,7604,7634,4,34
2531,11,48,7600,7607,7637,7,37
2532,13,48,7600,7608,7640,8,40
2534,1,48,7625,7627,7643,2,18
2535,2,48,7625,7628,7646,3,21
2536,7,48,7625,7629,7650,4,25
2529,9,48,7600,7605,7653,5,53
2537,12,48,7625,7630,7656,5,31
2538,14,48,7625,7631,7659,6,34
2539,5,48,7633,7634,7662,1,29
2530,10,48,7600,7606,7665,6,65
2541,1,48,7650,7651,7668,1,18
2542,6,48,7650,7652,7674,2,24
2546,8,48,7657,7658,7677,1,20
2547,2,48,7662,7664,7680,2,18
2548,7,48,7662,7665,7683,3,21
2549,5,48,7667,7669,7686,2,19
2544,11,48,7650,7654,7689,4,39
2551,1,48,7675,7676,7692,1,17
2545,13,48,7650,7655,7695,5,45
2540,9,48,7633,7635,7698,2,65
2543,10,48,7650,7653,7701,3,51
2550,9,48,7667,7670,7704,3,37
2552,1,48,7700,7701,7724,1,24
2553,2,48,7700,7702,7727,2,27
2554,5,48,7700,7703,7730,3,30
2557,8,48,7700,7706,7733,6,33
2560,11,48,7700,7709,7736,9,36
2562,13,48,7700,7711,7739,11,39
2555,6,48,7700,7704,7742,4,42
2556,7,48,7700,7705,7745,5,45
2564,1,48,7725,7727,7748,2,23
2558,9,48,7700,7707,7751,7,51
2561,12,48,7700,7710,7754,10,54
2563,14,48,7700,7712,7757,12,57
2565,5,48,7733,7735,7760,2,27
2570,1,48,7750,7752,7763,2,13
2569,8,48,7743,7745,7766,2,23
2567,2,48,7738,7739,7769,1,31
2571,6,48,7750,7753,7772,3,22
2568,7,48,7738,7740,7775,2,37
2573,11,48,7750,7755,7778,5,28
2574,13,48,7750,7756,7781,6,31
2559,10,48,7700,7708,7784,8,84
2575,5,48,7767,7769,7787,2,20
2566,9,48,7733,7736,7790,3,57
2577,1,48,7775,7776,7793,1,18
2578,2,48,7775,7777,7796,2,21
2582,8,48,7786,7788,7799,2,13
2580,12,48,7775,7779,7802,4,27
2581,14,48,7775,7780,7805,5,30
2579,7,48,7775,7778,7808,3,33
2572,10,48,7750,7754,7811,4,61
2576,9,48,7767,7770,7814,3,47
2583,1,48,7800,7802,7825,2,25
2584,5,48,7800,7803,7828,3,28
2590,2,48,7812,7814,7831,2,19
2588,11,48,7800,7807,7834,7,34
2589,13,48,7800,7808,7837,8,37
2591,7,48,7812,7815,7840,3,28
2585,6,48,7800,7804,7843,4,43
2592,1,48,7825,7827,7846,2,21
2593,8,48,7829,7830,7849,1,20
2586,9,48,7800,7805,7852,5,52
2594,5,48,7833,7834,7855,1,22
2587,10,48,7800,7806,7858,6,58
2595,9,48,7833,7835,7861,2,28
2596,1,48,7850,7851,7874,1,24
2597,2,48,7850,7852,7877,2,27
2598,6,48,7850,7853,7880,3,30
2607,8,48,7871,7872,7883,1,12
2601,11,48,7850,7856,7886,6,36
2603,13,48,7850,7858,7889,8,39
2605,5,48,7867,7868,7892,1,25
2599,7,48,7850,7854,7895,4,45
2608,1,48,7875,7877,7898,2,23
2600,10,48,7850,7855,7901,5,51
2602,12,48,7850,7857,7904,7,54
2604,14,48,7850,7859,7907,9,57
2609,2,48,7888,7889,7910,1,22
2610,7,48,7888,7890,7913,2,25
2606,9,48,7867,7869,7916,2,49
2611,1,48,7900,7902,7925,2,25
2612,5,48,7900,7903,7928,3,28
2618,8,48,7914,7916,7931,2,17
2613,6,48,7900,7904,7934,4,34
2616,11,48,7900,7907,7937,7,37
2617,13,48,7900,7908,7940,8,40
2619,1,48,7925,7927,7943,2,18
2620,2,48,7925,7928,7946,3,21
2621,7,48,7925,7929,7950,4,25
2614,9,48,7900,7905,7953,5,53
2622,12,48,7925,7930,7956,5,31
2623,14,48,7925,7931,7959,6,34
2624,5,48,7933,7934,7962,1,29
2615,10,48,7900,7906,7965,6,65
2626,1,48,7950,7951,7968,1,18
2627,6,48,7950,7952,7974,2,24
2631,8,48,7957,7958,7977,1,20
2632,2,48,7962,7964,7980,2,18
2633,7,48,7962,7965,7983,3,21
2634,5,48,7967,7969,7986,2,19
2629,11,48,7950,7954,7989,4,39
2636,1,48,7975,7976,7992,1,17
2630,13,48,7950,7955,7995,5,45
2625,9,48,7933,7935,7998,2,65
2628,10,48,7950,7953,8001,3,51
2635,9,48,7967,7970,8004,3,37
2637,1,48,8000,8001,8024,1,24
2638,2,48,8000,8002,8027,2,27
2639,5,48,8000,8003,8030,3,30
2642,8,48,8000,8006,8033,6,33
2645,11,48,8000,8009,8036,9,36
2647,13,48,8000,8011,8039,11,39
2640,6,48,8000,8004,8042,4,42
2641,7,48,8000,8005,8045,5,45
2649,1,48,8025,8027,8048,2,23
2643,9,48,8000,8007,8051,7,51
2646,12,48,8000,8010,8054,10,54
2648,14,48,8000,8012,8057,12,57
2650,5,48,8033,8035,8060,2,27
2655,1,48,8050,8052,8063,2,13
2654,8,48,8043,8045,8066,2,23
2652,2,48,8038,8039,8069,1,31
2656,6,48,8050,8053,8072,3,22
2653,7,48,8038,8040,8075,2,37
2658,11,48,8050,8055,8078,5,28
2659,13,48,8050,8056,8081,6,31
2644,10,48,8000,8008,8084,8,84
2660,5,48,8067,8069,8087,2,20
2651,9,48,8033,8036,8090,3,57
2662,1,48,8075,8076,8093,1,18
2663,2,48,8075,8077,8096,2,21
2667,8,48,8086,8088,8099,2,13
2665,12,48,8075,8079,8102,4,27
2666,14,48,8075,8080,8105,5,30
2664,7,48,8075,8078,8108,3,33
2657,10,48,8050,8054,8111,4,61
2661,9,48,8067,8070,8114,3,47
2668,1,48,8100,8102,8125,2,25
2669,5,48,8100,8103,8128,3,28
2675,2,48,8112,8114,8131,2,19
2673,11,48,8100,8107,8134,7,34
2674,13,48,8100,8108,8137,8,37
2676,7,48,8112,8115,8140,3,28
2670,6,48,8100,8104,8143,4,43
2677,1,48,8125,8127,8146,2,21
2678,8,48,8129,8130,8149,1,20
2671,9,48,8100,8105,8152,5,52
2679,5,48,8133,8134,8155,1,22
2672,10,48,8100,8106,8158,6,58
2680,9,48,8133,8135,8161,2,28
2681,1,48,8150,8151,8174,1,24
2682,2,48,8150,8152,8177,2,27
2683,6,48,8150,8153,8180,3,30
2692,8,48,8171,8172,8183,1,12
2686,11,48,8150,8156,8186,6,36
2688,13,48,8150,8158,8189,8,39
2690,5,48,8167,8168,8192,1,25
2684,7,48,8150,8154,8195,4,45
2693,1,48,8175,8177,8198,2,23
2685,10,48,8150,8155,8201,5,51
2687,12,48,8150,8157,8204,7,54
2689,14,48,8150,8159,8207,9,57
2694,2,48,8188,8189,8210,1,22
2695,7,48,8188,8190,8213,2,25
2691,9,48,8167,8169,8216,2,49
2696,1,48,8200,8202,8225,2,25
2697,5,48,8200,8203,8228,3,28
2703,8,48,8214,8216,8231,2,17
2698,6,48,8200,8204,8234,4,34
2701,11,48,8200,8207,8237,7,37
2702,13,48,8200,8208,8240,8,40
2704,1,48,8225,8227,8243,2,18
2705,2,48,8225,8228,8246,3,21
2706,7,48,8225,8229,8250,4,25
2699,9,48,8200,8205,8253,5,53
2707,12,48,8225,8230,8256,5,31
2708,14,48,8225,8231,8259,6,34
2709,5,48,8233,8234,8262,1,29
2700,10,48,8200,8206,8265,6,65
2711,1,48,8250,8251,8268,1,18
2712,6,48,8250,8252,8274,2,24
2716,8,48,8257,8258,8277,1,20
2717,2,48,8262,8264,8280,2,18
2718,7,48,8262,8265,8283,3,21
2719,5,48,8267,8269,8286,2,19
2714,11,48,8250,8254,8289,4,39
2721,1,48,8275,8276,8292,1,17
2715,13,48,8250,8255,8295,5,45
2710,9,48,8233,8235,8298,2,65
2713,10,48,8250,8253,8301,3,51
2720,9,48,8267,8270,8304,3,37
2722,1,48,8300,8301,8324,1,24
2723,2,48,8300,8302,8327,2,27
2724,5,48,8300,8303,8330,3,30
2727,8,48,8300,8306,8333,6,33
2730,11,48,8300,8309,8336,9,36
2732,13,48,8300,8311,8339,11,39
2725,6,48,8300,8304,8342,4,42
2726,7,48,8300,8305,8345,5,45
2734,1,48,8325,8327,8348,2,23
2728,9,48,8300,8307,8351,7,51
2731,12,48,8300,8310,8354,10,54
2733,14,48,8300,8312,8357,12,57
2735,5,48,8333,8335,8360,2,27
2740,1,48,8350,8352,8363,2,13
2739,8,48,8343,8345,8366,2,23
2737,2,48,8338,8339,8369,1,31
2741,6,48,8350,8353,8372,3,22
2738,7,48,8338,8340,8375,2,37
2743,11,48,8350,8355,8378,5,28
2744,13,48,8350,8356,8381,6,31
2729,10,48,8300,8308,8384,8,84
2745,5,48,8367,8369,8387,2,20
2736,9,48,8333,8336,8390,3,57
2747,1,48,8375,8376,8393,1,18
2748,2,48,8375,8377,8396,2,21
2752,8,48,8386,8388,8399,2,13
2750,12,48,8375,8379,8402,4,27
2751,14,48,8375,8380,8405,5,30
2749,7,48,8375,8378,8408,3,33
2742,10,48,8350,8354,8411,4,61
2746,9,48,8367,8370,8414,3,47
2753,1,48,8400,8402,8425,2,25
2754,5,48,8400,8403,8428,3,28
2760,2,48,8412,8414,8431,2,19
2758,11,48,8400,8407,8434,7,34
2759,13,48,8400,8408,8437,8,37
2761,7,48,8412,8415,8440,3,28
2755,6,48,8400,8404,8443,4,43
2762,1,48,8425,8427,8446,2,21
2763,8,48,8429,8430,8449,1,20
2756,9,48,8400,8405,8452,5,52
2764,5,48,8433,8434,8455,1,22
2757,10,48,8400,8406,8458,6,58
2765,9,48,8433,8435,8461,2,28
2766,1,48,8450,8451,8474,1,24
2767,2,48,8450,8452,8477,2,27
2768,6,48,8450,8453,8480,3,30
2777,8,48,8471,8472,8483,1,12
2771,11,48,8450,8456,8486,6,36
2773,13,48,8450,8458,8489,8,39
2775,5,48,8467,8468,8492,1,25
2769,7,48,8450,8454,8495,4,45
2778,1,48,8475,8477,8498,2,23
2770,10,48,8450,8455,8501,5,51
2772,12,48,8450,8457,8504,7,54
2774,14,48,8450,8459,8507,9,57
2779,2,48,8488,8489,8510,1,22
2780,7,48,8488,8490,8513,2,25
2776,9,48,8467,8469,8516,2,49
2781,1,48,8500,8502,8525,2,25
2782,5,48,8500,8503,8528,3,28
2788,8,48,8514,8516,8531,2,17
2783,6,48,8500,8504,8534,4,34
2786,11,48,8500,8507,8537,7,37
2787,13,48,8500,8508,8540,8,40
2789,1,48,8525,8527,8543,2,18
2790,2,48,8525,8528,8546,3,21
2791,7,48,8525,8529,8550,4,25
2784,9,48,8500,8505,8553,5,53
2792,12,48,8525,8530,8556,5,31
2793,14,48,8525,8531,8559,6,34
2794,5,48,8533,8534,8562,1,29
2785,10,48,8500,8506,8565,6,65
2796,1,48,8550,8551,8568,1,18
2797,6,48,8550,8552,8574,2,24
2801,8,48,8557,8558,8577,1,20
2802,2,48,8562,8564,8580,2,18
2803,7,48,8562,8565,8583,3,21
2804,5,48,8567,8569,8586,2,19
2799,11,48,8550,8554,8589,4,39
2806,1,48,8575,8576,8592,1,17
2800,13,48,8550,8555,8595,5,45
2795,9,48,8533,8535,8598,2,65
2798,10,48,8550,8553,8601,3,51
2805,9,48,8567,8570,8604,3,37
2807,1,48,8600,8601,8624,1,24
2808,2,48,8600,8602,8627,2,27
2809,5,48,8600,8603,8630,3,30
2812,8,48,8600,8606,8633,6,33
2815,11,48,8600,8609,8636,9,36
2817,13,48,8600,8611,8639,11,39
2810,6,48,8600,8604,8642,4,42
2811,7,48,8600,8605,8645,5,45
2819,1,48,8625,8627,8648,2,23
2813,9,48,8600,8607,8651,7,51
2816,12,48,8600,8610,8654,10,54
2818,14,48,8600,8612,8657,12,57
2820,5,48,8633,8635,8660,2,27
2825,1,48,8650,8652,8663,2,13
2824,8,48,8643,8645,8666,2,23
2822,2,48,8638,8639,8669,1,31
2826,6,48,8650,8653,8672,3,22
2823,7,48,8638,8640,8675,2,37
2828,11,48,8650,8655,8678,5,28
2829,13,48,8650,8656,8681,6,31
2814,10,48,8600,8608,8684,8,84
2830,5,48,8667,8669,8687,2,20
2821,9,48,8633,8636,8690,3,57
2832,1,48,8675,8676,8693,1,18
2833,2,48,8675,8677,8696,2,21
2837,8,48,8686,8688,8699,2,13
2835,12,48,8675,8679,8702,4,27
2836,14,48,8675,8680,8705,5,30
2834,7,48,8675,8678,8708,3,33
2827,10,48,8650,8654,8711,4,61
2831,9,48,8667,8670,8714,3,47
2838,1,48,8700,8702,8725,2,25
2839,5,48,8700,8703,8728,3,28
2845,2,48,8712,8714,8731,2,19
2843,11,48,8700,8707,8734,7,34
2844,13,48,8700,8708,8737,8,37
2846,7,48,8712,8715,8740,3,28
2840,6,48,8700,8704,8743,4,43
2847,1,48,8725,8727,8746,2,21
2848,8,48,8729,8730,8749,1,20
2841,9,48,8700,8705,8752,5,52
2849,5,48,8733,8734,8755,1,22
2842,10,48,8700,8706,8758,6,58
2850,9,48,8733,8735,8761,2,28
2851,1,48,8750,8751,8774,1,24
2852,2,48,8750,8752,8777,2,27
2853,6,48,8750,8753,8780,3,30
2862,8,48,8771,8772,8783,1,12
2856,11,48,8750,8756,8786,6,36
2858,13,48,8750,8758,8789,8,39
2860,5,48,8767,8768,8792,1,25
2854,7,48,8750,8754,8795,4,45
2863,1,48,8775,8777,8798,2,23
2855,10,48,8750,8755,8801,5,51
2857,12,48,8750,8757,8804,7,54
2859,14,48,8750,8759,8807,9,57
2864,2,48,8788,8789,8810,1,22
2865,7,48,8788,8790,8813,2,25
2861,9,48,8767,8769,8816,2,49
2866,1,48,8800,8802,8825,2,25
2867,5,48,8800,8803,8828,3,28
2873,8,48,8814,8816,8831,2,17
2868,6,48,8800,8804,8834,4,34
2871,11,48,8800,8807,8837,7,37
2872,13,48,8800,8808,8840,8,40
2874,1,48,8825,8827,8843,2,18
2875,2,48,8825,8828,8846,3,21
2876,7,48,8825,8829,8850,4,25
2869,9,48,8800,8805,8853,5,53
2877,12,48,8825,8830,8856,5,31
2878,14,48,8825,8831,8859,6,34
2879,5,48,8833,8834,8862,1,29
2870,10,48,8800,8806,8865,6,65
2881,1,48,8850,8851,8868,1,18
2882,6,48,8850,8852,8874,2,24
2886,8,48,8857,8858,8877,1,20
2887,2,48,8862,8864,8880,2,18
2888,7,48,8862,8865,8883,3,21
2889,5,48,8867,8869,8886,2,19
2884,11,48,8850,8854,8889,4,39
2891,1,48,8875,8876,8892,1,17
2885,13,48,8850,8855,8895,5,45
2880,9,48,8833,8835,8898,2,65
2883,10,48,8850,8853,8901,3,51
2890,9,48,8867,8870,8904,3,37
2892,1,48,8900,8901,8924,1,24
2893,2,48,8900,8902,8927,2,27
2894,5,48,8900,8903,8930,3,30
2897,8,48,8900,8906,8933,6,33
2900,11,48,8900,8909,8936,9,36
2902,13,48,8900,8911,8939,11,39
2895,6,48,8900,8904,8942,4,42
2896,7,48,8900,8905,8945,5,45
2904,1,48,8925,8927,8948,2,23
2898,9,48,8900,8907,8951,7,51
2901,12,48,8900,8910,8954,10,54
2903,14,48,8900,8912,8957,12,57
2905,5,48,8933,8935,8960,2,27
2910,1,48,8950,8952,8963,2,13
2909,8,48,8943,8945,8966,2,23
2907,2,48,8938,8939,8969,1,31
2911,6,48,8950,8953,8972,3,22
2908,7,48,8938,8940,8975,2,37
2913,11,48,8950,8955,8978,5,28
2914,13,48,8950,8956,8981,6,31
2899,10,48,8900,8908,8984,8,84
2915,5,48,8967,8969,8987,2,20
2906,9,48,8933,8936,8990,3,57
2917,1,48,8975,8976,8993,1,18
2918,2,48,8975,8977,8996,2,21
2922,8,48,8986,8988,8999,2,13
2920,12,48,8975,8979,9002,4,27
2921,14,48,8975,8980,9005,5,30
2919,7,48,8975,8978,9008,3,33
2912,10,48,8950,8954,9011,4,61
2916,9,48,8967,8970,9014,3,47
2923,1,48,9000,9002,9025,2,25
2924,5,48,9000,9003,9028,3,28
2930,2,48,9012,9014,9031,2,19
2928,11,48,9000,9007,9034,7,34
2929,13,48,9000,9008,9037,8,37
2931,7,48,9012,9015,9040,3,28
2925,6,48,9000,9004,9043,4,43
2932,1,48,9025,9027,9046,2,21
2933,8,48,9029,9030,9049,1,20
2926,9,48,9000,9005,9052,5,52
2934,5,48,9033,9034,9055,1,22
2927,10,48,9000,9006,9058,6,58
2935,9,48,9033,9035,9061,2,28
2936,1,48,9050,9051,9074,1,24
2937,2,48,9050,9052,9077,2,27
2938,6,48,9050,9053,9080,3,30
2947,8,48,9071,9072,9083,1,12
2941,11,48,9050,9056,9086,6,36
2943,13,48,9050,9058,9089,8,39
2945,5,48,9067,9068,9092,1,25
2939,7,48,9050,9054,9095,4,45
2948,1,48,9075,9077,9098,2,23
2940,10,48,9050,9055,9101,5,51
2942,12,48,9050,9057,9104,7,54
2944,14,48,9050,9059,9107,9,57
2949,2,48,9088,9089,9110,1,22
2950,7,48,9088,9090,9113,2,25
2946,9,48,9067,9069,9116,2,49
2951,1,48,9100,9102,9125,2,25
2952,5,48,9100,9103,9128,3,28
2958,8,48,9114,9116,9131,2,17
2953,6,48,9100,9104,9134,4,34
2956,11,48,9100,9107,9137,7,37
2957,13,48,9100,9108,9140,8,40
2959,1,48,9125,9127,9143,2,18
2960,2,48,9125,9128,9146,3,21
2961,7,48,9125,9129,9150,4,25
2954,9,48,9100,9105,9153,5,53
2962,12,48,9125,9130,9156,5,31
2963,14,48,9125,9131,9159,6,34
2964,5,48,9133,9134,9162,1,29
2955,10,48,9100,9106,9165,6,65
2966,1,48,9150,9151,9168,1,18
2967,6,48,9150,9152,9174,2,24
2971,8,48,9157,9158,9177,1,20
2972,2,48,9162,9164,9180,2,18
2973,7,48,9162,9165,9183,3,21
2974,5,48,9167,9169,9186,2,19
2969,11,48,9150,9154,9189,4,39
2976,1,48,9175,9176,9192,1,17
2970,13,48,9150,9155,9195,5,45
2965,9,48,9133,9135,9198,2,65
2968,10,48,9150,9153,9201,3,51
2975,9,48,9167,9170,9204,3,37
2977,1,48,9200,9201,9224,1,24
2978,2,48,9200,9202,9227,2,27
2979,5,48,9200,9203,9230,3,30
2982,8,48,9200,9206,9233,6,33
2985,11,48,9200,9209,9236,9,36
2987,13,48,9200,9211,9239,11,39
2980,6,48,9200,9204,9242,4,42
2981,7,48,9200,9205,9245,5,45
2989,1,48,9225,9227,9248,2,23
2983,9,48,9200,9207,9251,7,51
2986,12,48,9200,9210,9254,10,54
2988,14,48,9200,9212,9257,12,57
2990,5,48,9233,9235,9260,2,27
2995,1,48,9250,9252,9263,2,13
2994,8,48,9243,9245,9266,2,23
2992,2,48,9238,9239,9269,1,31
2996,6,48,9250,9253,9272,3,22
2993,7,48,9238,9240,9275,2,37
2998,11,48,9250,9255,9278,5,28
2999,13,48,9250,9256,9281,6,31
2984,10,48,9200,9208,9284,8,84
3000,5,48,9267,9269,9287,2,20
2991,9,48,9233,9236,9290,3,57
3002,1,48,9275,9276,9293,1,18
3003,2,48,9275,9277,9296,2,21
3007,8,48,9286,9288,9299,2,13
3005,12,48,9275,9279,9302,4,27
3006,14,48,9275,9280,9305,5,30
3004,7,48,9275,9278,9308,3,33
2997,10,48,9250,9254,9311,4,61
3001,9,48,9267,9270,9314,3,47
3008,1,48,9300,9302,9325,2,25
3009,5,48,9300,9303,9328,3,28
3015,2,48,9312,9314,9331,2,19
3013,11,48,9300,9307,9334,7,34
3014,13,48,9300,9308,9337,8,37
3016,7,48,9312,9315,9340,3,28
3010,6,48,9300,9304,9343,4,43
3017,1,48,9325,9327,9346,2,21
3018,8,48,9329,9330,9349,1,20
3011,9,48,9300,9305,9352,5,52
3019,5,48,9333,9334,9355,1,22
3012,10,48,9300,9306,9358,6,58
3020,9,48,9333,9335,9361,2,28
3021,1,48,9350,9351,9374,1,24
3022,2,48,9350,9352,9377,2,27
3023,6,48,9350,9353,9380,3,30
3032,8,48,9371,9372,9383,1,12
3026,11,48,9350,9356,9386,6,36
3028,13,48,9350,9358,9389,8,39
3030,5,48,9367,9368,9392,1,25
3024,7,48,9350,9354,9395,4,45
3033,1,48,9375,9377,9398,2,23
3025,10,48,9350,9355,9401,5,51
3027,12,48,9350,9357,9404,7,54
3029,14,48,9350,9359,9407,9,57
3034,2,48,9388,9389,9410,1,22
3035,7,48,9388,9390,9413,2,25
3031,9,48,9367,9369,9416,2,49
3036,1,48,9400,9402,9425,2,25
3037,5,48,9400,9403,9428,3,28
3043,8,48,9414,9416,9431,2,17
3038,6,48,9400,9404,9434,4,34
3041,11,48,9400,9407,9437,7,37
3042,13,48,9400,9408,9440,8,40
3044,1,48,9425,9427,9443,2,18
3045,2,48,9425,9428,9446,3,21
3046,7,48,9425,9429,9450,4,25
3039,9,48,9400,9405,9453,5,53
3047,12,48,9425,9430,9456,5,31
3048,14,48,9425,9431,9459,6,34
3049,5,48,9433,9434,9462,1,29
3040,10,48,9400,9406,9465,6,65
3051,1,48,9450,9451,9468,1,18
3052,6,48,9450,9452,9474,2,24
3056,8,48,9457,9458,9477,1,20
3057,2,48,9462,9464,9480,2,18
3058,7,48,9462,9465,9483,3,21
3059,5,48,9467,9469,9486,2,19
3054,11,48,9450,9454,9489,4,39
3061,1,48,9475,9476,9492,1,17
3055,13,48,9450,9455,9495,5,45
3050,9,48,9433,9435,9498,2,65
3053,10,48,9450,9453,9501,3,51
3060,9,48,9467,9470,9504,3,37
3062,1,48,9500,9501,9524,1,24
3063,2,48,9500,9502,9527,2,27
3064,5,48,9500,9503,9530,3,30
3067,8,48,9500,9506,9533,6,33
3070,11,48,9500,9509,9536,9,36
3072,13,48,9500,9511,9539,11,39
3065,6,48,9500,9504,9542,4,42
3066,7,48,9500,9505,9545,5,45
3074,1,48,9525,9527,9548,2,23
3068,9,48,9500,9507,9551,7,51
3071,12,48,9500,9510,9554,10,54
3073,14,48,9500,9512,9557,12,57
3075,5,48,9533,9535,9560,2,27
3080,1,48,9550,9552,9563,2,13
3079,8,48,9543,9545,9566,2,23
3077,2,48,9538,9539,9569,1,31
3081,6,48,9550,9553,9572,3,22
3078,7,48,9538,9540,9575,2,37
3083,11,48,9550,9555,9578,5,28
3084,13,48,9550,9556,9581,6,31
3069,10,48,9500,9508,9584,8,84
3085,5,48,9567,9569,9587,2,20
3076,9,48,9533,9536,9590,3,57
3087,1,48,9575,9576,9593,1,18
3088,2,48,9575,9577,9596,2,21
3092,8,48,9586,9588,9599,2,13
3090,12,48,9575,9579,9602,4,27
3091,14,48,9575,9580,9605,5,30
3089,7,48,9575,9578,9608,3,33
3082,10,48,9550,9554,9611,4,61
3086,9,48,9567,9570,9614,3,47
3093,1,48,9600,9602,9625,2,25
3094,5,48,9600,9603,9628,3,28
3100,2,48,9612,9614,9631,2,19
3098,11,48,9600,9607,9634,7,34
3099,13,48,9600,9608,9637,8,37
3101,7,48,9612,9615,9640,3,28
3095,6,48,9600,9604,9643,4,43
3102,1,48,9625,9627,9646,2,21
3103,8,48,9629,9630,9649,1,20
3096,9,48,9600,9605,9652,5,52
3104,5,48,9633,9634,9655,1,22
3097,10,48,9600,9606,9658,6,58
3105,9,48,9633,9635,9661,2,28
3106,1,48,9650,9651,9674,1,24
3107,2,48,9650,9652,9677,2,27
3108,6,48,9650,9653,9680,3,30
3117,8,48,9671,9672,9683,1,12
3111,11,48,9650,9656,9686,6,36
3113,13,48,9650,9658,9689,8,39
3115,5,48,9667,9668,9692,1,25
3109,7,48,9650,9654,9695,4,45
3118,1,48,9675,9677,9698,2,23
3110,10,48,9650,9655,9701,5,51
3112,12,48,9650,9657,9704,7,54
3114,14,48,9650,9659,9707,9,57
3119,2,48,9688,9689,9710,1,22
3120,7,48,9688,9690,9713,2,25
3116,9,48,9667,9669,9716,2,49
3121,1,48,9700,9702,9725,2,25
3122,5,48,9700,9703,9728,3,28
3128,8,48,9714,9716,9731,2,17
3123,6,48,9700,9704,9734,4,34
3126,11,48,9700,9707,9737,7,37
3127,13,48,9700,9708,9740,8,40
3129,1,48,9725,9727,9743,2,18
3130,2,48,9725,9728,9746,3,21
3131,7,48,9725,9729,9750,4,25
3124,9,48,9700,9705,9753,5,53
3132,12,48,9725,9730,9756,5,31
3133,14,48,9725,9731,9759,6,34
3134,5,48,9733,9734,9762,1,29
3125,10,48,9700,9706,9765,6,65
3136,1,48,9750,9751,9768,1,18
3137,6,48,9750,9752,9774,2,24
3141,8,48,9757,9758,9777,1,20
3142,2,48,9762,9764,9780,2,18
3143,7,48,9762,9765,9783,3,21
3144,5,48,9767,9769,9786,2,19
3139,11,48,9750,9754,9789,4,39
3146,1,48,9775,9776,9792,1,17
3140,13,48,9750,9755,9795,5,45
3135,9,48,9733,9735,9798,2,65
3138,10,48,9750,9753,9801,3,51
3145,9,48,9767,9770,9804,3,37
3147,1,48,9800,9801,9824,1,24
3148,2,48,9800,9802,9827,2,27
3149,5,48,9800,9803,9830,3,30
3152,8,48,9800,9806,9833,6,33
3155,11,48,9800,9809,9836,9,36
3157,13,48,9800,9811,9839,11,39
3150,6,48,9800,9804,9842,4,42
3151,7,48,9800,9805,9845,5,45
3159,1,48,9825,9827,9848,2,23
3153,9,48,9800,9807,9851,7,51
3156,12,48,9800,9810,9854,10,54
3158,14,48,9800,9812,9857,12,57
3160,5,48,9833,9835,9860,2,27
3165,1,48,9850,9852,9863,2,13
3164,8,48,9843,9845,9866,2,23
3162,2,48,9838,9839,9869,1,31
3166,6,48,9850,9853,9872,3,22
3163,7,48,9838,9840,9875,2,37
3168,11,48,9850,9855,9878,5,28
3169,13,48,9850,9856,9881,6,31
3154,10,48,9800,9808,9884,8,84
3170,5,48,9867,9869,9887,2,20
3161,9,48,9833,9836,9890,3,57
3172,1,48,9875,9876,9893,1,18
3173,2,48,9875,9877,9896,2,21
3177,8,48,9886,9888,9899,2,13
3175,12,48,9875,9879,9902,4,27
3176,14,48,9875,9880,9905,5,30
3174,7,48,9875,9878,9908,3,33
3167,10,48,9850,9854,9911,4,61
3171,9,48,9867,9870,9914,3,47
3178,1,48,9900,9902,9925,2,25
3179,5,48,9900,9903,9928,3,28
3185,2,48,9912,9914,9931,2,19
3183,11,48,9900,9907,9934,7,34
3184,13,48,9900,9908,9937,8,37
3186,7,48,9912,9915,9940,3,28
3180,6,48,9900,9904,9943,4,43
3187,1,48,9925,9927,9946,2,21
3188,8,48,9929,9930,9949,1,20
3181,9,48,9900,9905,9952,5,52
3189,5,48,9933,9934,9955,1,22
3182,10,48,9900,9906,9958,6,58
3190,9,48,9933,9935,9961,2,28
3191,1,48,9950,9951,9974,1,24
3192,2,48,9950,9952,9977,2,27
3193,6,48,9950,9953,9980,3,30
3202,8,48,9971,9972,9983,1,12
3196,11,48,9950,9956,9986,6,36
3198,13,48,9950,9958,9989,8,39
3200,5,48,9967,9968,9992,1,25
3194,7,48,9950,9954,9995,4,45
3203,1,48,9975,9977,9998,2,23
3195,10,48,9950,9955,10001,5,51
3197,12,48,9950,9957,10004,7,54
3199,14,48,9950,9959,10007,9,57
3204,2,48,9988,9989,10010,1,22
3205,7,48,9988,9990,10013,2,25
3201,9,48,9967,9969,10016,2,49
3206,1,48,10000,10002,10025,2,25
3207,5,48,10000,10003,10028,3,28
3213,8,48,10014,10016,10031,2,17
3208,6,48,10000,10004,10034,4,34
3211,11,48,10000,10007,10037,7,37
3212,13,48,10000,10008,10040,8,40
3214,1,48,10025,10027,10043,2,18
3215,2,48,10025,10028,10046,3,21
3216,7,48,10025,10029,10050,4,25
3209,9,48,10000,10005,10053,5,53
3217,12,48,10025,10030,10056,5,31
3218,14,48,10025,10031,10059,6,34
3219,5,48,10033,10034,10062,1,29
3210,10,48,10000,10006,10065,6,65
3221,1,48,10050,10051,10068,1,18
3222,6,48,10050,10052,10074,2,24
3226,8,48,10057,10058,10077,1,20
3227,2,48,10062,10064,10080,2,18
3228,7,48,10062,10065,10083,3,21
3229,5,48,10067,10069,10086,2,19
3224,11,48,10050,10054,10089,4,39
3231,1,48,10075,10076,10092,1,17
3225,13,48,10050,10055,10095,5,45
3220,9,48,10033,10035,10098,2,65
3223,10,48,10050,10053,10101,3,51
3230,9,48,10067,10070,10104,3,37
3232,1,48,10100,10101,10124,1,24
3233,2,48,10100,10102,10127,2,27
3234,5,48,10100,10103,10130,3,30
3237,8,48,10100,10106,10133,6,33
3240,11,48,10100,10109,10136,9,36
3242,13,48,10100,10111,10139,11,39
3235,6,48,10100,10104,10142,4,42
3236,7,48,10100,10105,10145,5,45
3244,1,48,10125,10127,10148,2,23
3238,9,48,10100,10107,10151,7,51
3241,12,48,10100,10110,10154,10,54
3243,14,48,10100,10112,10157,12,57
3245,5,48,10133,10135,10160,2,27
3250,1,48,10150,10152,10163,2,13
3249,8,48,10143,10145,10166,2,23
3247,2,48,10138,10139,10169,1,31
3251,6,48,10150,10153,10172,3,22
3248,7,48,10138,10140,10175,2,37
3253,11,48,10150,10155,10178,5,28
3254,13,48,10150,10156,10181,6,31
3239,10,48,10100,10108,10184,8,84
3255,5,48,10167,10169,10187,2,20
3246,9,48,10133,10136,10190,3,57
3257,1,48,10175,10176,10193,1,18
3258,2,48,10175,10177,10196,2,21
3262,8,48,10186,10188,10199,2,13
3260,12,48,10175,10179,10202,4,27
3261,14,48,10175,10180,10205,5,30
3259,7,48,10175,10178,10208,3,33
3252,10,48,10150,10154,10211,4,61
3256,9,48,10167,10170,10214,3,47
3263,1,48,10200,10202,10225,2,25
3264,5,48,10200,10203,10228,3,28
3270,2,48,10212,10214,10231,2,19
3268,11,48,10200,10207,10234,7,34
3269,13,48,10200,10208,10237,8,37
3271,7,48,10212,10215,10240,3,28
3265,6,48,10200,10204,10243,4,43
3272,1,48,10225,10227,10246,2,21
3273,8,48,10229,10230,10249,1,20
3266,9,48,10200,10205,10252,5,52
3274,5,48,10233,10234,10255,1,22
3267,10,48,10200,10206,10258,6,58
3275,9,48,10233,10235,10261,2,28
3276,1,48,10250,10251,10274,1,24
3277,2,48,10250,10252,10277,2,27
3278,6,48,10250,10253,10280,3,30
3287,8,48,10271,10272,10283,1,12
3281,11,48,10250,10256,10286,6,36
3283,13,48,10250,10258,10289,8,39
3285,5,48,10267,10268,10292,1,25
3279,7,48,10250,10254,10295,4,45
3288,1,48,10275,10277,10298,2,23
3280,10,48,10250,10255,10301,5,51
3282,12,48,10250,10257,10304,7,54
3284,14,48,10250,10259,10307,9,57
3289,2,48,10288,10289,10310,1,22
3290,7,48,10288,10290,10313,2,25
3286,9,48,10267,10269,10316,2,49
3291,1,48,10300,10302,10325,2,25
3292,5,48,10300,10303,10328,3,28
3298,8,48,10314,10316,10331,2,17
3293,6,48,10300,10304,10334,4,34
3296,11,48,10300,10307,10337,7,37
3297,13,48,10300,10308,10340,8,40
3299,1,48,10325,10327,10343,2,18
3300,2,48,10325,10328,10346,3,21
3301,7,48,10325,10329,10350,4,25
3294,9,48,10300,10305,10353,5,53
3302,12,48,10325,10330,10356,5,31
3303,14,48,10325,10331,10359,6,34
3304,5,48,10333,10334,10362,1,29
3295,10,48,10300,10306,10365,6,65
3306,1,48,10350,10351,10368,1,18
3307,6,48,10350,10352,10374,2,24
3311,8,48,10357,10358,10377,1,20
3312,2,48,10362,10364,10380,2,18
3313,7,48,10362,10365,10383,3,21
3314,5,48,10367,10369,10386,2,19
3309,11,48,10350,10354,10389,4,39
3316,1,48,10375,10376,10392,1,17
3310,13,48,10350,10355,10395,5,45
3305,9,48,10333,10335,10398,2,65
3308,10,48,10350,10353,10401,3,51
3315,9,48,10367,10370,10404,3,37
3317,1,48,10400,10401,10424,1,24
3318,2,48,10400,10402,10427,2,27
3319,5,48,10400,10403,10430,3,30
3322,8,48,10400,10406,10433,6,33
3325,11,48,10400,10409,10436,9,36
3327,13,48,10400,10411,10439,11,39
3320,6,48,10400,10404,10442,4,42
3321,7,48,10400,10405,10445,5,45
3329,1,48,10425,10427,10448,2,23
3323,9,48,10400,10407,10451,7,51
3326,12,48,10400,10410,10454,10,54
3328,14,48,10400,10412,10457,12,57
3330,5,48,10433,10435,10460,2,27
3335,1,48,10450,10452,10463,2,13
3334,8,48,10443,10445,10466,2,23
3332,2,48,10438,10439,10469,1,31
3336,6,48,10450,10453,10472,3,22
3333,7,48,10438,10440,10475,2,37
3338,11,48,10450,10455,10478,5,28
3339,13,48,10450,10456,10481,6,31
3324,10,48,10400,10408,10484,8,84
3340,5,48,10467,10469,10487,2,20
3331,9,48,10433,10436,10490,3,57
3342,1,48,10475,10476,10493,1,18
3343,2,48,10475,10477,10496,2,21
3347,8,48,10486,10488,10499,2,13
3345,12,48,10475,10479,10502,4,27
3346,14,48,10475,10480,10505,5,30
3344,7,48,10475,10478,10508,3,33
3337,10,48,10450,10454,10511,4,61
3341,9,48,10467,10470,10514,3,47
3348,1,48,10500,10502,10525,2,25
3349,5,48,10500,10503,10528,3,28
3355,2,48,10512,10514,10531,2,19
3353,11,48,10500,10507,10534,7,34
3354,13,48,10500,10508,10537,8,37
3356,7,48,10512,10515,10540,3,28
3350,6,48,10500,10504,10543,4,43
3357,1,48,10525,10527,10546,2,21
3358,8,48,10529,10530,10549,1,20
3351,9,48,10500,10505,10552,5,52
3359,5,48,10533,10534,10555,1,22
3352,10,48,10500,10506,10558,6,58
3360,9,48,10533,10535,10561,2,28
3361,1,48,10550,10551,10574,1,24
3362,2,48,10550,10552,10577,2,27
3363,6,48,10550,10553,10580,3,30
3372,8,48,10571,10572,10583,1,12
3366,11,48,10550,10556,10586,6,36
3368,13,48,10550,10558,10589,8,39
3370,5,48,10567,10568,10592,1,25
3364,7,48,10550,10554,10595,4,45
3373,1,48,10575,10577,10598,2,23
3365,10,48,10550,10555,10601,5,51
3367,12,48,10550,10557,10604,7,54
3369,14,48,10550,10559,10607,9,57
3374,2,48,10588,10589,10610,1,22
3375,7,48,10588,10590,10613,2,25
3371,9,48,10567,10569,10616,2,49
3376,1,48,10600,10602,10625,2,25
3377,5,48,10600,10603,10628,3,28
3383,8,48,10614,10616,10631,2,17
3378,6,48,10600,10604,10634,4,34
3381,11,48,10600,10607,10637,7,37
3382,13,48,10600,10608,10640,8,40
3384,1,48,10625,10627,10643,2,18
3385,2,48,10625,10628,10646,3,21
3386,7,48,10625,10629,10650,4,25
3379,9,48,10600,10605,10653,5,53
3387,12,48,10625,10630,10656,5,31
3388,14,48,10625,10631,10659,6,34
3389,5,48,10633,10634,10662,1,29
3380,10,48,10600,10606,10665,6,65
3391,1,48,10650,10651,10668,1,18
3392,6,48,10650,10652,10674,2,24
3396,8,48,10657,10658,10677,1,20
3397,2,48,10662,10664,10680,2,18
3398,7,48,10662,10665,10683,3,21
3399,5,48,10667,10669,10686,2,19
3394,11,48,10650,10654,10689,4,39
3401,1,48,10675,10676,10692,1,17
3395,13,48,10650,10655,10695,5,45
3390,9,48,10633,10635,10698,2,65
3393,10,48,10650,10653,10701,3,51
3400,9,48,10667,10670,10704,3,37
3402,1,48,10700,10701,10724,1,24
3403,2,48,10700,10702,10727,2,27
3404,5,48,10700,10703,10730,3,30
3407,8,48,10700,10706,10733,6,33
3410,11,48,10700,10709,10736,9,36
3412,13,48,10700,10711,10739,11,39
3405,6,48,10700,10704,10742,4,42
3406,7,48,10700,10705,10745,5,45
3414,1,48,10725,10727,10748,2,23
3408,9,48,10700,10707,10751,7,51
3411,12,48,10700,10710,10754,10,54
3413,14,48,10700,10712,10757,12,57
3415,5,48,10733,10735,10760,2,27
3420,1,48,10750,10752,10763,2,13
3419,8,48,10743,10745,10766,2,23
3417,2,48,10738,10739,10769,1,31
3421,6,48,10750,10753,10772,3,22
3418,7,48,10738,10740,10775,2,37
3423,11,48,10750,10755,10778,5,28
3424,13,48,10750,10756,10781,6,31
3409,10,48,10700,10708,10784,8,84
3425,5,48,10767,10769,10787,2,20
3416,9,48,10733,10736,10790,3,57
3427,1,48,10775,10776,10793,1,18
3428,2,48,10775,10777,10796,2,21
3432,8,48,10786,10788,10799,2,13
3430,12,48,10775,10779,10802,4,27
3431,14,48,10775,10780,10805,5,30
3429,7,48,10775,10778,10808,3,33
3422,10,48,10750,10754,10811,4,61
3426,9,48,10767,10770,10814,3,47
3433,1,48,10800,10802,10825,2,25
3434,5,48,10800,10803,10828,3,28
3440,2,48,10812,10814,10831,2,19
3438,11,48,10800,10807,10834,7,34
3439,13,48,10800,10808,10837,8,37
3441,7,48,10812,10815,10840,3,28
3435,6,48,10800,10804,10843,4,43
3442,1,48,10825,10827,10846,2,21
3443,8,48,10829,10830,10849,1,20
3436,9,48,10800,10805,10852,5,52
3444,5,48,10833,10834,10855,1,22
3437,10,48,10800,10806,10858,6,58
3445,9,48,10833,10835,10861,2,28
3446,1,48,10850,10851,10874,1,24
3447,2,48,10850,10852,10877,2,27
3448,6,48,10850,10853,10880,3,30
3457,8,48,10871,10872,10883,1,12
3451,11,48,10850,10856,10886,6,36
3453,13,48,10850,10858,10889,8,39
3455,5,48,10867,10868,10892,1,25
3449,7,48,10850,10854,10895,4,45
3458,1,48,10875,10877,10898,2,23
3450,10,48,10850,10855,10901,5,51
3452,12,48,10850,10857,10904,7,54
3454,14,48,10850,10859,10907,9,57
3459,2,48,10888,10889,10910,1,22
3460,7,48,10888,10890,10913,2,25
3456,9,48,10867,10869,10916,2,49
3461,1,48,10900,10902,10925,2,25
3462,5,48,10900,10903,10928,3,28
3468,8,48,10914,10916,10931,2,17
3463,6,48,10900,10904,10934,4,34
3466,11,48,10900,10907,10937,7,37
3467,13,48,10900,10908,10940,8,40
3469,1,48,10925,10927,10943,2,18
3470,2,48,10925,10928,10946,3,21
3471,7,48,10925,10929,10950,4,25
3464,9,48,10900,10905,10953,5,53
3472,12,48,10925,10930,10956,5,31
3473,14,48,10925,10931,10959,6,34
3474,5,48,10933,10934,10962,1,29
3465,10,48,10900,10906,10965,6,65
3476,1,48,10950,10951,10968,1,18
3477,6,48,10950,10952,10974,2,24
3481,8,48,10957,10958,10977,1,20
3482,2,48,10962,10964,10980,2,18
3483,7,48,10962,10965,10983,3,21
3484,5,48,10967,10969,10986,2,19
3479,11,48,10950,10954,10989,4,39
3486,1,48,10975,10976,10992,1,17
3480,13,48,10950,10955,10995,5,45
3475,9,48,10933,10935,10998,2,65
3478,10,48,10950,10953,11001,3,51
3485,9,48,10967,10970,11004,3,37
3487,1,48,11000,11001,11024,1,24
3488,2,48,11000,11002,11027,2,27
3489,5,48,11000,11003,11030,3,30
3492,8,48,11000,11006,11033,6,33
3495,11,48,11000,11009,11036,9,36
3497,13,48,11000,11011,11039,11,39
3490,6,48,11000,11004,11042,4,42
3491,7,48,11000,11005,11045,5,45
3499,1,48,11025,11027,11048,2,23
3493,9,48,11000,11007,11051,7,51
3496,12,48,11000,11010,11054,10,54
3498,14,48,11000,11012,11057,12,57
3500,5,48,11033,11035,11060,2,27
3505,1,48,11050,11052,11063,2,13
3504,8,48,11043,11045,11066,2,23
3502,2,48,11038,11039,11069,1,31
3506,6,48,11050,11053,11072,3,22
3503,7,48,11038,11040,11075,2,37
3508,11,48,11050,11055,11078,5,28
3509,13,48,11050,11056,11081,6,31
3494,10,48,11000,11008,11084,8,84
3510,5,48,11067,11069,11087,2,20
3501,9,48,11033,11036,11090,3,57
3512,1,48,11075,11076,11093,1,18
3513,2,48,11075,11077,11096,2,21
3517,8,48,11086,11088,11099,2,13
3515,12,48,11075,11079,11102,4,27
3516,14,48,11075,11080,11105,5,30
3514,7,48,11075,11078,11108,3,33
3507,10,48,11050,11054,11111,4,61
3511,9,48,11067,11070,11114,3,47
3518,1,48,11100,11102,11125,2,25
3519,5,48,11100,11103,11128,3,28
3525,2,48,11112,11114,11131,2,19
3523,11,48,11100,11107,11134,7,34
3524,13,48,11100,11108,11137,8,37
3526,7,48,11112,11115,11140,3,28
3520,6,48,11100,11104,11143,4,43
3527,1,48,11125,11127,11146,2,21
3528,8,48,11129,11130,11149,1,20
3521,9,48,11100,11105,11152,5,52
3529,5,48,11133,11134,11155,1,22
3522,10,48,11100,11106,11158,6,58
3530,9,48,11133,11135,11161,2,28
3531,1,48,11150,11151,11174,1,24
3532,2,48,11150,11152,11177,2,27
3533,6,48,11150,11153,11180,3,30
3542,8,48,11171,11172,11183,1,12
3536,11,48,11150,11156,11186,6,36
3538,13,48,11150,11158,11189,8,39
3540,5,48,11167,11168,11192,1,25
3534,7,48,11150,11154,11195,4,45
3543,1,48,11175,11177,11198,2,23
3535,10,48,11150,11155,11201,5,51
3537,12,48,11150,11157,11204,7,54
3539,14,48,11150,11159,11207,9,57
3544,2,48,11188,11189,11210,1,22
3545,7,48,11188,11190,11213,2,25
3541,9,48,11167,11169,11216,2,49
3546,1,48,11200,11202,11225,2,25
3547,5,48,11200,11203,11228,3,28
3553,8,48,11214,11216,11231,2,17
3548,6,48,11200,11204,11234,4,34
3551,11,48,11200,11207,11237,7,37
3552,13,48,11200,11208,11240,8,40
3554,1,48,11225,11227,11243,2,18
3555,2,48,11225,11228,11246,3,21
3556,7,48,11225,11229,11250,4,25
3549,9,48,11200,11205,11253,5,53
3557,12,48,11225,11230,11256,5,31
3558,14,48,11225,11231,11259,6,34
3559,5,48,11233,11234,11262,1,29
3550,10,48,11200,11206,11265,6,65
3561,1,48,11250,11251,11268,1,18
3562,6,48,11250,11252,11274,2,24
3566,8,48,11257,11258,11277,1,20
3567,2,48,11262,11264,11280,2,18
3568,7,48,11262,11265,11283,3,21
3569,5,48,11267,11269,11286,2,19
3564,11,48,11250,11254,11289,4,39
3571,1,48,11275,11276,11292,1,17
3565,13,48,11250,11255,11295,5,45
3560,9,48,11233,11235,11298,2,65
3563,10,48,11250,11253,11301,3,51
3570,9,48,11267,11270,11304,3,37
3572,1,48,11300,11301,11324,1,24
3573,2,48,11300,11302,11327,2,27
3574,5,48,11300,11303,11330,3,30
3577,8,48,11300,11306,11333,6,33
3580,11,48,11300,11309,11336,9,36
3582,13,48,11300,11311,11339,11,39
3575,6,48,11300,11304,11342,4,42
3576,7,48,11300,11305,11345,5,45
3584,1,48,11325,11327,11348,2,23
3578,9,48,11300,11307,11351,7,51
3581,12,48,11300,11310,11354,10,54
3583,14,48,11300,11312,11357,12,57
3585,5,48,11333,11335,11360,2,27
3590,1,48,11350,11352,11363,2,13
3589,8,48,11343,11345,11366,2,23
3587,2,48,11338,11339,11369,1,31
3591,6,48,11350,11353,11372,3,22
3588,7,48,11338,11340,11375,2,37
3593,11,48,11350,11355,11378,5,28
3594,13,48,11350,11356,11381,6,31
3579,10,48,11300,11308,11384,8,84
3595,5,48,11367,11369,11387,2,20
3586,9,48,11333,11336,11390,3,57
3597,1,48,11375,11376,11393,1,18
3598,2,48,11375,11377,11396,2,21
3602,8,48,11386,11388,11399,2,13
3600,12,48,11375,11379,11402,4,27
3601,14,48,11375,11380,11405,5,30
3599,7,48,11375,11378,11408,3,33
3592,10,48,11350,11354,11411,4,61
3596,9,48,11367,11370,11414,3,47
3603,1,48,11400,11402,11425,2,25
3604,5,48,11400,11403,11428,3,28
3610,2,48,11412,11414,11431,2,19
3608,11,48,11400,11407,11434,7,34
3609,13,48,11400,11408,11437,8,37
3611,7,48,11412,11415,11440,3,28
3605,6,48,11400,11404,11443,4,43
3612,1,48,11425,11427,11446,2,21
3613,8,48,11429,11430,11449,1,20
3606,9,48,11400,11405,11452,5,52
3614,5,48,11433,11434,11455,1,22
3607,10,48,11400,11406,11458,6,58
3615,9,48,11433,11435,11461,2,28
3616,1,48,11450,11451,11474,1,24
3617,2,48,11450,11452,11477,2,27
3618,6,48,11450,11453,11480,3,30
3627,8,48,11471,11472,11483,1,12
3621,11,48,11450,11456,11486,6,36
3623,13,48,11450,11458,11489,8,39
3625,5,48,11467,11468,11492,1,25
3619,7,48,11450,11454,11495,4,45
3628,1,48,11475,11477,11498,2,23
3620,10,48,11450,11455,11501,5,51
3622,12,48,11450,11457,11504,7,54
3624,14,48,11450,11459,11507,9,57
3629,2,48,11488,11489,11510,1,22
3630,7,48,11488,11490,11513,2,25
3626,9,48,11467,11469,11516,2,49
3631,1,48,11500,11502,11525,2,25
3632,5,48,11500,11503,11528,3,28
3638,8,48,11514,11516,11531,2,17
3633,6,48,11500,11504,11534,4,34
3636,11,48,11500,11507,11537,7,37
3637,13,48,11500,11508,11540,8,40
3639,1,48,11525,11527,11543,2,18
3640,2,48,11525,11528,11546,3,21
3641,7,48,11525,11529,11550,4,25
3634,9,48,11500,11505,11553,5,53
3642,12,48,11525,11530,11556,5,31
3643,14,48,11525,11531,11559,6,34
3644,5,48,11533,11534,11562,1,29
3635,10,48,11500,11506,11565,6,65
3646,1,48,11550,11551,11568,1,18
3647,6,48,11550,11552,11574,2,24
3651,8,48,11557,11558,11577,1,20
3652,2,48,11562,11564,11580,2,18
3653,7,48,11562,11565,11583,3,21
3654,5,48,11567,11569,11586,2,19
3649,11,48,11550,11554,11589,4,39
3656,1,48,11575,11576,11592,1,17
3650,13,48,11550,11555,11595,5,45
3645,9,48,11533,11535,11598,2,65
3648,10,48,11550,11553,11601,3,51
3655,9,48,11567,11570,11604,3,37
3657,1,48,11600,11601,11624,1,24
3658,2,48,11600,11602,11627,2,27
3659,5,48,11600,11603,11630,3,30
3662,8,48,11600,11606,11633,6,33
3665,11,48,11600,11609,11636,9,36
3667,13,48,11600,11611,11639,11,39
3660,6,48,11600,11604,11642,4,42
3661,7,48,11600,11605,11645,5,45
3669,1,48,11625,11627,11648,2,23
3663,9,48,11600,11607,11651,7,51
3666,12,48,11600,11610,11654,10,54
3668,14,48,11600,11612,11657,12,57
3670,5,48,11633,11635,11660,2,27
3675,1,48,11650,11652,11663,2,13
3674,8,48,11643,11645,11666,2,23
3672,2,48,11638,11639,11669,1,31
3676,6,48,11650,11653,11672,3,22
3673,7,48,11638,11640,11675,2,37
3678,11,48,11650,11655,11678,5,28
3679,13,48,11650,11656,11681,6,31
3664,10,48,11600,11608,11684,8,84
3680,5,48,11667,11669,11687,2,20
3671,9,48,11633,11636,11690,3,57
3682,1,48,11675,11676,11693,1,18
3683,2,48,11675,11677,11696,2,21
3687,8,48,11686,11688,11699,2,13
3685,12,48,11675,11679,11702,4,27
3686,14,48,11675,11680,11705,5,30
3684,7,48,11675,11678,11708,3,33
3677,10,48,11650,11654,11711,4,61
3681,9,48,11667,11670,11714,3,47
3688,1,48,11700,11702,11725,2,25
3689,5,48,11700,11703,11728,3,28
3695,2,48,11712,11714,11731,2,19
3693,11,48,11700,11707,11734,7,34
3694,13,48,11700,11708,11737,8,37
3696,7,48,11712,11715,11740,3,28
3690,6,48,11700,11704,11743,4,43
3697,1,48,11725,11727,11746,2,21
3698,8,48,11729,11730,11749,1,20
3691,9,48,11700,11705,11752,5,52
3699,5,48,11733,11734,11755,1,22
3692,10,48,11700,11706,11758,6,58
3700,9,48,11733,11735,11761,2,28
3701,1,48,11750,11751,11774,1,24
3702,2,48,11750,11752,11777,2,27
3703,6,48,11750,11753,11780,3,30
3712,8,48,11771,11772,11783,1,12
3706,11,48,11750,11756,11786,6,36
3708,13,48,11750,11758,11789,8,39
3710,5,48,11767,11768,11792,1,25
3704,7,48,11750,11754,11795,4,45
3713,1,48,11775,11777,11798,2,23
3705,10,48,11750,11755,11801,5,51
3707,12,48,11750,11757,11804,7,54
3709,14,48,11750,11759,11807,9,57
3714,2,48,11788,11789,11810,1,22
3715,7,48,11788,11790,11813,2,25
3711,9,48,11767,11769,11816,2,49
3716,1,48,11800,11802,11825,2,25
3717,5,48,11800,11803,11828,3,28
3723,8,48,11814,11816,11831,2,17
3718,6,48,11800,11804,11834,4,34
3721,11,48,11800,11807,11837,7,37
3722,13,48,11800,11808,11840,8,40
3724,1,48,11825,11827,11843,2,18
3725,2,48,11825,11828,11846,3,21
3726,7,48,11825,11829,11850,4,25
3719,9,48,11800,11805,11853,5,53
3727,12,48,11825,11830,11856,5,31
3728,14,48,11825,11831,11859,6,34
3729,5,48,11833,11834,11862,1,29
3720,10,48,11800,11806,11865,6,65
3731,1,48,11850,11851,11868,1,18
3732,6,48,11850,11852,11874,2,24
3736,8,48,11857,11858,11877,1,20
3737,2,48,11862,11864,11880,2,18
3738,7,48,11862,11865,11883,3,21
3739,5,48,11867,11869,11886,2,19
3734,11,48,11850,11854,11889,4,39
3741,1,48,11875,11876,11892,1,17
3735,13,48,11850,11855,11895,5,45
3730,9,48,11833,11835,11898,2,65
3733,10,48,11850,11853,11901,3,51
3740,9,48,11867,11870,11904,3,37
3742,1,48,11900,11901,11924,1,24
3743,2,48,11900,11902,11927,2,27
3744,5,48,11900,11903,11930,3,30
3747,8,48,11900,11906,11933,6,33
3750,11,48,11900,11909,11936,9,36
3752,13,48,11900,11911,11939,11,39
3745,6,48,11900,11904,11942,4,42
3746,7,48,11900,11905,11945,5,45
3754,1,48,11925,11927,11948,2,23
3748,9,48,11900,11907,11951,7,51
3751,12,48,11900,11910,11954,10,54
3753,14,48,11900,11912,11957,12,57
3755,5,48,11933,11935,11960,2,27
3760,1,48,11950,11952,11963,2,13
3759,8,48,11943,11945,11966,2,23
3757,2,48,11938,11939,11969,1,31
3761,6,48,11950,11953,11972,3,22
3758,7,48,11938,11940,11975,2,37
3763,11,48,11950,11955,11978,5,28
3764,13,48,11950,11956,11981,6,31
3749,10,48,11900,11908,11984,8,84
3765,5,48,11967,11969,11987,2,20
3756,9,48,11933,11936,11990,3,57
3767,1,48,11975,11976,11993,1,18
3768,2,48,11975,11977,11996,2,21
3772,8,48,11986,11988,11999,2,13
3770,12,48,11975,11979,12002,4,27
3771,14,48,11975,11980,12005,5,30
3769,7,48,11975,11978,12008,3,33
3762,10,48,11950,11954,12011,4,61
3766,9,48,11967,11970,12014,3,47
3773,1,48,12000,12002,12025,2,25
3774,5,48,12000,12003,12028,3,28
3780,2,48,12012,12014,12031,2,19
3778,11,48,12000,12007,12034,7,34
3779,13,48,12000,12008,12037,8,37
3781,7,48,12012,12015,12040,3,28
3775,6,48,12000,12004,12043,4,43
3782,1,48,12025,12027,12046,2,21
3783,8,48,12029,12030,12049,1,20
3776,9,48,12000,12005,12052,5,52
3784,5,48,12033,12034,12055,1,22
3777,10,48,12000,12006,12058,6,58
3785,9,48,12033,12035,12061,2,28
3786,1,48,12050,12051,12074,1,24
3787,2,48,12050,12052,12077,2,27
3788,6,48,12050,12053,12080,3,30
3797,8,48,12071,12072,12083,1,12
3791,11,48,12050,12056,12086,6,36
3793,13,48,12050,12058,12089,8,39
3795,5,48,12067,12068,12092,1,25
3789,7,48,12050,12054,12095,4,45
3798,1,48,12075,12077,12098,2,23
3790,10,48,12050,12055,12101,5,51
3792,12,48,12050,12057,12104,7,54
3794,14,48,12050,12059,12107,9,57
3799,2,48,12088,12089,12110,1,22
3800,7,48,12088,12090,12113,2,25
3796,9,48,12067,12069,12116,2,49
3801,1,48,12100,12102,12125,2,25
3802,5,48,12100,12103,12128,3,28
3808,8,48,12114,12116,12131,2,17
3803,6,48,12100,12104,12134,4,34
3806,11,48,12100,12107,12137,7,37
3807,13,48,12100,12108,12140,8,40
3809,1,48,12125,12127,12143,2,18
3810,2,48,12125,12128,12146,3,21
3811,7,48,12125,12129,12150,4,25
3804,9,48,12100,12105,12153,5,53
3812,12,48,12125,12130,12156,5,31
3813,14,48,12125,12131,12159,6,34
3814,5,48,12133,12134,12162,1,29
3805,10,48,12100,12106,12165,6,65
3816,1,48,12150,12151,12168,1,18
3817,6,48,12150,12152,12174,2,24
3821,8,48,12157,12158,12177,1,20
3822,2,48,12162,12164,12180,2,18
3823,7,48,12162,12165,12183,3,21
3824,5,48,12167,12169,12186,2,19
3819,11,48,12150,12154,12189,4,39
3826,1,48,12175,12176,12192,1,17
3820,13,48,12150,12155,12195,5,45
3815,9,48,12133,12135,12198,2,65
3818,10,48,12150,12153,12201,3,51
3825,9,48,12167,12170,12204,3,37
3827,1,48,12200,12201,12224,1,24
3828,2,48,12200,12202,12227,2,27
3829,5,48,12200,12203,12230,3,30
3832,8,48,12200,12206,12233,6,33
3835,11,48,12200,12209,12236,9,36
3837,13,48,12200,12211,12239,11,39
3830,6,48,12200,12204,12242,4,42
3831,7,48,12200,12205,12245,5,45
3839,1,48,12225,12227,12248,2,23
3833,9,48,12200,12207,12251,7,51
3836,12,48,12200,12210,12254,10,54
3838,14,48,12200,12212,12257,12,57
3840,5,48,12233,12235,12260,2,27
3845,1,48,12250,12252,12263,2,13
3844,8,48,12243,12245,12266,2,23
3842,2,48,12238,12239,12269,1,31
3846,6,48,12250,12253,12272,3,22
3843,7,48,12238,12240,12275,2,37
3848,11,48,12250,12255,12278,5,28
3849,13,48,12250,12256,12281,6,31
3834,10,48,12200,12208,12284,8,84
3850,5,48,12267,12269,12287,2,20
3841,9,48,12233,12236,12290,3,57
3852,1,48,12275,12276,12293,1,18
3853,2,48,12275,12277,12296,2,21
3857,8,48,12286,12288,12299,2,13
3855,12,48,12275,12279,12302,4,27
3856,14,48,12275,12280,12305,5,30
3854,7,48,12275,12278,12308,3,33
3847,10,48,12250,12254,12311,4,61
3851,9,48,12267,12270,12314,3,47
3858,1,48,12300,12302,12325,2,25
3859,5,48,12300,12303,12328,3,28
3865,2,48,12312,12314,12331,2,19
3863,11,48,12300,12307,12334,7,34
3864,13,48,12300,12308,12337,8,37
3866,7,48,12312,12315,12340,3,28
3860,6,48,12300,12304,12343,4,43
3867,1,48,12325,12327,12346,2,21
3868,8,48,12329,12330,12349,1,20
3861,9,48,12300,12305,12352,5,52
3869,5,48,12333,12334,12355,1,22
3862,10,48,12300,12306,12358,6,58
3870,9,48,12333,12335,12361,2,28
3871,1,48,12350,12351,12374,1,24
3872,2,48,12350,12352,12377,2,27
3873,6,48,12350,12353,12380,3,30
3882,8,48,12371,12372,12383,1,12
3876,11,48,12350,12356,12386,6,36
3878,13,48,12350,12358,12389,8,39
3880,5,48,12367,12368,12392,1,25
3874,7,48,12350,12354,12395,4,45
3883,1,48,12375,12377,12398,2,23
3875,10,48,12350,12355,12401,5,51
3877,12,48,12350,12357,12404,7,54
3879,14,48,12350,12359,12407,9,57
3884,2,48,12388,12389,12410,1,22
3885,7,48,12388,12390,12413,2,25
3881,9,48,12367,12369,12416,2,49
3886,1,48,12400,12402,12425,2,25
3887,5,48,12400,12403,12428,3,28
3893,8,48,12414,12416,12431,2,17
3888,6,48,12400,12404,12434,4,34
3891,11,48,12400,12407,12437,7,37
3892,13,48,12400,12408,12440,8,40
3894,1,48,12425,12427,12443,2,18
3895,2,48,12425,12428,12446,3,21
3896,7,48,12425,12429,12450,4,25
3889,9,48,12400,12405,12453,5,53
3897,12,48,12425,12430,12456,5,31
3898,14,48,12425,12431,12459,6,34
3899,5,48,12433,12434,12462,1,29
3890,10,48,12400,12406,12465,6,65
3901,1,48,12450,12451,12468,1,18
3902,6,48,12450,12452,12474,2,24
3906,8,48,12457,12458,12477,1,20
3907,2,48,12462,12464,12480,2,18
3908,7,48,12462,12465,12483,3,21
3909,5,48,12467,12469,12486,2,19
3904,11,48,12450,12454,12489,4,39
3911,1,48,12475,12476,12492,1,17
3905,13,48,12450,12455,12495,5,45
3900,9,48,12433,12435,12498,2,65
3903,10,48,12450,12453,12501,3,51
3910,9,48,12467,12470,12504,3,37
3912,1,48,12500,12501,12524,1,24
3913,2,48,12500,12502,12527,2,27
3914,5,48,12500,12503,12530,3,30
3917,8,48,12500,12506,12533,6,33
3920,11,48,12500,12509,12536,9,36
3922,13,48,12500,12511,12539,11,39
3915,6,48,12500,12504,12542,4,42
3916,7,48,12500,12505,12545,5,45
3924,1,48,12525,12527,12548,2,23
3918,9,48,12500,12507,12551,7,51
3921,12,48,12500,12510,12554,10,54
3923,14,48,12500,12512,12557,12,57
3925,5,48,12533,12535,12560,2,27
3930,1,48,12550,12552,12563,2,13
3929,8,48,12543,12545,12566,2,23
3927,2,48,12538,12539,12569,1,31
3931,6,48,12550,12553,12572,3,22
3928,7,48,12538,12540,12575,2,37
3933,11,48,12550,12555,12578,5,28
3934,13,48,12550,12556,12581,6,31
3919,10,48,12500,12508,12584,8,84
3935,5,48,12567,12569,12587,2,20
3926,9,48,12533,12536,12590,3,57
3937,1,48,12575,12576,12593,1,18
3938,2,48,12575,12577,12596,2,21
3942,8,48,12586,12588,12599,2,13
3940,12,48,12575,12579,12602,4,27
3941,14,48,12575,12580,12605,5,30
3939,7,48,12575,12578,12608,3,33
3932,10,48,12550,12554,12611,4,61
3936,9,48,12567,12570,12614,3,47
3943,1,48,12600,12602,12625,2,25
3944,5,48,12600,12603,12628,3,28
3950,2,48,12612,12614,12631,2,19
3948,11,48,12600,12607,12634,7,34
3949,13,48,12600,12608,12637,8,37
3951,7,48,12612,12615,12640,3,28
3945,6,48,12600,12604,12643,4,43
3952,1,48,12625,12627,12646,2,21
3953,8,48,12629,12630,12649,1,20
3946,9,48,12600,12605,12652,5,52
3954,5,48,12633,12634,12655,1,22
3947,10,48,12600,12606,12658,6,58
3955,9,48,12633,12635,12661,2,28
3956,1,48,12650,12651,12674,1,24
3957,2,48,12650,12652,12677,2,27
3958,6,48,12650,12653,12680,3,30
3967,8,48,12671,12672,12683,1,12
3961,11,48,12650,12656,12686,6,36
3963,13,48,12650,12658,12689,8,39
3965,5,48,12667,12668,12692,1,25
3959,7,48,12650,12654,12695,4,45
3968,1,48,12675,12677,12698,2,23
3960,10,48,12650,12655,12701,5,51
3962,12,48,12650,12657,12704,7,54
3964,14,48,12650,12659,12707,9,57
3969,2,48,12688,12689,12710,1,22
3970,7,48,12688,12690,12713,2,25
3966,9,48,12667,12669,12716,2,49
3971,1,48,12700,12702,12725,2,25
3972,5,48,12700,12703,12728,3,28
3978,8,48,12714,12716,12731,2,17
3973,6,48,12700,12704,12734,4,34
3976,11,48,12700,12707,12737,7,37
3977,13,48,12700,12708,12740,8,40
3979,1,48,12725,12727,12743,2,18
3980,2,48,12725,12728,12746,3,21
3981,7,48,12725,12729,12750,4,25
3974,9,48,12700,12705,12753,5,53
3982,12,48,12725,12730,12756,5,31
3983,14,48,12725,12731,12759,6,34
3984,5,48,12733,12734,12762,1,29
3975,10,48,12700,12706,12765,6,65
3986,1,48,12750,12751,12768,1,18
3987,6,48,12750,12752,12774,2,24
3991,8,48,12757,12758,12777,1,20
3992,2,48,12762,12764,12780,2,18
3993,7,48,12762,12765,12783,3,21
3994,5,48,12767,12769,12786,2,19
3989,11,48,12750,12754,12789,4,39
3996,1,48,12775,12776,12792,1,17
3990,13,48,12750,12755,12795,5,45
3985,9,48,12733,12735,12798,2,65
3988,10,48,12750,12753,12801,3,51
3995,9,48,12767,12770,12804,3,37
3997,1,48,12800,12801,12824,1,24
3998,2,48,12800,12802,12827,2,27
3999,5,48,12800,12803,12830,3,30
4002,8,48,12800,12806,12833,6,33
4005,11,48,12800,12809,12836,9,36
4007,13,48,12800,12811,12839,11,39
4000,6,48,12800,12804,12842,4,42
4001,7,48,12800,12805,12845,5,45
4009,1,48,12825,12827,12848,2,23
4003,9,48,12800,12807,12851,7,51
4006,12,48,12800,12810,12854,10,54
4008,14,48,12800,12812,12857,12,57
4010,5,48,12833,12835,12860,2,27
4015,1,48,12850,12852,12863,2,13
4014,8,48,12843,12845,12866,2,23
4012,2,48,12838,12839,12869,1,31
4016,6,48,12850,12853,12872,3,22
4013,7,48,12838,12840,12875,2,37
4018,11,48,12850,12855,12878,5,28
4019,13,48,12850,12856,12881,6,31
4004,10,48,12800,12808,12884,8,84
4020,5,48,12867,12869,12887,2,20
4011,9,48,12833,12836,12890,3,57
4022,1,48,12875,12876,12893,1,18
4023,2,48,12875,12877,12896,2,21
4027,8,48,12886,12888,12899,2,13
4025,12,48,12875,12879,12902,4,27
4026,14,48,12875,12880,12905,5,30
4024,7,48,12875,12878,12908,3,33
4017,10,48,12850,12854,12911,4,61
4021,9,48,12867,12870,12914,3,47
4028,1,48,12900,12902,12925,2,25
4029,5,48,12900,12903,12928,3,28
4035,2,48,12912,12914,12931,2,19
4033,11,48,12900,12907,12934,7,34
4034,13,48,12900,12908,12937,8,37
4036,7,48,12912,12915,12940,3,28
4030,6,48,12900,12904,12943,4,43
4037,1,48,12925,12927,12946,2,21
4038,8,48,12929,12930,12949,1,20
4031,9,48,12900,12905,12952,5,52
4039,5,48,12933,12934,12955,1,22
4032,10,48,12900,12906,12958,6,58
4040,9,48,12933,12935,12961,2,28
4041,1,48,12950,12951,12974,1,24
4042,2,48,12950,12952,12977,2,27
4043,6,48,12950,12953,12980,3,30
4052,8,48,12971,12972,12983,1,12
4046,11,48,12950,12956,12986,6,36
4048,13,48,12950,12958,12989,8,39
4050,5,48,12967,12968,12992,1,25
4044,7,48,12950,12954,12995,4,45
4053,1,48,12975,12977,12998,2,23
4045,10,48,12950,12955,13001,5,51
4047,12,48,12950,12957,13004,7,54
4049,14,48,12950,12959,13007,9,57
4054,2,48,12988,12989,13010,1,22
4055,7,48,12988,12990,13013,2,25
4051,9,48,12967,12969,13016,2,49
4056,1,48,13000,13002,13025,2,25
4057,5,48,13000,13003,13028,3,28
4063,8,48,13014,13016,13031,2,17
4058,6,48,13000,13004,13034,4,34
4061,11,48,13000,13007,13037,7,37
4062,13,48,13000,13008,13040,8,40
4064,1,48,13025,13027,13043,2,18
4065,2,48,13025,13028,13046,3,21
4066,7,48,13025,13029,13050,4,25
4059,9,48,13000,13005,13053,5,53
4067,12,48,13025,13030,13056,5,31
4068,14,48,13025,13031,13059,6,34
4069,5,48,13033,13034,13062,1,29
4060,10,48,13000,13006,13065,6,65
4071,1,48,13050,13051,13068,1,18
4072,6,48,13050,13052,13074,2,24
4076,8,48,13057,13058,13077,1,20
4077,2,48,13062,13064,13080,2,18
4078,7,48,13062,13065,13083,3,21
4079,5,48,13067,13069,13086,2,19
4074,11,48,13050,13054,13089,4,39
4081,1,48,13075,13076,13092,1,17
4075,13,48,13050,13055,13095,5,45
4070,9,48,13033,13035,13098,2,65
4073,10,48,13050,13053,13101,3,51
4080,9,48,13067,13070,13104,3,37
4082,1,48,13100,13101,13124,1,24
4083,2,48,13100,13102,13127,2,27
4084,5,48,13100,13103,13130,3,30
4087,8,48,13100,13106,13133,6,33
4090,11,48,13100,13109,13136,9,36
4092,13,48,13100,13111,13139,11,39
4085,6,48,13100,13104,13142,4,42
4086,7,48,13100,13105,13145,5,45
4094,1,48,13125,13127,13148,2,23
4088,9,48,13100,13107,13151,7,51
4091,12,48,13100,13110,13154,10,54
4093,14,48,13100,13112,13157,12,57
4095,5,48,13133,13135,13160,2,27
4100,1,48,13150,13152,13163,2,13
4099,8,48,13143,13145,13166,2,23
4097,2,48,13138,13139,13169,1,31
4101,6,48,13150,13153,13172,3,22
4098,7,48,13138,13140,13175,2,37
4103,11,48,13150,13155,13178,5,28
4104,13,48,13150,13156,13181,6,31
4089,10,48,13100,13108,13184,8,84
4105,5,48,13167,13169,13187,2,20
4096,9,48,13133,13136,13190,3,57
4107,1,48,13175,13176,13193,1,18
4108,2,48,13175,13177,13196,2,21
4112,8,48,13186,13188,13199,2,13
4110,12,48,13175,13179,13202,4,27
4111,14,48,13175,13180,13205,5,30
4109,7,48,13175,13178,13208,3,33
4102,10,48,13150,13154,13211,4,61
4106,9,48,13167,13170,13214,3,47
4113,1,48,13200,13202,13225,2,25
4114,5,48,13200,13203,13228,3,28
4120,2,48,13212,13214,13231,2,19
4118,11,48,13200,13207,13234,7,34
4119,13,48,13200,13208,13237,8,37
4121,7,48,13212,13215,13240,3,28
4115,6,48,13200,13204,13243,4,43
4122,1,48,13225,13227,13246,2,21
4123,8,48,13229,13230,13249,1,20
4116,9,48,13200,13205,13252,5,52
4124,5,48,13233,13234,13255,1,22
4117,10,48,13200,13206,13258,6,58
4125,9,48,13233,13235,13261,2,28
4126,1,48,13250,13251,13274,1,24
4127,2,48,13250,13252,13277,2,27
4128,6,48,13250,13253,13280,3,30
4137,8,48,13271,13272,13283,1,12
4131,11,48,13250,13256,13286,6,36
4133,13,48,13250,13258,13289,8,39
4135,5,48,13267,13268,13292,1,25
4129,7,48,13250,13254,13295,4,45
4138,1,48,13275,13277,13298,2,23
4130,10,48,13250,13255,13301,5,51
4132,12,48,13250,13257,13304,7,54
4134,14,48,13250,13259,13307,9,57
4139,2,48,13288,13289,13310,1,22
4140,7,48,13288,13290,13313,2,25
4136,9,48,13267,13269,13316,2,49
4141,1,48,13300,13302,13325,2,25
4142,5,48,13300,13303,13328,3,28
4148,8,48,13314,13316,13331,2,17
4143,6,48,13300,13304,13334,4,34
4146,11,48,13300,13307,13337,7,37
4147,13,48,13300,13308,13340,8,40
4149,1,48,13325,13327,13343,2,18
4150,2,48,13325,13328,13346,3,21
4151,7,48,13325,13329,13350,4,25
4144,9,48,13300,13305,13353,5,53
4152,12,48,13325,13330,13356,5,31
4153,14,48,13325,13331,13359,6,34
4154,5,48,13333,13334,13362,1,29
4145,10,48,13300,13306,13365,6,65
4156,1,48,13350,13351,13368,1,18
4157,6,48,13350,13352,13374,2,24
4161,8,48,13357,13358,13377,1,20
4162,2,48,13362,13364,13380,2,18
4163,7,48,13362,13365,13383,3,21
4164,5,48,13367,13369,13386,2,19
4159,11,48,13350,13354,13389,4,39
4166,1,48,13375,13376,13392,1,17
4160,13,48,13350,13355,13395,5,45
4155,9,48,13333,13335,13398,2,65
4158,10,48,13350,13353,13401,3,51
4165,9,48,13367,13370,13404,3,37
4167,1,48,13400,13401,13424,1,24
4168,2,48,13400,13402,13427,2,27
4169,5,48,13400,13403,13430,3,30
4172,8,48,13400,13406,13433,6,33
4175,11,48,13400,13409,13436,9,36
4177,13,48,13400,13411,13439,11,39
4170,6,48,13400,13404,13442,4,42
4171,7,48,13400,13405,13445,5,45
4179,1,48,13425,13427,13448,2,23
4173,9,48,13400,13407,13451,7,51
4176,12,48,13400,13410,13454,10,54
4178,14,48,13400,13412,13457,12,57
4180,5,48,13433,13435,13460,2,27
4185,1,48,13450,13452,13463,2,13
4184,8,48,13443,13445,13466,2,23
4182,2,48,13438,13439,13469,1,31
4186,6,48,13450,13453,13472,3,22
4183,7,48,13438,13440,13475,2,37
4188,11,48,13450,13455,13478,5,28
4189,13,48,13450,13456,13481,6,31
4174,10,48,13400,13408,13484,8,84
4190,5,48,13467,13469,13487,2,20
4181,9,48,13433,13436,13490,3,57
4192,1,48,13475,13476,13493,1,18
4193,2,48,13475,13477,13496,2,21
4197,8,48,13486,13488,13499,2,13
4195,12,48,13475,13479,13502,4,27
4196,14,48,13475,13480,13505,5,30
4194,7,48,13475,13478,13508,3,33
4187,10,48,13450,13454,13511,4,61
4191,9,48,13467,13470,13514,3,47
4198,1,48,13500,13502,13525,2,25
4199,5,48,13500,13503,13528,3,28
4205,2,48,13512,13514,13531,2,19
4203,11,48,13500,13507,13534,7,34
4204,13,48,13500,13508,13537,8,37
4206,7,48,13512,13515,13540,3,28
4200,6,48,13500,13504,13543,4,43
4207,1,48,13525,13527,13546,2,21
4208,8,48,13529,13530,13549,1,20
4201,9,48,13500,13505,13552,5,52
4209,5,48,13533,13534,13555,1,22
4202,10,48,13500,13506,13558,6,58
4210,9,48,13533,13535,13561,2,28
4211,1,48,13550,13551,13574,1,24
4212,2,48,13550,13552,13577,2,27
4213,6,48,13550,13553,13580,3,30
4222,8,48,13571,13572,13583,1,12
4216,11,48,13550,13556,13586,6,36
4218,13,48,13550,13558,13589,8,39
4220,5,48,13567,13568,13592,1,25
4214,7,48,13550,13554,13595,4,45
4223,1,48,13575,13577,13598,2,23
4215,10,48,13550,13555,13601,5,51
4217,12,48,13550,13557,13604,7,54
4219,14,48,13550,13559,13607,9,57
4224,2,48,13588,13589,13610,1,22
4225,7,48,13588,13590,13613,2,25
4221,9,48,13567,13569,13616,2,49
4226,1,48,13600,13602,13625,2,25
4227,5,48,13600,13603,13628,3,28
4233,8,48,13614,13616,13631,2,17
4228,6,48,13600,13604,13634,4,34
4231,11,48,13600,13607,13637,7,37
4232,13,48,13600,13608,13640,8,40
4234,1,48,13625,13627,13643,2,18
4235,2,48,13625,13628,13646,3,21
4236,7,48,13625,13629,13650,4,25
4229,9,48,13600,13605,13653,5,53
4237,12,48,13625,13630,13656,5,31
4238,14,48,13625,13631,13659,6,34
4239,5,48,13633,13634,13662,1,29
4230,10,48,13600,13606,13665,6,65
4241,1,48,13650,13651,13668,1,18
4242,6,48,13650,13652,13674,2,24
4246,8,48,13657,13658,13677,1,20
4247,2,48,13662,13664,13680,2,18
4248,7,48,13662,13665,13683,3,21
4249,5,48,13667,13669,13686,2,19
4244,11,48,13650,13654,13689,4,39
4251,1,48,13675,13676,13692,1,17
4245,13,48,13650,13655,13695,5,45
4240,9,48,13633,13635,13698,2,65
4243,10,48,13650,13653,13701,3,51
4250,9,48,13667,13670,13704,3,37
4252,1,48,13700,13701,13724,1,24
4253,2,48,13700,13702,13727,2,27
4254,5,48,13700,13703,13730,3,30
4257,8,48,13700,13706,13733,6,33
4260,11,48,13700,13709,13736,9,36
4262,13,48,13700,13711,13739,11,39
4255,6,48,13700,13704,13742,4,42
4256,7,48,13700,13705,13745,5,45
4264,1,48,13725,13727,13748,2,23
4258,9,48,13700,13707,13751,7,51
4261,12,48,13700,13710,13754,10,54
4263,14,48,13700,13712,13757,12,57
4265,5,48,13733,13735,13760,2,27
4270,1,48,13750,13752,13763,2,13
4269,8,48,13743,13745,13766,2,23
4267,2,48,13738,13739,13769,1,31
4271,6,48,13750,13753,13772,3,22
4268,7,48,13738,13740,13775,2,37
4273,11,48,13750,13755,13778,5,28
4274,13,48,13750,13756,13781,6,31
4259,10,48,13700,13708,13784,8,84
4275,5,48,13767,13769,13787,2,20
4266,9,48,13733,13736,13790,3,57
4277,1,48,13775,13776,13793,1,18
4278,2,48,13775,13777,13796,2,21
4282,8,48,13786,13788,13799,2,13
4280,12,48,13775,13779,13802,4,27
4281,14,48,13775,13780,13805,5,30
4279,7,48,13775,13778,13808,3,33
4272,10,48,13750,13754,13811,4,61
4276,9,48,13767,13770,13814,3,47
4283,1,48,13800,13802,13825,2,25
4284,5,48,13800,13803,13828,3,28
4290,2,48,13812,13814,13831,2,19
4288,11,48,13800,13807,13834,7,34
4289,13,48,13800,13808,13837,8,37
4291,7,48,13812,13815,13840,3,28
4285,6,48,13800,13804,13843,4,43
4292,1,48,13825,13827,13846,2,21
4293,8,48,13829,13830,13849,1,20
4286,9,48,13800,13805,13852,5,52
4294,5,48,13833,13834,13855,1,22
4287,10,48,13800,13806,13858,6,58
4295,9,48,13833,13835,13861,2,28
4296,1,48,13850,13851,13874,1,24
4297,2,48,13850,13852,13877,2,27
4298,6,48,13850,13853,13880,3,30
4307,8,48,13871,13872,13883,1,12
4301,11,48,13850,13856,13886,6,36
4303,13,48,13850,13858,13889,8,39
4305,5,48,13867,13868,13892,1,25
4299,7,48,13850,13854,13895,4,45
4308,1,48,13875,13877,13898,2,23
4300,10,48,13850,13855,13901,5,51
4302,12,48,13850,13857,13904,7,54
4304,14,48,13850,13859,13907,9,57
4309,2,48,13888,13889,13910,1,22
4310,7,48,13888,13890,13913,2,25
4306,9,48,13867,13869,13916,2,49
4311,1,48,13900,13902,13925,2,25
4312,5,48,13900,13903,13928,3,28
4318,8,48,13914,13916,13931,2,17
4313,6,48,13900,13904,13934,4,34
4316,11,48,13900,13907,13937,7,37
4317,13,48,13900,13908,13940,8,40
4319,1,48,13925,13927,13943,2,18
4320,2,48,13925,13928,13946,3,21
4321,7,48,13925,13929,13950,4,25
4314,9,48,13900,13905,13953,5,53
4322,12,48,13925,13930,13956,5,31
4323,14,48,13925,13931,13959,6,34
4324,5,48,13933,13934,13962,1,29
4315,10,48,13900,13906,13965,6,65
4326,1,48,13950,13951,13968,1,18
4327,6,48,13950,13952,13974,2,24
4331,8,48,13957,13958,13977,1,20
4332,2,48,13962,13964,13980,2,18
4333,7,48,13962,13965,13983,3,21
4334,5,48,13967,13969,13986,2,19
4329,11,48,13950,13954,13989,4,39
4336,1,48,13975,13976,13992,1,17
4330,13,48,13950,13955,13995,5,45
4325,9,48,13933,13935,13998,2,65
4328,10,48,13950,13953,14001,3,51
4335,9,48,13967,13970,14004,3,37
4337,1,48,14000,14001,14024,1,24
4338,2,48,14000,14002,14027,2,27
4339,5,48,14000,14003,14030,3,30
4342,8,48,14000,14006,14033,6,33
4345,11,48,14000,14009,14036,9,36
4347,13,48,14000,14011,14039,11,39
4340,6,48,14000,14004,14042,4,42
4341,7,48,14000,14005,14045,5,45
4349,1,48,14025,14027,14048,2,23
4343,9,48,14000,14007,14051,7,51
4346,12,48,14000,14010,14054,10,54
4348,14,48,14000,14012,14057,12,57
4350,5,48,14033,14035,14060,2,27
4355,1,48,14050,14052,14063,2,13
4354,8,48,14043,14045,14066,2,23
4352,2,48,14038,14039,14069,1,31
4356,6,48,14050,14053,14072,3,22
4353,7,48,14038,14040,14075,2,37
4358,11,48,14050,14055,14078,5,28
4359,13,48,14050,14056,14081,6,31
4344,10,48,14000,14008,14084,8,84
4360,5,48,14067,14069,14087,2,20
4351,9,48,14033,14036,14090,3,57
4362,1,48,14075,14076,14093,1,18
4363,2,48,14075,14077,14096,2,21
4367,8,48,14086,14088,14099,2,13
4365,12,48,14075,14079,14102,4,27
4366,14,48,14075,14080,14105,5,30
4364,7,48,14075,14078,14108,3,33
4357,10,48,14050,14054,14111,4,61
4361,9,48,14067,14070,14114,3,47
4368,1,48,14100,14102,14125,2,25
4369,5,48,14100,14103,14128,3,28
4375,2,48,14112,14114,14131,2,19
4373,11,48,14100,14107,14134,7,34
4374,13,48,14100,14108,14137,8,37
4376,7,48,14112,14115,14140,3,28
4370,6,48,14100,14104,14143,4,43
4377,1,48,14125,14127,14146,2,21
4378,8,48,14129,14130,14149,1,20
4371,9,48,14100,14105,14152,5,52
4379,5,48,14133,14134,14155,1,22
4372,10,48,14100,14106,14158,6,58
4380,9,48,14133,14135,14161,2,28
4381,1,48,14150,14151,14174,1,24
4382,2,48,14150,14152,14177,2,27
4383,6,48,14150,14153,14180,3,30
4392,8,48,14171,14172,14183,1,12
4386,11,48,14150,14156,14186,6,36
4388,13,48,14150,14158,14189,8,39
4390,5,48,14167,14168,14192,1,25
4384,7,48,14150,14154,14195,4,45
4393,1,48,14175,14177,14198,2,23
4385,10,48,14150,14155,14201,5,51
4387,12,48,14150,14157,14204,7,54
4389,14,48,14150,14159,14207,9,57
4394,2,48,14188,14189,14210,1,22
4395,7,48,14188,14190,14213,2,25
4391,9,48,14167,14169,14216,2,49
4396,1,48,14200,14202,14225,2,25
4397,5,48,14200,14203,14228,3,28
4403,8,48,14214,14216,14231,2,17
4398,6,48,14200,14204,14234,4,34
4401,11,48,14200,14207,14237,7,37
4402,13,48,14200,14208,14240,8,40
4404,1,48,14225,14227,14243,2,18
4405,2,48,14225,14228,14246,3,21
4406,7,48,14225,14229,14250,4,25
4399,9,48,14200,14205,14253,5,53
4407,12,48,14225,14230,14256,5,31
4408,14,48,14225,14231,14259,6,34
4409,5,48,14233,14234,14262,1,29
4400,10,48,14200,14206,14265,6,65
4411,1,48,14250,14251,14268,1,18
4412,6,48,14250,14252,14274,2,24
4416,8,48,14257,14258,14277,1,20
4417,2,48,14262,14264,14280,2,18
4418,7,48,14262,14265,14283,3,21
4419,5,48,14267,14269,14286,2,19
4414,11,48,14250,14254,14289,4,39
4421,1,48,14275,14276,14292,1,17
4415,13,48,14250,14255,14295,5,45
4410,9,48,14233,14235,14298,2,65
4413,10,48,14250,14253,14301,3,51
4420,9,48,14267,14270,14304,3,37
4422,1,48,14300,14301,14324,1,24
4423,2,48,14300,14302,14327,2,27
4424,5,48,14300,14303,14330,3,30
4427,8,48,14300,14306,14333,6,33
4430,11,48,14300,14309,14336,9,36
4432,13,48,14300,14311,14339,11,39
4425,6,48,14300,14304,14342,4,42
4426,7,48,14300,14305,14345,5,45
4434,1,48,14325,14327,14348,2,23
4428,9,48,14300,14307,14351,7,51
4431,12,48,14300,14310,14354,10,54
4433,14,48,14300,14312,14357,12,57
4435,5,48,14333,14335,14360,2,27
4440,1,48,14350,14352,14363,2,13
4439,8,48,14343,14345,14366,2,23
4437,2,48,14338,14339,14369,1,31
4441,6,48,14350,14353,14372,3,22
4438,7,48,14338,14340,14375,2,37
4443,11,48,14350,14355,14378,5,28
4444,13,48,14350,14356,14381,6,31
4429,10,48,14300,14308,14384,8,84
4445,5,48,14367,14369,14387,2,20
4436,9,48,14333,14336,14390,3,57
4447,1,48,14375,14376,14393,1,18
4448,2,48,14375,14377,14396,2,21
4452,8,48,14386,14388,14399,2,13
4450,12,48,14375,14379,14402,4,27
4451,14,48,14375,14380,14405,5,30
4449,7,48,14375,14378,14408,3,33
4442,10,48,14350,14354,14411,4,61
4446,9,48,14367,14370,14414,3,47
4453,1,48,14400,14402,14425,2,25
4454,5,48,14400,14403,14428,3,28
4460,2,48,14412,14414,14431,2,19
4458,11,48,14400,14407,14434,7,34
4459,13,48,14400,14408,14437,8,37
4461,7,48,14412,14415,14440,3,28
4455,6,48,14400,14404,14443,4,43
4462,1,48,14425,14427,14446,2,21
4463,8,48,14429,14430,14449,1,20
4456,9,48,14400,14405,14452,5,52
4464,5,48,14433,14434,14455,1,22
4457,10,48,14400,14406,14458,6,58
4465,9,48,14433,14435,14461,2,28
4466,1,48,14450,14451,14474,1,24
4467,2,48,14450,14452,14477,2,27
4468,6,48,14450,14453,14480,3,30
4477,8,48,14471,14472,14483,1,12
4471,11,48,14450,14456,14486,6,36
4473,13,48,14450,14458,14489,8,39
4475,5,48,14467,14468,14492,1,25
4469,7,48,14450,14454,14495,4,45
4478,1,48,14475,14477,14498,2,23
4470,10,48,14450,14455,14501,5,51
4472,12,48,14450,14457,14504,7,54
4474,14,48,14450,14459,14507,9,57
4479,2,48,14488,14489,14510,1,22
4480,7,48,14488,14490,14513,2,25
4476,9,48,14467,14469,14516,2,49
4481,1,48,14500,14502,14525,2,25
4482,5,48,14500,14503,14528,3,28
4488,8,48,14514,14516,14531,2,17
4483,6,48,14500,14504,14534,4,34
4486,11,48,14500,14507,14537,7,37
4487,13,48,14500,14508,14540,8,40
4489,1,48,14525,14527,14543,2,18
4490,2,48,14525,14528,14546,3,21
4491,7,48,14525,14529,14550,4,25
4484,9,48,14500,14505,14553,5,53
4492,12,48,14525,14530,14556,5,31
4493,14,48,14525,14531,14559,6,34
4494,5,48,14533,14534,14562,1,29
4485,10,48,14500,14506,14565,6,65
4496,1,48,14550,14551,14568,1,18
4497,6,48,14550,14552,14574,2,24
4501,8,48,14557,14558,14577,1,20
4502,2,48,14562,14564,14580,2,18
4503,7,48,14562,14565,14583,3,21
4504,5,48,14567,14569,14586,2,19
4499,11,48,14550,14554,14589,4,39
4506,1,48,14575,14576,14592,1,17
4500,13,48,14550,14555,14595,5,45
4495,9,48,14533,14535,14598,2,65
4498,10,48,14550,14553,14601,3,51
4505,9,48,14567,14570,14604,3,37
4507,1,48,14600,14601,14624,1,24
4508,2,48,14600,14602,14627,2,27
4509,5,48,14600,14603,14630,3,30
4512,8,48,14600,14606,14633,6,33
4515,11,48,14600,14609,14636,9,36
4517,13,48,14600,14611,14639,11,39
4510,6,48,14600,14604,14642,4,42
4511,7,48,14600,14605,14645,5,45
4519,1,48,14625,14627,14648,2,23
4513,9,48,14600,14607,14651,7,51
4516,12,48,14600,14610,14654,10,54
4518,14,48,14600,14612,14657,12,57
4520,5,48,14633,14635,14660,2,27
4525,1,48,14650,14652,14663,2,13
4524,8,48,14643,14645,14666,2,23
4522,2,48,14638,14639,14669,1,31
4526,6,48,14650,14653,14672,3,22
4523,7,48,14638,14640,14675,2,37
4528,11,48,14650,14655,14678,5,28
4529,13,48,14650,14656,14681,6,31
4514,10,48,14600,14608,14684,8,84
4530,5,48,14667,14669,14687,2,20
4521,9,48,14633,14636,14690,3,57
4532,1,48,14675,14676,14693,1,18
4533,2,48,14675,14677,14696,2,21
4537,8,48,14686,14688,14699,2,13
4535,12,48,14675,14679,14702,4,27
4536,14,48,14675,14680,14705,5,30
4534,7,48,14675,14678,14708,3,33
4527,10,48,14650,14654,14711,4,61
4531,9,48,14667,14670,14714,3,47
4538,1,48,14700,14702,14725,2,25
4539,5,48,14700,14703,14728,3,28
4545,2,48,14712,14714,14731,2,19
4543,11,48,14700,14707,14734,7,34
4544,13,48,14700,14708,14737,8,37
4546,7,48,14712,14715,14740,3,28
4540,6,48,14700,14704,14743,4,43
4547,1,48,14725,14727,14746,2,21
4548,8,48,14729,14730,14749,1,20
4541,9,48,14700,14705,14752,5,52
4549,5,48,14733,14734,14755,1,22
4542,10,48,14700,14706,14758,6,58
4550,9,48,14733,14735,14761,2,28
4551,1,48,14750,14751,14774,1,24
4552,2,48,14750,14752,14777,2,27
4553,6,48,14750,14753,14780,3,30
4562,8,48,14771,14772,14783,1,12
4556,11,48,14750,14756,14786,6,36
4558,13,48,14750,14758,14789,8,39
4560,5,48,14767,14768,14792,1,25
4554,7,48,14750,14754,14795,4,45
4563,1,48,14775,14777,14798,2,23
4555,10,48,14750,14755,14801,5,51
4557,12,48,14750,14757,14804,7,54
4559,14,48,14750,14759,14807,9,57
4564,2,48,14788,14789,14810,1,22
4565,7,48,14788,14790,14813,2,25
4561,9,48,14767,14769,14816,2,49
4566,1,48,14800,14802,14825,2,25
4567,5,48,14800,14803,14828,3,28
4573,8,48,14814,14816,14831,2,17
4568,6,48,14800,14804,14834,4,34
4571,11,48,14800,14807,14837,7,37
4572,13,48,14800,14808,14840,8,40
4574,1,48,14825,14827,14843,2,18
4575,2,48,14825,14828,14846,3,21
4576,7,48,14825,14829,14850,4,25
4569,9,48,14800,14805,14853,5,53
4577,12,48,14825,14830,14856,5,31
4578,14,48,14825,14831,14859,6,34
4579,5,48,14833,14834,14862,1,29
4570,10,48,14800,14806,14865,6,65
4581,1,48,14850,14851,14868,1,18
4582,6,48,14850,14852,14874,2,24
4586,8,48,14857,14858,14877,1,20
4587,2,48,14862,14864,14880,2,18
4588,7,48,14862,14865,14883,3,21
4589,5,48,14867,14869,14886,2,19
4584,11,48,14850,14854,14889,4,39
4591,1,48,14875,14876,14892,1,17
4585,13,48,14850,14855,14895,5,45
4580,9,48,14833,14835,14898,2,65
4583,10,48,14850,14853,14901,3,51
4590,9,48,14867,14870,14904,3,37
4592,1,48,14900,14901,14924,1,24
4593,2,48,14900,14902,14927,2,27
4594,5,48,14900,14903,14930,3,30
4597,8,48,14900,14906,14933,6,33
4600,11,48,14900,14909,14936,9,36
4602,13,48,14900,14911,14939,11,39
4595,6,48,14900,14904,14942,4,42
4596,7,48,14900,14905,14945,5,45
4604,1,48,14925,14927,14948,2,23
4598,9,48,14900,14907,14951,7,51
4601,12,48,14900,14910,14954,10,54
4603,14,48,14900,14912,14957,12,57
4605,5,48,14933,14935,14960,2,27
4610,1,48,14950,14952,14963,2,13
4609,8,48,14943,14945,14966,2,23
4607,2,48,14938,14939,14969,1,31
4611,6,48,14950,14953,14972,3,22
4608,7,48,14938,14940,14975,2,37
4613,11,48,14950,14955,14978,5,28
4614,13,48,14950,14956,14981,6,31
4599,10,48,14900,14908,14984,8,84
4615,5,48,14967,14969,14987,2,20
4606,9,48,14933,14936,14990,3,57
4617,1,48,14975,14976,14993,1,18
4618,2,48,14975,14977,14996,2,21
4622,8,48,14986,14988,14999,2,13
4620,12,48,14975,14979,15002,4,27
4621,14,48,14975,14980,15005,5,30
4619,7,48,14975,14978,15008,3,33
4612,10,48,14950,14954,15011,4,61
4616,9,48,14967,14970,15014,3,47
4623,1,48,15000,15002,15025,2,25
4624,5,48,15000,15003,15028,3,28
4630,2,48,15012,15014,15031,2,19
4628,11,48,15000,15007,15034,7,34
4629,13,48,15000,15008,15037,8,37
4631,7,48,15012,15015,15040,3,28
4625,6,48,15000,15004,15043,4,43
4632,1,48,15025,15027,15046,2,21
4633,8,48,15029,15030,15049,1,20
4626,9,48,15000,15005,15052,5,52
4634,5,48,15033,15034,15055,1,22
4627,10,48,15000,15006,15058,6,58
4635,9,48,15033,15035,15061,2,28
4636,1,48,15050,15051,15074,1,24
4637,2,48,15050,15052,15077,2,27
4638,6,48,15050,15053,15080,3,30
4647,8,48,15071,15072,15083,1,12
4641,11,48,15050,15056,15086,6,36
4643,13,48,15050,15058,15089,8,39
4645,5,48,15067,15068,15092,1,25
4639,7,48,15050,15054,15095,4,45
4648,1,48,15075,15077,15098,2,23
4640,10,48,15050,15055,15101,5,51
4642,12,48,15050,15057,15104,7,54
4644,14,48,15050,15059,15107,9,57
4649,2,48,15088,15089,15110,1,22
4650,7,48,15088,15090,15113,2,25
4646,9,48,15067,15069,15116,2,49
4651,1,48,15100,15102,15125,2,25
4652,5,48,15100,15103,15128,3,28
4658,8,48,15114,15116,15131,2,17
4653,6,48,15100,15104,15134,4,34
4656,11,48,15100,15107,15137,7,37
4657,13,48,15100,15108,15140,8,40
4659,1,48,15125,15127,15143,2,18
4660,2,48,15125,15128,15146,3,21
4661,7,48,15125,15129,15150,4,25
4654,9,48,15100,15105,15153,5,53
4662,12,48,15125,15130,15156,5,31
4663,14,48,15125,15131,15159,6,34
4664,5,48,15133,15134,15162,1,29
4655,10,48,15100,15106,15165,6,65
4666,1,48,15150,15151,15168,1,18
4667,6,48,15150,15152,15174,2,24
4671,8,48,15157,15158,15177,1,20
4672,2,48,15162,15164,15180,2,18
4673,7,48,15162,15165,15183,3,21
4674,5,48,15167,15169,15186,2,19
4669,11,48,15150,15154,15189,4,39
4676,1,48,15175,15176,15192,1,17
4670,13,48,15150,15155,15195,5,45
4665,9,48,15133,15135,15198,2,65
4668,10,48,15150,15153,15201,3,51
4675,9,48,15167,15170,15204,3,37
4677,1,48,15200,15201,15224,1,24
4678,2,48,15200,15202,15227,2,27
4679,5,48,15200,15203,15230,3,30
4682,8,48,15200,15206,15233,6,33
4685,11,48,15200,15209,15236,9,36
4687,13,48,15200,15211,15239,11,39
4680,6,48,15200,15204,15242,4,42
4681,7,48,15200,15205,15245,5,45
4689,1,48,15225,15227,15248,2,23
4683,9,48,15200,15207,15251,7,51
4686,12,48,15200,15210,15254,10,54
4688,14,48,15200,15212,15257,12,57
4690,5,48,15233,15235,15260,2,27
4695,1,48,15250,15252,15263,2,13
4694,8,48,15243,15245,15266,2,23
4692,2,48,15238,15239,15269,1,31
4696,6,48,15250,15253,15272,3,22
4693,7,48,15238,15240,15275,2,37
4698,11,48,15250,15255,15278,5,28
4699,13,48,15250,15256,15281,6,31
4684,10,48,15200,15208,15284,8,84
4700,5,48,15267,15269,15287,2,20
4691,9,48,15233,15236,15290,3,57
4702,1,48,15275,15276,15293,1,18
4703,2,48,15275,15277,15296,2,21
4707,8,48,15286,15288,15299,2,13
4705,12,48,15275,15279,15302,4,27
4706,14,48,15275,15280,15305,5,30
4704,7,48,15275,15278,15308,3,33
4697,10,48,15250,15254,15311,4,61
4701,9,48,15267,15270,15314,3,47
4708,1,48,15300,15302,15325,2,25
4709,5,48,15300,15303,15328,3,28
4715,2,48,15312,15314,15331,2,19
4713,11,48,15300,15307,15334,7,34
4714,13,48,15300,15308,15337,8,37
4716,7,48,15312,15315,15340,3,28
4710,6,48,15300,15304,15343,4,43
4717,1,48,15325,15327,15346,2,21
4718,8,48,15329,15330,15349,1,20
4711,9,48,15300,15305,15352,5,52
4719,5,48,15333,15334,15355,1,22
4712,10,48,15300,15306,15358,6,58
4720,9,48,15333,15335,15361,2,28
4721,1,48,15350,15351,15374,1,24
4722,2,48,15350,15352,15377,2,27
4723,6,48,15350,15353,15380,3,30
4732,8,48,15371,15372,15383,1,12
4726,11,48,15350,15356,15386,6,36
4728,13,48,15350,15358,15389,8,39
4730,5,48,15367,15368,15392,1,25
4724,7,48,15350,15354,15395,4,45
4733,1,48,15375,15377,15398,2,23
4725,10,48,15350,15355,15401,5,51
4727,12,48,15350,15357,15404,7,54
4729,14,48,15350,15359,15407,9,57
4734,2,48,15388,15389,15410,1,22
4735,7,48,15388,15390,15413,2,25
4731,9,48,15367,15369,15416,2,49
4736,1,48,15400,15402,15425,2,25
4737,5,48,15400,15403,15428,3,28
4743,8,48,15414,15416,15431,2,17
4738,6,48,15400,15404,15434,4,34
4741,11,48,15400,15407,15437,7,37
4742,13,48,15400,15408,15440,8,40
4744,1,48,15425,15427,15443,2,18
4745,2,48,15425,15428,15446,3,21
4746,7,48,15425,15429,15450,4,25
4739,9,48,15400,15405,15453,5,53
4747,12,48,15425,15430,15456,5,31
4748,14,48,15425,15431,15459,6,34
4749,5,48,15433,15434,15462,1,29
4740,10,48,15400,15406,15465,6,65
4751,1,48,15450,15451,15468,1,18
4752,6,48,15450,15452,15474,2,24
4756,8,48,15457,15458,15477,1,20
4757,2,48,15462,15464,15480,2,18
4758,7,48,15462,15465,15483,3,21
4759,5,48,15467,15469,15486,2,19
4754,11,48,15450,15454,15489,4,39
4761,1,48,15475,15476,15492,1,17
4755,13,48,15450,15455,15495,5,45
4750,9,48,15433,15435,15498,2,65
4753,10,48,15450,15453,15501,3,51
4760,9,48,15467,15470,15504,3,37
4762,1,48,15500,15501,15524,1,24
4763,2,48,15500,15502,15527,2,27
4764,5,48,15500,15503,15530,3,30
4767,8,48,15500,15506,15533,6,33
4770,11,48,15500,15509,15536,9,36
4772,13,48,15500,15511,15539,11,39
4765,6,48,15500,15504,15542,4,42
4766,7,48,15500,15505,15545,5,45
4774,1,48,15525,15527,15548,2,23
4768,9,48,15500,15507,15551,7,51
4771,12,48,15500,15510,15554,10,54
4773,14,48,15500,15512,15557,12,57
4775,5,48,15533,15535,15560,2,27
4780,1,48,15550,15552,15563,2,13
4779,8,48,15543,15545,15566,2,23
4777,2,48,15538,15539,15569,1,31
4781,6,48,15550,15553,15572,3,22
4778,7,48,15538,15540,15575,2,37
4783,11,48,15550,15555,15578,5,28
4784,13,48,15550,15556,15581,6,31
4769,10,48,15500,15508,15584,8,84
4785,5,48,15567,15569,15587,2,20
4776,9,48,15533,15536,15590,3,57
4787,1,48,15575,15576,15593,1,18
4788,2,48,15575,15577,15596,2,21
4792,8,48,15586,15588,15599,2,13
4790,12,48,15575,15579,15602,4,27
4791,14,48,15575,15580,15605,5,30
4789,7,48,15575,15578,15608,3,33
4782,10,48,15550,15554,15611,4,61
4786,9,48,15567,15570,15614,3,47
4793,1,48,15600,15602,15625,2,25
4794,5,48,15600,15603,15628,3,28
4800,2,48,15612,15614,15631,2,19
4798,11,48,15600,15607,15634,7,34
4799,13,48,15600,15608,15637,8,37
4801,7,48,15612,15615,15640,3,28
4795,6,48,15600,15604,15643,4,43
4802,1,48,15625,15627,15646,2,21
4803,8,48,15629,15630,15649,1,20
4796,9,48,15600,15605,15652,5,52
4804,5,48,15633,15634,15655,1,22
4797,10,48,15600,15606,15658,6,58
4805,9,48,15633,15635,15661,2,28
4806,1,48,15650,15651,15674,1,24
4807,2,48,15650,15652,15677,2,27
4808,6,48,15650,15653,15680,3,30
4817,8,48,15671,15672,15683,1,12
4811,11,48,15650,15656,15686,6,36
4813,13,48,15650,15658,15689,8,39
4815,5,48,15667,15668,15692,1,25
4809,7,48,15650,15654,15695,4,45
4818,1,48,15675,15677,15698,2,23
4810,10,48,15650,15655,15701,5,51
4812,12,48,15650,15657,15704,7,54
4814,14,48,15650,15659,15707,9,57
4819,2,48,15688,15689,15710,1,22
4820,7,48,15688,15690,15713,2,25
4816,9,48,15667,15669,15716,2,49
4821,1,48,15700,15702,15725,2,25
4822,5,48,15700,15703,15728,3,28
4828,8,48,15714,15716,15731,2,17
4823,6,48,15700,15704,15734,4,34
4826,11,48,15700,15707,15737,7,37
4827,13,48,15700,15708,15740,8,40
4829,1,48,15725,15727,15743,2,18
4830,2,48,15725,15728,15746,3,21
4831,7,48,15725,15729,15750,4,25
4824,9,48,15700,15705,15753,5,53
4832,12,48,15725,15730,15756,5,31
4833,14,48,15725,15731,15759,6,34
4834,5,48,15733,15734,15762,1,29
4825,10,48,15700,15706,15765,6,65
4836,1,48,15750,15751,15768,1,18
4837,6,48,15750,15752,15774,2,24
4841,8,48,15757,15758,15777,1,20
4842,2,48,15762,15764,15780,2,18
4843,7,48,15762,15765,15783,3,21
4844,5,48,15767,15769,15786,2,19
4839,11,48,15750,15754,15789,4,39
4846,1,48,15775,15776,15792,1,17
4840,13,48,15750,15755,15795,5,45
4835,9,48,15733,15735,15798,2,65
4838,10,48,15750,15753,15801,3,51
4845,9,48,15767,15770,15804,3,37
4847,1,48,15800,15801,15824,1,24
4848,2,48,15800,15802,15827,2,27
4849,5,48,15800,15803,15830,3,30
4852,8,48,15800,15806,15833,6,33
4855,11,48,15800,15809,15836,9,36
4857,13,48,15800,15811,15839,11,39
4850,6,48,15800,15804,15842,4,42
4851,7,48,15800,15805,15845,5,45
4859,1,48,15825,15827,15848,2,23
4853,9,48,15800,15807,15851,7,51
4856,12,48,15800,15810,15854,10,54
4858,14,48,15800,15812,15857,12,57
4860,5,48,15833,15835,15860,2,27
4865,1,48,15850,15852,15863,2,13
4864,8,48,15843,15845,15866,2,23
4862,2,48,15838,15839,15869,1,31
4866,6,48,15850,15853,15872,3,22
4863,7,48,15838,15840,15875,2,37
4868,11,48,15850,15855,15878,5,28
4869,13,48,15850,15856,15881,6,31
4854,10,48,15800,15808,15884,8,84
4870,5,48,15867,15869,15887,2,20
4861,9,48,15833,15836,15890,3,57
4872,1,48,15875,15876,15893,1,18
4873,2,48,15875,15877,15896,2,21
4877,8,48,15886,15888,15899,2,13
4875,12,48,15875,15879,15902,4,27
4876,14,48,15875,15880,15905,5,30
4874,7,48,15875,15878,15908,3,33
4867,10,48,15850,15854,15911,4,61
4871,9,48,15867,15870,15914,3,47
4878,1,48,15900,15902,15925,2,25
4879,5,48,15900,15903,15928,3,28
4885,2,48,15912,15914,15931,2,19
4883,11,48,15900,15907,15934,7,34
4884,13,48,15900,15908,15937,8,37
4886,7,48,15912,15915,15940,3,28
4880,6,48,15900,15904,15943,4,43
4887,1,48,15925,15927,15946,2,21
4888,8,48,15929,15930,15949,1,20
4881,9,48,15900,15905,15952,5,52
4889,5,48,15933,15934,15955,1,22
4882,10,48,15900,15906,15958,6,58
4890,9,48,15933,15935,15961,2,28
4891,1,48,15950,15951,15974,1,24
4892,2,48,15950,15952,15977,2,27
4893,6,48,15950,15953,15980,3,30
4902,8,48,15971,15972,15983,1,12
4896,11,48,15950,15956,15986,6,36
4898,13,48,15950,15958,15989,8,39
4900,5,48,15967,15968,15992,1,25
4894,7,48,15950,15954,15995,4,45
4903,1,48,15975,15977,15998,2,23
4895,10,48,15950,15955,16001,5,51
4897,12,48,15950,15957,16004,7,54
4899,14,48,15950,15959,16007,9,57
4904,2,48,15988,15989,16010,1,22
4905,7,48,15988,15990,16013,2,25
4901,9,48,15967,15969,16016,2,49
4906,1,48,16000,16002,16025,2,25
4907,5,48,16000,16003,16028,3,28
4913,8,48,16014,16016,16031,2,17
4908,6,48,16000,16004,16034,4,34
4911,11,48,16000,16007,16037,7,37
4912,13,48,16000,16008,16040,8,40
4914,1,48,16025,16027,16043,2,18
4915,2,48,16025,16028,16046,3,21
4916,7,48,16025,16029,16050,4,25
4909,9,48,16000,16005,16053,5,53
4917,12,48,16025,16030,16056,5,31
4918,14,48,16025,16031,16059,6,34
4919,5,48,16033,16034,16062,1,29
4910,10,48,16000,16006,16065,6,65
4921,1,48,16050,16051,16068,1,18
4922,6,48,16050,16052,16074,2,24
4926,8,48,16057,16058,16077,1,20
4927,2,48,16062,16064,16080,2,18
4928,7,48,16062,16065,16083,3,21
4929,5,48,16067,16069,16086,2,19
4924,11,48,16050,16054,16089,4,39
4931,1,48,16075,16076,16092,1,17
4925,13,48,16050,16055,16095,5,45
4920,9,48,16033,16035,16098,2,65
4923,10,48,16050,16053,16101,3,51
4930,9,48,16067,16070,16104,3,37
4932,1,48,16100,16101,16124,1,24
4933,2,48,16100,16102,16127,2,27
4934,5,48,16100,16103,16130,3,30
4937,8,48,16100,16106,16133,6,33
4940,11,48,16100,16109,16136,9,36
4942,13,48,16100,16111,16139,11,39
4935,6,48,16100,16104,16142,4,42
4936,7,48,16100,16105,16145,5,45
4944,1,48,16125,16127,16148,2,23
4938,9,48,16100,16107,16151,7,51
4941,12,48,16100,16110,16154,10,54
4943,14,48,16100,16112,16157,12,57
4945,5,48,16133,16135,16160,2,27
4950,1,48,16150,16152,16163,2,13
4949,8,48,16143,16145,16166,2,23
4947,2,48,16138,16139,16169,1,31
4951,6,48,16150,16153,16172,3,22
4948,7,48,16138,16140,16175,2,37
4953,11,48,16150,16155,16178,5,28
4954,13,48,16150,16156,16181,6,31
4939,10,48,16100,16108,16184,8,84
4955,5,48,16167,16169,16187,2,20
4946,9,48,16133,16136,16190,3,57
4957,1,48,16175,16176,16193,1,18
4958,2,48,16175,16177,16196,2,21
4962,8,48,16186,16188,16199,2,13
4960,12,48,16175,16179,16202,4,27
4961,14,48,16175,16180,16205,5,30
4959,7,48,16175,16178,16208,3,33
4952,10,48,16150,16154,16211,4,61
4956,9,48,16167,16170,16214,3,47
4963,1,48,16200,16202,16225,2,25
4964,5,48,16200,16203,16228,3,28
4970,2,48,16212,16214,16231,2,19
4968,11,48,16200,16207,16234,7,34
4969,13,48,16200,16208,16237,8,37
4971,7,48,16212,16215,16240,3,28
4965,6,48,16200,16204,16243,4,43
4972,1,48,16225,16227,16246,2,21
4973,8,48,16229,16230,16249,1,20
4966,9,48,16200,16205,16252,5,52
4974,5,48,16233,16234,16255,1,22
4967,10,48,16200,16206,16258,6,58
4975,9,48,16233,16235,16261,2,28
4976,1,48,16250,16251,16274,1,24
4977,2,48,16250,16252,16277,2,27
4978,6,48,16250,16253,16280,3,30
4987,8,48,16271,16272,16283,1,12
4981,11,48,16250,16256,16286,6,36
4983,13,48,16250,16258,16289,8,39
4985,5,48,16267,16268,16292,1,25
4979,7,48,16250,16254,16295,4,45
4988,1,48,16275,16277,16298,2,23
4980,10,48,16250,16255,16301,5,51
4982,12,48,16250,16257,16304,7,54
4984,14,48,16250,16259,16307,9,57
4989,2,48,16288,16289,16310,1,22
4990,7,48,16288,16290,16313,2,25
4986,9,48,16267,16269,16316,2,49
4991,1,48,16300,16302,16325,2,25
4992,5,48,16300,16303,16328,3,28
4998,8,48,16314,16316,16331,2,17
4993,6,48,16300,16304,16334,4,34
4996,11,48,16300,16307,16337,7,37
4997,13,48,16300,16308,16340,8,40
4999,1,48,16325,16327,16343,2,18
5000,2,48,16325,16328,16346,3,21
5001,7,48,16325,16329,16350,4,25
4994,9,48,16300,16305,16353,5,53
5002,12,48,16325,16330,16356,5,31
5003,14,48,16325,16331,16359,6,34
5004,5,48,16333,16334,16362,1,29
4995,10,48,16300,16306,16365,6,65
5006,1,48,16350,16351,16368,1,18
5007,6,48,16350,16352,16374,2,24
5011,8,48,16357,16358,16377,1,20
5012,2,48,16362,16364,16380,2,18
5013,7,48,16362,16365,16383,3,21
5014,5,48,16367,16369,16386,2,19
5009,11,48,16350,16354,16389,4,39
5016,1,48,16375,16376,16392,1,17
5010,13,48,16350,16355,16395,5,45
5005,9,48,16333,16335,16398,2,65
5008,10,48,16350,16353,16401,3,51
5015,9,48,16367,16370,16404,3,37
5017,1,48,16400,16401,16424,1,24
5018,2,48,16400,16402,16427,2,27
5019,5,48,16400,16403,16430,3,30
5022,8,48,16400,16406,16433,6,33
5025,11,48,16400,16409,16436,9,36
5027,13,48,16400,16411,16439,11,39
5020,6,48,16400,16404,16442,4,42
5021,7,48,16400,16405,16445,5,45
5029,1,48,16425,16427,16448,2,23
5023,9,48,16400,16407,16451,7,51
5026,12,48,16400,16410,16454,10,54
5028,14,48,16400,16412,16457,12,57
5030,5,48,16433,16435,16460,2,27
5035,1,48,16450,16452,16463,2,13
5034,8,48,16443,16445,16466,2,23
5032,2,48,16438,16439,16469,1,31
5036,6,48,16450,16453,16472,3,22
5033,7,48,16438,16440,16475,2,37
5038,11,48,16450,16455,16478,5,28
5039,13,48,16450,16456,16481,6,31
5024,10,48,16400,16408,16484,8,84
5040,5,48,16467,16469,16487,2,20
5031,9,48,16433,16436,16490,3,57
5042,1,48,16475,16476,16493,1,18
5043,2,48,16475,16477,16496,2,21
5047,8,48,16486,16488,16499,2,13
5045,12,48,16475,16479,16502,4,27
5046,14,48,16475,16480,16505,5,30
5044,7,48,16475,16478,16508,3,33
5037,10,48,16450,16454,16511,4,61
5041,9,48,16467,16470,16514,3,47
5048,1,48,16500,16502,16525,2,25
5049,5,48,16500,16503,16528,3,28
5055,2,48,16512,16514,16531,2,19
5053,11,48,16500,16507,16534,7,34
5054,13,48,16500,16508,16537,8,37
5056,7,48,16512,16515,16540,3,28
5050,6,48,16500,16504,16543,4,43
5057,1,48,16525,16527,16546,2,21
5058,8,48,16529,16530,16549,1,20
5051,9,48,16500,16505,16552,5,52
5059,5,48,16533,16534,16555,1,22
5052,10,48,16500,16506,16558,6,58
5060,9,48,16533,16535,16561,2,28
5061,1,48,16550,16551,16574,1,24
5062,2,48,16550,16552,16577,2,27
5063,6,48,16550,16553,16580,3,30
5072,8,48,16571,16572,16583,1,12
5066,11,48,16550,16556,16586,6,36
5068,13,48,16550,16558,16589,8,39
5070,5,48,16567,16568,16592,1,25
5064,7,48,16550,16554,16595,4,45
5073,1,48,16575,16577,16598,2,23
5065,10,48,16550,16555,16601,5,51
5067,12,48,16550,16557,16604,7,54
5069,14,48,16550,16559,16607,9,57
5074,2,48,16588,16589,16610,1,22
5075,7,48,16588,16590,16613,2,25
5071,9,48,16567,16569,16616,2,49
5076,1,48,16600,16602,16625,2,25
5077,5,48,16600,16603,16628,3,28
5083,8,48,16614,16616,16631,2,17
5078,6,48,16600,16604,16634,4,34
5081,11,48,16600,16607,16637,7,37
5082,13,48,16600,16608,16640,8,40
5084,1,48,16625,16627,16643,2,18
5085,2,48,16625,16628,16646,3,21
5086,7,48,16625,16629,16650,4,25
5079,9,48,16600,16605,16653,5,53
5087,12,48,16625,16630,16656,5,31
5088,14,48,16625,16631,16659,6,34
5089,5,48,16633,16634,16662,1,29
5080,10,48,16600,16606,16665,6,65
5091,1,48,16650,16651,16668,1,18
5092,6,48,16650,16652,16674,2,24
5096,8,48,16657,16658,16677,1,20
5097,2,48,16662,16664,16680,2,18
5098,7,48,16662,16665,16683,3,21
5099,5,48,16667,16669,16686,2,19
5094,11,48,16650,16654,16689,4,39
5101,1,48,16675,16676,16692,1,17
5095,13,48,16650,16655,16695,5,45
5090,9,48,16633,16635,16698,2,65
5093,10,48,16650,16653,16701,3,51
5100,9,48,16667,16670,16704,3,37
5102,1,48,16700,16701,16724,1,24
5103,2,48,16700,16702,16727,2,27
5104,5,48,16700,16703,16730,3,30
5107,8,48,16700,16706,16733,6,33
5110,11,48,16700,16709,16736,9,36
5112,13,48,16700,16711,16739,11,39
5105,6,48,16700,16704,16742,4,42
5106,7,48,16700,16705,16745,5,45
5114,1,48,16725,16727,16748,2,23
5108,9,48,16700,16707,16751,7,51
5111,12,48,16700,16710,16754,10,54
5113,14,48,16700,16712,16757,12,57
5115,5,48,16733,16735,16760,2,27
5120,1,48,16750,16752,16763,2,13
5119,8,48,16743,16745,16766,2,23
5117,2,48,16738,16739,16769,1,31
5121,6,48,16750,16753,16772,3,22
5118,7,48,16738,16740,16775,2,37
5123,11,48,16750,16755,16778,5,28
5124,13,48,16750,16756,16781,6,31
5109,10,48,16700,16708,16784,8,84
5125,5,48,16767,16769,16787,2,20
5116,9,48,16733,16736,16790,3,57
5127,1,48,16775,16776,16793,1,18
5128,2,48,16775,16777,16796,2,21
5132,8,48,16786,16788,16799,2,13
5130,12,48,16775,16779,16802,4,27
5131,14,48,16775,16780,16805,5,30
5129,7,48,16775,16778,16808,3,33
5122,10,48,16750,16754,16811,4,61
5126,9,48,16767,16770,16814,3,47
5133,1,48,16800,16802,16825,2,25
5134,5,48,16800,16803,16828,3,28
5140,2,48,16812,16814,16831,2,19
5138,11,48,16800,16807,16834,7,34
5139,13,48,16800,16808,16837,8,37
5141,7,48,16812,16815,16840,3,28
5135,6,48,16800,16804,16843,4,43
5142,1,48,16825,16827,16846,2,21
5143,8,48,16829,16830,16849,1,20
5136,9,48,16800,16805,16852,5,52
5144,5,48,16833,16834,16855,1,22
5137,10,48,16800,16806,16858,6,58
5145,9,48,16833,16835,16861,2,28
5146,1,48,16850,16851,16874,1,24
5147,2,48,16850,16852,16877,2,27
5148,6,48,16850,16853,16880,3,30
5157,8,48,16871,16872,16883,1,12
5151,11,48,16850,16856,16886,6,36
5153,13,48,16850,16858,16889,8,39
5155,5,48,16867,16868,16892,1,25
5149,7,48,16850,16854,16895,4,45
5158,1,48,16875,16877,16898,2,23
5150,10,48,16850,16855,16901,5,51
5152,12,48,16850,16857,16904,7,54
5154,14,48,16850,16859,16907,9,57
5159,2,48,16888,16889,16910,1,22
5160,7,48,16888,16890,16913,2,25
5156,9,48,16867,16869,16916,2,49
5161,1,48,16900,16902,16925,2,25
5162,5,48,16900,16903,16928,3,28
5168,8,48,16914,16916,16931,2,17
5163,6,48,16900,16904,16934,4,34
5166,11,48,16900,16907,16937,7,37
5167,13,48,16900,16908,16940,8,40
5169,1,48,16925,16927,16943,2,18
5170,2,48,16925,16928,16946,3,21
5171,7,48,16925,16929,16950,4,25
5164,9,48,16900,16905,16953,5,53
5172,12,48,16925,16930,16956,5,31
5173,14,48,16925,16931,16959,6,34
5174,5,48,16933,16934,16962,1,29
5165,10,48,16900,16906,16965,6,65
5176,1,48,16950,16951,16968,1,18
5177,6,48,16950,16952,16974,2,24
5181,8,48,16957,16958,16977,1,20
5182,2,48,16962,16964,16980,2,18
5183,7,48,16962,16965,16983,3,21
5184,5,48,16967,16969,16986,2,19
5179,11,48,16950,16954,16989,4,39
5186,1,48,16975,16976,16992,1,17
5180,13,48,16950,16955,16995,5,45
5175,9,48,16933,16935,16998,2,65
5178,10,48,16950,16953,17001,3,51
5185,9,48,16967,16970,17004,3,37
5187,1,48,17000,17001,17024,1,24
5188,2,48,17000,17002,17027,2,27
5189,5,48,17000,17003,17030,3,30
5192,8,48,17000,17006,17033,6,33
5195,11,48,17000,17009,17036,9,36
5197,13,48,17000,17011,17039,11,39
5190,6,48,17000,17004,17042,4,42
5191,7,48,17000,17005,17045,5,45
5199,1,48,17025,17027,17048,2,23
5193,9,48,17000,17007,17051,7,51
5196,12,48,17000,17010,17054,10,54
5198,14,48,17000,17012,17057,12,57
5200,5,48,17033,17035,17060,2,27
5205,1,48,17050,17052,17063,2,13
5204,8,48,17043,17045,17066,2,23
5202,2,48,17038,17039,17069,1,31
5206,6,48,17050,17053,17072,3,22
5203,7,48,17038,17040,17075,2,37
5208,11,48,17050,17055,17078,5,28
5209,13,48,17050,17056,17081,6,31
5194,10,48,17000,17008,17084,8,84
5210,5,48,17067,17069,17087,2,20
5201,9,48,17033,17036,17090,3,57
5212,1,48,17075,17076,17093,1,18
5213,2,48,17075,17077,17096,2,21
5217,8,48,17086,17088,17099,2,13
5215,12,48,17075,17079,17102,4,27
5216,14,48,17075,17080,17105,5,30
5214,7,48,17075,17078,17108,3,33
5207,10,48,17050,17054,17111,4,61
5211,9,48,17067,17070,17114,3,47
5218,1,48,17100,17102,17125,2,25
5219,5,48,17100,17103,17128,3,28
5225,2,48,17112,17114,17131,2,19
5223,11,48,17100,17107,17134,7,34
5224,13,48,17100,17108,17137,8,37
5226,7,48,17112,17115,17140,3,28
5220,6,48,17100,17104,17143,4,43
5227,1,48,17125,17127,17146,2,21
5228,8,48,17129,17130,17149,1,20
5221,9,48,17100,17105,17152,5,52
5229,5,48,17133,17134,17155,1,22
5222,10,48,17100,17106,17158,6,58
5230,9,48,17133,17135,17161,2,28
5231,1,48,17150,17151,17174,1,24
5232,2,48,17150,17152,17177,2,27
5233,6,48,17150,17153,17180,3,30
5242,8,48,17171,17172,17183,1,12
5236,11,48,17150,17156,17186,6,36
5238,13,48,17150,17158,17189,8,39
5240,5,48,17167,17168,17192,1,25
5234,7,48,17150,17154,17195,4,45
5243,1,48,17175,17177,17198,2,23
5235,10,48,17150,17155,17201,5,51
5237,12,48,17150,17157,17204,7,54
5239,14,48,17150,17159,17207,9,57
5244,2,48,17188,17189,17210,1,22
5245,7,48,17188,17190,17213,2,25
5241,9,48,17167,17169,17216,2,49
5246,1,48,17200,17202,17225,2,25
5247,5,48,17200,17203,17228,3,28
5253,8,48,17214,17216,17231,2,17
5248,6,48,17200,17204,17234,4,34
5251,11,48,17200,17207,17237,7,37
5252,13,48,17200,17208,17240,8,40
5254,1,48,17225,17227,17243,2,18
5255,2,48,17225,17228,17246,3,21
5256,7,48,17225,17229,17250,4,25
5249,9,48,17200,17205,17253,5,53
5257,12,48,17225,17230,17256,5,31
5258,14,48,17225,17231,17259,6,34
5259,5,48,17233,17234,17262,1,29
5250,10,48,17200,17206,17265,6,65
5261,1,48,17250,17251,17268,1,18
5262,6,48,17250,17252,17274,2,24
5266,8,48,17257,17258,17277,1,20
5267,2,48,17262,17264,17280,2,18
5268,7,48,17262,17265,17283,3,21
5269,5,48,17267,17269,17286,2,19
5264,11,48,17250,17254,17289,4,39
5271,1,48,17275,17276,17292,1,17
5265,13,48,17250,17255,17295,5,45
5260,9,48,17233,17235,17298,2,65
5263,10,48,17250,17253,17301,3,51
5270,9,48,17267,17270,17304,3,37
5272,1,48,17300,17301,17324,1,24
5273,2,48,17300,17302,17327,2,27
5274,5,48,17300,17303,17330,3,30
5277,8,48,17300,17306,17333,6,33
5280,11,48,17300,17309,17336,9,36
5282,13,48,17300,17311,17339,11,39
5275,6,48,17300,17304,17342,4,42
5276,7,48,17300,17305,17345,5,45
5284,1,48,17325,17327,17348,2,23
5278,9,48,17300,17307,17351,7,51
5281,12,48,17300,17310,17354,10,54
5283,14,48,17300,17312,17357,12,57
5285,5,48,17333,17335,17360,2,27
5290,1,48,17350,17352,17363,2,13
5289,8,48,17343,17345,17366,2,23
5287,2,48,17338,17339,17369,1,31
5291,6,48,17350,17353,17372,3,22
5288,7,48,17338,17340,17375,2,37
5293,11,48,17350,17355,17378,5,28
5294,13,48,17350,17356,17381,6,31
5279,10,48,17300,17308,17384,8,84
5295,5,48,17367,17369,17387,2,20
5286,9,48,17333,17336,17390,3,57
5297,1,48,17375,17376,17393,1,18
5298,2,48,17375,17377,17396,2,21
5302,8,48,17386,17388,17399,2,13
5300,12,48,17375,17379,17402,4,27
5301,14,48,17375,17380,17405,5,30
5299,7,48,17375,17378,17408,3,33
5292,10,48,17350,17354,17411,4,61
5296,9,48,17367,17370,17414,3,47
5303,1,48,17400,17402,17425,2,25
5304,5,48,17400,17403,17428,3,28
5310,2,48,17412,17414,17431,2,19
5308,11,48,17400,17407,17434,7,34
5309,13,48,17400,17408,17437,8,37
5311,7,48,17412,17415,17440,3,28
5305,6,48,17400,17404,17443,4,43
5312,1,48,17425,17427,17446,2,21
5313,8,48,17429,17430,17449,1,20
5306,9,48,17400,17405,17452,5,52
5314,5,48,17433,17434,17455,1,22
5307,10,48,17400,17406,17458,6,58
5315,9,48,17433,17435,17461,2,28
5316,1,48,17450,17451,17474,1,24
5317,2,48,17450,17452,17477,2,27
5318,6,48,17450,17453,17480,3,30
5327,8,48,17471,17472,17483,1,12
5321,11,48,17450,17456,17486,6,36
5323,13,48,17450,17458,17489,8,39
5325,5,48,17467,17468,17492,1,25
5319,7,48,17450,17454,17495,4,45
5328,1,48,17475,17477,17498,2,23
5320,10,48,17450,17455,17501,5,51
5322,12,48,17450,17457,17504,7,54
5324,14,48,17450,17459,17507,9,57
5329,2,48,17488,17489,17510,1,22
5330,7,48,17488,17490,17513,2,25
5326,9,48,17467,17469,17516,2,49
5331,1,48,17500,17502,17525,2,25
5332,5,48,17500,17503,17528,3,28
5338,8,48,17514,17516,17531,2,17
5333,6,48,17500,17504,17534,4,34
5336,11,48,17500,17507,17537,7,37
5337,13,48,17500,17508,17540,8,40
5339,1,48,17525,17527,17543,2,18
5340,2,48,17525,17528,17546,3,21
5341,7,48,17525,17529,17550,4,25
5334,9,48,17500,17505,17553,5,53
5342,12,48,17525,17530,17556,5,31
5343,14,48,17525,17531,17559,6,34
5344,5,48,17533,17534,17562,1,29
5335,10,48,17500,17506,17565,6,65
5346,1,48,17550,17551,17568,1,18
5347,6,48,17550,17552,17574,2,24
5351,8,48,17557,17558,17577,1,20
5352,2,48,17562,17564,17580,2,18
5353,7,48,17562,17565,17583,3,21
5354,5,48,17567,17569,17586,2,19
5349,11,48,17550,17554,17589,4,39
5356,1,48,17575,17576,17592,1,17
5350,13,48,17550,17555,17595,5,45
5345,9,48,17533,17535,17598,2,65
5348,10,48,17550,17553,17601,3,51
5355,9,48,17567,17570,17604,3,37
5357,1,48,17600,17601,17624,1,24
5358,2,48,17600,17602,17627,2,27
5359,5,48,17600,17603,17630,3,30
5362,8,48,17600,17606,17633,6,33
5365,11,48,17600,17609,17636,9,36
5367,13,48,17600,17611,17639,11,39
5360,6,48,17600,17604,17642,4,42
5361,7,48,17600,17605,17645,5,45
5369,1,48,17625,17627,17648,2,23
5363,9,48,17600,17607,17651,7,51
5366,12,48,17600,17610,17654,10,54
5368,14,48,17600,17612,17657,12,57
5370,5,48,17633,17635,17660,2,27
5375,1,48,17650,17652,17663,2,13
5374,8,48,17643,17645,17666,2,23
5372,2,48,17638,17639,17669,1,31
5376,6,48,17650,17653,17672,3,22
5373,7,48,17638,17640,17675,2,37
5378,11,48,17650,17655,17678,5,28
5379,13,48,17650,17656,17681,6,31
5364,10,48,17600,17608,17684,8,84
5380,5,48,17667,17669,17687,2,20
5371,9,48,17633,17636,17690,3,57
5382,1,48,17675,17676,17693,1,18
5383,2,48,17675,17677,17696,2,21
5387,8,48,17686,17688,17699,2,13
5385,12,48,17675,17679,17702,4,27
5386,14,48,17675,17680,17705,5,30
5384,7,48,17675,17678,17708,3,33
5377,10,48,17650,17654,17711,4,61
5381,9,48,17667,17670,17714,3,47
5388,1,48,17700,17702,17725,2,25
5389,5,48,17700,17703,17728,3,28
5395,2,48,17712,17714,17731,2,19
5393,11,48,17700,17707,17734,7,34
5394,13,48,17700,17708,17737,8,37
5396,7,48,17712,17715,17740,3,28
5390,6,48,17700,17704,17743,4,43
5397,1,48,17725,17727,17746,2,21
5398,8,48,17729,17730,17749,1,20
5391,9,48,17700,17705,17752,5,52
5399,5,48,17733,17734,17755,1,22
5392,10,48,17700,17706,17758,6,58
5400,9,48,17733,17735,17761,2,28
5401,1,48,17750,17751,17774,1,24
5402,2,48,17750,17752,17777,2,27
5403,6,48,17750,17753,17780,3,30
5412,8,48,17771,17772,17783,1,12
5406,11,48,17750,17756,17786,6,36
5408,13,48,17750,17758,17789,8,39
5410,5,48,17767,17768,17792,1,25
5404,7,48,17750,17754,17795,4,45
5413,1,48,17775,17777,17798,2,23
5405,10,48,17750,17755,17801,5,51
5407,12,48,17750,17757,17804,7,54
5409,14,48,17750,17759,17807,9,57
5414,2,48,17788,17789,17810,1,22
5415,7,48,17788,17790,17813,2,25
5411,9,48,17767,17769,17816,2,49
5416,1,48,17800,17802,17825,2,25
5417,5,48,17800,17803,17828,3,28
5423,8,48,17814,17816,17831,2,17
5418,6,48,17800,17804,17834,4,34
5421,11,48,17800,17807,17837,7,37
5422,13,48,17800,17808,17840,8,40
5424,1,48,17825,17827,17843,2,18
5425,2,48,17825,17828,17846,3,21
5426,7,48,17825,17829,17850,4,25
5419,9,48,17800,17805,17853,5,53
5427,12,48,17825,17830,17856,5,31
5428,14,48,17825,17831,17859,6,34
5429,5,48,17833,17834,17862,1,29
5420,10,48,17800,17806,17865,6,65
5431,1,48,17850,17851,17868,1,18
5432,6,48,17850,17852,17874,2,24
5436,8,48,17857,17858,17877,1,20
5437,2,48,17862,17864,17880,2,18
5438,7,48,17862,17865,17883,3,21
5439,5,48,17867,17869,17886,2,19
5434,11,48,17850,17854,17889,4,39
5441,1,48,17875,17876,17892,1,17
5435,13,48,17850,17855,17895,5,45
5430,9,48,17833,17835,17898,2,65
5433,10,48,17850,17853,17901,3,51
5440,9,48,17867,17870,17904,3,37
5442,1,48,17900,17901,17924,1,24
5443,2,48,17900,17902,17927,2,27
5444,5,48,17900,17903,17930,3,30
5447,8,48,17900,17906,17933,6,33
5450,11,48,17900,17909,17936,9,36
5452,13,48,17900,17911,17939,11,39
5445,6,48,17900,17904,17942,4,42
5446,7,48,17900,17905,17945,5,45
5454,1,48,17925,17927,17948,2,23
5448,9,48,17900,17907,17951,7,51
5451,12,48,17900,17910,17954,10,54
5453,14,48,17900,17912,17957,12,57
5455,5,48,17933,17935,17960,2,27
5460,1,48,17950,17952,17963,2,13
5459,8,48,17943,17945,17966,2,23
5457,2,48,17938,17939,17969,1,31
5461,6,48,17950,17953,17972,3,22
5458,7,48,17938,17940,17975,2,37
5463,11,48,17950,17955,17978,5,28
5464,13,48,17950,17956,17981,6,31
5449,10,48,17900,17908,17984,8,84
5465,5,48,17967,17969,17987,2,20
5456,9,48,17933,17936,17990,3,57
5467,1,48,17975,17976,17993,1,18
5468,2,48,17975,17977,17996,2,21
5472,8,48,17986,17988,17999,2,13
5470,12,48,17975,17979,18002,4,27
5471,14,48,17975,17980,18005,5,30
5469,7,48,17975,17978,18008,3,33
5462,10,48,17950,17954,18011,4,61
5466,9,48,17967,17970,18014,3,47
5473,1,48,18000,18002,18025,2,25
5474,5,48,18000,18003,18028,3,28
5480,2,48,18012,18014,18031,2,19
5478,11,48,18000,18007,18034,7,34
5479,13,48,18000,18008,18037,8,37
5481,7,48,18012,18015,18040,3,28
5475,6,48,18000,18004,18043,4,43
5482,1,48,18025,18027,18046,2,21
5483,8,48,18029,18030,18049,1,20
5476,9,48,18000,18005,18052,5,52
5484,5,48,18033,18034,18055,1,22
5477,10,48,18000,18006,18058,6,58
5485,9,48,18033,18035,18061,2,28
5486,1,48,18050,18051,18074,1,24
5487,2,48,18050,18052,18077,2,27
5488,6,48,18050,18053,18080,3,30
5497,8,48,18071,18072,18083,1,12
5491,11,48,18050,18056,18086,6,36
5493,13,48,18050,18058,18089,8,39
5495,5,48,18067,18068,18092,1,25
5489,7,48,18050,18054,18095,4,45
5498,1,48,18075,18077,18098,2,23
5490,10,48,18050,18055,18101,5,51
5492,12,48,18050,18057,18104,7,54
5494,14,48,18050,18059,18107,9,57
5499,2,48,18088,18089,18110,1,22
5500,7,48,18088,18090,18113,2,25
5496,9,48,18067,18069,18116,2,49
5501,1,48,18100,18102,18125,2,25
5502,5,48,18100,18103,18128,3,28
5508,8,48,18114,18116,18131,2,17
5503,6,48,18100,18104,18134,4,34
5506,11,48,18100,18107,18137,7,37
5507,13,48,18100,18108,18140,8,40
5509,1,48,18125,18127,18143,2,18
5510,2,48,18125,18128,18146,3,21
5511,7,48,18125,18129,18150,4,25
5504,9,48,18100,18105,18153,5,53
5512,12,48,18125,18130,18156,5,31
5513,14,48,18125,18131,18159,6,34
5514,5,48,18133,18134,18162,1,29
5505,10,48,18100,18106,18165,6,65
5516,1,48,18150,18151,18168,1,18
5517,6,48,18150,18152,18174,2,24
5521,8,48,18157,18158,18177,1,20
5522,2,48,18162,18164,18180,2,18
5523,7,48,18162,18165,18183,3,21
5524,5,48,18167,18169,18186,2,19
5519,11,48,18150,18154,18189,4,39
5526,1,48,18175,18176,18192,1,17
5520,13,48,18150,18155,18195,5,45
5515,9,48,18133,18135,18198,2,65
5518,10,48,18150,18153,18201,3,51
5525,9,48,18167,18170,18204,3,37
5527,1,48,18200,18201,18224,1,24
5528,2,48,18200,18202,18227,2,27
5529,5,48,18200,18203,18230,3,30
5532,8,48,18200,18206,18233,6,33
5535,11,48,18200,18209,18236,9,36
5537,13,48,18200,18211,18239,11,39
5530,6,48,18200,18204,18242,4,42
5531,7,48,18200,18205,18245,5,45
5539,1,48,18225,18227,18248,2,23
5533,9,48,18200,18207,18251,7,51
5536,12,48,18200,18210,18254,10,54
5538,14,48,18200,18212,18257,12,57
5540,5,48,18233,18235,18260,2,27
5545,1,48,18250,18252,18263,2,13
5544,8,48,18243,18245,18266,2,23
5542,2,48,18238,18239,18269,1,31
5546,6,48,18250,18253,18272,3,22
5543,7,48,18238,18240,18275,2,37
5548,11,48,18250,18255,18278,5,28
5549,13,48,18250,18256,18281,6,31
5534,10,48,18200,18208,18284,8,84
5550,5,48,18267,18269,18287,2,20
5541,9,48,18233,18236,18290,3,57
5552,1,48,18275,18276,18293,1,18
5553,2,48,18275,18277,18296,2,21
5557,8,48,18286,18288,18299,2,13
5555,12,48,18275,18279,18302,4,27
5556,14,48,18275,18280,18305,5,30
5554,7,48,18275,18278,18308,3,33
5547,10,48,18250,18254,18311,4,61
5551,9,48,18267,18270,18314,3,47
5558,1,48,18300,18302,18325,2,25
5559,5,48,18300,18303,18328,3,28
5565,2,48,18312,18314,18331,2,19
5563,11,48,18300,18307,18334,7,34
5564,13,48,18300,18308,18337,8,37
5566,7,48,18312,18315,18340,3,28
5560,6,48,18300,18304,18343,4,43
5567,1,48,18325,18327,18346,2,21
5568,8,48,18329,18330,18349,1,20
5561,9,48,18300,18305,18352,5,52
5569,5,48,18333,18334,18355,1,22
5562,10,48,18300,18306,18358,6,58
5570,9,48,18333,18335,18361,2,28
5571,1,48,18350,18351,18374,1,24
5572,2,48,18350,18352,18377,2,27
5573,6,48,18350,18353,18380,3,30
5582,8,48,18371,18372,18383,1,12
5576,11,48,18350,18356,18386,6,36
5578,13,48,18350,18358,18389,8,39
5580,5,48,18367,18368,18392,1,25
5574,7,48,18350,18354,18395,4,45
5583,1,48,18375,18377,18398,2,23
5575,10,48,18350,18355,18401,5,51
5577,12,48,18350,18357,18404,7,54
5579,14,48,18350,18359,18407,9,57
5584,2,48,18388,18389,18410,1,22
5585,7,48,18388,18390,18413,2,25
5581,9,48,18367,18369,18416,2,49
5586,1,48,18400,18402,18425,2,25
5587,5,48,18400,18403,18428,3,28
5593,8,48,18414,18416,18431,2,17
5588,6,48,18400,18404,18434,4,34
5591,11,48,18400,18407,18437,7,37
5592,13,48,18400,18408,18440,8,40
5594,1,48,18425,18427,18443,2,18
5595,2,48,18425,18428,18446,3,21
5596,7,48,18425,18429,18450,4,25
5589,9,48,18400,18405,18453,5,53
5597,12,48,18425,18430,18456,5,31
5598,14,48,18425,18431,18459,6,34
5599,5,48,18433,18434,18462,1,29
5590,10,48,18400,18406,18465,6,65
5601,1,48,18450,18451,18468,1,18
5602,6,48,18450,18452,18474,2,24
5606,8,48,18457,18458,18477,1,20
5607,2,48,18462,18464,18480,2,18
5608,7,48,18462,18465,18483,3,21
5609,5,48,18467,18469,18486,2,19
5604,11,48,18450,18454,18489,4,39
5611,1,48,18475,18476,18492,1,17
5605,13,48,18450,18455,18495,5,45
5600,9,48,18433,18435,18498,2,65
5603,10,48,18450,18453,18501,3,51
5610,9,48,18467,18470,18504,3,37
5612,1,48,18500,18501,18524,1,24
5613,2,48,18500,18502,18527,2,27
5614,5,48,18500,18503,18530,3,30
5617,8,48,18500,18506,18533,6,33
5620,11,48,18500,18509,18536,9,36
5622,13,48,18500,18511,18539,11,39
5615,6,48,18500,18504,18542,4,42
5616,7,48,18500,18505,18545,5,45
5624,1,48,18525,18527,18548,2,23
5618,9,48,18500,18507,18551,7,51
5621,12,48,18500,18510,18554,10,54
5623,14,48,18500,18512,18557,12,57
5625,5,48,18533,18535,18560,2,27
5630,1,48,18550,18552,18563,2,13
5629,8,48,18543,18545,18566,2,23
5627,2,48,18538,18539,18569,1,31
5631,6,48,18550,18553,18572,3,22
5628,7,48,18538,18540,18575,2,37
5633,11,48,18550,18555,18578,5,28
5634,13,48,18550,18556,18581,6,31
5619,10,48,18500,18508,18584,8,84
5635,5,48,18567,18569,18587,2,20
5626,9,48,18533,18536,18590,3,57
5637,1,48,18575,18576,18593,1,18
5638,2,48,18575,18577,18596,2,21
5642,8,48,18586,18588,18599,2,13
5640,12,48,18575,18579,18602,4,27
5641,14,48,18575,18580,18605,5,30
5639,7,48,18575,18578,18608,3,33
5632,10,48,18550,18554,18611,4,61
5636,9,48,18567,18570,18614,3,47
5643,1,48,18600,18602,18625,2,25
5644,5,48,18600,18603,18628,3,28
5650,2,48,18612,18614,18631,2,19
5648,11,48,18600,18607,18634,7,34
5649,13,48,18600,18608,18637,8,37
5651,7,48,18612,18615,18640,3,28
5645,6,48,18600,18604,18643,4,43
5652,1,48,18625,18627,18646,2,21
5653,8,48,18629,18630,18649,1,20
5646,9,48,18600,18605,18652,5,52
5654,5,48,18633,18634,18655,1,22
5647,10,48,18600,18606,18658,6,58
5655,9,48,18633,18635,18661,2,28
5656,1,48,18650,18651,18674,1,24
5657,2,48,18650,18652,18677,2,27
5658,6,48,18650,18653,18680,3,30
5667,8,48,18671,18672,18683,1,12
5661,11,48,18650,18656,18686,6,36
5663,13,48,18650,18658,18689,8,39
5665,5,48,18667,18668,18692,1,25
5659,7,48,18650,18654,18695,4,45
5668,1,48,18675,18677,18698,2,23
5660,10,48,18650,18655,18701,5,51
5662,12,48,18650,18657,18704,7,54
5664,14,48,18650,18659,18707,9,57
5669,2,48,18688,18689,18710,1,22
5670,7,48,18688,18690,18713,2,25
5666,9,48,18667,18669,18716,2,49
5671,1,48,18700,18702,18725,2,25
5672,5,48,18700,18703,18728,3,28
5678,8,48,18714,18716,18731,2,17
5673,6,48,18700,18704,18734,4,34
5676,11,48,18700,18707,18737,7,37
5677,13,48,18700,18708,18740,8,40
5679,1,48,18725,18727,18743,2,18
5680,2,48,18725,18728,18746,3,21
5681,7,48,18725,18729,18750,4,25
5674,9,48,18700,18705,18753,5,53
5682,12,48,18725,18730,18756,5,31
5683,14,48,18725,18731,18759,6,34
5684,5,48,18733,18734,18762,1,29
5675,10,48,18700,18706,18765,6,65
5686,1,48,18750,18751,18768,1,18
5687,6,48,18750,18752,18774,2,24
5691,8,48,18757,18758,18777,1,20
5692,2,48,18762,18764,18780,2,18
5693,7,48,18762,18765,18783,3,21
5694,5,48,18767,18769,18786,2,19
5689,11,48,18750,18754,18789,4,39
5696,1,48,18775,18776,18792,1,17
5690,13,48,18750,18755,18795,5,45
5685,9,48,18733,18735,18798,2,65
5688,10,48,18750,18753,18801,3,51
5695,9,48,18767,18770,18804,3,37
5697,1,48,18800,18801,18824,1,24
5698,2,48,18800,18802,18827,2,27
5699,5,48,18800,18803,18830,3,30
5702,8,48,18800,18806,18833,6,33
5705,11,48,18800,18809,18836,9,36
5707,13,48,18800,18811,18839,11,39
5700,6,48,18800,18804,18842,4,42
5701,7,48,18800,18805,18845,5,45
5709,1,48,18825,18827,18848,2,23
5703,9,48,18800,18807,18851,7,51
5706,12,48,18800,18810,18854,10,54
5708,14,48,18800,18812,18857,12,57
5710,5,48,18833,18835,18860,2,27
5715,1,48,18850,18852,18863,2,13
5714,8,48,18843,18845,18866,2,23
5712,2,48,18838,18839,18869,1,31
5716,6,48,18850,18853,18872,3,22
5713,7,48,18838,18840,18875,2,37
5718,11,48,18850,18855,18878,5,28
5719,13,48,18850,18856,18881,6,31
5704,10,48,18800,18808,18884,8,84
5720,5,48,18867,18869,18887,2,20
5711,9,48,18833,18836,18890,3,57
5722,1,48,18875,18876,18893,1,18
5723,2,48,18875,18877,18896,2,21
5727,8,48,18886,18888,18899,2,13
5725,12,48,18875,18879,18902,4,27
5726,14,48,18875,18880,18905,5,30
5724,7,48,18875,18878,18908,3,33
5717,10,48,18850,18854,18911,4,61
5721,9,48,18867,18870,18914,3,47
5728,1,48,18900,18902,18925,2,25
5729,5,48,18900,18903,18928,3,28
5735,2,48,18912,18914,18931,2,19
5733,11,48,18900,18907,18934,7,34
5734,13,48,18900,18908,18937,8,37
5736,7,48,18912,18915,18940,3,28
5730,6,48,18900,18904,18943,4,43
5737,1,48,18925,18927,18946,2,21
5738,8,48,18929,18930,18949,1,20
5731,9,48,18900,18905,18952,5,52
5739,5,48,18933,18934,18955,1,22
5732,10,48,18900,18906,18958,6,58
5740,9,48,18933,18935,18961,2,28
5741,1,48,18950,18951,18974,1,24
5742,2,48,18950,18952,18977,2,27
5743,6,48,18950,18953,18980,3,30
5752,8,48,18971,18972,18983,1,12
5746,11,48,18950,18956,18986,6,36
5748,13,48,18950,18958,18989,8,39
5750,5,48,18967,18968,18992,1,25
5744,7,48,18950,18954,18995,4,45
5753,1,48,18975,18977,18998,2,23
5745,10,48,18950,18955,19001,5,51
5747,12,48,18950,18957,19004,7,54
5749,14,48,18950,18959,19007,9,57
5754,2,48,18988,18989,19010,1,22
5755,7,48,18988,18990,19013,2,25
5751,9,48,18967,18969,19016,2,49
5756,1,48,19000,19002,19025,2,25
5757,5,48,19000,19003,19028,3,28
5763,8,48,19014,19016,19031,2,17
5758,6,48,19000,19004,19034,4,34
5761,11,48,19000,19007,19037,7,37
5762,13,48,19000,19008,19040,8,40
5764,1,48,19025,19027,19043,2,18
5765,2,48,19025,19028,19046,3,21
5766,7,48,19025,19029,19050,4,25
5759,9,48,19000,19005,19053,5,53
5767,12,48,19025,19030,19056,5,31
5768,14,48,19025,19031,19059,6,34
5769,5,48,19033,19034,19062,1,29
5760,10,48,19000,19006,19065,6,65
5771,1,48,19050,19051,19068,1,18
5772,6,48,19050,19052,19074,2,24
5776,8,48,19057,19058,19077,1,20
5777,2,48,19062,19064,19080,2,18
5778,7,48,19062,19065,19083,3,21
5779,5,48,19067,19069,19086,2,19
5774,11,48,19050,19054,19089,4,39
5781,1,48,19075,19076,19092,1,17
5775,13,48,19050,19055,19095,5,45
5770,9,48,19033,19035,19098,2,65
5773,10,48,19050,19053,19101,3,51
5780,9,48,19067,19070,19104,3,37
5782,1,48,19100,19101,19124,1,24
5783,2,48,19100,19102,19127,2,27
5784,5,48,19100,19103,19130,3,30
5787,8,48,19100,19106,19133,6,33
5790,11,48,19100,19109,19136,9,36
5792,13,48,19100,19111,19139,11,39
5785,6,48,19100,19104,19142,4,42
5786,7,48,19100,19105,19145,5,45
5794,1,48,19125,19127,19148,2,23
5788,9,48,19100,19107,19151,7,51
5791,12,48,19100,19110,19154,10,54
5793,14,48,19100,19112,19157,12,57
5795,5,48,19133,19135,19160,2,27
5800,1,48,19150,19152,19163,2,13
5799,8,48,19143,19145,19166,2,23
5797,2,48,19138,19139,19169,1,31
5801,6,48,19150,19153,19172,3,22
5798,7,48,19138,19140,19175,2,37
5803,11,48,19150,19155,19178,5,28
5804,13,48,19150,19156,19181,6,31
5789,10,48,19100,19108,19184,8,84
5805,5,48,19167,19169,19187,2,20
5796,9,48,19133,19136,19190,3,57
5807,1,48,19175,19176,19193,1,18
5808,2,48,19175,19177,19196,2,21
5812,8,48,19186,19188,19199,2,13
5810,12,48,19175,19179,19202,4,27
5811,14,48,19175,19180,19205,5,30
5809,7,48,19175,19178,19208,3,33
5802,10,48,19150,19154,19211,4,61
5806,9,48,19167,19170,19214,3,47
5813,1,48,19200,19202,19225,2,25
5814,5,48,19200,19203,19228,3,28
5820,2,48,19212,19214,19231,2,19
5818,11,48,19200,19207,19234,7,34
5819,13,48,19200,19208,19237,8,37
5821,7,48,19212,19215,19240,3,28
5815,6,48,19200,19204,19243,4,43
5822,1,48,19225,19227,19246,2,21
5823,8,48,19229,19230,19249,1,20
5816,9,48,19200,19205,19252,5,52
5824,5,48,19233,19234,19255,1,22
5817,10,48,19200,19206,19258,6,58
5825,9,48,19233,19235,19261,2,28
5826,1,48,19250,19251,19274,1,24
5827,2,48,19250,19252,19277,2,27
5828,6,48,19250,19253,19280,3,30
5837,8,48,19271,19272,19283,1,12
5831,11,48,19250,19256,19286,6,36
5833,13,48,19250,19258,19289,8,39
5835,5,48,19267,19268,19292,1,25
5829,7,48,19250,19254,19295,4,45
5838,1,48,19275,19277,19298,2,23
5830,10,48,19250,19255,19301,5,51
5832,12,48,19250,19257,19304,7,54
5834,14,48,19250,19259,19307,9,57
5839,2,48,19288,19289,19310,1,22
5840,7,48,19288,19290,19313,2,25
5836,9,48,19267,19269,19316,2,49
5841,1,48,19300,19302,19325,2,25
5842,5,48,19300,19303,19328,3,28
5848,8,48,19314,19316,19331,2,17
5843,6,48,19300,19304,19334,4,34
5846,11,48,19300,19307,19337,7,37
5847,13,48,19300,19308,19340,8,40
5849,1,48,19325,19327,19343,2,18
5850,2,48,19325,19328,19346,3,21
5851,7,48,19325,19329,19350,4,25
5844,9,48,19300,19305,19353,5,53
5852,12,48,19325,19330,19356,5,31
5853,14,48,19325,19331,19359,6,34
5854,5,48,19333,19334,19362,1,29
5845,10,48,19300,19306,19365,6,65
5856,1,48,19350,19351,19368,1,18
5857,6,48,19350,19352,19374,2,24
5861,8,48,19357,19358,19377,1,20
5862,2,48,19362,19364,19380,2,18
5863,7,48,19362,19365,19383,3,21
5864,5,48,19367,19369,19386,2,19
5859,11,48,19350,19354,19389,4,39
5866,1,48,19375,19376,19392,1,17
5860,13,48,19350,19355,19395,5,45
5855,9,48,19333,19335,19398,2,65
5858,10,48,19350,19353,19401,3,51
5865,9,48,19367,19370,19404,3,37
5867,1,48,19400,19401,19424,1,24
5868,2,48,19400,19402,19427,2,27
5869,5,48,19400,19403,19430,3,30
5872,8,48,19400,19406,19433,6,33
5875,11,48,19400,19409,19436,9,36
5877,13,48,19400,19411,19439,11,39
5870,6,48,19400,19404,19442,4,42
5871,7,48,19400,19405,19445,5,45
5879,1,48,19425,19427,19448,2,23
5873,9,48,19400,19407,19451,7,51
5876,12,48,19400,19410,19454,10,54
5878,14,48,19400,19412,19457,12,57
5880,5,48,19433,19435,19460,2,27
5885,1,48,19450,19452,19463,2,13
5884,8,48,19443,19445,19466,2,23
5882,2,48,19438,19439,19469,1,31
5886,6,48,19450,19453,19472,3,22
5883,7,48,19438,19440,19475,2,37
5888,11,48,19450,19455,19478,5,28
5889,13,48,19450,19456,19481,6,31
5874,10,48,19400,19408,19484,8,84
5890,5,48,19467,19469,19487,2,20
5881,9,48,19433,19436,19490,3,57
5892,1,48,19475,19476,19493,1,18
5893,2,48,19475,19477,19496,2,21
5897,8,48,19486,19488,19499,2,13
5895,12,48,19475,19479,19502,4,27
5896,14,48,19475,19480,19505,5,30
5894,7,48,19475,19478,19508,3,33
5887,10,48,19450,19454,19511,4,61
5891,9,48,19467,19470,19514,3,47
5898,1,48,19500,19502,19525,2,25
5899,5,48,19500,19503,19528,3,28
5905,2,48,19512,19514,19531,2,19
5903,11,48,19500,19507,19534,7,34
5904,13,48,19500,19508,19537,8,37
5906,7,48,19512,19515,19540,3,28
5900,6,48,19500,19504,19543,4,43
5907,1,48,19525,19527,19546,2,21
5908,8,48,19529,19530,19549,1,20
5901,9,48,19500,19505,19552,5,52
5909,5,48,19533,19534,19555,1,22
5902,10,48,19500,19506,19558,6,58
5910,9,48,19533,19535,19561,2,28
5911,1,48,19550,19551,19574,1,24
5912,2,48,19550,19552,19577,2,27
5913,6,48,19550,19553,19580,3,30
5922,8,48,19571,19572,19583,1,12
5916,11,48,19550,19556,19586,6,36
5918,13,48,19550,19558,19589,8,39
5920,5,48,19567,19568,19592,1,25
5914,7,48,19550,19554,19595,4,45
5923,1,48,19575,19577,19598,2,23
5915,10,48,19550,19555,19601,5,51
5917,12,48,19550,19557,19604,7,54
5919,14,48,19550,19559,19607,9,57
5924,2,48,19588,19589,19610,1,22
5925,7,48,19588,19590,19613,2,25
5921,9,48,19567,19569,19616,2,49
5926,1,48,19600,19602,19625,2,25
5927,5,48,19600,19603,19628,3,28
5933,8,48,19614,19616,19631,2,17
5928,6,48,19600,19604,19634,4,34
5931,11,48,19600,19607,19637,7,37
5932,13,48,19600,19608,19640,8,40
5934,1,48,19625,19627,19643,2,18
5935,2,48,19625,19628,19646,3,21
5936,7,48,19625,19629,19650,4,25
5929,9,48,19600,19605,19653,5,53
5937,12,48,19625,19630,19656,5,31
5938,14,48,19625,19631,19659,6,34
5939,5,48,19633,19634,19662,1,29
5930,10,48,19600,19606,19665,6,65
5941,1,48,19650,19651,19668,1,18
5942,6,48,19650,19652,19674,2,24
5946,8,48,19657,19658,19677,1,20
5947,2,48,19662,19664,19680,2,18
5948,7,48,19662,19665,19683,3,21
5949,5,48,19667,19669,19686,2,19
5944,11,48,19650,19654,19689,4,39
5951,1,48,19675,19676,19692,1,17
5945,13,48,19650,19655,19695,5,45
5940,9,48,19633,19635,19698,2,65
5943,10,48,19650,19653,19701,3,51
5950,9,48,19667,19670,19704,3,37
5952,1,48,19700,19701,19724,1,24
5953,2,48,19700,19702,19727,2,27
5954,5,48,19700,19703,19730,3,30
5957,8,48,19700,19706,19733,6,33
5960,11,48,19700,19709,19736,9,36
5962,13,48,19700,19711,19739,11,39
5955,6,48,19700,19704,19742,4,42
5956,7,48,19700,19705,19745,5,45
5964,1,48,19725,19727,19748,2,23
5958,9,48,19700,19707,19751,7,51
5961,12,48,19700,19710,19754,10,54
5963,14,48,19700,19712,19757,12,57
5965,5,48,19733,19735,19760,2,27
5970,1,48,19750,19752,19763,2,13
5969,8,48,19743,19745,19766,2,23
5967,2,48,19738,19739,19769,1,31
5971,6,48,19750,19753,19772,3,22
5968,7,48,19738,19740,19775,2,37
5973,11,48,19750,19755,19778,5,28
5974,13,48,19750,19756,19781,6,31
5959,10,48,19700,19708,19784,8,84
5975,5,48,19767,19769,19787,2,20
5966,9,48,19733,19736,19790,3,57
5977,1,48,19775,19776,19793,1,18
5978,2,48,19775,19777,19796,2,21
5982,8,48,19786,19788,19799,2,13
5980,12,48,19775,19779,19802,4,27
5981,14,48,19775,19780,19805,5,30
5979,7,48,19775,19778,19808,3,33
5972,10,48,19750,19754,19811,4,61
5976,9,48,19767,19770,19814,3,47
5983,1,48,19800,19802,19825,2,25
5984,5,48,19800,19803,19828,3,28
5990,2,48,19812,19814,19831,2,19
5988,11,48,19800,19807,19834,7,34
5989,13,48,19800,19808,19837,8,37
5991,7,48,19812,19815,19840,3,28
5985,6,48,19800,19804,19843,4,43
5992,1,48,19825,19827,19846,2,21
5993,8,48,19829,19830,19849,1,20
5986,9,48,19800,19805,19852,5,52
5994,5,48,19833,19834,19855,1,22
5987,10,48,19800,19806,19858,6,58
5995,9,48,19833,19835,19861,2,28
5996,1,48,19850,19851,19874,1,24
5997,2,48,19850,19852,19877,2,27
5998,6,48,19850,19853,19880,3,30
6007,8,48,19871,19872,19883,1,12
6001,11,48,19850,19856,19886,6,36
6003,13,48,19850,19858,19889,8,39
6005,5,48,19867,19868,19892,1,25
5999,7,48,19850,19854,19895,4,45
6008,1,48,19875,19877,19898,2,23
6000,10,48,19850,19855,19901,5,51
6002,12,48,19850,19857,19904,7,54
6004,14,48,19850,19859,19907,9,57
6009,2,48,19888,19889,19910,1,22
6010,7,48,19888,19890,19913,2,25
6006,9,48,19867,19869,19916,2,49
6011,1,48,19900,19902,19925,2,25
6012,5,48,19900,19903,19928,3,28
6018,8,48,19914,19916,19931,2,17
6013,6,48,19900,19904,19934,4,34
6016,11,48,19900,19907,19937,7,37
6017,13,48,19900,19908,19940,8,40
6019,1,48,19925,19927,19943,2,18
6020,2,48,19925,19928,19946,3,21
6021,7,48,19925,19929,19950,4,25
6014,9,48,19900,19905,19953,5,53
6022,12,48,19925,19930,19956,5,31
6023,14,48,19925,19931,19959,6,34
6024,5,48,19933,19934,19962,1,29
6015,10,48,19900,19906,19965,6,65
6026,1,48,19950,19951,19968,1,18
6027,6,48,19950,19952,19974,2,24
6031,8,48,19957,19958,19977,1,20
6032,2,48,19962,19964,19980,2,18
6033,7,48,19962,19965,19983,3,21
6034,5,48,19967,19969,19986,2,19
6029,11,48,19950,19954,19989,4,39
6036,1,48,19975,19976,19992,1,17
6030,13,48,19950,19955,19995,5,45
6025,9,48,19933,19935,19998,2,65
6028,10,48,19950,19953,20001,3,51
6035,9,48,19967,19970,20004,3,37
6037,1,48,20000,20001,20024,1,24
6038,2,48,20000,20002,20027,2,27
6039,5,48,20000,20003,20030,3,30
6042,8,48,20000,20006,20033,6,33
6045,11,48,20000,20009,20036,9,36
6047,13,48,20000,20011,20039,11,39
6040,6,48,20000,20004,20042,4,42
6041,7,48,20000,20005,20045,5,45
6049,1,48,20025,20027,20048,2,23
6043,9,48,20000,20007,20051,7,51
6046,12,48,20000,20010,20054,10,54
6048,14,48,20000,20012,20057,12,57
6050,5,48,20033,20035,20060,2,27
6055,1,48,20050,20052,20063,2,13
6054,8,48,20043,20045,20066,2,23
6052,2,48,20038,20039,20069,1,31
6056,6,48,20050,20053,20072,3,22
6053,7,48,20038,20040,20075,2,37
6058,11,48,20050,20055,20078,5,28
6059,13,48,20050,20056,20081,6,31
6044,10,48,20000,20008,20084,8,84
6060,5,48,20067,20069,20087,2,20
6051,9,48,20033,20036,20090,3,57
6062,1,48,20075,20076,20093,1,18
6063,2,48,20075,20077,20096,2,21
6067,8,48,20086,20088,20099,2,13
6065,12,48,20075,20079,20102,4,27
6066,14,48,20075,20080,20105,5,30
6064,7,48,20075,20078,20108,3,33
6057,10,48,20050,20054,20111,4,61
6061,9,48,20067,20070,20114,3,47
6068,1,48,20100,20102,20125,2,25
6069,5,48,20100,20103,20128,3,28
6075,2,48,20112,20114,20131,2,19
6073,11,48,20100,20107,20134,7,34
6074,13,48,20100,20108,20137,8,37
6076,7,48,20112,20115,20140,3,28
6070,6,48,20100,20104,20143,4,43
6077,1,48,20125,20127,20146,2,21
6078,8,48,20129,20130,20149,1,20
6071,9,48,20100,20105,20152,5,52
6079,5,48,20133,20134,20155,1,22
6072,10,48,20100,20106,20158,6,58
6080,9,48,20133,20135,20161,2,28
6081,1,48,20150,20151,20174,1,24
6082,2,48,20150,20152,20177,2,27
6083,6,48,20150,20153,20180,3,30
6092,8,48,20171,20172,20183,1,12
6086,11,48,20150,20156,20186,6,36
6088,13,48,20150,20158,20189,8,39
6090,5,48,20167,20168,20192,1,25
6084,7,48,20150,20154,20195,4,45
6093,1,48,20175,20177,20198,2,23
6085,10,48,20150,20155,20201,5,51
6087,12,48,20150,20157,20204,7,54
6089,14,48,20150,20159,20207,9,57
6094,2,48,20188,20189,20210,1,22
6095,7,48,20188,20190,20213,2,25
6091,9,48,20167,20169,20216,2,49
6096,1,48,20200,20202,20225,2,25
6097,5,48,20200,20203,20228,3,28
6103,8,48,20214,20216,20231,2,17
6098,6,48,20200,20204,20234,4,34
6101,11,48,20200,20207,20237,7,37
6102,13,48,20200,20208,20240,8,40
6104,1,48,20225,20227,20243,2,18
6105,2,48,20225,20228,20246,3,21
6106,7,48,20225,20229,20250,4,25
6099,9,48,20200,20205,20253,5,53
6107,12,48,20225,20230,20256,5,31
6108,14,48,20225,20231,20259,6,34
6109,5,48,20233,20234,20262,1,29
6100,10,48,20200,20206,20265,6,65
6111,1,48,20250,20251,20268,1,18
6112,6,48,20250,20252,20274,2,24
6116,8,48,20257,20258,20277,1,20
6117,2,48,20262,20264,20280,2,18
6118,7,48,20262,20265,20283,3,21
6119,5,48,20267,20269,20286,2,19
6114,11,48,20250,20254,20289,4,39
6121,1,48,20275,20276,20292,1,17
6115,13,48,20250,20255,20295,5,45
6110,9,48,20233,20235,20298,2,65
6113,10,48,20250,20253,20301,3,51
6120,9,48,20267,20270,20304,3,37
6122,1,48,20300,20301,20324,1,24
6123,2,48,20300,20302,20327,2,27
6124,5,48,20300,20303,20330,3,30
6127,8,48,20300,20306,20333,6,33
6130,11,48,20300,20309,20336,9,36
6132,13,48,20300,20311,20339,11,39
6125,6,48,20300,20304,20342,4,42
6126,7,48,20300,20305,20345,5,45
6134,1,48,20325,20327,20348,2,23
6128,9,48,20300,20307,20351,7,51
6131,12,48,20300,20310,20354,10,54
6133,14,48,20300,20312,20357,12,57
6135,5,48,20333,20335,20360,2,27
6140,1,48,20350,20352,20363,2,13
6139,8,48,20343,20345,20366,2,23
6137,2,48,20338,20339,20369,1,31
6141,6,48,20350,20353,20372,3,22
6138,7,48,20338,20340,20375,2,37
6143,11,48,20350,20355,20378,5,28
6144,13,48,20350,20356,20381,6,31
6129,10,48,20300,20308,20384,8,84
6145,5,48,20367,20369,20387,2,20
6136,9,48,20333,20336,20390,3,57
6147,1,48,20375,20376,20393,1,18
6148,2,48,20375,20377,20396,2,21
6152,8,48,20386,20388,20399,2,13
6150,12,48,20375,20379,20402,4,27
6151,14,48,20375,20380,20405,5,30
6149,7,48,20375,20378,20408,3,33
6142,10,48,20350,20354,20411,4,61
6146,9,48,20367,20370,20414,3,47
6153,1,48,20400,20402,20425,2,25
6154,5,48,20400,20403,20428,3,28
6160,2,48,20412,20414,20431,2,19
6158,11,48,20400,20407,20434,7,34
6159,13,48,20400,20408,20437,8,37
6161,7,48,20412,20415,20440,3,28
6155,6,48,20400,20404,20443,4,43
6162,1,48,20425,20427,20446,2,21
6163,8,48,20429,20430,20449,1,20
6156,9,48,20400,20405,20452,5,52
6164,5,48,20433,20434,20455,1,22
6157,10,48,20400,20406,20458,6,58
6165,9,48,20433,20435,20461,2,28
6166,1,48,20450,20451,20474,1,24
6167,2,48,20450,20452,20477,2,27
6168,6,48,20450,20453,20480,3,30
6177,8,48,20471,20472,20483,1,12
6171,11,48,20450,20456,20486,6,36
6173,13,48,20450,20458,20489,8,39
6175,5,48,20467,20468,20492,1,25
6169,7,48,20450,20454,20495,4,45
6178,1,48,20475,20477,20498,2,23
6170,10,48,20450,20455,20501,5,51
6172,12,48,20450,20457,20504,7,54
6174,14,48,20450,20459,20507,9,57
6179,2,48,20488,20489,20510,1,22
6180,7,48,20488,20490,20513,2,25
6176,9,48,20467,20469,20516,2,49
6181,1,48,20500,20502,20525,2,25
6182,5,48,20500,20503,20528,3,28
6188,8,48,20514,20516,20531,2,17
6183,6,48,20500,20504,20534,4,34
6186,11,48,20500,20507,20537,7,37
6187,13,48,20500,20508,20540,8,40
6189,1,48,20525,20527,20543,2,18
6190,2,48,20525,20528,20546,3,21
6191,7,48,20525,20529,20550,4,25
6184,9,48,20500,20505,20553,5,53
6192,12,48,20525,20530,20556,5,31
6193,14,48,20525,20531,20559,6,34
6194,5,48,20533,20534,20562,1,29
6185,10,48,20500,20506,20565,6,65
6196,1,48,20550,20551,20568,1,18
6197,6,48,20550,20552,20574,2,24
6201,8,48,20557,20558,20577,1,20
6202,2,48,20562,20564,20580,2,18
6203,7,48,20562,20565,20583,3,21
6204,5,48,20567,20569,20586,2,19
6199,11,48,20550,20554,20589,4,39
6206,1,48,20575,20576,20592,1,17
6200,13,48,20550,20555,20595,5,45
6195,9,48,20533,20535,20598,2,65
6198,10,48,20550,20553,20601,3,51
6205,9,48,20567,20570,20604,3,37
6207,1,48,20600,20601,20624,1,24
6208,2,48,20600,20602,20627,2,27
6209,5,48,20600,20603,20630,3,30
6212,8,48,20600,20606,20633,6,33
6215,11,48,20600,20609,20636,9,36
6217,13,48,20600,20611,20639,11,39
6210,6,48,20600,20604,20642,4,42
6211,7,48,20600,20605,20645,5,45
6219,1,48,20625,20627,20648,2,23
6213,9,48,20600,20607,20651,7,51
6216,12,48,20600,20610,20654,10,54
6218,14,48,20600,20612,20657,12,57
6220,5,48,20633,20635,20660,2,27
6225,1,48,20650,20652,20663,2,13
6224,8,48,20643,20645,20666,2,23
6222,2,48,20638,20639,20669,1,31
6226,6,48,20650,20653,20672,3,22
6223,7,48,20638,20640,20675,2,37
6228,11,48,20650,20655,20678,5,28
6229,13,48,20650,20656,20681,6,31
6214,10,48,20600,20608,20684,8,84
6230,5,48,20667,20669,20687,2,20
6221,9,48,20633,20636,20690,3,57
6232,1,48,20675,20676,20693,1,18
6233,2,48,20675,20677,20696,2,21
6237,8,48,20686,20688,20699,2,13
6235,12,48,20675,20679,20702,4,27
6236,14,48,20675,20680,20705,5,30
6234,7,48,20675,20678,20708,3,33
6227,10,48,20650,20654,20711,4,61
6231,9,48,20667,20670,20714,3,47
6238,1,48,20700,20702,20725,2,25
6239,5,48,20700,20703,20728,3,28
6245,2,48,20712,20714,20731,2,19
6243,11,48,20700,20707,20734,7,34
6244,13,48,20700,20708,20737,8,37
6246,7,48,20712,20715,20740,3,28
6240,6,48,20700,20704,20743,4,43
6247,1,48,20725,20727,20746,2,21
6248,8,48,20729,20730,20749,1,20
6241,9,48,20700,20705,20752,5,52
6249,5,48,20733,20734,20755,1,22
6242,10,48,20700,20706,20758,6,58
6250,9,48,20733,20735,20761,2,28
6251,1,48,20750,20751,20774,1,24
6252,2,48,20750,20752,20777,2,27
6253,6,48,20750,20753,20780,3,30
6262,8,48,20771,20772,20783,1,12
6256,11,48,20750,20756,20786,6,36
6258,13,48,20750,20758,20789,8,39
6260,5,48,20767,20768,20792,1,25
6254,7,48,20750,20754,20795,4,45
6263,1,48,20775,20777,20798,2,23
6255,10,48,20750,20755,20801,5,51
6257,12,48,20750,20757,20804,7,54
6259,14,48,20750,20759,20807,9,57
6264,2,48,20788,20789,20810,1,22
6265,7,48,20788,20790,20813,2,25
6261,9,48,20767,20769,20816,2,49
6266,1,48,20800,20802,20825,2,25
6267,5,48,20800,20803,20828,3,28
6273,8,48,20814,20816,20831,2,17
6268,6,48,20800,20804,20834,4,34
6271,11,48,20800,20807,20837,7,37
6272,13,48,20800,20808,20840,8,40
6274,1,48,20825,20827,20843,2,18
6275,2,48,20825,20828,20846,3,21
6276,7,48,20825,20829,20850,4,25
6269,9,48,20800,20805,20853,5,53
6277,12,48,20825,20830,20856,5,31
6278,14,48,20825,20831,20859,6,34
6279,5,48,20833,20834,20862,1,29
6270,10,48,20800,20806,20865,6,65
6281,1,48,20850,20851,20868,1,18
6282,6,48,20850,20852,20874,2,24
6286,8,48,20857,20858,20877,1,20
6287,2,48,20862,20864,20880,2,18
6288,7,48,20862,20865,20883,3,21
6289,5,48,20867,20869,20886,2,19
6284,11,48,20850,20854,20889,4,39
6291,1,48,20875,20876,20892,1,17
6285,13,48,20850,20855,20895,5,45
6280,9,48,20833,20835,20898,2,65
6283,10,48,20850,20853,20901,3,51
6290,9,48,20867,20870,20904,3,37
6292,1,48,20900,20901,20924,1,24
6293,2,48,20900,20902,20927,2,27
6294,5,48,20900,20903,20930,3,30
6297,8,48,20900,20906,20933,6,33
6300,11,48,20900,20909,20936,9,36
6302,13,48,20900,20911,20939,11,39
6295,6,48,20900,20904,20942,4,42
6296,7,48,20900,20905,20945,5,45
6304,1,48,20925,20927,20948,2,23
6298,9,48,20900,20907,20951,7,51
6301,12,48,20900,20910,20954,10,54
6303,14,48,20900,20912,20957,12,57
6305,5,48,20933,20935,20960,2,27
6310,1,48,20950,20952,20963,2,13
6309,8,48,20943,20945,20966,2,23
6307,2,48,20938,20939,20969,1,31
6311,6,48,20950,20953,20972,3,22
6308,7,48,20938,20940,20975,2,37
6313,11,48,20950,20955,20978,5,28
6314,13,48,20950,20956,20981,6,31
6299,10,48,20900,20908,20984,8,84
6315,5,48,20967,20969,20987,2,20
6306,9,48,20933,20936,20990,3,57
6317,1,48,20975,20976,20993,1,18
6318,2,48,20975,20977,20996,2,21
6322,8,48,20986,20988,20999,2,13
6320,12,48,20975,20979,21002,4,27
6321,14,48,20975,20980,21005,5,30
6319,7,48,20975,20978,21008,3,33
6312,10,48,20950,20954,21011,4,61
6316,9,48,20967,20970,21014,3,47
6323,1,48,21000,21002,21025,2,25
6324,5,48,21000,21003,21028,3,28
6330,2,48,21012,21014,21031,2,19
6328,11,48,21000,21007,21034,7,34
6329,13,48,21000,21008,21037,8,37
6331,7,48,21012,21015,21040,3,28
6325,6,48,21000,21004,21043,4,43
6332,1,48,21025,21027,21046,2,21
6333,8,48,21029,21030,21049,1,20
6326,9,48,21000,21005,21052,5,52
6334,5,48,21033,21034,21055,1,22
6327,10,48,21000,21006,21058,6,58
6335,9,48,21033,21035,21061,2,28
6336,1,48,21050,21051,21074,1,24
6337,2,48,21050,21052,21077,2,27
6338,6,48,21050,21053,21080,3,30
6347,8,48,21071,21072,21083,1,12
6341,11,48,21050,21056,21086,6,36
6343,13,48,21050,21058,21089,8,39
6345,5,48,21067,21068,21092,1,25
6339,7,48,21050,21054,21095,4,45
6348,1,48,21075,21077,21098,2,23
6340,10,48,21050,21055,21101,5,51
6342,12,48,21050,21057,21104,7,54
6344,14,48,21050,21059,21107,9,57
6349,2,48,21088,21089,21110,1,22
6350,7,48,21088,21090,21113,2,25
6346,9,48,21067,21069,21116,2,49
6351,1,48,21100,21102,21125,2,25
6352,5,48,21100,21103,21128,3,28
6358,8,48,21114,21116,21131,2,17
6353,6,48,21100,21104,21134,4,34
6356,11,48,21100,21107,21137,7,37
6357,13,48,21100,21108,21140,8,40
6359,1,48,21125,21127,21143,2,18
6360,2,48,21125,21128,21146,3,21
6361,7,48,21125,21129,21150,4,25
6354,9,48,21100,21105,21153,5,53
6362,12,48,21125,21130,21156,5,31
6363,14,48,21125,21131,21159,6,34
6364,5,48,21133,21134,21162,1,29
6355,10,48,21100,21106,21165,6,65
6366,1,48,21150,21151,21168,1,18
6367,6,48,21150,21152,21174,2,24
6371,8,48,21157,21158,21177,1,20
6372,2,48,21162,21164,21180,2,18
6373,7,48,21162,21165,21183,3,21
6374,5,48,21167,21169,21186,2,19
6369,11,48,21150,21154,21189,4,39
6376,1,48,21175,21176,21192,1,17
6370,13,48,21150,21155,21195,5,45
6365,9,48,21133,21135,21198,2,65
6368,10,48,21150,21153,21201,3,51
6375,9,48,21167,21170,21204,3,37
6377,1,48,21200,21201,21224,1,24
6378,2,48,21200,21202,21227,2,27
6379,5,48,21200,21203,21230,3,30
6382,8,48,21200,21206,21233,6,33
6385,11,48,21200,21209,21236,9,36
6387,13,48,21200,21211,21239,11,39
6380,6,48,21200,21204,21242,4,42
6381,7,48,21200,21205,21245,5,45
6389,1,48,21225,21227,21248,2,23
6383,9,48,21200,21207,21251,7,51
6386,12,48,21200,21210,21254,10,54
6388,14,48,21200,21212,21257,12,57
6390,5,48,21233,21235,21260,2,27
6395,1,48,21250,21252,21263,2,13
6394,8,48,21243,21245,21266,2,23
6392,2,48,21238,21239,21269,1,31
6396,6,48,21250,21253,21272,3,22
6393,7,48,21238,21240,21275,2,37
6398,11,48,21250,21255,21278,5,28
6399,13,48,21250,21256,21281,6,31
6384,10,48,21200,21208,21284,8,84
6400,5,48,21267,21269,21287,2,20
6391,9,48,21233,21236,21290,3,57
6402,1,48,21275,21276,21293,1,18
6403,2,48,21275,21277,21296,2,21
6407,8,48,21286,21288,21299,2,13
6405,12,48,21275,21279,21302,4,27
6406,14,48,21275,21280,21305,5,30
6404,7,48,21275,21278,21308,3,33
6397,10,48,21250,21254,21311,4,61
6401,9,48,21267,21270,21314,3,47
6408,1,48,21300,21302,21325,2,25
6409,5,48,21300,21303,21328,3,28
6415,2,48,21312,21314,21331,2,19
6413,11,48,21300,21307,21334,7,34
6414,13,48,21300,21308,21337,8,37
6416,7,48,21312,21315,21340,3,28
6410,6,48,21300,21304,21343,4,43
6417,1,48,21325,21327,21346,2,21
6418,8,48,21329,21330,21349,1,20
6411,9,48,21300,21305,21352,5,52
6419,5,48,21333,21334,21355,1,22
6412,10,48,21300,21306,21358,6,58
6420,9,48,21333,21335,21361,2,28
6421,1,48,21350,21351,21374,1,24
6422,2,48,21350,21352,21377,2,27
6423,6,48,21350,21353,21380,3,30
6432,8,48,21371,21372,21383,1,12
6426,11,48,21350,21356,21386,6,36
6428,13,48,21350,21358,21389,8,39
6430,5,48,21367,21368,21392,1,25
6424,7,48,21350,21354,21395,4,45
6433,1,48,21375,21377,21398,2,23
6425,10,48,21350,21355,21401,5,51
6427,12,48,21350,21357,21404,7,54
6429,14,48,21350,21359,21407,9,57
6434,2,48,21388,21389,21410,1,22
6435,7,48,21388,21390,21413,2,25
6431,9,48,21367,21369,21416,2,49
6436,1,48,21400,21402,21425,2,25
6437,5,48,21400,21403,21428,3,28
6443,8,48,21414,21416,21431,2,17
6438,6,48,21400,21404,21434,4,34
6441,11,48,21400,21407,21437,7,37
6442,13,48,21400,21408,21440,8,40
6444,1,48,21425,21427,21443,2,18
6445,2,48,21425,21428,21446,3,21
6446,7,48,21425,21429,21450,4,25
6439,9,48,21400,21405,21453,5,53
6447,12,48,21425,21430,21456,5,31
6448,14,48,21425,21431,21459,6,34
6449,5,48,21433,21434,21462,1,29
6440,10,48,21400,21406,21465,6,65
6451,1,48,21450,21451,21468,1,18
6452,6,48,21450,21452,21474,2,24
6456,8,48,21457,21458,21477,1,20
6457,2,48,21462,21464,21480,2,18
6458,7,48,21462,21465,21483,3,21
6459,5,48,21467,21469,21486,2,19
6454,11,48,21450,21454,21489,4,39
6461,1,48,21475,21476,21492,1,17
6455,13,48,21450,21455,21495,5,45
6450,9,48,21433,21435,21498,2,65
6453,10,48,21450,21453,21501,3,51
6460,9,48,21467,21470,21504,3,37
6462,1,48,21500,21501,21524,1,24
6463,2,48,21500,21502,21527,2,27
6464,5,48,21500,21503,21530,3,30
6467,8,48,21500,21506,21533,6,33
6470,11,48,21500,21509,21536,9,36
6472,13,48,21500,21511,21539,11,39
6465,6,48,21500,21504,21542,4,42
6466,7,48,21500,21505,21545,5,45
6474,1,48,21525,21527,21548,2,23
6468,9,48,21500,21507,21551,7,51
6471,12,48,21500,21510,21554,10,54
6473,14,48,21500,21512,21557,12,57
6475,5,48,21533,21535,21560,2,27
6480,1,48,21550,21552,21563,2,13
6479,8,48,21543,21545,21566,2,23
6477,2,48,21538,21539,21569,1,31
6481,6,48,21550,21553,21572,3,22
6478,7,48,21538,21540,21575,2,37
6483,11,48,21550,21555,21578,5,28
6484,13,48,21550,21556,21581,6,31
6469,10,48,21500,21508,21584,8,84
6485,5,48,21567,21569,21587,2,20
6476,9,48,21533,21536,21590,3,57
6487,1,48,21575,21576,21593,1,18
6488,2,48,21575,21577,21596,2,21
6492,8,48,21586,21588,21599,2,13
6490,12,48,21575,21579,21602,4,27
6491,14,48,21575,21580,21605,5,30
6489,7,48,21575,21578,21608,3,33
6482,10,48,21550,21554,21611,4,61
6486,9,48,21567,21570,21614,3,47
6493,1,48,21600,21602,21625,2,25
6494,5,48,21600,21603,21628,3,28
6500,2,48,21612,21614,21631,2,19
6498,11,48,21600,21607,21634,7,34
6499,13,48,21600,21608,21637,8,37
6501,7,48,21612,21615,21640,3,28
6495,6,48,21600,21604,21643,4,43
6502,1,48,21625,21627,21646,2,21
6503,8,48,21629,21630,21649,1,20
6496,9,48,21600,21605,21652,5,52
6504,5,48,21633,21634,21655,1,22
6497,10,48,21600,21606,21658,6,58
6505,9,48,21633,21635,21661,2,28
6506,1,48,21650,21651,21674,1,24
6507,2,48,21650,21652,21677,2,27
6508,6,48,21650,21653,21680,3,30
6517,8,48,21671,21672,21683,1,12
6511,11,48,21650,21656,21686,6,36
6513,13,48,21650,21658,21689,8,39
6515,5,48,21667,21668,21692,1,25
6509,7,48,21650,21654,21695,4,45
6518,1,48,21675,21677,21698,2,23
6510,10,48,21650,21655,21701,5,51
6512,12,48,21650,21657,21704,7,54
6514,14,48,21650,21659,21707,9,57
6519,2,48,21688,21689,21710,1,22
6520,7,48,21688,21690,21713,2,25
6516,9,48,21667,21669,21716,2,49
6521,1,48,21700,21702,21725,2,25
6522,5,48,21700,21703,21728,3,28
6528,8,48,21714,21716,21731,2,17
6523,6,48,21700,21704,21734,4,34
6526,11,48,21700,21707,21737,7,37
6527,13,48,21700,21708,21740,8,40
6529,1,48,21725,21727,21743,2,18
6530,2,48,21725,21728,21746,3,21
6531,7,48,21725,21729,21750,4,25
6524,9,48,21700,21705,21753,5,53
6532,12,48,21725,21730,21756,5,31
6533,14,48,21725,21731,21759,6,34
6534,5,48,21733,21734,21762,1,29
6525,10,48,21700,21706,21765,6,65
6536,1,48,21750,21751,21768,1,18
6537,6,48,21750,21752,21774,2,24
6541,8,48,21757,21758,21777,1,20
6542,2,48,21762,21764,21780,2,18
6543,7,48,21762,21765,21783,3,21
6544,5,48,21767,21769,21786,2,19
6539,11,48,21750,21754,21789,4,39
6546,1,48,21775,21776,21792,1,17
6540,13,48,21750,21755,21795,5,45
6535,9,48,21733,21735,21798,2,65
6538,10,48,21750,21753,21801,3,51
6545,9,48,21767,21770,21804,3,37
6547,1,48,21800,21801,21824,1,24
6548,2,48,21800,21802,21827,2,27
6549,5,48,21800,21803,21830,3,30
6552,8,48,21800,21806,21833,6,33
6555,11,48,21800,21809,21836,9,36
6557,13,48,21800,21811,21839,11,39
6550,6,48,21800,21804,21842,4,42
6551,7,48,21800,21805,21845,5,45
6559,1,48,21825,21827,21848,2,23
6553,9,48,21800,21807,21851,7,51
6556,12,48,21800,21810,21854,10,54
6558,14,48,21800,21812,21857,12,57
6560,5,48,21833,21835,21860,2,27
6565,1,48,21850,21852,21863,2,13
6564,8,48,21843,21845,21866,2,23
6562,2,48,21838,21839,21869,1,31
6566,6,48,21850,21853,21872,3,22
6563,7,48,21838,21840,21875,2,37
6568,11,48,21850,21855,21878,5,28
6569,13,48,21850,21856,21881,6,31
6554,10,48,21800,21808,21884,8,84
6570,5,48,21867,21869,21887,2,20
6561,9,48,21833,21836,21890,3,57
6572,1,48,21875,21876,21893,1,18
6573,2,48,21875,21877,21896,2,21
6577,8,48,21886,21888,21899,2,13
6575,12,48,21875,21879,21902,4,27
6576,14,48,21875,21880,21905,5,30
6574,7,48,21875,21878,21908,3,33
6567,10,48,21850,21854,21911,4,61
6571,9,48,21867,21870,21914,3,47
6578,1,48,21900,21902,21925,2,25
6579,5,48,21900,21903,21928,3,28
6585,2,48,21912,21914,21931,2,19
6583,11,48,21900,21907,21934,7,34
6584,13,48,21900,21908,21937,8,37
6586,7,48,21912,21915,21940,3,28
6580,6,48,21900,21904,21943,4,43
6587,1,48,21925,21927,21946,2,21
6588,8,48,21929,21930,21949,1,20
6581,9,48,21900,21905,21952,5,52
6589,5,48,21933,21934,21955,1,22
6582,10,48,21900,21906,21958,6,58
6590,9,48,21933,21935,21961,2,28
6591,1,48,21950,21951,21974,1,24
6592,2,48,21950,21952,21977,2,27
6593,6,48,21950,21953,21980,3,30
6602,8,48,21971,21972,21983,1,12
6596,11,48,21950,21956,21986,6,36
6598,13,48,21950,21958,21989,8,39
6600,5,48,21967,21968,21992,1,25
6594,7,48,21950,21954,21995,4,45
6603,1,48,21975,21977,21998,2,23
6595,10,48,21950,21955,22001,5,51
6597,12,48,21950,21957,22004,7,54
6599,14,48,21950,21959,22007,9,57
6604,2,48,21988,21989,22010,1,22
6605,7,48,21988,21990,22013,2,25
6601,9,48,21967,21969,22016,2,49
6606,1,48,22000,22002,22025,2,25
6607,5,48,22000,22003,22028,3,28
6613,8,48,22014,22016,22031,2,17
6608,6,48,22000,22004,22034,4,34
6611,11,48,22000,22007,22037,7,37
6612,13,48,22000,22008,22040,8,40
6614,1,48,22025,22027,22043,2,18
6615,2,48,22025,22028,22046,3,21
6616,7,48,22025,22029,22050,4,25
6609,9,48,22000,22005,22053,5,53
6617,12,48,22025,22030,22056,5,31
6618,14,48,22025,22031,22059,6,34
6619,5,48,22033,22034,22062,1,29
6610,10,48,22000,22006,22065,6,65
6621,1,48,22050,22051,22068,1,18
6622,6,48,22050,22052,22074,2,24
6626,8,48,22057,22058,22077,1,20
6627,2,48,22062,22064,22080,2,18
6628,7,48,22062,22065,22083,3,21
6629,5,48,22067,22069,22086,2,19
6624,11,48,22050,22054,22089,4,39
6631,1,48,22075,22076,22092,1,17
6625,13,48,22050,22055,22095,5,45
6620,9,48,22033,22035,22098,2,65
6623,10,48,22050,22053,22101,3,51
6630,9,48,22067,22070,22104,3,37
6632,1,48,22100,22101,22124,1,24
6633,2,48,22100,22102,22127,2,27
6634,5,48,22100,22103,22130,3,30
6637,8,48,22100,22106,22133,6,33
6640,11,48,22100,22109,22136,9,36
6642,13,48,22100,22111,22139,11,39
6635,6,48,22100,22104,22142,4,42
6636,7,48,22100,22105,22145,5,45
6644,1,48,22125,22127,22148,2,23
6638,9,48,22100,22107,22151,7,51
6641,12,48,22100,22110,22154,10,54
6643,14,48,22100,22112,22157,12,57
6645,5,48,22133,22135,22160,2,27
6650,1,48,22150,22152,22163,2,13
6649,8,48,22143,22145,22166,2,23
6647,2,48,22138,22139,22169,1,31
6651,6,48,22150,22153,22172,3,22
6648,7,48,22138,22140,22175,2,37
6653,11,48,22150,22155,22178,5,28
6654,13,48,22150,22156,22181,6,31
6639,10,48,22100,22108,22184,8,84
6655,5,48,22167,22169,22187,2,20
6646,9,48,22133,22136,22190,3,57
6657,1,48,22175,22176,22193,1,18
6658,2,48,22175,22177,22196,2,21
6662,8,48,22186,22188,22199,2,13
6660,12,48,22175,22179,22202,4,27
6661,14,48,22175,22180,22205,5,30
6659,7,48,22175,22178,22208,3,33
6652,10,48,22150,22154,22211,4,61
6656,9,48,22167,22170,22214,3,47
6663,1,48,22200,22202,22225,2,25
6664,5,48,22200,22203,22228,3,28
6670,2,48,22212,22214,22231,2,19
6668,11,48,22200,22207,22234,7,34
6669,13,48,22200,22208,22237,8,37
6671,7,48,22212,22215,22240,3,28
6665,6,48,22200,22204,22243,4,43
6672,1,48,22225,22227,22246,2,21
6673,8,48,22229,22230,22249,1,20
6666,9,48,22200,22205,22252,5,52
6674,5,48,22233,22234,22255,1,22
6667,10,48,22200,22206,22258,6,58
6675,9,48,22233,22235,22261,2,28
6676,1,48,22250,22251,22274,1,24
6677,2,48,22250,22252,22277,2,27
6678,6,48,22250,22253,22280,3,30
6687,8,48,22271,22272,22283,1,12
6681,11,48,22250,22256,22286,6,36
6683,13,48,22250,22258,22289,8,39
6685,5,48,22267,22268,22292,1,25
6679,7,48,22250,22254,22295,4,45
6688,1,48,22275,22277,22298,2,23
6680,10,48,22250,22255,22301,5,51
6682,12,48,22250,22257,22304,7,54
6684,14,48,22250,22259,22307,9,57
6689,2,48,22288,22289,22310,1,22
6690,7,48,22288,22290,22313,2,25
6686,9,48,22267,22269,22316,2,49
6691,1,48,22300,22302,22325,2,25
6692,5,48,22300,22303,22328,3,28
6698,8,48,22314,22316,22331,2,17
6693,6,48,22300,22304,22334,4,34
6696,11,48,22300,22307,22337,7,37
6697,13,48,22300,22308,22340,8,40
6699,1,48,22325,22327,22343,2,18
6700,2,48,22325,22328,22346,3,21
6701,7,48,22325,22329,22350,4,25
6694,9,48,22300,22305,22353,5,53
6702,12,48,22325,22330,22356,5,31
6703,14,48,22325,22331,22359,6,34
6704,5,48,22333,22334,22362,1,29
6695,10,48,22300,22306,22365,6,65
6706,1,48,22350,22351,22368,1,18
6707,6,48,22350,22352,22374,2,24
6711,8,48,22357,22358,22377,1,20
6712,2,48,22362,22364,22380,2,18
6713,7,48,22362,22365,22383,3,21
6714,5,48,22367,22369,22386,2,19
6709,11,48,22350,22354,22389,4,39
6716,1,48,22375,22376,22392,1,17
6710,13,48,22350,22355,22395,5,45
6705,9,48,22333,22335,22398,2,65
6708,10,48,22350,22353,22401,3,51
6715,9,48,22367,22370,22404,3,37
6717,1,48,22400,22401,22424,1,24
6718,2,48,22400,22402,22427,2,27
6719,5,48,22400,22403,22430,3,30
6722,8,48,22400,22406,22433,6,33
6725,11,48,22400,22409,22436,9,36
6727,13,48,22400,22411,22439,11,39
6720,6,48,22400,22404,22442,4,42
6721,7,48,22400,22405,22445,5,45
6729,1,48,22425,22427,22448,2,23
6723,9,48,22400,22407,22451,7,51
6726,12,48,22400,22410,22454,10,54
6728,14,48,22400,22412,22457,12,57
6730,5,48,22433,22435,22460,2,27
6735,1,48,22450,22452,22463,2,13
6734,8,48,22443,22445,22466,2,23
6732,2,48,22438,22439,22469,1,31
6736,6,48,22450,22453,22472,3,22
6733,7,48,22438,22440,22475,2,37
6738,11,48,22450,22455,22478,5,28
6739,13,48,22450,22456,22481,6,31
6724,10,48,22400,22408,22484,8,84
6740,5,48,22467,22469,22487,2,20
6731,9,48,22433,22436,22490,3,57
6742,1,48,22475,22476,22493,1,18
6743,2,48,22475,22477,22496,2,21
6747,8,48,22486,22488,22499,2,13
6745,12,48,22475,22479,22502,4,27
6746,14,48,22475,22480,22505,5,30
6744,7,48,22475,22478,22508,3,33
6737,10,48,22450,22454,22511,4,61
6741,9,48,22467,22470,22514,3,47
6748,1,48,22500,22502,22525,2,25
6749,5,48,22500,22503,22528,3,28
6755,2,48,22512,22514,22531,2,19
6753,11,48,22500,22507,22534,7,34
6754,13,48,22500,22508,22537,8,37
6756,7,48,22512,22515,22540,3,28
6750,6,48,22500,22504,22543,4,43
6757,1,48,22525,22527,22546,2,21
6758,8,48,22529,22530,22549,1,20
6751,9,48,22500,22505,22552,5,52
6759,5,48,22533,22534,22555,1,22
6752,10,48,22500,22506,22558,6,58
6760,9,48,22533,22535,22561,2,28
6761,1,48,22550,22551,22574,1,24
6762,2,48,22550,22552,22577,2,27
6763,6,48,22550,22553,22580,3,30
6772,8,48,22571,22572,22583,1,12
6766,11,48,22550,22556,22586,6,36
6768,13,48,22550,22558,22589,8,39
6770,5,48,22567,22568,22592,1,25
6764,7,48,22550,22554,22595,4,45
6773,1,48,22575,22577,22598,2,23
6765,10,48,22550,22555,22601,5,51
6767,12,48,22550,22557,22604,7,54
6769,14,48,22550,22559,22607,9,57
6774,2,48,22588,22589,22610,1,22
6775,7,48,22588,22590,22613,2,25
6771,9,48,22567,22569,22616,2,49
6776,1,48,22600,22602,22625,2,25
6777,5,48,22600,22603,22628,3,28
6783,8,48,22614,22616,22631,2,17
6778,6,48,22600,22604,22634,4,34
6781,11,48,22600,22607,22637,7,37
6782,13,48,22600,22608,22640,8,40
6784,1,48,22625,22627,22643,2,18
6785,2,48,22625,22628,22646,3,21
6786,7,48,22625,22629,22650,4,25
6779,9,48,22600,22605,22653,5,53
6787,12,48,22625,22630,22656,5,31
6788,14,48,22625,22631,22659,6,34
6789,5,48,22633,22634,22662,1,29
6780,10,48,22600,22606,22665,6,65
6791,1,48,22650,22651,22668,1,18
6792,6,48,22650,22652,22674,2,24
6796,8,48,22657,22658,22677,1,20
6797,2,48,22662,22664,22680,2,18
6798,7,48,22662,22665,22683,3,21
6799,5,48,22667,22669,22686,2,19
6794,11,48,22650,22654,22689,4,39
6801,1,48,22675,22676,22692,1,17
6795,13,48,22650,22655,22695,5,45
6790,9,48,22633,22635,22698,2,65
6793,10,48,22650,22653,22701,3,51
6800,9,48,22667,22670,22704,3,37
6802,1,48,22700,22701,22724,1,24
6803,2,48,22700,22702,22727,2,27
6804,5,48,22700,22703,22730,3,30
6807,8,48,22700,22706,22733,6,33
6810,11,48,22700,22709,22736,9,36
6812,13,48,22700,22711,22739,11,39
6805,6,48,22700,22704,22742,4,42
6806,7,48,22700,22705,22745,5,45
6814,1,48,22725,22727,22748,2,23
6808,9,48,22700,22707,22751,7,51
6811,12,48,22700,22710,22754,10,54
6813,14,48,22700,22712,22757,12,57
6815,5,48,22733,22735,22760,2,27
6820,1,48,22750,22752,22763,2,13
6819,8,48,22743,22745,22766,2,23
6817,2,48,22738,22739,22769,1,31
6821,6,48,22750,22753,22772,3,22
6818,7,48,22738,22740,22775,2,37
6823,11,48,22750,22755,22778,5,28
6824,13,48,22750,22756,22781,6,31
6809,10,48,22700,22708,22784,8,84
6825,5,48,22767,22769,22787,2,20
6816,9,48,22733,22736,22790,3,57
6827,1,48,22775,22776,22793,1,18
6828,2,48,22775,22777,22796,2,21
6832,8,48,22786,22788,22799,2,13
6830,12,48,22775,22779,22802,4,27
6831,14,48,22775,22780,22805,5,30
6829,7,48,22775,22778,22808,3,33
6822,10,48,22750,22754,22811,4,61
6826,9,48,22767,22770,22814,3,47
6833,1,48,22800,22802,22825,2,25
6834,5,48,22800,22803,22828,3,28
6840,2,48,22812,22814,22831,2,19
6838,11,48,22800,22807,22834,7,34
6839,13,48,22800,22808,22837,8,37
6841,7,48,22812,22815,22840,3,28
6835,6,48,22800,22804,22843,4,43
6842,1,48,22825,22827,22846,2,21
6843,8,48,22829,22830,22849,1,20
6836,9,48,22800,22805,22852,5,52
6844,5,48,22833,22834,22855,1,22
6837,10,48,22800,22806,22858,6,58
6845,9,48,22833,22835,22861,2,28
6846,1,48,22850,22851,22874,1,24
6847,2,48,22850,22852,22877,2,27
6848,6,48,22850,22853,22880,3,30
6857,8,48,22871,22872,22883,1,12
6851,11,48,22850,22856,22886,6,36
6853,13,48,22850,22858,22889,8,39
6855,5,48,22867,22868,22892,1,25
6849,7,48,22850,22854,22895,4,45
6858,1,48,22875,22877,22898,2,23
6850,10,48,22850,22855,22901,5,51
6852,12,48,22850,22857,22904,7,54
6854,14,48,22850,22859,22907,9,57
6859,2,48,22888,22889,22910,1,22
6860,7,48,22888,22890,22913,2,25
6856,9,48,22867,22869,22916,2,49
6861,1,48,22900,22902,22925,2,25
6862,5,48,22900,22903,22928,3,28
6868,8,48,22914,22916,22931,2,17
6863,6,48,22900,22904,22934,4,34
6866,11,48,22900,22907,22937,7,37
6867,13,48,22900,22908,22940,8,40
6869,1,48,22925,22927,22943,2,18
6870,2,48,22925,22928,22946,3,21
6871,7,48,22925,22929,22950,4,25
6864,9,48,22900,22905,22953,5,53
6872,12,48,22925,22930,22956,5,31
6873,14,48,22925,22931,22959,6,34
6874,5,48,22933,22934,22962,1,29
6865,10,48,22900,22906,22965,6,65
6876,1,48,22950,22951,22968,1,18
6877,6,48,22950,22952,22974,2,24
6881,8,48,22957,22958,22977,1,20
6882,2,48,22962,22964,22980,2,18
6883,7,48,22962,22965,22983,3,21
6884,5,48,22967,22969,22986,2,19
6879,11,48,22950,22954,22989,4,39
6886,1,48,22975,22976,22992,1,17
6880,13,48,22950,22955,22995,5,45
6875,9,48,22933,22935,22998,2,65
6878,10,48,22950,22953,23001,3,51
6885,9,48,22967,22970,23004,3,37
6887,1,48,23000,23001,23024,1,24
6888,2,48,23000,23002,23027,2,27
6889,5,48,23000,23003,23030,3,30
6892,8,48,23000,23006,23033,6,33
6895,11,48,23000,23009,23036,9,36
6897,13,48,23000,23011,23039,11,39
6890,6,48,23000,23004,23042,4,42
6891,7,48,23000,23005,23045,5,45
6899,1,48,23025,23027,23048,2,23
6893,9,48,23000,23007,23051,7,51
6896,12,48,23000,23010,23054,10,54
6898,14,48,23000,23012,23057,12,57
6900,5,48,23033,23035,23060,2,27
6905,1,48,23050,23052,23063,2,13
6904,8,48,23043,23045,23066,2,23
6902,2,48,23038,23039,23069,1,31
6906,6,48,23050,23053,23072,3,22
6903,7,48,23038,23040,23075,2,37
6908,11,48,23050,23055,23078,5,28
6909,13,48,23050,23056,23081,6,31
6894,10,48,23000,23008,23084,8,84
6910,5,48,23067,23069,23087,2,20
6901,9,48,23033,23036,23090,3,57
6912,1,48,23075,23076,23093,1,18
6913,2,48,23075,23077,23096,2,21
6917,8,48,23086,23088,23099,2,13
6915,12,48,23075,23079,23102,4,27
6916,14,48,23075,23080,23105,5,30
6914,7,48,23075,23078,23108,3,33
6907,10,48,23050,23054,23111,4,61
6911,9,48,23067,23070,23114,3,47
6918,1,48,23100,23102,23125,2,25
6919,5,48,23100,23103,23128,3,28
6925,2,48,23112,23114,23131,2,19
6923,11,48,23100,23107,23134,7,34
6924,13,48,23100,23108,23137,8,37
6926,7,48,23112,23115,23140,3,28
6920,6,48,23100,23104,23143,4,43
6927,1,48,23125,23127,23146,2,21
6928,8,48,23129,23130,23149,1,20
6921,9,48,23100,23105,23152,5,52
6929,5,48,23133,23134,23155,1,22
6922,10,48,23100,23106,23158,6,58
6930,9,48,23133,23135,23161,2,28
6931,1,48,23150,23151,23174,1,24
6932,2,48,23150,23152,23177,2,27
6933,6,48,23150,23153,23180,3,30
6942,8,48,23171,23172,23183,1,12
6936,11,48,23150,23156,23186,6,36
6938,13,48,23150,23158,23189,8,39
6940,5,48,23167,23168,23192,1,25
6934,7,48,23150,23154,23195,4,45
6943,1,48,23175,23177,23198,2,23
6935,10,48,23150,23155,23201,5,51
6937,12,48,23150,23157,23204,7,54
6939,14,48,23150,23159,23207,9,57
6944,2,48,23188,23189,23210,1,22
6945,7,48,23188,23190,23213,2,25
6941,9,48,23167,23169,23216,2,49
6946,1,48,23200,23202,23225,2,25
6947,5,48,23200,23203,23228,3,28
6953,8,48,23214,23216,23231,2,17
6948,6,48,23200,23204,23234,4,34
6951,11,48,23200,23207,23237,7,37
6952,13,48,23200,23208,23240,8,40
6954,1,48,23225,23227,23243,2,18
6955,2,48,23225,23228,23246,3,21
6956,7,48,23225,23229,23250,4,25
6949,9,48,23200,23205,23253,5,53
6957,12,48,23225,23230,23256,5,31
6958,14,48,23225,23231,23259,6,34
6959,5,48,23233,23234,23262,1,29
6950,10,48,23200,23206,23265,6,65
6961,1,48,23250,23251,23268,1,18
6962,6,48,23250,23252,23274,2,24
6966,8,48,23257,23258,23277,1,20
6967,2,48,23262,23264,23280,2,18
6968,7,48,23262,23265,23283,3,21
6969,5,48,23267,23269,23286,2,19
6964,11,48,23250,23254,23289,4,39
6971,1,48,23275,23276,23292,1,17
6965,13,48,23250,23255,23295,5,45
6960,9,48,23233,23235,23298,2,65
6963,10,48,23250,23253,23301,3,51
6970,9,48,23267,23270,23304,3,37
6972,1,48,23300,23301,23324,1,24
6973,2,48,23300,23302,23327,2,27
6974,5,48,23300,23303,23330,3,30
6977,8,48,23300,23306,23333,6,33
6980,11,48,23300,23309,23336,9,36
6982,13,48,23300,23311,23339,11,39
6975,6,48,23300,23304,23342,4,42
6976,7,48,23300,23305,23345,5,45
6984,1,48,23325,23327,23348,2,23
6978,9,48,23300,23307,23351,7,51
6981,12,48,23300,23310,23354,10,54
6983,14,48,23300,23312,23357,12,57
6985,5,48,23333,23335,23360,2,27
6990,1,48,23350,23352,23363,2,13
6989,8,48,23343,23345,23366,2,23
6987,2,48,23338,23339,23369,1,31
6991,6,48,23350,23353,23372,3,22
6988,7,48,23338,23340,23375,2,37
6993,11,48,23350,23355,23378,5,28
6994,13,48,23350,23356,23381,6,31
6979,10,48,23300,23308,23384,8,84
6995,5,48,23367,23369,23387,2,20
6986,9,48,23333,23336,23390,3,57
6997,1,48,23375,23376,23393,1,18
6998,2,48,23375,23377,23396,2,21
7002,8,48,23386,23388,23399,2,13
7000,12,48,23375,23379,23402,4,27
7001,14,48,23375,23380,23405,5,30
6999,7,48,23375,23378,23408,3,33
6992,10,48,23350,23354,23411,4,61
6996,9,48,23367,23370,23414,3,47
7003,1,48,23400,23402,23425,2,25
7004,5,48,23400,23403,23428,3,28
7010,2,48,23412,23414,23431,2,19
7008,11,48,23400,23407,23434,7,34
7009,13,48,23400,23408,23437,8,37
7011,7,48,23412,23415,23440,3,28
7005,6,48,23400,23404,23443,4,43
7012,1,48,23425,23427,23446,2,21
7013,8,48,23429,23430,23449,1,20
7006,9,48,23400,23405,23452,5,52
7014,5,48,23433,23434,23455,1,22
7007,10,48,23400,23406,23458,6,58
7015,9,48,23433,23435,23461,2,28
7016,1,48,23450,23451,23474,1,24
7017,2,48,23450,23452,23477,2,27
7018,6,48,23450,23453,23480,3,30
7027,8,48,23471,23472,23483,1,12
7021,11,48,23450,23456,23486,6,36
7023,13,48,23450,23458,23489,8,39
7025,5,48,23467,23468,23492,1,25
7019,7,48,23450,23454,23495,4,45
7028,1,48,23475,23477,23498,2,23
7020,10,48,23450,23455,23501,5,51
7022,12,48,23450,23457,23504,7,54
7024,14,48,23450,23459,23507,9,57
7029,2,48,23488,23489,23510,1,22
7030,7,48,23488,23490,23513,2,25
7026,9,48,23467,23469,23516,2,49
7031,1,48,23500,23502,23525,2,25
7032,5,48,23500,23503,23528,3,28
7038,8,48,23514,23516,23531,2,17
7033,6,48,23500,23504,23534,4,34
7036,11,48,23500,23507,23537,7,37
7037,13,48,23500,23508,23540,8,40
7039,1,48,23525,23527,23543,2,18
7040,2,48,23525,23528,23546,3,21
7041,7,48,23525,23529,23550,4,25
7034,9,48,23500,23505,23553,5,53
7042,12,48,23525,23530,23556,5,31
7043,14,48,23525,23531,23559,6,34
7044,5,48,23533,23534,23562,1,29
7035,10,48,23500,23506,23565,6,65
7046,1,48,23550,23551,23568,1,18
7047,6,48,23550,23552,23574,2,24
7051,8,48,23557,23558,23577,1,20
7052,2,48,23562,23564,23580,2,18
7053,7,48,23562,23565,23583,3,21
7054,5,48,23567,23569,23586,2,19
7049,11,48,23550,23554,23589,4,39
7056,1,48,23575,23576,23592,1,17
7050,13,48,23550,23555,23595,5,45
7045,9,48,23533,23535,23598,2,65
7048,10,48,23550,23553,23601,3,51
7055,9,48,23567,23570,23604,3,37
7057,1,48,23600,23601,23624,1,24
7058,2,48,23600,23602,23627,2,27
7059,5,48,23600,23603,23630,3,30
7062,8,48,23600,23606,23633,6,33
7065,11,48,23600,23609,23636,9,36
7067,13,48,23600,23611,23639,11,39
7060,6,48,23600,23604,23642,4,42
7061,7,48,23600,23605,23645,5,45
7069,1,48,23625,23627,23648,2,23
7063,9,48,23600,23607,23651,7,51
7066,12,48,23600,23610,23654,10,54
7068,14,48,23600,23612,23657,12,57
7070,5,48,23633,23635,23660,2,27
7075,1,48,23650,23652,23663,2,13
7074,8,48,23643,23645,23666,2,23
7072,2,48,23638,23639,23669,1,31
7076,6,48,23650,23653,23672,3,22
7073,7,48,23638,23640,23675,2,37
7078,11,48,23650,23655,23678,5,28
7079,13,48,23650,23656,23681,6,31
7064,10,48,23600,23608,23684,8,84
7080,5,48,23667,23669,23687,2,20
7071,9,48,23633,23636,23690,3,57
7082,1,48,23675,23676,23693,1,18
7083,2,48,23675,23677,23696,2,21
7087,8,48,23686,23688,23699,2,13
7085,12,48,23675,23679,23702,4,27
7086,14,48,23675,23680,23705,5,30
7084,7,48,23675,23678,23708,3,33
7077,10,48,23650,23654,23711,4,61
7081,9,48,23667,23670,23714,3,47
7088,1,48,23700,23702,23725,2,25
7089,5,48,23700,23703,23728,3,28
7095,2,48,23712,23714,23731,2,19
7093,11,48,23700,23707,23734,7,34
7094,13,48,23700,23708,23737,8,37
7096,7,48,23712,23715,23740,3,28
7090,6,48,23700,23704,23743,4,43
7097,1,48,23725,23727,23746,2,21
7098,8,48,23729,23730,23749,1,20
7091,9,48,23700,23705,23752,5,52
7099,5,48,23733,23734,23755,1,22
7092,10,48,23700,23706,23758,6,58
7100,9,48,23733,23735,23761,2,28
7101,1,48,23750,23751,23774,1,24
7102,2,48,23750,23752,23777,2,27
7103,6,48,23750,23753,23780,3,30
7112,8,48,23771,23772,23783,1,12
7106,11,48,23750,23756,23786,6,36
7108,13,48,23750,23758,23789,8,39
7110,5,48,23767,23768,23792,1,25
7104,7,48,23750,23754,23795,4,45
7113,1,48,23775,23777,23798,2,23
7105,10,48,23750,23755,23801,5,51
7107,12,48,23750,23757,23804,7,54
7109,14,48,23750,23759,23807,9,57
7114,2,48,23788,23789,23810,1,22
7115,7,48,23788,23790,23813,2,25
7111,9,48,23767,23769,23816,2,49
7116,1,48,23800,23802,23825,2,25
7117,5,48,23800,23803,23828,3,28
7123,8,48,23814,23816,23831,2,17
7118,6,48,23800,23804,23834,4,34
7121,11,48,23800,23807,23837,7,37
7122,13,48,23800,23808,23840,8,40
7124,1,48,23825,23827,23843,2,18
7125,2,48,23825,23828,23846,3,21
7126,7,48,23825,23829,23850,4,25
7119,9,48,23800,23805,23853,5,53
7127,12,48,23825,23830,23856,5,31
7128,14,48,23825,23831,23859,6,34
7129,5,48,23833,23834,23862,1,29
7120,10,48,23800,23806,23865,6,65
7131,1,48,23850,23851,23868,1,18
7132,6,48,23850,23852,23874,2,24
7136,8,48,23857,23858,23877,1,20
7137,2,48,23862,23864,23880,2,18
7138,7,48,23862,23865,23883,3,21
7139,5,48,23867,23869,23886,2,19
7134,11,48,23850,23854,23889,4,39
7141,1,48,23875,23876,23892,1,17
7135,13,48,23850,23855,23895,5,45
7130,9,48,23833,23835,23898,2,65
7133,10,48,23850,23853,23901,3,51
7140,9,48,23867,23870,23904,3,37
7142,1,48,23900,23901,23924,1,24
7143,2,48,23900,23902,23927,2,27
7144,5,48,23900,23903,23930,3,30
7147,8,48,23900,23906,23933,6,33
7150,11,48,23900,23909,23936,9,36
7152,13,48,23900,23911,23939,11,39
7145,6,48,23900,23904,23942,4,42
7146,7,48,23900,23905,23945,5,45
7154,1,48,23925,23927,23948,2,23
7148,9,48,23900,23907,23951,7,51
7151,12,48,23900,23910,23954,10,54
7153,14,48,23900,23912,23957,12,57
7155,5,48,23933,23935,23960,2,27
7160,1,48,23950,23952,23963,2,13
7159,8,48,23943,23945,23966,2,23
7157,2,48,23938,23939,23969,1,31
7161,6,48,23950,23953,23972,3,22
7158,7,48,23938,23940,23975,2,37
7163,11,48,23950,23955,23978,5,28
7164,13,48,23950,23956,23981,6,31
7149,10,48,23900,23908,23984,8,84
7165,5,48,23967,23969,23987,2,20
7156,9,48,23933,23936,23990,3,57
7167,1,48,23975,23976,23993,1,18
7168,2,48,23975,23977,23996,2,21
7172,8,48,23986,23988,23999,2,13
7170,12,48,23975,23979,24002,4,27
7171,14,48,23975,23980,24005,5,30
7169,7,48,23975,23978,24008,3,33
7162,10,48,23950,23954,24011,4,61
7166,9,48,23967,23970,24014,3,47
7173,1,48,24000,24002,24025,2,25
7174,5,48,24000,24003,24028,3,28
7180,2,48,24012,24014,24031,2,19
7178,11,48,24000,24007,24034,7,34
7179,13,48,24000,24008,24037,8,37
7181,7,48,24012,24015,24040,3,28
7175,6,48,24000,24004,24043,4,43
7182,1,48,24025,24027,24046,2,21
7183,8,48,24029,24030,24049,1,20
7176,9,48,24000,24005,24052,5,52
7184,5,48,24033,24034,24055,1,22
7177,10,48,24000,24006,24058,6,58
7185,9,48,24033,24035,24061,2,28
7186,1,48,24050,24051,24074,1,24
7187,2,48,24050,24052,24077,2,27
7188,6,48,24050,24053,24080,3,30
7197,8,48,24071,24072,24083,1,12
7191,11,48,24050,24056,24086,6,36
7193,13,48,24050,24058,24089,8,39
7195,5,48,24067,24068,24092,1,25
7189,7,48,24050,24054,24095,4,45
7198,1,48,24075,24077,24098,2,23
7190,10,48,24050,24055,24101,5,51
7192,12,48,24050,24057,24104,7,54
7194,14,48,24050,24059,24107,9,57
7199,2,48,24088,24089,24110,1,22
7200,7,48,24088,24090,24113,2,25
7196,9,48,24067,24069,24116,2,49
7201,1,48,24100,24102,24125,2,25
7202,5,48,24100,24103,24128,3,28
7208,8,48,24114,24116,24131,2,17
7203,6,48,24100,24104,24134,4,34
7206,11,48,24100,24107,24137,7,37
7207,13,48,24100,24108,24140,8,40
7209,1,48,24125,24127,24143,2,18
7210,2,48,24125,24128,24146,3,21
7211,7,48,24125,24129,24150,4,25
7204,9,48,24100,24105,24153,5,53
7212,12,48,24125,24130,24156,5,31
7213,14,48,24125,24131,24159,6,34
7214,5,48,24133,24134,24162,1,29
7205,10,48,24100,24106,24165,6,65
7216,1,48,24150,24151,24168,1,18
7217,6,48,24150,24152,24174,2,24
7221,8,48,24157,24158,24177,1,20
7222,2,48,24162,24164,24180,2,18
7223,7,48,24162,24165,24183,3,21
7224,5,48,24167,24169,24186,2,19
7219,11,48,24150,24154,24189,4,39
7226,1,48,24175,24176,24192,1,17
7220,13,48,24150,24155,24195,5,45
7215,9,48,24133,24135,24198,2,65
7218,10,48,24150,24153,24201,3,51
7225,9,48,24167,24170,24204,3,37
7227,1,48,24200,24201,24224,1,24
7228,2,48,24200,24202,24227,2,27
7229,5,48,24200,24203,24230,3,30
7232,8,48,24200,24206,24233,6,33
7235,11,48,24200,24209,24236,9,36
7237,13,48,24200,24211,24239,11,39
7230,6,48,24200,24204,24242,4,42
7231,7,48,24200,24205,24245,5,45
7239,1,48,24225,24227,24248,2,23
7233,9,48,24200,24207,24251,7,51
7236,12,48,24200,24210,24254,10,54
7238,14,48,24200,24212,24257,12,57
7240,5,48,24233,24235,24260,2,27
7245,1,48,24250,24252,24263,2,13
7244,8,48,24243,24245,24266,2,23
7242,2,48,24238,24239,24269,1,31
7246,6,48,24250,24253,24272,3,22
7243,7,48,24238,24240,24275,2,37
7248,11,48,24250,24255,24278,5,28
7249,13,48,24250,24256,24281,6,31
7234,10,48,24200,24208,24284,8,84
7250,5,48,24267,24269,24287,2,20
7241,9,48,24233,24236,24290,3,57
7252,1,48,24275,24276,24293,1,18
7253,2,48,24275,24277,24296,2,21
7257,8,48,24286,24288,24299,2,13
7255,12,48,24275,24279,24302,4,27
7256,14,48,24275,24280,24305,5,30
7254,7,48,24275,24278,24308,3,33
7247,10,48,24250,24254,24311,4,61
7251,9,48,24267,24270,24314,3,47
7258,1,48,24300,24302,24325,2,25
7259,5,48,24300,24303,24328,3,28
7265,2,48,24312,24314,24331,2,19
7263,11,48,24300,24307,24334,7,34
7264,13,48,24300,24308,24337,8,37
7266,7,48,24312,24315,24340,3,28
7260,6,48,24300,24304,24343,4,43
7267,1,48,24325,24327,24346,2,21
7268,8,48,24329,24330,24349,1,20
7261,9,48,24300,24305,24352,5,52
7269,5,48,24333,24334,24355,1,22
7262,10,48,24300,24306,24358,6,58
7270,9,48,24333,24335,24361,2,28
7271,1,48,24350,24351,24374,1,24
7272,2,48,24350,24352,24377,2,27
7273,6,48,24350,24353,24380,3,30
7282,8,48,24371,24372,24383,1,12
7276,11,48,24350,24356,24386,6,36
7278,13,48,24350,24358,24389,8,39
7280,5,48,24367,24368,24392,1,25
7274,7,48,24350,24354,24395,4,45
7283,1,48,24375,24377,24398,2,23
7275,10,48,24350,24355,24401,5,51
7277,12,48,24350,24357,24404,7,54
7279,14,48,24350,24359,24407,9,57
7284,2,48,24388,24389,24410,1,22
7285,7,48,24388,24390,24413,2,25
7281,9,48,24367,24369,24416,2,49
7286,1,48,24400,24402,24425,2,25
7287,5,48,24400,24403,24428,3,28
7293,8,48,24414,24416,24431,2,17
7288,6,48,24400,24404,24434,4,34
7291,11,48,24400,24407,24437,7,37
7292,13,48,24400,24408,24440,8,40
7294,1,48,24425,24427,24443,2,18
7295,2,48,24425,24428,24446,3,21
7296,7,48,24425,24429,24450,4,25
7289,9,48,24400,24405,24453,5,53
7297,12,48,24425,24430,24456,5,31
7298,14,48,24425,24431,24459,6,34
7299,5,48,24433,24434,24462,1,29
7290,10,48,24400,24406,24465,6,65
7301,1,48,24450,24451,24468,1,18
7302,6,48,24450,24452,24474,2,24
7306,8,48,24457,24458,24477,1,20
7307,2,48,24462,24464,24480,2,18
7308,7,48,24462,24465,24483,3,21
7309,5,48,24467,24469,24486,2,19
7304,11,48,24450,24454,24489,4,39
7311,1,48,24475,24476,24492,1,17
7305,13,48,24450,24455,24495,5,45
7300,9,48,24433,24435,24498,2,65
7303,10,48,24450,24453,24501,3,51
7310,9,48,24467,24470,24504,3,37
7312,1,48,24500,24501,24524,1,24
7313,2,48,24500,24502,24527,2,27
7314,5,48,24500,24503,24530,3,30
7317,8,48,24500,24506,24533,6,33
7320,11,48,24500,24509,24536,9,36
7322,13,48,24500,24511,24539,11,39
7315,6,48,24500,24504,24542,4,42
7316,7,48,24500,24505,24545,5,45
7324,1,48,24525,24527,24548,2,23
7318,9,48,24500,24507,24551,7,51
7321,12,48,24500,24510,24554,10,54
7323,14,48,24500,24512,24557,12,57
7325,5,48,24533,24535,24560,2,27
7330,1,48,24550,24552,24563,2,13
7329,8,48,24543,24545,24566,2,23
7327,2,48,24538,24539,24569,1,31
7331,6,48,24550,24553,24572,3,22
7328,7,48,24538,24540,24575,2,37
7333,11,48,24550,24555,24578,5,28
7334,13,48,24550,24556,24581,6,31
7319,10,48,24500,24508,24584,8,84
7335,5,48,24567,24569,24587,2,20
7326,9,48,24533,24536,24590,3,57
7337,1,48,24575,24576,24593,1,18
7338,2,48,24575,24577,24596,2,21
7342,8,48,24586,24588,24599,2,13
7340,12,48,24575,24579,24602,4,27
7341,14,48,24575,24580,24605,5,30
7339,7,48,24575,24578,24608,3,33
7332,10,48,24550,24554,24611,4,61
7336,9,48,24567,24570,24614,3,47
7343,1,48,24600,24602,24625,2,25
7344,5,48,24600,24603,24628,3,28
7350,2,48,24612,24614,24631,2,19
7348,11,48,24600,24607,24634,7,34
7349,13,48,24600,24608,24637,8,37
7351,7,48,24612,24615,24640,3,28
7345,6,48,24600,24604,24643,4,43
7352,1,48,24625,24627,24646,2,21
7353,8,48,24629,24630,24649,1,20
7346,9,48,24600,24605,24652,5,52
7354,5,48,24633,24634,24655,1,22
7347,10,48,24600,24606,24658,6,58
7355,9,48,24633,24635,24661,2,28
7356,1,48,24650,24651,24674,1,24
7357,2,48,24650,24652,24677,2,27
7358,6,48,24650,24653,24680,3,30
7367,8,48,24671,24672,24683,1,12
7361,11,48,24650,24656,24686,6,36
7363,13,48,24650,24658,24689,8,39
7365,5,48,24667,24668,24692,1,25
7359,7,48,24650,24654,24695,4,45
7368,1,48,24675,24677,24698,2,23
7360,10,48,24650,24655,24701,5,51
7362,12,48,24650,24657,24704,7,54
7364,14,48,24650,24659,24707,9,57
7369,2,48,24688,24689,24710,1,22
7370,7,48,24688,24690,24713,2,25
7366,9,48,24667,24669,24716,2,49
7371,1,48,24700,24702,24725,2,25
7372,5,48,24700,24703,24728,3,28
7378,8,48,24714,24716,24731,2,17
7373,6,48,24700,24704,24734,4,34
7376,11,48,24700,24707,24737,7,37
7377,13,48,24700,24708,24740,8,40
7379,1,48,24725,24727,24743,2,18
7380,2,48,24725,24728,24746,3,21
7381,7,48,24725,24729,24750,4,25
7374,9,48,24700,24705,24753,5,53
7382,12,48,24725,24730,24756,5,31
7383,14,48,24725,24731,24759,6,34
7384,5,48,24733,24734,24762,1,29
7375,10,48,24700,24706,24765,6,65
7386,1,48,24750,24751,24768,1,18
7387,6,48,24750,24752,24774,2,24
7391,8,48,24757,24758,24777,1,20
7392,2,48,24762,24764,24780,2,18
7393,7,48,24762,24765,24783,3,21
7394,5,48,24767,24769,24786,2,19
7389,11,48,24750,24754,24789,4,39
7396,1,48,24775,24776,24792,1,17
7390,13,48,24750,24755,24795,5,45
7385,9,48,24733,24735,24798,2,65
7388,10,48,24750,24753,24801,3,51
7395,9,48,24767,24770,24804,3,37
7397,1,48,24800,24801,24824,1,24
7398,2,48,24800,24802,24827,2,27
7399,5,48,24800,24803,24830,3,30
7402,8,48,24800,24806,24833,6,33
7405,11,48,24800,24809,24836,9,36
7407,13,48,24800,24811,24839,11,39
7400,6,48,24800,24804,24842,4,42
7401,7,48,24800,24805,24845,5,45
7409,1,48,24825,24827,24848,2,23
7403,9,48,24800,24807,24851,7,51
7406,12,48,24800,24810,24854,10,54
7408,14,48,24800,24812,24857,12,57
7410,5,48,24833,24835,24860,2,27
7415,1,48,24850,24852,24863,2,13
7414,8,48,24843,24845,24866,2,23
7412,2,48,24838,24839,24869,1,31
7416,6,48,24850,24853,24872,3,22
7413,7,48,24838,24840,24875,2,37
7418,11,48,24850,24855,24878,5,28
7419,13,48,24850,24856,24881,6,31
7404,10,48,24800,24808,24884,8,84
7420,5,48,24867,24869,24887,2,20
7411,9,48,24833,24836,24890,3,57
7422,1,48,24875,24876,24893,1,18
7423,2,48,24875,24877,24896,2,21
7427,8,48,24886,24888,24899,2,13
7425,12,48,24875,24879,24902,4,27
7426,14,48,24875,24880,24905,5,30
7424,7,48,24875,24878,24908,3,33
7417,10,48,24850,24854,24911,4,61
7421,9,48,24867,24870,24914,3,47
7428,1,48,24900,24902,24925,2,25
7429,5,48,24900,24903,24928,3,28
7435,2,48,24912,24914,24931,2,19
7433,11,48,24900,24907,24934,7,34
7434,13,48,24900,24908,24937,8,37
7436,7,48,24912,24915,24940,3,28
7430,6,48,24900,24904,24943,4,43
7437,1,48,24925,24927,24946,2,21
7438,8,48,24929,24930,24949,1,20
7431,9,48,24900,24905,24952,5,52
7439,5,48,24933,24934,24955,1,22
7432,10,48,24900,24906,24958,6,58
7440,9,48,24933,24935,24961,2,28
7441,1,48,24950,24951,24974,1,24
7442,2,48,24950,24952,24977,2,27
7443,6,48,24950,24953,24980,3,30
7452,8,48,24971,24972,24983,1,12
7446,11,48,24950,24956,24986,6,36
7448,13,48,24950,24958,24989,8,39
7450,5,48,24967,24968,24992,1,25
7444,7,48,24950,24954,24995,4,45
7453,1,48,24975,24977,24998,2,23
7445,10,48,24950,24955,25001,5,51
7447,12,48,24950,24957,25004,7,54
7449,14,48,24950,24959,25007,9,57
7454,2,48,24988,24989,25010,1,22
7455,7,48,24988,24990,25013,2,25
7451,9,48,24967,24969,25016,2,49
7456,1,48,25000,25002,25025,2,25
7457,5,48,25000,25003,25028,3,28
7463,8,48,25014,25016,25031,2,17
7458,6,48,25000,25004,25034,4,34
7461,11,48,25000,25007,25037,7,37
7462,13,48,25000,25008,25040,8,40
7464,1,48,25025,25027,25043,2,18
7465,2,48,25025,25028,25046,3,21
7466,7,48,25025,25029,25050,4,25
7459,9,48,25000,25005,25053,5,53
7467,12,48,25025,25030,25056,5,31
7468,14,48,25025,25031,25059,6,34
7469,5,48,25033,25034,25062,1,29
7460,10,48,25000,25006,25065,6,65
7471,1,48,25050,25051,25068,1,18
7472,6,48,25050,25052,25074,2,24
7476,8,48,25057,25058,25077,1,20
7477,2,48,25062,25064,25080,2,18
7478,7,48,25062,25065,25083,3,21
7479,5,48,25067,25069,25086,2,19
7474,11,48,25050,25054,25089,4,39
7481,1,48,25075,25076,25092,1,17
7475,13,48,25050,25055,25095,5,45
7470,9,48,25033,25035,25098,2,65
7473,10,48,25050,25053,25101,3,51
7480,9,48,25067,25070,25104,3,37
7482,1,48,25100,25101,25124,1,24
7483,2,48,25100,25102,25127,2,27
7484,5,48,25100,25103,25130,3,30
7487,8,48,25100,25106,25133,6,33
7490,11,48,25100,25109,25136,9,36
7492,13,48,25100,25111,25139,11,39
7485,6,48,25100,25104,25142,4,42
7486,7,48,25100,25105,25145,5,45
7494,1,48,25125,25127,25148,2,23
7488,9,48,25100,25107,25151,7,51
7491,12,48,25100,25110,25154,10,54
7493,14,48,25100,25112,25157,12,57
7495,5,48,25133,25135,25160,2,27
7500,1,48,25150,25152,25163,2,13
7499,8,48,25143,25145,25166,2,23
7497,2,48,25138,25139,25169,1,31
7501,6,48,25150,25153,25172,3,22
7498,7,48,25138,25140,25175,2,37
7503,11,48,25150,25155,25178,5,28
7504,13,48,25150,25156,25181,6,31
7489,10,48,25100,25108,25184,8,84
7505,5,48,25167,25169,25187,2,20
7496,9,48,25133,25136,25190,3,57
7507,1,48,25175,25176,25193,1,18
7508,2,48,25175,25177,25196,2,21
7512,8,48,25186,25188,25199,2,13
7510,12,48,25175,25179,25202,4,27
7511,14,48,25175,25180,25205,5,30
7509,7,48,25175,25178,25208,3,33
7502,10,48,25150,25154,25211,4,61
7506,9,48,25167,25170,25214,3,47
7513,1,48,25200,25202,25225,2,25
7514,5,48,25200,25203,25228,3,28
7520,2,48,25212,25214,25231,2,19
7518,11,48,25200,25207,25234,7,34
7519,13,48,25200,25208,25237,8,37
7521,7,48,25212,25215,25240,3,28
7515,6,48,25200,25204,25243,4,43
7522,1,48,25225,25227,25246,2,21
7523,8,48,25229,25230,25249,1,20
7516,9,48,25200,25205,25252,5,52
7524,5,48,25233,25234,25255,1,22
7517,10,48,25200,25206,25258,6,58
7525,9,48,25233,25235,25261,2,28
7526,1,48,25250,25251,25274,1,24
7527,2,48,25250,25252,25277,2,27
7528,6,48,25250,25253,25280,3,30
7537,8,48,25271,25272,25283,1,12
7531,11,48,25250,25256,25286,6,36
7533,13,48,25250,25258,25289,8,39
7535,5,48,25267,25268,25292,1,25
7529,7,48,25250,25254,25295,4,45
7538,1,48,25275,25277,25298,2,23
7530,10,48,25250,25255,25301,5,51
7532,12,48,25250,25257,25304,7,54
7534,14,48,25250,25259,25307,9,57
7539,2,48,25288,25289,25310,1,22
7540,7,48,25288,25290,25313,2,25
7536,9,48,25267,25269,25316,2,49
7541,1,48,25300,25302,25325,2,25
7542,5,48,25300,25303,25328,3,28
7548,8,48,25314,25316,25331,2,17
7543,6,48,25300,25304,25334,4,34
7546,11,48,25300,25307,25337,7,37
7547,13,48,25300,25308,25340,8,40
7549,1,48,25325,25327,25343,2,18
7550,2,48,25325,25328,25346,3,21
7551,7,48,25325,25329,25350,4,25
7544,9,48,25300,25305,25353,5,53
7552,12,48,25325,25330,25356,5,31
7553,14,48,25325,25331,25359,6,34
7554,5,48,25333,25334,25362,1,29
7545,10,48,25300,25306,25365,6,65
7556,1,48,25350,25351,25368,1,18
7557,6,48,25350,25352,25374,2,24
7561,8,48,25357,25358,25377,1,20
7562,2,48,25362,25364,25380,2,18
7563,7,48,25362,25365,25383,3,21
7564,5,48,25367,25369,25386,2,19
7559,11,48,25350,25354,25389,4,39
7566,1,48,25375,25376,25392,1,17
7560,13,48,25350,25355,25395,5,45
7555,9,48,25333,25335,25398,2,65
7558,10,48,25350,25353,25401,3,51
7565,9,48,25367,25370,25404,3,37
7567,1,48,25400,25401,25424,1,24
7568,2,48,25400,25402,25427,2,27
7569,5,48,25400,25403,25430,3,30
7572,8,48,25400,25406,25433,6,33
7575,11,48,25400,25409,25436,9,36
7577,13,48,25400,25411,25439,11,39
7570,6,48,25400,25404,25442,4,42
7571,7,48,25400,25405,25445,5,45
7579,1,48,25425,25427,25448,2,23
7573,9,48,25400,25407,25451,7,51
7576,12,48,25400,25410,25454,10,54
7578,14,48,25400,25412,25457,12,57
7580,5,48,25433,25435,25460,2,27
7585,1,48,25450,25452,25463,2,13
7584,8,48,25443,25445,25466,2,23
7582,2,48,25438,25439,25469,1,31
7586,6,48,25450,25453,25472,3,22
7583,7,48,25438,25440,25475,2,37
7588,11,48,25450,25455,25478,5,28
7589,13,48,25450,25456,25481,6,31
7574,10,48,25400,25408,25484,8,84
7590,5,48,25467,25469,25487,2,20
7581,9,48,25433,25436,25490,3,57
7592,1,48,25475,25476,25493,1,18
7593,2,48,25475,25477,25496,2,21
7597,8,48,25486,25488,25499,2,13
7595,12,48,25475,25479,25502,4,27
7596,14,48,25475,25480,25505,5,30
7594,7,48,25475,25478,25508,3,33
7587,10,48,25450,25454,25511,4,61
7591,9,48,25467,25470,25514,3,47
7598,1,48,25500,25502,25525,2,25
7599,5,48,25500,25503,25528,3,28
7605,2,48,25512,25514,25531,2,19
7603,11,48,25500,25507,25534,7,34
7604,13,48,25500,25508,25537,8,37
7606,7,48,25512,25515,25540,3,28
7600,6,48,25500,25504,25543,4,43
7607,1,48,25525,25527,25546,2,21
7608,8,48,25529,25530,25549,1,20
7601,9,48,25500,25505,25552,5,52
7609,5,48,25533,25534,25555,1,22
7602,10,48,25500,25506,25558,6,58
7610,9,48,25533,25535,25561,2,28
7611,1,48,25550,25551,25574,1,24
7612,2,48,25550,25552,25577,2,27
7613,6,48,25550,25553,25580,3,30
7622,8,48,25571,25572,25583,1,12
7616,11,48,25550,25556,25586,6,36
7618,13,48,25550,25558,25589,8,39
7620,5,48,25567,25568,25592,1,25
7614,7,48,25550,25554,25595,4,45
7623,1,48,25575,25577,25598,2,23
7615,10,48,25550,25555,25601,5,51
7617,12,48,25550,25557,25604,7,54
7619,14,48,25550,25559,25607,9,57
7624,2,48,25588,25589,25610,1,22
7625,7,48,25588,25590,25613,2,25
7621,9,48,25567,25569,25616,2,49
7626,1,48,25600,25602,25625,2,25
7627,5,48,25600,25603,25628,3,28
7633,8,48,25614,25616,25631,2,17
7628,6,48,25600,25604,25634,4,34
7631,11,48,25600,25607,25637,7,37
7632,13,48,25600,25608,25640,8,40
7634,1,48,25625,25627,25643,2,18
7635,2,48,25625,25628,25646,3,21
7636,7,48,25625,25629,25650,4,25
7629,9,48,25600,25605,25653,5,53
7637,12,48,25625,25630,25656,5,31
7638,14,48,25625,25631,25659,6,34
7639,5,48,25633,25634,25662,1,29
7630,10,48,25600,25606,25665,6,65
7641,1,48,25650,25651,25668,1,18
7642,6,48,25650,25652,25674,2,24
7646,8,48,25657,25658,25677,1,20
7647,2,48,25662,25664,25680,2,18
7648,7,48,25662,25665,25683,3,21
7649,5,48,25667,25669,25686,2,19
7644,11,48,25650,25654,25689,4,39
7651,1,48,25675,25676,25692,1,17
7645,13,48,25650,25655,25695,5,45
7640,9,48,25633,25635,25698,2,65
7643,10,48,25650,25653,25701,3,51
7650,9,48,25667,25670,25704,3,37
7652,1,48,25700,25701,25724,1,24
7653,2,48,25700,25702,25727,2,27
7654,5,48,25700,25703,25730,3,30
7657,8,48,25700,25706,25733,6,33
7660,11,48,25700,25709,25736,9,36
7662,13,48,25700,25711,25739,11,39
7655,6,48,25700,25704,25742,4,42
7656,7,48,25700,25705,25745,5,45
7664,1,48,25725,25727,25748,2,23
7658,9,48,25700,25707,25751,7,51
7661,12,48,25700,25710,25754,10,54
7663,14,48,25700,25712,25757,12,57
7665,5,48,25733,25735,25760,2,27
7670,1,48,25750,25752,25763,2,13
7669,8,48,25743,25745,25766,2,23
7667,2,48,25738,25739,25769,1,31
7671,6,48,25750,25753,25772,3,22
7668,7,48,25738,25740,25775,2,37
7673,11,48,25750,25755,25778,5,28
7674,13,48,25750,25756,25781,6,31
7659,10,48,25700,25708,25784,8,84
7675,5,48,25767,25769,25787,2,20
7666,9,48,25733,25736,25790,3,57
7677,1,48,25775,25776,25793,1,18
7678,2,48,25775,25777,25796,2,21
7682,8,48,25786,25788,25799,2,13
7680,12,48,25775,25779,25802,4,27
7681,14,48,25775,25780,25805,5,30
7679,7,48,25775,25778,25808,3,33
7672,10,48,25750,25754,25811,4,61
7676,9,48,25767,25770,25814,3,47
7683,1,48,25800,25802,25825,2,25
7684,5,48,25800,25803,25828,3,28
7690,2,48,25812,25814,25831,2,19
7688,11,48,25800,25807,25834,7,34
7689,13,48,25800,25808,25837,8,37
7691,7,48,25812,25815,25840,3,28
7685,6,48,25800,25804,25843,4,43
7692,1,48,25825,25827,25846,2,21
7693,8,48,25829,25830,25849,1,20
7686,9,48,25800,25805,25852,5,52
7694,5,48,25833,25834,25855,1,22
7687,10,48,25800,25806,25858,6,58
7695,9,48,25833,25835,25861,2,28
7696,1,48,25850,25851,25874,1,24
7697,2,48,25850,25852,25877,2,27
7698,6,48,25850,25853,25880,3,30
7707,8,48,25871,25872,25883,1,12
7701,11,48,25850,25856,25886,6,36
7703,13,48,25850,25858,25889,8,39
7705,5,48,25867,25868,25892,1,25
7699,7,48,25850,25854,25895,4,45
7708,1,48,25875,25877,25898,2,23
7700,10,48,25850,25855,25901,5,51
7702,12,48,25850,25857,25904,7,54
7704,14,48,25850,25859,25907,9,57
7709,2,48,25888,25889,25910,1,22
7710,7,48,25888,25890,25913,2,25
7706,9,48,25867,25869,25916,2,49
7711,1,48,25900,25902,25925,2,25
7712,5,48,25900,25903,25928,3,28
7718,8,48,25914,25916,25931,2,17
7713,6,48,25900,25904,25934,4,34
7716,11,48,25900,25907,25937,7,37
7717,13,48,25900,25908,25940,8,40
7719,1,48,25925,25927,25943,2,18
7720,2,48,25925,25928,25946,3,21
7721,7,48,25925,25929,25950,4,25
7714,9,48,25900,25905,25953,5,53
7722,12,48,25925,25930,25956,5,31
7723,14,48,25925,25931,25959,6,34
7724,5,48,25933,25934,25962,1,29
7715,10,48,25900,25906,25965,6,65
7726,1,48,25950,25951,25968,1,18
7727,6,48,25950,25952,25974,2,24
7731,8,48,25957,25958,25977,1,20
7732,2,48,25962,25964,25980,2,18
7733,7,48,25962,25965,25983,3,21
7734,5,48,25967,25969,25986,2,19
7729,11,48,25950,25954,25989,4,39
7736,1,48,25975,25976,25992,1,17
7730,13,48,25950,25955,25995,5,45
7725,9,48,25933,25935,25998,2,65
7728,10,48,25950,25953,26001,3,51
7735,9,48,25967,25970,26004,3,37
7737,1,48,26000,26001,26024,1,24
7738,2,48,26000,26002,26027,2,27
7739,5,48,26000,26003,26030,3,30
7742,8,48,26000,26006,26033,6,33
7745,11,48,26000,26009,26036,9,36
7747,13,48,26000,26011,26039,11,39
7740,6,48,26000,26004,26042,4,42
7741,7,48,26000,26005,26045,5,45
7749,1,48,26025,26027,26048,2,23
7743,9,48,26000,26007,26051,7,51
7746,12,48,26000,26010,26054,10,54
7748,14,48,26000,26012,26057,12,57
7750,5,48,26033,26035,26060,2,27
7755,1,48,26050,26052,26063,2,13
7754,8,48,26043,26045,26066,2,23
7752,2,48,26038,26039,26069,1,31
7756,6,48,26050,26053,26072,3,22
7753,7,48,26038,26040,26075,2,37
7758,11,48,26050,26055,26078,5,28
7759,13,48,26050,26056,26081,6,31
7744,10,48,26000,26008,26084,8,84
7760,5,48,26067,26069,26087,2,20
7751,9,48,26033,26036,26090,3,57
7762,1,48,26075,26076,26093,1,18
7763,2,48,26075,26077,26096,2,21
7767,8,48,26086,26088,26099,2,13
7765,12,48,26075,26079,26102,4,27
7766,14,48,26075,26080,26105,5,30
7764,7,48,26075,26078,26108,3,33
7757,10,48,26050,26054,26111,4,61
7761,9,48,26067,26070,26114,3,47
7768,1,48,26100,26102,26125,2,25
7769,5,48,26100,26103,26128,3,28
7775,2,48,26112,26114,26131,2,19
7773,11,48,26100,26107,26134,7,34
7774,13,48,26100,26108,26137,8,37
7776,7,48,26112,26115,26140,3,28
7770,6,48,26100,26104,26143,4,43
7777,1,48,26125,26127,26146,2,21
7778,8,48,26129,26130,26149,1,20
7771,9,48,26100,26105,26152,5,52
7779,5,48,26133,26134,26155,1,22
7772,10,48,26100,26106,26158,6,58
7780,9,48,26133,26135,26161,2,28
7781,1,48,26150,26151,26174,1,24
7782,2,48,26150,26152,26177,2,27
7783,6,48,26150,26153,26180,3,30
7792,8,48,26171,26172,26183,1,12
7786,11,48,26150,26156,26186,6,36
7788,13,48,26150,26158,26189,8,39
7790,5,48,26167,26168,26192,1,25
7784,7,48,26150,26154,26195,4,45
7793,1,48,26175,26177,26198,2,23
7785,10,48,26150,26155,26201,5,51
7787,12,48,26150,26157,26204,7,54
7789,14,48,26150,26159,26207,9,57
7794,2,48,26188,26189,26210,1,22
7795,7,48,26188,26190,26213,2,25
7791,9,48,26167,26169,26216,2,49
7796,1,48,26200,26202,26225,2,25
7797,5,48,26200,26203,26228,3,28
7803,8,48,26214,26216,26231,2,17
7798,6,48,26200,26204,26234,4,34
7801,11,48,26200,26207,26237,7,37
7802,13,48,26200,26208,26240,8,40
7804,1,48,26225,26227,26243,2,18
7805,2,48,26225,26228,26246,3,21
7806,7,48,26225,26229,26250,4,25
7799,9,48,26200,26205,26253,5,53
7807,12,48,26225,26230,26256,5,31
7808,14,48,26225,26231,26259,6,34
7809,5,48,26233,26234,26262,1,29
7800,10,48,26200,26206,26265,6,65
7811,1,48,26250,26251,26268,1,18
7812,6,48,26250,26252,26274,2,24
7816,8,48,26257,26258,26277,1,20
7817,2,48,26262,26264,26280,2,18
7818,7,48,26262,26265,26283,3,21
7819,5,48,26267,26269,26286,2,19
7814,11,48,26250,26254,26289,4,39
7821,1,48,26275,26276,26292,1,17
7815,13,48,26250,26255,26295,5,45
7810,9,48,26233,26235,26298,2,65
7813,10,48,26250,26253,26301,3,51
7820,9,48,26267,26270,26304,3,37
7822,1,48,26300,26301,26324,1,24
7823,2,48,26300,26302,26327,2,27
7824,5,48,26300,26303,26330,3,30
7827,8,48,26300,26306,26333,6,33
7830,11,48,26300,26309,26336,9,36
7832,13,48,26300,26311,26339,11,39
7825,6,48,26300,26304,26342,4,42
7826,7,48,26300,26305,26345,5,45
7834,1,48,26325,26327,26348,2,23
7828,9,48,26300,26307,26351,7,51
7831,12,48,26300,26310,26354,10,54
7833,14,48,26300,26312,26357,12,57
7835,5,48,26333,26335,26360,2,27
7840,1,48,26350,26352,26363,2,13
7839,8,48,26343,26345,26366,2,23
7837,2,48,26338,26339,26369,1,31
7841,6,48,26350,26353,26372,3,22
7838,7,48,26338,26340,26375,2,37
7843,11,48,26350,26355,26378,5,28
7844,13,48,26350,26356,26381,6,31
7829,10,48,26300,26308,26384,8,84
7845,5,48,26367,26369,26387,2,20
7836,9,48,26333,26336,26390,3,57
7847,1,48,26375,26376,26393,1,18
7848,2,48,26375,26377,26396,2,21
7852,8,48,26386,26388,26399,2,13
7850,12,48,26375,26379,26402,4,27
7851,14,48,26375,26380,26405,5,30
7849,7,48,26375,26378,26408,3,33
7842,10,48,26350,26354,26411,4,61
7846,9,48,26367,26370,26414,3,47
7853,1,48,26400,26402,26425,2,25
7854,5,48,26400,26403,26428,3,28
7860,2,48,26412,26414,26431,2,19
7858,11,48,26400,26407,26434,7,34
7859,13,48,26400,26408,26437,8,37
7861,7,48,26412,26415,26440,3,28
7855,6,48,26400,26404,26443,4,43
7862,1,48,26425,26427,26446,2,21
7863,8,48,26429,26430,26449,1,20
7856,9,48,26400,26405,26452,5,52
7864,5,48,26433,26434,26455,1,22
7857,10,48,26400,26406,26458,6,58
7865,9,48,26433,26435,26461,2,28
7866,1,48,26450,26451,26474,1,24
7867,2,48,26450,26452,26477,2,27
7868,6,48,26450,26453,26480,3,30
7877,8,48,26471,26472,26483,1,12
7871,11,48,26450,26456,26486,6,36
7873,13,48,26450,26458,26489,8,39
7875,5,48,26467,26468,26492,1,25
7869,7,48,26450,26454,26495,4,45
7878,1,48,26475,26477,26498,2,23
7870,10,48,26450,26455,26501,5,51
7872,12,48,26450,26457,26504,7,54
7874,14,48,26450,26459,26507,9,57
7879,2,48,26488,26489,26510,1,22
7880,7,48,26488,26490,26513,2,25
7876,9,48,26467,26469,26516,2,49
7881,1,48,26500,26502,26525,2,25
7882,5,48,26500,26503,26528,3,28
7888,8,48,26514,26516,26531,2,17
7883,6,48,26500,26504,26534,4,34
7886,11,48,26500,26507,26537,7,37
7887,13,48,26500,26508,26540,8,40
7889,1,48,26525,26527,26543,2,18
7890,2,48,26525,26528,26546,3,21
7891,7,48,26525,26529,26550,4,25
7884,9,48,26500,26505,26553,5,53
7892,12,48,26525,26530,26556,5,31
7893,14,48,26525,26531,26559,6,34
7894,5,48,26533,26534,26562,1,29
7885,10,48,26500,26506,26565,6,65
7896,1,48,26550,26551,26568,1,18
7897,6,48,26550,26552,26574,2,24
7901,8,48,26557,26558,26577,1,20
7902,2,48,26562,26564,26580,2,18
7903,7,48,26562,26565,26583,3,21
7904,5,48,26567,26569,26586,2,19
7899,11,48,26550,26554,26589,4,39
7906,1,48,26575,26576,26592,1,17
7900,13,48,26550,26555,26595,5,45
7895,9,48,26533,26535,26598,2,65
7898,10,48,26550,26553,26601,3,51
7905,9,48,26567,26570,26604,3,37
7907,1,48,26600,26601,26624,1,24
7908,2,48,26600,26602,26627,2,27
7909,5,48,26600,26603,26630,3,30
7912,8,48,26600,26606,26633,6,33
7915,11,48,26600,26609,26636,9,36
7917,13,48,26600,26611,26639,11,39
7910,6,48,26600,26604,26642,4,42
7911,7,48,26600,26605,26645,5,45
7919,1,48,26625,26627,26648,2,23
7913,9,48,26600,26607,26651,7,51
7916,12,48,26600,26610,26654,10,54
7918,14,48,26600,26612,26657,12,57
7920,5,48,26633,26635,26660,2,27
7925,1,48,26650,26652,26663,2,13
7924,8,48,26643,26645,26666,2,23
7922,2,48,26638,26639,26669,1,31
7926,6,48,26650,26653,26672,3,22
7923,7,48,26638,26640,26675,2,37
7928,11,48,26650,26655,26678,5,28
7929,13,48,26650,26656,26681,6,31
7914,10,48,26600,26608,26684,8,84
7930,5,48,26667,26669,26687,2,20
7921,9,48,26633,26636,26690,3,57
7932,1,48,26675,26676,26693,1,18
7933,2,48,26675,26677,26696,2,21
7937,8,48,26686,26688,26699,2,13
7935,12,48,26675,26679,26702,4,27
7936,14,48,26675,26680,26705,5,30
7934,7,48,26675,26678,26708,3,33
7927,10,48,26650,26654,26711,4,61
7931,9,48,26667,26670,26714,3,47
7938,1,48,26700,26702,26725,2,25
7939,5,48,26700,26703,26728,3,28
7945,2,48,26712,26714,26731,2,19
7943,11,48,26700,26707,26734,7,34
7944,13,48,26700,26708,26737,8,37
7946,7,48,26712,26715,26740,3,28
7940,6,48,26700,26704,26743,4,43
7947,1,48,26725,26727,26746,2,21
7948,8,48,26729,26730,26749,1,20
7941,9,48,26700,26705,26752,5,52
7949,5,48,26733,26734,26755,1,22
7942,10,48,26700,26706,26758,6,58
7950,9,48,26733,26735,26761,2,28
7951,1,48,26750,26751,26774,1,24
7952,2,48,26750,26752,26777,2,27
7953,6,48,26750,26753,26780,3,30
7962,8,48,26771,26772,26783,1,12
7956,11,48,26750,26756,26786,6,36
7958,13,48,26750,26758,26789,8,39
7960,5,48,26767,26768,26792,1,25
7954,7,48,26750,26754,26795,4,45
7963,1,48,26775,26777,26798,2,23
7955,10,48,26750,26755,26801,5,51
7957,12,48,26750,26757,26804,7,54
7959,14,48,26750,26759,26807,9,57
7964,2,48,26788,26789,26810,1,22
7965,7,48,26788,26790,26813,2,25
7961,9,48,26767,26769,26816,2,49
7966,1,48,26800,26802,26825,2,25
7967,5,48,26800,26803,26828,3,28
7973,8,48,26814,26816,26831,2,17
7968,6,48,26800,26804,26834,4,34
7971,11,48,26800,26807,26837,7,37
7972,13,48,26800,26808,26840,8,40
7974,1,48,26825,26827,26843,2,18
7975,2,48,26825,26828,26846,3,21
7976,7,48,26825,26829,26850,4,25
7969,9,48,26800,26805,26853,5,53
7977,12,48,26825,26830,26856,5,31
7978,14,48,26825,26831,26859,6,34
7979,5,48,26833,26834,26862,1,29
7970,10,48,26800,26806,26865,6,65
7981,1,48,26850,26851,26868,1,18
7982,6,48,26850,26852,26874,2,24
7986,8,48,26857,26858,26877,1,20
7987,2,48,26862,26864,26880,2,18
7988,7,48,26862,26865,26883,3,21
7989,5,48,26867,26869,26886,2,19
7984,11,48,26850,26854,26889,4,39
7991,1,48,26875,26876,26892,1,17
7985,13,48,26850,26855,26895,5,45
7980,9,48,26833,26835,26898,2,65
7983,10,48,26850,26853,26901,3,51
7990,9,48,26867,26870,26904,3,37
7992,1,48,26900,26901,26924,1,24
7993,2,48,26900,26902,26927,2,27
7994,5,48,26900,26903,26930,3,30
7997,8,48,26900,26906,26933,6,33
8000,11,48,26900,26909,26936,9,36
8002,13,48,26900,26911,26939,11,39
7995,6,48,26900,26904,26942,4,42
7996,7,48,26900,26905,26945,5,45
8004,1,48,26925,26927,26948,2,23
7998,9,48,26900,26907,26951,7,51
8001,12,48,26900,26910,26954,10,54
8003,14,48,26900,26912,26957,12,57
8005,5,48,26933,26935,26960,2,27
8010,1,48,26950,26952,26963,2,13
8009,8,48,26943,26945,26966,2,23
8007,2,48,26938,26939,26969,1,31
8011,6,48,26950,26953,26972,3,22
8008,7,48,26938,26940,26975,2,37
8013,11,48,26950,26955,26978,5,28
8014,13,48,26950,26956,26981,6,31
7999,10,48,26900,26908,26984,8,84
8015,5,48,26967,26969,26987,2,20
8006,9,48,26933,26936,26990,3,57
8017,1,48,26975,26976,26993,1,18
8018,2,48,26975,26977,26996,2,21
8022,8,48,26986,26988,26999,2,13
8020,12,48,26975,26979,27002,4,27
8021,14,48,26975,26980,27005,5,30
8019,7,48,26975,26978,27008,3,33
8012,10,48,26950,26954,27011,4,61
8016,9,48,26967,26970,27014,3,47
8023,1,48,27000,27002,27025,2,25
8024,5,48,27000,27003,27028,3,28
8030,2,48,27012,27014,27031,2,19
8028,11,48,27000,27007,27034,7,34
8029,13,48,27000,27008,27037,8,37
8031,7,48,27012,27015,27040,3,28
8025,6,48,27000,27004,27043,4,43
8032,1,48,27025,27027,27046,2,21
8033,8,48,27029,27030,27049,1,20
8026,9,48,27000,27005,27052,5,52
8034,5,48,27033,27034,27055,1,22
8027,10,48,27000,27006,27058,6,58
8035,9,48,27033,27035,27061,2,28
8036,1,48,27050,27051,27074,1,24
8037,2,48,27050,27052,27077,2,27
8038,6,48,27050,27053,27080,3,30
8047,8,48,27071,27072,27083,1,12
8041,11,48,27050,27056,27086,6,36
8043,13,48,27050,27058,27089,8,39
8045,5,48,27067,27068,27092,1,25
8039,7,48,27050,27054,27095,4,45
8048,1,48,27075,27077,27098,2,23
8040,10,48,27050,27055,27101,5,51
8042,12,48,27050,27057,27104,7,54
8044,14,48,27050,27059,27107,9,57
8049,2,48,27088,27089,27110,1,22
8050,7,48,27088,27090,27113,2,25
8046,9,48,27067,27069,27116,2,49
8051,1,48,27100,27102,27125,2,25
8052,5,48,27100,27103,27128,3,28
8058,8,48,27114,27116,27131,2,17
8053,6,48,27100,27104,27134,4,34
8056,11,48,27100,27107,27137,7,37
8057,13,48,27100,27108,27140,8,40
8059,1,48,27125,27127,27143,2,18
8060,2,48,27125,27128,27146,3,21
8061,7,48,27125,27129,27150,4,25
8054,9,48,27100,27105,27153,5,53
8062,12,48,27125,27130,27156,5,31
8063,14,48,27125,27131,27159,6,34
8064,5,48,27133,27134,27162,1,29
8055,10,48,27100,27106,27165,6,65
8066,1,48,27150,27151,27168,1,18
8067,6,48,27150,27152,27174,2,24
8071,8,48,27157,27158,27177,1,20
8072,2,48,27162,27164,27180,2,18
8073,7,48,27162,27165,27183,3,21
8074,5,48,27167,27169,27186,2,19
8069,11,48,27150,27154,27189,4,39
8076,1,48,27175,27176,27192,1,17
8070,13,48,27150,27155,27195,5,45
8065,9,48,27133,27135,27198,2,65
8068,10,48,27150,27153,27201,3,51
8075,9,48,27167,27170,27204,3,37
8077,1,48,27200,27201,27224,1,24
8078,2,48,27200,27202,27227,2,27
8079,5,48,27200,27203,27230,3,30
8082,8,48,27200,27206,27233,6,33
8085,11,48,27200,27209,27236,9,36
8087,13,48,27200,27211,27239,11,39
8080,6,48,27200,27204,27242,4,42
8081,7,48,27200,27205,27245,5,45
8089,1,48,27225,27227,27248,2,23
8083,9,48,27200,27207,27251,7,51
8086,12,48,27200,27210,27254,10,54
8088,14,48,27200,27212,27257,12,57
8090,5,48,27233,27235,27260,2,27
8095,1,48,27250,27252,27263,2,13
8094,8,48,27243,27245,27266,2,23
8092,2,48,27238,27239,27269,1,31
8096,6,48,27250,27253,27272,3,22
8093,7,48,27238,27240,27275,2,37
8098,11,48,27250,27255,27278,5,28
8099,13,48,27250,27256,27281,6,31
8084,10,48,27200,27208,27284,8,84
8100,5,48,27267,27269,27287,2,20
8091,9,48,27233,27236,27290,3,57
8102,1,48,27275,27276,27293,1,18
8103,2,48,27275,27277,27296,2,21
8107,8,48,27286,27288,27299,2,13
8105,12,48,27275,27279,27302,4,27
8106,14,48,27275,27280,27305,5,30
8104,7,48,27275,27278,27308,3,33
8097,10,48,27250,27254,27311,4,61
8101,9,48,27267,27270,27314,3,47
8108,1,48,27300,27302,27325,2,25
8109,5,48,27300,27303,27328,3,28
8115,2,48,27312,27314,27331,2,19
8113,11,48,27300,27307,27334,7,34
8114,13,48,27300,27308,27337,8,37
8116,7,48,27312,27315,27340,3,28
8110,6,48,27300,27304,27343,4,43
8117,1,48,27325,27327,27346,2,21
8118,8,48,27329,27330,27349,1,20
8111,9,48,27300,27305,27352,5,52
8119,5,48,27333,27334,27355,1,22
8112,10,48,27300,27306,27358,6,58
8120,9,48,27333,27335,27361,2,28
8121,1,48,27350,27351,27374,1,24
8122,2,48,27350,27352,27377,2,27
8123,6,48,27350,27353,27380,3,30
8132,8,48,27371,27372,27383,1,12
8126,11,48,27350,27356,27386,6,36
8128,13,48,27350,27358,27389,8,39
8130,5,48,27367,27368,27392,1,25
8124,7,48,27350,27354,27395,4,45
8133,1,48,27375,27377,27398,2,23
8125,10,48,27350,27355,27401,5,51
8127,12,48,27350,27357,27404,7,54
8129,14,48,27350,27359,27407,9,57
8134,2,48,27388,27389,27410,1,22
8135,7,48,27388,27390,27413,2,25
8131,9,48,27367,27369,27416,2,49
8136,1,48,27400,27402,27425,2,25
8137,5,48,27400,27403,27428,3,28
8143,8,48,27414,27416,27431,2,17
8138,6,48,27400,27404,27434,4,34
8141,11,48,27400,27407,27437,7,37
8142,13,48,27400,27408,27440,8,40
8144,1,48,27425,27427,27443,2,18
8145,2,48,27425,27428,27446,3,21
8146,7,48,27425,27429,27450,4,25
8139,9,48,27400,27405,27453,5,53
8147,12,48,27425,27430,27456,5,31
8148,14,48,27425,27431,27459,6,34
8149,5,48,27433,27434,27462,1,29
8140,10,48,27400,27406,27465,6,65
8151,1,48,27450,27451,27468,1,18
8152,6,48,27450,27452,27474,2,24
8156,8,48,27457,27458,27477,1,20
8157,2,48,27462,27464,27480,2,18
8158,7,48,27462,27465,27483,3,21
8159,5,48,27467,27469,27486,2,19
8154,11,48,27450,27454,27489,4,39
8161,1,48,27475,27476,27492,1,17
8155,13,48,27450,27455,27495,5,45
8150,9,48,27433,27435,27498,2,65
8153,10,48,27450,27453,27501,3,51
8160,9,48,27467,27470,27504,3,37
8162,1,48,27500,27501,27524,1,24
8163,2,48,27500,27502,27527,2,27
8164,5,48,27500,27503,27530,3,30
8167,8,48,27500,27506,27533,6,33
8170,11,48,27500,27509,27536,9,36
8172,13,48,27500,27511,27539,11,39
8165,6,48,27500,27504,27542,4,42
8166,7,48,27500,27505,27545,5,45
8174,1,48,27525,27527,27548,2,23
8168,9,48,27500,27507,27551,7,51
8171,12,48,27500,27510,27554,10,54
8173,14,48,27500,27512,27557,12,57
8175,5,48,27533,27535,27560,2,27
8180,1,48,27550,27552,27563,2,13
8179,8,48,27543,27545,27566,2,23
8177,2,48,27538,27539,27569,1,31
8181,6,48,27550,27553,27572,3,22
8178,7,48,27538,27540,27575,2,37
8183,11,48,27550,27555,27578,5,28
8184,13,48,27550,27556,27581,6,31
8169,10,48,27500,27508,27584,8,84
8185,5,48,27567,27569,27587,2,20
8176,9,48,27533,27536,27590,3,57
8187,1,48,27575,27576,27593,1,18
8188,2,48,27575,27577,27596,2,21
8192,8,48,27586,27588,27599,2,13
8190,12,48,27575,27579,27602,4,27
8191,14,48,27575,27580,27605,5,30
8189,7,48,27575,27578,27608,3,33
8182,10,48,27550,27554,27611,4,61
8186,9,48,27567,27570,27614,3,47
8193,1,48,27600,27602,27625,2,25
8194,5,48,27600,27603,27628,3,28
8200,2,48,27612,27614,27631,2,19
8198,11,48,27600,27607,27634,7,34
8199,13,48,27600,27608,27637,8,37
8201,7,48,27612,27615,27640,3,28
8195,6,48,27600,27604,27643,4,43
8202,1,48,27625,27627,27646,2,21
8203,8,48,27629,27630,27649,1,20
8196,9,48,27600,27605,27652,5,52
8204,5,48,27633,27634,27655,1,22
8197,10,48,27600,27606,27658,6,58
8205,9,48,27633,27635,27661,2,28
8206,1,48,27650,27651,27674,1,24
8207,2,48,27650,27652,27677,2,27
8208,6,48,27650,27653,27680,3,30
8217,8,48,27671,27672,27683,1,12
8211,11,48,27650,27656,27686,6,36
8213,13,48,27650,27658,27689,8,39
8215,5,48,27667,27668,27692,1,25
8209,7,48,27650,27654,27695,4,45
8218,1,48,27675,27677,27698,2,23
8210,10,48,27650,27655,27701,5,51
8212,12,48,27650,27657,27704,7,54
8214,14,48,27650,27659,27707,9,57
8219,2,48,27688,27689,27710,1,22
8220,7,48,27688,27690,27713,2,25
8216,9,48,27667,27669,27716,2,49
8221,1,48,27700,27702,27725,2,25
8222,5,48,27700,27703,27728,3,28
8228,8,48,27714,27716,27731,2,17
8223,6,48,27700,27704,27734,4,34
8226,11,48,27700,27707,27737,7,37
8227,13,48,27700,27708,27740,8,40
8229,1,48,27725,27727,27743,2,18
8230,2,48,27725,27728,27746,3,21
8231,7,48,27725,27729,27750,4,25
8224,9,48,27700,27705,27753,5,53
8232,12,48,27725,27730,27756,5,31
8233,14,48,27725,27731,27759,6,34
8234,5,48,27733,27734,27762,1,29
8225,10,48,27700,27706,27765,6,65
8236,1,48,27750,27751,27768,1,18
8237,6,48,27750,27752,27774,2,24
8241,8,48,27757,27758,27777,1,20
8242,2,48,27762,27764,27780,2,18
8243,7,48,27762,27765,27783,3,21
8244,5,48,27767,27769,27786,2,19
8239,11,48,27750,27754,27789,4,39
8246,1,48,27775,27776,27792,1,17
8240,13,48,27750,27755,27795,5,45
8235,9,48,27733,27735,27798,2,65
8238,10,48,27750,27753,27801,3,51
8245,9,48,27767,27770,27804,3,37
8247,1,48,27800,27801,27824,1,24
8248,2,48,27800,27802,27827,2,27
8249,5,48,27800,27803,27830,3,30
8252,8,48,27800,27806,27833,6,33
8255,11,48,27800,27809,27836,9,36
8257,13,48,27800,27811,27839,11,39
8250,6,48,27800,27804,27842,4,42
8251,7,48,27800,27805,27845,5,45
8259,1,48,27825,27827,27848,2,23
8253,9,48,27800,27807,27851,7,51
8256,12,48,27800,27810,27854,10,54
8258,14,48,27800,27812,27857,12,57
8260,5,48,27833,27835,27860,2,27
8265,1,48,27850,27852,27863,2,13
8264,8,48,27843,27845,27866,2,23
8262,2,48,27838,27839,27869,1,31
8266,6,48,27850,27853,27872,3,22
8263,7,48,27838,27840,27875,2,37
8268,11,48,27850,27855,27878,5,28
8269,13,48,27850,27856,27881,6,31
8254,10,48,27800,27808,27884,8,84
8270,5,48,27867,27869,27887,2,20
8261,9,48,27833,27836,27890,3,57
8272,1,48,27875,27876,27893,1,18
8273,2,48,27875,27877,27896,2,21
8277,8,48,27886,27888,27899,2,13
8275,12,48,27875,27879,27902,4,27
8276,14,48,27875,27880,27905,5,30
8274,7,48,27875,27878,27908,3,33
8267,10,48,27850,27854,27911,4,61
8271,9,48,27867,27870,27914,3,47
8278,1,48,27900,27902,27925,2,25
8279,5,48,27900,27903,27928,3,28
8285,2,48,27912,27914,27931,2,19
8283,11,48,27900,27907,27934,7,34
8284,13,48,27900,27908,27937,8,37
8286,7,48,27912,27915,27940,3,28
8280,6,48,27900,27904,27943,4,43
8287,1,48,27925,27927,27946,2,21
8288,8,48,27929,27930,27949,1,20
8281,9,48,27900,27905,27952,5,52
8289,5,48,27933,27934,27955,1,22
8282,10,48,27900,27906,27958,6,58
8290,9,48,27933,27935,27961,2,28
8291,1,48,27950,27951,27974,1,24
8292,2,48,27950,27952,27977,2,27
8293,6,48,27950,27953,27980,3,30
8302,8,48,27971,27972,27983,1,12
8296,11,48,27950,27956,27986,6,36
8298,13,48,27950,27958,27989,8,39
8300,5,48,27967,27968,27992,1,25
8294,7,48,27950,27954,27995,4,45
8303,1,48,27975,27977,27998,2,23
8295,10,48,27950,27955,28001,5,51
8297,12,48,27950,27957,28004,7,54
8299,14,48,27950,27959,28007,9,57
8304,2,48,27988,27989,28010,1,22
8305,7,48,27988,27990,28013,2,25
8301,9,48,27967,27969,28016,2,49
8306,1,48,28000,28002,28025,2,25
8307,5,48,28000,28003,28028,3,28
8313,8,48,28014,28016,28031,2,17
8308,6,48,28000,28004,28034,4,34
8311,11,48,28000,28007,28037,7,37
8312,13,48,28000,28008,28040,8,40
8314,1,48,28025,28027,28043,2,18
8315,2,48,28025,28028,28046,3,21
8316,7,48,28025,28029,28050,4,25
8309,9,48,28000,28005,28053,5,53
8317,12,48,28025,28030,28056,5,31
8318,14,48,28025,28031,28059,6,34
8319,5,48,28033,28034,28062,1,29
8310,10,48,28000,28006,28065,6,65
8321,1,48,28050,28051,28068,1,18
8322,6,48,28050,28052,28074,2,24
8326,8,48,28057,28058,28077,1,20
8327,2,48,28062,28064,28080,2,18
8328,7,48,28062,28065,28083,3,21
8329,5,48,28067,28069,28086,2,19
8324,11,48,28050,28054,28089,4,39
8331,1,48,28075,28076,28092,1,17
8325,13,48,28050,28055,28095,5,45
8320,9,48,28033,28035,28098,2,65
8323,10,48,28050,28053,28101,3,51
8330,9,48,28067,28070,28104,3,37
8332,1,48,28100,28101,28124,1,24
8333,2,48,28100,28102,28127,2,27
8334,5,48,28100,28103,28130,3,30
8337,8,48,28100,28106,28133,6,33
8340,11,48,28100,28109,28136,9,36
8342,13,48,28100,28111,28139,11,39
8335,6,48,28100,28104,28142,4,42
8336,7,48,28100,28105,28145,5,45
8344,1,48,28125,28127,28148,2,23
8338,9,48,28100,28107,28151,7,51
8341,12,48,28100,28110,28154,10,54
8343,14,48,28100,28112,28157,12,57
8345,5,48,28133,28135,28160,2,27
8350,1,48,28150,28152,28163,2,13
8349,8,48,28143,28145,28166,2,23
8347,2,48,28138,28139,28169,1,31
8351,6,48,28150,28153,28172,3,22
8348,7,48,28138,28140,28175,2,37
8353,11,48,28150,28155,28178,5,28
8354,13,48,28150,28156,28181,6,31
8339,10,48,28100,28108,28184,8,84
8355,5,48,28167,28169,28187,2,20
8346,9,48,28133,28136,28190,3,57
8357,1,48,28175,28176,28193,1,18
8358,2,48,28175,28177,28196,2,21
8362,8,48,28186,28188,28199,2,13
8360,12,48,28175,28179,28202,4,27
8361,14,48,28175,28180,28205,5,30
8359,7,48,28175,28178,28208,3,33
8352,10,48,28150,28154,28211,4,61
8356,9,48,28167,28170,28214,3,47
8363,1,48,28200,28202,28225,2,25
8364,5,48,28200,28203,28228,3,28
8370,2,48,28212,28214,28231,2,19
8368,11,48,28200,28207,28234,7,34
8369,13,48,28200,28208,28237,8,37
8371,7,48,28212,28215,28240,3,28
8365,6,48,28200,28204,28243,4,43
8372,1,48,28225,28227,28246,2,21
8373,8,48,28229,28230,28249,1,20
8366,9,48,28200,28205,28252,5,52
8374,5,48,28233,28234,28255,1,22
8367,10,48,28200,28206,28258,6,58
8375,9,48,28233,28235,28261,2,28
8376,1,48,28250,28251,28274,1,24
8377,2,48,28250,28252,28277,2,27
8378,6,48,28250,28253,28280,3,30
8387,8,48,28271,28272,28283,1,12
8381,11,48,28250,28256,28286,6,36
8383,13,48,28250,28258,28289,8,39
8385,5,48,28267,28268,28292,1,25
8379,7,48,28250,28254,28295,4,45
8388,1,48,28275,28277,28298,2,23
8380,10,48,28250,28255,28301,5,51
8382,12,48,28250,28257,28304,7,54
8384,14,48,28250,28259,28307,9,57
8389,2,48,28288,28289,28310,1,22
8390,7,48,28288,28290,28313,2,25
8386,9,48,28267,28269,28316,2,49
8391,1,48,28300,28302,28325,2,25
8392,5,48,28300,28303,28328,3,28
8398,8,48,28314,28316,28331,2,17
8393,6,48,28300,28304,28334,4,34
8396,11,48,28300,28307,28337,7,37
8397,13,48,28300,28308,28340,8,40
8399,1,48,28325,28327,28343,2,18
8400,2,48,28325,28328,28346,3,21
8401,7,48,28325,28329,28350,4,25
8394,9,48,28300,28305,28353,5,53
8402,12,48,28325,28330,28356,5,31
8403,14,48,28325,28331,28359,6,34
8404,5,48,28333,28334,28362,1,29
8395,10,48,28300,28306,28365,6,65
8406,1,48,28350,28351,28368,1,18
8407,6,48,28350,28352,28374,2,24
8411,8,48,28357,28358,28377,1,20
8412,2,48,28362,28364,28380,2,18
8413,7,48,28362,28365,28383,3,21
8414,5,48,28367,28369,28386,2,19
8409,11,48,28350,28354,28389,4,39
8416,1,48,28375,28376,28392,1,17
8410,13,48,28350,28355,28395,5,45
8405,9,48,28333,28335,28398,2,65
8408,10,48,28350,28353,28401,3,51
8415,9,48,28367,28370,28404,3,37
8417,1,48,28400,28401,28424,1,24
8418,2,48,28400,28402,28427,2,27
8419,5,48,28400,28403,28430,3,30
8422,8,48,28400,28406,28433,6,33
8425,11,48,28400,28409,28436,9,36
8427,13,48,28400,28411,28439,11,39
8420,6,48,28400,28404,28442,4,42
8421,7,48,28400,28405,28445,5,45
8429,1,48,28425,28427,28448,2,23
8423,9,48,28400,28407,28451,7,51
8426,12,48,28400,28410,28454,10,54
8428,14,48,28400,28412,28457,12,57
8430,5,48,28433,28435,28460,2,27
8435,1,48,28450,28452,28463,2,13
8434,8,48,28443,28445,28466,2,23
8432,2,48,28438,28439,28469,1,31
8436,6,48,28450,28453,28472,3,22
8433,7,48,28438,28440,28475,2,37
8438,11,48,28450,28455,28478,5,28
8439,13,48,28450,28456,28481,6,31
8424,10,48,28400,28408,28484,8,84
8440,5,48,28467,28469,28487,2,20
8431,9,48,28433,28436,28490,3,57
8442,1,48,28475,28476,28493,1,18
8443,2,48,28475,28477,28496,2,21
8447,8,48,28486,28488,28499,2,13
8445,12,48,28475,28479,28502,4,27
8446,14,48,28475,28480,28505,5,30
8444,7,48,28475,28478,28508,3,33
8437,10,48,28450,28454,28511,4,61
8441,9,48,28467,28470,28514,3,47
8448,1,48,28500,28502,28525,2,25
8449,5,48,28500,28503,28528,3,28
8455,2,48,28512,28514,28531,2,19
8453,11,48,28500,28507,28534,7,34
8454,13,48,28500,28508,28537,8,37
8456,7,48,28512,28515,28540,3,28
8450,6,48,28500,28504,28543,4,43
8457,1,48,28525,28527,28546,2,21
8458,8,48,28529,28530,28549,1,20
8451,9,48,28500,28505,28552,5,52
8459,5,48,28533,28534,28555,1,22
8452,10,48,28500,28506,28558,6,58
8460,9,48,28533,28535,28561,2,28
8461,1,48,28550,28551,28574,1,24
8462,2,48,28550,28552,28577,2,27
8463,6,48,28550,28553,28580,3,30
8472,8,48,28571,28572,28583,1,12
8466,11,48,28550,28556,28586,6,36
8468,13,48,28550,28558,28589,8,39
8470,5,48,28567,28568,28592,1,25
8464,7,48,28550,28554,28595,4,45
8473,1,48,28575,28577,28598,2,23
8465,10,48,28550,28555,28601,5,51
8467,12,48,28550,28557,28604,7,54
8469,14,48,28550,28559,28607,9,57
8474,2,48,28588,28589,28610,1,22
8475,7,48,28588,28590,28613,2,25
8471,9,48,28567,28569,28616,2,49
8476,1,48,28600,28602,28625,2,25
8477,5,48,28600,28603,28628,3,28
8483,8,48,28614,28616,28631,2,17
8478,6,48,28600,28604,28634,4,34
8481,11,48,28600,28607,28637,7,37
8482,13,48,28600,28608,28640,8,40
8484,1,48,28625,28627,28643,2,18
8485,2,48,28625,28628,28646,3,21
8486,7,48,28625,28629,28650,4,25
8479,9,48,28600,28605,28653,5,53
8487,12,48,28625,28630,28656,5,31
8488,14,48,28625,28631,28659,6,34
8489,5,48,28633,28634,28662,1,29
8480,10,48,28600,28606,28665,6,65
8491,1,48,28650,28651,28668,1,18
8492,6,48,28650,28652,28674,2,24
8496,8,48,28657,28658,28677,1,20
8497,2,48,28662,28664,28680,2,18
8498,7,48,28662,28665,28683,3,21
8499,5,48,28667,28669,28686,2,19
8494,11,48,28650,28654,28689,4,39
8501,1,48,28675,28676,28692,1,17
8495,13,48,28650,28655,28695,5,45
8490,9,48,28633,28635,28698,2,65
8493,10,48,28650,28653,28701,3,51
8500,9,48,28667,28670,28704,3,37
8502,1,48,28700,28701,28724,1,24
8503,2,48,28700,28702,28727,2,27
8504,5,48,28700,28703,28730,3,30
8507,8,48,28700,28706,28733,6,33
8510,11,48,28700,28709,28736,9,36
8512,13,48,28700,28711,28739,11,39
8505,6,48,28700,28704,28742,4,42
8506,7,48,28700,28705,28745,5,45
8514,1,48,28725,28727,28748,2,23
8508,9,48,28700,28707,28751,7,51
8511,12,48,28700,28710,28754,10,54
8513,14,48,28700,28712,28757,12,57
8515,5,48,28733,28735,28760,2,27
8520,1,48,28750,28752,28763,2,13
8519,8,48,28743,28745,28766,2,23
8517,2,48,28738,28739,28769,1,31
8521,6,48,28750,28753,28772,3,22
8518,7,48,28738,28740,28775,2,37
8523,11,48,28750,28755,28778,5,28
8524,13,48,28750,28756,28781,6,31
8509,10,48,28700,28708,28784,8,84
8525,5,48,28767,28769,28787,2,20
8516,9,48,28733,28736,28790,3,57
8527,1,48,28775,28776,28793,1,18
8528,2,48,28775,28777,28796,2,21
8532,8,48,28786,28788,28799,2,13
8530,12,48,28775,28779,28802,4,27
8531,14,48,28775,28780,28805,5,30
8529,7,48,28775,28778,28808,3,33
8522,10,48,28750,28754,28811,4,61
8526,9,48,28767,28770,28814,3,47
8533,1,48,28800,28802,28825,2,25
8534,5,48,28800,28803,28828,3,28
8540,2,48,28812,28814,28831,2,19
8538,11,48,28800,28807,28834,7,34
8539,13,48,28800,28808,28837,8,37
8541,7,48,28812,28815,28840,3,28
8535,6,48,28800,28804,28843,4,43
8542,1,48,28825,28827,28846,2,21
8543,8,48,28829,28830,28849,1,20
8536,9,48,28800,28805,28852,5,52
8544,5,48,28833,28834,28855,1,22
8537,10,48,28800,28806,28858,6,58
8545,9,48,28833,28835,28861,2,28
8546,1,48,28850,28851,28874,1,24
8547,2,48,28850,28852,28877,2,27
8548,6,48,28850,28853,28880,3,30
8557,8,48,28871,28872,28883,1,12
8551,11,48,28850,28856,28886,6,36
8553,13,48,28850,28858,28889,8,39
8555,5,48,28867,28868,28892,1,25
8549,7,48,28850,28854,28895,4,45
8558,1,48,28875,28877,28898,2,23
8550,10,48,28850,28855,28901,5,51
8552,12,48,28850,28857,28904,7,54
8554,14,48,28850,28859,28907,9,57
8559,2,48,28888,28889,28910,1,22
8560,7,48,28888,28890,28913,2,25
8556,9,48,28867,28869,28916,2,49
8561,1,48,28900,28902,28925,2,25
8562,5,48,28900,28903,28928,3,28
8568,8,48,28914,28916,28931,2,17
8563,6,48,28900,28904,28934,4,34
8566,11,48,28900,28907,28937,7,37
8567,13,48,28900,28908,28940,8,40
8569,1,48,28925,28927,28943,2,18
8570,2,48,28925,28928,28946,3,21
8571,7,48,28925,28929,28950,4,25
8564,9,48,28900,28905,28953,5,53
8572,12,48,28925,28930,28956,5,31
8573,14,48,28925,28931,28959,6,34
8574,5,48,28933,28934,28962,1,29
8565,10,48,28900,28906,28965,6,65
8576,1,48,28950,28951,28968,1,18
8577,6,48,28950,28952,28974,2,24
8581,8,48,28957,28958,28977,1,20
8582,2,48,28962,28964,28980,2,18
8583,7,48,28962,28965,28983,3,21
8584,5,48,28967,28969,28986,2,19
8579,11,48,28950,28954,28989,4,39
8586,1,48,28975,28976,28992,1,17
8580,13,48,28950,28955,28995,5,45
8575,9,48,28933,28935,28998,2,65
8578,10,48,28950,28953,29001,3,51
8585,9,48,28967,28970,29004,3,37
8587,1,48,29000,29001,29024,1,24
8588,2,48,29000,29002,29027,2,27
8589,5,48,29000,29003,29030,3,30
8592,8,48,29000,29006,29033,6,33
8595,11,48,29000,29009,29036,9,36
8597,13,48,29000,29011,29039,11,39
8590,6,48,29000,29004,29042,4,42
8591,7,48,29000,29005,29045,5,45
8599,1,48,29025,29027,29048,2,23
8593,9,48,29000,29007,29051,7,51
8596,12,48,29000,29010,29054,10,54
8598,14,48,29000,29012,29057,12,57
8600,5,48,29033,29035,29060,2,27
8605,1,48,29050,29052,29063,2,13
8604,8,48,29043,29045,29066,2,23
8602,2,48,29038,29039,29069,1,31
8606,6,48,29050,29053,29072,3,22
8603,7,48,29038,29040,29075,2,37
8608,11,48,29050,29055,29078,5,28
8609,13,48,29050,29056,29081,6,31
8594,10,48,29000,29008,29084,8,84
8610,5,48,29067,29069,29087,2,20
8601,9,48,29033,29036,29090,3,57
8612,1,48,29075,29076,29093,1,18
8613,2,48,29075,29077,29096,2,21
8617,8,48,29086,29088,29099,2,13
8615,12,48,29075,29079,29102,4,27
8616,14,48,29075,29080,29105,5,30
8614,7,48,29075,29078,29108,3,33
8607,10,48,29050,29054,29111,4,61
8611,9,48,29067,29070,29114,3,47
8618,1,48,29100,29102,29125,2,25
8619,5,48,29100,29103,29128,3,28
8625,2,48,29112,29114,29131,2,19
8623,11,48,29100,29107,29134,7,34
8624,13,48,29100,29108,29137,8,37
8626,7,48,29112,29115,29140,3,28
8620,6,48,29100,29104,29143,4,43
8627,1,48,29125,29127,29146,2,21
8628,8,48,29129,29130,29149,1,20
8621,9,48,29100,29105,29152,5,52
8629,5,48,29133,29134,29155,1,22
8622,10,48,29100,29106,29158,6,58
8630,9,48,29133,29135,29161,2,28
8631,1,48,29150,29151,29174,1,24
8632,2,48,29150,29152,29177,2,27
8633,6,48,29150,29153,29180,3,30
8642,8,48,29171,29172,29183,1,12
8636,11,48,29150,29156,29186,6,36
8638,13,48,29150,29158,29189,8,39
8640,5,48,29167,29168,29192,1,25
8634,7,48,29150,29154,29195,4,45
8643,1,48,29175,29177,29198,2,23
8635,10,48,29150,29155,29201,5,51
8637,12,48,29150,29157,29204,7,54
8639,14,48,29150,29159,29207,9,57
8644,2,48,29188,29189,29210,1,22
8645,7,48,29188,29190,29213,2,25
8641,9,48,29167,29169,29216,2,49
8646,1,48,29200,29202,29225,2,25
8647,5,48,29200,29203,29228,3,28
8653,8,48,29214,29216,29231,2,17
8648,6,48,29200,29204,29234,4,34
8651,11,48,29200,29207,29237,7,37
8652,13,48,29200,29208,29240,8,40
8654,1,48,29225,29227,29243,2,18
8655,2,48,29225,29228,29246,3,21
8656,7,48,29225,29229,29250,4,25
8649,9,48,29200,29205,29253,5,53
8657,12,48,29225,29230,29256,5,31
8658,14,48,29225,29231,29259,6,34
8659,5,48,29233,29234,29262,1,29
8650,10,48,29200,29206,29265,6,65
8661,1,48,29250,29251,29268,1,18
8662,6,48,29250,29252,29274,2,24
8666,8,48,29257,29258,29277,1,20
8667,2,48,29262,29264,29280,2,18
8668,7,48,29262,29265,29283,3,21
8669,5,48,29267,29269,29286,2,19
8664,11,48,29250,29254,29289,4,39
8671,1,48,29275,29276,29292,1,17
8665,13,48,29250,29255,29295,5,45
8660,9,48,29233,29235,29298,2,65
8663,10,48,29250,29253,29301,3,51
8670,9,48,29267,29270,29304,3,37
8672,1,48,29300,29301,29324,1,24
8673,2,48,29300,29302,29327,2,27
8674,5,48,29300,29303,29330,3,30
8677,8,48,29300,29306,29333,6,33
8680,11,48,29300,29309,29336,9,36
8682,13,48,29300,29311,29339,11,39
8675,6,48,29300,29304,29342,4,42
8676,7,48,29300,29305,29345,5,45
8684,1,48,29325,29327,29348,2,23
8678,9,48,29300,29307,29351,7,51
8681,12,48,29300,29310,29354,10,54
8683,14,48,29300,29312,29357,12,57
8685,5,48,29333,29335,29360,2,27
8690,1,48,29350,29352,29363,2,13
8689,8,48,29343,29345,29366,2,23
8687,2,48,29338,29339,29369,1,31
8691,6,48,29350,29353,29372,3,22
8688,7,48,29338,29340,29375,2,37
8693,11,48,29350,29355,29378,5,28
8694,13,48,29350,29356,29381,6,31
8679,10,48,29300,29308,29384,8,84
8695,5,48,29367,29369,29387,2,20
8686,9,48,29333,29336,29390,3,57
8697,1,48,29375,29376,29393,1,18
8698,2,48,29375,29377,29396,2,21
8702,8,48,29386,29388,29399,2,13
8700,12,48,29375,29379,29402,4,27
8701,14,48,29375,29380,29405,5,30
8699,7,48,29375,29378,29408,3,33
8692,10,48,29350,29354,29411,4,61
8696,9,48,29367,29370,29414,3,47
8703,1,48,29400,29402,29425,2,25
8704,5,48,29400,29403,29428,3,28
8710,2,48,29412,29414,29431,2,19
8708,11,48,29400,29407,29434,7,34
8709,13,48,29400,29408,29437,8,37
8711,7,48,29412,29415,29440,3,28
8705,6,48,29400,29404,29443,4,43
8712,1,48,29425,29427,29446,2,21
8713,8,48,29429,29430,29449,1,20
8706,9,48,29400,29405,29452,5,52
8714,5,48,29433,29434,29455,1,22
8707,10,48,29400,29406,29458,6,58
8715,9,48,29433,29435,29461,2,28
8716,1,48,29450,29451,29474,1,24
8717,2,48,29450,29452,29477,2,27
8718,6,48,29450,29453,29480,3,30
8727,8,48,29471,29472,29483,1,12
8721,11,48,29450,29456,29486,6,36
8723,13,48,29450,29458,29489,8,39
8725,5,48,29467,29468,29492,1,25
8719,7,48,29450,29454,29495,4,45
8728,1,48,29475,29477,29498,2,23
8720,10,48,29450,29455,29501,5,51
8722,12,48,29450,29457,29504,7,54
8724,14,48,29450,29459,29507,9,57
8729,2,48,29488,29489,29510,1,22
8730,7,48,29488,29490,29513,2,25
8726,9,48,29467,29469,29516,2,49
8731,1,48,29500,29502,29525,2,25
8732,5,48,29500,29503,29528,3,28
8738,8,48,29514,29516,29531,2,17
8733,6,48,29500,29504,29534,4,34
8736,11,48,29500,29507,29537,7,37
8737,13,48,29500,29508,29540,8,40
8739,1,48,29525,29527,29543,2,18
8740,2,48,29525,29528,29546,3,21
8741,7,48,29525,29529,29550,4,25
8734,9,48,29500,29505,29553,5,53
8742,12,48,29525,29530,29556,5,31
8743,14,48,29525,29531,29559,6,34
8744,5,48,29533,29534,29562,1,29
8735,10,48,29500,29506,29565,6,65
8746,1,48,29550,29551,29568,1,18
8747,6,48,29550,29552,29574,2,24
8751,8,48,29557,29558,29577,1,20
8752,2,48,29562,29564,29580,2,18
8753,7,48,29562,29565,29583,3,21
8754,5,48,29567,29569,29586,2,19
8749,11,48,29550,29554,29589,4,39
8756,1,48,29575,29576,29592,1,17
8750,13,48,29550,29555,29595,5,45
8745,9,48,29533,29535,29598,2,65
8748,10,48,29550,29553,29601,3,51
8755,9,48,29567,29570,29604,3,37
8757,1,48,29600,29601,29624,1,24
8758,2,48,29600,29602,29627,2,27
8759,5,48,29600,29603,29630,3,30
8762,8,48,29600,29606,29633,6,33
8765,11,48,29600,29609,29636,9,36
8767,13,48,29600,29611,29639,11,39
8760,6,48,29600,29604,29642,4,42
8761,7,48,29600,29605,29645,5,45
8769,1,48,29625,29627,29648,2,23
8763,9,48,29600,29607,29651,7,51
8766,12,48,29600,29610,29654,10,54
8768,14,48,29600,29612,29657,12,57
8770,5,48,29633,29635,29660,2,27
8775,1,48,29650,29652,29663,2,13
8774,8,48,29643,29645,29666,2,23
8772,2,48,29638,29639,29669,1,31
8776,6,48,29650,29653,29672,3,22
8773,7,48,29638,29640,29675,2,37
8778,11,48,29650,29655,29678,5,28
8779,13,48,29650,29656,29681,6,31
8764,10,48,29600,29608,29684,8,84
8780,5,48,29667,29669,29687,2,20
8771,9,48,29633,29636,29690,3,57
8782,1,48,29675,29676,29693,1,18
8783,2,48,29675,29677,29696,2,21
8787,8,48,29686,29688,29699,2,13
8785,12,48,29675,29679,29702,4,27
8786,14,48,29675,29680,29705,5,30
8784,7,48,29675,29678,29708,3,33
8777,10,48,29650,29654,29711,4,61
8781,9,48,29667,29670,29714,3,47
8788,1,48,29700,29702,29725,2,25
8789,5,48,29700,29703,29728,3,28
8795,2,48,29712,29714,29731,2,19
8793,11,48,29700,29707,29734,7,34
8794,13,48,29700,29708,29737,8,37
8796,7,48,29712,29715,29740,3,28
8790,6,48,29700,29704,29743,4,43
8797,1,48,29725,29727,29746,2,21
8798,8,48,29729,29730,29749,1,20
8791,9,48,29700,29705,29752,5,52
8799,5,48,29733,29734,29755,1,22
8792,10,48,29700,29706,29758,6,58
8800,9,48,29733,29735,29761,2,28
8801,1,48,29750,29751,29774,1,24
8802,2,48,29750,29752,29777,2,27
8803,6,48,29750,29753,29780,3,30
8812,8,48,29771,29772,29783,1,12
8806,11,48,29750,29756,29786,6,36
8808,13,48,29750,29758,29789,8,39
8810,5,48,29767,29768,29792,1,25
8804,7,48,29750,29754,29795,4,45
8813,1,48,29775,29777,29798,2,23
8805,10,48,29750,29755,29801,5,51
8807,12,48,29750,29757,29804,7,54
8809,14,48,29750,29759,29807,9,57
8814,2,48,29788,29789,29810,1,22
8815,7,48,29788,29790,29813,2,25
8811,9,48,29767,29769,29816,2,49
8816,1,48,29800,29802,29825,2,25
8817,5,48,29800,29803,29828,3,28
8823,8,48,29814,29816,29831,2,17
8818,6,48,29800,29804,29834,4,34
8821,11,48,29800,29807,29837,7,37
8822,13,48,29800,29808,29840,8,40
8824,1,48,29825,29827,29843,2,18
8825,2,48,29825,29828,29846,3,21
8826,7,48,29825,29829,29850,4,25
8819,9,48,29800,29805,29853,5,53
8827,12,48,29825,29830,29856,5,31
8828,14,48,29825,29831,29859,6,34
8829,5,48,29833,29834,29862,1,29
8820,10,48,29800,29806,29865,6,65
8831,1,48,29850,29851,29868,1,18
8832,6,48,29850,29852,29874,2,24
8836,8,48,29857,29858,29877,1,20
8837,2,48,29862,29864,29880,2,18
8838,7,48,29862,29865,29883,3,21
8839,5,48,29867,29869,29886,2,19
8834,11,48,29850,29854,29889,4,39
8841,1,48,29875,29876,29892,1,17
8835,13,48,29850,29855,29895,5,45
8830,9,48,29833,29835,29898,2,65
8833,10,48,29850,29853,29901,3,51
8840,9,48,29867,29870,29904,3,37
8842,1,48,29900,29901,29924,1,24
8843,2,48,29900,29902,29927,2,27
8844,5,48,29900,29903,29930,3,30
8847,8,48,29900,29906,29933,6,33
8850,11,48,29900,29909,29936,9,36
8852,13,48,29900,29911,29939,11,39
8845,6,48,29900,29904,29942,4,42
8846,7,48,29900,29905,29945,5,45
8854,1,48,29925,29927,29948,2,23
8848,9,48,29900,29907,29951,7,51
8851,12,48,29900,29910,29954,10,54
8853,14,48,29900,29912,29957,12,57
8855,5,48,29933,29935,29960,2,27
8860,1,48,29950,29952,29963,2,13
8859,8,48,29943,29945,29966,2,23
8857,2,48,29938,29939,29969,1,31
8861,6,48,29950,29953,29972,3,22
8858,7,48,29938,29940,29975,2,37
8863,11,48,29950,29955,29978,5,28
8864,13,48,29950,29956,29981,6,31
8849,10,48,29900,29908,29984,8,84
8865,5,48,29967,29969,29987,2,20
8856,9,48,29933,29936,29990,3,57
8867,1,48,29975,29976,29993,1,18
8868,2,48,29975,29977,29996,2,21
8872,8,48,29986,29988,29999,2,13
8870,12,48,29975,29979,30002,4,27
8871,14,48,29975,29980,30005,5,30
8869,7,48,29975,29978,30008,3,33
8862,10,48,29950,29954,30011,4,61
8866,9,48,29967,29970,30014,3,47
8873,1,48,30000,30002,30025,2,25
8874,5,48,30000,30003,30028,3,28
8880,2,48,30012,30014,30031,2,19
8878,11,48,30000,30007,30034,7,34
8879,13,48,30000,30008,30037,8,37
8881,7,48,30012,30015,30040,3,28
8875,6,48,30000,30004,30043,4,43
8882,1,48,30025,30027,30046,2,21
8883,8,48,30029,30030,30049,1,20
8876,9,48,30000,30005,30052,5,52
8884,5,48,30033,30034,30055,1,22
8877,10,48,30000,30006,30058,6,58
8885,9,48,30033,30035,30061,2,28
8886,1,48,30050,30051,30074,1,24
8887,2,48,30050,30052,30077,2,27
8888,6,48,30050,30053,30080,3,30
8897,8,48,30071,30072,30083,1,12
8891,11,48,30050,30056,30086,6,36
8893,13,48,30050,30058,30089,8,39
8895,5,48,30067,30068,30092,1,25
8889,7,48,30050,30054,30095,4,45
8898,1,48,30075,30077,30098,2,23
8890,10,48,30050,30055,30101,5,51
8892,12,48,30050,30057,30104,7,54
8894,14,48,30050,30059,30107,9,57
8899,2,48,30088,30089,30110,1,22
8900,7,48,30088,30090,30113,2,25
8896,9,48,30067,30069,30116,2,49
8901,1,48,30100,30102,30125,2,25
8902,5,48,30100,30103,30128,3,28
8908,8,48,30114,30116,30131,2,17
8903,6,48,30100,30104,30134,4,34
8906,11,48,30100,30107,30137,7,37
8907,13,48,30100,30108,30140,8,40
8909,1,48,30125,30127,30143,2,18
8910,2,48,30125,30128,30146,3,21
8911,7,48,30125,30129,30150,4,25
8904,9,48,30100,30105,30153,5,53
8912,12,48,30125,30130,30156,5,31
8913,14,48,30125,30131,30159,6,34
8914,5,48,30133,30134,30162,1,29
8905,10,48,30100,30106,30165,6,65
8916,1,48,30150,30151,30168,1,18
8917,6,48,30150,30152,30174,2,24
8921,8,48,30157,30158,30177,1,20
8922,2,48,30162,30164,30180,2,18
8923,7,48,30162,30165,30183,3,21
8924,5,48,30167,30169,30186,2,19
8919,11,48,30150,30154,30189,4,39
8926,1,48,30175,30176,30192,1,17
8920,13,48,30150,30155,30195,5,45
8915,9,48,30133,30135,30198,2,65
8918,10,48,30150,30153,30201,3,51
8925,9,48,30167,30170,30204,3,37
8927,1,48,30200,30201,30224,1,24
8928,2,48,30200,30202,30227,2,27
8929,5,48,30200,30203,30230,3,30
8932,8,48,30200,30206,30233,6,33
8935,11,48,30200,30209,30236,9,36
8937,13,48,30200,30211,30239,11,39
8930,6,48,30200,30204,30242,4,42
8931,7,48,30200,30205,30245,5,45
8939,1,48,30225,30227,30248,2,23
8933,9,48,30200,30207,30251,7,51
8936,12,48,30200,30210,30254,10,54
8938,14,48,30200,30212,30257,12,57
8940,5,48,30233,30235,30260,2,27
8945,1,48,30250,30252,30263,2,13
8944,8,48,30243,30245,30266,2,23
8942,2,48,30238,30239,30269,1,31
8946,6,48,30250,30253,30272,3,22
8943,7,48,30238,30240,30275,2,37
8948,11,48,30250,30255,30278,5,28
8949,13,48,30250,30256,30281,6,31
8934,10,48,30200,30208,30284,8,84
8950,5,48,30267,30269,30287,2,20
8941,9,48,30233,30236,30290,3,57
8952,1,48,30275,30276,30293,1,18
8953,2,48,30275,30277,30296,2,21
8957,8,48,30286,30288,30299,2,13
8955,12,48,30275,30279,30302,4,27
8956,14,48,30275,30280,30305,5,30
8954,7,48,30275,30278,30308,3,33
8947,10,48,30250,30254,30311,4,61
8951,9,48,30267,30270,30314,3,47
8958,1,48,30300,30302,30325,2,25
8959,5,48,30300,30303,30328,3,28
8965,2,48,30312,30314,30331,2,19
8963,11,48,30300,30307,30334,7,34
8964,13,48,30300,30308,30337,8,37
8966,7,48,30312,30315,30340,3,28
8960,6,48,30300,30304,30343,4,43
8967,1,48,30325,30327,30346,2,21
8968,8,48,30329,30330,30349,1,20
8961,9,48,30300,30305,30352,5,52
8969,5,48,30333,30334,30355,1,22
8962,10,48,30300,30306,30358,6,58
8970,9,48,30333,30335,30361,2,28
8971,1,48,30350,30351,30374,1,24
8972,2,48,30350,30352,30377,2,27
8973,6,48,30350,30353,30380,3,30
8982,8,48,30371,30372,30383,1,12
8976,11,48,30350,30356,30386,6,36
8978,13,48,30350,30358,30389,8,39
8980,5,48,30367,30368,30392,1,25
8974,7,48,30350,30354,30395,4,45
8983,1,48,30375,30377,30398,2,23
8975,10,48,30350,30355,30401,5,51
8977,12,48,30350,30357,30404,7,54
8979,14,48,30350,30359,30407,9,57
8984,2,48,30388,30389,30410,1,22
8985,7,48,30388,30390,30413,2,25
8981,9,48,30367,30369,30416,2,49
8986,1,48,30400,30402,30425,2,25
8987,5,48,30400,30403,30428,3,28
8993,8,48,30414,30416,30431,2,17
8988,6,48,30400,30404,30434,4,34
8991,11,48,30400,30407,30437,7,37
8992,13,48,30400,30408,30440,8,40
8994,1,48,30425,30427,30443,2,18
8995,2,48,30425,30428,30446,3,21
8996,7,48,30425,30429,30450,4,25
8989,9,48,30400,30405,30453,5,53
8997,12,48,30425,30430,30456,5,31
8998,14,48,30425,30431,30459,6,34
8999,5,48,30433,30434,30462,1,29
8990,10,48,30400,30406,30465,6,65
9001,1,48,30450,30451,30468,1,18
9002,6,48,30450,30452,30474,2,24
9006,8,48,30457,30458,30477,1,20
9007,2,48,30462,30464,30480,2,18
9008,7,48,30462,30465,30483,3,21
9009,5,48,30467,30469,30486,2,19
9004,11,48,30450,30454,30489,4,39
9011,1,48,30475,30476,30492,1,17
9005,13,48,30450,30455,30495,5,45
9000,9,48,30433,30435,30498,2,65
9003,10,48,30450,30453,30501,3,51
9010,9,48,30467,30470,30504,3,37
9012,1,48,30500,30501,30524,1,24
9013,2,48,30500,30502,30527,2,27
9014,5,48,30500,30503,30530,3,30
9017,8,48,30500,30506,30533,6,33
9020,11,48,30500,30509,30536,9,36
9022,13,48,30500,30511,30539,11,39
9015,6,48,30500,30504,30542,4,42
9016,7,48,30500,30505,30545,5,45
9024,1,48,30525,30527,30548,2,23
9018,9,48,30500,30507,30551,7,51
9021,12,48,30500,30510,30554,10,54
9023,14,48,30500,30512,30557,12,57
9025,5,48,30533,30535,30560,2,27
9030,1,48,30550,30552,30563,2,13
9029,8,48,30543,30545,30566,2,23
9027,2,48,30538,30539,30569,1,31
9031,6,48,30550,30553,30572,3,22
9028,7,48,30538,30540,30575,2,37
9033,11,48,30550,30555,30578,5,28
9034,13,48,30550,30556,30581,6,31
9019,10,48,30500,30508,30584,8,84
9035,5,48,30567,30569,30587,2,20
9026,9,48,30533,30536,30590,3,57
9037,1,48,30575,30576,30593,1,18
9038,2,48,30575,30577,30596,2,21
9042,8,48,30586,30588,30599,2,13
9040,12,48,30575,30579,30602,4,27
9041,14,48,30575,30580,30605,5,30
9039,7,48,30575,30578,30608,3,33
9032,10,48,30550,30554,30611,4,61
9036,9,48,30567,30570,30614,3,47
9043,1,48,30600,30602,30625,2,25
9044,5,48,30600,30603,30628,3,28
9050,2,48,30612,30614,30631,2,19
9048,11,48,30600,30607,30634,7,34
9049,13,48,30600,30608,30637,8,37
9051,7,48,30612,30615,30640,3,28
9045,6,48,30600,30604,30643,4,43
9052,1,48,30625,30627,30646,2,21
9053,8,48,30629,30630,30649,1,20
9046,9,48,30600,30605,30652,5,52
9054,5,48,30633,30634,30655,1,22
9047,10,48,30600,30606,30658,6,58
9055,9,48,30633,30635,30661,2,28
9056,1,48,30650,30651,30674,1,24
9057,2,48,30650,30652,30677,2,27
9058,6,48,30650,30653,30680,3,30
9067,8,48,30671,30672,30683,1,12
9061,11,48,30650,30656,30686,6,36
9063,13,48,30650,30658,30689,8,39
9065,5,48,30667,30668,30692,1,25
9059,7,48,30650,30654,30695,4,45
9068,1,48,30675,30677,30698,2,23
9060,10,48,30650,30655,30701,5,51
9062,12,48,30650,30657,30704,7,54
9064,14,48,30650,30659,30707,9,57
9069,2,48,30688,30689,30710,1,22
9070,7,48,30688,30690,30713,2,25
9066,9,48,30667,30669,30716,2,49
9071,1,48,30700,30702,30725,2,25
9072,5,48,30700,30703,30728,3,28
9078,8,48,30714,30716,30731,2,17
9073,6,48,30700,30704,30734,4,34
9076,11,48,30700,30707,30737,7,37
9077,13,48,30700,30708,30740,8,40
9079,1,48,30725,30727,30743,2,18
9080,2,48,30725,30728,30746,3,21
9081,7,48,30725,30729,30750,4,25
9074,9,48,30700,30705,30753,5,53
9082,12,48,30725,30730,30756,5,31
9083,14,48,30725,30731,30759,6,34
9084,5,48,30733,30734,30762,1,29
9075,10,48,30700,30706,30765,6,65
9086,1,48,30750,30751,30768,1,18
9087,6,48,30750,30752,30774,2,24
9091,8,48,30757,30758,30777,1,20
9092,2,48,30762,30764,30780,2,18
9093,7,48,30762,30765,30783,3,21
9094,5,48,30767,30769,30786,2,19
9089,11,48,30750,30754,30789,4,39
9096,1,48,30775,30776,30792,1,17
9090,13,48,30750,30755,30795,5,45
9085,9,48,30733,30735,30798,2,65
9088,10,48,30750,30753,30801,3,51
9095,9,48,30767,30770,30804,3,37
9097,1,48,30800,30801,30824,1,24
9098,2,48,30800,30802,30827,2,27
9099,5,48,30800,30803,30830,3,30
9102,8,48,30800,30806,30833,6,33
9105,11,48,30800,30809,30836,9,36
9107,13,48,30800,30811,30839,11,39
9100,6,48,30800,30804,30842,4,42
9101,7,48,30800,30805,30845,5,45
9109,1,48,30825,30827,30848,2,23
9103,9,48,30800,30807,30851,7,51
9106,12,48,30800,30810,30854,10,54
9108,14,48,30800,30812,30857,12,57
9110,5,48,30833,30835,30860,2,27
9115,1,48,30850,30852,30863,2,13
9114,8,48,30843,30845,30866,2,23
9112,2,48,30838,30839,30869,1,31
9116,6,48,30850,30853,30872,3,22
9113,7,48,30838,30840,30875,2,37
9118,11,48,30850,30855,30878,5,28
9119,13,48,30850,30856,30881,6,31
9104,10,48,30800,30808,30884,8,84
9120,5,48,30867,30869,30887,2,20
9111,9,48,30833,30836,30890,3,57
9122,1,48,30875,30876,30893,1,18
9123,2,48,30875,30877,30896,2,21
9127,8,48,30886,30888,30899,2,13
9125,12,48,30875,30879,30902,4,27
9126,14,48,30875,30880,30905,5,30
9124,7,48,30875,30878,30908,3,33
9117,10,48,30850,30854,30911,4,61
9121,9,48,30867,30870,30914,3,47
9128,1,48,30900,30902,30925,2,25
9129,5,48,30900,30903,30928,3,28
9135,2,48,30912,30914,30931,2,19
9133,11,48,30900,30907,30934,7,34
9134,13,48,30900,30908,30937,8,37
9136,7,48,30912,30915,30940,3,28
9130,6,48,30900,30904,30943,4,43
9137,1,48,30925,30927,30946,2,21
9138,8,48,30929,30930,30949,1,20
9131,9,48,30900,30905,30952,5,52
9139,5,48,30933,30934,30955,1,22
9132,10,48,30900,30906,30958,6,58
9140,9,48,30933,30935,30961,2,28
9141,1,48,30950,30951,30974,1,24
9142,2,48,30950,30952,30977,2,27
9143,6,48,30950,30953,30980,3,30
9152,8,48,30971,30972,30983,1,12
9146,11,48,30950,30956,30986,6,36
9148,13,48,30950,30958,30989,8,39
9150,5,48,30967,30968,30992,1,25
9144,7,48,30950,30954,30995,4,45
9153,1,48,30975,30977,30998,2,23
9145,10,48,30950,30955,31001,5,51
9147,12,48,30950,30957,31004,7,54
9149,14,48,30950,30959,31007,9,57
9154,2,48,30988,30989,31010,1,22
9155,7,48,30988,30990,31013,2,25
9151,9,48,30967,30969,31016,2,49
9156,1,48,31000,31002,31025,2,25
9157,5,48,31000,31003,31028,3,28
9163,8,48,31014,31016,31031,2,17
9158,6,48,31000,31004,31034,4,34
9161,11,48,31000,31007,31037,7,37
9162,13,48,31000,31008,31040,8,40
9164,1,48,31025,31027,31043,2,18
9165,2,48,31025,31028,31046,3,21
9166,7,48,31025,31029,31050,4,25
9159,9,48,31000,31005,31053,5,53
9167,12,48,31025,31030,31056,5,31
9168,14,48,31025,31031,31059,6,34
9169,5,48,31033,31034,31062,1,29
9160,10,48,31000,31006,31065,6,65
9171,1,48,31050,31051,31068,1,18
9172,6,48,31050,31052,31074,2,24
9176,8,48,31057,31058,31077,1,20
9177,2,48,31062,31064,31080,2,18
9178,7,48,31062,31065,31083,3,21
9179,5,48,31067,31069,31086,2,19
9174,11,48,31050,31054,31089,4,39
9181,1,48,31075,31076,31092,1,17
9175,13,48,31050,31055,31095,5,45
9170,9,48,31033,31035,31098,2,65
9173,10,48,31050,31053,31101,3,51
9180,9,48,31067,31070,31104,3,37
9182,1,48,31100,31101,31124,1,24
9183,2,48,31100,31102,31127,2,27
9184,5,48,31100,31103,31130,3,30
9187,8,48,31100,31106,31133,6,33
9190,11,48,31100,31109,31136,9,36
9192,13,48,31100,31111,31139,11,39
9185,6,48,31100,31104,31142,4,42
9186,7,48,31100,31105,31145,5,45
9194,1,48,31125,31127,31148,2,23
9188,9,48,31100,31107,31151,7,51
9191,12,48,31100,31110,31154,10,54
9193,14,48,31100,31112,31157,12,57
9195,5,48,31133,31135,31160,2,27
9200,1,48,31150,31152,31163,2,13
9199,8,48,31143,31145,31166,2,23
9197,2,48,31138,31139,31169,1,31
9201,6,48,31150,31153,31172,3,22
9198,7,48,31138,31140,31175,2,37
9203,11,48,31150,31155,31178,5,28
9204,13,48,31150,31156,31181,6,31
9189,10,48,31100,31108,31184,8,84
9205,5,48,31167,31169,31187,2,20
9196,9,48,31133,31136,31190,3,57
9207,1,48,31175,31176,31193,1,18
9208,2,48,31175,31177,31196,2,21
9212,8,48,31186,31188,31199,2,13
9210,12,48,31175,31179,31202,4,27
9211,14,48,31175,31180,31205,5,30
9209,7,48,31175,31178,31208,3,33
9202,10,48,31150,31154,31211,4,61
9206,9,48,31167,31170,31214,3,47
9213,1,48,31200,31202,31225,2,25
9214,5,48,31200,31203,31228,3,28
9220,2,48,31212,31214,31231,2,19
9218,11,48,31200,31207,31234,7,34
9219,13,48,31200,31208,31237,8,37
9221,7,48,31212,31215,31240,3,28
9215,6,48,31200,31204,31243,4,43
9222,1,48,31225,31227,31246,2,21
9223,8,48,31229,31230,31249,1,20
9216,9,48,31200,31205,31252,5,52
9224,5,48,31233,31234,31255,1,22
9217,10,48,31200,31206,31258,6,58
9225,9,48,31233,31235,31261,2,28
9226,1,48,31250,31251,31274,1,24
9227,2,48,31250,31252,31277,2,27
9228,6,48,31250,31253,31280,3,30
9237,8,48,31271,31272,31283,1,12
9231,11,48,31250,31256,31286,6,36
9233,13,48,31250,31258,31289,8,39
9235,5,48,31267,31268,31292,1,25
9229,7,48,31250,31254,31295,4,45
9238,1,48,31275,31277,31298,2,23
9230,10,48,31250,31255,31301,5,51
9232,12,48,31250,31257,31304,7,54
9234,14,48,31250,31259,31307,9,57
9239,2,48,31288,31289,31310,1,22
9240,7,48,31288,31290,31313,2,25
9236,9,48,31267,31269,31316,2,49
9241,1,48,31300,31302,31325,2,25
9242,5,48,31300,31303,31328,3,28
9248,8,48,31314,31316,31331,2,17
9243,6,48,31300,31304,31334,4,34
9246,11,48,31300,31307,31337,7,37
9247,13,48,31300,31308,31340,8,40
9249,1,48,31325,31327,31343,2,18
9250,2,48,31325,31328,31346,3,21
9251,7,48,31325,31329,31350,4,25
9244,9,48,31300,31305,31353,5,53
9252,12,48,31325,31330,31356,5,31
9253,14,48,31325,31331,31359,6,34
9254,5,48,31333,31334,31362,1,29
9245,10,48,31300,31306,31365,6,65
9256,1,48,31350,31351,31368,1,18
9257,6,48,31350,31352,31374,2,24
9261,8,48,31357,31358,31377,1,20
9262,2,48,31362,31364,31380,2,18
9263,7,48,31362,31365,31383,3,21
9264,5,48,31367,31369,31386,2,19
9259,11,48,31350,31354,31389,4,39
9266,1,48,31375,31376,31392,1,17
9260,13,48,31350,31355,31395,5,45
9255,9,48,31333,31335,31398,2,65
9258,10,48,31350,31353,31401,3,51
9265,9,48,31367,31370,31404,3,37
9267,1,48,31400,31401,31424,1,24
9268,2,48,31400,31402,31427,2,27
9269,5,48,31400,31403,31430,3,30
9272,8,48,31400,31406,31433,6,33
9275,11,48,31400,31409,31436,9,36
9277,13,48,31400,31411,31439,11,39
9270,6,48,31400,31404,31442,4,42
9271,7,48,31400,31405,31445,5,45
9279,1,48,31425,31427,31448,2,23
9273,9,48,31400,31407,31451,7,51
9276,12,48,31400,31410,31454,10,54
9278,14,48,31400,31412,31457,12,57
9280,5,48,31433,31435,31460,2,27
9285,1,48,31450,31452,31463,2,13
9284,8,48,31443,31445,31466,2,23
9282,2,48,31438,31439,31469,1,31
9286,6,48,31450,31453,31472,3,22
9283,7,48,31438,31440,31475,2,37
9288,11,48,31450,31455,31478,5,28
9289,13,48,31450,31456,31481,6,31
9274,10,48,31400,31408,31484,8,84
9290,5,48,31467,31469,31487,2,20
9281,9,48,31433,31436,31490,3,57
9292,1,48,31475,31476,31493,1,18
9293,2,48,31475,31477,31496,2,21
9297,8,48,31486,31488,31499,2,13
9295,12,48,31475,31479,31502,4,27
9296,14,48,31475,31480,31505,5,30
9294,7,48,31475,31478,31508,3,33
9287,10,48,31450,31454,31511,4,61
9291,9,48,31467,31470,31514,3,47
9298,1,48,31500,31502,31525,2,25
9299,5,48,31500,31503,31528,3,28
9305,2,48,31512,31514,31531,2,19
9303,11,48,31500,31507,31534,7,34
9304,13,48,31500,31508,31537,8,37
9306,7,48,31512,31515,31540,3,28
9300,6,48,31500,31504,31543,4,43
9307,1,48,31525,31527,31546,2,21
9308,8,48,31529,31530,31549,1,20
9301,9,48,31500,31505,31552,5,52
9309,5,48,31533,31534,31555,1,22
9302,10,48,31500,31506,31558,6,58
9310,9,48,31533,31535,31561,2,28
9311,1,48,31550,31551,31574,1,24
9312,2,48,31550,31552,31577,2,27
9313,6,48,31550,31553,31580,3,30
9322,8,48,31571,31572,31583,1,12
9316,11,48,31550,31556,31586,6,36
9318,13,48,31550,31558,31589,8,39
9320,5,48,31567,31568,31592,1,25
9314,7,48,31550,31554,31595,4,45
9323,1,48,31575,31577,31598,2,23
9315,10,48,31550,31555,31601,5,51
9317,12,48,31550,31557,31604,7,54
9319,14,48,31550,31559,31607,9,57
9324,2,48,31588,31589,31610,1,22
9325,7,48,31588,31590,31613,2,25
9321,9,48,31567,31569,31616,2,49
9326,1,48,31600,31602,31625,2,25
9327,5,48,31600,31603,31628,3,28
9333,8,48,31614,31616,31631,2,17
9328,6,48,31600,31604,31634,4,34
9331,11,48,31600,31607,31637,7,37
9332,13,48,31600,31608,31640,8,40
9334,1,48,31625,31627,31643,2,18
9335,2,48,31625,31628,31646,3,21
9336,7,48,31625,31629,31650,4,25
9329,9,48,31600,31605,31653,5,53
9337,12,48,31625,31630,31656,5,31
9338,14,48,31625,31631,31659,6,34
9339,5,48,31633,31634,31662,1,29
9330,10,48,31600,31606,31665,6,65
9341,1,48,31650,31651,31668,1,18
9342,6,48,31650,31652,31674,2,24
9346,8,48,31657,31658,31677,1,20
9347,2,48,31662,31664,31680,2,18
9348,7,48,31662,31665,31683,3,21
9349,5,48,31667,31669,31686,2,19
9344,11,48,31650,31654,31689,4,39
9351,1,48,31675,31676,31692,1,17
9345,13,48,31650,31655,31695,5,45
9340,9,48,31633,31635,31698,2,65
9343,10,48,31650,31653,31701,3,51
9350,9,48,31667,31670,31704,3,37
9352,1,48,31700,31701,31724,1,24
9353,2,48,31700,31702,31727,2,27
9354,5,48,31700,31703,31730,3,30
9357,8,48,31700,31706,31733,6,33
9360,11,48,31700,31709,31736,9,36
9362,13,48,31700,31711,31739,11,39
9355,6,48,31700,31704,31742,4,42
9356,7,48,31700,31705,31745,5,45
9364,1,48,31725,31727,31748,2,23
9358,9,48,31700,31707,31751,7,51
9361,12,48,31700,31710,31754,10,54
9363,14,48,31700,31712,31757,12,57
9365,5,48,31733,31735,31760,2,27
9370,1,48,31750,31752,31763,2,13
9369,8,48,31743,31745,31766,2,23
9367,2,48,31738,31739,31769,1,31
9371,6,48,31750,31753,31772,3,22
9368,7,48,31738,31740,31775,2,37
9373,11,48,31750,31755,31778,5,28
9374,13,48,31750,31756,31781,6,31
9359,10,48,31700,31708,31784,8,84
9375,5,48,31767,31769,31787,2,20
9366,9,48,31733,31736,31790,3,57
9377,1,48,31775,31776,31793,1,18
9378,2,48,31775,31777,31796,2,21
9382,8,48,31786,31788,31799,2,13
9380,12,48,31775,31779,31802,4,27
9381,14,48,31775,31780,31805,5,30
9379,7,48,31775,31778,31808,3,33
9372,10,48,31750,31754,31811,4,61
9376,9,48,31767,31770,31814,3,47
9383,1,48,31800,31802,31825,2,25
9384,5,48,31800,31803,31828,3,28
9390,2,48,31812,31814,31831,2,19
9388,11,48,31800,31807,31834,7,34
9389,13,48,31800,31808,31837,8,37
9391,7,48,31812,31815,31840,3,28
9385,6,48,31800,31804,31843,4,43
9392,1,48,31825,31827,31846,2,21
9393,8,48,31829,31830,31849,1,20
9386,9,48,31800,31805,31852,5,52
9394,5,48,31833,31834,31855,1,22
9387,10,48,31800,31806,31858,6,58
9395,9,48,31833,31835,31861,2,28
9396,1,48,31850,31851,31874,1,24
9397,2,48,31850,31852,31877,2,27
9398,6,48,31850,31853,31880,3,30
9407,8,48,31871,31872,31883,1,12
9401,11,48,31850,31856,31886,6,36
9403,13,48,31850,31858,31889,8,39
9405,5,48,31867,31868,31892,1,25
9399,7,48,31850,31854,31895,4,45
9408,1,48,31875,31877,31898,2,23
9400,10,48,31850,31855,31901,5,51
9402,12,48,31850,31857,31904,7,54
9404,14,48,31850,31859,31907,9,57
9409,2,48,31888,31889,31910,1,22
9410,7,48,31888,31890,31913,2,25
9406,9,48,31867,31869,31916,2,49
9411,1,48,31900,31902,31925,2,25
9412,5,48,31900,31903,31928,3,28
9418,8,48,31914,31916,31931,2,17
9413,6,48,31900,31904,31934,4,34
9416,11,48,31900,31907,31937,7,37
9417,13,48,31900,31908,31940,8,40
9419,1,48,31925,31927,31943,2,18
9420,2,48,31925,31928,31946,3,21
9421,7,48,31925,31929,31950,4,25
9414,9,48,31900,31905,31953,5,53
9422,12,48,31925,31930,31956,5,31
9423,14,48,31925,31931,31959,6,34
9424,5,48,31933,31934,31962,1,29
9415,10,48,31900,31906,31965,6,65
9426,1,48,31950,31951,31968,1,18
9427,6,48,31950,31952,31974,2,24
9431,8,48,31957,31958,31977,1,20
9432,2,48,31962,31964,31980,2,18
9433,7,48,31962,31965,31983,3,21
9434,5,48,31967,31969,31986,2,19
9429,11,48,31950,31954,31989,4,39
9436,1,48,31975,31976,31992,1,17
9430,13,48,31950,31955,31995,5,45
9425,9,48,31933,31935,31998,2,65
9428,10,48,31950,31953,32001,3,51
9435,9,48,31967,31970,32004,3,37
9437,1,48,32000,32001,32024,1,24
9438,2,48,32000,32002,32027,2,27
9439,5,48,32000,32003,32030,3,30
9442,8,48,32000,32006,32033,6,33
9445,11,48,32000,32009,32036,9,36
9447,13,48,32000,32011,32039,11,39
9440,6,48,32000,32004,32042,4,42
9441,7,48,32000,32005,32045,5,45
9449,1,48,32025,32027,32048,2,23
9443,9,48,32000,32007,32051,7,51
9446,12,48,32000,32010,32054,10,54
9448,14,48,32000,32012,32057,12,57
9450,5,48,32033,32035,32060,2,27
9455,1,48,32050,32052,32063,2,13
9454,8,48,32043,32045,32066,2,23
9452,2,48,32038,32039,32069,1,31
9456,6,48,32050,32053,32072,3,22
9453,7,48,32038,32040,32075,2,37
9458,11,48,32050,32055,32078,5,28
9459,13,48,32050,32056,32081,6,31
9444,10,48,32000,32008,32084,8,84
9460,5,48,32067,32069,32087,2,20
9451,9,48,32033,32036,32090,3,57
9462,1,48,32075,32076,32093,1,18
9463,2,48,32075,32077,32096,2,21
9467,8,48,32086,32088,32099,2,13
9465,12,48,32075,32079,32102,4,27
9466,14,48,32075,32080,32105,5,30
9464,7,48,32075,32078,32108,3,33
9457,10,48,32050,32054,32111,4,61
9461,9,48,32067,32070,32114,3,47
9468,1,48,32100,32102,32125,2,25
9469,5,48,32100,32103,32128,3,28
9475,2,48,32112,32114,32131,2,19
9473,11,48,32100,32107,32134,7,34
9474,13,48,32100,32108,32137,8,37
9476,7,48,32112,32115,32140,3,28
9470,6,48,32100,32104,32143,4,43
9477,1,48,32125,32127,32146,2,21
9478,8,48,32129,32130,32149,1,20
9471,9,48,32100,32105,32152,5,52
9479,5,48,32133,32134,32155,1,22
9472,10,48,32100,32106,32158,6,58
9480,9,48,32133,32135,32161,2,28
9481,1,48,32150,32151,32174,1,24
9482,2,48,32150,32152,32177,2,27
9483,6,48,32150,32153,32180,3,30
9492,8,48,32171,32172,32183,1,12
9486,11,48,32150,32156,32186,6,36
9488,13,48,32150,32158,32189,8,39
9490,5,48,32167,32168,32192,1,25
9484,7,48,32150,32154,32195,4,45
9493,1,48,32175,32177,32198,2,23
9485,10,48,32150,32155,32201,5,51
9487,12,48,32150,32157,32204,7,54
9489,14,48,32150,32159,32207,9,57
9494,2,48,32188,32189,32210,1,22
9495,7,48,32188,32190,32213,2,25
9491,9,48,32167,32169,32216,2,49
9496,1,48,32200,32202,32225,2,25
9497,5,48,32200,32203,32228,3,28
9503,8,48,32214,32216,32231,2,17
9498,6,48,32200,32204,32234,4,34
9501,11,48,32200,32207,32237,7,37
9502,13,48,32200,32208,32240,8,40
9504,1,48,32225,32227,32243,2,18
9505,2,48,32225,32228,32246,3,21
9506,7,48,32225,32229,32250,4,25
9499,9,48,32200,32205,32253,5,53
9507,12,48,32225,32230,32256,5,31
9508,14,48,32225,32231,32259,6,34
9509,5,48,32233,32234,32262,1,29
9500,10,48,32200,32206,32265,6,65
9511,1,48,32250,32251,32268,1,18
9512,6,48,32250,32252,32274,2,24
9516,8,48,32257,32258,32277,1,20
9517,2,48,32262,32264,32280,2,18
9518,7,48,32262,32265,32283,3,21
9519,5,48,32267,32269,32286,2,19
9514,11,48,32250,32254,32289,4,39
9521,1,48,32275,32276,32292,1,17
9515,13,48,32250,32255,32295,5,45
9510,9,48,32233,32235,32298,2,65
9513,10,48,32250,32253,32301,3,51
9520,9,48,32267,32270,32304,3,37
9522,1,48,32300,32301,32324,1,24
9523,2,48,32300,32302,32327,2,27
9524,5,48,32300,32303,32330,3,30
9527,8,48,32300,32306,32333,6,33
9530,11,48,32300,32309,32336,9,36
9532,13,48,32300,32311,32339,11,39
9525,6,48,32300,32304,32342,4,42
9526,7,48,32300,32305,32345,5,45
9534,1,48,32325,32327,32348,2,23
9528,9,48,32300,32307,32351,7,51
9531,12,48,32300,32310,32354,10,54
9533,14,48,32300,32312,32357,12,57
9535,5,48,32333,32335,32360,2,27
9540,1,48,32350,32352,32363,2,13
9539,8,48,32343,32345,32366,2,23
9537,2,48,32338,32339,32369,1,31
9541,6,48,32350,32353,32372,3,22
9538,7,48,32338,32340,32375,2,37
9543,11,48,32350,32355,32378,5,28
9544,13,48,32350,32356,32381,6,31
9529,10,48,32300,32308,32384,8,84
9545,5,48,32367,32369,32387,2,20
9536,9,48,32333,32336,32390,3,57
9547,1,48,32375,32376,32393,1,18
9548,2,48,32375,32377,32396,2,21
9552,8,48,32386,32388,32399,2,13
9550,12,48,32375,32379,32402,4,27
9551,14,48,32375,32380,32405,5,30
9549,7,48,32375,32378,32408,3,33
9542,10,48,32350,32354,32411,4,61
9546,9,48,32367,32370,32414,3,47
9553,1,48,32400,32402,32425,2,25
9554,5,48,32400,32403,32428,3,28
9560,2,48,32412,32414,32431,2,19
9558,11,48,32400,32407,32434,7,34
9559,13,48,32400,32408,32437,8,37
9561,7,48,32412,32415,32440,3,28
9555,6,48,32400,32404,32443,4,43
9562,1,48,32425,32427,32446,2,21
9563,8,48,32429,32430,32449,1,20
9556,9,48,32400,32405,32452,5,52
9564,5,48,32433,32434,32455,1,22
9557,10,48,32400,32406,32458,6,58
9565,9,48,32433,32435,32461,2,28
9566,1,48,32450,32451,32474,1,24
9567,2,48,32450,32452,32477,2,27
9568,6,48,32450,32453,32480,3,30
9577,8,48,32471,32472,32483,1,12
9571,11,48,32450,32456,32486,6,36
9573,13,48,32450,32458,32489,8,39
9575,5,48,32467,32468,32492,1,25
9569,7,48,32450,32454,32495,4,45
9578,1,48,32475,32477,32498,2,23
9570,10,48,32450,32455,32501,5,51
9572,12,48,32450,32457,32504,7,54
9574,14,48,32450,32459,32507,9,57
9579,2,48,32488,32489,32510,1,22
9580,7,48,32488,32490,32513,2,25
9576,9,48,32467,32469,32516,2,49
9581,1,48,32500,32502,32525,2,25
9582,5,48,32500,32503,32528,3,28
9588,8,48,32514,32516,32531,2,17
9583,6,48,32500,32504,32534,4,34
9586,11,48,32500,32507,32537,7,37
9587,13,48,32500,32508,32540,8,40
9589,1,48,32525,32527,32543,2,18
9590,2,48,32525,32528,32546,3,21
9591,7,48,32525,32529,32550,4,25
9584,9,48,32500,32505,32553,5,53
9592,12,48,32525,32530,32556,5,31
9593,14,48,32525,32531,32559,6,34
9594,5,48,32533,32534,32562,1,29
9585,10,48,32500,32506,32565,6,65
9596,1,48,32550,32551,32568,1,18
9597,6,48,32550,32552,32574,2,24
9601,8,48,32557,32558,32577,1,20
9602,2,48,32562,32564,32580,2,18
9603,7,48,32562,32565,32583,3,21
9604,5,48,32567,32569,32586,2,19
9599,11,48,32550,32554,32589,4,39
9606,1,48,32575,32576,32592,1,17
9600,13,48,32550,32555,32595,5,45
9595,9,48,32533,32535,32598,2,65
9598,10,48,32550,32553,32601,3,51
9605,9,48,32567,32570,32604,3,37
9607,1,48,32600,32601,32624,1,24
9608,2,48,32600,32602,32627,2,27
9609,5,48,32600,32603,32630,3,30
9612,8,48,32600,32606,32633,6,33
9615,11,48,32600,32609,32636,9,36
9617,13,48,32600,32611,32639,11,39
9610,6,48,32600,32604,32642,4,42
9611,7,48,32600,32605,32645,5,45
9619,1,48,32625,32627,32648,2,23
9613,9,48,32600,32607,32651,7,51
9616,12,48,32600,32610,32654,10,54
9618,14,48,32600,32612,32657,12,57
9620,5,48,32633,32635,32660,2,27
9625,1,48,32650,32652,32663,2,13
9624,8,48,32643,32645,32666,2,23
9622,2,48,32638,32639,32669,1,31
9626,6,48,32650,32653,32672,3,22
9623,7,48,32638,32640,32675,2,37
9628,11,48,32650,32655,32678,5,28
9629,13,48,32650,32656,32681,6,31
9614,10,48,32600,32608,32684,8,84
9630,5,48,32667,32669,32687,2,20
9621,9,48,32633,32636,32690,3,57
9632,1,48,32675,32676,32693,1,18
9633,2,48,32675,32677,32696,2,21
9637,8,48,32686,32688,32699,2,13
9635,12,48,32675,32679,32702,4,27
9636,14,48,32675,32680,32705,5,30
9634,7,48,32675,32678,32708,3,33
9627,10,48,32650,32654,32711,4,61
9631,9,48,32667,32670,32714,3,47
9638,1,48,32700,32702,32725,2,25
9639,5,48,32700,32703,32728,3,28
9645,2,48,32712,32714,32731,2,19
9643,11,48,32700,32707,32734,7,34
9644,13,48,32700,32708,32737,8,37
9646,7,48,32712,32715,32740,3,28
9640,6,48,32700,32704,32743,4,43
9647,1,48,32725,32727,32746,2,21
9648,8,48,32729,32730,32749,1,20
9641,9,48,32700,32705,32752,5,52
9649,5,48,32733,32734,32755,1,22
9642,10,48,32700,32706,32758,6,58
9650,9,48,32733,32735,32761,2,28
9651,1,48,32750,32751,32774,1,24
9652,2,48,32750,32752,32777,2,27
9653,6,48,32750,32753,32780,3,30
9662,8,48,32771,32772,32783,1,12
9656,11,48,32750,32756,32786,6,36
9658,13,48,32750,32758,32789,8,39
9660,5,48,32767,32768,32792,1,25
9654,7,48,32750,32754,32795,4,45
9663,1,48,32775,32777,32798,2,23
9655,10,48,32750,32755,32801,5,51
9657,12,48,32750,32757,32804,7,54
9659,14,48,32750,32759,32807,9,57
9664,2,48,32788,32789,32810,1,22
9665,7,48,32788,32790,32813,2,25
9661,9,48,32767,32769,32816,2,49
9666,1,48,32800,32802,32825,2,25
9667,5,48,32800,32803,32828,3,28
9673,8,48,32814,32816,32831,2,17
9668,6,48,32800,32804,32834,4,34
9671,11,48,32800,32807,32837,7,37
9672,13,48,32800,32808,32840,8,40
9674,1,48,32825,32827,32843,2,18
9675,2,48,32825,32828,32846,3,21
9676,7,48,32825,32829,32850,4,25
9669,9,48,32800,32805,32853,5,53
9677,12,48,32825,32830,32856,5,31
9678,14,48,32825,32831,32859,6,34
9679,5,48,32833,32834,32862,1,29
9670,10,48,32800,32806,32865,6,65
9681,1,48,32850,32851,32868,1,18
9682,6,48,32850,32852,32874,2,24
9686,8,48,32857,32858,32877,1,20
9687,2,48,32862,32864,32880,2,18
9688,7,48,32862,32865,32883,3,21
9689,5,48,32867,32869,32886,2,19
9684,11,48,32850,32854,32889,4,39
9691,1,48,32875,32876,32892,1,17
9685,13,48,32850,32855,32895,5,45
9680,9,48,32833,32835,32898,2,65
9683,10,48,32850,32853,32901,3,51
9690,9,48,32867,32870,32904,3,37
9692,1,48,32900,32901,32924,1,24
9693,2,48,32900,32902,32927,2,27
9694,5,48,32900,32903,32930,3,30
9697,8,48,32900,32906,32933,6,33
9700,11,48,32900,32909,32936,9,36
9702,13,48,32900,32911,32939,11,39
9695,6,48,32900,32904,32942,4,42
9696,7,48,32900,32905,32945,5,45
9704,1,48,32925,32927,32948,2,23
9698,9,48,32900,32907,32951,7,51
9701,12,48,32900,32910,32954,10,54
9703,14,48,32900,32912,32957,12,57
9705,5,48,32933,32935,32960,2,27
9710,1,48,32950,32952,32963,2,13
9709,8,48,32943,32945,32966,2,23
9707,2,48,32938,32939,32969,1,31
9711,6,48,32950,32953,32972,3,22
9708,7,48,32938,32940,32975,2,37
9713,11,48,32950,32955,32978,5,28
9714,13,48,32950,32956,32981,6,31
9699,10,48,32900,32908,32984,8,84
9715,5,48,32967,32969,32987,2,20
9706,9,48,32933,32936,32990,3,57
9717,1,48,32975,32976,32993,1,18
9718,2,48,32975,32977,32996,2,21
9722,8,48,32986,32988,32999,2,13
9720,12,48,32975,32979,33002,4,27
9721,14,48,32975,32980,33005,5,30
9719,7,48,32975,32978,33008,3,33
9712,10,48,32950,32954,33011,4,61
9716,9,48,32967,32970,33014,3,47
9723,1,48,33000,33002,33025,2,25
9724,5,48,33000,33003,33028,3,28
9730,2,48,33012,33014,33031,2,19
9728,11,48,33000,33007,33034,7,34
9729,13,48,33000,33008,33037,8,37
9731,7,48,33012,33015,33040,3,28
9725,6,48,33000,33004,33043,4,43
9732,1,48,33025,33027,33046,2,21
9733,8,48,33029,33030,33049,1,20
9726,9,48,33000,33005,33052,5,52
9734,5,48,33033,33034,33055,1,22
9727,10,48,33000,33006,33058,6,58
9735,9,48,33033,33035,33061,2,28
9736,1,48,33050,33051,33074,1,24
9737,2,48,33050,33052,33077,2,27
9738,6,48,33050,33053,33080,3,30
9747,8,48,33071,33072,33083,1,12
9741,11,48,33050,33056,33086,6,36
9743,13,48,33050,33058,33089,8,39
9745,5,48,33067,33068,33092,1,25
9739,7,48,33050,33054,33095,4,45
9748,1,48,33075,33077,33098,2,23
9740,10,48,33050,33055,33101,5,51
9742,12,48,33050,33057,33104,7,54
9744,14,48,33050,33059,33107,9,57
9749,2,48,33088,33089,33110,1,22
9750,7,48,33088,33090,33113,2,25
9746,9,48,33067,33069,33116,2,49
9751,1,48,33100,33102,33125,2,25
9752,5,48,33100,33103,33128,3,28
9758,8,48,33114,33116,33131,2,17
9753,6,48,33100,33104,33134,4,34
9756,11,48,33100,33107,33137,7,37
9757,13,48,33100,33108,33140,8,40
9759,1,48,33125,33127,33143,2,18
9760,2,48,33125,33128,33146,3,21
9761,7,48,33125,33129,33150,4,25
9754,9,48,33100,33105,33153,5,53
9762,12,48,33125,33130,33156,5,31
9763,14,48,33125,33131,33159,6,34
9764,5,48,33133,33134,33162,1,29
9755,10,48,33100,33106,33165,6,65
9766,1,48,33150,33151,33168,1,18
9767,6,48,33150,33152,33174,2,24
9771,8,48,33157,33158,33177,1,20
9772,2,48,33162,33164,33180,2,18
9773,7,48,33162,33165,33183,3,21
9774,5,48,33167,33169,33186,2,19
9769,11,48,33150,33154,33189,4,39
9776,1,48,33175,33176,33192,1,17
9770,13,48,33150,33155,33195,5,45
9765,9,48,33133,33135,33198,2,65
9768,10,48,33150,33153,33201,3,51
9775,9,48,33167,33170,33204,3,37
9777,1,48,33200,33201,33224,1,24
9778,2,48,33200,33202,33227,2,27
9779,5,48,33200,33203,33230,3,30
9782,8,48,33200,33206,33233,6,33
9785,11,48,33200,33209,33236,9,36
9787,13,48,33200,33211,33239,11,39
9780,6,48,33200,33204,33242,4,42
9781,7,48,33200,33205,33245,5,45
9789,1,48,33225,33227,33248,2,23
9783,9,48,33200,33207,33251,7,51
9786,12,48,33200,33210,33254,10,54
9788,14,48,33200,33212,33257,12,57
9790,5,48,33233,33235,33260,2,27
9795,1,48,33250,33252,33263,2,13
9794,8,48,33243,33245,33266,2,23
9792,2,48,33238,33239,33269,1,31
9796,6,48,33250,33253,33272,3,22
9793,7,48,33238,33240,33275,2,37
9798,11,48,33250,33255,33278,5,28
9799,13,48,33250,33256,33281,6,31
9784,10,48,33200,33208,33284,8,84
9800,5,48,33267,33269,33287,2,20
9791,9,48,33233,33236,33290,3,57
9802,1,48,33275,33276,33293,1,18
9803,2,48,33275,33277,33296,2,21
9807,8,48,33286,33288,33299,2,13
9805,12,48,33275,33279,33302,4,27
9806,14,48,33275,33280,33305,5,30
9804,7,48,33275,33278,33308,3,33
9797,10,48,33250,33254,33311,4,61
9801,9,48,33267,33270,33314,3,47
9808,1,48,33300,33302,33325,2,25
9809,5,48,33300,33303,33328,3,28
9815,2,48,33312,33314,33331,2,19
9813,11,48,33300,33307,33334,7,34
9814,13,48,33300,33308,33337,8,37
9816,7,48,33312,33315,33340,3,28
9810,6,48,33300,33304,33343,4,43
9817,1,48,33325,33327,33346,2,21
9818,8,48,33329,33330,33349,1,20
9811,9,48,33300,33305,33352,5,52
9819,5,48,33333,33334,33355,1,22
9812,10,48,33300,33306,33358,6,58
9820,9,48,33333,33335,33361,2,28
9821,1,48,33350,33351,33374,1,24
9822,2,48,33350,33352,33377,2,27
9823,6,48,33350,33353,33380,3,30
9832,8,48,33371,33372,33383,1,12
9826,11,48,33350,33356,33386,6,36
9828,13,48,33350,33358,33389,8,39
9830,5,48,33367,33368,33392,1,25
9824,7,48,33350,33354,33395,4,45
9833,1,48,33375,33377,33398,2,23
9825,10,48,33350,33355,33401,5,51
9827,12,48,33350,33357,33404,7,54
9829,14,48,33350,33359,33407,9,57
9834,2,48,33388,33389,33410,1,22
9835,7,48,33388,33390,33413,2,25
9831,9,48,33367,33369,33416,2,49
9836,1,48,33400,33402,33425,2,25
9837,5,48,33400,33403,33428,3,28
9843,8,48,33414,33416,33431,2,17
9838,6,48,33400,33404,33434,4,34
9841,11,48,33400,33407,33437,7,37
9842,13,48,33400,33408,33440,8,40
9844,1,48,33425,33427,33443,2,18
9845,2,48,33425,33428,33446,3,21
9846,7,48,33425,33429,33450,4,25
9839,9,48,33400,33405,33453,5,53
9847,12,48,33425,33430,33456,5,31
9848,14,48,33425,33431,33459,6,34
9849,5,48,33433,33434,33462,1,29
9840,10,48,33400,33406,33465,6,65
9851,1,48,33450,33451,33468,1,18
9852,6,48,33450,33452,33474,2,24
9856,8,48,33457,33458,33477,1,20
9857,2,48,33462,33464,33480,2,18
9858,7,48,33462,33465,33483,3,21
9859,5,48,33467,33469,33486,2,19
9854,11,48,33450,33454,33489,4,39
9861,1,48,33475,33476,33492,1,17
9855,13,48,33450,33455,33495,5,45
9850,9,48,33433,33435,33498,2,65
9853,10,48,33450,33453,33501,3,51
9860,9,48,33467,33470,33504,3,37
9862,1,48,33500,33501,33524,1,24
9863,2,48,33500,33502,33527,2,27
9864,5,48,33500,33503,33530,3,30
9867,8,48,33500,33506,33533,6,33
9870,11,48,33500,33509,33536,9,36
9872,13,48,33500,33511,33539,11,39
9865,6,48,33500,33504,33542,4,42
9866,7,48,33500,33505,33545,5,45
9874,1,48,33525,33527,33548,2,23
9868,9,48,33500,33507,33551,7,51
9871,12,48,33500,33510,33554,10,54
9873,14,48,33500,33512,33557,12,57
9875,5,48,33533,33535,33560,2,27
9880,1,48,33550,33552,33563,2,13
9879,8,48,33543,33545,33566,2,23
9877,2,48,33538,33539,33569,1,31
9881,6,48,33550,33553,33572,3,22
9878,7,48,33538,33540,33575,2,37
9883,11,48,33550,33555,33578,5,28
9884,13,48,33550,33556,33581,6,31
9869,10,48,33500,33508,33584,8,84
9885,5,48,33567,33569,33587,2,20
9876,9,48,33533,33536,33590,3,57
9887,1,48,33575,33576,33593,1,18
9888,2,48,33575,33577,33596,2,21
9892,8,48,33586,33588,33599,2,13
9890,12,48,33575,33579,33602,4,27
9891,14,48,33575,33580,33605,5,30
9889,7,48,33575,33578,33608,3,33
9882,10,48,33550,33554,33611,4,61
9886,9,48,33567,33570,33614,3,47
9893,1,48,33600,33602,33625,2,25
9894,5,48,33600,33603,33628,3,28
9900,2,48,33612,33614,33631,2,19
9898,11,48,33600,33607,33634,7,34
9899,13,48,33600,33608,33637,8,37
9901,7,48,33612,33615,33640,3,28
9895,6,48,33600,33604,33643,4,43
9902,1,48,33625,33627,33646,2,21
9903,8,48,33629,33630,33649,1,20
9896,9,48,33600,33605,33652,5,52
9904,5,48,33633,33634,33655,1,22
9897,10,48,33600,33606,33658,6,58
9905,9,48,33633,33635,33661,2,28
9906,1,48,33650,33651,33674,1,24
9907,2,48,33650,33652,33677,2,27
9908,6,48,33650,33653,33680,3,30
9917,8,48,33671,33672,33683,1,12
9911,11,48,33650,33656,33686,6,36
9913,13,48,33650,33658,33689,8,39
9915,5,48,33667,33668,33692,1,25
9909,7,48,33650,33654,33695,4,45
9918,1,48,33675,33677,33698,2,23
9910,10,48,33650,33655,33701,5,51
9912,12,48,33650,33657,33704,7,54
9914,14,48,33650,33659,33707,9,57
9919,2,48,33688,33689,33710,1,22
9920,7,48,33688,33690,33713,2,25
9916,9,48,33667,33669,33716,2,49
9921,1,48,33700,33702,33725,2,25
9922,5,48,33700,33703,33728,3,28
9928,8,48,33714,33716,33731,2,17
9923,6,48,33700,33704,33734,4,34
9926,11,48,33700,33707,33737,7,37
9927,13,48,33700,33708,33740,8,40
9929,1,48,33725,33727,33743,2,18
9930,2,48,33725,33728,33746,3,21
9931,7,48,33725,33729,33750,4,25
9924,9,48,33700,33705,33753,5,53
9932,12,48,33725,33730,33756,5,31
9933,14,48,33725,33731,33759,6,34
9934,5,48,33733,33734,33762,1,29
9925,10,48,33700,33706,33765,6,65
9936,1,48,33750,33751,33768,1,18
9937,6,48,33750,33752,33774,2,24
9941,8,48,33757,33758,33777,1,20
9942,2,48,33762,33764,33780,2,18
9943,7,48,33762,33765,33783,3,21
9944,5,48,33767,33769,33786,2,19
9939,11,48,33750,33754,33789,4,39
9946,1,48,33775,33776,33792,1,17
9940,13,48,33750,33755,33795,5,45
9935,9,48,33733,33735,33798,2,65
9938,10,48,33750,33753,33801,3,51
9945,9,48,33767,33770,33804,3,37
9947,1,48,33800,33801,33824,1,24
9948,2,48,33800,33802,33827,2,27
9949,5,48,33800,33803,33830,3,30
9952,8,48,33800,33806,33833,6,33
9955,11,48,33800,33809,33836,9,36
9957,13,48,33800,33811,33839,11,39
9950,6,48,33800,33804,33842,4,42
9951,7,48,33800,33805,33845,5,45
9959,1,48,33825,33827,33848,2,23
9953,9,48,33800,33807,33851,7,51
9956,12,48,33800,33810,33854,10,54
9958,14,48,33800,33812,33857,12,57
9960,5,48,33833,33835,33860,2,27
9965,1,48,33850,33852,33863,2,13
9964,8,48,33843,33845,33866,2,23
9962,2,48,33838,33839,33869,1,31
9966,6,48,33850,33853,33872,3,22
9963,7,48,33838,33840,33875,2,37
9968,11,48,33850,33855,33878,5,28
9969,13,48,33850,33856,33881,6,31
9954,10,48,33800,33808,33884,8,84
9970,5,48,33867,33869,33887,2,20
9961,9,48,33833,33836,33890,3,57
9972,1,48,33875,33876,33893,1,18
9973,2,48,33875,33877,33896,2,21
9977,8,48,33886,33888,33899,2,13
9975,12,48,33875,33879,33902,4,27
9976,14,48,33875,33880,33905,5,30
9974,7,48,33875,33878,33908,3,33
9967,10,48,33850,33854,33911,4,61
9971,9,48,33867,33870,33914,3,47
9978,1,48,33900,33902,33925,2,25
9979,5,48,33900,33903,33928,3,28
9985,2,48,33912,33914,33931,2,19
9983,11,48,33900,33907,33934,7,34
9984,13,48,33900,33908,33937,8,37
9986,7,48,33912,33915,33940,3,28
9980,6,48,33900,33904,33943,4,43
9987,1,48,33925,33927,33946,2,21
9988,8,48,33929,33930,33949,1,20
9981,9,48,33900,33905,33952,5,52
9989,5,48,33933,33934,33955,1,22
9982,10,48,33900,33906,33958,6,58
9990,9,48,33933,33935,33961,2,28
9991,1,48,33950,33951,33974,1,24
9992,2,48,33950,33952,33977,2,27
9993,6,48,33950,33953,33980,3,30
10002,8,48,33971,33972,33983,1,12
9996,11,48,33950,33956,33986,6,36
9998,13,48,33950,33958,33989,8,39
10000,5,48,33967,33968,33992,1,25
9994,7,48,33950,33954,33995,4,45
10003,1,48,33975,33977,33998,2,23
9995,10,48,33950,33955,34001,5,51
9997,12,48,33950,33957,34004,7,54
9999,14,48,33950,33959,34007,9,57
10004,2,48,33988,33989,34010,1,22
10005,7,48,33988,33990,34013,2,25
10001,9,48,33967,33969,34016,2,49
