request_id,global_flow_id,size_bytes,arrival_cycle,admitted_cycle,completed_cycle,admission_delay_cycles,sojourn_cycles
1,1,48,0,1,24,1,24
3,3,48,5,7,27,2,22
2,2,48,3,4,30,1,27
4,4,48,8,10,33,2,25
6,6,48,14,16,36,2,22
7,7,48,16,17,39,1,23
5,5,48,11,12,42,1,31
8,8,48,19,21,45,2,26
9,9,48,22,23,48,1,26
12,12,48,30,31,51,1,21
10,10,48,25,26,54,1,29
11,11,48,27,28,57,1,30
13,13,48,33,34,60,1,27
15,15,48,38,39,63,1,25
14,14,48,35,37,66,2,31
16,16,48,41,43,69,2,28
18,18,48,46,47,72,1,26
19,19,48,49,50,75,1,26
17,17,48,44,46,78,2,34
20,20,48,52,54,81,2,29
21,21,48,55,56,84,1,29
24,24,48,63,64,87,1,24
22,22,48,57,59,90,2,33
23,23,48,60,61,93,1,33
25,25,48,65,67,96,2,31
27,27,48,71,72,99,1,28
30,30,48,79,81,102,2,23
26,26,48,68,70,105,2,37
28,28,48,74,76,108,2,34
29,29,48,76,77,111,1,35
31,31,48,82,83,114,1,32
33,1,48,87,88,117,1,30
32,32,48,85,86,120,1,35
34,2,48,90,91,123,1,33
35,3,48,92,94,126,2,34
38,6,48,101,103,129,2,28
39,7,48,103,104,132,1,29
36,4,48,95,97,135,2,40
37,5,48,98,99,138,1,40
40,8,48,106,108,141,2,35
41,9,48,109,110,144,1,35
44,12,48,117,118,147,1,30
45,13,48,120,121,150,1,30
42,10,48,112,113,153,1,41
43,11,48,114,115,156,1,42
46,14,48,122,124,159,2,37
47,15,48,125,126,162,1,37
50,18,48,133,134,165,1,32
51,19,48,136,137,168,1,32
48,16,48,128,130,171,2,43
49,17,48,131,133,174,2,43
52,20,48,139,141,177,2,38
53,21,48,142,143,180,1,38
56,24,48,150,151,183,1,33
57,25,48,152,154,186,2,34
54,22,48,144,146,189,2,45
55,23,48,147,148,192,1,45
58,26,48,155,157,195,2,40
59,27,48,158,159,198,1,40
62,30,48,166,168,201,2,35
63,31,48,169,170,204,1,35
60,28,48,161,163,207,2,46
61,29,48,163,164,210,1,47
64,32,48,172,173,213,1,41
65,1,48,175,177,216,2,41
67,3,48,180,182,219,2,39
70,6,48,189,190,222,1,33
71,7,48,191,193,225,2,34
66,2,48,178,179,228,1,50
68,4,48,183,184,231,1,48
69,5,48,186,187,234,1,48
72,8,48,194,195,237,1,43
73,9,48,197,199,240,2,43
76,12,48,205,206,243,1,38
77,13,48,208,210,246,2,38
79,15,48,213,214,249,1,36
74,10,48,200,202,252,2,52
75,11,48,202,203,255,1,53
78,14,48,210,211,258,1,48
80,16,48,216,217,261,1,45
82,18,48,221,222,264,1,43
83,19,48,224,226,267,2,43
85,21,48,230,231,270,1,40
88,24,48,238,239,273,1,35
81,17,48,219,220,276,1,57
84,20,48,227,229,279,2,52
86,22,48,232,234,282,2,50
87,23,48,235,236,285,1,50
89,25,48,240,241,288,1,48
91,27,48,246,247,291,1,45
94,30,48,254,256,294,2,40
95,31,48,257,259,297,2,40
90,26,48,243,244,300,1,57
92,28,48,249,250,303,1,54
93,29,48,251,252,306,1,55
96,32,48,260,261,309,1,49
97,1,48,262,264,312,2,50
99,3,48,267,269,315,2,48
102,6,48,276,277,318,1,42
103,7,48,278,280,321,2,43
105,9,48,284,286,324,2,40
98,2,48,265,266,327,1,62
100,4,48,270,271,330,1,60
101,5,48,273,274,333,1,60
104,8,48,281,282,336,1,55
106,10,48,287,289,339,2,52
108,12,48,292,293,342,1,50
109,13,48,295,297,345,2,50
111,15,48,300,301,348,1,48
114,18,48,308,309,351,1,43
115,19,48,311,313,354,2,43
107,11,48,289,290,357,1,68
110,14,48,297,298,360,1,63
112,16,48,303,304,363,1,60
113,17,48,306,307,366,1,60
116,20,48,314,316,369,2,55
117,21,48,317,318,372,1,55
120,24,48,325,326,375,1,50
121,25,48,327,328,378,1,51
123,27,48,333,334,381,1,48
126,30,48,341,343,384,2,43
118,22,48,319,321,387,2,68
119,23,48,322,323,390,1,68
122,26,48,330,331,393,1,63
124,28,48,336,337,396,1,60
125,29,48,338,339,399,1,61
127,31,48,344,346,402,2,58
129,1,48,349,351,405,2,56
131,3,48,354,356,408,2,54
134,6,48,363,364,411,1,48
135,7,48,365,367,414,2,49
137,9,48,371,373,417,2,46
128,32,48,347,348,420,1,73
130,2,48,352,353,423,1,71
132,4,48,357,358,426,1,69
133,5,48,360,361,429,1,69
136,8,48,368,369,432,1,64
138,10,48,374,376,435,2,61
140,12,48,379,380,438,1,59
141,13,48,382,384,441,2,59
143,15,48,387,388,444,1,57
146,18,48,395,396,447,1,52
147,19,48,398,400,450,2,52
149,21,48,404,405,453,1,49
139,11,48,376,377,456,1,80
142,14,48,384,385,459,1,75
144,16,48,390,391,462,1,72
145,17,48,393,394,465,1,72
148,20,48,401,403,468,2,67
150,22,48,406,408,471,2,65
152,24,48,412,413,474,1,62
153,25,48,414,415,477,1,63
155,27,48,420,421,480,1,60
158,30,48,428,430,483,2,55
159,31,48,431,433,486,2,55
161,1,48,436,438,489,2,53
163,3,48,441,443,492,2,51
151,23,48,409,410,495,1,86
154,26,48,417,418,498,1,81
156,28,48,423,424,501,1,78
157,29,48,425,426,504,1,79
160,32,48,434,435,507,1,73
162,2,48,439,440,510,1,71
164,4,48,444,445,513,1,69
166,6,48,450,451,516,1,66
167,7,48,452,454,519,2,67
169,9,48,458,460,522,2,64
172,12,48,466,467,525,1,59
173,13,48,469,471,528,2,59
175,15,48,474,475,531,1,57
178,18,48,482,483,534,1,52
165,5,48,447,448,537,1,90
168,8,48,455,456,540,1,85
170,10,48,461,463,543,2,82
171,11,48,463,464,546,1,83
174,14,48,471,472,549,1,78
176,16,48,477,478,552,1,75
177,17,48,480,481,555,1,75
179,19,48,485,487,558,2,73
181,21,48,491,492,561,1,70
184,24,48,499,500,564,1,65
185,25,48,501,502,567,1,66
187,27,48,507,508,570,1,63
190,30,48,515,517,573,2,58
191,31,48,518,520,576,2,58
180,20,48,488,490,579,2,91
182,22,48,493,495,582,2,89
183,23,48,496,497,585,1,89
186,26,48,504,505,588,1,84
188,28,48,510,511,591,1,81
189,29,48,512,513,594,1,82
192,32,48,521,522,597,1,76
193,1,48,524,526,600,2,76
195,3,48,529,530,603,1,74
198,6,48,538,539,606,1,68
199,7,48,540,542,609,2,69
201,9,48,546,547,612,1,66
204,12,48,554,555,615,1,61
205,13,48,557,559,618,2,61
207,15,48,562,564,621,2,59
225,1,48,611,613,624,2,13
196,4,48,532,533,627,1,95
197,5,48,535,537,630,2,95
200,8,48,543,544,633,1,90
202,10,48,549,550,636,1,87
203,11,48,551,553,639,2,88
206,14,48,559,560,642,1,83
208,16,48,565,566,645,1,80
210,18,48,570,571,648,1,78
211,19,48,573,574,651,1,78
213,21,48,579,580,654,1,75
216,24,48,587,589,657,2,70
217,25,48,589,590,660,1,71
219,27,48,595,597,663,2,68
222,30,48,603,604,666,1,63
223,31,48,606,607,669,1,63
209,17,48,568,569,672,1,104
243,19,48,660,661,675,1,15
214,22,48,581,582,678,1,97
215,23,48,584,586,681,2,97
218,26,48,592,593,684,1,92
220,28,48,598,599,687,1,89
221,29,48,600,602,690,2,90
224,32,48,609,610,693,1,84
194,2,48,527,529,696,2,169
227,3,48,616,618,699,2,83
230,6,48,625,627,702,2,77
231,7,48,627,628,705,1,78
233,9,48,633,634,708,1,75
236,12,48,641,643,711,2,70
237,13,48,644,646,714,2,70
239,15,48,649,650,717,1,68
257,1,48,698,699,720,1,22
228,4,48,619,620,723,1,104
229,5,48,622,623,726,1,104
263,7,48,714,715,729,1,15
234,10,48,636,637,732,1,96
235,11,48,638,639,735,1,97
238,14,48,646,647,738,1,92
240,16,48,652,654,741,2,89
242,18,48,657,659,744,2,87
212,20,48,576,577,747,1,171
245,21,48,666,667,750,1,84
248,24,48,674,676,753,2,79
249,25,48,676,677,756,1,80
251,27,48,682,683,759,1,77
254,30,48,690,691,762,1,72
255,31,48,693,694,765,1,72
274,18,48,744,746,768,2,24
275,19,48,747,748,771,1,24
246,22,48,668,670,774,2,106
247,23,48,671,672,777,1,106
281,25,48,763,764,780,1,17
252,28,48,685,686,783,1,98
253,29,48,687,688,786,1,99
256,32,48,696,697,789,1,93
226,2,48,614,615,792,1,178
259,3,48,703,704,795,1,92
262,6,48,712,713,798,1,86
232,8,48,630,631,801,1,171
265,9,48,720,721,804,1,84
268,12,48,728,730,807,2,79
269,13,48,731,733,810,2,79
271,15,48,736,737,813,1,77
289,1,48,785,786,816,1,31
260,4,48,706,708,819,2,113
294,6,48,799,800,822,1,23
295,7,48,801,802,825,1,24
266,10,48,723,724,828,1,105
267,11,48,725,726,831,1,106
301,13,48,818,820,834,2,16
272,16,48,739,741,837,2,98
241,17,48,655,656,840,1,185
244,20,48,663,664,843,1,180
277,21,48,753,754,846,1,93
280,24,48,761,763,849,2,88
250,26,48,679,681,852,2,173
283,27,48,769,770,855,1,86
286,30,48,777,778,858,1,81
287,31,48,780,781,861,1,81
306,18,48,831,833,864,2,33
307,19,48,834,835,867,1,33
278,22,48,755,757,870,2,115
312,24,48,848,850,873,2,25
313,25,48,850,851,876,1,26
284,28,48,772,773,879,1,107
285,29,48,774,775,882,1,108
319,31,48,867,868,885,1,18
321,1,48,873,874,888,1,15
291,3,48,790,791,891,1,101
261,5,48,709,710,894,1,185
264,8,48,717,718,897,1,180
297,9,48,807,808,900,1,93
300,12,48,815,817,903,2,88
270,14,48,733,734,906,1,173
303,15,48,823,824,909,1,86
258,2,48,701,703,912,2,211
292,4,48,793,795,915,2,122
326,6,48,887,889,918,2,31
327,7,48,889,890,921,1,32
298,10,48,810,811,924,1,114
332,12,48,903,904,927,1,24
333,13,48,906,907,930,1,24
304,16,48,826,828,933,2,107
273,17,48,742,743,936,1,194
339,19,48,922,924,939,2,17
309,21,48,840,841,942,1,102
279,23,48,758,759,945,1,187
282,26,48,766,768,948,2,182
315,27,48,856,857,951,1,95
318,30,48,864,865,954,1,90
288,32,48,783,784,957,1,174
338,18,48,919,920,960,1,41
276,20,48,750,751,963,1,213
310,22,48,842,844,966,2,124
344,24,48,936,937,969,1,33
345,25,48,938,940,972,2,34
316,28,48,859,860,975,1,116
350,30,48,952,953,978,1,26
351,31,48,955,957,981,2,26
353,1,48,960,962,984,2,24
323,3,48,878,880,987,2,109
293,5,48,796,797,990,1,194
359,7,48,976,978,993,2,17
329,9,48,895,897,996,2,101
299,11,48,812,813,999,1,187
302,14,48,820,821,1002,1,182
335,15,48,911,913,1005,2,94
290,2,48,788,790,1008,2,220
324,4,48,881,882,1011,1,130
358,6,48,974,975,1014,1,40
296,8,48,804,805,1017,1,213
330,10,48,898,899,1020,1,122
364,12,48,990,991,1023,1,33
365,13,48,993,994,1026,1,33
336,16,48,914,915,1029,1,115
370,18,48,1006,1007,1032,1,26
371,19,48,1009,1010,1035,1,26
341,21,48,928,929,1038,1,110
311,23,48,845,846,1041,1,196
377,25,48,1025,1027,1044,2,19
347,27,48,944,946,1047,2,103
317,29,48,861,862,1050,1,189
320,32,48,870,871,1053,1,183
305,17,48,829,830,1056,1,227
308,20,48,837,838,1059,1,222
342,22,48,930,931,1062,1,132
376,24,48,1023,1024,1065,1,42
314,26,48,853,855,1068,2,215
348,28,48,947,949,1071,2,124
382,30,48,1039,1041,1074,2,35
383,31,48,1042,1043,1077,1,35
385,1,48,1047,1048,1080,1,33
355,3,48,965,966,1083,1,118
390,6,48,1061,1063,1086,2,25
391,7,48,1063,1064,1089,1,26
361,9,48,982,983,1092,1,110
331,11,48,900,902,1095,2,195
397,13,48,1080,1081,1098,1,18
367,15,48,998,999,1101,1,103
322,2,48,876,877,1104,1,228
356,4,48,968,970,1107,2,139
325,5,48,884,886,1110,2,226
328,8,48,892,893,1113,1,221
362,10,48,985,987,1116,2,131
396,12,48,1077,1078,1119,1,42
334,14,48,908,910,1122,2,214
368,16,48,1001,1003,1125,2,124
402,18,48,1093,1094,1128,1,35
403,19,48,1096,1097,1131,1,35
373,21,48,1015,1016,1134,1,119
408,24,48,1110,1111,1137,1,27
409,25,48,1112,1114,1140,2,28
379,27,48,1031,1032,1143,1,112
414,30,48,1126,1128,1146,2,20
415,31,48,1129,1130,1149,1,20
337,17,48,917,919,1152,2,235
340,20,48,925,926,1155,1,230
374,22,48,1017,1019,1158,2,141
343,23,48,933,934,1161,1,228
346,26,48,941,942,1164,1,223
380,28,48,1034,1036,1167,2,133
349,29,48,949,950,1170,1,221
352,32,48,958,959,1173,1,215
417,1,48,1135,1137,1176,2,41
387,3,48,1052,1054,1179,2,127
422,6,48,1149,1150,1182,1,33
423,7,48,1151,1153,1185,2,34
393,9,48,1069,1070,1188,1,119
428,12,48,1165,1166,1191,1,26
429,13,48,1168,1170,1194,2,26
399,15,48,1085,1086,1197,1,112
354,2,48,963,964,1200,1,237
388,4,48,1055,1057,1203,2,148
357,5,48,971,973,1206,2,235
360,8,48,979,980,1209,1,230
394,10,48,1072,1073,1212,1,140
363,11,48,987,988,1215,1,228
366,14,48,995,997,1218,2,223
400,16,48,1088,1090,1221,2,133
434,18,48,1181,1182,1224,1,43
435,19,48,1184,1186,1227,2,43
405,21,48,1102,1103,1230,1,128
440,24,48,1198,1199,1233,1,35
441,25,48,1200,1201,1236,1,36
411,27,48,1118,1119,1239,1,121
446,30,48,1214,1216,1242,2,28
447,31,48,1217,1219,1245,2,28
369,17,48,1004,1006,1248,2,244
372,20,48,1012,1014,1251,2,239
406,22,48,1104,1106,1254,2,150
375,23,48,1020,1021,1257,1,237
378,26,48,1028,1030,1260,2,232
412,28,48,1121,1123,1263,2,142
381,29,48,1036,1037,1266,1,230
384,32,48,1045,1046,1269,1,224
449,1,48,1222,1224,1272,2,50
419,3,48,1140,1142,1275,2,135
454,6,48,1236,1237,1278,1,42
455,7,48,1238,1240,1281,2,43
425,9,48,1157,1159,1284,2,127
460,12,48,1252,1253,1287,1,35
461,13,48,1255,1257,1290,2,35
431,15,48,1173,1174,1293,1,120
386,2,48,1050,1051,1296,1,246
420,4,48,1143,1144,1299,1,156
389,5,48,1058,1059,1302,1,244
392,8,48,1066,1068,1305,2,239
426,10,48,1160,1162,1308,2,148
395,11,48,1074,1075,1311,1,237
398,14,48,1082,1084,1314,2,232
432,16,48,1176,1177,1317,1,141
466,18,48,1268,1269,1320,1,52
467,19,48,1271,1273,1323,2,52
437,21,48,1190,1191,1326,1,136
472,24,48,1285,1286,1329,1,44
473,25,48,1287,1288,1332,1,45
443,27,48,1206,1207,1335,1,129
478,30,48,1301,1303,1338,2,37
479,31,48,1304,1306,1341,2,37
401,17,48,1091,1093,1344,2,253
404,20,48,1099,1101,1347,2,248
438,22,48,1192,1194,1350,2,158
407,23,48,1107,1108,1353,1,246
410,26,48,1115,1117,1356,2,241
444,28,48,1209,1210,1359,1,150
413,29,48,1123,1124,1362,1,239
416,32,48,1132,1133,1365,1,233
481,1,48,1309,1311,1368,2,59
451,3,48,1227,1229,1371,2,144
486,6,48,1323,1324,1374,1,51
487,7,48,1325,1327,1377,2,52
457,9,48,1244,1246,1380,2,136
492,12,48,1339,1340,1383,1,44
493,13,48,1342,1344,1386,2,44
463,15,48,1260,1261,1389,1,129
418,2,48,1138,1139,1392,1,254
452,4,48,1230,1231,1395,1,165
421,5,48,1146,1147,1398,1,252
424,8,48,1154,1155,1401,1,247
458,10,48,1247,1249,1404,2,157
427,11,48,1162,1163,1407,1,245
430,14,48,1170,1171,1410,1,240
464,16,48,1263,1264,1413,1,150
498,18,48,1355,1356,1416,1,61
499,19,48,1358,1360,1419,2,61
469,21,48,1277,1278,1422,1,145
504,24,48,1372,1373,1425,1,53
505,25,48,1374,1375,1428,1,54
475,27,48,1293,1294,1431,1,138
510,30,48,1388,1390,1434,2,46
511,31,48,1391,1393,1437,2,46
433,17,48,1179,1180,1440,1,261
436,20,48,1187,1189,1443,2,256
470,22,48,1279,1281,1446,2,167
439,23,48,1195,1196,1449,1,254
442,26,48,1203,1204,1452,1,249
476,28,48,1296,1297,1455,1,159
445,29,48,1211,1212,1458,1,247
448,32,48,1220,1221,1461,1,241
513,1,48,1396,1398,1464,2,68
483,3,48,1314,1316,1467,2,153
518,6,48,1410,1411,1470,1,60
519,7,48,1412,1414,1473,2,61
489,9,48,1331,1333,1476,2,145
524,12,48,1426,1427,1479,1,53
525,13,48,1429,1431,1482,2,53
495,15,48,1347,1348,1485,1,138
450,2,48,1225,1226,1488,1,263
484,4,48,1317,1318,1491,1,174
453,5,48,1233,1234,1494,1,261
456,8,48,1241,1242,1497,1,256
490,10,48,1334,1336,1500,2,166
459,11,48,1249,1250,1503,1,254
462,14,48,1257,1258,1506,1,249
496,16,48,1350,1351,1509,1,159
530,18,48,1442,1443,1512,1,70
531,19,48,1445,1447,1515,2,70
501,21,48,1364,1365,1518,1,154
536,24,48,1459,1460,1521,1,62
537,25,48,1461,1462,1524,1,63
507,27,48,1380,1381,1527,1,147
542,30,48,1475,1477,1530,2,55
543,31,48,1478,1480,1533,2,55
465,17,48,1266,1267,1536,1,270
468,20,48,1274,1276,1539,2,265
502,22,48,1366,1368,1542,2,176
471,23,48,1282,1283,1545,1,263
474,26,48,1290,1291,1548,1,258
508,28,48,1383,1384,1551,1,168
477,29,48,1298,1299,1554,1,256
480,32,48,1307,1308,1557,1,250
545,1,48,1484,1486,1560,2,76
515,3,48,1401,1403,1563,2,162
550,6,48,1498,1499,1566,1,68
551,7,48,1500,1502,1569,2,69
521,9,48,1418,1420,1572,2,154
556,12,48,1514,1515,1575,1,61
557,13,48,1517,1519,1578,2,61
527,15,48,1434,1435,1581,1,147
577,1,48,1571,1573,1584,2,13
516,4,48,1404,1405,1587,1,183
485,5,48,1320,1321,1590,1,270
488,8,48,1328,1329,1593,1,265
522,10,48,1421,1423,1596,2,175
491,11,48,1336,1337,1599,1,263
494,14,48,1344,1345,1602,1,258
528,16,48,1437,1438,1605,1,168
562,18,48,1530,1531,1608,1,78
563,19,48,1533,1534,1611,1,78
533,21,48,1451,1452,1614,1,163
568,24,48,1547,1549,1617,2,70
569,25,48,1549,1550,1620,1,71
539,27,48,1467,1468,1623,1,156
574,30,48,1563,1564,1626,1,63
575,31,48,1566,1567,1629,1,63
497,17,48,1353,1354,1632,1,279
595,19,48,1620,1621,1635,1,15
534,22,48,1453,1455,1638,2,185
503,23,48,1369,1370,1641,1,272
506,26,48,1377,1378,1644,1,267
540,28,48,1470,1471,1647,1,177
509,29,48,1385,1386,1650,1,265
512,32,48,1394,1395,1653,1,259
482,2,48,1312,1313,1656,1,344
547,3,48,1489,1490,1659,1,170
582,6,48,1585,1587,1662,2,77
583,7,48,1587,1588,1665,1,78
553,9,48,1506,1507,1668,1,162
588,12,48,1601,1603,1671,2,70
589,13,48,1604,1606,1674,2,70
559,15,48,1522,1524,1677,2,155
609,1,48,1658,1659,1680,1,22
548,4,48,1492,1493,1683,1,191
517,5,48,1407,1408,1686,1,279
615,7,48,1674,1675,1689,1,15
554,10,48,1509,1510,1692,1,183
523,11,48,1423,1424,1695,1,272
526,14,48,1431,1432,1698,1,267
560,16,48,1525,1526,1701,1,176
594,18,48,1617,1619,1704,2,87
500,20,48,1361,1363,1707,2,346
565,21,48,1539,1540,1710,1,171
600,24,48,1634,1636,1713,2,79
601,25,48,1636,1637,1716,1,80
571,27,48,1555,1557,1719,2,164
606,30,48,1650,1651,1722,1,72
607,31,48,1653,1654,1725,1,72
626,18,48,1704,1706,1728,2,24
627,19,48,1707,1708,1731,1,24
566,22,48,1541,1542,1734,1,193
535,23,48,1456,1457,1737,1,281
633,25,48,1723,1724,1740,1,17
572,28,48,1558,1559,1743,1,185
541,29,48,1472,1473,1746,1,274
544,32,48,1481,1482,1749,1,268
514,2,48,1399,1400,1752,1,353
579,3,48,1576,1578,1755,2,179
614,6,48,1672,1673,1758,1,86
520,8,48,1415,1416,1761,1,346
585,9,48,1593,1594,1764,1,171
620,12,48,1688,1690,1767,2,79
621,13,48,1691,1693,1770,2,79
591,15,48,1609,1610,1773,1,164
641,1,48,1745,1746,1776,1,31
580,4,48,1579,1580,1779,1,200
646,6,48,1759,1760,1782,1,23
647,7,48,1761,1762,1785,1,24
586,10,48,1596,1597,1788,1,192
555,11,48,1511,1513,1791,2,280
653,13,48,1778,1780,1794,2,16
592,16,48,1612,1614,1797,2,185
529,17,48,1440,1441,1800,1,360
532,20,48,1448,1450,1803,2,355
597,21,48,1626,1627,1806,1,180
632,24,48,1721,1723,1809,2,88
538,26,48,1464,1465,1812,1,348
603,27,48,1642,1643,1815,1,173
638,30,48,1737,1738,1818,1,81
639,31,48,1740,1741,1821,1,81
658,18,48,1791,1793,1824,2,33
659,19,48,1794,1795,1827,1,33
598,22,48,1628,1630,1830,2,202
664,24,48,1808,1810,1833,2,25
665,25,48,1810,1811,1836,1,26
604,28,48,1645,1646,1839,1,194
573,29,48,1560,1562,1842,2,282
671,31,48,1827,1828,1845,1,18
673,1,48,1833,1834,1848,1,15
611,3,48,1663,1664,1851,1,188
549,5,48,1495,1497,1854,2,359
552,8,48,1503,1504,1857,1,354
617,9,48,1680,1681,1860,1,180
652,12,48,1775,1777,1863,2,88
558,14,48,1519,1520,1866,1,347
623,15,48,1696,1697,1869,1,173
546,2,48,1487,1489,1872,2,385
612,4,48,1666,1668,1875,2,209
678,6,48,1847,1849,1878,2,31
679,7,48,1849,1850,1881,1,32
618,10,48,1683,1684,1884,1,201
684,12,48,1863,1864,1887,1,24
685,13,48,1866,1867,1890,1,24
624,16,48,1699,1701,1893,2,194
561,17,48,1528,1529,1896,1,368
691,19,48,1882,1884,1899,2,17
629,21,48,1713,1714,1902,1,189
567,23,48,1544,1546,1905,2,361
570,26,48,1552,1553,1908,1,356
635,27,48,1729,1730,1911,1,182
670,30,48,1824,1825,1914,1,90
576,32,48,1569,1570,1917,1,348
690,18,48,1879,1880,1920,1,41
564,20,48,1536,1537,1923,1,387
630,22,48,1715,1717,1926,2,211
696,24,48,1896,1897,1929,1,33
697,25,48,1898,1900,1932,2,34
636,28,48,1732,1733,1935,1,203
702,30,48,1912,1913,1938,1,26
703,31,48,1915,1917,1941,2,26
705,1,48,1920,1922,1944,2,24
643,3,48,1750,1751,1947,1,197
581,5,48,1582,1583,1950,1,368
711,7,48,1936,1938,1953,2,17
649,9,48,1767,1768,1956,1,189
587,11,48,1598,1599,1959,1,361
590,14,48,1606,1607,1962,1,356
655,15,48,1783,1784,1965,1,182
578,2,48,1574,1575,1968,1,394
644,4,48,1753,1755,1971,2,218
710,6,48,1934,1935,1974,1,40
584,8,48,1590,1591,1977,1,387
650,10,48,1770,1771,1980,1,210
716,12,48,1950,1951,1983,1,33
717,13,48,1953,1954,1986,1,33
656,16,48,1786,1788,1989,2,203
722,18,48,1966,1967,1992,1,26
723,19,48,1969,1970,1995,1,26
661,21,48,1800,1801,1998,1,198
599,23,48,1631,1632,2001,1,370
729,25,48,1985,1987,2004,2,19
667,27,48,1816,1817,2007,1,191
605,29,48,1647,1648,2010,1,363
608,32,48,1656,1657,2013,1,357
640,32,48,1743,1744,3058,1,1315
735,1,48,2000,3045,3061,1045,1061
740,6,48,2014,3050,3064,1036,1050
741,7,48,2016,3051,3067,1035,1051
746,12,48,2030,3056,3070,1026,1040
747,13,48,2033,3057,3073,1024,1040
610,2,48,1661,1663,3076,2,1415
672,32,48,1830,1831,3079,1,1249
675,3,48,1838,1840,3082,2,1244
681,9,48,1855,1857,3085,2,1230
687,15,48,1871,1873,3088,2,1217
767,1,48,2087,3077,3091,990,1004
752,18,48,2046,3062,3094,1016,1048
753,19,48,2049,3063,3097,1014,1048
759,25,48,2065,3069,3100,1004,1035
728,24,48,1983,1984,3103,1,1120
734,30,48,1999,2001,3106,2,1107
772,6,48,2101,3082,3109,981,1008
773,7,48,2103,3083,3112,980,1009
778,12,48,2117,3088,3115,971,998
779,13,48,2120,3089,3118,969,998
662,22,48,1802,1804,3121,2,1319
668,28,48,1819,1820,3124,1,1305
676,4,48,1841,1842,3127,1,1286
682,10,48,1858,1859,3130,1,1272
688,16,48,1874,1875,3133,1,1259
765,31,48,2082,3075,3136,993,1054
799,1,48,2175,3109,3139,934,964
642,2,48,1748,1750,3142,2,1394
784,18,48,2133,3094,3145,961,1012
785,19,48,2136,3095,3148,959,1012
791,25,48,2152,3101,3151,949,999
758,24,48,2063,3068,3154,1005,1091
764,30,48,2079,3074,3157,995,1078
804,6,48,2189,3114,3160,925,971
805,7,48,2191,3115,3163,924,972
810,12,48,2205,3120,3166,915,961
811,13,48,2208,3121,3169,913,961
693,21,48,1888,1889,3172,1,1284
699,27,48,1904,1906,3175,2,1271
707,3,48,1925,1926,3178,1,1253
713,9,48,1942,1943,3181,1,1239
719,15,48,1958,1959,3184,1,1226
831,1,48,2262,3141,3187,879,925
797,31,48,2169,3107,3190,938,1021
863,1,48,2349,3173,3193,824,844
816,18,48,2221,3126,3196,905,975
817,19,48,2224,3127,3199,903,975
823,25,48,2240,3133,3202,893,962
694,22,48,1890,1891,3205,1,1315
790,24,48,2150,3100,3208,950,1058
700,28,48,1907,1909,3211,2,1304
796,30,48,2166,3106,3214,940,1048
708,4,48,1928,1930,3217,2,1289
836,6,48,2276,3146,3220,870,944
837,7,48,2278,3147,3223,869,945
714,10,48,1945,1947,3226,2,1281
842,12,48,2292,3152,3229,860,937
843,13,48,2295,3153,3232,858,937
720,16,48,1961,1963,3235,2,1274
829,31,48,2257,3139,3238,882,981
895,1,48,2436,3205,3241,769,805
674,2,48,1836,1837,3244,1,1408
848,18,48,2308,3158,3247,850,939
849,19,48,2311,3159,3250,848,939
855,25,48,2327,3165,3253,838,926
725,21,48,1975,1976,3256,1,1281
822,24,48,2238,3132,3259,894,1021
731,27,48,1991,1992,3262,1,1271
828,30,48,2254,3138,3265,884,1011
737,3,48,2005,3047,3268,1042,1263
868,6,48,2363,3178,3271,815,908
869,7,48,2365,3179,3274,814,909
743,9,48,2022,3053,3277,1031,1255
874,12,48,2379,3184,3280,805,901
875,13,48,2382,3185,3283,803,901
749,15,48,2038,3059,3286,1021,1248
861,31,48,2344,3171,3289,827,945
927,1,48,2524,3237,3292,713,768
959,1,48,2611,3269,3295,658,684
880,18,48,2395,3190,3298,795,903
881,19,48,2398,3191,3301,793,903
726,22,48,1977,1979,3304,2,1327
854,24,48,2325,3164,3307,839,982
887,25,48,2414,3197,3310,783,896
732,28,48,1994,1996,3313,2,1319
860,30,48,2341,3170,3316,829,975
738,4,48,2008,3048,3319,1040,1311
900,6,48,2450,3210,3322,760,872
901,7,48,2452,3211,3325,759,873
744,10,48,2025,3054,3328,1029,1303
906,12,48,2466,3216,3331,750,865
907,13,48,2469,3217,3334,748,865
750,16,48,2041,3060,3337,1019,1296
893,31,48,2431,3203,3340,772,909
991,1,48,2698,3301,3343,603,645
1023,1,48,2785,3333,3346,548,561
912,18,48,2482,3222,3349,740,867
913,19,48,2485,3223,3352,738,867
755,21,48,2055,3065,3355,1010,1300
886,24,48,2412,3196,3358,784,946
919,25,48,2501,3229,3361,728,860
761,27,48,2071,3071,3364,1000,1293
892,30,48,2428,3202,3367,774,939
769,3,48,2092,3079,3370,987,1278
932,6,48,2538,3242,3373,704,835
933,7,48,2540,3243,3376,703,836
775,9,48,2109,3085,3379,976,1270
938,12,48,2554,3248,3382,694,828
939,13,48,2557,3249,3385,692,828
781,15,48,2125,3091,3388,966,1263
925,31,48,2518,3235,3391,717,873
1055,1,48,2873,3365,3394,492,521
706,2,48,1923,1924,3397,1,1474
944,18,48,2570,3254,3400,684,830
945,19,48,2573,3255,3403,682,830
756,22,48,2057,3066,3406,1009,1349
918,24,48,2499,3228,3409,729,910
951,25,48,2589,3261,3412,672,823
762,28,48,2074,3072,3415,998,1341
924,30,48,2515,3234,3418,719,903
770,4,48,2095,3080,3421,985,1326
964,6,48,2625,3274,3424,649,799
965,7,48,2627,3275,3427,648,800
776,10,48,2112,3086,3430,974,1318
970,12,48,2641,3280,3433,639,792
971,13,48,2644,3281,3436,637,792
782,16,48,2128,3092,3439,964,1311
957,31,48,2606,3267,3442,661,836
1087,1,48,2960,3397,3445,437,485
1119,1,48,3047,3429,3448,382,401
976,18,48,2657,3286,3451,629,794
977,19,48,2660,3287,3454,627,794
787,21,48,2142,3097,3457,955,1315
950,24,48,2587,3260,3460,673,873
983,25,48,2676,3293,3463,617,787
793,27,48,2158,3103,3466,945,1308
956,30,48,2603,3266,3469,663,866
801,3,48,2180,3111,3472,931,1292
996,6,48,2712,3306,3475,594,763
997,7,48,2714,3307,3478,593,764
807,9,48,2197,3117,3481,920,1284
619,11,48,1685,1686,3484,1,1799
1003,13,48,2731,3313,3487,582,756
813,15,48,2213,3123,3490,910,1277
989,31,48,2693,3299,3493,606,800
1151,1,48,3135,3461,3496,326,361
736,2,48,2003,3046,3499,1043,1496
1008,18,48,2744,3318,3502,574,758
1009,19,48,2747,3319,3505,572,758
788,22,48,2144,3098,3508,954,1364
982,24,48,2674,3292,3511,618,837
1015,25,48,2763,3325,3514,562,751
794,28,48,2161,3104,3517,943,1356
988,30,48,2690,3298,3520,608,830
802,4,48,2183,3112,3523,929,1340
613,5,48,1669,1670,3526,1,1857
1029,7,48,2801,3339,3529,538,728
808,10,48,2200,3118,3532,918,1332
1002,12,48,2728,3312,3535,584,807
1035,13,48,2818,3345,3538,527,720
814,16,48,2216,3124,3541,908,1325
1021,31,48,2780,3331,3544,551,764
1183,1,48,3222,3493,3547,271,325
1215,1,48,3309,3525,3550,216,241
1040,18,48,2831,3350,3553,519,722
1041,19,48,2834,3351,3556,517,722
819,21,48,2230,3129,3559,899,1329
631,23,48,1718,1719,3562,1,1844
1047,25,48,2850,3357,3565,507,715
825,27,48,2246,3135,3568,889,1322
637,29,48,1734,1735,3571,1,1837
833,3,48,2267,3143,3574,876,1307
1028,6,48,2799,3338,3577,539,778
1061,7,48,2889,3371,3580,482,691
839,9,48,2284,3149,3583,865,1299
1034,12,48,2815,3344,3586,529,771
1067,13,48,2906,3377,3589,471,683
845,15,48,2300,3155,3592,855,1292
1053,31,48,2867,3363,3595,496,728
1247,1,48,3396,3557,3598,161,202
1279,1,48,3484,3589,3601,105,117
593,17,48,1615,1616,3604,1,1989
1073,19,48,2922,3383,3607,461,685
820,22,48,2232,3130,3610,898,1378
1014,24,48,2761,3324,3613,563,852
1079,25,48,2938,3389,3616,451,678
826,28,48,2249,3136,3619,887,1370
1020,30,48,2777,3330,3622,553,845
834,4,48,2270,3144,3625,874,1355
1060,6,48,2887,3370,3628,483,741
1093,7,48,2976,3403,3631,427,655
840,10,48,2287,3150,3634,863,1347
651,11,48,1772,1773,3637,1,1865
1099,13,48,2993,3409,3640,416,647
846,16,48,2303,3156,3643,853,1340
1085,31,48,2955,3395,3646,440,691
1311,1,48,3571,3621,3649,50,78
768,2,48,2090,3078,3652,988,1562
1072,18,48,2919,3382,3655,463,736
1105,19,48,3009,3415,3658,406,649
851,21,48,2317,3161,3661,844,1344
1046,24,48,2848,3356,3664,508,816
1111,25,48,3025,3421,3667,396,642
857,27,48,2333,3167,3670,834,1337
1052,30,48,2864,3362,3673,498,809
865,3,48,2354,3175,3676,821,1322
645,5,48,1756,1757,3679,1,1923
1125,7,48,3063,3435,3682,372,619
871,9,48,2371,3181,3685,810,1314
1066,12,48,2903,3376,3688,473,785
1131,13,48,3080,3441,3691,361,611
877,15,48,2387,3187,3694,800,1307
1117,31,48,3042,3427,3697,385,655
1343,1,48,3658,3659,3700,1,42
800,2,48,2178,3110,3703,932,1525
1104,18,48,3006,3414,3706,408,700
1137,19,48,3096,3447,3709,351,613
852,22,48,2319,3162,3712,843,1393
663,23,48,1805,1806,3715,1,1910
1143,25,48,3112,3453,3718,341,606
858,28,48,2336,3168,3721,832,1385
669,29,48,1821,1822,3724,1,1903
866,4,48,2357,3176,3727,819,1370
1092,6,48,2974,3402,3730,428,756
1157,7,48,3151,3467,3733,316,582
872,10,48,2374,3182,3736,808,1362
1098,12,48,2990,3408,3739,418,749
1163,13,48,3168,3473,3742,305,574
878,16,48,2390,3188,3745,798,1355
1149,31,48,3129,3459,3748,330,619
832,2,48,2265,3142,3751,877,1486
864,2,48,2352,3174,3754,822,1402
625,17,48,1702,1703,3757,1,2055
1169,19,48,3184,3479,3760,295,576
883,21,48,2404,3193,3763,789,1359
1078,24,48,2936,3388,3766,452,830
1175,25,48,3200,3485,3769,285,569
889,27,48,2420,3199,3772,779,1352
1084,30,48,2952,3394,3775,442,823
897,3,48,2441,3207,3778,766,1337
1124,6,48,3061,3434,3781,373,720
1189,7,48,3238,3499,3784,261,546
903,9,48,2458,3213,3787,755,1329
683,11,48,1860,1862,3790,2,1930
1195,13,48,3255,3505,3793,250,538
909,15,48,2474,3219,3796,745,1322
1181,31,48,3217,3491,3799,274,582
1375,1,48,3745,3746,3802,1,57
896,2,48,2439,3206,3805,767,1366
1136,18,48,3093,3446,3808,353,715
1201,19,48,3271,3511,3811,240,540
884,22,48,2406,3194,3814,788,1408
1110,24,48,3023,3420,3817,397,794
1207,25,48,3287,3517,3820,230,533
890,28,48,2423,3200,3823,777,1400
1116,30,48,3039,3426,3826,387,787
898,4,48,2444,3208,3829,764,1385
677,5,48,1844,1846,3832,2,1988
1221,7,48,3325,3531,3835,206,510
904,10,48,2461,3214,3838,753,1377
1130,12,48,3077,3440,3841,363,764
1227,13,48,3342,3537,3844,195,502
910,16,48,2477,3220,3847,743,1370
1213,31,48,3304,3523,3850,219,546
1407,1,48,3833,3835,3853,2,20
928,2,48,2527,3238,3856,711,1329
1168,18,48,3181,3478,3859,297,678
1233,19,48,3358,3543,3862,185,504
915,21,48,2491,3225,3865,734,1374
695,23,48,1893,1894,3868,1,1975
1239,25,48,3374,3549,3871,175,497
921,27,48,2507,3231,3874,724,1367
701,29,48,1909,1910,3877,1,1968
929,3,48,2529,3239,3880,710,1351
1156,6,48,3149,3466,3883,317,734
1253,7,48,3412,3563,3886,151,474
935,9,48,2546,3245,3889,699,1343
1162,12,48,3165,3472,3892,307,727
1259,13,48,3429,3569,3895,140,466
941,15,48,2562,3251,3898,689,1336
1245,31,48,3391,3555,3901,164,510
960,2,48,2614,3270,3904,656,1290
992,2,48,2701,3302,3907,601,1206
657,17,48,1789,1790,3910,1,2121
1265,19,48,3445,3575,3913,130,468
916,22,48,2493,3226,3916,733,1423
1142,24,48,3110,3452,3919,342,809
1271,25,48,3461,3581,3922,120,461
922,28,48,2510,3232,3925,722,1415
1148,30,48,3126,3458,3928,332,802
930,4,48,2532,3240,3931,708,1399
1188,6,48,3236,3498,3934,262,698
1285,7,48,3500,3595,3937,95,437
936,10,48,2549,3246,3940,697,1391
715,11,48,1947,1948,3943,1,1996
1291,13,48,3517,3601,3946,84,429
942,16,48,2565,3252,3949,687,1384
1277,31,48,3478,3587,3952,109,474
1439,1,48,3920,3922,3955,2,35
1024,2,48,2788,3334,3958,546,1170
1200,18,48,3268,3510,3961,242,693
1297,19,48,3533,3607,3964,74,431
947,21,48,2579,3257,3967,678,1388
1174,24,48,3198,3484,3970,286,772
1303,25,48,3549,3613,3973,64,424
953,27,48,2595,3263,3976,668,1381
1180,30,48,3214,3490,3979,276,765
961,3,48,2616,3271,3982,655,1366
709,5,48,1931,1933,3985,2,2054
1317,7,48,3587,3627,3988,40,401
967,9,48,2633,3277,3991,644,1358
1194,12,48,3252,3504,3994,252,742
1323,13,48,3604,3633,3997,29,393
973,15,48,2649,3283,4000,634,1351
1309,31,48,3566,3619,4003,53,437
1056,2,48,2876,3366,4006,490,1130
1088,2,48,2963,3398,4009,435,1046
1232,18,48,3355,3542,4012,187,657
1329,19,48,3620,3639,4015,19,395
948,22,48,2581,3258,4018,677,1437
727,23,48,1980,1981,4021,1,2041
1335,25,48,3636,3645,4024,9,388
954,28,48,2598,3264,4027,666,1429
733,29,48,1996,1997,4030,1,2034
962,4,48,2619,3272,4033,653,1414
1220,6,48,3323,3530,4036,207,713
1349,7,48,3674,3675,4039,1,365
968,10,48,2636,3278,4042,642,1406
1226,12,48,3339,3536,4045,197,706
1355,13,48,3691,3692,4048,1,357
974,16,48,2652,3284,4051,632,1399
1341,31,48,3653,3654,4054,1,401
1471,1,48,4007,4009,4057,2,50
1120,2,48,3050,3430,4060,380,1010
689,17,48,1877,1879,4063,2,2186
1361,19,48,3707,3708,4066,1,359
979,21,48,2666,3289,4069,623,1403
1206,24,48,3285,3516,4072,231,787
1367,25,48,3723,3725,4075,2,352
985,27,48,2682,3295,4078,613,1396
1212,30,48,3301,3522,4081,221,780
993,3,48,2703,3303,4084,600,1381
1252,6,48,3410,3562,4087,152,677
1381,7,48,3761,3762,4090,1,329
999,9,48,2720,3309,4093,589,1373
745,11,48,2027,3055,4096,1028,2069
1387,13,48,3778,3779,4099,1,321
1005,15,48,2736,3315,4102,579,1366
1373,31,48,3740,3741,4105,1,365
1503,1,48,4095,4097,4108,2,13
1152,2,48,3138,3462,4111,324,973
1264,18,48,3442,3574,4114,132,672
1393,19,48,3794,3795,4117,1,323
980,22,48,2668,3290,4120,622,1452
1238,24,48,3372,3548,4123,176,751
1399,25,48,3810,3812,4126,2,316
986,28,48,2685,3296,4129,611,1444
1244,30,48,3388,3554,4132,166,744
994,4,48,2706,3304,4135,598,1429
739,5,48,2011,3049,4138,1038,2127
1413,7,48,3849,3851,4141,2,292
1000,10,48,2723,3310,4144,587,1421
1258,12,48,3426,3568,4147,142,721
1419,13,48,3866,3868,4150,2,284
1006,16,48,2739,3316,4153,577,1414
1405,31,48,3827,3828,4156,1,329
1184,2,48,3225,3494,4159,269,934
1216,2,48,3312,3526,4162,214,850
1296,18,48,3530,3606,4165,76,635
1425,19,48,3882,3884,4168,2,286
1011,21,48,2753,3321,4171,568,1418
757,23,48,2060,3067,4174,1007,2114
1431,25,48,3898,3899,4177,1,279
1017,27,48,2769,3327,4180,558,1411
763,29,48,2076,3073,4183,997,2107
1025,3,48,2790,3335,4186,545,1396
1284,6,48,3498,3594,4189,96,691
1445,7,48,3936,3938,4192,2,256
1031,9,48,2807,3341,4195,534,1388
1290,12,48,3514,3600,4198,86,684
1451,13,48,3953,3955,4201,2,248
1037,15,48,2823,3347,4204,524,1381
1437,31,48,3915,3917,4207,2,292
1535,1,48,4182,4184,4210,2,28
1248,2,48,3399,3558,4213,159,814
721,17,48,1964,1966,4216,2,2252
1457,19,48,3969,3971,4219,2,250
1012,22,48,2755,3322,4222,567,1467
1270,24,48,3459,3580,4225,121,766
1463,25,48,3985,3986,4228,1,243
1018,28,48,2772,3328,4231,556,1459
1276,30,48,3475,3586,4234,111,759
1026,4,48,2793,3336,4237,543,1444
1316,6,48,3585,3626,4240,41,655
1477,7,48,4023,4025,4243,2,220
1032,10,48,2810,3342,4246,532,1436
777,11,48,2114,3087,4249,973,2135
1483,13,48,4040,4042,4252,2,212
1038,16,48,2826,3348,4255,522,1429
1469,31,48,4002,4004,4258,2,256
1280,2,48,3487,3590,4261,103,774
1312,2,48,3574,3622,4264,48,690
1328,18,48,3617,3638,4267,21,650
1489,19,48,4056,4058,4270,2,214
1043,21,48,2840,3353,4273,513,1433
1302,24,48,3547,3612,4276,65,729
1495,25,48,4072,4073,4279,1,207
1049,27,48,2856,3359,4282,503,1426
1308,30,48,3563,3618,4285,55,722
1057,3,48,2878,3367,4288,489,1410
771,5,48,2098,3081,4291,983,2193
1509,7,48,4111,4113,4294,2,183
1063,9,48,2895,3373,4297,478,1402
1322,12,48,3601,3632,4300,31,699
1515,13,48,4128,4130,4303,2,175
1069,15,48,2911,3379,4306,468,1395
1501,31,48,4089,4091,4309,2,220
1567,1,48,4269,4270,4312,1,43
1344,2,48,3661,3662,4315,1,654
1360,18,48,3704,3705,4318,1,614
1521,19,48,4144,4145,4321,1,177
1044,22,48,2842,3354,4324,512,1482
789,23,48,2147,3099,4327,952,2180
1527,25,48,4160,4161,4330,1,170
1050,28,48,2859,3360,4333,501,1474
795,29,48,2163,3105,4336,942,2173
1058,4,48,2881,3368,4339,487,1458
1348,6,48,3672,3674,4342,2,670
1541,7,48,4198,4199,4345,1,147
1064,10,48,2898,3374,4348,476,1450
1354,12,48,3688,3689,4351,1,663
1547,13,48,4215,4217,4354,2,139
1070,16,48,2914,3380,4357,466,1443
1533,31,48,4177,4178,4360,1,183
1376,2,48,3748,3749,4363,1,615
1408,2,48,3836,3837,4366,1,530
751,17,48,2044,3061,4369,1017,2325
1553,19,48,4231,4232,4372,1,141
1075,21,48,2928,3385,4375,457,1447
1334,24,48,3634,3644,4378,10,744
1559,25,48,4247,4248,4381,1,134
1081,27,48,2944,3391,4384,447,1440
1340,30,48,3650,3652,4387,2,737
1089,3,48,2965,3399,4390,434,1425
1380,6,48,3759,3761,4393,2,634
1573,7,48,4285,4286,4396,1,111
1095,9,48,2982,3405,4399,423,1417
809,11,48,2202,3119,4402,917,2200
1579,13,48,4302,4304,4405,2,103
1101,15,48,2998,3411,4408,413,1410
1565,31,48,4264,4265,4411,1,147
1599,1,48,4356,4357,4414,1,58
1440,2,48,3923,3924,4417,1,494
1392,18,48,3791,3792,4420,1,629
1585,19,48,4318,4319,4423,1,105
1076,22,48,2930,3386,4426,456,1496
1366,24,48,3721,3722,4429,1,708
1591,25,48,4334,4335,4432,1,98
1082,28,48,2947,3392,4435,445,1488
1372,30,48,3737,3739,4438,2,701
1090,4,48,2968,3400,4441,432,1473
803,5,48,2186,3113,4444,927,2258
1605,7,48,4372,4373,4447,1,75
1096,10,48,2985,3406,4450,421,1465
1386,12,48,3775,3776,4453,1,678
1611,13,48,4389,4391,4456,2,67
1102,16,48,3001,3412,4459,411,1458
1597,31,48,4351,4352,4462,1,111
1631,1,48,4444,4445,4465,1,21
1472,2,48,4010,4011,4468,1,458
1424,18,48,3879,3880,4471,1,592
1617,19,48,4405,4406,4474,1,69
1107,21,48,3015,3417,4477,402,1462
821,23,48,2235,3131,4480,896,2245
1623,25,48,4421,4422,4483,1,62
1113,27,48,3031,3423,4486,392,1455
827,29,48,2251,3137,4489,886,2238
1121,3,48,3052,3431,4492,379,1440
1412,6,48,3847,3848,4495,1,648
1637,7,48,4460,4461,4498,1,38
1127,9,48,3069,3437,4501,368,1432
1418,12,48,3863,3864,4504,1,641
1643,13,48,4477,4478,4507,1,30
1133,15,48,3085,3443,4510,358,1425
1629,31,48,4438,4439,4513,1,75
1504,2,48,4098,4100,4516,2,418
1536,2,48,4185,4186,4519,1,334
783,17,48,2131,3093,4522,962,2391
1649,19,48,4493,4495,4525,2,32
1108,22,48,3017,3418,4528,401,1511
1398,24,48,3808,3809,4531,1,723
1655,25,48,4509,4511,4534,2,25
1114,28,48,3034,3424,4537,390,1503
1404,30,48,3824,3826,4540,2,716
1122,4,48,3055,3432,4543,377,1488
1444,6,48,3934,3935,4546,1,612
616,8,48,1677,1678,4549,1,2872
1128,10,48,3072,3438,4552,366,1480
841,11,48,2289,3151,4555,862,2266
622,14,48,1693,1694,4558,1,2865
1134,16,48,3088,3444,4561,356,1473
1661,31,48,4526,4528,4564,2,38
1663,1,48,4531,4533,4567,2,36
1568,2,48,4272,4274,4570,2,298
1456,18,48,3966,3967,4573,1,607
596,20,48,1623,1624,4576,1,2953
1139,21,48,3102,3449,4579,347,1477
1430,24,48,3896,3897,4582,1,686
602,26,48,1639,1641,4585,2,2946
1145,27,48,3118,3455,4588,337,1470
1436,30,48,3912,3914,4591,2,679
1153,3,48,3140,3463,4594,323,1454
835,5,48,2273,3145,4597,872,2324
1669,7,48,4547,4549,4600,2,53
1159,9,48,3157,3469,4603,312,1446
1450,12,48,3950,3951,4606,1,656
1675,13,48,4564,4565,4609,1,45
1165,15,48,3173,3475,4612,302,1439
704,32,48,1918,1919,4615,1,2697
1600,2,48,4359,4361,4618,2,259
1632,2,48,4447,4448,4621,1,174
1488,18,48,4053,4054,4624,1,571
1681,19,48,4580,4581,4627,1,47
1140,22,48,3104,3450,4630,346,1526
853,23,48,2322,3163,4633,841,2311
1687,25,48,4596,4598,4636,2,40
1146,28,48,3121,3456,4639,335,1518
859,29,48,2338,3169,4642,831,2304
1154,4,48,3143,3464,4645,321,1502
1476,6,48,4021,4022,4648,1,627
1701,7,48,4634,4635,4651,1,17
1160,10,48,3160,3470,4654,310,1494
1482,12,48,4037,4038,4657,1,620
654,14,48,1780,1781,4660,1,2880
1166,16,48,3176,3476,4663,300,1487
1693,31,48,4613,4614,4666,1,53
1695,1,48,4618,4619,4669,1,51
1664,2,48,4534,4535,4672,1,138
815,17,48,2219,3125,4675,906,2456
628,20,48,1710,1711,4678,1,2968
1171,21,48,3190,3481,4681,291,1491
1462,24,48,3983,3984,4684,1,701
634,26,48,1726,1728,4687,2,2961
1177,27,48,3206,3487,4690,281,1484
1468,30,48,3999,4001,4693,2,694
1185,3,48,3227,3495,4696,268,1469
1508,6,48,4109,4110,4699,1,590
648,8,48,1764,1765,4702,1,2938
1191,9,48,3244,3501,4705,257,1461
873,11,48,2376,3183,4708,807,2332
1707,13,48,4651,4652,4711,1,60
1197,15,48,3260,3507,4714,247,1454
1725,31,48,4700,4703,4717,3,17
1727,1,48,4705,4709,4720,4,15
1520,18,48,4141,4142,4723,1,582
1696,2,48,4621,4622,4726,1,105
1713,19,48,4667,4668,4729,1,62
1172,22,48,3192,3482,4732,290,1540
1494,24,48,4070,4071,4735,1,665
1719,25,48,4683,4685,4738,2,55
1178,28,48,3209,3488,4741,279,1532
1500,30,48,4086,4088,4744,2,658
1186,4,48,3230,3496,4747,266,1517
867,5,48,2360,3177,4750,817,2390
1733,7,48,4721,4727,4753,6,32
1192,10,48,3247,3502,4756,255,1509
1514,12,48,4125,4126,4759,1,634
1739,13,48,4738,4745,4762,7,24
1198,16,48,3263,3508,4765,245,1502
766,32,48,2085,3076,4768,991,2683
1728,2,48,4708,4712,4771,4,63
1552,18,48,4228,4230,4774,2,546
1745,19,48,4754,4763,4777,9,23
1203,21,48,3277,3513,4780,236,1503
885,23,48,2409,3195,4783,786,2374
666,26,48,1813,1815,4786,2,2973
1209,27,48,3293,3519,4789,226,1496
891,29,48,2425,3201,4792,776,2367
1217,3,48,3314,3527,4795,213,1481
1540,6,48,4196,4198,4798,2,602
680,8,48,1852,1853,4801,1,2949
1223,9,48,3331,3533,4804,202,1473
1546,12,48,4212,4214,4807,2,595
686,14,48,1868,1870,4810,2,2942
1229,15,48,3347,3539,4813,192,1466
1757,31,48,4787,4799,4816,12,29
847,17,48,2306,3157,4819,851,2513
1759,1,48,4793,4805,4822,12,29
660,20,48,1797,1798,4825,1,3028
1204,22,48,3279,3514,4828,235,1549
1526,24,48,4158,4160,4831,2,673
1751,25,48,4770,4781,4834,11,64
1210,28,48,3296,3520,4837,224,1541
1532,30,48,4174,4175,4840,1,666
1218,4,48,3317,3528,4843,211,1526
1572,6,48,4283,4284,4846,1,563
1765,7,48,4809,4823,4849,14,40
1224,10,48,3334,3534,4852,200,1518
905,11,48,2463,3215,4855,752,2392
1771,13,48,4826,4841,4858,15,32
1230,16,48,3350,3540,4861,190,1511
798,32,48,2172,3108,4864,936,2692
1760,2,48,4796,4808,4867,12,71
1584,18,48,4315,4317,4870,2,555
1777,19,48,4842,4859,4873,17,31
1235,21,48,3364,3545,4876,181,1512
1558,24,48,4245,4247,4879,2,634
698,26,48,1901,1902,4882,1,2981
1241,27,48,3380,3551,4885,171,1505
1564,30,48,4261,4262,4888,1,627
1249,3,48,3401,3559,4891,158,1490
899,5,48,2447,3209,4894,762,2447
712,8,48,1939,1940,4897,1,2958
1255,9,48,3418,3565,4900,147,1482
1578,12,48,4299,4301,4903,2,604
718,14,48,1955,1957,4906,2,2951
1261,15,48,3434,3571,4909,137,1475
1789,31,48,4875,4895,4912,20,37
1616,18,48,4402,4404,4915,2,513
1791,1,48,4880,4901,4918,21,38
692,20,48,1885,1886,4921,1,3036
1236,22,48,3366,3546,4924,180,1558
917,23,48,2496,3227,4927,731,2431
1783,25,48,4858,4877,4930,19,72
1242,28,48,3383,3552,4933,169,1550
923,29,48,2512,3233,4936,721,2424
1250,4,48,3404,3560,4939,156,1535
1604,6,48,4370,4371,4942,1,572
1797,7,48,4896,4919,4945,23,49
1256,10,48,3421,3566,4948,145,1527
1610,12,48,4386,4388,4951,2,565
1803,13,48,4913,4937,4954,24,41
1262,16,48,3437,3572,4957,135,1520
830,32,48,2260,3140,4960,880,2700
1792,2,48,4883,4904,4963,21,80
879,17,48,2393,3189,4966,796,2573
1809,19,48,4929,4955,4969,26,40
1267,21,48,3451,3577,4972,126,1521
1590,24,48,4332,4334,4975,2,643
730,26,48,1988,1990,4978,2,2990
1273,27,48,3467,3583,4981,116,1514
1596,30,48,4348,4349,4984,1,636
1281,3,48,3489,3591,4987,102,1498
1636,6,48,4458,4460,4990,2,532
742,8,48,2019,3052,4993,1033,2974
1287,9,48,3506,3597,4996,91,1490
937,11,48,2551,3247,4999,696,2448
748,14,48,2035,3058,5002,1023,2967
1293,15,48,3522,3603,5005,81,1483
1821,31,48,4962,4991,5008,29,46
1648,18,48,4490,4491,5011,1,521
1823,1,48,4967,4997,5014,30,47
724,20,48,1972,1974,5017,2,3045
1268,22,48,3453,3578,5020,125,1567
1622,24,48,4419,4421,5023,2,604
1815,25,48,4945,4973,5026,28,81
1274,28,48,3470,3584,5029,114,1559
1628,30,48,4435,4436,5032,1,597
1282,4,48,3492,3592,5035,100,1543
931,5,48,2535,3241,5038,706,2503
1829,7,48,4983,5015,5041,32,58
1288,10,48,3509,3598,5044,89,1535
1642,12,48,4474,4475,5047,1,573
1835,13,48,5000,5033,5050,33,50
1294,16,48,3525,3604,5053,79,1528
862,32,48,2347,3172,5056,825,2709
1824,2,48,4970,5000,5059,30,89
1680,18,48,4577,4578,5062,1,485
1841,19,48,5016,5051,5065,35,49
1299,21,48,3539,3609,5068,70,1529
949,23,48,2584,3259,5071,675,2487
760,26,48,2068,3070,5074,1002,3006
1305,27,48,3555,3615,5077,60,1522
955,29,48,2600,3265,5080,665,2480
1313,3,48,3576,3623,5083,47,1507
1668,6,48,4545,4546,5086,1,541
774,8,48,2106,3084,5089,978,2983
1319,9,48,3593,3629,5092,36,1499
1674,12,48,4561,4562,5095,1,534
780,14,48,2122,3090,5098,968,2976
1325,15,48,3609,3635,5101,26,1492
1853,31,48,5049,5087,5104,38,55
911,17,48,2480,3221,5107,741,2627
1855,1,48,5055,5093,5110,38,55
754,20,48,2052,3064,5113,1012,3061
1300,22,48,3541,3610,5116,69,1575
1654,24,48,4507,4508,5119,1,612
1847,25,48,5032,5069,5122,37,90
1306,28,48,3558,3616,5125,58,1567
1660,30,48,4523,4524,5128,1,605
1314,4,48,3579,3624,5131,45,1552
1700,6,48,4632,4634,5134,2,502
1861,7,48,5071,5111,5137,40,66
1320,10,48,3596,3630,5140,34,1544
969,11,48,2638,3279,5143,641,2505
1867,13,48,5088,5129,5146,41,58
1326,16,48,3612,3636,5149,24,1537
894,32,48,2434,3204,5152,770,2718
1856,2,48,5058,5096,5155,38,97
1712,18,48,4664,4665,5158,1,494
1873,19,48,5104,5147,5161,43,57
1331,21,48,3626,3641,5164,15,1538
1686,24,48,4594,4595,5167,1,573
792,26,48,2155,3102,5170,947,3015
1337,27,48,3642,3647,5173,5,1531
1692,30,48,4610,4612,5176,2,566
1345,3,48,3663,3665,5179,2,1516
963,5,48,2622,3273,5182,651,2560
806,8,48,2194,3116,5185,922,2991
1351,9,48,3680,3681,5188,1,1508
1706,12,48,4648,4649,5191,1,543
812,14,48,2210,3122,5194,912,2984
1357,15,48,3696,3697,5197,1,1501
1885,31,48,5137,5183,5200,46,63
1744,18,48,4751,4760,5203,9,452
1887,1,48,5142,5189,5206,47,64
786,20,48,2139,3096,5209,957,3070
1332,22,48,3628,3642,5212,14,1584
981,23,48,2671,3291,5215,620,2544
1879,25,48,5120,5165,5218,45,98
1338,28,48,3645,3648,5221,3,1576
987,29,48,2687,3297,5224,610,2537
1346,4,48,3666,3668,5227,2,1561
1732,6,48,4719,4724,5230,5,511
1893,7,48,5158,5207,5233,49,75
1352,10,48,3683,3684,5236,1,1553
1738,12,48,4735,4742,5239,7,504
1899,13,48,5175,5225,5242,50,67
1358,16,48,3699,3701,5245,2,1546
926,32,48,2521,3236,5248,715,2727
1888,2,48,5145,5192,5251,47,106
943,17,48,2568,3253,5254,685,2686
1905,19,48,5191,5243,5257,52,66
1363,21,48,3713,3714,5260,1,1547
1718,24,48,4681,4682,5263,1,582
824,26,48,2243,3134,5266,891,3023
1369,27,48,3729,3730,5269,1,1540
1724,30,48,4697,4700,5272,3,575
1377,3,48,3750,3752,5275,2,1525
1764,6,48,4807,4820,5278,13,471
838,8,48,2281,3148,5281,867,3000
1383,9,48,3767,3768,5284,1,1517
1001,11,48,2725,3311,5287,586,2562
844,14,48,2297,3154,5290,857,2993
1389,15,48,3783,3784,5293,1,1510
1917,31,48,5224,5279,5296,55,72
1776,18,48,4839,4856,5299,17,460
1919,1,48,5229,5285,5302,56,73
818,20,48,2227,3128,5305,901,3078
1364,22,48,3715,3717,5308,2,1593
1750,24,48,4768,4778,5311,10,543
1911,25,48,5207,5261,5314,54,107
1370,28,48,3732,3734,5317,2,1585
1756,30,48,4784,4796,5320,12,536
1378,4,48,3753,3755,5323,2,1570
995,5,48,2709,3305,5326,596,2617
1925,7,48,5245,5303,5329,58,84
1384,10,48,3770,3771,5332,1,1562
1770,12,48,4823,4838,5335,15,512
1931,13,48,5262,5321,5338,59,76
1390,16,48,3786,3788,5341,2,1555
958,32,48,2609,3268,5344,659,2735
1920,2,48,5232,5288,5347,56,115
1808,18,48,4926,4952,5350,26,424
1937,19,48,5278,5339,5353,61,75
1395,21,48,3800,3801,5356,1,1556
1013,23,48,2758,3323,5359,565,2601
856,26,48,2330,3166,5362,836,3032
1401,27,48,3816,3817,5365,1,1549
1019,29,48,2774,3329,5368,555,2594
1409,3,48,3838,3840,5371,2,1533
1796,6,48,4894,4916,5374,22,480
870,8,48,2368,3180,5377,812,3009
1415,9,48,3855,3857,5380,2,1525
1802,12,48,4910,4934,5383,24,473
876,14,48,2384,3186,5386,802,3002
1421,15,48,3871,3872,5389,1,1518
1949,31,48,5311,5375,5392,64,81
975,17,48,2655,3285,5395,630,2740
1951,1,48,5316,5381,5398,65,82
850,20,48,2314,3160,5401,846,3087
1396,22,48,3802,3804,5404,2,1602
1782,24,48,4856,4874,5407,18,551
1943,25,48,5294,5357,5410,63,116
1402,28,48,3819,3821,5413,2,1594
1788,30,48,4872,4892,5416,20,544
1410,4,48,3841,3842,5419,1,1578
1828,6,48,4981,5012,5422,31,441
1957,7,48,5332,5399,5425,67,93
1416,10,48,3858,3860,5428,2,1570
1033,11,48,2812,3343,5431,531,2619
1963,13,48,5349,5417,5434,68,85
1422,16,48,3874,3875,5437,1,1563
990,32,48,2696,3300,5440,604,2744
1952,2,48,5319,5384,5443,65,124
1840,18,48,5013,5048,5446,35,433
1969,19,48,5365,5435,5449,70,84
1427,21,48,3888,3889,5452,1,1564
1814,24,48,4943,4970,5455,27,512
888,26,48,2417,3198,5458,781,3041
1433,27,48,3904,3905,5461,1,1557
1820,30,48,4959,4988,5464,29,505
1441,3,48,3925,3927,5467,2,1542
1027,5,48,2796,3337,5470,541,2674
902,8,48,2455,3212,5473,757,3018
1447,9,48,3942,3944,5476,2,1534
1834,12,48,4997,5030,5479,33,482
908,14,48,2471,3218,5482,747,3011
1453,15,48,3958,3959,5485,1,1527
1981,31,48,5398,5471,5488,73,90
1872,18,48,5101,5144,5491,43,390
1983,1,48,5404,5477,5494,73,90
882,20,48,2401,3192,5497,791,3096
1428,22,48,3890,3892,5500,2,1610
1045,23,48,2845,3355,5503,510,2658
1975,25,48,5381,5453,5506,72,125
1434,28,48,3907,3908,5509,1,1602
1051,29,48,2861,3361,5512,500,2651
1442,4,48,3928,3929,5515,1,1587
1860,6,48,5069,5108,5518,39,449
1989,7,48,5420,5495,5521,75,101
1448,10,48,3945,3947,5524,2,1579
1866,12,48,5085,5126,5527,41,442
1995,13,48,5437,5513,5530,76,93
1454,16,48,3961,3962,5533,1,1572
1022,32,48,2783,3332,5536,549,2753
1984,2,48,5407,5480,5539,73,132
1007,17,48,2742,3317,5542,575,2800
2001,19,48,5453,5531,5545,78,92
1459,21,48,3975,3976,5548,1,1573
1846,24,48,5030,5066,5551,36,521
920,26,48,2504,3230,5554,726,3050
1465,27,48,3991,3992,5557,1,1566
1852,30,48,5046,5084,5560,38,514
1473,3,48,4012,4014,5563,2,1551
1892,6,48,5156,5204,5566,48,410
934,8,48,2543,3244,5569,701,3026
1479,9,48,4029,4031,5572,2,1543
1065,11,48,2900,3375,5575,475,2675
940,14,48,2559,3250,5578,691,3019
1485,15,48,4045,4046,5581,1,1536
2013,31,48,5486,5567,5584,81,98
1904,18,48,5188,5240,5587,52,399
2015,1,48,5491,5573,5590,82,99
914,20,48,2488,3224,5593,736,3105
1460,22,48,3977,3979,5596,2,1619
1878,24,48,5118,5162,5599,44,481
2007,25,48,5469,5549,5602,80,133
1466,28,48,3994,3995,5605,1,1611
1884,30,48,5134,5180,5608,46,474
1474,4,48,4015,4016,5611,1,1596
1059,5,48,2884,3369,5614,485,2730
2021,7,48,5507,5591,5617,84,110
1480,10,48,4032,4034,5620,2,1588
1898,12,48,5172,5222,5623,50,451
2027,13,48,5524,5609,5626,85,102
1486,16,48,4048,4049,5629,1,1581
1054,32,48,2870,3364,5632,494,2762
2016,2,48,5494,5576,5635,82,141
1936,18,48,5275,5336,5638,61,363
2033,19,48,5540,5627,5641,87,101
1491,21,48,4062,4063,5644,1,1582
1077,23,48,2933,3387,5647,454,2714
952,26,48,2592,3262,5650,670,3058
1497,27,48,4078,4079,5653,1,1575
1083,29,48,2949,3393,5656,444,2707
1505,3,48,4100,4101,5659,1,1559
1924,6,48,5243,5300,5662,57,419
966,8,48,2630,3276,5665,646,3035
1511,9,48,4117,4118,5668,1,1551
1930,12,48,5259,5318,5671,59,412
972,14,48,2646,3282,5674,636,3028
1517,15,48,4133,4135,5677,2,1544
2045,31,48,5573,5663,5680,90,107
1039,17,48,2829,3349,5683,520,2854
2047,1,48,5578,5669,5686,91,108
946,20,48,2576,3256,5689,680,3113
1492,22,48,4064,4066,5692,2,1628
1910,24,48,5205,5258,5695,53,490
2039,25,48,5556,5645,5698,89,142
1498,28,48,4081,4082,5701,1,1620
1916,30,48,5221,5276,5704,55,483
1506,4,48,4103,4104,5707,1,1604
1956,6,48,5330,5396,5710,66,380
2053,7,48,5594,5687,5713,93,119
1512,10,48,4120,4121,5716,1,1596
1097,11,48,2987,3407,5719,420,2732
2059,13,48,5611,5705,5722,94,111
1518,16,48,4136,4137,5725,1,1589
1086,32,48,2958,3396,5728,438,2770
2048,2,48,5581,5672,5731,91,150
1968,18,48,5362,5432,5734,70,372
2065,19,48,5627,5723,5737,96,110
1523,21,48,4150,4151,5740,1,1590
1942,24,48,5292,5354,5743,62,451
984,26,48,2679,3294,5746,615,3067
1529,27,48,4166,4168,5749,2,1583
1948,30,48,5308,5372,5752,64,444
1537,3,48,4187,4189,5755,2,1568
1091,5,48,2971,3401,5758,430,2787
998,8,48,2717,3308,5761,591,3044
1543,9,48,4204,4205,5764,1,1560
1962,12,48,5346,5414,5767,68,421
1004,14,48,2733,3314,5770,581,3037
1549,15,48,4220,4221,5773,1,1553
2077,31,48,5660,5759,5776,99,116
2000,18,48,5450,5528,5779,78,329
2079,1,48,5665,5765,5782,100,117
978,20,48,2663,3288,5785,625,3122
1524,22,48,4152,4153,5788,1,1636
1109,23,48,3020,3419,5791,399,2771
2071,25,48,5643,5741,5794,98,151
1530,28,48,4169,4170,5797,1,1628
1115,29,48,3036,3425,5800,389,2764
1538,4,48,4190,4191,5803,1,1613
1988,6,48,5418,5492,5806,74,388
2085,7,48,5681,5783,5809,102,128
1544,10,48,4207,4208,5812,1,1605
1994,12,48,5434,5510,5815,76,381
2091,13,48,5698,5801,5818,103,120
1550,16,48,4223,4225,5821,2,1598
1118,32,48,3045,3428,5824,383,2779
2080,2,48,5668,5768,5827,100,159
1071,17,48,2917,3381,5830,464,2913
2097,19,48,5714,5819,5833,105,119
1555,21,48,4237,4238,5836,1,1599
1974,24,48,5379,5450,5839,71,460
1016,26,48,2766,3326,5842,560,3076
1561,27,48,4253,4254,5845,1,1592
1980,30,48,5395,5468,5848,73,453
1569,3,48,4274,4275,5851,1,1577
2020,6,48,5505,5588,5854,83,349
1030,8,48,2804,3340,5857,536,3053
1575,9,48,4291,4292,5860,1,1569
1129,11,48,3074,3439,5863,365,2789
1036,14,48,2820,3346,5866,526,3046
1581,15,48,4307,4308,5869,1,1562
2109,31,48,5747,5855,5872,108,125
2032,18,48,5537,5624,5875,87,338
2111,1,48,5753,5861,5878,108,125
1010,20,48,2750,3320,5881,570,3131
1556,22,48,4239,4241,5884,2,1645
2006,24,48,5467,5546,5887,79,420
2103,25,48,5730,5837,5890,107,160
1562,28,48,4256,4257,5893,1,1637
2012,30,48,5483,5564,5896,81,413
1570,4,48,4277,4279,5899,2,1622
1123,5,48,3058,3433,5902,375,2844
2117,7,48,5769,5879,5905,110,136
1576,10,48,4294,4295,5908,1,1614
2026,12,48,5521,5606,5911,85,390
2123,13,48,5786,5897,5914,111,128
1582,16,48,4310,4312,5917,2,1607
1150,32,48,3132,3460,5920,328,2788
2112,2,48,5756,5864,5923,108,167
2064,18,48,5624,5720,5926,96,302
2129,19,48,5802,5915,5929,113,127
1587,21,48,4324,4325,5932,1,1608
1141,23,48,3107,3451,5935,344,2828
1048,26,48,2853,3358,5938,505,3085
1593,27,48,4340,4341,5941,1,1601
1147,29,48,3123,3457,5944,334,2821
1601,3,48,4361,4362,5947,1,1586
2052,6,48,5592,5684,5950,92,358
1062,8,48,2892,3372,5953,480,3061
1607,9,48,4378,4379,5956,1,1578
2058,12,48,5608,5702,5959,94,351
1068,14,48,2908,3378,5962,470,3054
1613,15,48,4394,4395,5965,1,1571
2141,31,48,5835,5951,5968,116,133
1103,17,48,3004,3413,5971,409,2967
2143,1,48,5840,5957,5974,117,134
1042,20,48,2837,3352,5977,515,3140
1588,22,48,4326,4328,5980,2,1654
2038,24,48,5554,5642,5983,88,429
2135,25,48,5818,5933,5986,115,168
1594,28,48,4343,4344,5989,1,1646
2044,30,48,5570,5660,5992,90,422
1602,4,48,4364,4366,5995,2,1631
2084,6,48,5679,5780,5998,101,319
2149,7,48,5856,5975,6001,119,145
1608,10,48,4381,4382,6004,1,1623
1161,11,48,3162,3471,6007,309,2845
2155,13,48,5873,5993,6010,120,137
1614,16,48,4397,4399,6013,2,1616
1182,32,48,3220,3492,6016,272,2796
2144,2,48,5843,5960,6019,117,176
2096,18,48,5711,5816,6022,105,311
2161,19,48,5889,6011,6025,122,136
1619,21,48,4411,4412,6028,1,1617
2070,24,48,5641,5738,6031,97,390
1080,26,48,2941,3390,6034,449,3093
1625,27,48,4427,4428,6037,1,1610
2076,30,48,5657,5756,6040,99,383
1633,3,48,4449,4451,6043,2,1594
1155,5,48,3146,3465,6046,319,2900
1094,8,48,2979,3404,6049,425,3070
1639,9,48,4466,4468,6052,2,1586
2090,12,48,5695,5798,6055,103,360
1100,14,48,2995,3410,6058,415,3063
1645,15,48,4482,4484,6061,2,1579
2173,31,48,5922,6047,6064,125,142
2128,18,48,5799,5912,6067,113,268
2175,1,48,5927,6053,6070,126,143
1074,20,48,2925,3384,6073,459,3148
1620,22,48,4413,4415,6076,2,1663
1173,23,48,3195,3483,6079,288,2884
2167,25,48,5905,6029,6082,124,177
1626,28,48,4430,4431,6085,1,1655
1179,29,48,3211,3489,6088,278,2877
1634,4,48,4452,4453,6091,1,1639
2116,6,48,5767,5876,6094,109,327
2181,7,48,5943,6071,6097,128,154
1640,10,48,4469,4470,6100,1,1631
2122,12,48,5783,5894,6103,111,320
2187,13,48,5960,6089,6106,129,146
1646,16,48,4485,4486,6109,1,1624
1214,32,48,3307,3524,6112,217,2805
2176,2,48,5930,6056,6115,126,185
1135,17,48,3091,3445,6118,354,3027
2193,19,48,5976,6107,6121,131,145
1651,21,48,4499,4500,6124,1,1625
2102,24,48,5728,5834,6127,106,399
1112,26,48,3028,3422,6130,394,3102
1657,27,48,4515,4517,6133,2,1618
2108,30,48,5744,5852,6136,108,392
1665,3,48,4536,4537,6139,1,1603
2148,6,48,5854,5972,6142,118,288
1126,8,48,3066,3436,6145,370,3079
1671,9,48,4553,4554,6148,1,1595
1193,11,48,3249,3503,6151,254,2902
1132,14,48,3082,3442,6154,360,3072
1677,15,48,4569,4570,6157,1,1588
2205,31,48,6009,6143,6160,134,151
2160,18,48,5886,6008,6163,122,277
2207,1,48,6015,6149,6166,134,151
1106,20,48,3012,3416,6169,404,3157
1652,22,48,4501,4502,6172,1,1671
2134,24,48,5816,5930,6175,114,359
2199,25,48,5992,6125,6178,133,186
1658,28,48,4518,4520,6181,2,1663
2140,30,48,5832,5948,6184,116,352
1666,4,48,4539,4541,6187,2,1648
1187,5,48,3233,3497,6190,264,2957
2213,7,48,6031,6167,6193,136,162
1672,10,48,4556,4558,6196,2,1640
2154,12,48,5870,5990,6199,120,329
2219,13,48,6048,6185,6202,137,154
1678,16,48,4572,4574,6205,2,1633
1246,32,48,3394,3556,6208,162,2814
2208,2,48,6018,6152,6211,134,193
2192,18,48,5973,6104,6214,131,241
2225,19,48,6064,6203,6217,139,153
1683,21,48,4586,4587,6220,1,1634
1205,23,48,3282,3515,6223,233,2941
1144,26,48,3115,3454,6226,339,3111
1689,27,48,4602,4603,6229,1,1627
1211,29,48,3298,3521,6232,223,2934
1697,3,48,4623,4625,6235,2,1612
2180,6,48,5941,6068,6238,127,297
1158,8,48,3154,3468,6241,314,3087
1703,9,48,4640,4641,6244,1,1604
2186,12,48,5957,6086,6247,129,290
1164,14,48,3170,3474,6250,304,3080
1709,15,48,4656,4657,6253,1,1597
2237,31,48,6097,6239,6256,142,159
1167,17,48,3179,3477,6259,298,3080
2239,1,48,6102,6245,6262,143,160
1138,20,48,3099,3448,6265,349,3166
1684,22,48,4588,4590,6268,2,1680
2166,24,48,5903,6026,6271,123,368
2231,25,48,6080,6221,6274,141,194
1690,28,48,4605,4607,6277,2,1672
2172,30,48,5919,6044,6280,125,361
1698,4,48,4626,4628,6283,2,1657
2212,6,48,6029,6164,6286,135,257
2245,7,48,6118,6263,6289,145,171
1704,10,48,4643,4644,6292,1,1649
1225,11,48,3336,3535,6295,199,2959
2251,13,48,6135,6281,6298,146,163
1710,16,48,4659,4661,6301,2,1642
1278,32,48,3481,3588,6304,107,2823
2240,2,48,6105,6248,6307,143,202
2224,18,48,6061,6200,6310,139,249
2257,19,48,6151,6299,6313,148,162
1715,21,48,4673,4674,6316,1,1643
2198,24,48,5990,6122,6319,132,329
1176,26,48,3203,3486,6322,283,3119
1721,27,48,4689,4691,6325,2,1636
2204,30,48,6006,6140,6328,134,322
1729,3,48,4710,4715,6331,5,1621
1219,5,48,3320,3529,6334,209,3014
1190,8,48,3241,3500,6337,259,3096
1735,9,48,4727,4733,6340,6,1613
2218,12,48,6045,6182,6343,137,298
1196,14,48,3257,3506,6346,249,3089
1741,15,48,4743,4751,6349,8,1606
2269,31,48,6184,6335,6352,151,168
2256,18,48,6148,6296,6355,148,207
2271,1,48,6189,6341,6358,152,169
1170,20,48,3187,3480,6361,293,3174
1716,22,48,4675,4677,6364,2,1689
1237,23,48,3369,3547,6367,178,2998
2263,25,48,6167,6317,6370,150,203
1722,28,48,4692,4694,6373,2,1681
1243,29,48,3385,3553,6376,168,2991
1730,4,48,4713,4718,6379,5,1666
2244,6,48,6116,6260,6382,144,266
2277,7,48,6205,6359,6385,154,180
1736,10,48,4730,4736,6388,6,1658
2250,12,48,6132,6278,6391,146,259
2283,13,48,6222,6377,6394,155,172
1742,16,48,4746,4754,6397,8,1651
1310,32,48,3569,3620,6400,51,2831
2272,2,48,6192,6344,6403,152,211
1199,17,48,3266,3509,6406,243,3140
2289,19,48,6238,6395,6409,157,171
1747,21,48,4760,4769,6412,9,1652
2230,24,48,6078,6218,6415,140,337
1208,26,48,3290,3518,6418,228,3128
1753,27,48,4776,4787,6421,11,1645
2236,30,48,6094,6236,6424,142,330
1761,3,48,4798,4811,6427,13,1629
2276,6,48,6203,6356,6430,153,227
1222,8,48,3328,3532,6433,204,3105
1767,9,48,4815,4829,6436,14,1621
1257,11,48,3423,3567,6439,144,3016
1228,14,48,3344,3538,6442,194,3098
1773,15,48,4831,4847,6445,16,1614
2301,31,48,6271,6431,6448,160,177
2288,18,48,6235,6392,6451,157,216
2303,1,48,6276,6437,6454,161,178
1202,20,48,3274,3512,6457,238,3183
1748,22,48,4762,4772,6460,10,1698
2262,24,48,6165,6314,6463,149,298
2295,25,48,6254,6413,6466,159,212
1754,28,48,4779,4790,6469,11,1690
2268,30,48,6181,6332,6472,151,291
1762,4,48,4801,4814,6475,13,1674
1251,5,48,3407,3561,6478,154,3071
2309,7,48,6292,6455,6481,163,189
1768,10,48,4818,4832,6484,14,1666
2282,12,48,6219,6374,6487,155,268
2315,13,48,6309,6473,6490,164,181
1774,16,48,4834,4850,6493,16,1659
1342,32,48,3656,3657,6496,1,2840
2304,2,48,6279,6440,6499,161,220
2320,18,48,6322,6488,6502,166,180
2321,19,48,6325,6491,6505,166,180
1779,21,48,4848,4865,6508,17,1660
1269,23,48,3456,3579,6511,123,3055
1240,26,48,3377,3550,6514,173,3137
1785,27,48,4864,4883,6517,19,1653
1275,29,48,3472,3585,6520,113,3048
1793,3,48,4885,4907,6523,22,1638
2308,6,48,6290,6452,6526,162,236
1254,8,48,3415,3564,6529,149,3114
1799,9,48,4902,4925,6532,23,1630
2314,12,48,6306,6470,6535,164,229
1260,14,48,3431,3570,6538,139,3107
1805,15,48,4918,4943,6541,25,1623
2333,31,48,6358,6527,6544,169,186
1231,17,48,3353,3541,6547,188,3194
2335,1,48,6364,6533,6550,169,186
1234,20,48,3361,3544,6553,183,3192
1780,22,48,4850,4868,6556,18,1706
2294,24,48,6252,6410,6559,158,307
2327,25,48,6341,6509,6562,168,221
1786,28,48,4867,4886,6565,19,1698
2300,30,48,6268,6428,6568,160,300
1794,4,48,4888,4910,6571,22,1683
2340,6,48,6378,6548,6574,170,196
2341,7,48,6380,6551,6577,171,197
1800,10,48,4905,4928,6580,23,1675
1289,11,48,3511,3599,6583,88,3072
2347,13,48,6397,6569,6586,172,189
1806,16,48,4921,4946,6589,25,1668
1374,32,48,3743,3744,6592,1,2849
2336,2,48,6367,6536,6595,169,228
2352,18,48,6410,6584,6598,174,188
2353,19,48,6413,6587,6601,174,188
1811,21,48,4935,4961,6604,26,1669
2326,24,48,6339,6506,6607,167,268
1272,26,48,3464,3582,6610,118,3146
1817,27,48,4951,4979,6613,28,1662
2332,30,48,6355,6524,6616,169,261
1825,3,48,4972,5003,6619,31,1647
1283,5,48,3495,3593,6622,98,3127
1286,8,48,3503,3596,6625,93,3122
1831,9,48,4989,5021,6628,32,1639
2346,12,48,6394,6566,6631,172,237
1292,14,48,3519,3602,6634,83,3115
1837,15,48,5005,5039,6637,34,1632
2365,31,48,6446,6623,6640,177,194
1263,17,48,3440,3573,6643,133,3203
2367,1,48,6451,6629,6646,178,195
1266,20,48,3448,3576,6649,128,3201
1812,22,48,4937,4964,6652,27,1715
1301,23,48,3544,3611,6655,67,3111
2359,25,48,6429,6605,6658,176,229
1818,28,48,4954,4982,6661,28,1707
1307,29,48,3560,3617,6664,57,3104
1826,4,48,4975,5006,6667,31,1692
2372,6,48,6465,6644,6670,179,205
2373,7,48,6467,6647,6673,180,206
1832,10,48,4992,5024,6676,32,1684
2378,12,48,6481,6662,6679,181,198
2379,13,48,6484,6665,6682,181,198
1838,16,48,5008,5042,6685,34,1677
1406,32,48,3830,3831,6688,1,2858
2368,2,48,6454,6632,6691,178,237
2384,18,48,6497,6680,6694,183,197
2385,19,48,6500,6683,6697,183,197
1843,21,48,5022,5057,6700,35,1678
2358,24,48,6427,6602,6703,175,276
1304,26,48,3552,3614,6706,62,3154
1849,27,48,5038,5075,6709,37,1671
2364,30,48,6443,6620,6712,177,269
1857,3,48,5060,5099,6715,39,1655
1315,5,48,3582,3625,6718,43,3136
1318,8,48,3590,3628,6721,38,3131
1863,9,48,5077,5117,6724,40,1647
1321,11,48,3598,3631,6727,33,3129
1324,14,48,3606,3634,6730,28,3124
1869,15,48,5093,5135,6733,42,1640
2397,31,48,6533,6719,6736,186,203
1295,17,48,3528,3605,6739,77,3211
2399,1,48,6538,6725,6742,187,204
1298,20,48,3536,3608,6745,72,3209
1844,22,48,5024,5060,6748,36,1724
2390,24,48,6514,6698,6751,184,237
2391,25,48,6516,6701,6754,185,238
1850,28,48,5041,5078,6757,37,1716
2396,30,48,6530,6716,6760,186,230
1858,4,48,5063,5102,6763,39,1700
2404,6,48,6552,6740,6766,188,214
2405,7,48,6554,6743,6769,189,215
1864,10,48,5080,5120,6772,40,1692
2410,12,48,6568,6758,6775,190,207
2411,13,48,6571,6761,6778,190,207
1870,16,48,5096,5138,6781,42,1685
1438,32,48,3918,3919,6784,1,2866
2400,2,48,6541,6728,6787,187,246
2416,18,48,6584,6776,6790,192,206
2417,19,48,6587,6779,6793,192,206
1875,21,48,5110,5153,6796,43,1686
1333,23,48,3631,3643,6799,12,3168
1336,26,48,3639,3646,6802,7,3163
1881,27,48,5126,5171,6805,45,1679
1339,29,48,3647,3649,6808,2,3161
1889,3,48,5147,5195,6811,48,1664
1347,5,48,3669,3670,6814,1,3145
1350,8,48,3677,3679,6817,2,3140
1895,9,48,5164,5213,6820,49,1656
1353,11,48,3685,3686,6823,1,3138
1356,14,48,3693,3695,6826,2,3133
1901,15,48,5180,5231,6829,51,1649
2429,31,48,6620,6815,6832,195,212
1327,17,48,3615,3637,6835,22,3220
2431,1,48,6625,6821,6838,196,213
1330,20,48,3623,3640,6841,17,3218
1876,22,48,5112,5156,6844,44,1732
2422,24,48,6601,6794,6847,193,246
2423,25,48,6603,6797,6850,194,247
1882,28,48,5129,5174,6853,45,1724
2428,30,48,6617,6812,6856,195,239
1890,4,48,5150,5198,6859,48,1709
2436,6,48,6639,6836,6862,197,223
2437,7,48,6641,6839,6865,198,224
1896,10,48,5167,5216,6868,49,1701
2442,12,48,6655,6854,6871,199,216
2443,13,48,6658,6857,6874,199,216
1902,16,48,5183,5234,6877,51,1694
1470,32,48,4005,4006,6880,1,2875
2432,2,48,6628,6824,6883,196,255
2448,18,48,6671,6872,6886,201,215
2449,19,48,6674,6875,6889,201,215
1907,21,48,5197,5249,6892,52,1695
1365,23,48,3718,3719,6895,1,3177
1368,26,48,3726,3728,6898,2,3172
1913,27,48,5213,5267,6901,54,1688
1371,29,48,3734,3735,6904,1,3170
1921,3,48,5234,5291,6907,57,1673
1379,5,48,3756,3757,6910,1,3154
1382,8,48,3764,3766,6913,2,3149
1927,9,48,5251,5309,6916,58,1665
1385,11,48,3772,3773,6919,1,3147
1388,14,48,3780,3782,6922,2,3142
1933,15,48,5267,5327,6925,60,1658
2461,31,48,6707,6911,6928,204,221
1359,17,48,3702,3704,6931,2,3229
2463,1,48,6713,6917,6934,204,221
1362,20,48,3710,3712,6937,2,3227
1908,22,48,5199,5252,6940,53,1741
2454,24,48,6688,6890,6943,202,255
2455,25,48,6690,6893,6946,203,256
1914,28,48,5216,5270,6949,54,1733
2460,30,48,6704,6908,6952,204,248
1922,4,48,5237,5294,6955,57,1718
2468,6,48,6727,6932,6958,205,231
2469,7,48,6729,6935,6961,206,232
1928,10,48,5254,5312,6964,58,1710
2474,12,48,6743,6950,6967,207,224
2475,13,48,6746,6953,6970,207,224
1934,16,48,5270,5330,6973,60,1703
1502,32,48,4092,4093,6976,1,2884
2464,2,48,6716,6920,6979,204,263
2480,18,48,6759,6968,6982,209,223
2481,19,48,6762,6971,6985,209,223
1939,21,48,5284,5345,6988,61,1704
1397,23,48,3805,3806,6991,1,3186
1400,26,48,3813,3815,6994,2,3181
1945,27,48,5300,5363,6997,63,1697
1403,29,48,3821,3822,7000,1,3179
1953,3,48,5321,5387,7003,66,1682
1411,5,48,3844,3845,7006,1,3162
1414,8,48,3852,3853,7009,1,3157
1959,9,48,5338,5405,7012,67,1674
1417,11,48,3860,3861,7015,1,3155
1420,14,48,3868,3869,7018,1,3150
1965,15,48,5354,5423,7021,69,1667
2493,31,48,6795,7007,7024,212,229
1391,17,48,3789,3791,7027,2,3238
2495,1,48,6800,7013,7030,213,230
1394,20,48,3797,3799,7033,2,3236
1940,22,48,5286,5348,7036,62,1750
2486,24,48,6776,6986,7039,210,263
2487,25,48,6778,6989,7042,211,264
1946,28,48,5303,5366,7045,63,1742
2492,30,48,6792,7004,7048,212,256
1954,4,48,5324,5390,7051,66,1727
2500,6,48,6814,7028,7054,214,240
2501,7,48,6816,7031,7057,215,241
1960,10,48,5341,5408,7060,67,1719
2506,12,48,6830,7046,7063,216,233
2507,13,48,6833,7049,7066,216,233
1966,16,48,5357,5426,7069,69,1712
1534,32,48,4180,4181,7072,1,2892
2496,2,48,6803,7016,7075,213,272
2512,18,48,6846,7064,7078,218,232
2513,19,48,6849,7067,7081,218,232
1971,21,48,5371,5441,7084,70,1713
1429,23,48,3893,3894,7087,1,3194
1432,26,48,3901,3902,7090,1,3189
1977,27,48,5387,5459,7093,72,1706
1435,29,48,3909,3910,7096,1,3187
1985,3,48,5409,5483,7099,74,1690
1443,5,48,3931,3932,7102,1,3171
1446,8,48,3939,3940,7105,1,3166
1991,9,48,5426,5501,7108,75,1682
1449,11,48,3947,3948,7111,1,3164
1452,14,48,3955,3956,7114,1,3159
1997,15,48,5442,5519,7117,77,1675
2525,31,48,6882,7103,7120,221,238
1423,17,48,3877,3878,7123,1,3246
2527,1,48,6887,7109,7126,222,239
1426,20,48,3885,3887,7129,2,3244
1972,22,48,5373,5444,7132,71,1759
2518,24,48,6863,7082,7135,219,272
2519,25,48,6865,7085,7138,220,273
1978,28,48,5390,5462,7141,72,1751
2524,30,48,6879,7100,7144,221,265
1986,4,48,5412,5486,7147,74,1735
2532,6,48,6901,7124,7150,223,249
2533,7,48,6903,7127,7153,224,250
1992,10,48,5429,5504,7156,75,1727
2538,12,48,6917,7142,7159,225,242
2539,13,48,6920,7145,7162,225,242
1998,16,48,5445,5522,7165,77,1720
1566,32,48,4267,4268,7168,1,2901
2528,2,48,6890,7112,7171,222,281
2544,18,48,6933,7160,7174,227,241
2545,19,48,6936,7163,7177,227,241
2003,21,48,5459,5537,7180,78,1721
1461,23,48,3980,3981,7183,1,3203
1464,26,48,3988,3989,7186,1,3198
2009,27,48,5475,5555,7189,80,1714
1467,29,48,3996,3997,7192,1,3196
2017,3,48,5496,5579,7195,83,1699
1475,5,48,4018,4019,7198,1,3180
1478,8,48,4026,4027,7201,1,3175
2023,9,48,5513,5597,7204,84,1691
1481,11,48,4034,4035,7207,1,3173
1484,14,48,4042,4043,7210,1,3168
2029,15,48,5529,5615,7213,86,1684
2557,31,48,6969,7199,7216,230,247
1455,17,48,3964,3965,7219,1,3255
2559,1,48,6975,7205,7222,230,247
1458,20,48,3972,3974,7225,2,3253
2004,22,48,5461,5540,7228,79,1767
2550,24,48,6950,7178,7231,228,281
2551,25,48,6952,7181,7234,229,282
2010,28,48,5478,5558,7237,80,1759
2556,30,48,6966,7196,7240,230,274
2018,4,48,5499,5582,7243,83,1744
2564,6,48,6989,7220,7246,231,257
2565,7,48,6991,7223,7249,232,258
2024,10,48,5516,5600,7252,84,1736
2570,12,48,7005,7238,7255,233,250
2571,13,48,7008,7241,7258,233,250
2030,16,48,5532,5618,7261,86,1729
1598,32,48,4354,4355,7264,1,2910
2560,2,48,6978,7208,7267,230,289
2576,18,48,7021,7256,7270,235,249
2577,19,48,7024,7259,7273,235,249
2035,21,48,5546,5633,7276,87,1730
1493,23,48,4067,4068,7279,1,3212
1496,26,48,4075,4076,7282,1,3207
2041,27,48,5562,5651,7285,89,1723
1499,29,48,4083,4084,7288,1,3205
2049,3,48,5583,5675,7291,92,1708
1507,5,48,4106,4108,7294,2,3188
1510,8,48,4114,4115,7297,1,3183
2055,9,48,5600,5693,7300,93,1700
1513,11,48,4122,4124,7303,2,3181
1516,14,48,4130,4131,7306,1,3176
2061,15,48,5616,5711,7309,95,1693
2589,31,48,7057,7295,7312,238,255
1487,17,48,4051,4052,7315,1,3264
2591,1,48,7062,7301,7318,239,256
1490,20,48,4059,4061,7321,2,3262
2036,22,48,5548,5636,7324,88,1776
2582,24,48,7038,7274,7327,236,289
2583,25,48,7040,7277,7330,237,290
2042,28,48,5565,5654,7333,89,1768
2588,30,48,7054,7292,7336,238,282
2050,4,48,5586,5678,7339,92,1753
2596,6,48,7076,7316,7342,240,266
2597,7,48,7078,7319,7345,241,267
2056,10,48,5603,5696,7348,93,1745
2602,12,48,7092,7334,7351,242,259
2603,13,48,7095,7337,7354,242,259
2062,16,48,5619,5714,7357,95,1738
1630,32,48,4441,4442,7360,1,2919
2592,2,48,7065,7304,7363,239,298
2608,18,48,7108,7352,7366,244,258
2609,19,48,7111,7355,7369,244,258
2067,21,48,5633,5729,7372,96,1739
1525,23,48,4155,4157,7375,2,3220
1528,26,48,4163,4164,7378,1,3215
2073,27,48,5649,5747,7381,98,1732
1531,29,48,4171,4173,7384,2,3213
2081,3,48,5670,5771,7387,101,1717
1539,5,48,4193,4194,7390,1,3197
1542,8,48,4201,4202,7393,1,3192
2087,9,48,5687,5789,7396,102,1709
1545,11,48,4209,4210,7399,1,3190
1548,14,48,4217,4218,7402,1,3185
2093,15,48,5703,5807,7405,104,1702
2621,31,48,7144,7391,7408,247,264
1519,17,48,4139,4140,7411,1,3272
2623,1,48,7149,7397,7414,248,265
1522,20,48,4147,4148,7417,1,3270
2068,22,48,5635,5732,7420,97,1785
2614,24,48,7125,7370,7423,245,298
2615,25,48,7127,7373,7426,246,299
2074,28,48,5652,5750,7429,98,1777
2620,30,48,7141,7388,7432,247,291
2082,4,48,5673,5774,7435,101,1762
2628,6,48,7163,7412,7438,249,275
2629,7,48,7165,7415,7441,250,276
2088,10,48,5690,5792,7444,102,1754
2634,12,48,7179,7430,7447,251,268
2635,13,48,7182,7433,7450,251,268
2094,16,48,5706,5810,7453,104,1747
1662,32,48,4529,4530,7456,1,2927
2624,2,48,7152,7400,7459,248,307
2640,18,48,7195,7448,7462,253,267
2641,19,48,7198,7451,7465,253,267
2099,21,48,5720,5825,7468,105,1748
1557,23,48,4242,4243,7471,1,3229
1560,26,48,4250,4252,7474,2,3224
2105,27,48,5736,5843,7477,107,1741
1563,29,48,4258,4259,7480,1,3222
2113,3,48,5758,5867,7483,109,1725
1571,5,48,4280,4281,7486,1,3206
1574,8,48,4288,4289,7489,1,3201
2119,9,48,5775,5885,7492,110,1717
1577,11,48,4296,4297,7495,1,3199
1580,14,48,4304,4305,7498,1,3194
2125,15,48,5791,5903,7501,112,1710
2653,31,48,7231,7487,7504,256,273
1551,17,48,4226,4227,7507,1,3281
2655,1,48,7236,7493,7510,257,274
1554,20,48,4234,4235,7513,1,3279
2100,22,48,5722,5828,7516,106,1794
2646,24,48,7212,7466,7519,254,307
2647,25,48,7214,7469,7522,255,308
2106,28,48,5739,5846,7525,107,1786
2652,30,48,7228,7484,7528,256,300
2114,4,48,5761,5870,7531,109,1770
2660,6,48,7250,7508,7534,258,284
2661,7,48,7252,7511,7537,259,285
2120,10,48,5778,5888,7540,110,1762
2666,12,48,7266,7526,7543,260,277
2667,13,48,7269,7529,7546,260,277
2126,16,48,5794,5906,7549,112,1755
1694,32,48,4616,4617,7552,1,2936
2656,2,48,7239,7496,7555,257,316
2672,18,48,7282,7544,7558,262,276
2673,19,48,7285,7547,7561,262,276
2131,21,48,5808,5921,7564,113,1756
1589,23,48,4329,4330,7567,1,3238
1592,26,48,4337,4339,7570,2,3233
2137,27,48,5824,5939,7573,115,1749
1595,29,48,4345,4346,7576,1,3231
2145,3,48,5845,5963,7579,118,1734
1603,5,48,4367,4368,7582,1,3215
1606,8,48,4375,4376,7585,1,3210
2151,9,48,5862,5981,7588,119,1726
1609,11,48,4383,4384,7591,1,3208
1612,14,48,4391,4392,7594,1,3203
2157,15,48,5878,5999,7597,121,1719
2685,31,48,7318,7583,7600,265,282
1583,17,48,4313,4314,7603,1,3290
2687,1,48,7324,7589,7606,265,282
1586,20,48,4321,4322,7609,1,3288
2132,22,48,5810,5924,7612,114,1802
2678,24,48,7299,7562,7615,263,316
2679,25,48,7301,7565,7618,264,317
2138,28,48,5827,5942,7621,115,1794
2684,30,48,7315,7580,7624,265,309
2146,4,48,5848,5966,7627,118,1779
2692,6,48,7338,7604,7630,266,292
2693,7,48,7340,7607,7633,267,293
2152,10,48,5865,5984,7636,119,1771
2698,12,48,7354,7622,7639,268,285
2699,13,48,7357,7625,7642,268,285
2158,16,48,5881,6002,7645,121,1764
1726,32,48,4703,4706,7648,3,2945
2688,2,48,7327,7592,7651,265,324
2704,18,48,7370,7640,7654,270,284
2705,19,48,7373,7643,7657,270,284
2163,21,48,5895,6017,7660,122,1765
1621,23,48,4416,4417,7663,1,3247
1624,26,48,4424,4426,7666,2,3242
2169,27,48,5911,6035,7669,124,1758
1627,29,48,4432,4433,7672,1,3240
2177,3,48,5932,6059,7675,127,1743
1635,5,48,4455,4457,7678,2,3223
1638,8,48,4463,4464,7681,1,3218
2183,9,48,5949,6077,7684,128,1735
1641,11,48,4471,4473,7687,2,3216
1644,14,48,4479,4481,7690,2,3211
2189,15,48,5965,6095,7693,130,1728
2717,31,48,7406,7679,7696,273,290
1615,17,48,4400,4401,7699,1,3299
2719,1,48,7411,7685,7702,274,291
1618,20,48,4408,4409,7705,1,3297
2164,22,48,5897,6020,7708,123,1811
2710,24,48,7387,7658,7711,271,324
2711,25,48,7389,7661,7714,272,325
2170,28,48,5914,6038,7717,124,1803
2716,30,48,7403,7676,7720,273,317
2178,4,48,5935,6062,7723,127,1788
2724,6,48,7425,7700,7726,275,301
2725,7,48,7427,7703,7729,276,302
2184,10,48,5952,6080,7732,128,1780
2730,12,48,7441,7718,7735,277,294
2731,13,48,7444,7721,7738,277,294
2190,16,48,5968,6098,7741,130,1773
1758,32,48,4790,4802,7744,12,2954
2720,2,48,7414,7688,7747,274,333
2736,18,48,7457,7736,7750,279,293
2737,19,48,7460,7739,7753,279,293
2195,21,48,5982,6113,7756,131,1774
1653,23,48,4504,4505,7759,1,3255
1656,26,48,4512,4513,7762,1,3250
2201,27,48,5998,6131,7765,133,1767
1659,29,48,4520,4521,7768,1,3248
2209,3,48,6020,6155,7771,135,1751
1667,5,48,4542,4544,7774,2,3232
1670,8,48,4550,4551,7777,1,3227
2215,9,48,6037,6173,7780,136,1743
1673,11,48,4558,4559,7783,1,3225
1676,14,48,4566,4568,7786,2,3220
2221,15,48,6053,6191,7789,138,1736
2749,31,48,7493,7775,7792,282,299
1647,17,48,4488,4490,7795,2,3307
2751,1,48,7498,7781,7798,283,300
1650,20,48,4496,4497,7801,1,3305
2196,22,48,5984,6116,7804,132,1820
2742,24,48,7474,7754,7807,280,333
2743,25,48,7476,7757,7810,281,334
2202,28,48,6001,6134,7813,133,1812
2748,30,48,7490,7772,7816,282,326
2210,4,48,6023,6158,7819,135,1796
2756,6,48,7512,7796,7822,284,310
2757,7,48,7514,7799,7825,285,311
2216,10,48,6040,6176,7828,136,1788
2762,12,48,7528,7814,7831,286,303
2763,13,48,7531,7817,7834,286,303
2222,16,48,6056,6194,7837,138,1781
1790,32,48,4878,4898,7840,20,2962
2752,2,48,7501,7784,7843,283,342
2768,18,48,7544,7832,7846,288,302
2769,19,48,7547,7835,7849,288,302
2227,21,48,6070,6209,7852,139,1782
1685,23,48,4591,4592,7855,1,3264
1688,26,48,4599,4601,7858,2,3259
2233,27,48,6086,6227,7861,141,1775
1691,29,48,4607,4608,7864,1,3257
2241,3,48,6107,6251,7867,144,1760
1699,5,48,4629,4630,7870,1,3241
1702,8,48,4637,4639,7873,2,3236
2247,9,48,6124,6269,7876,145,1752
1705,11,48,4645,4646,7879,1,3234
1708,14,48,4653,4655,7882,2,3229
2253,15,48,6140,6287,7885,147,1745
2781,31,48,7580,7871,7888,291,308
1679,17,48,4575,4577,7891,2,3316
2783,1,48,7585,7877,7894,292,309
1682,20,48,4583,4585,7897,2,3314
2228,22,48,6072,6212,7900,140,1828
2774,24,48,7561,7850,7903,289,342
2775,25,48,7563,7853,7906,290,343
2234,28,48,6089,6230,7909,141,1820
2780,30,48,7577,7868,7912,291,335
2242,4,48,6110,6254,7915,144,1805
2788,6,48,7599,7892,7918,293,319
2789,7,48,7601,7895,7921,294,320
2248,10,48,6127,6272,7924,145,1797
2794,12,48,7615,7910,7927,295,312
2795,13,48,7618,7913,7930,295,312
2254,16,48,6143,6290,7933,147,1790
1822,32,48,4965,4994,7936,29,2971
2784,2,48,7588,7880,7939,292,351
2800,18,48,7631,7928,7942,297,311
2801,19,48,7634,7931,7945,297,311
2259,21,48,6157,6305,7948,148,1791
1717,23,48,4678,4679,7951,1,3273
1720,26,48,4686,4688,7954,2,3268
2265,27,48,6173,6323,7957,150,1784
1723,29,48,4694,4697,7960,3,3266
2273,3,48,6194,6347,7963,153,1769
1731,5,48,4716,4721,7966,5,3250
1734,8,48,4724,4730,7969,6,3245
2279,9,48,6211,6365,7972,154,1761
1737,11,48,4732,4739,7975,7,3243
1740,14,48,4740,4748,7978,8,3238
2285,15,48,6227,6383,7981,156,1754
2813,31,48,7667,7967,7984,300,317
1711,17,48,4662,4664,7987,2,3325
2815,1,48,7673,7973,7990,300,317
1714,20,48,4670,4672,7993,2,3323
2260,22,48,6159,6308,7996,149,1837
2806,24,48,7648,7946,7999,298,351
2807,25,48,7650,7949,8002,299,352
2266,28,48,6176,6326,8005,150,1829
2812,30,48,7664,7964,8008,300,344
2274,4,48,6197,6350,8011,153,1814
2820,6,48,7687,7988,8014,301,327
2821,7,48,7689,7991,8017,302,328
2280,10,48,6214,6368,8020,154,1806
2826,12,48,7703,8006,8023,303,320
2827,13,48,7706,8009,8026,303,320
2286,16,48,6230,6386,8029,156,1799
1854,32,48,5052,5090,8032,38,2980
2816,2,48,7676,7976,8035,300,359
2832,18,48,7719,8024,8038,305,319
2833,19,48,7722,8027,8041,305,319
2291,21,48,6244,6401,8044,157,1800
1749,23,48,4765,4775,8047,10,3282
1752,26,48,4773,4784,8050,11,3277
2297,27,48,6260,6419,8053,159,1793
1755,29,48,4781,4793,8056,12,3275
2305,3,48,6281,6443,8059,162,1778
1763,5,48,4804,4817,8062,13,3258
1766,8,48,4812,4826,8065,14,3253
2311,9,48,6298,6461,8068,163,1770
1769,11,48,4820,4835,8071,15,3251
1772,14,48,4828,4844,8074,16,3246
2317,15,48,6314,6479,8077,165,1763
2845,31,48,7755,8063,8080,308,325
1743,17,48,4749,4757,8083,8,3334
2847,1,48,7760,8069,8086,309,326
1746,20,48,4757,4766,8089,9,3332
2292,22,48,6246,6404,8092,158,1846
2838,24,48,7736,8042,8095,306,359
2839,25,48,7738,8045,8098,307,360
2298,28,48,6263,6422,8101,159,1838
2844,30,48,7752,8060,8104,308,352
2306,4,48,6284,6446,8107,162,1823
2852,6,48,7774,8084,8110,310,336
2853,7,48,7776,8087,8113,311,337
2312,10,48,6301,6464,8116,163,1815
2858,12,48,7790,8102,8119,312,329
2859,13,48,7793,8105,8122,312,329
2318,16,48,6317,6482,8125,165,1808
1886,32,48,5140,5186,8128,46,2988
2848,2,48,7763,8072,8131,309,368
2864,18,48,7806,8120,8134,314,328
2865,19,48,7809,8123,8137,314,328
2323,21,48,6331,6497,8140,166,1809
1781,23,48,4853,4871,8143,18,3290
1784,26,48,4861,4880,8146,19,3285
2329,27,48,6347,6515,8149,168,1802
1787,29,48,4869,4889,8152,20,3283
2337,3,48,6369,6539,8155,170,1786
1795,5,48,4891,4913,8158,22,3267
1798,8,48,4899,4922,8161,23,3262
2343,9,48,6386,6557,8164,171,1778
1801,11,48,4907,4931,8167,24,3260
1804,14,48,4915,4940,8170,25,3255
2349,15,48,6402,6575,8173,173,1771
2877,31,48,7842,8159,8176,317,334
1775,17,48,4837,4853,8179,16,3342
2879,1,48,7847,8165,8182,318,335
1778,20,48,4845,4862,8185,17,3340
2324,22,48,6333,6500,8188,167,1855
2870,24,48,7823,8138,8191,315,368
2871,25,48,7825,8141,8194,316,369
2330,28,48,6350,6518,8197,168,1847
2876,30,48,7839,8156,8200,317,361
2338,4,48,6372,6542,8203,170,1831
2884,6,48,7861,8180,8206,319,345
2885,7,48,7863,8183,8209,320,346
2344,10,48,6389,6560,8212,171,1823
2890,12,48,7877,8198,8215,321,338
2891,13,48,7880,8201,8218,321,338
2350,16,48,6405,6578,8221,173,1816
1918,32,48,5227,5282,8224,55,2997
2880,2,48,7850,8168,8227,318,377
2896,18,48,7893,8216,8230,323,337
2897,19,48,7896,8219,8233,323,337
2355,21,48,6419,6593,8236,174,1817
1813,23,48,4940,4967,8239,27,3299
1816,26,48,4948,4976,8242,28,3294
2361,27,48,6435,6611,8245,176,1810
1819,29,48,4956,4985,8248,29,3292
2369,3,48,6456,6635,8251,179,1795
1827,5,48,4978,5009,8254,31,3276
1830,8,48,4986,5018,8257,32,3271
2375,9,48,6473,6653,8260,180,1787
1833,11,48,4994,5027,8263,33,3269
1836,14,48,5002,5036,8266,34,3264
2381,15,48,6489,6671,8269,182,1780
2909,31,48,7929,8255,8272,326,343
1807,17,48,4924,4949,8275,25,3351
2911,1,48,7935,8261,8278,326,343
1810,20,48,4932,4958,8281,26,3349
2356,22,48,6421,6596,8284,175,1863
2902,24,48,7910,8234,8287,324,377
2903,25,48,7912,8237,8290,325,378
2362,28,48,6438,6614,8293,176,1855
2908,30,48,7926,8252,8296,326,370
2370,4,48,6459,6638,8299,179,1840
2916,6,48,7949,8276,8302,327,353
2917,7,48,7951,8279,8305,328,354
2376,10,48,6476,6656,8308,180,1832
2922,12,48,7965,8294,8311,329,346
2923,13,48,7968,8297,8314,329,346
2382,16,48,6492,6674,8317,182,1825
1950,32,48,5314,5378,8320,64,3006
2912,2,48,7938,8264,8323,326,385
2928,18,48,7981,8312,8326,331,345
2929,19,48,7984,8315,8329,331,345
2387,21,48,6506,6689,8332,183,1826
1845,23,48,5027,5063,8335,36,3308
1848,26,48,5035,5072,8338,37,3303
2393,27,48,6522,6707,8341,185,1819
1851,29,48,5043,5081,8344,38,3301
2401,3,48,6543,6731,8347,188,1804
1859,5,48,5066,5105,8350,39,3284
1862,8,48,5074,5114,8353,40,3279
2407,9,48,6560,6749,8356,189,1796
1865,11,48,5082,5123,8359,41,3277
1868,14,48,5090,5132,8362,42,3272
2413,15,48,6576,6767,8365,191,1789
2941,31,48,8017,8351,8368,334,351
1839,17,48,5011,5045,8371,34,3360
2943,1,48,8022,8357,8374,335,352
1842,20,48,5019,5054,8377,35,3358
2388,22,48,6508,6692,8380,184,1872
2934,24,48,7998,8330,8383,332,385
2935,25,48,8000,8333,8386,333,386
2394,28,48,6525,6710,8389,185,1864
2940,30,48,8014,8348,8392,334,378
2402,4,48,6546,6734,8395,188,1849
2948,6,48,8036,8372,8398,336,362
2949,7,48,8038,8375,8401,337,363
2408,10,48,6563,6752,8404,189,1841
2954,12,48,8052,8390,8407,338,355
2955,13,48,8055,8393,8410,338,355
2414,16,48,6579,6770,8413,191,1834
1982,32,48,5401,5474,8416,73,3015
2944,2,48,8025,8360,8419,335,394
2960,18,48,8068,8408,8422,340,354
2961,19,48,8071,8411,8425,340,354
2419,21,48,6593,6785,8428,192,1835
1877,23,48,5115,5159,8431,44,3316
1880,26,48,5123,5168,8434,45,3311
2425,27,48,6609,6803,8437,194,1828
1883,29,48,5131,5177,8440,46,3309
2433,3,48,6630,6827,8443,197,1813
1891,5,48,5153,5201,8446,48,3293
1894,8,48,5161,5210,8449,49,3288
2439,9,48,6647,6845,8452,198,1805
1897,11,48,5169,5219,8455,50,3286
1900,14,48,5177,5228,8458,51,3281
2445,15,48,6663,6863,8461,200,1798
2973,31,48,8104,8447,8464,343,360
1871,17,48,5099,5141,8467,42,3368
2975,1,48,8109,8453,8470,344,361
1874,20,48,5107,5150,8473,43,3366
2420,22,48,6595,6788,8476,193,1881
2966,24,48,8085,8426,8479,341,394
2967,25,48,8087,8429,8482,342,395
2426,28,48,6612,6806,8485,194,1873
2972,30,48,8101,8444,8488,343,387
2434,4,48,6633,6830,8491,197,1858
2980,6,48,8123,8468,8494,345,371
2981,7,48,8125,8471,8497,346,372
2440,10,48,6650,6848,8500,198,1850
2986,12,48,8139,8486,8503,347,364
2987,13,48,8142,8489,8506,347,364
2446,16,48,6666,6866,8509,200,1843
2014,32,48,5489,5570,8512,81,3023
2976,2,48,8112,8456,8515,344,403
2992,18,48,8155,8504,8518,349,363
2993,19,48,8158,8507,8521,349,363
2451,21,48,6680,6881,8524,201,1844
1909,23,48,5202,5255,8527,53,3325
1912,26,48,5210,5264,8530,54,3320
2457,27,48,6696,6899,8533,203,1837
1915,29,48,5218,5273,8536,55,3318
2465,3,48,6718,6923,8539,205,1821
1923,5,48,5240,5297,8542,57,3302
1926,8,48,5248,5306,8545,58,3297
2471,9,48,6735,6941,8548,206,1813
1929,11,48,5256,5315,8551,59,3295
1932,14,48,5264,5324,8554,60,3290
2477,15,48,6751,6959,8557,208,1806
3005,31,48,8191,8543,8560,352,369
1903,17,48,5186,5237,8563,51,3377
3007,1,48,8196,8549,8566,353,370
1906,20,48,5194,5246,8569,52,3375
2452,22,48,6682,6884,8572,202,1890
2998,24,48,8172,8522,8575,350,403
2999,25,48,8174,8525,8578,351,404
2458,28,48,6699,6902,8581,203,1882
3004,30,48,8188,8540,8584,352,396
2466,4,48,6721,6926,8587,205,1866
3012,6,48,8210,8564,8590,354,380
3013,7,48,8212,8567,8593,355,381
2472,10,48,6738,6944,8596,206,1858
3018,12,48,8226,8582,8599,356,373
3019,13,48,8229,8585,8602,356,373
2478,16,48,6754,6962,8605,208,1851
2046,32,48,5576,5666,8608,90,3032
3008,2,48,8199,8552,8611,353,412
3024,18,48,8242,8600,8614,358,372
3025,19,48,8245,8603,8617,358,372
2483,21,48,6768,6977,8620,209,1852
1941,23,48,5289,5351,8623,62,3334
1944,26,48,5297,5360,8626,63,3329
2489,27,48,6784,6995,8629,211,1845
1947,29,48,5305,5369,8632,64,3327
2497,3,48,6805,7019,8635,214,1830
1955,5,48,5327,5393,8638,66,3311
1958,8,48,5335,5402,8641,67,3306
2503,9,48,6822,7037,8644,215,1822
1961,11,48,5343,5411,8647,68,3304
1964,14,48,5351,5420,8650,69,3299
2509,15,48,6838,7055,8653,217,1815
3037,31,48,8278,8639,8656,361,378
1935,17,48,5273,5333,8659,60,3386
3039,1,48,8284,8645,8662,361,378
1938,20,48,5281,5342,8665,61,3384
2484,22,48,6770,6980,8668,210,1898
3030,24,48,8259,8618,8671,359,412
3031,25,48,8261,8621,8674,360,413
2490,28,48,6787,6998,8677,211,1890
3036,30,48,8275,8636,8680,361,405
2498,4,48,6808,7022,8683,214,1875
3044,6,48,8298,8660,8686,362,388
3045,7,48,8300,8663,8689,363,389
2504,10,48,6825,7040,8692,215,1867
3050,12,48,8314,8678,8695,364,381
3051,13,48,8317,8681,8698,364,381
2510,16,48,6841,7058,8701,217,1860
2078,32,48,5663,5762,8704,99,3041
3040,2,48,8287,8648,8707,361,420
3056,18,48,8330,8696,8710,366,380
3057,19,48,8333,8699,8713,366,380
2515,21,48,6855,7073,8716,218,1861
1973,23,48,5376,5447,8719,71,3343
1976,26,48,5384,5456,8722,72,3338
2521,27,48,6871,7091,8725,220,1854
1979,29,48,5392,5465,8728,73,3336
2529,3,48,6892,7115,8731,223,1839
1987,5,48,5415,5489,8734,74,3319
1990,8,48,5423,5498,8737,75,3314
2535,9,48,6909,7133,8740,224,1831
1993,11,48,5431,5507,8743,76,3312
1996,14,48,5439,5516,8746,77,3307
2541,15,48,6925,7151,8749,226,1824
3069,31,48,8366,8735,8752,369,386
1967,17,48,5360,5429,8755,69,3395
3071,1,48,8371,8741,8758,370,387
1970,20,48,5368,5438,8761,70,3393
2516,22,48,6857,7076,8764,219,1907
3062,24,48,8347,8714,8767,367,420
3063,25,48,8349,8717,8770,368,421
2522,28,48,6874,7094,8773,220,1899
3068,30,48,8363,8732,8776,369,413
2530,4,48,6895,7118,8779,223,1884
3076,6,48,8385,8756,8782,371,397
3077,7,48,8387,8759,8785,372,398
2536,10,48,6912,7136,8788,224,1876
3082,12,48,8401,8774,8791,373,390
3083,13,48,8404,8777,8794,373,390
2542,16,48,6928,7154,8797,226,1869
2110,32,48,5750,5858,8800,108,3050
3072,2,48,8374,8744,8803,370,429
3088,18,48,8417,8792,8806,375,389
3089,19,48,8420,8795,8809,375,389
2547,21,48,6942,7169,8812,227,1870
2005,23,48,5464,5543,8815,79,3351
2008,26,48,5472,5552,8818,80,3346
2553,27,48,6958,7187,8821,229,1863
2011,29,48,5480,5561,8824,81,3344
2561,3,48,6980,7211,8827,231,1847
2019,5,48,5502,5585,8830,83,3328
2022,8,48,5510,5594,8833,84,3323
2567,9,48,6997,7229,8836,232,1839
2025,11,48,5518,5603,8839,85,3321
2028,14,48,5526,5612,8842,86,3316
2573,15,48,7013,7247,8845,234,1832
3101,31,48,8453,8831,8848,378,395
1999,17,48,5448,5525,8851,77,3403
3103,1,48,8458,8837,8854,379,396
2002,20,48,5456,5534,8857,78,3401
2548,22,48,6944,7172,8860,228,1916
3094,24,48,8434,8810,8863,376,429
3095,25,48,8436,8813,8866,377,430
2554,28,48,6961,7190,8869,229,1908
3100,30,48,8450,8828,8872,378,422
2562,4,48,6983,7214,8875,231,1892
3108,6,48,8472,8852,8878,380,406
3109,7,48,8474,8855,8881,381,407
2568,10,48,7000,7232,8884,232,1884
3114,12,48,8488,8870,8887,382,399
3115,13,48,8491,8873,8890,382,399
2574,16,48,7016,7250,8893,234,1877
2142,32,48,5838,5954,8896,116,3058
3104,2,48,8461,8840,8899,379,438
3120,18,48,8504,8888,8902,384,398
3121,19,48,8507,8891,8905,384,398
2579,21,48,7030,7265,8908,235,1878
2037,23,48,5551,5639,8911,88,3360
2040,26,48,5559,5648,8914,89,3355
2585,27,48,7046,7283,8917,237,1871
2043,29,48,5567,5657,8920,90,3353
2593,3,48,7067,7307,8923,240,1856
2051,5,48,5589,5681,8926,92,3337
2054,8,48,5597,5690,8929,93,3332
2599,9,48,7084,7325,8932,241,1848
2057,11,48,5605,5699,8935,94,3330
2060,14,48,5613,5708,8938,95,3325
2605,15,48,7100,7343,8941,243,1841
3133,31,48,8540,8927,8944,387,404
2031,17,48,5535,5621,8947,86,3412
3135,1,48,8545,8933,8950,388,405
2034,20,48,5543,5630,8953,87,3410
2580,22,48,7032,7268,8956,236,1924
3126,24,48,8521,8906,8959,385,438
3127,25,48,8523,8909,8962,386,439
2586,28,48,7049,7286,8965,237,1916
3132,30,48,8537,8924,8968,387,431
2594,4,48,7070,7310,8971,240,1901
3140,6,48,8559,8948,8974,389,415
3141,7,48,8561,8951,8977,390,416
2600,10,48,7087,7328,8980,241,1893
3146,12,48,8575,8966,8983,391,408
3147,13,48,8578,8969,8986,391,408
2606,16,48,7103,7346,8989,243,1886
2174,32,48,5925,6050,8992,125,3067
3136,2,48,8548,8936,8995,388,447
3152,18,48,8591,8984,8998,393,407
3153,19,48,8594,8987,9001,393,407
2611,21,48,7117,7361,9004,244,1887
2069,23,48,5638,5735,9007,97,3369
2072,26,48,5646,5744,9010,98,3364
2617,27,48,7133,7379,9013,246,1880
2075,29,48,5654,5753,9016,99,3362
2625,3,48,7154,7403,9019,249,1865
2083,5,48,5676,5777,9022,101,3346
2086,8,48,5684,5786,9025,102,3341
2631,9,48,7171,7421,9028,250,1857
2089,11,48,5692,5795,9031,103,3339
2092,14,48,5700,5804,9034,104,3334
2637,15,48,7187,7439,9037,252,1850
3165,31,48,8627,9023,9040,396,413
2063,17,48,5622,5717,9043,95,3421
3167,1,48,8633,9029,9046,396,413
2066,20,48,5630,5726,9049,96,3419
2612,22,48,7119,7364,9052,245,1933
3158,24,48,8608,9002,9055,394,447
3159,25,48,8610,9005,9058,395,448
2618,28,48,7136,7382,9061,246,1925
3164,30,48,8624,9020,9064,396,440
2626,4,48,7157,7406,9067,249,1910
3172,6,48,8647,9044,9070,397,423
3173,7,48,8649,9047,9073,398,424
2632,10,48,7174,7424,9076,250,1902
3178,12,48,8663,9062,9079,399,416
3179,13,48,8666,9065,9082,399,416
2638,16,48,7190,7442,9085,252,1895
2206,32,48,6012,6146,9088,134,3076
3168,2,48,8636,9032,9091,396,455
3184,18,48,8679,9080,9094,401,415
3185,19,48,8682,9083,9097,401,415
2643,21,48,7204,7457,9100,253,1896
2101,23,48,5725,5831,9103,106,3378
2104,26,48,5733,5840,9106,107,3373
2649,27,48,7220,7475,9109,255,1889
2107,29,48,5741,5849,9112,108,3371
2657,3,48,7241,7499,9115,258,1874
2115,5,48,5764,5873,9118,109,3354
2118,8,48,5772,5882,9121,110,3349
2663,9,48,7258,7517,9124,259,1866
2121,11,48,5780,5891,9127,111,3347
2124,14,48,5788,5900,9130,112,3342
2669,15,48,7274,7535,9133,261,1859
3197,31,48,8715,9119,9136,404,421
2095,17,48,5709,5813,9139,104,3430
3199,1,48,8720,9125,9142,405,422
2098,20,48,5717,5822,9145,105,3428
2644,22,48,7206,7460,9148,254,1942
3190,24,48,8696,9098,9151,402,455
3191,25,48,8698,9101,9154,403,456
2650,28,48,7223,7478,9157,255,1934
3196,30,48,8712,9116,9160,404,448
2658,4,48,7244,7502,9163,258,1919
3204,6,48,8734,9140,9166,406,432
3205,7,48,8736,9143,9169,407,433
2664,10,48,7261,7520,9172,259,1911
3210,12,48,8750,9158,9175,408,425
3211,13,48,8753,9161,9178,408,425
2670,16,48,7277,7538,9181,261,1904
2238,32,48,6100,6242,9184,142,3084
3200,2,48,8723,9128,9187,405,464
3216,18,48,8766,9176,9190,410,424
3217,19,48,8769,9179,9193,410,424
2675,21,48,7291,7553,9196,262,1905
2133,23,48,5813,5927,9199,114,3386
2136,26,48,5821,5936,9202,115,3381
2681,27,48,7307,7571,9205,264,1898
2139,29,48,5829,5945,9208,116,3379
2689,3,48,7329,7595,9211,266,1882
2147,5,48,5851,5969,9214,118,3363
2150,8,48,5859,5978,9217,119,3358
2695,9,48,7346,7613,9220,267,1874
2153,11,48,5867,5987,9223,120,3356
2156,14,48,5875,5996,9226,121,3351
2701,15,48,7362,7631,9229,269,1867
3229,31,48,8802,9215,9232,413,430
2127,17,48,5797,5909,9235,112,3438
3231,1,48,8807,9221,9238,414,431
2130,20,48,5805,5918,9241,113,3436
2676,22,48,7293,7556,9244,263,1951
3222,24,48,8783,9194,9247,411,464
3223,25,48,8785,9197,9250,412,465
2682,28,48,7310,7574,9253,264,1943
3228,30,48,8799,9212,9256,413,457
2690,4,48,7332,7598,9259,266,1927
3236,6,48,8821,9236,9262,415,441
3237,7,48,8823,9239,9265,416,442
2696,10,48,7349,7616,9268,267,1919
3242,12,48,8837,9254,9271,417,434
3243,13,48,8840,9257,9274,417,434
2702,16,48,7365,7634,9277,269,1912
2270,32,48,6187,6338,9280,151,3093
3232,2,48,8810,9224,9283,414,473
3248,18,48,8853,9272,9286,419,433
3249,19,48,8856,9275,9289,419,433
2707,21,48,7379,7649,9292,270,1913
2165,23,48,5900,6023,9295,123,3395
2168,26,48,5908,6032,9298,124,3390
2713,27,48,7395,7667,9301,272,1906
2171,29,48,5916,6041,9304,125,3388
2721,3,48,7416,7691,9307,275,1891
2179,5,48,5938,6065,9310,127,3372
2182,8,48,5946,6074,9313,128,3367
2727,9,48,7433,7709,9316,276,1883
2185,11,48,5954,6083,9319,129,3365
2188,14,48,5962,6092,9322,130,3360
2733,15,48,7449,7727,9325,278,1876
3261,31,48,8889,9311,9328,422,439
2159,17,48,5884,6005,9331,121,3447
3263,1,48,8895,9317,9334,422,439
2162,20,48,5892,6014,9337,122,3445
2708,22,48,7381,7652,9340,271,1959
3254,24,48,8870,9290,9343,420,473
3255,25,48,8872,9293,9346,421,474
2714,28,48,7398,7670,9349,272,1951
3260,30,48,8886,9308,9352,422,466
2722,4,48,7419,7694,9355,275,1936
3268,6,48,8909,9332,9358,423,449
3269,7,48,8911,9335,9361,424,450
2728,10,48,7436,7712,9364,276,1928
3274,12,48,8925,9350,9367,425,442
3275,13,48,8928,9353,9370,425,442
2734,16,48,7452,7730,9373,278,1921
2302,32,48,6274,6434,9376,160,3102
3264,2,48,8898,9320,9379,422,481
3280,18,48,8941,9368,9382,427,441
3281,19,48,8944,9371,9385,427,441
2739,21,48,7466,7745,9388,279,1922
2197,23,48,5987,6119,9391,132,3404
2200,26,48,5995,6128,9394,133,3399
2745,27,48,7482,7763,9397,281,1915
2203,29,48,6003,6137,9400,134,3397
2753,3,48,7503,7787,9403,284,1900
2211,5,48,6026,6161,9406,135,3380
2214,8,48,6034,6170,9409,136,3375
2759,9,48,7520,7805,9412,285,1892
2217,11,48,6042,6179,9415,137,3373
2220,14,48,6050,6188,9418,138,3368
2765,15,48,7536,7823,9421,287,1885
3293,31,48,8977,9407,9424,430,447
2191,17,48,5971,6101,9427,130,3456
3295,1,48,8982,9413,9430,431,448
2194,20,48,5979,6110,9433,131,3454
2740,22,48,7468,7748,9436,280,1968
3286,24,48,8958,9386,9439,428,481
3287,25,48,8960,9389,9442,429,482
2746,28,48,7485,7766,9445,281,1960
3292,30,48,8974,9404,9448,430,474
2754,4,48,7506,7790,9451,284,1945
3300,6,48,8996,9428,9454,432,458
3301,7,48,8998,9431,9457,433,459
2760,10,48,7523,7808,9460,285,1937
3306,12,48,9012,9446,9463,434,451
3307,13,48,9015,9449,9466,434,451
2766,16,48,7539,7826,9469,287,1930
2334,32,48,6361,6530,9472,169,3111
3296,2,48,8985,9416,9475,431,490
3312,18,48,9028,9464,9478,436,450
3313,19,48,9031,9467,9481,436,450
2771,21,48,7553,7841,9484,288,1931
2229,23,48,6075,6215,9487,140,3412
2232,26,48,6083,6224,9490,141,3407
2777,27,48,7569,7859,9493,290,1924
2235,29,48,6091,6233,9496,142,3405
2785,3,48,7590,7883,9499,293,1909
2243,5,48,6113,6257,9502,144,3389
2246,8,48,6121,6266,9505,145,3384
2791,9,48,7607,7901,9508,294,1901
2249,11,48,6129,6275,9511,146,3382
2252,14,48,6137,6284,9514,147,3377
2797,15,48,7623,7919,9517,296,1894
3325,31,48,9064,9503,9520,439,456
2223,17,48,6059,6197,9523,138,3464
3327,1,48,9069,9509,9526,440,457
2226,20,48,6067,6206,9529,139,3462
2772,22,48,7555,7844,9532,289,1977
3318,24,48,9045,9482,9535,437,490
3319,25,48,9047,9485,9538,438,491
2778,28,48,7572,7862,9541,290,1969
3324,30,48,9061,9500,9544,439,483
2786,4,48,7593,7886,9547,293,1954
3332,6,48,9083,9524,9550,441,467
3333,7,48,9085,9527,9553,442,468
2792,10,48,7610,7904,9556,294,1946
3338,12,48,9099,9542,9559,443,460
3339,13,48,9102,9545,9562,443,460
2798,16,48,7626,7922,9565,296,1939
2366,32,48,6449,6626,9568,177,3119
3328,2,48,9072,9512,9571,440,499
3344,18,48,9115,9560,9574,445,459
3345,19,48,9118,9563,9577,445,459
2803,21,48,7640,7937,9580,297,1940
2261,23,48,6162,6311,9583,149,3421
2264,26,48,6170,6320,9586,150,3416
2809,27,48,7656,7955,9589,299,1933
2267,29,48,6178,6329,9592,151,3414
2817,3,48,7678,7979,9595,301,1917
2275,5,48,6200,6353,9598,153,3398
2278,8,48,6208,6362,9601,154,3393
2823,9,48,7695,7997,9604,302,1909
2281,11,48,6216,6371,9607,155,3391
2284,14,48,6224,6380,9610,156,3386
2829,15,48,7711,8015,9613,304,1902
3357,31,48,9151,9599,9616,448,465
2255,17,48,6146,6293,9619,147,3473
3359,1,48,9156,9605,9622,449,466
2258,20,48,6154,6302,9625,148,3471
2804,22,48,7642,7940,9628,298,1986
3350,24,48,9132,9578,9631,446,499
3351,25,48,9134,9581,9634,447,500
2810,28,48,7659,7958,9637,299,1978
3356,30,48,9148,9596,9640,448,492
2818,4,48,7681,7982,9643,301,1962
3364,6,48,9170,9620,9646,450,476
3365,7,48,9172,9623,9649,451,477
2824,10,48,7698,8000,9652,302,1954
3370,12,48,9186,9638,9655,452,469
3371,13,48,9189,9641,9658,452,469
2830,16,48,7714,8018,9661,304,1947
2398,32,48,6536,6722,9664,186,3128
3360,2,48,9159,9608,9667,449,508
3376,18,48,9202,9656,9670,454,468
3377,19,48,9205,9659,9673,454,468
2835,21,48,7728,8033,9676,305,1948
2293,23,48,6249,6407,9679,158,3430
2296,26,48,6257,6416,9682,159,3425
2841,27,48,7744,8051,9685,307,1941
2299,29,48,6265,6425,9688,160,3423
2849,3,48,7765,8075,9691,310,1926
2307,5,48,6287,6449,9694,162,3407
2310,8,48,6295,6458,9697,163,3402
2855,9,48,7782,8093,9700,311,1918
2313,11,48,6303,6467,9703,164,3400
2316,14,48,6311,6476,9706,165,3395
2861,15,48,7798,8111,9709,313,1911
3389,31,48,9238,9695,9712,457,474
2287,17,48,6233,6389,9715,156,3482
3391,1,48,9244,9701,9718,457,474
2290,20,48,6241,6398,9721,157,3480
2836,22,48,7730,8036,9724,306,1994
3382,24,48,9219,9674,9727,455,508
3383,25,48,9221,9677,9730,456,509
2842,28,48,7747,8054,9733,307,1986
3388,30,48,9235,9692,9736,457,501
2850,4,48,7768,8078,9739,310,1971
3396,6,48,9258,9716,9742,458,484
3397,7,48,9260,9719,9745,459,485
2856,10,48,7785,8096,9748,311,1963
3402,12,48,9274,9734,9751,460,477
3403,13,48,9277,9737,9754,460,477
2862,16,48,7801,8114,9757,313,1956
2430,32,48,6623,6818,9760,195,3137
3392,2,48,9247,9704,9763,457,516
3408,18,48,9290,9752,9766,462,476
3409,19,48,9293,9755,9769,462,476
2867,21,48,7815,8129,9772,314,1957
2325,23,48,6336,6503,9775,167,3439
2328,26,48,6344,6512,9778,168,3434
2873,27,48,7831,8147,9781,316,1950
2331,29,48,6352,6521,9784,169,3432
2881,3,48,7852,8171,9787,319,1935
2339,5,48,6375,6545,9790,170,3415
2342,8,48,6383,6554,9793,171,3410
2887,9,48,7869,8189,9796,320,1927
2345,11,48,6391,6563,9799,172,3408
2348,14,48,6399,6572,9802,173,3403
2893,15,48,7885,8207,9805,322,1920
3421,31,48,9326,9791,9808,465,482
2319,17,48,6320,6485,9811,165,3491
3423,1,48,9331,9797,9814,466,483
2322,20,48,6328,6494,9817,166,3489
2868,22,48,7817,8132,9820,315,2003
3414,24,48,9307,9770,9823,463,516
3415,25,48,9309,9773,9826,464,517
2874,28,48,7834,8150,9829,316,1995
3420,30,48,9323,9788,9832,465,509
2882,4,48,7855,8174,9835,319,1980
3428,6,48,9345,9812,9838,467,493
3429,7,48,9347,9815,9841,468,494
2888,10,48,7872,8192,9844,320,1972
3434,12,48,9361,9830,9847,469,486
3435,13,48,9364,9833,9850,469,486
2894,16,48,7888,8210,9853,322,1965
2462,32,48,6710,6914,9856,204,3146
3424,2,48,9334,9800,9859,466,525
3440,18,48,9377,9848,9862,471,485
3441,19,48,9380,9851,9865,471,485
2899,21,48,7902,8225,9868,323,1966
2357,23,48,6424,6599,9871,175,3447
2360,26,48,6432,6608,9874,176,3442
2905,27,48,7918,8243,9877,325,1959
2363,29,48,6440,6617,9880,177,3440
2913,3,48,7940,8267,9883,327,1943
2371,5,48,6462,6641,9886,179,3424
2374,8,48,6470,6650,9889,180,3419
2919,9,48,7957,8285,9892,328,1935
2377,11,48,6478,6659,9895,181,3417
2380,14,48,6486,6668,9898,182,3412
2925,15,48,7973,8303,9901,330,1928
3453,31,48,9413,9887,9904,474,491
2351,17,48,6408,6581,9907,173,3499
3455,1,48,9418,9893,9910,475,492
2354,20,48,6416,6590,9913,174,3497
2900,22,48,7904,8228,9916,324,2012
3446,24,48,9394,9866,9919,472,525
3447,25,48,9396,9869,9922,473,526
2906,28,48,7921,8246,9925,325,2004
3452,30,48,9410,9884,9928,474,518
2914,4,48,7943,8270,9931,327,1988
3460,6,48,9432,9908,9934,476,502
3461,7,48,9434,9911,9937,477,503
2920,10,48,7960,8288,9940,328,1980
3466,12,48,9448,9926,9943,478,495
3467,13,48,9451,9929,9946,478,495
2926,16,48,7976,8306,9949,330,1973
2494,32,48,6798,7010,9952,212,3154
3456,2,48,9421,9896,9955,475,534
3472,18,48,9464,9944,9958,480,494
3473,19,48,9467,9947,9961,480,494
2931,21,48,7990,8321,9964,331,1974
2389,23,48,6511,6695,9967,184,3456
2392,26,48,6519,6704,9970,185,3451
2937,27,48,8006,8339,9973,333,1967
2395,29,48,6527,6713,9976,186,3449
2945,3,48,8027,8363,9979,336,1952
2403,5,48,6549,6737,9982,188,3433
2406,8,48,6557,6746,9985,189,3428
2951,9,48,8044,8381,9988,337,1944
2409,11,48,6565,6755,9991,190,3426
2412,14,48,6573,6764,9994,191,3421
2957,15,48,8060,8399,9997,339,1937
3485,31,48,9500,9983,10000,483,500
2383,17,48,6495,6677,10003,182,3508
3487,1,48,9505,9989,10006,484,501
2386,20,48,6503,6686,10009,183,3506
2932,22,48,7992,8324,10012,332,2020
3478,24,48,9481,9962,10015,481,534
3479,25,48,9483,9965,10018,482,535
2938,28,48,8009,8342,10021,333,2012
3484,30,48,9497,9980,10024,483,527
2946,4,48,8030,8366,10027,336,1997
3492,6,48,9519,10004,10030,485,511
3493,7,48,9521,10007,10033,486,512
2952,10,48,8047,8384,10036,337,1989
3498,12,48,9535,10022,10039,487,504
3499,13,48,9538,10025,10042,487,504
2958,16,48,8063,8402,10045,339,1982
2526,32,48,6885,7106,10048,221,3163
3488,2,48,9508,9992,10051,484,543
3504,18,48,9551,10040,10054,489,503
3505,19,48,9554,10043,10057,489,503
2963,21,48,8077,8417,10060,340,1983
2421,23,48,6598,6791,10063,193,3465
2424,26,48,6606,6800,10066,194,3460
2969,27,48,8093,8435,10069,342,1976
2427,29,48,6614,6809,10072,195,3458
2977,3,48,8114,8459,10075,345,1961
2435,5,48,6636,6833,10078,197,3442
2438,8,48,6644,6842,10081,198,3437
2983,9,48,8131,8477,10084,346,1953
2441,11,48,6652,6851,10087,199,3435
2444,14,48,6660,6860,10090,200,3430
2989,15,48,8147,8495,10093,348,1946
3517,31,48,9587,10079,10096,492,509
2415,17,48,6582,6773,10099,191,3517
3519,1,48,9593,10085,10102,492,509
2418,20,48,6590,6782,10105,192,3515
2964,22,48,8079,8420,10108,341,2029
3510,24,48,9568,10058,10111,490,543
3511,25,48,9570,10061,10114,491,544
2970,28,48,8096,8438,10117,342,2021
3516,30,48,9584,10076,10120,492,536
2978,4,48,8117,8462,10123,345,2006
3524,6,48,9607,10100,10126,493,519
3525,7,48,9609,10103,10129,494,520
2984,10,48,8134,8480,10132,346,1998
3530,12,48,9623,10118,10135,495,512
3531,13,48,9626,10121,10138,495,512
2990,16,48,8150,8498,10141,348,1991
2558,32,48,6972,7202,10144,230,3172
3520,2,48,9596,10088,10147,492,551
3536,18,48,9639,10136,10150,497,511
3537,19,48,9642,10139,10153,497,511
2995,21,48,8164,8513,10156,349,1992
2453,23,48,6685,6887,10159,202,3474
2456,26,48,6693,6896,10162,203,3469
3001,27,48,8180,8531,10165,351,1985
2459,29,48,6701,6905,10168,204,3467
3009,3,48,8201,8555,10171,354,1970
2467,5,48,6724,6929,10174,205,3450
2470,8,48,6732,6938,10177,206,3445
3015,9,48,8218,8573,10180,355,1962
2473,11,48,6740,6947,10183,207,3443
2476,14,48,6748,6956,10186,208,3438
3021,15,48,8234,8591,10189,357,1955
3549,31,48,9675,10175,10192,500,517
2447,17,48,6669,6869,10195,200,3526
3551,1,48,9680,10181,10198,501,518
2450,20,48,6677,6878,10201,201,3524
2996,22,48,8166,8516,10204,350,2038
3542,24,48,9656,10154,10207,498,551
3543,25,48,9658,10157,10210,499,552
3002,28,48,8183,8534,10213,351,2030
3548,30,48,9672,10172,10216,500,544
3010,4,48,8204,8558,10219,354,2015
3556,6,48,9694,10196,10222,502,528
3557,7,48,9696,10199,10225,503,529
3016,10,48,8221,8576,10228,355,2007
3562,12,48,9710,10214,10231,504,521
3563,13,48,9713,10217,10234,504,521
3022,16,48,8237,8594,10237,357,2000
2590,32,48,7060,7298,10240,238,3180
3552,2,48,9683,10184,10243,501,560
3568,18,48,9726,10232,10246,506,520
3569,19,48,9729,10235,10249,506,520
3027,21,48,8251,8609,10252,358,2001
2485,23,48,6773,6983,10255,210,3482
2488,26,48,6781,6992,10258,211,3477
3033,27,48,8267,8627,10261,360,1994
2491,29,48,6789,7001,10264,212,3475
3041,3,48,8289,8651,10267,362,1978
2499,5,48,6811,7025,10270,214,3459
2502,8,48,6819,7034,10273,215,3454
3047,9,48,8306,8669,10276,363,1970
2505,11,48,6827,7043,10279,216,3452
2508,14,48,6835,7052,10282,217,3447
3053,15,48,8322,8687,10285,365,1963
3581,31,48,9762,10271,10288,509,526
2479,17,48,6757,6965,10291,208,3534
3583,1,48,9767,10277,10294,510,527
2482,20,48,6765,6974,10297,209,3532
3028,22,48,8253,8612,10300,359,2047
3574,24,48,9743,10250,10303,507,560
3575,25,48,9745,10253,10306,508,561
3034,28,48,8270,8630,10309,360,2039
3580,30,48,9759,10268,10312,509,553
3042,4,48,8292,8654,10315,362,2023
3588,6,48,9781,10292,10318,511,537
3589,7,48,9783,10295,10321,512,538
3048,10,48,8309,8672,10324,363,2015
3594,12,48,9797,10310,10327,513,530
3595,13,48,9800,10313,10330,513,530
3054,16,48,8325,8690,10333,365,2008
2622,32,48,7147,7394,10336,247,3189
3584,2,48,9770,10280,10339,510,569
3600,18,48,9813,10328,10342,515,529
3601,19,48,9816,10331,10345,515,529
3059,21,48,8339,8705,10348,366,2009
2517,23,48,6860,7079,10351,219,3491
2520,26,48,6868,7088,10354,220,3486
3065,27,48,8355,8723,10357,368,2002
2523,29,48,6876,7097,10360,221,3484
3073,3,48,8376,8747,10363,371,1987
2531,5,48,6898,7121,10366,223,3468
2534,8,48,6906,7130,10369,224,3463
3079,9,48,8393,8765,10372,372,1979
2537,11,48,6914,7139,10375,225,3461
2540,14,48,6922,7148,10378,226,3456
3085,15,48,8409,8783,10381,374,1972
3613,31,48,9849,10367,10384,518,535
2511,17,48,6844,7061,10387,217,3543
3615,1,48,9855,10373,10390,518,535
2514,20,48,6852,7070,10393,218,3541
3060,22,48,8341,8708,10396,367,2055
3606,24,48,9830,10346,10399,516,569
3607,25,48,9832,10349,10402,517,570
3066,28,48,8358,8726,10405,368,2047
3612,30,48,9846,10364,10408,518,562
3074,4,48,8379,8750,10411,371,2032
3620,6,48,9869,10388,10414,519,545
3621,7,48,9871,10391,10417,520,546
3080,10,48,8396,8768,10420,372,2024
3626,12,48,9885,10406,10423,521,538
3627,13,48,9888,10409,10426,521,538
3086,16,48,8412,8786,10429,374,2017
2654,32,48,7234,7490,10432,256,3198
3616,2,48,9858,10376,10435,518,577
3632,18,48,9901,10424,10438,523,537
3633,19,48,9904,10427,10441,523,537
3091,21,48,8426,8801,10444,375,2018
2549,23,48,6947,7175,10447,228,3500
2552,26,48,6955,7184,10450,229,3495
3097,27,48,8442,8819,10453,377,2011
2555,29,48,6963,7193,10456,230,3493
3105,3,48,8463,8843,10459,380,1996
2563,5,48,6986,7217,10462,231,3476
2566,8,48,6994,7226,10465,232,3471
3111,9,48,8480,8861,10468,381,1988
2569,11,48,7002,7235,10471,233,3469
2572,14,48,7010,7244,10474,234,3464
3117,15,48,8496,8879,10477,383,1981
3645,31,48,9937,10463,10480,526,543
2543,17,48,6931,7157,10483,226,3552
3647,1,48,9942,10469,10486,527,544
2546,20,48,6939,7166,10489,227,3550
3092,22,48,8428,8804,10492,376,2064
3638,24,48,9918,10442,10495,524,577
3639,25,48,9920,10445,10498,525,578
3098,28,48,8445,8822,10501,377,2056
3644,30,48,9934,10460,10504,526,570
3106,4,48,8466,8846,10507,380,2041
3652,6,48,9956,10484,10510,528,554
3653,7,48,9958,10487,10513,529,555
3112,10,48,8483,8864,10516,381,2033
3658,12,48,9972,10502,10519,530,547
3659,13,48,9975,10505,10522,530,547
3118,16,48,8499,8882,10525,383,2026
2686,32,48,7321,7586,10528,265,3207
3648,2,48,9945,10472,10531,527,586
3664,18,48,9988,10520,10534,532,546
3665,19,48,9991,10523,10537,532,546
3123,21,48,8513,8897,10540,384,2027
2581,23,48,7035,7271,10543,236,3508
2584,26,48,7043,7280,10546,237,3503
3129,27,48,8529,8915,10549,386,2020
2587,29,48,7051,7289,10552,238,3501
3137,3,48,8550,8939,10555,389,2005
2595,5,48,7073,7313,10558,240,3485
2598,8,48,7081,7322,10561,241,3480
3143,9,48,8567,8957,10564,390,1997
2601,11,48,7089,7331,10567,242,3478
2604,14,48,7097,7340,10570,243,3473
3149,15,48,8583,8975,10573,392,1990
2718,32,48,7409,7682,10576,273,3167
2575,17,48,7019,7253,10579,234,3560
2578,20,48,7027,7262,10582,235,3555
3124,22,48,8515,8900,10585,385,2070
2613,23,48,7122,7367,10588,245,3466
2616,26,48,7130,7376,10591,246,3461
3130,28,48,8532,8918,10594,386,2062
2619,29,48,7138,7385,10597,247,3459
3138,4,48,8553,8942,10600,389,2047
2627,5,48,7160,7409,10603,249,3443
2630,8,48,7168,7418,10606,250,3438
3144,10,48,8570,8960,10609,390,2039
2633,11,48,7176,7427,10612,251,3436
2636,14,48,7184,7436,10615,252,3431
3150,16,48,8586,8978,10618,392,2032
2750,32,48,7496,7778,10621,282,3125
2607,17,48,7106,7349,10624,243,3518
2610,20,48,7114,7358,10627,244,3513
3155,21,48,8600,8993,10630,393,2030
2645,23,48,7209,7463,10633,254,3424
2648,26,48,7217,7472,10636,255,3419
3161,27,48,8616,9011,10639,395,2023
2651,29,48,7225,7481,10642,256,3417
3169,3,48,8638,9035,10645,397,2007
2659,5,48,7247,7505,10648,258,3401
2662,8,48,7255,7514,10651,259,3396
3175,9,48,8655,9053,10654,398,1999
2665,11,48,7263,7523,10657,260,3394
2668,14,48,7271,7532,10660,261,3389
3181,15,48,8671,9071,10663,400,1992
2782,32,48,7583,7874,10666,291,3083
2639,17,48,7193,7445,10669,252,3476
2642,20,48,7201,7454,10672,253,3471
3156,22,48,8602,8996,10675,394,2073
2677,23,48,7296,7559,10678,263,3382
2680,26,48,7304,7568,10681,264,3377
3162,28,48,8619,9014,10684,395,2065
2683,29,48,7312,7577,10687,265,3375
3170,4,48,8641,9038,10690,397,2049
2691,5,48,7335,7601,10693,266,3358
2694,8,48,7343,7610,10696,267,3353
3176,10,48,8658,9056,10699,398,2041
2697,11,48,7351,7619,10702,268,3351
2700,14,48,7359,7628,10705,269,3346
3182,16,48,8674,9074,10708,400,2034
2814,32,48,7670,7970,10711,300,3041
2671,17,48,7280,7541,10714,261,3434
2674,20,48,7288,7550,10717,262,3429
3187,21,48,8688,9089,10720,401,2032
2709,23,48,7384,7655,10723,271,3339
2712,26,48,7392,7664,10726,272,3334
3193,27,48,8704,9107,10729,403,2025
2715,29,48,7400,7673,10732,273,3332
3201,3,48,8725,9131,10735,406,2010
2723,5,48,7422,7697,10738,275,3316
2726,8,48,7430,7706,10741,276,3311
3207,9,48,8742,9149,10744,407,2002
2729,11,48,7438,7715,10747,277,3309
2732,14,48,7446,7724,10750,278,3304
3213,15,48,8758,9167,10753,409,1995
2846,32,48,7758,8066,10756,308,2998
2703,17,48,7368,7637,10759,269,3391
2706,20,48,7376,7646,10762,270,3386
3188,22,48,8690,9092,10765,402,2075
2741,23,48,7471,7751,10768,280,3297
2744,26,48,7479,7760,10771,281,3292
3194,28,48,8707,9110,10774,403,2067
2747,29,48,7487,7769,10777,282,3290
3202,4,48,8728,9134,10780,406,2052
2755,5,48,7509,7793,10783,284,3274
2758,8,48,7517,7802,10786,285,3269
3208,10,48,8745,9152,10789,407,2044
2761,11,48,7525,7811,10792,286,3267
2764,14,48,7533,7820,10795,287,3262
3214,16,48,8761,9170,10798,409,2037
2878,32,48,7845,8162,10801,317,2956
2735,17,48,7455,7733,10804,278,3349
2738,20,48,7463,7742,10807,279,3344
3219,21,48,8775,9185,10810,410,2035
2773,23,48,7558,7847,10813,289,3255
2776,26,48,7566,7856,10816,290,3250
3225,27,48,8791,9203,10819,412,2028
2779,29,48,7574,7865,10822,291,3248
3233,3,48,8812,9227,10825,415,2013
2787,5,48,7596,7889,10828,293,3232
2790,8,48,7604,7898,10831,294,3227
3239,9,48,8829,9245,10834,416,2005
2793,11,48,7612,7907,10837,295,3225
2796,14,48,7620,7916,10840,296,3220
3245,15,48,8845,9263,10843,418,1998
2910,32,48,7932,8258,10846,326,2914
2767,17,48,7542,7829,10849,287,3307
2770,20,48,7550,7838,10852,288,3302
3220,22,48,8777,9188,10855,411,2078
2805,23,48,7645,7943,10858,298,3213
2808,26,48,7653,7952,10861,299,3208
3226,28,48,8794,9206,10864,412,2070
2811,29,48,7661,7961,10867,300,3206
3234,4,48,8815,9230,10870,415,2055
2819,5,48,7684,7985,10873,301,3189
2822,8,48,7692,7994,10876,302,3184
3240,10,48,8832,9248,10879,416,2047
2825,11,48,7700,8003,10882,303,3182
2828,14,48,7708,8012,10885,304,3177
3246,16,48,8848,9266,10888,418,2040
2942,32,48,8020,8354,10891,334,2871
2799,17,48,7629,7925,10894,296,3265
2802,20,48,7637,7934,10897,297,3260
3251,21,48,8862,9281,10900,419,2038
2837,23,48,7733,8039,10903,306,3170
2840,26,48,7741,8048,10906,307,3165
3257,27,48,8878,9299,10909,421,2031
2843,29,48,7749,8057,10912,308,3163
3265,3,48,8900,9323,10915,423,2015
2851,5,48,7771,8081,10918,310,3147
2854,8,48,7779,8090,10921,311,3142
3271,9,48,8917,9341,10924,424,2007
2857,11,48,7787,8099,10927,312,3140
2860,14,48,7795,8108,10930,313,3135
3277,15,48,8933,9359,10933,426,2000
2974,32,48,8107,8450,10936,343,2829
2831,17,48,7717,8021,10939,304,3222
2834,20,48,7725,8030,10942,305,3217
3252,22,48,8864,9284,10945,420,2081
2869,23,48,7820,8135,10948,315,3128
2872,26,48,7828,8144,10951,316,3123
3258,28,48,8881,9302,10954,421,2073
2875,29,48,7836,8153,10957,317,3121
3266,4,48,8903,9326,10960,423,2057
2883,5,48,7858,8177,10963,319,3105
2886,8,48,7866,8186,10966,320,3100
3272,10,48,8920,9344,10969,424,2049
2889,11,48,7874,8195,10972,321,3098
2892,14,48,7882,8204,10975,322,3093
3278,16,48,8936,9362,10978,426,2042
3006,32,48,8194,8546,10981,352,2787
2863,17,48,7804,8117,10984,313,3180
2866,20,48,7812,8126,10987,314,3175
3283,21,48,8950,9377,10990,427,2040
2901,23,48,7907,8231,10993,324,3086
2904,26,48,7915,8240,10996,325,3081
3289,27,48,8966,9395,10999,429,2033
2907,29,48,7923,8249,11002,326,3079
3297,3,48,8987,9419,11005,432,2018
2915,5,48,7946,8273,11008,327,3062
2918,8,48,7954,8282,11011,328,3057
3303,9,48,9004,9437,11014,433,2010
2921,11,48,7962,8291,11017,329,3055
2924,14,48,7970,8300,11020,330,3050
3309,15,48,9020,9455,11023,435,2003
3038,32,48,8281,8642,11026,361,2745
2895,17,48,7891,8213,11029,322,3138
2898,20,48,7899,8222,11032,323,3133
3284,22,48,8952,9380,11035,428,2083
2933,23,48,7995,8327,11038,332,3043
2936,26,48,8003,8336,11041,333,3038
3290,28,48,8969,9398,11044,429,2075
2939,29,48,8011,8345,11047,334,3036
3298,4,48,8990,9422,11050,432,2060
2947,5,48,8033,8369,11053,336,3020
2950,8,48,8041,8378,11056,337,3015
3304,10,48,9007,9440,11059,433,2052
2953,11,48,8049,8387,11062,338,3013
2956,14,48,8057,8396,11065,339,3008
3310,16,48,9023,9458,11068,435,2045
3070,32,48,8369,8738,11071,369,2702
2927,17,48,7979,8309,11074,330,3095
2930,20,48,7987,8318,11077,331,3090
3315,21,48,9037,9473,11080,436,2043
2965,23,48,8082,8423,11083,341,3001
2968,26,48,8090,8432,11086,342,2996
3321,27,48,9053,9491,11089,438,2036
2971,29,48,8098,8441,11092,343,2994
3329,3,48,9074,9515,11095,441,2021
2979,5,48,8120,8465,11098,345,2978
2982,8,48,8128,8474,11101,346,2973
3335,9,48,9091,9533,11104,442,2013
2985,11,48,8136,8483,11107,347,2971
2988,14,48,8144,8492,11110,348,2966
3341,15,48,9107,9551,11113,444,2006
3102,32,48,8456,8834,11116,378,2660
2959,17,48,8066,8405,11119,339,3053
2962,20,48,8074,8414,11122,340,3048
3316,22,48,9039,9476,11125,437,2086
2997,23,48,8169,8519,11128,350,2959
3000,26,48,8177,8528,11131,351,2954
3322,28,48,9056,9494,11134,438,2078
3003,29,48,8185,8537,11137,352,2952
3330,4,48,9077,9518,11140,441,2063
3011,5,48,8207,8561,11143,354,2936
3014,8,48,8215,8570,11146,355,2931
3336,10,48,9094,9536,11149,442,2055
3017,11,48,8223,8579,11152,356,2929
3020,14,48,8231,8588,11155,357,2924
3342,16,48,9110,9554,11158,444,2048
3134,32,48,8543,8930,11161,387,2618
2991,17,48,8153,8501,11164,348,3011
2994,20,48,8161,8510,11167,349,3006
3347,21,48,9124,9569,11170,445,2046
3029,23,48,8256,8615,11173,359,2917
3032,26,48,8264,8624,11176,360,2912
3353,27,48,9140,9587,11179,447,2039
3035,29,48,8272,8633,11182,361,2910
3361,3,48,9161,9611,11185,450,2024
3043,5,48,8295,8657,11188,362,2893
3046,8,48,8303,8666,11191,363,2888
3367,9,48,9178,9629,11194,451,2016
3049,11,48,8311,8675,11197,364,2886
3052,14,48,8319,8684,11200,365,2881
3373,15,48,9194,9647,11203,453,2009
3166,32,48,8630,9026,11206,396,2576
3023,17,48,8240,8597,11209,357,2969
3026,20,48,8248,8606,11212,358,2964
3348,22,48,9126,9572,11215,446,2089
3061,23,48,8344,8711,11218,367,2874
3064,26,48,8352,8720,11221,368,2869
3354,28,48,9143,9590,11224,447,2081
3067,29,48,8360,8729,11227,369,2867
3362,4,48,9164,9614,11230,450,2066
3075,5,48,8382,8753,11233,371,2851
3078,8,48,8390,8762,11236,372,2846
3368,10,48,9181,9632,11239,451,2058
3081,11,48,8398,8771,11242,373,2844
3084,14,48,8406,8780,11245,374,2839
3374,16,48,9197,9650,11248,453,2051
3198,32,48,8718,9122,11251,404,2533
3055,17,48,8328,8693,11254,365,2926
3058,20,48,8336,8702,11257,366,2921
3379,21,48,9211,9665,11260,454,2049
3093,23,48,8431,8807,11263,376,2832
3096,26,48,8439,8816,11266,377,2827
3385,27,48,9227,9683,11269,456,2042
3099,29,48,8447,8825,11272,378,2825
3393,3,48,9249,9707,11275,458,2026
3107,5,48,8469,8849,11278,380,2809
3110,8,48,8477,8858,11281,381,2804
3399,9,48,9266,9725,11284,459,2018
3113,11,48,8485,8867,11287,382,2802
3116,14,48,8493,8876,11290,383,2797
3405,15,48,9282,9743,11293,461,2011
3230,32,48,8805,9218,11296,413,2491
3087,17,48,8415,8789,11299,374,2884
3090,20,48,8423,8798,11302,375,2879
3380,22,48,9213,9668,11305,455,2092
3125,23,48,8518,8903,11308,385,2790
3128,26,48,8526,8912,11311,386,2785
3386,28,48,9230,9686,11314,456,2084
3131,29,48,8534,8921,11317,387,2783
3394,4,48,9252,9710,11320,458,2068
3139,5,48,8556,8945,11323,389,2767
3142,8,48,8564,8954,11326,390,2762
3400,10,48,9269,9728,11329,459,2060
3145,11,48,8572,8963,11332,391,2760
3148,14,48,8580,8972,11335,392,2755
3406,16,48,9285,9746,11338,461,2053
3262,32,48,8892,9314,11341,422,2449
3119,17,48,8502,8885,11344,383,2842
3122,20,48,8510,8894,11347,384,2837
3411,21,48,9299,9761,11350,462,2051
3157,23,48,8605,8999,11353,394,2748
3160,26,48,8613,9008,11356,395,2743
3417,27,48,9315,9779,11359,464,2044
3163,29,48,8621,9017,11362,396,2741
3425,3,48,9336,9803,11365,467,2029
3171,5,48,8644,9041,11368,397,2724
3174,8,48,8652,9050,11371,398,2719
3431,9,48,9353,9821,11374,468,2021
3177,11,48,8660,9059,11377,399,2717
3180,14,48,8668,9068,11380,400,2712
3437,15,48,9369,9839,11383,470,2014
3294,32,48,8980,9410,11386,430,2406
3151,17,48,8589,8981,11389,392,2800
3154,20,48,8597,8990,11392,393,2795
3412,22,48,9301,9764,11395,463,2094
3189,23,48,8693,9095,11398,402,2705
3192,26,48,8701,9104,11401,403,2700
3418,28,48,9318,9782,11404,464,2086
3195,29,48,8709,9113,11407,404,2698
3426,4,48,9339,9806,11410,467,2071
3203,5,48,8731,9137,11413,406,2682
3206,8,48,8739,9146,11416,407,2677
3432,10,48,9356,9824,11419,468,2063
3209,11,48,8747,9155,11422,408,2675
3212,14,48,8755,9164,11425,409,2670
3438,16,48,9372,9842,11428,470,2056
3326,32,48,9067,9506,11431,439,2364
3183,17,48,8677,9077,11434,400,2757
3186,20,48,8685,9086,11437,401,2752
3443,21,48,9386,9857,11440,471,2054
3221,23,48,8780,9191,11443,411,2663
3224,26,48,8788,9200,11446,412,2658
3449,27,48,9402,9875,11449,473,2047
3227,29,48,8796,9209,11452,413,2656
3457,3,48,9423,9899,11455,476,2032
3235,5,48,8818,9233,11458,415,2640
3238,8,48,8826,9242,11461,416,2635
3463,9,48,9440,9917,11464,477,2024
3241,11,48,8834,9251,11467,417,2633
3244,14,48,8842,9260,11470,418,2628
3469,15,48,9456,9935,11473,479,2017
3358,32,48,9154,9602,11476,448,2322
3215,17,48,8764,9173,11479,409,2715
3218,20,48,8772,9182,11482,410,2710
3444,22,48,9388,9860,11485,472,2097
3253,23,48,8867,9287,11488,420,2621
3256,26,48,8875,9296,11491,421,2616
3450,28,48,9405,9878,11494,473,2089
3259,29,48,8883,9305,11497,422,2614
3458,4,48,9426,9902,11500,476,2074
3267,5,48,8906,9329,11503,423,2597
3270,8,48,8914,9338,11506,424,2592
3464,10,48,9443,9920,11509,477,2066
3273,11,48,8922,9347,11512,425,2590
3276,14,48,8930,9356,11515,426,2585
3470,16,48,9459,9938,11518,479,2059
3390,32,48,9241,9698,11521,457,2280
3247,17,48,8851,9269,11524,418,2673
3250,20,48,8859,9278,11527,419,2668
3475,21,48,9473,9953,11530,480,2057
3285,23,48,8955,9383,11533,428,2578
3288,26,48,8963,9392,11536,429,2573
3481,27,48,9489,9971,11539,482,2050
3291,29,48,8971,9401,11542,430,2571
3489,3,48,9510,9995,11545,485,2035
3299,5,48,8993,9425,11548,432,2555
3302,8,48,9001,9434,11551,433,2550
3495,9,48,9527,10013,11554,486,2027
3305,11,48,9009,9443,11557,434,2548
3308,14,48,9017,9452,11560,435,2543
3501,15,48,9543,10031,11563,488,2020
3422,32,48,9329,9794,11566,465,2237
3279,17,48,8939,9365,11569,426,2630
3282,20,48,8947,9374,11572,427,2625
3476,22,48,9475,9956,11575,481,2100
3317,23,48,9042,9479,11578,437,2536
3320,26,48,9050,9488,11581,438,2531
3482,28,48,9492,9974,11584,482,2092
3323,29,48,9058,9497,11587,439,2529
3490,4,48,9513,9998,11590,485,2077
3331,5,48,9080,9521,11593,441,2513
3334,8,48,9088,9530,11596,442,2508
3496,10,48,9530,10016,11599,486,2069
3337,11,48,9096,9539,11602,443,2506
3340,14,48,9104,9548,11605,444,2501
3502,16,48,9546,10034,11608,488,2062
3454,32,48,9416,9890,11611,474,2195
3311,17,48,9026,9461,11614,435,2588
3314,20,48,9034,9470,11617,436,2583
3507,21,48,9560,10049,11620,489,2060
3349,23,48,9129,9575,11623,446,2494
3352,26,48,9137,9584,11626,447,2489
3513,27,48,9576,10067,11629,491,2053
3355,29,48,9145,9593,11632,448,2487
3521,3,48,9598,10091,11635,493,2037
3363,5,48,9167,9617,11638,450,2471
3366,8,48,9175,9626,11641,451,2466
3527,9,48,9615,10109,11644,494,2029
3369,11,48,9183,9635,11647,452,2464
3372,14,48,9191,9644,11650,453,2459
3533,15,48,9631,10127,11653,496,2022
3486,32,48,9503,9986,11656,483,2153
3343,17,48,9113,9557,11659,444,2546
3346,20,48,9121,9566,11662,445,2541
3508,22,48,9562,10052,11665,490,2103
3381,23,48,9216,9671,11668,455,2452
3384,26,48,9224,9680,11671,456,2447
3514,28,48,9579,10070,11674,491,2095
3387,29,48,9232,9689,11677,457,2445
3522,4,48,9601,10094,11680,493,2079
3395,5,48,9255,9713,11683,458,2428
3398,8,48,9263,9722,11686,459,2423
3528,10,48,9618,10112,11689,494,2071
3401,11,48,9271,9731,11692,460,2421
3404,14,48,9279,9740,11695,461,2416
3534,16,48,9634,10130,11698,496,2064
3518,32,48,9590,10082,11701,492,2111
3375,17,48,9200,9653,11704,453,2504
3378,20,48,9208,9662,11707,454,2499
3539,21,48,9648,10145,11710,497,2062
3413,23,48,9304,9767,11713,463,2409
3416,26,48,9312,9776,11716,464,2404
3545,27,48,9664,10163,11719,499,2055
3419,29,48,9320,9785,11722,465,2402
3553,3,48,9685,10187,11725,502,2040
3427,5,48,9342,9809,11728,467,2386
3430,8,48,9350,9818,11731,468,2381
3559,9,48,9702,10205,11734,503,2032
3433,11,48,9358,9827,11737,469,2379
3436,14,48,9366,9836,11740,470,2374
3565,15,48,9718,10223,11743,505,2025
3550,32,48,9678,10178,11746,500,2068
3407,17,48,9288,9749,11749,461,2461
3410,20,48,9296,9758,11752,462,2456
3540,22,48,9650,10148,11755,498,2105
3445,23,48,9391,9863,11758,472,2367
3448,26,48,9399,9872,11761,473,2362
3546,28,48,9667,10166,11764,499,2097
3451,29,48,9407,9881,11767,474,2360
3554,4,48,9688,10190,11770,502,2082
3459,5,48,9429,9905,11773,476,2344
3462,8,48,9437,9914,11776,477,2339
3560,10,48,9705,10208,11779,503,2074
3465,11,48,9445,9923,11782,478,2337
3468,14,48,9453,9932,11785,479,2332
3566,16,48,9721,10226,11788,505,2067
3582,32,48,9765,10274,11791,509,2026
3439,17,48,9375,9845,11794,470,2419
3442,20,48,9383,9854,11797,471,2414
3571,21,48,9735,10241,11800,506,2065
3477,23,48,9478,9959,11803,481,2325
3480,26,48,9486,9968,11806,482,2320
3577,27,48,9751,10259,11809,508,2058
3483,29,48,9494,9977,11812,483,2318
3585,3,48,9772,10283,11815,511,2043
3491,5,48,9516,10001,11818,485,2302
3494,8,48,9524,10010,11821,486,2297
3591,9,48,9789,10301,11824,512,2035
3497,11,48,9532,10019,11827,487,2295
3500,14,48,9540,10028,11830,488,2290
3597,15,48,9805,10319,11833,514,2028
3614,32,48,9852,10370,11836,518,1984
3471,17,48,9462,9941,11839,479,2377
3474,20,48,9470,9950,11842,480,2372
3572,22,48,9737,10244,11845,507,2108
3509,23,48,9565,10055,11848,490,2283
3512,26,48,9573,10064,11851,491,2278
3578,28,48,9754,10262,11854,508,2100
3515,29,48,9581,10073,11857,492,2276
3586,4,48,9775,10286,11860,511,2085
3523,5,48,9604,10097,11863,493,2259
3526,8,48,9612,10106,11866,494,2254
3592,10,48,9792,10304,11869,512,2077
3529,11,48,9620,10115,11872,495,2252
3532,14,48,9628,10124,11875,496,2247
3598,16,48,9808,10322,11878,514,2070
3646,32,48,9940,10466,11881,526,1941
3503,17,48,9549,10037,11884,488,2335
3506,20,48,9557,10046,11887,489,2330
3603,21,48,9822,10337,11890,515,2068
3541,23,48,9653,10151,11893,498,2240
3544,26,48,9661,10160,11896,499,2235
3609,27,48,9838,10355,11899,517,2061
3547,29,48,9669,10169,11902,500,2233
3617,3,48,9860,10379,11905,519,2045
3555,5,48,9691,10193,11908,502,2217
3558,8,48,9699,10202,11911,503,2212
3623,9,48,9877,10397,11914,520,2037
3561,11,48,9707,10211,11917,504,2210
3564,14,48,9715,10220,11920,505,2205
3629,15,48,9893,10415,11923,522,2030
3535,17,48,9637,10133,11926,496,2289
3538,20,48,9645,10142,11929,497,2284
3604,22,48,9824,10340,11932,516,2108
3573,23,48,9740,10247,11935,507,2195
3576,26,48,9748,10256,11938,508,2190
3610,28,48,9841,10358,11941,517,2100
3579,29,48,9756,10265,11944,509,2188
3618,4,48,9863,10382,11947,519,2084
3587,5,48,9778,10289,11950,511,2172
3590,8,48,9786,10298,11953,512,2167
3624,10,48,9880,10400,11956,520,2076
3593,11,48,9794,10307,11959,513,2165
3596,14,48,9802,10316,11962,514,2160
3630,16,48,9896,10418,11965,522,2069
3567,17,48,9724,10229,11968,505,2244
3570,20,48,9732,10238,11971,506,2239
3635,21,48,9910,10433,11974,523,2064
3605,23,48,9827,10343,11977,516,2150
3608,26,48,9835,10352,11980,517,2145
3641,27,48,9926,10451,11983,525,2057
3611,29,48,9843,10361,11986,518,2143
3649,3,48,9947,10475,11989,528,2042
3619,5,48,9866,10385,11992,519,2126
3622,8,48,9874,10394,11995,520,2121
3655,9,48,9964,10493,11998,529,2034
3625,11,48,9882,10403,12001,521,2119
3628,14,48,9890,10412,12004,522,2114
3661,15,48,9980,10511,12007,531,2027
3599,17,48,9811,10325,12010,514,2199
3602,20,48,9819,10334,12013,515,2194
3636,22,48,9912,10436,12016,524,2104
3637,23,48,9915,10439,12019,524,2104
3640,26,48,9923,10448,12022,525,2099
3642,28,48,9929,10454,12025,525,2096
3643,29,48,9931,10457,12028,526,2097
3650,4,48,9950,10478,12031,528,2081
3651,5,48,9953,10481,12034,528,2081
3654,8,48,9961,10490,12037,529,2076
3656,10,48,9967,10496,12040,529,2073
3657,11,48,9969,10499,12043,530,2074
3660,14,48,9977,10508,12046,531,2069
3662,16,48,9983,10514,12049,531,2066
3631,17,48,9899,10421,12052,522,2153
3634,20,48,9907,10430,12055,523,2148
3667,21,48,9997,10529,12058,532,2061
3663,17,48,9986,10517,12061,531,2075
3666,20,48,9994,10526,12064,532,2070
3668,22,48,9999,10532,12067,533,2068
