request_id,global_flow_id,size_bytes,arrival_cycle,admitted_cycle,completed_cycle,admission_delay_cycles,sojourn_cycles
1,1,48,0,1,24,1,24
3,3,48,5,6,27,1,22
5,1,48,11,13,30,2,19
4,4,48,8,9,33,1,25
9,1,48,22,23,36,1,14
7,3,48,16,18,39,2,23
2,2,48,3,4,42,1,39
8,4,48,19,20,45,1,26
13,1,48,33,35,48,2,15
11,3,48,27,29,51,2,24
6,2,48,14,15,54,1,40
12,4,48,30,32,57,2,27
17,1,48,44,46,60,2,16
15,3,48,38,39,63,1,25
10,2,48,25,26,66,1,41
16,4,48,41,42,69,1,28
21,1,48,55,56,72,1,17
19,3,48,49,51,75,2,26
25,1,48,65,66,78,1,13
20,4,48,52,53,81,1,29
14,2,48,36,38,84,2,48
23,3,48,60,62,87,2,27
29,1,48,76,77,90,1,14
24,4,48,63,65,93,2,30
18,2,48,47,48,96,1,49
27,3,48,70,72,99,2,29
33,1,48,87,89,102,2,15
28,4,48,73,74,105,1,32
22,2,48,58,59,108,1,50
31,3,48,81,83,111,2,30
37,1,48,98,100,114,2,16
32,4,48,84,86,117,2,33
26,2,48,68,69,120,1,52
35,3,48,92,93,123,1,31
41,1,48,109,110,126,1,17
36,4,48,95,96,129,1,34
30,2,48,79,80,132,1,53
39,3,48,103,105,135,2,32
45,1,48,120,122,138,2,18
40,4,48,106,107,141,1,35
49,1,48,131,133,144,2,13
43,3,48,114,116,147,2,33
34,2,48,90,92,150,2,60
44,4,48,117,119,153,2,36
53,1,48,142,143,156,1,14
47,3,48,125,126,159,1,34
38,2,48,101,102,162,1,61
48,4,48,128,129,165,1,37
57,1,48,153,155,168,2,15
51,3,48,136,138,171,2,35
42,2,48,112,113,174,1,62
52,4,48,139,140,177,1,38
61,1,48,164,166,180,2,16
55,3,48,147,149,183,2,36
46,2,48,123,125,186,2,63
56,4,48,150,152,189,2,39
65,1,48,175,176,192,1,17
59,3,48,158,159,195,1,37
69,1,48,185,186,198,1,13
60,4,48,161,162,201,1,40
50,2,48,134,135,204,1,70
63,3,48,169,171,207,2,38
73,1,48,196,197,210,1,14
64,4,48,172,173,213,1,41
54,2,48,145,146,216,1,71
67,3,48,180,182,219,2,39
77,1,48,207,209,222,2,15
68,4,48,183,185,225,2,42
58,2,48,156,158,228,2,72
71,3,48,190,192,231,2,41
81,1,48,218,220,234,2,16
72,4,48,193,194,237,1,44
62,2,48,167,168,240,1,73
75,3,48,201,203,243,2,42
85,1,48,229,230,246,1,17
76,4,48,204,206,249,2,45
66,2,48,178,179,252,1,74
79,3,48,212,213,255,1,43
89,1,48,240,242,258,2,18
80,4,48,215,216,261,1,46
93,1,48,251,253,264,2,13
83,3,48,223,225,267,2,44
70,2,48,188,189,270,1,82
84,4,48,226,227,273,1,47
97,1,48,262,263,276,1,14
87,3,48,234,236,279,2,45
74,2,48,199,200,282,1,83
88,4,48,237,239,285,2,48
101,1,48,273,275,288,2,15
91,3,48,245,246,291,1,46
78,2,48,210,212,294,2,84
92,4,48,248,249,297,1,49
105,1,48,284,286,300,2,16
95,3,48,256,258,303,2,47
82,2,48,221,222,306,1,85
96,4,48,259,260,309,1,50
109,1,48,295,296,312,1,17
99,3,48,267,269,315,2,48
113,1,48,305,306,318,1,13
100,4,48,270,272,321,2,51
86,2,48,232,233,324,1,92
103,3,48,278,279,327,1,49
117,1,48,316,317,330,1,14
104,4,48,281,282,333,1,52
90,2,48,243,245,336,2,93
107,3,48,289,291,339,2,50
121,1,48,327,329,342,2,15
108,4,48,292,293,345,1,53
94,2,48,254,255,348,1,94
111,3,48,300,302,351,2,51
125,1,48,338,340,354,2,16
112,4,48,303,305,357,2,54
98,2,48,265,266,360,1,95
115,3,48,310,312,363,2,53
129,1,48,349,350,366,1,17
116,4,48,313,314,369,1,56
102,2,48,276,278,372,2,96
119,3,48,321,323,375,2,54
133,1,48,360,362,378,2,18
120,4,48,324,326,381,2,57
137,1,48,371,373,384,2,13
123,3,48,332,333,387,1,55
106,2,48,287,288,390,1,103
124,4,48,335,336,393,1,58
141,1,48,382,383,396,1,14
127,3,48,343,345,399,2,56
110,2,48,298,299,402,1,104
128,4,48,346,347,405,1,59
145,1,48,393,395,408,2,15
131,3,48,354,356,411,2,57
114,2,48,308,309,414,1,106
132,4,48,357,359,417,2,60
149,1,48,404,406,420,2,16
135,3,48,365,366,423,1,58
118,2,48,319,320,426,1,107
136,4,48,368,369,429,1,61
153,1,48,415,416,432,1,17
139,3,48,376,378,435,2,59
157,1,48,425,426,438,1,13
140,4,48,379,380,441,1,62
122,2,48,330,332,444,2,114
143,3,48,387,389,447,2,60
161,1,48,436,437,450,1,14
144,4,48,390,392,453,2,63
126,2,48,341,342,456,1,115
147,3,48,398,399,459,1,61
165,1,48,447,449,462,2,15
148,4,48,401,402,465,1,64
130,2,48,352,353,468,1,116
151,3,48,409,411,471,2,62
169,1,48,458,460,474,2,16
152,4,48,412,413,477,1,65
134,2,48,363,365,480,2,117
155,3,48,420,422,483,2,63
173,1,48,469,470,486,1,17
156,4,48,423,425,489,2,66
138,2,48,374,375,492,1,118
159,3,48,430,432,495,2,65
177,1,48,480,482,498,2,18
160,4,48,433,434,501,1,68
181,1,48,491,493,504,2,13
163,3,48,441,443,507,2,66
142,2,48,385,386,510,1,125
164,4,48,444,446,513,2,69
185,1,48,502,503,516,1,14
167,3,48,452,453,519,1,67
146,2,48,396,398,522,2,126
168,4,48,455,456,525,1,70
189,1,48,513,515,528,2,15
171,3,48,463,465,531,2,68
150,2,48,407,408,534,1,127
172,4,48,466,467,537,1,71
193,1,48,524,526,540,2,16
175,3,48,474,476,543,2,69
154,2,48,418,419,546,1,128
176,4,48,477,479,549,2,72
197,1,48,535,536,552,1,17
179,3,48,485,486,555,1,70
201,1,48,545,546,558,1,13
180,4,48,488,489,561,1,73
158,2,48,428,429,564,1,136
183,3,48,496,498,567,2,71
205,1,48,556,557,570,1,14
184,4,48,499,500,573,1,74
162,2,48,439,440,576,1,137
187,3,48,507,509,579,2,72
209,1,48,567,569,582,2,15
188,4,48,510,512,585,2,75
166,2,48,450,452,588,2,138
191,3,48,518,519,591,1,73
213,1,48,578,580,594,2,16
192,4,48,521,522,597,1,76
170,2,48,461,462,600,1,139
195,3,48,529,531,603,2,74
217,1,48,589,590,606,1,17
196,4,48,532,533,609,1,77
174,2,48,472,473,612,1,140
199,3,48,540,542,615,2,75
221,1,48,600,602,618,2,18
200,4,48,543,545,621,2,78
225,1,48,611,613,624,2,13
203,3,48,550,552,627,2,77
178,2,48,483,485,630,2,147
204,4,48,553,554,633,1,80
229,1,48,622,623,636,1,14
207,3,48,561,563,639,2,78
182,2,48,494,495,642,1,148
208,4,48,564,566,645,2,81
233,1,48,633,635,648,2,15
211,3,48,572,573,651,1,79
186,2,48,505,506,654,1,149
212,4,48,575,576,657,1,82
237,1,48,644,646,660,2,16
215,3,48,583,585,663,2,80
190,2,48,516,518,666,2,150
216,4,48,586,587,669,1,83
241,1,48,655,656,672,1,17
219,3,48,594,596,675,2,81
245,1,48,665,666,678,1,13
220,4,48,597,599,681,2,84
194,2,48,527,528,684,1,157
223,3,48,605,606,687,1,82
249,1,48,676,677,690,1,14
224,4,48,608,609,693,1,85
198,2,48,538,539,696,1,158
227,3,48,616,618,699,2,83
253,1,48,687,689,702,2,15
228,4,48,619,620,705,1,86
202,2,48,548,549,708,1,160
231,3,48,627,629,711,2,84
257,1,48,698,700,714,2,16
232,4,48,630,632,717,2,87
206,2,48,559,560,720,1,161
235,3,48,638,639,723,1,85
261,1,48,709,710,726,1,17
236,4,48,641,642,729,1,88
210,2,48,570,572,732,2,162
239,3,48,649,651,735,2,86
265,1,48,720,722,738,2,18
240,4,48,652,653,741,1,89
269,1,48,731,733,744,2,13
243,3,48,660,662,747,2,87
214,2,48,581,582,750,1,169
244,4,48,663,665,753,2,90
273,1,48,742,743,756,1,14
247,3,48,670,672,759,2,89
218,2,48,592,593,762,1,170
248,4,48,673,674,765,1,92
277,1,48,753,755,768,2,15
251,3,48,681,683,771,2,90
222,2,48,603,605,774,2,171
252,4,48,684,686,777,2,93
281,1,48,764,766,780,2,16
255,3,48,692,693,783,1,91
226,2,48,614,615,786,1,172
256,4,48,695,696,789,1,94
285,1,48,775,776,792,1,17
259,3,48,703,705,795,2,92
289,1,48,785,786,798,1,13
260,4,48,706,707,801,1,95
230,2,48,625,626,804,1,179
263,3,48,714,716,807,2,93
293,1,48,796,797,810,1,14
264,4,48,717,719,813,2,96
234,2,48,636,638,816,2,180
267,3,48,725,726,819,1,94
297,1,48,807,809,822,2,15
268,4,48,728,729,825,1,97
238,2,48,647,648,828,1,181
271,3,48,736,738,831,2,95
301,1,48,818,820,834,2,16
272,4,48,739,740,837,1,98
242,2,48,658,659,840,1,182
275,3,48,747,749,843,2,96
305,1,48,829,830,846,1,17
276,4,48,750,752,849,2,99
246,2,48,668,669,852,1,184
279,3,48,758,759,855,1,97
309,1,48,840,842,858,2,18
280,4,48,761,762,861,1,100
313,1,48,851,853,864,2,13
283,3,48,769,771,867,2,98
250,2,48,679,680,870,1,191
284,4,48,772,773,873,1,101
317,1,48,862,863,876,1,14
287,3,48,780,782,879,2,99
254,2,48,690,692,882,2,192
288,4,48,783,785,885,2,102
321,1,48,873,875,888,2,15
291,3,48,790,792,891,2,101
258,2,48,701,702,894,1,193
292,4,48,793,794,897,1,104
325,1,48,884,886,900,2,16
295,3,48,801,803,903,2,102
262,2,48,712,713,906,1,194
296,4,48,804,806,909,2,105
329,1,48,895,896,912,1,17
299,3,48,812,813,915,1,103
333,1,48,905,906,918,1,13
300,4,48,815,816,921,1,106
266,2,48,723,725,924,2,201
303,3,48,823,825,927,2,104
337,1,48,916,917,930,1,14
304,4,48,826,827,933,1,107
270,2,48,734,735,936,1,202
307,3,48,834,836,939,2,105
341,1,48,927,929,942,2,15
308,4,48,837,839,945,2,108
274,2,48,745,746,948,1,203
311,3,48,845,846,951,1,106
345,1,48,938,940,954,2,16
312,4,48,848,849,957,1,109
278,2,48,756,758,960,2,204
315,3,48,856,858,963,2,107
349,1,48,949,950,966,1,17
316,4,48,859,860,969,1,110
282,2,48,767,768,972,1,205
319,3,48,867,869,975,2,108
353,1,48,960,962,978,2,18
320,4,48,870,872,981,2,111
357,1,48,971,973,984,2,13
323,3,48,878,879,987,1,109
286,2,48,778,779,990,1,212
324,4,48,881,882,993,1,112
361,1,48,982,983,996,1,14
327,3,48,889,891,999,2,110
290,2,48,788,789,1002,1,214
328,4,48,892,893,1005,1,113
365,1,48,993,995,1008,2,15
331,3,48,900,902,1011,2,111
294,2,48,799,800,1014,1,215
332,4,48,903,905,1017,2,114
369,1,48,1004,1006,1020,2,16
335,3,48,910,912,1023,2,113
298,2,48,810,812,1026,2,216
336,4,48,913,914,1029,1,116
373,1,48,1015,1016,1032,1,17
339,3,48,921,923,1035,2,114
377,1,48,1025,1026,1038,1,13
340,4,48,924,926,1041,2,117
302,2,48,821,822,1044,1,223
343,3,48,932,933,1047,1,115
381,1,48,1036,1037,1050,1,14
344,4,48,935,936,1053,1,118
306,2,48,832,833,1056,1,224
347,3,48,943,945,1059,2,116
385,1,48,1047,1049,1062,2,15
348,4,48,946,947,1065,1,119
310,2,48,843,845,1068,2,225
351,3,48,954,956,1071,2,117
389,1,48,1058,1060,1074,2,16
352,4,48,957,959,1077,2,120
314,2,48,854,855,1080,1,226
355,3,48,965,966,1083,1,118
393,1,48,1069,1070,1086,1,17
356,4,48,968,969,1089,1,121
318,2,48,865,866,1092,1,227
359,3,48,976,978,1095,2,119
397,1,48,1080,1082,1098,2,18
360,4,48,979,980,1101,1,122
401,1,48,1091,1093,1104,2,13
363,3,48,987,989,1107,2,120
322,2,48,876,878,1110,2,234
364,4,48,990,992,1113,2,123
405,1,48,1102,1103,1116,1,14
367,3,48,998,999,1119,1,121
326,2,48,887,888,1122,1,235
368,4,48,1001,1002,1125,1,124
409,1,48,1113,1115,1128,2,15
371,3,48,1009,1011,1131,2,122
330,2,48,898,899,1134,1,236
372,4,48,1012,1013,1137,1,125
413,1,48,1124,1126,1140,2,16
375,3,48,1020,1022,1143,2,123
334,2,48,908,909,1146,1,238
376,4,48,1023,1025,1149,2,126
417,1,48,1135,1136,1152,1,17
379,3,48,1030,1032,1155,2,125
421,1,48,1145,1146,1158,1,13
380,4,48,1033,1034,1161,1,128
338,2,48,919,920,1164,1,245
383,3,48,1041,1043,1167,2,126
425,1,48,1156,1157,1170,1,14
384,4,48,1044,1046,1173,2,129
342,2,48,930,932,1176,2,246
387,3,48,1052,1053,1179,1,127
429,1,48,1167,1169,1182,2,15
388,4,48,1055,1056,1185,1,130
346,2,48,941,942,1188,1,247
391,3,48,1063,1065,1191,2,128
433,1,48,1178,1180,1194,2,16
392,4,48,1066,1067,1197,1,131
350,2,48,952,953,1200,1,248
395,3,48,1074,1076,1203,2,129
437,1,48,1189,1190,1206,1,17
396,4,48,1077,1079,1209,2,132
354,2,48,963,965,1212,2,249
399,3,48,1085,1086,1215,1,130
441,1,48,1200,1202,1218,2,18
400,4,48,1088,1089,1221,1,133
445,1,48,1211,1213,1224,2,13
403,3,48,1096,1098,1227,2,131
358,2,48,974,975,1230,1,256
404,4,48,1099,1100,1233,1,134
449,1,48,1222,1223,1236,1,14
407,3,48,1107,1109,1239,2,132
362,2,48,985,986,1242,1,257
408,4,48,1110,1112,1245,2,135
453,1,48,1233,1235,1248,2,15
411,3,48,1118,1119,1251,1,133
366,2,48,996,998,1254,2,258
412,4,48,1121,1122,1257,1,136
457,1,48,1244,1246,1260,2,16
415,3,48,1129,1131,1263,2,134
370,2,48,1007,1008,1266,1,259
416,4,48,1132,1133,1269,1,137
461,1,48,1255,1256,1272,1,17
419,3,48,1140,1142,1275,2,135
465,1,48,1265,1266,1278,1,13
420,4,48,1143,1145,1281,2,138
374,2,48,1018,1019,1284,1,266
423,3,48,1150,1152,1287,2,137
469,1,48,1276,1277,1290,1,14
424,4,48,1153,1154,1293,1,140
378,2,48,1028,1029,1296,1,268
427,3,48,1161,1163,1299,2,138
473,1,48,1287,1289,1302,2,15
428,4,48,1164,1166,1305,2,141
382,2,48,1039,1040,1308,1,269
431,3,48,1172,1173,1311,1,139
477,1,48,1298,1300,1314,2,16
432,4,48,1175,1176,1317,1,142
386,2,48,1050,1052,1320,2,270
435,3,48,1183,1185,1323,2,140
481,1,48,1309,1310,1326,1,17
436,4,48,1186,1187,1329,1,143
390,2,48,1061,1062,1332,1,271
439,3,48,1194,1196,1335,2,141
485,1,48,1320,1322,1338,2,18
440,4,48,1197,1199,1341,2,144
489,1,48,1331,1333,1344,2,13
443,3,48,1205,1206,1347,1,142
394,2,48,1072,1073,1350,1,278
444,4,48,1208,1209,1353,1,145
493,1,48,1342,1343,1356,1,14
447,3,48,1216,1218,1359,2,143
398,2,48,1083,1085,1362,2,279
448,4,48,1219,1220,1365,1,146
497,1,48,1353,1355,1368,2,15
451,3,48,1227,1229,1371,2,144
402,2,48,1094,1095,1374,1,280
452,4,48,1230,1232,1377,2,147
501,1,48,1364,1366,1380,2,16
455,3,48,1238,1239,1383,1,145
406,2,48,1105,1106,1386,1,281
456,4,48,1241,1242,1389,1,148
505,1,48,1375,1376,1392,1,17
459,3,48,1249,1251,1395,2,146
509,1,48,1385,1386,1398,1,13
460,4,48,1252,1253,1401,1,149
410,2,48,1116,1118,1404,2,288
463,3,48,1260,1262,1407,2,147
513,1,48,1396,1397,1410,1,14
464,4,48,1263,1265,1413,2,150
414,2,48,1127,1128,1416,1,289
467,3,48,1270,1272,1419,2,149
517,1,48,1407,1409,1422,2,15
468,4,48,1273,1274,1425,1,152
418,2,48,1138,1139,1428,1,290
471,3,48,1281,1283,1431,2,150
521,1,48,1418,1420,1434,2,16
472,4,48,1284,1286,1437,2,153
422,2,48,1148,1149,1440,1,292
475,3,48,1292,1293,1443,1,151
525,1,48,1429,1430,1446,1,17
476,4,48,1295,1296,1449,1,154
426,2,48,1159,1160,1452,1,293
479,3,48,1303,1305,1455,2,152
529,1,48,1440,1442,1458,2,18
480,4,48,1306,1307,1461,1,155
533,1,48,1451,1453,1464,2,13
483,3,48,1314,1316,1467,2,153
430,2,48,1170,1172,1470,2,300
484,4,48,1317,1319,1473,2,156
537,1,48,1462,1463,1476,1,14
487,3,48,1325,1326,1479,1,154
434,2,48,1181,1182,1482,1,301
488,4,48,1328,1329,1485,1,157
541,1,48,1473,1475,1488,2,15
491,3,48,1336,1338,1491,2,155
438,2,48,1192,1193,1494,1,302
492,4,48,1339,1340,1497,1,158
545,1,48,1484,1486,1500,2,16
495,3,48,1347,1349,1503,2,156
442,2,48,1203,1205,1506,2,303
496,4,48,1350,1352,1509,2,159
549,1,48,1495,1496,1512,1,17
499,3,48,1358,1359,1515,1,157
553,1,48,1505,1506,1518,1,13
500,4,48,1361,1362,1521,1,160
446,2,48,1214,1215,1524,1,310
503,3,48,1369,1371,1527,2,158
557,1,48,1516,1517,1530,1,14
504,4,48,1372,1373,1533,1,161
450,2,48,1225,1226,1536,1,311
507,3,48,1380,1382,1539,2,159
561,1,48,1527,1529,1542,2,15
508,4,48,1383,1385,1545,2,162
454,2,48,1236,1238,1548,2,312
511,3,48,1390,1392,1551,2,161
565,1,48,1538,1540,1554,2,16
512,4,48,1393,1394,1557,1,164
458,2,48,1247,1248,1560,1,313
515,3,48,1401,1403,1563,2,162
569,1,48,1549,1550,1566,1,17
516,4,48,1404,1406,1569,2,165
462,2,48,1258,1259,1572,1,314
519,3,48,1412,1413,1575,1,163
573,1,48,1560,1562,1578,2,18
520,4,48,1415,1416,1581,1,166
577,1,48,1571,1573,1584,2,13
523,3,48,1423,1425,1587,2,164
466,2,48,1268,1269,1590,1,322
524,4,48,1426,1427,1593,1,167
581,1,48,1582,1583,1596,1,14
527,3,48,1434,1436,1599,2,165
470,2,48,1279,1280,1602,1,323
528,4,48,1437,1439,1605,2,168
585,1,48,1593,1595,1608,2,15
531,3,48,1445,1446,1611,1,166
474,2,48,1290,1292,1614,2,324
532,4,48,1448,1449,1617,1,169
589,1,48,1604,1606,1620,2,16
535,3,48,1456,1458,1623,2,167
478,2,48,1301,1302,1626,1,325
536,4,48,1459,1460,1629,1,170
593,1,48,1615,1616,1632,1,17
539,3,48,1467,1469,1635,2,168
597,1,48,1625,1626,1638,1,13
540,4,48,1470,1472,1641,2,171
482,2,48,1312,1313,1644,1,332
543,3,48,1478,1479,1647,1,169
601,1,48,1636,1637,1650,1,14
544,4,48,1481,1482,1653,1,172
486,2,48,1323,1325,1656,2,333
547,3,48,1489,1491,1659,2,170
605,1,48,1647,1649,1662,2,15
548,4,48,1492,1493,1665,1,173
490,2,48,1334,1335,1668,1,334
551,3,48,1500,1502,1671,2,171
609,1,48,1658,1660,1674,2,16
552,4,48,1503,1505,1677,2,174
494,2,48,1345,1346,1680,1,335
555,3,48,1510,1512,1683,2,173
613,1,48,1669,1670,1686,1,17
556,4,48,1513,1514,1689,1,176
498,2,48,1356,1358,1692,2,336
559,3,48,1521,1523,1695,2,174
617,1,48,1680,1682,1698,2,18
560,4,48,1524,1526,1701,2,177
621,1,48,1691,1693,1704,2,13
563,3,48,1532,1533,1707,1,175
502,2,48,1367,1368,1710,1,343
564,4,48,1535,1536,1713,1,178
625,1,48,1702,1703,1716,1,14
567,3,48,1543,1545,1719,2,176
506,2,48,1378,1379,1722,1,344
568,4,48,1546,1547,1725,1,179
629,1,48,1713,1715,1728,2,15
571,3,48,1554,1556,1731,2,177
510,2,48,1388,1389,1734,1,346
572,4,48,1557,1559,1737,2,180
633,1,48,1724,1726,1740,2,16
575,3,48,1565,1566,1743,1,178
514,2,48,1399,1400,1746,1,347
576,4,48,1568,1569,1749,1,181
637,1,48,1735,1736,1752,1,17
579,3,48,1576,1578,1755,2,179
641,1,48,1745,1746,1758,1,13
580,4,48,1579,1580,1761,1,182
518,2,48,1410,1412,1764,2,354
583,3,48,1587,1589,1767,2,180
645,1,48,1756,1757,1770,1,14
584,4,48,1590,1592,1773,2,183
522,2,48,1421,1422,1776,1,355
587,3,48,1598,1599,1779,1,181
649,1,48,1767,1769,1782,2,15
588,4,48,1601,1602,1785,1,184
526,2,48,1432,1433,1788,1,356
591,3,48,1609,1611,1791,2,182
653,1,48,1778,1780,1794,2,16
592,4,48,1612,1613,1797,1,185
530,2,48,1443,1445,1800,2,357
595,3,48,1620,1622,1803,2,183
657,1,48,1789,1790,1806,1,17
596,4,48,1623,1625,1809,2,186
534,2,48,1454,1455,1812,1,358
599,3,48,1630,1632,1815,2,185
661,1,48,1800,1802,1818,2,18
600,4,48,1633,1634,1821,1,188
665,1,48,1811,1813,1824,2,13
603,3,48,1641,1643,1827,2,186
538,2,48,1465,1466,1830,1,365
604,4,48,1644,1646,1833,2,189
669,1,48,1822,1823,1836,1,14
607,3,48,1652,1653,1839,1,187
542,2,48,1476,1478,1842,2,366
608,4,48,1655,1656,1845,1,190
673,1,48,1833,1835,1848,2,15
611,3,48,1663,1665,1851,2,188
546,2,48,1487,1488,1854,1,367
612,4,48,1666,1667,1857,1,191
677,1,48,1844,1846,1860,2,16
615,3,48,1674,1676,1863,2,189
550,2,48,1498,1499,1866,1,368
616,4,48,1677,1679,1869,2,192
681,1,48,1855,1856,1872,1,17
619,3,48,1685,1686,1875,1,190
685,1,48,1865,1866,1878,1,13
620,4,48,1688,1689,1881,1,193
554,2,48,1508,1509,1884,1,376
623,3,48,1696,1698,1887,2,191
689,1,48,1876,1877,1890,1,14
624,4,48,1699,1700,1893,1,194
558,2,48,1519,1520,1896,1,377
627,3,48,1707,1709,1899,2,192
693,1,48,1887,1889,1902,2,15
628,4,48,1710,1712,1905,2,195
562,2,48,1530,1532,1908,2,378
631,3,48,1718,1719,1911,1,193
697,1,48,1898,1900,1914,2,16
632,4,48,1721,1722,1917,1,196
566,2,48,1541,1542,1920,1,379
635,3,48,1729,1731,1923,2,194
701,1,48,1909,1910,1926,1,17
636,4,48,1732,1733,1929,1,197
570,2,48,1552,1553,1932,1,380
639,3,48,1740,1742,1935,2,195
705,1,48,1920,1922,1938,2,18
640,4,48,1743,1745,1941,2,198
709,1,48,1931,1933,1944,2,13
643,3,48,1750,1752,1947,2,197
574,2,48,1563,1565,1950,2,387
644,4,48,1753,1754,1953,1,200
713,1,48,1942,1943,1956,1,14
647,3,48,1761,1763,1959,2,198
578,2,48,1574,1575,1962,1,388
648,4,48,1764,1766,1965,2,201
717,1,48,1953,1955,1968,2,15
651,3,48,1772,1773,1971,1,199
582,2,48,1585,1586,1974,1,389
652,4,48,1775,1776,1977,1,202
721,1,48,1964,1966,1980,2,16
655,3,48,1783,1785,1983,2,200
586,2,48,1596,1598,1986,2,390
656,4,48,1786,1787,1989,1,203
725,1,48,1975,1976,1992,1,17
659,3,48,1794,1796,1995,2,201
729,1,48,1985,1986,1998,1,13
660,4,48,1797,1799,2001,2,204
590,2,48,1607,1608,2004,1,397
663,3,48,1805,1806,2007,1,202
733,1,48,1996,1997,2010,1,14
664,4,48,1808,1809,2013,1,205
735,1,48,2000,2001,2016,1,16
667,3,48,1816,1818,2019,2,203
594,2,48,1618,1619,2022,1,404
668,4,48,1819,1820,2025,1,206
598,2,48,1628,1629,2028,1,400
671,3,48,1827,1829,2031,2,204
739,5,48,2011,2012,2034,1,23
741,1,48,2016,2018,2037,2,21
672,4,48,1830,1832,2040,2,210
745,5,48,2027,2029,2043,2,16
747,1,48,2033,2035,2046,2,13
675,3,48,1838,1839,2049,1,211
740,6,48,2014,2015,2052,1,38
602,2,48,1639,1640,2055,1,416
676,4,48,1841,1842,2058,1,217
751,5,48,2044,2045,2061,1,17
753,1,48,2049,2051,2064,2,15
679,3,48,1849,1851,2067,2,218
746,6,48,2030,2031,2070,1,40
606,2,48,1650,1652,2073,2,423
680,4,48,1852,1853,2076,1,224
757,5,48,2060,2062,2079,2,19
759,1,48,2065,2067,2082,2,17
683,3,48,1860,1862,2085,2,225
752,6,48,2047,2048,2088,1,41
610,2,48,1661,1662,2091,1,430
684,4,48,1863,1865,2094,2,231
763,5,48,2076,2078,2097,2,21
765,1,48,2082,2084,2100,2,18
687,3,48,1870,1872,2103,2,233
769,5,48,2093,2095,2106,2,13
614,2,48,1672,1673,2109,1,437
688,4,48,1873,1874,2112,1,239
758,6,48,2063,2064,2115,1,52
771,1,48,2098,2100,2118,2,20
691,3,48,1881,1883,2121,2,240
775,5,48,2109,2111,2124,2,15
618,2,48,1683,1685,2127,2,444
692,4,48,1884,1886,2130,2,246
764,6,48,2079,2081,2133,2,54
777,1,48,2115,2117,2136,2,21
695,3,48,1892,1893,2139,1,247
781,5,48,2126,2128,2142,2,16
783,1,48,2131,2133,2145,2,14
696,4,48,1895,1896,2148,1,253
770,6,48,2096,2097,2151,1,55
622,2,48,1694,1695,2154,1,460
699,3,48,1903,1905,2157,2,254
787,5,48,2142,2144,2160,2,18
789,1,48,2147,2148,2163,1,16
700,4,48,1906,1907,2166,1,260
776,6,48,2112,2114,2169,2,57
626,2,48,1705,1706,2172,1,467
703,3,48,1914,1916,2175,2,261
793,5,48,2158,2159,2178,1,20
795,1,48,2164,2165,2181,1,17
704,4,48,1917,1919,2184,2,267
782,6,48,2129,2130,2187,1,58
630,2,48,1716,1718,2190,2,474
707,3,48,1925,1926,2193,1,268
799,5,48,2175,2177,2196,2,21
801,1,48,2180,2181,2199,1,19
708,4,48,1928,1929,2202,1,274
805,5,48,2191,2192,2205,1,14
634,2,48,1727,1728,2208,1,481
711,3,48,1936,1938,2211,2,275
788,6,48,2145,2147,2214,2,69
807,1,48,2196,2198,2217,2,21
712,4,48,1939,1940,2220,1,281
811,5,48,2207,2209,2223,2,16
813,1,48,2213,2215,2226,2,13
715,3,48,1947,1949,2229,2,282
794,6,48,2161,2162,2232,1,71
638,2,48,1738,1739,2235,1,497
716,4,48,1950,1952,2238,2,288
817,5,48,2224,2225,2241,1,17
819,1,48,2229,2231,2244,2,15
719,3,48,1958,1959,2247,1,289
800,6,48,2178,2180,2250,2,72
642,2,48,1748,1749,2253,1,505
720,4,48,1961,1962,2256,1,295
823,5,48,2240,2242,2259,2,19
825,1,48,2245,2247,2262,2,17
723,3,48,1969,1971,2265,2,296
806,6,48,2194,2195,2268,1,74
646,2,48,1759,1760,2271,1,512
724,4,48,1972,1973,2274,1,302
829,5,48,2256,2258,2277,2,21
831,1,48,2262,2264,2280,2,18
727,3,48,1980,1982,2283,2,303
835,5,48,2273,2275,2286,2,13
650,2,48,1770,1772,2289,2,519
728,4,48,1983,1985,2292,2,309
812,6,48,2210,2211,2295,1,85
837,1,48,2278,2280,2298,2,20
731,3,48,1990,1992,2301,2,311
841,5,48,2289,2291,2304,2,15
654,2,48,1781,1782,2307,1,526
732,4,48,1993,1994,2310,1,317
818,6,48,2227,2228,2313,1,86
843,1,48,2295,2297,2316,2,21
737,3,48,2005,2007,2319,2,314
847,5,48,2306,2308,2322,2,16
849,1,48,2311,2313,2325,2,14
738,4,48,2008,2009,2328,1,320
824,6,48,2243,2244,2331,1,88
658,2,48,1792,1793,2334,1,542
743,3,48,2021,2022,2337,1,316
853,5,48,2322,2324,2340,2,18
855,1,48,2327,2328,2343,1,16
744,4,48,2024,2025,2346,1,322
830,6,48,2259,2261,2349,2,90
662,2,48,1803,1805,2352,2,549
749,3,48,2038,2040,2355,2,317
859,5,48,2338,2339,2358,1,20
861,1,48,2344,2345,2361,1,17
750,4,48,2041,2042,2364,1,323
836,6,48,2276,2277,2367,1,91
666,2,48,1814,1815,2370,1,556
755,3,48,2054,2055,2373,1,319
865,5,48,2355,2357,2376,2,21
867,1,48,2360,2361,2379,1,19
756,4,48,2057,2058,2382,1,325
871,5,48,2371,2372,2385,1,14
670,2,48,1825,1826,2388,1,563
761,3,48,2070,2072,2391,2,321
842,6,48,2292,2294,2394,2,102
873,1,48,2376,2378,2397,2,21
762,4,48,2073,2075,2400,2,327
877,5,48,2387,2389,2403,2,16
879,1,48,2393,2395,2406,2,13
767,3,48,2087,2088,2409,1,322
848,6,48,2309,2310,2412,1,103
674,2,48,1836,1838,2415,2,579
768,4,48,2090,2091,2418,1,328
883,5,48,2404,2405,2421,1,17
885,1,48,2409,2411,2424,2,15
773,3,48,2103,2105,2427,2,324
854,6,48,2325,2327,2430,2,105
678,2,48,1847,1848,2433,1,586
774,4,48,2106,2108,2436,2,330
889,5,48,2420,2422,2439,2,19
891,1,48,2425,2427,2442,2,17
779,3,48,2120,2121,2445,1,325
860,6,48,2341,2342,2448,1,107
682,2,48,1858,1859,2451,1,593
780,4,48,2123,2124,2454,1,331
895,5,48,2436,2438,2457,2,21
897,1,48,2442,2444,2460,2,18
785,3,48,2136,2138,2463,2,327
901,5,48,2453,2455,2466,2,13
686,2,48,1868,1869,2469,1,601
786,4,48,2139,2141,2472,2,333
866,6,48,2358,2360,2475,2,117
903,1,48,2458,2460,2478,2,20
791,3,48,2152,2154,2481,2,329
907,5,48,2469,2471,2484,2,15
690,2,48,1879,1880,2487,1,608
792,4,48,2155,2156,2490,1,335
872,6,48,2374,2375,2493,1,119
909,1,48,2475,2477,2496,2,21
797,3,48,2169,2171,2499,2,330
913,5,48,2486,2488,2502,2,16
915,1,48,2491,2493,2505,2,14
798,4,48,2172,2174,2508,2,336
878,6,48,2390,2391,2511,1,121
694,2,48,1890,1892,2514,2,624
803,3,48,2185,2187,2517,2,332
919,5,48,2502,2504,2520,2,18
921,1,48,2507,2508,2523,1,16
804,4,48,2188,2189,2526,1,338
884,6,48,2407,2408,2529,1,122
698,2,48,1901,1902,2532,1,631
809,3,48,2201,2202,2535,1,334
925,5,48,2518,2519,2538,1,20
927,1,48,2524,2525,2541,1,17
810,4,48,2204,2205,2544,1,340
890,6,48,2423,2424,2547,1,124
702,2,48,1912,1913,2550,1,638
815,3,48,2218,2220,2553,2,335
931,5,48,2535,2537,2556,2,21
933,1,48,2540,2541,2559,1,19
816,4,48,2221,2222,2562,1,341
937,5,48,2551,2552,2565,1,14
706,2,48,1923,1925,2568,2,645
821,3,48,2234,2235,2571,1,337
896,6,48,2439,2441,2574,2,135
939,1,48,2556,2558,2577,2,21
822,4,48,2237,2238,2580,1,343
943,5,48,2567,2569,2583,2,16
945,1,48,2573,2575,2586,2,13
827,3,48,2250,2252,2589,2,339
902,6,48,2456,2457,2592,1,136
710,2,48,1934,1935,2595,1,661
828,4,48,2253,2255,2598,2,345
949,5,48,2584,2585,2601,1,17
951,1,48,2589,2591,2604,2,15
833,3,48,2267,2268,2607,1,340
908,6,48,2472,2474,2610,2,138
714,2,48,1945,1946,2613,1,668
834,4,48,2270,2271,2616,1,346
955,5,48,2600,2602,2619,2,19
957,1,48,2605,2607,2622,2,17
839,3,48,2283,2285,2625,2,342
914,6,48,2489,2490,2628,1,139
718,2,48,1956,1958,2631,2,675
840,4,48,2286,2288,2634,2,348
961,5,48,2616,2618,2637,2,21
963,1,48,2622,2624,2640,2,18
845,3,48,2300,2301,2643,1,343
967,5,48,2633,2635,2646,2,13
722,2,48,1967,1968,2649,1,682
846,4,48,2303,2304,2652,1,349
920,6,48,2505,2507,2655,2,150
969,1,48,2638,2640,2658,2,20
851,3,48,2316,2318,2661,2,345
973,5,48,2649,2651,2664,2,15
726,2,48,1978,1979,2667,1,689
852,4,48,2319,2321,2670,2,351
926,6,48,2521,2522,2673,1,152
975,1,48,2655,2657,2676,2,21
857,3,48,2332,2334,2679,2,347
979,5,48,2666,2668,2682,2,16
981,1,48,2671,2673,2685,2,14
858,4,48,2335,2336,2688,1,353
932,6,48,2538,2540,2691,2,153
730,2,48,1988,1989,2694,1,706
863,3,48,2349,2351,2697,2,348
985,5,48,2682,2684,2700,2,18
987,1,48,2687,2688,2703,1,16
864,4,48,2352,2354,2706,2,354
938,6,48,2554,2555,2709,1,155
734,2,48,1999,2000,2712,1,713
869,3,48,2365,2367,2715,2,350
991,5,48,2698,2699,2718,1,20
993,1,48,2704,2705,2721,1,17
870,4,48,2368,2369,2724,1,356
944,6,48,2570,2571,2727,1,157
736,2,48,2003,2004,2730,1,727
875,3,48,2381,2382,2733,1,352
997,5,48,2715,2717,2736,2,21
999,1,48,2720,2721,2739,1,19
876,4,48,2384,2385,2742,1,358
1003,5,48,2731,2732,2745,1,14
742,2,48,2019,2021,2748,2,729
881,3,48,2398,2400,2751,2,353
950,6,48,2587,2588,2754,1,167
1005,1,48,2736,2738,2757,2,21
882,4,48,2401,2402,2760,1,359
1009,5,48,2747,2749,2763,2,16
1011,1,48,2753,2755,2766,2,13
887,3,48,2414,2415,2769,1,355
956,6,48,2603,2604,2772,1,169
748,2,48,2036,2037,2775,1,739
888,4,48,2417,2418,2778,1,361
1015,5,48,2764,2765,2781,1,17
1017,1,48,2769,2771,2784,2,15
893,3,48,2430,2432,2787,2,357
962,6,48,2619,2621,2790,2,171
754,2,48,2052,2054,2793,2,741
894,4,48,2433,2435,2796,2,363
1021,5,48,2780,2782,2799,2,19
1023,1,48,2785,2787,2802,2,17
899,3,48,2447,2448,2805,1,358
968,6,48,2636,2637,2808,1,172
760,2,48,2068,2069,2811,1,743
900,4,48,2450,2451,2814,1,364
1027,5,48,2796,2798,2817,2,21
1029,1,48,2802,2804,2820,2,18
905,3,48,2463,2465,2823,2,360
1033,5,48,2813,2815,2826,2,13
766,2,48,2085,2087,2829,2,744
906,4,48,2466,2468,2832,2,366
974,6,48,2652,2654,2835,2,183
1035,1,48,2818,2820,2838,2,20
911,3,48,2480,2481,2841,1,361
1039,5,48,2829,2831,2844,2,15
772,2,48,2101,2102,2847,1,746
912,4,48,2483,2484,2850,1,367
980,6,48,2669,2670,2853,1,184
1041,1,48,2835,2837,2856,2,21
917,3,48,2496,2498,2859,2,363
1045,5,48,2846,2848,2862,2,16
1047,1,48,2851,2853,2865,2,14
918,4,48,2499,2501,2868,2,369
986,6,48,2685,2687,2871,2,186
778,2,48,2118,2120,2874,2,756
923,3,48,2512,2514,2877,2,365
1051,5,48,2862,2864,2880,2,18
1053,1,48,2867,2868,2883,1,16
924,4,48,2515,2516,2886,1,371
992,6,48,2701,2702,2889,1,188
784,2,48,2134,2135,2892,1,758
929,3,48,2529,2531,2895,2,366
1057,5,48,2878,2879,2898,1,20
1059,1,48,2884,2885,2901,1,17
930,4,48,2532,2534,2904,2,372
998,6,48,2718,2720,2907,2,189
790,2,48,2150,2151,2910,1,760
935,3,48,2545,2547,2913,2,368
1063,5,48,2895,2897,2916,2,21
1065,1,48,2900,2901,2919,1,19
936,4,48,2548,2549,2922,1,374
1069,5,48,2911,2912,2925,1,14
796,2,48,2167,2168,2928,1,761
941,3,48,2561,2562,2931,1,370
1004,6,48,2734,2735,2934,1,200
1071,1,48,2916,2918,2937,2,21
942,4,48,2564,2565,2940,1,376
1075,5,48,2927,2929,2943,2,16
1077,1,48,2933,2935,2946,2,13
947,3,48,2578,2580,2949,2,371
1010,6,48,2750,2751,2952,1,202
802,2,48,2183,2184,2955,1,772
948,4,48,2581,2582,2958,1,377
1081,5,48,2944,2945,2961,1,17
1083,1,48,2949,2951,2964,2,15
953,3,48,2594,2595,2967,1,373
1016,6,48,2767,2768,2970,1,203
808,2,48,2199,2201,2973,2,774
954,4,48,2597,2598,2976,1,379
1087,5,48,2960,2962,2979,2,19
1089,1,48,2965,2967,2982,2,17
959,3,48,2610,2612,2985,2,375
1022,6,48,2783,2784,2988,1,205
814,2,48,2216,2217,2991,1,775
960,4,48,2613,2615,2994,2,381
1093,5,48,2976,2978,2997,2,21
1095,1,48,2982,2984,3000,2,18
965,3,48,2627,2628,3003,1,376
1099,5,48,2993,2995,3006,2,13
820,2,48,2232,2234,3009,2,777
966,4,48,2630,2631,3012,1,382
1028,6,48,2799,2801,3015,2,216
1101,1,48,2998,3000,3018,2,20
971,3,48,2643,2645,3021,2,378
1105,5,48,3009,3011,3024,2,15
826,2,48,2248,2249,3027,1,779
972,4,48,2646,2648,3030,2,384
1034,6,48,2816,2817,3033,1,217
1107,1,48,3015,3017,3036,2,21
977,3,48,2660,2661,3039,1,379
1111,5,48,3026,3028,3042,2,16
1113,1,48,3031,3033,3045,2,14
978,4,48,2663,2664,3048,1,385
1040,6,48,2832,2834,3051,2,219
832,2,48,2265,2267,3054,2,789
983,3,48,2676,2678,3057,2,381
1117,5,48,3042,3044,3060,2,18
1119,1,48,3047,3048,3063,1,16
984,4,48,2679,2681,3066,2,387
1046,6,48,2849,2850,3069,1,220
838,2,48,2281,2282,3072,1,791
989,3,48,2692,2694,3075,2,383
1123,5,48,3058,3059,3078,1,20
1125,1,48,3064,3065,3081,1,17
990,4,48,2695,2696,3084,1,389
1052,6,48,2865,2867,3087,2,222
844,2,48,2298,2300,3090,2,792
995,3,48,2709,2711,3093,2,384
1129,5,48,3075,3077,3096,2,21
1131,1,48,3080,3081,3099,1,19
996,4,48,2712,2714,3102,2,390
1135,5,48,3091,3092,3105,1,14
850,2,48,2314,2315,3108,1,794
1001,3,48,2725,2727,3111,2,386
1058,6,48,2881,2882,3114,1,233
1137,1,48,3096,3098,3117,2,21
1002,4,48,2728,2729,3120,1,392
1141,5,48,3107,3109,3123,2,16
1143,1,48,3113,3115,3126,2,13
1007,3,48,2741,2742,3129,1,388
1064,6,48,2898,2900,3132,2,234
856,2,48,2330,2331,3135,1,805
1008,4,48,2744,2745,3138,1,394
1147,5,48,3124,3125,3141,1,17
1149,1,48,3129,3131,3144,2,15
1013,3,48,2758,2760,3147,2,389
1070,6,48,2914,2915,3150,1,236
862,2,48,2347,2348,3153,1,806
1014,4,48,2761,2762,3156,1,395
1153,5,48,3140,3142,3159,2,19
1155,1,48,3145,3147,3162,2,17
1019,3,48,2774,2775,3165,1,391
1076,6,48,2930,2931,3168,1,238
868,2,48,2363,2364,3171,1,808
1020,4,48,2777,2778,3174,1,397
1159,5,48,3156,3158,3177,2,21
1161,1,48,3162,3164,3180,2,18
1025,3,48,2790,2792,3183,2,393
1165,5,48,3173,3175,3186,2,13
874,2,48,2379,2381,3189,2,810
1026,4,48,2793,2795,3192,2,399
1082,6,48,2947,2948,3195,1,248
1167,1,48,3178,3180,3198,2,20
1031,3,48,2807,2808,3201,1,394
1171,5,48,3189,3191,3204,2,15
880,2,48,2396,2397,3207,1,811
1032,4,48,2810,2811,3210,1,400
1088,6,48,2963,2964,3213,1,250
1173,1,48,3195,3197,3216,2,21
1037,3,48,2823,2825,3219,2,396
1177,5,48,3206,3208,3222,2,16
1179,1,48,3211,3213,3225,2,14
1038,4,48,2826,2828,3228,2,402
1094,6,48,2979,2981,3231,2,252
886,2,48,2412,2414,3234,2,822
1043,3,48,2840,2841,3237,1,397
1183,5,48,3222,3224,3240,2,18
1185,1,48,3227,3228,3243,1,16
1044,4,48,2843,2844,3246,1,403
1100,6,48,2996,2997,3249,1,253
892,2,48,2428,2429,3252,1,824
1049,3,48,2856,2858,3255,2,399
1189,5,48,3238,3239,3258,1,20
1191,1,48,3244,3245,3261,1,17
1050,4,48,2859,2861,3264,2,405
1106,6,48,3012,3014,3267,2,255
898,2,48,2445,2447,3270,2,825
1055,3,48,2872,2874,3273,2,401
1195,5,48,3255,3257,3276,2,21
1197,1,48,3260,3261,3279,1,19
1056,4,48,2875,2876,3282,1,407
1201,5,48,3271,3272,3285,1,14
904,2,48,2461,2462,3288,1,827
1061,3,48,2889,2891,3291,2,402
1112,6,48,3029,3030,3294,1,265
1203,1,48,3276,3278,3297,2,21
1062,4,48,2892,2894,3300,2,408
1207,5,48,3287,3289,3303,2,16
1209,1,48,3293,3295,3306,2,13
1067,3,48,2905,2907,3309,2,404
1118,6,48,3045,3047,3312,2,267
910,2,48,2478,2480,3315,2,837
1068,4,48,2908,2909,3318,1,410
1213,5,48,3304,3305,3321,1,17
1215,1,48,3309,3311,3324,2,15
1073,3,48,2921,2922,3327,1,406
1124,6,48,3061,3062,3330,1,269
916,2,48,2494,2495,3333,1,839
1074,4,48,2924,2925,3336,1,412
1219,5,48,3320,3322,3339,2,19
1221,1,48,3325,3327,3342,2,17
1079,3,48,2938,2940,3345,2,407
1130,6,48,3078,3080,3348,2,270
922,2,48,2510,2511,3351,1,841
1080,4,48,2941,2942,3354,1,413
1225,5,48,3336,3338,3357,2,21
1227,1,48,3342,3344,3360,2,18
1085,3,48,2954,2955,3363,1,409
1231,5,48,3353,3355,3366,2,13
928,2,48,2527,2528,3369,1,842
1086,4,48,2957,2958,3372,1,415
1136,6,48,3094,3095,3375,1,281
1233,1,48,3358,3360,3378,2,20
1091,3,48,2970,2972,3381,2,411
1237,5,48,3369,3371,3384,2,15
934,2,48,2543,2544,3387,1,844
1092,4,48,2973,2975,3390,2,417
1142,6,48,3110,3111,3393,1,283
1239,1,48,3375,3377,3396,2,21
1097,3,48,2987,2988,3399,1,412
1243,5,48,3386,3388,3402,2,16
1245,1,48,3391,3393,3405,2,14
1098,4,48,2990,2991,3408,1,418
1148,6,48,3127,3128,3411,1,284
940,2,48,2559,2561,3414,2,855
1103,3,48,3003,3005,3417,2,414
1249,5,48,3402,3404,3420,2,18
1251,1,48,3407,3408,3423,1,16
1104,4,48,3006,3008,3426,2,420
1154,6,48,3143,3144,3429,1,286
946,2,48,2576,2577,3432,1,856
1109,3,48,3020,3021,3435,1,415
1255,5,48,3418,3419,3438,1,20
1257,1,48,3424,3425,3441,1,17
1110,4,48,3023,3024,3444,1,421
1160,6,48,3159,3161,3447,2,288
952,2,48,2592,2594,3450,2,858
1115,3,48,3036,3038,3453,2,417
1261,5,48,3435,3437,3456,2,21
1263,1,48,3440,3441,3459,1,19
1116,4,48,3039,3041,3462,2,423
1267,5,48,3451,3452,3465,1,14
958,2,48,2608,2609,3468,1,860
1121,3,48,3052,3054,3471,2,419
1166,6,48,3176,3177,3474,1,298
1269,1,48,3456,3458,3477,2,21
1122,4,48,3055,3056,3480,1,425
1273,5,48,3467,3469,3483,2,16
1275,1,48,3473,3475,3486,2,13
1127,3,48,3069,3071,3489,2,420
1172,6,48,3192,3194,3492,2,300
964,2,48,2625,2627,3495,2,870
1128,4,48,3072,3074,3498,2,426
1279,5,48,3484,3485,3501,1,17
1281,1,48,3489,3491,3504,2,15
1133,3,48,3085,3087,3507,2,422
1178,6,48,3209,3210,3510,1,301
970,2,48,2641,2642,3513,1,872
1134,4,48,3088,3089,3516,1,428
1285,5,48,3500,3502,3519,2,19
1287,1,48,3505,3507,3522,2,17
1139,3,48,3101,3102,3525,1,424
1184,6,48,3225,3227,3528,2,303
976,2,48,2658,2660,3531,2,873
1140,4,48,3104,3105,3534,1,430
1291,5,48,3516,3518,3537,2,21
1293,1,48,3522,3524,3540,2,18
1145,3,48,3118,3120,3543,2,425
1297,5,48,3533,3535,3546,2,13
982,2,48,2674,2675,3549,1,875
1146,4,48,3121,3122,3552,1,431
1190,6,48,3241,3242,3555,1,314
1299,1,48,3538,3540,3558,2,20
1151,3,48,3134,3135,3561,1,427
1303,5,48,3549,3551,3564,2,15
988,2,48,2690,2691,3567,1,877
1152,4,48,3137,3138,3570,1,433
1196,6,48,3258,3260,3573,2,315
1305,1,48,3555,3557,3576,2,21
1157,3,48,3150,3152,3579,2,429
1309,5,48,3566,3568,3582,2,16
1311,1,48,3571,3573,3585,2,14
1158,4,48,3153,3155,3588,2,435
1202,6,48,3274,3275,3591,1,317
994,2,48,2707,2708,3594,1,887
1163,3,48,3167,3168,3597,1,430
1315,5,48,3582,3584,3600,2,18
1317,1,48,3587,3588,3603,1,16
1164,4,48,3170,3171,3606,1,436
1208,6,48,3290,3291,3609,1,319
1000,2,48,2723,2724,3612,1,889
1169,3,48,3183,3185,3615,2,432
1321,5,48,3598,3599,3618,1,20
1323,1,48,3604,3605,3621,1,17
1170,4,48,3186,3188,3624,2,438
1214,6,48,3307,3308,3627,1,320
1006,2,48,2739,2741,3630,2,891
1175,3,48,3200,3201,3633,1,433
1327,5,48,3615,3617,3636,2,21
1329,1,48,3620,3621,3639,1,19
1176,4,48,3203,3204,3642,1,439
1333,5,48,3631,3632,3645,1,14
1012,2,48,2756,2757,3648,1,892
1181,3,48,3216,3218,3651,2,435
1220,6,48,3323,3324,3654,1,331
1335,1,48,3636,3638,3657,2,21
1182,4,48,3219,3221,3660,2,441
1339,5,48,3647,3649,3663,2,16
1341,1,48,3653,3655,3666,2,13
1187,3,48,3232,3234,3669,2,437
1226,6,48,3339,3341,3672,2,333
1018,2,48,2772,2774,3675,2,903
1188,4,48,3235,3236,3678,1,443
1345,5,48,3664,3665,3681,1,17
1347,1,48,3669,3671,3684,2,15
1193,3,48,3249,3251,3687,2,438
1232,6,48,3356,3357,3690,1,334
1024,2,48,2788,2789,3693,1,905
1194,4,48,3252,3254,3696,2,444
1351,5,48,3680,3682,3699,2,19
1353,1,48,3685,3687,3702,2,17
1199,3,48,3265,3267,3705,2,440
1238,6,48,3372,3374,3708,2,336
1030,2,48,2805,2807,3711,2,906
1200,4,48,3268,3269,3714,1,446
1357,5,48,3696,3698,3717,2,21
1359,1,48,3702,3704,3720,2,18
1205,3,48,3281,3282,3723,1,442
1363,5,48,3713,3715,3726,2,13
1036,2,48,2821,2822,3729,1,908
1206,4,48,3284,3285,3732,1,448
1244,6,48,3389,3390,3735,1,346
1365,1,48,3718,3720,3738,2,20
1211,3,48,3298,3300,3741,2,443
1369,5,48,3729,3731,3744,2,15
1042,2,48,2838,2840,3747,2,909
1212,4,48,3301,3302,3750,1,449
1250,6,48,3405,3407,3753,2,348
1371,1,48,3735,3737,3756,2,21
1217,3,48,3314,3315,3759,1,445
1375,5,48,3746,3748,3762,2,16
1377,1,48,3751,3753,3765,2,14
1218,4,48,3317,3318,3768,1,451
1256,6,48,3421,3422,3771,1,350
1048,2,48,2854,2855,3774,1,920
1223,3,48,3330,3332,3777,2,447
1381,5,48,3762,3764,3780,2,18
1383,1,48,3767,3768,3783,1,16
1224,4,48,3333,3335,3786,2,453
1262,6,48,3438,3440,3789,2,351
1054,2,48,2870,2871,3792,1,922
1229,3,48,3347,3348,3795,1,448
1387,5,48,3778,3779,3798,1,20
1389,1,48,3784,3785,3801,1,17
1230,4,48,3350,3351,3804,1,454
1268,6,48,3454,3455,3807,1,353
1060,2,48,2887,2888,3810,1,923
1235,3,48,3363,3365,3813,2,450
1393,5,48,3795,3797,3816,2,21
1395,1,48,3800,3801,3819,1,19
1236,4,48,3366,3368,3822,2,456
1399,5,48,3811,3812,3825,1,14
1066,2,48,2903,2904,3828,1,925
1241,3,48,3380,3381,3831,1,451
1274,6,48,3470,3471,3834,1,364
1401,1,48,3816,3818,3837,2,21
1242,4,48,3383,3384,3840,1,457
1405,5,48,3827,3829,3843,2,16
1407,1,48,3833,3835,3846,2,13
1247,3,48,3396,3398,3849,2,453
1280,6,48,3487,3488,3852,1,365
1072,2,48,2919,2921,3855,2,936
1248,4,48,3399,3401,3858,2,459
1411,5,48,3844,3845,3861,1,17
1413,1,48,3849,3851,3864,2,15
1253,3,48,3412,3414,3867,2,455
1286,6,48,3503,3504,3870,1,367
1078,2,48,2936,2937,3873,1,937
1254,4,48,3415,3416,3876,1,461
1417,5,48,3860,3862,3879,2,19
1419,1,48,3865,3867,3882,2,17
1259,3,48,3429,3431,3885,2,456
1292,6,48,3519,3521,3888,2,369
1084,2,48,2952,2954,3891,2,939
1260,4,48,3432,3434,3894,2,462
1423,5,48,3876,3878,3897,2,21
1425,1,48,3882,3884,3900,2,18
1265,3,48,3445,3447,3903,2,458
1429,5,48,3893,3895,3906,2,13
1090,2,48,2968,2969,3909,1,941
1266,4,48,3448,3449,3912,1,464
1298,6,48,3536,3537,3915,1,379
1431,1,48,3898,3900,3918,2,20
1271,3,48,3461,3462,3921,1,460
1435,5,48,3909,3911,3924,2,15
1096,2,48,2985,2987,3927,2,942
1272,4,48,3464,3465,3930,1,466
1304,6,48,3552,3554,3933,2,381
1437,1,48,3915,3917,3936,2,21
1277,3,48,3478,3480,3939,2,461
1441,5,48,3926,3928,3942,2,16
1443,1,48,3931,3933,3945,2,14
1278,4,48,3481,3482,3948,1,467
1310,6,48,3569,3570,3951,1,382
1102,2,48,3001,3002,3954,1,953
1283,3,48,3494,3495,3957,1,463
1447,5,48,3942,3944,3960,2,18
1449,1,48,3947,3948,3963,1,16
1284,4,48,3497,3498,3966,1,469
1316,6,48,3585,3587,3969,2,384
1108,2,48,3018,3020,3972,2,954
1289,3,48,3510,3512,3975,2,465
1453,5,48,3958,3959,3978,1,20
1455,1,48,3964,3965,3981,1,17
1290,4,48,3513,3515,3984,2,471
1322,6,48,3601,3602,3987,1,386
1114,2,48,3034,3035,3990,1,956
1295,3,48,3527,3528,3993,1,466
1459,5,48,3975,3977,3996,2,21
1461,1,48,3980,3981,3999,1,19
1296,4,48,3530,3531,4002,1,472
1465,5,48,3991,3992,4005,1,14
1120,2,48,3050,3051,4008,1,958
1301,3,48,3543,3545,4011,2,468
1328,6,48,3618,3620,4014,2,396
1467,1,48,3996,3998,4017,2,21
1302,4,48,3546,3548,4020,2,474
1471,5,48,4007,4009,4023,2,16
1473,1,48,4013,4015,4026,2,13
1307,3,48,3560,3561,4029,1,469
1334,6,48,3634,3635,4032,1,398
1126,2,48,3067,3068,4035,1,968
1308,4,48,3563,3564,4038,1,475
1477,5,48,4024,4025,4041,1,17
1479,1,48,4029,4031,4044,2,15
1313,3,48,3576,3578,4047,2,471
1340,6,48,3650,3651,4050,1,400
1132,2,48,3083,3084,4053,1,970
1314,4,48,3579,3581,4056,2,477
1483,5,48,4040,4042,4059,2,19
1485,1,48,4045,4047,4062,2,17
1319,3,48,3592,3594,4065,2,473
1346,6,48,3667,3668,4068,1,401
1138,2,48,3099,3101,4071,2,972
1320,4,48,3595,3596,4074,1,479
1489,5,48,4056,4058,4077,2,21
1491,1,48,4062,4064,4080,2,18
1325,3,48,3609,3611,4083,2,474
1495,5,48,4073,4075,4086,2,13
1144,2,48,3116,3117,4089,1,973
1326,4,48,3612,3614,4092,2,480
1352,6,48,3683,3684,4095,1,412
1497,1,48,4078,4080,4098,2,20
1331,3,48,3625,3627,4101,2,476
1501,5,48,4089,4091,4104,2,15
1150,2,48,3132,3134,4107,2,975
1332,4,48,3628,3629,4110,1,482
1358,6,48,3699,3701,4113,2,414
1503,1,48,4095,4097,4116,2,21
1337,3,48,3641,3642,4119,1,478
1507,5,48,4106,4108,4122,2,16
1509,1,48,4111,4113,4125,2,14
1338,4,48,3644,3645,4128,1,484
1364,6,48,3716,3717,4131,1,415
1156,2,48,3148,3149,4134,1,986
1343,3,48,3658,3660,4137,2,479
1513,5,48,4122,4124,4140,2,18
1515,1,48,4127,4128,4143,1,16
1344,4,48,3661,3662,4146,1,485
1370,6,48,3732,3734,4149,2,417
1162,2,48,3165,3167,4152,2,987
1349,3,48,3674,3675,4155,1,481
1519,5,48,4138,4139,4158,1,20
1521,1,48,4144,4145,4161,1,17
1350,4,48,3677,3678,4164,1,487
1376,6,48,3749,3750,4167,1,418
1168,2,48,3181,3182,4170,1,989
1355,3,48,3690,3692,4173,2,483
1525,5,48,4155,4157,4176,2,21
1527,1,48,4160,4161,4179,1,19
1356,4,48,3693,3695,4182,2,489
1531,5,48,4171,4172,4185,1,14
1174,2,48,3198,3200,4188,2,990
1361,3,48,3707,3708,4191,1,484
1382,6,48,3765,3767,4194,2,429
1533,1,48,4176,4178,4197,2,21
1362,4,48,3710,3711,4200,1,490
1537,5,48,4187,4189,4203,2,16
1539,1,48,4193,4195,4206,2,13
1367,3,48,3723,3725,4209,2,486
1388,6,48,3781,3782,4212,1,431
1180,2,48,3214,3215,4215,1,1001
1368,4,48,3726,3728,4218,2,492
1543,5,48,4204,4205,4221,1,17
1545,1,48,4209,4211,4224,2,15
1373,3,48,3740,3741,4227,1,487
1394,6,48,3798,3800,4230,2,432
1186,2,48,3230,3231,4233,1,1003
1374,4,48,3743,3744,4236,1,493
1549,5,48,4220,4222,4239,2,19
1551,1,48,4225,4227,4242,2,17
1379,3,48,3756,3758,4245,2,489
1400,6,48,3814,3815,4248,1,434
1192,2,48,3247,3248,4251,1,1004
1380,4,48,3759,3761,4254,2,495
1555,5,48,4236,4238,4257,2,21
1557,1,48,4242,4244,4260,2,18
1385,3,48,3772,3774,4263,2,491
1561,5,48,4253,4255,4266,2,13
1198,2,48,3263,3264,4269,1,1006
1386,4,48,3775,3776,4272,1,497
1406,6,48,3830,3831,4275,1,445
1563,1,48,4258,4260,4278,2,20
1391,3,48,3789,3791,4281,2,492
1567,5,48,4269,4271,4284,2,15
1204,2,48,3279,3281,4287,2,1008
1392,4,48,3792,3794,4290,2,498
1412,6,48,3847,3848,4293,1,446
1569,1,48,4275,4277,4296,2,21
1397,3,48,3805,3807,4299,2,494
1573,5,48,4286,4288,4302,2,16
1575,1,48,4291,4293,4305,2,14
1398,4,48,3808,3809,4308,1,500
1418,6,48,3863,3864,4311,1,448
1210,2,48,3296,3297,4314,1,1018
1403,3,48,3821,3822,4317,1,496
1579,5,48,4302,4304,4320,2,18
1581,1,48,4307,4308,4323,1,16
1404,4,48,3824,3825,4326,1,502
1424,6,48,3879,3881,4329,2,450
1216,2,48,3312,3314,4332,2,1020
1409,3,48,3838,3840,4335,2,497
1585,5,48,4318,4319,4338,1,20
1587,1,48,4324,4325,4341,1,17
1410,4,48,3841,3842,4344,1,503
1430,6,48,3896,3897,4347,1,451
1222,2,48,3328,3329,4350,1,1022
1415,3,48,3854,3855,4353,1,499
1591,5,48,4335,4337,4356,2,21
1593,1,48,4340,4341,4359,1,19
1416,4,48,3857,3858,4362,1,505
1597,5,48,4351,4352,4365,1,14
1228,2,48,3345,3347,4368,2,1023
1421,3,48,3870,3872,4371,2,501
1436,6,48,3912,3914,4374,2,462
1599,1,48,4356,4358,4377,2,21
1422,4,48,3873,3875,4380,2,507
1603,5,48,4367,4369,4383,2,16
1605,1,48,4373,4375,4386,2,13
1427,3,48,3887,3888,4389,1,502
1442,6,48,3929,3930,4392,1,463
1234,2,48,3361,3362,4395,1,1034
1428,4,48,3890,3891,4398,1,508
1609,5,48,4384,4385,4401,1,17
1611,1,48,4389,4391,4404,2,15
1433,3,48,3903,3905,4407,2,504
1448,6,48,3945,3947,4410,2,465
1240,2,48,3378,3380,4413,2,1035
1434,4,48,3906,3908,4416,2,510
1615,5,48,4400,4402,4419,2,19
1617,1,48,4405,4407,4422,2,17
1439,3,48,3920,3921,4425,1,505
1454,6,48,3961,3962,4428,1,467
1246,2,48,3394,3395,4431,1,1037
1440,4,48,3923,3924,4434,1,511
1621,5,48,4416,4418,4437,2,21
1623,1,48,4422,4424,4440,2,18
1445,3,48,3936,3938,4443,2,507
1627,5,48,4433,4435,4446,2,13
1252,2,48,3410,3411,4449,1,1039
1446,4,48,3939,3941,4452,2,513
1460,6,48,3978,3980,4455,2,477
1629,1,48,4438,4440,4458,2,20
1451,3,48,3952,3954,4461,2,509
1633,5,48,4449,4451,4464,2,15
1258,2,48,3427,3428,4467,1,1040
1452,4,48,3955,3956,4470,1,515
1466,6,48,3994,3995,4473,1,479
1635,1,48,4455,4457,4476,2,21
1457,3,48,3969,3971,4479,2,510
1639,5,48,4466,4468,4482,2,16
1641,1,48,4471,4473,4485,2,14
1458,4,48,3972,3974,4488,2,516
1472,6,48,4010,4011,4491,1,481
1264,2,48,3443,3444,4494,1,1051
1463,3,48,3985,3987,4497,2,512
1645,5,48,4482,4484,4500,2,18
1647,1,48,4487,4488,4503,1,16
1464,4,48,3988,3989,4506,1,518
1478,6,48,4027,4028,4509,1,482
1270,2,48,3459,3461,4512,2,1053
1469,3,48,4001,4002,4515,1,514
1651,5,48,4498,4499,4518,1,20
1653,1,48,4504,4505,4521,1,17
1470,4,48,4004,4005,4524,1,520
1484,6,48,4043,4044,4527,1,484
1276,2,48,3476,3477,4530,1,1054
1475,3,48,4018,4020,4533,2,515
1657,5,48,4515,4517,4536,2,21
1659,1,48,4520,4521,4539,1,19
1476,4,48,4021,4022,4542,1,521
1663,5,48,4531,4532,4545,1,14
1282,2,48,3492,3494,4548,2,1056
1481,3,48,4034,4035,4551,1,517
1490,6,48,4059,4061,4554,2,495
1665,1,48,4536,4538,4557,2,21
1482,4,48,4037,4038,4560,1,523
1669,5,48,4547,4549,4563,2,16
1671,1,48,4553,4555,4566,2,13
1487,3,48,4050,4052,4569,2,519
1496,6,48,4076,4077,4572,1,496
1288,2,48,3508,3509,4575,1,1067
1488,4,48,4053,4055,4578,2,525
1675,5,48,4564,4565,4581,1,17
1677,1,48,4569,4571,4584,2,15
1493,3,48,4067,4068,4587,1,520
1502,6,48,4092,4094,4590,2,498
1294,2,48,3525,3527,4593,2,1068
1494,4,48,4070,4071,4596,1,526
1681,5,48,4580,4582,4599,2,19
1683,1,48,4585,4587,4602,2,17
1499,3,48,4083,4085,4605,2,522
1508,6,48,4109,4110,4608,1,499
1300,2,48,3541,3542,4611,1,1070
1500,4,48,4086,4088,4614,2,528
1687,5,48,4596,4598,4617,2,21
1689,1,48,4602,4604,4620,2,18
1505,3,48,4100,4101,4623,1,523
1693,5,48,4613,4615,4626,2,13
1306,2,48,3558,3560,4629,2,1071
1506,4,48,4103,4104,4632,1,529
1514,6,48,4125,4127,4635,2,510
1695,1,48,4618,4620,4638,2,20
1511,3,48,4116,4118,4641,2,525
1699,5,48,4629,4631,4644,2,15
1312,2,48,3574,3575,4647,1,1073
1512,4,48,4119,4121,4650,2,531
1520,6,48,4141,4142,4653,1,512
1701,1,48,4635,4637,4656,2,21
1517,3,48,4132,4134,4659,2,527
1705,5,48,4646,4648,4662,2,16
1707,1,48,4651,4653,4665,2,14
1518,4,48,4135,4136,4668,1,533
1526,6,48,4158,4160,4671,2,513
1318,2,48,3590,3591,4674,1,1084
1523,3,48,4149,4151,4677,2,528
1711,5,48,4662,4664,4680,2,18
1713,1,48,4667,4668,4683,1,16
1524,4,48,4152,4154,4686,2,534
1532,6,48,4174,4175,4689,1,515
1324,2,48,3607,3608,4692,1,1085
1529,3,48,4165,4167,4695,2,530
1717,5,48,4678,4679,4698,1,20
1719,1,48,4684,4685,4701,1,17
1530,4,48,4168,4169,4704,1,536
1538,6,48,4190,4191,4707,1,517
1330,2,48,3623,3624,4710,1,1087
1535,3,48,4181,4182,4713,1,532
1723,5,48,4695,4697,4716,2,21
1725,1,48,4700,4701,4719,1,19
1536,4,48,4184,4185,4722,1,538
1729,5,48,4711,4712,4725,1,14
1336,2,48,3639,3641,4728,2,1089
1541,3,48,4198,4200,4731,2,533
1544,6,48,4207,4208,4734,1,527
1731,1,48,4716,4718,4737,2,21
1542,4,48,4201,4202,4740,1,539
1735,5,48,4727,4729,4743,2,16
1737,1,48,4733,4735,4746,2,13
1547,3,48,4214,4215,4749,1,535
1550,6,48,4223,4224,4752,1,529
1342,2,48,3656,3657,4755,1,1099
1548,4,48,4217,4218,4758,1,541
1741,5,48,4744,4745,4761,1,17
1743,1,48,4749,4751,4764,2,15
1553,3,48,4230,4232,4767,2,537
1556,6,48,4239,4241,4770,2,531
1348,2,48,3672,3674,4773,2,1101
1554,4,48,4233,4235,4776,2,543
1747,5,48,4760,4762,4779,2,19
1749,1,48,4765,4767,4782,2,17
1559,3,48,4247,4248,4785,1,538
1562,6,48,4256,4257,4788,1,532
1354,2,48,3688,3689,4791,1,1103
1560,4,48,4250,4251,4794,1,544
1753,5,48,4776,4778,4797,2,21
1755,1,48,4782,4784,4800,2,18
1565,3,48,4263,4265,4803,2,540
1759,5,48,4793,4795,4806,2,13
1360,2,48,3705,3707,4809,2,1104
1566,4,48,4266,4268,4812,2,546
1568,6,48,4272,4274,4815,2,543
1761,1,48,4798,4800,4818,2,20
1571,3,48,4280,4281,4821,1,541
1765,5,48,4809,4811,4824,2,15
1366,2,48,3721,3722,4827,1,1106
1572,4,48,4283,4284,4830,1,547
1574,6,48,4289,4290,4833,1,544
1767,1,48,4815,4817,4836,2,21
1577,3,48,4296,4298,4839,2,543
1771,5,48,4826,4828,4842,2,16
1773,1,48,4831,4833,4845,2,14
1578,4,48,4299,4301,4848,2,549
1580,6,48,4305,4307,4851,2,546
1372,2,48,3738,3740,4854,2,1116
1583,3,48,4312,4314,4857,2,545
1777,5,48,4842,4844,4860,2,18
1779,1,48,4847,4848,4863,1,16
1584,4,48,4315,4316,4866,1,551
1586,6,48,4321,4322,4869,1,548
1378,2,48,3754,3755,4872,1,1118
1589,3,48,4329,4331,4875,2,546
1783,5,48,4858,4859,4878,1,20
1785,1,48,4864,4865,4881,1,17
1590,4,48,4332,4334,4884,2,552
1592,6,48,4338,4340,4887,2,549
1384,2,48,3770,3771,4890,1,1120
1595,3,48,4345,4347,4893,2,548
1789,5,48,4875,4877,4896,2,21
1791,1,48,4880,4881,4899,1,19
1596,4,48,4348,4349,4902,1,554
1795,5,48,4891,4892,4905,1,14
1390,2,48,3787,3788,4908,1,1121
1601,3,48,4361,4362,4911,1,550
1598,6,48,4354,4355,4914,1,560
1797,1,48,4896,4898,4917,2,21
1602,4,48,4364,4365,4920,1,556
1801,5,48,4907,4909,4923,2,16
1803,1,48,4913,4915,4926,2,13
1607,3,48,4378,4380,4929,2,551
1604,6,48,4370,4371,4932,1,562
1396,2,48,3803,3804,4935,1,1132
1608,4,48,4381,4382,4938,1,557
1807,5,48,4924,4925,4941,1,17
1809,1,48,4929,4931,4944,2,15
1613,3,48,4394,4395,4947,1,553
1610,6,48,4387,4388,4950,1,563
1402,2,48,3819,3821,4953,2,1134
1614,4,48,4397,4398,4956,1,559
1813,5,48,4940,4942,4959,2,19
1815,1,48,4945,4947,4962,2,17
1619,3,48,4410,4412,4965,2,555
1616,6,48,4403,4404,4968,1,565
1408,2,48,3836,3837,4971,1,1135
1620,4,48,4413,4415,4974,2,561
1819,5,48,4956,4958,4977,2,21
1821,1,48,4962,4964,4980,2,18
1625,3,48,4427,4428,4983,1,556
1825,5,48,4973,4975,4986,2,13
1414,2,48,3852,3854,4989,2,1137
1626,4,48,4430,4431,4992,1,562
1622,6,48,4419,4421,4995,2,576
1827,1,48,4978,4980,4998,2,20
1631,3,48,4443,4445,5001,2,558
1831,5,48,4989,4991,5004,2,15
1420,2,48,3868,3869,5007,1,1139
1632,4,48,4446,4448,5010,2,564
1628,6,48,4436,4437,5013,1,577
1833,1,48,4995,4997,5016,2,21
1637,3,48,4460,4461,5019,1,559
1837,5,48,5006,5008,5022,2,16
1839,1,48,5011,5013,5025,2,14
1638,4,48,4463,4464,5028,1,565
1634,6,48,4452,4454,5031,2,579
1426,2,48,3885,3887,5034,2,1149
1643,3,48,4476,4478,5037,2,561
1843,5,48,5022,5024,5040,2,18
1845,1,48,5027,5028,5043,1,16
1644,4,48,4479,4481,5046,2,567
1640,6,48,4469,4470,5049,1,580
1432,2,48,3901,3902,5052,1,1151
1649,3,48,4492,4494,5055,2,563
1849,5,48,5038,5039,5058,1,20
1851,1,48,5044,5045,5061,1,17
1650,4,48,4495,4496,5064,1,569
1646,6,48,4485,4487,5067,2,582
1438,2,48,3918,3920,5070,2,1152
1655,3,48,4509,4511,5073,2,564
1855,5,48,5055,5057,5076,2,21
1857,1,48,5060,5061,5079,1,19
1656,4,48,4512,4514,5082,2,570
1861,5,48,5071,5072,5085,1,14
1444,2,48,3934,3935,5088,1,1154
1661,3,48,4525,4527,5091,2,566
1652,6,48,4501,4502,5094,1,593
1863,1,48,5076,5078,5097,2,21
1662,4,48,4528,4529,5100,1,572
1867,5,48,5087,5089,5103,2,16
1869,1,48,5093,5095,5106,2,13
1667,3,48,4541,4542,5109,1,568
1658,6,48,4518,4520,5112,2,594
1450,2,48,3950,3951,5115,1,1165
1668,4,48,4544,4545,5118,1,574
1873,5,48,5104,5105,5121,1,17
1875,1,48,5109,5111,5124,2,15
1673,3,48,4558,4560,5127,2,569
1664,6,48,4534,4535,5130,1,596
1456,2,48,3967,3968,5133,1,1166
1674,4,48,4561,4562,5136,1,575
1879,5,48,5120,5122,5139,2,19
1881,1,48,5125,5127,5142,2,17
1679,3,48,4574,4575,5145,1,571
1670,6,48,4550,4551,5148,1,598
1462,2,48,3983,3984,5151,1,1168
1680,4,48,4577,4578,5154,1,577
1885,5,48,5136,5138,5157,2,21
1887,1,48,5142,5144,5160,2,18
1685,3,48,4590,4592,5163,2,573
1891,5,48,5153,5155,5166,2,13
1468,2,48,3999,4001,5169,2,1170
1686,4,48,4593,4595,5172,2,579
1676,6,48,4567,4568,5175,1,608
1893,1,48,5158,5160,5178,2,20
1691,3,48,4607,4608,5181,1,574
1897,5,48,5169,5171,5184,2,15
1474,2,48,4016,4017,5187,1,1171
1692,4,48,4610,4611,5190,1,580
1682,6,48,4583,4584,5193,1,610
1899,1,48,5175,5177,5196,2,21
1697,3,48,4623,4625,5199,2,576
1903,5,48,5186,5188,5202,2,16
1905,1,48,5191,5193,5205,2,14
1698,4,48,4626,4628,5208,2,582
1688,6,48,4599,4601,5211,2,612
1480,2,48,4032,4034,5214,2,1182
1703,3,48,4640,4641,5217,1,577
1909,5,48,5202,5204,5220,2,18
1911,1,48,5207,5208,5223,1,16
1704,4,48,4643,4644,5226,1,583
1694,6,48,4616,4617,5229,1,613
1486,2,48,4048,4049,5232,1,1184
1709,3,48,4656,4658,5235,2,579
1915,5,48,5218,5219,5238,1,20
1917,1,48,5224,5225,5241,1,17
1710,4,48,4659,4661,5244,2,585
1700,6,48,4632,4634,5247,2,615
1492,2,48,4065,4067,5250,2,1185
1715,3,48,4672,4674,5253,2,581
1921,5,48,5235,5237,5256,2,21
1923,1,48,5240,5241,5259,1,19
1716,4,48,4675,4676,5262,1,587
1927,5,48,5251,5252,5265,1,14
1498,2,48,4081,4082,5268,1,1187
1721,3,48,4689,4691,5271,2,582
1706,6,48,4649,4650,5274,1,625
1929,1,48,5256,5258,5277,2,21
1722,4,48,4692,4694,5280,2,588
1933,5,48,5267,5269,5283,2,16
1935,1,48,5273,5275,5286,2,13
1727,3,48,4705,4707,5289,2,584
1712,6,48,4665,4667,5292,2,627
1504,2,48,4098,4100,5295,2,1197
1728,4,48,4708,4709,5298,1,590
1939,5,48,5284,5285,5301,1,17
1941,1,48,5289,5291,5304,2,15
1733,3,48,4721,4722,5307,1,586
1718,6,48,4681,4682,5310,1,629
1510,2,48,4114,4115,5313,1,1199
1734,4,48,4724,4725,5316,1,592
1945,5,48,5300,5302,5319,2,19
1947,1,48,5305,5307,5322,2,17
1739,3,48,4738,4740,5325,2,587
1724,6,48,4698,4700,5328,2,630
1516,2,48,4130,4131,5331,1,1201
1740,4,48,4741,4742,5334,1,593
1951,5,48,5316,5318,5337,2,21
1953,1,48,5322,5324,5340,2,18
1745,3,48,4754,4755,5343,1,589
1957,5,48,5333,5335,5346,2,13
1522,2,48,4147,4148,5349,1,1202
1746,4,48,4757,4758,5352,1,595
1730,6,48,4714,4715,5355,1,641
1959,1,48,5338,5340,5358,2,20
1751,3,48,4770,4772,5361,2,591
1963,5,48,5349,5351,5364,2,15
1528,2,48,4163,4164,5367,1,1204
1752,4,48,4773,4775,5370,2,597
1736,6,48,4730,4731,5373,1,643
1965,1,48,5355,5357,5376,2,21
1757,3,48,4787,4788,5379,1,592
1969,5,48,5366,5368,5382,2,16
1971,1,48,5371,5373,5385,2,14
1758,4,48,4790,4791,5388,1,598
1742,6,48,4747,4748,5391,1,644
1534,2,48,4179,4181,5394,2,1215
1763,3,48,4803,4805,5397,2,594
1975,5,48,5382,5384,5400,2,18
1977,1,48,5387,5388,5403,1,16
1764,4,48,4806,4808,5406,2,600
1748,6,48,4763,4764,5409,1,646
1540,2,48,4196,4197,5412,1,1216
1769,3,48,4820,4821,5415,1,595
1981,5,48,5398,5399,5418,1,20
1983,1,48,5404,5405,5421,1,17
1770,4,48,4823,4824,5424,1,601
1754,6,48,4779,4781,5427,2,648
1546,2,48,4212,4214,5430,2,1218
1775,3,48,4836,4838,5433,2,597
1987,5,48,5415,5417,5436,2,21
1989,1,48,5420,5421,5439,1,19
1776,4,48,4839,4841,5442,2,603
1993,5,48,5431,5432,5445,1,14
1552,2,48,4228,4229,5448,1,1220
1781,3,48,4852,4854,5451,2,599
1760,6,48,4796,4797,5454,1,658
1995,1,48,5436,5438,5457,2,21
1782,4,48,4855,4856,5460,1,605
1999,5,48,5447,5449,5463,2,16
2001,1,48,5453,5455,5466,2,13
1787,3,48,4869,4871,5469,2,600
1766,6,48,4812,4814,5472,2,660
1558,2,48,4245,4247,5475,2,1230
1788,4,48,4872,4874,5478,2,606
2005,5,48,5464,5465,5481,1,17
2007,1,48,5469,5471,5484,2,15
1793,3,48,4885,4887,5487,2,602
1772,6,48,4829,4830,5490,1,661
1564,2,48,4261,4262,5493,1,1232
1794,4,48,4888,4889,5496,1,608
2011,5,48,5480,5482,5499,2,19
2013,1,48,5485,5487,5502,2,17
1799,3,48,4901,4902,5505,1,604
1778,6,48,4845,4847,5508,2,663
1570,2,48,4278,4280,5511,2,1233
1800,4,48,4904,4905,5514,1,610
2017,5,48,5496,5498,5517,2,21
2019,1,48,5502,5504,5520,2,18
1805,3,48,4918,4920,5523,2,605
2023,5,48,5513,5515,5526,2,13
1576,2,48,4294,4295,5529,1,1235
1806,4,48,4921,4922,5532,1,611
1784,6,48,4861,4862,5535,1,674
2025,1,48,5518,5520,5538,2,20
1811,3,48,4934,4935,5541,1,607
2029,5,48,5529,5531,5544,2,15
1582,2,48,4310,4311,5547,1,1237
1812,4,48,4937,4938,5550,1,613
1790,6,48,4878,4880,5553,2,675
2031,1,48,5535,5537,5556,2,21
1817,3,48,4950,4952,5559,2,609
2035,5,48,5546,5548,5562,2,16
2037,1,48,5551,5553,5565,2,14
1818,4,48,4953,4955,5568,2,615
1796,6,48,4894,4895,5571,1,677
1588,2,48,4327,4328,5574,1,1247
1823,3,48,4967,4968,5577,1,610
2041,5,48,5562,5564,5580,2,18
2043,1,48,5567,5568,5583,1,16
1824,4,48,4970,4971,5586,1,616
1802,6,48,4910,4911,5589,1,679
1594,2,48,4343,4344,5592,1,1249
1829,3,48,4983,4985,5595,2,612
2047,5,48,5578,5579,5598,1,20
2049,1,48,5584,5585,5601,1,17
1830,4,48,4986,4988,5604,2,618
1808,6,48,4927,4928,5607,1,680
1600,2,48,4359,4361,5610,2,1251
1835,3,48,5000,5001,5613,1,613
2053,5,48,5595,5597,5616,2,21
2055,1,48,5600,5601,5619,1,19
1836,4,48,5003,5004,5622,1,619
2059,5,48,5611,5612,5625,1,14
1606,2,48,4376,4377,5628,1,1252
1841,3,48,5016,5018,5631,2,615
1814,6,48,4943,4944,5634,1,691
2061,1,48,5616,5618,5637,2,21
1842,4,48,5019,5021,5640,2,621
2065,5,48,5627,5629,5643,2,16
2067,1,48,5633,5635,5646,2,13
1847,3,48,5032,5034,5649,2,617
1820,6,48,4959,4961,5652,2,693
1612,2,48,4392,4394,5655,2,1263
1848,4,48,5035,5036,5658,1,623
2071,5,48,5644,5645,5661,1,17
2073,1,48,5649,5651,5664,2,15
1853,3,48,5049,5051,5667,2,618
1826,6,48,4976,4977,5670,1,694
1618,2,48,4408,4409,5673,1,1265
1854,4,48,5052,5054,5676,2,624
2077,5,48,5660,5662,5679,2,19
2079,1,48,5665,5667,5682,2,17
1859,3,48,5065,5067,5685,2,620
1832,6,48,4992,4994,5688,2,696
1624,2,48,4425,4427,5691,2,1266
1860,4,48,5068,5069,5694,1,626
2083,5,48,5676,5678,5697,2,21
2085,1,48,5682,5684,5700,2,18
1865,3,48,5081,5082,5703,1,622
2089,5,48,5693,5695,5706,2,13
1630,2,48,4441,4442,5709,1,1268
1866,4,48,5084,5085,5712,1,628
1838,6,48,5009,5010,5715,1,706
2091,1,48,5698,5700,5718,2,20
1871,3,48,5098,5100,5721,2,623
2095,5,48,5709,5711,5724,2,15
1636,2,48,4458,4460,5727,2,1269
1872,4,48,5101,5102,5730,1,629
1844,6,48,5025,5027,5733,2,708
2097,1,48,5715,5717,5736,2,21
1877,3,48,5114,5115,5739,1,625
2101,5,48,5726,5728,5742,2,16
2103,1,48,5731,5733,5745,2,14
1878,4,48,5117,5118,5748,1,631
1850,6,48,5041,5042,5751,1,710
1642,2,48,4474,4475,5754,1,1280
1883,3,48,5130,5132,5757,2,627
2107,5,48,5742,5744,5760,2,18
2109,1,48,5747,5748,5763,1,16
1884,4,48,5133,5135,5766,2,633
1856,6,48,5058,5060,5769,2,711
1648,2,48,4490,4491,5772,1,1282
1889,3,48,5147,5148,5775,1,628
2113,5,48,5758,5759,5778,1,20
2115,1,48,5764,5765,5781,1,17
1890,4,48,5150,5151,5784,1,634
1862,6,48,5074,5075,5787,1,713
1654,2,48,4507,4508,5790,1,1283
1895,3,48,5163,5165,5793,2,630
2119,5,48,5775,5777,5796,2,21
2121,1,48,5780,5781,5799,1,19
1896,4,48,5166,5168,5802,2,636
2125,5,48,5791,5792,5805,1,14
1660,2,48,4523,4524,5808,1,1285
1901,3,48,5180,5181,5811,1,631
1868,6,48,5090,5091,5814,1,724
2127,1,48,5796,5798,5817,2,21
1902,4,48,5183,5184,5820,1,637
2131,5,48,5807,5809,5823,2,16
2133,1,48,5813,5815,5826,2,13
1907,3,48,5196,5198,5829,2,633
1874,6,48,5107,5108,5832,1,725
1666,2,48,4539,4541,5835,2,1296
1908,4,48,5199,5201,5838,2,639
2137,5,48,5824,5825,5841,1,17
2139,1,48,5829,5831,5844,2,15
1913,3,48,5212,5214,5847,2,635
1880,6,48,5123,5124,5850,1,727
1672,2,48,4556,4557,5853,1,1297
1914,4,48,5215,5216,5856,1,641
2143,5,48,5840,5842,5859,2,19
2145,1,48,5845,5847,5862,2,17
1919,3,48,5229,5231,5865,2,636
1886,6,48,5139,5141,5868,2,729
1678,2,48,4572,4574,5871,2,1299
1920,4,48,5232,5234,5874,2,642
2149,5,48,5856,5858,5877,2,21
2151,1,48,5862,5864,5880,2,18
1925,3,48,5245,5247,5883,2,638
2155,5,48,5873,5875,5886,2,13
1684,2,48,4588,4589,5889,1,1301
1926,4,48,5248,5249,5892,1,644
1892,6,48,5156,5157,5895,1,739
2157,1,48,5878,5880,5898,2,20
1931,3,48,5261,5262,5901,1,640
2161,5,48,5889,5891,5904,2,15
1690,2,48,4605,4607,5907,2,1302
1932,4,48,5264,5265,5910,1,646
1898,6,48,5172,5174,5913,2,741
2163,1,48,5895,5897,5916,2,21
1937,3,48,5278,5280,5919,2,641
2167,5,48,5906,5908,5922,2,16
2169,1,48,5911,5913,5925,2,14
1938,4,48,5281,5282,5928,1,647
1904,6,48,5189,5190,5931,1,742
1696,2,48,4621,4622,5934,1,1313
1943,3,48,5294,5295,5937,1,643
2173,5,48,5922,5924,5940,2,18
2175,1,48,5927,5928,5943,1,16
1944,4,48,5297,5298,5946,1,649
1910,6,48,5205,5207,5949,2,744
1702,2,48,4638,4640,5952,2,1314
1949,3,48,5310,5312,5955,2,645
2179,5,48,5938,5939,5958,1,20
2181,1,48,5944,5945,5961,1,17
1950,4,48,5313,5315,5964,2,651
1916,6,48,5221,5222,5967,1,746
1708,2,48,4654,4655,5970,1,1316
1955,3,48,5327,5328,5973,1,646
2185,5,48,5955,5957,5976,2,21
2187,1,48,5960,5961,5979,1,19
1956,4,48,5330,5331,5982,1,652
2191,5,48,5971,5972,5985,1,14
1714,2,48,4670,4671,5988,1,1318
1961,3,48,5343,5345,5991,2,648
1922,6,48,5238,5240,5994,2,756
2193,1,48,5976,5978,5997,2,21
1962,4,48,5346,5348,6000,2,654
2197,5,48,5987,5989,6003,2,16
2199,1,48,5993,5995,6006,2,13
1967,3,48,5360,5361,6009,1,649
1928,6,48,5254,5255,6012,1,758
1720,2,48,4687,4688,6015,1,1328
1968,4,48,5363,5364,6018,1,655
2203,5,48,6004,6005,6021,1,17
2205,1,48,6009,6011,6024,2,15
1973,3,48,5376,5378,6027,2,651
1934,6,48,5270,5271,6030,1,760
1726,2,48,4703,4704,6033,1,1330
1974,4,48,5379,5381,6036,2,657
2209,5,48,6020,6022,6039,2,19
2211,1,48,6025,6027,6042,2,17
1979,3,48,5392,5394,6045,2,653
1940,6,48,5287,5288,6048,1,761
1732,2,48,4719,4721,6051,2,1332
1980,4,48,5395,5396,6054,1,659
2215,5,48,6036,6038,6057,2,21
2217,1,48,6042,6044,6060,2,18
1985,3,48,5409,5411,6063,2,654
2221,5,48,6053,6055,6066,2,13
1738,2,48,4736,4737,6069,1,1333
1986,4,48,5412,5414,6072,2,660
1946,6,48,5303,5304,6075,1,772
2223,1,48,6058,6060,6078,2,20
1991,3,48,5425,5427,6081,2,656
2227,5,48,6069,6071,6084,2,15
1744,2,48,4752,4754,6087,2,1335
1992,4,48,5428,5429,6090,1,662
1952,6,48,5319,5321,6093,2,774
2229,1,48,6075,6077,6096,2,21
1997,3,48,5441,5442,6099,1,658
2233,5,48,6086,6088,6102,2,16
2235,1,48,6091,6093,6105,2,14
1998,4,48,5444,5445,6108,1,664
1958,6,48,5336,5337,6111,1,775
1750,2,48,4768,4769,6114,1,1346
2003,3,48,5458,5460,6117,2,659
2239,5,48,6102,6104,6120,2,18
2241,1,48,6107,6108,6123,1,16
2004,4,48,5461,5462,6126,1,665
1964,6,48,5352,5354,6129,2,777
1756,2,48,4785,4787,6132,2,1347
2009,3,48,5474,5475,6135,1,661
2245,5,48,6118,6119,6138,1,20
2247,1,48,6124,6125,6141,1,17
2010,4,48,5477,5478,6144,1,667
1970,6,48,5369,5370,6147,1,778
1762,2,48,4801,4802,6150,1,1349
2015,3,48,5490,5492,6153,2,663
2251,5,48,6135,6137,6156,2,21
2253,1,48,6140,6141,6159,1,19
2016,4,48,5493,5495,6162,2,669
2257,5,48,6151,6152,6165,1,14
1768,2,48,4818,4820,6168,2,1350
2021,3,48,5507,5508,6171,1,664
1976,6,48,5385,5387,6174,2,789
2259,1,48,6156,6158,6177,2,21
2022,4,48,5510,5511,6180,1,670
2263,5,48,6167,6169,6183,2,16
2265,1,48,6173,6175,6186,2,13
2027,3,48,5523,5525,6189,2,666
1982,6,48,5401,5402,6192,1,791
1774,2,48,4834,4835,6195,1,1361
2028,4,48,5526,5528,6198,2,672
2269,5,48,6184,6185,6201,1,17
2271,1,48,6189,6191,6204,2,15
2033,3,48,5540,5541,6207,1,667
1988,6,48,5418,5420,6210,2,792
1780,2,48,4850,4851,6213,1,1363
2034,4,48,5543,5544,6216,1,673
2275,5,48,6200,6202,6219,2,19
2277,1,48,6205,6207,6222,2,17
2039,3,48,5556,5558,6225,2,669
1994,6,48,5434,5435,6228,1,794
1786,2,48,4867,4868,6231,1,1364
2040,4,48,5559,5561,6234,2,675
2281,5,48,6216,6218,6237,2,21
2283,1,48,6222,6224,6240,2,18
2045,3,48,5572,5574,6243,2,671
2287,5,48,6233,6235,6246,2,13
1792,2,48,4883,4884,6249,1,1366
2046,4,48,5575,5576,6252,1,677
2000,6,48,5450,5451,6255,1,805
2289,1,48,6238,6240,6258,2,20
2051,3,48,5589,5591,6261,2,672
2293,5,48,6249,6251,6264,2,15
1798,2,48,4899,4901,6267,2,1368
2052,4,48,5592,5594,6270,2,678
2006,6,48,5467,5468,6273,1,806
2295,1,48,6255,6257,6276,2,21
2057,3,48,5605,5607,6279,2,674
2299,5,48,6266,6268,6282,2,16
2301,1,48,6271,6273,6285,2,14
2058,4,48,5608,5609,6288,1,680
2012,6,48,5483,5484,6291,1,808
1804,2,48,4916,4917,6294,1,1378
2063,3,48,5621,5622,6297,1,676
2305,5,48,6282,6284,6300,2,18
2307,1,48,6287,6288,6303,1,16
2064,4,48,5624,5625,6306,1,682
2018,6,48,5499,5501,6309,2,810
1810,2,48,4932,4934,6312,2,1380
2069,3,48,5638,5640,6315,2,677
2311,5,48,6298,6299,6318,1,20
2313,1,48,6304,6305,6321,1,17
2070,4,48,5641,5642,6324,1,683
2024,6,48,5516,5517,6327,1,811
1816,2,48,4948,4949,6330,1,1382
2075,3,48,5654,5655,6333,1,679
2317,5,48,6315,6317,6336,2,21
2319,1,48,6320,6321,6339,1,19
2076,4,48,5657,5658,6342,1,685
2323,5,48,6331,6332,6345,1,14
1822,2,48,4965,4967,6348,2,1383
2081,3,48,5670,5672,6351,2,681
2030,6,48,5532,5534,6354,2,822
2325,1,48,6336,6338,6357,2,21
2082,4,48,5673,5675,6360,2,687
2329,5,48,6347,6349,6363,2,16
2331,1,48,6353,6355,6366,2,13
2087,3,48,5687,5688,6369,1,682
2036,6,48,5549,5550,6372,1,823
1828,2,48,4981,4982,6375,1,1394
2088,4,48,5690,5691,6378,1,688
2335,5,48,6364,6365,6381,1,17
2337,1,48,6369,6371,6384,2,15
2093,3,48,5703,5705,6387,2,684
2042,6,48,5565,5567,6390,2,825
1834,2,48,4998,5000,6393,2,1395
2094,4,48,5706,5708,6396,2,690
2341,5,48,6380,6382,6399,2,19
2343,1,48,6385,6387,6402,2,17
2099,3,48,5720,5721,6405,1,685
2048,6,48,5581,5582,6408,1,827
1840,2,48,5014,5015,6411,1,1397
2100,4,48,5723,5724,6414,1,691
2347,5,48,6396,6398,6417,2,21
2349,1,48,6402,6404,6420,2,18
2105,3,48,5736,5738,6423,2,687
2353,5,48,6413,6415,6426,2,13
1846,2,48,5030,5031,6429,1,1399
2106,4,48,5739,5741,6432,2,693
2054,6,48,5598,5600,6435,2,837
2355,1,48,6418,6420,6438,2,20
2111,3,48,5752,5754,6441,2,689
2359,5,48,6429,6431,6444,2,15
1852,2,48,5047,5048,6447,1,1400
2112,4,48,5755,5756,6450,1,695
2060,6,48,5614,5615,6453,1,839
2361,1,48,6435,6437,6456,2,21
2117,3,48,5769,5771,6459,2,690
2365,5,48,6446,6448,6462,2,16
2367,1,48,6451,6453,6465,2,14
2118,4,48,5772,5774,6468,2,696
2066,6,48,5630,5631,6471,1,841
1858,2,48,5063,5064,6474,1,1411
2123,3,48,5785,5787,6477,2,692
2371,5,48,6462,6464,6480,2,18
2373,1,48,6467,6468,6483,1,16
2124,4,48,5788,5789,6486,1,698
2072,6,48,5647,5648,6489,1,842
1864,2,48,5079,5081,6492,2,1413
2129,3,48,5801,5802,6495,1,694
2377,5,48,6478,6479,6498,1,20
2379,1,48,6484,6485,6501,1,17
2130,4,48,5804,5805,6504,1,700
2078,6,48,5663,5664,6507,1,844
1870,2,48,5096,5097,6510,1,1414
2135,3,48,5818,5820,6513,2,695
2383,5,48,6495,6497,6516,2,21
2385,1,48,6500,6501,6519,1,19
2136,4,48,5821,5822,6522,1,701
2389,5,48,6511,6512,6525,1,14
1876,2,48,5112,5114,6528,2,1416
2141,3,48,5834,5835,6531,1,697
2084,6,48,5679,5681,6534,2,855
2391,1,48,6516,6518,6537,2,21
2142,4,48,5837,5838,6540,1,703
2395,5,48,6527,6529,6543,2,16
2397,1,48,6533,6535,6546,2,13
2147,3,48,5850,5852,6549,2,699
2090,6,48,5696,5697,6552,1,856
1882,2,48,5128,5129,6555,1,1427
2148,4,48,5853,5855,6558,2,705
2401,5,48,6544,6545,6561,1,17
2403,1,48,6549,6551,6564,2,15
2153,3,48,5867,5868,6567,1,700
2096,6,48,5712,5714,6570,2,858
1888,2,48,5145,5147,6573,2,1428
2154,4,48,5870,5871,6576,1,706
2407,5,48,6560,6562,6579,2,19
2409,1,48,6565,6567,6582,2,17
2159,3,48,5883,5885,6585,2,702
2102,6,48,5729,5730,6588,1,859
1894,2,48,5161,5162,6591,1,1430
2160,4,48,5886,5888,6594,2,708
2413,5,48,6576,6578,6597,2,21
2415,1,48,6582,6584,6600,2,18
2165,3,48,5900,5901,6603,1,703
2419,5,48,6593,6595,6606,2,13
1900,2,48,5178,5180,6609,2,1431
2166,4,48,5903,5904,6612,1,709
2108,6,48,5745,5747,6615,2,870
2421,1,48,6598,6600,6618,2,20
2171,3,48,5916,5918,6621,2,705
2425,5,48,6609,6611,6624,2,15
1906,2,48,5194,5195,6627,1,1433
2172,4,48,5919,5921,6630,2,711
2114,6,48,5761,5762,6633,1,872
2427,1,48,6615,6617,6636,2,21
2177,3,48,5932,5934,6639,2,707
2431,5,48,6626,6628,6642,2,16
2433,1,48,6631,6633,6645,2,14
2178,4,48,5935,5936,6648,1,713
2120,6,48,5778,5780,6651,2,873
1912,2,48,5210,5211,6654,1,1444
2183,3,48,5949,5951,6657,2,708
2437,5,48,6642,6644,6660,2,18
2439,1,48,6647,6648,6663,1,16
2184,4,48,5952,5954,6666,2,714
2126,6,48,5794,5795,6669,1,875
1918,2,48,5227,5228,6672,1,1445
2189,3,48,5965,5967,6675,2,710
2443,5,48,6658,6659,6678,1,20
2445,1,48,6664,6665,6681,1,17
2190,4,48,5968,5969,6684,1,716
2132,6,48,5810,5811,6687,1,877
1924,2,48,5243,5244,6690,1,1447
2195,3,48,5981,5982,6693,1,712
2449,5,48,6675,6677,6696,2,21
2451,1,48,6680,6681,6699,1,19
2196,4,48,5984,5985,6702,1,718
2455,5,48,6691,6692,6705,1,14
1930,2,48,5259,5261,6708,2,1449
2201,3,48,5998,6000,6711,2,713
2138,6,48,5827,5828,6714,1,887
2457,1,48,6696,6698,6717,2,21
2202,4,48,6001,6002,6720,1,719
2461,5,48,6707,6709,6723,2,16
2463,1,48,6713,6715,6726,2,13
2207,3,48,6014,6015,6729,1,715
2144,6,48,5843,5844,6732,1,889
1936,2,48,5276,5277,6735,1,1459
2208,4,48,6017,6018,6738,1,721
2467,5,48,6724,6725,6741,1,17
2469,1,48,6729,6731,6744,2,15
2213,3,48,6030,6032,6747,2,717
2150,6,48,5859,5861,6750,2,891
1942,2,48,5292,5294,6753,2,1461
2214,4,48,6033,6035,6756,2,723
2473,5,48,6740,6742,6759,2,19
2475,1,48,6745,6747,6762,2,17
2219,3,48,6047,6048,6765,1,718
2156,6,48,5876,5877,6768,1,892
1948,2,48,5308,5309,6771,1,1463
2220,4,48,6050,6051,6774,1,724
2479,5,48,6756,6758,6777,2,21
2481,1,48,6762,6764,6780,2,18
2225,3,48,6063,6065,6783,2,720
2485,5,48,6773,6775,6786,2,13
1954,2,48,5325,5327,6789,2,1464
2226,4,48,6066,6068,6792,2,726
2162,6,48,5892,5894,6795,2,903
2487,1,48,6778,6780,6798,2,20
2231,3,48,6080,6081,6801,1,721
2491,5,48,6789,6791,6804,2,15
1960,2,48,5341,5342,6807,1,1466
2232,4,48,6083,6084,6810,1,727
2168,6,48,5909,5910,6813,1,904
2493,1,48,6795,6797,6816,2,21
2237,3,48,6096,6098,6819,2,723
2497,5,48,6806,6808,6822,2,16
2499,1,48,6811,6813,6825,2,14
2238,4,48,6099,6101,6828,2,729
2174,6,48,5925,5927,6831,2,906
1966,2,48,5358,5360,6834,2,1476
2243,3,48,6112,6114,6837,2,725
2503,5,48,6822,6824,6840,2,18
2505,1,48,6827,6828,6843,1,16
2244,4,48,6115,6116,6846,1,731
2180,6,48,5941,5942,6849,1,908
1972,2,48,5374,5375,6852,1,1478
2249,3,48,6129,6131,6855,2,726
2509,5,48,6838,6839,6858,1,20
2511,1,48,6844,6845,6861,1,17
2250,4,48,6132,6134,6864,2,732
2186,6,48,5958,5960,6867,2,909
1978,2,48,5390,5391,6870,1,1480
2255,3,48,6145,6147,6873,2,728
2515,5,48,6855,6857,6876,2,21
2517,1,48,6860,6861,6879,1,19
2256,4,48,6148,6149,6882,1,734
2521,5,48,6871,6872,6885,1,14
1984,2,48,5407,5408,6888,1,1481
2261,3,48,6161,6162,6891,1,730
2192,6,48,5974,5975,6894,1,920
2523,1,48,6876,6878,6897,2,21
2262,4,48,6164,6165,6900,1,736
2527,5,48,6887,6889,6903,2,16
2529,1,48,6893,6895,6906,2,13
2267,3,48,6178,6180,6909,2,731
2198,6,48,5990,5991,6912,1,922
1990,2,48,5423,5424,6915,1,1492
2268,4,48,6181,6182,6918,1,737
2533,5,48,6904,6905,6921,1,17
2535,1,48,6909,6911,6924,2,15
2273,3,48,6194,6195,6927,1,733
2204,6,48,6007,6008,6930,1,923
1996,2,48,5439,5441,6933,2,1494
2274,4,48,6197,6198,6936,1,739
2539,5,48,6920,6922,6939,2,19
2541,1,48,6925,6927,6942,2,17
2279,3,48,6210,6212,6945,2,735
2210,6,48,6023,6024,6948,1,925
2002,2,48,5456,5457,6951,1,1495
2280,4,48,6213,6215,6954,2,741
2545,5,48,6936,6938,6957,2,21
2547,1,48,6942,6944,6960,2,18
2285,3,48,6227,6228,6963,1,736
2551,5,48,6953,6955,6966,2,13
2008,2,48,5472,5474,6969,2,1497
2286,4,48,6230,6231,6972,1,742
2216,6,48,6039,6041,6975,2,936
2553,1,48,6958,6960,6978,2,20
2291,3,48,6243,6245,6981,2,738
2557,5,48,6969,6971,6984,2,15
2014,2,48,5488,5489,6987,1,1499
2292,4,48,6246,6248,6990,2,744
2222,6,48,6056,6057,6993,1,937
2559,1,48,6975,6977,6996,2,21
2297,3,48,6260,6261,6999,1,739
2563,5,48,6986,6988,7002,2,16
2565,1,48,6991,6993,7005,2,14
2298,4,48,6263,6264,7008,1,745
2228,6,48,6072,6074,7011,2,939
2020,2,48,5505,5507,7014,2,1509
2303,3,48,6276,6278,7017,2,741
2569,5,48,7002,7004,7020,2,18
2571,1,48,7007,7008,7023,1,16
2304,4,48,6279,6281,7026,2,747
2234,6,48,6089,6090,7029,1,940
2026,2,48,5521,5522,7032,1,1511
2309,3,48,6292,6294,7035,2,743
2575,5,48,7018,7019,7038,1,20
2577,1,48,7024,7025,7041,1,17
2310,4,48,6295,6296,7044,1,749
2240,6,48,6105,6107,7047,2,942
2032,2,48,5538,5540,7050,2,1512
2315,3,48,6309,6311,7053,2,744
2581,5,48,7035,7037,7056,2,21
2583,1,48,7040,7041,7059,1,19
2316,4,48,6312,6314,7062,2,750
2587,5,48,7051,7052,7065,1,14
2038,2,48,5554,5555,7068,1,1514
2321,3,48,6325,6327,7071,2,746
2246,6,48,6121,6122,7074,1,953
2589,1,48,7056,7058,7077,2,21
2322,4,48,6328,6329,7080,1,752
2593,5,48,7067,7069,7083,2,16
2595,1,48,7073,7075,7086,2,13
2327,3,48,6341,6342,7089,1,748
2252,6,48,6138,6140,7092,2,954
2044,2,48,5570,5571,7095,1,1525
2328,4,48,6344,6345,7098,1,754
2599,5,48,7084,7085,7101,1,17
2601,1,48,7089,7091,7104,2,15
2333,3,48,6358,6360,7107,2,749
2258,6,48,6154,6155,7110,1,956
2050,2,48,5587,5588,7113,1,1526
2334,4,48,6361,6362,7116,1,755
2605,5,48,7100,7102,7119,2,19
2607,1,48,7105,7107,7122,2,17
2339,3,48,6374,6375,7125,1,751
2264,6,48,6170,6171,7128,1,958
2056,2,48,5603,5604,7131,1,1528
2340,4,48,6377,6378,7134,1,757
2611,5,48,7116,7118,7137,2,21
2613,1,48,7122,7124,7140,2,18
2345,3,48,6390,6392,7143,2,753
2617,5,48,7133,7135,7146,2,13
2062,2,48,5619,5621,7149,2,1530
2346,4,48,6393,6395,7152,2,759
2270,6,48,6187,6188,7155,1,968
2619,1,48,7138,7140,7158,2,20
2351,3,48,6407,6408,7161,1,754
2623,5,48,7149,7151,7164,2,15
2068,2,48,5636,5637,7167,1,1531
2352,4,48,6410,6411,7170,1,760
2276,6,48,6203,6204,7173,1,970
2625,1,48,7155,7157,7176,2,21
2357,3,48,6423,6425,7179,2,756
2629,5,48,7166,7168,7182,2,16
2631,1,48,7171,7173,7185,2,14
2358,4,48,6426,6428,7188,2,762
2282,6,48,6219,6221,7191,2,972
2074,2,48,5652,5654,7194,2,1542
2363,3,48,6440,6441,7197,1,757
2635,5,48,7182,7184,7200,2,18
2637,1,48,7187,7188,7203,1,16
2364,4,48,6443,6444,7206,1,763
2288,6,48,6236,6237,7209,1,973
2080,2,48,5668,5669,7212,1,1544
2369,3,48,6456,6458,7215,2,759
2641,5,48,7198,7199,7218,1,20
2643,1,48,7204,7205,7221,1,17
2370,4,48,6459,6461,7224,2,765
2294,6,48,6252,6254,7227,2,975
2086,2,48,5685,5687,7230,2,1545
2375,3,48,6472,6474,7233,2,761
2647,5,48,7215,7217,7236,2,21
2649,1,48,7220,7221,7239,1,19
2376,4,48,6475,6476,7242,1,767
2653,5,48,7231,7232,7245,1,14
2092,2,48,5701,5702,7248,1,1547
2381,3,48,6489,6491,7251,2,762
2300,6,48,6269,6270,7254,1,985
2655,1,48,7236,7238,7257,2,21
2382,4,48,6492,6494,7260,2,768
2659,5,48,7247,7249,7263,2,16
2661,1,48,7253,7255,7266,2,13
2387,3,48,6505,6507,7269,2,764
2306,6,48,6285,6287,7272,2,987
2098,2,48,5718,5720,7275,2,1557
2388,4,48,6508,6509,7278,1,770
2665,5,48,7264,7265,7281,1,17
2667,1,48,7269,7271,7284,2,15
2393,3,48,6521,6522,7287,1,766
2312,6,48,6301,6302,7290,1,989
2104,2,48,5734,5735,7293,1,1559
2394,4,48,6524,6525,7296,1,772
2671,5,48,7280,7282,7299,2,19
2673,1,48,7285,7287,7302,2,17
2399,3,48,6538,6540,7305,2,767
2318,6,48,6318,6320,7308,2,990
2110,2,48,5750,5751,7311,1,1561
2400,4,48,6541,6542,7314,1,773
2677,5,48,7296,7298,7317,2,21
2679,1,48,7302,7304,7320,2,18
2405,3,48,6554,6555,7323,1,769
2683,5,48,7313,7315,7326,2,13
2116,2,48,5767,5768,7329,1,1562
2406,4,48,6557,6558,7332,1,775
2324,6,48,6334,6335,7335,1,1001
2685,1,48,7318,7320,7338,2,20
2411,3,48,6570,6572,7341,2,771
2689,5,48,7329,7331,7344,2,15
2122,2,48,5783,5784,7347,1,1564
2412,4,48,6573,6575,7350,2,777
2330,6,48,6350,6351,7353,1,1003
2691,1,48,7335,7337,7356,2,21
2417,3,48,6587,6588,7359,1,772
2695,5,48,7346,7348,7362,2,16
2697,1,48,7351,7353,7365,2,14
2418,4,48,6590,6591,7368,1,778
2336,6,48,6367,6368,7371,1,1004
2128,2,48,5799,5801,7374,2,1575
2423,3,48,6603,6605,7377,2,774
2701,5,48,7362,7364,7380,2,18
2703,1,48,7367,7368,7383,1,16
2424,4,48,6606,6608,7386,2,780
2342,6,48,6383,6384,7389,1,1006
2134,2,48,5816,5817,7392,1,1576
2429,3,48,6620,6621,7395,1,775
2707,5,48,7378,7379,7398,1,20
2709,1,48,7384,7385,7401,1,17
2430,4,48,6623,6624,7404,1,781
2348,6,48,6399,6401,7407,2,1008
2140,2,48,5832,5834,7410,2,1578
2435,3,48,6636,6638,7413,2,777
2713,5,48,7395,7397,7416,2,21
2715,1,48,7400,7401,7419,1,19
2436,4,48,6639,6641,7422,2,783
2719,5,48,7411,7412,7425,1,14
2146,2,48,5848,5849,7428,1,1580
2441,3,48,6652,6654,7431,2,779
2354,6,48,6416,6417,7434,1,1018
2721,1,48,7416,7418,7437,2,21
2442,4,48,6655,6656,7440,1,785
2725,5,48,7427,7429,7443,2,16
2727,1,48,7433,7435,7446,2,13
2447,3,48,6669,6671,7449,2,780
2360,6,48,6432,6434,7452,2,1020
2152,2,48,5865,5867,7455,2,1590
2448,4,48,6672,6674,7458,2,786
2731,5,48,7444,7445,7461,1,17
2733,1,48,7449,7451,7464,2,15
2453,3,48,6685,6687,7467,2,782
2366,6,48,6449,6450,7470,1,1021
2158,2,48,5881,5882,7473,1,1592
2454,4,48,6688,6689,7476,1,788
2737,5,48,7460,7462,7479,2,19
2739,1,48,7465,7467,7482,2,17
2459,3,48,6701,6702,7485,1,784
2372,6,48,6465,6467,7488,2,1023
2164,2,48,5898,5900,7491,2,1593
2460,4,48,6704,6705,7494,1,790
2743,5,48,7476,7478,7497,2,21
2745,1,48,7482,7484,7500,2,18
2465,3,48,6718,6720,7503,2,785
2749,5,48,7493,7495,7506,2,13
2170,2,48,5914,5915,7509,1,1595
2466,4,48,6721,6722,7512,1,791
2378,6,48,6481,6482,7515,1,1034
2751,1,48,7498,7500,7518,2,20
2471,3,48,6734,6735,7521,1,787
2755,5,48,7509,7511,7524,2,15
2176,2,48,5930,5931,7527,1,1597
2472,4,48,6737,6738,7530,1,793
2384,6,48,6498,6500,7533,2,1035
2757,1,48,7515,7517,7536,2,21
2477,3,48,6750,6752,7539,2,789
2761,5,48,7526,7528,7542,2,16
2763,1,48,7531,7533,7545,2,14
2478,4,48,6753,6755,7548,2,795
2390,6,48,6514,6515,7551,1,1037
2182,2,48,5947,5948,7554,1,1607
2483,3,48,6767,6768,7557,1,790
2767,5,48,7542,7544,7560,2,18
2769,1,48,7547,7548,7563,1,16
2484,4,48,6770,6771,7566,1,796
2396,6,48,6530,6531,7569,1,1039
2188,2,48,5963,5964,7572,1,1609
2489,3,48,6783,6785,7575,2,792
2773,5,48,7558,7559,7578,1,20
2775,1,48,7564,7565,7581,1,17
2490,4,48,6786,6788,7584,2,798
2402,6,48,6547,6548,7587,1,1040
2194,2,48,5979,5981,7590,2,1611
2495,3,48,6800,6801,7593,1,793
2779,5,48,7575,7577,7596,2,21
2781,1,48,7580,7581,7599,1,19
2496,4,48,6803,6804,7602,1,799
2785,5,48,7591,7592,7605,1,14
2200,2,48,5996,5997,7608,1,1612
2501,3,48,6816,6818,7611,2,795
2408,6,48,6563,6564,7614,1,1051
2787,1,48,7596,7598,7617,2,21
2502,4,48,6819,6821,7620,2,801
2791,5,48,7607,7609,7623,2,16
2793,1,48,7613,7615,7626,2,13
2507,3,48,6832,6834,7629,2,797
2414,6,48,6579,6581,7632,2,1053
2206,2,48,6012,6014,7635,2,1623
2508,4,48,6835,6836,7638,1,803
2797,5,48,7624,7625,7641,1,17
2799,1,48,7629,7631,7644,2,15
2513,3,48,6849,6851,7647,2,798
2420,6,48,6596,6597,7650,1,1054
2212,2,48,6028,6029,7653,1,1625
2514,4,48,6852,6854,7656,2,804
2803,5,48,7640,7642,7659,2,19
2805,1,48,7645,7647,7662,2,17
2519,3,48,6865,6867,7665,2,800
2426,6,48,6612,6614,7668,2,1056
2218,2,48,6045,6047,7671,2,1626
2520,4,48,6868,6869,7674,1,806
2809,5,48,7656,7658,7677,2,21
2811,1,48,7662,7664,7680,2,18
2525,3,48,6881,6882,7683,1,802
2815,5,48,7673,7675,7686,2,13
2224,2,48,6061,6062,7689,1,1628
2526,4,48,6884,6885,7692,1,808
2432,6,48,6629,6630,7695,1,1066
2817,1,48,7678,7680,7698,2,20
2531,3,48,6898,6900,7701,2,803
2821,5,48,7689,7691,7704,2,15
2230,2,48,6078,6080,7707,2,1629
2532,4,48,6901,6902,7710,1,809
2438,6,48,6645,6647,7713,2,1068
2823,1,48,7695,7697,7716,2,21
2537,3,48,6914,6915,7719,1,805
2827,5,48,7706,7708,7722,2,16
2829,1,48,7711,7713,7725,2,14
2538,4,48,6917,6918,7728,1,811
2444,6,48,6661,6662,7731,1,1070
2236,2,48,6094,6095,7734,1,1640
2543,3,48,6930,6932,7737,2,807
2833,5,48,7722,7724,7740,2,18
2835,1,48,7727,7728,7743,1,16
2544,4,48,6933,6935,7746,2,813
2450,6,48,6678,6680,7749,2,1071
2242,2,48,6110,6111,7752,1,1642
2549,3,48,6947,6948,7755,1,808
2839,5,48,7738,7739,7758,1,20
2841,1,48,7744,7745,7761,1,17
2550,4,48,6950,6951,7764,1,814
2456,6,48,6694,6695,7767,1,1073
2248,2,48,6127,6128,7770,1,1643
2555,3,48,6963,6965,7773,2,810
2845,5,48,7755,7757,7776,2,21
2847,1,48,7760,7761,7779,1,19
2556,4,48,6966,6968,7782,2,816
2851,5,48,7771,7772,7785,1,14
2254,2,48,6143,6144,7788,1,1645
2561,3,48,6980,6981,7791,1,811
2462,6,48,6710,6711,7794,1,1084
2853,1,48,7776,7778,7797,2,21
2562,4,48,6983,6984,7800,1,817
2857,5,48,7787,7789,7803,2,16
2859,1,48,7793,7795,7806,2,13
2567,3,48,6996,6998,7809,2,813
2468,6,48,6727,6728,7812,1,1085
2260,2,48,6159,6161,7815,2,1656
2568,4,48,6999,7001,7818,2,819
2863,5,48,7804,7805,7821,1,17
2865,1,48,7809,7811,7824,2,15
2573,3,48,7012,7014,7827,2,815
2474,6,48,6743,6744,7830,1,1087
2266,2,48,6176,6177,7833,1,1657
2574,4,48,7015,7016,7836,1,821
2869,5,48,7820,7822,7839,2,19
2871,1,48,7825,7827,7842,2,17
2579,3,48,7029,7031,7845,2,816
2480,6,48,6759,6761,7848,2,1089
2272,2,48,6192,6194,7851,2,1659
2580,4,48,7032,7034,7854,2,822
2875,5,48,7836,7838,7857,2,21
2877,1,48,7842,7844,7860,2,18
2585,3,48,7045,7047,7863,2,818
2881,5,48,7853,7855,7866,2,13
2278,2,48,6208,6209,7869,1,1661
2586,4,48,7048,7049,7872,1,824
2486,6,48,6776,6777,7875,1,1099
2883,1,48,7858,7860,7878,2,20
2591,3,48,7061,7062,7881,1,820
2887,5,48,7869,7871,7884,2,15
2284,2,48,6225,6227,7887,2,1662
2592,4,48,7064,7065,7890,1,826
2492,6,48,6792,6794,7893,2,1101
2889,1,48,7875,7877,7896,2,21
2597,3,48,7078,7080,7899,2,821
2893,5,48,7886,7888,7902,2,16
2895,1,48,7891,7893,7905,2,14
2598,4,48,7081,7082,7908,1,827
2498,6,48,6809,6810,7911,1,1102
2290,2,48,6241,6242,7914,1,1673
2603,3,48,7094,7095,7917,1,823
2899,5,48,7902,7904,7920,2,18
2901,1,48,7907,7908,7923,1,16
2604,4,48,7097,7098,7926,1,829
2504,6,48,6825,6827,7929,2,1104
2296,2,48,6258,6260,7932,2,1674
2609,3,48,7110,7112,7935,2,825
2905,5,48,7918,7919,7938,1,20
2907,1,48,7924,7925,7941,1,17
2610,4,48,7113,7115,7944,2,831
2510,6,48,6841,6842,7947,1,1106
2302,2,48,6274,6275,7950,1,1676
2615,3,48,7127,7128,7953,1,826
2911,5,48,7935,7937,7956,2,21
2913,1,48,7940,7941,7959,1,19
2616,4,48,7130,7131,7962,1,832
2917,5,48,7951,7952,7965,1,14
2308,2,48,6290,6291,7968,1,1678
2621,3,48,7143,7145,7971,2,828
2516,6,48,6858,6860,7974,2,1116
2919,1,48,7956,7958,7977,2,21
2622,4,48,7146,7148,7980,2,834
2923,5,48,7967,7969,7983,2,16
2925,1,48,7973,7975,7986,2,13
2627,3,48,7160,7161,7989,1,829
2522,6,48,6874,6875,7992,1,1118
2314,2,48,6307,6308,7995,1,1688
2628,4,48,7163,7164,7998,1,835
2929,5,48,7984,7985,8001,1,17
2931,1,48,7989,7991,8004,2,15
2633,3,48,7176,7178,8007,2,831
2528,6,48,6890,6891,8010,1,1120
2320,2,48,6323,6324,8013,1,1690
2634,4,48,7179,7181,8016,2,837
2935,5,48,8000,8002,8019,2,19
2937,1,48,8005,8007,8022,2,17
2639,3,48,7192,7194,8025,2,833
2534,6,48,6907,6908,8028,1,1121
2326,2,48,6339,6341,8031,2,1692
2640,4,48,7195,7196,8034,1,839
2941,5,48,8016,8018,8037,2,21
2943,1,48,8022,8024,8040,2,18
2645,3,48,7209,7211,8043,2,834
2947,5,48,8033,8035,8046,2,13
2332,2,48,6356,6357,8049,1,1693
2646,4,48,7212,7214,8052,2,840
2540,6,48,6923,6924,8055,1,1132
2949,1,48,8038,8040,8058,2,20
2651,3,48,7225,7227,8061,2,836
2953,5,48,8049,8051,8064,2,15
2338,2,48,6372,6374,8067,2,1695
2652,4,48,7228,7229,8070,1,842
2546,6,48,6939,6941,8073,2,1134
2955,1,48,8055,8057,8076,2,21
2657,3,48,7241,7242,8079,1,838
2959,5,48,8066,8068,8082,2,16
2961,1,48,8071,8073,8085,2,14
2658,4,48,7244,7245,8088,1,844
2552,6,48,6956,6957,8091,1,1135
2344,2,48,6388,6389,8094,1,1706
2663,3,48,7258,7260,8097,2,839
2965,5,48,8082,8084,8100,2,18
2967,1,48,8087,8088,8103,1,16
2664,4,48,7261,7262,8106,1,845
2558,6,48,6972,6974,8109,2,1137
2350,2,48,6405,6407,8112,2,1707
2669,3,48,7274,7275,8115,1,841
2971,5,48,8098,8099,8118,1,20
2973,1,48,8104,8105,8121,1,17
2670,4,48,7277,7278,8124,1,847
2564,6,48,6989,6990,8127,1,1138
2356,2,48,6421,6422,8130,1,1709
2675,3,48,7290,7292,8133,2,843
2977,5,48,8115,8117,8136,2,21
2979,1,48,8120,8121,8139,1,19
2676,4,48,7293,7295,8142,2,849
2983,5,48,8131,8132,8145,1,14
2362,2,48,6438,6440,8148,2,1710
2681,3,48,7307,7308,8151,1,844
2570,6,48,7005,7007,8154,2,1149
2985,1,48,8136,8138,8157,2,21
2682,4,48,7310,7311,8160,1,850
2989,5,48,8147,8149,8163,2,16
2991,1,48,8153,8155,8166,2,13
2687,3,48,7323,7325,8169,2,846
2576,6,48,7021,7022,8172,1,1151
2368,2,48,6454,6455,8175,1,1721
2688,4,48,7326,7328,8178,2,852
2995,5,48,8164,8165,8181,1,17
2997,1,48,8169,8171,8184,2,15
2693,3,48,7340,7341,8187,1,847
2582,6,48,7038,7040,8190,2,1152
2374,2,48,6470,6471,8193,1,1723
2694,4,48,7343,7344,8196,1,853
3001,5,48,8180,8182,8199,2,19
3003,1,48,8185,8187,8202,2,17
2699,3,48,7356,7358,8205,2,849
2588,6,48,7054,7055,8208,1,1154
2380,2,48,6487,6488,8211,1,1724
2700,4,48,7359,7361,8214,2,855
3007,5,48,8196,8198,8217,2,21
3009,1,48,8202,8204,8220,2,18
2705,3,48,7372,7374,8223,2,851
3013,5,48,8213,8215,8226,2,13
2386,2,48,6503,6504,8229,1,1726
2706,4,48,7375,7376,8232,1,857
2594,6,48,7070,7071,8235,1,1165
3015,1,48,8218,8220,8238,2,20
2711,3,48,7389,7391,8241,2,852
3019,5,48,8229,8231,8244,2,15
2392,2,48,6519,6521,8247,2,1728
2712,4,48,7392,7394,8250,2,858
2600,6,48,7087,7088,8253,1,1166
3021,1,48,8235,8237,8256,2,21
2717,3,48,7405,7407,8259,2,854
3025,5,48,8246,8248,8262,2,16
3027,1,48,8251,8253,8265,2,14
2718,4,48,7408,7409,8268,1,860
2606,6,48,7103,7104,8271,1,1168
2398,2,48,6536,6537,8274,1,1738
2723,3,48,7421,7422,8277,1,856
3031,5,48,8262,8264,8280,2,18
3033,1,48,8267,8268,8283,1,16
2724,4,48,7424,7425,8286,1,862
2612,6,48,7119,7121,8289,2,1170
2404,2,48,6552,6554,8292,2,1740
2729,3,48,7438,7440,8295,2,857
3037,5,48,8278,8279,8298,1,20
3039,1,48,8284,8285,8301,1,17
2730,4,48,7441,7442,8304,1,863
2618,6,48,7136,7137,8307,1,1171
2410,2,48,6568,6569,8310,1,1742
2735,3,48,7454,7455,8313,1,859
3043,5,48,8295,8297,8316,2,21
3045,1,48,8300,8301,8319,1,19
2736,4,48,7457,7458,8322,1,865
3049,5,48,8311,8312,8325,1,14
2416,2,48,6585,6587,8328,2,1743
2741,3,48,7470,7472,8331,2,861
2624,6,48,7152,7154,8334,2,1182
3051,1,48,8316,8318,8337,2,21
2742,4,48,7473,7475,8340,2,867
3055,5,48,8327,8329,8343,2,16
3057,1,48,8333,8335,8346,2,13
2747,3,48,7487,7488,8349,1,862
2630,6,48,7169,7170,8352,1,1183
2422,2,48,6601,6602,8355,1,1754
2748,4,48,7490,7491,8358,1,868
3061,5,48,8344,8345,8361,1,17
3063,1,48,8349,8351,8364,2,15
2753,3,48,7503,7505,8367,2,864
2636,6,48,7185,7187,8370,2,1185
2428,2,48,6618,6620,8373,2,1755
2754,4,48,7506,7508,8376,2,870
3067,5,48,8360,8362,8379,2,19
3069,1,48,8365,8367,8382,2,17
2759,3,48,7520,7521,8385,1,865
2642,6,48,7201,7202,8388,1,1187
2434,2,48,6634,6635,8391,1,1757
2760,4,48,7523,7524,8394,1,871
3073,5,48,8376,8378,8397,2,21
3075,1,48,8382,8384,8400,2,18
2765,3,48,7536,7538,8403,2,867
3079,5,48,8393,8395,8406,2,13
2440,2,48,6650,6651,8409,1,1759
2766,4,48,7539,7541,8412,2,873
2648,6,48,7218,7220,8415,2,1197
3081,1,48,8398,8400,8418,2,20
2771,3,48,7552,7554,8421,2,869
3085,5,48,8409,8411,8424,2,15
2446,2,48,6667,6668,8427,1,1760
2772,4,48,7555,7556,8430,1,875
2654,6,48,7234,7235,8433,1,1199
3087,1,48,8415,8417,8436,2,21
2777,3,48,7569,7571,8439,2,870
3091,5,48,8426,8428,8442,2,16
3093,1,48,8431,8433,8445,2,14
2778,4,48,7572,7574,8448,2,876
2660,6,48,7250,7251,8451,1,1201
2452,2,48,6683,6684,8454,1,1771
2783,3,48,7585,7587,8457,2,872
3097,5,48,8442,8444,8460,2,18
3099,1,48,8447,8448,8463,1,16
2784,4,48,7588,7589,8466,1,878
2666,6,48,7267,7268,8469,1,1202
2458,2,48,6699,6701,8472,2,1773
2789,3,48,7601,7602,8475,1,874
3103,5,48,8458,8459,8478,1,20
3105,1,48,8464,8465,8481,1,17
2790,4,48,7604,7605,8484,1,880
2672,6,48,7283,7284,8487,1,1204
2464,2,48,6716,6717,8490,1,1774
2795,3,48,7618,7620,8493,2,875
3109,5,48,8475,8477,8496,2,21
3111,1,48,8480,8481,8499,1,19
2796,4,48,7621,7622,8502,1,881
3115,5,48,8491,8492,8505,1,14
2470,2,48,6732,6734,8508,2,1776
2801,3,48,7634,7635,8511,1,877
2678,6,48,7299,7301,8514,2,1215
3117,1,48,8496,8498,8517,2,21
2802,4,48,7637,7638,8520,1,883
3121,5,48,8507,8509,8523,2,16
3123,1,48,8513,8515,8526,2,13
2807,3,48,7650,7652,8529,2,879
2684,6,48,7316,7317,8532,1,1216
2476,2,48,6748,6749,8535,1,1787
2808,4,48,7653,7655,8538,2,885
3127,5,48,8524,8525,8541,1,17
3129,1,48,8529,8531,8544,2,15
2813,3,48,7667,7668,8547,1,880
2690,6,48,7332,7334,8550,2,1218
2482,2,48,6765,6767,8553,2,1788
2814,4,48,7670,7671,8556,1,886
3133,5,48,8540,8542,8559,2,19
3135,1,48,8545,8547,8562,2,17
2819,3,48,7683,7685,8565,2,882
2696,6,48,7349,7350,8568,1,1219
2488,2,48,6781,6782,8571,1,1790
2820,4,48,7686,7688,8574,2,888
3139,5,48,8556,8558,8577,2,21
3141,1,48,8562,8564,8580,2,18
2825,3,48,7700,7701,8583,1,883
3145,5,48,8573,8575,8586,2,13
2494,2,48,6798,6800,8589,2,1791
2826,4,48,7703,7704,8592,1,889
2702,6,48,7365,7367,8595,2,1230
3147,1,48,8578,8580,8598,2,20
2831,3,48,7716,7718,8601,2,885
3151,5,48,8589,8591,8604,2,15
2500,2,48,6814,6815,8607,1,1793
2832,4,48,7719,7721,8610,2,891
2708,6,48,7381,7382,8613,1,1232
3153,1,48,8595,8597,8616,2,21
2837,3,48,7732,7734,8619,2,887
3157,5,48,8606,8608,8622,2,16
3159,1,48,8611,8613,8625,2,14
2838,4,48,7735,7736,8628,1,893
2714,6,48,7398,7400,8631,2,1233
2506,2,48,6830,6831,8634,1,1804
2843,3,48,7749,7751,8637,2,888
3163,5,48,8622,8624,8640,2,18
3165,1,48,8627,8628,8643,1,16
2844,4,48,7752,7754,8646,2,894
2720,6,48,7414,7415,8649,1,1235
2512,2,48,6847,6848,8652,1,1805
2849,3,48,7765,7767,8655,2,890
3169,5,48,8638,8639,8658,1,20
3171,1,48,8644,8645,8661,1,17
2850,4,48,7768,7769,8664,1,896
2726,6,48,7430,7431,8667,1,1237
2518,2,48,6863,6864,8670,1,1807
2855,3,48,7781,7782,8673,1,892
3175,5,48,8655,8657,8676,2,21
3177,1,48,8660,8661,8679,1,19
2856,4,48,7784,7785,8682,1,898
3181,5,48,8671,8672,8685,1,14
2524,2,48,6879,6881,8688,2,1809
2861,3,48,7798,7800,8691,2,893
2732,6,48,7447,7448,8694,1,1247
3183,1,48,8676,8678,8697,2,21
2862,4,48,7801,7802,8700,1,899
3187,5,48,8687,8689,8703,2,16
3189,1,48,8693,8695,8706,2,13
2867,3,48,7814,7815,8709,1,895
2738,6,48,7463,7464,8712,1,1249
2530,2,48,6896,6897,8715,1,1819
2868,4,48,7817,7818,8718,1,901
3193,5,48,8704,8705,8721,1,17
3195,1,48,8709,8711,8724,2,15
2873,3,48,7830,7832,8727,2,897
2744,6,48,7479,7481,8730,2,1251
2536,2,48,6912,6914,8733,2,1821
2874,4,48,7833,7835,8736,2,903
3199,5,48,8720,8722,8739,2,19
3201,1,48,8725,8727,8742,2,17
2879,3,48,7847,7848,8745,1,898
2750,6,48,7496,7497,8748,1,1252
2542,2,48,6928,6929,8751,1,1823
2880,4,48,7850,7851,8754,1,904
3205,5,48,8736,8738,8757,2,21
3207,1,48,8742,8744,8760,2,18
2885,3,48,7863,7865,8763,2,900
3211,5,48,8753,8755,8766,2,13
2548,2,48,6945,6947,8769,2,1824
2886,4,48,7866,7868,8772,2,906
2756,6,48,7512,7514,8775,2,1263
3213,1,48,8758,8760,8778,2,20
2891,3,48,7880,7881,8781,1,901
3217,5,48,8769,8771,8784,2,15
2554,2,48,6961,6962,8787,1,1826
2892,4,48,7883,7884,8790,1,907
2762,6,48,7529,7530,8793,1,1264
3219,1,48,8775,8777,8796,2,21
2897,3,48,7896,7898,8799,2,903
3223,5,48,8786,8788,8802,2,16
3225,1,48,8791,8793,8805,2,14
2898,4,48,7899,7901,8808,2,909
2768,6,48,7545,7547,8811,2,1266
2560,2,48,6978,6980,8814,2,1836
2903,3,48,7912,7914,8817,2,905
3229,5,48,8802,8804,8820,2,18
3231,1,48,8807,8808,8823,1,16
2904,4,48,7915,7916,8826,1,911
2774,6,48,7561,7562,8829,1,1268
2566,2,48,6994,6995,8832,1,1838
2909,3,48,7929,7931,8835,2,906
3235,5,48,8818,8819,8838,1,20
3237,1,48,8824,8825,8841,1,17
2910,4,48,7932,7934,8844,2,912
2780,6,48,7578,7580,8847,2,1269
2572,2,48,7010,7011,8850,1,1840
2915,3,48,7945,7947,8853,2,908
3241,5,48,8835,8837,8856,2,21
3243,1,48,8840,8841,8859,1,19
2916,4,48,7948,7949,8862,1,914
3247,5,48,8851,8852,8865,1,14
2578,2,48,7027,7028,8868,1,1841
2921,3,48,7961,7962,8871,1,910
2786,6,48,7594,7595,8874,1,1280
3249,1,48,8856,8858,8877,2,21
2922,4,48,7964,7965,8880,1,916
3253,5,48,8867,8869,8883,2,16
3255,1,48,8873,8875,8886,2,13
2927,3,48,7978,7980,8889,2,911
2792,6,48,7610,7611,8892,1,1282
2584,2,48,7043,7044,8895,1,1852
2928,4,48,7981,7982,8898,1,917
3259,5,48,8884,8885,8901,1,17
3261,1,48,8889,8891,8904,2,15
2933,3,48,7994,7995,8907,1,913
2798,6,48,7627,7628,8910,1,1283
2590,2,48,7059,7061,8913,2,1854
2934,4,48,7997,7998,8916,1,919
3265,5,48,8900,8902,8919,2,19
3267,1,48,8905,8907,8922,2,17
2939,3,48,8010,8012,8925,2,915
2804,6,48,7643,7644,8928,1,1285
2596,2,48,7076,7077,8931,1,1855
2940,4,48,8013,8015,8934,2,921
3271,5,48,8916,8918,8937,2,21
3273,1,48,8922,8924,8940,2,18
2945,3,48,8027,8028,8943,1,916
3277,5,48,8933,8935,8946,2,13
2602,2,48,7092,7094,8949,2,1857
2946,4,48,8030,8031,8952,1,922
2810,6,48,7659,7661,8955,2,1296
3279,1,48,8938,8940,8958,2,20
2951,3,48,8043,8045,8961,2,918
3283,5,48,8949,8951,8964,2,15
2608,2,48,7108,7109,8967,1,1859
2952,4,48,8046,8048,8970,2,924
2816,6,48,7676,7677,8973,1,1297
3285,1,48,8955,8957,8976,2,21
2957,3,48,8060,8061,8979,1,919
3289,5,48,8966,8968,8982,2,16
3291,1,48,8971,8973,8985,2,14
2958,4,48,8063,8064,8988,1,925
2822,6,48,7692,7694,8991,2,1299
2614,2,48,7125,7127,8994,2,1869
2963,3,48,8076,8078,8997,2,921
3295,5,48,8982,8984,9000,2,18
3297,1,48,8987,8988,9003,1,16
2964,4,48,8079,8081,9006,2,927
2828,6,48,7709,7710,9009,1,1300
2620,2,48,7141,7142,9012,1,1871
2969,3,48,8092,8094,9015,2,923
3301,5,48,8998,8999,9018,1,20
3303,1,48,9004,9005,9021,1,17
2970,4,48,8095,8096,9024,1,929
2834,6,48,7725,7727,9027,2,1302
2626,2,48,7158,7160,9030,2,1872
2975,3,48,8109,8111,9033,2,924
3307,5,48,9015,9017,9036,2,21
3309,1,48,9020,9021,9039,1,19
2976,4,48,8112,8114,9042,2,930
3313,5,48,9031,9032,9045,1,14
2632,2,48,7174,7175,9048,1,1874
2981,3,48,8125,8127,9051,2,926
2840,6,48,7741,7742,9054,1,1313
3315,1,48,9036,9038,9057,2,21
2982,4,48,8128,8129,9060,1,932
3319,5,48,9047,9049,9063,2,16
3321,1,48,9053,9055,9066,2,13
2987,3,48,8141,8142,9069,1,928
2846,6,48,7758,7760,9072,2,1314
2638,2,48,7190,7191,9075,1,1885
2988,4,48,8144,8145,9078,1,934
3325,5,48,9064,9065,9081,1,17
3327,1,48,9069,9071,9084,2,15
2993,3,48,8158,8160,9087,2,929
2852,6,48,7774,7775,9090,1,1316
2644,2,48,7207,7208,9093,1,1886
2994,4,48,8161,8162,9096,1,935
3331,5,48,9080,9082,9099,2,19
3333,1,48,9085,9087,9102,2,17
2999,3,48,8174,8175,9105,1,931
2858,6,48,7790,7791,9108,1,1318
2650,2,48,7223,7224,9111,1,1888
3000,4,48,8177,8178,9114,1,937
3337,5,48,9096,9098,9117,2,21
3339,1,48,9102,9104,9120,2,18
3005,3,48,8190,8192,9123,2,933
3343,5,48,9113,9115,9126,2,13
2656,2,48,7239,7241,9129,2,1890
3006,4,48,8193,8195,9132,2,939
2864,6,48,7807,7808,9135,1,1328
3345,1,48,9118,9120,9138,2,20
3011,3,48,8207,8208,9141,1,934
3349,5,48,9129,9131,9144,2,15
2662,2,48,7256,7257,9147,1,1891
3012,4,48,8210,8211,9150,1,940
2870,6,48,7823,7824,9153,1,1330
3351,1,48,9135,9137,9156,2,21
3017,3,48,8223,8225,9159,2,936
3355,5,48,9146,9148,9162,2,16
3357,1,48,9151,9153,9165,2,14
3018,4,48,8226,8228,9168,2,942
2876,6,48,7839,7841,9171,2,1332
2668,2,48,7272,7274,9174,2,1902
3023,3,48,8240,8241,9177,1,937
3361,5,48,9162,9164,9180,2,18
3363,1,48,9167,9168,9183,1,16
3024,4,48,8243,8244,9186,1,943
2882,6,48,7856,7857,9189,1,1333
2674,2,48,7288,7289,9192,1,1904
3029,3,48,8256,8258,9195,2,939
3367,5,48,9178,9179,9198,1,20
3369,1,48,9184,9185,9201,1,17
3030,4,48,8259,8261,9204,2,945
2888,6,48,7872,7874,9207,2,1335
2680,2,48,7305,7307,9210,2,1905
3035,3,48,8272,8274,9213,2,941
3373,5,48,9195,9197,9216,2,21
3375,1,48,9200,9201,9219,1,19
3036,4,48,8275,8276,9222,1,947
3379,5,48,9211,9212,9225,1,14
2686,2,48,7321,7322,9228,1,1907
3041,3,48,8289,8291,9231,2,942
2894,6,48,7889,7890,9234,1,1345
3381,1,48,9216,9218,9237,2,21
3042,4,48,8292,8294,9240,2,948
3385,5,48,9227,9229,9243,2,16
3387,1,48,9233,9235,9246,2,13
3047,3,48,8305,8307,9249,2,944
2900,6,48,7905,7907,9252,2,1347
2692,2,48,7338,7340,9255,2,1917
3048,4,48,8308,8309,9258,1,950
3391,5,48,9244,9245,9261,1,17
3393,1,48,9249,9251,9264,2,15
3053,3,48,8321,8322,9267,1,946
2906,6,48,7921,7922,9270,1,1349
2698,2,48,7354,7355,9273,1,1919
3054,4,48,8324,8325,9276,1,952
3397,5,48,9260,9262,9279,2,19
3399,1,48,9265,9267,9282,2,17
3059,3,48,8338,8340,9285,2,947
2912,6,48,7938,7940,9288,2,1350
2704,2,48,7370,7371,9291,1,1921
3060,4,48,8341,8342,9294,1,953
3403,5,48,9276,9278,9297,2,21
3405,1,48,9282,9284,9300,2,18
3065,3,48,8354,8355,9303,1,949
3409,5,48,9293,9295,9306,2,13
2710,2,48,7387,7388,9309,1,1922
3066,4,48,8357,8358,9312,1,955
2918,6,48,7954,7955,9315,1,1361
3411,1,48,9298,9300,9318,2,20
3071,3,48,8370,8372,9321,2,951
3415,5,48,9309,9311,9324,2,15
2716,2,48,7403,7404,9327,1,1924
3072,4,48,8373,8375,9330,2,957
2924,6,48,7970,7971,9333,1,1363
3417,1,48,9315,9317,9336,2,21
3077,3,48,8387,8388,9339,1,952
3421,5,48,9326,9328,9342,2,16
3423,1,48,9331,9333,9345,2,14
3078,4,48,8390,8391,9348,1,958
2930,6,48,7987,7988,9351,1,1364
2722,2,48,7419,7421,9354,2,1935
3083,3,48,8403,8405,9357,2,954
3427,5,48,9342,9344,9360,2,18
3429,1,48,9347,9348,9363,1,16
3084,4,48,8406,8408,9366,2,960
2936,6,48,8003,8004,9369,1,1366
2728,2,48,7436,7437,9372,1,1936
3089,3,48,8420,8421,9375,1,955
3433,5,48,9358,9359,9378,1,20
3435,1,48,9364,9365,9381,1,17
3090,4,48,8423,8424,9384,1,961
2942,6,48,8019,8021,9387,2,1368
2734,2,48,7452,7454,9390,2,1938
3095,3,48,8436,8438,9393,2,957
3439,5,48,9375,9377,9396,2,21
3441,1,48,9380,9381,9399,1,19
3096,4,48,8439,8441,9402,2,963
3445,5,48,9391,9392,9405,1,14
2740,2,48,7468,7469,9408,1,1940
3101,3,48,8452,8454,9411,2,959
2948,6,48,8036,8037,9414,1,1378
3447,1,48,9396,9398,9417,2,21
3102,4,48,8455,8456,9420,1,965
3451,5,48,9407,9409,9423,2,16
3453,1,48,9413,9415,9426,2,13
3107,3,48,8469,8471,9429,2,960
2954,6,48,8052,8054,9432,2,1380
2746,2,48,7485,7487,9435,2,1950
3108,4,48,8472,8474,9438,2,966
3457,5,48,9424,9425,9441,1,17
3459,1,48,9429,9431,9444,2,15
3113,3,48,8485,8487,9447,2,962
2960,6,48,8069,8070,9450,1,1381
2752,2,48,7501,7502,9453,1,1952
3114,4,48,8488,8489,9456,1,968
3463,5,48,9440,9442,9459,2,19
3465,1,48,9445,9447,9462,2,17
3119,3,48,8501,8502,9465,1,964
2966,6,48,8085,8087,9468,2,1383
2758,2,48,7518,7520,9471,2,1953
3120,4,48,8504,8505,9474,1,970
3469,5,48,9456,9458,9477,2,21
3471,1,48,9462,9464,9480,2,18
3125,3,48,8518,8520,9483,2,965
3475,5,48,9473,9475,9486,2,13
2764,2,48,7534,7535,9489,1,1955
3126,4,48,8521,8522,9492,1,971
2972,6,48,8101,8102,9495,1,1394
3477,1,48,9478,9480,9498,2,20
3131,3,48,8534,8535,9501,1,967
3481,5,48,9489,9491,9504,2,15
2770,2,48,7550,7551,9507,1,1957
3132,4,48,8537,8538,9510,1,973
2978,6,48,8118,8120,9513,2,1395
3483,1,48,9495,9497,9516,2,21
3137,3,48,8550,8552,9519,2,969
3487,5,48,9506,9508,9522,2,16
3489,1,48,9511,9513,9525,2,14
3138,4,48,8553,8555,9528,2,975
2984,6,48,8134,8135,9531,1,1397
2776,2,48,7567,7568,9534,1,1967
3143,3,48,8567,8568,9537,1,970
3493,5,48,9522,9524,9540,2,18
3495,1,48,9527,9528,9543,1,16
3144,4,48,8570,8571,9546,1,976
2990,6,48,8150,8151,9549,1,1399
2782,2,48,7583,7584,9552,1,1969
3149,3,48,8583,8585,9555,2,972
3499,5,48,9538,9539,9558,1,20
3501,1,48,9544,9545,9561,1,17
3150,4,48,8586,8588,9564,2,978
2996,6,48,8167,8168,9567,1,1400
2788,2,48,7599,7601,9570,2,1971
3155,3,48,8600,8601,9573,1,973
3505,5,48,9555,9557,9576,2,21
3507,1,48,9560,9561,9579,1,19
3156,4,48,8603,8604,9582,1,979
3511,5,48,9571,9572,9585,1,14
2794,2,48,7616,7617,9588,1,1972
3161,3,48,8616,8618,9591,2,975
3002,6,48,8183,8184,9594,1,1411
3513,1,48,9576,9578,9597,2,21
3162,4,48,8619,8621,9600,2,981
3517,5,48,9587,9589,9603,2,16
3519,1,48,9593,9595,9606,2,13
3167,3,48,8632,8634,9609,2,977
3008,6,48,8199,8201,9612,2,1413
2800,2,48,7632,7634,9615,2,1983
3168,4,48,8635,8636,9618,1,983
3523,5,48,9604,9605,9621,1,17
3525,1,48,9609,9611,9624,2,15
3173,3,48,8649,8651,9627,2,978
3014,6,48,8216,8217,9630,1,1414
2806,2,48,7648,7649,9633,1,1985
3174,4,48,8652,8654,9636,2,984
3529,5,48,9620,9622,9639,2,19
3531,1,48,9625,9627,9642,2,17
3179,3,48,8665,8667,9645,2,980
3020,6,48,8232,8234,9648,2,1416
2812,2,48,7665,7667,9651,2,1986
3180,4,48,8668,8669,9654,1,986
3535,5,48,9636,9638,9657,2,21
3537,1,48,9642,9644,9660,2,18
3185,3,48,8681,8682,9663,1,982
3541,5,48,9653,9655,9666,2,13
2818,2,48,7681,7682,9669,1,1988
3186,4,48,8684,8685,9672,1,988
3026,6,48,8249,8250,9675,1,1426
3543,1,48,9658,9660,9678,2,20
3191,3,48,8698,8700,9681,2,983
3547,5,48,9669,9671,9684,2,15
2824,2,48,7698,7700,9687,2,1989
3192,4,48,8701,8702,9690,1,989
3032,6,48,8265,8267,9693,2,1428
3549,1,48,9675,9677,9696,2,21
3197,3,48,8714,8715,9699,1,985
3553,5,48,9686,9688,9702,2,16
3555,1,48,9691,9693,9705,2,14
3198,4,48,8717,8718,9708,1,991
3038,6,48,8281,8282,9711,1,1430
2830,2,48,7714,7715,9714,1,2000
3203,3,48,8730,8732,9717,2,987
3559,5,48,9702,9704,9720,2,18
3561,1,48,9707,9708,9723,1,16
3204,4,48,8733,8735,9726,2,993
3044,6,48,8298,8300,9729,2,1431
2836,2,48,7730,7731,9732,1,2002
3209,3,48,8747,8748,9735,1,988
3565,5,48,9718,9719,9738,1,20
3567,1,48,9724,9725,9741,1,17
3210,4,48,8750,8751,9744,1,994
3050,6,48,8314,8315,9747,1,1433
2842,2,48,7747,7748,9750,1,2003
3215,3,48,8763,8765,9753,2,990
3571,5,48,9735,9737,9756,2,21
3573,1,48,9740,9741,9759,1,19
3216,4,48,8766,8768,9762,2,996
3577,5,48,9751,9752,9765,1,14
2848,2,48,7763,7764,9768,1,2005
3221,3,48,8780,8781,9771,1,991
3056,6,48,8330,8331,9774,1,1444
3579,1,48,9756,9758,9777,2,21
3222,4,48,8783,8784,9780,1,997
3583,5,48,9767,9769,9783,2,16
3585,1,48,9773,9775,9786,2,13
3227,3,48,8796,8798,9789,2,993
3062,6,48,8347,8348,9792,1,1445
2854,2,48,7779,7781,9795,2,2016
3228,4,48,8799,8801,9798,2,999
3589,5,48,9784,9785,9801,1,17
3591,1,48,9789,9791,9804,2,15
3233,3,48,8812,8814,9807,2,995
3068,6,48,8363,8364,9810,1,1447
2860,2,48,7796,7797,9813,1,2017
3234,4,48,8815,8816,9816,1,1001
3595,5,48,9800,9802,9819,2,19
3597,1,48,9805,9807,9822,2,17
3239,3,48,8829,8831,9825,2,996
3074,6,48,8379,8381,9828,2,1449
2866,2,48,7812,7814,9831,2,2019
3240,4,48,8832,8834,9834,2,1002
3601,5,48,9816,9818,9837,2,21
3603,1,48,9822,9824,9840,2,18
3245,3,48,8845,8847,9843,2,998
3607,5,48,9833,9835,9846,2,13
2872,2,48,7828,7829,9849,1,2021
3246,4,48,8848,8849,9852,1,1004
3080,6,48,8396,8397,9855,1,1459
3609,1,48,9838,9840,9858,2,20
3251,3,48,8861,8862,9861,1,1000
3613,5,48,9849,9851,9864,2,15
2878,2,48,7845,7847,9867,2,2022
3252,4,48,8864,8865,9870,1,1006
3086,6,48,8412,8414,9873,2,1461
3615,1,48,9855,9857,9876,2,21
3257,3,48,8878,8880,9879,2,1001
3619,5,48,9866,9868,9882,2,16
3621,1,48,9871,9873,9885,2,14
3258,4,48,8881,8882,9888,1,1007
3092,6,48,8429,8430,9891,1,1462
2884,2,48,7861,7862,9894,1,2033
3263,3,48,8894,8895,9897,1,1003
3625,5,48,9882,9884,9900,2,18
3627,1,48,9887,9888,9903,1,16
3264,4,48,8897,8898,9906,1,1009
3098,6,48,8445,8447,9909,2,1464
2890,2,48,7878,7880,9912,2,2034
3269,3,48,8910,8912,9915,2,1005
3631,5,48,9898,9899,9918,1,20
3633,1,48,9904,9905,9921,1,17
3270,4,48,8913,8915,9924,2,1011
3104,6,48,8461,8462,9927,1,1466
2896,2,48,7894,7895,9930,1,2036
3275,3,48,8927,8928,9933,1,1006
3637,5,48,9915,9917,9936,2,21
3639,1,48,9920,9921,9939,1,19
3276,4,48,8930,8931,9942,1,1012
3643,5,48,9931,9932,9945,1,14
2902,2,48,7910,7911,9948,1,2038
3281,3,48,8943,8945,9951,2,1008
3110,6,48,8478,8480,9954,2,1476
3645,1,48,9936,9938,9957,2,21
3282,4,48,8946,8948,9960,2,1014
3649,5,48,9947,9949,9963,2,16
3651,1,48,9953,9955,9966,2,13
3287,3,48,8960,8961,9969,1,1009
3116,6,48,8494,8495,9972,1,1478
2908,2,48,7927,7928,9975,1,2048
3288,4,48,8963,8964,9978,1,1015
3655,5,48,9964,9965,9981,1,17
3657,1,48,9969,9971,9984,2,15
3293,3,48,8976,8978,9987,2,1011
3122,6,48,8510,8511,9990,1,1480
2914,2,48,7943,7944,9993,1,2050
3294,4,48,8979,8981,9996,2,1017
3661,5,48,9980,9982,9999,2,19
3663,1,48,9985,9987,10002,2,17
3299,3,48,8992,8994,10005,2,1013
3128,6,48,8527,8528,10008,1,1481
2920,2,48,7959,7961,10011,2,2052
3300,4,48,8995,8996,10014,1,1019
3667,5,48,9996,9998,10017,2,21
2926,2,48,7976,7977,10020,1,2044
3305,3,48,9009,9011,10023,2,1014
3134,6,48,8543,8544,10026,1,1483
2932,2,48,7992,7994,10029,2,2037
3306,4,48,9012,9014,10032,2,1020
3140,6,48,8559,8561,10035,2,1476
2938,2,48,8008,8009,10038,1,2030
3311,3,48,9025,9027,10041,2,1016
3146,6,48,8576,8577,10044,1,1468
2944,2,48,8025,8027,10047,2,2022
3312,4,48,9028,9029,10050,1,1022
3152,6,48,8592,8594,10053,2,1461
2950,2,48,8041,8042,10056,1,2015
3317,3,48,9041,9042,10059,1,1018
3158,6,48,8609,8610,10062,1,1453
2956,2,48,8058,8060,10065,2,2007
3318,4,48,9044,9045,10068,1,1024
3164,6,48,8625,8627,10071,2,1446
2962,2,48,8074,8075,10074,1,2000
3323,3,48,9058,9060,10077,2,1019
3170,6,48,8641,8642,10080,1,1439
2968,2,48,8090,8091,10083,1,1993
3324,4,48,9061,9062,10086,1,1025
3176,6,48,8658,8660,10089,2,1431
2974,2,48,8107,8108,10092,1,1985
3329,3,48,9074,9075,10095,1,1021
3182,6,48,8674,8675,10098,1,1424
2980,2,48,8123,8124,10101,1,1978
3330,4,48,9077,9078,10104,1,1027
3188,6,48,8690,8691,10107,1,1417
2986,2,48,8139,8141,10110,2,1971
3335,3,48,9090,9092,10113,2,1023
3194,6,48,8707,8708,10116,1,1409
2992,2,48,8156,8157,10119,1,1963
3336,4,48,9093,9095,10122,2,1029
3200,6,48,8723,8724,10125,1,1402
2998,2,48,8172,8174,10128,2,1956
3341,3,48,9107,9108,10131,1,1024
3206,6,48,8739,8741,10134,2,1395
3004,2,48,8188,8189,10137,1,1949
3342,4,48,9110,9111,10140,1,1030
3212,6,48,8756,8757,10143,1,1387
3010,2,48,8205,8207,10146,2,1941
3347,3,48,9123,9125,10149,2,1026
3218,6,48,8772,8774,10152,2,1380
3016,2,48,8221,8222,10155,1,1934
3348,4,48,9126,9128,10158,2,1032
3224,6,48,8789,8790,10161,1,1372
3022,2,48,8238,8240,10164,2,1926
3353,3,48,9140,9141,10167,1,1027
3230,6,48,8805,8807,10170,2,1365
3028,2,48,8254,8255,10173,1,1919
3354,4,48,9143,9144,10176,1,1033
3236,6,48,8821,8822,10179,1,1358
3034,2,48,8270,8271,10182,1,1912
3359,3,48,9156,9158,10185,2,1029
3242,6,48,8838,8840,10188,2,1350
3040,2,48,8287,8288,10191,1,1904
3360,4,48,9159,9161,10194,2,1035
3248,6,48,8854,8855,10197,1,1343
3046,2,48,8303,8304,10200,1,1897
3365,3,48,9172,9174,10203,2,1031
3254,6,48,8870,8871,10206,1,1336
3052,2,48,8319,8321,10209,2,1890
3366,4,48,9175,9176,10212,1,1037
3260,6,48,8887,8888,10215,1,1328
3058,2,48,8336,8337,10218,1,1882
3371,3,48,9189,9191,10221,2,1032
3266,6,48,8903,8904,10224,1,1321
3064,2,48,8352,8354,10227,2,1875
3372,4,48,9192,9194,10230,2,1038
3272,6,48,8919,8921,10233,2,1314
3070,2,48,8368,8369,10236,1,1868
3377,3,48,9205,9207,10239,2,1034
3278,6,48,8936,8937,10242,1,1306
3076,2,48,8385,8387,10245,2,1860
3378,4,48,9208,9209,10248,1,1040
3284,6,48,8952,8954,10251,2,1299
3082,2,48,8401,8402,10254,1,1853
3383,3,48,9221,9222,10257,1,1036
3290,6,48,8969,8970,10260,1,1291
3088,2,48,8418,8420,10263,2,1845
3384,4,48,9224,9225,10266,1,1042
3296,6,48,8985,8987,10269,2,1284
3094,2,48,8434,8435,10272,1,1838
3389,3,48,9238,9240,10275,2,1037
3302,6,48,9001,9002,10278,1,1277
3100,2,48,8450,8451,10281,1,1831
3390,4,48,9241,9242,10284,1,1043
3308,6,48,9018,9020,10287,2,1269
3106,2,48,8467,8468,10290,1,1823
3395,3,48,9254,9255,10293,1,1039
3314,6,48,9034,9035,10296,1,1262
3112,2,48,8483,8484,10299,1,1816
3396,4,48,9257,9258,10302,1,1045
3320,6,48,9050,9051,10305,1,1255
3118,2,48,8499,8501,10308,2,1809
3401,3,48,9270,9272,10311,2,1041
3326,6,48,9067,9068,10314,1,1247
3124,2,48,8516,8517,10317,1,1801
3402,4,48,9273,9275,10320,2,1047
3332,6,48,9083,9084,10323,1,1240
3130,2,48,8532,8534,10326,2,1794
3407,3,48,9287,9288,10329,1,1042
3338,6,48,9099,9101,10332,2,1233
3136,2,48,8548,8549,10335,1,1787
3408,4,48,9290,9291,10338,1,1048
3344,6,48,9116,9117,10341,1,1225
3142,2,48,8565,8567,10344,2,1779
3413,3,48,9303,9305,10347,2,1044
3350,6,48,9132,9134,10350,2,1218
3148,2,48,8581,8582,10353,1,1772
3414,4,48,9306,9308,10356,2,1050
3356,6,48,9149,9150,10359,1,1210
3154,2,48,8598,8600,10362,2,1764
3419,3,48,9320,9321,10365,1,1045
3362,6,48,9165,9167,10368,2,1203
3160,2,48,8614,8615,10371,1,1757
3420,4,48,9323,9324,10374,1,1051
3368,6,48,9181,9182,10377,1,1196
3166,2,48,8630,8631,10380,1,1750
3425,3,48,9336,9338,10383,2,1047
3374,6,48,9198,9200,10386,2,1188
3172,2,48,8647,8648,10389,1,1742
3426,4,48,9339,9341,10392,2,1053
3380,6,48,9214,9215,10395,1,1181
3178,2,48,8663,8664,10398,1,1735
3431,3,48,9352,9354,10401,2,1049
3386,6,48,9230,9231,10404,1,1174
3184,2,48,8679,8681,10407,2,1728
3432,4,48,9355,9356,10410,1,1055
3392,6,48,9247,9248,10413,1,1166
3190,2,48,8696,8697,10416,1,1720
3437,3,48,9369,9371,10419,2,1050
3398,6,48,9263,9264,10422,1,1159
3196,2,48,8712,8714,10425,2,1713
3438,4,48,9372,9374,10428,2,1056
3404,6,48,9279,9281,10431,2,1152
3202,2,48,8728,8729,10434,1,1706
3443,3,48,9385,9387,10437,2,1052
3410,6,48,9296,9297,10440,1,1144
3208,2,48,8745,8747,10443,2,1698
3444,4,48,9388,9389,10446,1,1058
3416,6,48,9312,9314,10449,2,1137
3214,2,48,8761,8762,10452,1,1691
3449,3,48,9401,9402,10455,1,1054
3422,6,48,9329,9330,10458,1,1129
3220,2,48,8778,8780,10461,2,1683
3450,4,48,9404,9405,10464,1,1060
3428,6,48,9345,9347,10467,2,1122
3226,2,48,8794,8795,10470,1,1676
3455,3,48,9418,9420,10473,2,1055
3434,6,48,9361,9362,10476,1,1115
3232,2,48,8810,8811,10479,1,1669
3456,4,48,9421,9422,10482,1,1061
3440,6,48,9378,9380,10485,2,1107
3238,2,48,8827,8828,10488,1,1661
3461,3,48,9434,9435,10491,1,1057
3446,6,48,9394,9395,10494,1,1100
3244,2,48,8843,8844,10497,1,1654
3462,4,48,9437,9438,10500,1,1063
3452,6,48,9410,9411,10503,1,1093
3250,2,48,8859,8861,10506,2,1647
3467,3,48,9450,9452,10509,2,1059
3458,6,48,9427,9428,10512,1,1085
3256,2,48,8876,8877,10515,1,1639
3468,4,48,9453,9455,10518,2,1065
3464,6,48,9443,9444,10521,1,1078
3262,2,48,8892,8894,10524,2,1632
3473,3,48,9467,9468,10527,1,1060
3470,6,48,9459,9461,10530,2,1071
3268,2,48,8908,8909,10533,1,1625
3474,4,48,9470,9471,10536,1,1066
3476,6,48,9476,9477,10539,1,1063
3274,2,48,8925,8927,10542,2,1617
3479,3,48,9483,9485,10545,2,1062
3482,6,48,9492,9494,10548,2,1056
3280,2,48,8941,8942,10551,1,1610
3480,4,48,9486,9488,10554,2,1068
3488,6,48,9509,9510,10557,1,1048
3286,2,48,8958,8960,10560,2,1602
3485,3,48,9500,9501,10563,1,1063
3494,6,48,9525,9527,10566,2,1041
3292,2,48,8974,8975,10569,1,1595
3486,4,48,9503,9504,10572,1,1069
3500,6,48,9541,9542,10575,1,1034
3298,2,48,8990,8991,10578,1,1588
3491,3,48,9516,9518,10581,2,1065
3506,6,48,9558,9560,10584,2,1026
3304,2,48,9007,9008,10587,1,1580
3492,4,48,9519,9521,10590,2,1071
3512,6,48,9574,9575,10593,1,1019
3310,2,48,9023,9024,10596,1,1573
3497,3,48,9532,9534,10599,2,1067
3518,6,48,9590,9591,10602,1,1012
3316,2,48,9039,9041,10605,2,1566
3498,4,48,9535,9536,10608,1,1073
3524,6,48,9607,9608,10611,1,1004
3322,2,48,9056,9057,10614,1,1558
3503,3,48,9549,9551,10617,2,1068
3530,6,48,9623,9624,10620,1,997
3328,2,48,9072,9074,10623,2,1551
3504,4,48,9552,9554,10626,2,1074
3536,6,48,9639,9641,10629,2,990
3334,2,48,9088,9089,10632,1,1544
3509,3,48,9565,9567,10635,2,1070
3542,6,48,9656,9657,10638,1,982
3340,2,48,9105,9107,10641,2,1536
3510,4,48,9568,9569,10644,1,1076
3548,6,48,9672,9674,10647,2,975
3346,2,48,9121,9122,10650,1,1529
3515,3,48,9581,9582,10653,1,1072
3554,6,48,9689,9690,10656,1,967
3352,2,48,9138,9140,10659,2,1521
3516,4,48,9584,9585,10662,1,1078
3560,6,48,9705,9707,10665,2,960
3358,2,48,9154,9155,10668,1,1514
3521,3,48,9598,9600,10671,2,1073
3566,6,48,9721,9722,10674,1,953
3364,2,48,9170,9171,10677,1,1507
3522,4,48,9601,9602,10680,1,1079
3572,6,48,9738,9740,10683,2,945
3370,2,48,9187,9188,10686,1,1499
3527,3,48,9614,9615,10689,1,1075
3578,6,48,9754,9755,10692,1,938
3376,2,48,9203,9204,10695,1,1492
3528,4,48,9617,9618,10698,1,1081
3584,6,48,9770,9771,10701,1,931
3382,2,48,9219,9221,10704,2,1485
3533,3,48,9630,9632,10707,2,1077
3590,6,48,9787,9788,10710,1,923
3388,2,48,9236,9237,10713,1,1477
3534,4,48,9633,9635,10716,2,1083
3596,6,48,9803,9804,10719,1,916
3394,2,48,9252,9254,10722,2,1470
3539,3,48,9647,9648,10725,1,1078
3602,6,48,9819,9821,10728,2,909
3400,2,48,9268,9269,10731,1,1463
3540,4,48,9650,9651,10734,1,1084
3608,6,48,9836,9837,10737,1,901
3406,2,48,9285,9287,10740,2,1455
3545,3,48,9663,9665,10743,2,1080
3614,6,48,9852,9854,10746,2,894
3412,2,48,9301,9302,10749,1,1448
3546,4,48,9666,9668,10752,2,1086
3620,6,48,9869,9870,10755,1,886
3418,2,48,9318,9320,10758,2,1440
3551,3,48,9680,9681,10761,1,1081
3626,6,48,9885,9887,10764,2,879
3424,2,48,9334,9335,10767,1,1433
3552,4,48,9683,9684,10770,1,1087
3632,6,48,9901,9902,10773,1,872
3430,2,48,9350,9351,10776,1,1426
3557,3,48,9696,9698,10779,2,1083
3638,6,48,9918,9920,10782,2,864
3436,2,48,9367,9368,10785,1,1418
3558,4,48,9699,9701,10788,2,1089
3644,6,48,9934,9935,10791,1,857
3442,2,48,9383,9384,10794,1,1411
3563,3,48,9712,9714,10797,2,1085
3650,6,48,9950,9951,10800,1,850
3448,2,48,9399,9401,10803,2,1404
3564,4,48,9715,9716,10806,1,1091
3656,6,48,9967,9968,10809,1,842
3454,2,48,9416,9417,10812,1,1396
3569,3,48,9729,9731,10815,2,1086
3662,6,48,9983,9984,10818,1,835
3460,2,48,9432,9434,10821,2,1389
3570,4,48,9732,9734,10824,2,1092
3668,6,48,9999,10001,10827,2,828
3466,2,48,9448,9449,10830,1,1382
3575,3,48,9745,9747,10833,2,1088
3472,2,48,9465,9467,10836,2,1371
3576,4,48,9748,9749,10839,1,1091
3478,2,48,9481,9482,10842,1,1361
3581,3,48,9761,9762,10845,1,1084
3484,2,48,9498,9500,10848,2,1350
3582,4,48,9764,9765,10851,1,1087
3490,2,48,9514,9515,10854,1,1340
3587,3,48,9778,9780,10857,2,1079
3496,2,48,9530,9531,10860,1,1330
3588,4,48,9781,9782,10863,1,1082
3502,2,48,9547,9548,10866,1,1319
3593,3,48,9794,9795,10869,1,1075
3508,2,48,9563,9564,10872,1,1309
3594,4,48,9797,9798,10875,1,1078
3514,2,48,9579,9581,10878,2,1299
3599,3,48,9810,9812,10881,2,1071
3520,2,48,9596,9597,10884,1,1288
3600,4,48,9813,9815,10887,2,1074
3526,2,48,9612,9614,10890,2,1278
3605,3,48,9827,9828,10893,1,1066
3532,2,48,9628,9629,10896,1,1268
3606,4,48,9830,9831,10899,1,1069
3538,2,48,9645,9647,10902,2,1257
3611,3,48,9843,9845,10905,2,1062
3544,2,48,9661,9662,10908,1,1247
3612,4,48,9846,9848,10911,2,1065
3550,2,48,9678,9680,10914,2,1236
3617,3,48,9860,9861,10917,1,1057
3556,2,48,9694,9695,10920,1,1226
3618,4,48,9863,9864,10923,1,1060
3562,2,48,9710,9711,10926,1,1216
3623,3,48,9876,9878,10929,2,1053
3568,2,48,9727,9728,10932,1,1205
3624,4,48,9879,9881,10935,2,1056
3574,2,48,9743,9744,10938,1,1195
3629,3,48,9892,9894,10941,2,1049
3580,2,48,9759,9761,10944,2,1185
3630,4,48,9895,9896,10947,1,1052
3586,2,48,9776,9777,10950,1,1174
3635,3,48,9909,9911,10953,2,1044
3592,2,48,9792,9794,10956,2,1164
3636,4,48,9912,9914,10959,2,1047
3598,2,48,9808,9809,10962,1,1154
3641,3,48,9925,9927,10965,2,1040
3604,2,48,9825,9827,10968,2,1143
3642,4,48,9928,9929,10971,1,1043
3610,2,48,9841,9842,10974,1,1133
3647,3,48,9941,9942,10977,1,1036
3616,2,48,9858,9860,10980,2,1122
3648,4,48,9944,9945,10983,1,1039
3622,2,48,9874,9875,10986,1,1112
3653,3,48,9958,9960,10989,2,1031
3628,2,48,9890,9891,10992,1,1102
3654,4,48,9961,9962,10995,1,1034
3634,2,48,9907,9908,10998,1,1091
3659,3,48,9974,9975,11001,1,1027
3640,2,48,9923,9924,11004,1,1081
3660,4,48,9977,9978,11007,1,1030
3646,2,48,9939,9941,11010,2,1071
3665,3,48,9990,9992,11013,2,1023
3652,2,48,9956,9957,11016,1,1060
3666,4,48,9993,9995,11019,2,1026
3658,2,48,9972,9974,11022,2,1050
3664,2,48,9988,9989,11025,1,1037
