Synthesis report
Sun Sep  6 20:01:47 2026
Quartus Prime Version 25.3.1 Build 100 12/19/2025 SC Pro Edition


---------------------
; Table of Contents ;
---------------------
  1. Legal Notice
  2. Synthesis Summary
  3. Synthesis Settings
  4. Parallel Compilation
  5. Synthesis Source Files Read
  6. Synthesis Partition Summary
---- Analysis & Elaboration Stage Reports ----
       7. Ignored Source Level Assignments for User Entity StreamFifo Instance: xbar|io_inputs_0_fifo|fifo
       8. Ignored Source Level Assignments for User Entity StreamFifo_3 Instance: pifoEngines_1|enque_flowIdStream_fifo|fifo
       9. Ignored Source Level Assignments for User Entity StreamFifo_11 Instance: pifoEngines_1|io_outputs_2_fifo|fifo
      10. Ignored Source Level Assignments for User Entity StreamFifo_4 Instance: pifoEngines_1|enque_brain|flowStateUpdate_toStream_fifo|fifo
      11. Ignored Source Level Assignments for User Entity StreamFifo_5 Instance: pifoEngines_1|enque_brain|brainStateUpdate_toStream_fifo|fifo
      12. Ignored Source Level Assignments for User Entity StreamFifo_6 Instance: pifoEngines_1|enque_brain|engineMapper_io_readRes_toStream_fifo|fifo
      13. Ignored Source Level Assignments for User Entity StreamFifo_7 Instance: pifoEngines_1|enque_brain|engineCAM_io_readRes_toStream_fifo|fifo
      14. Ignored Source Level Assignments for User Entity StreamFifo_9 Instance: pifoEngines_1|enque_brain|lastVirtualMapper_io_readRes_toStream_fifo|fifo
      15. Ignored Source Level Assignments for User Entity StreamFifo_10 Instance: pifoEngines_1|enque_brain|io_outputs_4_fifo|fifo
      16. Parameter Settings for User Entity pifo Instance: pifoEngines_1|pifos|core
      17. Parameter Settings for User Entity shift Instance: pifoEngines_1|pifos|core|pop_fidx_inst
      18. Parameter Settings for User Entity shift Instance: pifoEngines_1|pifos|core|push_1_fidx_inst
      19. Parameter Settings for User Entity shift Instance: pifoEngines_1|pifos|core|pop_idx_del_inst
      20. Parameter Settings for User Entity shift Instance: pifoEngines_1|pifos|core|push_idx_del_inst
      21. Parameter Settings for User Entity shift Instance: pifoEngines_1|pifos|core|push_hi_del_inst
      22. Parameter Settings for User Entity pop_pe_idx Instance: pifoEngines_1|pifos|core|pop_idx_inst
      23. Parameter Settings for User Entity push_pe_idx Instance: pifoEngines_1|pifos|core|push_1_idx_inst
      24. Parameter Settings for User Entity push_pe_idx1 Instance: pifoEngines_1|pifos|core|push_2_idx_inst
      25. Parameter Settings for User Entity priority_encode_log Instance: pifoEngines_1|pifos|core|pop_idx_inst|pop_pe
      26. Parameter Settings for User Entity priority_encode_log2 Instance: pifoEngines_1|pifos|core|push_1_idx_inst|push_pe
      27. Parameter Settings for User Entity priority_encode_log1 Instance: pifoEngines_1|pifos|core|push_2_idx_inst|push_pe
      28. Verilog Macro Usage
      29. Hierarchies Optimized Away During Sweep
      30. Top Causes of Logic Optimized Away During Sweep
---- Logic Synthesis Stage Reports ----
      31. Partition "root_partition" Resource Utilization by Entity
      32. Registers Removed During Synthesis
      33. Removed Registers Triggering Further Register Optimizations
      34. General Register Statistics for Partition "root_partition"
      35. Inverted Register Statistics
      36. Multiplexer Restructuring Statistics (Restructuring Performed)
      37. Registers Packed Into Inferred Megafunctions
      38. Source Assignments for io_controlRequest_fifo|logic_ram_rtl_0|auto_generated|altera_syncram_impl1
      39. Source Assignments for pifoEngines_0|enque_enqueMapper|banks_0_rtl_0|auto_generated|altera_syncram_impl1
      40. Source Assignments for pifoEngines_0|enque_enqueMapper|banks_0_rtl_1|auto_generated|altera_syncram_impl1
      41. Source Assignments for pifoEngines_0|enque_enqueMapper|banks_1_rtl_0|auto_generated|altera_syncram_impl1
      42. Source Assignments for pifoEngines_0|enque_enqueMapper|banks_1_rtl_1|auto_generated|altera_syncram_impl1
      43. Source Assignments for pifoEngines_0|deque_dequeMapper|banks_0_rtl_0|auto_generated|altera_syncram_impl1
      44. Source Assignments for pifoEngines_0|deque_dequeMapper|banks_0_rtl_1|auto_generated|altera_syncram_impl1
      45. Source Assignments for pifoEngines_0|deque_dequeMapper|banks_1_rtl_0|auto_generated|altera_syncram_impl1
      46. Source Assignments for pifoEngines_0|deque_dequeMapper|banks_1_rtl_1|auto_generated|altera_syncram_impl1
      47. Source Assignments for pifoEngines_1|enque_enqueMapper|banks_0_rtl_0|auto_generated|altera_syncram_impl1
      48. Source Assignments for pifoEngines_1|enque_enqueMapper|banks_0_rtl_1|auto_generated|altera_syncram_impl1
      49. Source Assignments for pifoEngines_1|enque_enqueMapper|banks_1_rtl_0|auto_generated|altera_syncram_impl1
      50. Source Assignments for pifoEngines_1|enque_enqueMapper|banks_1_rtl_1|auto_generated|altera_syncram_impl1
      51. Source Assignments for pifoEngines_1|deque_dequeMapper|banks_0_rtl_0|auto_generated|altera_syncram_impl1
      52. Source Assignments for pifoEngines_1|deque_dequeMapper|banks_0_rtl_1|auto_generated|altera_syncram_impl1
      53. Source Assignments for pifoEngines_1|deque_dequeMapper|banks_1_rtl_0|auto_generated|altera_syncram_impl1
      54. Source Assignments for pifoEngines_1|deque_dequeMapper|banks_1_rtl_1|auto_generated|altera_syncram_impl1
      55. Source Assignments for pifoEngines_0|enque_brain|engineMapper|ram_rtl_0|auto_generated|altera_syncram_impl1
      56. Source Assignments for pifoEngines_0|enque_brain|lastVirtualMapper|ram_rtl_0|auto_generated|altera_syncram_impl1
      57. Source Assignments for pifoEngines_0|enque_brain|engineCAM|ram_rtl_0|auto_generated|altera_syncram_impl1
      58. Source Assignments for pifoEngines_0|enque_brain|brainStateMem|ram_rtl_0|auto_generated|altera_syncram_impl1
      59. Source Assignments for pifoEngines_1|enque_brain|engineMapper|ram_rtl_0|auto_generated|altera_syncram_impl1
      60. Source Assignments for pifoEngines_1|enque_brain|lastVirtualMapper|ram_rtl_0|auto_generated|altera_syncram_impl1
      61. Source Assignments for pifoEngines_1|enque_brain|engineCAM|ram_rtl_0|auto_generated|altera_syncram_impl1
      62. Source Assignments for pifoEngines_1|enque_brain|brainStateMem|ram_rtl_0|auto_generated|altera_syncram_impl1
      63. Parameter Settings for Inferred Entity Instance: io_controlRequest_fifo|logic_ram_rtl_0
      64. Parameter Settings for Inferred Entity Instance: pifoEngines_0|enque_enqueMapper|banks_0_rtl_0
      65. Parameter Settings for Inferred Entity Instance: pifoEngines_0|enque_enqueMapper|banks_0_rtl_1
      66. Parameter Settings for Inferred Entity Instance: pifoEngines_0|enque_enqueMapper|banks_1_rtl_0
      67. Parameter Settings for Inferred Entity Instance: pifoEngines_0|enque_enqueMapper|banks_1_rtl_1
      68. Parameter Settings for Inferred Entity Instance: pifoEngines_0|deque_dequeMapper|banks_0_rtl_0
      69. Parameter Settings for Inferred Entity Instance: pifoEngines_0|deque_dequeMapper|banks_0_rtl_1
      70. Parameter Settings for Inferred Entity Instance: pifoEngines_0|deque_dequeMapper|banks_1_rtl_0
      71. Parameter Settings for Inferred Entity Instance: pifoEngines_0|deque_dequeMapper|banks_1_rtl_1
      72. Parameter Settings for Inferred Entity Instance: pifoEngines_1|enque_enqueMapper|banks_0_rtl_0
      73. Parameter Settings for Inferred Entity Instance: pifoEngines_1|enque_enqueMapper|banks_0_rtl_1
      74. Parameter Settings for Inferred Entity Instance: pifoEngines_1|enque_enqueMapper|banks_1_rtl_0
      75. Parameter Settings for Inferred Entity Instance: pifoEngines_1|enque_enqueMapper|banks_1_rtl_1
      76. Parameter Settings for Inferred Entity Instance: pifoEngines_1|deque_dequeMapper|banks_0_rtl_0
      77. Parameter Settings for Inferred Entity Instance: pifoEngines_1|deque_dequeMapper|banks_0_rtl_1
      78. Parameter Settings for Inferred Entity Instance: pifoEngines_1|deque_dequeMapper|banks_1_rtl_0
      79. Parameter Settings for Inferred Entity Instance: pifoEngines_1|deque_dequeMapper|banks_1_rtl_1
      80. Parameter Settings for Inferred Entity Instance: pifoEngines_0|enque_brain|engineMapper|ram_rtl_0
      81. Parameter Settings for Inferred Entity Instance: pifoEngines_0|enque_brain|lastVirtualMapper|ram_rtl_0
      82. Parameter Settings for Inferred Entity Instance: pifoEngines_0|enque_brain|engineCAM|ram_rtl_0
      83. Parameter Settings for Inferred Entity Instance: pifoEngines_0|enque_brain|brainStateMem|ram_rtl_0
      84. Parameter Settings for Inferred Entity Instance: pifoEngines_1|enque_brain|engineMapper|ram_rtl_0
      85. Parameter Settings for Inferred Entity Instance: pifoEngines_1|enque_brain|lastVirtualMapper|ram_rtl_0
      86. Parameter Settings for Inferred Entity Instance: pifoEngines_1|enque_brain|engineCAM|ram_rtl_0
      87. Parameter Settings for Inferred Entity Instance: pifoEngines_1|enque_brain|brainStateMem|ram_rtl_0
      88. Post-Synthesis Netlist Statistics for Partition "root_partition"
      89. Synthesis Resource Usage Summary for Partition "root_partition"
      90. Synthesis RAM Summary for Partition "root_partition"
 91. Warnings for rtl/pifo.sv
 92. General Warnings
 93. Synthesis Messages



----------------
; Legal Notice ;
----------------
Copyright (C) 2025  Altera Corporation. All rights reserved.
Your use of Altera Corporation's design tools, logic functions 
and other software and tools, and any partner logic 
functions, and any output files from any of the foregoing 
(including device programming or simulation files), and any 
associated documentation or information are expressly subject 
to the terms and conditions of the Altera Program License 
Subscription Agreement, the Altera Quartus Prime License Agreement,
the Altera IP License Agreement, or other applicable license
agreement, including, without limitation, that your use is for
the sole purpose of programming logic devices manufactured by
Altera and sold by Altera or its authorized distributors.  Please
refer to the Altera Software License Subscription Agreements 
on the Quartus Prime software download page.



+-----------------------------------------------------------------------------------+
; Synthesis Summary                                                                 ;
+--------------------------------------+--------------------------------------------+
; Synthesis Status                     ; Successful - Sun Sep  6 20:01:43 2026      ;
; Revision Name                        ; pifo                                       ;
; Top-level Entity Name                ; PifoMesh                                   ;
; Family                               ; Agilex 7                                   ;
; Quartus Prime Version                ; 25.3.1 Build 100 12/19/2025 SC Pro Edition ;
; Device                               ; AGFB014R24B2E2V                            ;
; Logic utilization estimate (in ALMs) ; 71,478 / 487,200 ( 15 % )                  ;
; Total dedicated logic registers      ; 43176                                      ;
; Estimated DSP Blocks Post-Merging    ; 0                                          ;
+--------------------------------------+--------------------------------------------+


+--------------------------------------------------------------------------------------------------------------------------------------------------+
; Synthesis Settings                                                                                                                               ;
+----------------------------------------------------------------------------------------------+-------------------------+-------------------------+
; Option                                                                                       ; Setting                 ; Default Value           ;
+----------------------------------------------------------------------------------------------+-------------------------+-------------------------+
; Device                                                                                       ; AGFB014R24B2E2V         ;                         ;
; Top-level entity name                                                                        ; PifoMesh                ; pifo                    ;
; Family name                                                                                  ; Agilex 7                ; Cyclone 10 GX           ;
; Maximum processors allowed for parallel compilation                                          ; 8                       ;                         ;
; Enable parallel Assembler and Timing Analyzer during compilation                             ; On                      ; On                      ;
; Enable compact report table                                                                  ; Off                     ; Off                     ;
; Enable Design Assistant in the compilation flow                                              ; On                      ; On                      ;
; Design Assistant include IP blocks                                                           ; Off                     ; Off                     ;
; High fanout net threshold for RAM inference                                                  ; 15                      ; 15                      ;
; Design Assistant limit on reported violations per rule                                       ; 5000                    ; 5000                    ;
; Optimization Mode                                                                            ; Balanced                ; Balanced                ;
; Allow Register Retiming                                                                      ; On                      ; On                      ;
; Allow RAM Retiming                                                                           ; On                      ; On                      ;
; Allow DSP Retiming                                                                           ; On                      ; On                      ;
; Restructure Multiplexers                                                                     ; Auto                    ; Auto                    ;
; Waive gated clock synchronizer check                                                         ; On                      ; On                      ;
; (DEPRECATED) MLAB Add Timing Constraints For Mixed-Port Feed-Through Mode Setting Don't Care ; Off                     ; Off                     ;
; Preserve fewer node names                                                                    ; On                      ; On                      ;
; Altera FPGA IP Evaluation Mode                                                               ; Enable                  ; Enable                  ;
; Verilog Version                                                                              ; Verilog_2001            ; Verilog_2001            ;
; VHDL Version                                                                                 ; VHDL_1993               ; VHDL_1993               ;
; State Machine Processing                                                                     ; Auto                    ; Auto                    ;
; Safe State Machine                                                                           ; Auto                    ; Auto                    ;
; Iteration limit for constant Verilog loops                                                   ; 5000                    ; 5000                    ;
; Iteration limit for non-constant Verilog loops                                               ; 250                     ; 250                     ;
; Infer RAMs from Raw Logic                                                                    ; On                      ; On                      ;
; DSP Action on miss                                                                           ; Ignore                  ; Ignore                  ;
; DSP Block Balancing                                                                          ; Auto                    ; Auto                    ;
; NOT Gate Push-Back                                                                           ; On                      ; On                      ;
; Power-Up Don't Care                                                                          ; On                      ; On                      ;
; Remove Redundant Logic Cells                                                                 ; Off                     ; Off                     ;
; Remove Duplicate Registers                                                                   ; On                      ; On                      ;
; Ignore GLOBAL Buffers                                                                        ; Off                     ; Off                     ;
; Ignore LCELL Buffers                                                                         ; Off                     ; Off                     ;
; Ignore SOFT Buffers                                                                          ; On                      ; On                      ;
; Optimization Technique                                                                       ; Balanced                ; Balanced                ;
; Auto Open-Drain Pins                                                                         ; On                      ; On                      ;
; Perform WYSIWYG Primitive Resynthesis                                                        ; Off                     ; Off                     ;
; Auto ROM Replacement                                                                         ; On                      ; On                      ;
; Auto RAM Replacement                                                                         ; On                      ; On                      ;
; Auto DSP Block Replacement                                                                   ; On                      ; On                      ;
; Auto Shift Register Replacement                                                              ; Auto                    ; Auto                    ;
; Allow Shift Register Merging across Hierarchies                                              ; Auto                    ; Auto                    ;
; Physical Shift Register Inference                                                            ; On                      ; On                      ;
; Auto Clock Enable Replacement                                                                ; On                      ; On                      ;
; Strict RAM Replacement                                                                       ; Off                     ; Off                     ;
; Allow Synchronous Control Signals                                                            ; On                      ; On                      ;
; Force Use of Synchronous Clear Signals                                                       ; Off                     ; Off                     ;
; Auto Resource Sharing                                                                        ; Off                     ; Off                     ;
; Allow Any RAM Size For Recognition                                                           ; Off                     ; Off                     ;
; Allow Any Shift Register Size For Recognition                                                ; Off                     ; Off                     ;
; Ignore translate_off and synthesis_off directives                                            ; Off                     ; Off                     ;
; Report Propagation of Constraints                                                            ; On                      ; On                      ;
; Ignore Maximum Fan-Out Assignments                                                           ; Off                     ; Off                     ;
; Maximum Synchronizer Length Protected during Optimization                                    ; 3                       ; 3                       ;
; Power Optimization During Synthesis                                                          ; Normal compilation      ; Normal compilation      ;
; HDL message level                                                                            ; Level2                  ; Level2                  ;
; Number of Protected Registers Reported in Synthesis Report                                   ; 100                     ; 100                     ;
; Number of Removed Registers Reported in Synthesis Report                                     ; 5000                    ; 5000                    ;
; Number of Optimized Away Hierarchies Reported in Synthesis Report                            ; 100                     ; 100                     ;
; Number of Top Root Causes Reported in Synthesis Report                                       ; 10                      ; 10                      ;
; Group Identical Hierarchies in Optimized Away Hierarchies Report                             ; On                      ; On                      ;
; Number of Swept Nodes Reported in Synthesis Report                                           ; 5000                    ; 5000                    ;
; Number of Inverted Registers Reported in Synthesis Report                                    ; 100                     ; 100                     ;
; Clock MUX Protection                                                                         ; On                      ; On                      ;
; Auto Gated Clock Conversion                                                                  ; Off                     ; Off                     ;
; Block Design Naming                                                                          ; Auto                    ; Auto                    ;
; SDC constraint protection                                                                    ; Off                     ; Off                     ;
; Optimization and Constraint Precedence                                                       ; Prioritize Optimization ; Prioritize Optimization ;
; Synthesis Effort                                                                             ; Auto                    ; Auto                    ;
; Shift Register Replacement - Allow Asynchronous Clear Signal                                 ; On                      ; On                      ;
; Analysis & Synthesis Message Level                                                           ; Medium                  ; Medium                  ;
; Disable Register Merging Across Hierarchies                                                  ; Auto                    ; Auto                    ;
; Resource Aware Inference For Block RAM                                                       ; On                      ; On                      ;
; Automatic Parallel Synthesis                                                                 ; On                      ; On                      ;
; Partial Reconfiguration Bitstream ID                                                         ; Off                     ; Off                     ;
; Disable DSP Negate Inferencing                                                               ; Off                     ; Off                     ;
; Report Parameter Settings                                                                    ; On                      ; On                      ;
; Report Parameter Settings to ASCII                                                           ; On                      ; On                      ;
; Report Source Assignments                                                                    ; On                      ; On                      ;
; Report Source Assignments to ASCII                                                           ; On                      ; On                      ;
; Report Resource Utilization by Entity to ASCII                                               ; On                      ; On                      ;
; Size of the Latch Report                                                                     ; 100                     ; 100                     ;
; Enable VHDL static assertion support                                                         ; Off                     ; Off                     ;
; Enable SystemVerilog static assertion support                                                ; Off                     ; Off                     ;
; Enable State Machines Inference                                                              ; On                      ; On                      ;
; Allow RAMs Inferred In Generate-For Loop For Verilog                                         ; Off                     ; Off                     ;
; Enable formal verification support during compilation                                        ; Off                     ; Off                     ;
; Size of the PR Initial Conditions Report                                                     ; 100                     ; 100                     ;
; Number of Registers with Ignored Power-Up Settings Reported in Synthesis Report              ; 500                     ; 500                     ;
; Report PR Initial Values as Errors                                                           ; Off                     ; Off                     ;
; Fractal Synthesis                                                                            ; Off                     ; Off                     ;
; Aggressive Multiplexer Area Optimization                                                     ; Auto                    ; Auto                    ;
; 6LUT to Extended Mode Conversion                                                             ; Auto                    ; Auto                    ;
; Synthesis Available Resource Multiplier                                                      ; 1                       ; 1                       ;
; Message Level for Unconnected Output Ports                                                   ; Warning                 ; Warning                 ;
; Pack Barrelshifters into Carry Chains for Better Area                                        ; Auto                    ; Auto                    ;
; Initialize Verilog enums to X                                                                ; Off                     ; Off                     ;
; Enable dynamic report                                                                        ; Off                     ; Off                     ;
; Show Collapsible Rows in Ascii Report for Warning Summary Reports                            ; On                      ; On                      ;
; Enable RTL Analysis Debug Mode                                                               ; Off                     ; Off                     ;
; Enable preserve for debug assignments                                                        ; Off                     ; Off                     ;
+----------------------------------------------------------------------------------------------+-------------------------+-------------------------+


+-------------------------------------+
; Parallel Compilation                ;
+----------------------------+--------+
; Processors                 ; Number ;
+----------------------------+--------+
; Number detected on machine ; 128    ;
; Maximum allowed            ; 8      ;
+----------------------------+--------+


+-----------------------------------------------------------------------------------------------------------------------------------------------------------------------------------------------------------------------------------------------------------------------------------------------------------------------------------------------------------------------------------------------------------------------------------------------------------+
; Synthesis Source Files Read                                                                                                                                                                                                                                                                                                                                                                                                                               ;
+-------------------------------------------------------------------------------------------------------------------------------+-----------------------------------------------------------------------------+--------------------------------------------------------------------------------------------------------------------------------------------------------------------+---------+-----------+---------------+----------------------------------+
; File Name with User-Entered Path                                                                                              ; File Type                                                                   ; File Name with Absolute Path                                                                                                                                       ; Library ; IP Source ; Include Files ; MD5                              ;
+-------------------------------------------------------------------------------------------------------------------------------+-----------------------------------------------------------------------------+--------------------------------------------------------------------------------------------------------------------------------------------------------------------+---------+-----------+---------------+----------------------------------+
; rtl/PifoMesh.v                                                                                                                ; User-Specified SystemVerilog HDL File                                       ; /home/zg366/packet-scheduling/pifo-hardware/synthesis/build/stock-pifo/rtl/PifoMesh.v                                                                              ;         ;           ;               ; 6d3ab7ee53f2eb29bba3db611cd2a017 ;
; rtl/pifo.sv                                                                                                                   ; User-Specified SystemVerilog HDL File                                       ; /home/zg366/packet-scheduling/pifo-hardware/synthesis/build/stock-pifo/rtl/pifo.sv                                                                                 ;         ;           ;               ; aea42ad4b87c537f3fdc671c5cfadfed ;
; pifo.sdc                                                                                                                      ; User-Specified SDC File (Read by the Timing Analyzer at each fitter stage)  ; /home/zg366/packet-scheduling/pifo-hardware/synthesis/build/stock-pifo/pifo.sdc                                                                                    ;         ;           ;               ; 9979d8df10e10e52fc063d4869724b0e ;
; rtl/PifoMesh.v_toplevel_pifoEngines_0_enque_enqueMapper_banks_0.bin                                                           ; Auto-Found Hexadecimal (Intel-Format) File                                  ; /home/zg366/packet-scheduling/pifo-hardware/synthesis/build/stock-pifo/rtl/PifoMesh.v_toplevel_pifoEngines_0_enque_enqueMapper_banks_0.bin                         ;         ;           ;               ; 5bc41d805ff7ad10332b13963eeb0c29 ;
; rtl/PifoMesh.v_toplevel_pifoEngines_0_enque_enqueMapper_banks_1.bin                                                           ; Auto-Found Hexadecimal (Intel-Format) File                                  ; /home/zg366/packet-scheduling/pifo-hardware/synthesis/build/stock-pifo/rtl/PifoMesh.v_toplevel_pifoEngines_0_enque_enqueMapper_banks_1.bin                         ;         ;           ;               ; 5bc41d805ff7ad10332b13963eeb0c29 ;
; rtl/PifoMesh.v_toplevel_pifoEngines_0_enque_brain_engineMapper_ram.bin                                                        ; Auto-Found Hexadecimal (Intel-Format) File                                  ; /home/zg366/packet-scheduling/pifo-hardware/synthesis/build/stock-pifo/rtl/PifoMesh.v_toplevel_pifoEngines_0_enque_brain_engineMapper_ram.bin                      ;         ;           ;               ; dcdac67fca3ce48b3c46ea7114188b76 ;
; rtl/PifoMesh.v_toplevel_pifoEngines_0_enque_brain_lastVirtualMapper_ram.bin                                                   ; Auto-Found Hexadecimal (Intel-Format) File                                  ; /home/zg366/packet-scheduling/pifo-hardware/synthesis/build/stock-pifo/rtl/PifoMesh.v_toplevel_pifoEngines_0_enque_brain_lastVirtualMapper_ram.bin                 ;         ;           ;               ; fe9b53bd4335289fe9e60e5c370d33d0 ;
; rtl/PifoMesh.v_toplevel_pifoEngines_0_enque_brain_engineCAM_ram.bin                                                           ; Auto-Found Hexadecimal (Intel-Format) File                                  ; /home/zg366/packet-scheduling/pifo-hardware/synthesis/build/stock-pifo/rtl/PifoMesh.v_toplevel_pifoEngines_0_enque_brain_engineCAM_ram.bin                         ;         ;           ;               ; 6ecf2c3aaf5bf71b74f3f11b5e392f9b ;
; rtl/PifoMesh.v_toplevel_pifoEngines_0_enque_brain_brainStateMem_ram.bin                                                       ; Auto-Found Hexadecimal (Intel-Format) File                                  ; /home/zg366/packet-scheduling/pifo-hardware/synthesis/build/stock-pifo/rtl/PifoMesh.v_toplevel_pifoEngines_0_enque_brain_brainStateMem_ram.bin                     ;         ;           ;               ; c4f9e6b20ee4d57ed487cdc541339727 ;
; rtl/PifoMesh.v_toplevel_pifoEngines_0_deque_dequeMapper_banks_0.bin                                                           ; Auto-Found Hexadecimal (Intel-Format) File                                  ; /home/zg366/packet-scheduling/pifo-hardware/synthesis/build/stock-pifo/rtl/PifoMesh.v_toplevel_pifoEngines_0_deque_dequeMapper_banks_0.bin                         ;         ;           ;               ; 323f2b426bcdc5ffe32fdbe754a78182 ;
; rtl/PifoMesh.v_toplevel_pifoEngines_0_deque_dequeMapper_banks_1.bin                                                           ; Auto-Found Hexadecimal (Intel-Format) File                                  ; /home/zg366/packet-scheduling/pifo-hardware/synthesis/build/stock-pifo/rtl/PifoMesh.v_toplevel_pifoEngines_0_deque_dequeMapper_banks_1.bin                         ;         ;           ;               ; 323f2b426bcdc5ffe32fdbe754a78182 ;
; rtl/PifoMesh.v_toplevel_pifoEngines_1_enque_enqueMapper_banks_0.bin                                                           ; Auto-Found Hexadecimal (Intel-Format) File                                  ; /home/zg366/packet-scheduling/pifo-hardware/synthesis/build/stock-pifo/rtl/PifoMesh.v_toplevel_pifoEngines_1_enque_enqueMapper_banks_0.bin                         ;         ;           ;               ; 5bc41d805ff7ad10332b13963eeb0c29 ;
; rtl/PifoMesh.v_toplevel_pifoEngines_1_enque_enqueMapper_banks_1.bin                                                           ; Auto-Found Hexadecimal (Intel-Format) File                                  ; /home/zg366/packet-scheduling/pifo-hardware/synthesis/build/stock-pifo/rtl/PifoMesh.v_toplevel_pifoEngines_1_enque_enqueMapper_banks_1.bin                         ;         ;           ;               ; 5bc41d805ff7ad10332b13963eeb0c29 ;
; rtl/PifoMesh.v_toplevel_pifoEngines_1_enque_brain_engineMapper_ram.bin                                                        ; Auto-Found Hexadecimal (Intel-Format) File                                  ; /home/zg366/packet-scheduling/pifo-hardware/synthesis/build/stock-pifo/rtl/PifoMesh.v_toplevel_pifoEngines_1_enque_brain_engineMapper_ram.bin                      ;         ;           ;               ; dcdac67fca3ce48b3c46ea7114188b76 ;
; rtl/PifoMesh.v_toplevel_pifoEngines_1_enque_brain_lastVirtualMapper_ram.bin                                                   ; Auto-Found Hexadecimal (Intel-Format) File                                  ; /home/zg366/packet-scheduling/pifo-hardware/synthesis/build/stock-pifo/rtl/PifoMesh.v_toplevel_pifoEngines_1_enque_brain_lastVirtualMapper_ram.bin                 ;         ;           ;               ; fe9b53bd4335289fe9e60e5c370d33d0 ;
; rtl/PifoMesh.v_toplevel_pifoEngines_1_enque_brain_engineCAM_ram.bin                                                           ; Auto-Found Hexadecimal (Intel-Format) File                                  ; /home/zg366/packet-scheduling/pifo-hardware/synthesis/build/stock-pifo/rtl/PifoMesh.v_toplevel_pifoEngines_1_enque_brain_engineCAM_ram.bin                         ;         ;           ;               ; 6ecf2c3aaf5bf71b74f3f11b5e392f9b ;
; rtl/PifoMesh.v_toplevel_pifoEngines_1_enque_brain_brainStateMem_ram.bin                                                       ; Auto-Found Hexadecimal (Intel-Format) File                                  ; /home/zg366/packet-scheduling/pifo-hardware/synthesis/build/stock-pifo/rtl/PifoMesh.v_toplevel_pifoEngines_1_enque_brain_brainStateMem_ram.bin                     ;         ;           ;               ; c4f9e6b20ee4d57ed487cdc541339727 ;
; rtl/PifoMesh.v_toplevel_pifoEngines_1_deque_dequeMapper_banks_0.bin                                                           ; Auto-Found Hexadecimal (Intel-Format) File                                  ; /home/zg366/packet-scheduling/pifo-hardware/synthesis/build/stock-pifo/rtl/PifoMesh.v_toplevel_pifoEngines_1_deque_dequeMapper_banks_0.bin                         ;         ;           ;               ; 323f2b426bcdc5ffe32fdbe754a78182 ;
; rtl/PifoMesh.v_toplevel_pifoEngines_1_deque_dequeMapper_banks_1.bin                                                           ; Auto-Found Hexadecimal (Intel-Format) File                                  ; /home/zg366/packet-scheduling/pifo-hardware/synthesis/build/stock-pifo/rtl/PifoMesh.v_toplevel_pifoEngines_1_deque_dequeMapper_banks_1.bin                         ;         ;           ;               ; 323f2b426bcdc5ffe32fdbe754a78182 ;
; /data/work/quartus/quartus/libraries/megafunctions/altera_syncram.tdf                                                         ; Megafunction                                                                ; /data/work/quartus/quartus/libraries/megafunctions/altera_syncram.tdf                                                                                              ; work    ;           ;               ;                                  ;
; cbx.lst                                                                                                                       ; Auto-Found Unspecified File                                                 ; /data/work/quartus/quartus/libraries/megafunctions/cbx.lst                                                                                                         ;         ;           ;               ;                                  ;
; /home/zg366/packet-scheduling/pifo-hardware/synthesis/build/stock-pifo/tmp-clearbox/pifo/245246/altera_syncram_rlt11.tdf      ; Auto-Generated Megafunction                                                 ; /home/zg366/packet-scheduling/pifo-hardware/synthesis/build/stock-pifo/tmp-clearbox/pifo/245246/altera_syncram_rlt11.tdf                                           ;         ;           ;               ;                                  ;
; /home/zg366/packet-scheduling/pifo-hardware/synthesis/build/stock-pifo/tmp-clearbox/pifo/245246/altera_syncram_impl_mcjg1.tdf ; Auto-Generated Megafunction                                                 ; /home/zg366/packet-scheduling/pifo-hardware/synthesis/build/stock-pifo/tmp-clearbox/pifo/245246/altera_syncram_impl_mcjg1.tdf                                      ;         ;           ;               ;                                  ;
; /home/zg366/packet-scheduling/pifo-hardware/synthesis/build/stock-pifo/tmp-clearbox/pifo/245246/altera_syncram_q983.tdf       ; Auto-Generated Megafunction                                                 ; /home/zg366/packet-scheduling/pifo-hardware/synthesis/build/stock-pifo/tmp-clearbox/pifo/245246/altera_syncram_q983.tdf                                            ;         ;           ;               ;                                  ;
; /home/zg366/packet-scheduling/pifo-hardware/synthesis/build/stock-pifo/tmp-clearbox/pifo/245246/altera_syncram_impl_8c631.tdf ; Auto-Generated Megafunction                                                 ; /home/zg366/packet-scheduling/pifo-hardware/synthesis/build/stock-pifo/tmp-clearbox/pifo/245246/altera_syncram_impl_8c631.tdf                                      ;         ;           ;               ;                                  ;
; qdb/_compiler/pifo/root_partition/25.3.1/partitioned/1/mifs/ram0_PifoMesh_a88d83e7.hdl.mif                                    ; Auto-Found Memory Initialization File                                       ; /home/zg366/packet-scheduling/pifo-hardware/synthesis/build/stock-pifo/qdb/_compiler/pifo/root_partition/25.3.1/partitioned/1/mifs/ram0_PifoMesh_a88d83e7.hdl.mif  ;         ;           ;               ;                                  ;
; /home/zg366/packet-scheduling/pifo-hardware/synthesis/build/stock-pifo/tmp-clearbox/pifo/245246/altera_syncram_i4p9.tdf       ; Auto-Generated Megafunction                                                 ; /home/zg366/packet-scheduling/pifo-hardware/synthesis/build/stock-pifo/tmp-clearbox/pifo/245246/altera_syncram_i4p9.tdf                                            ;         ;           ;               ;                                  ;
; /home/zg366/packet-scheduling/pifo-hardware/synthesis/build/stock-pifo/tmp-clearbox/pifo/245246/altera_syncram_impl_kpjv1.tdf ; Auto-Generated Megafunction                                                 ; /home/zg366/packet-scheduling/pifo-hardware/synthesis/build/stock-pifo/tmp-clearbox/pifo/245246/altera_syncram_impl_kpjv1.tdf                                      ;         ;           ;               ;                                  ;
; /home/zg366/packet-scheduling/pifo-hardware/synthesis/build/stock-pifo/tmp-clearbox/pifo/245246/decode_nsla1.tdf              ; Auto-Generated Megafunction                                                 ; /home/zg366/packet-scheduling/pifo-hardware/synthesis/build/stock-pifo/tmp-clearbox/pifo/245246/decode_nsla1.tdf                                                   ;         ;           ;               ;                                  ;
; /home/zg366/packet-scheduling/pifo-hardware/synthesis/build/stock-pifo/tmp-clearbox/pifo/245246/mux_chf3.tdf                  ; Auto-Generated Megafunction                                                 ; /home/zg366/packet-scheduling/pifo-hardware/synthesis/build/stock-pifo/tmp-clearbox/pifo/245246/mux_chf3.tdf                                                       ;         ;           ;               ;                                  ;
; qdb/_compiler/pifo/root_partition/25.3.1/partitioned/1/mifs/ram1_PifoMesh_a88d83e7.hdl.mif                                    ; Auto-Found Memory Initialization File                                       ; /home/zg366/packet-scheduling/pifo-hardware/synthesis/build/stock-pifo/qdb/_compiler/pifo/root_partition/25.3.1/partitioned/1/mifs/ram1_PifoMesh_a88d83e7.hdl.mif  ;         ;           ;               ;                                  ;
; /home/zg366/packet-scheduling/pifo-hardware/synthesis/build/stock-pifo/tmp-clearbox/pifo/245246/altera_syncram_jvb31.tdf      ; Auto-Generated Megafunction                                                 ; /home/zg366/packet-scheduling/pifo-hardware/synthesis/build/stock-pifo/tmp-clearbox/pifo/245246/altera_syncram_jvb31.tdf                                           ;         ;           ;               ;                                  ;
; /home/zg366/packet-scheduling/pifo-hardware/synthesis/build/stock-pifo/tmp-clearbox/pifo/245246/altera_syncram_impl_rraq1.tdf ; Auto-Generated Megafunction                                                 ; /home/zg366/packet-scheduling/pifo-hardware/synthesis/build/stock-pifo/tmp-clearbox/pifo/245246/altera_syncram_impl_rraq1.tdf                                      ;         ;           ;               ;                                  ;
; qdb/_compiler/pifo/root_partition/25.3.1/partitioned/1/mifs/ram2_PifoMesh_a88d83e7.hdl.mif                                    ; Auto-Found Memory Initialization File                                       ; /home/zg366/packet-scheduling/pifo-hardware/synthesis/build/stock-pifo/qdb/_compiler/pifo/root_partition/25.3.1/partitioned/1/mifs/ram2_PifoMesh_a88d83e7.hdl.mif  ;         ;           ;               ;                                  ;
; /home/zg366/packet-scheduling/pifo-hardware/synthesis/build/stock-pifo/tmp-clearbox/pifo/245246/altera_syncram_bqs91.tdf      ; Auto-Generated Megafunction                                                 ; /home/zg366/packet-scheduling/pifo-hardware/synthesis/build/stock-pifo/tmp-clearbox/pifo/245246/altera_syncram_bqs91.tdf                                           ;         ;           ;               ;                                  ;
; /home/zg366/packet-scheduling/pifo-hardware/synthesis/build/stock-pifo/tmp-clearbox/pifo/245246/altera_syncram_impl_69oc.tdf  ; Auto-Generated Megafunction                                                 ; /home/zg366/packet-scheduling/pifo-hardware/synthesis/build/stock-pifo/tmp-clearbox/pifo/245246/altera_syncram_impl_69oc.tdf                                       ;         ;           ;               ;                                  ;
; qdb/_compiler/pifo/root_partition/25.3.1/partitioned/1/mifs/ram3_PifoMesh_a88d83e7.hdl.mif                                    ; Auto-Found Memory Initialization File                                       ; /home/zg366/packet-scheduling/pifo-hardware/synthesis/build/stock-pifo/qdb/_compiler/pifo/root_partition/25.3.1/partitioned/1/mifs/ram3_PifoMesh_a88d83e7.hdl.mif  ;         ;           ;               ;                                  ;
; /home/zg366/packet-scheduling/pifo-hardware/synthesis/build/stock-pifo/tmp-clearbox/pifo/245246/altera_syncram_c4q62.tdf      ; Auto-Generated Megafunction                                                 ; /home/zg366/packet-scheduling/pifo-hardware/synthesis/build/stock-pifo/tmp-clearbox/pifo/245246/altera_syncram_c4q62.tdf                                           ;         ;           ;               ;                                  ;
; /home/zg366/packet-scheduling/pifo-hardware/synthesis/build/stock-pifo/tmp-clearbox/pifo/245246/altera_syncram_impl_67q4.tdf  ; Auto-Generated Megafunction                                                 ; /home/zg366/packet-scheduling/pifo-hardware/synthesis/build/stock-pifo/tmp-clearbox/pifo/245246/altera_syncram_impl_67q4.tdf                                       ;         ;           ;               ;                                  ;
; qdb/_compiler/pifo/root_partition/25.3.1/partitioned/1/mifs/ram4_PifoMesh_a88d83e7.hdl.mif                                    ; Auto-Found Memory Initialization File                                       ; /home/zg366/packet-scheduling/pifo-hardware/synthesis/build/stock-pifo/qdb/_compiler/pifo/root_partition/25.3.1/partitioned/1/mifs/ram4_PifoMesh_a88d83e7.hdl.mif  ;         ;           ;               ;                                  ;
; /home/zg366/packet-scheduling/pifo-hardware/synthesis/build/stock-pifo/tmp-clearbox/pifo/245246/altera_syncram_suaf1.tdf      ; Auto-Generated Megafunction                                                 ; /home/zg366/packet-scheduling/pifo-hardware/synthesis/build/stock-pifo/tmp-clearbox/pifo/245246/altera_syncram_suaf1.tdf                                           ;         ;           ;               ;                                  ;
; /home/zg366/packet-scheduling/pifo-hardware/synthesis/build/stock-pifo/tmp-clearbox/pifo/245246/altera_syncram_impl_06el.tdf  ; Auto-Generated Megafunction                                                 ; /home/zg366/packet-scheduling/pifo-hardware/synthesis/build/stock-pifo/tmp-clearbox/pifo/245246/altera_syncram_impl_06el.tdf                                       ;         ;           ;               ;                                  ;
; qdb/_compiler/pifo/root_partition/25.3.1/partitioned/1/mifs/ram5_PifoMesh_a88d83e7.hdl.mif                                    ; Auto-Found Memory Initialization File                                       ; /home/zg366/packet-scheduling/pifo-hardware/synthesis/build/stock-pifo/qdb/_compiler/pifo/root_partition/25.3.1/partitioned/1/mifs/ram5_PifoMesh_a88d83e7.hdl.mif  ;         ;           ;               ;                                  ;
; /home/zg366/packet-scheduling/pifo-hardware/synthesis/build/stock-pifo/tmp-clearbox/pifo/245246/altera_syncram_10i01.tdf      ; Auto-Generated Megafunction                                                 ; /home/zg366/packet-scheduling/pifo-hardware/synthesis/build/stock-pifo/tmp-clearbox/pifo/245246/altera_syncram_10i01.tdf                                           ;         ;           ;               ;                                  ;
; /home/zg366/packet-scheduling/pifo-hardware/synthesis/build/stock-pifo/tmp-clearbox/pifo/245246/altera_syncram_impl_6t6f.tdf  ; Auto-Generated Megafunction                                                 ; /home/zg366/packet-scheduling/pifo-hardware/synthesis/build/stock-pifo/tmp-clearbox/pifo/245246/altera_syncram_impl_6t6f.tdf                                       ;         ;           ;               ;                                  ;
; /home/zg366/packet-scheduling/pifo-hardware/synthesis/build/stock-pifo/tmp-clearbox/pifo/245246/mux_1mrl.tdf                  ; Auto-Generated Megafunction                                                 ; /home/zg366/packet-scheduling/pifo-hardware/synthesis/build/stock-pifo/tmp-clearbox/pifo/245246/mux_1mrl.tdf                                                       ;         ;           ;               ;                                  ;
; qdb/_compiler/pifo/root_partition/25.3.1/partitioned/1/mifs/ram6_PifoMesh_a88d83e7.hdl.mif                                    ; Auto-Found Memory Initialization File                                       ; /home/zg366/packet-scheduling/pifo-hardware/synthesis/build/stock-pifo/qdb/_compiler/pifo/root_partition/25.3.1/partitioned/1/mifs/ram6_PifoMesh_a88d83e7.hdl.mif  ;         ;           ;               ;                                  ;
; /home/zg366/packet-scheduling/pifo-hardware/synthesis/build/stock-pifo/tmp-clearbox/pifo/245246/altera_syncram_c3p1.tdf       ; Auto-Generated Megafunction                                                 ; /home/zg366/packet-scheduling/pifo-hardware/synthesis/build/stock-pifo/tmp-clearbox/pifo/245246/altera_syncram_c3p1.tdf                                            ;         ;           ;               ;                                  ;
; /home/zg366/packet-scheduling/pifo-hardware/synthesis/build/stock-pifo/tmp-clearbox/pifo/245246/altera_syncram_impl_gf722.tdf ; Auto-Generated Megafunction                                                 ; /home/zg366/packet-scheduling/pifo-hardware/synthesis/build/stock-pifo/tmp-clearbox/pifo/245246/altera_syncram_impl_gf722.tdf                                      ;         ;           ;               ;                                  ;
; qdb/_compiler/pifo/root_partition/25.3.1/partitioned/1/mifs/ram7_PifoMesh_a88d83e7.hdl.mif                                    ; Auto-Found Memory Initialization File                                       ; /home/zg366/packet-scheduling/pifo-hardware/synthesis/build/stock-pifo/qdb/_compiler/pifo/root_partition/25.3.1/partitioned/1/mifs/ram7_PifoMesh_a88d83e7.hdl.mif  ;         ;           ;               ;                                  ;
; /home/zg366/packet-scheduling/pifo-hardware/synthesis/build/stock-pifo/tmp-clearbox/pifo/245246/altera_syncram_tf1t1.tdf      ; Auto-Generated Megafunction                                                 ; /home/zg366/packet-scheduling/pifo-hardware/synthesis/build/stock-pifo/tmp-clearbox/pifo/245246/altera_syncram_tf1t1.tdf                                           ;         ;           ;               ;                                  ;
; /home/zg366/packet-scheduling/pifo-hardware/synthesis/build/stock-pifo/tmp-clearbox/pifo/245246/altera_syncram_impl_c63j1.tdf ; Auto-Generated Megafunction                                                 ; /home/zg366/packet-scheduling/pifo-hardware/synthesis/build/stock-pifo/tmp-clearbox/pifo/245246/altera_syncram_impl_c63j1.tdf                                      ;         ;           ;               ;                                  ;
; qdb/_compiler/pifo/root_partition/25.3.1/partitioned/1/mifs/ram8_PifoMesh_a88d83e7.hdl.mif                                    ; Auto-Found Memory Initialization File                                       ; /home/zg366/packet-scheduling/pifo-hardware/synthesis/build/stock-pifo/qdb/_compiler/pifo/root_partition/25.3.1/partitioned/1/mifs/ram8_PifoMesh_a88d83e7.hdl.mif  ;         ;           ;               ;                                  ;
; /home/zg366/packet-scheduling/pifo-hardware/synthesis/build/stock-pifo/tmp-clearbox/pifo/245246/altera_syncram_dai51.tdf      ; Auto-Generated Megafunction                                                 ; /home/zg366/packet-scheduling/pifo-hardware/synthesis/build/stock-pifo/tmp-clearbox/pifo/245246/altera_syncram_dai51.tdf                                           ;         ;           ;               ;                                  ;
; /home/zg366/packet-scheduling/pifo-hardware/synthesis/build/stock-pifo/tmp-clearbox/pifo/245246/altera_syncram_impl_65n32.tdf ; Auto-Generated Megafunction                                                 ; /home/zg366/packet-scheduling/pifo-hardware/synthesis/build/stock-pifo/tmp-clearbox/pifo/245246/altera_syncram_impl_65n32.tdf                                      ;         ;           ;               ;                                  ;
; qdb/_compiler/pifo/root_partition/25.3.1/partitioned/1/mifs/ram9_PifoMesh_a88d83e7.hdl.mif                                    ; Auto-Found Memory Initialization File                                       ; /home/zg366/packet-scheduling/pifo-hardware/synthesis/build/stock-pifo/qdb/_compiler/pifo/root_partition/25.3.1/partitioned/1/mifs/ram9_PifoMesh_a88d83e7.hdl.mif  ;         ;           ;               ;                                  ;
; /home/zg366/packet-scheduling/pifo-hardware/synthesis/build/stock-pifo/tmp-clearbox/pifo/245246/altera_syncram_9ola.tdf       ; Auto-Generated Megafunction                                                 ; /home/zg366/packet-scheduling/pifo-hardware/synthesis/build/stock-pifo/tmp-clearbox/pifo/245246/altera_syncram_9ola.tdf                                            ;         ;           ;               ;                                  ;
; /home/zg366/packet-scheduling/pifo-hardware/synthesis/build/stock-pifo/tmp-clearbox/pifo/245246/altera_syncram_impl_e9i71.tdf ; Auto-Generated Megafunction                                                 ; /home/zg366/packet-scheduling/pifo-hardware/synthesis/build/stock-pifo/tmp-clearbox/pifo/245246/altera_syncram_impl_e9i71.tdf                                      ;         ;           ;               ;                                  ;
; qdb/_compiler/pifo/root_partition/25.3.1/partitioned/1/mifs/ram10_PifoMesh_a88d83e7.hdl.mif                                   ; Auto-Found Memory Initialization File                                       ; /home/zg366/packet-scheduling/pifo-hardware/synthesis/build/stock-pifo/qdb/_compiler/pifo/root_partition/25.3.1/partitioned/1/mifs/ram10_PifoMesh_a88d83e7.hdl.mif ;         ;           ;               ;                                  ;
; /home/zg366/packet-scheduling/pifo-hardware/synthesis/build/stock-pifo/tmp-clearbox/pifo/245246/altera_syncram_b0ii.tdf       ; Auto-Generated Megafunction                                                 ; /home/zg366/packet-scheduling/pifo-hardware/synthesis/build/stock-pifo/tmp-clearbox/pifo/245246/altera_syncram_b0ii.tdf                                            ;         ;           ;               ;                                  ;
; /home/zg366/packet-scheduling/pifo-hardware/synthesis/build/stock-pifo/tmp-clearbox/pifo/245246/altera_syncram_impl_f0432.tdf ; Auto-Generated Megafunction                                                 ; /home/zg366/packet-scheduling/pifo-hardware/synthesis/build/stock-pifo/tmp-clearbox/pifo/245246/altera_syncram_impl_f0432.tdf                                      ;         ;           ;               ;                                  ;
; qdb/_compiler/pifo/root_partition/25.3.1/partitioned/1/mifs/ram11_PifoMesh_a88d83e7.hdl.mif                                   ; Auto-Found Memory Initialization File                                       ; /home/zg366/packet-scheduling/pifo-hardware/synthesis/build/stock-pifo/qdb/_compiler/pifo/root_partition/25.3.1/partitioned/1/mifs/ram11_PifoMesh_a88d83e7.hdl.mif ;         ;           ;               ;                                  ;
+-------------------------------------------------------------------------------------------------------------------------------+-----------------------------------------------------------------------------+--------------------------------------------------------------------------------------------------------------------------------------------------------------------+---------+-----------+---------------+----------------------------------+


+--------------------------------------------------------------------------------------------+
; Synthesis Partition Summary                                                                ;
+----------------+----------------+---------+--------------+-------+-------------------------+
; Partition Name ; Hierarchy Path ; Type    ; Preservation ; Empty ; Partition Database File ;
+----------------+----------------+---------+--------------+-------+-------------------------+
; root_partition ; |              ; Default ;              ;       ;                         ;
+----------------+----------------+---------+--------------+-------+-------------------------+


+--------------------------------------------------------------------------------------------------+
; Ignored Source Level Assignments for User Entity StreamFifo Instance: xbar|io_inputs_0_fifo|fifo ;
+------------+---------------+-----------+-------------------------+-------------------------------+
; Assignment ; Value         ; To        ; Reason                  ; Source Location               ;
+------------+---------------+-----------+-------------------------+-------------------------------+
; ram_style  ; "distributed" ; logic_ram ; Invalid assignment name ; rtl/PifoMesh.v:10555          ;
+------------+---------------+-----------+-------------------------+-------------------------------+
All Instances:
xbar|io_inputs_2_fifo|fifo
xbar|io_inputs_1_fifo|fifo
xbar|io_inputs_0_fifo|fifo



+--------------------------------------------------------------------------------------------------------------------+
; Ignored Source Level Assignments for User Entity StreamFifo_3 Instance: pifoEngines_1|enque_flowIdStream_fifo|fifo ;
+------------+---------------+-----------+-------------------------+-------------------------------------------------+
; Assignment ; Value         ; To        ; Reason                  ; Source Location                                 ;
+------------+---------------+-----------+-------------------------+-------------------------------------------------+
; ram_style  ; "distributed" ; logic_ram ; Invalid assignment name ; rtl/PifoMesh.v:10406                            ;
+------------+---------------+-----------+-------------------------+-------------------------------------------------+
All Instances:
pifoEngines_0|enque_flowIdStream_fifo|fifo
pifoEngines_1|enque_flowIdStream_fifo|fifo



+---------------------------------------------------------------------------------------------------------------+
; Ignored Source Level Assignments for User Entity StreamFifo_11 Instance: pifoEngines_1|io_outputs_2_fifo|fifo ;
+------------+---------------+-----------+-------------------------+--------------------------------------------+
; Assignment ; Value         ; To        ; Reason                  ; Source Location                            ;
+------------+---------------+-----------+-------------------------+--------------------------------------------+
; ram_style  ; "distributed" ; logic_ram ; Invalid assignment name ; rtl/PifoMesh.v:9325                        ;
+------------+---------------+-----------+-------------------------+--------------------------------------------+
All Instances:
pifoEngines_0|io_outputs_2_fifo|fifo
pifoEngines_1|io_outputs_2_fifo|fifo



+--------------------------------------------------------------------------------------------------------------------------------------+
; Ignored Source Level Assignments for User Entity StreamFifo_4 Instance: pifoEngines_1|enque_brain|flowStateUpdate_toStream_fifo|fifo ;
+------------+---------------+-----------+-------------------------+-------------------------------------------------------------------+
; Assignment ; Value         ; To        ; Reason                  ; Source Location                                                   ;
+------------+---------------+-----------+-------------------------+-------------------------------------------------------------------+
; ram_style  ; "distributed" ; logic_ram ; Invalid assignment name ; rtl/PifoMesh.v:11364                                              ;
+------------+---------------+-----------+-------------------------+-------------------------------------------------------------------+
All Instances:
pifoEngines_0|enque_brain|flowStateUpdate_toStream_fifo|fifo
pifoEngines_1|enque_brain|flowStateUpdate_toStream_fifo|fifo



+---------------------------------------------------------------------------------------------------------------------------------------+
; Ignored Source Level Assignments for User Entity StreamFifo_5 Instance: pifoEngines_1|enque_brain|brainStateUpdate_toStream_fifo|fifo ;
+------------+---------------+-----------+-------------------------+--------------------------------------------------------------------+
; Assignment ; Value         ; To        ; Reason                  ; Source Location                                                    ;
+------------+---------------+-----------+-------------------------+--------------------------------------------------------------------+
; ram_style  ; "distributed" ; logic_ram ; Invalid assignment name ; rtl/PifoMesh.v:11219                                               ;
+------------+---------------+-----------+-------------------------+--------------------------------------------------------------------+
All Instances:
pifoEngines_0|enque_brain|brainStateUpdate_toStream_fifo|fifo
pifoEngines_1|enque_brain|brainStateUpdate_toStream_fifo|fifo



+----------------------------------------------------------------------------------------------------------------------------------------------+
; Ignored Source Level Assignments for User Entity StreamFifo_6 Instance: pifoEngines_1|enque_brain|engineMapper_io_readRes_toStream_fifo|fifo ;
+------------+---------------+-----------+-------------------------+---------------------------------------------------------------------------+
; Assignment ; Value         ; To        ; Reason                  ; Source Location                                                           ;
+------------+---------------+-----------+-------------------------+---------------------------------------------------------------------------+
; ram_style  ; "distributed" ; logic_ram ; Invalid assignment name ; rtl/PifoMesh.v:11085                                                      ;
+------------+---------------+-----------+-------------------------+---------------------------------------------------------------------------+
All Instances:
pifoEngines_0|enque_brain|engineMapper_io_readRes_toStream_fifo|fifo
pifoEngines_1|enque_brain|engineMapper_io_readRes_toStream_fifo|fifo



+-------------------------------------------------------------------------------------------------------------------------------------------+
; Ignored Source Level Assignments for User Entity StreamFifo_7 Instance: pifoEngines_1|enque_brain|engineCAM_io_readRes_toStream_fifo|fifo ;
+------------+---------------+-----------+-------------------------+------------------------------------------------------------------------+
; Assignment ; Value         ; To        ; Reason                  ; Source Location                                                        ;
+------------+---------------+-----------+-------------------------+------------------------------------------------------------------------+
; ram_style  ; "distributed" ; logic_ram ; Invalid assignment name ; rtl/PifoMesh.v:10957                                                   ;
+------------+---------------+-----------+-------------------------+------------------------------------------------------------------------+
All Instances:
pifoEngines_0|enque_brain|brainStateMem_io_readRes_toStream_fifo|fifo
pifoEngines_0|enque_brain|engineCAM_io_readRes_toStream_fifo|fifo
pifoEngines_1|enque_brain|brainStateMem_io_readRes_toStream_fifo|fifo
pifoEngines_1|enque_brain|engineCAM_io_readRes_toStream_fifo|fifo



+---------------------------------------------------------------------------------------------------------------------------------------------------+
; Ignored Source Level Assignments for User Entity StreamFifo_9 Instance: pifoEngines_1|enque_brain|lastVirtualMapper_io_readRes_toStream_fifo|fifo ;
+------------+---------------+-----------+-------------------------+--------------------------------------------------------------------------------+
; Assignment ; Value         ; To        ; Reason                  ; Source Location                                                                ;
+------------+---------------+-----------+-------------------------+--------------------------------------------------------------------------------+
; ram_style  ; "distributed" ; logic_ram ; Invalid assignment name ; rtl/PifoMesh.v:10827                                                           ;
+------------+---------------+-----------+-------------------------+--------------------------------------------------------------------------------+
All Instances:
pifoEngines_0|enque_brain|lastVirtualMapper_io_readRes_toStream_fifo|fifo
pifoEngines_1|enque_brain|lastVirtualMapper_io_readRes_toStream_fifo|fifo



+---------------------------------------------------------------------------------------------------------------------------+
; Ignored Source Level Assignments for User Entity StreamFifo_10 Instance: pifoEngines_1|enque_brain|io_outputs_4_fifo|fifo ;
+------------+---------------+-----------+-------------------------+--------------------------------------------------------+
; Assignment ; Value         ; To        ; Reason                  ; Source Location                                        ;
+------------+---------------+-----------+-------------------------+--------------------------------------------------------+
; ram_style  ; "distributed" ; logic_ram ; Invalid assignment name ; rtl/PifoMesh.v:10688                                   ;
+------------+---------------+-----------+-------------------------+--------------------------------------------------------+
All Instances:
pifoEngines_0|enque_brain|io_outputs_4_fifo|fifo
pifoEngines_1|enque_brain|io_outputs_4_fifo|fifo



+----------------------------------------------------------------------------+
; Parameter Settings for User Entity pifo Instance: pifoEngines_1|pifos|core ;
+----------------+-------+---------------------------------------------------+
; Parameter Name ; Value ; Type                                              ;
+----------------+-------+---------------------------------------------------+
; BITDATA        ; 7     ; Signed Integer                                    ;
; BITPORT        ; 5     ; Signed Integer                                    ;
; BITPRIO        ; 8     ; Signed Integer                                    ;
; NUMPIFO        ; 1024  ; Signed Integer                                    ;
; PIFO_ID        ; 0     ; Signed Integer                                    ;
+----------------+-------+---------------------------------------------------+
All Instances:
pifoEngines_0|pifos|core
pifoEngines_1|pifos|core



+-------------------------------------------------------------------------------------------+
; Parameter Settings for User Entity shift Instance: pifoEngines_1|pifos|core|pop_fidx_inst ;
+----------------+-------+------------------------------------------------------------------+
; Parameter Name ; Value ; Type                                                             ;
+----------------+-------+------------------------------------------------------------------+
; BITDATA        ; 6     ; Signed Integer                                                   ;
; DELAY          ; 1     ; Signed Integer                                                   ;
+----------------+-------+------------------------------------------------------------------+
All Instances:
pifoEngines_0|pifos|core|pop_fidx_inst
pifoEngines_1|pifos|core|pop_fidx_inst



+----------------------------------------------------------------------------------------------+
; Parameter Settings for User Entity shift Instance: pifoEngines_1|pifos|core|push_1_fidx_inst ;
+----------------+-------+---------------------------------------------------------------------+
; Parameter Name ; Value ; Type                                                                ;
+----------------+-------+---------------------------------------------------------------------+
; BITDATA        ; 22    ; Signed Integer                                                      ;
; DELAY          ; 1     ; Signed Integer                                                      ;
+----------------+-------+---------------------------------------------------------------------+
All Instances:
pifoEngines_0|pifos|core|push_2_fidx_inst
pifoEngines_1|pifos|core|push_2_fidx_inst
pifoEngines_0|pifos|core|push_1_fidx_inst
pifoEngines_1|pifos|core|push_1_fidx_inst



+----------------------------------------------------------------------------------------------+
; Parameter Settings for User Entity shift Instance: pifoEngines_1|pifos|core|pop_idx_del_inst ;
+----------------+-------+---------------------------------------------------------------------+
; Parameter Name ; Value ; Type                                                                ;
+----------------+-------+---------------------------------------------------------------------+
; BITDATA        ; 11    ; Signed Integer                                                      ;
; DELAY          ; 1     ; Signed Integer                                                      ;
+----------------+-------+---------------------------------------------------------------------+
All Instances:
pifoEngines_0|pifos|core|pop_idx_del_inst
pifoEngines_1|pifos|core|pop_idx_del_inst



+-----------------------------------------------------------------------------------------------+
; Parameter Settings for User Entity shift Instance: pifoEngines_1|pifos|core|push_idx_del_inst ;
+----------------+-------+----------------------------------------------------------------------+
; Parameter Name ; Value ; Type                                                                 ;
+----------------+-------+----------------------------------------------------------------------+
; BITDATA        ; 20    ; Signed Integer                                                       ;
; DELAY          ; 1     ; Signed Integer                                                       ;
+----------------+-------+----------------------------------------------------------------------+
All Instances:
pifoEngines_0|pifos|core|push_idx_raw_del_inst
pifoEngines_1|pifos|core|push_idx_raw_del_inst
pifoEngines_0|pifos|core|push_idx_del_inst
pifoEngines_1|pifos|core|push_idx_del_inst



+----------------------------------------------------------------------------------------------+
; Parameter Settings for User Entity shift Instance: pifoEngines_1|pifos|core|push_hi_del_inst ;
+----------------+-------+---------------------------------------------------------------------+
; Parameter Name ; Value ; Type                                                                ;
+----------------+-------+---------------------------------------------------------------------+
; BITDATA        ; 34    ; Signed Integer                                                      ;
; DELAY          ; 1     ; Signed Integer                                                      ;
+----------------+-------+---------------------------------------------------------------------+
All Instances:
pifoEngines_0|pifos|core|push_lo_del_inst
pifoEngines_1|pifos|core|push_lo_del_inst
pifoEngines_0|pifos|core|push_hi_del_inst
pifoEngines_1|pifos|core|push_hi_del_inst



+-----------------------------------------------------------------------------------------------+
; Parameter Settings for User Entity pop_pe_idx Instance: pifoEngines_1|pifos|core|pop_idx_inst ;
+----------------+-------+----------------------------------------------------------------------+
; Parameter Name ; Value ; Type                                                                 ;
+----------------+-------+----------------------------------------------------------------------+
; BITPORT        ; 5     ; Signed Integer                                                       ;
; NUMPIFO        ; 1024  ; Signed Integer                                                       ;
+----------------+-------+----------------------------------------------------------------------+
All Instances:
pifoEngines_0|pifos|core|pop_idx_inst
pifoEngines_1|pifos|core|pop_idx_inst



+---------------------------------------------------------------------------------------------------+
; Parameter Settings for User Entity push_pe_idx Instance: pifoEngines_1|pifos|core|push_1_idx_inst ;
+----------------+-------+--------------------------------------------------------------------------+
; Parameter Name ; Value ; Type                                                                     ;
+----------------+-------+--------------------------------------------------------------------------+
; BITPRIO        ; 8     ; Signed Integer                                                           ;
; NUMPIFO        ; 1024  ; Signed Integer                                                           ;
+----------------+-------+--------------------------------------------------------------------------+
All Instances:
pifoEngines_0|pifos|core|push_1_idx_inst
pifoEngines_1|pifos|core|push_1_idx_inst



+----------------------------------------------------------------------------------------------------+
; Parameter Settings for User Entity push_pe_idx1 Instance: pifoEngines_1|pifos|core|push_2_idx_inst ;
+----------------+-------+---------------------------------------------------------------------------+
; Parameter Name ; Value ; Type                                                                      ;
+----------------+-------+---------------------------------------------------------------------------+
; BITPRIO        ; 8     ; Signed Integer                                                            ;
; NUMPIFO        ; 1024  ; Signed Integer                                                            ;
+----------------+-------+---------------------------------------------------------------------------+
All Instances:
pifoEngines_0|pifos|core|push_2_idx_inst
pifoEngines_1|pifos|core|push_2_idx_inst



+---------------------------------------------------------------------------------------------------------------+
; Parameter Settings for User Entity priority_encode_log Instance: pifoEngines_1|pifos|core|pop_idx_inst|pop_pe ;
+----------------+-------+--------------------------------------------------------------------------------------+
; Parameter Name ; Value ; Type                                                                                 ;
+----------------+-------+--------------------------------------------------------------------------------------+
; log_width      ; 10    ; Signed Integer                                                                       ;
; width          ; 1024  ; Signed Integer                                                                       ;
+----------------+-------+--------------------------------------------------------------------------------------+
All Instances:
pifoEngines_0|pifos|core|pop_idx_inst|pop_pe
pifoEngines_1|pifos|core|pop_idx_inst|pop_pe



+--------------------------------------------------------------------------------------------------------------------+
; Parameter Settings for User Entity priority_encode_log2 Instance: pifoEngines_1|pifos|core|push_1_idx_inst|push_pe ;
+----------------+-------+-------------------------------------------------------------------------------------------+
; Parameter Name ; Value ; Type                                                                                      ;
+----------------+-------+-------------------------------------------------------------------------------------------+
; log_width      ; 10    ; Signed Integer                                                                            ;
; width          ; 1024  ; Signed Integer                                                                            ;
+----------------+-------+-------------------------------------------------------------------------------------------+
All Instances:
pifoEngines_0|pifos|core|push_1_idx_inst|push_pe
pifoEngines_1|pifos|core|push_1_idx_inst|push_pe



+--------------------------------------------------------------------------------------------------------------------+
; Parameter Settings for User Entity priority_encode_log1 Instance: pifoEngines_1|pifos|core|push_2_idx_inst|push_pe ;
+----------------+-------+-------------------------------------------------------------------------------------------+
; Parameter Name ; Value ; Type                                                                                      ;
+----------------+-------+-------------------------------------------------------------------------------------------+
; log_width      ; 10    ; Signed Integer                                                                            ;
; width          ; 1024  ; Signed Integer                                                                            ;
+----------------+-------+-------------------------------------------------------------------------------------------+
All Instances:
pifoEngines_0|pifos|core|push_2_idx_inst|push_pe
pifoEngines_1|pifos|core|push_2_idx_inst|push_pe



+------------------------------------------------------+
; Verilog Macro Usage                                  ;
+----------------+----------+------+-------+-----------+
; Name           ; Location ; From ; Value ; Arguments ;
+----------------+----------+------+-------+-----------+
; rtl/PifoMesh.v ;          ;      ;       ;           ;
;     SYNTHESIS  ;          ;      ;       ;           ;
;         Refer  ; 195      ; None ;       ;           ;
;         Refer  ; 408      ; None ;       ;           ;
;         Refer  ; 700      ; None ;       ;           ;
;         Refer  ; 710      ; None ;       ;           ;
;         Refer  ; 841      ; None ;       ;           ;
;         Refer  ; 848      ; None ;       ;           ;
;         Refer  ; 968      ; None ;       ;           ;
;         Refer  ; 975      ; None ;       ;           ;
;         Refer  ; 1136     ; None ;       ;           ;
;         Refer  ; 1161     ; None ;       ;           ;
;         Refer  ; 1605     ; None ;       ;           ;
;         Refer  ; 1805     ; None ;       ;           ;
;         Refer  ; 2404     ; None ;       ;           ;
;         Refer  ; 2604     ; None ;       ;           ;
;         Refer  ; 3835     ; None ;       ;           ;
;         Refer  ; 4083     ; None ;       ;           ;
;         Refer  ; 7118     ; None ;       ;           ;
;         Refer  ; 7366     ; None ;       ;           ;
;         Refer  ; 9666     ; None ;       ;           ;
;         Refer  ; 9674     ; None ;       ;           ;
+----------------+----------+------+-------+-----------+
&lt;same as above&gt; indicates that the value matches the previous occurence of the macro.


Hierarchies have been optimized away during sweep. For more details and filtering options, ensure that you have compiled with the "Enable RTL Analysis Debug Mode " setting turned on under Assignments->Settings->Compiler Settings, then use the " Sweep Hints Viewer " tool in the " RTL Analyzer ".
+----------------------------------------------------------------------------------------------------------+
; Hierarchies Optimized Away During Sweep                                                                  ;
+-------------+--------------------+------------------------------+----------------------------------------+
; Entity Name ; Number of Instance ; Number of Gates before Sweep ; Sample Hierarchy Name                  ;
+-------------+--------------------+------------------------------+----------------------------------------+
; shift       ; 6                  ; 6                            ; pifoEngines_0|pifos|core|pop_fidx_inst ;
+-------------+--------------------+------------------------------+----------------------------------------+


Top root causes of logic optimization that have been identified during sweep. For more details and filtering options, ensure that you have compiled with the "Enable RTL Analysis Debug Mode " setting turned on under Assignments->Settings->Compiler Settings, then go to the " Root Causes Tab " in the " Sweep Hints Viewer " tool in the " RTL Analyzer ".
+-------------------------------------------------------------------------------------------------------------------------------------------------+
; Top Causes of Logic Optimized Away During Sweep                                                                                                 ;
+--------------------------------------------------------------+------------------+-----------------------------------------+---------------------+
; Root Object Path                                             ; Root Object Type ; Root Reason                             ; Swept Objects Count ;
+--------------------------------------------------------------+------------------+-----------------------------------------+---------------------+
; pifoEngines_0|pifos|io_push2_valid                           ; INPUT_INST_PORT  ; stuck at 0                              ; 48308               ;
; pifoEngines_1|pifos|io_push2_valid                           ; INPUT_INST_PORT  ; stuck at 0                              ; 48308               ;
; pifoEngines_0|pifos|core|push_1_drop                         ; INPUT_INST_PORT  ; stuck at 0                              ; 38                  ;
; pifoEngines_1|pifos|core|push_1_drop                         ; INPUT_INST_PORT  ; stuck at 0                              ; 38                  ;
; pifoEngines_0|enque_brain|io_control_fork_io_outputs_0_ready ; MUX21            ; stuck at 1 due to stuck ports d0 and d1 ; 13                  ;
; pifoEngines_1|enque_brain|io_control_fork_io_outputs_0_ready ; MUX21            ; stuck at 1 due to stuck ports d0 and d1 ; 13                  ;
; pifoEngines_0|enque_brain|io_control_fork_io_outputs_1_ready ; MUX21            ; stuck at 1 due to stuck ports d0 and d1 ; 13                  ;
; pifoEngines_1|enque_brain|io_control_fork_io_outputs_1_ready ; MUX21            ; stuck at 1 due to stuck ports d0 and d1 ; 13                  ;
; pifoEngines_0|pifos|core|push_1_idx_inst|push_pe|valid       ; OUTPUT_INST_PORT ; lost_fanout                             ; 13                  ;
; pifoEngines_1|pifos|core|push_1_idx_inst|push_pe|valid       ; OUTPUT_INST_PORT ; lost_fanout                             ; 13                  ;
+--------------------------------------------------------------+------------------+-----------------------------------------+---------------------+
Table limited at 10 items. To change the number of top root causes reported, set the "Number of Top Root Causes Reported in Synthesis Report " option under Assignments->Settings->Compiler Settings->Advanced Settings (Synthesis)


+------------------------------------------------------------------------------------------------------------------------------------------------------------------------------------------------------------------------------------------------------------------------------------------------------+
; Partition "root_partition" Resource Utilization by Entity                                                                                                                                                                                                                                            ;
+-------------------------------------------------------+---------------------+---------------------------+-------------------+------------+------+-------------+-------------------------------------------------------------------------------------------+---------------------------+--------------+
; Compilation Hierarchy Node                            ; Combinational ALUTs ; Dedicated Logic Registers ; Block Memory Bits ; DSP Blocks ; Pins ; Max Depth   ; Full Hierarchy Name                                                                       ; Entity Name               ; Library Name ;
+-------------------------------------------------------+---------------------+---------------------------+-------------------+------------+------+-------------+-------------------------------------------------------------------------------------------+---------------------------+--------------+
; |                                                     ; 98332 (12)          ; 43176 (2)                 ; 297440            ; 0          ; 90   ; 24.6 (13.0) ; |                                                                                         ; PifoMesh                  ; altera_work  ;
;    |commitControl_fork|                               ; 2 (2)               ; 2 (2)                     ; 0                 ; 0          ; 0    ; 12.0 (12.0) ; commitControl_fork                                                                        ; StreamFork_8              ; altera_work  ;
;    |io_controlRequest_fifo|                           ; 12 (12)             ; 10 (10)                   ; 96                ; 0          ; 0    ; 13.0 (13.0) ; io_controlRequest_fifo                                                                    ; StreamFifo_21             ; altera_work  ;
;       |logic_ram_rtl_0|                               ; 0 (0)               ; 0 (0)                     ; 96                ; 0          ; 0    ; 13.0 (0.0)  ; io_controlRequest_fifo|logic_ram_rtl_0                                                    ; altera_syncram            ; work         ;
;          |auto_generated|                             ; 0 (0)               ; 0 (0)                     ; 96                ; 0          ; 0    ; 13.0 (0.0)  ; io_controlRequest_fifo|logic_ram_rtl_0|auto_generated                                     ; altera_syncram_rlt11      ; altera_work  ;
;             |altera_syncram_impl1|                    ; 0 (0)               ; 0 (0)                     ; 96                ; 0          ; 0    ; 13.0 (13.0) ; io_controlRequest_fifo|logic_ram_rtl_0|auto_generated|altera_syncram_impl1                ; altera_syncram_impl_mcjg1 ; altera_work  ;
;    |pifoEngines_0|                                    ; 49070 (80)          ; 21469 (4)                 ; 148672            ; 0          ; 0    ; 24.6 (24.6) ; pifoEngines_0                                                                             ; PifoEngine                ; altera_work  ;
;       |control_fork|                                  ; 3 (3)               ; 1 (1)                     ; 0                 ; 0          ; 0    ; 5.0 (5.0)   ; pifoEngines_0|control_fork                                                                ; StreamFork_1              ; altera_work  ;
;       |deque_dequeMapper|                             ; 61 (57)             ; 33 (29)                   ; 114688            ; 0          ; 0    ; 13.0 (13.0) ; pifoEngines_0|deque_dequeMapper                                                           ; TransactionalMapper_1     ; altera_work  ;
;          |banks_0_rtl_0|                              ; 2 (0)               ; 1 (0)                     ; 28672             ; 0          ; 0    ; 4.0 (0.0)   ; pifoEngines_0|deque_dequeMapper|banks_0_rtl_0                                             ; altera_syncram            ; work         ;
;             |auto_generated|                          ; 2 (0)               ; 1 (0)                     ; 28672             ; 0          ; 0    ; 4.0 (0.0)   ; pifoEngines_0|deque_dequeMapper|banks_0_rtl_0|auto_generated                              ; altera_syncram_i4p9       ; altera_work  ;
;                |altera_syncram_impl1|                 ; 2 (0)               ; 1 (1)                     ; 28672             ; 0          ; 0    ; 4.0 (1.0)   ; pifoEngines_0|deque_dequeMapper|banks_0_rtl_0|auto_generated|altera_syncram_impl1         ; altera_syncram_impl_kpjv1 ; altera_work  ;
;                   |decode3|                           ; 2 (2)               ; 0 (0)                     ; 0                 ; 0          ; 0    ; 4.0 (4.0)   ; pifoEngines_0|deque_dequeMapper|banks_0_rtl_0|auto_generated|altera_syncram_impl1|decode3 ; decode_nsla1              ; altera_work  ;
;          |banks_0_rtl_1|                              ; 0 (0)               ; 1 (0)                     ; 28672             ; 0          ; 0    ; 2.0 (0.0)   ; pifoEngines_0|deque_dequeMapper|banks_0_rtl_1                                             ; altera_syncram            ; work         ;
;             |auto_generated|                          ; 0 (0)               ; 1 (0)                     ; 28672             ; 0          ; 0    ; 2.0 (0.0)   ; pifoEngines_0|deque_dequeMapper|banks_0_rtl_1|auto_generated                              ; altera_syncram_i4p9       ; altera_work  ;
;                |altera_syncram_impl1|                 ; 0 (0)               ; 1 (1)                     ; 28672             ; 0          ; 0    ; 2.0 (2.0)   ; pifoEngines_0|deque_dequeMapper|banks_0_rtl_1|auto_generated|altera_syncram_impl1         ; altera_syncram_impl_kpjv1 ; altera_work  ;
;          |banks_1_rtl_0|                              ; 2 (0)               ; 1 (0)                     ; 28672             ; 0          ; 0    ; 4.0 (0.0)   ; pifoEngines_0|deque_dequeMapper|banks_1_rtl_0                                             ; altera_syncram            ; work         ;
;             |auto_generated|                          ; 2 (0)               ; 1 (0)                     ; 28672             ; 0          ; 0    ; 4.0 (0.0)   ; pifoEngines_0|deque_dequeMapper|banks_1_rtl_0|auto_generated                              ; altera_syncram_i4p9       ; altera_work  ;
;                |altera_syncram_impl1|                 ; 2 (0)               ; 1 (1)                     ; 28672             ; 0          ; 0    ; 4.0 (1.0)   ; pifoEngines_0|deque_dequeMapper|banks_1_rtl_0|auto_generated|altera_syncram_impl1         ; altera_syncram_impl_kpjv1 ; altera_work  ;
;                   |decode3|                           ; 2 (2)               ; 0 (0)                     ; 0                 ; 0          ; 0    ; 4.0 (4.0)   ; pifoEngines_0|deque_dequeMapper|banks_1_rtl_0|auto_generated|altera_syncram_impl1|decode3 ; decode_nsla1              ; altera_work  ;
;          |banks_1_rtl_1|                              ; 0 (0)               ; 1 (0)                     ; 28672             ; 0          ; 0    ; 1.0 (0.0)   ; pifoEngines_0|deque_dequeMapper|banks_1_rtl_1                                             ; altera_syncram            ; work         ;
;             |auto_generated|                          ; 0 (0)               ; 1 (0)                     ; 28672             ; 0          ; 0    ; 1.0 (0.0)   ; pifoEngines_0|deque_dequeMapper|banks_1_rtl_1|auto_generated                              ; altera_syncram_i4p9       ; altera_work  ;
;                |altera_syncram_impl1|                 ; 0 (0)               ; 1 (1)                     ; 28672             ; 0          ; 0    ; 1.0 (1.0)   ; pifoEngines_0|deque_dequeMapper|banks_1_rtl_1|auto_generated|altera_syncram_impl1         ; altera_syncram_impl_kpjv1 ; altera_work  ;
;       |deque_existingPop_fork|                        ; 2 (2)               ; 1 (1)                     ; 0                 ; 0          ; 0    ; 3.0 (3.0)   ; pifoEngines_0|deque_existingPop_fork                                                      ; StreamFork_2              ; altera_work  ;
;       |deque_frontRewrite|                            ; 273 (273)           ; 288 (288)                 ; 0                 ; 0          ; 0    ; 24.6 (24.6) ; pifoEngines_0|deque_frontRewrite                                                          ; FrontRewriteTable         ; altera_work  ;
;       |enque_brain|                                   ; 210 (54)            ; 176 (0)                   ; 33344             ; 0          ; 0    ; 23.1 (23.1) ; pifoEngines_0|enque_brain                                                                 ; PIFOBrain                 ; altera_work  ;
;          |brainStateMem_io_readRes_toStream_fifo|     ; 17 (0)              ; 20 (0)                    ; 0                 ; 0          ; 0    ; 22.3 (0.0)  ; pifoEngines_0|enque_brain|brainStateMem_io_readRes_toStream_fifo                          ; StreamFifoLowLatency_6    ; altera_work  ;
;             |fifo|                                    ; 17 (17)             ; 20 (20)                   ; 0                 ; 0          ; 0    ; 22.3 (22.3) ; pifoEngines_0|enque_brain|brainStateMem_io_readRes_toStream_fifo|fifo                     ; StreamFifo_7              ; altera_work  ;
;          |brainStateMem|                              ; 0 (0)               ; 1 (1)                     ; 256               ; 0          ; 0    ; 21.3 (6.0)  ; pifoEngines_0|enque_brain|brainStateMem                                                   ; Mapper_3                  ; altera_work  ;
;             |ram_rtl_0|                               ; 0 (0)               ; 0 (0)                     ; 256               ; 0          ; 0    ; 21.3 (0.0)  ; pifoEngines_0|enque_brain|brainStateMem|ram_rtl_0                                         ; altera_syncram            ; work         ;
;                |auto_generated|                       ; 0 (0)               ; 0 (0)                     ; 256               ; 0          ; 0    ; 21.3 (0.0)  ; pifoEngines_0|enque_brain|brainStateMem|ram_rtl_0|auto_generated                          ; altera_syncram_c3p1       ; altera_work  ;
;                   |altera_syncram_impl1|              ; 0 (0)               ; 0 (0)                     ; 256               ; 0          ; 0    ; 21.3 (21.3) ; pifoEngines_0|enque_brain|brainStateMem|ram_rtl_0|auto_generated|altera_syncram_impl1     ; altera_syncram_impl_gf722 ; altera_work  ;
;          |brainStateUpdate_toStream_fifo|             ; 11 (0)              ; 30 (0)                    ; 0                 ; 0          ; 0    ; 4.0 (0.0)   ; pifoEngines_0|enque_brain|brainStateUpdate_toStream_fifo                                  ; StreamFifoLowLatency_4    ; altera_work  ;
;             |fifo|                                    ; 11 (11)             ; 30 (30)                   ; 0                 ; 0          ; 0    ; 4.0 (4.0)   ; pifoEngines_0|enque_brain|brainStateUpdate_toStream_fifo|fifo                             ; StreamFifo_5              ; altera_work  ;
;          |engineCAM_io_readRes_toStream_fifo|         ; 17 (0)              ; 20 (0)                    ; 0                 ; 0          ; 0    ; 23.1 (0.0)  ; pifoEngines_0|enque_brain|engineCAM_io_readRes_toStream_fifo                              ; StreamFifoLowLatency_6    ; altera_work  ;
;             |fifo|                                    ; 17 (17)             ; 20 (20)                   ; 0                 ; 0          ; 0    ; 23.1 (23.1) ; pifoEngines_0|enque_brain|engineCAM_io_readRes_toStream_fifo|fifo                         ; StreamFifo_7              ; altera_work  ;
;          |engineCAM|                                  ; 10 (0)              ; 2 (1)                     ; 32768             ; 0          ; 0    ; 22.1 (6.0)  ; pifoEngines_0|enque_brain|engineCAM                                                       ; Mapper_2                  ; altera_work  ;
;             |ram_rtl_0|                               ; 10 (0)              ; 1 (0)                     ; 32768             ; 0          ; 0    ; 22.1 (0.0)  ; pifoEngines_0|enque_brain|engineCAM|ram_rtl_0                                             ; altera_syncram            ; work         ;
;                |auto_generated|                       ; 10 (0)              ; 1 (0)                     ; 32768             ; 0          ; 0    ; 22.1 (0.0)  ; pifoEngines_0|enque_brain|engineCAM|ram_rtl_0|auto_generated                              ; altera_syncram_10i01      ; altera_work  ;
;                   |altera_syncram_impl1|              ; 10 (0)              ; 1 (1)                     ; 32768             ; 0          ; 0    ; 22.1 (22.1) ; pifoEngines_0|enque_brain|engineCAM|ram_rtl_0|auto_generated|altera_syncram_impl1         ; altera_syncram_impl_6t6f  ; altera_work  ;
;                      |decode3|                        ; 2 (2)               ; 0 (0)                     ; 0                 ; 0          ; 0    ; 4.0 (4.0)   ; pifoEngines_0|enque_brain|engineCAM|ram_rtl_0|auto_generated|altera_syncram_impl1|decode3 ; decode_nsla1              ; altera_work  ;
;                      |mux4|                           ; 8 (8)               ; 0 (0)                     ; 0                 ; 0          ; 0    ; 22.0 (22.0) ; pifoEngines_0|enque_brain|engineCAM|ram_rtl_0|auto_generated|altera_syncram_impl1|mux4    ; mux_1mrl                  ; altera_work  ;
;          |engineMapper_io_readRes_toStream_fifo|      ; 10 (0)              ; 8 (0)                     ; 0                 ; 0          ; 0    ; 21.4 (0.0)  ; pifoEngines_0|enque_brain|engineMapper_io_readRes_toStream_fifo                           ; StreamFifoLowLatency_5    ; altera_work  ;
;             |fifo|                                    ; 10 (10)             ; 8 (8)                     ; 0                 ; 0          ; 0    ; 21.4 (21.4) ; pifoEngines_0|enque_brain|engineMapper_io_readRes_toStream_fifo|fifo                      ; StreamFifo_6              ; altera_work  ;
;          |engineMapper|                               ; 0 (0)               ; 1 (1)                     ; 64                ; 0          ; 0    ; 20.4 (6.0)  ; pifoEngines_0|enque_brain|engineMapper                                                    ; Mapper                    ; altera_work  ;
;             |ram_rtl_0|                               ; 0 (0)               ; 0 (0)                     ; 64                ; 0          ; 0    ; 20.4 (0.0)  ; pifoEngines_0|enque_brain|engineMapper|ram_rtl_0                                          ; altera_syncram            ; work         ;
;                |auto_generated|                       ; 0 (0)               ; 0 (0)                     ; 64                ; 0          ; 0    ; 20.4 (0.0)  ; pifoEngines_0|enque_brain|engineMapper|ram_rtl_0|auto_generated                           ; altera_syncram_c4q62      ; altera_work  ;
;                   |altera_syncram_impl1|              ; 0 (0)               ; 0 (0)                     ; 64                ; 0          ; 0    ; 20.4 (20.4) ; pifoEngines_0|enque_brain|engineMapper|ram_rtl_0|auto_generated|altera_syncram_impl1      ; altera_syncram_impl_67q4  ; altera_work  ;
;          |flowStateUpdate_toStream_fifo|              ; 13 (0)              ; 44 (0)                    ; 0                 ; 0          ; 0    ; 5.8 (0.0)   ; pifoEngines_0|enque_brain|flowStateUpdate_toStream_fifo                                   ; StreamFifoLowLatency_3    ; altera_work  ;
;             |fifo|                                    ; 13 (13)             ; 44 (44)                   ; 0                 ; 0          ; 0    ; 5.8 (5.8)   ; pifoEngines_0|enque_brain|flowStateUpdate_toStream_fifo|fifo                              ; StreamFifo_4              ; altera_work  ;
;          |io_outputs_4_fifo|                          ; 21 (0)              ; 28 (0)                    ; 0                 ; 0          ; 0    ; 6.0 (0.0)   ; pifoEngines_0|enque_brain|io_outputs_4_fifo                                               ; StreamFifoLowLatency_9    ; altera_work  ;
;             |fifo|                                    ; 21 (21)             ; 28 (28)                   ; 0                 ; 0          ; 0    ; 6.0 (6.0)   ; pifoEngines_0|enque_brain|io_outputs_4_fifo|fifo                                          ; StreamFifo_10             ; altera_work  ;
;          |io_request_fork|                            ; 2 (2)               ; 1 (1)                     ; 0                 ; 0          ; 0    ; 2.0 (2.0)   ; pifoEngines_0|enque_brain|io_request_fork                                                 ; StreamFork                ; altera_work  ;
;          |lastVirtualMapper_io_readRes_toStream_fifo| ; 17 (0)              ; 20 (0)                    ; 0                 ; 0          ; 0    ; 23.1 (0.0)  ; pifoEngines_0|enque_brain|lastVirtualMapper_io_readRes_toStream_fifo                      ; StreamFifoLowLatency_8    ; altera_work  ;
;             |fifo|                                    ; 17 (17)             ; 20 (20)                   ; 0                 ; 0          ; 0    ; 23.1 (23.1) ; pifoEngines_0|enque_brain|lastVirtualMapper_io_readRes_toStream_fifo|fifo                 ; StreamFifo_9              ; altera_work  ;
;          |lastVirtualMapper|                          ; 0 (0)               ; 1 (1)                     ; 256               ; 0          ; 0    ; 22.1 (6.0)  ; pifoEngines_0|enque_brain|lastVirtualMapper                                               ; Mapper_1                  ; altera_work  ;
;             |ram_rtl_0|                               ; 0 (0)               ; 0 (0)                     ; 256               ; 0          ; 0    ; 22.1 (0.0)  ; pifoEngines_0|enque_brain|lastVirtualMapper|ram_rtl_0                                     ; altera_syncram            ; work         ;
;                |auto_generated|                       ; 0 (0)               ; 0 (0)                     ; 256               ; 0          ; 0    ; 22.1 (0.0)  ; pifoEngines_0|enque_brain|lastVirtualMapper|ram_rtl_0|auto_generated                      ; altera_syncram_suaf1      ; altera_work  ;
;                   |altera_syncram_impl1|              ; 0 (0)               ; 0 (0)                     ; 256               ; 0          ; 0    ; 22.1 (22.1) ; pifoEngines_0|enque_brain|lastVirtualMapper|ram_rtl_0|auto_generated|altera_syncram_impl1 ; altera_syncram_impl_06el  ; altera_work  ;
;          |streamArbiter_10|                           ; 16 (16)             ; 0 (0)                     ; 0                 ; 0          ; 0    ; 5.0 (5.0)   ; pifoEngines_0|enque_brain|streamArbiter_10                                                ; StreamArbiter_4           ; altera_work  ;
;          |streamArbiter_9|                            ; 22 (22)             ; 0 (0)                     ; 0                 ; 0          ; 0    ; 6.8 (6.8)   ; pifoEngines_0|enque_brain|streamArbiter_9                                                 ; StreamArbiter_3           ; altera_work  ;
;       |enque_enqueMapper|                             ; 31 (31)             ; 15 (15)                   ; 640               ; 0          ; 0    ; 13.0 (13.0) ; pifoEngines_0|enque_enqueMapper                                                           ; TransactionalMapper       ; altera_work  ;
;          |banks_0_rtl_0|                              ; 0 (0)               ; 0 (0)                     ; 160               ; 0          ; 0    ; 5.0 (0.0)   ; pifoEngines_0|enque_enqueMapper|banks_0_rtl_0                                             ; altera_syncram            ; work         ;
;             |auto_generated|                          ; 0 (0)               ; 0 (0)                     ; 160               ; 0          ; 0    ; 5.0 (0.0)   ; pifoEngines_0|enque_enqueMapper|banks_0_rtl_0|auto_generated                              ; altera_syncram_q983       ; altera_work  ;
;                |altera_syncram_impl1|                 ; 0 (0)               ; 0 (0)                     ; 160               ; 0          ; 0    ; 5.0 (5.0)   ; pifoEngines_0|enque_enqueMapper|banks_0_rtl_0|auto_generated|altera_syncram_impl1         ; altera_syncram_impl_8c631 ; altera_work  ;
;          |banks_0_rtl_1|                              ; 0 (0)               ; 0 (0)                     ; 160               ; 0          ; 0    ; 1.0 (0.0)   ; pifoEngines_0|enque_enqueMapper|banks_0_rtl_1                                             ; altera_syncram            ; work         ;
;             |auto_generated|                          ; 0 (0)               ; 0 (0)                     ; 160               ; 0          ; 0    ; 1.0 (0.0)   ; pifoEngines_0|enque_enqueMapper|banks_0_rtl_1|auto_generated                              ; altera_syncram_q983       ; altera_work  ;
;                |altera_syncram_impl1|                 ; 0 (0)               ; 0 (0)                     ; 160               ; 0          ; 0    ; 1.0 (1.0)   ; pifoEngines_0|enque_enqueMapper|banks_0_rtl_1|auto_generated|altera_syncram_impl1         ; altera_syncram_impl_8c631 ; altera_work  ;
;          |banks_1_rtl_0|                              ; 0 (0)               ; 0 (0)                     ; 160               ; 0          ; 0    ; 5.0 (0.0)   ; pifoEngines_0|enque_enqueMapper|banks_1_rtl_0                                             ; altera_syncram            ; work         ;
;             |auto_generated|                          ; 0 (0)               ; 0 (0)                     ; 160               ; 0          ; 0    ; 5.0 (0.0)   ; pifoEngines_0|enque_enqueMapper|banks_1_rtl_0|auto_generated                              ; altera_syncram_q983       ; altera_work  ;
;                |altera_syncram_impl1|                 ; 0 (0)               ; 0 (0)                     ; 160               ; 0          ; 0    ; 5.0 (5.0)   ; pifoEngines_0|enque_enqueMapper|banks_1_rtl_0|auto_generated|altera_syncram_impl1         ; altera_syncram_impl_8c631 ; altera_work  ;
;          |banks_1_rtl_1|                              ; 0 (0)               ; 0 (0)                     ; 160               ; 0          ; 0    ; 1.0 (0.0)   ; pifoEngines_0|enque_enqueMapper|banks_1_rtl_1                                             ; altera_syncram            ; work         ;
;             |auto_generated|                          ; 0 (0)               ; 0 (0)                     ; 160               ; 0          ; 0    ; 1.0 (0.0)   ; pifoEngines_0|enque_enqueMapper|banks_1_rtl_1|auto_generated                              ; altera_syncram_q983       ; altera_work  ;
;                |altera_syncram_impl1|                 ; 0 (0)               ; 0 (0)                     ; 160               ; 0          ; 0    ; 1.0 (1.0)   ; pifoEngines_0|enque_enqueMapper|banks_1_rtl_1|auto_generated|altera_syncram_impl1         ; altera_syncram_impl_8c631 ; altera_work  ;
;       |enque_flowIdStream_fifo|                       ; 23 (0)              ; 18 (0)                    ; 0                 ; 0          ; 0    ; 6.0 (0.0)   ; pifoEngines_0|enque_flowIdStream_fifo                                                     ; StreamFifoLowLatency_10   ; altera_work  ;
;          |fifo|                                       ; 23 (23)             ; 18 (18)                   ; 0                 ; 0          ; 0    ; 6.0 (6.0)   ; pifoEngines_0|enque_flowIdStream_fifo|fifo                                                ; StreamFifo_3              ; altera_work  ;
;       |io_outputs_2_fifo|                             ; 7 (0)               ; 4 (0)                     ; 0                 ; 0          ; 0    ; 6.0 (0.0)   ; pifoEngines_0|io_outputs_2_fifo                                                           ; StreamFifoLowLatency_11   ; altera_work  ;
;          |fifo|                                       ; 7 (7)               ; 4 (4)                     ; 0                 ; 0          ; 0    ; 6.0 (6.0)   ; pifoEngines_0|io_outputs_2_fifo|fifo                                                      ; StreamFifo_11             ; altera_work  ;
;       |pifos|                                         ; 48380 (950)         ; 20929 (370)               ; 0                 ; 0          ; 0    ; 24.6 (16.0) ; pifoEngines_0|pifos                                                                       ; StockPifoRTL              ; altera_work  ;
;          |core|                                       ; 47430 (30523)       ; 20559 (20491)             ; 0                 ; 0          ; 0    ; 24.6 (24.6) ; pifoEngines_0|pifos|core                                                                  ; pifo                      ; altera_work  ;
;             |pop_idx_del_inst|                        ; 0 (0)               ; 11 (11)                   ; 0                 ; 0          ; 0    ; 12.2 (12.2) ; pifoEngines_0|pifos|core|pop_idx_del_inst                                                 ; shift                     ; altera_work  ;
;             |pop_idx_inst|                            ; 4909 (3105)         ; 0 (0)                     ; 0                 ; 0          ; 0    ; 24.6 (24.6) ; pifoEngines_0|pifos|core|pop_idx_inst                                                     ; pop_pe_idx                ; altera_work  ;
;                |pop_pe|                               ; 1804 (1804)         ; 0 (0)                     ; 0                 ; 0          ; 0    ; 24.6 (24.6) ; pifoEngines_0|pifos|core|pop_idx_inst|pop_pe                                              ; priority_encode_log       ; altera_work  ;
;             |push_1_fidx_inst|                        ; 0 (0)               ; 21 (21)                   ; 0                 ; 0          ; 0    ; 10.2 (10.2) ; pifoEngines_0|pifos|core|push_1_fidx_inst                                                 ; shift                     ; altera_work  ;
;             |push_1_idx_inst|                         ; 8585 (6874)         ; 0 (0)                     ; 0                 ; 0          ; 0    ; 23.1 (23.1) ; pifoEngines_0|pifos|core|push_1_idx_inst                                                  ; push_pe_idx               ; altera_work  ;
;                |push_pe|                              ; 1711 (1711)         ; 0 (0)                     ; 0                 ; 0          ; 0    ; 23.1 (23.1) ; pifoEngines_0|pifos|core|push_1_idx_inst|push_pe                                          ; priority_encode_log2      ; altera_work  ;
;             |push_2_idx_inst|                         ; 3413 (867)          ; 0 (0)                     ; 0                 ; 0          ; 0    ; 22.2 (22.2) ; pifoEngines_0|pifos|core|push_2_idx_inst                                                  ; push_pe_idx1              ; altera_work  ;
;                |push_pe|                              ; 2546 (2546)         ; 0 (0)                     ; 0                 ; 0          ; 0    ; 22.2 (22.2) ; pifoEngines_0|pifos|core|push_2_idx_inst|push_pe                                          ; priority_encode_log1      ; altera_work  ;
;             |push_hi_del_inst|                        ; 0 (0)               ; 16 (16)                   ; 0                 ; 0          ; 0    ; 8.0 (8.0)   ; pifoEngines_0|pifos|core|push_hi_del_inst                                                 ; shift                     ; altera_work  ;
;             |push_idx_del_inst|                       ; 0 (0)               ; 10 (10)                   ; 0                 ; 0          ; 0    ; 5.0 (5.0)   ; pifoEngines_0|pifos|core|push_idx_del_inst                                                ; shift                     ; altera_work  ;
;             |push_idx_raw_del_inst|                   ; 0 (0)               ; 10 (10)                   ; 0                 ; 0          ; 0    ; 9.2 (9.2)   ; pifoEngines_0|pifos|core|push_idx_raw_del_inst                                            ; shift                     ; altera_work  ;
;    |pifoEngines_1|                                    ; 49065 (80)          ; 21469 (4)                 ; 148672            ; 0          ; 0    ; 24.6 (24.6) ; pifoEngines_1                                                                             ; PifoEngine_1              ; altera_work  ;
;       |control_fork|                                  ; 3 (3)               ; 1 (1)                     ; 0                 ; 0          ; 0    ; 5.0 (5.0)   ; pifoEngines_1|control_fork                                                                ; StreamFork_1              ; altera_work  ;
;       |deque_dequeMapper|                             ; 61 (57)             ; 33 (29)                   ; 114688            ; 0          ; 0    ; 13.0 (13.0) ; pifoEngines_1|deque_dequeMapper                                                           ; TransactionalMapper_3     ; altera_work  ;
;          |banks_0_rtl_0|                              ; 2 (0)               ; 1 (0)                     ; 28672             ; 0          ; 0    ; 4.0 (0.0)   ; pifoEngines_1|deque_dequeMapper|banks_0_rtl_0                                             ; altera_syncram            ; work         ;
;             |auto_generated|                          ; 2 (0)               ; 1 (0)                     ; 28672             ; 0          ; 0    ; 4.0 (0.0)   ; pifoEngines_1|deque_dequeMapper|banks_0_rtl_0|auto_generated                              ; altera_syncram_bqs91      ; altera_work  ;
;                |altera_syncram_impl1|                 ; 2 (0)               ; 1 (1)                     ; 28672             ; 0          ; 0    ; 4.0 (1.0)   ; pifoEngines_1|deque_dequeMapper|banks_0_rtl_0|auto_generated|altera_syncram_impl1         ; altera_syncram_impl_69oc  ; altera_work  ;
;                   |decode3|                           ; 2 (2)               ; 0 (0)                     ; 0                 ; 0          ; 0    ; 4.0 (4.0)   ; pifoEngines_1|deque_dequeMapper|banks_0_rtl_0|auto_generated|altera_syncram_impl1|decode3 ; decode_nsla1              ; altera_work  ;
;          |banks_0_rtl_1|                              ; 0 (0)               ; 1 (0)                     ; 28672             ; 0          ; 0    ; 2.0 (0.0)   ; pifoEngines_1|deque_dequeMapper|banks_0_rtl_1                                             ; altera_syncram            ; work         ;
;             |auto_generated|                          ; 0 (0)               ; 1 (0)                     ; 28672             ; 0          ; 0    ; 2.0 (0.0)   ; pifoEngines_1|deque_dequeMapper|banks_0_rtl_1|auto_generated                              ; altera_syncram_bqs91      ; altera_work  ;
;                |altera_syncram_impl1|                 ; 0 (0)               ; 1 (1)                     ; 28672             ; 0          ; 0    ; 2.0 (2.0)   ; pifoEngines_1|deque_dequeMapper|banks_0_rtl_1|auto_generated|altera_syncram_impl1         ; altera_syncram_impl_69oc  ; altera_work  ;
;          |banks_1_rtl_0|                              ; 2 (0)               ; 1 (0)                     ; 28672             ; 0          ; 0    ; 4.0 (0.0)   ; pifoEngines_1|deque_dequeMapper|banks_1_rtl_0                                             ; altera_syncram            ; work         ;
;             |auto_generated|                          ; 2 (0)               ; 1 (0)                     ; 28672             ; 0          ; 0    ; 4.0 (0.0)   ; pifoEngines_1|deque_dequeMapper|banks_1_rtl_0|auto_generated                              ; altera_syncram_bqs91      ; altera_work  ;
;                |altera_syncram_impl1|                 ; 2 (0)               ; 1 (1)                     ; 28672             ; 0          ; 0    ; 4.0 (1.0)   ; pifoEngines_1|deque_dequeMapper|banks_1_rtl_0|auto_generated|altera_syncram_impl1         ; altera_syncram_impl_69oc  ; altera_work  ;
;                   |decode3|                           ; 2 (2)               ; 0 (0)                     ; 0                 ; 0          ; 0    ; 4.0 (4.0)   ; pifoEngines_1|deque_dequeMapper|banks_1_rtl_0|auto_generated|altera_syncram_impl1|decode3 ; decode_nsla1              ; altera_work  ;
;          |banks_1_rtl_1|                              ; 0 (0)               ; 1 (0)                     ; 28672             ; 0          ; 0    ; 1.0 (0.0)   ; pifoEngines_1|deque_dequeMapper|banks_1_rtl_1                                             ; altera_syncram            ; work         ;
;             |auto_generated|                          ; 0 (0)               ; 1 (0)                     ; 28672             ; 0          ; 0    ; 1.0 (0.0)   ; pifoEngines_1|deque_dequeMapper|banks_1_rtl_1|auto_generated                              ; altera_syncram_bqs91      ; altera_work  ;
;                |altera_syncram_impl1|                 ; 0 (0)               ; 1 (1)                     ; 28672             ; 0          ; 0    ; 1.0 (1.0)   ; pifoEngines_1|deque_dequeMapper|banks_1_rtl_1|auto_generated|altera_syncram_impl1         ; altera_syncram_impl_69oc  ; altera_work  ;
;       |deque_existingPop_fork|                        ; 2 (2)               ; 1 (1)                     ; 0                 ; 0          ; 0    ; 3.0 (3.0)   ; pifoEngines_1|deque_existingPop_fork                                                      ; StreamFork_2              ; altera_work  ;
;       |deque_frontRewrite|                            ; 270 (270)           ; 288 (288)                 ; 0                 ; 0          ; 0    ; 24.6 (24.6) ; pifoEngines_1|deque_frontRewrite                                                          ; FrontRewriteTable         ; altera_work  ;
;       |enque_brain|                                   ; 209 (54)            ; 176 (0)                   ; 33344             ; 0          ; 0    ; 23.1 (23.1) ; pifoEngines_1|enque_brain                                                                 ; PIFOBrain_1               ; altera_work  ;
;          |brainStateMem_io_readRes_toStream_fifo|     ; 17 (0)              ; 20 (0)                    ; 0                 ; 0          ; 0    ; 22.3 (0.0)  ; pifoEngines_1|enque_brain|brainStateMem_io_readRes_toStream_fifo                          ; StreamFifoLowLatency_6    ; altera_work  ;
;             |fifo|                                    ; 17 (17)             ; 20 (20)                   ; 0                 ; 0          ; 0    ; 22.3 (22.3) ; pifoEngines_1|enque_brain|brainStateMem_io_readRes_toStream_fifo|fifo                     ; StreamFifo_7              ; altera_work  ;
;          |brainStateMem|                              ; 0 (0)               ; 1 (1)                     ; 256               ; 0          ; 0    ; 21.3 (6.0)  ; pifoEngines_1|enque_brain|brainStateMem                                                   ; Mapper_7                  ; altera_work  ;
;             |ram_rtl_0|                               ; 0 (0)               ; 0 (0)                     ; 256               ; 0          ; 0    ; 21.3 (0.0)  ; pifoEngines_1|enque_brain|brainStateMem|ram_rtl_0                                         ; altera_syncram            ; work         ;
;                |auto_generated|                       ; 0 (0)               ; 0 (0)                     ; 256               ; 0          ; 0    ; 21.3 (0.0)  ; pifoEngines_1|enque_brain|brainStateMem|ram_rtl_0|auto_generated                          ; altera_syncram_b0ii       ; altera_work  ;
;                   |altera_syncram_impl1|              ; 0 (0)               ; 0 (0)                     ; 256               ; 0          ; 0    ; 21.3 (21.3) ; pifoEngines_1|enque_brain|brainStateMem|ram_rtl_0|auto_generated|altera_syncram_impl1     ; altera_syncram_impl_f0432 ; altera_work  ;
;          |brainStateUpdate_toStream_fifo|             ; 11 (0)              ; 30 (0)                    ; 0                 ; 0          ; 0    ; 4.0 (0.0)   ; pifoEngines_1|enque_brain|brainStateUpdate_toStream_fifo                                  ; StreamFifoLowLatency_4    ; altera_work  ;
;             |fifo|                                    ; 11 (11)             ; 30 (30)                   ; 0                 ; 0          ; 0    ; 4.0 (4.0)   ; pifoEngines_1|enque_brain|brainStateUpdate_toStream_fifo|fifo                             ; StreamFifo_5              ; altera_work  ;
;          |engineCAM_io_readRes_toStream_fifo|         ; 17 (0)              ; 20 (0)                    ; 0                 ; 0          ; 0    ; 23.1 (0.0)  ; pifoEngines_1|enque_brain|engineCAM_io_readRes_toStream_fifo                              ; StreamFifoLowLatency_6    ; altera_work  ;
;             |fifo|                                    ; 17 (17)             ; 20 (20)                   ; 0                 ; 0          ; 0    ; 23.1 (23.1) ; pifoEngines_1|enque_brain|engineCAM_io_readRes_toStream_fifo|fifo                         ; StreamFifo_7              ; altera_work  ;
;          |engineCAM|                                  ; 10 (0)              ; 2 (1)                     ; 32768             ; 0          ; 0    ; 22.1 (6.0)  ; pifoEngines_1|enque_brain|engineCAM                                                       ; Mapper_6                  ; altera_work  ;
;             |ram_rtl_0|                               ; 10 (0)              ; 1 (0)                     ; 32768             ; 0          ; 0    ; 22.1 (0.0)  ; pifoEngines_1|enque_brain|engineCAM|ram_rtl_0                                             ; altera_syncram            ; work         ;
;                |auto_generated|                       ; 10 (0)              ; 1 (0)                     ; 32768             ; 0          ; 0    ; 22.1 (0.0)  ; pifoEngines_1|enque_brain|engineCAM|ram_rtl_0|auto_generated                              ; altera_syncram_9ola       ; altera_work  ;
;                   |altera_syncram_impl1|              ; 10 (0)              ; 1 (1)                     ; 32768             ; 0          ; 0    ; 22.1 (22.1) ; pifoEngines_1|enque_brain|engineCAM|ram_rtl_0|auto_generated|altera_syncram_impl1         ; altera_syncram_impl_e9i71 ; altera_work  ;
;                      |decode3|                        ; 2 (2)               ; 0 (0)                     ; 0                 ; 0          ; 0    ; 4.0 (4.0)   ; pifoEngines_1|enque_brain|engineCAM|ram_rtl_0|auto_generated|altera_syncram_impl1|decode3 ; decode_nsla1              ; altera_work  ;
;                      |mux4|                           ; 8 (8)               ; 0 (0)                     ; 0                 ; 0          ; 0    ; 22.0 (22.0) ; pifoEngines_1|enque_brain|engineCAM|ram_rtl_0|auto_generated|altera_syncram_impl1|mux4    ; mux_1mrl                  ; altera_work  ;
;          |engineMapper_io_readRes_toStream_fifo|      ; 10 (0)              ; 8 (0)                     ; 0                 ; 0          ; 0    ; 21.4 (0.0)  ; pifoEngines_1|enque_brain|engineMapper_io_readRes_toStream_fifo                           ; StreamFifoLowLatency_5    ; altera_work  ;
;             |fifo|                                    ; 10 (10)             ; 8 (8)                     ; 0                 ; 0          ; 0    ; 21.4 (21.4) ; pifoEngines_1|enque_brain|engineMapper_io_readRes_toStream_fifo|fifo                      ; StreamFifo_6              ; altera_work  ;
;          |engineMapper|                               ; 0 (0)               ; 1 (1)                     ; 64                ; 0          ; 0    ; 20.4 (6.0)  ; pifoEngines_1|enque_brain|engineMapper                                                    ; Mapper_4                  ; altera_work  ;
;             |ram_rtl_0|                               ; 0 (0)               ; 0 (0)                     ; 64                ; 0          ; 0    ; 20.4 (0.0)  ; pifoEngines_1|enque_brain|engineMapper|ram_rtl_0                                          ; altera_syncram            ; work         ;
;                |auto_generated|                       ; 0 (0)               ; 0 (0)                     ; 64                ; 0          ; 0    ; 20.4 (0.0)  ; pifoEngines_1|enque_brain|engineMapper|ram_rtl_0|auto_generated                           ; altera_syncram_tf1t1      ; altera_work  ;
;                   |altera_syncram_impl1|              ; 0 (0)               ; 0 (0)                     ; 64                ; 0          ; 0    ; 20.4 (20.4) ; pifoEngines_1|enque_brain|engineMapper|ram_rtl_0|auto_generated|altera_syncram_impl1      ; altera_syncram_impl_c63j1 ; altera_work  ;
;          |flowStateUpdate_toStream_fifo|              ; 13 (0)              ; 44 (0)                    ; 0                 ; 0          ; 0    ; 5.8 (0.0)   ; pifoEngines_1|enque_brain|flowStateUpdate_toStream_fifo                                   ; StreamFifoLowLatency_3    ; altera_work  ;
;             |fifo|                                    ; 13 (13)             ; 44 (44)                   ; 0                 ; 0          ; 0    ; 5.8 (5.8)   ; pifoEngines_1|enque_brain|flowStateUpdate_toStream_fifo|fifo                              ; StreamFifo_4              ; altera_work  ;
;          |io_outputs_4_fifo|                          ; 21 (0)              ; 28 (0)                    ; 0                 ; 0          ; 0    ; 6.0 (0.0)   ; pifoEngines_1|enque_brain|io_outputs_4_fifo                                               ; StreamFifoLowLatency_9    ; altera_work  ;
;             |fifo|                                    ; 21 (21)             ; 28 (28)                   ; 0                 ; 0          ; 0    ; 6.0 (6.0)   ; pifoEngines_1|enque_brain|io_outputs_4_fifo|fifo                                          ; StreamFifo_10             ; altera_work  ;
;          |io_request_fork|                            ; 2 (2)               ; 1 (1)                     ; 0                 ; 0          ; 0    ; 2.0 (2.0)   ; pifoEngines_1|enque_brain|io_request_fork                                                 ; StreamFork                ; altera_work  ;
;          |lastVirtualMapper_io_readRes_toStream_fifo| ; 17 (0)              ; 20 (0)                    ; 0                 ; 0          ; 0    ; 23.1 (0.0)  ; pifoEngines_1|enque_brain|lastVirtualMapper_io_readRes_toStream_fifo                      ; StreamFifoLowLatency_8    ; altera_work  ;
;             |fifo|                                    ; 17 (17)             ; 20 (20)                   ; 0                 ; 0          ; 0    ; 23.1 (23.1) ; pifoEngines_1|enque_brain|lastVirtualMapper_io_readRes_toStream_fifo|fifo                 ; StreamFifo_9              ; altera_work  ;
;          |lastVirtualMapper|                          ; 0 (0)               ; 1 (1)                     ; 256               ; 0          ; 0    ; 22.1 (6.0)  ; pifoEngines_1|enque_brain|lastVirtualMapper                                               ; Mapper_5                  ; altera_work  ;
;             |ram_rtl_0|                               ; 0 (0)               ; 0 (0)                     ; 256               ; 0          ; 0    ; 22.1 (0.0)  ; pifoEngines_1|enque_brain|lastVirtualMapper|ram_rtl_0                                     ; altera_syncram            ; work         ;
;                |auto_generated|                       ; 0 (0)               ; 0 (0)                     ; 256               ; 0          ; 0    ; 22.1 (0.0)  ; pifoEngines_1|enque_brain|lastVirtualMapper|ram_rtl_0|auto_generated                      ; altera_syncram_dai51      ; altera_work  ;
;                   |altera_syncram_impl1|              ; 0 (0)               ; 0 (0)                     ; 256               ; 0          ; 0    ; 22.1 (22.1) ; pifoEngines_1|enque_brain|lastVirtualMapper|ram_rtl_0|auto_generated|altera_syncram_impl1 ; altera_syncram_impl_65n32 ; altera_work  ;
;          |streamArbiter_10|                           ; 16 (16)             ; 0 (0)                     ; 0                 ; 0          ; 0    ; 5.0 (5.0)   ; pifoEngines_1|enque_brain|streamArbiter_10                                                ; StreamArbiter_4           ; altera_work  ;
;          |streamArbiter_9|                            ; 21 (21)             ; 0 (0)                     ; 0                 ; 0          ; 0    ; 6.8 (6.8)   ; pifoEngines_1|enque_brain|streamArbiter_9                                                 ; StreamArbiter_3           ; altera_work  ;
;       |enque_enqueMapper|                             ; 31 (31)             ; 15 (15)                   ; 640               ; 0          ; 0    ; 13.0 (13.0) ; pifoEngines_1|enque_enqueMapper                                                           ; TransactionalMapper_2     ; altera_work  ;
;          |banks_0_rtl_0|                              ; 0 (0)               ; 0 (0)                     ; 160               ; 0          ; 0    ; 5.0 (0.0)   ; pifoEngines_1|enque_enqueMapper|banks_0_rtl_0                                             ; altera_syncram            ; work         ;
;             |auto_generated|                          ; 0 (0)               ; 0 (0)                     ; 160               ; 0          ; 0    ; 5.0 (0.0)   ; pifoEngines_1|enque_enqueMapper|banks_0_rtl_0|auto_generated                              ; altera_syncram_jvb31      ; altera_work  ;
;                |altera_syncram_impl1|                 ; 0 (0)               ; 0 (0)                     ; 160               ; 0          ; 0    ; 5.0 (5.0)   ; pifoEngines_1|enque_enqueMapper|banks_0_rtl_0|auto_generated|altera_syncram_impl1         ; altera_syncram_impl_rraq1 ; altera_work  ;
;          |banks_0_rtl_1|                              ; 0 (0)               ; 0 (0)                     ; 160               ; 0          ; 0    ; 1.0 (0.0)   ; pifoEngines_1|enque_enqueMapper|banks_0_rtl_1                                             ; altera_syncram            ; work         ;
;             |auto_generated|                          ; 0 (0)               ; 0 (0)                     ; 160               ; 0          ; 0    ; 1.0 (0.0)   ; pifoEngines_1|enque_enqueMapper|banks_0_rtl_1|auto_generated                              ; altera_syncram_jvb31      ; altera_work  ;
;                |altera_syncram_impl1|                 ; 0 (0)               ; 0 (0)                     ; 160               ; 0          ; 0    ; 1.0 (1.0)   ; pifoEngines_1|enque_enqueMapper|banks_0_rtl_1|auto_generated|altera_syncram_impl1         ; altera_syncram_impl_rraq1 ; altera_work  ;
;          |banks_1_rtl_0|                              ; 0 (0)               ; 0 (0)                     ; 160               ; 0          ; 0    ; 5.0 (0.0)   ; pifoEngines_1|enque_enqueMapper|banks_1_rtl_0                                             ; altera_syncram            ; work         ;
;             |auto_generated|                          ; 0 (0)               ; 0 (0)                     ; 160               ; 0          ; 0    ; 5.0 (0.0)   ; pifoEngines_1|enque_enqueMapper|banks_1_rtl_0|auto_generated                              ; altera_syncram_jvb31      ; altera_work  ;
;                |altera_syncram_impl1|                 ; 0 (0)               ; 0 (0)                     ; 160               ; 0          ; 0    ; 5.0 (5.0)   ; pifoEngines_1|enque_enqueMapper|banks_1_rtl_0|auto_generated|altera_syncram_impl1         ; altera_syncram_impl_rraq1 ; altera_work  ;
;          |banks_1_rtl_1|                              ; 0 (0)               ; 0 (0)                     ; 160               ; 0          ; 0    ; 1.0 (0.0)   ; pifoEngines_1|enque_enqueMapper|banks_1_rtl_1                                             ; altera_syncram            ; work         ;
;             |auto_generated|                          ; 0 (0)               ; 0 (0)                     ; 160               ; 0          ; 0    ; 1.0 (0.0)   ; pifoEngines_1|enque_enqueMapper|banks_1_rtl_1|auto_generated                              ; altera_syncram_jvb31      ; altera_work  ;
;                |altera_syncram_impl1|                 ; 0 (0)               ; 0 (0)                     ; 160               ; 0          ; 0    ; 1.0 (1.0)   ; pifoEngines_1|enque_enqueMapper|banks_1_rtl_1|auto_generated|altera_syncram_impl1         ; altera_syncram_impl_rraq1 ; altera_work  ;
;       |enque_flowIdStream_fifo|                       ; 23 (0)              ; 18 (0)                    ; 0                 ; 0          ; 0    ; 6.0 (0.0)   ; pifoEngines_1|enque_flowIdStream_fifo                                                     ; StreamFifoLowLatency_10   ; altera_work  ;
;          |fifo|                                       ; 23 (23)             ; 18 (18)                   ; 0                 ; 0          ; 0    ; 6.0 (6.0)   ; pifoEngines_1|enque_flowIdStream_fifo|fifo                                                ; StreamFifo_3              ; altera_work  ;
;       |io_outputs_2_fifo|                             ; 7 (0)               ; 4 (0)                     ; 0                 ; 0          ; 0    ; 6.0 (0.0)   ; pifoEngines_1|io_outputs_2_fifo                                                           ; StreamFifoLowLatency_11   ; altera_work  ;
;          |fifo|                                       ; 7 (7)               ; 4 (4)                     ; 0                 ; 0          ; 0    ; 6.0 (6.0)   ; pifoEngines_1|io_outputs_2_fifo|fifo                                                      ; StreamFifo_11             ; altera_work  ;
;       |pifos|                                         ; 48379 (952)         ; 20929 (370)               ; 0                 ; 0          ; 0    ; 24.6 (16.0) ; pifoEngines_1|pifos                                                                       ; StockPifoRTL              ; altera_work  ;
;          |core|                                       ; 47427 (30522)       ; 20559 (20491)             ; 0                 ; 0          ; 0    ; 24.6 (24.6) ; pifoEngines_1|pifos|core                                                                  ; pifo                      ; altera_work  ;
;             |pop_idx_del_inst|                        ; 0 (0)               ; 11 (11)                   ; 0                 ; 0          ; 0    ; 12.2 (12.2) ; pifoEngines_1|pifos|core|pop_idx_del_inst                                                 ; shift                     ; altera_work  ;
;             |pop_idx_inst|                            ; 4909 (3105)         ; 0 (0)                     ; 0                 ; 0          ; 0    ; 24.6 (24.6) ; pifoEngines_1|pifos|core|pop_idx_inst                                                     ; pop_pe_idx                ; altera_work  ;
;                |pop_pe|                               ; 1804 (1804)         ; 0 (0)                     ; 0                 ; 0          ; 0    ; 24.6 (24.6) ; pifoEngines_1|pifos|core|pop_idx_inst|pop_pe                                              ; priority_encode_log       ; altera_work  ;
;             |push_1_fidx_inst|                        ; 0 (0)               ; 21 (21)                   ; 0                 ; 0          ; 0    ; 10.2 (10.2) ; pifoEngines_1|pifos|core|push_1_fidx_inst                                                 ; shift                     ; altera_work  ;
;             |push_1_idx_inst|                         ; 8583 (6873)         ; 0 (0)                     ; 0                 ; 0          ; 0    ; 23.1 (23.1) ; pifoEngines_1|pifos|core|push_1_idx_inst                                                  ; push_pe_idx               ; altera_work  ;
;                |push_pe|                              ; 1710 (1710)         ; 0 (0)                     ; 0                 ; 0          ; 0    ; 23.1 (23.1) ; pifoEngines_1|pifos|core|push_1_idx_inst|push_pe                                          ; priority_encode_log2      ; altera_work  ;
;             |push_2_idx_inst|                         ; 3413 (867)          ; 0 (0)                     ; 0                 ; 0          ; 0    ; 22.2 (22.2) ; pifoEngines_1|pifos|core|push_2_idx_inst                                                  ; push_pe_idx1              ; altera_work  ;
;                |push_pe|                              ; 2546 (2546)         ; 0 (0)                     ; 0                 ; 0          ; 0    ; 22.2 (22.2) ; pifoEngines_1|pifos|core|push_2_idx_inst|push_pe                                          ; priority_encode_log1      ; altera_work  ;
;             |push_hi_del_inst|                        ; 0 (0)               ; 16 (16)                   ; 0                 ; 0          ; 0    ; 8.0 (8.0)   ; pifoEngines_1|pifos|core|push_hi_del_inst                                                 ; shift                     ; altera_work  ;
;             |push_idx_del_inst|                       ; 0 (0)               ; 10 (10)                   ; 0                 ; 0          ; 0    ; 5.0 (5.0)   ; pifoEngines_1|pifos|core|push_idx_del_inst                                                ; shift                     ; altera_work  ;
;             |push_idx_raw_del_inst|                   ; 0 (0)               ; 10 (10)                   ; 0                 ; 0          ; 0    ; 9.2 (9.2)   ; pifoEngines_1|pifos|core|push_idx_raw_del_inst                                            ; shift                     ; altera_work  ;
;    |streamArbiter_10|                                 ; 3 (3)               ; 0 (0)                     ; 0                 ; 0          ; 0    ; 13.0 (13.0) ; streamArbiter_10                                                                          ; StreamArbiter_7           ; altera_work  ;
;    |streamArbiter_9|                                  ; 4 (4)               ; 0 (0)                     ; 0                 ; 0          ; 0    ; 13.0 (13.0) ; streamArbiter_9                                                                           ; StreamArbiter_7           ; altera_work  ;
;    |xbar|                                             ; 164 (3)             ; 224 (20)                  ; 0                 ; 0          ; 0    ; 24.6 (24.6) ; xbar                                                                                      ; MessageCrossBar           ; altera_work  ;
;       |io_inputs_0_fifo|                              ; 36 (0)              ; 64 (0)                    ; 0                 ; 0          ; 0    ; 13.0 (0.0)  ; xbar|io_inputs_0_fifo                                                                     ; StreamFifoLowLatency      ; altera_work  ;
;          |fifo|                                       ; 36 (36)             ; 64 (64)                   ; 0                 ; 0          ; 0    ; 13.0 (13.0) ; xbar|io_inputs_0_fifo|fifo                                                                ; StreamFifo                ; altera_work  ;
;       |io_inputs_1_fifo|                              ; 36 (0)              ; 64 (0)                    ; 0                 ; 0          ; 0    ; 13.0 (0.0)  ; xbar|io_inputs_1_fifo                                                                     ; StreamFifoLowLatency      ; altera_work  ;
;          |fifo|                                       ; 36 (36)             ; 64 (64)                   ; 0                 ; 0          ; 0    ; 13.0 (13.0) ; xbar|io_inputs_1_fifo|fifo                                                                ; StreamFifo                ; altera_work  ;
;       |io_inputs_2_fifo|                              ; 36 (0)              ; 64 (0)                    ; 0                 ; 0          ; 0    ; 13.0 (0.0)  ; xbar|io_inputs_2_fifo                                                                     ; StreamFifoLowLatency      ; altera_work  ;
;          |fifo|                                       ; 36 (36)             ; 64 (64)                   ; 0                 ; 0          ; 0    ; 13.0 (13.0) ; xbar|io_inputs_2_fifo|fifo                                                                ; StreamFifo                ; altera_work  ;
;       |streamArbiter_10|                              ; 14 (14)             ; 4 (4)                     ; 0                 ; 0          ; 0    ; 11.0 (11.0) ; xbar|streamArbiter_10                                                                     ; StreamArbiter             ; altera_work  ;
;       |streamArbiter_11|                              ; 15 (15)             ; 4 (4)                     ; 0                 ; 0          ; 0    ; 11.0 (11.0) ; xbar|streamArbiter_11                                                                     ; StreamArbiter             ; altera_work  ;
;       |streamArbiter_9|                               ; 16 (16)             ; 4 (4)                     ; 0                 ; 0          ; 0    ; 7.0 (7.0)   ; xbar|streamArbiter_9                                                                      ; StreamArbiter             ; altera_work  ;
;       |streamDemux_4|                                 ; 4 (4)               ; 0 (0)                     ; 0                 ; 0          ; 0    ; 8.0 (8.0)   ; xbar|streamDemux_4                                                                        ; StreamDemux               ; altera_work  ;
;       |streamDemux_5|                                 ; 4 (4)               ; 0 (0)                     ; 0                 ; 0          ; 0    ; 8.0 (8.0)   ; xbar|streamDemux_5                                                                        ; StreamDemux               ; altera_work  ;
+-------------------------------------------------------+---------------------+---------------------------+-------------------+------------+------+-------------+-------------------------------------------------------------------------------------------+---------------------------+--------------+
Note: For table entries with two numbers listed, the numbers in parentheses indicate the number of resources of the given type used by the specific entity alone. The numbers listed outside of parentheses indicate the total resources of the given type used by the specific entity and all of its sub-entities in the hierarchy.


+----------------------------------------------------------------------------------------------------------------------------------------------------------------------------------------------------+
; Registers Removed During Synthesis                                                                                                                                                                 ;
+-------------------------------------------------------------------------------------------------------------+--------------------------------------------------------------------------+-----------+
; Node name                                                                                                   ; Reason for Removal                                                       ; Node Type ;
+-------------------------------------------------------------------------------------------------------------+--------------------------------------------------------------------------+-----------+
; pifoEngines_0|enque_brain|outStream_fork3_logic_linkEnable_1                                                ; Stuck at VCC due to stuck port data_in                                   ; Register  ;
; pifoEngines_0|enque_brain|outStream_fork3_logic_linkEnable_2                                                ; Stuck at VCC due to stuck port data_in                                   ; Register  ;
; pifoEngines_0|enque_brain|outStream_fork3_logic_linkEnable_0                                                ; Stuck at VCC due to stuck port data_in                                   ; Register  ;
; pifoEngines_1|enque_brain|outStream_fork3_logic_linkEnable_1                                                ; Stuck at VCC due to stuck port data_in                                   ; Register  ;
; pifoEngines_1|enque_brain|outStream_fork3_logic_linkEnable_2                                                ; Stuck at VCC due to stuck port data_in                                   ; Register  ;
; pifoEngines_1|enque_brain|outStream_fork3_logic_linkEnable_0                                                ; Stuck at VCC due to stuck port data_in                                   ; Register  ;
; pifoEngines_0|enque_brain|io_control_fork|logic_linkEnable_1                                                ; Stuck at VCC due to stuck port data_in                                   ; Register  ;
; pifoEngines_0|enque_brain|io_control_fork|logic_linkEnable_2                                                ; Stuck at VCC due to stuck port data_in                                   ; Register  ;
; pifoEngines_0|enque_brain|io_control_fork|logic_linkEnable_0                                                ; Stuck at VCC due to stuck port data_in                                   ; Register  ;
; pifoEngines_1|enque_brain|io_control_fork|logic_linkEnable_1                                                ; Stuck at VCC due to stuck port data_in                                   ; Register  ;
; pifoEngines_1|enque_brain|io_control_fork|logic_linkEnable_2                                                ; Stuck at VCC due to stuck port data_in                                   ; Register  ;
; pifoEngines_1|enque_brain|io_control_fork|logic_linkEnable_0                                                ; Stuck at VCC due to stuck port data_in                                   ; Register  ;
; pifoEngines_0|enque_brain|engineCAM|ram_spinal_port0[8..31]                                                 ; Lost fanout                                                              ; Register  ;
; pifoEngines_0|enque_brain|brainStateMem|ram_spinal_port0[8..31]                                             ; Lost fanout                                                              ; Register  ;
; pifoEngines_1|enque_brain|engineCAM|ram_spinal_port0[8..31]                                                 ; Lost fanout                                                              ; Register  ;
; pifoEngines_1|enque_brain|brainStateMem|ram_spinal_port0[8..31]                                             ; Lost fanout                                                              ; Register  ;
; pifoEngines_0|enque_brain|streamArbiter_9|locked                                                            ; Stuck at GND due to stuck port data_in                                   ; Register  ;
; pifoEngines_0|enque_brain|streamArbiter_10|locked                                                           ; Stuck at GND due to stuck port data_in                                   ; Register  ;
; pifoEngines_1|enque_brain|streamArbiter_9|locked                                                            ; Stuck at GND due to stuck port data_in                                   ; Register  ;
; pifoEngines_1|enque_brain|streamArbiter_10|locked                                                           ; Stuck at GND due to stuck port data_in                                   ; Register  ;
; pifoEngines_0|enque_brain|streamArbiter_9|maskLocked_0                                                      ; Lost fanout                                                              ; Register  ;
; pifoEngines_0|enque_brain|streamArbiter_9|maskLocked_1                                                      ; Lost fanout                                                              ; Register  ;
; pifoEngines_0|enque_brain|streamArbiter_10|maskLocked_0                                                     ; Lost fanout                                                              ; Register  ;
; pifoEngines_0|enque_brain|streamArbiter_10|maskLocked_1                                                     ; Lost fanout                                                              ; Register  ;
; pifoEngines_1|enque_brain|streamArbiter_9|maskLocked_0                                                      ; Lost fanout                                                              ; Register  ;
; pifoEngines_1|enque_brain|streamArbiter_9|maskLocked_1                                                      ; Lost fanout                                                              ; Register  ;
; pifoEngines_1|enque_brain|streamArbiter_10|maskLocked_0                                                     ; Lost fanout                                                              ; Register  ;
; pifoEngines_1|enque_brain|streamArbiter_10|maskLocked_1                                                     ; Lost fanout                                                              ; Register  ;
; io_controlRequest_fifo|logic_ram_spinal_port1[4]                                                            ; Lost fanout                                                              ; Register  ;
; pifoEngines_0|pifos|io_popRequest_payload_port_regNext_1[4]                                                 ; Merged with pifoEngines_0|pifos|io_popRequest_payload_port_regNext[4]    ; Register  ;
; pifoEngines_0|pifos|io_popRequest_payload_port_regNext_1[3]                                                 ; Merged with pifoEngines_0|pifos|io_popRequest_payload_port_regNext[3]    ; Register  ;
; pifoEngines_0|pifos|io_popRequest_payload_port_regNext_1[2]                                                 ; Merged with pifoEngines_0|pifos|io_popRequest_payload_port_regNext[2]    ; Register  ;
; pifoEngines_0|pifos|io_popRequest_payload_port_regNext_1[1]                                                 ; Merged with pifoEngines_0|pifos|io_popRequest_payload_port_regNext[1]    ; Register  ;
; pifoEngines_0|pifos|io_popRequest_payload_port_regNext_1[0]                                                 ; Merged with pifoEngines_0|pifos|io_popRequest_payload_port_regNext[0]    ; Register  ;
; pifoEngines_1|pifos|io_popRequest_payload_port_regNext_1[4]                                                 ; Merged with pifoEngines_1|pifos|io_popRequest_payload_port_regNext[4]    ; Register  ;
; pifoEngines_1|pifos|io_popRequest_payload_port_regNext_1[3]                                                 ; Merged with pifoEngines_1|pifos|io_popRequest_payload_port_regNext[3]    ; Register  ;
; pifoEngines_1|pifos|io_popRequest_payload_port_regNext_1[2]                                                 ; Merged with pifoEngines_1|pifos|io_popRequest_payload_port_regNext[2]    ; Register  ;
; pifoEngines_1|pifos|io_popRequest_payload_port_regNext_1[1]                                                 ; Merged with pifoEngines_1|pifos|io_popRequest_payload_port_regNext[1]    ; Register  ;
; pifoEngines_1|pifos|io_popRequest_payload_port_regNext_1[0]                                                 ; Merged with pifoEngines_1|pifos|io_popRequest_payload_port_regNext[0]    ; Register  ;
; pifoEngines_1|enque_brain|io_request_fork|logic_linkEnable_1                                                ; Merged with pifoEngines_1|enque_brain|io_request_fork|logic_linkEnable_0 ; Register  ;
; pifoEngines_1|enque_brain|io_request_fork|logic_linkEnable_2                                                ; Merged with pifoEngines_1|enque_brain|io_request_fork|logic_linkEnable_0 ; Register  ;
; pifoEngines_1|enque_brain|io_request_fork|logic_linkEnable_3                                                ; Merged with pifoEngines_1|enque_brain|io_request_fork|logic_linkEnable_0 ; Register  ;
; pifoEngines_0|enque_brain|io_request_fork|logic_linkEnable_1                                                ; Merged with pifoEngines_0|enque_brain|io_request_fork|logic_linkEnable_0 ; Register  ;
; pifoEngines_0|enque_brain|io_request_fork|logic_linkEnable_2                                                ; Merged with pifoEngines_0|enque_brain|io_request_fork|logic_linkEnable_0 ; Register  ;
; pifoEngines_0|enque_brain|io_request_fork|logic_linkEnable_3                                                ; Merged with pifoEngines_0|enque_brain|io_request_fork|logic_linkEnable_0 ; Register  ;
; pifoEngines_0|deque_existingPop_fork|logic_linkEnable_1                                                     ; Merged with pifoEngines_0|deque_existingPop_fork|logic_linkEnable_0      ; Register  ;
; pifoEngines_0|pifos|core|push_hi_del_inst|din_reg[1][32]                                                    ; Merged with pifoEngines_0|pifos|core|push_hi_del_inst|din_reg[1][22]     ; Register  ;
; pifoEngines_0|pifos|core|push_hi_del_inst|din_reg[1][31]                                                    ; Merged with pifoEngines_0|pifos|core|push_hi_del_inst|din_reg[1][21]     ; Register  ;
; pifoEngines_0|pifos|core|push_hi_del_inst|din_reg[1][30]                                                    ; Merged with pifoEngines_0|pifos|core|push_hi_del_inst|din_reg[1][20]     ; Register  ;
; pifoEngines_0|pifos|core|push_hi_del_inst|din_reg[1][29]                                                    ; Merged with pifoEngines_0|pifos|core|push_hi_del_inst|din_reg[1][19]     ; Register  ;
; pifoEngines_0|pifos|core|push_hi_del_inst|din_reg[1][28]                                                    ; Merged with pifoEngines_0|pifos|core|push_hi_del_inst|din_reg[1][18]     ; Register  ;
; pifoEngines_0|pifos|core|push_hi_del_inst|din_reg[1][27]                                                    ; Merged with pifoEngines_0|pifos|core|push_hi_del_inst|din_reg[1][17]     ; Register  ;
; pifoEngines_0|pifos|core|push_hi_del_inst|din_reg[1][26]                                                    ; Merged with pifoEngines_0|pifos|core|push_hi_del_inst|din_reg[1][16]     ; Register  ;
; pifoEngines_0|pifos|core|push_hi_del_inst|din_reg[1][25]                                                    ; Merged with pifoEngines_0|pifos|core|push_hi_del_inst|din_reg[1][15]     ; Register  ;
; pifoEngines_0|pifos|core|push_hi_del_inst|din_reg[1][24]                                                    ; Merged with pifoEngines_0|pifos|core|push_hi_del_inst|din_reg[1][14]     ; Register  ;
; pifoEngines_0|pifos|core|push_hi_del_inst|din_reg[1][23]                                                    ; Merged with pifoEngines_0|pifos|core|push_hi_del_inst|din_reg[1][13]     ; Register  ;
; pifoEngines_1|deque_existingPop_fork|logic_linkEnable_1                                                     ; Merged with pifoEngines_1|deque_existingPop_fork|logic_linkEnable_0      ; Register  ;
; pifoEngines_1|pifos|core|push_hi_del_inst|din_reg[1][32]                                                    ; Merged with pifoEngines_1|pifos|core|push_hi_del_inst|din_reg[1][22]     ; Register  ;
; pifoEngines_1|pifos|core|push_hi_del_inst|din_reg[1][31]                                                    ; Merged with pifoEngines_1|pifos|core|push_hi_del_inst|din_reg[1][21]     ; Register  ;
; pifoEngines_1|pifos|core|push_hi_del_inst|din_reg[1][30]                                                    ; Merged with pifoEngines_1|pifos|core|push_hi_del_inst|din_reg[1][20]     ; Register  ;
; pifoEngines_1|pifos|core|push_hi_del_inst|din_reg[1][29]                                                    ; Merged with pifoEngines_1|pifos|core|push_hi_del_inst|din_reg[1][19]     ; Register  ;
; pifoEngines_1|pifos|core|push_hi_del_inst|din_reg[1][28]                                                    ; Merged with pifoEngines_1|pifos|core|push_hi_del_inst|din_reg[1][18]     ; Register  ;
; pifoEngines_1|pifos|core|push_hi_del_inst|din_reg[1][27]                                                    ; Merged with pifoEngines_1|pifos|core|push_hi_del_inst|din_reg[1][17]     ; Register  ;
; pifoEngines_1|pifos|core|push_hi_del_inst|din_reg[1][26]                                                    ; Merged with pifoEngines_1|pifos|core|push_hi_del_inst|din_reg[1][16]     ; Register  ;
; pifoEngines_1|pifos|core|push_hi_del_inst|din_reg[1][25]                                                    ; Merged with pifoEngines_1|pifos|core|push_hi_del_inst|din_reg[1][15]     ; Register  ;
; pifoEngines_1|pifos|core|push_hi_del_inst|din_reg[1][24]                                                    ; Merged with pifoEngines_1|pifos|core|push_hi_del_inst|din_reg[1][14]     ; Register  ;
; pifoEngines_1|pifos|core|push_hi_del_inst|din_reg[1][23]                                                    ; Merged with pifoEngines_1|pifos|core|push_hi_del_inst|din_reg[1][13]     ; Register  ;
; pifoEngines_0|io_enqueRequest_fork2_logic_linkEnable_1                                                      ; Stuck at VCC due to stuck port data_in                                   ; Register  ;
; pifoEngines_1|io_enqueRequest_fork2_logic_linkEnable_1                                                      ; Stuck at VCC due to stuck port data_in                                   ; Register  ;
; pifoEngines_0|enque_brain|io_request_fork|logic_linkEnable_4                                                ; Stuck at VCC due to stuck port data_in                                   ; Register  ;
; pifoEngines_1|enque_brain|io_request_fork|logic_linkEnable_4                                                ; Stuck at VCC due to stuck port data_in                                   ; Register  ;
; pifoEngines_0|deque_existingPop_fork|logic_linkEnable_2                                                     ; Stuck at VCC due to stuck port data_in                                   ; Register  ;
; pifoEngines_1|deque_existingPop_fork|logic_linkEnable_2                                                     ; Stuck at VCC due to stuck port data_in                                   ; Register  ;
; pifoEngines_0|enque_brain|engineCAM|ram_rtl_0|auto_generated|altera_syncram_impl1|ram_block2a{8..31,40..63} ; Lost fanout                                                              ; Block RAM ;
; pifoEngines_0|enque_brain|brainStateMem|ram_rtl_0|auto_generated|altera_syncram_impl1|ram_block2a{8..31}    ; Lost fanout                                                              ; Block RAM ;
; pifoEngines_1|enque_brain|engineCAM|ram_rtl_0|auto_generated|altera_syncram_impl1|ram_block2a{8..31,40..63} ; Lost fanout                                                              ; Block RAM ;
; pifoEngines_1|enque_brain|brainStateMem|ram_rtl_0|auto_generated|altera_syncram_impl1|ram_block2a{8..31}    ; Lost fanout                                                              ; Block RAM ;
; io_controlRequest_fifo|logic_ram_rtl_0|auto_generated|altera_syncram_impl1|ram_block2a{24..47}              ; Lost fanout                                                              ; Block RAM ;
; streamArbiter_9|locked                                                                                      ; Stuck at GND due to stuck port data_in                                   ; Register  ;
; streamArbiter_10|locked                                                                                     ; Stuck at GND due to stuck port data_in                                   ; Register  ;
; pifoEngines_1|control_fork|logic_linkEnable_0                                                               ; Stuck at VCC due to stuck port data_in                                   ; Register  ;
; pifoEngines_1|control_fork|logic_linkEnable_1                                                               ; Stuck at VCC due to stuck port data_in                                   ; Register  ;
; pifoEngines_0|control_fork|logic_linkEnable_0                                                               ; Stuck at VCC due to stuck port data_in                                   ; Register  ;
; pifoEngines_0|control_fork|logic_linkEnable_1                                                               ; Stuck at VCC due to stuck port data_in                                   ; Register  ;
; streamArbiter_9|maskLocked_0                                                                                ; Lost fanout                                                              ; Register  ;
; streamArbiter_9|maskLocked_1                                                                                ; Lost fanout                                                              ; Register  ;
; streamArbiter_10|maskLocked_0                                                                               ; Lost fanout                                                              ; Register  ;
; streamArbiter_10|maskLocked_1                                                                               ; Lost fanout                                                              ; Register  ;
; Total Number of Removed Nodes = 343                                                                         ;                                                                          ;           ;
+-------------------------------------------------------------------------------------------------------------+--------------------------------------------------------------------------+-----------+


+-------------------------------------------------------------------------------------------------------------------------------------------------------------------------------------------------------------------------------------------------+
; Removed Registers Triggering Further Register Optimizations                                                                                                                                                                                     ;
+-------------------------------------------------------------------------------------------------+----------------------------------------+-----------+------------------------------------------------------------------------------------------+
; Node name                                                                                       ; Reason for Removal                     ; Node Type ; Nodes Removed due to This Node                                                           ;
+-------------------------------------------------------------------------------------------------+----------------------------------------+-----------+------------------------------------------------------------------------------------------+
; pifoEngines_0|enque_brain|io_control_fork|logic_linkEnable_1                                    ; Stuck at VCC due to stuck port data_in ; Register  ; pifoEngines_0|enque_brain|streamArbiter_9|locked, streamArbiter_9|maskLocked_0,          ;
;                                                                                                 ;                                        ;           ; streamArbiter_9|maskLocked_1                                                             ;
; pifoEngines_1|enque_brain|outStream_fork3_logic_linkEnable_1                                    ; Stuck at VCC due to stuck port data_in ; Register  ; pifoEngines_1|enque_brain|streamArbiter_9|locked,                                        ;
;                                                                                                 ;                                        ;           ; pifoEngines_1|enque_brain|streamArbiter_9|maskLocked_1                                   ;
; pifoEngines_1|enque_brain|outStream_fork3_logic_linkEnable_2                                    ; Stuck at VCC due to stuck port data_in ; Register  ; pifoEngines_1|enque_brain|streamArbiter_10|locked,                                       ;
;                                                                                                 ;                                        ;           ; pifoEngines_1|enque_brain|streamArbiter_10|maskLocked_1                                  ;
; pifoEngines_1|enque_brain|io_control_fork|logic_linkEnable_1                                    ; Stuck at VCC due to stuck port data_in ; Register  ; streamArbiter_10|maskLocked_0, streamArbiter_10|maskLocked_1                             ;
; pifoEngines_0|enque_brain|engineCAM|ram_rtl_0|auto_generated|altera_syncram_impl1|ram_block2a60 ; Lost fanout                            ; Block RAM ; io_controlRequest_fifo|logic_ram_rtl_0|auto_generated|altera_syncram_impl1|ram_block2a44 ;
; pifoEngines_0|enque_brain|engineCAM|ram_rtl_0|auto_generated|altera_syncram_impl1|ram_block2a51 ; Lost fanout                            ; Block RAM ; io_controlRequest_fifo|logic_ram_rtl_0|auto_generated|altera_syncram_impl1|ram_block2a35 ;
; pifoEngines_0|enque_brain|engineCAM|ram_rtl_0|auto_generated|altera_syncram_impl1|ram_block2a52 ; Lost fanout                            ; Block RAM ; io_controlRequest_fifo|logic_ram_rtl_0|auto_generated|altera_syncram_impl1|ram_block2a36 ;
; pifoEngines_0|enque_brain|engineCAM|ram_rtl_0|auto_generated|altera_syncram_impl1|ram_block2a53 ; Lost fanout                            ; Block RAM ; io_controlRequest_fifo|logic_ram_rtl_0|auto_generated|altera_syncram_impl1|ram_block2a37 ;
; pifoEngines_0|enque_brain|engineCAM|ram_rtl_0|auto_generated|altera_syncram_impl1|ram_block2a54 ; Lost fanout                            ; Block RAM ; io_controlRequest_fifo|logic_ram_rtl_0|auto_generated|altera_syncram_impl1|ram_block2a38 ;
; pifoEngines_0|enque_brain|engineCAM|ram_rtl_0|auto_generated|altera_syncram_impl1|ram_block2a55 ; Lost fanout                            ; Block RAM ; io_controlRequest_fifo|logic_ram_rtl_0|auto_generated|altera_syncram_impl1|ram_block2a39 ;
; pifoEngines_0|enque_brain|engineCAM|ram_rtl_0|auto_generated|altera_syncram_impl1|ram_block2a56 ; Lost fanout                            ; Block RAM ; io_controlRequest_fifo|logic_ram_rtl_0|auto_generated|altera_syncram_impl1|ram_block2a40 ;
; pifoEngines_0|enque_brain|engineCAM|ram_rtl_0|auto_generated|altera_syncram_impl1|ram_block2a57 ; Lost fanout                            ; Block RAM ; io_controlRequest_fifo|logic_ram_rtl_0|auto_generated|altera_syncram_impl1|ram_block2a41 ;
; pifoEngines_0|enque_brain|engineCAM|ram_rtl_0|auto_generated|altera_syncram_impl1|ram_block2a58 ; Lost fanout                            ; Block RAM ; io_controlRequest_fifo|logic_ram_rtl_0|auto_generated|altera_syncram_impl1|ram_block2a42 ;
; pifoEngines_0|enque_brain|engineCAM|ram_rtl_0|auto_generated|altera_syncram_impl1|ram_block2a59 ; Lost fanout                            ; Block RAM ; io_controlRequest_fifo|logic_ram_rtl_0|auto_generated|altera_syncram_impl1|ram_block2a43 ;
; pifoEngines_0|enque_brain|engineCAM|ram_rtl_0|auto_generated|altera_syncram_impl1|ram_block2a48 ; Lost fanout                            ; Block RAM ; io_controlRequest_fifo|logic_ram_rtl_0|auto_generated|altera_syncram_impl1|ram_block2a32 ;
; pifoEngines_0|enque_brain|engineCAM|ram_rtl_0|auto_generated|altera_syncram_impl1|ram_block2a61 ; Lost fanout                            ; Block RAM ; io_controlRequest_fifo|logic_ram_rtl_0|auto_generated|altera_syncram_impl1|ram_block2a45 ;
; pifoEngines_0|enque_brain|engineCAM|ram_rtl_0|auto_generated|altera_syncram_impl1|ram_block2a62 ; Lost fanout                            ; Block RAM ; io_controlRequest_fifo|logic_ram_rtl_0|auto_generated|altera_syncram_impl1|ram_block2a46 ;
; pifoEngines_0|enque_brain|engineCAM|ram_rtl_0|auto_generated|altera_syncram_impl1|ram_block2a63 ; Lost fanout                            ; Block RAM ; io_controlRequest_fifo|logic_ram_rtl_0|auto_generated|altera_syncram_impl1|ram_block2a47 ;
; pifoEngines_0|enque_brain|engineCAM|ram_rtl_0|auto_generated|altera_syncram_impl1|ram_block2a40 ; Lost fanout                            ; Block RAM ; io_controlRequest_fifo|logic_ram_rtl_0|auto_generated|altera_syncram_impl1|ram_block2a24 ;
; pifoEngines_0|enque_brain|engineCAM|ram_rtl_0|auto_generated|altera_syncram_impl1|ram_block2a41 ; Lost fanout                            ; Block RAM ; io_controlRequest_fifo|logic_ram_rtl_0|auto_generated|altera_syncram_impl1|ram_block2a25 ;
; pifoEngines_0|enque_brain|engineCAM|ram_rtl_0|auto_generated|altera_syncram_impl1|ram_block2a50 ; Lost fanout                            ; Block RAM ; io_controlRequest_fifo|logic_ram_rtl_0|auto_generated|altera_syncram_impl1|ram_block2a34 ;
; pifoEngines_0|enque_brain|engineCAM|ram_rtl_0|auto_generated|altera_syncram_impl1|ram_block2a49 ; Lost fanout                            ; Block RAM ; io_controlRequest_fifo|logic_ram_rtl_0|auto_generated|altera_syncram_impl1|ram_block2a33 ;
; pifoEngines_0|enque_brain|outStream_fork3_logic_linkEnable_1                                    ; Stuck at VCC due to stuck port data_in ; Register  ; pifoEngines_0|enque_brain|streamArbiter_9|maskLocked_1                                   ;
; pifoEngines_0|enque_brain|engineCAM|ram_rtl_0|auto_generated|altera_syncram_impl1|ram_block2a47 ; Lost fanout                            ; Block RAM ; io_controlRequest_fifo|logic_ram_rtl_0|auto_generated|altera_syncram_impl1|ram_block2a31 ;
; pifoEngines_0|enque_brain|engineCAM|ram_rtl_0|auto_generated|altera_syncram_impl1|ram_block2a46 ; Lost fanout                            ; Block RAM ; io_controlRequest_fifo|logic_ram_rtl_0|auto_generated|altera_syncram_impl1|ram_block2a30 ;
; pifoEngines_0|enque_brain|engineCAM|ram_rtl_0|auto_generated|altera_syncram_impl1|ram_block2a45 ; Lost fanout                            ; Block RAM ; io_controlRequest_fifo|logic_ram_rtl_0|auto_generated|altera_syncram_impl1|ram_block2a29 ;
; pifoEngines_0|enque_brain|engineCAM|ram_rtl_0|auto_generated|altera_syncram_impl1|ram_block2a44 ; Lost fanout                            ; Block RAM ; io_controlRequest_fifo|logic_ram_rtl_0|auto_generated|altera_syncram_impl1|ram_block2a28 ;
; pifoEngines_0|enque_brain|engineCAM|ram_rtl_0|auto_generated|altera_syncram_impl1|ram_block2a43 ; Lost fanout                            ; Block RAM ; io_controlRequest_fifo|logic_ram_rtl_0|auto_generated|altera_syncram_impl1|ram_block2a27 ;
; pifoEngines_0|enque_brain|engineCAM|ram_rtl_0|auto_generated|altera_syncram_impl1|ram_block2a42 ; Lost fanout                            ; Block RAM ; io_controlRequest_fifo|logic_ram_rtl_0|auto_generated|altera_syncram_impl1|ram_block2a26 ;
; pifoEngines_1|enque_brain|brainStateMem|ram_spinal_port0[30]                                    ; Lost fanout                            ; Register  ; pifoEngines_1|enque_brain|streamArbiter_10|maskLocked_0                                  ;
; pifoEngines_1|enque_brain|engineCAM|ram_spinal_port0[30]                                        ; Lost fanout                            ; Register  ; pifoEngines_1|enque_brain|streamArbiter_9|maskLocked_0                                   ;
; pifoEngines_0|enque_brain|brainStateMem|ram_spinal_port0[30]                                    ; Lost fanout                            ; Register  ; pifoEngines_0|enque_brain|streamArbiter_10|maskLocked_0                                  ;
; pifoEngines_0|enque_brain|engineCAM|ram_spinal_port0[30]                                        ; Lost fanout                            ; Register  ; pifoEngines_0|enque_brain|streamArbiter_9|maskLocked_0                                   ;
; pifoEngines_0|enque_brain|io_control_fork|logic_linkEnable_2                                    ; Stuck at VCC due to stuck port data_in ; Register  ; pifoEngines_0|enque_brain|streamArbiter_10|locked                                        ;
; pifoEngines_0|enque_brain|outStream_fork3_logic_linkEnable_2                                    ; Stuck at VCC due to stuck port data_in ; Register  ; pifoEngines_0|enque_brain|streamArbiter_10|maskLocked_1                                  ;
+-------------------------------------------------------------------------------------------------+----------------------------------------+-----------+------------------------------------------------------------------------------------------+


+------------------------------------------------------------+
; General Register Statistics for Partition "root_partition" ;
+----------------------------------------------+-------------+
; Statistic                                    ; Value       ;
+----------------------------------------------+-------------+
; Total registers                              ; 43176       ;
; Number of registers using Synchronous Clear  ; 46          ;
; Number of registers using Synchronous Load   ; 0           ;
; Number of registers using Asynchronous Clear ; 1534        ;
; Number of registers using Asynchronous Load  ; 0           ;
; Number of registers using Clock Enable       ; 941         ;
; Number of registers using Preset             ; 0           ;
+----------------------------------------------+-------------+


+------------------------------------------------------------------------+
; Inverted Register Statistics                                           ;
+--------------------------------------------------------------+---------+
; Inverted Register                                            ; Fan out ;
+--------------------------------------------------------------+---------+
; io_pop_fork2_logic_linkEnable_1                              ; 7       ;
; commitControl_fork|logic_linkEnable_0                        ; 4       ;
; commitControl_fork|logic_linkEnable_1                        ; 4       ;
; pifoEngines_0|io_control_fork3_logic_linkEnable_2            ; 4       ;
; io_pop_fork2_logic_linkEnable_0                              ; 3       ;
; pifoEngines_1|io_control_fork3_logic_linkEnable_2            ; 5       ;
; pifoEngines_1|control_fork|logic_linkEnable_2                ; 2       ;
; pifoEngines_1|io_control_fork3_logic_linkEnable_0            ; 4       ;
; pifoEngines_0|control_fork|logic_linkEnable_2                ; 2       ;
; pifoEngines_0|io_control_fork3_logic_linkEnable_0            ; 4       ;
; pifoEngines_0|io_enqueRequest_fork2_logic_linkEnable_0       ; 4       ;
; pifoEngines_1|io_enqueRequest_fork2_logic_linkEnable_0       ; 4       ;
; pifoEngines_1|deque_existingPop_fork|logic_linkEnable_0      ; 2       ;
; pifoEngines_0|deque_existingPop_fork|logic_linkEnable_0      ; 2       ;
; pifoEngines_0|enque_brain|io_request_fork|logic_linkEnable_0 ; 2       ;
; pifoEngines_1|enque_brain|io_request_fork|logic_linkEnable_0 ; 2       ;
; pifoEngines_1|io_control_fork3_logic_linkEnable_1            ; 4       ;
; pifoEngines_0|io_control_fork3_logic_linkEnable_1            ; 4       ;
; Total number of inverted registers = 18                      ;         ;
+--------------------------------------------------------------+---------+


+-------------------------------------------------------------------------------------------------------------------------------------------------------------------------------------------------------------------------------------+
; Multiplexer Restructuring Statistics (Restructuring Performed)                                                                                                                                                                      ;
+--------------------+-----------+---------------+----------------------+------------------------+------------+---------------------------------------------------------------------------------------------+-------------------------+
; Multiplexer Inputs ; Bus Width ; Baseline Area ; Area if Restructured ; Saving if Restructured ; Registered ; Example Multiplexer Output                                                                  ; Restructuring Performed ;
+--------------------+-----------+---------------+----------------------+------------------------+------------+---------------------------------------------------------------------------------------------+-------------------------+
; 3:1                ; 5 bits    ; 10 LEs        ; 5 LEs                ; 5 LEs                  ; Yes        ; pifoEngines_0|enque_enqueMapper|copyAddress[0]                                              ; Yes                     ;
; 3:1                ; 12 bits   ; 24 LEs        ; 0 LEs                ; 24 LEs                 ; Yes        ; pifoEngines_0|deque_dequeMapper|copyAddress[0]                                              ; Yes                     ;
; 3:1                ; 5 bits    ; 10 LEs        ; 5 LEs                ; 5 LEs                  ; Yes        ; pifoEngines_1|enque_enqueMapper|copyAddress[4]                                              ; Yes                     ;
; 3:1                ; 12 bits   ; 24 LEs        ; 0 LEs                ; 24 LEs                 ; Yes        ; pifoEngines_1|deque_dequeMapper|copyAddress[5]                                              ; Yes                     ;
; 3:1                ; 11 bits   ; 22 LEs        ; 11 LEs               ; 11 LEs                 ; Yes        ; pifoEngines_0|pifos|core|pf_cnt[10]                                                         ; Yes                     ;
; 3:1                ; 11 bits   ; 22 LEs        ; 11 LEs               ; 11 LEs                 ; Yes        ; pifoEngines_1|pifos|core|pf_cnt[6]                                                          ; Yes                     ;
; 3:1                ; 7 bits    ; 14 LEs        ; 14 LEs               ; 0 LEs                  ; Yes        ; xbar|_zz_io_outputs_0_payload_vPifoId[4]                                                    ; Yes                     ;
; 3:1                ; 5 bits    ; 10 LEs        ; 10 LEs               ; 0 LEs                  ; Yes        ; xbar|_zz_io_outputs_1_payload_vPifoId[3]                                                    ; Yes                     ;
; 3:1                ; 5 bits    ; 10 LEs        ; 10 LEs               ; 0 LEs                  ; Yes        ; xbar|_zz_io_outputs_2_payload_vPifoId[3]                                                    ; Yes                     ;
; 3:1                ; 7 bits    ; 14 LEs        ; 14 LEs               ; 0 LEs                  ; No         ; pifoEngines_0|enque_flowIdStream_fifo|fifo|io_pop_payload_engineId[0]                       ; Yes                     ;
; 3:1                ; 7 bits    ; 14 LEs        ; 14 LEs               ; 0 LEs                  ; No         ; pifoEngines_1|enque_flowIdStream_fifo|fifo|io_pop_payload_engineId[0]                       ; Yes                     ;
; 3:1                ; 5 bits    ; 10 LEs        ; 10 LEs               ; 0 LEs                  ; No         ; pifoEngines_0|enque_enqueMapper|writeData[1]                                                ; Yes                     ;
; 3:1                ; 7 bits    ; 14 LEs        ; 14 LEs               ; 0 LEs                  ; No         ; pifoEngines_0|deque_dequeMapper|writeData[2]                                                ; Yes                     ;
; 3:1                ; 5 bits    ; 10 LEs        ; 10 LEs               ; 0 LEs                  ; No         ; pifoEngines_1|enque_enqueMapper|writeData[4]                                                ; Yes                     ;
; 3:1                ; 7 bits    ; 14 LEs        ; 14 LEs               ; 0 LEs                  ; No         ; pifoEngines_1|deque_dequeMapper|writeData[4]                                                ; Yes                     ;
; 3:1                ; 2 bits    ; 4 LEs         ; 4 LEs                ; 0 LEs                  ; No         ; pifoEngines_0|enque_brain|engineMapper_io_readRes_toStream_fifo|fifo|io_pop_payload[0]      ; Yes                     ;
; 3:1                ; 8 bits    ; 16 LEs        ; 16 LEs               ; 0 LEs                  ; No         ; pifoEngines_0|enque_brain|lastVirtualMapper_io_readRes_toStream_fifo|fifo|io_pop_payload[0] ; Yes                     ;
; 3:1                ; 12 bits   ; 24 LEs        ; 24 LEs               ; 0 LEs                  ; No         ; pifoEngines_0|enque_brain|io_outputs_4_fifo|fifo|io_pop_payload_flowId[5]                   ; Yes                     ;
; 4:1                ; 8 bits    ; 16 LEs        ; 16 LEs               ; 0 LEs                  ; No         ; pifoEngines_0|enque_brain|Mux_463                                                           ; Yes                     ;
; 3:1                ; 2 bits    ; 4 LEs         ; 4 LEs                ; 0 LEs                  ; No         ; pifoEngines_1|enque_brain|engineMapper_io_readRes_toStream_fifo|fifo|io_pop_payload[0]      ; Yes                     ;
; 3:1                ; 8 bits    ; 16 LEs        ; 16 LEs               ; 0 LEs                  ; No         ; pifoEngines_1|enque_brain|lastVirtualMapper_io_readRes_toStream_fifo|fifo|io_pop_payload[0] ; Yes                     ;
; 3:1                ; 12 bits   ; 24 LEs        ; 24 LEs               ; 0 LEs                  ; No         ; pifoEngines_1|enque_brain|io_outputs_4_fifo|fifo|io_pop_payload_flowId[5]                   ; Yes                     ;
; 4:1                ; 8 bits    ; 16 LEs        ; 16 LEs               ; 0 LEs                  ; No         ; pifoEngines_1|enque_brain|Mux_463                                                           ; Yes                     ;
; 3:1                ; 20 bits   ; 40 LEs        ; 40 LEs               ; 0 LEs                  ; No         ; pifoEngines_0|enque_brain|streamArbiter_9|io_output_payload_inputId[7]                      ; Yes                     ;
; 3:1                ; 13 bits   ; 26 LEs        ; 26 LEs               ; 0 LEs                  ; No         ; pifoEngines_0|enque_brain|streamArbiter_10|io_output_payload_inputId[0]                     ; Yes                     ;
; 3:1                ; 20 bits   ; 40 LEs        ; 40 LEs               ; 0 LEs                  ; No         ; pifoEngines_1|enque_brain|streamArbiter_9|io_output_payload_outputId[4]                     ; Yes                     ;
; 3:1                ; 13 bits   ; 26 LEs        ; 26 LEs               ; 0 LEs                  ; No         ; pifoEngines_1|enque_brain|streamArbiter_10|io_output_payload_outputId[7]                    ; Yes                     ;
; 32:1               ; 3 bits    ; 63 LEs        ; 63 LEs               ; 0 LEs                  ; No         ; pifoEngines_0|deque_frontRewrite|Mux_2                                                      ; Yes                     ;
; 32:1               ; 3 bits    ; 63 LEs        ; 63 LEs               ; 0 LEs                  ; No         ; pifoEngines_1|deque_frontRewrite|Mux_1                                                      ; Yes                     ;
; 32:1               ; 4 bits    ; 84 LEs        ; 84 LEs               ; 0 LEs                  ; No         ; pifoEngines_0|deque_frontRewrite|Mux_9                                                      ; Yes                     ;
; 32:1               ; 11 bits   ; 231 LEs       ; 231 LEs              ; 0 LEs                  ; No         ; pifoEngines_0|pifos|Mux_10                                                                  ; Yes                     ;
; 32:1               ; 4 bits    ; 84 LEs        ; 84 LEs               ; 0 LEs                  ; No         ; pifoEngines_1|deque_frontRewrite|Mux_11                                                     ; Yes                     ;
; 32:1               ; 11 bits   ; 231 LEs       ; 231 LEs              ; 0 LEs                  ; No         ; pifoEngines_1|pifos|Mux_10                                                                  ; Yes                     ;
; 33:1               ; 5 bits    ; 110 LEs       ; 110 LEs              ; 0 LEs                  ; No         ; pifoEngines_0|deque_frontPort[0]                                                            ; Yes                     ;
; 33:1               ; 5 bits    ; 110 LEs       ; 110 LEs              ; 0 LEs                  ; No         ; pifoEngines_1|deque_frontPort[0]                                                            ; Yes                     ;
; 1024:1             ; 15 bits   ; 10230 LEs     ; 10230 LEs            ; 0 LEs                  ; No         ; pifoEngines_0|pifos|core|Mux_48                                                             ; Yes                     ;
; 1024:1             ; 15 bits   ; 10230 LEs     ; 10230 LEs            ; 0 LEs                  ; No         ; pifoEngines_1|pifos|core|Mux_47                                                             ; Yes                     ;
; 1:1                ; 5 bits    ; 0 LEs         ; 0 LEs                ; 0 LEs                  ; Yes        ; pifoEngines_0|pifos|core|push_hi_del_inst|din_reg[1][4]                                     ; Yes                     ;
; 3:1                ; 10 bits   ; 20 LEs        ; 20 LEs               ; 0 LEs                  ; Yes        ; pifoEngines_0|pifos|core|push_hi_del_inst|din_reg[1][14]                                    ; Yes                     ;
; 1:1                ; 5 bits    ; 0 LEs         ; 0 LEs                ; 0 LEs                  ; Yes        ; pifoEngines_1|pifos|core|push_hi_del_inst|din_reg[1][4]                                     ; Yes                     ;
; 3:1                ; 10 bits   ; 20 LEs        ; 20 LEs               ; 0 LEs                  ; Yes        ; pifoEngines_1|pifos|core|push_hi_del_inst|din_reg[1][14]                                    ; Yes                     ;
+--------------------+-----------+---------------+----------------------+------------------------+------------+---------------------------------------------------------------------------------------------+-------------------------+


+-----------------------------------------------------------------------------------------------------------------------------------+
; Registers Packed Into Inferred Megafunctions                                                                                      ;
+--------------------------------------------------------------------+-------------------------------------------------------+------+
; Register Name                                                      ; Megafunction                                          ; Type ;
+--------------------------------------------------------------------+-------------------------------------------------------+------+
; io_controlRequest_fifo|logic_ram_spinal_port1[0..3,5..48]          ; io_controlRequest_fifo|logic_ram_rtl_0                ; RAM  ;
; pifoEngines_0|enque_enqueMapper|banks_0_spinal_port0[0..4]         ; pifoEngines_0|enque_enqueMapper|banks_0_rtl_0         ; RAM  ;
; pifoEngines_0|enque_enqueMapper|banks_0_spinal_port1[0..4]         ; pifoEngines_0|enque_enqueMapper|banks_0_rtl_1         ; RAM  ;
; pifoEngines_0|enque_enqueMapper|banks_1_spinal_port0[0..4]         ; pifoEngines_0|enque_enqueMapper|banks_1_rtl_0         ; RAM  ;
; pifoEngines_0|enque_enqueMapper|banks_1_spinal_port1[0..4]         ; pifoEngines_0|enque_enqueMapper|banks_1_rtl_1         ; RAM  ;
; pifoEngines_0|deque_dequeMapper|banks_0_spinal_port0[0..6]         ; pifoEngines_0|deque_dequeMapper|banks_0_rtl_0         ; RAM  ;
; pifoEngines_0|deque_dequeMapper|banks_0_spinal_port1[0..6]         ; pifoEngines_0|deque_dequeMapper|banks_0_rtl_1         ; RAM  ;
; pifoEngines_0|deque_dequeMapper|banks_1_spinal_port0[0..6]         ; pifoEngines_0|deque_dequeMapper|banks_1_rtl_0         ; RAM  ;
; pifoEngines_0|deque_dequeMapper|banks_1_spinal_port1[0..6]         ; pifoEngines_0|deque_dequeMapper|banks_1_rtl_1         ; RAM  ;
; pifoEngines_1|enque_enqueMapper|banks_0_spinal_port0[0..4]         ; pifoEngines_1|enque_enqueMapper|banks_0_rtl_0         ; RAM  ;
; pifoEngines_1|enque_enqueMapper|banks_0_spinal_port1[0..4]         ; pifoEngines_1|enque_enqueMapper|banks_0_rtl_1         ; RAM  ;
; pifoEngines_1|enque_enqueMapper|banks_1_spinal_port0[0..4]         ; pifoEngines_1|enque_enqueMapper|banks_1_rtl_0         ; RAM  ;
; pifoEngines_1|enque_enqueMapper|banks_1_spinal_port1[0..4]         ; pifoEngines_1|enque_enqueMapper|banks_1_rtl_1         ; RAM  ;
; pifoEngines_1|deque_dequeMapper|banks_0_spinal_port0[0..6]         ; pifoEngines_1|deque_dequeMapper|banks_0_rtl_0         ; RAM  ;
; pifoEngines_1|deque_dequeMapper|banks_0_spinal_port1[0..6]         ; pifoEngines_1|deque_dequeMapper|banks_0_rtl_1         ; RAM  ;
; pifoEngines_1|deque_dequeMapper|banks_1_spinal_port0[0..6]         ; pifoEngines_1|deque_dequeMapper|banks_1_rtl_0         ; RAM  ;
; pifoEngines_1|deque_dequeMapper|banks_1_spinal_port1[0..6]         ; pifoEngines_1|deque_dequeMapper|banks_1_rtl_1         ; RAM  ;
; pifoEngines_0|enque_brain|engineMapper|ram_spinal_port0[0..1]      ; pifoEngines_0|enque_brain|engineMapper|ram_rtl_0      ; RAM  ;
; pifoEngines_0|enque_brain|lastVirtualMapper|ram_spinal_port0[0..7] ; pifoEngines_0|enque_brain|lastVirtualMapper|ram_rtl_0 ; RAM  ;
; pifoEngines_0|enque_brain|engineCAM|ram_spinal_port0[0..7]         ; pifoEngines_0|enque_brain|engineCAM|ram_rtl_0         ; RAM  ;
; pifoEngines_0|enque_brain|brainStateMem|ram_spinal_port0[0..7]     ; pifoEngines_0|enque_brain|brainStateMem|ram_rtl_0     ; RAM  ;
; pifoEngines_1|enque_brain|engineMapper|ram_spinal_port0[0..1]      ; pifoEngines_1|enque_brain|engineMapper|ram_rtl_0      ; RAM  ;
; pifoEngines_1|enque_brain|lastVirtualMapper|ram_spinal_port0[0..7] ; pifoEngines_1|enque_brain|lastVirtualMapper|ram_rtl_0 ; RAM  ;
; pifoEngines_1|enque_brain|engineCAM|ram_spinal_port0[0..7]         ; pifoEngines_1|enque_brain|engineCAM|ram_rtl_0         ; RAM  ;
; pifoEngines_1|enque_brain|brainStateMem|ram_spinal_port0[0..7]     ; pifoEngines_1|enque_brain|brainStateMem|ram_rtl_0     ; RAM  ;
+--------------------------------------------------------------------+-------------------------------------------------------+------+


+-----------------------------------------------------------------------------------------------------------------------------+
; Source Assignments for io_controlRequest_fifo|logic_ram_rtl_0|auto_generated|altera_syncram_impl1                           ;
+---------------------------------+--------------------+------+----+----------------------------------------------------------+
; Assignment                      ; Value              ; From ; To ; Source Location                                          ;
+---------------------------------+--------------------+------+----+----------------------------------------------------------+
; OPTIMIZE_POWER_DURING_SYNTHESIS ; NORMAL_COMPILATION ; -    ; -  ; tmp-clearbox/pifo/245246/altera_syncram_impl_mcjg1.tdf:0 ;
+---------------------------------+--------------------+------+----+----------------------------------------------------------+


+-----------------------------------------------------------------------------------------------------------------------------+
; Source Assignments for pifoEngines_0|enque_enqueMapper|banks_0_rtl_0|auto_generated|altera_syncram_impl1                    ;
+---------------------------------+--------------------+------+----+----------------------------------------------------------+
; Assignment                      ; Value              ; From ; To ; Source Location                                          ;
+---------------------------------+--------------------+------+----+----------------------------------------------------------+
; OPTIMIZE_POWER_DURING_SYNTHESIS ; NORMAL_COMPILATION ; -    ; -  ; tmp-clearbox/pifo/245246/altera_syncram_impl_8c631.tdf:0 ;
+---------------------------------+--------------------+------+----+----------------------------------------------------------+


+-----------------------------------------------------------------------------------------------------------------------------+
; Source Assignments for pifoEngines_0|enque_enqueMapper|banks_0_rtl_1|auto_generated|altera_syncram_impl1                    ;
+---------------------------------+--------------------+------+----+----------------------------------------------------------+
; Assignment                      ; Value              ; From ; To ; Source Location                                          ;
+---------------------------------+--------------------+------+----+----------------------------------------------------------+
; OPTIMIZE_POWER_DURING_SYNTHESIS ; NORMAL_COMPILATION ; -    ; -  ; tmp-clearbox/pifo/245246/altera_syncram_impl_8c631.tdf:0 ;
+---------------------------------+--------------------+------+----+----------------------------------------------------------+


+-----------------------------------------------------------------------------------------------------------------------------+
; Source Assignments for pifoEngines_0|enque_enqueMapper|banks_1_rtl_0|auto_generated|altera_syncram_impl1                    ;
+---------------------------------+--------------------+------+----+----------------------------------------------------------+
; Assignment                      ; Value              ; From ; To ; Source Location                                          ;
+---------------------------------+--------------------+------+----+----------------------------------------------------------+
; OPTIMIZE_POWER_DURING_SYNTHESIS ; NORMAL_COMPILATION ; -    ; -  ; tmp-clearbox/pifo/245246/altera_syncram_impl_8c631.tdf:0 ;
+---------------------------------+--------------------+------+----+----------------------------------------------------------+


+-----------------------------------------------------------------------------------------------------------------------------+
; Source Assignments for pifoEngines_0|enque_enqueMapper|banks_1_rtl_1|auto_generated|altera_syncram_impl1                    ;
+---------------------------------+--------------------+------+----+----------------------------------------------------------+
; Assignment                      ; Value              ; From ; To ; Source Location                                          ;
+---------------------------------+--------------------+------+----+----------------------------------------------------------+
; OPTIMIZE_POWER_DURING_SYNTHESIS ; NORMAL_COMPILATION ; -    ; -  ; tmp-clearbox/pifo/245246/altera_syncram_impl_8c631.tdf:0 ;
+---------------------------------+--------------------+------+----+----------------------------------------------------------+


+-----------------------------------------------------------------------------------------------------------------------------+
; Source Assignments for pifoEngines_0|deque_dequeMapper|banks_0_rtl_0|auto_generated|altera_syncram_impl1                    ;
+---------------------------------+--------------------+------+----+----------------------------------------------------------+
; Assignment                      ; Value              ; From ; To ; Source Location                                          ;
+---------------------------------+--------------------+------+----+----------------------------------------------------------+
; OPTIMIZE_POWER_DURING_SYNTHESIS ; NORMAL_COMPILATION ; -    ; -  ; tmp-clearbox/pifo/245246/altera_syncram_impl_kpjv1.tdf:0 ;
+---------------------------------+--------------------+------+----+----------------------------------------------------------+


+-----------------------------------------------------------------------------------------------------------------------------+
; Source Assignments for pifoEngines_0|deque_dequeMapper|banks_0_rtl_1|auto_generated|altera_syncram_impl1                    ;
+---------------------------------+--------------------+------+----+----------------------------------------------------------+
; Assignment                      ; Value              ; From ; To ; Source Location                                          ;
+---------------------------------+--------------------+------+----+----------------------------------------------------------+
; OPTIMIZE_POWER_DURING_SYNTHESIS ; NORMAL_COMPILATION ; -    ; -  ; tmp-clearbox/pifo/245246/altera_syncram_impl_kpjv1.tdf:0 ;
+---------------------------------+--------------------+------+----+----------------------------------------------------------+


+-----------------------------------------------------------------------------------------------------------------------------+
; Source Assignments for pifoEngines_0|deque_dequeMapper|banks_1_rtl_0|auto_generated|altera_syncram_impl1                    ;
+---------------------------------+--------------------+------+----+----------------------------------------------------------+
; Assignment                      ; Value              ; From ; To ; Source Location                                          ;
+---------------------------------+--------------------+------+----+----------------------------------------------------------+
; OPTIMIZE_POWER_DURING_SYNTHESIS ; NORMAL_COMPILATION ; -    ; -  ; tmp-clearbox/pifo/245246/altera_syncram_impl_kpjv1.tdf:0 ;
+---------------------------------+--------------------+------+----+----------------------------------------------------------+


+-----------------------------------------------------------------------------------------------------------------------------+
; Source Assignments for pifoEngines_0|deque_dequeMapper|banks_1_rtl_1|auto_generated|altera_syncram_impl1                    ;
+---------------------------------+--------------------+------+----+----------------------------------------------------------+
; Assignment                      ; Value              ; From ; To ; Source Location                                          ;
+---------------------------------+--------------------+------+----+----------------------------------------------------------+
; OPTIMIZE_POWER_DURING_SYNTHESIS ; NORMAL_COMPILATION ; -    ; -  ; tmp-clearbox/pifo/245246/altera_syncram_impl_kpjv1.tdf:0 ;
+---------------------------------+--------------------+------+----+----------------------------------------------------------+


+-----------------------------------------------------------------------------------------------------------------------------+
; Source Assignments for pifoEngines_1|enque_enqueMapper|banks_0_rtl_0|auto_generated|altera_syncram_impl1                    ;
+---------------------------------+--------------------+------+----+----------------------------------------------------------+
; Assignment                      ; Value              ; From ; To ; Source Location                                          ;
+---------------------------------+--------------------+------+----+----------------------------------------------------------+
; OPTIMIZE_POWER_DURING_SYNTHESIS ; NORMAL_COMPILATION ; -    ; -  ; tmp-clearbox/pifo/245246/altera_syncram_impl_rraq1.tdf:0 ;
+---------------------------------+--------------------+------+----+----------------------------------------------------------+


+-----------------------------------------------------------------------------------------------------------------------------+
; Source Assignments for pifoEngines_1|enque_enqueMapper|banks_0_rtl_1|auto_generated|altera_syncram_impl1                    ;
+---------------------------------+--------------------+------+----+----------------------------------------------------------+
; Assignment                      ; Value              ; From ; To ; Source Location                                          ;
+---------------------------------+--------------------+------+----+----------------------------------------------------------+
; OPTIMIZE_POWER_DURING_SYNTHESIS ; NORMAL_COMPILATION ; -    ; -  ; tmp-clearbox/pifo/245246/altera_syncram_impl_rraq1.tdf:0 ;
+---------------------------------+--------------------+------+----+----------------------------------------------------------+


+-----------------------------------------------------------------------------------------------------------------------------+
; Source Assignments for pifoEngines_1|enque_enqueMapper|banks_1_rtl_0|auto_generated|altera_syncram_impl1                    ;
+---------------------------------+--------------------+------+----+----------------------------------------------------------+
; Assignment                      ; Value              ; From ; To ; Source Location                                          ;
+---------------------------------+--------------------+------+----+----------------------------------------------------------+
; OPTIMIZE_POWER_DURING_SYNTHESIS ; NORMAL_COMPILATION ; -    ; -  ; tmp-clearbox/pifo/245246/altera_syncram_impl_rraq1.tdf:0 ;
+---------------------------------+--------------------+------+----+----------------------------------------------------------+


+-----------------------------------------------------------------------------------------------------------------------------+
; Source Assignments for pifoEngines_1|enque_enqueMapper|banks_1_rtl_1|auto_generated|altera_syncram_impl1                    ;
+---------------------------------+--------------------+------+----+----------------------------------------------------------+
; Assignment                      ; Value              ; From ; To ; Source Location                                          ;
+---------------------------------+--------------------+------+----+----------------------------------------------------------+
; OPTIMIZE_POWER_DURING_SYNTHESIS ; NORMAL_COMPILATION ; -    ; -  ; tmp-clearbox/pifo/245246/altera_syncram_impl_rraq1.tdf:0 ;
+---------------------------------+--------------------+------+----+----------------------------------------------------------+


+----------------------------------------------------------------------------------------------------------------------------+
; Source Assignments for pifoEngines_1|deque_dequeMapper|banks_0_rtl_0|auto_generated|altera_syncram_impl1                   ;
+---------------------------------+--------------------+------+----+---------------------------------------------------------+
; Assignment                      ; Value              ; From ; To ; Source Location                                         ;
+---------------------------------+--------------------+------+----+---------------------------------------------------------+
; OPTIMIZE_POWER_DURING_SYNTHESIS ; NORMAL_COMPILATION ; -    ; -  ; tmp-clearbox/pifo/245246/altera_syncram_impl_69oc.tdf:0 ;
+---------------------------------+--------------------+------+----+---------------------------------------------------------+


+----------------------------------------------------------------------------------------------------------------------------+
; Source Assignments for pifoEngines_1|deque_dequeMapper|banks_0_rtl_1|auto_generated|altera_syncram_impl1                   ;
+---------------------------------+--------------------+------+----+---------------------------------------------------------+
; Assignment                      ; Value              ; From ; To ; Source Location                                         ;
+---------------------------------+--------------------+------+----+---------------------------------------------------------+
; OPTIMIZE_POWER_DURING_SYNTHESIS ; NORMAL_COMPILATION ; -    ; -  ; tmp-clearbox/pifo/245246/altera_syncram_impl_69oc.tdf:0 ;
+---------------------------------+--------------------+------+----+---------------------------------------------------------+


+----------------------------------------------------------------------------------------------------------------------------+
; Source Assignments for pifoEngines_1|deque_dequeMapper|banks_1_rtl_0|auto_generated|altera_syncram_impl1                   ;
+---------------------------------+--------------------+------+----+---------------------------------------------------------+
; Assignment                      ; Value              ; From ; To ; Source Location                                         ;
+---------------------------------+--------------------+------+----+---------------------------------------------------------+
; OPTIMIZE_POWER_DURING_SYNTHESIS ; NORMAL_COMPILATION ; -    ; -  ; tmp-clearbox/pifo/245246/altera_syncram_impl_69oc.tdf:0 ;
+---------------------------------+--------------------+------+----+---------------------------------------------------------+


+----------------------------------------------------------------------------------------------------------------------------+
; Source Assignments for pifoEngines_1|deque_dequeMapper|banks_1_rtl_1|auto_generated|altera_syncram_impl1                   ;
+---------------------------------+--------------------+------+----+---------------------------------------------------------+
; Assignment                      ; Value              ; From ; To ; Source Location                                         ;
+---------------------------------+--------------------+------+----+---------------------------------------------------------+
; OPTIMIZE_POWER_DURING_SYNTHESIS ; NORMAL_COMPILATION ; -    ; -  ; tmp-clearbox/pifo/245246/altera_syncram_impl_69oc.tdf:0 ;
+---------------------------------+--------------------+------+----+---------------------------------------------------------+


+----------------------------------------------------------------------------------------------------------------------------+
; Source Assignments for pifoEngines_0|enque_brain|engineMapper|ram_rtl_0|auto_generated|altera_syncram_impl1                ;
+---------------------------------+--------------------+------+----+---------------------------------------------------------+
; Assignment                      ; Value              ; From ; To ; Source Location                                         ;
+---------------------------------+--------------------+------+----+---------------------------------------------------------+
; OPTIMIZE_POWER_DURING_SYNTHESIS ; NORMAL_COMPILATION ; -    ; -  ; tmp-clearbox/pifo/245246/altera_syncram_impl_67q4.tdf:0 ;
+---------------------------------+--------------------+------+----+---------------------------------------------------------+


+----------------------------------------------------------------------------------------------------------------------------+
; Source Assignments for pifoEngines_0|enque_brain|lastVirtualMapper|ram_rtl_0|auto_generated|altera_syncram_impl1           ;
+---------------------------------+--------------------+------+----+---------------------------------------------------------+
; Assignment                      ; Value              ; From ; To ; Source Location                                         ;
+---------------------------------+--------------------+------+----+---------------------------------------------------------+
; OPTIMIZE_POWER_DURING_SYNTHESIS ; NORMAL_COMPILATION ; -    ; -  ; tmp-clearbox/pifo/245246/altera_syncram_impl_06el.tdf:0 ;
+---------------------------------+--------------------+------+----+---------------------------------------------------------+


+----------------------------------------------------------------------------------------------------------------------------+
; Source Assignments for pifoEngines_0|enque_brain|engineCAM|ram_rtl_0|auto_generated|altera_syncram_impl1                   ;
+---------------------------------+--------------------+------+----+---------------------------------------------------------+
; Assignment                      ; Value              ; From ; To ; Source Location                                         ;
+---------------------------------+--------------------+------+----+---------------------------------------------------------+
; OPTIMIZE_POWER_DURING_SYNTHESIS ; NORMAL_COMPILATION ; -    ; -  ; tmp-clearbox/pifo/245246/altera_syncram_impl_6t6f.tdf:0 ;
+---------------------------------+--------------------+------+----+---------------------------------------------------------+


+-----------------------------------------------------------------------------------------------------------------------------+
; Source Assignments for pifoEngines_0|enque_brain|brainStateMem|ram_rtl_0|auto_generated|altera_syncram_impl1                ;
+---------------------------------+--------------------+------+----+----------------------------------------------------------+
; Assignment                      ; Value              ; From ; To ; Source Location                                          ;
+---------------------------------+--------------------+------+----+----------------------------------------------------------+
; OPTIMIZE_POWER_DURING_SYNTHESIS ; NORMAL_COMPILATION ; -    ; -  ; tmp-clearbox/pifo/245246/altera_syncram_impl_gf722.tdf:0 ;
+---------------------------------+--------------------+------+----+----------------------------------------------------------+


+-----------------------------------------------------------------------------------------------------------------------------+
; Source Assignments for pifoEngines_1|enque_brain|engineMapper|ram_rtl_0|auto_generated|altera_syncram_impl1                 ;
+---------------------------------+--------------------+------+----+----------------------------------------------------------+
; Assignment                      ; Value              ; From ; To ; Source Location                                          ;
+---------------------------------+--------------------+------+----+----------------------------------------------------------+
; OPTIMIZE_POWER_DURING_SYNTHESIS ; NORMAL_COMPILATION ; -    ; -  ; tmp-clearbox/pifo/245246/altera_syncram_impl_c63j1.tdf:0 ;
+---------------------------------+--------------------+------+----+----------------------------------------------------------+


+-----------------------------------------------------------------------------------------------------------------------------+
; Source Assignments for pifoEngines_1|enque_brain|lastVirtualMapper|ram_rtl_0|auto_generated|altera_syncram_impl1            ;
+---------------------------------+--------------------+------+----+----------------------------------------------------------+
; Assignment                      ; Value              ; From ; To ; Source Location                                          ;
+---------------------------------+--------------------+------+----+----------------------------------------------------------+
; OPTIMIZE_POWER_DURING_SYNTHESIS ; NORMAL_COMPILATION ; -    ; -  ; tmp-clearbox/pifo/245246/altera_syncram_impl_65n32.tdf:0 ;
+---------------------------------+--------------------+------+----+----------------------------------------------------------+


+-----------------------------------------------------------------------------------------------------------------------------+
; Source Assignments for pifoEngines_1|enque_brain|engineCAM|ram_rtl_0|auto_generated|altera_syncram_impl1                    ;
+---------------------------------+--------------------+------+----+----------------------------------------------------------+
; Assignment                      ; Value              ; From ; To ; Source Location                                          ;
+---------------------------------+--------------------+------+----+----------------------------------------------------------+
; OPTIMIZE_POWER_DURING_SYNTHESIS ; NORMAL_COMPILATION ; -    ; -  ; tmp-clearbox/pifo/245246/altera_syncram_impl_e9i71.tdf:0 ;
+---------------------------------+--------------------+------+----+----------------------------------------------------------+


+-----------------------------------------------------------------------------------------------------------------------------+
; Source Assignments for pifoEngines_1|enque_brain|brainStateMem|ram_rtl_0|auto_generated|altera_syncram_impl1                ;
+---------------------------------+--------------------+------+----+----------------------------------------------------------+
; Assignment                      ; Value              ; From ; To ; Source Location                                          ;
+---------------------------------+--------------------+------+----+----------------------------------------------------------+
; OPTIMIZE_POWER_DURING_SYNTHESIS ; NORMAL_COMPILATION ; -    ; -  ; tmp-clearbox/pifo/245246/altera_syncram_impl_f0432.tdf:0 ;
+---------------------------------+--------------------+------+----+----------------------------------------------------------+


+---------------------------------------------------------------------------------------------+
; Parameter Settings for Inferred Entity Instance: io_controlRequest_fifo|logic_ram_rtl_0     ;
+------------------------------------------------------------+----------------------+---------+
; Parameter Name                                             ; Value                ; Type    ;
+------------------------------------------------------------+----------------------+---------+
; ACF_BLOCK_RAM_AND_MLAB_EQUIVALENT_PAUSED_READ_CAPABILITIES ; DONT CARE            ; Untyped ;
; ACF_BLOCK_RAM_AND_MLAB_EQUIVALENT_POWER_UP_CONDITIONS      ; AUTO                 ; Untyped ;
; ACF_DISABLE_MLAB_RAM_USE                                   ; FALSE                ; Untyped ;
; ACF_IMPLEMENT_MLAB_IN_16_BIT_DEEP_MODE                     ; FALSE                ; Untyped ;
; ADDRESS_ACLR_A                                             ; NONE                 ; Untyped ;
; ADDRESS_ACLR_B                                             ; NONE                 ; Untyped ;
; ADDRESS_REG_B                                              ; CLOCK0               ; Untyped ;
; BYTE_SIZE                                                  ; 8                    ; Untyped ;
; BYTEENA_REG_B                                              ; CLOCK1               ; Untyped ;
; CLKEN_POWER_OPTIMIZATION                                   ; OFF                  ; Untyped ;
; CLOCK_DUTY_CYCLE_DEPENDENCE                                ; AUTO                 ; Untyped ;
; CLOCK_ENABLE_CORE_A                                        ; USE_INPUT_CLKEN      ; Untyped ;
; CLOCK_ENABLE_CORE_B                                        ; USE_INPUT_CLKEN      ; Untyped ;
; CLOCK_ENABLE_INPUT_A                                       ; NORMAL               ; Untyped ;
; CLOCK_ENABLE_INPUT_B                                       ; NORMAL               ; Untyped ;
; CLOCK_ENABLE_OUTPUT_A                                      ; NORMAL               ; Untyped ;
; CLOCK_ENABLE_OUTPUT_B                                      ; NORMAL               ; Untyped ;
; ECC_PIPELINE_STAGE_ENABLED                                 ; FALSE                ; Untyped ;
; ENABLE_COHERENT_READ                                       ; FALSE                ; Untyped ;
; ENABLE_ECC                                                 ; FALSE                ; Untyped ;
; ENABLE_ECC_ENCODER_BYPASS                                  ; FALSE                ; Untyped ;
; ENABLE_FORCE_TO_ZERO                                       ; FALSE                ; Untyped ;
; ENABLE_RUNTIME_MOD                                         ; NO                   ; Untyped ;
; IMPLEMENT_IN_LES                                           ; OFF                  ; Untyped ;
; INDATA_REG_B                                               ; CLOCK1               ; Untyped ;
; INIT_FILE                                                  ; UNUSED               ; Untyped ;
; INIT_FILE_LAYOUT                                           ; PORT_A               ; Untyped ;
; init_file_restructured                                     ; UNUSED               ; Untyped ;
; INSTANCE_NAME                                              ; UNUSED               ; Untyped ;
; LOW_POWER_MODE                                             ; AUTO                 ; Untyped ;
; MAXIMUM_DEPTH                                              ; 0                    ; Untyped ;
; NUMWORDS_A                                                 ; 4                    ; Untyped ;
; NUMWORDS_B                                                 ; 4                    ; Untyped ;
; OPERATION_MODE                                             ; DUAL_PORT            ; Untyped ;
; OPTIMIZATION_OPTION                                        ; AUTO                 ; Untyped ;
; OUTDATA_ACLR_A                                             ; NONE                 ; Untyped ;
; OUTDATA_ACLR_B                                             ; NONE                 ; Untyped ;
; OUTDATA_REG_A                                              ; UNREGISTERED         ; Untyped ;
; OUTDATA_REG_B                                              ; UNREGISTERED         ; Untyped ;
; OUTDATA_SCLR_A                                             ; NONE                 ; Untyped ;
; OUTDATA_SCLR_B                                             ; NONE                 ; Untyped ;
; POWER_UP_UNINITIALIZED                                     ; FALSE                ; Untyped ;
; RAM_BLOCK_TYPE                                             ; AUTO                 ; Untyped ;
; RDCONTROL_REG_B                                            ; CLOCK0               ; Untyped ;
; RDEN_POWER_OPTIMIZATION                                    ; OFF                  ; Untyped ;
; READ_DURING_WRITE_MODE_MIXED_PORTS                         ; OLD_DATA             ; Untyped ;
; READ_DURING_WRITE_MODE_PORT_A                              ; NEW_DATA_NO_NBE_READ ; Untyped ;
; READ_DURING_WRITE_MODE_PORT_B                              ; NEW_DATA_NO_NBE_READ ; Untyped ;
; WIDTH_A                                                    ; 48                   ; Untyped ;
; WIDTH_B                                                    ; 48                   ; Untyped ;
; WIDTH_BYTEENA_A                                            ; 1                    ; Untyped ;
; WIDTH_BYTEENA_B                                            ; 1                    ; Untyped ;
; WIDTH_ECCENCPARITY                                         ; 8                    ; Untyped ;
; WIDTH_ECCSTATUS                                            ; 3                    ; Untyped ;
; WIDTHAD2_A                                                 ; 1                    ; Untyped ;
; WIDTHAD2_B                                                 ; 1                    ; Untyped ;
; WIDTHAD_A                                                  ; 2                    ; Untyped ;
; WIDTHAD_B                                                  ; 2                    ; Untyped ;
; WREN_POWER_OPTIMIZATION                                    ; OFF                  ; Untyped ;
; CBXI_PARAMETER                                             ; altera_syncram_rlt11 ; Untyped ;
; INDATA_ACLR_A                                              ; NONE                 ; Untyped ;
; WRCONTROL_ACLR_A                                           ; NONE                 ; Untyped ;
+------------------------------------------------------------+----------------------+---------+


+-------------------------------------------------------------------------------------------------------------------------------------------------------------------+
; Parameter Settings for Inferred Entity Instance: pifoEngines_0|enque_enqueMapper|banks_0_rtl_0                                                                    ;
+------------------------------------------------------------+--------------------------------------------------------------------------------------------+---------+
; Parameter Name                                             ; Value                                                                                      ; Type    ;
+------------------------------------------------------------+--------------------------------------------------------------------------------------------+---------+
; ACF_BLOCK_RAM_AND_MLAB_EQUIVALENT_PAUSED_READ_CAPABILITIES ; DONT CARE                                                                                  ; Untyped ;
; ACF_BLOCK_RAM_AND_MLAB_EQUIVALENT_POWER_UP_CONDITIONS      ; AUTO                                                                                       ; Untyped ;
; ACF_DISABLE_MLAB_RAM_USE                                   ; FALSE                                                                                      ; Untyped ;
; ACF_IMPLEMENT_MLAB_IN_16_BIT_DEEP_MODE                     ; FALSE                                                                                      ; Untyped ;
; ADDRESS_ACLR_A                                             ; NONE                                                                                       ; Untyped ;
; ADDRESS_ACLR_B                                             ; NONE                                                                                       ; Untyped ;
; ADDRESS_REG_B                                              ; CLOCK0                                                                                     ; Untyped ;
; BYTE_SIZE                                                  ; 8                                                                                          ; Untyped ;
; BYTEENA_REG_B                                              ; CLOCK1                                                                                     ; Untyped ;
; CLKEN_POWER_OPTIMIZATION                                   ; OFF                                                                                        ; Untyped ;
; CLOCK_DUTY_CYCLE_DEPENDENCE                                ; AUTO                                                                                       ; Untyped ;
; CLOCK_ENABLE_CORE_A                                        ; USE_INPUT_CLKEN                                                                            ; Untyped ;
; CLOCK_ENABLE_CORE_B                                        ; USE_INPUT_CLKEN                                                                            ; Untyped ;
; CLOCK_ENABLE_INPUT_A                                       ; NORMAL                                                                                     ; Untyped ;
; CLOCK_ENABLE_INPUT_B                                       ; NORMAL                                                                                     ; Untyped ;
; CLOCK_ENABLE_OUTPUT_A                                      ; NORMAL                                                                                     ; Untyped ;
; CLOCK_ENABLE_OUTPUT_B                                      ; NORMAL                                                                                     ; Untyped ;
; ECC_PIPELINE_STAGE_ENABLED                                 ; FALSE                                                                                      ; Untyped ;
; ENABLE_COHERENT_READ                                       ; FALSE                                                                                      ; Untyped ;
; ENABLE_ECC                                                 ; FALSE                                                                                      ; Untyped ;
; ENABLE_ECC_ENCODER_BYPASS                                  ; FALSE                                                                                      ; Untyped ;
; ENABLE_FORCE_TO_ZERO                                       ; FALSE                                                                                      ; Untyped ;
; ENABLE_RUNTIME_MOD                                         ; NO                                                                                         ; Untyped ;
; IMPLEMENT_IN_LES                                           ; OFF                                                                                        ; Untyped ;
; INDATA_REG_B                                               ; CLOCK1                                                                                     ; Untyped ;
; INIT_FILE                                                  ; qdb/_compiler/pifo/root_partition/25.3.1/partitioned/1/mifs/ram0_PifoMesh_a88d83e7.hdl.mif ; Untyped ;
; INIT_FILE_LAYOUT                                           ; PORT_A                                                                                     ; Untyped ;
; init_file_restructured                                     ; UNUSED                                                                                     ; Untyped ;
; INSTANCE_NAME                                              ; UNUSED                                                                                     ; Untyped ;
; LOW_POWER_MODE                                             ; AUTO                                                                                       ; Untyped ;
; MAXIMUM_DEPTH                                              ; 0                                                                                          ; Untyped ;
; NUMWORDS_A                                                 ; 32                                                                                         ; Untyped ;
; NUMWORDS_B                                                 ; 32                                                                                         ; Untyped ;
; OPERATION_MODE                                             ; DUAL_PORT                                                                                  ; Untyped ;
; OPTIMIZATION_OPTION                                        ; AUTO                                                                                       ; Untyped ;
; OUTDATA_ACLR_A                                             ; NONE                                                                                       ; Untyped ;
; OUTDATA_ACLR_B                                             ; NONE                                                                                       ; Untyped ;
; OUTDATA_REG_A                                              ; UNREGISTERED                                                                               ; Untyped ;
; OUTDATA_REG_B                                              ; UNREGISTERED                                                                               ; Untyped ;
; OUTDATA_SCLR_A                                             ; NONE                                                                                       ; Untyped ;
; OUTDATA_SCLR_B                                             ; NONE                                                                                       ; Untyped ;
; POWER_UP_UNINITIALIZED                                     ; FALSE                                                                                      ; Untyped ;
; RAM_BLOCK_TYPE                                             ; AUTO                                                                                       ; Untyped ;
; RDCONTROL_REG_B                                            ; CLOCK0                                                                                     ; Untyped ;
; RDEN_POWER_OPTIMIZATION                                    ; OFF                                                                                        ; Untyped ;
; READ_DURING_WRITE_MODE_MIXED_PORTS                         ; OLD_DATA                                                                                   ; Untyped ;
; READ_DURING_WRITE_MODE_PORT_A                              ; NEW_DATA_NO_NBE_READ                                                                       ; Untyped ;
; READ_DURING_WRITE_MODE_PORT_B                              ; NEW_DATA_NO_NBE_READ                                                                       ; Untyped ;
; WIDTH_A                                                    ; 5                                                                                          ; Untyped ;
; WIDTH_B                                                    ; 5                                                                                          ; Untyped ;
; WIDTH_BYTEENA_A                                            ; 1                                                                                          ; Untyped ;
; WIDTH_BYTEENA_B                                            ; 1                                                                                          ; Untyped ;
; WIDTH_ECCENCPARITY                                         ; 8                                                                                          ; Untyped ;
; WIDTH_ECCSTATUS                                            ; 3                                                                                          ; Untyped ;
; WIDTHAD2_A                                                 ; 1                                                                                          ; Untyped ;
; WIDTHAD2_B                                                 ; 1                                                                                          ; Untyped ;
; WIDTHAD_A                                                  ; 5                                                                                          ; Untyped ;
; WIDTHAD_B                                                  ; 5                                                                                          ; Untyped ;
; WREN_POWER_OPTIMIZATION                                    ; OFF                                                                                        ; Untyped ;
; CBXI_PARAMETER                                             ; altera_syncram_q983                                                                        ; Untyped ;
; INDATA_ACLR_A                                              ; NONE                                                                                       ; Untyped ;
; WRCONTROL_ACLR_A                                           ; NONE                                                                                       ; Untyped ;
+------------------------------------------------------------+--------------------------------------------------------------------------------------------+---------+


+-------------------------------------------------------------------------------------------------------------------------------------------------------------------+
; Parameter Settings for Inferred Entity Instance: pifoEngines_0|enque_enqueMapper|banks_0_rtl_1                                                                    ;
+------------------------------------------------------------+--------------------------------------------------------------------------------------------+---------+
; Parameter Name                                             ; Value                                                                                      ; Type    ;
+------------------------------------------------------------+--------------------------------------------------------------------------------------------+---------+
; CBXI_PARAMETER                                             ; altera_syncram_q983                                                                        ; Untyped ;
; ACF_BLOCK_RAM_AND_MLAB_EQUIVALENT_PAUSED_READ_CAPABILITIES ; DONT CARE                                                                                  ; Untyped ;
; ACF_BLOCK_RAM_AND_MLAB_EQUIVALENT_POWER_UP_CONDITIONS      ; AUTO                                                                                       ; Untyped ;
; ACF_DISABLE_MLAB_RAM_USE                                   ; FALSE                                                                                      ; Untyped ;
; ACF_IMPLEMENT_MLAB_IN_16_BIT_DEEP_MODE                     ; FALSE                                                                                      ; Untyped ;
; ADDRESS_ACLR_A                                             ; NONE                                                                                       ; Untyped ;
; ADDRESS_ACLR_B                                             ; NONE                                                                                       ; Untyped ;
; ADDRESS_REG_B                                              ; CLOCK0                                                                                     ; Untyped ;
; BYTE_SIZE                                                  ; 8                                                                                          ; Untyped ;
; BYTEENA_REG_B                                              ; CLOCK1                                                                                     ; Untyped ;
; CLKEN_POWER_OPTIMIZATION                                   ; OFF                                                                                        ; Untyped ;
; CLOCK_DUTY_CYCLE_DEPENDENCE                                ; AUTO                                                                                       ; Untyped ;
; CLOCK_ENABLE_CORE_A                                        ; USE_INPUT_CLKEN                                                                            ; Untyped ;
; CLOCK_ENABLE_CORE_B                                        ; USE_INPUT_CLKEN                                                                            ; Untyped ;
; CLOCK_ENABLE_INPUT_A                                       ; NORMAL                                                                                     ; Untyped ;
; CLOCK_ENABLE_INPUT_B                                       ; NORMAL                                                                                     ; Untyped ;
; CLOCK_ENABLE_OUTPUT_A                                      ; NORMAL                                                                                     ; Untyped ;
; CLOCK_ENABLE_OUTPUT_B                                      ; NORMAL                                                                                     ; Untyped ;
; ECC_PIPELINE_STAGE_ENABLED                                 ; FALSE                                                                                      ; Untyped ;
; ENABLE_COHERENT_READ                                       ; FALSE                                                                                      ; Untyped ;
; ENABLE_ECC                                                 ; FALSE                                                                                      ; Untyped ;
; ENABLE_ECC_ENCODER_BYPASS                                  ; FALSE                                                                                      ; Untyped ;
; ENABLE_FORCE_TO_ZERO                                       ; FALSE                                                                                      ; Untyped ;
; ENABLE_RUNTIME_MOD                                         ; NO                                                                                         ; Untyped ;
; IMPLEMENT_IN_LES                                           ; OFF                                                                                        ; Untyped ;
; INDATA_REG_B                                               ; CLOCK1                                                                                     ; Untyped ;
; INIT_FILE                                                  ; qdb/_compiler/pifo/root_partition/25.3.1/partitioned/1/mifs/ram0_PifoMesh_a88d83e7.hdl.mif ; Untyped ;
; INIT_FILE_LAYOUT                                           ; PORT_A                                                                                     ; Untyped ;
; init_file_restructured                                     ; UNUSED                                                                                     ; Untyped ;
; INSTANCE_NAME                                              ; UNUSED                                                                                     ; Untyped ;
; LOW_POWER_MODE                                             ; AUTO                                                                                       ; Untyped ;
; MAXIMUM_DEPTH                                              ; 0                                                                                          ; Untyped ;
; NUMWORDS_A                                                 ; 32                                                                                         ; Untyped ;
; NUMWORDS_B                                                 ; 32                                                                                         ; Untyped ;
; OPERATION_MODE                                             ; DUAL_PORT                                                                                  ; Untyped ;
; OPTIMIZATION_OPTION                                        ; AUTO                                                                                       ; Untyped ;
; OUTDATA_ACLR_A                                             ; NONE                                                                                       ; Untyped ;
; OUTDATA_ACLR_B                                             ; NONE                                                                                       ; Untyped ;
; OUTDATA_REG_A                                              ; UNREGISTERED                                                                               ; Untyped ;
; OUTDATA_REG_B                                              ; UNREGISTERED                                                                               ; Untyped ;
; OUTDATA_SCLR_A                                             ; NONE                                                                                       ; Untyped ;
; OUTDATA_SCLR_B                                             ; NONE                                                                                       ; Untyped ;
; POWER_UP_UNINITIALIZED                                     ; FALSE                                                                                      ; Untyped ;
; RAM_BLOCK_TYPE                                             ; AUTO                                                                                       ; Untyped ;
; RDCONTROL_REG_B                                            ; CLOCK0                                                                                     ; Untyped ;
; RDEN_POWER_OPTIMIZATION                                    ; OFF                                                                                        ; Untyped ;
; READ_DURING_WRITE_MODE_MIXED_PORTS                         ; OLD_DATA                                                                                   ; Untyped ;
; READ_DURING_WRITE_MODE_PORT_A                              ; NEW_DATA_NO_NBE_READ                                                                       ; Untyped ;
; READ_DURING_WRITE_MODE_PORT_B                              ; NEW_DATA_NO_NBE_READ                                                                       ; Untyped ;
; WIDTH_A                                                    ; 5                                                                                          ; Untyped ;
; WIDTH_B                                                    ; 5                                                                                          ; Untyped ;
; WIDTH_BYTEENA_A                                            ; 1                                                                                          ; Untyped ;
; WIDTH_BYTEENA_B                                            ; 1                                                                                          ; Untyped ;
; WIDTH_ECCENCPARITY                                         ; 8                                                                                          ; Untyped ;
; WIDTH_ECCSTATUS                                            ; 3                                                                                          ; Untyped ;
; WIDTHAD2_A                                                 ; 1                                                                                          ; Untyped ;
; WIDTHAD2_B                                                 ; 1                                                                                          ; Untyped ;
; WIDTHAD_A                                                  ; 5                                                                                          ; Untyped ;
; WIDTHAD_B                                                  ; 5                                                                                          ; Untyped ;
; WREN_POWER_OPTIMIZATION                                    ; OFF                                                                                        ; Untyped ;
; CBXI_PARAMETER                                             ; altera_syncram_q983                                                                        ; Untyped ;
; INDATA_ACLR_A                                              ; NONE                                                                                       ; Untyped ;
; WRCONTROL_ACLR_A                                           ; NONE                                                                                       ; Untyped ;
+------------------------------------------------------------+--------------------------------------------------------------------------------------------+---------+


+-------------------------------------------------------------------------------------------------------------------------------------------------------------------+
; Parameter Settings for Inferred Entity Instance: pifoEngines_0|enque_enqueMapper|banks_1_rtl_0                                                                    ;
+------------------------------------------------------------+--------------------------------------------------------------------------------------------+---------+
; Parameter Name                                             ; Value                                                                                      ; Type    ;
+------------------------------------------------------------+--------------------------------------------------------------------------------------------+---------+
; CBXI_PARAMETER                                             ; altera_syncram_q983                                                                        ; Untyped ;
; ACF_BLOCK_RAM_AND_MLAB_EQUIVALENT_PAUSED_READ_CAPABILITIES ; DONT CARE                                                                                  ; Untyped ;
; ACF_BLOCK_RAM_AND_MLAB_EQUIVALENT_POWER_UP_CONDITIONS      ; AUTO                                                                                       ; Untyped ;
; ACF_DISABLE_MLAB_RAM_USE                                   ; FALSE                                                                                      ; Untyped ;
; ACF_IMPLEMENT_MLAB_IN_16_BIT_DEEP_MODE                     ; FALSE                                                                                      ; Untyped ;
; ADDRESS_ACLR_A                                             ; NONE                                                                                       ; Untyped ;
; ADDRESS_ACLR_B                                             ; NONE                                                                                       ; Untyped ;
; ADDRESS_REG_B                                              ; CLOCK0                                                                                     ; Untyped ;
; BYTE_SIZE                                                  ; 8                                                                                          ; Untyped ;
; BYTEENA_REG_B                                              ; CLOCK1                                                                                     ; Untyped ;
; CLKEN_POWER_OPTIMIZATION                                   ; OFF                                                                                        ; Untyped ;
; CLOCK_DUTY_CYCLE_DEPENDENCE                                ; AUTO                                                                                       ; Untyped ;
; CLOCK_ENABLE_CORE_A                                        ; USE_INPUT_CLKEN                                                                            ; Untyped ;
; CLOCK_ENABLE_CORE_B                                        ; USE_INPUT_CLKEN                                                                            ; Untyped ;
; CLOCK_ENABLE_INPUT_A                                       ; NORMAL                                                                                     ; Untyped ;
; CLOCK_ENABLE_INPUT_B                                       ; NORMAL                                                                                     ; Untyped ;
; CLOCK_ENABLE_OUTPUT_A                                      ; NORMAL                                                                                     ; Untyped ;
; CLOCK_ENABLE_OUTPUT_B                                      ; NORMAL                                                                                     ; Untyped ;
; ECC_PIPELINE_STAGE_ENABLED                                 ; FALSE                                                                                      ; Untyped ;
; ENABLE_COHERENT_READ                                       ; FALSE                                                                                      ; Untyped ;
; ENABLE_ECC                                                 ; FALSE                                                                                      ; Untyped ;
; ENABLE_ECC_ENCODER_BYPASS                                  ; FALSE                                                                                      ; Untyped ;
; ENABLE_FORCE_TO_ZERO                                       ; FALSE                                                                                      ; Untyped ;
; ENABLE_RUNTIME_MOD                                         ; NO                                                                                         ; Untyped ;
; IMPLEMENT_IN_LES                                           ; OFF                                                                                        ; Untyped ;
; INDATA_REG_B                                               ; CLOCK1                                                                                     ; Untyped ;
; INIT_FILE                                                  ; qdb/_compiler/pifo/root_partition/25.3.1/partitioned/1/mifs/ram0_PifoMesh_a88d83e7.hdl.mif ; Untyped ;
; INIT_FILE_LAYOUT                                           ; PORT_A                                                                                     ; Untyped ;
; init_file_restructured                                     ; UNUSED                                                                                     ; Untyped ;
; INSTANCE_NAME                                              ; UNUSED                                                                                     ; Untyped ;
; LOW_POWER_MODE                                             ; AUTO                                                                                       ; Untyped ;
; MAXIMUM_DEPTH                                              ; 0                                                                                          ; Untyped ;
; NUMWORDS_A                                                 ; 32                                                                                         ; Untyped ;
; NUMWORDS_B                                                 ; 32                                                                                         ; Untyped ;
; OPERATION_MODE                                             ; DUAL_PORT                                                                                  ; Untyped ;
; OPTIMIZATION_OPTION                                        ; AUTO                                                                                       ; Untyped ;
; OUTDATA_ACLR_A                                             ; NONE                                                                                       ; Untyped ;
; OUTDATA_ACLR_B                                             ; NONE                                                                                       ; Untyped ;
; OUTDATA_REG_A                                              ; UNREGISTERED                                                                               ; Untyped ;
; OUTDATA_REG_B                                              ; UNREGISTERED                                                                               ; Untyped ;
; OUTDATA_SCLR_A                                             ; NONE                                                                                       ; Untyped ;
; OUTDATA_SCLR_B                                             ; NONE                                                                                       ; Untyped ;
; POWER_UP_UNINITIALIZED                                     ; FALSE                                                                                      ; Untyped ;
; RAM_BLOCK_TYPE                                             ; AUTO                                                                                       ; Untyped ;
; RDCONTROL_REG_B                                            ; CLOCK0                                                                                     ; Untyped ;
; RDEN_POWER_OPTIMIZATION                                    ; OFF                                                                                        ; Untyped ;
; READ_DURING_WRITE_MODE_MIXED_PORTS                         ; OLD_DATA                                                                                   ; Untyped ;
; READ_DURING_WRITE_MODE_PORT_A                              ; NEW_DATA_NO_NBE_READ                                                                       ; Untyped ;
; READ_DURING_WRITE_MODE_PORT_B                              ; NEW_DATA_NO_NBE_READ                                                                       ; Untyped ;
; WIDTH_A                                                    ; 5                                                                                          ; Untyped ;
; WIDTH_B                                                    ; 5                                                                                          ; Untyped ;
; WIDTH_BYTEENA_A                                            ; 1                                                                                          ; Untyped ;
; WIDTH_BYTEENA_B                                            ; 1                                                                                          ; Untyped ;
; WIDTH_ECCENCPARITY                                         ; 8                                                                                          ; Untyped ;
; WIDTH_ECCSTATUS                                            ; 3                                                                                          ; Untyped ;
; WIDTHAD2_A                                                 ; 1                                                                                          ; Untyped ;
; WIDTHAD2_B                                                 ; 1                                                                                          ; Untyped ;
; WIDTHAD_A                                                  ; 5                                                                                          ; Untyped ;
; WIDTHAD_B                                                  ; 5                                                                                          ; Untyped ;
; WREN_POWER_OPTIMIZATION                                    ; OFF                                                                                        ; Untyped ;
; CBXI_PARAMETER                                             ; altera_syncram_q983                                                                        ; Untyped ;
; INDATA_ACLR_A                                              ; NONE                                                                                       ; Untyped ;
; WRCONTROL_ACLR_A                                           ; NONE                                                                                       ; Untyped ;
+------------------------------------------------------------+--------------------------------------------------------------------------------------------+---------+


+-------------------------------------------------------------------------------------------------------------------------------------------------------------------+
; Parameter Settings for Inferred Entity Instance: pifoEngines_0|enque_enqueMapper|banks_1_rtl_1                                                                    ;
+------------------------------------------------------------+--------------------------------------------------------------------------------------------+---------+
; Parameter Name                                             ; Value                                                                                      ; Type    ;
+------------------------------------------------------------+--------------------------------------------------------------------------------------------+---------+
; CBXI_PARAMETER                                             ; altera_syncram_q983                                                                        ; Untyped ;
; ACF_BLOCK_RAM_AND_MLAB_EQUIVALENT_PAUSED_READ_CAPABILITIES ; DONT CARE                                                                                  ; Untyped ;
; ACF_BLOCK_RAM_AND_MLAB_EQUIVALENT_POWER_UP_CONDITIONS      ; AUTO                                                                                       ; Untyped ;
; ACF_DISABLE_MLAB_RAM_USE                                   ; FALSE                                                                                      ; Untyped ;
; ACF_IMPLEMENT_MLAB_IN_16_BIT_DEEP_MODE                     ; FALSE                                                                                      ; Untyped ;
; ADDRESS_ACLR_A                                             ; NONE                                                                                       ; Untyped ;
; ADDRESS_ACLR_B                                             ; NONE                                                                                       ; Untyped ;
; ADDRESS_REG_B                                              ; CLOCK0                                                                                     ; Untyped ;
; BYTE_SIZE                                                  ; 8                                                                                          ; Untyped ;
; BYTEENA_REG_B                                              ; CLOCK1                                                                                     ; Untyped ;
; CLKEN_POWER_OPTIMIZATION                                   ; OFF                                                                                        ; Untyped ;
; CLOCK_DUTY_CYCLE_DEPENDENCE                                ; AUTO                                                                                       ; Untyped ;
; CLOCK_ENABLE_CORE_A                                        ; USE_INPUT_CLKEN                                                                            ; Untyped ;
; CLOCK_ENABLE_CORE_B                                        ; USE_INPUT_CLKEN                                                                            ; Untyped ;
; CLOCK_ENABLE_INPUT_A                                       ; NORMAL                                                                                     ; Untyped ;
; CLOCK_ENABLE_INPUT_B                                       ; NORMAL                                                                                     ; Untyped ;
; CLOCK_ENABLE_OUTPUT_A                                      ; NORMAL                                                                                     ; Untyped ;
; CLOCK_ENABLE_OUTPUT_B                                      ; NORMAL                                                                                     ; Untyped ;
; ECC_PIPELINE_STAGE_ENABLED                                 ; FALSE                                                                                      ; Untyped ;
; ENABLE_COHERENT_READ                                       ; FALSE                                                                                      ; Untyped ;
; ENABLE_ECC                                                 ; FALSE                                                                                      ; Untyped ;
; ENABLE_ECC_ENCODER_BYPASS                                  ; FALSE                                                                                      ; Untyped ;
; ENABLE_FORCE_TO_ZERO                                       ; FALSE                                                                                      ; Untyped ;
; ENABLE_RUNTIME_MOD                                         ; NO                                                                                         ; Untyped ;
; IMPLEMENT_IN_LES                                           ; OFF                                                                                        ; Untyped ;
; INDATA_REG_B                                               ; CLOCK1                                                                                     ; Untyped ;
; INIT_FILE                                                  ; qdb/_compiler/pifo/root_partition/25.3.1/partitioned/1/mifs/ram0_PifoMesh_a88d83e7.hdl.mif ; Untyped ;
; INIT_FILE_LAYOUT                                           ; PORT_A                                                                                     ; Untyped ;
; init_file_restructured                                     ; UNUSED                                                                                     ; Untyped ;
; INSTANCE_NAME                                              ; UNUSED                                                                                     ; Untyped ;
; LOW_POWER_MODE                                             ; AUTO                                                                                       ; Untyped ;
; MAXIMUM_DEPTH                                              ; 0                                                                                          ; Untyped ;
; NUMWORDS_A                                                 ; 32                                                                                         ; Untyped ;
; NUMWORDS_B                                                 ; 32                                                                                         ; Untyped ;
; OPERATION_MODE                                             ; DUAL_PORT                                                                                  ; Untyped ;
; OPTIMIZATION_OPTION                                        ; AUTO                                                                                       ; Untyped ;
; OUTDATA_ACLR_A                                             ; NONE                                                                                       ; Untyped ;
; OUTDATA_ACLR_B                                             ; NONE                                                                                       ; Untyped ;
; OUTDATA_REG_A                                              ; UNREGISTERED                                                                               ; Untyped ;
; OUTDATA_REG_B                                              ; UNREGISTERED                                                                               ; Untyped ;
; OUTDATA_SCLR_A                                             ; NONE                                                                                       ; Untyped ;
; OUTDATA_SCLR_B                                             ; NONE                                                                                       ; Untyped ;
; POWER_UP_UNINITIALIZED                                     ; FALSE                                                                                      ; Untyped ;
; RAM_BLOCK_TYPE                                             ; AUTO                                                                                       ; Untyped ;
; RDCONTROL_REG_B                                            ; CLOCK0                                                                                     ; Untyped ;
; RDEN_POWER_OPTIMIZATION                                    ; OFF                                                                                        ; Untyped ;
; READ_DURING_WRITE_MODE_MIXED_PORTS                         ; OLD_DATA                                                                                   ; Untyped ;
; READ_DURING_WRITE_MODE_PORT_A                              ; NEW_DATA_NO_NBE_READ                                                                       ; Untyped ;
; READ_DURING_WRITE_MODE_PORT_B                              ; NEW_DATA_NO_NBE_READ                                                                       ; Untyped ;
; WIDTH_A                                                    ; 5                                                                                          ; Untyped ;
; WIDTH_B                                                    ; 5                                                                                          ; Untyped ;
; WIDTH_BYTEENA_A                                            ; 1                                                                                          ; Untyped ;
; WIDTH_BYTEENA_B                                            ; 1                                                                                          ; Untyped ;
; WIDTH_ECCENCPARITY                                         ; 8                                                                                          ; Untyped ;
; WIDTH_ECCSTATUS                                            ; 3                                                                                          ; Untyped ;
; WIDTHAD2_A                                                 ; 1                                                                                          ; Untyped ;
; WIDTHAD2_B                                                 ; 1                                                                                          ; Untyped ;
; WIDTHAD_A                                                  ; 5                                                                                          ; Untyped ;
; WIDTHAD_B                                                  ; 5                                                                                          ; Untyped ;
; WREN_POWER_OPTIMIZATION                                    ; OFF                                                                                        ; Untyped ;
; CBXI_PARAMETER                                             ; altera_syncram_q983                                                                        ; Untyped ;
; INDATA_ACLR_A                                              ; NONE                                                                                       ; Untyped ;
; WRCONTROL_ACLR_A                                           ; NONE                                                                                       ; Untyped ;
+------------------------------------------------------------+--------------------------------------------------------------------------------------------+---------+


+-------------------------------------------------------------------------------------------------------------------------------------------------------------------+
; Parameter Settings for Inferred Entity Instance: pifoEngines_0|deque_dequeMapper|banks_0_rtl_0                                                                    ;
+------------------------------------------------------------+--------------------------------------------------------------------------------------------+---------+
; Parameter Name                                             ; Value                                                                                      ; Type    ;
+------------------------------------------------------------+--------------------------------------------------------------------------------------------+---------+
; ACF_BLOCK_RAM_AND_MLAB_EQUIVALENT_PAUSED_READ_CAPABILITIES ; DONT CARE                                                                                  ; Untyped ;
; ACF_BLOCK_RAM_AND_MLAB_EQUIVALENT_POWER_UP_CONDITIONS      ; AUTO                                                                                       ; Untyped ;
; ACF_DISABLE_MLAB_RAM_USE                                   ; FALSE                                                                                      ; Untyped ;
; ACF_IMPLEMENT_MLAB_IN_16_BIT_DEEP_MODE                     ; FALSE                                                                                      ; Untyped ;
; ADDRESS_ACLR_A                                             ; NONE                                                                                       ; Untyped ;
; ADDRESS_ACLR_B                                             ; NONE                                                                                       ; Untyped ;
; ADDRESS_REG_B                                              ; CLOCK0                                                                                     ; Untyped ;
; BYTE_SIZE                                                  ; 8                                                                                          ; Untyped ;
; BYTEENA_REG_B                                              ; CLOCK1                                                                                     ; Untyped ;
; CLKEN_POWER_OPTIMIZATION                                   ; OFF                                                                                        ; Untyped ;
; CLOCK_DUTY_CYCLE_DEPENDENCE                                ; AUTO                                                                                       ; Untyped ;
; CLOCK_ENABLE_CORE_A                                        ; USE_INPUT_CLKEN                                                                            ; Untyped ;
; CLOCK_ENABLE_CORE_B                                        ; USE_INPUT_CLKEN                                                                            ; Untyped ;
; CLOCK_ENABLE_INPUT_A                                       ; NORMAL                                                                                     ; Untyped ;
; CLOCK_ENABLE_INPUT_B                                       ; NORMAL                                                                                     ; Untyped ;
; CLOCK_ENABLE_OUTPUT_A                                      ; NORMAL                                                                                     ; Untyped ;
; CLOCK_ENABLE_OUTPUT_B                                      ; NORMAL                                                                                     ; Untyped ;
; ECC_PIPELINE_STAGE_ENABLED                                 ; FALSE                                                                                      ; Untyped ;
; ENABLE_COHERENT_READ                                       ; FALSE                                                                                      ; Untyped ;
; ENABLE_ECC                                                 ; FALSE                                                                                      ; Untyped ;
; ENABLE_ECC_ENCODER_BYPASS                                  ; FALSE                                                                                      ; Untyped ;
; ENABLE_FORCE_TO_ZERO                                       ; FALSE                                                                                      ; Untyped ;
; ENABLE_RUNTIME_MOD                                         ; NO                                                                                         ; Untyped ;
; IMPLEMENT_IN_LES                                           ; OFF                                                                                        ; Untyped ;
; INDATA_REG_B                                               ; CLOCK1                                                                                     ; Untyped ;
; INIT_FILE                                                  ; qdb/_compiler/pifo/root_partition/25.3.1/partitioned/1/mifs/ram1_PifoMesh_a88d83e7.hdl.mif ; Untyped ;
; INIT_FILE_LAYOUT                                           ; PORT_A                                                                                     ; Untyped ;
; init_file_restructured                                     ; UNUSED                                                                                     ; Untyped ;
; INSTANCE_NAME                                              ; UNUSED                                                                                     ; Untyped ;
; LOW_POWER_MODE                                             ; AUTO                                                                                       ; Untyped ;
; MAXIMUM_DEPTH                                              ; 0                                                                                          ; Untyped ;
; NUMWORDS_A                                                 ; 4096                                                                                       ; Untyped ;
; NUMWORDS_B                                                 ; 4096                                                                                       ; Untyped ;
; OPERATION_MODE                                             ; DUAL_PORT                                                                                  ; Untyped ;
; OPTIMIZATION_OPTION                                        ; AUTO                                                                                       ; Untyped ;
; OUTDATA_ACLR_A                                             ; NONE                                                                                       ; Untyped ;
; OUTDATA_ACLR_B                                             ; NONE                                                                                       ; Untyped ;
; OUTDATA_REG_A                                              ; UNREGISTERED                                                                               ; Untyped ;
; OUTDATA_REG_B                                              ; UNREGISTERED                                                                               ; Untyped ;
; OUTDATA_SCLR_A                                             ; NONE                                                                                       ; Untyped ;
; OUTDATA_SCLR_B                                             ; NONE                                                                                       ; Untyped ;
; POWER_UP_UNINITIALIZED                                     ; FALSE                                                                                      ; Untyped ;
; RAM_BLOCK_TYPE                                             ; AUTO                                                                                       ; Untyped ;
; RDCONTROL_REG_B                                            ; CLOCK0                                                                                     ; Untyped ;
; RDEN_POWER_OPTIMIZATION                                    ; OFF                                                                                        ; Untyped ;
; READ_DURING_WRITE_MODE_MIXED_PORTS                         ; OLD_DATA                                                                                   ; Untyped ;
; READ_DURING_WRITE_MODE_PORT_A                              ; NEW_DATA_NO_NBE_READ                                                                       ; Untyped ;
; READ_DURING_WRITE_MODE_PORT_B                              ; NEW_DATA_NO_NBE_READ                                                                       ; Untyped ;
; WIDTH_A                                                    ; 7                                                                                          ; Untyped ;
; WIDTH_B                                                    ; 7                                                                                          ; Untyped ;
; WIDTH_BYTEENA_A                                            ; 1                                                                                          ; Untyped ;
; WIDTH_BYTEENA_B                                            ; 1                                                                                          ; Untyped ;
; WIDTH_ECCENCPARITY                                         ; 8                                                                                          ; Untyped ;
; WIDTH_ECCSTATUS                                            ; 3                                                                                          ; Untyped ;
; WIDTHAD2_A                                                 ; 1                                                                                          ; Untyped ;
; WIDTHAD2_B                                                 ; 1                                                                                          ; Untyped ;
; WIDTHAD_A                                                  ; 12                                                                                         ; Untyped ;
; WIDTHAD_B                                                  ; 12                                                                                         ; Untyped ;
; WREN_POWER_OPTIMIZATION                                    ; OFF                                                                                        ; Untyped ;
; CBXI_PARAMETER                                             ; altera_syncram_i4p9                                                                        ; Untyped ;
; INDATA_ACLR_A                                              ; NONE                                                                                       ; Untyped ;
; WRCONTROL_ACLR_A                                           ; NONE                                                                                       ; Untyped ;
+------------------------------------------------------------+--------------------------------------------------------------------------------------------+---------+


+-------------------------------------------------------------------------------------------------------------------------------------------------------------------+
; Parameter Settings for Inferred Entity Instance: pifoEngines_0|deque_dequeMapper|banks_0_rtl_1                                                                    ;
+------------------------------------------------------------+--------------------------------------------------------------------------------------------+---------+
; Parameter Name                                             ; Value                                                                                      ; Type    ;
+------------------------------------------------------------+--------------------------------------------------------------------------------------------+---------+
; CBXI_PARAMETER                                             ; altera_syncram_i4p9                                                                        ; Untyped ;
; ACF_BLOCK_RAM_AND_MLAB_EQUIVALENT_PAUSED_READ_CAPABILITIES ; DONT CARE                                                                                  ; Untyped ;
; ACF_BLOCK_RAM_AND_MLAB_EQUIVALENT_POWER_UP_CONDITIONS      ; AUTO                                                                                       ; Untyped ;
; ACF_DISABLE_MLAB_RAM_USE                                   ; FALSE                                                                                      ; Untyped ;
; ACF_IMPLEMENT_MLAB_IN_16_BIT_DEEP_MODE                     ; FALSE                                                                                      ; Untyped ;
; ADDRESS_ACLR_A                                             ; NONE                                                                                       ; Untyped ;
; ADDRESS_ACLR_B                                             ; NONE                                                                                       ; Untyped ;
; ADDRESS_REG_B                                              ; CLOCK0                                                                                     ; Untyped ;
; BYTE_SIZE                                                  ; 8                                                                                          ; Untyped ;
; BYTEENA_REG_B                                              ; CLOCK1                                                                                     ; Untyped ;
; CLKEN_POWER_OPTIMIZATION                                   ; OFF                                                                                        ; Untyped ;
; CLOCK_DUTY_CYCLE_DEPENDENCE                                ; AUTO                                                                                       ; Untyped ;
; CLOCK_ENABLE_CORE_A                                        ; USE_INPUT_CLKEN                                                                            ; Untyped ;
; CLOCK_ENABLE_CORE_B                                        ; USE_INPUT_CLKEN                                                                            ; Untyped ;
; CLOCK_ENABLE_INPUT_A                                       ; NORMAL                                                                                     ; Untyped ;
; CLOCK_ENABLE_INPUT_B                                       ; NORMAL                                                                                     ; Untyped ;
; CLOCK_ENABLE_OUTPUT_A                                      ; NORMAL                                                                                     ; Untyped ;
; CLOCK_ENABLE_OUTPUT_B                                      ; NORMAL                                                                                     ; Untyped ;
; ECC_PIPELINE_STAGE_ENABLED                                 ; FALSE                                                                                      ; Untyped ;
; ENABLE_COHERENT_READ                                       ; FALSE                                                                                      ; Untyped ;
; ENABLE_ECC                                                 ; FALSE                                                                                      ; Untyped ;
; ENABLE_ECC_ENCODER_BYPASS                                  ; FALSE                                                                                      ; Untyped ;
; ENABLE_FORCE_TO_ZERO                                       ; FALSE                                                                                      ; Untyped ;
; ENABLE_RUNTIME_MOD                                         ; NO                                                                                         ; Untyped ;
; IMPLEMENT_IN_LES                                           ; OFF                                                                                        ; Untyped ;
; INDATA_REG_B                                               ; CLOCK1                                                                                     ; Untyped ;
; INIT_FILE                                                  ; qdb/_compiler/pifo/root_partition/25.3.1/partitioned/1/mifs/ram1_PifoMesh_a88d83e7.hdl.mif ; Untyped ;
; INIT_FILE_LAYOUT                                           ; PORT_A                                                                                     ; Untyped ;
; init_file_restructured                                     ; UNUSED                                                                                     ; Untyped ;
; INSTANCE_NAME                                              ; UNUSED                                                                                     ; Untyped ;
; LOW_POWER_MODE                                             ; AUTO                                                                                       ; Untyped ;
; MAXIMUM_DEPTH                                              ; 0                                                                                          ; Untyped ;
; NUMWORDS_A                                                 ; 4096                                                                                       ; Untyped ;
; NUMWORDS_B                                                 ; 4096                                                                                       ; Untyped ;
; OPERATION_MODE                                             ; DUAL_PORT                                                                                  ; Untyped ;
; OPTIMIZATION_OPTION                                        ; AUTO                                                                                       ; Untyped ;
; OUTDATA_ACLR_A                                             ; NONE                                                                                       ; Untyped ;
; OUTDATA_ACLR_B                                             ; NONE                                                                                       ; Untyped ;
; OUTDATA_REG_A                                              ; UNREGISTERED                                                                               ; Untyped ;
; OUTDATA_REG_B                                              ; UNREGISTERED                                                                               ; Untyped ;
; OUTDATA_SCLR_A                                             ; NONE                                                                                       ; Untyped ;
; OUTDATA_SCLR_B                                             ; NONE                                                                                       ; Untyped ;
; POWER_UP_UNINITIALIZED                                     ; FALSE                                                                                      ; Untyped ;
; RAM_BLOCK_TYPE                                             ; AUTO                                                                                       ; Untyped ;
; RDCONTROL_REG_B                                            ; CLOCK0                                                                                     ; Untyped ;
; RDEN_POWER_OPTIMIZATION                                    ; OFF                                                                                        ; Untyped ;
; READ_DURING_WRITE_MODE_MIXED_PORTS                         ; OLD_DATA                                                                                   ; Untyped ;
; READ_DURING_WRITE_MODE_PORT_A                              ; NEW_DATA_NO_NBE_READ                                                                       ; Untyped ;
; READ_DURING_WRITE_MODE_PORT_B                              ; NEW_DATA_NO_NBE_READ                                                                       ; Untyped ;
; WIDTH_A                                                    ; 7                                                                                          ; Untyped ;
; WIDTH_B                                                    ; 7                                                                                          ; Untyped ;
; WIDTH_BYTEENA_A                                            ; 1                                                                                          ; Untyped ;
; WIDTH_BYTEENA_B                                            ; 1                                                                                          ; Untyped ;
; WIDTH_ECCENCPARITY                                         ; 8                                                                                          ; Untyped ;
; WIDTH_ECCSTATUS                                            ; 3                                                                                          ; Untyped ;
; WIDTHAD2_A                                                 ; 1                                                                                          ; Untyped ;
; WIDTHAD2_B                                                 ; 1                                                                                          ; Untyped ;
; WIDTHAD_A                                                  ; 12                                                                                         ; Untyped ;
; WIDTHAD_B                                                  ; 12                                                                                         ; Untyped ;
; WREN_POWER_OPTIMIZATION                                    ; OFF                                                                                        ; Untyped ;
; CBXI_PARAMETER                                             ; altera_syncram_i4p9                                                                        ; Untyped ;
; INDATA_ACLR_A                                              ; NONE                                                                                       ; Untyped ;
; WRCONTROL_ACLR_A                                           ; NONE                                                                                       ; Untyped ;
+------------------------------------------------------------+--------------------------------------------------------------------------------------------+---------+


+-------------------------------------------------------------------------------------------------------------------------------------------------------------------+
; Parameter Settings for Inferred Entity Instance: pifoEngines_0|deque_dequeMapper|banks_1_rtl_0                                                                    ;
+------------------------------------------------------------+--------------------------------------------------------------------------------------------+---------+
; Parameter Name                                             ; Value                                                                                      ; Type    ;
+------------------------------------------------------------+--------------------------------------------------------------------------------------------+---------+
; CBXI_PARAMETER                                             ; altera_syncram_i4p9                                                                        ; Untyped ;
; ACF_BLOCK_RAM_AND_MLAB_EQUIVALENT_PAUSED_READ_CAPABILITIES ; DONT CARE                                                                                  ; Untyped ;
; ACF_BLOCK_RAM_AND_MLAB_EQUIVALENT_POWER_UP_CONDITIONS      ; AUTO                                                                                       ; Untyped ;
; ACF_DISABLE_MLAB_RAM_USE                                   ; FALSE                                                                                      ; Untyped ;
; ACF_IMPLEMENT_MLAB_IN_16_BIT_DEEP_MODE                     ; FALSE                                                                                      ; Untyped ;
; ADDRESS_ACLR_A                                             ; NONE                                                                                       ; Untyped ;
; ADDRESS_ACLR_B                                             ; NONE                                                                                       ; Untyped ;
; ADDRESS_REG_B                                              ; CLOCK0                                                                                     ; Untyped ;
; BYTE_SIZE                                                  ; 8                                                                                          ; Untyped ;
; BYTEENA_REG_B                                              ; CLOCK1                                                                                     ; Untyped ;
; CLKEN_POWER_OPTIMIZATION                                   ; OFF                                                                                        ; Untyped ;
; CLOCK_DUTY_CYCLE_DEPENDENCE                                ; AUTO                                                                                       ; Untyped ;
; CLOCK_ENABLE_CORE_A                                        ; USE_INPUT_CLKEN                                                                            ; Untyped ;
; CLOCK_ENABLE_CORE_B                                        ; USE_INPUT_CLKEN                                                                            ; Untyped ;
; CLOCK_ENABLE_INPUT_A                                       ; NORMAL                                                                                     ; Untyped ;
; CLOCK_ENABLE_INPUT_B                                       ; NORMAL                                                                                     ; Untyped ;
; CLOCK_ENABLE_OUTPUT_A                                      ; NORMAL                                                                                     ; Untyped ;
; CLOCK_ENABLE_OUTPUT_B                                      ; NORMAL                                                                                     ; Untyped ;
; ECC_PIPELINE_STAGE_ENABLED                                 ; FALSE                                                                                      ; Untyped ;
; ENABLE_COHERENT_READ                                       ; FALSE                                                                                      ; Untyped ;
; ENABLE_ECC                                                 ; FALSE                                                                                      ; Untyped ;
; ENABLE_ECC_ENCODER_BYPASS                                  ; FALSE                                                                                      ; Untyped ;
; ENABLE_FORCE_TO_ZERO                                       ; FALSE                                                                                      ; Untyped ;
; ENABLE_RUNTIME_MOD                                         ; NO                                                                                         ; Untyped ;
; IMPLEMENT_IN_LES                                           ; OFF                                                                                        ; Untyped ;
; INDATA_REG_B                                               ; CLOCK1                                                                                     ; Untyped ;
; INIT_FILE                                                  ; qdb/_compiler/pifo/root_partition/25.3.1/partitioned/1/mifs/ram1_PifoMesh_a88d83e7.hdl.mif ; Untyped ;
; INIT_FILE_LAYOUT                                           ; PORT_A                                                                                     ; Untyped ;
; init_file_restructured                                     ; UNUSED                                                                                     ; Untyped ;
; INSTANCE_NAME                                              ; UNUSED                                                                                     ; Untyped ;
; LOW_POWER_MODE                                             ; AUTO                                                                                       ; Untyped ;
; MAXIMUM_DEPTH                                              ; 0                                                                                          ; Untyped ;
; NUMWORDS_A                                                 ; 4096                                                                                       ; Untyped ;
; NUMWORDS_B                                                 ; 4096                                                                                       ; Untyped ;
; OPERATION_MODE                                             ; DUAL_PORT                                                                                  ; Untyped ;
; OPTIMIZATION_OPTION                                        ; AUTO                                                                                       ; Untyped ;
; OUTDATA_ACLR_A                                             ; NONE                                                                                       ; Untyped ;
; OUTDATA_ACLR_B                                             ; NONE                                                                                       ; Untyped ;
; OUTDATA_REG_A                                              ; UNREGISTERED                                                                               ; Untyped ;
; OUTDATA_REG_B                                              ; UNREGISTERED                                                                               ; Untyped ;
; OUTDATA_SCLR_A                                             ; NONE                                                                                       ; Untyped ;
; OUTDATA_SCLR_B                                             ; NONE                                                                                       ; Untyped ;
; POWER_UP_UNINITIALIZED                                     ; FALSE                                                                                      ; Untyped ;
; RAM_BLOCK_TYPE                                             ; AUTO                                                                                       ; Untyped ;
; RDCONTROL_REG_B                                            ; CLOCK0                                                                                     ; Untyped ;
; RDEN_POWER_OPTIMIZATION                                    ; OFF                                                                                        ; Untyped ;
; READ_DURING_WRITE_MODE_MIXED_PORTS                         ; OLD_DATA                                                                                   ; Untyped ;
; READ_DURING_WRITE_MODE_PORT_A                              ; NEW_DATA_NO_NBE_READ                                                                       ; Untyped ;
; READ_DURING_WRITE_MODE_PORT_B                              ; NEW_DATA_NO_NBE_READ                                                                       ; Untyped ;
; WIDTH_A                                                    ; 7                                                                                          ; Untyped ;
; WIDTH_B                                                    ; 7                                                                                          ; Untyped ;
; WIDTH_BYTEENA_A                                            ; 1                                                                                          ; Untyped ;
; WIDTH_BYTEENA_B                                            ; 1                                                                                          ; Untyped ;
; WIDTH_ECCENCPARITY                                         ; 8                                                                                          ; Untyped ;
; WIDTH_ECCSTATUS                                            ; 3                                                                                          ; Untyped ;
; WIDTHAD2_A                                                 ; 1                                                                                          ; Untyped ;
; WIDTHAD2_B                                                 ; 1                                                                                          ; Untyped ;
; WIDTHAD_A                                                  ; 12                                                                                         ; Untyped ;
; WIDTHAD_B                                                  ; 12                                                                                         ; Untyped ;
; WREN_POWER_OPTIMIZATION                                    ; OFF                                                                                        ; Untyped ;
; CBXI_PARAMETER                                             ; altera_syncram_i4p9                                                                        ; Untyped ;
; INDATA_ACLR_A                                              ; NONE                                                                                       ; Untyped ;
; WRCONTROL_ACLR_A                                           ; NONE                                                                                       ; Untyped ;
+------------------------------------------------------------+--------------------------------------------------------------------------------------------+---------+


+-------------------------------------------------------------------------------------------------------------------------------------------------------------------+
; Parameter Settings for Inferred Entity Instance: pifoEngines_0|deque_dequeMapper|banks_1_rtl_1                                                                    ;
+------------------------------------------------------------+--------------------------------------------------------------------------------------------+---------+
; Parameter Name                                             ; Value                                                                                      ; Type    ;
+------------------------------------------------------------+--------------------------------------------------------------------------------------------+---------+
; CBXI_PARAMETER                                             ; altera_syncram_i4p9                                                                        ; Untyped ;
; ACF_BLOCK_RAM_AND_MLAB_EQUIVALENT_PAUSED_READ_CAPABILITIES ; DONT CARE                                                                                  ; Untyped ;
; ACF_BLOCK_RAM_AND_MLAB_EQUIVALENT_POWER_UP_CONDITIONS      ; AUTO                                                                                       ; Untyped ;
; ACF_DISABLE_MLAB_RAM_USE                                   ; FALSE                                                                                      ; Untyped ;
; ACF_IMPLEMENT_MLAB_IN_16_BIT_DEEP_MODE                     ; FALSE                                                                                      ; Untyped ;
; ADDRESS_ACLR_A                                             ; NONE                                                                                       ; Untyped ;
; ADDRESS_ACLR_B                                             ; NONE                                                                                       ; Untyped ;
; ADDRESS_REG_B                                              ; CLOCK0                                                                                     ; Untyped ;
; BYTE_SIZE                                                  ; 8                                                                                          ; Untyped ;
; BYTEENA_REG_B                                              ; CLOCK1                                                                                     ; Untyped ;
; CLKEN_POWER_OPTIMIZATION                                   ; OFF                                                                                        ; Untyped ;
; CLOCK_DUTY_CYCLE_DEPENDENCE                                ; AUTO                                                                                       ; Untyped ;
; CLOCK_ENABLE_CORE_A                                        ; USE_INPUT_CLKEN                                                                            ; Untyped ;
; CLOCK_ENABLE_CORE_B                                        ; USE_INPUT_CLKEN                                                                            ; Untyped ;
; CLOCK_ENABLE_INPUT_A                                       ; NORMAL                                                                                     ; Untyped ;
; CLOCK_ENABLE_INPUT_B                                       ; NORMAL                                                                                     ; Untyped ;
; CLOCK_ENABLE_OUTPUT_A                                      ; NORMAL                                                                                     ; Untyped ;
; CLOCK_ENABLE_OUTPUT_B                                      ; NORMAL                                                                                     ; Untyped ;
; ECC_PIPELINE_STAGE_ENABLED                                 ; FALSE                                                                                      ; Untyped ;
; ENABLE_COHERENT_READ                                       ; FALSE                                                                                      ; Untyped ;
; ENABLE_ECC                                                 ; FALSE                                                                                      ; Untyped ;
; ENABLE_ECC_ENCODER_BYPASS                                  ; FALSE                                                                                      ; Untyped ;
; ENABLE_FORCE_TO_ZERO                                       ; FALSE                                                                                      ; Untyped ;
; ENABLE_RUNTIME_MOD                                         ; NO                                                                                         ; Untyped ;
; IMPLEMENT_IN_LES                                           ; OFF                                                                                        ; Untyped ;
; INDATA_REG_B                                               ; CLOCK1                                                                                     ; Untyped ;
; INIT_FILE                                                  ; qdb/_compiler/pifo/root_partition/25.3.1/partitioned/1/mifs/ram1_PifoMesh_a88d83e7.hdl.mif ; Untyped ;
; INIT_FILE_LAYOUT                                           ; PORT_A                                                                                     ; Untyped ;
; init_file_restructured                                     ; UNUSED                                                                                     ; Untyped ;
; INSTANCE_NAME                                              ; UNUSED                                                                                     ; Untyped ;
; LOW_POWER_MODE                                             ; AUTO                                                                                       ; Untyped ;
; MAXIMUM_DEPTH                                              ; 0                                                                                          ; Untyped ;
; NUMWORDS_A                                                 ; 4096                                                                                       ; Untyped ;
; NUMWORDS_B                                                 ; 4096                                                                                       ; Untyped ;
; OPERATION_MODE                                             ; DUAL_PORT                                                                                  ; Untyped ;
; OPTIMIZATION_OPTION                                        ; AUTO                                                                                       ; Untyped ;
; OUTDATA_ACLR_A                                             ; NONE                                                                                       ; Untyped ;
; OUTDATA_ACLR_B                                             ; NONE                                                                                       ; Untyped ;
; OUTDATA_REG_A                                              ; UNREGISTERED                                                                               ; Untyped ;
; OUTDATA_REG_B                                              ; UNREGISTERED                                                                               ; Untyped ;
; OUTDATA_SCLR_A                                             ; NONE                                                                                       ; Untyped ;
; OUTDATA_SCLR_B                                             ; NONE                                                                                       ; Untyped ;
; POWER_UP_UNINITIALIZED                                     ; FALSE                                                                                      ; Untyped ;
; RAM_BLOCK_TYPE                                             ; AUTO                                                                                       ; Untyped ;
; RDCONTROL_REG_B                                            ; CLOCK0                                                                                     ; Untyped ;
; RDEN_POWER_OPTIMIZATION                                    ; OFF                                                                                        ; Untyped ;
; READ_DURING_WRITE_MODE_MIXED_PORTS                         ; OLD_DATA                                                                                   ; Untyped ;
; READ_DURING_WRITE_MODE_PORT_A                              ; NEW_DATA_NO_NBE_READ                                                                       ; Untyped ;
; READ_DURING_WRITE_MODE_PORT_B                              ; NEW_DATA_NO_NBE_READ                                                                       ; Untyped ;
; WIDTH_A                                                    ; 7                                                                                          ; Untyped ;
; WIDTH_B                                                    ; 7                                                                                          ; Untyped ;
; WIDTH_BYTEENA_A                                            ; 1                                                                                          ; Untyped ;
; WIDTH_BYTEENA_B                                            ; 1                                                                                          ; Untyped ;
; WIDTH_ECCENCPARITY                                         ; 8                                                                                          ; Untyped ;
; WIDTH_ECCSTATUS                                            ; 3                                                                                          ; Untyped ;
; WIDTHAD2_A                                                 ; 1                                                                                          ; Untyped ;
; WIDTHAD2_B                                                 ; 1                                                                                          ; Untyped ;
; WIDTHAD_A                                                  ; 12                                                                                         ; Untyped ;
; WIDTHAD_B                                                  ; 12                                                                                         ; Untyped ;
; WREN_POWER_OPTIMIZATION                                    ; OFF                                                                                        ; Untyped ;
; CBXI_PARAMETER                                             ; altera_syncram_i4p9                                                                        ; Untyped ;
; INDATA_ACLR_A                                              ; NONE                                                                                       ; Untyped ;
; WRCONTROL_ACLR_A                                           ; NONE                                                                                       ; Untyped ;
+------------------------------------------------------------+--------------------------------------------------------------------------------------------+---------+


+-------------------------------------------------------------------------------------------------------------------------------------------------------------------+
; Parameter Settings for Inferred Entity Instance: pifoEngines_1|enque_enqueMapper|banks_0_rtl_0                                                                    ;
+------------------------------------------------------------+--------------------------------------------------------------------------------------------+---------+
; Parameter Name                                             ; Value                                                                                      ; Type    ;
+------------------------------------------------------------+--------------------------------------------------------------------------------------------+---------+
; ACF_BLOCK_RAM_AND_MLAB_EQUIVALENT_PAUSED_READ_CAPABILITIES ; DONT CARE                                                                                  ; Untyped ;
; ACF_BLOCK_RAM_AND_MLAB_EQUIVALENT_POWER_UP_CONDITIONS      ; AUTO                                                                                       ; Untyped ;
; ACF_DISABLE_MLAB_RAM_USE                                   ; FALSE                                                                                      ; Untyped ;
; ACF_IMPLEMENT_MLAB_IN_16_BIT_DEEP_MODE                     ; FALSE                                                                                      ; Untyped ;
; ADDRESS_ACLR_A                                             ; NONE                                                                                       ; Untyped ;
; ADDRESS_ACLR_B                                             ; NONE                                                                                       ; Untyped ;
; ADDRESS_REG_B                                              ; CLOCK0                                                                                     ; Untyped ;
; BYTE_SIZE                                                  ; 8                                                                                          ; Untyped ;
; BYTEENA_REG_B                                              ; CLOCK1                                                                                     ; Untyped ;
; CLKEN_POWER_OPTIMIZATION                                   ; OFF                                                                                        ; Untyped ;
; CLOCK_DUTY_CYCLE_DEPENDENCE                                ; AUTO                                                                                       ; Untyped ;
; CLOCK_ENABLE_CORE_A                                        ; USE_INPUT_CLKEN                                                                            ; Untyped ;
; CLOCK_ENABLE_CORE_B                                        ; USE_INPUT_CLKEN                                                                            ; Untyped ;
; CLOCK_ENABLE_INPUT_A                                       ; NORMAL                                                                                     ; Untyped ;
; CLOCK_ENABLE_INPUT_B                                       ; NORMAL                                                                                     ; Untyped ;
; CLOCK_ENABLE_OUTPUT_A                                      ; NORMAL                                                                                     ; Untyped ;
; CLOCK_ENABLE_OUTPUT_B                                      ; NORMAL                                                                                     ; Untyped ;
; ECC_PIPELINE_STAGE_ENABLED                                 ; FALSE                                                                                      ; Untyped ;
; ENABLE_COHERENT_READ                                       ; FALSE                                                                                      ; Untyped ;
; ENABLE_ECC                                                 ; FALSE                                                                                      ; Untyped ;
; ENABLE_ECC_ENCODER_BYPASS                                  ; FALSE                                                                                      ; Untyped ;
; ENABLE_FORCE_TO_ZERO                                       ; FALSE                                                                                      ; Untyped ;
; ENABLE_RUNTIME_MOD                                         ; NO                                                                                         ; Untyped ;
; IMPLEMENT_IN_LES                                           ; OFF                                                                                        ; Untyped ;
; INDATA_REG_B                                               ; CLOCK1                                                                                     ; Untyped ;
; INIT_FILE                                                  ; qdb/_compiler/pifo/root_partition/25.3.1/partitioned/1/mifs/ram2_PifoMesh_a88d83e7.hdl.mif ; Untyped ;
; INIT_FILE_LAYOUT                                           ; PORT_A                                                                                     ; Untyped ;
; init_file_restructured                                     ; UNUSED                                                                                     ; Untyped ;
; INSTANCE_NAME                                              ; UNUSED                                                                                     ; Untyped ;
; LOW_POWER_MODE                                             ; AUTO                                                                                       ; Untyped ;
; MAXIMUM_DEPTH                                              ; 0                                                                                          ; Untyped ;
; NUMWORDS_A                                                 ; 32                                                                                         ; Untyped ;
; NUMWORDS_B                                                 ; 32                                                                                         ; Untyped ;
; OPERATION_MODE                                             ; DUAL_PORT                                                                                  ; Untyped ;
; OPTIMIZATION_OPTION                                        ; AUTO                                                                                       ; Untyped ;
; OUTDATA_ACLR_A                                             ; NONE                                                                                       ; Untyped ;
; OUTDATA_ACLR_B                                             ; NONE                                                                                       ; Untyped ;
; OUTDATA_REG_A                                              ; UNREGISTERED                                                                               ; Untyped ;
; OUTDATA_REG_B                                              ; UNREGISTERED                                                                               ; Untyped ;
; OUTDATA_SCLR_A                                             ; NONE                                                                                       ; Untyped ;
; OUTDATA_SCLR_B                                             ; NONE                                                                                       ; Untyped ;
; POWER_UP_UNINITIALIZED                                     ; FALSE                                                                                      ; Untyped ;
; RAM_BLOCK_TYPE                                             ; AUTO                                                                                       ; Untyped ;
; RDCONTROL_REG_B                                            ; CLOCK0                                                                                     ; Untyped ;
; RDEN_POWER_OPTIMIZATION                                    ; OFF                                                                                        ; Untyped ;
; READ_DURING_WRITE_MODE_MIXED_PORTS                         ; OLD_DATA                                                                                   ; Untyped ;
; READ_DURING_WRITE_MODE_PORT_A                              ; NEW_DATA_NO_NBE_READ                                                                       ; Untyped ;
; READ_DURING_WRITE_MODE_PORT_B                              ; NEW_DATA_NO_NBE_READ                                                                       ; Untyped ;
; WIDTH_A                                                    ; 5                                                                                          ; Untyped ;
; WIDTH_B                                                    ; 5                                                                                          ; Untyped ;
; WIDTH_BYTEENA_A                                            ; 1                                                                                          ; Untyped ;
; WIDTH_BYTEENA_B                                            ; 1                                                                                          ; Untyped ;
; WIDTH_ECCENCPARITY                                         ; 8                                                                                          ; Untyped ;
; WIDTH_ECCSTATUS                                            ; 3                                                                                          ; Untyped ;
; WIDTHAD2_A                                                 ; 1                                                                                          ; Untyped ;
; WIDTHAD2_B                                                 ; 1                                                                                          ; Untyped ;
; WIDTHAD_A                                                  ; 5                                                                                          ; Untyped ;
; WIDTHAD_B                                                  ; 5                                                                                          ; Untyped ;
; WREN_POWER_OPTIMIZATION                                    ; OFF                                                                                        ; Untyped ;
; CBXI_PARAMETER                                             ; altera_syncram_jvb31                                                                       ; Untyped ;
; INDATA_ACLR_A                                              ; NONE                                                                                       ; Untyped ;
; WRCONTROL_ACLR_A                                           ; NONE                                                                                       ; Untyped ;
+------------------------------------------------------------+--------------------------------------------------------------------------------------------+---------+


+-------------------------------------------------------------------------------------------------------------------------------------------------------------------+
; Parameter Settings for Inferred Entity Instance: pifoEngines_1|enque_enqueMapper|banks_0_rtl_1                                                                    ;
+------------------------------------------------------------+--------------------------------------------------------------------------------------------+---------+
; Parameter Name                                             ; Value                                                                                      ; Type    ;
+------------------------------------------------------------+--------------------------------------------------------------------------------------------+---------+
; CBXI_PARAMETER                                             ; altera_syncram_jvb31                                                                       ; Untyped ;
; ACF_BLOCK_RAM_AND_MLAB_EQUIVALENT_PAUSED_READ_CAPABILITIES ; DONT CARE                                                                                  ; Untyped ;
; ACF_BLOCK_RAM_AND_MLAB_EQUIVALENT_POWER_UP_CONDITIONS      ; AUTO                                                                                       ; Untyped ;
; ACF_DISABLE_MLAB_RAM_USE                                   ; FALSE                                                                                      ; Untyped ;
; ACF_IMPLEMENT_MLAB_IN_16_BIT_DEEP_MODE                     ; FALSE                                                                                      ; Untyped ;
; ADDRESS_ACLR_A                                             ; NONE                                                                                       ; Untyped ;
; ADDRESS_ACLR_B                                             ; NONE                                                                                       ; Untyped ;
; ADDRESS_REG_B                                              ; CLOCK0                                                                                     ; Untyped ;
; BYTE_SIZE                                                  ; 8                                                                                          ; Untyped ;
; BYTEENA_REG_B                                              ; CLOCK1                                                                                     ; Untyped ;
; CLKEN_POWER_OPTIMIZATION                                   ; OFF                                                                                        ; Untyped ;
; CLOCK_DUTY_CYCLE_DEPENDENCE                                ; AUTO                                                                                       ; Untyped ;
; CLOCK_ENABLE_CORE_A                                        ; USE_INPUT_CLKEN                                                                            ; Untyped ;
; CLOCK_ENABLE_CORE_B                                        ; USE_INPUT_CLKEN                                                                            ; Untyped ;
; CLOCK_ENABLE_INPUT_A                                       ; NORMAL                                                                                     ; Untyped ;
; CLOCK_ENABLE_INPUT_B                                       ; NORMAL                                                                                     ; Untyped ;
; CLOCK_ENABLE_OUTPUT_A                                      ; NORMAL                                                                                     ; Untyped ;
; CLOCK_ENABLE_OUTPUT_B                                      ; NORMAL                                                                                     ; Untyped ;
; ECC_PIPELINE_STAGE_ENABLED                                 ; FALSE                                                                                      ; Untyped ;
; ENABLE_COHERENT_READ                                       ; FALSE                                                                                      ; Untyped ;
; ENABLE_ECC                                                 ; FALSE                                                                                      ; Untyped ;
; ENABLE_ECC_ENCODER_BYPASS                                  ; FALSE                                                                                      ; Untyped ;
; ENABLE_FORCE_TO_ZERO                                       ; FALSE                                                                                      ; Untyped ;
; ENABLE_RUNTIME_MOD                                         ; NO                                                                                         ; Untyped ;
; IMPLEMENT_IN_LES                                           ; OFF                                                                                        ; Untyped ;
; INDATA_REG_B                                               ; CLOCK1                                                                                     ; Untyped ;
; INIT_FILE                                                  ; qdb/_compiler/pifo/root_partition/25.3.1/partitioned/1/mifs/ram2_PifoMesh_a88d83e7.hdl.mif ; Untyped ;
; INIT_FILE_LAYOUT                                           ; PORT_A                                                                                     ; Untyped ;
; init_file_restructured                                     ; UNUSED                                                                                     ; Untyped ;
; INSTANCE_NAME                                              ; UNUSED                                                                                     ; Untyped ;
; LOW_POWER_MODE                                             ; AUTO                                                                                       ; Untyped ;
; MAXIMUM_DEPTH                                              ; 0                                                                                          ; Untyped ;
; NUMWORDS_A                                                 ; 32                                                                                         ; Untyped ;
; NUMWORDS_B                                                 ; 32                                                                                         ; Untyped ;
; OPERATION_MODE                                             ; DUAL_PORT                                                                                  ; Untyped ;
; OPTIMIZATION_OPTION                                        ; AUTO                                                                                       ; Untyped ;
; OUTDATA_ACLR_A                                             ; NONE                                                                                       ; Untyped ;
; OUTDATA_ACLR_B                                             ; NONE                                                                                       ; Untyped ;
; OUTDATA_REG_A                                              ; UNREGISTERED                                                                               ; Untyped ;
; OUTDATA_REG_B                                              ; UNREGISTERED                                                                               ; Untyped ;
; OUTDATA_SCLR_A                                             ; NONE                                                                                       ; Untyped ;
; OUTDATA_SCLR_B                                             ; NONE                                                                                       ; Untyped ;
; POWER_UP_UNINITIALIZED                                     ; FALSE                                                                                      ; Untyped ;
; RAM_BLOCK_TYPE                                             ; AUTO                                                                                       ; Untyped ;
; RDCONTROL_REG_B                                            ; CLOCK0                                                                                     ; Untyped ;
; RDEN_POWER_OPTIMIZATION                                    ; OFF                                                                                        ; Untyped ;
; READ_DURING_WRITE_MODE_MIXED_PORTS                         ; OLD_DATA                                                                                   ; Untyped ;
; READ_DURING_WRITE_MODE_PORT_A                              ; NEW_DATA_NO_NBE_READ                                                                       ; Untyped ;
; READ_DURING_WRITE_MODE_PORT_B                              ; NEW_DATA_NO_NBE_READ                                                                       ; Untyped ;
; WIDTH_A                                                    ; 5                                                                                          ; Untyped ;
; WIDTH_B                                                    ; 5                                                                                          ; Untyped ;
; WIDTH_BYTEENA_A                                            ; 1                                                                                          ; Untyped ;
; WIDTH_BYTEENA_B                                            ; 1                                                                                          ; Untyped ;
; WIDTH_ECCENCPARITY                                         ; 8                                                                                          ; Untyped ;
; WIDTH_ECCSTATUS                                            ; 3                                                                                          ; Untyped ;
; WIDTHAD2_A                                                 ; 1                                                                                          ; Untyped ;
; WIDTHAD2_B                                                 ; 1                                                                                          ; Untyped ;
; WIDTHAD_A                                                  ; 5                                                                                          ; Untyped ;
; WIDTHAD_B                                                  ; 5                                                                                          ; Untyped ;
; WREN_POWER_OPTIMIZATION                                    ; OFF                                                                                        ; Untyped ;
; CBXI_PARAMETER                                             ; altera_syncram_jvb31                                                                       ; Untyped ;
; INDATA_ACLR_A                                              ; NONE                                                                                       ; Untyped ;
; WRCONTROL_ACLR_A                                           ; NONE                                                                                       ; Untyped ;
+------------------------------------------------------------+--------------------------------------------------------------------------------------------+---------+


+-------------------------------------------------------------------------------------------------------------------------------------------------------------------+
; Parameter Settings for Inferred Entity Instance: pifoEngines_1|enque_enqueMapper|banks_1_rtl_0                                                                    ;
+------------------------------------------------------------+--------------------------------------------------------------------------------------------+---------+
; Parameter Name                                             ; Value                                                                                      ; Type    ;
+------------------------------------------------------------+--------------------------------------------------------------------------------------------+---------+
; CBXI_PARAMETER                                             ; altera_syncram_jvb31                                                                       ; Untyped ;
; ACF_BLOCK_RAM_AND_MLAB_EQUIVALENT_PAUSED_READ_CAPABILITIES ; DONT CARE                                                                                  ; Untyped ;
; ACF_BLOCK_RAM_AND_MLAB_EQUIVALENT_POWER_UP_CONDITIONS      ; AUTO                                                                                       ; Untyped ;
; ACF_DISABLE_MLAB_RAM_USE                                   ; FALSE                                                                                      ; Untyped ;
; ACF_IMPLEMENT_MLAB_IN_16_BIT_DEEP_MODE                     ; FALSE                                                                                      ; Untyped ;
; ADDRESS_ACLR_A                                             ; NONE                                                                                       ; Untyped ;
; ADDRESS_ACLR_B                                             ; NONE                                                                                       ; Untyped ;
; ADDRESS_REG_B                                              ; CLOCK0                                                                                     ; Untyped ;
; BYTE_SIZE                                                  ; 8                                                                                          ; Untyped ;
; BYTEENA_REG_B                                              ; CLOCK1                                                                                     ; Untyped ;
; CLKEN_POWER_OPTIMIZATION                                   ; OFF                                                                                        ; Untyped ;
; CLOCK_DUTY_CYCLE_DEPENDENCE                                ; AUTO                                                                                       ; Untyped ;
; CLOCK_ENABLE_CORE_A                                        ; USE_INPUT_CLKEN                                                                            ; Untyped ;
; CLOCK_ENABLE_CORE_B                                        ; USE_INPUT_CLKEN                                                                            ; Untyped ;
; CLOCK_ENABLE_INPUT_A                                       ; NORMAL                                                                                     ; Untyped ;
; CLOCK_ENABLE_INPUT_B                                       ; NORMAL                                                                                     ; Untyped ;
; CLOCK_ENABLE_OUTPUT_A                                      ; NORMAL                                                                                     ; Untyped ;
; CLOCK_ENABLE_OUTPUT_B                                      ; NORMAL                                                                                     ; Untyped ;
; ECC_PIPELINE_STAGE_ENABLED                                 ; FALSE                                                                                      ; Untyped ;
; ENABLE_COHERENT_READ                                       ; FALSE                                                                                      ; Untyped ;
; ENABLE_ECC                                                 ; FALSE                                                                                      ; Untyped ;
; ENABLE_ECC_ENCODER_BYPASS                                  ; FALSE                                                                                      ; Untyped ;
; ENABLE_FORCE_TO_ZERO                                       ; FALSE                                                                                      ; Untyped ;
; ENABLE_RUNTIME_MOD                                         ; NO                                                                                         ; Untyped ;
; IMPLEMENT_IN_LES                                           ; OFF                                                                                        ; Untyped ;
; INDATA_REG_B                                               ; CLOCK1                                                                                     ; Untyped ;
; INIT_FILE                                                  ; qdb/_compiler/pifo/root_partition/25.3.1/partitioned/1/mifs/ram2_PifoMesh_a88d83e7.hdl.mif ; Untyped ;
; INIT_FILE_LAYOUT                                           ; PORT_A                                                                                     ; Untyped ;
; init_file_restructured                                     ; UNUSED                                                                                     ; Untyped ;
; INSTANCE_NAME                                              ; UNUSED                                                                                     ; Untyped ;
; LOW_POWER_MODE                                             ; AUTO                                                                                       ; Untyped ;
; MAXIMUM_DEPTH                                              ; 0                                                                                          ; Untyped ;
; NUMWORDS_A                                                 ; 32                                                                                         ; Untyped ;
; NUMWORDS_B                                                 ; 32                                                                                         ; Untyped ;
; OPERATION_MODE                                             ; DUAL_PORT                                                                                  ; Untyped ;
; OPTIMIZATION_OPTION                                        ; AUTO                                                                                       ; Untyped ;
; OUTDATA_ACLR_A                                             ; NONE                                                                                       ; Untyped ;
; OUTDATA_ACLR_B                                             ; NONE                                                                                       ; Untyped ;
; OUTDATA_REG_A                                              ; UNREGISTERED                                                                               ; Untyped ;
; OUTDATA_REG_B                                              ; UNREGISTERED                                                                               ; Untyped ;
; OUTDATA_SCLR_A                                             ; NONE                                                                                       ; Untyped ;
; OUTDATA_SCLR_B                                             ; NONE                                                                                       ; Untyped ;
; POWER_UP_UNINITIALIZED                                     ; FALSE                                                                                      ; Untyped ;
; RAM_BLOCK_TYPE                                             ; AUTO                                                                                       ; Untyped ;
; RDCONTROL_REG_B                                            ; CLOCK0                                                                                     ; Untyped ;
; RDEN_POWER_OPTIMIZATION                                    ; OFF                                                                                        ; Untyped ;
; READ_DURING_WRITE_MODE_MIXED_PORTS                         ; OLD_DATA                                                                                   ; Untyped ;
; READ_DURING_WRITE_MODE_PORT_A                              ; NEW_DATA_NO_NBE_READ                                                                       ; Untyped ;
; READ_DURING_WRITE_MODE_PORT_B                              ; NEW_DATA_NO_NBE_READ                                                                       ; Untyped ;
; WIDTH_A                                                    ; 5                                                                                          ; Untyped ;
; WIDTH_B                                                    ; 5                                                                                          ; Untyped ;
; WIDTH_BYTEENA_A                                            ; 1                                                                                          ; Untyped ;
; WIDTH_BYTEENA_B                                            ; 1                                                                                          ; Untyped ;
; WIDTH_ECCENCPARITY                                         ; 8                                                                                          ; Untyped ;
; WIDTH_ECCSTATUS                                            ; 3                                                                                          ; Untyped ;
; WIDTHAD2_A                                                 ; 1                                                                                          ; Untyped ;
; WIDTHAD2_B                                                 ; 1                                                                                          ; Untyped ;
; WIDTHAD_A                                                  ; 5                                                                                          ; Untyped ;
; WIDTHAD_B                                                  ; 5                                                                                          ; Untyped ;
; WREN_POWER_OPTIMIZATION                                    ; OFF                                                                                        ; Untyped ;
; CBXI_PARAMETER                                             ; altera_syncram_jvb31                                                                       ; Untyped ;
; INDATA_ACLR_A                                              ; NONE                                                                                       ; Untyped ;
; WRCONTROL_ACLR_A                                           ; NONE                                                                                       ; Untyped ;
+------------------------------------------------------------+--------------------------------------------------------------------------------------------+---------+


+-------------------------------------------------------------------------------------------------------------------------------------------------------------------+
; Parameter Settings for Inferred Entity Instance: pifoEngines_1|enque_enqueMapper|banks_1_rtl_1                                                                    ;
+------------------------------------------------------------+--------------------------------------------------------------------------------------------+---------+
; Parameter Name                                             ; Value                                                                                      ; Type    ;
+------------------------------------------------------------+--------------------------------------------------------------------------------------------+---------+
; CBXI_PARAMETER                                             ; altera_syncram_jvb31                                                                       ; Untyped ;
; ACF_BLOCK_RAM_AND_MLAB_EQUIVALENT_PAUSED_READ_CAPABILITIES ; DONT CARE                                                                                  ; Untyped ;
; ACF_BLOCK_RAM_AND_MLAB_EQUIVALENT_POWER_UP_CONDITIONS      ; AUTO                                                                                       ; Untyped ;
; ACF_DISABLE_MLAB_RAM_USE                                   ; FALSE                                                                                      ; Untyped ;
; ACF_IMPLEMENT_MLAB_IN_16_BIT_DEEP_MODE                     ; FALSE                                                                                      ; Untyped ;
; ADDRESS_ACLR_A                                             ; NONE                                                                                       ; Untyped ;
; ADDRESS_ACLR_B                                             ; NONE                                                                                       ; Untyped ;
; ADDRESS_REG_B                                              ; CLOCK0                                                                                     ; Untyped ;
; BYTE_SIZE                                                  ; 8                                                                                          ; Untyped ;
; BYTEENA_REG_B                                              ; CLOCK1                                                                                     ; Untyped ;
; CLKEN_POWER_OPTIMIZATION                                   ; OFF                                                                                        ; Untyped ;
; CLOCK_DUTY_CYCLE_DEPENDENCE                                ; AUTO                                                                                       ; Untyped ;
; CLOCK_ENABLE_CORE_A                                        ; USE_INPUT_CLKEN                                                                            ; Untyped ;
; CLOCK_ENABLE_CORE_B                                        ; USE_INPUT_CLKEN                                                                            ; Untyped ;
; CLOCK_ENABLE_INPUT_A                                       ; NORMAL                                                                                     ; Untyped ;
; CLOCK_ENABLE_INPUT_B                                       ; NORMAL                                                                                     ; Untyped ;
; CLOCK_ENABLE_OUTPUT_A                                      ; NORMAL                                                                                     ; Untyped ;
; CLOCK_ENABLE_OUTPUT_B                                      ; NORMAL                                                                                     ; Untyped ;
; ECC_PIPELINE_STAGE_ENABLED                                 ; FALSE                                                                                      ; Untyped ;
; ENABLE_COHERENT_READ                                       ; FALSE                                                                                      ; Untyped ;
; ENABLE_ECC                                                 ; FALSE                                                                                      ; Untyped ;
; ENABLE_ECC_ENCODER_BYPASS                                  ; FALSE                                                                                      ; Untyped ;
; ENABLE_FORCE_TO_ZERO                                       ; FALSE                                                                                      ; Untyped ;
; ENABLE_RUNTIME_MOD                                         ; NO                                                                                         ; Untyped ;
; IMPLEMENT_IN_LES                                           ; OFF                                                                                        ; Untyped ;
; INDATA_REG_B                                               ; CLOCK1                                                                                     ; Untyped ;
; INIT_FILE                                                  ; qdb/_compiler/pifo/root_partition/25.3.1/partitioned/1/mifs/ram2_PifoMesh_a88d83e7.hdl.mif ; Untyped ;
; INIT_FILE_LAYOUT                                           ; PORT_A                                                                                     ; Untyped ;
; init_file_restructured                                     ; UNUSED                                                                                     ; Untyped ;
; INSTANCE_NAME                                              ; UNUSED                                                                                     ; Untyped ;
; LOW_POWER_MODE                                             ; AUTO                                                                                       ; Untyped ;
; MAXIMUM_DEPTH                                              ; 0                                                                                          ; Untyped ;
; NUMWORDS_A                                                 ; 32                                                                                         ; Untyped ;
; NUMWORDS_B                                                 ; 32                                                                                         ; Untyped ;
; OPERATION_MODE                                             ; DUAL_PORT                                                                                  ; Untyped ;
; OPTIMIZATION_OPTION                                        ; AUTO                                                                                       ; Untyped ;
; OUTDATA_ACLR_A                                             ; NONE                                                                                       ; Untyped ;
; OUTDATA_ACLR_B                                             ; NONE                                                                                       ; Untyped ;
; OUTDATA_REG_A                                              ; UNREGISTERED                                                                               ; Untyped ;
; OUTDATA_REG_B                                              ; UNREGISTERED                                                                               ; Untyped ;
; OUTDATA_SCLR_A                                             ; NONE                                                                                       ; Untyped ;
; OUTDATA_SCLR_B                                             ; NONE                                                                                       ; Untyped ;
; POWER_UP_UNINITIALIZED                                     ; FALSE                                                                                      ; Untyped ;
; RAM_BLOCK_TYPE                                             ; AUTO                                                                                       ; Untyped ;
; RDCONTROL_REG_B                                            ; CLOCK0                                                                                     ; Untyped ;
; RDEN_POWER_OPTIMIZATION                                    ; OFF                                                                                        ; Untyped ;
; READ_DURING_WRITE_MODE_MIXED_PORTS                         ; OLD_DATA                                                                                   ; Untyped ;
; READ_DURING_WRITE_MODE_PORT_A                              ; NEW_DATA_NO_NBE_READ                                                                       ; Untyped ;
; READ_DURING_WRITE_MODE_PORT_B                              ; NEW_DATA_NO_NBE_READ                                                                       ; Untyped ;
; WIDTH_A                                                    ; 5                                                                                          ; Untyped ;
; WIDTH_B                                                    ; 5                                                                                          ; Untyped ;
; WIDTH_BYTEENA_A                                            ; 1                                                                                          ; Untyped ;
; WIDTH_BYTEENA_B                                            ; 1                                                                                          ; Untyped ;
; WIDTH_ECCENCPARITY                                         ; 8                                                                                          ; Untyped ;
; WIDTH_ECCSTATUS                                            ; 3                                                                                          ; Untyped ;
; WIDTHAD2_A                                                 ; 1                                                                                          ; Untyped ;
; WIDTHAD2_B                                                 ; 1                                                                                          ; Untyped ;
; WIDTHAD_A                                                  ; 5                                                                                          ; Untyped ;
; WIDTHAD_B                                                  ; 5                                                                                          ; Untyped ;
; WREN_POWER_OPTIMIZATION                                    ; OFF                                                                                        ; Untyped ;
; CBXI_PARAMETER                                             ; altera_syncram_jvb31                                                                       ; Untyped ;
; INDATA_ACLR_A                                              ; NONE                                                                                       ; Untyped ;
; WRCONTROL_ACLR_A                                           ; NONE                                                                                       ; Untyped ;
+------------------------------------------------------------+--------------------------------------------------------------------------------------------+---------+


+-------------------------------------------------------------------------------------------------------------------------------------------------------------------+
; Parameter Settings for Inferred Entity Instance: pifoEngines_1|deque_dequeMapper|banks_0_rtl_0                                                                    ;
+------------------------------------------------------------+--------------------------------------------------------------------------------------------+---------+
; Parameter Name                                             ; Value                                                                                      ; Type    ;
+------------------------------------------------------------+--------------------------------------------------------------------------------------------+---------+
; ACF_BLOCK_RAM_AND_MLAB_EQUIVALENT_PAUSED_READ_CAPABILITIES ; DONT CARE                                                                                  ; Untyped ;
; ACF_BLOCK_RAM_AND_MLAB_EQUIVALENT_POWER_UP_CONDITIONS      ; AUTO                                                                                       ; Untyped ;
; ACF_DISABLE_MLAB_RAM_USE                                   ; FALSE                                                                                      ; Untyped ;
; ACF_IMPLEMENT_MLAB_IN_16_BIT_DEEP_MODE                     ; FALSE                                                                                      ; Untyped ;
; ADDRESS_ACLR_A                                             ; NONE                                                                                       ; Untyped ;
; ADDRESS_ACLR_B                                             ; NONE                                                                                       ; Untyped ;
; ADDRESS_REG_B                                              ; CLOCK0                                                                                     ; Untyped ;
; BYTE_SIZE                                                  ; 8                                                                                          ; Untyped ;
; BYTEENA_REG_B                                              ; CLOCK1                                                                                     ; Untyped ;
; CLKEN_POWER_OPTIMIZATION                                   ; OFF                                                                                        ; Untyped ;
; CLOCK_DUTY_CYCLE_DEPENDENCE                                ; AUTO                                                                                       ; Untyped ;
; CLOCK_ENABLE_CORE_A                                        ; USE_INPUT_CLKEN                                                                            ; Untyped ;
; CLOCK_ENABLE_CORE_B                                        ; USE_INPUT_CLKEN                                                                            ; Untyped ;
; CLOCK_ENABLE_INPUT_A                                       ; NORMAL                                                                                     ; Untyped ;
; CLOCK_ENABLE_INPUT_B                                       ; NORMAL                                                                                     ; Untyped ;
; CLOCK_ENABLE_OUTPUT_A                                      ; NORMAL                                                                                     ; Untyped ;
; CLOCK_ENABLE_OUTPUT_B                                      ; NORMAL                                                                                     ; Untyped ;
; ECC_PIPELINE_STAGE_ENABLED                                 ; FALSE                                                                                      ; Untyped ;
; ENABLE_COHERENT_READ                                       ; FALSE                                                                                      ; Untyped ;
; ENABLE_ECC                                                 ; FALSE                                                                                      ; Untyped ;
; ENABLE_ECC_ENCODER_BYPASS                                  ; FALSE                                                                                      ; Untyped ;
; ENABLE_FORCE_TO_ZERO                                       ; FALSE                                                                                      ; Untyped ;
; ENABLE_RUNTIME_MOD                                         ; NO                                                                                         ; Untyped ;
; IMPLEMENT_IN_LES                                           ; OFF                                                                                        ; Untyped ;
; INDATA_REG_B                                               ; CLOCK1                                                                                     ; Untyped ;
; INIT_FILE                                                  ; qdb/_compiler/pifo/root_partition/25.3.1/partitioned/1/mifs/ram3_PifoMesh_a88d83e7.hdl.mif ; Untyped ;
; INIT_FILE_LAYOUT                                           ; PORT_A                                                                                     ; Untyped ;
; init_file_restructured                                     ; UNUSED                                                                                     ; Untyped ;
; INSTANCE_NAME                                              ; UNUSED                                                                                     ; Untyped ;
; LOW_POWER_MODE                                             ; AUTO                                                                                       ; Untyped ;
; MAXIMUM_DEPTH                                              ; 0                                                                                          ; Untyped ;
; NUMWORDS_A                                                 ; 4096                                                                                       ; Untyped ;
; NUMWORDS_B                                                 ; 4096                                                                                       ; Untyped ;
; OPERATION_MODE                                             ; DUAL_PORT                                                                                  ; Untyped ;
; OPTIMIZATION_OPTION                                        ; AUTO                                                                                       ; Untyped ;
; OUTDATA_ACLR_A                                             ; NONE                                                                                       ; Untyped ;
; OUTDATA_ACLR_B                                             ; NONE                                                                                       ; Untyped ;
; OUTDATA_REG_A                                              ; UNREGISTERED                                                                               ; Untyped ;
; OUTDATA_REG_B                                              ; UNREGISTERED                                                                               ; Untyped ;
; OUTDATA_SCLR_A                                             ; NONE                                                                                       ; Untyped ;
; OUTDATA_SCLR_B                                             ; NONE                                                                                       ; Untyped ;
; POWER_UP_UNINITIALIZED                                     ; FALSE                                                                                      ; Untyped ;
; RAM_BLOCK_TYPE                                             ; AUTO                                                                                       ; Untyped ;
; RDCONTROL_REG_B                                            ; CLOCK0                                                                                     ; Untyped ;
; RDEN_POWER_OPTIMIZATION                                    ; OFF                                                                                        ; Untyped ;
; READ_DURING_WRITE_MODE_MIXED_PORTS                         ; OLD_DATA                                                                                   ; Untyped ;
; READ_DURING_WRITE_MODE_PORT_A                              ; NEW_DATA_NO_NBE_READ                                                                       ; Untyped ;
; READ_DURING_WRITE_MODE_PORT_B                              ; NEW_DATA_NO_NBE_READ                                                                       ; Untyped ;
; WIDTH_A                                                    ; 7                                                                                          ; Untyped ;
; WIDTH_B                                                    ; 7                                                                                          ; Untyped ;
; WIDTH_BYTEENA_A                                            ; 1                                                                                          ; Untyped ;
; WIDTH_BYTEENA_B                                            ; 1                                                                                          ; Untyped ;
; WIDTH_ECCENCPARITY                                         ; 8                                                                                          ; Untyped ;
; WIDTH_ECCSTATUS                                            ; 3                                                                                          ; Untyped ;
; WIDTHAD2_A                                                 ; 1                                                                                          ; Untyped ;
; WIDTHAD2_B                                                 ; 1                                                                                          ; Untyped ;
; WIDTHAD_A                                                  ; 12                                                                                         ; Untyped ;
; WIDTHAD_B                                                  ; 12                                                                                         ; Untyped ;
; WREN_POWER_OPTIMIZATION                                    ; OFF                                                                                        ; Untyped ;
; CBXI_PARAMETER                                             ; altera_syncram_bqs91                                                                       ; Untyped ;
; INDATA_ACLR_A                                              ; NONE                                                                                       ; Untyped ;
; WRCONTROL_ACLR_A                                           ; NONE                                                                                       ; Untyped ;
+------------------------------------------------------------+--------------------------------------------------------------------------------------------+---------+


+-------------------------------------------------------------------------------------------------------------------------------------------------------------------+
; Parameter Settings for Inferred Entity Instance: pifoEngines_1|deque_dequeMapper|banks_0_rtl_1                                                                    ;
+------------------------------------------------------------+--------------------------------------------------------------------------------------------+---------+
; Parameter Name                                             ; Value                                                                                      ; Type    ;
+------------------------------------------------------------+--------------------------------------------------------------------------------------------+---------+
; CBXI_PARAMETER                                             ; altera_syncram_bqs91                                                                       ; Untyped ;
; ACF_BLOCK_RAM_AND_MLAB_EQUIVALENT_PAUSED_READ_CAPABILITIES ; DONT CARE                                                                                  ; Untyped ;
; ACF_BLOCK_RAM_AND_MLAB_EQUIVALENT_POWER_UP_CONDITIONS      ; AUTO                                                                                       ; Untyped ;
; ACF_DISABLE_MLAB_RAM_USE                                   ; FALSE                                                                                      ; Untyped ;
; ACF_IMPLEMENT_MLAB_IN_16_BIT_DEEP_MODE                     ; FALSE                                                                                      ; Untyped ;
; ADDRESS_ACLR_A                                             ; NONE                                                                                       ; Untyped ;
; ADDRESS_ACLR_B                                             ; NONE                                                                                       ; Untyped ;
; ADDRESS_REG_B                                              ; CLOCK0                                                                                     ; Untyped ;
; BYTE_SIZE                                                  ; 8                                                                                          ; Untyped ;
; BYTEENA_REG_B                                              ; CLOCK1                                                                                     ; Untyped ;
; CLKEN_POWER_OPTIMIZATION                                   ; OFF                                                                                        ; Untyped ;
; CLOCK_DUTY_CYCLE_DEPENDENCE                                ; AUTO                                                                                       ; Untyped ;
; CLOCK_ENABLE_CORE_A                                        ; USE_INPUT_CLKEN                                                                            ; Untyped ;
; CLOCK_ENABLE_CORE_B                                        ; USE_INPUT_CLKEN                                                                            ; Untyped ;
; CLOCK_ENABLE_INPUT_A                                       ; NORMAL                                                                                     ; Untyped ;
; CLOCK_ENABLE_INPUT_B                                       ; NORMAL                                                                                     ; Untyped ;
; CLOCK_ENABLE_OUTPUT_A                                      ; NORMAL                                                                                     ; Untyped ;
; CLOCK_ENABLE_OUTPUT_B                                      ; NORMAL                                                                                     ; Untyped ;
; ECC_PIPELINE_STAGE_ENABLED                                 ; FALSE                                                                                      ; Untyped ;
; ENABLE_COHERENT_READ                                       ; FALSE                                                                                      ; Untyped ;
; ENABLE_ECC                                                 ; FALSE                                                                                      ; Untyped ;
; ENABLE_ECC_ENCODER_BYPASS                                  ; FALSE                                                                                      ; Untyped ;
; ENABLE_FORCE_TO_ZERO                                       ; FALSE                                                                                      ; Untyped ;
; ENABLE_RUNTIME_MOD                                         ; NO                                                                                         ; Untyped ;
; IMPLEMENT_IN_LES                                           ; OFF                                                                                        ; Untyped ;
; INDATA_REG_B                                               ; CLOCK1                                                                                     ; Untyped ;
; INIT_FILE                                                  ; qdb/_compiler/pifo/root_partition/25.3.1/partitioned/1/mifs/ram3_PifoMesh_a88d83e7.hdl.mif ; Untyped ;
; INIT_FILE_LAYOUT                                           ; PORT_A                                                                                     ; Untyped ;
; init_file_restructured                                     ; UNUSED                                                                                     ; Untyped ;
; INSTANCE_NAME                                              ; UNUSED                                                                                     ; Untyped ;
; LOW_POWER_MODE                                             ; AUTO                                                                                       ; Untyped ;
; MAXIMUM_DEPTH                                              ; 0                                                                                          ; Untyped ;
; NUMWORDS_A                                                 ; 4096                                                                                       ; Untyped ;
; NUMWORDS_B                                                 ; 4096                                                                                       ; Untyped ;
; OPERATION_MODE                                             ; DUAL_PORT                                                                                  ; Untyped ;
; OPTIMIZATION_OPTION                                        ; AUTO                                                                                       ; Untyped ;
; OUTDATA_ACLR_A                                             ; NONE                                                                                       ; Untyped ;
; OUTDATA_ACLR_B                                             ; NONE                                                                                       ; Untyped ;
; OUTDATA_REG_A                                              ; UNREGISTERED                                                                               ; Untyped ;
; OUTDATA_REG_B                                              ; UNREGISTERED                                                                               ; Untyped ;
; OUTDATA_SCLR_A                                             ; NONE                                                                                       ; Untyped ;
; OUTDATA_SCLR_B                                             ; NONE                                                                                       ; Untyped ;
; POWER_UP_UNINITIALIZED                                     ; FALSE                                                                                      ; Untyped ;
; RAM_BLOCK_TYPE                                             ; AUTO                                                                                       ; Untyped ;
; RDCONTROL_REG_B                                            ; CLOCK0                                                                                     ; Untyped ;
; RDEN_POWER_OPTIMIZATION                                    ; OFF                                                                                        ; Untyped ;
; READ_DURING_WRITE_MODE_MIXED_PORTS                         ; OLD_DATA                                                                                   ; Untyped ;
; READ_DURING_WRITE_MODE_PORT_A                              ; NEW_DATA_NO_NBE_READ                                                                       ; Untyped ;
; READ_DURING_WRITE_MODE_PORT_B                              ; NEW_DATA_NO_NBE_READ                                                                       ; Untyped ;
; WIDTH_A                                                    ; 7                                                                                          ; Untyped ;
; WIDTH_B                                                    ; 7                                                                                          ; Untyped ;
; WIDTH_BYTEENA_A                                            ; 1                                                                                          ; Untyped ;
; WIDTH_BYTEENA_B                                            ; 1                                                                                          ; Untyped ;
; WIDTH_ECCENCPARITY                                         ; 8                                                                                          ; Untyped ;
; WIDTH_ECCSTATUS                                            ; 3                                                                                          ; Untyped ;
; WIDTHAD2_A                                                 ; 1                                                                                          ; Untyped ;
; WIDTHAD2_B                                                 ; 1                                                                                          ; Untyped ;
; WIDTHAD_A                                                  ; 12                                                                                         ; Untyped ;
; WIDTHAD_B                                                  ; 12                                                                                         ; Untyped ;
; WREN_POWER_OPTIMIZATION                                    ; OFF                                                                                        ; Untyped ;
; CBXI_PARAMETER                                             ; altera_syncram_bqs91                                                                       ; Untyped ;
; INDATA_ACLR_A                                              ; NONE                                                                                       ; Untyped ;
; WRCONTROL_ACLR_A                                           ; NONE                                                                                       ; Untyped ;
+------------------------------------------------------------+--------------------------------------------------------------------------------------------+---------+


+-------------------------------------------------------------------------------------------------------------------------------------------------------------------+
; Parameter Settings for Inferred Entity Instance: pifoEngines_1|deque_dequeMapper|banks_1_rtl_0                                                                    ;
+------------------------------------------------------------+--------------------------------------------------------------------------------------------+---------+
; Parameter Name                                             ; Value                                                                                      ; Type    ;
+------------------------------------------------------------+--------------------------------------------------------------------------------------------+---------+
; CBXI_PARAMETER                                             ; altera_syncram_bqs91                                                                       ; Untyped ;
; ACF_BLOCK_RAM_AND_MLAB_EQUIVALENT_PAUSED_READ_CAPABILITIES ; DONT CARE                                                                                  ; Untyped ;
; ACF_BLOCK_RAM_AND_MLAB_EQUIVALENT_POWER_UP_CONDITIONS      ; AUTO                                                                                       ; Untyped ;
; ACF_DISABLE_MLAB_RAM_USE                                   ; FALSE                                                                                      ; Untyped ;
; ACF_IMPLEMENT_MLAB_IN_16_BIT_DEEP_MODE                     ; FALSE                                                                                      ; Untyped ;
; ADDRESS_ACLR_A                                             ; NONE                                                                                       ; Untyped ;
; ADDRESS_ACLR_B                                             ; NONE                                                                                       ; Untyped ;
; ADDRESS_REG_B                                              ; CLOCK0                                                                                     ; Untyped ;
; BYTE_SIZE                                                  ; 8                                                                                          ; Untyped ;
; BYTEENA_REG_B                                              ; CLOCK1                                                                                     ; Untyped ;
; CLKEN_POWER_OPTIMIZATION                                   ; OFF                                                                                        ; Untyped ;
; CLOCK_DUTY_CYCLE_DEPENDENCE                                ; AUTO                                                                                       ; Untyped ;
; CLOCK_ENABLE_CORE_A                                        ; USE_INPUT_CLKEN                                                                            ; Untyped ;
; CLOCK_ENABLE_CORE_B                                        ; USE_INPUT_CLKEN                                                                            ; Untyped ;
; CLOCK_ENABLE_INPUT_A                                       ; NORMAL                                                                                     ; Untyped ;
; CLOCK_ENABLE_INPUT_B                                       ; NORMAL                                                                                     ; Untyped ;
; CLOCK_ENABLE_OUTPUT_A                                      ; NORMAL                                                                                     ; Untyped ;
; CLOCK_ENABLE_OUTPUT_B                                      ; NORMAL                                                                                     ; Untyped ;
; ECC_PIPELINE_STAGE_ENABLED                                 ; FALSE                                                                                      ; Untyped ;
; ENABLE_COHERENT_READ                                       ; FALSE                                                                                      ; Untyped ;
; ENABLE_ECC                                                 ; FALSE                                                                                      ; Untyped ;
; ENABLE_ECC_ENCODER_BYPASS                                  ; FALSE                                                                                      ; Untyped ;
; ENABLE_FORCE_TO_ZERO                                       ; FALSE                                                                                      ; Untyped ;
; ENABLE_RUNTIME_MOD                                         ; NO                                                                                         ; Untyped ;
; IMPLEMENT_IN_LES                                           ; OFF                                                                                        ; Untyped ;
; INDATA_REG_B                                               ; CLOCK1                                                                                     ; Untyped ;
; INIT_FILE                                                  ; qdb/_compiler/pifo/root_partition/25.3.1/partitioned/1/mifs/ram3_PifoMesh_a88d83e7.hdl.mif ; Untyped ;
; INIT_FILE_LAYOUT                                           ; PORT_A                                                                                     ; Untyped ;
; init_file_restructured                                     ; UNUSED                                                                                     ; Untyped ;
; INSTANCE_NAME                                              ; UNUSED                                                                                     ; Untyped ;
; LOW_POWER_MODE                                             ; AUTO                                                                                       ; Untyped ;
; MAXIMUM_DEPTH                                              ; 0                                                                                          ; Untyped ;
; NUMWORDS_A                                                 ; 4096                                                                                       ; Untyped ;
; NUMWORDS_B                                                 ; 4096                                                                                       ; Untyped ;
; OPERATION_MODE                                             ; DUAL_PORT                                                                                  ; Untyped ;
; OPTIMIZATION_OPTION                                        ; AUTO                                                                                       ; Untyped ;
; OUTDATA_ACLR_A                                             ; NONE                                                                                       ; Untyped ;
; OUTDATA_ACLR_B                                             ; NONE                                                                                       ; Untyped ;
; OUTDATA_REG_A                                              ; UNREGISTERED                                                                               ; Untyped ;
; OUTDATA_REG_B                                              ; UNREGISTERED                                                                               ; Untyped ;
; OUTDATA_SCLR_A                                             ; NONE                                                                                       ; Untyped ;
; OUTDATA_SCLR_B                                             ; NONE                                                                                       ; Untyped ;
; POWER_UP_UNINITIALIZED                                     ; FALSE                                                                                      ; Untyped ;
; RAM_BLOCK_TYPE                                             ; AUTO                                                                                       ; Untyped ;
; RDCONTROL_REG_B                                            ; CLOCK0                                                                                     ; Untyped ;
; RDEN_POWER_OPTIMIZATION                                    ; OFF                                                                                        ; Untyped ;
; READ_DURING_WRITE_MODE_MIXED_PORTS                         ; OLD_DATA                                                                                   ; Untyped ;
; READ_DURING_WRITE_MODE_PORT_A                              ; NEW_DATA_NO_NBE_READ                                                                       ; Untyped ;
; READ_DURING_WRITE_MODE_PORT_B                              ; NEW_DATA_NO_NBE_READ                                                                       ; Untyped ;
; WIDTH_A                                                    ; 7                                                                                          ; Untyped ;
; WIDTH_B                                                    ; 7                                                                                          ; Untyped ;
; WIDTH_BYTEENA_A                                            ; 1                                                                                          ; Untyped ;
; WIDTH_BYTEENA_B                                            ; 1                                                                                          ; Untyped ;
; WIDTH_ECCENCPARITY                                         ; 8                                                                                          ; Untyped ;
; WIDTH_ECCSTATUS                                            ; 3                                                                                          ; Untyped ;
; WIDTHAD2_A                                                 ; 1                                                                                          ; Untyped ;
; WIDTHAD2_B                                                 ; 1                                                                                          ; Untyped ;
; WIDTHAD_A                                                  ; 12                                                                                         ; Untyped ;
; WIDTHAD_B                                                  ; 12                                                                                         ; Untyped ;
; WREN_POWER_OPTIMIZATION                                    ; OFF                                                                                        ; Untyped ;
; CBXI_PARAMETER                                             ; altera_syncram_bqs91                                                                       ; Untyped ;
; INDATA_ACLR_A                                              ; NONE                                                                                       ; Untyped ;
; WRCONTROL_ACLR_A                                           ; NONE                                                                                       ; Untyped ;
+------------------------------------------------------------+--------------------------------------------------------------------------------------------+---------+


+-------------------------------------------------------------------------------------------------------------------------------------------------------------------+
; Parameter Settings for Inferred Entity Instance: pifoEngines_1|deque_dequeMapper|banks_1_rtl_1                                                                    ;
+------------------------------------------------------------+--------------------------------------------------------------------------------------------+---------+
; Parameter Name                                             ; Value                                                                                      ; Type    ;
+------------------------------------------------------------+--------------------------------------------------------------------------------------------+---------+
; CBXI_PARAMETER                                             ; altera_syncram_bqs91                                                                       ; Untyped ;
; ACF_BLOCK_RAM_AND_MLAB_EQUIVALENT_PAUSED_READ_CAPABILITIES ; DONT CARE                                                                                  ; Untyped ;
; ACF_BLOCK_RAM_AND_MLAB_EQUIVALENT_POWER_UP_CONDITIONS      ; AUTO                                                                                       ; Untyped ;
; ACF_DISABLE_MLAB_RAM_USE                                   ; FALSE                                                                                      ; Untyped ;
; ACF_IMPLEMENT_MLAB_IN_16_BIT_DEEP_MODE                     ; FALSE                                                                                      ; Untyped ;
; ADDRESS_ACLR_A                                             ; NONE                                                                                       ; Untyped ;
; ADDRESS_ACLR_B                                             ; NONE                                                                                       ; Untyped ;
; ADDRESS_REG_B                                              ; CLOCK0                                                                                     ; Untyped ;
; BYTE_SIZE                                                  ; 8                                                                                          ; Untyped ;
; BYTEENA_REG_B                                              ; CLOCK1                                                                                     ; Untyped ;
; CLKEN_POWER_OPTIMIZATION                                   ; OFF                                                                                        ; Untyped ;
; CLOCK_DUTY_CYCLE_DEPENDENCE                                ; AUTO                                                                                       ; Untyped ;
; CLOCK_ENABLE_CORE_A                                        ; USE_INPUT_CLKEN                                                                            ; Untyped ;
; CLOCK_ENABLE_CORE_B                                        ; USE_INPUT_CLKEN                                                                            ; Untyped ;
; CLOCK_ENABLE_INPUT_A                                       ; NORMAL                                                                                     ; Untyped ;
; CLOCK_ENABLE_INPUT_B                                       ; NORMAL                                                                                     ; Untyped ;
; CLOCK_ENABLE_OUTPUT_A                                      ; NORMAL                                                                                     ; Untyped ;
; CLOCK_ENABLE_OUTPUT_B                                      ; NORMAL                                                                                     ; Untyped ;
; ECC_PIPELINE_STAGE_ENABLED                                 ; FALSE                                                                                      ; Untyped ;
; ENABLE_COHERENT_READ                                       ; FALSE                                                                                      ; Untyped ;
; ENABLE_ECC                                                 ; FALSE                                                                                      ; Untyped ;
; ENABLE_ECC_ENCODER_BYPASS                                  ; FALSE                                                                                      ; Untyped ;
; ENABLE_FORCE_TO_ZERO                                       ; FALSE                                                                                      ; Untyped ;
; ENABLE_RUNTIME_MOD                                         ; NO                                                                                         ; Untyped ;
; IMPLEMENT_IN_LES                                           ; OFF                                                                                        ; Untyped ;
; INDATA_REG_B                                               ; CLOCK1                                                                                     ; Untyped ;
; INIT_FILE                                                  ; qdb/_compiler/pifo/root_partition/25.3.1/partitioned/1/mifs/ram3_PifoMesh_a88d83e7.hdl.mif ; Untyped ;
; INIT_FILE_LAYOUT                                           ; PORT_A                                                                                     ; Untyped ;
; init_file_restructured                                     ; UNUSED                                                                                     ; Untyped ;
; INSTANCE_NAME                                              ; UNUSED                                                                                     ; Untyped ;
; LOW_POWER_MODE                                             ; AUTO                                                                                       ; Untyped ;
; MAXIMUM_DEPTH                                              ; 0                                                                                          ; Untyped ;
; NUMWORDS_A                                                 ; 4096                                                                                       ; Untyped ;
; NUMWORDS_B                                                 ; 4096                                                                                       ; Untyped ;
; OPERATION_MODE                                             ; DUAL_PORT                                                                                  ; Untyped ;
; OPTIMIZATION_OPTION                                        ; AUTO                                                                                       ; Untyped ;
; OUTDATA_ACLR_A                                             ; NONE                                                                                       ; Untyped ;
; OUTDATA_ACLR_B                                             ; NONE                                                                                       ; Untyped ;
; OUTDATA_REG_A                                              ; UNREGISTERED                                                                               ; Untyped ;
; OUTDATA_REG_B                                              ; UNREGISTERED                                                                               ; Untyped ;
; OUTDATA_SCLR_A                                             ; NONE                                                                                       ; Untyped ;
; OUTDATA_SCLR_B                                             ; NONE                                                                                       ; Untyped ;
; POWER_UP_UNINITIALIZED                                     ; FALSE                                                                                      ; Untyped ;
; RAM_BLOCK_TYPE                                             ; AUTO                                                                                       ; Untyped ;
; RDCONTROL_REG_B                                            ; CLOCK0                                                                                     ; Untyped ;
; RDEN_POWER_OPTIMIZATION                                    ; OFF                                                                                        ; Untyped ;
; READ_DURING_WRITE_MODE_MIXED_PORTS                         ; OLD_DATA                                                                                   ; Untyped ;
; READ_DURING_WRITE_MODE_PORT_A                              ; NEW_DATA_NO_NBE_READ                                                                       ; Untyped ;
; READ_DURING_WRITE_MODE_PORT_B                              ; NEW_DATA_NO_NBE_READ                                                                       ; Untyped ;
; WIDTH_A                                                    ; 7                                                                                          ; Untyped ;
; WIDTH_B                                                    ; 7                                                                                          ; Untyped ;
; WIDTH_BYTEENA_A                                            ; 1                                                                                          ; Untyped ;
; WIDTH_BYTEENA_B                                            ; 1                                                                                          ; Untyped ;
; WIDTH_ECCENCPARITY                                         ; 8                                                                                          ; Untyped ;
; WIDTH_ECCSTATUS                                            ; 3                                                                                          ; Untyped ;
; WIDTHAD2_A                                                 ; 1                                                                                          ; Untyped ;
; WIDTHAD2_B                                                 ; 1                                                                                          ; Untyped ;
; WIDTHAD_A                                                  ; 12                                                                                         ; Untyped ;
; WIDTHAD_B                                                  ; 12                                                                                         ; Untyped ;
; WREN_POWER_OPTIMIZATION                                    ; OFF                                                                                        ; Untyped ;
; CBXI_PARAMETER                                             ; altera_syncram_bqs91                                                                       ; Untyped ;
; INDATA_ACLR_A                                              ; NONE                                                                                       ; Untyped ;
; WRCONTROL_ACLR_A                                           ; NONE                                                                                       ; Untyped ;
+------------------------------------------------------------+--------------------------------------------------------------------------------------------+---------+


+-------------------------------------------------------------------------------------------------------------------------------------------------------------------+
; Parameter Settings for Inferred Entity Instance: pifoEngines_0|enque_brain|engineMapper|ram_rtl_0                                                                 ;
+------------------------------------------------------------+--------------------------------------------------------------------------------------------+---------+
; Parameter Name                                             ; Value                                                                                      ; Type    ;
+------------------------------------------------------------+--------------------------------------------------------------------------------------------+---------+
; ACF_BLOCK_RAM_AND_MLAB_EQUIVALENT_PAUSED_READ_CAPABILITIES ; DONT CARE                                                                                  ; Untyped ;
; ACF_BLOCK_RAM_AND_MLAB_EQUIVALENT_POWER_UP_CONDITIONS      ; AUTO                                                                                       ; Untyped ;
; ACF_DISABLE_MLAB_RAM_USE                                   ; FALSE                                                                                      ; Untyped ;
; ACF_IMPLEMENT_MLAB_IN_16_BIT_DEEP_MODE                     ; FALSE                                                                                      ; Untyped ;
; ADDRESS_ACLR_A                                             ; NONE                                                                                       ; Untyped ;
; ADDRESS_ACLR_B                                             ; NONE                                                                                       ; Untyped ;
; ADDRESS_REG_B                                              ; CLOCK0                                                                                     ; Untyped ;
; BYTE_SIZE                                                  ; 8                                                                                          ; Untyped ;
; BYTEENA_REG_B                                              ; CLOCK1                                                                                     ; Untyped ;
; CLKEN_POWER_OPTIMIZATION                                   ; OFF                                                                                        ; Untyped ;
; CLOCK_DUTY_CYCLE_DEPENDENCE                                ; AUTO                                                                                       ; Untyped ;
; CLOCK_ENABLE_CORE_A                                        ; USE_INPUT_CLKEN                                                                            ; Untyped ;
; CLOCK_ENABLE_CORE_B                                        ; USE_INPUT_CLKEN                                                                            ; Untyped ;
; CLOCK_ENABLE_INPUT_A                                       ; NORMAL                                                                                     ; Untyped ;
; CLOCK_ENABLE_INPUT_B                                       ; NORMAL                                                                                     ; Untyped ;
; CLOCK_ENABLE_OUTPUT_A                                      ; NORMAL                                                                                     ; Untyped ;
; CLOCK_ENABLE_OUTPUT_B                                      ; NORMAL                                                                                     ; Untyped ;
; ECC_PIPELINE_STAGE_ENABLED                                 ; FALSE                                                                                      ; Untyped ;
; ENABLE_COHERENT_READ                                       ; FALSE                                                                                      ; Untyped ;
; ENABLE_ECC                                                 ; FALSE                                                                                      ; Untyped ;
; ENABLE_ECC_ENCODER_BYPASS                                  ; FALSE                                                                                      ; Untyped ;
; ENABLE_FORCE_TO_ZERO                                       ; FALSE                                                                                      ; Untyped ;
; ENABLE_RUNTIME_MOD                                         ; NO                                                                                         ; Untyped ;
; IMPLEMENT_IN_LES                                           ; OFF                                                                                        ; Untyped ;
; INDATA_REG_B                                               ; CLOCK1                                                                                     ; Untyped ;
; INIT_FILE                                                  ; qdb/_compiler/pifo/root_partition/25.3.1/partitioned/1/mifs/ram4_PifoMesh_a88d83e7.hdl.mif ; Untyped ;
; INIT_FILE_LAYOUT                                           ; PORT_A                                                                                     ; Untyped ;
; init_file_restructured                                     ; UNUSED                                                                                     ; Untyped ;
; INSTANCE_NAME                                              ; UNUSED                                                                                     ; Untyped ;
; LOW_POWER_MODE                                             ; AUTO                                                                                       ; Untyped ;
; MAXIMUM_DEPTH                                              ; 0                                                                                          ; Untyped ;
; NUMWORDS_A                                                 ; 32                                                                                         ; Untyped ;
; NUMWORDS_B                                                 ; 32                                                                                         ; Untyped ;
; OPERATION_MODE                                             ; DUAL_PORT                                                                                  ; Untyped ;
; OPTIMIZATION_OPTION                                        ; AUTO                                                                                       ; Untyped ;
; OUTDATA_ACLR_A                                             ; NONE                                                                                       ; Untyped ;
; OUTDATA_ACLR_B                                             ; NONE                                                                                       ; Untyped ;
; OUTDATA_REG_A                                              ; UNREGISTERED                                                                               ; Untyped ;
; OUTDATA_REG_B                                              ; UNREGISTERED                                                                               ; Untyped ;
; OUTDATA_SCLR_A                                             ; NONE                                                                                       ; Untyped ;
; OUTDATA_SCLR_B                                             ; NONE                                                                                       ; Untyped ;
; POWER_UP_UNINITIALIZED                                     ; FALSE                                                                                      ; Untyped ;
; RAM_BLOCK_TYPE                                             ; AUTO                                                                                       ; Untyped ;
; RDCONTROL_REG_B                                            ; CLOCK1                                                                                     ; Untyped ;
; RDEN_POWER_OPTIMIZATION                                    ; OFF                                                                                        ; Untyped ;
; READ_DURING_WRITE_MODE_MIXED_PORTS                         ; OLD_DATA                                                                                   ; Untyped ;
; READ_DURING_WRITE_MODE_PORT_A                              ; NEW_DATA_NO_NBE_READ                                                                       ; Untyped ;
; READ_DURING_WRITE_MODE_PORT_B                              ; NEW_DATA_NO_NBE_READ                                                                       ; Untyped ;
; WIDTH_A                                                    ; 2                                                                                          ; Untyped ;
; WIDTH_B                                                    ; 2                                                                                          ; Untyped ;
; WIDTH_BYTEENA_A                                            ; 1                                                                                          ; Untyped ;
; WIDTH_BYTEENA_B                                            ; 1                                                                                          ; Untyped ;
; WIDTH_ECCENCPARITY                                         ; 8                                                                                          ; Untyped ;
; WIDTH_ECCSTATUS                                            ; 3                                                                                          ; Untyped ;
; WIDTHAD2_A                                                 ; 1                                                                                          ; Untyped ;
; WIDTHAD2_B                                                 ; 1                                                                                          ; Untyped ;
; WIDTHAD_A                                                  ; 5                                                                                          ; Untyped ;
; WIDTHAD_B                                                  ; 5                                                                                          ; Untyped ;
; WREN_POWER_OPTIMIZATION                                    ; OFF                                                                                        ; Untyped ;
; CBXI_PARAMETER                                             ; altera_syncram_c4q62                                                                       ; Untyped ;
; INDATA_ACLR_A                                              ; NONE                                                                                       ; Untyped ;
; WRCONTROL_ACLR_A                                           ; NONE                                                                                       ; Untyped ;
+------------------------------------------------------------+--------------------------------------------------------------------------------------------+---------+


+-------------------------------------------------------------------------------------------------------------------------------------------------------------------+
; Parameter Settings for Inferred Entity Instance: pifoEngines_0|enque_brain|lastVirtualMapper|ram_rtl_0                                                            ;
+------------------------------------------------------------+--------------------------------------------------------------------------------------------+---------+
; Parameter Name                                             ; Value                                                                                      ; Type    ;
+------------------------------------------------------------+--------------------------------------------------------------------------------------------+---------+
; ACF_BLOCK_RAM_AND_MLAB_EQUIVALENT_PAUSED_READ_CAPABILITIES ; DONT CARE                                                                                  ; Untyped ;
; ACF_BLOCK_RAM_AND_MLAB_EQUIVALENT_POWER_UP_CONDITIONS      ; AUTO                                                                                       ; Untyped ;
; ACF_DISABLE_MLAB_RAM_USE                                   ; FALSE                                                                                      ; Untyped ;
; ACF_IMPLEMENT_MLAB_IN_16_BIT_DEEP_MODE                     ; FALSE                                                                                      ; Untyped ;
; ADDRESS_ACLR_A                                             ; NONE                                                                                       ; Untyped ;
; ADDRESS_ACLR_B                                             ; NONE                                                                                       ; Untyped ;
; ADDRESS_REG_B                                              ; CLOCK0                                                                                     ; Untyped ;
; BYTE_SIZE                                                  ; 8                                                                                          ; Untyped ;
; BYTEENA_REG_B                                              ; CLOCK1                                                                                     ; Untyped ;
; CLKEN_POWER_OPTIMIZATION                                   ; OFF                                                                                        ; Untyped ;
; CLOCK_DUTY_CYCLE_DEPENDENCE                                ; AUTO                                                                                       ; Untyped ;
; CLOCK_ENABLE_CORE_A                                        ; USE_INPUT_CLKEN                                                                            ; Untyped ;
; CLOCK_ENABLE_CORE_B                                        ; USE_INPUT_CLKEN                                                                            ; Untyped ;
; CLOCK_ENABLE_INPUT_A                                       ; NORMAL                                                                                     ; Untyped ;
; CLOCK_ENABLE_INPUT_B                                       ; NORMAL                                                                                     ; Untyped ;
; CLOCK_ENABLE_OUTPUT_A                                      ; NORMAL                                                                                     ; Untyped ;
; CLOCK_ENABLE_OUTPUT_B                                      ; NORMAL                                                                                     ; Untyped ;
; ECC_PIPELINE_STAGE_ENABLED                                 ; FALSE                                                                                      ; Untyped ;
; ENABLE_COHERENT_READ                                       ; FALSE                                                                                      ; Untyped ;
; ENABLE_ECC                                                 ; FALSE                                                                                      ; Untyped ;
; ENABLE_ECC_ENCODER_BYPASS                                  ; FALSE                                                                                      ; Untyped ;
; ENABLE_FORCE_TO_ZERO                                       ; FALSE                                                                                      ; Untyped ;
; ENABLE_RUNTIME_MOD                                         ; NO                                                                                         ; Untyped ;
; IMPLEMENT_IN_LES                                           ; OFF                                                                                        ; Untyped ;
; INDATA_REG_B                                               ; CLOCK1                                                                                     ; Untyped ;
; INIT_FILE                                                  ; qdb/_compiler/pifo/root_partition/25.3.1/partitioned/1/mifs/ram5_PifoMesh_a88d83e7.hdl.mif ; Untyped ;
; INIT_FILE_LAYOUT                                           ; PORT_A                                                                                     ; Untyped ;
; init_file_restructured                                     ; UNUSED                                                                                     ; Untyped ;
; INSTANCE_NAME                                              ; UNUSED                                                                                     ; Untyped ;
; LOW_POWER_MODE                                             ; AUTO                                                                                       ; Untyped ;
; MAXIMUM_DEPTH                                              ; 0                                                                                          ; Untyped ;
; NUMWORDS_A                                                 ; 32                                                                                         ; Untyped ;
; NUMWORDS_B                                                 ; 32                                                                                         ; Untyped ;
; OPERATION_MODE                                             ; DUAL_PORT                                                                                  ; Untyped ;
; OPTIMIZATION_OPTION                                        ; AUTO                                                                                       ; Untyped ;
; OUTDATA_ACLR_A                                             ; NONE                                                                                       ; Untyped ;
; OUTDATA_ACLR_B                                             ; NONE                                                                                       ; Untyped ;
; OUTDATA_REG_A                                              ; UNREGISTERED                                                                               ; Untyped ;
; OUTDATA_REG_B                                              ; UNREGISTERED                                                                               ; Untyped ;
; OUTDATA_SCLR_A                                             ; NONE                                                                                       ; Untyped ;
; OUTDATA_SCLR_B                                             ; NONE                                                                                       ; Untyped ;
; POWER_UP_UNINITIALIZED                                     ; FALSE                                                                                      ; Untyped ;
; RAM_BLOCK_TYPE                                             ; AUTO                                                                                       ; Untyped ;
; RDCONTROL_REG_B                                            ; CLOCK1                                                                                     ; Untyped ;
; RDEN_POWER_OPTIMIZATION                                    ; OFF                                                                                        ; Untyped ;
; READ_DURING_WRITE_MODE_MIXED_PORTS                         ; OLD_DATA                                                                                   ; Untyped ;
; READ_DURING_WRITE_MODE_PORT_A                              ; NEW_DATA_NO_NBE_READ                                                                       ; Untyped ;
; READ_DURING_WRITE_MODE_PORT_B                              ; NEW_DATA_NO_NBE_READ                                                                       ; Untyped ;
; WIDTH_A                                                    ; 8                                                                                          ; Untyped ;
; WIDTH_B                                                    ; 8                                                                                          ; Untyped ;
; WIDTH_BYTEENA_A                                            ; 1                                                                                          ; Untyped ;
; WIDTH_BYTEENA_B                                            ; 1                                                                                          ; Untyped ;
; WIDTH_ECCENCPARITY                                         ; 8                                                                                          ; Untyped ;
; WIDTH_ECCSTATUS                                            ; 3                                                                                          ; Untyped ;
; WIDTHAD2_A                                                 ; 1                                                                                          ; Untyped ;
; WIDTHAD2_B                                                 ; 1                                                                                          ; Untyped ;
; WIDTHAD_A                                                  ; 5                                                                                          ; Untyped ;
; WIDTHAD_B                                                  ; 5                                                                                          ; Untyped ;
; WREN_POWER_OPTIMIZATION                                    ; OFF                                                                                        ; Untyped ;
; CBXI_PARAMETER                                             ; altera_syncram_suaf1                                                                       ; Untyped ;
; INDATA_ACLR_A                                              ; NONE                                                                                       ; Untyped ;
; WRCONTROL_ACLR_A                                           ; NONE                                                                                       ; Untyped ;
+------------------------------------------------------------+--------------------------------------------------------------------------------------------+---------+


+-------------------------------------------------------------------------------------------------------------------------------------------------------------------+
; Parameter Settings for Inferred Entity Instance: pifoEngines_0|enque_brain|engineCAM|ram_rtl_0                                                                    ;
+------------------------------------------------------------+--------------------------------------------------------------------------------------------+---------+
; Parameter Name                                             ; Value                                                                                      ; Type    ;
+------------------------------------------------------------+--------------------------------------------------------------------------------------------+---------+
; ACF_BLOCK_RAM_AND_MLAB_EQUIVALENT_PAUSED_READ_CAPABILITIES ; DONT CARE                                                                                  ; Untyped ;
; ACF_BLOCK_RAM_AND_MLAB_EQUIVALENT_POWER_UP_CONDITIONS      ; AUTO                                                                                       ; Untyped ;
; ACF_DISABLE_MLAB_RAM_USE                                   ; FALSE                                                                                      ; Untyped ;
; ACF_IMPLEMENT_MLAB_IN_16_BIT_DEEP_MODE                     ; FALSE                                                                                      ; Untyped ;
; ADDRESS_ACLR_A                                             ; NONE                                                                                       ; Untyped ;
; ADDRESS_ACLR_B                                             ; NONE                                                                                       ; Untyped ;
; ADDRESS_REG_B                                              ; CLOCK0                                                                                     ; Untyped ;
; BYTE_SIZE                                                  ; 8                                                                                          ; Untyped ;
; BYTEENA_REG_B                                              ; CLOCK1                                                                                     ; Untyped ;
; CLKEN_POWER_OPTIMIZATION                                   ; OFF                                                                                        ; Untyped ;
; CLOCK_DUTY_CYCLE_DEPENDENCE                                ; AUTO                                                                                       ; Untyped ;
; CLOCK_ENABLE_CORE_A                                        ; USE_INPUT_CLKEN                                                                            ; Untyped ;
; CLOCK_ENABLE_CORE_B                                        ; USE_INPUT_CLKEN                                                                            ; Untyped ;
; CLOCK_ENABLE_INPUT_A                                       ; NORMAL                                                                                     ; Untyped ;
; CLOCK_ENABLE_INPUT_B                                       ; NORMAL                                                                                     ; Untyped ;
; CLOCK_ENABLE_OUTPUT_A                                      ; NORMAL                                                                                     ; Untyped ;
; CLOCK_ENABLE_OUTPUT_B                                      ; NORMAL                                                                                     ; Untyped ;
; ECC_PIPELINE_STAGE_ENABLED                                 ; FALSE                                                                                      ; Untyped ;
; ENABLE_COHERENT_READ                                       ; FALSE                                                                                      ; Untyped ;
; ENABLE_ECC                                                 ; FALSE                                                                                      ; Untyped ;
; ENABLE_ECC_ENCODER_BYPASS                                  ; FALSE                                                                                      ; Untyped ;
; ENABLE_FORCE_TO_ZERO                                       ; FALSE                                                                                      ; Untyped ;
; ENABLE_RUNTIME_MOD                                         ; NO                                                                                         ; Untyped ;
; IMPLEMENT_IN_LES                                           ; OFF                                                                                        ; Untyped ;
; INDATA_REG_B                                               ; CLOCK1                                                                                     ; Untyped ;
; INIT_FILE                                                  ; qdb/_compiler/pifo/root_partition/25.3.1/partitioned/1/mifs/ram6_PifoMesh_a88d83e7.hdl.mif ; Untyped ;
; INIT_FILE_LAYOUT                                           ; PORT_A                                                                                     ; Untyped ;
; init_file_restructured                                     ; UNUSED                                                                                     ; Untyped ;
; INSTANCE_NAME                                              ; UNUSED                                                                                     ; Untyped ;
; LOW_POWER_MODE                                             ; AUTO                                                                                       ; Untyped ;
; MAXIMUM_DEPTH                                              ; 0                                                                                          ; Untyped ;
; NUMWORDS_A                                                 ; 4096                                                                                       ; Untyped ;
; NUMWORDS_B                                                 ; 4096                                                                                       ; Untyped ;
; OPERATION_MODE                                             ; DUAL_PORT                                                                                  ; Untyped ;
; OPTIMIZATION_OPTION                                        ; AUTO                                                                                       ; Untyped ;
; OUTDATA_ACLR_A                                             ; NONE                                                                                       ; Untyped ;
; OUTDATA_ACLR_B                                             ; NONE                                                                                       ; Untyped ;
; OUTDATA_REG_A                                              ; UNREGISTERED                                                                               ; Untyped ;
; OUTDATA_REG_B                                              ; UNREGISTERED                                                                               ; Untyped ;
; OUTDATA_SCLR_A                                             ; NONE                                                                                       ; Untyped ;
; OUTDATA_SCLR_B                                             ; NONE                                                                                       ; Untyped ;
; POWER_UP_UNINITIALIZED                                     ; FALSE                                                                                      ; Untyped ;
; RAM_BLOCK_TYPE                                             ; AUTO                                                                                       ; Untyped ;
; RDCONTROL_REG_B                                            ; CLOCK1                                                                                     ; Untyped ;
; RDEN_POWER_OPTIMIZATION                                    ; OFF                                                                                        ; Untyped ;
; READ_DURING_WRITE_MODE_MIXED_PORTS                         ; OLD_DATA                                                                                   ; Untyped ;
; READ_DURING_WRITE_MODE_PORT_A                              ; NEW_DATA_NO_NBE_READ                                                                       ; Untyped ;
; READ_DURING_WRITE_MODE_PORT_B                              ; NEW_DATA_NO_NBE_READ                                                                       ; Untyped ;
; WIDTH_A                                                    ; 32                                                                                         ; Untyped ;
; WIDTH_B                                                    ; 32                                                                                         ; Untyped ;
; WIDTH_BYTEENA_A                                            ; 1                                                                                          ; Untyped ;
; WIDTH_BYTEENA_B                                            ; 1                                                                                          ; Untyped ;
; WIDTH_ECCENCPARITY                                         ; 8                                                                                          ; Untyped ;
; WIDTH_ECCSTATUS                                            ; 3                                                                                          ; Untyped ;
; WIDTHAD2_A                                                 ; 1                                                                                          ; Untyped ;
; WIDTHAD2_B                                                 ; 1                                                                                          ; Untyped ;
; WIDTHAD_A                                                  ; 12                                                                                         ; Untyped ;
; WIDTHAD_B                                                  ; 12                                                                                         ; Untyped ;
; WREN_POWER_OPTIMIZATION                                    ; OFF                                                                                        ; Untyped ;
; CBXI_PARAMETER                                             ; altera_syncram_10i01                                                                       ; Untyped ;
; INDATA_ACLR_A                                              ; NONE                                                                                       ; Untyped ;
; WRCONTROL_ACLR_A                                           ; NONE                                                                                       ; Untyped ;
+------------------------------------------------------------+--------------------------------------------------------------------------------------------+---------+


+-------------------------------------------------------------------------------------------------------------------------------------------------------------------+
; Parameter Settings for Inferred Entity Instance: pifoEngines_0|enque_brain|brainStateMem|ram_rtl_0                                                                ;
+------------------------------------------------------------+--------------------------------------------------------------------------------------------+---------+
; Parameter Name                                             ; Value                                                                                      ; Type    ;
+------------------------------------------------------------+--------------------------------------------------------------------------------------------+---------+
; ACF_BLOCK_RAM_AND_MLAB_EQUIVALENT_PAUSED_READ_CAPABILITIES ; DONT CARE                                                                                  ; Untyped ;
; ACF_BLOCK_RAM_AND_MLAB_EQUIVALENT_POWER_UP_CONDITIONS      ; AUTO                                                                                       ; Untyped ;
; ACF_DISABLE_MLAB_RAM_USE                                   ; FALSE                                                                                      ; Untyped ;
; ACF_IMPLEMENT_MLAB_IN_16_BIT_DEEP_MODE                     ; FALSE                                                                                      ; Untyped ;
; ADDRESS_ACLR_A                                             ; NONE                                                                                       ; Untyped ;
; ADDRESS_ACLR_B                                             ; NONE                                                                                       ; Untyped ;
; ADDRESS_REG_B                                              ; CLOCK0                                                                                     ; Untyped ;
; BYTE_SIZE                                                  ; 8                                                                                          ; Untyped ;
; BYTEENA_REG_B                                              ; CLOCK1                                                                                     ; Untyped ;
; CLKEN_POWER_OPTIMIZATION                                   ; OFF                                                                                        ; Untyped ;
; CLOCK_DUTY_CYCLE_DEPENDENCE                                ; AUTO                                                                                       ; Untyped ;
; CLOCK_ENABLE_CORE_A                                        ; USE_INPUT_CLKEN                                                                            ; Untyped ;
; CLOCK_ENABLE_CORE_B                                        ; USE_INPUT_CLKEN                                                                            ; Untyped ;
; CLOCK_ENABLE_INPUT_A                                       ; NORMAL                                                                                     ; Untyped ;
; CLOCK_ENABLE_INPUT_B                                       ; NORMAL                                                                                     ; Untyped ;
; CLOCK_ENABLE_OUTPUT_A                                      ; NORMAL                                                                                     ; Untyped ;
; CLOCK_ENABLE_OUTPUT_B                                      ; NORMAL                                                                                     ; Untyped ;
; ECC_PIPELINE_STAGE_ENABLED                                 ; FALSE                                                                                      ; Untyped ;
; ENABLE_COHERENT_READ                                       ; FALSE                                                                                      ; Untyped ;
; ENABLE_ECC                                                 ; FALSE                                                                                      ; Untyped ;
; ENABLE_ECC_ENCODER_BYPASS                                  ; FALSE                                                                                      ; Untyped ;
; ENABLE_FORCE_TO_ZERO                                       ; FALSE                                                                                      ; Untyped ;
; ENABLE_RUNTIME_MOD                                         ; NO                                                                                         ; Untyped ;
; IMPLEMENT_IN_LES                                           ; OFF                                                                                        ; Untyped ;
; INDATA_REG_B                                               ; CLOCK1                                                                                     ; Untyped ;
; INIT_FILE                                                  ; qdb/_compiler/pifo/root_partition/25.3.1/partitioned/1/mifs/ram7_PifoMesh_a88d83e7.hdl.mif ; Untyped ;
; INIT_FILE_LAYOUT                                           ; PORT_A                                                                                     ; Untyped ;
; init_file_restructured                                     ; UNUSED                                                                                     ; Untyped ;
; INSTANCE_NAME                                              ; UNUSED                                                                                     ; Untyped ;
; LOW_POWER_MODE                                             ; AUTO                                                                                       ; Untyped ;
; MAXIMUM_DEPTH                                              ; 0                                                                                          ; Untyped ;
; NUMWORDS_A                                                 ; 32                                                                                         ; Untyped ;
; NUMWORDS_B                                                 ; 32                                                                                         ; Untyped ;
; OPERATION_MODE                                             ; DUAL_PORT                                                                                  ; Untyped ;
; OPTIMIZATION_OPTION                                        ; AUTO                                                                                       ; Untyped ;
; OUTDATA_ACLR_A                                             ; NONE                                                                                       ; Untyped ;
; OUTDATA_ACLR_B                                             ; NONE                                                                                       ; Untyped ;
; OUTDATA_REG_A                                              ; UNREGISTERED                                                                               ; Untyped ;
; OUTDATA_REG_B                                              ; UNREGISTERED                                                                               ; Untyped ;
; OUTDATA_SCLR_A                                             ; NONE                                                                                       ; Untyped ;
; OUTDATA_SCLR_B                                             ; NONE                                                                                       ; Untyped ;
; POWER_UP_UNINITIALIZED                                     ; FALSE                                                                                      ; Untyped ;
; RAM_BLOCK_TYPE                                             ; AUTO                                                                                       ; Untyped ;
; RDCONTROL_REG_B                                            ; CLOCK1                                                                                     ; Untyped ;
; RDEN_POWER_OPTIMIZATION                                    ; OFF                                                                                        ; Untyped ;
; READ_DURING_WRITE_MODE_MIXED_PORTS                         ; OLD_DATA                                                                                   ; Untyped ;
; READ_DURING_WRITE_MODE_PORT_A                              ; NEW_DATA_NO_NBE_READ                                                                       ; Untyped ;
; READ_DURING_WRITE_MODE_PORT_B                              ; NEW_DATA_NO_NBE_READ                                                                       ; Untyped ;
; WIDTH_A                                                    ; 32                                                                                         ; Untyped ;
; WIDTH_B                                                    ; 32                                                                                         ; Untyped ;
; WIDTH_BYTEENA_A                                            ; 1                                                                                          ; Untyped ;
; WIDTH_BYTEENA_B                                            ; 1                                                                                          ; Untyped ;
; WIDTH_ECCENCPARITY                                         ; 8                                                                                          ; Untyped ;
; WIDTH_ECCSTATUS                                            ; 3                                                                                          ; Untyped ;
; WIDTHAD2_A                                                 ; 1                                                                                          ; Untyped ;
; WIDTHAD2_B                                                 ; 1                                                                                          ; Untyped ;
; WIDTHAD_A                                                  ; 5                                                                                          ; Untyped ;
; WIDTHAD_B                                                  ; 5                                                                                          ; Untyped ;
; WREN_POWER_OPTIMIZATION                                    ; OFF                                                                                        ; Untyped ;
; CBXI_PARAMETER                                             ; altera_syncram_c3p1                                                                        ; Untyped ;
; INDATA_ACLR_A                                              ; NONE                                                                                       ; Untyped ;
; WRCONTROL_ACLR_A                                           ; NONE                                                                                       ; Untyped ;
+------------------------------------------------------------+--------------------------------------------------------------------------------------------+---------+


+-------------------------------------------------------------------------------------------------------------------------------------------------------------------+
; Parameter Settings for Inferred Entity Instance: pifoEngines_1|enque_brain|engineMapper|ram_rtl_0                                                                 ;
+------------------------------------------------------------+--------------------------------------------------------------------------------------------+---------+
; Parameter Name                                             ; Value                                                                                      ; Type    ;
+------------------------------------------------------------+--------------------------------------------------------------------------------------------+---------+
; ACF_BLOCK_RAM_AND_MLAB_EQUIVALENT_PAUSED_READ_CAPABILITIES ; DONT CARE                                                                                  ; Untyped ;
; ACF_BLOCK_RAM_AND_MLAB_EQUIVALENT_POWER_UP_CONDITIONS      ; AUTO                                                                                       ; Untyped ;
; ACF_DISABLE_MLAB_RAM_USE                                   ; FALSE                                                                                      ; Untyped ;
; ACF_IMPLEMENT_MLAB_IN_16_BIT_DEEP_MODE                     ; FALSE                                                                                      ; Untyped ;
; ADDRESS_ACLR_A                                             ; NONE                                                                                       ; Untyped ;
; ADDRESS_ACLR_B                                             ; NONE                                                                                       ; Untyped ;
; ADDRESS_REG_B                                              ; CLOCK0                                                                                     ; Untyped ;
; BYTE_SIZE                                                  ; 8                                                                                          ; Untyped ;
; BYTEENA_REG_B                                              ; CLOCK1                                                                                     ; Untyped ;
; CLKEN_POWER_OPTIMIZATION                                   ; OFF                                                                                        ; Untyped ;
; CLOCK_DUTY_CYCLE_DEPENDENCE                                ; AUTO                                                                                       ; Untyped ;
; CLOCK_ENABLE_CORE_A                                        ; USE_INPUT_CLKEN                                                                            ; Untyped ;
; CLOCK_ENABLE_CORE_B                                        ; USE_INPUT_CLKEN                                                                            ; Untyped ;
; CLOCK_ENABLE_INPUT_A                                       ; NORMAL                                                                                     ; Untyped ;
; CLOCK_ENABLE_INPUT_B                                       ; NORMAL                                                                                     ; Untyped ;
; CLOCK_ENABLE_OUTPUT_A                                      ; NORMAL                                                                                     ; Untyped ;
; CLOCK_ENABLE_OUTPUT_B                                      ; NORMAL                                                                                     ; Untyped ;
; ECC_PIPELINE_STAGE_ENABLED                                 ; FALSE                                                                                      ; Untyped ;
; ENABLE_COHERENT_READ                                       ; FALSE                                                                                      ; Untyped ;
; ENABLE_ECC                                                 ; FALSE                                                                                      ; Untyped ;
; ENABLE_ECC_ENCODER_BYPASS                                  ; FALSE                                                                                      ; Untyped ;
; ENABLE_FORCE_TO_ZERO                                       ; FALSE                                                                                      ; Untyped ;
; ENABLE_RUNTIME_MOD                                         ; NO                                                                                         ; Untyped ;
; IMPLEMENT_IN_LES                                           ; OFF                                                                                        ; Untyped ;
; INDATA_REG_B                                               ; CLOCK1                                                                                     ; Untyped ;
; INIT_FILE                                                  ; qdb/_compiler/pifo/root_partition/25.3.1/partitioned/1/mifs/ram8_PifoMesh_a88d83e7.hdl.mif ; Untyped ;
; INIT_FILE_LAYOUT                                           ; PORT_A                                                                                     ; Untyped ;
; init_file_restructured                                     ; UNUSED                                                                                     ; Untyped ;
; INSTANCE_NAME                                              ; UNUSED                                                                                     ; Untyped ;
; LOW_POWER_MODE                                             ; AUTO                                                                                       ; Untyped ;
; MAXIMUM_DEPTH                                              ; 0                                                                                          ; Untyped ;
; NUMWORDS_A                                                 ; 32                                                                                         ; Untyped ;
; NUMWORDS_B                                                 ; 32                                                                                         ; Untyped ;
; OPERATION_MODE                                             ; DUAL_PORT                                                                                  ; Untyped ;
; OPTIMIZATION_OPTION                                        ; AUTO                                                                                       ; Untyped ;
; OUTDATA_ACLR_A                                             ; NONE                                                                                       ; Untyped ;
; OUTDATA_ACLR_B                                             ; NONE                                                                                       ; Untyped ;
; OUTDATA_REG_A                                              ; UNREGISTERED                                                                               ; Untyped ;
; OUTDATA_REG_B                                              ; UNREGISTERED                                                                               ; Untyped ;
; OUTDATA_SCLR_A                                             ; NONE                                                                                       ; Untyped ;
; OUTDATA_SCLR_B                                             ; NONE                                                                                       ; Untyped ;
; POWER_UP_UNINITIALIZED                                     ; FALSE                                                                                      ; Untyped ;
; RAM_BLOCK_TYPE                                             ; AUTO                                                                                       ; Untyped ;
; RDCONTROL_REG_B                                            ; CLOCK1                                                                                     ; Untyped ;
; RDEN_POWER_OPTIMIZATION                                    ; OFF                                                                                        ; Untyped ;
; READ_DURING_WRITE_MODE_MIXED_PORTS                         ; OLD_DATA                                                                                   ; Untyped ;
; READ_DURING_WRITE_MODE_PORT_A                              ; NEW_DATA_NO_NBE_READ                                                                       ; Untyped ;
; READ_DURING_WRITE_MODE_PORT_B                              ; NEW_DATA_NO_NBE_READ                                                                       ; Untyped ;
; WIDTH_A                                                    ; 2                                                                                          ; Untyped ;
; WIDTH_B                                                    ; 2                                                                                          ; Untyped ;
; WIDTH_BYTEENA_A                                            ; 1                                                                                          ; Untyped ;
; WIDTH_BYTEENA_B                                            ; 1                                                                                          ; Untyped ;
; WIDTH_ECCENCPARITY                                         ; 8                                                                                          ; Untyped ;
; WIDTH_ECCSTATUS                                            ; 3                                                                                          ; Untyped ;
; WIDTHAD2_A                                                 ; 1                                                                                          ; Untyped ;
; WIDTHAD2_B                                                 ; 1                                                                                          ; Untyped ;
; WIDTHAD_A                                                  ; 5                                                                                          ; Untyped ;
; WIDTHAD_B                                                  ; 5                                                                                          ; Untyped ;
; WREN_POWER_OPTIMIZATION                                    ; OFF                                                                                        ; Untyped ;
; CBXI_PARAMETER                                             ; altera_syncram_tf1t1                                                                       ; Untyped ;
; INDATA_ACLR_A                                              ; NONE                                                                                       ; Untyped ;
; WRCONTROL_ACLR_A                                           ; NONE                                                                                       ; Untyped ;
+------------------------------------------------------------+--------------------------------------------------------------------------------------------+---------+


+-------------------------------------------------------------------------------------------------------------------------------------------------------------------+
; Parameter Settings for Inferred Entity Instance: pifoEngines_1|enque_brain|lastVirtualMapper|ram_rtl_0                                                            ;
+------------------------------------------------------------+--------------------------------------------------------------------------------------------+---------+
; Parameter Name                                             ; Value                                                                                      ; Type    ;
+------------------------------------------------------------+--------------------------------------------------------------------------------------------+---------+
; ACF_BLOCK_RAM_AND_MLAB_EQUIVALENT_PAUSED_READ_CAPABILITIES ; DONT CARE                                                                                  ; Untyped ;
; ACF_BLOCK_RAM_AND_MLAB_EQUIVALENT_POWER_UP_CONDITIONS      ; AUTO                                                                                       ; Untyped ;
; ACF_DISABLE_MLAB_RAM_USE                                   ; FALSE                                                                                      ; Untyped ;
; ACF_IMPLEMENT_MLAB_IN_16_BIT_DEEP_MODE                     ; FALSE                                                                                      ; Untyped ;
; ADDRESS_ACLR_A                                             ; NONE                                                                                       ; Untyped ;
; ADDRESS_ACLR_B                                             ; NONE                                                                                       ; Untyped ;
; ADDRESS_REG_B                                              ; CLOCK0                                                                                     ; Untyped ;
; BYTE_SIZE                                                  ; 8                                                                                          ; Untyped ;
; BYTEENA_REG_B                                              ; CLOCK1                                                                                     ; Untyped ;
; CLKEN_POWER_OPTIMIZATION                                   ; OFF                                                                                        ; Untyped ;
; CLOCK_DUTY_CYCLE_DEPENDENCE                                ; AUTO                                                                                       ; Untyped ;
; CLOCK_ENABLE_CORE_A                                        ; USE_INPUT_CLKEN                                                                            ; Untyped ;
; CLOCK_ENABLE_CORE_B                                        ; USE_INPUT_CLKEN                                                                            ; Untyped ;
; CLOCK_ENABLE_INPUT_A                                       ; NORMAL                                                                                     ; Untyped ;
; CLOCK_ENABLE_INPUT_B                                       ; NORMAL                                                                                     ; Untyped ;
; CLOCK_ENABLE_OUTPUT_A                                      ; NORMAL                                                                                     ; Untyped ;
; CLOCK_ENABLE_OUTPUT_B                                      ; NORMAL                                                                                     ; Untyped ;
; ECC_PIPELINE_STAGE_ENABLED                                 ; FALSE                                                                                      ; Untyped ;
; ENABLE_COHERENT_READ                                       ; FALSE                                                                                      ; Untyped ;
; ENABLE_ECC                                                 ; FALSE                                                                                      ; Untyped ;
; ENABLE_ECC_ENCODER_BYPASS                                  ; FALSE                                                                                      ; Untyped ;
; ENABLE_FORCE_TO_ZERO                                       ; FALSE                                                                                      ; Untyped ;
; ENABLE_RUNTIME_MOD                                         ; NO                                                                                         ; Untyped ;
; IMPLEMENT_IN_LES                                           ; OFF                                                                                        ; Untyped ;
; INDATA_REG_B                                               ; CLOCK1                                                                                     ; Untyped ;
; INIT_FILE                                                  ; qdb/_compiler/pifo/root_partition/25.3.1/partitioned/1/mifs/ram9_PifoMesh_a88d83e7.hdl.mif ; Untyped ;
; INIT_FILE_LAYOUT                                           ; PORT_A                                                                                     ; Untyped ;
; init_file_restructured                                     ; UNUSED                                                                                     ; Untyped ;
; INSTANCE_NAME                                              ; UNUSED                                                                                     ; Untyped ;
; LOW_POWER_MODE                                             ; AUTO                                                                                       ; Untyped ;
; MAXIMUM_DEPTH                                              ; 0                                                                                          ; Untyped ;
; NUMWORDS_A                                                 ; 32                                                                                         ; Untyped ;
; NUMWORDS_B                                                 ; 32                                                                                         ; Untyped ;
; OPERATION_MODE                                             ; DUAL_PORT                                                                                  ; Untyped ;
; OPTIMIZATION_OPTION                                        ; AUTO                                                                                       ; Untyped ;
; OUTDATA_ACLR_A                                             ; NONE                                                                                       ; Untyped ;
; OUTDATA_ACLR_B                                             ; NONE                                                                                       ; Untyped ;
; OUTDATA_REG_A                                              ; UNREGISTERED                                                                               ; Untyped ;
; OUTDATA_REG_B                                              ; UNREGISTERED                                                                               ; Untyped ;
; OUTDATA_SCLR_A                                             ; NONE                                                                                       ; Untyped ;
; OUTDATA_SCLR_B                                             ; NONE                                                                                       ; Untyped ;
; POWER_UP_UNINITIALIZED                                     ; FALSE                                                                                      ; Untyped ;
; RAM_BLOCK_TYPE                                             ; AUTO                                                                                       ; Untyped ;
; RDCONTROL_REG_B                                            ; CLOCK1                                                                                     ; Untyped ;
; RDEN_POWER_OPTIMIZATION                                    ; OFF                                                                                        ; Untyped ;
; READ_DURING_WRITE_MODE_MIXED_PORTS                         ; OLD_DATA                                                                                   ; Untyped ;
; READ_DURING_WRITE_MODE_PORT_A                              ; NEW_DATA_NO_NBE_READ                                                                       ; Untyped ;
; READ_DURING_WRITE_MODE_PORT_B                              ; NEW_DATA_NO_NBE_READ                                                                       ; Untyped ;
; WIDTH_A                                                    ; 8                                                                                          ; Untyped ;
; WIDTH_B                                                    ; 8                                                                                          ; Untyped ;
; WIDTH_BYTEENA_A                                            ; 1                                                                                          ; Untyped ;
; WIDTH_BYTEENA_B                                            ; 1                                                                                          ; Untyped ;
; WIDTH_ECCENCPARITY                                         ; 8                                                                                          ; Untyped ;
; WIDTH_ECCSTATUS                                            ; 3                                                                                          ; Untyped ;
; WIDTHAD2_A                                                 ; 1                                                                                          ; Untyped ;
; WIDTHAD2_B                                                 ; 1                                                                                          ; Untyped ;
; WIDTHAD_A                                                  ; 5                                                                                          ; Untyped ;
; WIDTHAD_B                                                  ; 5                                                                                          ; Untyped ;
; WREN_POWER_OPTIMIZATION                                    ; OFF                                                                                        ; Untyped ;
; CBXI_PARAMETER                                             ; altera_syncram_dai51                                                                       ; Untyped ;
; INDATA_ACLR_A                                              ; NONE                                                                                       ; Untyped ;
; WRCONTROL_ACLR_A                                           ; NONE                                                                                       ; Untyped ;
+------------------------------------------------------------+--------------------------------------------------------------------------------------------+---------+


+--------------------------------------------------------------------------------------------------------------------------------------------------------------------+
; Parameter Settings for Inferred Entity Instance: pifoEngines_1|enque_brain|engineCAM|ram_rtl_0                                                                     ;
+------------------------------------------------------------+---------------------------------------------------------------------------------------------+---------+
; Parameter Name                                             ; Value                                                                                       ; Type    ;
+------------------------------------------------------------+---------------------------------------------------------------------------------------------+---------+
; ACF_BLOCK_RAM_AND_MLAB_EQUIVALENT_PAUSED_READ_CAPABILITIES ; DONT CARE                                                                                   ; Untyped ;
; ACF_BLOCK_RAM_AND_MLAB_EQUIVALENT_POWER_UP_CONDITIONS      ; AUTO                                                                                        ; Untyped ;
; ACF_DISABLE_MLAB_RAM_USE                                   ; FALSE                                                                                       ; Untyped ;
; ACF_IMPLEMENT_MLAB_IN_16_BIT_DEEP_MODE                     ; FALSE                                                                                       ; Untyped ;
; ADDRESS_ACLR_A                                             ; NONE                                                                                        ; Untyped ;
; ADDRESS_ACLR_B                                             ; NONE                                                                                        ; Untyped ;
; ADDRESS_REG_B                                              ; CLOCK0                                                                                      ; Untyped ;
; BYTE_SIZE                                                  ; 8                                                                                           ; Untyped ;
; BYTEENA_REG_B                                              ; CLOCK1                                                                                      ; Untyped ;
; CLKEN_POWER_OPTIMIZATION                                   ; OFF                                                                                         ; Untyped ;
; CLOCK_DUTY_CYCLE_DEPENDENCE                                ; AUTO                                                                                        ; Untyped ;
; CLOCK_ENABLE_CORE_A                                        ; USE_INPUT_CLKEN                                                                             ; Untyped ;
; CLOCK_ENABLE_CORE_B                                        ; USE_INPUT_CLKEN                                                                             ; Untyped ;
; CLOCK_ENABLE_INPUT_A                                       ; NORMAL                                                                                      ; Untyped ;
; CLOCK_ENABLE_INPUT_B                                       ; NORMAL                                                                                      ; Untyped ;
; CLOCK_ENABLE_OUTPUT_A                                      ; NORMAL                                                                                      ; Untyped ;
; CLOCK_ENABLE_OUTPUT_B                                      ; NORMAL                                                                                      ; Untyped ;
; ECC_PIPELINE_STAGE_ENABLED                                 ; FALSE                                                                                       ; Untyped ;
; ENABLE_COHERENT_READ                                       ; FALSE                                                                                       ; Untyped ;
; ENABLE_ECC                                                 ; FALSE                                                                                       ; Untyped ;
; ENABLE_ECC_ENCODER_BYPASS                                  ; FALSE                                                                                       ; Untyped ;
; ENABLE_FORCE_TO_ZERO                                       ; FALSE                                                                                       ; Untyped ;
; ENABLE_RUNTIME_MOD                                         ; NO                                                                                          ; Untyped ;
; IMPLEMENT_IN_LES                                           ; OFF                                                                                         ; Untyped ;
; INDATA_REG_B                                               ; CLOCK1                                                                                      ; Untyped ;
; INIT_FILE                                                  ; qdb/_compiler/pifo/root_partition/25.3.1/partitioned/1/mifs/ram10_PifoMesh_a88d83e7.hdl.mif ; Untyped ;
; INIT_FILE_LAYOUT                                           ; PORT_A                                                                                      ; Untyped ;
; init_file_restructured                                     ; UNUSED                                                                                      ; Untyped ;
; INSTANCE_NAME                                              ; UNUSED                                                                                      ; Untyped ;
; LOW_POWER_MODE                                             ; AUTO                                                                                        ; Untyped ;
; MAXIMUM_DEPTH                                              ; 0                                                                                           ; Untyped ;
; NUMWORDS_A                                                 ; 4096                                                                                        ; Untyped ;
; NUMWORDS_B                                                 ; 4096                                                                                        ; Untyped ;
; OPERATION_MODE                                             ; DUAL_PORT                                                                                   ; Untyped ;
; OPTIMIZATION_OPTION                                        ; AUTO                                                                                        ; Untyped ;
; OUTDATA_ACLR_A                                             ; NONE                                                                                        ; Untyped ;
; OUTDATA_ACLR_B                                             ; NONE                                                                                        ; Untyped ;
; OUTDATA_REG_A                                              ; UNREGISTERED                                                                                ; Untyped ;
; OUTDATA_REG_B                                              ; UNREGISTERED                                                                                ; Untyped ;
; OUTDATA_SCLR_A                                             ; NONE                                                                                        ; Untyped ;
; OUTDATA_SCLR_B                                             ; NONE                                                                                        ; Untyped ;
; POWER_UP_UNINITIALIZED                                     ; FALSE                                                                                       ; Untyped ;
; RAM_BLOCK_TYPE                                             ; AUTO                                                                                        ; Untyped ;
; RDCONTROL_REG_B                                            ; CLOCK1                                                                                      ; Untyped ;
; RDEN_POWER_OPTIMIZATION                                    ; OFF                                                                                         ; Untyped ;
; READ_DURING_WRITE_MODE_MIXED_PORTS                         ; OLD_DATA                                                                                    ; Untyped ;
; READ_DURING_WRITE_MODE_PORT_A                              ; NEW_DATA_NO_NBE_READ                                                                        ; Untyped ;
; READ_DURING_WRITE_MODE_PORT_B                              ; NEW_DATA_NO_NBE_READ                                                                        ; Untyped ;
; WIDTH_A                                                    ; 32                                                                                          ; Untyped ;
; WIDTH_B                                                    ; 32                                                                                          ; Untyped ;
; WIDTH_BYTEENA_A                                            ; 1                                                                                           ; Untyped ;
; WIDTH_BYTEENA_B                                            ; 1                                                                                           ; Untyped ;
; WIDTH_ECCENCPARITY                                         ; 8                                                                                           ; Untyped ;
; WIDTH_ECCSTATUS                                            ; 3                                                                                           ; Untyped ;
; WIDTHAD2_A                                                 ; 1                                                                                           ; Untyped ;
; WIDTHAD2_B                                                 ; 1                                                                                           ; Untyped ;
; WIDTHAD_A                                                  ; 12                                                                                          ; Untyped ;
; WIDTHAD_B                                                  ; 12                                                                                          ; Untyped ;
; WREN_POWER_OPTIMIZATION                                    ; OFF                                                                                         ; Untyped ;
; CBXI_PARAMETER                                             ; altera_syncram_9ola                                                                         ; Untyped ;
; INDATA_ACLR_A                                              ; NONE                                                                                        ; Untyped ;
; WRCONTROL_ACLR_A                                           ; NONE                                                                                        ; Untyped ;
+------------------------------------------------------------+---------------------------------------------------------------------------------------------+---------+


+--------------------------------------------------------------------------------------------------------------------------------------------------------------------+
; Parameter Settings for Inferred Entity Instance: pifoEngines_1|enque_brain|brainStateMem|ram_rtl_0                                                                 ;
+------------------------------------------------------------+---------------------------------------------------------------------------------------------+---------+
; Parameter Name                                             ; Value                                                                                       ; Type    ;
+------------------------------------------------------------+---------------------------------------------------------------------------------------------+---------+
; ACF_BLOCK_RAM_AND_MLAB_EQUIVALENT_PAUSED_READ_CAPABILITIES ; DONT CARE                                                                                   ; Untyped ;
; ACF_BLOCK_RAM_AND_MLAB_EQUIVALENT_POWER_UP_CONDITIONS      ; AUTO                                                                                        ; Untyped ;
; ACF_DISABLE_MLAB_RAM_USE                                   ; FALSE                                                                                       ; Untyped ;
; ACF_IMPLEMENT_MLAB_IN_16_BIT_DEEP_MODE                     ; FALSE                                                                                       ; Untyped ;
; ADDRESS_ACLR_A                                             ; NONE                                                                                        ; Untyped ;
; ADDRESS_ACLR_B                                             ; NONE                                                                                        ; Untyped ;
; ADDRESS_REG_B                                              ; CLOCK0                                                                                      ; Untyped ;
; BYTE_SIZE                                                  ; 8                                                                                           ; Untyped ;
; BYTEENA_REG_B                                              ; CLOCK1                                                                                      ; Untyped ;
; CLKEN_POWER_OPTIMIZATION                                   ; OFF                                                                                         ; Untyped ;
; CLOCK_DUTY_CYCLE_DEPENDENCE                                ; AUTO                                                                                        ; Untyped ;
; CLOCK_ENABLE_CORE_A                                        ; USE_INPUT_CLKEN                                                                             ; Untyped ;
; CLOCK_ENABLE_CORE_B                                        ; USE_INPUT_CLKEN                                                                             ; Untyped ;
; CLOCK_ENABLE_INPUT_A                                       ; NORMAL                                                                                      ; Untyped ;
; CLOCK_ENABLE_INPUT_B                                       ; NORMAL                                                                                      ; Untyped ;
; CLOCK_ENABLE_OUTPUT_A                                      ; NORMAL                                                                                      ; Untyped ;
; CLOCK_ENABLE_OUTPUT_B                                      ; NORMAL                                                                                      ; Untyped ;
; ECC_PIPELINE_STAGE_ENABLED                                 ; FALSE                                                                                       ; Untyped ;
; ENABLE_COHERENT_READ                                       ; FALSE                                                                                       ; Untyped ;
; ENABLE_ECC                                                 ; FALSE                                                                                       ; Untyped ;
; ENABLE_ECC_ENCODER_BYPASS                                  ; FALSE                                                                                       ; Untyped ;
; ENABLE_FORCE_TO_ZERO                                       ; FALSE                                                                                       ; Untyped ;
; ENABLE_RUNTIME_MOD                                         ; NO                                                                                          ; Untyped ;
; IMPLEMENT_IN_LES                                           ; OFF                                                                                         ; Untyped ;
; INDATA_REG_B                                               ; CLOCK1                                                                                      ; Untyped ;
; INIT_FILE                                                  ; qdb/_compiler/pifo/root_partition/25.3.1/partitioned/1/mifs/ram11_PifoMesh_a88d83e7.hdl.mif ; Untyped ;
; INIT_FILE_LAYOUT                                           ; PORT_A                                                                                      ; Untyped ;
; init_file_restructured                                     ; UNUSED                                                                                      ; Untyped ;
; INSTANCE_NAME                                              ; UNUSED                                                                                      ; Untyped ;
; LOW_POWER_MODE                                             ; AUTO                                                                                        ; Untyped ;
; MAXIMUM_DEPTH                                              ; 0                                                                                           ; Untyped ;
; NUMWORDS_A                                                 ; 32                                                                                          ; Untyped ;
; NUMWORDS_B                                                 ; 32                                                                                          ; Untyped ;
; OPERATION_MODE                                             ; DUAL_PORT                                                                                   ; Untyped ;
; OPTIMIZATION_OPTION                                        ; AUTO                                                                                        ; Untyped ;
; OUTDATA_ACLR_A                                             ; NONE                                                                                        ; Untyped ;
; OUTDATA_ACLR_B                                             ; NONE                                                                                        ; Untyped ;
; OUTDATA_REG_A                                              ; UNREGISTERED                                                                                ; Untyped ;
; OUTDATA_REG_B                                              ; UNREGISTERED                                                                                ; Untyped ;
; OUTDATA_SCLR_A                                             ; NONE                                                                                        ; Untyped ;
; OUTDATA_SCLR_B                                             ; NONE                                                                                        ; Untyped ;
; POWER_UP_UNINITIALIZED                                     ; FALSE                                                                                       ; Untyped ;
; RAM_BLOCK_TYPE                                             ; AUTO                                                                                        ; Untyped ;
; RDCONTROL_REG_B                                            ; CLOCK1                                                                                      ; Untyped ;
; RDEN_POWER_OPTIMIZATION                                    ; OFF                                                                                         ; Untyped ;
; READ_DURING_WRITE_MODE_MIXED_PORTS                         ; OLD_DATA                                                                                    ; Untyped ;
; READ_DURING_WRITE_MODE_PORT_A                              ; NEW_DATA_NO_NBE_READ                                                                        ; Untyped ;
; READ_DURING_WRITE_MODE_PORT_B                              ; NEW_DATA_NO_NBE_READ                                                                        ; Untyped ;
; WIDTH_A                                                    ; 32                                                                                          ; Untyped ;
; WIDTH_B                                                    ; 32                                                                                          ; Untyped ;
; WIDTH_BYTEENA_A                                            ; 1                                                                                           ; Untyped ;
; WIDTH_BYTEENA_B                                            ; 1                                                                                           ; Untyped ;
; WIDTH_ECCENCPARITY                                         ; 8                                                                                           ; Untyped ;
; WIDTH_ECCSTATUS                                            ; 3                                                                                           ; Untyped ;
; WIDTHAD2_A                                                 ; 1                                                                                           ; Untyped ;
; WIDTHAD2_B                                                 ; 1                                                                                           ; Untyped ;
; WIDTHAD_A                                                  ; 5                                                                                           ; Untyped ;
; WIDTHAD_B                                                  ; 5                                                                                           ; Untyped ;
; WREN_POWER_OPTIMIZATION                                    ; OFF                                                                                         ; Untyped ;
; CBXI_PARAMETER                                             ; altera_syncram_b0ii                                                                         ; Untyped ;
; INDATA_ACLR_A                                              ; NONE                                                                                        ; Untyped ;
; WRCONTROL_ACLR_A                                           ; NONE                                                                                        ; Untyped ;
+------------------------------------------------------------+---------------------------------------------------------------------------------------------+---------+


+------------------------------------------------------------------+
; Post-Synthesis Netlist Statistics for Partition "root_partition" ;
+------------------------+-----------------------------------------+
; Type                   ; Count                                   ;
+------------------------+-----------------------------------------+
; boundary_port          ; 90                                      ;
; tennm_ff               ; 43176                                   ;
;     CLR                ; 1098                                    ;
;     ENA                ; 505                                     ;
;     ENA CLR            ; 412                                     ;
;     ENA CLR SCLR       ; 24                                      ;
;     SCLR               ; 22                                      ;
;     plain              ; 41115                                   ;
; tennm_lcell_comb       ; 98332                                   ;
;     arith              ; 14072                                   ;
;         0 data inputs  ; 2136                                    ;
;         1 data inputs  ; 1344                                    ;
;         2 data inputs  ; 4296                                    ;
;         3 data inputs  ; 50                                      ;
;         4 data inputs  ; 6246                                    ;
;     extend             ; 47820                                   ;
;         7 data inputs  ; 356                                     ;
;         8 data inputs  ; 47464                                   ;
;     normal             ; 36440                                   ;
;         1 data inputs  ; 34                                      ;
;         2 data inputs  ; 3606                                    ;
;         3 data inputs  ; 3669                                    ;
;         4 data inputs  ; 9014                                    ;
;         5 data inputs  ; 13984                                   ;
;         6 data inputs  ; 6133                                    ;
; tennm_ram_block        ; 244                                     ;
;                        ;                                         ;
; Number of carry chains ; 2204                                    ;
; Max carry chain length ; 13                                      ;
;                        ;                                         ;
; Max LUT depth          ; 24.60                                   ;
; Average LUT depth      ; 12.51                                   ;
+------------------------+-----------------------------------------+


+-----------------------------------------------------------------+
; Synthesis Resource Usage Summary for Partition "root_partition" ;
+---------------------------------------------+-------------------+
; Resource                                    ; Usage             ;
+---------------------------------------------+-------------------+
; Estimate of Logic utilization (ALMs needed) ; 71478             ;
;                                             ;                   ;
; Combinational ALUT usage for logic          ; 98332             ;
;     -- 8 input functions                    ; 47464             ;
;     -- 7 input functions                    ; 356               ;
;     -- 6 input functions                    ; 6133              ;
;     -- 5 input functions                    ; 13984             ;
;     -- 4 input functions                    ; 15260             ;
;     -- <=3 input functions                  ; 15135             ;
;                                             ;                   ;
; Dedicated logic registers                   ; 43176             ;
;                                             ;                   ;
; I/O pins                                    ; 90                ;
; Total MLAB memory bits                      ; 0                 ;
; Total block memory bits                     ; 297440            ;
;                                             ;                   ;
; Total DSP Blocks                            ; 0                 ;
;     -- [A] Total Fixed Point DSP Blocks     ; 0                 ;
;     -- [B] Total Floating Point DSP Blocks  ; 0                 ;
;                                             ;                   ;
; Maximum fan-out node                        ; clk               ;
; Maximum fan-out                             ; 43420             ;
; Total fan-out                               ; 641892            ;
; Average fan-out                             ; 4.53              ;
+---------------------------------------------+-------------------+


+-----------------------------------------------------------------------------------------------------------------------------------------------------------------------------------------------------------------------------------------------------------------------------------------------------------------------------------------------------------------------------------------------------------------------------------------------------------+
; Synthesis RAM Summary for Partition "root_partition"                                                                                                                                                                                                                                                                                                                                                                                                      ;
+----------------------------------------------------------------------------------------------------------+------+------------------+--------------+--------------+--------------+--------------+--------------+-----------------------------+-----------------------------+-----------------------------+-----------------------------+---------------------+---------------------------------------------------------------------------------------------+
; Name                                                                                                     ; Type ; Mode             ; Port A Depth ; Port A Width ; Port B Depth ; Port B Width ; Logical Size ; Implementation Port A Depth ; Implementation Port A Width ; Implementation Port B Depth ; Implementation Port B Width ; Implementation Bits ; MIF                                                                                         ;
+----------------------------------------------------------------------------------------------------------+------+------------------+--------------+--------------+--------------+--------------+--------------+-----------------------------+-----------------------------+-----------------------------+-----------------------------+---------------------+---------------------------------------------------------------------------------------------+
; io_controlRequest_fifo|logic_ram_rtl_0|auto_generated|altera_syncram_impl1|ALTERA_SYNCRAM                ; AUTO ; Simple Dual Port ; 4            ; 48           ; 4            ; 48           ; 192          ; 4                           ; 24                          ; 4                           ; 24                          ; 96                  ; None                                                                                        ;
; pifoEngines_0|deque_dequeMapper|banks_0_rtl_0|auto_generated|altera_syncram_impl1|ALTERA_SYNCRAM         ; AUTO ; Simple Dual Port ; 4096         ; 7            ; 4096         ; 7            ; 28672        ; 2048                        ; 14                          ; 2048                        ; 14                          ; 28672               ; qdb/_compiler/pifo/root_partition/25.3.1/partitioned/1/mifs/ram1_PifoMesh_a88d83e7.hdl.mif  ;
; pifoEngines_0|deque_dequeMapper|banks_0_rtl_1|auto_generated|altera_syncram_impl1|ALTERA_SYNCRAM         ; AUTO ; Simple Dual Port ; 4096         ; 7            ; 4096         ; 7            ; 28672        ; 2048                        ; 14                          ; 2048                        ; 14                          ; 28672               ; qdb/_compiler/pifo/root_partition/25.3.1/partitioned/1/mifs/ram1_PifoMesh_a88d83e7.hdl.mif  ;
; pifoEngines_0|deque_dequeMapper|banks_1_rtl_0|auto_generated|altera_syncram_impl1|ALTERA_SYNCRAM         ; AUTO ; Simple Dual Port ; 4096         ; 7            ; 4096         ; 7            ; 28672        ; 2048                        ; 14                          ; 2048                        ; 14                          ; 28672               ; qdb/_compiler/pifo/root_partition/25.3.1/partitioned/1/mifs/ram1_PifoMesh_a88d83e7.hdl.mif  ;
; pifoEngines_0|deque_dequeMapper|banks_1_rtl_1|auto_generated|altera_syncram_impl1|ALTERA_SYNCRAM         ; AUTO ; Simple Dual Port ; 4096         ; 7            ; 4096         ; 7            ; 28672        ; 2048                        ; 14                          ; 2048                        ; 14                          ; 28672               ; qdb/_compiler/pifo/root_partition/25.3.1/partitioned/1/mifs/ram1_PifoMesh_a88d83e7.hdl.mif  ;
; pifoEngines_0|enque_brain|brainStateMem|ram_rtl_0|auto_generated|altera_syncram_impl1|ALTERA_SYNCRAM     ; AUTO ; Simple Dual Port ; 32           ; 32           ; 32           ; 32           ; 1024         ; 32                          ; 8                           ; 32                          ; 8                           ; 256                 ; qdb/_compiler/pifo/root_partition/25.3.1/partitioned/1/mifs/ram7_PifoMesh_a88d83e7.hdl.mif  ;
; pifoEngines_0|enque_brain|engineCAM|ram_rtl_0|auto_generated|altera_syncram_impl1|ALTERA_SYNCRAM         ; AUTO ; Simple Dual Port ; 4096         ; 32           ; 4096         ; 32           ; 131072       ; 2048                        ; 16                          ; 2048                        ; 16                          ; 32768               ; qdb/_compiler/pifo/root_partition/25.3.1/partitioned/1/mifs/ram6_PifoMesh_a88d83e7.hdl.mif  ;
; pifoEngines_0|enque_brain|engineMapper|ram_rtl_0|auto_generated|altera_syncram_impl1|ALTERA_SYNCRAM      ; AUTO ; Simple Dual Port ; 32           ; 2            ; 32           ; 2            ; 64           ; 32                          ; 2                           ; 32                          ; 2                           ; 64                  ; qdb/_compiler/pifo/root_partition/25.3.1/partitioned/1/mifs/ram4_PifoMesh_a88d83e7.hdl.mif  ;
; pifoEngines_0|enque_brain|lastVirtualMapper|ram_rtl_0|auto_generated|altera_syncram_impl1|ALTERA_SYNCRAM ; AUTO ; Simple Dual Port ; 32           ; 8            ; 32           ; 8            ; 256          ; 32                          ; 8                           ; 32                          ; 8                           ; 256                 ; qdb/_compiler/pifo/root_partition/25.3.1/partitioned/1/mifs/ram5_PifoMesh_a88d83e7.hdl.mif  ;
; pifoEngines_0|enque_enqueMapper|banks_0_rtl_0|auto_generated|altera_syncram_impl1|ALTERA_SYNCRAM         ; AUTO ; Simple Dual Port ; 32           ; 5            ; 32           ; 5            ; 160          ; 32                          ; 5                           ; 32                          ; 5                           ; 160                 ; qdb/_compiler/pifo/root_partition/25.3.1/partitioned/1/mifs/ram0_PifoMesh_a88d83e7.hdl.mif  ;
; pifoEngines_0|enque_enqueMapper|banks_0_rtl_1|auto_generated|altera_syncram_impl1|ALTERA_SYNCRAM         ; AUTO ; Simple Dual Port ; 32           ; 5            ; 32           ; 5            ; 160          ; 32                          ; 5                           ; 32                          ; 5                           ; 160                 ; qdb/_compiler/pifo/root_partition/25.3.1/partitioned/1/mifs/ram0_PifoMesh_a88d83e7.hdl.mif  ;
; pifoEngines_0|enque_enqueMapper|banks_1_rtl_0|auto_generated|altera_syncram_impl1|ALTERA_SYNCRAM         ; AUTO ; Simple Dual Port ; 32           ; 5            ; 32           ; 5            ; 160          ; 32                          ; 5                           ; 32                          ; 5                           ; 160                 ; qdb/_compiler/pifo/root_partition/25.3.1/partitioned/1/mifs/ram0_PifoMesh_a88d83e7.hdl.mif  ;
; pifoEngines_0|enque_enqueMapper|banks_1_rtl_1|auto_generated|altera_syncram_impl1|ALTERA_SYNCRAM         ; AUTO ; Simple Dual Port ; 32           ; 5            ; 32           ; 5            ; 160          ; 32                          ; 5                           ; 32                          ; 5                           ; 160                 ; qdb/_compiler/pifo/root_partition/25.3.1/partitioned/1/mifs/ram0_PifoMesh_a88d83e7.hdl.mif  ;
; pifoEngines_1|deque_dequeMapper|banks_0_rtl_0|auto_generated|altera_syncram_impl1|ALTERA_SYNCRAM         ; AUTO ; Simple Dual Port ; 4096         ; 7            ; 4096         ; 7            ; 28672        ; 2048                        ; 14                          ; 2048                        ; 14                          ; 28672               ; qdb/_compiler/pifo/root_partition/25.3.1/partitioned/1/mifs/ram3_PifoMesh_a88d83e7.hdl.mif  ;
; pifoEngines_1|deque_dequeMapper|banks_0_rtl_1|auto_generated|altera_syncram_impl1|ALTERA_SYNCRAM         ; AUTO ; Simple Dual Port ; 4096         ; 7            ; 4096         ; 7            ; 28672        ; 2048                        ; 14                          ; 2048                        ; 14                          ; 28672               ; qdb/_compiler/pifo/root_partition/25.3.1/partitioned/1/mifs/ram3_PifoMesh_a88d83e7.hdl.mif  ;
; pifoEngines_1|deque_dequeMapper|banks_1_rtl_0|auto_generated|altera_syncram_impl1|ALTERA_SYNCRAM         ; AUTO ; Simple Dual Port ; 4096         ; 7            ; 4096         ; 7            ; 28672        ; 2048                        ; 14                          ; 2048                        ; 14                          ; 28672               ; qdb/_compiler/pifo/root_partition/25.3.1/partitioned/1/mifs/ram3_PifoMesh_a88d83e7.hdl.mif  ;
; pifoEngines_1|deque_dequeMapper|banks_1_rtl_1|auto_generated|altera_syncram_impl1|ALTERA_SYNCRAM         ; AUTO ; Simple Dual Port ; 4096         ; 7            ; 4096         ; 7            ; 28672        ; 2048                        ; 14                          ; 2048                        ; 14                          ; 28672               ; qdb/_compiler/pifo/root_partition/25.3.1/partitioned/1/mifs/ram3_PifoMesh_a88d83e7.hdl.mif  ;
; pifoEngines_1|enque_brain|brainStateMem|ram_rtl_0|auto_generated|altera_syncram_impl1|ALTERA_SYNCRAM     ; AUTO ; Simple Dual Port ; 32           ; 32           ; 32           ; 32           ; 1024         ; 32                          ; 8                           ; 32                          ; 8                           ; 256                 ; qdb/_compiler/pifo/root_partition/25.3.1/partitioned/1/mifs/ram11_PifoMesh_a88d83e7.hdl.mif ;
; pifoEngines_1|enque_brain|engineCAM|ram_rtl_0|auto_generated|altera_syncram_impl1|ALTERA_SYNCRAM         ; AUTO ; Simple Dual Port ; 4096         ; 32           ; 4096         ; 32           ; 131072       ; 2048                        ; 16                          ; 2048                        ; 16                          ; 32768               ; qdb/_compiler/pifo/root_partition/25.3.1/partitioned/1/mifs/ram10_PifoMesh_a88d83e7.hdl.mif ;
; pifoEngines_1|enque_brain|engineMapper|ram_rtl_0|auto_generated|altera_syncram_impl1|ALTERA_SYNCRAM      ; AUTO ; Simple Dual Port ; 32           ; 2            ; 32           ; 2            ; 64           ; 32                          ; 2                           ; 32                          ; 2                           ; 64                  ; qdb/_compiler/pifo/root_partition/25.3.1/partitioned/1/mifs/ram8_PifoMesh_a88d83e7.hdl.mif  ;
; pifoEngines_1|enque_brain|lastVirtualMapper|ram_rtl_0|auto_generated|altera_syncram_impl1|ALTERA_SYNCRAM ; AUTO ; Simple Dual Port ; 32           ; 8            ; 32           ; 8            ; 256          ; 32                          ; 8                           ; 32                          ; 8                           ; 256                 ; qdb/_compiler/pifo/root_partition/25.3.1/partitioned/1/mifs/ram9_PifoMesh_a88d83e7.hdl.mif  ;
; pifoEngines_1|enque_enqueMapper|banks_0_rtl_0|auto_generated|altera_syncram_impl1|ALTERA_SYNCRAM         ; AUTO ; Simple Dual Port ; 32           ; 5            ; 32           ; 5            ; 160          ; 32                          ; 5                           ; 32                          ; 5                           ; 160                 ; qdb/_compiler/pifo/root_partition/25.3.1/partitioned/1/mifs/ram2_PifoMesh_a88d83e7.hdl.mif  ;
; pifoEngines_1|enque_enqueMapper|banks_0_rtl_1|auto_generated|altera_syncram_impl1|ALTERA_SYNCRAM         ; AUTO ; Simple Dual Port ; 32           ; 5            ; 32           ; 5            ; 160          ; 32                          ; 5                           ; 32                          ; 5                           ; 160                 ; qdb/_compiler/pifo/root_partition/25.3.1/partitioned/1/mifs/ram2_PifoMesh_a88d83e7.hdl.mif  ;
; pifoEngines_1|enque_enqueMapper|banks_1_rtl_0|auto_generated|altera_syncram_impl1|ALTERA_SYNCRAM         ; AUTO ; Simple Dual Port ; 32           ; 5            ; 32           ; 5            ; 160          ; 32                          ; 5                           ; 32                          ; 5                           ; 160                 ; qdb/_compiler/pifo/root_partition/25.3.1/partitioned/1/mifs/ram2_PifoMesh_a88d83e7.hdl.mif  ;
; pifoEngines_1|enque_enqueMapper|banks_1_rtl_1|auto_generated|altera_syncram_impl1|ALTERA_SYNCRAM         ; AUTO ; Simple Dual Port ; 32           ; 5            ; 32           ; 5            ; 160          ; 32                          ; 5                           ; 32                          ; 5                           ; 160                 ; qdb/_compiler/pifo/root_partition/25.3.1/partitioned/1/mifs/ram2_PifoMesh_a88d83e7.hdl.mif  ;
+----------------------------------------------------------------------------------------------------------+------+------------------+--------------+--------------+--------------+--------------+--------------+-----------------------------+-----------------------------+-----------------------------+-----------------------------+---------------------+---------------------------------------------------------------------------------------------+
Note: Logical size represents the size at the time of creation, implementation bits is the size at the end of synthesis. If the number of implementation bits is smaller, some slices have optimized away because they have become redundant.


+-------------------------------------------------------------------------------------------------------------------------------------------+
; Warnings for rtl/pifo.sv                                                                                                                  ;
+------------+----------+-------+-----------------------------------------------------------------------------------------------------------+
; Message ID ; Severity ; Count ; Sample Warning                                                                                            ;
+------------+----------+-------+-----------------------------------------------------------------------------------------------------------+
; 13469      ; Warning  ; 8     ; Verilog HDL assignment warning at pifo.sv(133): truncated value with size 32 to match size of target (10) ;
;     13469  ;          ;       ; Verilog HDL assignment warning at pifo.sv(133): truncated value with size 32 to match size of target (10) ;
;     13469  ;          ;       ; Verilog HDL assignment warning at pifo.sv(157): truncated value with size 32 to match size of target (10) ;
;     13469  ;          ;       ; Verilog HDL assignment warning at pifo.sv(167): truncated value with size 32 to match size of target (10) ;
;     13469  ;          ;       ; Verilog HDL assignment warning at pifo.sv(171): truncated value with size 11 to match size of target (10) ;
;     13469  ;          ;       ; Verilog HDL assignment warning at pifo.sv(177): truncated value with size 32 to match size of target (10) ;
;     13469  ;          ;       ; Verilog HDL assignment warning at pifo.sv(182): truncated value with size 32 to match size of target (10) ;
;     13469  ;          ;       ; Verilog HDL assignment warning at pifo.sv(186): truncated value with size 11 to match size of target (10) ;
;     13469  ;          ;       ; Verilog HDL assignment warning at pifo.sv(225): truncated value with size 12 to match size of target (11) ;
; 16749      ; Warning  ; 2     ; Verilog HDL warning at pifo.sv(242): identifier pf_data_nxt is used before its declaration                ;
;     16749  ;          ;       ; Verilog HDL warning at pifo.sv(242): identifier pf_data_nxt is used before its declaration                ;
;     16749  ;          ;       ; Verilog HDL warning at pifo.sv(243): identifier pf_prio_nxt is used before its declaration                ;
+------------+----------+-------+-----------------------------------------------------------------------------------------------------------+


+-----------------------------------------------------------------------------------------------------------------------------------------------------------------------------------------------------------------------------------------------------------------------------------------------------------+
; General Warnings                                                                                                                                                                                                                                                                                          ;
+-------------+------------------+-------+------------------------------------------------------------------------------------------------------------------------------------------------------------------------------------------------------------------------------------------------------------------+
; Message ID  ; Severity         ; Count ; Sample Warning                                                                                                                                                                                                                                                   ;
+-------------+------------------+-------+------------------------------------------------------------------------------------------------------------------------------------------------------------------------------------------------------------------------------------------------------------------+
; 20759       ; Critical Warning ; 1     ; Use the Reset Release IP in Agilex 7 designs to ensure a successful configuration. For more information about the Reset Release IP, refer to the Configuration User Guide.                                                                                       ;
; 14284:25637 ; Warning          ; 1     ; Synthesized away the following node(s): : Synthesized away 168 node(s) of type RAM. See "Registers Removed during Synthesis" report for more details.                                                                                                            ;
; 21620       ; Warning          ; 1     ; Design Assistant Results: 1 of 1 High severity rules issued violations in snapshot 'partitioned'. Please refer to DRC report '/home/zg366/packet-scheduling/pifo-hardware/synthesis/build/stock-pifo/output_files/pifo.drc.partitioned.rpt' for more information ;
; 23762       ; Warning          ; 1     ; Hierarchies were optimized away during sweep. For details, refer to " Hierarchies Optimized Away During Sweep " report.                                                                                                                                          ;
+-------------+------------------+-------+------------------------------------------------------------------------------------------------------------------------------------------------------------------------------------------------------------------------------------------------------------------+


+--------------------+
; Synthesis Messages ;
+--------------------+
Info (22747): Value AUTO_DISCOVERY for QSF Assignment PWRMGT_VOLTAGE_OUTPUT_FORMAT is not supported. Hence changing the value to LINEAR_FORMAT
Info: *******************************************************************
Info: Running Quartus Prime Synthesis
    Info: Version 25.3.1 Build 100 12/19/2025 SC Pro Edition
    Info: Copyright (C) 2025  Altera Corporation. All rights reserved.
    Info: Your use of Altera Corporation's design tools, logic functions 
    Info: and other software and tools, and any partner logic 
    Info: functions, and any output files from any of the foregoing 
    Info: (including device programming or simulation files), and any 
    Info: associated documentation or information are expressly subject 
    Info: to the terms and conditions of the Altera Program License 
    Info: Subscription Agreement, the Altera Quartus Prime License Agreement,
    Info: the Altera IP License Agreement, or other applicable license
    Info: agreement, including, without limitation, that your use is for
    Info: the sole purpose of programming logic devices manufactured by
    Info: Altera and sold by Altera or its authorized distributors.  Please
    Info: refer to the Altera Software License Subscription Agreements 
    Info: on the Quartus Prime software download page.
    Info: Processing started: Sun Sep  6 19:58:41 2026
    Info: System process ID: 245246
Info: Command: quartus_syn pifo
Info: qis_default_flow_script.tcl version: #2
Info: Initializing Synthesis...
Info: Project = "pifo"
Info: Revision = "pifo"
Info (21958): Initialized Quartus Message Database
Info: Analyzing source files
Warning (16749): Verilog HDL warning at pifo.sv(242): identifier pf_data_nxt is used before its declaration File: /home/zg366/packet-scheduling/pifo-hardware/synthesis/build/stock-pifo/rtl/pifo.sv Line: 242
Warning (16749): Verilog HDL warning at pifo.sv(243): identifier pf_prio_nxt is used before its declaration File: /home/zg366/packet-scheduling/pifo-hardware/synthesis/build/stock-pifo/rtl/pifo.sv Line: 243
Critical Warning (20759): Use the Reset Release IP in Agilex 7 designs to ensure a successful configuration. For more information about the Reset Release IP, refer to the Configuration User Guide.
Info: Elaborating from top-level entity "PifoMesh"
Info (22567): Verilog HDL info at PifoMesh.v(10555): extracting RAM for identifier 'logic_ram' File: /home/zg366/packet-scheduling/pifo-hardware/synthesis/build/stock-pifo/rtl/PifoMesh.v Line: 10555
Warning (13469): Verilog HDL assignment warning at pifo.sv(133): truncated value with size 32 to match size of target (10) File: /home/zg366/packet-scheduling/pifo-hardware/synthesis/build/stock-pifo/rtl/pifo.sv Line: 133
Warning (13469): Verilog HDL assignment warning at pifo.sv(157): truncated value with size 32 to match size of target (10) File: /home/zg366/packet-scheduling/pifo-hardware/synthesis/build/stock-pifo/rtl/pifo.sv Line: 157
Warning (13469): Verilog HDL assignment warning at pifo.sv(167): truncated value with size 32 to match size of target (10) File: /home/zg366/packet-scheduling/pifo-hardware/synthesis/build/stock-pifo/rtl/pifo.sv Line: 167
Warning (13469): Verilog HDL assignment warning at pifo.sv(171): truncated value with size 11 to match size of target (10) File: /home/zg366/packet-scheduling/pifo-hardware/synthesis/build/stock-pifo/rtl/pifo.sv Line: 171
Warning (13469): Verilog HDL assignment warning at pifo.sv(177): truncated value with size 32 to match size of target (10) File: /home/zg366/packet-scheduling/pifo-hardware/synthesis/build/stock-pifo/rtl/pifo.sv Line: 177
Warning (13469): Verilog HDL assignment warning at pifo.sv(182): truncated value with size 32 to match size of target (10) File: /home/zg366/packet-scheduling/pifo-hardware/synthesis/build/stock-pifo/rtl/pifo.sv Line: 182
Warning (13469): Verilog HDL assignment warning at pifo.sv(186): truncated value with size 11 to match size of target (10) File: /home/zg366/packet-scheduling/pifo-hardware/synthesis/build/stock-pifo/rtl/pifo.sv Line: 186
Warning (13469): Verilog HDL assignment warning at pifo.sv(225): truncated value with size 12 to match size of target (11) File: /home/zg366/packet-scheduling/pifo-hardware/synthesis/build/stock-pifo/rtl/pifo.sv Line: 225
Info (22567): Verilog HDL info at PifoMesh.v(7919): extracting RAM for identifier 'banks_0' File: /home/zg366/packet-scheduling/pifo-hardware/synthesis/build/stock-pifo/rtl/PifoMesh.v Line: 7919
Info (22567): Verilog HDL info at PifoMesh.v(7920): extracting RAM for identifier 'banks_1' File: /home/zg366/packet-scheduling/pifo-hardware/synthesis/build/stock-pifo/rtl/PifoMesh.v Line: 7920
Info (25395): Verilog HDL info at PifoMesh.v(7927): readmemb: reading from file 'PifoMesh.v_toplevel_pifoEngines_0_enque_enqueMapper_banks_0.bin' File: /home/zg366/packet-scheduling/pifo-hardware/synthesis/build/stock-pifo/rtl/PifoMesh.v Line: 7927
Info (25395): Verilog HDL info at PifoMesh.v(7948): readmemb: reading from file 'PifoMesh.v_toplevel_pifoEngines_0_enque_enqueMapper_banks_1.bin' File: /home/zg366/packet-scheduling/pifo-hardware/synthesis/build/stock-pifo/rtl/PifoMesh.v Line: 7948
Info (22567): Verilog HDL info at PifoMesh.v(10406): extracting RAM for identifier 'logic_ram' File: /home/zg366/packet-scheduling/pifo-hardware/synthesis/build/stock-pifo/rtl/PifoMesh.v Line: 10406
Info (22567): Verilog HDL info at PifoMesh.v(10201): extracting RAM for identifier 'ram' File: /home/zg366/packet-scheduling/pifo-hardware/synthesis/build/stock-pifo/rtl/PifoMesh.v Line: 10201
Info (25395): Verilog HDL info at PifoMesh.v(10206): readmemb: reading from file 'PifoMesh.v_toplevel_pifoEngines_0_enque_brain_engineMapper_ram.bin' File: /home/zg366/packet-scheduling/pifo-hardware/synthesis/build/stock-pifo/rtl/PifoMesh.v Line: 10206
Info (22567): Verilog HDL info at PifoMesh.v(10148): extracting RAM for identifier 'ram' File: /home/zg366/packet-scheduling/pifo-hardware/synthesis/build/stock-pifo/rtl/PifoMesh.v Line: 10148
Info (25395): Verilog HDL info at PifoMesh.v(10153): readmemb: reading from file 'PifoMesh.v_toplevel_pifoEngines_0_enque_brain_lastVirtualMapper_ram.bin' File: /home/zg366/packet-scheduling/pifo-hardware/synthesis/build/stock-pifo/rtl/PifoMesh.v Line: 10153
Info (22567): Verilog HDL info at PifoMesh.v(10095): extracting RAM for identifier 'ram' File: /home/zg366/packet-scheduling/pifo-hardware/synthesis/build/stock-pifo/rtl/PifoMesh.v Line: 10095
Info (25395): Verilog HDL info at PifoMesh.v(10100): readmemb: reading from file 'PifoMesh.v_toplevel_pifoEngines_0_enque_brain_engineCAM_ram.bin' File: /home/zg366/packet-scheduling/pifo-hardware/synthesis/build/stock-pifo/rtl/PifoMesh.v Line: 10100
Info (22567): Verilog HDL info at PifoMesh.v(11364): extracting RAM for identifier 'logic_ram' File: /home/zg366/packet-scheduling/pifo-hardware/synthesis/build/stock-pifo/rtl/PifoMesh.v Line: 11364
Info (22567): Verilog HDL info at PifoMesh.v(9924): extracting RAM for identifier 'ram' File: /home/zg366/packet-scheduling/pifo-hardware/synthesis/build/stock-pifo/rtl/PifoMesh.v Line: 9924
Info (25395): Verilog HDL info at PifoMesh.v(9929): readmemb: reading from file 'PifoMesh.v_toplevel_pifoEngines_0_enque_brain_brainStateMem_ram.bin' File: /home/zg366/packet-scheduling/pifo-hardware/synthesis/build/stock-pifo/rtl/PifoMesh.v Line: 9929
Info (22567): Verilog HDL info at PifoMesh.v(11219): extracting RAM for identifier 'logic_ram' File: /home/zg366/packet-scheduling/pifo-hardware/synthesis/build/stock-pifo/rtl/PifoMesh.v Line: 11219
Info (22567): Verilog HDL info at PifoMesh.v(11085): extracting RAM for identifier 'logic_ram' File: /home/zg366/packet-scheduling/pifo-hardware/synthesis/build/stock-pifo/rtl/PifoMesh.v Line: 11085
Info (22567): Verilog HDL info at PifoMesh.v(10957): extracting RAM for identifier 'logic_ram' File: /home/zg366/packet-scheduling/pifo-hardware/synthesis/build/stock-pifo/rtl/PifoMesh.v Line: 10957
Info (22567): Verilog HDL info at PifoMesh.v(10827): extracting RAM for identifier 'logic_ram' File: /home/zg366/packet-scheduling/pifo-hardware/synthesis/build/stock-pifo/rtl/PifoMesh.v Line: 10827
Info (22567): Verilog HDL info at PifoMesh.v(10688): extracting RAM for identifier 'logic_ram' File: /home/zg366/packet-scheduling/pifo-hardware/synthesis/build/stock-pifo/rtl/PifoMesh.v Line: 10688
Info (22567): Verilog HDL info at PifoMesh.v(6659): extracting RAM for identifier 'banks_0' File: /home/zg366/packet-scheduling/pifo-hardware/synthesis/build/stock-pifo/rtl/PifoMesh.v Line: 6659
Info (22567): Verilog HDL info at PifoMesh.v(6660): extracting RAM for identifier 'banks_1' File: /home/zg366/packet-scheduling/pifo-hardware/synthesis/build/stock-pifo/rtl/PifoMesh.v Line: 6660
Info (25395): Verilog HDL info at PifoMesh.v(6667): readmemb: reading from file 'PifoMesh.v_toplevel_pifoEngines_0_deque_dequeMapper_banks_0.bin' File: /home/zg366/packet-scheduling/pifo-hardware/synthesis/build/stock-pifo/rtl/PifoMesh.v Line: 6667
Info (25395): Verilog HDL info at PifoMesh.v(6688): readmemb: reading from file 'PifoMesh.v_toplevel_pifoEngines_0_deque_dequeMapper_banks_1.bin' File: /home/zg366/packet-scheduling/pifo-hardware/synthesis/build/stock-pifo/rtl/PifoMesh.v Line: 6688
Info (22567): Verilog HDL info at PifoMesh.v(9325): extracting RAM for identifier 'logic_ram' File: /home/zg366/packet-scheduling/pifo-hardware/synthesis/build/stock-pifo/rtl/PifoMesh.v Line: 9325
Info (22567): Verilog HDL info at PifoMesh.v(4591): extracting RAM for identifier 'banks_0' File: /home/zg366/packet-scheduling/pifo-hardware/synthesis/build/stock-pifo/rtl/PifoMesh.v Line: 4591
Info (22567): Verilog HDL info at PifoMesh.v(4592): extracting RAM for identifier 'banks_1' File: /home/zg366/packet-scheduling/pifo-hardware/synthesis/build/stock-pifo/rtl/PifoMesh.v Line: 4592
Info (25395): Verilog HDL info at PifoMesh.v(4599): readmemb: reading from file 'PifoMesh.v_toplevel_pifoEngines_1_enque_enqueMapper_banks_0.bin' File: /home/zg366/packet-scheduling/pifo-hardware/synthesis/build/stock-pifo/rtl/PifoMesh.v Line: 4599
Info (25395): Verilog HDL info at PifoMesh.v(4620): readmemb: reading from file 'PifoMesh.v_toplevel_pifoEngines_1_enque_enqueMapper_banks_1.bin' File: /home/zg366/packet-scheduling/pifo-hardware/synthesis/build/stock-pifo/rtl/PifoMesh.v Line: 4620
Info (22567): Verilog HDL info at PifoMesh.v(9231): extracting RAM for identifier 'ram' File: /home/zg366/packet-scheduling/pifo-hardware/synthesis/build/stock-pifo/rtl/PifoMesh.v Line: 9231
Info (25395): Verilog HDL info at PifoMesh.v(9236): readmemb: reading from file 'PifoMesh.v_toplevel_pifoEngines_1_enque_brain_engineMapper_ram.bin' File: /home/zg366/packet-scheduling/pifo-hardware/synthesis/build/stock-pifo/rtl/PifoMesh.v Line: 9236
Info (22567): Verilog HDL info at PifoMesh.v(9178): extracting RAM for identifier 'ram' File: /home/zg366/packet-scheduling/pifo-hardware/synthesis/build/stock-pifo/rtl/PifoMesh.v Line: 9178
Info (25395): Verilog HDL info at PifoMesh.v(9183): readmemb: reading from file 'PifoMesh.v_toplevel_pifoEngines_1_enque_brain_lastVirtualMapper_ram.bin' File: /home/zg366/packet-scheduling/pifo-hardware/synthesis/build/stock-pifo/rtl/PifoMesh.v Line: 9183
Info (22567): Verilog HDL info at PifoMesh.v(9125): extracting RAM for identifier 'ram' File: /home/zg366/packet-scheduling/pifo-hardware/synthesis/build/stock-pifo/rtl/PifoMesh.v Line: 9125
Info (25395): Verilog HDL info at PifoMesh.v(9130): readmemb: reading from file 'PifoMesh.v_toplevel_pifoEngines_1_enque_brain_engineCAM_ram.bin' File: /home/zg366/packet-scheduling/pifo-hardware/synthesis/build/stock-pifo/rtl/PifoMesh.v Line: 9130
Info (22567): Verilog HDL info at PifoMesh.v(9068): extracting RAM for identifier 'ram' File: /home/zg366/packet-scheduling/pifo-hardware/synthesis/build/stock-pifo/rtl/PifoMesh.v Line: 9068
Info (25395): Verilog HDL info at PifoMesh.v(9073): readmemb: reading from file 'PifoMesh.v_toplevel_pifoEngines_1_enque_brain_brainStateMem_ram.bin' File: /home/zg366/packet-scheduling/pifo-hardware/synthesis/build/stock-pifo/rtl/PifoMesh.v Line: 9073
Info (22567): Verilog HDL info at PifoMesh.v(3376): extracting RAM for identifier 'banks_0' File: /home/zg366/packet-scheduling/pifo-hardware/synthesis/build/stock-pifo/rtl/PifoMesh.v Line: 3376
Info (22567): Verilog HDL info at PifoMesh.v(3377): extracting RAM for identifier 'banks_1' File: /home/zg366/packet-scheduling/pifo-hardware/synthesis/build/stock-pifo/rtl/PifoMesh.v Line: 3377
Info (25395): Verilog HDL info at PifoMesh.v(3384): readmemb: reading from file 'PifoMesh.v_toplevel_pifoEngines_1_deque_dequeMapper_banks_0.bin' File: /home/zg366/packet-scheduling/pifo-hardware/synthesis/build/stock-pifo/rtl/PifoMesh.v Line: 3384
Info (25395): Verilog HDL info at PifoMesh.v(3405): readmemb: reading from file 'PifoMesh.v_toplevel_pifoEngines_1_deque_dequeMapper_banks_1.bin' File: /home/zg366/packet-scheduling/pifo-hardware/synthesis/build/stock-pifo/rtl/PifoMesh.v Line: 3405
Info (22567): Verilog HDL info at PifoMesh.v(1146): extracting RAM for identifier 'logic_ram' File: /home/zg366/packet-scheduling/pifo-hardware/synthesis/build/stock-pifo/rtl/PifoMesh.v Line: 1146
Info: Found 63 design entities
Info: There are 117 partitions after elaboration.
Info: DA report generation in native DNI mode
Info (21615): Running Design Assistant Rules for snapshot 'partitioned'
Info: No waiver waived any violations
Info (22360): Design Assistant Results: 8 of 10 enabled rules passed, and 1 rules was disabled, in snapshot 'partitioned'
Warning (21620): Design Assistant Results: 1 of 1 High severity rules issued violations in snapshot 'partitioned'. Please refer to DRC report '/home/zg366/packet-scheduling/pifo-hardware/synthesis/build/stock-pifo/output_files/pifo.drc.partitioned.rpt' for more information
Info (21621): Design Assistant Results: 1 of 1 Medium severity rules issued violations in snapshot 'partitioned'. Please refer to DRC report '/home/zg366/packet-scheduling/pifo-hardware/synthesis/build/stock-pifo/output_files/pifo.drc.partitioned.rpt' for more information
Info (21622): Design Assistant Results: 0 of 8 Low severity rules issued violations in snapshot 'partitioned'
Warning (23762): Hierarchies were optimized away during sweep. For details, refer to " Hierarchies Optimized Away During Sweep " report.
Info: Synthesizing partition "root_partition"
Info (276014): Found 11 instances of uninferred RAM logic
    Info (276004): RAM logic "xbar|io_inputs_0_fifo|fifo|logic_ram" is uninferred due to inappropriate RAM size File: /home/zg366/packet-scheduling/pifo-hardware/synthesis/build/stock-pifo/rtl/PifoMesh.v Line: 10555
    Info (276004): RAM logic "xbar|io_inputs_1_fifo|fifo|logic_ram" is uninferred due to inappropriate RAM size File: /home/zg366/packet-scheduling/pifo-hardware/synthesis/build/stock-pifo/rtl/PifoMesh.v Line: 10555
    Info (276004): RAM logic "xbar|io_inputs_2_fifo|fifo|logic_ram" is uninferred due to inappropriate RAM size File: /home/zg366/packet-scheduling/pifo-hardware/synthesis/build/stock-pifo/rtl/PifoMesh.v Line: 10555
    Info (276004): RAM logic "pifoEngines_0|enque_brain|flowStateUpdate_toStream_fifo|fifo|logic_ram" is uninferred due to inappropriate RAM size File: /home/zg366/packet-scheduling/pifo-hardware/synthesis/build/stock-pifo/rtl/PifoMesh.v Line: 11364
    Info (276004): RAM logic "pifoEngines_0|enque_brain|brainStateUpdate_toStream_fifo|fifo|logic_ram" is uninferred due to inappropriate RAM size File: /home/zg366/packet-scheduling/pifo-hardware/synthesis/build/stock-pifo/rtl/PifoMesh.v Line: 11219
    Info (276004): RAM logic "pifoEngines_0|enque_brain|brainStateMem_io_readRes_toStream_fifo|fifo|logic_ram" is uninferred due to inappropriate RAM size File: /home/zg366/packet-scheduling/pifo-hardware/synthesis/build/stock-pifo/rtl/PifoMesh.v Line: 10957
    Info (276004): RAM logic "pifoEngines_0|enque_brain|engineCAM_io_readRes_toStream_fifo|fifo|logic_ram" is uninferred due to inappropriate RAM size File: /home/zg366/packet-scheduling/pifo-hardware/synthesis/build/stock-pifo/rtl/PifoMesh.v Line: 10957
    Info (276004): RAM logic "pifoEngines_1|enque_brain|flowStateUpdate_toStream_fifo|fifo|logic_ram" is uninferred due to inappropriate RAM size File: /home/zg366/packet-scheduling/pifo-hardware/synthesis/build/stock-pifo/rtl/PifoMesh.v Line: 11364
    Info (276004): RAM logic "pifoEngines_1|enque_brain|brainStateUpdate_toStream_fifo|fifo|logic_ram" is uninferred due to inappropriate RAM size File: /home/zg366/packet-scheduling/pifo-hardware/synthesis/build/stock-pifo/rtl/PifoMesh.v Line: 11219
    Info (276004): RAM logic "pifoEngines_1|enque_brain|brainStateMem_io_readRes_toStream_fifo|fifo|logic_ram" is uninferred due to inappropriate RAM size File: /home/zg366/packet-scheduling/pifo-hardware/synthesis/build/stock-pifo/rtl/PifoMesh.v Line: 10957
    Info (276004): RAM logic "pifoEngines_1|enque_brain|engineCAM_io_readRes_toStream_fifo|fifo|logic_ram" is uninferred due to inappropriate RAM size File: /home/zg366/packet-scheduling/pifo-hardware/synthesis/build/stock-pifo/rtl/PifoMesh.v Line: 10957
Info (19000): Inferred 25 megafunctions from design logic
    Info (276029): Inferred altsyncram megafunction from the following design logic: "io_controlRequest_fifo|logic_ram_rtl_0"  File: /home/zg366/packet-scheduling/pifo-hardware/synthesis/build/stock-pifo/rtl/PifoMesh.v Line: 1146
        Info (286033): Parameter OPERATION_MODE set to DUAL_PORT
        Info (286033): Parameter WIDTH_A set to 48
        Info (286033): Parameter WIDTHAD_A set to 2
        Info (286033): Parameter NUMWORDS_A set to 4
        Info (286033): Parameter WIDTH_B set to 48
        Info (286033): Parameter WIDTHAD_B set to 2
        Info (286033): Parameter NUMWORDS_B set to 4
        Info (286033): Parameter ADDRESS_ACLR_A set to NONE
        Info (286033): Parameter OUTDATA_REG_B set to UNREGISTERED
        Info (286033): Parameter ADDRESS_ACLR_B set to NONE
        Info (286033): Parameter OUTDATA_ACLR_B set to NONE
        Info (286033): Parameter ADDRESS_REG_B set to CLOCK0
        Info (286033): Parameter INDATA_ACLR_A set to NONE
        Info (286033): Parameter WRCONTROL_ACLR_A set to NONE
        Info (286033): Parameter READ_DURING_WRITE_MODE_MIXED_PORTS set to OLD_DATA
        Info (286033): Parameter RDCONTROL_REG_B set to CLOCK0
    Info (276029): Inferred altsyncram megafunction from the following design logic: "pifoEngines_0|enque_enqueMapper|banks_0_rtl_0"  File: /home/zg366/packet-scheduling/pifo-hardware/synthesis/build/stock-pifo/rtl/PifoMesh.v Line: 7919
        Info (286033): Parameter OPERATION_MODE set to DUAL_PORT
        Info (286033): Parameter WIDTH_A set to 5
        Info (286033): Parameter WIDTHAD_A set to 5
        Info (286033): Parameter NUMWORDS_A set to 32
        Info (286033): Parameter WIDTH_B set to 5
        Info (286033): Parameter WIDTHAD_B set to 5
        Info (286033): Parameter NUMWORDS_B set to 32
        Info (286033): Parameter ADDRESS_ACLR_A set to NONE
        Info (286033): Parameter OUTDATA_REG_B set to UNREGISTERED
        Info (286033): Parameter ADDRESS_ACLR_B set to NONE
        Info (286033): Parameter OUTDATA_ACLR_B set to NONE
        Info (286033): Parameter ADDRESS_REG_B set to CLOCK0
        Info (286033): Parameter INDATA_ACLR_A set to NONE
        Info (286033): Parameter WRCONTROL_ACLR_A set to NONE
        Info (286033): Parameter INIT_FILE set to qdb/_compiler/pifo/root_partition/25.3.1/partitioned/1/mifs/ram0_PifoMesh_a88d83e7.hdl.mif
        Info (286033): Parameter READ_DURING_WRITE_MODE_MIXED_PORTS set to OLD_DATA
        Info (286033): Parameter RDCONTROL_REG_B set to CLOCK0
    Info (276029): Inferred altsyncram megafunction from the following design logic: "pifoEngines_0|enque_enqueMapper|banks_0_rtl_1"  File: /home/zg366/packet-scheduling/pifo-hardware/synthesis/build/stock-pifo/rtl/PifoMesh.v Line: 7919
        Info (286033): Parameter OPERATION_MODE set to DUAL_PORT
        Info (286033): Parameter WIDTH_A set to 5
        Info (286033): Parameter WIDTHAD_A set to 5
        Info (286033): Parameter NUMWORDS_A set to 32
        Info (286033): Parameter WIDTH_B set to 5
        Info (286033): Parameter WIDTHAD_B set to 5
        Info (286033): Parameter NUMWORDS_B set to 32
        Info (286033): Parameter ADDRESS_ACLR_A set to NONE
        Info (286033): Parameter OUTDATA_REG_B set to UNREGISTERED
        Info (286033): Parameter ADDRESS_ACLR_B set to NONE
        Info (286033): Parameter OUTDATA_ACLR_B set to NONE
        Info (286033): Parameter ADDRESS_REG_B set to CLOCK0
        Info (286033): Parameter INDATA_ACLR_A set to NONE
        Info (286033): Parameter WRCONTROL_ACLR_A set to NONE
        Info (286033): Parameter INIT_FILE set to qdb/_compiler/pifo/root_partition/25.3.1/partitioned/1/mifs/ram0_PifoMesh_a88d83e7.hdl.mif
        Info (286033): Parameter READ_DURING_WRITE_MODE_MIXED_PORTS set to OLD_DATA
        Info (286033): Parameter RDCONTROL_REG_B set to CLOCK0
    Info (276029): Inferred altsyncram megafunction from the following design logic: "pifoEngines_0|enque_enqueMapper|banks_1_rtl_0"  File: /home/zg366/packet-scheduling/pifo-hardware/synthesis/build/stock-pifo/rtl/PifoMesh.v Line: 7920
        Info (286033): Parameter OPERATION_MODE set to DUAL_PORT
        Info (286033): Parameter WIDTH_A set to 5
        Info (286033): Parameter WIDTHAD_A set to 5
        Info (286033): Parameter NUMWORDS_A set to 32
        Info (286033): Parameter WIDTH_B set to 5
        Info (286033): Parameter WIDTHAD_B set to 5
        Info (286033): Parameter NUMWORDS_B set to 32
        Info (286033): Parameter ADDRESS_ACLR_A set to NONE
        Info (286033): Parameter OUTDATA_REG_B set to UNREGISTERED
        Info (286033): Parameter ADDRESS_ACLR_B set to NONE
        Info (286033): Parameter OUTDATA_ACLR_B set to NONE
        Info (286033): Parameter ADDRESS_REG_B set to CLOCK0
        Info (286033): Parameter INDATA_ACLR_A set to NONE
        Info (286033): Parameter WRCONTROL_ACLR_A set to NONE
        Info (286033): Parameter INIT_FILE set to qdb/_compiler/pifo/root_partition/25.3.1/partitioned/1/mifs/ram0_PifoMesh_a88d83e7.hdl.mif
        Info (286033): Parameter READ_DURING_WRITE_MODE_MIXED_PORTS set to OLD_DATA
        Info (286033): Parameter RDCONTROL_REG_B set to CLOCK0
    Info (276029): Inferred altsyncram megafunction from the following design logic: "pifoEngines_0|enque_enqueMapper|banks_1_rtl_1"  File: /home/zg366/packet-scheduling/pifo-hardware/synthesis/build/stock-pifo/rtl/PifoMesh.v Line: 7920
        Info (286033): Parameter OPERATION_MODE set to DUAL_PORT
        Info (286033): Parameter WIDTH_A set to 5
        Info (286033): Parameter WIDTHAD_A set to 5
        Info (286033): Parameter NUMWORDS_A set to 32
        Info (286033): Parameter WIDTH_B set to 5
        Info (286033): Parameter WIDTHAD_B set to 5
        Info (286033): Parameter NUMWORDS_B set to 32
        Info (286033): Parameter ADDRESS_ACLR_A set to NONE
        Info (286033): Parameter OUTDATA_REG_B set to UNREGISTERED
        Info (286033): Parameter ADDRESS_ACLR_B set to NONE
        Info (286033): Parameter OUTDATA_ACLR_B set to NONE
        Info (286033): Parameter ADDRESS_REG_B set to CLOCK0
        Info (286033): Parameter INDATA_ACLR_A set to NONE
        Info (286033): Parameter WRCONTROL_ACLR_A set to NONE
        Info (286033): Parameter INIT_FILE set to qdb/_compiler/pifo/root_partition/25.3.1/partitioned/1/mifs/ram0_PifoMesh_a88d83e7.hdl.mif
        Info (286033): Parameter READ_DURING_WRITE_MODE_MIXED_PORTS set to OLD_DATA
        Info (286033): Parameter RDCONTROL_REG_B set to CLOCK0
    Info (276029): Inferred altsyncram megafunction from the following design logic: "pifoEngines_0|deque_dequeMapper|banks_0_rtl_0"  File: /home/zg366/packet-scheduling/pifo-hardware/synthesis/build/stock-pifo/rtl/PifoMesh.v Line: 6659
        Info (286033): Parameter OPERATION_MODE set to DUAL_PORT
        Info (286033): Parameter WIDTH_A set to 7
        Info (286033): Parameter WIDTHAD_A set to 12
        Info (286033): Parameter NUMWORDS_A set to 4096
        Info (286033): Parameter WIDTH_B set to 7
        Info (286033): Parameter WIDTHAD_B set to 12
        Info (286033): Parameter NUMWORDS_B set to 4096
        Info (286033): Parameter ADDRESS_ACLR_A set to NONE
        Info (286033): Parameter OUTDATA_REG_B set to UNREGISTERED
        Info (286033): Parameter ADDRESS_ACLR_B set to NONE
        Info (286033): Parameter OUTDATA_ACLR_B set to NONE
        Info (286033): Parameter ADDRESS_REG_B set to CLOCK0
        Info (286033): Parameter INDATA_ACLR_A set to NONE
        Info (286033): Parameter WRCONTROL_ACLR_A set to NONE
        Info (286033): Parameter INIT_FILE set to qdb/_compiler/pifo/root_partition/25.3.1/partitioned/1/mifs/ram1_PifoMesh_a88d83e7.hdl.mif
        Info (286033): Parameter READ_DURING_WRITE_MODE_MIXED_PORTS set to OLD_DATA
        Info (286033): Parameter RDCONTROL_REG_B set to CLOCK0
    Info (276029): Inferred altsyncram megafunction from the following design logic: "pifoEngines_0|deque_dequeMapper|banks_0_rtl_1"  File: /home/zg366/packet-scheduling/pifo-hardware/synthesis/build/stock-pifo/rtl/PifoMesh.v Line: 6659
        Info (286033): Parameter OPERATION_MODE set to DUAL_PORT
        Info (286033): Parameter WIDTH_A set to 7
        Info (286033): Parameter WIDTHAD_A set to 12
        Info (286033): Parameter NUMWORDS_A set to 4096
        Info (286033): Parameter WIDTH_B set to 7
        Info (286033): Parameter WIDTHAD_B set to 12
        Info (286033): Parameter NUMWORDS_B set to 4096
        Info (286033): Parameter ADDRESS_ACLR_A set to NONE
        Info (286033): Parameter OUTDATA_REG_B set to UNREGISTERED
        Info (286033): Parameter ADDRESS_ACLR_B set to NONE
        Info (286033): Parameter OUTDATA_ACLR_B set to NONE
        Info (286033): Parameter ADDRESS_REG_B set to CLOCK0
        Info (286033): Parameter INDATA_ACLR_A set to NONE
        Info (286033): Parameter WRCONTROL_ACLR_A set to NONE
        Info (286033): Parameter INIT_FILE set to qdb/_compiler/pifo/root_partition/25.3.1/partitioned/1/mifs/ram1_PifoMesh_a88d83e7.hdl.mif
        Info (286033): Parameter READ_DURING_WRITE_MODE_MIXED_PORTS set to OLD_DATA
        Info (286033): Parameter RDCONTROL_REG_B set to CLOCK0
    Info (276029): Inferred altsyncram megafunction from the following design logic: "pifoEngines_0|deque_dequeMapper|banks_1_rtl_0"  File: /home/zg366/packet-scheduling/pifo-hardware/synthesis/build/stock-pifo/rtl/PifoMesh.v Line: 6660
        Info (286033): Parameter OPERATION_MODE set to DUAL_PORT
        Info (286033): Parameter WIDTH_A set to 7
        Info (286033): Parameter WIDTHAD_A set to 12
        Info (286033): Parameter NUMWORDS_A set to 4096
        Info (286033): Parameter WIDTH_B set to 7
        Info (286033): Parameter WIDTHAD_B set to 12
        Info (286033): Parameter NUMWORDS_B set to 4096
        Info (286033): Parameter ADDRESS_ACLR_A set to NONE
        Info (286033): Parameter OUTDATA_REG_B set to UNREGISTERED
        Info (286033): Parameter ADDRESS_ACLR_B set to NONE
        Info (286033): Parameter OUTDATA_ACLR_B set to NONE
        Info (286033): Parameter ADDRESS_REG_B set to CLOCK0
        Info (286033): Parameter INDATA_ACLR_A set to NONE
        Info (286033): Parameter WRCONTROL_ACLR_A set to NONE
        Info (286033): Parameter INIT_FILE set to qdb/_compiler/pifo/root_partition/25.3.1/partitioned/1/mifs/ram1_PifoMesh_a88d83e7.hdl.mif
        Info (286033): Parameter READ_DURING_WRITE_MODE_MIXED_PORTS set to OLD_DATA
        Info (286033): Parameter RDCONTROL_REG_B set to CLOCK0
    Info (276029): Inferred altsyncram megafunction from the following design logic: "pifoEngines_0|deque_dequeMapper|banks_1_rtl_1"  File: /home/zg366/packet-scheduling/pifo-hardware/synthesis/build/stock-pifo/rtl/PifoMesh.v Line: 6660
        Info (286033): Parameter OPERATION_MODE set to DUAL_PORT
        Info (286033): Parameter WIDTH_A set to 7
        Info (286033): Parameter WIDTHAD_A set to 12
        Info (286033): Parameter NUMWORDS_A set to 4096
        Info (286033): Parameter WIDTH_B set to 7
        Info (286033): Parameter WIDTHAD_B set to 12
        Info (286033): Parameter NUMWORDS_B set to 4096
        Info (286033): Parameter ADDRESS_ACLR_A set to NONE
        Info (286033): Parameter OUTDATA_REG_B set to UNREGISTERED
        Info (286033): Parameter ADDRESS_ACLR_B set to NONE
        Info (286033): Parameter OUTDATA_ACLR_B set to NONE
        Info (286033): Parameter ADDRESS_REG_B set to CLOCK0
        Info (286033): Parameter INDATA_ACLR_A set to NONE
        Info (286033): Parameter WRCONTROL_ACLR_A set to NONE
        Info (286033): Parameter INIT_FILE set to qdb/_compiler/pifo/root_partition/25.3.1/partitioned/1/mifs/ram1_PifoMesh_a88d83e7.hdl.mif
        Info (286033): Parameter READ_DURING_WRITE_MODE_MIXED_PORTS set to OLD_DATA
        Info (286033): Parameter RDCONTROL_REG_B set to CLOCK0
    Info (276029): Inferred altsyncram megafunction from the following design logic: "pifoEngines_1|enque_enqueMapper|banks_0_rtl_0"  File: /home/zg366/packet-scheduling/pifo-hardware/synthesis/build/stock-pifo/rtl/PifoMesh.v Line: 4591
        Info (286033): Parameter OPERATION_MODE set to DUAL_PORT
        Info (286033): Parameter WIDTH_A set to 5
        Info (286033): Parameter WIDTHAD_A set to 5
        Info (286033): Parameter NUMWORDS_A set to 32
        Info (286033): Parameter WIDTH_B set to 5
        Info (286033): Parameter WIDTHAD_B set to 5
        Info (286033): Parameter NUMWORDS_B set to 32
        Info (286033): Parameter ADDRESS_ACLR_A set to NONE
        Info (286033): Parameter OUTDATA_REG_B set to UNREGISTERED
        Info (286033): Parameter ADDRESS_ACLR_B set to NONE
        Info (286033): Parameter OUTDATA_ACLR_B set to NONE
        Info (286033): Parameter ADDRESS_REG_B set to CLOCK0
        Info (286033): Parameter INDATA_ACLR_A set to NONE
        Info (286033): Parameter WRCONTROL_ACLR_A set to NONE
        Info (286033): Parameter INIT_FILE set to qdb/_compiler/pifo/root_partition/25.3.1/partitioned/1/mifs/ram2_PifoMesh_a88d83e7.hdl.mif
        Info (286033): Parameter READ_DURING_WRITE_MODE_MIXED_PORTS set to OLD_DATA
        Info (286033): Parameter RDCONTROL_REG_B set to CLOCK0
    Info (276029): Inferred altsyncram megafunction from the following design logic: "pifoEngines_1|enque_enqueMapper|banks_0_rtl_1"  File: /home/zg366/packet-scheduling/pifo-hardware/synthesis/build/stock-pifo/rtl/PifoMesh.v Line: 4591
        Info (286033): Parameter OPERATION_MODE set to DUAL_PORT
        Info (286033): Parameter WIDTH_A set to 5
        Info (286033): Parameter WIDTHAD_A set to 5
        Info (286033): Parameter NUMWORDS_A set to 32
        Info (286033): Parameter WIDTH_B set to 5
        Info (286033): Parameter WIDTHAD_B set to 5
        Info (286033): Parameter NUMWORDS_B set to 32
        Info (286033): Parameter ADDRESS_ACLR_A set to NONE
        Info (286033): Parameter OUTDATA_REG_B set to UNREGISTERED
        Info (286033): Parameter ADDRESS_ACLR_B set to NONE
        Info (286033): Parameter OUTDATA_ACLR_B set to NONE
        Info (286033): Parameter ADDRESS_REG_B set to CLOCK0
        Info (286033): Parameter INDATA_ACLR_A set to NONE
        Info (286033): Parameter WRCONTROL_ACLR_A set to NONE
        Info (286033): Parameter INIT_FILE set to qdb/_compiler/pifo/root_partition/25.3.1/partitioned/1/mifs/ram2_PifoMesh_a88d83e7.hdl.mif
        Info (286033): Parameter READ_DURING_WRITE_MODE_MIXED_PORTS set to OLD_DATA
        Info (286033): Parameter RDCONTROL_REG_B set to CLOCK0
    Info (276029): Inferred altsyncram megafunction from the following design logic: "pifoEngines_1|enque_enqueMapper|banks_1_rtl_0"  File: /home/zg366/packet-scheduling/pifo-hardware/synthesis/build/stock-pifo/rtl/PifoMesh.v Line: 4592
        Info (286033): Parameter OPERATION_MODE set to DUAL_PORT
        Info (286033): Parameter WIDTH_A set to 5
        Info (286033): Parameter WIDTHAD_A set to 5
        Info (286033): Parameter NUMWORDS_A set to 32
        Info (286033): Parameter WIDTH_B set to 5
        Info (286033): Parameter WIDTHAD_B set to 5
        Info (286033): Parameter NUMWORDS_B set to 32
        Info (286033): Parameter ADDRESS_ACLR_A set to NONE
        Info (286033): Parameter OUTDATA_REG_B set to UNREGISTERED
        Info (286033): Parameter ADDRESS_ACLR_B set to NONE
        Info (286033): Parameter OUTDATA_ACLR_B set to NONE
        Info (286033): Parameter ADDRESS_REG_B set to CLOCK0
        Info (286033): Parameter INDATA_ACLR_A set to NONE
        Info (286033): Parameter WRCONTROL_ACLR_A set to NONE
        Info (286033): Parameter INIT_FILE set to qdb/_compiler/pifo/root_partition/25.3.1/partitioned/1/mifs/ram2_PifoMesh_a88d83e7.hdl.mif
        Info (286033): Parameter READ_DURING_WRITE_MODE_MIXED_PORTS set to OLD_DATA
        Info (286033): Parameter RDCONTROL_REG_B set to CLOCK0
    Info (276029): Inferred altsyncram megafunction from the following design logic: "pifoEngines_1|enque_enqueMapper|banks_1_rtl_1"  File: /home/zg366/packet-scheduling/pifo-hardware/synthesis/build/stock-pifo/rtl/PifoMesh.v Line: 4592
        Info (286033): Parameter OPERATION_MODE set to DUAL_PORT
        Info (286033): Parameter WIDTH_A set to 5
        Info (286033): Parameter WIDTHAD_A set to 5
        Info (286033): Parameter NUMWORDS_A set to 32
        Info (286033): Parameter WIDTH_B set to 5
        Info (286033): Parameter WIDTHAD_B set to 5
        Info (286033): Parameter NUMWORDS_B set to 32
        Info (286033): Parameter ADDRESS_ACLR_A set to NONE
        Info (286033): Parameter OUTDATA_REG_B set to UNREGISTERED
        Info (286033): Parameter ADDRESS_ACLR_B set to NONE
        Info (286033): Parameter OUTDATA_ACLR_B set to NONE
        Info (286033): Parameter ADDRESS_REG_B set to CLOCK0
        Info (286033): Parameter INDATA_ACLR_A set to NONE
        Info (286033): Parameter WRCONTROL_ACLR_A set to NONE
        Info (286033): Parameter INIT_FILE set to qdb/_compiler/pifo/root_partition/25.3.1/partitioned/1/mifs/ram2_PifoMesh_a88d83e7.hdl.mif
        Info (286033): Parameter READ_DURING_WRITE_MODE_MIXED_PORTS set to OLD_DATA
        Info (286033): Parameter RDCONTROL_REG_B set to CLOCK0
    Info (276029): Inferred altsyncram megafunction from the following design logic: "pifoEngines_1|deque_dequeMapper|banks_0_rtl_0"  File: /home/zg366/packet-scheduling/pifo-hardware/synthesis/build/stock-pifo/rtl/PifoMesh.v Line: 3376
        Info (286033): Parameter OPERATION_MODE set to DUAL_PORT
        Info (286033): Parameter WIDTH_A set to 7
        Info (286033): Parameter WIDTHAD_A set to 12
        Info (286033): Parameter NUMWORDS_A set to 4096
        Info (286033): Parameter WIDTH_B set to 7
        Info (286033): Parameter WIDTHAD_B set to 12
        Info (286033): Parameter NUMWORDS_B set to 4096
        Info (286033): Parameter ADDRESS_ACLR_A set to NONE
        Info (286033): Parameter OUTDATA_REG_B set to UNREGISTERED
        Info (286033): Parameter ADDRESS_ACLR_B set to NONE
        Info (286033): Parameter OUTDATA_ACLR_B set to NONE
        Info (286033): Parameter ADDRESS_REG_B set to CLOCK0
        Info (286033): Parameter INDATA_ACLR_A set to NONE
        Info (286033): Parameter WRCONTROL_ACLR_A set to NONE
        Info (286033): Parameter INIT_FILE set to qdb/_compiler/pifo/root_partition/25.3.1/partitioned/1/mifs/ram3_PifoMesh_a88d83e7.hdl.mif
        Info (286033): Parameter READ_DURING_WRITE_MODE_MIXED_PORTS set to OLD_DATA
        Info (286033): Parameter RDCONTROL_REG_B set to CLOCK0
    Info (276029): Inferred altsyncram megafunction from the following design logic: "pifoEngines_1|deque_dequeMapper|banks_0_rtl_1"  File: /home/zg366/packet-scheduling/pifo-hardware/synthesis/build/stock-pifo/rtl/PifoMesh.v Line: 3376
        Info (286033): Parameter OPERATION_MODE set to DUAL_PORT
        Info (286033): Parameter WIDTH_A set to 7
        Info (286033): Parameter WIDTHAD_A set to 12
        Info (286033): Parameter NUMWORDS_A set to 4096
        Info (286033): Parameter WIDTH_B set to 7
        Info (286033): Parameter WIDTHAD_B set to 12
        Info (286033): Parameter NUMWORDS_B set to 4096
        Info (286033): Parameter ADDRESS_ACLR_A set to NONE
        Info (286033): Parameter OUTDATA_REG_B set to UNREGISTERED
        Info (286033): Parameter ADDRESS_ACLR_B set to NONE
        Info (286033): Parameter OUTDATA_ACLR_B set to NONE
        Info (286033): Parameter ADDRESS_REG_B set to CLOCK0
        Info (286033): Parameter INDATA_ACLR_A set to NONE
        Info (286033): Parameter WRCONTROL_ACLR_A set to NONE
        Info (286033): Parameter INIT_FILE set to qdb/_compiler/pifo/root_partition/25.3.1/partitioned/1/mifs/ram3_PifoMesh_a88d83e7.hdl.mif
        Info (286033): Parameter READ_DURING_WRITE_MODE_MIXED_PORTS set to OLD_DATA
        Info (286033): Parameter RDCONTROL_REG_B set to CLOCK0
    Info (276029): Inferred altsyncram megafunction from the following design logic: "pifoEngines_1|deque_dequeMapper|banks_1_rtl_0"  File: /home/zg366/packet-scheduling/pifo-hardware/synthesis/build/stock-pifo/rtl/PifoMesh.v Line: 3377
        Info (286033): Parameter OPERATION_MODE set to DUAL_PORT
        Info (286033): Parameter WIDTH_A set to 7
        Info (286033): Parameter WIDTHAD_A set to 12
        Info (286033): Parameter NUMWORDS_A set to 4096
        Info (286033): Parameter WIDTH_B set to 7
        Info (286033): Parameter WIDTHAD_B set to 12
        Info (286033): Parameter NUMWORDS_B set to 4096
        Info (286033): Parameter ADDRESS_ACLR_A set to NONE
        Info (286033): Parameter OUTDATA_REG_B set to UNREGISTERED
        Info (286033): Parameter ADDRESS_ACLR_B set to NONE
        Info (286033): Parameter OUTDATA_ACLR_B set to NONE
        Info (286033): Parameter ADDRESS_REG_B set to CLOCK0
        Info (286033): Parameter INDATA_ACLR_A set to NONE
        Info (286033): Parameter WRCONTROL_ACLR_A set to NONE
        Info (286033): Parameter INIT_FILE set to qdb/_compiler/pifo/root_partition/25.3.1/partitioned/1/mifs/ram3_PifoMesh_a88d83e7.hdl.mif
        Info (286033): Parameter READ_DURING_WRITE_MODE_MIXED_PORTS set to OLD_DATA
        Info (286033): Parameter RDCONTROL_REG_B set to CLOCK0
    Info (276029): Inferred altsyncram megafunction from the following design logic: "pifoEngines_1|deque_dequeMapper|banks_1_rtl_1"  File: /home/zg366/packet-scheduling/pifo-hardware/synthesis/build/stock-pifo/rtl/PifoMesh.v Line: 3377
        Info (286033): Parameter OPERATION_MODE set to DUAL_PORT
        Info (286033): Parameter WIDTH_A set to 7
        Info (286033): Parameter WIDTHAD_A set to 12
        Info (286033): Parameter NUMWORDS_A set to 4096
        Info (286033): Parameter WIDTH_B set to 7
        Info (286033): Parameter WIDTHAD_B set to 12
        Info (286033): Parameter NUMWORDS_B set to 4096
        Info (286033): Parameter ADDRESS_ACLR_A set to NONE
        Info (286033): Parameter OUTDATA_REG_B set to UNREGISTERED
        Info (286033): Parameter ADDRESS_ACLR_B set to NONE
        Info (286033): Parameter OUTDATA_ACLR_B set to NONE
        Info (286033): Parameter ADDRESS_REG_B set to CLOCK0
        Info (286033): Parameter INDATA_ACLR_A set to NONE
        Info (286033): Parameter WRCONTROL_ACLR_A set to NONE
        Info (286033): Parameter INIT_FILE set to qdb/_compiler/pifo/root_partition/25.3.1/partitioned/1/mifs/ram3_PifoMesh_a88d83e7.hdl.mif
        Info (286033): Parameter READ_DURING_WRITE_MODE_MIXED_PORTS set to OLD_DATA
        Info (286033): Parameter RDCONTROL_REG_B set to CLOCK0
    Info (276029): Inferred altsyncram megafunction from the following design logic: "pifoEngines_0|enque_brain|engineMapper|ram_rtl_0"  File: /home/zg366/packet-scheduling/pifo-hardware/synthesis/build/stock-pifo/rtl/PifoMesh.v Line: 10201
        Info (286033): Parameter OPERATION_MODE set to DUAL_PORT
        Info (286033): Parameter WIDTH_A set to 2
        Info (286033): Parameter WIDTHAD_A set to 5
        Info (286033): Parameter NUMWORDS_A set to 32
        Info (286033): Parameter WIDTH_B set to 2
        Info (286033): Parameter WIDTHAD_B set to 5
        Info (286033): Parameter NUMWORDS_B set to 32
        Info (286033): Parameter ADDRESS_ACLR_A set to NONE
        Info (286033): Parameter OUTDATA_REG_B set to UNREGISTERED
        Info (286033): Parameter ADDRESS_ACLR_B set to NONE
        Info (286033): Parameter OUTDATA_ACLR_B set to NONE
        Info (286033): Parameter ADDRESS_REG_B set to CLOCK0
        Info (286033): Parameter INDATA_ACLR_A set to NONE
        Info (286033): Parameter WRCONTROL_ACLR_A set to NONE
        Info (286033): Parameter INIT_FILE set to qdb/_compiler/pifo/root_partition/25.3.1/partitioned/1/mifs/ram4_PifoMesh_a88d83e7.hdl.mif
        Info (286033): Parameter READ_DURING_WRITE_MODE_MIXED_PORTS set to OLD_DATA
    Info (276029): Inferred altsyncram megafunction from the following design logic: "pifoEngines_0|enque_brain|lastVirtualMapper|ram_rtl_0"  File: /home/zg366/packet-scheduling/pifo-hardware/synthesis/build/stock-pifo/rtl/PifoMesh.v Line: 10148
        Info (286033): Parameter OPERATION_MODE set to DUAL_PORT
        Info (286033): Parameter WIDTH_A set to 8
        Info (286033): Parameter WIDTHAD_A set to 5
        Info (286033): Parameter NUMWORDS_A set to 32
        Info (286033): Parameter WIDTH_B set to 8
        Info (286033): Parameter WIDTHAD_B set to 5
        Info (286033): Parameter NUMWORDS_B set to 32
        Info (286033): Parameter ADDRESS_ACLR_A set to NONE
        Info (286033): Parameter OUTDATA_REG_B set to UNREGISTERED
        Info (286033): Parameter ADDRESS_ACLR_B set to NONE
        Info (286033): Parameter OUTDATA_ACLR_B set to NONE
        Info (286033): Parameter ADDRESS_REG_B set to CLOCK0
        Info (286033): Parameter INDATA_ACLR_A set to NONE
        Info (286033): Parameter WRCONTROL_ACLR_A set to NONE
        Info (286033): Parameter INIT_FILE set to qdb/_compiler/pifo/root_partition/25.3.1/partitioned/1/mifs/ram5_PifoMesh_a88d83e7.hdl.mif
        Info (286033): Parameter READ_DURING_WRITE_MODE_MIXED_PORTS set to OLD_DATA
    Info (276029): Inferred altsyncram megafunction from the following design logic: "pifoEngines_0|enque_brain|engineCAM|ram_rtl_0"  File: /home/zg366/packet-scheduling/pifo-hardware/synthesis/build/stock-pifo/rtl/PifoMesh.v Line: 10095
        Info (286033): Parameter OPERATION_MODE set to DUAL_PORT
        Info (286033): Parameter WIDTH_A set to 32
        Info (286033): Parameter WIDTHAD_A set to 12
        Info (286033): Parameter NUMWORDS_A set to 4096
        Info (286033): Parameter WIDTH_B set to 32
        Info (286033): Parameter WIDTHAD_B set to 12
        Info (286033): Parameter NUMWORDS_B set to 4096
        Info (286033): Parameter ADDRESS_ACLR_A set to NONE
        Info (286033): Parameter OUTDATA_REG_B set to UNREGISTERED
        Info (286033): Parameter ADDRESS_ACLR_B set to NONE
        Info (286033): Parameter OUTDATA_ACLR_B set to NONE
        Info (286033): Parameter ADDRESS_REG_B set to CLOCK0
        Info (286033): Parameter INDATA_ACLR_A set to NONE
        Info (286033): Parameter WRCONTROL_ACLR_A set to NONE
        Info (286033): Parameter INIT_FILE set to qdb/_compiler/pifo/root_partition/25.3.1/partitioned/1/mifs/ram6_PifoMesh_a88d83e7.hdl.mif
        Info (286033): Parameter READ_DURING_WRITE_MODE_MIXED_PORTS set to OLD_DATA
    Info (276029): Inferred altsyncram megafunction from the following design logic: "pifoEngines_0|enque_brain|brainStateMem|ram_rtl_0"  File: /home/zg366/packet-scheduling/pifo-hardware/synthesis/build/stock-pifo/rtl/PifoMesh.v Line: 9924
        Info (286033): Parameter OPERATION_MODE set to DUAL_PORT
        Info (286033): Parameter WIDTH_A set to 32
        Info (286033): Parameter WIDTHAD_A set to 5
        Info (286033): Parameter NUMWORDS_A set to 32
        Info (286033): Parameter WIDTH_B set to 32
        Info (286033): Parameter WIDTHAD_B set to 5
        Info (286033): Parameter NUMWORDS_B set to 32
        Info (286033): Parameter ADDRESS_ACLR_A set to NONE
        Info (286033): Parameter OUTDATA_REG_B set to UNREGISTERED
        Info (286033): Parameter ADDRESS_ACLR_B set to NONE
        Info (286033): Parameter OUTDATA_ACLR_B set to NONE
        Info (286033): Parameter ADDRESS_REG_B set to CLOCK0
        Info (286033): Parameter INDATA_ACLR_A set to NONE
        Info (286033): Parameter WRCONTROL_ACLR_A set to NONE
        Info (286033): Parameter INIT_FILE set to qdb/_compiler/pifo/root_partition/25.3.1/partitioned/1/mifs/ram7_PifoMesh_a88d83e7.hdl.mif
        Info (286033): Parameter READ_DURING_WRITE_MODE_MIXED_PORTS set to OLD_DATA
    Info (276029): Inferred altsyncram megafunction from the following design logic: "pifoEngines_1|enque_brain|engineMapper|ram_rtl_0"  File: /home/zg366/packet-scheduling/pifo-hardware/synthesis/build/stock-pifo/rtl/PifoMesh.v Line: 9231
        Info (286033): Parameter OPERATION_MODE set to DUAL_PORT
        Info (286033): Parameter WIDTH_A set to 2
        Info (286033): Parameter WIDTHAD_A set to 5
        Info (286033): Parameter NUMWORDS_A set to 32
        Info (286033): Parameter WIDTH_B set to 2
        Info (286033): Parameter WIDTHAD_B set to 5
        Info (286033): Parameter NUMWORDS_B set to 32
        Info (286033): Parameter ADDRESS_ACLR_A set to NONE
        Info (286033): Parameter OUTDATA_REG_B set to UNREGISTERED
        Info (286033): Parameter ADDRESS_ACLR_B set to NONE
        Info (286033): Parameter OUTDATA_ACLR_B set to NONE
        Info (286033): Parameter ADDRESS_REG_B set to CLOCK0
        Info (286033): Parameter INDATA_ACLR_A set to NONE
        Info (286033): Parameter WRCONTROL_ACLR_A set to NONE
        Info (286033): Parameter INIT_FILE set to qdb/_compiler/pifo/root_partition/25.3.1/partitioned/1/mifs/ram8_PifoMesh_a88d83e7.hdl.mif
        Info (286033): Parameter READ_DURING_WRITE_MODE_MIXED_PORTS set to OLD_DATA
    Info (276029): Inferred altsyncram megafunction from the following design logic: "pifoEngines_1|enque_brain|lastVirtualMapper|ram_rtl_0"  File: /home/zg366/packet-scheduling/pifo-hardware/synthesis/build/stock-pifo/rtl/PifoMesh.v Line: 9178
        Info (286033): Parameter OPERATION_MODE set to DUAL_PORT
        Info (286033): Parameter WIDTH_A set to 8
        Info (286033): Parameter WIDTHAD_A set to 5
        Info (286033): Parameter NUMWORDS_A set to 32
        Info (286033): Parameter WIDTH_B set to 8
        Info (286033): Parameter WIDTHAD_B set to 5
        Info (286033): Parameter NUMWORDS_B set to 32
        Info (286033): Parameter ADDRESS_ACLR_A set to NONE
        Info (286033): Parameter OUTDATA_REG_B set to UNREGISTERED
        Info (286033): Parameter ADDRESS_ACLR_B set to NONE
        Info (286033): Parameter OUTDATA_ACLR_B set to NONE
        Info (286033): Parameter ADDRESS_REG_B set to CLOCK0
        Info (286033): Parameter INDATA_ACLR_A set to NONE
        Info (286033): Parameter WRCONTROL_ACLR_A set to NONE
        Info (286033): Parameter INIT_FILE set to qdb/_compiler/pifo/root_partition/25.3.1/partitioned/1/mifs/ram9_PifoMesh_a88d83e7.hdl.mif
        Info (286033): Parameter READ_DURING_WRITE_MODE_MIXED_PORTS set to OLD_DATA
    Info (276029): Inferred altsyncram megafunction from the following design logic: "pifoEngines_1|enque_brain|engineCAM|ram_rtl_0"  File: /home/zg366/packet-scheduling/pifo-hardware/synthesis/build/stock-pifo/rtl/PifoMesh.v Line: 9125
        Info (286033): Parameter OPERATION_MODE set to DUAL_PORT
        Info (286033): Parameter WIDTH_A set to 32
        Info (286033): Parameter WIDTHAD_A set to 12
        Info (286033): Parameter NUMWORDS_A set to 4096
        Info (286033): Parameter WIDTH_B set to 32
        Info (286033): Parameter WIDTHAD_B set to 12
        Info (286033): Parameter NUMWORDS_B set to 4096
        Info (286033): Parameter ADDRESS_ACLR_A set to NONE
        Info (286033): Parameter OUTDATA_REG_B set to UNREGISTERED
        Info (286033): Parameter ADDRESS_ACLR_B set to NONE
        Info (286033): Parameter OUTDATA_ACLR_B set to NONE
        Info (286033): Parameter ADDRESS_REG_B set to CLOCK0
        Info (286033): Parameter INDATA_ACLR_A set to NONE
        Info (286033): Parameter WRCONTROL_ACLR_A set to NONE
        Info (286033): Parameter INIT_FILE set to qdb/_compiler/pifo/root_partition/25.3.1/partitioned/1/mifs/ram10_PifoMesh_a88d83e7.hdl.mif
        Info (286033): Parameter READ_DURING_WRITE_MODE_MIXED_PORTS set to OLD_DATA
    Info (276029): Inferred altsyncram megafunction from the following design logic: "pifoEngines_1|enque_brain|brainStateMem|ram_rtl_0"  File: /home/zg366/packet-scheduling/pifo-hardware/synthesis/build/stock-pifo/rtl/PifoMesh.v Line: 9068
        Info (286033): Parameter OPERATION_MODE set to DUAL_PORT
        Info (286033): Parameter WIDTH_A set to 32
        Info (286033): Parameter WIDTHAD_A set to 5
        Info (286033): Parameter NUMWORDS_A set to 32
        Info (286033): Parameter WIDTH_B set to 32
        Info (286033): Parameter WIDTHAD_B set to 5
        Info (286033): Parameter NUMWORDS_B set to 32
        Info (286033): Parameter ADDRESS_ACLR_A set to NONE
        Info (286033): Parameter OUTDATA_REG_B set to UNREGISTERED
        Info (286033): Parameter ADDRESS_ACLR_B set to NONE
        Info (286033): Parameter OUTDATA_ACLR_B set to NONE
        Info (286033): Parameter ADDRESS_REG_B set to CLOCK0
        Info (286033): Parameter INDATA_ACLR_A set to NONE
        Info (286033): Parameter WRCONTROL_ACLR_A set to NONE
        Info (286033): Parameter INIT_FILE set to qdb/_compiler/pifo/root_partition/25.3.1/partitioned/1/mifs/ram11_PifoMesh_a88d83e7.hdl.mif
        Info (286033): Parameter READ_DURING_WRITE_MODE_MIXED_PORTS set to OLD_DATA
Warning (14284): Synthesized away the following node(s):
    Warning (25637): Synthesized away 168 node(s) of type RAM. See "Registers Removed during Synthesis" report for more details.
Info (17049): 277 registers lost all their fanouts during netlist optimizations.
Info (21057): Implemented 99714 device resources after synthesis - the final resource count might be different
    Info (21058): Implemented 77 input pins
    Info (21059): Implemented 13 output pins
    Info (21061): Implemented 99380 logic cells
    Info (21064): Implemented 244 RAM segments
Info: Successfully synthesized partition
Info: Saving post-synthesis snapshots for 1 partition(s)
Info (21615): Running Design Assistant Rules for snapshot 'synthesized'
Info: No waiver waived any violations
Info (22360): Design Assistant Results: 12 of 13 enabled rules passed, and 7 rules was disabled, in snapshot 'synthesized'
Info (21661): Design Assistant Results: 0 of 1 High severity rules issued violations in snapshot 'synthesized'
Info (21621): Design Assistant Results: 1 of 6 Medium severity rules issued violations in snapshot 'synthesized'. Please refer to DRC report '/home/zg366/packet-scheduling/pifo-hardware/synthesis/build/stock-pifo/output_files/pifo.drc.synthesized.rpt' for more information
Info (21622): Design Assistant Results: 0 of 6 Low severity rules issued violations in snapshot 'synthesized'
Info: Quartus Prime Synthesis was successful. 0 errors, 3 warnings
    Info: Peak virtual memory: 3693 megabytes
    Info: Processing ended: Sun Sep  6 20:01:47 2026
    Info: Elapsed time: 00:03:06
    Info: System process ID: 245246


