request_id,global_flow_id,size_bytes,arrival_cycle,admitted_cycle,completed_cycle,admission_delay_cycles,sojourn_cycles
1,1,48,0,1,24,1,24
2,2,48,3,4,27,1,24
3,3,48,5,6,30,1,25
6,6,48,14,15,33,1,19
4,4,48,8,9,36,1,28
7,7,48,16,18,39,2,23
9,1,48,22,23,42,1,20
5,5,48,11,13,45,2,34
10,2,48,25,26,48,1,23
15,7,48,38,39,51,1,13
11,3,48,27,29,54,2,27
14,6,48,36,38,57,2,21
12,4,48,30,32,60,2,30
8,8,48,19,20,63,1,44
17,1,48,44,46,66,2,22
13,5,48,33,35,69,2,36
18,2,48,47,48,72,1,25
23,7,48,60,62,75,2,15
19,3,48,49,51,78,2,29
22,6,48,58,59,81,1,23
25,1,48,65,66,84,1,19
20,4,48,52,53,87,1,35
16,8,48,41,42,90,1,49
26,2,48,68,69,93,1,25
30,6,48,79,80,96,1,17
31,7,48,81,83,99,2,18
27,3,48,70,72,102,2,32
21,5,48,55,56,105,1,50
33,1,48,87,89,108,2,21
28,4,48,73,74,111,1,38
24,8,48,63,65,114,2,51
34,2,48,90,92,117,2,27
38,6,48,101,102,120,1,19
39,7,48,103,105,123,2,20
35,3,48,92,93,126,1,34
41,1,48,109,110,129,1,20
29,5,48,76,77,132,1,56
42,2,48,112,113,135,1,23
36,4,48,95,96,138,1,43
47,7,48,125,126,141,1,16
46,6,48,123,125,144,2,21
32,8,48,84,86,147,2,63
43,3,48,114,116,150,2,36
49,1,48,131,133,153,2,22
37,5,48,98,100,156,2,58
50,2,48,134,135,159,1,25
44,4,48,117,119,162,2,45
55,7,48,147,149,165,2,18
54,6,48,145,146,168,1,23
57,1,48,153,155,171,2,18
40,8,48,106,107,174,1,68
51,3,48,136,138,177,2,41
58,2,48,156,158,180,2,24
62,6,48,167,168,183,1,16
52,4,48,139,140,186,1,47
63,7,48,169,171,189,2,20
45,5,48,120,122,192,2,72
65,1,48,175,176,195,1,20
48,8,48,128,129,198,1,70
59,3,48,158,159,201,1,43
66,2,48,178,179,204,1,26
70,6,48,189,191,207,2,18
60,4,48,161,162,210,1,49
71,7,48,191,192,213,1,22
53,5,48,142,143,216,1,74
73,1,48,196,198,219,2,23
56,8,48,150,152,222,2,72
67,3,48,180,182,225,2,45
74,2,48,199,200,228,1,29
78,6,48,210,212,231,2,21
68,4,48,183,185,234,2,51
79,7,48,212,213,237,1,25
81,1,48,218,220,240,2,22
61,5,48,164,166,243,2,79
82,2,48,221,222,246,1,25
87,7,48,234,236,249,2,15
75,3,48,201,203,252,2,51
86,6,48,232,233,255,1,23
89,1,48,240,242,258,2,18
76,4,48,204,206,261,2,57
64,8,48,172,173,264,1,92
90,2,48,243,245,267,2,24
94,6,48,254,255,270,1,16
95,7,48,256,258,273,2,17
83,3,48,223,225,276,2,53
69,5,48,186,188,279,2,93
97,1,48,262,263,282,1,20
84,4,48,226,227,285,1,59
72,8,48,194,195,288,1,94
98,2,48,265,266,291,1,26
102,6,48,276,278,294,2,18
103,7,48,278,279,297,1,19
91,3,48,245,246,300,1,55
77,5,48,207,209,303,2,96
105,1,48,284,286,306,2,22
92,4,48,248,249,309,1,61
80,8,48,215,216,312,1,97
106,2,48,287,288,315,1,28
110,6,48,298,299,318,1,20
111,7,48,300,302,321,2,21
99,3,48,267,269,324,2,57
113,1,48,305,306,327,1,22
85,5,48,229,230,330,1,101
114,2,48,308,309,333,1,25
100,4,48,270,272,336,2,66
119,7,48,321,323,339,2,18
118,6,48,319,320,342,1,23
121,1,48,327,329,345,2,18
88,8,48,237,239,348,2,111
107,3,48,289,291,351,2,62
122,2,48,330,332,354,2,24
126,6,48,341,342,357,1,16
108,4,48,292,293,360,1,68
127,7,48,343,345,363,2,20
93,5,48,251,253,366,2,115
129,1,48,349,350,369,1,20
96,8,48,259,260,372,1,113
115,3,48,310,312,375,2,65
130,2,48,352,353,378,1,26
134,6,48,363,365,381,2,18
116,4,48,313,314,384,1,71
135,7,48,365,366,387,1,22
101,5,48,273,275,390,2,117
137,1,48,371,373,393,2,22
104,8,48,281,282,396,1,115
123,3,48,332,333,399,1,67
138,2,48,374,375,402,1,28
142,6,48,385,386,405,1,20
124,4,48,335,336,408,1,73
143,7,48,387,389,411,2,24
145,1,48,393,395,414,2,21
109,5,48,295,296,417,1,122
146,2,48,396,398,420,2,24
151,7,48,409,411,423,2,14
131,3,48,354,356,426,2,72
150,6,48,407,408,429,1,22
153,1,48,415,416,432,1,17
132,4,48,357,359,435,2,78
112,8,48,303,305,438,2,135
154,2,48,418,419,441,1,23
158,6,48,429,431,444,2,15
159,7,48,431,432,447,1,16
139,3,48,376,378,450,2,74
117,5,48,316,317,453,1,137
161,1,48,436,438,456,2,20
140,4,48,379,380,459,1,80
120,8,48,324,326,462,2,138
162,2,48,439,440,465,1,26
166,6,48,450,452,468,2,18
167,7,48,452,453,471,1,19
147,3,48,398,399,474,1,76
125,5,48,338,340,477,2,139
169,1,48,458,460,480,2,22
148,4,48,401,402,483,1,82
128,8,48,346,347,486,1,140
170,2,48,461,462,489,1,28
174,6,48,472,473,492,1,20
175,7,48,474,476,495,2,21
155,3,48,420,422,498,2,78
177,1,48,480,482,501,2,21
133,5,48,360,362,504,2,144
178,2,48,483,485,507,2,24
156,4,48,423,425,510,2,87
183,7,48,496,498,513,2,17
182,6,48,494,495,516,1,22
185,1,48,502,503,519,1,17
136,8,48,368,369,522,1,154
163,3,48,441,443,525,2,84
186,2,48,505,506,528,1,23
190,6,48,516,518,531,2,15
164,4,48,444,446,534,2,90
191,7,48,518,519,537,1,19
141,5,48,382,383,540,1,158
193,1,48,524,526,543,2,19
144,8,48,390,392,546,2,156
171,3,48,463,465,549,2,86
194,2,48,527,528,552,1,25
198,6,48,538,539,555,1,17
172,4,48,466,467,558,1,92
199,7,48,540,542,561,2,21
149,5,48,404,406,564,2,160
201,1,48,545,546,567,1,22
152,8,48,412,413,570,1,158
179,3,48,485,486,573,1,88
202,2,48,548,549,576,1,28
206,6,48,559,560,579,1,20
180,4,48,488,489,582,1,94
207,7,48,561,563,585,2,24
209,1,48,567,569,588,2,21
157,5,48,426,428,591,2,165
210,2,48,570,572,594,2,24
215,7,48,583,585,597,2,14
187,3,48,507,509,600,2,93
214,6,48,581,582,603,1,22
217,1,48,589,590,606,1,17
188,4,48,510,512,609,2,99
160,8,48,434,435,612,1,178
218,2,48,592,593,615,1,23
222,6,48,603,605,618,2,15
223,7,48,605,606,621,1,16
195,3,48,529,531,624,2,95
165,5,48,447,449,627,2,180
225,1,48,611,613,630,2,19
196,4,48,532,533,633,1,101
168,8,48,455,456,636,1,181
226,2,48,614,615,639,1,25
230,6,48,625,626,642,1,17
231,7,48,627,629,645,2,18
203,3,48,550,552,648,2,98
173,5,48,469,470,651,1,182
233,1,48,633,635,654,2,21
204,4,48,553,554,657,1,104
176,8,48,477,479,660,2,183
234,2,48,636,638,663,2,27
238,6,48,647,648,666,1,19
239,7,48,649,651,669,2,20
211,3,48,572,573,672,1,100
241,1,48,655,656,675,1,20
181,5,48,491,493,678,2,187
242,2,48,658,659,681,1,23
212,4,48,575,576,684,1,109
247,7,48,671,672,687,1,16
246,6,48,669,671,690,2,21
184,8,48,499,500,693,1,194
219,3,48,594,596,696,2,102
249,1,48,676,678,699,2,23
189,5,48,513,515,702,2,189
250,2,48,679,680,705,1,26
220,4,48,597,599,708,2,111
255,7,48,692,693,711,1,19
254,6,48,690,692,714,2,24
257,1,48,698,700,717,2,19
192,8,48,521,522,720,1,199
227,3,48,616,618,723,2,107
258,2,48,701,702,726,1,25
262,6,48,712,713,729,1,17
228,4,48,619,620,732,1,113
263,7,48,714,716,735,2,21
197,5,48,535,536,738,1,203
265,1,48,720,722,741,2,21
200,8,48,543,545,744,2,201
235,3,48,638,639,747,1,109
266,2,48,723,725,750,2,27
270,6,48,734,735,753,1,19
236,4,48,641,642,756,1,115
271,7,48,736,738,759,2,23
273,1,48,742,743,762,1,20
205,5,48,556,557,765,1,209
274,2,48,745,746,768,1,23
279,7,48,758,759,771,1,13
243,3,48,660,662,774,2,114
278,6,48,756,758,777,2,21
244,4,48,663,665,780,2,117
208,8,48,564,566,783,2,219
281,1,48,764,766,786,2,22
213,5,48,578,580,789,2,211
282,2,48,767,768,792,1,25
287,7,48,780,782,795,2,15
251,3,48,681,683,798,2,117
286,6,48,778,779,801,1,23
289,1,48,785,786,804,1,19
252,4,48,684,686,807,2,123
216,8,48,586,587,810,1,224
290,2,48,788,789,813,1,25
294,6,48,799,800,816,1,17
295,7,48,801,803,819,2,18
259,3,48,703,705,822,2,119
221,5,48,600,602,825,2,225
297,1,48,807,809,828,2,21
260,4,48,706,707,831,1,125
224,8,48,608,609,834,1,226
298,2,48,810,812,837,2,27
302,6,48,821,822,840,1,19
303,7,48,823,825,843,2,20
267,3,48,725,726,846,1,121
305,1,48,829,830,849,1,20
229,5,48,622,623,852,1,230
306,2,48,832,833,855,1,23
268,4,48,728,729,858,1,130
311,7,48,845,846,861,1,16
310,6,48,843,845,864,2,21
232,8,48,630,632,867,2,237
275,3,48,747,749,870,2,123
313,1,48,851,853,873,2,22
237,5,48,644,646,876,2,232
314,2,48,854,855,879,1,25
276,4,48,750,752,882,2,132
319,7,48,867,869,885,2,18
318,6,48,865,866,888,1,23
321,1,48,873,875,891,2,18
240,8,48,652,653,894,1,242
283,3,48,769,771,897,2,128
322,2,48,876,878,900,2,24
326,6,48,887,888,903,1,16
284,4,48,772,773,906,1,134
327,7,48,889,891,909,2,20
245,5,48,666,668,912,2,246
329,1,48,895,896,915,1,20
248,8,48,674,675,918,1,244
291,3,48,790,792,921,2,131
330,2,48,898,899,924,1,26
334,6,48,909,911,927,2,18
292,4,48,793,794,930,1,137
335,7,48,911,912,933,1,22
253,5,48,687,689,936,2,249
337,1,48,916,918,939,2,23
256,8,48,695,696,942,1,247
299,3,48,812,813,945,1,133
338,2,48,919,920,948,1,29
342,6,48,930,932,951,2,21
300,4,48,815,816,954,1,139
343,7,48,932,933,957,1,25
345,1,48,938,940,960,2,22
261,5,48,709,710,963,1,254
346,2,48,941,942,966,1,25
351,7,48,954,956,969,2,15
307,3,48,834,836,972,2,138
350,6,48,952,953,975,1,23
353,1,48,960,962,978,2,18
308,4,48,837,839,981,2,144
264,8,48,717,719,984,2,267
354,2,48,963,965,987,2,24
358,6,48,974,975,990,1,16
359,7,48,976,978,993,2,17
315,3,48,856,858,996,2,140
269,5,48,731,733,999,2,268
361,1,48,982,983,1002,1,20
316,4,48,859,860,1005,1,146
272,8,48,739,740,1008,1,269
362,2,48,985,986,1011,1,26
366,6,48,996,998,1014,2,18
367,7,48,998,999,1017,1,19
323,3,48,878,879,1020,1,142
277,5,48,753,755,1023,2,270
369,1,48,1004,1006,1026,2,22
324,4,48,881,882,1029,1,148
280,8,48,761,762,1032,1,271
370,2,48,1007,1008,1035,1,28
374,6,48,1018,1019,1038,1,20
375,7,48,1020,1022,1041,2,21
331,3,48,900,902,1044,2,144
377,1,48,1025,1026,1047,1,22
285,5,48,775,776,1050,1,275
378,2,48,1028,1029,1053,1,25
332,4,48,903,905,1056,2,153
383,7,48,1041,1043,1059,2,18
382,6,48,1039,1040,1062,1,23
385,1,48,1047,1049,1065,2,18
288,8,48,783,785,1068,2,285
339,3,48,921,923,1071,2,150
386,2,48,1050,1052,1074,2,24
390,6,48,1061,1062,1077,1,16
340,4,48,924,926,1080,2,156
391,7,48,1063,1065,1083,2,20
293,5,48,796,797,1086,1,290
393,1,48,1069,1070,1089,1,20
296,8,48,804,806,1092,2,288
347,3,48,943,945,1095,2,152
394,2,48,1072,1073,1098,1,26
398,6,48,1083,1085,1101,2,18
348,4,48,946,947,1104,1,158
399,7,48,1085,1086,1107,1,22
301,5,48,818,820,1110,2,292
401,1,48,1091,1093,1113,2,22
304,8,48,826,827,1116,1,290
355,3,48,965,966,1119,1,154
402,2,48,1094,1095,1122,1,28
406,6,48,1105,1106,1125,1,20
356,4,48,968,969,1128,1,160
407,7,48,1107,1109,1131,2,24
409,1,48,1113,1115,1134,2,21
309,5,48,840,842,1137,2,297
410,2,48,1116,1118,1140,2,24
415,7,48,1129,1131,1143,2,14
363,3,48,987,989,1146,2,159
414,6,48,1127,1128,1149,1,22
417,1,48,1135,1136,1152,1,17
364,4,48,990,992,1155,2,165
312,8,48,848,849,1158,1,310
418,2,48,1138,1139,1161,1,23
422,6,48,1149,1151,1164,2,15
423,7,48,1151,1152,1167,1,16
371,3,48,1009,1011,1170,2,161
317,5,48,862,863,1173,1,311
425,1,48,1156,1158,1176,2,20
372,4,48,1012,1013,1179,1,167
320,8,48,870,872,1182,2,312
426,2,48,1159,1160,1185,1,26
430,6,48,1170,1172,1188,2,18
431,7,48,1172,1173,1191,1,19
379,3,48,1030,1032,1194,2,164
325,5,48,884,886,1197,2,313
433,1,48,1178,1180,1200,2,22
380,4,48,1033,1034,1203,1,170
328,8,48,892,893,1206,1,314
434,2,48,1181,1182,1209,1,28
438,6,48,1192,1193,1212,1,20
439,7,48,1194,1196,1215,2,21
387,3,48,1052,1053,1218,1,166
441,1,48,1200,1202,1221,2,21
333,5,48,906,908,1224,2,318
442,2,48,1203,1205,1227,2,24
388,4,48,1055,1056,1230,1,175
447,7,48,1216,1218,1233,2,17
446,6,48,1214,1215,1236,1,22
449,1,48,1222,1223,1239,1,17
336,8,48,914,915,1242,1,328
395,3,48,1074,1076,1245,2,171
450,2,48,1225,1226,1248,1,23
454,6,48,1236,1238,1251,2,15
396,4,48,1077,1079,1254,2,177
455,7,48,1238,1239,1257,1,19
341,5,48,927,929,1260,2,333
457,1,48,1244,1246,1263,2,19
344,8,48,935,936,1266,1,331
403,3,48,1096,1098,1269,2,173
458,2,48,1247,1248,1272,1,25
462,6,48,1258,1259,1275,1,17
404,4,48,1099,1100,1278,1,179
463,7,48,1260,1262,1281,2,21
349,5,48,949,950,1284,1,335
465,1,48,1265,1266,1287,1,22
352,8,48,957,959,1290,2,333
411,3,48,1118,1119,1293,1,175
466,2,48,1268,1269,1296,1,28
470,6,48,1279,1280,1299,1,20
412,4,48,1121,1122,1302,1,181
471,7,48,1281,1283,1305,2,24
473,1,48,1287,1289,1308,2,21
357,5,48,971,973,1311,2,340
474,2,48,1290,1292,1314,2,24
479,7,48,1303,1305,1317,2,14
419,3,48,1140,1142,1320,2,180
478,6,48,1301,1302,1323,1,22
481,1,48,1309,1310,1326,1,17
420,4,48,1143,1145,1329,2,186
360,8,48,979,980,1332,1,353
482,2,48,1312,1313,1335,1,23
486,6,48,1323,1325,1338,2,15
487,7,48,1325,1326,1341,1,16
427,3,48,1161,1163,1344,2,183
365,5,48,993,995,1347,2,354
489,1,48,1331,1333,1350,2,19
428,4,48,1164,1166,1353,2,189
368,8,48,1001,1002,1356,1,355
490,2,48,1334,1335,1359,1,25
494,6,48,1345,1346,1362,1,17
495,7,48,1347,1349,1365,2,18
435,3,48,1183,1185,1368,2,185
373,5,48,1015,1016,1371,1,356
497,1,48,1353,1355,1374,2,21
436,4,48,1186,1187,1377,1,191
376,8,48,1023,1025,1380,2,357
498,2,48,1356,1358,1383,2,27
502,6,48,1367,1368,1386,1,19
503,7,48,1369,1371,1389,2,20
443,3,48,1205,1206,1392,1,187
505,1,48,1375,1376,1395,1,20
381,5,48,1036,1037,1398,1,362
506,2,48,1378,1379,1401,1,23
444,4,48,1208,1209,1404,1,196
511,7,48,1391,1392,1407,1,16
510,6,48,1389,1391,1410,2,21
384,8,48,1044,1046,1413,2,369
451,3,48,1227,1229,1416,2,189
513,1,48,1396,1398,1419,2,23
389,5,48,1058,1060,1422,2,364
514,2,48,1399,1400,1425,1,26
452,4,48,1230,1232,1428,2,198
519,7,48,1412,1413,1431,1,19
518,6,48,1410,1412,1434,2,24
521,1,48,1418,1420,1437,2,19
392,8,48,1066,1067,1440,1,374
459,3,48,1249,1251,1443,2,194
522,2,48,1421,1422,1446,1,25
526,6,48,1432,1433,1449,1,17
460,4,48,1252,1253,1452,1,200
527,7,48,1434,1436,1455,2,21
397,5,48,1080,1082,1458,2,378
529,1,48,1440,1442,1461,2,21
400,8,48,1088,1089,1464,1,376
467,3,48,1270,1272,1467,2,197
530,2,48,1443,1445,1470,2,27
534,6,48,1454,1455,1473,1,19
468,4,48,1273,1274,1476,1,203
535,7,48,1456,1458,1479,2,23
537,1,48,1462,1463,1482,1,20
405,5,48,1102,1103,1485,1,383
538,2,48,1465,1466,1488,1,23
543,7,48,1478,1479,1491,1,13
475,3,48,1292,1293,1494,1,202
542,6,48,1476,1478,1497,2,21
476,4,48,1295,1296,1500,1,205
408,8,48,1110,1112,1503,2,393
545,1,48,1484,1486,1506,2,22
413,5,48,1124,1126,1509,2,385
546,2,48,1487,1488,1512,1,25
551,7,48,1500,1502,1515,2,15
483,3,48,1314,1316,1518,2,204
550,6,48,1498,1499,1521,1,23
553,1,48,1505,1506,1524,1,19
484,4,48,1317,1319,1527,2,210
416,8,48,1132,1133,1530,1,398
554,2,48,1508,1509,1533,1,25
558,6,48,1519,1520,1536,1,17
559,7,48,1521,1523,1539,2,18
491,3,48,1336,1338,1542,2,206
421,5,48,1146,1148,1545,2,399
561,1,48,1527,1529,1548,2,21
492,4,48,1339,1340,1551,1,212
424,8,48,1154,1155,1554,1,400
562,2,48,1530,1532,1557,2,27
566,6,48,1541,1542,1560,1,19
567,7,48,1543,1545,1563,2,20
499,3,48,1358,1359,1566,1,208
569,1,48,1549,1550,1569,1,20
429,5,48,1167,1169,1572,2,405
570,2,48,1552,1553,1575,1,23
500,4,48,1361,1362,1578,1,217
575,7,48,1565,1566,1581,1,16
574,6,48,1563,1565,1584,2,21
432,8,48,1175,1176,1587,1,412
507,3,48,1380,1382,1590,2,210
577,1,48,1571,1573,1593,2,22
437,5,48,1189,1190,1596,1,407
578,2,48,1574,1575,1599,1,25
508,4,48,1383,1385,1602,2,219
583,7,48,1587,1589,1605,2,18
582,6,48,1585,1586,1608,1,23
585,1,48,1593,1595,1611,2,18
440,8,48,1197,1199,1614,2,417
515,3,48,1401,1403,1617,2,216
586,2,48,1596,1598,1620,2,24
590,6,48,1607,1608,1623,1,16
516,4,48,1404,1406,1626,2,222
591,7,48,1609,1611,1629,2,20
445,5,48,1211,1213,1632,2,421
593,1,48,1615,1616,1635,1,20
448,8,48,1219,1220,1638,1,419
523,3,48,1423,1425,1641,2,218
594,2,48,1618,1619,1644,1,26
598,6,48,1629,1631,1647,2,18
524,4,48,1426,1427,1650,1,224
599,7,48,1631,1632,1653,1,22
453,5,48,1233,1235,1656,2,423
601,1,48,1636,1638,1659,2,23
456,8,48,1241,1242,1662,1,421
531,3,48,1445,1446,1665,1,220
602,2,48,1639,1640,1668,1,29
606,6,48,1650,1652,1671,2,21
532,4,48,1448,1449,1674,1,226
607,7,48,1652,1653,1677,1,25
609,1,48,1658,1660,1680,2,22
461,5,48,1255,1256,1683,1,428
610,2,48,1661,1662,1686,1,25
615,7,48,1674,1676,1689,2,15
539,3,48,1467,1469,1692,2,225
614,6,48,1672,1673,1695,1,23
617,1,48,1680,1682,1698,2,18
540,4,48,1470,1472,1701,2,231
464,8,48,1263,1265,1704,2,441
618,2,48,1683,1685,1707,2,24
622,6,48,1694,1695,1710,1,16
623,7,48,1696,1698,1713,2,17
547,3,48,1489,1491,1716,2,227
469,5,48,1276,1277,1719,1,443
625,1,48,1702,1703,1722,1,20
548,4,48,1492,1493,1725,1,233
472,8,48,1284,1286,1728,2,444
626,2,48,1705,1706,1731,1,26
630,6,48,1716,1718,1734,2,18
631,7,48,1718,1719,1737,1,19
555,3,48,1510,1512,1740,2,230
477,5,48,1298,1300,1743,2,445
633,1,48,1724,1726,1746,2,22
556,4,48,1513,1514,1749,1,236
480,8,48,1306,1307,1752,1,446
634,2,48,1727,1728,1755,1,28
638,6,48,1738,1739,1758,1,20
639,7,48,1740,1742,1761,2,21
563,3,48,1532,1533,1764,1,232
641,1,48,1745,1746,1767,1,22
485,5,48,1320,1322,1770,2,450
642,2,48,1748,1749,1773,1,25
564,4,48,1535,1536,1776,1,241
647,7,48,1761,1763,1779,2,18
646,6,48,1759,1760,1782,1,23
649,1,48,1767,1769,1785,2,18
488,8,48,1328,1329,1788,1,460
571,3,48,1554,1556,1791,2,237
650,2,48,1770,1772,1794,2,24
654,6,48,1781,1782,1797,1,16
572,4,48,1557,1559,1800,2,243
655,7,48,1783,1785,1803,2,20
493,5,48,1342,1343,1806,1,464
657,1,48,1789,1790,1809,1,20
496,8,48,1350,1352,1812,2,462
579,3,48,1576,1578,1815,2,239
658,2,48,1792,1793,1818,1,26
662,6,48,1803,1805,1821,2,18
580,4,48,1579,1580,1824,1,245
663,7,48,1805,1806,1827,1,22
501,5,48,1364,1366,1830,2,466
665,1,48,1811,1813,1833,2,22
504,8,48,1372,1373,1836,1,464
587,3,48,1598,1599,1839,1,241
666,2,48,1814,1815,1842,1,28
670,6,48,1825,1826,1845,1,20
588,4,48,1601,1602,1848,1,247
671,7,48,1827,1829,1851,2,24
673,1,48,1833,1835,1854,2,21
509,5,48,1386,1388,1857,2,471
674,2,48,1836,1838,1860,2,24
679,7,48,1849,1851,1863,2,14
595,3,48,1620,1622,1866,2,246
678,6,48,1847,1848,1869,1,22
681,1,48,1855,1856,1872,1,17
596,4,48,1623,1625,1875,2,252
512,8,48,1394,1395,1878,1,484
682,2,48,1858,1859,1881,1,23
686,6,48,1869,1871,1884,2,15
687,7,48,1871,1872,1887,1,16
603,3,48,1641,1643,1890,2,249
517,5,48,1407,1409,1893,2,486
689,1,48,1876,1878,1896,2,20
604,4,48,1644,1646,1899,2,255
520,8,48,1415,1416,1902,1,487
690,2,48,1879,1880,1905,1,26
694,6,48,1890,1892,1908,2,18
695,7,48,1892,1893,1911,1,19
611,3,48,1663,1665,1914,2,251
525,5,48,1429,1430,1917,1,488
697,1,48,1898,1900,1920,2,22
612,4,48,1666,1667,1923,1,257
528,8,48,1437,1439,1926,2,489
698,2,48,1901,1902,1929,1,28
702,6,48,1912,1913,1932,1,20
703,7,48,1914,1916,1935,2,21
619,3,48,1685,1686,1938,1,253
705,1,48,1920,1922,1941,2,21
533,5,48,1451,1453,1944,2,493
706,2,48,1923,1925,1947,2,24
620,4,48,1688,1689,1950,1,262
711,7,48,1936,1938,1953,2,17
710,6,48,1934,1935,1956,1,22
713,1,48,1942,1943,1959,1,17
536,8,48,1459,1460,1962,1,503
627,3,48,1707,1709,1965,2,258
714,2,48,1945,1946,1968,1,23
718,6,48,1956,1958,1971,2,15
628,4,48,1710,1712,1974,2,264
719,7,48,1958,1959,1977,1,19
541,5,48,1473,1475,1980,2,507
721,1,48,1964,1966,1983,2,19
544,8,48,1481,1482,1986,1,505
635,3,48,1729,1731,1989,2,260
722,2,48,1967,1968,1992,1,25
726,6,48,1978,1979,1995,1,17
636,4,48,1732,1733,1998,1,266
727,7,48,1980,1982,2001,2,21
549,5,48,1495,1496,2004,1,509
729,1,48,1985,1986,2007,1,22
552,8,48,1503,1505,2010,2,507
643,3,48,1750,1752,2013,2,263
735,1,48,2000,2001,2016,1,16
734,6,48,1999,2000,2019,1,20
730,2,48,1988,1989,2022,1,34
644,4,48,1753,1754,2025,1,272
560,8,48,1524,1526,2028,2,504
736,2,48,2003,2004,2031,1,28
557,5,48,1516,1517,2034,1,518
741,7,48,2016,2018,2037,2,21
651,3,48,1772,1773,2040,1,268
743,1,48,2022,2024,2043,2,21
740,6,48,2014,2015,2046,1,32
744,2,48,2025,2027,2049,2,24
652,4,48,1775,1776,2052,1,277
749,7,48,2038,2040,2055,2,17
748,6,48,2036,2037,2058,1,22
751,1,48,2044,2045,2061,1,17
568,8,48,1546,1547,2064,1,518
659,3,48,1794,1796,2067,2,273
752,2,48,2047,2048,2070,1,23
565,5,48,1538,1540,2073,2,535
660,4,48,1797,1799,2076,2,279
757,7,48,2060,2061,2079,1,19
756,6,48,2058,2060,2082,2,24
759,1,48,2065,2067,2085,2,20
576,8,48,1568,1569,2088,1,520
667,3,48,1816,1818,2091,2,275
760,2,48,2068,2069,2094,1,26
764,6,48,2079,2081,2097,2,18
668,4,48,1819,1820,2100,1,281
765,7,48,2081,2082,2103,1,22
573,5,48,1560,1562,2106,2,546
767,1,48,2087,2089,2109,2,22
584,8,48,1590,1592,2112,2,522
675,3,48,1838,1839,2115,1,277
768,2,48,2090,2091,2118,1,28
772,6,48,2101,2102,2121,1,20
676,4,48,1841,1842,2124,1,283
773,7,48,2103,2105,2127,2,24
775,1,48,2109,2111,2130,2,21
581,5,48,1582,1583,2133,1,551
776,2,48,2112,2114,2136,2,24
781,7,48,2125,2127,2139,2,14
683,3,48,1860,1862,2142,2,282
780,6,48,2123,2124,2145,1,22
783,1,48,2131,2132,2148,1,17
684,4,48,1863,1865,2151,2,288
592,8,48,1612,1613,2154,1,542
784,2,48,2134,2135,2157,1,23
788,6,48,2145,2147,2160,2,15
789,7,48,2147,2148,2163,1,16
691,3,48,1881,1883,2166,2,285
589,5,48,1604,1606,2169,2,565
791,1,48,2153,2155,2172,2,19
692,4,48,1884,1886,2175,2,291
600,8,48,1634,1635,2178,1,544
792,2,48,2156,2157,2181,1,25
796,6,48,2167,2168,2184,1,17
797,7,48,2169,2171,2187,2,18
699,3,48,1903,1905,2190,2,287
597,5,48,1626,1628,2193,2,567
799,1,48,2175,2177,2196,2,21
700,4,48,1906,1907,2199,1,293
608,8,48,1655,1656,2202,1,547
800,2,48,2178,2180,2205,2,27
804,6,48,2189,2190,2208,1,19
805,7,48,2191,2193,2211,2,20
707,3,48,1925,1926,2214,1,289
807,1,48,2196,2198,2217,2,21
605,5,48,1647,1649,2220,2,573
808,2,48,2199,2201,2223,2,24
708,4,48,1928,1929,2226,1,298
813,7,48,2212,2214,2229,2,17
812,6,48,2210,2211,2232,1,22
815,1,48,2218,2219,2235,1,17
616,8,48,1677,1679,2238,2,561
715,3,48,1947,1949,2241,2,294
816,2,48,2221,2222,2244,1,23
820,6,48,2232,2234,2247,2,15
716,4,48,1950,1952,2250,2,300
821,7,48,2234,2235,2253,1,19
613,5,48,1669,1670,2256,1,587
823,1,48,2240,2242,2259,2,19
624,8,48,1699,1700,2262,1,563
723,3,48,1969,1971,2265,2,296
824,2,48,2243,2244,2268,1,25
828,6,48,2254,2255,2271,1,17
724,4,48,1972,1973,2274,1,302
829,7,48,2256,2258,2277,2,21
621,5,48,1691,1693,2280,2,589
831,1,48,2262,2264,2283,2,21
632,8,48,1721,1722,2286,1,565
731,3,48,1990,1992,2289,2,299
832,2,48,2265,2267,2292,2,27
836,6,48,2276,2277,2295,1,19
732,4,48,1993,1994,2298,1,305
837,7,48,2278,2280,2301,2,23
839,1,48,2284,2285,2304,1,20
629,5,48,1713,1715,2307,2,594
840,2,48,2287,2288,2310,1,23
737,3,48,2005,2007,2313,2,308
845,7,48,2300,2301,2316,1,16
844,6,48,2298,2300,2319,2,21
738,4,48,2008,2009,2322,1,314
640,8,48,1743,1745,2325,2,582
847,1,48,2305,2307,2328,2,23
637,5,48,1735,1736,2331,1,596
848,2,48,2308,2309,2334,1,26
745,3,48,2027,2028,2337,1,310
853,7,48,2321,2322,2340,1,19
852,6,48,2319,2321,2343,2,24
855,1,48,2327,2329,2346,2,19
746,4,48,2030,2031,2349,1,319
648,8,48,1764,1766,2352,2,588
856,2,48,2330,2331,2355,1,25
860,6,48,2341,2342,2358,1,17
753,3,48,2049,2051,2361,2,312
861,7,48,2343,2345,2364,2,21
645,5,48,1756,1757,2367,1,611
863,1,48,2349,2351,2370,2,21
754,4,48,2052,2054,2373,2,321
656,8,48,1786,1787,2376,1,590
864,2,48,2352,2354,2379,2,27
868,6,48,2363,2364,2382,1,19
761,3,48,2070,2072,2385,2,315
869,7,48,2365,2367,2388,2,23
871,1,48,2371,2372,2391,1,20
653,5,48,1778,1780,2394,2,616
872,2,48,2374,2375,2397,1,23
762,4,48,2073,2075,2400,2,327
877,7,48,2387,2388,2403,1,16
876,6,48,2385,2387,2406,2,21
769,3,48,2092,2094,2409,2,317
664,8,48,1808,1809,2412,1,604
879,1,48,2393,2395,2415,2,22
661,5,48,1800,1802,2418,2,618
880,2,48,2396,2397,2421,1,25
770,4,48,2095,2096,2424,1,329
885,7,48,2409,2411,2427,2,18
884,6,48,2407,2408,2430,1,23
887,1,48,2415,2417,2433,2,18
777,3,48,2114,2115,2436,1,322
672,8,48,1830,1832,2439,2,609
888,2,48,2418,2420,2442,2,24
892,6,48,2429,2430,2445,1,16
778,4,48,2117,2118,2448,1,331
893,7,48,2431,2433,2451,2,20
669,5,48,1822,1823,2454,1,632
895,1,48,2436,2438,2457,2,21
785,3,48,2136,2138,2460,2,324
680,8,48,1852,1853,2463,1,611
896,2,48,2439,2441,2466,2,27
900,6,48,2450,2451,2469,1,19
786,4,48,2139,2141,2472,2,333
901,7,48,2452,2454,2475,2,23
903,1,48,2458,2459,2478,1,20
677,5,48,1844,1846,2481,2,637
904,2,48,2461,2462,2484,1,23
793,3,48,2158,2160,2487,2,329
909,7,48,2474,2475,2490,1,16
908,6,48,2472,2474,2493,2,21
794,4,48,2161,2162,2496,1,335
688,8,48,1874,1875,2499,1,625
911,1,48,2480,2482,2502,2,22
685,5,48,1866,1868,2505,2,639
912,2,48,2483,2484,2508,1,25
801,3,48,2180,2181,2511,1,331
917,7,48,2496,2498,2514,2,18
916,6,48,2494,2495,2517,1,23
919,1,48,2502,2504,2520,2,18
802,4,48,2183,2184,2523,1,340
696,8,48,1895,1896,2526,1,631
920,2,48,2505,2507,2529,2,24
924,6,48,2516,2517,2532,1,16
809,3,48,2201,2202,2535,1,334
925,7,48,2518,2520,2538,2,20
693,5,48,1887,1889,2541,2,654
927,1,48,2524,2525,2544,1,20
810,4,48,2204,2205,2547,1,343
704,8,48,1917,1919,2550,2,633
928,2,48,2527,2528,2553,1,26
932,6,48,2538,2540,2556,2,18
817,3,48,2223,2225,2559,2,336
933,7,48,2540,2541,2562,1,22
701,5,48,1909,1910,2565,1,656
935,1,48,2545,2547,2568,2,23
818,4,48,2226,2228,2571,2,345
941,7,48,2561,2562,2574,1,13
936,2,48,2548,2549,2577,1,29
940,6,48,2559,2561,2580,2,21
825,3,48,2245,2247,2583,2,338
712,8,48,1939,1940,2586,1,647
943,1,48,2567,2569,2589,2,22
709,5,48,1931,1933,2592,2,661
944,2,48,2570,2571,2595,1,25
826,4,48,2248,2249,2598,1,350
949,7,48,2583,2585,2601,2,18
948,6,48,2581,2582,2604,1,23
951,1,48,2589,2591,2607,2,18
833,3,48,2267,2268,2610,1,343
720,8,48,1961,1962,2613,1,652
952,2,48,2592,2594,2616,2,24
956,6,48,2603,2604,2619,1,16
834,4,48,2270,2271,2622,1,352
957,7,48,2605,2607,2625,2,20
717,5,48,1953,1955,2628,2,675
959,1,48,2611,2612,2631,1,20
841,3,48,2289,2291,2634,2,345
728,8,48,1983,1985,2637,2,654
960,2,48,2614,2615,2640,1,26
964,6,48,2625,2627,2643,2,18
842,4,48,2292,2294,2646,2,354
965,7,48,2627,2628,2649,1,22
725,5,48,1975,1976,2652,1,677
967,1,48,2633,2635,2655,2,22
849,3,48,2310,2312,2658,2,348
742,8,48,2019,2021,2661,2,642
968,2,48,2636,2637,2664,1,28
972,6,48,2647,2648,2667,1,20
850,4,48,2313,2315,2670,2,357
973,7,48,2649,2651,2673,2,24
975,1,48,2655,2657,2676,2,21
733,5,48,1996,1997,2679,1,683
976,2,48,2658,2660,2682,2,24
857,3,48,2332,2334,2685,2,353
981,7,48,2671,2673,2688,2,17
980,6,48,2669,2670,2691,1,22
983,1,48,2676,2678,2694,2,18
858,4,48,2335,2336,2697,1,362
750,8,48,2041,2042,2700,1,659
984,2,48,2679,2681,2703,2,24
988,6,48,2690,2691,2706,1,16
865,3,48,2354,2355,2709,1,355
989,7,48,2692,2694,2712,2,20
739,5,48,2011,2012,2715,1,704
991,1,48,2698,2699,2718,1,20
866,4,48,2357,2358,2721,1,364
758,8,48,2063,2064,2724,1,661
992,2,48,2701,2702,2727,1,26
996,6,48,2712,2714,2730,2,18
873,3,48,2376,2378,2733,2,357
997,7,48,2714,2715,2736,1,22
747,5,48,2033,2035,2739,2,706
999,1,48,2720,2722,2742,2,22
874,4,48,2379,2381,2745,2,366
766,8,48,2084,2085,2748,1,664
1000,2,48,2723,2724,2751,1,28
1004,6,48,2734,2735,2754,1,20
881,3,48,2398,2400,2757,2,359
1005,7,48,2736,2738,2760,2,24
1007,1,48,2742,2744,2763,2,21
755,5,48,2055,2057,2766,2,711
1008,2,48,2745,2747,2769,2,24
882,4,48,2401,2402,2772,1,371
1013,7,48,2758,2760,2775,2,17
1012,6,48,2756,2757,2778,1,22
1015,1,48,2764,2765,2781,1,17
889,3,48,2420,2421,2784,1,364
774,8,48,2106,2108,2787,2,681
1016,2,48,2767,2768,2790,1,23
1020,6,48,2778,2780,2793,2,15
890,4,48,2423,2424,2796,1,373
1021,7,48,2780,2781,2799,1,19
763,5,48,2076,2078,2802,2,726
1023,1,48,2785,2787,2805,2,20
897,3,48,2441,2442,2808,1,367
782,8,48,2128,2129,2811,1,683
1024,2,48,2788,2789,2814,1,26
1028,6,48,2799,2801,2817,2,18
898,4,48,2444,2445,2820,1,376
1029,7,48,2801,2802,2823,1,22
771,5,48,2098,2099,2826,1,728
1031,1,48,2807,2809,2829,2,22
905,3,48,2463,2465,2832,2,369
790,8,48,2150,2151,2835,1,685
1032,2,48,2810,2811,2838,1,28
1036,6,48,2821,2822,2841,1,20
906,4,48,2466,2468,2844,2,378
1037,7,48,2823,2825,2847,2,24
1039,1,48,2829,2831,2850,2,21
779,5,48,2120,2122,2853,2,733
1040,2,48,2832,2834,2856,2,24
913,3,48,2485,2487,2859,2,374
1045,7,48,2845,2847,2862,2,17
1044,6,48,2843,2844,2865,1,22
1047,1,48,2851,2852,2868,1,17
914,4,48,2488,2489,2871,1,383
798,8,48,2172,2174,2874,2,702
1048,2,48,2854,2855,2877,1,23
1052,6,48,2865,2867,2880,2,15
921,3,48,2507,2508,2883,1,376
1053,7,48,2867,2868,2886,1,19
787,5,48,2142,2144,2889,2,747
1055,1,48,2873,2875,2892,2,19
922,4,48,2510,2511,2895,1,385
806,8,48,2194,2195,2898,1,704
1056,2,48,2876,2877,2901,1,25
1060,6,48,2887,2888,2904,1,17
929,3,48,2529,2531,2907,2,378
1061,7,48,2889,2891,2910,2,21
795,5,48,2164,2165,2913,1,749
1063,1,48,2895,2897,2916,2,21
930,4,48,2532,2534,2919,2,387
814,8,48,2215,2216,2922,1,707
1064,2,48,2898,2900,2925,2,27
1068,6,48,2909,2910,2928,1,19
937,3,48,2550,2552,2931,2,381
1069,7,48,2911,2913,2934,2,23
1071,1,48,2916,2918,2937,2,21
803,5,48,2186,2188,2940,2,754
1072,2,48,2919,2921,2943,2,24
938,4,48,2553,2555,2946,2,393
1077,7,48,2932,2934,2949,2,17
1076,6,48,2930,2931,2952,1,22
1079,1,48,2938,2939,2955,1,17
945,3,48,2572,2574,2958,2,386
822,8,48,2237,2238,2961,1,724
1080,2,48,2941,2942,2964,1,23
1084,6,48,2952,2954,2967,2,15
946,4,48,2575,2576,2970,1,395
1085,7,48,2954,2955,2973,1,19
811,5,48,2207,2209,2976,2,769
1087,1,48,2960,2962,2979,2,19
953,3,48,2594,2595,2982,1,388
830,8,48,2259,2261,2985,2,726
1088,2,48,2963,2964,2988,1,25
1092,6,48,2974,2975,2991,1,17
954,4,48,2597,2598,2994,1,397
1093,7,48,2976,2978,2997,2,21
819,5,48,2229,2231,3000,2,771
1095,1,48,2982,2984,3003,2,21
961,3,48,2616,2618,3006,2,390
838,8,48,2281,2282,3009,1,728
1096,2,48,2985,2987,3012,2,27
1100,6,48,2996,2997,3015,1,19
962,4,48,2619,2621,3018,2,399
1101,7,48,2998,3000,3021,2,23
1103,1,48,3004,3005,3024,1,20
827,5,48,2251,2252,3027,1,776
1104,2,48,3007,3008,3030,1,23
969,3,48,2638,2640,3033,2,395
1109,7,48,3020,3021,3036,1,16
1108,6,48,3018,3020,3039,2,21
970,4,48,2641,2642,3042,1,401
846,8,48,2303,2304,3045,1,742
1111,1,48,3025,3027,3048,2,23
835,5,48,2273,2275,3051,2,778
1112,2,48,3028,3029,3054,1,26
977,3,48,2660,2661,3057,1,397
1117,7,48,3041,3042,3060,1,19
1116,6,48,3039,3041,3063,2,24
1119,1,48,3047,3049,3066,2,19
978,4,48,2663,2664,3069,1,406
854,8,48,2324,2325,3072,1,748
1120,2,48,3050,3051,3075,1,25
1124,6,48,3061,3062,3078,1,17
985,3,48,2681,2682,3081,1,400
1125,7,48,3063,3065,3084,2,21
843,5,48,2295,2297,3087,2,792
1127,1,48,3069,3071,3090,2,21
986,4,48,2684,2685,3093,1,409
862,8,48,2346,2348,3096,2,750
1128,2,48,3072,3074,3099,2,27
1132,6,48,3083,3084,3102,1,19
993,3,48,2703,2705,3105,2,402
1133,7,48,3085,3087,3108,2,23
1135,1,48,3091,3092,3111,1,20
851,5,48,2316,2318,3114,2,798
1136,2,48,3094,3095,3117,1,23
994,4,48,2706,2708,3120,2,414
1141,7,48,3107,3108,3123,1,16
1140,6,48,3105,3107,3126,2,21
1001,3,48,2725,2727,3129,2,404
870,8,48,2368,2369,3132,1,764
1143,1,48,3113,3115,3135,2,22
859,5,48,2338,2339,3138,1,800
1144,2,48,3116,3117,3141,1,25
1002,4,48,2728,2729,3144,1,416
1149,7,48,3129,3131,3147,2,18
1148,6,48,3127,3128,3150,1,23
1151,1,48,3135,3137,3153,2,18
1009,3,48,2747,2748,3156,1,409
878,8,48,2390,2391,3159,1,769
1152,2,48,3138,3140,3162,2,24
1156,6,48,3149,3150,3165,1,16
1010,4,48,2750,2751,3168,1,418
1157,7,48,3151,3153,3171,2,20
867,5,48,2360,2362,3174,2,814
1159,1,48,3156,3158,3177,2,21
1017,3,48,2769,2771,3180,2,411
886,8,48,2412,2414,3183,2,771
1160,2,48,3159,3161,3186,2,27
1164,6,48,3170,3171,3189,1,19
1018,4,48,2772,2774,3192,2,420
1165,7,48,3172,3174,3195,2,23
1167,1,48,3178,3179,3198,1,20
875,5,48,2382,2384,3201,2,819
1168,2,48,3181,3182,3204,1,23
1025,3,48,2790,2792,3207,2,417
1173,7,48,3194,3195,3210,1,16
1172,6,48,3192,3194,3213,2,21
1026,4,48,2793,2795,3216,2,423
894,8,48,2434,2435,3219,1,785
1175,1,48,3200,3202,3222,2,22
883,5,48,2404,2405,3225,1,821
1176,2,48,3203,3204,3228,1,25
1033,3,48,2812,2814,3231,2,419
1181,7,48,3216,3218,3234,2,18
1180,6,48,3214,3215,3237,1,23
1183,1,48,3222,3224,3240,2,18
1034,4,48,2815,2816,3243,1,428
902,8,48,2455,2456,3246,1,791
1184,2,48,3225,3227,3249,2,24
1188,6,48,3236,3237,3252,1,16
1041,3,48,2834,2835,3255,1,421
1189,7,48,3238,3240,3258,2,20
891,5,48,2426,2428,3261,2,835
1191,1,48,3244,3245,3264,1,20
1042,4,48,2837,2838,3267,1,430
910,8,48,2477,2478,3270,1,793
1192,2,48,3247,3248,3273,1,26
1196,6,48,3258,3260,3276,2,18
1049,3,48,2856,2858,3279,2,423
1197,7,48,3260,3261,3282,1,22
899,5,48,2447,2449,3285,2,838
1199,1,48,3265,3267,3288,2,23
1050,4,48,2859,2861,3291,2,432
1205,7,48,3281,3282,3294,1,13
1200,2,48,3268,3269,3297,1,29
1204,6,48,3279,3281,3300,2,21
1057,3,48,2878,2880,3303,2,425
918,8,48,2499,2501,3306,2,807
1207,1,48,3287,3289,3309,2,22
907,5,48,2469,2471,3312,2,843
1208,2,48,3290,3291,3315,1,25
1058,4,48,2881,2882,3318,1,437
1213,7,48,3303,3305,3321,2,18
1212,6,48,3301,3302,3324,1,23
1215,1,48,3309,3311,3327,2,18
1065,3,48,2900,2901,3330,1,430
926,8,48,2521,2522,3333,1,812
1216,2,48,3312,3314,3336,2,24
1220,6,48,3323,3324,3339,1,16
1066,4,48,2903,2904,3342,1,439
1221,7,48,3325,3327,3345,2,20
915,5,48,2491,2492,3348,1,857
1223,1,48,3331,3332,3351,1,20
1073,3,48,2921,2922,3354,1,433
934,8,48,2543,2544,3357,1,814
1224,2,48,3334,3335,3360,1,26
1228,6,48,3345,3347,3363,2,18
1074,4,48,2924,2925,3366,1,442
1229,7,48,3347,3348,3369,1,22
923,5,48,2513,2515,3372,2,859
1231,1,48,3353,3355,3375,2,22
1081,3,48,2943,2945,3378,2,435
942,8,48,2564,2565,3381,1,817
1232,2,48,3356,3357,3384,1,28
1236,6,48,3367,3368,3387,1,20
1082,4,48,2946,2948,3390,2,444
1237,7,48,3369,3371,3393,2,24
1239,1,48,3375,3377,3396,2,21
931,5,48,2535,2537,3399,2,864
1240,2,48,3378,3380,3402,2,24
1089,3,48,2965,2967,3405,2,440
1245,7,48,3391,3393,3408,2,17
1244,6,48,3389,3390,3411,1,22
1247,1,48,3396,3398,3414,2,18
1090,4,48,2968,2969,3417,1,449
950,8,48,2586,2588,3420,2,834
1248,2,48,3399,3401,3423,2,24
1252,6,48,3410,3411,3426,1,16
1097,3,48,2987,2988,3429,1,442
1253,7,48,3412,3414,3432,2,20
939,5,48,2556,2558,3435,2,879
1255,1,48,3418,3419,3438,1,20
1098,4,48,2990,2991,3441,1,451
958,8,48,2608,2609,3444,1,836
1256,2,48,3421,3422,3447,1,26
1260,6,48,3432,3434,3450,2,18
1105,3,48,3009,3011,3453,2,444
1261,7,48,3434,3435,3456,1,22
947,5,48,2578,2579,3459,1,881
1263,1,48,3440,3442,3462,2,22
1106,4,48,3012,3014,3465,2,453
966,8,48,2630,2631,3468,1,838
1264,2,48,3443,3444,3471,1,28
1268,6,48,3454,3455,3474,1,20
1113,3,48,3030,3032,3477,2,447
1269,7,48,3456,3458,3480,2,24
1271,1,48,3462,3464,3483,2,21
955,5,48,2600,2602,3486,2,886
1272,2,48,3465,3467,3489,2,24
1114,4,48,3033,3035,3492,2,459
1277,7,48,3478,3480,3495,2,17
1276,6,48,3476,3477,3498,1,22
1279,1,48,3484,3485,3501,1,17
1121,3,48,3052,3054,3504,2,452
974,8,48,2652,2654,3507,2,855
1280,2,48,3487,3488,3510,1,23
1284,6,48,3498,3500,3513,2,15
1122,4,48,3055,3056,3516,1,461
1285,7,48,3500,3501,3519,1,19
963,5,48,2622,2624,3522,2,900
1287,1,48,3505,3507,3525,2,20
1129,3,48,3074,3075,3528,1,454
982,8,48,2674,2675,3531,1,857
1288,2,48,3508,3509,3534,1,26
1292,6,48,3519,3521,3537,2,18
1130,4,48,3077,3078,3540,1,463
1293,7,48,3521,3522,3543,1,22
971,5,48,2644,2645,3546,1,902
1295,1,48,3527,3529,3549,2,22
1137,3,48,3096,3098,3552,2,456
990,8,48,2695,2696,3555,1,860
1296,2,48,3530,3531,3558,1,28
1300,6,48,3541,3542,3561,1,20
1138,4,48,3099,3101,3564,2,465
1301,7,48,3543,3545,3567,2,24
1303,1,48,3549,3551,3570,2,21
979,5,48,2666,2668,3573,2,907
1304,2,48,3552,3554,3576,2,24
1145,3,48,3118,3120,3579,2,461
1309,7,48,3565,3567,3582,2,17
1308,6,48,3563,3564,3585,1,22
1311,1,48,3571,3572,3588,1,17
1146,4,48,3121,3122,3591,1,470
998,8,48,2717,2718,3594,1,877
1312,2,48,3574,3575,3597,1,23
1316,6,48,3585,3587,3600,2,15
1153,3,48,3140,3141,3603,1,463
1317,7,48,3587,3588,3606,1,19
987,5,48,2687,2689,3609,2,922
1319,1,48,3593,3595,3612,2,19
1154,4,48,3143,3144,3615,1,472
1006,8,48,2739,2741,3618,2,879
1320,2,48,3596,3597,3621,1,25
1324,6,48,3607,3608,3624,1,17
1161,3,48,3161,3162,3627,1,466
1325,7,48,3609,3611,3630,2,21
995,5,48,2709,2711,3633,2,924
1327,1,48,3615,3617,3636,2,21
1162,4,48,3164,3165,3639,1,475
1014,8,48,2761,2762,3642,1,881
1328,2,48,3618,3620,3645,2,27
1332,6,48,3629,3630,3648,1,19
1169,3,48,3183,3185,3651,2,468
1333,7,48,3631,3633,3654,2,23
1335,1,48,3636,3638,3657,2,21
1003,5,48,2731,2732,3660,1,929
1336,2,48,3639,3641,3663,2,24
1170,4,48,3186,3188,3666,2,480
1341,7,48,3652,3654,3669,2,17
1340,6,48,3650,3651,3672,1,22
1343,1,48,3658,3659,3675,1,17
1177,3,48,3205,3207,3678,2,473
1022,8,48,2783,2784,3681,1,898
1344,2,48,3661,3662,3684,1,23
1348,6,48,3672,3674,3687,2,15
1178,4,48,3208,3209,3690,1,482
1349,7,48,3674,3675,3693,1,19
1011,5,48,2753,2755,3696,2,943
1351,1,48,3680,3682,3699,2,19
1185,3,48,3227,3228,3702,1,475
1030,8,48,2804,2805,3705,1,901
1352,2,48,3683,3684,3708,1,25
1356,6,48,3694,3695,3711,1,17
1186,4,48,3230,3231,3714,1,484
1357,7,48,3696,3698,3717,2,21
1019,5,48,2775,2777,3720,2,945
1359,1,48,3702,3704,3723,2,21
1193,3,48,3249,3251,3726,2,477
1038,8,48,2826,2828,3729,2,903
1360,2,48,3705,3707,3732,2,27
1364,6,48,3716,3717,3735,1,19
1194,4,48,3252,3254,3738,2,486
1365,7,48,3718,3720,3741,2,23
1367,1,48,3724,3725,3744,1,20
1027,5,48,2796,2798,3747,2,951
1368,2,48,3727,3728,3750,1,23
1201,3,48,3270,3272,3753,2,483
1373,7,48,3740,3741,3756,1,16
1372,6,48,3738,3740,3759,2,21
1202,4,48,3273,3275,3762,2,489
1046,8,48,2848,2849,3765,1,917
1375,1,48,3745,3747,3768,2,23
1035,5,48,2818,2819,3771,1,953
1376,2,48,3748,3749,3774,1,26
1209,3,48,3292,3294,3777,2,485
1381,7,48,3761,3762,3780,1,19
1380,6,48,3759,3761,3783,2,24
1383,1,48,3767,3769,3786,2,19
1210,4,48,3295,3296,3789,1,494
1054,8,48,2870,2871,3792,1,922
1384,2,48,3770,3771,3795,1,25
1388,6,48,3781,3782,3798,1,17
1217,3,48,3314,3315,3801,1,487
1389,7,48,3783,3785,3804,2,21
1043,5,48,2840,2842,3807,2,967
1391,1,48,3789,3791,3810,2,21
1218,4,48,3317,3318,3813,1,496
1062,8,48,2892,2894,3816,2,924
1392,2,48,3792,3794,3819,2,27
1396,6,48,3803,3804,3822,1,19
1225,3,48,3336,3338,3825,2,489
1397,7,48,3805,3807,3828,2,23
1399,1,48,3811,3812,3831,1,20
1051,5,48,2862,2864,3834,2,972
1400,2,48,3814,3815,3837,1,23
1226,4,48,3339,3341,3840,2,501
1405,7,48,3827,3828,3843,1,16
1404,6,48,3825,3827,3846,2,21
1233,3,48,3358,3360,3849,2,491
1070,8,48,2914,2915,3852,1,938
1407,1,48,3833,3835,3855,2,22
1059,5,48,2884,2885,3858,1,974
1408,2,48,3836,3837,3861,1,25
1234,4,48,3361,3362,3864,1,503
1413,7,48,3849,3851,3867,2,18
1412,6,48,3847,3848,3870,1,23
1415,1,48,3855,3857,3873,2,18
1241,3,48,3380,3381,3876,1,496
1078,8,48,2935,2936,3879,1,944
1416,2,48,3858,3860,3882,2,24
1420,6,48,3869,3870,3885,1,16
1242,4,48,3383,3384,3888,1,505
1421,7,48,3871,3873,3891,2,20
1067,5,48,2906,2908,3894,2,988
1423,1,48,3876,3878,3897,2,21
1249,3,48,3401,3402,3900,1,499
1086,8,48,2957,2958,3903,1,946
1424,2,48,3879,3881,3906,2,27
1428,6,48,3890,3891,3909,1,19
1250,4,48,3404,3405,3912,1,508
1429,7,48,3892,3894,3915,2,23
1431,1,48,3898,3899,3918,1,20
1075,5,48,2927,2929,3921,2,994
1432,2,48,3901,3902,3924,1,23
1257,3,48,3423,3425,3927,2,504
1437,7,48,3914,3915,3930,1,16
1436,6,48,3912,3914,3933,2,21
1258,4,48,3426,3428,3936,2,510
1094,8,48,2979,2981,3939,2,960
1439,1,48,3920,3922,3942,2,22
1083,5,48,2949,2951,3945,2,996
1440,2,48,3923,3924,3948,1,25
1265,3,48,3445,3447,3951,2,506
1445,7,48,3936,3938,3954,2,18
1444,6,48,3934,3935,3957,1,23
1447,1,48,3942,3944,3960,2,18
1266,4,48,3448,3449,3963,1,515
1102,8,48,3001,3002,3966,1,965
1448,2,48,3945,3947,3969,2,24
1452,6,48,3956,3957,3972,1,16
1273,3,48,3467,3468,3975,1,508
1453,7,48,3958,3960,3978,2,20
1091,5,48,2971,2972,3981,1,1010
1455,1,48,3964,3965,3984,1,20
1274,4,48,3470,3471,3987,1,517
1110,8,48,3023,3024,3990,1,967
1456,2,48,3967,3968,3993,1,26
1460,6,48,3978,3980,3996,2,18
1281,3,48,3489,3491,3999,2,510
1461,7,48,3980,3981,4002,1,22
1099,5,48,2993,2995,4005,2,1012
1463,1,48,3985,3987,4008,2,23
1282,4,48,3492,3494,4011,2,519
1469,7,48,4001,4002,4014,1,13
1464,2,48,3988,3989,4017,1,29
1468,6,48,3999,4001,4020,2,21
1289,3,48,3510,3512,4023,2,513
1118,8,48,3044,3045,4026,1,982
1471,1,48,4007,4009,4029,2,22
1107,5,48,3015,3017,4032,2,1017
1472,2,48,4010,4011,4035,1,25
1290,4,48,3513,3515,4038,2,525
1477,7,48,4023,4025,4041,2,18
1476,6,48,4021,4022,4044,1,23
1479,1,48,4029,4031,4047,2,18
1297,3,48,3532,3534,4050,2,518
1126,8,48,3066,3068,4053,2,987
1480,2,48,4032,4034,4056,2,24
1484,6,48,4043,4044,4059,1,16
1298,4,48,3535,3536,4062,1,527
1485,7,48,4045,4047,4065,2,20
1115,5,48,3036,3038,4068,2,1032
1487,1,48,4051,4052,4071,1,20
1305,3,48,3554,3555,4074,1,520
1134,8,48,3088,3089,4077,1,989
1488,2,48,4054,4055,4080,1,26
1492,6,48,4065,4067,4083,2,18
1306,4,48,3557,3558,4086,1,529
1493,7,48,4067,4068,4089,1,22
1123,5,48,3058,3059,4092,1,1034
1495,1,48,4073,4075,4095,2,22
1313,3,48,3576,3578,4098,2,522
1142,8,48,3110,3111,4101,1,991
1496,2,48,4076,4077,4104,1,28
1500,6,48,4087,4088,4107,1,20
1314,4,48,3579,3581,4110,2,531
1501,7,48,4089,4091,4113,2,24
1503,1,48,4095,4097,4116,2,21
1131,5,48,3080,3082,4119,2,1039
1504,2,48,4098,4100,4122,2,24
1321,3,48,3598,3600,4125,2,527
1509,7,48,4111,4113,4128,2,17
1508,6,48,4109,4110,4131,1,22
1511,1,48,4116,4118,4134,2,18
1322,4,48,3601,3602,4137,1,536
1150,8,48,3132,3134,4140,2,1008
1512,2,48,4119,4121,4143,2,24
1516,6,48,4130,4131,4146,1,16
1329,3,48,3620,3621,4149,1,529
1517,7,48,4132,4134,4152,2,20
1139,5,48,3102,3104,4155,2,1053
1519,1,48,4138,4139,4158,1,20
1330,4,48,3623,3624,4161,1,538
1158,8,48,3154,3155,4164,1,1010
1520,2,48,4141,4142,4167,1,26
1524,6,48,4152,4154,4170,2,18
1337,3,48,3641,3642,4173,1,532
1525,7,48,4154,4155,4176,1,22
1147,5,48,3124,3125,4179,1,1055
1527,1,48,4160,4162,4182,2,22
1338,4,48,3644,3645,4185,1,541
1166,8,48,3175,3176,4188,1,1013
1528,2,48,4163,4164,4191,1,28
1532,6,48,4174,4175,4194,1,20
1345,3,48,3663,3665,4197,2,534
1533,7,48,4176,4178,4200,2,24
1535,1,48,4182,4184,4203,2,21
1155,5,48,3146,3148,4206,2,1060
1536,2,48,4185,4187,4209,2,24
1346,4,48,3666,3668,4212,2,546
1541,7,48,4198,4200,4215,2,17
1540,6,48,4196,4197,4218,1,22
1543,1,48,4204,4205,4221,1,17
1353,3,48,3685,3687,4224,2,539
1174,8,48,3197,3198,4227,1,1030
1544,2,48,4207,4208,4230,1,23
1548,6,48,4218,4220,4233,2,15
1354,4,48,3688,3689,4236,1,548
1549,7,48,4220,4221,4239,1,19
1163,5,48,3167,3169,4242,2,1075
1551,1,48,4225,4227,4245,2,20
1361,3,48,3707,3708,4248,1,541
1182,8,48,3219,3221,4251,2,1032
1552,2,48,4228,4229,4254,1,26
1556,6,48,4239,4241,4257,2,18
1362,4,48,3710,3711,4260,1,550
1557,7,48,4241,4242,4263,1,22
1171,5,48,3189,3191,4266,2,1077
1559,1,48,4247,4249,4269,2,22
1369,3,48,3729,3731,4272,2,543
1190,8,48,3241,3242,4275,1,1034
1560,2,48,4250,4251,4278,1,28
1564,6,48,4261,4262,4281,1,20
1370,4,48,3732,3734,4284,2,552
1565,7,48,4263,4265,4287,2,24
1567,1,48,4269,4271,4290,2,21
1179,5,48,3211,3212,4293,1,1082
1568,2,48,4272,4274,4296,2,24
1377,3,48,3750,3752,4299,2,549
1573,7,48,4285,4287,4302,2,17
1572,6,48,4283,4284,4305,1,22
1575,1,48,4291,4292,4308,1,17
1378,4,48,3753,3755,4311,2,558
1198,8,48,3263,3264,4314,1,1051
1576,2,48,4294,4295,4317,1,23
1580,6,48,4305,4307,4320,2,15
1385,3,48,3772,3774,4323,2,551
1581,7,48,4307,4308,4326,1,19
1187,5,48,3233,3235,4329,2,1096
1583,1,48,4313,4315,4332,2,19
1386,4,48,3775,3776,4335,1,560
1206,8,48,3284,3285,4338,1,1054
1584,2,48,4316,4317,4341,1,25
1588,6,48,4327,4328,4344,1,17
1393,3,48,3794,3795,4347,1,553
1589,7,48,4329,4331,4350,2,21
1195,5,48,3255,3257,4353,2,1098
1591,1,48,4335,4337,4356,2,21
1394,4,48,3797,3798,4359,1,562
1214,8,48,3306,3308,4362,2,1056
1592,2,48,4338,4340,4365,2,27
1596,6,48,4349,4350,4368,1,19
1401,3,48,3816,3818,4371,2,555
1597,7,48,4351,4353,4374,2,23
1599,1,48,4356,4358,4377,2,21
1203,5,48,3276,3278,4380,2,1104
1600,2,48,4359,4361,4383,2,24
1402,4,48,3819,3821,4386,2,567
1605,7,48,4372,4374,4389,2,17
1604,6,48,4370,4371,4392,1,22
1607,1,48,4378,4379,4395,1,17
1409,3,48,3838,3840,4398,2,560
1222,8,48,3328,3329,4401,1,1073
1608,2,48,4381,4382,4404,1,23
1612,6,48,4392,4394,4407,2,15
1410,4,48,3841,3842,4410,1,569
1613,7,48,4394,4395,4413,1,19
1211,5,48,3298,3299,4416,1,1118
1615,1,48,4400,4402,4419,2,19
1417,3,48,3860,3861,4422,1,562
1230,8,48,3350,3351,4425,1,1075
1616,2,48,4403,4404,4428,1,25
1620,6,48,4414,4415,4431,1,17
1418,4,48,3863,3864,4434,1,571
1621,7,48,4416,4418,4437,2,21
1219,5,48,3320,3322,4440,2,1120
1623,1,48,4422,4424,4443,2,21
1425,3,48,3881,3882,4446,1,565
1238,8,48,3372,3374,4449,2,1077
1624,2,48,4425,4427,4452,2,27
1628,6,48,4436,4437,4455,1,19
1426,4,48,3884,3885,4458,1,574
1629,7,48,4438,4440,4461,2,23
1631,1,48,4444,4445,4464,1,20
1227,5,48,3342,3344,4467,2,1125
1632,2,48,4447,4448,4470,1,23
1433,3,48,3903,3905,4473,2,570
1637,7,48,4460,4461,4476,1,16
1636,6,48,4458,4460,4479,2,21
1434,4,48,3906,3908,4482,2,576
1246,8,48,3394,3395,4485,1,1091
1639,1,48,4465,4467,4488,2,23
1235,5,48,3364,3365,4491,1,1127
1640,2,48,4468,4469,4494,1,26
1441,3,48,3925,3927,4497,2,572
1645,7,48,4481,4482,4500,1,19
1644,6,48,4479,4481,4503,2,24
1647,1,48,4487,4489,4506,2,19
1442,4,48,3928,3929,4509,1,581
1254,8,48,3415,3416,4512,1,1097
1648,2,48,4490,4491,4515,1,25
1652,6,48,4501,4502,4518,1,17
1449,3,48,3947,3948,4521,1,574
1653,7,48,4503,4505,4524,2,21
1243,5,48,3386,3388,4527,2,1141
1655,1,48,4509,4511,4530,2,21
1450,4,48,3950,3951,4533,1,583
1262,8,48,3437,3438,4536,1,1099
1656,2,48,4512,4514,4539,2,27
1660,6,48,4523,4524,4542,1,19
1457,3,48,3969,3971,4545,2,576
1661,7,48,4525,4527,4548,2,23
1663,1,48,4531,4532,4551,1,20
1251,5,48,3407,3409,4554,2,1147
1664,2,48,4534,4535,4557,1,23
1458,4,48,3972,3974,4560,2,588
1669,7,48,4547,4548,4563,1,16
1668,6,48,4545,4547,4566,2,21
1465,3,48,3990,3992,4569,2,579
1270,8,48,3459,3461,4572,2,1113
1671,1,48,4553,4555,4575,2,22
1259,5,48,3429,3431,4578,2,1149
1672,2,48,4556,4557,4581,1,25
1466,4,48,3993,3995,4584,2,591
1677,7,48,4569,4571,4587,2,18
1676,6,48,4567,4568,4590,1,23
1679,1,48,4575,4577,4593,2,18
1473,3,48,4012,4014,4596,2,584
1278,8,48,3481,3482,4599,1,1118
1680,2,48,4578,4580,4602,2,24
1684,6,48,4589,4590,4605,1,16
1474,4,48,4015,4016,4608,1,593
1685,7,48,4591,4593,4611,2,20
1267,5,48,3451,3452,4614,1,1163
1687,1,48,4596,4598,4617,2,21
1481,3,48,4034,4035,4620,1,586
1286,8,48,3503,3504,4623,1,1120
1688,2,48,4599,4601,4626,2,27
1692,6,48,4610,4611,4629,1,19
1482,4,48,4037,4038,4632,1,595
1693,7,48,4612,4614,4635,2,23
1695,1,48,4618,4619,4638,1,20
1275,5,48,3473,3475,4641,2,1168
1696,2,48,4621,4622,4644,1,23
1489,3,48,4056,4058,4647,2,591
1701,7,48,4634,4635,4650,1,16
1700,6,48,4632,4634,4653,2,21
1490,4,48,4059,4061,4656,2,597
1294,8,48,3524,3525,4659,1,1135
1703,1,48,4640,4642,4662,2,22
1283,5,48,3495,3497,4665,2,1170
1704,2,48,4643,4644,4668,1,25
1497,3,48,4078,4080,4671,2,593
1709,7,48,4656,4658,4674,2,18
1708,6,48,4654,4655,4677,1,23
1711,1,48,4662,4664,4680,2,18
1498,4,48,4081,4082,4683,1,602
1302,8,48,3546,3548,4686,2,1140
1712,2,48,4665,4667,4689,2,24
1716,6,48,4676,4677,4692,1,16
1505,3,48,4100,4101,4695,1,595
1717,7,48,4678,4680,4698,2,20
1291,5,48,3516,3518,4701,2,1185
1719,1,48,4684,4685,4704,1,20
1506,4,48,4103,4104,4707,1,604
1310,8,48,3568,3569,4710,1,1142
1720,2,48,4687,4688,4713,1,26
1724,6,48,4698,4700,4716,2,18
1513,3,48,4121,4122,4719,1,598
1725,7,48,4700,4701,4722,1,22
1299,5,48,3538,3539,4725,1,1187
1727,1,48,4705,4707,4728,2,23
1514,4,48,4124,4125,4731,1,607
1733,7,48,4721,4722,4734,1,13
1728,2,48,4708,4709,4737,1,29
1732,6,48,4719,4721,4740,2,21
1521,3,48,4143,4145,4743,2,600
1318,8,48,3590,3591,4746,1,1156
1735,1,48,4727,4729,4749,2,22
1307,5,48,3560,3562,4752,2,1192
1736,2,48,4730,4731,4755,1,25
1522,4,48,4146,4148,4758,2,612
1741,7,48,4743,4745,4761,2,18
1740,6,48,4741,4742,4764,1,23
1743,1,48,4749,4751,4767,2,18
1529,3,48,4165,4167,4770,2,605
1326,8,48,3612,3614,4773,2,1161
1744,2,48,4752,4754,4776,2,24
1748,6,48,4763,4764,4779,1,16
1530,4,48,4168,4169,4782,1,614
1749,7,48,4765,4767,4785,2,20
1315,5,48,3582,3584,4788,2,1206
1751,1,48,4771,4772,4791,1,20
1537,3,48,4187,4188,4794,1,607
1334,8,48,3634,3635,4797,1,1163
1752,2,48,4774,4775,4800,1,26
1756,6,48,4785,4787,4803,2,18
1538,4,48,4190,4191,4806,1,616
1757,7,48,4787,4788,4809,1,22
1323,5,48,3604,3605,4812,1,1208
1759,1,48,4793,4795,4815,2,22
1545,3,48,4209,4211,4818,2,609
1342,8,48,3655,3656,4821,1,1166
1760,2,48,4796,4797,4824,1,28
1764,6,48,4807,4808,4827,1,20
1546,4,48,4212,4214,4830,2,618
1765,7,48,4809,4811,4833,2,24
1767,1,48,4815,4817,4836,2,21
1331,5,48,3626,3628,4839,2,1213
1768,2,48,4818,4820,4842,2,24
1553,3,48,4230,4232,4845,2,615
1773,7,48,4831,4833,4848,2,17
1772,6,48,4829,4830,4851,1,22
1775,1,48,4836,4838,4854,2,18
1554,4,48,4233,4235,4857,2,624
1350,8,48,3677,3678,4860,1,1183
1776,2,48,4839,4841,4863,2,24
1780,6,48,4850,4851,4866,1,16
1561,3,48,4252,4254,4869,2,617
1781,7,48,4852,4854,4872,2,20
1339,5,48,3647,3649,4875,2,1228
1783,1,48,4858,4859,4878,1,20
1562,4,48,4255,4256,4881,1,626
1358,8,48,3699,3701,4884,2,1185
1784,2,48,4861,4862,4887,1,26
1788,6,48,4872,4874,4890,2,18
1569,3,48,4274,4275,4893,1,619
1789,7,48,4874,4875,4896,1,22
1347,5,48,3669,3671,4899,2,1230
1791,1,48,4880,4882,4902,2,22
1570,4,48,4277,4278,4905,1,628
1366,8,48,3721,3722,4908,1,1187
1792,2,48,4883,4884,4911,1,28
1796,6,48,4894,4895,4914,1,20
1577,3,48,4296,4298,4917,2,621
1797,7,48,4896,4898,4920,2,24
1799,1,48,4902,4904,4923,2,21
1355,5,48,3691,3692,4926,1,1235
1800,2,48,4905,4907,4929,2,24
1578,4,48,4299,4301,4932,2,633
1805,7,48,4918,4920,4935,2,17
1804,6,48,4916,4917,4938,1,22
1807,1,48,4924,4925,4941,1,17
1585,3,48,4318,4320,4944,2,626
1374,8,48,3743,3744,4947,1,1204
1808,2,48,4927,4928,4950,1,23
1812,6,48,4938,4940,4953,2,15
1586,4,48,4321,4322,4956,1,635
1813,7,48,4940,4941,4959,1,19
1363,5,48,3713,3715,4962,2,1249
1815,1,48,4945,4947,4965,2,20
1593,3,48,4340,4341,4968,1,628
1382,8,48,3764,3765,4971,1,1207
1816,2,48,4948,4949,4974,1,26
1820,6,48,4959,4961,4977,2,18
1594,4,48,4343,4344,4980,1,637
1821,7,48,4961,4962,4983,1,22
1371,5,48,3735,3737,4986,2,1251
1823,1,48,4967,4969,4989,2,22
1601,3,48,4361,4362,4992,1,631
1390,8,48,3786,3788,4995,2,1209
1824,2,48,4970,4971,4998,1,28
1828,6,48,4981,4982,5001,1,20
1602,4,48,4364,4365,5004,1,640
1829,7,48,4983,4985,5007,2,24
1831,1,48,4989,4991,5010,2,21
1379,5,48,3756,3758,5013,2,1257
1832,2,48,4992,4994,5016,2,24
1609,3,48,4383,4385,5019,2,636
1837,7,48,5005,5007,5022,2,17
1836,6,48,5003,5004,5025,1,22
1839,1,48,5011,5012,5028,1,17
1610,4,48,4386,4388,5031,2,645
1398,8,48,3808,3809,5034,1,1226
1840,2,48,5014,5015,5037,1,23
1844,6,48,5025,5027,5040,2,15
1617,3,48,4405,4407,5043,2,638
1845,7,48,5027,5028,5046,1,19
1387,5,48,3778,3779,5049,1,1271
1847,1,48,5033,5035,5052,2,19
1618,4,48,4408,4409,5055,1,647
1406,8,48,3830,3831,5058,1,1228
1848,2,48,5036,5037,5061,1,25
1852,6,48,5047,5048,5064,1,17
1625,3,48,4427,4428,5067,1,640
1853,7,48,5049,5051,5070,2,21
1395,5,48,3800,3802,5073,2,1273
1855,1,48,5055,5057,5076,2,21
1626,4,48,4430,4431,5079,1,649
1414,8,48,3852,3854,5082,2,1230
1856,2,48,5058,5060,5085,2,27
1860,6,48,5069,5070,5088,1,19
1633,3,48,4449,4451,5091,2,642
1861,7,48,5071,5073,5094,2,23
1863,1,48,5076,5078,5097,2,21
1403,5,48,3822,3824,5100,2,1278
1864,2,48,5079,5081,5103,2,24
1634,4,48,4452,4454,5106,2,654
1869,7,48,5092,5094,5109,2,17
1868,6,48,5090,5091,5112,1,22
1871,1,48,5098,5099,5115,1,17
1641,3,48,4470,4472,5118,2,648
1422,8,48,3874,3875,5121,1,1247
1872,2,48,5101,5102,5124,1,23
1876,6,48,5112,5114,5127,2,15
1642,4,48,4473,4475,5130,2,657
1877,7,48,5114,5115,5133,1,19
1411,5,48,3844,3845,5136,1,1292
1879,1,48,5120,5122,5139,2,19
1649,3,48,4492,4494,5142,2,650
1430,8,48,3895,3896,5145,1,1250
1880,2,48,5123,5124,5148,1,25
1884,6,48,5134,5135,5151,1,17
1650,4,48,4495,4496,5154,1,659
1885,7,48,5136,5138,5157,2,21
1419,5,48,3866,3868,5160,2,1294
1887,1,48,5142,5144,5163,2,21
1657,3,48,4514,4515,5166,1,652
1438,8,48,3917,3918,5169,1,1252
1888,2,48,5145,5147,5172,2,27
1892,6,48,5156,5157,5175,1,19
1658,4,48,4517,4518,5178,1,661
1893,7,48,5158,5160,5181,2,23
1895,1,48,5164,5165,5184,1,20
1427,5,48,3887,3889,5187,2,1300
1896,2,48,5167,5168,5190,1,23
1665,3,48,4536,4538,5193,2,657
1901,7,48,5180,5181,5196,1,16
1900,6,48,5178,5180,5199,2,21
1666,4,48,4539,4541,5202,2,663
1446,8,48,3939,3941,5205,2,1266
1903,1,48,5185,5187,5208,2,23
1435,5,48,3909,3911,5211,2,1302
1904,2,48,5188,5189,5214,1,26
1673,3,48,4558,4560,5217,2,659
1909,7,48,5201,5202,5220,1,19
1908,6,48,5199,5201,5223,2,24
1911,1,48,5207,5209,5226,2,19
1674,4,48,4561,4562,5229,1,668
1454,8,48,3961,3962,5232,1,1271
1912,2,48,5210,5211,5235,1,25
1916,6,48,5221,5222,5238,1,17
1681,3,48,4580,4581,5241,1,661
1917,7,48,5223,5225,5244,2,21
1443,5,48,3931,3932,5247,1,1316
1919,1,48,5229,5231,5250,2,21
1682,4,48,4583,4584,5253,1,670
1462,8,48,3983,3984,5256,1,1273
1920,2,48,5232,5234,5259,2,27
1924,6,48,5243,5244,5262,1,19
1689,3,48,4601,4602,5265,1,664
1925,7,48,5245,5247,5268,2,23
1927,1,48,5251,5252,5271,1,20
1451,5,48,3953,3955,5274,2,1321
1928,2,48,5254,5255,5277,1,23
1690,4,48,4604,4605,5280,1,676
1933,7,48,5267,5268,5283,1,16
1932,6,48,5265,5267,5286,2,21
1697,3,48,4623,4625,5289,2,666
1470,8,48,4004,4005,5292,1,1288
1935,1,48,5273,5275,5295,2,22
1459,5,48,3975,3977,5298,2,1323
1936,2,48,5276,5277,5301,1,25
1698,4,48,4626,4628,5304,2,678
1941,7,48,5289,5291,5307,2,18
1940,6,48,5287,5288,5310,1,23
1943,1,48,5295,5297,5313,2,18
1705,3,48,4645,4647,5316,2,671
1478,8,48,4026,4028,5319,2,1293
1944,2,48,5298,5300,5322,2,24
1948,6,48,5309,5310,5325,1,16
1706,4,48,4648,4649,5328,1,680
1949,7,48,5311,5313,5331,2,20
1467,5,48,3996,3998,5334,2,1338
1951,1,48,5316,5318,5337,2,21
1713,3,48,4667,4668,5340,1,673
1486,8,48,4048,4049,5343,1,1295
1952,2,48,5319,5321,5346,2,27
1956,6,48,5330,5331,5349,1,19
1714,4,48,4670,4671,5352,1,682
1957,7,48,5332,5334,5355,2,23
1959,1,48,5338,5339,5358,1,20
1475,5,48,4018,4019,5361,1,1343
1960,2,48,5341,5342,5364,1,23
1721,3,48,4689,4691,5367,2,678
1965,7,48,5354,5355,5370,1,16
1964,6,48,5352,5354,5373,2,21
1722,4,48,4692,4694,5376,2,684
1494,8,48,4070,4071,5379,1,1309
1967,1,48,5360,5362,5382,2,22
1483,5,48,4040,4042,5385,2,1345
1968,2,48,5363,5364,5388,1,25
1729,3,48,4710,4712,5391,2,681
1973,7,48,5376,5378,5394,2,18
1972,6,48,5374,5375,5397,1,23
1975,1,48,5382,5384,5400,2,18
1730,4,48,4713,4715,5403,2,690
1502,8,48,4092,4094,5406,2,1314
1976,2,48,5385,5387,5409,2,24
1980,6,48,5396,5397,5412,1,16
1737,3,48,4732,4734,5415,2,683
1981,7,48,5398,5400,5418,2,20
1491,5,48,4062,4064,5421,2,1359
1983,1,48,5404,5405,5424,1,20
1738,4,48,4735,4736,5427,1,692
1510,8,48,4114,4115,5430,1,1316
1984,2,48,5407,5408,5433,1,26
1988,6,48,5418,5420,5436,2,18
1745,3,48,4754,4755,5439,1,685
1989,7,48,5420,5421,5442,1,22
1499,5,48,4084,4085,5445,1,1361
1991,1,48,5425,5427,5448,2,23
1746,4,48,4757,4758,5451,1,694
1997,7,48,5441,5442,5454,1,13
1992,2,48,5428,5429,5457,1,29
1996,6,48,5439,5441,5460,2,21
1753,3,48,4776,4778,5463,2,687
1518,8,48,4135,4136,5466,1,1331
1999,1,48,5447,5449,5469,2,22
1507,5,48,4106,4108,5472,2,1366
2000,2,48,5450,5451,5475,1,25
1754,4,48,4779,4781,5478,2,699
2005,7,48,5463,5465,5481,2,18
2004,6,48,5461,5462,5484,1,23
2007,1,48,5469,5471,5487,2,18
1761,3,48,4798,4800,5490,2,692
1526,8,48,4157,4158,5493,1,1336
2008,2,48,5472,5474,5496,2,24
2012,6,48,5483,5484,5499,1,16
1762,4,48,4801,4802,5502,1,701
2013,7,48,5485,5487,5505,2,20
1515,5,48,4127,4129,5508,2,1381
2015,1,48,5491,5492,5511,1,20
1769,3,48,4820,4821,5514,1,694
1534,8,48,4179,4181,5517,2,1338
2016,2,48,5494,5495,5520,1,26
2020,6,48,5505,5507,5523,2,18
1770,4,48,4823,4824,5526,1,703
2021,7,48,5507,5508,5529,1,22
1523,5,48,4149,4151,5532,2,1383
2023,1,48,5513,5515,5535,2,22
1777,3,48,4841,4842,5538,1,697
1542,8,48,4201,4202,5541,1,1340
2024,2,48,5516,5517,5544,1,28
2028,6,48,5527,5528,5547,1,20
1778,4,48,4844,4845,5550,1,706
2029,7,48,5529,5531,5553,2,24
2031,1,48,5535,5537,5556,2,21
1531,5,48,4171,4172,5559,1,1388
2032,2,48,5538,5540,5562,2,24
1785,3,48,4863,4865,5565,2,702
2037,7,48,5551,5553,5568,2,17
2036,6,48,5549,5550,5571,1,22
2039,1,48,5556,5558,5574,2,18
1786,4,48,4866,4868,5577,2,711
1550,8,48,4223,4224,5580,1,1357
2040,2,48,5559,5561,5583,2,24
2044,6,48,5570,5571,5586,1,16
1793,3,48,4885,4887,5589,2,704
2045,7,48,5572,5574,5592,2,20
1539,5,48,4193,4195,5595,2,1402
2047,1,48,5578,5579,5598,1,20
1794,4,48,4888,4889,5601,1,713
1558,8,48,4244,4245,5604,1,1360
2048,2,48,5581,5582,5607,1,26
2052,6,48,5592,5594,5610,2,18
1801,3,48,4907,4908,5613,1,706
2053,7,48,5594,5595,5616,1,22
1547,5,48,4215,4217,5619,2,1404
2055,1,48,5600,5602,5622,2,22
1802,4,48,4910,4911,5625,1,715
1566,8,48,4266,4268,5628,2,1362
2056,2,48,5603,5604,5631,1,28
2060,6,48,5614,5615,5634,1,20
1809,3,48,4929,4931,5637,2,708
2061,7,48,5616,5618,5640,2,24
2063,1,48,5622,5624,5643,2,21
1555,5,48,4236,4238,5646,2,1410
2064,2,48,5625,5627,5649,2,24
1810,4,48,4932,4934,5652,2,720
2069,7,48,5638,5640,5655,2,17
2068,6,48,5636,5637,5658,1,22
2071,1,48,5644,5645,5661,1,17
1817,3,48,4950,4952,5664,2,714
1574,8,48,4288,4289,5667,1,1379
2072,2,48,5647,5648,5670,1,23
2076,6,48,5658,5660,5673,2,15
1818,4,48,4953,4955,5676,2,723
2077,7,48,5660,5661,5679,1,19
1563,5,48,4258,4259,5682,1,1424
2079,1,48,5665,5667,5685,2,20
1825,3,48,4972,4974,5688,2,716
1582,8,48,4310,4311,5691,1,1381
2080,2,48,5668,5669,5694,1,26
2084,6,48,5679,5681,5697,2,18
1826,4,48,4975,4976,5700,1,725
2085,7,48,5681,5682,5703,1,22
1571,5,48,4280,4282,5706,2,1426
2087,1,48,5687,5689,5709,2,22
1833,3,48,4994,4995,5712,1,718
1590,8,48,4332,4334,5715,2,1383
2088,2,48,5690,5691,5718,1,28
2092,6,48,5701,5702,5721,1,20
1834,4,48,4997,4998,5724,1,727
2093,7,48,5703,5705,5727,2,24
2095,1,48,5709,5711,5730,2,21
1579,5,48,4302,4304,5733,2,1431
2096,2,48,5712,5714,5736,2,24
1841,3,48,5016,5018,5739,2,723
2101,7,48,5725,5727,5742,2,17
2100,6,48,5723,5724,5745,1,22
2103,1,48,5731,5732,5748,1,17
1842,4,48,5019,5021,5751,2,732
1598,8,48,4354,4355,5754,1,1400
2104,2,48,5734,5735,5757,1,23
2108,6,48,5745,5747,5760,2,15
1849,3,48,5038,5040,5763,2,725
2109,7,48,5747,5748,5766,1,19
1587,5,48,4324,4325,5769,1,1445
2111,1,48,5753,5755,5772,2,19
1850,4,48,5041,5042,5775,1,734
1606,8,48,4375,4376,5778,1,1403
2112,2,48,5756,5757,5781,1,25
2116,6,48,5767,5768,5784,1,17
1857,3,48,5060,5061,5787,1,727
2117,7,48,5769,5771,5790,2,21
1595,5,48,4346,4348,5793,2,1447
2119,1,48,5775,5777,5796,2,21
1858,4,48,5063,5064,5799,1,736
1614,8,48,4397,4398,5802,1,1405
2120,2,48,5778,5780,5805,2,27
2124,6,48,5789,5790,5808,1,19
1865,3,48,5081,5082,5811,1,730
2125,7,48,5791,5793,5814,2,23
2127,1,48,5796,5798,5817,2,21
1603,5,48,4367,4369,5820,2,1453
2128,2,48,5799,5801,5823,2,24
1866,4,48,5084,5085,5826,1,742
2133,7,48,5812,5814,5829,2,17
2132,6,48,5810,5811,5832,1,22
2135,1,48,5818,5819,5835,1,17
1873,3,48,5103,5105,5838,2,735
1622,8,48,4419,4421,5841,2,1422
2136,2,48,5821,5822,5844,1,23
2140,6,48,5832,5834,5847,2,15
1874,4,48,5106,5108,5850,2,744
2141,7,48,5834,5835,5853,1,19
1611,5,48,4389,4391,5856,2,1467
2143,1,48,5840,5842,5859,2,19
1881,3,48,5125,5127,5862,2,737
1630,8,48,4441,4442,5865,1,1424
2144,2,48,5843,5844,5868,1,25
2148,6,48,5854,5855,5871,1,17
1882,4,48,5128,5129,5874,1,746
2149,7,48,5856,5858,5877,2,21
1619,5,48,4411,4412,5880,1,1469
2151,1,48,5862,5864,5883,2,21
1889,3,48,5147,5148,5886,1,739
1638,8,48,4463,4464,5889,1,1426
2152,2,48,5865,5867,5892,2,27
2156,6,48,5876,5877,5895,1,19
1890,4,48,5150,5151,5898,1,748
2157,7,48,5878,5880,5901,2,23
2159,1,48,5884,5885,5904,1,20
1627,5,48,4433,4435,5907,2,1474
2160,2,48,5887,5888,5910,1,23
1897,3,48,5169,5171,5913,2,744
2165,7,48,5900,5901,5916,1,16
2164,6,48,5898,5900,5919,2,21
1898,4,48,5172,5174,5922,2,750
1646,8,48,4484,4485,5925,1,1441
2167,1,48,5905,5907,5928,2,23
1635,5,48,4455,4457,5931,2,1476
2168,2,48,5908,5909,5934,1,26
1905,3,48,5190,5192,5937,2,747
2173,7,48,5921,5922,5940,1,19
2172,6,48,5919,5921,5943,2,24
2175,1,48,5927,5929,5946,2,19
1906,4,48,5193,5195,5949,2,756
1654,8,48,4506,4508,5952,2,1446
2176,2,48,5930,5931,5955,1,25
2180,6,48,5941,5942,5958,1,17
1913,3,48,5212,5214,5961,2,749
2181,7,48,5943,5945,5964,2,21
1643,5,48,4476,4478,5967,2,1491
2183,1,48,5949,5951,5970,2,21
1914,4,48,5215,5216,5973,1,758
1662,8,48,4528,4529,5976,1,1448
2184,2,48,5952,5954,5979,2,27
2188,6,48,5963,5964,5982,1,19
1921,3,48,5234,5235,5985,1,751
2189,7,48,5965,5967,5988,2,23
2191,1,48,5971,5972,5991,1,20
1651,5,48,4498,4499,5994,1,1496
2192,2,48,5974,5975,5997,1,23
1922,4,48,5237,5238,6000,1,763
2197,7,48,5987,5988,6003,1,16
2196,6,48,5985,5987,6006,2,21
1929,3,48,5256,5258,6009,2,753
1670,8,48,4550,4551,6012,1,1462
2199,1,48,5993,5995,6015,2,22
1659,5,48,4520,4522,6018,2,1498
2200,2,48,5996,5997,6021,1,25
1930,4,48,5259,5261,6024,2,765
2205,7,48,6009,6011,6027,2,18
2204,6,48,6007,6008,6030,1,23
2207,1,48,6015,6017,6033,2,18
1937,3,48,5278,5280,6036,2,758
1678,8,48,4572,4574,6039,2,1467
2208,2,48,6018,6020,6042,2,24
2212,6,48,6029,6030,6045,1,16
1938,4,48,5281,5282,6048,1,767
2213,7,48,6031,6033,6051,2,20
1667,5,48,4542,4544,6054,2,1512
2215,1,48,6036,6038,6057,2,21
1945,3,48,5300,5301,6060,1,760
1686,8,48,4594,4595,6063,1,1469
2216,2,48,6039,6041,6066,2,27
2220,6,48,6050,6051,6069,1,19
1946,4,48,5303,5304,6072,1,769
2221,7,48,6052,6054,6075,2,23
2223,1,48,6058,6059,6078,1,20
1675,5,48,4564,4565,6081,1,1517
2224,2,48,6061,6062,6084,1,23
1953,3,48,5321,5322,6087,1,766
2229,7,48,6074,6075,6090,1,16
2228,6,48,6072,6074,6093,2,21
1954,4,48,5324,5325,6096,1,772
1694,8,48,4615,4616,6099,1,1484
2231,1,48,6080,6082,6102,2,22
1683,5,48,4586,4588,6105,2,1519
2232,2,48,6083,6084,6108,1,25
1961,3,48,5343,5345,6111,2,768
2237,7,48,6096,6098,6114,2,18
2236,6,48,6094,6095,6117,1,23
2239,1,48,6102,6104,6120,2,18
1962,4,48,5346,5348,6123,2,777
1702,8,48,4637,4638,6126,1,1489
2240,2,48,6105,6107,6129,2,24
2244,6,48,6116,6117,6132,1,16
1969,3,48,5365,5367,6135,2,770
2245,7,48,6118,6120,6138,2,20
1691,5,48,4607,4609,6141,2,1534
2247,1,48,6124,6125,6144,1,20
1970,4,48,5368,5369,6147,1,779
1710,8,48,4659,4661,6150,2,1491
2248,2,48,6127,6128,6153,1,26
2252,6,48,6138,6140,6156,2,18
1977,3,48,5387,5388,6159,1,772
2253,7,48,6140,6141,6162,1,22
1699,5,48,4629,4631,6165,2,1536
2255,1,48,6145,6147,6168,2,23
1978,4,48,5390,5391,6171,1,781
2261,7,48,6161,6162,6174,1,13
2256,2,48,6148,6149,6177,1,29
2260,6,48,6159,6161,6180,2,21
1985,3,48,5409,5411,6183,2,774
1718,8,48,4681,4682,6186,1,1505
2263,1,48,6167,6169,6189,2,22
1707,5,48,4651,4652,6192,1,1541
2264,2,48,6170,6171,6195,1,25
1986,4,48,5412,5414,6198,2,786
2269,7,48,6183,6185,6201,2,18
2268,6,48,6181,6182,6204,1,23
2271,1,48,6189,6191,6207,2,18
1993,3,48,5430,5432,6210,2,780
1726,8,48,4703,4704,6213,1,1510
2272,2,48,6192,6194,6216,2,24
2276,6,48,6203,6204,6219,1,16
1994,4,48,5433,5435,6222,2,789
2277,7,48,6205,6207,6225,2,20
1715,5,48,4673,4675,6228,2,1555
2279,1,48,6211,6212,6231,1,20
2001,3,48,5452,5454,6234,2,782
1734,8,48,4724,4725,6237,1,1513
2280,2,48,6214,6215,6240,1,26
2284,6,48,6225,6227,6243,2,18
2002,4,48,5455,5456,6246,1,791
2285,7,48,6227,6228,6249,1,22
1723,5,48,4695,4697,6252,2,1557
2287,1,48,6233,6235,6255,2,22
2009,3,48,5474,5475,6258,1,784
1742,8,48,4746,4748,6261,2,1515
2288,2,48,6236,6237,6264,1,28
2292,6,48,6247,6248,6267,1,20
2010,4,48,5477,5478,6270,1,793
2293,7,48,6249,6251,6273,2,24
2295,1,48,6255,6257,6276,2,21
1731,5,48,4716,4718,6279,2,1563
2296,2,48,6258,6260,6282,2,24
2017,3,48,5496,5498,6285,2,789
2301,7,48,6271,6273,6288,2,17
2300,6,48,6269,6270,6291,1,22
2303,1,48,6276,6278,6294,2,18
2018,4,48,5499,5501,6297,2,798
1750,8,48,4768,4769,6300,1,1532
2304,2,48,6279,6281,6303,2,24
2308,6,48,6290,6291,6306,1,16
2025,3,48,5518,5520,6309,2,791
2309,7,48,6292,6294,6312,2,20
1739,5,48,4738,4739,6315,1,1577
2311,1,48,6298,6299,6318,1,20
2026,4,48,5521,5522,6321,1,800
1758,8,48,4790,4791,6324,1,1534
2312,2,48,6301,6302,6327,1,26
2316,6,48,6312,6314,6330,2,18
2033,3,48,5540,5541,6333,1,793
2317,7,48,6314,6315,6336,1,22
1747,5,48,4760,4762,6339,2,1579
2319,1,48,6320,6322,6342,2,22
2034,4,48,5543,5544,6345,1,802
1766,8,48,4812,4814,6348,2,1536
2320,2,48,6323,6324,6351,1,28
2324,6,48,6334,6335,6354,1,20
2041,3,48,5561,5562,6357,1,796
2325,7,48,6336,6338,6360,2,24
2327,1,48,6342,6344,6363,2,21
1755,5,48,4782,4784,6366,2,1584
2328,2,48,6345,6347,6369,2,24
2042,4,48,5564,5565,6372,1,808
2333,7,48,6358,6360,6375,2,17
2332,6,48,6356,6357,6378,1,22
2335,1,48,6364,6365,6381,1,17
2049,3,48,5583,5585,6384,2,801
1774,8,48,4834,4835,6387,1,1553
2336,2,48,6367,6368,6390,1,23
2340,6,48,6378,6380,6393,2,15
2050,4,48,5586,5588,6396,2,810
2341,7,48,6380,6381,6399,1,19
1763,5,48,4804,4805,6402,1,1598
2343,1,48,6385,6387,6405,2,20
2057,3,48,5605,5607,6408,2,803
1782,8,48,4855,4856,6411,1,1556
2344,2,48,6388,6389,6414,1,26
2348,6,48,6399,6401,6417,2,18
2058,4,48,5608,5609,6420,1,812
2349,7,48,6401,6402,6423,1,22
1771,5,48,4826,4828,6426,2,1600
2351,1,48,6407,6409,6429,2,22
2065,3,48,5627,5628,6432,1,805
1790,8,48,4877,4878,6435,1,1558
2352,2,48,6410,6411,6438,1,28
2356,6,48,6421,6422,6441,1,20
2066,4,48,5630,5631,6444,1,814
2357,7,48,6423,6425,6447,2,24
2359,1,48,6429,6431,6450,2,21
1779,5,48,4847,4849,6453,2,1606
2360,2,48,6432,6434,6456,2,24
2073,3,48,5649,5651,6459,2,810
2365,7,48,6445,6447,6462,2,17
2364,6,48,6443,6444,6465,1,22
2367,1,48,6451,6452,6468,1,17
2074,4,48,5652,5654,6471,2,819
1798,8,48,4899,4901,6474,2,1575
2368,2,48,6454,6455,6477,1,23
2372,6,48,6465,6467,6480,2,15
2081,3,48,5670,5672,6483,2,813
2373,7,48,6467,6468,6486,1,19
1787,5,48,4869,4871,6489,2,1620
2375,1,48,6473,6475,6492,2,19
2082,4,48,5673,5675,6495,2,822
1806,8,48,4921,4922,6498,1,1577
2376,2,48,6476,6477,6501,1,25
2380,6,48,6487,6488,6504,1,17
2089,3,48,5692,5694,6507,2,815
2381,7,48,6489,6491,6510,2,21
1795,5,48,4891,4892,6513,1,1622
2383,1,48,6495,6497,6516,2,21
2090,4,48,5695,5696,6519,1,824
1814,8,48,4943,4944,6522,1,1579
2384,2,48,6498,6500,6525,2,27
2388,6,48,6509,6510,6528,1,19
2097,3,48,5714,5715,6531,1,817
2389,7,48,6511,6513,6534,2,23
2391,1,48,6516,6518,6537,2,21
1803,5,48,4913,4915,6540,2,1627
2392,2,48,6519,6521,6543,2,24
2098,4,48,5717,5718,6546,1,829
2397,7,48,6532,6534,6549,2,17
2396,6,48,6530,6531,6552,1,22
2399,1,48,6538,6539,6555,1,17
2105,3,48,5736,5738,6558,2,822
1822,8,48,4964,4965,6561,1,1597
2400,2,48,6541,6542,6564,1,23
2404,6,48,6552,6554,6567,2,15
2106,4,48,5739,5741,6570,2,831
2405,7,48,6554,6555,6573,1,19
1811,5,48,4935,4937,6576,2,1641
2407,1,48,6560,6562,6579,2,19
2113,3,48,5758,5760,6582,2,824
1830,8,48,4986,4988,6585,2,1599
2408,2,48,6563,6564,6588,1,25
2412,6,48,6574,6575,6591,1,17
2114,4,48,5761,5762,6594,1,833
2413,7,48,6576,6578,6597,2,21
1819,5,48,4956,4958,6600,2,1644
2415,1,48,6582,6584,6603,2,21
2121,3,48,5780,5781,6606,1,826
1838,8,48,5008,5009,6609,1,1601
2416,2,48,6585,6587,6612,2,27
2420,6,48,6596,6597,6615,1,19
2122,4,48,5783,5784,6618,1,835
2421,7,48,6598,6600,6621,2,23
2423,1,48,6604,6605,6624,1,20
1827,5,48,4978,4979,6627,1,1649
2424,2,48,6607,6608,6630,1,23
2129,3,48,5801,5802,6633,1,832
2429,7,48,6620,6621,6636,1,16
2428,6,48,6618,6620,6639,2,21
2130,4,48,5804,5805,6642,1,838
1846,8,48,5030,5031,6645,1,1615
2431,1,48,6625,6627,6648,2,23
1835,5,48,5000,5002,6651,2,1651
2432,2,48,6628,6629,6654,1,26
2137,3,48,5823,5825,6657,2,834
2437,7,48,6641,6642,6660,1,19
2436,6,48,6639,6641,6663,2,24
2439,1,48,6647,6649,6666,2,19
2138,4,48,5826,5828,6669,2,843
1854,8,48,5052,5054,6672,2,1620
2440,2,48,6650,6651,6675,1,25
2444,6,48,6661,6662,6678,1,17
2145,3,48,5845,5847,6681,2,836
2445,7,48,6663,6665,6684,2,21
1843,5,48,5022,5024,6687,2,1665
2447,1,48,6669,6671,6690,2,21
2146,4,48,5848,5849,6693,1,845
1862,8,48,5074,5075,6696,1,1622
2448,2,48,6672,6674,6699,2,27
2452,6,48,6683,6684,6702,1,19
2153,3,48,5867,5868,6705,1,838
2453,7,48,6685,6687,6708,2,23
2455,1,48,6691,6692,6711,1,20
1851,5,48,5044,5045,6714,1,1670
2456,2,48,6694,6695,6717,1,23
2154,4,48,5870,5871,6720,1,850
2461,7,48,6707,6708,6723,1,16
2460,6,48,6705,6707,6726,2,21
2161,3,48,5889,5891,6729,2,840
1870,8,48,5095,5096,6732,1,1637
2463,1,48,6713,6715,6735,2,22
1859,5,48,5066,5068,6738,2,1672
2464,2,48,6716,6717,6741,1,25
2162,4,48,5892,5894,6744,2,852
2469,7,48,6729,6731,6747,2,18
2468,6,48,6727,6728,6750,1,23
2471,1,48,6735,6737,6753,2,18
2169,3,48,5910,5912,6756,2,846
1878,8,48,5117,5118,6759,1,1642
2472,2,48,6738,6740,6762,2,24
2476,6,48,6749,6750,6765,1,16
2170,4,48,5913,5915,6768,2,855
2477,7,48,6751,6753,6771,2,20
1867,5,48,5087,5089,6774,2,1687
2479,1,48,6756,6758,6777,2,21
2177,3,48,5932,5934,6780,2,848
1886,8,48,5139,5141,6783,2,1644
2480,2,48,6759,6761,6786,2,27
2484,6,48,6770,6771,6789,1,19
2178,4,48,5935,5936,6792,1,857
2485,7,48,6772,6774,6795,2,23
2487,1,48,6778,6779,6798,1,20
1875,5,48,5109,5111,6801,2,1692
2488,2,48,6781,6782,6804,1,23
2185,3,48,5954,5955,6807,1,853
2493,7,48,6794,6795,6810,1,16
2492,6,48,6792,6794,6813,2,21
2186,4,48,5957,5958,6816,1,859
1894,8,48,5161,5162,6819,1,1658
2495,1,48,6800,6802,6822,2,22
1883,5,48,5131,5132,6825,1,1694
2496,2,48,6803,6804,6828,1,25
2193,3,48,5976,5978,6831,2,855
2501,7,48,6816,6818,6834,2,18
2500,6,48,6814,6815,6837,1,23
2503,1,48,6822,6824,6840,2,18
2194,4,48,5979,5981,6843,2,864
1902,8,48,5183,5184,6846,1,1663
2504,2,48,6825,6827,6849,2,24
2508,6,48,6836,6837,6852,1,16
2201,3,48,5998,6000,6855,2,857
2509,7,48,6838,6840,6858,2,20
1891,5,48,5153,5155,6861,2,1708
2511,1,48,6844,6845,6864,1,20
2202,4,48,6001,6002,6867,1,866
1910,8,48,5204,5205,6870,1,1666
2512,2,48,6847,6848,6873,1,26
2516,6,48,6858,6860,6876,2,18
2209,3,48,6020,6021,6879,1,859
2517,7,48,6860,6861,6882,1,22
1899,5,48,5175,5177,6885,2,1710
2519,1,48,6865,6867,6888,2,23
2210,4,48,6023,6024,6891,1,868
2525,7,48,6881,6882,6894,1,13
2520,2,48,6868,6869,6897,1,29
2524,6,48,6879,6881,6900,2,21
2217,3,48,6041,6042,6903,1,862
1918,8,48,5226,5228,6906,2,1680
2527,1,48,6887,6889,6909,2,22
1907,5,48,5196,5198,6912,2,1716
2528,2,48,6890,6891,6915,1,25
2218,4,48,6044,6045,6918,1,874
2533,7,48,6903,6905,6921,2,18
2532,6,48,6901,6902,6924,1,23
2535,1,48,6909,6911,6927,2,18
2225,3,48,6063,6065,6930,2,867
1926,8,48,5248,5249,6933,1,1685
2536,2,48,6912,6914,6936,2,24
2540,6,48,6923,6924,6939,1,16
2226,4,48,6066,6068,6942,2,876
2541,7,48,6925,6927,6945,2,20
1915,5,48,5218,5219,6948,1,1730
2543,1,48,6931,6932,6951,1,20
2233,3,48,6085,6087,6954,2,869
1934,8,48,5270,5271,6957,1,1687
2544,2,48,6934,6935,6960,1,26
2548,6,48,6945,6947,6963,2,18
2234,4,48,6088,6089,6966,1,878
2549,7,48,6947,6948,6969,1,22
1923,5,48,5240,5242,6972,2,1732
2551,1,48,6953,6955,6975,2,22
2241,3,48,6107,6108,6978,1,871
1942,8,48,5292,5294,6981,2,1689
2552,2,48,6956,6957,6984,1,28
2556,6,48,6967,6968,6987,1,20
2242,4,48,6110,6111,6990,1,880
2557,7,48,6969,6971,6993,2,24
2559,1,48,6975,6977,6996,2,21
1931,5,48,5262,5264,6999,2,1737
2560,2,48,6978,6980,7002,2,24
2249,3,48,6129,6131,7005,2,876
2565,7,48,6991,6993,7008,2,17
2564,6,48,6989,6990,7011,1,22
2567,1,48,6996,6998,7014,2,18
2250,4,48,6132,6134,7017,2,885
1950,8,48,5314,5315,7020,1,1706
2568,2,48,6999,7001,7023,2,24
2572,6,48,7010,7011,7026,1,16
2257,3,48,6150,6152,7029,2,879
2573,7,48,7012,7014,7032,2,20
1939,5,48,5284,5285,7035,1,1751
2575,1,48,7018,7019,7038,1,20
2258,4,48,6153,6155,7041,2,888
1958,8,48,5335,5336,7044,1,1709
2576,2,48,7021,7022,7047,1,26
2580,6,48,7032,7034,7050,2,18
2265,3,48,6172,6174,7053,2,881
2581,7,48,7034,7035,7056,1,22
1947,5,48,5306,5308,7059,2,1753
2583,1,48,7040,7042,7062,2,22
2266,4,48,6175,6176,7065,1,890
1966,8,48,5357,5358,7068,1,1711
2584,2,48,7043,7044,7071,1,28
2588,6,48,7054,7055,7074,1,20
2273,3,48,6194,6195,7077,1,883
2589,7,48,7056,7058,7080,2,24
2591,1,48,7062,7064,7083,2,21
1955,5,48,5327,5329,7086,2,1759
2592,2,48,7065,7067,7089,2,24
2274,4,48,6197,6198,7092,1,895
2597,7,48,7078,7080,7095,2,17
2596,6,48,7076,7077,7098,1,22
2599,1,48,7084,7085,7101,1,17
2281,3,48,6216,6218,7104,2,888
1974,8,48,5379,5381,7107,2,1728
2600,2,48,7087,7088,7110,1,23
2604,6,48,7098,7100,7113,2,15
2282,4,48,6219,6221,7116,2,897
2605,7,48,7100,7101,7119,1,19
1963,5,48,5349,5351,7122,2,1773
2607,1,48,7105,7107,7125,2,20
2289,3,48,6238,6240,7128,2,890
1982,8,48,5401,5402,7131,1,1730
2608,2,48,7108,7109,7134,1,26
2612,6,48,7119,7121,7137,2,18
2290,4,48,6241,6242,7140,1,899
2613,7,48,7121,7122,7143,1,22
1971,5,48,5371,5372,7146,1,1775
2615,1,48,7127,7129,7149,2,22
2297,3,48,6260,6261,7152,1,892
1990,8,48,5423,5424,7155,1,1732
2616,2,48,7130,7131,7158,1,28
2620,6,48,7141,7142,7161,1,20
2298,4,48,6263,6264,7164,1,901
2621,7,48,7143,7145,7167,2,24
2623,1,48,7149,7151,7170,2,21
1979,5,48,5393,5395,7173,2,1780
2624,2,48,7152,7154,7176,2,24
2305,3,48,6281,6282,7179,1,898
2629,7,48,7165,7167,7182,2,17
2628,6,48,7163,7164,7185,1,22
2631,1,48,7171,7172,7188,1,17
2306,4,48,6284,6285,7191,1,907
1998,8,48,5444,5445,7194,1,1750
2632,2,48,7174,7175,7197,1,23
2636,6,48,7185,7187,7200,2,15
2313,3,48,6303,6305,7203,2,900
2637,7,48,7187,7188,7206,1,19
1987,5,48,5415,5417,7209,2,1794
2639,1,48,7193,7195,7212,2,19
2314,4,48,6306,6308,7215,2,909
2006,8,48,5466,5468,7218,2,1752
2640,2,48,7196,7197,7221,1,25
2644,6,48,7207,7208,7224,1,17
2321,3,48,6325,6327,7227,2,902
2645,7,48,7209,7211,7230,2,21
1995,5,48,5436,5438,7233,2,1797
2647,1,48,7215,7217,7236,2,21
2322,4,48,6328,6329,7239,1,911
2014,8,48,5488,5489,7242,1,1754
2648,2,48,7218,7220,7245,2,27
2652,6,48,7229,7230,7248,1,19
2329,3,48,6347,6348,7251,1,904
2653,7,48,7231,7233,7254,2,23
2655,1,48,7236,7238,7257,2,21
2003,5,48,5458,5459,7260,1,1802
2656,2,48,7239,7241,7263,2,24
2330,4,48,6350,6351,7266,1,916
2661,7,48,7252,7254,7269,2,17
2660,6,48,7250,7251,7272,1,22
2663,1,48,7258,7259,7275,1,17
2337,3,48,6369,6371,7278,2,909
2022,8,48,5510,5511,7281,1,1771
2664,2,48,7261,7262,7284,1,23
2668,6,48,7272,7274,7287,2,15
2338,4,48,6372,6374,7290,2,918
2669,7,48,7274,7275,7293,1,19
2011,5,48,5480,5482,7296,2,1816
2671,1,48,7280,7282,7299,2,19
2345,3,48,6390,6392,7302,2,912
2030,8,48,5532,5534,7305,2,1773
2672,2,48,7283,7284,7308,1,25
2676,6,48,7294,7295,7311,1,17
2346,4,48,6393,6395,7314,2,921
2677,7,48,7296,7298,7317,2,21
2019,5,48,5502,5504,7320,2,1818
2679,1,48,7302,7304,7323,2,21
2353,3,48,6412,6414,7326,2,914
2038,8,48,5554,5555,7329,1,1775
2680,2,48,7305,7307,7332,2,27
2684,6,48,7316,7317,7335,1,19
2354,4,48,6415,6416,7338,1,923
2685,7,48,7318,7320,7341,2,23
2687,1,48,7324,7325,7344,1,20
2027,5,48,5524,5525,7347,1,1823
2688,2,48,7327,7328,7350,1,23
2361,3,48,6434,6435,7353,1,919
2693,7,48,7340,7341,7356,1,16
2692,6,48,7338,7340,7359,2,21
2362,4,48,6437,6438,7362,1,925
2046,8,48,5575,5576,7365,1,1790
2695,1,48,7345,7347,7368,2,23
2035,5,48,5546,5548,7371,2,1825
2696,2,48,7348,7349,7374,1,26
2369,3,48,6456,6458,7377,2,921
2701,7,48,7361,7362,7380,1,19
2700,6,48,7359,7361,7383,2,24
2703,1,48,7367,7369,7386,2,19
2370,4,48,6459,6461,7389,2,930
2054,8,48,5597,5598,7392,1,1795
2704,2,48,7370,7371,7395,1,25
2708,6,48,7381,7382,7398,1,17
2377,3,48,6478,6480,7401,2,923
2709,7,48,7383,7385,7404,2,21
2043,5,48,5567,5569,7407,2,1840
2711,1,48,7389,7391,7410,2,21
2378,4,48,6481,6482,7413,1,932
2062,8,48,5619,5621,7416,2,1797
2712,2,48,7392,7394,7419,2,27
2716,6,48,7403,7404,7422,1,19
2385,3,48,6500,6501,7425,1,925
2717,7,48,7405,7407,7428,2,23
2719,1,48,7411,7412,7431,1,20
2051,5,48,5589,5591,7434,2,1845
2720,2,48,7414,7415,7437,1,23
2386,4,48,6503,6504,7440,1,937
2725,7,48,7427,7428,7443,1,16
2724,6,48,7425,7427,7446,2,21
2393,3,48,6521,6522,7449,1,928
2070,8,48,5641,5642,7452,1,1811
2727,1,48,7433,7435,7455,2,22
2059,5,48,5611,5612,7458,1,1847
2728,2,48,7436,7437,7461,1,25
2394,4,48,6524,6525,7464,1,940
2733,7,48,7449,7451,7467,2,18
2732,6,48,7447,7448,7470,1,23
2735,1,48,7455,7457,7473,2,18
2401,3,48,6543,6545,7476,2,933
2078,8,48,5663,5664,7479,1,1816
2736,2,48,7458,7460,7482,2,24
2740,6,48,7469,7470,7485,1,16
2402,4,48,6546,6548,7488,2,942
2741,7,48,7471,7473,7491,2,20
2067,5,48,5633,5635,7494,2,1861
2743,1,48,7476,7478,7497,2,21
2409,3,48,6565,6567,7500,2,935
2086,8,48,5684,5685,7503,1,1819
2744,2,48,7479,7481,7506,2,27
2748,6,48,7490,7491,7509,1,19
2410,4,48,6568,6569,7512,1,944
2749,7,48,7492,7494,7515,2,23
2751,1,48,7498,7499,7518,1,20
2075,5,48,5655,5657,7521,2,1866
2752,2,48,7501,7502,7524,1,23
2417,3,48,6587,6588,7527,1,940
2757,7,48,7514,7515,7530,1,16
2756,6,48,7512,7514,7533,2,21
2418,4,48,6590,6591,7536,1,946
2094,8,48,5706,5708,7539,2,1833
2759,1,48,7520,7522,7542,2,22
2083,5,48,5676,5678,7545,2,1869
2760,2,48,7523,7524,7548,1,25
2425,3,48,6609,6611,7551,2,942
2765,7,48,7536,7538,7554,2,18
2764,6,48,7534,7535,7557,1,23
2767,1,48,7542,7544,7560,2,18
2426,4,48,6612,6614,7563,2,951
2102,8,48,5728,5729,7566,1,1838
2768,2,48,7545,7547,7569,2,24
2772,6,48,7556,7557,7572,1,16
2433,3,48,6630,6632,7575,2,945
2773,7,48,7558,7560,7578,2,20
2091,5,48,5698,5699,7581,1,1883
2775,1,48,7564,7565,7584,1,20
2434,4,48,6633,6635,7587,2,954
2110,8,48,5750,5751,7590,1,1840
2776,2,48,7567,7568,7593,1,26
2780,6,48,7578,7580,7596,2,18
2441,3,48,6652,6654,7599,2,947
2781,7,48,7580,7581,7602,1,22
2099,5,48,5720,5722,7605,2,1885
2783,1,48,7585,7587,7608,2,23
2442,4,48,6655,6656,7611,1,956
2789,7,48,7601,7602,7614,1,13
2784,2,48,7588,7589,7617,1,29
2788,6,48,7599,7601,7620,2,21
2449,3,48,6674,6675,7623,1,949
2118,8,48,5772,5774,7626,2,1854
2791,1,48,7607,7609,7629,2,22
2107,5,48,5742,5744,7632,2,1890
2792,2,48,7610,7611,7635,1,25
2450,4,48,6677,6678,7638,1,961
2797,7,48,7623,7625,7641,2,18
2796,6,48,7621,7622,7644,1,23
2799,1,48,7629,7631,7647,2,18
2457,3,48,6696,6698,7650,2,954
2126,8,48,5794,5795,7653,1,1859
2800,2,48,7632,7634,7656,2,24
2804,6,48,7643,7644,7659,1,16
2458,4,48,6699,6701,7662,2,963
2805,7,48,7645,7647,7665,2,20
2115,5,48,5764,5765,7668,1,1904
2807,1,48,7651,7652,7671,1,20
2465,3,48,6718,6720,7674,2,956
2134,8,48,5815,5816,7677,1,1862
2808,2,48,7654,7655,7680,1,26
2812,6,48,7665,7667,7683,2,18
2466,4,48,6721,6722,7686,1,965
2813,7,48,7667,7668,7689,1,22
2123,5,48,5786,5788,7692,2,1906
2815,1,48,7673,7675,7695,2,22
2473,3,48,6740,6741,7698,1,958
2142,8,48,5837,5838,7701,1,1864
2816,2,48,7676,7677,7704,1,28
2820,6,48,7687,7688,7707,1,20
2474,4,48,6743,6744,7710,1,967
2821,7,48,7689,7691,7713,2,24
2823,1,48,7695,7697,7716,2,21
2131,5,48,5807,5809,7719,2,1912
2824,2,48,7698,7700,7722,2,24
2481,3,48,6761,6762,7725,1,964
2829,7,48,7711,7713,7728,2,17
2828,6,48,7709,7710,7731,1,22
2831,1,48,7716,7718,7734,2,18
2482,4,48,6764,6765,7737,1,973
2150,8,48,5859,5861,7740,2,1881
2832,2,48,7719,7721,7743,2,24
2836,6,48,7730,7731,7746,1,16
2489,3,48,6783,6785,7749,2,966
2837,7,48,7732,7734,7752,2,20
2139,5,48,5829,5831,7755,2,1926
2839,1,48,7738,7739,7758,1,20
2490,4,48,6786,6788,7761,2,975
2158,8,48,5881,5882,7764,1,1883
2840,2,48,7741,7742,7767,1,26
2844,6,48,7752,7754,7770,2,18
2497,3,48,6805,6807,7773,2,968
2845,7,48,7754,7755,7776,1,22
2147,5,48,5851,5852,7779,1,1928
2847,1,48,7760,7762,7782,2,22
2498,4,48,6808,6809,7785,1,977
2166,8,48,5903,5904,7788,1,1885
2848,2,48,7763,7764,7791,1,28
2852,6,48,7774,7775,7794,1,20
2505,3,48,6827,6828,7797,1,970
2853,7,48,7776,7778,7800,2,24
2855,1,48,7782,7784,7803,2,21
2155,5,48,5873,5875,7806,2,1933
2856,2,48,7785,7787,7809,2,24
2506,4,48,6830,6831,7812,1,982
2861,7,48,7798,7800,7815,2,17
2860,6,48,7796,7797,7818,1,22
2863,1,48,7804,7805,7821,1,17
2513,3,48,6849,6851,7824,2,975
2174,8,48,5924,5925,7827,1,1903
2864,2,48,7807,7808,7830,1,23
2868,6,48,7818,7820,7833,2,15
2514,4,48,6852,6854,7836,2,984
2869,7,48,7820,7821,7839,1,19
2163,5,48,5895,5897,7842,2,1947
2871,1,48,7825,7827,7845,2,20
2521,3,48,6870,6872,7848,2,978
2182,8,48,5946,5948,7851,2,1905
2872,2,48,7828,7829,7854,1,26
2876,6,48,7839,7841,7857,2,18
2522,4,48,6873,6875,7860,2,987
2877,7,48,7841,7842,7863,1,22
2171,5,48,5916,5918,7866,2,1950
2879,1,48,7847,7849,7869,2,22
2529,3,48,6892,6894,7872,2,980
2190,8,48,5968,5969,7875,1,1907
2880,2,48,7850,7851,7878,1,28
2884,6,48,7861,7862,7881,1,20
2530,4,48,6895,6896,7884,1,989
2885,7,48,7863,7865,7887,2,24
2887,1,48,7869,7871,7890,2,21
2179,5,48,5938,5939,7893,1,1955
2888,2,48,7872,7874,7896,2,24
2537,3,48,6914,6915,7899,1,985
2893,7,48,7885,7887,7902,2,17
2892,6,48,7883,7884,7905,1,22
2895,1,48,7891,7892,7908,1,17
2538,4,48,6917,6918,7911,1,994
2198,8,48,5990,5991,7914,1,1924
2896,2,48,7894,7895,7917,1,23
2900,6,48,7905,7907,7920,2,15
2545,3,48,6936,6938,7923,2,987
2901,7,48,7907,7908,7926,1,19
2187,5,48,5960,5962,7929,2,1969
2903,1,48,7913,7915,7932,2,19
2546,4,48,6939,6941,7935,2,996
2206,8,48,6012,6014,7938,2,1926
2904,2,48,7916,7917,7941,1,25
2908,6,48,7927,7928,7944,1,17
2553,3,48,6958,6960,7947,2,989
2909,7,48,7929,7931,7950,2,21
2195,5,48,5982,5984,7953,2,1971
2911,1,48,7935,7937,7956,2,21
2554,4,48,6961,6962,7959,1,998
2214,8,48,6034,6035,7962,1,1928
2912,2,48,7938,7940,7965,2,27
2916,6,48,7949,7950,7968,1,19
2561,3,48,6980,6981,7971,1,991
2917,7,48,7951,7953,7974,2,23
2919,1,48,7956,7958,7977,2,21
2203,5,48,6004,6005,7980,1,1976
2920,2,48,7959,7961,7983,2,24
2562,4,48,6983,6984,7986,1,1003
2925,7,48,7972,7974,7989,2,17
2924,6,48,7970,7971,7992,1,22
2927,1,48,7978,7979,7995,1,17
2569,3,48,7001,7002,7998,1,997
2222,8,48,6055,6056,8001,1,1946
2928,2,48,7981,7982,8004,1,23
2932,6,48,7992,7994,8007,2,15
2570,4,48,7004,7005,8010,1,1006
2933,7,48,7994,7995,8013,1,19
2211,5,48,6026,6028,8016,2,1990
2935,1,48,8000,8002,8019,2,19
2577,3,48,7023,7025,8022,2,999
2230,8,48,6077,6078,8025,1,1948
2936,2,48,8003,8004,8028,1,25
2940,6,48,8014,8015,8031,1,17
2578,4,48,7026,7028,8034,2,1008
2941,7,48,8016,8018,8037,2,21
2219,5,48,6047,6049,8040,2,1993
2943,1,48,8022,8024,8043,2,21
2585,3,48,7045,7047,8046,2,1001
2238,8,48,6099,6101,8049,2,1950
2944,2,48,8025,8027,8052,2,27
2948,6,48,8036,8037,8055,1,19
2586,4,48,7048,7049,8058,1,1010
2949,7,48,8038,8040,8061,2,23
2951,1,48,8044,8045,8064,1,20
2227,5,48,6069,6071,8067,2,1998
2952,2,48,8047,8048,8070,1,23
2593,3,48,7067,7068,8073,1,1006
2957,7,48,8060,8061,8076,1,16
2956,6,48,8058,8060,8079,2,21
2594,4,48,7070,7071,8082,1,1012
2246,8,48,6121,6122,8085,1,1964
2959,1,48,8065,8067,8088,2,23
2235,5,48,6091,6092,8091,1,2000
2960,2,48,8068,8069,8094,1,26
2601,3,48,7089,7091,8097,2,1008
2965,7,48,8081,8082,8100,1,19
2964,6,48,8079,8081,8103,2,24
2967,1,48,8087,8089,8106,2,19
2602,4,48,7092,7094,8109,2,1017
2254,8,48,6143,6144,8112,1,1969
2968,2,48,8090,8091,8115,1,25
2972,6,48,8101,8102,8118,1,17
2609,3,48,7110,7112,8121,2,1011
2973,7,48,8103,8105,8124,2,21
2243,5,48,6113,6115,8127,2,2014
2975,1,48,8109,8111,8130,2,21
2610,4,48,7113,7115,8133,2,1020
2262,8,48,6164,6165,8136,1,1972
2976,2,48,8112,8114,8139,2,27
2980,6,48,8123,8124,8142,1,19
2617,3,48,7132,7134,8145,2,1013
2981,7,48,8125,8127,8148,2,23
2983,1,48,8131,8132,8151,1,20
2251,5,48,6135,6137,8154,2,2019
2984,2,48,8134,8135,8157,1,23
2618,4,48,7135,7136,8160,1,1025
2989,7,48,8147,8148,8163,1,16
2988,6,48,8145,8147,8166,2,21
2625,3,48,7154,7155,8169,1,1015
2270,8,48,6186,6188,8172,2,1986
2991,1,48,8153,8155,8175,2,22
2259,5,48,6156,6158,8178,2,2022
2992,2,48,8156,8157,8181,1,25
2626,4,48,7157,7158,8184,1,1027
2997,7,48,8169,8171,8187,2,18
2996,6,48,8167,8168,8190,1,23
2999,1,48,8175,8177,8193,2,18
2633,3,48,7176,7178,8196,2,1020
2278,8,48,6208,6209,8199,1,1991
3000,2,48,8178,8180,8202,2,24
3004,6,48,8189,8190,8205,1,16
2634,4,48,7179,7181,8208,2,1029
3005,7,48,8191,8193,8211,2,20
2267,5,48,6178,6179,8214,1,2036
3007,1,48,8196,8198,8217,2,21
2641,3,48,7198,7200,8220,2,1022
2286,8,48,6230,6231,8223,1,1993
3008,2,48,8199,8201,8226,2,27
3012,6,48,8210,8211,8229,1,19
2642,4,48,7201,7202,8232,1,1031
3013,7,48,8212,8214,8235,2,23
3015,1,48,8218,8219,8238,1,20
2275,5,48,6200,6202,8241,2,2041
3016,2,48,8221,8222,8244,1,23
2649,3,48,7220,7221,8247,1,1027
3021,7,48,8234,8235,8250,1,16
3020,6,48,8232,8234,8253,2,21
2650,4,48,7223,7224,8256,1,1033
2294,8,48,6252,6254,8259,2,2007
3023,1,48,8240,8242,8262,2,22
2283,5,48,6222,6224,8265,2,2043
3024,2,48,8243,8244,8268,1,25
2657,3,48,7241,7242,8271,1,1030
3029,7,48,8256,8258,8274,2,18
3028,6,48,8254,8255,8277,1,23
3031,1,48,8262,8264,8280,2,18
2658,4,48,7244,7245,8283,1,1039
2302,8,48,6274,6275,8286,1,2012
3032,2,48,8265,8267,8289,2,24
3036,6,48,8276,8277,8292,1,16
2665,3,48,7263,7265,8295,2,1032
3037,7,48,8278,8280,8298,2,20
2291,5,48,6244,6245,8301,1,2057
3039,1,48,8284,8285,8304,1,20
2666,4,48,7266,7268,8307,2,1041
2310,8,48,6295,6296,8310,1,2015
3040,2,48,8287,8288,8313,1,26
3044,6,48,8298,8300,8316,2,18
2673,3,48,7285,7287,8319,2,1034
3045,7,48,8300,8301,8322,1,22
2299,5,48,6266,6268,8325,2,2059
3047,1,48,8305,8307,8328,2,23
2674,4,48,7288,7289,8331,1,1043
3053,7,48,8321,8322,8334,1,13
3048,2,48,8308,8309,8337,1,29
3052,6,48,8319,8321,8340,2,21
2681,3,48,7307,7308,8343,1,1036
2318,8,48,6317,6318,8346,1,2029
3055,1,48,8327,8329,8349,2,22
2307,5,48,6287,6289,8352,2,2065
3056,2,48,8330,8331,8355,1,25
2682,4,48,7310,7311,8358,1,1048
3061,7,48,8343,8345,8361,2,18
3060,6,48,8341,8342,8364,1,23
3063,1,48,8349,8351,8367,2,18
2689,3,48,7329,7331,8370,2,1041
2326,8,48,6339,6341,8373,2,2034
3064,2,48,8352,8354,8376,2,24
3068,6,48,8363,8364,8379,1,16
2690,4,48,7332,7334,8382,2,1050
3069,7,48,8365,8367,8385,2,20
2315,5,48,6309,6311,8388,2,2079
3071,1,48,8371,8372,8391,1,20
2697,3,48,7350,7352,8394,2,1044
2334,8,48,6361,6362,8397,1,2036
3072,2,48,8374,8375,8400,1,26
3076,6,48,8385,8387,8403,2,18
2698,4,48,7353,7355,8406,2,1053
3077,7,48,8387,8388,8409,1,22
2323,5,48,6331,6332,8412,1,2081
3079,1,48,8393,8395,8415,2,22
2705,3,48,7372,7374,8418,2,1046
2342,8,48,6383,6384,8421,1,2038
3080,2,48,8396,8397,8424,1,28
3084,6,48,8407,8408,8427,1,20
2706,4,48,7375,7376,8430,1,1055
3085,7,48,8409,8411,8433,2,24
3087,1,48,8415,8417,8436,2,21
2331,5,48,6353,6355,8439,2,2086
3088,2,48,8418,8420,8442,2,24
2713,3,48,7394,7395,8445,1,1051
3093,7,48,8431,8433,8448,2,17
3092,6,48,8429,8430,8451,1,22
3095,1,48,8436,8438,8454,2,18
2714,4,48,7397,7398,8457,1,1060
2350,8,48,6404,6405,8460,1,2056
3096,2,48,8439,8441,8463,2,24
3100,6,48,8450,8451,8466,1,16
2721,3,48,7416,7418,8469,2,1053
3101,7,48,8452,8454,8472,2,20
2339,5,48,6375,6377,8475,2,2100
3103,1,48,8458,8459,8478,1,20
2722,4,48,7419,7421,8481,2,1062
2358,8,48,6426,6428,8484,2,2058
3104,2,48,8461,8462,8487,1,26
3108,6,48,8472,8474,8490,2,18
2729,3,48,7438,7440,8493,2,1055
3109,7,48,8474,8475,8496,1,22
2347,5,48,6396,6398,8499,2,2103
3111,1,48,8480,8482,8502,2,22
2730,4,48,7441,7442,8505,1,1064
2366,8,48,6448,6449,8508,1,2060
3112,2,48,8483,8484,8511,1,28
3116,6,48,8494,8495,8514,1,20
2737,3,48,7460,7461,8517,1,1057
3117,7,48,8496,8498,8520,2,24
3119,1,48,8502,8504,8523,2,21
2355,5,48,6418,6419,8526,1,2108
3120,2,48,8505,8507,8529,2,24
2738,4,48,7463,7464,8532,1,1069
3125,7,48,8518,8520,8535,2,17
3124,6,48,8516,8517,8538,1,22
3127,1,48,8524,8525,8541,1,17
2745,3,48,7481,7482,8544,1,1063
2374,8,48,6470,6471,8547,1,2077
3128,2,48,8527,8528,8550,1,23
3132,6,48,8538,8540,8553,2,15
2746,4,48,7484,7485,8556,1,1072
3133,7,48,8540,8541,8559,1,19
2363,5,48,6440,6442,8562,2,2122
3135,1,48,8545,8547,8565,2,20
2753,3,48,7503,7505,8568,2,1065
2382,8,48,6492,6494,8571,2,2079
3136,2,48,8548,8549,8574,1,26
3140,6,48,8559,8561,8577,2,18
2754,4,48,7506,7508,8580,2,1074
3141,7,48,8561,8562,8583,1,22
2371,5,48,6462,6464,8586,2,2124
3143,1,48,8567,8569,8589,2,22
2761,3,48,7525,7527,8592,2,1067
2390,8,48,6514,6515,8595,1,2081
3144,2,48,8570,8571,8598,1,28
3148,6,48,8581,8582,8601,1,20
2762,4,48,7528,7529,8604,1,1076
3149,7,48,8583,8585,8607,2,24
3151,1,48,8589,8591,8610,2,21
2379,5,48,6484,6485,8613,1,2129
3152,2,48,8592,8594,8616,2,24
2769,3,48,7547,7548,8619,1,1072
3157,7,48,8605,8607,8622,2,17
3156,6,48,8603,8604,8625,1,22
3159,1,48,8611,8612,8628,1,17
2770,4,48,7550,7551,8631,1,1081
2398,8,48,6535,6536,8634,1,2099
3160,2,48,8614,8615,8637,1,23
3164,6,48,8625,8627,8640,2,15
2777,3,48,7569,7571,8643,2,1074
3165,7,48,8627,8628,8646,1,19
2387,5,48,6506,6508,8649,2,2143
3167,1,48,8633,8635,8652,2,19
2778,4,48,7572,7574,8655,2,1083
2406,8,48,6557,6558,8658,1,2101
3168,2,48,8636,8637,8661,1,25
3172,6,48,8647,8648,8664,1,17
2785,3,48,7590,7592,8667,2,1077
3173,7,48,8649,8651,8670,2,21
2395,5,48,6527,6529,8673,2,2146
3175,1,48,8655,8657,8676,2,21
2786,4,48,7593,7595,8679,2,1086
2414,8,48,6579,6581,8682,2,2103
3176,2,48,8658,8660,8685,2,27
3180,6,48,8669,8670,8688,1,19
2793,3,48,7612,7614,8691,2,1079
3181,7,48,8671,8673,8694,2,23
3183,1,48,8676,8678,8697,2,21
2403,5,48,6549,6551,8700,2,2151
3184,2,48,8679,8681,8703,2,24
2794,4,48,7615,7616,8706,1,1091
3189,7,48,8692,8694,8709,2,17
3188,6,48,8690,8691,8712,1,22
3191,1,48,8698,8699,8715,1,17
2801,3,48,7634,7635,8718,1,1084
2422,8,48,6601,6602,8721,1,2120
3192,2,48,8701,8702,8724,1,23
3196,6,48,8712,8714,8727,2,15
2802,4,48,7637,7638,8730,1,1093
3197,7,48,8714,8715,8733,1,19
2411,5,48,6571,6572,8736,1,2165
3199,1,48,8720,8722,8739,2,19
2809,3,48,7656,7658,8742,2,1086
2430,8,48,6623,6624,8745,1,2122
3200,2,48,8723,8724,8748,1,25
3204,6,48,8734,8735,8751,1,17
2810,4,48,7659,7661,8754,2,1095
3205,7,48,8736,8738,8757,2,21
2419,5,48,6593,6595,8760,2,2167
3207,1,48,8742,8744,8763,2,21
2817,3,48,7678,7680,8766,2,1088
2438,8,48,6644,6645,8769,1,2125
3208,2,48,8745,8747,8772,2,27
3212,6,48,8756,8757,8775,1,19
2818,4,48,7681,7682,8778,1,1097
3213,7,48,8758,8760,8781,2,23
3215,1,48,8764,8765,8784,1,20
2427,5,48,6615,6617,8787,2,2172
3216,2,48,8767,8768,8790,1,23
2825,3,48,7700,7701,8793,1,1093
3221,7,48,8780,8781,8796,1,16
3220,6,48,8778,8780,8799,2,21
2826,4,48,7703,7704,8802,1,1099
2446,8,48,6666,6668,8805,2,2139
3223,1,48,8785,8787,8808,2,23
2435,5,48,6636,6638,8811,2,2175
3224,2,48,8788,8789,8814,1,26
2833,3,48,7721,7722,8817,1,1096
3229,7,48,8801,8802,8820,1,19
3228,6,48,8799,8801,8823,2,24
3231,1,48,8807,8809,8826,2,19
2834,4,48,7724,7725,8829,1,1105
2454,8,48,6688,6689,8832,1,2144
3232,2,48,8810,8811,8835,1,25
3236,6,48,8821,8822,8838,1,17
2841,3,48,7743,7745,8841,2,1098
3237,7,48,8823,8825,8844,2,21
2443,5,48,6658,6659,8847,1,2189
3239,1,48,8829,8831,8850,2,21
2842,4,48,7746,7748,8853,2,1107
2462,8,48,6710,6711,8856,1,2146
3240,2,48,8832,8834,8859,2,27
3244,6,48,8843,8844,8862,1,19
2849,3,48,7765,7767,8865,2,1100
3245,7,48,8845,8847,8868,2,23
3247,1,48,8851,8852,8871,1,20
2451,5,48,6680,6682,8874,2,2194
3248,2,48,8854,8855,8877,1,23
2850,4,48,7768,7769,8880,1,1112
3253,7,48,8867,8868,8883,1,16
3252,6,48,8865,8867,8886,2,21
2857,3,48,7787,7788,8889,1,1102
2470,8,48,6732,6734,8892,2,2160
3255,1,48,8873,8875,8895,2,22
2459,5,48,6702,6704,8898,2,2196
3256,2,48,8876,8877,8901,1,25
2858,4,48,7790,7791,8904,1,1114
3261,7,48,8889,8891,8907,2,18
3260,6,48,8887,8888,8910,1,23
3263,1,48,8895,8897,8913,2,18
2865,3,48,7809,7811,8916,2,1107
2478,8,48,6754,6755,8919,1,2165
3264,2,48,8898,8900,8922,2,24
3268,6,48,8909,8910,8925,1,16
2866,4,48,7812,7814,8928,2,1116
3269,7,48,8911,8913,8931,2,20
2467,5,48,6724,6725,8934,1,2210
3271,1,48,8916,8918,8937,2,21
2873,3,48,7830,7832,8940,2,1110
2486,8,48,6775,6776,8943,1,2168
3272,2,48,8919,8921,8946,2,27
3276,6,48,8930,8931,8949,1,19
2874,4,48,7833,7835,8952,2,1119
3277,7,48,8932,8934,8955,2,23
3279,1,48,8938,8939,8958,1,20
2475,5,48,6746,6748,8961,2,2215
3280,2,48,8941,8942,8964,1,23
2881,3,48,7852,7854,8967,2,1115
3285,7,48,8954,8955,8970,1,16
3284,6,48,8952,8954,8973,2,21
2882,4,48,7855,7856,8976,1,1121
2494,8,48,6797,6798,8979,1,2182
3287,1,48,8960,8962,8982,2,22
2483,5,48,6767,6769,8985,2,2218
3288,2,48,8963,8964,8988,1,25
2889,3,48,7874,7875,8991,1,1117
3293,7,48,8976,8978,8994,2,18
3292,6,48,8974,8975,8997,1,23
3295,1,48,8982,8984,9000,2,18
2890,4,48,7877,7878,9003,1,1126
2502,8,48,6819,6821,9006,2,2187
3296,2,48,8985,8987,9009,2,24
3300,6,48,8996,8997,9012,1,16
2897,3,48,7896,7898,9015,2,1119
3301,7,48,8998,9000,9018,2,20
2491,5,48,6789,6791,9021,2,2232
3303,1,48,9004,9005,9024,1,20
2898,4,48,7899,7901,9027,2,1128
2510,8,48,6841,6842,9030,1,2189
3304,2,48,9007,9008,9033,1,26
3308,6,48,9018,9020,9036,2,18
2905,3,48,7918,7920,9039,2,1121
3309,7,48,9020,9021,9042,1,22
2499,5,48,6811,6812,9045,1,2234
3311,1,48,9025,9027,9048,2,23
2906,4,48,7921,7922,9051,1,1130
3317,7,48,9041,9042,9054,1,13
3312,2,48,9028,9029,9057,1,29
3316,6,48,9039,9041,9060,2,21
2913,3,48,7940,7941,9063,1,1123
2518,8,48,6863,6864,9066,1,2203
3319,1,48,9047,9049,9069,2,22
2507,5,48,6833,6835,9072,2,2239
3320,2,48,9050,9051,9075,1,25
2914,4,48,7943,7944,9078,1,1135
3325,7,48,9063,9065,9081,2,18
3324,6,48,9061,9062,9084,1,23
3327,1,48,9069,9071,9087,2,18
2921,3,48,7961,7962,9090,1,1129
2526,8,48,6884,6885,9093,1,2209
3328,2,48,9072,9074,9096,2,24
3332,6,48,9083,9084,9099,1,16
2922,4,48,7964,7965,9102,1,1138
3333,7,48,9085,9087,9105,2,20
2515,5,48,6855,6857,9108,2,2253
3335,1,48,9091,9092,9111,1,20
2929,3,48,7983,7985,9114,2,1131
2534,8,48,6906,6908,9117,2,2211
3336,2,48,9094,9095,9120,1,26
3340,6,48,9105,9107,9123,2,18
2930,4,48,7986,7988,9126,2,1140
3341,7,48,9107,9108,9129,1,22
2523,5,48,6876,6878,9132,2,2256
3343,1,48,9113,9115,9135,2,22
2937,3,48,8005,8007,9138,2,1133
2542,8,48,6928,6929,9141,1,2213
3344,2,48,9116,9117,9144,1,28
3348,6,48,9127,9128,9147,1,20
2938,4,48,8008,8009,9150,1,1142
3349,7,48,9129,9131,9153,2,24
3351,1,48,9135,9137,9156,2,21
2531,5,48,6898,6899,9159,1,2261
3352,2,48,9138,9140,9162,2,24
2945,3,48,8027,8028,9165,1,1138
3357,7,48,9151,9153,9168,2,17
3356,6,48,9149,9150,9171,1,22
3359,1,48,9156,9158,9174,2,18
2946,4,48,8030,8031,9177,1,1147
2550,8,48,6950,6951,9180,1,2230
3360,2,48,9159,9161,9183,2,24
3364,6,48,9170,9171,9186,1,16
2953,3,48,8049,8051,9189,2,1140
3365,7,48,9172,9174,9192,2,20
2539,5,48,6920,6922,9195,2,2275
3367,1,48,9178,9179,9198,1,20
2954,4,48,8052,8054,9201,2,1149
2558,8,48,6972,6974,9204,2,2232
3368,2,48,9181,9182,9207,1,26
3372,6,48,9192,9194,9210,2,18
2961,3,48,8070,8072,9213,2,1143
3373,7,48,9194,9195,9216,1,22
2547,5,48,6942,6944,9219,2,2277
3375,1,48,9200,9202,9222,2,22
2962,4,48,8073,8075,9225,2,1152
2566,8,48,6994,6995,9228,1,2234
3376,2,48,9203,9204,9231,1,28
3380,6,48,9214,9215,9234,1,20
2969,3,48,8092,8094,9237,2,1145
3381,7,48,9216,9218,9240,2,24
3383,1,48,9222,9224,9243,2,21
2555,5,48,6964,6965,9246,1,2282
3384,2,48,9225,9227,9249,2,24
2970,4,48,8095,8096,9252,1,1157
3389,7,48,9238,9240,9255,2,17
3388,6,48,9236,9237,9258,1,22
3391,1,48,9244,9245,9261,1,17
2977,3,48,8114,8115,9264,1,1150
2574,8,48,7015,7016,9267,1,2252
3392,2,48,9247,9248,9270,1,23
3396,6,48,9258,9260,9273,2,15
2978,4,48,8117,8118,9276,1,1159
3397,7,48,9260,9261,9279,1,19
2563,5,48,6986,6988,9282,2,2296
3399,1,48,9265,9267,9285,2,20
2985,3,48,8136,8138,9288,2,1152
2582,8,48,7037,7038,9291,1,2254
3400,2,48,9268,9269,9294,1,26
3404,6,48,9279,9281,9297,2,18
2986,4,48,8139,8141,9300,2,1161
3405,7,48,9281,9282,9303,1,22
2571,5,48,7007,7009,9306,2,2299
3407,1,48,9287,9289,9309,2,22
2993,3,48,8158,8160,9312,2,1154
2590,8,48,7059,7061,9315,2,2256
3408,2,48,9290,9291,9318,1,28
3412,6,48,9301,9302,9321,1,20
2994,4,48,8161,8162,9324,1,1163
3413,7,48,9303,9305,9327,2,24
3415,1,48,9309,9311,9330,2,21
2579,5,48,7029,7031,9333,2,2304
3416,2,48,9312,9314,9336,2,24
3001,3,48,8180,8181,9339,1,1159
3421,7,48,9325,9327,9342,2,17
3420,6,48,9323,9324,9345,1,22
3423,1,48,9331,9332,9348,1,17
3002,4,48,8183,8184,9351,1,1168
2598,8,48,7081,7082,9354,1,2273
3424,2,48,9334,9335,9357,1,23
3428,6,48,9345,9347,9360,2,15
3009,3,48,8201,8202,9363,1,1162
3429,7,48,9347,9348,9366,1,19
2587,5,48,7051,7052,9369,1,2318
3431,1,48,9353,9355,9372,2,19
3010,4,48,8204,8205,9375,1,1171
2606,8,48,7103,7104,9378,1,2275
3432,2,48,9356,9357,9381,1,25
3436,6,48,9367,9368,9384,1,17
3017,3,48,8223,8225,9387,2,1164
3437,7,48,9369,9371,9390,2,21
2595,5,48,7073,7075,9393,2,2320
3439,1,48,9375,9377,9396,2,21
3018,4,48,8226,8228,9399,2,1173
2614,8,48,7124,7125,9402,1,2278
3440,2,48,9378,9380,9405,2,27
3444,6,48,9389,9390,9408,1,19
3025,3,48,8245,8247,9411,2,1166
3445,7,48,9391,9393,9414,2,23
3447,1,48,9396,9398,9417,2,21
2603,5,48,7095,7097,9420,2,2325
3448,2,48,9399,9401,9423,2,24
3026,4,48,8248,8249,9426,1,1178
3453,7,48,9412,9414,9429,2,17
3452,6,48,9410,9411,9432,1,22
3455,1,48,9418,9419,9435,1,17
3033,3,48,8267,8268,9438,1,1171
2622,8,48,7146,7148,9441,2,2295
3456,2,48,9421,9422,9444,1,23
3460,6,48,9432,9434,9447,2,15
3034,4,48,8270,8271,9450,1,1180
3461,7,48,9434,9435,9453,1,19
2611,5,48,7116,7118,9456,2,2340
3463,1,48,9440,9442,9459,2,19
3041,3,48,8289,8291,9462,2,1173
2630,8,48,7168,7169,9465,1,2297
3464,2,48,9443,9444,9468,1,25
3468,6,48,9454,9455,9471,1,17
3042,4,48,8292,8294,9474,2,1182
3469,7,48,9456,9458,9477,2,21
2619,5,48,7138,7139,9480,1,2342
3471,1,48,9462,9464,9483,2,21
3049,3,48,8310,8312,9486,2,1176
2638,8,48,7190,7191,9489,1,2299
3472,2,48,9465,9467,9492,2,27
3476,6,48,9476,9477,9495,1,19
3050,4,48,8313,8315,9498,2,1185
3477,7,48,9478,9480,9501,2,23
3479,1,48,9484,9485,9504,1,20
2627,5,48,7160,7162,9507,2,2347
3480,2,48,9487,9488,9510,1,23
3057,3,48,8332,8334,9513,2,1181
3485,7,48,9500,9501,9516,1,16
3484,6,48,9498,9500,9519,2,21
3058,4,48,8335,8336,9522,1,1187
2646,8,48,7212,7214,9525,2,2313
3487,1,48,9505,9507,9528,2,23
2635,5,48,7182,7184,9531,2,2349
3488,2,48,9508,9509,9534,1,26
3065,3,48,8354,8355,9537,1,1183
3493,7,48,9521,9522,9540,1,19
3492,6,48,9519,9521,9543,2,24
3495,1,48,9527,9529,9546,2,19
3066,4,48,8357,8358,9549,1,1192
2654,8,48,7234,7235,9552,1,2318
3496,2,48,9530,9531,9555,1,25
3500,6,48,9541,9542,9558,1,17
3073,3,48,8376,8378,9561,2,1185
3501,7,48,9543,9545,9564,2,21
2643,5,48,7204,7205,9567,1,2363
3503,1,48,9549,9551,9570,2,21
3074,4,48,8379,8381,9573,2,1194
2662,8,48,7255,7256,9576,1,2321
3504,2,48,9552,9554,9579,2,27
3508,6,48,9563,9564,9582,1,19
3081,3,48,8398,8400,9585,2,1187
3509,7,48,9565,9567,9588,2,23
3511,1,48,9571,9572,9591,1,20
2651,5,48,7226,7228,9594,2,2368
3512,2,48,9574,9575,9597,1,23
3082,4,48,8401,8402,9600,1,1199
3517,7,48,9587,9588,9603,1,16
3516,6,48,9585,9587,9606,2,21
3089,3,48,8420,8421,9609,1,1189
2670,8,48,7277,7278,9612,1,2335
3519,1,48,9593,9595,9615,2,22
2659,5,48,7247,7249,9618,2,2371
3520,2,48,9596,9597,9621,1,25
3090,4,48,8423,8424,9624,1,1201
3525,7,48,9609,9611,9627,2,18
3524,6,48,9607,9608,9630,1,23
3527,1,48,9615,9617,9633,2,18
3097,3,48,8441,8442,9636,1,1195
2678,8,48,7299,7301,9639,2,2340
3528,2,48,9618,9620,9642,2,24
3532,6,48,9629,9630,9645,1,16
3098,4,48,8444,8445,9648,1,1204
3533,7,48,9631,9633,9651,2,20
2667,5,48,7269,7271,9654,2,2385
3535,1,48,9636,9638,9657,2,21
3105,3,48,8463,8465,9660,2,1197
2686,8,48,7321,7322,9663,1,2342
3536,2,48,9639,9641,9666,2,27
3540,6,48,9650,9651,9669,1,19
3106,4,48,8466,8468,9672,2,1206
3541,7,48,9652,9654,9675,2,23
3543,1,48,9658,9659,9678,1,20
2675,5,48,7291,7292,9681,1,2390
3544,2,48,9661,9662,9684,1,23
3113,3,48,8485,8487,9687,2,1202
3549,7,48,9674,9675,9690,1,16
3548,6,48,9672,9674,9693,2,21
3114,4,48,8488,8489,9696,1,1208
2694,8,48,7343,7344,9699,1,2356
3551,1,48,9680,9682,9702,2,22
2683,5,48,7313,7315,9705,2,2392
3552,2,48,9683,9684,9708,1,25
3121,3,48,8507,8508,9711,1,1204
3557,7,48,9696,9698,9714,2,18
3556,6,48,9694,9695,9717,1,23
3559,1,48,9702,9704,9720,2,18
3122,4,48,8510,8511,9723,1,1213
2702,8,48,7364,7365,9726,1,2362
3560,2,48,9705,9707,9729,2,24
3564,6,48,9716,9717,9732,1,16
3129,3,48,8529,8531,9735,2,1206
3565,7,48,9718,9720,9738,2,20
2691,5,48,7335,7337,9741,2,2406
3567,1,48,9724,9725,9744,1,20
3130,4,48,8532,8534,9747,2,1215
2710,8,48,7386,7388,9750,2,2364
3568,2,48,9727,9728,9753,1,26
3572,6,48,9738,9740,9756,2,18
3137,3,48,8550,8552,9759,2,1209
3573,7,48,9740,9741,9762,1,22
2699,5,48,7356,7358,9765,2,2409
3575,1,48,9745,9747,9768,2,23
3138,4,48,8553,8555,9771,2,1218
3581,7,48,9761,9762,9774,1,13
3576,2,48,9748,9749,9777,1,29
3580,6,48,9759,9761,9780,2,21
3145,3,48,8572,8574,9783,2,1211
2718,8,48,7408,7409,9786,1,2378
3583,1,48,9767,9769,9789,2,22
2707,5,48,7378,7379,9792,1,2414
3584,2,48,9770,9771,9795,1,25
3146,4,48,8575,8576,9798,1,1223
3589,7,48,9783,9785,9801,2,18
3588,6,48,9781,9782,9804,1,23
3591,1,48,9789,9791,9807,2,18
3153,3,48,8594,8595,9810,1,1216
2726,8,48,7430,7431,9813,1,2383
3592,2,48,9792,9794,9816,2,24
3596,6,48,9803,9804,9819,1,16
3154,4,48,8597,8598,9822,1,1225
3597,7,48,9805,9807,9825,2,20
2715,5,48,7400,7402,9828,2,2428
3599,1,48,9811,9812,9831,1,20
3161,3,48,8616,8618,9834,2,1218
2734,8,48,7452,7454,9837,2,2385
3600,2,48,9814,9815,9840,1,26
3604,6,48,9825,9827,9843,2,18
3162,4,48,8619,8621,9846,2,1227
3605,7,48,9827,9828,9849,1,22
2723,5,48,7422,7424,9852,2,2430
3607,1,48,9833,9835,9855,2,22
3169,3,48,8638,8640,9858,2,1220
2742,8,48,7474,7475,9861,1,2387
3608,2,48,9836,9837,9864,1,28
3612,6,48,9847,9848,9867,1,20
3170,4,48,8641,8642,9870,1,1229
3613,7,48,9849,9851,9873,2,24
3615,1,48,9855,9857,9876,2,21
2731,5,48,7444,7445,9879,1,2435
3616,2,48,9858,9860,9882,2,24
3177,3,48,8660,8661,9885,1,1225
3621,7,48,9871,9873,9888,2,17
3620,6,48,9869,9870,9891,1,22
3623,1,48,9876,9878,9894,2,18
3178,4,48,8663,8664,9897,1,1234
2750,8,48,7495,7496,9900,1,2405
3624,2,48,9879,9881,9903,2,24
3628,6,48,9890,9891,9906,1,16
3185,3,48,8681,8682,9909,1,1228
3629,7,48,9892,9894,9912,2,20
2739,5,48,7466,7468,9915,2,2449
3631,1,48,9898,9899,9918,1,20
3186,4,48,8684,8685,9921,1,1237
2758,8,48,7517,7518,9924,1,2407
3632,2,48,9901,9902,9927,1,26
3636,6,48,9912,9914,9930,2,18
3193,3,48,8703,8705,9933,2,1230
3637,7,48,9914,9915,9936,1,22
2747,5,48,7487,7489,9939,2,2452
3639,1,48,9920,9922,9942,2,22
3194,4,48,8706,8708,9945,2,1239
2766,8,48,7539,7541,9948,2,2409
3640,2,48,9923,9924,9951,1,28
3644,6,48,9934,9935,9954,1,20
3201,3,48,8725,8727,9957,2,1232
3645,7,48,9936,9938,9960,2,24
3647,1,48,9942,9944,9963,2,21
2755,5,48,7509,7511,9966,2,2457
3648,2,48,9945,9947,9969,2,24
3202,4,48,8728,8729,9972,1,1244
3653,7,48,9958,9960,9975,2,17
3652,6,48,9956,9957,9978,1,22
3655,1,48,9964,9965,9981,1,17
3209,3,48,8747,8748,9984,1,1237
2774,8,48,7561,7562,9987,1,2426
3656,2,48,9967,9968,9990,1,23
3660,6,48,9978,9980,9993,2,15
3210,4,48,8750,8751,9996,1,1246
3661,7,48,9980,9981,9999,1,19
2763,5,48,7531,7532,10002,1,2471
3663,1,48,9985,9987,10005,2,20
3217,3,48,8769,8771,10008,2,1239
2782,8,48,7583,7584,10011,1,2428
3664,2,48,9988,9989,10014,1,26
3668,6,48,9999,10001,10017,2,18
3218,4,48,8772,8774,10020,2,1248
2790,8,48,7604,7605,10023,1,2419
2771,5,48,7553,7555,10026,2,2473
3225,3,48,8790,8792,10029,2,1239
2798,8,48,7626,7628,10032,2,2406
2779,5,48,7575,7577,10035,2,2460
3226,4,48,8793,8795,10038,2,1245
2806,8,48,7648,7649,10041,1,2393
2787,5,48,7596,7598,10044,2,2448
3233,3,48,8812,8814,10047,2,1235
2814,8,48,7670,7671,10050,1,2380
2795,5,48,7618,7619,10053,1,2435
3234,4,48,8815,8816,10056,1,1241
2822,8,48,7692,7694,10059,2,2367
2803,5,48,7640,7642,10062,2,2422
3241,3,48,8834,8835,10065,1,1231
2830,8,48,7714,7715,10068,1,2354
2811,5,48,7662,7664,10071,2,2409
3242,4,48,8837,8838,10074,1,1237
2838,8,48,7735,7736,10077,1,2342
2819,5,48,7684,7685,10080,1,2396
3249,3,48,8856,8858,10083,2,1227
2846,8,48,7757,7758,10086,1,2329
2827,5,48,7706,7708,10089,2,2383
3250,4,48,8859,8861,10092,2,1233
2854,8,48,7779,7781,10095,2,2316
2835,5,48,7727,7729,10098,2,2371
3257,3,48,8878,8880,10101,2,1223
2862,8,48,7801,7802,10104,1,2303
2843,5,48,7749,7751,10107,2,2358
3258,4,48,8881,8882,10110,1,1229
2870,8,48,7823,7824,10113,1,2290
2851,5,48,7771,7772,10116,1,2345
3265,3,48,8900,8901,10119,1,1219
2878,8,48,7844,7845,10122,1,2278
2859,5,48,7793,7795,10125,2,2332
3266,4,48,8903,8904,10128,1,1225
2886,8,48,7866,7868,10131,2,2265
2867,5,48,7815,7817,10134,2,2319
3273,3,48,8921,8922,10137,1,1216
2894,8,48,7888,7889,10140,1,2252
2875,5,48,7836,7838,10143,2,2307
3274,4,48,8924,8925,10146,1,1222
2902,8,48,7910,7911,10149,1,2239
2883,5,48,7858,7859,10152,1,2294
3281,3,48,8943,8945,10155,2,1212
2910,8,48,7932,7934,10158,2,2226
2891,5,48,7880,7882,10161,2,2281
3282,4,48,8946,8948,10164,2,1218
2918,8,48,7954,7955,10167,1,2213
2899,5,48,7902,7904,10170,2,2268
3289,3,48,8965,8967,10173,2,1208
2926,8,48,7975,7976,10176,1,2201
2907,5,48,7924,7925,10179,1,2255
3290,4,48,8968,8969,10182,1,1214
2934,8,48,7997,7998,10185,1,2188
2915,5,48,7946,7948,10188,2,2242
3297,3,48,8987,8988,10191,1,1204
2942,8,48,8019,8021,10194,2,2175
2923,5,48,7967,7969,10197,2,2230
3298,4,48,8990,8991,10200,1,1210
2950,8,48,8041,8042,10203,1,2162
2931,5,48,7989,7991,10206,2,2217
3305,3,48,9009,9011,10209,2,1200
2958,8,48,8063,8064,10212,1,2149
2939,5,48,8011,8012,10215,1,2204
3306,4,48,9012,9014,10218,2,1206
2966,8,48,8084,8085,10221,1,2137
2947,5,48,8033,8035,10224,2,2191
3313,3,48,9030,9032,10227,2,1197
2974,8,48,8106,8108,10230,2,2124
2955,5,48,8055,8057,10233,2,2178
3314,4,48,9033,9035,10236,2,1203
2982,8,48,8128,8129,10239,1,2111
2963,5,48,8076,8078,10242,2,2166
3321,3,48,9052,9054,10245,2,1193
2990,8,48,8150,8151,10248,1,2098
2971,5,48,8098,8099,10251,1,2153
3322,4,48,9055,9056,10254,1,1199
2998,8,48,8172,8174,10257,2,2085
2979,5,48,8120,8122,10260,2,2140
3329,3,48,9074,9075,10263,1,1189
3006,8,48,8194,8195,10266,1,2072
2987,5,48,8142,8144,10269,2,2127
3330,4,48,9077,9078,10272,1,1195
3014,8,48,8215,8216,10275,1,2060
2995,5,48,8164,8165,10278,1,2114
3337,3,48,9096,9098,10281,2,1185
3022,8,48,8237,8238,10284,1,2047
3003,5,48,8186,8188,10287,2,2101
3338,4,48,9099,9101,10290,2,1191
3030,8,48,8259,8261,10293,2,2034
3011,5,48,8207,8209,10296,2,2089
3345,3,48,9118,9120,10299,2,1181
3038,8,48,8281,8282,10302,1,2021
3019,5,48,8229,8231,10305,2,2076
3346,4,48,9121,9122,10308,1,1187
3046,8,48,8303,8304,10311,1,2008
3027,5,48,8251,8252,10314,1,2063
3353,3,48,9140,9141,10317,1,1177
3054,8,48,8324,8325,10320,1,1996
3035,5,48,8273,8275,10323,2,2050
3354,4,48,9143,9144,10326,1,1183
3062,8,48,8346,8348,10329,2,1983
3043,5,48,8295,8297,10332,2,2037
3361,3,48,9161,9162,10335,1,1174
3070,8,48,8368,8369,10338,1,1970
3051,5,48,8316,8318,10341,2,2025
3362,4,48,9164,9165,10344,1,1180
3078,8,48,8390,8391,10347,1,1957
3059,5,48,8338,8339,10350,1,2012
3369,3,48,9183,9185,10353,2,1170
3086,8,48,8412,8414,10356,2,1944
3067,5,48,8360,8362,10359,2,1999
3370,4,48,9186,9188,10362,2,1176
3094,8,48,8434,8435,10365,1,1931
3075,5,48,8382,8384,10368,2,1986
3377,3,48,9205,9207,10371,2,1166
3102,8,48,8455,8456,10374,1,1919
3083,5,48,8404,8405,10377,1,1973
3378,4,48,9208,9209,10380,1,1172
3110,8,48,8477,8478,10383,1,1906
3091,5,48,8426,8428,10386,2,1960
3385,3,48,9227,9228,10389,1,1162
3118,8,48,8499,8501,10392,2,1893
3099,5,48,8447,8449,10395,2,1948
3386,4,48,9230,9231,10398,1,1168
3126,8,48,8521,8522,10401,1,1880
3107,5,48,8469,8471,10404,2,1935
3393,3,48,9249,9251,10407,2,1158
3134,8,48,8543,8544,10410,1,1867
3115,5,48,8491,8492,10413,1,1922
3394,4,48,9252,9254,10416,2,1164
3142,8,48,8564,8565,10419,1,1855
3123,5,48,8513,8515,10422,2,1909
3401,3,48,9270,9272,10425,2,1155
3150,8,48,8586,8588,10428,2,1842
3131,5,48,8535,8537,10431,2,1896
3402,4,48,9273,9275,10434,2,1161
3158,8,48,8608,8609,10437,1,1829
3139,5,48,8556,8558,10440,2,1884
3409,3,48,9292,9294,10443,2,1151
3166,8,48,8630,8631,10446,1,1816
3147,5,48,8578,8579,10449,1,1871
3410,4,48,9295,9296,10452,1,1157
3174,8,48,8652,8654,10455,2,1803
3155,5,48,8600,8602,10458,2,1858
3417,3,48,9314,9315,10461,1,1147
3182,8,48,8674,8675,10464,1,1790
3163,5,48,8622,8624,10467,2,1845
3418,4,48,9317,9318,10470,1,1153
3190,8,48,8695,8696,10473,1,1778
3171,5,48,8644,8645,10476,1,1832
3425,3,48,9336,9338,10479,2,1143
3198,8,48,8717,8718,10482,1,1765
3179,5,48,8666,8668,10485,2,1819
3426,4,48,9339,9341,10488,2,1149
3206,8,48,8739,8741,10491,2,1752
3187,5,48,8687,8689,10494,2,1807
3433,3,48,9358,9360,10497,2,1139
3214,8,48,8761,8762,10500,1,1739
3195,5,48,8709,8711,10503,2,1794
3434,4,48,9361,9362,10506,1,1145
3222,8,48,8783,8784,10509,1,1726
3203,5,48,8731,8732,10512,1,1781
3441,3,48,9380,9381,10515,1,1135
3230,8,48,8804,8805,10518,1,1714
3211,5,48,8753,8755,10521,2,1768
3442,4,48,9383,9384,10524,1,1141
3238,8,48,8826,8828,10527,2,1701
3219,5,48,8775,8777,10530,2,1755
3449,3,48,9401,9402,10533,1,1132
3246,8,48,8848,8849,10536,1,1688
3227,5,48,8796,8798,10539,2,1743
3450,4,48,9404,9405,10542,1,1138
3254,8,48,8870,8871,10545,1,1675
3235,5,48,8818,8819,10548,1,1730
3457,3,48,9423,9425,10551,2,1128
3262,8,48,8892,8894,10554,2,1662
3243,5,48,8840,8842,10557,2,1717
3458,4,48,9426,9428,10560,2,1134
3270,8,48,8914,8915,10563,1,1649
3251,5,48,8862,8864,10566,2,1704
3465,3,48,9445,9447,10569,2,1124
3278,8,48,8935,8936,10572,1,1637
3259,5,48,8884,8885,10575,1,1691
3466,4,48,9448,9449,10578,1,1130
3286,8,48,8957,8958,10581,1,1624
3267,5,48,8906,8908,10584,2,1678
3473,3,48,9467,9468,10587,1,1120
3294,8,48,8979,8981,10590,2,1611
3275,5,48,8927,8929,10593,2,1666
3474,4,48,9470,9471,10596,1,1126
3302,8,48,9001,9002,10599,1,1598
3283,5,48,8949,8951,10602,2,1653
3481,3,48,9489,9491,10605,2,1116
3310,8,48,9023,9024,10608,1,1585
3291,5,48,8971,8972,10611,1,1640
3482,4,48,9492,9494,10614,2,1122
3318,8,48,9044,9045,10617,1,1573
3299,5,48,8993,8995,10620,2,1627
3489,3,48,9510,9512,10623,2,1113
3326,8,48,9066,9068,10626,2,1560
3307,5,48,9015,9017,10629,2,1614
3490,4,48,9513,9515,10632,2,1119
3334,8,48,9088,9089,10635,1,1547
3315,5,48,9036,9038,10638,2,1602
3497,3,48,9532,9534,10641,2,1109
3342,8,48,9110,9111,10644,1,1534
3323,5,48,9058,9059,10647,1,1589
3498,4,48,9535,9536,10650,1,1115
3350,8,48,9132,9134,10653,2,1521
3331,5,48,9080,9082,10656,2,1576
3505,3,48,9554,9555,10659,1,1105
3358,8,48,9154,9155,10662,1,1508
3339,5,48,9102,9104,10665,2,1563
3506,4,48,9557,9558,10668,1,1111
3366,8,48,9175,9176,10671,1,1496
3347,5,48,9124,9125,10674,1,1550
3513,3,48,9576,9578,10677,2,1101
3374,8,48,9197,9198,10680,1,1483
3355,5,48,9146,9148,10683,2,1537
3514,4,48,9579,9581,10686,2,1107
3382,8,48,9219,9221,10689,2,1470
3363,5,48,9167,9169,10692,2,1525
3521,3,48,9598,9600,10695,2,1097
3390,8,48,9241,9242,10698,1,1457
3371,5,48,9189,9191,10701,2,1512
3522,4,48,9601,9602,10704,1,1103
3398,8,48,9263,9264,10707,1,1444
3379,5,48,9211,9212,10710,1,1499
3529,3,48,9620,9621,10713,1,1093
3406,8,48,9284,9285,10716,1,1432
3387,5,48,9233,9235,10719,2,1486
3530,4,48,9623,9624,10722,1,1099
3414,8,48,9306,9308,10725,2,1419
3395,5,48,9255,9257,10728,2,1473
3537,3,48,9641,9642,10731,1,1090
3422,8,48,9328,9329,10734,1,1406
3403,5,48,9276,9278,10737,2,1461
3538,4,48,9644,9645,10740,1,1096
3430,8,48,9350,9351,10743,1,1393
3411,5,48,9298,9299,10746,1,1448
3545,3,48,9663,9665,10749,2,1086
3438,8,48,9372,9374,10752,2,1380
3419,5,48,9320,9322,10755,2,1435
3546,4,48,9666,9668,10758,2,1092
3446,8,48,9394,9395,10761,1,1367
3427,5,48,9342,9344,10764,2,1422
3553,3,48,9685,9687,10767,2,1082
3454,8,48,9415,9416,10770,1,1355
3435,5,48,9364,9365,10773,1,1409
3554,4,48,9688,9689,10776,1,1088
3462,8,48,9437,9438,10779,1,1342
3443,5,48,9386,9388,10782,2,1396
3561,3,48,9707,9708,10785,1,1078
3470,8,48,9459,9461,10788,2,1329
3451,5,48,9407,9409,10791,2,1384
3562,4,48,9710,9711,10794,1,1084
3478,8,48,9481,9482,10797,1,1316
3459,5,48,9429,9431,10800,2,1371
3569,3,48,9729,9731,10803,2,1074
3486,8,48,9503,9504,10806,1,1303
3467,5,48,9451,9452,10809,1,1358
3570,4,48,9732,9734,10812,2,1080
3494,8,48,9524,9525,10815,1,1291
3475,5,48,9473,9475,10818,2,1345
3577,3,48,9750,9752,10821,2,1071
3502,8,48,9546,9548,10824,2,1278
3483,5,48,9495,9497,10827,2,1332
3578,4,48,9753,9755,10830,2,1077
3510,8,48,9568,9569,10833,1,1265
3491,5,48,9516,9518,10836,2,1320
3585,3,48,9772,9774,10839,2,1067
3518,8,48,9590,9591,10842,1,1252
3499,5,48,9538,9539,10845,1,1307
3586,4,48,9775,9776,10848,1,1073
3526,8,48,9612,9614,10851,2,1239
3507,5,48,9560,9562,10854,2,1294
3593,3,48,9794,9795,10857,1,1063
3534,8,48,9634,9635,10860,1,1226
3515,5,48,9582,9584,10863,2,1281
3594,4,48,9797,9798,10866,1,1069
3542,8,48,9655,9656,10869,1,1214
3523,5,48,9604,9605,10872,1,1268
3601,3,48,9816,9818,10875,2,1059
3550,8,48,9677,9678,10878,1,1201
3531,5,48,9626,9628,10881,2,1255
3602,4,48,9819,9821,10884,2,1065
3558,8,48,9699,9701,10887,2,1188
3539,5,48,9647,9649,10890,2,1243
3609,3,48,9838,9840,10893,2,1055
3566,8,48,9721,9722,10896,1,1175
3547,5,48,9669,9671,10899,2,1230
3610,4,48,9841,9842,10902,1,1061
3574,8,48,9743,9744,10905,1,1162
3555,5,48,9691,9692,10908,1,1217
3617,3,48,9860,9861,10911,1,1051
3582,8,48,9764,9765,10914,1,1150
3563,5,48,9713,9715,10917,2,1204
3618,4,48,9863,9864,10920,1,1057
3590,8,48,9786,9788,10923,2,1137
3571,5,48,9735,9737,10926,2,1191
3625,3,48,9881,9882,10929,1,1048
3598,8,48,9808,9809,10932,1,1124
3579,5,48,9756,9758,10935,2,1179
3626,4,48,9884,9885,10938,1,1054
3606,8,48,9830,9831,10941,1,1111
3587,5,48,9778,9779,10944,1,1166
3633,3,48,9903,9905,10947,2,1044
3614,8,48,9852,9854,10950,2,1098
3595,5,48,9800,9802,10953,2,1153
3634,4,48,9906,9908,10956,2,1050
3622,8,48,9874,9875,10959,1,1085
3603,5,48,9822,9824,10962,2,1140
3641,3,48,9925,9927,10965,2,1040
3630,8,48,9895,9896,10968,1,1073
3611,5,48,9844,9845,10971,1,1127
3642,4,48,9928,9929,10974,1,1046
3638,8,48,9917,9918,10977,1,1060
3619,5,48,9866,9868,10980,2,1114
3649,3,48,9947,9948,10983,1,1036
3646,8,48,9939,9941,10986,2,1047
3627,5,48,9887,9889,10989,2,1102
3650,4,48,9950,9951,10992,1,1042
3654,8,48,9961,9962,10995,1,1034
3635,5,48,9909,9911,10998,2,1089
3657,3,48,9969,9971,11001,2,1032
3662,8,48,9983,9984,11004,1,1021
3643,5,48,9931,9932,11007,1,1076
3658,4,48,9972,9974,11010,2,1038
3651,5,48,9953,9955,11013,2,1060
3665,3,48,9990,9992,11016,2,1026
3659,5,48,9975,9977,11019,2,1044
3666,4,48,9993,9995,11022,2,1029
3667,5,48,9996,9998,11025,2,1029
