request_id,global_flow_id,size_bytes,arrival_cycle,admitted_cycle,completed_cycle,admission_delay_cycles,sojourn_cycles
1,1,48,0,1,24,1,24
3,3,48,5,7,27,2,22
2,2,48,3,4,30,1,27
4,4,48,8,10,33,2,25
6,6,48,14,16,36,2,22
7,7,48,16,17,39,1,23
5,5,48,11,12,42,1,31
8,8,48,19,21,45,2,26
9,1,48,22,23,48,1,26
11,3,48,27,28,51,1,24
10,2,48,25,26,54,1,29
12,4,48,30,31,57,1,27
14,6,48,36,37,60,1,24
15,7,48,38,39,63,1,25
13,5,48,33,34,66,1,33
16,8,48,41,43,69,2,28
17,1,48,44,46,72,2,28
19,3,48,49,51,75,2,26
25,1,48,65,67,78,2,13
20,4,48,52,53,81,1,29
22,6,48,58,60,84,2,26
23,7,48,60,61,87,1,27
21,5,48,55,56,90,1,35
24,8,48,63,64,93,1,30
18,2,48,47,48,96,1,49
27,3,48,70,71,99,1,29
33,1,48,87,88,102,1,15
28,4,48,73,74,105,1,32
30,6,48,79,80,108,1,29
31,7,48,81,83,111,2,30
38,6,48,101,103,114,2,13
39,7,48,103,104,117,1,14
26,2,48,68,70,120,2,52
35,3,48,92,94,123,2,31
41,1,48,109,111,126,2,17
36,4,48,95,96,129,1,34
29,5,48,76,78,132,2,56
32,8,48,84,85,135,1,51
46,6,48,123,124,138,1,15
47,7,48,125,127,141,2,16
49,1,48,131,133,144,2,13
43,3,48,114,116,147,2,33
34,2,48,90,91,150,1,60
44,4,48,117,118,153,1,36
37,5,48,98,100,156,2,58
40,8,48,106,107,159,1,53
54,6,48,145,146,162,1,17
55,7,48,147,149,165,2,18
57,1,48,153,154,168,1,15
51,3,48,136,137,171,1,35
42,2,48,112,113,174,1,62
52,4,48,139,140,177,1,38
62,6,48,167,169,180,2,13
63,7,48,169,170,183,1,14
45,5,48,120,121,186,1,66
48,8,48,128,129,189,1,61
65,1,48,175,177,192,2,17
59,3,48,158,160,195,2,37
50,2,48,134,136,198,2,64
60,4,48,161,162,201,1,40
70,6,48,189,190,204,1,15
71,7,48,191,193,207,2,16
53,5,48,142,144,210,2,68
56,8,48,150,151,213,1,63
73,1,48,196,198,216,2,20
67,3,48,180,182,219,2,39
58,2,48,156,157,222,1,66
68,4,48,183,184,225,1,42
78,6,48,210,211,228,1,18
79,7,48,212,214,231,2,19
61,5,48,164,166,234,2,70
64,8,48,172,173,237,1,65
81,1,48,218,220,240,2,22
75,3,48,201,203,243,2,42
66,2,48,178,179,246,1,68
76,4,48,204,205,249,1,45
86,6,48,232,233,252,1,20
87,7,48,234,236,255,2,21
69,5,48,186,187,258,1,72
72,8,48,194,195,261,1,67
89,1,48,240,241,264,1,24
83,3,48,223,224,267,1,44
74,2,48,199,200,270,1,71
84,4,48,226,227,273,1,47
94,6,48,254,256,276,2,22
95,7,48,256,257,279,1,23
77,5,48,207,208,282,1,75
80,8,48,215,216,285,1,70
97,1,48,262,264,288,2,26
91,3,48,245,247,291,2,46
82,2,48,221,223,294,2,73
92,4,48,248,249,297,1,49
102,6,48,276,277,300,1,24
103,7,48,278,280,303,2,25
85,5,48,229,231,306,2,77
88,8,48,237,238,309,1,72
105,1,48,284,286,312,2,28
99,3,48,267,269,315,2,48
113,1,48,305,306,318,1,13
100,4,48,270,271,321,1,51
110,6,48,298,299,324,1,26
111,7,48,300,302,327,2,27
93,5,48,251,253,330,2,79
119,7,48,321,322,333,1,12
90,2,48,243,244,336,1,93
107,3,48,289,290,339,1,50
121,1,48,327,328,342,1,15
108,4,48,292,293,345,1,53
118,6,48,319,320,348,1,29
96,8,48,259,260,351,1,92
126,6,48,341,342,354,1,13
127,7,48,343,345,357,2,14
98,2,48,265,266,360,1,95
115,3,48,310,311,363,1,53
129,1,48,349,350,366,1,17
116,4,48,313,315,369,2,56
101,5,48,273,274,372,1,99
104,8,48,281,282,375,1,94
134,6,48,363,364,378,1,15
135,7,48,365,366,381,1,16
137,1,48,371,373,384,2,13
123,3,48,332,333,387,1,55
106,2,48,287,289,390,2,103
124,4,48,335,337,393,2,58
109,5,48,295,297,396,2,101
143,7,48,387,388,399,1,12
142,6,48,385,387,402,2,17
112,8,48,303,304,405,1,102
145,1,48,393,394,408,1,15
131,3,48,354,355,411,1,57
114,2,48,308,310,414,2,106
132,4,48,357,358,417,1,60
150,6,48,407,408,420,1,13
151,7,48,409,411,423,2,14
117,5,48,316,317,426,1,110
120,8,48,324,325,429,1,105
153,1,48,415,416,432,1,17
139,3,48,376,378,435,2,59
122,2,48,330,331,438,1,108
140,4,48,379,380,441,1,62
158,6,48,429,430,444,1,15
159,7,48,431,432,447,1,16
125,5,48,338,340,450,2,112
128,8,48,346,347,453,1,107
161,1,48,436,437,456,1,20
147,3,48,398,399,459,1,61
130,2,48,352,354,462,2,110
148,4,48,401,403,465,2,64
166,6,48,450,451,468,1,18
167,7,48,452,453,471,1,19
133,5,48,360,361,474,1,114
136,8,48,368,370,477,2,109
169,1,48,458,460,480,2,22
155,3,48,420,421,483,1,63
138,2,48,374,375,486,1,112
156,4,48,423,424,489,1,66
174,6,48,472,474,492,2,20
175,7,48,474,475,495,1,21
141,5,48,382,383,498,1,116
144,8,48,390,391,501,1,111
177,1,48,480,481,504,1,24
163,3,48,441,442,507,1,66
146,2,48,396,397,510,1,114
164,4,48,444,445,513,1,69
182,6,48,494,495,516,1,22
183,7,48,496,498,519,2,23
149,5,48,404,406,522,2,118
152,8,48,412,413,525,1,113
185,1,48,502,503,528,1,26
171,3,48,463,465,531,2,68
154,2,48,418,420,534,2,116
172,4,48,466,467,537,1,71
190,6,48,516,517,540,1,24
191,7,48,518,519,543,1,25
157,5,48,426,427,546,1,120
160,8,48,434,436,549,2,115
193,1,48,524,526,552,2,28
179,3,48,485,486,555,1,70
201,1,48,545,547,558,2,13
180,4,48,488,490,561,2,73
198,6,48,538,540,564,2,26
199,7,48,540,541,567,1,27
165,5,48,447,448,570,1,123
168,8,48,455,457,573,2,118
162,2,48,439,441,576,2,137
187,3,48,507,508,579,1,72
209,1,48,567,568,582,1,15
188,4,48,510,511,585,1,75
206,6,48,559,560,588,1,29
207,7,48,561,563,591,2,30
214,6,48,581,583,594,2,13
215,7,48,583,584,597,1,14
170,2,48,461,462,600,1,139
195,3,48,529,531,603,2,74
217,1,48,589,591,606,2,17
196,4,48,532,533,609,1,77
173,5,48,469,470,612,1,143
176,8,48,477,478,615,1,138
222,6,48,603,604,618,1,15
223,7,48,605,607,621,2,16
225,1,48,611,613,624,2,13
203,3,48,550,551,627,1,77
178,2,48,483,484,630,1,147
204,4,48,553,554,633,1,80
181,5,48,491,493,636,2,145
184,8,48,499,500,639,1,140
230,6,48,625,626,642,1,17
231,7,48,627,629,645,2,18
233,1,48,633,634,648,1,15
211,3,48,572,574,651,2,79
186,2,48,505,507,654,2,149
212,4,48,575,576,657,1,82
238,6,48,647,649,660,2,13
239,7,48,649,650,663,1,14
189,5,48,513,514,666,1,153
192,8,48,521,523,669,2,148
241,1,48,655,657,672,2,17
219,3,48,594,596,675,2,81
194,2,48,527,528,678,1,151
220,4,48,597,598,681,1,84
246,6,48,669,670,684,1,15
247,7,48,671,673,687,2,16
197,5,48,535,536,690,1,155
200,8,48,543,544,693,1,150
249,1,48,676,678,696,2,20
227,3,48,616,617,699,1,83
202,2,48,548,550,702,2,154
228,4,48,619,620,705,1,86
254,6,48,690,691,708,1,18
255,7,48,692,694,711,2,19
205,5,48,556,558,714,2,158
208,8,48,564,565,717,1,153
257,1,48,698,700,720,2,22
235,3,48,638,640,723,2,85
210,2,48,570,571,726,1,156
236,4,48,641,642,729,1,88
262,6,48,712,713,732,1,20
263,7,48,714,716,735,2,21
213,5,48,578,580,738,2,160
216,8,48,586,587,741,1,155
265,1,48,720,721,744,1,24
243,3,48,660,662,747,2,87
218,2,48,592,593,750,1,158
244,4,48,663,664,753,1,90
270,6,48,734,736,756,2,22
271,7,48,736,737,759,1,23
221,5,48,600,601,762,1,162
224,8,48,608,609,765,1,157
273,1,48,742,744,768,2,26
251,3,48,681,683,771,2,90
226,2,48,614,616,774,2,160
252,4,48,684,685,777,1,93
278,6,48,756,757,780,1,24
279,7,48,758,760,783,2,25
229,5,48,622,624,786,2,164
232,8,48,630,631,789,1,159
281,1,48,764,766,792,2,28
259,3,48,703,704,795,1,92
289,1,48,785,786,798,1,13
260,4,48,706,707,801,1,95
286,6,48,778,779,804,1,26
287,7,48,780,782,807,2,27
237,5,48,644,646,810,2,166
295,7,48,801,802,813,1,12
234,2,48,636,637,816,1,180
267,3,48,725,727,819,2,94
297,1,48,807,808,822,1,15
268,4,48,728,729,825,1,97
294,6,48,799,800,828,1,29
240,8,48,652,653,831,1,179
302,6,48,821,822,834,1,13
303,7,48,823,825,837,2,14
242,2,48,658,659,840,1,182
275,3,48,747,749,843,2,96
305,1,48,829,830,846,1,17
276,4,48,750,751,849,1,99
245,5,48,666,667,852,1,186
248,8,48,674,675,855,1,181
310,6,48,843,844,858,1,15
311,7,48,845,846,861,1,16
313,1,48,851,853,864,2,13
283,3,48,769,770,867,1,98
250,2,48,679,680,870,1,191
284,4,48,772,773,873,1,101
253,5,48,687,688,876,1,189
319,7,48,867,868,879,1,12
318,6,48,865,867,882,2,17
256,8,48,695,696,885,1,190
321,1,48,873,874,888,1,15
291,3,48,790,791,891,1,101
258,2,48,701,703,894,2,193
292,4,48,793,795,897,2,104
326,6,48,887,888,900,1,13
327,7,48,889,891,903,2,14
261,5,48,709,711,906,2,197
264,8,48,717,718,909,1,192
329,1,48,895,896,912,1,17
299,3,48,812,813,915,1,103
266,2,48,723,724,918,1,195
300,4,48,815,817,921,2,106
334,6,48,909,910,924,1,15
335,7,48,911,912,927,1,16
269,5,48,731,733,930,2,199
272,8,48,739,740,933,1,194
337,1,48,916,917,936,1,20
307,3,48,834,835,939,1,105
274,2,48,745,746,942,1,197
308,4,48,837,838,945,1,108
342,6,48,930,931,948,1,18
343,7,48,932,933,951,1,19
277,5,48,753,754,954,1,201
280,8,48,761,762,957,1,196
345,1,48,938,940,960,2,22
315,3,48,856,858,963,2,107
282,2,48,767,769,966,2,199
316,4,48,859,860,969,1,110
350,6,48,952,954,972,2,20
351,7,48,954,955,975,1,21
285,5,48,775,777,978,2,203
288,8,48,783,784,981,1,198
353,1,48,960,961,984,1,24
323,3,48,878,879,987,1,109
290,2,48,788,790,990,2,202
324,4,48,881,883,993,2,112
358,6,48,974,975,996,1,22
359,7,48,976,978,999,2,23
293,5,48,796,797,1002,1,206
296,8,48,804,805,1005,1,201
361,1,48,982,983,1008,1,26
331,3,48,900,901,1011,1,111
298,2,48,810,811,1014,1,204
332,4,48,903,904,1017,1,114
366,6,48,996,997,1020,1,24
367,7,48,998,999,1023,1,25
301,5,48,818,820,1026,2,208
304,8,48,826,827,1029,1,203
369,1,48,1004,1006,1032,2,28
339,3,48,921,922,1035,1,114
377,1,48,1025,1027,1038,2,13
340,4,48,924,925,1041,1,117
374,6,48,1018,1020,1044,2,26
375,7,48,1020,1021,1047,1,27
309,5,48,840,841,1050,1,210
312,8,48,848,850,1053,2,205
306,2,48,832,834,1056,2,224
347,3,48,943,945,1059,2,116
385,1,48,1047,1048,1062,1,15
348,4,48,946,947,1065,1,119
382,6,48,1039,1040,1068,1,29
383,7,48,1041,1043,1071,2,30
390,6,48,1061,1063,1074,2,13
391,7,48,1063,1064,1077,1,14
314,2,48,854,855,1080,1,226
355,3,48,965,966,1083,1,118
393,1,48,1069,1071,1086,2,17
356,4,48,968,970,1089,2,121
317,5,48,862,863,1092,1,230
320,8,48,870,871,1095,1,225
398,6,48,1083,1084,1098,1,15
399,7,48,1085,1087,1101,2,16
401,1,48,1091,1093,1104,2,13
363,3,48,987,988,1107,1,120
322,2,48,876,877,1110,1,234
364,4,48,990,991,1113,1,123
325,5,48,884,886,1116,2,232
328,8,48,892,893,1119,1,227
406,6,48,1105,1106,1122,1,17
407,7,48,1107,1109,1125,2,18
409,1,48,1113,1114,1128,1,15
371,3,48,1009,1011,1131,2,122
330,2,48,898,900,1134,2,236
372,4,48,1012,1013,1137,1,125
414,6,48,1127,1129,1140,2,13
415,7,48,1129,1130,1143,1,14
333,5,48,906,907,1146,1,240
336,8,48,914,916,1149,2,235
417,1,48,1135,1137,1152,2,17
379,3,48,1030,1031,1155,1,125
338,2,48,919,921,1158,2,239
380,4,48,1033,1034,1161,1,128
422,6,48,1149,1150,1164,1,15
423,7,48,1151,1153,1167,2,16
341,5,48,927,928,1170,1,243
344,8,48,935,937,1173,2,238
425,1,48,1156,1158,1176,2,20
387,3,48,1052,1054,1179,2,127
346,2,48,941,942,1182,1,241
388,4,48,1055,1056,1185,1,130
430,6,48,1170,1171,1188,1,18
431,7,48,1172,1174,1191,2,19
349,5,48,949,950,1194,1,245
352,8,48,957,958,1197,1,240
433,1,48,1178,1180,1200,2,22
395,3,48,1074,1076,1203,2,129
354,2,48,963,964,1206,1,243
396,4,48,1077,1078,1209,1,132
438,6,48,1192,1193,1212,1,20
439,7,48,1194,1196,1215,2,21
357,5,48,971,973,1218,2,247
360,8,48,979,980,1221,1,242
441,1,48,1200,1201,1224,1,24
403,3,48,1096,1097,1227,1,131
362,2,48,985,987,1230,2,245
404,4,48,1099,1100,1233,1,134
446,6,48,1214,1216,1236,2,22
447,7,48,1216,1217,1239,1,23
365,5,48,993,994,1242,1,249
368,8,48,1001,1003,1245,2,244
449,1,48,1222,1224,1248,2,26
411,3,48,1118,1120,1251,2,133
370,2,48,1007,1008,1254,1,247
412,4,48,1121,1122,1257,1,136
454,6,48,1236,1237,1260,1,24
455,7,48,1238,1240,1263,2,25
373,5,48,1015,1016,1266,1,251
376,8,48,1023,1024,1269,1,246
457,1,48,1244,1246,1272,2,28
419,3,48,1140,1142,1275,2,135
465,1,48,1265,1266,1278,1,13
420,4,48,1143,1144,1281,1,138
462,6,48,1258,1259,1284,1,26
463,7,48,1260,1262,1287,2,27
381,5,48,1036,1038,1290,2,254
471,7,48,1281,1282,1293,1,12
378,2,48,1028,1030,1296,2,268
427,3,48,1161,1163,1299,2,138
473,1,48,1287,1288,1302,1,15
428,4,48,1164,1165,1305,1,141
470,6,48,1279,1280,1308,1,29
384,8,48,1044,1045,1311,1,267
478,6,48,1301,1302,1314,1,13
479,7,48,1303,1305,1317,2,14
386,2,48,1050,1051,1320,1,270
435,3,48,1183,1184,1323,1,140
481,1,48,1309,1310,1326,1,17
436,4,48,1186,1187,1329,1,143
389,5,48,1058,1060,1332,2,274
392,8,48,1066,1067,1335,1,269
486,6,48,1323,1324,1338,1,15
487,7,48,1325,1326,1341,1,16
489,1,48,1331,1333,1344,2,13
443,3,48,1205,1207,1347,2,142
394,2,48,1072,1073,1350,1,278
444,4,48,1208,1209,1353,1,145
397,5,48,1080,1081,1356,1,276
495,7,48,1347,1348,1359,1,12
494,6,48,1345,1347,1362,2,17
400,8,48,1088,1089,1365,1,277
497,1,48,1353,1354,1368,1,15
451,3,48,1227,1229,1371,2,144
402,2,48,1094,1096,1374,2,280
452,4,48,1230,1231,1377,1,147
502,6,48,1367,1368,1380,1,13
503,7,48,1369,1371,1383,2,14
405,5,48,1102,1104,1386,2,284
408,8,48,1110,1111,1389,1,279
505,1,48,1375,1376,1392,1,17
459,3,48,1249,1250,1395,1,146
410,2,48,1116,1117,1398,1,282
460,4,48,1252,1253,1401,1,149
510,6,48,1389,1390,1404,1,15
511,7,48,1391,1392,1407,1,16
413,5,48,1124,1126,1410,2,286
416,8,48,1132,1133,1413,1,281
513,1,48,1396,1397,1416,1,20
467,3,48,1270,1271,1419,1,149
418,2,48,1138,1139,1422,1,284
468,4,48,1273,1275,1425,2,152
518,6,48,1410,1411,1428,1,18
519,7,48,1412,1413,1431,1,19
421,5,48,1146,1147,1434,1,288
424,8,48,1154,1155,1437,1,283
521,1,48,1418,1420,1440,2,22
475,3,48,1292,1293,1443,1,151
426,2,48,1159,1160,1446,1,287
476,4,48,1295,1297,1449,2,154
526,6,48,1432,1434,1452,2,20
527,7,48,1434,1435,1455,1,21
429,5,48,1167,1168,1458,1,291
432,8,48,1175,1176,1461,1,286
529,1,48,1440,1441,1464,1,24
483,3,48,1314,1315,1467,1,153
434,2,48,1181,1183,1470,2,289
484,4,48,1317,1318,1473,1,156
534,6,48,1454,1455,1476,1,22
535,7,48,1456,1458,1479,2,23
437,5,48,1189,1191,1482,2,293
440,8,48,1197,1198,1485,1,288
537,1,48,1462,1463,1488,1,26
491,3,48,1336,1338,1491,2,155
442,2,48,1203,1204,1494,1,291
492,4,48,1339,1340,1497,1,158
542,6,48,1476,1477,1500,1,24
543,7,48,1478,1479,1503,1,25
445,5,48,1211,1213,1506,2,295
448,8,48,1219,1220,1509,1,290
545,1,48,1484,1486,1512,2,28
499,3,48,1358,1359,1515,1,157
553,1,48,1505,1507,1518,2,13
500,4,48,1361,1363,1521,2,160
550,6,48,1498,1500,1524,2,26
551,7,48,1500,1501,1527,1,27
453,5,48,1233,1234,1530,1,297
456,8,48,1241,1242,1533,1,292
450,2,48,1225,1226,1536,1,311
507,3,48,1380,1381,1539,1,159
561,1,48,1527,1528,1542,1,15
508,4,48,1383,1384,1545,1,162
558,6,48,1519,1520,1548,1,29
559,7,48,1521,1523,1551,2,30
566,6,48,1541,1543,1554,2,13
567,7,48,1543,1544,1557,1,14
458,2,48,1247,1249,1560,2,313
515,3,48,1401,1402,1563,1,162
569,1,48,1549,1551,1566,2,17
516,4,48,1404,1405,1569,1,165
461,5,48,1255,1257,1572,2,317
464,8,48,1263,1264,1575,1,312
574,6,48,1563,1564,1578,1,15
575,7,48,1565,1567,1581,2,16
577,1,48,1571,1573,1584,2,13
523,3,48,1423,1425,1587,2,164
466,2,48,1268,1270,1590,2,322
524,4,48,1426,1427,1593,1,167
469,5,48,1276,1277,1596,1,320
472,8,48,1284,1285,1599,1,315
582,6,48,1585,1586,1602,1,17
583,7,48,1587,1589,1605,2,18
585,1,48,1593,1594,1608,1,15
531,3,48,1445,1446,1611,1,166
474,2,48,1290,1291,1614,1,324
532,4,48,1448,1450,1617,2,169
590,6,48,1607,1609,1620,2,13
591,7,48,1609,1610,1623,1,14
477,5,48,1298,1300,1626,2,328
480,8,48,1306,1307,1629,1,323
593,1,48,1615,1617,1632,2,17
539,3,48,1467,1468,1635,1,168
482,2,48,1312,1314,1638,2,326
540,4,48,1470,1471,1641,1,171
598,6,48,1629,1630,1644,1,15
599,7,48,1631,1633,1647,2,16
485,5,48,1320,1321,1650,1,330
488,8,48,1328,1330,1653,2,325
601,1,48,1636,1638,1656,2,20
547,3,48,1489,1491,1659,2,170
490,2,48,1334,1335,1662,1,328
548,4,48,1492,1493,1665,1,173
606,6,48,1650,1651,1668,1,18
607,7,48,1652,1654,1671,2,19
493,5,48,1342,1343,1674,1,332
496,8,48,1350,1351,1677,1,327
609,1,48,1658,1660,1680,2,22
555,3,48,1510,1511,1683,1,173
498,2,48,1356,1357,1686,1,330
556,4,48,1513,1514,1689,1,176
614,6,48,1672,1673,1692,1,20
615,7,48,1674,1676,1695,2,21
501,5,48,1364,1366,1698,2,334
504,8,48,1372,1373,1701,1,329
617,1,48,1680,1681,1704,1,24
563,3,48,1532,1534,1707,2,175
506,2,48,1378,1380,1710,2,332
564,4,48,1535,1536,1713,1,178
622,6,48,1694,1696,1716,2,22
623,7,48,1696,1697,1719,1,23
509,5,48,1386,1387,1722,1,336
512,8,48,1394,1396,1725,2,331
625,1,48,1702,1704,1728,2,26
571,3,48,1554,1556,1731,2,177
514,2,48,1399,1401,1734,2,335
572,4,48,1557,1558,1737,1,180
630,6,48,1716,1717,1740,1,24
631,7,48,1718,1720,1743,2,25
517,5,48,1407,1408,1746,1,339
520,8,48,1415,1417,1749,2,334
633,1,48,1724,1726,1752,2,28
579,3,48,1576,1577,1755,1,179
641,1,48,1745,1746,1758,1,13
580,4,48,1579,1580,1761,1,182
638,6,48,1738,1739,1764,1,26
639,7,48,1740,1742,1767,2,27
525,5,48,1429,1430,1770,1,341
647,7,48,1761,1762,1773,1,12
522,2,48,1421,1422,1776,1,355
587,3,48,1598,1600,1779,2,181
649,1,48,1767,1768,1782,1,15
588,4,48,1601,1602,1785,1,184
646,6,48,1759,1760,1788,1,29
528,8,48,1437,1438,1791,1,354
654,6,48,1781,1782,1794,1,13
655,7,48,1783,1785,1797,2,14
530,2,48,1443,1444,1800,1,357
595,3,48,1620,1622,1803,2,183
657,1,48,1789,1790,1806,1,17
596,4,48,1623,1624,1809,1,186
533,5,48,1451,1453,1812,2,361
536,8,48,1459,1460,1815,1,356
662,6,48,1803,1804,1818,1,15
663,7,48,1805,1806,1821,1,16
665,1,48,1811,1813,1824,2,13
603,3,48,1641,1643,1827,2,186
538,2,48,1465,1467,1830,2,365
604,4,48,1644,1645,1833,1,189
541,5,48,1473,1474,1836,1,363
671,7,48,1827,1828,1839,1,12
670,6,48,1825,1827,1842,2,17
544,8,48,1481,1483,1845,2,364
673,1,48,1833,1834,1848,1,15
611,3,48,1663,1664,1851,1,188
546,2,48,1487,1488,1854,1,367
612,4,48,1666,1667,1857,1,191
678,6,48,1847,1848,1860,1,13
679,7,48,1849,1851,1863,2,14
549,5,48,1495,1496,1866,1,371
552,8,48,1503,1504,1869,1,366
681,1,48,1855,1856,1872,1,17
619,3,48,1685,1687,1875,2,190
554,2,48,1508,1510,1878,2,370
620,4,48,1688,1689,1881,1,193
686,6,48,1869,1870,1884,1,15
687,7,48,1871,1872,1887,1,16
557,5,48,1516,1518,1890,2,374
560,8,48,1524,1525,1893,1,369
689,1,48,1876,1877,1896,1,20
627,3,48,1707,1709,1899,2,192
562,2,48,1530,1531,1902,1,372
628,4,48,1710,1711,1905,1,195
694,6,48,1890,1891,1908,1,18
695,7,48,1892,1893,1911,1,19
565,5,48,1538,1540,1914,2,376
568,8,48,1546,1547,1917,1,371
697,1,48,1898,1900,1920,2,22
635,3,48,1729,1730,1923,1,194
570,2,48,1552,1553,1926,1,374
636,4,48,1732,1733,1929,1,197
702,6,48,1912,1914,1932,2,20
703,7,48,1914,1915,1935,1,21
573,5,48,1560,1561,1938,1,378
576,8,48,1568,1569,1941,1,373
705,1,48,1920,1921,1944,1,24
643,3,48,1750,1751,1947,1,197
578,2,48,1574,1576,1950,2,376
644,4,48,1753,1755,1953,2,200
710,6,48,1934,1935,1956,1,22
711,7,48,1936,1938,1959,2,23
581,5,48,1582,1584,1962,2,380
584,8,48,1590,1591,1965,1,375
713,1,48,1942,1943,1968,1,26
651,3,48,1772,1773,1971,1,199
586,2,48,1596,1597,1974,1,378
652,4,48,1775,1777,1977,2,202
718,6,48,1956,1957,1980,1,24
719,7,48,1958,1959,1983,1,25
589,5,48,1604,1606,1986,2,382
592,8,48,1612,1613,1989,1,377
721,1,48,1964,1966,1992,2,28
659,3,48,1794,1795,1995,1,201
729,1,48,1985,1987,1998,2,13
660,4,48,1797,1798,2001,1,204
726,6,48,1978,1980,2004,2,26
727,7,48,1980,1981,2007,1,27
597,5,48,1626,1627,2010,1,384
600,8,48,1634,1635,2013,1,379
594,2,48,1618,1619,2277,1,659
667,3,48,1816,1818,2280,2,464
602,2,48,1639,1640,2283,1,644
668,4,48,1819,1820,2286,1,467
734,6,48,1999,2000,2289,1,290
608,8,48,1655,1656,2292,1,637
605,5,48,1647,1648,2295,1,648
616,8,48,1677,1678,2298,1,621
610,2,48,1661,1663,2301,2,640
675,3,48,1838,1839,2304,1,466
618,2,48,1683,1684,2307,1,624
676,4,48,1841,1843,2310,2,469
613,5,48,1669,1671,2313,2,644
624,8,48,1699,1700,2316,1,617
621,5,48,1691,1693,2319,2,628
632,8,48,1721,1722,2322,1,601
626,2,48,1705,1706,2325,1,620
683,3,48,1860,1861,2328,1,468
634,2,48,1727,1729,2331,2,604
684,4,48,1863,1864,2334,1,471
629,5,48,1713,1714,2337,1,624
640,8,48,1743,1744,2340,1,597
637,5,48,1735,1737,2343,2,608
648,8,48,1764,1765,2346,1,582
642,2,48,1748,1750,2349,2,601
691,3,48,1881,1882,2352,1,471
650,2,48,1770,1771,2355,1,585
692,4,48,1884,1885,2358,1,474
645,5,48,1756,1757,2361,1,605
656,8,48,1786,1787,2364,1,578
653,5,48,1778,1780,2367,2,589
664,8,48,1808,1810,2370,2,562
658,2,48,1792,1794,2373,2,581
699,3,48,1903,1905,2376,2,473
666,2,48,1814,1815,2379,1,565
700,4,48,1906,1907,2382,1,476
661,5,48,1800,1801,2385,1,585
672,8,48,1830,1831,2388,1,558
669,5,48,1822,1823,2391,1,569
680,8,48,1852,1853,2394,1,542
674,2,48,1836,1837,2397,1,561
707,3,48,1925,1926,2400,1,475
682,2,48,1858,1860,2403,2,545
708,4,48,1928,1930,2406,2,478
677,5,48,1844,1846,2409,2,565
688,8,48,1874,1876,2412,2,538
685,5,48,1866,1867,2415,1,549
696,8,48,1895,1897,2418,2,523
690,2,48,1879,1881,2421,2,542
715,3,48,1947,1948,2424,1,477
698,2,48,1901,1902,2427,1,526
716,4,48,1950,1951,2430,1,480
693,5,48,1887,1888,2433,1,546
704,8,48,1917,1918,2436,1,519
701,5,48,1909,1910,2439,1,530
712,8,48,1939,1940,2442,1,503
706,2,48,1923,1924,2445,1,522
723,3,48,1969,1971,2448,2,479
714,2,48,1945,1947,2451,2,506
724,4,48,1972,1973,2454,1,482
709,5,48,1931,1933,2457,2,526
720,8,48,1961,1963,2460,2,499
717,5,48,1953,1954,2463,1,510
728,8,48,1983,1984,2466,1,483
722,2,48,1967,1968,2469,1,502
731,3,48,1990,1991,2472,1,482
730,2,48,1988,1990,2475,2,487
732,4,48,1993,1994,2478,1,485
725,5,48,1975,1976,2481,1,506
733,5,48,1996,1998,2484,2,488
735,1,48,2000,2259,2487,259,487
743,1,48,2022,2267,2490,245,468
737,3,48,2005,2261,2493,256,488
740,6,48,2014,2264,2496,250,482
741,7,48,2016,2265,2499,249,483
751,1,48,2044,2275,2502,231,458
738,4,48,2008,2262,2505,254,497
739,5,48,2011,2263,2508,252,497
749,7,48,2038,2273,2511,235,473
759,1,48,2065,2283,2514,218,449
767,1,48,2087,2291,2517,204,430
745,3,48,2027,2269,2520,242,493
748,6,48,2036,2272,2523,236,487
757,7,48,2060,2281,2526,221,466
775,1,48,2109,2299,2529,190,420
783,1,48,2131,2307,2532,176,401
746,4,48,2030,2270,2535,240,505
756,6,48,2058,2280,2538,222,480
765,7,48,2081,2289,2541,208,460
791,1,48,2153,2315,2544,162,391
799,1,48,2175,2323,2547,148,372
753,3,48,2049,2277,2550,228,501
747,5,48,2033,2271,2553,238,520
773,7,48,2103,2297,2556,194,453
807,1,48,2196,2331,2559,135,363
815,1,48,2218,2339,2562,121,344
754,4,48,2052,2278,2565,226,513
764,6,48,2079,2288,2568,209,489
781,7,48,2125,2305,2571,180,446
823,1,48,2240,2347,2574,107,334
831,1,48,2262,2355,2577,93,315
761,3,48,2070,2285,2580,215,510
772,6,48,2101,2296,2583,195,482
789,7,48,2147,2313,2586,166,439
839,1,48,2284,2363,2589,79,305
847,1,48,2305,2371,2592,66,287
762,4,48,2073,2286,2595,213,522
755,5,48,2055,2279,2598,224,543
797,7,48,2169,2321,2601,152,432
855,1,48,2327,2379,2604,52,277
863,1,48,2349,2387,2607,38,258
769,3,48,2092,2293,2610,201,518
780,6,48,2123,2304,2613,181,490
805,7,48,2191,2329,2616,138,425
871,1,48,2371,2395,2619,24,248
879,1,48,2393,2403,2622,10,229
770,4,48,2095,2294,2625,199,530
788,6,48,2145,2312,2628,167,483
813,7,48,2212,2337,2631,125,419
887,1,48,2415,2416,2634,1,219
895,1,48,2436,2438,2637,2,201
777,3,48,2114,2301,2640,187,526
763,5,48,2076,2287,2643,211,567
821,7,48,2234,2345,2646,111,412
903,1,48,2458,2460,2649,2,191
911,1,48,2480,2482,2652,2,172
778,4,48,2117,2302,2655,185,538
796,6,48,2167,2320,2658,153,491
829,7,48,2256,2353,2661,97,405
919,1,48,2502,2503,2664,1,162
927,1,48,2524,2526,2667,2,143
785,3,48,2136,2309,2670,173,534
804,6,48,2189,2328,2673,139,484
837,7,48,2278,2361,2676,83,398
935,1,48,2545,2546,2679,1,134
943,1,48,2567,2569,2682,2,115
786,4,48,2139,2310,2685,171,546
771,5,48,2098,2295,2688,197,590
845,7,48,2300,2369,2691,69,391
951,1,48,2589,2590,2694,1,105
959,1,48,2611,2613,2697,2,86
793,3,48,2158,2317,2700,159,542
812,6,48,2210,2336,2703,126,493
853,7,48,2321,2377,2706,56,385
967,1,48,2633,2634,2709,1,76
975,1,48,2655,2656,2712,1,57
794,4,48,2161,2318,2715,157,554
820,6,48,2232,2344,2718,112,486
861,7,48,2343,2385,2721,42,378
983,1,48,2676,2677,2724,1,48
991,1,48,2698,2700,2727,2,29
801,3,48,2180,2325,2730,145,550
779,5,48,2120,2303,2733,183,613
869,7,48,2365,2393,2736,28,371
999,1,48,2720,2721,2739,1,19
736,2,48,2003,2260,2742,257,739
802,4,48,2183,2326,2745,143,562
828,6,48,2254,2352,2748,98,494
877,7,48,2387,2401,2751,14,364
744,2,48,2025,2268,2754,243,729
752,2,48,2047,2276,2757,229,710
809,3,48,2201,2333,2760,132,559
836,6,48,2276,2360,2763,84,487
885,7,48,2409,2410,2766,1,357
1007,1,48,2742,2743,2769,1,27
760,2,48,2068,2284,2772,216,704
810,4,48,2204,2334,2775,130,571
787,5,48,2142,2311,2778,169,636
893,7,48,2431,2432,2781,1,350
1015,1,48,2764,2766,2784,2,20
768,2,48,2090,2292,2787,202,697
817,3,48,2223,2341,2790,118,567
844,6,48,2298,2368,2793,70,495
901,7,48,2452,2453,2796,1,344
776,2,48,2112,2300,2799,188,687
1023,1,48,2785,2787,2802,2,17
818,4,48,2226,2342,2805,116,579
852,6,48,2319,2376,2808,57,489
909,7,48,2474,2476,2811,2,337
784,2,48,2134,2308,2814,174,680
792,2,48,2156,2316,2817,160,661
825,3,48,2245,2349,2820,104,575
795,5,48,2164,2319,2823,155,659
917,7,48,2496,2498,2826,2,330
1031,1,48,2807,2808,2829,1,22
800,2,48,2178,2324,2832,146,654
826,4,48,2248,2350,2835,102,587
860,6,48,2341,2384,2838,43,497
925,7,48,2518,2519,2841,1,323
808,2,48,2199,2332,2844,133,645
1039,1,48,2829,2831,2847,2,18
833,3,48,2267,2357,2850,90,583
868,6,48,2363,2392,2853,29,490
933,7,48,2540,2542,2856,2,316
816,2,48,2221,2340,2859,119,638
824,2,48,2243,2348,2862,105,619
834,4,48,2270,2358,2865,88,595
803,5,48,2186,2327,2868,141,682
941,7,48,2561,2563,2871,2,310
1047,1,48,2851,2853,2874,2,23
832,2,48,2265,2356,2877,91,612
841,3,48,2289,2365,2880,76,591
876,6,48,2385,2400,2883,15,498
949,7,48,2583,2584,2886,1,303
1055,1,48,2873,2874,2889,1,16
840,2,48,2287,2364,2892,77,605
842,4,48,2292,2366,2895,74,603
884,6,48,2407,2408,2898,1,491
957,7,48,2605,2606,2901,1,296
848,2,48,2308,2372,2904,64,596
856,2,48,2330,2380,2907,50,577
849,3,48,2310,2373,2910,63,600
811,5,48,2207,2335,2913,128,706
965,7,48,2627,2628,2916,1,289
1063,1,48,2895,2897,2919,2,24
864,2,48,2352,2388,2922,36,570
850,4,48,2313,2374,2925,61,612
892,6,48,2429,2431,2928,2,499
973,7,48,2649,2651,2931,2,282
1071,1,48,2916,2918,2934,2,18
872,2,48,2374,2396,2937,22,563
857,3,48,2332,2381,2940,49,608
900,6,48,2450,2452,2943,2,493
981,7,48,2671,2672,2946,1,275
880,2,48,2396,2404,2949,8,553
888,2,48,2418,2419,2952,1,534
858,4,48,2335,2382,2955,47,620
819,5,48,2229,2343,2958,114,729
989,7,48,2692,2693,2961,1,269
1079,1,48,2938,2940,2964,2,26
896,2,48,2439,2440,2967,1,528
865,3,48,2354,2389,2970,35,616
908,6,48,2472,2473,2973,1,501
997,7,48,2714,2715,2976,1,262
1087,1,48,2960,2961,2979,1,19
904,2,48,2461,2462,2982,1,521
866,4,48,2357,2390,2985,33,628
916,6,48,2494,2495,2988,1,494
1005,7,48,2736,2738,2991,2,255
912,2,48,2483,2485,2994,2,511
920,2,48,2505,2506,2997,1,492
873,3,48,2376,2397,3000,21,624
827,5,48,2251,2351,3003,100,752
1013,7,48,2758,2759,3006,1,248
1095,1,48,2982,2984,3009,2,27
928,2,48,2527,2528,3012,1,485
874,4,48,2379,2398,3015,19,636
924,6,48,2516,2518,3018,2,502
1021,7,48,2780,2781,3021,1,241
1103,1,48,3004,3006,3024,2,20
936,2,48,2548,2549,3027,1,479
881,3,48,2398,2405,3030,7,632
932,6,48,2538,2539,3033,1,495
1029,7,48,2801,2803,3036,2,235
944,2,48,2570,2572,3039,2,469
1111,1,48,3025,3026,3042,1,17
882,4,48,2401,2406,3045,5,644
835,5,48,2273,2359,3048,86,775
1037,7,48,2823,2824,3051,1,228
952,2,48,2592,2593,3054,1,462
960,2,48,2614,2616,3057,2,443
889,3,48,2420,2422,3060,2,640
940,6,48,2559,2560,3063,1,504
1045,7,48,2845,2847,3066,2,221
1119,1,48,3047,3048,3069,1,22
968,2,48,2636,2637,3072,1,436
890,4,48,2423,2425,3075,2,652
948,6,48,2581,2582,3078,1,497
1053,7,48,2867,2869,3081,2,214
976,2,48,2658,2660,3084,2,426
1127,1,48,3069,3070,3087,1,18
897,3,48,2441,2443,3090,2,649
843,5,48,2295,2367,3093,72,798
1061,7,48,2889,2890,3096,1,207
984,2,48,2679,2681,3099,2,420
992,2,48,2701,2702,3102,1,401
898,4,48,2444,2446,3105,2,661
956,6,48,2603,2605,3108,2,505
1069,7,48,2911,2913,3111,2,200
1135,1,48,3091,3093,3114,2,23
1000,2,48,2723,2724,3117,1,394
905,3,48,2463,2465,3120,2,657
964,6,48,2625,2626,3123,1,498
1077,7,48,2932,2934,3126,2,194
1143,1,48,3113,3114,3129,1,16
1008,2,48,2745,2747,3132,2,387
906,4,48,2466,2467,3135,1,669
851,5,48,2316,2375,3138,59,822
1085,7,48,2954,2956,3141,2,187
1016,2,48,2767,2768,3144,1,377
1024,2,48,2788,2790,3147,2,359
913,3,48,2485,2486,3150,1,665
972,6,48,2647,2648,3153,1,506
1093,7,48,2976,2977,3156,1,180
1151,1,48,3135,3136,3159,1,24
1032,2,48,2810,2811,3162,1,352
914,4,48,2488,2489,3165,1,677
980,6,48,2669,2670,3168,1,499
1101,7,48,2998,3000,3171,2,173
1159,1,48,3156,3157,3174,1,18
1040,2,48,2832,2833,3177,1,345
921,3,48,2507,2509,3180,2,673
859,5,48,2338,2383,3183,45,845
1109,7,48,3020,3022,3186,2,166
1048,2,48,2854,2856,3189,2,335
1056,2,48,2876,2877,3192,1,316
922,4,48,2510,2512,3195,2,685
988,6,48,2690,2691,3198,1,508
1117,7,48,3041,3042,3201,1,160
1167,1,48,3178,3180,3204,2,26
1064,2,48,2898,2899,3207,1,309
929,3,48,2529,2531,3210,2,681
996,6,48,2712,2714,3213,2,501
1125,7,48,3063,3065,3216,2,153
1175,1,48,3200,3201,3219,1,19
1072,2,48,2919,2920,3222,1,303
930,4,48,2532,2533,3225,1,693
867,5,48,2360,2391,3228,31,868
1133,7,48,3085,3086,3231,1,146
1080,2,48,2941,2943,3234,2,293
1088,2,48,2963,2964,3237,1,274
937,3,48,2550,2551,3240,1,690
1004,6,48,2734,2735,3243,1,509
1141,7,48,3107,3108,3246,1,139
1183,1,48,3222,3223,3249,1,27
1096,2,48,2985,2986,3252,1,267
938,4,48,2553,2554,3255,1,702
1012,6,48,2756,2757,3258,1,502
1149,7,48,3129,3131,3261,2,132
1191,1,48,3244,3246,3264,2,20
1104,2,48,3007,3009,3267,2,260
945,3,48,2572,2573,3270,1,698
875,5,48,2382,2399,3273,17,891
1157,7,48,3151,3152,3276,1,125
1112,2,48,3028,3030,3279,2,251
1199,1,48,3265,3267,3282,2,17
946,4,48,2575,2576,3285,1,710
1020,6,48,2778,2780,3288,2,510
1165,7,48,3172,3173,3291,1,119
1120,2,48,3050,3051,3294,1,244
1128,2,48,3072,3074,3297,2,225
953,3,48,2594,2596,3300,2,706
1028,6,48,2799,2800,3303,1,504
1173,7,48,3194,3195,3306,1,112
1207,1,48,3287,3288,3309,1,22
1136,2,48,3094,3095,3312,1,218
954,4,48,2597,2599,3315,2,718
883,5,48,2404,2407,3318,3,914
1181,7,48,3216,3218,3321,2,105
1144,2,48,3116,3117,3324,1,208
1215,1,48,3309,3311,3327,2,18
961,3,48,2616,2617,3330,1,714
1036,6,48,2821,2823,3333,2,512
1189,7,48,3238,3239,3336,1,98
1152,2,48,3138,3140,3339,2,201
1160,2,48,3159,3161,3342,2,183
962,4,48,2619,2621,3345,2,726
1044,6,48,2843,2844,3348,1,505
1197,7,48,3260,3261,3351,1,91
1223,1,48,3331,3333,3354,2,23
1168,2,48,3181,3182,3357,1,176
969,3,48,2638,2639,3360,1,722
891,5,48,2426,2428,3363,2,937
1205,7,48,3281,3283,3366,2,85
1231,1,48,3353,3354,3369,1,16
1176,2,48,3203,3204,3372,1,169
970,4,48,2641,2643,3375,2,734
1052,6,48,2865,2866,3378,1,513
1213,7,48,3303,3304,3381,1,78
1184,2,48,3225,3227,3384,2,159
1192,2,48,3247,3248,3387,1,140
977,3,48,2660,2661,3390,1,730
1060,6,48,2887,2889,3393,2,506
1221,7,48,3325,3327,3396,2,71
1239,1,48,3375,3377,3399,2,24
1200,2,48,3268,3270,3402,2,134
978,4,48,2663,2664,3405,1,742
899,5,48,2447,2449,3408,2,961
1229,7,48,3347,3349,3411,2,64
1247,1,48,3396,3398,3414,2,18
1208,2,48,3290,3291,3417,1,127
985,3,48,2681,2682,3420,1,739
1068,6,48,2909,2910,3423,1,514
1237,7,48,3369,3370,3426,1,57
1216,2,48,3312,3313,3429,1,117
1224,2,48,3334,3336,3432,2,98
986,4,48,2684,2685,3435,1,751
1076,6,48,2930,2931,3438,1,508
1245,7,48,3391,3393,3441,2,50
1255,1,48,3418,3420,3444,2,26
1232,2,48,3356,3357,3447,1,91
993,3,48,2703,2705,3450,2,747
907,5,48,2469,2470,3453,1,984
1253,7,48,3412,3414,3456,2,44
1263,1,48,3440,3441,3459,1,19
1240,2,48,3378,3379,3462,1,84
994,4,48,2706,2707,3465,1,759
1084,6,48,2952,2953,3468,1,516
1261,7,48,3434,3436,3471,2,37
1248,2,48,3399,3400,3474,1,75
1256,2,48,3421,3423,3477,2,56
1001,3,48,2725,2726,3480,1,755
1092,6,48,2974,2976,3483,2,509
1269,7,48,3456,3457,3486,1,30
1271,1,48,3462,3464,3489,2,27
1264,2,48,3443,3444,3492,1,49
1002,4,48,2728,2730,3495,2,767
915,5,48,2491,2493,3498,2,1007
1277,7,48,3478,3480,3501,2,23
1279,1,48,3484,3486,3504,2,20
1272,2,48,3465,3466,3507,1,42
1009,3,48,2747,2748,3510,1,763
1100,6,48,2996,2997,3513,1,517
742,8,48,2019,2266,3516,247,1497
1280,2,48,3487,3489,3519,2,32
1010,4,48,2750,2751,3522,1,772
1108,6,48,3018,3019,3525,1,507
1285,7,48,3500,3502,3528,2,28
1287,1,48,3505,3506,3531,1,26
1017,3,48,2769,2771,3534,2,765
923,5,48,2513,2515,3537,2,1024
1293,7,48,3521,3522,3540,1,19
1295,1,48,3527,3528,3543,1,16
1018,4,48,2772,2773,3546,1,774
1288,2,48,3508,3510,3549,2,41
1116,6,48,3039,3040,3552,1,513
750,8,48,2041,2274,3555,233,1514
1296,2,48,3530,3531,3558,1,28
1025,3,48,2790,2791,3561,1,771
1124,6,48,3061,3062,3564,1,503
1301,7,48,3543,3545,3567,2,24
1303,1,48,3549,3550,3570,1,21
1026,4,48,2793,2794,3573,1,780
931,5,48,2535,2536,3576,1,1041
758,8,48,2063,2282,3579,219,1516
1304,2,48,3552,3554,3582,2,30
1033,3,48,2812,2814,3585,2,773
1132,6,48,3083,3084,3588,1,505
1309,7,48,3565,3566,3591,1,26
1311,1,48,3571,3573,3594,2,23
1034,4,48,2815,2816,3597,1,782
1140,6,48,3105,3107,3600,2,495
1317,7,48,3587,3588,3603,1,16
1312,2,48,3574,3575,3606,1,32
1041,3,48,2834,2836,3609,2,775
939,5,48,2556,2557,3612,1,1056
766,8,48,2084,2290,3615,206,1531
1319,1,48,3593,3594,3618,1,25
1042,4,48,2837,2838,3621,1,784
1148,6,48,3127,3128,3624,1,497
1325,7,48,3609,3611,3627,2,18
1320,2,48,3596,3597,3630,1,34
1049,3,48,2856,2857,3633,1,777
1327,1,48,3615,3616,3636,1,21
1156,6,48,3149,3150,3639,1,490
774,8,48,2106,2298,3642,192,1536
1328,2,48,3618,3620,3645,2,27
1050,4,48,2859,2860,3648,1,789
947,5,48,2578,2580,3651,2,1073
1333,7,48,3631,3632,3654,1,23
1335,1,48,3636,3637,3657,1,21
1057,3,48,2878,2880,3660,2,782
1164,6,48,3170,3171,3663,1,493
782,8,48,2128,2306,3666,178,1538
1336,2,48,3639,3641,3669,2,30
1058,4,48,2881,2882,3672,1,791
1172,6,48,3192,3194,3675,2,483
1341,7,48,3652,3653,3678,1,26
1343,1,48,3658,3660,3681,2,23
1065,3,48,2900,2902,3684,2,784
955,5,48,2600,2602,3687,2,1087
1349,7,48,3674,3675,3690,1,16
1344,2,48,3661,3662,3693,1,32
1066,4,48,2903,2904,3696,1,793
1180,6,48,3214,3215,3699,1,485
790,8,48,2150,2314,3702,164,1552
1351,1,48,3680,3681,3705,1,25
1073,3,48,2921,2923,3708,2,787
1188,6,48,3236,3237,3711,1,475
1357,7,48,3696,3698,3714,2,18
1352,2,48,3683,3684,3717,1,34
1074,4,48,2924,2925,3720,1,796
1359,1,48,3702,3703,3723,1,21
963,5,48,2622,2623,3726,1,1104
798,8,48,2172,2322,3729,150,1557
1360,2,48,3705,3707,3732,2,27
1081,3,48,2943,2944,3735,1,792
1196,6,48,3258,3260,3738,2,480
1365,7,48,3718,3719,3741,1,23
1082,4,48,2946,2947,3744,1,798
1367,1,48,3724,3726,3747,2,23
1204,6,48,3279,3280,3750,1,471
806,8,48,2194,2330,3753,136,1559
1368,2,48,3727,3728,3756,1,29
1089,3,48,2965,2967,3759,2,794
971,5,48,2644,2646,3762,2,1118
1373,7,48,3740,3741,3765,1,25
1375,1,48,3745,3747,3768,2,23
1090,4,48,2968,2969,3771,1,803
1212,6,48,3301,3303,3774,2,473
814,8,48,2215,2338,3777,123,1562
1376,2,48,3748,3750,3780,2,32
1097,3,48,2987,2989,3783,2,796
1220,6,48,3323,3324,3786,1,463
1381,7,48,3761,3763,3789,2,28
1383,1,48,3767,3768,3792,1,25
1098,4,48,2990,2991,3795,1,805
979,5,48,2666,2667,3798,1,1132
1389,7,48,3783,3784,3801,1,18
1384,2,48,3770,3771,3804,1,34
1105,3,48,3009,3010,3807,1,798
1228,6,48,3345,3346,3810,1,465
822,8,48,2237,2346,3813,109,1576
1391,1,48,3789,3791,3816,2,27
1106,4,48,3012,3013,3819,1,807
1236,6,48,3367,3369,3822,2,455
1397,7,48,3805,3807,3825,2,20
1399,1,48,3811,3813,3828,2,17
1113,3,48,3030,3031,3831,1,801
1392,2,48,3792,3793,3834,1,42
987,5,48,2687,2688,3837,1,1150
830,8,48,2259,2354,3840,95,1581
1400,2,48,3814,3816,3843,2,29
1114,4,48,3033,3035,3846,2,813
1244,6,48,3389,3390,3849,1,460
1405,7,48,3827,3829,3852,2,25
1407,1,48,3833,3834,3855,1,22
1121,3,48,3052,3053,3858,1,806
1252,6,48,3410,3411,3861,1,451
838,8,48,2281,2362,3864,81,1583
1408,2,48,3836,3837,3867,1,31
1122,4,48,3055,3057,3870,2,815
995,5,48,2709,2710,3873,1,1164
1413,7,48,3849,3850,3876,1,27
1415,1,48,3855,3857,3879,2,24
1129,3,48,3074,3075,3882,1,808
1260,6,48,3432,3433,3885,1,453
1421,7,48,3871,3873,3888,2,17
1416,2,48,3858,3859,3891,1,33
1130,4,48,3077,3078,3894,1,817
1268,6,48,3454,3456,3897,2,443
846,8,48,2303,2370,3900,67,1597
1423,1,48,3876,3878,3903,2,27
1137,3,48,3096,3098,3906,2,810
1003,5,48,2731,2733,3909,2,1178
1429,7,48,3892,3894,3912,2,20
1431,1,48,3898,3900,3915,2,17
1138,4,48,3099,3100,3918,1,819
1424,2,48,3879,3880,3921,1,42
1276,6,48,3476,3477,3924,1,448
854,8,48,2324,2378,3927,54,1603
1432,2,48,3901,3903,3930,2,29
1145,3,48,3118,3119,3933,1,815
1284,6,48,3498,3499,3936,1,438
1437,7,48,3914,3916,3939,2,25
1439,1,48,3920,3921,3942,1,22
1146,4,48,3121,3123,3945,2,824
1011,5,48,2753,2754,3948,1,1195
862,8,48,2346,2386,3951,40,1605
1440,2,48,3923,3924,3954,1,31
1153,3,48,3140,3141,3957,1,817
1292,6,48,3519,3520,3960,1,441
1445,7,48,3936,3937,3963,1,27
1447,1,48,3942,3944,3966,2,24
1154,4,48,3143,3144,3969,1,826
1300,6,48,3541,3542,3972,1,431
1453,7,48,3958,3960,3975,2,17
1448,2,48,3945,3946,3978,1,33
1161,3,48,3161,3162,3981,1,820
1019,5,48,2775,2776,3984,1,1209
870,8,48,2368,2394,3987,26,1619
1455,1,48,3964,3966,3990,2,26
1162,4,48,3164,3165,3993,1,829
1308,6,48,3563,3564,3996,1,433
1461,7,48,3980,3982,3999,2,19
1463,1,48,3985,3986,4002,1,17
1456,2,48,3967,3969,4005,2,38
1169,3,48,3183,3185,4008,2,825
1316,6,48,3585,3587,4011,2,426
878,8,48,2390,2402,4014,12,1624
1464,2,48,3988,3990,4017,2,29
1170,4,48,3186,3187,4020,1,834
1027,5,48,2796,2798,4023,2,1227
1469,7,48,4001,4002,4026,1,25
1471,1,48,4007,4008,4029,1,22
1177,3,48,3205,3206,4032,1,827
1324,6,48,3607,3608,4035,1,428
886,8,48,2412,2413,4038,1,1626
1472,2,48,4010,4011,4041,1,31
1178,4,48,3208,3210,4044,2,836
1332,6,48,3629,3630,4047,1,418
1477,7,48,4023,4025,4050,2,27
1479,1,48,4029,4030,4053,1,24
1185,3,48,3227,3228,4056,1,829
1035,5,48,2818,2820,4059,2,1241
1485,7,48,4045,4046,4062,1,17
1480,2,48,4032,4034,4065,2,33
1186,4,48,3230,3231,4068,1,838
1340,6,48,3650,3651,4071,1,421
894,8,48,2434,2435,4074,1,1640
1487,1,48,4051,4053,4077,2,26
1193,3,48,3249,3251,4080,2,831
1348,6,48,3672,3674,4083,2,411
1493,7,48,4067,4068,4086,1,19
1495,1,48,4073,4074,4089,1,16
1194,4,48,3252,3253,4092,1,840
1488,2,48,4054,4055,4095,1,41
1043,5,48,2840,2841,4098,1,1258
902,8,48,2455,2456,4101,1,1646
1496,2,48,4076,4077,4104,1,28
1201,3,48,3270,3271,4107,1,837
1356,6,48,3694,3695,4110,1,416
1501,7,48,4089,4091,4113,2,24
1503,1,48,4095,4096,4116,1,21
1202,4,48,3273,3274,4119,1,846
1364,6,48,3716,3717,4122,1,406
910,8,48,2477,2479,4125,2,1648
1504,2,48,4098,4100,4128,2,30
1209,3,48,3292,3294,4131,2,839
1051,5,48,2862,2864,4134,2,1272
1509,7,48,4111,4112,4137,1,26
1511,1,48,4116,4117,4140,1,24
1210,4,48,3295,3296,4143,1,848
1372,6,48,3738,3740,4146,2,408
1517,7,48,4132,4133,4149,1,17
1512,2,48,4119,4121,4152,2,33
1217,3,48,3314,3316,4155,2,841
1380,6,48,3759,3760,4158,1,399
918,8,48,2499,2500,4161,1,1662
1519,1,48,4138,4140,4164,2,26
1218,4,48,3317,3318,4167,1,850
1059,5,48,2884,2886,4170,2,1286
1525,7,48,4154,4155,4173,1,19
1527,1,48,4160,4161,4176,1,16
1225,3,48,3336,3337,4179,1,843
1520,2,48,4141,4142,4182,1,41
1388,6,48,3781,3783,4185,2,404
926,8,48,2521,2522,4188,1,1667
1528,2,48,4163,4164,4191,1,28
1226,4,48,3339,3340,4194,1,855
1396,6,48,3803,3804,4197,1,394
1533,7,48,4176,4178,4200,2,24
1535,1,48,4182,4183,4203,1,21
1233,3,48,3358,3360,4206,2,848
1067,5,48,2906,2907,4209,1,1303
934,8,48,2543,2545,4212,2,1669
1536,2,48,4185,4187,4215,2,30
1234,4,48,3361,3362,4218,1,857
1404,6,48,3825,3826,4221,1,396
1541,7,48,4198,4199,4224,1,26
1543,1,48,4204,4206,4227,2,23
1241,3,48,3380,3382,4230,2,850
1412,6,48,3847,3849,4233,2,386
1549,7,48,4220,4221,4236,1,16
1544,2,48,4207,4208,4239,1,32
1242,4,48,3383,3384,4242,1,859
1075,5,48,2927,2928,4245,1,1318
942,8,48,2564,2566,4248,2,1684
1551,1,48,4225,4227,4251,2,26
1249,3,48,3401,3403,4254,2,853
1420,6,48,3869,3870,4257,1,388
1557,7,48,4241,4243,4260,2,19
1559,1,48,4247,4248,4263,1,16
1250,4,48,3404,3405,4266,1,862
1552,2,48,4228,4230,4269,2,41
1428,6,48,3890,3891,4272,1,382
950,8,48,2586,2587,4275,1,1689
1560,2,48,4250,4251,4278,1,28
1257,3,48,3423,3424,4281,1,858
1083,5,48,2949,2951,4284,2,1335
1565,7,48,4263,4264,4287,1,24
1567,1,48,4269,4271,4290,2,21
1258,4,48,3426,3427,4293,1,867
1436,6,48,3912,3913,4296,1,384
958,8,48,2608,2609,4299,1,1691
1568,2,48,4272,4273,4302,1,30
1265,3,48,3445,3447,4305,2,860
1444,6,48,3934,3936,4308,2,374
1573,7,48,4285,4287,4311,2,26
1575,1,48,4291,4293,4314,2,23
1266,4,48,3448,3449,4317,1,869
1091,5,48,2971,2973,4320,2,1349
966,8,48,2630,2631,4323,1,1693
1576,2,48,4294,4296,4326,2,32
1273,3,48,3467,3469,4329,2,862
1452,6,48,3956,3957,4332,1,376
1581,7,48,4307,4309,4335,2,28
1583,1,48,4313,4314,4338,1,25
1274,4,48,3470,3471,4341,1,871
1460,6,48,3978,3979,4344,1,366
1589,7,48,4329,4330,4347,1,18
1584,2,48,4316,4317,4350,1,34
1281,3,48,3489,3490,4353,1,864
1099,5,48,2993,2994,4356,1,1363
974,8,48,2652,2653,4359,1,1707
1591,1,48,4335,4337,4362,2,27
1282,4,48,3492,3493,4365,1,873
1468,6,48,3999,4000,4368,1,369
1597,7,48,4351,4353,4371,2,20
1599,1,48,4356,4358,4374,2,18
1592,2,48,4338,4339,4377,1,39
1289,3,48,3510,3511,4380,1,870
1476,6,48,4021,4022,4383,1,362
982,8,48,2674,2676,4386,2,1712
1600,2,48,4359,4360,4389,1,30
1290,4,48,3513,3515,4392,2,879
1107,5,48,3015,3017,4395,2,1380
1605,7,48,4372,4374,4398,2,26
1607,1,48,4378,4380,4401,2,23
1297,3,48,3532,3533,4404,1,872
1484,6,48,4043,4044,4407,1,364
990,8,48,2695,2697,4410,2,1715
1608,2,48,4381,4383,4413,2,32
1298,4,48,3535,3537,4416,2,881
1492,6,48,4065,4067,4419,2,354
1613,7,48,4394,4396,4422,2,28
1615,1,48,4400,4401,4425,1,25
1305,3,48,3554,3555,4428,1,874
1115,5,48,3036,3037,4431,1,1395
1621,7,48,4416,4417,4434,1,18
1616,2,48,4403,4404,4437,1,34
1306,4,48,3557,3558,4440,1,883
1500,6,48,4087,4088,4443,1,356
998,8,48,2717,2718,4446,1,1729
1623,1,48,4422,4424,4449,2,27
1313,3,48,3576,3578,4452,2,876
1508,6,48,4109,4110,4455,1,346
1629,7,48,4438,4440,4458,2,20
1631,1,48,4444,4446,4461,2,17
1314,4,48,3579,3580,4464,1,885
1624,2,48,4425,4426,4467,1,42
1123,5,48,3058,3060,4470,2,1412
1006,8,48,2739,2740,4473,1,1734
1632,2,48,4447,4449,4476,2,29
1321,3,48,3598,3599,4479,1,881
1516,6,48,4130,4131,4482,1,352
1637,7,48,4460,4462,4485,2,25
1639,1,48,4465,4466,4488,1,23
1322,4,48,3601,3603,4491,2,890
1524,6,48,4152,4154,4494,2,342
1645,7,48,4481,4482,4497,1,16
1640,2,48,4468,4470,4500,2,32
1329,3,48,3620,3621,4503,1,883
1131,5,48,3080,3081,4506,1,1426
1014,8,48,2761,2763,4509,2,1748
1647,1,48,4487,4488,4512,1,25
1330,4,48,3623,3624,4515,1,892
1532,6,48,4174,4175,4518,1,344
1653,7,48,4503,4505,4521,2,18
1648,2,48,4490,4491,4524,1,34
1337,3,48,3641,3642,4527,1,886
1655,1,48,4509,4510,4530,1,21
1540,6,48,4196,4197,4533,1,337
1022,8,48,2783,2784,4536,1,1753
1656,2,48,4512,4514,4539,2,27
1338,4,48,3644,3645,4542,1,898
1139,5,48,3102,3103,4545,1,1443
1661,7,48,4525,4526,4548,1,23
1345,3,48,3663,3665,4551,2,888
1663,1,48,4531,4533,4554,2,23
1548,6,48,4218,4220,4557,2,339
1030,8,48,2804,2805,4560,1,1756
1664,2,48,4534,4535,4563,1,29
1346,4,48,3666,3667,4566,1,900
1556,6,48,4239,4240,4569,1,330
1669,7,48,4547,4548,4572,1,25
1671,1,48,4553,4554,4575,1,22
1353,3,48,3685,3686,4578,1,893
1147,5,48,3124,3126,4581,2,1457
1038,8,48,2826,2827,4584,1,1758
1672,2,48,4556,4557,4587,1,31
1354,4,48,3688,3690,4590,2,902
1564,6,48,4261,4263,4593,2,332
1677,7,48,4569,4571,4596,2,27
1679,1,48,4575,4576,4599,1,24
1361,3,48,3707,3708,4602,1,895
1572,6,48,4283,4284,4605,1,322
1685,7,48,4591,4592,4608,1,17
1680,2,48,4578,4580,4611,2,33
1362,4,48,3710,3711,4614,1,904
1687,1,48,4596,4597,4617,1,21
1155,5,48,3146,3147,4620,1,1474
1046,8,48,2848,2849,4623,1,1775
1688,2,48,4599,4601,4626,2,27
1369,3,48,3729,3731,4629,2,900
1580,6,48,4305,4306,4632,1,327
1693,7,48,4612,4613,4635,1,23
1370,4,48,3732,3733,4638,1,906
1695,1,48,4618,4620,4641,2,23
1588,6,48,4327,4329,4644,2,317
1054,8,48,2870,2871,4647,1,1777
1696,2,48,4621,4622,4650,1,29
1377,3,48,3750,3751,4653,1,903
1163,5,48,3167,3168,4656,1,1489
1701,7,48,4634,4635,4659,1,25
1703,1,48,4640,4641,4662,1,22
1378,4,48,3753,3754,4665,1,912
1596,6,48,4349,4350,4668,1,319
1062,8,48,2892,2893,4671,1,1779
1704,2,48,4643,4644,4674,1,31
1385,3,48,3772,3774,4677,2,905
1604,6,48,4370,4371,4680,1,310
1709,7,48,4656,4658,4683,2,27
1711,1,48,4662,4663,4686,1,24
1386,4,48,3775,3776,4689,1,914
1171,5,48,3189,3190,4692,1,1503
1717,7,48,4678,4679,4695,1,17
1712,2,48,4665,4667,4698,2,33
1393,3,48,3794,3796,4701,2,907
1612,6,48,4392,4393,4704,1,312
1070,8,48,2914,2915,4707,1,1793
1719,1,48,4684,4686,4710,2,26
1394,4,48,3797,3798,4713,1,916
1620,6,48,4414,4416,4716,2,302
1725,7,48,4700,4701,4719,1,19
1727,1,48,4705,4707,4722,2,17
1401,3,48,3816,3817,4725,1,909
1720,2,48,4687,4688,4728,1,41
1179,5,48,3211,3213,4731,2,1520
1078,8,48,2935,2936,4734,1,1799
1728,2,48,4708,4710,4737,2,29
1402,4,48,3819,3820,4740,1,921
1628,6,48,4436,4437,4743,1,307
1733,7,48,4721,4723,4746,2,25
1735,1,48,4727,4728,4749,1,22
1409,3,48,3838,3840,4752,2,914
1636,6,48,4458,4459,4755,1,297
1086,8,48,2957,2958,4758,1,1801
1736,2,48,4730,4731,4761,1,31
1410,4,48,3841,3842,4764,1,923
1187,5,48,3233,3234,4767,1,1534
1741,7,48,4743,4744,4770,1,27
1743,1,48,4749,4751,4773,2,24
1417,3,48,3860,3862,4776,2,916
1644,6,48,4479,4480,4779,1,300
1749,7,48,4765,4767,4782,2,17
1744,2,48,4752,4753,4785,1,33
1418,4,48,3863,3864,4788,1,925
1652,6,48,4501,4502,4791,1,290
1094,8,48,2979,2980,4794,1,1815
1751,1,48,4771,4773,4797,2,26
1425,3,48,3881,3883,4800,2,919
1195,5,48,3255,3256,4803,1,1548
1757,7,48,4787,4789,4806,2,19
1759,1,48,4793,4794,4809,1,16
1426,4,48,3884,3885,4812,1,928
1752,2,48,4774,4776,4815,2,41
1660,6,48,4523,4524,4818,1,295
1102,8,48,3001,3002,4821,1,1820
1760,2,48,4796,4797,4824,1,28
1433,3,48,3903,3904,4827,1,924
1668,6,48,4545,4547,4830,2,285
1765,7,48,4809,4810,4833,1,24
1767,1,48,4815,4817,4836,2,21
1434,4,48,3906,3907,4839,1,933
1203,5,48,3276,3278,4842,2,1566
1110,8,48,3023,3024,4845,1,1822
1768,2,48,4818,4819,4848,1,30
1441,3,48,3925,3927,4851,2,926
1676,6,48,4567,4568,4854,1,287
1773,7,48,4831,4833,4857,2,26
1775,1,48,4836,4838,4860,2,24
1442,4,48,3928,3929,4863,1,935
1684,6,48,4589,4590,4866,1,277
1781,7,48,4852,4854,4869,2,17
1776,2,48,4839,4840,4872,1,33
1449,3,48,3947,3949,4875,2,928
1211,5,48,3298,3300,4878,2,1580
1118,8,48,3044,3045,4881,1,1837
1783,1,48,4858,4860,4884,2,26
1450,4,48,3950,3951,4887,1,937
1692,6,48,4610,4611,4890,1,280
1789,7,48,4874,4876,4893,2,19
1791,1,48,4880,4881,4896,1,16
1457,3,48,3969,3970,4899,1,930
1784,2,48,4861,4863,4902,2,41
1700,6,48,4632,4634,4905,2,273
1126,8,48,3066,3067,4908,1,1842
1792,2,48,4883,4884,4911,1,28
1458,4,48,3972,3973,4914,1,942
1219,5,48,3320,3321,4917,1,1597
1797,7,48,4896,4897,4920,1,24
1799,1,48,4902,4904,4923,2,21
1465,3,48,3990,3991,4926,1,936
1708,6,48,4654,4655,4929,1,275
1134,8,48,3088,3090,4932,2,1844
1800,2,48,4905,4906,4935,1,30
1466,4,48,3993,3995,4938,2,945
1716,6,48,4676,4677,4941,1,265
1805,7,48,4918,4920,4944,2,26
1807,1,48,4924,4926,4947,2,23
1473,3,48,4012,4013,4950,1,938
1227,5,48,3342,3344,4953,2,1611
1142,8,48,3110,3111,4956,1,1846
1808,2,48,4927,4929,4959,2,32
1474,4,48,4015,4017,4962,2,947
1724,6,48,4698,4700,4965,2,267
1813,7,48,4940,4942,4968,2,28
1815,1,48,4945,4946,4971,1,26
1481,3,48,4034,4035,4974,1,940
1732,6,48,4719,4720,4977,1,258
1821,7,48,4961,4962,4980,1,19
1823,1,48,4967,4968,4983,1,16
1482,4,48,4037,4038,4986,1,949
1816,2,48,4948,4950,4989,2,41
1235,5,48,3364,3366,4992,2,1628
1150,8,48,3132,3133,4995,1,1863
1824,2,48,4970,4971,4998,1,28
1489,3,48,4056,4058,5001,2,945
1740,6,48,4741,4743,5004,2,263
1829,7,48,4983,4985,5007,2,24
1831,1,48,4989,4990,5010,1,21
1490,4,48,4059,4060,5013,1,954
1748,6,48,4763,4764,5016,1,253
1158,8,48,3154,3156,5019,2,1865
1832,2,48,4992,4994,5022,2,30
1497,3,48,4078,4079,5025,1,947
1243,5,48,3386,3387,5028,1,1642
1837,7,48,5005,5006,5031,1,26
1839,1,48,5011,5013,5034,2,23
1498,4,48,4081,4083,5037,2,956
1756,6,48,4785,4786,5040,1,255
1845,7,48,5027,5028,5043,1,16
1840,2,48,5014,5015,5046,1,32
1505,3,48,4100,4101,5049,1,949
1764,6,48,4807,4809,5052,2,245
1166,8,48,3175,3177,5055,2,1880
1847,1,48,5033,5034,5058,1,25
1506,4,48,4103,4104,5061,1,958
1251,5,48,3407,3408,5064,1,1657
1853,7,48,5049,5051,5067,2,18
1848,2,48,5036,5037,5070,1,34
1513,3,48,4121,4122,5073,1,952
1855,1,48,5055,5056,5076,1,21
1772,6,48,4829,4830,5079,1,250
1174,8,48,3197,3198,5082,1,1885
1856,2,48,5058,5060,5085,2,27
1514,4,48,4124,4125,5088,1,964
1780,6,48,4850,4851,5091,1,241
1861,7,48,5071,5072,5094,1,23
1863,1,48,5076,5077,5097,1,21
1521,3,48,4143,4145,5100,2,957
1259,5,48,3429,3431,5103,2,1674
1182,8,48,3219,3220,5106,1,1887
1864,2,48,5079,5081,5109,2,30
1522,4,48,4146,4147,5112,1,966
1788,6,48,4872,4873,5115,1,243
1869,7,48,5092,5093,5118,1,26
1871,1,48,5098,5100,5121,2,23
1529,3,48,4165,4166,5124,1,959
1796,6,48,4894,4896,5127,2,233
1877,7,48,5114,5115,5130,1,16
1872,2,48,5101,5102,5133,1,32
1530,4,48,4168,4170,5136,2,968
1267,5,48,3451,3453,5139,2,1688
1190,8,48,3241,3243,5142,2,1901
1879,1,48,5120,5121,5145,1,25
1537,3,48,4187,4188,5148,1,961
1804,6,48,4916,4917,5151,1,235
1885,7,48,5136,5138,5154,2,18
1880,2,48,5123,5124,5157,1,34
1538,4,48,4190,4191,5160,1,970
1887,1,48,5142,5143,5163,1,21
1812,6,48,4938,4939,5166,1,228
1198,8,48,3263,3264,5169,1,1906
1888,2,48,5145,5147,5172,2,27
1545,3,48,4209,4211,5175,2,966
1275,5,48,3473,3474,5178,1,1705
1893,7,48,5158,5159,5181,1,23
1546,4,48,4212,4213,5184,1,972
1895,1,48,5164,5166,5187,2,23
1820,6,48,4959,4960,5190,1,231
1206,8,48,3284,3285,5193,1,1909
1896,2,48,5167,5168,5196,1,29
1553,3,48,4230,4231,5199,1,969
1828,6,48,4981,4982,5202,1,221
1901,7,48,5180,5181,5205,1,25
1903,1,48,5185,5187,5208,2,23
1554,4,48,4233,4234,5211,1,978
1283,5,48,3495,3497,5214,2,1719
1214,8,48,3306,3307,5217,1,1911
1904,2,48,5188,5190,5220,2,32
1561,3,48,4252,4254,5223,2,971
1836,6,48,5003,5004,5226,1,223
1909,7,48,5201,5203,5229,2,28
1911,1,48,5207,5208,5232,1,25
1562,4,48,4255,4256,5235,1,980
1844,6,48,5025,5027,5238,2,213
1917,7,48,5223,5224,5241,1,18
1912,2,48,5210,5211,5244,1,34
1569,3,48,4274,4276,5247,2,973
1291,5,48,3516,3517,5250,1,1734
1222,8,48,3328,3329,5253,1,1925
1919,1,48,5229,5231,5256,2,27
1570,4,48,4277,4278,5259,1,982
1852,6,48,5047,5048,5262,1,215
1925,7,48,5245,5247,5265,2,20
1927,1,48,5251,5253,5268,2,17
1577,3,48,4296,4297,5271,1,975
1920,2,48,5232,5233,5274,1,42
1860,6,48,5069,5070,5277,1,208
1230,8,48,3350,3351,5280,1,1930
1928,2,48,5254,5256,5283,2,29
1578,4,48,4299,4300,5286,1,987
1299,5,48,3538,3540,5289,2,1751
1933,7,48,5267,5269,5292,2,25
1935,1,48,5273,5274,5295,1,22
1585,3,48,4318,4320,5298,2,980
1868,6,48,5090,5091,5301,1,211
1238,8,48,3372,3373,5304,1,1932
1936,2,48,5276,5277,5307,1,31
1586,4,48,4321,4322,5310,1,989
1876,6,48,5112,5114,5313,2,201
1941,7,48,5289,5290,5316,1,27
1943,1,48,5295,5297,5319,2,24
1593,3,48,4340,4342,5322,2,982
1307,5,48,3560,3561,5325,1,1765
1949,7,48,5311,5313,5328,2,17
1944,2,48,5298,5299,5331,1,33
1594,4,48,4343,4344,5334,1,991
1884,6,48,5134,5135,5337,1,203
1246,8,48,3394,3395,5340,1,1946
1951,1,48,5316,5318,5343,2,27
1601,3,48,4361,4363,5346,2,985
1892,6,48,5156,5157,5349,1,193
1957,7,48,5332,5334,5352,2,20
1959,1,48,5338,5340,5355,2,17
1602,4,48,4364,4365,5358,1,994
1952,2,48,5319,5320,5361,1,42
1315,5,48,3582,3583,5364,1,1782
1254,8,48,3415,3416,5367,1,1952
1960,2,48,5341,5343,5370,2,29
1609,3,48,4383,4384,5373,1,990
1900,6,48,5178,5180,5376,2,198
1965,7,48,5354,5356,5379,2,25
1967,1,48,5360,5361,5382,1,22
1610,4,48,4386,4387,5385,1,999
1908,6,48,5199,5200,5388,1,189
1262,8,48,3437,3438,5391,1,1954
1968,2,48,5363,5364,5394,1,31
1617,3,48,4405,4407,5397,2,992
1323,5,48,3604,3606,5400,2,1796
1973,7,48,5376,5377,5403,1,27
1975,1,48,5382,5384,5406,2,24
1618,4,48,4408,4409,5409,1,1001
1916,6,48,5221,5223,5412,2,191
1981,7,48,5398,5400,5415,2,17
1976,2,48,5385,5386,5418,1,33
1625,3,48,4427,4429,5421,2,994
1924,6,48,5243,5244,5424,1,181
1270,8,48,3459,3460,5427,1,1968
1983,1,48,5404,5406,5430,2,26
1626,4,48,4430,4431,5433,1,1003
1331,5,48,3626,3627,5436,1,1810
1989,7,48,5420,5422,5439,2,19
1991,1,48,5425,5426,5442,1,17
1984,2,48,5407,5409,5445,2,38
1633,3,48,4449,4450,5448,1,999
1932,6,48,5265,5266,5451,1,186
1278,8,48,3481,3482,5454,1,1973
1992,2,48,5428,5430,5457,2,29
1634,4,48,4452,4453,5460,1,1008
1940,6,48,5287,5289,5463,2,176
1997,7,48,5441,5442,5466,1,25
1999,1,48,5447,5448,5469,1,22
1641,3,48,4470,4471,5472,1,1002
1339,5,48,3647,3648,5475,1,1828
1286,8,48,3503,3504,5478,1,1975
2000,2,48,5450,5451,5481,1,31
1642,4,48,4473,4475,5484,2,1011
1948,6,48,5309,5310,5487,1,178
2005,7,48,5463,5465,5490,2,27
2007,1,48,5469,5470,5493,1,24
1649,3,48,4492,4493,5496,1,1004
1956,6,48,5330,5331,5499,1,169
2013,7,48,5485,5486,5502,1,17
2008,2,48,5472,5474,5505,2,33
1650,4,48,4495,4497,5508,2,1013
1347,5,48,3669,3670,5511,1,1842
1294,8,48,3524,3525,5514,1,1990
2015,1,48,5491,5493,5517,2,26
1657,3,48,4514,4515,5520,1,1006
1964,6,48,5352,5353,5523,1,171
2021,7,48,5507,5508,5526,1,19
2023,1,48,5513,5514,5529,1,16
1658,4,48,4517,4518,5532,1,1015
2016,2,48,5494,5495,5535,1,41
1972,6,48,5374,5376,5538,2,164
1302,8,48,3546,3547,5541,1,1995
2024,2,48,5516,5517,5544,1,28
1665,3,48,4536,4538,5547,2,1011
1355,5,48,3691,3693,5550,2,1859
2029,7,48,5529,5531,5553,2,24
2031,1,48,5535,5536,5556,1,21
1666,4,48,4539,4540,5559,1,1020
1980,6,48,5396,5397,5562,1,166
1310,8,48,3568,3570,5565,2,1997
2032,2,48,5538,5540,5568,2,30
1673,3,48,4558,4559,5571,1,1013
1988,6,48,5418,5419,5574,1,156
2037,7,48,5551,5552,5577,1,26
2039,1,48,5556,5557,5580,1,24
1674,4,48,4561,4563,5583,2,1022
1363,5,48,3713,3714,5586,1,1873
2045,7,48,5572,5573,5589,1,17
2040,2,48,5559,5561,5592,2,33
1681,3,48,4580,4581,5595,1,1015
1996,6,48,5439,5440,5598,1,159
1318,8,48,3590,3591,5601,1,2011
2047,1,48,5578,5580,5604,2,26
1682,4,48,4583,4584,5607,1,1024
2004,6,48,5461,5462,5610,1,149
2053,7,48,5594,5595,5613,1,19
2055,1,48,5600,5601,5616,1,16
1689,3,48,4601,4602,5619,1,1018
2048,2,48,5581,5582,5622,1,41
1371,5,48,3735,3736,5625,1,1890
1326,8,48,3612,3613,5628,1,2016
2056,2,48,5603,5604,5631,1,28
1690,4,48,4604,4605,5634,1,1030
2012,6,48,5483,5484,5637,1,154
2061,7,48,5616,5618,5640,2,24
2063,1,48,5622,5623,5643,1,21
1697,3,48,4623,4625,5646,2,1023
2020,6,48,5505,5507,5649,2,144
1334,8,48,3634,3636,5652,2,2018
2064,2,48,5625,5627,5655,2,30
1698,4,48,4626,4627,5658,1,1032
1379,5,48,3756,3758,5661,2,1905
2069,7,48,5638,5639,5664,1,26
2071,1,48,5644,5646,5667,2,23
1705,3,48,4645,4646,5670,1,1025
2028,6,48,5527,5528,5673,1,146
2077,7,48,5660,5661,5676,1,16
2072,2,48,5647,5648,5679,1,32
1706,4,48,4648,4650,5682,2,1034
2036,6,48,5549,5550,5685,1,136
1342,8,48,3655,3657,5688,2,2033
2079,1,48,5665,5667,5691,2,26
1713,3,48,4667,4668,5694,1,1027
1387,5,48,3778,3780,5697,2,1919
2085,7,48,5681,5683,5700,2,19
2087,1,48,5687,5688,5703,1,16
1714,4,48,4670,4671,5706,1,1036
2080,2,48,5668,5670,5709,2,41
2044,6,48,5570,5571,5712,1,142
1350,8,48,3677,3678,5715,1,2038
2088,2,48,5690,5691,5718,1,28
1721,3,48,4689,4691,5721,2,1032
2052,6,48,5592,5594,5724,2,132
2093,7,48,5703,5704,5727,1,24
2095,1,48,5709,5711,5730,2,21
1722,4,48,4692,4693,5733,1,1041
1395,5,48,3800,3801,5736,1,1936
1358,8,48,3699,3700,5739,1,2040
2096,2,48,5712,5713,5742,1,30
1729,3,48,4710,4711,5745,1,1035
2060,6,48,5614,5615,5748,1,134
2101,7,48,5725,5727,5751,2,26
2103,1,48,5731,5733,5754,2,23
1730,4,48,4713,4714,5757,1,1044
2068,6,48,5636,5637,5760,1,124
1366,8,48,3721,3723,5763,2,2042
2104,2,48,5734,5736,5766,2,32
1737,3,48,4732,4734,5769,2,1037
1403,5,48,3822,3824,5772,2,1950
2109,7,48,5747,5749,5775,2,28
2111,1,48,5753,5754,5778,1,25
1738,4,48,4735,4736,5781,1,1046
2076,6,48,5658,5660,5784,2,126
2117,7,48,5769,5770,5787,1,18
2112,2,48,5756,5757,5790,1,34
1745,3,48,4754,4756,5793,2,1039
2084,6,48,5679,5680,5796,1,117
1374,8,48,3743,3744,5799,1,2056
2119,1,48,5775,5777,5802,2,27
1746,4,48,4757,4758,5805,1,1048
1411,5,48,3844,3846,5808,2,1964
2125,7,48,5791,5793,5811,2,20
2127,1,48,5796,5798,5814,2,18
2120,2,48,5778,5779,5817,1,39
1753,3,48,4776,4777,5820,1,1044
2092,6,48,5701,5703,5823,2,122
1382,8,48,3764,3765,5826,1,2062
2128,2,48,5799,5800,5829,1,30
1754,4,48,4779,4780,5832,1,1053
2100,6,48,5723,5724,5835,1,112
2133,7,48,5812,5814,5838,2,26
2135,1,48,5818,5820,5841,2,23
1761,3,48,4798,4800,5844,2,1046
1419,5,48,3866,3867,5847,1,1981
1390,8,48,3786,3787,5850,1,2064
2136,2,48,5821,5823,5853,2,32
1762,4,48,4801,4802,5856,1,1055
2108,6,48,5745,5746,5859,1,114
2141,7,48,5834,5836,5862,2,28
2143,1,48,5840,5841,5865,1,25
1769,3,48,4820,4822,5868,2,1048
2116,6,48,5767,5769,5871,2,104
2149,7,48,5856,5857,5874,1,18
2144,2,48,5843,5844,5877,1,34
1770,4,48,4823,4824,5880,1,1057
1427,5,48,3887,3888,5883,1,1996
1398,8,48,3808,3809,5886,1,2078
2151,1,48,5862,5864,5889,2,27
1777,3,48,4841,4843,5892,2,1051
2124,6,48,5789,5790,5895,1,106
2157,7,48,5878,5880,5898,2,20
2159,1,48,5884,5886,5901,2,17
1778,4,48,4844,4845,5904,1,1060
2152,2,48,5865,5866,5907,1,42
2132,6,48,5810,5811,5910,1,100
1406,8,48,3830,3831,5913,1,2083
2160,2,48,5887,5889,5916,2,29
1785,3,48,4863,4864,5919,1,1056
1435,5,48,3909,3911,5922,2,2013
2165,7,48,5900,5902,5925,2,25
2167,1,48,5905,5906,5928,1,23
1786,4,48,4866,4867,5931,1,1065
2140,6,48,5832,5833,5934,1,102
2173,7,48,5921,5922,5937,1,16
2168,2,48,5908,5910,5940,2,32
1793,3,48,4885,4887,5943,2,1058
2148,6,48,5854,5856,5946,2,92
1414,8,48,3852,3853,5949,1,2097
2175,1,48,5927,5928,5952,1,25
1794,4,48,4888,4889,5955,1,1067
1443,5,48,3931,3933,5958,2,2027
2181,7,48,5943,5945,5961,2,18
2176,2,48,5930,5931,5964,1,34
1801,3,48,4907,4909,5967,2,1060
2183,1,48,5949,5950,5970,1,21
2156,6,48,5876,5877,5973,1,97
1422,8,48,3874,3875,5976,1,2102
2184,2,48,5952,5954,5979,2,27
1802,4,48,4910,4911,5982,1,1072
2164,6,48,5898,5899,5985,1,87
2189,7,48,5965,5966,5988,1,23
1809,3,48,4929,4930,5991,1,1062
2191,1,48,5971,5973,5994,2,23
1451,5,48,3953,3954,5997,1,2044
1430,8,48,3895,3896,6000,1,2105
2192,2,48,5974,5975,6003,1,29
1810,4,48,4932,4933,6006,1,1074
2172,6,48,5919,5920,6009,1,90
2197,7,48,5987,5988,6012,1,25
2199,1,48,5993,5994,6015,1,22
1817,3,48,4950,4951,6018,1,1068
2180,6,48,5941,5942,6021,1,80
1438,8,48,3917,3918,6024,1,2107
2200,2,48,5996,5997,6027,1,31
1818,4,48,4953,4955,6030,2,1077
1459,5,48,3975,3977,6033,2,2058
2205,7,48,6009,6011,6036,2,27
2207,1,48,6015,6016,6039,1,24
1825,3,48,4972,4973,6042,1,1070
2188,6,48,5963,5964,6045,1,82
2213,7,48,6031,6032,6048,1,17
2208,2,48,6018,6020,6051,2,33
1826,4,48,4975,4977,6054,2,1079
2215,1,48,6036,6037,6057,1,21
2196,6,48,5985,5987,6060,2,75
1446,8,48,3939,3940,6063,1,2124
2216,2,48,6039,6041,6066,2,27
1833,3,48,4994,4995,6069,1,1075
1467,5,48,3996,3997,6072,1,2076
2221,7,48,6052,6053,6075,1,23
1834,4,48,4997,4998,6078,1,1081
2223,1,48,6058,6060,6081,2,23
2204,6,48,6007,6008,6084,1,77
1454,8,48,3961,3962,6087,1,2126
2224,2,48,6061,6062,6090,1,29
1841,3,48,5016,5018,6093,2,1077
2212,6,48,6029,6030,6096,1,67
2229,7,48,6074,6075,6099,1,25
2231,1,48,6080,6081,6102,1,22
1842,4,48,5019,5020,6105,1,1086
1475,5,48,4018,4020,6108,2,2090
1462,8,48,3983,3984,6111,1,2128
2232,2,48,6083,6084,6114,1,31
1849,3,48,5038,5039,6117,1,1079
2220,6,48,6050,6051,6120,1,70
2237,7,48,6096,6098,6123,2,27
2239,1,48,6102,6103,6126,1,24
1850,4,48,5041,5043,6129,2,1088
2228,6,48,6072,6074,6132,2,60
2245,7,48,6118,6119,6135,1,17
2240,2,48,6105,6107,6138,2,33
1857,3,48,5060,5061,6141,1,1081
1483,5,48,4040,4041,6144,1,2104
1470,8,48,4004,4005,6147,1,2143
2247,1,48,6124,6126,6150,2,26
1858,4,48,5063,5064,6153,1,1090
2236,6,48,6094,6095,6156,1,62
2253,7,48,6140,6141,6159,1,19
2255,1,48,6145,6147,6162,2,17
1865,3,48,5081,5082,6165,1,1084
2248,2,48,6127,6128,6168,1,41
2244,6,48,6116,6117,6171,1,55
1478,8,48,4026,4027,6174,1,2148
2256,2,48,6148,6150,6177,2,29
1866,4,48,5084,5085,6180,1,1096
1491,5,48,4062,4063,6183,1,2121
2261,7,48,6161,6163,6186,2,25
2263,1,48,6167,6168,6189,1,22
1873,3,48,5103,5105,6192,2,1089
2252,6,48,6138,6140,6195,2,57
1486,8,48,4048,4050,6198,2,2150
2264,2,48,6170,6171,6201,1,31
1874,4,48,5106,5107,6204,1,1098
2260,6,48,6159,6160,6207,1,48
2269,7,48,6183,6184,6210,1,27
2271,1,48,6189,6191,6213,2,24
1881,3,48,5125,5126,6216,1,1091
1499,5,48,4084,4086,6219,2,2135
2277,7,48,6205,6207,6222,2,17
2272,2,48,6192,6193,6225,1,33
1882,4,48,5128,5130,6228,2,1100
2268,6,48,6181,6183,6231,2,50
1494,8,48,4070,4071,6234,1,2164
2279,1,48,6211,6213,6237,2,26
1889,3,48,5147,5148,6240,1,1093
2276,6,48,6203,6204,6243,1,40
2285,7,48,6227,6229,6246,2,19
2287,1,48,6233,6234,6249,1,16
1890,4,48,5150,5151,6252,1,1102
2280,2,48,6214,6216,6255,2,41
1507,5,48,4106,4107,6258,1,2152
1502,8,48,4092,4093,6261,1,2169
2288,2,48,6236,6237,6264,1,28
1897,3,48,5169,5171,6267,2,1098
2284,6,48,6225,6226,6270,1,45
2293,7,48,6249,6250,6273,1,24
2295,1,48,6255,6257,6276,2,21
1898,4,48,5172,5173,6279,1,1107
2292,6,48,6247,6249,6282,2,35
1510,8,48,4114,4116,6285,2,2171
2296,2,48,6258,6259,6288,1,30
1905,3,48,5190,5191,6291,1,1101
1515,5,48,4127,4128,6294,1,2167
2301,7,48,6271,6273,6297,2,26
2303,1,48,6276,6278,6300,2,24
1906,4,48,5193,5194,6303,1,1110
2300,6,48,6269,6270,6306,1,37
2309,7,48,6292,6294,6309,2,17
2304,2,48,6279,6280,6312,1,33
1913,3,48,5212,5214,6315,2,1103
2308,6,48,6290,6291,6318,1,28
1518,8,48,4135,4137,6321,2,2186
2311,1,48,6298,6300,6324,2,26
1914,4,48,5215,5216,6327,1,1112
1523,5,48,4149,4150,6330,1,2181
2317,7,48,6314,6316,6333,2,19
2319,1,48,6320,6321,6336,1,16
1921,3,48,5234,5236,6339,2,1105
2312,2,48,6301,6303,6342,2,41
2316,6,48,6312,6313,6345,1,33
1526,8,48,4157,4158,6348,1,2191
2320,2,48,6323,6324,6351,1,28
1922,4,48,5237,5238,6354,1,1117
2324,6,48,6334,6336,6357,2,23
2325,7,48,6336,6337,6360,1,24
2327,1,48,6342,6344,6363,2,21
1929,3,48,5256,5257,6366,1,1110
1531,5,48,4171,4173,6369,2,2198
1534,8,48,4179,4180,6372,1,2193
2328,2,48,6345,6346,6375,1,30
1930,4,48,5259,5260,6378,1,1119
2332,6,48,6356,6357,6381,1,25
2333,7,48,6358,6360,6384,2,26
2335,1,48,6364,6366,6387,2,23
1937,3,48,5278,5280,6390,2,1112
1539,5,48,4193,4194,6393,1,2200
1542,8,48,4201,4203,6396,2,2195
2336,2,48,6367,6369,6399,2,32
1938,4,48,5281,5282,6402,1,1121
2340,6,48,6378,6379,6405,1,27
2341,7,48,6380,6382,6408,2,28
2343,1,48,6385,6386,6411,1,26
1945,3,48,5300,5302,6414,2,1114
2348,6,48,6399,6400,6417,1,18
2349,7,48,6401,6402,6420,1,19
2351,1,48,6407,6408,6423,1,16
1946,4,48,5303,5304,6426,1,1123
2344,2,48,6388,6390,6429,2,41
1547,5,48,4215,4216,6432,1,2217
1550,8,48,4223,4224,6435,1,2212
2352,2,48,6410,6411,6438,1,28
1953,3,48,5321,5323,6441,2,1120
2356,6,48,6421,6422,6444,1,23
2357,7,48,6423,6425,6447,2,24
2359,1,48,6429,6430,6450,1,21
1954,4,48,5324,5325,6453,1,1129
1555,5,48,4236,4238,6456,2,2220
1558,8,48,4244,4245,6459,1,2215
2360,2,48,6432,6434,6462,2,30
1961,3,48,5343,5344,6465,1,1122
2364,6,48,6443,6444,6468,1,25
2365,7,48,6445,6446,6471,1,26
2367,1,48,6451,6453,6474,2,23
1962,4,48,5346,5347,6477,1,1131
1563,5,48,4258,4260,6480,2,2222
2373,7,48,6467,6468,6483,1,16
2368,2,48,6454,6455,6486,1,32
1969,3,48,5365,5367,6489,2,1124
2372,6,48,6465,6467,6492,2,27
1566,8,48,4266,4267,6495,1,2229
2375,1,48,6473,6474,6498,1,25
1970,4,48,5368,5369,6501,1,1133
2380,6,48,6487,6488,6504,1,17
2381,7,48,6489,6491,6507,2,18
2376,2,48,6476,6477,6510,1,34
1977,3,48,5387,5389,6513,2,1126
2383,1,48,6495,6496,6516,1,21
1571,5,48,4280,4281,6519,1,2239
1574,8,48,4288,4289,6522,1,2234
2384,2,48,6498,6500,6525,2,27
1978,4,48,5390,5391,6528,1,1138
2388,6,48,6509,6510,6531,1,22
2389,7,48,6511,6512,6534,1,23
2391,1,48,6516,6517,6537,1,21
1985,3,48,5409,5410,6540,1,1131
1579,5,48,4302,4304,6543,2,2241
1582,8,48,4310,4311,6546,1,2236
2392,2,48,6519,6521,6549,2,30
1986,4,48,5412,5413,6552,1,1140
2396,6,48,6530,6531,6555,1,25
2397,7,48,6532,6533,6558,1,26
2399,1,48,6538,6540,6561,2,23
1993,3,48,5430,5431,6564,1,1134
1587,5,48,4324,4326,6567,2,2243
2405,7,48,6554,6555,6570,1,16
2400,2,48,6541,6542,6573,1,32
1994,4,48,5433,5435,6576,2,1143
2404,6,48,6552,6554,6579,2,27
1590,8,48,4332,4333,6582,1,2250
2407,1,48,6560,6561,6585,1,25
2001,3,48,5452,5453,6588,1,1136
2412,6,48,6574,6575,6591,1,17
2413,7,48,6576,6578,6594,2,18
2408,2,48,6563,6564,6597,1,34
2002,4,48,5455,5457,6600,2,1145
2415,1,48,6582,6583,6603,1,21
1595,5,48,4346,4347,6606,1,2260
1598,8,48,4354,4355,6609,1,2255
2416,2,48,6585,6587,6612,2,27
2009,3,48,5474,5475,6615,1,1141
2420,6,48,6596,6597,6618,1,22
2421,7,48,6598,6599,6621,1,23
2010,4,48,5477,5478,6624,1,1147
2423,1,48,6604,6606,6627,2,23
1603,5,48,4367,4368,6630,1,2263
1606,8,48,4375,4376,6633,1,2258
2424,2,48,6607,6608,6636,1,29
2017,3,48,5496,5498,6639,2,1143
2428,6,48,6618,6620,6642,2,24
2429,7,48,6620,6621,6645,1,25
2431,1,48,6625,6627,6648,2,23
2018,4,48,5499,5500,6651,1,1152
1611,5,48,4389,4391,6654,2,2265
1614,8,48,4397,4398,6657,1,2260
2432,2,48,6628,6630,6660,2,32
2025,3,48,5518,5519,6663,1,1145
2436,6,48,6639,6640,6666,1,27
2437,7,48,6641,6643,6669,2,28
2439,1,48,6647,6648,6672,1,25
2026,4,48,5521,5523,6675,2,1154
2444,6,48,6661,6663,6678,2,17
2445,7,48,6663,6664,6681,1,18
2440,2,48,6650,6651,6684,1,34
2033,3,48,5540,5541,6687,1,1147
1619,5,48,4411,4413,6690,2,2279
1622,8,48,4419,4420,6693,1,2274
2447,1,48,6669,6671,6696,2,27
2034,4,48,5543,5544,6699,1,1156
2452,6,48,6683,6684,6702,1,19
2453,7,48,6685,6687,6705,2,20
2455,1,48,6691,6693,6708,2,17
2041,3,48,5561,5562,6711,1,1150
2448,2,48,6672,6673,6714,1,42
1627,5,48,4433,4434,6717,1,2284
1630,8,48,4441,4442,6720,1,2279
2456,2,48,6694,6696,6723,2,29
2042,4,48,5564,5565,6726,1,1162
2460,6,48,6705,6706,6729,1,24
2461,7,48,6707,6709,6732,2,25
2463,1,48,6713,6714,6735,1,22
2049,3,48,5583,5585,6738,2,1155
1635,5,48,4455,4457,6741,2,2286
1638,8,48,4463,4464,6744,1,2281
2464,2,48,6716,6717,6747,1,31
2050,4,48,5586,5587,6750,1,1164
2468,6,48,6727,6729,6753,2,26
2469,7,48,6729,6730,6756,1,27
2471,1,48,6735,6737,6759,2,24
2057,3,48,5605,5606,6762,1,1157
1643,5,48,4476,4477,6765,1,2289
2477,7,48,6751,6753,6768,2,17
2472,2,48,6738,6739,6771,1,33
2058,4,48,5608,5610,6774,2,1166
2476,6,48,6749,6750,6777,1,28
1646,8,48,4484,4485,6780,1,2296
2479,1,48,6756,6758,6783,2,27
2065,3,48,5627,5628,6786,1,1159
2484,6,48,6770,6771,6789,1,19
2485,7,48,6772,6774,6792,2,20
2487,1,48,6778,6780,6795,2,17
2066,4,48,5630,5631,6798,1,1168
2480,2,48,6759,6760,6801,1,42
1651,5,48,4498,4500,6804,2,2306
1654,8,48,4506,4507,6807,1,2301
2488,2,48,6781,6783,6810,2,29
2073,3,48,5649,5651,6813,2,1164
2492,6,48,6792,6793,6816,1,24
2493,7,48,6794,6796,6819,2,25
2495,1,48,6800,6801,6822,1,22
2074,4,48,5652,5653,6825,1,1173
1659,5,48,4520,4521,6828,1,2308
1662,8,48,4528,4530,6831,2,2303
2496,2,48,6803,6804,6834,1,31
2081,3,48,5670,5671,6837,1,1167
2500,6,48,6814,6816,6840,2,26
2501,7,48,6816,6817,6843,1,27
2503,1,48,6822,6824,6846,2,24
2082,4,48,5673,5674,6849,1,1176
1667,5,48,4542,4543,6852,1,2310
2509,7,48,6838,6840,6855,2,17
2504,2,48,6825,6826,6858,1,33
2089,3,48,5692,5694,6861,2,1169
2508,6,48,6836,6837,6864,1,28
1670,8,48,4550,4551,6867,1,2317
2511,1,48,6844,6846,6870,2,26
2090,4,48,5695,5696,6873,1,1178
2516,6,48,6858,6859,6876,1,18
2517,7,48,6860,6862,6879,2,19
2519,1,48,6865,6866,6882,1,17
2512,2,48,6847,6849,6885,2,38
2097,3,48,5714,5716,6888,2,1174
1675,5,48,4564,4566,6891,2,2327
1678,8,48,4572,4573,6894,1,2322
2520,2,48,6868,6870,6897,2,29
2098,4,48,5717,5718,6900,1,1183
2524,6,48,6879,6880,6903,1,24
2525,7,48,6881,6882,6906,1,25
2527,1,48,6887,6888,6909,1,22
2105,3,48,5736,5737,6912,1,1176
1683,5,48,4586,4587,6915,1,2329
1686,8,48,4594,4596,6918,2,2324
2528,2,48,6890,6891,6921,1,31
2106,4,48,5739,5740,6924,1,1185
2532,6,48,6901,6902,6927,1,26
2533,7,48,6903,6905,6930,2,27
2535,1,48,6909,6910,6933,1,24
2113,3,48,5758,5760,6936,2,1178
2540,6,48,6923,6924,6939,1,16
2541,7,48,6925,6926,6942,1,17
2536,2,48,6912,6914,6945,2,33
2114,4,48,5761,5762,6948,1,1187
1691,5,48,4607,4608,6951,1,2344
1694,8,48,4615,4617,6954,2,2339
2543,1,48,6931,6933,6957,2,26
2121,3,48,5780,5782,6960,2,1180
2548,6,48,6945,6947,6963,2,18
2549,7,48,6947,6948,6966,1,19
2551,1,48,6953,6954,6969,1,16
2122,4,48,5783,5784,6972,1,1189
2544,2,48,6934,6935,6975,1,41
1699,5,48,4629,4630,6978,1,2349
1702,8,48,4637,4638,6981,1,2344
2552,2,48,6956,6957,6984,1,28
2129,3,48,5801,5803,6987,2,1186
2556,6,48,6967,6968,6990,1,23
2557,7,48,6969,6971,6993,2,24
2559,1,48,6975,6976,6996,1,21
2130,4,48,5804,5805,6999,1,1195
1707,5,48,4651,4653,7002,2,2351
1710,8,48,4659,4660,7005,1,2346
2560,2,48,6978,6980,7008,2,30
2137,3,48,5823,5824,7011,1,1188
2564,6,48,6989,6990,7014,1,25
2565,7,48,6991,6992,7017,1,26
2567,1,48,6996,6997,7020,1,24
2138,4,48,5826,5827,7023,1,1197
1715,5,48,4673,4674,7026,1,2353
2573,7,48,7012,7013,7029,1,17
2568,2,48,6999,7001,7032,2,33
2145,3,48,5845,5847,7035,2,1190
2572,6,48,7010,7011,7038,1,28
1718,8,48,4681,4683,7041,2,2360
2575,1,48,7018,7020,7044,2,26
2146,4,48,5848,5849,7047,1,1199
2580,6,48,7032,7034,7050,2,18
2581,7,48,7034,7035,7053,1,19
2583,1,48,7040,7041,7056,1,16
2153,3,48,5867,5869,7059,2,1192
2576,2,48,7021,7022,7062,1,41
1723,5,48,4695,4696,7065,1,2370
1726,8,48,4703,4704,7068,1,2365
2584,2,48,7043,7044,7071,1,28
2154,4,48,5870,5871,7074,1,1204
2588,6,48,7054,7055,7077,1,23
2589,7,48,7056,7058,7080,2,24
2591,1,48,7062,7063,7083,1,21
2161,3,48,5889,5890,7086,1,1197
1731,5,48,4716,4718,7089,2,2373
1734,8,48,4724,4725,7092,1,2368
2592,2,48,7065,7067,7095,2,30
2162,4,48,5892,5893,7098,1,1206
2596,6,48,7076,7077,7101,1,25
2597,7,48,7078,7079,7104,1,26
2599,1,48,7084,7086,7107,2,23
2169,3,48,5910,5911,7110,1,1200
1739,5,48,4738,4740,7113,2,2375
2605,7,48,7100,7101,7116,1,16
2600,2,48,7087,7088,7119,1,32
2170,4,48,5913,5915,7122,2,1209
2604,6,48,7098,7100,7125,2,27
1742,8,48,4746,4747,7128,1,2382
2607,1,48,7105,7107,7131,2,26
2177,3,48,5932,5933,7134,1,1202
2612,6,48,7119,7120,7137,1,18
2613,7,48,7121,7123,7140,2,19
2615,1,48,7127,7128,7143,1,16
2178,4,48,5935,5937,7146,2,1211
2608,2,48,7108,7110,7149,2,41
1747,5,48,4760,4761,7152,1,2392
1750,8,48,4768,4769,7155,1,2387
2616,2,48,7130,7131,7158,1,28
2185,3,48,5954,5955,7161,1,1207
2620,6,48,7141,7143,7164,2,23
2621,7,48,7143,7144,7167,1,24
2623,1,48,7149,7151,7170,2,21
2186,4,48,5957,5958,7173,1,1216
1755,5,48,4782,4784,7176,2,2394
1758,8,48,4790,4791,7179,1,2389
2624,2,48,7152,7153,7182,1,30
2193,3,48,5976,5978,7185,2,1209
2628,6,48,7163,7164,7188,1,25
2629,7,48,7165,7167,7191,2,26
2631,1,48,7171,7173,7194,2,23
2194,4,48,5979,5980,7197,1,1218
1763,5,48,4804,4806,7200,2,2396
1766,8,48,4812,4813,7203,1,2391
2632,2,48,7174,7176,7206,2,32
2201,3,48,5998,5999,7209,1,1211
2636,6,48,7185,7186,7212,1,27
2637,7,48,7187,7189,7215,2,28
2639,1,48,7193,7194,7218,1,25
2202,4,48,6001,6003,7221,2,1220
2644,6,48,7207,7209,7224,2,17
2645,7,48,7209,7210,7227,1,18
2640,2,48,7196,7197,7230,1,34
2209,3,48,6020,6021,7233,1,1213
1771,5,48,4826,4827,7236,1,2410
1774,8,48,4834,4835,7239,1,2405
2647,1,48,7215,7217,7242,2,27
2210,4,48,6023,6024,7245,1,1222
2652,6,48,7229,7230,7248,1,19
2653,7,48,7231,7233,7251,2,20
2655,1,48,7236,7238,7254,2,18
2648,2,48,7218,7219,7257,1,39
2217,3,48,6041,6042,7260,1,1219
1779,5,48,4847,4848,7263,1,2416
1782,8,48,4855,4856,7266,1,2411
2656,2,48,7239,7240,7269,1,30
2218,4,48,6044,6045,7272,1,1228
2660,6,48,7250,7251,7275,1,25
2661,7,48,7252,7254,7278,2,26
2663,1,48,7258,7260,7281,2,23
2225,3,48,6063,6065,7284,2,1221
1787,5,48,4869,4871,7287,2,2418
1790,8,48,4877,4878,7290,1,2413
2664,2,48,7261,7263,7293,2,32
2226,4,48,6066,6067,7296,1,1230
2668,6,48,7272,7273,7299,1,27
2669,7,48,7274,7276,7302,2,28
2671,1,48,7280,7281,7305,1,25
2233,3,48,6085,6086,7308,1,1223
2676,6,48,7294,7296,7311,2,17
2677,7,48,7296,7297,7314,1,18
2672,2,48,7283,7284,7317,1,34
2234,4,48,6088,6090,7320,2,1232
1795,5,48,4891,4893,7323,2,2432
1798,8,48,4899,4900,7326,1,2427
2679,1,48,7302,7304,7329,2,27
2241,3,48,6107,6108,7332,1,1225
2684,6,48,7316,7317,7335,1,19
2685,7,48,7318,7320,7338,2,20
2687,1,48,7324,7326,7341,2,17
2242,4,48,6110,6111,7344,1,1234
2680,2,48,7305,7306,7347,1,42
1803,5,48,4913,4914,7350,1,2437
1806,8,48,4921,4922,7353,1,2432
2688,2,48,7327,7329,7356,2,29
2249,3,48,6129,6131,7359,2,1230
2692,6,48,7338,7339,7362,1,24
2693,7,48,7340,7342,7365,2,25
2695,1,48,7345,7346,7368,1,23
2250,4,48,6132,6133,7371,1,1239
1811,5,48,4935,4937,7374,2,2439
2701,7,48,7361,7362,7377,1,16
2696,2,48,7348,7350,7380,2,32
2257,3,48,6150,6151,7383,1,1233
2700,6,48,7359,7360,7386,1,27
1814,8,48,4943,4944,7389,1,2446
2703,1,48,7367,7368,7392,1,25
2258,4,48,6153,6154,7395,1,1242
2708,6,48,7381,7382,7398,1,17
2709,7,48,7383,7385,7401,2,18
2704,2,48,7370,7371,7404,1,34
2265,3,48,6172,6174,7407,2,1235
2711,1,48,7389,7390,7410,1,21
1819,5,48,4956,4957,7413,1,2457
1822,8,48,4964,4965,7416,1,2452
2712,2,48,7392,7394,7419,2,27
2266,4,48,6175,6176,7422,1,1247
2716,6,48,7403,7404,7425,1,22
2717,7,48,7405,7406,7428,1,23
2273,3,48,6194,6196,7431,2,1237
2719,1,48,7411,7413,7434,2,23
1827,5,48,4978,4980,7437,2,2459
1830,8,48,4986,4987,7440,1,2454
2720,2,48,7414,7415,7443,1,29
2274,4,48,6197,6198,7446,1,1249
2724,6,48,7425,7427,7449,2,24
2725,7,48,7427,7428,7452,1,25
2727,1,48,7433,7434,7455,1,22
2281,3,48,6216,6217,7458,1,1242
1835,5,48,5000,5001,7461,1,2461
1838,8,48,5008,5010,7464,2,2456
2728,2,48,7436,7437,7467,1,31
2282,4,48,6219,6220,7470,1,1251
2732,6,48,7447,7448,7473,1,26
2733,7,48,7449,7451,7476,2,27
2735,1,48,7455,7456,7479,1,24
2289,3,48,6238,6240,7482,2,1244
2740,6,48,7469,7470,7485,1,16
2741,7,48,7471,7472,7488,1,17
2736,2,48,7458,7460,7491,2,33
2290,4,48,6241,6242,7494,1,1253
2743,1,48,7476,7477,7497,1,21
1843,5,48,5022,5023,7500,1,2478
1846,8,48,5030,5031,7503,1,2473
2744,2,48,7479,7481,7506,2,27
2297,3,48,6260,6262,7509,2,1249
2748,6,48,7490,7491,7512,1,22
2749,7,48,7492,7493,7515,1,23
2298,4,48,6263,6264,7518,1,1255
2751,1,48,7498,7500,7521,2,23
1851,5,48,5044,5046,7524,2,2480
1854,8,48,5052,5053,7527,1,2475
2752,2,48,7501,7502,7530,1,29
2305,3,48,6281,6283,7533,2,1252
2756,6,48,7512,7514,7536,2,24
2757,7,48,7514,7515,7539,1,25
2759,1,48,7520,7521,7542,1,22
2306,4,48,6284,6285,7545,1,1261
1859,5,48,5066,5067,7548,1,2482
1862,8,48,5074,5076,7551,2,2477
2760,2,48,7523,7524,7554,1,31
2313,3,48,6303,6304,7557,1,1254
2764,6,48,7534,7535,7560,1,26
2765,7,48,7536,7538,7563,2,27
2767,1,48,7542,7543,7566,1,24
2314,4,48,6306,6307,7569,1,1263
2772,6,48,7556,7557,7572,1,16
2773,7,48,7558,7559,7575,1,17
2768,2,48,7545,7547,7578,2,33
2321,3,48,6325,6327,7581,2,1256
1867,5,48,5087,5088,7584,1,2497
1870,8,48,5095,5097,7587,2,2492
2775,1,48,7564,7566,7590,2,26
2322,4,48,6328,6329,7593,1,1265
2780,6,48,7578,7580,7596,2,18
2781,7,48,7580,7581,7599,1,19
2783,1,48,7585,7587,7602,2,17
2329,3,48,6347,6349,7605,2,1258
2776,2,48,7567,7568,7608,1,41
1875,5,48,5109,5110,7611,1,2502
1878,8,48,5117,5118,7614,1,2497
2784,2,48,7588,7590,7617,2,29
2330,4,48,6350,6351,7620,1,1270
2788,6,48,7599,7600,7623,1,24
2789,7,48,7601,7603,7626,2,25
2791,1,48,7607,7608,7629,1,22
2337,3,48,6369,6370,7632,1,1263
1883,5,48,5131,5133,7635,2,2504
1886,8,48,5139,5140,7638,1,2499
2792,2,48,7610,7611,7641,1,31
2338,4,48,6372,6373,7644,1,1272
2796,6,48,7621,7623,7647,2,26
2797,7,48,7623,7624,7650,1,27
2799,1,48,7629,7631,7653,2,24
2345,3,48,6390,6391,7656,1,1266
1891,5,48,5153,5154,7659,1,2506
2805,7,48,7645,7647,7662,2,17
2800,2,48,7632,7633,7665,1,33
2346,4,48,6393,6395,7668,2,1275
2804,6,48,7643,7644,7671,1,28
1894,8,48,5161,5163,7674,2,2513
2807,1,48,7651,7653,7677,2,26
2353,3,48,6412,6413,7680,1,1268
2812,6,48,7665,7666,7683,1,18
2813,7,48,7667,7669,7686,2,19
2815,1,48,7673,7674,7689,1,16
2354,4,48,6415,6417,7692,2,1277
2808,2,48,7654,7656,7695,2,41
1899,5,48,5175,5176,7698,1,2523
1902,8,48,5183,5184,7701,1,2518
2816,2,48,7676,7677,7704,1,28
2361,3,48,6434,6435,7707,1,1273
2820,6,48,7687,7689,7710,2,23
2821,7,48,7689,7690,7713,1,24
2823,1,48,7695,7697,7716,2,21
2362,4,48,6437,6438,7719,1,1282
1907,5,48,5196,5198,7722,2,2526
1910,8,48,5204,5205,7725,1,2521
2824,2,48,7698,7699,7728,1,30
2369,3,48,6456,6458,7731,2,1275
2828,6,48,7709,7710,7734,1,25
2829,7,48,7711,7713,7737,2,26
2831,1,48,7716,7718,7740,2,24
2370,4,48,6459,6460,7743,1,1284
1915,5,48,5218,5220,7746,2,2528
2837,7,48,7732,7734,7749,2,17
2832,2,48,7719,7720,7752,1,33
2377,3,48,6478,6479,7755,1,1277
2836,6,48,7730,7731,7758,1,28
1918,8,48,5226,5227,7761,1,2535
2839,1,48,7738,7740,7764,2,26
2378,4,48,6481,6483,7767,2,1286
2844,6,48,7752,7753,7770,1,18
2845,7,48,7754,7756,7773,2,19
2847,1,48,7760,7761,7776,1,16
2385,3,48,6500,6501,7779,1,1279
2840,2,48,7741,7743,7782,2,41
1923,5,48,5240,5241,7785,1,2545
1926,8,48,5248,5249,7788,1,2540
2848,2,48,7763,7764,7791,1,28
2386,4,48,6503,6504,7794,1,1291
2852,6,48,7774,7776,7797,2,23
2853,7,48,7776,7777,7800,1,24
2855,1,48,7782,7784,7803,2,21
2393,3,48,6521,6522,7806,1,1285
1931,5,48,5262,5264,7809,2,2547
1934,8,48,5270,5271,7812,1,2542
2856,2,48,7785,7786,7815,1,30
2394,4,48,6524,6525,7818,1,1294
2860,6,48,7796,7797,7821,1,25
2861,7,48,7798,7800,7824,2,26
2863,1,48,7804,7806,7827,2,23
2401,3,48,6543,6545,7830,2,1287
1939,5,48,5284,5286,7833,2,2549
1942,8,48,5292,5293,7836,1,2544
2864,2,48,7807,7809,7839,2,32
2402,4,48,6546,6547,7842,1,1296
2868,6,48,7818,7819,7845,1,27
2869,7,48,7820,7822,7848,2,28
2871,1,48,7825,7826,7851,1,26
2409,3,48,6565,6566,7854,1,1289
2876,6,48,7839,7840,7857,1,18
2877,7,48,7841,7842,7860,1,19
2879,1,48,7847,7848,7863,1,16
2410,4,48,6568,6570,7866,2,1298
2872,2,48,7828,7830,7869,2,41
1947,5,48,5306,5307,7872,1,2566
1950,8,48,5314,5315,7875,1,2561
2880,2,48,7850,7851,7878,1,28
2417,3,48,6587,6588,7881,1,1294
2884,6,48,7861,7862,7884,1,23
2885,7,48,7863,7865,7887,2,24
2887,1,48,7869,7870,7890,1,21
2418,4,48,6590,6591,7893,1,1303
1955,5,48,5327,5328,7896,1,2569
1958,8,48,5335,5336,7899,1,2564
2888,2,48,7872,7874,7902,2,30
2425,3,48,6609,6611,7905,2,1296
2892,6,48,7883,7884,7908,1,25
2893,7,48,7885,7886,7911,1,26
2895,1,48,7891,7893,7914,2,23
2426,4,48,6612,6613,7917,1,1305
1963,5,48,5349,5351,7920,2,2571
2901,7,48,7907,7908,7923,1,16
2896,2,48,7894,7895,7926,1,32
2433,3,48,6630,6631,7929,1,1299
2900,6,48,7905,7907,7932,2,27
1966,8,48,5357,5358,7935,1,2578
2903,1,48,7913,7914,7938,1,25
2434,4,48,6633,6634,7941,1,1308
2908,6,48,7927,7928,7944,1,17
2909,7,48,7929,7931,7947,2,18
2904,2,48,7916,7917,7950,1,34
2441,3,48,6652,6654,7953,2,1301
2911,1,48,7935,7936,7956,1,21
1971,5,48,5371,5373,7959,2,2588
1974,8,48,5379,5380,7962,1,2583
2912,2,48,7938,7940,7965,2,27
2442,4,48,6655,6656,7968,1,1313
2916,6,48,7949,7950,7971,1,22
2917,7,48,7951,7952,7974,1,23
2919,1,48,7956,7957,7977,1,21
2449,3,48,6674,6676,7980,2,1306
1979,5,48,5393,5394,7983,1,2590
1982,8,48,5401,5402,7986,1,2585
2920,2,48,7959,7961,7989,2,30
2450,4,48,6677,6678,7992,1,1315
2924,6,48,7970,7971,7995,1,25
2925,7,48,7972,7973,7998,1,26
2927,1,48,7978,7980,8001,2,23
2457,3,48,6696,6697,8004,1,1308
1987,5,48,5415,5417,8007,2,2592
2933,7,48,7994,7995,8010,1,16
2928,2,48,7981,7982,8013,1,32
2458,4,48,6699,6700,8016,1,1317
2932,6,48,7992,7994,8019,2,27
1990,8,48,5423,5424,8022,1,2599
2935,1,48,8000,8001,8025,1,25
2465,3,48,6718,6720,8028,2,1310
2940,6,48,8014,8015,8031,1,17
2941,7,48,8016,8018,8034,2,18
2936,2,48,8003,8004,8037,1,34
2466,4,48,6721,6722,8040,1,1319
2943,1,48,8022,8023,8043,1,21
1995,5,48,5436,5437,8046,1,2610
1998,8,48,5444,5445,8049,1,2605
2944,2,48,8025,8027,8052,2,27
2473,3,48,6740,6742,8055,2,1315
2948,6,48,8036,8037,8058,1,22
2949,7,48,8038,8039,8061,1,23
2474,4,48,6743,6744,8064,1,1321
2951,1,48,8044,8046,8067,2,23
2003,5,48,5458,5460,8070,2,2612
2006,8,48,5466,5467,8073,1,2607
2952,2,48,8047,8048,8076,1,29
2481,3,48,6761,6763,8079,2,1318
2956,6,48,8058,8060,8082,2,24
2957,7,48,8060,8061,8085,1,25
2959,1,48,8065,8067,8088,2,23
2482,4,48,6764,6765,8091,1,1327
2011,5,48,5480,5481,8094,1,2614
2014,8,48,5488,5490,8097,2,2609
2960,2,48,8068,8070,8100,2,32
2489,3,48,6783,6784,8103,1,1320
2964,6,48,8079,8080,8106,1,27
2965,7,48,8081,8083,8109,2,28
2967,1,48,8087,8088,8112,1,25
2490,4,48,6786,6787,8115,1,1329
2972,6,48,8101,8103,8118,2,17
2973,7,48,8103,8104,8121,1,18
2968,2,48,8090,8091,8124,1,34
2497,3,48,6805,6807,8127,2,1322
2019,5,48,5502,5503,8130,1,2628
2022,8,48,5510,5511,8133,1,2623
2975,1,48,8109,8111,8136,2,27
2498,4,48,6808,6809,8139,1,1331
2980,6,48,8123,8124,8142,1,19
2981,7,48,8125,8127,8145,2,20
2983,1,48,8131,8133,8148,2,17
2505,3,48,6827,6829,8151,2,1324
2976,2,48,8112,8113,8154,1,42
2027,5,48,5524,5526,8157,2,2633
2030,8,48,5532,5533,8160,1,2628
2984,2,48,8134,8136,8163,2,29
2506,4,48,6830,6831,8166,1,1336
2988,6,48,8145,8146,8169,1,24
2989,7,48,8147,8149,8172,2,25
2991,1,48,8153,8154,8175,1,22
2513,3,48,6849,6850,8178,1,1329
2035,5,48,5546,5547,8181,1,2635
2038,8,48,5554,5556,8184,2,2630
2992,2,48,8156,8157,8187,1,31
2514,4,48,6852,6853,8190,1,1338
2996,6,48,8167,8169,8193,2,26
2997,7,48,8169,8170,8196,1,27
2999,1,48,8175,8177,8199,2,24
2521,3,48,6870,6871,8202,1,1332
2043,5,48,5567,5568,8205,1,2638
3005,7,48,8191,8193,8208,2,17
3000,2,48,8178,8179,8211,1,33
2522,4,48,6873,6875,8214,2,1341
3004,6,48,8189,8190,8217,1,28
2046,8,48,5575,5577,8220,2,2645
3007,1,48,8196,8198,8223,2,27
2529,3,48,6892,6893,8226,1,1334
3012,6,48,8210,8211,8229,1,19
3013,7,48,8212,8214,8232,2,20
3015,1,48,8218,8220,8235,2,17
2530,4,48,6895,6897,8238,2,1343
3008,2,48,8199,8200,8241,1,42
2051,5,48,5589,5590,8244,1,2655
2054,8,48,5597,5598,8247,1,2650
3016,2,48,8221,8223,8250,2,29
2537,3,48,6914,6915,8253,1,1339
3020,6,48,8232,8233,8256,1,24
3021,7,48,8234,8236,8259,2,25
3023,1,48,8240,8241,8262,1,22
2538,4,48,6917,6918,8265,1,1348
2059,5,48,5611,5613,8268,2,2657
2062,8,48,5619,5620,8271,1,2652
3024,2,48,8243,8244,8274,1,31
2545,3,48,6936,6938,8277,2,1341
3028,6,48,8254,8256,8280,2,26
3029,7,48,8256,8257,8283,1,27
3031,1,48,8262,8264,8286,2,24
2546,4,48,6939,6940,8289,1,1350
2067,5,48,5633,5634,8292,1,2659
3037,7,48,8278,8280,8295,2,17
3032,2,48,8265,8266,8298,1,33
2553,3,48,6958,6959,8301,1,1343
3036,6,48,8276,8277,8304,1,28
2070,8,48,5641,5643,8307,2,2666
3039,1,48,8284,8286,8310,2,26
2554,4,48,6961,6963,8313,2,1352
3044,6,48,8298,8299,8316,1,18
3045,7,48,8300,8302,8319,2,19
3047,1,48,8305,8306,8322,1,17
3040,2,48,8287,8289,8325,2,38
2561,3,48,6980,6981,8328,1,1348
2075,5,48,5655,5656,8331,1,2676
2078,8,48,5663,5664,8334,1,2671
3048,2,48,8308,8310,8337,2,29
2562,4,48,6983,6984,8340,1,1357
3052,6,48,8319,8320,8343,1,24
3053,7,48,8321,8322,8346,1,25
3055,1,48,8327,8328,8349,1,22
2569,3,48,7001,7002,8352,1,1351
2083,5,48,5676,5678,8355,2,2679
2086,8,48,5684,5685,8358,1,2674
3056,2,48,8330,8331,8361,1,31
2570,4,48,7004,7005,8364,1,1360
3060,6,48,8341,8342,8367,1,26
3061,7,48,8343,8345,8370,2,27
3063,1,48,8349,8350,8373,1,24
2577,3,48,7023,7025,8376,2,1353
3068,6,48,8363,8364,8379,1,16
3069,7,48,8365,8366,8382,1,17
3064,2,48,8352,8354,8385,2,33
2578,4,48,7026,7027,8388,1,1362
2091,5,48,5698,5700,8391,2,2693
2094,8,48,5706,5707,8394,1,2688
3071,1,48,8371,8373,8397,2,26
2585,3,48,7045,7046,8400,1,1355
3076,6,48,8385,8387,8403,2,18
3077,7,48,8387,8388,8406,1,19
3079,1,48,8393,8394,8409,1,16
2586,4,48,7048,7050,8412,2,1364
3072,2,48,8374,8375,8415,1,41
2099,5,48,5720,5721,8418,1,2698
2102,8,48,5728,5729,8421,1,2693
3080,2,48,8396,8397,8424,1,28
2593,3,48,7067,7068,8427,1,1360
3084,6,48,8407,8408,8430,1,23
3085,7,48,8409,8411,8433,2,24
3087,1,48,8415,8416,8436,1,21
2594,4,48,7070,7071,8439,1,1369
2107,5,48,5742,5744,8442,2,2700
2110,8,48,5750,5751,8445,1,2695
3088,2,48,8418,8420,8448,2,30
2601,3,48,7089,7091,8451,2,1362
3092,6,48,8429,8430,8454,1,25
3093,7,48,8431,8432,8457,1,26
3095,1,48,8436,8437,8460,1,24
2602,4,48,7092,7093,8463,1,1371
2115,5,48,5764,5766,8466,2,2702
3101,7,48,8452,8453,8469,1,17
3096,2,48,8439,8441,8472,2,33
2609,3,48,7110,7111,8475,1,1365
3100,6,48,8450,8451,8478,1,28
2118,8,48,5772,5773,8481,1,2709
3103,1,48,8458,8460,8484,2,26
2610,4,48,7113,7114,8487,1,1374
3108,6,48,8472,8474,8490,2,18
3109,7,48,8474,8475,8493,1,19
3111,1,48,8480,8481,8496,1,16
2617,3,48,7132,7134,8499,2,1367
3104,2,48,8461,8462,8502,1,41
2123,5,48,5786,5787,8505,1,2719
2126,8,48,5794,5795,8508,1,2714
3112,2,48,8483,8484,8511,1,28
2618,4,48,7135,7136,8514,1,1379
3116,6,48,8494,8495,8517,1,23
3117,7,48,8496,8498,8520,2,24
3119,1,48,8502,8503,8523,1,21
2625,3,48,7154,7156,8526,2,1372
2131,5,48,5807,5808,8529,1,2722
2134,8,48,5815,5816,8532,1,2717
3120,2,48,8505,8507,8535,2,30
2626,4,48,7157,7158,8538,1,1381
3124,6,48,8516,8517,8541,1,25
3125,7,48,8518,8519,8544,1,26
3127,1,48,8524,8526,8547,2,23
2633,3,48,7176,7177,8550,1,1374
2139,5,48,5829,5831,8553,2,2724
3133,7,48,8540,8541,8556,1,16
3128,2,48,8527,8528,8559,1,32
2634,4,48,7179,7180,8562,1,1383
3132,6,48,8538,8540,8565,2,27
2142,8,48,5837,5838,8568,1,2731
3135,1,48,8545,8547,8571,2,26
2641,3,48,7198,7200,8574,2,1376
3140,6,48,8559,8560,8577,1,18
3141,7,48,8561,8563,8580,2,19
3143,1,48,8567,8568,8583,1,16
2642,4,48,7201,7202,8586,1,1385
3136,2,48,8548,8550,8589,2,41
2147,5,48,5851,5853,8592,2,2741
2150,8,48,5859,5860,8595,1,2736
3144,2,48,8570,8571,8598,1,28
2649,3,48,7220,7222,8601,2,1381
3148,6,48,8581,8583,8604,2,23
3149,7,48,8583,8584,8607,1,24
3151,1,48,8589,8591,8610,2,21
2650,4,48,7223,7224,8613,1,1390
2155,5,48,5873,5874,8616,1,2743
2158,8,48,5881,5882,8619,1,2738
3152,2,48,8592,8593,8622,1,30
2657,3,48,7241,7243,8625,2,1384
3156,6,48,8603,8604,8628,1,25
3157,7,48,8605,8607,8631,2,26
3159,1,48,8611,8613,8634,2,23
2658,4,48,7244,7245,8637,1,1393
2163,5,48,5895,5897,8640,2,2745
2166,8,48,5903,5904,8643,1,2740
3160,2,48,8614,8616,8646,2,32
2665,3,48,7263,7264,8649,1,1386
3164,6,48,8625,8626,8652,1,27
3165,7,48,8627,8629,8655,2,28
3167,1,48,8633,8634,8658,1,25
2666,4,48,7266,7267,8661,1,1395
3172,6,48,8647,8649,8664,2,17
3173,7,48,8649,8650,8667,1,18
3168,2,48,8636,8637,8670,1,34
2673,3,48,7285,7287,8673,2,1388
2171,5,48,5916,5917,8676,1,2760
2174,8,48,5924,5925,8679,1,2755
3175,1,48,8655,8657,8682,2,27
2674,4,48,7288,7289,8685,1,1397
3180,6,48,8669,8670,8688,1,19
3181,7,48,8671,8673,8691,2,20
3183,1,48,8676,8678,8694,2,18
3176,2,48,8658,8659,8697,1,39
2681,3,48,7307,7309,8700,2,1393
2179,5,48,5938,5940,8703,2,2765
2182,8,48,5946,5947,8706,1,2760
3184,2,48,8679,8680,8709,1,30
2682,4,48,7310,7311,8712,1,1402
3188,6,48,8690,8691,8715,1,25
3189,7,48,8692,8694,8718,2,26
3191,1,48,8698,8700,8721,2,23
2689,3,48,7329,7330,8724,1,1395
2187,5,48,5960,5961,8727,1,2767
2190,8,48,5968,5970,8730,2,2762
3192,2,48,8701,8703,8733,2,32
2690,4,48,7332,7333,8736,1,1404
3196,6,48,8712,8713,8739,1,27
3197,7,48,8714,8716,8742,2,28
3199,1,48,8720,8721,8745,1,25
2697,3,48,7350,7351,8748,1,1398
3204,6,48,8734,8736,8751,2,17
3205,7,48,8736,8737,8754,1,18
3200,2,48,8723,8724,8757,1,34
2698,4,48,7353,7355,8760,2,1407
2195,5,48,5982,5983,8763,1,2781
2198,8,48,5990,5991,8766,1,2776
3207,1,48,8742,8744,8769,2,27
2705,3,48,7372,7373,8772,1,1400
3212,6,48,8756,8757,8775,1,19
3213,7,48,8758,8760,8778,2,20
3215,1,48,8764,8766,8781,2,17
2706,4,48,7375,7377,8784,2,1409
3208,2,48,8745,8746,8787,1,42
2203,5,48,6004,6006,8790,2,2786
2206,8,48,6012,6013,8793,1,2781
3216,2,48,8767,8769,8796,2,29
2713,3,48,7394,7395,8799,1,1405
3220,6,48,8778,8779,8802,1,24
3221,7,48,8780,8782,8805,2,25
3223,1,48,8785,8786,8808,1,23
2714,4,48,7397,7398,8811,1,1414
2211,5,48,6026,6027,8814,1,2788
3229,7,48,8801,8802,8817,1,16
3224,2,48,8788,8790,8820,2,32
2721,3,48,7416,7418,8823,2,1407
3228,6,48,8799,8800,8826,1,27
2214,8,48,6034,6036,8829,2,2795
3231,1,48,8807,8808,8832,1,25
2722,4,48,7419,7420,8835,1,1416
3236,6,48,8821,8822,8838,1,17
3237,7,48,8823,8825,8841,2,18
3232,2,48,8810,8811,8844,1,34
2729,3,48,7438,7439,8847,1,1409
3239,1,48,8829,8830,8850,1,21
2219,5,48,6047,6048,8853,1,2806
2222,8,48,6055,6057,8856,2,2801
3240,2,48,8832,8834,8859,2,27
2730,4,48,7441,7443,8862,2,1421
3244,6,48,8843,8844,8865,1,22
3245,7,48,8845,8846,8868,1,23
2737,3,48,7460,7461,8871,1,1411
3247,1,48,8851,8853,8874,2,23
2227,5,48,6069,6070,8877,1,2808
2230,8,48,6077,6078,8880,1,2803
3248,2,48,8854,8855,8883,1,29
2738,4,48,7463,7464,8886,1,1423
3252,6,48,8865,8867,8889,2,24
3253,7,48,8867,8868,8892,1,25
3255,1,48,8873,8874,8895,1,22
2745,3,48,7481,7482,8898,1,1417
2235,5,48,6091,6093,8901,2,2810
2238,8,48,6099,6100,8904,1,2805
3256,2,48,8876,8877,8907,1,31
2746,4,48,7484,7485,8910,1,1426
3260,6,48,8887,8888,8913,1,26
3261,7,48,8889,8891,8916,2,27
3263,1,48,8895,8896,8919,1,24
2753,3,48,7503,7505,8922,2,1419
3268,6,48,8909,8910,8925,1,16
3269,7,48,8911,8912,8928,1,17
3264,2,48,8898,8900,8931,2,33
2754,4,48,7506,7507,8934,1,1428
3271,1,48,8916,8917,8937,1,21
2243,5,48,6113,6114,8940,1,2827
2246,8,48,6121,6123,8943,2,2822
3272,2,48,8919,8921,8946,2,27
2761,3,48,7525,7526,8949,1,1424
3276,6,48,8930,8931,8952,1,22
3277,7,48,8932,8933,8955,1,23
2762,4,48,7528,7530,8958,2,1430
3279,1,48,8938,8940,8961,2,23
2251,5,48,6135,6136,8964,1,2829
2254,8,48,6143,6144,8967,1,2824
3280,2,48,8941,8942,8970,1,29
2769,3,48,7547,7548,8973,1,1426
3284,6,48,8952,8954,8976,2,24
3285,7,48,8954,8955,8979,1,25
3287,1,48,8960,8961,8982,1,22
2770,4,48,7550,7551,8985,1,1435
2259,5,48,6156,6158,8988,2,2832
2262,8,48,6164,6165,8991,1,2827
3288,2,48,8963,8964,8994,1,31
2777,3,48,7569,7571,8997,2,1428
3292,6,48,8974,8975,9000,1,26
3293,7,48,8976,8978,9003,2,27
3295,1,48,8982,8983,9006,1,24
2778,4,48,7572,7573,9009,1,1437
3300,6,48,8996,8997,9012,1,16
3301,7,48,8998,8999,9015,1,17
3296,2,48,8985,8987,9018,2,33
2785,3,48,7590,7591,9021,1,1431
2267,5,48,6178,6180,9024,2,2846
2270,8,48,6186,6187,9027,1,2841
3303,1,48,9004,9006,9030,2,26
2786,4,48,7593,7594,9033,1,1440
3308,6,48,9018,9020,9036,2,18
3309,7,48,9020,9021,9039,1,19
3311,1,48,9025,9027,9042,2,17
2793,3,48,7612,7614,9045,2,1433
3304,2,48,9007,9008,9048,1,41
2275,5,48,6200,6201,9051,1,2851
2278,8,48,6208,6209,9054,1,2846
3312,2,48,9028,9030,9057,2,29
2794,4,48,7615,7616,9060,1,1445
3316,6,48,9039,9040,9063,1,24
3317,7,48,9041,9043,9066,2,25
3319,1,48,9047,9048,9069,1,22
2801,3,48,7634,7636,9072,2,1438
2283,5,48,6222,6224,9075,2,2853
2286,8,48,6230,6231,9078,1,2848
3320,2,48,9050,9051,9081,1,31
2802,4,48,7637,7638,9084,1,1447
3324,6,48,9061,9063,9087,2,26
3325,7,48,9063,9064,9090,1,27
3327,1,48,9069,9071,9093,2,24
2809,3,48,7656,7657,9096,1,1440
2291,5,48,6244,6246,9099,2,2855
3333,7,48,9085,9087,9102,2,17
3328,2,48,9072,9073,9105,1,33
2810,4,48,7659,7660,9108,1,1449
3332,6,48,9083,9084,9111,1,28
2294,8,48,6252,6253,9114,1,2862
3335,1,48,9091,9093,9117,2,26
2817,3,48,7678,7680,9120,2,1442
3340,6,48,9105,9106,9123,1,18
3341,7,48,9107,9109,9126,2,19
3343,1,48,9113,9114,9129,1,16
2818,4,48,7681,7682,9132,1,1451
3336,2,48,9094,9096,9135,2,41
2299,5,48,6266,6267,9138,1,2872
2302,8,48,6274,6275,9141,1,2867
3344,2,48,9116,9117,9144,1,28
2825,3,48,7700,7702,9147,2,1447
3348,6,48,9127,9129,9150,2,23
3349,7,48,9129,9130,9153,1,24
3351,1,48,9135,9137,9156,2,21
2826,4,48,7703,7704,9159,1,1456
2307,5,48,6287,6288,9162,1,2875
2310,8,48,6295,6296,9165,1,2870
3352,2,48,9138,9139,9168,1,30
2833,3,48,7721,7723,9171,2,1450
3356,6,48,9149,9150,9174,1,25
3357,7,48,9151,9153,9177,2,26
3359,1,48,9156,9158,9180,2,24
2834,4,48,7724,7725,9183,1,1459
2315,5,48,6309,6311,9186,2,2877
3365,7,48,9172,9174,9189,2,17
3360,2,48,9159,9160,9192,1,33
2841,3,48,7743,7744,9195,1,1452
3364,6,48,9170,9171,9198,1,28
2318,8,48,6317,6318,9201,1,2884
3367,1,48,9178,9180,9204,2,26
2842,4,48,7746,7747,9207,1,1461
3372,6,48,9192,9193,9210,1,18
3373,7,48,9194,9196,9213,2,19
3375,1,48,9200,9201,9216,1,16
2849,3,48,7765,7767,9219,2,1454
3368,2,48,9181,9183,9222,2,41
2323,5,48,6331,6333,9225,2,2894
2326,8,48,6339,6340,9228,1,2889
3376,2,48,9203,9204,9231,1,28
2850,4,48,7768,7769,9234,1,1466
3380,6,48,9214,9216,9237,2,23
3381,7,48,9216,9217,9240,1,24
3383,1,48,9222,9224,9243,2,21
2857,3,48,7787,7789,9246,2,1459
2331,5,48,6353,6354,9249,1,2896
2334,8,48,6361,6362,9252,1,2891
3384,2,48,9225,9226,9255,1,30
2858,4,48,7790,7791,9258,1,1468
3388,6,48,9236,9237,9261,1,25
3389,7,48,9238,9240,9264,2,26
3391,1,48,9244,9246,9267,2,23
2865,3,48,7809,7810,9270,1,1461
2339,5,48,6375,6377,9273,2,2898
2342,8,48,6383,6384,9276,1,2893
3392,2,48,9247,9249,9279,2,32
2866,4,48,7812,7813,9282,1,1470
3396,6,48,9258,9259,9285,1,27
3397,7,48,9260,9262,9288,2,28
3399,1,48,9265,9266,9291,1,26
2873,3,48,7830,7831,9294,1,1464
3404,6,48,9279,9280,9297,1,18
3405,7,48,9281,9282,9300,1,19
3407,1,48,9287,9288,9303,1,16
2874,4,48,7833,7835,9306,2,1473
3400,2,48,9268,9270,9309,2,41
2347,5,48,6396,6397,9312,1,2916
2350,8,48,6404,6405,9315,1,2911
3408,2,48,9290,9291,9318,1,28
2881,3,48,7852,7853,9321,1,1469
3412,6,48,9301,9302,9324,1,23
3413,7,48,9303,9305,9327,2,24
3415,1,48,9309,9310,9330,1,21
2882,4,48,7855,7857,9333,2,1478
2355,5,48,6418,6420,9336,2,2918
2358,8,48,6426,6427,9339,1,2913
3416,2,48,9312,9314,9342,2,30
2889,3,48,7874,7875,9345,1,1471
3420,6,48,9323,9324,9348,1,25
3421,7,48,9325,9326,9351,1,26
3423,1,48,9331,9333,9354,2,23
2890,4,48,7877,7878,9357,1,1480
2363,5,48,6440,6441,9360,1,2920
3429,7,48,9347,9348,9363,1,16
3424,2,48,9334,9335,9366,1,32
2897,3,48,7896,7898,9369,2,1473
3428,6,48,9345,9347,9372,2,27
2366,8,48,6448,6450,9375,2,2927
3431,1,48,9353,9354,9378,1,25
2898,4,48,7899,7900,9381,1,1482
3436,6,48,9367,9368,9384,1,17
3437,7,48,9369,9371,9387,2,18
3432,2,48,9356,9357,9390,1,34
2905,3,48,7918,7919,9393,1,1475
3439,1,48,9375,9376,9396,1,21
2371,5,48,6462,6463,9399,1,2937
2374,8,48,6470,6471,9402,1,2932
3440,2,48,9378,9380,9405,2,27
2906,4,48,7921,7923,9408,2,1487
3444,6,48,9389,9390,9411,1,22
3445,7,48,9391,9392,9414,1,23
3447,1,48,9396,9397,9417,1,21
2913,3,48,7940,7941,9420,1,1480
2379,5,48,6484,6486,9423,2,2939
2382,8,48,6492,6493,9426,1,2934
3448,2,48,9399,9401,9429,2,30
2914,4,48,7943,7944,9432,1,1489
3452,6,48,9410,9411,9435,1,25
3453,7,48,9412,9413,9438,1,26
3455,1,48,9418,9420,9441,2,23
2921,3,48,7961,7962,9444,1,1483
2387,5,48,6506,6507,9447,1,2941
3461,7,48,9434,9435,9450,1,16
3456,2,48,9421,9422,9453,1,32
2922,4,48,7964,7965,9456,1,1492
3460,6,48,9432,9434,9459,2,27
2390,8,48,6514,6516,9462,2,2948
3463,1,48,9440,9441,9465,1,25
2929,3,48,7983,7985,9468,2,1485
3468,6,48,9454,9455,9471,1,17
3469,7,48,9456,9458,9474,2,18
3464,2,48,9443,9444,9477,1,34
2930,4,48,7986,7987,9480,1,1494
3471,1,48,9462,9463,9483,1,21
2395,5,48,6527,6528,9486,1,2959
2398,8,48,6535,6537,9489,2,2954
3472,2,48,9465,9467,9492,2,27
2937,3,48,8005,8006,9495,1,1490
3476,6,48,9476,9477,9498,1,22
3477,7,48,9478,9479,9501,1,23
2938,4,48,8008,8010,9504,2,1496
3479,1,48,9484,9486,9507,2,23
2403,5,48,6549,6550,9510,1,2961
2406,8,48,6557,6558,9513,1,2956
3480,2,48,9487,9488,9516,1,29
2945,3,48,8027,8028,9519,1,1492
3484,6,48,9498,9500,9522,2,24
3485,7,48,9500,9501,9525,1,25
3487,1,48,9505,9507,9528,2,23
2946,4,48,8030,8031,9531,1,1501
2411,5,48,6571,6573,9534,2,2963
2414,8,48,6579,6580,9537,1,2958
3488,2,48,9508,9510,9540,2,32
2953,3,48,8049,8051,9543,2,1494
3492,6,48,9519,9520,9546,1,27
3493,7,48,9521,9523,9549,2,28
3495,1,48,9527,9528,9552,1,25
2954,4,48,8052,8053,9555,1,1503
3500,6,48,9541,9543,9558,2,17
3501,7,48,9543,9544,9561,1,18
3496,2,48,9530,9531,9564,1,34
2961,3,48,8070,8071,9567,1,1497
2419,5,48,6593,6594,9570,1,2977
2422,8,48,6601,6603,9573,2,2972
3503,1,48,9549,9551,9576,2,27
2962,4,48,8073,8074,9579,1,1506
3508,6,48,9563,9564,9582,1,19
3509,7,48,9565,9567,9585,2,20
3511,1,48,9571,9573,9588,2,17
2969,3,48,8092,8094,9591,2,1499
3504,2,48,9552,9553,9594,1,42
2427,5,48,6615,6616,9597,1,2982
2430,8,48,6623,6624,9600,1,2977
3512,2,48,9574,9576,9603,2,29
2970,4,48,8095,8096,9606,1,1511
3516,6,48,9585,9586,9609,1,24
3517,7,48,9587,9589,9612,2,25
3519,1,48,9593,9594,9615,1,22
2977,3,48,8114,8116,9618,2,1504
2435,5,48,6636,6638,9621,2,2985
2438,8,48,6644,6645,9624,1,2980
3520,2,48,9596,9597,9627,1,31
2978,4,48,8117,8118,9630,1,1513
3524,6,48,9607,9609,9633,2,26
3525,7,48,9609,9610,9636,1,27
3527,1,48,9615,9617,9639,2,24
2985,3,48,8136,8137,9642,1,1506
2443,5,48,6658,6660,9645,2,2987
3533,7,48,9631,9633,9648,2,17
3528,2,48,9618,9619,9651,1,33
2986,4,48,8139,8140,9654,1,1515
3532,6,48,9629,9630,9657,1,28
2446,8,48,6666,6667,9660,1,2994
3535,1,48,9636,9638,9663,2,27
2993,3,48,8158,8160,9666,2,1508
3540,6,48,9650,9651,9669,1,19
3541,7,48,9652,9654,9672,2,20
3543,1,48,9658,9660,9675,2,17
2994,4,48,8161,8162,9678,1,1517
3536,2,48,9639,9640,9681,1,42
2451,5,48,6680,6681,9684,1,3004
2454,8,48,6688,6689,9687,1,2999
3544,2,48,9661,9663,9690,2,29
3001,3,48,8180,8182,9693,2,1513
3548,6,48,9672,9673,9696,1,24
3549,7,48,9674,9676,9699,2,25
3551,1,48,9680,9681,9702,1,22
3002,4,48,8183,8184,9705,1,1522
2459,5,48,6702,6704,9708,2,3006
2462,8,48,6710,6711,9711,1,3001
3552,2,48,9683,9684,9714,1,31
3009,3,48,8201,8203,9717,2,1516
3556,6,48,9694,9696,9720,2,26
3557,7,48,9696,9697,9723,1,27
3559,1,48,9702,9704,9726,2,24
3010,4,48,8204,8205,9729,1,1525
2467,5,48,6724,6726,9732,2,3008
3565,7,48,9718,9720,9735,2,17
3560,2,48,9705,9706,9738,1,33
3017,3,48,8223,8224,9741,1,1518
3564,6,48,9716,9717,9744,1,28
2470,8,48,6732,6733,9747,1,3015
3567,1,48,9724,9726,9750,2,26
3018,4,48,8226,8227,9753,1,1527
3572,6,48,9738,9739,9756,1,18
3573,7,48,9740,9742,9759,2,19
3575,1,48,9745,9746,9762,1,17
3568,2,48,9727,9729,9765,2,38
3025,3,48,8245,8247,9768,2,1523
2475,5,48,6746,6747,9771,1,3025
2478,8,48,6754,6755,9774,1,3020
3576,2,48,9748,9750,9777,2,29
3026,4,48,8248,8249,9780,1,1532
3580,6,48,9759,9760,9783,1,24
3581,7,48,9761,9762,9786,1,25
3583,1,48,9767,9768,9789,1,22
3033,3,48,8267,8269,9792,2,1525
2483,5,48,6767,6768,9795,1,3028
2486,8,48,6775,6776,9798,1,3023
3584,2,48,9770,9771,9801,1,31
3034,4,48,8270,8271,9804,1,1534
3588,6,48,9781,9782,9807,1,26
3589,7,48,9783,9785,9810,2,27
3591,1,48,9789,9790,9813,1,24
3041,3,48,8289,8290,9816,1,1527
3596,6,48,9803,9804,9819,1,16
3597,7,48,9805,9806,9822,1,17
3592,2,48,9792,9794,9825,2,33
3042,4,48,8292,8293,9828,1,1536
2491,5,48,6789,6791,9831,2,3042
2494,8,48,6797,6798,9834,1,3037
3599,1,48,9811,9813,9837,2,26
3049,3,48,8310,8311,9840,1,1530
3604,6,48,9825,9827,9843,2,18
3605,7,48,9827,9828,9846,1,19
3607,1,48,9833,9834,9849,1,16
3050,4,48,8313,8315,9852,2,1539
3600,2,48,9814,9815,9855,1,41
2499,5,48,6811,6813,9858,2,3047
2502,8,48,6819,6820,9861,1,3042
3608,2,48,9836,9837,9864,1,28
3057,3,48,8332,8333,9867,1,1535
3612,6,48,9847,9848,9870,1,23
3613,7,48,9849,9851,9873,2,24
3615,1,48,9855,9856,9876,1,21
3058,4,48,8335,8337,9879,2,1544
2507,5,48,6833,6834,9882,1,3049
2510,8,48,6841,6842,9885,1,3044
3616,2,48,9858,9860,9888,2,30
3065,3,48,8354,8355,9891,1,1537
3620,6,48,9869,9870,9894,1,25
3621,7,48,9871,9872,9897,1,26
3623,1,48,9876,9877,9900,1,24
3066,4,48,8357,8358,9903,1,1546
2515,5,48,6855,6857,9906,2,3051
3629,7,48,9892,9893,9909,1,17
3624,2,48,9879,9881,9912,2,33
3073,3,48,8376,8378,9915,2,1539
3628,6,48,9890,9891,9918,1,28
2518,8,48,6863,6864,9921,1,3058
3631,1,48,9898,9900,9924,2,26
3074,4,48,8379,8380,9927,1,1548
3636,6,48,9912,9914,9930,2,18
3637,7,48,9914,9915,9933,1,19
3639,1,48,9920,9921,9936,1,16
3081,3,48,8398,8399,9939,1,1541
3632,2,48,9901,9902,9942,1,41
2523,5,48,6876,6877,9945,1,3069
2526,8,48,6884,6885,9948,1,3064
3640,2,48,9923,9924,9951,1,28
3082,4,48,8401,8403,9954,2,1553
3644,6,48,9934,9935,9957,1,23
3645,7,48,9936,9938,9960,2,24
3647,1,48,9942,9943,9963,1,21
3089,3,48,8420,8421,9966,1,1546
2531,5,48,6898,6900,9969,2,3071
2534,8,48,6906,6907,9972,1,3066
3648,2,48,9945,9947,9975,2,30
3090,4,48,8423,8424,9978,1,1555
3652,6,48,9956,9957,9981,1,25
3653,7,48,9958,9959,9984,1,26
3655,1,48,9964,9966,9987,2,23
3097,3,48,8441,8442,9990,1,1549
2539,5,48,6920,6921,9993,1,3073
3661,7,48,9980,9981,9996,1,16
3656,2,48,9967,9968,9999,1,32
3098,4,48,8444,8445,10002,1,1558
3660,6,48,9978,9980,10005,2,27
2542,8,48,6928,6930,10008,2,3080
3663,1,48,9985,9987,10011,2,26
3105,3,48,8463,8465,10014,2,1551
3668,6,48,9999,10000,10017,1,18
2550,8,48,6950,6951,10020,1,3070
3664,2,48,9988,9990,10023,2,35
3106,4,48,8466,8467,10026,1,1560
2547,5,48,6942,6943,10029,1,3087
2558,8,48,6972,6973,10032,1,3060
3113,3,48,8485,8486,10035,1,1550
2555,5,48,6964,6966,10038,2,3074
2566,8,48,6994,6996,10041,2,3047
3114,4,48,8488,8490,10044,2,1556
2563,5,48,6986,6987,10047,1,3061
2574,8,48,7015,7017,10050,2,3035
3121,3,48,8507,8508,10053,1,1546
2571,5,48,7007,7008,10056,1,3049
2582,8,48,7037,7038,10059,1,3022
3122,4,48,8510,8511,10062,1,1552
2579,5,48,7029,7030,10065,1,3036
2590,8,48,7059,7060,10068,1,3009
3129,3,48,8529,8531,10071,2,1542
2587,5,48,7051,7053,10074,2,3023
2598,8,48,7081,7083,10077,2,2996
3130,4,48,8532,8533,10080,1,1548
2595,5,48,7073,7074,10083,1,3010
2606,8,48,7103,7104,10086,1,2983
3137,3,48,8550,8551,10089,1,1539
2603,5,48,7095,7096,10092,1,2997
2614,8,48,7124,7125,10095,1,2971
3138,4,48,8553,8554,10098,1,1545
2611,5,48,7116,7118,10101,2,2985
2622,8,48,7146,7147,10104,1,2958
3145,3,48,8572,8574,10107,2,1535
2619,5,48,7138,7140,10110,2,2972
2630,8,48,7168,7169,10113,1,2945
3146,4,48,8575,8576,10116,1,1541
2627,5,48,7160,7161,10119,1,2959
2638,8,48,7190,7191,10122,1,2932
3153,3,48,8594,8596,10125,2,1531
2635,5,48,7182,7184,10128,2,2946
2646,8,48,7212,7213,10131,1,2919
3154,4,48,8597,8598,10134,1,1537
2643,5,48,7204,7206,10137,2,2933
2654,8,48,7234,7235,10140,1,2906
3161,3,48,8616,8617,10143,1,1527
2651,5,48,7226,7227,10146,1,2920
2662,8,48,7255,7256,10149,1,2894
3162,4,48,8619,8620,10152,1,1533
2659,5,48,7247,7248,10155,1,2908
2670,8,48,7277,7278,10158,1,2881
3169,3,48,8638,8640,10161,2,1523
2667,5,48,7269,7271,10164,2,2895
2678,8,48,7299,7300,10167,1,2868
3170,4,48,8641,8642,10170,1,1529
2675,5,48,7291,7293,10173,2,2882
2686,8,48,7321,7322,10176,1,2855
3177,3,48,8660,8662,10179,2,1519
2683,5,48,7313,7314,10182,1,2869
2694,8,48,7343,7344,10185,1,2842
3178,4,48,8663,8664,10188,1,1525
2691,5,48,7335,7337,10191,2,2856
2702,8,48,7364,7365,10194,1,2830
3185,3,48,8681,8683,10197,2,1516
2699,5,48,7356,7357,10200,1,2844
2710,8,48,7386,7387,10203,1,2817
3186,4,48,8684,8685,10206,1,1522
2707,5,48,7378,7380,10209,2,2831
2718,8,48,7408,7410,10212,2,2804
3193,3,48,8703,8704,10215,1,1512
2715,5,48,7400,7401,10218,1,2818
2726,8,48,7430,7431,10221,1,2791
3194,4,48,8706,8707,10224,1,1518
2723,5,48,7422,7423,10227,1,2805
2734,8,48,7452,7453,10230,1,2778
3201,3,48,8725,8727,10233,2,1508
2731,5,48,7444,7446,10236,2,2792
2742,8,48,7474,7476,10239,2,2765
3202,4,48,8728,8729,10242,1,1514
2739,5,48,7466,7467,10245,1,2779
2750,8,48,7495,7497,10248,2,2753
3209,3,48,8747,8749,10251,2,1504
2747,5,48,7487,7488,10254,1,2767
2758,8,48,7517,7518,10257,1,2740
3210,4,48,8750,8751,10260,1,1510
2755,5,48,7509,7510,10263,1,2754
2766,8,48,7539,7540,10266,1,2727
3217,3,48,8769,8770,10269,1,1500
2763,5,48,7531,7533,10272,2,2741
2774,8,48,7561,7563,10275,2,2714
3218,4,48,8772,8773,10278,1,1506
2771,5,48,7553,7554,10281,1,2728
2782,8,48,7583,7584,10284,1,2701
3225,3,48,8790,8791,10287,1,1497
2779,5,48,7575,7576,10290,1,2715
2790,8,48,7604,7605,10293,1,2689
3226,4,48,8793,8795,10296,2,1503
2787,5,48,7596,7598,10299,2,2703
2798,8,48,7626,7627,10302,1,2676
3233,3,48,8812,8813,10305,1,1493
2795,5,48,7618,7620,10308,2,2690
2806,8,48,7648,7649,10311,1,2663
3234,4,48,8815,8817,10314,2,1499
2803,5,48,7640,7641,10317,1,2677
2814,8,48,7670,7671,10320,1,2650
3241,3,48,8834,8835,10323,1,1489
2811,5,48,7662,7664,10326,2,2664
2822,8,48,7692,7693,10329,1,2637
3242,4,48,8837,8838,10332,1,1495
2819,5,48,7684,7686,10335,2,2651
2830,8,48,7714,7715,10338,1,2624
3249,3,48,8856,8858,10341,2,1485
2827,5,48,7706,7707,10344,1,2638
2838,8,48,7735,7736,10347,1,2612
3250,4,48,8859,8860,10350,1,1491
2835,5,48,7727,7728,10353,1,2626
2846,8,48,7757,7758,10356,1,2599
3257,3,48,8878,8879,10359,1,1481
2843,5,48,7749,7751,10362,2,2613
2854,8,48,7779,7780,10365,1,2586
3258,4,48,8881,8883,10368,2,1487
2851,5,48,7771,7773,10371,2,2600
2862,8,48,7801,7802,10374,1,2573
3265,3,48,8900,8901,10377,1,1477
2859,5,48,7793,7794,10380,1,2587
2870,8,48,7823,7824,10383,1,2560
3266,4,48,8903,8904,10386,1,1483
2867,5,48,7815,7817,10389,2,2574
2878,8,48,7844,7845,10392,1,2548
3273,3,48,8921,8922,10395,1,1474
2875,5,48,7836,7837,10398,1,2562
2886,8,48,7866,7867,10401,1,2535
3274,4,48,8924,8925,10404,1,1480
2883,5,48,7858,7860,10407,2,2549
2894,8,48,7888,7890,10410,2,2522
3281,3,48,8943,8945,10413,2,1470
2891,5,48,7880,7881,10416,1,2536
2902,8,48,7910,7911,10419,1,2509
3282,4,48,8946,8947,10422,1,1476
2899,5,48,7902,7903,10425,1,2523
2910,8,48,7932,7933,10428,1,2496
3289,3,48,8965,8966,10431,1,1466
2907,5,48,7924,7926,10434,2,2510
2918,8,48,7954,7956,10437,2,2483
3290,4,48,8968,8970,10440,2,1472
2915,5,48,7946,7947,10443,1,2497
2926,8,48,7975,7977,10446,2,2471
3297,3,48,8987,8988,10449,1,1462
2923,5,48,7967,7968,10452,1,2485
2934,8,48,7997,7998,10455,1,2458
3298,4,48,8990,8991,10458,1,1468
2931,5,48,7989,7990,10461,1,2472
2942,8,48,8019,8020,10464,1,2445
3305,3,48,9009,9011,10467,2,1458
2939,5,48,8011,8013,10470,2,2459
2950,8,48,8041,8043,10473,2,2432
3306,4,48,9012,9013,10476,1,1464
2947,5,48,8033,8034,10479,1,2446
2958,8,48,8063,8064,10482,1,2419
3313,3,48,9030,9031,10485,1,1455
2955,5,48,8055,8056,10488,1,2433
2966,8,48,8084,8085,10491,1,2407
3314,4,48,9033,9034,10494,1,1461
2963,5,48,8076,8078,10497,2,2421
2974,8,48,8106,8107,10500,1,2394
3321,3,48,9052,9054,10503,2,1451
2971,5,48,8098,8100,10506,2,2408
2982,8,48,8128,8129,10509,1,2381
3322,4,48,9055,9056,10512,1,1457
2979,5,48,8120,8121,10515,1,2395
2990,8,48,8150,8151,10518,1,2368
3329,3,48,9074,9076,10521,2,1447
2987,5,48,8142,8144,10524,2,2382
2998,8,48,8172,8173,10527,1,2355
3330,4,48,9077,9078,10530,1,1453
2995,5,48,8164,8166,10533,2,2369
3006,8,48,8194,8195,10536,1,2342
3337,3,48,9096,9097,10539,1,1443
3003,5,48,8186,8187,10542,1,2356
3014,8,48,8215,8216,10545,1,2330
3338,4,48,9099,9100,10548,1,1449
3011,5,48,8207,8208,10551,1,2344
3022,8,48,8237,8238,10554,1,2317
3345,3,48,9118,9120,10557,2,1439
3019,5,48,8229,8231,10560,2,2331
3030,8,48,8259,8260,10563,1,2304
3346,4,48,9121,9122,10566,1,1445
3027,5,48,8251,8253,10569,2,2318
3038,8,48,8281,8282,10572,1,2291
3353,3,48,9140,9142,10575,2,1435
3035,5,48,8273,8274,10578,1,2305
3046,8,48,8303,8304,10581,1,2278
3354,4,48,9143,9144,10584,1,1441
3043,5,48,8295,8297,10587,2,2292
3054,8,48,8324,8325,10590,1,2266
3361,3,48,9161,9163,10593,2,1432
3051,5,48,8316,8317,10596,1,2280
3062,8,48,8346,8347,10599,1,2253
3362,4,48,9164,9165,10602,1,1438
3059,5,48,8338,8340,10605,2,2267
3070,8,48,8368,8370,10608,2,2240
3369,3,48,9183,9184,10611,1,1428
3067,5,48,8360,8361,10614,1,2254
3078,8,48,8390,8391,10617,1,2227
3370,4,48,9186,9187,10620,1,1434
3075,5,48,8382,8383,10623,1,2241
3086,8,48,8412,8413,10626,1,2214
3377,3,48,9205,9207,10629,2,1424
3083,5,48,8404,8406,10632,2,2228
3094,8,48,8434,8436,10635,2,2201
3378,4,48,9208,9209,10638,1,1430
3091,5,48,8426,8427,10641,1,2215
3102,8,48,8455,8457,10644,2,2189
3385,3,48,9227,9229,10647,2,1420
3099,5,48,8447,8448,10650,1,2203
3110,8,48,8477,8478,10653,1,2176
3386,4,48,9230,9231,10656,1,1426
3107,5,48,8469,8470,10659,1,2190
3118,8,48,8499,8500,10662,1,2163
3393,3,48,9249,9250,10665,1,1416
3115,5,48,8491,8493,10668,2,2177
3126,8,48,8521,8523,10671,2,2150
3394,4,48,9252,9253,10674,1,1422
3123,5,48,8513,8514,10677,1,2164
3134,8,48,8543,8544,10680,1,2137
3401,3,48,9270,9271,10683,1,1413
3131,5,48,8535,8536,10686,1,2151
3142,8,48,8564,8565,10689,1,2125
3402,4,48,9273,9275,10692,2,1419
3139,5,48,8556,8558,10695,2,2139
3150,8,48,8586,8587,10698,1,2112
3409,3,48,9292,9293,10701,1,1409
3147,5,48,8578,8580,10704,2,2126
3158,8,48,8608,8609,10707,1,2099
3410,4,48,9295,9297,10710,2,1415
3155,5,48,8600,8601,10713,1,2113
3166,8,48,8630,8631,10716,1,2086
3417,3,48,9314,9315,10719,1,1405
3163,5,48,8622,8624,10722,2,2100
3174,8,48,8652,8653,10725,1,2073
3418,4,48,9317,9318,10728,1,1411
3171,5,48,8644,8646,10731,2,2087
3182,8,48,8674,8675,10734,1,2060
3425,3,48,9336,9338,10737,2,1401
3179,5,48,8666,8667,10740,1,2074
3190,8,48,8695,8696,10743,1,2048
3426,4,48,9339,9340,10746,1,1407
3187,5,48,8687,8688,10749,1,2062
3198,8,48,8717,8718,10752,1,2035
3433,3,48,9358,9359,10755,1,1397
3195,5,48,8709,8711,10758,2,2049
3206,8,48,8739,8740,10761,1,2022
3434,4,48,9361,9363,10764,2,1403
3203,5,48,8731,8733,10767,2,2036
3214,8,48,8761,8762,10770,1,2009
3441,3,48,9380,9381,10773,1,1393
3211,5,48,8753,8754,10776,1,2023
3222,8,48,8783,8784,10779,1,1996
3442,4,48,9383,9384,10782,1,1399
3219,5,48,8775,8777,10785,2,2010
3230,8,48,8804,8805,10788,1,1984
3449,3,48,9401,9402,10791,1,1390
3227,5,48,8796,8797,10794,1,1998
3238,8,48,8826,8827,10797,1,1971
3450,4,48,9404,9405,10800,1,1396
3235,5,48,8818,8820,10803,2,1985
3246,8,48,8848,8850,10806,2,1958
3457,3,48,9423,9425,10809,2,1386
3243,5,48,8840,8841,10812,1,1972
3254,8,48,8870,8871,10815,1,1945
3458,4,48,9426,9427,10818,1,1392
3251,5,48,8862,8863,10821,1,1959
3262,8,48,8892,8893,10824,1,1932
3465,3,48,9445,9446,10827,1,1382
3259,5,48,8884,8886,10830,2,1946
3270,8,48,8914,8916,10833,2,1919
3466,4,48,9448,9450,10836,2,1388
3267,5,48,8906,8907,10839,1,1933
3278,8,48,8935,8937,10842,2,1907
3473,3,48,9467,9468,10845,1,1378
3275,5,48,8927,8928,10848,1,1921
3286,8,48,8957,8958,10851,1,1894
3474,4,48,9470,9471,10854,1,1384
3283,5,48,8949,8950,10857,1,1908
3294,8,48,8979,8980,10860,1,1881
3481,3,48,9489,9491,10863,2,1374
3291,5,48,8971,8973,10866,2,1895
3302,8,48,9001,9003,10869,2,1868
3482,4,48,9492,9493,10872,1,1380
3299,5,48,8993,8994,10875,1,1882
3310,8,48,9023,9024,10878,1,1855
3489,3,48,9510,9511,10881,1,1371
3307,5,48,9015,9016,10884,1,1869
3318,8,48,9044,9045,10887,1,1843
3490,4,48,9513,9514,10890,1,1377
3315,5,48,9036,9038,10893,2,1857
3326,8,48,9066,9067,10896,1,1830
3497,3,48,9532,9534,10899,2,1367
3323,5,48,9058,9060,10902,2,1844
3334,8,48,9088,9089,10905,1,1817
3498,4,48,9535,9536,10908,1,1373
3331,5,48,9080,9081,10911,1,1831
3342,8,48,9110,9111,10914,1,1804
3505,3,48,9554,9556,10917,2,1363
3339,5,48,9102,9104,10920,2,1818
3350,8,48,9132,9133,10923,1,1791
3506,4,48,9557,9558,10926,1,1369
3347,5,48,9124,9126,10929,2,1805
3358,8,48,9154,9155,10932,1,1778
3513,3,48,9576,9577,10935,1,1359
3355,5,48,9146,9147,10938,1,1792
3366,8,48,9175,9176,10941,1,1766
3514,4,48,9579,9580,10944,1,1365
3363,5,48,9167,9168,10947,1,1780
3374,8,48,9197,9198,10950,1,1753
3521,3,48,9598,9600,10953,2,1355
3371,5,48,9189,9191,10956,2,1767
3382,8,48,9219,9220,10959,1,1740
3522,4,48,9601,9602,10962,1,1361
3379,5,48,9211,9213,10965,2,1754
3390,8,48,9241,9242,10968,1,1727
3529,3,48,9620,9622,10971,2,1351
3387,5,48,9233,9234,10974,1,1741
3398,8,48,9263,9264,10977,1,1714
3530,4,48,9623,9624,10980,1,1357
3395,5,48,9255,9257,10983,2,1728
3406,8,48,9284,9285,10986,1,1702
3537,3,48,9641,9643,10989,2,1348
3403,5,48,9276,9277,10992,1,1716
3414,8,48,9306,9307,10995,1,1689
3538,4,48,9644,9645,10998,1,1354
3411,5,48,9298,9300,11001,2,1703
3422,8,48,9328,9330,11004,2,1676
3545,3,48,9663,9664,11007,1,1344
3419,5,48,9320,9321,11010,1,1690
3430,8,48,9350,9351,11013,1,1663
3546,4,48,9666,9667,11016,1,1350
3427,5,48,9342,9343,11019,1,1677
3438,8,48,9372,9373,11022,1,1650
3553,3,48,9685,9687,11025,2,1340
3435,5,48,9364,9366,11028,2,1664
3446,8,48,9394,9396,11031,2,1637
3554,4,48,9688,9689,11034,1,1346
3443,5,48,9386,9387,11037,1,1651
3454,8,48,9415,9417,11040,2,1625
3561,3,48,9707,9709,11043,2,1336
3451,5,48,9407,9408,11046,1,1639
3462,8,48,9437,9438,11049,1,1612
3562,4,48,9710,9711,11052,1,1342
3459,5,48,9429,9430,11055,1,1626
3470,8,48,9459,9460,11058,1,1599
3569,3,48,9729,9730,11061,1,1332
3467,5,48,9451,9453,11064,2,1613
3478,8,48,9481,9483,11067,2,1586
3570,4,48,9732,9733,11070,1,1338
3475,5,48,9473,9474,11073,1,1600
3486,8,48,9503,9504,11076,1,1573
3577,3,48,9750,9751,11079,1,1329
3483,5,48,9495,9496,11082,1,1587
3494,8,48,9524,9525,11085,1,1561
3578,4,48,9753,9755,11088,2,1335
3491,5,48,9516,9518,11091,2,1575
3502,8,48,9546,9547,11094,1,1548
3585,3,48,9772,9773,11097,1,1325
3499,5,48,9538,9540,11100,2,1562
3510,8,48,9568,9569,11103,1,1535
3586,4,48,9775,9777,11106,2,1331
3507,5,48,9560,9561,11109,1,1549
3518,8,48,9590,9591,11112,1,1522
3593,3,48,9794,9795,11115,1,1321
3515,5,48,9582,9584,11118,2,1536
3526,8,48,9612,9613,11121,1,1509
3594,4,48,9797,9798,11124,1,1327
3523,5,48,9604,9606,11127,2,1523
3534,8,48,9634,9635,11130,1,1496
3601,3,48,9816,9818,11133,2,1317
3531,5,48,9626,9627,11136,1,1510
3542,8,48,9655,9656,11139,1,1484
3602,4,48,9819,9820,11142,1,1323
3539,5,48,9647,9648,11145,1,1498
3550,8,48,9677,9678,11148,1,1471
3609,3,48,9838,9839,11151,1,1313
3547,5,48,9669,9671,11154,2,1485
3558,8,48,9699,9700,11157,1,1458
3610,4,48,9841,9843,11160,2,1319
3555,5,48,9691,9693,11163,2,1472
3566,8,48,9721,9722,11166,1,1445
3617,3,48,9860,9861,11169,1,1309
3563,5,48,9713,9714,11172,1,1459
3574,8,48,9743,9744,11175,1,1432
3618,4,48,9863,9864,11178,1,1315
3571,5,48,9735,9737,11181,2,1446
3582,8,48,9764,9765,11184,1,1420
3625,3,48,9881,9882,11187,1,1306
3579,5,48,9756,9757,11190,1,1434
3590,8,48,9786,9787,11193,1,1407
3626,4,48,9884,9885,11196,1,1312
3587,5,48,9778,9780,11199,2,1421
3598,8,48,9808,9810,11202,2,1394
3633,3,48,9903,9905,11205,2,1302
3595,5,48,9800,9801,11208,1,1408
3606,8,48,9830,9831,11211,1,1381
3634,4,48,9906,9907,11214,1,1308
3603,5,48,9822,9823,11217,1,1395
3614,8,48,9852,9853,11220,1,1368
3641,3,48,9925,9926,11223,1,1298
3611,5,48,9844,9846,11226,2,1382
3622,8,48,9874,9876,11229,2,1355
3642,4,48,9928,9930,11232,2,1304
3619,5,48,9866,9867,11235,1,1369
3630,8,48,9895,9897,11238,2,1343
3649,3,48,9947,9948,11241,1,1294
3627,5,48,9887,9888,11244,1,1357
3638,8,48,9917,9918,11247,1,1330
3650,4,48,9950,9951,11250,1,1300
3635,5,48,9909,9910,11253,1,1344
3646,8,48,9939,9940,11256,1,1317
3657,3,48,9969,9971,11259,2,1290
3643,5,48,9931,9933,11262,2,1331
3654,8,48,9961,9963,11265,2,1304
3658,4,48,9972,9973,11268,1,1296
3651,5,48,9953,9954,11271,1,1318
3662,8,48,9983,9984,11274,1,1291
3665,3,48,9990,9991,11277,1,1287
3659,5,48,9975,9976,11280,1,1305
3666,4,48,9993,9994,11283,1,1290
3667,5,48,9996,9998,11286,2,1290
