request_id,global_flow_id,size_bytes,arrival_cycle,admitted_cycle,completed_cycle,admission_delay_cycles,sojourn_cycles
1,1,48,0,1,24,1,24
3,3,48,5,7,27,2,22
2,2,48,3,4,30,1,27
4,4,48,8,10,33,2,25
6,6,48,14,16,36,2,22
7,7,48,16,17,39,1,23
5,5,48,11,12,42,1,31
8,8,48,19,21,45,2,26
9,9,48,22,23,48,1,26
12,12,48,30,31,51,1,21
10,10,48,25,26,54,1,29
11,11,48,27,28,57,1,30
13,13,48,33,34,60,1,27
15,15,48,38,39,63,1,25
14,14,48,35,37,66,2,31
16,16,48,41,43,69,2,28
18,18,48,46,47,72,1,26
19,19,48,49,50,75,1,26
17,17,48,44,46,78,2,34
20,20,48,52,54,81,2,29
21,21,48,55,56,84,1,29
24,24,48,63,64,87,1,24
22,22,48,57,59,90,2,33
23,23,48,60,61,93,1,33
25,25,48,65,67,96,2,31
27,27,48,71,72,99,1,28
30,30,48,79,81,102,2,23
26,26,48,68,70,105,2,37
28,28,48,74,76,108,2,34
29,29,48,76,77,111,1,35
31,31,48,82,83,114,1,32
33,1,48,87,88,117,1,30
32,32,48,85,86,120,1,35
34,2,48,90,91,123,1,33
35,3,48,92,94,126,2,34
38,6,48,101,103,129,2,28
39,7,48,103,104,132,1,29
36,4,48,95,97,135,2,40
37,5,48,98,99,138,1,40
40,8,48,106,108,141,2,35
41,9,48,109,110,144,1,35
44,12,48,117,118,147,1,30
45,13,48,120,121,150,1,30
42,10,48,112,113,153,1,41
43,11,48,114,115,156,1,42
46,14,48,122,124,159,2,37
47,15,48,125,126,162,1,37
50,18,48,133,134,165,1,32
51,19,48,136,137,168,1,32
48,16,48,128,130,171,2,43
49,17,48,131,133,174,2,43
52,20,48,139,141,177,2,38
53,21,48,142,143,180,1,38
56,24,48,150,151,183,1,33
57,25,48,152,154,186,2,34
54,22,48,144,146,189,2,45
55,23,48,147,148,192,1,45
58,26,48,155,157,195,2,40
59,27,48,158,159,198,1,40
62,30,48,166,168,201,2,35
63,31,48,169,170,204,1,35
60,28,48,161,163,207,2,46
61,29,48,163,164,210,1,47
64,32,48,172,173,213,1,41
65,1,48,175,177,216,2,41
67,3,48,180,182,219,2,39
70,6,48,189,190,222,1,33
71,7,48,191,193,225,2,34
66,2,48,178,179,228,1,50
68,4,48,183,184,231,1,48
69,5,48,186,187,234,1,48
72,8,48,194,195,237,1,43
73,9,48,197,199,240,2,43
76,12,48,205,206,243,1,38
77,13,48,208,210,246,2,38
79,15,48,213,214,249,1,36
74,10,48,200,202,252,2,52
75,11,48,202,203,255,1,53
78,14,48,210,211,258,1,48
80,16,48,216,217,261,1,45
82,18,48,221,222,264,1,43
83,19,48,224,226,267,2,43
85,21,48,230,231,270,1,40
88,24,48,238,239,273,1,35
81,17,48,219,220,276,1,57
84,20,48,227,229,279,2,52
86,22,48,232,234,282,2,50
87,23,48,235,236,285,1,50
89,25,48,240,241,288,1,48
91,27,48,246,247,291,1,45
94,30,48,254,256,294,2,40
95,31,48,257,259,297,2,40
90,26,48,243,244,300,1,57
92,28,48,249,250,303,1,54
93,29,48,251,252,306,1,55
96,32,48,260,261,309,1,49
97,1,48,262,264,312,2,50
99,3,48,267,269,315,2,48
102,6,48,276,277,318,1,42
103,7,48,278,280,321,2,43
105,9,48,284,286,324,2,40
98,2,48,265,266,327,1,62
100,4,48,270,271,330,1,60
101,5,48,273,274,333,1,60
104,8,48,281,282,336,1,55
106,10,48,287,289,339,2,52
108,12,48,292,293,342,1,50
109,13,48,295,297,345,2,50
111,15,48,300,301,348,1,48
114,18,48,308,309,351,1,43
115,19,48,311,313,354,2,43
107,11,48,289,290,357,1,68
110,14,48,297,298,360,1,63
112,16,48,303,304,363,1,60
113,17,48,306,307,366,1,60
116,20,48,314,316,369,2,55
117,21,48,317,318,372,1,55
120,24,48,325,326,375,1,50
121,25,48,327,328,378,1,51
123,27,48,333,334,381,1,48
126,30,48,341,343,384,2,43
118,22,48,319,321,387,2,68
119,23,48,322,323,390,1,68
122,26,48,330,331,393,1,63
124,28,48,336,337,396,1,60
125,29,48,338,339,399,1,61
127,31,48,344,346,402,2,58
129,1,48,349,351,405,2,56
131,3,48,354,356,408,2,54
134,6,48,363,364,411,1,48
135,7,48,365,367,414,2,49
137,9,48,371,373,417,2,46
128,32,48,347,348,420,1,73
130,2,48,352,353,423,1,71
132,4,48,357,358,426,1,69
133,5,48,360,361,429,1,69
136,8,48,368,369,432,1,64
138,10,48,374,376,435,2,61
140,12,48,379,380,438,1,59
141,13,48,382,384,441,2,59
143,15,48,387,388,444,1,57
146,18,48,395,396,447,1,52
147,19,48,398,400,450,2,52
149,21,48,404,405,453,1,49
139,11,48,376,377,456,1,80
142,14,48,384,385,459,1,75
144,16,48,390,391,462,1,72
145,17,48,393,394,465,1,72
148,20,48,401,403,468,2,67
150,22,48,406,408,471,2,65
152,24,48,412,413,474,1,62
153,25,48,414,415,477,1,63
155,27,48,420,421,480,1,60
158,30,48,428,430,483,2,55
159,31,48,431,433,486,2,55
161,1,48,436,438,489,2,53
163,3,48,441,443,492,2,51
151,23,48,409,410,495,1,86
154,26,48,417,418,498,1,81
156,28,48,423,424,501,1,78
157,29,48,425,426,504,1,79
160,32,48,434,435,507,1,73
162,2,48,439,440,510,1,71
164,4,48,444,445,513,1,69
166,6,48,450,451,516,1,66
167,7,48,452,454,519,2,67
169,9,48,458,460,522,2,64
172,12,48,466,467,525,1,59
173,13,48,469,471,528,2,59
175,15,48,474,475,531,1,57
178,18,48,482,483,534,1,52
165,5,48,447,448,537,1,90
168,8,48,455,456,540,1,85
170,10,48,461,463,543,2,82
171,11,48,463,464,546,1,83
174,14,48,471,472,549,1,78
176,16,48,477,478,552,1,75
177,17,48,480,481,555,1,75
179,19,48,485,487,558,2,73
181,21,48,491,492,561,1,70
184,24,48,499,500,564,1,65
185,25,48,501,502,567,1,66
187,27,48,507,508,570,1,63
190,30,48,515,517,573,2,58
191,31,48,518,520,576,2,58
180,20,48,488,490,579,2,91
182,22,48,493,495,582,2,89
183,23,48,496,497,585,1,89
186,26,48,504,505,588,1,84
188,28,48,510,511,591,1,81
189,29,48,512,513,594,1,82
192,32,48,521,522,597,1,76
193,1,48,524,526,600,2,76
195,3,48,529,530,603,1,74
198,6,48,538,539,606,1,68
199,7,48,540,542,609,2,69
201,9,48,546,547,612,1,66
204,12,48,554,555,615,1,61
205,13,48,557,559,618,2,61
207,15,48,562,564,621,2,59
225,1,48,611,613,624,2,13
196,4,48,532,533,627,1,95
197,5,48,535,537,630,2,95
200,8,48,543,544,633,1,90
202,10,48,549,550,636,1,87
203,11,48,551,553,639,2,88
206,14,48,559,560,642,1,83
208,16,48,565,566,645,1,80
210,18,48,570,571,648,1,78
211,19,48,573,574,651,1,78
213,21,48,579,580,654,1,75
216,24,48,587,589,657,2,70
217,25,48,589,590,660,1,71
219,27,48,595,597,663,2,68
222,30,48,603,604,666,1,63
223,31,48,606,607,669,1,63
209,17,48,568,569,672,1,104
243,19,48,660,661,675,1,15
214,22,48,581,582,678,1,97
215,23,48,584,586,681,2,97
218,26,48,592,593,684,1,92
220,28,48,598,599,687,1,89
221,29,48,600,602,690,2,90
224,32,48,609,610,693,1,84
194,2,48,527,529,696,2,169
227,3,48,616,618,699,2,83
230,6,48,625,627,702,2,77
231,7,48,627,628,705,1,78
233,9,48,633,634,708,1,75
236,12,48,641,643,711,2,70
237,13,48,644,646,714,2,70
239,15,48,649,650,717,1,68
257,1,48,698,699,720,1,22
228,4,48,619,620,723,1,104
229,5,48,622,623,726,1,104
263,7,48,714,715,729,1,15
234,10,48,636,637,732,1,96
235,11,48,638,639,735,1,97
238,14,48,646,647,738,1,92
240,16,48,652,654,741,2,89
242,18,48,657,659,744,2,87
212,20,48,576,577,747,1,171
245,21,48,666,667,750,1,84
248,24,48,674,676,753,2,79
249,25,48,676,677,756,1,80
251,27,48,682,683,759,1,77
254,30,48,690,691,762,1,72
255,31,48,693,694,765,1,72
274,18,48,744,746,768,2,24
275,19,48,747,748,771,1,24
246,22,48,668,670,774,2,106
247,23,48,671,672,777,1,106
281,25,48,763,764,780,1,17
252,28,48,685,686,783,1,98
253,29,48,687,688,786,1,99
256,32,48,696,697,789,1,93
226,2,48,614,615,792,1,178
259,3,48,703,704,795,1,92
262,6,48,712,713,798,1,86
232,8,48,630,631,801,1,171
265,9,48,720,721,804,1,84
268,12,48,728,730,807,2,79
269,13,48,731,733,810,2,79
271,15,48,736,737,813,1,77
289,1,48,785,786,816,1,31
260,4,48,706,708,819,2,113
294,6,48,799,800,822,1,23
295,7,48,801,802,825,1,24
266,10,48,723,724,828,1,105
267,11,48,725,726,831,1,106
301,13,48,818,820,834,2,16
272,16,48,739,741,837,2,98
241,17,48,655,656,840,1,185
244,20,48,663,664,843,1,180
277,21,48,753,754,846,1,93
280,24,48,761,763,849,2,88
250,26,48,679,681,852,2,173
283,27,48,769,770,855,1,86
286,30,48,777,778,858,1,81
287,31,48,780,781,861,1,81
306,18,48,831,833,864,2,33
307,19,48,834,835,867,1,33
278,22,48,755,757,870,2,115
312,24,48,848,850,873,2,25
313,25,48,850,851,876,1,26
284,28,48,772,773,879,1,107
285,29,48,774,775,882,1,108
319,31,48,867,868,885,1,18
321,1,48,873,874,888,1,15
291,3,48,790,791,891,1,101
261,5,48,709,710,894,1,185
264,8,48,717,718,897,1,180
297,9,48,807,808,900,1,93
300,12,48,815,817,903,2,88
270,14,48,733,734,906,1,173
303,15,48,823,824,909,1,86
258,2,48,701,703,912,2,211
292,4,48,793,795,915,2,122
326,6,48,887,889,918,2,31
327,7,48,889,890,921,1,32
298,10,48,810,811,924,1,114
332,12,48,903,904,927,1,24
333,13,48,906,907,930,1,24
304,16,48,826,828,933,2,107
273,17,48,742,743,936,1,194
339,19,48,922,924,939,2,17
309,21,48,840,841,942,1,102
279,23,48,758,759,945,1,187
282,26,48,766,768,948,2,182
315,27,48,856,857,951,1,95
318,30,48,864,865,954,1,90
288,32,48,783,784,957,1,174
338,18,48,919,920,960,1,41
276,20,48,750,751,963,1,213
310,22,48,842,844,966,2,124
344,24,48,936,937,969,1,33
345,25,48,938,940,972,2,34
316,28,48,859,860,975,1,116
350,30,48,952,953,978,1,26
351,31,48,955,957,981,2,26
353,1,48,960,962,984,2,24
323,3,48,878,880,987,2,109
293,5,48,796,797,990,1,194
359,7,48,976,978,993,2,17
329,9,48,895,897,996,2,101
299,11,48,812,813,999,1,187
302,14,48,820,821,1002,1,182
335,15,48,911,913,1005,2,94
290,2,48,788,790,1008,2,220
324,4,48,881,882,1011,1,130
358,6,48,974,975,1014,1,40
296,8,48,804,805,1017,1,213
330,10,48,898,899,1020,1,122
364,12,48,990,991,1023,1,33
365,13,48,993,994,1026,1,33
336,16,48,914,915,1029,1,115
370,18,48,1006,1007,1032,1,26
371,19,48,1009,1010,1035,1,26
341,21,48,928,929,1038,1,110
311,23,48,845,846,1041,1,196
377,25,48,1025,1027,1044,2,19
347,27,48,944,946,1047,2,103
317,29,48,861,862,1050,1,189
320,32,48,870,871,1053,1,183
305,17,48,829,830,1056,1,227
308,20,48,837,838,1059,1,222
342,22,48,930,931,1062,1,132
376,24,48,1023,1024,1065,1,42
314,26,48,853,855,1068,2,215
348,28,48,947,949,1071,2,124
382,30,48,1039,1041,1074,2,35
383,31,48,1042,1043,1077,1,35
385,1,48,1047,1048,1080,1,33
355,3,48,965,966,1083,1,118
390,6,48,1061,1063,1086,2,25
391,7,48,1063,1064,1089,1,26
361,9,48,982,983,1092,1,110
331,11,48,900,902,1095,2,195
397,13,48,1080,1081,1098,1,18
367,15,48,998,999,1101,1,103
322,2,48,876,877,1104,1,228
356,4,48,968,970,1107,2,139
325,5,48,884,886,1110,2,226
328,8,48,892,893,1113,1,221
362,10,48,985,987,1116,2,131
396,12,48,1077,1078,1119,1,42
334,14,48,908,910,1122,2,214
368,16,48,1001,1003,1125,2,124
402,18,48,1093,1094,1128,1,35
403,19,48,1096,1097,1131,1,35
373,21,48,1015,1016,1134,1,119
408,24,48,1110,1111,1137,1,27
409,25,48,1112,1114,1140,2,28
379,27,48,1031,1032,1143,1,112
414,30,48,1126,1128,1146,2,20
415,31,48,1129,1130,1149,1,20
337,17,48,917,919,1152,2,235
340,20,48,925,926,1155,1,230
374,22,48,1017,1019,1158,2,141
343,23,48,933,934,1161,1,228
346,26,48,941,942,1164,1,223
380,28,48,1034,1036,1167,2,133
349,29,48,949,950,1170,1,221
352,32,48,958,959,1173,1,215
417,1,48,1135,1137,1176,2,41
387,3,48,1052,1054,1179,2,127
422,6,48,1149,1150,1182,1,33
423,7,48,1151,1153,1185,2,34
393,9,48,1069,1070,1188,1,119
428,12,48,1165,1166,1191,1,26
429,13,48,1168,1170,1194,2,26
399,15,48,1085,1086,1197,1,112
354,2,48,963,964,1200,1,237
388,4,48,1055,1057,1203,2,148
357,5,48,971,973,1206,2,235
360,8,48,979,980,1209,1,230
394,10,48,1072,1073,1212,1,140
363,11,48,987,988,1215,1,228
366,14,48,995,997,1218,2,223
400,16,48,1088,1090,1221,2,133
434,18,48,1181,1182,1224,1,43
435,19,48,1184,1186,1227,2,43
405,21,48,1102,1103,1230,1,128
440,24,48,1198,1199,1233,1,35
441,25,48,1200,1201,1236,1,36
411,27,48,1118,1119,1239,1,121
446,30,48,1214,1216,1242,2,28
447,31,48,1217,1219,1245,2,28
369,17,48,1004,1006,1248,2,244
372,20,48,1012,1014,1251,2,239
406,22,48,1104,1106,1254,2,150
375,23,48,1020,1021,1257,1,237
378,26,48,1028,1030,1260,2,232
412,28,48,1121,1123,1263,2,142
381,29,48,1036,1037,1266,1,230
384,32,48,1045,1046,1269,1,224
449,1,48,1222,1224,1272,2,50
419,3,48,1140,1142,1275,2,135
454,6,48,1236,1237,1278,1,42
455,7,48,1238,1240,1281,2,43
425,9,48,1157,1159,1284,2,127
460,12,48,1252,1253,1287,1,35
461,13,48,1255,1257,1290,2,35
431,15,48,1173,1174,1293,1,120
386,2,48,1050,1051,1296,1,246
420,4,48,1143,1144,1299,1,156
389,5,48,1058,1059,1302,1,244
392,8,48,1066,1068,1305,2,239
426,10,48,1160,1162,1308,2,148
395,11,48,1074,1075,1311,1,237
398,14,48,1082,1084,1314,2,232
432,16,48,1176,1177,1317,1,141
466,18,48,1268,1269,1320,1,52
467,19,48,1271,1273,1323,2,52
437,21,48,1190,1191,1326,1,136
472,24,48,1285,1286,1329,1,44
473,25,48,1287,1288,1332,1,45
443,27,48,1206,1207,1335,1,129
478,30,48,1301,1303,1338,2,37
479,31,48,1304,1306,1341,2,37
401,17,48,1091,1093,1344,2,253
404,20,48,1099,1101,1347,2,248
438,22,48,1192,1194,1350,2,158
407,23,48,1107,1108,1353,1,246
410,26,48,1115,1117,1356,2,241
444,28,48,1209,1210,1359,1,150
413,29,48,1123,1124,1362,1,239
416,32,48,1132,1133,1365,1,233
481,1,48,1309,1311,1368,2,59
451,3,48,1227,1229,1371,2,144
486,6,48,1323,1324,1374,1,51
487,7,48,1325,1327,1377,2,52
457,9,48,1244,1246,1380,2,136
492,12,48,1339,1340,1383,1,44
493,13,48,1342,1344,1386,2,44
463,15,48,1260,1261,1389,1,129
418,2,48,1138,1139,1392,1,254
452,4,48,1230,1231,1395,1,165
421,5,48,1146,1147,1398,1,252
424,8,48,1154,1155,1401,1,247
458,10,48,1247,1249,1404,2,157
427,11,48,1162,1163,1407,1,245
430,14,48,1170,1171,1410,1,240
464,16,48,1263,1264,1413,1,150
498,18,48,1355,1356,1416,1,61
499,19,48,1358,1360,1419,2,61
469,21,48,1277,1278,1422,1,145
504,24,48,1372,1373,1425,1,53
505,25,48,1374,1375,1428,1,54
475,27,48,1293,1294,1431,1,138
510,30,48,1388,1390,1434,2,46
511,31,48,1391,1393,1437,2,46
433,17,48,1179,1180,1440,1,261
436,20,48,1187,1189,1443,2,256
470,22,48,1279,1281,1446,2,167
439,23,48,1195,1196,1449,1,254
442,26,48,1203,1204,1452,1,249
476,28,48,1296,1297,1455,1,159
445,29,48,1211,1212,1458,1,247
448,32,48,1220,1221,1461,1,241
513,1,48,1396,1398,1464,2,68
483,3,48,1314,1316,1467,2,153
518,6,48,1410,1411,1470,1,60
519,7,48,1412,1414,1473,2,61
489,9,48,1331,1333,1476,2,145
524,12,48,1426,1427,1479,1,53
525,13,48,1429,1431,1482,2,53
495,15,48,1347,1348,1485,1,138
450,2,48,1225,1226,1488,1,263
484,4,48,1317,1318,1491,1,174
453,5,48,1233,1234,1494,1,261
456,8,48,1241,1242,1497,1,256
490,10,48,1334,1336,1500,2,166
459,11,48,1249,1250,1503,1,254
462,14,48,1257,1258,1506,1,249
496,16,48,1350,1351,1509,1,159
530,18,48,1442,1443,1512,1,70
531,19,48,1445,1447,1515,2,70
501,21,48,1364,1365,1518,1,154
536,24,48,1459,1460,1521,1,62
537,25,48,1461,1462,1524,1,63
507,27,48,1380,1381,1527,1,147
542,30,48,1475,1477,1530,2,55
543,31,48,1478,1480,1533,2,55
465,17,48,1266,1267,1536,1,270
468,20,48,1274,1276,1539,2,265
502,22,48,1366,1368,1542,2,176
471,23,48,1282,1283,1545,1,263
474,26,48,1290,1291,1548,1,258
508,28,48,1383,1384,1551,1,168
477,29,48,1298,1299,1554,1,256
480,32,48,1307,1308,1557,1,250
545,1,48,1484,1486,1560,2,76
515,3,48,1401,1403,1563,2,162
550,6,48,1498,1499,1566,1,68
551,7,48,1500,1502,1569,2,69
521,9,48,1418,1420,1572,2,154
556,12,48,1514,1515,1575,1,61
557,13,48,1517,1519,1578,2,61
527,15,48,1434,1435,1581,1,147
577,1,48,1571,1573,1584,2,13
516,4,48,1404,1405,1587,1,183
485,5,48,1320,1321,1590,1,270
488,8,48,1328,1329,1593,1,265
522,10,48,1421,1423,1596,2,175
491,11,48,1336,1337,1599,1,263
494,14,48,1344,1345,1602,1,258
528,16,48,1437,1438,1605,1,168
562,18,48,1530,1531,1608,1,78
563,19,48,1533,1534,1611,1,78
533,21,48,1451,1452,1614,1,163
568,24,48,1547,1549,1617,2,70
569,25,48,1549,1550,1620,1,71
539,27,48,1467,1468,1623,1,156
574,30,48,1563,1564,1626,1,63
575,31,48,1566,1567,1629,1,63
497,17,48,1353,1354,1632,1,279
595,19,48,1620,1621,1635,1,15
534,22,48,1453,1455,1638,2,185
503,23,48,1369,1370,1641,1,272
506,26,48,1377,1378,1644,1,267
540,28,48,1470,1471,1647,1,177
509,29,48,1385,1386,1650,1,265
512,32,48,1394,1395,1653,1,259
482,2,48,1312,1313,1656,1,344
547,3,48,1489,1490,1659,1,170
582,6,48,1585,1587,1662,2,77
583,7,48,1587,1588,1665,1,78
553,9,48,1506,1507,1668,1,162
588,12,48,1601,1603,1671,2,70
589,13,48,1604,1606,1674,2,70
559,15,48,1522,1524,1677,2,155
609,1,48,1658,1659,1680,1,22
548,4,48,1492,1493,1683,1,191
517,5,48,1407,1408,1686,1,279
615,7,48,1674,1675,1689,1,15
554,10,48,1509,1510,1692,1,183
523,11,48,1423,1424,1695,1,272
526,14,48,1431,1432,1698,1,267
560,16,48,1525,1526,1701,1,176
594,18,48,1617,1619,1704,2,87
500,20,48,1361,1363,1707,2,346
565,21,48,1539,1540,1710,1,171
600,24,48,1634,1636,1713,2,79
601,25,48,1636,1637,1716,1,80
571,27,48,1555,1557,1719,2,164
606,30,48,1650,1651,1722,1,72
607,31,48,1653,1654,1725,1,72
626,18,48,1704,1706,1728,2,24
627,19,48,1707,1708,1731,1,24
566,22,48,1541,1542,1734,1,193
535,23,48,1456,1457,1737,1,281
633,25,48,1723,1724,1740,1,17
572,28,48,1558,1559,1743,1,185
541,29,48,1472,1473,1746,1,274
544,32,48,1481,1482,1749,1,268
514,2,48,1399,1400,1752,1,353
579,3,48,1576,1578,1755,2,179
614,6,48,1672,1673,1758,1,86
520,8,48,1415,1416,1761,1,346
585,9,48,1593,1594,1764,1,171
620,12,48,1688,1690,1767,2,79
621,13,48,1691,1693,1770,2,79
591,15,48,1609,1610,1773,1,164
641,1,48,1745,1746,1776,1,31
580,4,48,1579,1580,1779,1,200
646,6,48,1759,1760,1782,1,23
647,7,48,1761,1762,1785,1,24
586,10,48,1596,1597,1788,1,192
555,11,48,1511,1513,1791,2,280
653,13,48,1778,1780,1794,2,16
592,16,48,1612,1614,1797,2,185
529,17,48,1440,1441,1800,1,360
532,20,48,1448,1450,1803,2,355
597,21,48,1626,1627,1806,1,180
632,24,48,1721,1723,1809,2,88
538,26,48,1464,1465,1812,1,348
603,27,48,1642,1643,1815,1,173
638,30,48,1737,1738,1818,1,81
639,31,48,1740,1741,1821,1,81
658,18,48,1791,1793,1824,2,33
659,19,48,1794,1795,1827,1,33
598,22,48,1628,1630,1830,2,202
664,24,48,1808,1810,1833,2,25
665,25,48,1810,1811,1836,1,26
604,28,48,1645,1646,1839,1,194
573,29,48,1560,1562,1842,2,282
671,31,48,1827,1828,1845,1,18
673,1,48,1833,1834,1848,1,15
611,3,48,1663,1664,1851,1,188
549,5,48,1495,1497,1854,2,359
552,8,48,1503,1504,1857,1,354
617,9,48,1680,1681,1860,1,180
652,12,48,1775,1777,1863,2,88
558,14,48,1519,1520,1866,1,347
623,15,48,1696,1697,1869,1,173
546,2,48,1487,1489,1872,2,385
612,4,48,1666,1668,1875,2,209
678,6,48,1847,1849,1878,2,31
679,7,48,1849,1850,1881,1,32
618,10,48,1683,1684,1884,1,201
684,12,48,1863,1864,1887,1,24
685,13,48,1866,1867,1890,1,24
624,16,48,1699,1701,1893,2,194
561,17,48,1528,1529,1896,1,368
691,19,48,1882,1884,1899,2,17
629,21,48,1713,1714,1902,1,189
567,23,48,1544,1546,1905,2,361
570,26,48,1552,1553,1908,1,356
635,27,48,1729,1730,1911,1,182
670,30,48,1824,1825,1914,1,90
576,32,48,1569,1570,1917,1,348
690,18,48,1879,1880,1920,1,41
564,20,48,1536,1537,1923,1,387
630,22,48,1715,1717,1926,2,211
696,24,48,1896,1897,1929,1,33
697,25,48,1898,1900,1932,2,34
636,28,48,1732,1733,1935,1,203
702,30,48,1912,1913,1938,1,26
703,31,48,1915,1917,1941,2,26
705,1,48,1920,1922,1944,2,24
643,3,48,1750,1751,1947,1,197
581,5,48,1582,1583,1950,1,368
711,7,48,1936,1938,1953,2,17
649,9,48,1767,1768,1956,1,189
587,11,48,1598,1599,1959,1,361
590,14,48,1606,1607,1962,1,356
655,15,48,1783,1784,1965,1,182
578,2,48,1574,1575,1968,1,394
644,4,48,1753,1755,1971,2,218
710,6,48,1934,1935,1974,1,40
584,8,48,1590,1591,1977,1,387
650,10,48,1770,1771,1980,1,210
716,12,48,1950,1951,1983,1,33
717,13,48,1953,1954,1986,1,33
656,16,48,1786,1788,1989,2,203
722,18,48,1966,1967,1992,1,26
723,19,48,1969,1970,1995,1,26
661,21,48,1800,1801,1998,1,198
599,23,48,1631,1632,2001,1,370
729,25,48,1985,1987,2004,2,19
667,27,48,1816,1817,2007,1,191
605,29,48,1647,1648,2010,1,363
608,32,48,1656,1657,2013,1,357
593,17,48,1615,1616,2016,1,401
596,20,48,1623,1624,2019,1,396
662,22,48,1802,1804,2022,2,220
728,24,48,1983,1984,2025,1,42
602,26,48,1639,1641,2028,2,389
668,28,48,1819,1820,2031,1,212
734,30,48,1999,2001,2034,2,35
640,32,48,1743,1744,2037,1,294
735,1,48,2000,2002,2040,2,40
675,3,48,1838,1840,2043,2,205
740,6,48,2014,2015,2046,1,32
741,7,48,2016,2018,2049,2,33
681,9,48,1855,1857,2052,2,197
619,11,48,1685,1686,2055,1,370
747,13,48,2033,2039,2058,6,25
687,15,48,1871,1873,2061,2,190
610,2,48,1661,1663,2064,2,403
676,4,48,1841,1842,2067,1,226
613,5,48,1669,1670,2070,1,401
616,8,48,1677,1678,2073,1,396
682,10,48,1858,1859,2076,1,218
746,12,48,2030,2038,2079,8,49
622,14,48,1693,1694,2082,1,389
688,16,48,1874,1875,2085,1,211
752,18,48,2046,2047,2088,1,42
753,19,48,2049,2050,2091,1,42
693,21,48,1888,1889,2094,1,206
758,24,48,2063,2065,2097,2,34
759,25,48,2065,2066,2100,1,35
699,27,48,1904,1906,2103,2,199
764,30,48,2079,2080,2106,1,27
765,31,48,2082,2083,2109,1,27
625,17,48,1702,1703,2112,1,410
628,20,48,1710,1711,2115,1,405
694,22,48,1890,1891,2118,1,228
631,23,48,1718,1719,2121,1,403
634,26,48,1726,1728,2124,2,398
700,28,48,1907,1909,2127,2,220
637,29,48,1734,1735,2130,1,396
672,32,48,1830,1831,2133,1,303
769,1,48,2093,2095,2136,2,43
707,3,48,1925,1926,2139,1,214
774,6,48,2107,2109,2142,2,35
775,7,48,2109,2110,2145,1,36
713,9,48,1942,1943,2148,1,206
780,12,48,2123,2125,2151,2,28
781,13,48,2126,2128,2154,2,28
719,15,48,1958,1959,2157,1,199
767,33,48,2087,2088,2160,1,73
642,2,48,1748,1750,2163,2,415
708,4,48,1928,1930,2166,2,238
645,5,48,1756,1757,2169,1,413
648,8,48,1764,1765,2172,1,408
714,10,48,1945,1947,2175,2,230
651,11,48,1772,1773,2178,1,406
654,14,48,1780,1781,2181,1,401
720,16,48,1961,1963,2184,2,223
786,18,48,2139,2141,2187,2,48
787,19,48,2142,2143,2190,1,48
725,21,48,1975,1976,2193,1,218
792,24,48,2156,2158,2196,2,40
793,25,48,2158,2159,2199,1,41
731,27,48,1991,1992,2202,1,211
798,30,48,2172,2173,2205,1,33
799,31,48,2175,2176,2208,1,33
801,33,48,2180,2181,2211,1,31
657,17,48,1789,1790,2214,1,425
660,20,48,1797,1798,2217,1,420
726,22,48,1977,1979,2220,2,243
663,23,48,1805,1806,2223,1,418
666,26,48,1813,1815,2226,2,413
732,28,48,1994,1996,2229,2,235
669,29,48,1821,1822,2232,1,411
803,1,48,2185,2186,2235,1,50
737,3,48,2005,2007,2238,2,233
808,6,48,2199,2200,2241,1,42
809,7,48,2201,2202,2244,1,43
743,9,48,2022,2035,2247,13,225
814,12,48,2215,2216,2250,1,35
815,13,48,2218,2219,2253,1,35
749,15,48,2038,2041,2256,3,218
704,32,48,1918,1919,2259,1,341
768,34,48,2090,2092,2262,2,172
674,2,48,1836,1837,2265,1,429
738,4,48,2008,2009,2268,1,260
677,5,48,1844,1846,2271,2,427
680,8,48,1852,1853,2274,1,422
744,10,48,2025,2036,2277,11,252
683,11,48,1860,1862,2280,2,420
686,14,48,1868,1870,2283,2,415
750,16,48,2041,2042,2286,1,245
820,18,48,2231,2232,2289,1,58
821,19,48,2234,2236,2292,2,58
755,21,48,2055,2056,2295,1,240
826,24,48,2248,2249,2298,1,50
827,25,48,2250,2251,2301,1,51
761,27,48,2071,2072,2304,1,233
832,30,48,2264,2266,2307,2,43
833,31,48,2267,2269,2310,2,43
835,33,48,2272,2274,2313,2,41
689,17,48,1877,1879,2316,2,439
692,20,48,1885,1886,2319,1,434
756,22,48,2057,2059,2322,2,265
695,23,48,1893,1894,2325,1,432
698,26,48,1901,1902,2328,1,427
762,28,48,2074,2075,2331,1,257
701,29,48,1909,1910,2334,1,425
837,1,48,2278,2279,2337,1,59
771,3,48,2098,2100,2340,2,242
842,6,48,2292,2293,2343,1,51
843,7,48,2294,2295,2346,1,52
777,9,48,2115,2116,2349,1,234
848,12,48,2308,2309,2352,1,44
849,13,48,2311,2312,2355,1,44
783,15,48,2131,2132,2358,1,227
766,32,48,2085,2086,2361,1,276
802,34,48,2183,2185,2364,2,181
706,2,48,1923,1924,2367,1,444
772,4,48,2101,2102,2370,1,269
709,5,48,1931,1933,2373,2,442
712,8,48,1939,1940,2376,1,437
778,10,48,2118,2119,2379,1,261
715,11,48,1947,1948,2382,1,435
718,14,48,1955,1957,2385,2,430
784,16,48,2134,2136,2388,2,254
854,18,48,2324,2325,2391,1,67
855,19,48,2327,2329,2394,2,67
789,21,48,2148,2149,2397,1,249
860,24,48,2341,2342,2400,1,59
861,25,48,2343,2344,2403,1,60
795,27,48,2164,2165,2406,1,242
866,30,48,2357,2359,2409,2,52
867,31,48,2360,2362,2412,2,52
869,33,48,2365,2367,2415,2,50
721,17,48,1964,1966,2418,2,454
724,20,48,1972,1974,2421,2,449
790,22,48,2150,2152,2424,2,274
727,23,48,1980,1981,2427,1,447
730,26,48,1988,1990,2430,2,442
796,28,48,2167,2168,2433,1,266
733,29,48,1996,1997,2436,1,440
871,1,48,2371,2372,2439,1,68
805,3,48,2190,2191,2442,1,252
876,6,48,2385,2386,2445,1,60
877,7,48,2387,2388,2448,1,61
811,9,48,2207,2209,2451,2,244
882,12,48,2401,2402,2454,1,53
883,13,48,2404,2405,2457,1,53
817,15,48,2223,2224,2460,1,237
800,32,48,2178,2179,2463,1,285
836,34,48,2275,2276,2466,1,191
736,2,48,2003,2004,2469,1,466
806,4,48,2193,2194,2472,1,279
739,5,48,2011,2012,2475,1,464
742,8,48,2019,2021,2478,2,459
812,10,48,2210,2211,2481,1,271
745,11,48,2027,2037,2484,10,457
748,14,48,2035,2040,2487,5,452
818,16,48,2226,2227,2490,1,264
888,18,48,2417,2418,2493,1,76
889,19,48,2420,2422,2496,2,76
823,21,48,2240,2241,2499,1,259
894,24,48,2434,2435,2502,1,68
895,25,48,2436,2437,2505,1,69
829,27,48,2256,2257,2508,1,252
900,30,48,2450,2452,2511,2,61
901,31,48,2453,2455,2514,2,61
903,33,48,2458,2460,2517,2,59
751,17,48,2044,2046,2520,2,476
754,20,48,2052,2053,2523,1,471
824,22,48,2242,2244,2526,2,284
757,23,48,2060,2061,2529,1,469
760,26,48,2068,2070,2532,2,464
830,28,48,2259,2260,2535,1,276
763,29,48,2076,2077,2538,1,462
905,1,48,2464,2465,2541,1,77
839,3,48,2283,2284,2544,1,261
910,6,48,2478,2479,2547,1,69
911,7,48,2480,2481,2550,1,70
845,9,48,2300,2302,2553,2,253
916,12,48,2494,2495,2556,1,62
917,13,48,2497,2498,2559,1,62
851,15,48,2316,2317,2562,1,246
935,31,48,2546,2548,2565,2,19
937,33,48,2551,2553,2568,2,17
939,1,48,2556,2558,2571,2,15
840,4,48,2286,2287,2574,1,288
773,5,48,2104,2105,2577,1,473
776,8,48,2112,2113,2580,1,468
846,10,48,2303,2304,2583,1,280
779,11,48,2120,2121,2586,1,466
782,14,48,2128,2129,2589,1,461
852,16,48,2319,2320,2592,1,273
922,18,48,2510,2511,2595,1,85
923,19,48,2513,2515,2598,2,85
857,21,48,2333,2334,2601,1,268
928,24,48,2527,2528,2604,1,77
929,25,48,2529,2530,2607,1,78
863,27,48,2349,2350,2610,1,261
934,30,48,2543,2545,2613,2,70
834,32,48,2270,2271,2616,1,346
870,34,48,2368,2369,2619,1,251
956,18,48,2602,2603,2622,1,20
957,19,48,2605,2606,2625,1,20
858,22,48,2335,2337,2628,2,293
791,23,48,2153,2154,2631,1,478
963,25,48,2621,2623,2634,2,13
864,28,48,2352,2353,2637,1,285
797,29,48,2169,2170,2640,1,471
770,2,48,2096,2097,2643,1,547
873,3,48,2376,2377,2646,1,270
944,6,48,2570,2571,2649,1,79
945,7,48,2572,2574,2652,2,80
879,9,48,2393,2395,2655,2,262
950,12,48,2586,2587,2658,1,72
951,13,48,2589,2590,2661,1,72
885,15,48,2409,2410,2664,1,255
969,31,48,2638,2639,2667,1,29
971,33,48,2643,2644,2670,1,27
973,1,48,2649,2650,2673,1,24
874,4,48,2379,2380,2676,1,297
807,5,48,2196,2197,2679,1,483
979,7,48,2665,2667,2682,2,17
880,10,48,2396,2397,2685,1,289
813,11,48,2212,2214,2688,2,476
816,14,48,2220,2221,2691,1,471
886,16,48,2412,2413,2694,1,282
785,17,48,2137,2138,2697,1,560
788,20,48,2145,2146,2700,1,555
891,21,48,2426,2427,2703,1,277
962,24,48,2619,2620,2706,1,87
794,26,48,2161,2163,2709,2,548
897,27,48,2442,2443,2712,1,270
968,30,48,2635,2637,2715,2,80
868,32,48,2363,2364,2718,1,355
904,34,48,2461,2462,2721,1,260
990,18,48,2695,2696,2724,1,29
991,19,48,2698,2699,2727,1,29
892,22,48,2428,2430,2730,2,302
996,24,48,2712,2713,2733,1,21
997,25,48,2714,2716,2736,2,22
898,28,48,2445,2446,2739,1,294
831,29,48,2261,2262,2742,1,481
804,2,48,2188,2190,2745,2,557
907,3,48,2469,2470,2748,1,279
978,6,48,2663,2664,2751,1,88
810,8,48,2204,2206,2754,2,550
913,9,48,2486,2488,2757,2,271
984,12,48,2679,2680,2760,1,81
985,13,48,2682,2683,2763,1,81
919,15,48,2502,2503,2766,1,264
1003,31,48,2731,2732,2769,1,38
1005,33,48,2736,2737,2772,1,36
1007,1,48,2742,2743,2775,1,33
908,4,48,2472,2473,2778,1,306
1012,6,48,2756,2757,2781,1,25
1013,7,48,2758,2760,2784,2,26
914,10,48,2489,2490,2787,1,298
847,11,48,2305,2307,2790,2,485
1019,13,48,2775,2776,2793,1,18
920,16,48,2505,2506,2796,1,291
819,17,48,2229,2230,2799,1,570
822,20,48,2237,2239,2802,2,565
925,21,48,2519,2520,2805,1,286
825,23,48,2245,2246,2808,1,563
828,26,48,2253,2254,2811,1,558
931,27,48,2535,2536,2814,1,279
1002,30,48,2728,2730,2817,2,89
902,32,48,2456,2457,2820,1,364
938,34,48,2554,2555,2823,1,269
1024,18,48,2788,2789,2826,1,38
1025,19,48,2791,2792,2829,1,38
926,22,48,2521,2523,2832,2,311
1030,24,48,2805,2806,2835,1,30
1031,25,48,2807,2809,2838,2,31
932,28,48,2538,2539,2841,1,303
1036,30,48,2821,2823,2844,2,23
1041,1,48,2835,2836,2847,1,12
941,3,48,2561,2562,2850,1,289
841,5,48,2289,2290,2853,1,564
844,8,48,2297,2299,2856,2,559
947,9,48,2578,2579,2859,1,281
1018,12,48,2772,2773,2862,1,90
850,14,48,2313,2314,2865,1,552
953,15,48,2594,2595,2868,1,274
1037,31,48,2824,2825,2871,1,47
1039,33,48,2829,2830,2874,1,45
838,2,48,2281,2283,2877,2,596
942,4,48,2564,2566,2880,2,316
1046,6,48,2849,2850,2883,1,34
1047,7,48,2851,2853,2886,2,35
948,10,48,2581,2583,2889,2,308
1052,12,48,2865,2866,2892,1,27
1053,13,48,2868,2869,2895,1,27
954,16,48,2597,2599,2898,2,301
1058,18,48,2881,2882,2901,1,20
1059,19,48,2884,2885,2904,1,20
959,21,48,2611,2612,2907,1,296
859,23,48,2338,2339,2910,1,572
1065,25,48,2900,2902,2913,2,13
965,27,48,2627,2628,2916,1,289
865,29,48,2354,2355,2919,1,565
936,32,48,2549,2550,2922,1,373
972,34,48,2646,2647,2925,1,279
853,17,48,2322,2323,2928,1,606
856,20,48,2330,2332,2931,2,601
960,22,48,2613,2615,2934,2,321
1064,24,48,2898,2899,2937,1,39
862,26,48,2346,2347,2940,1,594
966,28,48,2630,2632,2943,2,313
1070,30,48,2914,2916,2946,2,32
1075,1,48,2927,2929,2949,2,22
975,3,48,2654,2655,2952,1,298
875,5,48,2382,2383,2955,1,573
1081,7,48,2943,2945,2958,2,15
981,9,48,2671,2672,2961,1,290
881,11,48,2398,2400,2964,2,566
884,14,48,2406,2407,2967,1,561
987,15,48,2687,2688,2970,1,283
1071,31,48,2917,2918,2973,1,56
1073,33,48,2922,2923,2976,1,54
872,2,48,2374,2376,2979,2,605
976,4,48,2657,2659,2982,2,325
1080,6,48,2941,2942,2985,1,44
878,8,48,2390,2392,2988,2,598
982,10,48,2674,2676,2991,2,317
1086,12,48,2957,2958,2994,1,37
1087,13,48,2960,2962,2997,2,37
988,16,48,2690,2692,3000,2,310
1092,18,48,2973,2974,3003,1,30
1093,19,48,2976,2977,3006,1,30
993,21,48,2704,2705,3009,1,305
1098,24,48,2990,2992,3012,2,22
1099,25,48,2992,2993,3015,1,23
999,27,48,2720,2721,3018,1,298
899,29,48,2447,2448,3021,1,574
1105,31,48,3009,3010,3024,1,15
1107,33,48,3014,3016,3027,2,13
887,17,48,2415,2416,3030,1,615
890,20,48,2423,2425,3033,2,610
994,22,48,2706,2708,3036,2,330
893,23,48,2431,2432,3039,1,608
896,26,48,2439,2440,3042,1,603
1000,28,48,2723,2725,3045,2,322
1104,30,48,3006,3007,3048,1,42
1109,1,48,3020,3022,3051,2,31
1009,3,48,2747,2748,3054,1,307
1114,6,48,3034,3035,3057,1,23
1115,7,48,3036,3038,3060,2,24
1015,9,48,2764,2765,3063,1,299
915,11,48,2491,2493,3066,2,575
1121,13,48,3053,3055,3069,2,16
1021,15,48,2780,2781,3072,1,292
970,32,48,2641,2642,3075,1,434
1006,34,48,2739,2740,3078,1,339
906,2,48,2467,2469,3081,2,614
1010,4,48,2750,2752,3084,2,334
909,5,48,2475,2476,3087,1,612
912,8,48,2483,2485,3090,2,607
1016,10,48,2767,2769,3093,2,326
1120,12,48,3050,3051,3096,1,46
918,14,48,2499,2500,3099,1,600
1022,16,48,2783,2785,3102,2,319
1126,18,48,3066,3067,3105,1,39
1127,19,48,3069,3070,3108,1,39
1027,21,48,2797,2798,3111,1,314
1132,24,48,3083,3085,3114,2,31
1133,25,48,3085,3086,3117,1,32
1033,27,48,2813,2814,3120,1,307
1138,30,48,3099,3100,3123,1,24
1139,31,48,3102,3103,3126,1,24
1141,33,48,3107,3109,3129,2,22
921,17,48,2508,2509,3132,1,624
924,20,48,2516,2518,3135,2,619
1028,22,48,2799,2801,3138,2,339
927,23,48,2524,2525,3141,1,617
930,26,48,2532,2533,3144,1,612
1034,28,48,2816,2818,3147,2,331
933,29,48,2540,2541,3150,1,610
1143,1,48,3113,3115,3153,2,40
1043,3,48,2840,2841,3156,1,316
1148,6,48,3127,3128,3159,1,32
1149,7,48,3129,3131,3162,2,33
1049,9,48,2857,2858,3165,1,308
1154,12,48,3143,3144,3168,1,25
1155,13,48,3146,3148,3171,2,25
1055,15,48,2873,2874,3174,1,301
1004,32,48,2734,2735,3177,1,443
1040,34,48,2832,2833,3180,1,348
940,2,48,2559,2560,3183,1,624
1044,4,48,2843,2845,3186,2,343
943,5,48,2567,2569,3189,2,622
946,8,48,2575,2576,3192,1,617
1050,10,48,2860,2862,3195,2,335
949,11,48,2583,2584,3198,1,615
952,14,48,2591,2593,3201,2,610
1056,16,48,2876,2878,3204,2,328
1160,18,48,3159,3160,3207,1,48
1161,19,48,3162,3163,3210,1,48
1061,21,48,2890,2891,3213,1,323
1166,24,48,3176,3178,3216,2,40
1167,25,48,3178,3179,3219,1,41
1067,27,48,2906,2907,3222,1,316
1172,30,48,3192,3193,3225,1,33
1173,31,48,3195,3196,3228,1,33
1175,33,48,3200,3202,3231,2,31
955,17,48,2600,2602,3234,2,634
958,20,48,2608,2610,3237,2,629
1062,22,48,2892,2894,3240,2,348
961,23,48,2616,2617,3243,1,627
964,26,48,2624,2626,3246,2,622
1068,28,48,2909,2911,3249,2,340
967,29,48,2632,2633,3252,1,620
1177,1,48,3205,3207,3255,2,50
1077,3,48,2932,2933,3258,1,326
1182,6,48,3219,3220,3261,1,42
1183,7,48,3221,3223,3264,2,43
1083,9,48,2949,2950,3267,1,318
1188,12,48,3235,3236,3270,1,35
1189,13,48,3238,3240,3273,2,35
1089,15,48,2965,2967,3276,2,311
1038,32,48,2827,2828,3279,1,452
1074,34,48,2925,2926,3282,1,357
974,2,48,2652,2653,3285,1,633
1078,4,48,2935,2936,3288,1,353
977,5,48,2660,2662,3291,2,631
980,8,48,2668,2669,3294,1,626
1084,10,48,2952,2953,3297,1,345
983,11,48,2676,2677,3300,1,624
986,14,48,2684,2686,3303,2,619
1090,16,48,2968,2969,3306,1,338
1194,18,48,3251,3252,3309,1,58
1195,19,48,3254,3256,3312,2,58
1095,21,48,2982,2983,3315,1,333
1200,24,48,3268,3269,3318,1,50
1201,25,48,3270,3271,3321,1,51
1101,27,48,2998,3000,3324,2,326
1206,30,48,3284,3286,3327,2,43
1207,31,48,3287,3289,3330,2,43
1209,33,48,3292,3294,3333,2,41
989,17,48,2693,2695,3336,2,643
992,20,48,2701,2703,3339,2,638
1096,22,48,2984,2985,3342,1,358
995,23,48,2709,2710,3345,1,636
998,26,48,2717,2719,3348,2,631
1102,28,48,3001,3002,3351,1,350
1001,29,48,2725,2726,3354,1,629
1211,1,48,3298,3299,3357,1,59
1111,3,48,3025,3026,3360,1,335
1216,6,48,3312,3313,3363,1,51
1217,7,48,3314,3315,3366,1,52
1117,9,48,3042,3043,3369,1,327
1222,12,48,3328,3329,3372,1,44
1223,13,48,3331,3332,3375,1,44
1123,15,48,3058,3060,3378,2,320
1072,32,48,2920,2921,3381,1,461
1108,34,48,3017,3018,3384,1,367
1008,2,48,2745,2746,3387,1,642
1112,4,48,3028,3029,3390,1,362
1011,5,48,2753,2755,3393,2,640
1014,8,48,2761,2762,3396,1,635
1118,10,48,3045,3046,3399,1,354
1017,11,48,2769,2770,3402,1,633
1020,14,48,2777,2779,3405,2,628
1124,16,48,3061,3062,3408,1,347
1228,18,48,3344,3345,3411,1,67
1229,19,48,3347,3349,3414,2,67
1129,21,48,3075,3076,3417,1,342
1234,24,48,3361,3362,3420,1,59
1235,25,48,3363,3364,3423,1,60
1135,27,48,3091,3093,3426,2,335
1240,30,48,3377,3379,3429,2,52
1241,31,48,3380,3382,3432,2,52
1243,33,48,3385,3387,3435,2,50
1023,17,48,2786,2788,3438,2,652
1026,20,48,2794,2796,3441,2,647
1130,22,48,3077,3078,3444,1,367
1029,23,48,2802,2803,3447,1,645
1032,26,48,2810,2812,3450,2,640
1136,28,48,3094,3095,3453,1,359
1035,29,48,2818,2819,3456,1,638
1245,1,48,3391,3392,3459,1,68
1145,3,48,3118,3119,3462,1,344
1250,6,48,3405,3406,3465,1,60
1251,7,48,3407,3408,3468,1,61
1151,9,48,3135,3136,3471,1,336
1256,12,48,3421,3422,3474,1,53
1257,13,48,3424,3425,3477,1,53
1157,15,48,3151,3153,3480,2,329
1106,32,48,3012,3013,3483,1,471
1142,34,48,3110,3111,3486,1,376
1042,2,48,2838,2839,3489,1,651
1146,4,48,3121,3122,3492,1,371
1045,5,48,2846,2848,3495,2,649
1048,8,48,2854,2855,3498,1,644
1152,10,48,3138,3139,3501,1,363
1051,11,48,2862,2863,3504,1,642
1054,14,48,2870,2872,3507,2,637
1158,16,48,3154,3155,3510,1,356
1262,18,48,3437,3438,3513,1,76
1263,19,48,3440,3442,3516,2,76
1163,21,48,3168,3169,3519,1,351
1268,24,48,3454,3455,3522,1,68
1269,25,48,3456,3457,3525,1,69
1169,27,48,3184,3186,3528,2,344
1274,30,48,3470,3472,3531,2,61
1275,31,48,3473,3475,3534,2,61
1277,33,48,3478,3480,3537,2,59
1057,17,48,2879,2881,3540,2,661
1060,20,48,2887,2889,3543,2,656
1164,22,48,3170,3171,3546,1,376
1063,23,48,2895,2896,3549,1,654
1066,26,48,2903,2905,3552,2,649
1170,28,48,3187,3188,3555,1,368
1069,29,48,2911,2912,3558,1,647
1279,1,48,3484,3485,3561,1,77
1179,3,48,3210,3212,3564,2,354
1284,6,48,3498,3499,3567,1,69
1285,7,48,3500,3501,3570,1,70
1185,9,48,3227,3229,3573,2,346
1290,12,48,3514,3515,3576,1,62
1291,13,48,3517,3518,3579,1,62
1191,15,48,3243,3244,3582,1,339
1309,31,48,3566,3568,3585,2,19
1311,33,48,3571,3573,3588,2,17
1313,1,48,3576,3578,3591,2,15
1180,4,48,3213,3214,3594,1,381
1079,5,48,2938,2940,3597,2,659
1082,8,48,2946,2947,3600,1,654
1186,10,48,3230,3232,3603,2,373
1085,11,48,2954,2956,3606,2,652
1088,14,48,2962,2963,3609,1,647
1192,16,48,3246,3247,3612,1,366
1296,18,48,3530,3531,3615,1,85
1297,19,48,3533,3535,3618,2,85
1197,21,48,3260,3261,3621,1,361
1302,24,48,3547,3548,3624,1,77
1303,25,48,3549,3550,3627,1,78
1203,27,48,3276,3277,3630,1,354
1308,30,48,3563,3565,3633,2,70
1140,32,48,3105,3106,3636,1,531
1176,34,48,3203,3204,3639,1,436
1330,18,48,3622,3623,3642,1,20
1331,19,48,3625,3626,3645,1,20
1198,22,48,3262,3264,3648,2,386
1097,23,48,2987,2989,3651,2,664
1337,25,48,3641,3643,3654,2,13
1204,28,48,3279,3280,3657,1,378
1103,29,48,3003,3005,3660,2,657
1076,2,48,2930,2932,3663,2,733
1213,3,48,3303,3304,3666,1,363
1318,6,48,3590,3591,3669,1,79
1319,7,48,3592,3594,3672,2,80
1219,9,48,3320,3322,3675,2,355
1324,12,48,3606,3607,3678,1,72
1325,13,48,3609,3610,3681,1,72
1225,15,48,3336,3337,3684,1,348
1343,31,48,3658,3659,3687,1,29
1345,33,48,3663,3664,3690,1,27
1347,1,48,3669,3670,3693,1,24
1214,4,48,3306,3307,3696,1,390
1113,5,48,3031,3033,3699,2,668
1353,7,48,3685,3687,3702,2,17
1220,10,48,3323,3324,3705,1,382
1119,11,48,3047,3049,3708,2,661
1122,14,48,3055,3056,3711,1,656
1226,16,48,3339,3340,3714,1,375
1091,17,48,2971,2972,3717,1,746
1094,20,48,2979,2980,3720,1,741
1231,21,48,3353,3354,3723,1,370
1336,24,48,3639,3640,3726,1,87
1100,26,48,2995,2996,3729,1,734
1237,27,48,3369,3370,3732,1,363
1342,30,48,3655,3657,3735,2,80
1174,32,48,3198,3199,3738,1,540
1210,34,48,3295,3296,3741,1,446
1364,18,48,3715,3716,3744,1,29
1365,19,48,3718,3719,3747,1,29
1232,22,48,3355,3357,3750,2,395
1370,24,48,3732,3733,3753,1,21
1371,25,48,3734,3736,3756,2,22
1238,28,48,3372,3373,3759,1,387
1137,29,48,3096,3098,3762,2,666
1110,2,48,3023,3025,3765,2,742
1247,3,48,3396,3397,3768,1,372
1352,6,48,3683,3684,3771,1,88
1116,8,48,3039,3040,3774,1,735
1253,9,48,3413,3415,3777,2,364
1358,12,48,3699,3700,3780,1,81
1359,13,48,3702,3703,3783,1,81
1259,15,48,3429,3430,3786,1,357
1377,31,48,3751,3752,3789,1,38
1379,33,48,3756,3757,3792,1,36
1381,1,48,3762,3763,3795,1,33
1248,4,48,3399,3400,3798,1,399
1386,6,48,3776,3777,3801,1,25
1387,7,48,3778,3780,3804,2,26
1254,10,48,3416,3417,3807,1,391
1153,11,48,3140,3142,3810,2,670
1393,13,48,3795,3796,3813,1,18
1260,16,48,3432,3433,3816,1,384
1125,17,48,3064,3065,3819,1,755
1128,20,48,3072,3073,3822,1,750
1265,21,48,3446,3447,3825,1,379
1131,23,48,3080,3082,3828,2,748
1134,26,48,3088,3089,3831,1,743
1271,27,48,3462,3463,3834,1,372
1376,30,48,3748,3750,3837,2,89
1208,32,48,3290,3291,3840,1,550
1244,34,48,3388,3389,3843,1,455
1398,18,48,3808,3809,3846,1,38
1399,19,48,3811,3812,3849,1,38
1266,22,48,3448,3450,3852,2,404
1404,24,48,3825,3826,3855,1,30
1405,25,48,3827,3829,3858,2,31
1272,28,48,3465,3466,3861,1,396
1410,30,48,3841,3843,3864,2,23
1415,1,48,3855,3856,3867,1,12
1281,3,48,3489,3490,3870,1,381
1147,5,48,3124,3126,3873,2,749
1150,8,48,3132,3133,3876,1,744
1287,9,48,3506,3508,3879,2,373
1392,12,48,3792,3793,3882,1,90
1156,14,48,3148,3149,3885,1,737
1293,15,48,3522,3523,3888,1,366
1411,31,48,3844,3845,3891,1,47
1413,33,48,3849,3850,3894,1,45
1144,2,48,3116,3118,3897,2,781
1282,4,48,3492,3493,3900,1,408
1420,6,48,3869,3870,3903,1,34
1421,7,48,3871,3873,3906,2,35
1288,10,48,3509,3510,3909,1,400
1426,12,48,3885,3886,3912,1,27
1427,13,48,3888,3889,3915,1,27
1294,16,48,3525,3526,3918,1,393
1432,18,48,3901,3902,3921,1,20
1433,19,48,3904,3905,3924,1,20
1299,21,48,3539,3540,3927,1,388
1165,23,48,3173,3175,3930,2,757
1439,25,48,3920,3922,3933,2,13
1305,27,48,3555,3556,3936,1,381
1171,29,48,3189,3191,3939,2,750
1242,32,48,3383,3384,3942,1,559
1278,34,48,3481,3482,3945,1,464
1159,17,48,3157,3158,3948,1,791
1162,20,48,3165,3166,3951,1,786
1300,22,48,3541,3543,3954,2,413
1438,24,48,3918,3919,3957,1,39
1168,26,48,3181,3182,3960,1,779
1306,28,48,3558,3559,3963,1,405
1444,30,48,3934,3936,3966,2,32
1449,1,48,3947,3949,3969,2,22
1315,3,48,3581,3582,3972,1,391
1181,5,48,3216,3217,3975,1,759
1455,7,48,3963,3965,3978,2,15
1321,9,48,3598,3599,3981,1,383
1187,11,48,3232,3233,3984,1,752
1190,14,48,3240,3241,3987,1,747
1327,15,48,3614,3615,3990,1,376
1445,31,48,3937,3938,3993,1,56
1447,33,48,3942,3943,3996,1,54
1178,2,48,3208,3209,3999,1,791
1316,4,48,3584,3586,4002,2,418
1454,6,48,3961,3962,4005,1,44
1184,8,48,3224,3225,4008,1,784
1322,10,48,3601,3603,4011,2,410
1460,12,48,3977,3978,4014,1,37
1461,13,48,3980,3982,4017,2,37
1328,16,48,3617,3619,4020,2,403
1466,18,48,3993,3994,4023,1,30
1467,19,48,3996,3997,4026,1,30
1333,21,48,3631,3632,4029,1,398
1472,24,48,4010,4012,4032,2,22
1473,25,48,4012,4013,4035,1,23
1339,27,48,3647,3648,4038,1,391
1205,29,48,3281,3282,4041,1,760
1479,31,48,4029,4030,4044,1,15
1481,33,48,4034,4036,4047,2,13
1193,17,48,3249,3250,4050,1,801
1196,20,48,3257,3259,4053,2,796
1334,22,48,3633,3635,4056,2,423
1199,23,48,3265,3266,4059,1,794
1202,26,48,3273,3274,4062,1,789
1340,28,48,3650,3652,4065,2,415
1478,30,48,4026,4027,4068,1,42
1483,1,48,4040,4042,4071,2,31
1349,3,48,3674,3675,4074,1,400
1488,6,48,4054,4055,4077,1,23
1489,7,48,4056,4058,4080,2,24
1355,9,48,3691,3692,4083,1,392
1221,11,48,3325,3327,4086,2,761
1495,13,48,4073,4075,4089,2,16
1361,15,48,3707,3708,4092,1,385
1276,32,48,3476,3477,4095,1,619
1312,34,48,3574,3575,4098,1,524
1212,2,48,3301,3303,4101,2,800
1350,4,48,3677,3679,4104,2,427
1215,5,48,3309,3310,4107,1,798
1218,8,48,3317,3319,4110,2,793
1356,10,48,3694,3696,4113,2,419
1494,12,48,4070,4071,4116,1,46
1224,14,48,3333,3334,4119,1,786
1362,16,48,3710,3712,4122,2,412
1500,18,48,4086,4087,4125,1,39
1501,19,48,4089,4090,4128,1,39
1367,21,48,3724,3725,4131,1,407
1506,24,48,4103,4105,4134,2,31
1507,25,48,4105,4106,4137,1,32
1373,27,48,3740,3741,4140,1,400
1512,30,48,4119,4120,4143,1,24
1513,31,48,4122,4123,4146,1,24
1515,33,48,4127,4129,4149,2,22
1227,17,48,3342,3343,4152,1,810
1230,20,48,3350,3352,4155,2,805
1368,22,48,3726,3728,4158,2,432
1233,23,48,3358,3359,4161,1,803
1236,26,48,3366,3367,4164,1,798
1374,28,48,3743,3745,4167,2,424
1239,29,48,3374,3375,4170,1,796
1517,1,48,4133,4135,4173,2,40
1383,3,48,3767,3768,4176,1,409
1522,6,48,4147,4148,4179,1,32
1523,7,48,4149,4151,4182,2,33
1389,9,48,3784,3785,4185,1,401
1528,12,48,4163,4164,4188,1,25
1529,13,48,4166,4168,4191,2,25
1395,15,48,3800,3801,4194,1,394
1310,32,48,3569,3570,4197,1,628
1346,34,48,3666,3667,4200,1,534
1246,2,48,3394,3396,4203,2,809
1384,4,48,3770,3772,4206,2,436
1249,5,48,3402,3403,4209,1,807
1252,8,48,3410,3412,4212,2,802
1390,10,48,3787,3789,4215,2,428
1255,11,48,3418,3420,4218,2,800
1258,14,48,3426,3427,4221,1,795
1396,16,48,3803,3805,4224,2,421
1534,18,48,4179,4180,4227,1,48
1535,19,48,4182,4183,4230,1,48
1401,21,48,3817,3818,4233,1,416
1540,24,48,4196,4198,4236,2,40
1541,25,48,4198,4199,4239,1,41
1407,27,48,3833,3834,4242,1,409
1546,30,48,4212,4213,4245,1,33
1547,31,48,4215,4216,4248,1,33
1549,33,48,4220,4222,4251,2,31
1261,17,48,3435,3436,4254,1,819
1264,20,48,3443,3445,4257,2,814
1402,22,48,3819,3821,4260,2,441
1267,23,48,3451,3452,4263,1,812
1270,26,48,3459,3460,4266,1,807
1408,28,48,3836,3838,4269,2,433
1273,29,48,3467,3468,4272,1,805
1551,1,48,4225,4227,4275,2,50
1417,3,48,3860,3861,4278,1,418
1556,6,48,4239,4240,4281,1,42
1557,7,48,4241,4243,4284,2,43
1423,9,48,3877,3878,4287,1,410
1562,12,48,4255,4256,4290,1,35
1563,13,48,4258,4260,4293,2,35
1429,15,48,3893,3894,4296,1,403
1344,32,48,3661,3662,4299,1,638
1380,34,48,3759,3760,4302,1,543
1280,2,48,3487,3489,4305,2,818
1418,4,48,3863,3865,4308,2,445
1283,5,48,3495,3496,4311,1,816
1286,8,48,3503,3505,4314,2,811
1424,10,48,3880,3882,4317,2,437
1289,11,48,3511,3513,4320,2,809
1292,14,48,3519,3520,4323,1,804
1430,16,48,3896,3898,4326,2,430
1568,18,48,4271,4272,4329,1,58
1569,19,48,4274,4276,4332,2,58
1435,21,48,3910,3911,4335,1,425
1574,24,48,4288,4289,4338,1,50
1575,25,48,4290,4291,4341,1,51
1441,27,48,3926,3927,4344,1,418
1580,30,48,4304,4306,4347,2,43
1581,31,48,4307,4309,4350,2,43
1583,33,48,4312,4314,4353,2,41
1295,17,48,3528,3529,4356,1,828
1298,20,48,3536,3538,4359,2,823
1436,22,48,3912,3914,4362,2,450
1301,23,48,3544,3545,4365,1,821
1304,26,48,3552,3553,4368,1,816
1442,28,48,3929,3931,4371,2,442
1307,29,48,3560,3561,4374,1,814
1585,1,48,4318,4319,4377,1,59
1451,3,48,3952,3953,4380,1,428
1590,6,48,4332,4333,4383,1,51
1591,7,48,4334,4335,4386,1,52
1457,9,48,3969,3970,4389,1,420
1596,12,48,4348,4349,4392,1,44
1597,13,48,4351,4352,4395,1,44
1463,15,48,3985,3987,4398,2,413
1378,32,48,3754,3755,4401,1,647
1414,34,48,3852,3853,4404,1,552
1314,2,48,3579,3580,4407,1,828
1452,4,48,3955,3956,4410,1,455
1317,5,48,3587,3589,4413,2,826
1320,8,48,3595,3596,4416,1,821
1458,10,48,3972,3973,4419,1,447
1323,11,48,3603,3604,4422,1,819
1326,14,48,3611,3613,4425,2,814
1464,16,48,3988,3989,4428,1,440
1602,18,48,4364,4365,4431,1,67
1603,19,48,4367,4369,4434,2,67
1469,21,48,4002,4003,4437,1,435
1608,24,48,4381,4382,4440,1,59
1609,25,48,4383,4384,4443,1,60
1475,27,48,4018,4020,4446,2,428
1614,30,48,4397,4399,4449,2,52
1615,31,48,4400,4402,4452,2,52
1617,33,48,4405,4407,4455,2,50
1329,17,48,3620,3622,4458,2,838
1332,20,48,3628,3630,4461,2,833
1470,22,48,4004,4005,4464,1,460
1335,23,48,3636,3637,4467,1,831
1338,26,48,3644,3646,4470,2,826
1476,28,48,4021,4022,4473,1,452
1341,29,48,3652,3653,4476,1,824
1619,1,48,4411,4412,4479,1,68
1485,3,48,4045,4046,4482,1,437
1624,6,48,4425,4426,4485,1,60
1625,7,48,4427,4428,4488,1,61
1491,9,48,4062,4063,4491,1,429
1630,12,48,4441,4442,4494,1,53
1631,13,48,4444,4445,4497,1,53
1497,15,48,4078,4080,4500,2,422
1412,32,48,3847,3848,4503,1,656
1448,34,48,3945,3946,4506,1,561
1348,2,48,3672,3673,4509,1,837
1486,4,48,4048,4049,4512,1,464
1351,5,48,3680,3682,4515,2,835
1354,8,48,3688,3689,4518,1,830
1492,10,48,4065,4066,4521,1,456
1357,11,48,3696,3697,4524,1,828
1360,14,48,3704,3706,4527,2,823
1498,16,48,4081,4082,4530,1,449
1636,18,48,4457,4458,4533,1,76
1637,19,48,4460,4462,4536,2,76
1503,21,48,4095,4096,4539,1,444
1642,24,48,4474,4475,4542,1,68
1643,25,48,4476,4477,4545,1,69
1509,27,48,4111,4113,4548,2,437
1648,30,48,4490,4492,4551,2,61
1649,31,48,4493,4495,4554,2,61
1651,33,48,4498,4500,4557,2,59
1363,17,48,3713,3715,4560,2,847
1366,20,48,3721,3723,4563,2,842
1504,22,48,4097,4098,4566,1,469
1369,23,48,3729,3730,4569,1,840
1372,26,48,3737,3739,4572,2,835
1510,28,48,4114,4115,4575,1,461
1375,29,48,3745,3746,4578,1,833
1653,1,48,4504,4505,4581,1,77
1519,3,48,4138,4139,4584,1,446
1658,6,48,4518,4519,4587,1,69
1659,7,48,4520,4521,4590,1,70
1525,9,48,4155,4156,4593,1,438
1664,12,48,4534,4535,4596,1,62
1665,13,48,4537,4538,4599,1,62
1531,15,48,4171,4173,4602,2,431
1683,31,48,4586,4588,4605,2,19
1685,33,48,4591,4593,4608,2,17
1687,1,48,4596,4598,4611,2,15
1520,4,48,4141,4142,4614,1,473
1385,5,48,3773,3775,4617,2,844
1388,8,48,3781,3782,4620,1,839
1526,10,48,4158,4159,4623,1,465
1391,11,48,3789,3790,4626,1,837
1394,14,48,3797,3799,4629,2,832
1532,16,48,4174,4175,4632,1,458
1670,18,48,4550,4551,4635,1,85
1671,19,48,4553,4555,4638,2,85
1537,21,48,4188,4189,4641,1,453
1676,24,48,4567,4568,4644,1,77
1677,25,48,4569,4570,4647,1,78
1543,27,48,4204,4206,4650,2,446
1682,30,48,4583,4585,4653,2,70
1446,32,48,3940,3941,4656,1,716
1482,34,48,4037,4038,4659,1,622
1704,18,48,4642,4643,4662,1,20
1705,19,48,4645,4646,4665,1,20
1538,22,48,4190,4191,4668,1,478
1403,23,48,3822,3823,4671,1,849
1711,25,48,4661,4663,4674,2,13
1544,28,48,4207,4208,4677,1,470
1409,29,48,3838,3839,4680,1,842
1382,2,48,3765,3766,4683,1,918
1553,3,48,4230,4232,4686,2,456
1692,6,48,4610,4611,4689,1,79
1693,7,48,4612,4614,4692,2,80
1559,9,48,4247,4249,4695,2,448
1698,12,48,4626,4627,4698,1,72
1699,13,48,4629,4630,4701,1,72
1565,15,48,4263,4264,4704,1,441
1717,31,48,4678,4679,4707,1,29
1719,33,48,4683,4684,4710,1,27
1721,1,48,4689,4690,4713,1,24
1554,4,48,4233,4234,4716,1,483
1419,5,48,3866,3868,4719,2,853
1727,7,48,4705,4707,4722,2,17
1560,10,48,4250,4252,4725,2,475
1425,11,48,3882,3883,4728,1,846
1428,14,48,3890,3892,4731,2,841
1566,16,48,4266,4267,4734,1,468
1397,17,48,3806,3808,4737,2,931
1400,20,48,3814,3816,4740,2,926
1571,21,48,4280,4281,4743,1,463
1710,24,48,4659,4660,4746,1,87
1406,26,48,3830,3832,4749,2,919
1577,27,48,4296,4297,4752,1,456
1716,30,48,4675,4677,4755,2,80
1480,32,48,4032,4033,4758,1,726
1516,34,48,4130,4131,4761,1,631
1738,18,48,4735,4736,4764,1,29
1739,19,48,4738,4739,4767,1,29
1572,22,48,4282,4284,4770,2,488
1744,24,48,4752,4753,4773,1,21
1745,25,48,4754,4756,4776,2,22
1578,28,48,4299,4300,4779,1,480
1443,29,48,3931,3932,4782,1,851
1416,2,48,3858,3859,4785,1,927
1587,3,48,4323,4324,4788,1,465
1726,6,48,4703,4704,4791,1,88
1422,8,48,3874,3875,4794,1,920
1593,9,48,4340,4342,4797,2,457
1732,12,48,4719,4720,4800,1,81
1733,13,48,4722,4723,4803,1,81
1599,15,48,4356,4357,4806,1,450
1751,31,48,4771,4772,4809,1,38
1753,33,48,4776,4777,4812,1,36
1755,1,48,4782,4783,4815,1,33
1588,4,48,4326,4327,4818,1,492
1760,6,48,4796,4797,4821,1,25
1761,7,48,4798,4800,4824,2,26
1594,10,48,4343,4344,4827,1,484
1459,11,48,3974,3976,4830,2,856
1767,13,48,4815,4816,4833,1,18
1600,16,48,4359,4360,4836,1,477
1431,17,48,3899,3901,4839,2,940
1434,20,48,3907,3909,4842,2,935
1605,21,48,4373,4374,4845,1,472
1437,23,48,3915,3916,4848,1,933
1440,26,48,3923,3925,4851,2,928
1611,27,48,4389,4390,4854,1,465
1750,30,48,4768,4770,4857,2,89
1514,32,48,4125,4126,4860,1,735
1550,34,48,4223,4224,4863,1,640
1772,18,48,4828,4829,4866,1,38
1773,19,48,4831,4832,4869,1,38
1606,22,48,4375,4377,4872,2,497
1778,24,48,4845,4846,4875,1,30
1779,25,48,4847,4849,4878,2,31
1612,28,48,4392,4393,4881,1,489
1784,30,48,4861,4863,4884,2,23
1789,1,48,4875,4876,4887,1,12
1621,3,48,4416,4417,4890,1,474
1453,5,48,3958,3960,4893,2,935
1456,8,48,3966,3967,4896,1,930
1627,9,48,4433,4435,4899,2,466
1766,12,48,4812,4813,4902,1,90
1462,14,48,3982,3983,4905,1,923
1633,15,48,4449,4450,4908,1,459
1785,31,48,4864,4865,4911,1,47
1787,33,48,4869,4870,4914,1,45
1450,2,48,3950,3952,4917,2,967
1622,4,48,4419,4420,4920,1,501
1794,6,48,4889,4890,4923,1,34
1795,7,48,4891,4893,4926,2,35
1628,10,48,4436,4437,4929,1,493
1800,12,48,4905,4906,4932,1,27
1801,13,48,4908,4909,4935,1,27
1634,16,48,4452,4453,4938,1,486
1806,18,48,4921,4922,4941,1,20
1807,19,48,4924,4925,4944,1,20
1639,21,48,4466,4467,4947,1,481
1471,23,48,4007,4009,4950,2,943
1813,25,48,4940,4942,4953,2,13
1645,27,48,4482,4483,4956,1,474
1477,29,48,4023,4025,4959,2,936
1548,32,48,4218,4219,4962,1,744
1584,34,48,4315,4316,4965,1,650
1465,17,48,3991,3992,4968,1,977
1468,20,48,3999,4000,4971,1,972
1640,22,48,4468,4470,4974,2,506
1812,24,48,4938,4939,4977,1,39
1474,26,48,4015,4016,4980,1,965
1646,28,48,4485,4486,4983,1,498
1818,30,48,4954,4956,4986,2,32
1823,1,48,4967,4969,4989,2,22
1655,3,48,4509,4510,4992,1,483
1487,5,48,4051,4053,4995,2,944
1829,7,48,4983,4985,4998,2,15
1661,9,48,4526,4528,5001,2,475
1493,11,48,4067,4069,5004,2,937
1496,14,48,4075,4076,5007,1,932
1667,15,48,4542,4543,5010,1,468
1819,31,48,4957,4958,5013,1,56
1821,33,48,4962,4963,5016,1,54
1484,2,48,4043,4045,5019,2,976
1656,4,48,4512,4513,5022,1,510
1828,6,48,4981,4982,5025,1,44
1490,8,48,4059,4060,5028,1,969
1662,10,48,4529,4530,5031,1,502
1834,12,48,4997,4998,5034,1,37
1835,13,48,5000,5002,5037,2,37
1668,16,48,4545,4546,5040,1,495
1840,18,48,5013,5014,5043,1,30
1841,19,48,5016,5017,5046,1,30
1673,21,48,4559,4560,5049,1,490
1846,24,48,5030,5032,5052,2,22
1847,25,48,5032,5033,5055,1,23
1679,27,48,4575,4576,5058,1,483
1511,29,48,4116,4118,5061,2,945
1853,31,48,5049,5050,5064,1,15
1855,33,48,5054,5056,5067,2,13
1499,17,48,4084,4085,5070,1,986
1502,20,48,4092,4093,5073,1,981
1674,22,48,4561,4563,5076,2,515
1505,23,48,4100,4102,5079,2,979
1508,26,48,4108,4109,5082,1,974
1680,28,48,4578,4579,5085,1,507
1852,30,48,5046,5047,5088,1,42
1857,1,48,5060,5062,5091,2,31
1689,3,48,4601,4602,5094,1,493
1862,6,48,5074,5075,5097,1,23
1863,7,48,5076,5078,5100,2,24
1695,9,48,4618,4619,5103,1,485
1527,11,48,4160,4162,5106,2,946
1869,13,48,5093,5095,5109,2,16
1701,15,48,4634,4635,5112,1,478
1582,32,48,4310,4311,5115,1,805
1618,34,48,4408,4409,5118,1,710
1518,2,48,4136,4138,5121,2,985
1690,4,48,4604,4606,5124,2,520
1521,5,48,4144,4146,5127,2,983
1524,8,48,4152,4153,5130,1,978
1696,10,48,4621,4623,5133,2,512
1868,12,48,5090,5091,5136,1,46
1530,14,48,4168,4169,5139,1,971
1702,16,48,4637,4639,5142,2,505
1874,18,48,5106,5107,5145,1,39
1875,19,48,5109,5110,5148,1,39
1707,21,48,4651,4652,5151,1,500
1880,24,48,5123,5125,5154,2,31
1881,25,48,5125,5126,5157,1,32
1713,27,48,4667,4668,5160,1,493
1886,30,48,5139,5140,5163,1,24
1887,31,48,5142,5143,5166,1,24
1889,33,48,5147,5149,5169,2,22
1533,17,48,4177,4178,5172,1,995
1536,20,48,4185,4186,5175,1,990
1708,22,48,4653,4655,5178,2,525
1539,23,48,4193,4195,5181,2,988
1542,26,48,4201,4202,5184,1,983
1714,28,48,4670,4672,5187,2,517
1545,29,48,4209,4211,5190,2,981
1891,1,48,5153,5155,5193,2,40
1723,3,48,4694,4695,5196,1,502
1896,6,48,5167,5168,5199,1,32
1897,7,48,5169,5171,5202,2,33
1729,9,48,4711,4712,5205,1,494
1902,12,48,5183,5184,5208,1,25
1903,13,48,5186,5188,5211,2,25
1735,15,48,4727,4728,5214,1,487
1616,32,48,4403,4404,5217,1,814
1652,34,48,4501,4502,5220,1,719
1552,2,48,4228,4229,5223,1,995
1724,4,48,4697,4699,5226,2,529
1555,5,48,4236,4237,5229,1,993
1558,8,48,4244,4245,5232,1,988
1730,10,48,4714,4716,5235,2,521
1561,11,48,4252,4253,5238,1,986
1564,14,48,4260,4261,5241,1,981
1736,16,48,4730,4732,5244,2,514
1908,18,48,5199,5200,5247,1,48
1909,19,48,5202,5203,5250,1,48
1741,21,48,4744,4745,5253,1,509
1914,24,48,5216,5218,5256,2,40
1915,25,48,5218,5219,5259,1,41
1747,27,48,4760,4761,5262,1,502
1920,30,48,5232,5233,5265,1,33
1921,31,48,5235,5236,5268,1,33
1923,33,48,5240,5242,5271,2,31
1567,17,48,4269,4270,5274,1,1005
1570,20,48,4277,4279,5277,2,1000
1742,22,48,4746,4748,5280,2,534
1573,23,48,4285,4286,5283,1,998
1576,26,48,4293,4294,5286,1,993
1748,28,48,4763,4765,5289,2,526
1579,29,48,4301,4302,5292,1,991
1925,1,48,5245,5247,5295,2,50
1757,3,48,4787,4788,5298,1,511
1930,6,48,5259,5260,5301,1,42
1931,7,48,5261,5263,5304,2,43
1763,9,48,4804,4805,5307,1,503
1936,12,48,5275,5276,5310,1,35
1937,13,48,5278,5280,5313,2,35
1769,15,48,4820,4821,5316,1,496
1650,32,48,4496,4497,5319,1,823
1686,34,48,4594,4595,5322,1,728
1586,2,48,4321,4323,5325,2,1004
1758,4,48,4790,4792,5328,2,538
1589,5,48,4329,4330,5331,1,1002
1592,8,48,4337,4339,5334,2,997
1764,10,48,4807,4809,5337,2,530
1595,11,48,4345,4347,5340,2,995
1598,14,48,4353,4354,5343,1,990
1770,16,48,4823,4825,5346,2,523
1942,18,48,5291,5292,5349,1,58
1943,19,48,5294,5296,5352,2,58
1775,21,48,4837,4838,5355,1,518
1948,24,48,5308,5309,5358,1,50
1949,25,48,5310,5311,5361,1,51
1781,27,48,4853,4854,5364,1,511
1954,30,48,5324,5326,5367,2,43
1955,31,48,5327,5329,5370,2,43
1957,33,48,5332,5334,5373,2,41
1601,17,48,4362,4363,5376,1,1014
1604,20,48,4370,4372,5379,2,1009
1776,22,48,4839,4841,5382,2,543
1607,23,48,4378,4379,5385,1,1007
1610,26,48,4386,4387,5388,1,1002
1782,28,48,4856,4858,5391,2,535
1613,29,48,4394,4395,5394,1,1000
1959,1,48,5338,5339,5397,1,59
1791,3,48,4880,4881,5400,1,520
1964,6,48,5352,5353,5403,1,51
1965,7,48,5354,5355,5406,1,52
1797,9,48,4897,4898,5409,1,512
1970,12,48,5368,5369,5412,1,44
1971,13,48,5371,5372,5415,1,44
1803,15,48,4913,4914,5418,1,505
1684,32,48,4589,4590,5421,1,832
1720,34,48,4686,4687,5424,1,738
1620,2,48,4414,4416,5427,2,1013
1792,4,48,4883,4885,5430,2,547
1623,5,48,4422,4423,5433,1,1011
1626,8,48,4430,4432,5436,2,1006
1798,10,48,4900,4902,5439,2,539
1629,11,48,4438,4440,5442,2,1004
1632,14,48,4446,4447,5445,1,999
1804,16,48,4916,4918,5448,2,532
1976,18,48,5384,5385,5451,1,67
1977,19,48,5387,5389,5454,2,67
1809,21,48,4930,4931,5457,1,527
1982,24,48,5401,5402,5460,1,59
1983,25,48,5403,5404,5463,1,60
1815,27,48,4946,4947,5466,1,520
1988,30,48,5417,5419,5469,2,52
1989,31,48,5420,5422,5472,2,52
1991,33,48,5425,5427,5475,2,50
1635,17,48,4455,4456,5478,1,1023
1638,20,48,4463,4465,5481,2,1018
1810,22,48,4932,4934,5484,2,552
1641,23,48,4471,4472,5487,1,1016
1644,26,48,4479,4480,5490,1,1011
1816,28,48,4949,4951,5493,2,544
1647,29,48,4487,4488,5496,1,1009
1993,1,48,5431,5432,5499,1,68
1825,3,48,4972,4973,5502,1,530
1998,6,48,5445,5446,5505,1,60
1999,7,48,5447,5448,5508,1,61
1831,9,48,4989,4990,5511,1,522
2004,12,48,5461,5462,5514,1,53
2005,13,48,5464,5465,5517,1,53
1837,15,48,5005,5007,5520,2,515
1718,32,48,4681,4682,5523,1,842
1754,34,48,4779,4780,5526,1,747
1654,2,48,4507,4509,5529,2,1022
1826,4,48,4975,4976,5532,1,557
1657,5,48,4515,4516,5535,1,1020
1660,8,48,4523,4525,5538,2,1015
1832,10,48,4992,4993,5541,1,549
1663,11,48,4531,4533,5544,2,1013
1666,14,48,4539,4540,5547,1,1008
1838,16,48,5008,5009,5550,1,542
2010,18,48,5477,5478,5553,1,76
2011,19,48,5480,5482,5556,2,76
1843,21,48,5022,5023,5559,1,537
2016,24,48,5494,5495,5562,1,68
2017,25,48,5496,5497,5565,1,69
1849,27,48,5038,5040,5568,2,530
2022,30,48,5510,5512,5571,2,61
2023,31,48,5513,5515,5574,2,61
2025,33,48,5518,5520,5577,2,59
1669,17,48,4548,4549,5580,1,1032
1672,20,48,4556,4558,5583,2,1027
1844,22,48,5024,5025,5586,1,562
1675,23,48,4564,4565,5589,1,1025
1678,26,48,4572,4573,5592,1,1020
1850,28,48,5041,5042,5595,1,554
1681,29,48,4580,4581,5598,1,1018
2027,1,48,5524,5525,5601,1,77
1859,3,48,5065,5066,5604,1,539
2032,6,48,5538,5539,5607,1,69
2033,7,48,5540,5541,5610,1,70
1865,9,48,5082,5083,5613,1,531
2038,12,48,5554,5555,5616,1,62
2039,13,48,5557,5558,5619,1,62
1871,15,48,5098,5100,5622,2,524
2057,31,48,5606,5608,5625,2,19
2059,33,48,5611,5613,5628,2,17
2061,1,48,5616,5618,5631,2,15
1860,4,48,5068,5069,5634,1,566
1691,5,48,4607,4609,5637,2,1030
1694,8,48,4615,4616,5640,1,1025
1866,10,48,5085,5086,5643,1,558
1697,11,48,4623,4624,5646,1,1023
1700,14,48,4631,4633,5649,2,1018
1872,16,48,5101,5102,5652,1,551
2044,18,48,5570,5571,5655,1,85
2045,19,48,5573,5575,5658,2,85
1877,21,48,5115,5116,5661,1,546
2050,24,48,5587,5588,5664,1,77
2051,25,48,5589,5590,5667,1,78
1883,27,48,5131,5133,5670,2,539
2056,30,48,5603,5605,5673,2,70
1752,32,48,4774,4775,5676,1,902
1788,34,48,4872,4873,5679,1,807
2078,18,48,5662,5663,5682,1,20
2079,19,48,5665,5666,5685,1,20
1878,22,48,5117,5118,5688,1,571
1709,23,48,4656,4657,5691,1,1035
2085,25,48,5681,5683,5694,2,13
1884,28,48,5134,5135,5697,1,563
1715,29,48,4672,4673,5700,1,1028
1688,2,48,4599,4600,5703,1,1104
1893,3,48,5158,5159,5706,1,548
2066,6,48,5630,5631,5709,1,79
2067,7,48,5632,5634,5712,2,80
1899,9,48,5175,5176,5715,1,540
2072,12,48,5646,5647,5718,1,72
2073,13,48,5649,5650,5721,1,72
1905,15,48,5191,5193,5724,2,533
2091,31,48,5698,5699,5727,1,29
2093,33,48,5703,5704,5730,1,27
2095,1,48,5709,5710,5733,1,24
1894,4,48,5161,5162,5736,1,575
1725,5,48,4700,4702,5739,2,1039
2101,7,48,5725,5727,5742,2,17
1900,10,48,5178,5179,5745,1,567
1731,11,48,4716,4717,5748,1,1032
1734,14,48,4724,4726,5751,2,1027
1906,16,48,5194,5195,5754,1,560
1703,17,48,4640,4642,5757,2,1117
1706,20,48,4648,4650,5760,2,1112
1911,21,48,5208,5209,5763,1,555
2084,24,48,5679,5680,5766,1,87
1712,26,48,4664,4666,5769,2,1105
1917,27,48,5224,5226,5772,2,548
2090,30,48,5695,5697,5775,2,80
1786,32,48,4867,4868,5778,1,911
1822,34,48,4965,4966,5781,1,816
2112,18,48,5755,5756,5784,1,29
2113,19,48,5758,5759,5787,1,29
1912,22,48,5210,5211,5790,1,580
2118,24,48,5772,5773,5793,1,21
2119,25,48,5774,5776,5796,2,22
1918,28,48,5227,5228,5799,1,572
1749,29,48,4765,4766,5802,1,1037
1722,2,48,4692,4693,5805,1,1113
1927,3,48,5250,5252,5808,2,558
2100,6,48,5723,5724,5811,1,88
1728,8,48,4708,4709,5814,1,1106
1933,9,48,5267,5269,5817,2,550
2106,12,48,5739,5740,5820,1,81
2107,13,48,5742,5743,5823,1,81
1939,15,48,5283,5284,5826,1,543
2125,31,48,5791,5792,5829,1,38
2127,33,48,5796,5797,5832,1,36
2129,1,48,5802,5803,5835,1,33
1928,4,48,5253,5254,5838,1,585
2134,6,48,5816,5817,5841,1,25
2135,7,48,5818,5820,5844,2,26
1934,10,48,5270,5272,5847,2,577
1765,11,48,4809,4810,5850,1,1041
2141,13,48,5835,5836,5853,1,18
1940,16,48,5286,5287,5856,1,570
1737,17,48,4733,4735,5859,2,1126
1740,20,48,4741,4743,5862,2,1121
1945,21,48,5300,5301,5865,1,565
1743,23,48,4749,4750,5868,1,1119
1746,26,48,4757,4759,5871,2,1114
1951,27,48,5316,5317,5874,1,558
2124,30,48,5788,5790,5877,2,89
1820,32,48,4960,4961,5880,1,920
1856,34,48,5057,5058,5883,1,826
2146,18,48,5848,5849,5886,1,38
2147,19,48,5851,5852,5889,1,38
1946,22,48,5302,5304,5892,2,590
2152,24,48,5865,5866,5895,1,30
2153,25,48,5867,5869,5898,2,31
1952,28,48,5319,5320,5901,1,582
2158,30,48,5881,5883,5904,2,23
2163,1,48,5895,5896,5907,1,12
1961,3,48,5343,5344,5910,1,567
1759,5,48,4793,4795,5913,2,1120
1762,8,48,4801,4802,5916,1,1115
1967,9,48,5360,5362,5919,2,559
2140,12,48,5832,5833,5922,1,90
1768,14,48,4817,4819,5925,2,1108
1973,15,48,5376,5377,5928,1,552
2159,31,48,5884,5885,5931,1,47
2161,33,48,5889,5890,5934,1,45
1756,2,48,4785,4786,5937,1,1152
1962,4,48,5346,5347,5940,1,594
2168,6,48,5909,5910,5943,1,34
2169,7,48,5911,5913,5946,2,35
1968,10,48,5363,5364,5949,1,586
2174,12,48,5925,5926,5952,1,27
2175,13,48,5928,5929,5955,1,27
1974,16,48,5379,5380,5958,1,579
2180,18,48,5941,5942,5961,1,20
2181,19,48,5944,5945,5964,1,20
1979,21,48,5393,5394,5967,1,574
1777,23,48,4842,4843,5970,1,1128
2187,25,48,5960,5962,5973,2,13
1985,27,48,5409,5410,5976,1,567
1783,29,48,4858,4859,5979,1,1121
1854,32,48,5052,5053,5982,1,930
1890,34,48,5150,5151,5985,1,835
1771,17,48,4826,4828,5988,2,1162
1774,20,48,4834,4836,5991,2,1157
1980,22,48,5395,5397,5994,2,599
2186,24,48,5958,5959,5997,1,39
1780,26,48,4850,4852,6000,2,1150
1986,28,48,5412,5413,6003,1,591
2192,30,48,5974,5976,6006,2,32
2197,1,48,5987,5989,6009,2,22
1995,3,48,5436,5437,6012,1,576
1793,5,48,4886,4888,6015,2,1129
2203,7,48,6003,6005,6018,2,15
2001,9,48,5453,5455,6021,2,568
1799,11,48,4902,4903,6024,1,1122
1802,14,48,4910,4912,6027,2,1117
2007,15,48,5469,5470,6030,1,561
2193,31,48,5977,5978,6033,1,56
2195,33,48,5982,5983,6036,1,54
1790,2,48,4878,4879,6039,1,1161
1996,4,48,5439,5440,6042,1,603
2202,6,48,6001,6002,6045,1,44
1796,8,48,4894,4895,6048,1,1154
2002,10,48,5456,5457,6051,1,595
2208,12,48,6017,6018,6054,1,37
2209,13,48,6020,6022,6057,2,37
2008,16,48,5472,5473,6060,1,588
2214,18,48,6033,6034,6063,1,30
2215,19,48,6036,6037,6066,1,30
2013,21,48,5486,5487,6069,1,583
2220,24,48,6050,6052,6072,2,22
2221,25,48,6052,6053,6075,1,23
2019,27,48,5502,5503,6078,1,576
1817,29,48,4951,4952,6081,1,1130
2227,31,48,6069,6070,6084,1,15
2229,33,48,6074,6076,6087,2,13
1805,17,48,4919,4921,6090,2,1171
1808,20,48,4927,4929,6093,2,1166
2014,22,48,5488,5490,6096,2,608
1811,23,48,4935,4936,6099,1,1164
1814,26,48,4943,4945,6102,2,1159
2020,28,48,5505,5506,6105,1,600
2226,30,48,6066,6067,6108,1,42
2231,1,48,6080,6082,6111,2,31
2029,3,48,5529,5530,6114,1,585
2236,6,48,6094,6095,6117,1,23
2237,7,48,6096,6098,6120,2,24
2035,9,48,5546,5548,6123,2,577
1833,11,48,4994,4996,6126,2,1132
2243,13,48,6113,6115,6129,2,16
2041,15,48,5562,5563,6132,1,570
1888,32,48,5145,5146,6135,1,990
1924,34,48,5243,5244,6138,1,895
1824,2,48,4970,4972,6141,2,1171
2030,4,48,5532,5533,6144,1,612
1827,5,48,4978,4980,6147,2,1169
1830,8,48,4986,4987,6150,1,1164
2036,10,48,5549,5550,6153,1,604
2242,12,48,6110,6111,6156,1,46
1836,14,48,5002,5003,6159,1,1157
2042,16,48,5565,5566,6162,1,597
2248,18,48,6126,6127,6165,1,39
2249,19,48,6129,6130,6168,1,39
2047,21,48,5579,5580,6171,1,592
2254,24,48,6143,6145,6174,2,31
2255,25,48,6145,6146,6177,1,32
2053,27,48,5595,5596,6180,1,585
2260,30,48,6159,6160,6183,1,24
2261,31,48,6162,6163,6186,1,24
2263,33,48,6167,6169,6189,2,22
1839,17,48,5011,5012,6192,1,1181
1842,20,48,5019,5020,6195,1,1176
2048,22,48,5581,5583,6198,2,617
1845,23,48,5027,5029,6201,2,1174
1848,26,48,5035,5036,6204,1,1169
2054,28,48,5598,5599,6207,1,609
1851,29,48,5043,5045,6210,2,1167
2265,1,48,6173,6175,6213,2,40
2063,3,48,5621,5622,6216,1,595
2270,6,48,6187,6188,6219,1,32
2271,7,48,6189,6191,6222,2,33
2069,9,48,5638,5639,6225,1,587
2276,12,48,6203,6204,6228,1,25
2277,13,48,6206,6208,6231,2,25
2075,15,48,5654,5655,6234,1,580
1922,32,48,5238,5239,6237,1,999
1958,34,48,5335,5336,6240,1,905
1858,2,48,5063,5065,6243,2,1180
2064,4,48,5624,5626,6246,2,622
1861,5,48,5071,5073,6249,2,1178
1864,8,48,5079,5080,6252,1,1173
2070,10,48,5641,5643,6255,2,614
1867,11,48,5087,5089,6258,2,1171
1870,14,48,5095,5096,6261,1,1166
2076,16,48,5657,5659,6264,2,607
2282,18,48,6219,6220,6267,1,48
2283,19,48,6222,6223,6270,1,48
2081,21,48,5671,5672,6273,1,602
2288,24,48,6236,6238,6276,2,40
2289,25,48,6238,6239,6279,1,41
2087,27,48,5687,5688,6282,1,595
2294,30,48,6252,6253,6285,1,33
2295,31,48,6255,6256,6288,1,33
2297,33,48,6260,6262,6291,2,31
1873,17,48,5104,5105,6294,1,1190
1876,20,48,5112,5113,6297,1,1185
2082,22,48,5673,5675,6300,2,627
1879,23,48,5120,5122,6303,2,1183
1882,26,48,5128,5129,6306,1,1178
2088,28,48,5690,5692,6309,2,619
1885,29,48,5136,5138,6312,2,1176
2299,1,48,6265,6267,6315,2,50
2097,3,48,5714,5715,6318,1,604
2304,6,48,6279,6280,6321,1,42
2305,7,48,6281,6283,6324,2,43
2103,9,48,5731,5732,6327,1,596
2310,12,48,6295,6296,6330,1,35
2311,13,48,6298,6300,6333,2,35
2109,15,48,5747,5748,6336,1,589
1956,32,48,5330,5331,6339,1,1009
1992,34,48,5428,5429,6342,1,914
1892,2,48,5156,5158,6345,2,1189
2098,4,48,5717,5719,6348,2,631
1895,5,48,5164,5166,6351,2,1187
1898,8,48,5172,5173,6354,1,1182
2104,10,48,5734,5736,6357,2,623
1901,11,48,5180,5182,6360,2,1180
1904,14,48,5188,5189,6363,1,1175
2110,16,48,5750,5752,6366,2,616
2316,18,48,6311,6312,6369,1,58
2317,19,48,6314,6316,6372,2,58
2115,21,48,5764,5765,6375,1,611
2322,24,48,6328,6329,6378,1,50
2323,25,48,6330,6331,6381,1,51
2121,27,48,5780,5781,6384,1,604
2328,30,48,6344,6346,6387,2,43
2329,31,48,6347,6349,6390,2,43
2331,33,48,6352,6354,6393,2,41
1907,17,48,5197,5198,6396,1,1199
1910,20,48,5205,5206,6399,1,1194
2116,22,48,5766,5768,6402,2,636
1913,23,48,5213,5215,6405,2,1192
1916,26,48,5221,5222,6408,1,1187
2122,28,48,5783,5785,6411,2,628
1919,29,48,5229,5231,6414,2,1185
2333,1,48,6358,6359,6417,1,59
2131,3,48,5807,5808,6420,1,613
2338,6,48,6372,6373,6423,1,51
2339,7,48,6374,6375,6426,1,52
2137,9,48,5824,5825,6429,1,605
2344,12,48,6388,6389,6432,1,44
2345,13,48,6391,6392,6435,1,44
2143,15,48,5840,5841,6438,1,598
1990,32,48,5423,5424,6441,1,1018
2026,34,48,5521,5522,6444,1,923
1926,2,48,5248,5249,6447,1,1199
2132,4,48,5810,5812,6450,2,640
1929,5,48,5256,5257,6453,1,1197
1932,8,48,5264,5265,6456,1,1192
2138,10,48,5827,5829,6459,2,632
1935,11,48,5272,5273,6462,1,1190
1938,14,48,5280,5281,6465,1,1185
2144,16,48,5843,5845,6468,2,625
2350,18,48,6404,6405,6471,1,67
2351,19,48,6407,6409,6474,2,67
2149,21,48,5857,5858,6477,1,620
2356,24,48,6421,6422,6480,1,59
2357,25,48,6423,6424,6483,1,60
2155,27,48,5873,5874,6486,1,613
2362,30,48,6437,6439,6489,2,52
2363,31,48,6440,6442,6492,2,52
2365,33,48,6445,6447,6495,2,50
1941,17,48,5289,5290,6498,1,1209
1944,20,48,5297,5299,6501,2,1204
2150,22,48,5859,5861,6504,2,645
1947,23,48,5305,5306,6507,1,1202
1950,26,48,5313,5314,6510,1,1197
2156,28,48,5876,5878,6513,2,637
1953,29,48,5321,5322,6516,1,1195
2367,1,48,6451,6452,6519,1,68
2165,3,48,5900,5901,6522,1,622
2372,6,48,6465,6466,6525,1,60
2373,7,48,6467,6468,6528,1,61
2171,9,48,5917,5918,6531,1,614
2378,12,48,6481,6482,6534,1,53
2379,13,48,6484,6485,6537,1,53
2177,15,48,5933,5934,6540,1,607
2024,32,48,5516,5517,6543,1,1027
2060,34,48,5614,5615,6546,1,932
1960,2,48,5341,5343,6549,2,1208
2166,4,48,5903,5905,6552,2,649
1963,5,48,5349,5350,6555,1,1206
1966,8,48,5357,5359,6558,2,1201
2172,10,48,5920,5922,6561,2,641
1969,11,48,5365,5367,6564,2,1199
1972,14,48,5373,5374,6567,1,1194
2178,16,48,5936,5938,6570,2,634
2384,18,48,6497,6498,6573,1,76
2385,19,48,6500,6502,6576,2,76
2183,21,48,5950,5951,6579,1,629
2390,24,48,6514,6515,6582,1,68
2391,25,48,6516,6517,6585,1,69
2189,27,48,5966,5967,6588,1,622
2396,30,48,6530,6532,6591,2,61
2397,31,48,6533,6535,6594,2,61
2399,33,48,6538,6540,6597,2,59
1975,17,48,5382,5383,6600,1,1218
1978,20,48,5390,5392,6603,2,1213
2184,22,48,5952,5954,6606,2,654
1981,23,48,5398,5399,6609,1,1211
1984,26,48,5406,5407,6612,1,1206
2190,28,48,5969,5971,6615,2,646
1987,29,48,5414,5415,6618,1,1204
2401,1,48,6544,6545,6621,1,77
2199,3,48,5992,5993,6624,1,632
2406,6,48,6558,6559,6627,1,69
2407,7,48,6560,6561,6630,1,70
2205,9,48,6009,6010,6633,1,624
2412,12,48,6574,6575,6636,1,62
2413,13,48,6577,6578,6639,1,62
2211,15,48,6025,6027,6642,2,617
2431,31,48,6626,6628,6645,2,19
2433,33,48,6631,6633,6648,2,17
2435,1,48,6636,6638,6651,2,15
2200,4,48,5995,5996,6654,1,659
1997,5,48,5442,5443,6657,1,1215
2000,8,48,5450,5452,6660,2,1210
2206,10,48,6012,6013,6663,1,651
2003,11,48,5458,5460,6666,2,1208
2006,14,48,5466,5467,6669,1,1203
2212,16,48,6028,6029,6672,1,644
2418,18,48,6590,6591,6675,1,85
2419,19,48,6593,6595,6678,2,85
2217,21,48,6042,6043,6681,1,639
2424,24,48,6607,6608,6684,1,77
2425,25,48,6609,6610,6687,1,78
2223,27,48,6058,6060,6690,2,632
2430,30,48,6623,6625,6693,2,70
2058,32,48,5609,5610,6696,1,1087
2094,34,48,5706,5707,6699,1,993
2452,18,48,6682,6683,6702,1,20
2453,19,48,6685,6686,6705,1,20
2218,22,48,6044,6045,6708,1,664
2015,23,48,5491,5492,6711,1,1220
2459,25,48,6701,6703,6714,2,13
2224,28,48,6061,6062,6717,1,656
2021,29,48,5507,5508,6720,1,1213
1994,2,48,5434,5436,6723,2,1289
2233,3,48,6085,6086,6726,1,641
2440,6,48,6650,6651,6729,1,79
2441,7,48,6652,6654,6732,2,80
2239,9,48,6102,6103,6735,1,633
2446,12,48,6666,6667,6738,1,72
2447,13,48,6669,6670,6741,1,72
2245,15,48,6118,6120,6744,2,626
2465,31,48,6718,6719,6747,1,29
2467,33,48,6723,6724,6750,1,27
2469,1,48,6729,6730,6753,1,24
2234,4,48,6088,6089,6756,1,668
2031,5,48,5535,5536,6759,1,1224
2475,7,48,6745,6747,6762,2,17
2240,10,48,6105,6106,6765,1,660
2037,11,48,5551,5553,6768,2,1217
2040,14,48,5559,5560,6771,1,1212
2246,16,48,6121,6122,6774,1,653
2009,17,48,5475,5476,6777,1,1302
2012,20,48,5483,5485,6780,2,1297
2251,21,48,6135,6136,6783,1,648
2458,24,48,6699,6700,6786,1,87
2018,26,48,5499,5500,6789,1,1290
2257,27,48,6151,6153,6792,2,641
2464,30,48,6715,6717,6795,2,80
2092,32,48,5701,5702,6798,1,1097
2128,34,48,5799,5800,6801,1,1002
2486,18,48,6775,6776,6804,1,29
2487,19,48,6778,6779,6807,1,29
2252,22,48,6137,6138,6810,1,673
2492,24,48,6792,6793,6813,1,21
2493,25,48,6794,6796,6816,2,22
2258,28,48,6154,6155,6819,1,665
2055,29,48,5600,5601,6822,1,1222
2028,2,48,5527,5529,6825,2,1298
2267,3,48,6178,6179,6828,1,650
2474,6,48,6743,6744,6831,1,88
2034,8,48,5543,5545,6834,2,1291
2273,9,48,6195,6196,6837,1,642
2480,12,48,6759,6760,6840,1,81
2481,13,48,6762,6763,6843,1,81
2279,15,48,6211,6213,6846,2,635
2499,31,48,6811,6812,6849,1,38
2501,33,48,6816,6817,6852,1,36
2503,1,48,6822,6823,6855,1,33
2268,4,48,6181,6182,6858,1,677
2508,6,48,6836,6837,6861,1,25
2509,7,48,6838,6840,6864,2,26
2274,10,48,6198,6199,6867,1,669
2071,11,48,5643,5644,6870,1,1227
2515,13,48,6855,6856,6873,1,18
2280,16,48,6214,6215,6876,1,662
2043,17,48,5568,5569,6879,1,1311
2046,20,48,5576,5578,6882,2,1306
2285,21,48,6228,6229,6885,1,657
2049,23,48,5584,5585,6888,1,1304
2052,26,48,5592,5593,6891,1,1299
2291,27,48,6244,6246,6894,2,650
2498,30,48,6808,6810,6897,2,89
2126,32,48,5794,5795,6900,1,1106
2162,34,48,5892,5893,6903,1,1011
2520,18,48,6868,6869,6906,1,38
2521,19,48,6871,6872,6909,1,38
2286,22,48,6230,6231,6912,1,682
2526,24,48,6885,6886,6915,1,30
2527,25,48,6887,6889,6918,2,31
2292,28,48,6247,6248,6921,1,674
2532,30,48,6901,6903,6924,2,23
2537,1,48,6915,6916,6927,1,12
2301,3,48,6270,6272,6930,2,660
2065,5,48,5627,5629,6933,2,1306
2068,8,48,5635,5636,6936,1,1301
2307,9,48,6287,6289,6939,2,652
2514,12,48,6852,6853,6942,1,90
2074,14,48,5651,5653,6945,2,1294
2313,15,48,6303,6304,6948,1,645
2533,31,48,6904,6905,6951,1,47
2535,33,48,6909,6910,6954,1,45
2062,2,48,5619,5620,6957,1,1338
2302,4,48,6273,6274,6960,1,687
2542,6,48,6929,6930,6963,1,34
2543,7,48,6931,6933,6966,2,35
2308,10,48,6290,6292,6969,2,679
2548,12,48,6945,6946,6972,1,27
2549,13,48,6948,6949,6975,1,27
2314,16,48,6306,6307,6978,1,672
2554,18,48,6961,6962,6981,1,20
2555,19,48,6964,6965,6984,1,20
2319,21,48,6320,6321,6987,1,667
2083,23,48,5676,5677,6990,1,1314
2561,25,48,6980,6982,6993,2,13
2325,27,48,6336,6337,6996,1,660
2089,29,48,5692,5693,6999,1,1307
2160,32,48,5887,5888,7002,1,1115
2196,34,48,5985,5986,7005,1,1020
2077,17,48,5660,5662,7008,2,1348
2080,20,48,5668,5670,7011,2,1343
2320,22,48,6322,6324,7014,2,692
2560,24,48,6978,6979,7017,1,39
2086,26,48,5684,5686,7020,2,1336
2326,28,48,6339,6340,7023,1,684
2566,30,48,6994,6996,7026,2,32
2571,1,48,7007,7009,7029,2,22
2335,3,48,6363,6364,7032,1,669
2099,5,48,5720,5722,7035,2,1315
2577,7,48,7023,7025,7038,2,15
2341,9,48,6380,6382,7041,2,661
2105,11,48,5736,5737,7044,1,1308
2108,14,48,5744,5746,7047,2,1303
2347,15,48,6396,6397,7050,1,654
2567,31,48,6997,6998,7053,1,56
2569,33,48,7002,7003,7056,1,54
2096,2,48,5712,5713,7059,1,1347
2336,4,48,6366,6367,7062,1,696
2576,6,48,7021,7022,7065,1,44
2102,8,48,5728,5729,7068,1,1340
2342,10,48,6383,6384,7071,1,688
2582,12,48,7037,7038,7074,1,37
2583,13,48,7040,7042,7077,2,37
2348,16,48,6399,6400,7080,1,681
2588,18,48,7053,7054,7083,1,30
2589,19,48,7056,7057,7086,1,30
2353,21,48,6413,6414,7089,1,676
2594,24,48,7070,7072,7092,2,22
2595,25,48,7072,7073,7095,1,23
2359,27,48,6429,6430,7098,1,669
2123,29,48,5785,5786,7101,1,1316
2601,31,48,7089,7090,7104,1,15
2603,33,48,7094,7096,7107,2,13
2111,17,48,5753,5755,7110,2,1357
2114,20,48,5761,5763,7113,2,1352
2354,22,48,6415,6417,7116,2,701
2117,23,48,5769,5770,7119,1,1350
2120,26,48,5777,5779,7122,2,1345
2360,28,48,6432,6433,7125,1,693
2600,30,48,7086,7087,7128,1,42
2605,1,48,7100,7102,7131,2,31
2369,3,48,6456,6457,7134,1,678
2610,6,48,7114,7115,7137,1,23
2611,7,48,7116,7118,7140,2,24
2375,9,48,6473,6475,7143,2,670
2139,11,48,5829,5830,7146,1,1317
2617,13,48,7133,7135,7149,2,16
2381,15,48,6489,6490,7152,1,663
2194,32,48,5980,5981,7155,1,1175
2230,34,48,6077,6078,7158,1,1081
2130,2,48,5805,5806,7161,1,1356
2370,4,48,6459,6460,7164,1,705
2133,5,48,5813,5815,7167,2,1354
2136,8,48,5821,5822,7170,1,1349
2376,10,48,6476,6477,7173,1,697
2616,12,48,7130,7131,7176,1,46
2142,14,48,5837,5839,7179,2,1342
2382,16,48,6492,6493,7182,1,690
2622,18,48,7146,7147,7185,1,39
2623,19,48,7149,7150,7188,1,39
2387,21,48,6506,6507,7191,1,685
2628,24,48,7163,7165,7194,2,31
2629,25,48,7165,7166,7197,1,32
2393,27,48,6522,6523,7200,1,678
2634,30,48,7179,7180,7203,1,24
2635,31,48,7182,7183,7206,1,24
2637,33,48,7187,7189,7209,2,22
2145,17,48,5846,5848,7212,2,1366
2148,20,48,5854,5856,7215,2,1361
2388,22,48,6508,6510,7218,2,710
2151,23,48,5862,5863,7221,1,1359
2154,26,48,5870,5872,7224,2,1354
2394,28,48,6525,6526,7227,1,702
2157,29,48,5878,5879,7230,1,1352
2639,1,48,7193,7195,7233,2,40
2403,3,48,6549,6550,7236,1,687
2644,6,48,7207,7208,7239,1,32
2645,7,48,7209,7211,7242,2,33
2409,9,48,6566,6568,7245,2,679
2650,12,48,7223,7224,7248,1,25
2651,13,48,7226,7228,7251,2,25
2415,15,48,6582,6583,7254,1,672
2228,32,48,6072,6073,7257,1,1185
2264,34,48,6170,6171,7260,1,1090
2164,2,48,5898,5899,7263,1,1365
2404,4,48,6552,6553,7266,1,714
2167,5,48,5906,5908,7269,2,1363
2170,8,48,5914,5915,7272,1,1358
2410,10,48,6569,6570,7275,1,706
2173,11,48,5922,5923,7278,1,1356
2176,14,48,5930,5932,7281,2,1351
2416,16,48,6585,6586,7284,1,699
2656,18,48,7239,7240,7287,1,48
2657,19,48,7242,7243,7290,1,48
2421,21,48,6599,6600,7293,1,694
2662,24,48,7256,7258,7296,2,40
2663,25,48,7258,7259,7299,1,41
2427,27,48,6615,6616,7302,1,687
2668,30,48,7272,7273,7305,1,33
2669,31,48,7275,7276,7308,1,33
2671,33,48,7280,7282,7311,2,31
2179,17,48,5939,5941,7314,2,1375
2182,20,48,5947,5949,7317,2,1370
2422,22,48,6601,6603,7320,2,719
2185,23,48,5955,5956,7323,1,1368
2188,26,48,5963,5965,7326,2,1363
2428,28,48,6618,6619,7329,1,711
2191,29,48,5971,5972,7332,1,1361
2673,1,48,7285,7287,7335,2,50
2437,3,48,6641,6642,7338,1,697
2678,6,48,7299,7300,7341,1,42
2679,7,48,7301,7303,7344,2,43
2443,9,48,6658,6659,7347,1,689
2684,12,48,7315,7316,7350,1,35
2685,13,48,7318,7320,7353,2,35
2449,15,48,6674,6675,7356,1,682
2262,32,48,6165,6166,7359,1,1194
2298,34,48,6263,6264,7362,1,1099
2198,2,48,5990,5992,7365,2,1375
2438,4,48,6644,6646,7368,2,724
2201,5,48,5998,6000,7371,2,1373
2204,8,48,6006,6007,7374,1,1368
2444,10,48,6661,6663,7377,2,716
2207,11,48,6014,6016,7380,2,1366
2210,14,48,6022,6023,7383,1,1361
2450,16,48,6677,6679,7386,2,709
2690,18,48,7331,7332,7389,1,58
2691,19,48,7334,7336,7392,2,58
2455,21,48,6691,6692,7395,1,704
2696,24,48,7348,7349,7398,1,50
2697,25,48,7350,7351,7401,1,51
2461,27,48,6707,6708,7404,1,697
2702,30,48,7364,7366,7407,2,43
2703,31,48,7367,7369,7410,2,43
2705,33,48,7372,7374,7413,2,41
2213,17,48,6031,6032,7416,1,1385
2216,20,48,6039,6040,7419,1,1380
2456,22,48,6693,6695,7422,2,729
2219,23,48,6047,6049,7425,2,1378
2222,26,48,6055,6056,7428,1,1373
2462,28,48,6710,6712,7431,2,721
2225,29,48,6063,6065,7434,2,1371
2707,1,48,7378,7379,7437,1,59
2471,3,48,6734,6735,7440,1,706
2712,6,48,7392,7393,7443,1,51
2713,7,48,7394,7395,7446,1,52
2477,9,48,6751,6752,7449,1,698
2718,12,48,7408,7409,7452,1,44
2719,13,48,7411,7412,7455,1,44
2483,15,48,6767,6768,7458,1,691
2296,32,48,6258,6259,7461,1,1203
2332,34,48,6355,6356,7464,1,1109
2232,2,48,6083,6085,7467,2,1384
2472,4,48,6737,6739,7470,2,733
2235,5,48,6091,6093,7473,2,1382
2238,8,48,6099,6100,7476,1,1377
2478,10,48,6754,6756,7479,2,725
2241,11,48,6107,6109,7482,2,1375
2244,14,48,6115,6116,7485,1,1370
2484,16,48,6770,6772,7488,2,718
2724,18,48,7424,7425,7491,1,67
2725,19,48,7427,7429,7494,2,67
2489,21,48,6784,6785,7497,1,713
2730,24,48,7441,7442,7500,1,59
2731,25,48,7443,7444,7503,1,60
2495,27,48,6800,6801,7506,1,706
2736,30,48,7457,7459,7509,2,52
2737,31,48,7460,7462,7512,2,52
2739,33,48,7465,7467,7515,2,50
2247,17,48,6124,6125,7518,1,1394
2250,20,48,6132,6133,7521,1,1389
2490,22,48,6786,6788,7524,2,738
2253,23,48,6140,6142,7527,2,1387
2256,26,48,6148,6149,7530,1,1382
2496,28,48,6803,6805,7533,2,730
2259,29,48,6156,6158,7536,2,1380
2741,1,48,7471,7472,7539,1,68
2505,3,48,6827,6828,7542,1,715
2746,6,48,7485,7486,7545,1,60
2747,7,48,7487,7488,7548,1,61
2511,9,48,6844,6845,7551,1,707
2752,12,48,7501,7502,7554,1,53
2753,13,48,7504,7505,7557,1,53
2517,15,48,6860,6861,7560,1,700
2330,32,48,6350,6351,7563,1,1213
2366,34,48,6448,6449,7566,1,1118
2266,2,48,6176,6178,7569,2,1393
2506,4,48,6830,6832,7572,2,742
2269,5,48,6184,6186,7575,2,1391
2272,8,48,6192,6193,7578,1,1386
2512,10,48,6847,6849,7581,2,734
2275,11,48,6200,6202,7584,2,1384
2278,14,48,6208,6209,7587,1,1379
2518,16,48,6863,6865,7590,2,727
2758,18,48,7517,7518,7593,1,76
2759,19,48,7520,7522,7596,2,76
2523,21,48,6877,6878,7599,1,722
2764,24,48,7534,7535,7602,1,68
2765,25,48,7536,7537,7605,1,69
2529,27,48,6893,6894,7608,1,715
2770,30,48,7550,7552,7611,2,61
2771,31,48,7553,7555,7614,2,61
2773,33,48,7558,7560,7617,2,59
2281,17,48,6217,6218,7620,1,1403
2284,20,48,6225,6226,7623,1,1398
2524,22,48,6879,6881,7626,2,747
2287,23,48,6233,6235,7629,2,1396
2290,26,48,6241,6242,7632,1,1391
2530,28,48,6896,6898,7635,2,739
2293,29,48,6249,6251,7638,2,1389
2775,1,48,7564,7565,7641,1,77
2539,3,48,6920,6921,7644,1,724
2780,6,48,7578,7579,7647,1,69
2781,7,48,7580,7581,7650,1,70
2545,9,48,6937,6938,7653,1,716
2786,12,48,7594,7595,7656,1,62
2787,13,48,7597,7598,7659,1,62
2551,15,48,6953,6954,7662,1,709
2805,31,48,7646,7648,7665,2,19
2807,33,48,7651,7653,7668,2,17
2809,1,48,7656,7658,7671,2,15
2540,4,48,6923,6925,7674,2,751
2303,5,48,6276,6277,7677,1,1401
2306,8,48,6284,6285,7680,1,1396
2546,10,48,6940,6942,7683,2,743
2309,11,48,6292,6293,7686,1,1394
2312,14,48,6300,6301,7689,1,1389
2552,16,48,6956,6958,7692,2,736
2792,18,48,7610,7611,7695,1,85
2793,19,48,7613,7615,7698,2,85
2557,21,48,6970,6971,7701,1,731
2798,24,48,7627,7628,7704,1,77
2799,25,48,7629,7630,7707,1,78
2563,27,48,6986,6987,7710,1,724
2804,30,48,7643,7645,7713,2,70
2364,32,48,6443,6444,7716,1,1273
2400,34,48,6541,6542,7719,1,1178
2826,18,48,7702,7703,7722,1,20
2827,19,48,7705,7706,7725,1,20
2558,22,48,6972,6974,7728,2,756
2321,23,48,6325,6326,7731,1,1406
2833,25,48,7721,7723,7734,2,13
2564,28,48,6989,6991,7737,2,748
2327,29,48,6341,6342,7740,1,1399
2300,2,48,6268,6269,7743,1,1475
2573,3,48,7012,7013,7746,1,734
2814,6,48,7670,7671,7749,1,79
2815,7,48,7672,7674,7752,2,80
2579,9,48,7029,7030,7755,1,726
2820,12,48,7686,7687,7758,1,72
2821,13,48,7689,7690,7761,1,72
2585,15,48,7045,7047,7764,2,719
2839,31,48,7738,7739,7767,1,29
2841,33,48,7743,7744,7770,1,27
2843,1,48,7749,7750,7773,1,24
2574,4,48,7015,7016,7776,1,761
2337,5,48,6369,6370,7779,1,1410
2849,7,48,7765,7767,7782,2,17
2580,10,48,7032,7033,7785,1,753
2343,11,48,6385,6387,7788,2,1403
2346,14,48,6393,6394,7791,1,1398
2586,16,48,7048,7049,7794,1,746
2315,17,48,6309,6310,7797,1,1488
2318,20,48,6317,6319,7800,2,1483
2591,21,48,7062,7063,7803,1,741
2832,24,48,7719,7720,7806,1,87
2324,26,48,6333,6334,7809,1,1476
2597,27,48,7078,7080,7812,2,734
2838,30,48,7735,7737,7815,2,80
2398,32,48,6536,6537,7818,1,1282
2434,34,48,6634,6635,7821,1,1187
2860,18,48,7795,7796,7824,1,29
2861,19,48,7798,7799,7827,1,29
2592,22,48,7064,7065,7830,1,766
2866,24,48,7812,7813,7833,1,21
2867,25,48,7814,7816,7836,2,22
2598,28,48,7081,7082,7839,1,758
2361,29,48,6434,6435,7842,1,1408
2334,2,48,6361,6363,7845,2,1484
2607,3,48,7105,7106,7848,1,743
2848,6,48,7763,7764,7851,1,88
2340,8,48,6377,6379,7854,2,1477
2613,9,48,7122,7123,7857,1,735
2854,12,48,7779,7780,7860,1,81
2855,13,48,7782,7783,7863,1,81
2619,15,48,7138,7140,7866,2,728
2873,31,48,7831,7832,7869,1,38
2875,33,48,7836,7837,7872,1,36
2877,1,48,7842,7843,7875,1,33
2608,4,48,7108,7109,7878,1,770
2882,6,48,7856,7857,7881,1,25
2883,7,48,7858,7860,7884,2,26
2614,10,48,7125,7126,7887,1,762
2377,11,48,6478,6480,7890,2,1412
2889,13,48,7875,7876,7893,1,18
2620,16,48,7141,7142,7896,1,755
2349,17,48,6402,6403,7899,1,1497
2352,20,48,6410,6412,7902,2,1492
2625,21,48,7155,7156,7905,1,750
2355,23,48,6418,6419,7908,1,1490
2358,26,48,6426,6427,7911,1,1485
2631,27,48,7171,7173,7914,2,743
2872,30,48,7828,7830,7917,2,89
2432,32,48,6629,6630,7920,1,1291
2468,34,48,6726,6727,7923,1,1197
2894,18,48,7888,7889,7926,1,38
2895,19,48,7891,7892,7929,1,38
2626,22,48,7157,7158,7932,1,775
2900,24,48,7905,7906,7935,1,30
2901,25,48,7907,7909,7938,2,31
2632,28,48,7174,7175,7941,1,767
2906,30,48,7921,7923,7944,2,23
2911,1,48,7935,7936,7947,1,12
2641,3,48,7198,7199,7950,1,752
2371,5,48,6462,6463,7953,1,1491
2374,8,48,6470,6472,7956,2,1486
2647,9,48,7215,7216,7959,1,744
2888,12,48,7872,7873,7962,1,90
2380,14,48,6486,6487,7965,1,1479
2653,15,48,7231,7233,7968,2,737
2907,31,48,7924,7925,7971,1,47
2909,33,48,7929,7930,7974,1,45
2368,2,48,6454,6456,7977,2,1523
2642,4,48,7201,7202,7980,1,779
2916,6,48,7949,7950,7983,1,34
2917,7,48,7951,7953,7986,2,35
2648,10,48,7218,7219,7989,1,771
2922,12,48,7965,7966,7992,1,27
2923,13,48,7968,7969,7995,1,27
2654,16,48,7234,7235,7998,1,764
2928,18,48,7981,7982,8001,1,20
2929,19,48,7984,7985,8004,1,20
2659,21,48,7248,7249,8007,1,759
2389,23,48,6511,6512,8010,1,1499
2935,25,48,8000,8002,8013,2,13
2665,27,48,7264,7266,8016,2,752
2395,29,48,6527,6528,8019,1,1492
2466,32,48,6721,6722,8022,1,1301
2502,34,48,6819,6820,8025,1,1206
2383,17,48,6495,6496,8028,1,1533
2386,20,48,6503,6505,8031,2,1528
2660,22,48,7250,7251,8034,1,784
2934,24,48,7998,7999,8037,1,39
2392,26,48,6519,6520,8040,1,1521
2666,28,48,7267,7268,8043,1,776
2940,30,48,8014,8016,8046,2,32
2945,1,48,8027,8029,8049,2,22
2675,3,48,7290,7292,8052,2,762
2405,5,48,6555,6556,8055,1,1500
2951,7,48,8043,8045,8058,2,15
2681,9,48,7307,7309,8061,2,754
2411,11,48,6571,6573,8064,2,1493
2414,14,48,6579,6580,8067,1,1488
2687,15,48,7323,7324,8070,1,747
2941,31,48,8017,8018,8073,1,56
2943,33,48,8022,8023,8076,1,54
2402,2,48,6547,6549,8079,2,1532
2676,4,48,7293,7294,8082,1,789
2950,6,48,8041,8042,8085,1,44
2408,8,48,6563,6565,8088,2,1525
2682,10,48,7310,7312,8091,2,781
2956,12,48,8057,8058,8094,1,37
2957,13,48,8060,8062,8097,2,37
2688,16,48,7326,7327,8100,1,774
2962,18,48,8073,8074,8103,1,30
2963,19,48,8076,8077,8106,1,30
2693,21,48,7340,7341,8109,1,769
2968,24,48,8090,8092,8112,2,22
2969,25,48,8092,8093,8115,1,23
2699,27,48,7356,7357,8118,1,762
2429,29,48,6620,6621,8121,1,1501
2975,31,48,8109,8110,8124,1,15
2977,33,48,8114,8116,8127,2,13
2417,17,48,6588,6589,8130,1,1542
2420,20,48,6596,6598,8133,2,1537
2694,22,48,7342,7344,8136,2,794
2423,23,48,6604,6605,8139,1,1535
2426,26,48,6612,6613,8142,1,1530
2700,28,48,7359,7360,8145,1,786
2974,30,48,8106,8107,8148,1,42
2979,1,48,8120,8122,8151,2,31
2709,3,48,7383,7384,8154,1,771
2984,6,48,8134,8135,8157,1,23
2985,7,48,8136,8138,8160,2,24
2715,9,48,7400,7402,8163,2,763
2445,11,48,6663,6664,8166,1,1503
2991,13,48,8153,8155,8169,2,16
2721,15,48,7416,7417,8172,1,756
2500,32,48,6814,6815,8175,1,1361
2536,34,48,6912,6913,8178,1,1266
2436,2,48,6639,6640,8181,1,1542
2710,4,48,7386,7387,8184,1,798
2439,5,48,6647,6649,8187,2,1540
2442,8,48,6655,6656,8190,1,1535
2716,10,48,7403,7404,8193,1,790
2990,12,48,8150,8151,8196,1,46
2448,14,48,6671,6673,8199,2,1528
2722,16,48,7419,7420,8202,1,783
2996,18,48,8166,8167,8205,1,39
2997,19,48,8169,8170,8208,1,39
2727,21,48,7433,7434,8211,1,778
3002,24,48,8183,8185,8214,2,31
3003,25,48,8185,8186,8217,1,32
2733,27,48,7449,7450,8220,1,771
3008,30,48,8199,8200,8223,1,24
3009,31,48,8202,8203,8226,1,24
3011,33,48,8207,8209,8229,2,22
2451,17,48,6680,6682,8232,2,1552
2454,20,48,6688,6690,8235,2,1547
2728,22,48,7435,7437,8238,2,803
2457,23,48,6696,6697,8241,1,1545
2460,26,48,6704,6706,8244,2,1540
2734,28,48,7452,7453,8247,1,795
2463,29,48,6712,6713,8250,1,1538
3013,1,48,8213,8215,8253,2,40
2743,3,48,7476,7477,8256,1,780
3018,6,48,8227,8228,8259,1,32
3019,7,48,8229,8231,8262,2,33
2749,9,48,7493,7495,8265,2,772
3024,12,48,8243,8244,8268,1,25
3025,13,48,8246,8248,8271,2,25
2755,15,48,7509,7510,8274,1,765
2534,32,48,6907,6908,8277,1,1370
2570,34,48,7005,7006,8280,1,1275
2470,2,48,6732,6733,8283,1,1551
2744,4,48,7479,7480,8286,1,807
2473,5,48,6740,6742,8289,2,1549
2476,8,48,6748,6749,8292,1,1544
2750,10,48,7496,7497,8295,1,799
2479,11,48,6756,6757,8298,1,1542
2482,14,48,6764,6766,8301,2,1537
2756,16,48,7512,7513,8304,1,792
3030,18,48,8259,8260,8307,1,48
3031,19,48,8262,8263,8310,1,48
2761,21,48,7526,7527,8313,1,787
3036,24,48,8276,8278,8316,2,40
3037,25,48,8278,8279,8319,1,41
2767,27,48,7542,7543,8322,1,780
3042,30,48,8292,8293,8325,1,33
3043,31,48,8295,8296,8328,1,33
3045,33,48,8300,8302,8331,2,31
2485,17,48,6773,6775,8334,2,1561
2488,20,48,6781,6783,8337,2,1556
2762,22,48,7528,7530,8340,2,812
2491,23,48,6789,6790,8343,1,1554
2494,26,48,6797,6799,8346,2,1549
2768,28,48,7545,7546,8349,1,804
2497,29,48,6805,6806,8352,1,1547
3047,1,48,8305,8307,8355,2,50
2777,3,48,7569,7570,8358,1,789
3052,6,48,8319,8320,8361,1,42
3053,7,48,8321,8323,8364,2,43
2783,9,48,7586,7588,8367,2,781
3058,12,48,8335,8336,8370,1,35
3059,13,48,8338,8340,8373,2,35
2789,15,48,7602,7603,8376,1,774
2568,32,48,7000,7001,8379,1,1379
2604,34,48,7097,7098,8382,1,1285
2504,2,48,6825,6826,8385,1,1560
2778,4,48,7572,7573,8388,1,816
2507,5,48,6833,6835,8391,2,1558
2510,8,48,6841,6842,8394,1,1553
2784,10,48,7589,7590,8397,1,808
2513,11,48,6849,6850,8400,1,1551
2516,14,48,6857,6859,8403,2,1546
2790,16,48,7605,7606,8406,1,801
3064,18,48,8351,8352,8409,1,58
3065,19,48,8354,8356,8412,2,58
2795,21,48,7619,7620,8415,1,796
3070,24,48,8368,8369,8418,1,50
3071,25,48,8370,8371,8421,1,51
2801,27,48,7635,7636,8424,1,789
3076,30,48,8384,8386,8427,2,43
3077,31,48,8387,8389,8430,2,43
3079,33,48,8392,8394,8433,2,41
2519,17,48,6866,6868,8436,2,1570
2522,20,48,6874,6876,8439,2,1565
2796,22,48,7621,7623,8442,2,821
2525,23,48,6882,6883,8445,1,1563
2528,26,48,6890,6892,8448,2,1558
2802,28,48,7638,7639,8451,1,813
2531,29,48,6898,6899,8454,1,1556
3081,1,48,8398,8399,8457,1,59
2811,3,48,7661,7662,8460,1,799
3086,6,48,8412,8413,8463,1,51
3087,7,48,8414,8415,8466,1,52
2817,9,48,7678,7679,8469,1,791
3092,12,48,8428,8429,8472,1,44
3093,13,48,8431,8432,8475,1,44
2823,15,48,7694,7695,8478,1,784
2602,32,48,7092,7093,8481,1,1389
2638,34,48,7190,7191,8484,1,1294
2538,2,48,6918,6919,8487,1,1569
2812,4,48,7664,7666,8490,2,826
2541,5,48,6926,6928,8493,2,1567
2544,8,48,6934,6935,8496,1,1562
2818,10,48,7681,7683,8499,2,818
2547,11,48,6942,6943,8502,1,1560
2550,14,48,6950,6952,8505,2,1555
2824,16,48,7697,7699,8508,2,811
3098,18,48,8444,8445,8511,1,67
3099,19,48,8447,8449,8514,2,67
2829,21,48,7711,7712,8517,1,806
3104,24,48,8461,8462,8520,1,59
3105,25,48,8463,8464,8523,1,60
2835,27,48,7727,7728,8526,1,799
3110,30,48,8477,8479,8529,2,52
3111,31,48,8480,8482,8532,2,52
3113,33,48,8485,8487,8535,2,50
2553,17,48,6959,6961,8538,2,1579
2556,20,48,6967,6969,8541,2,1574
2830,22,48,7713,7715,8544,2,831
2559,23,48,6975,6976,8547,1,1572
2562,26,48,6983,6985,8550,2,1567
2836,28,48,7730,7732,8553,2,823
2565,29,48,6991,6992,8556,1,1565
3115,1,48,8491,8492,8559,1,68
2845,3,48,7754,7755,8562,1,808
3120,6,48,8505,8506,8565,1,60
3121,7,48,8507,8508,8568,1,61
2851,9,48,7771,7772,8571,1,800
3126,12,48,8521,8522,8574,1,53
3127,13,48,8524,8525,8577,1,53
2857,15,48,7787,7788,8580,1,793
2636,32,48,7185,7186,8583,1,1398
2672,34,48,7283,7284,8586,1,1303
2572,2,48,7010,7012,8589,2,1579
2846,4,48,7757,7759,8592,2,835
2575,5,48,7018,7020,8595,2,1577
2578,8,48,7026,7027,8598,1,1572
2852,10,48,7774,7776,8601,2,827
2581,11,48,7034,7036,8604,2,1570
2584,14,48,7042,7043,8607,1,1565
2858,16,48,7790,7792,8610,2,820
3132,18,48,8537,8538,8613,1,76
3133,19,48,8540,8542,8616,2,76
2863,21,48,7804,7805,8619,1,815
3138,24,48,8554,8555,8622,1,68
3139,25,48,8556,8557,8625,1,69
2869,27,48,7820,7821,8628,1,808
3144,30,48,8570,8572,8631,2,61
3145,31,48,8573,8575,8634,2,61
3147,33,48,8578,8580,8637,2,59
2587,17,48,7051,7052,8640,1,1589
2590,20,48,7059,7060,8643,1,1584
2864,22,48,7806,7808,8646,2,840
2593,23,48,7067,7069,8649,2,1582
2596,26,48,7075,7076,8652,1,1577
2870,28,48,7823,7825,8655,2,832
2599,29,48,7083,7085,8658,2,1575
3149,1,48,8584,8585,8661,1,77
2879,3,48,7847,7848,8664,1,817
3154,6,48,8598,8599,8667,1,69
3155,7,48,8600,8601,8670,1,70
2885,9,48,7864,7865,8673,1,809
3160,12,48,8614,8615,8676,1,62
3161,13,48,8617,8618,8679,1,62
2891,15,48,7880,7881,8682,1,802
3179,31,48,8666,8668,8685,2,19
3181,33,48,8671,8673,8688,2,17
3183,1,48,8676,8678,8691,2,15
2880,4,48,7850,7852,8694,2,844
2609,5,48,7111,7113,8697,2,1586
2612,8,48,7119,7120,8700,1,1581
2886,10,48,7867,7869,8703,2,836
2615,11,48,7127,7129,8706,2,1579
2618,14,48,7135,7136,8709,1,1574
2892,16,48,7883,7885,8712,2,829
3166,18,48,8630,8631,8715,1,85
3167,19,48,8633,8635,8718,2,85
2897,21,48,7897,7898,8721,1,824
3172,24,48,8647,8648,8724,1,77
3173,25,48,8649,8650,8727,1,78
2903,27,48,7913,7914,8730,1,817
3178,30,48,8663,8665,8733,2,70
2670,32,48,7278,7279,8736,1,1458
2706,34,48,7375,7376,8739,1,1364
3200,18,48,8722,8723,8742,1,20
3201,19,48,8725,8726,8745,1,20
2898,22,48,7899,7901,8748,2,849
2627,23,48,7160,7162,8751,2,1591
3207,25,48,8741,8743,8754,2,13
2904,28,48,7916,7918,8757,2,841
2633,29,48,7176,7178,8760,2,1584
2606,2,48,7103,7105,8763,2,1660
2913,3,48,7940,7941,8766,1,826
3188,6,48,8690,8691,8769,1,79
3189,7,48,8692,8694,8772,2,80
2919,9,48,7957,7958,8775,1,818
3194,12,48,8706,8707,8778,1,72
3195,13,48,8709,8710,8781,1,72
2925,15,48,7973,7974,8784,1,811
3213,31,48,8758,8759,8787,1,29
3215,33,48,8763,8764,8790,1,27
3217,1,48,8769,8770,8793,1,24
2914,4,48,7943,7945,8796,2,853
2643,5,48,7204,7206,8799,2,1595
3223,7,48,8785,8787,8802,2,17
2920,10,48,7960,7962,8805,2,845
2649,11,48,7220,7222,8808,2,1588
2652,14,48,7228,7229,8811,1,1583
2926,16,48,7976,7978,8814,2,838
2621,17,48,7144,7145,8817,1,1673
2624,20,48,7152,7153,8820,1,1668
2931,21,48,7990,7991,8823,1,833
3206,24,48,8739,8740,8826,1,87
2630,26,48,7168,7169,8829,1,1661
2937,27,48,8006,8007,8832,1,826
3212,30,48,8755,8757,8835,2,80
2704,32,48,7370,7371,8838,1,1468
2740,34,48,7468,7469,8841,1,1373
3234,18,48,8815,8816,8844,1,29
3235,19,48,8818,8819,8847,1,29
2932,22,48,7992,7994,8850,2,858
3240,24,48,8832,8833,8853,1,21
3241,25,48,8834,8836,8856,2,22
2938,28,48,8009,8011,8859,2,850
2667,29,48,7269,7271,8862,2,1593
2640,2,48,7196,7198,8865,2,1669
2947,3,48,8032,8033,8868,1,836
3222,6,48,8783,8784,8871,1,88
2646,8,48,7212,7213,8874,1,1662
2953,9,48,8049,8050,8877,1,828
3228,12,48,8799,8800,8880,1,81
3229,13,48,8802,8803,8883,1,81
2959,15,48,8065,8067,8886,2,821
3247,31,48,8851,8852,8889,1,38
3249,33,48,8856,8857,8892,1,36
3251,1,48,8862,8863,8895,1,33
2948,4,48,8035,8036,8898,1,863
3256,6,48,8876,8877,8901,1,25
3257,7,48,8878,8880,8904,2,26
2954,10,48,8052,8053,8907,1,855
2683,11,48,7312,7313,8910,1,1598
3263,13,48,8895,8896,8913,1,18
2960,16,48,8068,8069,8916,1,848
2655,17,48,7237,7238,8919,1,1682
2658,20,48,7245,7246,8922,1,1677
2965,21,48,8082,8083,8925,1,843
2661,23,48,7253,7255,8928,2,1675
2664,26,48,7261,7262,8931,1,1670
2971,27,48,8098,8100,8934,2,836
3246,30,48,8848,8850,8937,2,89
2738,32,48,7463,7464,8940,1,1477
2774,34,48,7561,7562,8943,1,1382
3268,18,48,8908,8909,8946,1,38
3269,19,48,8911,8912,8949,1,38
2966,22,48,8084,8085,8952,1,868
3274,24,48,8925,8926,8955,1,30
3275,25,48,8927,8929,8958,2,31
2972,28,48,8101,8102,8961,1,860
3280,30,48,8941,8943,8964,2,23
3285,1,48,8955,8956,8967,1,12
2981,3,48,8125,8126,8970,1,845
2677,5,48,7296,7297,8973,1,1677
2680,8,48,7304,7305,8976,1,1672
2987,9,48,8142,8143,8979,1,837
3262,12,48,8892,8893,8982,1,90
2686,14,48,7320,7321,8985,1,1665
2993,15,48,8158,8160,8988,2,830
3281,31,48,8944,8945,8991,1,47
3283,33,48,8949,8950,8994,1,45
2674,2,48,7288,7289,8997,1,1709
2982,4,48,8128,8129,9000,1,872
3290,6,48,8969,8970,9003,1,34
3291,7,48,8971,8973,9006,2,35
2988,10,48,8145,8146,9009,1,864
3296,12,48,8985,8986,9012,1,27
3297,13,48,8988,8989,9015,1,27
2994,16,48,8161,8162,9018,1,857
3302,18,48,9001,9002,9021,1,20
3303,19,48,9004,9005,9024,1,20
2999,21,48,8175,8176,9027,1,852
2695,23,48,7345,7346,9030,1,1685
3309,25,48,9020,9022,9033,2,13
3005,27,48,8191,8193,9036,2,845
2701,29,48,7361,7362,9039,1,1678
2772,32,48,7556,7557,9042,1,1486
2808,34,48,7654,7655,9045,1,1391
2689,17,48,7329,7330,9048,1,1719
2692,20,48,7337,7339,9051,2,1714
3000,22,48,8177,8178,9054,1,877
3308,24,48,9018,9019,9057,1,39
2698,26,48,7353,7354,9060,1,1707
3006,28,48,8194,8195,9063,1,869
3314,30,48,9034,9036,9066,2,32
3319,1,48,9047,9049,9069,2,22
3015,3,48,8218,8219,9072,1,854
2711,5,48,7389,7390,9075,1,1686
3325,7,48,9063,9065,9078,2,15
3021,9,48,8235,8236,9081,1,846
2717,11,48,7405,7407,9084,2,1679
2720,14,48,7413,7414,9087,1,1674
3027,15,48,8251,8253,9090,2,839
3315,31,48,9037,9038,9093,1,56
3317,33,48,9042,9043,9096,1,54
2708,2,48,7381,7383,9099,2,1718
3016,4,48,8221,8222,9102,1,881
3324,6,48,9061,9062,9105,1,44
2714,8,48,7397,7399,9108,2,1711
3022,10,48,8238,8239,9111,1,873
3330,12,48,9077,9078,9114,1,37
3331,13,48,9080,9082,9117,2,37
3028,16,48,8254,8255,9120,1,866
3336,18,48,9093,9094,9123,1,30
3337,19,48,9096,9097,9126,1,30
3033,21,48,8268,8269,9129,1,861
3342,24,48,9110,9112,9132,2,22
3343,25,48,9112,9113,9135,1,23
3039,27,48,8284,8286,9138,2,854
2735,29,48,7454,7455,9141,1,1687
3349,31,48,9129,9130,9144,1,15
3351,33,48,9134,9136,9147,2,13
2723,17,48,7422,7423,9150,1,1728
2726,20,48,7430,7432,9153,2,1723
3034,22,48,8270,8271,9156,1,886
2729,23,48,7438,7439,9159,1,1721
2732,26,48,7446,7447,9162,1,1716
3040,28,48,8287,8288,9165,1,878
3348,30,48,9126,9127,9168,1,42
3353,1,48,9140,9142,9171,2,31
3049,3,48,8310,8312,9174,2,864
3358,6,48,9154,9155,9177,1,23
3359,7,48,9156,9158,9180,2,24
3055,9,48,8327,8329,9183,2,856
2751,11,48,7498,7500,9186,2,1688
3365,13,48,9173,9175,9189,2,16
3061,15,48,8343,8344,9192,1,849
2806,32,48,7649,7650,9195,1,1546
2842,34,48,7746,7747,9198,1,1452
2742,2,48,7474,7476,9201,2,1727
3050,4,48,8313,8314,9204,1,891
2745,5,48,7482,7483,9207,1,1725
2748,8,48,7490,7492,9210,2,1720
3056,10,48,8330,8332,9213,2,883
3364,12,48,9170,9171,9216,1,46
2754,14,48,7506,7507,9219,1,1713
3062,16,48,8346,8347,9222,1,876
3370,18,48,9186,9187,9225,1,39
3371,19,48,9189,9190,9228,1,39
3067,21,48,8360,8361,9231,1,871
3376,24,48,9203,9205,9234,2,31
3377,25,48,9205,9206,9237,1,32
3073,27,48,8376,8377,9240,1,864
3382,30,48,9219,9220,9243,1,24
3383,31,48,9222,9223,9246,1,24
3385,33,48,9227,9229,9249,2,22
2757,17,48,7515,7516,9252,1,1737
2760,20,48,7523,7525,9255,2,1732
3068,22,48,8362,8364,9258,2,896
2763,23,48,7531,7532,9261,1,1730
2766,26,48,7539,7540,9264,1,1725
3074,28,48,8379,8380,9267,1,888
2769,29,48,7547,7548,9270,1,1723
3387,1,48,9233,9235,9273,2,40
3083,3,48,8403,8404,9276,1,873
3392,6,48,9247,9248,9279,1,32
3393,7,48,9249,9251,9282,2,33
3089,9,48,8420,8422,9285,2,865
3398,12,48,9263,9264,9288,1,25
3399,13,48,9266,9268,9291,2,25
3095,15,48,8436,8437,9294,1,858
2840,32,48,7741,7742,9297,1,1556
2876,34,48,7839,7840,9300,1,1461
2776,2,48,7567,7569,9303,2,1736
3084,4,48,8406,8407,9306,1,900
2779,5,48,7575,7576,9309,1,1734
2782,8,48,7583,7585,9312,2,1729
3090,10,48,8423,8424,9315,1,892
2785,11,48,7591,7593,9318,2,1727
2788,14,48,7599,7600,9321,1,1722
3096,16,48,8439,8440,9324,1,885
3404,18,48,9279,9280,9327,1,48
3405,19,48,9282,9283,9330,1,48
3101,21,48,8453,8454,9333,1,880
3410,24,48,9296,9298,9336,2,40
3411,25,48,9298,9299,9339,1,41
3107,27,48,8469,8470,9342,1,873
3416,30,48,9312,9313,9345,1,33
3417,31,48,9315,9316,9348,1,33
3419,33,48,9320,9322,9351,2,31
2791,17,48,7608,7609,9354,1,1746
2794,20,48,7616,7618,9357,2,1741
3102,22,48,8455,8457,9360,2,905
2797,23,48,7624,7625,9363,1,1739
2800,26,48,7632,7633,9366,1,1734
3108,28,48,8472,8473,9369,1,897
2803,29,48,7640,7641,9372,1,1732
3421,1,48,9325,9327,9375,2,50
3117,3,48,8496,8497,9378,1,882
3426,6,48,9339,9340,9381,1,42
3427,7,48,9341,9343,9384,2,43
3123,9,48,8513,8515,9387,2,874
3432,12,48,9355,9356,9390,1,35
3433,13,48,9358,9360,9393,2,35
3129,15,48,8529,8530,9396,1,867
2874,32,48,7834,7835,9399,1,1565
2910,34,48,7932,7933,9402,1,1470
2810,2,48,7659,7660,9405,1,1746
3118,4,48,8499,8500,9408,1,909
2813,5,48,7667,7669,9411,2,1744
2816,8,48,7675,7676,9414,1,1739
3124,10,48,8516,8517,9417,1,901
2819,11,48,7683,7684,9420,1,1737
2822,14,48,7691,7693,9423,2,1732
3130,16,48,8532,8533,9426,1,894
3438,18,48,9371,9372,9429,1,58
3439,19,48,9374,9376,9432,2,58
3135,21,48,8546,8547,9435,1,889
3444,24,48,9388,9389,9438,1,50
3445,25,48,9390,9391,9441,1,51
3141,27,48,8562,8563,9444,1,882
3450,30,48,9404,9406,9447,2,43
3451,31,48,9407,9409,9450,2,43
3453,33,48,9412,9414,9453,2,41
2825,17,48,7700,7702,9456,2,1756
2828,20,48,7708,7710,9459,2,1751
3136,22,48,8548,8550,9462,2,914
2831,23,48,7716,7717,9465,1,1749
2834,26,48,7724,7726,9468,2,1744
3142,28,48,8565,8566,9471,1,906
2837,29,48,7732,7733,9474,1,1742
3455,1,48,9418,9419,9477,1,59
3151,3,48,8589,8590,9480,1,891
3460,6,48,9432,9433,9483,1,51
3461,7,48,9434,9435,9486,1,52
3157,9,48,8606,8608,9489,2,883
3466,12,48,9448,9449,9492,1,44
3467,13,48,9451,9452,9495,1,44
3163,15,48,8622,8623,9498,1,876
2908,32,48,7927,7928,9501,1,1574
2944,34,48,8025,8026,9504,1,1479
2844,2,48,7752,7753,9507,1,1755
3152,4,48,8592,8593,9510,1,918
2847,5,48,7760,7762,9513,2,1753
2850,8,48,7768,7769,9516,1,1748
3158,10,48,8609,8610,9519,1,910
2853,11,48,7776,7777,9522,1,1746
2856,14,48,7784,7786,9525,2,1741
3164,16,48,8625,8626,9528,1,903
3472,18,48,9464,9465,9531,1,67
3473,19,48,9467,9469,9534,2,67
3169,21,48,8639,8640,9537,1,898
3478,24,48,9481,9482,9540,1,59
3479,25,48,9483,9484,9543,1,60
3175,27,48,8655,8656,9546,1,891
3484,30,48,9497,9499,9549,2,52
3485,31,48,9500,9502,9552,2,52
3487,33,48,9505,9507,9555,2,50
2859,17,48,7793,7795,9558,2,1765
2862,20,48,7801,7803,9561,2,1760
3170,22,48,8641,8643,9564,2,923
2865,23,48,7809,7810,9567,1,1758
2868,26,48,7817,7819,9570,2,1753
3176,28,48,8658,8659,9573,1,915
2871,29,48,7825,7826,9576,1,1751
3489,1,48,9511,9512,9579,1,68
3185,3,48,8681,8682,9582,1,901
3494,6,48,9525,9526,9585,1,60
3495,7,48,9527,9528,9588,1,61
3191,9,48,8698,8699,9591,1,893
3500,12,48,9541,9542,9594,1,53
3501,13,48,9544,9545,9597,1,53
3197,15,48,8714,8715,9600,1,886
2942,32,48,8020,8021,9603,1,1583
2978,34,48,8117,8118,9606,1,1489
2878,2,48,7845,7846,9609,1,1764
3186,4,48,8684,8686,9612,2,928
2881,5,48,7853,7855,9615,2,1762
2884,8,48,7861,7862,9618,1,1757
3192,10,48,8701,8703,9621,2,920
2887,11,48,7869,7870,9624,1,1755
2890,14,48,7877,7879,9627,2,1750
3198,16,48,8717,8719,9630,2,913
3506,18,48,9557,9558,9633,1,76
3507,19,48,9560,9562,9636,2,76
3203,21,48,8731,8732,9639,1,908
3512,24,48,9574,9575,9642,1,68
3513,25,48,9576,9577,9645,1,69
3209,27,48,8747,8748,9648,1,901
3518,30,48,9590,9592,9651,2,61
3519,31,48,9593,9595,9654,2,61
3521,33,48,9598,9600,9657,2,59
2893,17,48,7886,7888,9660,2,1774
2896,20,48,7894,7896,9663,2,1769
3204,22,48,8733,8735,9666,2,933
2899,23,48,7902,7903,9669,1,1767
2902,26,48,7910,7912,9672,2,1762
3210,28,48,8750,8752,9675,2,925
2905,29,48,7918,7919,9678,1,1760
3523,1,48,9604,9605,9681,1,77
3219,3,48,8774,8775,9684,1,910
3528,6,48,9618,9619,9687,1,69
3529,7,48,9620,9621,9690,1,70
3225,9,48,8791,8792,9693,1,902
3534,12,48,9634,9635,9696,1,62
3535,13,48,9637,9638,9699,1,62
3231,15,48,8807,8808,9702,1,895
3553,31,48,9686,9688,9705,2,19
3555,33,48,9691,9693,9708,2,17
3557,1,48,9696,9698,9711,2,15
3220,4,48,8777,8779,9714,2,937
2915,5,48,7946,7948,9717,2,1771
2918,8,48,7954,7955,9720,1,1766
3226,10,48,8794,8796,9723,2,929
2921,11,48,7962,7963,9726,1,1764
2924,14,48,7970,7972,9729,2,1759
3232,16,48,8810,8812,9732,2,922
3540,18,48,9650,9651,9735,1,85
3541,19,48,9653,9655,9738,2,85
3237,21,48,8824,8825,9741,1,917
3546,24,48,9667,9668,9744,1,77
3547,25,48,9669,9670,9747,1,78
3243,27,48,8840,8841,9750,1,910
3552,30,48,9683,9685,9753,2,70
2976,32,48,8112,8113,9756,1,1644
3012,34,48,8210,8211,9759,1,1549
3574,18,48,9742,9743,9762,1,20
3575,19,48,9745,9746,9765,1,20
3238,22,48,8826,8828,9768,2,942
2933,23,48,7995,7996,9771,1,1776
3581,25,48,9761,9763,9774,2,13
3244,28,48,8843,8845,9777,2,934
2939,29,48,8011,8012,9780,1,1769
2912,2,48,7938,7939,9783,1,1845
3253,3,48,8867,8868,9786,1,919
3562,6,48,9710,9711,9789,1,79
3563,7,48,9712,9714,9792,2,80
3259,9,48,8884,8885,9795,1,911
3568,12,48,9726,9727,9798,1,72
3569,13,48,9729,9730,9801,1,72
3265,15,48,8900,8901,9804,1,904
3587,31,48,9778,9779,9807,1,29
3589,33,48,9783,9784,9810,1,27
3591,1,48,9789,9790,9813,1,24
3254,4,48,8870,8872,9816,2,946
2949,5,48,8038,8040,9819,2,1781
3597,7,48,9805,9807,9822,2,17
3260,10,48,8887,8889,9825,2,938
2955,11,48,8054,8056,9828,2,1774
2958,14,48,8062,8063,9831,1,1769
3266,16,48,8903,8905,9834,2,931
2927,17,48,7979,7981,9837,2,1858
2930,20,48,7987,7989,9840,2,1853
3271,21,48,8917,8918,9843,1,926
3580,24,48,9759,9760,9846,1,87
2936,26,48,8003,8005,9849,2,1846
3277,27,48,8933,8934,9852,1,919
3586,30,48,9775,9777,9855,2,80
3010,32,48,8205,8206,9858,1,1653
3046,34,48,8303,8304,9861,1,1558
3608,18,48,9835,9836,9864,1,29
3609,19,48,9838,9839,9867,1,29
3272,22,48,8919,8921,9870,2,951
3614,24,48,9852,9853,9873,1,21
3615,25,48,9854,9856,9876,2,22
3278,28,48,8936,8938,9879,2,943
2973,29,48,8103,8105,9882,2,1779
2946,2,48,8030,8032,9885,2,1855
3287,3,48,8960,8961,9888,1,928
3596,6,48,9803,9804,9891,1,88
2952,8,48,8046,8047,9894,1,1848
3293,9,48,8977,8978,9897,1,920
3602,12,48,9819,9820,9900,1,81
3603,13,48,9822,9823,9903,1,81
3299,15,48,8993,8994,9906,1,913
3621,31,48,9871,9872,9909,1,38
3623,33,48,9876,9877,9912,1,36
3625,1,48,9882,9883,9915,1,33
3288,4,48,8963,8965,9918,2,955
3630,6,48,9896,9897,9921,1,25
3631,7,48,9898,9900,9924,2,26
3294,10,48,8980,8982,9927,2,947
2989,11,48,8147,8149,9930,2,1783
3637,13,48,9915,9916,9933,1,18
3300,16,48,8996,8998,9936,2,940
2961,17,48,8071,8072,9939,1,1868
2964,20,48,8079,8080,9942,1,1863
3305,21,48,9010,9011,9945,1,935
2967,23,48,8087,8089,9948,2,1861
2970,26,48,8095,8096,9951,1,1856
3311,27,48,9026,9027,9954,1,928
3620,30,48,9868,9870,9957,2,89
3044,32,48,8298,8299,9960,1,1662
3080,34,48,8395,8396,9963,1,1568
3642,18,48,9928,9929,9966,1,38
3643,19,48,9931,9932,9969,1,38
3306,22,48,9012,9014,9972,2,960
3648,24,48,9945,9946,9975,1,30
3649,25,48,9947,9949,9978,2,31
3312,28,48,9029,9031,9981,2,952
3654,30,48,9961,9963,9984,2,23
3659,1,48,9975,9976,9987,1,12
3321,3,48,9052,9053,9990,1,938
2983,5,48,8131,8133,9993,2,1862
2986,8,48,8139,8140,9996,1,1857
3327,9,48,9069,9070,9999,1,930
3636,12,48,9912,9913,10002,1,90
2992,14,48,8155,8156,10005,1,1850
3333,15,48,9085,9087,10008,2,923
3655,31,48,9964,9965,10011,1,47
3657,33,48,9969,9970,10014,1,45
2980,2,48,8123,8125,10017,2,1894
3322,4,48,9055,9056,10020,1,965
3664,6,48,9989,9990,10023,1,34
3665,7,48,9991,9993,10026,2,35
3328,10,48,9072,9073,10029,1,957
3023,11,48,8240,8242,10032,2,1792
3026,14,48,8248,8249,10035,1,1787
3334,16,48,9088,9089,10038,1,950
2995,17,48,8164,8165,10041,1,1877
2998,20,48,8172,8173,10044,1,1872
3339,21,48,9102,9103,10047,1,945
3001,23,48,8180,8182,10050,2,1870
3004,26,48,8188,8189,10053,1,1865
3345,27,48,9118,9120,10056,2,938
3007,29,48,8196,8198,10059,2,1863
3078,32,48,8390,8391,10062,1,1672
3114,34,48,8488,8489,10065,1,1577
3029,17,48,8257,8258,10068,1,1811
3032,20,48,8265,8266,10071,1,1806
3340,22,48,9104,9105,10074,1,970
3035,23,48,8273,8275,10077,2,1804
3038,26,48,8281,8282,10080,1,1799
3346,28,48,9121,9122,10083,1,962
3041,29,48,8289,8291,10086,2,1797
3014,2,48,8216,8218,10089,2,1873
3355,3,48,9145,9146,10092,1,947
3017,5,48,8224,8226,10095,2,1871
3020,8,48,8232,8233,10098,1,1866
3361,9,48,9162,9163,10101,1,939
3057,11,48,8332,8333,10104,1,1772
3060,14,48,8340,8341,10107,1,1767
3367,15,48,9178,9180,10110,2,932
3112,32,48,8483,8484,10113,1,1630
3148,34,48,8581,8582,10116,1,1535
3048,2,48,8308,8309,10119,1,1811
3356,4,48,9148,9149,10122,1,974
3051,5,48,8316,8317,10125,1,1809
3054,8,48,8324,8325,10128,1,1804
3362,10,48,9165,9166,10131,1,966
3091,11,48,8425,8427,10134,2,1709
3094,14,48,8433,8434,10137,1,1704
3368,16,48,9181,9182,10140,1,959
3063,17,48,8349,8350,10143,1,1794
3066,20,48,8357,8359,10146,2,1789
3373,21,48,9195,9196,10149,1,954
3069,23,48,8365,8366,10152,1,1787
3072,26,48,8373,8374,10155,1,1782
3379,27,48,9211,9213,10158,2,947
3075,29,48,8381,8382,10161,1,1780
3146,32,48,8576,8577,10164,1,1588
3182,34,48,8674,8675,10167,1,1493
3097,17,48,8442,8443,10170,1,1728
3100,20,48,8450,8452,10173,2,1723
3374,22,48,9197,9198,10176,1,979
3103,23,48,8458,8459,10179,1,1721
3106,26,48,8466,8467,10182,1,1716
3380,28,48,9214,9215,10185,1,971
3109,29,48,8474,8475,10188,1,1714
3082,2,48,8401,8403,10191,2,1790
3389,3,48,9238,9239,10194,1,956
3085,5,48,8409,8410,10197,1,1788
3088,8,48,8417,8419,10200,2,1783
3395,9,48,9255,9256,10203,1,948
3125,11,48,8518,8520,10206,2,1688
3128,14,48,8526,8527,10209,1,1683
3401,15,48,9271,9273,10212,2,941
3180,32,48,8669,8670,10215,1,1546
3216,34,48,8766,8767,10218,1,1452
3116,2,48,8494,8496,10221,2,1727
3390,4,48,9241,9242,10224,1,983
3119,5,48,8502,8503,10227,1,1725
3122,8,48,8510,8512,10230,2,1720
3396,10,48,9258,9259,10233,1,975
3159,11,48,8611,8613,10236,2,1625
3162,14,48,8619,8620,10239,1,1620
3402,16,48,9274,9275,10242,1,968
3131,17,48,8535,8536,10245,1,1710
3134,20,48,8543,8545,10248,2,1705
3407,21,48,9288,9289,10251,1,963
3137,23,48,8551,8552,10254,1,1703
3140,26,48,8559,8560,10257,1,1698
3413,27,48,9304,9306,10260,2,956
3143,29,48,8567,8568,10263,1,1696
3214,32,48,8761,8762,10266,1,1505
3250,34,48,8859,8860,10269,1,1410
3165,17,48,8628,8629,10272,1,1644
3168,20,48,8636,8638,10275,2,1639
3408,22,48,9290,9291,10278,1,988
3171,23,48,8644,8645,10281,1,1637
3174,26,48,8652,8653,10284,1,1632
3414,28,48,9307,9308,10287,1,980
3177,29,48,8660,8661,10290,1,1630
3150,2,48,8587,8589,10293,2,1706
3423,3,48,9330,9332,10296,2,966
3153,5,48,8595,8596,10299,1,1704
3156,8,48,8603,8605,10302,2,1699
3429,9,48,9347,9349,10305,2,958
3193,11,48,8703,8704,10308,1,1605
3196,14,48,8711,8713,10311,2,1600
3435,15,48,9363,9364,10314,1,951
3248,32,48,8854,8855,10317,1,1463
3284,34,48,8952,8953,10320,1,1368
3184,2,48,8679,8680,10323,1,1644
3424,4,48,9333,9334,10326,1,993
3187,5,48,8687,8689,10329,2,1642
3190,8,48,8695,8696,10332,1,1637
3430,10,48,9350,9352,10335,2,985
3227,11,48,8796,8797,10338,1,1542
3230,14,48,8804,8806,10341,2,1537
3436,16,48,9366,9367,10344,1,978
3199,17,48,8720,8722,10347,2,1627
3202,20,48,8728,8730,10350,2,1622
3441,21,48,9380,9381,10353,1,973
3205,23,48,8736,8737,10356,1,1620
3208,26,48,8744,8746,10359,2,1615
3447,27,48,9396,9397,10362,1,966
3211,29,48,8752,8753,10365,1,1613
3282,32,48,8947,8948,10368,1,1421
3318,34,48,9045,9046,10371,1,1326
3233,17,48,8813,8815,10374,2,1561
3236,20,48,8821,8823,10377,2,1556
3442,22,48,9382,9384,10380,2,998
3239,23,48,8829,8830,10383,1,1554
3242,26,48,8837,8839,10386,2,1549
3448,28,48,9399,9400,10389,1,990
3245,29,48,8845,8846,10392,1,1547
3218,2,48,8772,8773,10395,1,1623
3457,3,48,9423,9424,10398,1,975
3221,5,48,8780,8782,10401,2,1621
3224,8,48,8788,8789,10404,1,1616
3463,9,48,9440,9442,10407,2,967
3261,11,48,8889,8890,10410,1,1521
3264,14,48,8897,8899,10413,2,1516
3469,15,48,9456,9457,10416,1,960
3316,32,48,9040,9041,10419,1,1379
3352,34,48,9137,9138,10422,1,1285
3252,2,48,8865,8866,10425,1,1560
3458,4,48,9426,9427,10428,1,1002
3255,5,48,8873,8875,10431,2,1558
3258,8,48,8881,8882,10434,1,1553
3464,10,48,9443,9444,10437,1,994
3295,11,48,8982,8983,10440,1,1458
3298,14,48,8990,8992,10443,2,1453
3470,16,48,9459,9460,10446,1,987
3267,17,48,8906,8908,10449,2,1543
3270,20,48,8914,8916,10452,2,1538
3475,21,48,9473,9474,10455,1,982
3273,23,48,8922,8923,10458,1,1536
3276,26,48,8930,8932,10461,2,1531
3481,27,48,9489,9490,10464,1,975
3279,29,48,8938,8939,10467,1,1529
3350,32,48,9132,9133,10470,1,1338
3386,34,48,9230,9231,10473,1,1243
3301,17,48,8999,9001,10476,2,1477
3304,20,48,9007,9009,10479,2,1472
3476,22,48,9475,9477,10482,2,1007
3307,23,48,9015,9016,10485,1,1470
3310,26,48,9023,9025,10488,2,1465
3482,28,48,9492,9493,10491,1,999
3313,29,48,9031,9032,10494,1,1463
3286,2,48,8958,8959,10497,1,1539
3491,3,48,9516,9517,10500,1,984
3289,5,48,8966,8968,10503,2,1537
3292,8,48,8974,8975,10506,1,1532
3497,9,48,9533,9535,10509,2,976
3329,11,48,9074,9076,10512,2,1438
3332,14,48,9082,9083,10515,1,1433
3503,15,48,9549,9550,10518,1,969
3384,32,48,9225,9226,10521,1,1296
3420,34,48,9323,9324,10524,1,1201
3320,2,48,9050,9052,10527,2,1477
3492,4,48,9519,9520,10530,1,1011
3323,5,48,9058,9060,10533,2,1475
3326,8,48,9066,9067,10536,1,1470
3498,10,48,9536,9537,10539,1,1003
3363,11,48,9167,9169,10542,2,1375
3366,14,48,9175,9176,10545,1,1370
3504,16,48,9552,9553,10548,1,996
3335,17,48,9091,9092,10551,1,1460
3338,20,48,9099,9100,10554,1,1455
3509,21,48,9566,9567,10557,1,991
3341,23,48,9107,9109,10560,2,1453
3344,26,48,9115,9116,10563,1,1448
3515,27,48,9582,9583,10566,1,984
3347,29,48,9123,9125,10569,2,1446
3418,32,48,9318,9319,10572,1,1254
3454,34,48,9415,9416,10575,1,1160
3369,17,48,9184,9185,10578,1,1394
3372,20,48,9192,9193,10581,1,1389
3510,22,48,9568,9570,10584,2,1016
3375,23,48,9200,9202,10587,2,1387
3378,26,48,9208,9209,10590,1,1382
3516,28,48,9585,9586,10593,1,1008
3381,29,48,9216,9218,10596,2,1380
3354,2,48,9143,9145,10599,2,1456
3525,3,48,9609,9610,10602,1,993
3357,5,48,9151,9153,10605,2,1454
3360,8,48,9159,9160,10608,1,1449
3531,9,48,9626,9628,10611,2,985
3397,11,48,9260,9262,10614,2,1354
3400,14,48,9268,9269,10617,1,1349
3537,15,48,9642,9643,10620,1,978
3452,32,48,9410,9411,10623,1,1213
3488,34,48,9508,9509,10626,1,1118
3388,2,48,9236,9238,10629,2,1393
3526,4,48,9612,9613,10632,1,1020
3391,5,48,9244,9246,10635,2,1391
3394,8,48,9252,9253,10638,1,1386
3532,10,48,9629,9630,10641,1,1012
3431,11,48,9352,9353,10644,1,1292
3434,14,48,9360,9361,10647,1,1287
3538,16,48,9645,9646,10650,1,1005
3403,17,48,9277,9278,10653,1,1376
3406,20,48,9285,9286,10656,1,1371
3543,21,48,9659,9660,10659,1,1000
3409,23,48,9293,9295,10662,2,1369
3412,26,48,9301,9302,10665,1,1364
3549,27,48,9675,9676,10668,1,993
3415,29,48,9309,9311,10671,2,1362
3486,32,48,9503,9504,10674,1,1171
3522,34,48,9601,9602,10677,1,1076
3437,17,48,9369,9370,10680,1,1311
3440,20,48,9377,9379,10683,2,1306
3544,22,48,9661,9663,10686,2,1025
3443,23,48,9385,9386,10689,1,1304
3446,26,48,9393,9394,10692,1,1299
3550,28,48,9678,9679,10695,1,1017
3449,29,48,9401,9402,10698,1,1297
3422,2,48,9328,9329,10701,1,1373
3559,3,48,9701,9702,10704,1,1003
3425,5,48,9336,9337,10707,1,1371
3428,8,48,9344,9345,10710,1,1366
3565,9,48,9718,9719,10713,1,995
3465,11,48,9445,9447,10716,2,1271
3468,14,48,9453,9454,10719,1,1266
3571,15,48,9734,9735,10722,1,988
3520,32,48,9596,9597,10725,1,1129
3556,34,48,9694,9695,10728,1,1034
3456,2,48,9421,9423,10731,2,1310
3560,4,48,9704,9706,10734,2,1030
3459,5,48,9429,9430,10737,1,1308
3462,8,48,9437,9439,10740,2,1303
3566,10,48,9721,9723,10743,2,1022
3499,11,48,9538,9540,10746,2,1208
3502,14,48,9546,9547,10749,1,1203
3572,16,48,9737,9739,10752,2,1015
3471,17,48,9462,9463,10755,1,1293
3474,20,48,9470,9472,10758,2,1288
3577,21,48,9751,9752,10761,1,1010
3477,23,48,9478,9479,10764,1,1286
3480,26,48,9486,9487,10767,1,1281
3583,27,48,9767,9768,10770,1,1003
3483,29,48,9494,9495,10773,1,1279
3554,32,48,9689,9690,10776,1,1087
3590,34,48,9786,9787,10779,1,993
3505,17,48,9555,9556,10782,1,1227
3508,20,48,9563,9565,10785,2,1222
3578,22,48,9753,9755,10788,2,1035
3511,23,48,9571,9572,10791,1,1220
3514,26,48,9579,9580,10794,1,1215
3584,28,48,9770,9772,10797,2,1027
3517,29,48,9587,9588,10800,1,1213
3490,2,48,9514,9516,10803,2,1289
3593,3,48,9794,9795,10806,1,1012
3493,5,48,9522,9523,10809,1,1287
3496,8,48,9530,9532,10812,2,1282
3599,9,48,9811,9812,10815,1,1004
3533,11,48,9631,9633,10818,2,1187
3536,14,48,9639,9640,10821,1,1182
3605,15,48,9827,9828,10824,1,997
3588,32,48,9781,9782,10827,1,1046
3624,34,48,9879,9880,10830,1,951
3524,2,48,9607,9609,10833,2,1226
3594,4,48,9797,9799,10836,2,1039
3527,5,48,9615,9616,10839,1,1224
3530,8,48,9623,9625,10842,2,1219
3600,10,48,9814,9816,10845,2,1031
3567,11,48,9723,9724,10848,1,1125
3570,14,48,9731,9733,10851,2,1120
3606,16,48,9830,9832,10854,2,1024
3539,17,48,9648,9649,10857,1,1209
3542,20,48,9656,9658,10860,2,1204
3611,21,48,9844,9845,10863,1,1019
3545,23,48,9664,9665,10866,1,1202
3548,26,48,9672,9673,10869,1,1197
3617,27,48,9860,9861,10872,1,1012
3551,29,48,9680,9681,10875,1,1195
3622,32,48,9874,9875,10878,1,1004
3658,34,48,9972,9973,10881,1,909
3573,17,48,9740,9742,10884,2,1144
3576,20,48,9748,9750,10887,2,1139
3612,22,48,9846,9848,10890,2,1044
3579,23,48,9756,9757,10893,1,1137
3582,26,48,9764,9766,10896,2,1132
3618,28,48,9863,9865,10899,2,1036
3585,29,48,9772,9773,10902,1,1130
3558,2,48,9699,9700,10905,1,1206
3627,3,48,9887,9888,10908,1,1021
3561,5,48,9707,9709,10911,2,1204
3564,8,48,9715,9716,10914,1,1199
3633,9,48,9904,9905,10917,1,1013
3601,11,48,9816,9817,10920,1,1104
3604,14,48,9824,9826,10923,2,1099
3639,15,48,9920,9921,10926,1,1006
3656,32,48,9967,9968,10929,1,962
3592,2,48,9792,9793,10932,1,1140
3628,4,48,9890,9892,10935,2,1045
3595,5,48,9800,9802,10938,2,1138
3598,8,48,9808,9809,10941,1,1133
3634,10,48,9907,9909,10944,2,1037
3635,11,48,9909,9910,10947,1,1038
3638,14,48,9917,9919,10950,2,1033
3640,16,48,9923,9925,10953,2,1030
3607,17,48,9833,9835,10956,2,1123
3610,20,48,9841,9843,10959,2,1118
3645,21,48,9937,9938,10962,1,1025
3613,23,48,9849,9850,10965,1,1116
3616,26,48,9857,9859,10968,2,1111
3651,27,48,9953,9954,10971,1,1018
3619,29,48,9865,9866,10974,1,1109
3641,17,48,9926,9928,10977,2,1051
3644,20,48,9934,9936,10980,2,1046
3646,22,48,9939,9941,10983,2,1044
3647,23,48,9942,9943,10986,1,1044
3650,26,48,9950,9952,10989,2,1039
3652,28,48,9956,9958,10992,2,1036
3653,29,48,9958,9959,10995,1,1037
3626,2,48,9885,9886,10998,1,1113
3661,3,48,9980,9981,11001,1,1021
3629,5,48,9893,9895,11004,2,1111
3632,8,48,9901,9902,11007,1,1106
3667,9,48,9997,9998,11010,1,1013
3660,2,48,9978,9979,11013,1,1035
3662,4,48,9983,9985,11016,2,1033
3663,5,48,9986,9988,11019,2,1033
3666,8,48,9994,9995,11022,1,1028
