request_id,global_flow_id,size_bytes,arrival_cycle,admitted_cycle,completed_cycle,admission_delay_cycles,sojourn_cycles
1,1,48,0,1,24,1,24
3,3,48,5,7,27,2,22
5,1,48,11,12,30,1,19
4,4,48,8,10,33,2,25
9,1,48,22,23,36,1,14
7,3,48,16,17,39,1,23
2,2,48,3,4,42,1,39
8,4,48,19,21,45,2,26
13,1,48,33,34,48,1,15
11,3,48,27,28,51,1,24
6,2,48,14,16,54,2,40
12,4,48,30,31,57,1,27
17,1,48,44,46,60,2,16
15,3,48,38,39,63,1,25
10,2,48,25,26,66,1,41
16,4,48,41,43,69,2,28
21,1,48,55,56,72,1,17
19,3,48,49,51,75,2,26
25,1,48,65,67,78,2,13
20,4,48,52,53,81,1,29
14,2,48,36,37,84,1,48
23,3,48,60,61,87,1,27
29,1,48,76,78,90,2,14
24,4,48,63,64,93,1,30
18,2,48,47,48,96,1,49
27,3,48,70,71,99,1,29
33,1,48,87,88,102,1,15
28,4,48,73,74,105,1,32
22,2,48,58,60,108,2,50
31,3,48,81,83,111,2,30
37,1,48,98,100,114,2,16
32,4,48,84,85,117,1,33
26,2,48,68,70,120,2,52
35,3,48,92,94,123,2,31
41,1,48,109,111,126,2,17
36,4,48,95,96,129,1,34
45,1,48,120,121,132,1,12
39,3,48,103,104,135,1,32
30,2,48,79,80,138,1,59
40,4,48,106,107,141,1,35
49,1,48,131,133,144,2,13
43,3,48,114,116,147,2,33
34,2,48,90,91,150,1,60
44,4,48,117,118,153,1,36
53,1,48,142,144,156,2,14
47,3,48,125,127,159,2,34
38,2,48,101,103,162,2,61
48,4,48,128,129,165,1,37
57,1,48,153,154,168,1,15
51,3,48,136,137,171,1,35
42,2,48,112,113,174,1,62
52,4,48,139,140,177,1,38
61,1,48,164,166,180,2,16
55,3,48,147,149,183,2,36
46,2,48,123,124,186,1,63
56,4,48,150,151,189,1,39
65,1,48,175,177,192,2,17
59,3,48,158,160,195,2,37
69,1,48,185,186,198,1,13
60,4,48,161,162,201,1,40
50,2,48,134,136,204,2,70
63,3,48,169,170,207,1,38
73,1,48,196,197,210,1,14
64,4,48,172,173,213,1,41
54,2,48,145,146,216,1,71
67,3,48,180,182,219,2,39
77,1,48,207,208,222,1,15
68,4,48,183,184,225,1,42
58,2,48,156,157,228,1,72
71,3,48,190,191,231,1,41
81,1,48,218,220,234,2,16
72,4,48,193,195,237,2,44
62,2,48,167,169,240,2,73
75,3,48,201,202,243,1,42
85,1,48,229,230,246,1,17
76,4,48,204,205,249,1,45
89,1,48,240,241,252,1,12
79,3,48,212,213,255,1,43
66,2,48,178,179,258,1,80
80,4,48,215,217,261,2,46
93,1,48,251,253,264,2,13
83,3,48,223,225,267,2,44
70,2,48,188,190,270,2,82
84,4,48,226,227,273,1,47
97,1,48,262,263,276,1,14
87,3,48,234,235,279,1,45
74,2,48,199,200,282,1,83
88,4,48,237,238,285,1,48
101,1,48,273,274,288,1,15
91,3,48,245,246,291,1,46
78,2,48,210,211,294,1,84
92,4,48,248,250,297,2,49
105,1,48,284,286,300,2,16
95,3,48,256,258,303,2,47
82,2,48,221,222,306,1,85
96,4,48,259,260,309,1,50
109,1,48,295,296,312,1,17
99,3,48,267,268,315,1,48
113,1,48,305,307,318,2,13
100,4,48,270,271,321,1,51
86,2,48,232,234,324,2,92
103,3,48,278,279,327,1,49
117,1,48,316,318,330,2,14
104,4,48,281,283,333,2,52
90,2,48,243,244,336,1,93
107,3,48,289,291,339,2,50
121,1,48,327,328,342,1,15
108,4,48,292,293,345,1,53
94,2,48,254,255,348,1,94
111,3,48,300,301,351,1,51
125,1,48,338,340,354,2,16
112,4,48,303,304,357,1,54
98,2,48,265,267,360,2,95
115,3,48,310,311,363,1,53
129,1,48,349,351,366,2,17
116,4,48,313,314,369,1,56
133,1,48,360,361,372,1,12
119,3,48,321,323,375,2,54
102,2,48,276,277,378,1,102
120,4,48,324,325,381,1,57
137,1,48,371,373,384,2,13
123,3,48,332,334,387,2,55
106,2,48,287,288,390,1,103
124,4,48,335,336,393,1,58
141,1,48,382,384,396,2,14
127,3,48,343,344,399,1,56
110,2,48,298,300,402,2,104
128,4,48,346,347,405,1,59
145,1,48,393,394,408,1,15
131,3,48,354,356,411,2,57
114,2,48,308,310,414,2,106
132,4,48,357,358,417,1,60
149,1,48,404,406,420,2,16
135,3,48,365,367,423,2,58
118,2,48,319,320,426,1,107
136,4,48,368,369,429,1,61
153,1,48,415,417,432,2,17
139,3,48,376,377,435,1,59
157,1,48,425,426,438,1,13
140,4,48,379,380,441,1,62
122,2,48,330,331,444,1,114
143,3,48,387,389,447,2,60
161,1,48,436,437,450,1,14
144,4,48,390,391,453,1,63
126,2,48,341,343,456,2,115
147,3,48,398,400,459,2,61
165,1,48,447,448,462,1,15
148,4,48,401,402,465,1,64
130,2,48,352,353,468,1,116
151,3,48,409,410,471,1,62
169,1,48,458,460,474,2,16
152,4,48,412,413,477,1,65
134,2,48,363,364,480,1,117
155,3,48,420,422,483,2,63
173,1,48,469,470,486,1,17
156,4,48,423,424,489,1,66
177,1,48,480,481,492,1,12
159,3,48,430,431,495,1,65
138,2,48,374,376,498,2,124
160,4,48,433,435,501,2,68
181,1,48,491,493,504,2,13
163,3,48,441,442,507,1,66
142,2,48,385,386,510,1,125
164,4,48,444,445,513,1,69
185,1,48,502,503,516,1,14
167,3,48,452,453,519,1,67
146,2,48,396,397,522,1,126
168,4,48,455,457,525,2,70
189,1,48,513,514,528,1,15
171,3,48,463,465,531,2,68
150,2,48,407,409,534,2,127
172,4,48,466,467,537,1,71
193,1,48,524,526,540,2,16
175,3,48,474,475,543,1,69
154,2,48,418,419,546,1,128
176,4,48,477,478,549,1,72
197,1,48,535,536,552,1,17
179,3,48,485,486,555,1,70
201,1,48,545,547,558,2,13
180,4,48,488,490,561,2,73
158,2,48,428,430,564,2,136
183,3,48,496,498,567,2,71
205,1,48,556,558,570,2,14
184,4,48,499,500,573,1,74
162,2,48,439,440,576,1,137
187,3,48,507,508,579,1,72
209,1,48,567,568,582,1,15
188,4,48,510,511,585,1,75
166,2,48,450,451,588,1,138
191,3,48,518,519,591,1,73
213,1,48,578,580,594,2,16
192,4,48,521,523,597,2,76
170,2,48,461,462,600,1,139
195,3,48,529,531,603,2,74
217,1,48,589,591,606,2,17
196,4,48,532,533,609,1,77
221,1,48,600,601,612,1,12
199,3,48,540,541,615,1,75
174,2,48,472,474,618,2,146
200,4,48,543,544,621,1,78
225,1,48,611,613,624,2,13
203,3,48,550,551,627,1,77
178,2,48,483,484,630,1,147
204,4,48,553,554,633,1,80
229,1,48,622,624,636,2,14
207,3,48,561,563,639,2,78
182,2,48,494,495,642,1,148
208,4,48,564,565,645,1,81
233,1,48,633,634,648,1,15
211,3,48,572,574,651,2,79
186,2,48,505,507,654,2,149
212,4,48,575,576,657,1,82
237,1,48,644,646,660,2,16
215,3,48,583,584,663,1,80
190,2,48,516,517,666,1,150
216,4,48,586,587,669,1,83
241,1,48,655,657,672,2,17
219,3,48,594,596,675,2,81
245,1,48,665,666,678,1,13
220,4,48,597,598,681,1,84
194,2,48,527,528,684,1,157
223,3,48,605,607,687,2,82
249,1,48,676,677,690,1,14
224,4,48,608,609,693,1,85
198,2,48,538,540,696,2,158
227,3,48,616,617,699,1,83
253,1,48,687,688,702,1,15
228,4,48,619,620,705,1,86
202,2,48,548,550,708,2,160
231,3,48,627,629,711,2,84
257,1,48,698,700,714,2,16
232,4,48,630,631,717,1,87
206,2,48,559,560,720,1,161
235,3,48,638,640,723,2,85
261,1,48,709,710,726,1,17
236,4,48,641,642,729,1,88
265,1,48,720,721,732,1,12
239,3,48,649,650,735,1,86
210,2,48,570,571,738,1,168
240,4,48,652,653,741,1,89
269,1,48,731,733,744,2,13
243,3,48,660,662,747,2,87
214,2,48,581,583,750,2,169
244,4,48,663,664,753,1,90
273,1,48,742,743,756,1,14
247,3,48,670,671,759,1,89
218,2,48,592,593,762,1,170
248,4,48,673,675,765,2,92
277,1,48,753,754,768,1,15
251,3,48,681,682,771,1,90
222,2,48,603,604,774,1,171
252,4,48,684,685,777,1,93
281,1,48,764,766,780,2,16
255,3,48,692,693,783,1,91
226,2,48,614,616,786,2,172
256,4,48,695,697,789,2,94
285,1,48,775,776,792,1,17
259,3,48,703,705,795,2,92
289,1,48,785,787,798,2,13
260,4,48,706,707,801,1,95
230,2,48,625,626,804,1,179
263,3,48,714,715,807,1,93
293,1,48,796,798,810,2,14
264,4,48,717,718,813,1,96
234,2,48,636,637,816,1,180
267,3,48,725,726,819,1,94
297,1,48,807,808,822,1,15
268,4,48,728,730,825,2,97
238,2,48,647,649,828,2,181
271,3,48,736,738,831,2,95
301,1,48,818,820,834,2,16
272,4,48,739,740,837,1,98
242,2,48,658,659,840,1,182
275,3,48,747,748,843,1,96
305,1,48,829,831,846,2,17
276,4,48,750,751,849,1,99
309,1,48,840,841,852,1,12
279,3,48,758,759,855,1,97
246,2,48,668,670,858,2,190
280,4,48,761,763,861,2,100
313,1,48,851,853,864,2,13
283,3,48,769,771,867,2,98
250,2,48,679,680,870,1,191
284,4,48,772,773,873,1,101
317,1,48,862,864,876,2,14
287,3,48,780,781,879,1,99
254,2,48,690,691,882,1,192
288,4,48,783,784,885,1,102
321,1,48,873,874,888,1,15
291,3,48,790,791,891,1,101
258,2,48,701,702,894,1,193
292,4,48,793,794,897,1,104
325,1,48,884,886,900,2,16
295,3,48,801,803,903,2,102
262,2,48,712,714,906,2,194
296,4,48,804,805,909,1,105
329,1,48,895,897,912,2,17
299,3,48,812,814,915,2,103
333,1,48,905,906,918,1,13
300,4,48,815,816,921,1,106
266,2,48,723,724,924,1,201
303,3,48,823,824,927,1,104
337,1,48,916,917,930,1,14
304,4,48,826,827,933,1,107
270,2,48,734,735,936,1,202
307,3,48,834,836,939,2,105
341,1,48,927,928,942,1,15
308,4,48,837,838,945,1,108
274,2,48,745,747,948,2,203
311,3,48,845,847,951,2,106
345,1,48,938,940,954,2,16
312,4,48,848,849,957,1,109
278,2,48,756,757,960,1,204
315,3,48,856,857,963,1,107
349,1,48,949,950,966,1,17
316,4,48,859,860,969,1,110
353,1,48,960,961,972,1,12
319,3,48,867,869,975,2,108
282,2,48,767,768,978,1,211
320,4,48,870,871,981,1,111
357,1,48,971,973,984,2,13
323,3,48,878,880,987,2,109
286,2,48,778,780,990,2,212
324,4,48,881,882,993,1,112
361,1,48,982,983,996,1,14
327,3,48,889,890,999,1,110
290,2,48,788,790,1002,2,214
328,4,48,892,893,1005,1,113
365,1,48,993,994,1008,1,15
331,3,48,900,902,1011,2,111
294,2,48,799,800,1014,1,215
332,4,48,903,904,1017,1,114
369,1,48,1004,1006,1020,2,16
335,3,48,910,911,1023,1,113
298,2,48,810,811,1026,1,216
336,4,48,913,915,1029,2,116
373,1,48,1015,1016,1032,1,17
339,3,48,921,922,1035,1,114
377,1,48,1025,1027,1038,2,13
340,4,48,924,925,1041,1,117
302,2,48,821,823,1044,2,223
343,3,48,932,933,1047,1,115
381,1,48,1036,1038,1050,2,14
344,4,48,935,937,1053,2,118
306,2,48,832,833,1056,1,224
347,3,48,943,945,1059,2,116
385,1,48,1047,1048,1062,1,15
348,4,48,946,947,1065,1,119
310,2,48,843,844,1068,1,225
351,3,48,954,955,1071,1,117
389,1,48,1058,1060,1074,2,16
352,4,48,957,958,1077,1,120
314,2,48,854,856,1080,2,226
355,3,48,965,966,1083,1,118
393,1,48,1069,1071,1086,2,17
356,4,48,968,970,1089,2,121
397,1,48,1080,1081,1092,1,12
359,3,48,976,978,1095,2,119
318,2,48,865,866,1098,1,233
360,4,48,979,980,1101,1,122
401,1,48,1091,1093,1104,2,13
363,3,48,987,988,1107,1,120
322,2,48,876,877,1110,1,234
364,4,48,990,991,1113,1,123
405,1,48,1102,1104,1116,2,14
367,3,48,998,999,1119,1,121
326,2,48,887,889,1122,2,235
368,4,48,1001,1003,1125,2,124
409,1,48,1113,1114,1128,1,15
371,3,48,1009,1011,1131,2,122
330,2,48,898,899,1134,1,236
372,4,48,1012,1013,1137,1,125
413,1,48,1124,1126,1140,2,16
375,3,48,1020,1021,1143,1,123
334,2,48,908,910,1146,2,238
376,4,48,1023,1024,1149,1,126
417,1,48,1135,1137,1152,2,17
379,3,48,1030,1031,1155,1,125
421,1,48,1145,1146,1158,1,13
380,4,48,1033,1034,1161,1,128
338,2,48,919,920,1164,1,245
383,3,48,1041,1043,1167,2,126
425,1,48,1156,1157,1170,1,14
384,4,48,1044,1045,1173,1,129
342,2,48,930,931,1176,1,246
387,3,48,1052,1054,1179,2,127
429,1,48,1167,1168,1182,1,15
388,4,48,1055,1056,1185,1,130
346,2,48,941,942,1188,1,247
391,3,48,1063,1064,1191,1,128
433,1,48,1178,1180,1194,2,16
392,4,48,1066,1067,1197,1,131
350,2,48,952,954,1200,2,248
395,3,48,1074,1076,1203,2,129
437,1,48,1189,1190,1206,1,17
396,4,48,1077,1078,1209,1,132
441,1,48,1200,1201,1212,1,12
399,3,48,1085,1087,1215,2,130
354,2,48,963,964,1218,1,255
400,4,48,1088,1089,1221,1,133
445,1,48,1211,1213,1224,2,13
403,3,48,1096,1097,1227,1,131
358,2,48,974,975,1230,1,256
404,4,48,1099,1100,1233,1,134
449,1,48,1222,1223,1236,1,14
407,3,48,1107,1109,1239,2,132
362,2,48,985,987,1242,2,257
408,4,48,1110,1111,1245,1,135
453,1,48,1233,1234,1248,1,15
411,3,48,1118,1120,1251,2,133
366,2,48,996,997,1254,1,258
412,4,48,1121,1122,1257,1,136
457,1,48,1244,1246,1260,2,16
415,3,48,1129,1130,1263,1,134
370,2,48,1007,1008,1266,1,259
416,4,48,1132,1133,1269,1,137
461,1,48,1255,1256,1272,1,17
419,3,48,1140,1142,1275,2,135
465,1,48,1265,1267,1278,2,13
420,4,48,1143,1144,1281,1,138
374,2,48,1018,1020,1284,2,266
423,3,48,1150,1151,1287,1,137
469,1,48,1276,1278,1290,2,14
424,4,48,1153,1155,1293,2,140
378,2,48,1028,1030,1296,2,268
427,3,48,1161,1162,1299,1,138
473,1,48,1287,1288,1302,1,15
428,4,48,1164,1165,1305,1,141
382,2,48,1039,1040,1308,1,269
431,3,48,1172,1173,1311,1,139
477,1,48,1298,1300,1314,2,16
432,4,48,1175,1177,1317,2,142
386,2,48,1050,1051,1320,1,270
435,3,48,1183,1185,1323,2,140
481,1,48,1309,1311,1326,2,17
436,4,48,1186,1187,1329,1,143
485,1,48,1320,1321,1332,1,12
439,3,48,1194,1195,1335,1,141
390,2,48,1061,1063,1338,2,277
440,4,48,1197,1198,1341,1,144
489,1,48,1331,1333,1344,2,13
443,3,48,1205,1206,1347,1,142
394,2,48,1072,1073,1350,1,278
444,4,48,1208,1210,1353,2,145
493,1,48,1342,1344,1356,2,14
447,3,48,1216,1218,1359,2,143
398,2,48,1083,1084,1362,1,279
448,4,48,1219,1220,1365,1,146
497,1,48,1353,1354,1368,1,15
451,3,48,1227,1228,1371,1,144
402,2,48,1094,1096,1374,2,280
452,4,48,1230,1231,1377,1,147
501,1,48,1364,1366,1380,2,16
455,3,48,1238,1239,1383,1,145
406,2,48,1105,1106,1386,1,281
456,4,48,1241,1243,1389,2,148
505,1,48,1375,1377,1392,2,17
459,3,48,1249,1251,1395,2,146
509,1,48,1385,1386,1398,1,13
460,4,48,1252,1253,1401,1,149
410,2,48,1116,1117,1404,1,288
463,3,48,1260,1261,1407,1,147
513,1,48,1396,1397,1410,1,14
464,4,48,1263,1264,1413,1,150
414,2,48,1127,1129,1416,2,289
467,3,48,1270,1271,1419,1,149
517,1,48,1407,1408,1422,1,15
468,4,48,1273,1274,1425,1,152
418,2,48,1138,1139,1428,1,290
471,3,48,1281,1283,1431,2,150
521,1,48,1418,1420,1434,2,16
472,4,48,1284,1285,1437,1,153
422,2,48,1148,1150,1440,2,292
475,3,48,1292,1294,1443,2,151
525,1,48,1429,1430,1446,1,17
476,4,48,1295,1296,1449,1,154
529,1,48,1440,1441,1452,1,12
479,3,48,1303,1304,1455,1,152
426,2,48,1159,1160,1458,1,299
480,4,48,1306,1307,1461,1,155
533,1,48,1451,1453,1464,2,13
483,3,48,1314,1316,1467,2,153
430,2,48,1170,1171,1470,1,300
484,4,48,1317,1318,1473,1,156
537,1,48,1462,1463,1476,1,14
487,3,48,1325,1327,1479,2,154
434,2,48,1181,1182,1482,1,301
488,4,48,1328,1329,1485,1,157
541,1,48,1473,1474,1488,1,15
491,3,48,1336,1337,1491,1,155
438,2,48,1192,1194,1494,2,302
492,4,48,1339,1340,1497,1,158
545,1,48,1484,1486,1500,2,16
495,3,48,1347,1349,1503,2,156
442,2,48,1203,1204,1506,1,303
496,4,48,1350,1351,1509,1,159
549,1,48,1495,1496,1512,1,17
499,3,48,1358,1360,1515,2,157
553,1,48,1505,1507,1518,2,13
500,4,48,1361,1362,1521,1,160
446,2,48,1214,1215,1524,1,310
503,3,48,1369,1370,1527,1,158
557,1,48,1516,1518,1530,2,14
504,4,48,1372,1373,1533,1,161
450,2,48,1225,1227,1536,2,311
507,3,48,1380,1382,1539,2,159
561,1,48,1527,1528,1542,1,15
508,4,48,1383,1384,1545,1,162
454,2,48,1236,1237,1548,1,312
511,3,48,1390,1391,1551,1,161
565,1,48,1538,1540,1554,2,16
512,4,48,1393,1395,1557,2,164
458,2,48,1247,1248,1560,1,313
515,3,48,1401,1402,1563,1,162
569,1,48,1549,1551,1566,2,17
516,4,48,1404,1405,1569,1,165
573,1,48,1560,1561,1572,1,12
519,3,48,1412,1413,1575,1,163
462,2,48,1258,1260,1578,2,320
520,4,48,1415,1417,1581,2,166
577,1,48,1571,1573,1584,2,13
523,3,48,1423,1425,1587,2,164
466,2,48,1268,1270,1590,2,322
524,4,48,1426,1427,1593,1,167
581,1,48,1582,1584,1596,2,14
527,3,48,1434,1435,1599,1,165
470,2,48,1279,1280,1602,1,323
528,4,48,1437,1438,1605,1,168
585,1,48,1593,1594,1608,1,15
531,3,48,1445,1446,1611,1,166
474,2,48,1290,1291,1614,1,324
532,4,48,1448,1450,1617,2,169
589,1,48,1604,1606,1620,2,16
535,3,48,1456,1458,1623,2,167
478,2,48,1301,1303,1626,2,325
536,4,48,1459,1460,1629,1,170
593,1,48,1615,1617,1632,2,17
539,3,48,1467,1468,1635,1,168
597,1,48,1625,1626,1638,1,13
540,4,48,1470,1471,1641,1,171
482,2,48,1312,1313,1644,1,332
543,3,48,1478,1479,1647,1,169
601,1,48,1636,1637,1650,1,14
544,4,48,1481,1483,1653,2,172
486,2,48,1323,1324,1656,1,333
547,3,48,1489,1491,1659,2,170
605,1,48,1647,1648,1662,1,15
548,4,48,1492,1493,1665,1,173
490,2,48,1334,1336,1668,2,334
551,3,48,1500,1501,1671,1,171
609,1,48,1658,1660,1674,2,16
552,4,48,1503,1504,1677,1,174
494,2,48,1345,1346,1680,1,335
555,3,48,1510,1511,1683,1,173
613,1,48,1669,1670,1686,1,17
556,4,48,1513,1514,1689,1,176
617,1,48,1680,1681,1692,1,12
559,3,48,1521,1523,1695,2,174
498,2,48,1356,1357,1698,1,342
560,4,48,1524,1525,1701,1,177
621,1,48,1691,1693,1704,2,13
563,3,48,1532,1534,1707,2,175
502,2,48,1367,1369,1710,2,343
564,4,48,1535,1536,1713,1,178
625,1,48,1702,1703,1716,1,14
567,3,48,1543,1544,1719,1,176
506,2,48,1378,1379,1722,1,344
568,4,48,1546,1547,1725,1,179
629,1,48,1713,1714,1728,1,15
571,3,48,1554,1556,1731,2,177
510,2,48,1388,1390,1734,2,346
572,4,48,1557,1558,1737,1,180
633,1,48,1724,1726,1740,2,16
575,3,48,1565,1567,1743,2,178
514,2,48,1399,1400,1746,1,347
576,4,48,1568,1569,1749,1,181
637,1,48,1735,1736,1752,1,17
579,3,48,1576,1577,1755,1,179
641,1,48,1745,1747,1758,2,13
580,4,48,1579,1580,1761,1,182
518,2,48,1410,1411,1764,1,354
583,3,48,1587,1589,1767,2,180
645,1,48,1756,1758,1770,2,14
584,4,48,1590,1591,1773,1,183
522,2,48,1421,1422,1776,1,355
587,3,48,1598,1600,1779,2,181
649,1,48,1767,1768,1782,1,15
588,4,48,1601,1602,1785,1,184
526,2,48,1432,1434,1788,2,356
591,3,48,1609,1610,1791,1,182
653,1,48,1778,1780,1794,2,16
592,4,48,1612,1613,1797,1,185
530,2,48,1443,1444,1800,1,357
595,3,48,1620,1622,1803,2,183
657,1,48,1789,1791,1806,2,17
596,4,48,1623,1624,1809,1,186
661,1,48,1800,1801,1812,1,12
599,3,48,1630,1631,1815,1,185
534,2,48,1454,1455,1818,1,364
600,4,48,1633,1635,1821,2,188
665,1,48,1811,1813,1824,2,13
603,3,48,1641,1642,1827,1,186
538,2,48,1465,1467,1830,2,365
604,4,48,1644,1645,1833,1,189
669,1,48,1822,1824,1836,2,14
607,3,48,1652,1653,1839,1,187
542,2,48,1476,1477,1842,1,366
608,4,48,1655,1657,1845,2,190
673,1,48,1833,1834,1848,1,15
611,3,48,1663,1665,1851,2,188
546,2,48,1487,1488,1854,1,367
612,4,48,1666,1667,1857,1,191
677,1,48,1844,1846,1860,2,16
615,3,48,1674,1675,1863,1,189
550,2,48,1498,1500,1866,2,368
616,4,48,1677,1678,1869,1,192
681,1,48,1855,1857,1872,2,17
619,3,48,1685,1686,1875,1,190
685,1,48,1865,1866,1878,1,13
620,4,48,1688,1690,1881,2,193
554,2,48,1508,1510,1884,2,376
623,3,48,1696,1698,1887,2,191
689,1,48,1876,1877,1890,1,14
624,4,48,1699,1700,1893,1,194
558,2,48,1519,1520,1896,1,377
627,3,48,1707,1708,1899,1,192
693,1,48,1887,1888,1902,1,15
628,4,48,1710,1711,1905,1,195
562,2,48,1530,1531,1908,1,378
631,3,48,1718,1719,1911,1,193
697,1,48,1898,1900,1914,2,16
632,4,48,1721,1723,1917,2,196
566,2,48,1541,1543,1920,2,379
635,3,48,1729,1731,1923,2,194
701,1,48,1909,1910,1926,1,17
636,4,48,1732,1733,1929,1,197
705,1,48,1920,1921,1932,1,12
639,3,48,1740,1741,1935,1,195
570,2,48,1552,1553,1938,1,386
640,4,48,1743,1744,1941,1,198
709,1,48,1931,1933,1944,2,13
643,3,48,1750,1751,1947,1,197
574,2,48,1563,1564,1950,1,387
644,4,48,1753,1754,1953,1,200
713,1,48,1942,1943,1956,1,14
647,3,48,1761,1763,1959,2,198
578,2,48,1574,1576,1962,2,388
648,4,48,1764,1765,1965,1,201
717,1,48,1953,1954,1968,1,15
651,3,48,1772,1774,1971,2,199
582,2,48,1585,1586,1974,1,389
652,4,48,1775,1776,1977,1,202
721,1,48,1964,1966,1980,2,16
655,3,48,1783,1784,1983,1,200
586,2,48,1596,1597,1986,1,390
656,4,48,1786,1787,1989,1,203
725,1,48,1975,1976,1992,1,17
659,3,48,1794,1796,1995,2,201
729,1,48,1985,1987,1998,2,13
660,4,48,1797,1798,2001,1,204
590,2,48,1607,1609,2004,2,397
663,3,48,1805,1807,2007,2,202
733,1,48,1996,1998,2010,2,14
664,4,48,1808,1809,2013,1,205
735,1,48,2000,2001,2016,1,16
667,3,48,1816,1817,2019,1,203
594,2,48,1618,1619,2022,1,404
668,4,48,1819,1820,2025,1,206
741,1,48,2016,2017,2028,1,12
671,3,48,1827,1829,2031,2,204
598,2,48,1628,1630,2034,2,406
672,4,48,1830,1831,2037,1,207
602,2,48,1639,1640,2040,1,401
675,3,48,1838,1840,2043,2,205
606,2,48,1650,1651,2046,1,396
676,4,48,1841,1842,2049,1,208
747,1,48,2033,2040,2052,7,19
679,3,48,1849,1850,2055,1,206
739,5,48,2011,2034,2058,23,47
610,2,48,1661,1662,2061,1,400
680,4,48,1852,1853,2064,1,212
745,5,48,2027,2038,2067,11,40
753,1,48,2049,2051,2070,2,21
683,3,48,1860,1862,2073,2,213
751,5,48,2044,2045,2076,1,32
759,1,48,2065,2067,2079,2,14
684,4,48,1863,1864,2082,1,219
757,5,48,2060,2062,2085,2,25
614,2,48,1672,1674,2088,2,416
687,3,48,1870,1871,2091,1,221
763,5,48,2076,2077,2094,1,18
765,1,48,2082,2083,2097,1,15
688,4,48,1873,1875,2100,2,227
740,6,48,2014,2035,2103,21,89
618,2,48,1683,1684,2106,1,423
691,3,48,1881,1882,2109,1,228
769,5,48,2093,2094,2112,1,19
771,1,48,2098,2099,2115,1,17
692,4,48,1884,1885,2118,1,234
775,5,48,2109,2110,2121,1,12
622,2,48,1694,1695,2124,1,430
695,3,48,1892,1893,2127,1,235
746,6,48,2030,2039,2130,9,100
777,1,48,2115,2116,2133,1,18
696,4,48,1895,1897,2136,2,241
781,5,48,2126,2128,2139,2,13
626,2,48,1705,1707,2142,2,437
699,3,48,1903,1905,2145,2,242
752,6,48,2047,2048,2148,1,101
783,1,48,2131,2132,2151,1,20
700,4,48,1906,1907,2154,1,248
787,5,48,2142,2143,2157,1,15
789,1,48,2147,2148,2160,1,13
703,3,48,1914,1915,2163,1,249
758,6,48,2063,2064,2166,1,103
630,2,48,1716,1717,2169,1,453
704,4,48,1917,1918,2172,1,255
793,5,48,2158,2159,2175,1,17
795,1,48,2164,2166,2178,2,14
707,3,48,1925,1926,2181,1,256
764,6,48,2079,2080,2184,1,105
634,2,48,1727,1728,2187,1,460
708,4,48,1928,1930,2190,2,262
799,5,48,2175,2176,2193,1,18
801,1,48,2180,2182,2196,2,16
711,3,48,1936,1938,2199,2,263
770,6,48,2096,2098,2202,2,106
638,2,48,1738,1740,2205,2,467
712,4,48,1939,1940,2208,1,269
805,5,48,2191,2192,2211,1,20
807,1,48,2196,2197,2214,1,18
715,3,48,1947,1948,2217,1,270
811,5,48,2207,2208,2220,1,13
642,2,48,1748,1750,2223,2,475
716,4,48,1950,1951,2226,1,276
776,6,48,2112,2113,2229,1,117
813,1,48,2213,2215,2232,2,19
719,3,48,1958,1959,2235,1,277
817,5,48,2224,2225,2238,1,14
819,1,48,2229,2230,2241,1,12
720,4,48,1961,1963,2244,2,283
782,6,48,2129,2131,2247,2,118
646,2,48,1759,1760,2250,1,491
723,3,48,1969,1971,2253,2,284
823,5,48,2240,2241,2256,1,16
825,1,48,2245,2246,2259,1,14
724,4,48,1972,1973,2262,1,290
788,6,48,2145,2146,2265,1,120
650,2,48,1770,1771,2268,1,498
727,3,48,1980,1981,2271,1,291
829,5,48,2256,2257,2274,1,18
831,1,48,2262,2263,2277,1,15
728,4,48,1983,1984,2280,1,297
794,6,48,2161,2162,2283,1,122
654,2,48,1781,1783,2286,2,505
731,3,48,1990,1991,2289,1,299
835,5,48,2273,2275,2292,2,19
837,1,48,2278,2279,2295,1,17
732,4,48,1993,1994,2298,1,305
841,5,48,2289,2290,2301,1,12
658,2,48,1792,1793,2304,1,512
737,3,48,2005,2006,2307,1,302
800,6,48,2178,2179,2310,1,132
843,1,48,2295,2296,2313,1,18
738,4,48,2008,2009,2316,1,308
847,5,48,2306,2308,2319,2,13
662,2,48,1803,1804,2322,1,519
743,3,48,2021,2036,2325,15,304
806,6,48,2194,2196,2328,2,134
849,1,48,2311,2312,2331,1,20
744,4,48,2024,2037,2334,13,310
853,5,48,2322,2323,2337,1,15
855,1,48,2327,2328,2340,1,13
749,3,48,2038,2042,2343,4,305
812,6,48,2210,2212,2346,2,136
666,2,48,1814,1816,2349,2,535
750,4,48,2041,2043,2352,2,311
859,5,48,2338,2339,2355,1,17
861,1,48,2344,2346,2358,2,14
755,3,48,2054,2055,2361,1,307
818,6,48,2227,2229,2364,2,137
670,2,48,1825,1826,2367,1,542
756,4,48,2057,2059,2370,2,313
865,5,48,2355,2356,2373,1,18
867,1,48,2360,2362,2376,2,16
761,3,48,2070,2072,2379,2,309
824,6,48,2243,2245,2382,2,139
674,2,48,1836,1837,2385,1,549
762,4,48,2073,2074,2388,1,315
871,5,48,2371,2372,2391,1,20
873,1,48,2376,2377,2394,1,18
767,3,48,2087,2089,2397,2,310
877,5,48,2387,2388,2400,1,13
678,2,48,1847,1849,2403,2,556
768,4,48,2090,2092,2406,2,316
830,6,48,2259,2260,2409,1,150
879,1,48,2393,2395,2412,2,19
773,3,48,2103,2104,2415,1,312
883,5,48,2404,2405,2418,1,14
885,1,48,2409,2410,2421,1,12
774,4,48,2106,2107,2424,1,318
836,6,48,2276,2278,2427,2,151
682,2,48,1858,1859,2430,1,572
779,3,48,2120,2122,2433,2,313
889,5,48,2420,2421,2436,1,16
891,1,48,2425,2426,2439,1,14
780,4,48,2123,2124,2442,1,319
842,6,48,2292,2293,2445,1,153
686,2,48,1868,1870,2448,2,580
785,3,48,2136,2137,2451,1,315
895,5,48,2436,2437,2454,1,18
897,1,48,2442,2443,2457,1,15
786,4,48,2139,2140,2460,1,321
848,6,48,2309,2311,2463,2,154
690,2,48,1879,1880,2466,1,587
791,3,48,2152,2153,2469,1,317
901,5,48,2453,2455,2472,2,19
903,1,48,2458,2459,2475,1,17
792,4,48,2155,2157,2478,2,323
907,5,48,2469,2470,2481,1,12
694,2,48,1890,1891,2484,1,594
797,3,48,2169,2171,2487,2,318
854,6,48,2325,2326,2490,1,165
909,1,48,2475,2476,2493,1,18
798,4,48,2172,2173,2496,1,324
913,5,48,2486,2488,2499,2,13
698,2,48,1901,1902,2502,1,601
803,3,48,2185,2187,2505,2,320
860,6,48,2341,2342,2508,1,167
915,1,48,2491,2492,2511,1,20
804,4,48,2188,2189,2514,1,326
919,5,48,2502,2503,2517,1,15
921,1,48,2507,2508,2520,1,13
809,3,48,2201,2203,2523,2,322
866,6,48,2358,2359,2526,1,168
702,2,48,1912,1914,2529,2,617
810,4,48,2204,2206,2532,2,328
925,5,48,2518,2519,2535,1,17
927,1,48,2524,2526,2538,2,14
815,3,48,2218,2220,2541,2,323
872,6,48,2374,2376,2544,2,170
706,2,48,1923,1924,2547,1,624
816,4,48,2221,2222,2550,1,329
931,5,48,2535,2536,2553,1,18
933,1,48,2540,2542,2556,2,16
821,3,48,2234,2236,2559,2,325
878,6,48,2390,2392,2562,2,172
710,2,48,1934,1935,2565,1,631
822,4,48,2237,2239,2568,2,331
937,5,48,2551,2552,2571,1,20
939,1,48,2556,2557,2574,1,18
827,3,48,2250,2251,2577,1,327
943,5,48,2567,2568,2580,1,13
714,2,48,1945,1947,2583,2,638
828,4,48,2253,2254,2586,1,333
884,6,48,2407,2409,2589,2,182
945,1,48,2573,2575,2592,2,19
833,3,48,2267,2269,2595,2,328
949,5,48,2584,2585,2598,1,14
951,1,48,2589,2590,2601,1,12
834,4,48,2270,2271,2604,1,334
890,6,48,2423,2425,2607,2,184
718,2,48,1956,1957,2610,1,654
839,3,48,2283,2284,2613,1,330
955,5,48,2600,2601,2616,1,16
957,1,48,2605,2606,2619,1,14
840,4,48,2286,2287,2622,1,336
896,6,48,2439,2440,2625,1,186
722,2,48,1967,1968,2628,1,661
845,3,48,2300,2302,2631,2,331
961,5,48,2616,2617,2634,1,18
963,1,48,2622,2623,2637,1,15
846,4,48,2303,2304,2640,1,337
902,6,48,2456,2458,2643,2,187
726,2,48,1978,1980,2646,2,668
851,3,48,2316,2317,2649,1,333
967,5,48,2633,2635,2652,2,19
969,1,48,2638,2639,2655,1,17
852,4,48,2319,2320,2658,1,339
973,5,48,2649,2650,2661,1,12
730,2,48,1988,1990,2664,2,676
857,3,48,2332,2333,2667,1,335
908,6,48,2472,2473,2670,1,198
975,1,48,2655,2656,2673,1,18
858,4,48,2335,2337,2676,2,341
979,5,48,2666,2668,2679,2,13
734,2,48,1999,2000,2682,1,683
863,3,48,2349,2351,2685,2,336
914,6,48,2489,2491,2688,2,199
981,1,48,2671,2672,2691,1,20
864,4,48,2352,2353,2694,1,342
985,5,48,2682,2683,2697,1,15
987,1,48,2687,2688,2700,1,13
869,3,48,2365,2367,2703,2,338
920,6,48,2505,2506,2706,1,201
736,2,48,2003,2005,2709,2,706
870,4,48,2368,2369,2712,1,344
991,5,48,2698,2699,2715,1,17
993,1,48,2704,2706,2718,2,14
875,3,48,2381,2383,2721,2,340
926,6,48,2521,2522,2724,1,203
742,2,48,2019,2020,2727,1,708
876,4,48,2384,2386,2730,2,346
997,5,48,2715,2716,2733,1,18
999,1,48,2720,2722,2736,2,16
881,3,48,2398,2400,2739,2,341
932,6,48,2538,2539,2742,1,204
748,2,48,2036,2041,2745,5,709
882,4,48,2401,2402,2748,1,347
1003,5,48,2731,2732,2751,1,20
1005,1,48,2736,2737,2754,1,18
887,3,48,2414,2416,2757,2,343
1009,5,48,2747,2748,2760,1,13
754,2,48,2052,2053,2763,1,711
888,4,48,2417,2419,2766,2,349
938,6,48,2554,2556,2769,2,215
1011,1,48,2753,2755,2772,2,19
893,3,48,2430,2431,2775,1,345
1015,5,48,2764,2765,2778,1,14
1017,1,48,2769,2770,2781,1,12
894,4,48,2433,2434,2784,1,351
944,6,48,2570,2572,2787,2,217
760,2,48,2068,2069,2790,1,722
899,3,48,2447,2449,2793,2,346
1021,5,48,2780,2781,2796,1,16
1023,1,48,2785,2786,2799,1,14
900,4,48,2450,2451,2802,1,352
950,6,48,2587,2589,2805,2,218
766,2,48,2085,2086,2808,1,723
905,3,48,2463,2464,2811,1,348
1027,5,48,2796,2797,2814,1,18
1029,1,48,2802,2803,2817,1,15
906,4,48,2466,2467,2820,1,354
956,6,48,2603,2605,2823,2,220
772,2,48,2101,2103,2826,2,725
911,3,48,2480,2482,2829,2,349
1033,5,48,2813,2815,2832,2,19
1035,1,48,2818,2819,2835,1,17
912,4,48,2483,2484,2838,1,355
1039,5,48,2829,2830,2841,1,12
778,2,48,2118,2119,2844,1,726
917,3,48,2496,2497,2847,1,351
962,6,48,2619,2620,2850,1,231
1041,1,48,2835,2836,2853,1,18
918,4,48,2499,2500,2856,1,357
1045,5,48,2846,2848,2859,2,13
784,2,48,2134,2135,2862,1,728
923,3,48,2512,2513,2865,1,353
968,6,48,2636,2638,2868,2,232
1047,1,48,2851,2852,2871,1,20
924,4,48,2515,2517,2874,2,359
1051,5,48,2862,2863,2877,1,15
1053,1,48,2867,2868,2880,1,13
929,3,48,2529,2531,2883,2,354
974,6,48,2652,2653,2886,1,234
790,2,48,2150,2152,2889,2,739
930,4,48,2532,2533,2892,1,360
1057,5,48,2878,2879,2895,1,17
1059,1,48,2884,2886,2898,2,14
935,3,48,2545,2547,2901,2,356
980,6,48,2669,2671,2904,2,235
796,2,48,2167,2168,2907,1,740
936,4,48,2548,2549,2910,1,362
1063,5,48,2895,2896,2913,1,18
1065,1,48,2900,2902,2916,2,16
941,3,48,2561,2563,2919,2,358
986,6,48,2685,2686,2922,1,237
802,2,48,2183,2184,2925,1,742
942,4,48,2564,2566,2928,2,364
1069,5,48,2911,2912,2931,1,20
1071,1,48,2916,2917,2934,1,18
947,3,48,2578,2580,2937,2,359
1075,5,48,2927,2928,2940,1,13
808,2,48,2199,2200,2943,1,744
948,4,48,2581,2582,2946,1,365
992,6,48,2701,2702,2949,1,248
1077,1,48,2933,2935,2952,2,19
953,3,48,2594,2596,2955,2,361
1081,5,48,2944,2945,2958,1,14
1083,1,48,2949,2950,2961,1,12
954,4,48,2597,2599,2964,2,367
998,6,48,2718,2719,2967,1,249
814,2,48,2216,2217,2970,1,754
959,3,48,2610,2611,2973,1,363
1087,5,48,2960,2961,2976,1,16
1089,1,48,2965,2966,2979,1,14
960,4,48,2613,2614,2982,1,369
1004,6,48,2734,2736,2985,2,251
820,2,48,2232,2233,2988,1,756
965,3,48,2627,2629,2991,2,364
1093,5,48,2976,2977,2994,1,18
1095,1,48,2982,2983,2997,1,15
966,4,48,2630,2631,3000,1,370
1010,6,48,2750,2752,3003,2,253
826,2,48,2248,2250,3006,2,758
971,3,48,2643,2644,3009,1,366
1099,5,48,2993,2995,3012,2,19
1101,1,48,2998,2999,3015,1,17
972,4,48,2646,2647,3018,1,372
1105,5,48,3009,3010,3021,1,12
832,2,48,2265,2266,3024,1,759
977,3,48,2660,2662,3027,2,367
1016,6,48,2767,2769,3030,2,263
1107,1,48,3015,3016,3033,1,18
978,4,48,2663,2664,3036,1,373
1111,5,48,3026,3028,3039,2,13
838,2,48,2281,2282,3042,1,761
983,3,48,2676,2677,3045,1,369
1022,6,48,2783,2785,3048,2,265
1113,1,48,3031,3032,3051,1,20
984,4,48,2679,2680,3054,1,375
1117,5,48,3042,3043,3057,1,15
1119,1,48,3047,3048,3060,1,13
989,3,48,2692,2693,3063,1,371
1028,6,48,2799,2800,3066,1,267
844,2,48,2298,2299,3069,1,771
990,4,48,2695,2697,3072,2,377
1123,5,48,3058,3059,3075,1,17
1125,1,48,3064,3066,3078,2,14
995,3,48,2709,2711,3081,2,372
1034,6,48,2816,2818,3084,2,268
850,2,48,2314,2315,3087,1,773
996,4,48,2712,2713,3090,1,378
1129,5,48,3075,3076,3093,1,18
1131,1,48,3080,3082,3096,2,16
1001,3,48,2725,2727,3099,2,374
1040,6,48,2832,2833,3102,1,270
856,2,48,2330,2332,3105,2,775
1002,4,48,2728,2729,3108,1,380
1135,5,48,3091,3092,3111,1,20
1137,1,48,3096,3097,3114,1,18
1007,3,48,2741,2743,3117,2,376
1141,5,48,3107,3108,3120,1,13
862,2,48,2347,2348,3123,1,776
1008,4,48,2744,2746,3126,2,382
1046,6,48,2849,2851,3129,2,280
1143,1,48,3113,3115,3132,2,19
1013,3,48,2758,2760,3135,2,377
1147,5,48,3124,3125,3138,1,14
1149,1,48,3129,3130,3141,1,12
1014,4,48,2761,2762,3144,1,383
1052,6,48,2865,2866,3147,1,282
868,2,48,2363,2364,3150,1,787
1019,3,48,2774,2776,3153,2,379
1153,5,48,3140,3141,3156,1,16
1155,1,48,3145,3146,3159,1,14
1020,4,48,2777,2779,3162,2,385
1058,6,48,2881,2882,3165,1,284
874,2,48,2379,2380,3168,1,789
1025,3,48,2790,2791,3171,1,381
1159,5,48,3156,3157,3174,1,18
1161,1,48,3162,3163,3177,1,15
1026,4,48,2793,2794,3180,1,387
1064,6,48,2898,2899,3183,1,285
880,2,48,2396,2397,3186,1,790
1031,3,48,2807,2809,3189,2,382
1165,5,48,3173,3175,3192,2,19
1167,1,48,3178,3179,3195,1,17
1032,4,48,2810,2811,3198,1,388
1171,5,48,3189,3190,3201,1,12
886,2,48,2412,2413,3204,1,792
1037,3,48,2823,2824,3207,1,384
1070,6,48,2914,2916,3210,2,296
1173,1,48,3195,3196,3213,1,18
1038,4,48,2826,2827,3216,1,390
1177,5,48,3206,3208,3219,2,13
892,2,48,2428,2430,3222,2,794
1043,3,48,2840,2842,3225,2,385
1076,6,48,2930,2932,3228,2,298
1179,1,48,3211,3212,3231,1,20
1044,4,48,2843,2844,3234,1,391
1183,5,48,3222,3223,3237,1,15
1185,1,48,3227,3228,3240,1,13
1049,3,48,2856,2857,3243,1,387
1082,6,48,2947,2949,3246,2,299
898,2,48,2445,2446,3249,1,804
1050,4,48,2859,2860,3252,1,393
1189,5,48,3238,3239,3255,1,17
1191,1,48,3244,3246,3258,2,14
1055,3,48,2872,2873,3261,1,389
1088,6,48,2963,2965,3264,2,301
904,2,48,2461,2462,3267,1,806
1056,4,48,2875,2877,3270,2,395
1195,5,48,3255,3256,3273,1,18
1197,1,48,3260,3262,3276,2,16
1061,3,48,2889,2891,3279,2,390
1094,6,48,2979,2980,3282,1,303
910,2,48,2478,2479,3285,1,807
1062,4,48,2892,2893,3288,1,396
1201,5,48,3271,3272,3291,1,20
1203,1,48,3276,3277,3294,1,18
1067,3,48,2905,2907,3297,2,392
1207,5,48,3287,3288,3300,1,13
916,2,48,2494,2495,3303,1,809
1068,4,48,2908,2909,3306,1,398
1100,6,48,2996,2998,3309,2,313
1209,1,48,3293,3295,3312,2,19
1073,3,48,2921,2923,3315,2,394
1213,5,48,3304,3305,3318,1,14
1215,1,48,3309,3310,3321,1,12
1074,4,48,2924,2926,3324,2,400
1106,6,48,3012,3013,3327,1,315
922,2,48,2510,2512,3330,2,820
1079,3,48,2938,2940,3333,2,395
1219,5,48,3320,3321,3336,1,16
1221,1,48,3325,3326,3339,1,14
1080,4,48,2941,2942,3342,1,401
1112,6,48,3029,3031,3345,2,316
928,2,48,2527,2528,3348,1,821
1085,3,48,2954,2956,3351,2,397
1225,5,48,3336,3337,3354,1,18
1227,1,48,3342,3343,3357,1,15
1086,4,48,2957,2959,3360,2,403
1118,6,48,3045,3046,3363,1,318
934,2,48,2543,2544,3366,1,823
1091,3,48,2970,2971,3369,1,399
1231,5,48,3353,3355,3372,2,19
1233,1,48,3358,3359,3375,1,17
1092,4,48,2973,2974,3378,1,405
1237,5,48,3369,3370,3381,1,12
940,2,48,2559,2560,3384,1,825
1097,3,48,2987,2989,3387,2,400
1124,6,48,3061,3062,3390,1,329
1239,1,48,3375,3376,3393,1,18
1098,4,48,2990,2991,3396,1,406
1243,5,48,3386,3388,3399,2,13
946,2,48,2576,2577,3402,1,826
1103,3,48,3003,3004,3405,1,402
1130,6,48,3078,3079,3408,1,330
1245,1,48,3391,3392,3411,1,20
1104,4,48,3006,3007,3414,1,408
1249,5,48,3402,3403,3417,1,15
1251,1,48,3407,3408,3420,1,13
1109,3,48,3020,3022,3423,2,403
1136,6,48,3094,3096,3426,2,332
952,2,48,2592,2593,3429,1,837
1110,4,48,3023,3024,3432,1,409
1255,5,48,3418,3419,3435,1,17
1257,1,48,3424,3426,3438,2,14
1115,3,48,3036,3037,3441,1,405
1142,6,48,3110,3112,3444,2,334
958,2,48,2608,2610,3447,2,839
1116,4,48,3039,3040,3450,1,411
1261,5,48,3435,3436,3453,1,18
1263,1,48,3440,3442,3456,2,16
1121,3,48,3052,3053,3459,1,407
1148,6,48,3127,3129,3462,2,335
964,2,48,2625,2626,3465,1,840
1122,4,48,3055,3057,3468,2,413
1267,5,48,3451,3452,3471,1,20
1269,1,48,3456,3457,3474,1,18
1127,3,48,3069,3071,3477,2,408
1273,5,48,3467,3468,3480,1,13
970,2,48,2641,2642,3483,1,842
1128,4,48,3072,3073,3486,1,414
1154,6,48,3143,3145,3489,2,346
1275,1,48,3473,3475,3492,2,19
1133,3,48,3085,3087,3495,2,410
1279,5,48,3484,3485,3498,1,14
1281,1,48,3489,3490,3501,1,12
1134,4,48,3088,3089,3504,1,416
1160,6,48,3159,3160,3507,1,348
976,2,48,2658,2659,3510,1,852
1139,3,48,3101,3103,3513,2,412
1285,5,48,3500,3501,3516,1,16
1287,1,48,3505,3506,3519,1,14
1140,4,48,3104,3106,3522,2,418
1166,6,48,3176,3178,3525,2,349
982,2,48,2674,2675,3528,1,854
1145,3,48,3118,3120,3531,2,413
1291,5,48,3516,3517,3534,1,18
1293,1,48,3522,3523,3537,1,15
1146,4,48,3121,3122,3540,1,419
1172,6,48,3192,3193,3543,1,351
988,2,48,2690,2692,3546,2,856
1151,3,48,3134,3136,3549,2,415
1297,5,48,3533,3535,3552,2,19
1299,1,48,3538,3539,3555,1,17
1152,4,48,3137,3139,3558,2,421
1303,5,48,3549,3550,3561,1,12
994,2,48,2707,2708,3564,1,857
1157,3,48,3150,3151,3567,1,417
1178,6,48,3209,3211,3570,2,361
1305,1,48,3555,3556,3573,1,18
1158,4,48,3153,3154,3576,1,423
1309,5,48,3566,3568,3579,2,13
1000,2,48,2723,2724,3582,1,859
1163,3,48,3167,3169,3585,2,418
1184,6,48,3225,3226,3588,1,363
1311,1,48,3571,3572,3591,1,20
1164,4,48,3170,3171,3594,1,424
1315,5,48,3582,3583,3597,1,15
1317,1,48,3587,3588,3600,1,13
1169,3,48,3183,3184,3603,1,420
1190,6,48,3241,3242,3606,1,365
1006,2,48,2739,2740,3609,1,870
1170,4,48,3186,3187,3612,1,426
1321,5,48,3598,3599,3615,1,17
1323,1,48,3604,3606,3618,2,14
1175,3,48,3200,3202,3621,2,421
1196,6,48,3258,3259,3624,1,366
1012,2,48,2756,2757,3627,1,871
1176,4,48,3203,3204,3630,1,427
1327,5,48,3615,3616,3633,1,18
1329,1,48,3620,3622,3636,2,16
1181,3,48,3216,3217,3639,1,423
1202,6,48,3274,3276,3642,2,368
1018,2,48,2772,2773,3645,1,873
1182,4,48,3219,3220,3648,1,429
1333,5,48,3631,3632,3651,1,20
1335,1,48,3636,3637,3654,1,18
1187,3,48,3232,3233,3657,1,425
1339,5,48,3647,3648,3660,1,13
1024,2,48,2788,2790,3663,2,875
1188,4,48,3235,3237,3666,2,431
1208,6,48,3290,3292,3669,2,379
1341,1,48,3653,3655,3672,2,19
1193,3,48,3249,3251,3675,2,426
1345,5,48,3664,3665,3678,1,14
1347,1,48,3669,3670,3681,1,12
1194,4,48,3252,3253,3684,1,432
1214,6,48,3307,3309,3687,2,380
1030,2,48,2805,2806,3690,1,885
1199,3,48,3265,3267,3693,2,428
1351,5,48,3680,3681,3696,1,16
1353,1,48,3685,3686,3699,1,14
1200,4,48,3268,3269,3702,1,434
1220,6,48,3323,3325,3705,2,382
1036,2,48,2821,2822,3708,1,887
1205,3,48,3281,3283,3711,2,430
1357,5,48,3696,3697,3714,1,18
1359,1,48,3702,3703,3717,1,15
1206,4,48,3284,3286,3720,2,436
1226,6,48,3339,3340,3723,1,384
1042,2,48,2838,2839,3726,1,888
1211,3,48,3298,3300,3729,2,431
1363,5,48,3713,3715,3732,2,19
1365,1,48,3718,3719,3735,1,17
1212,4,48,3301,3302,3738,1,437
1369,5,48,3729,3730,3741,1,12
1048,2,48,2854,2855,3744,1,890
1217,3,48,3314,3316,3747,2,433
1232,6,48,3356,3358,3750,2,394
1371,1,48,3735,3736,3753,1,18
1218,4,48,3317,3319,3756,2,439
1375,5,48,3746,3748,3759,2,13
1054,2,48,2870,2872,3762,2,892
1223,3,48,3330,3331,3765,1,435
1238,6,48,3372,3373,3768,1,396
1377,1,48,3751,3752,3771,1,20
1224,4,48,3333,3334,3774,1,441
1381,5,48,3762,3763,3777,1,15
1383,1,48,3767,3768,3780,1,13
1229,3,48,3347,3349,3783,2,436
1244,6,48,3389,3391,3786,2,397
1060,2,48,2887,2888,3789,1,902
1230,4,48,3350,3351,3792,1,442
1387,5,48,3778,3779,3795,1,17
1389,1,48,3784,3786,3798,2,14
1235,3,48,3363,3364,3801,1,438
1250,6,48,3405,3406,3804,1,399
1066,2,48,2903,2904,3807,1,904
1236,4,48,3366,3367,3810,1,444
1393,5,48,3795,3796,3813,1,18
1395,1,48,3800,3802,3816,2,16
1241,3,48,3380,3382,3819,2,439
1256,6,48,3421,3422,3822,1,401
1072,2,48,2919,2920,3825,1,906
1242,4,48,3383,3384,3828,1,445
1399,5,48,3811,3812,3831,1,20
1401,1,48,3816,3817,3834,1,18
1247,3,48,3396,3397,3837,1,441
1405,5,48,3827,3828,3840,1,13
1078,2,48,2936,2937,3843,1,907
1248,4,48,3399,3400,3846,1,447
1262,6,48,3438,3439,3849,1,411
1407,1,48,3833,3835,3852,2,19
1253,3,48,3412,3413,3855,1,443
1411,5,48,3844,3845,3858,1,14
1413,1,48,3849,3850,3861,1,12
1254,4,48,3415,3417,3864,2,449
1268,6,48,3454,3456,3867,2,413
1084,2,48,2952,2953,3870,1,918
1259,3,48,3429,3431,3873,2,444
1417,5,48,3860,3861,3876,1,16
1419,1,48,3865,3866,3879,1,14
1260,4,48,3432,3433,3882,1,450
1274,6,48,3470,3472,3885,2,415
1090,2,48,2968,2970,3888,2,920
1265,3,48,3445,3447,3891,2,446
1423,5,48,3876,3877,3894,1,18
1425,1,48,3882,3883,3897,1,15
1266,4,48,3448,3449,3900,1,452
1280,6,48,3487,3489,3903,2,416
1096,2,48,2985,2986,3906,1,921
1271,3,48,3461,3463,3909,2,448
1429,5,48,3893,3895,3912,2,19
1431,1,48,3898,3899,3915,1,17
1272,4,48,3464,3466,3918,2,454
1435,5,48,3909,3910,3921,1,12
1102,2,48,3001,3002,3924,1,923
1277,3,48,3478,3480,3927,2,449
1286,6,48,3503,3505,3930,2,427
1437,1,48,3915,3916,3933,1,18
1278,4,48,3481,3482,3936,1,455
1441,5,48,3926,3928,3939,2,13
1108,2,48,3018,3019,3942,1,924
1283,3,48,3494,3496,3945,2,451
1292,6,48,3519,3520,3948,1,429
1443,1,48,3931,3932,3951,1,20
1284,4,48,3497,3499,3954,2,457
1447,5,48,3942,3943,3957,1,15
1449,1,48,3947,3948,3960,1,13
1289,3,48,3510,3511,3963,1,453
1298,6,48,3536,3538,3966,2,430
1114,2,48,3034,3035,3969,1,935
1290,4,48,3513,3514,3972,1,459
1453,5,48,3958,3959,3975,1,17
1455,1,48,3964,3966,3978,2,14
1295,3,48,3527,3529,3981,2,454
1304,6,48,3552,3553,3984,1,432
1120,2,48,3050,3052,3987,2,937
1296,4,48,3530,3531,3990,1,460
1459,5,48,3975,3976,3993,1,18
1461,1,48,3980,3982,3996,2,16
1301,3,48,3543,3544,3999,1,456
1310,6,48,3569,3571,4002,2,433
1126,2,48,3067,3068,4005,1,938
1302,4,48,3546,3547,4008,1,462
1465,5,48,3991,3992,4011,1,20
1467,1,48,3996,3997,4014,1,18
1307,3,48,3560,3562,4017,2,457
1471,5,48,4007,4008,4020,1,13
1132,2,48,3083,3084,4023,1,940
1308,4,48,3563,3564,4026,1,463
1316,6,48,3585,3586,4029,1,444
1473,1,48,4013,4015,4032,2,19
1313,3,48,3576,3577,4035,1,459
1477,5,48,4024,4025,4038,1,14
1479,1,48,4029,4030,4041,1,12
1314,4,48,3579,3580,4044,1,465
1322,6,48,3601,3602,4047,1,446
1138,2,48,3099,3100,4050,1,951
1319,3,48,3592,3593,4053,1,461
1483,5,48,4040,4041,4056,1,16
1485,1,48,4045,4046,4059,1,14
1320,4,48,3595,3597,4062,2,467
1328,6,48,3618,3619,4065,1,447
1144,2,48,3116,3117,4068,1,952
1325,3,48,3609,3611,4071,2,462
1489,5,48,4056,4057,4074,1,18
1491,1,48,4062,4063,4077,1,15
1326,4,48,3612,3613,4080,1,468
1334,6,48,3634,3636,4083,2,449
1150,2,48,3132,3133,4086,1,954
1331,3,48,3625,3627,4089,2,464
1495,5,48,4073,4075,4092,2,19
1497,1,48,4078,4079,4095,1,17
1332,4,48,3628,3629,4098,1,470
1501,5,48,4089,4090,4101,1,12
1156,2,48,3148,3150,4104,2,956
1337,3,48,3641,3643,4107,2,466
1340,6,48,3650,3652,4110,2,460
1503,1,48,4095,4096,4113,1,18
1338,4,48,3644,3646,4116,2,472
1507,5,48,4106,4108,4119,2,13
1162,2,48,3165,3166,4122,1,957
1343,3,48,3658,3660,4125,2,467
1346,6,48,3667,3669,4128,2,461
1509,1,48,4111,4112,4131,1,20
1344,4,48,3661,3662,4134,1,473
1513,5,48,4122,4123,4137,1,15
1515,1,48,4127,4128,4140,1,13
1349,3,48,3674,3676,4143,2,469
1352,6,48,3683,3685,4146,2,463
1168,2,48,3181,3182,4149,1,968
1350,4,48,3677,3679,4152,2,475
1519,5,48,4138,4139,4155,1,17
1521,1,48,4144,4146,4158,2,14
1355,3,48,3690,3691,4161,1,471
1358,6,48,3699,3700,4164,1,465
1174,2,48,3198,3199,4167,1,969
1356,4,48,3693,3694,4170,1,477
1525,5,48,4155,4156,4173,1,18
1527,1,48,4160,4162,4176,2,16
1361,3,48,3707,3709,4179,2,472
1364,6,48,3716,3718,4182,2,466
1180,2,48,3214,3215,4185,1,971
1362,4,48,3710,3711,4188,1,478
1531,5,48,4171,4172,4191,1,20
1533,1,48,4176,4177,4194,1,18
1367,3,48,3723,3724,4197,1,474
1537,5,48,4187,4188,4200,1,13
1186,2,48,3230,3232,4203,2,973
1368,4,48,3726,3727,4206,1,480
1370,6,48,3732,3733,4209,1,477
1539,1,48,4193,4195,4212,2,19
1373,3,48,3740,3742,4215,2,475
1543,5,48,4204,4205,4218,1,14
1545,1,48,4209,4210,4221,1,12
1374,4,48,3743,3744,4224,1,481
1376,6,48,3749,3751,4227,2,478
1192,2,48,3247,3248,4230,1,983
1379,3,48,3756,3757,4233,1,477
1549,5,48,4220,4221,4236,1,16
1551,1,48,4225,4226,4239,1,14
1380,4,48,3759,3760,4242,1,483
1382,6,48,3765,3766,4245,1,480
1198,2,48,3263,3264,4248,1,985
1385,3,48,3772,3773,4251,1,479
1555,5,48,4236,4237,4254,1,18
1557,1,48,4242,4243,4257,1,15
1386,4,48,3775,3777,4260,2,485
1388,6,48,3781,3782,4263,1,482
1204,2,48,3279,3280,4266,1,987
1391,3,48,3789,3791,4269,2,480
1561,5,48,4253,4255,4272,2,19
1563,1,48,4258,4259,4275,1,17
1392,4,48,3792,3793,4278,1,486
1567,5,48,4269,4270,4281,1,12
1210,2,48,3296,3297,4284,1,988
1397,3,48,3805,3807,4287,2,482
1394,6,48,3798,3799,4290,1,492
1569,1,48,4275,4276,4293,1,18
1398,4,48,3808,3809,4296,1,488
1573,5,48,4286,4288,4299,2,13
1216,2,48,3312,3313,4302,1,990
1403,3,48,3821,3823,4305,2,484
1400,6,48,3814,3816,4308,2,494
1575,1,48,4291,4292,4311,1,20
1404,4,48,3824,3826,4314,2,490
1579,5,48,4302,4303,4317,1,15
1581,1,48,4307,4308,4320,1,13
1409,3,48,3838,3840,4323,2,485
1406,6,48,3830,3832,4326,2,496
1222,2,48,3328,3330,4329,2,1001
1410,4,48,3841,3842,4332,1,491
1585,5,48,4318,4319,4335,1,17
1587,1,48,4324,4326,4338,2,14
1415,3,48,3854,3856,4341,2,487
1412,6,48,3847,3849,4344,2,497
1228,2,48,3345,3346,4347,1,1002
1416,4,48,3857,3859,4350,2,493
1591,5,48,4335,4336,4353,1,18
1593,1,48,4340,4342,4356,2,16
1421,3,48,3870,3871,4359,1,489
1418,6,48,3863,3865,4362,2,499
1234,2,48,3361,3362,4365,1,1004
1422,4,48,3873,3874,4368,1,495
1597,5,48,4351,4352,4371,1,20
1599,1,48,4356,4357,4374,1,18
1427,3,48,3887,3889,4377,2,490
1603,5,48,4367,4368,4380,1,13
1240,2,48,3378,3379,4383,1,1005
1428,4,48,3890,3891,4386,1,496
1424,6,48,3879,3880,4389,1,510
1605,1,48,4373,4375,4392,2,19
1433,3,48,3903,3904,4395,1,492
1609,5,48,4384,4385,4398,1,14
1611,1,48,4389,4390,4401,1,12
1434,4,48,3906,3907,4404,1,498
1430,6,48,3896,3898,4407,2,511
1246,2,48,3394,3395,4410,1,1016
1439,3,48,3920,3922,4413,2,493
1615,5,48,4400,4401,4416,1,16
1617,1,48,4405,4406,4419,1,14
1440,4,48,3923,3924,4422,1,499
1436,6,48,3912,3913,4425,1,513
1252,2,48,3410,3412,4428,2,1018
1445,3,48,3936,3937,4431,1,495
1621,5,48,4416,4417,4434,1,18
1623,1,48,4422,4423,4437,1,15
1446,4,48,3939,3940,4440,1,501
1442,6,48,3929,3931,4443,2,514
1258,2,48,3427,3428,4446,1,1019
1451,3,48,3952,3953,4449,1,497
1627,5,48,4433,4435,4452,2,19
1629,1,48,4438,4439,4455,1,17
1452,4,48,3955,3957,4458,2,503
1633,5,48,4449,4450,4461,1,12
1264,2,48,3443,3444,4464,1,1021
1457,3,48,3969,3971,4467,2,498
1448,6,48,3945,3946,4470,1,525
1635,1,48,4455,4456,4473,1,18
1458,4,48,3972,3973,4476,1,504
1639,5,48,4466,4468,4479,2,13
1270,2,48,3459,3460,4482,1,1023
1463,3,48,3985,3987,4485,2,500
1454,6,48,3961,3962,4488,1,527
1641,1,48,4471,4472,4491,1,20
1464,4,48,3988,3989,4494,1,506
1645,5,48,4482,4483,4497,1,15
1647,1,48,4487,4488,4500,1,13
1469,3,48,4001,4003,4503,2,502
1460,6,48,3978,3979,4506,1,528
1276,2,48,3476,3477,4509,1,1033
1470,4,48,4004,4006,4512,2,508
1651,5,48,4498,4499,4515,1,17
1653,1,48,4504,4506,4518,2,14
1475,3,48,4018,4020,4521,2,503
1466,6,48,3994,3996,4524,2,530
1282,2,48,3492,3493,4527,1,1035
1476,4,48,4021,4022,4530,1,509
1657,5,48,4515,4516,4533,1,18
1659,1,48,4520,4522,4536,2,16
1481,3,48,4034,4036,4539,2,505
1472,6,48,4010,4012,4542,2,532
1288,2,48,3508,3510,4545,2,1037
1482,4,48,4037,4039,4548,2,511
1663,5,48,4531,4532,4551,1,20
1665,1,48,4536,4537,4554,1,18
1487,3,48,4050,4051,4557,1,507
1669,5,48,4547,4548,4560,1,13
1294,2,48,3525,3526,4563,1,1038
1488,4,48,4053,4054,4566,1,513
1478,6,48,4027,4029,4569,2,542
1671,1,48,4553,4555,4572,2,19
1493,3,48,4067,4069,4575,2,508
1675,5,48,4564,4565,4578,1,14
1677,1,48,4569,4570,4581,1,12
1494,4,48,4070,4071,4584,1,514
1484,6,48,4043,4045,4587,2,544
1300,2,48,3541,3542,4590,1,1049
1499,3,48,4083,4084,4593,1,510
1681,5,48,4580,4581,4596,1,16
1683,1,48,4585,4586,4599,1,14
1500,4,48,4086,4087,4602,1,516
1490,6,48,4059,4060,4605,1,546
1306,2,48,3558,3559,4608,1,1050
1505,3,48,4100,4102,4611,2,511
1687,5,48,4596,4597,4614,1,18
1689,1,48,4602,4603,4617,1,15
1506,4,48,4103,4104,4620,1,517
1496,6,48,4076,4078,4623,2,547
1312,2,48,3574,3575,4626,1,1052
1511,3,48,4116,4117,4629,1,513
1693,5,48,4613,4615,4632,2,19
1695,1,48,4618,4619,4635,1,17
1512,4,48,4119,4120,4638,1,519
1699,5,48,4629,4630,4641,1,12
1318,2,48,3590,3592,4644,2,1054
1517,3,48,4132,4133,4647,1,515
1502,6,48,4092,4093,4650,1,558
1701,1,48,4635,4636,4653,1,18
1518,4,48,4135,4137,4656,2,521
1705,5,48,4646,4648,4659,2,13
1324,2,48,3607,3608,4662,1,1055
1523,3,48,4149,4151,4665,2,516
1508,6,48,4109,4111,4668,2,559
1707,1,48,4651,4652,4671,1,20
1524,4,48,4152,4153,4674,1,522
1711,5,48,4662,4663,4677,1,15
1713,1,48,4667,4668,4680,1,13
1529,3,48,4165,4167,4683,2,518
1514,6,48,4125,4126,4686,1,561
1330,2,48,3623,3624,4689,1,1066
1530,4,48,4168,4169,4692,1,524
1717,5,48,4678,4679,4695,1,17
1719,1,48,4684,4686,4698,2,14
1535,3,48,4181,4183,4701,2,520
1520,6,48,4141,4142,4704,1,563
1336,2,48,3639,3640,4707,1,1068
1536,4,48,4184,4186,4710,2,526
1723,5,48,4695,4696,4713,1,18
1725,1,48,4700,4702,4716,2,16
1541,3,48,4198,4200,4719,2,521
1526,6,48,4158,4159,4722,1,564
1342,2,48,3656,3657,4725,1,1069
1542,4,48,4201,4202,4728,1,527
1729,5,48,4711,4712,4731,1,20
1731,1,48,4716,4717,4734,1,18
1547,3,48,4214,4216,4737,2,523
1735,5,48,4727,4728,4740,1,13
1348,2,48,3672,3673,4743,1,1071
1548,4,48,4217,4219,4746,2,529
1532,6,48,4174,4176,4749,2,575
1737,1,48,4733,4735,4752,2,19
1553,3,48,4230,4231,4755,1,525
1741,5,48,4744,4745,4758,1,14
1743,1,48,4749,4750,4761,1,12
1554,4,48,4233,4234,4764,1,531
1538,6,48,4190,4192,4767,2,577
1354,2,48,3688,3690,4770,2,1082
1559,3,48,4247,4249,4773,2,526
1747,5,48,4760,4761,4776,1,16
1749,1,48,4765,4766,4779,1,14
1560,4,48,4250,4251,4782,1,532
1544,6,48,4207,4209,4785,2,578
1360,2,48,3705,3706,4788,1,1083
1565,3,48,4263,4264,4791,1,528
1753,5,48,4776,4777,4794,1,18
1755,1,48,4782,4783,4797,1,15
1566,4,48,4266,4267,4800,1,534
1550,6,48,4223,4225,4803,2,580
1366,2,48,3721,3722,4806,1,1085
1571,3,48,4280,4282,4809,2,529
1759,5,48,4793,4795,4812,2,19
1761,1,48,4798,4799,4815,1,17
1572,4,48,4283,4284,4818,1,535
1765,5,48,4809,4810,4821,1,12
1372,2,48,3738,3739,4824,1,1086
1577,3,48,4296,4297,4827,1,531
1556,6,48,4239,4240,4830,1,591
1767,1,48,4815,4816,4833,1,18
1578,4,48,4299,4300,4836,1,537
1771,5,48,4826,4828,4839,2,13
1378,2,48,3754,3755,4842,1,1088
1583,3,48,4312,4313,4845,1,533
1562,6,48,4256,4258,4848,2,592
1773,1,48,4831,4832,4851,1,20
1584,4,48,4315,4317,4854,2,539
1777,5,48,4842,4843,4857,1,15
1779,1,48,4847,4848,4860,1,13
1589,3,48,4329,4331,4863,2,534
1568,6,48,4272,4273,4866,1,594
1384,2,48,3770,3772,4869,2,1099
1590,4,48,4332,4333,4872,1,540
1783,5,48,4858,4859,4875,1,17
1785,1,48,4864,4866,4878,2,14
1595,3,48,4345,4347,4881,2,536
1574,6,48,4289,4291,4884,2,595
1390,2,48,3787,3788,4887,1,1100
1596,4,48,4348,4349,4890,1,542
1789,5,48,4875,4876,4893,1,18
1791,1,48,4880,4882,4896,2,16
1601,3,48,4361,4363,4899,2,538
1580,6,48,4305,4306,4902,1,597
1396,2,48,3803,3804,4905,1,1102
1602,4,48,4364,4366,4908,2,544
1795,5,48,4891,4892,4911,1,20
1797,1,48,4896,4897,4914,1,18
1607,3,48,4378,4380,4917,2,539
1801,5,48,4907,4908,4920,1,13
1402,2,48,3819,3820,4923,1,1104
1608,4,48,4381,4382,4926,1,545
1586,6,48,4321,4322,4929,1,608
1803,1,48,4913,4915,4932,2,19
1613,3,48,4394,4396,4935,2,541
1807,5,48,4924,4925,4938,1,14
1809,1,48,4929,4930,4941,1,12
1614,4,48,4397,4399,4944,2,547
1592,6,48,4338,4339,4947,1,609
1408,2,48,3836,3837,4950,1,1114
1619,3,48,4410,4411,4953,1,543
1813,5,48,4940,4941,4956,1,16
1815,1,48,4945,4946,4959,1,14
1620,4,48,4413,4414,4962,1,549
1598,6,48,4354,4356,4965,2,611
1414,2,48,3852,3853,4968,1,1116
1625,3,48,4427,4429,4971,2,544
1819,5,48,4956,4957,4974,1,18
1821,1,48,4962,4963,4977,1,15
1626,4,48,4430,4431,4980,1,550
1604,6,48,4370,4372,4983,2,613
1420,2,48,3868,3870,4986,2,1118
1631,3,48,4443,4444,4989,1,546
1825,5,48,4973,4975,4992,2,19
1827,1,48,4978,4979,4995,1,17
1632,4,48,4446,4447,4998,1,552
1831,5,48,4989,4990,5001,1,12
1426,2,48,3885,3886,5004,1,1119
1637,3,48,4460,4462,5007,2,547
1610,6,48,4387,4389,5010,2,623
1833,1,48,4995,4996,5013,1,18
1638,4,48,4463,4464,5016,1,553
1837,5,48,5006,5008,5019,2,13
1432,2,48,3901,3902,5022,1,1121
1643,3,48,4476,4477,5025,1,549
1616,6,48,4403,4405,5028,2,625
1839,1,48,5011,5012,5031,1,20
1644,4,48,4479,4480,5034,1,555
1843,5,48,5022,5023,5037,1,15
1845,1,48,5027,5028,5040,1,13
1649,3,48,4492,4493,5043,1,551
1622,6,48,4419,4420,5046,1,627
1438,2,48,3918,3919,5049,1,1131
1650,4,48,4495,4497,5052,2,557
1849,5,48,5038,5039,5055,1,17
1851,1,48,5044,5046,5058,2,14
1655,3,48,4509,4511,5061,2,552
1628,6,48,4436,4438,5064,2,628
1444,2,48,3934,3935,5067,1,1133
1656,4,48,4512,4513,5070,1,558
1855,5,48,5055,5056,5073,1,18
1857,1,48,5060,5062,5076,2,16
1661,3,48,4525,4527,5079,2,554
1634,6,48,4452,4453,5082,1,630
1450,2,48,3950,3952,5085,2,1135
1662,4,48,4528,4529,5088,1,560
1861,5,48,5071,5072,5091,1,20
1863,1,48,5076,5077,5094,1,18
1667,3,48,4541,4543,5097,2,556
1867,5,48,5087,5088,5100,1,13
1456,2,48,3967,3968,5103,1,1136
1668,4,48,4544,4546,5106,2,562
1640,6,48,4469,4471,5109,2,640
1869,1,48,5093,5095,5112,2,19
1673,3,48,4558,4560,5115,2,557
1873,5,48,5104,5105,5118,1,14
1875,1,48,5109,5110,5121,1,12
1674,4,48,4561,4562,5124,1,563
1646,6,48,4485,4486,5127,1,642
1462,2,48,3983,3984,5130,1,1147
1679,3,48,4574,4576,5133,2,559
1879,5,48,5120,5121,5136,1,16
1881,1,48,5125,5126,5139,1,14
1680,4,48,4577,4579,5142,2,565
1652,6,48,4501,4502,5145,1,644
1468,2,48,3999,4000,5148,1,1149
1685,3,48,4590,4591,5151,1,561
1885,5,48,5136,5137,5154,1,18
1887,1,48,5142,5143,5157,1,15
1686,4,48,4593,4594,5160,1,567
1658,6,48,4518,4519,5163,1,645
1474,2,48,4016,4017,5166,1,1150
1691,3,48,4607,4609,5169,2,562
1891,5,48,5153,5155,5172,2,19
1893,1,48,5158,5159,5175,1,17
1692,4,48,4610,4611,5178,1,568
1897,5,48,5169,5170,5181,1,12
1480,2,48,4032,4033,5184,1,1152
1697,3,48,4623,4624,5187,1,564
1664,6,48,4534,4536,5190,2,656
1899,1,48,5175,5176,5193,1,18
1698,4,48,4626,4627,5196,1,570
1903,5,48,5186,5188,5199,2,13
1486,2,48,4048,4050,5202,2,1154
1703,3,48,4640,4642,5205,2,565
1670,6,48,4550,4552,5208,2,658
1905,1,48,5191,5192,5211,1,20
1704,4,48,4643,4644,5214,1,571
1909,5,48,5202,5203,5217,1,15
1911,1,48,5207,5208,5220,1,13
1709,3,48,4656,4657,5223,1,567
1676,6,48,4567,4569,5226,2,659
1492,2,48,4065,4066,5229,1,1164
1710,4,48,4659,4660,5232,1,573
1915,5,48,5218,5219,5235,1,17
1917,1,48,5224,5226,5238,2,14
1715,3,48,4672,4673,5241,1,569
1682,6,48,4583,4585,5244,2,661
1498,2,48,4081,4082,5247,1,1166
1716,4,48,4675,4677,5250,2,575
1921,5,48,5235,5236,5253,1,18
1923,1,48,5240,5242,5256,2,16
1721,3,48,4689,4691,5259,2,570
1688,6,48,4599,4600,5262,1,663
1504,2,48,4098,4099,5265,1,1167
1722,4,48,4692,4693,5268,1,576
1927,5,48,5251,5252,5271,1,20
1929,1,48,5256,5257,5274,1,18
1727,3,48,4705,4707,5277,2,572
1933,5,48,5267,5268,5280,1,13
1510,2,48,4114,4115,5283,1,1169
1728,4,48,4708,4709,5286,1,578
1694,6,48,4616,4618,5289,2,673
1935,1,48,5273,5275,5292,2,19
1733,3,48,4721,4723,5295,2,574
1939,5,48,5284,5285,5298,1,14
1941,1,48,5289,5290,5301,1,12
1734,4,48,4724,4726,5304,2,580
1700,6,48,4632,4633,5307,1,675
1516,2,48,4130,4132,5310,2,1180
1739,3,48,4738,4740,5313,2,575
1945,5,48,5300,5301,5316,1,16
1947,1,48,5305,5306,5319,1,14
1740,4,48,4741,4742,5322,1,581
1706,6,48,4649,4651,5325,2,676
1522,2,48,4147,4148,5328,1,1181
1745,3,48,4754,4756,5331,2,577
1951,5,48,5316,5317,5334,1,18
1953,1,48,5322,5323,5337,1,15
1746,4,48,4757,4759,5340,2,583
1712,6,48,4665,4666,5343,1,678
1528,2,48,4163,4164,5346,1,1183
1751,3,48,4770,4771,5349,1,579
1957,5,48,5333,5335,5352,2,19
1959,1,48,5338,5339,5355,1,17
1752,4,48,4773,4774,5358,1,585
1963,5,48,5349,5350,5361,1,12
1534,2,48,4179,4180,5364,1,1185
1757,3,48,4787,4789,5367,2,580
1718,6,48,4681,4682,5370,1,689
1965,1,48,5355,5356,5373,1,18
1758,4,48,4790,4791,5376,1,586
1969,5,48,5366,5368,5379,2,13
1540,2,48,4196,4197,5382,1,1186
1763,3,48,4803,4804,5385,1,582
1724,6,48,4698,4699,5388,1,690
1971,1,48,5371,5372,5391,1,20
1764,4,48,4806,4807,5394,1,588
1975,5,48,5382,5383,5397,1,15
1977,1,48,5387,5388,5400,1,13
1769,3,48,4820,4822,5403,2,583
1730,6,48,4714,4716,5406,2,692
1546,2,48,4212,4213,5409,1,1197
1770,4,48,4823,4824,5412,1,589
1981,5,48,5398,5399,5415,1,17
1983,1,48,5404,5406,5418,2,14
1775,3,48,4836,4837,5421,1,585
1736,6,48,4730,4732,5424,2,694
1552,2,48,4228,4230,5427,2,1199
1776,4,48,4839,4840,5430,1,591
1987,5,48,5415,5416,5433,1,18
1989,1,48,5420,5422,5436,2,16
1781,3,48,4852,4853,5439,1,587
1742,6,48,4747,4749,5442,2,695
1558,2,48,4245,4246,5445,1,1200
1782,4,48,4855,4857,5448,2,593
1993,5,48,5431,5432,5451,1,20
1995,1,48,5436,5437,5454,1,18
1787,3,48,4869,4871,5457,2,588
1999,5,48,5447,5448,5460,1,13
1564,2,48,4261,4262,5463,1,1202
1788,4,48,4872,4873,5466,1,594
1748,6,48,4763,4765,5469,2,706
2001,1,48,5453,5455,5472,2,19
1793,3,48,4885,4887,5475,2,590
2005,5,48,5464,5465,5478,1,14
2007,1,48,5469,5470,5481,1,12
1794,4,48,4888,4889,5484,1,596
1754,6,48,4779,4780,5487,1,708
1570,2,48,4278,4279,5490,1,1212
1799,3,48,4901,4903,5493,2,592
2011,5,48,5480,5481,5496,1,16
2013,1,48,5485,5486,5499,1,14
1800,4,48,4904,4906,5502,2,598
1760,6,48,4796,4798,5505,2,709
1576,2,48,4294,4295,5508,1,1214
1805,3,48,4918,4920,5511,2,593
2017,5,48,5496,5497,5514,1,18
2019,1,48,5502,5503,5517,1,15
1806,4,48,4921,4922,5520,1,599
1766,6,48,4812,4813,5523,1,711
1582,2,48,4310,4312,5526,2,1216
1811,3,48,4934,4936,5529,2,595
2023,5,48,5513,5515,5532,2,19
2025,1,48,5518,5519,5535,1,17
1812,4,48,4937,4939,5538,2,601
2029,5,48,5529,5530,5541,1,12
1588,2,48,4327,4328,5544,1,1217
1817,3,48,4950,4951,5547,1,597
1772,6,48,4829,4831,5550,2,721
2031,1,48,5535,5536,5553,1,18
1818,4,48,4953,4954,5556,1,603
2035,5,48,5546,5548,5559,2,13
1594,2,48,4343,4344,5562,1,1219
1823,3,48,4967,4969,5565,2,598
1778,6,48,4845,4846,5568,1,723
2037,1,48,5551,5552,5571,1,20
1824,4,48,4970,4971,5574,1,604
2041,5,48,5562,5563,5577,1,15
2043,1,48,5567,5568,5580,1,13
1829,3,48,4983,4984,5583,1,600
1784,6,48,4861,4862,5586,1,725
1600,2,48,4359,4360,5589,1,1230
1830,4,48,4986,4987,5592,1,606
2047,5,48,5578,5579,5595,1,17
2049,1,48,5584,5586,5598,2,14
1835,3,48,5000,5002,5601,2,601
1790,6,48,4878,4879,5604,1,726
1606,2,48,4376,4377,5607,1,1231
1836,4,48,5003,5004,5610,1,607
2053,5,48,5595,5596,5613,1,18
2055,1,48,5600,5602,5616,2,16
1841,3,48,5016,5017,5619,1,603
1796,6,48,4894,4896,5622,2,728
1612,2,48,4392,4393,5625,1,1233
1842,4,48,5019,5020,5628,1,609
2059,5,48,5611,5612,5631,1,20
2061,1,48,5616,5617,5634,1,18
1847,3,48,5032,5033,5637,1,605
2065,5,48,5627,5628,5640,1,13
1618,2,48,4408,4410,5643,2,1235
1848,4,48,5035,5037,5646,2,611
1802,6,48,4910,4912,5649,2,739
2067,1,48,5633,5635,5652,2,19
1853,3,48,5049,5051,5655,2,606
2071,5,48,5644,5645,5658,1,14
2073,1,48,5649,5650,5661,1,12
1854,4,48,5052,5053,5664,1,612
1808,6,48,4927,4929,5667,2,740
1624,2,48,4425,4426,5670,1,1245
1859,3,48,5065,5067,5673,2,608
2077,5,48,5660,5661,5676,1,16
2079,1,48,5665,5666,5679,1,14
1860,4,48,5068,5069,5682,1,614
1814,6,48,4943,4945,5685,2,742
1630,2,48,4441,4442,5688,1,1247
1865,3,48,5081,5083,5691,2,610
2083,5,48,5676,5677,5694,1,18
2085,1,48,5682,5683,5697,1,15
1866,4,48,5084,5086,5700,2,616
1820,6,48,4959,4960,5703,1,744
1636,2,48,4458,4459,5706,1,1248
1871,3,48,5098,5100,5709,2,611
2089,5,48,5693,5695,5712,2,19
2091,1,48,5698,5699,5715,1,17
1872,4,48,5101,5102,5718,1,617
2095,5,48,5709,5710,5721,1,12
1642,2,48,4474,4475,5724,1,1250
1877,3,48,5114,5116,5727,2,613
1826,6,48,4976,4978,5730,2,754
2097,1,48,5715,5716,5733,1,18
1878,4,48,5117,5119,5736,2,619
2101,5,48,5726,5728,5739,2,13
1648,2,48,4490,4492,5742,2,1252
1883,3,48,5130,5131,5745,1,615
1832,6,48,4992,4993,5748,1,756
2103,1,48,5731,5732,5751,1,20
1884,4,48,5133,5134,5754,1,621
2107,5,48,5742,5743,5757,1,15
2109,1,48,5747,5748,5760,1,13
1889,3,48,5147,5149,5763,2,616
1838,6,48,5009,5011,5766,2,757
1654,2,48,4507,4508,5769,1,1262
1890,4,48,5150,5151,5772,1,622
2113,5,48,5758,5759,5775,1,17
2115,1,48,5764,5766,5778,2,14
1895,3,48,5163,5164,5781,1,618
1844,6,48,5025,5026,5784,1,759
1660,2,48,4523,4524,5787,1,1264
1896,4,48,5166,5167,5790,1,624
2119,5,48,5775,5776,5793,1,18
2121,1,48,5780,5782,5796,2,16
1901,3,48,5180,5182,5799,2,619
1850,6,48,5041,5042,5802,1,761
1666,2,48,4539,4540,5805,1,1266
1902,4,48,5183,5184,5808,1,625
2125,5,48,5791,5792,5811,1,20
2127,1,48,5796,5797,5814,1,18
1907,3,48,5196,5197,5817,1,621
2131,5,48,5807,5808,5820,1,13
1672,2,48,4556,4557,5823,1,1267
1908,4,48,5199,5200,5826,1,627
1856,6,48,5058,5059,5829,1,771
2133,1,48,5813,5815,5832,2,19
1913,3,48,5212,5213,5835,1,623
2137,5,48,5824,5825,5838,1,14
2139,1,48,5829,5830,5841,1,12
1914,4,48,5215,5217,5844,2,629
1862,6,48,5074,5076,5847,2,773
1678,2,48,4572,4573,5850,1,1278
1919,3,48,5229,5231,5853,2,624
2143,5,48,5840,5841,5856,1,16
2145,1,48,5845,5846,5859,1,14
1920,4,48,5232,5233,5862,1,630
1868,6,48,5090,5092,5865,2,775
1684,2,48,4588,4590,5868,2,1280
1925,3,48,5245,5247,5871,2,626
2149,5,48,5856,5857,5874,1,18
2151,1,48,5862,5863,5877,1,15
1926,4,48,5248,5249,5880,1,632
1874,6,48,5107,5109,5883,2,776
1690,2,48,4605,4606,5886,1,1281
1931,3,48,5261,5263,5889,2,628
2155,5,48,5873,5875,5892,2,19
2157,1,48,5878,5879,5895,1,17
1932,4,48,5264,5266,5898,2,634
2161,5,48,5889,5890,5901,1,12
1696,2,48,4621,4622,5904,1,1283
1937,3,48,5278,5280,5907,2,629
1880,6,48,5123,5125,5910,2,787
2163,1,48,5895,5896,5913,1,18
1938,4,48,5281,5282,5916,1,635
2167,5,48,5906,5908,5919,2,13
1702,2,48,4638,4639,5922,1,1284
1943,3,48,5294,5296,5925,2,631
1886,6,48,5139,5140,5928,1,789
2169,1,48,5911,5912,5931,1,20
1944,4,48,5297,5299,5934,2,637
2173,5,48,5922,5923,5937,1,15
2175,1,48,5927,5928,5940,1,13
1949,3,48,5310,5311,5943,1,633
1892,6,48,5156,5158,5946,2,790
1708,2,48,4654,4655,5949,1,1295
1950,4,48,5313,5314,5952,1,639
2179,5,48,5938,5939,5955,1,17
2181,1,48,5944,5946,5958,2,14
1955,3,48,5327,5329,5961,2,634
1898,6,48,5172,5173,5964,1,792
1714,2,48,4670,4672,5967,2,1297
1956,4,48,5330,5331,5970,1,640
2185,5,48,5955,5956,5973,1,18
2187,1,48,5960,5962,5976,2,16
1961,3,48,5343,5344,5979,1,636
1904,6,48,5189,5191,5982,2,793
1720,2,48,4687,4688,5985,1,1298
1962,4,48,5346,5347,5988,1,642
2191,5,48,5971,5972,5991,1,20
2193,1,48,5976,5977,5994,1,18
1967,3,48,5360,5362,5997,2,637
2197,5,48,5987,5988,6000,1,13
1726,2,48,4703,4704,6003,1,1300
1968,4,48,5363,5364,6006,1,643
1910,6,48,5205,5206,6009,1,804
2199,1,48,5993,5995,6012,2,19
1973,3,48,5376,5377,6015,1,639
2203,5,48,6004,6005,6018,1,14
2205,1,48,6009,6010,6021,1,12
1974,4,48,5379,5380,6024,1,645
1916,6,48,5221,5222,6027,1,806
1732,2,48,4719,4720,6030,1,1311
1979,3,48,5392,5393,6033,1,641
2209,5,48,6020,6021,6036,1,16
2211,1,48,6025,6026,6039,1,14
1980,4,48,5395,5397,6042,2,647
1922,6,48,5238,5239,6045,1,807
1738,2,48,4736,4737,6048,1,1312
1985,3,48,5409,5411,6051,2,642
2215,5,48,6036,6037,6054,1,18
2217,1,48,6042,6043,6057,1,15
1986,4,48,5412,5413,6060,1,648
1928,6,48,5254,5256,6063,2,809
1744,2,48,4752,4753,6066,1,1314
1991,3,48,5425,5427,6069,2,644
2221,5,48,6053,6055,6072,2,19
2223,1,48,6058,6059,6075,1,17
1992,4,48,5428,5429,6078,1,650
2227,5,48,6069,6070,6081,1,12
1750,2,48,4768,4770,6084,2,1316
1997,3,48,5441,5443,6087,2,646
1934,6,48,5270,5272,6090,2,820
2229,1,48,6075,6076,6093,1,18
1998,4,48,5444,5446,6096,2,652
2233,5,48,6086,6088,6099,2,13
1756,2,48,4785,4786,6102,1,1317
2003,3,48,5458,5460,6105,2,647
1940,6,48,5287,5289,6108,2,821
2235,1,48,6091,6092,6111,1,20
2004,4,48,5461,5462,6114,1,653
2239,5,48,6102,6103,6117,1,15
2241,1,48,6107,6108,6120,1,13
2009,3,48,5474,5476,6123,2,649
1946,6,48,5303,5305,6126,2,823
1762,2,48,4801,4802,6129,1,1328
2010,4,48,5477,5479,6132,2,655
2245,5,48,6118,6119,6135,1,17
2247,1,48,6124,6126,6138,2,14
2015,3,48,5490,5491,6141,1,651
1952,6,48,5319,5320,6144,1,825
1768,2,48,4818,4819,6147,1,1329
2016,4,48,5493,5494,6150,1,657
2251,5,48,6135,6136,6153,1,18
2253,1,48,6140,6142,6156,2,16
2021,3,48,5507,5509,6159,2,652
1958,6,48,5336,5338,6162,2,826
1774,2,48,4834,4835,6165,1,1331
2022,4,48,5510,5511,6168,1,658
2257,5,48,6151,6152,6171,1,20
2259,1,48,6156,6157,6174,1,18
2027,3,48,5523,5524,6177,1,654
2263,5,48,6167,6168,6180,1,13
1780,2,48,4850,4852,6183,2,1333
2028,4,48,5526,5527,6186,1,660
1964,6,48,5352,5353,6189,1,837
2265,1,48,6173,6175,6192,2,19
2033,3,48,5540,5542,6195,2,655
2269,5,48,6184,6185,6198,1,14
2271,1,48,6189,6190,6201,1,12
2034,4,48,5543,5544,6204,1,661
1970,6,48,5369,5371,6207,2,838
1786,2,48,4867,4868,6210,1,1343
2039,3,48,5556,5557,6213,1,657
2275,5,48,6200,6201,6216,1,16
2277,1,48,6205,6206,6219,1,14
2040,4,48,5559,5560,6222,1,663
1976,6,48,5385,5386,6225,1,840
1792,2,48,4883,4884,6228,1,1345
2045,3,48,5572,5573,6231,1,659
2281,5,48,6216,6217,6234,1,18
2283,1,48,6222,6223,6237,1,15
2046,4,48,5575,5577,6240,2,665
1982,6,48,5401,5402,6243,1,842
1798,2,48,4899,4900,6246,1,1347
2051,3,48,5589,5591,6249,2,660
2287,5,48,6233,6235,6252,2,19
2289,1,48,6238,6239,6255,1,17
2052,4,48,5592,5593,6258,1,666
2293,5,48,6249,6250,6261,1,12
1804,2,48,4916,4917,6264,1,1348
2057,3,48,5605,5607,6267,2,662
1988,6,48,5418,5419,6270,1,852
2295,1,48,6255,6256,6273,1,18
2058,4,48,5608,5609,6276,1,668
2299,5,48,6266,6268,6279,2,13
1810,2,48,4932,4933,6282,1,1350
2063,3,48,5621,5623,6285,2,664
1994,6,48,5434,5436,6288,2,854
2301,1,48,6271,6272,6291,1,20
2064,4,48,5624,5626,6294,2,670
2305,5,48,6282,6283,6297,1,15
2307,1,48,6287,6288,6300,1,13
2069,3,48,5638,5640,6303,2,665
2000,6,48,5450,5452,6306,2,856
1816,2,48,4948,4950,6309,2,1361
2070,4,48,5641,5642,6312,1,671
2311,5,48,6298,6299,6315,1,17
2313,1,48,6304,6306,6318,2,14
2075,3,48,5654,5656,6321,2,667
2006,6,48,5467,5469,6324,2,857
1822,2,48,4965,4966,6327,1,1362
2076,4,48,5657,5659,6330,2,673
2317,5,48,6315,6316,6333,1,18
2319,1,48,6320,6322,6336,2,16
2081,3,48,5670,5671,6339,1,669
2012,6,48,5483,5485,6342,2,859
1828,2,48,4981,4982,6345,1,1364
2082,4,48,5673,5674,6348,1,675
2323,5,48,6331,6332,6351,1,20
2325,1,48,6336,6337,6354,1,18
2087,3,48,5687,5689,6357,2,670
2329,5,48,6347,6348,6360,1,13
1834,2,48,4998,4999,6363,1,1365
2088,4,48,5690,5691,6366,1,676
2018,6,48,5499,5500,6369,1,870
2331,1,48,6353,6355,6372,2,19
2093,3,48,5703,5704,6375,1,672
2335,5,48,6364,6365,6378,1,14
2337,1,48,6369,6370,6381,1,12
2094,4,48,5706,5707,6384,1,678
2024,6,48,5516,5518,6387,2,871
1840,2,48,5014,5015,6390,1,1376
2099,3,48,5720,5722,6393,2,673
2341,5,48,6380,6381,6396,1,16
2343,1,48,6385,6386,6399,1,14
2100,4,48,5723,5724,6402,1,679
2030,6,48,5532,5533,6405,1,873
1846,2,48,5030,5032,6408,2,1378
2105,3,48,5736,5737,6411,1,675
2347,5,48,6396,6397,6414,1,18
2349,1,48,6402,6403,6417,1,15
2106,4,48,5739,5740,6420,1,681
2036,6,48,5549,5551,6423,2,874
1852,2,48,5047,5048,6426,1,1379
2111,3,48,5752,5753,6429,1,677
2353,5,48,6413,6415,6432,2,19
2355,1,48,6418,6419,6435,1,17
2112,4,48,5755,5757,6438,2,683
2359,5,48,6429,6430,6441,1,12
1858,2,48,5063,5064,6444,1,1381
2117,3,48,5769,5771,6447,2,678
2042,6,48,5565,5566,6450,1,885
2361,1,48,6435,6436,6453,1,18
2118,4,48,5772,5773,6456,1,684
2365,5,48,6446,6448,6459,2,13
1864,2,48,5079,5080,6462,1,1383
2123,3,48,5785,5787,6465,2,680
2048,6,48,5581,5582,6468,1,887
2367,1,48,6451,6452,6471,1,20
2124,4,48,5788,5789,6474,1,686
2371,5,48,6462,6463,6477,1,15
2373,1,48,6467,6468,6480,1,13
2129,3,48,5801,5803,6483,2,682
2054,6,48,5598,5599,6486,1,888
1870,2,48,5096,5097,6489,1,1393
2130,4,48,5804,5806,6492,2,688
2377,5,48,6478,6479,6495,1,17
2379,1,48,6484,6486,6498,2,14
2135,3,48,5818,5820,6501,2,683
2060,6,48,5614,5616,6504,2,890
1876,2,48,5112,5113,6507,1,1395
2136,4,48,5821,5822,6510,1,689
2383,5,48,6495,6496,6513,1,18
2385,1,48,6500,6502,6516,2,16
2141,3,48,5834,5836,6519,2,685
2066,6,48,5630,5632,6522,2,892
1882,2,48,5128,5130,6525,2,1397
2142,4,48,5837,5839,6528,2,691
2389,5,48,6511,6512,6531,1,20
2391,1,48,6516,6517,6534,1,18
2147,3,48,5850,5851,6537,1,687
2395,5,48,6527,6528,6540,1,13
1888,2,48,5145,5146,6543,1,1398
2148,4,48,5853,5854,6546,1,693
2072,6,48,5647,5649,6549,2,902
2397,1,48,6533,6535,6552,2,19
2153,3,48,5867,5869,6555,2,688
2401,5,48,6544,6545,6558,1,14
2403,1,48,6549,6550,6561,1,12
2154,4,48,5870,5871,6564,1,694
2078,6,48,5663,5665,6567,2,904
1894,2,48,5161,5162,6570,1,1409
2159,3,48,5883,5884,6573,1,690
2407,5,48,6560,6561,6576,1,16
2409,1,48,6565,6566,6579,1,14
2160,4,48,5886,5887,6582,1,696
2084,6,48,5679,5680,6585,1,906
1900,2,48,5178,5179,6588,1,1410
2165,3,48,5900,5902,6591,2,691
2413,5,48,6576,6577,6594,1,18
2415,1,48,6582,6583,6597,1,15
2166,4,48,5903,5904,6600,1,697
2090,6,48,5696,5698,6603,2,907
1906,2,48,5194,5195,6606,1,1412
2171,3,48,5916,5917,6609,1,693
2419,5,48,6593,6595,6612,2,19
2421,1,48,6598,6599,6615,1,17
2172,4,48,5919,5920,6618,1,699
2425,5,48,6609,6610,6621,1,12
1912,2,48,5210,5212,6624,2,1414
2177,3,48,5932,5933,6627,1,695
2096,6,48,5712,5713,6630,1,918
2427,1,48,6615,6616,6633,1,18
2178,4,48,5935,5937,6636,2,701
2431,5,48,6626,6628,6639,2,13
1918,2,48,5227,5228,6642,1,1415
2183,3,48,5949,5951,6645,2,696
2102,6,48,5729,5731,6648,2,919
2433,1,48,6631,6632,6651,1,20
2184,4,48,5952,5953,6654,1,702
2437,5,48,6642,6643,6657,1,15
2439,1,48,6647,6648,6660,1,13
2189,3,48,5965,5967,6663,2,698
2108,6,48,5745,5746,6666,1,921
1924,2,48,5243,5244,6669,1,1426
2190,4,48,5968,5969,6672,1,704
2443,5,48,6658,6659,6675,1,17
2445,1,48,6664,6666,6678,2,14
2195,3,48,5981,5983,6681,2,700
2114,6,48,5761,5762,6684,1,923
1930,2,48,5259,5260,6687,1,1428
2196,4,48,5984,5986,6690,2,706
2449,5,48,6675,6676,6693,1,18
2451,1,48,6680,6682,6696,2,16
2201,3,48,5998,6000,6699,2,701
2120,6,48,5778,5779,6702,1,924
1936,2,48,5276,5277,6705,1,1429
2202,4,48,6001,6002,6708,1,707
2455,5,48,6691,6692,6711,1,20
2457,1,48,6696,6697,6714,1,18
2207,3,48,6014,6016,6717,2,703
2461,5,48,6707,6708,6720,1,13
1942,2,48,5292,5293,6723,1,1431
2208,4,48,6017,6019,6726,2,709
2126,6,48,5794,5796,6729,2,935
2463,1,48,6713,6715,6732,2,19
2213,3,48,6030,6031,6735,1,705
2467,5,48,6724,6725,6738,1,14
2469,1,48,6729,6730,6741,1,12
2214,4,48,6033,6034,6744,1,711
2132,6,48,5810,5812,6747,2,937
1948,2,48,5308,5310,6750,2,1442
2219,3,48,6047,6049,6753,2,706
2473,5,48,6740,6741,6756,1,16
2475,1,48,6745,6746,6759,1,14
2220,4,48,6050,6051,6762,1,712
2138,6,48,5827,5829,6765,2,938
1954,2,48,5325,5326,6768,1,1443
2225,3,48,6063,6064,6771,1,708
2479,5,48,6756,6757,6774,1,18
2481,1,48,6762,6763,6777,1,15
2226,4,48,6066,6067,6780,1,714
2144,6,48,5843,5845,6783,2,940
1960,2,48,5341,5342,6786,1,1445
2231,3,48,6080,6082,6789,2,709
2485,5,48,6773,6775,6792,2,19
2487,1,48,6778,6779,6795,1,17
2232,4,48,6083,6084,6798,1,715
2491,5,48,6789,6790,6801,1,12
1966,2,48,5358,5359,6804,1,1446
2237,3,48,6096,6097,6807,1,711
2150,6,48,5859,5860,6810,1,951
2493,1,48,6795,6796,6813,1,18
2238,4,48,6099,6100,6816,1,717
2497,5,48,6806,6808,6819,2,13
1972,2,48,5374,5375,6822,1,1448
2243,3,48,6112,6113,6825,1,713
2156,6,48,5876,5878,6828,2,952
2499,1,48,6811,6812,6831,1,20
2244,4,48,6115,6117,6834,2,719
2503,5,48,6822,6823,6837,1,15
2505,1,48,6827,6828,6840,1,13
2249,3,48,6129,6131,6843,2,714
2162,6,48,5892,5893,6846,1,954
1978,2,48,5390,5392,6849,2,1459
2250,4,48,6132,6133,6852,1,720
2509,5,48,6838,6839,6855,1,17
2511,1,48,6844,6846,6858,2,14
2255,3,48,6145,6147,6861,2,716
2168,6,48,5909,5911,6864,2,955
1984,2,48,5407,5408,6867,1,1460
2256,4,48,6148,6149,6870,1,722
2515,5,48,6855,6856,6873,1,18
2517,1,48,6860,6862,6876,2,16
2261,3,48,6161,6163,6879,2,718
2174,6,48,5925,5926,6882,1,957
1990,2,48,5423,5424,6885,1,1462
2262,4,48,6164,6166,6888,2,724
2521,5,48,6871,6872,6891,1,20
2523,1,48,6876,6877,6894,1,18
2267,3,48,6178,6180,6897,2,719
2527,5,48,6887,6888,6900,1,13
1996,2,48,5439,5440,6903,1,1464
2268,4,48,6181,6182,6906,1,725
2180,6,48,5941,5942,6909,1,968
2529,1,48,6893,6895,6912,2,19
2273,3,48,6194,6196,6915,2,721
2533,5,48,6904,6905,6918,1,14
2535,1,48,6909,6910,6921,1,12
2274,4,48,6197,6199,6924,2,727
2186,6,48,5958,5959,6927,1,969
2002,2,48,5456,5457,6930,1,1474
2279,3,48,6210,6211,6933,1,723
2539,5,48,6920,6921,6936,1,16
2541,1,48,6925,6926,6939,1,14
2280,4,48,6213,6214,6942,1,729
2192,6,48,5974,5976,6945,2,971
2008,2,48,5472,5473,6948,1,1476
2285,3,48,6227,6229,6951,2,724
2545,5,48,6936,6937,6954,1,18
2547,1,48,6942,6943,6957,1,15
2286,4,48,6230,6231,6960,1,730
2198,6,48,5990,5992,6963,2,973
2014,2,48,5488,5490,6966,2,1478
2291,3,48,6243,6244,6969,1,726
2551,5,48,6953,6955,6972,2,19
2553,1,48,6958,6959,6975,1,17
2292,4,48,6246,6247,6978,1,732
2557,5,48,6969,6970,6981,1,12
2020,2,48,5505,5506,6984,1,1479
2297,3,48,6260,6262,6987,2,727
2204,6,48,6007,6009,6990,2,983
2559,1,48,6975,6976,6993,1,18
2298,4,48,6263,6264,6996,1,733
2563,5,48,6986,6988,6999,2,13
2026,2,48,5521,5522,7002,1,1481
2303,3,48,6276,6277,7005,1,729
2210,6,48,6023,6025,7008,2,985
2565,1,48,6991,6992,7011,1,20
2304,4,48,6279,6280,7014,1,735
2569,5,48,7002,7003,7017,1,15
2571,1,48,7007,7008,7020,1,13
2309,3,48,6292,6293,7023,1,731
2216,6,48,6039,6040,7026,1,987
2032,2,48,5538,5539,7029,1,1491
2310,4,48,6295,6297,7032,2,737
2575,5,48,7018,7019,7035,1,17
2577,1,48,7024,7026,7038,2,14
2315,3,48,6309,6311,7041,2,732
2222,6,48,6056,6058,7044,2,988
2038,2,48,5554,5555,7047,1,1493
2316,4,48,6312,6313,7050,1,738
2581,5,48,7035,7036,7053,1,18
2583,1,48,7040,7042,7056,2,16
2321,3,48,6325,6327,7059,2,734
2228,6,48,6072,6073,7062,1,990
2044,2,48,5570,5572,7065,2,1495
2322,4,48,6328,6329,7068,1,740
2587,5,48,7051,7052,7071,1,20
2589,1,48,7056,7057,7074,1,18
2327,3,48,6341,6343,7077,2,736
2593,5,48,7067,7068,7080,1,13
2050,2,48,5587,5588,7083,1,1496
2328,4,48,6344,6346,7086,2,742
2234,6,48,6089,6091,7089,2,1000
2595,1,48,7073,7075,7092,2,19
2333,3,48,6358,6360,7095,2,737
2599,5,48,7084,7085,7098,1,14
2601,1,48,7089,7090,7101,1,12
2334,4,48,6361,6362,7104,1,743
2240,6,48,6105,6106,7107,1,1002
2056,2,48,5603,5604,7110,1,1507
2339,3,48,6374,6376,7113,2,739
2605,5,48,7100,7101,7116,1,16
2607,1,48,7105,7106,7119,1,14
2340,4,48,6377,6379,7122,2,745
2246,6,48,6121,6122,7125,1,1004
2062,2,48,5619,5620,7128,1,1509
2345,3,48,6390,6391,7131,1,741
2611,5,48,7116,7117,7134,1,18
2613,1,48,7122,7123,7137,1,15
2346,4,48,6393,6394,7140,1,747
2252,6,48,6138,6139,7143,1,1005
2068,2,48,5636,5637,7146,1,1510
2351,3,48,6407,6409,7149,2,742
2617,5,48,7133,7135,7152,2,19
2619,1,48,7138,7139,7155,1,17
2352,4,48,6410,6411,7158,1,748
2623,5,48,7149,7150,7161,1,12
2074,2,48,5652,5653,7164,1,1512
2357,3,48,6423,6424,7167,1,744
2258,6,48,6154,6156,7170,2,1016
2625,1,48,7155,7156,7173,1,18
2358,4,48,6426,6427,7176,1,750
2629,5,48,7166,7168,7179,2,13
2080,2,48,5668,5670,7182,2,1514
2363,3,48,6440,6442,7185,2,745
2264,6,48,6170,6172,7188,2,1018
2631,1,48,7171,7172,7191,1,20
2364,4,48,6443,6444,7194,1,751
2635,5,48,7182,7183,7197,1,15
2637,1,48,7187,7188,7200,1,13
2369,3,48,6456,6457,7203,1,747
2270,6,48,6187,6189,7206,2,1019
2086,2,48,5685,5686,7209,1,1524
2370,4,48,6459,6460,7212,1,753
2641,5,48,7198,7199,7215,1,17
2643,1,48,7204,7206,7218,2,14
2375,3,48,6472,6473,7221,1,749
2276,6,48,6203,6205,7224,2,1021
2092,2,48,5701,5702,7227,1,1526
2376,4,48,6475,6477,7230,2,755
2647,5,48,7215,7216,7233,1,18
2649,1,48,7220,7222,7236,2,16
2381,3,48,6489,6491,7239,2,750
2282,6,48,6219,6220,7242,1,1023
2098,2,48,5718,5719,7245,1,1527
2382,4,48,6492,6493,7248,1,756
2653,5,48,7231,7232,7251,1,20
2655,1,48,7236,7237,7254,1,18
2387,3,48,6505,6507,7257,2,752
2659,5,48,7247,7248,7260,1,13
2104,2,48,5734,5735,7263,1,1529
2388,4,48,6508,6509,7266,1,758
2288,6,48,6236,6238,7269,2,1033
2661,1,48,7253,7255,7272,2,19
2393,3,48,6521,6523,7275,2,754
2665,5,48,7264,7265,7278,1,14
2667,1,48,7269,7270,7281,1,12
2394,4,48,6524,6526,7284,2,760
2294,6,48,6252,6253,7287,1,1035
2110,2,48,5750,5752,7290,2,1540
2399,3,48,6538,6540,7293,2,755
2671,5,48,7280,7281,7296,1,16
2673,1,48,7285,7286,7299,1,14
2400,4,48,6541,6542,7302,1,761
2300,6,48,6269,6271,7305,2,1036
2116,2,48,5767,5768,7308,1,1541
2405,3,48,6554,6556,7311,2,757
2677,5,48,7296,7297,7314,1,18
2679,1,48,7302,7303,7317,1,15
2406,4,48,6557,6559,7320,2,763
2306,6,48,6285,6286,7323,1,1038
2122,2,48,5783,5784,7326,1,1543
2411,3,48,6570,6571,7329,1,759
2683,5,48,7313,7315,7332,2,19
2685,1,48,7318,7319,7335,1,17
2412,4,48,6573,6574,7338,1,765
2689,5,48,7329,7330,7341,1,12
2128,2,48,5799,5800,7344,1,1545
2417,3,48,6587,6589,7347,2,760
2312,6,48,6301,6302,7350,1,1049
2691,1,48,7335,7336,7353,1,18
2418,4,48,6590,6591,7356,1,766
2695,5,48,7346,7348,7359,2,13
2134,2,48,5816,5817,7362,1,1546
2423,3,48,6603,6604,7365,1,762
2318,6,48,6318,6319,7368,1,1050
2697,1,48,7351,7352,7371,1,20
2424,4,48,6606,6607,7374,1,768
2701,5,48,7362,7363,7377,1,15
2703,1,48,7367,7368,7380,1,13
2429,3,48,6620,6622,7383,2,763
2324,6,48,6334,6336,7386,2,1052
2140,2,48,5832,5833,7389,1,1557
2430,4,48,6623,6624,7392,1,769
2707,5,48,7378,7379,7395,1,17
2709,1,48,7384,7386,7398,2,14
2435,3,48,6636,6637,7401,1,765
2330,6,48,6350,6352,7404,2,1054
2146,2,48,5848,5850,7407,2,1559
2436,4,48,6639,6640,7410,1,771
2713,5,48,7395,7396,7413,1,18
2715,1,48,7400,7402,7416,2,16
2441,3,48,6652,6653,7419,1,767
2336,6,48,6367,6369,7422,2,1055
2152,2,48,5865,5866,7425,1,1560
2442,4,48,6655,6657,7428,2,773
2719,5,48,7411,7412,7431,1,20
2721,1,48,7416,7417,7434,1,18
2447,3,48,6669,6671,7437,2,768
2725,5,48,7427,7428,7440,1,13
2158,2,48,5881,5882,7443,1,1562
2448,4,48,6672,6673,7446,1,774
2342,6,48,6383,6385,7449,2,1066
2727,1,48,7433,7435,7452,2,19
2453,3,48,6685,6687,7455,2,770
2731,5,48,7444,7445,7458,1,14
2733,1,48,7449,7450,7461,1,12
2454,4,48,6688,6689,7464,1,776
2348,6,48,6399,6400,7467,1,1068
2164,2,48,5898,5899,7470,1,1572
2459,3,48,6701,6703,7473,2,772
2737,5,48,7460,7461,7476,1,16
2739,1,48,7465,7466,7479,1,14
2460,4,48,6704,6706,7482,2,778
2354,6,48,6416,6418,7485,2,1069
2170,2,48,5914,5915,7488,1,1574
2465,3,48,6718,6720,7491,2,773
2743,5,48,7476,7477,7494,1,18
2745,1,48,7482,7483,7497,1,15
2466,4,48,6721,6722,7500,1,779
2360,6,48,6432,6433,7503,1,1071
2176,2,48,5930,5932,7506,2,1576
2471,3,48,6734,6736,7509,2,775
2749,5,48,7493,7495,7512,2,19
2751,1,48,7498,7499,7515,1,17
2472,4,48,6737,6739,7518,2,781
2755,5,48,7509,7510,7521,1,12
2182,2,48,5947,5948,7524,1,1577
2477,3,48,6750,6751,7527,1,777
2366,6,48,6449,6451,7530,2,1081
2757,1,48,7515,7516,7533,1,18
2478,4,48,6753,6754,7536,1,783
2761,5,48,7526,7528,7539,2,13
2188,2,48,5963,5964,7542,1,1579
2483,3,48,6767,6769,7545,2,778
2372,6,48,6465,6466,7548,1,1083
2763,1,48,7531,7532,7551,1,20
2484,4,48,6770,6771,7554,1,784
2767,5,48,7542,7543,7557,1,15
2769,1,48,7547,7548,7560,1,13
2489,3,48,6783,6784,7563,1,780
2378,6,48,6481,6482,7566,1,1085
2194,2,48,5979,5980,7569,1,1590
2490,4,48,6786,6787,7572,1,786
2773,5,48,7558,7559,7575,1,17
2775,1,48,7564,7566,7578,2,14
2495,3,48,6800,6802,7581,2,781
2384,6,48,6498,6499,7584,1,1086
2200,2,48,5996,5997,7587,1,1591
2496,4,48,6803,6804,7590,1,787
2779,5,48,7575,7576,7593,1,18
2781,1,48,7580,7582,7596,2,16
2501,3,48,6816,6817,7599,1,783
2390,6,48,6514,6516,7602,2,1088
2206,2,48,6012,6013,7605,1,1593
2502,4,48,6819,6820,7608,1,789
2785,5,48,7591,7592,7611,1,20
2787,1,48,7596,7597,7614,1,18
2507,3,48,6832,6833,7617,1,785
2791,5,48,7607,7608,7620,1,13
2212,2,48,6028,6030,7623,2,1595
2508,4,48,6835,6837,7626,2,791
2396,6,48,6530,6532,7629,2,1099
2793,1,48,7613,7615,7632,2,19
2513,3,48,6849,6851,7635,2,786
2797,5,48,7624,7625,7638,1,14
2799,1,48,7629,7630,7641,1,12
2514,4,48,6852,6853,7644,1,792
2402,6,48,6547,6549,7647,2,1100
2218,2,48,6045,6046,7650,1,1605
2519,3,48,6865,6867,7653,2,788
2803,5,48,7640,7641,7656,1,16
2805,1,48,7645,7646,7659,1,14
2520,4,48,6868,6869,7662,1,794
2408,6,48,6563,6565,7665,2,1102
2224,2,48,6061,6062,7668,1,1607
2525,3,48,6881,6883,7671,2,790
2809,5,48,7656,7657,7674,1,18
2811,1,48,7662,7663,7677,1,15
2526,4,48,6884,6886,7680,2,796
2414,6,48,6579,6580,7683,1,1104
2230,2,48,6078,6079,7686,1,1608
2531,3,48,6898,6900,7689,2,791
2815,5,48,7673,7675,7692,2,19
2817,1,48,7678,7679,7695,1,17
2532,4,48,6901,6902,7698,1,797
2821,5,48,7689,7690,7701,1,12
2236,2,48,6094,6095,7704,1,1610
2537,3,48,6914,6916,7707,2,793
2420,6,48,6596,6598,7710,2,1114
2823,1,48,7695,7696,7713,1,18
2538,4,48,6917,6919,7716,2,799
2827,5,48,7706,7708,7719,2,13
2242,2,48,6110,6112,7722,2,1612
2543,3,48,6930,6931,7725,1,795
2426,6,48,6612,6613,7728,1,1116
2829,1,48,7711,7712,7731,1,20
2544,4,48,6933,6934,7734,1,801
2833,5,48,7722,7723,7737,1,15
2835,1,48,7727,7728,7740,1,13
2549,3,48,6947,6949,7743,2,796
2432,6,48,6629,6631,7746,2,1117
2248,2,48,6127,6128,7749,1,1622
2550,4,48,6950,6951,7752,1,802
2839,5,48,7738,7739,7755,1,17
2841,1,48,7744,7746,7758,2,14
2555,3,48,6963,6964,7761,1,798
2438,6,48,6645,6646,7764,1,1119
2254,2,48,6143,6144,7767,1,1624
2556,4,48,6966,6967,7770,1,804
2845,5,48,7755,7756,7773,1,18
2847,1,48,7760,7762,7776,2,16
2561,3,48,6980,6982,7779,2,799
2444,6,48,6661,6662,7782,1,1121
2260,2,48,6159,6160,7785,1,1626
2562,4,48,6983,6984,7788,1,805
2851,5,48,7771,7772,7791,1,20
2853,1,48,7776,7777,7794,1,18
2567,3,48,6996,6997,7797,1,801
2857,5,48,7787,7788,7800,1,13
2266,2,48,6176,6177,7803,1,1627
2568,4,48,6999,7000,7806,1,807
2450,6,48,6678,6679,7809,1,1131
2859,1,48,7793,7795,7812,2,19
2573,3,48,7012,7013,7815,1,803
2863,5,48,7804,7805,7818,1,14
2865,1,48,7809,7810,7821,1,12
2574,4,48,7015,7017,7824,2,809
2456,6,48,6694,6696,7827,2,1133
2272,2,48,6192,6193,7830,1,1638
2579,3,48,7029,7031,7833,2,804
2869,5,48,7820,7821,7836,1,16
2871,1,48,7825,7826,7839,1,14
2580,4,48,7032,7033,7842,1,810
2462,6,48,6710,6712,7845,2,1135
2278,2,48,6208,6210,7848,2,1640
2585,3,48,7045,7047,7851,2,806
2875,5,48,7836,7837,7854,1,18
2877,1,48,7842,7843,7857,1,15
2586,4,48,7048,7049,7860,1,812
2468,6,48,6727,6729,7863,2,1136
2284,2,48,6225,6226,7866,1,1641
2591,3,48,7061,7063,7869,2,808
2881,5,48,7853,7855,7872,2,19
2883,1,48,7858,7859,7875,1,17
2592,4,48,7064,7066,7878,2,814
2887,5,48,7869,7870,7881,1,12
2290,2,48,6241,6242,7884,1,1643
2597,3,48,7078,7080,7887,2,809
2474,6,48,6743,6745,7890,2,1147
2889,1,48,7875,7876,7893,1,18
2598,4,48,7081,7082,7896,1,815
2893,5,48,7886,7888,7899,2,13
2296,2,48,6258,6259,7902,1,1644
2603,3,48,7094,7096,7905,2,811
2480,6,48,6759,6760,7908,1,1149
2895,1,48,7891,7892,7911,1,20
2604,4,48,7097,7099,7914,2,817
2899,5,48,7902,7903,7917,1,15
2901,1,48,7907,7908,7920,1,13
2609,3,48,7110,7111,7923,1,813
2486,6,48,6776,6778,7926,2,1150
2302,2,48,6274,6275,7929,1,1655
2610,4,48,7113,7114,7932,1,819
2905,5,48,7918,7919,7935,1,17
2907,1,48,7924,7926,7938,2,14
2615,3,48,7127,7129,7941,2,814
2492,6,48,6792,6793,7944,1,1152
2308,2,48,6290,6292,7947,2,1657
2616,4,48,7130,7131,7950,1,820
2911,5,48,7935,7936,7953,1,18
2913,1,48,7940,7942,7956,2,16
2621,3,48,7143,7144,7959,1,816
2498,6,48,6809,6811,7962,2,1153
2314,2,48,6307,6308,7965,1,1658
2622,4,48,7146,7147,7968,1,822
2917,5,48,7951,7952,7971,1,20
2919,1,48,7956,7957,7974,1,18
2627,3,48,7160,7162,7977,2,817
2923,5,48,7967,7968,7980,1,13
2320,2,48,6323,6324,7983,1,1660
2628,4,48,7163,7164,7986,1,823
2504,6,48,6825,6826,7989,1,1164
2925,1,48,7973,7975,7992,2,19
2633,3,48,7176,7177,7995,1,819
2929,5,48,7984,7985,7998,1,14
2931,1,48,7989,7990,8001,1,12
2634,4,48,7179,7180,8004,1,825
2510,6,48,6841,6842,8007,1,1166
2326,2,48,6339,6340,8010,1,1671
2639,3,48,7192,7193,8013,1,821
2935,5,48,8000,8001,8016,1,16
2937,1,48,8005,8006,8019,1,14
2640,4,48,7195,7197,8022,2,827
2516,6,48,6858,6859,8025,1,1167
2332,2,48,6356,6357,8028,1,1672
2645,3,48,7209,7211,8031,2,822
2941,5,48,8016,8017,8034,1,18
2943,1,48,8022,8023,8037,1,15
2646,4,48,7212,7213,8040,1,828
2522,6,48,6874,6876,8043,2,1169
2338,2,48,6372,6373,8046,1,1674
2651,3,48,7225,7227,8049,2,824
2947,5,48,8033,8035,8052,2,19
2949,1,48,8038,8039,8055,1,17
2652,4,48,7228,7229,8058,1,830
2953,5,48,8049,8050,8061,1,12
2344,2,48,6388,6390,8064,2,1676
2657,3,48,7241,7243,8067,2,826
2528,6,48,6890,6892,8070,2,1180
2955,1,48,8055,8056,8073,1,18
2658,4,48,7244,7246,8076,2,832
2959,5,48,8066,8068,8079,2,13
2350,2,48,6405,6406,8082,1,1677
2663,3,48,7258,7260,8085,2,827
2534,6,48,6907,6909,8088,2,1181
2961,1,48,8071,8072,8091,1,20
2664,4,48,7261,7262,8094,1,833
2965,5,48,8082,8083,8097,1,15
2967,1,48,8087,8088,8100,1,13
2669,3,48,7274,7276,8103,2,829
2540,6,48,6923,6925,8106,2,1183
2356,2,48,6421,6422,8109,1,1688
2670,4,48,7277,7279,8112,2,835
2971,5,48,8098,8099,8115,1,17
2973,1,48,8104,8106,8118,2,14
2675,3,48,7290,7291,8121,1,831
2546,6,48,6939,6940,8124,1,1185
2362,2,48,6438,6439,8127,1,1689
2676,4,48,7293,7294,8130,1,837
2977,5,48,8115,8116,8133,1,18
2979,1,48,8120,8122,8136,2,16
2681,3,48,7307,7309,8139,2,832
2552,6,48,6956,6958,8142,2,1186
2368,2,48,6454,6455,8145,1,1691
2682,4,48,7310,7311,8148,1,838
2983,5,48,8131,8132,8151,1,20
2985,1,48,8136,8137,8154,1,18
2687,3,48,7323,7324,8157,1,834
2989,5,48,8147,8148,8160,1,13
2374,2,48,6470,6472,8163,2,1693
2688,4,48,7326,7327,8166,1,840
2558,6,48,6972,6973,8169,1,1197
2991,1,48,8153,8155,8172,2,19
2693,3,48,7340,7342,8175,2,835
2995,5,48,8164,8165,8178,1,14
2997,1,48,8169,8170,8181,1,12
2694,4,48,7343,7344,8184,1,841
2564,6,48,6989,6991,8187,2,1198
2380,2,48,6487,6488,8190,1,1703
2699,3,48,7356,7357,8193,1,837
3001,5,48,8180,8181,8196,1,16
3003,1,48,8185,8186,8199,1,14
2700,4,48,7359,7360,8202,1,843
2570,6,48,7005,7006,8205,1,1200
2386,2,48,6503,6504,8208,1,1705
2705,3,48,7372,7373,8211,1,839
3007,5,48,8196,8197,8214,1,18
3009,1,48,8202,8203,8217,1,15
2706,4,48,7375,7377,8220,2,845
2576,6,48,7021,7022,8223,1,1202
2392,2,48,6519,6520,8226,1,1707
2711,3,48,7389,7391,8229,2,840
3013,5,48,8213,8215,8232,2,19
3015,1,48,8218,8219,8235,1,17
2712,4,48,7392,7393,8238,1,846
3019,5,48,8229,8230,8241,1,12
2398,2,48,6536,6537,8244,1,1708
2717,3,48,7405,7407,8247,2,842
2582,6,48,7038,7039,8250,1,1212
3021,1,48,8235,8236,8253,1,18
2718,4,48,7408,7409,8256,1,848
3025,5,48,8246,8248,8259,2,13
2404,2,48,6552,6553,8262,1,1710
2723,3,48,7421,7423,8265,2,844
2588,6,48,7054,7056,8268,2,1214
3027,1,48,8251,8252,8271,1,20
2724,4,48,7424,7426,8274,2,850
3031,5,48,8262,8263,8277,1,15
3033,1,48,8267,8268,8280,1,13
2729,3,48,7438,7440,8283,2,845
2594,6,48,7070,7072,8286,2,1216
2410,2,48,6568,6570,8289,2,1721
2730,4,48,7441,7442,8292,1,851
3037,5,48,8278,8279,8295,1,17
3039,1,48,8284,8286,8298,2,14
2735,3,48,7454,7456,8301,2,847
2600,6,48,7087,7089,8304,2,1217
2416,2,48,6585,6586,8307,1,1722
2736,4,48,7457,7459,8310,2,853
3043,5,48,8295,8296,8313,1,18
3045,1,48,8300,8302,8316,2,16
2741,3,48,7470,7471,8319,1,849
2606,6,48,7103,7105,8322,2,1219
2422,2,48,6601,6602,8325,1,1724
2742,4,48,7473,7474,8328,1,855
3049,5,48,8311,8312,8331,1,20
3051,1,48,8316,8317,8334,1,18
2747,3,48,7487,7489,8337,2,850
3055,5,48,8327,8328,8340,1,13
2428,2,48,6618,6619,8343,1,1725
2748,4,48,7490,7491,8346,1,856
2612,6,48,7119,7120,8349,1,1230
3057,1,48,8333,8335,8352,2,19
2753,3,48,7503,7504,8355,1,852
3061,5,48,8344,8345,8358,1,14
3063,1,48,8349,8350,8361,1,12
2754,4,48,7506,7507,8364,1,858
2618,6,48,7136,7138,8367,2,1231
2434,2,48,6634,6635,8370,1,1736
2759,3,48,7520,7522,8373,2,853
3067,5,48,8360,8361,8376,1,16
3069,1,48,8365,8366,8379,1,14
2760,4,48,7523,7524,8382,1,859
2624,6,48,7152,7153,8385,1,1233
2440,2,48,6650,6652,8388,2,1738
2765,3,48,7536,7537,8391,1,855
3073,5,48,8376,8377,8394,1,18
3075,1,48,8382,8383,8397,1,15
2766,4,48,7539,7540,8400,1,861
2630,6,48,7169,7171,8403,2,1234
2446,2,48,6667,6668,8406,1,1739
2771,3,48,7552,7553,8409,1,857
3079,5,48,8393,8395,8412,2,19
3081,1,48,8398,8399,8415,1,17
2772,4,48,7555,7557,8418,2,863
3085,5,48,8409,8410,8421,1,12
2452,2,48,6683,6684,8424,1,1741
2777,3,48,7569,7571,8427,2,858
2636,6,48,7185,7186,8430,1,1245
3087,1,48,8415,8416,8433,1,18
2778,4,48,7572,7573,8436,1,864
3091,5,48,8426,8428,8439,2,13
2458,2,48,6699,6700,8442,1,1743
2783,3,48,7585,7587,8445,2,860
2642,6,48,7201,7202,8448,1,1247
3093,1,48,8431,8432,8451,1,20
2784,4,48,7588,7589,8454,1,866
3097,5,48,8442,8443,8457,1,15
3099,1,48,8447,8448,8460,1,13
2789,3,48,7601,7603,8463,2,862
2648,6,48,7218,7219,8466,1,1248
2464,2,48,6716,6717,8469,1,1753
2790,4,48,7604,7606,8472,2,868
3103,5,48,8458,8459,8475,1,17
3105,1,48,8464,8466,8478,2,14
2795,3,48,7618,7620,8481,2,863
2654,6,48,7234,7236,8484,2,1250
2470,2,48,6732,6733,8487,1,1755
2796,4,48,7621,7622,8490,1,869
3109,5,48,8475,8476,8493,1,18
3111,1,48,8480,8482,8496,2,16
2801,3,48,7634,7636,8499,2,865
2660,6,48,7250,7252,8502,2,1252
2476,2,48,6748,6750,8505,2,1757
2802,4,48,7637,7639,8508,2,871
3115,5,48,8491,8492,8511,1,20
3117,1,48,8496,8497,8514,1,18
2807,3,48,7650,7651,8517,1,867
3121,5,48,8507,8508,8520,1,13
2482,2,48,6765,6766,8523,1,1758
2808,4,48,7653,7654,8526,1,873
2666,6,48,7267,7269,8529,2,1262
3123,1,48,8513,8515,8532,2,19
2813,3,48,7667,7669,8535,2,868
3127,5,48,8524,8525,8538,1,14
3129,1,48,8529,8530,8541,1,12
2814,4,48,7670,7671,8544,1,874
2672,6,48,7283,7285,8547,2,1264
2488,2,48,6781,6782,8550,1,1769
2819,3,48,7683,7684,8553,1,870
3133,5,48,8540,8541,8556,1,16
3135,1,48,8545,8546,8559,1,14
2820,4,48,7686,7687,8562,1,876
2678,6,48,7299,7300,8565,1,1266
2494,2,48,6798,6799,8568,1,1770
2825,3,48,7700,7702,8571,2,871
3139,5,48,8556,8557,8574,1,18
3141,1,48,8562,8563,8577,1,15
2826,4,48,7703,7704,8580,1,877
2684,6,48,7316,7318,8583,2,1267
2500,2,48,6814,6815,8586,1,1772
2831,3,48,7716,7717,8589,1,873
3145,5,48,8573,8575,8592,2,19
3147,1,48,8578,8579,8595,1,17
2832,4,48,7719,7720,8598,1,879
3151,5,48,8589,8590,8601,1,12
2506,2,48,6830,6832,8604,2,1774
2837,3,48,7732,7733,8607,1,875
2690,6,48,7332,7333,8610,1,1278
3153,1,48,8595,8596,8613,1,18
2838,4,48,7735,7737,8616,2,881
3157,5,48,8606,8608,8619,2,13
2512,2,48,6847,6848,8622,1,1775
2843,3,48,7749,7751,8625,2,876
2696,6,48,7349,7351,8628,2,1279
3159,1,48,8611,8612,8631,1,20
2844,4,48,7752,7753,8634,1,882
3163,5,48,8622,8623,8637,1,15
3165,1,48,8627,8628,8640,1,13
2849,3,48,7765,7767,8643,2,878
2702,6,48,7365,7366,8646,1,1281
2518,2,48,6863,6864,8649,1,1786
2850,4,48,7768,7769,8652,1,884
3169,5,48,8638,8639,8655,1,17
3171,1,48,8644,8646,8658,2,14
2855,3,48,7781,7783,8661,2,880
2708,6,48,7381,7382,8664,1,1283
2524,2,48,6879,6880,8667,1,1788
2856,4,48,7784,7786,8670,2,886
3175,5,48,8655,8656,8673,1,18
3177,1,48,8660,8662,8676,2,16
2861,3,48,7798,7800,8679,2,881
2714,6,48,7398,7399,8682,1,1284
2530,2,48,6896,6897,8685,1,1789
2862,4,48,7801,7802,8688,1,887
3181,5,48,8671,8672,8691,1,20
3183,1,48,8676,8677,8694,1,18
2867,3,48,7814,7816,8697,2,883
3187,5,48,8687,8688,8700,1,13
2536,2,48,6912,6913,8703,1,1791
2868,4,48,7817,7819,8706,2,889
2720,6,48,7414,7416,8709,2,1295
3189,1,48,8693,8695,8712,2,19
2873,3,48,7830,7831,8715,1,885
3193,5,48,8704,8705,8718,1,14
3195,1,48,8709,8710,8721,1,12
2874,4,48,7833,7834,8724,1,891
2726,6,48,7430,7432,8727,2,1297
2542,2,48,6928,6930,8730,2,1802
2879,3,48,7847,7849,8733,2,886
3199,5,48,8720,8721,8736,1,16
3201,1,48,8725,8726,8739,1,14
2880,4,48,7850,7851,8742,1,892
2732,6,48,7447,7449,8745,2,1298
2548,2,48,6945,6946,8748,1,1803
2885,3,48,7863,7864,8751,1,888
3205,5,48,8736,8737,8754,1,18
3207,1,48,8742,8743,8757,1,15
2886,4,48,7866,7867,8760,1,894
2738,6,48,7463,7465,8763,2,1300
2554,2,48,6961,6962,8766,1,1805
2891,3,48,7880,7882,8769,2,889
3211,5,48,8753,8755,8772,2,19
3213,1,48,8758,8759,8775,1,17
2892,4,48,7883,7884,8778,1,895
3217,5,48,8769,8770,8781,1,12
2560,2,48,6978,6979,8784,1,1806
2897,3,48,7896,7897,8787,1,891
2744,6,48,7479,7480,8790,1,1311
3219,1,48,8775,8776,8793,1,18
2898,4,48,7899,7900,8796,1,897
3223,5,48,8786,8788,8799,2,13
2566,2,48,6994,6995,8802,1,1808
2903,3,48,7912,7913,8805,1,893
2750,6,48,7496,7498,8808,2,1312
3225,1,48,8791,8792,8811,1,20
2904,4,48,7915,7917,8814,2,899
3229,5,48,8802,8803,8817,1,15
3231,1,48,8807,8808,8820,1,13
2909,3,48,7929,7931,8823,2,894
2756,6,48,7512,7513,8826,1,1314
2572,2,48,7010,7012,8829,2,1819
2910,4,48,7932,7933,8832,1,900
3235,5,48,8818,8819,8835,1,17
3237,1,48,8824,8826,8838,2,14
2915,3,48,7945,7947,8841,2,896
2762,6,48,7529,7531,8844,2,1315
2578,2,48,7027,7028,8847,1,1820
2916,4,48,7948,7949,8850,1,902
3241,5,48,8835,8836,8853,1,18
3243,1,48,8840,8842,8856,2,16
2921,3,48,7961,7963,8859,2,898
2768,6,48,7545,7546,8862,1,1317
2584,2,48,7043,7044,8865,1,1822
2922,4,48,7964,7966,8868,2,904
3247,5,48,8851,8852,8871,1,20
3249,1,48,8856,8857,8874,1,18
2927,3,48,7978,7980,8877,2,899
3253,5,48,8867,8868,8880,1,13
2590,2,48,7059,7060,8883,1,1824
2928,4,48,7981,7982,8886,1,905
2774,6,48,7561,7562,8889,1,1328
3255,1,48,8873,8875,8892,2,19
2933,3,48,7994,7996,8895,2,901
3259,5,48,8884,8885,8898,1,14
3261,1,48,8889,8890,8901,1,12
2934,4,48,7997,7999,8904,2,907
2780,6,48,7578,7579,8907,1,1329
2596,2,48,7076,7077,8910,1,1834
2939,3,48,8010,8011,8913,1,903
3265,5,48,8900,8901,8916,1,16
3267,1,48,8905,8906,8919,1,14
2940,4,48,8013,8014,8922,1,909
2786,6,48,7594,7596,8925,2,1331
2602,2,48,7092,7093,8928,1,1836
2945,3,48,8027,8029,8931,2,904
3271,5,48,8916,8917,8934,1,18
3273,1,48,8922,8923,8937,1,15
2946,4,48,8030,8031,8940,1,910
2792,6,48,7610,7612,8943,2,1333
2608,2,48,7108,7110,8946,2,1838
2951,3,48,8043,8044,8949,1,906
3277,5,48,8933,8935,8952,2,19
3279,1,48,8938,8939,8955,1,17
2952,4,48,8046,8047,8958,1,912
3283,5,48,8949,8950,8961,1,12
2614,2,48,7125,7126,8964,1,1839
2957,3,48,8060,8062,8967,2,907
2798,6,48,7627,7629,8970,2,1343
3285,1,48,8955,8956,8973,1,18
2958,4,48,8063,8064,8976,1,913
3289,5,48,8966,8968,8979,2,13
2620,2,48,7141,7142,8982,1,1841
2963,3,48,8076,8077,8985,1,909
2804,6,48,7643,7645,8988,2,1345
3291,1,48,8971,8972,8991,1,20
2964,4,48,8079,8080,8994,1,915
3295,5,48,8982,8983,8997,1,15
3297,1,48,8987,8988,9000,1,13
2969,3,48,8092,8093,9003,1,911
2810,6,48,7659,7660,9006,1,1347
2626,2,48,7158,7159,9009,1,1851
2970,4,48,8095,8097,9012,2,917
3301,5,48,8998,8999,9015,1,17
3303,1,48,9004,9006,9018,2,14
2975,3,48,8109,8111,9021,2,912
2816,6,48,7676,7678,9024,2,1348
2632,2,48,7174,7175,9027,1,1853
2976,4,48,8112,8113,9030,1,918
3307,5,48,9015,9016,9033,1,18
3309,1,48,9020,9022,9036,2,16
2981,3,48,8125,8127,9039,2,914
2822,6,48,7692,7693,9042,1,1350
2638,2,48,7190,7192,9045,2,1855
2982,4,48,8128,8129,9048,1,920
3313,5,48,9031,9032,9051,1,20
3315,1,48,9036,9037,9054,1,18
2987,3,48,8141,8143,9057,2,916
3319,5,48,9047,9048,9060,1,13
2644,2,48,7207,7208,9063,1,1856
2988,4,48,8144,8146,9066,2,922
2828,6,48,7709,7711,9069,2,1360
3321,1,48,9053,9055,9072,2,19
2993,3,48,8158,8160,9075,2,917
3325,5,48,9064,9065,9078,1,14
3327,1,48,9069,9070,9081,1,12
2994,4,48,8161,8162,9084,1,923
2834,6,48,7725,7726,9087,1,1362
2650,2,48,7223,7224,9090,1,1867
2999,3,48,8174,8176,9093,2,919
3331,5,48,9080,9081,9096,1,16
3333,1,48,9085,9086,9099,1,14
3000,4,48,8177,8179,9102,2,925
2840,6,48,7741,7742,9105,1,1364
2656,2,48,7239,7240,9108,1,1869
3005,3,48,8190,8191,9111,1,921
3337,5,48,9096,9097,9114,1,18
3339,1,48,9102,9103,9117,1,15
3006,4,48,8193,8194,9120,1,927
2846,6,48,7758,7759,9123,1,1365
2662,2,48,7256,7257,9126,1,1870
3011,3,48,8207,8209,9129,2,922
3343,5,48,9113,9115,9132,2,19
3345,1,48,9118,9119,9135,1,17
3012,4,48,8210,8211,9138,1,928
3349,5,48,9129,9130,9141,1,12
2668,2,48,7272,7273,9144,1,1872
3017,3,48,8223,8224,9147,1,924
2852,6,48,7774,7776,9150,2,1376
3351,1,48,9135,9136,9153,1,18
3018,4,48,8226,8227,9156,1,930
3355,5,48,9146,9148,9159,2,13
2674,2,48,7288,7290,9162,2,1874
3023,3,48,8240,8242,9165,2,925
2858,6,48,7790,7792,9168,2,1378
3357,1,48,9151,9152,9171,1,20
3024,4,48,8243,8244,9174,1,931
3361,5,48,9162,9163,9177,1,15
3363,1,48,9167,9168,9180,1,13
3029,3,48,8256,8257,9183,1,927
2864,6,48,7807,7809,9186,2,1379
2680,2,48,7305,7306,9189,1,1884
3030,4,48,8259,8260,9192,1,933
3367,5,48,9178,9179,9195,1,17
3369,1,48,9184,9186,9198,2,14
3035,3,48,8272,8273,9201,1,929
2870,6,48,7823,7825,9204,2,1381
2686,2,48,7321,7322,9207,1,1886
3036,4,48,8275,8277,9210,2,935
3373,5,48,9195,9196,9213,1,18
3375,1,48,9200,9202,9216,2,16
3041,3,48,8289,8291,9219,2,930
2876,6,48,7839,7840,9222,1,1383
2692,2,48,7338,7339,9225,1,1887
3042,4,48,8292,8293,9228,1,936
3379,5,48,9211,9212,9231,1,20
3381,1,48,9216,9217,9234,1,18
3047,3,48,8305,8307,9237,2,932
3385,5,48,9227,9228,9240,1,13
2698,2,48,7354,7355,9243,1,1889
3048,4,48,8308,8309,9246,1,938
2882,6,48,7856,7858,9249,2,1393
3387,1,48,9233,9235,9252,2,19
3053,3,48,8321,8323,9255,2,934
3391,5,48,9244,9245,9258,1,14
3393,1,48,9249,9250,9261,1,12
3054,4,48,8324,8326,9264,2,940
2888,6,48,7872,7873,9267,1,1395
2704,2,48,7370,7372,9270,2,1900
3059,3,48,8338,8340,9273,2,935
3397,5,48,9260,9261,9276,1,16
3399,1,48,9265,9266,9279,1,14
3060,4,48,8341,8342,9282,1,941
2894,6,48,7889,7891,9285,2,1396
2710,2,48,7387,7388,9288,1,1901
3065,3,48,8354,8356,9291,2,937
3403,5,48,9276,9277,9294,1,18
3405,1,48,9282,9283,9297,1,15
3066,4,48,8357,8359,9300,2,943
2900,6,48,7905,7906,9303,1,1398
2716,2,48,7403,7404,9306,1,1903
3071,3,48,8370,8371,9309,1,939
3409,5,48,9293,9295,9312,2,19
3411,1,48,9298,9299,9315,1,17
3072,4,48,8373,8374,9318,1,945
3415,5,48,9309,9310,9321,1,12
2722,2,48,7419,7420,9324,1,1905
3077,3,48,8387,8389,9327,2,940
2906,6,48,7921,7922,9330,1,1409
3417,1,48,9315,9316,9333,1,18
3078,4,48,8390,8391,9336,1,946
3421,5,48,9326,9328,9339,2,13
2728,2,48,7436,7437,9342,1,1906
3083,3,48,8403,8404,9345,1,942
2912,6,48,7938,7939,9348,1,1410
3423,1,48,9331,9332,9351,1,20
3084,4,48,8406,8407,9354,1,948
3427,5,48,9342,9343,9357,1,15
3429,1,48,9347,9348,9360,1,13
3089,3,48,8420,8422,9363,2,943
2918,6,48,7954,7956,9366,2,1412
2734,2,48,7452,7453,9369,1,1917
3090,4,48,8423,8424,9372,1,949
3433,5,48,9358,9359,9375,1,17
3435,1,48,9364,9366,9378,2,14
3095,3,48,8436,8437,9381,1,945
2924,6,48,7970,7972,9384,2,1414
2740,2,48,7468,7470,9387,2,1919
3096,4,48,8439,8440,9390,1,951
3439,5,48,9375,9376,9393,1,18
3441,1,48,9380,9382,9396,2,16
3101,3,48,8452,8453,9399,1,947
2930,6,48,7987,7989,9402,2,1415
2746,2,48,7485,7486,9405,1,1920
3102,4,48,8455,8457,9408,2,953
3445,5,48,9391,9392,9411,1,20
3447,1,48,9396,9397,9414,1,18
3107,3,48,8469,8471,9417,2,948
3451,5,48,9407,9408,9420,1,13
2752,2,48,7501,7502,9423,1,1922
3108,4,48,8472,8473,9426,1,954
2936,6,48,8003,8005,9429,2,1426
3453,1,48,9413,9415,9432,2,19
3113,3,48,8485,8487,9435,2,950
3457,5,48,9424,9425,9438,1,14
3459,1,48,9429,9430,9441,1,12
3114,4,48,8488,8489,9444,1,956
2942,6,48,8019,8020,9447,1,1428
2758,2,48,7518,7519,9450,1,1932
3119,3,48,8501,8503,9453,2,952
3463,5,48,9440,9441,9456,1,16
3465,1,48,9445,9446,9459,1,14
3120,4,48,8504,8506,9462,2,958
2948,6,48,8036,8038,9465,2,1429
2764,2,48,7534,7535,9468,1,1934
3125,3,48,8518,8520,9471,2,953
3469,5,48,9456,9457,9474,1,18
3471,1,48,9462,9463,9477,1,15
3126,4,48,8521,8522,9480,1,959
2954,6,48,8052,8053,9483,1,1431
2770,2,48,7550,7552,9486,2,1936
3131,3,48,8534,8536,9489,2,955
3475,5,48,9473,9475,9492,2,19
3477,1,48,9478,9479,9495,1,17
3132,4,48,8537,8539,9498,2,961
3481,5,48,9489,9490,9501,1,12
2776,2,48,7567,7568,9504,1,1937
3137,3,48,8550,8551,9507,1,957
2960,6,48,8069,8071,9510,2,1441
3483,1,48,9495,9496,9513,1,18
3138,4,48,8553,8554,9516,1,963
3487,5,48,9506,9508,9519,2,13
2782,2,48,7583,7584,9522,1,1939
3143,3,48,8567,8569,9525,2,958
2966,6,48,8085,8086,9528,1,1443
3489,1,48,9511,9512,9531,1,20
3144,4,48,8570,8571,9534,1,964
3493,5,48,9522,9523,9537,1,15
3495,1,48,9527,9528,9540,1,13
3149,3,48,8583,8584,9543,1,960
2972,6,48,8101,8102,9546,1,1445
2788,2,48,7599,7600,9549,1,1950
3150,4,48,8586,8587,9552,1,966
3499,5,48,9538,9539,9555,1,17
3501,1,48,9544,9546,9558,2,14
3155,3,48,8600,8602,9561,2,961
2978,6,48,8118,8119,9564,1,1446
2794,2,48,7616,7617,9567,1,1951
3156,4,48,8603,8604,9570,1,967
3505,5,48,9555,9556,9573,1,18
3507,1,48,9560,9562,9576,2,16
3161,3,48,8616,8617,9579,1,963
2984,6,48,8134,8136,9582,2,1448
2800,2,48,7632,7633,9585,1,1953
3162,4,48,8619,8620,9588,1,969
3511,5,48,9571,9572,9591,1,20
3513,1,48,9576,9577,9594,1,18
3167,3,48,8632,8633,9597,1,965
3517,5,48,9587,9588,9600,1,13
2806,2,48,7648,7650,9603,2,1955
3168,4,48,8635,8637,9606,2,971
2990,6,48,8150,8152,9609,2,1459
3519,1,48,9593,9595,9612,2,19
3173,3,48,8649,8651,9615,2,966
3523,5,48,9604,9605,9618,1,14
3525,1,48,9609,9610,9621,1,12
3174,4,48,8652,8653,9624,1,972
2996,6,48,8167,8169,9627,2,1460
2812,2,48,7665,7666,9630,1,1965
3179,3,48,8665,8667,9633,2,968
3529,5,48,9620,9621,9636,1,16
3531,1,48,9625,9626,9639,1,14
3180,4,48,8668,8669,9642,1,974
3002,6,48,8183,8185,9645,2,1462
2818,2,48,7681,7682,9648,1,1967
3185,3,48,8681,8683,9651,2,970
3535,5,48,9636,9637,9654,1,18
3537,1,48,9642,9643,9657,1,15
3186,4,48,8684,8686,9660,2,976
3008,6,48,8199,8200,9663,1,1464
2824,2,48,7698,7699,9666,1,1968
3191,3,48,8698,8700,9669,2,971
3541,5,48,9653,9655,9672,2,19
3543,1,48,9658,9659,9675,1,17
3192,4,48,8701,8702,9678,1,977
3547,5,48,9669,9670,9681,1,12
2830,2,48,7714,7715,9684,1,1970
3197,3,48,8714,8716,9687,2,973
3014,6,48,8216,8218,9690,2,1474
3549,1,48,9675,9676,9693,1,18
3198,4,48,8717,8719,9696,2,979
3553,5,48,9686,9688,9699,2,13
2836,2,48,7730,7732,9702,2,1972
3203,3,48,8730,8731,9705,1,975
3020,6,48,8232,8233,9708,1,1476
3555,1,48,9691,9692,9711,1,20
3204,4,48,8733,8734,9714,1,981
3559,5,48,9702,9703,9717,1,15
3561,1,48,9707,9708,9720,1,13
3209,3,48,8747,8749,9723,2,976
3026,6,48,8249,8251,9726,2,1477
2842,2,48,7747,7748,9729,1,1982
3210,4,48,8750,8751,9732,1,982
3565,5,48,9718,9719,9735,1,17
3567,1,48,9724,9726,9738,2,14
3215,3,48,8763,8764,9741,1,978
3032,6,48,8265,8266,9744,1,1479
2848,2,48,7763,7764,9747,1,1984
3216,4,48,8766,8767,9750,1,984
3571,5,48,9735,9736,9753,1,18
3573,1,48,9740,9742,9756,2,16
3221,3,48,8780,8782,9759,2,979
3038,6,48,8281,8282,9762,1,1481
2854,2,48,7779,7780,9765,1,1986
3222,4,48,8783,8784,9768,1,985
3577,5,48,9751,9752,9771,1,20
3579,1,48,9756,9757,9774,1,18
3227,3,48,8796,8797,9777,1,981
3583,5,48,9767,9768,9780,1,13
2860,2,48,7796,7797,9783,1,1987
3228,4,48,8799,8800,9786,1,987
3044,6,48,8298,8299,9789,1,1491
3585,1,48,9773,9775,9792,2,19
3233,3,48,8812,8813,9795,1,983
3589,5,48,9784,9785,9798,1,14
3591,1,48,9789,9790,9801,1,12
3234,4,48,8815,8817,9804,2,989
3050,6,48,8314,8316,9807,2,1493
2866,2,48,7812,7813,9810,1,1998
3239,3,48,8829,8831,9813,2,984
3595,5,48,9800,9801,9816,1,16
3597,1,48,9805,9806,9819,1,14
3240,4,48,8832,8833,9822,1,990
3056,6,48,8330,8332,9825,2,1495
2872,2,48,7828,7830,9828,2,2000
3245,3,48,8845,8847,9831,2,986
3601,5,48,9816,9817,9834,1,18
3603,1,48,9822,9823,9837,1,15
3246,4,48,8848,8849,9840,1,992
3062,6,48,8347,8349,9843,2,1496
2878,2,48,7845,7846,9846,1,2001
3251,3,48,8861,8863,9849,2,988
3607,5,48,9833,9835,9852,2,19
3609,1,48,9838,9839,9855,1,17
3252,4,48,8864,8866,9858,2,994
3613,5,48,9849,9850,9861,1,12
2884,2,48,7861,7862,9864,1,2003
3257,3,48,8878,8880,9867,2,989
3068,6,48,8363,8365,9870,2,1507
3615,1,48,9855,9856,9873,1,18
3258,4,48,8881,8882,9876,1,995
3619,5,48,9866,9868,9879,2,13
2890,2,48,7878,7879,9882,1,2004
3263,3,48,8894,8896,9885,2,991
3074,6,48,8379,8380,9888,1,1509
3621,1,48,9871,9872,9891,1,20
3264,4,48,8897,8899,9894,2,997
3625,5,48,9882,9883,9897,1,15
3627,1,48,9887,9888,9900,1,13
3269,3,48,8910,8911,9903,1,993
3080,6,48,8396,8398,9906,2,1510
2896,2,48,7894,7895,9909,1,2015
3270,4,48,8913,8914,9912,1,999
3631,5,48,9898,9899,9915,1,17
3633,1,48,9904,9906,9918,2,14
3275,3,48,8927,8929,9921,2,994
3086,6,48,8412,8413,9924,1,1512
2902,2,48,7910,7912,9927,2,2017
3276,4,48,8930,8931,9930,1,1000
3637,5,48,9915,9916,9933,1,18
3639,1,48,9920,9922,9936,2,16
3281,3,48,8943,8944,9939,1,996
3092,6,48,8429,8431,9942,2,1513
2908,2,48,7927,7928,9945,1,2018
3282,4,48,8946,8947,9948,1,1002
3643,5,48,9931,9932,9951,1,20
3645,1,48,9936,9937,9954,1,18
3287,3,48,8960,8962,9957,2,997
3649,5,48,9947,9948,9960,1,13
2914,2,48,7943,7944,9963,1,2020
3288,4,48,8963,8964,9966,1,1003
3098,6,48,8445,8446,9969,1,1524
3651,1,48,9953,9955,9972,2,19
3293,3,48,8976,8977,9975,1,999
3655,5,48,9964,9965,9978,1,14
3657,1,48,9969,9970,9981,1,12
3294,4,48,8979,8980,9984,1,1005
3104,6,48,8461,8462,9987,1,1526
2920,2,48,7959,7960,9990,1,2031
3299,3,48,8992,8993,9993,1,1001
3661,5,48,9980,9981,9996,1,16
3663,1,48,9985,9986,9999,1,14
3300,4,48,8995,8997,10002,2,1007
3110,6,48,8478,8479,10005,1,1527
2926,2,48,7976,7977,10008,1,2032
3305,3,48,9009,9011,10011,2,1002
3667,5,48,9996,9997,10014,1,18
2932,2,48,7992,7993,10017,1,2025
3306,4,48,9012,9013,10020,1,1008
3116,6,48,8494,8496,10023,2,1529
2938,2,48,8008,8010,10026,2,2018
3311,3,48,9025,9027,10029,2,1004
3122,6,48,8510,8512,10032,2,1522
2944,2,48,8025,8026,10035,1,2010
3312,4,48,9028,9029,10038,1,1010
3128,6,48,8527,8529,10041,2,1514
2950,2,48,8041,8042,10044,1,2003
3317,3,48,9041,9043,10047,2,1006
3134,6,48,8543,8545,10050,2,1507
2956,2,48,8058,8059,10053,1,1995
3318,4,48,9044,9046,10056,2,1012
3140,6,48,8559,8560,10059,1,1500
2962,2,48,8074,8075,10062,1,1988
3323,3,48,9058,9060,10065,2,1007
3146,6,48,8576,8578,10068,2,1492
2968,2,48,8090,8092,10071,2,1981
3324,4,48,9061,9062,10074,1,1013
3152,6,48,8592,8593,10077,1,1485
2974,2,48,8107,8108,10080,1,1973
3329,3,48,9074,9076,10083,2,1009
3158,6,48,8609,8611,10086,2,1477
2980,2,48,8123,8124,10089,1,1966
3330,4,48,9077,9079,10092,2,1015
3164,6,48,8625,8626,10095,1,1470
2986,2,48,8139,8140,10098,1,1959
3335,3,48,9090,9091,10101,1,1011
3170,6,48,8641,8642,10104,1,1463
2992,2,48,8156,8157,10107,1,1951
3336,4,48,9093,9094,10110,1,1017
3176,6,48,8658,8659,10113,1,1455
2998,2,48,8172,8173,10116,1,1944
3341,3,48,9107,9109,10119,2,1012
3182,6,48,8674,8676,10122,2,1448
3004,2,48,8188,8190,10125,2,1937
3342,4,48,9110,9111,10128,1,1018
3188,6,48,8690,8692,10131,2,1441
3010,2,48,8205,8206,10134,1,1929
3347,3,48,9123,9124,10137,1,1014
3194,6,48,8707,8709,10140,2,1433
3016,2,48,8221,8222,10143,1,1922
3348,4,48,9126,9127,10146,1,1020
3200,6,48,8723,8725,10149,2,1426
3022,2,48,8238,8239,10152,1,1914
3353,3,48,9140,9142,10155,2,1015
3206,6,48,8739,8740,10158,1,1419
3028,2,48,8254,8255,10161,1,1907
3354,4,48,9143,9144,10164,1,1021
3212,6,48,8756,8758,10167,2,1411
3034,2,48,8270,8272,10170,2,1900
3359,3,48,9156,9157,10173,1,1017
3218,6,48,8772,8773,10176,1,1404
3040,2,48,8287,8288,10179,1,1892
3360,4,48,9159,9160,10182,1,1023
3224,6,48,8789,8791,10185,2,1396
3046,2,48,8303,8304,10188,1,1885
3365,3,48,9172,9173,10191,1,1019
3230,6,48,8805,8806,10194,1,1389
3052,2,48,8319,8320,10197,1,1878
3366,4,48,9175,9177,10200,2,1025
3236,6,48,8821,8822,10203,1,1382
3058,2,48,8336,8337,10206,1,1870
3371,3,48,9189,9191,10209,2,1020
3242,6,48,8838,8839,10212,1,1374
3064,2,48,8352,8353,10215,1,1863
3372,4,48,9192,9193,10218,1,1026
3248,6,48,8854,8856,10221,2,1367
3070,2,48,8368,8370,10224,2,1856
3377,3,48,9205,9207,10227,2,1022
3254,6,48,8870,8872,10230,2,1360
3076,2,48,8385,8386,10233,1,1848
3378,4,48,9208,9209,10236,1,1028
3260,6,48,8887,8889,10239,2,1352
3082,2,48,8401,8402,10242,1,1841
3383,3,48,9221,9223,10245,2,1024
3266,6,48,8903,8905,10248,2,1345
3088,2,48,8418,8419,10251,1,1833
3384,4,48,9224,9226,10254,2,1030
3272,6,48,8919,8920,10257,1,1338
3094,2,48,8434,8435,10260,1,1826
3389,3,48,9238,9240,10263,2,1025
3278,6,48,8936,8938,10266,2,1330
3100,2,48,8450,8452,10269,2,1819
3390,4,48,9241,9242,10272,1,1031
3284,6,48,8952,8953,10275,1,1323
3106,2,48,8467,8468,10278,1,1811
3395,3,48,9254,9256,10281,2,1027
3290,6,48,8969,8971,10284,2,1315
3112,2,48,8483,8484,10287,1,1804
3396,4,48,9257,9259,10290,2,1033
3296,6,48,8985,8986,10293,1,1308
3118,2,48,8499,8500,10296,1,1797
3401,3,48,9270,9271,10299,1,1029
3302,6,48,9001,9002,10302,1,1301
3124,2,48,8516,8517,10305,1,1789
3402,4,48,9273,9274,10308,1,1035
3308,6,48,9018,9019,10311,1,1293
3130,2,48,8532,8533,10314,1,1782
3407,3,48,9287,9289,10317,2,1030
3314,6,48,9034,9036,10320,2,1286
3136,2,48,8548,8550,10323,2,1775
3408,4,48,9290,9291,10326,1,1036
3320,6,48,9050,9052,10329,2,1279
3142,2,48,8565,8566,10332,1,1767
3413,3,48,9303,9304,10335,1,1032
3326,6,48,9067,9069,10338,2,1271
3148,2,48,8581,8582,10341,1,1760
3414,4,48,9306,9307,10344,1,1038
3332,6,48,9083,9085,10347,2,1264
3154,2,48,8598,8599,10350,1,1752
3419,3,48,9320,9322,10353,2,1033
3338,6,48,9099,9100,10356,1,1257
3160,2,48,8614,8615,10359,1,1745
3420,4,48,9323,9324,10362,1,1039
3344,6,48,9116,9118,10365,2,1249
3166,2,48,8630,8632,10368,2,1738
3425,3,48,9336,9337,10371,1,1035
3350,6,48,9132,9133,10374,1,1242
3172,2,48,8647,8648,10377,1,1730
3426,4,48,9339,9340,10380,1,1041
3356,6,48,9149,9151,10383,2,1234
3178,2,48,8663,8664,10386,1,1723
3431,3,48,9352,9353,10389,1,1037
3362,6,48,9165,9166,10392,1,1227
3184,2,48,8679,8680,10395,1,1716
3432,4,48,9355,9357,10398,2,1043
3368,6,48,9181,9182,10401,1,1220
3190,2,48,8696,8697,10404,1,1708
3437,3,48,9369,9371,10407,2,1038
3374,6,48,9198,9199,10410,1,1212
3196,2,48,8712,8713,10413,1,1701
3438,4,48,9372,9373,10416,1,1044
3380,6,48,9214,9216,10419,2,1205
3202,2,48,8728,8730,10422,2,1694
3443,3,48,9385,9387,10425,2,1040
3386,6,48,9230,9232,10428,2,1198
3208,2,48,8745,8746,10431,1,1686
3444,4,48,9388,9389,10434,1,1046
3392,6,48,9247,9249,10437,2,1190
3214,2,48,8761,8762,10440,1,1679
3449,3,48,9401,9403,10443,2,1042
3398,6,48,9263,9265,10446,2,1183
3220,2,48,8778,8779,10449,1,1671
3450,4,48,9404,9406,10452,2,1048
3404,6,48,9279,9280,10455,1,1176
3226,2,48,8794,8795,10458,1,1664
3455,3,48,9418,9420,10461,2,1043
3410,6,48,9296,9298,10464,2,1168
3232,2,48,8810,8812,10467,2,1657
3456,4,48,9421,9422,10470,1,1049
3416,6,48,9312,9313,10473,1,1161
3238,2,48,8827,8828,10476,1,1649
3461,3,48,9434,9436,10479,2,1045
3422,6,48,9329,9331,10482,2,1153
3244,2,48,8843,8844,10485,1,1642
3462,4,48,9437,9439,10488,2,1051
3428,6,48,9345,9346,10491,1,1146
3250,2,48,8859,8860,10494,1,1635
3467,3,48,9450,9451,10497,1,1047
3434,6,48,9361,9362,10500,1,1139
3256,2,48,8876,8877,10503,1,1627
3468,4,48,9453,9454,10506,1,1053
3440,6,48,9378,9379,10509,1,1131
3262,2,48,8892,8893,10512,1,1620
3473,3,48,9467,9469,10515,2,1048
3446,6,48,9394,9396,10518,2,1124
3268,2,48,8908,8910,10521,2,1613
3474,4,48,9470,9471,10524,1,1054
3452,6,48,9410,9412,10527,2,1117
3274,2,48,8925,8926,10530,1,1605
3479,3,48,9483,9484,10533,1,1050
3458,6,48,9427,9429,10536,2,1109
3280,2,48,8941,8942,10539,1,1598
3480,4,48,9486,9487,10542,1,1056
3464,6,48,9443,9445,10545,2,1102
3286,2,48,8958,8959,10548,1,1590
3485,3,48,9500,9502,10551,2,1051
3470,6,48,9459,9460,10554,1,1095
3292,2,48,8974,8975,10557,1,1583
3486,4,48,9503,9504,10560,1,1057
3476,6,48,9476,9478,10563,2,1087
3298,2,48,8990,8992,10566,2,1576
3491,3,48,9516,9517,10569,1,1053
3482,6,48,9492,9493,10572,1,1080
3304,2,48,9007,9008,10575,1,1568
3492,4,48,9519,9520,10578,1,1059
3488,6,48,9509,9511,10581,2,1072
3310,2,48,9023,9024,10584,1,1561
3497,3,48,9532,9533,10587,1,1055
3494,6,48,9525,9526,10590,1,1065
3316,2,48,9039,9040,10593,1,1554
3498,4,48,9535,9537,10596,2,1061
3500,6,48,9541,9542,10599,1,1058
3322,2,48,9056,9057,10602,1,1546
3503,3,48,9549,9551,10605,2,1056
3506,6,48,9558,9559,10608,1,1050
3328,2,48,9072,9073,10611,1,1539
3504,4,48,9552,9553,10614,1,1062
3512,6,48,9574,9576,10617,2,1043
3334,2,48,9088,9090,10620,2,1532
3509,3,48,9565,9567,10623,2,1058
3518,6,48,9590,9592,10626,2,1036
3340,2,48,9105,9106,10629,1,1524
3510,4,48,9568,9569,10632,1,1064
3524,6,48,9607,9609,10635,2,1028
3346,2,48,9121,9122,10638,1,1517
3515,3,48,9581,9583,10641,2,1060
3530,6,48,9623,9625,10644,2,1021
3352,2,48,9138,9139,10647,1,1509
3516,4,48,9584,9586,10650,2,1066
3536,6,48,9639,9640,10653,1,1014
3358,2,48,9154,9155,10656,1,1502
3521,3,48,9598,9600,10659,2,1061
3542,6,48,9656,9658,10662,2,1006
3364,2,48,9170,9172,10665,2,1495
3522,4,48,9601,9602,10668,1,1067
3548,6,48,9672,9673,10671,1,999
3370,2,48,9187,9188,10674,1,1487
3527,3,48,9614,9616,10677,2,1063
3554,6,48,9689,9691,10680,2,991
3376,2,48,9203,9204,10683,1,1480
3528,4,48,9617,9619,10686,2,1069
3560,6,48,9705,9706,10689,1,984
3382,2,48,9219,9220,10692,1,1473
3533,3,48,9630,9631,10695,1,1065
3566,6,48,9721,9722,10698,1,977
3388,2,48,9236,9237,10701,1,1465
3534,4,48,9633,9634,10704,1,1071
3572,6,48,9738,9739,10707,1,969
3394,2,48,9252,9253,10710,1,1458
3539,3,48,9647,9649,10713,2,1066
3578,6,48,9754,9756,10716,2,962
3400,2,48,9268,9270,10719,2,1451
3540,4,48,9650,9651,10722,1,1072
3584,6,48,9770,9772,10725,2,955
3406,2,48,9285,9286,10728,1,1443
3545,3,48,9663,9664,10731,1,1068
3590,6,48,9787,9789,10734,2,947
3412,2,48,9301,9302,10737,1,1436
3546,4,48,9666,9667,10740,1,1074
3596,6,48,9803,9805,10743,2,940
3418,2,48,9318,9319,10746,1,1428
3551,3,48,9680,9682,10749,2,1069
3602,6,48,9819,9820,10752,1,933
3424,2,48,9334,9335,10755,1,1421
3552,4,48,9683,9684,10758,1,1075
3608,6,48,9836,9838,10761,2,925
3430,2,48,9350,9352,10764,2,1414
3557,3,48,9696,9697,10767,1,1071
3614,6,48,9852,9853,10770,1,918
3436,2,48,9367,9368,10773,1,1406
3558,4,48,9699,9700,10776,1,1077
3620,6,48,9869,9871,10779,2,910
3442,2,48,9383,9384,10782,1,1399
3563,3,48,9712,9713,10785,1,1073
3626,6,48,9885,9886,10788,1,903
3448,2,48,9399,9400,10791,1,1392
3564,4,48,9715,9717,10794,2,1079
3632,6,48,9901,9902,10797,1,896
3454,2,48,9416,9417,10800,1,1384
3569,3,48,9729,9731,10803,2,1074
3638,6,48,9918,9919,10806,1,888
3460,2,48,9432,9433,10809,1,1377
3570,4,48,9732,9733,10812,1,1080
3644,6,48,9934,9936,10815,2,881
3466,2,48,9448,9450,10818,2,1370
3575,3,48,9745,9747,10821,2,1076
3650,6,48,9950,9952,10824,2,874
3472,2,48,9465,9466,10827,1,1362
3576,4,48,9748,9749,10830,1,1082
3656,6,48,9967,9969,10833,2,866
3478,2,48,9481,9482,10836,1,1355
3581,3,48,9761,9763,10839,2,1078
3662,6,48,9983,9985,10842,2,859
3484,2,48,9498,9499,10845,1,1347
3582,4,48,9764,9766,10848,2,1084
3668,6,48,9999,10000,10851,1,852
3490,2,48,9514,9515,10854,1,1340
3587,3,48,9778,9780,10857,2,1079
3496,2,48,9530,9532,10860,2,1330
3588,4,48,9781,9782,10863,1,1082
3502,2,48,9547,9548,10866,1,1319
3593,3,48,9794,9796,10869,2,1075
3508,2,48,9563,9564,10872,1,1309
3594,4,48,9797,9799,10875,2,1078
3514,2,48,9579,9580,10878,1,1299
3599,3,48,9810,9811,10881,1,1071
3520,2,48,9596,9597,10884,1,1288
3600,4,48,9813,9814,10887,1,1074
3526,2,48,9612,9613,10890,1,1278
3605,3,48,9827,9829,10893,2,1066
3532,2,48,9628,9630,10896,2,1268
3606,4,48,9830,9831,10899,1,1069
3538,2,48,9645,9646,10902,1,1257
3611,3,48,9843,9844,10905,1,1062
3544,2,48,9661,9662,10908,1,1247
3612,4,48,9846,9847,10911,1,1065
3550,2,48,9678,9679,10914,1,1236
3617,3,48,9860,9862,10917,2,1057
3556,2,48,9694,9695,10920,1,1226
3618,4,48,9863,9864,10923,1,1060
3562,2,48,9710,9712,10926,2,1216
3623,3,48,9876,9877,10929,1,1053
3568,2,48,9727,9728,10932,1,1205
3624,4,48,9879,9880,10935,1,1056
3574,2,48,9743,9744,10938,1,1195
3629,3,48,9892,9893,10941,1,1049
3580,2,48,9759,9760,10944,1,1185
3630,4,48,9895,9897,10947,2,1052
3586,2,48,9776,9777,10950,1,1174
3635,3,48,9909,9911,10953,2,1044
3592,2,48,9792,9793,10956,1,1164
3636,4,48,9912,9913,10959,1,1047
3598,2,48,9808,9810,10962,2,1154
3641,3,48,9925,9927,10965,2,1040
3604,2,48,9825,9826,10968,1,1143
3642,4,48,9928,9929,10971,1,1043
3610,2,48,9841,9842,10974,1,1133
3647,3,48,9941,9943,10977,2,1036
3616,2,48,9858,9859,10980,1,1122
3648,4,48,9944,9946,10983,2,1039
3622,2,48,9874,9875,10986,1,1112
3653,3,48,9958,9960,10989,2,1031
3628,2,48,9890,9892,10992,2,1102
3654,4,48,9961,9962,10995,1,1034
3634,2,48,9907,9908,10998,1,1091
3659,3,48,9974,9976,11001,2,1027
3640,2,48,9923,9924,11004,1,1081
3660,4,48,9977,9979,11007,2,1030
3646,2,48,9939,9940,11010,1,1071
3665,3,48,9990,9991,11013,1,1023
3652,2,48,9956,9957,11016,1,1060
3666,4,48,9993,9994,11019,1,1026
3658,2,48,9972,9973,11022,1,1050
3664,2,48,9988,9990,11025,2,1037
